Operational date,Time of Accident,KM && M,Position,Rural/Urban,Location,Nature of Accident Position,Nature of Accident,Vehicle Involved,Type of Accident,Causes,Road Feature,Road condition,Intersection Type And Control,Weather Condition,Vehicle Responsible,Help Provided by Ambulance/Patroling Vehicle,Classification of Accident,No of Affected Persons
25.01.2012,9:20 AM,1345.5,LHS,Rural,Dagadarthi,Collision Brush/Side Wipe,Unknown vehicle Hit Auto,Unknown,Non injury,Over speed,Four lanes or more with central divider,Straight road,,Fine,AP26Y     4863,Yes,Minor,2
25.01.2012,9:20 AM,1345.5,LHS,Rural,Dagadarthi,Collision Brush/Side Wipe,Unknown vehicle Hit Auto,Unknown,Non injury,Over speed,Four lanes or more with central divider,Straight road,,Fine,AP26Y     4863,Yes,Non injured ,3
25.01.2012,9:20 AM,1345.5,LHS,Rural,Dagadarthi,Collision Brush/Side Wipe,Unknown vehicle Hit Auto,Unknown,Non injury,Over speed,Four lanes or more with central divider,Straight road,,Fine,AP26Y     4863,Yes,Animals affected,0
26.01.2012,12:23 AM,1229.6,LHS,Rural,Maddipadu,Overturning,Unknown Vehicle Hit to  Tractor,Unknown,Non injury,Over speed,Four lanes or more with central divider,Straight road,,Fine,Unknown Vehicle,Yes,Fatal,0
26.01.2012,12:23 AM,1229.6,LHS,Rural,Maddipadu,Overturning,Unknown Vehicle Hit to  Tractor,Unknown,Non injury,Over speed,Four lanes or more with central divider,Straight road,,Fine,Unknown Vehicle,Yes,Grevious,0
26.01.2012,12:23 AM,1229.6,LHS,Rural,Maddipadu,Overturning,Unknown Vehicle Hit to  Tractor,Unknown,Non injury,Over speed,Four lanes or more with central divider,Straight road,,Fine,Unknown Vehicle,Yes,Minor,0
26.01.2012,12:23 AM,1229.6,LHS,Rural,Maddipadu,Overturning,Unknown Vehicle Hit to  Tractor,Unknown,Non injury,Over speed,Four lanes or more with central divider,Straight road,,Fine,Unknown Vehicle,Yes,Non injured ,2
26.01.2012,12:23 AM,1229.6,LHS,Rural,Maddipadu,Overturning,Unknown Vehicle Hit to  Tractor,Unknown,Non injury,Over speed,Four lanes or more with central divider,Straight road,,Fine,Unknown Vehicle,Yes,Animals affected,0
26.01.2012,7:10 PM,1271.8,RHS,Rural,Jarugumalli,Rear End Collision,L.C.V Lorry Hit Tractor,Lorry,Non injury,Over speed,Four lanes or more with central divider,Straight road,,Fine,AP20X     1285,Yes,Fatal,0
26.01.2012,7:10 PM,1271.8,RHS,Rural,Jarugumalli,Rear End Collision,L.C.V Lorry Hit Tractor,Lorry,Non injury,Over speed,Four lanes or more with central divider,Straight road,,Fine,AP20X     1285,Yes,Grevious,0
26.01.2012,7:10 PM,1271.8,RHS,Rural,Jarugumalli,Rear End Collision,L.C.V Lorry Hit Tractor,Lorry,Non injury,Over speed,Four lanes or more with central divider,Straight road,,Fine,AP20X     1285,Yes,Minor,0
26.01.2012,7:10 PM,1271.8,RHS,Rural,Jarugumalli,Rear End Collision,L.C.V Lorry Hit Tractor,Lorry,Non injury,Over speed,Four lanes or more with central divider,Straight road,,Fine,AP20X     1285,Yes,Non injured ,2
26.01.2012,7:10 PM,1271.8,RHS,Rural,Jarugumalli,Rear End Collision,L.C.V Lorry Hit Tractor,Lorry,Non injury,Over speed,Four lanes or more with central divider,Straight road,,Fine,AP20X     1285,Yes,Animals affected,0
27.01.2012,3:30 PM,1286.9,RHS,Rural,Ulavapadu,Rear End Collision,lorry Hit to Lorry,lorry,Fatal,Druken,Four lanes or more with central divider,Straight road,,Fine,AP16TW   6247,Yes,Fatal,1
27.01.2012,3:30 PM,1286.9,RHS,Rural,Ulavapadu,Rear End Collision,lorry Hit to Lorry,lorry,Fatal,Druken,Four lanes or more with central divider,Straight road,,Fine,AP16TW   6247,Yes,Grevious,1
27.01.2012,3:30 PM,1286.9,RHS,Rural,Ulavapadu,Rear End Collision,lorry Hit to Lorry,lorry,Fatal,Druken,Four lanes or more with central divider,Straight road,,Fine,AP16TW   6247,Yes,Minor,0
27.01.2012,3:30 PM,1286.9,RHS,Rural,Ulavapadu,Rear End Collision,lorry Hit to Lorry,lorry,Fatal,Druken,Four lanes or more with central divider,Straight road,,Fine,AP16TW   6247,Yes,Non injured ,2
27.01.2012,3:30 PM,1286.9,RHS,Rural,Ulavapadu,Rear End Collision,lorry Hit to Lorry,lorry,Fatal,Druken,Four lanes or more with central divider,Straight road,,Fine,AP16TW   6247,Yes,Animals affected,0
27.01.2012,4:40 PM,1342.3,LHS,Rural,Dagadarthi,Rear End Collision,Unknown Vehicle Hit to Bike ,Unknown,Grievious injury,Over speed,Four lanes or more with central divider,Straight road,T-Junction,Fine,Unknown Vehicle,Yes,Fatal,0
27.01.2012,4:40 PM,1342.3,LHS,Rural,Dagadarthi,Rear End Collision,Unknown Vehicle Hit to Bike ,Unknown,Grievious injury,Over speed,Four lanes or more with central divider,Straight road,T-Junction,Fine,Unknown Vehicle,Yes,Grevious,1
27.01.2012,4:40 PM,1342.3,LHS,Rural,Dagadarthi,Rear End Collision,Unknown Vehicle Hit to Bike ,Unknown,Grievious injury,Over speed,Four lanes or more with central divider,Straight road,T-Junction,Fine,Unknown Vehicle,Yes,Minor,0
27.01.2012,4:40 PM,1342.3,LHS,Rural,Dagadarthi,Rear End Collision,Unknown Vehicle Hit to Bike ,Unknown,Grievious injury,Over speed,Four lanes or more with central divider,Straight road,T-Junction,Fine,Unknown Vehicle,Yes,Non injured ,0
27.01.2012,4:40 PM,1342.3,LHS,Rural,Dagadarthi,Rear End Collision,Unknown Vehicle Hit to Bike ,Unknown,Grievious injury,Over speed,Four lanes or more with central divider,Straight road,T-Junction,Fine,Unknown Vehicle,Yes,Animals affected,0
28.01.2012,7:00 AM,1268.7,LHS,Rural,Jarugumalli,Rear End Collision,Lorry Hit Auto,Lorry,Grievious injury,Over speed,Four lanes or more with central divider,Straight road,,Mist/Fog,AP20X     2245,Yes,Fatal,0
28.01.2012,7:00 AM,1268.7,LHS,Rural,Jarugumalli,Rear End Collision,Lorry Hit Auto,Lorry,Grievious injury,Over speed,Four lanes or more with central divider,Straight road,,Mist/Fog,AP20X     2245,Yes,Grevious,5
28.01.2012,7:00 AM,1268.7,LHS,Rural,Jarugumalli,Rear End Collision,Lorry Hit Auto,Lorry,Grievious injury,Over speed,Four lanes or more with central divider,Straight road,,Mist/Fog,AP20X     2245,Yes,Minor,2
28.01.2012,7:00 AM,1268.7,LHS,Rural,Jarugumalli,Rear End Collision,Lorry Hit Auto,Lorry,Grievious injury,Over speed,Four lanes or more with central divider,Straight road,,Mist/Fog,AP20X     2245,Yes,Non injured ,2
28.01.2012,7:00 AM,1268.7,LHS,Rural,Jarugumalli,Rear End Collision,Lorry Hit Auto,Lorry,Grievious injury,Over speed,Four lanes or more with central divider,Straight road,,Mist/Fog,AP20X     2245,Yes,Animals affected,0
28.01.2012,10:20 PM,1308.1,LHS,Rural,Kavali,Rear End Collision,Lorry Hit to Mini Lorry,Lorry,Non injury,Over speed,Four lanes or more with central divider,Straight road,,Fine,AP16TU    4491,Yes,Fatal,0
28.01.2012,10:20 PM,1308.1,LHS,Rural,Kavali,Rear End Collision,Lorry Hit to Mini Lorry,Lorry,Non injury,Over speed,Four lanes or more with central divider,Straight road,,Fine,AP16TU    4491,Yes,Grevious,0
28.01.2012,10:20 PM,1308.1,LHS,Rural,Kavali,Rear End Collision,Lorry Hit to Mini Lorry,Lorry,Non injury,Over speed,Four lanes or more with central divider,Straight road,,Fine,AP16TU    4491,Yes,Minor,0
28.01.2012,10:20 PM,1308.1,LHS,Rural,Kavali,Rear End Collision,Lorry Hit to Mini Lorry,Lorry,Non injury,Over speed,Four lanes or more with central divider,Straight road,,Fine,AP16TU    4491,Yes,Non injured ,4
28.01.2012,10:20 PM,1308.1,LHS,Rural,Kavali,Rear End Collision,Lorry Hit to Mini Lorry,Lorry,Non injury,Over speed,Four lanes or more with central divider,Straight road,,Fine,AP16TU    4491,Yes,Animals affected,0
29.01.2012,4:00 AM,1290.1,RHS,Rural,Ulavapadu,Overturning,Lorry Hit to Median,Lorry,Grievious injury,Fault of driver of motor vehicle/driver of other vehicle/cyclist/pedestrian/passenger,Four lanes or more with central divider,Straight road,,Mist/Fog,AP5TX       5445,Yes,Fatal,0
29.01.2012,4:00 AM,1290.1,RHS,Rural,Ulavapadu,Overturning,Lorry Hit to Median,Lorry,Grievious injury,Fault of driver of motor vehicle/driver of other vehicle/cyclist/pedestrian/passenger,Four lanes or more with central divider,Straight road,,Mist/Fog,AP5TX       5445,Yes,Grevious,1
29.01.2012,4:00 AM,1290.1,RHS,Rural,Ulavapadu,Overturning,Lorry Hit to Median,Lorry,Grievious injury,Fault of driver of motor vehicle/driver of other vehicle/cyclist/pedestrian/passenger,Four lanes or more with central divider,Straight road,,Mist/Fog,AP5TX       5445,Yes,Minor,0
29.01.2012,4:00 AM,1290.1,RHS,Rural,Ulavapadu,Overturning,Lorry Hit to Median,Lorry,Grievious injury,Fault of driver of motor vehicle/driver of other vehicle/cyclist/pedestrian/passenger,Four lanes or more with central divider,Straight road,,Mist/Fog,AP5TX       5445,Yes,Non injured ,2
29.01.2012,4:00 AM,1290.1,RHS,Rural,Ulavapadu,Overturning,Lorry Hit to Median,Lorry,Grievious injury,Fault of driver of motor vehicle/driver of other vehicle/cyclist/pedestrian/passenger,Four lanes or more with central divider,Straight road,,Mist/Fog,AP5TX       5445,Yes,Animals affected,0
29.01.2012,12:15 PM,1224,LHS,Rural,Maddipadu,Collision Brush/Side Wipe,Lorry Hit Bike,Lorry,Fatal,Over speed,Four lanes or more with central divider,Straight road,Four arm junction,Fine,AP27X      1379,Yes,Fatal,1
29.01.2012,12:15 PM,1224,LHS,Rural,Maddipadu,Collision Brush/Side Wipe,Lorry Hit Bike,Lorry,Fatal,Over speed,Four lanes or more with central divider,Straight road,Four arm junction,Fine,AP27X      1379,Yes,Grevious,0
29.01.2012,12:15 PM,1224,LHS,Rural,Maddipadu,Collision Brush/Side Wipe,Lorry Hit Bike,Lorry,Fatal,Over speed,Four lanes or more with central divider,Straight road,Four arm junction,Fine,AP27X      1379,Yes,Minor,1
29.01.2012,12:15 PM,1224,LHS,Rural,Maddipadu,Collision Brush/Side Wipe,Lorry Hit Bike,Lorry,Fatal,Over speed,Four lanes or more with central divider,Straight road,Four arm junction,Fine,AP27X      1379,Yes,Non injured ,0
29.01.2012,12:15 PM,1224,LHS,Rural,Maddipadu,Collision Brush/Side Wipe,Lorry Hit Bike,Lorry,Fatal,Over speed,Four lanes or more with central divider,Straight road,Four arm junction,Fine,AP27X      1379,Yes,Animals affected,0
29.01.2012,5:00 PM,1257.3,RHS,Rural,Tangutur,Rear End Collision,Lorry Hit  Car,Lorry,Non injury,Over speed,Four lanes or more with central divider,Straight road,,Fine,OR48       5767,Yes,Fatal,0
29.01.2012,5:00 PM,1257.3,RHS,Rural,Tangutur,Rear End Collision,Lorry Hit  Car,Lorry,Non injury,Over speed,Four lanes or more with central divider,Straight road,,Fine,OR48       5767,Yes,Grevious,0
29.01.2012,5:00 PM,1257.3,RHS,Rural,Tangutur,Rear End Collision,Lorry Hit  Car,Lorry,Non injury,Over speed,Four lanes or more with central divider,Straight road,,Fine,OR48       5767,Yes,Minor,0
29.01.2012,5:00 PM,1257.3,RHS,Rural,Tangutur,Rear End Collision,Lorry Hit  Car,Lorry,Non injury,Over speed,Four lanes or more with central divider,Straight road,,Fine,OR48       5767,Yes,Non injured ,4
29.01.2012,5:00 PM,1257.3,RHS,Rural,Tangutur,Rear End Collision,Lorry Hit  Car,Lorry,Non injury,Over speed,Four lanes or more with central divider,Straight road,,Fine,OR48       5767,Yes,Animals affected,0
30.01.2012,8:40 PM,1202.1,LHS,Rural,Reningavaram,Rear End Collision,Unknown Vehicle Hit to Person,Unknown,Fatal,Over speed,Four lanes or more with central divider,Straight road,,Fine,Unknown Vehicle,Yes,Fatal,1
30.01.2012,8:40 PM,1202.1,LHS,Rural,Reningavaram,Rear End Collision,Unknown Vehicle Hit to Person,Unknown,Fatal,Over speed,Four lanes or more with central divider,Straight road,,Fine,Unknown Vehicle,Yes,Grevious,0
30.01.2012,8:40 PM,1202.1,LHS,Rural,Reningavaram,Rear End Collision,Unknown Vehicle Hit to Person,Unknown,Fatal,Over speed,Four lanes or more with central divider,Straight road,,Fine,Unknown Vehicle,Yes,Minor,0
30.01.2012,8:40 PM,1202.1,LHS,Rural,Reningavaram,Rear End Collision,Unknown Vehicle Hit to Person,Unknown,Fatal,Over speed,Four lanes or more with central divider,Straight road,,Fine,Unknown Vehicle,Yes,Non injured ,0
30.01.2012,8:40 PM,1202.1,LHS,Rural,Reningavaram,Rear End Collision,Unknown Vehicle Hit to Person,Unknown,Fatal,Over speed,Four lanes or more with central divider,Straight road,,Fine,Unknown Vehicle,Yes,Animals affected,0
01.02.2012,7:50 AM,1257.1,LHS,Rural,Tangutur,Overturning,Trailler Over Turned ,Trailler,Non injury,Over speed,Four lanes or more with central divider,Straight road,,Fine,HR55J     9382,YES,Fatal,0
01.02.2012,7:50 AM,1257.1,LHS,Rural,Tangutur,Overturning,Trailler Over Turned ,Trailler,Non injury,Over speed,Four lanes or more with central divider,Straight road,,Fine,HR55J     9382,YES,Grevious,0
01.02.2012,7:50 AM,1257.1,LHS,Rural,Tangutur,Overturning,Trailler Over Turned ,Trailler,Non injury,Over speed,Four lanes or more with central divider,Straight road,,Fine,HR55J     9382,YES,Minor,0
01.02.2012,7:50 AM,1257.1,LHS,Rural,Tangutur,Overturning,Trailler Over Turned ,Trailler,Non injury,Over speed,Four lanes or more with central divider,Straight road,,Fine,HR55J     9382,YES,Non injured ,2
01.02.2012,7:50 AM,1257.1,LHS,Rural,Tangutur,Overturning,Trailler Over Turned ,Trailler,Non injury,Over speed,Four lanes or more with central divider,Straight road,,Fine,HR55J     9382,YES,Animals affected,0
02.02.2012,11:15 PM,1328,RHS,Rural,Kavali,Rear End Collision, Auto Hit  Lorry,Auto,Grievious injury,Over speed,Four lanes or more with central divider,Straight road,,Fine,AP27 TT   1072,Yes,Fatal,0
02.02.2012,11:15 PM,1328,RHS,Rural,Kavali,Rear End Collision, Auto Hit  Lorry,Auto,Grievious injury,Over speed,Four lanes or more with central divider,Straight road,,Fine,AP27 TT   1072,Yes,Grevious,1
02.02.2012,11:15 PM,1328,RHS,Rural,Kavali,Rear End Collision, Auto Hit  Lorry,Auto,Grievious injury,Over speed,Four lanes or more with central divider,Straight road,,Fine,AP27 TT   1072,Yes,Minor,1
02.02.2012,11:15 PM,1328,RHS,Rural,Kavali,Rear End Collision, Auto Hit  Lorry,Auto,Grievious injury,Over speed,Four lanes or more with central divider,Straight road,,Fine,AP27 TT   1072,Yes,Non injured ,3
02.02.2012,11:15 PM,1328,RHS,Rural,Kavali,Rear End Collision, Auto Hit  Lorry,Auto,Grievious injury,Over speed,Four lanes or more with central divider,Straight road,,Fine,AP27 TT   1072,Yes,Animals affected,0
03.02.2012,10:55 AM,1346.4,LHS,Rural,Dagadarthi,Rear End Collision,Unknown vehicle Hit  Tractor,Unknown,Grievious injury,Over speed,Four lanes or more with central divider,Straight road,,Fine,Unknown       Vehicle,YES,Fatal,0
03.02.2012,10:55 AM,1346.4,LHS,Rural,Dagadarthi,Rear End Collision,Unknown vehicle Hit  Tractor,Unknown,Grievious injury,Over speed,Four lanes or more with central divider,Straight road,,Fine,Unknown       Vehicle,YES,Grevious,1
03.02.2012,10:55 AM,1346.4,LHS,Rural,Dagadarthi,Rear End Collision,Unknown vehicle Hit  Tractor,Unknown,Grievious injury,Over speed,Four lanes or more with central divider,Straight road,,Fine,Unknown       Vehicle,YES,Minor,1
03.02.2012,10:55 AM,1346.4,LHS,Rural,Dagadarthi,Rear End Collision,Unknown vehicle Hit  Tractor,Unknown,Grievious injury,Over speed,Four lanes or more with central divider,Straight road,,Fine,Unknown       Vehicle,YES,Non injured ,3
03.02.2012,10:55 AM,1346.4,LHS,Rural,Dagadarthi,Rear End Collision,Unknown vehicle Hit  Tractor,Unknown,Grievious injury,Over speed,Four lanes or more with central divider,Straight road,,Fine,Unknown       Vehicle,YES,Animals affected,0
03.02.2012,11:39 AM,1316.8,LHS,Rural,Kavali,Rear End Collision,L.C.V Vehicle Hit  Unknown Vehicle,Van,Grievious injury,Over speed,Four lanes or more with central divider,Straight road,,Fine,AP03PA     3947,YES,Fatal,0
03.02.2012,11:39 AM,1316.8,LHS,Rural,Kavali,Rear End Collision,L.C.V Vehicle Hit  Unknown Vehicle,Van,Grievious injury,Over speed,Four lanes or more with central divider,Straight road,,Fine,AP03PA     3947,YES,Grevious,1
03.02.2012,11:39 AM,1316.8,LHS,Rural,Kavali,Rear End Collision,L.C.V Vehicle Hit  Unknown Vehicle,Van,Grievious injury,Over speed,Four lanes or more with central divider,Straight road,,Fine,AP03PA     3947,YES,Minor,0
03.02.2012,11:39 AM,1316.8,LHS,Rural,Kavali,Rear End Collision,L.C.V Vehicle Hit  Unknown Vehicle,Van,Grievious injury,Over speed,Four lanes or more with central divider,Straight road,,Fine,AP03PA     3947,YES,Non injured ,3
03.02.2012,11:39 AM,1316.8,LHS,Rural,Kavali,Rear End Collision,L.C.V Vehicle Hit  Unknown Vehicle,Van,Grievious injury,Over speed,Four lanes or more with central divider,Straight road,,Fine,AP03PA     3947,YES,Animals affected,0
03.02.2012,1:40 PM,1272.1,LHS,Rural,Jarugumalli,Others(p1.Specific),Car Hit  Animals,Car,Non injury,Over speed,Four lanes or more with central divider,Straight road,,Fine,AP27AF     5999,YES,Fatal,0
03.02.2012,1:40 PM,1272.1,LHS,Rural,Jarugumalli,Others(p1.Specific),Car Hit  Animals,Car,Non injury,Over speed,Four lanes or more with central divider,Straight road,,Fine,AP27AF     5999,YES,Grevious,0
03.02.2012,1:40 PM,1272.1,LHS,Rural,Jarugumalli,Others(p1.Specific),Car Hit  Animals,Car,Non injury,Over speed,Four lanes or more with central divider,Straight road,,Fine,AP27AF     5999,YES,Minor,0
03.02.2012,1:40 PM,1272.1,LHS,Rural,Jarugumalli,Others(p1.Specific),Car Hit  Animals,Car,Non injury,Over speed,Four lanes or more with central divider,Straight road,,Fine,AP27AF     5999,YES,Non injured ,2
03.02.2012,1:40 PM,1272.1,LHS,Rural,Jarugumalli,Others(p1.Specific),Car Hit  Animals,Car,Non injury,Over speed,Four lanes or more with central divider,Straight road,,Fine,AP27AF     5999,YES,Animals affected,8
04.02.2012,4:09 AM,1365.8,RHS,Rural,Kovuru,Head on collision,Lorry Hit Bridge Wall,Lorry,Non injury,Over speed,Four lanes or more with central divider,Straight road,,Fine,AP05U    5553,YES,Fatal,0
04.02.2012,4:09 AM,1365.8,RHS,Rural,Kovuru,Head on collision,Lorry Hit Bridge Wall,Lorry,Non injury,Over speed,Four lanes or more with central divider,Straight road,,Fine,AP05U    5553,YES,Grevious,0
04.02.2012,4:09 AM,1365.8,RHS,Rural,Kovuru,Head on collision,Lorry Hit Bridge Wall,Lorry,Non injury,Over speed,Four lanes or more with central divider,Straight road,,Fine,AP05U    5553,YES,Minor,0
04.02.2012,4:09 AM,1365.8,RHS,Rural,Kovuru,Head on collision,Lorry Hit Bridge Wall,Lorry,Non injury,Over speed,Four lanes or more with central divider,Straight road,,Fine,AP05U    5553,YES,Non injured ,2
04.02.2012,4:09 AM,1365.8,RHS,Rural,Kovuru,Head on collision,Lorry Hit Bridge Wall,Lorry,Non injury,Over speed,Four lanes or more with central divider,Straight road,,Fine,AP05U    5553,YES,Animals affected,0
04.02.2012,12:45 PM,1366.2,LHS,Rural,Kovuru,Rear End Collision,Tractor Hit Car ,Tractor,Non injury,Over speed,Four lanes or more with central divider,Straight road,,Fine,AP26AC     5751,YES,Fatal,0
04.02.2012,12:45 PM,1366.2,LHS,Rural,Kovuru,Rear End Collision,Tractor Hit Car ,Tractor,Non injury,Over speed,Four lanes or more with central divider,Straight road,,Fine,AP26AC     5751,YES,Grevious,0
04.02.2012,12:45 PM,1366.2,LHS,Rural,Kovuru,Rear End Collision,Tractor Hit Car ,Tractor,Non injury,Over speed,Four lanes or more with central divider,Straight road,,Fine,AP26AC     5751,YES,Minor,0
04.02.2012,12:45 PM,1366.2,LHS,Rural,Kovuru,Rear End Collision,Tractor Hit Car ,Tractor,Non injury,Over speed,Four lanes or more with central divider,Straight road,,Fine,AP26AC     5751,YES,Non injured ,4
04.02.2012,12:45 PM,1366.2,LHS,Rural,Kovuru,Rear End Collision,Tractor Hit Car ,Tractor,Non injury,Over speed,Four lanes or more with central divider,Straight road,,Fine,AP26AC     5751,YES,Animals affected,0
04.02.2012,1:50 PM,1365.8,LHS,Rural,Kovuru,Head on collision,Bus Hit Bike,Bus,Grievious injury,Over speed,Four lanes or more with central divider,Straight road,,Fine,AP21Z           0070,YES,Fatal,0
04.02.2012,1:50 PM,1365.8,LHS,Rural,Kovuru,Head on collision,Bus Hit Bike,Bus,Grievious injury,Over speed,Four lanes or more with central divider,Straight road,,Fine,AP21Z           0070,YES,Grevious,1
04.02.2012,1:50 PM,1365.8,LHS,Rural,Kovuru,Head on collision,Bus Hit Bike,Bus,Grievious injury,Over speed,Four lanes or more with central divider,Straight road,,Fine,AP21Z           0070,YES,Minor,0
04.02.2012,1:50 PM,1365.8,LHS,Rural,Kovuru,Head on collision,Bus Hit Bike,Bus,Grievious injury,Over speed,Four lanes or more with central divider,Straight road,,Fine,AP21Z           0070,YES,Non injured ,25
04.02.2012,1:50 PM,1365.8,LHS,Rural,Kovuru,Head on collision,Bus Hit Bike,Bus,Grievious injury,Over speed,Four lanes or more with central divider,Straight road,,Fine,AP21Z           0070,YES,Animals affected,0
04.02.2012,3:40 PM,1289.1,LHS,Rural,Ulavapadu,Rear End Collision,Lorry Hit Metal Beam Crash Barrier,Lorry,Non injury,Over speed,Four lanes or more with central divider,Slight curve,,Fine,AP31X   3658,YES,Fatal,0
04.02.2012,3:40 PM,1289.1,LHS,Rural,Ulavapadu,Rear End Collision,Lorry Hit Metal Beam Crash Barrier,Lorry,Non injury,Over speed,Four lanes or more with central divider,Slight curve,,Fine,AP31X   3658,YES,Grevious,0
04.02.2012,3:40 PM,1289.1,LHS,Rural,Ulavapadu,Rear End Collision,Lorry Hit Metal Beam Crash Barrier,Lorry,Non injury,Over speed,Four lanes or more with central divider,Slight curve,,Fine,AP31X   3658,YES,Minor,0
04.02.2012,3:40 PM,1289.1,LHS,Rural,Ulavapadu,Rear End Collision,Lorry Hit Metal Beam Crash Barrier,Lorry,Non injury,Over speed,Four lanes or more with central divider,Slight curve,,Fine,AP31X   3658,YES,Non injured ,2
04.02.2012,3:40 PM,1289.1,LHS,Rural,Ulavapadu,Rear End Collision,Lorry Hit Metal Beam Crash Barrier,Lorry,Non injury,Over speed,Four lanes or more with central divider,Slight curve,,Fine,AP31X   3658,YES,Animals affected,0
04.02.2012,9:45 PM,1344.6,RHS,Rural,Dagadarthi,Rear End Collision,Bus Hit Lorry,Bus,Minor injury,Over speed,Four lanes or more with central divider,Straight road,,Fine,AP29Z  0517,YES,Fatal,0
04.02.2012,9:45 PM,1344.6,RHS,Rural,Dagadarthi,Rear End Collision,Bus Hit Lorry,Bus,Minor injury,Over speed,Four lanes or more with central divider,Straight road,,Fine,AP29Z  0517,YES,Grevious,0
04.02.2012,9:45 PM,1344.6,RHS,Rural,Dagadarthi,Rear End Collision,Bus Hit Lorry,Bus,Minor injury,Over speed,Four lanes or more with central divider,Straight road,,Fine,AP29Z  0517,YES,Minor,3
04.02.2012,9:45 PM,1344.6,RHS,Rural,Dagadarthi,Rear End Collision,Bus Hit Lorry,Bus,Minor injury,Over speed,Four lanes or more with central divider,Straight road,,Fine,AP29Z  0517,YES,Non injured ,3
04.02.2012,9:45 PM,1344.6,RHS,Rural,Dagadarthi,Rear End Collision,Bus Hit Lorry,Bus,Minor injury,Over speed,Four lanes or more with central divider,Straight road,,Fine,AP29Z  0517,YES,Animals affected,0
05.02.2012,2:20 AM,1300.8,LHS,Rural,Gudluru,Overturning,Lorry up side on the Road,Lorry,Minor injury,Over speed,Four lanes or more with central divider,Straight road,,Fine,RJ27GB  1761,YES,Fatal,0
05.02.2012,2:20 AM,1300.8,LHS,Rural,Gudluru,Overturning,Lorry up side on the Road,Lorry,Minor injury,Over speed,Four lanes or more with central divider,Straight road,,Fine,RJ27GB  1761,YES,Grevious,0
05.02.2012,2:20 AM,1300.8,LHS,Rural,Gudluru,Overturning,Lorry up side on the Road,Lorry,Minor injury,Over speed,Four lanes or more with central divider,Straight road,,Fine,RJ27GB  1761,YES,Minor,2
05.02.2012,2:20 AM,1300.8,LHS,Rural,Gudluru,Overturning,Lorry up side on the Road,Lorry,Minor injury,Over speed,Four lanes or more with central divider,Straight road,,Fine,RJ27GB  1761,YES,Non injured ,2
05.02.2012,2:20 AM,1300.8,LHS,Rural,Gudluru,Overturning,Lorry up side on the Road,Lorry,Minor injury,Over speed,Four lanes or more with central divider,Straight road,,Fine,RJ27GB  1761,YES,Animals affected,0
05.02.2012,10:20 PM,1259.4,RHS,Rural,Tangutur,Skidding,Bike Skidding on the Road,Bike,Minor injury,Druken,Four lanes or more with central divider,Straight road,,Fine,AP27AJ      4725,YES,Fatal,0
05.02.2012,10:20 PM,1259.4,RHS,Rural,Tangutur,Skidding,Bike Skidding on the Road,Bike,Minor injury,Druken,Four lanes or more with central divider,Straight road,,Fine,AP27AJ      4725,YES,Grevious,0
05.02.2012,10:20 PM,1259.4,RHS,Rural,Tangutur,Skidding,Bike Skidding on the Road,Bike,Minor injury,Druken,Four lanes or more with central divider,Straight road,,Fine,AP27AJ      4725,YES,Minor,1
05.02.2012,10:20 PM,1259.4,RHS,Rural,Tangutur,Skidding,Bike Skidding on the Road,Bike,Minor injury,Druken,Four lanes or more with central divider,Straight road,,Fine,AP27AJ      4725,YES,Non injured ,0
05.02.2012,10:20 PM,1259.4,RHS,Rural,Tangutur,Skidding,Bike Skidding on the Road,Bike,Minor injury,Druken,Four lanes or more with central divider,Straight road,,Fine,AP27AJ      4725,YES,Animals affected,0
06.02.2012,3:00 AM,1221.4,RHS,Rural,Medarametla,Overturning,Mini Lorry Over Turned,Lorry,Non injury,Over speed,Four lanes or more with central divider,Slight curve,,Fine,AP21TX            0687,YES,Fatal,0
06.02.2012,3:00 AM,1221.4,RHS,Rural,Medarametla,Overturning,Mini Lorry Over Turned,Lorry,Non injury,Over speed,Four lanes or more with central divider,Slight curve,,Fine,AP21TX            0687,YES,Grevious,0
06.02.2012,3:00 AM,1221.4,RHS,Rural,Medarametla,Overturning,Mini Lorry Over Turned,Lorry,Non injury,Over speed,Four lanes or more with central divider,Slight curve,,Fine,AP21TX            0687,YES,Minor,0
06.02.2012,3:00 AM,1221.4,RHS,Rural,Medarametla,Overturning,Mini Lorry Over Turned,Lorry,Non injury,Over speed,Four lanes or more with central divider,Slight curve,,Fine,AP21TX            0687,YES,Non injured ,2
06.02.2012,3:00 AM,1221.4,RHS,Rural,Medarametla,Overturning,Mini Lorry Over Turned,Lorry,Non injury,Over speed,Four lanes or more with central divider,Slight curve,,Fine,AP21TX            0687,YES,Animals affected,0
07.02.2012,3:15 AM,1264,LHS,Rural,Tangutur,Others(p1.Specific),Lorry   Upside,Lorry,Fatal,Over speed,Four lanes or more with central divider,Straight road,,Mist/Fog,AP7X     9639,YES,Fatal,1
07.02.2012,3:15 AM,1264,LHS,Rural,Tangutur,Others(p1.Specific),Lorry   Upside,Lorry,Fatal,Over speed,Four lanes or more with central divider,Straight road,,Mist/Fog,AP7X     9639,YES,Grevious,0
07.02.2012,3:15 AM,1264,LHS,Rural,Tangutur,Others(p1.Specific),Lorry   Upside,Lorry,Fatal,Over speed,Four lanes or more with central divider,Straight road,,Mist/Fog,AP7X     9639,YES,Minor,0
07.02.2012,3:15 AM,1264,LHS,Rural,Tangutur,Others(p1.Specific),Lorry   Upside,Lorry,Fatal,Over speed,Four lanes or more with central divider,Straight road,,Mist/Fog,AP7X     9639,YES,Non injured ,2
07.02.2012,3:15 AM,1264,LHS,Rural,Tangutur,Others(p1.Specific),Lorry   Upside,Lorry,Fatal,Over speed,Four lanes or more with central divider,Straight road,,Mist/Fog,AP7X     9639,YES,Animals affected,0
07.02.2012,10:10 AM,1340.5,LHS,Rural,Dagadarthi,Rear End Collision,Lorry Hit  Unknown Vehicle,Lorry,Non injury,Over speed,Four lanes or more with central divider,Straight road,,Fine,AP07TA   1494,YES,Fatal,0