Operational date,Time of Accident,KM && M,Position,Rural/Urban,Location,Nature of Accident Position,Nature of Accident,Vehicle Involved,Type of Accident,Causes,Road Feature,Road condition,Intersection Type And Control,Weather Condition,Vehicle Responsible,Help Provided by Ambulance/Patroling Vehicle,Classification of Accident,No of Affected Persons
07.02.2012,10:10 AM,1340.5,LHS,Rural,Dagadarthi,Rear End Collision,Lorry Hit  Unknown Vehicle,Lorry,Non injury,Over speed,Four lanes or more with central divider,Straight road,,Fine,AP07TA   1494,YES,Grevious,0
07.02.2012,10:10 AM,1340.5,LHS,Rural,Dagadarthi,Rear End Collision,Lorry Hit  Unknown Vehicle,Lorry,Non injury,Over speed,Four lanes or more with central divider,Straight road,,Fine,AP07TA   1494,YES,Minor,0
07.02.2012,10:10 AM,1340.5,LHS,Rural,Dagadarthi,Rear End Collision,Lorry Hit  Unknown Vehicle,Lorry,Non injury,Over speed,Four lanes or more with central divider,Straight road,,Fine,AP07TA   1494,YES,Non injured ,2
07.02.2012,10:10 AM,1340.5,LHS,Rural,Dagadarthi,Rear End Collision,Lorry Hit  Unknown Vehicle,Lorry,Non injury,Over speed,Four lanes or more with central divider,Straight road,,Fine,AP07TA   1494,YES,Animals affected,0
07.02.2012,12:35 PM,1277.8,RHS,Rural,Singarayakonda,Overturning,Trailer Over Turned ,Trailler,Minor injury,Over speed,Four lanes or more with central divider,Slight curve,,Fine,AP16TV   0235,YES,Fatal,0
07.02.2012,12:35 PM,1277.8,RHS,Rural,Singarayakonda,Overturning,Trailer Over Turned ,Trailler,Minor injury,Over speed,Four lanes or more with central divider,Slight curve,,Fine,AP16TV   0235,YES,Grevious,0
07.02.2012,12:35 PM,1277.8,RHS,Rural,Singarayakonda,Overturning,Trailer Over Turned ,Trailler,Minor injury,Over speed,Four lanes or more with central divider,Slight curve,,Fine,AP16TV   0235,YES,Minor,1
07.02.2012,12:35 PM,1277.8,RHS,Rural,Singarayakonda,Overturning,Trailer Over Turned ,Trailler,Minor injury,Over speed,Four lanes or more with central divider,Slight curve,,Fine,AP16TV   0235,YES,Non injured ,1
07.02.2012,12:35 PM,1277.8,RHS,Rural,Singarayakonda,Overturning,Trailer Over Turned ,Trailler,Minor injury,Over speed,Four lanes or more with central divider,Slight curve,,Fine,AP16TV   0235,YES,Animals affected,0
07.02.2012,3:42 PM,1313.9,RHS,Rural,Kavali,Rear End Collision,Mini Lorry Hit Car,Lorry,Non injury,Over speed,Four lanes or more with central divider,Straight road,,Fine,TN03B  3189,YES,Fatal,0
07.02.2012,3:42 PM,1313.9,RHS,Rural,Kavali,Rear End Collision,Mini Lorry Hit Car,Lorry,Non injury,Over speed,Four lanes or more with central divider,Straight road,,Fine,TN03B  3189,YES,Grevious,0
07.02.2012,3:42 PM,1313.9,RHS,Rural,Kavali,Rear End Collision,Mini Lorry Hit Car,Lorry,Non injury,Over speed,Four lanes or more with central divider,Straight road,,Fine,TN03B  3189,YES,Minor,0
07.02.2012,3:42 PM,1313.9,RHS,Rural,Kavali,Rear End Collision,Mini Lorry Hit Car,Lorry,Non injury,Over speed,Four lanes or more with central divider,Straight road,,Fine,TN03B  3189,YES,Non injured ,4
07.02.2012,3:42 PM,1313.9,RHS,Rural,Kavali,Rear End Collision,Mini Lorry Hit Car,Lorry,Non injury,Over speed,Four lanes or more with central divider,Straight road,,Fine,TN03B  3189,YES,Animals affected,0
07.02.2012,5:00 PM,1261.9,LHS,Rural,Tangutur,Overturning,Car Up Side on the Road,Car,Non injury,Over speed,Four lanes or more with central divider,Straight road,,Fine,AP29AD 2765,YES,Fatal,0
07.02.2012,5:00 PM,1261.9,LHS,Rural,Tangutur,Overturning,Car Up Side on the Road,Car,Non injury,Over speed,Four lanes or more with central divider,Straight road,,Fine,AP29AD 2765,YES,Grevious,0
07.02.2012,5:00 PM,1261.9,LHS,Rural,Tangutur,Overturning,Car Up Side on the Road,Car,Non injury,Over speed,Four lanes or more with central divider,Straight road,,Fine,AP29AD 2765,YES,Minor,0
07.02.2012,5:00 PM,1261.9,LHS,Rural,Tangutur,Overturning,Car Up Side on the Road,Car,Non injury,Over speed,Four lanes or more with central divider,Straight road,,Fine,AP29AD 2765,YES,Non injured ,2
07.02.2012,5:00 PM,1261.9,LHS,Rural,Tangutur,Overturning,Car Up Side on the Road,Car,Non injury,Over speed,Four lanes or more with central divider,Straight road,,Fine,AP29AD 2765,YES,Animals affected,0
08.02.2012,10:50 PM,1345.8,LHS,Rural,Dagadarthi,Rear End Collision, Lorry hit Lorry,Lorry,Minor injury,Over speed,Four lanes or more with central divider,Straight road,,Fine,AP16TY  4357,YES,Fatal,0
08.02.2012,10:50 PM,1345.8,LHS,Rural,Dagadarthi,Rear End Collision, Lorry hit Lorry,Lorry,Minor injury,Over speed,Four lanes or more with central divider,Straight road,,Fine,AP16TY  4357,YES,Grevious,0
08.02.2012,10:50 PM,1345.8,LHS,Rural,Dagadarthi,Rear End Collision, Lorry hit Lorry,Lorry,Minor injury,Over speed,Four lanes or more with central divider,Straight road,,Fine,AP16TY  4357,YES,Minor,2
08.02.2012,10:50 PM,1345.8,LHS,Rural,Dagadarthi,Rear End Collision, Lorry hit Lorry,Lorry,Minor injury,Over speed,Four lanes or more with central divider,Straight road,,Fine,AP16TY  4357,YES,Non injured ,2
08.02.2012,10:50 PM,1345.8,LHS,Rural,Dagadarthi,Rear End Collision, Lorry hit Lorry,Lorry,Minor injury,Over speed,Four lanes or more with central divider,Straight road,,Fine,AP16TY  4357,YES,Animals affected,0
09.02.2012,2:05 AM,1307,LHS,Rural,Gudluru,Rear End Collision,RTC bus hit Continer vehicle,Bus,Minor injury,Over speed,Four lanes or more with central divider,Straight road,,Fine,AP28Z  4144,YES,Fatal,0
09.02.2012,2:05 AM,1307,LHS,Rural,Gudluru,Rear End Collision,RTC bus hit Continer vehicle,Bus,Minor injury,Over speed,Four lanes or more with central divider,Straight road,,Fine,AP28Z  4144,YES,Grevious,0
09.02.2012,2:05 AM,1307,LHS,Rural,Gudluru,Rear End Collision,RTC bus hit Continer vehicle,Bus,Minor injury,Over speed,Four lanes or more with central divider,Straight road,,Fine,AP28Z  4144,YES,Minor,1
09.02.2012,2:05 AM,1307,LHS,Rural,Gudluru,Rear End Collision,RTC bus hit Continer vehicle,Bus,Minor injury,Over speed,Four lanes or more with central divider,Straight road,,Fine,AP28Z  4144,YES,Non injured ,2
09.02.2012,2:05 AM,1307,LHS,Rural,Gudluru,Rear End Collision,RTC bus hit Continer vehicle,Bus,Minor injury,Over speed,Four lanes or more with central divider,Straight road,,Fine,AP28Z  4144,YES,Animals affected,0
09.02.2012,11:30 AM,1202.3,RHS,Rural,Reningavaram,Rear End Collision,Car Hit   Bike,Car,Grievious injury,Over speed,Four lanes or more with central divider,Straight road,,Fine,AP26W  5358,YES,Fatal,0
09.02.2012,11:30 AM,1202.3,RHS,Rural,Reningavaram,Rear End Collision,Car Hit   Bike,Car,Grievious injury,Over speed,Four lanes or more with central divider,Straight road,,Fine,AP26W  5358,YES,Grevious,2
09.02.2012,11:30 AM,1202.3,RHS,Rural,Reningavaram,Rear End Collision,Car Hit   Bike,Car,Grievious injury,Over speed,Four lanes or more with central divider,Straight road,,Fine,AP26W  5358,YES,Minor,0
09.02.2012,11:30 AM,1202.3,RHS,Rural,Reningavaram,Rear End Collision,Car Hit   Bike,Car,Grievious injury,Over speed,Four lanes or more with central divider,Straight road,,Fine,AP26W  5358,YES,Non injured ,2
09.02.2012,11:30 AM,1202.3,RHS,Rural,Reningavaram,Rear End Collision,Car Hit   Bike,Car,Grievious injury,Over speed,Four lanes or more with central divider,Straight road,,Fine,AP26W  5358,YES,Animals affected,0
09.02.2012,2:10 PM,1257.3,LHS,Rural,Tangutur,Others(p1.Specific),Lorry Hit Safety Wall.,Lorry,Non injury,Druken,Four lanes or more with central divider,Straight road,,Fine,AP03X     4410,YES,Fatal,0
09.02.2012,2:10 PM,1257.3,LHS,Rural,Tangutur,Others(p1.Specific),Lorry Hit Safety Wall.,Lorry,Non injury,Druken,Four lanes or more with central divider,Straight road,,Fine,AP03X     4410,YES,Grevious,0
09.02.2012,2:10 PM,1257.3,LHS,Rural,Tangutur,Others(p1.Specific),Lorry Hit Safety Wall.,Lorry,Non injury,Druken,Four lanes or more with central divider,Straight road,,Fine,AP03X     4410,YES,Minor,0
09.02.2012,2:10 PM,1257.3,LHS,Rural,Tangutur,Others(p1.Specific),Lorry Hit Safety Wall.,Lorry,Non injury,Druken,Four lanes or more with central divider,Straight road,,Fine,AP03X     4410,YES,Non injured ,2
09.02.2012,2:10 PM,1257.3,LHS,Rural,Tangutur,Others(p1.Specific),Lorry Hit Safety Wall.,Lorry,Non injury,Druken,Four lanes or more with central divider,Straight road,,Fine,AP03X     4410,YES,Animals affected,0
09.02.2012,11:20 PM,1352.5,LHS,Rural,Kodavaluru,Rear End Collision,Lorry Hit  Unknown Vehicle,Lorry,Minor injury,Over speed,Four lanes or more with central divider,Straight road,,Fine,AP27W  5966,YES,Fatal,0
09.02.2012,11:20 PM,1352.5,LHS,Rural,Kodavaluru,Rear End Collision,Lorry Hit  Unknown Vehicle,Lorry,Minor injury,Over speed,Four lanes or more with central divider,Straight road,,Fine,AP27W  5966,YES,Grevious,0
09.02.2012,11:20 PM,1352.5,LHS,Rural,Kodavaluru,Rear End Collision,Lorry Hit  Unknown Vehicle,Lorry,Minor injury,Over speed,Four lanes or more with central divider,Straight road,,Fine,AP27W  5966,YES,Minor,1
09.02.2012,11:20 PM,1352.5,LHS,Rural,Kodavaluru,Rear End Collision,Lorry Hit  Unknown Vehicle,Lorry,Minor injury,Over speed,Four lanes or more with central divider,Straight road,,Fine,AP27W  5966,YES,Non injured ,1
09.02.2012,11:20 PM,1352.5,LHS,Rural,Kodavaluru,Rear End Collision,Lorry Hit  Unknown Vehicle,Lorry,Minor injury,Over speed,Four lanes or more with central divider,Straight road,,Fine,AP27W  5966,YES,Animals affected,0
10.02.2012,7:20 AM,1322.1,RHS,Rural,Kavali,Overturning,Lorry over Turned,Lorry,Non injury,Over speed,Four lanes or more with central divider,Straight road,,Fine,RJ19GV 2595,YES,Fatal,0
10.02.2012,7:20 AM,1322.1,RHS,Rural,Kavali,Overturning,Lorry over Turned,Lorry,Non injury,Over speed,Four lanes or more with central divider,Straight road,,Fine,RJ19GV 2595,YES,Grevious,0
10.02.2012,7:20 AM,1322.1,RHS,Rural,Kavali,Overturning,Lorry over Turned,Lorry,Non injury,Over speed,Four lanes or more with central divider,Straight road,,Fine,RJ19GV 2595,YES,Minor,0
10.02.2012,7:20 AM,1322.1,RHS,Rural,Kavali,Overturning,Lorry over Turned,Lorry,Non injury,Over speed,Four lanes or more with central divider,Straight road,,Fine,RJ19GV 2595,YES,Non injured ,2
10.02.2012,7:20 AM,1322.1,RHS,Rural,Kavali,Overturning,Lorry over Turned,Lorry,Non injury,Over speed,Four lanes or more with central divider,Straight road,,Fine,RJ19GV 2595,YES,Animals affected,0
10.02.2012 ,10:20 AM,1256.4,RHS,Rural,Tangutur,Rear End Collision,Lorry Hit Unknown Vehicle,Lorry,Non injury,Over speed,Four lanes or more with central divider,Straight road,,Fine,TN01AJ  0909,YES,Fatal,0
10.02.2012 ,10:20 AM,1256.4,RHS,Rural,Tangutur,Rear End Collision,Lorry Hit Unknown Vehicle,Lorry,Non injury,Over speed,Four lanes or more with central divider,Straight road,,Fine,TN01AJ  0909,YES,Grevious,0
10.02.2012 ,10:20 AM,1256.4,RHS,Rural,Tangutur,Rear End Collision,Lorry Hit Unknown Vehicle,Lorry,Non injury,Over speed,Four lanes or more with central divider,Straight road,,Fine,TN01AJ  0909,YES,Minor,0
10.02.2012 ,10:20 AM,1256.4,RHS,Rural,Tangutur,Rear End Collision,Lorry Hit Unknown Vehicle,Lorry,Non injury,Over speed,Four lanes or more with central divider,Straight road,,Fine,TN01AJ  0909,YES,Non injured ,2
10.02.2012 ,10:20 AM,1256.4,RHS,Rural,Tangutur,Rear End Collision,Lorry Hit Unknown Vehicle,Lorry,Non injury,Over speed,Four lanes or more with central divider,Straight road,,Fine,TN01AJ  0909,YES,Animals affected,0
10.02.2012 ,7:30 PM,1279.6,LHS,Rural,Singarayakonda,Overturning,Tractor over Turned,Tractor,Non injury,Over speed,Four lanes or more with central divider,Straight road,,Fine,AP27AJ     8607,YES,Fatal,0
10.02.2012 ,7:30 PM,1279.6,LHS,Rural,Singarayakonda,Overturning,Tractor over Turned,Tractor,Non injury,Over speed,Four lanes or more with central divider,Straight road,,Fine,AP27AJ     8607,YES,Grevious,0
10.02.2012 ,7:30 PM,1279.6,LHS,Rural,Singarayakonda,Overturning,Tractor over Turned,Tractor,Non injury,Over speed,Four lanes or more with central divider,Straight road,,Fine,AP27AJ     8607,YES,Minor,0
10.02.2012 ,7:30 PM,1279.6,LHS,Rural,Singarayakonda,Overturning,Tractor over Turned,Tractor,Non injury,Over speed,Four lanes or more with central divider,Straight road,,Fine,AP27AJ     8607,YES,Non injured ,1
10.02.2012 ,7:30 PM,1279.6,LHS,Rural,Singarayakonda,Overturning,Tractor over Turned,Tractor,Non injury,Over speed,Four lanes or more with central divider,Straight road,,Fine,AP27AJ     8607,YES,Animals affected,0
11.02.2012,2:11 AM,1221.2,RHS,Rural,Medarametla,Rear End Collision,Lorry Hit Lorry,Lorry,Non injury,Fault of driver of motor vehicle/driver of other vehicle/cyclist/pedestrian/passenger,Four lanes or more with central divider,Straight road,,Fine,AP20TB  2079,YES,Fatal,0
11.02.2012,2:11 AM,1221.2,RHS,Rural,Medarametla,Rear End Collision,Lorry Hit Lorry,Lorry,Non injury,Fault of driver of motor vehicle/driver of other vehicle/cyclist/pedestrian/passenger,Four lanes or more with central divider,Straight road,,Fine,AP20TB  2079,YES,Grevious,0
11.02.2012,2:11 AM,1221.2,RHS,Rural,Medarametla,Rear End Collision,Lorry Hit Lorry,Lorry,Non injury,Fault of driver of motor vehicle/driver of other vehicle/cyclist/pedestrian/passenger,Four lanes or more with central divider,Straight road,,Fine,AP20TB  2079,YES,Minor,0
11.02.2012,2:11 AM,1221.2,RHS,Rural,Medarametla,Rear End Collision,Lorry Hit Lorry,Lorry,Non injury,Fault of driver of motor vehicle/driver of other vehicle/cyclist/pedestrian/passenger,Four lanes or more with central divider,Straight road,,Fine,AP20TB  2079,YES,Non injured ,2
11.02.2012,2:11 AM,1221.2,RHS,Rural,Medarametla,Rear End Collision,Lorry Hit Lorry,Lorry,Non injury,Fault of driver of motor vehicle/driver of other vehicle/cyclist/pedestrian/passenger,Four lanes or more with central divider,Straight road,,Fine,AP20TB  2079,YES,Animals affected,0
11.02.2012,2:43 AM,1268.8,RHS,Rural,Jarugumalli,Rear End Collision,Lorry Hit  Lorry,Lorry,Grievious injury,Over speed,Four lanes or more with central divider,Straight road,,Fine,TN20B  3999,YES,Fatal,0
11.02.2012,2:43 AM,1268.8,RHS,Rural,Jarugumalli,Rear End Collision,Lorry Hit  Lorry,Lorry,Grievious injury,Over speed,Four lanes or more with central divider,Straight road,,Fine,TN20B  3999,YES,Grevious,2
11.02.2012,2:43 AM,1268.8,RHS,Rural,Jarugumalli,Rear End Collision,Lorry Hit  Lorry,Lorry,Grievious injury,Over speed,Four lanes or more with central divider,Straight road,,Fine,TN20B  3999,YES,Minor,0
11.02.2012,2:43 AM,1268.8,RHS,Rural,Jarugumalli,Rear End Collision,Lorry Hit  Lorry,Lorry,Grievious injury,Over speed,Four lanes or more with central divider,Straight road,,Fine,TN20B  3999,YES,Non injured ,0
11.02.2012,2:43 AM,1268.8,RHS,Rural,Jarugumalli,Rear End Collision,Lorry Hit  Lorry,Lorry,Grievious injury,Over speed,Four lanes or more with central divider,Straight road,,Fine,TN20B  3999,YES,Animals affected,0
11.02.2012,5:10 PM,1344.7,LHS,Rural,Dagadarthi,Head on collision,Lorry Hit   unknown  vehicle,Lorry,Minor injury,Druken,Four lanes or more with central divider,Straight road,,Fine,RJ14GB  3798,YES,Fatal,0
11.02.2012,5:10 PM,1344.7,LHS,Rural,Dagadarthi,Head on collision,Lorry Hit   unknown  vehicle,Lorry,Minor injury,Druken,Four lanes or more with central divider,Straight road,,Fine,RJ14GB  3798,YES,Grevious,0
11.02.2012,5:10 PM,1344.7,LHS,Rural,Dagadarthi,Head on collision,Lorry Hit   unknown  vehicle,Lorry,Minor injury,Druken,Four lanes or more with central divider,Straight road,,Fine,RJ14GB  3798,YES,Minor,1
11.02.2012,5:10 PM,1344.7,LHS,Rural,Dagadarthi,Head on collision,Lorry Hit   unknown  vehicle,Lorry,Minor injury,Druken,Four lanes or more with central divider,Straight road,,Fine,RJ14GB  3798,YES,Non injured ,2
11.02.2012,5:10 PM,1344.7,LHS,Rural,Dagadarthi,Head on collision,Lorry Hit   unknown  vehicle,Lorry,Minor injury,Druken,Four lanes or more with central divider,Straight road,,Fine,RJ14GB  3798,YES,Animals affected,0
12.02.2012,2:00 AM,1226.6,RHS,Rural,Maddipadu,Rear End Collision, Trolley Hit  RTC bus,Trolley,Non injury,Over speed,Four lanes or more with central divider,Straight road,,Fine,AP27X 1222,YES,Fatal,0
12.02.2012,2:00 AM,1226.6,RHS,Rural,Maddipadu,Rear End Collision, Trolley Hit  RTC bus,Trolley,Non injury,Over speed,Four lanes or more with central divider,Straight road,,Fine,AP27X 1222,YES,Grevious,0
12.02.2012,2:00 AM,1226.6,RHS,Rural,Maddipadu,Rear End Collision, Trolley Hit  RTC bus,Trolley,Non injury,Over speed,Four lanes or more with central divider,Straight road,,Fine,AP27X 1222,YES,Minor,0
12.02.2012,2:00 AM,1226.6,RHS,Rural,Maddipadu,Rear End Collision, Trolley Hit  RTC bus,Trolley,Non injury,Over speed,Four lanes or more with central divider,Straight road,,Fine,AP27X 1222,YES,Non injured ,10
12.02.2012,2:00 AM,1226.6,RHS,Rural,Maddipadu,Rear End Collision, Trolley Hit  RTC bus,Trolley,Non injury,Over speed,Four lanes or more with central divider,Straight road,,Fine,AP27X 1222,YES,Animals affected,0
12.02.2012,6:30 AM,1225,RHS,Rural,Maddipadu,Collision Brush/Side Wipe,Lorry  Hit  Side Safety Wall ,Lorry,Non injury,Over speed,Four lanes or more with central divider,Straight road,,Fine,AP29V  0542,YES,Fatal,0
12.02.2012,6:30 AM,1225,RHS,Rural,Maddipadu,Collision Brush/Side Wipe,Lorry  Hit  Side Safety Wall ,Lorry,Non injury,Over speed,Four lanes or more with central divider,Straight road,,Fine,AP29V  0542,YES,Grevious,0
12.02.2012,6:30 AM,1225,RHS,Rural,Maddipadu,Collision Brush/Side Wipe,Lorry  Hit  Side Safety Wall ,Lorry,Non injury,Over speed,Four lanes or more with central divider,Straight road,,Fine,AP29V  0542,YES,Minor,0
12.02.2012,6:30 AM,1225,RHS,Rural,Maddipadu,Collision Brush/Side Wipe,Lorry  Hit  Side Safety Wall ,Lorry,Non injury,Over speed,Four lanes or more with central divider,Straight road,,Fine,AP29V  0542,YES,Non injured ,2
12.02.2012,6:30 AM,1225,RHS,Rural,Maddipadu,Collision Brush/Side Wipe,Lorry  Hit  Side Safety Wall ,Lorry,Non injury,Over speed,Four lanes or more with central divider,Straight road,,Fine,AP29V  0542,YES,Animals affected,0
12.02.2012,8:00 AM,1303.7,LHS,Rural,Gudluru,Rear End Collision, Lorry Hit Lorry,Lorry,Non injury,Over speed,Four lanes or more with central divider,Straight road,,Fine,AP26Y  4869,YES,Fatal,0
12.02.2012,8:00 AM,1303.7,LHS,Rural,Gudluru,Rear End Collision, Lorry Hit Lorry,Lorry,Non injury,Over speed,Four lanes or more with central divider,Straight road,,Fine,AP26Y  4869,YES,Grevious,0
12.02.2012,8:00 AM,1303.7,LHS,Rural,Gudluru,Rear End Collision, Lorry Hit Lorry,Lorry,Non injury,Over speed,Four lanes or more with central divider,Straight road,,Fine,AP26Y  4869,YES,Minor,0
12.02.2012,8:00 AM,1303.7,LHS,Rural,Gudluru,Rear End Collision, Lorry Hit Lorry,Lorry,Non injury,Over speed,Four lanes or more with central divider,Straight road,,Fine,AP26Y  4869,YES,Non injured ,10
12.02.2012,8:00 AM,1303.7,LHS,Rural,Gudluru,Rear End Collision, Lorry Hit Lorry,Lorry,Non injury,Over speed,Four lanes or more with central divider,Straight road,,Fine,AP26Y  4869,YES,Animals affected,0
12.02.2012,1:30 PM,1186.6,RHS,Rural,Martur,Others(p1.Specific),Bike Hit   Median,Bike,Fatal,Over speed,Four lanes or more with central divider,Straight road,,Fine,AP26AC     0556,YES,Fatal,1
12.02.2012,1:30 PM,1186.6,RHS,Rural,Martur,Others(p1.Specific),Bike Hit   Median,Bike,Fatal,Over speed,Four lanes or more with central divider,Straight road,,Fine,AP26AC     0556,YES,Grevious,0
12.02.2012,1:30 PM,1186.6,RHS,Rural,Martur,Others(p1.Specific),Bike Hit   Median,Bike,Fatal,Over speed,Four lanes or more with central divider,Straight road,,Fine,AP26AC     0556,YES,Minor,0
12.02.2012,1:30 PM,1186.6,RHS,Rural,Martur,Others(p1.Specific),Bike Hit   Median,Bike,Fatal,Over speed,Four lanes or more with central divider,Straight road,,Fine,AP26AC     0556,YES,Non injured ,0
12.02.2012,1:30 PM,1186.6,RHS,Rural,Martur,Others(p1.Specific),Bike Hit   Median,Bike,Fatal,Over speed,Four lanes or more with central divider,Straight road,,Fine,AP26AC     0556,YES,Animals affected,0
13.02.2012,5:10 AM,1263.6,LHS,Rural,Tangutur,Collision Brush/Side Wipe,Car Hit Lorry,Car,Non injury,Over speed,Three lanes or more without central divider(median),Slight curve,,Fine,AP27AF   7067,YES,Fatal,0
13.02.2012,5:10 AM,1263.6,LHS,Rural,Tangutur,Collision Brush/Side Wipe,Car Hit Lorry,Car,Non injury,Over speed,Three lanes or more without central divider(median),Slight curve,,Fine,AP27AF   7067,YES,Grevious,0
13.02.2012,5:10 AM,1263.6,LHS,Rural,Tangutur,Collision Brush/Side Wipe,Car Hit Lorry,Car,Non injury,Over speed,Three lanes or more without central divider(median),Slight curve,,Fine,AP27AF   7067,YES,Minor,0
13.02.2012,5:10 AM,1263.6,LHS,Rural,Tangutur,Collision Brush/Side Wipe,Car Hit Lorry,Car,Non injury,Over speed,Three lanes or more without central divider(median),Slight curve,,Fine,AP27AF   7067,YES,Non injured ,2
13.02.2012,5:10 AM,1263.6,LHS,Rural,Tangutur,Collision Brush/Side Wipe,Car Hit Lorry,Car,Non injury,Over speed,Three lanes or more without central divider(median),Slight curve,,Fine,AP27AF   7067,YES,Animals affected,0
13.02.2012,8:58 PM,1240.2,LHS,Rural,Ongole,Others(p1.Specific),Unknown  vehicle Hit Tractor,Unknown,Non injury,Over speed,Four lanes or more with central divider,Straight road,,Fine,AP27Y  9135,YES,Fatal,0
13.02.2012,8:58 PM,1240.2,LHS,Rural,Ongole,Others(p1.Specific),Unknown  vehicle Hit Tractor,Unknown,Non injury,Over speed,Four lanes or more with central divider,Straight road,,Fine,AP27Y  9135,YES,Grevious,0
13.02.2012,8:58 PM,1240.2,LHS,Rural,Ongole,Others(p1.Specific),Unknown  vehicle Hit Tractor,Unknown,Non injury,Over speed,Four lanes or more with central divider,Straight road,,Fine,AP27Y  9135,YES,Minor,0
13.02.2012,8:58 PM,1240.2,LHS,Rural,Ongole,Others(p1.Specific),Unknown  vehicle Hit Tractor,Unknown,Non injury,Over speed,Four lanes or more with central divider,Straight road,,Fine,AP27Y  9135,YES,Non injured ,4
13.02.2012,8:58 PM,1240.2,LHS,Rural,Ongole,Others(p1.Specific),Unknown  vehicle Hit Tractor,Unknown,Non injury,Over speed,Four lanes or more with central divider,Straight road,,Fine,AP27Y  9135,YES,Animals affected,0
14.02.2012,2:10 AM,1207.8,LHS,Rural,Reningavaram,Rear End Collision,Van  Hit Unknown Lorry ,Van,Fatal,Over speed,Four lanes or more with central divider,Straight road,,Fine,AP21Y 2693,YES,Fatal,2
14.02.2012,2:10 AM,1207.8,LHS,Rural,Reningavaram,Rear End Collision,Van  Hit Unknown Lorry ,Van,Fatal,Over speed,Four lanes or more with central divider,Straight road,,Fine,AP21Y 2693,YES,Grevious,15
14.02.2012,2:10 AM,1207.8,LHS,Rural,Reningavaram,Rear End Collision,Van  Hit Unknown Lorry ,Van,Fatal,Over speed,Four lanes or more with central divider,Straight road,,Fine,AP21Y 2693,YES,Minor,7
14.02.2012,2:10 AM,1207.8,LHS,Rural,Reningavaram,Rear End Collision,Van  Hit Unknown Lorry ,Van,Fatal,Over speed,Four lanes or more with central divider,Straight road,,Fine,AP21Y 2693,YES,Non injured ,5
14.02.2012,2:10 AM,1207.8,LHS,Rural,Reningavaram,Rear End Collision,Van  Hit Unknown Lorry ,Van,Fatal,Over speed,Four lanes or more with central divider,Straight road,,Fine,AP21Y 2693,YES,Animals affected,0
15.02.2012,6:40 AM,1256,LHS,Rural,Tangutur,Rear End Collision,Lorry Hit Unknown Vehicle,Lorry,Non injury,Over speed,Four lanes or more with central divider,Straight road,,Fine,AP16TY   7543,YES,Fatal,0
15.02.2012,6:40 AM,1256,LHS,Rural,Tangutur,Rear End Collision,Lorry Hit Unknown Vehicle,Lorry,Non injury,Over speed,Four lanes or more with central divider,Straight road,,Fine,AP16TY   7543,YES,Grevious,0
15.02.2012,6:40 AM,1256,LHS,Rural,Tangutur,Rear End Collision,Lorry Hit Unknown Vehicle,Lorry,Non injury,Over speed,Four lanes or more with central divider,Straight road,,Fine,AP16TY   7543,YES,Minor,0
15.02.2012,6:40 AM,1256,LHS,Rural,Tangutur,Rear End Collision,Lorry Hit Unknown Vehicle,Lorry,Non injury,Over speed,Four lanes or more with central divider,Straight road,,Fine,AP16TY   7543,YES,Non injured ,2
15.02.2012,6:40 AM,1256,LHS,Rural,Tangutur,Rear End Collision,Lorry Hit Unknown Vehicle,Lorry,Non injury,Over speed,Four lanes or more with central divider,Straight road,,Fine,AP16TY   7543,YES,Animals affected,0
15.02.2012,11:30 PM,1294.7,RHS,Rural,Ulavapadu,Head on collision,Bus Hit  Padastrian,Bus,Fatal,Over speed,Four lanes or more with central divider,Slight curve,,Fine,AP11Z 6048,YES,Fatal,1
15.02.2012,11:30 PM,1294.7,RHS,Rural,Ulavapadu,Head on collision,Bus Hit  Padastrian,Bus,Fatal,Over speed,Four lanes or more with central divider,Slight curve,,Fine,AP11Z 6048,YES,Grevious,0
15.02.2012,11:30 PM,1294.7,RHS,Rural,Ulavapadu,Head on collision,Bus Hit  Padastrian,Bus,Fatal,Over speed,Four lanes or more with central divider,Slight curve,,Fine,AP11Z 6048,YES,Minor,0
15.02.2012,11:30 PM,1294.7,RHS,Rural,Ulavapadu,Head on collision,Bus Hit  Padastrian,Bus,Fatal,Over speed,Four lanes or more with central divider,Slight curve,,Fine,AP11Z 6048,YES,Non injured ,30
15.02.2012,11:30 PM,1294.7,RHS,Rural,Ulavapadu,Head on collision,Bus Hit  Padastrian,Bus,Fatal,Over speed,Four lanes or more with central divider,Slight curve,,Fine,AP11Z 6048,YES,Animals affected,0
17.02.2012,7:09 AM,1243.2,LHS,Urban,Ongole,Rear End Collision,Car  Hit  Lorry ,Car,Minor injury,Over speed,Four lanes or more with central divider,Straight road,,Mist/Fog,AP04AJ  4772,YES,Fatal,0
17.02.2012,7:09 AM,1243.2,LHS,Urban,Ongole,Rear End Collision,Car  Hit  Lorry ,Car,Minor injury,Over speed,Four lanes or more with central divider,Straight road,,Mist/Fog,AP04AJ  4772,YES,Grevious,0
17.02.2012,7:09 AM,1243.2,LHS,Urban,Ongole,Rear End Collision,Car  Hit  Lorry ,Car,Minor injury,Over speed,Four lanes or more with central divider,Straight road,,Mist/Fog,AP04AJ  4772,YES,Minor,2
17.02.2012,7:09 AM,1243.2,LHS,Urban,Ongole,Rear End Collision,Car  Hit  Lorry ,Car,Minor injury,Over speed,Four lanes or more with central divider,Straight road,,Mist/Fog,AP04AJ  4772,YES,Non injured ,2
17.02.2012,7:09 AM,1243.2,LHS,Urban,Ongole,Rear End Collision,Car  Hit  Lorry ,Car,Minor injury,Over speed,Four lanes or more with central divider,Straight road,,Mist/Fog,AP04AJ  4772,YES,Animals affected,0
19.02.2012,1:20 AM,1350.6,RHS,Rural,Kodavaluru,Overturning,Lorry over Turned,Lorry,Grievious injury,Over speed,Four lanes or more with central divider,Straight road,,Fine,AP07TU   7539,YES,Fatal,0
19.02.2012,1:20 AM,1350.6,RHS,Rural,Kodavaluru,Overturning,Lorry over Turned,Lorry,Grievious injury,Over speed,Four lanes or more with central divider,Straight road,,Fine,AP07TU   7539,YES,Grevious,1
19.02.2012,1:20 AM,1350.6,RHS,Rural,Kodavaluru,Overturning,Lorry over Turned,Lorry,Grievious injury,Over speed,Four lanes or more with central divider,Straight road,,Fine,AP07TU   7539,YES,Minor,0