Operational date,Time of Accident,KM && M,Position,Rural/Urban,Location,Nature of Accident Position,Nature of Accident,Vehicle Involved,Type of Accident,Causes,Road Feature,Road condition,Intersection Type And Control,Weather Condition,Vehicle Responsible,Help Provided by Ambulance/Patroling Vehicle,Classification of Accident,No of Affected Persons
19.02.2012,1:20 AM,1350.6,RHS,Rural,Kodavaluru,Overturning,Lorry over Turned,Lorry,Grievious injury,Over speed,Four lanes or more with central divider,Straight road,,Fine,AP07TU   7539,YES,Non injured ,3
19.02.2012,1:20 AM,1350.6,RHS,Rural,Kodavaluru,Overturning,Lorry over Turned,Lorry,Grievious injury,Over speed,Four lanes or more with central divider,Straight road,,Fine,AP07TU   7539,YES,Animals affected,0
19.02.2012,4:24 AM,1290.5,LHS,Rural,Ulavapadu,Rear End Collision,Lorry Hit Bus,Lorry,Non injury,Over speed,Four lanes or more with central divider,Straight road,,Fine,AP7V  9026,YES,Fatal,0
19.02.2012,4:24 AM,1290.5,LHS,Rural,Ulavapadu,Rear End Collision,Lorry Hit Bus,Lorry,Non injury,Over speed,Four lanes or more with central divider,Straight road,,Fine,AP7V  9026,YES,Grevious,0
19.02.2012,4:24 AM,1290.5,LHS,Rural,Ulavapadu,Rear End Collision,Lorry Hit Bus,Lorry,Non injury,Over speed,Four lanes or more with central divider,Straight road,,Fine,AP7V  9026,YES,Minor,0
19.02.2012,4:24 AM,1290.5,LHS,Rural,Ulavapadu,Rear End Collision,Lorry Hit Bus,Lorry,Non injury,Over speed,Four lanes or more with central divider,Straight road,,Fine,AP7V  9026,YES,Non injured ,15
19.02.2012,4:24 AM,1290.5,LHS,Rural,Ulavapadu,Rear End Collision,Lorry Hit Bus,Lorry,Non injury,Over speed,Four lanes or more with central divider,Straight road,,Fine,AP7V  9026,YES,Animals affected,0
20.02.2012,9:00 AM,1231.2,RHS,Rural,Maddipadu,Rear End Collision,Lorry Hit Lorry,Lorry,Non injury,Fault of driver of motor vehicle/driver of other vehicle/cyclist/pedestrian/passenger,Four lanes or more with central divider,Straight road,,Fine,HR55C 1498,YES,Fatal,0
20.02.2012,9:00 AM,1231.2,RHS,Rural,Maddipadu,Rear End Collision,Lorry Hit Lorry,Lorry,Non injury,Fault of driver of motor vehicle/driver of other vehicle/cyclist/pedestrian/passenger,Four lanes or more with central divider,Straight road,,Fine,HR55C 1498,YES,Grevious,0
20.02.2012,9:00 AM,1231.2,RHS,Rural,Maddipadu,Rear End Collision,Lorry Hit Lorry,Lorry,Non injury,Fault of driver of motor vehicle/driver of other vehicle/cyclist/pedestrian/passenger,Four lanes or more with central divider,Straight road,,Fine,HR55C 1498,YES,Minor,0
20.02.2012,9:00 AM,1231.2,RHS,Rural,Maddipadu,Rear End Collision,Lorry Hit Lorry,Lorry,Non injury,Fault of driver of motor vehicle/driver of other vehicle/cyclist/pedestrian/passenger,Four lanes or more with central divider,Straight road,,Fine,HR55C 1498,YES,Non injured ,2
20.02.2012,9:00 AM,1231.2,RHS,Rural,Maddipadu,Rear End Collision,Lorry Hit Lorry,Lorry,Non injury,Fault of driver of motor vehicle/driver of other vehicle/cyclist/pedestrian/passenger,Four lanes or more with central divider,Straight road,,Fine,HR55C 1498,YES,Animals affected,0
20.02.2012,10:45 AM,1251.6,RHS,Rural,Ongole,Rear End Collision,Lorry Hit Car,Lorry,Non injury,Over speed,Four lanes or more with central divider,Straight road,,Fine,AP31W  7190,YES,Fatal,0
20.02.2012,10:45 AM,1251.6,RHS,Rural,Ongole,Rear End Collision,Lorry Hit Car,Lorry,Non injury,Over speed,Four lanes or more with central divider,Straight road,,Fine,AP31W  7190,YES,Grevious,0
20.02.2012,10:45 AM,1251.6,RHS,Rural,Ongole,Rear End Collision,Lorry Hit Car,Lorry,Non injury,Over speed,Four lanes or more with central divider,Straight road,,Fine,AP31W  7190,YES,Minor,0
20.02.2012,10:45 AM,1251.6,RHS,Rural,Ongole,Rear End Collision,Lorry Hit Car,Lorry,Non injury,Over speed,Four lanes or more with central divider,Straight road,,Fine,AP31W  7190,YES,Non injured ,4
20.02.2012,10:45 AM,1251.6,RHS,Rural,Ongole,Rear End Collision,Lorry Hit Car,Lorry,Non injury,Over speed,Four lanes or more with central divider,Straight road,,Fine,AP31W  7190,YES,Animals affected,0
20.02.2012,11:46 AM,1249.2,RHS,Urban,Ongole,Collision Brush/Side Wipe,Car Hit  Buffellow,Car,Minor injury,Over speed,Four lanes or more with central divider,Straight road,,Fine,AP29AS  8589,YES,Fatal,0
20.02.2012,11:46 AM,1249.2,RHS,Urban,Ongole,Collision Brush/Side Wipe,Car Hit  Buffellow,Car,Minor injury,Over speed,Four lanes or more with central divider,Straight road,,Fine,AP29AS  8589,YES,Grevious,0
20.02.2012,11:46 AM,1249.2,RHS,Urban,Ongole,Collision Brush/Side Wipe,Car Hit  Buffellow,Car,Minor injury,Over speed,Four lanes or more with central divider,Straight road,,Fine,AP29AS  8589,YES,Minor,1
20.02.2012,11:46 AM,1249.2,RHS,Urban,Ongole,Collision Brush/Side Wipe,Car Hit  Buffellow,Car,Minor injury,Over speed,Four lanes or more with central divider,Straight road,,Fine,AP29AS  8589,YES,Non injured ,2
20.02.2012,11:46 AM,1249.2,RHS,Urban,Ongole,Collision Brush/Side Wipe,Car Hit  Buffellow,Car,Minor injury,Over speed,Four lanes or more with central divider,Straight road,,Fine,AP29AS  8589,YES,Animals affected,1
20.02.2012,3:06 PM,1204.6,RHS,Rural,Reningavaram,Collision Brush/Side Wipe,Auto Hit Lorry,Auto,Grievious injury,Over speed,Four lanes or more with central divider,Straight road,,Fine,AP07Y   5644,YES,Fatal,0
20.02.2012,3:06 PM,1204.6,RHS,Rural,Reningavaram,Collision Brush/Side Wipe,Auto Hit Lorry,Auto,Grievious injury,Over speed,Four lanes or more with central divider,Straight road,,Fine,AP07Y   5644,YES,Grevious,2
20.02.2012,3:06 PM,1204.6,RHS,Rural,Reningavaram,Collision Brush/Side Wipe,Auto Hit Lorry,Auto,Grievious injury,Over speed,Four lanes or more with central divider,Straight road,,Fine,AP07Y   5644,YES,Minor,1
20.02.2012,3:06 PM,1204.6,RHS,Rural,Reningavaram,Collision Brush/Side Wipe,Auto Hit Lorry,Auto,Grievious injury,Over speed,Four lanes or more with central divider,Straight road,,Fine,AP07Y   5644,YES,Non injured ,1
20.02.2012,3:06 PM,1204.6,RHS,Rural,Reningavaram,Collision Brush/Side Wipe,Auto Hit Lorry,Auto,Grievious injury,Over speed,Four lanes or more with central divider,Straight road,,Fine,AP07Y   5644,YES,Animals affected,0
20.02.2012,6:50 PM,1319.2,RHS,Rural,Kavali,Rear End Collision,Tata Ace Hit Crash Barrier,Tata Ace,Non injury,Over speed,Four lanes or more with central divider,Straight road,,Fine,AP07TB   7970,YES,Fatal,0
20.02.2012,6:50 PM,1319.2,RHS,Rural,Kavali,Rear End Collision,Tata Ace Hit Crash Barrier,Tata Ace,Non injury,Over speed,Four lanes or more with central divider,Straight road,,Fine,AP07TB   7970,YES,Grevious,0
20.02.2012,6:50 PM,1319.2,RHS,Rural,Kavali,Rear End Collision,Tata Ace Hit Crash Barrier,Tata Ace,Non injury,Over speed,Four lanes or more with central divider,Straight road,,Fine,AP07TB   7970,YES,Minor,0
20.02.2012,6:50 PM,1319.2,RHS,Rural,Kavali,Rear End Collision,Tata Ace Hit Crash Barrier,Tata Ace,Non injury,Over speed,Four lanes or more with central divider,Straight road,,Fine,AP07TB   7970,YES,Non injured ,2
20.02.2012,6:50 PM,1319.2,RHS,Rural,Kavali,Rear End Collision,Tata Ace Hit Crash Barrier,Tata Ace,Non injury,Over speed,Four lanes or more with central divider,Straight road,,Fine,AP07TB   7970,YES,Animals affected,0
20.02.2012,10:30 PM,1204.4,RHS,Rural,Reningavaram,Skidding, Bike Skidding,Bike,Minor injury,Druken,Four lanes or more with central divider,Straight road,,Fine,F/R Bike,YES,Fatal,0
20.02.2012,10:30 PM,1204.4,RHS,Rural,Reningavaram,Skidding, Bike Skidding,Bike,Minor injury,Druken,Four lanes or more with central divider,Straight road,,Fine,F/R Bike,YES,Grevious,0
20.02.2012,10:30 PM,1204.4,RHS,Rural,Reningavaram,Skidding, Bike Skidding,Bike,Minor injury,Druken,Four lanes or more with central divider,Straight road,,Fine,F/R Bike,YES,Minor,2
20.02.2012,10:30 PM,1204.4,RHS,Rural,Reningavaram,Skidding, Bike Skidding,Bike,Minor injury,Druken,Four lanes or more with central divider,Straight road,,Fine,F/R Bike,YES,Non injured ,0
20.02.2012,10:30 PM,1204.4,RHS,Rural,Reningavaram,Skidding, Bike Skidding,Bike,Minor injury,Druken,Four lanes or more with central divider,Straight road,,Fine,F/R Bike,YES,Animals affected,0
21.02.2012,4:00 AM,1240.3,LHS,Rural,Ongole,Overturning,LCV  OverTurned,Van,Non injury,Over speed,Four lanes or more with central divider,Slight curve,T-Junction,Fine,AP37Y   1777,YES,Fatal,0
21.02.2012,4:00 AM,1240.3,LHS,Rural,Ongole,Overturning,LCV  OverTurned,Van,Non injury,Over speed,Four lanes or more with central divider,Slight curve,T-Junction,Fine,AP37Y   1777,YES,Grevious,0
21.02.2012,4:00 AM,1240.3,LHS,Rural,Ongole,Overturning,LCV  OverTurned,Van,Non injury,Over speed,Four lanes or more with central divider,Slight curve,T-Junction,Fine,AP37Y   1777,YES,Minor,0
21.02.2012,4:00 AM,1240.3,LHS,Rural,Ongole,Overturning,LCV  OverTurned,Van,Non injury,Over speed,Four lanes or more with central divider,Slight curve,T-Junction,Fine,AP37Y   1777,YES,Non injured ,2
21.02.2012,4:00 AM,1240.3,LHS,Rural,Ongole,Overturning,LCV  OverTurned,Van,Non injury,Over speed,Four lanes or more with central divider,Slight curve,T-Junction,Fine,AP37Y   1777,YES,Animals affected,0
21.02.2012,2:41 PM,1281.5,LHS,Rural,Singarayakonda,Rear End Collision,LCV hit Tractor,Van,Minor injury,Over speed,Four lanes or more with central divider,Straight road,,Fine,AP27W 1374,YES,Fatal,0
21.02.2012,2:41 PM,1281.5,LHS,Rural,Singarayakonda,Rear End Collision,LCV hit Tractor,Van,Minor injury,Over speed,Four lanes or more with central divider,Straight road,,Fine,AP27W 1374,YES,Grevious,0
21.02.2012,2:41 PM,1281.5,LHS,Rural,Singarayakonda,Rear End Collision,LCV hit Tractor,Van,Minor injury,Over speed,Four lanes or more with central divider,Straight road,,Fine,AP27W 1374,YES,Minor,2
21.02.2012,2:41 PM,1281.5,LHS,Rural,Singarayakonda,Rear End Collision,LCV hit Tractor,Van,Minor injury,Over speed,Four lanes or more with central divider,Straight road,,Fine,AP27W 1374,YES,Non injured ,0
21.02.2012,2:41 PM,1281.5,LHS,Rural,Singarayakonda,Rear End Collision,LCV hit Tractor,Van,Minor injury,Over speed,Four lanes or more with central divider,Straight road,,Fine,AP27W 1374,YES,Animals affected,0
21.02.2012,6:39 PM,1273.6,RHS,Rural,Singarayakonda,Rear End Collision,Bike hit  Trailler,Bike,Grievious injury,Over speed,Four lanes or more with central divider,Straight road,T-Junction,Fine,AP26AM 6742,YES,Fatal,0
21.02.2012,6:39 PM,1273.6,RHS,Rural,Singarayakonda,Rear End Collision,Bike hit  Trailler,Bike,Grievious injury,Over speed,Four lanes or more with central divider,Straight road,T-Junction,Fine,AP26AM 6742,YES,Grevious,0
21.02.2012,6:39 PM,1273.6,RHS,Rural,Singarayakonda,Rear End Collision,Bike hit  Trailler,Bike,Grievious injury,Over speed,Four lanes or more with central divider,Straight road,T-Junction,Fine,AP26AM 6742,YES,Minor,2
21.02.2012,6:39 PM,1273.6,RHS,Rural,Singarayakonda,Rear End Collision,Bike hit  Trailler,Bike,Grievious injury,Over speed,Four lanes or more with central divider,Straight road,T-Junction,Fine,AP26AM 6742,YES,Non injured ,0
21.02.2012,6:39 PM,1273.6,RHS,Rural,Singarayakonda,Rear End Collision,Bike hit  Trailler,Bike,Grievious injury,Over speed,Four lanes or more with central divider,Straight road,T-Junction,Fine,AP26AM 6742,YES,Animals affected,0
22.02.2012,3:40 PM,1362,RHS,Rural,Kovuru,Rear End Collision,Tractor Hit  Bike,Tractor,Grievious injury,Over speed,Four lanes or more with central divider,Slight curve,Y-Junction,Fine,AP26AM   9080,YES,Fatal,0
22.02.2012,3:40 PM,1362,RHS,Rural,Kovuru,Rear End Collision,Tractor Hit  Bike,Tractor,Grievious injury,Over speed,Four lanes or more with central divider,Slight curve,Y-Junction,Fine,AP26AM   9080,YES,Grevious,1
22.02.2012,3:40 PM,1362,RHS,Rural,Kovuru,Rear End Collision,Tractor Hit  Bike,Tractor,Grievious injury,Over speed,Four lanes or more with central divider,Slight curve,Y-Junction,Fine,AP26AM   9080,YES,Minor,1
22.02.2012,3:40 PM,1362,RHS,Rural,Kovuru,Rear End Collision,Tractor Hit  Bike,Tractor,Grievious injury,Over speed,Four lanes or more with central divider,Slight curve,Y-Junction,Fine,AP26AM   9080,YES,Non injured ,2
22.02.2012,3:40 PM,1362,RHS,Rural,Kovuru,Rear End Collision,Tractor Hit  Bike,Tractor,Grievious injury,Over speed,Four lanes or more with central divider,Slight curve,Y-Junction,Fine,AP26AM   9080,YES,Animals affected,0
22.02.2012,7:34 PM,1228.2,LHS,Rural,Maddipadu,Overturning,Tractor  Fell Down,Tractor,Non injury,Over speed,Four lanes or more with central divider,Straight road,,Fine,AP27M  9944,YES,Fatal,0
22.02.2012,7:34 PM,1228.2,LHS,Rural,Maddipadu,Overturning,Tractor  Fell Down,Tractor,Non injury,Over speed,Four lanes or more with central divider,Straight road,,Fine,AP27M  9944,YES,Grevious,0
22.02.2012,7:34 PM,1228.2,LHS,Rural,Maddipadu,Overturning,Tractor  Fell Down,Tractor,Non injury,Over speed,Four lanes or more with central divider,Straight road,,Fine,AP27M  9944,YES,Minor,0
22.02.2012,7:34 PM,1228.2,LHS,Rural,Maddipadu,Overturning,Tractor  Fell Down,Tractor,Non injury,Over speed,Four lanes or more with central divider,Straight road,,Fine,AP27M  9944,YES,Non injured ,1
22.02.2012,7:34 PM,1228.2,LHS,Rural,Maddipadu,Overturning,Tractor  Fell Down,Tractor,Non injury,Over speed,Four lanes or more with central divider,Straight road,,Fine,AP27M  9944,YES,Animals affected,0
23.02.2012,9:45 AM,1345.4,RHS,Rural,Kodavaluru,Overturning,Lorry over  turned,Lorry,Grievious injury,Over speed,Four lanes or more with central divider,Straight road,,Fine,AP37U 5495,YES,Fatal,0
23.02.2012,9:45 AM,1345.4,RHS,Rural,Kodavaluru,Overturning,Lorry over  turned,Lorry,Grievious injury,Over speed,Four lanes or more with central divider,Straight road,,Fine,AP37U 5495,YES,Grevious,1
23.02.2012,9:45 AM,1345.4,RHS,Rural,Kodavaluru,Overturning,Lorry over  turned,Lorry,Grievious injury,Over speed,Four lanes or more with central divider,Straight road,,Fine,AP37U 5495,YES,Minor,0
23.02.2012,9:45 AM,1345.4,RHS,Rural,Kodavaluru,Overturning,Lorry over  turned,Lorry,Grievious injury,Over speed,Four lanes or more with central divider,Straight road,,Fine,AP37U 5495,YES,Non injured ,0
23.02.2012,9:45 AM,1345.4,RHS,Rural,Kodavaluru,Overturning,Lorry over  turned,Lorry,Grievious injury,Over speed,Four lanes or more with central divider,Straight road,,Fine,AP37U 5495,YES,Animals affected,0
23.02.2012,3:50 PM,1240.2,LHS,Rural,Ongole,Head on collision,Lorry Hit Padastrian,Lorry,Fatal,Over speed,Four lanes or more with central divider,Straight road,,Fine,BR01GB 9811 ,YES,Fatal,1
23.02.2012,3:50 PM,1240.2,LHS,Rural,Ongole,Head on collision,Lorry Hit Padastrian,Lorry,Fatal,Over speed,Four lanes or more with central divider,Straight road,,Fine,BR01GB 9811 ,YES,Grevious,0
23.02.2012,3:50 PM,1240.2,LHS,Rural,Ongole,Head on collision,Lorry Hit Padastrian,Lorry,Fatal,Over speed,Four lanes or more with central divider,Straight road,,Fine,BR01GB 9811 ,YES,Minor,0
23.02.2012,3:50 PM,1240.2,LHS,Rural,Ongole,Head on collision,Lorry Hit Padastrian,Lorry,Fatal,Over speed,Four lanes or more with central divider,Straight road,,Fine,BR01GB 9811 ,YES,Non injured ,0
23.02.2012,3:50 PM,1240.2,LHS,Rural,Ongole,Head on collision,Lorry Hit Padastrian,Lorry,Fatal,Over speed,Four lanes or more with central divider,Straight road,,Fine,BR01GB 9811 ,YES,Animals affected,0
24.02.2012,12:10 AM,1348.1,LHS,Rural,Dagadarthi,Overturning,Omni van  over turned,Van,Grievious injury,Over speed,Four lanes or more with central divider,Straight road,,Fine,AP27TU  1661,YES,Fatal,0
24.02.2012,12:10 AM,1348.1,LHS,Rural,Dagadarthi,Overturning,Omni van  over turned,Van,Grievious injury,Over speed,Four lanes or more with central divider,Straight road,,Fine,AP27TU  1661,YES,Grevious,1
24.02.2012,12:10 AM,1348.1,LHS,Rural,Dagadarthi,Overturning,Omni van  over turned,Van,Grievious injury,Over speed,Four lanes or more with central divider,Straight road,,Fine,AP27TU  1661,YES,Minor,1
24.02.2012,12:10 AM,1348.1,LHS,Rural,Dagadarthi,Overturning,Omni van  over turned,Van,Grievious injury,Over speed,Four lanes or more with central divider,Straight road,,Fine,AP27TU  1661,YES,Non injured ,2
24.02.2012,12:10 AM,1348.1,LHS,Rural,Dagadarthi,Overturning,Omni van  over turned,Van,Grievious injury,Over speed,Four lanes or more with central divider,Straight road,,Fine,AP27TU  1661,YES,Animals affected,0
24.02.2012,3:40 AM,1297.3,RHS,Rural,Ulavapadu,Rear End Collision,Trailler hit Unknow vehicle,Trailler,Grievious injury,Over speed,Four lanes or more with central divider,Straight road,,Fine,TN23AJ  9598,YES,Fatal,0
24.02.2012,3:40 AM,1297.3,RHS,Rural,Ulavapadu,Rear End Collision,Trailler hit Unknow vehicle,Trailler,Grievious injury,Over speed,Four lanes or more with central divider,Straight road,,Fine,TN23AJ  9598,YES,Grevious,1
24.02.2012,3:40 AM,1297.3,RHS,Rural,Ulavapadu,Rear End Collision,Trailler hit Unknow vehicle,Trailler,Grievious injury,Over speed,Four lanes or more with central divider,Straight road,,Fine,TN23AJ  9598,YES,Minor,1
24.02.2012,3:40 AM,1297.3,RHS,Rural,Ulavapadu,Rear End Collision,Trailler hit Unknow vehicle,Trailler,Grievious injury,Over speed,Four lanes or more with central divider,Straight road,,Fine,TN23AJ  9598,YES,Non injured ,0
24.02.2012,3:40 AM,1297.3,RHS,Rural,Ulavapadu,Rear End Collision,Trailler hit Unknow vehicle,Trailler,Grievious injury,Over speed,Four lanes or more with central divider,Straight road,,Fine,TN23AJ  9598,YES,Animals affected,0
24.02.2012,10:46 AM,1261.7,LHS,Rural,Tangutur,Rear End Collision,Turbo Lorry Hit Unknown    Vehicle,Lorry,Grievious injury,Over speed,Three lanes or more without central divider(median),Straight road,,Fine,MP09HF      9050,YES,Fatal,0
24.02.2012,10:46 AM,1261.7,LHS,Rural,Tangutur,Rear End Collision,Turbo Lorry Hit Unknown    Vehicle,Lorry,Grievious injury,Over speed,Three lanes or more without central divider(median),Straight road,,Fine,MP09HF      9050,YES,Grevious,1
24.02.2012,10:46 AM,1261.7,LHS,Rural,Tangutur,Rear End Collision,Turbo Lorry Hit Unknown    Vehicle,Lorry,Grievious injury,Over speed,Three lanes or more without central divider(median),Straight road,,Fine,MP09HF      9050,YES,Minor,0
24.02.2012,10:46 AM,1261.7,LHS,Rural,Tangutur,Rear End Collision,Turbo Lorry Hit Unknown    Vehicle,Lorry,Grievious injury,Over speed,Three lanes or more without central divider(median),Straight road,,Fine,MP09HF      9050,YES,Non injured ,2
24.02.2012,10:46 AM,1261.7,LHS,Rural,Tangutur,Rear End Collision,Turbo Lorry Hit Unknown    Vehicle,Lorry,Grievious injury,Over speed,Three lanes or more without central divider(median),Straight road,,Fine,MP09HF      9050,YES,Animals affected,0
 25.02.2012,7:00 AM,1240.3,LHS,Rural,Ongole,Rear End Collision,Car Hit Unknown  Vehicle,Car,Non injury,Over speed,Four lanes or more with central divider,Straight road,,Fine,AP37TV         4422,YES,Fatal,0
 25.02.2012,7:00 AM,1240.3,LHS,Rural,Ongole,Rear End Collision,Car Hit Unknown  Vehicle,Car,Non injury,Over speed,Four lanes or more with central divider,Straight road,,Fine,AP37TV         4422,YES,Grevious,0
 25.02.2012,7:00 AM,1240.3,LHS,Rural,Ongole,Rear End Collision,Car Hit Unknown  Vehicle,Car,Non injury,Over speed,Four lanes or more with central divider,Straight road,,Fine,AP37TV         4422,YES,Minor,0
 25.02.2012,7:00 AM,1240.3,LHS,Rural,Ongole,Rear End Collision,Car Hit Unknown  Vehicle,Car,Non injury,Over speed,Four lanes or more with central divider,Straight road,,Fine,AP37TV         4422,YES,Non injured ,2
 25.02.2012,7:00 AM,1240.3,LHS,Rural,Ongole,Rear End Collision,Car Hit Unknown  Vehicle,Car,Non injury,Over speed,Four lanes or more with central divider,Straight road,,Fine,AP37TV         4422,YES,Animals affected,0
 25.02.2013,5:00 PM,1344.2,LHS,Rural,Dagadarthi,Skidding,Bike is Skidding,Bike,Grievious injury,Druken,Four lanes or more with central divider,Straight road,,Fine,TN06D  8857,YES,Fatal,0
 25.02.2013,5:00 PM,1344.2,LHS,Rural,Dagadarthi,Skidding,Bike is Skidding,Bike,Grievious injury,Druken,Four lanes or more with central divider,Straight road,,Fine,TN06D  8857,YES,Grevious,1
 25.02.2013,5:00 PM,1344.2,LHS,Rural,Dagadarthi,Skidding,Bike is Skidding,Bike,Grievious injury,Druken,Four lanes or more with central divider,Straight road,,Fine,TN06D  8857,YES,Minor,0
 25.02.2013,5:00 PM,1344.2,LHS,Rural,Dagadarthi,Skidding,Bike is Skidding,Bike,Grievious injury,Druken,Four lanes or more with central divider,Straight road,,Fine,TN06D  8857,YES,Non injured ,0
 25.02.2013,5:00 PM,1344.2,LHS,Rural,Dagadarthi,Skidding,Bike is Skidding,Bike,Grievious injury,Druken,Four lanes or more with central divider,Straight road,,Fine,TN06D  8857,YES,Animals affected,0
26.02.2012,5:07 AM,1268.8,LHS,Rural,Jarugumalli,Rear End Collision,Lorry Hit L.C.V,Lorry,Minor injury,Over speed,Four lanes or more with central divider,Straight road,,Fine,AP16TV  1089,YES,Fatal,0
26.02.2012,5:07 AM,1268.8,LHS,Rural,Jarugumalli,Rear End Collision,Lorry Hit L.C.V,Lorry,Minor injury,Over speed,Four lanes or more with central divider,Straight road,,Fine,AP16TV  1089,YES,Grevious,0
26.02.2012,5:07 AM,1268.8,LHS,Rural,Jarugumalli,Rear End Collision,Lorry Hit L.C.V,Lorry,Minor injury,Over speed,Four lanes or more with central divider,Straight road,,Fine,AP16TV  1089,YES,Minor,1
26.02.2012,5:07 AM,1268.8,LHS,Rural,Jarugumalli,Rear End Collision,Lorry Hit L.C.V,Lorry,Minor injury,Over speed,Four lanes or more with central divider,Straight road,,Fine,AP16TV  1089,YES,Non injured ,3
26.02.2012,5:07 AM,1268.8,LHS,Rural,Jarugumalli,Rear End Collision,Lorry Hit L.C.V,Lorry,Minor injury,Over speed,Four lanes or more with central divider,Straight road,,Fine,AP16TV  1089,YES,Animals affected,0
26.02.2012,7:10 AM,1316.2,RHS,Rural,Kavali,Collision Brush/Side Wipe,Lorry  Hit  Unknow Vehicle,Lorry,Grievious injury,Druken,Four lanes or more with central divider,Straight road,,Fine,KA34    5852,YES,Fatal,0
26.02.2012,7:10 AM,1316.2,RHS,Rural,Kavali,Collision Brush/Side Wipe,Lorry  Hit  Unknow Vehicle,Lorry,Grievious injury,Druken,Four lanes or more with central divider,Straight road,,Fine,KA34    5852,YES,Grevious,1
26.02.2012,7:10 AM,1316.2,RHS,Rural,Kavali,Collision Brush/Side Wipe,Lorry  Hit  Unknow Vehicle,Lorry,Grievious injury,Druken,Four lanes or more with central divider,Straight road,,Fine,KA34    5852,YES,Minor,0
26.02.2012,7:10 AM,1316.2,RHS,Rural,Kavali,Collision Brush/Side Wipe,Lorry  Hit  Unknow Vehicle,Lorry,Grievious injury,Druken,Four lanes or more with central divider,Straight road,,Fine,KA34    5852,YES,Non injured ,2
26.02.2012,7:10 AM,1316.2,RHS,Rural,Kavali,Collision Brush/Side Wipe,Lorry  Hit  Unknow Vehicle,Lorry,Grievious injury,Druken,Four lanes or more with central divider,Straight road,,Fine,KA34    5852,YES,Animals affected,0
26.02.2012,8:25 AM,1218.1,LHS,Rural,Medarametla,Collision Brush/Side Wipe,Unknow vehicle hit  Bike,Unknow,Fatal,Over speed,Four lanes or more with central divider,Straight road,Four arm junction,Fine,Unknown       Vehicle,YES,Fatal,1
26.02.2012,8:25 AM,1218.1,LHS,Rural,Medarametla,Collision Brush/Side Wipe,Unknow vehicle hit  Bike,Unknow,Fatal,Over speed,Four lanes or more with central divider,Straight road,Four arm junction,Fine,Unknown       Vehicle,YES,Grevious,0
26.02.2012,8:25 AM,1218.1,LHS,Rural,Medarametla,Collision Brush/Side Wipe,Unknow vehicle hit  Bike,Unknow,Fatal,Over speed,Four lanes or more with central divider,Straight road,Four arm junction,Fine,Unknown       Vehicle,YES,Minor,0
26.02.2012,8:25 AM,1218.1,LHS,Rural,Medarametla,Collision Brush/Side Wipe,Unknow vehicle hit  Bike,Unknow,Fatal,Over speed,Four lanes or more with central divider,Straight road,Four arm junction,Fine,Unknown       Vehicle,YES,Non injured ,0
26.02.2012,8:25 AM,1218.1,LHS,Rural,Medarametla,Collision Brush/Side Wipe,Unknow vehicle hit  Bike,Unknow,Fatal,Over speed,Four lanes or more with central divider,Straight road,Four arm junction,Fine,Unknown       Vehicle,YES,Animals affected,0
26.02.2012,9:30 AM,1216.3,LHS,Rural,Medarametla,Overturning,Auto Over turned,Auto,Grievious injury,Over speed,Four lanes or more with central divider,Straight road,,Fine,AP27Y 9923,YES,Fatal,0
26.02.2012,9:30 AM,1216.3,LHS,Rural,Medarametla,Overturning,Auto Over turned,Auto,Grievious injury,Over speed,Four lanes or more with central divider,Straight road,,Fine,AP27Y 9923,YES,Grevious,1
26.02.2012,9:30 AM,1216.3,LHS,Rural,Medarametla,Overturning,Auto Over turned,Auto,Grievious injury,Over speed,Four lanes or more with central divider,Straight road,,Fine,AP27Y 9923,YES,Minor,4
26.02.2012,9:30 AM,1216.3,LHS,Rural,Medarametla,Overturning,Auto Over turned,Auto,Grievious injury,Over speed,Four lanes or more with central divider,Straight road,,Fine,AP27Y 9923,YES,Non injured ,0
26.02.2012,9:30 AM,1216.3,LHS,Rural,Medarametla,Overturning,Auto Over turned,Auto,Grievious injury,Over speed,Four lanes or more with central divider,Straight road,,Fine,AP27Y 9923,YES,Animals affected,0
26.02.2012,7:40 PM,1252.6,RHS,Rural,Ongole,Others(p1.Specific),Unknown  vehicle Hit Pedestrian,Unknown,Grievious injury,Over speed,Three lanes or more without central divider(median),Straight road,T-Junction,Fine,Unknown       Vehicle,YES,Fatal,0
26.02.2012,7:40 PM,1252.6,RHS,Rural,Ongole,Others(p1.Specific),Unknown  vehicle Hit Pedestrian,Unknown,Grievious injury,Over speed,Three lanes or more without central divider(median),Straight road,T-Junction,Fine,Unknown       Vehicle,YES,Grevious,2
26.02.2012,7:40 PM,1252.6,RHS,Rural,Ongole,Others(p1.Specific),Unknown  vehicle Hit Pedestrian,Unknown,Grievious injury,Over speed,Three lanes or more without central divider(median),Straight road,T-Junction,Fine,Unknown       Vehicle,YES,Minor,0
26.02.2012,7:40 PM,1252.6,RHS,Rural,Ongole,Others(p1.Specific),Unknown  vehicle Hit Pedestrian,Unknown,Grievious injury,Over speed,Three lanes or more without central divider(median),Straight road,T-Junction,Fine,Unknown       Vehicle,YES,Non injured ,0
26.02.2012,7:40 PM,1252.6,RHS,Rural,Ongole,Others(p1.Specific),Unknown  vehicle Hit Pedestrian,Unknown,Grievious injury,Over speed,Three lanes or more without central divider(median),Straight road,T-Junction,Fine,Unknown       Vehicle,YES,Animals affected,0
26.02.2012,10:29 PM,1261.4,LHS,Rural,Tangutur,Head on collision,Bike Hit F/R Tractor ,Bike,Grievious injury,Fault of driver of motor vehicle/driver of other vehicle/cyclist/pedestrian/passenger,Four lanes or more with central divider,Sharp curve,,Fine,AP26AG    3612,YES,Fatal,0
26.02.2012,10:29 PM,1261.4,LHS,Rural,Tangutur,Head on collision,Bike Hit F/R Tractor ,Bike,Grievious injury,Fault of driver of motor vehicle/driver of other vehicle/cyclist/pedestrian/passenger,Four lanes or more with central divider,Sharp curve,,Fine,AP26AG    3612,YES,Grevious,2