Operational date,Time of Accident,KM && M,Position,Rural/Urban,Location,Nature of Accident Position,Nature of Accident,Vehicle Involved,Type of Accident,Causes,Road Feature,Road condition,Intersection Type And Control,Weather Condition,Vehicle Responsible,Help Provided by Ambulance/Patroling Vehicle,Classification of Accident,No of Affected Persons
26.02.2012,10:29 PM,1261.4,LHS,Rural,Tangutur,Head on collision,Bike Hit F/R Tractor ,Bike,Grievious injury,Fault of driver of motor vehicle/driver of other vehicle/cyclist/pedestrian/passenger,Four lanes or more with central divider,Sharp curve,,Fine,AP26AG    3612,YES,Minor,0
26.02.2012,10:29 PM,1261.4,LHS,Rural,Tangutur,Head on collision,Bike Hit F/R Tractor ,Bike,Grievious injury,Fault of driver of motor vehicle/driver of other vehicle/cyclist/pedestrian/passenger,Four lanes or more with central divider,Sharp curve,,Fine,AP26AG    3612,YES,Non injured ,0
26.02.2012,10:29 PM,1261.4,LHS,Rural,Tangutur,Head on collision,Bike Hit F/R Tractor ,Bike,Grievious injury,Fault of driver of motor vehicle/driver of other vehicle/cyclist/pedestrian/passenger,Four lanes or more with central divider,Sharp curve,,Fine,AP26AG    3612,YES,Animals affected,0
27.02.2012,2:19 PM,1222.7,RHS,Rural,Medarametla,Skidding,Bike is Skidding,Bike,Grievious injury,Over speed,Four lanes or more with central divider,Slight curve,,Fine,AP27J  7455,YES,Fatal,0
27.02.2012,2:19 PM,1222.7,RHS,Rural,Medarametla,Skidding,Bike is Skidding,Bike,Grievious injury,Over speed,Four lanes or more with central divider,Slight curve,,Fine,AP27J  7455,YES,Grevious,1
27.02.2012,2:19 PM,1222.7,RHS,Rural,Medarametla,Skidding,Bike is Skidding,Bike,Grievious injury,Over speed,Four lanes or more with central divider,Slight curve,,Fine,AP27J  7455,YES,Minor,0
27.02.2012,2:19 PM,1222.7,RHS,Rural,Medarametla,Skidding,Bike is Skidding,Bike,Grievious injury,Over speed,Four lanes or more with central divider,Slight curve,,Fine,AP27J  7455,YES,Non injured ,0
27.02.2012,2:19 PM,1222.7,RHS,Rural,Medarametla,Skidding,Bike is Skidding,Bike,Grievious injury,Over speed,Four lanes or more with central divider,Slight curve,,Fine,AP27J  7455,YES,Animals affected,0
28.02.2012,3:15 PM,1288.2,RHS,Rural,Ulavapadu,Overturning,Tata Ace Over Turned,Tata Ace,Non injury,Over speed,Four lanes or more with central divider,Sharp curve,,Fine,AP04TT             0593,YES,Fatal,0
28.02.2012,3:15 PM,1288.2,RHS,Rural,Ulavapadu,Overturning,Tata Ace Over Turned,Tata Ace,Non injury,Over speed,Four lanes or more with central divider,Sharp curve,,Fine,AP04TT             0593,YES,Grevious,0
28.02.2012,3:15 PM,1288.2,RHS,Rural,Ulavapadu,Overturning,Tata Ace Over Turned,Tata Ace,Non injury,Over speed,Four lanes or more with central divider,Sharp curve,,Fine,AP04TT             0593,YES,Minor,0
28.02.2012,3:15 PM,1288.2,RHS,Rural,Ulavapadu,Overturning,Tata Ace Over Turned,Tata Ace,Non injury,Over speed,Four lanes or more with central divider,Sharp curve,,Fine,AP04TT             0593,YES,Non injured ,2
28.02.2012,3:15 PM,1288.2,RHS,Rural,Ulavapadu,Overturning,Tata Ace Over Turned,Tata Ace,Non injury,Over speed,Four lanes or more with central divider,Sharp curve,,Fine,AP04TT             0593,YES,Animals affected,0
28.02.2012,4:35 PM,1350.2,LHS,Rural,Dagadarthi,Skidding,Bike Skidding,Bike,Grievious injury,Over speed,Four lanes or more with central divider,Straight road,,Fine,AP26AD   5738,YES,Fatal,0
28.02.2012,4:35 PM,1350.2,LHS,Rural,Dagadarthi,Skidding,Bike Skidding,Bike,Grievious injury,Over speed,Four lanes or more with central divider,Straight road,,Fine,AP26AD   5738,YES,Grevious,1
28.02.2012,4:35 PM,1350.2,LHS,Rural,Dagadarthi,Skidding,Bike Skidding,Bike,Grievious injury,Over speed,Four lanes or more with central divider,Straight road,,Fine,AP26AD   5738,YES,Minor,1
28.02.2012,4:35 PM,1350.2,LHS,Rural,Dagadarthi,Skidding,Bike Skidding,Bike,Grievious injury,Over speed,Four lanes or more with central divider,Straight road,,Fine,AP26AD   5738,YES,Non injured ,0
28.02.2012,4:35 PM,1350.2,LHS,Rural,Dagadarthi,Skidding,Bike Skidding,Bike,Grievious injury,Over speed,Four lanes or more with central divider,Straight road,,Fine,AP26AD   5738,YES,Animals affected,0
28.02.2012,5:10 PM,1221.6,LHS,Rural,Medarametla,Rear End Collision,Gas Tanker Hit Tractor,Tanker,Fatal,Over speed,Four lanes or more with central divider,Straight road,,Fine,DN09A   9024,YES,Fatal,1
28.02.2012,5:10 PM,1221.6,LHS,Rural,Medarametla,Rear End Collision,Gas Tanker Hit Tractor,Tanker,Fatal,Over speed,Four lanes or more with central divider,Straight road,,Fine,DN09A   9024,YES,Grevious,0
28.02.2012,5:10 PM,1221.6,LHS,Rural,Medarametla,Rear End Collision,Gas Tanker Hit Tractor,Tanker,Fatal,Over speed,Four lanes or more with central divider,Straight road,,Fine,DN09A   9024,YES,Minor,1
28.02.2012,5:10 PM,1221.6,LHS,Rural,Medarametla,Rear End Collision,Gas Tanker Hit Tractor,Tanker,Fatal,Over speed,Four lanes or more with central divider,Straight road,,Fine,DN09A   9024,YES,Non injured ,2
28.02.2012,5:10 PM,1221.6,LHS,Rural,Medarametla,Rear End Collision,Gas Tanker Hit Tractor,Tanker,Fatal,Over speed,Four lanes or more with central divider,Straight road,,Fine,DN09A   9024,YES,Animals affected,0
29.02.2012,3:40 PM,1309.5,RHS,Rural,Kavali,Rear End Collision, Lorry Hit Lory,Lorry,Non injury,Over speed,Four lanes or more with central divider,Straight road,,Fine,AP16TX  4783,YES,Fatal,0
29.02.2012,3:40 PM,1309.5,RHS,Rural,Kavali,Rear End Collision, Lorry Hit Lory,Lorry,Non injury,Over speed,Four lanes or more with central divider,Straight road,,Fine,AP16TX  4783,YES,Grevious,0
29.02.2012,3:40 PM,1309.5,RHS,Rural,Kavali,Rear End Collision, Lorry Hit Lory,Lorry,Non injury,Over speed,Four lanes or more with central divider,Straight road,,Fine,AP16TX  4783,YES,Minor,0
29.02.2012,3:40 PM,1309.5,RHS,Rural,Kavali,Rear End Collision, Lorry Hit Lory,Lorry,Non injury,Over speed,Four lanes or more with central divider,Straight road,,Fine,AP16TX  4783,YES,Non injured ,1
29.02.2012,3:40 PM,1309.5,RHS,Rural,Kavali,Rear End Collision, Lorry Hit Lory,Lorry,Non injury,Over speed,Four lanes or more with central divider,Straight road,,Fine,AP16TX  4783,YES,Animals affected,0
29.02.2012,7:30 PM,1201.3,RHS,Rural,Reningavaram,Overturning,Lorry Over turned,Lorry,Minor injury,Over speed,Four lanes or more with central divider,Straight road,,Fine,AP16W 6135,YES,Fatal,0
29.02.2012,7:30 PM,1201.3,RHS,Rural,Reningavaram,Overturning,Lorry Over turned,Lorry,Minor injury,Over speed,Four lanes or more with central divider,Straight road,,Fine,AP16W 6135,YES,Grevious,0
29.02.2012,7:30 PM,1201.3,RHS,Rural,Reningavaram,Overturning,Lorry Over turned,Lorry,Minor injury,Over speed,Four lanes or more with central divider,Straight road,,Fine,AP16W 6135,YES,Minor,1
29.02.2012,7:30 PM,1201.3,RHS,Rural,Reningavaram,Overturning,Lorry Over turned,Lorry,Minor injury,Over speed,Four lanes or more with central divider,Straight road,,Fine,AP16W 6135,YES,Non injured ,0
29.02.2012,7:30 PM,1201.3,RHS,Rural,Reningavaram,Overturning,Lorry Over turned,Lorry,Minor injury,Over speed,Four lanes or more with central divider,Straight road,,Fine,AP16W 6135,YES,Animals affected,0
01.03.2012,4:15 AM,1344.6,RHS,Rural,Dagadarthi,Rear End Collision,Lorry Hit Unknown Vehicle,Lorry,Non injury,Over speed,Four lanes or more with central divider,Straight road,,Fine,WB03B   5817,YES,Fatal,0
01.03.2012,4:15 AM,1344.6,RHS,Rural,Dagadarthi,Rear End Collision,Lorry Hit Unknown Vehicle,Lorry,Non injury,Over speed,Four lanes or more with central divider,Straight road,,Fine,WB03B   5817,YES,Grevious,0
01.03.2012,4:15 AM,1344.6,RHS,Rural,Dagadarthi,Rear End Collision,Lorry Hit Unknown Vehicle,Lorry,Non injury,Over speed,Four lanes or more with central divider,Straight road,,Fine,WB03B   5817,YES,Minor,0
01.03.2012,4:15 AM,1344.6,RHS,Rural,Dagadarthi,Rear End Collision,Lorry Hit Unknown Vehicle,Lorry,Non injury,Over speed,Four lanes or more with central divider,Straight road,,Fine,WB03B   5817,YES,Non injured ,2
01.03.2012,4:15 AM,1344.6,RHS,Rural,Dagadarthi,Rear End Collision,Lorry Hit Unknown Vehicle,Lorry,Non injury,Over speed,Four lanes or more with central divider,Straight road,,Fine,WB03B   5817,YES,Animals affected,0
01.03.2012,2:46 PM,1363.5,RHS,Rural,Kovuru,Rear End Collision,Car Hit Trolley ,Car,Minor injury,Over speed,Four lanes or more with central divider,Straight road,,Fine,AP26AB  6667,YES,Fatal,0
01.03.2012,2:46 PM,1363.5,RHS,Rural,Kovuru,Rear End Collision,Car Hit Trolley ,Car,Minor injury,Over speed,Four lanes or more with central divider,Straight road,,Fine,AP26AB  6667,YES,Grevious,0
01.03.2012,2:46 PM,1363.5,RHS,Rural,Kovuru,Rear End Collision,Car Hit Trolley ,Car,Minor injury,Over speed,Four lanes or more with central divider,Straight road,,Fine,AP26AB  6667,YES,Minor,1
01.03.2012,2:46 PM,1363.5,RHS,Rural,Kovuru,Rear End Collision,Car Hit Trolley ,Car,Minor injury,Over speed,Four lanes or more with central divider,Straight road,,Fine,AP26AB  6667,YES,Non injured ,0
01.03.2012,2:46 PM,1363.5,RHS,Rural,Kovuru,Rear End Collision,Car Hit Trolley ,Car,Minor injury,Over speed,Four lanes or more with central divider,Straight road,,Fine,AP26AB  6667,YES,Animals affected,0
01.03.2012,10:34 PM,1291.9,RHS,Rural,Ulavapadu,Rear End Collision,Tractor Hit  Lorry,Tractor,Non injury,Over speed,Four lanes or more with central divider,Straight road,,Fine,AP26TA  4700,YES,Fatal,0
01.03.2012,10:34 PM,1291.9,RHS,Rural,Ulavapadu,Rear End Collision,Tractor Hit  Lorry,Tractor,Non injury,Over speed,Four lanes or more with central divider,Straight road,,Fine,AP26TA  4700,YES,Grevious,0
01.03.2012,10:34 PM,1291.9,RHS,Rural,Ulavapadu,Rear End Collision,Tractor Hit  Lorry,Tractor,Non injury,Over speed,Four lanes or more with central divider,Straight road,,Fine,AP26TA  4700,YES,Minor,0
01.03.2012,10:34 PM,1291.9,RHS,Rural,Ulavapadu,Rear End Collision,Tractor Hit  Lorry,Tractor,Non injury,Over speed,Four lanes or more with central divider,Straight road,,Fine,AP26TA  4700,YES,Non injured ,1
01.03.2012,10:34 PM,1291.9,RHS,Rural,Ulavapadu,Rear End Collision,Tractor Hit  Lorry,Tractor,Non injury,Over speed,Four lanes or more with central divider,Straight road,,Fine,AP26TA  4700,YES,Animals affected,0
02.03.2012,1:12 AM,1197,LHS,Rural,Martur,Rear End Collision,Unknown vehicle  Hit  Bike,Unknown,Grievious injury,Over speed,Four lanes or more with central divider,Straight road,,Fine,Unknown vehicle,YES,Fatal,0
02.03.2012,1:12 AM,1197,LHS,Rural,Martur,Rear End Collision,Unknown vehicle  Hit  Bike,Unknown,Grievious injury,Over speed,Four lanes or more with central divider,Straight road,,Fine,Unknown vehicle,YES,Grevious,3
02.03.2012,1:12 AM,1197,LHS,Rural,Martur,Rear End Collision,Unknown vehicle  Hit  Bike,Unknown,Grievious injury,Over speed,Four lanes or more with central divider,Straight road,,Fine,Unknown vehicle,YES,Minor,0
02.03.2012,1:12 AM,1197,LHS,Rural,Martur,Rear End Collision,Unknown vehicle  Hit  Bike,Unknown,Grievious injury,Over speed,Four lanes or more with central divider,Straight road,,Fine,Unknown vehicle,YES,Non injured ,0
02.03.2012,1:12 AM,1197,LHS,Rural,Martur,Rear End Collision,Unknown vehicle  Hit  Bike,Unknown,Grievious injury,Over speed,Four lanes or more with central divider,Straight road,,Fine,Unknown vehicle,YES,Animals affected,0
04.03.2012,4:30 AM,1324.3,RHS,Rural,Kavali,Rear End Collision,Lorry Hit Culvert,Lorry,Non injury,Fault of driver of motor vehicle/driver of other vehicle/cyclist/pedestrian/passenger,Four lanes or more with central divider,Slight curve,T-Junction,Fine,HR38N 4121,YES,Fatal,0
04.03.2012,4:30 AM,1324.3,RHS,Rural,Kavali,Rear End Collision,Lorry Hit Culvert,Lorry,Non injury,Fault of driver of motor vehicle/driver of other vehicle/cyclist/pedestrian/passenger,Four lanes or more with central divider,Slight curve,T-Junction,Fine,HR38N 4121,YES,Grevious,0
04.03.2012,4:30 AM,1324.3,RHS,Rural,Kavali,Rear End Collision,Lorry Hit Culvert,Lorry,Non injury,Fault of driver of motor vehicle/driver of other vehicle/cyclist/pedestrian/passenger,Four lanes or more with central divider,Slight curve,T-Junction,Fine,HR38N 4121,YES,Minor,0
04.03.2012,4:30 AM,1324.3,RHS,Rural,Kavali,Rear End Collision,Lorry Hit Culvert,Lorry,Non injury,Fault of driver of motor vehicle/driver of other vehicle/cyclist/pedestrian/passenger,Four lanes or more with central divider,Slight curve,T-Junction,Fine,HR38N 4121,YES,Non injured ,2
04.03.2012,4:30 AM,1324.3,RHS,Rural,Kavali,Rear End Collision,Lorry Hit Culvert,Lorry,Non injury,Fault of driver of motor vehicle/driver of other vehicle/cyclist/pedestrian/passenger,Four lanes or more with central divider,Slight curve,T-Junction,Fine,HR38N 4121,YES,Animals affected,0
04.03.2012,3:15 PM,1273.4,RHS,Rural,Singarayakonda,Head on collision,Lorry Hit Bike,Lorry,Fatal,Druken,Four lanes or more with central divider,Straight road,,Fine,AP27TV           2727,YES,Fatal,1
04.03.2012,3:15 PM,1273.4,RHS,Rural,Singarayakonda,Head on collision,Lorry Hit Bike,Lorry,Fatal,Druken,Four lanes or more with central divider,Straight road,,Fine,AP27TV           2727,YES,Grevious,0
04.03.2012,3:15 PM,1273.4,RHS,Rural,Singarayakonda,Head on collision,Lorry Hit Bike,Lorry,Fatal,Druken,Four lanes or more with central divider,Straight road,,Fine,AP27TV           2727,YES,Minor,0
04.03.2012,3:15 PM,1273.4,RHS,Rural,Singarayakonda,Head on collision,Lorry Hit Bike,Lorry,Fatal,Druken,Four lanes or more with central divider,Straight road,,Fine,AP27TV           2727,YES,Non injured ,2
04.03.2012,3:15 PM,1273.4,RHS,Rural,Singarayakonda,Head on collision,Lorry Hit Bike,Lorry,Fatal,Druken,Four lanes or more with central divider,Straight road,,Fine,AP27TV           2727,YES,Animals affected,0
04.03.2012,10:20 PM,1258.1,RHS,Rural,Tangutur,Skidding, Bike Skidding,Bike,Grievious injury,Druken,Four lanes or more with central divider,Slight curve,,Fine,AP27AF 9497,YES,Fatal,0
04.03.2012,10:20 PM,1258.1,RHS,Rural,Tangutur,Skidding, Bike Skidding,Bike,Grievious injury,Druken,Four lanes or more with central divider,Slight curve,,Fine,AP27AF 9497,YES,Grevious,1
04.03.2012,10:20 PM,1258.1,RHS,Rural,Tangutur,Skidding, Bike Skidding,Bike,Grievious injury,Druken,Four lanes or more with central divider,Slight curve,,Fine,AP27AF 9497,YES,Minor,0
04.03.2012,10:20 PM,1258.1,RHS,Rural,Tangutur,Skidding, Bike Skidding,Bike,Grievious injury,Druken,Four lanes or more with central divider,Slight curve,,Fine,AP27AF 9497,YES,Non injured ,0
04.03.2012,10:20 PM,1258.1,RHS,Rural,Tangutur,Skidding, Bike Skidding,Bike,Grievious injury,Druken,Four lanes or more with central divider,Slight curve,,Fine,AP27AF 9497,YES,Animals affected,0
05.03.2012,12:26 AM,1266.3,RHS,Rural,Tangutur,Overturning,Lorry Hit Tractor,Lorry,Non injury,Over speed,Four lanes or more with central divider,Straight road,,Fine,AP16TV   9419,YES,Fatal,0
05.03.2012,12:26 AM,1266.3,RHS,Rural,Tangutur,Overturning,Lorry Hit Tractor,Lorry,Non injury,Over speed,Four lanes or more with central divider,Straight road,,Fine,AP16TV   9419,YES,Grevious,0
05.03.2012,12:26 AM,1266.3,RHS,Rural,Tangutur,Overturning,Lorry Hit Tractor,Lorry,Non injury,Over speed,Four lanes or more with central divider,Straight road,,Fine,AP16TV   9419,YES,Minor,0
05.03.2012,12:26 AM,1266.3,RHS,Rural,Tangutur,Overturning,Lorry Hit Tractor,Lorry,Non injury,Over speed,Four lanes or more with central divider,Straight road,,Fine,AP16TV   9419,YES,Non injured ,0
05.03.2012,12:26 AM,1266.3,RHS,Rural,Tangutur,Overturning,Lorry Hit Tractor,Lorry,Non injury,Over speed,Four lanes or more with central divider,Straight road,,Fine,AP16TV   9419,YES,Animals affected,0
05.03.2012,5:18 AM,1303.2,LHS,Rural,Gudluru,Rear End Collision,Lorry Hit      Bus (APSRTC),Lorry,Minor injury,Over speed,Four lanes or more with central divider,Straight road,,Fine,AP26U     9599,YES,Fatal,0
05.03.2012,5:18 AM,1303.2,LHS,Rural,Gudluru,Rear End Collision,Lorry Hit      Bus (APSRTC),Lorry,Minor injury,Over speed,Four lanes or more with central divider,Straight road,,Fine,AP26U     9599,YES,Grevious,0
05.03.2012,5:18 AM,1303.2,LHS,Rural,Gudluru,Rear End Collision,Lorry Hit      Bus (APSRTC),Lorry,Minor injury,Over speed,Four lanes or more with central divider,Straight road,,Fine,AP26U     9599,YES,Minor,1
05.03.2012,5:18 AM,1303.2,LHS,Rural,Gudluru,Rear End Collision,Lorry Hit      Bus (APSRTC),Lorry,Minor injury,Over speed,Four lanes or more with central divider,Straight road,,Fine,AP26U     9599,YES,Non injured ,27
05.03.2012,5:18 AM,1303.2,LHS,Rural,Gudluru,Rear End Collision,Lorry Hit      Bus (APSRTC),Lorry,Minor injury,Over speed,Four lanes or more with central divider,Straight road,,Fine,AP26U     9599,YES,Animals affected,0
05.03.2012,1:01 PM,1277.7,LHS,Rural,Singarayakonda,Overturning, Auto over turned,Auto,Minor injury,Over speed,Four lanes or more with central divider,Slight curve,,Fine,AP27X        1844,YES,Fatal,0
05.03.2012,1:01 PM,1277.7,LHS,Rural,Singarayakonda,Overturning, Auto over turned,Auto,Minor injury,Over speed,Four lanes or more with central divider,Slight curve,,Fine,AP27X        1844,YES,Grevious,0
05.03.2012,1:01 PM,1277.7,LHS,Rural,Singarayakonda,Overturning, Auto over turned,Auto,Minor injury,Over speed,Four lanes or more with central divider,Slight curve,,Fine,AP27X        1844,YES,Minor,4
05.03.2012,1:01 PM,1277.7,LHS,Rural,Singarayakonda,Overturning, Auto over turned,Auto,Minor injury,Over speed,Four lanes or more with central divider,Slight curve,,Fine,AP27X        1844,YES,Non injured ,7
05.03.2012,1:01 PM,1277.7,LHS,Rural,Singarayakonda,Overturning, Auto over turned,Auto,Minor injury,Over speed,Four lanes or more with central divider,Slight curve,,Fine,AP27X        1844,YES,Animals affected,0
06.03.2012,2:18 PM,1221.3,LHS,Rural,Medarametla,Overturning,Tractor Over Turned,Tractor,Non injury,Over speed,Four lanes or more with central divider,Straight road,,Fine,AP27X        4036,YES,Fatal,0
06.03.2012,2:18 PM,1221.3,LHS,Rural,Medarametla,Overturning,Tractor Over Turned,Tractor,Non injury,Over speed,Four lanes or more with central divider,Straight road,,Fine,AP27X        4036,YES,Grevious,0
06.03.2012,2:18 PM,1221.3,LHS,Rural,Medarametla,Overturning,Tractor Over Turned,Tractor,Non injury,Over speed,Four lanes or more with central divider,Straight road,,Fine,AP27X        4036,YES,Minor,0
06.03.2012,2:18 PM,1221.3,LHS,Rural,Medarametla,Overturning,Tractor Over Turned,Tractor,Non injury,Over speed,Four lanes or more with central divider,Straight road,,Fine,AP27X        4036,YES,Non injured ,1
06.03.2012,2:18 PM,1221.3,LHS,Rural,Medarametla,Overturning,Tractor Over Turned,Tractor,Non injury,Over speed,Four lanes or more with central divider,Straight road,,Fine,AP27X        4036,YES,Animals affected,0
07.03.2012,1:05 AM,1303.3,RHS,Rural,Gudluru,Rear End Collision,Car hit Unknown    Vehicle,Car,Minor injury,Over speed,Four lanes or more with central divider,Slight curve,,Fine,AP07TW   6426,YES,Fatal,0
07.03.2012,1:05 AM,1303.3,RHS,Rural,Gudluru,Rear End Collision,Car hit Unknown    Vehicle,Car,Minor injury,Over speed,Four lanes or more with central divider,Slight curve,,Fine,AP07TW   6426,YES,Grevious,0
07.03.2012,1:05 AM,1303.3,RHS,Rural,Gudluru,Rear End Collision,Car hit Unknown    Vehicle,Car,Minor injury,Over speed,Four lanes or more with central divider,Slight curve,,Fine,AP07TW   6426,YES,Minor,2
07.03.2012,1:05 AM,1303.3,RHS,Rural,Gudluru,Rear End Collision,Car hit Unknown    Vehicle,Car,Minor injury,Over speed,Four lanes or more with central divider,Slight curve,,Fine,AP07TW   6426,YES,Non injured ,9
07.03.2012,1:05 AM,1303.3,RHS,Rural,Gudluru,Rear End Collision,Car hit Unknown    Vehicle,Car,Minor injury,Over speed,Four lanes or more with central divider,Slight curve,,Fine,AP07TW   6426,YES,Animals affected,0
08.03.2012,9:50 AM,1292.6,RHS,Rural,Ulavapadu,Others(p1.Specific),Bike Hit culvert and fell down out side,Bike,Fatal,Over speed,Four lanes or more with central divider,Slight curve,T-Junction,Fine,AP26AK     9811,YES,Fatal,1
08.03.2012,9:50 AM,1292.6,RHS,Rural,Ulavapadu,Others(p1.Specific),Bike Hit culvert and fell down out side,Bike,Fatal,Over speed,Four lanes or more with central divider,Slight curve,T-Junction,Fine,AP26AK     9811,YES,Grevious,0
08.03.2012,9:50 AM,1292.6,RHS,Rural,Ulavapadu,Others(p1.Specific),Bike Hit culvert and fell down out side,Bike,Fatal,Over speed,Four lanes or more with central divider,Slight curve,T-Junction,Fine,AP26AK     9811,YES,Minor,0
08.03.2012,9:50 AM,1292.6,RHS,Rural,Ulavapadu,Others(p1.Specific),Bike Hit culvert and fell down out side,Bike,Fatal,Over speed,Four lanes or more with central divider,Slight curve,T-Junction,Fine,AP26AK     9811,YES,Non injured ,0
08.03.2012,9:50 AM,1292.6,RHS,Rural,Ulavapadu,Others(p1.Specific),Bike Hit culvert and fell down out side,Bike,Fatal,Over speed,Four lanes or more with central divider,Slight curve,T-Junction,Fine,AP26AK     9811,YES,Animals affected,0
08.03.2012,12:45 PM,1243.8,RHS,Urban,Ongole,Head on collision,Car hit     Unknown  Vehicle,Car,Non injury,Over speed,Four lanes or more with central divider,Straight road,,Fine,AP07BB     4545,YES,Fatal,0
08.03.2012,12:45 PM,1243.8,RHS,Urban,Ongole,Head on collision,Car hit     Unknown  Vehicle,Car,Non injury,Over speed,Four lanes or more with central divider,Straight road,,Fine,AP07BB     4545,YES,Grevious,0
08.03.2012,12:45 PM,1243.8,RHS,Urban,Ongole,Head on collision,Car hit     Unknown  Vehicle,Car,Non injury,Over speed,Four lanes or more with central divider,Straight road,,Fine,AP07BB     4545,YES,Minor,0
08.03.2012,12:45 PM,1243.8,RHS,Urban,Ongole,Head on collision,Car hit     Unknown  Vehicle,Car,Non injury,Over speed,Four lanes or more with central divider,Straight road,,Fine,AP07BB     4545,YES,Non injured ,3
08.03.2012,12:45 PM,1243.8,RHS,Urban,Ongole,Head on collision,Car hit     Unknown  Vehicle,Car,Non injury,Over speed,Four lanes or more with central divider,Straight road,,Fine,AP07BB     4545,YES,Animals affected,0
08.03.2012,2:20 PM,1249.9,RHS,Urban,Ongole,Others(p1.Specific),Lorry skidding,Lorry,Non injury,Over speed,Four lanes or more with central divider,Straight road,Y-Junction,Fine,HR38R     0873,YES,Fatal,0
08.03.2012,2:20 PM,1249.9,RHS,Urban,Ongole,Others(p1.Specific),Lorry skidding,Lorry,Non injury,Over speed,Four lanes or more with central divider,Straight road,Y-Junction,Fine,HR38R     0873,YES,Grevious,0
08.03.2012,2:20 PM,1249.9,RHS,Urban,Ongole,Others(p1.Specific),Lorry skidding,Lorry,Non injury,Over speed,Four lanes or more with central divider,Straight road,Y-Junction,Fine,HR38R     0873,YES,Minor,0
08.03.2012,2:20 PM,1249.9,RHS,Urban,Ongole,Others(p1.Specific),Lorry skidding,Lorry,Non injury,Over speed,Four lanes or more with central divider,Straight road,Y-Junction,Fine,HR38R     0873,YES,Non injured ,2
08.03.2012,2:20 PM,1249.9,RHS,Urban,Ongole,Others(p1.Specific),Lorry skidding,Lorry,Non injury,Over speed,Four lanes or more with central divider,Straight road,Y-Junction,Fine,HR38R     0873,YES,Animals affected,0
09.03.2012,2:20 AM,1313.9,RHS,Rural,Kavali,Head on collision, Lorry hit Unknown Vehicle,Lorry,Grievious injury,Over speed,Four lanes or more with central divider,Straight road,,Fine,AP7TW    7254,YES,Fatal,0
09.03.2012,2:20 AM,1313.9,RHS,Rural,Kavali,Head on collision, Lorry hit Unknown Vehicle,Lorry,Grievious injury,Over speed,Four lanes or more with central divider,Straight road,,Fine,AP7TW    7254,YES,Grevious,1
09.03.2012,2:20 AM,1313.9,RHS,Rural,Kavali,Head on collision, Lorry hit Unknown Vehicle,Lorry,Grievious injury,Over speed,Four lanes or more with central divider,Straight road,,Fine,AP7TW    7254,YES,Minor,1
09.03.2012,2:20 AM,1313.9,RHS,Rural,Kavali,Head on collision, Lorry hit Unknown Vehicle,Lorry,Grievious injury,Over speed,Four lanes or more with central divider,Straight road,,Fine,AP7TW    7254,YES,Non injured ,0
09.03.2012,2:20 AM,1313.9,RHS,Rural,Kavali,Head on collision, Lorry hit Unknown Vehicle,Lorry,Grievious injury,Over speed,Four lanes or more with central divider,Straight road,,Fine,AP7TW    7254,YES,Animals affected,0
09.03.2012,4:30 AM,1232,LHS,Rural,Maddipadu,Collision Brush/Side Wipe,Lorry hit Lorry                       ,Lorry,Minor injury,Over speed,Four lanes or more with central divider,Straight road,,Fine,AP01W 5599,YES,Fatal,0
09.03.2012,4:30 AM,1232,LHS,Rural,Maddipadu,Collision Brush/Side Wipe,Lorry hit Lorry                       ,Lorry,Minor injury,Over speed,Four lanes or more with central divider,Straight road,,Fine,AP01W 5599,YES,Grevious,0
09.03.2012,4:30 AM,1232,LHS,Rural,Maddipadu,Collision Brush/Side Wipe,Lorry hit Lorry                       ,Lorry,Minor injury,Over speed,Four lanes or more with central divider,Straight road,,Fine,AP01W 5599,YES,Minor,2
09.03.2012,4:30 AM,1232,LHS,Rural,Maddipadu,Collision Brush/Side Wipe,Lorry hit Lorry                       ,Lorry,Minor injury,Over speed,Four lanes or more with central divider,Straight road,,Fine,AP01W 5599,YES,Non injured ,0
09.03.2012,4:30 AM,1232,LHS,Rural,Maddipadu,Collision Brush/Side Wipe,Lorry hit Lorry                       ,Lorry,Minor injury,Over speed,Four lanes or more with central divider,Straight road,,Fine,AP01W 5599,YES,Animals affected,0
09.03.2012,10:12 AM,1257.4,LHS,Rural,Tangutur,Overturning, Auto over turned,Auto,Non injury,Over speed,Four lanes or more with central divider,Slight curve,,Fine,AP27 V 5646,YES,Fatal,0
09.03.2012,10:12 AM,1257.4,LHS,Rural,Tangutur,Overturning, Auto over turned,Auto,Non injury,Over speed,Four lanes or more with central divider,Slight curve,,Fine,AP27 V 5646,YES,Grevious,0
09.03.2012,10:12 AM,1257.4,LHS,Rural,Tangutur,Overturning, Auto over turned,Auto,Non injury,Over speed,Four lanes or more with central divider,Slight curve,,Fine,AP27 V 5646,YES,Minor,0
09.03.2012,10:12 AM,1257.4,LHS,Rural,Tangutur,Overturning, Auto over turned,Auto,Non injury,Over speed,Four lanes or more with central divider,Slight curve,,Fine,AP27 V 5646,YES,Non injured ,2
09.03.2012,10:12 AM,1257.4,LHS,Rural,Tangutur,Overturning, Auto over turned,Auto,Non injury,Over speed,Four lanes or more with central divider,Slight curve,,Fine,AP27 V 5646,YES,Animals affected,0
09.03.2012,11:15 AM,1283.8,LHS,Rural,Ulavapadu,Head on collision, Lorry hit Cows,Lorry,Non injury,Druken,Four lanes or more with central divider,Straight road,,Fine,TN20BS  8723,YES,Fatal,0
09.03.2012,11:15 AM,1283.8,LHS,Rural,Ulavapadu,Head on collision, Lorry hit Cows,Lorry,Non injury,Druken,Four lanes or more with central divider,Straight road,,Fine,TN20BS  8723,YES,Grevious,0