Operational date,Time of Accident,KM && M,Position,Rural/Urban,Location,Nature of Accident Position,Nature of Accident,Vehicle Involved,Type of Accident,Causes,Road Feature,Road condition,Intersection Type And Control,Weather Condition,Vehicle Responsible,Help Provided by Ambulance/Patroling Vehicle,Classification of Accident,No of Affected Persons
09.03.2012,11:15 AM,1283.8,LHS,Rural,Ulavapadu,Head on collision, Lorry hit Cows,Lorry,Non injury,Druken,Four lanes or more with central divider,Straight road,,Fine,TN20BS  8723,YES,Minor,0
09.03.2012,11:15 AM,1283.8,LHS,Rural,Ulavapadu,Head on collision, Lorry hit Cows,Lorry,Non injury,Druken,Four lanes or more with central divider,Straight road,,Fine,TN20BS  8723,YES,Non injured ,1
09.03.2012,11:15 AM,1283.8,LHS,Rural,Ulavapadu,Head on collision, Lorry hit Cows,Lorry,Non injury,Druken,Four lanes or more with central divider,Straight road,,Fine,TN20BS  8723,YES,Animals affected,2
09.03.2012,12:30 PM,1261.2,LHS,Rural,Tangutur,Rear End Collision, Tractor Over Turned,Tractor,Non injury,Over speed,Four lanes or more with central divider,Sharp curve,,Fine,AP27AK 4016,YES,Fatal,0
09.03.2012,12:30 PM,1261.2,LHS,Rural,Tangutur,Rear End Collision, Tractor Over Turned,Tractor,Non injury,Over speed,Four lanes or more with central divider,Sharp curve,,Fine,AP27AK 4016,YES,Grevious,0
09.03.2012,12:30 PM,1261.2,LHS,Rural,Tangutur,Rear End Collision, Tractor Over Turned,Tractor,Non injury,Over speed,Four lanes or more with central divider,Sharp curve,,Fine,AP27AK 4016,YES,Minor,0
09.03.2012,12:30 PM,1261.2,LHS,Rural,Tangutur,Rear End Collision, Tractor Over Turned,Tractor,Non injury,Over speed,Four lanes or more with central divider,Sharp curve,,Fine,AP27AK 4016,YES,Non injured ,3
09.03.2012,12:30 PM,1261.2,LHS,Rural,Tangutur,Rear End Collision, Tractor Over Turned,Tractor,Non injury,Over speed,Four lanes or more with central divider,Sharp curve,,Fine,AP27AK 4016,YES,Animals affected,0
09.03.2012,5:20 PM,1256.7,LHS,Rural,Tangutur, ,)Tractor Over   Turned,Tractor,Non injury,Over speed,Four lanes or more with central divider,Straight road,,Fine,AP27U   7641,YES,Fatal,0
09.03.2012,5:20 PM,1256.7,LHS,Rural,Tangutur, ,)Tractor Over   Turned,Tractor,Non injury,Over speed,Four lanes or more with central divider,Straight road,,Fine,AP27U   7641,YES,Grevious,0
09.03.2012,5:20 PM,1256.7,LHS,Rural,Tangutur, ,)Tractor Over   Turned,Tractor,Non injury,Over speed,Four lanes or more with central divider,Straight road,,Fine,AP27U   7641,YES,Minor,0
09.03.2012,5:20 PM,1256.7,LHS,Rural,Tangutur, ,)Tractor Over   Turned,Tractor,Non injury,Over speed,Four lanes or more with central divider,Straight road,,Fine,AP27U   7641,YES,Non injured ,2
09.03.2012,5:20 PM,1256.7,LHS,Rural,Tangutur, ,)Tractor Over   Turned,Tractor,Non injury,Over speed,Four lanes or more with central divider,Straight road,,Fine,AP27U   7641,YES,Animals affected,0
09.03.2012,9:40 PM,1248.4,LHS,Urban,Ongole,Rear End Collision, Lorry   hit Bick,Lorry,Minor injury,Over speed,Four lanes or more with central divider,Straight road,,Fine,AP26U         7720,YES,Fatal,0
09.03.2012,9:40 PM,1248.4,LHS,Urban,Ongole,Rear End Collision, Lorry   hit Bick,Lorry,Minor injury,Over speed,Four lanes or more with central divider,Straight road,,Fine,AP26U         7720,YES,Grevious,0
09.03.2012,9:40 PM,1248.4,LHS,Urban,Ongole,Rear End Collision, Lorry   hit Bick,Lorry,Minor injury,Over speed,Four lanes or more with central divider,Straight road,,Fine,AP26U         7720,YES,Minor,1
09.03.2012,9:40 PM,1248.4,LHS,Urban,Ongole,Rear End Collision, Lorry   hit Bick,Lorry,Minor injury,Over speed,Four lanes or more with central divider,Straight road,,Fine,AP26U         7720,YES,Non injured ,2
09.03.2012,9:40 PM,1248.4,LHS,Urban,Ongole,Rear End Collision, Lorry   hit Bick,Lorry,Minor injury,Over speed,Four lanes or more with central divider,Straight road,,Fine,AP26U         7720,YES,Animals affected,0
09.03.2012,10:35 PM,1322,LHS,Rural,Kavali,Rear End Collision, Lorry     hit Tractor,Lorry,Non injury,Over speed,Four lanes or more with central divider,Straight road,,Fine,AP29TA       4698,YES,Fatal,0
09.03.2012,10:35 PM,1322,LHS,Rural,Kavali,Rear End Collision, Lorry     hit Tractor,Lorry,Non injury,Over speed,Four lanes or more with central divider,Straight road,,Fine,AP29TA       4698,YES,Grevious,0
09.03.2012,10:35 PM,1322,LHS,Rural,Kavali,Rear End Collision, Lorry     hit Tractor,Lorry,Non injury,Over speed,Four lanes or more with central divider,Straight road,,Fine,AP29TA       4698,YES,Minor,0
09.03.2012,10:35 PM,1322,LHS,Rural,Kavali,Rear End Collision, Lorry     hit Tractor,Lorry,Non injury,Over speed,Four lanes or more with central divider,Straight road,,Fine,AP29TA       4698,YES,Non injured ,2
09.03.2012,10:35 PM,1322,LHS,Rural,Kavali,Rear End Collision, Lorry     hit Tractor,Lorry,Non injury,Over speed,Four lanes or more with central divider,Straight road,,Fine,AP29TA       4698,YES,Animals affected,0
10.03.2012,8:20 AM,1274.9,RHS,Rural,Singarayakonda,Rear End Collision,Unknown Vehicle hit Cycle list  ,Unknown,Fatal,Over speed,Four lanes or more with central divider,Straight road,,Fine,Unknown          vehicle,YES,Fatal,1
10.03.2012,8:20 AM,1274.9,RHS,Rural,Singarayakonda,Rear End Collision,Unknown Vehicle hit Cycle list  ,Unknown,Fatal,Over speed,Four lanes or more with central divider,Straight road,,Fine,Unknown          vehicle,YES,Grevious,0
10.03.2012,8:20 AM,1274.9,RHS,Rural,Singarayakonda,Rear End Collision,Unknown Vehicle hit Cycle list  ,Unknown,Fatal,Over speed,Four lanes or more with central divider,Straight road,,Fine,Unknown          vehicle,YES,Minor,0
10.03.2012,8:20 AM,1274.9,RHS,Rural,Singarayakonda,Rear End Collision,Unknown Vehicle hit Cycle list  ,Unknown,Fatal,Over speed,Four lanes or more with central divider,Straight road,,Fine,Unknown          vehicle,YES,Non injured ,0
10.03.2012,8:20 AM,1274.9,RHS,Rural,Singarayakonda,Rear End Collision,Unknown Vehicle hit Cycle list  ,Unknown,Fatal,Over speed,Four lanes or more with central divider,Straight road,,Fine,Unknown          vehicle,YES,Animals affected,0
10.03.2012,12:07 PM,1209.4,RHS,Rural,Reningavaram,Rear End Collision,Auto hit Lorry,Auto,Minor injury,Druken,Four lanes or more with central divider,Straight road,T-Junction,Fine,AP27X   6052,YES,Fatal,0
10.03.2012,12:07 PM,1209.4,RHS,Rural,Reningavaram,Rear End Collision,Auto hit Lorry,Auto,Minor injury,Druken,Four lanes or more with central divider,Straight road,T-Junction,Fine,AP27X   6052,YES,Grevious,0
10.03.2012,12:07 PM,1209.4,RHS,Rural,Reningavaram,Rear End Collision,Auto hit Lorry,Auto,Minor injury,Druken,Four lanes or more with central divider,Straight road,T-Junction,Fine,AP27X   6052,YES,Minor,1
10.03.2012,12:07 PM,1209.4,RHS,Rural,Reningavaram,Rear End Collision,Auto hit Lorry,Auto,Minor injury,Druken,Four lanes or more with central divider,Straight road,T-Junction,Fine,AP27X   6052,YES,Non injured ,2
10.03.2012,12:07 PM,1209.4,RHS,Rural,Reningavaram,Rear End Collision,Auto hit Lorry,Auto,Minor injury,Druken,Four lanes or more with central divider,Straight road,T-Junction,Fine,AP27X   6052,YES,Animals affected,0
10.03.2012,3:50 PM,1194.9,LHS,Rural,Martur,Others(p1.Specific),Car hit Horses,Car,Non injury,Vehicle out of control,Four lanes or more with central divider,Straight road,,Fine,AP27AM   3195,YES,Fatal,0
10.03.2012,3:50 PM,1194.9,LHS,Rural,Martur,Others(p1.Specific),Car hit Horses,Car,Non injury,Vehicle out of control,Four lanes or more with central divider,Straight road,,Fine,AP27AM   3195,YES,Grevious,0
10.03.2012,3:50 PM,1194.9,LHS,Rural,Martur,Others(p1.Specific),Car hit Horses,Car,Non injury,Vehicle out of control,Four lanes or more with central divider,Straight road,,Fine,AP27AM   3195,YES,Minor,0
10.03.2012,3:50 PM,1194.9,LHS,Rural,Martur,Others(p1.Specific),Car hit Horses,Car,Non injury,Vehicle out of control,Four lanes or more with central divider,Straight road,,Fine,AP27AM   3195,YES,Non injured ,0
10.03.2012,3:50 PM,1194.9,LHS,Rural,Martur,Others(p1.Specific),Car hit Horses,Car,Non injury,Vehicle out of control,Four lanes or more with central divider,Straight road,,Fine,AP27AM   3195,YES,Animals affected,2
11.03.2012,6:15 AM,1270.7,RHS,Rural,Jarugumalli,Rear End Collision,Bus Hit Lorry ,Bus,Non injury,Over speed,Four lanes or more with central divider,Straight road,Y-Junction,Fine,KA40F  0325,YES,Fatal,0
11.03.2012,6:15 AM,1270.7,RHS,Rural,Jarugumalli,Rear End Collision,Bus Hit Lorry ,Bus,Non injury,Over speed,Four lanes or more with central divider,Straight road,Y-Junction,Fine,KA40F  0325,YES,Grevious,0
11.03.2012,6:15 AM,1270.7,RHS,Rural,Jarugumalli,Rear End Collision,Bus Hit Lorry ,Bus,Non injury,Over speed,Four lanes or more with central divider,Straight road,Y-Junction,Fine,KA40F  0325,YES,Minor,0
11.03.2012,6:15 AM,1270.7,RHS,Rural,Jarugumalli,Rear End Collision,Bus Hit Lorry ,Bus,Non injury,Over speed,Four lanes or more with central divider,Straight road,Y-Junction,Fine,KA40F  0325,YES,Non injured ,25
11.03.2012,6:15 AM,1270.7,RHS,Rural,Jarugumalli,Rear End Collision,Bus Hit Lorry ,Bus,Non injury,Over speed,Four lanes or more with central divider,Straight road,Y-Junction,Fine,KA40F  0325,YES,Animals affected,0
11.03.2012,7:35 AM,1294.7,LHS,Rural,Ulavapadu,Others(p1.Specific),Trolley Hit Pedestrian,Trolley,Fatal,Over speed,Four lanes or more with central divider,Straight road,T-Junction,Fine,AP27W  9199,YES,Fatal,1
11.03.2012,7:35 AM,1294.7,LHS,Rural,Ulavapadu,Others(p1.Specific),Trolley Hit Pedestrian,Trolley,Fatal,Over speed,Four lanes or more with central divider,Straight road,T-Junction,Fine,AP27W  9199,YES,Grevious,0
11.03.2012,7:35 AM,1294.7,LHS,Rural,Ulavapadu,Others(p1.Specific),Trolley Hit Pedestrian,Trolley,Fatal,Over speed,Four lanes or more with central divider,Straight road,T-Junction,Fine,AP27W  9199,YES,Minor,0
11.03.2012,7:35 AM,1294.7,LHS,Rural,Ulavapadu,Others(p1.Specific),Trolley Hit Pedestrian,Trolley,Fatal,Over speed,Four lanes or more with central divider,Straight road,T-Junction,Fine,AP27W  9199,YES,Non injured ,0
11.03.2012,7:35 AM,1294.7,LHS,Rural,Ulavapadu,Others(p1.Specific),Trolley Hit Pedestrian,Trolley,Fatal,Over speed,Four lanes or more with central divider,Straight road,T-Junction,Fine,AP27W  9199,YES,Animals affected,0
11.03.2012,5:00 PM,1186.3,LHS,Rural,Martur,Head on collision,Lorry Hit Bike,Lorry,Minor injury,Over speed,Four lanes or more with central divider,Straight road,,Fine,AP16W    4419,YES,Fatal,0
11.03.2012,5:00 PM,1186.3,LHS,Rural,Martur,Head on collision,Lorry Hit Bike,Lorry,Minor injury,Over speed,Four lanes or more with central divider,Straight road,,Fine,AP16W    4419,YES,Grevious,0
11.03.2012,5:00 PM,1186.3,LHS,Rural,Martur,Head on collision,Lorry Hit Bike,Lorry,Minor injury,Over speed,Four lanes or more with central divider,Straight road,,Fine,AP16W    4419,YES,Minor,1
11.03.2012,5:00 PM,1186.3,LHS,Rural,Martur,Head on collision,Lorry Hit Bike,Lorry,Minor injury,Over speed,Four lanes or more with central divider,Straight road,,Fine,AP16W    4419,YES,Non injured ,2
11.03.2012,5:00 PM,1186.3,LHS,Rural,Martur,Head on collision,Lorry Hit Bike,Lorry,Minor injury,Over speed,Four lanes or more with central divider,Straight road,,Fine,AP16W    4419,YES,Animals affected,0
11.03.2012,5:10 PM,1279.4,LHS,Rural,Singarayakonda,Rear End Collision,Car hit Safety Wall,Car,Minor injury,Over speed,Four lanes or more with central divider,Straight road,,Fine,AP27        T/R ,YES,Fatal,0
11.03.2012,5:10 PM,1279.4,LHS,Rural,Singarayakonda,Rear End Collision,Car hit Safety Wall,Car,Minor injury,Over speed,Four lanes or more with central divider,Straight road,,Fine,AP27        T/R ,YES,Grevious,0
11.03.2012,5:10 PM,1279.4,LHS,Rural,Singarayakonda,Rear End Collision,Car hit Safety Wall,Car,Minor injury,Over speed,Four lanes or more with central divider,Straight road,,Fine,AP27        T/R ,YES,Minor,2
11.03.2012,5:10 PM,1279.4,LHS,Rural,Singarayakonda,Rear End Collision,Car hit Safety Wall,Car,Minor injury,Over speed,Four lanes or more with central divider,Straight road,,Fine,AP27        T/R ,YES,Non injured ,2
11.03.2012,5:10 PM,1279.4,LHS,Rural,Singarayakonda,Rear End Collision,Car hit Safety Wall,Car,Minor injury,Over speed,Four lanes or more with central divider,Straight road,,Fine,AP27        T/R ,YES,Animals affected,0
11.03.2012,5:40 PM,1282.7,RHS,Rural,Ulavapadu,Rear End Collision,Lorry hit Lorry,Lorry,Grievious injury,Over speed,Four lanes or more with central divider,Straight road,,Fine,AP09W   2085,YES,Fatal,0
11.03.2012,5:40 PM,1282.7,RHS,Rural,Ulavapadu,Rear End Collision,Lorry hit Lorry,Lorry,Grievious injury,Over speed,Four lanes or more with central divider,Straight road,,Fine,AP09W   2085,YES,Grevious,1
11.03.2012,5:40 PM,1282.7,RHS,Rural,Ulavapadu,Rear End Collision,Lorry hit Lorry,Lorry,Grievious injury,Over speed,Four lanes or more with central divider,Straight road,,Fine,AP09W   2085,YES,Minor,0
11.03.2012,5:40 PM,1282.7,RHS,Rural,Ulavapadu,Rear End Collision,Lorry hit Lorry,Lorry,Grievious injury,Over speed,Four lanes or more with central divider,Straight road,,Fine,AP09W   2085,YES,Non injured ,3
11.03.2012,5:40 PM,1282.7,RHS,Rural,Ulavapadu,Rear End Collision,Lorry hit Lorry,Lorry,Grievious injury,Over speed,Four lanes or more with central divider,Straight road,,Fine,AP09W   2085,YES,Animals affected,0
12.03.2012,5:10 AM,1215,LHS,Rural,Medarametla,Rear End Collision,Bus hit Tipper,Bus,Grievious injury,Over speed,Four lanes or more with central divider,Slight curve,T-Junction,Fine,AP29Z   1867,YES,Fatal,0
12.03.2012,5:10 AM,1215,LHS,Rural,Medarametla,Rear End Collision,Bus hit Tipper,Bus,Grievious injury,Over speed,Four lanes or more with central divider,Slight curve,T-Junction,Fine,AP29Z   1867,YES,Grevious,2
12.03.2012,5:10 AM,1215,LHS,Rural,Medarametla,Rear End Collision,Bus hit Tipper,Bus,Grievious injury,Over speed,Four lanes or more with central divider,Slight curve,T-Junction,Fine,AP29Z   1867,YES,Minor,8
12.03.2012,5:10 AM,1215,LHS,Rural,Medarametla,Rear End Collision,Bus hit Tipper,Bus,Grievious injury,Over speed,Four lanes or more with central divider,Slight curve,T-Junction,Fine,AP29Z   1867,YES,Non injured ,15
12.03.2012,5:10 AM,1215,LHS,Rural,Medarametla,Rear End Collision,Bus hit Tipper,Bus,Grievious injury,Over speed,Four lanes or more with central divider,Slight curve,T-Junction,Fine,AP29Z   1867,YES,Animals affected,0
12.03.2012,10:40 PM,1284.5,LHS,Rural,Ulavapadu,Rear End Collision,Lorry hit Safety wall,Lorry,Non injury,Over speed,Four lanes or more with central divider,Slight curve,,Fine,AP07TW   7686,YES,Fatal,0
12.03.2012,10:40 PM,1284.5,LHS,Rural,Ulavapadu,Rear End Collision,Lorry hit Safety wall,Lorry,Non injury,Over speed,Four lanes or more with central divider,Slight curve,,Fine,AP07TW   7686,YES,Grevious,0
12.03.2012,10:40 PM,1284.5,LHS,Rural,Ulavapadu,Rear End Collision,Lorry hit Safety wall,Lorry,Non injury,Over speed,Four lanes or more with central divider,Slight curve,,Fine,AP07TW   7686,YES,Minor,0
12.03.2012,10:40 PM,1284.5,LHS,Rural,Ulavapadu,Rear End Collision,Lorry hit Safety wall,Lorry,Non injury,Over speed,Four lanes or more with central divider,Slight curve,,Fine,AP07TW   7686,YES,Non injured ,2
12.03.2012,10:40 PM,1284.5,LHS,Rural,Ulavapadu,Rear End Collision,Lorry hit Safety wall,Lorry,Non injury,Over speed,Four lanes or more with central divider,Slight curve,,Fine,AP07TW   7686,YES,Animals affected,0
14.03.2012,6:21 PM,1239.4,LHS,Rural,Maddipadu,Head on collision,Unknown vehicle Hit Pedestrian,Unknown,Fatal,Over speed,Four lanes or more with central divider,Straight road,,Fine,AP16TW  3299,YES,Fatal,1
14.03.2012,6:21 PM,1239.4,LHS,Rural,Maddipadu,Head on collision,Unknown vehicle Hit Pedestrian,Unknown,Fatal,Over speed,Four lanes or more with central divider,Straight road,,Fine,AP16TW  3299,YES,Grevious,0
14.03.2012,6:21 PM,1239.4,LHS,Rural,Maddipadu,Head on collision,Unknown vehicle Hit Pedestrian,Unknown,Fatal,Over speed,Four lanes or more with central divider,Straight road,,Fine,AP16TW  3299,YES,Minor,0
14.03.2012,6:21 PM,1239.4,LHS,Rural,Maddipadu,Head on collision,Unknown vehicle Hit Pedestrian,Unknown,Fatal,Over speed,Four lanes or more with central divider,Straight road,,Fine,AP16TW  3299,YES,Non injured ,1
14.03.2012,6:21 PM,1239.4,LHS,Rural,Maddipadu,Head on collision,Unknown vehicle Hit Pedestrian,Unknown,Fatal,Over speed,Four lanes or more with central divider,Straight road,,Fine,AP16TW  3299,YES,Animals affected,0
15.03.2012,1:50 AM,1315.9,RHS,Rural,Kavali,Rear End Collision,Lorry hit Tipper Lorry,Lorry,Non injury,Over speed,Four lanes or more with central divider,Straight road,,Fine,WB41F   1310,YES,Fatal,0
15.03.2012,1:50 AM,1315.9,RHS,Rural,Kavali,Rear End Collision,Lorry hit Tipper Lorry,Lorry,Non injury,Over speed,Four lanes or more with central divider,Straight road,,Fine,WB41F   1310,YES,Grevious,0
15.03.2012,1:50 AM,1315.9,RHS,Rural,Kavali,Rear End Collision,Lorry hit Tipper Lorry,Lorry,Non injury,Over speed,Four lanes or more with central divider,Straight road,,Fine,WB41F   1310,YES,Minor,0
15.03.2012,1:50 AM,1315.9,RHS,Rural,Kavali,Rear End Collision,Lorry hit Tipper Lorry,Lorry,Non injury,Over speed,Four lanes or more with central divider,Straight road,,Fine,WB41F   1310,YES,Non injured ,2
15.03.2012,1:50 AM,1315.9,RHS,Rural,Kavali,Rear End Collision,Lorry hit Tipper Lorry,Lorry,Non injury,Over speed,Four lanes or more with central divider,Straight road,,Fine,WB41F   1310,YES,Animals affected,0
15.03.2012,2:10 AM,1316.1,RHS,Rural,Kavali,Rear End Collision,Lorry hit Lorry,Lorry,Fatal,Over speed,Four lanes or more with central divider,Straight road,,Fine,AP20X     0899,YES,Fatal,2
15.03.2012,2:10 AM,1316.1,RHS,Rural,Kavali,Rear End Collision,Lorry hit Lorry,Lorry,Fatal,Over speed,Four lanes or more with central divider,Straight road,,Fine,AP20X     0899,YES,Grevious,0
15.03.2012,2:10 AM,1316.1,RHS,Rural,Kavali,Rear End Collision,Lorry hit Lorry,Lorry,Fatal,Over speed,Four lanes or more with central divider,Straight road,,Fine,AP20X     0899,YES,Minor,0
15.03.2012,2:10 AM,1316.1,RHS,Rural,Kavali,Rear End Collision,Lorry hit Lorry,Lorry,Fatal,Over speed,Four lanes or more with central divider,Straight road,,Fine,AP20X     0899,YES,Non injured ,0
15.03.2012,2:10 AM,1316.1,RHS,Rural,Kavali,Rear End Collision,Lorry hit Lorry,Lorry,Fatal,Over speed,Four lanes or more with central divider,Straight road,,Fine,AP20X     0899,YES,Animals affected,0
15.03.2012,3:40 AM,1290.8,LHS,Rural,Ulavapadu,Collision Brush/Side Wipe,Lorry hit Lorry                       ,Lorry,Non injury,Fault of driver of motor vehicle/driver of other vehicle/cyclist/pedestrian/passenger,Four lanes or more with central divider,Straight road,,Fine,AP13T    2299,YES,Fatal,0
15.03.2012,3:40 AM,1290.8,LHS,Rural,Ulavapadu,Collision Brush/Side Wipe,Lorry hit Lorry                       ,Lorry,Non injury,Fault of driver of motor vehicle/driver of other vehicle/cyclist/pedestrian/passenger,Four lanes or more with central divider,Straight road,,Fine,AP13T    2299,YES,Grevious,0
15.03.2012,3:40 AM,1290.8,LHS,Rural,Ulavapadu,Collision Brush/Side Wipe,Lorry hit Lorry                       ,Lorry,Non injury,Fault of driver of motor vehicle/driver of other vehicle/cyclist/pedestrian/passenger,Four lanes or more with central divider,Straight road,,Fine,AP13T    2299,YES,Minor,0
15.03.2012,3:40 AM,1290.8,LHS,Rural,Ulavapadu,Collision Brush/Side Wipe,Lorry hit Lorry                       ,Lorry,Non injury,Fault of driver of motor vehicle/driver of other vehicle/cyclist/pedestrian/passenger,Four lanes or more with central divider,Straight road,,Fine,AP13T    2299,YES,Non injured ,2
15.03.2012,3:40 AM,1290.8,LHS,Rural,Ulavapadu,Collision Brush/Side Wipe,Lorry hit Lorry                       ,Lorry,Non injury,Fault of driver of motor vehicle/driver of other vehicle/cyclist/pedestrian/passenger,Four lanes or more with central divider,Straight road,,Fine,AP13T    2299,YES,Animals affected,0
15.03.2012,3:30 PM,1303.9,RHS,Rural,Gudluru,Overturning,Container Vehicle Over turned,Container,Non injury,Over speed,Four lanes or more with central divider,Straight road,,Fine,JH05AF   1625,YES,Fatal,0
15.03.2012,3:30 PM,1303.9,RHS,Rural,Gudluru,Overturning,Container Vehicle Over turned,Container,Non injury,Over speed,Four lanes or more with central divider,Straight road,,Fine,JH05AF   1625,YES,Grevious,0
15.03.2012,3:30 PM,1303.9,RHS,Rural,Gudluru,Overturning,Container Vehicle Over turned,Container,Non injury,Over speed,Four lanes or more with central divider,Straight road,,Fine,JH05AF   1625,YES,Minor,0
15.03.2012,3:30 PM,1303.9,RHS,Rural,Gudluru,Overturning,Container Vehicle Over turned,Container,Non injury,Over speed,Four lanes or more with central divider,Straight road,,Fine,JH05AF   1625,YES,Non injured ,2
15.03.2012,3:30 PM,1303.9,RHS,Rural,Gudluru,Overturning,Container Vehicle Over turned,Container,Non injury,Over speed,Four lanes or more with central divider,Straight road,,Fine,JH05AF   1625,YES,Animals affected,0
15.03.2012,3:50 PM,1327.8,LHS,Rural,Kavali,Rear End Collision,Car Hit Lorry,Car,Non injury,Over speed,Four lanes or more with central divider,Straight road,,Fine,AP09AV   4676,YES,Fatal,0
15.03.2012,3:50 PM,1327.8,LHS,Rural,Kavali,Rear End Collision,Car Hit Lorry,Car,Non injury,Over speed,Four lanes or more with central divider,Straight road,,Fine,AP09AV   4676,YES,Grevious,0
15.03.2012,3:50 PM,1327.8,LHS,Rural,Kavali,Rear End Collision,Car Hit Lorry,Car,Non injury,Over speed,Four lanes or more with central divider,Straight road,,Fine,AP09AV   4676,YES,Minor,0
15.03.2012,3:50 PM,1327.8,LHS,Rural,Kavali,Rear End Collision,Car Hit Lorry,Car,Non injury,Over speed,Four lanes or more with central divider,Straight road,,Fine,AP09AV   4676,YES,Non injured ,2
15.03.2012,3:50 PM,1327.8,LHS,Rural,Kavali,Rear End Collision,Car Hit Lorry,Car,Non injury,Over speed,Four lanes or more with central divider,Straight road,,Fine,AP09AV   4676,YES,Animals affected,0
15.03.2012,4:15 PM,1235.3,LHS,Rural,Maddipadu,Rear End Collision,Tipper Hit    Tipper,Lorry,Non injury,Over speed,Four lanes or more with central divider,Straight road,T-Junction,Fine,AP22V  5291,YES,Fatal,0
15.03.2012,4:15 PM,1235.3,LHS,Rural,Maddipadu,Rear End Collision,Tipper Hit    Tipper,Lorry,Non injury,Over speed,Four lanes or more with central divider,Straight road,T-Junction,Fine,AP22V  5291,YES,Grevious,0
15.03.2012,4:15 PM,1235.3,LHS,Rural,Maddipadu,Rear End Collision,Tipper Hit    Tipper,Lorry,Non injury,Over speed,Four lanes or more with central divider,Straight road,T-Junction,Fine,AP22V  5291,YES,Minor,0
15.03.2012,4:15 PM,1235.3,LHS,Rural,Maddipadu,Rear End Collision,Tipper Hit    Tipper,Lorry,Non injury,Over speed,Four lanes or more with central divider,Straight road,T-Junction,Fine,AP22V  5291,YES,Non injured ,4
15.03.2012,4:15 PM,1235.3,LHS,Rural,Maddipadu,Rear End Collision,Tipper Hit    Tipper,Lorry,Non injury,Over speed,Four lanes or more with central divider,Straight road,T-Junction,Fine,AP22V  5291,YES,Animals affected,0
16.03.2012,7:28 AM,1231.9,RHS,Rural,Maddipadu,Rear End Collision,Lorry Hit Car,Lorry,Grievious injury,Over speed,Four lanes or more with central divider,Straight road,,Fine,AP29U     6539,YES,Fatal,0
16.03.2012,7:28 AM,1231.9,RHS,Rural,Maddipadu,Rear End Collision,Lorry Hit Car,Lorry,Grievious injury,Over speed,Four lanes or more with central divider,Straight road,,Fine,AP29U     6539,YES,Grevious,1
16.03.2012,7:28 AM,1231.9,RHS,Rural,Maddipadu,Rear End Collision,Lorry Hit Car,Lorry,Grievious injury,Over speed,Four lanes or more with central divider,Straight road,,Fine,AP29U     6539,YES,Minor,1
16.03.2012,7:28 AM,1231.9,RHS,Rural,Maddipadu,Rear End Collision,Lorry Hit Car,Lorry,Grievious injury,Over speed,Four lanes or more with central divider,Straight road,,Fine,AP29U     6539,YES,Non injured ,2
16.03.2012,7:28 AM,1231.9,RHS,Rural,Maddipadu,Rear End Collision,Lorry Hit Car,Lorry,Grievious injury,Over speed,Four lanes or more with central divider,Straight road,,Fine,AP29U     6539,YES,Animals affected,0
18.03.2012,11:45 AM,1337.7,RHS,Rural,K.Tippa ,Rear End Collision,Lorry Hit  Tipper,Lorry,Grievious injury,Over speed,Four lanes or more with central divider,Straight road,,Fine,TN48E       3832,YES,Fatal,0
18.03.2012,11:45 AM,1337.7,RHS,Rural,K.Tippa ,Rear End Collision,Lorry Hit  Tipper,Lorry,Grievious injury,Over speed,Four lanes or more with central divider,Straight road,,Fine,TN48E       3832,YES,Grevious,2
18.03.2012,11:45 AM,1337.7,RHS,Rural,K.Tippa ,Rear End Collision,Lorry Hit  Tipper,Lorry,Grievious injury,Over speed,Four lanes or more with central divider,Straight road,,Fine,TN48E       3832,YES,Minor,0
18.03.2012,11:45 AM,1337.7,RHS,Rural,K.Tippa ,Rear End Collision,Lorry Hit  Tipper,Lorry,Grievious injury,Over speed,Four lanes or more with central divider,Straight road,,Fine,TN48E       3832,YES,Non injured ,2
18.03.2012,11:45 AM,1337.7,RHS,Rural,K.Tippa ,Rear End Collision,Lorry Hit  Tipper,Lorry,Grievious injury,Over speed,Four lanes or more with central divider,Straight road,,Fine,TN48E       3832,YES,Animals affected,0
18.03.2012,5:28 PM,1283.1,RHS,Rural,Ulavapadu,Rear End Collision,Lorry Hit   Tractor,Lorry,Non injury,Over speed,Four lanes or more with central divider,Slight curve,,Fine,AP28BC    0018,YES,Fatal,0
18.03.2012,5:28 PM,1283.1,RHS,Rural,Ulavapadu,Rear End Collision,Lorry Hit   Tractor,Lorry,Non injury,Over speed,Four lanes or more with central divider,Slight curve,,Fine,AP28BC    0018,YES,Grevious,0
18.03.2012,5:28 PM,1283.1,RHS,Rural,Ulavapadu,Rear End Collision,Lorry Hit   Tractor,Lorry,Non injury,Over speed,Four lanes or more with central divider,Slight curve,,Fine,AP28BC    0018,YES,Minor,0
18.03.2012,5:28 PM,1283.1,RHS,Rural,Ulavapadu,Rear End Collision,Lorry Hit   Tractor,Lorry,Non injury,Over speed,Four lanes or more with central divider,Slight curve,,Fine,AP28BC    0018,YES,Non injured ,2
18.03.2012,5:28 PM,1283.1,RHS,Rural,Ulavapadu,Rear End Collision,Lorry Hit   Tractor,Lorry,Non injury,Over speed,Four lanes or more with central divider,Slight curve,,Fine,AP28BC    0018,YES,Animals affected,0
18.03.2012,7:18 PM,1296.4,RHS,Rural,Ulavapadu,Rear End Collision,Lorry Hit   Tractor,Lorry,Non injury,Over speed,Four lanes or more with central divider,Straight road,,Fine,TN32T       3143,YES,Fatal,0
18.03.2012,7:18 PM,1296.4,RHS,Rural,Ulavapadu,Rear End Collision,Lorry Hit   Tractor,Lorry,Non injury,Over speed,Four lanes or more with central divider,Straight road,,Fine,TN32T       3143,YES,Grevious,0