Operational date,Time of Accident,KM && M,Position,Rural/Urban,Location,Nature of Accident Position,Nature of Accident,Vehicle Involved,Type of Accident,Causes,Road Feature,Road condition,Intersection Type And Control,Weather Condition,Vehicle Responsible,Help Provided by Ambulance/Patroling Vehicle,Classification of Accident,No of Affected Persons
18.03.2012,7:18 PM,1296.4,RHS,Rural,Ulavapadu,Rear End Collision,Lorry Hit   Tractor,Lorry,Non injury,Over speed,Four lanes or more with central divider,Straight road,,Fine,TN32T       3143,YES,Minor,0
18.03.2012,7:18 PM,1296.4,RHS,Rural,Ulavapadu,Rear End Collision,Lorry Hit   Tractor,Lorry,Non injury,Over speed,Four lanes or more with central divider,Straight road,,Fine,TN32T       3143,YES,Non injured ,4
18.03.2012,7:18 PM,1296.4,RHS,Rural,Ulavapadu,Rear End Collision,Lorry Hit   Tractor,Lorry,Non injury,Over speed,Four lanes or more with central divider,Straight road,,Fine,TN32T       3143,YES,Animals affected,0
19.03.2012,5:10 AM,1326.3,LHS,Rural,Kavali,Rear End Collision,Lorry hit Safety wall,Lorry,Non injury,Over speed,Four lanes or more with central divider,Straight road,,Fine,HR46B    0599,YES,Fatal,0
19.03.2012,5:10 AM,1326.3,LHS,Rural,Kavali,Rear End Collision,Lorry hit Safety wall,Lorry,Non injury,Over speed,Four lanes or more with central divider,Straight road,,Fine,HR46B    0599,YES,Grevious,0
19.03.2012,5:10 AM,1326.3,LHS,Rural,Kavali,Rear End Collision,Lorry hit Safety wall,Lorry,Non injury,Over speed,Four lanes or more with central divider,Straight road,,Fine,HR46B    0599,YES,Minor,0
19.03.2012,5:10 AM,1326.3,LHS,Rural,Kavali,Rear End Collision,Lorry hit Safety wall,Lorry,Non injury,Over speed,Four lanes or more with central divider,Straight road,,Fine,HR46B    0599,YES,Non injured ,2
19.03.2012,5:10 AM,1326.3,LHS,Rural,Kavali,Rear End Collision,Lorry hit Safety wall,Lorry,Non injury,Over speed,Four lanes or more with central divider,Straight road,,Fine,HR46B    0599,YES,Animals affected,0
19.03.2012,6:45 AM,1324,RHS,Rural,Kavali,Others(p1.Specific),Unknown Vehicle Hit    Pedestrian ,Unknown,Fatal,Over speed,Four lanes or more with central divider,Straight road,Y-Junction,Fine,Unknown      Vehicle,YES,Fatal,1
19.03.2012,6:45 AM,1324,RHS,Rural,Kavali,Others(p1.Specific),Unknown Vehicle Hit    Pedestrian ,Unknown,Fatal,Over speed,Four lanes or more with central divider,Straight road,Y-Junction,Fine,Unknown      Vehicle,YES,Grevious,0
19.03.2012,6:45 AM,1324,RHS,Rural,Kavali,Others(p1.Specific),Unknown Vehicle Hit    Pedestrian ,Unknown,Fatal,Over speed,Four lanes or more with central divider,Straight road,Y-Junction,Fine,Unknown      Vehicle,YES,Minor,0
19.03.2012,6:45 AM,1324,RHS,Rural,Kavali,Others(p1.Specific),Unknown Vehicle Hit    Pedestrian ,Unknown,Fatal,Over speed,Four lanes or more with central divider,Straight road,Y-Junction,Fine,Unknown      Vehicle,YES,Non injured ,0
19.03.2012,6:45 AM,1324,RHS,Rural,Kavali,Others(p1.Specific),Unknown Vehicle Hit    Pedestrian ,Unknown,Fatal,Over speed,Four lanes or more with central divider,Straight road,Y-Junction,Fine,Unknown      Vehicle,YES,Animals affected,0
20.03.2012,5:35 AM,1220.3,RHS,Rural,Medarametla,Rear End Collision, Lorry hit to Lorry,Lorry,Fatal,Fault of driver of motor vehicle/driver of other vehicle/cyclist/pedestrian/passenger,Four lanes or more with central divider,Straight road,,Fine,AP16TY 1572,YES,Fatal,1
20.03.2012,5:35 AM,1220.3,RHS,Rural,Medarametla,Rear End Collision, Lorry hit to Lorry,Lorry,Fatal,Fault of driver of motor vehicle/driver of other vehicle/cyclist/pedestrian/passenger,Four lanes or more with central divider,Straight road,,Fine,AP16TY 1572,YES,Grevious,3
20.03.2012,5:35 AM,1220.3,RHS,Rural,Medarametla,Rear End Collision, Lorry hit to Lorry,Lorry,Fatal,Fault of driver of motor vehicle/driver of other vehicle/cyclist/pedestrian/passenger,Four lanes or more with central divider,Straight road,,Fine,AP16TY 1572,YES,Minor,0
20.03.2012,5:35 AM,1220.3,RHS,Rural,Medarametla,Rear End Collision, Lorry hit to Lorry,Lorry,Fatal,Fault of driver of motor vehicle/driver of other vehicle/cyclist/pedestrian/passenger,Four lanes or more with central divider,Straight road,,Fine,AP16TY 1572,YES,Non injured ,0
20.03.2012,5:35 AM,1220.3,RHS,Rural,Medarametla,Rear End Collision, Lorry hit to Lorry,Lorry,Fatal,Fault of driver of motor vehicle/driver of other vehicle/cyclist/pedestrian/passenger,Four lanes or more with central divider,Straight road,,Fine,AP16TY 1572,YES,Animals affected,0
20.03.2012,2:43 PM,1284,LHS,Rural,Ulavapadu,Rear End Collision,Milk Tanker  hit Lorry ,Tanker,Non injury,Over speed,Four lanes or more with central divider,Straight road,,Fine,AP7U     6879,YES,Fatal,0
20.03.2012,2:43 PM,1284,LHS,Rural,Ulavapadu,Rear End Collision,Milk Tanker  hit Lorry ,Tanker,Non injury,Over speed,Four lanes or more with central divider,Straight road,,Fine,AP7U     6879,YES,Grevious,0
20.03.2012,2:43 PM,1284,LHS,Rural,Ulavapadu,Rear End Collision,Milk Tanker  hit Lorry ,Tanker,Non injury,Over speed,Four lanes or more with central divider,Straight road,,Fine,AP7U     6879,YES,Minor,0
20.03.2012,2:43 PM,1284,LHS,Rural,Ulavapadu,Rear End Collision,Milk Tanker  hit Lorry ,Tanker,Non injury,Over speed,Four lanes or more with central divider,Straight road,,Fine,AP7U     6879,YES,Non injured ,4
20.03.2012,2:43 PM,1284,LHS,Rural,Ulavapadu,Rear End Collision,Milk Tanker  hit Lorry ,Tanker,Non injury,Over speed,Four lanes or more with central divider,Straight road,,Fine,AP7U     6879,YES,Animals affected,0
22.03.2012,3:50 AM,1189.2,LHS,Rural,Martur,Rear End Collision,Lorry Hit Bridge Wall,Lorry,Grievious injury,Fault of driver of motor vehicle/driver of other vehicle/cyclist/pedestrian/passenger,Four lanes or more with central divider,Straight road,,Fine,OR05AJ     0423,YES,Fatal,0
22.03.2012,3:50 AM,1189.2,LHS,Rural,Martur,Rear End Collision,Lorry Hit Bridge Wall,Lorry,Grievious injury,Fault of driver of motor vehicle/driver of other vehicle/cyclist/pedestrian/passenger,Four lanes or more with central divider,Straight road,,Fine,OR05AJ     0423,YES,Grevious,1
22.03.2012,3:50 AM,1189.2,LHS,Rural,Martur,Rear End Collision,Lorry Hit Bridge Wall,Lorry,Grievious injury,Fault of driver of motor vehicle/driver of other vehicle/cyclist/pedestrian/passenger,Four lanes or more with central divider,Straight road,,Fine,OR05AJ     0423,YES,Minor,0
22.03.2012,3:50 AM,1189.2,LHS,Rural,Martur,Rear End Collision,Lorry Hit Bridge Wall,Lorry,Grievious injury,Fault of driver of motor vehicle/driver of other vehicle/cyclist/pedestrian/passenger,Four lanes or more with central divider,Straight road,,Fine,OR05AJ     0423,YES,Non injured ,1
22.03.2012,3:50 AM,1189.2,LHS,Rural,Martur,Rear End Collision,Lorry Hit Bridge Wall,Lorry,Grievious injury,Fault of driver of motor vehicle/driver of other vehicle/cyclist/pedestrian/passenger,Four lanes or more with central divider,Straight road,,Fine,OR05AJ     0423,YES,Animals affected,0
23.03.2012,12:18 AM,1209.9,RHS,Rural,Reningavaram,Rear End Collision,Lorry Hit   Lorry,Lorry,Fatal,Over speed,Four lanes or more with central divider,Straight road,,Fine,AP27Y     4789,YES,Fatal,2
23.03.2012,12:18 AM,1209.9,RHS,Rural,Reningavaram,Rear End Collision,Lorry Hit   Lorry,Lorry,Fatal,Over speed,Four lanes or more with central divider,Straight road,,Fine,AP27Y     4789,YES,Grevious,0
23.03.2012,12:18 AM,1209.9,RHS,Rural,Reningavaram,Rear End Collision,Lorry Hit   Lorry,Lorry,Fatal,Over speed,Four lanes or more with central divider,Straight road,,Fine,AP27Y     4789,YES,Minor,0
23.03.2012,12:18 AM,1209.9,RHS,Rural,Reningavaram,Rear End Collision,Lorry Hit   Lorry,Lorry,Fatal,Over speed,Four lanes or more with central divider,Straight road,,Fine,AP27Y     4789,YES,Non injured ,2
23.03.2012,12:18 AM,1209.9,RHS,Rural,Reningavaram,Rear End Collision,Lorry Hit   Lorry,Lorry,Fatal,Over speed,Four lanes or more with central divider,Straight road,,Fine,AP27Y     4789,YES,Animals affected,0
24.03.2012,2:15 AM,1302.6,LHS,Rural,Gudluru,Rear End Collision,Lorry Hit   Lorry,Lorry,Non injury,Fault of driver of motor vehicle/driver of other vehicle/cyclist/pedestrian/passenger,Four lanes or more with central divider,Straight road,T-Junction,Fine,AP24Y      2763,YES,Fatal,0
24.03.2012,2:15 AM,1302.6,LHS,Rural,Gudluru,Rear End Collision,Lorry Hit   Lorry,Lorry,Non injury,Fault of driver of motor vehicle/driver of other vehicle/cyclist/pedestrian/passenger,Four lanes or more with central divider,Straight road,T-Junction,Fine,AP24Y      2763,YES,Grevious,0
24.03.2012,2:15 AM,1302.6,LHS,Rural,Gudluru,Rear End Collision,Lorry Hit   Lorry,Lorry,Non injury,Fault of driver of motor vehicle/driver of other vehicle/cyclist/pedestrian/passenger,Four lanes or more with central divider,Straight road,T-Junction,Fine,AP24Y      2763,YES,Minor,0
24.03.2012,2:15 AM,1302.6,LHS,Rural,Gudluru,Rear End Collision,Lorry Hit   Lorry,Lorry,Non injury,Fault of driver of motor vehicle/driver of other vehicle/cyclist/pedestrian/passenger,Four lanes or more with central divider,Straight road,T-Junction,Fine,AP24Y      2763,YES,Non injured ,4
24.03.2012,2:15 AM,1302.6,LHS,Rural,Gudluru,Rear End Collision,Lorry Hit   Lorry,Lorry,Non injury,Fault of driver of motor vehicle/driver of other vehicle/cyclist/pedestrian/passenger,Four lanes or more with central divider,Straight road,T-Junction,Fine,AP24Y      2763,YES,Animals affected,0
24.03.2012,9:30 AM,1320.4,LHS,Rural,Kavali,Overturning,Car Over turned,Car,Grievious injury,Over speed,Four lanes or more with central divider,Straight road,,Fine,Ap16BB       1279,YES,Fatal,0
24.03.2012,9:30 AM,1320.4,LHS,Rural,Kavali,Overturning,Car Over turned,Car,Grievious injury,Over speed,Four lanes or more with central divider,Straight road,,Fine,Ap16BB       1279,YES,Grevious,1
24.03.2012,9:30 AM,1320.4,LHS,Rural,Kavali,Overturning,Car Over turned,Car,Grievious injury,Over speed,Four lanes or more with central divider,Straight road,,Fine,Ap16BB       1279,YES,Minor,0
24.03.2012,9:30 AM,1320.4,LHS,Rural,Kavali,Overturning,Car Over turned,Car,Grievious injury,Over speed,Four lanes or more with central divider,Straight road,,Fine,Ap16BB       1279,YES,Non injured ,3
24.03.2012,9:30 AM,1320.4,LHS,Rural,Kavali,Overturning,Car Over turned,Car,Grievious injury,Over speed,Four lanes or more with central divider,Straight road,,Fine,Ap16BB       1279,YES,Animals affected,0
24.03.2012,10:02 AM,1242.7,LHS,Urban,Ongole,Head on collision,car hit        Bike  ,car,Fatal,Over speed,Four lanes or more with central divider,Straight road,,Fine,AP16BM      9495,YES,Fatal,1
24.03.2012,10:02 AM,1242.7,LHS,Urban,Ongole,Head on collision,car hit        Bike  ,car,Fatal,Over speed,Four lanes or more with central divider,Straight road,,Fine,AP16BM      9495,YES,Grevious,0
24.03.2012,10:02 AM,1242.7,LHS,Urban,Ongole,Head on collision,car hit        Bike  ,car,Fatal,Over speed,Four lanes or more with central divider,Straight road,,Fine,AP16BM      9495,YES,Minor,2
24.03.2012,10:02 AM,1242.7,LHS,Urban,Ongole,Head on collision,car hit        Bike  ,car,Fatal,Over speed,Four lanes or more with central divider,Straight road,,Fine,AP16BM      9495,YES,Non injured ,4
24.03.2012,10:02 AM,1242.7,LHS,Urban,Ongole,Head on collision,car hit        Bike  ,car,Fatal,Over speed,Four lanes or more with central divider,Straight road,,Fine,AP16BM      9495,YES,Animals affected,0
24.03.2012,10:50 PM,1268.2,RHS,Rural,Jarugumalli,Head on collision,Lorry Hit Tractor,Lorry,Non injury,Over speed,Four lanes or more with central divider,Straight road,,Fine,AP37W        1249,YES,Fatal,0
24.03.2012,10:50 PM,1268.2,RHS,Rural,Jarugumalli,Head on collision,Lorry Hit Tractor,Lorry,Non injury,Over speed,Four lanes or more with central divider,Straight road,,Fine,AP37W        1249,YES,Grevious,0
24.03.2012,10:50 PM,1268.2,RHS,Rural,Jarugumalli,Head on collision,Lorry Hit Tractor,Lorry,Non injury,Over speed,Four lanes or more with central divider,Straight road,,Fine,AP37W        1249,YES,Minor,0
24.03.2012,10:50 PM,1268.2,RHS,Rural,Jarugumalli,Head on collision,Lorry Hit Tractor,Lorry,Non injury,Over speed,Four lanes or more with central divider,Straight road,,Fine,AP37W        1249,YES,Non injured ,6
24.03.2012,10:50 PM,1268.2,RHS,Rural,Jarugumalli,Head on collision,Lorry Hit Tractor,Lorry,Non injury,Over speed,Four lanes or more with central divider,Straight road,,Fine,AP37W        1249,YES,Animals affected,0
25.03.2012,6:10 AM,1284.9,RHS,Rural,Singarayakonda,Rear End Collision,Lorry hit Tata ACE,Lorry,Non injury,Over speed,Four lanes or more with central divider,Straight road,,Fine,WB23C    3236,YES,Fatal,0
25.03.2012,6:10 AM,1284.9,RHS,Rural,Singarayakonda,Rear End Collision,Lorry hit Tata ACE,Lorry,Non injury,Over speed,Four lanes or more with central divider,Straight road,,Fine,WB23C    3236,YES,Grevious,0
25.03.2012,6:10 AM,1284.9,RHS,Rural,Singarayakonda,Rear End Collision,Lorry hit Tata ACE,Lorry,Non injury,Over speed,Four lanes or more with central divider,Straight road,,Fine,WB23C    3236,YES,Minor,0
25.03.2012,6:10 AM,1284.9,RHS,Rural,Singarayakonda,Rear End Collision,Lorry hit Tata ACE,Lorry,Non injury,Over speed,Four lanes or more with central divider,Straight road,,Fine,WB23C    3236,YES,Non injured ,4
25.03.2012,6:10 AM,1284.9,RHS,Rural,Singarayakonda,Rear End Collision,Lorry hit Tata ACE,Lorry,Non injury,Over speed,Four lanes or more with central divider,Straight road,,Fine,WB23C    3236,YES,Animals affected,0
25.03.2012,1:03 PM,1263.8,LHS,Rural,Tangutur,Rear End Collision, Lorry hit Car,Lorry,Non injury,Over speed,Four lanes or more with central divider,Straight road,,Fine,AP 16 TB 3789,YES,Fatal,0
25.03.2012,1:03 PM,1263.8,LHS,Rural,Tangutur,Rear End Collision, Lorry hit Car,Lorry,Non injury,Over speed,Four lanes or more with central divider,Straight road,,Fine,AP 16 TB 3789,YES,Grevious,0
25.03.2012,1:03 PM,1263.8,LHS,Rural,Tangutur,Rear End Collision, Lorry hit Car,Lorry,Non injury,Over speed,Four lanes or more with central divider,Straight road,,Fine,AP 16 TB 3789,YES,Minor,0
25.03.2012,1:03 PM,1263.8,LHS,Rural,Tangutur,Rear End Collision, Lorry hit Car,Lorry,Non injury,Over speed,Four lanes or more with central divider,Straight road,,Fine,AP 16 TB 3789,YES,Non injured ,2
25.03.2012,1:03 PM,1263.8,LHS,Rural,Tangutur,Rear End Collision, Lorry hit Car,Lorry,Non injury,Over speed,Four lanes or more with central divider,Straight road,,Fine,AP 16 TB 3789,YES,Animals affected,0
25.03.2012,3:10 PM,1240,RHS,Rural,Ongole,Overturning, Tractor load over Turned,Tractor,Non injury,Over speed,Four lanes or more with central divider,Straight road,,Fine,AP 04 U 6339,YES,Fatal,0
25.03.2012,3:10 PM,1240,RHS,Rural,Ongole,Overturning, Tractor load over Turned,Tractor,Non injury,Over speed,Four lanes or more with central divider,Straight road,,Fine,AP 04 U 6339,YES,Grevious,0
25.03.2012,3:10 PM,1240,RHS,Rural,Ongole,Overturning, Tractor load over Turned,Tractor,Non injury,Over speed,Four lanes or more with central divider,Straight road,,Fine,AP 04 U 6339,YES,Minor,0
25.03.2012,3:10 PM,1240,RHS,Rural,Ongole,Overturning, Tractor load over Turned,Tractor,Non injury,Over speed,Four lanes or more with central divider,Straight road,,Fine,AP 04 U 6339,YES,Non injured ,2
25.03.2012,3:10 PM,1240,RHS,Rural,Ongole,Overturning, Tractor load over Turned,Tractor,Non injury,Over speed,Four lanes or more with central divider,Straight road,,Fine,AP 04 U 6339,YES,Animals affected,0
26.03.2012,5:30 AM,1302.5,LHS,Rural,Gudluru,Rear End Collision,Lorry hit   Unknown     Vehicle,Lorry,Non injury,Over speed,Four lanes or more with central divider,Straight road,T-Junction,Fine,AP29T      5212,YES,Fatal,0
26.03.2012,5:30 AM,1302.5,LHS,Rural,Gudluru,Rear End Collision,Lorry hit   Unknown     Vehicle,Lorry,Non injury,Over speed,Four lanes or more with central divider,Straight road,T-Junction,Fine,AP29T      5212,YES,Grevious,0
26.03.2012,5:30 AM,1302.5,LHS,Rural,Gudluru,Rear End Collision,Lorry hit   Unknown     Vehicle,Lorry,Non injury,Over speed,Four lanes or more with central divider,Straight road,T-Junction,Fine,AP29T      5212,YES,Minor,0
26.03.2012,5:30 AM,1302.5,LHS,Rural,Gudluru,Rear End Collision,Lorry hit   Unknown     Vehicle,Lorry,Non injury,Over speed,Four lanes or more with central divider,Straight road,T-Junction,Fine,AP29T      5212,YES,Non injured ,2
26.03.2012,5:30 AM,1302.5,LHS,Rural,Gudluru,Rear End Collision,Lorry hit   Unknown     Vehicle,Lorry,Non injury,Over speed,Four lanes or more with central divider,Straight road,T-Junction,Fine,AP29T      5212,YES,Animals affected,0
26.03.2012,8:30 AM,1366.3,LHS,Rural,Kovuru,Rear End Collision,Lorry Hit   Lorry,Lorry,Fatal,Over speed,Four lanes or more with central divider,Straight road,,Fine,TN33R        2165,YES,Fatal,1
26.03.2012,8:30 AM,1366.3,LHS,Rural,Kovuru,Rear End Collision,Lorry Hit   Lorry,Lorry,Fatal,Over speed,Four lanes or more with central divider,Straight road,,Fine,TN33R        2165,YES,Grevious,0
26.03.2012,8:30 AM,1366.3,LHS,Rural,Kovuru,Rear End Collision,Lorry Hit   Lorry,Lorry,Fatal,Over speed,Four lanes or more with central divider,Straight road,,Fine,TN33R        2165,YES,Minor,1
26.03.2012,8:30 AM,1366.3,LHS,Rural,Kovuru,Rear End Collision,Lorry Hit   Lorry,Lorry,Fatal,Over speed,Four lanes or more with central divider,Straight road,,Fine,TN33R        2165,YES,Non injured ,2
26.03.2012,8:30 AM,1366.3,LHS,Rural,Kovuru,Rear End Collision,Lorry Hit   Lorry,Lorry,Fatal,Over speed,Four lanes or more with central divider,Straight road,,Fine,TN33R        2165,YES,Animals affected,0
26.03.2012,9:00 AM,1273.4,RHS,Rural,Singarayakonda,Overturning,Tractor Over Turned,Tractor,Minor injury,Over speed,Four lanes or more with central divider,Straight road,,Fine,AP04TT     0816,YES,Fatal,0
26.03.2012,9:00 AM,1273.4,RHS,Rural,Singarayakonda,Overturning,Tractor Over Turned,Tractor,Minor injury,Over speed,Four lanes or more with central divider,Straight road,,Fine,AP04TT     0816,YES,Grevious,0
26.03.2012,9:00 AM,1273.4,RHS,Rural,Singarayakonda,Overturning,Tractor Over Turned,Tractor,Minor injury,Over speed,Four lanes or more with central divider,Straight road,,Fine,AP04TT     0816,YES,Minor,1
26.03.2012,9:00 AM,1273.4,RHS,Rural,Singarayakonda,Overturning,Tractor Over Turned,Tractor,Minor injury,Over speed,Four lanes or more with central divider,Straight road,,Fine,AP04TT     0816,YES,Non injured ,3
26.03.2012,9:00 AM,1273.4,RHS,Rural,Singarayakonda,Overturning,Tractor Over Turned,Tractor,Minor injury,Over speed,Four lanes or more with central divider,Straight road,,Fine,AP04TT     0816,YES,Animals affected,0
26.03.2012,8:45 PM,1259.4,RHS,Rural,Tangutur,Others(p1.Specific), Lorry hit Buffellow,Lorry,Non injury,Over speed,Four lanes or more with central divider,Sharp curve,,Fine,ABK     8898,YES,Fatal,0
26.03.2012,8:45 PM,1259.4,RHS,Rural,Tangutur,Others(p1.Specific), Lorry hit Buffellow,Lorry,Non injury,Over speed,Four lanes or more with central divider,Sharp curve,,Fine,ABK     8898,YES,Grevious,0
26.03.2012,8:45 PM,1259.4,RHS,Rural,Tangutur,Others(p1.Specific), Lorry hit Buffellow,Lorry,Non injury,Over speed,Four lanes or more with central divider,Sharp curve,,Fine,ABK     8898,YES,Minor,0
26.03.2012,8:45 PM,1259.4,RHS,Rural,Tangutur,Others(p1.Specific), Lorry hit Buffellow,Lorry,Non injury,Over speed,Four lanes or more with central divider,Sharp curve,,Fine,ABK     8898,YES,Non injured ,2
26.03.2012,8:45 PM,1259.4,RHS,Rural,Tangutur,Others(p1.Specific), Lorry hit Buffellow,Lorry,Non injury,Over speed,Four lanes or more with central divider,Sharp curve,,Fine,ABK     8898,YES,Animals affected,1
26.03.2012,11:21 PM,1287,LHS,Rural,Ulavapadu,Rear End Collision,Lorry hit Lorry,Lorry,Non injury,Over speed,Four lanes or more with central divider,Straight road,,Fine,TN28AL    0238,YES,Fatal,0
26.03.2012,11:21 PM,1287,LHS,Rural,Ulavapadu,Rear End Collision,Lorry hit Lorry,Lorry,Non injury,Over speed,Four lanes or more with central divider,Straight road,,Fine,TN28AL    0238,YES,Grevious,0
26.03.2012,11:21 PM,1287,LHS,Rural,Ulavapadu,Rear End Collision,Lorry hit Lorry,Lorry,Non injury,Over speed,Four lanes or more with central divider,Straight road,,Fine,TN28AL    0238,YES,Minor,0
26.03.2012,11:21 PM,1287,LHS,Rural,Ulavapadu,Rear End Collision,Lorry hit Lorry,Lorry,Non injury,Over speed,Four lanes or more with central divider,Straight road,,Fine,TN28AL    0238,YES,Non injured ,2
26.03.2012,11:21 PM,1287,LHS,Rural,Ulavapadu,Rear End Collision,Lorry hit Lorry,Lorry,Non injury,Over speed,Four lanes or more with central divider,Straight road,,Fine,TN28AL    0238,YES,Animals affected,0
27.03.2012,3:50 AM,1285.5,LHS,Rural,Ulavapadu,Rear End Collision,Lorry Hit  Unknown Vehicle,Lorry,Non injury,Over speed,Four lanes or more with central divider,Straight road,,Fine,AP31TW   3899,YES,Fatal,0
27.03.2012,3:50 AM,1285.5,LHS,Rural,Ulavapadu,Rear End Collision,Lorry Hit  Unknown Vehicle,Lorry,Non injury,Over speed,Four lanes or more with central divider,Straight road,,Fine,AP31TW   3899,YES,Grevious,0
27.03.2012,3:50 AM,1285.5,LHS,Rural,Ulavapadu,Rear End Collision,Lorry Hit  Unknown Vehicle,Lorry,Non injury,Over speed,Four lanes or more with central divider,Straight road,,Fine,AP31TW   3899,YES,Minor,0
27.03.2012,3:50 AM,1285.5,LHS,Rural,Ulavapadu,Rear End Collision,Lorry Hit  Unknown Vehicle,Lorry,Non injury,Over speed,Four lanes or more with central divider,Straight road,,Fine,AP31TW   3899,YES,Non injured ,2
27.03.2012,3:50 AM,1285.5,LHS,Rural,Ulavapadu,Rear End Collision,Lorry Hit  Unknown Vehicle,Lorry,Non injury,Over speed,Four lanes or more with central divider,Straight road,,Fine,AP31TW   3899,YES,Animals affected,0
27.03.2012,4:42 AM,1288.5,RHS,Rural,Ulavapadu, ,)Lorry Overturned,Lorry,Non injury,Over speed,Four lanes or more with central divider,Straight road,,Fine,AP16TB        7360,YES,Fatal,0
27.03.2012,4:42 AM,1288.5,RHS,Rural,Ulavapadu, ,)Lorry Overturned,Lorry,Non injury,Over speed,Four lanes or more with central divider,Straight road,,Fine,AP16TB        7360,YES,Grevious,0
27.03.2012,4:42 AM,1288.5,RHS,Rural,Ulavapadu, ,)Lorry Overturned,Lorry,Non injury,Over speed,Four lanes or more with central divider,Straight road,,Fine,AP16TB        7360,YES,Minor,0
27.03.2012,4:42 AM,1288.5,RHS,Rural,Ulavapadu, ,)Lorry Overturned,Lorry,Non injury,Over speed,Four lanes or more with central divider,Straight road,,Fine,AP16TB        7360,YES,Non injured ,2
27.03.2012,4:42 AM,1288.5,RHS,Rural,Ulavapadu, ,)Lorry Overturned,Lorry,Non injury,Over speed,Four lanes or more with central divider,Straight road,,Fine,AP16TB        7360,YES,Animals affected,0
28.03.2012,6:50 AM,1261.3,LHS,Rural,Tangutur,Overturning,Tractor Over Turned,Tractor,Fatal,Over speed,Four lanes or more with central divider,Sharp curve,,Fine,AP27TG   4000,YES,Fatal,1
28.03.2012,6:50 AM,1261.3,LHS,Rural,Tangutur,Overturning,Tractor Over Turned,Tractor,Fatal,Over speed,Four lanes or more with central divider,Sharp curve,,Fine,AP27TG   4000,YES,Grevious,0
28.03.2012,6:50 AM,1261.3,LHS,Rural,Tangutur,Overturning,Tractor Over Turned,Tractor,Fatal,Over speed,Four lanes or more with central divider,Sharp curve,,Fine,AP27TG   4000,YES,Minor,3
28.03.2012,6:50 AM,1261.3,LHS,Rural,Tangutur,Overturning,Tractor Over Turned,Tractor,Fatal,Over speed,Four lanes or more with central divider,Sharp curve,,Fine,AP27TG   4000,YES,Non injured ,2
28.03.2012,6:50 AM,1261.3,LHS,Rural,Tangutur,Overturning,Tractor Over Turned,Tractor,Fatal,Over speed,Four lanes or more with central divider,Sharp curve,,Fine,AP27TG   4000,YES,Animals affected,0
29.03.2012,3:15 AM,1218.3,RHS,Rural,Medarametla,Rear End Collision,Trolley hit  lorry,Trolley,Grievious injury,Druken,Four lanes or more with central divider,Straight road,,Fine,AP31Y  6262,YES,Fatal,0
29.03.2012,3:15 AM,1218.3,RHS,Rural,Medarametla,Rear End Collision,Trolley hit  lorry,Trolley,Grievious injury,Druken,Four lanes or more with central divider,Straight road,,Fine,AP31Y  6262,YES,Grevious,1
29.03.2012,3:15 AM,1218.3,RHS,Rural,Medarametla,Rear End Collision,Trolley hit  lorry,Trolley,Grievious injury,Druken,Four lanes or more with central divider,Straight road,,Fine,AP31Y  6262,YES,Minor,1
29.03.2012,3:15 AM,1218.3,RHS,Rural,Medarametla,Rear End Collision,Trolley hit  lorry,Trolley,Grievious injury,Druken,Four lanes or more with central divider,Straight road,,Fine,AP31Y  6262,YES,Non injured ,2
29.03.2012,3:15 AM,1218.3,RHS,Rural,Medarametla,Rear End Collision,Trolley hit  lorry,Trolley,Grievious injury,Druken,Four lanes or more with central divider,Straight road,,Fine,AP31Y  6262,YES,Animals affected,0
29.03.2012,10:43 PM,1328.6,LHS,Rural,Kavali,Rear End Collision,Lorry hit Unknown  Vehicle,Lorry,Non injury,Over speed,Three lanes or more without central divider(median),Sharp curve,Staggered jumction,Fine,TN20BE    1368,YES,Fatal,0
29.03.2012,10:43 PM,1328.6,LHS,Rural,Kavali,Rear End Collision,Lorry hit Unknown  Vehicle,Lorry,Non injury,Over speed,Three lanes or more without central divider(median),Sharp curve,Staggered jumction,Fine,TN20BE    1368,YES,Grevious,0
29.03.2012,10:43 PM,1328.6,LHS,Rural,Kavali,Rear End Collision,Lorry hit Unknown  Vehicle,Lorry,Non injury,Over speed,Three lanes or more without central divider(median),Sharp curve,Staggered jumction,Fine,TN20BE    1368,YES,Minor,0
29.03.2012,10:43 PM,1328.6,LHS,Rural,Kavali,Rear End Collision,Lorry hit Unknown  Vehicle,Lorry,Non injury,Over speed,Three lanes or more without central divider(median),Sharp curve,Staggered jumction,Fine,TN20BE    1368,YES,Non injured ,2
29.03.2012,10:43 PM,1328.6,LHS,Rural,Kavali,Rear End Collision,Lorry hit Unknown  Vehicle,Lorry,Non injury,Over speed,Three lanes or more without central divider(median),Sharp curve,Staggered jumction,Fine,TN20BE    1368,YES,Animals affected,0
30.03.2012,1:15 AM,1316.2,LHS,Rural,Kavali,Rear End Collision,Lorry hit Lorry,Lorry,Non injury,Over speed,Four lanes or more with central divider,Straight road,,Fine,NL01D    2384,YES,Fatal,0
30.03.2012,1:15 AM,1316.2,LHS,Rural,Kavali,Rear End Collision,Lorry hit Lorry,Lorry,Non injury,Over speed,Four lanes or more with central divider,Straight road,,Fine,NL01D    2384,YES,Grevious,0
30.03.2012,1:15 AM,1316.2,LHS,Rural,Kavali,Rear End Collision,Lorry hit Lorry,Lorry,Non injury,Over speed,Four lanes or more with central divider,Straight road,,Fine,NL01D    2384,YES,Minor,0
30.03.2012,1:15 AM,1316.2,LHS,Rural,Kavali,Rear End Collision,Lorry hit Lorry,Lorry,Non injury,Over speed,Four lanes or more with central divider,Straight road,,Fine,NL01D    2384,YES,Non injured ,4
30.03.2012,1:15 AM,1316.2,LHS,Rural,Kavali,Rear End Collision,Lorry hit Lorry,Lorry,Non injury,Over speed,Four lanes or more with central divider,Straight road,,Fine,NL01D    2384,YES,Animals affected,0