Operational date,Time of Accident,KM && M,Position,Rural/Urban,Location,Nature of Accident Position,Nature of Accident,Vehicle Involved,Type of Accident,Causes,Road Feature,Road condition,Intersection Type And Control,Weather Condition,Vehicle Responsible,Help Provided by Ambulance/Patroling Vehicle,Classification of Accident,No of Affected Persons
30.03.2012,2:30 AM,1239.5,LHS,Rural,Ongole,Rear End Collision,Lorry hit  Lorry,Lorry,Non injury,Over speed,Four lanes or more with central divider,Straight road,,Fine,TN23AB   3845,YES,Fatal,0
30.03.2012,2:30 AM,1239.5,LHS,Rural,Ongole,Rear End Collision,Lorry hit  Lorry,Lorry,Non injury,Over speed,Four lanes or more with central divider,Straight road,,Fine,TN23AB   3845,YES,Grevious,0
30.03.2012,2:30 AM,1239.5,LHS,Rural,Ongole,Rear End Collision,Lorry hit  Lorry,Lorry,Non injury,Over speed,Four lanes or more with central divider,Straight road,,Fine,TN23AB   3845,YES,Minor,0
30.03.2012,2:30 AM,1239.5,LHS,Rural,Ongole,Rear End Collision,Lorry hit  Lorry,Lorry,Non injury,Over speed,Four lanes or more with central divider,Straight road,,Fine,TN23AB   3845,YES,Non injured ,2
30.03.2012,2:30 AM,1239.5,LHS,Rural,Ongole,Rear End Collision,Lorry hit  Lorry,Lorry,Non injury,Over speed,Four lanes or more with central divider,Straight road,,Fine,TN23AB   3845,YES,Animals affected,0
30.03.2012,7:15 AM,1316.2,RHS,Rural,Kavali,Rear End Collision,Oil Tanker hit Lorry,Tanker,Minor injury,Over speed,Four lanes or more with central divider,Straight road,,Fine,AP31TB   1399,YES,Fatal,0
30.03.2012,7:15 AM,1316.2,RHS,Rural,Kavali,Rear End Collision,Oil Tanker hit Lorry,Tanker,Minor injury,Over speed,Four lanes or more with central divider,Straight road,,Fine,AP31TB   1399,YES,Grevious,0
30.03.2012,7:15 AM,1316.2,RHS,Rural,Kavali,Rear End Collision,Oil Tanker hit Lorry,Tanker,Minor injury,Over speed,Four lanes or more with central divider,Straight road,,Fine,AP31TB   1399,YES,Minor,1
30.03.2012,7:15 AM,1316.2,RHS,Rural,Kavali,Rear End Collision,Oil Tanker hit Lorry,Tanker,Minor injury,Over speed,Four lanes or more with central divider,Straight road,,Fine,AP31TB   1399,YES,Non injured ,1
30.03.2012,7:15 AM,1316.2,RHS,Rural,Kavali,Rear End Collision,Oil Tanker hit Lorry,Tanker,Minor injury,Over speed,Four lanes or more with central divider,Straight road,,Fine,AP31TB   1399,YES,Animals affected,0
30.03.2012,5:00 PM,1282,LHS,Rural,Singarayakonda,Rear End Collision,Mini Lorry hit Bike,Lorry,Grievious injury,Over speed,Four lanes or more with central divider,Straight road,,Fine,AP36U    1565,YES,Fatal,0
30.03.2012,5:00 PM,1282,LHS,Rural,Singarayakonda,Rear End Collision,Mini Lorry hit Bike,Lorry,Grievious injury,Over speed,Four lanes or more with central divider,Straight road,,Fine,AP36U    1565,YES,Grevious,2
30.03.2012,5:00 PM,1282,LHS,Rural,Singarayakonda,Rear End Collision,Mini Lorry hit Bike,Lorry,Grievious injury,Over speed,Four lanes or more with central divider,Straight road,,Fine,AP36U    1565,YES,Minor,0
30.03.2012,5:00 PM,1282,LHS,Rural,Singarayakonda,Rear End Collision,Mini Lorry hit Bike,Lorry,Grievious injury,Over speed,Four lanes or more with central divider,Straight road,,Fine,AP36U    1565,YES,Non injured ,2
30.03.2012,5:00 PM,1282,LHS,Rural,Singarayakonda,Rear End Collision,Mini Lorry hit Bike,Lorry,Grievious injury,Over speed,Four lanes or more with central divider,Straight road,,Fine,AP36U    1565,YES,Animals affected,0
30.03.2012,6:05 PM,1328.7,RHS,Rural,Kavali,Others(p1.Specific),Oil Tanker hit Pedestrian,Tanker,Minor injury,Over speed,Four lanes or more with central divider,Straight road,,Fine,AP37W    4205,YES,Fatal,0
30.03.2012,6:05 PM,1328.7,RHS,Rural,Kavali,Others(p1.Specific),Oil Tanker hit Pedestrian,Tanker,Minor injury,Over speed,Four lanes or more with central divider,Straight road,,Fine,AP37W    4205,YES,Grevious,0
30.03.2012,6:05 PM,1328.7,RHS,Rural,Kavali,Others(p1.Specific),Oil Tanker hit Pedestrian,Tanker,Minor injury,Over speed,Four lanes or more with central divider,Straight road,,Fine,AP37W    4205,YES,Minor,1
30.03.2012,6:05 PM,1328.7,RHS,Rural,Kavali,Others(p1.Specific),Oil Tanker hit Pedestrian,Tanker,Minor injury,Over speed,Four lanes or more with central divider,Straight road,,Fine,AP37W    4205,YES,Non injured ,2
30.03.2012,6:05 PM,1328.7,RHS,Rural,Kavali,Others(p1.Specific),Oil Tanker hit Pedestrian,Tanker,Minor injury,Over speed,Four lanes or more with central divider,Straight road,,Fine,AP37W    4205,YES,Animals affected,0
30.03.2012,7:00 PM,1239,RHS,Rural,Maddipadu,Rear End Collision,Auto hit  Auto,Auto,Fatal,Over speed,Four lanes or more with central divider,Dip,,Fine,AP27W   7430,YES,Fatal,1
30.03.2012,7:00 PM,1239,RHS,Rural,Maddipadu,Rear End Collision,Auto hit  Auto,Auto,Fatal,Over speed,Four lanes or more with central divider,Dip,,Fine,AP27W   7430,YES,Grevious,1
30.03.2012,7:00 PM,1239,RHS,Rural,Maddipadu,Rear End Collision,Auto hit  Auto,Auto,Fatal,Over speed,Four lanes or more with central divider,Dip,,Fine,AP27W   7430,YES,Minor,7
30.03.2012,7:00 PM,1239,RHS,Rural,Maddipadu,Rear End Collision,Auto hit  Auto,Auto,Fatal,Over speed,Four lanes or more with central divider,Dip,,Fine,AP27W   7430,YES,Non injured ,9
30.03.2012,7:00 PM,1239,RHS,Rural,Maddipadu,Rear End Collision,Auto hit  Auto,Auto,Fatal,Over speed,Four lanes or more with central divider,Dip,,Fine,AP27W   7430,YES,Animals affected,0
31.03.2012,5:03 AM,1364.7,RHS,Rural,Kovuru,Rear End Collision,Lorry hit  Metal Beam crash Barrier,Lorry,Non injury,Over speed,Four lanes or more with central divider,Dip,,Fine,HR38M   6418,YES,Fatal,0
31.03.2012,5:03 AM,1364.7,RHS,Rural,Kovuru,Rear End Collision,Lorry hit  Metal Beam crash Barrier,Lorry,Non injury,Over speed,Four lanes or more with central divider,Dip,,Fine,HR38M   6418,YES,Grevious,0
31.03.2012,5:03 AM,1364.7,RHS,Rural,Kovuru,Rear End Collision,Lorry hit  Metal Beam crash Barrier,Lorry,Non injury,Over speed,Four lanes or more with central divider,Dip,,Fine,HR38M   6418,YES,Minor,0
31.03.2012,5:03 AM,1364.7,RHS,Rural,Kovuru,Rear End Collision,Lorry hit  Metal Beam crash Barrier,Lorry,Non injury,Over speed,Four lanes or more with central divider,Dip,,Fine,HR38M   6418,YES,Non injured ,2
31.03.2012,5:03 AM,1364.7,RHS,Rural,Kovuru,Rear End Collision,Lorry hit  Metal Beam crash Barrier,Lorry,Non injury,Over speed,Four lanes or more with central divider,Dip,,Fine,HR38M   6418,YES,Animals affected,0
31.03.2012,9:00 PM,1247.2,LHS,Urban,Ongole,Rear End Collision,Bike Hit   Median,Bike,Fatal,Over speed,Four lanes or more with central divider,Dip,,Fine,AP27AM   7792,YES,Fatal,1
31.03.2012,9:00 PM,1247.2,LHS,Urban,Ongole,Rear End Collision,Bike Hit   Median,Bike,Fatal,Over speed,Four lanes or more with central divider,Dip,,Fine,AP27AM   7792,YES,Grevious,1
31.03.2012,9:00 PM,1247.2,LHS,Urban,Ongole,Rear End Collision,Bike Hit   Median,Bike,Fatal,Over speed,Four lanes or more with central divider,Dip,,Fine,AP27AM   7792,YES,Minor,0
31.03.2012,9:00 PM,1247.2,LHS,Urban,Ongole,Rear End Collision,Bike Hit   Median,Bike,Fatal,Over speed,Four lanes or more with central divider,Dip,,Fine,AP27AM   7792,YES,Non injured ,0
31.03.2012,9:00 PM,1247.2,LHS,Urban,Ongole,Rear End Collision,Bike Hit   Median,Bike,Fatal,Over speed,Four lanes or more with central divider,Dip,,Fine,AP27AM   7792,YES,Animals affected,0
01.04.2012,12:05 AM,1346.6,RHS,Rural,Dagadarthi,Rear End Collision,Lorry Hit Lorry,Lorry,Minor injury,Over speed,Four lanes or more with central divider,Straight road,,Fine,TN33AR  3279,YES,Fatal,0
01.04.2012,12:05 AM,1346.6,RHS,Rural,Dagadarthi,Rear End Collision,Lorry Hit Lorry,Lorry,Minor injury,Over speed,Four lanes or more with central divider,Straight road,,Fine,TN33AR  3279,YES,Grevious,0
01.04.2012,12:05 AM,1346.6,RHS,Rural,Dagadarthi,Rear End Collision,Lorry Hit Lorry,Lorry,Minor injury,Over speed,Four lanes or more with central divider,Straight road,,Fine,TN33AR  3279,YES,Minor,1
01.04.2012,12:05 AM,1346.6,RHS,Rural,Dagadarthi,Rear End Collision,Lorry Hit Lorry,Lorry,Minor injury,Over speed,Four lanes or more with central divider,Straight road,,Fine,TN33AR  3279,YES,Non injured ,4
01.04.2012,12:05 AM,1346.6,RHS,Rural,Dagadarthi,Rear End Collision,Lorry Hit Lorry,Lorry,Minor injury,Over speed,Four lanes or more with central divider,Straight road,,Fine,TN33AR  3279,YES,Animals affected,0
01.04.2012,1:05 AM,1232.3,LHS,Rural,Maddipadu,Head on collision,APSRTC Bus Hit LCV,Bus,Minor injury,Over speed,Four lanes or more with central divider,Straight road,,Fine,AP28Z   5741,YES,Fatal,0
01.04.2012,1:05 AM,1232.3,LHS,Rural,Maddipadu,Head on collision,APSRTC Bus Hit LCV,Bus,Minor injury,Over speed,Four lanes or more with central divider,Straight road,,Fine,AP28Z   5741,YES,Grevious,0
01.04.2012,1:05 AM,1232.3,LHS,Rural,Maddipadu,Head on collision,APSRTC Bus Hit LCV,Bus,Minor injury,Over speed,Four lanes or more with central divider,Straight road,,Fine,AP28Z   5741,YES,Minor,1
01.04.2012,1:05 AM,1232.3,LHS,Rural,Maddipadu,Head on collision,APSRTC Bus Hit LCV,Bus,Minor injury,Over speed,Four lanes or more with central divider,Straight road,,Fine,AP28Z   5741,YES,Non injured ,25
01.04.2012,1:05 AM,1232.3,LHS,Rural,Maddipadu,Head on collision,APSRTC Bus Hit LCV,Bus,Minor injury,Over speed,Four lanes or more with central divider,Straight road,,Fine,AP28Z   5741,YES,Animals affected,0
01.04.2012,2:34 AM,1324.2,LHS,Rural,Kavali,Head on collision,Lorry Hit   Car,Lorry,Grievious injury,Over speed,Four lanes or more with central divider,Straight road,,Fine,AP16TU 4289,YES,Fatal,0
01.04.2012,2:34 AM,1324.2,LHS,Rural,Kavali,Head on collision,Lorry Hit   Car,Lorry,Grievious injury,Over speed,Four lanes or more with central divider,Straight road,,Fine,AP16TU 4289,YES,Grevious,2
01.04.2012,2:34 AM,1324.2,LHS,Rural,Kavali,Head on collision,Lorry Hit   Car,Lorry,Grievious injury,Over speed,Four lanes or more with central divider,Straight road,,Fine,AP16TU 4289,YES,Minor,2
01.04.2012,2:34 AM,1324.2,LHS,Rural,Kavali,Head on collision,Lorry Hit   Car,Lorry,Grievious injury,Over speed,Four lanes or more with central divider,Straight road,,Fine,AP16TU 4289,YES,Non injured ,4
01.04.2012,2:34 AM,1324.2,LHS,Rural,Kavali,Head on collision,Lorry Hit   Car,Lorry,Grievious injury,Over speed,Four lanes or more with central divider,Straight road,,Fine,AP16TU 4289,YES,Animals affected,0
01.04.2012,3:05 AM,1305.8,RHS,Rural,Gudluru,Rear End Collision,Lorry Hit LCV,Lorry,Minor injury,Over speed,Four lanes or more with central divider,Straight road,,Fine,AP16TC  2957,YES,Fatal,0
01.04.2012,3:05 AM,1305.8,RHS,Rural,Gudluru,Rear End Collision,Lorry Hit LCV,Lorry,Minor injury,Over speed,Four lanes or more with central divider,Straight road,,Fine,AP16TC  2957,YES,Grevious,0
01.04.2012,3:05 AM,1305.8,RHS,Rural,Gudluru,Rear End Collision,Lorry Hit LCV,Lorry,Minor injury,Over speed,Four lanes or more with central divider,Straight road,,Fine,AP16TC  2957,YES,Minor,1
01.04.2012,3:05 AM,1305.8,RHS,Rural,Gudluru,Rear End Collision,Lorry Hit LCV,Lorry,Minor injury,Over speed,Four lanes or more with central divider,Straight road,,Fine,AP16TC  2957,YES,Non injured ,4
01.04.2012,3:05 AM,1305.8,RHS,Rural,Gudluru,Rear End Collision,Lorry Hit LCV,Lorry,Minor injury,Over speed,Four lanes or more with central divider,Straight road,,Fine,AP16TC  2957,YES,Animals affected,0
01.04.2012,2:27 PM,1259.7,LHS,Rural,Tangutur,Overturning,Tractor Over Turner,Tractor,Grievious injury,Over speed,Four lanes or more with central divider,Straight road,,Fine,AP27AC  2970,YES,Fatal,0
01.04.2012,2:27 PM,1259.7,LHS,Rural,Tangutur,Overturning,Tractor Over Turner,Tractor,Grievious injury,Over speed,Four lanes or more with central divider,Straight road,,Fine,AP27AC  2970,YES,Grevious,1
01.04.2012,2:27 PM,1259.7,LHS,Rural,Tangutur,Overturning,Tractor Over Turner,Tractor,Grievious injury,Over speed,Four lanes or more with central divider,Straight road,,Fine,AP27AC  2970,YES,Minor,1
01.04.2012,2:27 PM,1259.7,LHS,Rural,Tangutur,Overturning,Tractor Over Turner,Tractor,Grievious injury,Over speed,Four lanes or more with central divider,Straight road,,Fine,AP27AC  2970,YES,Non injured ,0
01.04.2012,2:27 PM,1259.7,LHS,Rural,Tangutur,Overturning,Tractor Over Turner,Tractor,Grievious injury,Over speed,Four lanes or more with central divider,Straight road,,Fine,AP27AC  2970,YES,Animals affected,0
01.04.2012,2:40 PM,1253.3,LHS,Rural,Ongole,Rear End Collision,Lorry hit Unknown vehicle,Lorry,Non injury,Over speed,Four lanes or more with central divider,Straight road,,Fine,AP26X   3445,YES,Fatal,0
01.04.2012,2:40 PM,1253.3,LHS,Rural,Ongole,Rear End Collision,Lorry hit Unknown vehicle,Lorry,Non injury,Over speed,Four lanes or more with central divider,Straight road,,Fine,AP26X   3445,YES,Grevious,0
01.04.2012,2:40 PM,1253.3,LHS,Rural,Ongole,Rear End Collision,Lorry hit Unknown vehicle,Lorry,Non injury,Over speed,Four lanes or more with central divider,Straight road,,Fine,AP26X   3445,YES,Minor,0
01.04.2012,2:40 PM,1253.3,LHS,Rural,Ongole,Rear End Collision,Lorry hit Unknown vehicle,Lorry,Non injury,Over speed,Four lanes or more with central divider,Straight road,,Fine,AP26X   3445,YES,Non injured ,2
01.04.2012,2:40 PM,1253.3,LHS,Rural,Ongole,Rear End Collision,Lorry hit Unknown vehicle,Lorry,Non injury,Over speed,Four lanes or more with central divider,Straight road,,Fine,AP26X   3445,YES,Animals affected,0
01.04.2012,4:40 PM,1221.8,LHS,Rural,Medarametla,Rear End Collision,Lorry hit     RTC Bus,Lorry,Non injury,Over speed,Four lanes or more with central divider,Straight road,,Fine,AP22U     8289,YES,Fatal,0
01.04.2012,4:40 PM,1221.8,LHS,Rural,Medarametla,Rear End Collision,Lorry hit     RTC Bus,Lorry,Non injury,Over speed,Four lanes or more with central divider,Straight road,,Fine,AP22U     8289,YES,Grevious,0
01.04.2012,4:40 PM,1221.8,LHS,Rural,Medarametla,Rear End Collision,Lorry hit     RTC Bus,Lorry,Non injury,Over speed,Four lanes or more with central divider,Straight road,,Fine,AP22U     8289,YES,Minor,0
01.04.2012,4:40 PM,1221.8,LHS,Rural,Medarametla,Rear End Collision,Lorry hit     RTC Bus,Lorry,Non injury,Over speed,Four lanes or more with central divider,Straight road,,Fine,AP22U     8289,YES,Non injured ,20
01.04.2012,4:40 PM,1221.8,LHS,Rural,Medarametla,Rear End Collision,Lorry hit     RTC Bus,Lorry,Non injury,Over speed,Four lanes or more with central divider,Straight road,,Fine,AP22U     8289,YES,Animals affected,0
01.04.2012,5:05 PM,1195.5,LHS,Rural,Martur,Rear End Collision,Lorry hit     RTC Bus,Lorry,Non injury,Over speed,Four lanes or more with central divider,Straight road,,Fine,TN28H     9950,YES,Fatal,0
01.04.2012,5:05 PM,1195.5,LHS,Rural,Martur,Rear End Collision,Lorry hit     RTC Bus,Lorry,Non injury,Over speed,Four lanes or more with central divider,Straight road,,Fine,TN28H     9950,YES,Grevious,0
01.04.2012,5:05 PM,1195.5,LHS,Rural,Martur,Rear End Collision,Lorry hit     RTC Bus,Lorry,Non injury,Over speed,Four lanes or more with central divider,Straight road,,Fine,TN28H     9950,YES,Minor,0
01.04.2012,5:05 PM,1195.5,LHS,Rural,Martur,Rear End Collision,Lorry hit     RTC Bus,Lorry,Non injury,Over speed,Four lanes or more with central divider,Straight road,,Fine,TN28H     9950,YES,Non injured ,30
01.04.2012,5:05 PM,1195.5,LHS,Rural,Martur,Rear End Collision,Lorry hit     RTC Bus,Lorry,Non injury,Over speed,Four lanes or more with central divider,Straight road,,Fine,TN28H     9950,YES,Animals affected,0
02.04.2012,2:32 AM,1327,LHS,Rural,Kavali,Rear End Collision,Lorry hit     Trailler Vehicle,Lorry,Grievious injury,Fault of driver of motor vehicle/driver of other vehicle/cyclist/pedestrian/passenger,Four lanes or more with central divider,Straight road,,Fine,AP16TW    4446,YES,Fatal,0
02.04.2012,2:32 AM,1327,LHS,Rural,Kavali,Rear End Collision,Lorry hit     Trailler Vehicle,Lorry,Grievious injury,Fault of driver of motor vehicle/driver of other vehicle/cyclist/pedestrian/passenger,Four lanes or more with central divider,Straight road,,Fine,AP16TW    4446,YES,Grevious,1
02.04.2012,2:32 AM,1327,LHS,Rural,Kavali,Rear End Collision,Lorry hit     Trailler Vehicle,Lorry,Grievious injury,Fault of driver of motor vehicle/driver of other vehicle/cyclist/pedestrian/passenger,Four lanes or more with central divider,Straight road,,Fine,AP16TW    4446,YES,Minor,0
02.04.2012,2:32 AM,1327,LHS,Rural,Kavali,Rear End Collision,Lorry hit     Trailler Vehicle,Lorry,Grievious injury,Fault of driver of motor vehicle/driver of other vehicle/cyclist/pedestrian/passenger,Four lanes or more with central divider,Straight road,,Fine,AP16TW    4446,YES,Non injured ,3
02.04.2012,2:32 AM,1327,LHS,Rural,Kavali,Rear End Collision,Lorry hit     Trailler Vehicle,Lorry,Grievious injury,Fault of driver of motor vehicle/driver of other vehicle/cyclist/pedestrian/passenger,Four lanes or more with central divider,Straight road,,Fine,AP16TW    4446,YES,Animals affected,0
02.04.2012,7:20 AM,1234.4,RHS,Rural,Maddipadu,Overturning,Lorry Over turned,Lorry,Non injury,Over speed,Four lanes or more with central divider,Straight road,T-Junction,Fine,Hr55k      1603,YES,Fatal,0
02.04.2012,7:20 AM,1234.4,RHS,Rural,Maddipadu,Overturning,Lorry Over turned,Lorry,Non injury,Over speed,Four lanes or more with central divider,Straight road,T-Junction,Fine,Hr55k      1603,YES,Grevious,0
02.04.2012,7:20 AM,1234.4,RHS,Rural,Maddipadu,Overturning,Lorry Over turned,Lorry,Non injury,Over speed,Four lanes or more with central divider,Straight road,T-Junction,Fine,Hr55k      1603,YES,Minor,0
02.04.2012,7:20 AM,1234.4,RHS,Rural,Maddipadu,Overturning,Lorry Over turned,Lorry,Non injury,Over speed,Four lanes or more with central divider,Straight road,T-Junction,Fine,Hr55k      1603,YES,Non injured ,2
02.04.2012,7:20 AM,1234.4,RHS,Rural,Maddipadu,Overturning,Lorry Over turned,Lorry,Non injury,Over speed,Four lanes or more with central divider,Straight road,T-Junction,Fine,Hr55k      1603,YES,Animals affected,0
02.04.2012,11:50 AM,1231.4,LHS,Rural,Maddipadu,Head on collision,Car hit     Bike,Car,Grievious injury,Druken,Four lanes or more with central divider,Straight road,T-Junction,Fine,AP09TV  9355,YES,Fatal,0
02.04.2012,11:50 AM,1231.4,LHS,Rural,Maddipadu,Head on collision,Car hit     Bike,Car,Grievious injury,Druken,Four lanes or more with central divider,Straight road,T-Junction,Fine,AP09TV  9355,YES,Grevious,1
02.04.2012,11:50 AM,1231.4,LHS,Rural,Maddipadu,Head on collision,Car hit     Bike,Car,Grievious injury,Druken,Four lanes or more with central divider,Straight road,T-Junction,Fine,AP09TV  9355,YES,Minor,1
02.04.2012,11:50 AM,1231.4,LHS,Rural,Maddipadu,Head on collision,Car hit     Bike,Car,Grievious injury,Druken,Four lanes or more with central divider,Straight road,T-Junction,Fine,AP09TV  9355,YES,Non injured ,4
02.04.2012,11:50 AM,1231.4,LHS,Rural,Maddipadu,Head on collision,Car hit     Bike,Car,Grievious injury,Druken,Four lanes or more with central divider,Straight road,T-Junction,Fine,AP09TV  9355,YES,Animals affected,0
02.04.2012,5:53 PM,1202,RHS,Rural,Reningavaram,Collision Brush/Side Wipe,Car hit Bike,Car,Minor injury,Over speed,Four lanes or more with central divider,Straight road,T-Junction,Fine,AP28CC   2328,YES,Fatal,0
02.04.2012,5:53 PM,1202,RHS,Rural,Reningavaram,Collision Brush/Side Wipe,Car hit Bike,Car,Minor injury,Over speed,Four lanes or more with central divider,Straight road,T-Junction,Fine,AP28CC   2328,YES,Grevious,0
02.04.2012,5:53 PM,1202,RHS,Rural,Reningavaram,Collision Brush/Side Wipe,Car hit Bike,Car,Minor injury,Over speed,Four lanes or more with central divider,Straight road,T-Junction,Fine,AP28CC   2328,YES,Minor,1
02.04.2012,5:53 PM,1202,RHS,Rural,Reningavaram,Collision Brush/Side Wipe,Car hit Bike,Car,Minor injury,Over speed,Four lanes or more with central divider,Straight road,T-Junction,Fine,AP28CC   2328,YES,Non injured ,2
02.04.2012,5:53 PM,1202,RHS,Rural,Reningavaram,Collision Brush/Side Wipe,Car hit Bike,Car,Minor injury,Over speed,Four lanes or more with central divider,Straight road,T-Junction,Fine,AP28CC   2328,YES,Animals affected,0
03.04.2012,7:20 AM,1325.1,LHS,Rural,Kavali,Rear End Collision,Lorry hit Bus,Lorry,Minor injury,Over speed,Four lanes or more with central divider,Straight road,,Fine,HR38Q    8956,YES,Fatal,0
03.04.2012,7:20 AM,1325.1,LHS,Rural,Kavali,Rear End Collision,Lorry hit Bus,Lorry,Minor injury,Over speed,Four lanes or more with central divider,Straight road,,Fine,HR38Q    8956,YES,Grevious,0
03.04.2012,7:20 AM,1325.1,LHS,Rural,Kavali,Rear End Collision,Lorry hit Bus,Lorry,Minor injury,Over speed,Four lanes or more with central divider,Straight road,,Fine,HR38Q    8956,YES,Minor,1
03.04.2012,7:20 AM,1325.1,LHS,Rural,Kavali,Rear End Collision,Lorry hit Bus,Lorry,Minor injury,Over speed,Four lanes or more with central divider,Straight road,,Fine,HR38Q    8956,YES,Non injured ,29
03.04.2012,7:20 AM,1325.1,LHS,Rural,Kavali,Rear End Collision,Lorry hit Bus,Lorry,Minor injury,Over speed,Four lanes or more with central divider,Straight road,,Fine,HR38Q    8956,YES,Animals affected,0
03.04.2012,11:25 PM,1291,RHS,Rural,Ulavapadu,Rear End Collision,Lorry Hit Lorry,Lorry,Grievious injury,Over speed,Four lanes or more with central divider,Straight road,,Fine,AP37A     1305,YES,Fatal,0
03.04.2012,11:25 PM,1291,RHS,Rural,Ulavapadu,Rear End Collision,Lorry Hit Lorry,Lorry,Grievious injury,Over speed,Four lanes or more with central divider,Straight road,,Fine,AP37A     1305,YES,Grevious,2
03.04.2012,11:25 PM,1291,RHS,Rural,Ulavapadu,Rear End Collision,Lorry Hit Lorry,Lorry,Grievious injury,Over speed,Four lanes or more with central divider,Straight road,,Fine,AP37A     1305,YES,Minor,0
03.04.2012,11:25 PM,1291,RHS,Rural,Ulavapadu,Rear End Collision,Lorry Hit Lorry,Lorry,Grievious injury,Over speed,Four lanes or more with central divider,Straight road,,Fine,AP37A     1305,YES,Non injured ,0
03.04.2012,11:25 PM,1291,RHS,Rural,Ulavapadu,Rear End Collision,Lorry Hit Lorry,Lorry,Grievious injury,Over speed,Four lanes or more with central divider,Straight road,,Fine,AP37A     1305,YES,Animals affected,0
04.04.2012,7:12 AM,1230.9,RHS,Rural,Maddipadu,Rear End Collision,Lorry hit Unknown vehicle,Lorry,Non injury,Over speed,Four lanes or more with central divider,Straight road,,Fine,AP23Y     3341,YES,Fatal,0
04.04.2012,7:12 AM,1230.9,RHS,Rural,Maddipadu,Rear End Collision,Lorry hit Unknown vehicle,Lorry,Non injury,Over speed,Four lanes or more with central divider,Straight road,,Fine,AP23Y     3341,YES,Grevious,0
04.04.2012,7:12 AM,1230.9,RHS,Rural,Maddipadu,Rear End Collision,Lorry hit Unknown vehicle,Lorry,Non injury,Over speed,Four lanes or more with central divider,Straight road,,Fine,AP23Y     3341,YES,Minor,0
04.04.2012,7:12 AM,1230.9,RHS,Rural,Maddipadu,Rear End Collision,Lorry hit Unknown vehicle,Lorry,Non injury,Over speed,Four lanes or more with central divider,Straight road,,Fine,AP23Y     3341,YES,Non injured ,2
04.04.2012,7:12 AM,1230.9,RHS,Rural,Maddipadu,Rear End Collision,Lorry hit Unknown vehicle,Lorry,Non injury,Over speed,Four lanes or more with central divider,Straight road,,Fine,AP23Y     3341,YES,Animals affected,0
04.04.2012,12:31 PM,1280.8,RHS,Rural,Singarayakonda,Rear End Collision,Tractor hit   Lorry,Tractor,Non injury,Over speed,Four lanes or more with central divider,Straight road,,Fine,AP27AB    4126,YES,Fatal,0
04.04.2012,12:31 PM,1280.8,RHS,Rural,Singarayakonda,Rear End Collision,Tractor hit   Lorry,Tractor,Non injury,Over speed,Four lanes or more with central divider,Straight road,,Fine,AP27AB    4126,YES,Grevious,0
04.04.2012,12:31 PM,1280.8,RHS,Rural,Singarayakonda,Rear End Collision,Tractor hit   Lorry,Tractor,Non injury,Over speed,Four lanes or more with central divider,Straight road,,Fine,AP27AB    4126,YES,Minor,0
04.04.2012,12:31 PM,1280.8,RHS,Rural,Singarayakonda,Rear End Collision,Tractor hit   Lorry,Tractor,Non injury,Over speed,Four lanes or more with central divider,Straight road,,Fine,AP27AB    4126,YES,Non injured ,4
04.04.2012,12:31 PM,1280.8,RHS,Rural,Singarayakonda,Rear End Collision,Tractor hit   Lorry,Tractor,Non injury,Over speed,Four lanes or more with central divider,Straight road,,Fine,AP27AB    4126,YES,Animals affected,0
04.04.2012,5:05 PM,1264,RHS,Rural,Tangutur,Skidding,Bike skidding on the road,Bike,Minor injury,Over speed,Four lanes or more with central divider,Straight road,,Fine,AP27AD  8355,YES,Fatal,0
04.04.2012,5:05 PM,1264,RHS,Rural,Tangutur,Skidding,Bike skidding on the road,Bike,Minor injury,Over speed,Four lanes or more with central divider,Straight road,,Fine,AP27AD  8355,YES,Grevious,0
04.04.2012,5:05 PM,1264,RHS,Rural,Tangutur,Skidding,Bike skidding on the road,Bike,Minor injury,Over speed,Four lanes or more with central divider,Straight road,,Fine,AP27AD  8355,YES,Minor,1
04.04.2012,5:05 PM,1264,RHS,Rural,Tangutur,Skidding,Bike skidding on the road,Bike,Minor injury,Over speed,Four lanes or more with central divider,Straight road,,Fine,AP27AD  8355,YES,Non injured ,0
04.04.2012,5:05 PM,1264,RHS,Rural,Tangutur,Skidding,Bike skidding on the road,Bike,Minor injury,Over speed,Four lanes or more with central divider,Straight road,,Fine,AP27AD  8355,YES,Animals affected,0
05.04.2012,1:38 AM,1310.8,LHS,Rural,Kavali,Rear End Collision,Trally hit LCV mini Lorry,Trally,Non injury,Over speed,Four lanes or more with central divider,Straight road,,Fine,AP16TG  4129,YES,Fatal,0
05.04.2012,1:38 AM,1310.8,LHS,Rural,Kavali,Rear End Collision,Trally hit LCV mini Lorry,Trally,Non injury,Over speed,Four lanes or more with central divider,Straight road,,Fine,AP16TG  4129,YES,Grevious,0
05.04.2012,1:38 AM,1310.8,LHS,Rural,Kavali,Rear End Collision,Trally hit LCV mini Lorry,Trally,Non injury,Over speed,Four lanes or more with central divider,Straight road,,Fine,AP16TG  4129,YES,Minor,0
05.04.2012,1:38 AM,1310.8,LHS,Rural,Kavali,Rear End Collision,Trally hit LCV mini Lorry,Trally,Non injury,Over speed,Four lanes or more with central divider,Straight road,,Fine,AP16TG  4129,YES,Non injured ,4
05.04.2012,1:38 AM,1310.8,LHS,Rural,Kavali,Rear End Collision,Trally hit LCV mini Lorry,Trally,Non injury,Over speed,Four lanes or more with central divider,Straight road,,Fine,AP16TG  4129,YES,Animals affected,0
05.04.2012,10:50 AM,1218.1,RHS,Rural,Medarametla,Rear End Collision, Lorry hit Lorry,Lorry,Non injury,Over speed,Three lanes or more without central divider(median),Slight curve,Y-Junction,Fine,TN 70C  6489,YES,Fatal,0
05.04.2012,10:50 AM,1218.1,RHS,Rural,Medarametla,Rear End Collision, Lorry hit Lorry,Lorry,Non injury,Over speed,Three lanes or more without central divider(median),Slight curve,Y-Junction,Fine,TN 70C  6489,YES,Grevious,0