Operational date,Time of Accident,KM && M,Position,Rural/Urban,Location,Nature of Accident Position,Nature of Accident,Vehicle Involved,Type of Accident,Causes,Road Feature,Road condition,Intersection Type And Control,Weather Condition,Vehicle Responsible,Help Provided by Ambulance/Patroling Vehicle,Classification of Accident,No of Affected Persons
05.04.2012,10:50 AM,1218.1,RHS,Rural,Medarametla,Rear End Collision, Lorry hit Lorry,Lorry,Non injury,Over speed,Three lanes or more without central divider(median),Slight curve,Y-Junction,Fine,TN 70C  6489,YES,Minor,0
05.04.2012,10:50 AM,1218.1,RHS,Rural,Medarametla,Rear End Collision, Lorry hit Lorry,Lorry,Non injury,Over speed,Three lanes or more without central divider(median),Slight curve,Y-Junction,Fine,TN 70C  6489,YES,Non injured ,2
05.04.2012,10:50 AM,1218.1,RHS,Rural,Medarametla,Rear End Collision, Lorry hit Lorry,Lorry,Non injury,Over speed,Three lanes or more without central divider(median),Slight curve,Y-Junction,Fine,TN 70C  6489,YES,Animals affected,0
05.04.2012,10:55 AM,1334.8,RHS,Rural,K.Tippa ,Rear End Collision, Lorry hit Lorry,Lorry,Non injury,Over speed,Three lanes or more without central divider(median),Straight road,T-Junction,Fine,WB 29 A  3337,YES,Fatal,0
05.04.2012,10:55 AM,1334.8,RHS,Rural,K.Tippa ,Rear End Collision, Lorry hit Lorry,Lorry,Non injury,Over speed,Three lanes or more without central divider(median),Straight road,T-Junction,Fine,WB 29 A  3337,YES,Grevious,0
05.04.2012,10:55 AM,1334.8,RHS,Rural,K.Tippa ,Rear End Collision, Lorry hit Lorry,Lorry,Non injury,Over speed,Three lanes or more without central divider(median),Straight road,T-Junction,Fine,WB 29 A  3337,YES,Minor,0
05.04.2012,10:55 AM,1334.8,RHS,Rural,K.Tippa ,Rear End Collision, Lorry hit Lorry,Lorry,Non injury,Over speed,Three lanes or more without central divider(median),Straight road,T-Junction,Fine,WB 29 A  3337,YES,Non injured ,2
05.04.2012,10:55 AM,1334.8,RHS,Rural,K.Tippa ,Rear End Collision, Lorry hit Lorry,Lorry,Non injury,Over speed,Three lanes or more without central divider(median),Straight road,T-Junction,Fine,WB 29 A  3337,YES,Animals affected,0
05.04.2012,5:20 PM,1343.5,LHS,Rural,Dagadarthi,Rear End Collision, Bike hit Car,Bike,Grievious injury,Vehicle out of control,Four lanes or more with central divider,Straight road,,Fine,AP 04 Y 1922,YES,Fatal,0
05.04.2012,5:20 PM,1343.5,LHS,Rural,Dagadarthi,Rear End Collision, Bike hit Car,Bike,Grievious injury,Vehicle out of control,Four lanes or more with central divider,Straight road,,Fine,AP 04 Y 1922,YES,Grevious,2
05.04.2012,5:20 PM,1343.5,LHS,Rural,Dagadarthi,Rear End Collision, Bike hit Car,Bike,Grievious injury,Vehicle out of control,Four lanes or more with central divider,Straight road,,Fine,AP 04 Y 1922,YES,Minor,0
05.04.2012,5:20 PM,1343.5,LHS,Rural,Dagadarthi,Rear End Collision, Bike hit Car,Bike,Grievious injury,Vehicle out of control,Four lanes or more with central divider,Straight road,,Fine,AP 04 Y 1922,YES,Non injured ,0
05.04.2012,5:20 PM,1343.5,LHS,Rural,Dagadarthi,Rear End Collision, Bike hit Car,Bike,Grievious injury,Vehicle out of control,Four lanes or more with central divider,Straight road,,Fine,AP 04 Y 1922,YES,Animals affected,0
06.04.2012,12:22 AM,1285.6,LHS,Rural,Ulavapadu,Overturning, Lorry Over Turned,Lorry,Minor injury,Fault of driver of motor vehicle/driver of other vehicle/cyclist/pedestrian/passenger,Four lanes or more with central divider,Straight road,,Fine,MP 09 HF 7609,YES,Fatal,0
06.04.2012,12:22 AM,1285.6,LHS,Rural,Ulavapadu,Overturning, Lorry Over Turned,Lorry,Minor injury,Fault of driver of motor vehicle/driver of other vehicle/cyclist/pedestrian/passenger,Four lanes or more with central divider,Straight road,,Fine,MP 09 HF 7609,YES,Grevious,0
06.04.2012,12:22 AM,1285.6,LHS,Rural,Ulavapadu,Overturning, Lorry Over Turned,Lorry,Minor injury,Fault of driver of motor vehicle/driver of other vehicle/cyclist/pedestrian/passenger,Four lanes or more with central divider,Straight road,,Fine,MP 09 HF 7609,YES,Minor,2
06.04.2012,12:22 AM,1285.6,LHS,Rural,Ulavapadu,Overturning, Lorry Over Turned,Lorry,Minor injury,Fault of driver of motor vehicle/driver of other vehicle/cyclist/pedestrian/passenger,Four lanes or more with central divider,Straight road,,Fine,MP 09 HF 7609,YES,Non injured ,0
06.04.2012,12:22 AM,1285.6,LHS,Rural,Ulavapadu,Overturning, Lorry Over Turned,Lorry,Minor injury,Fault of driver of motor vehicle/driver of other vehicle/cyclist/pedestrian/passenger,Four lanes or more with central divider,Straight road,,Fine,MP 09 HF 7609,YES,Animals affected,0
07.04.2012,4:00 AM,1362,RHS,Rural,Rajupalem,Rear End Collision,Lorry hit Unknown vehicle,Lorry,Non injury,Over speed,Three lanes or more without central divider(median),Sharp curve,Y-Junction,Fine,AP16TW  6969,YES,Fatal,0
07.04.2012,4:00 AM,1362,RHS,Rural,Rajupalem,Rear End Collision,Lorry hit Unknown vehicle,Lorry,Non injury,Over speed,Three lanes or more without central divider(median),Sharp curve,Y-Junction,Fine,AP16TW  6969,YES,Grevious,0
07.04.2012,4:00 AM,1362,RHS,Rural,Rajupalem,Rear End Collision,Lorry hit Unknown vehicle,Lorry,Non injury,Over speed,Three lanes or more without central divider(median),Sharp curve,Y-Junction,Fine,AP16TW  6969,YES,Minor,0
07.04.2012,4:00 AM,1362,RHS,Rural,Rajupalem,Rear End Collision,Lorry hit Unknown vehicle,Lorry,Non injury,Over speed,Three lanes or more without central divider(median),Sharp curve,Y-Junction,Fine,AP16TW  6969,YES,Non injured ,2
07.04.2012,4:00 AM,1362,RHS,Rural,Rajupalem,Rear End Collision,Lorry hit Unknown vehicle,Lorry,Non injury,Over speed,Three lanes or more without central divider(median),Sharp curve,Y-Junction,Fine,AP16TW  6969,YES,Animals affected,0
07.04.2012,2:35 PM,1204.8,LHS,Rural,Reningavaram,Rear End Collision,Car hit     Bike,Car,Grievious injury,Over speed,Three lanes or more without central divider(median),Sharp curve,T-Junction,Fine,KA26M  4099,YES,Fatal,0
07.04.2012,2:35 PM,1204.8,LHS,Rural,Reningavaram,Rear End Collision,Car hit     Bike,Car,Grievious injury,Over speed,Three lanes or more without central divider(median),Sharp curve,T-Junction,Fine,KA26M  4099,YES,Grevious,1
07.04.2012,2:35 PM,1204.8,LHS,Rural,Reningavaram,Rear End Collision,Car hit     Bike,Car,Grievious injury,Over speed,Three lanes or more without central divider(median),Sharp curve,T-Junction,Fine,KA26M  4099,YES,Minor,0
07.04.2012,2:35 PM,1204.8,LHS,Rural,Reningavaram,Rear End Collision,Car hit     Bike,Car,Grievious injury,Over speed,Three lanes or more without central divider(median),Sharp curve,T-Junction,Fine,KA26M  4099,YES,Non injured ,4
07.04.2012,2:35 PM,1204.8,LHS,Rural,Reningavaram,Rear End Collision,Car hit     Bike,Car,Grievious injury,Over speed,Three lanes or more without central divider(median),Sharp curve,T-Junction,Fine,KA26M  4099,YES,Animals affected,0
07.04.2012,5:45 PM,1339.8,LHS,Rural,Dagadarthi,Rear End Collision, Car hit     Bike,Car,Fatal,Over speed,Three lanes or more without central divider(median),Straight road,T-Junction,Fine,TN 04    3498,YES,Fatal,1
07.04.2012,5:45 PM,1339.8,LHS,Rural,Dagadarthi,Rear End Collision, Car hit     Bike,Car,Fatal,Over speed,Three lanes or more without central divider(median),Straight road,T-Junction,Fine,TN 04    3498,YES,Grevious,0
07.04.2012,5:45 PM,1339.8,LHS,Rural,Dagadarthi,Rear End Collision, Car hit     Bike,Car,Fatal,Over speed,Three lanes or more without central divider(median),Straight road,T-Junction,Fine,TN 04    3498,YES,Minor,0
07.04.2012,5:45 PM,1339.8,LHS,Rural,Dagadarthi,Rear End Collision, Car hit     Bike,Car,Fatal,Over speed,Three lanes or more without central divider(median),Straight road,T-Junction,Fine,TN 04    3498,YES,Non injured ,0
07.04.2012,5:45 PM,1339.8,LHS,Rural,Dagadarthi,Rear End Collision, Car hit     Bike,Car,Fatal,Over speed,Three lanes or more without central divider(median),Straight road,T-Junction,Fine,TN 04    3498,YES,Animals affected,0
08.04.2012,2:30 AM,1264.2,RHS,Rural,Tangutur,Head on collision, Bike hit to Cement beem Barrier,Bike,Fatal,Over speed,Three lanes or more without central divider(median),Sharp curve,,Fine,AP 28 DB 1669,YES,Fatal,1
08.04.2012,2:30 AM,1264.2,RHS,Rural,Tangutur,Head on collision, Bike hit to Cement beem Barrier,Bike,Fatal,Over speed,Three lanes or more without central divider(median),Sharp curve,,Fine,AP 28 DB 1669,YES,Grevious,0
08.04.2012,2:30 AM,1264.2,RHS,Rural,Tangutur,Head on collision, Bike hit to Cement beem Barrier,Bike,Fatal,Over speed,Three lanes or more without central divider(median),Sharp curve,,Fine,AP 28 DB 1669,YES,Minor,0
08.04.2012,2:30 AM,1264.2,RHS,Rural,Tangutur,Head on collision, Bike hit to Cement beem Barrier,Bike,Fatal,Over speed,Three lanes or more without central divider(median),Sharp curve,,Fine,AP 28 DB 1669,YES,Non injured ,0
08.04.2012,2:30 AM,1264.2,RHS,Rural,Tangutur,Head on collision, Bike hit to Cement beem Barrier,Bike,Fatal,Over speed,Three lanes or more without central divider(median),Sharp curve,,Fine,AP 28 DB 1669,YES,Animals affected,0
08.04.2012,5:10 AM,1196.1,LHS,Rural,Martur,Head on collision, Bus hit to Pedestrian,Bus,Fatal,Over speed,Four lanes or more with central divider,Straight road,,Fine,AP 27 Y  5515,YES,Fatal,1
08.04.2012,5:10 AM,1196.1,LHS,Rural,Martur,Head on collision, Bus hit to Pedestrian,Bus,Fatal,Over speed,Four lanes or more with central divider,Straight road,,Fine,AP 27 Y  5515,YES,Grevious,0
08.04.2012,5:10 AM,1196.1,LHS,Rural,Martur,Head on collision, Bus hit to Pedestrian,Bus,Fatal,Over speed,Four lanes or more with central divider,Straight road,,Fine,AP 27 Y  5515,YES,Minor,0
08.04.2012,5:10 AM,1196.1,LHS,Rural,Martur,Head on collision, Bus hit to Pedestrian,Bus,Fatal,Over speed,Four lanes or more with central divider,Straight road,,Fine,AP 27 Y  5515,YES,Non injured ,35
08.04.2012,5:10 AM,1196.1,LHS,Rural,Martur,Head on collision, Bus hit to Pedestrian,Bus,Fatal,Over speed,Four lanes or more with central divider,Straight road,,Fine,AP 27 Y  5515,YES,Animals affected,0
08.04.2012,9:15 AM,1231.5,RHS,Rural,Maddipadu,Others(p1.Specific),Container hit median,Container,Non injury,Over speed,Four lanes or more with central divider,Straight road,,Fine,MH04 QY 7047,YES,Fatal,0
08.04.2012,9:15 AM,1231.5,RHS,Rural,Maddipadu,Others(p1.Specific),Container hit median,Container,Non injury,Over speed,Four lanes or more with central divider,Straight road,,Fine,MH04 QY 7047,YES,Grevious,0
08.04.2012,9:15 AM,1231.5,RHS,Rural,Maddipadu,Others(p1.Specific),Container hit median,Container,Non injury,Over speed,Four lanes or more with central divider,Straight road,,Fine,MH04 QY 7047,YES,Minor,0
08.04.2012,9:15 AM,1231.5,RHS,Rural,Maddipadu,Others(p1.Specific),Container hit median,Container,Non injury,Over speed,Four lanes or more with central divider,Straight road,,Fine,MH04 QY 7047,YES,Non injured ,2
08.04.2012,9:15 AM,1231.5,RHS,Rural,Maddipadu,Others(p1.Specific),Container hit median,Container,Non injury,Over speed,Four lanes or more with central divider,Straight road,,Fine,MH04 QY 7047,YES,Animals affected,0
08.04.2012,11:10 AM,1206.7,LHS,Rural,Reningavaram,Rear End Collision,Unknown vehicle hit bike,Unknown,Grievious injury,Over speed,Four lanes or more with central divider,Straight road,,Fine,Unknown vehicle,YES,Fatal,0
08.04.2012,11:10 AM,1206.7,LHS,Rural,Reningavaram,Rear End Collision,Unknown vehicle hit bike,Unknown,Grievious injury,Over speed,Four lanes or more with central divider,Straight road,,Fine,Unknown vehicle,YES,Grevious,1
08.04.2012,11:10 AM,1206.7,LHS,Rural,Reningavaram,Rear End Collision,Unknown vehicle hit bike,Unknown,Grievious injury,Over speed,Four lanes or more with central divider,Straight road,,Fine,Unknown vehicle,YES,Minor,0
08.04.2012,11:10 AM,1206.7,LHS,Rural,Reningavaram,Rear End Collision,Unknown vehicle hit bike,Unknown,Grievious injury,Over speed,Four lanes or more with central divider,Straight road,,Fine,Unknown vehicle,YES,Non injured ,0
08.04.2012,11:10 AM,1206.7,LHS,Rural,Reningavaram,Rear End Collision,Unknown vehicle hit bike,Unknown,Grievious injury,Over speed,Four lanes or more with central divider,Straight road,,Fine,Unknown vehicle,YES,Animals affected,0
08.04.2012,3:42 PM,1203.8,RHS,Rural,Reningavaram,Overturning,Auto Overturned,Auto,Grievious injury,Over speed,Four lanes or more with central divider,Straight road,,Fine,AP27TT    9790,YES,Fatal,0
08.04.2012,3:42 PM,1203.8,RHS,Rural,Reningavaram,Overturning,Auto Overturned,Auto,Grievious injury,Over speed,Four lanes or more with central divider,Straight road,,Fine,AP27TT    9790,YES,Grevious,10
08.04.2012,3:42 PM,1203.8,RHS,Rural,Reningavaram,Overturning,Auto Overturned,Auto,Grievious injury,Over speed,Four lanes or more with central divider,Straight road,,Fine,AP27TT    9790,YES,Minor,3
08.04.2012,3:42 PM,1203.8,RHS,Rural,Reningavaram,Overturning,Auto Overturned,Auto,Grievious injury,Over speed,Four lanes or more with central divider,Straight road,,Fine,AP27TT    9790,YES,Non injured ,0
08.04.2012,3:42 PM,1203.8,RHS,Rural,Reningavaram,Overturning,Auto Overturned,Auto,Grievious injury,Over speed,Four lanes or more with central divider,Straight road,,Fine,AP27TT    9790,YES,Animals affected,0
09.04.2012,8:15 AM,1262.7,LHS,Rural,Tangutur,Overturning, Tractor Over Turned,Tractor,Non injury,Fault of driver of motor vehicle/driver of other vehicle/cyclist/pedestrian/passenger,Four lanes or more with central divider,Straight road,,Fine,AP 27 TU 1687,YES,Fatal,0
09.04.2012,8:15 AM,1262.7,LHS,Rural,Tangutur,Overturning, Tractor Over Turned,Tractor,Non injury,Fault of driver of motor vehicle/driver of other vehicle/cyclist/pedestrian/passenger,Four lanes or more with central divider,Straight road,,Fine,AP 27 TU 1687,YES,Grevious,0
09.04.2012,8:15 AM,1262.7,LHS,Rural,Tangutur,Overturning, Tractor Over Turned,Tractor,Non injury,Fault of driver of motor vehicle/driver of other vehicle/cyclist/pedestrian/passenger,Four lanes or more with central divider,Straight road,,Fine,AP 27 TU 1687,YES,Minor,0
09.04.2012,8:15 AM,1262.7,LHS,Rural,Tangutur,Overturning, Tractor Over Turned,Tractor,Non injury,Fault of driver of motor vehicle/driver of other vehicle/cyclist/pedestrian/passenger,Four lanes or more with central divider,Straight road,,Fine,AP 27 TU 1687,YES,Non injured ,1
09.04.2012,8:15 AM,1262.7,LHS,Rural,Tangutur,Overturning, Tractor Over Turned,Tractor,Non injury,Fault of driver of motor vehicle/driver of other vehicle/cyclist/pedestrian/passenger,Four lanes or more with central divider,Straight road,,Fine,AP 27 TU 1687,YES,Animals affected,0
09.04.2012,8:35 AM,1193.6,RHS,Rural,Martur,Rear End Collision, Car hit     Bike,Car,Grievious injury,Vehicle out of control,Four lanes or more with central divider,Straight road,,Fine,AP 26AB 6566,YES,Fatal,0
09.04.2012,8:35 AM,1193.6,RHS,Rural,Martur,Rear End Collision, Car hit     Bike,Car,Grievious injury,Vehicle out of control,Four lanes or more with central divider,Straight road,,Fine,AP 26AB 6566,YES,Grevious,1
09.04.2012,8:35 AM,1193.6,RHS,Rural,Martur,Rear End Collision, Car hit     Bike,Car,Grievious injury,Vehicle out of control,Four lanes or more with central divider,Straight road,,Fine,AP 26AB 6566,YES,Minor,0
09.04.2012,8:35 AM,1193.6,RHS,Rural,Martur,Rear End Collision, Car hit     Bike,Car,Grievious injury,Vehicle out of control,Four lanes or more with central divider,Straight road,,Fine,AP 26AB 6566,YES,Non injured ,3
09.04.2012,8:35 AM,1193.6,RHS,Rural,Martur,Rear End Collision, Car hit     Bike,Car,Grievious injury,Vehicle out of control,Four lanes or more with central divider,Straight road,,Fine,AP 26AB 6566,YES,Animals affected,0
09.04.2012,2:25 PM,1219.5,RHS,Rural,Medarametla,Rear End Collision,Lorry(tanker) hit lorry,Lorry,Minor injury,Over speed,Four lanes or more with central divider,Straight road,T-Junction,Fine,TN28A 3595,YES,Fatal,0
09.04.2012,2:25 PM,1219.5,RHS,Rural,Medarametla,Rear End Collision,Lorry(tanker) hit lorry,Lorry,Minor injury,Over speed,Four lanes or more with central divider,Straight road,T-Junction,Fine,TN28A 3595,YES,Grevious,0
09.04.2012,2:25 PM,1219.5,RHS,Rural,Medarametla,Rear End Collision,Lorry(tanker) hit lorry,Lorry,Minor injury,Over speed,Four lanes or more with central divider,Straight road,T-Junction,Fine,TN28A 3595,YES,Minor,1
09.04.2012,2:25 PM,1219.5,RHS,Rural,Medarametla,Rear End Collision,Lorry(tanker) hit lorry,Lorry,Minor injury,Over speed,Four lanes or more with central divider,Straight road,T-Junction,Fine,TN28A 3595,YES,Non injured ,2
09.04.2012,2:25 PM,1219.5,RHS,Rural,Medarametla,Rear End Collision,Lorry(tanker) hit lorry,Lorry,Minor injury,Over speed,Four lanes or more with central divider,Straight road,T-Junction,Fine,TN28A 3595,YES,Animals affected,0
09.04.2012,11:45 PM,1214.4,RHS,Rural,Medarametla,Rear End Collision,Lorry hit Bus(RTC),Lorry,Non injury,Over speed,Four lanes or more with central divider,Straight road,,Fine,TN30 AM 4158,YES,Fatal,0
09.04.2012,11:45 PM,1214.4,RHS,Rural,Medarametla,Rear End Collision,Lorry hit Bus(RTC),Lorry,Non injury,Over speed,Four lanes or more with central divider,Straight road,,Fine,TN30 AM 4158,YES,Grevious,0
09.04.2012,11:45 PM,1214.4,RHS,Rural,Medarametla,Rear End Collision,Lorry hit Bus(RTC),Lorry,Non injury,Over speed,Four lanes or more with central divider,Straight road,,Fine,TN30 AM 4158,YES,Minor,0
09.04.2012,11:45 PM,1214.4,RHS,Rural,Medarametla,Rear End Collision,Lorry hit Bus(RTC),Lorry,Non injury,Over speed,Four lanes or more with central divider,Straight road,,Fine,TN30 AM 4158,YES,Non injured ,25
09.04.2012,11:45 PM,1214.4,RHS,Rural,Medarametla,Rear End Collision,Lorry hit Bus(RTC),Lorry,Non injury,Over speed,Four lanes or more with central divider,Straight road,,Fine,TN30 AM 4158,YES,Animals affected,0
10.04.2012,2:30 AM,1205.6,RHS,Rural,Reningavaram,Rear End Collision,TATA Ace hit Lorry,Tata Ace,Grievious injury,Druken,Four lanes or more with central divider,Straight road,,Fine,AP27TU 2002,YES,Fatal,0
10.04.2012,2:30 AM,1205.6,RHS,Rural,Reningavaram,Rear End Collision,TATA Ace hit Lorry,Tata Ace,Grievious injury,Druken,Four lanes or more with central divider,Straight road,,Fine,AP27TU 2002,YES,Grevious,3
10.04.2012,2:30 AM,1205.6,RHS,Rural,Reningavaram,Rear End Collision,TATA Ace hit Lorry,Tata Ace,Grievious injury,Druken,Four lanes or more with central divider,Straight road,,Fine,AP27TU 2002,YES,Minor,6
10.04.2012,2:30 AM,1205.6,RHS,Rural,Reningavaram,Rear End Collision,TATA Ace hit Lorry,Tata Ace,Grievious injury,Druken,Four lanes or more with central divider,Straight road,,Fine,AP27TU 2002,YES,Non injured ,2
10.04.2012,2:30 AM,1205.6,RHS,Rural,Reningavaram,Rear End Collision,TATA Ace hit Lorry,Tata Ace,Grievious injury,Druken,Four lanes or more with central divider,Straight road,,Fine,AP27TU 2002,YES,Animals affected,0
10.04.2012,10:50 AM,1187.9,LHS,Rural,Martur,Rear End Collision,car  hit  Lorry,car,Grievious injury,Over speed,Four lanes or more with central divider,Straight road,,Fine,AP27AF   6489,YES,Fatal,0
10.04.2012,10:50 AM,1187.9,LHS,Rural,Martur,Rear End Collision,car  hit  Lorry,car,Grievious injury,Over speed,Four lanes or more with central divider,Straight road,,Fine,AP27AF   6489,YES,Grevious,1
10.04.2012,10:50 AM,1187.9,LHS,Rural,Martur,Rear End Collision,car  hit  Lorry,car,Grievious injury,Over speed,Four lanes or more with central divider,Straight road,,Fine,AP27AF   6489,YES,Minor,0
10.04.2012,10:50 AM,1187.9,LHS,Rural,Martur,Rear End Collision,car  hit  Lorry,car,Grievious injury,Over speed,Four lanes or more with central divider,Straight road,,Fine,AP27AF   6489,YES,Non injured ,2
10.04.2012,10:50 AM,1187.9,LHS,Rural,Martur,Rear End Collision,car  hit  Lorry,car,Grievious injury,Over speed,Four lanes or more with central divider,Straight road,,Fine,AP27AF   6489,YES,Animals affected,0
11.04.2012,11:24 AM,1195.8,RHS,Rural,Martur,Rear End Collision,Car hit bike,Car,Grievious injury,Over speed,Four lanes or more with central divider,Straight road,T-Junction,Fine,TN72AE        499,YES,Fatal,0
11.04.2012,11:24 AM,1195.8,RHS,Rural,Martur,Rear End Collision,Car hit bike,Car,Grievious injury,Over speed,Four lanes or more with central divider,Straight road,T-Junction,Fine,TN72AE        499,YES,Grevious,1
11.04.2012,11:24 AM,1195.8,RHS,Rural,Martur,Rear End Collision,Car hit bike,Car,Grievious injury,Over speed,Four lanes or more with central divider,Straight road,T-Junction,Fine,TN72AE        499,YES,Minor,1
11.04.2012,11:24 AM,1195.8,RHS,Rural,Martur,Rear End Collision,Car hit bike,Car,Grievious injury,Over speed,Four lanes or more with central divider,Straight road,T-Junction,Fine,TN72AE        499,YES,Non injured ,4
11.04.2012,11:24 AM,1195.8,RHS,Rural,Martur,Rear End Collision,Car hit bike,Car,Grievious injury,Over speed,Four lanes or more with central divider,Straight road,T-Junction,Fine,TN72AE        499,YES,Animals affected,0
12.04.2012,1:55 AM,1315.9,LHS,Rural,Kavali,Rear End Collision,Lorry hit Unknown   vehicle,Lorry,Non injury,Over speed,Four lanes or more with central divider,Straight road,,Fine,WB23B  0331,YES,Fatal,0
12.04.2012,1:55 AM,1315.9,LHS,Rural,Kavali,Rear End Collision,Lorry hit Unknown   vehicle,Lorry,Non injury,Over speed,Four lanes or more with central divider,Straight road,,Fine,WB23B  0331,YES,Grevious,0
12.04.2012,1:55 AM,1315.9,LHS,Rural,Kavali,Rear End Collision,Lorry hit Unknown   vehicle,Lorry,Non injury,Over speed,Four lanes or more with central divider,Straight road,,Fine,WB23B  0331,YES,Minor,0
12.04.2012,1:55 AM,1315.9,LHS,Rural,Kavali,Rear End Collision,Lorry hit Unknown   vehicle,Lorry,Non injury,Over speed,Four lanes or more with central divider,Straight road,,Fine,WB23B  0331,YES,Non injured ,2
12.04.2012,1:55 AM,1315.9,LHS,Rural,Kavali,Rear End Collision,Lorry hit Unknown   vehicle,Lorry,Non injury,Over speed,Four lanes or more with central divider,Straight road,,Fine,WB23B  0331,YES,Animals affected,0
12.04.2012,3:30 AM,1229.6,LHS,Rural,Maddipadu,Others(p1.Specific),Tipper hit Pedestrian,Lorry,Grievious injury,Over speed,Four lanes or more with central divider,Straight road,,Fine,AP27TT 2572,YES,Fatal,0
12.04.2012,3:30 AM,1229.6,LHS,Rural,Maddipadu,Others(p1.Specific),Tipper hit Pedestrian,Lorry,Grievious injury,Over speed,Four lanes or more with central divider,Straight road,,Fine,AP27TT 2572,YES,Grevious,1
12.04.2012,3:30 AM,1229.6,LHS,Rural,Maddipadu,Others(p1.Specific),Tipper hit Pedestrian,Lorry,Grievious injury,Over speed,Four lanes or more with central divider,Straight road,,Fine,AP27TT 2572,YES,Minor,0
12.04.2012,3:30 AM,1229.6,LHS,Rural,Maddipadu,Others(p1.Specific),Tipper hit Pedestrian,Lorry,Grievious injury,Over speed,Four lanes or more with central divider,Straight road,,Fine,AP27TT 2572,YES,Non injured ,2
12.04.2012,3:30 AM,1229.6,LHS,Rural,Maddipadu,Others(p1.Specific),Tipper hit Pedestrian,Lorry,Grievious injury,Over speed,Four lanes or more with central divider,Straight road,,Fine,AP27TT 2572,YES,Animals affected,0
12.04.2012,7:24 AM,1315,LHS,Rural,Kavali,Rear End Collision,Lorry hit Unknown   vehicle,Lorry,Non injury,Over speed,Four lanes or more with central divider,Straight road,,Fine,AP10G   7503,YES,Fatal,0
12.04.2012,7:24 AM,1315,LHS,Rural,Kavali,Rear End Collision,Lorry hit Unknown   vehicle,Lorry,Non injury,Over speed,Four lanes or more with central divider,Straight road,,Fine,AP10G   7503,YES,Grevious,0
12.04.2012,7:24 AM,1315,LHS,Rural,Kavali,Rear End Collision,Lorry hit Unknown   vehicle,Lorry,Non injury,Over speed,Four lanes or more with central divider,Straight road,,Fine,AP10G   7503,YES,Minor,0
12.04.2012,7:24 AM,1315,LHS,Rural,Kavali,Rear End Collision,Lorry hit Unknown   vehicle,Lorry,Non injury,Over speed,Four lanes or more with central divider,Straight road,,Fine,AP10G   7503,YES,Non injured ,2
12.04.2012,7:24 AM,1315,LHS,Rural,Kavali,Rear End Collision,Lorry hit Unknown   vehicle,Lorry,Non injury,Over speed,Four lanes or more with central divider,Straight road,,Fine,AP10G   7503,YES,Animals affected,0
12.04.2012,2:45 PM,1329.1,RHS,Rural,Kavali,Rear End Collision,Mini Lorry hit Bufflow,Lorry,Non injury,Over speed,Four lanes or more with central divider,Straight road,,Fine,AP26TA  8774,YES,Fatal,0
12.04.2012,2:45 PM,1329.1,RHS,Rural,Kavali,Rear End Collision,Mini Lorry hit Bufflow,Lorry,Non injury,Over speed,Four lanes or more with central divider,Straight road,,Fine,AP26TA  8774,YES,Grevious,0
12.04.2012,2:45 PM,1329.1,RHS,Rural,Kavali,Rear End Collision,Mini Lorry hit Bufflow,Lorry,Non injury,Over speed,Four lanes or more with central divider,Straight road,,Fine,AP26TA  8774,YES,Minor,0
12.04.2012,2:45 PM,1329.1,RHS,Rural,Kavali,Rear End Collision,Mini Lorry hit Bufflow,Lorry,Non injury,Over speed,Four lanes or more with central divider,Straight road,,Fine,AP26TA  8774,YES,Non injured ,2
12.04.2012,2:45 PM,1329.1,RHS,Rural,Kavali,Rear End Collision,Mini Lorry hit Bufflow,Lorry,Non injury,Over speed,Four lanes or more with central divider,Straight road,,Fine,AP26TA  8774,YES,Animals affected,1
12.04.2012,3:00 PM,1282.1,LHS,Rural,Singarayakonda,Head on collision,Tata ace hit Lorry,Tata Ace,Non injury,Over speed,Four lanes or more with central divider,Straight road,,Fine,AP27Y 5718,YES,Fatal,0
12.04.2012,3:00 PM,1282.1,LHS,Rural,Singarayakonda,Head on collision,Tata ace hit Lorry,Tata Ace,Non injury,Over speed,Four lanes or more with central divider,Straight road,,Fine,AP27Y 5718,YES,Grevious,0
12.04.2012,3:00 PM,1282.1,LHS,Rural,Singarayakonda,Head on collision,Tata ace hit Lorry,Tata Ace,Non injury,Over speed,Four lanes or more with central divider,Straight road,,Fine,AP27Y 5718,YES,Minor,0
12.04.2012,3:00 PM,1282.1,LHS,Rural,Singarayakonda,Head on collision,Tata ace hit Lorry,Tata Ace,Non injury,Over speed,Four lanes or more with central divider,Straight road,,Fine,AP27Y 5718,YES,Non injured ,4
12.04.2012,3:00 PM,1282.1,LHS,Rural,Singarayakonda,Head on collision,Tata ace hit Lorry,Tata Ace,Non injury,Over speed,Four lanes or more with central divider,Straight road,,Fine,AP27Y 5718,YES,Animals affected,0
12.04.2012,3:20 PM,1293.6,LHS,Rural,Ulavapadu,Skidding,Bike skidding on the road,Bike,Minor injury,Over speed,Four lanes or more with central divider,Straight road,,Fine,F/R,YES,Fatal,0
12.04.2012,3:20 PM,1293.6,LHS,Rural,Ulavapadu,Skidding,Bike skidding on the road,Bike,Minor injury,Over speed,Four lanes or more with central divider,Straight road,,Fine,F/R,YES,Grevious,0
12.04.2012,3:20 PM,1293.6,LHS,Rural,Ulavapadu,Skidding,Bike skidding on the road,Bike,Minor injury,Over speed,Four lanes or more with central divider,Straight road,,Fine,F/R,YES,Minor,1