Operational date,Time of Accident,KM && M,Position,Rural/Urban,Location,Nature of Accident Position,Nature of Accident,Vehicle Involved,Type of Accident,Causes,Road Feature,Road condition,Intersection Type And Control,Weather Condition,Vehicle Responsible,Help Provided by Ambulance/Patroling Vehicle,Classification of Accident,No of Affected Persons
12.04.2012,3:20 PM,1293.6,LHS,Rural,Ulavapadu,Skidding,Bike skidding on the road,Bike,Minor injury,Over speed,Four lanes or more with central divider,Straight road,,Fine,F/R,YES,Non injured ,0
12.04.2012,3:20 PM,1293.6,LHS,Rural,Ulavapadu,Skidding,Bike skidding on the road,Bike,Minor injury,Over speed,Four lanes or more with central divider,Straight road,,Fine,F/R,YES,Animals affected,0
12.04.2012,6:42 PM,1311.2,LHS,Rural,Kavali,Others(p1.Specific),Unknown vehicle  hit to Pedestrian,Unknown,Fatal,Over speed,Four lanes or more with central divider,Straight road,,Fine,Unknown vehicle,YES,Fatal,1
12.04.2012,6:42 PM,1311.2,LHS,Rural,Kavali,Others(p1.Specific),Unknown vehicle  hit to Pedestrian,Unknown,Fatal,Over speed,Four lanes or more with central divider,Straight road,,Fine,Unknown vehicle,YES,Grevious,0
12.04.2012,6:42 PM,1311.2,LHS,Rural,Kavali,Others(p1.Specific),Unknown vehicle  hit to Pedestrian,Unknown,Fatal,Over speed,Four lanes or more with central divider,Straight road,,Fine,Unknown vehicle,YES,Minor,0
12.04.2012,6:42 PM,1311.2,LHS,Rural,Kavali,Others(p1.Specific),Unknown vehicle  hit to Pedestrian,Unknown,Fatal,Over speed,Four lanes or more with central divider,Straight road,,Fine,Unknown vehicle,YES,Non injured ,0
12.04.2012,6:42 PM,1311.2,LHS,Rural,Kavali,Others(p1.Specific),Unknown vehicle  hit to Pedestrian,Unknown,Fatal,Over speed,Four lanes or more with central divider,Straight road,,Fine,Unknown vehicle,YES,Animals affected,0
13.04.2012,9:28 AM,1258.1,RHS,Rural,Tangutur,Rear End Collision,Lorry hit  Oil Tanker,Lorry,Fatal,Over speed,Four lanes or more with central divider,Straight road,,Fine,AP27W   5209,YES,Fatal,1
13.04.2012,9:28 AM,1258.1,RHS,Rural,Tangutur,Rear End Collision,Lorry hit  Oil Tanker,Lorry,Fatal,Over speed,Four lanes or more with central divider,Straight road,,Fine,AP27W   5209,YES,Grevious,0
13.04.2012,9:28 AM,1258.1,RHS,Rural,Tangutur,Rear End Collision,Lorry hit  Oil Tanker,Lorry,Fatal,Over speed,Four lanes or more with central divider,Straight road,,Fine,AP27W   5209,YES,Minor,0
13.04.2012,9:28 AM,1258.1,RHS,Rural,Tangutur,Rear End Collision,Lorry hit  Oil Tanker,Lorry,Fatal,Over speed,Four lanes or more with central divider,Straight road,,Fine,AP27W   5209,YES,Non injured ,4
13.04.2012,9:28 AM,1258.1,RHS,Rural,Tangutur,Rear End Collision,Lorry hit  Oil Tanker,Lorry,Fatal,Over speed,Four lanes or more with central divider,Straight road,,Fine,AP27W   5209,YES,Animals affected,0
14.04.2012,3:20 AM,1232.8,LHS,Rural,Maddipadu,Rear End Collision,LCV hit Tipper,Van,Fatal,Over speed,Four lanes or more with central divider,Straight road,,Fine,AP27TV 2349,YES,Fatal,3
14.04.2012,3:20 AM,1232.8,LHS,Rural,Maddipadu,Rear End Collision,LCV hit Tipper,Van,Fatal,Over speed,Four lanes or more with central divider,Straight road,,Fine,AP27TV 2349,YES,Grevious,0
14.04.2012,3:20 AM,1232.8,LHS,Rural,Maddipadu,Rear End Collision,LCV hit Tipper,Van,Fatal,Over speed,Four lanes or more with central divider,Straight road,,Fine,AP27TV 2349,YES,Minor,0
14.04.2012,3:20 AM,1232.8,LHS,Rural,Maddipadu,Rear End Collision,LCV hit Tipper,Van,Fatal,Over speed,Four lanes or more with central divider,Straight road,,Fine,AP27TV 2349,YES,Non injured ,2
14.04.2012,3:20 AM,1232.8,LHS,Rural,Maddipadu,Rear End Collision,LCV hit Tipper,Van,Fatal,Over speed,Four lanes or more with central divider,Straight road,,Fine,AP27TV 2349,YES,Animals affected,2
14.04.2012,4:36 AM,1300.7,LHS,Rural,Gudluru,Rear End Collision,Mini Lorry hit Unknow vehicle,Lorry,Grievious injury,Over speed,Four lanes or more with central divider,Straight road,,Fine,AP26Y  0248,YES,Fatal,0
14.04.2012,4:36 AM,1300.7,LHS,Rural,Gudluru,Rear End Collision,Mini Lorry hit Unknow vehicle,Lorry,Grievious injury,Over speed,Four lanes or more with central divider,Straight road,,Fine,AP26Y  0248,YES,Grevious,3
14.04.2012,4:36 AM,1300.7,LHS,Rural,Gudluru,Rear End Collision,Mini Lorry hit Unknow vehicle,Lorry,Grievious injury,Over speed,Four lanes or more with central divider,Straight road,,Fine,AP26Y  0248,YES,Minor,4
14.04.2012,4:36 AM,1300.7,LHS,Rural,Gudluru,Rear End Collision,Mini Lorry hit Unknow vehicle,Lorry,Grievious injury,Over speed,Four lanes or more with central divider,Straight road,,Fine,AP26Y  0248,YES,Non injured ,6
14.04.2012,4:36 AM,1300.7,LHS,Rural,Gudluru,Rear End Collision,Mini Lorry hit Unknow vehicle,Lorry,Grievious injury,Over speed,Four lanes or more with central divider,Straight road,,Fine,AP26Y  0248,YES,Animals affected,0
14.04.2012,6:31 AM,1290.6,RHS,Rural,Ulavapadu,Rear End Collision,Innova hit Road  roller,Car,Fatal,Over speed,Four lanes or more with central divider,Straight road,,Fine,AP27AB  6666,YES,Fatal,1
14.04.2012,6:31 AM,1290.6,RHS,Rural,Ulavapadu,Rear End Collision,Innova hit Road  roller,Car,Fatal,Over speed,Four lanes or more with central divider,Straight road,,Fine,AP27AB  6666,YES,Grevious,2
14.04.2012,6:31 AM,1290.6,RHS,Rural,Ulavapadu,Rear End Collision,Innova hit Road  roller,Car,Fatal,Over speed,Four lanes or more with central divider,Straight road,,Fine,AP27AB  6666,YES,Minor,0
14.04.2012,6:31 AM,1290.6,RHS,Rural,Ulavapadu,Rear End Collision,Innova hit Road  roller,Car,Fatal,Over speed,Four lanes or more with central divider,Straight road,,Fine,AP27AB  6666,YES,Non injured ,0
14.04.2012,6:31 AM,1290.6,RHS,Rural,Ulavapadu,Rear End Collision,Innova hit Road  roller,Car,Fatal,Over speed,Four lanes or more with central divider,Straight road,,Fine,AP27AB  6666,YES,Animals affected,0
14.04.2012,8:28 PM,1339.8,RHS,Rural,Dagadarthi,Collision Brush/Side Wipe,Car hit Bike,Car,Grievious injury,Over speed,Three lanes or more without central divider(median),Straight road,T-Junction,Fine,AP26AJ  5764,YES,Fatal,0
14.04.2012,8:28 PM,1339.8,RHS,Rural,Dagadarthi,Collision Brush/Side Wipe,Car hit Bike,Car,Grievious injury,Over speed,Three lanes or more without central divider(median),Straight road,T-Junction,Fine,AP26AJ  5764,YES,Grevious,1
14.04.2012,8:28 PM,1339.8,RHS,Rural,Dagadarthi,Collision Brush/Side Wipe,Car hit Bike,Car,Grievious injury,Over speed,Three lanes or more without central divider(median),Straight road,T-Junction,Fine,AP26AJ  5764,YES,Minor,1
14.04.2012,8:28 PM,1339.8,RHS,Rural,Dagadarthi,Collision Brush/Side Wipe,Car hit Bike,Car,Grievious injury,Over speed,Three lanes or more without central divider(median),Straight road,T-Junction,Fine,AP26AJ  5764,YES,Non injured ,1
14.04.2012,8:28 PM,1339.8,RHS,Rural,Dagadarthi,Collision Brush/Side Wipe,Car hit Bike,Car,Grievious injury,Over speed,Three lanes or more without central divider(median),Straight road,T-Junction,Fine,AP26AJ  5764,YES,Animals affected,0
15.04.2012,2:25 AM,1264.1,LHS,Rural,Tangutur,Head on collision,Bike hit Cement Barrier,Bike,Grievious injury,Druken,Four lanes or more with central divider,Sharp curve,,Fine,AP27AF   5936,YES,Fatal,0
15.04.2012,2:25 AM,1264.1,LHS,Rural,Tangutur,Head on collision,Bike hit Cement Barrier,Bike,Grievious injury,Druken,Four lanes or more with central divider,Sharp curve,,Fine,AP27AF   5936,YES,Grevious,1
15.04.2012,2:25 AM,1264.1,LHS,Rural,Tangutur,Head on collision,Bike hit Cement Barrier,Bike,Grievious injury,Druken,Four lanes or more with central divider,Sharp curve,,Fine,AP27AF   5936,YES,Minor,1
15.04.2012,2:25 AM,1264.1,LHS,Rural,Tangutur,Head on collision,Bike hit Cement Barrier,Bike,Grievious injury,Druken,Four lanes or more with central divider,Sharp curve,,Fine,AP27AF   5936,YES,Non injured ,0
15.04.2012,2:25 AM,1264.1,LHS,Rural,Tangutur,Head on collision,Bike hit Cement Barrier,Bike,Grievious injury,Druken,Four lanes or more with central divider,Sharp curve,,Fine,AP27AF   5936,YES,Animals affected,0
15.04.2012,6:35 AM,1209.6,LHS,Rural,Reningavaram,Rear End Collision,Tac hit Lorry,Tac,Grievious injury,Over speed,Four lanes or more with central divider,Straight road,,Fine,AP16TB   1161,YES,Fatal,0
15.04.2012,6:35 AM,1209.6,LHS,Rural,Reningavaram,Rear End Collision,Tac hit Lorry,Tac,Grievious injury,Over speed,Four lanes or more with central divider,Straight road,,Fine,AP16TB   1161,YES,Grevious,1
15.04.2012,6:35 AM,1209.6,LHS,Rural,Reningavaram,Rear End Collision,Tac hit Lorry,Tac,Grievious injury,Over speed,Four lanes or more with central divider,Straight road,,Fine,AP16TB   1161,YES,Minor,0
15.04.2012,6:35 AM,1209.6,LHS,Rural,Reningavaram,Rear End Collision,Tac hit Lorry,Tac,Grievious injury,Over speed,Four lanes or more with central divider,Straight road,,Fine,AP16TB   1161,YES,Non injured ,4
15.04.2012,6:35 AM,1209.6,LHS,Rural,Reningavaram,Rear End Collision,Tac hit Lorry,Tac,Grievious injury,Over speed,Four lanes or more with central divider,Straight road,,Fine,AP16TB   1161,YES,Animals affected,0
15.04.2012,11:45 AM,1310.2,RHS,Rural,Kavali,Rear End Collision,Lorry hit  Tractor,Lorry,Non injury,Over speed,Four lanes or more with central divider,Straight road,,Fine,TN20S    6208,YES,Fatal,0
15.04.2012,11:45 AM,1310.2,RHS,Rural,Kavali,Rear End Collision,Lorry hit  Tractor,Lorry,Non injury,Over speed,Four lanes or more with central divider,Straight road,,Fine,TN20S    6208,YES,Grevious,0
15.04.2012,11:45 AM,1310.2,RHS,Rural,Kavali,Rear End Collision,Lorry hit  Tractor,Lorry,Non injury,Over speed,Four lanes or more with central divider,Straight road,,Fine,TN20S    6208,YES,Minor,0
15.04.2012,11:45 AM,1310.2,RHS,Rural,Kavali,Rear End Collision,Lorry hit  Tractor,Lorry,Non injury,Over speed,Four lanes or more with central divider,Straight road,,Fine,TN20S    6208,YES,Non injured ,4
15.04.2012,11:45 AM,1310.2,RHS,Rural,Kavali,Rear End Collision,Lorry hit  Tractor,Lorry,Non injury,Over speed,Four lanes or more with central divider,Straight road,,Fine,TN20S    6208,YES,Animals affected,0
15.04.2012,2:10 PM,1326.3,RHS,Rural,Kavali,Overturning,Continer Lorry Overturned,Container,Grievious injury,Over speed,Four lanes or more with central divider,Straight road,,Fine,AP21T    9788,YES,Fatal,0
15.04.2012,2:10 PM,1326.3,RHS,Rural,Kavali,Overturning,Continer Lorry Overturned,Container,Grievious injury,Over speed,Four lanes or more with central divider,Straight road,,Fine,AP21T    9788,YES,Grevious,1
15.04.2012,2:10 PM,1326.3,RHS,Rural,Kavali,Overturning,Continer Lorry Overturned,Container,Grievious injury,Over speed,Four lanes or more with central divider,Straight road,,Fine,AP21T    9788,YES,Minor,0
15.04.2012,2:10 PM,1326.3,RHS,Rural,Kavali,Overturning,Continer Lorry Overturned,Container,Grievious injury,Over speed,Four lanes or more with central divider,Straight road,,Fine,AP21T    9788,YES,Non injured ,1
15.04.2012,2:10 PM,1326.3,RHS,Rural,Kavali,Overturning,Continer Lorry Overturned,Container,Grievious injury,Over speed,Four lanes or more with central divider,Straight road,,Fine,AP21T    9788,YES,Animals affected,0
15.04.2012,11:15 PM,1201.4,RHS,Rural,Reningavaram,Overturning,Car Over turned,Car,Grievious injury,Fault of driver of motor vehicle/driver of other vehicle/cyclist/pedestrian/passenger,Four lanes or more with central divider,Straight road,,Fine,AP16TV 8141,YES,Fatal,0
15.04.2012,11:15 PM,1201.4,RHS,Rural,Reningavaram,Overturning,Car Over turned,Car,Grievious injury,Fault of driver of motor vehicle/driver of other vehicle/cyclist/pedestrian/passenger,Four lanes or more with central divider,Straight road,,Fine,AP16TV 8141,YES,Grevious,2
15.04.2012,11:15 PM,1201.4,RHS,Rural,Reningavaram,Overturning,Car Over turned,Car,Grievious injury,Fault of driver of motor vehicle/driver of other vehicle/cyclist/pedestrian/passenger,Four lanes or more with central divider,Straight road,,Fine,AP16TV 8141,YES,Minor,2
15.04.2012,11:15 PM,1201.4,RHS,Rural,Reningavaram,Overturning,Car Over turned,Car,Grievious injury,Fault of driver of motor vehicle/driver of other vehicle/cyclist/pedestrian/passenger,Four lanes or more with central divider,Straight road,,Fine,AP16TV 8141,YES,Non injured ,0
15.04.2012,11:15 PM,1201.4,RHS,Rural,Reningavaram,Overturning,Car Over turned,Car,Grievious injury,Fault of driver of motor vehicle/driver of other vehicle/cyclist/pedestrian/passenger,Four lanes or more with central divider,Straight road,,Fine,AP16TV 8141,YES,Animals affected,0
16.04.2012,4:45 AM,1264.3,RHS,Rural,Tangutur,Rear End Collision,Lorry hit Ape Auto,Lorry,Minor injury,Fault of driver of motor vehicle/driver of other vehicle/cyclist/pedestrian/passenger,Three lanes or more without central divider(median),Slight curve,,Fine,AP27X    5778,YES,Fatal,0
16.04.2012,4:45 AM,1264.3,RHS,Rural,Tangutur,Rear End Collision,Lorry hit Ape Auto,Lorry,Minor injury,Fault of driver of motor vehicle/driver of other vehicle/cyclist/pedestrian/passenger,Three lanes or more without central divider(median),Slight curve,,Fine,AP27X    5778,YES,Grevious,0
16.04.2012,4:45 AM,1264.3,RHS,Rural,Tangutur,Rear End Collision,Lorry hit Ape Auto,Lorry,Minor injury,Fault of driver of motor vehicle/driver of other vehicle/cyclist/pedestrian/passenger,Three lanes or more without central divider(median),Slight curve,,Fine,AP27X    5778,YES,Minor,1
16.04.2012,4:45 AM,1264.3,RHS,Rural,Tangutur,Rear End Collision,Lorry hit Ape Auto,Lorry,Minor injury,Fault of driver of motor vehicle/driver of other vehicle/cyclist/pedestrian/passenger,Three lanes or more without central divider(median),Slight curve,,Fine,AP27X    5778,YES,Non injured ,2
16.04.2012,4:45 AM,1264.3,RHS,Rural,Tangutur,Rear End Collision,Lorry hit Ape Auto,Lorry,Minor injury,Fault of driver of motor vehicle/driver of other vehicle/cyclist/pedestrian/passenger,Three lanes or more without central divider(median),Slight curve,,Fine,AP27X    5778,YES,Animals affected,0
16.04.2012,6:13 AM,1310.1,LHS,Rural,Kavali,Rear End Collision,Lorry hit Ambulance,Lorry,Grievious injury,Over speed,Four lanes or more with central divider,Straight road,,Fine,AP16TY    2929,YES,Fatal,0
16.04.2012,6:13 AM,1310.1,LHS,Rural,Kavali,Rear End Collision,Lorry hit Ambulance,Lorry,Grievious injury,Over speed,Four lanes or more with central divider,Straight road,,Fine,AP16TY    2929,YES,Grevious,2
16.04.2012,6:13 AM,1310.1,LHS,Rural,Kavali,Rear End Collision,Lorry hit Ambulance,Lorry,Grievious injury,Over speed,Four lanes or more with central divider,Straight road,,Fine,AP16TY    2929,YES,Minor,0
16.04.2012,6:13 AM,1310.1,LHS,Rural,Kavali,Rear End Collision,Lorry hit Ambulance,Lorry,Grievious injury,Over speed,Four lanes or more with central divider,Straight road,,Fine,AP16TY    2929,YES,Non injured ,2
16.04.2012,6:13 AM,1310.1,LHS,Rural,Kavali,Rear End Collision,Lorry hit Ambulance,Lorry,Grievious injury,Over speed,Four lanes or more with central divider,Straight road,,Fine,AP16TY    2929,YES,Animals affected,0
17.04.2012,10:10 AM,1210.9,RHS,Rural,Reningavaram,Rear End Collision,Lorry hit Bike,Lorry,Minor injury,Over speed,Four lanes or more with central divider,Straight road,,Fine,AP27V    6426,YES,Fatal,0
17.04.2012,10:10 AM,1210.9,RHS,Rural,Reningavaram,Rear End Collision,Lorry hit Bike,Lorry,Minor injury,Over speed,Four lanes or more with central divider,Straight road,,Fine,AP27V    6426,YES,Grevious,0
17.04.2012,10:10 AM,1210.9,RHS,Rural,Reningavaram,Rear End Collision,Lorry hit Bike,Lorry,Minor injury,Over speed,Four lanes or more with central divider,Straight road,,Fine,AP27V    6426,YES,Minor,1
17.04.2012,10:10 AM,1210.9,RHS,Rural,Reningavaram,Rear End Collision,Lorry hit Bike,Lorry,Minor injury,Over speed,Four lanes or more with central divider,Straight road,,Fine,AP27V    6426,YES,Non injured ,0
17.04.2012,10:10 AM,1210.9,RHS,Rural,Reningavaram,Rear End Collision,Lorry hit Bike,Lorry,Minor injury,Over speed,Four lanes or more with central divider,Straight road,,Fine,AP27V    6426,YES,Animals affected,0
17.04.2012,10:45 AM,1250.3,RHS,Rural,Ongole,Rear End Collision,Mini Lorry hit Unknown vehicle,Lorry,Non injury,Over speed,Four lanes or more with central divider,Straight road,,Fine,AP07Y    6903,YES,Fatal,0
17.04.2012,10:45 AM,1250.3,RHS,Rural,Ongole,Rear End Collision,Mini Lorry hit Unknown vehicle,Lorry,Non injury,Over speed,Four lanes or more with central divider,Straight road,,Fine,AP07Y    6903,YES,Grevious,0
17.04.2012,10:45 AM,1250.3,RHS,Rural,Ongole,Rear End Collision,Mini Lorry hit Unknown vehicle,Lorry,Non injury,Over speed,Four lanes or more with central divider,Straight road,,Fine,AP07Y    6903,YES,Minor,0
17.04.2012,10:45 AM,1250.3,RHS,Rural,Ongole,Rear End Collision,Mini Lorry hit Unknown vehicle,Lorry,Non injury,Over speed,Four lanes or more with central divider,Straight road,,Fine,AP07Y    6903,YES,Non injured ,2
17.04.2012,10:45 AM,1250.3,RHS,Rural,Ongole,Rear End Collision,Mini Lorry hit Unknown vehicle,Lorry,Non injury,Over speed,Four lanes or more with central divider,Straight road,,Fine,AP07Y    6903,YES,Animals affected,0
18.04.2012,9:20 AM,1254.3,LHS,Rural,Ongole,Rear End Collision,Bike hit Unknown vehicle,Bike,Grievious injury,Over speed,Four lanes or more with central divider,Straight road,,Fine,AP27M    5934,YES,Fatal,0
18.04.2012,9:20 AM,1254.3,LHS,Rural,Ongole,Rear End Collision,Bike hit Unknown vehicle,Bike,Grievious injury,Over speed,Four lanes or more with central divider,Straight road,,Fine,AP27M    5934,YES,Grevious,1
18.04.2012,9:20 AM,1254.3,LHS,Rural,Ongole,Rear End Collision,Bike hit Unknown vehicle,Bike,Grievious injury,Over speed,Four lanes or more with central divider,Straight road,,Fine,AP27M    5934,YES,Minor,0
18.04.2012,9:20 AM,1254.3,LHS,Rural,Ongole,Rear End Collision,Bike hit Unknown vehicle,Bike,Grievious injury,Over speed,Four lanes or more with central divider,Straight road,,Fine,AP27M    5934,YES,Non injured ,0
18.04.2012,9:20 AM,1254.3,LHS,Rural,Ongole,Rear End Collision,Bike hit Unknown vehicle,Bike,Grievious injury,Over speed,Four lanes or more with central divider,Straight road,,Fine,AP27M    5934,YES,Animals affected,0
18.04.2012,5:20 PM,1241.4,RHS,Rural,Ongole,Rear End Collision,Bus hit Tractor ,Bus,Non injury,Over speed,Four lanes or more with central divider,Straight road,,Fine,AP28Z   4590,YES,Fatal,0
18.04.2012,5:20 PM,1241.4,RHS,Rural,Ongole,Rear End Collision,Bus hit Tractor ,Bus,Non injury,Over speed,Four lanes or more with central divider,Straight road,,Fine,AP28Z   4590,YES,Grevious,0
18.04.2012,5:20 PM,1241.4,RHS,Rural,Ongole,Rear End Collision,Bus hit Tractor ,Bus,Non injury,Over speed,Four lanes or more with central divider,Straight road,,Fine,AP28Z   4590,YES,Minor,0
18.04.2012,5:20 PM,1241.4,RHS,Rural,Ongole,Rear End Collision,Bus hit Tractor ,Bus,Non injury,Over speed,Four lanes or more with central divider,Straight road,,Fine,AP28Z   4590,YES,Non injured ,1
18.04.2012,5:20 PM,1241.4,RHS,Rural,Ongole,Rear End Collision,Bus hit Tractor ,Bus,Non injury,Over speed,Four lanes or more with central divider,Straight road,,Fine,AP28Z   4590,YES,Animals affected,0
18.04.2012,6:15 PM,1329.8,RHS,Rural,Kavali,Collision Brush/Side Wipe,Car hit Buiffellow,Car,Non injury,Over speed,Four lanes or more with central divider,Straight road,,Fine,TN58K    9798,YES,Fatal,0
18.04.2012,6:15 PM,1329.8,RHS,Rural,Kavali,Collision Brush/Side Wipe,Car hit Buiffellow,Car,Non injury,Over speed,Four lanes or more with central divider,Straight road,,Fine,TN58K    9798,YES,Grevious,0
18.04.2012,6:15 PM,1329.8,RHS,Rural,Kavali,Collision Brush/Side Wipe,Car hit Buiffellow,Car,Non injury,Over speed,Four lanes or more with central divider,Straight road,,Fine,TN58K    9798,YES,Minor,0
18.04.2012,6:15 PM,1329.8,RHS,Rural,Kavali,Collision Brush/Side Wipe,Car hit Buiffellow,Car,Non injury,Over speed,Four lanes or more with central divider,Straight road,,Fine,TN58K    9798,YES,Non injured ,2
18.04.2012,6:15 PM,1329.8,RHS,Rural,Kavali,Collision Brush/Side Wipe,Car hit Buiffellow,Car,Non injury,Over speed,Four lanes or more with central divider,Straight road,,Fine,TN58K    9798,YES,Animals affected,1
19.04.2012,12:45 AM,1270,LHS,Rural,Jarugumalli,Rear End Collision,Unknown vehicle hit Car,Unknown,Minor injury,Over speed,Four lanes or more with central divider,Straight road,,Fine,TN07AW  6270,YES,Fatal,0
19.04.2012,12:45 AM,1270,LHS,Rural,Jarugumalli,Rear End Collision,Unknown vehicle hit Car,Unknown,Minor injury,Over speed,Four lanes or more with central divider,Straight road,,Fine,TN07AW  6270,YES,Grevious,0
19.04.2012,12:45 AM,1270,LHS,Rural,Jarugumalli,Rear End Collision,Unknown vehicle hit Car,Unknown,Minor injury,Over speed,Four lanes or more with central divider,Straight road,,Fine,TN07AW  6270,YES,Minor,1
19.04.2012,12:45 AM,1270,LHS,Rural,Jarugumalli,Rear End Collision,Unknown vehicle hit Car,Unknown,Minor injury,Over speed,Four lanes or more with central divider,Straight road,,Fine,TN07AW  6270,YES,Non injured ,2
19.04.2012,12:45 AM,1270,LHS,Rural,Jarugumalli,Rear End Collision,Unknown vehicle hit Car,Unknown,Minor injury,Over speed,Four lanes or more with central divider,Straight road,,Fine,TN07AW  6270,YES,Animals affected,0
19.04.2012,8:27 AM,1187.8,RHS,Rural,Martur,Rear End Collision,Milk Tanker  Hit Unknown Vehicle,Tanker,Non injury,Over speed,Four lanes or more with central divider,Straight road,,Fine,AP27W    7879,YES,Fatal,0
19.04.2012,8:27 AM,1187.8,RHS,Rural,Martur,Rear End Collision,Milk Tanker  Hit Unknown Vehicle,Tanker,Non injury,Over speed,Four lanes or more with central divider,Straight road,,Fine,AP27W    7879,YES,Grevious,0
19.04.2012,8:27 AM,1187.8,RHS,Rural,Martur,Rear End Collision,Milk Tanker  Hit Unknown Vehicle,Tanker,Non injury,Over speed,Four lanes or more with central divider,Straight road,,Fine,AP27W    7879,YES,Minor,0
19.04.2012,8:27 AM,1187.8,RHS,Rural,Martur,Rear End Collision,Milk Tanker  Hit Unknown Vehicle,Tanker,Non injury,Over speed,Four lanes or more with central divider,Straight road,,Fine,AP27W    7879,YES,Non injured ,2
19.04.2012,8:27 AM,1187.8,RHS,Rural,Martur,Rear End Collision,Milk Tanker  Hit Unknown Vehicle,Tanker,Non injury,Over speed,Four lanes or more with central divider,Straight road,,Fine,AP27W    7879,YES,Animals affected,0
19.04.2012,2:27 PM,1341.9,RHS,Rural,Dagadarthi,Rear End Collision,Lorry hit     Tractor,Lorry,Non injury,Over speed,Four lanes or more with central divider,Straight road,,Fine,AP16TW   1624,YES,Fatal,0
19.04.2012,2:27 PM,1341.9,RHS,Rural,Dagadarthi,Rear End Collision,Lorry hit     Tractor,Lorry,Non injury,Over speed,Four lanes or more with central divider,Straight road,,Fine,AP16TW   1624,YES,Grevious,0
19.04.2012,2:27 PM,1341.9,RHS,Rural,Dagadarthi,Rear End Collision,Lorry hit     Tractor,Lorry,Non injury,Over speed,Four lanes or more with central divider,Straight road,,Fine,AP16TW   1624,YES,Minor,0
19.04.2012,2:27 PM,1341.9,RHS,Rural,Dagadarthi,Rear End Collision,Lorry hit     Tractor,Lorry,Non injury,Over speed,Four lanes or more with central divider,Straight road,,Fine,AP16TW   1624,YES,Non injured ,4
19.04.2012,2:27 PM,1341.9,RHS,Rural,Dagadarthi,Rear End Collision,Lorry hit     Tractor,Lorry,Non injury,Over speed,Four lanes or more with central divider,Straight road,,Fine,AP16TW   1624,YES,Animals affected,0
19.04.2012,2:38 PM,1270,RHS,Rural,Jarugumalli,Rear End Collision, Lorry hit Unknown  Vehicle,Lorry,Minor injury,Over speed,Four lanes or more with central divider,Straight road,,Fine,AP26Y    8525,YES,Fatal,0
19.04.2012,2:38 PM,1270,RHS,Rural,Jarugumalli,Rear End Collision, Lorry hit Unknown  Vehicle,Lorry,Minor injury,Over speed,Four lanes or more with central divider,Straight road,,Fine,AP26Y    8525,YES,Grevious,0
19.04.2012,2:38 PM,1270,RHS,Rural,Jarugumalli,Rear End Collision, Lorry hit Unknown  Vehicle,Lorry,Minor injury,Over speed,Four lanes or more with central divider,Straight road,,Fine,AP26Y    8525,YES,Minor,1
19.04.2012,2:38 PM,1270,RHS,Rural,Jarugumalli,Rear End Collision, Lorry hit Unknown  Vehicle,Lorry,Minor injury,Over speed,Four lanes or more with central divider,Straight road,,Fine,AP26Y    8525,YES,Non injured ,3
19.04.2012,2:38 PM,1270,RHS,Rural,Jarugumalli,Rear End Collision, Lorry hit Unknown  Vehicle,Lorry,Minor injury,Over speed,Four lanes or more with central divider,Straight road,,Fine,AP26Y    8525,YES,Animals affected,0
19.04.2012,6:20 PM,1309.2,RHS,Rural,Kavali,Rear End Collision,Trally hit TATA AC,Bus,Grievious injury,Over speed,Four lanes or more with central divider,Straight road,,Fine,TN28AC    9497,YES,Fatal,0
19.04.2012,6:20 PM,1309.2,RHS,Rural,Kavali,Rear End Collision,Trally hit TATA AC,Bus,Grievious injury,Over speed,Four lanes or more with central divider,Straight road,,Fine,TN28AC    9497,YES,Grevious,1
19.04.2012,6:20 PM,1309.2,RHS,Rural,Kavali,Rear End Collision,Trally hit TATA AC,Bus,Grievious injury,Over speed,Four lanes or more with central divider,Straight road,,Fine,TN28AC    9497,YES,Minor,0
19.04.2012,6:20 PM,1309.2,RHS,Rural,Kavali,Rear End Collision,Trally hit TATA AC,Bus,Grievious injury,Over speed,Four lanes or more with central divider,Straight road,,Fine,TN28AC    9497,YES,Non injured ,4
19.04.2012,6:20 PM,1309.2,RHS,Rural,Kavali,Rear End Collision,Trally hit TATA AC,Bus,Grievious injury,Over speed,Four lanes or more with central divider,Straight road,,Fine,TN28AC    9497,YES,Animals affected,0
20.04.2012,2:43 AM,1226.4,LHS,Rural,Maddipadu,Rear End Collision,Lorry  hit safety wall,Lorry,Non injury,Over speed,Four lanes or more with central divider,Straight road,T-Junction,Fine,TN30 AM 8751,YES,Fatal,0
20.04.2012,2:43 AM,1226.4,LHS,Rural,Maddipadu,Rear End Collision,Lorry  hit safety wall,Lorry,Non injury,Over speed,Four lanes or more with central divider,Straight road,T-Junction,Fine,TN30 AM 8751,YES,Grevious,0
20.04.2012,2:43 AM,1226.4,LHS,Rural,Maddipadu,Rear End Collision,Lorry  hit safety wall,Lorry,Non injury,Over speed,Four lanes or more with central divider,Straight road,T-Junction,Fine,TN30 AM 8751,YES,Minor,0
20.04.2012,2:43 AM,1226.4,LHS,Rural,Maddipadu,Rear End Collision,Lorry  hit safety wall,Lorry,Non injury,Over speed,Four lanes or more with central divider,Straight road,T-Junction,Fine,TN30 AM 8751,YES,Non injured ,3
20.04.2012,2:43 AM,1226.4,LHS,Rural,Maddipadu,Rear End Collision,Lorry  hit safety wall,Lorry,Non injury,Over speed,Four lanes or more with central divider,Straight road,T-Junction,Fine,TN30 AM 8751,YES,Animals affected,0
20.04.2012,8:20 AM,1226.4,RHS,Rural,Maddipadu,Rear End Collision,Lorry  hit safety wall,Lorry,Non injury,Over speed,Four lanes or more with central divider,Straight road,,Fine,AP36W    6599,YES,Fatal,0