Operational date,Time of Accident,KM && M,Position,Rural/Urban,Location,Nature of Accident Position,Nature of Accident,Vehicle Involved,Type of Accident,Causes,Road Feature,Road condition,Intersection Type And Control,Weather Condition,Vehicle Responsible,Help Provided by Ambulance/Patroling Vehicle,Classification of Accident,No of Affected Persons
20.04.2012,8:20 AM,1226.4,RHS,Rural,Maddipadu,Rear End Collision,Lorry  hit safety wall,Lorry,Non injury,Over speed,Four lanes or more with central divider,Straight road,,Fine,AP36W    6599,YES,Grevious,0
20.04.2012,8:20 AM,1226.4,RHS,Rural,Maddipadu,Rear End Collision,Lorry  hit safety wall,Lorry,Non injury,Over speed,Four lanes or more with central divider,Straight road,,Fine,AP36W    6599,YES,Minor,0
20.04.2012,8:20 AM,1226.4,RHS,Rural,Maddipadu,Rear End Collision,Lorry  hit safety wall,Lorry,Non injury,Over speed,Four lanes or more with central divider,Straight road,,Fine,AP36W    6599,YES,Non injured ,2
20.04.2012,8:20 AM,1226.4,RHS,Rural,Maddipadu,Rear End Collision,Lorry  hit safety wall,Lorry,Non injury,Over speed,Four lanes or more with central divider,Straight road,,Fine,AP36W    6599,YES,Animals affected,0
20.04.2012,5:00 PM,1277.3,RHS,Rural,Singarayakonda,Rear End Collision,Lorry hit Tractor,Lorry,Non injury,Over speed,Four lanes or more with central divider,Straight road,,Fine,AP16TW   7789,YES,Fatal,0
20.04.2012,5:00 PM,1277.3,RHS,Rural,Singarayakonda,Rear End Collision,Lorry hit Tractor,Lorry,Non injury,Over speed,Four lanes or more with central divider,Straight road,,Fine,AP16TW   7789,YES,Grevious,0
20.04.2012,5:00 PM,1277.3,RHS,Rural,Singarayakonda,Rear End Collision,Lorry hit Tractor,Lorry,Non injury,Over speed,Four lanes or more with central divider,Straight road,,Fine,AP16TW   7789,YES,Minor,0
20.04.2012,5:00 PM,1277.3,RHS,Rural,Singarayakonda,Rear End Collision,Lorry hit Tractor,Lorry,Non injury,Over speed,Four lanes or more with central divider,Straight road,,Fine,AP16TW   7789,YES,Non injured ,4
20.04.2012,5:00 PM,1277.3,RHS,Rural,Singarayakonda,Rear End Collision,Lorry hit Tractor,Lorry,Non injury,Over speed,Four lanes or more with central divider,Straight road,,Fine,AP16TW   7789,YES,Animals affected,0
20.04.2012,5:20 PM,1362.2,LHS,Rural,Kodavaluru,Left Turn Collision,Bike hit Meddian,Bike,Fatal,Over speed,Four lanes or more with central divider,Slight curve,,Fine,AP26N     5935,YES,Fatal,1
20.04.2012,5:20 PM,1362.2,LHS,Rural,Kodavaluru,Left Turn Collision,Bike hit Meddian,Bike,Fatal,Over speed,Four lanes or more with central divider,Slight curve,,Fine,AP26N     5935,YES,Grevious,1
20.04.2012,5:20 PM,1362.2,LHS,Rural,Kodavaluru,Left Turn Collision,Bike hit Meddian,Bike,Fatal,Over speed,Four lanes or more with central divider,Slight curve,,Fine,AP26N     5935,YES,Minor,0
20.04.2012,5:20 PM,1362.2,LHS,Rural,Kodavaluru,Left Turn Collision,Bike hit Meddian,Bike,Fatal,Over speed,Four lanes or more with central divider,Slight curve,,Fine,AP26N     5935,YES,Non injured ,0
20.04.2012,5:20 PM,1362.2,LHS,Rural,Kodavaluru,Left Turn Collision,Bike hit Meddian,Bike,Fatal,Over speed,Four lanes or more with central divider,Slight curve,,Fine,AP26N     5935,YES,Animals affected,0
21.04.2012,6:00 AM,1353.5,LHS,Rural,Kodavaluru,Rear End Collision,Lorry hit         Bus,Lorry,Grievious injury,Over speed,Four lanes or more with central divider,Straight road,,Fine,GJ12Y    5742,YES,Fatal,0
21.04.2012,6:00 AM,1353.5,LHS,Rural,Kodavaluru,Rear End Collision,Lorry hit         Bus,Lorry,Grievious injury,Over speed,Four lanes or more with central divider,Straight road,,Fine,GJ12Y    5742,YES,Grevious,2
21.04.2012,6:00 AM,1353.5,LHS,Rural,Kodavaluru,Rear End Collision,Lorry hit         Bus,Lorry,Grievious injury,Over speed,Four lanes or more with central divider,Straight road,,Fine,GJ12Y    5742,YES,Minor,6
21.04.2012,6:00 AM,1353.5,LHS,Rural,Kodavaluru,Rear End Collision,Lorry hit         Bus,Lorry,Grievious injury,Over speed,Four lanes or more with central divider,Straight road,,Fine,GJ12Y    5742,YES,Non injured ,10
21.04.2012,6:00 AM,1353.5,LHS,Rural,Kodavaluru,Rear End Collision,Lorry hit         Bus,Lorry,Grievious injury,Over speed,Four lanes or more with central divider,Straight road,,Fine,GJ12Y    5742,YES,Animals affected,0
21.04.2012,9:55 PM,1256.4,RHS,Rural,Tangutur,Rear End Collision,Trally hit      Lorry,Bus,Non injury,Over speed,Four lanes or more with central divider,Slight curve,,Fine,TN22BL   5544,YES,Fatal,0
21.04.2012,9:55 PM,1256.4,RHS,Rural,Tangutur,Rear End Collision,Trally hit      Lorry,Bus,Non injury,Over speed,Four lanes or more with central divider,Slight curve,,Fine,TN22BL   5544,YES,Grevious,0
21.04.2012,9:55 PM,1256.4,RHS,Rural,Tangutur,Rear End Collision,Trally hit      Lorry,Bus,Non injury,Over speed,Four lanes or more with central divider,Slight curve,,Fine,TN22BL   5544,YES,Minor,0
21.04.2012,9:55 PM,1256.4,RHS,Rural,Tangutur,Rear End Collision,Trally hit      Lorry,Bus,Non injury,Over speed,Four lanes or more with central divider,Slight curve,,Fine,TN22BL   5544,YES,Non injured ,4
21.04.2012,9:55 PM,1256.4,RHS,Rural,Tangutur,Rear End Collision,Trally hit      Lorry,Bus,Non injury,Over speed,Four lanes or more with central divider,Slight curve,,Fine,TN22BL   5544,YES,Animals affected,0
22.04.2012,3:45 AM,1349.2,RHS,Rural,Kodavaluru,Rear End Collision,TATA Ace hit Pipe Culvarty Wall,Tata Ace,Non injury,Over speed,Four lanes or more with central divider,Straight road,,Fine,AP29V    6637,YES,Fatal,0
22.04.2012,3:45 AM,1349.2,RHS,Rural,Kodavaluru,Rear End Collision,TATA Ace hit Pipe Culvarty Wall,Tata Ace,Non injury,Over speed,Four lanes or more with central divider,Straight road,,Fine,AP29V    6637,YES,Grevious,1
22.04.2012,3:45 AM,1349.2,RHS,Rural,Kodavaluru,Rear End Collision,TATA Ace hit Pipe Culvarty Wall,Tata Ace,Non injury,Over speed,Four lanes or more with central divider,Straight road,,Fine,AP29V    6637,YES,Minor,3
22.04.2012,3:45 AM,1349.2,RHS,Rural,Kodavaluru,Rear End Collision,TATA Ace hit Pipe Culvarty Wall,Tata Ace,Non injury,Over speed,Four lanes or more with central divider,Straight road,,Fine,AP29V    6637,YES,Non injured ,2
22.04.2012,3:45 AM,1349.2,RHS,Rural,Kodavaluru,Rear End Collision,TATA Ace hit Pipe Culvarty Wall,Tata Ace,Non injury,Over speed,Four lanes or more with central divider,Straight road,,Fine,AP29V    6637,YES,Animals affected,0
22.04.2012,5:55 AM,1342.9,LHS,Urban,Dagadarthi,Collision Brush/Side Wipe,Unknown Vehicle  hit Pedestrian,Unknown,Fatal,Over speed,Four lanes or more with central divider,Straight road,,Fine,Unknown vehicle,YES,Fatal,1
22.04.2012,5:55 AM,1342.9,LHS,Urban,Dagadarthi,Collision Brush/Side Wipe,Unknown Vehicle  hit Pedestrian,Unknown,Fatal,Over speed,Four lanes or more with central divider,Straight road,,Fine,Unknown vehicle,YES,Grevious,0
22.04.2012,5:55 AM,1342.9,LHS,Urban,Dagadarthi,Collision Brush/Side Wipe,Unknown Vehicle  hit Pedestrian,Unknown,Fatal,Over speed,Four lanes or more with central divider,Straight road,,Fine,Unknown vehicle,YES,Minor,0
22.04.2012,5:55 AM,1342.9,LHS,Urban,Dagadarthi,Collision Brush/Side Wipe,Unknown Vehicle  hit Pedestrian,Unknown,Fatal,Over speed,Four lanes or more with central divider,Straight road,,Fine,Unknown vehicle,YES,Non injured ,0
22.04.2012,5:55 AM,1342.9,LHS,Urban,Dagadarthi,Collision Brush/Side Wipe,Unknown Vehicle  hit Pedestrian,Unknown,Fatal,Over speed,Four lanes or more with central divider,Straight road,,Fine,Unknown vehicle,YES,Animals affected,0
22.04.2012,8:32 AM,1260.6,LHS,Rural,Tangutur,Collision Brush/Side Wipe,Lorry hit Pedestrian,Lorry,Grievious injury,Over speed,Four lanes or more with central divider,Straight road,,Fine,TN46F    9749,YES,Fatal,0
22.04.2012,8:32 AM,1260.6,LHS,Rural,Tangutur,Collision Brush/Side Wipe,Lorry hit Pedestrian,Lorry,Grievious injury,Over speed,Four lanes or more with central divider,Straight road,,Fine,TN46F    9749,YES,Grevious,2
22.04.2012,8:32 AM,1260.6,LHS,Rural,Tangutur,Collision Brush/Side Wipe,Lorry hit Pedestrian,Lorry,Grievious injury,Over speed,Four lanes or more with central divider,Straight road,,Fine,TN46F    9749,YES,Minor,0
22.04.2012,8:32 AM,1260.6,LHS,Rural,Tangutur,Collision Brush/Side Wipe,Lorry hit Pedestrian,Lorry,Grievious injury,Over speed,Four lanes or more with central divider,Straight road,,Fine,TN46F    9749,YES,Non injured ,2
22.04.2012,8:32 AM,1260.6,LHS,Rural,Tangutur,Collision Brush/Side Wipe,Lorry hit Pedestrian,Lorry,Grievious injury,Over speed,Four lanes or more with central divider,Straight road,,Fine,TN46F    9749,YES,Animals affected,0
23.04.2012,7:50 AM,1290.5,RHS,Rural,Ulavapadu,Rear End Collision,Lorry hit Tractor,Lorry,Fatal,Over speed,Four lanes or more with central divider,Straight road,,Fine,NL01V     9043,YES,Fatal,1
23.04.2012,7:50 AM,1290.5,RHS,Rural,Ulavapadu,Rear End Collision,Lorry hit Tractor,Lorry,Fatal,Over speed,Four lanes or more with central divider,Straight road,,Fine,NL01V     9043,YES,Grevious,0
23.04.2012,7:50 AM,1290.5,RHS,Rural,Ulavapadu,Rear End Collision,Lorry hit Tractor,Lorry,Fatal,Over speed,Four lanes or more with central divider,Straight road,,Fine,NL01V     9043,YES,Minor,0
23.04.2012,7:50 AM,1290.5,RHS,Rural,Ulavapadu,Rear End Collision,Lorry hit Tractor,Lorry,Fatal,Over speed,Four lanes or more with central divider,Straight road,,Fine,NL01V     9043,YES,Non injured ,3
23.04.2012,7:50 AM,1290.5,RHS,Rural,Ulavapadu,Rear End Collision,Lorry hit Tractor,Lorry,Fatal,Over speed,Four lanes or more with central divider,Straight road,,Fine,NL01V     9043,YES,Animals affected,0
23.04.2012,11:40 AM,1204.9,LHS,Rural,Reningavaram,Rear End Collision,Gas tanker hit Lorry,Tanker,Grievious injury,Over speed,Four lanes or more with central divider,Slight curve,T-Junction,Fine,KA01A    6655,YES,Fatal,0
23.04.2012,11:40 AM,1204.9,LHS,Rural,Reningavaram,Rear End Collision,Gas tanker hit Lorry,Tanker,Grievious injury,Over speed,Four lanes or more with central divider,Slight curve,T-Junction,Fine,KA01A    6655,YES,Grevious,1
23.04.2012,11:40 AM,1204.9,LHS,Rural,Reningavaram,Rear End Collision,Gas tanker hit Lorry,Tanker,Grievious injury,Over speed,Four lanes or more with central divider,Slight curve,T-Junction,Fine,KA01A    6655,YES,Minor,0
23.04.2012,11:40 AM,1204.9,LHS,Rural,Reningavaram,Rear End Collision,Gas tanker hit Lorry,Tanker,Grievious injury,Over speed,Four lanes or more with central divider,Slight curve,T-Junction,Fine,KA01A    6655,YES,Non injured ,3
23.04.2012,11:40 AM,1204.9,LHS,Rural,Reningavaram,Rear End Collision,Gas tanker hit Lorry,Tanker,Grievious injury,Over speed,Four lanes or more with central divider,Slight curve,T-Junction,Fine,KA01A    6655,YES,Animals affected,0
23.04.2012,1:45 PM,1199.7,LHS,Rural,Martur,Overturning,Auto Overturned,Auto,Minor injury,Over speed,Four lanes or more with central divider,Straight road,,Fine,AP7Y     6456,YES,Fatal,0
23.04.2012,1:45 PM,1199.7,LHS,Rural,Martur,Overturning,Auto Overturned,Auto,Minor injury,Over speed,Four lanes or more with central divider,Straight road,,Fine,AP7Y     6456,YES,Grevious,0
23.04.2012,1:45 PM,1199.7,LHS,Rural,Martur,Overturning,Auto Overturned,Auto,Minor injury,Over speed,Four lanes or more with central divider,Straight road,,Fine,AP7Y     6456,YES,Minor,2
23.04.2012,1:45 PM,1199.7,LHS,Rural,Martur,Overturning,Auto Overturned,Auto,Minor injury,Over speed,Four lanes or more with central divider,Straight road,,Fine,AP7Y     6456,YES,Non injured ,2
23.04.2012,1:45 PM,1199.7,LHS,Rural,Martur,Overturning,Auto Overturned,Auto,Minor injury,Over speed,Four lanes or more with central divider,Straight road,,Fine,AP7Y     6456,YES,Animals affected,0
24.04.2012,3:58 PM,1207.3,RHS,Rural,Reningavaram,Head on collision,car hit Pedestrian,car,Grievious injury,Fault of driver of motor vehicle/driver of other vehicle/cyclist/pedestrian/passenger,Three lanes or more without central divider(median),Straight road,T-Junction,Fine,AP33B    5559,YES,Fatal,0
24.04.2012,3:58 PM,1207.3,RHS,Rural,Reningavaram,Head on collision,car hit Pedestrian,car,Grievious injury,Fault of driver of motor vehicle/driver of other vehicle/cyclist/pedestrian/passenger,Three lanes or more without central divider(median),Straight road,T-Junction,Fine,AP33B    5559,YES,Grevious,1
24.04.2012,3:58 PM,1207.3,RHS,Rural,Reningavaram,Head on collision,car hit Pedestrian,car,Grievious injury,Fault of driver of motor vehicle/driver of other vehicle/cyclist/pedestrian/passenger,Three lanes or more without central divider(median),Straight road,T-Junction,Fine,AP33B    5559,YES,Minor,0
24.04.2012,3:58 PM,1207.3,RHS,Rural,Reningavaram,Head on collision,car hit Pedestrian,car,Grievious injury,Fault of driver of motor vehicle/driver of other vehicle/cyclist/pedestrian/passenger,Three lanes or more without central divider(median),Straight road,T-Junction,Fine,AP33B    5559,YES,Non injured ,3
24.04.2012,3:58 PM,1207.3,RHS,Rural,Reningavaram,Head on collision,car hit Pedestrian,car,Grievious injury,Fault of driver of motor vehicle/driver of other vehicle/cyclist/pedestrian/passenger,Three lanes or more without central divider(median),Straight road,T-Junction,Fine,AP33B    5559,YES,Animals affected,0
24.04.2012,6:50 PM,1193.6,RHS,Rural,Martur,Overturning,car hit Pedestrian ,car,Grievious injury,Over speed,Three lanes or more without central divider(median),Straight road,T-Junction,Fine,Unknown vehicle,YES,Fatal,0
24.04.2012,6:50 PM,1193.6,RHS,Rural,Martur,Overturning,car hit Pedestrian ,car,Grievious injury,Over speed,Three lanes or more without central divider(median),Straight road,T-Junction,Fine,Unknown vehicle,YES,Grevious,1
24.04.2012,6:50 PM,1193.6,RHS,Rural,Martur,Overturning,car hit Pedestrian ,car,Grievious injury,Over speed,Three lanes or more without central divider(median),Straight road,T-Junction,Fine,Unknown vehicle,YES,Minor,0
24.04.2012,6:50 PM,1193.6,RHS,Rural,Martur,Overturning,car hit Pedestrian ,car,Grievious injury,Over speed,Three lanes or more without central divider(median),Straight road,T-Junction,Fine,Unknown vehicle,YES,Non injured ,2
24.04.2012,6:50 PM,1193.6,RHS,Rural,Martur,Overturning,car hit Pedestrian ,car,Grievious injury,Over speed,Three lanes or more without central divider(median),Straight road,T-Junction,Fine,Unknown vehicle,YES,Animals affected,0
25.04.2012,3:30 AM,1239.6,LHS,Rural,Ongole,Head on collision,Unknown Vehicle hit animal,Unknown,Non injury,Over speed,Four lanes or more with central divider,Straight road,,Fine,Unknown vehicle,YES,Fatal,0
25.04.2012,3:30 AM,1239.6,LHS,Rural,Ongole,Head on collision,Unknown Vehicle hit animal,Unknown,Non injury,Over speed,Four lanes or more with central divider,Straight road,,Fine,Unknown vehicle,YES,Grevious,0
25.04.2012,3:30 AM,1239.6,LHS,Rural,Ongole,Head on collision,Unknown Vehicle hit animal,Unknown,Non injury,Over speed,Four lanes or more with central divider,Straight road,,Fine,Unknown vehicle,YES,Minor,0
25.04.2012,3:30 AM,1239.6,LHS,Rural,Ongole,Head on collision,Unknown Vehicle hit animal,Unknown,Non injury,Over speed,Four lanes or more with central divider,Straight road,,Fine,Unknown vehicle,YES,Non injured ,0
25.04.2012,3:30 AM,1239.6,LHS,Rural,Ongole,Head on collision,Unknown Vehicle hit animal,Unknown,Non injury,Over speed,Four lanes or more with central divider,Straight road,,Fine,Unknown vehicle,YES,Animals affected,1
25.04.2012,4:06 AM,1282.6,LHS,Rural,Singarayakonda,Overturning,Lorry Over turned,Lorry,Non injury,Over speed,Four lanes or more with central divider,Straight road,,Fine,AP7TT   6129,YES,Fatal,0
25.04.2012,4:06 AM,1282.6,LHS,Rural,Singarayakonda,Overturning,Lorry Over turned,Lorry,Non injury,Over speed,Four lanes or more with central divider,Straight road,,Fine,AP7TT   6129,YES,Grevious,0
25.04.2012,4:06 AM,1282.6,LHS,Rural,Singarayakonda,Overturning,Lorry Over turned,Lorry,Non injury,Over speed,Four lanes or more with central divider,Straight road,,Fine,AP7TT   6129,YES,Minor,0
25.04.2012,4:06 AM,1282.6,LHS,Rural,Singarayakonda,Overturning,Lorry Over turned,Lorry,Non injury,Over speed,Four lanes or more with central divider,Straight road,,Fine,AP7TT   6129,YES,Non injured ,2
25.04.2012,4:06 AM,1282.6,LHS,Rural,Singarayakonda,Overturning,Lorry Over turned,Lorry,Non injury,Over speed,Four lanes or more with central divider,Straight road,,Fine,AP7TT   6129,YES,Animals affected,0
25.04.2012,7:35 AM,1283.5,RHS,Rural,Ulavapadu,Head on collision,Lorry Hit   Lorry,Lorry,Grievious injury,Over speed,Four lanes or more with central divider,Straight road,,Fine,AP26TT 2891,YES,Fatal,0
25.04.2012,7:35 AM,1283.5,RHS,Rural,Ulavapadu,Head on collision,Lorry Hit   Lorry,Lorry,Grievious injury,Over speed,Four lanes or more with central divider,Straight road,,Fine,AP26TT 2891,YES,Grevious,1
25.04.2012,7:35 AM,1283.5,RHS,Rural,Ulavapadu,Head on collision,Lorry Hit   Lorry,Lorry,Grievious injury,Over speed,Four lanes or more with central divider,Straight road,,Fine,AP26TT 2891,YES,Minor,0
25.04.2012,7:35 AM,1283.5,RHS,Rural,Ulavapadu,Head on collision,Lorry Hit   Lorry,Lorry,Grievious injury,Over speed,Four lanes or more with central divider,Straight road,,Fine,AP26TT 2891,YES,Non injured ,2
25.04.2012,7:35 AM,1283.5,RHS,Rural,Ulavapadu,Head on collision,Lorry Hit   Lorry,Lorry,Grievious injury,Over speed,Four lanes or more with central divider,Straight road,,Fine,AP26TT 2891,YES,Animals affected,0
25.04.2012,10:35 PM,1334.2,LHS,Rural,K.Tippa ,Rear End Collision, Bus hit    Lorry,Bus,Minor injury,Over speed,Four lanes or more with central divider,Straight road,,Fine,AP28 Z  4264,YES,Fatal,0
25.04.2012,10:35 PM,1334.2,LHS,Rural,K.Tippa ,Rear End Collision, Bus hit    Lorry,Bus,Minor injury,Over speed,Four lanes or more with central divider,Straight road,,Fine,AP28 Z  4264,YES,Grevious,0
25.04.2012,10:35 PM,1334.2,LHS,Rural,K.Tippa ,Rear End Collision, Bus hit    Lorry,Bus,Minor injury,Over speed,Four lanes or more with central divider,Straight road,,Fine,AP28 Z  4264,YES,Minor,10
25.04.2012,10:35 PM,1334.2,LHS,Rural,K.Tippa ,Rear End Collision, Bus hit    Lorry,Bus,Minor injury,Over speed,Four lanes or more with central divider,Straight road,,Fine,AP28 Z  4264,YES,Non injured ,23
25.04.2012,10:35 PM,1334.2,LHS,Rural,K.Tippa ,Rear End Collision, Bus hit    Lorry,Bus,Minor injury,Over speed,Four lanes or more with central divider,Straight road,,Fine,AP28 Z  4264,YES,Animals affected,0
26.04.2012,7:30 AM,1360.3,RHS,Rural,Kodavaluru,Rear End Collision,Lorry hit Pedestrian,Lorry,Fatal,Over speed,Four lanes or more with central divider,Straight road,,Fine,AP27Y   9869,YES,Fatal,1
26.04.2012,7:30 AM,1360.3,RHS,Rural,Kodavaluru,Rear End Collision,Lorry hit Pedestrian,Lorry,Fatal,Over speed,Four lanes or more with central divider,Straight road,,Fine,AP27Y   9869,YES,Grevious,0
26.04.2012,7:30 AM,1360.3,RHS,Rural,Kodavaluru,Rear End Collision,Lorry hit Pedestrian,Lorry,Fatal,Over speed,Four lanes or more with central divider,Straight road,,Fine,AP27Y   9869,YES,Minor,0
26.04.2012,7:30 AM,1360.3,RHS,Rural,Kodavaluru,Rear End Collision,Lorry hit Pedestrian,Lorry,Fatal,Over speed,Four lanes or more with central divider,Straight road,,Fine,AP27Y   9869,YES,Non injured ,0
26.04.2012,7:30 AM,1360.3,RHS,Rural,Kodavaluru,Rear End Collision,Lorry hit Pedestrian,Lorry,Fatal,Over speed,Four lanes or more with central divider,Straight road,,Fine,AP27Y   9869,YES,Animals affected,0
26.04.2012,4:10 PM,1241.9,LHS,Rural,Ongole,Head on collision,Bike hit Bus,Bike,Fatal,Over speed,Four lanes or more with central divider,Straight road,,Fine,AP27AC   1797,YES,Fatal,1
26.04.2012,4:10 PM,1241.9,LHS,Rural,Ongole,Head on collision,Bike hit Bus,Bike,Fatal,Over speed,Four lanes or more with central divider,Straight road,,Fine,AP27AC   1797,YES,Grevious,0
26.04.2012,4:10 PM,1241.9,LHS,Rural,Ongole,Head on collision,Bike hit Bus,Bike,Fatal,Over speed,Four lanes or more with central divider,Straight road,,Fine,AP27AC   1797,YES,Minor,0
26.04.2012,4:10 PM,1241.9,LHS,Rural,Ongole,Head on collision,Bike hit Bus,Bike,Fatal,Over speed,Four lanes or more with central divider,Straight road,,Fine,AP27AC   1797,YES,Non injured ,16
26.04.2012,4:10 PM,1241.9,LHS,Rural,Ongole,Head on collision,Bike hit Bus,Bike,Fatal,Over speed,Four lanes or more with central divider,Straight road,,Fine,AP27AC   1797,YES,Animals affected,0
27.04.2012,10:53 AM,1206,RHS,Rural,Reningavaram,Overturning,Lorry Over turned,Lorry,Minor injury,Over speed,Four lanes or more with central divider,Straight road,,Fine,TN05AH    7104,YES,Fatal,0
27.04.2012,10:53 AM,1206,RHS,Rural,Reningavaram,Overturning,Lorry Over turned,Lorry,Minor injury,Over speed,Four lanes or more with central divider,Straight road,,Fine,TN05AH    7104,YES,Grevious,0
27.04.2012,10:53 AM,1206,RHS,Rural,Reningavaram,Overturning,Lorry Over turned,Lorry,Minor injury,Over speed,Four lanes or more with central divider,Straight road,,Fine,TN05AH    7104,YES,Minor,1
27.04.2012,10:53 AM,1206,RHS,Rural,Reningavaram,Overturning,Lorry Over turned,Lorry,Minor injury,Over speed,Four lanes or more with central divider,Straight road,,Fine,TN05AH    7104,YES,Non injured ,1
27.04.2012,10:53 AM,1206,RHS,Rural,Reningavaram,Overturning,Lorry Over turned,Lorry,Minor injury,Over speed,Four lanes or more with central divider,Straight road,,Fine,TN05AH    7104,YES,Animals affected,0
27.04.2012,2:05 PM,1305.2,RHS,Rural,Gudluru,Rear End Collision,Lorry hit     Tractor,Lorry,Fatal,Over speed,Four lanes or more with central divider,Sharp curve,,Fine,AP24TA   8579,YES,Fatal,1
27.04.2012,2:05 PM,1305.2,RHS,Rural,Gudluru,Rear End Collision,Lorry hit     Tractor,Lorry,Fatal,Over speed,Four lanes or more with central divider,Sharp curve,,Fine,AP24TA   8579,YES,Grevious,0
27.04.2012,2:05 PM,1305.2,RHS,Rural,Gudluru,Rear End Collision,Lorry hit     Tractor,Lorry,Fatal,Over speed,Four lanes or more with central divider,Sharp curve,,Fine,AP24TA   8579,YES,Minor,0
27.04.2012,2:05 PM,1305.2,RHS,Rural,Gudluru,Rear End Collision,Lorry hit     Tractor,Lorry,Fatal,Over speed,Four lanes or more with central divider,Sharp curve,,Fine,AP24TA   8579,YES,Non injured ,2
27.04.2012,2:05 PM,1305.2,RHS,Rural,Gudluru,Rear End Collision,Lorry hit     Tractor,Lorry,Fatal,Over speed,Four lanes or more with central divider,Sharp curve,,Fine,AP24TA   8579,YES,Animals affected,0
28.04.2012,1:19 AM,1225.3,RHS,Rural,Maddipadu,Rear End Collision, Lorry hit Lorry,Lorry,Grievious injury,Over speed,Four lanes or more with central divider,Straight road,,Fine,AP16 TY  8766,YES,Fatal,0
28.04.2012,1:19 AM,1225.3,RHS,Rural,Maddipadu,Rear End Collision, Lorry hit Lorry,Lorry,Grievious injury,Over speed,Four lanes or more with central divider,Straight road,,Fine,AP16 TY  8766,YES,Grevious,1
28.04.2012,1:19 AM,1225.3,RHS,Rural,Maddipadu,Rear End Collision, Lorry hit Lorry,Lorry,Grievious injury,Over speed,Four lanes or more with central divider,Straight road,,Fine,AP16 TY  8766,YES,Minor,1
28.04.2012,1:19 AM,1225.3,RHS,Rural,Maddipadu,Rear End Collision, Lorry hit Lorry,Lorry,Grievious injury,Over speed,Four lanes or more with central divider,Straight road,,Fine,AP16 TY  8766,YES,Non injured ,0
28.04.2012,1:19 AM,1225.3,RHS,Rural,Maddipadu,Rear End Collision, Lorry hit Lorry,Lorry,Grievious injury,Over speed,Four lanes or more with central divider,Straight road,,Fine,AP16 TY  8766,YES,Animals affected,0
28.04.2012,5:05 AM,1307.4,LHS,Rural,Gudluru,Collision Brush/Side Wipe, Tata Ace Over Turned,Tata Ace,Non injury,Over speed,Four lanes or more with central divider,Straight road,,Fine,AP37 TB 8262,YES,Fatal,0
28.04.2012,5:05 AM,1307.4,LHS,Rural,Gudluru,Collision Brush/Side Wipe, Tata Ace Over Turned,Tata Ace,Non injury,Over speed,Four lanes or more with central divider,Straight road,,Fine,AP37 TB 8262,YES,Grevious,0
28.04.2012,5:05 AM,1307.4,LHS,Rural,Gudluru,Collision Brush/Side Wipe, Tata Ace Over Turned,Tata Ace,Non injury,Over speed,Four lanes or more with central divider,Straight road,,Fine,AP37 TB 8262,YES,Minor,0
28.04.2012,5:05 AM,1307.4,LHS,Rural,Gudluru,Collision Brush/Side Wipe, Tata Ace Over Turned,Tata Ace,Non injury,Over speed,Four lanes or more with central divider,Straight road,,Fine,AP37 TB 8262,YES,Non injured ,2
28.04.2012,5:05 AM,1307.4,LHS,Rural,Gudluru,Collision Brush/Side Wipe, Tata Ace Over Turned,Tata Ace,Non injury,Over speed,Four lanes or more with central divider,Straight road,,Fine,AP37 TB 8262,YES,Animals affected,0
28.04.2012,8:30 AM,1274.9,RHS,Rural,Singarayakonda,Collision Brush/Side Wipe,Lorry hit   Bike,Lorry,Grievious injury,Over speed,Four lanes or more with central divider,Straight road,,Fine,AP16 TX  6398,YES,Fatal,0
28.04.2012,8:30 AM,1274.9,RHS,Rural,Singarayakonda,Collision Brush/Side Wipe,Lorry hit   Bike,Lorry,Grievious injury,Over speed,Four lanes or more with central divider,Straight road,,Fine,AP16 TX  6398,YES,Grevious,1
28.04.2012,8:30 AM,1274.9,RHS,Rural,Singarayakonda,Collision Brush/Side Wipe,Lorry hit   Bike,Lorry,Grievious injury,Over speed,Four lanes or more with central divider,Straight road,,Fine,AP16 TX  6398,YES,Minor,0
28.04.2012,8:30 AM,1274.9,RHS,Rural,Singarayakonda,Collision Brush/Side Wipe,Lorry hit   Bike,Lorry,Grievious injury,Over speed,Four lanes or more with central divider,Straight road,,Fine,AP16 TX  6398,YES,Non injured ,2
28.04.2012,8:30 AM,1274.9,RHS,Rural,Singarayakonda,Collision Brush/Side Wipe,Lorry hit   Bike,Lorry,Grievious injury,Over speed,Four lanes or more with central divider,Straight road,,Fine,AP16 TX  6398,YES,Animals affected,0
29.04.2012,2:47 PM,1259.5,RHS,Rural,Tangutur,Head on collision,Car hit Lorry,Car,Grievious injury,Over speed,Four lanes or more with central divider,Straight road,,Fine,AP27AD   3257,YES,Fatal,0
29.04.2012,2:47 PM,1259.5,RHS,Rural,Tangutur,Head on collision,Car hit Lorry,Car,Grievious injury,Over speed,Four lanes or more with central divider,Straight road,,Fine,AP27AD   3257,YES,Grevious,1
29.04.2012,2:47 PM,1259.5,RHS,Rural,Tangutur,Head on collision,Car hit Lorry,Car,Grievious injury,Over speed,Four lanes or more with central divider,Straight road,,Fine,AP27AD   3257,YES,Minor,0
29.04.2012,2:47 PM,1259.5,RHS,Rural,Tangutur,Head on collision,Car hit Lorry,Car,Grievious injury,Over speed,Four lanes or more with central divider,Straight road,,Fine,AP27AD   3257,YES,Non injured ,2
29.04.2012,2:47 PM,1259.5,RHS,Rural,Tangutur,Head on collision,Car hit Lorry,Car,Grievious injury,Over speed,Four lanes or more with central divider,Straight road,,Fine,AP27AD   3257,YES,Animals affected,0
29.04.2012,8:10 PM,1305,RHS,Rural,Gudluru,Rear End Collision,Lorry hit Lorry,Lorry,Non injury,Over speed,Four lanes or more with central divider,Slight curve,,Light rain,AP16BC   4338,YES,Fatal,0