Operational date,Time of Accident,KM && M,Position,Rural/Urban,Location,Nature of Accident Position,Nature of Accident,Vehicle Involved,Type of Accident,Causes,Road Feature,Road condition,Intersection Type And Control,Weather Condition,Vehicle Responsible,Help Provided by Ambulance/Patroling Vehicle,Classification of Accident,No of Affected Persons
29.04.2012,8:10 PM,1305,RHS,Rural,Gudluru,Rear End Collision,Lorry hit Lorry,Lorry,Non injury,Over speed,Four lanes or more with central divider,Slight curve,,Light rain,AP16BC   4338,YES,Grevious,0
29.04.2012,8:10 PM,1305,RHS,Rural,Gudluru,Rear End Collision,Lorry hit Lorry,Lorry,Non injury,Over speed,Four lanes or more with central divider,Slight curve,,Light rain,AP16BC   4338,YES,Minor,0
29.04.2012,8:10 PM,1305,RHS,Rural,Gudluru,Rear End Collision,Lorry hit Lorry,Lorry,Non injury,Over speed,Four lanes or more with central divider,Slight curve,,Light rain,AP16BC   4338,YES,Non injured ,4
29.04.2012,8:10 PM,1305,RHS,Rural,Gudluru,Rear End Collision,Lorry hit Lorry,Lorry,Non injury,Over speed,Four lanes or more with central divider,Slight curve,,Light rain,AP16BC   4338,YES,Animals affected,0
29.04.2012,8:50 PM,1341.3,LHS,Rural,Dagadarthi,Collision Brush/Side Wipe,Unknown Vehicle  hit Bike,Unknown,Fatal,Over speed,Four lanes or more with central divider,Straight road,,Fine,Unknown vehicle,YES,Fatal,1
29.04.2012,8:50 PM,1341.3,LHS,Rural,Dagadarthi,Collision Brush/Side Wipe,Unknown Vehicle  hit Bike,Unknown,Fatal,Over speed,Four lanes or more with central divider,Straight road,,Fine,Unknown vehicle,YES,Grevious,0
29.04.2012,8:50 PM,1341.3,LHS,Rural,Dagadarthi,Collision Brush/Side Wipe,Unknown Vehicle  hit Bike,Unknown,Fatal,Over speed,Four lanes or more with central divider,Straight road,,Fine,Unknown vehicle,YES,Minor,0
29.04.2012,8:50 PM,1341.3,LHS,Rural,Dagadarthi,Collision Brush/Side Wipe,Unknown Vehicle  hit Bike,Unknown,Fatal,Over speed,Four lanes or more with central divider,Straight road,,Fine,Unknown vehicle,YES,Non injured ,0
29.04.2012,8:50 PM,1341.3,LHS,Rural,Dagadarthi,Collision Brush/Side Wipe,Unknown Vehicle  hit Bike,Unknown,Fatal,Over speed,Four lanes or more with central divider,Straight road,,Fine,Unknown vehicle,YES,Animals affected,0
30.04.2012,4:12 PM,1206,RHS,Rural,Reningavaram,Skidding,Bike hit median,Bike,Grievious injury,Over speed,Four lanes or more with central divider,Straight road,,Fine,AP27AN    2513,YES,Fatal,0
30.04.2012,4:12 PM,1206,RHS,Rural,Reningavaram,Skidding,Bike hit median,Bike,Grievious injury,Over speed,Four lanes or more with central divider,Straight road,,Fine,AP27AN    2513,YES,Grevious,1
30.04.2012,4:12 PM,1206,RHS,Rural,Reningavaram,Skidding,Bike hit median,Bike,Grievious injury,Over speed,Four lanes or more with central divider,Straight road,,Fine,AP27AN    2513,YES,Minor,0
30.04.2012,4:12 PM,1206,RHS,Rural,Reningavaram,Skidding,Bike hit median,Bike,Grievious injury,Over speed,Four lanes or more with central divider,Straight road,,Fine,AP27AN    2513,YES,Non injured ,0
30.04.2012,4:12 PM,1206,RHS,Rural,Reningavaram,Skidding,Bike hit median,Bike,Grievious injury,Over speed,Four lanes or more with central divider,Straight road,,Fine,AP27AN    2513,YES,Animals affected,0
30.04.2012,5:05 PM,1275.2,RHS,Rural,Singarayakonda,Rear End Collision,Unknown vehicle hit Car,Unknown,Non injury,Over speed,Four lanes or more with central divider,Straight road,,Fine,AP 28CT/PR  4550,YES,Fatal,0
30.04.2012,5:05 PM,1275.2,RHS,Rural,Singarayakonda,Rear End Collision,Unknown vehicle hit Car,Unknown,Non injury,Over speed,Four lanes or more with central divider,Straight road,,Fine,AP 28CT/PR  4550,YES,Grevious,0
30.04.2012,5:05 PM,1275.2,RHS,Rural,Singarayakonda,Rear End Collision,Unknown vehicle hit Car,Unknown,Non injury,Over speed,Four lanes or more with central divider,Straight road,,Fine,AP 28CT/PR  4550,YES,Minor,0
30.04.2012,5:05 PM,1275.2,RHS,Rural,Singarayakonda,Rear End Collision,Unknown vehicle hit Car,Unknown,Non injury,Over speed,Four lanes or more with central divider,Straight road,,Fine,AP 28CT/PR  4550,YES,Non injured ,4
30.04.2012,5:05 PM,1275.2,RHS,Rural,Singarayakonda,Rear End Collision,Unknown vehicle hit Car,Unknown,Non injury,Over speed,Four lanes or more with central divider,Straight road,,Fine,AP 28CT/PR  4550,YES,Animals affected,0
30.04.2012,9:26 PM,1219,LHS,Rural,Medarametla,Rear End Collision,Car hit Pedestrian& Car,Car,Grievious injury,Druken,Four lanes or more with central divider,Sharp curve,,Fine,AP 27 TT 7003,YES,Fatal,0
30.04.2012,9:26 PM,1219,LHS,Rural,Medarametla,Rear End Collision,Car hit Pedestrian& Car,Car,Grievious injury,Druken,Four lanes or more with central divider,Sharp curve,,Fine,AP 27 TT 7003,YES,Grevious,1
30.04.2012,9:26 PM,1219,LHS,Rural,Medarametla,Rear End Collision,Car hit Pedestrian& Car,Car,Grievious injury,Druken,Four lanes or more with central divider,Sharp curve,,Fine,AP 27 TT 7003,YES,Minor,0
30.04.2012,9:26 PM,1219,LHS,Rural,Medarametla,Rear End Collision,Car hit Pedestrian& Car,Car,Grievious injury,Druken,Four lanes or more with central divider,Sharp curve,,Fine,AP 27 TT 7003,YES,Non injured ,4
30.04.2012,9:26 PM,1219,LHS,Rural,Medarametla,Rear End Collision,Car hit Pedestrian& Car,Car,Grievious injury,Druken,Four lanes or more with central divider,Sharp curve,,Fine,AP 27 TT 7003,YES,Animals affected,0
01.05.2012,5:30 AM,1269.8,LHS,Rural,Jarugumalli,Collision Brush/Side Wipe,car hit median,car,Non injury,Fault of driver of motor vehicle/driver of other vehicle/cyclist/pedestrian/passenger,Four lanes or more with central divider,Straight road,,Fine, kao4 mb64,YES,Fatal,0
01.05.2012,5:30 AM,1269.8,LHS,Rural,Jarugumalli,Collision Brush/Side Wipe,car hit median,car,Non injury,Fault of driver of motor vehicle/driver of other vehicle/cyclist/pedestrian/passenger,Four lanes or more with central divider,Straight road,,Fine, kao4 mb64,YES,Grevious,0
01.05.2012,5:30 AM,1269.8,LHS,Rural,Jarugumalli,Collision Brush/Side Wipe,car hit median,car,Non injury,Fault of driver of motor vehicle/driver of other vehicle/cyclist/pedestrian/passenger,Four lanes or more with central divider,Straight road,,Fine, kao4 mb64,YES,Minor,0
01.05.2012,5:30 AM,1269.8,LHS,Rural,Jarugumalli,Collision Brush/Side Wipe,car hit median,car,Non injury,Fault of driver of motor vehicle/driver of other vehicle/cyclist/pedestrian/passenger,Four lanes or more with central divider,Straight road,,Fine, kao4 mb64,YES,Non injured ,2
01.05.2012,5:30 AM,1269.8,LHS,Rural,Jarugumalli,Collision Brush/Side Wipe,car hit median,car,Non injury,Fault of driver of motor vehicle/driver of other vehicle/cyclist/pedestrian/passenger,Four lanes or more with central divider,Straight road,,Fine, kao4 mb64,YES,Animals affected,0
01.05.2012,1:15 PM,1202.8,LHS,Rural,Reningavaram,Rear End Collision,Lorry hit Auto,Lorry,Minor injury,Over speed,Four lanes or more with central divider,Straight road,T-Junction,Fine,AP31W 1328,YES,Fatal,0
01.05.2012,1:15 PM,1202.8,LHS,Rural,Reningavaram,Rear End Collision,Lorry hit Auto,Lorry,Minor injury,Over speed,Four lanes or more with central divider,Straight road,T-Junction,Fine,AP31W 1328,YES,Grevious,0
01.05.2012,1:15 PM,1202.8,LHS,Rural,Reningavaram,Rear End Collision,Lorry hit Auto,Lorry,Minor injury,Over speed,Four lanes or more with central divider,Straight road,T-Junction,Fine,AP31W 1328,YES,Minor,2
01.05.2012,1:15 PM,1202.8,LHS,Rural,Reningavaram,Rear End Collision,Lorry hit Auto,Lorry,Minor injury,Over speed,Four lanes or more with central divider,Straight road,T-Junction,Fine,AP31W 1328,YES,Non injured ,2
01.05.2012,1:15 PM,1202.8,LHS,Rural,Reningavaram,Rear End Collision,Lorry hit Auto,Lorry,Minor injury,Over speed,Four lanes or more with central divider,Straight road,T-Junction,Fine,AP31W 1328,YES,Animals affected,0
01.05.2012,5:30 PM,1218,LHS,Rural,Medarametla,Rear End Collision,Lorry hit  car,Lorry,Non injury,Over speed,Four lanes or more with central divider,Straight road,Four arm junction,Fine,TN30U  6869,YES,Fatal,0
01.05.2012,5:30 PM,1218,LHS,Rural,Medarametla,Rear End Collision,Lorry hit  car,Lorry,Non injury,Over speed,Four lanes or more with central divider,Straight road,Four arm junction,Fine,TN30U  6869,YES,Grevious,0
01.05.2012,5:30 PM,1218,LHS,Rural,Medarametla,Rear End Collision,Lorry hit  car,Lorry,Non injury,Over speed,Four lanes or more with central divider,Straight road,Four arm junction,Fine,TN30U  6869,YES,Minor,0
01.05.2012,5:30 PM,1218,LHS,Rural,Medarametla,Rear End Collision,Lorry hit  car,Lorry,Non injury,Over speed,Four lanes or more with central divider,Straight road,Four arm junction,Fine,TN30U  6869,YES,Non injured ,4
01.05.2012,5:30 PM,1218,LHS,Rural,Medarametla,Rear End Collision,Lorry hit  car,Lorry,Non injury,Over speed,Four lanes or more with central divider,Straight road,Four arm junction,Fine,TN30U  6869,YES,Animals affected,0
02.05.2012,5:12 AM,1191,RHS,Rural,Martur,Collision Brush/Side Wipe,Lorry hit Lorry,Lorry,Grievious injury,Over speed,Four lanes or more with central divider,Straight road,,Fine,AP07TB    9959,YES,Fatal,0
02.05.2012,5:12 AM,1191,RHS,Rural,Martur,Collision Brush/Side Wipe,Lorry hit Lorry,Lorry,Grievious injury,Over speed,Four lanes or more with central divider,Straight road,,Fine,AP07TB    9959,YES,Grevious,3
02.05.2012,5:12 AM,1191,RHS,Rural,Martur,Collision Brush/Side Wipe,Lorry hit Lorry,Lorry,Grievious injury,Over speed,Four lanes or more with central divider,Straight road,,Fine,AP07TB    9959,YES,Minor,0
02.05.2012,5:12 AM,1191,RHS,Rural,Martur,Collision Brush/Side Wipe,Lorry hit Lorry,Lorry,Grievious injury,Over speed,Four lanes or more with central divider,Straight road,,Fine,AP07TB    9959,YES,Non injured ,2
02.05.2012,5:12 AM,1191,RHS,Rural,Martur,Collision Brush/Side Wipe,Lorry hit Lorry,Lorry,Grievious injury,Over speed,Four lanes or more with central divider,Straight road,,Fine,AP07TB    9959,YES,Animals affected,0
02.05.2012,10:05 PM,1333.4,LHS,Rural,K.Tippa ,Others(p1.Specific),APE Auto hit Median,Auto,Grievious injury,Druken,Four lanes or more with central divider,Straight road,,Fine,AP27TT    0089,YES,Fatal,0
02.05.2012,10:05 PM,1333.4,LHS,Rural,K.Tippa ,Others(p1.Specific),APE Auto hit Median,Auto,Grievious injury,Druken,Four lanes or more with central divider,Straight road,,Fine,AP27TT    0089,YES,Grevious,1
02.05.2012,10:05 PM,1333.4,LHS,Rural,K.Tippa ,Others(p1.Specific),APE Auto hit Median,Auto,Grievious injury,Druken,Four lanes or more with central divider,Straight road,,Fine,AP27TT    0089,YES,Minor,0
02.05.2012,10:05 PM,1333.4,LHS,Rural,K.Tippa ,Others(p1.Specific),APE Auto hit Median,Auto,Grievious injury,Druken,Four lanes or more with central divider,Straight road,,Fine,AP27TT    0089,YES,Non injured ,5
02.05.2012,10:05 PM,1333.4,LHS,Rural,K.Tippa ,Others(p1.Specific),APE Auto hit Median,Auto,Grievious injury,Druken,Four lanes or more with central divider,Straight road,,Fine,AP27TT    0089,YES,Animals affected,0
03.05.2012,10:50 AM,1302.3,LHS,Rural,Gudluru,Rear End Collision,Lorry hit Unknown vehicle,Lorry,Non injury,Over speed,Four lanes or more with central divider,Straight road,,Fine,AP29TA  1509,YES,Fatal,0
03.05.2012,10:50 AM,1302.3,LHS,Rural,Gudluru,Rear End Collision,Lorry hit Unknown vehicle,Lorry,Non injury,Over speed,Four lanes or more with central divider,Straight road,,Fine,AP29TA  1509,YES,Grevious,0
03.05.2012,10:50 AM,1302.3,LHS,Rural,Gudluru,Rear End Collision,Lorry hit Unknown vehicle,Lorry,Non injury,Over speed,Four lanes or more with central divider,Straight road,,Fine,AP29TA  1509,YES,Minor,0
03.05.2012,10:50 AM,1302.3,LHS,Rural,Gudluru,Rear End Collision,Lorry hit Unknown vehicle,Lorry,Non injury,Over speed,Four lanes or more with central divider,Straight road,,Fine,AP29TA  1509,YES,Non injured ,5
03.05.2012,10:50 AM,1302.3,LHS,Rural,Gudluru,Rear End Collision,Lorry hit Unknown vehicle,Lorry,Non injury,Over speed,Four lanes or more with central divider,Straight road,,Fine,AP29TA  1509,YES,Animals affected,0
04.05.2012,3:40 AM,1335.1,LHS,Rural,K.Tippa ,Overturning,Lorry overturned,Lorry,Non injury,Over speed,Four lanes or more with central divider,Straight road,,Fine,AP07TT     0729,YES,Fatal,0
04.05.2012,3:40 AM,1335.1,LHS,Rural,K.Tippa ,Overturning,Lorry overturned,Lorry,Non injury,Over speed,Four lanes or more with central divider,Straight road,,Fine,AP07TT     0729,YES,Grevious,0
04.05.2012,3:40 AM,1335.1,LHS,Rural,K.Tippa ,Overturning,Lorry overturned,Lorry,Non injury,Over speed,Four lanes or more with central divider,Straight road,,Fine,AP07TT     0729,YES,Minor,0
04.05.2012,3:40 AM,1335.1,LHS,Rural,K.Tippa ,Overturning,Lorry overturned,Lorry,Non injury,Over speed,Four lanes or more with central divider,Straight road,,Fine,AP07TT     0729,YES,Non injured ,2
04.05.2012,3:40 AM,1335.1,LHS,Rural,K.Tippa ,Overturning,Lorry overturned,Lorry,Non injury,Over speed,Four lanes or more with central divider,Straight road,,Fine,AP07TT     0729,YES,Animals affected,0
04.05.2012,6:20 AM,1326.3,LHS,Rural,Kavali,Rear End Collision,Car hit safty wall,Car,Non injury,Over speed,Four lanes or more with central divider,Straight road,,Fine,AP9TV    9234,YES,Fatal,0
04.05.2012,6:20 AM,1326.3,LHS,Rural,Kavali,Rear End Collision,Car hit safty wall,Car,Non injury,Over speed,Four lanes or more with central divider,Straight road,,Fine,AP9TV    9234,YES,Grevious,0
04.05.2012,6:20 AM,1326.3,LHS,Rural,Kavali,Rear End Collision,Car hit safty wall,Car,Non injury,Over speed,Four lanes or more with central divider,Straight road,,Fine,AP9TV    9234,YES,Minor,0
04.05.2012,6:20 AM,1326.3,LHS,Rural,Kavali,Rear End Collision,Car hit safty wall,Car,Non injury,Over speed,Four lanes or more with central divider,Straight road,,Fine,AP9TV    9234,YES,Non injured ,2
04.05.2012,6:20 AM,1326.3,LHS,Rural,Kavali,Rear End Collision,Car hit safty wall,Car,Non injury,Over speed,Four lanes or more with central divider,Straight road,,Fine,AP9TV    9234,YES,Animals affected,0
04.05.2012,7:45 AM,1258.7,RHS,Rural,Tangutur,Overturning,Lorry over turned,Lorry,Minor injury,Over speed,Four lanes or more with central divider,Straight road,,Fine,HR38H 8905,YES,Fatal,0
04.05.2012,7:45 AM,1258.7,RHS,Rural,Tangutur,Overturning,Lorry over turned,Lorry,Minor injury,Over speed,Four lanes or more with central divider,Straight road,,Fine,HR38H 8905,YES,Grevious,0
04.05.2012,7:45 AM,1258.7,RHS,Rural,Tangutur,Overturning,Lorry over turned,Lorry,Minor injury,Over speed,Four lanes or more with central divider,Straight road,,Fine,HR38H 8905,YES,Minor,1
04.05.2012,7:45 AM,1258.7,RHS,Rural,Tangutur,Overturning,Lorry over turned,Lorry,Minor injury,Over speed,Four lanes or more with central divider,Straight road,,Fine,HR38H 8905,YES,Non injured ,1
04.05.2012,7:45 AM,1258.7,RHS,Rural,Tangutur,Overturning,Lorry over turned,Lorry,Minor injury,Over speed,Four lanes or more with central divider,Straight road,,Fine,HR38H 8905,YES,Animals affected,0
04.05.2012,2:49 PM,1277.7,LHS,Rural,Singarayakonda,Rear End Collision,Lorry hit Tractor,Lorry,Non injury,Fault of driver of motor vehicle/driver of other vehicle/cyclist/pedestrian/passenger,Four lanes or more with central divider,Slight curve,,Fine,AP01G  7717,YES,Fatal,0
04.05.2012,2:49 PM,1277.7,LHS,Rural,Singarayakonda,Rear End Collision,Lorry hit Tractor,Lorry,Non injury,Fault of driver of motor vehicle/driver of other vehicle/cyclist/pedestrian/passenger,Four lanes or more with central divider,Slight curve,,Fine,AP01G  7717,YES,Grevious,0
04.05.2012,2:49 PM,1277.7,LHS,Rural,Singarayakonda,Rear End Collision,Lorry hit Tractor,Lorry,Non injury,Fault of driver of motor vehicle/driver of other vehicle/cyclist/pedestrian/passenger,Four lanes or more with central divider,Slight curve,,Fine,AP01G  7717,YES,Minor,0
04.05.2012,2:49 PM,1277.7,LHS,Rural,Singarayakonda,Rear End Collision,Lorry hit Tractor,Lorry,Non injury,Fault of driver of motor vehicle/driver of other vehicle/cyclist/pedestrian/passenger,Four lanes or more with central divider,Slight curve,,Fine,AP01G  7717,YES,Non injured ,2
04.05.2012,2:49 PM,1277.7,LHS,Rural,Singarayakonda,Rear End Collision,Lorry hit Tractor,Lorry,Non injury,Fault of driver of motor vehicle/driver of other vehicle/cyclist/pedestrian/passenger,Four lanes or more with central divider,Slight curve,,Fine,AP01G  7717,YES,Animals affected,0
04.05.2012,6:35 PM,1274.9,RHS,Rural,Singarayakonda,Head on collision,Lorry hit Bike,Lorry,Fatal,Fault of driver of motor vehicle/driver of other vehicle/cyclist/pedestrian/passenger,Four lanes or more with central divider,Straight road,,Fine,AP05TT 6972,YES,Fatal,2
04.05.2012,6:35 PM,1274.9,RHS,Rural,Singarayakonda,Head on collision,Lorry hit Bike,Lorry,Fatal,Fault of driver of motor vehicle/driver of other vehicle/cyclist/pedestrian/passenger,Four lanes or more with central divider,Straight road,,Fine,AP05TT 6972,YES,Grevious,2
04.05.2012,6:35 PM,1274.9,RHS,Rural,Singarayakonda,Head on collision,Lorry hit Bike,Lorry,Fatal,Fault of driver of motor vehicle/driver of other vehicle/cyclist/pedestrian/passenger,Four lanes or more with central divider,Straight road,,Fine,AP05TT 6972,YES,Minor,0
04.05.2012,6:35 PM,1274.9,RHS,Rural,Singarayakonda,Head on collision,Lorry hit Bike,Lorry,Fatal,Fault of driver of motor vehicle/driver of other vehicle/cyclist/pedestrian/passenger,Four lanes or more with central divider,Straight road,,Fine,AP05TT 6972,YES,Non injured ,1
04.05.2012,6:35 PM,1274.9,RHS,Rural,Singarayakonda,Head on collision,Lorry hit Bike,Lorry,Fatal,Fault of driver of motor vehicle/driver of other vehicle/cyclist/pedestrian/passenger,Four lanes or more with central divider,Straight road,,Fine,AP05TT 6972,YES,Animals affected,0
04.05.2012,7:20 PM,1205.1,RHS,Rural,Reningavaram,Rear End Collision,Lorry hit Car,Lorry,Non injury,Over speed,Four lanes or more with central divider,Sharp curve,,Fine,AP02S  4841,YES,Fatal,0
04.05.2012,7:20 PM,1205.1,RHS,Rural,Reningavaram,Rear End Collision,Lorry hit Car,Lorry,Non injury,Over speed,Four lanes or more with central divider,Sharp curve,,Fine,AP02S  4841,YES,Grevious,0
04.05.2012,7:20 PM,1205.1,RHS,Rural,Reningavaram,Rear End Collision,Lorry hit Car,Lorry,Non injury,Over speed,Four lanes or more with central divider,Sharp curve,,Fine,AP02S  4841,YES,Minor,0
04.05.2012,7:20 PM,1205.1,RHS,Rural,Reningavaram,Rear End Collision,Lorry hit Car,Lorry,Non injury,Over speed,Four lanes or more with central divider,Sharp curve,,Fine,AP02S  4841,YES,Non injured ,2
04.05.2012,7:20 PM,1205.1,RHS,Rural,Reningavaram,Rear End Collision,Lorry hit Car,Lorry,Non injury,Over speed,Four lanes or more with central divider,Sharp curve,,Fine,AP02S  4841,YES,Animals affected,0
05.05.2012,1:18 AM,1298.7,LHS,Rural,Gudluru,Rear End Collision,Lorry hit  RTC Bus,Lorry,Non injury,Over speed,Four lanes or more with central divider,Straight road,,Fine,AP7TT  9297,YES,Fatal,0
05.05.2012,1:18 AM,1298.7,LHS,Rural,Gudluru,Rear End Collision,Lorry hit  RTC Bus,Lorry,Non injury,Over speed,Four lanes or more with central divider,Straight road,,Fine,AP7TT  9297,YES,Grevious,0
05.05.2012,1:18 AM,1298.7,LHS,Rural,Gudluru,Rear End Collision,Lorry hit  RTC Bus,Lorry,Non injury,Over speed,Four lanes or more with central divider,Straight road,,Fine,AP7TT  9297,YES,Minor,0
05.05.2012,1:18 AM,1298.7,LHS,Rural,Gudluru,Rear End Collision,Lorry hit  RTC Bus,Lorry,Non injury,Over speed,Four lanes or more with central divider,Straight road,,Fine,AP7TT  9297,YES,Non injured ,32
05.05.2012,1:18 AM,1298.7,LHS,Rural,Gudluru,Rear End Collision,Lorry hit  RTC Bus,Lorry,Non injury,Over speed,Four lanes or more with central divider,Straight road,,Fine,AP7TT  9297,YES,Animals affected,0
05.05.2012,6:30 AM,1193.4,RHS,Rural,Martur,Collision Brush/Side Wipe,Lorry hit   Tractor,Lorry,Fatal,Fault of driver of motor vehicle/driver of other vehicle/cyclist/pedestrian/passenger,Four lanes or more with central divider,Straight road,,Fine,AP16TB     6669,YES,Fatal,1
05.05.2012,6:30 AM,1193.4,RHS,Rural,Martur,Collision Brush/Side Wipe,Lorry hit   Tractor,Lorry,Fatal,Fault of driver of motor vehicle/driver of other vehicle/cyclist/pedestrian/passenger,Four lanes or more with central divider,Straight road,,Fine,AP16TB     6669,YES,Grevious,0
05.05.2012,6:30 AM,1193.4,RHS,Rural,Martur,Collision Brush/Side Wipe,Lorry hit   Tractor,Lorry,Fatal,Fault of driver of motor vehicle/driver of other vehicle/cyclist/pedestrian/passenger,Four lanes or more with central divider,Straight road,,Fine,AP16TB     6669,YES,Minor,0
05.05.2012,6:30 AM,1193.4,RHS,Rural,Martur,Collision Brush/Side Wipe,Lorry hit   Tractor,Lorry,Fatal,Fault of driver of motor vehicle/driver of other vehicle/cyclist/pedestrian/passenger,Four lanes or more with central divider,Straight road,,Fine,AP16TB     6669,YES,Non injured ,1
05.05.2012,6:30 AM,1193.4,RHS,Rural,Martur,Collision Brush/Side Wipe,Lorry hit   Tractor,Lorry,Fatal,Fault of driver of motor vehicle/driver of other vehicle/cyclist/pedestrian/passenger,Four lanes or more with central divider,Straight road,,Fine,AP16TB     6669,YES,Animals affected,0
06.05.2012,5:45 AM,1287.5,LHS,Rural,Ulavapadu,Collision Brush/Side Wipe,Lorry hit Tractor,Lorry,Minor injury,Over speed,Four lanes or more with central divider,Straight road,,Fine,TN02AP   0055,YES,Fatal,0
06.05.2012,5:45 AM,1287.5,LHS,Rural,Ulavapadu,Collision Brush/Side Wipe,Lorry hit Tractor,Lorry,Minor injury,Over speed,Four lanes or more with central divider,Straight road,,Fine,TN02AP   0055,YES,Grevious,0
06.05.2012,5:45 AM,1287.5,LHS,Rural,Ulavapadu,Collision Brush/Side Wipe,Lorry hit Tractor,Lorry,Minor injury,Over speed,Four lanes or more with central divider,Straight road,,Fine,TN02AP   0055,YES,Minor,2
06.05.2012,5:45 AM,1287.5,LHS,Rural,Ulavapadu,Collision Brush/Side Wipe,Lorry hit Tractor,Lorry,Minor injury,Over speed,Four lanes or more with central divider,Straight road,,Fine,TN02AP   0055,YES,Non injured ,4
06.05.2012,5:45 AM,1287.5,LHS,Rural,Ulavapadu,Collision Brush/Side Wipe,Lorry hit Tractor,Lorry,Minor injury,Over speed,Four lanes or more with central divider,Straight road,,Fine,TN02AP   0055,YES,Animals affected,0
06.05.2012,12:28 PM,1351,RHS,Rural,Kodavaluru,Head on collision,Bike hit Bridge wall,Bike,Grievious injury,Druken,Four lanes or more with central divider,Straight road,,Fine,AP26AH    5790,YES,Fatal,0
06.05.2012,12:28 PM,1351,RHS,Rural,Kodavaluru,Head on collision,Bike hit Bridge wall,Bike,Grievious injury,Druken,Four lanes or more with central divider,Straight road,,Fine,AP26AH    5790,YES,Grevious,1
06.05.2012,12:28 PM,1351,RHS,Rural,Kodavaluru,Head on collision,Bike hit Bridge wall,Bike,Grievious injury,Druken,Four lanes or more with central divider,Straight road,,Fine,AP26AH    5790,YES,Minor,0
06.05.2012,12:28 PM,1351,RHS,Rural,Kodavaluru,Head on collision,Bike hit Bridge wall,Bike,Grievious injury,Druken,Four lanes or more with central divider,Straight road,,Fine,AP26AH    5790,YES,Non injured ,0
06.05.2012,12:28 PM,1351,RHS,Rural,Kodavaluru,Head on collision,Bike hit Bridge wall,Bike,Grievious injury,Druken,Four lanes or more with central divider,Straight road,,Fine,AP26AH    5790,YES,Animals affected,0
06.05.2012,12:30 PM,1203.9,LHS,Rural,Reningavaram,Head on collision,Bike hit Median,Bike,Grievious injury,Druken,Four lanes or more with central divider,Straight road,,Fine,FR,YES,Fatal,0
06.05.2012,12:30 PM,1203.9,LHS,Rural,Reningavaram,Head on collision,Bike hit Median,Bike,Grievious injury,Druken,Four lanes or more with central divider,Straight road,,Fine,FR,YES,Grevious,1
06.05.2012,12:30 PM,1203.9,LHS,Rural,Reningavaram,Head on collision,Bike hit Median,Bike,Grievious injury,Druken,Four lanes or more with central divider,Straight road,,Fine,FR,YES,Minor,0
06.05.2012,12:30 PM,1203.9,LHS,Rural,Reningavaram,Head on collision,Bike hit Median,Bike,Grievious injury,Druken,Four lanes or more with central divider,Straight road,,Fine,FR,YES,Non injured ,0
06.05.2012,12:30 PM,1203.9,LHS,Rural,Reningavaram,Head on collision,Bike hit Median,Bike,Grievious injury,Druken,Four lanes or more with central divider,Straight road,,Fine,FR,YES,Animals affected,0
06.05.2012,2:45 PM,1346.5,RHS,Rural,Dagadarthi,Rear End Collision,TATA Magic AC hit Lorry,Tata Ace,Fatal,Over speed,Four lanes or more with central divider,Straight road,,Fine,AP26TB   1469,YES,Fatal,1
06.05.2012,2:45 PM,1346.5,RHS,Rural,Dagadarthi,Rear End Collision,TATA Magic AC hit Lorry,Tata Ace,Fatal,Over speed,Four lanes or more with central divider,Straight road,,Fine,AP26TB   1469,YES,Grevious,2
06.05.2012,2:45 PM,1346.5,RHS,Rural,Dagadarthi,Rear End Collision,TATA Magic AC hit Lorry,Tata Ace,Fatal,Over speed,Four lanes or more with central divider,Straight road,,Fine,AP26TB   1469,YES,Minor,6
06.05.2012,2:45 PM,1346.5,RHS,Rural,Dagadarthi,Rear End Collision,TATA Magic AC hit Lorry,Tata Ace,Fatal,Over speed,Four lanes or more with central divider,Straight road,,Fine,AP26TB   1469,YES,Non injured ,0
06.05.2012,2:45 PM,1346.5,RHS,Rural,Dagadarthi,Rear End Collision,TATA Magic AC hit Lorry,Tata Ace,Fatal,Over speed,Four lanes or more with central divider,Straight road,,Fine,AP26TB   1469,YES,Animals affected,0
06.05.2012,3:12 PM,1193.2,RHS,Rural,Martur,Overturning,Lorry over turned,Lorry,Grievious injury,Druken,Four lanes or more with central divider,Straight road,,Fine,AP30T    1397,YES,Fatal,0
06.05.2012,3:12 PM,1193.2,RHS,Rural,Martur,Overturning,Lorry over turned,Lorry,Grievious injury,Druken,Four lanes or more with central divider,Straight road,,Fine,AP30T    1397,YES,Grevious,1
06.05.2012,3:12 PM,1193.2,RHS,Rural,Martur,Overturning,Lorry over turned,Lorry,Grievious injury,Druken,Four lanes or more with central divider,Straight road,,Fine,AP30T    1397,YES,Minor,0
06.05.2012,3:12 PM,1193.2,RHS,Rural,Martur,Overturning,Lorry over turned,Lorry,Grievious injury,Druken,Four lanes or more with central divider,Straight road,,Fine,AP30T    1397,YES,Non injured ,1
06.05.2012,3:12 PM,1193.2,RHS,Rural,Martur,Overturning,Lorry over turned,Lorry,Grievious injury,Druken,Four lanes or more with central divider,Straight road,,Fine,AP30T    1397,YES,Animals affected,0
07.05.2012,1:12 AM,1290.5,RHS,Rural,Ulavapadu,Rear End Collision,Lorry hit Lorry,Lorry,Grievious injury,Fault of driver of motor vehicle/driver of other vehicle/cyclist/pedestrian/passenger,Four lanes or more with central divider,Straight road,,Fine,AP16TX  3958,YES,Fatal,0
07.05.2012,1:12 AM,1290.5,RHS,Rural,Ulavapadu,Rear End Collision,Lorry hit Lorry,Lorry,Grievious injury,Fault of driver of motor vehicle/driver of other vehicle/cyclist/pedestrian/passenger,Four lanes or more with central divider,Straight road,,Fine,AP16TX  3958,YES,Grevious,1