Operational date,Time of Accident,KM && M,Position,Rural/Urban,Location,Nature of Accident Position,Nature of Accident,Vehicle Involved,Type of Accident,Causes,Road Feature,Road condition,Intersection Type And Control,Weather Condition,Vehicle Responsible,Help Provided by Ambulance/Patroling Vehicle,Classification of Accident,No of Affected Persons
07.05.2012,1:12 AM,1290.5,RHS,Rural,Ulavapadu,Rear End Collision,Lorry hit Lorry,Lorry,Grievious injury,Fault of driver of motor vehicle/driver of other vehicle/cyclist/pedestrian/passenger,Four lanes or more with central divider,Straight road,,Fine,AP16TX  3958,YES,Minor,0
07.05.2012,1:12 AM,1290.5,RHS,Rural,Ulavapadu,Rear End Collision,Lorry hit Lorry,Lorry,Grievious injury,Fault of driver of motor vehicle/driver of other vehicle/cyclist/pedestrian/passenger,Four lanes or more with central divider,Straight road,,Fine,AP16TX  3958,YES,Non injured ,1
07.05.2012,1:12 AM,1290.5,RHS,Rural,Ulavapadu,Rear End Collision,Lorry hit Lorry,Lorry,Grievious injury,Fault of driver of motor vehicle/driver of other vehicle/cyclist/pedestrian/passenger,Four lanes or more with central divider,Straight road,,Fine,AP16TX  3958,YES,Animals affected,0
07.05.2012,2:18 AM,1261.6,LHS,Rural,Tangutur,Overturning,Bus Over turned,Bus,Minor injury,Over speed,Four lanes or more with central divider,Straight road,,Fine,AP16TX  3004,YES,Fatal,0
07.05.2012,2:18 AM,1261.6,LHS,Rural,Tangutur,Overturning,Bus Over turned,Bus,Minor injury,Over speed,Four lanes or more with central divider,Straight road,,Fine,AP16TX  3004,YES,Grevious,0
07.05.2012,2:18 AM,1261.6,LHS,Rural,Tangutur,Overturning,Bus Over turned,Bus,Minor injury,Over speed,Four lanes or more with central divider,Straight road,,Fine,AP16TX  3004,YES,Minor,10
07.05.2012,2:18 AM,1261.6,LHS,Rural,Tangutur,Overturning,Bus Over turned,Bus,Minor injury,Over speed,Four lanes or more with central divider,Straight road,,Fine,AP16TX  3004,YES,Non injured ,30
07.05.2012,2:18 AM,1261.6,LHS,Rural,Tangutur,Overturning,Bus Over turned,Bus,Minor injury,Over speed,Four lanes or more with central divider,Straight road,,Fine,AP16TX  3004,YES,Animals affected,0
07.05.2012,11:49 PM,1216.4,RHS,Rural,Medarametla,Collision Brush/Side Wipe,Unknown vehicle hit Bike,Unknown,Fatal,Over speed,Four lanes or more with central divider,Straight road,,Fine,Unknown vehicle,YES,Fatal,1
07.05.2012,11:49 PM,1216.4,RHS,Rural,Medarametla,Collision Brush/Side Wipe,Unknown vehicle hit Bike,Unknown,Fatal,Over speed,Four lanes or more with central divider,Straight road,,Fine,Unknown vehicle,YES,Grevious,0
07.05.2012,11:49 PM,1216.4,RHS,Rural,Medarametla,Collision Brush/Side Wipe,Unknown vehicle hit Bike,Unknown,Fatal,Over speed,Four lanes or more with central divider,Straight road,,Fine,Unknown vehicle,YES,Minor,0
07.05.2012,11:49 PM,1216.4,RHS,Rural,Medarametla,Collision Brush/Side Wipe,Unknown vehicle hit Bike,Unknown,Fatal,Over speed,Four lanes or more with central divider,Straight road,,Fine,Unknown vehicle,YES,Non injured ,0
07.05.2012,11:49 PM,1216.4,RHS,Rural,Medarametla,Collision Brush/Side Wipe,Unknown vehicle hit Bike,Unknown,Fatal,Over speed,Four lanes or more with central divider,Straight road,,Fine,Unknown vehicle,YES,Animals affected,0
08.05.2012,8:25 PM,1262.5,LHS,Rural,Tangutur,Rear End Collision,Mini Lorry hit Tata ACE,Lorry,Non injury,Over speed,Four lanes or more with central divider,Straight road,,Fine,TN32U    5499,YES,Fatal,0
08.05.2012,8:25 PM,1262.5,LHS,Rural,Tangutur,Rear End Collision,Mini Lorry hit Tata ACE,Lorry,Non injury,Over speed,Four lanes or more with central divider,Straight road,,Fine,TN32U    5499,YES,Grevious,0
08.05.2012,8:25 PM,1262.5,LHS,Rural,Tangutur,Rear End Collision,Mini Lorry hit Tata ACE,Lorry,Non injury,Over speed,Four lanes or more with central divider,Straight road,,Fine,TN32U    5499,YES,Minor,0
08.05.2012,8:25 PM,1262.5,LHS,Rural,Tangutur,Rear End Collision,Mini Lorry hit Tata ACE,Lorry,Non injury,Over speed,Four lanes or more with central divider,Straight road,,Fine,TN32U    5499,YES,Non injured ,6
08.05.2012,8:25 PM,1262.5,LHS,Rural,Tangutur,Rear End Collision,Mini Lorry hit Tata ACE,Lorry,Non injury,Over speed,Four lanes or more with central divider,Straight road,,Fine,TN32U    5499,YES,Animals affected,0
08.05.2012,8:35 PM,1200.7,RHS,Rural,Reningavaram,Skidding,Bike Skidding,Bike,Grievious injury,Over speed,Four lanes or more with central divider,Straight road,T-Junction,Fine,AP27N   2462,YES,Fatal,0
08.05.2012,8:35 PM,1200.7,RHS,Rural,Reningavaram,Skidding,Bike Skidding,Bike,Grievious injury,Over speed,Four lanes or more with central divider,Straight road,T-Junction,Fine,AP27N   2462,YES,Grevious,1
08.05.2012,8:35 PM,1200.7,RHS,Rural,Reningavaram,Skidding,Bike Skidding,Bike,Grievious injury,Over speed,Four lanes or more with central divider,Straight road,T-Junction,Fine,AP27N   2462,YES,Minor,0
08.05.2012,8:35 PM,1200.7,RHS,Rural,Reningavaram,Skidding,Bike Skidding,Bike,Grievious injury,Over speed,Four lanes or more with central divider,Straight road,T-Junction,Fine,AP27N   2462,YES,Non injured ,1
08.05.2012,8:35 PM,1200.7,RHS,Rural,Reningavaram,Skidding,Bike Skidding,Bike,Grievious injury,Over speed,Four lanes or more with central divider,Straight road,T-Junction,Fine,AP27N   2462,YES,Animals affected,0
09.05.2012,7:00 AM,1339.2,LHS,Rural,Dagadarthi,Overturning,Diesel Tanker Over turned,Tanker,Minor injury,Over speed,Four lanes or more with central divider,Straight road,,Fine,AP37TB   1456,YES,Fatal,0
09.05.2012,7:00 AM,1339.2,LHS,Rural,Dagadarthi,Overturning,Diesel Tanker Over turned,Tanker,Minor injury,Over speed,Four lanes or more with central divider,Straight road,,Fine,AP37TB   1456,YES,Grevious,0
09.05.2012,7:00 AM,1339.2,LHS,Rural,Dagadarthi,Overturning,Diesel Tanker Over turned,Tanker,Minor injury,Over speed,Four lanes or more with central divider,Straight road,,Fine,AP37TB   1456,YES,Minor,2
09.05.2012,7:00 AM,1339.2,LHS,Rural,Dagadarthi,Overturning,Diesel Tanker Over turned,Tanker,Minor injury,Over speed,Four lanes or more with central divider,Straight road,,Fine,AP37TB   1456,YES,Non injured ,0
09.05.2012,7:00 AM,1339.2,LHS,Rural,Dagadarthi,Overturning,Diesel Tanker Over turned,Tanker,Minor injury,Over speed,Four lanes or more with central divider,Straight road,,Fine,AP37TB   1456,YES,Animals affected,0
09.05.2012,12:53 PM,1268.5,RHS,Rural,Jarugumalli,Rear End Collision, Tractor hit  Lorry,Tractor,Non injury,Over speed,Four lanes or more with central divider,Straight road,,Fine,AP 27 TT 6273,YES,Fatal,0
09.05.2012,12:53 PM,1268.5,RHS,Rural,Jarugumalli,Rear End Collision, Tractor hit  Lorry,Tractor,Non injury,Over speed,Four lanes or more with central divider,Straight road,,Fine,AP 27 TT 6273,YES,Grevious,0
09.05.2012,12:53 PM,1268.5,RHS,Rural,Jarugumalli,Rear End Collision, Tractor hit  Lorry,Tractor,Non injury,Over speed,Four lanes or more with central divider,Straight road,,Fine,AP 27 TT 6273,YES,Minor,0
09.05.2012,12:53 PM,1268.5,RHS,Rural,Jarugumalli,Rear End Collision, Tractor hit  Lorry,Tractor,Non injury,Over speed,Four lanes or more with central divider,Straight road,,Fine,AP 27 TT 6273,YES,Non injured ,1
09.05.2012,12:53 PM,1268.5,RHS,Rural,Jarugumalli,Rear End Collision, Tractor hit  Lorry,Tractor,Non injury,Over speed,Four lanes or more with central divider,Straight road,,Fine,AP 27 TT 6273,YES,Animals affected,0
09.05.2012,4:00 PM,1270,LHS,Rural,Jarugumalli,Skidding, Bike Skidding,Bike,Minor injury,Vehicle out of control,Four lanes or more with central divider,Straight road,,Fine,AP 04 AK 7912,YES,Fatal,0
09.05.2012,4:00 PM,1270,LHS,Rural,Jarugumalli,Skidding, Bike Skidding,Bike,Minor injury,Vehicle out of control,Four lanes or more with central divider,Straight road,,Fine,AP 04 AK 7912,YES,Grevious,0
09.05.2012,4:00 PM,1270,LHS,Rural,Jarugumalli,Skidding, Bike Skidding,Bike,Minor injury,Vehicle out of control,Four lanes or more with central divider,Straight road,,Fine,AP 04 AK 7912,YES,Minor,1
09.05.2012,4:00 PM,1270,LHS,Rural,Jarugumalli,Skidding, Bike Skidding,Bike,Minor injury,Vehicle out of control,Four lanes or more with central divider,Straight road,,Fine,AP 04 AK 7912,YES,Non injured ,0
09.05.2012,4:00 PM,1270,LHS,Rural,Jarugumalli,Skidding, Bike Skidding,Bike,Minor injury,Vehicle out of control,Four lanes or more with central divider,Straight road,,Fine,AP 04 AK 7912,YES,Animals affected,0
10.05.2012,7:10 AM,1346.7,RHS,Rural,Dagadarthi,Rear End Collision,Lorry  hit car ,Lorry,Non injury,Over speed,Four lanes or more with central divider,Straight road,,Fine,AP16TW   7309,YES,Fatal,0
10.05.2012,7:10 AM,1346.7,RHS,Rural,Dagadarthi,Rear End Collision,Lorry  hit car ,Lorry,Non injury,Over speed,Four lanes or more with central divider,Straight road,,Fine,AP16TW   7309,YES,Grevious,0
10.05.2012,7:10 AM,1346.7,RHS,Rural,Dagadarthi,Rear End Collision,Lorry  hit car ,Lorry,Non injury,Over speed,Four lanes or more with central divider,Straight road,,Fine,AP16TW   7309,YES,Minor,0
10.05.2012,7:10 AM,1346.7,RHS,Rural,Dagadarthi,Rear End Collision,Lorry  hit car ,Lorry,Non injury,Over speed,Four lanes or more with central divider,Straight road,,Fine,AP16TW   7309,YES,Non injured ,4
10.05.2012,7:10 AM,1346.7,RHS,Rural,Dagadarthi,Rear End Collision,Lorry  hit car ,Lorry,Non injury,Over speed,Four lanes or more with central divider,Straight road,,Fine,AP16TW   7309,YES,Animals affected,0
10.05.2012,12:30 PM,1231.3,RHS,Rural,Maddipadu,Collision Brush/Side Wipe,Lorry hit Bike,Lorry,Grievious injury,Over speed,Four lanes or more with central divider,Straight road,Four arm junction,Fine,AP26TT   9329,YES,Fatal,0
10.05.2012,12:30 PM,1231.3,RHS,Rural,Maddipadu,Collision Brush/Side Wipe,Lorry hit Bike,Lorry,Grievious injury,Over speed,Four lanes or more with central divider,Straight road,Four arm junction,Fine,AP26TT   9329,YES,Grevious,1
10.05.2012,12:30 PM,1231.3,RHS,Rural,Maddipadu,Collision Brush/Side Wipe,Lorry hit Bike,Lorry,Grievious injury,Over speed,Four lanes or more with central divider,Straight road,Four arm junction,Fine,AP26TT   9329,YES,Minor,0
10.05.2012,12:30 PM,1231.3,RHS,Rural,Maddipadu,Collision Brush/Side Wipe,Lorry hit Bike,Lorry,Grievious injury,Over speed,Four lanes or more with central divider,Straight road,Four arm junction,Fine,AP26TT   9329,YES,Non injured ,2
10.05.2012,12:30 PM,1231.3,RHS,Rural,Maddipadu,Collision Brush/Side Wipe,Lorry hit Bike,Lorry,Grievious injury,Over speed,Four lanes or more with central divider,Straight road,Four arm junction,Fine,AP26TT   9329,YES,Animals affected,0
10.05.2012,2:45 PM,1353.5,RHS,Rural,Kodavaluru,Rear End Collision,Lorry hit Lorry,Lorry,Non injury,Over speed,Four lanes or more with central divider,Straight road,,Fine,AP27TT          4788,YES,Fatal,0
10.05.2012,2:45 PM,1353.5,RHS,Rural,Kodavaluru,Rear End Collision,Lorry hit Lorry,Lorry,Non injury,Over speed,Four lanes or more with central divider,Straight road,,Fine,AP27TT          4788,YES,Grevious,0
10.05.2012,2:45 PM,1353.5,RHS,Rural,Kodavaluru,Rear End Collision,Lorry hit Lorry,Lorry,Non injury,Over speed,Four lanes or more with central divider,Straight road,,Fine,AP27TT          4788,YES,Minor,0
10.05.2012,2:45 PM,1353.5,RHS,Rural,Kodavaluru,Rear End Collision,Lorry hit Lorry,Lorry,Non injury,Over speed,Four lanes or more with central divider,Straight road,,Fine,AP27TT          4788,YES,Non injured ,4
10.05.2012,2:45 PM,1353.5,RHS,Rural,Kodavaluru,Rear End Collision,Lorry hit Lorry,Lorry,Non injury,Over speed,Four lanes or more with central divider,Straight road,,Fine,AP27TT          4788,YES,Animals affected,0
10.05.2012,4:42 PM,1266.1,RHS,Rural,Tangutur,Overturning,Tractor   Overturned,Tractor,Non injury,Over speed,Four lanes or more with central divider,Sharp curve,Four arm junction,Fine,AP04F     4534,YES,Fatal,0
10.05.2012,4:42 PM,1266.1,RHS,Rural,Tangutur,Overturning,Tractor   Overturned,Tractor,Non injury,Over speed,Four lanes or more with central divider,Sharp curve,Four arm junction,Fine,AP04F     4534,YES,Grevious,0
10.05.2012,4:42 PM,1266.1,RHS,Rural,Tangutur,Overturning,Tractor   Overturned,Tractor,Non injury,Over speed,Four lanes or more with central divider,Sharp curve,Four arm junction,Fine,AP04F     4534,YES,Minor,0
10.05.2012,4:42 PM,1266.1,RHS,Rural,Tangutur,Overturning,Tractor   Overturned,Tractor,Non injury,Over speed,Four lanes or more with central divider,Sharp curve,Four arm junction,Fine,AP04F     4534,YES,Non injured ,2
10.05.2012,4:42 PM,1266.1,RHS,Rural,Tangutur,Overturning,Tractor   Overturned,Tractor,Non injury,Over speed,Four lanes or more with central divider,Sharp curve,Four arm junction,Fine,AP04F     4534,YES,Animals affected,0
11.05.2012,4:30 AM,1232,RHS,Rural,Maddipadu,Rear End Collision,Lorry hit Tractor,Lorry,Non injury,Over speed,Four lanes or more with central divider,Straight road,,Fine,AP26TV   1239,YES,Fatal,0
11.05.2012,4:30 AM,1232,RHS,Rural,Maddipadu,Rear End Collision,Lorry hit Tractor,Lorry,Non injury,Over speed,Four lanes or more with central divider,Straight road,,Fine,AP26TV   1239,YES,Grevious,0
11.05.2012,4:30 AM,1232,RHS,Rural,Maddipadu,Rear End Collision,Lorry hit Tractor,Lorry,Non injury,Over speed,Four lanes or more with central divider,Straight road,,Fine,AP26TV   1239,YES,Minor,0
11.05.2012,4:30 AM,1232,RHS,Rural,Maddipadu,Rear End Collision,Lorry hit Tractor,Lorry,Non injury,Over speed,Four lanes or more with central divider,Straight road,,Fine,AP26TV   1239,YES,Non injured ,4
11.05.2012,4:30 AM,1232,RHS,Rural,Maddipadu,Rear End Collision,Lorry hit Tractor,Lorry,Non injury,Over speed,Four lanes or more with central divider,Straight road,,Fine,AP26TV   1239,YES,Animals affected,0
11.05.2012,8:00 AM,1357.8,LHS,Rural,Kodavaluru,Overturning,Tipper Over turned,Lorry,Non injury,Over speed,Four lanes or more with central divider,Slight curve,,Fine,AP26TA    7767,YES,Fatal,0
11.05.2012,8:00 AM,1357.8,LHS,Rural,Kodavaluru,Overturning,Tipper Over turned,Lorry,Non injury,Over speed,Four lanes or more with central divider,Slight curve,,Fine,AP26TA    7767,YES,Grevious,0
11.05.2012,8:00 AM,1357.8,LHS,Rural,Kodavaluru,Overturning,Tipper Over turned,Lorry,Non injury,Over speed,Four lanes or more with central divider,Slight curve,,Fine,AP26TA    7767,YES,Minor,0
11.05.2012,8:00 AM,1357.8,LHS,Rural,Kodavaluru,Overturning,Tipper Over turned,Lorry,Non injury,Over speed,Four lanes or more with central divider,Slight curve,,Fine,AP26TA    7767,YES,Non injured ,2
11.05.2012,8:00 AM,1357.8,LHS,Rural,Kodavaluru,Overturning,Tipper Over turned,Lorry,Non injury,Over speed,Four lanes or more with central divider,Slight curve,,Fine,AP26TA    7767,YES,Animals affected,0
11.05.2012,12:50 PM,1253.1,LHS,Rural,Ongole,Collision Brush/Side Wipe,Scooty hit Safety wall,Bike,Grievious injury,Over speed,Four lanes or more with central divider,Straight road,,Fine,AP27AG   4938,YES,Fatal,0
11.05.2012,12:50 PM,1253.1,LHS,Rural,Ongole,Collision Brush/Side Wipe,Scooty hit Safety wall,Bike,Grievious injury,Over speed,Four lanes or more with central divider,Straight road,,Fine,AP27AG   4938,YES,Grevious,2
11.05.2012,12:50 PM,1253.1,LHS,Rural,Ongole,Collision Brush/Side Wipe,Scooty hit Safety wall,Bike,Grievious injury,Over speed,Four lanes or more with central divider,Straight road,,Fine,AP27AG   4938,YES,Minor,0
11.05.2012,12:50 PM,1253.1,LHS,Rural,Ongole,Collision Brush/Side Wipe,Scooty hit Safety wall,Bike,Grievious injury,Over speed,Four lanes or more with central divider,Straight road,,Fine,AP27AG   4938,YES,Non injured ,0
11.05.2012,12:50 PM,1253.1,LHS,Rural,Ongole,Collision Brush/Side Wipe,Scooty hit Safety wall,Bike,Grievious injury,Over speed,Four lanes or more with central divider,Straight road,,Fine,AP27AG   4938,YES,Animals affected,0
12.05.2012,2:28 AM,1200.3,LHS,Rural,Martur,Collision Brush/Side Wipe,Bike hit Median,Bike,Grievious injury,Over speed,Four lanes or more with central divider,Straight road,,Fine,AP27J      1729,YES,Fatal,0
12.05.2012,2:28 AM,1200.3,LHS,Rural,Martur,Collision Brush/Side Wipe,Bike hit Median,Bike,Grievious injury,Over speed,Four lanes or more with central divider,Straight road,,Fine,AP27J      1729,YES,Grevious,1
12.05.2012,2:28 AM,1200.3,LHS,Rural,Martur,Collision Brush/Side Wipe,Bike hit Median,Bike,Grievious injury,Over speed,Four lanes or more with central divider,Straight road,,Fine,AP27J      1729,YES,Minor,0
12.05.2012,2:28 AM,1200.3,LHS,Rural,Martur,Collision Brush/Side Wipe,Bike hit Median,Bike,Grievious injury,Over speed,Four lanes or more with central divider,Straight road,,Fine,AP27J      1729,YES,Non injured ,1
12.05.2012,2:28 AM,1200.3,LHS,Rural,Martur,Collision Brush/Side Wipe,Bike hit Median,Bike,Grievious injury,Over speed,Four lanes or more with central divider,Straight road,,Fine,AP27J      1729,YES,Animals affected,0
12.05.2012,3:05 AM,1188.8,RHS,Rural,Martur,Collision Brush/Side Wipe,Mini Lorry hit Median,Lorry,Non injury,Over speed,Four lanes or more with central divider,Straight road,,Fine,AP16TV   3224,YES,Fatal,0
12.05.2012,3:05 AM,1188.8,RHS,Rural,Martur,Collision Brush/Side Wipe,Mini Lorry hit Median,Lorry,Non injury,Over speed,Four lanes or more with central divider,Straight road,,Fine,AP16TV   3224,YES,Grevious,0
12.05.2012,3:05 AM,1188.8,RHS,Rural,Martur,Collision Brush/Side Wipe,Mini Lorry hit Median,Lorry,Non injury,Over speed,Four lanes or more with central divider,Straight road,,Fine,AP16TV   3224,YES,Minor,0
12.05.2012,3:05 AM,1188.8,RHS,Rural,Martur,Collision Brush/Side Wipe,Mini Lorry hit Median,Lorry,Non injury,Over speed,Four lanes or more with central divider,Straight road,,Fine,AP16TV   3224,YES,Non injured ,2
12.05.2012,3:05 AM,1188.8,RHS,Rural,Martur,Collision Brush/Side Wipe,Mini Lorry hit Median,Lorry,Non injury,Over speed,Four lanes or more with central divider,Straight road,,Fine,AP16TV   3224,YES,Animals affected,0
12.05.2012,3:00 PM,1252.2,RHS,Rural,Ongole,Rear End Collision,Lorry hit water tanker ,Lorry,Minor injury,Over speed,Four lanes or more with central divider,Straight road,,Fine,TN48H    2322,YES,Fatal,0
12.05.2012,3:00 PM,1252.2,RHS,Rural,Ongole,Rear End Collision,Lorry hit water tanker ,Lorry,Minor injury,Over speed,Four lanes or more with central divider,Straight road,,Fine,TN48H    2322,YES,Grevious,0
12.05.2012,3:00 PM,1252.2,RHS,Rural,Ongole,Rear End Collision,Lorry hit water tanker ,Lorry,Minor injury,Over speed,Four lanes or more with central divider,Straight road,,Fine,TN48H    2322,YES,Minor,1
12.05.2012,3:00 PM,1252.2,RHS,Rural,Ongole,Rear End Collision,Lorry hit water tanker ,Lorry,Minor injury,Over speed,Four lanes or more with central divider,Straight road,,Fine,TN48H    2322,YES,Non injured ,3
12.05.2012,3:00 PM,1252.2,RHS,Rural,Ongole,Rear End Collision,Lorry hit water tanker ,Lorry,Minor injury,Over speed,Four lanes or more with central divider,Straight road,,Fine,TN48H    2322,YES,Animals affected,0
13.05.2012,5:20 AM,1306.7,LHS,Rural,Gudluru,Rear End Collision,Bus hit  Unknown Vehicle,Bus,Minor injury,Over speed,Four lanes or more with central divider,Straight road,,Fine,AP31TG   0858,YES,Fatal,0
13.05.2012,5:20 AM,1306.7,LHS,Rural,Gudluru,Rear End Collision,Bus hit  Unknown Vehicle,Bus,Minor injury,Over speed,Four lanes or more with central divider,Straight road,,Fine,AP31TG   0858,YES,Grevious,0
13.05.2012,5:20 AM,1306.7,LHS,Rural,Gudluru,Rear End Collision,Bus hit  Unknown Vehicle,Bus,Minor injury,Over speed,Four lanes or more with central divider,Straight road,,Fine,AP31TG   0858,YES,Minor,1
13.05.2012,5:20 AM,1306.7,LHS,Rural,Gudluru,Rear End Collision,Bus hit  Unknown Vehicle,Bus,Minor injury,Over speed,Four lanes or more with central divider,Straight road,,Fine,AP31TG   0858,YES,Non injured ,23
13.05.2012,5:20 AM,1306.7,LHS,Rural,Gudluru,Rear End Collision,Bus hit  Unknown Vehicle,Bus,Minor injury,Over speed,Four lanes or more with central divider,Straight road,,Fine,AP31TG   0858,YES,Animals affected,0
13.05.2012,5:45 AM,1306.6,LHS,Rural,Gudluru,Rear End Collision,Lorry hit  Bus,Lorry,Non injury,Over speed,Four lanes or more with central divider,Straight road,,Fine,AP07V 4278,YES,Fatal,0
13.05.2012,5:45 AM,1306.6,LHS,Rural,Gudluru,Rear End Collision,Lorry hit  Bus,Lorry,Non injury,Over speed,Four lanes or more with central divider,Straight road,,Fine,AP07V 4278,YES,Grevious,0
13.05.2012,5:45 AM,1306.6,LHS,Rural,Gudluru,Rear End Collision,Lorry hit  Bus,Lorry,Non injury,Over speed,Four lanes or more with central divider,Straight road,,Fine,AP07V 4278,YES,Minor,0
13.05.2012,5:45 AM,1306.6,LHS,Rural,Gudluru,Rear End Collision,Lorry hit  Bus,Lorry,Non injury,Over speed,Four lanes or more with central divider,Straight road,,Fine,AP07V 4278,YES,Non injured ,4
13.05.2012,5:45 AM,1306.6,LHS,Rural,Gudluru,Rear End Collision,Lorry hit  Bus,Lorry,Non injury,Over speed,Four lanes or more with central divider,Straight road,,Fine,AP07V 4278,YES,Animals affected,0
13.05.2012,6:40 AM,1292.4,RHS,Rural,Ulavapadu,Rear End Collision,Car hit   Median,Car,Grievious injury,Over speed,Four lanes or more with central divider,Sharp curve,,Fine,AP05V  5900,YES,Fatal,0
13.05.2012,6:40 AM,1292.4,RHS,Rural,Ulavapadu,Rear End Collision,Car hit   Median,Car,Grievious injury,Over speed,Four lanes or more with central divider,Sharp curve,,Fine,AP05V  5900,YES,Grevious,2
13.05.2012,6:40 AM,1292.4,RHS,Rural,Ulavapadu,Rear End Collision,Car hit   Median,Car,Grievious injury,Over speed,Four lanes or more with central divider,Sharp curve,,Fine,AP05V  5900,YES,Minor,3
13.05.2012,6:40 AM,1292.4,RHS,Rural,Ulavapadu,Rear End Collision,Car hit   Median,Car,Grievious injury,Over speed,Four lanes or more with central divider,Sharp curve,,Fine,AP05V  5900,YES,Non injured ,0
13.05.2012,6:40 AM,1292.4,RHS,Rural,Ulavapadu,Rear End Collision,Car hit   Median,Car,Grievious injury,Over speed,Four lanes or more with central divider,Sharp curve,,Fine,AP05V  5900,YES,Animals affected,0
13.05.2012,7:00 AM,1256,LHS,Rural,Tangutur,Rear End Collision,Lorry hit Lorry,Lorry,Non injury,Over speed,Four lanes or more with central divider,Straight road,,Fine,AP27TU  3535,YES,Fatal,0
13.05.2012,7:00 AM,1256,LHS,Rural,Tangutur,Rear End Collision,Lorry hit Lorry,Lorry,Non injury,Over speed,Four lanes or more with central divider,Straight road,,Fine,AP27TU  3535,YES,Grevious,0
13.05.2012,7:00 AM,1256,LHS,Rural,Tangutur,Rear End Collision,Lorry hit Lorry,Lorry,Non injury,Over speed,Four lanes or more with central divider,Straight road,,Fine,AP27TU  3535,YES,Minor,0
13.05.2012,7:00 AM,1256,LHS,Rural,Tangutur,Rear End Collision,Lorry hit Lorry,Lorry,Non injury,Over speed,Four lanes or more with central divider,Straight road,,Fine,AP27TU  3535,YES,Non injured ,4
13.05.2012,7:00 AM,1256,LHS,Rural,Tangutur,Rear End Collision,Lorry hit Lorry,Lorry,Non injury,Over speed,Four lanes or more with central divider,Straight road,,Fine,AP27TU  3535,YES,Animals affected,0
13.05.2012,3:45 PM,1256.7,LHS,Rural,Tangutur,Collision Brush/Side Wipe,Car hit  pedestrian,Car,Grievious injury,Over speed,Four lanes or more with central divider,Straight road,,Fine,AP13X  5972,YES,Fatal,0
13.05.2012,3:45 PM,1256.7,LHS,Rural,Tangutur,Collision Brush/Side Wipe,Car hit  pedestrian,Car,Grievious injury,Over speed,Four lanes or more with central divider,Straight road,,Fine,AP13X  5972,YES,Grevious,1
13.05.2012,3:45 PM,1256.7,LHS,Rural,Tangutur,Collision Brush/Side Wipe,Car hit  pedestrian,Car,Grievious injury,Over speed,Four lanes or more with central divider,Straight road,,Fine,AP13X  5972,YES,Minor,0
13.05.2012,3:45 PM,1256.7,LHS,Rural,Tangutur,Collision Brush/Side Wipe,Car hit  pedestrian,Car,Grievious injury,Over speed,Four lanes or more with central divider,Straight road,,Fine,AP13X  5972,YES,Non injured ,4
13.05.2012,3:45 PM,1256.7,LHS,Rural,Tangutur,Collision Brush/Side Wipe,Car hit  pedestrian,Car,Grievious injury,Over speed,Four lanes or more with central divider,Straight road,,Fine,AP13X  5972,YES,Animals affected,0
14.05.2012,4:25 PM,1256.3,RHS,Rural,Tangutur,Rear End Collision,Bus hit  Tractor,Bus,Fatal,Over speed,Four lanes or more with central divider,Straight road,,Fine,AP27W  9836,YES,Fatal,1
14.05.2012,4:25 PM,1256.3,RHS,Rural,Tangutur,Rear End Collision,Bus hit  Tractor,Bus,Fatal,Over speed,Four lanes or more with central divider,Straight road,,Fine,AP27W  9836,YES,Grevious,0
14.05.2012,4:25 PM,1256.3,RHS,Rural,Tangutur,Rear End Collision,Bus hit  Tractor,Bus,Fatal,Over speed,Four lanes or more with central divider,Straight road,,Fine,AP27W  9836,YES,Minor,0
14.05.2012,4:25 PM,1256.3,RHS,Rural,Tangutur,Rear End Collision,Bus hit  Tractor,Bus,Fatal,Over speed,Four lanes or more with central divider,Straight road,,Fine,AP27W  9836,YES,Non injured ,30
14.05.2012,4:25 PM,1256.3,RHS,Rural,Tangutur,Rear End Collision,Bus hit  Tractor,Bus,Fatal,Over speed,Four lanes or more with central divider,Straight road,,Fine,AP27W  9836,YES,Animals affected,0
14.05.2012,5:05 PM,1233.1,LHS,Rural,Maddipadu,Collision Brush/Side Wipe,Lorry hit  Auto,Lorry,Minor injury,Over speed,Four lanes or more with central divider,Straight road,,Fine,RJ21G   2704,YES,Fatal,0
14.05.2012,5:05 PM,1233.1,LHS,Rural,Maddipadu,Collision Brush/Side Wipe,Lorry hit  Auto,Lorry,Minor injury,Over speed,Four lanes or more with central divider,Straight road,,Fine,RJ21G   2704,YES,Grevious,0
14.05.2012,5:05 PM,1233.1,LHS,Rural,Maddipadu,Collision Brush/Side Wipe,Lorry hit  Auto,Lorry,Minor injury,Over speed,Four lanes or more with central divider,Straight road,,Fine,RJ21G   2704,YES,Minor,2
14.05.2012,5:05 PM,1233.1,LHS,Rural,Maddipadu,Collision Brush/Side Wipe,Lorry hit  Auto,Lorry,Minor injury,Over speed,Four lanes or more with central divider,Straight road,,Fine,RJ21G   2704,YES,Non injured ,5
14.05.2012,5:05 PM,1233.1,LHS,Rural,Maddipadu,Collision Brush/Side Wipe,Lorry hit  Auto,Lorry,Minor injury,Over speed,Four lanes or more with central divider,Straight road,,Fine,RJ21G   2704,YES,Animals affected,0
15.05.2012,1:39 AM,1296.3,LHS,Rural,Ulavapadu,Rear End Collision,Lorry hit Lorry,Lorry,Minor injury,Over speed,Four lanes or more with central divider,Straight road,,Fine,AP23Y   5114,YES,Fatal,0
15.05.2012,1:39 AM,1296.3,LHS,Rural,Ulavapadu,Rear End Collision,Lorry hit Lorry,Lorry,Minor injury,Over speed,Four lanes or more with central divider,Straight road,,Fine,AP23Y   5114,YES,Grevious,1
15.05.2012,1:39 AM,1296.3,LHS,Rural,Ulavapadu,Rear End Collision,Lorry hit Lorry,Lorry,Minor injury,Over speed,Four lanes or more with central divider,Straight road,,Fine,AP23Y   5114,YES,Minor,1
15.05.2012,1:39 AM,1296.3,LHS,Rural,Ulavapadu,Rear End Collision,Lorry hit Lorry,Lorry,Minor injury,Over speed,Four lanes or more with central divider,Straight road,,Fine,AP23Y   5114,YES,Non injured ,0