Operational date,Time of Accident,KM && M,Position,Rural/Urban,Location,Nature of Accident Position,Nature of Accident,Vehicle Involved,Type of Accident,Causes,Road Feature,Road condition,Intersection Type And Control,Weather Condition,Vehicle Responsible,Help Provided by Ambulance/Patroling Vehicle,Classification of Accident,No of Affected Persons
15.05.2012,1:39 AM,1296.3,LHS,Rural,Ulavapadu,Rear End Collision,Lorry hit Lorry,Lorry,Minor injury,Over speed,Four lanes or more with central divider,Straight road,,Fine,AP23Y   5114,YES,Animals affected,0
16.05.2012,2:45 AM,1288.8,LHS,Rural,Ulavapadu,Rear End Collision,Trally hit  Lorry,Bus,Fatal,Over speed,Four lanes or more with central divider,Sharp curve,,Fine,HR46C   5914,YES,Fatal,2
16.05.2012,2:45 AM,1288.8,LHS,Rural,Ulavapadu,Rear End Collision,Trally hit  Lorry,Bus,Fatal,Over speed,Four lanes or more with central divider,Sharp curve,,Fine,HR46C   5914,YES,Grevious,1
16.05.2012,2:45 AM,1288.8,LHS,Rural,Ulavapadu,Rear End Collision,Trally hit  Lorry,Bus,Fatal,Over speed,Four lanes or more with central divider,Sharp curve,,Fine,HR46C   5914,YES,Minor,0
16.05.2012,2:45 AM,1288.8,LHS,Rural,Ulavapadu,Rear End Collision,Trally hit  Lorry,Bus,Fatal,Over speed,Four lanes or more with central divider,Sharp curve,,Fine,HR46C   5914,YES,Non injured ,1
16.05.2012,2:45 AM,1288.8,LHS,Rural,Ulavapadu,Rear End Collision,Trally hit  Lorry,Bus,Fatal,Over speed,Four lanes or more with central divider,Sharp curve,,Fine,HR46C   5914,YES,Animals affected,0
16.05.2012,5:20 AM,1300,LHS,Rural,Gudluru,Overturning,Lorry over turned,Lorry,Non injury,Over speed,Four lanes or more with central divider,Straight road,,Fine,AP27Y    2889,YES,Fatal,0
16.05.2012,5:20 AM,1300,LHS,Rural,Gudluru,Overturning,Lorry over turned,Lorry,Non injury,Over speed,Four lanes or more with central divider,Straight road,,Fine,AP27Y    2889,YES,Grevious,0
16.05.2012,5:20 AM,1300,LHS,Rural,Gudluru,Overturning,Lorry over turned,Lorry,Non injury,Over speed,Four lanes or more with central divider,Straight road,,Fine,AP27Y    2889,YES,Minor,0
16.05.2012,5:20 AM,1300,LHS,Rural,Gudluru,Overturning,Lorry over turned,Lorry,Non injury,Over speed,Four lanes or more with central divider,Straight road,,Fine,AP27Y    2889,YES,Non injured ,2
16.05.2012,5:20 AM,1300,LHS,Rural,Gudluru,Overturning,Lorry over turned,Lorry,Non injury,Over speed,Four lanes or more with central divider,Straight road,,Fine,AP27Y    2889,YES,Animals affected,0
16.05.2012,10:15 AM,1358.6,RHS,Rural,Kodavaluru,Rear End Collision,Lorry hit Car,Lorry,Non injury,Over speed,Four lanes or more with central divider,Straight road,T-Junction,Fine,HR37U   6372,YES,Fatal,0
16.05.2012,10:15 AM,1358.6,RHS,Rural,Kodavaluru,Rear End Collision,Lorry hit Car,Lorry,Non injury,Over speed,Four lanes or more with central divider,Straight road,T-Junction,Fine,HR37U   6372,YES,Grevious,0
16.05.2012,10:15 AM,1358.6,RHS,Rural,Kodavaluru,Rear End Collision,Lorry hit Car,Lorry,Non injury,Over speed,Four lanes or more with central divider,Straight road,T-Junction,Fine,HR37U   6372,YES,Minor,0
16.05.2012,10:15 AM,1358.6,RHS,Rural,Kodavaluru,Rear End Collision,Lorry hit Car,Lorry,Non injury,Over speed,Four lanes or more with central divider,Straight road,T-Junction,Fine,HR37U   6372,YES,Non injured ,2
16.05.2012,10:15 AM,1358.6,RHS,Rural,Kodavaluru,Rear End Collision,Lorry hit Car,Lorry,Non injury,Over speed,Four lanes or more with central divider,Straight road,T-Junction,Fine,HR37U   6372,YES,Animals affected,0
16.05.2012,8:15 PM,1241,LHS,Rural,Ongole,Collision Brush/Side Wipe,Unknown vehicle hit Bike,Unknown,Grievious injury,Over speed,Four lanes or more with central divider,Straight road,,Fine,Unknown vehicle,YES,Fatal,0
16.05.2012,8:15 PM,1241,LHS,Rural,Ongole,Collision Brush/Side Wipe,Unknown vehicle hit Bike,Unknown,Grievious injury,Over speed,Four lanes or more with central divider,Straight road,,Fine,Unknown vehicle,YES,Grevious,2
16.05.2012,8:15 PM,1241,LHS,Rural,Ongole,Collision Brush/Side Wipe,Unknown vehicle hit Bike,Unknown,Grievious injury,Over speed,Four lanes or more with central divider,Straight road,,Fine,Unknown vehicle,YES,Minor,0
16.05.2012,8:15 PM,1241,LHS,Rural,Ongole,Collision Brush/Side Wipe,Unknown vehicle hit Bike,Unknown,Grievious injury,Over speed,Four lanes or more with central divider,Straight road,,Fine,Unknown vehicle,YES,Non injured ,0
16.05.2012,8:15 PM,1241,LHS,Rural,Ongole,Collision Brush/Side Wipe,Unknown vehicle hit Bike,Unknown,Grievious injury,Over speed,Four lanes or more with central divider,Straight road,,Fine,Unknown vehicle,YES,Animals affected,0
17.05.2012,12:16 AM,1310,LHS,Rural,Kavali,Rear End Collision,Lorry hit Lorry,Lorry,Non injury,Over speed,Four lanes or more with central divider,Straight road,T-Junction,Fine,AP7TA 6299,YES,Fatal,0
17.05.2012,12:16 AM,1310,LHS,Rural,Kavali,Rear End Collision,Lorry hit Lorry,Lorry,Non injury,Over speed,Four lanes or more with central divider,Straight road,T-Junction,Fine,AP7TA 6299,YES,Grevious,0
17.05.2012,12:16 AM,1310,LHS,Rural,Kavali,Rear End Collision,Lorry hit Lorry,Lorry,Non injury,Over speed,Four lanes or more with central divider,Straight road,T-Junction,Fine,AP7TA 6299,YES,Minor,0
17.05.2012,12:16 AM,1310,LHS,Rural,Kavali,Rear End Collision,Lorry hit Lorry,Lorry,Non injury,Over speed,Four lanes or more with central divider,Straight road,T-Junction,Fine,AP7TA 6299,YES,Non injured ,5
17.05.2012,12:16 AM,1310,LHS,Rural,Kavali,Rear End Collision,Lorry hit Lorry,Lorry,Non injury,Over speed,Four lanes or more with central divider,Straight road,T-Junction,Fine,AP7TA 6299,YES,Animals affected,0
17.05.2012,12:54 PM,1271.8,RHS,Rural,Jarugumalli,Rear End Collision,Bus hit Tractor,Bus,Non injury,Over speed,Four lanes or more with central divider,Straight road,,Fine,AP28Z    2013,YES,Fatal,0
17.05.2012,12:54 PM,1271.8,RHS,Rural,Jarugumalli,Rear End Collision,Bus hit Tractor,Bus,Non injury,Over speed,Four lanes or more with central divider,Straight road,,Fine,AP28Z    2013,YES,Grevious,0
17.05.2012,12:54 PM,1271.8,RHS,Rural,Jarugumalli,Rear End Collision,Bus hit Tractor,Bus,Non injury,Over speed,Four lanes or more with central divider,Straight road,,Fine,AP28Z    2013,YES,Minor,0
17.05.2012,12:54 PM,1271.8,RHS,Rural,Jarugumalli,Rear End Collision,Bus hit Tractor,Bus,Non injury,Over speed,Four lanes or more with central divider,Straight road,,Fine,AP28Z    2013,YES,Non injured ,23
17.05.2012,12:54 PM,1271.8,RHS,Rural,Jarugumalli,Rear End Collision,Bus hit Tractor,Bus,Non injury,Over speed,Four lanes or more with central divider,Straight road,,Fine,AP28Z    2013,YES,Animals affected,0
17.05.2012,3:54 PM,1236.7,LHS,Rural,Maddipadu,Head on collision,Lorry hit Pedestrian,Lorry,Fatal,Over speed,Four lanes or more with central divider,Straight road,,Fine,AP16Y   7269,YES,Fatal,1
17.05.2012,3:54 PM,1236.7,LHS,Rural,Maddipadu,Head on collision,Lorry hit Pedestrian,Lorry,Fatal,Over speed,Four lanes or more with central divider,Straight road,,Fine,AP16Y   7269,YES,Grevious,0
17.05.2012,3:54 PM,1236.7,LHS,Rural,Maddipadu,Head on collision,Lorry hit Pedestrian,Lorry,Fatal,Over speed,Four lanes or more with central divider,Straight road,,Fine,AP16Y   7269,YES,Minor,0
17.05.2012,3:54 PM,1236.7,LHS,Rural,Maddipadu,Head on collision,Lorry hit Pedestrian,Lorry,Fatal,Over speed,Four lanes or more with central divider,Straight road,,Fine,AP16Y   7269,YES,Non injured ,2
17.05.2012,3:54 PM,1236.7,LHS,Rural,Maddipadu,Head on collision,Lorry hit Pedestrian,Lorry,Fatal,Over speed,Four lanes or more with central divider,Straight road,,Fine,AP16Y   7269,YES,Animals affected,0
17.05.2012,7:50 PM,1263.3,RHS,Rural,Tangutur,Skidding,Bike Skidding,Bike,Grievious injury,Over speed,Four lanes or more with central divider,Straight road,,Fine,AP07AK       2114,YES,Fatal,0
17.05.2012,7:50 PM,1263.3,RHS,Rural,Tangutur,Skidding,Bike Skidding,Bike,Grievious injury,Over speed,Four lanes or more with central divider,Straight road,,Fine,AP07AK       2114,YES,Grevious,1
17.05.2012,7:50 PM,1263.3,RHS,Rural,Tangutur,Skidding,Bike Skidding,Bike,Grievious injury,Over speed,Four lanes or more with central divider,Straight road,,Fine,AP07AK       2114,YES,Minor,1
17.05.2012,7:50 PM,1263.3,RHS,Rural,Tangutur,Skidding,Bike Skidding,Bike,Grievious injury,Over speed,Four lanes or more with central divider,Straight road,,Fine,AP07AK       2114,YES,Non injured ,0
17.05.2012,7:50 PM,1263.3,RHS,Rural,Tangutur,Skidding,Bike Skidding,Bike,Grievious injury,Over speed,Four lanes or more with central divider,Straight road,,Fine,AP07AK       2114,YES,Animals affected,0
18.05.2012,3:25 AM,1198.8,LHS,Rural,Martur,Collision Brush/Side Wipe,Lorry hit Min iLorry,Lorry,Non injury,Vehicle out of control,Four lanes or more with central divider,Straight road,,Fine,AP16TV   4552,YES,Fatal,0
18.05.2012,3:25 AM,1198.8,LHS,Rural,Martur,Collision Brush/Side Wipe,Lorry hit Min iLorry,Lorry,Non injury,Vehicle out of control,Four lanes or more with central divider,Straight road,,Fine,AP16TV   4552,YES,Grevious,0
18.05.2012,3:25 AM,1198.8,LHS,Rural,Martur,Collision Brush/Side Wipe,Lorry hit Min iLorry,Lorry,Non injury,Vehicle out of control,Four lanes or more with central divider,Straight road,,Fine,AP16TV   4552,YES,Minor,0
18.05.2012,3:25 AM,1198.8,LHS,Rural,Martur,Collision Brush/Side Wipe,Lorry hit Min iLorry,Lorry,Non injury,Vehicle out of control,Four lanes or more with central divider,Straight road,,Fine,AP16TV   4552,YES,Non injured ,4
18.05.2012,3:25 AM,1198.8,LHS,Rural,Martur,Collision Brush/Side Wipe,Lorry hit Min iLorry,Lorry,Non injury,Vehicle out of control,Four lanes or more with central divider,Straight road,,Fine,AP16TV   4552,YES,Animals affected,0
19.05.2012,4:10 AM,1366,LHS,Rural,Kovuru,Rear End Collision, Lorry hit unknown vehicle,Lorry,Non injury,Over speed,Four lanes or more with central divider,Straight road,,Fine,AP7TV   5429,YES,Fatal,0
19.05.2012,4:10 AM,1366,LHS,Rural,Kovuru,Rear End Collision, Lorry hit unknown vehicle,Lorry,Non injury,Over speed,Four lanes or more with central divider,Straight road,,Fine,AP7TV   5429,YES,Grevious,0
19.05.2012,4:10 AM,1366,LHS,Rural,Kovuru,Rear End Collision, Lorry hit unknown vehicle,Lorry,Non injury,Over speed,Four lanes or more with central divider,Straight road,,Fine,AP7TV   5429,YES,Minor,0
19.05.2012,4:10 AM,1366,LHS,Rural,Kovuru,Rear End Collision, Lorry hit unknown vehicle,Lorry,Non injury,Over speed,Four lanes or more with central divider,Straight road,,Fine,AP7TV   5429,YES,Non injured ,2
19.05.2012,4:10 AM,1366,LHS,Rural,Kovuru,Rear End Collision, Lorry hit unknown vehicle,Lorry,Non injury,Over speed,Four lanes or more with central divider,Straight road,,Fine,AP7TV   5429,YES,Animals affected,0
19.05.2012,8:10 AM,1204.9,RHS,Rural,Reningavaram,Rear End Collision, Car hit Bike,Car,Grievious injury,Over speed,Four lanes or more with central divider,Slight curve,T-Junction,Fine,KA03AA   1184,YES,Fatal,0
19.05.2012,8:10 AM,1204.9,RHS,Rural,Reningavaram,Rear End Collision, Car hit Bike,Car,Grievious injury,Over speed,Four lanes or more with central divider,Slight curve,T-Junction,Fine,KA03AA   1184,YES,Grevious,1
19.05.2012,8:10 AM,1204.9,RHS,Rural,Reningavaram,Rear End Collision, Car hit Bike,Car,Grievious injury,Over speed,Four lanes or more with central divider,Slight curve,T-Junction,Fine,KA03AA   1184,YES,Minor,0
19.05.2012,8:10 AM,1204.9,RHS,Rural,Reningavaram,Rear End Collision, Car hit Bike,Car,Grievious injury,Over speed,Four lanes or more with central divider,Slight curve,T-Junction,Fine,KA03AA   1184,YES,Non injured ,2
19.05.2012,8:10 AM,1204.9,RHS,Rural,Reningavaram,Rear End Collision, Car hit Bike,Car,Grievious injury,Over speed,Four lanes or more with central divider,Slight curve,T-Junction,Fine,KA03AA   1184,YES,Animals affected,0
20.05.2012,1:24 AM,1236.4,LHS,Rural,Maddipadu,Collision Brush/Side Wipe,Lorry hit Lorry,Lorry,Fatal,Over speed,Four lanes or more with central divider,Straight road,,Fine,TN30AM  3588,YES,Fatal,1
20.05.2012,1:24 AM,1236.4,LHS,Rural,Maddipadu,Collision Brush/Side Wipe,Lorry hit Lorry,Lorry,Fatal,Over speed,Four lanes or more with central divider,Straight road,,Fine,TN30AM  3588,YES,Grevious,0
20.05.2012,1:24 AM,1236.4,LHS,Rural,Maddipadu,Collision Brush/Side Wipe,Lorry hit Lorry,Lorry,Fatal,Over speed,Four lanes or more with central divider,Straight road,,Fine,TN30AM  3588,YES,Minor,0
20.05.2012,1:24 AM,1236.4,LHS,Rural,Maddipadu,Collision Brush/Side Wipe,Lorry hit Lorry,Lorry,Fatal,Over speed,Four lanes or more with central divider,Straight road,,Fine,TN30AM  3588,YES,Non injured ,4
20.05.2012,1:24 AM,1236.4,LHS,Rural,Maddipadu,Collision Brush/Side Wipe,Lorry hit Lorry,Lorry,Fatal,Over speed,Four lanes or more with central divider,Straight road,,Fine,TN30AM  3588,YES,Animals affected,0
20.05.2012,4:30 AM,1218.1,RHS,Rural,Medarametla,Collision Brush/Side Wipe,Bus hit unknown vehicle,Bus,Minor injury,Over speed,Four lanes or more with central divider,Straight road,,Fine,AP26X  6789,YES,Fatal,0
20.05.2012,4:30 AM,1218.1,RHS,Rural,Medarametla,Collision Brush/Side Wipe,Bus hit unknown vehicle,Bus,Minor injury,Over speed,Four lanes or more with central divider,Straight road,,Fine,AP26X  6789,YES,Grevious,0
20.05.2012,4:30 AM,1218.1,RHS,Rural,Medarametla,Collision Brush/Side Wipe,Bus hit unknown vehicle,Bus,Minor injury,Over speed,Four lanes or more with central divider,Straight road,,Fine,AP26X  6789,YES,Minor,2
20.05.2012,4:30 AM,1218.1,RHS,Rural,Medarametla,Collision Brush/Side Wipe,Bus hit unknown vehicle,Bus,Minor injury,Over speed,Four lanes or more with central divider,Straight road,,Fine,AP26X  6789,YES,Non injured ,18
20.05.2012,4:30 AM,1218.1,RHS,Rural,Medarametla,Collision Brush/Side Wipe,Bus hit unknown vehicle,Bus,Minor injury,Over speed,Four lanes or more with central divider,Straight road,,Fine,AP26X  6789,YES,Animals affected,0
20.05.2012,1:08 PM,1220.1,RHS,Rural,Medarametla,Overturning,Lorry overturned,Lorry,Grievious injury,Over speed,Four lanes or more with central divider,Straight road,,Fine,AP16TY   4496,YES,Fatal,0
20.05.2012,1:08 PM,1220.1,RHS,Rural,Medarametla,Overturning,Lorry overturned,Lorry,Grievious injury,Over speed,Four lanes or more with central divider,Straight road,,Fine,AP16TY   4496,YES,Grevious,1
20.05.2012,1:08 PM,1220.1,RHS,Rural,Medarametla,Overturning,Lorry overturned,Lorry,Grievious injury,Over speed,Four lanes or more with central divider,Straight road,,Fine,AP16TY   4496,YES,Minor,0
20.05.2012,1:08 PM,1220.1,RHS,Rural,Medarametla,Overturning,Lorry overturned,Lorry,Grievious injury,Over speed,Four lanes or more with central divider,Straight road,,Fine,AP16TY   4496,YES,Non injured ,1
20.05.2012,1:08 PM,1220.1,RHS,Rural,Medarametla,Overturning,Lorry overturned,Lorry,Grievious injury,Over speed,Four lanes or more with central divider,Straight road,,Fine,AP16TY   4496,YES,Animals affected,0
21.05.2012,6:20 AM,1349.2,RHS,Rural,Kodavaluru,Overturning,Lorry over turned,Lorry,Minor injury,Over speed,Four lanes or more with central divider,Straight road,,Fine,KA01AA  4732,YES,Fatal,0
21.05.2012,6:20 AM,1349.2,RHS,Rural,Kodavaluru,Overturning,Lorry over turned,Lorry,Minor injury,Over speed,Four lanes or more with central divider,Straight road,,Fine,KA01AA  4732,YES,Grevious,0
21.05.2012,6:20 AM,1349.2,RHS,Rural,Kodavaluru,Overturning,Lorry over turned,Lorry,Minor injury,Over speed,Four lanes or more with central divider,Straight road,,Fine,KA01AA  4732,YES,Minor,1
21.05.2012,6:20 AM,1349.2,RHS,Rural,Kodavaluru,Overturning,Lorry over turned,Lorry,Minor injury,Over speed,Four lanes or more with central divider,Straight road,,Fine,KA01AA  4732,YES,Non injured ,1
21.05.2012,6:20 AM,1349.2,RHS,Rural,Kodavaluru,Overturning,Lorry over turned,Lorry,Minor injury,Over speed,Four lanes or more with central divider,Straight road,,Fine,KA01AA  4732,YES,Animals affected,0
21.05.2012,2:45 PM,1203,LHS,Rural,Reningavaram,Rear End Collision,Lorry hit Tractor,Lorry,Non injury,Over speed,Four lanes or more with central divider,Straight road,,Fine,AP03X  3999,YES,Fatal,0
21.05.2012,2:45 PM,1203,LHS,Rural,Reningavaram,Rear End Collision,Lorry hit Tractor,Lorry,Non injury,Over speed,Four lanes or more with central divider,Straight road,,Fine,AP03X  3999,YES,Grevious,0
21.05.2012,2:45 PM,1203,LHS,Rural,Reningavaram,Rear End Collision,Lorry hit Tractor,Lorry,Non injury,Over speed,Four lanes or more with central divider,Straight road,,Fine,AP03X  3999,YES,Minor,0
21.05.2012,2:45 PM,1203,LHS,Rural,Reningavaram,Rear End Collision,Lorry hit Tractor,Lorry,Non injury,Over speed,Four lanes or more with central divider,Straight road,,Fine,AP03X  3999,YES,Non injured ,4
21.05.2012,2:45 PM,1203,LHS,Rural,Reningavaram,Rear End Collision,Lorry hit Tractor,Lorry,Non injury,Over speed,Four lanes or more with central divider,Straight road,,Fine,AP03X  3999,YES,Animals affected,0
21.05.2012,3:10 PM,1256.2,RHS,Rural,Tangutur,Rear End Collision,Bus hit  Lorry,Bus,Non injury,Over speed,Four lanes or more with central divider,Slight curve,,Fine,AP10Z  6482,YES,Fatal,0
21.05.2012,3:10 PM,1256.2,RHS,Rural,Tangutur,Rear End Collision,Bus hit  Lorry,Bus,Non injury,Over speed,Four lanes or more with central divider,Slight curve,,Fine,AP10Z  6482,YES,Grevious,0
21.05.2012,3:10 PM,1256.2,RHS,Rural,Tangutur,Rear End Collision,Bus hit  Lorry,Bus,Non injury,Over speed,Four lanes or more with central divider,Slight curve,,Fine,AP10Z  6482,YES,Minor,0
21.05.2012,3:10 PM,1256.2,RHS,Rural,Tangutur,Rear End Collision,Bus hit  Lorry,Bus,Non injury,Over speed,Four lanes or more with central divider,Slight curve,,Fine,AP10Z  6482,YES,Non injured ,20
21.05.2012,3:10 PM,1256.2,RHS,Rural,Tangutur,Rear End Collision,Bus hit  Lorry,Bus,Non injury,Over speed,Four lanes or more with central divider,Slight curve,,Fine,AP10Z  6482,YES,Animals affected,0
22.05.2012,12:45 AM,1225.1,LHS,Rural,Maddipadu,Rear End Collision,Bus hit  Lorry,Bus,Fatal,Over speed,Four lanes or more with central divider,Straight road,,Fine,AP28Z    4963,YES,Fatal,1
22.05.2012,12:45 AM,1225.1,LHS,Rural,Maddipadu,Rear End Collision,Bus hit  Lorry,Bus,Fatal,Over speed,Four lanes or more with central divider,Straight road,,Fine,AP28Z    4963,YES,Grevious,1
22.05.2012,12:45 AM,1225.1,LHS,Rural,Maddipadu,Rear End Collision,Bus hit  Lorry,Bus,Fatal,Over speed,Four lanes or more with central divider,Straight road,,Fine,AP28Z    4963,YES,Minor,20
22.05.2012,12:45 AM,1225.1,LHS,Rural,Maddipadu,Rear End Collision,Bus hit  Lorry,Bus,Fatal,Over speed,Four lanes or more with central divider,Straight road,,Fine,AP28Z    4963,YES,Non injured ,0
22.05.2012,12:45 AM,1225.1,LHS,Rural,Maddipadu,Rear End Collision,Bus hit  Lorry,Bus,Fatal,Over speed,Four lanes or more with central divider,Straight road,,Fine,AP28Z    4963,YES,Animals affected,0
22.05.2012,5:40 AM,1317.1,RHS,Rural,Kavali,Rear End Collision,Tanker hit  Lorry,Tanker,Minor injury,Over speed,Four lanes or more with central divider,Straight road,,Fine,MH04BU  5048,YES,Fatal,0
22.05.2012,5:40 AM,1317.1,RHS,Rural,Kavali,Rear End Collision,Tanker hit  Lorry,Tanker,Minor injury,Over speed,Four lanes or more with central divider,Straight road,,Fine,MH04BU  5048,YES,Grevious,0
22.05.2012,5:40 AM,1317.1,RHS,Rural,Kavali,Rear End Collision,Tanker hit  Lorry,Tanker,Minor injury,Over speed,Four lanes or more with central divider,Straight road,,Fine,MH04BU  5048,YES,Minor,1
22.05.2012,5:40 AM,1317.1,RHS,Rural,Kavali,Rear End Collision,Tanker hit  Lorry,Tanker,Minor injury,Over speed,Four lanes or more with central divider,Straight road,,Fine,MH04BU  5048,YES,Non injured ,3
22.05.2012,5:40 AM,1317.1,RHS,Rural,Kavali,Rear End Collision,Tanker hit  Lorry,Tanker,Minor injury,Over speed,Four lanes or more with central divider,Straight road,,Fine,MH04BU  5048,YES,Animals affected,0
22.05.2012,5:41 PM,1344.4,LHS,Rural,Dagadarthi,Collision Brush/Side Wipe,Lorry hit Unknown Vehicle,Lorry,Non injury,Over speed,Four lanes or more with central divider,Straight road,,Fine,AP07AU 6129,YES,Fatal,0
22.05.2012,5:41 PM,1344.4,LHS,Rural,Dagadarthi,Collision Brush/Side Wipe,Lorry hit Unknown Vehicle,Lorry,Non injury,Over speed,Four lanes or more with central divider,Straight road,,Fine,AP07AU 6129,YES,Grevious,0
22.05.2012,5:41 PM,1344.4,LHS,Rural,Dagadarthi,Collision Brush/Side Wipe,Lorry hit Unknown Vehicle,Lorry,Non injury,Over speed,Four lanes or more with central divider,Straight road,,Fine,AP07AU 6129,YES,Minor,0
22.05.2012,5:41 PM,1344.4,LHS,Rural,Dagadarthi,Collision Brush/Side Wipe,Lorry hit Unknown Vehicle,Lorry,Non injury,Over speed,Four lanes or more with central divider,Straight road,,Fine,AP07AU 6129,YES,Non injured ,5
22.05.2012,5:41 PM,1344.4,LHS,Rural,Dagadarthi,Collision Brush/Side Wipe,Lorry hit Unknown Vehicle,Lorry,Non injury,Over speed,Four lanes or more with central divider,Straight road,,Fine,AP07AU 6129,YES,Animals affected,0
23.05.2012,5:30 AM,1285.8,LHS,Rural,Ulavapadu,Collision Brush/Side Wipe,car hit median,car,Grievious injury,Over speed,Four lanes or more with central divider,Straight road,,Fine,AP07AP   3546,YES,Fatal,0
23.05.2012,5:30 AM,1285.8,LHS,Rural,Ulavapadu,Collision Brush/Side Wipe,car hit median,car,Grievious injury,Over speed,Four lanes or more with central divider,Straight road,,Fine,AP07AP   3546,YES,Grevious,1
23.05.2012,5:30 AM,1285.8,LHS,Rural,Ulavapadu,Collision Brush/Side Wipe,car hit median,car,Grievious injury,Over speed,Four lanes or more with central divider,Straight road,,Fine,AP07AP   3546,YES,Minor,1
23.05.2012,5:30 AM,1285.8,LHS,Rural,Ulavapadu,Collision Brush/Side Wipe,car hit median,car,Grievious injury,Over speed,Four lanes or more with central divider,Straight road,,Fine,AP07AP   3546,YES,Non injured ,0
23.05.2012,5:30 AM,1285.8,LHS,Rural,Ulavapadu,Collision Brush/Side Wipe,car hit median,car,Grievious injury,Over speed,Four lanes or more with central divider,Straight road,,Fine,AP07AP   3546,YES,Animals affected,0
23.05.2012,6:09 AM,1292.8,LHS,Rural,Ulavapadu,Rear End Collision,Unknown Vehicle hit  Tanker,Unknown,Non injury,Over speed,Four lanes or more with central divider,Straight road,,Fine,AP26U    1044,YES,Fatal,0
23.05.2012,6:09 AM,1292.8,LHS,Rural,Ulavapadu,Rear End Collision,Unknown Vehicle hit  Tanker,Unknown,Non injury,Over speed,Four lanes or more with central divider,Straight road,,Fine,AP26U    1044,YES,Grevious,0
23.05.2012,6:09 AM,1292.8,LHS,Rural,Ulavapadu,Rear End Collision,Unknown Vehicle hit  Tanker,Unknown,Non injury,Over speed,Four lanes or more with central divider,Straight road,,Fine,AP26U    1044,YES,Minor,0
23.05.2012,6:09 AM,1292.8,LHS,Rural,Ulavapadu,Rear End Collision,Unknown Vehicle hit  Tanker,Unknown,Non injury,Over speed,Four lanes or more with central divider,Straight road,,Fine,AP26U    1044,YES,Non injured ,2
23.05.2012,6:09 AM,1292.8,LHS,Rural,Ulavapadu,Rear End Collision,Unknown Vehicle hit  Tanker,Unknown,Non injury,Over speed,Four lanes or more with central divider,Straight road,,Fine,AP26U    1044,YES,Animals affected,0
23.05.2012,6:40 PM,1214.4,LHS,Rural,Medarametla,Rear End Collision,Lorry hit Car,Lorry,Non injury,Over speed,Four lanes or more with central divider,Straight road,,Fine,AP03X   6798,YES,Fatal,0
23.05.2012,6:40 PM,1214.4,LHS,Rural,Medarametla,Rear End Collision,Lorry hit Car,Lorry,Non injury,Over speed,Four lanes or more with central divider,Straight road,,Fine,AP03X   6798,YES,Grevious,0
23.05.2012,6:40 PM,1214.4,LHS,Rural,Medarametla,Rear End Collision,Lorry hit Car,Lorry,Non injury,Over speed,Four lanes or more with central divider,Straight road,,Fine,AP03X   6798,YES,Minor,0
23.05.2012,6:40 PM,1214.4,LHS,Rural,Medarametla,Rear End Collision,Lorry hit Car,Lorry,Non injury,Over speed,Four lanes or more with central divider,Straight road,,Fine,AP03X   6798,YES,Non injured ,4
23.05.2012,6:40 PM,1214.4,LHS,Rural,Medarametla,Rear End Collision,Lorry hit Car,Lorry,Non injury,Over speed,Four lanes or more with central divider,Straight road,,Fine,AP03X   6798,YES,Animals affected,0
24.05.2012,3:03 AM,1313,RHS,Urban,Kavali,Rear End Collision,Lorry hit  Lorry,Lorry,Grievious injury,Over speed,Four lanes or more with central divider,Straight road,T-Junction,Fine,AP26TT    8630,YES,Fatal,0
24.05.2012,3:03 AM,1313,RHS,Urban,Kavali,Rear End Collision,Lorry hit  Lorry,Lorry,Grievious injury,Over speed,Four lanes or more with central divider,Straight road,T-Junction,Fine,AP26TT    8630,YES,Grevious,1
24.05.2012,3:03 AM,1313,RHS,Urban,Kavali,Rear End Collision,Lorry hit  Lorry,Lorry,Grievious injury,Over speed,Four lanes or more with central divider,Straight road,T-Junction,Fine,AP26TT    8630,YES,Minor,1
24.05.2012,3:03 AM,1313,RHS,Urban,Kavali,Rear End Collision,Lorry hit  Lorry,Lorry,Grievious injury,Over speed,Four lanes or more with central divider,Straight road,T-Junction,Fine,AP26TT    8630,YES,Non injured ,2
24.05.2012,3:03 AM,1313,RHS,Urban,Kavali,Rear End Collision,Lorry hit  Lorry,Lorry,Grievious injury,Over speed,Four lanes or more with central divider,Straight road,T-Junction,Fine,AP26TT    8630,YES,Animals affected,0
24.05.2012,9:10 AM,1302.8,LHS,Rural,Gudluru,Overturning,Mini Lorry Overturned,Lorry,Minor injury,Over speed,Four lanes or more with central divider,Straight road,,Fine,AP29TV   3814,YES,Fatal,0
24.05.2012,9:10 AM,1302.8,LHS,Rural,Gudluru,Overturning,Mini Lorry Overturned,Lorry,Minor injury,Over speed,Four lanes or more with central divider,Straight road,,Fine,AP29TV   3814,YES,Grevious,0
24.05.2012,9:10 AM,1302.8,LHS,Rural,Gudluru,Overturning,Mini Lorry Overturned,Lorry,Minor injury,Over speed,Four lanes or more with central divider,Straight road,,Fine,AP29TV   3814,YES,Minor,1
24.05.2012,9:10 AM,1302.8,LHS,Rural,Gudluru,Overturning,Mini Lorry Overturned,Lorry,Minor injury,Over speed,Four lanes or more with central divider,Straight road,,Fine,AP29TV   3814,YES,Non injured ,1
24.05.2012,9:10 AM,1302.8,LHS,Rural,Gudluru,Overturning,Mini Lorry Overturned,Lorry,Minor injury,Over speed,Four lanes or more with central divider,Straight road,,Fine,AP29TV   3814,YES,Animals affected,0
24.05.2012,6:00 PM,1214.4,LHS,Rural,Medarametla,Rear End Collision,Tipper hit Bike,Lorry,Minor injury,Over speed,Four lanes or more with central divider,Slight curve,,Fine,AP27TT 3935,YES,Fatal,0
24.05.2012,6:00 PM,1214.4,LHS,Rural,Medarametla,Rear End Collision,Tipper hit Bike,Lorry,Minor injury,Over speed,Four lanes or more with central divider,Slight curve,,Fine,AP27TT 3935,YES,Grevious,0
24.05.2012,6:00 PM,1214.4,LHS,Rural,Medarametla,Rear End Collision,Tipper hit Bike,Lorry,Minor injury,Over speed,Four lanes or more with central divider,Slight curve,,Fine,AP27TT 3935,YES,Minor,1