Operational date,Time of Accident,KM && M,Position,Rural/Urban,Location,Nature of Accident Position,Nature of Accident,Vehicle Involved,Type of Accident,Causes,Road Feature,Road condition,Intersection Type And Control,Weather Condition,Vehicle Responsible,Help Provided by Ambulance/Patroling Vehicle,Classification of Accident,No of Affected Persons
24.05.2012,6:00 PM,1214.4,LHS,Rural,Medarametla,Rear End Collision,Tipper hit Bike,Lorry,Minor injury,Over speed,Four lanes or more with central divider,Slight curve,,Fine,AP27TT 3935,YES,Non injured ,2
24.05.2012,6:00 PM,1214.4,LHS,Rural,Medarametla,Rear End Collision,Tipper hit Bike,Lorry,Minor injury,Over speed,Four lanes or more with central divider,Slight curve,,Fine,AP27TT 3935,YES,Animals affected,0
24.05.2012,7:20 PM,1323.9,LHS,Rural,Kavali,Rear End Collision,Tanker hit Tata Ace,Tanker,Grievious injury,Over speed,Four lanes or more with central divider,Slight curve,T-Junction,Fine,TN09AR 7877,YES,Fatal,0
24.05.2012,7:20 PM,1323.9,LHS,Rural,Kavali,Rear End Collision,Tanker hit Tata Ace,Tanker,Grievious injury,Over speed,Four lanes or more with central divider,Slight curve,T-Junction,Fine,TN09AR 7877,YES,Grevious,4
24.05.2012,7:20 PM,1323.9,LHS,Rural,Kavali,Rear End Collision,Tanker hit Tata Ace,Tanker,Grievious injury,Over speed,Four lanes or more with central divider,Slight curve,T-Junction,Fine,TN09AR 7877,YES,Minor,0
24.05.2012,7:20 PM,1323.9,LHS,Rural,Kavali,Rear End Collision,Tanker hit Tata Ace,Tanker,Grievious injury,Over speed,Four lanes or more with central divider,Slight curve,T-Junction,Fine,TN09AR 7877,YES,Non injured ,2
24.05.2012,7:20 PM,1323.9,LHS,Rural,Kavali,Rear End Collision,Tanker hit Tata Ace,Tanker,Grievious injury,Over speed,Four lanes or more with central divider,Slight curve,T-Junction,Fine,TN09AR 7877,YES,Animals affected,0
25.05.2012,7:43 PM,1317.3,RHS,Rural,Kavali,Collision Brush/Side Wipe,Unknown vehicle hit Buffellows,Unknown,Non injury,Over speed,Four lanes or more with central divider,Straight road,,Fine,Unknown vehicle,YES,Fatal,0
25.05.2012,7:43 PM,1317.3,RHS,Rural,Kavali,Collision Brush/Side Wipe,Unknown vehicle hit Buffellows,Unknown,Non injury,Over speed,Four lanes or more with central divider,Straight road,,Fine,Unknown vehicle,YES,Grevious,0
25.05.2012,7:43 PM,1317.3,RHS,Rural,Kavali,Collision Brush/Side Wipe,Unknown vehicle hit Buffellows,Unknown,Non injury,Over speed,Four lanes or more with central divider,Straight road,,Fine,Unknown vehicle,YES,Minor,0
25.05.2012,7:43 PM,1317.3,RHS,Rural,Kavali,Collision Brush/Side Wipe,Unknown vehicle hit Buffellows,Unknown,Non injury,Over speed,Four lanes or more with central divider,Straight road,,Fine,Unknown vehicle,YES,Non injured ,0
25.05.2012,7:43 PM,1317.3,RHS,Rural,Kavali,Collision Brush/Side Wipe,Unknown vehicle hit Buffellows,Unknown,Non injury,Over speed,Four lanes or more with central divider,Straight road,,Fine,Unknown vehicle,YES,Animals affected,3
25.05.2012,8:30 PM,1202.3,LHS,Rural,Reningavaram,Rear End Collision,Unknown Vehicle car hit Auto,Unknown,Grievious injury,Over speed,Four lanes or more with central divider,Straight road,,Fine,Unknown vehicle,YES,Fatal,0
25.05.2012,8:30 PM,1202.3,LHS,Rural,Reningavaram,Rear End Collision,Unknown Vehicle car hit Auto,Unknown,Grievious injury,Over speed,Four lanes or more with central divider,Straight road,,Fine,Unknown vehicle,YES,Grevious,1
25.05.2012,8:30 PM,1202.3,LHS,Rural,Reningavaram,Rear End Collision,Unknown Vehicle car hit Auto,Unknown,Grievious injury,Over speed,Four lanes or more with central divider,Straight road,,Fine,Unknown vehicle,YES,Minor,2
25.05.2012,8:30 PM,1202.3,LHS,Rural,Reningavaram,Rear End Collision,Unknown Vehicle car hit Auto,Unknown,Grievious injury,Over speed,Four lanes or more with central divider,Straight road,,Fine,Unknown vehicle,YES,Non injured ,1
25.05.2012,8:30 PM,1202.3,LHS,Rural,Reningavaram,Rear End Collision,Unknown Vehicle car hit Auto,Unknown,Grievious injury,Over speed,Four lanes or more with central divider,Straight road,,Fine,Unknown vehicle,YES,Animals affected,0
26.05.2012,5:00 AM,1264.6,RHS,Rural,Tangutur,Rear End Collision,Mini lorry hit innova car,Lorry,Non injury,Over speed,Four lanes or more with central divider,Straight road,,Fine,AP37W 4496,YES,Fatal,0
26.05.2012,5:00 AM,1264.6,RHS,Rural,Tangutur,Rear End Collision,Mini lorry hit innova car,Lorry,Non injury,Over speed,Four lanes or more with central divider,Straight road,,Fine,AP37W 4496,YES,Grevious,0
26.05.2012,5:00 AM,1264.6,RHS,Rural,Tangutur,Rear End Collision,Mini lorry hit innova car,Lorry,Non injury,Over speed,Four lanes or more with central divider,Straight road,,Fine,AP37W 4496,YES,Minor,0
26.05.2012,5:00 AM,1264.6,RHS,Rural,Tangutur,Rear End Collision,Mini lorry hit innova car,Lorry,Non injury,Over speed,Four lanes or more with central divider,Straight road,,Fine,AP37W 4496,YES,Non injured ,4
26.05.2012,5:00 AM,1264.6,RHS,Rural,Tangutur,Rear End Collision,Mini lorry hit innova car,Lorry,Non injury,Over speed,Four lanes or more with central divider,Straight road,,Fine,AP37W 4496,YES,Animals affected,0
26.05.2012,6:50 AM,1240.1,LHS,Rural,Ongole,Rear End Collision,Lorry hit Median,Lorry,Non injury,Over speed,Four lanes or more with central divider,Straight road,,Fine,AP02U 1136,YES,Fatal,0
26.05.2012,6:50 AM,1240.1,LHS,Rural,Ongole,Rear End Collision,Lorry hit Median,Lorry,Non injury,Over speed,Four lanes or more with central divider,Straight road,,Fine,AP02U 1136,YES,Grevious,0
26.05.2012,6:50 AM,1240.1,LHS,Rural,Ongole,Rear End Collision,Lorry hit Median,Lorry,Non injury,Over speed,Four lanes or more with central divider,Straight road,,Fine,AP02U 1136,YES,Minor,0
26.05.2012,6:50 AM,1240.1,LHS,Rural,Ongole,Rear End Collision,Lorry hit Median,Lorry,Non injury,Over speed,Four lanes or more with central divider,Straight road,,Fine,AP02U 1136,YES,Non injured ,2
26.05.2012,6:50 AM,1240.1,LHS,Rural,Ongole,Rear End Collision,Lorry hit Median,Lorry,Non injury,Over speed,Four lanes or more with central divider,Straight road,,Fine,AP02U 1136,YES,Animals affected,0
26.05.2012,7:55 AM,1347.9,RHS,Rural,Dagadarthi,Rear End Collision,Mini Lorry hit Trolly,Lorry,Grievious injury,Over speed,Four lanes or more with central divider,Straight road,,Fine,KA53A 3809,YES,Fatal,0
26.05.2012,7:55 AM,1347.9,RHS,Rural,Dagadarthi,Rear End Collision,Mini Lorry hit Trolly,Lorry,Grievious injury,Over speed,Four lanes or more with central divider,Straight road,,Fine,KA53A 3809,YES,Grevious,1
26.05.2012,7:55 AM,1347.9,RHS,Rural,Dagadarthi,Rear End Collision,Mini Lorry hit Trolly,Lorry,Grievious injury,Over speed,Four lanes or more with central divider,Straight road,,Fine,KA53A 3809,YES,Minor,2
26.05.2012,7:55 AM,1347.9,RHS,Rural,Dagadarthi,Rear End Collision,Mini Lorry hit Trolly,Lorry,Grievious injury,Over speed,Four lanes or more with central divider,Straight road,,Fine,KA53A 3809,YES,Non injured ,2
26.05.2012,7:55 AM,1347.9,RHS,Rural,Dagadarthi,Rear End Collision,Mini Lorry hit Trolly,Lorry,Grievious injury,Over speed,Four lanes or more with central divider,Straight road,,Fine,KA53A 3809,YES,Animals affected,0
27.05.2012,12:40 AM,1310,RHS,Rural,Kavali,Rear End Collision,Lorry hit RTC Bus,Lorry,Grievious injury,Over speed,Four lanes or more with central divider,Straight road,,Fine,CG04JV 7815,YES,Fatal,0
27.05.2012,12:40 AM,1310,RHS,Rural,Kavali,Rear End Collision,Lorry hit RTC Bus,Lorry,Grievious injury,Over speed,Four lanes or more with central divider,Straight road,,Fine,CG04JV 7815,YES,Grevious,1
27.05.2012,12:40 AM,1310,RHS,Rural,Kavali,Rear End Collision,Lorry hit RTC Bus,Lorry,Grievious injury,Over speed,Four lanes or more with central divider,Straight road,,Fine,CG04JV 7815,YES,Minor,3
27.05.2012,12:40 AM,1310,RHS,Rural,Kavali,Rear End Collision,Lorry hit RTC Bus,Lorry,Grievious injury,Over speed,Four lanes or more with central divider,Straight road,,Fine,CG04JV 7815,YES,Non injured ,37
27.05.2012,12:40 AM,1310,RHS,Rural,Kavali,Rear End Collision,Lorry hit RTC Bus,Lorry,Grievious injury,Over speed,Four lanes or more with central divider,Straight road,,Fine,CG04JV 7815,YES,Animals affected,0
27.05.2012,4:30 AM,1211.7,LHS,Rural,Medarametla,Rear End Collision,Lorry hit Lorry,Lorry,Grievious injury,Over speed,Four lanes or more with central divider,Straight road,,Fine,AP31TA 2329,YES,Fatal,0
27.05.2012,4:30 AM,1211.7,LHS,Rural,Medarametla,Rear End Collision,Lorry hit Lorry,Lorry,Grievious injury,Over speed,Four lanes or more with central divider,Straight road,,Fine,AP31TA 2329,YES,Grevious,2
27.05.2012,4:30 AM,1211.7,LHS,Rural,Medarametla,Rear End Collision,Lorry hit Lorry,Lorry,Grievious injury,Over speed,Four lanes or more with central divider,Straight road,,Fine,AP31TA 2329,YES,Minor,0
27.05.2012,4:30 AM,1211.7,LHS,Rural,Medarametla,Rear End Collision,Lorry hit Lorry,Lorry,Grievious injury,Over speed,Four lanes or more with central divider,Straight road,,Fine,AP31TA 2329,YES,Non injured ,2
27.05.2012,4:30 AM,1211.7,LHS,Rural,Medarametla,Rear End Collision,Lorry hit Lorry,Lorry,Grievious injury,Over speed,Four lanes or more with central divider,Straight road,,Fine,AP31TA 2329,YES,Animals affected,0
27.05.2012,9:40 PM,1268.6,LHS,Rural,Jarugumalli,Rear End Collision,Lorry hit car,Lorry,Non injury,Over speed,Four lanes or more with central divider,Slight curve,Y-Junction,Fine,AP03TA     6009,YES,Fatal,0
27.05.2012,9:40 PM,1268.6,LHS,Rural,Jarugumalli,Rear End Collision,Lorry hit car,Lorry,Non injury,Over speed,Four lanes or more with central divider,Slight curve,Y-Junction,Fine,AP03TA     6009,YES,Grevious,0
27.05.2012,9:40 PM,1268.6,LHS,Rural,Jarugumalli,Rear End Collision,Lorry hit car,Lorry,Non injury,Over speed,Four lanes or more with central divider,Slight curve,Y-Junction,Fine,AP03TA     6009,YES,Minor,0
27.05.2012,9:40 PM,1268.6,LHS,Rural,Jarugumalli,Rear End Collision,Lorry hit car,Lorry,Non injury,Over speed,Four lanes or more with central divider,Slight curve,Y-Junction,Fine,AP03TA     6009,YES,Non injured ,3
27.05.2012,9:40 PM,1268.6,LHS,Rural,Jarugumalli,Rear End Collision,Lorry hit car,Lorry,Non injury,Over speed,Four lanes or more with central divider,Slight curve,Y-Junction,Fine,AP03TA     6009,YES,Animals affected,0
28.05.2012,12:14 AM,1245.8,RHS,Urban,Ongole,Rear End Collision,Bus hit Trolly,Bus,Non injury,Over speed,Four lanes or more with central divider,Straight road,T-Junction,Fine,AP21Z    0406,YES,Fatal,0
28.05.2012,12:14 AM,1245.8,RHS,Urban,Ongole,Rear End Collision,Bus hit Trolly,Bus,Non injury,Over speed,Four lanes or more with central divider,Straight road,T-Junction,Fine,AP21Z    0406,YES,Grevious,0
28.05.2012,12:14 AM,1245.8,RHS,Urban,Ongole,Rear End Collision,Bus hit Trolly,Bus,Non injury,Over speed,Four lanes or more with central divider,Straight road,T-Junction,Fine,AP21Z    0406,YES,Minor,0
28.05.2012,12:14 AM,1245.8,RHS,Urban,Ongole,Rear End Collision,Bus hit Trolly,Bus,Non injury,Over speed,Four lanes or more with central divider,Straight road,T-Junction,Fine,AP21Z    0406,YES,Non injured ,4
28.05.2012,12:14 AM,1245.8,RHS,Urban,Ongole,Rear End Collision,Bus hit Trolly,Bus,Non injury,Over speed,Four lanes or more with central divider,Straight road,T-Junction,Fine,AP21Z    0406,YES,Animals affected,0
28.05.2012,4:35 AM,1344.3,LHS,Rural,Dagadarthi,Rear End Collision,Bus hit Lorry,Bus,Grievious injury,Over speed,Four lanes or more with central divider,Straight road,T-Junction,Fine,AP16TY   0444,YES,Fatal,0
28.05.2012,4:35 AM,1344.3,LHS,Rural,Dagadarthi,Rear End Collision,Bus hit Lorry,Bus,Grievious injury,Over speed,Four lanes or more with central divider,Straight road,T-Junction,Fine,AP16TY   0444,YES,Grevious,1
28.05.2012,4:35 AM,1344.3,LHS,Rural,Dagadarthi,Rear End Collision,Bus hit Lorry,Bus,Grievious injury,Over speed,Four lanes or more with central divider,Straight road,T-Junction,Fine,AP16TY   0444,YES,Minor,1
28.05.2012,4:35 AM,1344.3,LHS,Rural,Dagadarthi,Rear End Collision,Bus hit Lorry,Bus,Grievious injury,Over speed,Four lanes or more with central divider,Straight road,T-Junction,Fine,AP16TY   0444,YES,Non injured ,15
28.05.2012,4:35 AM,1344.3,LHS,Rural,Dagadarthi,Rear End Collision,Bus hit Lorry,Bus,Grievious injury,Over speed,Four lanes or more with central divider,Straight road,T-Junction,Fine,AP16TY   0444,YES,Animals affected,0
29.05.2012,5:00 PM,1361.7,RHS,Rural,Kodavaluru,Rear End Collision,Lorry hit  Lorry,Lorry,Non injury,Over speed,Four lanes or more with central divider,Straight road,,Fine,AP16TW    1133,YES,Fatal,0
29.05.2012,5:00 PM,1361.7,RHS,Rural,Kodavaluru,Rear End Collision,Lorry hit  Lorry,Lorry,Non injury,Over speed,Four lanes or more with central divider,Straight road,,Fine,AP16TW    1133,YES,Grevious,0
29.05.2012,5:00 PM,1361.7,RHS,Rural,Kodavaluru,Rear End Collision,Lorry hit  Lorry,Lorry,Non injury,Over speed,Four lanes or more with central divider,Straight road,,Fine,AP16TW    1133,YES,Minor,0
29.05.2012,5:00 PM,1361.7,RHS,Rural,Kodavaluru,Rear End Collision,Lorry hit  Lorry,Lorry,Non injury,Over speed,Four lanes or more with central divider,Straight road,,Fine,AP16TW    1133,YES,Non injured ,2
29.05.2012,5:00 PM,1361.7,RHS,Rural,Kodavaluru,Rear End Collision,Lorry hit  Lorry,Lorry,Non injury,Over speed,Four lanes or more with central divider,Straight road,,Fine,AP16TW    1133,YES,Animals affected,0
30.05.2012,2:25 AM,1294.7,RHS,Rural,Ulavapadu,Rear End Collision,RTC Bus hit Road Roller,Bus,Non injury,Over speed,Four lanes or more with central divider,Slight curve,T-Junction,Fine,AP28Z 5010,YES,Fatal,0
30.05.2012,2:25 AM,1294.7,RHS,Rural,Ulavapadu,Rear End Collision,RTC Bus hit Road Roller,Bus,Non injury,Over speed,Four lanes or more with central divider,Slight curve,T-Junction,Fine,AP28Z 5010,YES,Grevious,0
30.05.2012,2:25 AM,1294.7,RHS,Rural,Ulavapadu,Rear End Collision,RTC Bus hit Road Roller,Bus,Non injury,Over speed,Four lanes or more with central divider,Slight curve,T-Junction,Fine,AP28Z 5010,YES,Minor,0
30.05.2012,2:25 AM,1294.7,RHS,Rural,Ulavapadu,Rear End Collision,RTC Bus hit Road Roller,Bus,Non injury,Over speed,Four lanes or more with central divider,Slight curve,T-Junction,Fine,AP28Z 5010,YES,Non injured ,20
30.05.2012,2:25 AM,1294.7,RHS,Rural,Ulavapadu,Rear End Collision,RTC Bus hit Road Roller,Bus,Non injury,Over speed,Four lanes or more with central divider,Slight curve,T-Junction,Fine,AP28Z 5010,YES,Animals affected,0
30.05.2012,4:20 AM,1270,LHS,Rural,Jarugumalli,Rear End Collision,Auto Hit Lorry,Auto,Grievious injury,Over speed,Four lanes or more with central divider,Straight road,,Fine,AP27Y 2313,YES,Fatal,0
30.05.2012,4:20 AM,1270,LHS,Rural,Jarugumalli,Rear End Collision,Auto Hit Lorry,Auto,Grievious injury,Over speed,Four lanes or more with central divider,Straight road,,Fine,AP27Y 2313,YES,Grevious,1
30.05.2012,4:20 AM,1270,LHS,Rural,Jarugumalli,Rear End Collision,Auto Hit Lorry,Auto,Grievious injury,Over speed,Four lanes or more with central divider,Straight road,,Fine,AP27Y 2313,YES,Minor,0
30.05.2012,4:20 AM,1270,LHS,Rural,Jarugumalli,Rear End Collision,Auto Hit Lorry,Auto,Grievious injury,Over speed,Four lanes or more with central divider,Straight road,,Fine,AP27Y 2313,YES,Non injured ,2
30.05.2012,4:20 AM,1270,LHS,Rural,Jarugumalli,Rear End Collision,Auto Hit Lorry,Auto,Grievious injury,Over speed,Four lanes or more with central divider,Straight road,,Fine,AP27Y 2313,YES,Animals affected,0
30.05.2012,8:47 AM,1312.9,LHS,Rural,Kavali,Overturning,APE Auto over turned,Auto,Minor injury,Over speed,Four lanes or more with central divider,Straight road,,Fine,AP26TA   1586,YES,Fatal,0
30.05.2012,8:47 AM,1312.9,LHS,Rural,Kavali,Overturning,APE Auto over turned,Auto,Minor injury,Over speed,Four lanes or more with central divider,Straight road,,Fine,AP26TA   1586,YES,Grevious,0
30.05.2012,8:47 AM,1312.9,LHS,Rural,Kavali,Overturning,APE Auto over turned,Auto,Minor injury,Over speed,Four lanes or more with central divider,Straight road,,Fine,AP26TA   1586,YES,Minor,2
30.05.2012,8:47 AM,1312.9,LHS,Rural,Kavali,Overturning,APE Auto over turned,Auto,Minor injury,Over speed,Four lanes or more with central divider,Straight road,,Fine,AP26TA   1586,YES,Non injured ,2
30.05.2012,8:47 AM,1312.9,LHS,Rural,Kavali,Overturning,APE Auto over turned,Auto,Minor injury,Over speed,Four lanes or more with central divider,Straight road,,Fine,AP26TA   1586,YES,Animals affected,0
30.05.2012,3:59 PM,1234.3,LHS,Rural,Maddipadu,Head on collision,Lorry hit  Car,Lorry,Minor injury,Fault of driver of motor vehicle/driver of other vehicle/cyclist/pedestrian/passenger,Four lanes or more with central divider,Straight road,,Fine,AP07TT   3194,YES,Fatal,0
30.05.2012,3:59 PM,1234.3,LHS,Rural,Maddipadu,Head on collision,Lorry hit  Car,Lorry,Minor injury,Fault of driver of motor vehicle/driver of other vehicle/cyclist/pedestrian/passenger,Four lanes or more with central divider,Straight road,,Fine,AP07TT   3194,YES,Grevious,0
30.05.2012,3:59 PM,1234.3,LHS,Rural,Maddipadu,Head on collision,Lorry hit  Car,Lorry,Minor injury,Fault of driver of motor vehicle/driver of other vehicle/cyclist/pedestrian/passenger,Four lanes or more with central divider,Straight road,,Fine,AP07TT   3194,YES,Minor,1
30.05.2012,3:59 PM,1234.3,LHS,Rural,Maddipadu,Head on collision,Lorry hit  Car,Lorry,Minor injury,Fault of driver of motor vehicle/driver of other vehicle/cyclist/pedestrian/passenger,Four lanes or more with central divider,Straight road,,Fine,AP07TT   3194,YES,Non injured ,2
30.05.2012,3:59 PM,1234.3,LHS,Rural,Maddipadu,Head on collision,Lorry hit  Car,Lorry,Minor injury,Fault of driver of motor vehicle/driver of other vehicle/cyclist/pedestrian/passenger,Four lanes or more with central divider,Straight road,,Fine,AP07TT   3194,YES,Animals affected,0
31.05.2012,3:36 AM,1204.9,LHS,Rural,Reningavaram,Collision Brush/Side Wipe,Lorry hit safetywall,Lorry,Minor injury,Fault of driver of motor vehicle/driver of other vehicle/cyclist/pedestrian/passenger,Three lanes or more without central divider(median),Straight road,T-Junction,Fine,AP16TB  7367,YES,Fatal,0
31.05.2012,3:36 AM,1204.9,LHS,Rural,Reningavaram,Collision Brush/Side Wipe,Lorry hit safetywall,Lorry,Minor injury,Fault of driver of motor vehicle/driver of other vehicle/cyclist/pedestrian/passenger,Three lanes or more without central divider(median),Straight road,T-Junction,Fine,AP16TB  7367,YES,Grevious,0
31.05.2012,3:36 AM,1204.9,LHS,Rural,Reningavaram,Collision Brush/Side Wipe,Lorry hit safetywall,Lorry,Minor injury,Fault of driver of motor vehicle/driver of other vehicle/cyclist/pedestrian/passenger,Three lanes or more without central divider(median),Straight road,T-Junction,Fine,AP16TB  7367,YES,Minor,1
31.05.2012,3:36 AM,1204.9,LHS,Rural,Reningavaram,Collision Brush/Side Wipe,Lorry hit safetywall,Lorry,Minor injury,Fault of driver of motor vehicle/driver of other vehicle/cyclist/pedestrian/passenger,Three lanes or more without central divider(median),Straight road,T-Junction,Fine,AP16TB  7367,YES,Non injured ,1
31.05.2012,3:36 AM,1204.9,LHS,Rural,Reningavaram,Collision Brush/Side Wipe,Lorry hit safetywall,Lorry,Minor injury,Fault of driver of motor vehicle/driver of other vehicle/cyclist/pedestrian/passenger,Three lanes or more without central divider(median),Straight road,T-Junction,Fine,AP16TB  7367,YES,Animals affected,0
31.05.2012,10:23 PM,1258.1,RHS,Rural,Tangutur,Rear End Collision,Trally hit car,Bus,Non injury,Over speed,Four lanes or more with central divider,Straight road,,Fine,AP03X  4321,YES,Fatal,0
31.05.2012,10:23 PM,1258.1,RHS,Rural,Tangutur,Rear End Collision,Trally hit car,Bus,Non injury,Over speed,Four lanes or more with central divider,Straight road,,Fine,AP03X  4321,YES,Grevious,0
31.05.2012,10:23 PM,1258.1,RHS,Rural,Tangutur,Rear End Collision,Trally hit car,Bus,Non injury,Over speed,Four lanes or more with central divider,Straight road,,Fine,AP03X  4321,YES,Minor,0
31.05.2012,10:23 PM,1258.1,RHS,Rural,Tangutur,Rear End Collision,Trally hit car,Bus,Non injury,Over speed,Four lanes or more with central divider,Straight road,,Fine,AP03X  4321,YES,Non injured ,6
31.05.2012,10:23 PM,1258.1,RHS,Rural,Tangutur,Rear End Collision,Trally hit car,Bus,Non injury,Over speed,Four lanes or more with central divider,Straight road,,Fine,AP03X  4321,YES,Animals affected,0
01.06.2012,6:00 AM,1188.5,RHS,Rural,Martur,Rear End Collision,Lorry hit Lorry,Lorry,Fatal,Fault of driver of motor vehicle/driver of other vehicle/cyclist/pedestrian/passenger,Three lanes or more without central divider(median),Straight road,Y-Junction,Fine,AP07TW   788,YES,Fatal,1
01.06.2012,6:00 AM,1188.5,RHS,Rural,Martur,Rear End Collision,Lorry hit Lorry,Lorry,Fatal,Fault of driver of motor vehicle/driver of other vehicle/cyclist/pedestrian/passenger,Three lanes or more without central divider(median),Straight road,Y-Junction,Fine,AP07TW   788,YES,Grevious,0
01.06.2012,6:00 AM,1188.5,RHS,Rural,Martur,Rear End Collision,Lorry hit Lorry,Lorry,Fatal,Fault of driver of motor vehicle/driver of other vehicle/cyclist/pedestrian/passenger,Three lanes or more without central divider(median),Straight road,Y-Junction,Fine,AP07TW   788,YES,Minor,0
01.06.2012,6:00 AM,1188.5,RHS,Rural,Martur,Rear End Collision,Lorry hit Lorry,Lorry,Fatal,Fault of driver of motor vehicle/driver of other vehicle/cyclist/pedestrian/passenger,Three lanes or more without central divider(median),Straight road,Y-Junction,Fine,AP07TW   788,YES,Non injured ,1
01.06.2012,6:00 AM,1188.5,RHS,Rural,Martur,Rear End Collision,Lorry hit Lorry,Lorry,Fatal,Fault of driver of motor vehicle/driver of other vehicle/cyclist/pedestrian/passenger,Three lanes or more without central divider(median),Straight road,Y-Junction,Fine,AP07TW   788,YES,Animals affected,0
02.06.2012,12:25 AM,1328.2,LHS,Rural,Kavali,Rear End Collision,Lorry hit Lorry,Lorry,Non injury,Over speed,Four lanes or more with central divider,Straight road,,Fine,AP24Y    5985,YES,Fatal,0
02.06.2012,12:25 AM,1328.2,LHS,Rural,Kavali,Rear End Collision,Lorry hit Lorry,Lorry,Non injury,Over speed,Four lanes or more with central divider,Straight road,,Fine,AP24Y    5985,YES,Grevious,0
02.06.2012,12:25 AM,1328.2,LHS,Rural,Kavali,Rear End Collision,Lorry hit Lorry,Lorry,Non injury,Over speed,Four lanes or more with central divider,Straight road,,Fine,AP24Y    5985,YES,Minor,0
02.06.2012,12:25 AM,1328.2,LHS,Rural,Kavali,Rear End Collision,Lorry hit Lorry,Lorry,Non injury,Over speed,Four lanes or more with central divider,Straight road,,Fine,AP24Y    5985,YES,Non injured ,2
02.06.2012,12:25 AM,1328.2,LHS,Rural,Kavali,Rear End Collision,Lorry hit Lorry,Lorry,Non injury,Over speed,Four lanes or more with central divider,Straight road,,Fine,AP24Y    5985,YES,Animals affected,0
02.06.2012,12:48 PM,1209.4,RHS,Rural,Reningavaram,Rear End Collision,Bike hit Tipper lorry,Bike,Minor injury,Over speed,Four lanes or more with central divider,Straight road,T-Junction,Fine,AP27P    3077,YES,Fatal,0
02.06.2012,12:48 PM,1209.4,RHS,Rural,Reningavaram,Rear End Collision,Bike hit Tipper lorry,Bike,Minor injury,Over speed,Four lanes or more with central divider,Straight road,T-Junction,Fine,AP27P    3077,YES,Grevious,0
02.06.2012,12:48 PM,1209.4,RHS,Rural,Reningavaram,Rear End Collision,Bike hit Tipper lorry,Bike,Minor injury,Over speed,Four lanes or more with central divider,Straight road,T-Junction,Fine,AP27P    3077,YES,Minor,1
02.06.2012,12:48 PM,1209.4,RHS,Rural,Reningavaram,Rear End Collision,Bike hit Tipper lorry,Bike,Minor injury,Over speed,Four lanes or more with central divider,Straight road,T-Junction,Fine,AP27P    3077,YES,Non injured ,2
02.06.2012,12:48 PM,1209.4,RHS,Rural,Reningavaram,Rear End Collision,Bike hit Tipper lorry,Bike,Minor injury,Over speed,Four lanes or more with central divider,Straight road,T-Junction,Fine,AP27P    3077,YES,Animals affected,0
02.06.2012,8:25 PM,1196,LHS,Rural,Martur,Skidding,Bike skidding,Bike,Grievious injury,Druken,Four lanes or more with central divider,Slight curve,,Fine,F/R           Bike,YES,Fatal,0
02.06.2012,8:25 PM,1196,LHS,Rural,Martur,Skidding,Bike skidding,Bike,Grievious injury,Druken,Four lanes or more with central divider,Slight curve,,Fine,F/R           Bike,YES,Grevious,2
02.06.2012,8:25 PM,1196,LHS,Rural,Martur,Skidding,Bike skidding,Bike,Grievious injury,Druken,Four lanes or more with central divider,Slight curve,,Fine,F/R           Bike,YES,Minor,0
02.06.2012,8:25 PM,1196,LHS,Rural,Martur,Skidding,Bike skidding,Bike,Grievious injury,Druken,Four lanes or more with central divider,Slight curve,,Fine,F/R           Bike,YES,Non injured ,0
02.06.2012,8:25 PM,1196,LHS,Rural,Martur,Skidding,Bike skidding,Bike,Grievious injury,Druken,Four lanes or more with central divider,Slight curve,,Fine,F/R           Bike,YES,Animals affected,0
03.06.2012,5:45 AM,1192.1,LHS,Rural,Martur,Others(p1.Specific),Unknown      Vehicle hit pedestrain,Unknown,Fatal,Fault of driver of motor vehicle/driver of other vehicle/cyclist/pedestrian/passenger,Four lanes or more with central divider,Straight road,,Fine,Unknown Vehicle,YES,Fatal,1
03.06.2012,5:45 AM,1192.1,LHS,Rural,Martur,Others(p1.Specific),Unknown      Vehicle hit pedestrain,Unknown,Fatal,Fault of driver of motor vehicle/driver of other vehicle/cyclist/pedestrian/passenger,Four lanes or more with central divider,Straight road,,Fine,Unknown Vehicle,YES,Grevious,0
03.06.2012,5:45 AM,1192.1,LHS,Rural,Martur,Others(p1.Specific),Unknown      Vehicle hit pedestrain,Unknown,Fatal,Fault of driver of motor vehicle/driver of other vehicle/cyclist/pedestrian/passenger,Four lanes or more with central divider,Straight road,,Fine,Unknown Vehicle,YES,Minor,0
03.06.2012,5:45 AM,1192.1,LHS,Rural,Martur,Others(p1.Specific),Unknown      Vehicle hit pedestrain,Unknown,Fatal,Fault of driver of motor vehicle/driver of other vehicle/cyclist/pedestrian/passenger,Four lanes or more with central divider,Straight road,,Fine,Unknown Vehicle,YES,Non injured ,0
03.06.2012,5:45 AM,1192.1,LHS,Rural,Martur,Others(p1.Specific),Unknown      Vehicle hit pedestrain,Unknown,Fatal,Fault of driver of motor vehicle/driver of other vehicle/cyclist/pedestrian/passenger,Four lanes or more with central divider,Straight road,,Fine,Unknown Vehicle,YES,Animals affected,0
03.06.2012,6:30 AM,1260.6,LHS,Rural,Tangutur,Rear End Collision,Lorry hit Bus,Lorry,Grievious injury,Over speed,Three lanes or more without central divider(median),Straight road,T-Junction,Fine,AP05U    9179,YES,Fatal,0
03.06.2012,6:30 AM,1260.6,LHS,Rural,Tangutur,Rear End Collision,Lorry hit Bus,Lorry,Grievious injury,Over speed,Three lanes or more without central divider(median),Straight road,T-Junction,Fine,AP05U    9179,YES,Grevious,2