Operational date,Time of Accident,KM && M,Position,Rural/Urban,Location,Nature of Accident Position,Nature of Accident,Vehicle Involved,Type of Accident,Causes,Road Feature,Road condition,Intersection Type And Control,Weather Condition,Vehicle Responsible,Help Provided by Ambulance/Patroling Vehicle,Classification of Accident,No of Affected Persons
03.06.2012,6:30 AM,1260.6,LHS,Rural,Tangutur,Rear End Collision,Lorry hit Bus,Lorry,Grievious injury,Over speed,Three lanes or more without central divider(median),Straight road,T-Junction,Fine,AP05U    9179,YES,Minor,1
03.06.2012,6:30 AM,1260.6,LHS,Rural,Tangutur,Rear End Collision,Lorry hit Bus,Lorry,Grievious injury,Over speed,Three lanes or more without central divider(median),Straight road,T-Junction,Fine,AP05U    9179,YES,Non injured ,27
03.06.2012,6:30 AM,1260.6,LHS,Rural,Tangutur,Rear End Collision,Lorry hit Bus,Lorry,Grievious injury,Over speed,Three lanes or more without central divider(median),Straight road,T-Junction,Fine,AP05U    9179,YES,Animals affected,0
03.06.2012,4:00 PM,1190.6,LHS,Rural,Martur,Rear End Collision,Car hit  Median,Car,Non injury,Over speed,Four lanes or more with central divider,Straight road,,Fine,OR05X     7888,YES,Fatal,0
03.06.2012,4:00 PM,1190.6,LHS,Rural,Martur,Rear End Collision,Car hit  Median,Car,Non injury,Over speed,Four lanes or more with central divider,Straight road,,Fine,OR05X     7888,YES,Grevious,0
03.06.2012,4:00 PM,1190.6,LHS,Rural,Martur,Rear End Collision,Car hit  Median,Car,Non injury,Over speed,Four lanes or more with central divider,Straight road,,Fine,OR05X     7888,YES,Minor,0
03.06.2012,4:00 PM,1190.6,LHS,Rural,Martur,Rear End Collision,Car hit  Median,Car,Non injury,Over speed,Four lanes or more with central divider,Straight road,,Fine,OR05X     7888,YES,Non injured ,2
03.06.2012,4:00 PM,1190.6,LHS,Rural,Martur,Rear End Collision,Car hit  Median,Car,Non injury,Over speed,Four lanes or more with central divider,Straight road,,Fine,OR05X     7888,YES,Animals affected,0
04.06.2012,9:18 AM,1263.3,LHS,Rural,Tangutur,Rear End Collision,Bus hit  car,Bus,Non injury,Fault of driver of motor vehicle/driver of other vehicle/cyclist/pedestrian/passenger,Four lanes or more with central divider,Straight road,,Fine,AP29Z     2524,YES,Fatal,0
04.06.2012,9:18 AM,1263.3,LHS,Rural,Tangutur,Rear End Collision,Bus hit  car,Bus,Non injury,Fault of driver of motor vehicle/driver of other vehicle/cyclist/pedestrian/passenger,Four lanes or more with central divider,Straight road,,Fine,AP29Z     2524,YES,Grevious,0
04.06.2012,9:18 AM,1263.3,LHS,Rural,Tangutur,Rear End Collision,Bus hit  car,Bus,Non injury,Fault of driver of motor vehicle/driver of other vehicle/cyclist/pedestrian/passenger,Four lanes or more with central divider,Straight road,,Fine,AP29Z     2524,YES,Minor,0
04.06.2012,9:18 AM,1263.3,LHS,Rural,Tangutur,Rear End Collision,Bus hit  car,Bus,Non injury,Fault of driver of motor vehicle/driver of other vehicle/cyclist/pedestrian/passenger,Four lanes or more with central divider,Straight road,,Fine,AP29Z     2524,YES,Non injured ,24
04.06.2012,9:18 AM,1263.3,LHS,Rural,Tangutur,Rear End Collision,Bus hit  car,Bus,Non injury,Fault of driver of motor vehicle/driver of other vehicle/cyclist/pedestrian/passenger,Four lanes or more with central divider,Straight road,,Fine,AP29Z     2524,YES,Animals affected,0
04.06.2012,3:34 PM,1208,LHS,Rural,Reningavaram,Overturning,Lorry over turned on the  road,Lorry,Grievious injury,Fault of driver of motor vehicle/driver of other vehicle/cyclist/pedestrian/passenger,Four lanes or more with central divider,Sharp curve,,Fine,WB41C  2824,YES,Fatal,0
04.06.2012,3:34 PM,1208,LHS,Rural,Reningavaram,Overturning,Lorry over turned on the  road,Lorry,Grievious injury,Fault of driver of motor vehicle/driver of other vehicle/cyclist/pedestrian/passenger,Four lanes or more with central divider,Sharp curve,,Fine,WB41C  2824,YES,Grevious,2
04.06.2012,3:34 PM,1208,LHS,Rural,Reningavaram,Overturning,Lorry over turned on the  road,Lorry,Grievious injury,Fault of driver of motor vehicle/driver of other vehicle/cyclist/pedestrian/passenger,Four lanes or more with central divider,Sharp curve,,Fine,WB41C  2824,YES,Minor,0
04.06.2012,3:34 PM,1208,LHS,Rural,Reningavaram,Overturning,Lorry over turned on the  road,Lorry,Grievious injury,Fault of driver of motor vehicle/driver of other vehicle/cyclist/pedestrian/passenger,Four lanes or more with central divider,Sharp curve,,Fine,WB41C  2824,YES,Non injured ,0
04.06.2012,3:34 PM,1208,LHS,Rural,Reningavaram,Overturning,Lorry over turned on the  road,Lorry,Grievious injury,Fault of driver of motor vehicle/driver of other vehicle/cyclist/pedestrian/passenger,Four lanes or more with central divider,Sharp curve,,Fine,WB41C  2824,YES,Animals affected,0
04.06.2012,8:55 PM,1346.5,RHS,Rural,Dagadarthi,Overturning,Tata ACE over turned on the  road,Tata Ace,Minor injury,Over speed,Four lanes or more with central divider,Straight road,,Fine,AP26CA  8423,YES,Fatal,0
04.06.2012,8:55 PM,1346.5,RHS,Rural,Dagadarthi,Overturning,Tata ACE over turned on the  road,Tata Ace,Minor injury,Over speed,Four lanes or more with central divider,Straight road,,Fine,AP26CA  8423,YES,Grevious,0
04.06.2012,8:55 PM,1346.5,RHS,Rural,Dagadarthi,Overturning,Tata ACE over turned on the  road,Tata Ace,Minor injury,Over speed,Four lanes or more with central divider,Straight road,,Fine,AP26CA  8423,YES,Minor,1
04.06.2012,8:55 PM,1346.5,RHS,Rural,Dagadarthi,Overturning,Tata ACE over turned on the  road,Tata Ace,Minor injury,Over speed,Four lanes or more with central divider,Straight road,,Fine,AP26CA  8423,YES,Non injured ,2
04.06.2012,8:55 PM,1346.5,RHS,Rural,Dagadarthi,Overturning,Tata ACE over turned on the  road,Tata Ace,Minor injury,Over speed,Four lanes or more with central divider,Straight road,,Fine,AP26CA  8423,YES,Animals affected,0
06.06.2012,5:30 AM,1266.1,LHS,Rural,Tangutur,Collision Brush/Side Wipe,Tipper Lorry hit   Car,Lorry,Minor injury,Over speed,Four lanes or more with central divider,Straight road,Y-Junction,Fine,AP27Y  8759,YES,Fatal,0
06.06.2012,5:30 AM,1266.1,LHS,Rural,Tangutur,Collision Brush/Side Wipe,Tipper Lorry hit   Car,Lorry,Minor injury,Over speed,Four lanes or more with central divider,Straight road,Y-Junction,Fine,AP27Y  8759,YES,Grevious,0
06.06.2012,5:30 AM,1266.1,LHS,Rural,Tangutur,Collision Brush/Side Wipe,Tipper Lorry hit   Car,Lorry,Minor injury,Over speed,Four lanes or more with central divider,Straight road,Y-Junction,Fine,AP27Y  8759,YES,Minor,2
06.06.2012,5:30 AM,1266.1,LHS,Rural,Tangutur,Collision Brush/Side Wipe,Tipper Lorry hit   Car,Lorry,Minor injury,Over speed,Four lanes or more with central divider,Straight road,Y-Junction,Fine,AP27Y  8759,YES,Non injured ,4
06.06.2012,5:30 AM,1266.1,LHS,Rural,Tangutur,Collision Brush/Side Wipe,Tipper Lorry hit   Car,Lorry,Minor injury,Over speed,Four lanes or more with central divider,Straight road,Y-Junction,Fine,AP27Y  8759,YES,Animals affected,0
06.06.2012,11:38 PM,1287,RHS,Rural,Ulavapadu,Rear End Collision, Lorry hit Lorry,Lorry,Non injury,Over speed,Four lanes or more with central divider,Straight road,,Fine,AP24Y  6633,YES,Fatal,0
06.06.2012,11:38 PM,1287,RHS,Rural,Ulavapadu,Rear End Collision, Lorry hit Lorry,Lorry,Non injury,Over speed,Four lanes or more with central divider,Straight road,,Fine,AP24Y  6633,YES,Grevious,0
06.06.2012,11:38 PM,1287,RHS,Rural,Ulavapadu,Rear End Collision, Lorry hit Lorry,Lorry,Non injury,Over speed,Four lanes or more with central divider,Straight road,,Fine,AP24Y  6633,YES,Minor,0
06.06.2012,11:38 PM,1287,RHS,Rural,Ulavapadu,Rear End Collision, Lorry hit Lorry,Lorry,Non injury,Over speed,Four lanes or more with central divider,Straight road,,Fine,AP24Y  6633,YES,Non injured ,2
06.06.2012,11:38 PM,1287,RHS,Rural,Ulavapadu,Rear End Collision, Lorry hit Lorry,Lorry,Non injury,Over speed,Four lanes or more with central divider,Straight road,,Fine,AP24Y  6633,YES,Animals affected,0
07.06.2012,4:45 AM,1363.8,LHS,Rural,Kovuru,Rear End Collision,Lorry hit Lorry,Lorry,Non injury,Fault of driver of motor vehicle/driver of other vehicle/cyclist/pedestrian/passenger,Four lanes or more with central divider,Sharp curve,,Fine,TN21AX   1279,YES,Fatal,0
07.06.2012,4:45 AM,1363.8,LHS,Rural,Kovuru,Rear End Collision,Lorry hit Lorry,Lorry,Non injury,Fault of driver of motor vehicle/driver of other vehicle/cyclist/pedestrian/passenger,Four lanes or more with central divider,Sharp curve,,Fine,TN21AX   1279,YES,Grevious,0
07.06.2012,4:45 AM,1363.8,LHS,Rural,Kovuru,Rear End Collision,Lorry hit Lorry,Lorry,Non injury,Fault of driver of motor vehicle/driver of other vehicle/cyclist/pedestrian/passenger,Four lanes or more with central divider,Sharp curve,,Fine,TN21AX   1279,YES,Minor,0
07.06.2012,4:45 AM,1363.8,LHS,Rural,Kovuru,Rear End Collision,Lorry hit Lorry,Lorry,Non injury,Fault of driver of motor vehicle/driver of other vehicle/cyclist/pedestrian/passenger,Four lanes or more with central divider,Sharp curve,,Fine,TN21AX   1279,YES,Non injured ,2
07.06.2012,4:45 AM,1363.8,LHS,Rural,Kovuru,Rear End Collision,Lorry hit Lorry,Lorry,Non injury,Fault of driver of motor vehicle/driver of other vehicle/cyclist/pedestrian/passenger,Four lanes or more with central divider,Sharp curve,,Fine,TN21AX   1279,YES,Animals affected,0
07.06.2012,5:20 AM,1354.7,LHS,Rural,Kodavaluru,Head on collision,Car hit Median,Car,Fatal,Vehicle out of control,Four lanes or more with central divider,Sharp curve,,Fine,AP27Y      1970,YES,Fatal,1
07.06.2012,5:20 AM,1354.7,LHS,Rural,Kodavaluru,Head on collision,Car hit Median,Car,Fatal,Vehicle out of control,Four lanes or more with central divider,Sharp curve,,Fine,AP27Y      1970,YES,Grevious,1
07.06.2012,5:20 AM,1354.7,LHS,Rural,Kodavaluru,Head on collision,Car hit Median,Car,Fatal,Vehicle out of control,Four lanes or more with central divider,Sharp curve,,Fine,AP27Y      1970,YES,Minor,0
07.06.2012,5:20 AM,1354.7,LHS,Rural,Kodavaluru,Head on collision,Car hit Median,Car,Fatal,Vehicle out of control,Four lanes or more with central divider,Sharp curve,,Fine,AP27Y      1970,YES,Non injured ,0
07.06.2012,5:20 AM,1354.7,LHS,Rural,Kodavaluru,Head on collision,Car hit Median,Car,Fatal,Vehicle out of control,Four lanes or more with central divider,Sharp curve,,Fine,AP27Y      1970,YES,Animals affected,0
07.06.2012,6:48 PM,1203.2,RHS,Rural,Reningavaram,Rear End Collision,Lorry hit Bike,Lorry,Grievious injury,Over speed,Four lanes or more with central divider,Straight road,,Fine,AP16T     2783,YES,Fatal,0
07.06.2012,6:48 PM,1203.2,RHS,Rural,Reningavaram,Rear End Collision,Lorry hit Bike,Lorry,Grievious injury,Over speed,Four lanes or more with central divider,Straight road,,Fine,AP16T     2783,YES,Grevious,2
07.06.2012,6:48 PM,1203.2,RHS,Rural,Reningavaram,Rear End Collision,Lorry hit Bike,Lorry,Grievious injury,Over speed,Four lanes or more with central divider,Straight road,,Fine,AP16T     2783,YES,Minor,0
07.06.2012,6:48 PM,1203.2,RHS,Rural,Reningavaram,Rear End Collision,Lorry hit Bike,Lorry,Grievious injury,Over speed,Four lanes or more with central divider,Straight road,,Fine,AP16T     2783,YES,Non injured ,2
07.06.2012,6:48 PM,1203.2,RHS,Rural,Reningavaram,Rear End Collision,Lorry hit Bike,Lorry,Grievious injury,Over speed,Four lanes or more with central divider,Straight road,,Fine,AP16T     2783,YES,Animals affected,0
08.06.2012,5:30 AM,1277.3,RHS,Rural,Singarayakonda,Overturning,Lorry over turned,Lorry,Grievious injury,Over speed,Four lanes or more with central divider,Straight road,,Fine,AP37W    6070,YES,Fatal,0
08.06.2012,5:30 AM,1277.3,RHS,Rural,Singarayakonda,Overturning,Lorry over turned,Lorry,Grievious injury,Over speed,Four lanes or more with central divider,Straight road,,Fine,AP37W    6070,YES,Grevious,1
08.06.2012,5:30 AM,1277.3,RHS,Rural,Singarayakonda,Overturning,Lorry over turned,Lorry,Grievious injury,Over speed,Four lanes or more with central divider,Straight road,,Fine,AP37W    6070,YES,Minor,0
08.06.2012,5:30 AM,1277.3,RHS,Rural,Singarayakonda,Overturning,Lorry over turned,Lorry,Grievious injury,Over speed,Four lanes or more with central divider,Straight road,,Fine,AP37W    6070,YES,Non injured ,1
08.06.2012,5:30 AM,1277.3,RHS,Rural,Singarayakonda,Overturning,Lorry over turned,Lorry,Grievious injury,Over speed,Four lanes or more with central divider,Straight road,,Fine,AP37W    6070,YES,Animals affected,0
08.06.2012,4:58 PM,1262.8,RHS,Rural,Tangutur,Head on collision, Trailer hit Lorry,Lorry,Minor injury,Over speed,Four lanes or more with central divider,Straight road,,Fine,AP27X    6570,YES,Fatal,0
08.06.2012,4:58 PM,1262.8,RHS,Rural,Tangutur,Head on collision, Trailer hit Lorry,Lorry,Minor injury,Over speed,Four lanes or more with central divider,Straight road,,Fine,AP27X    6570,YES,Grevious,1
08.06.2012,4:58 PM,1262.8,RHS,Rural,Tangutur,Head on collision, Trailer hit Lorry,Lorry,Minor injury,Over speed,Four lanes or more with central divider,Straight road,,Fine,AP27X    6570,YES,Minor,0
08.06.2012,4:58 PM,1262.8,RHS,Rural,Tangutur,Head on collision, Trailer hit Lorry,Lorry,Minor injury,Over speed,Four lanes or more with central divider,Straight road,,Fine,AP27X    6570,YES,Non injured ,4
08.06.2012,4:58 PM,1262.8,RHS,Rural,Tangutur,Head on collision, Trailer hit Lorry,Lorry,Minor injury,Over speed,Four lanes or more with central divider,Straight road,,Fine,AP27X    6570,YES,Animals affected,0
08.06.2012,10:00 PM,1228.8,LHS,Rural,Maddipadu,Others(p1.Specific), Tractor Load over Turned,Tractor,Non injury,Fault of driver of motor vehicle/driver of other vehicle/cyclist/pedestrian/passenger,Four lanes or more with central divider,Straight road,,Fine,AP27AA 7338,YES,Fatal,0
08.06.2012,10:00 PM,1228.8,LHS,Rural,Maddipadu,Others(p1.Specific), Tractor Load over Turned,Tractor,Non injury,Fault of driver of motor vehicle/driver of other vehicle/cyclist/pedestrian/passenger,Four lanes or more with central divider,Straight road,,Fine,AP27AA 7338,YES,Grevious,0
08.06.2012,10:00 PM,1228.8,LHS,Rural,Maddipadu,Others(p1.Specific), Tractor Load over Turned,Tractor,Non injury,Fault of driver of motor vehicle/driver of other vehicle/cyclist/pedestrian/passenger,Four lanes or more with central divider,Straight road,,Fine,AP27AA 7338,YES,Minor,0
08.06.2012,10:00 PM,1228.8,LHS,Rural,Maddipadu,Others(p1.Specific), Tractor Load over Turned,Tractor,Non injury,Fault of driver of motor vehicle/driver of other vehicle/cyclist/pedestrian/passenger,Four lanes or more with central divider,Straight road,,Fine,AP27AA 7338,YES,Non injured ,2
08.06.2012,10:00 PM,1228.8,LHS,Rural,Maddipadu,Others(p1.Specific), Tractor Load over Turned,Tractor,Non injury,Fault of driver of motor vehicle/driver of other vehicle/cyclist/pedestrian/passenger,Four lanes or more with central divider,Straight road,,Fine,AP27AA 7338,YES,Animals affected,0
08.06.2012,11:02 PM,1224.1,LHS,Rural,Medarametla,Rear End Collision, Lorry hit Lorry,Lorry,Grievious injury,Over speed,Three lanes or more without central divider(median),Straight road,Y-Junction,Fine,AP24Y          5721,YES,Fatal,0
08.06.2012,11:02 PM,1224.1,LHS,Rural,Medarametla,Rear End Collision, Lorry hit Lorry,Lorry,Grievious injury,Over speed,Three lanes or more without central divider(median),Straight road,Y-Junction,Fine,AP24Y          5721,YES,Grevious,1
08.06.2012,11:02 PM,1224.1,LHS,Rural,Medarametla,Rear End Collision, Lorry hit Lorry,Lorry,Grievious injury,Over speed,Three lanes or more without central divider(median),Straight road,Y-Junction,Fine,AP24Y          5721,YES,Minor,0
08.06.2012,11:02 PM,1224.1,LHS,Rural,Medarametla,Rear End Collision, Lorry hit Lorry,Lorry,Grievious injury,Over speed,Three lanes or more without central divider(median),Straight road,Y-Junction,Fine,AP24Y          5721,YES,Non injured ,3
08.06.2012,11:02 PM,1224.1,LHS,Rural,Medarametla,Rear End Collision, Lorry hit Lorry,Lorry,Grievious injury,Over speed,Three lanes or more without central divider(median),Straight road,Y-Junction,Fine,AP24Y          5721,YES,Animals affected,0
09.06.2012,4:30 AM,1329.1,LHS,Rural,Kavali,Collision Brush/Side Wipe, Bus hit Median,Bus,Non injury,Fault of driver of motor vehicle/driver of other vehicle/cyclist/pedestrian/passenger,Four lanes or more with central divider,Sharp curve,,Fine,AP30Z     0027,YES,Fatal,0
09.06.2012,4:30 AM,1329.1,LHS,Rural,Kavali,Collision Brush/Side Wipe, Bus hit Median,Bus,Non injury,Fault of driver of motor vehicle/driver of other vehicle/cyclist/pedestrian/passenger,Four lanes or more with central divider,Sharp curve,,Fine,AP30Z     0027,YES,Grevious,0
09.06.2012,4:30 AM,1329.1,LHS,Rural,Kavali,Collision Brush/Side Wipe, Bus hit Median,Bus,Non injury,Fault of driver of motor vehicle/driver of other vehicle/cyclist/pedestrian/passenger,Four lanes or more with central divider,Sharp curve,,Fine,AP30Z     0027,YES,Minor,0
09.06.2012,4:30 AM,1329.1,LHS,Rural,Kavali,Collision Brush/Side Wipe, Bus hit Median,Bus,Non injury,Fault of driver of motor vehicle/driver of other vehicle/cyclist/pedestrian/passenger,Four lanes or more with central divider,Sharp curve,,Fine,AP30Z     0027,YES,Non injured ,29
09.06.2012,4:30 AM,1329.1,LHS,Rural,Kavali,Collision Brush/Side Wipe, Bus hit Median,Bus,Non injury,Fault of driver of motor vehicle/driver of other vehicle/cyclist/pedestrian/passenger,Four lanes or more with central divider,Sharp curve,,Fine,AP30Z     0027,YES,Animals affected,0
10.06.2012,12:20 AM,1344.5,LHS,Rural,Dagadarthi,Collision Brush/Side Wipe,Mini Lorry hit Truck,Lorry,Non injury,Over speed,Four lanes or more with central divider,Straight road,,Fine,AP28X     3406,YES,Fatal,0
10.06.2012,12:20 AM,1344.5,LHS,Rural,Dagadarthi,Collision Brush/Side Wipe,Mini Lorry hit Truck,Lorry,Non injury,Over speed,Four lanes or more with central divider,Straight road,,Fine,AP28X     3406,YES,Grevious,0
10.06.2012,12:20 AM,1344.5,LHS,Rural,Dagadarthi,Collision Brush/Side Wipe,Mini Lorry hit Truck,Lorry,Non injury,Over speed,Four lanes or more with central divider,Straight road,,Fine,AP28X     3406,YES,Minor,0
10.06.2012,12:20 AM,1344.5,LHS,Rural,Dagadarthi,Collision Brush/Side Wipe,Mini Lorry hit Truck,Lorry,Non injury,Over speed,Four lanes or more with central divider,Straight road,,Fine,AP28X     3406,YES,Non injured ,10
10.06.2012,12:20 AM,1344.5,LHS,Rural,Dagadarthi,Collision Brush/Side Wipe,Mini Lorry hit Truck,Lorry,Non injury,Over speed,Four lanes or more with central divider,Straight road,,Fine,AP28X     3406,YES,Animals affected,0
10.06.2012,1:00 AM,1310,LHS,Rural,Kavali,Overturning, Lorry Over turned,Lorry,Non injury,Vehicle out of control,Four lanes or more with central divider,Straight road,,Fine,AP21V     8699,YES,Fatal,0
10.06.2012,1:00 AM,1310,LHS,Rural,Kavali,Overturning, Lorry Over turned,Lorry,Non injury,Vehicle out of control,Four lanes or more with central divider,Straight road,,Fine,AP21V     8699,YES,Grevious,0
10.06.2012,1:00 AM,1310,LHS,Rural,Kavali,Overturning, Lorry Over turned,Lorry,Non injury,Vehicle out of control,Four lanes or more with central divider,Straight road,,Fine,AP21V     8699,YES,Minor,0
10.06.2012,1:00 AM,1310,LHS,Rural,Kavali,Overturning, Lorry Over turned,Lorry,Non injury,Vehicle out of control,Four lanes or more with central divider,Straight road,,Fine,AP21V     8699,YES,Non injured ,2
10.06.2012,1:00 AM,1310,LHS,Rural,Kavali,Overturning, Lorry Over turned,Lorry,Non injury,Vehicle out of control,Four lanes or more with central divider,Straight road,,Fine,AP21V     8699,YES,Animals affected,0
11.06.2012,12:43 PM,1274.4,RHS,Rural,Tangutur,Collision Brush/Side Wipe,Lorry hit Median,Lorry,Non injury,Fault of driver of motor vehicle/driver of other vehicle/cyclist/pedestrian/passenger,Four lanes or more with central divider,Straight road,,Fine,RJ14GA    3284,YES,Fatal,0
11.06.2012,12:43 PM,1274.4,RHS,Rural,Tangutur,Collision Brush/Side Wipe,Lorry hit Median,Lorry,Non injury,Fault of driver of motor vehicle/driver of other vehicle/cyclist/pedestrian/passenger,Four lanes or more with central divider,Straight road,,Fine,RJ14GA    3284,YES,Grevious,0
11.06.2012,12:43 PM,1274.4,RHS,Rural,Tangutur,Collision Brush/Side Wipe,Lorry hit Median,Lorry,Non injury,Fault of driver of motor vehicle/driver of other vehicle/cyclist/pedestrian/passenger,Four lanes or more with central divider,Straight road,,Fine,RJ14GA    3284,YES,Minor,0
11.06.2012,12:43 PM,1274.4,RHS,Rural,Tangutur,Collision Brush/Side Wipe,Lorry hit Median,Lorry,Non injury,Fault of driver of motor vehicle/driver of other vehicle/cyclist/pedestrian/passenger,Four lanes or more with central divider,Straight road,,Fine,RJ14GA    3284,YES,Non injured ,2
11.06.2012,12:43 PM,1274.4,RHS,Rural,Tangutur,Collision Brush/Side Wipe,Lorry hit Median,Lorry,Non injury,Fault of driver of motor vehicle/driver of other vehicle/cyclist/pedestrian/passenger,Four lanes or more with central divider,Straight road,,Fine,RJ14GA    3284,YES,Animals affected,0
11.06.2012,10:45 AM,1343,RHS,Rural,Dagadarthi,Head on collision,Unknown vehicle hit Pedestrian,Unknown,Minor injury,Over speed,Four lanes or more with central divider,Straight road,,Fine,Unknown Vehicle,YES,Fatal,0
11.06.2012,10:45 AM,1343,RHS,Rural,Dagadarthi,Head on collision,Unknown vehicle hit Pedestrian,Unknown,Minor injury,Over speed,Four lanes or more with central divider,Straight road,,Fine,Unknown Vehicle,YES,Grevious,0
11.06.2012,10:45 AM,1343,RHS,Rural,Dagadarthi,Head on collision,Unknown vehicle hit Pedestrian,Unknown,Minor injury,Over speed,Four lanes or more with central divider,Straight road,,Fine,Unknown Vehicle,YES,Minor,1
11.06.2012,10:45 AM,1343,RHS,Rural,Dagadarthi,Head on collision,Unknown vehicle hit Pedestrian,Unknown,Minor injury,Over speed,Four lanes or more with central divider,Straight road,,Fine,Unknown Vehicle,YES,Non injured ,0
11.06.2012,10:45 AM,1343,RHS,Rural,Dagadarthi,Head on collision,Unknown vehicle hit Pedestrian,Unknown,Minor injury,Over speed,Four lanes or more with central divider,Straight road,,Fine,Unknown Vehicle,YES,Animals affected,0
12.06.2012,11:50 PM,1263.8,RHS,Rural,Tangutur,Skidding,Bike skidding,Bike,Minor injury,Over speed,Four lanes or more with central divider,Straight road,,Fine,AP27M      7188,YES,Fatal,0
12.06.2012,11:50 PM,1263.8,RHS,Rural,Tangutur,Skidding,Bike skidding,Bike,Minor injury,Over speed,Four lanes or more with central divider,Straight road,,Fine,AP27M      7188,YES,Grevious,0
12.06.2012,11:50 PM,1263.8,RHS,Rural,Tangutur,Skidding,Bike skidding,Bike,Minor injury,Over speed,Four lanes or more with central divider,Straight road,,Fine,AP27M      7188,YES,Minor,1
12.06.2012,11:50 PM,1263.8,RHS,Rural,Tangutur,Skidding,Bike skidding,Bike,Minor injury,Over speed,Four lanes or more with central divider,Straight road,,Fine,AP27M      7188,YES,Non injured ,0
12.06.2012,11:50 PM,1263.8,RHS,Rural,Tangutur,Skidding,Bike skidding,Bike,Minor injury,Over speed,Four lanes or more with central divider,Straight road,,Fine,AP27M      7188,YES,Animals affected,0
13.06.2012,4:00 AM,1351.6,RHS,Rural,Kodavaluru,Rear End Collision,Eicher hit Culvart,Eicher,Non injury,Over speed,Four lanes or more with central divider,Straight road,,Fine,MP09GF  1225,YES,Fatal,0
13.06.2012,4:00 AM,1351.6,RHS,Rural,Kodavaluru,Rear End Collision,Eicher hit Culvart,Eicher,Non injury,Over speed,Four lanes or more with central divider,Straight road,,Fine,MP09GF  1225,YES,Grevious,0
13.06.2012,4:00 AM,1351.6,RHS,Rural,Kodavaluru,Rear End Collision,Eicher hit Culvart,Eicher,Non injury,Over speed,Four lanes or more with central divider,Straight road,,Fine,MP09GF  1225,YES,Minor,0
13.06.2012,4:00 AM,1351.6,RHS,Rural,Kodavaluru,Rear End Collision,Eicher hit Culvart,Eicher,Non injury,Over speed,Four lanes or more with central divider,Straight road,,Fine,MP09GF  1225,YES,Non injured ,2
13.06.2012,4:00 AM,1351.6,RHS,Rural,Kodavaluru,Rear End Collision,Eicher hit Culvart,Eicher,Non injury,Over speed,Four lanes or more with central divider,Straight road,,Fine,MP09GF  1225,YES,Animals affected,0
13.06.2012,9:40 AM,1266.1,LHS,Rural,Tangutur,Collision Brush/Side Wipe,Truck hit Bike,Truck,Fatal,Over speed,Four lanes or more with central divider,Straight road,T-Junction,Fine,AP24Y     3348,YES,Fatal,1
13.06.2012,9:40 AM,1266.1,LHS,Rural,Tangutur,Collision Brush/Side Wipe,Truck hit Bike,Truck,Fatal,Over speed,Four lanes or more with central divider,Straight road,T-Junction,Fine,AP24Y     3348,YES,Grevious,0
13.06.2012,9:40 AM,1266.1,LHS,Rural,Tangutur,Collision Brush/Side Wipe,Truck hit Bike,Truck,Fatal,Over speed,Four lanes or more with central divider,Straight road,T-Junction,Fine,AP24Y     3348,YES,Minor,0
13.06.2012,9:40 AM,1266.1,LHS,Rural,Tangutur,Collision Brush/Side Wipe,Truck hit Bike,Truck,Fatal,Over speed,Four lanes or more with central divider,Straight road,T-Junction,Fine,AP24Y     3348,YES,Non injured ,4
13.06.2012,9:40 AM,1266.1,LHS,Rural,Tangutur,Collision Brush/Side Wipe,Truck hit Bike,Truck,Fatal,Over speed,Four lanes or more with central divider,Straight road,T-Junction,Fine,AP24Y     3348,YES,Animals affected,0
13.06.2012,5:56 PM,1338.1,RHS,Rural,Dagadarthi,Collision Brush/Side Wipe, Car hit Pedistrain,Car,Grievious injury,Over speed,Four lanes or more with central divider,Straight road,T-Junction,Fine,TN01AA 4557,YES,Fatal,0
13.06.2012,5:56 PM,1338.1,RHS,Rural,Dagadarthi,Collision Brush/Side Wipe, Car hit Pedistrain,Car,Grievious injury,Over speed,Four lanes or more with central divider,Straight road,T-Junction,Fine,TN01AA 4557,YES,Grevious,1
13.06.2012,5:56 PM,1338.1,RHS,Rural,Dagadarthi,Collision Brush/Side Wipe, Car hit Pedistrain,Car,Grievious injury,Over speed,Four lanes or more with central divider,Straight road,T-Junction,Fine,TN01AA 4557,YES,Minor,0
13.06.2012,5:56 PM,1338.1,RHS,Rural,Dagadarthi,Collision Brush/Side Wipe, Car hit Pedistrain,Car,Grievious injury,Over speed,Four lanes or more with central divider,Straight road,T-Junction,Fine,TN01AA 4557,YES,Non injured ,4
13.06.2012,5:56 PM,1338.1,RHS,Rural,Dagadarthi,Collision Brush/Side Wipe, Car hit Pedistrain,Car,Grievious injury,Over speed,Four lanes or more with central divider,Straight road,T-Junction,Fine,TN01AA 4557,YES,Animals affected,0
14.06.2012,1:10 AM,1341.3,LHS,Rural,Dagadarthi,Overturning,Lorry     Overturned,Lorry,Minor injury,Fault of driver of motor vehicle/driver of other vehicle/cyclist/pedestrian/passenger,Four lanes or more with central divider,Straight road,,Fine,AP16BY  7747,YES,Fatal,0