Operational date,Time of Accident,KM && M,Position,Rural/Urban,Location,Nature of Accident Position,Nature of Accident,Vehicle Involved,Type of Accident,Causes,Road Feature,Road condition,Intersection Type And Control,Weather Condition,Vehicle Responsible,Help Provided by Ambulance/Patroling Vehicle,Classification of Accident,No of Affected Persons
14.06.2012,1:10 AM,1341.3,LHS,Rural,Dagadarthi,Overturning,Lorry     Overturned,Lorry,Minor injury,Fault of driver of motor vehicle/driver of other vehicle/cyclist/pedestrian/passenger,Four lanes or more with central divider,Straight road,,Fine,AP16BY  7747,YES,Grevious,0
14.06.2012,1:10 AM,1341.3,LHS,Rural,Dagadarthi,Overturning,Lorry     Overturned,Lorry,Minor injury,Fault of driver of motor vehicle/driver of other vehicle/cyclist/pedestrian/passenger,Four lanes or more with central divider,Straight road,,Fine,AP16BY  7747,YES,Minor,1
14.06.2012,1:10 AM,1341.3,LHS,Rural,Dagadarthi,Overturning,Lorry     Overturned,Lorry,Minor injury,Fault of driver of motor vehicle/driver of other vehicle/cyclist/pedestrian/passenger,Four lanes or more with central divider,Straight road,,Fine,AP16BY  7747,YES,Non injured ,1
14.06.2012,1:10 AM,1341.3,LHS,Rural,Dagadarthi,Overturning,Lorry     Overturned,Lorry,Minor injury,Fault of driver of motor vehicle/driver of other vehicle/cyclist/pedestrian/passenger,Four lanes or more with central divider,Straight road,,Fine,AP16BY  7747,YES,Animals affected,0
14.06.2012,11:20 AM,1264.7,RHS,Rural,Tangutur,Rear End Collision,Lorry hit Lorry,Lorry,Grievious injury,Over speed,Four lanes or more with central divider,Straight road,,Fine,AP16T     3132,YES,Fatal,0
14.06.2012,11:20 AM,1264.7,RHS,Rural,Tangutur,Rear End Collision,Lorry hit Lorry,Lorry,Grievious injury,Over speed,Four lanes or more with central divider,Straight road,,Fine,AP16T     3132,YES,Grevious,1
14.06.2012,11:20 AM,1264.7,RHS,Rural,Tangutur,Rear End Collision,Lorry hit Lorry,Lorry,Grievious injury,Over speed,Four lanes or more with central divider,Straight road,,Fine,AP16T     3132,YES,Minor,1
14.06.2012,11:20 AM,1264.7,RHS,Rural,Tangutur,Rear End Collision,Lorry hit Lorry,Lorry,Grievious injury,Over speed,Four lanes or more with central divider,Straight road,,Fine,AP16T     3132,YES,Non injured ,6
14.06.2012,11:20 AM,1264.7,RHS,Rural,Tangutur,Rear End Collision,Lorry hit Lorry,Lorry,Grievious injury,Over speed,Four lanes or more with central divider,Straight road,,Fine,AP16T     3132,YES,Animals affected,0
14.06.2012,5:10 PM,1328.1,LHS,Rural,Kavali,Skidding,Bike skidding,Bike,Minor injury,Over speed,Four lanes or more with central divider,Straight road,,Fine,AP26J       0788,YES,Fatal,0
14.06.2012,5:10 PM,1328.1,LHS,Rural,Kavali,Skidding,Bike skidding,Bike,Minor injury,Over speed,Four lanes or more with central divider,Straight road,,Fine,AP26J       0788,YES,Grevious,0
14.06.2012,5:10 PM,1328.1,LHS,Rural,Kavali,Skidding,Bike skidding,Bike,Minor injury,Over speed,Four lanes or more with central divider,Straight road,,Fine,AP26J       0788,YES,Minor,1
14.06.2012,5:10 PM,1328.1,LHS,Rural,Kavali,Skidding,Bike skidding,Bike,Minor injury,Over speed,Four lanes or more with central divider,Straight road,,Fine,AP26J       0788,YES,Non injured ,0
14.06.2012,5:10 PM,1328.1,LHS,Rural,Kavali,Skidding,Bike skidding,Bike,Minor injury,Over speed,Four lanes or more with central divider,Straight road,,Fine,AP26J       0788,YES,Animals affected,0
14.06.2012,5:25 PM,1312.6,RHS,Rural,Kavali,Rear End Collision,Bike hit    Rtc Bus,Bike,Grievious injury,Over speed,Four lanes or more with central divider,Straight road,,Fine,AP26T/R   6628,YES,Fatal,0
14.06.2012,5:25 PM,1312.6,RHS,Rural,Kavali,Rear End Collision,Bike hit    Rtc Bus,Bike,Grievious injury,Over speed,Four lanes or more with central divider,Straight road,,Fine,AP26T/R   6628,YES,Grevious,1
14.06.2012,5:25 PM,1312.6,RHS,Rural,Kavali,Rear End Collision,Bike hit    Rtc Bus,Bike,Grievious injury,Over speed,Four lanes or more with central divider,Straight road,,Fine,AP26T/R   6628,YES,Minor,2
14.06.2012,5:25 PM,1312.6,RHS,Rural,Kavali,Rear End Collision,Bike hit    Rtc Bus,Bike,Grievious injury,Over speed,Four lanes or more with central divider,Straight road,,Fine,AP26T/R   6628,YES,Non injured ,2
14.06.2012,5:25 PM,1312.6,RHS,Rural,Kavali,Rear End Collision,Bike hit    Rtc Bus,Bike,Grievious injury,Over speed,Four lanes or more with central divider,Straight road,,Fine,AP26T/R   6628,YES,Animals affected,0
14.06.2012,8:10 PM,1295.5,RHS,Rural,Ulavapadu,Rear End Collision,Bike hit    Bike,Bike,Grievious injury,Over speed,Four lanes or more with central divider,Straight road,T-Junction,Fine,AP26C     6896,YES,Fatal,0
14.06.2012,8:10 PM,1295.5,RHS,Rural,Ulavapadu,Rear End Collision,Bike hit    Bike,Bike,Grievious injury,Over speed,Four lanes or more with central divider,Straight road,T-Junction,Fine,AP26C     6896,YES,Grevious,3
14.06.2012,8:10 PM,1295.5,RHS,Rural,Ulavapadu,Rear End Collision,Bike hit    Bike,Bike,Grievious injury,Over speed,Four lanes or more with central divider,Straight road,T-Junction,Fine,AP26C     6896,YES,Minor,1
14.06.2012,8:10 PM,1295.5,RHS,Rural,Ulavapadu,Rear End Collision,Bike hit    Bike,Bike,Grievious injury,Over speed,Four lanes or more with central divider,Straight road,T-Junction,Fine,AP26C     6896,YES,Non injured ,0
14.06.2012,8:10 PM,1295.5,RHS,Rural,Ulavapadu,Rear End Collision,Bike hit    Bike,Bike,Grievious injury,Over speed,Four lanes or more with central divider,Straight road,T-Junction,Fine,AP26C     6896,YES,Animals affected,0
14.06.2012,8:45 PM,1219.1,RHS,Rural,Medarametla,Skidding,Bike skidding,Bike,Grievious injury,Over speed,Four lanes or more with central divider,Straight road,,Fine,AP27AA    3874,YES,Fatal,0
14.06.2012,8:45 PM,1219.1,RHS,Rural,Medarametla,Skidding,Bike skidding,Bike,Grievious injury,Over speed,Four lanes or more with central divider,Straight road,,Fine,AP27AA    3874,YES,Grevious,1
14.06.2012,8:45 PM,1219.1,RHS,Rural,Medarametla,Skidding,Bike skidding,Bike,Grievious injury,Over speed,Four lanes or more with central divider,Straight road,,Fine,AP27AA    3874,YES,Minor,1
14.06.2012,8:45 PM,1219.1,RHS,Rural,Medarametla,Skidding,Bike skidding,Bike,Grievious injury,Over speed,Four lanes or more with central divider,Straight road,,Fine,AP27AA    3874,YES,Non injured ,0
14.06.2012,8:45 PM,1219.1,RHS,Rural,Medarametla,Skidding,Bike skidding,Bike,Grievious injury,Over speed,Four lanes or more with central divider,Straight road,,Fine,AP27AA    3874,YES,Animals affected,0
14.06.2012,11:45 PM,1263.8,RHS,Rural,Tangutur,Rear End Collision,Lorry hit  Tractor,Lorry,Non injury,Over speed,Four lanes or more with central divider,Straight road,,Fine,KA01B    8589,YES,Fatal,0
14.06.2012,11:45 PM,1263.8,RHS,Rural,Tangutur,Rear End Collision,Lorry hit  Tractor,Lorry,Non injury,Over speed,Four lanes or more with central divider,Straight road,,Fine,KA01B    8589,YES,Grevious,0
14.06.2012,11:45 PM,1263.8,RHS,Rural,Tangutur,Rear End Collision,Lorry hit  Tractor,Lorry,Non injury,Over speed,Four lanes or more with central divider,Straight road,,Fine,KA01B    8589,YES,Minor,0
14.06.2012,11:45 PM,1263.8,RHS,Rural,Tangutur,Rear End Collision,Lorry hit  Tractor,Lorry,Non injury,Over speed,Four lanes or more with central divider,Straight road,,Fine,KA01B    8589,YES,Non injured ,30
14.06.2012,11:45 PM,1263.8,RHS,Rural,Tangutur,Rear End Collision,Lorry hit  Tractor,Lorry,Non injury,Over speed,Four lanes or more with central divider,Straight road,,Fine,KA01B    8589,YES,Animals affected,0
15.06.2012,2:00 AM,1265.1,RHS,Rural,Tangutur,Rear End Collision,Bus hit Safety wall,Bus,Non injury,Fault of driver of motor vehicle/driver of other vehicle/cyclist/pedestrian/passenger,Four lanes or more with central divider,Slight curve,,Fine,AP26X    4355,YES,Fatal,0
15.06.2012,2:00 AM,1265.1,RHS,Rural,Tangutur,Rear End Collision,Bus hit Safety wall,Bus,Non injury,Fault of driver of motor vehicle/driver of other vehicle/cyclist/pedestrian/passenger,Four lanes or more with central divider,Slight curve,,Fine,AP26X    4355,YES,Grevious,0
15.06.2012,2:00 AM,1265.1,RHS,Rural,Tangutur,Rear End Collision,Bus hit Safety wall,Bus,Non injury,Fault of driver of motor vehicle/driver of other vehicle/cyclist/pedestrian/passenger,Four lanes or more with central divider,Slight curve,,Fine,AP26X    4355,YES,Minor,0
15.06.2012,2:00 AM,1265.1,RHS,Rural,Tangutur,Rear End Collision,Bus hit Safety wall,Bus,Non injury,Fault of driver of motor vehicle/driver of other vehicle/cyclist/pedestrian/passenger,Four lanes or more with central divider,Slight curve,,Fine,AP26X    4355,YES,Non injured ,50
15.06.2012,2:00 AM,1265.1,RHS,Rural,Tangutur,Rear End Collision,Bus hit Safety wall,Bus,Non injury,Fault of driver of motor vehicle/driver of other vehicle/cyclist/pedestrian/passenger,Four lanes or more with central divider,Slight curve,,Fine,AP26X    4355,YES,Animals affected,0
15.06.2012,10:30 PM,1319,LHS,Rural,Kavali,Collision Brush/Side Wipe,Mini Lorry hit Unknown vehicle,Lorry,Fatal,Over speed,Four lanes or more with central divider,Straight road,,Fine,AP22X   4789,YES,Fatal,1
15.06.2012,10:30 PM,1319,LHS,Rural,Kavali,Collision Brush/Side Wipe,Mini Lorry hit Unknown vehicle,Lorry,Fatal,Over speed,Four lanes or more with central divider,Straight road,,Fine,AP22X   4789,YES,Grevious,0
15.06.2012,10:30 PM,1319,LHS,Rural,Kavali,Collision Brush/Side Wipe,Mini Lorry hit Unknown vehicle,Lorry,Fatal,Over speed,Four lanes or more with central divider,Straight road,,Fine,AP22X   4789,YES,Minor,0
15.06.2012,10:30 PM,1319,LHS,Rural,Kavali,Collision Brush/Side Wipe,Mini Lorry hit Unknown vehicle,Lorry,Fatal,Over speed,Four lanes or more with central divider,Straight road,,Fine,AP22X   4789,YES,Non injured ,2
15.06.2012,10:30 PM,1319,LHS,Rural,Kavali,Collision Brush/Side Wipe,Mini Lorry hit Unknown vehicle,Lorry,Fatal,Over speed,Four lanes or more with central divider,Straight road,,Fine,AP22X   4789,YES,Animals affected,0
16.06.2012,8:30 AM,1363,LHS,Rural,Kodavaluru,Rear End Collision,Indica car hit Culvert Wall,Car,Fatal,Over speed,Four lanes or more with central divider,Straight road,T-Junction,Fine,AP24AB     0652,YES,Fatal,3
16.06.2012,8:30 AM,1363,LHS,Rural,Kodavaluru,Rear End Collision,Indica car hit Culvert Wall,Car,Fatal,Over speed,Four lanes or more with central divider,Straight road,T-Junction,Fine,AP24AB     0652,YES,Grevious,2
16.06.2012,8:30 AM,1363,LHS,Rural,Kodavaluru,Rear End Collision,Indica car hit Culvert Wall,Car,Fatal,Over speed,Four lanes or more with central divider,Straight road,T-Junction,Fine,AP24AB     0652,YES,Minor,3
16.06.2012,8:30 AM,1363,LHS,Rural,Kodavaluru,Rear End Collision,Indica car hit Culvert Wall,Car,Fatal,Over speed,Four lanes or more with central divider,Straight road,T-Junction,Fine,AP24AB     0652,YES,Non injured ,0
16.06.2012,8:30 AM,1363,LHS,Rural,Kodavaluru,Rear End Collision,Indica car hit Culvert Wall,Car,Fatal,Over speed,Four lanes or more with central divider,Straight road,T-Junction,Fine,AP24AB     0652,YES,Animals affected,0
16.06.2012,9:35 AM,1227.2,RHS,Rural,Maddipadu,Skidding,Bike skidding,Bike,Minor injury,Over speed,Four lanes or more with central divider,Straight road,,Fine,AP16AG   7183,YES,Fatal,0
16.06.2012,9:35 AM,1227.2,RHS,Rural,Maddipadu,Skidding,Bike skidding,Bike,Minor injury,Over speed,Four lanes or more with central divider,Straight road,,Fine,AP16AG   7183,YES,Grevious,0
16.06.2012,9:35 AM,1227.2,RHS,Rural,Maddipadu,Skidding,Bike skidding,Bike,Minor injury,Over speed,Four lanes or more with central divider,Straight road,,Fine,AP16AG   7183,YES,Minor,3
16.06.2012,9:35 AM,1227.2,RHS,Rural,Maddipadu,Skidding,Bike skidding,Bike,Minor injury,Over speed,Four lanes or more with central divider,Straight road,,Fine,AP16AG   7183,YES,Non injured ,0
16.06.2012,9:35 AM,1227.2,RHS,Rural,Maddipadu,Skidding,Bike skidding,Bike,Minor injury,Over speed,Four lanes or more with central divider,Straight road,,Fine,AP16AG   7183,YES,Animals affected,0
16.06.2012,10:00 AM,1224,RHS,Rural,Maddipadu,Rear End Collision,Car hit Car,Car,Non injury,Over speed,Four lanes or more with central divider,Straight road,T-Junction,Fine,AP16AH  6599,YES,Fatal,0
16.06.2012,10:00 AM,1224,RHS,Rural,Maddipadu,Rear End Collision,Car hit Car,Car,Non injury,Over speed,Four lanes or more with central divider,Straight road,T-Junction,Fine,AP16AH  6599,YES,Grevious,0
16.06.2012,10:00 AM,1224,RHS,Rural,Maddipadu,Rear End Collision,Car hit Car,Car,Non injury,Over speed,Four lanes or more with central divider,Straight road,T-Junction,Fine,AP16AH  6599,YES,Minor,0
16.06.2012,10:00 AM,1224,RHS,Rural,Maddipadu,Rear End Collision,Car hit Car,Car,Non injury,Over speed,Four lanes or more with central divider,Straight road,T-Junction,Fine,AP16AH  6599,YES,Non injured ,4
16.06.2012,10:00 AM,1224,RHS,Rural,Maddipadu,Rear End Collision,Car hit Car,Car,Non injury,Over speed,Four lanes or more with central divider,Straight road,T-Junction,Fine,AP16AH  6599,YES,Animals affected,0
16.06.2012,11:30 AM,1294.9,LHS,Rural,Ulavapadu,Others(p1.Specific),Lorry Fired ,Lorry,Non injury,Fault of driver of motor vehicle/driver of other vehicle/cyclist/pedestrian/passenger,Four lanes or more with central divider,Straight road,,Fine,AP31TW 9540,YES,Fatal,0
16.06.2012,11:30 AM,1294.9,LHS,Rural,Ulavapadu,Others(p1.Specific),Lorry Fired ,Lorry,Non injury,Fault of driver of motor vehicle/driver of other vehicle/cyclist/pedestrian/passenger,Four lanes or more with central divider,Straight road,,Fine,AP31TW 9540,YES,Grevious,0
16.06.2012,11:30 AM,1294.9,LHS,Rural,Ulavapadu,Others(p1.Specific),Lorry Fired ,Lorry,Non injury,Fault of driver of motor vehicle/driver of other vehicle/cyclist/pedestrian/passenger,Four lanes or more with central divider,Straight road,,Fine,AP31TW 9540,YES,Minor,0
16.06.2012,11:30 AM,1294.9,LHS,Rural,Ulavapadu,Others(p1.Specific),Lorry Fired ,Lorry,Non injury,Fault of driver of motor vehicle/driver of other vehicle/cyclist/pedestrian/passenger,Four lanes or more with central divider,Straight road,,Fine,AP31TW 9540,YES,Non injured ,2
16.06.2012,11:30 AM,1294.9,LHS,Rural,Ulavapadu,Others(p1.Specific),Lorry Fired ,Lorry,Non injury,Fault of driver of motor vehicle/driver of other vehicle/cyclist/pedestrian/passenger,Four lanes or more with central divider,Straight road,,Fine,AP31TW 9540,YES,Animals affected,0
16.06.2012,9:15 PM,1270.6,RHS,Rural,Jarugumalli,Rear End Collision,Lorry hit  UnknownVehicle,Lorry,Minor injury,Over speed,Four lanes or more with central divider,Straight road,,Fine,TN37W    9363,YES,Fatal,0
16.06.2012,9:15 PM,1270.6,RHS,Rural,Jarugumalli,Rear End Collision,Lorry hit  UnknownVehicle,Lorry,Minor injury,Over speed,Four lanes or more with central divider,Straight road,,Fine,TN37W    9363,YES,Grevious,0
16.06.2012,9:15 PM,1270.6,RHS,Rural,Jarugumalli,Rear End Collision,Lorry hit  UnknownVehicle,Lorry,Minor injury,Over speed,Four lanes or more with central divider,Straight road,,Fine,TN37W    9363,YES,Minor,1
16.06.2012,9:15 PM,1270.6,RHS,Rural,Jarugumalli,Rear End Collision,Lorry hit  UnknownVehicle,Lorry,Minor injury,Over speed,Four lanes or more with central divider,Straight road,,Fine,TN37W    9363,YES,Non injured ,1
16.06.2012,9:15 PM,1270.6,RHS,Rural,Jarugumalli,Rear End Collision,Lorry hit  UnknownVehicle,Lorry,Minor injury,Over speed,Four lanes or more with central divider,Straight road,,Fine,TN37W    9363,YES,Animals affected,0
17.06.2012,12:10 AM,1315.5,LHS,Rural,Kavali,Rear End Collision,Lorry hit   Tipper,Lorry,Minor injury,Over speed,Four lanes or more with central divider,Straight road,,Fine,AP 24U     7588,YES,Fatal,0
17.06.2012,12:10 AM,1315.5,LHS,Rural,Kavali,Rear End Collision,Lorry hit   Tipper,Lorry,Minor injury,Over speed,Four lanes or more with central divider,Straight road,,Fine,AP 24U     7588,YES,Grevious,0
17.06.2012,12:10 AM,1315.5,LHS,Rural,Kavali,Rear End Collision,Lorry hit   Tipper,Lorry,Minor injury,Over speed,Four lanes or more with central divider,Straight road,,Fine,AP 24U     7588,YES,Minor,1
17.06.2012,12:10 AM,1315.5,LHS,Rural,Kavali,Rear End Collision,Lorry hit   Tipper,Lorry,Minor injury,Over speed,Four lanes or more with central divider,Straight road,,Fine,AP 24U     7588,YES,Non injured ,3
17.06.2012,12:10 AM,1315.5,LHS,Rural,Kavali,Rear End Collision,Lorry hit   Tipper,Lorry,Minor injury,Over speed,Four lanes or more with central divider,Straight road,,Fine,AP 24U     7588,YES,Animals affected,0
17.06.2012,6:45 PM,1205,LHS,Rural,Reningavaram,Collision Brush/Side Wipe,Tipper  hit           Car,Lorry,Non injury,Over speed,Three lanes or more without central divider(median),Straight road,Y-Junction,Fine,AP27TT  4665,YES,Fatal,0
17.06.2012,6:45 PM,1205,LHS,Rural,Reningavaram,Collision Brush/Side Wipe,Tipper  hit           Car,Lorry,Non injury,Over speed,Three lanes or more without central divider(median),Straight road,Y-Junction,Fine,AP27TT  4665,YES,Grevious,0
17.06.2012,6:45 PM,1205,LHS,Rural,Reningavaram,Collision Brush/Side Wipe,Tipper  hit           Car,Lorry,Non injury,Over speed,Three lanes or more without central divider(median),Straight road,Y-Junction,Fine,AP27TT  4665,YES,Minor,0
17.06.2012,6:45 PM,1205,LHS,Rural,Reningavaram,Collision Brush/Side Wipe,Tipper  hit           Car,Lorry,Non injury,Over speed,Three lanes or more without central divider(median),Straight road,Y-Junction,Fine,AP27TT  4665,YES,Non injured ,6
17.06.2012,6:45 PM,1205,LHS,Rural,Reningavaram,Collision Brush/Side Wipe,Tipper  hit           Car,Lorry,Non injury,Over speed,Three lanes or more without central divider(median),Straight road,Y-Junction,Fine,AP27TT  4665,YES,Animals affected,0
18.06.2012,2:30 AM,1361.6,RHS,Rural,Kodavaluru,Overturning,Private Bus Over turned,Bus,Grievious injury,Vehicle out of control,Four lanes or more with central divider,Straight road,,Fine,AP07AG    3355,YES,Fatal,0
18.06.2012,2:30 AM,1361.6,RHS,Rural,Kodavaluru,Overturning,Private Bus Over turned,Bus,Grievious injury,Vehicle out of control,Four lanes or more with central divider,Straight road,,Fine,AP07AG    3355,YES,Grevious,5
18.06.2012,2:30 AM,1361.6,RHS,Rural,Kodavaluru,Overturning,Private Bus Over turned,Bus,Grievious injury,Vehicle out of control,Four lanes or more with central divider,Straight road,,Fine,AP07AG    3355,YES,Minor,15
18.06.2012,2:30 AM,1361.6,RHS,Rural,Kodavaluru,Overturning,Private Bus Over turned,Bus,Grievious injury,Vehicle out of control,Four lanes or more with central divider,Straight road,,Fine,AP07AG    3355,YES,Non injured ,5
18.06.2012,2:30 AM,1361.6,RHS,Rural,Kodavaluru,Overturning,Private Bus Over turned,Bus,Grievious injury,Vehicle out of control,Four lanes or more with central divider,Straight road,,Fine,AP07AG    3355,YES,Animals affected,0
18.06.2012,8:40 AM,1263.8,LHS,Rural,Tangutur,Collision Brush/Side Wipe,Continer hit Toll plaza Person,Container,Minor injury,Over speed,Four lanes or more with central divider,Straight road,,Fine,HR38Q    3080,YES,Fatal,0
18.06.2012,8:40 AM,1263.8,LHS,Rural,Tangutur,Collision Brush/Side Wipe,Continer hit Toll plaza Person,Container,Minor injury,Over speed,Four lanes or more with central divider,Straight road,,Fine,HR38Q    3080,YES,Grevious,0
18.06.2012,8:40 AM,1263.8,LHS,Rural,Tangutur,Collision Brush/Side Wipe,Continer hit Toll plaza Person,Container,Minor injury,Over speed,Four lanes or more with central divider,Straight road,,Fine,HR38Q    3080,YES,Minor,1
18.06.2012,8:40 AM,1263.8,LHS,Rural,Tangutur,Collision Brush/Side Wipe,Continer hit Toll plaza Person,Container,Minor injury,Over speed,Four lanes or more with central divider,Straight road,,Fine,HR38Q    3080,YES,Non injured ,2
18.06.2012,8:40 AM,1263.8,LHS,Rural,Tangutur,Collision Brush/Side Wipe,Continer hit Toll plaza Person,Container,Minor injury,Over speed,Four lanes or more with central divider,Straight road,,Fine,HR38Q    3080,YES,Animals affected,0
18.06.2012,5:40 PM,1308.2,LHS,Rural,Kavali,Rear End Collision,Lorry hit Car,Lorry,Non injury,Over speed,Four lanes or more with central divider,Straight road,,Fine,KA01B    4422,YES,Fatal,0
18.06.2012,5:40 PM,1308.2,LHS,Rural,Kavali,Rear End Collision,Lorry hit Car,Lorry,Non injury,Over speed,Four lanes or more with central divider,Straight road,,Fine,KA01B    4422,YES,Grevious,0
18.06.2012,5:40 PM,1308.2,LHS,Rural,Kavali,Rear End Collision,Lorry hit Car,Lorry,Non injury,Over speed,Four lanes or more with central divider,Straight road,,Fine,KA01B    4422,YES,Minor,0
18.06.2012,5:40 PM,1308.2,LHS,Rural,Kavali,Rear End Collision,Lorry hit Car,Lorry,Non injury,Over speed,Four lanes or more with central divider,Straight road,,Fine,KA01B    4422,YES,Non injured ,4
18.06.2012,5:40 PM,1308.2,LHS,Rural,Kavali,Rear End Collision,Lorry hit Car,Lorry,Non injury,Over speed,Four lanes or more with central divider,Straight road,,Fine,KA01B    4422,YES,Animals affected,0
19.06.2012,12:55 AM,1344.4,LHS,Rural,Dagadarthi,Rear End Collision,Lorry  hit        Unknown  Vehicle,Lorry,Non injury,Over speed,Four lanes or more with central divider,Straight road,,Fine,AP7TU     0349,YES,Fatal,0
19.06.2012,12:55 AM,1344.4,LHS,Rural,Dagadarthi,Rear End Collision,Lorry  hit        Unknown  Vehicle,Lorry,Non injury,Over speed,Four lanes or more with central divider,Straight road,,Fine,AP7TU     0349,YES,Grevious,0
19.06.2012,12:55 AM,1344.4,LHS,Rural,Dagadarthi,Rear End Collision,Lorry  hit        Unknown  Vehicle,Lorry,Non injury,Over speed,Four lanes or more with central divider,Straight road,,Fine,AP7TU     0349,YES,Minor,0
19.06.2012,12:55 AM,1344.4,LHS,Rural,Dagadarthi,Rear End Collision,Lorry  hit        Unknown  Vehicle,Lorry,Non injury,Over speed,Four lanes or more with central divider,Straight road,,Fine,AP7TU     0349,YES,Non injured ,2
19.06.2012,12:55 AM,1344.4,LHS,Rural,Dagadarthi,Rear End Collision,Lorry  hit        Unknown  Vehicle,Lorry,Non injury,Over speed,Four lanes or more with central divider,Straight road,,Fine,AP7TU     0349,YES,Animals affected,0
19.06.2012,11:10 PM,1361.5,RHS,Rural,Kodavaluru,Rear End Collision,Lorry hit  Lorry,Lorry,Non injury,Over speed,Four lanes or more with central divider,Slight curve,,Fine,AP24TA     2649,YES,Fatal,0
19.06.2012,11:10 PM,1361.5,RHS,Rural,Kodavaluru,Rear End Collision,Lorry hit  Lorry,Lorry,Non injury,Over speed,Four lanes or more with central divider,Slight curve,,Fine,AP24TA     2649,YES,Grevious,0
19.06.2012,11:10 PM,1361.5,RHS,Rural,Kodavaluru,Rear End Collision,Lorry hit  Lorry,Lorry,Non injury,Over speed,Four lanes or more with central divider,Slight curve,,Fine,AP24TA     2649,YES,Minor,0
19.06.2012,11:10 PM,1361.5,RHS,Rural,Kodavaluru,Rear End Collision,Lorry hit  Lorry,Lorry,Non injury,Over speed,Four lanes or more with central divider,Slight curve,,Fine,AP24TA     2649,YES,Non injured ,4
19.06.2012,11:10 PM,1361.5,RHS,Rural,Kodavaluru,Rear End Collision,Lorry hit  Lorry,Lorry,Non injury,Over speed,Four lanes or more with central divider,Slight curve,,Fine,AP24TA     2649,YES,Animals affected,0
20.06.2012,1:30 AM,1345.6,RHS,Rural,Dagadarthi,Rear End Collision,Lorry hit  Tanker,Lorry,Grievious injury,Over speed,Four lanes or more with central divider,Straight road,,Fine,AP16TW    6378,YES,Fatal,0
20.06.2012,1:30 AM,1345.6,RHS,Rural,Dagadarthi,Rear End Collision,Lorry hit  Tanker,Lorry,Grievious injury,Over speed,Four lanes or more with central divider,Straight road,,Fine,AP16TW    6378,YES,Grevious,1
20.06.2012,1:30 AM,1345.6,RHS,Rural,Dagadarthi,Rear End Collision,Lorry hit  Tanker,Lorry,Grievious injury,Over speed,Four lanes or more with central divider,Straight road,,Fine,AP16TW    6378,YES,Minor,2
20.06.2012,1:30 AM,1345.6,RHS,Rural,Dagadarthi,Rear End Collision,Lorry hit  Tanker,Lorry,Grievious injury,Over speed,Four lanes or more with central divider,Straight road,,Fine,AP16TW    6378,YES,Non injured ,1
20.06.2012,1:30 AM,1345.6,RHS,Rural,Dagadarthi,Rear End Collision,Lorry hit  Tanker,Lorry,Grievious injury,Over speed,Four lanes or more with central divider,Straight road,,Fine,AP16TW    6378,YES,Animals affected,0
20.06.2012,3:42 AM,1191.2,RHS,Rural,Martur,Rear End Collision,RTC Bus hit Lorry,Bus,Fatal,Over speed,Four lanes or more with central divider,Straight road,,Fine,AP04Z      0085,YES,Fatal,1
20.06.2012,3:42 AM,1191.2,RHS,Rural,Martur,Rear End Collision,RTC Bus hit Lorry,Bus,Fatal,Over speed,Four lanes or more with central divider,Straight road,,Fine,AP04Z      0085,YES,Grevious,3
20.06.2012,3:42 AM,1191.2,RHS,Rural,Martur,Rear End Collision,RTC Bus hit Lorry,Bus,Fatal,Over speed,Four lanes or more with central divider,Straight road,,Fine,AP04Z      0085,YES,Minor,4
20.06.2012,3:42 AM,1191.2,RHS,Rural,Martur,Rear End Collision,RTC Bus hit Lorry,Bus,Fatal,Over speed,Four lanes or more with central divider,Straight road,,Fine,AP04Z      0085,YES,Non injured ,20
20.06.2012,3:42 AM,1191.2,RHS,Rural,Martur,Rear End Collision,RTC Bus hit Lorry,Bus,Fatal,Over speed,Four lanes or more with central divider,Straight road,,Fine,AP04Z      0085,YES,Animals affected,0
20.06.2012,4:50 AM,1287.1,LHS,Rural,Ulavapadu,Rear End Collision,Lorry hit Lorry,Lorry,Non injury,Over speed,Four lanes or more with central divider,Slight curve,,Fine,TN25V      7155,YES,Fatal,0
20.06.2012,4:50 AM,1287.1,LHS,Rural,Ulavapadu,Rear End Collision,Lorry hit Lorry,Lorry,Non injury,Over speed,Four lanes or more with central divider,Slight curve,,Fine,TN25V      7155,YES,Grevious,0
20.06.2012,4:50 AM,1287.1,LHS,Rural,Ulavapadu,Rear End Collision,Lorry hit Lorry,Lorry,Non injury,Over speed,Four lanes or more with central divider,Slight curve,,Fine,TN25V      7155,YES,Minor,0
20.06.2012,4:50 AM,1287.1,LHS,Rural,Ulavapadu,Rear End Collision,Lorry hit Lorry,Lorry,Non injury,Over speed,Four lanes or more with central divider,Slight curve,,Fine,TN25V      7155,YES,Non injured ,4
20.06.2012,4:50 AM,1287.1,LHS,Rural,Ulavapadu,Rear End Collision,Lorry hit Lorry,Lorry,Non injury,Over speed,Four lanes or more with central divider,Slight curve,,Fine,TN25V      7155,YES,Animals affected,0
20.06.2012,1:00 PM,1359.6,LHS,Rural,Kodavaluru,Overturning,Auto Ape Over turned,Auto,Minor injury,Over speed,Four lanes or more with central divider,Straight road,,Fine,AP26TT 6575,YES,Fatal,0
20.06.2012,1:00 PM,1359.6,LHS,Rural,Kodavaluru,Overturning,Auto Ape Over turned,Auto,Minor injury,Over speed,Four lanes or more with central divider,Straight road,,Fine,AP26TT 6575,YES,Grevious,0
20.06.2012,1:00 PM,1359.6,LHS,Rural,Kodavaluru,Overturning,Auto Ape Over turned,Auto,Minor injury,Over speed,Four lanes or more with central divider,Straight road,,Fine,AP26TT 6575,YES,Minor,2
20.06.2012,1:00 PM,1359.6,LHS,Rural,Kodavaluru,Overturning,Auto Ape Over turned,Auto,Minor injury,Over speed,Four lanes or more with central divider,Straight road,,Fine,AP26TT 6575,YES,Non injured ,4