Operational date,Time of Accident,KM && M,Position,Rural/Urban,Location,Nature of Accident Position,Nature of Accident,Vehicle Involved,Type of Accident,Causes,Road Feature,Road condition,Intersection Type And Control,Weather Condition,Vehicle Responsible,Help Provided by Ambulance/Patroling Vehicle,Classification of Accident,No of Affected Persons
20.06.2012,1:00 PM,1359.6,LHS,Rural,Kodavaluru,Overturning,Auto Ape Over turned,Auto,Minor injury,Over speed,Four lanes or more with central divider,Straight road,,Fine,AP26TT 6575,YES,Animals affected,0
20.06.2012,4:20 PM,1277.1,LHS,Rural,Singarayakonda,Rear End Collision,Car hit Bus,Car,Non injury,Over speed,Four lanes or more with central divider,Straight road,Four arm junction,Fine,AP03AT 1111,YES,Fatal,0
20.06.2012,4:20 PM,1277.1,LHS,Rural,Singarayakonda,Rear End Collision,Car hit Bus,Car,Non injury,Over speed,Four lanes or more with central divider,Straight road,Four arm junction,Fine,AP03AT 1111,YES,Grevious,0
20.06.2012,4:20 PM,1277.1,LHS,Rural,Singarayakonda,Rear End Collision,Car hit Bus,Car,Non injury,Over speed,Four lanes or more with central divider,Straight road,Four arm junction,Fine,AP03AT 1111,YES,Minor,0
20.06.2012,4:20 PM,1277.1,LHS,Rural,Singarayakonda,Rear End Collision,Car hit Bus,Car,Non injury,Over speed,Four lanes or more with central divider,Straight road,Four arm junction,Fine,AP03AT 1111,YES,Non injured ,3
20.06.2012,4:20 PM,1277.1,LHS,Rural,Singarayakonda,Rear End Collision,Car hit Bus,Car,Non injury,Over speed,Four lanes or more with central divider,Straight road,Four arm junction,Fine,AP03AT 1111,YES,Animals affected,0
20.06.2012,6:25 PM,1337.6,RHS,Rural,K.Tippa ,Collision Brush/Side Wipe,Car hit Side wall,Car,Minor injury,Over speed,Four lanes or more with central divider,Straight road,,Fine,AP27H  8339,YES,Fatal,0
20.06.2012,6:25 PM,1337.6,RHS,Rural,K.Tippa ,Collision Brush/Side Wipe,Car hit Side wall,Car,Minor injury,Over speed,Four lanes or more with central divider,Straight road,,Fine,AP27H  8339,YES,Grevious,0
20.06.2012,6:25 PM,1337.6,RHS,Rural,K.Tippa ,Collision Brush/Side Wipe,Car hit Side wall,Car,Minor injury,Over speed,Four lanes or more with central divider,Straight road,,Fine,AP27H  8339,YES,Minor,1
20.06.2012,6:25 PM,1337.6,RHS,Rural,K.Tippa ,Collision Brush/Side Wipe,Car hit Side wall,Car,Minor injury,Over speed,Four lanes or more with central divider,Straight road,,Fine,AP27H  8339,YES,Non injured ,1
20.06.2012,6:25 PM,1337.6,RHS,Rural,K.Tippa ,Collision Brush/Side Wipe,Car hit Side wall,Car,Minor injury,Over speed,Four lanes or more with central divider,Straight road,,Fine,AP27H  8339,YES,Animals affected,0
21.06.2012,1:00 AM,1194.4,RHS,Rural,Martur,Collision Brush/Side Wipe,Car hit Median,Car,Non injury,Over speed,Four lanes or more with central divider,Straight road,,Fine,AP16BY   9665,YES,Fatal,0
21.06.2012,1:00 AM,1194.4,RHS,Rural,Martur,Collision Brush/Side Wipe,Car hit Median,Car,Non injury,Over speed,Four lanes or more with central divider,Straight road,,Fine,AP16BY   9665,YES,Grevious,0
21.06.2012,1:00 AM,1194.4,RHS,Rural,Martur,Collision Brush/Side Wipe,Car hit Median,Car,Non injury,Over speed,Four lanes or more with central divider,Straight road,,Fine,AP16BY   9665,YES,Minor,0
21.06.2012,1:00 AM,1194.4,RHS,Rural,Martur,Collision Brush/Side Wipe,Car hit Median,Car,Non injury,Over speed,Four lanes or more with central divider,Straight road,,Fine,AP16BY   9665,YES,Non injured ,3
21.06.2012,1:00 AM,1194.4,RHS,Rural,Martur,Collision Brush/Side Wipe,Car hit Median,Car,Non injury,Over speed,Four lanes or more with central divider,Straight road,,Fine,AP16BY   9665,YES,Animals affected,0
21.06.2012,4:40 AM,1366,RHS,Rural,Kovuru,Collision Brush/Side Wipe,unknown Vehicle hit   Pedestrain,unknown,Fatal,Over speed,Four lanes or more with central divider,Straight road,,Fine,Unknown Vehicle,YES,Fatal,1
21.06.2012,4:40 AM,1366,RHS,Rural,Kovuru,Collision Brush/Side Wipe,unknown Vehicle hit   Pedestrain,unknown,Fatal,Over speed,Four lanes or more with central divider,Straight road,,Fine,Unknown Vehicle,YES,Grevious,0
21.06.2012,4:40 AM,1366,RHS,Rural,Kovuru,Collision Brush/Side Wipe,unknown Vehicle hit   Pedestrain,unknown,Fatal,Over speed,Four lanes or more with central divider,Straight road,,Fine,Unknown Vehicle,YES,Minor,0
21.06.2012,4:40 AM,1366,RHS,Rural,Kovuru,Collision Brush/Side Wipe,unknown Vehicle hit   Pedestrain,unknown,Fatal,Over speed,Four lanes or more with central divider,Straight road,,Fine,Unknown Vehicle,YES,Non injured ,0
21.06.2012,4:40 AM,1366,RHS,Rural,Kovuru,Collision Brush/Side Wipe,unknown Vehicle hit   Pedestrain,unknown,Fatal,Over speed,Four lanes or more with central divider,Straight road,,Fine,Unknown Vehicle,YES,Animals affected,0
21.06.2012,7:38 PM,1194.4,RHS,Rural,Martur,Skidding,Bike skidding,Bike,Grievious injury,Over speed,Four lanes or more with central divider,Straight road,,Fine,AP27R   7317,YES,Fatal,0
21.06.2012,7:38 PM,1194.4,RHS,Rural,Martur,Skidding,Bike skidding,Bike,Grievious injury,Over speed,Four lanes or more with central divider,Straight road,,Fine,AP27R   7317,YES,Grevious,1
21.06.2012,7:38 PM,1194.4,RHS,Rural,Martur,Skidding,Bike skidding,Bike,Grievious injury,Over speed,Four lanes or more with central divider,Straight road,,Fine,AP27R   7317,YES,Minor,1
21.06.2012,7:38 PM,1194.4,RHS,Rural,Martur,Skidding,Bike skidding,Bike,Grievious injury,Over speed,Four lanes or more with central divider,Straight road,,Fine,AP27R   7317,YES,Non injured ,0
21.06.2012,7:38 PM,1194.4,RHS,Rural,Martur,Skidding,Bike skidding,Bike,Grievious injury,Over speed,Four lanes or more with central divider,Straight road,,Fine,AP27R   7317,YES,Animals affected,0
22.06.2012,12:20 PM,1193.5,LHS,Rural,Martur,Rear End Collision,Car hit Car,Car,Fatal,Over speed,Four lanes or more with central divider,Straight road,,Fine,AP27AM  2261,YES,Fatal,1
22.06.2012,12:20 PM,1193.5,LHS,Rural,Martur,Rear End Collision,Car hit Car,Car,Fatal,Over speed,Four lanes or more with central divider,Straight road,,Fine,AP27AM  2261,YES,Grevious,2
22.06.2012,12:20 PM,1193.5,LHS,Rural,Martur,Rear End Collision,Car hit Car,Car,Fatal,Over speed,Four lanes or more with central divider,Straight road,,Fine,AP27AM  2261,YES,Minor,0
22.06.2012,12:20 PM,1193.5,LHS,Rural,Martur,Rear End Collision,Car hit Car,Car,Fatal,Over speed,Four lanes or more with central divider,Straight road,,Fine,AP27AM  2261,YES,Non injured ,3
22.06.2012,12:20 PM,1193.5,LHS,Rural,Martur,Rear End Collision,Car hit Car,Car,Fatal,Over speed,Four lanes or more with central divider,Straight road,,Fine,AP27AM  2261,YES,Animals affected,0
22.06.2012,12:40 PM,1270,LHS,Rural,Jarugumalli,Rear End Collision,Lorry hit Tractor,Lorry,Non injury,Over speed,Four lanes or more with central divider,Straight road,,Fine,JH05AP  3685,YES,Fatal,0
22.06.2012,12:40 PM,1270,LHS,Rural,Jarugumalli,Rear End Collision,Lorry hit Tractor,Lorry,Non injury,Over speed,Four lanes or more with central divider,Straight road,,Fine,JH05AP  3685,YES,Grevious,0
22.06.2012,12:40 PM,1270,LHS,Rural,Jarugumalli,Rear End Collision,Lorry hit Tractor,Lorry,Non injury,Over speed,Four lanes or more with central divider,Straight road,,Fine,JH05AP  3685,YES,Minor,0
22.06.2012,12:40 PM,1270,LHS,Rural,Jarugumalli,Rear End Collision,Lorry hit Tractor,Lorry,Non injury,Over speed,Four lanes or more with central divider,Straight road,,Fine,JH05AP  3685,YES,Non injured ,3
22.06.2012,12:40 PM,1270,LHS,Rural,Jarugumalli,Rear End Collision,Lorry hit Tractor,Lorry,Non injury,Over speed,Four lanes or more with central divider,Straight road,,Fine,JH05AP  3685,YES,Animals affected,0
24.06.2012,11:25 AM,1363.4,RHS,Rural,Kovuru,Rear End Collision,Mini Lorry hit   Median,Lorry,Non injury,Over speed,Four lanes or more with central divider,Straight road,,Fine,TN20PE          1194,YES,Fatal,0
24.06.2012,11:25 AM,1363.4,RHS,Rural,Kovuru,Rear End Collision,Mini Lorry hit   Median,Lorry,Non injury,Over speed,Four lanes or more with central divider,Straight road,,Fine,TN20PE          1194,YES,Grevious,0
24.06.2012,11:25 AM,1363.4,RHS,Rural,Kovuru,Rear End Collision,Mini Lorry hit   Median,Lorry,Non injury,Over speed,Four lanes or more with central divider,Straight road,,Fine,TN20PE          1194,YES,Minor,0
24.06.2012,11:25 AM,1363.4,RHS,Rural,Kovuru,Rear End Collision,Mini Lorry hit   Median,Lorry,Non injury,Over speed,Four lanes or more with central divider,Straight road,,Fine,TN20PE          1194,YES,Non injured ,2
24.06.2012,11:25 AM,1363.4,RHS,Rural,Kovuru,Rear End Collision,Mini Lorry hit   Median,Lorry,Non injury,Over speed,Four lanes or more with central divider,Straight road,,Fine,TN20PE          1194,YES,Animals affected,0
24.06.2012,1:30 PM,1237.2,LHS,Rural,Maddipadu,Head on collision,Lorry hit  Bike,Lorry,Fatal,Over speed,Four lanes or more with central divider,Straight road,,Fine,TN22BH     3479,YES,Fatal,1
24.06.2012,1:30 PM,1237.2,LHS,Rural,Maddipadu,Head on collision,Lorry hit  Bike,Lorry,Fatal,Over speed,Four lanes or more with central divider,Straight road,,Fine,TN22BH     3479,YES,Grevious,1
24.06.2012,1:30 PM,1237.2,LHS,Rural,Maddipadu,Head on collision,Lorry hit  Bike,Lorry,Fatal,Over speed,Four lanes or more with central divider,Straight road,,Fine,TN22BH     3479,YES,Minor,0
24.06.2012,1:30 PM,1237.2,LHS,Rural,Maddipadu,Head on collision,Lorry hit  Bike,Lorry,Fatal,Over speed,Four lanes or more with central divider,Straight road,,Fine,TN22BH     3479,YES,Non injured ,2
24.06.2012,1:30 PM,1237.2,LHS,Rural,Maddipadu,Head on collision,Lorry hit  Bike,Lorry,Fatal,Over speed,Four lanes or more with central divider,Straight road,,Fine,TN22BH     3479,YES,Animals affected,0
24.06.2012,2:50 PM,1233.5,RHS,Rural,Maddipadu,Collision Brush/Side Wipe,unknown Vehicle hit   Bike,unknown,Fatal,Over speed,Four lanes or more with central divider,Straight road,,Fine,Unknown Vehicle,YES,Fatal,1
24.06.2012,2:50 PM,1233.5,RHS,Rural,Maddipadu,Collision Brush/Side Wipe,unknown Vehicle hit   Bike,unknown,Fatal,Over speed,Four lanes or more with central divider,Straight road,,Fine,Unknown Vehicle,YES,Grevious,0
24.06.2012,2:50 PM,1233.5,RHS,Rural,Maddipadu,Collision Brush/Side Wipe,unknown Vehicle hit   Bike,unknown,Fatal,Over speed,Four lanes or more with central divider,Straight road,,Fine,Unknown Vehicle,YES,Minor,0
24.06.2012,2:50 PM,1233.5,RHS,Rural,Maddipadu,Collision Brush/Side Wipe,unknown Vehicle hit   Bike,unknown,Fatal,Over speed,Four lanes or more with central divider,Straight road,,Fine,Unknown Vehicle,YES,Non injured ,0
24.06.2012,2:50 PM,1233.5,RHS,Rural,Maddipadu,Collision Brush/Side Wipe,unknown Vehicle hit   Bike,unknown,Fatal,Over speed,Four lanes or more with central divider,Straight road,,Fine,Unknown Vehicle,YES,Animals affected,0
25.06.2012,12:15 AM,1237,LHS,Rural,Maddipadu,Rear End Collision,FR Bike hit Saffty wall,Bike,Grievious injury,Over speed,Four lanes or more with central divider,Straight road,,Fine,F/R           Bike,YES,Fatal,0
25.06.2012,12:15 AM,1237,LHS,Rural,Maddipadu,Rear End Collision,FR Bike hit Saffty wall,Bike,Grievious injury,Over speed,Four lanes or more with central divider,Straight road,,Fine,F/R           Bike,YES,Grevious,1
25.06.2012,12:15 AM,1237,LHS,Rural,Maddipadu,Rear End Collision,FR Bike hit Saffty wall,Bike,Grievious injury,Over speed,Four lanes or more with central divider,Straight road,,Fine,F/R           Bike,YES,Minor,0
25.06.2012,12:15 AM,1237,LHS,Rural,Maddipadu,Rear End Collision,FR Bike hit Saffty wall,Bike,Grievious injury,Over speed,Four lanes or more with central divider,Straight road,,Fine,F/R           Bike,YES,Non injured ,0
25.06.2012,12:15 AM,1237,LHS,Rural,Maddipadu,Rear End Collision,FR Bike hit Saffty wall,Bike,Grievious injury,Over speed,Four lanes or more with central divider,Straight road,,Fine,F/R           Bike,YES,Animals affected,0
25.06.2012,6:00 PM,1288.1,LHS,Rural,Ulavapadu,Rear End Collision,Lorry  hit         Tipper   ,Lorry,Minor injury,Over speed,Four lanes or more with central divider,Slight curve,,Fine,AP27Y    7479,YES,Fatal,0
25.06.2012,6:00 PM,1288.1,LHS,Rural,Ulavapadu,Rear End Collision,Lorry  hit         Tipper   ,Lorry,Minor injury,Over speed,Four lanes or more with central divider,Slight curve,,Fine,AP27Y    7479,YES,Grevious,0
25.06.2012,6:00 PM,1288.1,LHS,Rural,Ulavapadu,Rear End Collision,Lorry  hit         Tipper   ,Lorry,Minor injury,Over speed,Four lanes or more with central divider,Slight curve,,Fine,AP27Y    7479,YES,Minor,1
25.06.2012,6:00 PM,1288.1,LHS,Rural,Ulavapadu,Rear End Collision,Lorry  hit         Tipper   ,Lorry,Minor injury,Over speed,Four lanes or more with central divider,Slight curve,,Fine,AP27Y    7479,YES,Non injured ,5
25.06.2012,6:00 PM,1288.1,LHS,Rural,Ulavapadu,Rear End Collision,Lorry  hit         Tipper   ,Lorry,Minor injury,Over speed,Four lanes or more with central divider,Slight curve,,Fine,AP27Y    7479,YES,Animals affected,0
26.06.2012,1:50 AM,1220.2,LHS,Rural,Medarametla,Rear End Collision,Lorry hit Lorry,Lorry,Non injury,Over speed,Four lanes or more with central divider,Straight road,,Fine,MH17  6000,YES,Fatal,0
26.06.2012,1:50 AM,1220.2,LHS,Rural,Medarametla,Rear End Collision,Lorry hit Lorry,Lorry,Non injury,Over speed,Four lanes or more with central divider,Straight road,,Fine,MH17  6000,YES,Grevious,0
26.06.2012,1:50 AM,1220.2,LHS,Rural,Medarametla,Rear End Collision,Lorry hit Lorry,Lorry,Non injury,Over speed,Four lanes or more with central divider,Straight road,,Fine,MH17  6000,YES,Minor,0
26.06.2012,1:50 AM,1220.2,LHS,Rural,Medarametla,Rear End Collision,Lorry hit Lorry,Lorry,Non injury,Over speed,Four lanes or more with central divider,Straight road,,Fine,MH17  6000,YES,Non injured ,4
26.06.2012,1:50 AM,1220.2,LHS,Rural,Medarametla,Rear End Collision,Lorry hit Lorry,Lorry,Non injury,Over speed,Four lanes or more with central divider,Straight road,,Fine,MH17  6000,YES,Animals affected,0
26.06.2012,3:00 AM,1211.4,RHS,Rural,Reningavaram,Collision Brush/Side Wipe,Unknown vehicle hit Pedestrian,Unknown,Fatal,Over speed,Four lanes or more with central divider,Straight road,,Fine,Unknown Vehicle,YES,Fatal,1
26.06.2012,3:00 AM,1211.4,RHS,Rural,Reningavaram,Collision Brush/Side Wipe,Unknown vehicle hit Pedestrian,Unknown,Fatal,Over speed,Four lanes or more with central divider,Straight road,,Fine,Unknown Vehicle,YES,Grevious,0
26.06.2012,3:00 AM,1211.4,RHS,Rural,Reningavaram,Collision Brush/Side Wipe,Unknown vehicle hit Pedestrian,Unknown,Fatal,Over speed,Four lanes or more with central divider,Straight road,,Fine,Unknown Vehicle,YES,Minor,0
26.06.2012,3:00 AM,1211.4,RHS,Rural,Reningavaram,Collision Brush/Side Wipe,Unknown vehicle hit Pedestrian,Unknown,Fatal,Over speed,Four lanes or more with central divider,Straight road,,Fine,Unknown Vehicle,YES,Non injured ,0
26.06.2012,3:00 AM,1211.4,RHS,Rural,Reningavaram,Collision Brush/Side Wipe,Unknown vehicle hit Pedestrian,Unknown,Fatal,Over speed,Four lanes or more with central divider,Straight road,,Fine,Unknown Vehicle,YES,Animals affected,0
26.06.2012,12:20 PM,1238.3,LHS,Rural,Maddipadu,Rear End Collision,Lorry hit Unknown Vehicle,Lorry,Grievious injury,Over speed,Four lanes or more with central divider,Straight road,,Fine,KA01D 1391,YES,Fatal,0
26.06.2012,12:20 PM,1238.3,LHS,Rural,Maddipadu,Rear End Collision,Lorry hit Unknown Vehicle,Lorry,Grievious injury,Over speed,Four lanes or more with central divider,Straight road,,Fine,KA01D 1391,YES,Grevious,2
26.06.2012,12:20 PM,1238.3,LHS,Rural,Maddipadu,Rear End Collision,Lorry hit Unknown Vehicle,Lorry,Grievious injury,Over speed,Four lanes or more with central divider,Straight road,,Fine,KA01D 1391,YES,Minor,0
26.06.2012,12:20 PM,1238.3,LHS,Rural,Maddipadu,Rear End Collision,Lorry hit Unknown Vehicle,Lorry,Grievious injury,Over speed,Four lanes or more with central divider,Straight road,,Fine,KA01D 1391,YES,Non injured ,0
26.06.2012,12:20 PM,1238.3,LHS,Rural,Maddipadu,Rear End Collision,Lorry hit Unknown Vehicle,Lorry,Grievious injury,Over speed,Four lanes or more with central divider,Straight road,,Fine,KA01D 1391,YES,Animals affected,0
26.06.2012,4:40 PM,1213.3,LHS,Rural,Medarametla,Rear End Collision,Lorry hit Lorry,Lorry,Minor injury,Over speed,Four lanes or more with central divider,Straight road,,Fine,AP30T  8029,YES,Fatal,0
26.06.2012,4:40 PM,1213.3,LHS,Rural,Medarametla,Rear End Collision,Lorry hit Lorry,Lorry,Minor injury,Over speed,Four lanes or more with central divider,Straight road,,Fine,AP30T  8029,YES,Grevious,0
26.06.2012,4:40 PM,1213.3,LHS,Rural,Medarametla,Rear End Collision,Lorry hit Lorry,Lorry,Minor injury,Over speed,Four lanes or more with central divider,Straight road,,Fine,AP30T  8029,YES,Minor,1
26.06.2012,4:40 PM,1213.3,LHS,Rural,Medarametla,Rear End Collision,Lorry hit Lorry,Lorry,Minor injury,Over speed,Four lanes or more with central divider,Straight road,,Fine,AP30T  8029,YES,Non injured ,3
26.06.2012,4:40 PM,1213.3,LHS,Rural,Medarametla,Rear End Collision,Lorry hit Lorry,Lorry,Minor injury,Over speed,Four lanes or more with central divider,Straight road,,Fine,AP30T  8029,YES,Animals affected,0
26.06.2012,6:30 PM,1263.5,RHS,Rural,Tangutur,Rear End Collision,Tata Ace hit miniLorry,Tata Ace,Grievious injury,Over speed,Four lanes or more with central divider,Straight road,,Fine,AP27Y  4762,YES,Fatal,0
26.06.2012,6:30 PM,1263.5,RHS,Rural,Tangutur,Rear End Collision,Tata Ace hit miniLorry,Tata Ace,Grievious injury,Over speed,Four lanes or more with central divider,Straight road,,Fine,AP27Y  4762,YES,Grevious,1
26.06.2012,6:30 PM,1263.5,RHS,Rural,Tangutur,Rear End Collision,Tata Ace hit miniLorry,Tata Ace,Grievious injury,Over speed,Four lanes or more with central divider,Straight road,,Fine,AP27Y  4762,YES,Minor,1
26.06.2012,6:30 PM,1263.5,RHS,Rural,Tangutur,Rear End Collision,Tata Ace hit miniLorry,Tata Ace,Grievious injury,Over speed,Four lanes or more with central divider,Straight road,,Fine,AP27Y  4762,YES,Non injured ,4
26.06.2012,6:30 PM,1263.5,RHS,Rural,Tangutur,Rear End Collision,Tata Ace hit miniLorry,Tata Ace,Grievious injury,Over speed,Four lanes or more with central divider,Straight road,,Fine,AP27Y  4762,YES,Animals affected,0
27.06.2012,4:15 PM,1258.6,LHS,Rural,Tangutur,Rear End Collision,Crane hit       Auto,Crane,Non injury,Over speed,Four lanes or more with central divider,Straight road,T-Junction,Fine,APO7BB      0816,YES,Fatal,0
27.06.2012,4:15 PM,1258.6,LHS,Rural,Tangutur,Rear End Collision,Crane hit       Auto,Crane,Non injury,Over speed,Four lanes or more with central divider,Straight road,T-Junction,Fine,APO7BB      0816,YES,Grevious,0
27.06.2012,4:15 PM,1258.6,LHS,Rural,Tangutur,Rear End Collision,Crane hit       Auto,Crane,Non injury,Over speed,Four lanes or more with central divider,Straight road,T-Junction,Fine,APO7BB      0816,YES,Minor,0
27.06.2012,4:15 PM,1258.6,LHS,Rural,Tangutur,Rear End Collision,Crane hit       Auto,Crane,Non injury,Over speed,Four lanes or more with central divider,Straight road,T-Junction,Fine,APO7BB      0816,YES,Non injured ,7
27.06.2012,4:15 PM,1258.6,LHS,Rural,Tangutur,Rear End Collision,Crane hit       Auto,Crane,Non injury,Over speed,Four lanes or more with central divider,Straight road,T-Junction,Fine,APO7BB      0816,YES,Animals affected,0
27.06.2012,6:50 PM,1202.8,LHS,Rural,Reningavaram,Rear End Collision,Lorry hit Bus,Lorry,Non injury,Over speed,Four lanes or more with central divider,Straight road,T-Junction,Fine,AP27Y        5857,YES,Fatal,0
27.06.2012,6:50 PM,1202.8,LHS,Rural,Reningavaram,Rear End Collision,Lorry hit Bus,Lorry,Non injury,Over speed,Four lanes or more with central divider,Straight road,T-Junction,Fine,AP27Y        5857,YES,Grevious,0
27.06.2012,6:50 PM,1202.8,LHS,Rural,Reningavaram,Rear End Collision,Lorry hit Bus,Lorry,Non injury,Over speed,Four lanes or more with central divider,Straight road,T-Junction,Fine,AP27Y        5857,YES,Minor,0
27.06.2012,6:50 PM,1202.8,LHS,Rural,Reningavaram,Rear End Collision,Lorry hit Bus,Lorry,Non injury,Over speed,Four lanes or more with central divider,Straight road,T-Junction,Fine,AP27Y        5857,YES,Non injured ,25
27.06.2012,6:50 PM,1202.8,LHS,Rural,Reningavaram,Rear End Collision,Lorry hit Bus,Lorry,Non injury,Over speed,Four lanes or more with central divider,Straight road,T-Junction,Fine,AP27Y        5857,YES,Animals affected,0
27.06.2012,7:10 PM,1266.6,LHS,Rural,Tangutur,Rear End Collision,UnknownVehicle  Hit Tractor,UnknownVehicle,Grievious injury,Over speed,Four lanes or more with central divider,Slight curve,,Fine,Unknown Vehicle,YES,Fatal,0
27.06.2012,7:10 PM,1266.6,LHS,Rural,Tangutur,Rear End Collision,UnknownVehicle  Hit Tractor,UnknownVehicle,Grievious injury,Over speed,Four lanes or more with central divider,Slight curve,,Fine,Unknown Vehicle,YES,Grevious,1
27.06.2012,7:10 PM,1266.6,LHS,Rural,Tangutur,Rear End Collision,UnknownVehicle  Hit Tractor,UnknownVehicle,Grievious injury,Over speed,Four lanes or more with central divider,Slight curve,,Fine,Unknown Vehicle,YES,Minor,3
27.06.2012,7:10 PM,1266.6,LHS,Rural,Tangutur,Rear End Collision,UnknownVehicle  Hit Tractor,UnknownVehicle,Grievious injury,Over speed,Four lanes or more with central divider,Slight curve,,Fine,Unknown Vehicle,YES,Non injured ,0
27.06.2012,7:10 PM,1266.6,LHS,Rural,Tangutur,Rear End Collision,UnknownVehicle  Hit Tractor,UnknownVehicle,Grievious injury,Over speed,Four lanes or more with central divider,Slight curve,,Fine,Unknown Vehicle,YES,Animals affected,0
28.06.2012,9:20 AM,1318.2,LHS,Rural,Kavali,Rear End Collision,Lorry  hit      Continer,Lorry,Grievious injury,Over speed,Four lanes or more with central divider,Slight curve,,Fine,AP16TA         7399,YES,Fatal,0
28.06.2012,9:20 AM,1318.2,LHS,Rural,Kavali,Rear End Collision,Lorry  hit      Continer,Lorry,Grievious injury,Over speed,Four lanes or more with central divider,Slight curve,,Fine,AP16TA         7399,YES,Grevious,1
28.06.2012,9:20 AM,1318.2,LHS,Rural,Kavali,Rear End Collision,Lorry  hit      Continer,Lorry,Grievious injury,Over speed,Four lanes or more with central divider,Slight curve,,Fine,AP16TA         7399,YES,Minor,0
28.06.2012,9:20 AM,1318.2,LHS,Rural,Kavali,Rear End Collision,Lorry  hit      Continer,Lorry,Grievious injury,Over speed,Four lanes or more with central divider,Slight curve,,Fine,AP16TA         7399,YES,Non injured ,3
28.06.2012,9:20 AM,1318.2,LHS,Rural,Kavali,Rear End Collision,Lorry  hit      Continer,Lorry,Grievious injury,Over speed,Four lanes or more with central divider,Slight curve,,Fine,AP16TA         7399,YES,Animals affected,0
28.06.2012,12:15 PM,1331.3,RHS,Rural,Kavali,Rear End Collision,Tata Ace hit WaterTanker`,Tata Ace,Grievious injury,Over speed,Four lanes or more with central divider,Straight road,,Fine,AP7TC               2388,YES,Fatal,0
28.06.2012,12:15 PM,1331.3,RHS,Rural,Kavali,Rear End Collision,Tata Ace hit WaterTanker`,Tata Ace,Grievious injury,Over speed,Four lanes or more with central divider,Straight road,,Fine,AP7TC               2388,YES,Grevious,1
28.06.2012,12:15 PM,1331.3,RHS,Rural,Kavali,Rear End Collision,Tata Ace hit WaterTanker`,Tata Ace,Grievious injury,Over speed,Four lanes or more with central divider,Straight road,,Fine,AP7TC               2388,YES,Minor,0
28.06.2012,12:15 PM,1331.3,RHS,Rural,Kavali,Rear End Collision,Tata Ace hit WaterTanker`,Tata Ace,Grievious injury,Over speed,Four lanes or more with central divider,Straight road,,Fine,AP7TC               2388,YES,Non injured ,2
28.06.2012,12:15 PM,1331.3,RHS,Rural,Kavali,Rear End Collision,Tata Ace hit WaterTanker`,Tata Ace,Grievious injury,Over speed,Four lanes or more with central divider,Straight road,,Fine,AP7TC               2388,YES,Animals affected,0
28.06.2012,8:10 PM,1234.4,LHS,Rural,Maddipadu,Rear End Collision,Tipper  hit         Car,Lorry,Non injury,Over speed,Four lanes or more with central divider,Straight road,,Fine,AP27TT       3925,YES,Fatal,0
28.06.2012,8:10 PM,1234.4,LHS,Rural,Maddipadu,Rear End Collision,Tipper  hit         Car,Lorry,Non injury,Over speed,Four lanes or more with central divider,Straight road,,Fine,AP27TT       3925,YES,Grevious,0
28.06.2012,8:10 PM,1234.4,LHS,Rural,Maddipadu,Rear End Collision,Tipper  hit         Car,Lorry,Non injury,Over speed,Four lanes or more with central divider,Straight road,,Fine,AP27TT       3925,YES,Minor,0
28.06.2012,8:10 PM,1234.4,LHS,Rural,Maddipadu,Rear End Collision,Tipper  hit         Car,Lorry,Non injury,Over speed,Four lanes or more with central divider,Straight road,,Fine,AP27TT       3925,YES,Non injured ,4
28.06.2012,8:10 PM,1234.4,LHS,Rural,Maddipadu,Rear End Collision,Tipper  hit         Car,Lorry,Non injury,Over speed,Four lanes or more with central divider,Straight road,,Fine,AP27TT       3925,YES,Animals affected,0
28.06.2012,10:00 PM,1330,RHS,Rural,Kavali,Rear End Collision,Lorry hit  RTC Bus  ,Lorry,Non injury,Over speed,Four lanes or more with central divider,Straight road,,Fine,AP31U        1134,YES,Fatal,0
28.06.2012,10:00 PM,1330,RHS,Rural,Kavali,Rear End Collision,Lorry hit  RTC Bus  ,Lorry,Non injury,Over speed,Four lanes or more with central divider,Straight road,,Fine,AP31U        1134,YES,Grevious,0
28.06.2012,10:00 PM,1330,RHS,Rural,Kavali,Rear End Collision,Lorry hit  RTC Bus  ,Lorry,Non injury,Over speed,Four lanes or more with central divider,Straight road,,Fine,AP31U        1134,YES,Minor,0
28.06.2012,10:00 PM,1330,RHS,Rural,Kavali,Rear End Collision,Lorry hit  RTC Bus  ,Lorry,Non injury,Over speed,Four lanes or more with central divider,Straight road,,Fine,AP31U        1134,YES,Non injured ,17
28.06.2012,10:00 PM,1330,RHS,Rural,Kavali,Rear End Collision,Lorry hit  RTC Bus  ,Lorry,Non injury,Over speed,Four lanes or more with central divider,Straight road,,Fine,AP31U        1134,YES,Animals affected,0
30.06.2012,1:20 AM,1226.6,LHS,Rural,Maddipadu,Rear End Collision,Lorry hit Lorry,Lorry,Grievious injury,Over speed,Four lanes or more with central divider,Straight road,,Fine,AP16TV      9349,YES,Fatal,0
30.06.2012,1:20 AM,1226.6,LHS,Rural,Maddipadu,Rear End Collision,Lorry hit Lorry,Lorry,Grievious injury,Over speed,Four lanes or more with central divider,Straight road,,Fine,AP16TV      9349,YES,Grevious,1
30.06.2012,1:20 AM,1226.6,LHS,Rural,Maddipadu,Rear End Collision,Lorry hit Lorry,Lorry,Grievious injury,Over speed,Four lanes or more with central divider,Straight road,,Fine,AP16TV      9349,YES,Minor,0
30.06.2012,1:20 AM,1226.6,LHS,Rural,Maddipadu,Rear End Collision,Lorry hit Lorry,Lorry,Grievious injury,Over speed,Four lanes or more with central divider,Straight road,,Fine,AP16TV      9349,YES,Non injured ,3