Operational date,Time of Accident,KM && M,Position,Rural/Urban,Location,Nature of Accident Position,Nature of Accident,Vehicle Involved,Type of Accident,Causes,Road Feature,Road condition,Intersection Type And Control,Weather Condition,Vehicle Responsible,Help Provided by Ambulance/Patroling Vehicle,Classification of Accident,No of Affected Persons
30.06.2012,1:20 AM,1226.6,LHS,Rural,Maddipadu,Rear End Collision,Lorry hit Lorry,Lorry,Grievious injury,Over speed,Four lanes or more with central divider,Straight road,,Fine,AP16TV      9349,YES,Animals affected,0
30.06.2012,2:15 AM,1334.4,RHS,Rural,K.Tippa ,Rear End Collision,Lorry over turned,Lorry,Non injury,Over speed,Four lanes or more with central divider,Straight road,,Fine,KA01 C       5254,YES,Fatal,0
30.06.2012,2:15 AM,1334.4,RHS,Rural,K.Tippa ,Rear End Collision,Lorry over turned,Lorry,Non injury,Over speed,Four lanes or more with central divider,Straight road,,Fine,KA01 C       5254,YES,Grevious,0
30.06.2012,2:15 AM,1334.4,RHS,Rural,K.Tippa ,Rear End Collision,Lorry over turned,Lorry,Non injury,Over speed,Four lanes or more with central divider,Straight road,,Fine,KA01 C       5254,YES,Minor,0
30.06.2012,2:15 AM,1334.4,RHS,Rural,K.Tippa ,Rear End Collision,Lorry over turned,Lorry,Non injury,Over speed,Four lanes or more with central divider,Straight road,,Fine,KA01 C       5254,YES,Non injured ,2
30.06.2012,2:15 AM,1334.4,RHS,Rural,K.Tippa ,Rear End Collision,Lorry over turned,Lorry,Non injury,Over speed,Four lanes or more with central divider,Straight road,,Fine,KA01 C       5254,YES,Animals affected,0
30.06.2012,3:00 AM,1316.8,RHS,Rural,Kavali,Others(p1.Specific),Unknown      Vehicle hit pedestrain,Unknown,Fatal,Over speed,Four lanes or more with central divider,Slight curve,,Fine,Unknown Vehicle,YES,Fatal,1
30.06.2012,3:00 AM,1316.8,RHS,Rural,Kavali,Others(p1.Specific),Unknown      Vehicle hit pedestrain,Unknown,Fatal,Over speed,Four lanes or more with central divider,Slight curve,,Fine,Unknown Vehicle,YES,Grevious,0
30.06.2012,3:00 AM,1316.8,RHS,Rural,Kavali,Others(p1.Specific),Unknown      Vehicle hit pedestrain,Unknown,Fatal,Over speed,Four lanes or more with central divider,Slight curve,,Fine,Unknown Vehicle,YES,Minor,0
30.06.2012,3:00 AM,1316.8,RHS,Rural,Kavali,Others(p1.Specific),Unknown      Vehicle hit pedestrain,Unknown,Fatal,Over speed,Four lanes or more with central divider,Slight curve,,Fine,Unknown Vehicle,YES,Non injured ,0
30.06.2012,3:00 AM,1316.8,RHS,Rural,Kavali,Others(p1.Specific),Unknown      Vehicle hit pedestrain,Unknown,Fatal,Over speed,Four lanes or more with central divider,Slight curve,,Fine,Unknown Vehicle,YES,Animals affected,0
30.06.2012,5:20 AM,1285.8,LHS,Rural,Ulavapadu,Rear End Collision,UnknownVehicle  Hit Car,UnknownVehicle,Non injury,Over speed,Four lanes or more with central divider,Straight road,T-Junction,Fine,AP27AL        1122,YES,Fatal,0
30.06.2012,5:20 AM,1285.8,LHS,Rural,Ulavapadu,Rear End Collision,UnknownVehicle  Hit Car,UnknownVehicle,Non injury,Over speed,Four lanes or more with central divider,Straight road,T-Junction,Fine,AP27AL        1122,YES,Grevious,0
30.06.2012,5:20 AM,1285.8,LHS,Rural,Ulavapadu,Rear End Collision,UnknownVehicle  Hit Car,UnknownVehicle,Non injury,Over speed,Four lanes or more with central divider,Straight road,T-Junction,Fine,AP27AL        1122,YES,Minor,0
30.06.2012,5:20 AM,1285.8,LHS,Rural,Ulavapadu,Rear End Collision,UnknownVehicle  Hit Car,UnknownVehicle,Non injury,Over speed,Four lanes or more with central divider,Straight road,T-Junction,Fine,AP27AL        1122,YES,Non injured ,2
30.06.2012,5:20 AM,1285.8,LHS,Rural,Ulavapadu,Rear End Collision,UnknownVehicle  Hit Car,UnknownVehicle,Non injury,Over speed,Four lanes or more with central divider,Straight road,T-Junction,Fine,AP27AL        1122,YES,Animals affected,0
30.06.2012,6:40 AM,1323.6,LHS,Rural,Kavali,Rear End Collision,Lorry hit Lorry,Lorry,Minor injury,Over speed,Four lanes or more with central divider,Straight road,,Fine,AP04W       7284,YES,Fatal,0
30.06.2012,6:40 AM,1323.6,LHS,Rural,Kavali,Rear End Collision,Lorry hit Lorry,Lorry,Minor injury,Over speed,Four lanes or more with central divider,Straight road,,Fine,AP04W       7284,YES,Grevious,0
30.06.2012,6:40 AM,1323.6,LHS,Rural,Kavali,Rear End Collision,Lorry hit Lorry,Lorry,Minor injury,Over speed,Four lanes or more with central divider,Straight road,,Fine,AP04W       7284,YES,Minor,1
30.06.2012,6:40 AM,1323.6,LHS,Rural,Kavali,Rear End Collision,Lorry hit Lorry,Lorry,Minor injury,Over speed,Four lanes or more with central divider,Straight road,,Fine,AP04W       7284,YES,Non injured ,3
30.06.2012,6:40 AM,1323.6,LHS,Rural,Kavali,Rear End Collision,Lorry hit Lorry,Lorry,Minor injury,Over speed,Four lanes or more with central divider,Straight road,,Fine,AP04W       7284,YES,Animals affected,0
01.07.2012,6:15 AM,1260.5,RHS,Rural,Tangutur,Rear End Collision,Lorry hit Culvert Wall,Lorry,Non injury,Fault of driver of motor vehicle/driver of other vehicle/cyclist/pedestrian/passenger,Four lanes or more with central divider,Slight curve,,Fine,AP16TW     6527,YES,Fatal,0
01.07.2012,6:15 AM,1260.5,RHS,Rural,Tangutur,Rear End Collision,Lorry hit Culvert Wall,Lorry,Non injury,Fault of driver of motor vehicle/driver of other vehicle/cyclist/pedestrian/passenger,Four lanes or more with central divider,Slight curve,,Fine,AP16TW     6527,YES,Grevious,0
01.07.2012,6:15 AM,1260.5,RHS,Rural,Tangutur,Rear End Collision,Lorry hit Culvert Wall,Lorry,Non injury,Fault of driver of motor vehicle/driver of other vehicle/cyclist/pedestrian/passenger,Four lanes or more with central divider,Slight curve,,Fine,AP16TW     6527,YES,Minor,0
01.07.2012,6:15 AM,1260.5,RHS,Rural,Tangutur,Rear End Collision,Lorry hit Culvert Wall,Lorry,Non injury,Fault of driver of motor vehicle/driver of other vehicle/cyclist/pedestrian/passenger,Four lanes or more with central divider,Slight curve,,Fine,AP16TW     6527,YES,Non injured ,2
01.07.2012,6:15 AM,1260.5,RHS,Rural,Tangutur,Rear End Collision,Lorry hit Culvert Wall,Lorry,Non injury,Fault of driver of motor vehicle/driver of other vehicle/cyclist/pedestrian/passenger,Four lanes or more with central divider,Slight curve,,Fine,AP16TW     6527,YES,Animals affected,0
01.07.2012,9:25 AM,1297.5,RHS,Rural,Ulavapadu,Rear End Collision,Lorry hit Lorry,Lorry,Non injury,Over speed,Four lanes or more with central divider,Straight road,,Fine,AP29TB     2170,YES,Fatal,0
01.07.2012,9:25 AM,1297.5,RHS,Rural,Ulavapadu,Rear End Collision,Lorry hit Lorry,Lorry,Non injury,Over speed,Four lanes or more with central divider,Straight road,,Fine,AP29TB     2170,YES,Grevious,0
01.07.2012,9:25 AM,1297.5,RHS,Rural,Ulavapadu,Rear End Collision,Lorry hit Lorry,Lorry,Non injury,Over speed,Four lanes or more with central divider,Straight road,,Fine,AP29TB     2170,YES,Minor,0
01.07.2012,9:25 AM,1297.5,RHS,Rural,Ulavapadu,Rear End Collision,Lorry hit Lorry,Lorry,Non injury,Over speed,Four lanes or more with central divider,Straight road,,Fine,AP29TB     2170,YES,Non injured ,3
01.07.2012,9:25 AM,1297.5,RHS,Rural,Ulavapadu,Rear End Collision,Lorry hit Lorry,Lorry,Non injury,Over speed,Four lanes or more with central divider,Straight road,,Fine,AP29TB     2170,YES,Animals affected,0
01.07.2012,10:00 PM,1312.2,RHS,Rural,Kavali,Rear End Collision,Unknown Vehicle Hit Lorry,Unknown,Grievious injury,Over speed,Four lanes or more with central divider,Straight road,Y-Junction,Fine,AP37PA    4549,YES,Fatal,0
01.07.2012,10:00 PM,1312.2,RHS,Rural,Kavali,Rear End Collision,Unknown Vehicle Hit Lorry,Unknown,Grievious injury,Over speed,Four lanes or more with central divider,Straight road,Y-Junction,Fine,AP37PA    4549,YES,Grevious,1
01.07.2012,10:00 PM,1312.2,RHS,Rural,Kavali,Rear End Collision,Unknown Vehicle Hit Lorry,Unknown,Grievious injury,Over speed,Four lanes or more with central divider,Straight road,Y-Junction,Fine,AP37PA    4549,YES,Minor,0
01.07.2012,10:00 PM,1312.2,RHS,Rural,Kavali,Rear End Collision,Unknown Vehicle Hit Lorry,Unknown,Grievious injury,Over speed,Four lanes or more with central divider,Straight road,Y-Junction,Fine,AP37PA    4549,YES,Non injured ,3
01.07.2012,10:00 PM,1312.2,RHS,Rural,Kavali,Rear End Collision,Unknown Vehicle Hit Lorry,Unknown,Grievious injury,Over speed,Four lanes or more with central divider,Straight road,Y-Junction,Fine,AP37PA    4549,YES,Animals affected,0
01.07.2012,10:10 PM,1336.6,LHS,Rural,K.Tippa ,Collision Brush/Side Wipe,Unknown Vehicle hit    Pedestrain,Unknown,Grievious injury,Over speed,Four lanes or more with central divider,Straight road,,Fine,Unknown    Vehicle,YES,Fatal,0
01.07.2012,10:10 PM,1336.6,LHS,Rural,K.Tippa ,Collision Brush/Side Wipe,Unknown Vehicle hit    Pedestrain,Unknown,Grievious injury,Over speed,Four lanes or more with central divider,Straight road,,Fine,Unknown    Vehicle,YES,Grevious,1
01.07.2012,10:10 PM,1336.6,LHS,Rural,K.Tippa ,Collision Brush/Side Wipe,Unknown Vehicle hit    Pedestrain,Unknown,Grievious injury,Over speed,Four lanes or more with central divider,Straight road,,Fine,Unknown    Vehicle,YES,Minor,0
01.07.2012,10:10 PM,1336.6,LHS,Rural,K.Tippa ,Collision Brush/Side Wipe,Unknown Vehicle hit    Pedestrain,Unknown,Grievious injury,Over speed,Four lanes or more with central divider,Straight road,,Fine,Unknown    Vehicle,YES,Non injured ,0
01.07.2012,10:10 PM,1336.6,LHS,Rural,K.Tippa ,Collision Brush/Side Wipe,Unknown Vehicle hit    Pedestrain,Unknown,Grievious injury,Over speed,Four lanes or more with central divider,Straight road,,Fine,Unknown    Vehicle,YES,Animals affected,0
02.07.2012,5:30 AM,1186.9,LHS,Rural,Martur,Rear End Collision,Tanker Hit Lorry,Tanker,Grievious injury,Over speed,Four lanes or more with central divider,Straight road,,Fine,TN28AV   5892,YES,Fatal,0
02.07.2012,5:30 AM,1186.9,LHS,Rural,Martur,Rear End Collision,Tanker Hit Lorry,Tanker,Grievious injury,Over speed,Four lanes or more with central divider,Straight road,,Fine,TN28AV   5892,YES,Grevious,1
02.07.2012,5:30 AM,1186.9,LHS,Rural,Martur,Rear End Collision,Tanker Hit Lorry,Tanker,Grievious injury,Over speed,Four lanes or more with central divider,Straight road,,Fine,TN28AV   5892,YES,Minor,0
02.07.2012,5:30 AM,1186.9,LHS,Rural,Martur,Rear End Collision,Tanker Hit Lorry,Tanker,Grievious injury,Over speed,Four lanes or more with central divider,Straight road,,Fine,TN28AV   5892,YES,Non injured ,2
02.07.2012,5:30 AM,1186.9,LHS,Rural,Martur,Rear End Collision,Tanker Hit Lorry,Tanker,Grievious injury,Over speed,Four lanes or more with central divider,Straight road,,Fine,TN28AV   5892,YES,Animals affected,0
03.07.2012,1:50 PM,1199.1,LHS,Rural,Martur,Rear End Collision,car hit bike,car,Minor injury,Over speed,Four lanes or more with central divider,Straight road,,Fine,AP16CD  414,YES,Fatal,0
03.07.2012,1:50 PM,1199.1,LHS,Rural,Martur,Rear End Collision,car hit bike,car,Minor injury,Over speed,Four lanes or more with central divider,Straight road,,Fine,AP16CD  414,YES,Grevious,0
03.07.2012,1:50 PM,1199.1,LHS,Rural,Martur,Rear End Collision,car hit bike,car,Minor injury,Over speed,Four lanes or more with central divider,Straight road,,Fine,AP16CD  414,YES,Minor,1
03.07.2012,1:50 PM,1199.1,LHS,Rural,Martur,Rear End Collision,car hit bike,car,Minor injury,Over speed,Four lanes or more with central divider,Straight road,,Fine,AP16CD  414,YES,Non injured ,3
03.07.2012,1:50 PM,1199.1,LHS,Rural,Martur,Rear End Collision,car hit bike,car,Minor injury,Over speed,Four lanes or more with central divider,Straight road,,Fine,AP16CD  414,YES,Animals affected,0
03.07.2012,3:30 PM,1197.7,LHS,Rural,Martur,Rear End Collision,Lorry hit Car,Lorry,Non injury,Over speed,Four lanes or more with central divider,Straight road,,Fine,WB23B 4332,YES,Fatal,0
03.07.2012,3:30 PM,1197.7,LHS,Rural,Martur,Rear End Collision,Lorry hit Car,Lorry,Non injury,Over speed,Four lanes or more with central divider,Straight road,,Fine,WB23B 4332,YES,Grevious,0
03.07.2012,3:30 PM,1197.7,LHS,Rural,Martur,Rear End Collision,Lorry hit Car,Lorry,Non injury,Over speed,Four lanes or more with central divider,Straight road,,Fine,WB23B 4332,YES,Minor,0
03.07.2012,3:30 PM,1197.7,LHS,Rural,Martur,Rear End Collision,Lorry hit Car,Lorry,Non injury,Over speed,Four lanes or more with central divider,Straight road,,Fine,WB23B 4332,YES,Non injured ,4
03.07.2012,3:30 PM,1197.7,LHS,Rural,Martur,Rear End Collision,Lorry hit Car,Lorry,Non injury,Over speed,Four lanes or more with central divider,Straight road,,Fine,WB23B 4332,YES,Animals affected,0
04.07.2012,2:00 AM,1293.9,RHS,Rural,Ulavapadu,Rear End Collision,Car hit  Median,Car,Minor injury,Over speed,Four lanes or more with central divider,Straight road,,Fine,AP10AL  1311,YES,Fatal,0
04.07.2012,2:00 AM,1293.9,RHS,Rural,Ulavapadu,Rear End Collision,Car hit  Median,Car,Minor injury,Over speed,Four lanes or more with central divider,Straight road,,Fine,AP10AL  1311,YES,Grevious,0
04.07.2012,2:00 AM,1293.9,RHS,Rural,Ulavapadu,Rear End Collision,Car hit  Median,Car,Minor injury,Over speed,Four lanes or more with central divider,Straight road,,Fine,AP10AL  1311,YES,Minor,3
04.07.2012,2:00 AM,1293.9,RHS,Rural,Ulavapadu,Rear End Collision,Car hit  Median,Car,Minor injury,Over speed,Four lanes or more with central divider,Straight road,,Fine,AP10AL  1311,YES,Non injured ,1
04.07.2012,2:00 AM,1293.9,RHS,Rural,Ulavapadu,Rear End Collision,Car hit  Median,Car,Minor injury,Over speed,Four lanes or more with central divider,Straight road,,Fine,AP10AL  1311,YES,Animals affected,0
04.07.2012,3:35 PM,1247.4,LHS,Urban,Ongole,Overturning,Tata Magic Over turned,Tata Ace,Grievious injury,Fault of driver of motor vehicle/driver of other vehicle/cyclist/pedestrian/passenger,Four lanes or more with central divider,Slight curve,,Fine,AP27TV 0879,YES,Fatal,0
04.07.2012,3:35 PM,1247.4,LHS,Urban,Ongole,Overturning,Tata Magic Over turned,Tata Ace,Grievious injury,Fault of driver of motor vehicle/driver of other vehicle/cyclist/pedestrian/passenger,Four lanes or more with central divider,Slight curve,,Fine,AP27TV 0879,YES,Grevious,5
04.07.2012,3:35 PM,1247.4,LHS,Urban,Ongole,Overturning,Tata Magic Over turned,Tata Ace,Grievious injury,Fault of driver of motor vehicle/driver of other vehicle/cyclist/pedestrian/passenger,Four lanes or more with central divider,Slight curve,,Fine,AP27TV 0879,YES,Minor,5
04.07.2012,3:35 PM,1247.4,LHS,Urban,Ongole,Overturning,Tata Magic Over turned,Tata Ace,Grievious injury,Fault of driver of motor vehicle/driver of other vehicle/cyclist/pedestrian/passenger,Four lanes or more with central divider,Slight curve,,Fine,AP27TV 0879,YES,Non injured ,1
04.07.2012,3:35 PM,1247.4,LHS,Urban,Ongole,Overturning,Tata Magic Over turned,Tata Ace,Grievious injury,Fault of driver of motor vehicle/driver of other vehicle/cyclist/pedestrian/passenger,Four lanes or more with central divider,Slight curve,,Fine,AP27TV 0879,YES,Animals affected,0
04.07.2012,6:50 PM,1353.1,RHS,Rural,Kodavaluru,Collision Brush/Side Wipe,Bike hit Pedestrian,Bike,Minor injury,Druken,Four lanes or more with central divider,Straight road,T-Junction,Fine,AP26AD 3369,YES,Fatal,0
04.07.2012,6:50 PM,1353.1,RHS,Rural,Kodavaluru,Collision Brush/Side Wipe,Bike hit Pedestrian,Bike,Minor injury,Druken,Four lanes or more with central divider,Straight road,T-Junction,Fine,AP26AD 3369,YES,Grevious,0
04.07.2012,6:50 PM,1353.1,RHS,Rural,Kodavaluru,Collision Brush/Side Wipe,Bike hit Pedestrian,Bike,Minor injury,Druken,Four lanes or more with central divider,Straight road,T-Junction,Fine,AP26AD 3369,YES,Minor,2
04.07.2012,6:50 PM,1353.1,RHS,Rural,Kodavaluru,Collision Brush/Side Wipe,Bike hit Pedestrian,Bike,Minor injury,Druken,Four lanes or more with central divider,Straight road,T-Junction,Fine,AP26AD 3369,YES,Non injured ,0
04.07.2012,6:50 PM,1353.1,RHS,Rural,Kodavaluru,Collision Brush/Side Wipe,Bike hit Pedestrian,Bike,Minor injury,Druken,Four lanes or more with central divider,Straight road,T-Junction,Fine,AP26AD 3369,YES,Animals affected,0
04.07.2012,7:40 PM,1202.8,RHS,Rural,Reningavaram,Rear End Collision,Bike hit median,Bike,Minor injury,Over speed,Four lanes or more with central divider,Straight road,,Fine,AP16BU 5903,YES,Fatal,0
04.07.2012,7:40 PM,1202.8,RHS,Rural,Reningavaram,Rear End Collision,Bike hit median,Bike,Minor injury,Over speed,Four lanes or more with central divider,Straight road,,Fine,AP16BU 5903,YES,Grevious,0
04.07.2012,7:40 PM,1202.8,RHS,Rural,Reningavaram,Rear End Collision,Bike hit median,Bike,Minor injury,Over speed,Four lanes or more with central divider,Straight road,,Fine,AP16BU 5903,YES,Minor,1
04.07.2012,7:40 PM,1202.8,RHS,Rural,Reningavaram,Rear End Collision,Bike hit median,Bike,Minor injury,Over speed,Four lanes or more with central divider,Straight road,,Fine,AP16BU 5903,YES,Non injured ,0
04.07.2012,7:40 PM,1202.8,RHS,Rural,Reningavaram,Rear End Collision,Bike hit median,Bike,Minor injury,Over speed,Four lanes or more with central divider,Straight road,,Fine,AP16BU 5903,YES,Animals affected,0
05.07.2012,12:30 AM,1296,RHS,Rural,Ulavapadu,Rear End Collision, Unknown Vehicle hit     Road Roller,Unknown,Non injury,Over speed,Four lanes or more with central divider,Straight road,,Fine,Unknown    Vehicle,YES,Fatal,0
05.07.2012,12:30 AM,1296,RHS,Rural,Ulavapadu,Rear End Collision, Unknown Vehicle hit     Road Roller,Unknown,Non injury,Over speed,Four lanes or more with central divider,Straight road,,Fine,Unknown    Vehicle,YES,Grevious,0
05.07.2012,12:30 AM,1296,RHS,Rural,Ulavapadu,Rear End Collision, Unknown Vehicle hit     Road Roller,Unknown,Non injury,Over speed,Four lanes or more with central divider,Straight road,,Fine,Unknown    Vehicle,YES,Minor,0
05.07.2012,12:30 AM,1296,RHS,Rural,Ulavapadu,Rear End Collision, Unknown Vehicle hit     Road Roller,Unknown,Non injury,Over speed,Four lanes or more with central divider,Straight road,,Fine,Unknown    Vehicle,YES,Non injured ,2
05.07.2012,12:30 AM,1296,RHS,Rural,Ulavapadu,Rear End Collision, Unknown Vehicle hit     Road Roller,Unknown,Non injury,Over speed,Four lanes or more with central divider,Straight road,,Fine,Unknown    Vehicle,YES,Animals affected,0
05.07.2012,2:20 AM,1262.5,LHS,Rural,Tangutur,Overturning, Lorry Over turned,Lorry,Grievious injury,Fault of driver of motor vehicle/driver of other vehicle/cyclist/pedestrian/passenger,Four lanes or more with central divider,Straight road,,Fine,AP27 B   7857,YES,Fatal,0
05.07.2012,2:20 AM,1262.5,LHS,Rural,Tangutur,Overturning, Lorry Over turned,Lorry,Grievious injury,Fault of driver of motor vehicle/driver of other vehicle/cyclist/pedestrian/passenger,Four lanes or more with central divider,Straight road,,Fine,AP27 B   7857,YES,Grevious,1
05.07.2012,2:20 AM,1262.5,LHS,Rural,Tangutur,Overturning, Lorry Over turned,Lorry,Grievious injury,Fault of driver of motor vehicle/driver of other vehicle/cyclist/pedestrian/passenger,Four lanes or more with central divider,Straight road,,Fine,AP27 B   7857,YES,Minor,1
05.07.2012,2:20 AM,1262.5,LHS,Rural,Tangutur,Overturning, Lorry Over turned,Lorry,Grievious injury,Fault of driver of motor vehicle/driver of other vehicle/cyclist/pedestrian/passenger,Four lanes or more with central divider,Straight road,,Fine,AP27 B   7857,YES,Non injured ,0
05.07.2012,2:20 AM,1262.5,LHS,Rural,Tangutur,Overturning, Lorry Over turned,Lorry,Grievious injury,Fault of driver of motor vehicle/driver of other vehicle/cyclist/pedestrian/passenger,Four lanes or more with central divider,Straight road,,Fine,AP27 B   7857,YES,Animals affected,0
05.07.2012,6:10 AM,1251.4,RHS,Rural,Ongole,Rear End Collision, Lorry hit Bus,Lorry,Non injury,Over speed,Four lanes or more with central divider,Straight road,,Fine,AP27 W  5517,YES,Fatal,0
05.07.2012,6:10 AM,1251.4,RHS,Rural,Ongole,Rear End Collision, Lorry hit Bus,Lorry,Non injury,Over speed,Four lanes or more with central divider,Straight road,,Fine,AP27 W  5517,YES,Grevious,0
05.07.2012,6:10 AM,1251.4,RHS,Rural,Ongole,Rear End Collision, Lorry hit Bus,Lorry,Non injury,Over speed,Four lanes or more with central divider,Straight road,,Fine,AP27 W  5517,YES,Minor,0
05.07.2012,6:10 AM,1251.4,RHS,Rural,Ongole,Rear End Collision, Lorry hit Bus,Lorry,Non injury,Over speed,Four lanes or more with central divider,Straight road,,Fine,AP27 W  5517,YES,Non injured ,27
05.07.2012,6:10 AM,1251.4,RHS,Rural,Ongole,Rear End Collision, Lorry hit Bus,Lorry,Non injury,Over speed,Four lanes or more with central divider,Straight road,,Fine,AP27 W  5517,YES,Animals affected,0
05.07.2012,6:50 AM,1323.9,LHS,Rural,Kavali,Rear End Collision, Bus hit Lorry,Bus,Grievious injury,Over speed,Four lanes or more with central divider,Slight curve,T-Junction,Fine,AP28 Z   5063,YES,Fatal,0
05.07.2012,6:50 AM,1323.9,LHS,Rural,Kavali,Rear End Collision, Bus hit Lorry,Bus,Grievious injury,Over speed,Four lanes or more with central divider,Slight curve,T-Junction,Fine,AP28 Z   5063,YES,Grevious,1
05.07.2012,6:50 AM,1323.9,LHS,Rural,Kavali,Rear End Collision, Bus hit Lorry,Bus,Grievious injury,Over speed,Four lanes or more with central divider,Slight curve,T-Junction,Fine,AP28 Z   5063,YES,Minor,4
05.07.2012,6:50 AM,1323.9,LHS,Rural,Kavali,Rear End Collision, Bus hit Lorry,Bus,Grievious injury,Over speed,Four lanes or more with central divider,Slight curve,T-Junction,Fine,AP28 Z   5063,YES,Non injured ,10
05.07.2012,6:50 AM,1323.9,LHS,Rural,Kavali,Rear End Collision, Bus hit Lorry,Bus,Grievious injury,Over speed,Four lanes or more with central divider,Slight curve,T-Junction,Fine,AP28 Z   5063,YES,Animals affected,0
05.07.2012,5:20 PM,1219.1,RHS,Rural,Medarametla,Skidding, Bike Skidding,Bike,Minor injury,Druken,Four lanes or more with central divider,Sharp curve,,Fine,AP27 A   2953,YES,Fatal,0
05.07.2012,5:20 PM,1219.1,RHS,Rural,Medarametla,Skidding, Bike Skidding,Bike,Minor injury,Druken,Four lanes or more with central divider,Sharp curve,,Fine,AP27 A   2953,YES,Grevious,0
05.07.2012,5:20 PM,1219.1,RHS,Rural,Medarametla,Skidding, Bike Skidding,Bike,Minor injury,Druken,Four lanes or more with central divider,Sharp curve,,Fine,AP27 A   2953,YES,Minor,1
05.07.2012,5:20 PM,1219.1,RHS,Rural,Medarametla,Skidding, Bike Skidding,Bike,Minor injury,Druken,Four lanes or more with central divider,Sharp curve,,Fine,AP27 A   2953,YES,Non injured ,0
05.07.2012,5:20 PM,1219.1,RHS,Rural,Medarametla,Skidding, Bike Skidding,Bike,Minor injury,Druken,Four lanes or more with central divider,Sharp curve,,Fine,AP27 A   2953,YES,Animals affected,0
05.07.2012,6:10 PM,1230.6,LHS,Rural,Maddipadu,Rear End Collision, Lorry hit Car,Lorry,Non injury,Over speed,Four lanes or more with central divider,Straight road,,Fine,AP27 AL  6489,YES,Fatal,0
05.07.2012,6:10 PM,1230.6,LHS,Rural,Maddipadu,Rear End Collision, Lorry hit Car,Lorry,Non injury,Over speed,Four lanes or more with central divider,Straight road,,Fine,AP27 AL  6489,YES,Grevious,0
05.07.2012,6:10 PM,1230.6,LHS,Rural,Maddipadu,Rear End Collision, Lorry hit Car,Lorry,Non injury,Over speed,Four lanes or more with central divider,Straight road,,Fine,AP27 AL  6489,YES,Minor,0
05.07.2012,6:10 PM,1230.6,LHS,Rural,Maddipadu,Rear End Collision, Lorry hit Car,Lorry,Non injury,Over speed,Four lanes or more with central divider,Straight road,,Fine,AP27 AL  6489,YES,Non injured ,3
05.07.2012,6:10 PM,1230.6,LHS,Rural,Maddipadu,Rear End Collision, Lorry hit Car,Lorry,Non injury,Over speed,Four lanes or more with central divider,Straight road,,Fine,AP27 AL  6489,YES,Animals affected,0
06.07.2012,12:00 AM,1234,RHS,Rural,Maddipadu,Head on collision, Lorry hit Median,Lorry,Non injury,Fault of driver of motor vehicle/driver of other vehicle/cyclist/pedestrian/passenger,Four lanes or more with central divider,Straight road,,Fine,AP07 TB  0278,YES,Fatal,0
06.07.2012,12:00 AM,1234,RHS,Rural,Maddipadu,Head on collision, Lorry hit Median,Lorry,Non injury,Fault of driver of motor vehicle/driver of other vehicle/cyclist/pedestrian/passenger,Four lanes or more with central divider,Straight road,,Fine,AP07 TB  0278,YES,Grevious,0
06.07.2012,12:00 AM,1234,RHS,Rural,Maddipadu,Head on collision, Lorry hit Median,Lorry,Non injury,Fault of driver of motor vehicle/driver of other vehicle/cyclist/pedestrian/passenger,Four lanes or more with central divider,Straight road,,Fine,AP07 TB  0278,YES,Minor,0
06.07.2012,12:00 AM,1234,RHS,Rural,Maddipadu,Head on collision, Lorry hit Median,Lorry,Non injury,Fault of driver of motor vehicle/driver of other vehicle/cyclist/pedestrian/passenger,Four lanes or more with central divider,Straight road,,Fine,AP07 TB  0278,YES,Non injured ,2
06.07.2012,12:00 AM,1234,RHS,Rural,Maddipadu,Head on collision, Lorry hit Median,Lorry,Non injury,Fault of driver of motor vehicle/driver of other vehicle/cyclist/pedestrian/passenger,Four lanes or more with central divider,Straight road,,Fine,AP07 TB  0278,YES,Animals affected,0
06.07.2012,1:55 AM,1221.3,RHS,Rural,Medarametla,Head on collision, Lorry hit Median,Lorry,Non injury,Over speed,Four lanes or more with central divider,Sharp curve,,Fine,AP07 W  9654,YES,Fatal,0
06.07.2012,1:55 AM,1221.3,RHS,Rural,Medarametla,Head on collision, Lorry hit Median,Lorry,Non injury,Over speed,Four lanes or more with central divider,Sharp curve,,Fine,AP07 W  9654,YES,Grevious,0
06.07.2012,1:55 AM,1221.3,RHS,Rural,Medarametla,Head on collision, Lorry hit Median,Lorry,Non injury,Over speed,Four lanes or more with central divider,Sharp curve,,Fine,AP07 W  9654,YES,Minor,0
06.07.2012,1:55 AM,1221.3,RHS,Rural,Medarametla,Head on collision, Lorry hit Median,Lorry,Non injury,Over speed,Four lanes or more with central divider,Sharp curve,,Fine,AP07 W  9654,YES,Non injured ,1
06.07.2012,1:55 AM,1221.3,RHS,Rural,Medarametla,Head on collision, Lorry hit Median,Lorry,Non injury,Over speed,Four lanes or more with central divider,Sharp curve,,Fine,AP07 W  9654,YES,Animals affected,0
06.07.2012,4:52 AM,1262.2,LHS,Rural,Tangutur,Overturning, Lorry Over turned,Lorry,Minor injury,Fault of driver of motor vehicle/driver of other vehicle/cyclist/pedestrian/passenger,Four lanes or more with central divider,Sharp curve,,Fine,AP27 W  2090,YES,Fatal,0
06.07.2012,4:52 AM,1262.2,LHS,Rural,Tangutur,Overturning, Lorry Over turned,Lorry,Minor injury,Fault of driver of motor vehicle/driver of other vehicle/cyclist/pedestrian/passenger,Four lanes or more with central divider,Sharp curve,,Fine,AP27 W  2090,YES,Grevious,0
06.07.2012,4:52 AM,1262.2,LHS,Rural,Tangutur,Overturning, Lorry Over turned,Lorry,Minor injury,Fault of driver of motor vehicle/driver of other vehicle/cyclist/pedestrian/passenger,Four lanes or more with central divider,Sharp curve,,Fine,AP27 W  2090,YES,Minor,1