Operational date,Time of Accident,KM && M,Position,Rural/Urban,Location,Nature of Accident Position,Nature of Accident,Vehicle Involved,Type of Accident,Causes,Road Feature,Road condition,Intersection Type And Control,Weather Condition,Vehicle Responsible,Help Provided by Ambulance/Patroling Vehicle,Classification of Accident,No of Affected Persons
06.07.2012,4:52 AM,1262.2,LHS,Rural,Tangutur,Overturning, Lorry Over turned,Lorry,Minor injury,Fault of driver of motor vehicle/driver of other vehicle/cyclist/pedestrian/passenger,Four lanes or more with central divider,Sharp curve,,Fine,AP27 W  2090,YES,Non injured ,0
06.07.2012,4:52 AM,1262.2,LHS,Rural,Tangutur,Overturning, Lorry Over turned,Lorry,Minor injury,Fault of driver of motor vehicle/driver of other vehicle/cyclist/pedestrian/passenger,Four lanes or more with central divider,Sharp curve,,Fine,AP27 W  2090,YES,Animals affected,0
06.07.2012,10:30 PM,1320,RHS,Rural,Kavali,Rear End Collision,Unknown Vehicle Hit Auto,Unknown,Fatal,Over speed,Four lanes or more with central divider,Straight road,,Fine,AP26BA   5509,YES,Fatal,2
06.07.2012,10:30 PM,1320,RHS,Rural,Kavali,Rear End Collision,Unknown Vehicle Hit Auto,Unknown,Fatal,Over speed,Four lanes or more with central divider,Straight road,,Fine,AP26BA   5509,YES,Grevious,2
06.07.2012,10:30 PM,1320,RHS,Rural,Kavali,Rear End Collision,Unknown Vehicle Hit Auto,Unknown,Fatal,Over speed,Four lanes or more with central divider,Straight road,,Fine,AP26BA   5509,YES,Minor,0
06.07.2012,10:30 PM,1320,RHS,Rural,Kavali,Rear End Collision,Unknown Vehicle Hit Auto,Unknown,Fatal,Over speed,Four lanes or more with central divider,Straight road,,Fine,AP26BA   5509,YES,Non injured ,0
06.07.2012,10:30 PM,1320,RHS,Rural,Kavali,Rear End Collision,Unknown Vehicle Hit Auto,Unknown,Fatal,Over speed,Four lanes or more with central divider,Straight road,,Fine,AP26BA   5509,YES,Animals affected,0
 07.07.2012,4:50 PM,1351.1,RHS,Rural,Kodavaluru,Skidding,Bike Skidding,Bike,Grievious injury,Over speed,Four lanes or more with central divider,Straight road,,Fine,F/R Bike,YES,Fatal,0
 07.07.2012,4:50 PM,1351.1,RHS,Rural,Kodavaluru,Skidding,Bike Skidding,Bike,Grievious injury,Over speed,Four lanes or more with central divider,Straight road,,Fine,F/R Bike,YES,Grevious,1
 07.07.2012,4:50 PM,1351.1,RHS,Rural,Kodavaluru,Skidding,Bike Skidding,Bike,Grievious injury,Over speed,Four lanes or more with central divider,Straight road,,Fine,F/R Bike,YES,Minor,1
 07.07.2012,4:50 PM,1351.1,RHS,Rural,Kodavaluru,Skidding,Bike Skidding,Bike,Grievious injury,Over speed,Four lanes or more with central divider,Straight road,,Fine,F/R Bike,YES,Non injured ,0
 07.07.2012,4:50 PM,1351.1,RHS,Rural,Kodavaluru,Skidding,Bike Skidding,Bike,Grievious injury,Over speed,Four lanes or more with central divider,Straight road,,Fine,F/R Bike,YES,Animals affected,0
09.07.2012,8:00 AM,1288.3,LHS,Rural,Ulavapadu,Overturning,Car Over Turned,Car,Grievious injury,Over speed,Four lanes or more with central divider,Slight curve,,Fine,AP26AG   2610,YES,Fatal,0
09.07.2012,8:00 AM,1288.3,LHS,Rural,Ulavapadu,Overturning,Car Over Turned,Car,Grievious injury,Over speed,Four lanes or more with central divider,Slight curve,,Fine,AP26AG   2610,YES,Grevious,1
09.07.2012,8:00 AM,1288.3,LHS,Rural,Ulavapadu,Overturning,Car Over Turned,Car,Grievious injury,Over speed,Four lanes or more with central divider,Slight curve,,Fine,AP26AG   2610,YES,Minor,1
09.07.2012,8:00 AM,1288.3,LHS,Rural,Ulavapadu,Overturning,Car Over Turned,Car,Grievious injury,Over speed,Four lanes or more with central divider,Slight curve,,Fine,AP26AG   2610,YES,Non injured ,1
09.07.2012,8:00 AM,1288.3,LHS,Rural,Ulavapadu,Overturning,Car Over Turned,Car,Grievious injury,Over speed,Four lanes or more with central divider,Slight curve,,Fine,AP26AG   2610,YES,Animals affected,0
09.07.2012,1:09 PM,1271.8,RHS,Rural,Jarugumalli,Rear End Collision,Lorry hit bike,Lorry,Grievious injury,Over speed,Four lanes or more with central divider,Straight road,T-Junction,Fine,AP27V   1991,YES,Fatal,0
09.07.2012,1:09 PM,1271.8,RHS,Rural,Jarugumalli,Rear End Collision,Lorry hit bike,Lorry,Grievious injury,Over speed,Four lanes or more with central divider,Straight road,T-Junction,Fine,AP27V   1991,YES,Grevious,1
09.07.2012,1:09 PM,1271.8,RHS,Rural,Jarugumalli,Rear End Collision,Lorry hit bike,Lorry,Grievious injury,Over speed,Four lanes or more with central divider,Straight road,T-Junction,Fine,AP27V   1991,YES,Minor,0
09.07.2012,1:09 PM,1271.8,RHS,Rural,Jarugumalli,Rear End Collision,Lorry hit bike,Lorry,Grievious injury,Over speed,Four lanes or more with central divider,Straight road,T-Junction,Fine,AP27V   1991,YES,Non injured ,2
09.07.2012,1:09 PM,1271.8,RHS,Rural,Jarugumalli,Rear End Collision,Lorry hit bike,Lorry,Grievious injury,Over speed,Four lanes or more with central divider,Straight road,T-Junction,Fine,AP27V   1991,YES,Animals affected,0
10.07.2012,1:50 AM,1281.5,LHS,Rural,Singarayakonda,Overturning,Lorry Over Turned,Lorry,Fatal,Over speed,Four lanes or more with central divider,Straight road,,Fine,WB41D    0357,YES,Fatal,2
10.07.2012,1:50 AM,1281.5,LHS,Rural,Singarayakonda,Overturning,Lorry Over Turned,Lorry,Fatal,Over speed,Four lanes or more with central divider,Straight road,,Fine,WB41D    0357,YES,Grevious,0
10.07.2012,1:50 AM,1281.5,LHS,Rural,Singarayakonda,Overturning,Lorry Over Turned,Lorry,Fatal,Over speed,Four lanes or more with central divider,Straight road,,Fine,WB41D    0357,YES,Minor,0
10.07.2012,1:50 AM,1281.5,LHS,Rural,Singarayakonda,Overturning,Lorry Over Turned,Lorry,Fatal,Over speed,Four lanes or more with central divider,Straight road,,Fine,WB41D    0357,YES,Non injured ,0
10.07.2012,1:50 AM,1281.5,LHS,Rural,Singarayakonda,Overturning,Lorry Over Turned,Lorry,Fatal,Over speed,Four lanes or more with central divider,Straight road,,Fine,WB41D    0357,YES,Animals affected,0
10.07.2012,2:25 AM,1231.5,RHS,Rural,Maddipadu,Rear End Collision,Lorry hit Lorry,Lorry,Non injury,Over speed,Four lanes or more with central divider,Straight road,,Fine,AP27Y   5697,YES,Fatal,0
10.07.2012,2:25 AM,1231.5,RHS,Rural,Maddipadu,Rear End Collision,Lorry hit Lorry,Lorry,Non injury,Over speed,Four lanes or more with central divider,Straight road,,Fine,AP27Y   5697,YES,Grevious,0
10.07.2012,2:25 AM,1231.5,RHS,Rural,Maddipadu,Rear End Collision,Lorry hit Lorry,Lorry,Non injury,Over speed,Four lanes or more with central divider,Straight road,,Fine,AP27Y   5697,YES,Minor,0
10.07.2012,2:25 AM,1231.5,RHS,Rural,Maddipadu,Rear End Collision,Lorry hit Lorry,Lorry,Non injury,Over speed,Four lanes or more with central divider,Straight road,,Fine,AP27Y   5697,YES,Non injured ,4
10.07.2012,2:25 AM,1231.5,RHS,Rural,Maddipadu,Rear End Collision,Lorry hit Lorry,Lorry,Non injury,Over speed,Four lanes or more with central divider,Straight road,,Fine,AP27Y   5697,YES,Animals affected,0
10.07.2012,7:00 AM,1243.2,LHS,Urban,Ongole,Rear End Collision,MiniLorry   hit   Unknown Vehicle,Lorry,Minor injury,Over speed,Four lanes or more with central divider,Straight road,,Fine,AP12U     1727,YES,Fatal,0
10.07.2012,7:00 AM,1243.2,LHS,Urban,Ongole,Rear End Collision,MiniLorry   hit   Unknown Vehicle,Lorry,Minor injury,Over speed,Four lanes or more with central divider,Straight road,,Fine,AP12U     1727,YES,Grevious,0
10.07.2012,7:00 AM,1243.2,LHS,Urban,Ongole,Rear End Collision,MiniLorry   hit   Unknown Vehicle,Lorry,Minor injury,Over speed,Four lanes or more with central divider,Straight road,,Fine,AP12U     1727,YES,Minor,1
10.07.2012,7:00 AM,1243.2,LHS,Urban,Ongole,Rear End Collision,MiniLorry   hit   Unknown Vehicle,Lorry,Minor injury,Over speed,Four lanes or more with central divider,Straight road,,Fine,AP12U     1727,YES,Non injured ,1
10.07.2012,7:00 AM,1243.2,LHS,Urban,Ongole,Rear End Collision,MiniLorry   hit   Unknown Vehicle,Lorry,Minor injury,Over speed,Four lanes or more with central divider,Straight road,,Fine,AP12U     1727,YES,Animals affected,0
10.07.2012,11:50 AM,1216.9,LHS,Rural,Medarametla,Rear End Collision,Car hit Bus,Car,Non injury,Over speed,Four lanes or more with central divider,Straight road,,Fine,AP37AY  4757,YES,Fatal,0
10.07.2012,11:50 AM,1216.9,LHS,Rural,Medarametla,Rear End Collision,Car hit Bus,Car,Non injury,Over speed,Four lanes or more with central divider,Straight road,,Fine,AP37AY  4757,YES,Grevious,0
10.07.2012,11:50 AM,1216.9,LHS,Rural,Medarametla,Rear End Collision,Car hit Bus,Car,Non injury,Over speed,Four lanes or more with central divider,Straight road,,Fine,AP37AY  4757,YES,Minor,0
10.07.2012,11:50 AM,1216.9,LHS,Rural,Medarametla,Rear End Collision,Car hit Bus,Car,Non injury,Over speed,Four lanes or more with central divider,Straight road,,Fine,AP37AY  4757,YES,Non injured ,4
10.07.2012,11:50 AM,1216.9,LHS,Rural,Medarametla,Rear End Collision,Car hit Bus,Car,Non injury,Over speed,Four lanes or more with central divider,Straight road,,Fine,AP37AY  4757,YES,Animals affected,0
10.07.2012,2:00 PM,1250.8,RHS,Rural,Ongole,Overturning,Car Over Turned,Car,Non injury,Over speed,Two lanes,Flat road,,Fine,AP27X         9,YES,Fatal,0
10.07.2012,2:00 PM,1250.8,RHS,Rural,Ongole,Overturning,Car Over Turned,Car,Non injury,Over speed,Two lanes,Flat road,,Fine,AP27X         9,YES,Grevious,0
10.07.2012,2:00 PM,1250.8,RHS,Rural,Ongole,Overturning,Car Over Turned,Car,Non injury,Over speed,Two lanes,Flat road,,Fine,AP27X         9,YES,Minor,0
10.07.2012,2:00 PM,1250.8,RHS,Rural,Ongole,Overturning,Car Over Turned,Car,Non injury,Over speed,Two lanes,Flat road,,Fine,AP27X         9,YES,Non injured ,2
10.07.2012,2:00 PM,1250.8,RHS,Rural,Ongole,Overturning,Car Over Turned,Car,Non injury,Over speed,Two lanes,Flat road,,Fine,AP27X         9,YES,Animals affected,0
10.07.2012,7:50 PM,1366.2,LHS,Rural,Kovuru,Overturning,Bus over turned,Bus,Grievious injury,Over speed,Four lanes or more with central divider,Straight road,,Fine,AP26W  9600,YES,Fatal,0
10.07.2012,7:50 PM,1366.2,LHS,Rural,Kovuru,Overturning,Bus over turned,Bus,Grievious injury,Over speed,Four lanes or more with central divider,Straight road,,Fine,AP26W  9600,YES,Grevious,1
10.07.2012,7:50 PM,1366.2,LHS,Rural,Kovuru,Overturning,Bus over turned,Bus,Grievious injury,Over speed,Four lanes or more with central divider,Straight road,,Fine,AP26W  9600,YES,Minor,3
10.07.2012,7:50 PM,1366.2,LHS,Rural,Kovuru,Overturning,Bus over turned,Bus,Grievious injury,Over speed,Four lanes or more with central divider,Straight road,,Fine,AP26W  9600,YES,Non injured ,10
10.07.2012,7:50 PM,1366.2,LHS,Rural,Kovuru,Overturning,Bus over turned,Bus,Grievious injury,Over speed,Four lanes or more with central divider,Straight road,,Fine,AP26W  9600,YES,Animals affected,0
10.07.2012,8:10 PM,1188.5,RHS,Rural,Martur,Collision Brush/Side Wipe, Bike hit Pedestrain,Bike,Grievious injury,Over speed,Four lanes or more with central divider,Straight road,,Fine,F/R Bike,YES,Fatal,0
10.07.2012,8:10 PM,1188.5,RHS,Rural,Martur,Collision Brush/Side Wipe, Bike hit Pedestrain,Bike,Grievious injury,Over speed,Four lanes or more with central divider,Straight road,,Fine,F/R Bike,YES,Grevious,1
10.07.2012,8:10 PM,1188.5,RHS,Rural,Martur,Collision Brush/Side Wipe, Bike hit Pedestrain,Bike,Grievious injury,Over speed,Four lanes or more with central divider,Straight road,,Fine,F/R Bike,YES,Minor,0
10.07.2012,8:10 PM,1188.5,RHS,Rural,Martur,Collision Brush/Side Wipe, Bike hit Pedestrain,Bike,Grievious injury,Over speed,Four lanes or more with central divider,Straight road,,Fine,F/R Bike,YES,Non injured ,1
10.07.2012,8:10 PM,1188.5,RHS,Rural,Martur,Collision Brush/Side Wipe, Bike hit Pedestrain,Bike,Grievious injury,Over speed,Four lanes or more with central divider,Straight road,,Fine,F/R Bike,YES,Animals affected,0
10.07.2012,8:50 PM,1192.5,LHS,Rural,Martur,Rear End Collision,Lorry hit Lorry,Lorry,Minor injury,Over speed,Four lanes or more with central divider,Straight road,,Fine,AP03TA  1686,YES,Fatal,0
10.07.2012,8:50 PM,1192.5,LHS,Rural,Martur,Rear End Collision,Lorry hit Lorry,Lorry,Minor injury,Over speed,Four lanes or more with central divider,Straight road,,Fine,AP03TA  1686,YES,Grevious,0
10.07.2012,8:50 PM,1192.5,LHS,Rural,Martur,Rear End Collision,Lorry hit Lorry,Lorry,Minor injury,Over speed,Four lanes or more with central divider,Straight road,,Fine,AP03TA  1686,YES,Minor,1
10.07.2012,8:50 PM,1192.5,LHS,Rural,Martur,Rear End Collision,Lorry hit Lorry,Lorry,Minor injury,Over speed,Four lanes or more with central divider,Straight road,,Fine,AP03TA  1686,YES,Non injured ,3
10.07.2012,8:50 PM,1192.5,LHS,Rural,Martur,Rear End Collision,Lorry hit Lorry,Lorry,Minor injury,Over speed,Four lanes or more with central divider,Straight road,,Fine,AP03TA  1686,YES,Animals affected,0
11.07.2012,12:15 AM,1286.8,RHS,Rural,Ulavapadu,Rear End Collision,Lorry hit Lorry,Lorry,Minor injury,Over speed,Four lanes or more with central divider,Slight curve,T-Junction,Fine,KA39    6397,YES,Fatal,0
11.07.2012,12:15 AM,1286.8,RHS,Rural,Ulavapadu,Rear End Collision,Lorry hit Lorry,Lorry,Minor injury,Over speed,Four lanes or more with central divider,Slight curve,T-Junction,Fine,KA39    6397,YES,Grevious,1
11.07.2012,12:15 AM,1286.8,RHS,Rural,Ulavapadu,Rear End Collision,Lorry hit Lorry,Lorry,Minor injury,Over speed,Four lanes or more with central divider,Slight curve,T-Junction,Fine,KA39    6397,YES,Minor,0
11.07.2012,12:15 AM,1286.8,RHS,Rural,Ulavapadu,Rear End Collision,Lorry hit Lorry,Lorry,Minor injury,Over speed,Four lanes or more with central divider,Slight curve,T-Junction,Fine,KA39    6397,YES,Non injured ,3
11.07.2012,12:15 AM,1286.8,RHS,Rural,Ulavapadu,Rear End Collision,Lorry hit Lorry,Lorry,Minor injury,Over speed,Four lanes or more with central divider,Slight curve,T-Junction,Fine,KA39    6397,YES,Animals affected,0
11.07.2012,1:15 AM,1184.8,LHS,Rural,Martur,Skidding,Bike Skidding,Bike,Grievious injury,Over speed,Four lanes or more with central divider,Straight road,,Fine,AP07AN  4439,YES,Fatal,0
11.07.2012,1:15 AM,1184.8,LHS,Rural,Martur,Skidding,Bike Skidding,Bike,Grievious injury,Over speed,Four lanes or more with central divider,Straight road,,Fine,AP07AN  4439,YES,Grevious,1
11.07.2012,1:15 AM,1184.8,LHS,Rural,Martur,Skidding,Bike Skidding,Bike,Grievious injury,Over speed,Four lanes or more with central divider,Straight road,,Fine,AP07AN  4439,YES,Minor,0
11.07.2012,1:15 AM,1184.8,LHS,Rural,Martur,Skidding,Bike Skidding,Bike,Grievious injury,Over speed,Four lanes or more with central divider,Straight road,,Fine,AP07AN  4439,YES,Non injured ,0
11.07.2012,1:15 AM,1184.8,LHS,Rural,Martur,Skidding,Bike Skidding,Bike,Grievious injury,Over speed,Four lanes or more with central divider,Straight road,,Fine,AP07AN  4439,YES,Animals affected,0
11.07.2012,3:50 AM,1365,LHS,Rural,Kovuru,Rear End Collision,Lorry Hit Lorry,Lorry,Grievious injury,Over speed,Four lanes or more with central divider,Straight road,,Fine,AP07PU      1033,YES,Fatal,0
11.07.2012,3:50 AM,1365,LHS,Rural,Kovuru,Rear End Collision,Lorry Hit Lorry,Lorry,Grievious injury,Over speed,Four lanes or more with central divider,Straight road,,Fine,AP07PU      1033,YES,Grevious,1
11.07.2012,3:50 AM,1365,LHS,Rural,Kovuru,Rear End Collision,Lorry Hit Lorry,Lorry,Grievious injury,Over speed,Four lanes or more with central divider,Straight road,,Fine,AP07PU      1033,YES,Minor,1
11.07.2012,3:50 AM,1365,LHS,Rural,Kovuru,Rear End Collision,Lorry Hit Lorry,Lorry,Grievious injury,Over speed,Four lanes or more with central divider,Straight road,,Fine,AP07PU      1033,YES,Non injured ,3
11.07.2012,3:50 AM,1365,LHS,Rural,Kovuru,Rear End Collision,Lorry Hit Lorry,Lorry,Grievious injury,Over speed,Four lanes or more with central divider,Straight road,,Fine,AP07PU      1033,YES,Animals affected,0
11.07.2012,6:17 PM,1261.5,LHS,Rural,Tangutur,Rear End Collision, Car hit         Lorry,Car,Non injury,Vehicle out of control,Four lanes or more with central divider,Straight road,,Fine,AP26 AK  1123,YES,Fatal,0
11.07.2012,6:17 PM,1261.5,LHS,Rural,Tangutur,Rear End Collision, Car hit         Lorry,Car,Non injury,Vehicle out of control,Four lanes or more with central divider,Straight road,,Fine,AP26 AK  1123,YES,Grevious,0
11.07.2012,6:17 PM,1261.5,LHS,Rural,Tangutur,Rear End Collision, Car hit         Lorry,Car,Non injury,Vehicle out of control,Four lanes or more with central divider,Straight road,,Fine,AP26 AK  1123,YES,Minor,0
11.07.2012,6:17 PM,1261.5,LHS,Rural,Tangutur,Rear End Collision, Car hit         Lorry,Car,Non injury,Vehicle out of control,Four lanes or more with central divider,Straight road,,Fine,AP26 AK  1123,YES,Non injured ,4
11.07.2012,6:17 PM,1261.5,LHS,Rural,Tangutur,Rear End Collision, Car hit         Lorry,Car,Non injury,Vehicle out of control,Four lanes or more with central divider,Straight road,,Fine,AP26 AK  1123,YES,Animals affected,0
12.07.2012,3:15 AM,1208.4,LHS,Rural,Reningavaram,Rear End Collision,Lorry hit Unknown Vehicle,Lorry,Non injury,Over speed,Four lanes or more with central divider,Straight road,,Fine,APV      1877,YES,Fatal,0
12.07.2012,3:15 AM,1208.4,LHS,Rural,Reningavaram,Rear End Collision,Lorry hit Unknown Vehicle,Lorry,Non injury,Over speed,Four lanes or more with central divider,Straight road,,Fine,APV      1877,YES,Grevious,0
12.07.2012,3:15 AM,1208.4,LHS,Rural,Reningavaram,Rear End Collision,Lorry hit Unknown Vehicle,Lorry,Non injury,Over speed,Four lanes or more with central divider,Straight road,,Fine,APV      1877,YES,Minor,0
12.07.2012,3:15 AM,1208.4,LHS,Rural,Reningavaram,Rear End Collision,Lorry hit Unknown Vehicle,Lorry,Non injury,Over speed,Four lanes or more with central divider,Straight road,,Fine,APV      1877,YES,Non injured ,2
12.07.2012,3:15 AM,1208.4,LHS,Rural,Reningavaram,Rear End Collision,Lorry hit Unknown Vehicle,Lorry,Non injury,Over speed,Four lanes or more with central divider,Straight road,,Fine,APV      1877,YES,Animals affected,0
12.07.2012,4:30 AM,1331.9,RHS,Rural,Kavali,Rear End Collision, Mini  Lorry hit Unknown Vehicle,Lorry,Grievious injury,Fault of driver of motor vehicle/driver of other vehicle/cyclist/pedestrian/passenger,Four lanes or more with central divider,Straight road,,Fine,AP22Y  8195,YES,Fatal,0
12.07.2012,4:30 AM,1331.9,RHS,Rural,Kavali,Rear End Collision, Mini  Lorry hit Unknown Vehicle,Lorry,Grievious injury,Fault of driver of motor vehicle/driver of other vehicle/cyclist/pedestrian/passenger,Four lanes or more with central divider,Straight road,,Fine,AP22Y  8195,YES,Grevious,1
12.07.2012,4:30 AM,1331.9,RHS,Rural,Kavali,Rear End Collision, Mini  Lorry hit Unknown Vehicle,Lorry,Grievious injury,Fault of driver of motor vehicle/driver of other vehicle/cyclist/pedestrian/passenger,Four lanes or more with central divider,Straight road,,Fine,AP22Y  8195,YES,Minor,0
12.07.2012,4:30 AM,1331.9,RHS,Rural,Kavali,Rear End Collision, Mini  Lorry hit Unknown Vehicle,Lorry,Grievious injury,Fault of driver of motor vehicle/driver of other vehicle/cyclist/pedestrian/passenger,Four lanes or more with central divider,Straight road,,Fine,AP22Y  8195,YES,Non injured ,1
12.07.2012,4:30 AM,1331.9,RHS,Rural,Kavali,Rear End Collision, Mini  Lorry hit Unknown Vehicle,Lorry,Grievious injury,Fault of driver of motor vehicle/driver of other vehicle/cyclist/pedestrian/passenger,Four lanes or more with central divider,Straight road,,Fine,AP22Y  8195,YES,Animals affected,0
12.07.2012,6:00 AM,1232,RHS,Rural,Maddipadu,Head on collision,Lorry hit median,Lorry,Non injury,Fault of driver of motor vehicle/driver of other vehicle/cyclist/pedestrian/passenger,Four lanes or more with central divider,Straight road,,Fine,AP04Y  3109,YES,Fatal,0
12.07.2012,6:00 AM,1232,RHS,Rural,Maddipadu,Head on collision,Lorry hit median,Lorry,Non injury,Fault of driver of motor vehicle/driver of other vehicle/cyclist/pedestrian/passenger,Four lanes or more with central divider,Straight road,,Fine,AP04Y  3109,YES,Grevious,0
12.07.2012,6:00 AM,1232,RHS,Rural,Maddipadu,Head on collision,Lorry hit median,Lorry,Non injury,Fault of driver of motor vehicle/driver of other vehicle/cyclist/pedestrian/passenger,Four lanes or more with central divider,Straight road,,Fine,AP04Y  3109,YES,Minor,0
12.07.2012,6:00 AM,1232,RHS,Rural,Maddipadu,Head on collision,Lorry hit median,Lorry,Non injury,Fault of driver of motor vehicle/driver of other vehicle/cyclist/pedestrian/passenger,Four lanes or more with central divider,Straight road,,Fine,AP04Y  3109,YES,Non injured ,2
12.07.2012,6:00 AM,1232,RHS,Rural,Maddipadu,Head on collision,Lorry hit median,Lorry,Non injury,Fault of driver of motor vehicle/driver of other vehicle/cyclist/pedestrian/passenger,Four lanes or more with central divider,Straight road,,Fine,AP04Y  3109,YES,Animals affected,0
12.07.2012,6:40 AM,1214.7,LHS,Rural,Medarametla,Skidding,Lorry  Skidding,Lorry,Non injury,Over speed,Four lanes or more with central divider,Slight curve,,Fine,OR01R  5918,YES,Fatal,0
12.07.2012,6:40 AM,1214.7,LHS,Rural,Medarametla,Skidding,Lorry  Skidding,Lorry,Non injury,Over speed,Four lanes or more with central divider,Slight curve,,Fine,OR01R  5918,YES,Grevious,0
12.07.2012,6:40 AM,1214.7,LHS,Rural,Medarametla,Skidding,Lorry  Skidding,Lorry,Non injury,Over speed,Four lanes or more with central divider,Slight curve,,Fine,OR01R  5918,YES,Minor,0
12.07.2012,6:40 AM,1214.7,LHS,Rural,Medarametla,Skidding,Lorry  Skidding,Lorry,Non injury,Over speed,Four lanes or more with central divider,Slight curve,,Fine,OR01R  5918,YES,Non injured ,2
12.07.2012,6:40 AM,1214.7,LHS,Rural,Medarametla,Skidding,Lorry  Skidding,Lorry,Non injury,Over speed,Four lanes or more with central divider,Slight curve,,Fine,OR01R  5918,YES,Animals affected,0
12.07.2012,8:10 AM,1233.8,RHS,Rural,Maddipadu,Rear End Collision,Lorry hit Unknown Vehicle,Lorry,Non injury,Over speed,Four lanes or more with central divider,Straight road,,Fine,AP05TA  2799,YES,Fatal,0
12.07.2012,8:10 AM,1233.8,RHS,Rural,Maddipadu,Rear End Collision,Lorry hit Unknown Vehicle,Lorry,Non injury,Over speed,Four lanes or more with central divider,Straight road,,Fine,AP05TA  2799,YES,Grevious,0
12.07.2012,8:10 AM,1233.8,RHS,Rural,Maddipadu,Rear End Collision,Lorry hit Unknown Vehicle,Lorry,Non injury,Over speed,Four lanes or more with central divider,Straight road,,Fine,AP05TA  2799,YES,Minor,0
12.07.2012,8:10 AM,1233.8,RHS,Rural,Maddipadu,Rear End Collision,Lorry hit Unknown Vehicle,Lorry,Non injury,Over speed,Four lanes or more with central divider,Straight road,,Fine,AP05TA  2799,YES,Non injured ,2
12.07.2012,8:10 AM,1233.8,RHS,Rural,Maddipadu,Rear End Collision,Lorry hit Unknown Vehicle,Lorry,Non injury,Over speed,Four lanes or more with central divider,Straight road,,Fine,AP05TA  2799,YES,Animals affected,0
13.07.2012,3:00 AM,1313,LHS,Rural,Kavali,Rear End Collision,Lorry hit Lorry,Lorry,Grievious injury,Over speed,Three lanes or more without central divider(median),Straight road,T-Junction,Fine,AP07X  5677,YES,Fatal,0
13.07.2012,3:00 AM,1313,LHS,Rural,Kavali,Rear End Collision,Lorry hit Lorry,Lorry,Grievious injury,Over speed,Three lanes or more without central divider(median),Straight road,T-Junction,Fine,AP07X  5677,YES,Grevious,1
13.07.2012,3:00 AM,1313,LHS,Rural,Kavali,Rear End Collision,Lorry hit Lorry,Lorry,Grievious injury,Over speed,Three lanes or more without central divider(median),Straight road,T-Junction,Fine,AP07X  5677,YES,Minor,1
13.07.2012,3:00 AM,1313,LHS,Rural,Kavali,Rear End Collision,Lorry hit Lorry,Lorry,Grievious injury,Over speed,Three lanes or more without central divider(median),Straight road,T-Junction,Fine,AP07X  5677,YES,Non injured ,2
13.07.2012,3:00 AM,1313,LHS,Rural,Kavali,Rear End Collision,Lorry hit Lorry,Lorry,Grievious injury,Over speed,Three lanes or more without central divider(median),Straight road,T-Junction,Fine,AP07X  5677,YES,Animals affected,0
13.07.2012,3:15 AM,1214.5,LHS,Rural,Reningavaram,Rear End Collision,Lorry hit Lorry,Lorry,Minor injury,Fault of driver of motor vehicle/driver of other vehicle/cyclist/pedestrian/passenger,Four lanes or more with central divider,Straight road,,Fine,AP28V  2343,YES,Fatal,0
13.07.2012,3:15 AM,1214.5,LHS,Rural,Reningavaram,Rear End Collision,Lorry hit Lorry,Lorry,Minor injury,Fault of driver of motor vehicle/driver of other vehicle/cyclist/pedestrian/passenger,Four lanes or more with central divider,Straight road,,Fine,AP28V  2343,YES,Grevious,0
13.07.2012,3:15 AM,1214.5,LHS,Rural,Reningavaram,Rear End Collision,Lorry hit Lorry,Lorry,Minor injury,Fault of driver of motor vehicle/driver of other vehicle/cyclist/pedestrian/passenger,Four lanes or more with central divider,Straight road,,Fine,AP28V  2343,YES,Minor,1
13.07.2012,3:15 AM,1214.5,LHS,Rural,Reningavaram,Rear End Collision,Lorry hit Lorry,Lorry,Minor injury,Fault of driver of motor vehicle/driver of other vehicle/cyclist/pedestrian/passenger,Four lanes or more with central divider,Straight road,,Fine,AP28V  2343,YES,Non injured ,1
13.07.2012,3:15 AM,1214.5,LHS,Rural,Reningavaram,Rear End Collision,Lorry hit Lorry,Lorry,Minor injury,Fault of driver of motor vehicle/driver of other vehicle/cyclist/pedestrian/passenger,Four lanes or more with central divider,Straight road,,Fine,AP28V  2343,YES,Animals affected,0
13.07.2012,4:00 PM,1270.7,LHS,Rural,Jarugumalli,Skidding, Bike Skidding,Bike,Grievious injury,Over speed,Four lanes or more with central divider,Straight road,,Fine,AP27AB 5342,YES,Fatal,0
13.07.2012,4:00 PM,1270.7,LHS,Rural,Jarugumalli,Skidding, Bike Skidding,Bike,Grievious injury,Over speed,Four lanes or more with central divider,Straight road,,Fine,AP27AB 5342,YES,Grevious,2
13.07.2012,4:00 PM,1270.7,LHS,Rural,Jarugumalli,Skidding, Bike Skidding,Bike,Grievious injury,Over speed,Four lanes or more with central divider,Straight road,,Fine,AP27AB 5342,YES,Minor,0
13.07.2012,4:00 PM,1270.7,LHS,Rural,Jarugumalli,Skidding, Bike Skidding,Bike,Grievious injury,Over speed,Four lanes or more with central divider,Straight road,,Fine,AP27AB 5342,YES,Non injured ,0
13.07.2012,4:00 PM,1270.7,LHS,Rural,Jarugumalli,Skidding, Bike Skidding,Bike,Grievious injury,Over speed,Four lanes or more with central divider,Straight road,,Fine,AP27AB 5342,YES,Animals affected,0
13.07.2012,5:10 PM,1188.9,LHS,Rural,Martur,Rear End Collision,Car hit car,Car,Non injury,Over speed,Four lanes or more with central divider,Straight road,,Fine,AP27AB  6799,YES,Fatal,0
13.07.2012,5:10 PM,1188.9,LHS,Rural,Martur,Rear End Collision,Car hit car,Car,Non injury,Over speed,Four lanes or more with central divider,Straight road,,Fine,AP27AB  6799,YES,Grevious,0
13.07.2012,5:10 PM,1188.9,LHS,Rural,Martur,Rear End Collision,Car hit car,Car,Non injury,Over speed,Four lanes or more with central divider,Straight road,,Fine,AP27AB  6799,YES,Minor,0