Operational date,Time of Accident,KM && M,Position,Rural/Urban,Location,Nature of Accident Position,Nature of Accident,Vehicle Involved,Type of Accident,Causes,Road Feature,Road condition,Intersection Type And Control,Weather Condition,Vehicle Responsible,Help Provided by Ambulance/Patroling Vehicle,Classification of Accident,No of Affected Persons
13.07.2012,5:10 PM,1188.9,LHS,Rural,Martur,Rear End Collision,Car hit car,Car,Non injury,Over speed,Four lanes or more with central divider,Straight road,,Fine,AP27AB  6799,YES,Non injured ,4
13.07.2012,5:10 PM,1188.9,LHS,Rural,Martur,Rear End Collision,Car hit car,Car,Non injury,Over speed,Four lanes or more with central divider,Straight road,,Fine,AP27AB  6799,YES,Animals affected,0
13.07.2012,10:15 PM,1192.2,LHS,Rural,Martur,Rear End Collision,Trolley  Hit mini Lorry,Bus,Minor injury,Over speed,Four lanes or more with central divider,Straight road,,Fine,AP04U   8483,YES,Fatal,0
13.07.2012,10:15 PM,1192.2,LHS,Rural,Martur,Rear End Collision,Trolley  Hit mini Lorry,Bus,Minor injury,Over speed,Four lanes or more with central divider,Straight road,,Fine,AP04U   8483,YES,Grevious,0
13.07.2012,10:15 PM,1192.2,LHS,Rural,Martur,Rear End Collision,Trolley  Hit mini Lorry,Bus,Minor injury,Over speed,Four lanes or more with central divider,Straight road,,Fine,AP04U   8483,YES,Minor,1
13.07.2012,10:15 PM,1192.2,LHS,Rural,Martur,Rear End Collision,Trolley  Hit mini Lorry,Bus,Minor injury,Over speed,Four lanes or more with central divider,Straight road,,Fine,AP04U   8483,YES,Non injured ,3
13.07.2012,10:15 PM,1192.2,LHS,Rural,Martur,Rear End Collision,Trolley  Hit mini Lorry,Bus,Minor injury,Over speed,Four lanes or more with central divider,Straight road,,Fine,AP04U   8483,YES,Animals affected,0
14.07.2012,6:20 PM,1287.3,LHS,Rural,Ulavapadu,Rear End Collision,Lorry hit Unknown Vehicle,Lorry,Minor injury,Over speed,Four lanes or more with central divider,Straight road,,Fine,AP9X              0978,YES,Fatal,0
14.07.2012,6:20 PM,1287.3,LHS,Rural,Ulavapadu,Rear End Collision,Lorry hit Unknown Vehicle,Lorry,Minor injury,Over speed,Four lanes or more with central divider,Straight road,,Fine,AP9X              0978,YES,Grevious,0
14.07.2012,6:20 PM,1287.3,LHS,Rural,Ulavapadu,Rear End Collision,Lorry hit Unknown Vehicle,Lorry,Minor injury,Over speed,Four lanes or more with central divider,Straight road,,Fine,AP9X              0978,YES,Minor,1
14.07.2012,6:20 PM,1287.3,LHS,Rural,Ulavapadu,Rear End Collision,Lorry hit Unknown Vehicle,Lorry,Minor injury,Over speed,Four lanes or more with central divider,Straight road,,Fine,AP9X              0978,YES,Non injured ,1
14.07.2012,6:20 PM,1287.3,LHS,Rural,Ulavapadu,Rear End Collision,Lorry hit Unknown Vehicle,Lorry,Minor injury,Over speed,Four lanes or more with central divider,Straight road,,Fine,AP9X              0978,YES,Animals affected,0
15.07.2012,6:20 AM,1243.4,RHS,Urban,Ongole,Rear End Collision,Bus hit Unknown Vehicle,Bus,Non injury,Over speed,Four lanes or more with central divider,Straight road,,Fine,AP16BC  8668,YES,Fatal,0
15.07.2012,6:20 AM,1243.4,RHS,Urban,Ongole,Rear End Collision,Bus hit Unknown Vehicle,Bus,Non injury,Over speed,Four lanes or more with central divider,Straight road,,Fine,AP16BC  8668,YES,Grevious,0
15.07.2012,6:20 AM,1243.4,RHS,Urban,Ongole,Rear End Collision,Bus hit Unknown Vehicle,Bus,Non injury,Over speed,Four lanes or more with central divider,Straight road,,Fine,AP16BC  8668,YES,Minor,0
15.07.2012,6:20 AM,1243.4,RHS,Urban,Ongole,Rear End Collision,Bus hit Unknown Vehicle,Bus,Non injury,Over speed,Four lanes or more with central divider,Straight road,,Fine,AP16BC  8668,YES,Non injured ,20
15.07.2012,6:20 AM,1243.4,RHS,Urban,Ongole,Rear End Collision,Bus hit Unknown Vehicle,Bus,Non injury,Over speed,Four lanes or more with central divider,Straight road,,Fine,AP16BC  8668,YES,Animals affected,0
15.07.2012,8:40 AM,1232.5,LHS,Rural,Maddipadu,Rear End Collision,Car hit Median,Car,Non injury,Over speed,Four lanes or more with central divider,Straight road,,Fine,AP27AB   499,YES,Fatal,0
15.07.2012,8:40 AM,1232.5,LHS,Rural,Maddipadu,Rear End Collision,Car hit Median,Car,Non injury,Over speed,Four lanes or more with central divider,Straight road,,Fine,AP27AB   499,YES,Grevious,0
15.07.2012,8:40 AM,1232.5,LHS,Rural,Maddipadu,Rear End Collision,Car hit Median,Car,Non injury,Over speed,Four lanes or more with central divider,Straight road,,Fine,AP27AB   499,YES,Minor,0
15.07.2012,8:40 AM,1232.5,LHS,Rural,Maddipadu,Rear End Collision,Car hit Median,Car,Non injury,Over speed,Four lanes or more with central divider,Straight road,,Fine,AP27AB   499,YES,Non injured ,2
15.07.2012,8:40 AM,1232.5,LHS,Rural,Maddipadu,Rear End Collision,Car hit Median,Car,Non injury,Over speed,Four lanes or more with central divider,Straight road,,Fine,AP27AB   499,YES,Animals affected,0
15.07.2012,3:55 PM,1344.5,RHS,Rural,Dagadarthi,Rear End Collision,Bike hit RTC Bus,Bike,Grievious injury,Over speed,Four lanes or more with central divider,Straight road,,Fine,AP27AF  2,YES,Fatal,0
15.07.2012,3:55 PM,1344.5,RHS,Rural,Dagadarthi,Rear End Collision,Bike hit RTC Bus,Bike,Grievious injury,Over speed,Four lanes or more with central divider,Straight road,,Fine,AP27AF  2,YES,Grevious,1
15.07.2012,3:55 PM,1344.5,RHS,Rural,Dagadarthi,Rear End Collision,Bike hit RTC Bus,Bike,Grievious injury,Over speed,Four lanes or more with central divider,Straight road,,Fine,AP27AF  2,YES,Minor,1
15.07.2012,3:55 PM,1344.5,RHS,Rural,Dagadarthi,Rear End Collision,Bike hit RTC Bus,Bike,Grievious injury,Over speed,Four lanes or more with central divider,Straight road,,Fine,AP27AF  2,YES,Non injured ,0
15.07.2012,3:55 PM,1344.5,RHS,Rural,Dagadarthi,Rear End Collision,Bike hit RTC Bus,Bike,Grievious injury,Over speed,Four lanes or more with central divider,Straight road,,Fine,AP27AF  2,YES,Animals affected,0
15.07.2012,4:30 PM,1268.9,LHS,Rural,Tangutur,Collision Brush/Side Wipe,Bike hit Median,Bike,Grievious injury,Over speed,Four lanes or more with central divider,Straight road,,Fine,AP27   T/R Bike,YES,Fatal,0
15.07.2012,4:30 PM,1268.9,LHS,Rural,Tangutur,Collision Brush/Side Wipe,Bike hit Median,Bike,Grievious injury,Over speed,Four lanes or more with central divider,Straight road,,Fine,AP27   T/R Bike,YES,Grevious,1
15.07.2012,4:30 PM,1268.9,LHS,Rural,Tangutur,Collision Brush/Side Wipe,Bike hit Median,Bike,Grievious injury,Over speed,Four lanes or more with central divider,Straight road,,Fine,AP27   T/R Bike,YES,Minor,1
15.07.2012,4:30 PM,1268.9,LHS,Rural,Tangutur,Collision Brush/Side Wipe,Bike hit Median,Bike,Grievious injury,Over speed,Four lanes or more with central divider,Straight road,,Fine,AP27   T/R Bike,YES,Non injured ,0
15.07.2012,4:30 PM,1268.9,LHS,Rural,Tangutur,Collision Brush/Side Wipe,Bike hit Median,Bike,Grievious injury,Over speed,Four lanes or more with central divider,Straight road,,Fine,AP27   T/R Bike,YES,Animals affected,0
15.07.2012,5:47 PM,1264.2,LHS,Rural,Tangutur,Rear End Collision,Auto hit Bike,Auto,Minor injury,Over speed,Four lanes or more with central divider,Straight road,,Fine,AP27AD   9553,YES,Fatal,0
15.07.2012,5:47 PM,1264.2,LHS,Rural,Tangutur,Rear End Collision,Auto hit Bike,Auto,Minor injury,Over speed,Four lanes or more with central divider,Straight road,,Fine,AP27AD   9553,YES,Grevious,0
15.07.2012,5:47 PM,1264.2,LHS,Rural,Tangutur,Rear End Collision,Auto hit Bike,Auto,Minor injury,Over speed,Four lanes or more with central divider,Straight road,,Fine,AP27AD   9553,YES,Minor,1
15.07.2012,5:47 PM,1264.2,LHS,Rural,Tangutur,Rear End Collision,Auto hit Bike,Auto,Minor injury,Over speed,Four lanes or more with central divider,Straight road,,Fine,AP27AD   9553,YES,Non injured ,4
15.07.2012,5:47 PM,1264.2,LHS,Rural,Tangutur,Rear End Collision,Auto hit Bike,Auto,Minor injury,Over speed,Four lanes or more with central divider,Straight road,,Fine,AP27AD   9553,YES,Animals affected,0
15.07.2012,8:30 PM,1249.8,RHS,Urban,Ongole,Overturning,Car Over Turned,Car,Non injury,Over speed,Four lanes or more with central divider,Straight road,,Fine,AP28DJ  3337,YES,Fatal,0
15.07.2012,8:30 PM,1249.8,RHS,Urban,Ongole,Overturning,Car Over Turned,Car,Non injury,Over speed,Four lanes or more with central divider,Straight road,,Fine,AP28DJ  3337,YES,Grevious,0
15.07.2012,8:30 PM,1249.8,RHS,Urban,Ongole,Overturning,Car Over Turned,Car,Non injury,Over speed,Four lanes or more with central divider,Straight road,,Fine,AP28DJ  3337,YES,Minor,0
15.07.2012,8:30 PM,1249.8,RHS,Urban,Ongole,Overturning,Car Over Turned,Car,Non injury,Over speed,Four lanes or more with central divider,Straight road,,Fine,AP28DJ  3337,YES,Non injured ,3
15.07.2012,8:30 PM,1249.8,RHS,Urban,Ongole,Overturning,Car Over Turned,Car,Non injury,Over speed,Four lanes or more with central divider,Straight road,,Fine,AP28DJ  3337,YES,Animals affected,0
15.07.2012,10:54 PM,1195.1,LHS,Rural,Martur,Skidding,Bike skidding,Bike,Fatal,Druken,Four lanes or more with central divider,Straight road,,Fine,AP27AJ  3330,YES,Fatal,1
15.07.2012,10:54 PM,1195.1,LHS,Rural,Martur,Skidding,Bike skidding,Bike,Fatal,Druken,Four lanes or more with central divider,Straight road,,Fine,AP27AJ  3330,YES,Grevious,0
15.07.2012,10:54 PM,1195.1,LHS,Rural,Martur,Skidding,Bike skidding,Bike,Fatal,Druken,Four lanes or more with central divider,Straight road,,Fine,AP27AJ  3330,YES,Minor,0
15.07.2012,10:54 PM,1195.1,LHS,Rural,Martur,Skidding,Bike skidding,Bike,Fatal,Druken,Four lanes or more with central divider,Straight road,,Fine,AP27AJ  3330,YES,Non injured ,0
15.07.2012,10:54 PM,1195.1,LHS,Rural,Martur,Skidding,Bike skidding,Bike,Fatal,Druken,Four lanes or more with central divider,Straight road,,Fine,AP27AJ  3330,YES,Animals affected,0
16.07.2012,2:00 AM,1240,RHS,Rural,Ongole,Rear End Collision,Lorry hit Bus&car,Lorry,Minor injury,Over speed,Three lanes or more without central divider(median),Straight road,T-Junction,Fine,AP29TB       2129,YES,Fatal,0
16.07.2012,2:00 AM,1240,RHS,Rural,Ongole,Rear End Collision,Lorry hit Bus&car,Lorry,Minor injury,Over speed,Three lanes or more without central divider(median),Straight road,T-Junction,Fine,AP29TB       2129,YES,Grevious,0
16.07.2012,2:00 AM,1240,RHS,Rural,Ongole,Rear End Collision,Lorry hit Bus&car,Lorry,Minor injury,Over speed,Three lanes or more without central divider(median),Straight road,T-Junction,Fine,AP29TB       2129,YES,Minor,5
16.07.2012,2:00 AM,1240,RHS,Rural,Ongole,Rear End Collision,Lorry hit Bus&car,Lorry,Minor injury,Over speed,Three lanes or more without central divider(median),Straight road,T-Junction,Fine,AP29TB       2129,YES,Non injured ,36
16.07.2012,2:00 AM,1240,RHS,Rural,Ongole,Rear End Collision,Lorry hit Bus&car,Lorry,Minor injury,Over speed,Three lanes or more without central divider(median),Straight road,T-Junction,Fine,AP29TB       2129,YES,Animals affected,0
16.07.2012,5:30 AM,1282.5,LHS,Rural,Singarayakonda,Collision Brush/Side Wipe,Lorry hit Crash Barrier,Lorry,Non injury,Fault of driver of motor vehicle/driver of other vehicle/cyclist/pedestrian/passenger,Four lanes or more with central divider,Straight road,,Fine,HR66       1737,YES,Fatal,0
16.07.2012,5:30 AM,1282.5,LHS,Rural,Singarayakonda,Collision Brush/Side Wipe,Lorry hit Crash Barrier,Lorry,Non injury,Fault of driver of motor vehicle/driver of other vehicle/cyclist/pedestrian/passenger,Four lanes or more with central divider,Straight road,,Fine,HR66       1737,YES,Grevious,0
16.07.2012,5:30 AM,1282.5,LHS,Rural,Singarayakonda,Collision Brush/Side Wipe,Lorry hit Crash Barrier,Lorry,Non injury,Fault of driver of motor vehicle/driver of other vehicle/cyclist/pedestrian/passenger,Four lanes or more with central divider,Straight road,,Fine,HR66       1737,YES,Minor,0
16.07.2012,5:30 AM,1282.5,LHS,Rural,Singarayakonda,Collision Brush/Side Wipe,Lorry hit Crash Barrier,Lorry,Non injury,Fault of driver of motor vehicle/driver of other vehicle/cyclist/pedestrian/passenger,Four lanes or more with central divider,Straight road,,Fine,HR66       1737,YES,Non injured ,2
16.07.2012,5:30 AM,1282.5,LHS,Rural,Singarayakonda,Collision Brush/Side Wipe,Lorry hit Crash Barrier,Lorry,Non injury,Fault of driver of motor vehicle/driver of other vehicle/cyclist/pedestrian/passenger,Four lanes or more with central divider,Straight road,,Fine,HR66       1737,YES,Animals affected,0
16.07.2012,1:30 PM,1252.1,LHS,Rural,Ongole,Rear End Collision,Bike             hit                 Unk,Bike,Grievious injury,Over speed,Four lanes or more with central divider,Straight road,,Fine,AP27C   F/R,YES,Fatal,0
16.07.2012,1:30 PM,1252.1,LHS,Rural,Ongole,Rear End Collision,Bike             hit                 Unk,Bike,Grievious injury,Over speed,Four lanes or more with central divider,Straight road,,Fine,AP27C   F/R,YES,Grevious,1
16.07.2012,1:30 PM,1252.1,LHS,Rural,Ongole,Rear End Collision,Bike             hit                 Unk,Bike,Grievious injury,Over speed,Four lanes or more with central divider,Straight road,,Fine,AP27C   F/R,YES,Minor,0
16.07.2012,1:30 PM,1252.1,LHS,Rural,Ongole,Rear End Collision,Bike             hit                 Unk,Bike,Grievious injury,Over speed,Four lanes or more with central divider,Straight road,,Fine,AP27C   F/R,YES,Non injured ,0
16.07.2012,1:30 PM,1252.1,LHS,Rural,Ongole,Rear End Collision,Bike             hit                 Unk,Bike,Grievious injury,Over speed,Four lanes or more with central divider,Straight road,,Fine,AP27C   F/R,YES,Animals affected,0
16.07.2012,6:30 PM,1258.5,RHS,Rural,Tangutur,Overturning,Mini Lorry over turned,Lorry,Minor injury,Over speed,Four lanes or more with central divider,Straight road,,Light rain,AP27V    7905,YES,Fatal,0
16.07.2012,6:30 PM,1258.5,RHS,Rural,Tangutur,Overturning,Mini Lorry over turned,Lorry,Minor injury,Over speed,Four lanes or more with central divider,Straight road,,Light rain,AP27V    7905,YES,Grevious,0
16.07.2012,6:30 PM,1258.5,RHS,Rural,Tangutur,Overturning,Mini Lorry over turned,Lorry,Minor injury,Over speed,Four lanes or more with central divider,Straight road,,Light rain,AP27V    7905,YES,Minor,1
16.07.2012,6:30 PM,1258.5,RHS,Rural,Tangutur,Overturning,Mini Lorry over turned,Lorry,Minor injury,Over speed,Four lanes or more with central divider,Straight road,,Light rain,AP27V    7905,YES,Non injured ,1
16.07.2012,6:30 PM,1258.5,RHS,Rural,Tangutur,Overturning,Mini Lorry over turned,Lorry,Minor injury,Over speed,Four lanes or more with central divider,Straight road,,Light rain,AP27V    7905,YES,Animals affected,0
16.07.2012,7:10 PM,1234.1,RHS,Rural,Maddipadu,Overturning,Tata ACE    Over turned,Tata Ace,Minor injury,Over speed,Four lanes or more with central divider,Straight road,,Heavy rain,AP27Y    6535,YES,Fatal,0
16.07.2012,7:10 PM,1234.1,RHS,Rural,Maddipadu,Overturning,Tata ACE    Over turned,Tata Ace,Minor injury,Over speed,Four lanes or more with central divider,Straight road,,Heavy rain,AP27Y    6535,YES,Grevious,0
16.07.2012,7:10 PM,1234.1,RHS,Rural,Maddipadu,Overturning,Tata ACE    Over turned,Tata Ace,Minor injury,Over speed,Four lanes or more with central divider,Straight road,,Heavy rain,AP27Y    6535,YES,Minor,2
16.07.2012,7:10 PM,1234.1,RHS,Rural,Maddipadu,Overturning,Tata ACE    Over turned,Tata Ace,Minor injury,Over speed,Four lanes or more with central divider,Straight road,,Heavy rain,AP27Y    6535,YES,Non injured ,0
16.07.2012,7:10 PM,1234.1,RHS,Rural,Maddipadu,Overturning,Tata ACE    Over turned,Tata Ace,Minor injury,Over speed,Four lanes or more with central divider,Straight road,,Heavy rain,AP27Y    6535,YES,Animals affected,0
17.07.2012,12:15 AM,1263.8,LHS,Rural,Tangutur,Rear End Collision,Car hit Lorry,Car,Non injury,Over speed,Four lanes or more with central divider,Straight road,,Fine,TN45AQ   7007,YES,Fatal,0
17.07.2012,12:15 AM,1263.8,LHS,Rural,Tangutur,Rear End Collision,Car hit Lorry,Car,Non injury,Over speed,Four lanes or more with central divider,Straight road,,Fine,TN45AQ   7007,YES,Grevious,0
17.07.2012,12:15 AM,1263.8,LHS,Rural,Tangutur,Rear End Collision,Car hit Lorry,Car,Non injury,Over speed,Four lanes or more with central divider,Straight road,,Fine,TN45AQ   7007,YES,Minor,0
17.07.2012,12:15 AM,1263.8,LHS,Rural,Tangutur,Rear End Collision,Car hit Lorry,Car,Non injury,Over speed,Four lanes or more with central divider,Straight road,,Fine,TN45AQ   7007,YES,Non injured ,4
17.07.2012,12:15 AM,1263.8,LHS,Rural,Tangutur,Rear End Collision,Car hit Lorry,Car,Non injury,Over speed,Four lanes or more with central divider,Straight road,,Fine,TN45AQ   7007,YES,Animals affected,0
17.07.2012,7:20 AM,1218.4,RHS,Rural,Maddipadu,Rear End Collision,Lorry hit Unknown Vehicle,Lorry,Non injury,Over speed,Four lanes or more with central divider,Straight road,,Fine,AP7TA    6299,YES,Fatal,0
17.07.2012,7:20 AM,1218.4,RHS,Rural,Maddipadu,Rear End Collision,Lorry hit Unknown Vehicle,Lorry,Non injury,Over speed,Four lanes or more with central divider,Straight road,,Fine,AP7TA    6299,YES,Grevious,0
17.07.2012,7:20 AM,1218.4,RHS,Rural,Maddipadu,Rear End Collision,Lorry hit Unknown Vehicle,Lorry,Non injury,Over speed,Four lanes or more with central divider,Straight road,,Fine,AP7TA    6299,YES,Minor,0
17.07.2012,7:20 AM,1218.4,RHS,Rural,Maddipadu,Rear End Collision,Lorry hit Unknown Vehicle,Lorry,Non injury,Over speed,Four lanes or more with central divider,Straight road,,Fine,AP7TA    6299,YES,Non injured ,2
17.07.2012,7:20 AM,1218.4,RHS,Rural,Maddipadu,Rear End Collision,Lorry hit Unknown Vehicle,Lorry,Non injury,Over speed,Four lanes or more with central divider,Straight road,,Fine,AP7TA    6299,YES,Animals affected,0
17.07.2012,8:33 PM,1249.9,LHS,Rural,Ongole,Rear End Collision,Unknown Vehicle hit Bike,Unknown,Minor injury,Over speed,Four lanes or more with central divider,Straight road,,Fine,AP27AJ    9518,YES,Fatal,0
17.07.2012,8:33 PM,1249.9,LHS,Rural,Ongole,Rear End Collision,Unknown Vehicle hit Bike,Unknown,Minor injury,Over speed,Four lanes or more with central divider,Straight road,,Fine,AP27AJ    9518,YES,Grevious,0
17.07.2012,8:33 PM,1249.9,LHS,Rural,Ongole,Rear End Collision,Unknown Vehicle hit Bike,Unknown,Minor injury,Over speed,Four lanes or more with central divider,Straight road,,Fine,AP27AJ    9518,YES,Minor,1
17.07.2012,8:33 PM,1249.9,LHS,Rural,Ongole,Rear End Collision,Unknown Vehicle hit Bike,Unknown,Minor injury,Over speed,Four lanes or more with central divider,Straight road,,Fine,AP27AJ    9518,YES,Non injured ,0
17.07.2012,8:33 PM,1249.9,LHS,Rural,Ongole,Rear End Collision,Unknown Vehicle hit Bike,Unknown,Minor injury,Over speed,Four lanes or more with central divider,Straight road,,Fine,AP27AJ    9518,YES,Animals affected,0
18.07.2012,12:50 PM,1282.7,LHS,Rural,Singarayakonda,Rear End Collision,Lorry hit Car,Lorry,Non injury,Over speed,Four lanes or more with central divider,Straight road,,Fine,HR47B    1061,YES,Fatal,0
18.07.2012,12:50 PM,1282.7,LHS,Rural,Singarayakonda,Rear End Collision,Lorry hit Car,Lorry,Non injury,Over speed,Four lanes or more with central divider,Straight road,,Fine,HR47B    1061,YES,Grevious,0
18.07.2012,12:50 PM,1282.7,LHS,Rural,Singarayakonda,Rear End Collision,Lorry hit Car,Lorry,Non injury,Over speed,Four lanes or more with central divider,Straight road,,Fine,HR47B    1061,YES,Minor,0
18.07.2012,12:50 PM,1282.7,LHS,Rural,Singarayakonda,Rear End Collision,Lorry hit Car,Lorry,Non injury,Over speed,Four lanes or more with central divider,Straight road,,Fine,HR47B    1061,YES,Non injured ,4
18.07.2012,12:50 PM,1282.7,LHS,Rural,Singarayakonda,Rear End Collision,Lorry hit Car,Lorry,Non injury,Over speed,Four lanes or more with central divider,Straight road,,Fine,HR47B    1061,YES,Animals affected,0
19.07.2012,4:30 AM,1353.8,LHS,Rural,Kodavaluru,Rear End Collision,Lorry hit Lorry,Lorry,Non injury,Fault of driver of motor vehicle/driver of other vehicle/cyclist/pedestrian/passenger,Four lanes or more with central divider,Straight road,,Fine,AP31TU    8555,YES,Grevious,0
19.07.2012,4:30 AM,1353.8,LHS,Rural,Kodavaluru,Rear End Collision,Lorry hit Lorry,Lorry,Non injury,Fault of driver of motor vehicle/driver of other vehicle/cyclist/pedestrian/passenger,Four lanes or more with central divider,Straight road,,Fine,AP31TU    8555,YES,Fatal,0
19.07.2012,4:30 AM,1353.8,LHS,Rural,Kodavaluru,Rear End Collision,Lorry hit Lorry,Lorry,Non injury,Fault of driver of motor vehicle/driver of other vehicle/cyclist/pedestrian/passenger,Four lanes or more with central divider,Straight road,,Fine,AP31TU    8555,YES,Minor,0
19.07.2012,4:30 AM,1353.8,LHS,Rural,Kodavaluru,Rear End Collision,Lorry hit Lorry,Lorry,Non injury,Fault of driver of motor vehicle/driver of other vehicle/cyclist/pedestrian/passenger,Four lanes or more with central divider,Straight road,,Fine,AP31TU    8555,YES,Non injured ,2
19.07.2012,4:30 AM,1353.8,LHS,Rural,Kodavaluru,Rear End Collision,Lorry hit Lorry,Lorry,Non injury,Fault of driver of motor vehicle/driver of other vehicle/cyclist/pedestrian/passenger,Four lanes or more with central divider,Straight road,,Fine,AP31TU    8555,YES,Animals affected,0
19.07.2012,12:04 PM,1339,LHS,Rural,K.Tippa ,Rear End Collision,Lorry hit car,Lorry,Minor injury,Vehicle out of control,Two lanes,Straight road,,Fine,AP16TY   4244,YES,Fatal,0
19.07.2012,12:04 PM,1339,LHS,Rural,K.Tippa ,Rear End Collision,Lorry hit car,Lorry,Minor injury,Vehicle out of control,Two lanes,Straight road,,Fine,AP16TY   4244,YES,Grevious,0
19.07.2012,12:04 PM,1339,LHS,Rural,K.Tippa ,Rear End Collision,Lorry hit car,Lorry,Minor injury,Vehicle out of control,Two lanes,Straight road,,Fine,AP16TY   4244,YES,Minor,1
19.07.2012,12:04 PM,1339,LHS,Rural,K.Tippa ,Rear End Collision,Lorry hit car,Lorry,Minor injury,Vehicle out of control,Two lanes,Straight road,,Fine,AP16TY   4244,YES,Non injured ,3
19.07.2012,12:04 PM,1339,LHS,Rural,K.Tippa ,Rear End Collision,Lorry hit car,Lorry,Minor injury,Vehicle out of control,Two lanes,Straight road,,Fine,AP16TY   4244,YES,Animals affected,0
20.07.2012,1:40 AM,1338,LHS,Rural,K.Tippa ,Rear End Collision, Lorry hit Lorry,Lorry,Fatal,Over speed,Four lanes or more with central divider,Straight road,,Fine,AP07B   3979,YES,Fatal,1
20.07.2012,1:40 AM,1338,LHS,Rural,K.Tippa ,Rear End Collision, Lorry hit Lorry,Lorry,Fatal,Over speed,Four lanes or more with central divider,Straight road,,Fine,AP07B   3979,YES,Grevious,0
20.07.2012,1:40 AM,1338,LHS,Rural,K.Tippa ,Rear End Collision, Lorry hit Lorry,Lorry,Fatal,Over speed,Four lanes or more with central divider,Straight road,,Fine,AP07B   3979,YES,Minor,0
20.07.2012,1:40 AM,1338,LHS,Rural,K.Tippa ,Rear End Collision, Lorry hit Lorry,Lorry,Fatal,Over speed,Four lanes or more with central divider,Straight road,,Fine,AP07B   3979,YES,Non injured ,2
20.07.2012,1:40 AM,1338,LHS,Rural,K.Tippa ,Rear End Collision, Lorry hit Lorry,Lorry,Fatal,Over speed,Four lanes or more with central divider,Straight road,,Fine,AP07B   3979,YES,Animals affected,0
20.07.2012,3:20 AM,1223,LHS,Rural,Medarametla,Collision Brush/Side Wipe,Car hit Lorry,Car,Minor injury,Vehicle out of control,Four lanes or more with central divider,Sharp curve,,Fine,AP24  AB 2166,YES,Fatal,0
20.07.2012,3:20 AM,1223,LHS,Rural,Medarametla,Collision Brush/Side Wipe,Car hit Lorry,Car,Minor injury,Vehicle out of control,Four lanes or more with central divider,Sharp curve,,Fine,AP24  AB 2166,YES,Grevious,0
20.07.2012,3:20 AM,1223,LHS,Rural,Medarametla,Collision Brush/Side Wipe,Car hit Lorry,Car,Minor injury,Vehicle out of control,Four lanes or more with central divider,Sharp curve,,Fine,AP24  AB 2166,YES,Minor,2
20.07.2012,3:20 AM,1223,LHS,Rural,Medarametla,Collision Brush/Side Wipe,Car hit Lorry,Car,Minor injury,Vehicle out of control,Four lanes or more with central divider,Sharp curve,,Fine,AP24  AB 2166,YES,Non injured ,9
20.07.2012,3:20 AM,1223,LHS,Rural,Medarametla,Collision Brush/Side Wipe,Car hit Lorry,Car,Minor injury,Vehicle out of control,Four lanes or more with central divider,Sharp curve,,Fine,AP24  AB 2166,YES,Animals affected,0
21.07.2012,5:45 AM,1232.3,LHS,Rural,Maddipadu,Rear End Collision, Bus hit Lorry,Bus,Minor injury,Over speed,Three lanes or more without central divider(median),Straight road,Four arm junction,Fine,TN 21 AK  8340,YES,Fatal,0
21.07.2012,5:45 AM,1232.3,LHS,Rural,Maddipadu,Rear End Collision, Bus hit Lorry,Bus,Minor injury,Over speed,Three lanes or more without central divider(median),Straight road,Four arm junction,Fine,TN 21 AK  8340,YES,Grevious,0
21.07.2012,5:45 AM,1232.3,LHS,Rural,Maddipadu,Rear End Collision, Bus hit Lorry,Bus,Minor injury,Over speed,Three lanes or more without central divider(median),Straight road,Four arm junction,Fine,TN 21 AK  8340,YES,Minor,1
21.07.2012,5:45 AM,1232.3,LHS,Rural,Maddipadu,Rear End Collision, Bus hit Lorry,Bus,Minor injury,Over speed,Three lanes or more without central divider(median),Straight road,Four arm junction,Fine,TN 21 AK  8340,YES,Non injured ,34
21.07.2012,5:45 AM,1232.3,LHS,Rural,Maddipadu,Rear End Collision, Bus hit Lorry,Bus,Minor injury,Over speed,Three lanes or more without central divider(median),Straight road,Four arm junction,Fine,TN 21 AK  8340,YES,Animals affected,0
21.07.2012,1:30 PM,1299.7,RHS,Rural,Gudluru,Rear End Collision, Lorry hit Crane,Lorry,Non injury,Vehicle out of control,Four lanes or more with central divider,Straight road,,Fine,AP27 Y   2237,YES,Fatal,0
21.07.2012,1:30 PM,1299.7,RHS,Rural,Gudluru,Rear End Collision, Lorry hit Crane,Lorry,Non injury,Vehicle out of control,Four lanes or more with central divider,Straight road,,Fine,AP27 Y   2237,YES,Grevious,0
21.07.2012,1:30 PM,1299.7,RHS,Rural,Gudluru,Rear End Collision, Lorry hit Crane,Lorry,Non injury,Vehicle out of control,Four lanes or more with central divider,Straight road,,Fine,AP27 Y   2237,YES,Minor,0
21.07.2012,1:30 PM,1299.7,RHS,Rural,Gudluru,Rear End Collision, Lorry hit Crane,Lorry,Non injury,Vehicle out of control,Four lanes or more with central divider,Straight road,,Fine,AP27 Y   2237,YES,Non injured ,1
21.07.2012,1:30 PM,1299.7,RHS,Rural,Gudluru,Rear End Collision, Lorry hit Crane,Lorry,Non injury,Vehicle out of control,Four lanes or more with central divider,Straight road,,Fine,AP27 Y   2237,YES,Animals affected,0
21.07.2012,4:30 PM,1259.4,RHS,Rural,Tangutur,Overturning, Tractor Overturned,Tractor,Non injury,Fault of driver of motor vehicle/driver of other vehicle/cyclist/pedestrian/passenger,Four lanes or more with central divider,Straight road,,Fine,AP26 TA  6101,YES,Fatal,0
21.07.2012,4:30 PM,1259.4,RHS,Rural,Tangutur,Overturning, Tractor Overturned,Tractor,Non injury,Fault of driver of motor vehicle/driver of other vehicle/cyclist/pedestrian/passenger,Four lanes or more with central divider,Straight road,,Fine,AP26 TA  6101,YES,Grevious,0