Operational date,Time of Accident,KM && M,Position,Rural/Urban,Location,Nature of Accident Position,Nature of Accident,Vehicle Involved,Type of Accident,Causes,Road Feature,Road condition,Intersection Type And Control,Weather Condition,Vehicle Responsible,Help Provided by Ambulance/Patroling Vehicle,Classification of Accident,No of Affected Persons
21.07.2012,4:30 PM,1259.4,RHS,Rural,Tangutur,Overturning, Tractor Overturned,Tractor,Non injury,Fault of driver of motor vehicle/driver of other vehicle/cyclist/pedestrian/passenger,Four lanes or more with central divider,Straight road,,Fine,AP26 TA  6101,YES,Minor,0
21.07.2012,4:30 PM,1259.4,RHS,Rural,Tangutur,Overturning, Tractor Overturned,Tractor,Non injury,Fault of driver of motor vehicle/driver of other vehicle/cyclist/pedestrian/passenger,Four lanes or more with central divider,Straight road,,Fine,AP26 TA  6101,YES,Non injured ,1
21.07.2012,4:30 PM,1259.4,RHS,Rural,Tangutur,Overturning, Tractor Overturned,Tractor,Non injury,Fault of driver of motor vehicle/driver of other vehicle/cyclist/pedestrian/passenger,Four lanes or more with central divider,Straight road,,Fine,AP26 TA  6101,YES,Animals affected,0
21.07.2012,5:20 PM,1277.7,LHS,Rural,Singarayakonda,Overturning, Tractor Overturned,Tractor,Non injury,Fault of driver of motor vehicle/driver of other vehicle/cyclist/pedestrian/passenger,Four lanes or more with central divider,Sharp curve,,Fine,AP27 L   5103,YES,Fatal,0
21.07.2012,5:20 PM,1277.7,LHS,Rural,Singarayakonda,Overturning, Tractor Overturned,Tractor,Non injury,Fault of driver of motor vehicle/driver of other vehicle/cyclist/pedestrian/passenger,Four lanes or more with central divider,Sharp curve,,Fine,AP27 L   5103,YES,Grevious,0
21.07.2012,5:20 PM,1277.7,LHS,Rural,Singarayakonda,Overturning, Tractor Overturned,Tractor,Non injury,Fault of driver of motor vehicle/driver of other vehicle/cyclist/pedestrian/passenger,Four lanes or more with central divider,Sharp curve,,Fine,AP27 L   5103,YES,Minor,0
21.07.2012,5:20 PM,1277.7,LHS,Rural,Singarayakonda,Overturning, Tractor Overturned,Tractor,Non injury,Fault of driver of motor vehicle/driver of other vehicle/cyclist/pedestrian/passenger,Four lanes or more with central divider,Sharp curve,,Fine,AP27 L   5103,YES,Non injured ,1
21.07.2012,5:20 PM,1277.7,LHS,Rural,Singarayakonda,Overturning, Tractor Overturned,Tractor,Non injury,Fault of driver of motor vehicle/driver of other vehicle/cyclist/pedestrian/passenger,Four lanes or more with central divider,Sharp curve,,Fine,AP27 L   5103,YES,Animals affected,0
22.07.2012,12:57 AM,1278.1,LHS,Rural,Singarayakonda,Head on collision, Unknown vehicle hit Pedestrian,Unknown,Fatal,Over speed,Four lanes or more with central divider,Sharp curve,,Fine,Unknown    Vehicle,YES,Fatal,1
22.07.2012,12:57 AM,1278.1,LHS,Rural,Singarayakonda,Head on collision, Unknown vehicle hit Pedestrian,Unknown,Fatal,Over speed,Four lanes or more with central divider,Sharp curve,,Fine,Unknown    Vehicle,YES,Grevious,0
22.07.2012,12:57 AM,1278.1,LHS,Rural,Singarayakonda,Head on collision, Unknown vehicle hit Pedestrian,Unknown,Fatal,Over speed,Four lanes or more with central divider,Sharp curve,,Fine,Unknown    Vehicle,YES,Minor,0
22.07.2012,12:57 AM,1278.1,LHS,Rural,Singarayakonda,Head on collision, Unknown vehicle hit Pedestrian,Unknown,Fatal,Over speed,Four lanes or more with central divider,Sharp curve,,Fine,Unknown    Vehicle,YES,Non injured ,0
22.07.2012,12:57 AM,1278.1,LHS,Rural,Singarayakonda,Head on collision, Unknown vehicle hit Pedestrian,Unknown,Fatal,Over speed,Four lanes or more with central divider,Sharp curve,,Fine,Unknown    Vehicle,YES,Animals affected,0
22.07.2012,2:45 AM,1281.4,LHS,Rural,Singarayakonda,Overturning, Lorry Over turned,Lorry,Minor injury,Fault of driver of motor vehicle/driver of other vehicle/cyclist/pedestrian/passenger,Four lanes or more with central divider,Straight road,,Fine,AP26 TA  6808,YES,Fatal,0
22.07.2012,2:45 AM,1281.4,LHS,Rural,Singarayakonda,Overturning, Lorry Over turned,Lorry,Minor injury,Fault of driver of motor vehicle/driver of other vehicle/cyclist/pedestrian/passenger,Four lanes or more with central divider,Straight road,,Fine,AP26 TA  6808,YES,Grevious,0
22.07.2012,2:45 AM,1281.4,LHS,Rural,Singarayakonda,Overturning, Lorry Over turned,Lorry,Minor injury,Fault of driver of motor vehicle/driver of other vehicle/cyclist/pedestrian/passenger,Four lanes or more with central divider,Straight road,,Fine,AP26 TA  6808,YES,Minor,2
22.07.2012,2:45 AM,1281.4,LHS,Rural,Singarayakonda,Overturning, Lorry Over turned,Lorry,Minor injury,Fault of driver of motor vehicle/driver of other vehicle/cyclist/pedestrian/passenger,Four lanes or more with central divider,Straight road,,Fine,AP26 TA  6808,YES,Non injured ,1
22.07.2012,2:45 AM,1281.4,LHS,Rural,Singarayakonda,Overturning, Lorry Over turned,Lorry,Minor injury,Fault of driver of motor vehicle/driver of other vehicle/cyclist/pedestrian/passenger,Four lanes or more with central divider,Straight road,,Fine,AP26 TA  6808,YES,Animals affected,0
23.07.2012,12:20 PM,1285,RHS,Rural,Ulavapadu,Rear End Collision,Lorry hit Lorry,Lorry,Non injury,Over speed,Four lanes or more with central divider,Straight road,,Fine,TN24U     7016,YES,Fatal,0
23.07.2012,12:20 PM,1285,RHS,Rural,Ulavapadu,Rear End Collision,Lorry hit Lorry,Lorry,Non injury,Over speed,Four lanes or more with central divider,Straight road,,Fine,TN24U     7016,YES,Grevious,0
23.07.2012,12:20 PM,1285,RHS,Rural,Ulavapadu,Rear End Collision,Lorry hit Lorry,Lorry,Non injury,Over speed,Four lanes or more with central divider,Straight road,,Fine,TN24U     7016,YES,Minor,0
23.07.2012,12:20 PM,1285,RHS,Rural,Ulavapadu,Rear End Collision,Lorry hit Lorry,Lorry,Non injury,Over speed,Four lanes or more with central divider,Straight road,,Fine,TN24U     7016,YES,Non injured ,4
23.07.2012,12:20 PM,1285,RHS,Rural,Ulavapadu,Rear End Collision,Lorry hit Lorry,Lorry,Non injury,Over speed,Four lanes or more with central divider,Straight road,,Fine,TN24U     7016,YES,Animals affected,0
23.07.2012,6:12 PM,1285.9,RHS,Rural,Ulavapadu,Rear End Collision,Car hit Lorry,Car,Non injury,Over speed,Four lanes or more with central divider,Straight road,,Fine,AP07AM   7209,YES,Fatal,0
23.07.2012,6:12 PM,1285.9,RHS,Rural,Ulavapadu,Rear End Collision,Car hit Lorry,Car,Non injury,Over speed,Four lanes or more with central divider,Straight road,,Fine,AP07AM   7209,YES,Grevious,0
23.07.2012,6:12 PM,1285.9,RHS,Rural,Ulavapadu,Rear End Collision,Car hit Lorry,Car,Non injury,Over speed,Four lanes or more with central divider,Straight road,,Fine,AP07AM   7209,YES,Minor,0
23.07.2012,6:12 PM,1285.9,RHS,Rural,Ulavapadu,Rear End Collision,Car hit Lorry,Car,Non injury,Over speed,Four lanes or more with central divider,Straight road,,Fine,AP07AM   7209,YES,Non injured ,4
23.07.2012,6:12 PM,1285.9,RHS,Rural,Ulavapadu,Rear End Collision,Car hit Lorry,Car,Non injury,Over speed,Four lanes or more with central divider,Straight road,,Fine,AP07AM   7209,YES,Animals affected,0
23.7.2012,7:20 PM,1319.9,LHS,Rural,Kavali,Rear End Collision,Lorry hit Lorry,Lorry,Minor injury,Over speed,Four lanes or more with central divider,Straight road,,Fine,AP10P     2972,YES,Fatal,0
23.7.2012,7:20 PM,1319.9,LHS,Rural,Kavali,Rear End Collision,Lorry hit Lorry,Lorry,Minor injury,Over speed,Four lanes or more with central divider,Straight road,,Fine,AP10P     2972,YES,Grevious,0
23.7.2012,7:20 PM,1319.9,LHS,Rural,Kavali,Rear End Collision,Lorry hit Lorry,Lorry,Minor injury,Over speed,Four lanes or more with central divider,Straight road,,Fine,AP10P     2972,YES,Minor,1
23.7.2012,7:20 PM,1319.9,LHS,Rural,Kavali,Rear End Collision,Lorry hit Lorry,Lorry,Minor injury,Over speed,Four lanes or more with central divider,Straight road,,Fine,AP10P     2972,YES,Non injured ,0
23.7.2012,7:20 PM,1319.9,LHS,Rural,Kavali,Rear End Collision,Lorry hit Lorry,Lorry,Minor injury,Over speed,Four lanes or more with central divider,Straight road,,Fine,AP10P     2972,YES,Animals affected,3
25.07.2012,2:30 PM,1240.2,RHS,Rural,Ongole,Collision Brush/Side Wipe,Tata Ace hit Bike,Tata Ace,Minor injury,Over speed,Four lanes or more with central divider,Straight road,,Fine,AP27PV   4361,YES,Fatal,0
25.07.2012,2:30 PM,1240.2,RHS,Rural,Ongole,Collision Brush/Side Wipe,Tata Ace hit Bike,Tata Ace,Minor injury,Over speed,Four lanes or more with central divider,Straight road,,Fine,AP27PV   4361,YES,Grevious,0
25.07.2012,2:30 PM,1240.2,RHS,Rural,Ongole,Collision Brush/Side Wipe,Tata Ace hit Bike,Tata Ace,Minor injury,Over speed,Four lanes or more with central divider,Straight road,,Fine,AP27PV   4361,YES,Minor,2
25.07.2012,2:30 PM,1240.2,RHS,Rural,Ongole,Collision Brush/Side Wipe,Tata Ace hit Bike,Tata Ace,Minor injury,Over speed,Four lanes or more with central divider,Straight road,,Fine,AP27PV   4361,YES,Non injured ,8
25.07.2012,2:30 PM,1240.2,RHS,Rural,Ongole,Collision Brush/Side Wipe,Tata Ace hit Bike,Tata Ace,Minor injury,Over speed,Four lanes or more with central divider,Straight road,,Fine,AP27PV   4361,YES,Animals affected,0
25.07.2012,6:16 PM,1305.1,LHS,Rural,Gudluru,Collision Brush/Side Wipe,Car hit buffellows,Car,Non injury,Over speed,Four lanes or more with central divider,Straight road,,Fine,AP31W    7778,YES,Fatal,0
25.07.2012,6:16 PM,1305.1,LHS,Rural,Gudluru,Collision Brush/Side Wipe,Car hit buffellows,Car,Non injury,Over speed,Four lanes or more with central divider,Straight road,,Fine,AP31W    7778,YES,Grevious,0
25.07.2012,6:16 PM,1305.1,LHS,Rural,Gudluru,Collision Brush/Side Wipe,Car hit buffellows,Car,Non injury,Over speed,Four lanes or more with central divider,Straight road,,Fine,AP31W    7778,YES,Minor,0
25.07.2012,6:16 PM,1305.1,LHS,Rural,Gudluru,Collision Brush/Side Wipe,Car hit buffellows,Car,Non injury,Over speed,Four lanes or more with central divider,Straight road,,Fine,AP31W    7778,YES,Non injured ,4
25.07.2012,6:16 PM,1305.1,LHS,Rural,Gudluru,Collision Brush/Side Wipe,Car hit buffellows,Car,Non injury,Over speed,Four lanes or more with central divider,Straight road,,Fine,AP31W    7778,YES,Animals affected,3
26.07.2012,7:20 AM,1250,RHS,Urban,Ongole,Rear End Collision,Lorry hit Lorry,Lorry,Non injury,Vehicle out of control,Four lanes or more with central divider,Straight road,,Fine,AP27X     1567,YES,Fatal,0
26.07.2012,7:20 AM,1250,RHS,Urban,Ongole,Rear End Collision,Lorry hit Lorry,Lorry,Non injury,Vehicle out of control,Four lanes or more with central divider,Straight road,,Fine,AP27X     1567,YES,Grevious,0
26.07.2012,7:20 AM,1250,RHS,Urban,Ongole,Rear End Collision,Lorry hit Lorry,Lorry,Non injury,Vehicle out of control,Four lanes or more with central divider,Straight road,,Fine,AP27X     1567,YES,Minor,0
26.07.2012,7:20 AM,1250,RHS,Urban,Ongole,Rear End Collision,Lorry hit Lorry,Lorry,Non injury,Vehicle out of control,Four lanes or more with central divider,Straight road,,Fine,AP27X     1567,YES,Non injured ,2
26.07.2012,7:20 AM,1250,RHS,Urban,Ongole,Rear End Collision,Lorry hit Lorry,Lorry,Non injury,Vehicle out of control,Four lanes or more with central divider,Straight road,,Fine,AP27X     1567,YES,Animals affected,0
26.07.2012,6:40 PM,1244.9,RHS,Urban,Ongole,Collision Brush/Side Wipe, Lorry hit   Bike,Lorry,Fatal,Over speed,Four lanes or more with central divider,Straight road,,Fine,TN62 A  3637,YES,Fatal,1
26.07.2012,6:40 PM,1244.9,RHS,Urban,Ongole,Collision Brush/Side Wipe, Lorry hit   Bike,Lorry,Fatal,Over speed,Four lanes or more with central divider,Straight road,,Fine,TN62 A  3637,YES,Grevious,0
26.07.2012,6:40 PM,1244.9,RHS,Urban,Ongole,Collision Brush/Side Wipe, Lorry hit   Bike,Lorry,Fatal,Over speed,Four lanes or more with central divider,Straight road,,Fine,TN62 A  3637,YES,Minor,0
26.07.2012,6:40 PM,1244.9,RHS,Urban,Ongole,Collision Brush/Side Wipe, Lorry hit   Bike,Lorry,Fatal,Over speed,Four lanes or more with central divider,Straight road,,Fine,TN62 A  3637,YES,Non injured ,0
26.07.2012,6:40 PM,1244.9,RHS,Urban,Ongole,Collision Brush/Side Wipe, Lorry hit   Bike,Lorry,Fatal,Over speed,Four lanes or more with central divider,Straight road,,Fine,TN62 A  3637,YES,Animals affected,0
27.07.2012,4:15 AM,1208,RHS,Rural,Reningavaram,Rear End Collision,Lorry hit Lorry,Lorry,Grievious injury,Over speed,Four lanes or more with central divider,Sharp curve,,Fine,AP03U     3190,YES,Fatal,0
27.07.2012,4:15 AM,1208,RHS,Rural,Reningavaram,Rear End Collision,Lorry hit Lorry,Lorry,Grievious injury,Over speed,Four lanes or more with central divider,Sharp curve,,Fine,AP03U     3190,YES,Grevious,1
27.07.2012,4:15 AM,1208,RHS,Rural,Reningavaram,Rear End Collision,Lorry hit Lorry,Lorry,Grievious injury,Over speed,Four lanes or more with central divider,Sharp curve,,Fine,AP03U     3190,YES,Minor,0
27.07.2012,4:15 AM,1208,RHS,Rural,Reningavaram,Rear End Collision,Lorry hit Lorry,Lorry,Grievious injury,Over speed,Four lanes or more with central divider,Sharp curve,,Fine,AP03U     3190,YES,Non injured ,3
27.07.2012,4:15 AM,1208,RHS,Rural,Reningavaram,Rear End Collision,Lorry hit Lorry,Lorry,Grievious injury,Over speed,Four lanes or more with central divider,Sharp curve,,Fine,AP03U     3190,YES,Animals affected,0
27.07.2012,12:40 PM,1353.6,RHS,Rural,Kodavaluru,Collision Brush/Side Wipe,Unknown Vehicle hit    Pedestrain,Unknown,Fatal,Over speed,Four lanes or more with central divider,Straight road,,Fine,Unknown    Vehicle,YES,Fatal,1
27.07.2012,12:40 PM,1353.6,RHS,Rural,Kodavaluru,Collision Brush/Side Wipe,Unknown Vehicle hit    Pedestrain,Unknown,Fatal,Over speed,Four lanes or more with central divider,Straight road,,Fine,Unknown    Vehicle,YES,Grevious,0
27.07.2012,12:40 PM,1353.6,RHS,Rural,Kodavaluru,Collision Brush/Side Wipe,Unknown Vehicle hit    Pedestrain,Unknown,Fatal,Over speed,Four lanes or more with central divider,Straight road,,Fine,Unknown    Vehicle,YES,Minor,0
27.07.2012,12:40 PM,1353.6,RHS,Rural,Kodavaluru,Collision Brush/Side Wipe,Unknown Vehicle hit    Pedestrain,Unknown,Fatal,Over speed,Four lanes or more with central divider,Straight road,,Fine,Unknown    Vehicle,YES,Non injured ,0
27.07.2012,12:40 PM,1353.6,RHS,Rural,Kodavaluru,Collision Brush/Side Wipe,Unknown Vehicle hit    Pedestrain,Unknown,Fatal,Over speed,Four lanes or more with central divider,Straight road,,Fine,Unknown    Vehicle,YES,Animals affected,0
27.07.2012,2:15 PM,1199,RHS,Rural,Martur,Overturning,Auto Over Turned,Auto,Grievious injury,Over speed,Four lanes or more with central divider,Slight curve,,Fine,AP27X     9466,YES,Fatal,0
27.07.2012,2:15 PM,1199,RHS,Rural,Martur,Overturning,Auto Over Turned,Auto,Grievious injury,Over speed,Four lanes or more with central divider,Slight curve,,Fine,AP27X     9466,YES,Grevious,1
27.07.2012,2:15 PM,1199,RHS,Rural,Martur,Overturning,Auto Over Turned,Auto,Grievious injury,Over speed,Four lanes or more with central divider,Slight curve,,Fine,AP27X     9466,YES,Minor,3
27.07.2012,2:15 PM,1199,RHS,Rural,Martur,Overturning,Auto Over Turned,Auto,Grievious injury,Over speed,Four lanes or more with central divider,Slight curve,,Fine,AP27X     9466,YES,Non injured ,0
27.07.2012,2:15 PM,1199,RHS,Rural,Martur,Overturning,Auto Over Turned,Auto,Grievious injury,Over speed,Four lanes or more with central divider,Slight curve,,Fine,AP27X     9466,YES,Animals affected,0
27.07.2012,4:00 PM,1202,RHS,Rural,Reningavaram,Rear End Collision,Lorry hit Car,Lorry,Minor injury,Over speed,Single lane,Straight road,,Fine,UA06A38   122(Choice number),YES,Fatal,0
27.07.2012,4:00 PM,1202,RHS,Rural,Reningavaram,Rear End Collision,Lorry hit Car,Lorry,Minor injury,Over speed,Single lane,Straight road,,Fine,UA06A38   122(Choice number),YES,Grevious,0
27.07.2012,4:00 PM,1202,RHS,Rural,Reningavaram,Rear End Collision,Lorry hit Car,Lorry,Minor injury,Over speed,Single lane,Straight road,,Fine,UA06A38   122(Choice number),YES,Minor,1
27.07.2012,4:00 PM,1202,RHS,Rural,Reningavaram,Rear End Collision,Lorry hit Car,Lorry,Minor injury,Over speed,Single lane,Straight road,,Fine,UA06A38   122(Choice number),YES,Non injured ,3
27.07.2012,4:00 PM,1202,RHS,Rural,Reningavaram,Rear End Collision,Lorry hit Car,Lorry,Minor injury,Over speed,Single lane,Straight road,,Fine,UA06A38   122(Choice number),YES,Animals affected,0
27.07.2012,5:40 PM,1274.9,RHS,Rural,Singarayakonda,Rear End Collision,MiniLorry   hit   Unknown Vehicle,Lorry,Fatal,Over speed,Four lanes or more with central divider,Straight road,,Fine,AP7TB    6864,YES,Fatal,1
27.07.2012,5:40 PM,1274.9,RHS,Rural,Singarayakonda,Rear End Collision,MiniLorry   hit   Unknown Vehicle,Lorry,Fatal,Over speed,Four lanes or more with central divider,Straight road,,Fine,AP7TB    6864,YES,Grevious,0
27.07.2012,5:40 PM,1274.9,RHS,Rural,Singarayakonda,Rear End Collision,MiniLorry   hit   Unknown Vehicle,Lorry,Fatal,Over speed,Four lanes or more with central divider,Straight road,,Fine,AP7TB    6864,YES,Minor,1
27.07.2012,5:40 PM,1274.9,RHS,Rural,Singarayakonda,Rear End Collision,MiniLorry   hit   Unknown Vehicle,Lorry,Fatal,Over speed,Four lanes or more with central divider,Straight road,,Fine,AP7TB    6864,YES,Non injured ,0
27.07.2012,5:40 PM,1274.9,RHS,Rural,Singarayakonda,Rear End Collision,MiniLorry   hit   Unknown Vehicle,Lorry,Fatal,Over speed,Four lanes or more with central divider,Straight road,,Fine,AP7TB    6864,YES,Animals affected,0
28.07.2012,1:30 AM,1256.3,RHS,Rural,Tangutur,Rear End Collision,Lorry hit              Lorry,Lorry,Non injury,Fault of driver of motor vehicle/driver of other vehicle/cyclist/pedestrian/passenger,Four lanes or more with central divider,Straight road,,Fine,AP29TA     5975       ,YES,Fatal,0
28.07.2012,1:30 AM,1256.3,RHS,Rural,Tangutur,Rear End Collision,Lorry hit              Lorry,Lorry,Non injury,Fault of driver of motor vehicle/driver of other vehicle/cyclist/pedestrian/passenger,Four lanes or more with central divider,Straight road,,Fine,AP29TA     5975       ,YES,Grevious,0
28.07.2012,1:30 AM,1256.3,RHS,Rural,Tangutur,Rear End Collision,Lorry hit              Lorry,Lorry,Non injury,Fault of driver of motor vehicle/driver of other vehicle/cyclist/pedestrian/passenger,Four lanes or more with central divider,Straight road,,Fine,AP29TA     5975       ,YES,Minor,0
28.07.2012,1:30 AM,1256.3,RHS,Rural,Tangutur,Rear End Collision,Lorry hit              Lorry,Lorry,Non injury,Fault of driver of motor vehicle/driver of other vehicle/cyclist/pedestrian/passenger,Four lanes or more with central divider,Straight road,,Fine,AP29TA     5975       ,YES,Non injured ,2
28.07.2012,1:30 AM,1256.3,RHS,Rural,Tangutur,Rear End Collision,Lorry hit              Lorry,Lorry,Non injury,Fault of driver of motor vehicle/driver of other vehicle/cyclist/pedestrian/passenger,Four lanes or more with central divider,Straight road,,Fine,AP29TA     5975       ,YES,Animals affected,0
28.07.2012,1:45 AM,1191,RHS,Rural,Martur,Rear End Collision,Lorry hit    Tata Magic,Lorry,Minor injury,Over speed,Four lanes or more with central divider,Straight road,,Fine,AP31PV  2867,YES,Fatal,0
28.07.2012,1:45 AM,1191,RHS,Rural,Martur,Rear End Collision,Lorry hit    Tata Magic,Lorry,Minor injury,Over speed,Four lanes or more with central divider,Straight road,,Fine,AP31PV  2867,YES,Grevious,0
28.07.2012,1:45 AM,1191,RHS,Rural,Martur,Rear End Collision,Lorry hit    Tata Magic,Lorry,Minor injury,Over speed,Four lanes or more with central divider,Straight road,,Fine,AP31PV  2867,YES,Minor,3
28.07.2012,1:45 AM,1191,RHS,Rural,Martur,Rear End Collision,Lorry hit    Tata Magic,Lorry,Minor injury,Over speed,Four lanes or more with central divider,Straight road,,Fine,AP31PV  2867,YES,Non injured ,3
28.07.2012,1:45 AM,1191,RHS,Rural,Martur,Rear End Collision,Lorry hit    Tata Magic,Lorry,Minor injury,Over speed,Four lanes or more with central divider,Straight road,,Fine,AP31PV  2867,YES,Animals affected,0
28.07.2012,5:00 PM,1242.5,LHS,Rural,Ongole,Rear End Collision,Lorry hit     Tractor,Lorry,Non injury,Over speed,Four lanes or more with central divider,Straight road,,Fine,AP16TU       2629,YES,Fatal,0
28.07.2012,5:00 PM,1242.5,LHS,Rural,Ongole,Rear End Collision,Lorry hit     Tractor,Lorry,Non injury,Over speed,Four lanes or more with central divider,Straight road,,Fine,AP16TU       2629,YES,Grevious,0
28.07.2012,5:00 PM,1242.5,LHS,Rural,Ongole,Rear End Collision,Lorry hit     Tractor,Lorry,Non injury,Over speed,Four lanes or more with central divider,Straight road,,Fine,AP16TU       2629,YES,Minor,0
28.07.2012,5:00 PM,1242.5,LHS,Rural,Ongole,Rear End Collision,Lorry hit     Tractor,Lorry,Non injury,Over speed,Four lanes or more with central divider,Straight road,,Fine,AP16TU       2629,YES,Non injured ,4
28.07.2012,5:00 PM,1242.5,LHS,Rural,Ongole,Rear End Collision,Lorry hit     Tractor,Lorry,Non injury,Over speed,Four lanes or more with central divider,Straight road,,Fine,AP16TU       2629,YES,Animals affected,0
28.07.2012,8:30 PM,1200,LHS,Rural,Martur,Rear End Collision,Lorry hit         bike,Lorry,Non injury,Over speed,Four lanes or more with central divider,Straight road,,Fine,AP04S       2484,YES,Fatal,0
28.07.2012,8:30 PM,1200,LHS,Rural,Martur,Rear End Collision,Lorry hit         bike,Lorry,Non injury,Over speed,Four lanes or more with central divider,Straight road,,Fine,AP04S       2484,YES,Grevious,0
28.07.2012,8:30 PM,1200,LHS,Rural,Martur,Rear End Collision,Lorry hit         bike,Lorry,Non injury,Over speed,Four lanes or more with central divider,Straight road,,Fine,AP04S       2484,YES,Minor,0
28.07.2012,8:30 PM,1200,LHS,Rural,Martur,Rear End Collision,Lorry hit         bike,Lorry,Non injury,Over speed,Four lanes or more with central divider,Straight road,,Fine,AP04S       2484,YES,Non injured ,3
28.07.2012,8:30 PM,1200,LHS,Rural,Martur,Rear End Collision,Lorry hit         bike,Lorry,Non injury,Over speed,Four lanes or more with central divider,Straight road,,Fine,AP04S       2484,YES,Animals affected,0
29.07.2012,2:15 AM,1271.4,LHS,Rural,Jarugumalli,Collision Brush/Side Wipe,Unknown Vehicle hit    Pedestrian,Unknown,Fatal,Over speed,Four lanes or more with central divider,Straight road,,Fine,Unknown    Vehicle,YES,Fatal,1
29.07.2012,2:15 AM,1271.4,LHS,Rural,Jarugumalli,Collision Brush/Side Wipe,Unknown Vehicle hit    Pedestrian,Unknown,Fatal,Over speed,Four lanes or more with central divider,Straight road,,Fine,Unknown    Vehicle,YES,Grevious,0
29.07.2012,2:15 AM,1271.4,LHS,Rural,Jarugumalli,Collision Brush/Side Wipe,Unknown Vehicle hit    Pedestrian,Unknown,Fatal,Over speed,Four lanes or more with central divider,Straight road,,Fine,Unknown    Vehicle,YES,Minor,0
29.07.2012,2:15 AM,1271.4,LHS,Rural,Jarugumalli,Collision Brush/Side Wipe,Unknown Vehicle hit    Pedestrian,Unknown,Fatal,Over speed,Four lanes or more with central divider,Straight road,,Fine,Unknown    Vehicle,YES,Non injured ,0
29.07.2012,2:15 AM,1271.4,LHS,Rural,Jarugumalli,Collision Brush/Side Wipe,Unknown Vehicle hit    Pedestrian,Unknown,Fatal,Over speed,Four lanes or more with central divider,Straight road,,Fine,Unknown    Vehicle,YES,Animals affected,0
29.07.2012,5:34 PM,1260.2,LHS,Rural,Singarayakonda,Collision Brush/Side Wipe,Car hit Bike,Car,Grievious injury,Druken,Four lanes or more with central divider,Straight road,,Fine,AP27AK         0819,YES,Fatal,0
29.07.2012,5:34 PM,1260.2,LHS,Rural,Singarayakonda,Collision Brush/Side Wipe,Car hit Bike,Car,Grievious injury,Druken,Four lanes or more with central divider,Straight road,,Fine,AP27AK         0819,YES,Grevious,1
29.07.2012,5:34 PM,1260.2,LHS,Rural,Singarayakonda,Collision Brush/Side Wipe,Car hit Bike,Car,Grievious injury,Druken,Four lanes or more with central divider,Straight road,,Fine,AP27AK         0819,YES,Minor,0
29.07.2012,5:34 PM,1260.2,LHS,Rural,Singarayakonda,Collision Brush/Side Wipe,Car hit Bike,Car,Grievious injury,Druken,Four lanes or more with central divider,Straight road,,Fine,AP27AK         0819,YES,Non injured ,0
29.07.2012,5:34 PM,1260.2,LHS,Rural,Singarayakonda,Collision Brush/Side Wipe,Car hit Bike,Car,Grievious injury,Druken,Four lanes or more with central divider,Straight road,,Fine,AP27AK         0819,YES,Animals affected,0
30.07.2012,10:30 PM,1194.4,LHS,Rural,Martur,Skidding,Bike      Skidding,Bike,Minor injury,Over speed,Four lanes or more with central divider,Straight road,,Fine,AP05AD  8764,YES,Fatal,0
30.07.2012,10:30 PM,1194.4,LHS,Rural,Martur,Skidding,Bike      Skidding,Bike,Minor injury,Over speed,Four lanes or more with central divider,Straight road,,Fine,AP05AD  8764,YES,Grevious,0
30.07.2012,10:30 PM,1194.4,LHS,Rural,Martur,Skidding,Bike      Skidding,Bike,Minor injury,Over speed,Four lanes or more with central divider,Straight road,,Fine,AP05AD  8764,YES,Minor,2
30.07.2012,10:30 PM,1194.4,LHS,Rural,Martur,Skidding,Bike      Skidding,Bike,Minor injury,Over speed,Four lanes or more with central divider,Straight road,,Fine,AP05AD  8764,YES,Non injured ,0
30.07.2012,10:30 PM,1194.4,LHS,Rural,Martur,Skidding,Bike      Skidding,Bike,Minor injury,Over speed,Four lanes or more with central divider,Straight road,,Fine,AP05AD  8764,YES,Animals affected,0
31.07.2012,2:00 AM,1361.6,RHS,Rural,Kodavaluru,Rear End Collision, Lorry hit Bus,Lorry,Minor injury,Over speed,Four lanes or more with central divider,Straight road,,Fine,AP07TT 5959,YES,Fatal,0
31.07.2012,2:00 AM,1361.6,RHS,Rural,Kodavaluru,Rear End Collision, Lorry hit Bus,Lorry,Minor injury,Over speed,Four lanes or more with central divider,Straight road,,Fine,AP07TT 5959,YES,Grevious,0
31.07.2012,2:00 AM,1361.6,RHS,Rural,Kodavaluru,Rear End Collision, Lorry hit Bus,Lorry,Minor injury,Over speed,Four lanes or more with central divider,Straight road,,Fine,AP07TT 5959,YES,Minor,1
31.07.2012,2:00 AM,1361.6,RHS,Rural,Kodavaluru,Rear End Collision, Lorry hit Bus,Lorry,Minor injury,Over speed,Four lanes or more with central divider,Straight road,,Fine,AP07TT 5959,YES,Non injured ,25
31.07.2012,2:00 AM,1361.6,RHS,Rural,Kodavaluru,Rear End Collision, Lorry hit Bus,Lorry,Minor injury,Over speed,Four lanes or more with central divider,Straight road,,Fine,AP07TT 5959,YES,Animals affected,0
31.07.2012,6:40 PM,1196.7,LHS,Rural,Martur,Skidding, Bike Skidding,Bike,Minor injury,Druken,Four lanes or more with central divider,Straight road,,Fine,AP27J  4317,YES,Fatal,0
31.07.2012,6:40 PM,1196.7,LHS,Rural,Martur,Skidding, Bike Skidding,Bike,Minor injury,Druken,Four lanes or more with central divider,Straight road,,Fine,AP27J  4317,YES,Grevious,0
31.07.2012,6:40 PM,1196.7,LHS,Rural,Martur,Skidding, Bike Skidding,Bike,Minor injury,Druken,Four lanes or more with central divider,Straight road,,Fine,AP27J  4317,YES,Minor,1