Operational date,Time of Accident,KM && M,Position,Rural/Urban,Location,Nature of Accident Position,Nature of Accident,Vehicle Involved,Type of Accident,Causes,Road Feature,Road condition,Intersection Type And Control,Weather Condition,Vehicle Responsible,Help Provided by Ambulance/Patroling Vehicle,Classification of Accident,No of Affected Persons
31.07.2012,6:40 PM,1196.7,LHS,Rural,Martur,Skidding, Bike Skidding,Bike,Minor injury,Druken,Four lanes or more with central divider,Straight road,,Fine,AP27J  4317,YES,Non injured ,0
31.07.2012,6:40 PM,1196.7,LHS,Rural,Martur,Skidding, Bike Skidding,Bike,Minor injury,Druken,Four lanes or more with central divider,Straight road,,Fine,AP27J  4317,YES,Animals affected,0
31.07.2012,9:10 PM,1205.7,RHS,Rural,Reningavaram,Right Turn Collision, Bike hit Unknown Vehicle,Bike,Grievious injury,Over speed,Four lanes or more with central divider,Sharp curve,,Fine,AP34S  2401,YES,Fatal,0
31.07.2012,9:10 PM,1205.7,RHS,Rural,Reningavaram,Right Turn Collision, Bike hit Unknown Vehicle,Bike,Grievious injury,Over speed,Four lanes or more with central divider,Sharp curve,,Fine,AP34S  2401,YES,Grevious,1
31.07.2012,9:10 PM,1205.7,RHS,Rural,Reningavaram,Right Turn Collision, Bike hit Unknown Vehicle,Bike,Grievious injury,Over speed,Four lanes or more with central divider,Sharp curve,,Fine,AP34S  2401,YES,Minor,0
31.07.2012,9:10 PM,1205.7,RHS,Rural,Reningavaram,Right Turn Collision, Bike hit Unknown Vehicle,Bike,Grievious injury,Over speed,Four lanes or more with central divider,Sharp curve,,Fine,AP34S  2401,YES,Non injured ,0
31.07.2012,9:10 PM,1205.7,RHS,Rural,Reningavaram,Right Turn Collision, Bike hit Unknown Vehicle,Bike,Grievious injury,Over speed,Four lanes or more with central divider,Sharp curve,,Fine,AP34S  2401,YES,Animals affected,0
01.08.2012,2:00 AM,1306.2,RHS,Rural,Gudluru,Rear End Collision,Lorry hit Unknown vehicle,Lorry,Grievious injury,Fault of driver of motor vehicle/driver of other vehicle/cyclist/pedestrian/passenger,Four lanes or more with central divider,Straight road,,Fine,AP07TC 1788,YES,Fatal,0
01.08.2012,2:00 AM,1306.2,RHS,Rural,Gudluru,Rear End Collision,Lorry hit Unknown vehicle,Lorry,Grievious injury,Fault of driver of motor vehicle/driver of other vehicle/cyclist/pedestrian/passenger,Four lanes or more with central divider,Straight road,,Fine,AP07TC 1788,YES,Grevious,1
01.08.2012,2:00 AM,1306.2,RHS,Rural,Gudluru,Rear End Collision,Lorry hit Unknown vehicle,Lorry,Grievious injury,Fault of driver of motor vehicle/driver of other vehicle/cyclist/pedestrian/passenger,Four lanes or more with central divider,Straight road,,Fine,AP07TC 1788,YES,Minor,0
01.08.2012,2:00 AM,1306.2,RHS,Rural,Gudluru,Rear End Collision,Lorry hit Unknown vehicle,Lorry,Grievious injury,Fault of driver of motor vehicle/driver of other vehicle/cyclist/pedestrian/passenger,Four lanes or more with central divider,Straight road,,Fine,AP07TC 1788,YES,Non injured ,1
01.08.2012,2:00 AM,1306.2,RHS,Rural,Gudluru,Rear End Collision,Lorry hit Unknown vehicle,Lorry,Grievious injury,Fault of driver of motor vehicle/driver of other vehicle/cyclist/pedestrian/passenger,Four lanes or more with central divider,Straight road,,Fine,AP07TC 1788,YES,Animals affected,0
02.08.2012,12:20 AM,1325.5,LHS,Rural,Kavali,Overturning,Container Vehicle Overturned,Container,Non injury,Over speed,Four lanes or more with central divider,Slight curve,,Fine,TN05AD 0466,YES,Fatal,0
02.08.2012,12:20 AM,1325.5,LHS,Rural,Kavali,Overturning,Container Vehicle Overturned,Container,Non injury,Over speed,Four lanes or more with central divider,Slight curve,,Fine,TN05AD 0466,YES,Grevious,0
02.08.2012,12:20 AM,1325.5,LHS,Rural,Kavali,Overturning,Container Vehicle Overturned,Container,Non injury,Over speed,Four lanes or more with central divider,Slight curve,,Fine,TN05AD 0466,YES,Minor,0
02.08.2012,12:20 AM,1325.5,LHS,Rural,Kavali,Overturning,Container Vehicle Overturned,Container,Non injury,Over speed,Four lanes or more with central divider,Slight curve,,Fine,TN05AD 0466,YES,Non injured ,2
02.08.2012,12:20 AM,1325.5,LHS,Rural,Kavali,Overturning,Container Vehicle Overturned,Container,Non injury,Over speed,Four lanes or more with central divider,Slight curve,,Fine,TN05AD 0466,YES,Animals affected,0
02.08.2012,3:00 AM,1290.7,LHS,Rural,Ulavapadu,Overturning,Lorry Overturned,Lorry,Minor injury,Over speed,Four lanes or more with central divider,Straight road,,Fine,AP16TT 9747,YES,Fatal,0
02.08.2012,3:00 AM,1290.7,LHS,Rural,Ulavapadu,Overturning,Lorry Overturned,Lorry,Minor injury,Over speed,Four lanes or more with central divider,Straight road,,Fine,AP16TT 9747,YES,Grevious,0
02.08.2012,3:00 AM,1290.7,LHS,Rural,Ulavapadu,Overturning,Lorry Overturned,Lorry,Minor injury,Over speed,Four lanes or more with central divider,Straight road,,Fine,AP16TT 9747,YES,Minor,1
02.08.2012,3:00 AM,1290.7,LHS,Rural,Ulavapadu,Overturning,Lorry Overturned,Lorry,Minor injury,Over speed,Four lanes or more with central divider,Straight road,,Fine,AP16TT 9747,YES,Non injured ,1
02.08.2012,3:00 AM,1290.7,LHS,Rural,Ulavapadu,Overturning,Lorry Overturned,Lorry,Minor injury,Over speed,Four lanes or more with central divider,Straight road,,Fine,AP16TT 9747,YES,Animals affected,0
02.08.2012,4:00 AM,1306.2,RHS,Rural,Gudluru,Rear End Collision,Lorry hit Unknown vehicle,Lorry,Non injury,Over speed,Four lanes or more with central divider,Straight road,,Fine,AP16TY 4333,YES,Fatal,0
02.08.2012,4:00 AM,1306.2,RHS,Rural,Gudluru,Rear End Collision,Lorry hit Unknown vehicle,Lorry,Non injury,Over speed,Four lanes or more with central divider,Straight road,,Fine,AP16TY 4333,YES,Grevious,0
02.08.2012,4:00 AM,1306.2,RHS,Rural,Gudluru,Rear End Collision,Lorry hit Unknown vehicle,Lorry,Non injury,Over speed,Four lanes or more with central divider,Straight road,,Fine,AP16TY 4333,YES,Minor,0
02.08.2012,4:00 AM,1306.2,RHS,Rural,Gudluru,Rear End Collision,Lorry hit Unknown vehicle,Lorry,Non injury,Over speed,Four lanes or more with central divider,Straight road,,Fine,AP16TY 4333,YES,Non injured ,2
02.08.2012,4:00 AM,1306.2,RHS,Rural,Gudluru,Rear End Collision,Lorry hit Unknown vehicle,Lorry,Non injury,Over speed,Four lanes or more with central divider,Straight road,,Fine,AP16TY 4333,YES,Animals affected,0
02.08.2012,10:20 AM,1351.4,RHS,Rural,Kodavaluru,Collision Brush/Side Wipe,Bike hit Median,Bike,Grievious injury,Over speed,Four lanes or more with central divider,Slight curve,,Fine,AP26AJ  3512,YES,Fatal,0
02.08.2012,10:20 AM,1351.4,RHS,Rural,Kodavaluru,Collision Brush/Side Wipe,Bike hit Median,Bike,Grievious injury,Over speed,Four lanes or more with central divider,Slight curve,,Fine,AP26AJ  3512,YES,Grevious,1
02.08.2012,10:20 AM,1351.4,RHS,Rural,Kodavaluru,Collision Brush/Side Wipe,Bike hit Median,Bike,Grievious injury,Over speed,Four lanes or more with central divider,Slight curve,,Fine,AP26AJ  3512,YES,Minor,0
02.08.2012,10:20 AM,1351.4,RHS,Rural,Kodavaluru,Collision Brush/Side Wipe,Bike hit Median,Bike,Grievious injury,Over speed,Four lanes or more with central divider,Slight curve,,Fine,AP26AJ  3512,YES,Non injured ,0
02.08.2012,10:20 AM,1351.4,RHS,Rural,Kodavaluru,Collision Brush/Side Wipe,Bike hit Median,Bike,Grievious injury,Over speed,Four lanes or more with central divider,Slight curve,,Fine,AP26AJ  3512,YES,Animals affected,0
02.08.2012,8:20 PM,1262.4,LHS,Rural,Tangutur,Skidding,Bike Skidding,Bike,Grievious injury,Over speed,Four lanes or more with central divider,Straight road,,Fine,AP27AF   1493,YES,Fatal,0
02.08.2012,8:20 PM,1262.4,LHS,Rural,Tangutur,Skidding,Bike Skidding,Bike,Grievious injury,Over speed,Four lanes or more with central divider,Straight road,,Fine,AP27AF   1493,YES,Grevious,1
02.08.2012,8:20 PM,1262.4,LHS,Rural,Tangutur,Skidding,Bike Skidding,Bike,Grievious injury,Over speed,Four lanes or more with central divider,Straight road,,Fine,AP27AF   1493,YES,Minor,1
02.08.2012,8:20 PM,1262.4,LHS,Rural,Tangutur,Skidding,Bike Skidding,Bike,Grievious injury,Over speed,Four lanes or more with central divider,Straight road,,Fine,AP27AF   1493,YES,Non injured ,0
02.08.2012,8:20 PM,1262.4,LHS,Rural,Tangutur,Skidding,Bike Skidding,Bike,Grievious injury,Over speed,Four lanes or more with central divider,Straight road,,Fine,AP27AF   1493,YES,Animals affected,0
03.08.2012,3:40 AM,1272.3,RHS,Rural,Jarugumalli,Rear End Collision,Bus hit Lorry,Bus,Minor injury,Fault of driver of motor vehicle/driver of other vehicle/cyclist/pedestrian/passenger,Four lanes or more with central divider,Straight road,,Fine,AP31TC   0678,YES,Fatal,0
03.08.2012,3:40 AM,1272.3,RHS,Rural,Jarugumalli,Rear End Collision,Bus hit Lorry,Bus,Minor injury,Fault of driver of motor vehicle/driver of other vehicle/cyclist/pedestrian/passenger,Four lanes or more with central divider,Straight road,,Fine,AP31TC   0678,YES,Grevious,0
03.08.2012,3:40 AM,1272.3,RHS,Rural,Jarugumalli,Rear End Collision,Bus hit Lorry,Bus,Minor injury,Fault of driver of motor vehicle/driver of other vehicle/cyclist/pedestrian/passenger,Four lanes or more with central divider,Straight road,,Fine,AP31TC   0678,YES,Minor,1
03.08.2012,3:40 AM,1272.3,RHS,Rural,Jarugumalli,Rear End Collision,Bus hit Lorry,Bus,Minor injury,Fault of driver of motor vehicle/driver of other vehicle/cyclist/pedestrian/passenger,Four lanes or more with central divider,Straight road,,Fine,AP31TC   0678,YES,Non injured ,25
03.08.2012,3:40 AM,1272.3,RHS,Rural,Jarugumalli,Rear End Collision,Bus hit Lorry,Bus,Minor injury,Fault of driver of motor vehicle/driver of other vehicle/cyclist/pedestrian/passenger,Four lanes or more with central divider,Straight road,,Fine,AP31TC   0678,YES,Animals affected,0
03.08.2012,4:10 AM,1291.9,LHS,Rural,Ulavapadu,Rear End Collision,Lorry hit Lorry,Lorry,Minor injury,Over speed,Four lanes or more with central divider,Slight curve,,Fine,AP20W  4689,YES,Fatal,0
03.08.2012,4:10 AM,1291.9,LHS,Rural,Ulavapadu,Rear End Collision,Lorry hit Lorry,Lorry,Minor injury,Over speed,Four lanes or more with central divider,Slight curve,,Fine,AP20W  4689,YES,Grevious,0
03.08.2012,4:10 AM,1291.9,LHS,Rural,Ulavapadu,Rear End Collision,Lorry hit Lorry,Lorry,Minor injury,Over speed,Four lanes or more with central divider,Slight curve,,Fine,AP20W  4689,YES,Minor,1
03.08.2012,4:10 AM,1291.9,LHS,Rural,Ulavapadu,Rear End Collision,Lorry hit Lorry,Lorry,Minor injury,Over speed,Four lanes or more with central divider,Slight curve,,Fine,AP20W  4689,YES,Non injured ,3
03.08.2012,4:10 AM,1291.9,LHS,Rural,Ulavapadu,Rear End Collision,Lorry hit Lorry,Lorry,Minor injury,Over speed,Four lanes or more with central divider,Slight curve,,Fine,AP20W  4689,YES,Animals affected,0
03.08.2012,9:10 PM,1307.3,LHS,Rural,Gudluru,Collision Brush/Side Wipe, Lorry hit Tipper            ,Lorry,Non injury,Vehicle out of control,Three lanes or more without central divider(median),Straight road,Y-Junction,Light rain,AP16 TU 5089,YES,Fatal,0
03.08.2012,9:10 PM,1307.3,LHS,Rural,Gudluru,Collision Brush/Side Wipe, Lorry hit Tipper            ,Lorry,Non injury,Vehicle out of control,Three lanes or more without central divider(median),Straight road,Y-Junction,Light rain,AP16 TU 5089,YES,Grevious,0
03.08.2012,9:10 PM,1307.3,LHS,Rural,Gudluru,Collision Brush/Side Wipe, Lorry hit Tipper            ,Lorry,Non injury,Vehicle out of control,Three lanes or more without central divider(median),Straight road,Y-Junction,Light rain,AP16 TU 5089,YES,Minor,0
03.08.2012,9:10 PM,1307.3,LHS,Rural,Gudluru,Collision Brush/Side Wipe, Lorry hit Tipper            ,Lorry,Non injury,Vehicle out of control,Three lanes or more without central divider(median),Straight road,Y-Junction,Light rain,AP16 TU 5089,YES,Non injured ,2
03.08.2012,9:10 PM,1307.3,LHS,Rural,Gudluru,Collision Brush/Side Wipe, Lorry hit Tipper            ,Lorry,Non injury,Vehicle out of control,Three lanes or more without central divider(median),Straight road,Y-Junction,Light rain,AP16 TU 5089,YES,Animals affected,0
04.08.2012,4:40 AM,1220.2,RHS,Rural,Medarametla,Rear End Collision, Lorry hit Lorry,Lorry,Grievious injury,Fault of driver of motor vehicle/driver of other vehicle/cyclist/pedestrian/passenger,Four lanes or more with central divider,Straight road,,Fine,AP07 TT 4145,YES,Fatal,0
04.08.2012,4:40 AM,1220.2,RHS,Rural,Medarametla,Rear End Collision, Lorry hit Lorry,Lorry,Grievious injury,Fault of driver of motor vehicle/driver of other vehicle/cyclist/pedestrian/passenger,Four lanes or more with central divider,Straight road,,Fine,AP07 TT 4145,YES,Grevious,1
04.08.2012,4:40 AM,1220.2,RHS,Rural,Medarametla,Rear End Collision, Lorry hit Lorry,Lorry,Grievious injury,Fault of driver of motor vehicle/driver of other vehicle/cyclist/pedestrian/passenger,Four lanes or more with central divider,Straight road,,Fine,AP07 TT 4145,YES,Minor,0
04.08.2012,4:40 AM,1220.2,RHS,Rural,Medarametla,Rear End Collision, Lorry hit Lorry,Lorry,Grievious injury,Fault of driver of motor vehicle/driver of other vehicle/cyclist/pedestrian/passenger,Four lanes or more with central divider,Straight road,,Fine,AP07 TT 4145,YES,Non injured ,1
04.08.2012,4:40 AM,1220.2,RHS,Rural,Medarametla,Rear End Collision, Lorry hit Lorry,Lorry,Grievious injury,Fault of driver of motor vehicle/driver of other vehicle/cyclist/pedestrian/passenger,Four lanes or more with central divider,Straight road,,Fine,AP07 TT 4145,YES,Animals affected,0
04.08.2012,5:30 AM,1200,LHS,Rural,Reningavaram,Collision Brush/Side Wipe, Car hit Median,Car,Minor injury,Fault of driver of motor vehicle/driver of other vehicle/cyclist/pedestrian/passenger,Four lanes or more with central divider,Slight curve,,Fine,AP03 TV 6179,YES,Fatal,0
04.08.2012,5:30 AM,1200,LHS,Rural,Reningavaram,Collision Brush/Side Wipe, Car hit Median,Car,Minor injury,Fault of driver of motor vehicle/driver of other vehicle/cyclist/pedestrian/passenger,Four lanes or more with central divider,Slight curve,,Fine,AP03 TV 6179,YES,Grevious,0
04.08.2012,5:30 AM,1200,LHS,Rural,Reningavaram,Collision Brush/Side Wipe, Car hit Median,Car,Minor injury,Fault of driver of motor vehicle/driver of other vehicle/cyclist/pedestrian/passenger,Four lanes or more with central divider,Slight curve,,Fine,AP03 TV 6179,YES,Minor,1
04.08.2012,5:30 AM,1200,LHS,Rural,Reningavaram,Collision Brush/Side Wipe, Car hit Median,Car,Minor injury,Fault of driver of motor vehicle/driver of other vehicle/cyclist/pedestrian/passenger,Four lanes or more with central divider,Slight curve,,Fine,AP03 TV 6179,YES,Non injured ,1
04.08.2012,5:30 AM,1200,LHS,Rural,Reningavaram,Collision Brush/Side Wipe, Car hit Median,Car,Minor injury,Fault of driver of motor vehicle/driver of other vehicle/cyclist/pedestrian/passenger,Four lanes or more with central divider,Slight curve,,Fine,AP03 TV 6179,YES,Animals affected,0
04.08.2012,6:00 AM,1194.3,LHS,Rural,Martur,Rear End Collision, Car hit Tata Ace,Car,Non injury,Fault of driver of motor vehicle/driver of other vehicle/cyclist/pedestrian/passenger,Four lanes or more with central divider,Straight road,,Fine,AP27 TU 5497,YES,Fatal,0
04.08.2012,6:00 AM,1194.3,LHS,Rural,Martur,Rear End Collision, Car hit Tata Ace,Car,Non injury,Fault of driver of motor vehicle/driver of other vehicle/cyclist/pedestrian/passenger,Four lanes or more with central divider,Straight road,,Fine,AP27 TU 5497,YES,Grevious,0
04.08.2012,6:00 AM,1194.3,LHS,Rural,Martur,Rear End Collision, Car hit Tata Ace,Car,Non injury,Fault of driver of motor vehicle/driver of other vehicle/cyclist/pedestrian/passenger,Four lanes or more with central divider,Straight road,,Fine,AP27 TU 5497,YES,Minor,0
04.08.2012,6:00 AM,1194.3,LHS,Rural,Martur,Rear End Collision, Car hit Tata Ace,Car,Non injury,Fault of driver of motor vehicle/driver of other vehicle/cyclist/pedestrian/passenger,Four lanes or more with central divider,Straight road,,Fine,AP27 TU 5497,YES,Non injured ,2
04.08.2012,6:00 AM,1194.3,LHS,Rural,Martur,Rear End Collision, Car hit Tata Ace,Car,Non injury,Fault of driver of motor vehicle/driver of other vehicle/cyclist/pedestrian/passenger,Four lanes or more with central divider,Straight road,,Fine,AP27 TU 5497,YES,Animals affected,0
05.08.2012,2:00 AM,1221.2,LHS,Rural,Medarametla,Collision Brush/Side Wipe, Car hit Bus,Car,Minor injury,Over speed,Three lanes or more without central divider(median),Straight road,T-Junction,Fine,AP31 CY 978,YES,Fatal,0
05.08.2012,2:00 AM,1221.2,LHS,Rural,Medarametla,Collision Brush/Side Wipe, Car hit Bus,Car,Minor injury,Over speed,Three lanes or more without central divider(median),Straight road,T-Junction,Fine,AP31 CY 978,YES,Grevious,0
05.08.2012,2:00 AM,1221.2,LHS,Rural,Medarametla,Collision Brush/Side Wipe, Car hit Bus,Car,Minor injury,Over speed,Three lanes or more without central divider(median),Straight road,T-Junction,Fine,AP31 CY 978,YES,Minor,2
05.08.2012,2:00 AM,1221.2,LHS,Rural,Medarametla,Collision Brush/Side Wipe, Car hit Bus,Car,Minor injury,Over speed,Three lanes or more without central divider(median),Straight road,T-Junction,Fine,AP31 CY 978,YES,Non injured ,6
05.08.2012,2:00 AM,1221.2,LHS,Rural,Medarametla,Collision Brush/Side Wipe, Car hit Bus,Car,Minor injury,Over speed,Three lanes or more without central divider(median),Straight road,T-Junction,Fine,AP31 CY 978,YES,Animals affected,0
05.08.2012,2:05 AM,1311,RHS,Rural,Kavali,Overturning, Lorry Over Turned,Lorry,Non injury,Druken,Four lanes or more with central divider,Slight curve,,Fine,AP27 Y 3749,YES,Fatal,0
05.08.2012,2:05 AM,1311,RHS,Rural,Kavali,Overturning, Lorry Over Turned,Lorry,Non injury,Druken,Four lanes or more with central divider,Slight curve,,Fine,AP27 Y 3749,YES,Grevious,0
05.08.2012,2:05 AM,1311,RHS,Rural,Kavali,Overturning, Lorry Over Turned,Lorry,Non injury,Druken,Four lanes or more with central divider,Slight curve,,Fine,AP27 Y 3749,YES,Minor,0
05.08.2012,2:05 AM,1311,RHS,Rural,Kavali,Overturning, Lorry Over Turned,Lorry,Non injury,Druken,Four lanes or more with central divider,Slight curve,,Fine,AP27 Y 3749,YES,Non injured ,2
05.08.2012,2:05 AM,1311,RHS,Rural,Kavali,Overturning, Lorry Over Turned,Lorry,Non injury,Druken,Four lanes or more with central divider,Slight curve,,Fine,AP27 Y 3749,YES,Animals affected,0
05.08.2012,5:50 AM,1287.6,RHS,Rural,Ulavapadu,Rear End Collision, Bus hit   Lorry,Bus,Non injury,Over speed,Four lanes or more with central divider,Straight road,,Fine,AP 29 Z 2200,YES,Fatal,0
05.08.2012,5:50 AM,1287.6,RHS,Rural,Ulavapadu,Rear End Collision, Bus hit   Lorry,Bus,Non injury,Over speed,Four lanes or more with central divider,Straight road,,Fine,AP 29 Z 2200,YES,Grevious,0
05.08.2012,5:50 AM,1287.6,RHS,Rural,Ulavapadu,Rear End Collision, Bus hit   Lorry,Bus,Non injury,Over speed,Four lanes or more with central divider,Straight road,,Fine,AP 29 Z 2200,YES,Minor,0
05.08.2012,5:50 AM,1287.6,RHS,Rural,Ulavapadu,Rear End Collision, Bus hit   Lorry,Bus,Non injury,Over speed,Four lanes or more with central divider,Straight road,,Fine,AP 29 Z 2200,YES,Non injured ,27
05.08.2012,5:50 AM,1287.6,RHS,Rural,Ulavapadu,Rear End Collision, Bus hit   Lorry,Bus,Non injury,Over speed,Four lanes or more with central divider,Straight road,,Fine,AP 29 Z 2200,YES,Animals affected,0
05.08.2012,6:30 AM,1361.5,LHS,Rural,Kodavaluru,Rear End Collision, Bus hit   Lorry,Bus,Grievious injury,Over speed,Four lanes or more with central divider,Straight road,,Fine,AP03 TA 6724,YES,Fatal,0
05.08.2012,6:30 AM,1361.5,LHS,Rural,Kodavaluru,Rear End Collision, Bus hit   Lorry,Bus,Grievious injury,Over speed,Four lanes or more with central divider,Straight road,,Fine,AP03 TA 6724,YES,Grevious,1
05.08.2012,6:30 AM,1361.5,LHS,Rural,Kodavaluru,Rear End Collision, Bus hit   Lorry,Bus,Grievious injury,Over speed,Four lanes or more with central divider,Straight road,,Fine,AP03 TA 6724,YES,Minor,0
05.08.2012,6:30 AM,1361.5,LHS,Rural,Kodavaluru,Rear End Collision, Bus hit   Lorry,Bus,Grievious injury,Over speed,Four lanes or more with central divider,Straight road,,Fine,AP03 TA 6724,YES,Non injured ,15
05.08.2012,6:30 AM,1361.5,LHS,Rural,Kodavaluru,Rear End Collision, Bus hit   Lorry,Bus,Grievious injury,Over speed,Four lanes or more with central divider,Straight road,,Fine,AP03 TA 6724,YES,Animals affected,0
05.08.2012,8:00 PM,1285.8,RHS,Rural,Ulavapadu,Head on collision, Bike hit  Lorry,Bike,Grievious injury,Fault of driver of motor vehicle/driver of other vehicle/cyclist/pedestrian/passenger,Four lanes or more with central divider,Straight road,,Fine,AP16KA 6621,YES,Fatal,0
05.08.2012,8:00 PM,1285.8,RHS,Rural,Ulavapadu,Head on collision, Bike hit  Lorry,Bike,Grievious injury,Fault of driver of motor vehicle/driver of other vehicle/cyclist/pedestrian/passenger,Four lanes or more with central divider,Straight road,,Fine,AP16KA 6621,YES,Grevious,1
05.08.2012,8:00 PM,1285.8,RHS,Rural,Ulavapadu,Head on collision, Bike hit  Lorry,Bike,Grievious injury,Fault of driver of motor vehicle/driver of other vehicle/cyclist/pedestrian/passenger,Four lanes or more with central divider,Straight road,,Fine,AP16KA 6621,YES,Minor,0
05.08.2012,8:00 PM,1285.8,RHS,Rural,Ulavapadu,Head on collision, Bike hit  Lorry,Bike,Grievious injury,Fault of driver of motor vehicle/driver of other vehicle/cyclist/pedestrian/passenger,Four lanes or more with central divider,Straight road,,Fine,AP16KA 6621,YES,Non injured ,0
05.08.2012,8:00 PM,1285.8,RHS,Rural,Ulavapadu,Head on collision, Bike hit  Lorry,Bike,Grievious injury,Fault of driver of motor vehicle/driver of other vehicle/cyclist/pedestrian/passenger,Four lanes or more with central divider,Straight road,,Fine,AP16KA 6621,YES,Animals affected,0
05.08.2012,10:40 PM,1198.7,RHS,Rural,Martur,Skidding, Bike    Skidding,Bike,Grievious injury,Over speed,Four lanes or more with central divider,Straight road,,Fine,AP 27P 0976,YES,Fatal,0
05.08.2012,10:40 PM,1198.7,RHS,Rural,Martur,Skidding, Bike    Skidding,Bike,Grievious injury,Over speed,Four lanes or more with central divider,Straight road,,Fine,AP 27P 0976,YES,Grevious,2
05.08.2012,10:40 PM,1198.7,RHS,Rural,Martur,Skidding, Bike    Skidding,Bike,Grievious injury,Over speed,Four lanes or more with central divider,Straight road,,Fine,AP 27P 0976,YES,Minor,0
05.08.2012,10:40 PM,1198.7,RHS,Rural,Martur,Skidding, Bike    Skidding,Bike,Grievious injury,Over speed,Four lanes or more with central divider,Straight road,,Fine,AP 27P 0976,YES,Non injured ,0
05.08.2012,10:40 PM,1198.7,RHS,Rural,Martur,Skidding, Bike    Skidding,Bike,Grievious injury,Over speed,Four lanes or more with central divider,Straight road,,Fine,AP 27P 0976,YES,Animals affected,0
06.08.2012,2:55 AM,1330.4,LHS,Rural,Kavali,Rear End Collision, Car hit  Bus,Car,Minor injury,Vehicle out of control,Four lanes or more with central divider,Straight road,,Fine,AP07Y  1399,YES,Fatal,0
06.08.2012,2:55 AM,1330.4,LHS,Rural,Kavali,Rear End Collision, Car hit  Bus,Car,Minor injury,Vehicle out of control,Four lanes or more with central divider,Straight road,,Fine,AP07Y  1399,YES,Grevious,0
06.08.2012,2:55 AM,1330.4,LHS,Rural,Kavali,Rear End Collision, Car hit  Bus,Car,Minor injury,Vehicle out of control,Four lanes or more with central divider,Straight road,,Fine,AP07Y  1399,YES,Minor,2
06.08.2012,2:55 AM,1330.4,LHS,Rural,Kavali,Rear End Collision, Car hit  Bus,Car,Minor injury,Vehicle out of control,Four lanes or more with central divider,Straight road,,Fine,AP07Y  1399,YES,Non injured ,6
06.08.2012,2:55 AM,1330.4,LHS,Rural,Kavali,Rear End Collision, Car hit  Bus,Car,Minor injury,Vehicle out of control,Four lanes or more with central divider,Straight road,,Fine,AP07Y  1399,YES,Animals affected,0
06.08.2012,5:50 AM,1185.2,LHS,Rural,Martur,Collision Brush/Side Wipe, Lorry hit Barriers,Lorry,Non injury,Fault of driver of motor vehicle/driver of other vehicle/cyclist/pedestrian/passenger,Four lanes or more with central divider,Straight road,,Fine,AP27V  7722,YES,Fatal,0
06.08.2012,5:50 AM,1185.2,LHS,Rural,Martur,Collision Brush/Side Wipe, Lorry hit Barriers,Lorry,Non injury,Fault of driver of motor vehicle/driver of other vehicle/cyclist/pedestrian/passenger,Four lanes or more with central divider,Straight road,,Fine,AP27V  7722,YES,Grevious,0
06.08.2012,5:50 AM,1185.2,LHS,Rural,Martur,Collision Brush/Side Wipe, Lorry hit Barriers,Lorry,Non injury,Fault of driver of motor vehicle/driver of other vehicle/cyclist/pedestrian/passenger,Four lanes or more with central divider,Straight road,,Fine,AP27V  7722,YES,Minor,0
06.08.2012,5:50 AM,1185.2,LHS,Rural,Martur,Collision Brush/Side Wipe, Lorry hit Barriers,Lorry,Non injury,Fault of driver of motor vehicle/driver of other vehicle/cyclist/pedestrian/passenger,Four lanes or more with central divider,Straight road,,Fine,AP27V  7722,YES,Non injured ,2
06.08.2012,5:50 AM,1185.2,LHS,Rural,Martur,Collision Brush/Side Wipe, Lorry hit Barriers,Lorry,Non injury,Fault of driver of motor vehicle/driver of other vehicle/cyclist/pedestrian/passenger,Four lanes or more with central divider,Straight road,,Fine,AP27V  7722,YES,Animals affected,0
06.08.2012,1:40 PM,1206.1,RHS,Rural,Reningavaram,Overturning,Auto      Overturned,Auto,Fatal,Over speed,Four lanes or more with central divider,Slight curve,,Fine,AP7TU 8508,YES,Fatal,1
06.08.2012,1:40 PM,1206.1,RHS,Rural,Reningavaram,Overturning,Auto      Overturned,Auto,Fatal,Over speed,Four lanes or more with central divider,Slight curve,,Fine,AP7TU 8508,YES,Grevious,0
06.08.2012,1:40 PM,1206.1,RHS,Rural,Reningavaram,Overturning,Auto      Overturned,Auto,Fatal,Over speed,Four lanes or more with central divider,Slight curve,,Fine,AP7TU 8508,YES,Minor,8
06.08.2012,1:40 PM,1206.1,RHS,Rural,Reningavaram,Overturning,Auto      Overturned,Auto,Fatal,Over speed,Four lanes or more with central divider,Slight curve,,Fine,AP7TU 8508,YES,Non injured ,1
06.08.2012,1:40 PM,1206.1,RHS,Rural,Reningavaram,Overturning,Auto      Overturned,Auto,Fatal,Over speed,Four lanes or more with central divider,Slight curve,,Fine,AP7TU 8508,YES,Animals affected,0
06.08.2012,6:40 PM,1271.2,RHS,Rural,Jarugumalli,Collision Brush/Side Wipe,Car hit Median,Car,Non injury,Over speed,Four lanes or more with central divider,Straight road,,Fine,AP05VP6069,YES,Fatal,0
06.08.2012,6:40 PM,1271.2,RHS,Rural,Jarugumalli,Collision Brush/Side Wipe,Car hit Median,Car,Non injury,Over speed,Four lanes or more with central divider,Straight road,,Fine,AP05VP6069,YES,Grevious,0
06.08.2012,6:40 PM,1271.2,RHS,Rural,Jarugumalli,Collision Brush/Side Wipe,Car hit Median,Car,Non injury,Over speed,Four lanes or more with central divider,Straight road,,Fine,AP05VP6069,YES,Minor,0