Operational date,Time of Accident,KM && M,Position,Rural/Urban,Location,Nature of Accident Position,Nature of Accident,Vehicle Involved,Type of Accident,Causes,Road Feature,Road condition,Intersection Type And Control,Weather Condition,Vehicle Responsible,Help Provided by Ambulance/Patroling Vehicle,Classification of Accident,No of Affected Persons
06.08.2012,6:40 PM,1271.2,RHS,Rural,Jarugumalli,Collision Brush/Side Wipe,Car hit Median,Car,Non injury,Over speed,Four lanes or more with central divider,Straight road,,Fine,AP05VP6069,YES,Non injured ,3
06.08.2012,6:40 PM,1271.2,RHS,Rural,Jarugumalli,Collision Brush/Side Wipe,Car hit Median,Car,Non injury,Over speed,Four lanes or more with central divider,Straight road,,Fine,AP05VP6069,YES,Animals affected,0
07.08.2012,8:00 AM,1201.1,LHS,Rural,Reningavaram,Collision Brush/Side Wipe,Unknown Vehicle hit Bike,Unknown,Minor injury,Over speed,Four lanes or more with central divider,Straight road,,Fine,AP29H  1549,YES,Fatal,0
07.08.2012,8:00 AM,1201.1,LHS,Rural,Reningavaram,Collision Brush/Side Wipe,Unknown Vehicle hit Bike,Unknown,Minor injury,Over speed,Four lanes or more with central divider,Straight road,,Fine,AP29H  1549,YES,Grevious,0
07.08.2012,8:00 AM,1201.1,LHS,Rural,Reningavaram,Collision Brush/Side Wipe,Unknown Vehicle hit Bike,Unknown,Minor injury,Over speed,Four lanes or more with central divider,Straight road,,Fine,AP29H  1549,YES,Minor,2
07.08.2012,8:00 AM,1201.1,LHS,Rural,Reningavaram,Collision Brush/Side Wipe,Unknown Vehicle hit Bike,Unknown,Minor injury,Over speed,Four lanes or more with central divider,Straight road,,Fine,AP29H  1549,YES,Non injured ,0
07.08.2012,8:00 AM,1201.1,LHS,Rural,Reningavaram,Collision Brush/Side Wipe,Unknown Vehicle hit Bike,Unknown,Minor injury,Over speed,Four lanes or more with central divider,Straight road,,Fine,AP29H  1549,YES,Animals affected,0
07.08.2012,8:35 PM,1206.6,RHS,Rural,Reningavaram,Collision Brush/Side Wipe,Unknown Vehicle hit Pedestrian,Unknown,Minor injury,Over speed,Four lanes or more with central divider,Straight road,,Fine,Unknown  Vehicle,YES,Fatal,0
07.08.2012,8:35 PM,1206.6,RHS,Rural,Reningavaram,Collision Brush/Side Wipe,Unknown Vehicle hit Pedestrian,Unknown,Minor injury,Over speed,Four lanes or more with central divider,Straight road,,Fine,Unknown  Vehicle,YES,Grevious,1
07.08.2012,8:35 PM,1206.6,RHS,Rural,Reningavaram,Collision Brush/Side Wipe,Unknown Vehicle hit Pedestrian,Unknown,Minor injury,Over speed,Four lanes or more with central divider,Straight road,,Fine,Unknown  Vehicle,YES,Minor,0
07.08.2012,8:35 PM,1206.6,RHS,Rural,Reningavaram,Collision Brush/Side Wipe,Unknown Vehicle hit Pedestrian,Unknown,Minor injury,Over speed,Four lanes or more with central divider,Straight road,,Fine,Unknown  Vehicle,YES,Non injured ,0
07.08.2012,8:35 PM,1206.6,RHS,Rural,Reningavaram,Collision Brush/Side Wipe,Unknown Vehicle hit Pedestrian,Unknown,Minor injury,Over speed,Four lanes or more with central divider,Straight road,,Fine,Unknown  Vehicle,YES,Animals affected,0
08.08.2012,10:38 PM,1291.9,RHS,Rural,Ulavapadu,Rear End Collision, Lorry hit Lorry,Lorry,Non injury,Fault of driver of motor vehicle/driver of other vehicle/cyclist/pedestrian/passenger,Four lanes or more with central divider,Straight road,,Fine,TN23   7927,YES,Fatal,0
08.08.2012,10:38 PM,1291.9,RHS,Rural,Ulavapadu,Rear End Collision, Lorry hit Lorry,Lorry,Non injury,Fault of driver of motor vehicle/driver of other vehicle/cyclist/pedestrian/passenger,Four lanes or more with central divider,Straight road,,Fine,TN23   7927,YES,Grevious,0
08.08.2012,10:38 PM,1291.9,RHS,Rural,Ulavapadu,Rear End Collision, Lorry hit Lorry,Lorry,Non injury,Fault of driver of motor vehicle/driver of other vehicle/cyclist/pedestrian/passenger,Four lanes or more with central divider,Straight road,,Fine,TN23   7927,YES,Minor,0
08.08.2012,10:38 PM,1291.9,RHS,Rural,Ulavapadu,Rear End Collision, Lorry hit Lorry,Lorry,Non injury,Fault of driver of motor vehicle/driver of other vehicle/cyclist/pedestrian/passenger,Four lanes or more with central divider,Straight road,,Fine,TN23   7927,YES,Non injured ,2
08.08.2012,10:38 PM,1291.9,RHS,Rural,Ulavapadu,Rear End Collision, Lorry hit Lorry,Lorry,Non injury,Fault of driver of motor vehicle/driver of other vehicle/cyclist/pedestrian/passenger,Four lanes or more with central divider,Straight road,,Fine,TN23   7927,YES,Animals affected,0
09.08.2012,2:38 AM,1306.3,LHS,Rural,Gudluru,Rear End Collision, Lorry hit Lorry,Lorry,Non injury,Fault of driver of motor vehicle/driver of other vehicle/cyclist/pedestrian/passenger,Four lanes or more with central divider,Straight road,,Fine,AP07TW 9444,YES,Fatal,0
09.08.2012,2:38 AM,1306.3,LHS,Rural,Gudluru,Rear End Collision, Lorry hit Lorry,Lorry,Non injury,Fault of driver of motor vehicle/driver of other vehicle/cyclist/pedestrian/passenger,Four lanes or more with central divider,Straight road,,Fine,AP07TW 9444,YES,Grevious,1
09.08.2012,2:38 AM,1306.3,LHS,Rural,Gudluru,Rear End Collision, Lorry hit Lorry,Lorry,Non injury,Fault of driver of motor vehicle/driver of other vehicle/cyclist/pedestrian/passenger,Four lanes or more with central divider,Straight road,,Fine,AP07TW 9444,YES,Minor,1
09.08.2012,2:38 AM,1306.3,LHS,Rural,Gudluru,Rear End Collision, Lorry hit Lorry,Lorry,Non injury,Fault of driver of motor vehicle/driver of other vehicle/cyclist/pedestrian/passenger,Four lanes or more with central divider,Straight road,,Fine,AP07TW 9444,YES,Non injured ,0
09.08.2012,2:38 AM,1306.3,LHS,Rural,Gudluru,Rear End Collision, Lorry hit Lorry,Lorry,Non injury,Fault of driver of motor vehicle/driver of other vehicle/cyclist/pedestrian/passenger,Four lanes or more with central divider,Straight road,,Fine,AP07TW 9444,YES,Animals affected,0
09.08.2012,5:11 AM,1299.8,LHS,Rural,Gudluru,Others(p1.Specific), Unknown Vehicle hit Pedestrian,Unknown,Fatal,Over speed,Four lanes or more with central divider,Straight road,,Fine,Unknown  Vehicle,YES,Fatal,1
09.08.2012,5:11 AM,1299.8,LHS,Rural,Gudluru,Others(p1.Specific), Unknown Vehicle hit Pedestrian,Unknown,Fatal,Over speed,Four lanes or more with central divider,Straight road,,Fine,Unknown  Vehicle,YES,Grevious,0
09.08.2012,5:11 AM,1299.8,LHS,Rural,Gudluru,Others(p1.Specific), Unknown Vehicle hit Pedestrian,Unknown,Fatal,Over speed,Four lanes or more with central divider,Straight road,,Fine,Unknown  Vehicle,YES,Minor,0
09.08.2012,5:11 AM,1299.8,LHS,Rural,Gudluru,Others(p1.Specific), Unknown Vehicle hit Pedestrian,Unknown,Fatal,Over speed,Four lanes or more with central divider,Straight road,,Fine,Unknown  Vehicle,YES,Non injured ,0
09.08.2012,5:11 AM,1299.8,LHS,Rural,Gudluru,Others(p1.Specific), Unknown Vehicle hit Pedestrian,Unknown,Fatal,Over speed,Four lanes or more with central divider,Straight road,,Fine,Unknown  Vehicle,YES,Animals affected,0
09.08.2012,6:00 AM,1282,RHS,Rural,Singarayakonda,Rear End Collision, Lorry hit Lorry,Lorry,Minor injury,Fault of driver of motor vehicle/driver of other vehicle/cyclist/pedestrian/passenger,Three lanes or more without central divider(median),Straight road,T-Junction,Fine,HR47 A 7040,YES,Fatal,0
09.08.2012,6:00 AM,1282,RHS,Rural,Singarayakonda,Rear End Collision, Lorry hit Lorry,Lorry,Minor injury,Fault of driver of motor vehicle/driver of other vehicle/cyclist/pedestrian/passenger,Three lanes or more without central divider(median),Straight road,T-Junction,Fine,HR47 A 7040,YES,Grevious,0
09.08.2012,6:00 AM,1282,RHS,Rural,Singarayakonda,Rear End Collision, Lorry hit Lorry,Lorry,Minor injury,Fault of driver of motor vehicle/driver of other vehicle/cyclist/pedestrian/passenger,Three lanes or more without central divider(median),Straight road,T-Junction,Fine,HR47 A 7040,YES,Minor,1
09.08.2012,6:00 AM,1282,RHS,Rural,Singarayakonda,Rear End Collision, Lorry hit Lorry,Lorry,Minor injury,Fault of driver of motor vehicle/driver of other vehicle/cyclist/pedestrian/passenger,Three lanes or more without central divider(median),Straight road,T-Junction,Fine,HR47 A 7040,YES,Non injured ,1
09.08.2012,6:00 AM,1282,RHS,Rural,Singarayakonda,Rear End Collision, Lorry hit Lorry,Lorry,Minor injury,Fault of driver of motor vehicle/driver of other vehicle/cyclist/pedestrian/passenger,Three lanes or more without central divider(median),Straight road,T-Junction,Fine,HR47 A 7040,YES,Animals affected,0
09.08.2012,7:03 AM,1263.8,LHS,Rural,Tangutur,Rear End Collision, Lorry hit  Bus,Lorry,Non injury,Over speed,Four lanes or more with central divider,Straight road,,Fine,AP26Y 3336,YES,Fatal,0
09.08.2012,7:03 AM,1263.8,LHS,Rural,Tangutur,Rear End Collision, Lorry hit  Bus,Lorry,Non injury,Over speed,Four lanes or more with central divider,Straight road,,Fine,AP26Y 3336,YES,Grevious,0
09.08.2012,7:03 AM,1263.8,LHS,Rural,Tangutur,Rear End Collision, Lorry hit  Bus,Lorry,Non injury,Over speed,Four lanes or more with central divider,Straight road,,Fine,AP26Y 3336,YES,Minor,0
09.08.2012,7:03 AM,1263.8,LHS,Rural,Tangutur,Rear End Collision, Lorry hit  Bus,Lorry,Non injury,Over speed,Four lanes or more with central divider,Straight road,,Fine,AP26Y 3336,YES,Non injured ,2
09.08.2012,7:03 AM,1263.8,LHS,Rural,Tangutur,Rear End Collision, Lorry hit  Bus,Lorry,Non injury,Over speed,Four lanes or more with central divider,Straight road,,Fine,AP26Y 3336,YES,Animals affected,0
09.08.2012,8:20 AM,1281.4,LHS,Rural,Singarayakonda,Rear End Collision,Car hit Cement Barrier,Car,Non injury,Over speed,Four lanes or more with central divider,Slight curve,,Fine,AP27N    135,YES,Fatal,0
09.08.2012,8:20 AM,1281.4,LHS,Rural,Singarayakonda,Rear End Collision,Car hit Cement Barrier,Car,Non injury,Over speed,Four lanes or more with central divider,Slight curve,,Fine,AP27N    135,YES,Grevious,0
09.08.2012,8:20 AM,1281.4,LHS,Rural,Singarayakonda,Rear End Collision,Car hit Cement Barrier,Car,Non injury,Over speed,Four lanes or more with central divider,Slight curve,,Fine,AP27N    135,YES,Minor,0
09.08.2012,8:20 AM,1281.4,LHS,Rural,Singarayakonda,Rear End Collision,Car hit Cement Barrier,Car,Non injury,Over speed,Four lanes or more with central divider,Slight curve,,Fine,AP27N    135,YES,Non injured ,2
09.08.2012,8:20 AM,1281.4,LHS,Rural,Singarayakonda,Rear End Collision,Car hit Cement Barrier,Car,Non injury,Over speed,Four lanes or more with central divider,Slight curve,,Fine,AP27N    135,YES,Animals affected,0
09.08.2012,1:00 PM,1265.9,RHS,Rural,Tangutur,Overturning,Car Overturned,Car,Non injury,Over speed,Four lanes or more with central divider,Slight curve,,Fine,AP2703   9675,YES,Fatal,0
09.08.2012,1:00 PM,1265.9,RHS,Rural,Tangutur,Overturning,Car Overturned,Car,Non injury,Over speed,Four lanes or more with central divider,Slight curve,,Fine,AP2703   9675,YES,Grevious,0
09.08.2012,1:00 PM,1265.9,RHS,Rural,Tangutur,Overturning,Car Overturned,Car,Non injury,Over speed,Four lanes or more with central divider,Slight curve,,Fine,AP2703   9675,YES,Minor,0
09.08.2012,1:00 PM,1265.9,RHS,Rural,Tangutur,Overturning,Car Overturned,Car,Non injury,Over speed,Four lanes or more with central divider,Slight curve,,Fine,AP2703   9675,YES,Non injured ,2
09.08.2012,1:00 PM,1265.9,RHS,Rural,Tangutur,Overturning,Car Overturned,Car,Non injury,Over speed,Four lanes or more with central divider,Slight curve,,Fine,AP2703   9675,YES,Animals affected,0
09.08.2012,5:20 PM,1263.6,LHS,Rural,Tangutur,Rear End Collision,Lorry hit   Car,Lorry,Non injury,Over speed,Four lanes or more with central divider,Straight road,,Fine,AP27P   2115,YES,Fatal,0
09.08.2012,5:20 PM,1263.6,LHS,Rural,Tangutur,Rear End Collision,Lorry hit   Car,Lorry,Non injury,Over speed,Four lanes or more with central divider,Straight road,,Fine,AP27P   2115,YES,Grevious,0
09.08.2012,5:20 PM,1263.6,LHS,Rural,Tangutur,Rear End Collision,Lorry hit   Car,Lorry,Non injury,Over speed,Four lanes or more with central divider,Straight road,,Fine,AP27P   2115,YES,Minor,0
09.08.2012,5:20 PM,1263.6,LHS,Rural,Tangutur,Rear End Collision,Lorry hit   Car,Lorry,Non injury,Over speed,Four lanes or more with central divider,Straight road,,Fine,AP27P   2115,YES,Non injured ,4
09.08.2012,5:20 PM,1263.6,LHS,Rural,Tangutur,Rear End Collision,Lorry hit   Car,Lorry,Non injury,Over speed,Four lanes or more with central divider,Straight road,,Fine,AP27P   2115,YES,Animals affected,0
09.08.2012,10:00 PM,1264.7,RHS,Rural,Tangutur,Rear End Collision,Lorry hit  Unknown vehicle,Lorry,Non injury,Over speed,Four lanes or more with central divider,Straight road,,Fine,AP7T     9189,YES,Fatal,0
09.08.2012,10:00 PM,1264.7,RHS,Rural,Tangutur,Rear End Collision,Lorry hit  Unknown vehicle,Lorry,Non injury,Over speed,Four lanes or more with central divider,Straight road,,Fine,AP7T     9189,YES,Grevious,0
09.08.2012,10:00 PM,1264.7,RHS,Rural,Tangutur,Rear End Collision,Lorry hit  Unknown vehicle,Lorry,Non injury,Over speed,Four lanes or more with central divider,Straight road,,Fine,AP7T     9189,YES,Minor,0
09.08.2012,10:00 PM,1264.7,RHS,Rural,Tangutur,Rear End Collision,Lorry hit  Unknown vehicle,Lorry,Non injury,Over speed,Four lanes or more with central divider,Straight road,,Fine,AP7T     9189,YES,Non injured ,2
09.08.2012,10:00 PM,1264.7,RHS,Rural,Tangutur,Rear End Collision,Lorry hit  Unknown vehicle,Lorry,Non injury,Over speed,Four lanes or more with central divider,Straight road,,Fine,AP7T     9189,YES,Animals affected,0
09.08.2012,10:35 PM,1198.2,LHS,Rural,Martur,Overturning,Container Vehicle Overturned,Container,Grievious injury,Over speed,Four lanes or more with central divider,Straight road,,Fine,RJ14D   3973,YES,Fatal,0
09.08.2012,10:35 PM,1198.2,LHS,Rural,Martur,Overturning,Container Vehicle Overturned,Container,Grievious injury,Over speed,Four lanes or more with central divider,Straight road,,Fine,RJ14D   3973,YES,Grevious,1
09.08.2012,10:35 PM,1198.2,LHS,Rural,Martur,Overturning,Container Vehicle Overturned,Container,Grievious injury,Over speed,Four lanes or more with central divider,Straight road,,Fine,RJ14D   3973,YES,Minor,0
09.08.2012,10:35 PM,1198.2,LHS,Rural,Martur,Overturning,Container Vehicle Overturned,Container,Grievious injury,Over speed,Four lanes or more with central divider,Straight road,,Fine,RJ14D   3973,YES,Non injured ,1
09.08.2012,10:35 PM,1198.2,LHS,Rural,Martur,Overturning,Container Vehicle Overturned,Container,Grievious injury,Over speed,Four lanes or more with central divider,Straight road,,Fine,RJ14D   3973,YES,Animals affected,0
10.08.2012,7:05 AM,1242.8,LHS,Rural,Ongole,Collision Brush/Side Wipe,Car hit Median,Car,Non injury,Over speed,Four lanes or more with central divider,Straight road,,Fine,AP5TU   4079,YES,Fatal,0
10.08.2012,7:05 AM,1242.8,LHS,Rural,Ongole,Collision Brush/Side Wipe,Car hit Median,Car,Non injury,Over speed,Four lanes or more with central divider,Straight road,,Fine,AP5TU   4079,YES,Grevious,0
10.08.2012,7:05 AM,1242.8,LHS,Rural,Ongole,Collision Brush/Side Wipe,Car hit Median,Car,Non injury,Over speed,Four lanes or more with central divider,Straight road,,Fine,AP5TU   4079,YES,Minor,0
10.08.2012,7:05 AM,1242.8,LHS,Rural,Ongole,Collision Brush/Side Wipe,Car hit Median,Car,Non injury,Over speed,Four lanes or more with central divider,Straight road,,Fine,AP5TU   4079,YES,Non injured ,2
10.08.2012,7:05 AM,1242.8,LHS,Rural,Ongole,Collision Brush/Side Wipe,Car hit Median,Car,Non injury,Over speed,Four lanes or more with central divider,Straight road,,Fine,AP5TU   4079,YES,Animals affected,0
11.08.2012,12:01 AM,1281,RHS,Rural,Singarayakonda,Rear End Collision,Tata ACE hit lorry,Tata Ace,Minor injury,Over speed,Four lanes or more with central divider,Straight road,,Light rain,AP27Y  5248,YES,Fatal,0
11.08.2012,12:01 AM,1281,RHS,Rural,Singarayakonda,Rear End Collision,Tata ACE hit lorry,Tata Ace,Minor injury,Over speed,Four lanes or more with central divider,Straight road,,Light rain,AP27Y  5248,YES,Grevious,0
11.08.2012,12:01 AM,1281,RHS,Rural,Singarayakonda,Rear End Collision,Tata ACE hit lorry,Tata Ace,Minor injury,Over speed,Four lanes or more with central divider,Straight road,,Light rain,AP27Y  5248,YES,Minor,1
11.08.2012,12:01 AM,1281,RHS,Rural,Singarayakonda,Rear End Collision,Tata ACE hit lorry,Tata Ace,Minor injury,Over speed,Four lanes or more with central divider,Straight road,,Light rain,AP27Y  5248,YES,Non injured ,1
11.08.2012,12:01 AM,1281,RHS,Rural,Singarayakonda,Rear End Collision,Tata ACE hit lorry,Tata Ace,Minor injury,Over speed,Four lanes or more with central divider,Straight road,,Light rain,AP27Y  5248,YES,Animals affected,0
11.08.2012,1:01 AM,1189.5,LHS,Rural,Martur,Head on collision,Unknow vehicle hit Pedestrian,Unknow,Fatal,Over speed,Four lanes or more with central divider,Straight road,,Heavy rain,Unknown  Vehicle,YES,Fatal,1
11.08.2012,1:01 AM,1189.5,LHS,Rural,Martur,Head on collision,Unknow vehicle hit Pedestrian,Unknow,Fatal,Over speed,Four lanes or more with central divider,Straight road,,Heavy rain,Unknown  Vehicle,YES,Grevious,0
11.08.2012,1:01 AM,1189.5,LHS,Rural,Martur,Head on collision,Unknow vehicle hit Pedestrian,Unknow,Fatal,Over speed,Four lanes or more with central divider,Straight road,,Heavy rain,Unknown  Vehicle,YES,Minor,0
11.08.2012,1:01 AM,1189.5,LHS,Rural,Martur,Head on collision,Unknow vehicle hit Pedestrian,Unknow,Fatal,Over speed,Four lanes or more with central divider,Straight road,,Heavy rain,Unknown  Vehicle,YES,Non injured ,0
11.08.2012,1:01 AM,1189.5,LHS,Rural,Martur,Head on collision,Unknow vehicle hit Pedestrian,Unknow,Fatal,Over speed,Four lanes or more with central divider,Straight road,,Heavy rain,Unknown  Vehicle,YES,Animals affected,0
11.08.2012,1:10 AM,1307.6,LHS,Rural,Gudluru,Rear End Collision,Lorry hit Lorry,Lorry,Non injury,Fault of driver of motor vehicle/driver of other vehicle/cyclist/pedestrian/passenger,Four lanes or more with central divider,Straight road,,Light rain,AP24TB  2669,YES,Fatal,0
11.08.2012,1:10 AM,1307.6,LHS,Rural,Gudluru,Rear End Collision,Lorry hit Lorry,Lorry,Non injury,Fault of driver of motor vehicle/driver of other vehicle/cyclist/pedestrian/passenger,Four lanes or more with central divider,Straight road,,Light rain,AP24TB  2669,YES,Grevious,0
11.08.2012,1:10 AM,1307.6,LHS,Rural,Gudluru,Rear End Collision,Lorry hit Lorry,Lorry,Non injury,Fault of driver of motor vehicle/driver of other vehicle/cyclist/pedestrian/passenger,Four lanes or more with central divider,Straight road,,Light rain,AP24TB  2669,YES,Minor,0
11.08.2012,1:10 AM,1307.6,LHS,Rural,Gudluru,Rear End Collision,Lorry hit Lorry,Lorry,Non injury,Fault of driver of motor vehicle/driver of other vehicle/cyclist/pedestrian/passenger,Four lanes or more with central divider,Straight road,,Light rain,AP24TB  2669,YES,Non injured ,2
11.08.2012,1:10 AM,1307.6,LHS,Rural,Gudluru,Rear End Collision,Lorry hit Lorry,Lorry,Non injury,Fault of driver of motor vehicle/driver of other vehicle/cyclist/pedestrian/passenger,Four lanes or more with central divider,Straight road,,Light rain,AP24TB  2669,YES,Animals affected,0
11.08.2012,6:45 AM,1218.2,RHS,Rural,Medarametla,Collision Brush/Side Wipe,Car hit Median,Car,Non injury,Fault of driver of motor vehicle/driver of other vehicle/cyclist/pedestrian/passenger,Four lanes or more with central divider,Sharp curve,,Fine,TN07BF  9808,YES,Fatal,0
11.08.2012,6:45 AM,1218.2,RHS,Rural,Medarametla,Collision Brush/Side Wipe,Car hit Median,Car,Non injury,Fault of driver of motor vehicle/driver of other vehicle/cyclist/pedestrian/passenger,Four lanes or more with central divider,Sharp curve,,Fine,TN07BF  9808,YES,Grevious,0
11.08.2012,6:45 AM,1218.2,RHS,Rural,Medarametla,Collision Brush/Side Wipe,Car hit Median,Car,Non injury,Fault of driver of motor vehicle/driver of other vehicle/cyclist/pedestrian/passenger,Four lanes or more with central divider,Sharp curve,,Fine,TN07BF  9808,YES,Minor,0
11.08.2012,6:45 AM,1218.2,RHS,Rural,Medarametla,Collision Brush/Side Wipe,Car hit Median,Car,Non injury,Fault of driver of motor vehicle/driver of other vehicle/cyclist/pedestrian/passenger,Four lanes or more with central divider,Sharp curve,,Fine,TN07BF  9808,YES,Non injured ,1
11.08.2012,6:45 AM,1218.2,RHS,Rural,Medarametla,Collision Brush/Side Wipe,Car hit Median,Car,Non injury,Fault of driver of motor vehicle/driver of other vehicle/cyclist/pedestrian/passenger,Four lanes or more with central divider,Sharp curve,,Fine,TN07BF  9808,YES,Animals affected,0
11.08.2012,6:20 PM,1270.8,LHS,Rural,Jarugumalli,Rear End Collision,Unknown vehicle hit Auto,Unknown,Fatal,Over speed,Four lanes or more with central divider,Straight road,,Fine,AP27X  2879,YES,Fatal,1
11.08.2012,6:20 PM,1270.8,LHS,Rural,Jarugumalli,Rear End Collision,Unknown vehicle hit Auto,Unknown,Fatal,Over speed,Four lanes or more with central divider,Straight road,,Fine,AP27X  2879,YES,Grevious,4
11.08.2012,6:20 PM,1270.8,LHS,Rural,Jarugumalli,Rear End Collision,Unknown vehicle hit Auto,Unknown,Fatal,Over speed,Four lanes or more with central divider,Straight road,,Fine,AP27X  2879,YES,Minor,3
11.08.2012,6:20 PM,1270.8,LHS,Rural,Jarugumalli,Rear End Collision,Unknown vehicle hit Auto,Unknown,Fatal,Over speed,Four lanes or more with central divider,Straight road,,Fine,AP27X  2879,YES,Non injured ,0
11.08.2012,6:20 PM,1270.8,LHS,Rural,Jarugumalli,Rear End Collision,Unknown vehicle hit Auto,Unknown,Fatal,Over speed,Four lanes or more with central divider,Straight road,,Fine,AP27X  2879,YES,Animals affected,0
12.08.2012,6:00 AM,1273.7,RHS,Rural,Singarayakonda,Overturning,Lorry Overturned,Lorry,Minor injury,Over speed,Four lanes or more with central divider,Straight road,,Fine,AP16X   9909,YES,Fatal,0
12.08.2012,6:00 AM,1273.7,RHS,Rural,Singarayakonda,Overturning,Lorry Overturned,Lorry,Minor injury,Over speed,Four lanes or more with central divider,Straight road,,Fine,AP16X   9909,YES,Grevious,0
12.08.2012,6:00 AM,1273.7,RHS,Rural,Singarayakonda,Overturning,Lorry Overturned,Lorry,Minor injury,Over speed,Four lanes or more with central divider,Straight road,,Fine,AP16X   9909,YES,Minor,1
12.08.2012,6:00 AM,1273.7,RHS,Rural,Singarayakonda,Overturning,Lorry Overturned,Lorry,Minor injury,Over speed,Four lanes or more with central divider,Straight road,,Fine,AP16X   9909,YES,Non injured ,0
12.08.2012,6:00 AM,1273.7,RHS,Rural,Singarayakonda,Overturning,Lorry Overturned,Lorry,Minor injury,Over speed,Four lanes or more with central divider,Straight road,,Fine,AP16X   9909,YES,Animals affected,0
12.08.2012,11:55 AM,1261.6,RHS,Rural,Tangutur,Overturning,Car Overturned,Car,Non injury,Vehicle out of control,Four lanes or more with central divider,Straight road,,Fine,AP27AC  8182,YES,Fatal,0
12.08.2012,11:55 AM,1261.6,RHS,Rural,Tangutur,Overturning,Car Overturned,Car,Non injury,Vehicle out of control,Four lanes or more with central divider,Straight road,,Fine,AP27AC  8182,YES,Grevious,0
12.08.2012,11:55 AM,1261.6,RHS,Rural,Tangutur,Overturning,Car Overturned,Car,Non injury,Vehicle out of control,Four lanes or more with central divider,Straight road,,Fine,AP27AC  8182,YES,Minor,0
12.08.2012,11:55 AM,1261.6,RHS,Rural,Tangutur,Overturning,Car Overturned,Car,Non injury,Vehicle out of control,Four lanes or more with central divider,Straight road,,Fine,AP27AC  8182,YES,Non injured ,1
12.08.2012,11:55 AM,1261.6,RHS,Rural,Tangutur,Overturning,Car Overturned,Car,Non injury,Vehicle out of control,Four lanes or more with central divider,Straight road,,Fine,AP27AC  8182,YES,Animals affected,0
12.08.2012,12:45 PM,1277,RHS,Rural,Singarayakonda,Rear End Collision,Car hit bike,Car,Grievious injury,Over speed,Four lanes or more with central divider,Straight road,,Fine,AP09CC  5778,YES,Fatal,0
12.08.2012,12:45 PM,1277,RHS,Rural,Singarayakonda,Rear End Collision,Car hit bike,Car,Grievious injury,Over speed,Four lanes or more with central divider,Straight road,,Fine,AP09CC  5778,YES,Grevious,1
12.08.2012,12:45 PM,1277,RHS,Rural,Singarayakonda,Rear End Collision,Car hit bike,Car,Grievious injury,Over speed,Four lanes or more with central divider,Straight road,,Fine,AP09CC  5778,YES,Minor,0
12.08.2012,12:45 PM,1277,RHS,Rural,Singarayakonda,Rear End Collision,Car hit bike,Car,Grievious injury,Over speed,Four lanes or more with central divider,Straight road,,Fine,AP09CC  5778,YES,Non injured ,2
12.08.2012,12:45 PM,1277,RHS,Rural,Singarayakonda,Rear End Collision,Car hit bike,Car,Grievious injury,Over speed,Four lanes or more with central divider,Straight road,,Fine,AP09CC  5778,YES,Animals affected,0
12.08.2012,12:50 PM,1265,LHS,Rural,Tangutur,Collision Brush/Side Wipe,Lorry hit Cement Beam,Lorry,Non injury,Fault of driver of motor vehicle/driver of other vehicle/cyclist/pedestrian/passenger,Four lanes or more with central divider,Straight road,,Fine,AP16TB  1655,YES,Fatal,0
12.08.2012,12:50 PM,1265,LHS,Rural,Tangutur,Collision Brush/Side Wipe,Lorry hit Cement Beam,Lorry,Non injury,Fault of driver of motor vehicle/driver of other vehicle/cyclist/pedestrian/passenger,Four lanes or more with central divider,Straight road,,Fine,AP16TB  1655,YES,Grevious,0
12.08.2012,12:50 PM,1265,LHS,Rural,Tangutur,Collision Brush/Side Wipe,Lorry hit Cement Beam,Lorry,Non injury,Fault of driver of motor vehicle/driver of other vehicle/cyclist/pedestrian/passenger,Four lanes or more with central divider,Straight road,,Fine,AP16TB  1655,YES,Minor,0
12.08.2012,12:50 PM,1265,LHS,Rural,Tangutur,Collision Brush/Side Wipe,Lorry hit Cement Beam,Lorry,Non injury,Fault of driver of motor vehicle/driver of other vehicle/cyclist/pedestrian/passenger,Four lanes or more with central divider,Straight road,,Fine,AP16TB  1655,YES,Non injured ,2
12.08.2012,12:50 PM,1265,LHS,Rural,Tangutur,Collision Brush/Side Wipe,Lorry hit Cement Beam,Lorry,Non injury,Fault of driver of motor vehicle/driver of other vehicle/cyclist/pedestrian/passenger,Four lanes or more with central divider,Straight road,,Fine,AP16TB  1655,YES,Animals affected,0
13.08.2012,1:00 AM,1188.5,RHS,Rural,Martur,Head on collision,Unknow vehicle hit Pedestrian,Unknow,Fatal,Over speed,Four lanes or more with central divider,Straight road,,Fine,Unknown  Vehicle,YES,Fatal,1
13.08.2012,1:00 AM,1188.5,RHS,Rural,Martur,Head on collision,Unknow vehicle hit Pedestrian,Unknow,Fatal,Over speed,Four lanes or more with central divider,Straight road,,Fine,Unknown  Vehicle,YES,Grevious,0
13.08.2012,1:00 AM,1188.5,RHS,Rural,Martur,Head on collision,Unknow vehicle hit Pedestrian,Unknow,Fatal,Over speed,Four lanes or more with central divider,Straight road,,Fine,Unknown  Vehicle,YES,Minor,0
13.08.2012,1:00 AM,1188.5,RHS,Rural,Martur,Head on collision,Unknow vehicle hit Pedestrian,Unknow,Fatal,Over speed,Four lanes or more with central divider,Straight road,,Fine,Unknown  Vehicle,YES,Non injured ,0