Operational date,Time of Accident,KM && M,Position,Rural/Urban,Location,Nature of Accident Position,Nature of Accident,Vehicle Involved,Type of Accident,Causes,Road Feature,Road condition,Intersection Type And Control,Weather Condition,Vehicle Responsible,Help Provided by Ambulance/Patroling Vehicle,Classification of Accident,No of Affected Persons
13.08.2012,1:00 AM,1188.5,RHS,Rural,Martur,Head on collision,Unknow vehicle hit Pedestrian,Unknow,Fatal,Over speed,Four lanes or more with central divider,Straight road,,Fine,Unknown  Vehicle,YES,Animals affected,0
13.08.2012,6:31 AM,1257.6,LHS,Rural,Tangutur,Overturning,Auto      Overturned,Auto,Grievious injury,Vehicle out of control,Three lanes or more without central divider(median),Straight road,Y-Junction,Fine,AP27Y   6710,YES,Fatal,0
13.08.2012,6:31 AM,1257.6,LHS,Rural,Tangutur,Overturning,Auto      Overturned,Auto,Grievious injury,Vehicle out of control,Three lanes or more without central divider(median),Straight road,Y-Junction,Fine,AP27Y   6710,YES,Grevious,2
13.08.2012,6:31 AM,1257.6,LHS,Rural,Tangutur,Overturning,Auto      Overturned,Auto,Grievious injury,Vehicle out of control,Three lanes or more without central divider(median),Straight road,Y-Junction,Fine,AP27Y   6710,YES,Minor,1
13.08.2012,6:31 AM,1257.6,LHS,Rural,Tangutur,Overturning,Auto      Overturned,Auto,Grievious injury,Vehicle out of control,Three lanes or more without central divider(median),Straight road,Y-Junction,Fine,AP27Y   6710,YES,Non injured ,3
13.08.2012,6:31 AM,1257.6,LHS,Rural,Tangutur,Overturning,Auto      Overturned,Auto,Grievious injury,Vehicle out of control,Three lanes or more without central divider(median),Straight road,Y-Junction,Fine,AP27Y   6710,YES,Animals affected,0
13.08.2012,8:30 AM,1202,RHS,Rural,Reningavaram,Rear End Collision,Bike hit   Unknown vehicle,Bike,Minor injury,Over speed,Two lanes,Straight road,,Fine,AP07BC   1338,YES,Fatal,0
13.08.2012,8:30 AM,1202,RHS,Rural,Reningavaram,Rear End Collision,Bike hit   Unknown vehicle,Bike,Minor injury,Over speed,Two lanes,Straight road,,Fine,AP07BC   1338,YES,Grevious,1
13.08.2012,8:30 AM,1202,RHS,Rural,Reningavaram,Rear End Collision,Bike hit   Unknown vehicle,Bike,Minor injury,Over speed,Two lanes,Straight road,,Fine,AP07BC   1338,YES,Minor,0
13.08.2012,8:30 AM,1202,RHS,Rural,Reningavaram,Rear End Collision,Bike hit   Unknown vehicle,Bike,Minor injury,Over speed,Two lanes,Straight road,,Fine,AP07BC   1338,YES,Non injured ,0
13.08.2012,8:30 AM,1202,RHS,Rural,Reningavaram,Rear End Collision,Bike hit   Unknown vehicle,Bike,Minor injury,Over speed,Two lanes,Straight road,,Fine,AP07BC   1338,YES,Animals affected,0
13.08.2012,9:10 AM,1363.6,RHS,Rural,Kovuru,Rear End Collision,Lorry hit    Unknown vehicle,Lorry,Non injury,Over speed,Four lanes or more with central divider,Straight road,,Fine,AP07TT  8339,YES,Fatal,0
13.08.2012,9:10 AM,1363.6,RHS,Rural,Kovuru,Rear End Collision,Lorry hit    Unknown vehicle,Lorry,Non injury,Over speed,Four lanes or more with central divider,Straight road,,Fine,AP07TT  8339,YES,Grevious,0
13.08.2012,9:10 AM,1363.6,RHS,Rural,Kovuru,Rear End Collision,Lorry hit    Unknown vehicle,Lorry,Non injury,Over speed,Four lanes or more with central divider,Straight road,,Fine,AP07TT  8339,YES,Minor,0
13.08.2012,9:10 AM,1363.6,RHS,Rural,Kovuru,Rear End Collision,Lorry hit    Unknown vehicle,Lorry,Non injury,Over speed,Four lanes or more with central divider,Straight road,,Fine,AP07TT  8339,YES,Non injured ,2
13.08.2012,9:10 AM,1363.6,RHS,Rural,Kovuru,Rear End Collision,Lorry hit    Unknown vehicle,Lorry,Non injury,Over speed,Four lanes or more with central divider,Straight road,,Fine,AP07TT  8339,YES,Animals affected,0
13.08.2012,7:40 PM,1204.9,LHS,Rural,Reningavaram,Rear End Collision,Car hit       Tractor,Car,Non injury,Over speed,Four lanes or more with central divider,Slight curve,,Fine,AP26AL  4004,YES,Fatal,0
13.08.2012,7:40 PM,1204.9,LHS,Rural,Reningavaram,Rear End Collision,Car hit       Tractor,Car,Non injury,Over speed,Four lanes or more with central divider,Slight curve,,Fine,AP26AL  4004,YES,Grevious,0
13.08.2012,7:40 PM,1204.9,LHS,Rural,Reningavaram,Rear End Collision,Car hit       Tractor,Car,Non injury,Over speed,Four lanes or more with central divider,Slight curve,,Fine,AP26AL  4004,YES,Minor,0
13.08.2012,7:40 PM,1204.9,LHS,Rural,Reningavaram,Rear End Collision,Car hit       Tractor,Car,Non injury,Over speed,Four lanes or more with central divider,Slight curve,,Fine,AP26AL  4004,YES,Non injured ,4
13.08.2012,7:40 PM,1204.9,LHS,Rural,Reningavaram,Rear End Collision,Car hit       Tractor,Car,Non injury,Over speed,Four lanes or more with central divider,Slight curve,,Fine,AP26AL  4004,YES,Animals affected,0
14.08.2012,11:00 AM,1351.7,RHS,Rural,Kodavaluru,Overturning,Lorry Falldown in    Culvert      ,Lorry,Fatal,Fault of driver of motor vehicle/driver of other vehicle/cyclist/pedestrian/passenger,Four lanes or more with central divider,Straight road,,Fine,AP24TA    8929,YES,Fatal,1
14.08.2012,11:00 AM,1351.7,RHS,Rural,Kodavaluru,Overturning,Lorry Falldown in    Culvert      ,Lorry,Fatal,Fault of driver of motor vehicle/driver of other vehicle/cyclist/pedestrian/passenger,Four lanes or more with central divider,Straight road,,Fine,AP24TA    8929,YES,Grevious,8
14.08.2012,11:00 AM,1351.7,RHS,Rural,Kodavaluru,Overturning,Lorry Falldown in    Culvert      ,Lorry,Fatal,Fault of driver of motor vehicle/driver of other vehicle/cyclist/pedestrian/passenger,Four lanes or more with central divider,Straight road,,Fine,AP24TA    8929,YES,Minor,0
14.08.2012,11:00 AM,1351.7,RHS,Rural,Kodavaluru,Overturning,Lorry Falldown in    Culvert      ,Lorry,Fatal,Fault of driver of motor vehicle/driver of other vehicle/cyclist/pedestrian/passenger,Four lanes or more with central divider,Straight road,,Fine,AP24TA    8929,YES,Non injured ,0
14.08.2012,11:00 AM,1351.7,RHS,Rural,Kodavaluru,Overturning,Lorry Falldown in    Culvert      ,Lorry,Fatal,Fault of driver of motor vehicle/driver of other vehicle/cyclist/pedestrian/passenger,Four lanes or more with central divider,Straight road,,Fine,AP24TA    8929,YES,Animals affected,0
14.08.2012,4:20 PM,1185.2,LHS,Rural,Martur,Rear End Collision,Lorry hit  Bridge wall,Lorry,Non injury,Over speed,Four lanes or more with central divider,Straight road,,Fine,AP05TT   1179,YES,Fatal,0
14.08.2012,4:20 PM,1185.2,LHS,Rural,Martur,Rear End Collision,Lorry hit  Bridge wall,Lorry,Non injury,Over speed,Four lanes or more with central divider,Straight road,,Fine,AP05TT   1179,YES,Grevious,0
14.08.2012,4:20 PM,1185.2,LHS,Rural,Martur,Rear End Collision,Lorry hit  Bridge wall,Lorry,Non injury,Over speed,Four lanes or more with central divider,Straight road,,Fine,AP05TT   1179,YES,Minor,0
14.08.2012,4:20 PM,1185.2,LHS,Rural,Martur,Rear End Collision,Lorry hit  Bridge wall,Lorry,Non injury,Over speed,Four lanes or more with central divider,Straight road,,Fine,AP05TT   1179,YES,Non injured ,2
14.08.2012,4:20 PM,1185.2,LHS,Rural,Martur,Rear End Collision,Lorry hit  Bridge wall,Lorry,Non injury,Over speed,Four lanes or more with central divider,Straight road,,Fine,AP05TT   1179,YES,Animals affected,0
15.08.2012,5:50 AM,1313.8,RHS,Rural,Kavali,Overturning, Tractor Overturned,Tractor,Non injury,Over speed,Three lanes or more without central divider(median),Sharp curve,T-Junction,Fine,F/R VEHICLE,YES,Fatal,0
15.08.2012,5:50 AM,1313.8,RHS,Rural,Kavali,Overturning, Tractor Overturned,Tractor,Non injury,Over speed,Three lanes or more without central divider(median),Sharp curve,T-Junction,Fine,F/R VEHICLE,YES,Grevious,0
15.08.2012,5:50 AM,1313.8,RHS,Rural,Kavali,Overturning, Tractor Overturned,Tractor,Non injury,Over speed,Three lanes or more without central divider(median),Sharp curve,T-Junction,Fine,F/R VEHICLE,YES,Minor,0
15.08.2012,5:50 AM,1313.8,RHS,Rural,Kavali,Overturning, Tractor Overturned,Tractor,Non injury,Over speed,Three lanes or more without central divider(median),Sharp curve,T-Junction,Fine,F/R VEHICLE,YES,Non injured ,2
15.08.2012,5:50 AM,1313.8,RHS,Rural,Kavali,Overturning, Tractor Overturned,Tractor,Non injury,Over speed,Three lanes or more without central divider(median),Sharp curve,T-Junction,Fine,F/R VEHICLE,YES,Animals affected,0
15.08.2012,3:30 PM,1354,RHS,Rural,Kodavaluru,Collision Brush/Side Wipe, Car hit Median,Car,Non injury,Vehicle out of control,Four lanes or more with central divider,Straight road,,Fine,KA25 N  9040,YES,Fatal,0
15.08.2012,3:30 PM,1354,RHS,Rural,Kodavaluru,Collision Brush/Side Wipe, Car hit Median,Car,Non injury,Vehicle out of control,Four lanes or more with central divider,Straight road,,Fine,KA25 N  9040,YES,Grevious,0
15.08.2012,3:30 PM,1354,RHS,Rural,Kodavaluru,Collision Brush/Side Wipe, Car hit Median,Car,Non injury,Vehicle out of control,Four lanes or more with central divider,Straight road,,Fine,KA25 N  9040,YES,Minor,0
15.08.2012,3:30 PM,1354,RHS,Rural,Kodavaluru,Collision Brush/Side Wipe, Car hit Median,Car,Non injury,Vehicle out of control,Four lanes or more with central divider,Straight road,,Fine,KA25 N  9040,YES,Non injured ,5
15.08.2012,3:30 PM,1354,RHS,Rural,Kodavaluru,Collision Brush/Side Wipe, Car hit Median,Car,Non injury,Vehicle out of control,Four lanes or more with central divider,Straight road,,Fine,KA25 N  9040,YES,Animals affected,0
16.08.2012,3:00 AM,1314,LHS,Rural,Kavali,Rear End Collision,Unknown vehicle hit Mini Lorry,Unknown,Non injury,Fault of driver of motor vehicle/driver of other vehicle/cyclist/pedestrian/passenger,Four lanes or more with central divider,Slight curve,,Fine,Unknown  Vehicle,YES,Fatal,0
16.08.2012,3:00 AM,1314,LHS,Rural,Kavali,Rear End Collision,Unknown vehicle hit Mini Lorry,Unknown,Non injury,Fault of driver of motor vehicle/driver of other vehicle/cyclist/pedestrian/passenger,Four lanes or more with central divider,Slight curve,,Fine,Unknown  Vehicle,YES,Grevious,0
16.08.2012,3:00 AM,1314,LHS,Rural,Kavali,Rear End Collision,Unknown vehicle hit Mini Lorry,Unknown,Non injury,Fault of driver of motor vehicle/driver of other vehicle/cyclist/pedestrian/passenger,Four lanes or more with central divider,Slight curve,,Fine,Unknown  Vehicle,YES,Minor,0
16.08.2012,3:00 AM,1314,LHS,Rural,Kavali,Rear End Collision,Unknown vehicle hit Mini Lorry,Unknown,Non injury,Fault of driver of motor vehicle/driver of other vehicle/cyclist/pedestrian/passenger,Four lanes or more with central divider,Slight curve,,Fine,Unknown  Vehicle,YES,Non injured ,2
16.08.2012,3:00 AM,1314,LHS,Rural,Kavali,Rear End Collision,Unknown vehicle hit Mini Lorry,Unknown,Non injury,Fault of driver of motor vehicle/driver of other vehicle/cyclist/pedestrian/passenger,Four lanes or more with central divider,Slight curve,,Fine,Unknown  Vehicle,YES,Animals affected,0
16.08.2012,9:05 AM,1221.4,RHS,Rural,Medarametla,Overturning,Lorry Overturned,Lorry,Non injury,Over speed,Four lanes or more with central divider,Slight curve,,Fine,WB41F   0105,YES,Fatal,0
16.08.2012,9:05 AM,1221.4,RHS,Rural,Medarametla,Overturning,Lorry Overturned,Lorry,Non injury,Over speed,Four lanes or more with central divider,Slight curve,,Fine,WB41F   0105,YES,Grevious,0
16.08.2012,9:05 AM,1221.4,RHS,Rural,Medarametla,Overturning,Lorry Overturned,Lorry,Non injury,Over speed,Four lanes or more with central divider,Slight curve,,Fine,WB41F   0105,YES,Minor,0
16.08.2012,9:05 AM,1221.4,RHS,Rural,Medarametla,Overturning,Lorry Overturned,Lorry,Non injury,Over speed,Four lanes or more with central divider,Slight curve,,Fine,WB41F   0105,YES,Non injured ,2
16.08.2012,9:05 AM,1221.4,RHS,Rural,Medarametla,Overturning,Lorry Overturned,Lorry,Non injury,Over speed,Four lanes or more with central divider,Slight curve,,Fine,WB41F   0105,YES,Animals affected,0
16.08.2012,9:25 AM,1278.1,RHS,Rural,Singarayakonda,Rear End Collision,Tractor Hit  APE Auto,Tractor,Minor injury,Over speed,Four lanes or more with central divider,Sharp curve,Four arm junction,Fine,AP04U   8113,YES,Fatal,0
16.08.2012,9:25 AM,1278.1,RHS,Rural,Singarayakonda,Rear End Collision,Tractor Hit  APE Auto,Tractor,Minor injury,Over speed,Four lanes or more with central divider,Sharp curve,Four arm junction,Fine,AP04U   8113,YES,Grevious,0
16.08.2012,9:25 AM,1278.1,RHS,Rural,Singarayakonda,Rear End Collision,Tractor Hit  APE Auto,Tractor,Minor injury,Over speed,Four lanes or more with central divider,Sharp curve,Four arm junction,Fine,AP04U   8113,YES,Minor,4
16.08.2012,9:25 AM,1278.1,RHS,Rural,Singarayakonda,Rear End Collision,Tractor Hit  APE Auto,Tractor,Minor injury,Over speed,Four lanes or more with central divider,Sharp curve,Four arm junction,Fine,AP04U   8113,YES,Non injured ,2
16.08.2012,9:25 AM,1278.1,RHS,Rural,Singarayakonda,Rear End Collision,Tractor Hit  APE Auto,Tractor,Minor injury,Over speed,Four lanes or more with central divider,Sharp curve,Four arm junction,Fine,AP04U   8113,YES,Animals affected,0
16.08.2012,8:35 PM,1284.5,LHS,Rural,Ulavapadu,Overturning,Lorry        Overturned,Lorry,Grievious injury,Over speed,Four lanes or more with central divider,Straight road,,Fine,AP27TU     3514,YES,Fatal,0
16.08.2012,8:35 PM,1284.5,LHS,Rural,Ulavapadu,Overturning,Lorry        Overturned,Lorry,Grievious injury,Over speed,Four lanes or more with central divider,Straight road,,Fine,AP27TU     3514,YES,Grevious,1
16.08.2012,8:35 PM,1284.5,LHS,Rural,Ulavapadu,Overturning,Lorry        Overturned,Lorry,Grievious injury,Over speed,Four lanes or more with central divider,Straight road,,Fine,AP27TU     3514,YES,Minor,1
16.08.2012,8:35 PM,1284.5,LHS,Rural,Ulavapadu,Overturning,Lorry        Overturned,Lorry,Grievious injury,Over speed,Four lanes or more with central divider,Straight road,,Fine,AP27TU     3514,YES,Non injured ,0
16.08.2012,8:35 PM,1284.5,LHS,Rural,Ulavapadu,Overturning,Lorry        Overturned,Lorry,Grievious injury,Over speed,Four lanes or more with central divider,Straight road,,Fine,AP27TU     3514,YES,Animals affected,0
17.08.2012,6:50 AM,1326.5,RHS,Rural,Kavali,Rear End Collision, Lorry hit Safety Wall,Lorry,Non injury,Over speed,Four lanes or more with central divider,Slight curve,,Fine,AP29U  6041,YES,Fatal,0
17.08.2012,6:50 AM,1326.5,RHS,Rural,Kavali,Rear End Collision, Lorry hit Safety Wall,Lorry,Non injury,Over speed,Four lanes or more with central divider,Slight curve,,Fine,AP29U  6041,YES,Grevious,0
17.08.2012,6:50 AM,1326.5,RHS,Rural,Kavali,Rear End Collision, Lorry hit Safety Wall,Lorry,Non injury,Over speed,Four lanes or more with central divider,Slight curve,,Fine,AP29U  6041,YES,Minor,0
17.08.2012,6:50 AM,1326.5,RHS,Rural,Kavali,Rear End Collision, Lorry hit Safety Wall,Lorry,Non injury,Over speed,Four lanes or more with central divider,Slight curve,,Fine,AP29U  6041,YES,Non injured ,2
17.08.2012,6:50 AM,1326.5,RHS,Rural,Kavali,Rear End Collision, Lorry hit Safety Wall,Lorry,Non injury,Over speed,Four lanes or more with central divider,Slight curve,,Fine,AP29U  6041,YES,Animals affected,0
17.08.2012,10:35 AM,1222.3,LHS,Rural,Medarametla,Overturning, Auto Overturned,Auto,Grievious injury,Over speed,Four lanes or more with central divider,Straight road,,Fine,AP27Y 3564,YES,Fatal,0
17.08.2012,10:35 AM,1222.3,LHS,Rural,Medarametla,Overturning, Auto Overturned,Auto,Grievious injury,Over speed,Four lanes or more with central divider,Straight road,,Fine,AP27Y 3564,YES,Grevious,1
17.08.2012,10:35 AM,1222.3,LHS,Rural,Medarametla,Overturning, Auto Overturned,Auto,Grievious injury,Over speed,Four lanes or more with central divider,Straight road,,Fine,AP27Y 3564,YES,Minor,6
17.08.2012,10:35 AM,1222.3,LHS,Rural,Medarametla,Overturning, Auto Overturned,Auto,Grievious injury,Over speed,Four lanes or more with central divider,Straight road,,Fine,AP27Y 3564,YES,Non injured ,0
17.08.2012,10:35 AM,1222.3,LHS,Rural,Medarametla,Overturning, Auto Overturned,Auto,Grievious injury,Over speed,Four lanes or more with central divider,Straight road,,Fine,AP27Y 3564,YES,Animals affected,0
18.08.2012,1:20 PM,1265.8,RHS,Rural,Tangutur,Rear End Collision,Tata ACE hit Safety wall,Tata Ace,Grievious injury,Over speed,Four lanes or more with central divider,Slight curve,,Fine,AP27TT  0067,YES,Fatal,0
18.08.2012,1:20 PM,1265.8,RHS,Rural,Tangutur,Rear End Collision,Tata ACE hit Safety wall,Tata Ace,Grievious injury,Over speed,Four lanes or more with central divider,Slight curve,,Fine,AP27TT  0067,YES,Grevious,2
18.08.2012,1:20 PM,1265.8,RHS,Rural,Tangutur,Rear End Collision,Tata ACE hit Safety wall,Tata Ace,Grievious injury,Over speed,Four lanes or more with central divider,Slight curve,,Fine,AP27TT  0067,YES,Minor,1
18.08.2012,1:20 PM,1265.8,RHS,Rural,Tangutur,Rear End Collision,Tata ACE hit Safety wall,Tata Ace,Grievious injury,Over speed,Four lanes or more with central divider,Slight curve,,Fine,AP27TT  0067,YES,Non injured ,2
18.08.2012,1:20 PM,1265.8,RHS,Rural,Tangutur,Rear End Collision,Tata ACE hit Safety wall,Tata Ace,Grievious injury,Over speed,Four lanes or more with central divider,Slight curve,,Fine,AP27TT  0067,YES,Animals affected,0
18.08.2012,1:35 PM,1344.6,LHS,Rural,Dagadarthi,Overturning,Auto      Overturned,Auto,Minor injury,Over speed,Four lanes or more with central divider,Straight road,,Fine,AP27Y  1978,YES,Fatal,0
18.08.2012,1:35 PM,1344.6,LHS,Rural,Dagadarthi,Overturning,Auto      Overturned,Auto,Minor injury,Over speed,Four lanes or more with central divider,Straight road,,Fine,AP27Y  1978,YES,Grevious,0
18.08.2012,1:35 PM,1344.6,LHS,Rural,Dagadarthi,Overturning,Auto      Overturned,Auto,Minor injury,Over speed,Four lanes or more with central divider,Straight road,,Fine,AP27Y  1978,YES,Minor,4
18.08.2012,1:35 PM,1344.6,LHS,Rural,Dagadarthi,Overturning,Auto      Overturned,Auto,Minor injury,Over speed,Four lanes or more with central divider,Straight road,,Fine,AP27Y  1978,YES,Non injured ,0
18.08.2012,1:35 PM,1344.6,LHS,Rural,Dagadarthi,Overturning,Auto      Overturned,Auto,Minor injury,Over speed,Four lanes or more with central divider,Straight road,,Fine,AP27Y  1978,YES,Animals affected,0
18.08.2012,2:45 PM,1218.9,LHS,Rural,Medarametla,Overturning,Gas tanker Over turned,Tanker,Non injury,Over speed,Four lanes or more with central divider,Sharp curve,,Fine,HR55G 2225,YES,Fatal,0
18.08.2012,2:45 PM,1218.9,LHS,Rural,Medarametla,Overturning,Gas tanker Over turned,Tanker,Non injury,Over speed,Four lanes or more with central divider,Sharp curve,,Fine,HR55G 2225,YES,Grevious,0
18.08.2012,2:45 PM,1218.9,LHS,Rural,Medarametla,Overturning,Gas tanker Over turned,Tanker,Non injury,Over speed,Four lanes or more with central divider,Sharp curve,,Fine,HR55G 2225,YES,Minor,0
18.08.2012,2:45 PM,1218.9,LHS,Rural,Medarametla,Overturning,Gas tanker Over turned,Tanker,Non injury,Over speed,Four lanes or more with central divider,Sharp curve,,Fine,HR55G 2225,YES,Non injured ,1
18.08.2012,2:45 PM,1218.9,LHS,Rural,Medarametla,Overturning,Gas tanker Over turned,Tanker,Non injury,Over speed,Four lanes or more with central divider,Sharp curve,,Fine,HR55G 2225,YES,Animals affected,0
19.08.2012,4:00 AM,1200.4,RHS,Rural,Reningavaram,Rear End Collision,Lorry hit   Median ,Lorry,Non injury,Over speed,Four lanes or more with central divider,Straight road,,Fine,WB41C  8252,YES,Fatal,0
19.08.2012,4:00 AM,1200.4,RHS,Rural,Reningavaram,Rear End Collision,Lorry hit   Median ,Lorry,Non injury,Over speed,Four lanes or more with central divider,Straight road,,Fine,WB41C  8252,YES,Grevious,0
19.08.2012,4:00 AM,1200.4,RHS,Rural,Reningavaram,Rear End Collision,Lorry hit   Median ,Lorry,Non injury,Over speed,Four lanes or more with central divider,Straight road,,Fine,WB41C  8252,YES,Minor,0
19.08.2012,4:00 AM,1200.4,RHS,Rural,Reningavaram,Rear End Collision,Lorry hit   Median ,Lorry,Non injury,Over speed,Four lanes or more with central divider,Straight road,,Fine,WB41C  8252,YES,Non injured ,2
19.08.2012,4:00 AM,1200.4,RHS,Rural,Reningavaram,Rear End Collision,Lorry hit   Median ,Lorry,Non injury,Over speed,Four lanes or more with central divider,Straight road,,Fine,WB41C  8252,YES,Animals affected,0
19.08.2012,5:50 AM,1313.2,RHS,Rural,Kavali,Rear End Collision,Lorry hit    Unknown vehicle,Lorry,Grievious injury,Over speed,Four lanes or more with central divider,Slight curve,T-Junction,Fine,WB25C   8056,YES,Fatal,0
19.08.2012,5:50 AM,1313.2,RHS,Rural,Kavali,Rear End Collision,Lorry hit    Unknown vehicle,Lorry,Grievious injury,Over speed,Four lanes or more with central divider,Slight curve,T-Junction,Fine,WB25C   8056,YES,Grevious,1
19.08.2012,5:50 AM,1313.2,RHS,Rural,Kavali,Rear End Collision,Lorry hit    Unknown vehicle,Lorry,Grievious injury,Over speed,Four lanes or more with central divider,Slight curve,T-Junction,Fine,WB25C   8056,YES,Minor,0
19.08.2012,5:50 AM,1313.2,RHS,Rural,Kavali,Rear End Collision,Lorry hit    Unknown vehicle,Lorry,Grievious injury,Over speed,Four lanes or more with central divider,Slight curve,T-Junction,Fine,WB25C   8056,YES,Non injured ,1
19.08.2012,5:50 AM,1313.2,RHS,Rural,Kavali,Rear End Collision,Lorry hit    Unknown vehicle,Lorry,Grievious injury,Over speed,Four lanes or more with central divider,Slight curve,T-Junction,Fine,WB25C   8056,YES,Animals affected,0
19.08.2012,10:30 AM,1202.6,LHS,Rural,Reningavaram,Overturning,Car Overturned,Car,Non injury,Over speed,Four lanes or more with central divider,Straight road,,Fine,AP26K 6499,YES,Fatal,0
19.08.2012,10:30 AM,1202.6,LHS,Rural,Reningavaram,Overturning,Car Overturned,Car,Non injury,Over speed,Four lanes or more with central divider,Straight road,,Fine,AP26K 6499,YES,Grevious,0
19.08.2012,10:30 AM,1202.6,LHS,Rural,Reningavaram,Overturning,Car Overturned,Car,Non injury,Over speed,Four lanes or more with central divider,Straight road,,Fine,AP26K 6499,YES,Minor,0
19.08.2012,10:30 AM,1202.6,LHS,Rural,Reningavaram,Overturning,Car Overturned,Car,Non injury,Over speed,Four lanes or more with central divider,Straight road,,Fine,AP26K 6499,YES,Non injured ,2
19.08.2012,10:30 AM,1202.6,LHS,Rural,Reningavaram,Overturning,Car Overturned,Car,Non injury,Over speed,Four lanes or more with central divider,Straight road,,Fine,AP26K 6499,YES,Animals affected,0
19.08.2012,8:05 PM,1263.8,LHS,Rural,Tangutur,Rear End Collision,Bus hit Lorry,Bus,Non injury,Over speed,Four lanes or more with central divider,Straight road,,Fine,AP21Z   0321,YES,Fatal,0
19.08.2012,8:05 PM,1263.8,LHS,Rural,Tangutur,Rear End Collision,Bus hit Lorry,Bus,Non injury,Over speed,Four lanes or more with central divider,Straight road,,Fine,AP21Z   0321,YES,Grevious,0
19.08.2012,8:05 PM,1263.8,LHS,Rural,Tangutur,Rear End Collision,Bus hit Lorry,Bus,Non injury,Over speed,Four lanes or more with central divider,Straight road,,Fine,AP21Z   0321,YES,Minor,0
19.08.2012,8:05 PM,1263.8,LHS,Rural,Tangutur,Rear End Collision,Bus hit Lorry,Bus,Non injury,Over speed,Four lanes or more with central divider,Straight road,,Fine,AP21Z   0321,YES,Non injured ,20
19.08.2012,8:05 PM,1263.8,LHS,Rural,Tangutur,Rear End Collision,Bus hit Lorry,Bus,Non injury,Over speed,Four lanes or more with central divider,Straight road,,Fine,AP21Z   0321,YES,Animals affected,0
19.08.2012,8:15 PM,1266.2,LHS,Rural,Tangutur,Overturning,Acid Tanker overturned,Tanker,Non injury,Over speed,Four lanes or more with central divider,Slight curve,Four arm junction,Fine,TN23AM  2835,YES,Fatal,0
19.08.2012,8:15 PM,1266.2,LHS,Rural,Tangutur,Overturning,Acid Tanker overturned,Tanker,Non injury,Over speed,Four lanes or more with central divider,Slight curve,Four arm junction,Fine,TN23AM  2835,YES,Grevious,0
19.08.2012,8:15 PM,1266.2,LHS,Rural,Tangutur,Overturning,Acid Tanker overturned,Tanker,Non injury,Over speed,Four lanes or more with central divider,Slight curve,Four arm junction,Fine,TN23AM  2835,YES,Minor,0
19.08.2012,8:15 PM,1266.2,LHS,Rural,Tangutur,Overturning,Acid Tanker overturned,Tanker,Non injury,Over speed,Four lanes or more with central divider,Slight curve,Four arm junction,Fine,TN23AM  2835,YES,Non injured ,1
19.08.2012,8:15 PM,1266.2,LHS,Rural,Tangutur,Overturning,Acid Tanker overturned,Tanker,Non injury,Over speed,Four lanes or more with central divider,Slight curve,Four arm junction,Fine,TN23AM  2835,YES,Animals affected,0
20.08.2012,3:55 AM,1274.5,RHS,Rural,Singarayakonda,Rear End Collision,Lorry hit  Continer vehicle,Lorry,Minor injury,Over speed,Four lanes or more with central divider,Straight road,,Fine,AP31TT   1196,YES,Fatal,0
20.08.2012,3:55 AM,1274.5,RHS,Rural,Singarayakonda,Rear End Collision,Lorry hit  Continer vehicle,Lorry,Minor injury,Over speed,Four lanes or more with central divider,Straight road,,Fine,AP31TT   1196,YES,Grevious,0
20.08.2012,3:55 AM,1274.5,RHS,Rural,Singarayakonda,Rear End Collision,Lorry hit  Continer vehicle,Lorry,Minor injury,Over speed,Four lanes or more with central divider,Straight road,,Fine,AP31TT   1196,YES,Minor,1
20.08.2012,3:55 AM,1274.5,RHS,Rural,Singarayakonda,Rear End Collision,Lorry hit  Continer vehicle,Lorry,Minor injury,Over speed,Four lanes or more with central divider,Straight road,,Fine,AP31TT   1196,YES,Non injured ,3
20.08.2012,3:55 AM,1274.5,RHS,Rural,Singarayakonda,Rear End Collision,Lorry hit  Continer vehicle,Lorry,Minor injury,Over speed,Four lanes or more with central divider,Straight road,,Fine,AP31TT   1196,YES,Animals affected,0
20.08.2012,8:30 AM,1252,RHS,Rural,Ongole,Rear End Collision,Bike hit   Lorry,Bike,Minor injury,Over speed,Four lanes or more with central divider,Straight road,,Fine,AP27AN   9554,YES,Fatal,0
20.08.2012,8:30 AM,1252,RHS,Rural,Ongole,Rear End Collision,Bike hit   Lorry,Bike,Minor injury,Over speed,Four lanes or more with central divider,Straight road,,Fine,AP27AN   9554,YES,Grevious,0
20.08.2012,8:30 AM,1252,RHS,Rural,Ongole,Rear End Collision,Bike hit   Lorry,Bike,Minor injury,Over speed,Four lanes or more with central divider,Straight road,,Fine,AP27AN   9554,YES,Minor,1
20.08.2012,8:30 AM,1252,RHS,Rural,Ongole,Rear End Collision,Bike hit   Lorry,Bike,Minor injury,Over speed,Four lanes or more with central divider,Straight road,,Fine,AP27AN   9554,YES,Non injured ,3
20.08.2012,8:30 AM,1252,RHS,Rural,Ongole,Rear End Collision,Bike hit   Lorry,Bike,Minor injury,Over speed,Four lanes or more with central divider,Straight road,,Fine,AP27AN   9554,YES,Animals affected,0
20.08.2012,2:15 PM,1225,RHS,Rural,Maddipadu,Rear End Collision,Tata Ac Auto hit        Unknown vehicle,Tata Ace,Fatal,Over speed,Four lanes or more with central divider,Straight road,,Fine,AP27Y    5854    ,YES,Fatal,1
20.08.2012,2:15 PM,1225,RHS,Rural,Maddipadu,Rear End Collision,Tata Ac Auto hit        Unknown vehicle,Tata Ace,Fatal,Over speed,Four lanes or more with central divider,Straight road,,Fine,AP27Y    5854    ,YES,Grevious,0