Operational date,Time of Accident,KM && M,Position,Rural/Urban,Location,Nature of Accident Position,Nature of Accident,Vehicle Involved,Type of Accident,Causes,Road Feature,Road condition,Intersection Type And Control,Weather Condition,Vehicle Responsible,Help Provided by Ambulance/Patroling Vehicle,Classification of Accident,No of Affected Persons
20.08.2012,2:15 PM,1225,RHS,Rural,Maddipadu,Rear End Collision,Tata Ac Auto hit        Unknown vehicle,Tata Ace,Fatal,Over speed,Four lanes or more with central divider,Straight road,,Fine,AP27Y    5854    ,YES,Minor,0
20.08.2012,2:15 PM,1225,RHS,Rural,Maddipadu,Rear End Collision,Tata Ac Auto hit        Unknown vehicle,Tata Ace,Fatal,Over speed,Four lanes or more with central divider,Straight road,,Fine,AP27Y    5854    ,YES,Non injured ,1
20.08.2012,2:15 PM,1225,RHS,Rural,Maddipadu,Rear End Collision,Tata Ac Auto hit        Unknown vehicle,Tata Ace,Fatal,Over speed,Four lanes or more with central divider,Straight road,,Fine,AP27Y    5854    ,YES,Animals affected,0
20.08.2012,2:50 PM,1210.8,LHS,Rural,Reningavaram,Rear End Collision,Bike hit    Bus,Bike,Grievious injury,Over speed,Four lanes or more with central divider,Straight road,,Fine,AP27AB   0772,YES,Fatal,0
20.08.2012,2:50 PM,1210.8,LHS,Rural,Reningavaram,Rear End Collision,Bike hit    Bus,Bike,Grievious injury,Over speed,Four lanes or more with central divider,Straight road,,Fine,AP27AB   0772,YES,Grevious,1
20.08.2012,2:50 PM,1210.8,LHS,Rural,Reningavaram,Rear End Collision,Bike hit    Bus,Bike,Grievious injury,Over speed,Four lanes or more with central divider,Straight road,,Fine,AP27AB   0772,YES,Minor,1
20.08.2012,2:50 PM,1210.8,LHS,Rural,Reningavaram,Rear End Collision,Bike hit    Bus,Bike,Grievious injury,Over speed,Four lanes or more with central divider,Straight road,,Fine,AP27AB   0772,YES,Non injured ,0
20.08.2012,2:50 PM,1210.8,LHS,Rural,Reningavaram,Rear End Collision,Bike hit    Bus,Bike,Grievious injury,Over speed,Four lanes or more with central divider,Straight road,,Fine,AP27AB   0772,YES,Animals affected,0
21.08.2012,1:10 AM,1260,RHS,Rural,Tangutur,Overturning,Lorry Overturned,Lorry,Minor injury,Over speed,Four lanes or more with central divider,Straight road,,Fine,AP26W   0455,YES,Fatal,0
21.08.2012,1:10 AM,1260,RHS,Rural,Tangutur,Overturning,Lorry Overturned,Lorry,Minor injury,Over speed,Four lanes or more with central divider,Straight road,,Fine,AP26W   0455,YES,Grevious,0
21.08.2012,1:10 AM,1260,RHS,Rural,Tangutur,Overturning,Lorry Overturned,Lorry,Minor injury,Over speed,Four lanes or more with central divider,Straight road,,Fine,AP26W   0455,YES,Minor,1
21.08.2012,1:10 AM,1260,RHS,Rural,Tangutur,Overturning,Lorry Overturned,Lorry,Minor injury,Over speed,Four lanes or more with central divider,Straight road,,Fine,AP26W   0455,YES,Non injured ,1
21.08.2012,1:10 AM,1260,RHS,Rural,Tangutur,Overturning,Lorry Overturned,Lorry,Minor injury,Over speed,Four lanes or more with central divider,Straight road,,Fine,AP26W   0455,YES,Animals affected,0
21.08.2012,1:40 AM,1298.8,RHS,Rural,Gudluru,Rear End Collision,Lorry hit   Bus,Lorry,Non injury,Fault of driver of motor vehicle/driver of other vehicle/cyclist/pedestrian/passenger,Four lanes or more with central divider,Straight road,,Fine,TN31AC   1144,YES,Fatal,0
21.08.2012,1:40 AM,1298.8,RHS,Rural,Gudluru,Rear End Collision,Lorry hit   Bus,Lorry,Non injury,Fault of driver of motor vehicle/driver of other vehicle/cyclist/pedestrian/passenger,Four lanes or more with central divider,Straight road,,Fine,TN31AC   1144,YES,Grevious,0
21.08.2012,1:40 AM,1298.8,RHS,Rural,Gudluru,Rear End Collision,Lorry hit   Bus,Lorry,Non injury,Fault of driver of motor vehicle/driver of other vehicle/cyclist/pedestrian/passenger,Four lanes or more with central divider,Straight road,,Fine,TN31AC   1144,YES,Minor,0
21.08.2012,1:40 AM,1298.8,RHS,Rural,Gudluru,Rear End Collision,Lorry hit   Bus,Lorry,Non injury,Fault of driver of motor vehicle/driver of other vehicle/cyclist/pedestrian/passenger,Four lanes or more with central divider,Straight road,,Fine,TN31AC   1144,YES,Non injured ,25
21.08.2012,1:40 AM,1298.8,RHS,Rural,Gudluru,Rear End Collision,Lorry hit   Bus,Lorry,Non injury,Fault of driver of motor vehicle/driver of other vehicle/cyclist/pedestrian/passenger,Four lanes or more with central divider,Straight road,,Fine,TN31AC   1144,YES,Animals affected,0
21.08.2012,4:50 AM,1263.8,LHS,Rural,Tangutur,Collision Brush/Side Wipe,Container Lorry hit toll- Person,Container,Grievious injury,Over speed,Four lanes or more with central divider,Straight road,,Fine,AP29TA  7133,YES,Fatal,0
21.08.2012,4:50 AM,1263.8,LHS,Rural,Tangutur,Collision Brush/Side Wipe,Container Lorry hit toll- Person,Container,Grievious injury,Over speed,Four lanes or more with central divider,Straight road,,Fine,AP29TA  7133,YES,Grevious,1
21.08.2012,4:50 AM,1263.8,LHS,Rural,Tangutur,Collision Brush/Side Wipe,Container Lorry hit toll- Person,Container,Grievious injury,Over speed,Four lanes or more with central divider,Straight road,,Fine,AP29TA  7133,YES,Minor,0
21.08.2012,4:50 AM,1263.8,LHS,Rural,Tangutur,Collision Brush/Side Wipe,Container Lorry hit toll- Person,Container,Grievious injury,Over speed,Four lanes or more with central divider,Straight road,,Fine,AP29TA  7133,YES,Non injured ,0
21.08.2012,4:50 AM,1263.8,LHS,Rural,Tangutur,Collision Brush/Side Wipe,Container Lorry hit toll- Person,Container,Grievious injury,Over speed,Four lanes or more with central divider,Straight road,,Fine,AP29TA  7133,YES,Animals affected,0
21.08.2012,10:00 AM,1265.1,RHS,Rural,Tangutur,Rear End Collision,Lorry hit    Safety wall,Lorry,Non injury,Over speed,Four lanes or more with central divider,Straight road,,Fine,AP16TX  5722,YES,Fatal,0
21.08.2012,10:00 AM,1265.1,RHS,Rural,Tangutur,Rear End Collision,Lorry hit    Safety wall,Lorry,Non injury,Over speed,Four lanes or more with central divider,Straight road,,Fine,AP16TX  5722,YES,Grevious,0
21.08.2012,10:00 AM,1265.1,RHS,Rural,Tangutur,Rear End Collision,Lorry hit    Safety wall,Lorry,Non injury,Over speed,Four lanes or more with central divider,Straight road,,Fine,AP16TX  5722,YES,Minor,0
21.08.2012,10:00 AM,1265.1,RHS,Rural,Tangutur,Rear End Collision,Lorry hit    Safety wall,Lorry,Non injury,Over speed,Four lanes or more with central divider,Straight road,,Fine,AP16TX  5722,YES,Non injured ,2
21.08.2012,10:00 AM,1265.1,RHS,Rural,Tangutur,Rear End Collision,Lorry hit    Safety wall,Lorry,Non injury,Over speed,Four lanes or more with central divider,Straight road,,Fine,AP16TX  5722,YES,Animals affected,0
22.08.2012,5:30 AM,1193.4,LHS,Rural,Martur,Collision Brush/Side Wipe,Lorry hit Safety Wall,Lorry,Fatal,Fault of driver of motor vehicle/driver of other vehicle/cyclist/pedestrian/passenger,Four lanes or more with central divider,Straight road,,Fine,WB15B   5175,YES,Fatal,1
22.08.2012,5:30 AM,1193.4,LHS,Rural,Martur,Collision Brush/Side Wipe,Lorry hit Safety Wall,Lorry,Fatal,Fault of driver of motor vehicle/driver of other vehicle/cyclist/pedestrian/passenger,Four lanes or more with central divider,Straight road,,Fine,WB15B   5175,YES,Grevious,0
22.08.2012,5:30 AM,1193.4,LHS,Rural,Martur,Collision Brush/Side Wipe,Lorry hit Safety Wall,Lorry,Fatal,Fault of driver of motor vehicle/driver of other vehicle/cyclist/pedestrian/passenger,Four lanes or more with central divider,Straight road,,Fine,WB15B   5175,YES,Minor,0
22.08.2012,5:30 AM,1193.4,LHS,Rural,Martur,Collision Brush/Side Wipe,Lorry hit Safety Wall,Lorry,Fatal,Fault of driver of motor vehicle/driver of other vehicle/cyclist/pedestrian/passenger,Four lanes or more with central divider,Straight road,,Fine,WB15B   5175,YES,Non injured ,1
22.08.2012,5:30 AM,1193.4,LHS,Rural,Martur,Collision Brush/Side Wipe,Lorry hit Safety Wall,Lorry,Fatal,Fault of driver of motor vehicle/driver of other vehicle/cyclist/pedestrian/passenger,Four lanes or more with central divider,Straight road,,Fine,WB15B   5175,YES,Animals affected,0
22.08.2012,3:41 PM,1261.6,LHS,Rural,Tangutur,Overturning,Car Overturned,Car,Grievious injury,Over speed,Four lanes or more with central divider,Straight road,,Fine,AP27R   6858,YES,Fatal,0
22.08.2012,3:41 PM,1261.6,LHS,Rural,Tangutur,Overturning,Car Overturned,Car,Grievious injury,Over speed,Four lanes or more with central divider,Straight road,,Fine,AP27R   6858,YES,Grevious,2
22.08.2012,3:41 PM,1261.6,LHS,Rural,Tangutur,Overturning,Car Overturned,Car,Grievious injury,Over speed,Four lanes or more with central divider,Straight road,,Fine,AP27R   6858,YES,Minor,2
22.08.2012,3:41 PM,1261.6,LHS,Rural,Tangutur,Overturning,Car Overturned,Car,Grievious injury,Over speed,Four lanes or more with central divider,Straight road,,Fine,AP27R   6858,YES,Non injured ,0
22.08.2012,3:41 PM,1261.6,LHS,Rural,Tangutur,Overturning,Car Overturned,Car,Grievious injury,Over speed,Four lanes or more with central divider,Straight road,,Fine,AP27R   6858,YES,Animals affected,0
23.08.2012,12:10 PM,1202.2,RHS,Rural,Reningavaram,Skidding, Bike    Skidding,Bike,Grievious injury,Over speed,Four lanes or more with central divider,Straight road,,Fine,AP03 AJ 3824,YES,Fatal,0
23.08.2012,12:10 PM,1202.2,RHS,Rural,Reningavaram,Skidding, Bike    Skidding,Bike,Grievious injury,Over speed,Four lanes or more with central divider,Straight road,,Fine,AP03 AJ 3824,YES,Grevious,1
23.08.2012,12:10 PM,1202.2,RHS,Rural,Reningavaram,Skidding, Bike    Skidding,Bike,Grievious injury,Over speed,Four lanes or more with central divider,Straight road,,Fine,AP03 AJ 3824,YES,Minor,0
23.08.2012,12:10 PM,1202.2,RHS,Rural,Reningavaram,Skidding, Bike    Skidding,Bike,Grievious injury,Over speed,Four lanes or more with central divider,Straight road,,Fine,AP03 AJ 3824,YES,Non injured ,0
23.08.2012,12:10 PM,1202.2,RHS,Rural,Reningavaram,Skidding, Bike    Skidding,Bike,Grievious injury,Over speed,Four lanes or more with central divider,Straight road,,Fine,AP03 AJ 3824,YES,Animals affected,0
23.08.2012,9:11 PM,1200.8,RHS,Rural,Reningavaram,Collision Brush/Side Wipe, Bike hit Median,Bike,Grievious injury,Over speed,Four lanes or more with central divider,Straight road,,Fine,AP16BT 4318,YES,Fatal,0
23.08.2012,9:11 PM,1200.8,RHS,Rural,Reningavaram,Collision Brush/Side Wipe, Bike hit Median,Bike,Grievious injury,Over speed,Four lanes or more with central divider,Straight road,,Fine,AP16BT 4318,YES,Grevious,1
23.08.2012,9:11 PM,1200.8,RHS,Rural,Reningavaram,Collision Brush/Side Wipe, Bike hit Median,Bike,Grievious injury,Over speed,Four lanes or more with central divider,Straight road,,Fine,AP16BT 4318,YES,Minor,1
23.08.2012,9:11 PM,1200.8,RHS,Rural,Reningavaram,Collision Brush/Side Wipe, Bike hit Median,Bike,Grievious injury,Over speed,Four lanes or more with central divider,Straight road,,Fine,AP16BT 4318,YES,Non injured ,0
23.08.2012,9:11 PM,1200.8,RHS,Rural,Reningavaram,Collision Brush/Side Wipe, Bike hit Median,Bike,Grievious injury,Over speed,Four lanes or more with central divider,Straight road,,Fine,AP16BT 4318,YES,Animals affected,0
24.08.2012,12:30 PM,1196.2,RHS,Rural,Martur,Rear End Collision,Car hit    Bike     ,Car,Grievious injury,Over speed,Four lanes or more with central divider,Straight road,,Fine,AP24K   999,YES,Fatal,0
24.08.2012,12:30 PM,1196.2,RHS,Rural,Martur,Rear End Collision,Car hit    Bike     ,Car,Grievious injury,Over speed,Four lanes or more with central divider,Straight road,,Fine,AP24K   999,YES,Grevious,2
24.08.2012,12:30 PM,1196.2,RHS,Rural,Martur,Rear End Collision,Car hit    Bike     ,Car,Grievious injury,Over speed,Four lanes or more with central divider,Straight road,,Fine,AP24K   999,YES,Minor,0
24.08.2012,12:30 PM,1196.2,RHS,Rural,Martur,Rear End Collision,Car hit    Bike     ,Car,Grievious injury,Over speed,Four lanes or more with central divider,Straight road,,Fine,AP24K   999,YES,Non injured ,3
24.08.2012,12:30 PM,1196.2,RHS,Rural,Martur,Rear End Collision,Car hit    Bike     ,Car,Grievious injury,Over speed,Four lanes or more with central divider,Straight road,,Fine,AP24K   999,YES,Animals affected,0
24.08.2012,12:50 PM,1310,LHS,Rural,Kavali,Collision Brush/Side Wipe,Lorry hit   Pedestrian,Lorry,Grievious injury,Over speed,Four lanes or more with central divider,Straight road,,Fine,TN30Y  3576,YES,Fatal,0
24.08.2012,12:50 PM,1310,LHS,Rural,Kavali,Collision Brush/Side Wipe,Lorry hit   Pedestrian,Lorry,Grievious injury,Over speed,Four lanes or more with central divider,Straight road,,Fine,TN30Y  3576,YES,Grevious,1
24.08.2012,12:50 PM,1310,LHS,Rural,Kavali,Collision Brush/Side Wipe,Lorry hit   Pedestrian,Lorry,Grievious injury,Over speed,Four lanes or more with central divider,Straight road,,Fine,TN30Y  3576,YES,Minor,0
24.08.2012,12:50 PM,1310,LHS,Rural,Kavali,Collision Brush/Side Wipe,Lorry hit   Pedestrian,Lorry,Grievious injury,Over speed,Four lanes or more with central divider,Straight road,,Fine,TN30Y  3576,YES,Non injured ,0
24.08.2012,12:50 PM,1310,LHS,Rural,Kavali,Collision Brush/Side Wipe,Lorry hit   Pedestrian,Lorry,Grievious injury,Over speed,Four lanes or more with central divider,Straight road,,Fine,TN30Y  3576,YES,Animals affected,0
24.08.2012,8:30 PM,1257.6,LHS,Rural,Tangutur,Head on collision, Lorry hit Median,Lorry,Fatal,Fault of driver of motor vehicle/driver of other vehicle/cyclist/pedestrian/passenger,Three lanes or more without central divider(median),Straight road,Four arm junction,Fine,AP37U 5386,YES,Fatal,1
24.08.2012,8:30 PM,1257.6,LHS,Rural,Tangutur,Head on collision, Lorry hit Median,Lorry,Fatal,Fault of driver of motor vehicle/driver of other vehicle/cyclist/pedestrian/passenger,Three lanes or more without central divider(median),Straight road,Four arm junction,Fine,AP37U 5386,YES,Grevious,0
24.08.2012,8:30 PM,1257.6,LHS,Rural,Tangutur,Head on collision, Lorry hit Median,Lorry,Fatal,Fault of driver of motor vehicle/driver of other vehicle/cyclist/pedestrian/passenger,Three lanes or more without central divider(median),Straight road,Four arm junction,Fine,AP37U 5386,YES,Minor,1
24.08.2012,8:30 PM,1257.6,LHS,Rural,Tangutur,Head on collision, Lorry hit Median,Lorry,Fatal,Fault of driver of motor vehicle/driver of other vehicle/cyclist/pedestrian/passenger,Three lanes or more without central divider(median),Straight road,Four arm junction,Fine,AP37U 5386,YES,Non injured ,0
24.08.2012,8:30 PM,1257.6,LHS,Rural,Tangutur,Head on collision, Lorry hit Median,Lorry,Fatal,Fault of driver of motor vehicle/driver of other vehicle/cyclist/pedestrian/passenger,Three lanes or more without central divider(median),Straight road,Four arm junction,Fine,AP37U 5386,YES,Animals affected,0
25.08.2012,4:00 AM,1218,RHS,Rural,Medarametla,Rear End Collision, Lorry hit Lorry,Lorry,Minor injury,Over speed,Four lanes or more with central divider,Slight curve,,Fine,AP07TA 8999,YES,Fatal,0
25.08.2012,4:00 AM,1218,RHS,Rural,Medarametla,Rear End Collision, Lorry hit Lorry,Lorry,Minor injury,Over speed,Four lanes or more with central divider,Slight curve,,Fine,AP07TA 8999,YES,Grevious,0
25.08.2012,4:00 AM,1218,RHS,Rural,Medarametla,Rear End Collision, Lorry hit Lorry,Lorry,Minor injury,Over speed,Four lanes or more with central divider,Slight curve,,Fine,AP07TA 8999,YES,Minor,2
25.08.2012,4:00 AM,1218,RHS,Rural,Medarametla,Rear End Collision, Lorry hit Lorry,Lorry,Minor injury,Over speed,Four lanes or more with central divider,Slight curve,,Fine,AP07TA 8999,YES,Non injured ,0
25.08.2012,4:00 AM,1218,RHS,Rural,Medarametla,Rear End Collision, Lorry hit Lorry,Lorry,Minor injury,Over speed,Four lanes or more with central divider,Slight curve,,Fine,AP07TA 8999,YES,Animals affected,0
25.08.2012,3:30 PM,1284.6,RHS,Rural,Ulavapadu,Head on collision, Bike hit  Lorry,Bike,Fatal,Fault of driver of motor vehicle/driver of other vehicle/cyclist/pedestrian/passenger,Four lanes or more with central divider,Straight road,,Fine,AP29G  6590,YES,Fatal,1
25.08.2012,3:30 PM,1284.6,RHS,Rural,Ulavapadu,Head on collision, Bike hit  Lorry,Bike,Fatal,Fault of driver of motor vehicle/driver of other vehicle/cyclist/pedestrian/passenger,Four lanes or more with central divider,Straight road,,Fine,AP29G  6590,YES,Grevious,0
25.08.2012,3:30 PM,1284.6,RHS,Rural,Ulavapadu,Head on collision, Bike hit  Lorry,Bike,Fatal,Fault of driver of motor vehicle/driver of other vehicle/cyclist/pedestrian/passenger,Four lanes or more with central divider,Straight road,,Fine,AP29G  6590,YES,Minor,0
25.08.2012,3:30 PM,1284.6,RHS,Rural,Ulavapadu,Head on collision, Bike hit  Lorry,Bike,Fatal,Fault of driver of motor vehicle/driver of other vehicle/cyclist/pedestrian/passenger,Four lanes or more with central divider,Straight road,,Fine,AP29G  6590,YES,Non injured ,2
25.08.2012,3:30 PM,1284.6,RHS,Rural,Ulavapadu,Head on collision, Bike hit  Lorry,Bike,Fatal,Fault of driver of motor vehicle/driver of other vehicle/cyclist/pedestrian/passenger,Four lanes or more with central divider,Straight road,,Fine,AP29G  6590,YES,Animals affected,0
25.08.2012,5:50 PM,1364.8,RHS,Rural,Kovuru,Rear End Collision, Lorry hit Auto,Lorry,Non injury,Vehicle out of control,Four lanes or more with central divider,Straight road,,Heavy rain,AP03 Y  2799,YES,Fatal,0
25.08.2012,5:50 PM,1364.8,RHS,Rural,Kovuru,Rear End Collision, Lorry hit Auto,Lorry,Non injury,Vehicle out of control,Four lanes or more with central divider,Straight road,,Heavy rain,AP03 Y  2799,YES,Grevious,0
25.08.2012,5:50 PM,1364.8,RHS,Rural,Kovuru,Rear End Collision, Lorry hit Auto,Lorry,Non injury,Vehicle out of control,Four lanes or more with central divider,Straight road,,Heavy rain,AP03 Y  2799,YES,Minor,0
25.08.2012,5:50 PM,1364.8,RHS,Rural,Kovuru,Rear End Collision, Lorry hit Auto,Lorry,Non injury,Vehicle out of control,Four lanes or more with central divider,Straight road,,Heavy rain,AP03 Y  2799,YES,Non injured ,4
25.08.2012,5:50 PM,1364.8,RHS,Rural,Kovuru,Rear End Collision, Lorry hit Auto,Lorry,Non injury,Vehicle out of control,Four lanes or more with central divider,Straight road,,Heavy rain,AP03 Y  2799,YES,Animals affected,0
26.08.2012,4:40 AM,1264.9,RHS,Rural,Tangutur,Overturning,Tempo Aumbulance Overturned,Van,Grievious injury,Fault of driver of motor vehicle/driver of other vehicle/cyclist/pedestrian/passenger,Four lanes or more with central divider,Straight road,,Cloudy,TN69Y   4578,YES,Fatal,0
26.08.2012,4:40 AM,1264.9,RHS,Rural,Tangutur,Overturning,Tempo Aumbulance Overturned,Van,Grievious injury,Fault of driver of motor vehicle/driver of other vehicle/cyclist/pedestrian/passenger,Four lanes or more with central divider,Straight road,,Cloudy,TN69Y   4578,YES,Grevious,3
26.08.2012,4:40 AM,1264.9,RHS,Rural,Tangutur,Overturning,Tempo Aumbulance Overturned,Van,Grievious injury,Fault of driver of motor vehicle/driver of other vehicle/cyclist/pedestrian/passenger,Four lanes or more with central divider,Straight road,,Cloudy,TN69Y   4578,YES,Minor,5
26.08.2012,4:40 AM,1264.9,RHS,Rural,Tangutur,Overturning,Tempo Aumbulance Overturned,Van,Grievious injury,Fault of driver of motor vehicle/driver of other vehicle/cyclist/pedestrian/passenger,Four lanes or more with central divider,Straight road,,Cloudy,TN69Y   4578,YES,Non injured ,2
26.08.2012,4:40 AM,1264.9,RHS,Rural,Tangutur,Overturning,Tempo Aumbulance Overturned,Van,Grievious injury,Fault of driver of motor vehicle/driver of other vehicle/cyclist/pedestrian/passenger,Four lanes or more with central divider,Straight road,,Cloudy,TN69Y   4578,YES,Animals affected,0
26.08.2012,6:30 AM,1336.4,RHS,Rural,K.Tippa ,Rear End Collision,Bus hit   Car,Bus,Minor injury,Over speed,Four lanes or more with central divider,Straight road,,Cloudy,KA01AA   9873,YES,Fatal,0
26.08.2012,6:30 AM,1336.4,RHS,Rural,K.Tippa ,Rear End Collision,Bus hit   Car,Bus,Minor injury,Over speed,Four lanes or more with central divider,Straight road,,Cloudy,KA01AA   9873,YES,Grevious,0
26.08.2012,6:30 AM,1336.4,RHS,Rural,K.Tippa ,Rear End Collision,Bus hit   Car,Bus,Minor injury,Over speed,Four lanes or more with central divider,Straight road,,Cloudy,KA01AA   9873,YES,Minor,2
26.08.2012,6:30 AM,1336.4,RHS,Rural,K.Tippa ,Rear End Collision,Bus hit   Car,Bus,Minor injury,Over speed,Four lanes or more with central divider,Straight road,,Cloudy,KA01AA   9873,YES,Non injured ,1
26.08.2012,6:30 AM,1336.4,RHS,Rural,K.Tippa ,Rear End Collision,Bus hit   Car,Bus,Minor injury,Over speed,Four lanes or more with central divider,Straight road,,Cloudy,KA01AA   9873,YES,Animals affected,0
26.08.2012,6:40 AM,1223.4,RHS,Rural,Medarametla,Overturning,Lorry Overturned,Lorry,Minor injury,Over speed,Four lanes or more with central divider,Straight road,,Fine,UP63T      1373,YES,Fatal,0
26.08.2012,6:40 AM,1223.4,RHS,Rural,Medarametla,Overturning,Lorry Overturned,Lorry,Minor injury,Over speed,Four lanes or more with central divider,Straight road,,Fine,UP63T      1373,YES,Grevious,0
26.08.2012,6:40 AM,1223.4,RHS,Rural,Medarametla,Overturning,Lorry Overturned,Lorry,Minor injury,Over speed,Four lanes or more with central divider,Straight road,,Fine,UP63T      1373,YES,Minor,2
26.08.2012,6:40 AM,1223.4,RHS,Rural,Medarametla,Overturning,Lorry Overturned,Lorry,Minor injury,Over speed,Four lanes or more with central divider,Straight road,,Fine,UP63T      1373,YES,Non injured ,0
26.08.2012,6:40 AM,1223.4,RHS,Rural,Medarametla,Overturning,Lorry Overturned,Lorry,Minor injury,Over speed,Four lanes or more with central divider,Straight road,,Fine,UP63T      1373,YES,Animals affected,0
26.08.2012,11:33 PM,1260.8,LHS,Rural,Tangutur,Skidding,Bike Skidding,Bike,Grievious injury,Over speed,Four lanes or more with central divider,Straight road,,Fine,AP27AE 3828,YES,Fatal,0
26.08.2012,11:33 PM,1260.8,LHS,Rural,Tangutur,Skidding,Bike Skidding,Bike,Grievious injury,Over speed,Four lanes or more with central divider,Straight road,,Fine,AP27AE 3828,YES,Grevious,1
26.08.2012,11:33 PM,1260.8,LHS,Rural,Tangutur,Skidding,Bike Skidding,Bike,Grievious injury,Over speed,Four lanes or more with central divider,Straight road,,Fine,AP27AE 3828,YES,Minor,0
26.08.2012,11:33 PM,1260.8,LHS,Rural,Tangutur,Skidding,Bike Skidding,Bike,Grievious injury,Over speed,Four lanes or more with central divider,Straight road,,Fine,AP27AE 3828,YES,Non injured ,0
26.08.2012,11:33 PM,1260.8,LHS,Rural,Tangutur,Skidding,Bike Skidding,Bike,Grievious injury,Over speed,Four lanes or more with central divider,Straight road,,Fine,AP27AE 3828,YES,Animals affected,0
27.08.2012,3:30 PM,1347.6,RHS,Rural,Dagadarthi,Collision Brush/Side Wipe,Lorry hit  Median,Lorry,Non injury,Over speed,Four lanes or more with central divider,Straight road,,Fine,MH12FC   8694,YES,Fatal,0
27.08.2012,3:30 PM,1347.6,RHS,Rural,Dagadarthi,Collision Brush/Side Wipe,Lorry hit  Median,Lorry,Non injury,Over speed,Four lanes or more with central divider,Straight road,,Fine,MH12FC   8694,YES,Grevious,0
27.08.2012,3:30 PM,1347.6,RHS,Rural,Dagadarthi,Collision Brush/Side Wipe,Lorry hit  Median,Lorry,Non injury,Over speed,Four lanes or more with central divider,Straight road,,Fine,MH12FC   8694,YES,Minor,0
27.08.2012,3:30 PM,1347.6,RHS,Rural,Dagadarthi,Collision Brush/Side Wipe,Lorry hit  Median,Lorry,Non injury,Over speed,Four lanes or more with central divider,Straight road,,Fine,MH12FC   8694,YES,Non injured ,2
27.08.2012,3:30 PM,1347.6,RHS,Rural,Dagadarthi,Collision Brush/Side Wipe,Lorry hit  Median,Lorry,Non injury,Over speed,Four lanes or more with central divider,Straight road,,Fine,MH12FC   8694,YES,Animals affected,0
27.08.2012,4:20 PM,1346,RHS,Rural,Dagadarthi,Head on collision,Lorry hit    Lorry,Lorry,Non injury,Over speed,Four lanes or more with central divider,Sharp curve,Four arm junction,Fine,AP16TY   7448,YES,Fatal,0
27.08.2012,4:20 PM,1346,RHS,Rural,Dagadarthi,Head on collision,Lorry hit    Lorry,Lorry,Non injury,Over speed,Four lanes or more with central divider,Sharp curve,Four arm junction,Fine,AP16TY   7448,YES,Grevious,0
27.08.2012,4:20 PM,1346,RHS,Rural,Dagadarthi,Head on collision,Lorry hit    Lorry,Lorry,Non injury,Over speed,Four lanes or more with central divider,Sharp curve,Four arm junction,Fine,AP16TY   7448,YES,Minor,0
27.08.2012,4:20 PM,1346,RHS,Rural,Dagadarthi,Head on collision,Lorry hit    Lorry,Lorry,Non injury,Over speed,Four lanes or more with central divider,Sharp curve,Four arm junction,Fine,AP16TY   7448,YES,Non injured ,4
27.08.2012,4:20 PM,1346,RHS,Rural,Dagadarthi,Head on collision,Lorry hit    Lorry,Lorry,Non injury,Over speed,Four lanes or more with central divider,Sharp curve,Four arm junction,Fine,AP16TY   7448,YES,Animals affected,0
27.08.2012,10:20 PM,1203.7,RHS,Rural,Reningavaram,Rear End Collision,Lorry hit    Car,Lorry,Grievious injury,Over speed,Four lanes or more with central divider,Straight road,,Fine,AP35T    6548,YES,Fatal,0
27.08.2012,10:20 PM,1203.7,RHS,Rural,Reningavaram,Rear End Collision,Lorry hit    Car,Lorry,Grievious injury,Over speed,Four lanes or more with central divider,Straight road,,Fine,AP35T    6548,YES,Grevious,2
27.08.2012,10:20 PM,1203.7,RHS,Rural,Reningavaram,Rear End Collision,Lorry hit    Car,Lorry,Grievious injury,Over speed,Four lanes or more with central divider,Straight road,,Fine,AP35T    6548,YES,Minor,0
27.08.2012,10:20 PM,1203.7,RHS,Rural,Reningavaram,Rear End Collision,Lorry hit    Car,Lorry,Grievious injury,Over speed,Four lanes or more with central divider,Straight road,,Fine,AP35T    6548,YES,Non injured ,2
27.08.2012,10:20 PM,1203.7,RHS,Rural,Reningavaram,Rear End Collision,Lorry hit    Car,Lorry,Grievious injury,Over speed,Four lanes or more with central divider,Straight road,,Fine,AP35T    6548,YES,Animals affected,0
28.08.2012,4:15 AM,1296.7,RHS,Rural,Ulavapadu,Rear End Collision,Bus hit   Unknown vehicle,Bus,Non injury,Fault of driver of motor vehicle/driver of other vehicle/cyclist/pedestrian/passenger,Four lanes or more with central divider,Straight road,,Fine,NL0D     0833,YES,Fatal,0
28.08.2012,4:15 AM,1296.7,RHS,Rural,Ulavapadu,Rear End Collision,Bus hit   Unknown vehicle,Bus,Non injury,Fault of driver of motor vehicle/driver of other vehicle/cyclist/pedestrian/passenger,Four lanes or more with central divider,Straight road,,Fine,NL0D     0833,YES,Grevious,0
28.08.2012,4:15 AM,1296.7,RHS,Rural,Ulavapadu,Rear End Collision,Bus hit   Unknown vehicle,Bus,Non injury,Fault of driver of motor vehicle/driver of other vehicle/cyclist/pedestrian/passenger,Four lanes or more with central divider,Straight road,,Fine,NL0D     0833,YES,Minor,0
28.08.2012,4:15 AM,1296.7,RHS,Rural,Ulavapadu,Rear End Collision,Bus hit   Unknown vehicle,Bus,Non injury,Fault of driver of motor vehicle/driver of other vehicle/cyclist/pedestrian/passenger,Four lanes or more with central divider,Straight road,,Fine,NL0D     0833,YES,Non injured ,30