Operational date,Time of Accident,KM && M,Position,Rural/Urban,Location,Nature of Accident Position,Nature of Accident,Vehicle Involved,Type of Accident,Causes,Road Feature,Road condition,Intersection Type And Control,Weather Condition,Vehicle Responsible,Help Provided by Ambulance/Patroling Vehicle,Classification of Accident,No of Affected Persons
28.08.2012,4:15 AM,1296.7,RHS,Rural,Ulavapadu,Rear End Collision,Bus hit   Unknown vehicle,Bus,Non injury,Fault of driver of motor vehicle/driver of other vehicle/cyclist/pedestrian/passenger,Four lanes or more with central divider,Straight road,,Fine,NL0D     0833,YES,Animals affected,0
28.08.2012,5:28 PM,1260.2,RHS,Rural,Tangutur,Head on collision, Unknown Vehicle hit Pedestrian,Unknown,Grievious injury,Over speed,Four lanes or more with central divider,Straight road,,Fine,Unknown  Vehicle,YES,Fatal,0
28.08.2012,5:28 PM,1260.2,RHS,Rural,Tangutur,Head on collision, Unknown Vehicle hit Pedestrian,Unknown,Grievious injury,Over speed,Four lanes or more with central divider,Straight road,,Fine,Unknown  Vehicle,YES,Grevious,1
28.08.2012,5:28 PM,1260.2,RHS,Rural,Tangutur,Head on collision, Unknown Vehicle hit Pedestrian,Unknown,Grievious injury,Over speed,Four lanes or more with central divider,Straight road,,Fine,Unknown  Vehicle,YES,Minor,0
28.08.2012,5:28 PM,1260.2,RHS,Rural,Tangutur,Head on collision, Unknown Vehicle hit Pedestrian,Unknown,Grievious injury,Over speed,Four lanes or more with central divider,Straight road,,Fine,Unknown  Vehicle,YES,Non injured ,0
28.08.2012,5:28 PM,1260.2,RHS,Rural,Tangutur,Head on collision, Unknown Vehicle hit Pedestrian,Unknown,Grievious injury,Over speed,Four lanes or more with central divider,Straight road,,Fine,Unknown  Vehicle,YES,Animals affected,0
29.08.2012,4:00 AM,1210,RHS,Rural,Reningavaram,Collision Brush/Side Wipe, Lorry hit Safety Wall,Lorry,Non injury,Fault of driver of motor vehicle/driver of other vehicle/cyclist/pedestrian/passenger,Four lanes or more with central divider,Straight road,,Fine,AP27 V 7974,YES,Fatal,0
29.08.2012,4:00 AM,1210,RHS,Rural,Reningavaram,Collision Brush/Side Wipe, Lorry hit Safety Wall,Lorry,Non injury,Fault of driver of motor vehicle/driver of other vehicle/cyclist/pedestrian/passenger,Four lanes or more with central divider,Straight road,,Fine,AP27 V 7974,YES,Grevious,0
29.08.2012,4:00 AM,1210,RHS,Rural,Reningavaram,Collision Brush/Side Wipe, Lorry hit Safety Wall,Lorry,Non injury,Fault of driver of motor vehicle/driver of other vehicle/cyclist/pedestrian/passenger,Four lanes or more with central divider,Straight road,,Fine,AP27 V 7974,YES,Minor,0
29.08.2012,4:00 AM,1210,RHS,Rural,Reningavaram,Collision Brush/Side Wipe, Lorry hit Safety Wall,Lorry,Non injury,Fault of driver of motor vehicle/driver of other vehicle/cyclist/pedestrian/passenger,Four lanes or more with central divider,Straight road,,Fine,AP27 V 7974,YES,Non injured ,2
29.08.2012,4:00 AM,1210,RHS,Rural,Reningavaram,Collision Brush/Side Wipe, Lorry hit Safety Wall,Lorry,Non injury,Fault of driver of motor vehicle/driver of other vehicle/cyclist/pedestrian/passenger,Four lanes or more with central divider,Straight road,,Fine,AP27 V 7974,YES,Animals affected,0
29.08.2012,10:00 AM,1344,LHS,Rural,Dagadarthi,Overturning,Auto      Overturned,Auto,Minor injury,Over speed,Four lanes or more with central divider,Straight road,,Fine,AP27X  1378,YES,Fatal,0
29.08.2012,10:00 AM,1344,LHS,Rural,Dagadarthi,Overturning,Auto      Overturned,Auto,Minor injury,Over speed,Four lanes or more with central divider,Straight road,,Fine,AP27X  1378,YES,Grevious,0
29.08.2012,10:00 AM,1344,LHS,Rural,Dagadarthi,Overturning,Auto      Overturned,Auto,Minor injury,Over speed,Four lanes or more with central divider,Straight road,,Fine,AP27X  1378,YES,Minor,5
29.08.2012,10:00 AM,1344,LHS,Rural,Dagadarthi,Overturning,Auto      Overturned,Auto,Minor injury,Over speed,Four lanes or more with central divider,Straight road,,Fine,AP27X  1378,YES,Non injured ,2
29.08.2012,10:00 AM,1344,LHS,Rural,Dagadarthi,Overturning,Auto      Overturned,Auto,Minor injury,Over speed,Four lanes or more with central divider,Straight road,,Fine,AP27X  1378,YES,Animals affected,0
30.08.2012,4:00 AM,1209.9,RHS,Rural,Reningavaram,Overturning,Tipper Lorry     Overturned,Lorry,Fatal,Over speed,Four lanes or more with central divider,Straight road,,Cloudy,AP27TU   2632,YES,Fatal,1
30.08.2012,4:00 AM,1209.9,RHS,Rural,Reningavaram,Overturning,Tipper Lorry     Overturned,Lorry,Fatal,Over speed,Four lanes or more with central divider,Straight road,,Cloudy,AP27TU   2632,YES,Grevious,0
30.08.2012,4:00 AM,1209.9,RHS,Rural,Reningavaram,Overturning,Tipper Lorry     Overturned,Lorry,Fatal,Over speed,Four lanes or more with central divider,Straight road,,Cloudy,AP27TU   2632,YES,Minor,0
30.08.2012,4:00 AM,1209.9,RHS,Rural,Reningavaram,Overturning,Tipper Lorry     Overturned,Lorry,Fatal,Over speed,Four lanes or more with central divider,Straight road,,Cloudy,AP27TU   2632,YES,Non injured ,1
30.08.2012,4:00 AM,1209.9,RHS,Rural,Reningavaram,Overturning,Tipper Lorry     Overturned,Lorry,Fatal,Over speed,Four lanes or more with central divider,Straight road,,Cloudy,AP27TU   2632,YES,Animals affected,0
30.08.2012,6:20 AM,1306.7,LHS,Rural,Gudluru,Rear End Collision,Lorry hit Unknown vehicle,Lorry,Non injury,Over speed,Four lanes or more with central divider,Straight road,,Fine,TN62X   7499,YES,Fatal,0
30.08.2012,6:20 AM,1306.7,LHS,Rural,Gudluru,Rear End Collision,Lorry hit Unknown vehicle,Lorry,Non injury,Over speed,Four lanes or more with central divider,Straight road,,Fine,TN62X   7499,YES,Grevious,0
30.08.2012,6:20 AM,1306.7,LHS,Rural,Gudluru,Rear End Collision,Lorry hit Unknown vehicle,Lorry,Non injury,Over speed,Four lanes or more with central divider,Straight road,,Fine,TN62X   7499,YES,Minor,0
30.08.2012,6:20 AM,1306.7,LHS,Rural,Gudluru,Rear End Collision,Lorry hit Unknown vehicle,Lorry,Non injury,Over speed,Four lanes or more with central divider,Straight road,,Fine,TN62X   7499,YES,Non injured ,2
30.08.2012,6:20 AM,1306.7,LHS,Rural,Gudluru,Rear End Collision,Lorry hit Unknown vehicle,Lorry,Non injury,Over speed,Four lanes or more with central divider,Straight road,,Fine,TN62X   7499,YES,Animals affected,0
30.08.2012,7:10 AM,1225.2,RHS,Rural,Maddipadu,Rear End Collision,Unknown vehicle hit Lorry  ,Unknown,Fatal,Over speed,Four lanes or more with central divider,Straight road,,Fine,Unknown  Vehicle,YES,Fatal,1
30.08.2012,7:10 AM,1225.2,RHS,Rural,Maddipadu,Rear End Collision,Unknown vehicle hit Lorry  ,Unknown,Fatal,Over speed,Four lanes or more with central divider,Straight road,,Fine,Unknown  Vehicle,YES,Grevious,0
30.08.2012,7:10 AM,1225.2,RHS,Rural,Maddipadu,Rear End Collision,Unknown vehicle hit Lorry  ,Unknown,Fatal,Over speed,Four lanes or more with central divider,Straight road,,Fine,Unknown  Vehicle,YES,Minor,0
30.08.2012,7:10 AM,1225.2,RHS,Rural,Maddipadu,Rear End Collision,Unknown vehicle hit Lorry  ,Unknown,Fatal,Over speed,Four lanes or more with central divider,Straight road,,Fine,Unknown  Vehicle,YES,Non injured ,0
30.08.2012,7:10 AM,1225.2,RHS,Rural,Maddipadu,Rear End Collision,Unknown vehicle hit Lorry  ,Unknown,Fatal,Over speed,Four lanes or more with central divider,Straight road,,Fine,Unknown  Vehicle,YES,Animals affected,0
30.08.2012,9:00 AM,1330,LHS,Rural,Kavali,Rear End Collision,Car hit     Bike,Car,Grievious injury,Over speed,Four lanes or more with central divider,Straight road,,Fine,AP16TV   7651,YES,Fatal,0
30.08.2012,9:00 AM,1330,LHS,Rural,Kavali,Rear End Collision,Car hit     Bike,Car,Grievious injury,Over speed,Four lanes or more with central divider,Straight road,,Fine,AP16TV   7651,YES,Grevious,1
30.08.2012,9:00 AM,1330,LHS,Rural,Kavali,Rear End Collision,Car hit     Bike,Car,Grievious injury,Over speed,Four lanes or more with central divider,Straight road,,Fine,AP16TV   7651,YES,Minor,0
30.08.2012,9:00 AM,1330,LHS,Rural,Kavali,Rear End Collision,Car hit     Bike,Car,Grievious injury,Over speed,Four lanes or more with central divider,Straight road,,Fine,AP16TV   7651,YES,Non injured ,3
30.08.2012,9:00 AM,1330,LHS,Rural,Kavali,Rear End Collision,Car hit     Bike,Car,Grievious injury,Over speed,Four lanes or more with central divider,Straight road,,Fine,AP16TV   7651,YES,Animals affected,0
31.08.2012,5:55 AM,1194.1,RHS,Rural,Martur,Rear End Collision,Bike hit  Safety wall,Bike,Grievious injury,Druken,Four lanes or more with central divider,Straight road,,Fine,AP27J    1280,YES,Fatal,0
31.08.2012,5:55 AM,1194.1,RHS,Rural,Martur,Rear End Collision,Bike hit  Safety wall,Bike,Grievious injury,Druken,Four lanes or more with central divider,Straight road,,Fine,AP27J    1280,YES,Grevious,1
31.08.2012,5:55 AM,1194.1,RHS,Rural,Martur,Rear End Collision,Bike hit  Safety wall,Bike,Grievious injury,Druken,Four lanes or more with central divider,Straight road,,Fine,AP27J    1280,YES,Minor,0
31.08.2012,5:55 AM,1194.1,RHS,Rural,Martur,Rear End Collision,Bike hit  Safety wall,Bike,Grievious injury,Druken,Four lanes or more with central divider,Straight road,,Fine,AP27J    1280,YES,Non injured ,0
31.08.2012,5:55 AM,1194.1,RHS,Rural,Martur,Rear End Collision,Bike hit  Safety wall,Bike,Grievious injury,Druken,Four lanes or more with central divider,Straight road,,Fine,AP27J    1280,YES,Animals affected,0
31.08.2012,7:33 AM,1210.3,LHS,Rural,Reningavaram,Rear End Collision,Lorry hit    Lorry,Lorry,Non injury,Over speed,Four lanes or more with central divider,Straight road,,Fine,AP26TA   7193,YES,Fatal,0
31.08.2012,7:33 AM,1210.3,LHS,Rural,Reningavaram,Rear End Collision,Lorry hit    Lorry,Lorry,Non injury,Over speed,Four lanes or more with central divider,Straight road,,Fine,AP26TA   7193,YES,Grevious,0
31.08.2012,7:33 AM,1210.3,LHS,Rural,Reningavaram,Rear End Collision,Lorry hit    Lorry,Lorry,Non injury,Over speed,Four lanes or more with central divider,Straight road,,Fine,AP26TA   7193,YES,Minor,0
31.08.2012,7:33 AM,1210.3,LHS,Rural,Reningavaram,Rear End Collision,Lorry hit    Lorry,Lorry,Non injury,Over speed,Four lanes or more with central divider,Straight road,,Fine,AP26TA   7193,YES,Non injured ,4
31.08.2012,7:33 AM,1210.3,LHS,Rural,Reningavaram,Rear End Collision,Lorry hit    Lorry,Lorry,Non injury,Over speed,Four lanes or more with central divider,Straight road,,Fine,AP26TA   7193,YES,Animals affected,0
31.08.2012,10:55 AM,1203.4,LHS,Rural,Reningavaram,Rear End Collision,Bike hit Bike,Bike,Grievious injury,Over speed,Four lanes or more with central divider,Straight road,,Fine,AP29L  4895,YES,Fatal,0
31.08.2012,10:55 AM,1203.4,LHS,Rural,Reningavaram,Rear End Collision,Bike hit Bike,Bike,Grievious injury,Over speed,Four lanes or more with central divider,Straight road,,Fine,AP29L  4895,YES,Grevious,1
31.08.2012,10:55 AM,1203.4,LHS,Rural,Reningavaram,Rear End Collision,Bike hit Bike,Bike,Grievious injury,Over speed,Four lanes or more with central divider,Straight road,,Fine,AP29L  4895,YES,Minor,1
31.08.2012,10:55 AM,1203.4,LHS,Rural,Reningavaram,Rear End Collision,Bike hit Bike,Bike,Grievious injury,Over speed,Four lanes or more with central divider,Straight road,,Fine,AP29L  4895,YES,Non injured ,0
31.08.2012,10:55 AM,1203.4,LHS,Rural,Reningavaram,Rear End Collision,Bike hit Bike,Bike,Grievious injury,Over speed,Four lanes or more with central divider,Straight road,,Fine,AP29L  4895,YES,Animals affected,0
01.09.2012,2:08 AM,1215.6,LHS,Rural,Medarametla,Overturning,Lorry      Overturned,Lorry,Non injury,Over speed,Four lanes or more with central divider,Straight road,,Fine,AP16TT  4209,YES,Fatal,0
01.09.2012,2:08 AM,1215.6,LHS,Rural,Medarametla,Overturning,Lorry      Overturned,Lorry,Non injury,Over speed,Four lanes or more with central divider,Straight road,,Fine,AP16TT  4209,YES,Grevious,0
01.09.2012,2:08 AM,1215.6,LHS,Rural,Medarametla,Overturning,Lorry      Overturned,Lorry,Non injury,Over speed,Four lanes or more with central divider,Straight road,,Fine,AP16TT  4209,YES,Minor,0
01.09.2012,2:08 AM,1215.6,LHS,Rural,Medarametla,Overturning,Lorry      Overturned,Lorry,Non injury,Over speed,Four lanes or more with central divider,Straight road,,Fine,AP16TT  4209,YES,Non injured ,2
01.09.2012,2:08 AM,1215.6,LHS,Rural,Medarametla,Overturning,Lorry      Overturned,Lorry,Non injury,Over speed,Four lanes or more with central divider,Straight road,,Fine,AP16TT  4209,YES,Animals affected,0
01.09.2012,12:05 PM,1222.1,LHS,Rural,Medarametla,Rear End Collision,Bike hit    Median,Bike,Grievious injury,Over speed,Four lanes or more with central divider,Straight road,,Fine,AUT/R    5495,YES,Fatal,0
01.09.2012,12:05 PM,1222.1,LHS,Rural,Medarametla,Rear End Collision,Bike hit    Median,Bike,Grievious injury,Over speed,Four lanes or more with central divider,Straight road,,Fine,AUT/R    5495,YES,Grevious,1
01.09.2012,12:05 PM,1222.1,LHS,Rural,Medarametla,Rear End Collision,Bike hit    Median,Bike,Grievious injury,Over speed,Four lanes or more with central divider,Straight road,,Fine,AUT/R    5495,YES,Minor,1
01.09.2012,12:05 PM,1222.1,LHS,Rural,Medarametla,Rear End Collision,Bike hit    Median,Bike,Grievious injury,Over speed,Four lanes or more with central divider,Straight road,,Fine,AUT/R    5495,YES,Non injured ,0
01.09.2012,12:05 PM,1222.1,LHS,Rural,Medarametla,Rear End Collision,Bike hit    Median,Bike,Grievious injury,Over speed,Four lanes or more with central divider,Straight road,,Fine,AUT/R    5495,YES,Animals affected,0
01.09.2012,7:56 PM,1194,LHS,Rural,Martur,Skidding,Bike skidding,Bike,Minor injury,Over speed,Four lanes or more with central divider,Straight road,,Fine,AP27AF 0579,YES,Fatal,0
01.09.2012,7:56 PM,1194,LHS,Rural,Martur,Skidding,Bike skidding,Bike,Minor injury,Over speed,Four lanes or more with central divider,Straight road,,Fine,AP27AF 0579,YES,Grevious,0
01.09.2012,7:56 PM,1194,LHS,Rural,Martur,Skidding,Bike skidding,Bike,Minor injury,Over speed,Four lanes or more with central divider,Straight road,,Fine,AP27AF 0579,YES,Minor,1
01.09.2012,7:56 PM,1194,LHS,Rural,Martur,Skidding,Bike skidding,Bike,Minor injury,Over speed,Four lanes or more with central divider,Straight road,,Fine,AP27AF 0579,YES,Non injured ,0
01.09.2012,7:56 PM,1194,LHS,Rural,Martur,Skidding,Bike skidding,Bike,Minor injury,Over speed,Four lanes or more with central divider,Straight road,,Fine,AP27AF 0579,YES,Animals affected,0
02.09.2012,12:23 AM,1366.5,RHS,Rural,Kovuru,Rear End Collision,Car hit Unknow vehicle,Car,Grievious injury,Vehicle out of control,Four lanes or more with central divider,Straight road,,Fine,AP31RB  3399,YES,Fatal,0
02.09.2012,12:23 AM,1366.5,RHS,Rural,Kovuru,Rear End Collision,Car hit Unknow vehicle,Car,Grievious injury,Vehicle out of control,Four lanes or more with central divider,Straight road,,Fine,AP31RB  3399,YES,Grevious,2
02.09.2012,12:23 AM,1366.5,RHS,Rural,Kovuru,Rear End Collision,Car hit Unknow vehicle,Car,Grievious injury,Vehicle out of control,Four lanes or more with central divider,Straight road,,Fine,AP31RB  3399,YES,Minor,0
02.09.2012,12:23 AM,1366.5,RHS,Rural,Kovuru,Rear End Collision,Car hit Unknow vehicle,Car,Grievious injury,Vehicle out of control,Four lanes or more with central divider,Straight road,,Fine,AP31RB  3399,YES,Non injured ,6
02.09.2012,12:23 AM,1366.5,RHS,Rural,Kovuru,Rear End Collision,Car hit Unknow vehicle,Car,Grievious injury,Vehicle out of control,Four lanes or more with central divider,Straight road,,Fine,AP31RB  3399,YES,Animals affected,0
02.09.2012,5:40 AM,1183.3,RHS,Rural,Martur,Rear End Collision,Lorry hit lorry ,Lorry,Minor injury,Fault of driver of motor vehicle/driver of other vehicle/cyclist/pedestrian/passenger,Four lanes or more with central divider,Straight road,,Fine,NL01G  7496,YES,Fatal,0
02.09.2012,5:40 AM,1183.3,RHS,Rural,Martur,Rear End Collision,Lorry hit lorry ,Lorry,Minor injury,Fault of driver of motor vehicle/driver of other vehicle/cyclist/pedestrian/passenger,Four lanes or more with central divider,Straight road,,Fine,NL01G  7496,YES,Grevious,0
02.09.2012,5:40 AM,1183.3,RHS,Rural,Martur,Rear End Collision,Lorry hit lorry ,Lorry,Minor injury,Fault of driver of motor vehicle/driver of other vehicle/cyclist/pedestrian/passenger,Four lanes or more with central divider,Straight road,,Fine,NL01G  7496,YES,Minor,1
02.09.2012,5:40 AM,1183.3,RHS,Rural,Martur,Rear End Collision,Lorry hit lorry ,Lorry,Minor injury,Fault of driver of motor vehicle/driver of other vehicle/cyclist/pedestrian/passenger,Four lanes or more with central divider,Straight road,,Fine,NL01G  7496,YES,Non injured ,3
02.09.2012,5:40 AM,1183.3,RHS,Rural,Martur,Rear End Collision,Lorry hit lorry ,Lorry,Minor injury,Fault of driver of motor vehicle/driver of other vehicle/cyclist/pedestrian/passenger,Four lanes or more with central divider,Straight road,,Fine,NL01G  7496,YES,Animals affected,0
02.09.2012,8:45 AM,1224.9,RHS,Rural,Medarametla,Rear End Collision,Lorry hit Auto,Lorry,Non injury,Over speed,Four lanes or more with central divider,Straight road,,Fine,TN31BY 3202,YES,Fatal,0
02.09.2012,8:45 AM,1224.9,RHS,Rural,Medarametla,Rear End Collision,Lorry hit Auto,Lorry,Non injury,Over speed,Four lanes or more with central divider,Straight road,,Fine,TN31BY 3202,YES,Grevious,0
02.09.2012,8:45 AM,1224.9,RHS,Rural,Medarametla,Rear End Collision,Lorry hit Auto,Lorry,Non injury,Over speed,Four lanes or more with central divider,Straight road,,Fine,TN31BY 3202,YES,Minor,0
02.09.2012,8:45 AM,1224.9,RHS,Rural,Medarametla,Rear End Collision,Lorry hit Auto,Lorry,Non injury,Over speed,Four lanes or more with central divider,Straight road,,Fine,TN31BY 3202,YES,Non injured ,6
02.09.2012,8:45 AM,1224.9,RHS,Rural,Medarametla,Rear End Collision,Lorry hit Auto,Lorry,Non injury,Over speed,Four lanes or more with central divider,Straight road,,Fine,TN31BY 3202,YES,Animals affected,0
02.09.2012,11:00 AM,1335,RHS,Rural,K.Tippa ,Rear End Collision,Auto hit Lorry,Auto,Grievious injury,Over speed,Four lanes or more with central divider,Straight road,,Fine,AP26CA 8494,YES,Fatal,0
02.09.2012,11:00 AM,1335,RHS,Rural,K.Tippa ,Rear End Collision,Auto hit Lorry,Auto,Grievious injury,Over speed,Four lanes or more with central divider,Straight road,,Fine,AP26CA 8494,YES,Grevious,1
02.09.2012,11:00 AM,1335,RHS,Rural,K.Tippa ,Rear End Collision,Auto hit Lorry,Auto,Grievious injury,Over speed,Four lanes or more with central divider,Straight road,,Fine,AP26CA 8494,YES,Minor,1
02.09.2012,11:00 AM,1335,RHS,Rural,K.Tippa ,Rear End Collision,Auto hit Lorry,Auto,Grievious injury,Over speed,Four lanes or more with central divider,Straight road,,Fine,AP26CA 8494,YES,Non injured ,4
02.09.2012,11:00 AM,1335,RHS,Rural,K.Tippa ,Rear End Collision,Auto hit Lorry,Auto,Grievious injury,Over speed,Four lanes or more with central divider,Straight road,,Fine,AP26CA 8494,YES,Animals affected,0
02.09.2012,9:30 PM,1280.8,LHS,Rural,Singarayakonda,Others(p1.Specific),Lorry fired,Lorry,Non injury,Fault of driver of motor vehicle/driver of other vehicle/cyclist/pedestrian/passenger,Four lanes or more with central divider,Straight road,,Fine,WB29A 2742,YES,Fatal,0
02.09.2012,9:30 PM,1280.8,LHS,Rural,Singarayakonda,Others(p1.Specific),Lorry fired,Lorry,Non injury,Fault of driver of motor vehicle/driver of other vehicle/cyclist/pedestrian/passenger,Four lanes or more with central divider,Straight road,,Fine,WB29A 2742,YES,Grevious,0
02.09.2012,9:30 PM,1280.8,LHS,Rural,Singarayakonda,Others(p1.Specific),Lorry fired,Lorry,Non injury,Fault of driver of motor vehicle/driver of other vehicle/cyclist/pedestrian/passenger,Four lanes or more with central divider,Straight road,,Fine,WB29A 2742,YES,Minor,0
02.09.2012,9:30 PM,1280.8,LHS,Rural,Singarayakonda,Others(p1.Specific),Lorry fired,Lorry,Non injury,Fault of driver of motor vehicle/driver of other vehicle/cyclist/pedestrian/passenger,Four lanes or more with central divider,Straight road,,Fine,WB29A 2742,YES,Non injured ,2
02.09.2012,9:30 PM,1280.8,LHS,Rural,Singarayakonda,Others(p1.Specific),Lorry fired,Lorry,Non injury,Fault of driver of motor vehicle/driver of other vehicle/cyclist/pedestrian/passenger,Four lanes or more with central divider,Straight road,,Fine,WB29A 2742,YES,Animals affected,0
02.09.2012,11:20 PM,1345,RHS,Rural,Dagadarthi,Skidding, Bike  skidding,Bike,Grievious injury,Over speed,Four lanes or more with central divider,Straight road,,Fine,AP16BY 3732,YES,Fatal,0
02.09.2012,11:20 PM,1345,RHS,Rural,Dagadarthi,Skidding, Bike  skidding,Bike,Grievious injury,Over speed,Four lanes or more with central divider,Straight road,,Fine,AP16BY 3732,YES,Grevious,1
02.09.2012,11:20 PM,1345,RHS,Rural,Dagadarthi,Skidding, Bike  skidding,Bike,Grievious injury,Over speed,Four lanes or more with central divider,Straight road,,Fine,AP16BY 3732,YES,Minor,1
02.09.2012,11:20 PM,1345,RHS,Rural,Dagadarthi,Skidding, Bike  skidding,Bike,Grievious injury,Over speed,Four lanes or more with central divider,Straight road,,Fine,AP16BY 3732,YES,Non injured ,0
02.09.2012,11:20 PM,1345,RHS,Rural,Dagadarthi,Skidding, Bike  skidding,Bike,Grievious injury,Over speed,Four lanes or more with central divider,Straight road,,Fine,AP16BY 3732,YES,Animals affected,0
03.09.2012,11:20 AM,1362.9,RHS,Rural,Kodavaluru,Rear End Collision,Bus hit      Bike       ,Bus,Fatal,Over speed,Four lanes or more with central divider,Straight road,T-Junction,Fine,AP27TT   9029,YES,Fatal,1
03.09.2012,11:20 AM,1362.9,RHS,Rural,Kodavaluru,Rear End Collision,Bus hit      Bike       ,Bus,Fatal,Over speed,Four lanes or more with central divider,Straight road,T-Junction,Fine,AP27TT   9029,YES,Grevious,0
03.09.2012,11:20 AM,1362.9,RHS,Rural,Kodavaluru,Rear End Collision,Bus hit      Bike       ,Bus,Fatal,Over speed,Four lanes or more with central divider,Straight road,T-Junction,Fine,AP27TT   9029,YES,Minor,0
03.09.2012,11:20 AM,1362.9,RHS,Rural,Kodavaluru,Rear End Collision,Bus hit      Bike       ,Bus,Fatal,Over speed,Four lanes or more with central divider,Straight road,T-Junction,Fine,AP27TT   9029,YES,Non injured ,0
03.09.2012,11:20 AM,1362.9,RHS,Rural,Kodavaluru,Rear End Collision,Bus hit      Bike       ,Bus,Fatal,Over speed,Four lanes or more with central divider,Straight road,T-Junction,Fine,AP27TT   9029,YES,Animals affected,0
04.09.2012,3:00 AM,1234,RHS,Rural,Maddipadu,Collision Brush/Side Wipe,Mini Lorry  hit Median,Lorry,Non injury,Over speed,Four lanes or more with central divider,Straight road,,Fine,AP27V  9682,YES,Fatal,0
04.09.2012,3:00 AM,1234,RHS,Rural,Maddipadu,Collision Brush/Side Wipe,Mini Lorry  hit Median,Lorry,Non injury,Over speed,Four lanes or more with central divider,Straight road,,Fine,AP27V  9682,YES,Grevious,0
04.09.2012,3:00 AM,1234,RHS,Rural,Maddipadu,Collision Brush/Side Wipe,Mini Lorry  hit Median,Lorry,Non injury,Over speed,Four lanes or more with central divider,Straight road,,Fine,AP27V  9682,YES,Minor,0
04.09.2012,3:00 AM,1234,RHS,Rural,Maddipadu,Collision Brush/Side Wipe,Mini Lorry  hit Median,Lorry,Non injury,Over speed,Four lanes or more with central divider,Straight road,,Fine,AP27V  9682,YES,Non injured ,2
04.09.2012,3:00 AM,1234,RHS,Rural,Maddipadu,Collision Brush/Side Wipe,Mini Lorry  hit Median,Lorry,Non injury,Over speed,Four lanes or more with central divider,Straight road,,Fine,AP27V  9682,YES,Animals affected,0
04.09.2012,6:00 AM,1293.9,RHS,Rural,Ulavapadu,Rear End Collision,Lorry hit   Tata A C,Lorry,Grievious injury,Over speed,Four lanes or more with central divider,Straight road,,Fine,AP07TU   6759,YES,Fatal,0
04.09.2012,6:00 AM,1293.9,RHS,Rural,Ulavapadu,Rear End Collision,Lorry hit   Tata A C,Lorry,Grievious injury,Over speed,Four lanes or more with central divider,Straight road,,Fine,AP07TU   6759,YES,Grevious,1
04.09.2012,6:00 AM,1293.9,RHS,Rural,Ulavapadu,Rear End Collision,Lorry hit   Tata A C,Lorry,Grievious injury,Over speed,Four lanes or more with central divider,Straight road,,Fine,AP07TU   6759,YES,Minor,0
04.09.2012,6:00 AM,1293.9,RHS,Rural,Ulavapadu,Rear End Collision,Lorry hit   Tata A C,Lorry,Grievious injury,Over speed,Four lanes or more with central divider,Straight road,,Fine,AP07TU   6759,YES,Non injured ,3
04.09.2012,6:00 AM,1293.9,RHS,Rural,Ulavapadu,Rear End Collision,Lorry hit   Tata A C,Lorry,Grievious injury,Over speed,Four lanes or more with central divider,Straight road,,Fine,AP07TU   6759,YES,Animals affected,1
04.09.2012,8:20 AM,1323.2,LHS,Rural,Kavali,Overturning,Tata Ac Auto Overturned,Tata Ace,Non injury,Over speed,Four lanes or more with central divider,Straight road,,Fine,AP27TU  4286,YES,Fatal,0
04.09.2012,8:20 AM,1323.2,LHS,Rural,Kavali,Overturning,Tata Ac Auto Overturned,Tata Ace,Non injury,Over speed,Four lanes or more with central divider,Straight road,,Fine,AP27TU  4286,YES,Grevious,0
04.09.2012,8:20 AM,1323.2,LHS,Rural,Kavali,Overturning,Tata Ac Auto Overturned,Tata Ace,Non injury,Over speed,Four lanes or more with central divider,Straight road,,Fine,AP27TU  4286,YES,Minor,0
04.09.2012,8:20 AM,1323.2,LHS,Rural,Kavali,Overturning,Tata Ac Auto Overturned,Tata Ace,Non injury,Over speed,Four lanes or more with central divider,Straight road,,Fine,AP27TU  4286,YES,Non injured ,1
04.09.2012,8:20 AM,1323.2,LHS,Rural,Kavali,Overturning,Tata Ac Auto Overturned,Tata Ace,Non injury,Over speed,Four lanes or more with central divider,Straight road,,Fine,AP27TU  4286,YES,Animals affected,0
04.09.2012,3:20 PM,1268.2,RHS,Rural,Jarugumalli,Rear End Collision,Car hit   Auto,Car,Grievious injury,Over speed,Four lanes or more with central divider,Straight road,T-Junction,Fine,AP07BK   4286,YES,Fatal,0
04.09.2012,3:20 PM,1268.2,RHS,Rural,Jarugumalli,Rear End Collision,Car hit   Auto,Car,Grievious injury,Over speed,Four lanes or more with central divider,Straight road,T-Junction,Fine,AP07BK   4286,YES,Grevious,1
04.09.2012,3:20 PM,1268.2,RHS,Rural,Jarugumalli,Rear End Collision,Car hit   Auto,Car,Grievious injury,Over speed,Four lanes or more with central divider,Straight road,T-Junction,Fine,AP07BK   4286,YES,Minor,1
04.09.2012,3:20 PM,1268.2,RHS,Rural,Jarugumalli,Rear End Collision,Car hit   Auto,Car,Grievious injury,Over speed,Four lanes or more with central divider,Straight road,T-Junction,Fine,AP07BK   4286,YES,Non injured ,4
04.09.2012,3:20 PM,1268.2,RHS,Rural,Jarugumalli,Rear End Collision,Car hit   Auto,Car,Grievious injury,Over speed,Four lanes or more with central divider,Straight road,T-Junction,Fine,AP07BK   4286,YES,Animals affected,0
05.09.2012,7:50 AM,1201.2,RHS,Rural,Reningavaram,Overturning,Lorry      Overturned,Lorry,Non injury,Over speed,Four lanes or more with central divider,Straight road,,Fine,HR55P    4790,YES,Fatal,0
05.09.2012,7:50 AM,1201.2,RHS,Rural,Reningavaram,Overturning,Lorry      Overturned,Lorry,Non injury,Over speed,Four lanes or more with central divider,Straight road,,Fine,HR55P    4790,YES,Grevious,0