Operational date,Time of Accident,KM && M,Position,Rural/Urban,Location,Nature of Accident Position,Nature of Accident,Vehicle Involved,Type of Accident,Causes,Road Feature,Road condition,Intersection Type And Control,Weather Condition,Vehicle Responsible,Help Provided by Ambulance/Patroling Vehicle,Classification of Accident,No of Affected Persons
05.09.2012,7:50 AM,1201.2,RHS,Rural,Reningavaram,Overturning,Lorry      Overturned,Lorry,Non injury,Over speed,Four lanes or more with central divider,Straight road,,Fine,HR55P    4790,YES,Minor,0
05.09.2012,7:50 AM,1201.2,RHS,Rural,Reningavaram,Overturning,Lorry      Overturned,Lorry,Non injury,Over speed,Four lanes or more with central divider,Straight road,,Fine,HR55P    4790,YES,Non injured ,2
05.09.2012,7:50 AM,1201.2,RHS,Rural,Reningavaram,Overturning,Lorry      Overturned,Lorry,Non injury,Over speed,Four lanes or more with central divider,Straight road,,Fine,HR55P    4790,YES,Animals affected,0
05.09.2012,2:00 PM,1194,LHS,Rural,Martur,Collision Brush/Side Wipe,Bike hit   Safety wall,Bike,Minor injury,Over speed,Four lanes or more with central divider,Straight road,,Fine,AP27S   0597,YES,Fatal,0
05.09.2012,2:00 PM,1194,LHS,Rural,Martur,Collision Brush/Side Wipe,Bike hit   Safety wall,Bike,Minor injury,Over speed,Four lanes or more with central divider,Straight road,,Fine,AP27S   0597,YES,Grevious,0
05.09.2012,2:00 PM,1194,LHS,Rural,Martur,Collision Brush/Side Wipe,Bike hit   Safety wall,Bike,Minor injury,Over speed,Four lanes or more with central divider,Straight road,,Fine,AP27S   0597,YES,Minor,1
05.09.2012,2:00 PM,1194,LHS,Rural,Martur,Collision Brush/Side Wipe,Bike hit   Safety wall,Bike,Minor injury,Over speed,Four lanes or more with central divider,Straight road,,Fine,AP27S   0597,YES,Non injured ,0
05.09.2012,2:00 PM,1194,LHS,Rural,Martur,Collision Brush/Side Wipe,Bike hit   Safety wall,Bike,Minor injury,Over speed,Four lanes or more with central divider,Straight road,,Fine,AP27S   0597,YES,Animals affected,0
05.09.2012,2:30 PM,1348,RHS,Rural,Dagadarthi,Rear End Collision,Car hit   Auto,Car,Minor injury,Over speed,Four lanes or more with central divider,Straight road,,Fine,AP7AJ   7474,YES,Fatal,0
05.09.2012,2:30 PM,1348,RHS,Rural,Dagadarthi,Rear End Collision,Car hit   Auto,Car,Minor injury,Over speed,Four lanes or more with central divider,Straight road,,Fine,AP7AJ   7474,YES,Grevious,0
05.09.2012,2:30 PM,1348,RHS,Rural,Dagadarthi,Rear End Collision,Car hit   Auto,Car,Minor injury,Over speed,Four lanes or more with central divider,Straight road,,Fine,AP7AJ   7474,YES,Minor,1
05.09.2012,2:30 PM,1348,RHS,Rural,Dagadarthi,Rear End Collision,Car hit   Auto,Car,Minor injury,Over speed,Four lanes or more with central divider,Straight road,,Fine,AP7AJ   7474,YES,Non injured ,4
05.09.2012,2:30 PM,1348,RHS,Rural,Dagadarthi,Rear End Collision,Car hit   Auto,Car,Minor injury,Over speed,Four lanes or more with central divider,Straight road,,Fine,AP7AJ   7474,YES,Animals affected,0
05.09.2012,7:00 PM,1264.2,LHS,Rural,Tangutur,Rear End Collision,RTC Bus hit Lorry,Bus,Non injury,Over speed,Four lanes or more with central divider,Straight road,,Fine,AP28Z  3129,YES,Fatal,0
05.09.2012,7:00 PM,1264.2,LHS,Rural,Tangutur,Rear End Collision,RTC Bus hit Lorry,Bus,Non injury,Over speed,Four lanes or more with central divider,Straight road,,Fine,AP28Z  3129,YES,Grevious,0
05.09.2012,7:00 PM,1264.2,LHS,Rural,Tangutur,Rear End Collision,RTC Bus hit Lorry,Bus,Non injury,Over speed,Four lanes or more with central divider,Straight road,,Fine,AP28Z  3129,YES,Minor,0
05.09.2012,7:00 PM,1264.2,LHS,Rural,Tangutur,Rear End Collision,RTC Bus hit Lorry,Bus,Non injury,Over speed,Four lanes or more with central divider,Straight road,,Fine,AP28Z  3129,YES,Non injured ,22
05.09.2012,7:00 PM,1264.2,LHS,Rural,Tangutur,Rear End Collision,RTC Bus hit Lorry,Bus,Non injury,Over speed,Four lanes or more with central divider,Straight road,,Fine,AP28Z  3129,YES,Animals affected,0
05.09.2012,7:05 PM,1343,RHS,Rural,Dagadarthi,Collision Brush/Side Wipe,Unknow vehicle hit Pedestrain,Unknow,Minor injury,Over speed,Four lanes or more with central divider,Straight road,,Fine,Unknow vechicle,YES,Fatal,0
05.09.2012,7:05 PM,1343,RHS,Rural,Dagadarthi,Collision Brush/Side Wipe,Unknow vehicle hit Pedestrain,Unknow,Minor injury,Over speed,Four lanes or more with central divider,Straight road,,Fine,Unknow vechicle,YES,Grevious,0
05.09.2012,7:05 PM,1343,RHS,Rural,Dagadarthi,Collision Brush/Side Wipe,Unknow vehicle hit Pedestrain,Unknow,Minor injury,Over speed,Four lanes or more with central divider,Straight road,,Fine,Unknow vechicle,YES,Minor,1
05.09.2012,7:05 PM,1343,RHS,Rural,Dagadarthi,Collision Brush/Side Wipe,Unknow vehicle hit Pedestrain,Unknow,Minor injury,Over speed,Four lanes or more with central divider,Straight road,,Fine,Unknow vechicle,YES,Non injured ,0
05.09.2012,7:05 PM,1343,RHS,Rural,Dagadarthi,Collision Brush/Side Wipe,Unknow vehicle hit Pedestrain,Unknow,Minor injury,Over speed,Four lanes or more with central divider,Straight road,,Fine,Unknow vechicle,YES,Animals affected,0
05.09.2012,9:15 PM,1345.9,LHS,Rural,Dagadarthi,Collision Brush/Side Wipe,Unknow vehicle hit Pedestrain,Unknow,Minor injury,Over speed,Four lanes or more with central divider,Straight road,T-Junction,Fine,Unknow vechicle,YES,Fatal,0
05.09.2012,9:15 PM,1345.9,LHS,Rural,Dagadarthi,Collision Brush/Side Wipe,Unknow vehicle hit Pedestrain,Unknow,Minor injury,Over speed,Four lanes or more with central divider,Straight road,T-Junction,Fine,Unknow vechicle,YES,Grevious,0
05.09.2012,9:15 PM,1345.9,LHS,Rural,Dagadarthi,Collision Brush/Side Wipe,Unknow vehicle hit Pedestrain,Unknow,Minor injury,Over speed,Four lanes or more with central divider,Straight road,T-Junction,Fine,Unknow vechicle,YES,Minor,1
05.09.2012,9:15 PM,1345.9,LHS,Rural,Dagadarthi,Collision Brush/Side Wipe,Unknow vehicle hit Pedestrain,Unknow,Minor injury,Over speed,Four lanes or more with central divider,Straight road,T-Junction,Fine,Unknow vechicle,YES,Non injured ,0
05.09.2012,9:15 PM,1345.9,LHS,Rural,Dagadarthi,Collision Brush/Side Wipe,Unknow vehicle hit Pedestrain,Unknow,Minor injury,Over speed,Four lanes or more with central divider,Straight road,T-Junction,Fine,Unknow vechicle,YES,Animals affected,0
05.09.2012,10:40 PM,1264.1,RHS,Rural,Tangutur,Skidding,Bike skidding,Bike,Minor injury,Over speed,Four lanes or more with central divider,Straight road,,Fine,AP27S    7237,YES,Fatal,0
05.09.2012,10:40 PM,1264.1,RHS,Rural,Tangutur,Skidding,Bike skidding,Bike,Minor injury,Over speed,Four lanes or more with central divider,Straight road,,Fine,AP27S    7237,YES,Grevious,0
05.09.2012,10:40 PM,1264.1,RHS,Rural,Tangutur,Skidding,Bike skidding,Bike,Minor injury,Over speed,Four lanes or more with central divider,Straight road,,Fine,AP27S    7237,YES,Minor,1
05.09.2012,10:40 PM,1264.1,RHS,Rural,Tangutur,Skidding,Bike skidding,Bike,Minor injury,Over speed,Four lanes or more with central divider,Straight road,,Fine,AP27S    7237,YES,Non injured ,0
05.09.2012,10:40 PM,1264.1,RHS,Rural,Tangutur,Skidding,Bike skidding,Bike,Minor injury,Over speed,Four lanes or more with central divider,Straight road,,Fine,AP27S    7237,YES,Animals affected,0
06.09.2012,9:40 AM,1240.4,RHS,Rural,Ongole,Rear End Collision,Lorry hit   Bike,Lorry,Minor injury,Over speed,Four lanes or more with central divider,Straight road,,Fine,TN04 AB     7122,YES,Fatal,0
06.09.2012,9:40 AM,1240.4,RHS,Rural,Ongole,Rear End Collision,Lorry hit   Bike,Lorry,Minor injury,Over speed,Four lanes or more with central divider,Straight road,,Fine,TN04 AB     7122,YES,Grevious,0
06.09.2012,9:40 AM,1240.4,RHS,Rural,Ongole,Rear End Collision,Lorry hit   Bike,Lorry,Minor injury,Over speed,Four lanes or more with central divider,Straight road,,Fine,TN04 AB     7122,YES,Minor,1
06.09.2012,9:40 AM,1240.4,RHS,Rural,Ongole,Rear End Collision,Lorry hit   Bike,Lorry,Minor injury,Over speed,Four lanes or more with central divider,Straight road,,Fine,TN04 AB     7122,YES,Non injured ,0
06.09.2012,9:40 AM,1240.4,RHS,Rural,Ongole,Rear End Collision,Lorry hit   Bike,Lorry,Minor injury,Over speed,Four lanes or more with central divider,Straight road,,Fine,TN04 AB     7122,YES,Animals affected,0
06.09.2012,8:15 PM,1236,LHS,Rural,Maddipadu,Skidding,Lorry Skidding  Road Side,Lorry,Grievious injury,Over speed,Four lanes or more with central divider,Straight road,,Fine,TN04AA   5947,YES,Fatal,0
06.09.2012,8:15 PM,1236,LHS,Rural,Maddipadu,Skidding,Lorry Skidding  Road Side,Lorry,Grievious injury,Over speed,Four lanes or more with central divider,Straight road,,Fine,TN04AA   5947,YES,Grevious,1
06.09.2012,8:15 PM,1236,LHS,Rural,Maddipadu,Skidding,Lorry Skidding  Road Side,Lorry,Grievious injury,Over speed,Four lanes or more with central divider,Straight road,,Fine,TN04AA   5947,YES,Minor,0
06.09.2012,8:15 PM,1236,LHS,Rural,Maddipadu,Skidding,Lorry Skidding  Road Side,Lorry,Grievious injury,Over speed,Four lanes or more with central divider,Straight road,,Fine,TN04AA   5947,YES,Non injured ,1
06.09.2012,8:15 PM,1236,LHS,Rural,Maddipadu,Skidding,Lorry Skidding  Road Side,Lorry,Grievious injury,Over speed,Four lanes or more with central divider,Straight road,,Fine,TN04AA   5947,YES,Animals affected,0
06.09.2012,10:30 PM,1229.1,RHS,Rural,Maddipadu,Rear End Collision,Mini Lorry  hit Crane,Lorry,Minor injury,Over speed,Four lanes or more with central divider,Straight road,,Fine,AP27TC    2418,YES,Fatal,0
06.09.2012,10:30 PM,1229.1,RHS,Rural,Maddipadu,Rear End Collision,Mini Lorry  hit Crane,Lorry,Minor injury,Over speed,Four lanes or more with central divider,Straight road,,Fine,AP27TC    2418,YES,Grevious,0
06.09.2012,10:30 PM,1229.1,RHS,Rural,Maddipadu,Rear End Collision,Mini Lorry  hit Crane,Lorry,Minor injury,Over speed,Four lanes or more with central divider,Straight road,,Fine,AP27TC    2418,YES,Minor,3
06.09.2012,10:30 PM,1229.1,RHS,Rural,Maddipadu,Rear End Collision,Mini Lorry  hit Crane,Lorry,Minor injury,Over speed,Four lanes or more with central divider,Straight road,,Fine,AP27TC    2418,YES,Non injured ,1
06.09.2012,10:30 PM,1229.1,RHS,Rural,Maddipadu,Rear End Collision,Mini Lorry  hit Crane,Lorry,Minor injury,Over speed,Four lanes or more with central divider,Straight road,,Fine,AP27TC    2418,YES,Animals affected,0
07.09.2012,1:30 AM,1323.3,LHS,Rural,Kavali,Rear End Collision,Trolley hit   Lorry,Trolley,Non injury,Over speed,Four lanes or more with central divider,Straight road,,Fine,AP27TT  4577,YES,Fatal,0
07.09.2012,1:30 AM,1323.3,LHS,Rural,Kavali,Rear End Collision,Trolley hit   Lorry,Trolley,Non injury,Over speed,Four lanes or more with central divider,Straight road,,Fine,AP27TT  4577,YES,Grevious,0
07.09.2012,1:30 AM,1323.3,LHS,Rural,Kavali,Rear End Collision,Trolley hit   Lorry,Trolley,Non injury,Over speed,Four lanes or more with central divider,Straight road,,Fine,AP27TT  4577,YES,Minor,0
07.09.2012,1:30 AM,1323.3,LHS,Rural,Kavali,Rear End Collision,Trolley hit   Lorry,Trolley,Non injury,Over speed,Four lanes or more with central divider,Straight road,,Fine,AP27TT  4577,YES,Non injured ,4
07.09.2012,1:30 AM,1323.3,LHS,Rural,Kavali,Rear End Collision,Trolley hit   Lorry,Trolley,Non injury,Over speed,Four lanes or more with central divider,Straight road,,Fine,AP27TT  4577,YES,Animals affected,0
07.09.2012,2:00 AM,1185.6,RHS,Rural,Martur,Overturning,Lorry      Overturned,Lorry,Non injury,Over speed,Four lanes or more with central divider,Straight road,,Fine,AP27X   2820,YES,Fatal,0
07.09.2012,2:00 AM,1185.6,RHS,Rural,Martur,Overturning,Lorry      Overturned,Lorry,Non injury,Over speed,Four lanes or more with central divider,Straight road,,Fine,AP27X   2820,YES,Grevious,0
07.09.2012,2:00 AM,1185.6,RHS,Rural,Martur,Overturning,Lorry      Overturned,Lorry,Non injury,Over speed,Four lanes or more with central divider,Straight road,,Fine,AP27X   2820,YES,Minor,0
07.09.2012,2:00 AM,1185.6,RHS,Rural,Martur,Overturning,Lorry      Overturned,Lorry,Non injury,Over speed,Four lanes or more with central divider,Straight road,,Fine,AP27X   2820,YES,Non injured ,2
07.09.2012,2:00 AM,1185.6,RHS,Rural,Martur,Overturning,Lorry      Overturned,Lorry,Non injury,Over speed,Four lanes or more with central divider,Straight road,,Fine,AP27X   2820,YES,Animals affected,0
07.09.2012,6:30 AM,1257.9,LHS,Rural,Tangutur,Head on collision,Oil Tanker  hit Unknown Vehicle,Tanker,Non injury,Fault of driver of motor vehicle/driver of other vehicle/cyclist/pedestrian/passenger,Four lanes or more with central divider,Straight road,,Fine,AP37V  3383,YES,Fatal,0
07.09.2012,6:30 AM,1257.9,LHS,Rural,Tangutur,Head on collision,Oil Tanker  hit Unknown Vehicle,Tanker,Non injury,Fault of driver of motor vehicle/driver of other vehicle/cyclist/pedestrian/passenger,Four lanes or more with central divider,Straight road,,Fine,AP37V  3383,YES,Grevious,0
07.09.2012,6:30 AM,1257.9,LHS,Rural,Tangutur,Head on collision,Oil Tanker  hit Unknown Vehicle,Tanker,Non injury,Fault of driver of motor vehicle/driver of other vehicle/cyclist/pedestrian/passenger,Four lanes or more with central divider,Straight road,,Fine,AP37V  3383,YES,Minor,0
07.09.2012,6:30 AM,1257.9,LHS,Rural,Tangutur,Head on collision,Oil Tanker  hit Unknown Vehicle,Tanker,Non injury,Fault of driver of motor vehicle/driver of other vehicle/cyclist/pedestrian/passenger,Four lanes or more with central divider,Straight road,,Fine,AP37V  3383,YES,Non injured ,2
07.09.2012,6:30 AM,1257.9,LHS,Rural,Tangutur,Head on collision,Oil Tanker  hit Unknown Vehicle,Tanker,Non injury,Fault of driver of motor vehicle/driver of other vehicle/cyclist/pedestrian/passenger,Four lanes or more with central divider,Straight road,,Fine,AP37V  3383,YES,Animals affected,0
07.09.2012,12:30 PM,1264.7,RHS,Rural,Tangutur,Rear End Collision,Mini Lorry  hit Car,Lorry,Non injury,Over speed,Four lanes or more with central divider,Straight road,,Fine,AP28TB  0710,YES,Fatal,0
07.09.2012,12:30 PM,1264.7,RHS,Rural,Tangutur,Rear End Collision,Mini Lorry  hit Car,Lorry,Non injury,Over speed,Four lanes or more with central divider,Straight road,,Fine,AP28TB  0710,YES,Grevious,0
07.09.2012,12:30 PM,1264.7,RHS,Rural,Tangutur,Rear End Collision,Mini Lorry  hit Car,Lorry,Non injury,Over speed,Four lanes or more with central divider,Straight road,,Fine,AP28TB  0710,YES,Minor,0
07.09.2012,12:30 PM,1264.7,RHS,Rural,Tangutur,Rear End Collision,Mini Lorry  hit Car,Lorry,Non injury,Over speed,Four lanes or more with central divider,Straight road,,Fine,AP28TB  0710,YES,Non injured ,4
07.09.2012,12:30 PM,1264.7,RHS,Rural,Tangutur,Rear End Collision,Mini Lorry  hit Car,Lorry,Non injury,Over speed,Four lanes or more with central divider,Straight road,,Fine,AP28TB  0710,YES,Animals affected,0
07.09.2012,5:15 PM,1189.4,LHS,Rural,Martur,Rear End Collision,Mini Lorry   hit Bike,Lorry,Minor injury,Over speed,Four lanes or more with central divider,Straight road,T-Junction,Fine,AP27TT   5666,YES,Fatal,0
07.09.2012,5:15 PM,1189.4,LHS,Rural,Martur,Rear End Collision,Mini Lorry   hit Bike,Lorry,Minor injury,Over speed,Four lanes or more with central divider,Straight road,T-Junction,Fine,AP27TT   5666,YES,Grevious,0
07.09.2012,5:15 PM,1189.4,LHS,Rural,Martur,Rear End Collision,Mini Lorry   hit Bike,Lorry,Minor injury,Over speed,Four lanes or more with central divider,Straight road,T-Junction,Fine,AP27TT   5666,YES,Minor,1
07.09.2012,5:15 PM,1189.4,LHS,Rural,Martur,Rear End Collision,Mini Lorry   hit Bike,Lorry,Minor injury,Over speed,Four lanes or more with central divider,Straight road,T-Junction,Fine,AP27TT   5666,YES,Non injured ,0
07.09.2012,5:15 PM,1189.4,LHS,Rural,Martur,Rear End Collision,Mini Lorry   hit Bike,Lorry,Minor injury,Over speed,Four lanes or more with central divider,Straight road,T-Junction,Fine,AP27TT   5666,YES,Animals affected,0
08.09.2012,6:00 AM,1194.1,RHS,Rural,Martur,Rear End Collision, APSRTC Bus hit Safety wall,Bus,Non injury,Over speed,Four lanes or more with central divider,Straight road,,Fine,AP16TB 2457,YES,Fatal,0
08.09.2012,6:00 AM,1194.1,RHS,Rural,Martur,Rear End Collision, APSRTC Bus hit Safety wall,Bus,Non injury,Over speed,Four lanes or more with central divider,Straight road,,Fine,AP16TB 2457,YES,Grevious,0
08.09.2012,6:00 AM,1194.1,RHS,Rural,Martur,Rear End Collision, APSRTC Bus hit Safety wall,Bus,Non injury,Over speed,Four lanes or more with central divider,Straight road,,Fine,AP16TB 2457,YES,Minor,0
08.09.2012,6:00 AM,1194.1,RHS,Rural,Martur,Rear End Collision, APSRTC Bus hit Safety wall,Bus,Non injury,Over speed,Four lanes or more with central divider,Straight road,,Fine,AP16TB 2457,YES,Non injured ,15
08.09.2012,6:00 AM,1194.1,RHS,Rural,Martur,Rear End Collision, APSRTC Bus hit Safety wall,Bus,Non injury,Over speed,Four lanes or more with central divider,Straight road,,Fine,AP16TB 2457,YES,Animals affected,0
08.09.2012,4:11 PM,1243,RHS,Urban,Ongole,Skidding, Bike  skidding,Bike,Minor injury,Over speed,Four lanes or more with central divider,Sharp curve,,Fine,AP27F  57,YES,Fatal,0
08.09.2012,4:11 PM,1243,RHS,Urban,Ongole,Skidding, Bike  skidding,Bike,Minor injury,Over speed,Four lanes or more with central divider,Sharp curve,,Fine,AP27F  57,YES,Grevious,0
08.09.2012,4:11 PM,1243,RHS,Urban,Ongole,Skidding, Bike  skidding,Bike,Minor injury,Over speed,Four lanes or more with central divider,Sharp curve,,Fine,AP27F  57,YES,Minor,1
08.09.2012,4:11 PM,1243,RHS,Urban,Ongole,Skidding, Bike  skidding,Bike,Minor injury,Over speed,Four lanes or more with central divider,Sharp curve,,Fine,AP27F  57,YES,Non injured ,0
08.09.2012,4:11 PM,1243,RHS,Urban,Ongole,Skidding, Bike  skidding,Bike,Minor injury,Over speed,Four lanes or more with central divider,Sharp curve,,Fine,AP27F  57,YES,Animals affected,0
08.09.2012,4:52 PM,1307.6,LHS,Rural,Kavali,Rear End Collision, Lorry hit Lorry,Lorry,Non injury,Vehicle out of control,Four lanes or more with central divider,Straight road,,Fine,TN23B 2754,YES,Fatal,0
08.09.2012,4:52 PM,1307.6,LHS,Rural,Kavali,Rear End Collision, Lorry hit Lorry,Lorry,Non injury,Vehicle out of control,Four lanes or more with central divider,Straight road,,Fine,TN23B 2754,YES,Grevious,0
08.09.2012,4:52 PM,1307.6,LHS,Rural,Kavali,Rear End Collision, Lorry hit Lorry,Lorry,Non injury,Vehicle out of control,Four lanes or more with central divider,Straight road,,Fine,TN23B 2754,YES,Minor,0
08.09.2012,4:52 PM,1307.6,LHS,Rural,Kavali,Rear End Collision, Lorry hit Lorry,Lorry,Non injury,Vehicle out of control,Four lanes or more with central divider,Straight road,,Fine,TN23B 2754,YES,Non injured ,4
08.09.2012,4:52 PM,1307.6,LHS,Rural,Kavali,Rear End Collision, Lorry hit Lorry,Lorry,Non injury,Vehicle out of control,Four lanes or more with central divider,Straight road,,Fine,TN23B 2754,YES,Animals affected,0
09.09.2012,7:00 AM,1318.1,RHS,Rural,Kavali,Rear End Collision,Lorry hit    Median,Lorry,Non injury,Over speed,Four lanes or more with central divider,Straight road,,Fine,AP07TA   5759,YES,Fatal,0
09.09.2012,7:00 AM,1318.1,RHS,Rural,Kavali,Rear End Collision,Lorry hit    Median,Lorry,Non injury,Over speed,Four lanes or more with central divider,Straight road,,Fine,AP07TA   5759,YES,Grevious,0
09.09.2012,7:00 AM,1318.1,RHS,Rural,Kavali,Rear End Collision,Lorry hit    Median,Lorry,Non injury,Over speed,Four lanes or more with central divider,Straight road,,Fine,AP07TA   5759,YES,Minor,0
09.09.2012,7:00 AM,1318.1,RHS,Rural,Kavali,Rear End Collision,Lorry hit    Median,Lorry,Non injury,Over speed,Four lanes or more with central divider,Straight road,,Fine,AP07TA   5759,YES,Non injured ,2
09.09.2012,7:00 AM,1318.1,RHS,Rural,Kavali,Rear End Collision,Lorry hit    Median,Lorry,Non injury,Over speed,Four lanes or more with central divider,Straight road,,Fine,AP07TA   5759,YES,Animals affected,0
09.09.2012,11:40 AM,1219.5,RHS,Rural,Medarametla,Rear End Collision, Lorry hit Unknown Vehicle,Lorry,Non injury,Over speed,Four lanes or more with central divider,Sharp curve,Four arm junction,Fine,AP16TV 4750,YES,Fatal,0
09.09.2012,11:40 AM,1219.5,RHS,Rural,Medarametla,Rear End Collision, Lorry hit Unknown Vehicle,Lorry,Non injury,Over speed,Four lanes or more with central divider,Sharp curve,Four arm junction,Fine,AP16TV 4750,YES,Grevious,0
09.09.2012,11:40 AM,1219.5,RHS,Rural,Medarametla,Rear End Collision, Lorry hit Unknown Vehicle,Lorry,Non injury,Over speed,Four lanes or more with central divider,Sharp curve,Four arm junction,Fine,AP16TV 4750,YES,Minor,0
09.09.2012,11:40 AM,1219.5,RHS,Rural,Medarametla,Rear End Collision, Lorry hit Unknown Vehicle,Lorry,Non injury,Over speed,Four lanes or more with central divider,Sharp curve,Four arm junction,Fine,AP16TV 4750,YES,Non injured ,2
09.09.2012,11:40 AM,1219.5,RHS,Rural,Medarametla,Rear End Collision, Lorry hit Unknown Vehicle,Lorry,Non injury,Over speed,Four lanes or more with central divider,Sharp curve,Four arm junction,Fine,AP16TV 4750,YES,Animals affected,0
09.09.2012,4:15 PM,1362.1,RHS,Rural,Kodavaluru,Overturning, Auto Overturned,Auto,Grievious injury,Over speed,Four lanes or more with central divider,Slight curve,,Fine,AP26X 6565,YES,Fatal,0
09.09.2012,4:15 PM,1362.1,RHS,Rural,Kodavaluru,Overturning, Auto Overturned,Auto,Grievious injury,Over speed,Four lanes or more with central divider,Slight curve,,Fine,AP26X 6565,YES,Grevious,1
09.09.2012,4:15 PM,1362.1,RHS,Rural,Kodavaluru,Overturning, Auto Overturned,Auto,Grievious injury,Over speed,Four lanes or more with central divider,Slight curve,,Fine,AP26X 6565,YES,Minor,2
09.09.2012,4:15 PM,1362.1,RHS,Rural,Kodavaluru,Overturning, Auto Overturned,Auto,Grievious injury,Over speed,Four lanes or more with central divider,Slight curve,,Fine,AP26X 6565,YES,Non injured ,0
09.09.2012,4:15 PM,1362.1,RHS,Rural,Kodavaluru,Overturning, Auto Overturned,Auto,Grievious injury,Over speed,Four lanes or more with central divider,Slight curve,,Fine,AP26X 6565,YES,Animals affected,0
10.09.2012,4:15 PM,1338,LHS,Rural,K.Tippa ,Overturning,Tata Ac Auto Overturned,Tata Ace,Non injury,Over speed,Four lanes or more with central divider,Straight road,,Fine,AP26TT  8903,YES,Fatal,0
10.09.2012,4:15 PM,1338,LHS,Rural,K.Tippa ,Overturning,Tata Ac Auto Overturned,Tata Ace,Non injury,Over speed,Four lanes or more with central divider,Straight road,,Fine,AP26TT  8903,YES,Grevious,0
10.09.2012,4:15 PM,1338,LHS,Rural,K.Tippa ,Overturning,Tata Ac Auto Overturned,Tata Ace,Non injury,Over speed,Four lanes or more with central divider,Straight road,,Fine,AP26TT  8903,YES,Minor,0
10.09.2012,4:15 PM,1338,LHS,Rural,K.Tippa ,Overturning,Tata Ac Auto Overturned,Tata Ace,Non injury,Over speed,Four lanes or more with central divider,Straight road,,Fine,AP26TT  8903,YES,Non injured ,2
10.09.2012,4:15 PM,1338,LHS,Rural,K.Tippa ,Overturning,Tata Ac Auto Overturned,Tata Ace,Non injury,Over speed,Four lanes or more with central divider,Straight road,,Fine,AP26TT  8903,YES,Animals affected,0
10.09.2012,7:15 PM,1242,LHS,Rural,Ongole,Rear End Collision,Tractor hit Bike,Tractor,Grievious injury,Over speed,Four lanes or more with central divider,Straight road,,Fine,AP27AK  173,YES,Fatal,0
10.09.2012,7:15 PM,1242,LHS,Rural,Ongole,Rear End Collision,Tractor hit Bike,Tractor,Grievious injury,Over speed,Four lanes or more with central divider,Straight road,,Fine,AP27AK  173,YES,Grevious,2
10.09.2012,7:15 PM,1242,LHS,Rural,Ongole,Rear End Collision,Tractor hit Bike,Tractor,Grievious injury,Over speed,Four lanes or more with central divider,Straight road,,Fine,AP27AK  173,YES,Minor,0
10.09.2012,7:15 PM,1242,LHS,Rural,Ongole,Rear End Collision,Tractor hit Bike,Tractor,Grievious injury,Over speed,Four lanes or more with central divider,Straight road,,Fine,AP27AK  173,YES,Non injured ,0
10.09.2012,7:15 PM,1242,LHS,Rural,Ongole,Rear End Collision,Tractor hit Bike,Tractor,Grievious injury,Over speed,Four lanes or more with central divider,Straight road,,Fine,AP27AK  173,YES,Animals affected,0
10.09.2012,11:03 PM,1317.8,RHS,Rural,Kavali,Overturning,Milk Tanker    Overturned,Tanker,Fatal,Over speed,Four lanes or more with central divider,Straight road,,Fine,AP24W   4518,YES,Fatal,1
10.09.2012,11:03 PM,1317.8,RHS,Rural,Kavali,Overturning,Milk Tanker    Overturned,Tanker,Fatal,Over speed,Four lanes or more with central divider,Straight road,,Fine,AP24W   4518,YES,Grevious,0
10.09.2012,11:03 PM,1317.8,RHS,Rural,Kavali,Overturning,Milk Tanker    Overturned,Tanker,Fatal,Over speed,Four lanes or more with central divider,Straight road,,Fine,AP24W   4518,YES,Minor,0
10.09.2012,11:03 PM,1317.8,RHS,Rural,Kavali,Overturning,Milk Tanker    Overturned,Tanker,Fatal,Over speed,Four lanes or more with central divider,Straight road,,Fine,AP24W   4518,YES,Non injured ,7
10.09.2012,11:03 PM,1317.8,RHS,Rural,Kavali,Overturning,Milk Tanker    Overturned,Tanker,Fatal,Over speed,Four lanes or more with central divider,Straight road,,Fine,AP24W   4518,YES,Animals affected,0
11.09.2012,4:10 AM,1223.7,LHS,Rural,Medarametla,Rear End Collision,Container vehicle  hit Trolley,Container,Minor injury,Fault of driver of motor vehicle/driver of other vehicle/cyclist/pedestrian/passenger,Four lanes or more with central divider,Straight road,,Fine,MH43U   1519,YES,Fatal,0
11.09.2012,4:10 AM,1223.7,LHS,Rural,Medarametla,Rear End Collision,Container vehicle  hit Trolley,Container,Minor injury,Fault of driver of motor vehicle/driver of other vehicle/cyclist/pedestrian/passenger,Four lanes or more with central divider,Straight road,,Fine,MH43U   1519,YES,Grevious,0
11.09.2012,4:10 AM,1223.7,LHS,Rural,Medarametla,Rear End Collision,Container vehicle  hit Trolley,Container,Minor injury,Fault of driver of motor vehicle/driver of other vehicle/cyclist/pedestrian/passenger,Four lanes or more with central divider,Straight road,,Fine,MH43U   1519,YES,Minor,1
11.09.2012,4:10 AM,1223.7,LHS,Rural,Medarametla,Rear End Collision,Container vehicle  hit Trolley,Container,Minor injury,Fault of driver of motor vehicle/driver of other vehicle/cyclist/pedestrian/passenger,Four lanes or more with central divider,Straight road,,Fine,MH43U   1519,YES,Non injured ,3
11.09.2012,4:10 AM,1223.7,LHS,Rural,Medarametla,Rear End Collision,Container vehicle  hit Trolley,Container,Minor injury,Fault of driver of motor vehicle/driver of other vehicle/cyclist/pedestrian/passenger,Four lanes or more with central divider,Straight road,,Fine,MH43U   1519,YES,Animals affected,0
11.09.2012,5:03 AM,1200.5,RHS,Rural,Reningavaram,Collision Brush/Side Wipe,Unknown vehicle hit Cycle list,Unknown,Grievious injury,Fault of driver of motor vehicle/driver of other vehicle/cyclist/pedestrian/passenger,Four lanes or more with central divider,Straight road,T-Junction,Fine,Unknown vehicle,YES,Fatal,0