Operational date,Time of Accident,KM && M,Position,Rural/Urban,Location,Nature of Accident Position,Nature of Accident,Vehicle Involved,Type of Accident,Causes,Road Feature,Road condition,Intersection Type And Control,Weather Condition,Vehicle Responsible,Help Provided by Ambulance/Patroling Vehicle,Classification of Accident,No of Affected Persons
11.09.2012,5:03 AM,1200.5,RHS,Rural,Reningavaram,Collision Brush/Side Wipe,Unknown vehicle hit Cycle list,Unknown,Grievious injury,Fault of driver of motor vehicle/driver of other vehicle/cyclist/pedestrian/passenger,Four lanes or more with central divider,Straight road,T-Junction,Fine,Unknown vehicle,YES,Grevious,1
11.09.2012,5:03 AM,1200.5,RHS,Rural,Reningavaram,Collision Brush/Side Wipe,Unknown vehicle hit Cycle list,Unknown,Grievious injury,Fault of driver of motor vehicle/driver of other vehicle/cyclist/pedestrian/passenger,Four lanes or more with central divider,Straight road,T-Junction,Fine,Unknown vehicle,YES,Minor,0
11.09.2012,5:03 AM,1200.5,RHS,Rural,Reningavaram,Collision Brush/Side Wipe,Unknown vehicle hit Cycle list,Unknown,Grievious injury,Fault of driver of motor vehicle/driver of other vehicle/cyclist/pedestrian/passenger,Four lanes or more with central divider,Straight road,T-Junction,Fine,Unknown vehicle,YES,Non injured ,0
11.09.2012,5:03 AM,1200.5,RHS,Rural,Reningavaram,Collision Brush/Side Wipe,Unknown vehicle hit Cycle list,Unknown,Grievious injury,Fault of driver of motor vehicle/driver of other vehicle/cyclist/pedestrian/passenger,Four lanes or more with central divider,Straight road,T-Junction,Fine,Unknown vehicle,YES,Animals affected,0
11.09.2012,4:34 PM,1260,LHS,Rural,Tangutur,Rear End Collision,Lorry hit Bike,Lorry,Grievious injury,Over speed,Four lanes or more with central divider,Straight road,,Fine,AP27TV  4869,YES,Fatal,0
11.09.2012,4:34 PM,1260,LHS,Rural,Tangutur,Rear End Collision,Lorry hit Bike,Lorry,Grievious injury,Over speed,Four lanes or more with central divider,Straight road,,Fine,AP27TV  4869,YES,Grevious,1
11.09.2012,4:34 PM,1260,LHS,Rural,Tangutur,Rear End Collision,Lorry hit Bike,Lorry,Grievious injury,Over speed,Four lanes or more with central divider,Straight road,,Fine,AP27TV  4869,YES,Minor,1
11.09.2012,4:34 PM,1260,LHS,Rural,Tangutur,Rear End Collision,Lorry hit Bike,Lorry,Grievious injury,Over speed,Four lanes or more with central divider,Straight road,,Fine,AP27TV  4869,YES,Non injured ,0
11.09.2012,4:34 PM,1260,LHS,Rural,Tangutur,Rear End Collision,Lorry hit Bike,Lorry,Grievious injury,Over speed,Four lanes or more with central divider,Straight road,,Fine,AP27TV  4869,YES,Animals affected,0
12.09.2012,3:00 AM,1224.2,LHS,Rural,Maddipadu,Head on collision,Bike hit  Unknown Vehicle,Bike,Fatal,Druken,Four lanes or more with central divider,Straight road,,Fine,AP27AG   1065,YES,Fatal,1
12.09.2012,3:00 AM,1224.2,LHS,Rural,Maddipadu,Head on collision,Bike hit  Unknown Vehicle,Bike,Fatal,Druken,Four lanes or more with central divider,Straight road,,Fine,AP27AG   1065,YES,Grevious,0
12.09.2012,3:00 AM,1224.2,LHS,Rural,Maddipadu,Head on collision,Bike hit  Unknown Vehicle,Bike,Fatal,Druken,Four lanes or more with central divider,Straight road,,Fine,AP27AG   1065,YES,Minor,0
12.09.2012,3:00 AM,1224.2,LHS,Rural,Maddipadu,Head on collision,Bike hit  Unknown Vehicle,Bike,Fatal,Druken,Four lanes or more with central divider,Straight road,,Fine,AP27AG   1065,YES,Non injured ,0
12.09.2012,3:00 AM,1224.2,LHS,Rural,Maddipadu,Head on collision,Bike hit  Unknown Vehicle,Bike,Fatal,Druken,Four lanes or more with central divider,Straight road,,Fine,AP27AG   1065,YES,Animals affected,0
12.09.2012,4:20 PM,1199.7,LHS,Rural,Martur,Rear End Collision,APE Auto  Hit Cement Barrier,Auto,Minor injury,Over speed,Four lanes or more with central divider,Straight road,,Fine,AP7TU  5272,YES,Fatal,0
12.09.2012,4:20 PM,1199.7,LHS,Rural,Martur,Rear End Collision,APE Auto  Hit Cement Barrier,Auto,Minor injury,Over speed,Four lanes or more with central divider,Straight road,,Fine,AP7TU  5272,YES,Grevious,0
12.09.2012,4:20 PM,1199.7,LHS,Rural,Martur,Rear End Collision,APE Auto  Hit Cement Barrier,Auto,Minor injury,Over speed,Four lanes or more with central divider,Straight road,,Fine,AP7TU  5272,YES,Minor,2
12.09.2012,4:20 PM,1199.7,LHS,Rural,Martur,Rear End Collision,APE Auto  Hit Cement Barrier,Auto,Minor injury,Over speed,Four lanes or more with central divider,Straight road,,Fine,AP7TU  5272,YES,Non injured ,10
12.09.2012,4:20 PM,1199.7,LHS,Rural,Martur,Rear End Collision,APE Auto  Hit Cement Barrier,Auto,Minor injury,Over speed,Four lanes or more with central divider,Straight road,,Fine,AP7TU  5272,YES,Animals affected,0
13.09.2012,5:40 AM,1285,RHS,Rural,Ulavapadu,Overturning,Lorry      Overturned,Lorry,Non injury,Fault of driver of motor vehicle/driver of other vehicle/cyclist/pedestrian/passenger,Four lanes or more with central divider,Straight road,,Fine,AP07T   4727,YES,Fatal,0
13.09.2012,5:40 AM,1285,RHS,Rural,Ulavapadu,Overturning,Lorry      Overturned,Lorry,Non injury,Fault of driver of motor vehicle/driver of other vehicle/cyclist/pedestrian/passenger,Four lanes or more with central divider,Straight road,,Fine,AP07T   4727,YES,Grevious,0
13.09.2012,5:40 AM,1285,RHS,Rural,Ulavapadu,Overturning,Lorry      Overturned,Lorry,Non injury,Fault of driver of motor vehicle/driver of other vehicle/cyclist/pedestrian/passenger,Four lanes or more with central divider,Straight road,,Fine,AP07T   4727,YES,Minor,0
13.09.2012,5:40 AM,1285,RHS,Rural,Ulavapadu,Overturning,Lorry      Overturned,Lorry,Non injury,Fault of driver of motor vehicle/driver of other vehicle/cyclist/pedestrian/passenger,Four lanes or more with central divider,Straight road,,Fine,AP07T   4727,YES,Non injured ,2
13.09.2012,5:40 AM,1285,RHS,Rural,Ulavapadu,Overturning,Lorry      Overturned,Lorry,Non injury,Fault of driver of motor vehicle/driver of other vehicle/cyclist/pedestrian/passenger,Four lanes or more with central divider,Straight road,,Fine,AP07T   4727,YES,Animals affected,0
13.09.2012,2:25 PM,1286.7,LHS,Rural,Ulavapadu,Collision Brush/Side Wipe,Car hit   Pedestrain,Car,Grievious injury,Over speed,Four lanes or more with central divider,Straight road,,Fine,AP16UN   4722,YES,Fatal,0
13.09.2012,2:25 PM,1286.7,LHS,Rural,Ulavapadu,Collision Brush/Side Wipe,Car hit   Pedestrain,Car,Grievious injury,Over speed,Four lanes or more with central divider,Straight road,,Fine,AP16UN   4722,YES,Grevious,1
13.09.2012,2:25 PM,1286.7,LHS,Rural,Ulavapadu,Collision Brush/Side Wipe,Car hit   Pedestrain,Car,Grievious injury,Over speed,Four lanes or more with central divider,Straight road,,Fine,AP16UN   4722,YES,Minor,0
13.09.2012,2:25 PM,1286.7,LHS,Rural,Ulavapadu,Collision Brush/Side Wipe,Car hit   Pedestrain,Car,Grievious injury,Over speed,Four lanes or more with central divider,Straight road,,Fine,AP16UN   4722,YES,Non injured ,0
13.09.2012,2:25 PM,1286.7,LHS,Rural,Ulavapadu,Collision Brush/Side Wipe,Car hit   Pedestrain,Car,Grievious injury,Over speed,Four lanes or more with central divider,Straight road,,Fine,AP16UN   4722,YES,Animals affected,0
13.09.2012,11:40 PM,1342.2,LHS,Rural,Dagadarthi,Rear End Collision,Trolley hit   Lorry,Trolley,Non injury,Over speed,Four lanes or more with central divider,Straight road,,Fine,AP27TT 9929,YES,Fatal,0
13.09.2012,11:40 PM,1342.2,LHS,Rural,Dagadarthi,Rear End Collision,Trolley hit   Lorry,Trolley,Non injury,Over speed,Four lanes or more with central divider,Straight road,,Fine,AP27TT 9929,YES,Grevious,0
13.09.2012,11:40 PM,1342.2,LHS,Rural,Dagadarthi,Rear End Collision,Trolley hit   Lorry,Trolley,Non injury,Over speed,Four lanes or more with central divider,Straight road,,Fine,AP27TT 9929,YES,Minor,0
13.09.2012,11:40 PM,1342.2,LHS,Rural,Dagadarthi,Rear End Collision,Trolley hit   Lorry,Trolley,Non injury,Over speed,Four lanes or more with central divider,Straight road,,Fine,AP27TT 9929,YES,Non injured ,4
13.09.2012,11:40 PM,1342.2,LHS,Rural,Dagadarthi,Rear End Collision,Trolley hit   Lorry,Trolley,Non injury,Over speed,Four lanes or more with central divider,Straight road,,Fine,AP27TT 9929,YES,Animals affected,1
15.09.2012,4:43 AM,1196.7,LHS,Rural,Martur,Rear End Collision,LCV hit Bus,Van,Grievious injury,Fault of driver of motor vehicle/driver of other vehicle/cyclist/pedestrian/passenger,Four lanes or more with central divider,Straight road,,Fine,AP5TU 8827,YES,Fatal,0
15.09.2012,4:43 AM,1196.7,LHS,Rural,Martur,Rear End Collision,LCV hit Bus,Van,Grievious injury,Fault of driver of motor vehicle/driver of other vehicle/cyclist/pedestrian/passenger,Four lanes or more with central divider,Straight road,,Fine,AP5TU 8827,YES,Grevious,1
15.09.2012,4:43 AM,1196.7,LHS,Rural,Martur,Rear End Collision,LCV hit Bus,Van,Grievious injury,Fault of driver of motor vehicle/driver of other vehicle/cyclist/pedestrian/passenger,Four lanes or more with central divider,Straight road,,Fine,AP5TU 8827,YES,Minor,0
15.09.2012,4:43 AM,1196.7,LHS,Rural,Martur,Rear End Collision,LCV hit Bus,Van,Grievious injury,Fault of driver of motor vehicle/driver of other vehicle/cyclist/pedestrian/passenger,Four lanes or more with central divider,Straight road,,Fine,AP5TU 8827,YES,Non injured ,17
15.09.2012,4:43 AM,1196.7,LHS,Rural,Martur,Rear End Collision,LCV hit Bus,Van,Grievious injury,Fault of driver of motor vehicle/driver of other vehicle/cyclist/pedestrian/passenger,Four lanes or more with central divider,Straight road,,Fine,AP5TU 8827,YES,Animals affected,0
15.09.2012,8:25 PM,1229,RHS,Rural,Maddipadu,Rear End Collision,Mini Lorry hit Car&Lorry,Lorry,Grievious injury,Over speed,Four lanes or more with central divider,Straight road,,Fine,AP09U  7205,YES,Fatal,0
15.09.2012,8:25 PM,1229,RHS,Rural,Maddipadu,Rear End Collision,Mini Lorry hit Car&Lorry,Lorry,Grievious injury,Over speed,Four lanes or more with central divider,Straight road,,Fine,AP09U  7205,YES,Grevious,2
15.09.2012,8:25 PM,1229,RHS,Rural,Maddipadu,Rear End Collision,Mini Lorry hit Car&Lorry,Lorry,Grievious injury,Over speed,Four lanes or more with central divider,Straight road,,Fine,AP09U  7205,YES,Minor,2
15.09.2012,8:25 PM,1229,RHS,Rural,Maddipadu,Rear End Collision,Mini Lorry hit Car&Lorry,Lorry,Grievious injury,Over speed,Four lanes or more with central divider,Straight road,,Fine,AP09U  7205,YES,Non injured ,6
15.09.2012,8:25 PM,1229,RHS,Rural,Maddipadu,Rear End Collision,Mini Lorry hit Car&Lorry,Lorry,Grievious injury,Over speed,Four lanes or more with central divider,Straight road,,Fine,AP09U  7205,YES,Animals affected,0
16.09.2012,12:14 AM,1199.7,LHS,Rural,Martur,Head on collision,Bike hit  Bike,Bike,Minor injury,Over speed,Four lanes or more with central divider,Straight road,,Fine,AP27AP 4557,YES,Fatal,0
16.09.2012,12:14 AM,1199.7,LHS,Rural,Martur,Head on collision,Bike hit  Bike,Bike,Minor injury,Over speed,Four lanes or more with central divider,Straight road,,Fine,AP27AP 4557,YES,Grevious,0
16.09.2012,12:14 AM,1199.7,LHS,Rural,Martur,Head on collision,Bike hit  Bike,Bike,Minor injury,Over speed,Four lanes or more with central divider,Straight road,,Fine,AP27AP 4557,YES,Minor,2
16.09.2012,12:14 AM,1199.7,LHS,Rural,Martur,Head on collision,Bike hit  Bike,Bike,Minor injury,Over speed,Four lanes or more with central divider,Straight road,,Fine,AP27AP 4557,YES,Non injured ,0
16.09.2012,12:14 AM,1199.7,LHS,Rural,Martur,Head on collision,Bike hit  Bike,Bike,Minor injury,Over speed,Four lanes or more with central divider,Straight road,,Fine,AP27AP 4557,YES,Animals affected,0
16.09.2012,5:10 AM,1305.4,LHS,Rural,Gudluru,Rear End Collision,Lorry hit Lorry ,Lorry,Grievious injury,Over speed,Four lanes or more with central divider,Slight curve,,Fine,TN57AB   9293,YES,Fatal,0
16.09.2012,5:10 AM,1305.4,LHS,Rural,Gudluru,Rear End Collision,Lorry hit Lorry ,Lorry,Grievious injury,Over speed,Four lanes or more with central divider,Slight curve,,Fine,TN57AB   9293,YES,Grevious,2
16.09.2012,5:10 AM,1305.4,LHS,Rural,Gudluru,Rear End Collision,Lorry hit Lorry ,Lorry,Grievious injury,Over speed,Four lanes or more with central divider,Slight curve,,Fine,TN57AB   9293,YES,Minor,0
16.09.2012,5:10 AM,1305.4,LHS,Rural,Gudluru,Rear End Collision,Lorry hit Lorry ,Lorry,Grievious injury,Over speed,Four lanes or more with central divider,Slight curve,,Fine,TN57AB   9293,YES,Non injured ,4
16.09.2012,5:10 AM,1305.4,LHS,Rural,Gudluru,Rear End Collision,Lorry hit Lorry ,Lorry,Grievious injury,Over speed,Four lanes or more with central divider,Slight curve,,Fine,TN57AB   9293,YES,Animals affected,0
16.09.2012,9:30 AM,1277.6,RHS,Rural,Singarayakonda,Rear End Collision,Tata AC Auto hit Safety wall,Tata Ace,Non injury,Over speed,Four lanes or more with central divider,Slight curve,,Fine,AP05TA   9606,YES,Fatal,0
16.09.2012,9:30 AM,1277.6,RHS,Rural,Singarayakonda,Rear End Collision,Tata AC Auto hit Safety wall,Tata Ace,Non injury,Over speed,Four lanes or more with central divider,Slight curve,,Fine,AP05TA   9606,YES,Grevious,0
16.09.2012,9:30 AM,1277.6,RHS,Rural,Singarayakonda,Rear End Collision,Tata AC Auto hit Safety wall,Tata Ace,Non injury,Over speed,Four lanes or more with central divider,Slight curve,,Fine,AP05TA   9606,YES,Minor,0
16.09.2012,9:30 AM,1277.6,RHS,Rural,Singarayakonda,Rear End Collision,Tata AC Auto hit Safety wall,Tata Ace,Non injury,Over speed,Four lanes or more with central divider,Slight curve,,Fine,AP05TA   9606,YES,Non injured ,2
16.09.2012,9:30 AM,1277.6,RHS,Rural,Singarayakonda,Rear End Collision,Tata AC Auto hit Safety wall,Tata Ace,Non injury,Over speed,Four lanes or more with central divider,Slight curve,,Fine,AP05TA   9606,YES,Animals affected,0
16.09.2012,5:10 PM,1292.5,RHS,Rural,Ulavapadu,Overturning, Tractor Over Turned,Tractor,Non injury,Over speed,Four lanes or more with central divider,Slight curve,,Fine,AP26 AC 6400,YES,Fatal,0
16.09.2012,5:10 PM,1292.5,RHS,Rural,Ulavapadu,Overturning, Tractor Over Turned,Tractor,Non injury,Over speed,Four lanes or more with central divider,Slight curve,,Fine,AP26 AC 6400,YES,Grevious,0
16.09.2012,5:10 PM,1292.5,RHS,Rural,Ulavapadu,Overturning, Tractor Over Turned,Tractor,Non injury,Over speed,Four lanes or more with central divider,Slight curve,,Fine,AP26 AC 6400,YES,Minor,0
16.09.2012,5:10 PM,1292.5,RHS,Rural,Ulavapadu,Overturning, Tractor Over Turned,Tractor,Non injury,Over speed,Four lanes or more with central divider,Slight curve,,Fine,AP26 AC 6400,YES,Non injured ,2
16.09.2012,5:10 PM,1292.5,RHS,Rural,Ulavapadu,Overturning, Tractor Over Turned,Tractor,Non injury,Over speed,Four lanes or more with central divider,Slight curve,,Fine,AP26 AC 6400,YES,Animals affected,0
17.09.2012,12:34 AM,1266.1,RHS,Rural,Tangutur,Rear End Collision,Tipper hit RTC Bus,Lorry,Grievious injury,Vehicle out of control,Three lanes or more without central divider(median),Straight road,Four arm junction,Fine,AP26TV 1737,YES,Fatal,0
17.09.2012,12:34 AM,1266.1,RHS,Rural,Tangutur,Rear End Collision,Tipper hit RTC Bus,Lorry,Grievious injury,Vehicle out of control,Three lanes or more without central divider(median),Straight road,Four arm junction,Fine,AP26TV 1737,YES,Grevious,1
17.09.2012,12:34 AM,1266.1,RHS,Rural,Tangutur,Rear End Collision,Tipper hit RTC Bus,Lorry,Grievious injury,Vehicle out of control,Three lanes or more without central divider(median),Straight road,Four arm junction,Fine,AP26TV 1737,YES,Minor,2
17.09.2012,12:34 AM,1266.1,RHS,Rural,Tangutur,Rear End Collision,Tipper hit RTC Bus,Lorry,Grievious injury,Vehicle out of control,Three lanes or more without central divider(median),Straight road,Four arm junction,Fine,AP26TV 1737,YES,Non injured ,28
17.09.2012,12:34 AM,1266.1,RHS,Rural,Tangutur,Rear End Collision,Tipper hit RTC Bus,Lorry,Grievious injury,Vehicle out of control,Three lanes or more without central divider(median),Straight road,Four arm junction,Fine,AP26TV 1737,YES,Animals affected,0
17.09.2012,5:55 AM,1286.5,RHS,Rural,Ulavapadu,Overturning,Lorry Overturned,Lorry,Fatal,Fault of driver of motor vehicle/driver of other vehicle/cyclist/pedestrian/passenger,Four lanes or more with central divider,Straight road,,Fine,AP16TX  2167,YES,Fatal,1
17.09.2012,5:55 AM,1286.5,RHS,Rural,Ulavapadu,Overturning,Lorry Overturned,Lorry,Fatal,Fault of driver of motor vehicle/driver of other vehicle/cyclist/pedestrian/passenger,Four lanes or more with central divider,Straight road,,Fine,AP16TX  2167,YES,Grevious,0
17.09.2012,5:55 AM,1286.5,RHS,Rural,Ulavapadu,Overturning,Lorry Overturned,Lorry,Fatal,Fault of driver of motor vehicle/driver of other vehicle/cyclist/pedestrian/passenger,Four lanes or more with central divider,Straight road,,Fine,AP16TX  2167,YES,Minor,3
17.09.2012,5:55 AM,1286.5,RHS,Rural,Ulavapadu,Overturning,Lorry Overturned,Lorry,Fatal,Fault of driver of motor vehicle/driver of other vehicle/cyclist/pedestrian/passenger,Four lanes or more with central divider,Straight road,,Fine,AP16TX  2167,YES,Non injured ,0
17.09.2012,5:55 AM,1286.5,RHS,Rural,Ulavapadu,Overturning,Lorry Overturned,Lorry,Fatal,Fault of driver of motor vehicle/driver of other vehicle/cyclist/pedestrian/passenger,Four lanes or more with central divider,Straight road,,Fine,AP16TX  2167,YES,Animals affected,0
17.09.2012,11:30 PM,1297.6,LHS,Rural,Ulavapadu,Rear End Collision,Lorry hit      Lorry,Lorry,Non injury,Over speed,Four lanes or more with central divider,Straight road,,Fine,HR55Q  6219,YES,Fatal,0
17.09.2012,11:30 PM,1297.6,LHS,Rural,Ulavapadu,Rear End Collision,Lorry hit      Lorry,Lorry,Non injury,Over speed,Four lanes or more with central divider,Straight road,,Fine,HR55Q  6219,YES,Grevious,0
17.09.2012,11:30 PM,1297.6,LHS,Rural,Ulavapadu,Rear End Collision,Lorry hit      Lorry,Lorry,Non injury,Over speed,Four lanes or more with central divider,Straight road,,Fine,HR55Q  6219,YES,Minor,0
17.09.2012,11:30 PM,1297.6,LHS,Rural,Ulavapadu,Rear End Collision,Lorry hit      Lorry,Lorry,Non injury,Over speed,Four lanes or more with central divider,Straight road,,Fine,HR55Q  6219,YES,Non injured ,4
17.09.2012,11:30 PM,1297.6,LHS,Rural,Ulavapadu,Rear End Collision,Lorry hit      Lorry,Lorry,Non injury,Over speed,Four lanes or more with central divider,Straight road,,Fine,HR55Q  6219,YES,Animals affected,0
18.09.2012,4:30 AM,1266.7,RHS,Rural,Tangutur,Overturning, Lorry Over Turned,Lorry,Minor injury,Over speed,Four lanes or more with central divider,Straight road,,Fine,AP03TA 9854,YES,Fatal,0
18.09.2012,4:30 AM,1266.7,RHS,Rural,Tangutur,Overturning, Lorry Over Turned,Lorry,Minor injury,Over speed,Four lanes or more with central divider,Straight road,,Fine,AP03TA 9854,YES,Grevious,0
18.09.2012,4:30 AM,1266.7,RHS,Rural,Tangutur,Overturning, Lorry Over Turned,Lorry,Minor injury,Over speed,Four lanes or more with central divider,Straight road,,Fine,AP03TA 9854,YES,Minor,1
18.09.2012,4:30 AM,1266.7,RHS,Rural,Tangutur,Overturning, Lorry Over Turned,Lorry,Minor injury,Over speed,Four lanes or more with central divider,Straight road,,Fine,AP03TA 9854,YES,Non injured ,1
18.09.2012,4:30 AM,1266.7,RHS,Rural,Tangutur,Overturning, Lorry Over Turned,Lorry,Minor injury,Over speed,Four lanes or more with central divider,Straight road,,Fine,AP03TA 9854,YES,Animals affected,0
18.09.2012,6:45 PM,1266.1,RHS,Rural,Tangutur,Rear End Collision,Tata AC Auto hit  Pedestrian,Tata Ace,Grievious injury,Over speed,Three lanes or more without central divider(median),Straight road,Four arm junction,Fine,AP27TV   0837,YES,Fatal,0
18.09.2012,6:45 PM,1266.1,RHS,Rural,Tangutur,Rear End Collision,Tata AC Auto hit  Pedestrian,Tata Ace,Grievious injury,Over speed,Three lanes or more without central divider(median),Straight road,Four arm junction,Fine,AP27TV   0837,YES,Grevious,1
18.09.2012,6:45 PM,1266.1,RHS,Rural,Tangutur,Rear End Collision,Tata AC Auto hit  Pedestrian,Tata Ace,Grievious injury,Over speed,Three lanes or more without central divider(median),Straight road,Four arm junction,Fine,AP27TV   0837,YES,Minor,0
18.09.2012,6:45 PM,1266.1,RHS,Rural,Tangutur,Rear End Collision,Tata AC Auto hit  Pedestrian,Tata Ace,Grievious injury,Over speed,Three lanes or more without central divider(median),Straight road,Four arm junction,Fine,AP27TV   0837,YES,Non injured ,7
18.09.2012,6:45 PM,1266.1,RHS,Rural,Tangutur,Rear End Collision,Tata AC Auto hit  Pedestrian,Tata Ace,Grievious injury,Over speed,Three lanes or more without central divider(median),Straight road,Four arm junction,Fine,AP27TV   0837,YES,Animals affected,0
18.09.2012,7:04 PM,1348.5,LHS,Rural,Dagadarthi,Skidding,Bike skidding,Bike,Grievious injury,Over speed,Four lanes or more with central divider,Slight curve,,Fine,AP26AH   4362,YES,Fatal,0
18.09.2012,7:04 PM,1348.5,LHS,Rural,Dagadarthi,Skidding,Bike skidding,Bike,Grievious injury,Over speed,Four lanes or more with central divider,Slight curve,,Fine,AP26AH   4362,YES,Grevious,1
18.09.2012,7:04 PM,1348.5,LHS,Rural,Dagadarthi,Skidding,Bike skidding,Bike,Grievious injury,Over speed,Four lanes or more with central divider,Slight curve,,Fine,AP26AH   4362,YES,Minor,3
18.09.2012,7:04 PM,1348.5,LHS,Rural,Dagadarthi,Skidding,Bike skidding,Bike,Grievious injury,Over speed,Four lanes or more with central divider,Slight curve,,Fine,AP26AH   4362,YES,Non injured ,0
18.09.2012,7:04 PM,1348.5,LHS,Rural,Dagadarthi,Skidding,Bike skidding,Bike,Grievious injury,Over speed,Four lanes or more with central divider,Slight curve,,Fine,AP26AH   4362,YES,Animals affected,0
18.09.2012,8:08 PM,1219.1,RHS,Rural,Medarametla,Skidding,Bike skidding,Bike,Minor injury,Over speed,Four lanes or more with central divider,Sharp curve,,Fine,AP27P    0298,YES,Fatal,0
18.09.2012,8:08 PM,1219.1,RHS,Rural,Medarametla,Skidding,Bike skidding,Bike,Minor injury,Over speed,Four lanes or more with central divider,Sharp curve,,Fine,AP27P    0298,YES,Grevious,0
18.09.2012,8:08 PM,1219.1,RHS,Rural,Medarametla,Skidding,Bike skidding,Bike,Minor injury,Over speed,Four lanes or more with central divider,Sharp curve,,Fine,AP27P    0298,YES,Minor,2
18.09.2012,8:08 PM,1219.1,RHS,Rural,Medarametla,Skidding,Bike skidding,Bike,Minor injury,Over speed,Four lanes or more with central divider,Sharp curve,,Fine,AP27P    0298,YES,Non injured ,0
18.09.2012,8:08 PM,1219.1,RHS,Rural,Medarametla,Skidding,Bike skidding,Bike,Minor injury,Over speed,Four lanes or more with central divider,Sharp curve,,Fine,AP27P    0298,YES,Animals affected,0
18.09.2012,10:03 PM,1193.1,RHS,Rural,Martur,Skidding,Bike skidding,Bike,Grievious injury,Over speed,Four lanes or more with central divider,Straight road,,Fine,AP07AP  3315,YES,Fatal,0
18.09.2012,10:03 PM,1193.1,RHS,Rural,Martur,Skidding,Bike skidding,Bike,Grievious injury,Over speed,Four lanes or more with central divider,Straight road,,Fine,AP07AP  3315,YES,Grevious,1
18.09.2012,10:03 PM,1193.1,RHS,Rural,Martur,Skidding,Bike skidding,Bike,Grievious injury,Over speed,Four lanes or more with central divider,Straight road,,Fine,AP07AP  3315,YES,Minor,0
18.09.2012,10:03 PM,1193.1,RHS,Rural,Martur,Skidding,Bike skidding,Bike,Grievious injury,Over speed,Four lanes or more with central divider,Straight road,,Fine,AP07AP  3315,YES,Non injured ,0
18.09.2012,10:03 PM,1193.1,RHS,Rural,Martur,Skidding,Bike skidding,Bike,Grievious injury,Over speed,Four lanes or more with central divider,Straight road,,Fine,AP07AP  3315,YES,Animals affected,0
19.09.2012,4:30 AM,1240.1,LHS,Rural,Ongole,Rear End Collision,Lorry hit Lorry ,Lorry,Non injury,Fault of driver of motor vehicle/driver of other vehicle/cyclist/pedestrian/passenger,Three lanes or more without central divider(median),Slight curve,T-Junction,Fine,TN05AL   6565,YES,Fatal,0
19.09.2012,4:30 AM,1240.1,LHS,Rural,Ongole,Rear End Collision,Lorry hit Lorry ,Lorry,Non injury,Fault of driver of motor vehicle/driver of other vehicle/cyclist/pedestrian/passenger,Three lanes or more without central divider(median),Slight curve,T-Junction,Fine,TN05AL   6565,YES,Grevious,0
19.09.2012,4:30 AM,1240.1,LHS,Rural,Ongole,Rear End Collision,Lorry hit Lorry ,Lorry,Non injury,Fault of driver of motor vehicle/driver of other vehicle/cyclist/pedestrian/passenger,Three lanes or more without central divider(median),Slight curve,T-Junction,Fine,TN05AL   6565,YES,Minor,0
19.09.2012,4:30 AM,1240.1,LHS,Rural,Ongole,Rear End Collision,Lorry hit Lorry ,Lorry,Non injury,Fault of driver of motor vehicle/driver of other vehicle/cyclist/pedestrian/passenger,Three lanes or more without central divider(median),Slight curve,T-Junction,Fine,TN05AL   6565,YES,Non injured ,3
19.09.2012,4:30 AM,1240.1,LHS,Rural,Ongole,Rear End Collision,Lorry hit Lorry ,Lorry,Non injury,Fault of driver of motor vehicle/driver of other vehicle/cyclist/pedestrian/passenger,Three lanes or more without central divider(median),Slight curve,T-Junction,Fine,TN05AL   6565,YES,Animals affected,0
21.09.2012,4:10 AM,1213.4,LHS,Rural,Medarametla,Rear End Collision,Omini Ambulance hit Tipper,Ambulance,Grievious injury,Fault of driver of motor vehicle/driver of other vehicle/cyclist/pedestrian/passenger,Four lanes or more with central divider,Straight road,,Fine,AP16TX   7919,YES,Fatal,0
21.09.2012,4:10 AM,1213.4,LHS,Rural,Medarametla,Rear End Collision,Omini Ambulance hit Tipper,Ambulance,Grievious injury,Fault of driver of motor vehicle/driver of other vehicle/cyclist/pedestrian/passenger,Four lanes or more with central divider,Straight road,,Fine,AP16TX   7919,YES,Grevious,1
21.09.2012,4:10 AM,1213.4,LHS,Rural,Medarametla,Rear End Collision,Omini Ambulance hit Tipper,Ambulance,Grievious injury,Fault of driver of motor vehicle/driver of other vehicle/cyclist/pedestrian/passenger,Four lanes or more with central divider,Straight road,,Fine,AP16TX   7919,YES,Minor,0
21.09.2012,4:10 AM,1213.4,LHS,Rural,Medarametla,Rear End Collision,Omini Ambulance hit Tipper,Ambulance,Grievious injury,Fault of driver of motor vehicle/driver of other vehicle/cyclist/pedestrian/passenger,Four lanes or more with central divider,Straight road,,Fine,AP16TX   7919,YES,Non injured ,2
21.09.2012,4:10 AM,1213.4,LHS,Rural,Medarametla,Rear End Collision,Omini Ambulance hit Tipper,Ambulance,Grievious injury,Fault of driver of motor vehicle/driver of other vehicle/cyclist/pedestrian/passenger,Four lanes or more with central divider,Straight road,,Fine,AP16TX   7919,YES,Animals affected,0
21.09.2012,7:10 AM,1240.8,LHS,Rural,Ongole,Rear End Collision,Lorry hit Safety Wall,Lorry,Non injury,Fault of driver of motor vehicle/driver of other vehicle/cyclist/pedestrian/passenger,Four lanes or more with central divider,Straight road,,Fine,KA01C    4513,YES,Fatal,0