Operational date,Time of Accident,KM && M,Position,Rural/Urban,Location,Nature of Accident Position,Nature of Accident,Vehicle Involved,Type of Accident,Causes,Road Feature,Road condition,Intersection Type And Control,Weather Condition,Vehicle Responsible,Help Provided by Ambulance/Patroling Vehicle,Classification of Accident,No of Affected Persons
21.09.2012,7:10 AM,1240.8,LHS,Rural,Ongole,Rear End Collision,Lorry hit Safety Wall,Lorry,Non injury,Fault of driver of motor vehicle/driver of other vehicle/cyclist/pedestrian/passenger,Four lanes or more with central divider,Straight road,,Fine,KA01C    4513,YES,Grevious,0
21.09.2012,7:10 AM,1240.8,LHS,Rural,Ongole,Rear End Collision,Lorry hit Safety Wall,Lorry,Non injury,Fault of driver of motor vehicle/driver of other vehicle/cyclist/pedestrian/passenger,Four lanes or more with central divider,Straight road,,Fine,KA01C    4513,YES,Minor,0
21.09.2012,7:10 AM,1240.8,LHS,Rural,Ongole,Rear End Collision,Lorry hit Safety Wall,Lorry,Non injury,Fault of driver of motor vehicle/driver of other vehicle/cyclist/pedestrian/passenger,Four lanes or more with central divider,Straight road,,Fine,KA01C    4513,YES,Non injured ,2
21.09.2012,7:10 AM,1240.8,LHS,Rural,Ongole,Rear End Collision,Lorry hit Safety Wall,Lorry,Non injury,Fault of driver of motor vehicle/driver of other vehicle/cyclist/pedestrian/passenger,Four lanes or more with central divider,Straight road,,Fine,KA01C    4513,YES,Animals affected,0
21.09.2012,7:40 AM,1256.5,RHS,Rural,Tangutur,Rear End Collision,Lorry hit Median,Lorry,Non injury,Over speed,Four lanes or more with central divider,Straight road,,Fine,AP30T  1390,YES,Fatal,0
21.09.2012,7:40 AM,1256.5,RHS,Rural,Tangutur,Rear End Collision,Lorry hit Median,Lorry,Non injury,Over speed,Four lanes or more with central divider,Straight road,,Fine,AP30T  1390,YES,Grevious,0
21.09.2012,7:40 AM,1256.5,RHS,Rural,Tangutur,Rear End Collision,Lorry hit Median,Lorry,Non injury,Over speed,Four lanes or more with central divider,Straight road,,Fine,AP30T  1390,YES,Minor,0
21.09.2012,7:40 AM,1256.5,RHS,Rural,Tangutur,Rear End Collision,Lorry hit Median,Lorry,Non injury,Over speed,Four lanes or more with central divider,Straight road,,Fine,AP30T  1390,YES,Non injured ,0
21.09.2012,7:40 AM,1256.5,RHS,Rural,Tangutur,Rear End Collision,Lorry hit Median,Lorry,Non injury,Over speed,Four lanes or more with central divider,Straight road,,Fine,AP30T  1390,YES,Animals affected,0
21.09.2012,8:40 AM,1282.5,LHS,Rural,Singarayakonda,Overturning,Ape Auto   Overturned,Auto,Minor injury,Over speed,Four lanes or more with central divider,Straight road,,Fine,AP07TC    2026,YES,Fatal,0
21.09.2012,8:40 AM,1282.5,LHS,Rural,Singarayakonda,Overturning,Ape Auto   Overturned,Auto,Minor injury,Over speed,Four lanes or more with central divider,Straight road,,Fine,AP07TC    2026,YES,Grevious,0
21.09.2012,8:40 AM,1282.5,LHS,Rural,Singarayakonda,Overturning,Ape Auto   Overturned,Auto,Minor injury,Over speed,Four lanes or more with central divider,Straight road,,Fine,AP07TC    2026,YES,Minor,1
21.09.2012,8:40 AM,1282.5,LHS,Rural,Singarayakonda,Overturning,Ape Auto   Overturned,Auto,Minor injury,Over speed,Four lanes or more with central divider,Straight road,,Fine,AP07TC    2026,YES,Non injured ,0
21.09.2012,8:40 AM,1282.5,LHS,Rural,Singarayakonda,Overturning,Ape Auto   Overturned,Auto,Minor injury,Over speed,Four lanes or more with central divider,Straight road,,Fine,AP07TC    2026,YES,Animals affected,0
21.09.2012,10:02 PM,1214.6,LHS,Rural,Medarametla,Collision Brush/Side Wipe, Car hit Safety Wall,Car,Non injury,Over speed,Four lanes or more with central divider,Straight road,,Fine,AP07TB 2499,YES,Fatal,0
21.09.2012,10:02 PM,1214.6,LHS,Rural,Medarametla,Collision Brush/Side Wipe, Car hit Safety Wall,Car,Non injury,Over speed,Four lanes or more with central divider,Straight road,,Fine,AP07TB 2499,YES,Grevious,0
21.09.2012,10:02 PM,1214.6,LHS,Rural,Medarametla,Collision Brush/Side Wipe, Car hit Safety Wall,Car,Non injury,Over speed,Four lanes or more with central divider,Straight road,,Fine,AP07TB 2499,YES,Minor,0
21.09.2012,10:02 PM,1214.6,LHS,Rural,Medarametla,Collision Brush/Side Wipe, Car hit Safety Wall,Car,Non injury,Over speed,Four lanes or more with central divider,Straight road,,Fine,AP07TB 2499,YES,Non injured ,5
21.09.2012,10:02 PM,1214.6,LHS,Rural,Medarametla,Collision Brush/Side Wipe, Car hit Safety Wall,Car,Non injury,Over speed,Four lanes or more with central divider,Straight road,,Fine,AP07TB 2499,YES,Animals affected,0
22.09.2012,7:40 AM,1219.8,LHS,Rural,Medarametla,Overturning,Oil Tanker   Overturned,Tanker,Grievious injury,Over speed,Four lanes or more with central divider,Straight road,,Fine,AP16TB 1499,YES,Fatal,0
22.09.2012,7:40 AM,1219.8,LHS,Rural,Medarametla,Overturning,Oil Tanker   Overturned,Tanker,Grievious injury,Over speed,Four lanes or more with central divider,Straight road,,Fine,AP16TB 1499,YES,Grevious,1
22.09.2012,7:40 AM,1219.8,LHS,Rural,Medarametla,Overturning,Oil Tanker   Overturned,Tanker,Grievious injury,Over speed,Four lanes or more with central divider,Straight road,,Fine,AP16TB 1499,YES,Minor,0
22.09.2012,7:40 AM,1219.8,LHS,Rural,Medarametla,Overturning,Oil Tanker   Overturned,Tanker,Grievious injury,Over speed,Four lanes or more with central divider,Straight road,,Fine,AP16TB 1499,YES,Non injured ,1
22.09.2012,7:40 AM,1219.8,LHS,Rural,Medarametla,Overturning,Oil Tanker   Overturned,Tanker,Grievious injury,Over speed,Four lanes or more with central divider,Straight road,,Fine,AP16TB 1499,YES,Animals affected,0
23.09.2012,2:00 AM,1301.3,LHS,Rural,Gudluru,Overturning, Lorry Over Turned,Lorry,Non injury,Over speed,Four lanes or more with central divider,Slight curve,,Fine,AP07TU 0201,YES,Fatal,0
23.09.2012,2:00 AM,1301.3,LHS,Rural,Gudluru,Overturning, Lorry Over Turned,Lorry,Non injury,Over speed,Four lanes or more with central divider,Slight curve,,Fine,AP07TU 0201,YES,Grevious,0
23.09.2012,2:00 AM,1301.3,LHS,Rural,Gudluru,Overturning, Lorry Over Turned,Lorry,Non injury,Over speed,Four lanes or more with central divider,Slight curve,,Fine,AP07TU 0201,YES,Minor,0
23.09.2012,2:00 AM,1301.3,LHS,Rural,Gudluru,Overturning, Lorry Over Turned,Lorry,Non injury,Over speed,Four lanes or more with central divider,Slight curve,,Fine,AP07TU 0201,YES,Non injured ,2
23.09.2012,2:00 AM,1301.3,LHS,Rural,Gudluru,Overturning, Lorry Over Turned,Lorry,Non injury,Over speed,Four lanes or more with central divider,Slight curve,,Fine,AP07TU 0201,YES,Animals affected,0
23.09.2012,6:30 AM,1316.9,LHS,Rural,Kavali,Collision Brush/Side Wipe,Bike hit Unknown vehicle,Bike,Grievious injury,Over speed,Four lanes or more with central divider,Straight road,,Fine,AP26L 8424,YES,Fatal,0
23.09.2012,6:30 AM,1316.9,LHS,Rural,Kavali,Collision Brush/Side Wipe,Bike hit Unknown vehicle,Bike,Grievious injury,Over speed,Four lanes or more with central divider,Straight road,,Fine,AP26L 8424,YES,Grevious,2
23.09.2012,6:30 AM,1316.9,LHS,Rural,Kavali,Collision Brush/Side Wipe,Bike hit Unknown vehicle,Bike,Grievious injury,Over speed,Four lanes or more with central divider,Straight road,,Fine,AP26L 8424,YES,Minor,0
23.09.2012,6:30 AM,1316.9,LHS,Rural,Kavali,Collision Brush/Side Wipe,Bike hit Unknown vehicle,Bike,Grievious injury,Over speed,Four lanes or more with central divider,Straight road,,Fine,AP26L 8424,YES,Non injured ,0
23.09.2012,6:30 AM,1316.9,LHS,Rural,Kavali,Collision Brush/Side Wipe,Bike hit Unknown vehicle,Bike,Grievious injury,Over speed,Four lanes or more with central divider,Straight road,,Fine,AP26L 8424,YES,Animals affected,0
25.09.2012,6:25 AM,1332.6,RHS,Rural,K.Tippa ,Collision Brush/Side Wipe, Unknown Vehicle hit Pedestrian,Unknown,Grievious injury,Over speed,Four lanes or more with central divider,Straight road,,Fine,Unknown Vehicle,YES,Fatal,0
25.09.2012,6:25 AM,1332.6,RHS,Rural,K.Tippa ,Collision Brush/Side Wipe, Unknown Vehicle hit Pedestrian,Unknown,Grievious injury,Over speed,Four lanes or more with central divider,Straight road,,Fine,Unknown Vehicle,YES,Grevious,1
25.09.2012,6:25 AM,1332.6,RHS,Rural,K.Tippa ,Collision Brush/Side Wipe, Unknown Vehicle hit Pedestrian,Unknown,Grievious injury,Over speed,Four lanes or more with central divider,Straight road,,Fine,Unknown Vehicle,YES,Minor,0
25.09.2012,6:25 AM,1332.6,RHS,Rural,K.Tippa ,Collision Brush/Side Wipe, Unknown Vehicle hit Pedestrian,Unknown,Grievious injury,Over speed,Four lanes or more with central divider,Straight road,,Fine,Unknown Vehicle,YES,Non injured ,0
25.09.2012,6:25 AM,1332.6,RHS,Rural,K.Tippa ,Collision Brush/Side Wipe, Unknown Vehicle hit Pedestrian,Unknown,Grievious injury,Over speed,Four lanes or more with central divider,Straight road,,Fine,Unknown Vehicle,YES,Animals affected,0
25.09.2012,8:50 AM,1257.2,RHS,Rural,Tangutur,Skidding, Bike  skidding,Bike,Minor injury,Over speed,Four lanes or more with central divider,Straight road,,Fine,AP 28PA 6106,YES,Fatal,0
25.09.2012,8:50 AM,1257.2,RHS,Rural,Tangutur,Skidding, Bike  skidding,Bike,Minor injury,Over speed,Four lanes or more with central divider,Straight road,,Fine,AP 28PA 6106,YES,Grevious,0
25.09.2012,8:50 AM,1257.2,RHS,Rural,Tangutur,Skidding, Bike  skidding,Bike,Minor injury,Over speed,Four lanes or more with central divider,Straight road,,Fine,AP 28PA 6106,YES,Minor,1
25.09.2012,8:50 AM,1257.2,RHS,Rural,Tangutur,Skidding, Bike  skidding,Bike,Minor injury,Over speed,Four lanes or more with central divider,Straight road,,Fine,AP 28PA 6106,YES,Non injured ,0
25.09.2012,8:50 AM,1257.2,RHS,Rural,Tangutur,Skidding, Bike  skidding,Bike,Minor injury,Over speed,Four lanes or more with central divider,Straight road,,Fine,AP 28PA 6106,YES,Animals affected,0
25.09.2012,9:45 AM,1248.4,RHS,Rural,Ongole,Head on collision, Unknown Vehicle hit Pedestrian,Unknown,Grievious injury,Over speed,Four lanes or more with central divider,Straight road,,Fine,Unknown vehicle,YES,Fatal,0
25.09.2012,9:45 AM,1248.4,RHS,Rural,Ongole,Head on collision, Unknown Vehicle hit Pedestrian,Unknown,Grievious injury,Over speed,Four lanes or more with central divider,Straight road,,Fine,Unknown vehicle,YES,Grevious,1
25.09.2012,9:45 AM,1248.4,RHS,Rural,Ongole,Head on collision, Unknown Vehicle hit Pedestrian,Unknown,Grievious injury,Over speed,Four lanes or more with central divider,Straight road,,Fine,Unknown vehicle,YES,Minor,0
25.09.2012,9:45 AM,1248.4,RHS,Rural,Ongole,Head on collision, Unknown Vehicle hit Pedestrian,Unknown,Grievious injury,Over speed,Four lanes or more with central divider,Straight road,,Fine,Unknown vehicle,YES,Non injured ,0
25.09.2012,9:45 AM,1248.4,RHS,Rural,Ongole,Head on collision, Unknown Vehicle hit Pedestrian,Unknown,Grievious injury,Over speed,Four lanes or more with central divider,Straight road,,Fine,Unknown vehicle,YES,Animals affected,0
25.09.2012,8:15 PM,1288.2,RHS,Rural,Ulavapadu,Overturning, Tractor Over Turned,Tractor,Non injury,Vehicle out of control,Four lanes or more with central divider,Straight road,,Fine,AP27D 4062,YES,Fatal,0
25.09.2012,8:15 PM,1288.2,RHS,Rural,Ulavapadu,Overturning, Tractor Over Turned,Tractor,Non injury,Vehicle out of control,Four lanes or more with central divider,Straight road,,Fine,AP27D 4062,YES,Grevious,0
25.09.2012,8:15 PM,1288.2,RHS,Rural,Ulavapadu,Overturning, Tractor Over Turned,Tractor,Non injury,Vehicle out of control,Four lanes or more with central divider,Straight road,,Fine,AP27D 4062,YES,Minor,0
25.09.2012,8:15 PM,1288.2,RHS,Rural,Ulavapadu,Overturning, Tractor Over Turned,Tractor,Non injury,Vehicle out of control,Four lanes or more with central divider,Straight road,,Fine,AP27D 4062,YES,Non injured ,1
25.09.2012,8:15 PM,1288.2,RHS,Rural,Ulavapadu,Overturning, Tractor Over Turned,Tractor,Non injury,Vehicle out of control,Four lanes or more with central divider,Straight road,,Fine,AP27D 4062,YES,Animals affected,0
25.09.2012,10:10 PM,1240,LHS,Rural,Ongole,Overturning, Lorry Over Turned,Lorry,Non injury,Vehicle out of control,Three lanes or more without central divider(median),Straight road,T-Junction,Fine,AP16TW 2235,YES,Fatal,0
25.09.2012,10:10 PM,1240,LHS,Rural,Ongole,Overturning, Lorry Over Turned,Lorry,Non injury,Vehicle out of control,Three lanes or more without central divider(median),Straight road,T-Junction,Fine,AP16TW 2235,YES,Grevious,0
25.09.2012,10:10 PM,1240,LHS,Rural,Ongole,Overturning, Lorry Over Turned,Lorry,Non injury,Vehicle out of control,Three lanes or more without central divider(median),Straight road,T-Junction,Fine,AP16TW 2235,YES,Minor,0
25.09.2012,10:10 PM,1240,LHS,Rural,Ongole,Overturning, Lorry Over Turned,Lorry,Non injury,Vehicle out of control,Three lanes or more without central divider(median),Straight road,T-Junction,Fine,AP16TW 2235,YES,Non injured ,2
25.09.2012,10:10 PM,1240,LHS,Rural,Ongole,Overturning, Lorry Over Turned,Lorry,Non injury,Vehicle out of control,Three lanes or more without central divider(median),Straight road,T-Junction,Fine,AP16TW 2235,YES,Animals affected,0
26.09.2012,12:10 AM,1322.1,LHS,Rural,Kavali,Rear End Collision, Lorry hit Unknown Vehicle,Lorry,Grievious injury,Fault of driver of motor vehicle/driver of other vehicle/cyclist/pedestrian/passenger,Four lanes or more with central divider,Slight curve,,Fine,TN30U 2040,YES,Fatal,0
26.09.2012,12:10 AM,1322.1,LHS,Rural,Kavali,Rear End Collision, Lorry hit Unknown Vehicle,Lorry,Grievious injury,Fault of driver of motor vehicle/driver of other vehicle/cyclist/pedestrian/passenger,Four lanes or more with central divider,Slight curve,,Fine,TN30U 2040,YES,Grevious,1
26.09.2012,12:10 AM,1322.1,LHS,Rural,Kavali,Rear End Collision, Lorry hit Unknown Vehicle,Lorry,Grievious injury,Fault of driver of motor vehicle/driver of other vehicle/cyclist/pedestrian/passenger,Four lanes or more with central divider,Slight curve,,Fine,TN30U 2040,YES,Minor,1
26.09.2012,12:10 AM,1322.1,LHS,Rural,Kavali,Rear End Collision, Lorry hit Unknown Vehicle,Lorry,Grievious injury,Fault of driver of motor vehicle/driver of other vehicle/cyclist/pedestrian/passenger,Four lanes or more with central divider,Slight curve,,Fine,TN30U 2040,YES,Non injured ,0
26.09.2012,12:10 AM,1322.1,LHS,Rural,Kavali,Rear End Collision, Lorry hit Unknown Vehicle,Lorry,Grievious injury,Fault of driver of motor vehicle/driver of other vehicle/cyclist/pedestrian/passenger,Four lanes or more with central divider,Slight curve,,Fine,TN30U 2040,YES,Animals affected,0
26.09.2012,6:10 AM,1259.1,LHS,Rural,Tangutur,Head on collision, Unknown Vehicle hit Pedestrian,Unknown,Fatal,Over speed,Four lanes or more with central divider,Straight road,,Fine,Unknown vehicle,YES,Fatal,1
26.09.2012,6:10 AM,1259.1,LHS,Rural,Tangutur,Head on collision, Unknown Vehicle hit Pedestrian,Unknown,Fatal,Over speed,Four lanes or more with central divider,Straight road,,Fine,Unknown vehicle,YES,Grevious,0
26.09.2012,6:10 AM,1259.1,LHS,Rural,Tangutur,Head on collision, Unknown Vehicle hit Pedestrian,Unknown,Fatal,Over speed,Four lanes or more with central divider,Straight road,,Fine,Unknown vehicle,YES,Minor,0
26.09.2012,6:10 AM,1259.1,LHS,Rural,Tangutur,Head on collision, Unknown Vehicle hit Pedestrian,Unknown,Fatal,Over speed,Four lanes or more with central divider,Straight road,,Fine,Unknown vehicle,YES,Non injured ,0
26.09.2012,6:10 AM,1259.1,LHS,Rural,Tangutur,Head on collision, Unknown Vehicle hit Pedestrian,Unknown,Fatal,Over speed,Four lanes or more with central divider,Straight road,,Fine,Unknown vehicle,YES,Animals affected,0
26.09.2012,12:21 PM,1226.5,RHS,Rural,Maddipadu,Skidding, Bike  skidding,Bike,Grievious injury,Over speed,Four lanes or more with central divider,Sharp curve,,Fine,AP27AE 2155,YES,Fatal,0
26.09.2012,12:21 PM,1226.5,RHS,Rural,Maddipadu,Skidding, Bike  skidding,Bike,Grievious injury,Over speed,Four lanes or more with central divider,Sharp curve,,Fine,AP27AE 2155,YES,Grevious,1
26.09.2012,12:21 PM,1226.5,RHS,Rural,Maddipadu,Skidding, Bike  skidding,Bike,Grievious injury,Over speed,Four lanes or more with central divider,Sharp curve,,Fine,AP27AE 2155,YES,Minor,0
26.09.2012,12:21 PM,1226.5,RHS,Rural,Maddipadu,Skidding, Bike  skidding,Bike,Grievious injury,Over speed,Four lanes or more with central divider,Sharp curve,,Fine,AP27AE 2155,YES,Non injured ,0
26.09.2012,12:21 PM,1226.5,RHS,Rural,Maddipadu,Skidding, Bike  skidding,Bike,Grievious injury,Over speed,Four lanes or more with central divider,Sharp curve,,Fine,AP27AE 2155,YES,Animals affected,0
27.09.2012,3:55 AM,1193.8,LHS,Rural,Martur,Collision Brush/Side Wipe, Car hit Safety Wall,Car,Non injury,Fault of driver of motor vehicle/driver of other vehicle/cyclist/pedestrian/passenger,Four lanes or more with central divider,Straight road,,Fine,AP27AG 9213,YES,Fatal,0
27.09.2012,3:55 AM,1193.8,LHS,Rural,Martur,Collision Brush/Side Wipe, Car hit Safety Wall,Car,Non injury,Fault of driver of motor vehicle/driver of other vehicle/cyclist/pedestrian/passenger,Four lanes or more with central divider,Straight road,,Fine,AP27AG 9213,YES,Grevious,0
27.09.2012,3:55 AM,1193.8,LHS,Rural,Martur,Collision Brush/Side Wipe, Car hit Safety Wall,Car,Non injury,Fault of driver of motor vehicle/driver of other vehicle/cyclist/pedestrian/passenger,Four lanes or more with central divider,Straight road,,Fine,AP27AG 9213,YES,Minor,0
27.09.2012,3:55 AM,1193.8,LHS,Rural,Martur,Collision Brush/Side Wipe, Car hit Safety Wall,Car,Non injury,Fault of driver of motor vehicle/driver of other vehicle/cyclist/pedestrian/passenger,Four lanes or more with central divider,Straight road,,Fine,AP27AG 9213,YES,Non injured ,2
27.09.2012,3:55 AM,1193.8,LHS,Rural,Martur,Collision Brush/Side Wipe, Car hit Safety Wall,Car,Non injury,Fault of driver of motor vehicle/driver of other vehicle/cyclist/pedestrian/passenger,Four lanes or more with central divider,Straight road,,Fine,AP27AG 9213,YES,Animals affected,0
27.09.2012,1:10 PM,1261.5,LHS,Rural,Tangutur,Overturning, Tractor Over turned,Tractor,Non injury,Over speed,Four lanes or more with central divider,Straight road,,Fine,AP27N 2570,YES,Fatal,0
27.09.2012,1:10 PM,1261.5,LHS,Rural,Tangutur,Overturning, Tractor Over turned,Tractor,Non injury,Over speed,Four lanes or more with central divider,Straight road,,Fine,AP27N 2570,YES,Grevious,0
27.09.2012,1:10 PM,1261.5,LHS,Rural,Tangutur,Overturning, Tractor Over turned,Tractor,Non injury,Over speed,Four lanes or more with central divider,Straight road,,Fine,AP27N 2570,YES,Minor,0
27.09.2012,1:10 PM,1261.5,LHS,Rural,Tangutur,Overturning, Tractor Over turned,Tractor,Non injury,Over speed,Four lanes or more with central divider,Straight road,,Fine,AP27N 2570,YES,Non injured ,2
27.09.2012,1:10 PM,1261.5,LHS,Rural,Tangutur,Overturning, Tractor Over turned,Tractor,Non injury,Over speed,Four lanes or more with central divider,Straight road,,Fine,AP27N 2570,YES,Animals affected,0
28.09.2012,1:55 AM,1326.4,RHS,Rural,Kavali,Overturning,Lorry Overturned,Lorry,Non injury,Over speed,Four lanes or more with central divider,Straight road,,Fine,AP27TT     4676,YES,Fatal,0
28.09.2012,1:55 AM,1326.4,RHS,Rural,Kavali,Overturning,Lorry Overturned,Lorry,Non injury,Over speed,Four lanes or more with central divider,Straight road,,Fine,AP27TT     4676,YES,Grevious,0
28.09.2012,1:55 AM,1326.4,RHS,Rural,Kavali,Overturning,Lorry Overturned,Lorry,Non injury,Over speed,Four lanes or more with central divider,Straight road,,Fine,AP27TT     4676,YES,Minor,0
28.09.2012,1:55 AM,1326.4,RHS,Rural,Kavali,Overturning,Lorry Overturned,Lorry,Non injury,Over speed,Four lanes or more with central divider,Straight road,,Fine,AP27TT     4676,YES,Non injured ,2
28.09.2012,1:55 AM,1326.4,RHS,Rural,Kavali,Overturning,Lorry Overturned,Lorry,Non injury,Over speed,Four lanes or more with central divider,Straight road,,Fine,AP27TT     4676,YES,Animals affected,0
28.09.2012,3:30 AM,1194.1,RHS,Rural,Martur,Collision Brush/Side Wipe, Lorry hit Safety Wall,Lorry,Non injury,Over speed,Four lanes or more with central divider,Straight road,,Fine,WB15A 1689,YES,Fatal,0
28.09.2012,3:30 AM,1194.1,RHS,Rural,Martur,Collision Brush/Side Wipe, Lorry hit Safety Wall,Lorry,Non injury,Over speed,Four lanes or more with central divider,Straight road,,Fine,WB15A 1689,YES,Grevious,0
28.09.2012,3:30 AM,1194.1,RHS,Rural,Martur,Collision Brush/Side Wipe, Lorry hit Safety Wall,Lorry,Non injury,Over speed,Four lanes or more with central divider,Straight road,,Fine,WB15A 1689,YES,Minor,0
28.09.2012,3:30 AM,1194.1,RHS,Rural,Martur,Collision Brush/Side Wipe, Lorry hit Safety Wall,Lorry,Non injury,Over speed,Four lanes or more with central divider,Straight road,,Fine,WB15A 1689,YES,Non injured ,2
28.09.2012,3:30 AM,1194.1,RHS,Rural,Martur,Collision Brush/Side Wipe, Lorry hit Safety Wall,Lorry,Non injury,Over speed,Four lanes or more with central divider,Straight road,,Fine,WB15A 1689,YES,Animals affected,0
28.09.2012,4:05 AM,1281.3,LHS,Rural,Singarayakonda,Overturning, Lorry Over Turned,Lorry,Non injury,Fault of driver of motor vehicle/driver of other vehicle/cyclist/pedestrian/passenger,Four lanes or more with central divider,Straight road,,Fine,AP36U 4598,YES,Fatal,0
28.09.2012,4:05 AM,1281.3,LHS,Rural,Singarayakonda,Overturning, Lorry Over Turned,Lorry,Non injury,Fault of driver of motor vehicle/driver of other vehicle/cyclist/pedestrian/passenger,Four lanes or more with central divider,Straight road,,Fine,AP36U 4598,YES,Grevious,0
28.09.2012,4:05 AM,1281.3,LHS,Rural,Singarayakonda,Overturning, Lorry Over Turned,Lorry,Non injury,Fault of driver of motor vehicle/driver of other vehicle/cyclist/pedestrian/passenger,Four lanes or more with central divider,Straight road,,Fine,AP36U 4598,YES,Minor,0
28.09.2012,4:05 AM,1281.3,LHS,Rural,Singarayakonda,Overturning, Lorry Over Turned,Lorry,Non injury,Fault of driver of motor vehicle/driver of other vehicle/cyclist/pedestrian/passenger,Four lanes or more with central divider,Straight road,,Fine,AP36U 4598,YES,Non injured ,2
28.09.2012,4:05 AM,1281.3,LHS,Rural,Singarayakonda,Overturning, Lorry Over Turned,Lorry,Non injury,Fault of driver of motor vehicle/driver of other vehicle/cyclist/pedestrian/passenger,Four lanes or more with central divider,Straight road,,Fine,AP36U 4598,YES,Animals affected,0
28.09.2012,6:10 AM,1294.7,RHS,Rural,Ulavapadu,Rear End Collision, Lorry hit Bus,Lorry,Non injury,Fault of driver of motor vehicle/driver of other vehicle/cyclist/pedestrian/passenger,Three lanes or more without central divider(median),Straight road,Y-Junction,Fine,MH04FE 8803,YES,Fatal,0
28.09.2012,6:10 AM,1294.7,RHS,Rural,Ulavapadu,Rear End Collision, Lorry hit Bus,Lorry,Non injury,Fault of driver of motor vehicle/driver of other vehicle/cyclist/pedestrian/passenger,Three lanes or more without central divider(median),Straight road,Y-Junction,Fine,MH04FE 8803,YES,Grevious,0
28.09.2012,6:10 AM,1294.7,RHS,Rural,Ulavapadu,Rear End Collision, Lorry hit Bus,Lorry,Non injury,Fault of driver of motor vehicle/driver of other vehicle/cyclist/pedestrian/passenger,Three lanes or more without central divider(median),Straight road,Y-Junction,Fine,MH04FE 8803,YES,Minor,0
28.09.2012,6:10 AM,1294.7,RHS,Rural,Ulavapadu,Rear End Collision, Lorry hit Bus,Lorry,Non injury,Fault of driver of motor vehicle/driver of other vehicle/cyclist/pedestrian/passenger,Three lanes or more without central divider(median),Straight road,Y-Junction,Fine,MH04FE 8803,YES,Non injured ,2
28.09.2012,6:10 AM,1294.7,RHS,Rural,Ulavapadu,Rear End Collision, Lorry hit Bus,Lorry,Non injury,Fault of driver of motor vehicle/driver of other vehicle/cyclist/pedestrian/passenger,Three lanes or more without central divider(median),Straight road,Y-Junction,Fine,MH04FE 8803,YES,Animals affected,0
28.09.2012,6:13 AM,1291.1,RHS,Rural,Ulavapadu,Rear End Collision, Lorry hit Lorry,Lorry,Non injury,Over speed,Four lanes or more with central divider,Straight road,,Fine,AP16TW 2326,YES,Fatal,0
28.09.2012,6:13 AM,1291.1,RHS,Rural,Ulavapadu,Rear End Collision, Lorry hit Lorry,Lorry,Non injury,Over speed,Four lanes or more with central divider,Straight road,,Fine,AP16TW 2326,YES,Grevious,0
28.09.2012,6:13 AM,1291.1,RHS,Rural,Ulavapadu,Rear End Collision, Lorry hit Lorry,Lorry,Non injury,Over speed,Four lanes or more with central divider,Straight road,,Fine,AP16TW 2326,YES,Minor,0
28.09.2012,6:13 AM,1291.1,RHS,Rural,Ulavapadu,Rear End Collision, Lorry hit Lorry,Lorry,Non injury,Over speed,Four lanes or more with central divider,Straight road,,Fine,AP16TW 2326,YES,Non injured ,2
28.09.2012,6:13 AM,1291.1,RHS,Rural,Ulavapadu,Rear End Collision, Lorry hit Lorry,Lorry,Non injury,Over speed,Four lanes or more with central divider,Straight road,,Fine,AP16TW 2326,YES,Animals affected,0
28.09.2012,8:20 PM,1195,LHS,Rural,Martur,Skidding, Bike  skidding,Bike,Minor injury,Vehicle out of control,Four lanes or more with central divider,Straight road,,Light rain,AP27AD 8265,YES,Fatal,0
28.09.2012,8:20 PM,1195,LHS,Rural,Martur,Skidding, Bike  skidding,Bike,Minor injury,Vehicle out of control,Four lanes or more with central divider,Straight road,,Light rain,AP27AD 8265,YES,Grevious,0
28.09.2012,8:20 PM,1195,LHS,Rural,Martur,Skidding, Bike  skidding,Bike,Minor injury,Vehicle out of control,Four lanes or more with central divider,Straight road,,Light rain,AP27AD 8265,YES,Minor,1
28.09.2012,8:20 PM,1195,LHS,Rural,Martur,Skidding, Bike  skidding,Bike,Minor injury,Vehicle out of control,Four lanes or more with central divider,Straight road,,Light rain,AP27AD 8265,YES,Non injured ,0
28.09.2012,8:20 PM,1195,LHS,Rural,Martur,Skidding, Bike  skidding,Bike,Minor injury,Vehicle out of control,Four lanes or more with central divider,Straight road,,Light rain,AP27AD 8265,YES,Animals affected,0
28.09.2012,10:30 PM,1229,RHS,Rural,Maddipadu,Head on collision, Unknown Vehicle hit Pedestrian,Unknown,Fatal,Over speed,Three lanes or more without central divider(median),Straight road,,Light rain,Unknown vehicle,YES,Fatal,1
28.09.2012,10:30 PM,1229,RHS,Rural,Maddipadu,Head on collision, Unknown Vehicle hit Pedestrian,Unknown,Fatal,Over speed,Three lanes or more without central divider(median),Straight road,,Light rain,Unknown vehicle,YES,Grevious,0
28.09.2012,10:30 PM,1229,RHS,Rural,Maddipadu,Head on collision, Unknown Vehicle hit Pedestrian,Unknown,Fatal,Over speed,Three lanes or more without central divider(median),Straight road,,Light rain,Unknown vehicle,YES,Minor,0
28.09.2012,10:30 PM,1229,RHS,Rural,Maddipadu,Head on collision, Unknown Vehicle hit Pedestrian,Unknown,Fatal,Over speed,Three lanes or more without central divider(median),Straight road,,Light rain,Unknown vehicle,YES,Non injured ,0
28.09.2012,10:30 PM,1229,RHS,Rural,Maddipadu,Head on collision, Unknown Vehicle hit Pedestrian,Unknown,Fatal,Over speed,Three lanes or more without central divider(median),Straight road,,Light rain,Unknown vehicle,YES,Animals affected,0