Operational date,Time of Accident,KM && M,Position,Rural/Urban,Location,Nature of Accident Position,Nature of Accident,Vehicle Involved,Type of Accident,Causes,Road Feature,Road condition,Intersection Type And Control,Weather Condition,Vehicle Responsible,Help Provided by Ambulance/Patroling Vehicle,Classification of Accident,No of Affected Persons
29.09.2012,2:30 AM,1216,LHS,Rural,Medarametla,Collision Brush/Side Wipe, Lorry hit Median,Lorry,Non injury,Fault of driver of motor vehicle/driver of other vehicle/cyclist/pedestrian/passenger,Four lanes or more with central divider,Straight road,,Fine,AP37Y  5679,YES,Fatal,0
29.09.2012,2:30 AM,1216,LHS,Rural,Medarametla,Collision Brush/Side Wipe, Lorry hit Median,Lorry,Non injury,Fault of driver of motor vehicle/driver of other vehicle/cyclist/pedestrian/passenger,Four lanes or more with central divider,Straight road,,Fine,AP37Y  5679,YES,Grevious,0
29.09.2012,2:30 AM,1216,LHS,Rural,Medarametla,Collision Brush/Side Wipe, Lorry hit Median,Lorry,Non injury,Fault of driver of motor vehicle/driver of other vehicle/cyclist/pedestrian/passenger,Four lanes or more with central divider,Straight road,,Fine,AP37Y  5679,YES,Minor,0
29.09.2012,2:30 AM,1216,LHS,Rural,Medarametla,Collision Brush/Side Wipe, Lorry hit Median,Lorry,Non injury,Fault of driver of motor vehicle/driver of other vehicle/cyclist/pedestrian/passenger,Four lanes or more with central divider,Straight road,,Fine,AP37Y  5679,YES,Non injured ,2
29.09.2012,2:30 AM,1216,LHS,Rural,Medarametla,Collision Brush/Side Wipe, Lorry hit Median,Lorry,Non injury,Fault of driver of motor vehicle/driver of other vehicle/cyclist/pedestrian/passenger,Four lanes or more with central divider,Straight road,,Fine,AP37Y  5679,YES,Animals affected,0
29.09.2012,3:20 AM,1294.7,LHS,Rural,Ulavapadu,Collision Brush/Side Wipe, Lorry hit Safety Wall,Lorry,Minor injury,Fault of driver of motor vehicle/driver of other vehicle/cyclist/pedestrian/passenger,Three lanes or more without central divider(median),Straight road,Y-Junction,Cloudy,AP24TA 4579,YES,Fatal,0
29.09.2012,3:20 AM,1294.7,LHS,Rural,Ulavapadu,Collision Brush/Side Wipe, Lorry hit Safety Wall,Lorry,Minor injury,Fault of driver of motor vehicle/driver of other vehicle/cyclist/pedestrian/passenger,Three lanes or more without central divider(median),Straight road,Y-Junction,Cloudy,AP24TA 4579,YES,Grevious,0
29.09.2012,3:20 AM,1294.7,LHS,Rural,Ulavapadu,Collision Brush/Side Wipe, Lorry hit Safety Wall,Lorry,Minor injury,Fault of driver of motor vehicle/driver of other vehicle/cyclist/pedestrian/passenger,Three lanes or more without central divider(median),Straight road,Y-Junction,Cloudy,AP24TA 4579,YES,Minor,1
29.09.2012,3:20 AM,1294.7,LHS,Rural,Ulavapadu,Collision Brush/Side Wipe, Lorry hit Safety Wall,Lorry,Minor injury,Fault of driver of motor vehicle/driver of other vehicle/cyclist/pedestrian/passenger,Three lanes or more without central divider(median),Straight road,Y-Junction,Cloudy,AP24TA 4579,YES,Non injured ,1
29.09.2012,3:20 AM,1294.7,LHS,Rural,Ulavapadu,Collision Brush/Side Wipe, Lorry hit Safety Wall,Lorry,Minor injury,Fault of driver of motor vehicle/driver of other vehicle/cyclist/pedestrian/passenger,Three lanes or more without central divider(median),Straight road,Y-Junction,Cloudy,AP24TA 4579,YES,Animals affected,0
29.09.2012,8:01 AM,1252.1,RHS,Rural,Ongole,Overturning, Water tanker Tractor Over Turned,Tanker,Minor injury,Fault of driver of motor vehicle/driver of other vehicle/cyclist/pedestrian/passenger,Three lanes or more without central divider(median),Straight road,Y-Junction,Cloudy,AP27C 7641,YES,Fatal,0
29.09.2012,8:01 AM,1252.1,RHS,Rural,Ongole,Overturning, Water tanker Tractor Over Turned,Tanker,Minor injury,Fault of driver of motor vehicle/driver of other vehicle/cyclist/pedestrian/passenger,Three lanes or more without central divider(median),Straight road,Y-Junction,Cloudy,AP27C 7641,YES,Grevious,0
29.09.2012,8:01 AM,1252.1,RHS,Rural,Ongole,Overturning, Water tanker Tractor Over Turned,Tanker,Minor injury,Fault of driver of motor vehicle/driver of other vehicle/cyclist/pedestrian/passenger,Three lanes or more without central divider(median),Straight road,Y-Junction,Cloudy,AP27C 7641,YES,Minor,0
29.09.2012,8:01 AM,1252.1,RHS,Rural,Ongole,Overturning, Water tanker Tractor Over Turned,Tanker,Minor injury,Fault of driver of motor vehicle/driver of other vehicle/cyclist/pedestrian/passenger,Three lanes or more without central divider(median),Straight road,Y-Junction,Cloudy,AP27C 7641,YES,Non injured ,2
29.09.2012,8:01 AM,1252.1,RHS,Rural,Ongole,Overturning, Water tanker Tractor Over Turned,Tanker,Minor injury,Fault of driver of motor vehicle/driver of other vehicle/cyclist/pedestrian/passenger,Three lanes or more without central divider(median),Straight road,Y-Junction,Cloudy,AP27C 7641,YES,Animals affected,0
29.09.2012,4:20 PM,1355.5,RHS,Rural,Kodavaluru,Rear End Collision, Lorry hit Tractor,Lorry,Minor injury,Over speed,Four lanes or more with central divider,Straight road,,Light rain,AP05T 1429,YES,Fatal,0
29.09.2012,4:20 PM,1355.5,RHS,Rural,Kodavaluru,Rear End Collision, Lorry hit Tractor,Lorry,Minor injury,Over speed,Four lanes or more with central divider,Straight road,,Light rain,AP05T 1429,YES,Grevious,0
29.09.2012,4:20 PM,1355.5,RHS,Rural,Kodavaluru,Rear End Collision, Lorry hit Tractor,Lorry,Minor injury,Over speed,Four lanes or more with central divider,Straight road,,Light rain,AP05T 1429,YES,Minor,1
29.09.2012,4:20 PM,1355.5,RHS,Rural,Kodavaluru,Rear End Collision, Lorry hit Tractor,Lorry,Minor injury,Over speed,Four lanes or more with central divider,Straight road,,Light rain,AP05T 1429,YES,Non injured ,8
29.09.2012,4:20 PM,1355.5,RHS,Rural,Kodavaluru,Rear End Collision, Lorry hit Tractor,Lorry,Minor injury,Over speed,Four lanes or more with central divider,Straight road,,Light rain,AP05T 1429,YES,Animals affected,0
29.09.2012,6:28 PM,1237.3,RHS,Rural,Ongole,Collision Brush/Side Wipe, Car hit Median,Car,Non injury,Fault of driver of motor vehicle/driver of other vehicle/cyclist/pedestrian/passenger,Four lanes or more with central divider,Straight road,,Fine,AP27AD 4499,YES,Fatal,0
29.09.2012,6:28 PM,1237.3,RHS,Rural,Ongole,Collision Brush/Side Wipe, Car hit Median,Car,Non injury,Fault of driver of motor vehicle/driver of other vehicle/cyclist/pedestrian/passenger,Four lanes or more with central divider,Straight road,,Fine,AP27AD 4499,YES,Grevious,0
29.09.2012,6:28 PM,1237.3,RHS,Rural,Ongole,Collision Brush/Side Wipe, Car hit Median,Car,Non injury,Fault of driver of motor vehicle/driver of other vehicle/cyclist/pedestrian/passenger,Four lanes or more with central divider,Straight road,,Fine,AP27AD 4499,YES,Minor,0
29.09.2012,6:28 PM,1237.3,RHS,Rural,Ongole,Collision Brush/Side Wipe, Car hit Median,Car,Non injury,Fault of driver of motor vehicle/driver of other vehicle/cyclist/pedestrian/passenger,Four lanes or more with central divider,Straight road,,Fine,AP27AD 4499,YES,Non injured ,3
29.09.2012,6:28 PM,1237.3,RHS,Rural,Ongole,Collision Brush/Side Wipe, Car hit Median,Car,Non injury,Fault of driver of motor vehicle/driver of other vehicle/cyclist/pedestrian/passenger,Four lanes or more with central divider,Straight road,,Fine,AP27AD 4499,YES,Animals affected,0
29.09.2012,9:10 PM,1200.2,RHS,Rural,Reningavaram,Collision Brush/Side Wipe, Bus hit Safety wall,Bus,Non injury,Over speed,Four lanes or more with central divider,Straight road,,Fine,AP12 Z 2281,YES,Fatal,0
29.09.2012,9:10 PM,1200.2,RHS,Rural,Reningavaram,Collision Brush/Side Wipe, Bus hit Safety wall,Bus,Non injury,Over speed,Four lanes or more with central divider,Straight road,,Fine,AP12 Z 2281,YES,Grevious,0
29.09.2012,9:10 PM,1200.2,RHS,Rural,Reningavaram,Collision Brush/Side Wipe, Bus hit Safety wall,Bus,Non injury,Over speed,Four lanes or more with central divider,Straight road,,Fine,AP12 Z 2281,YES,Minor,0
29.09.2012,9:10 PM,1200.2,RHS,Rural,Reningavaram,Collision Brush/Side Wipe, Bus hit Safety wall,Bus,Non injury,Over speed,Four lanes or more with central divider,Straight road,,Fine,AP12 Z 2281,YES,Non injured ,22
29.09.2012,9:10 PM,1200.2,RHS,Rural,Reningavaram,Collision Brush/Side Wipe, Bus hit Safety wall,Bus,Non injury,Over speed,Four lanes or more with central divider,Straight road,,Fine,AP12 Z 2281,YES,Animals affected,0
29.09.2012,11:10 PM,1196.1,LHS,Rural,Martur,Rear End Collision, Lorry hit Unknown Vehicle,Lorry,Grievious injury,Over speed,Four lanes or more with central divider,Straight road,,Fine,TN48E  2277,YES,Fatal,0
29.09.2012,11:10 PM,1196.1,LHS,Rural,Martur,Rear End Collision, Lorry hit Unknown Vehicle,Lorry,Grievious injury,Over speed,Four lanes or more with central divider,Straight road,,Fine,TN48E  2277,YES,Grevious,1
29.09.2012,11:10 PM,1196.1,LHS,Rural,Martur,Rear End Collision, Lorry hit Unknown Vehicle,Lorry,Grievious injury,Over speed,Four lanes or more with central divider,Straight road,,Fine,TN48E  2277,YES,Minor,0
29.09.2012,11:10 PM,1196.1,LHS,Rural,Martur,Rear End Collision, Lorry hit Unknown Vehicle,Lorry,Grievious injury,Over speed,Four lanes or more with central divider,Straight road,,Fine,TN48E  2277,YES,Non injured ,1
29.09.2012,11:10 PM,1196.1,LHS,Rural,Martur,Rear End Collision, Lorry hit Unknown Vehicle,Lorry,Grievious injury,Over speed,Four lanes or more with central divider,Straight road,,Fine,TN48E  2277,YES,Animals affected,0
30.09.2012,5:00 AM,1305.6,RHS,Rural,Gudluru,Rear End Collision,Lorry hit Metal beam Crash barrier ,Lorry,Non injury,Over speed,Four lanes or more with central divider,Straight road,,Fine,AP07TW   2277,YES,Fatal,0
30.09.2012,5:00 AM,1305.6,RHS,Rural,Gudluru,Rear End Collision,Lorry hit Metal beam Crash barrier ,Lorry,Non injury,Over speed,Four lanes or more with central divider,Straight road,,Fine,AP07TW   2277,YES,Grevious,0
30.09.2012,5:00 AM,1305.6,RHS,Rural,Gudluru,Rear End Collision,Lorry hit Metal beam Crash barrier ,Lorry,Non injury,Over speed,Four lanes or more with central divider,Straight road,,Fine,AP07TW   2277,YES,Minor,0
30.09.2012,5:00 AM,1305.6,RHS,Rural,Gudluru,Rear End Collision,Lorry hit Metal beam Crash barrier ,Lorry,Non injury,Over speed,Four lanes or more with central divider,Straight road,,Fine,AP07TW   2277,YES,Non injured ,2
30.09.2012,5:00 AM,1305.6,RHS,Rural,Gudluru,Rear End Collision,Lorry hit Metal beam Crash barrier ,Lorry,Non injury,Over speed,Four lanes or more with central divider,Straight road,,Fine,AP07TW   2277,YES,Animals affected,0
30.09.2012,6:30 AM,1194.1,RHS,Rural,Martur,Collision Brush/Side Wipe,Car hit Safety wall,Car,Minor injury,Fault of driver of motor vehicle/driver of other vehicle/cyclist/pedestrian/passenger,Four lanes or more with central divider,Straight road,,Fine,OR15N 1862,YES,Fatal,0
30.09.2012,6:30 AM,1194.1,RHS,Rural,Martur,Collision Brush/Side Wipe,Car hit Safety wall,Car,Minor injury,Fault of driver of motor vehicle/driver of other vehicle/cyclist/pedestrian/passenger,Four lanes or more with central divider,Straight road,,Fine,OR15N 1862,YES,Grevious,0
30.09.2012,6:30 AM,1194.1,RHS,Rural,Martur,Collision Brush/Side Wipe,Car hit Safety wall,Car,Minor injury,Fault of driver of motor vehicle/driver of other vehicle/cyclist/pedestrian/passenger,Four lanes or more with central divider,Straight road,,Fine,OR15N 1862,YES,Minor,1
30.09.2012,6:30 AM,1194.1,RHS,Rural,Martur,Collision Brush/Side Wipe,Car hit Safety wall,Car,Minor injury,Fault of driver of motor vehicle/driver of other vehicle/cyclist/pedestrian/passenger,Four lanes or more with central divider,Straight road,,Fine,OR15N 1862,YES,Non injured ,2
30.09.2012,6:30 AM,1194.1,RHS,Rural,Martur,Collision Brush/Side Wipe,Car hit Safety wall,Car,Minor injury,Fault of driver of motor vehicle/driver of other vehicle/cyclist/pedestrian/passenger,Four lanes or more with central divider,Straight road,,Fine,OR15N 1862,YES,Animals affected,0
30.09.2012,6:00 PM,1313.6,RHS,Rural,Kavali,Collision Brush/Side Wipe,Car hit Median,Car,Non injury,Over speed,Four lanes or more with central divider,Straight road,,Fine,AP16BS   4626,YES,Fatal,0
30.09.2012,6:00 PM,1313.6,RHS,Rural,Kavali,Collision Brush/Side Wipe,Car hit Median,Car,Non injury,Over speed,Four lanes or more with central divider,Straight road,,Fine,AP16BS   4626,YES,Grevious,0
30.09.2012,6:00 PM,1313.6,RHS,Rural,Kavali,Collision Brush/Side Wipe,Car hit Median,Car,Non injury,Over speed,Four lanes or more with central divider,Straight road,,Fine,AP16BS   4626,YES,Minor,0
30.09.2012,6:00 PM,1313.6,RHS,Rural,Kavali,Collision Brush/Side Wipe,Car hit Median,Car,Non injury,Over speed,Four lanes or more with central divider,Straight road,,Fine,AP16BS   4626,YES,Non injured ,2
30.09.2012,6:00 PM,1313.6,RHS,Rural,Kavali,Collision Brush/Side Wipe,Car hit Median,Car,Non injury,Over speed,Four lanes or more with central divider,Straight road,,Fine,AP16BS   4626,YES,Animals affected,0
01.10.2012,4:05 AM,1356.8,LHS,Rural,Kodavaluru,Rear End Collision,Mini Bus hit  Unknown vehicle,Lorry,Grievious injury,Over speed,Four lanes or more with central divider,Straight road,,Fine,AP26Y    1666,YES,Fatal,0
01.10.2012,4:05 AM,1356.8,LHS,Rural,Kodavaluru,Rear End Collision,Mini Bus hit  Unknown vehicle,Lorry,Grievious injury,Over speed,Four lanes or more with central divider,Straight road,,Fine,AP26Y    1666,YES,Grevious,1
01.10.2012,4:05 AM,1356.8,LHS,Rural,Kodavaluru,Rear End Collision,Mini Bus hit  Unknown vehicle,Lorry,Grievious injury,Over speed,Four lanes or more with central divider,Straight road,,Fine,AP26Y    1666,YES,Minor,7
01.10.2012,4:05 AM,1356.8,LHS,Rural,Kodavaluru,Rear End Collision,Mini Bus hit  Unknown vehicle,Lorry,Grievious injury,Over speed,Four lanes or more with central divider,Straight road,,Fine,AP26Y    1666,YES,Non injured ,0
01.10.2012,4:05 AM,1356.8,LHS,Rural,Kodavaluru,Rear End Collision,Mini Bus hit  Unknown vehicle,Lorry,Grievious injury,Over speed,Four lanes or more with central divider,Straight road,,Fine,AP26Y    1666,YES,Animals affected,0
01.10.2012,6:45 AM,1307.3,LHS,Rural,Gudluru,Rear End Collision,Car hit RTC bus,Car,Minor injury,Over speed,Four lanes or more with central divider,Straight road,Four arm junction,Cloudy,AP29TB 3941,YES,Fatal,0
01.10.2012,6:45 AM,1307.3,LHS,Rural,Gudluru,Rear End Collision,Car hit RTC bus,Car,Minor injury,Over speed,Four lanes or more with central divider,Straight road,Four arm junction,Cloudy,AP29TB 3941,YES,Grevious,0
01.10.2012,6:45 AM,1307.3,LHS,Rural,Gudluru,Rear End Collision,Car hit RTC bus,Car,Minor injury,Over speed,Four lanes or more with central divider,Straight road,Four arm junction,Cloudy,AP29TB 3941,YES,Minor,7
01.10.2012,6:45 AM,1307.3,LHS,Rural,Gudluru,Rear End Collision,Car hit RTC bus,Car,Minor injury,Over speed,Four lanes or more with central divider,Straight road,Four arm junction,Cloudy,AP29TB 3941,YES,Non injured ,3
01.10.2012,6:45 AM,1307.3,LHS,Rural,Gudluru,Rear End Collision,Car hit RTC bus,Car,Minor injury,Over speed,Four lanes or more with central divider,Straight road,Four arm junction,Cloudy,AP29TB 3941,YES,Animals affected,0
01.10.2012,7:00 AM,1302.5,LHS,Rural,Gudluru,Rear End Collision, Lorry hit Lorry,Lorry,Non injury,Over speed,Two lanes,Straight road,,Cloudy,TN04AP 0313,YES,Fatal,0
01.10.2012,7:00 AM,1302.5,LHS,Rural,Gudluru,Rear End Collision, Lorry hit Lorry,Lorry,Non injury,Over speed,Two lanes,Straight road,,Cloudy,TN04AP 0313,YES,Grevious,0
01.10.2012,7:00 AM,1302.5,LHS,Rural,Gudluru,Rear End Collision, Lorry hit Lorry,Lorry,Non injury,Over speed,Two lanes,Straight road,,Cloudy,TN04AP 0313,YES,Minor,0
01.10.2012,7:00 AM,1302.5,LHS,Rural,Gudluru,Rear End Collision, Lorry hit Lorry,Lorry,Non injury,Over speed,Two lanes,Straight road,,Cloudy,TN04AP 0313,YES,Non injured ,4
01.10.2012,7:00 AM,1302.5,LHS,Rural,Gudluru,Rear End Collision, Lorry hit Lorry,Lorry,Non injury,Over speed,Two lanes,Straight road,,Cloudy,TN04AP 0313,YES,Animals affected,0
01.10.2012,11:15 AM,1192.2,LHS,Rural,Martur,Rear End Collision,Car hit Auto,Car,Grievious injury,Over speed,Four lanes or more with central divider,Straight road,,Fine,AP09BK 4599,YES,Fatal,0
01.10.2012,11:15 AM,1192.2,LHS,Rural,Martur,Rear End Collision,Car hit Auto,Car,Grievious injury,Over speed,Four lanes or more with central divider,Straight road,,Fine,AP09BK 4599,YES,Grevious,1
01.10.2012,11:15 AM,1192.2,LHS,Rural,Martur,Rear End Collision,Car hit Auto,Car,Grievious injury,Over speed,Four lanes or more with central divider,Straight road,,Fine,AP09BK 4599,YES,Minor,1
01.10.2012,11:15 AM,1192.2,LHS,Rural,Martur,Rear End Collision,Car hit Auto,Car,Grievious injury,Over speed,Four lanes or more with central divider,Straight road,,Fine,AP09BK 4599,YES,Non injured ,4
01.10.2012,11:15 AM,1192.2,LHS,Rural,Martur,Rear End Collision,Car hit Auto,Car,Grievious injury,Over speed,Four lanes or more with central divider,Straight road,,Fine,AP09BK 4599,YES,Animals affected,0
02.10.2012,11:45 AM,1280,RHS,Rural,Singarayakonda,Rear End Collision,Lorry hit Safety wall ,Lorry,Grievious injury,Fault of driver of motor vehicle/driver of other vehicle/cyclist/pedestrian/passenger,Four lanes or more with central divider,Sharp curve,,Fine,RJ11G 3252,YES,Fatal,0
02.10.2012,11:45 AM,1280,RHS,Rural,Singarayakonda,Rear End Collision,Lorry hit Safety wall ,Lorry,Grievious injury,Fault of driver of motor vehicle/driver of other vehicle/cyclist/pedestrian/passenger,Four lanes or more with central divider,Sharp curve,,Fine,RJ11G 3252,YES,Grevious,1
02.10.2012,11:45 AM,1280,RHS,Rural,Singarayakonda,Rear End Collision,Lorry hit Safety wall ,Lorry,Grievious injury,Fault of driver of motor vehicle/driver of other vehicle/cyclist/pedestrian/passenger,Four lanes or more with central divider,Sharp curve,,Fine,RJ11G 3252,YES,Minor,1
02.10.2012,11:45 AM,1280,RHS,Rural,Singarayakonda,Rear End Collision,Lorry hit Safety wall ,Lorry,Grievious injury,Fault of driver of motor vehicle/driver of other vehicle/cyclist/pedestrian/passenger,Four lanes or more with central divider,Sharp curve,,Fine,RJ11G 3252,YES,Non injured ,0
02.10.2012,11:45 AM,1280,RHS,Rural,Singarayakonda,Rear End Collision,Lorry hit Safety wall ,Lorry,Grievious injury,Fault of driver of motor vehicle/driver of other vehicle/cyclist/pedestrian/passenger,Four lanes or more with central divider,Sharp curve,,Fine,RJ11G 3252,YES,Animals affected,0
02.10.2012,3:45 PM,1239,LHS,Rural,Ongole,Overturning,Auto   Over turned,Auto,Grievious injury,Over speed,Four lanes or more with central divider,Straight road,,Fine,AP27W 8846,YES,Fatal,0
02.10.2012,3:45 PM,1239,LHS,Rural,Ongole,Overturning,Auto   Over turned,Auto,Grievious injury,Over speed,Four lanes or more with central divider,Straight road,,Fine,AP27W 8846,YES,Grevious,1
02.10.2012,3:45 PM,1239,LHS,Rural,Ongole,Overturning,Auto   Over turned,Auto,Grievious injury,Over speed,Four lanes or more with central divider,Straight road,,Fine,AP27W 8846,YES,Minor,1
02.10.2012,3:45 PM,1239,LHS,Rural,Ongole,Overturning,Auto   Over turned,Auto,Grievious injury,Over speed,Four lanes or more with central divider,Straight road,,Fine,AP27W 8846,YES,Non injured ,4
02.10.2012,3:45 PM,1239,LHS,Rural,Ongole,Overturning,Auto   Over turned,Auto,Grievious injury,Over speed,Four lanes or more with central divider,Straight road,,Fine,AP27W 8846,YES,Animals affected,0
03.10.2012,1:20 AM,1196.7,RHS,Rural,Martur,Overturning,Lorry     Overturned,Lorry,Minor injury,Over speed,Four lanes or more with central divider,Straight road,,Fine,AP20TA     3035,YES,Fatal,0
03.10.2012,1:20 AM,1196.7,RHS,Rural,Martur,Overturning,Lorry     Overturned,Lorry,Minor injury,Over speed,Four lanes or more with central divider,Straight road,,Fine,AP20TA     3035,YES,Grevious,0
03.10.2012,1:20 AM,1196.7,RHS,Rural,Martur,Overturning,Lorry     Overturned,Lorry,Minor injury,Over speed,Four lanes or more with central divider,Straight road,,Fine,AP20TA     3035,YES,Minor,1
03.10.2012,1:20 AM,1196.7,RHS,Rural,Martur,Overturning,Lorry     Overturned,Lorry,Minor injury,Over speed,Four lanes or more with central divider,Straight road,,Fine,AP20TA     3035,YES,Non injured ,1
03.10.2012,1:20 AM,1196.7,RHS,Rural,Martur,Overturning,Lorry     Overturned,Lorry,Minor injury,Over speed,Four lanes or more with central divider,Straight road,,Fine,AP20TA     3035,YES,Animals affected,0
04.10.2012,12:59 AM,1287.7,RHS,Rural,Ulavapadu,Collision Brush/Side Wipe,Car hit   Median,Car,Non injury,Fault of driver of motor vehicle/driver of other vehicle/cyclist/pedestrian/passenger,Three lanes or more without central divider(median),Straight road,Four arm junction,Fine,AP03V    7137,YES,Fatal,0
04.10.2012,12:59 AM,1287.7,RHS,Rural,Ulavapadu,Collision Brush/Side Wipe,Car hit   Median,Car,Non injury,Fault of driver of motor vehicle/driver of other vehicle/cyclist/pedestrian/passenger,Three lanes or more without central divider(median),Straight road,Four arm junction,Fine,AP03V    7137,YES,Grevious,0
04.10.2012,12:59 AM,1287.7,RHS,Rural,Ulavapadu,Collision Brush/Side Wipe,Car hit   Median,Car,Non injury,Fault of driver of motor vehicle/driver of other vehicle/cyclist/pedestrian/passenger,Three lanes or more without central divider(median),Straight road,Four arm junction,Fine,AP03V    7137,YES,Minor,0
04.10.2012,12:59 AM,1287.7,RHS,Rural,Ulavapadu,Collision Brush/Side Wipe,Car hit   Median,Car,Non injury,Fault of driver of motor vehicle/driver of other vehicle/cyclist/pedestrian/passenger,Three lanes or more without central divider(median),Straight road,Four arm junction,Fine,AP03V    7137,YES,Non injured ,2
04.10.2012,12:59 AM,1287.7,RHS,Rural,Ulavapadu,Collision Brush/Side Wipe,Car hit   Median,Car,Non injury,Fault of driver of motor vehicle/driver of other vehicle/cyclist/pedestrian/passenger,Three lanes or more without central divider(median),Straight road,Four arm junction,Fine,AP03V    7137,YES,Animals affected,0
04.10.2012,1:00 AM,1311.6,LHS,Rural,Kavali,Rear End Collision,Car hit    Lorry,Car,Grievious injury,Fault of driver of motor vehicle/driver of other vehicle/cyclist/pedestrian/passenger,Four lanes or more with central divider,Slight curve,,Fine,AP26TV    4235,YES,Fatal,0
04.10.2012,1:00 AM,1311.6,LHS,Rural,Kavali,Rear End Collision,Car hit    Lorry,Car,Grievious injury,Fault of driver of motor vehicle/driver of other vehicle/cyclist/pedestrian/passenger,Four lanes or more with central divider,Slight curve,,Fine,AP26TV    4235,YES,Grevious,1
04.10.2012,1:00 AM,1311.6,LHS,Rural,Kavali,Rear End Collision,Car hit    Lorry,Car,Grievious injury,Fault of driver of motor vehicle/driver of other vehicle/cyclist/pedestrian/passenger,Four lanes or more with central divider,Slight curve,,Fine,AP26TV    4235,YES,Minor,0
04.10.2012,1:00 AM,1311.6,LHS,Rural,Kavali,Rear End Collision,Car hit    Lorry,Car,Grievious injury,Fault of driver of motor vehicle/driver of other vehicle/cyclist/pedestrian/passenger,Four lanes or more with central divider,Slight curve,,Fine,AP26TV    4235,YES,Non injured ,1
04.10.2012,1:00 AM,1311.6,LHS,Rural,Kavali,Rear End Collision,Car hit    Lorry,Car,Grievious injury,Fault of driver of motor vehicle/driver of other vehicle/cyclist/pedestrian/passenger,Four lanes or more with central divider,Slight curve,,Fine,AP26TV    4235,YES,Animals affected,0
04.10.2012,1:55 AM,1193.3,LHS,Rural,Martur,Rear End Collision,Acid Tanker hit Continer vehicle,Tanker,Non injury,Fault of driver of motor vehicle/driver of other vehicle/cyclist/pedestrian/passenger,Four lanes or more with central divider,Straight road,,Fine,TN31AC   1955,YES,Fatal,0
04.10.2012,1:55 AM,1193.3,LHS,Rural,Martur,Rear End Collision,Acid Tanker hit Continer vehicle,Tanker,Non injury,Fault of driver of motor vehicle/driver of other vehicle/cyclist/pedestrian/passenger,Four lanes or more with central divider,Straight road,,Fine,TN31AC   1955,YES,Grevious,0
04.10.2012,1:55 AM,1193.3,LHS,Rural,Martur,Rear End Collision,Acid Tanker hit Continer vehicle,Tanker,Non injury,Fault of driver of motor vehicle/driver of other vehicle/cyclist/pedestrian/passenger,Four lanes or more with central divider,Straight road,,Fine,TN31AC   1955,YES,Minor,0
04.10.2012,1:55 AM,1193.3,LHS,Rural,Martur,Rear End Collision,Acid Tanker hit Continer vehicle,Tanker,Non injury,Fault of driver of motor vehicle/driver of other vehicle/cyclist/pedestrian/passenger,Four lanes or more with central divider,Straight road,,Fine,TN31AC   1955,YES,Non injured ,4
04.10.2012,1:55 AM,1193.3,LHS,Rural,Martur,Rear End Collision,Acid Tanker hit Continer vehicle,Tanker,Non injury,Fault of driver of motor vehicle/driver of other vehicle/cyclist/pedestrian/passenger,Four lanes or more with central divider,Straight road,,Fine,TN31AC   1955,YES,Animals affected,0
04.10.2012,6:00 AM,1253.7,LHS,Rural,Ongole,Head on collision,Unknown vehicle hit  Pedestrian,Unknown,Grievious injury,Over speed,Four lanes or more with central divider,Sharp curve,,Fine,Unknown  Vehicle,YES,Fatal,0
04.10.2012,6:00 AM,1253.7,LHS,Rural,Ongole,Head on collision,Unknown vehicle hit  Pedestrian,Unknown,Grievious injury,Over speed,Four lanes or more with central divider,Sharp curve,,Fine,Unknown  Vehicle,YES,Grevious,1
04.10.2012,6:00 AM,1253.7,LHS,Rural,Ongole,Head on collision,Unknown vehicle hit  Pedestrian,Unknown,Grievious injury,Over speed,Four lanes or more with central divider,Sharp curve,,Fine,Unknown  Vehicle,YES,Minor,0
04.10.2012,6:00 AM,1253.7,LHS,Rural,Ongole,Head on collision,Unknown vehicle hit  Pedestrian,Unknown,Grievious injury,Over speed,Four lanes or more with central divider,Sharp curve,,Fine,Unknown  Vehicle,YES,Non injured ,0
04.10.2012,6:00 AM,1253.7,LHS,Rural,Ongole,Head on collision,Unknown vehicle hit  Pedestrian,Unknown,Grievious injury,Over speed,Four lanes or more with central divider,Sharp curve,,Fine,Unknown  Vehicle,YES,Animals affected,0
04.10.2012,12:20 PM,1230.6,LHS,Rural,Maddipadu,Rear End Collision,Lorry hit  Median,Lorry,Non injury,Over speed,Four lanes or more with central divider,Straight road,,Fine,AP24TA   3259,YES,Fatal,0
04.10.2012,12:20 PM,1230.6,LHS,Rural,Maddipadu,Rear End Collision,Lorry hit  Median,Lorry,Non injury,Over speed,Four lanes or more with central divider,Straight road,,Fine,AP24TA   3259,YES,Grevious,0
04.10.2012,12:20 PM,1230.6,LHS,Rural,Maddipadu,Rear End Collision,Lorry hit  Median,Lorry,Non injury,Over speed,Four lanes or more with central divider,Straight road,,Fine,AP24TA   3259,YES,Minor,0
04.10.2012,12:20 PM,1230.6,LHS,Rural,Maddipadu,Rear End Collision,Lorry hit  Median,Lorry,Non injury,Over speed,Four lanes or more with central divider,Straight road,,Fine,AP24TA   3259,YES,Non injured ,2