Operational date,Time of Accident,KM && M,Position,Rural/Urban,Location,Nature of Accident Position,Nature of Accident,Vehicle Involved,Type of Accident,Causes,Road Feature,Road condition,Intersection Type And Control,Weather Condition,Vehicle Responsible,Help Provided by Ambulance/Patroling Vehicle,Classification of Accident,No of Affected Persons
04.10.2012,12:20 PM,1230.6,LHS,Rural,Maddipadu,Rear End Collision,Lorry hit  Median,Lorry,Non injury,Over speed,Four lanes or more with central divider,Straight road,,Fine,AP24TA   3259,YES,Animals affected,0
05.10.2012,2:30 AM,1335.1,LHS,Rural,K.Tippa ,Rear End Collision,Lorry hit Safety wall ,Lorry,Non injury,Over speed,Four lanes or more with central divider,Straight road,,Fine,AP05W   5463,YES,Fatal,0
05.10.2012,2:30 AM,1335.1,LHS,Rural,K.Tippa ,Rear End Collision,Lorry hit Safety wall ,Lorry,Non injury,Over speed,Four lanes or more with central divider,Straight road,,Fine,AP05W   5463,YES,Grevious,0
05.10.2012,2:30 AM,1335.1,LHS,Rural,K.Tippa ,Rear End Collision,Lorry hit Safety wall ,Lorry,Non injury,Over speed,Four lanes or more with central divider,Straight road,,Fine,AP05W   5463,YES,Minor,0
05.10.2012,2:30 AM,1335.1,LHS,Rural,K.Tippa ,Rear End Collision,Lorry hit Safety wall ,Lorry,Non injury,Over speed,Four lanes or more with central divider,Straight road,,Fine,AP05W   5463,YES,Non injured ,2
05.10.2012,2:30 AM,1335.1,LHS,Rural,K.Tippa ,Rear End Collision,Lorry hit Safety wall ,Lorry,Non injury,Over speed,Four lanes or more with central divider,Straight road,,Fine,AP05W   5463,YES,Animals affected,0
05.10.2012,5:00 AM,1275.4,RHS,Rural,Singarayakonda,Overturning,Lorry     Overturned,Lorry,Non injury,Over speed,Four lanes or more with central divider,Straight road,,Fine,AP27TT   7999,YES,Fatal,0
05.10.2012,5:00 AM,1275.4,RHS,Rural,Singarayakonda,Overturning,Lorry     Overturned,Lorry,Non injury,Over speed,Four lanes or more with central divider,Straight road,,Fine,AP27TT   7999,YES,Grevious,0
05.10.2012,5:00 AM,1275.4,RHS,Rural,Singarayakonda,Overturning,Lorry     Overturned,Lorry,Non injury,Over speed,Four lanes or more with central divider,Straight road,,Fine,AP27TT   7999,YES,Minor,0
05.10.2012,5:00 AM,1275.4,RHS,Rural,Singarayakonda,Overturning,Lorry     Overturned,Lorry,Non injury,Over speed,Four lanes or more with central divider,Straight road,,Fine,AP27TT   7999,YES,Non injured ,2
05.10.2012,5:00 AM,1275.4,RHS,Rural,Singarayakonda,Overturning,Lorry     Overturned,Lorry,Non injury,Over speed,Four lanes or more with central divider,Straight road,,Fine,AP27TT   7999,YES,Animals affected,0
05.10.2012,5:20 AM,1202.6,RHS,Rural,Reningavaram,Rear End Collision,Auto hit  Safety wall,Auto,Non injury,Over speed,Four lanes or more with central divider,Straight road,,Fine,AP07Y 9219,YES,Fatal,0
05.10.2012,5:20 AM,1202.6,RHS,Rural,Reningavaram,Rear End Collision,Auto hit  Safety wall,Auto,Non injury,Over speed,Four lanes or more with central divider,Straight road,,Fine,AP07Y 9219,YES,Grevious,0
05.10.2012,5:20 AM,1202.6,RHS,Rural,Reningavaram,Rear End Collision,Auto hit  Safety wall,Auto,Non injury,Over speed,Four lanes or more with central divider,Straight road,,Fine,AP07Y 9219,YES,Minor,0
05.10.2012,5:20 AM,1202.6,RHS,Rural,Reningavaram,Rear End Collision,Auto hit  Safety wall,Auto,Non injury,Over speed,Four lanes or more with central divider,Straight road,,Fine,AP07Y 9219,YES,Non injured ,4
05.10.2012,5:20 AM,1202.6,RHS,Rural,Reningavaram,Rear End Collision,Auto hit  Safety wall,Auto,Non injury,Over speed,Four lanes or more with central divider,Straight road,,Fine,AP07Y 9219,YES,Animals affected,0
05.10.2012,6:00 PM,1229.4,LHS,Rural,Maddipadu,Overturning,Auto   Over turned,Auto,Minor injury,Over speed,Four lanes or more with central divider,Straight road,,Fine,AP27Y   9782,YES,Fatal,0
05.10.2012,6:00 PM,1229.4,LHS,Rural,Maddipadu,Overturning,Auto   Over turned,Auto,Minor injury,Over speed,Four lanes or more with central divider,Straight road,,Fine,AP27Y   9782,YES,Grevious,0
05.10.2012,6:00 PM,1229.4,LHS,Rural,Maddipadu,Overturning,Auto   Over turned,Auto,Minor injury,Over speed,Four lanes or more with central divider,Straight road,,Fine,AP27Y   9782,YES,Minor,2
05.10.2012,6:00 PM,1229.4,LHS,Rural,Maddipadu,Overturning,Auto   Over turned,Auto,Minor injury,Over speed,Four lanes or more with central divider,Straight road,,Fine,AP27Y   9782,YES,Non injured ,2
05.10.2012,6:00 PM,1229.4,LHS,Rural,Maddipadu,Overturning,Auto   Over turned,Auto,Minor injury,Over speed,Four lanes or more with central divider,Straight road,,Fine,AP27Y   9782,YES,Animals affected,0
06.10.2012,6:00 PM,1310.6,LHS,Rural,Kavali,Overturning,Tractor  Over Turned,Tractor,Non injury,Over speed,Four lanes or more with central divider,Straight road,,Fine,AP27TU    5533,YES,Fatal,0
06.10.2012,6:00 PM,1310.6,LHS,Rural,Kavali,Overturning,Tractor  Over Turned,Tractor,Non injury,Over speed,Four lanes or more with central divider,Straight road,,Fine,AP27TU    5533,YES,Grevious,0
06.10.2012,6:00 PM,1310.6,LHS,Rural,Kavali,Overturning,Tractor  Over Turned,Tractor,Non injury,Over speed,Four lanes or more with central divider,Straight road,,Fine,AP27TU    5533,YES,Minor,0
06.10.2012,6:00 PM,1310.6,LHS,Rural,Kavali,Overturning,Tractor  Over Turned,Tractor,Non injury,Over speed,Four lanes or more with central divider,Straight road,,Fine,AP27TU    5533,YES,Non injured ,2
06.10.2012,6:00 PM,1310.6,LHS,Rural,Kavali,Overturning,Tractor  Over Turned,Tractor,Non injury,Over speed,Four lanes or more with central divider,Straight road,,Fine,AP27TU    5533,YES,Animals affected,0
06.10.2012,9:10 PM,1263.8,RHS,Rural,Tangutur,Skidding,Bike Skidding,Bike,Minor injury,Over speed,Four lanes or more with central divider,Straight road,,Fine,AP27M     4472,YES,Fatal,0
06.10.2012,9:10 PM,1263.8,RHS,Rural,Tangutur,Skidding,Bike Skidding,Bike,Minor injury,Over speed,Four lanes or more with central divider,Straight road,,Fine,AP27M     4472,YES,Grevious,0
06.10.2012,9:10 PM,1263.8,RHS,Rural,Tangutur,Skidding,Bike Skidding,Bike,Minor injury,Over speed,Four lanes or more with central divider,Straight road,,Fine,AP27M     4472,YES,Minor,2
06.10.2012,9:10 PM,1263.8,RHS,Rural,Tangutur,Skidding,Bike Skidding,Bike,Minor injury,Over speed,Four lanes or more with central divider,Straight road,,Fine,AP27M     4472,YES,Non injured ,0
06.10.2012,9:10 PM,1263.8,RHS,Rural,Tangutur,Skidding,Bike Skidding,Bike,Minor injury,Over speed,Four lanes or more with central divider,Straight road,,Fine,AP27M     4472,YES,Animals affected,0
07.10.2012,4:50 AM,1350.2,RHS,Rural,Kodavaluru,Rear End Collision,Lorry hit Lorry,Lorry,Grievious injury,Over speed,Four lanes or more with central divider,Straight road,,Fine,AP27Y    9119,YES,Fatal,0
07.10.2012,4:50 AM,1350.2,RHS,Rural,Kodavaluru,Rear End Collision,Lorry hit Lorry,Lorry,Grievious injury,Over speed,Four lanes or more with central divider,Straight road,,Fine,AP27Y    9119,YES,Grevious,1
07.10.2012,4:50 AM,1350.2,RHS,Rural,Kodavaluru,Rear End Collision,Lorry hit Lorry,Lorry,Grievious injury,Over speed,Four lanes or more with central divider,Straight road,,Fine,AP27Y    9119,YES,Minor,1
07.10.2012,4:50 AM,1350.2,RHS,Rural,Kodavaluru,Rear End Collision,Lorry hit Lorry,Lorry,Grievious injury,Over speed,Four lanes or more with central divider,Straight road,,Fine,AP27Y    9119,YES,Non injured ,2
07.10.2012,4:50 AM,1350.2,RHS,Rural,Kodavaluru,Rear End Collision,Lorry hit Lorry,Lorry,Grievious injury,Over speed,Four lanes or more with central divider,Straight road,,Fine,AP27Y    9119,YES,Animals affected,0
07.10.2012,6:00 AM,1287.6,RHS,Rural,Ulavapadu,Rear End Collision,Lorry hit Safety wall ,Lorry,Non injury,Over speed,Four lanes or more with central divider,Straight road,,Fine,AP16TV    3600,YES,Fatal,0
07.10.2012,6:00 AM,1287.6,RHS,Rural,Ulavapadu,Rear End Collision,Lorry hit Safety wall ,Lorry,Non injury,Over speed,Four lanes or more with central divider,Straight road,,Fine,AP16TV    3600,YES,Grevious,0
07.10.2012,6:00 AM,1287.6,RHS,Rural,Ulavapadu,Rear End Collision,Lorry hit Safety wall ,Lorry,Non injury,Over speed,Four lanes or more with central divider,Straight road,,Fine,AP16TV    3600,YES,Minor,0
07.10.2012,6:00 AM,1287.6,RHS,Rural,Ulavapadu,Rear End Collision,Lorry hit Safety wall ,Lorry,Non injury,Over speed,Four lanes or more with central divider,Straight road,,Fine,AP16TV    3600,YES,Non injured ,2
07.10.2012,6:00 AM,1287.6,RHS,Rural,Ulavapadu,Rear End Collision,Lorry hit Safety wall ,Lorry,Non injury,Over speed,Four lanes or more with central divider,Straight road,,Fine,AP16TV    3600,YES,Animals affected,0
07.10.2012,4:28 PM,1340.4,RHS,Rural,Dagadarthi,Others(p1.Specific),Bike fall Down in Culvert,Bike,Fatal,Over speed,Four lanes or more with central divider,Straight road,,Fine,TN01A   0390,YES,Fatal,1
07.10.2012,4:28 PM,1340.4,RHS,Rural,Dagadarthi,Others(p1.Specific),Bike fall Down in Culvert,Bike,Fatal,Over speed,Four lanes or more with central divider,Straight road,,Fine,TN01A   0390,YES,Grevious,1
07.10.2012,4:28 PM,1340.4,RHS,Rural,Dagadarthi,Others(p1.Specific),Bike fall Down in Culvert,Bike,Fatal,Over speed,Four lanes or more with central divider,Straight road,,Fine,TN01A   0390,YES,Minor,0
07.10.2012,4:28 PM,1340.4,RHS,Rural,Dagadarthi,Others(p1.Specific),Bike fall Down in Culvert,Bike,Fatal,Over speed,Four lanes or more with central divider,Straight road,,Fine,TN01A   0390,YES,Non injured ,0
07.10.2012,4:28 PM,1340.4,RHS,Rural,Dagadarthi,Others(p1.Specific),Bike fall Down in Culvert,Bike,Fatal,Over speed,Four lanes or more with central divider,Straight road,,Fine,TN01A   0390,YES,Animals affected,0
07.10.2012,6:20 PM,1353,RHS,Urban,Kodavaluru,Collision Brush/Side Wipe,Unknown Vehicle hit Pedestrain,Unknown,Grievious injury,Over speed,Four lanes or more with central divider,Straight road,T-Junction,Fine,Unknown  Vehicle,YES,Fatal,0
07.10.2012,6:20 PM,1353,RHS,Urban,Kodavaluru,Collision Brush/Side Wipe,Unknown Vehicle hit Pedestrain,Unknown,Grievious injury,Over speed,Four lanes or more with central divider,Straight road,T-Junction,Fine,Unknown  Vehicle,YES,Grevious,1
07.10.2012,6:20 PM,1353,RHS,Urban,Kodavaluru,Collision Brush/Side Wipe,Unknown Vehicle hit Pedestrain,Unknown,Grievious injury,Over speed,Four lanes or more with central divider,Straight road,T-Junction,Fine,Unknown  Vehicle,YES,Minor,0
07.10.2012,6:20 PM,1353,RHS,Urban,Kodavaluru,Collision Brush/Side Wipe,Unknown Vehicle hit Pedestrain,Unknown,Grievious injury,Over speed,Four lanes or more with central divider,Straight road,T-Junction,Fine,Unknown  Vehicle,YES,Non injured ,0
07.10.2012,6:20 PM,1353,RHS,Urban,Kodavaluru,Collision Brush/Side Wipe,Unknown Vehicle hit Pedestrain,Unknown,Grievious injury,Over speed,Four lanes or more with central divider,Straight road,T-Junction,Fine,Unknown  Vehicle,YES,Animals affected,0
08.10.2012,1:20 AM,1326.5,RHS,Rural,Kavali,Rear End Collision,Lorry hit Safety wall ,Lorry,Non injury,Over speed,Four lanes or more with central divider,Straight road,,Fine,AP27X   2617,YES,Fatal,0
08.10.2012,1:20 AM,1326.5,RHS,Rural,Kavali,Rear End Collision,Lorry hit Safety wall ,Lorry,Non injury,Over speed,Four lanes or more with central divider,Straight road,,Fine,AP27X   2617,YES,Grevious,0
08.10.2012,1:20 AM,1326.5,RHS,Rural,Kavali,Rear End Collision,Lorry hit Safety wall ,Lorry,Non injury,Over speed,Four lanes or more with central divider,Straight road,,Fine,AP27X   2617,YES,Minor,0
08.10.2012,1:20 AM,1326.5,RHS,Rural,Kavali,Rear End Collision,Lorry hit Safety wall ,Lorry,Non injury,Over speed,Four lanes or more with central divider,Straight road,,Fine,AP27X   2617,YES,Non injured ,2
08.10.2012,1:20 AM,1326.5,RHS,Rural,Kavali,Rear End Collision,Lorry hit Safety wall ,Lorry,Non injury,Over speed,Four lanes or more with central divider,Straight road,,Fine,AP27X   2617,YES,Animals affected,0
08.10.2012,1:27 AM,1240.7,RHS,Rural,Ongole,Rear End Collision,Lorry hit  Trally,Lorry,Minor injury,Over speed,Four lanes or more with central divider,Straight road,,Fine,HR46C   2451,YES,Fatal,0
08.10.2012,1:27 AM,1240.7,RHS,Rural,Ongole,Rear End Collision,Lorry hit  Trally,Lorry,Minor injury,Over speed,Four lanes or more with central divider,Straight road,,Fine,HR46C   2451,YES,Grevious,0
08.10.2012,1:27 AM,1240.7,RHS,Rural,Ongole,Rear End Collision,Lorry hit  Trally,Lorry,Minor injury,Over speed,Four lanes or more with central divider,Straight road,,Fine,HR46C   2451,YES,Minor,1
08.10.2012,1:27 AM,1240.7,RHS,Rural,Ongole,Rear End Collision,Lorry hit  Trally,Lorry,Minor injury,Over speed,Four lanes or more with central divider,Straight road,,Fine,HR46C   2451,YES,Non injured ,2
08.10.2012,1:27 AM,1240.7,RHS,Rural,Ongole,Rear End Collision,Lorry hit  Trally,Lorry,Minor injury,Over speed,Four lanes or more with central divider,Straight road,,Fine,HR46C   2451,YES,Animals affected,0
08.10.2012,9:45 AM,1201,LHS,Rural,Reningavaram,Overturning,Car    Overturned,Car,Non injury,Over speed,Four lanes or more with central divider,Straight road,,Fine,AP21J    0042,YES,Fatal,0
08.10.2012,9:45 AM,1201,LHS,Rural,Reningavaram,Overturning,Car    Overturned,Car,Non injury,Over speed,Four lanes or more with central divider,Straight road,,Fine,AP21J    0042,YES,Grevious,0
08.10.2012,9:45 AM,1201,LHS,Rural,Reningavaram,Overturning,Car    Overturned,Car,Non injury,Over speed,Four lanes or more with central divider,Straight road,,Fine,AP21J    0042,YES,Minor,0
08.10.2012,9:45 AM,1201,LHS,Rural,Reningavaram,Overturning,Car    Overturned,Car,Non injury,Over speed,Four lanes or more with central divider,Straight road,,Fine,AP21J    0042,YES,Non injured ,2
08.10.2012,9:45 AM,1201,LHS,Rural,Reningavaram,Overturning,Car    Overturned,Car,Non injury,Over speed,Four lanes or more with central divider,Straight road,,Fine,AP21J    0042,YES,Animals affected,0
08.10.2012,7:30 PM,1339.2,LHS,Rural,Dagadarthi,Rear End Collision,Lorry hit   Car,Lorry,Non injury,Over speed,Four lanes or more with central divider,Straight road,,Fine,AP24X   2325,YES,Fatal,0
08.10.2012,7:30 PM,1339.2,LHS,Rural,Dagadarthi,Rear End Collision,Lorry hit   Car,Lorry,Non injury,Over speed,Four lanes or more with central divider,Straight road,,Fine,AP24X   2325,YES,Grevious,0
08.10.2012,7:30 PM,1339.2,LHS,Rural,Dagadarthi,Rear End Collision,Lorry hit   Car,Lorry,Non injury,Over speed,Four lanes or more with central divider,Straight road,,Fine,AP24X   2325,YES,Minor,0
08.10.2012,7:30 PM,1339.2,LHS,Rural,Dagadarthi,Rear End Collision,Lorry hit   Car,Lorry,Non injury,Over speed,Four lanes or more with central divider,Straight road,,Fine,AP24X   2325,YES,Non injured ,4
08.10.2012,7:30 PM,1339.2,LHS,Rural,Dagadarthi,Rear End Collision,Lorry hit   Car,Lorry,Non injury,Over speed,Four lanes or more with central divider,Straight road,,Fine,AP24X   2325,YES,Animals affected,0
10.10.2012,3:49 PM,1197.5,RHS,Rural,Martur,Collision Brush/Side Wipe,Bike hit Median,Bike,Grievious injury,Over speed,Four lanes or more with central divider,Straight road,,Fine,AP07AN   3767,YES,Fatal,0
10.10.2012,3:49 PM,1197.5,RHS,Rural,Martur,Collision Brush/Side Wipe,Bike hit Median,Bike,Grievious injury,Over speed,Four lanes or more with central divider,Straight road,,Fine,AP07AN   3767,YES,Grevious,1
10.10.2012,3:49 PM,1197.5,RHS,Rural,Martur,Collision Brush/Side Wipe,Bike hit Median,Bike,Grievious injury,Over speed,Four lanes or more with central divider,Straight road,,Fine,AP07AN   3767,YES,Minor,0
10.10.2012,3:49 PM,1197.5,RHS,Rural,Martur,Collision Brush/Side Wipe,Bike hit Median,Bike,Grievious injury,Over speed,Four lanes or more with central divider,Straight road,,Fine,AP07AN   3767,YES,Non injured ,0
10.10.2012,3:49 PM,1197.5,RHS,Rural,Martur,Collision Brush/Side Wipe,Bike hit Median,Bike,Grievious injury,Over speed,Four lanes or more with central divider,Straight road,,Fine,AP07AN   3767,YES,Animals affected,0
10.10.2012,3:55 PM,1310.3,RHS,Rural,Kavali,Collision Brush/Side Wipe,Bike hit Median,Bike,Fatal,Over speed,Four lanes or more with central divider,Straight road,,Fine,AP26AN    3190,YES,Fatal,1
10.10.2012,3:55 PM,1310.3,RHS,Rural,Kavali,Collision Brush/Side Wipe,Bike hit Median,Bike,Fatal,Over speed,Four lanes or more with central divider,Straight road,,Fine,AP26AN    3190,YES,Grevious,1
10.10.2012,3:55 PM,1310.3,RHS,Rural,Kavali,Collision Brush/Side Wipe,Bike hit Median,Bike,Fatal,Over speed,Four lanes or more with central divider,Straight road,,Fine,AP26AN    3190,YES,Minor,0
10.10.2012,3:55 PM,1310.3,RHS,Rural,Kavali,Collision Brush/Side Wipe,Bike hit Median,Bike,Fatal,Over speed,Four lanes or more with central divider,Straight road,,Fine,AP26AN    3190,YES,Non injured ,0
10.10.2012,3:55 PM,1310.3,RHS,Rural,Kavali,Collision Brush/Side Wipe,Bike hit Median,Bike,Fatal,Over speed,Four lanes or more with central divider,Straight road,,Fine,AP26AN    3190,YES,Animals affected,0
10.10.2012,7:55 PM,1199.7,RHS,Rural,Martur,Rear End Collision,Bike hit APE Auto,Bike,Grievious injury,Over speed,Four lanes or more with central divider,Straight road,,Fine,F/R,YES,Fatal,0
10.10.2012,7:55 PM,1199.7,RHS,Rural,Martur,Rear End Collision,Bike hit APE Auto,Bike,Grievious injury,Over speed,Four lanes or more with central divider,Straight road,,Fine,F/R,YES,Grevious,1
10.10.2012,7:55 PM,1199.7,RHS,Rural,Martur,Rear End Collision,Bike hit APE Auto,Bike,Grievious injury,Over speed,Four lanes or more with central divider,Straight road,,Fine,F/R,YES,Minor,0
10.10.2012,7:55 PM,1199.7,RHS,Rural,Martur,Rear End Collision,Bike hit APE Auto,Bike,Grievious injury,Over speed,Four lanes or more with central divider,Straight road,,Fine,F/R,YES,Non injured ,4
10.10.2012,7:55 PM,1199.7,RHS,Rural,Martur,Rear End Collision,Bike hit APE Auto,Bike,Grievious injury,Over speed,Four lanes or more with central divider,Straight road,,Fine,F/R,YES,Animals affected,0
10.10.2012,10:10 PM,1347.2,RHS,Rural,Dagadarthi,Collision Brush/Side Wipe,Lorry hit Bufflow,Lorry,Non injury,Over speed,Four lanes or more with central divider,Straight road,,Fine,AP26U    4545,YES,Fatal,0
10.10.2012,10:10 PM,1347.2,RHS,Rural,Dagadarthi,Collision Brush/Side Wipe,Lorry hit Bufflow,Lorry,Non injury,Over speed,Four lanes or more with central divider,Straight road,,Fine,AP26U    4545,YES,Grevious,0
10.10.2012,10:10 PM,1347.2,RHS,Rural,Dagadarthi,Collision Brush/Side Wipe,Lorry hit Bufflow,Lorry,Non injury,Over speed,Four lanes or more with central divider,Straight road,,Fine,AP26U    4545,YES,Minor,0
10.10.2012,10:10 PM,1347.2,RHS,Rural,Dagadarthi,Collision Brush/Side Wipe,Lorry hit Bufflow,Lorry,Non injury,Over speed,Four lanes or more with central divider,Straight road,,Fine,AP26U    4545,YES,Non injured ,2
10.10.2012,10:10 PM,1347.2,RHS,Rural,Dagadarthi,Collision Brush/Side Wipe,Lorry hit Bufflow,Lorry,Non injury,Over speed,Four lanes or more with central divider,Straight road,,Fine,AP26U    4545,YES,Animals affected,2
11.10.2012,6:45 AM,1313.1,LHS,Rural,Kavali,Rear End Collision,Lorry hit Lorry,Lorry,Minor injury,Over speed,Four lanes or more with central divider,Straight road,,Fine,AP26X   6899,YES,Fatal,0
11.10.2012,6:45 AM,1313.1,LHS,Rural,Kavali,Rear End Collision,Lorry hit Lorry,Lorry,Minor injury,Over speed,Four lanes or more with central divider,Straight road,,Fine,AP26X   6899,YES,Grevious,0
11.10.2012,6:45 AM,1313.1,LHS,Rural,Kavali,Rear End Collision,Lorry hit Lorry,Lorry,Minor injury,Over speed,Four lanes or more with central divider,Straight road,,Fine,AP26X   6899,YES,Minor,1
11.10.2012,6:45 AM,1313.1,LHS,Rural,Kavali,Rear End Collision,Lorry hit Lorry,Lorry,Minor injury,Over speed,Four lanes or more with central divider,Straight road,,Fine,AP26X   6899,YES,Non injured ,5
11.10.2012,6:45 AM,1313.1,LHS,Rural,Kavali,Rear End Collision,Lorry hit Lorry,Lorry,Minor injury,Over speed,Four lanes or more with central divider,Straight road,,Fine,AP26X   6899,YES,Animals affected,0
11.10.2012,8:25 AM,1214.6,LHS,Rural,Medarametla,Rear End Collision,Lorry hit Safety wall ,Lorry,Non injury,Over speed,Four lanes or more with central divider,Straight road,,Fine,AP16TV    1112,YES,Fatal,0
11.10.2012,8:25 AM,1214.6,LHS,Rural,Medarametla,Rear End Collision,Lorry hit Safety wall ,Lorry,Non injury,Over speed,Four lanes or more with central divider,Straight road,,Fine,AP16TV    1112,YES,Grevious,0
11.10.2012,8:25 AM,1214.6,LHS,Rural,Medarametla,Rear End Collision,Lorry hit Safety wall ,Lorry,Non injury,Over speed,Four lanes or more with central divider,Straight road,,Fine,AP16TV    1112,YES,Minor,0
11.10.2012,8:25 AM,1214.6,LHS,Rural,Medarametla,Rear End Collision,Lorry hit Safety wall ,Lorry,Non injury,Over speed,Four lanes or more with central divider,Straight road,,Fine,AP16TV    1112,YES,Non injured ,2
11.10.2012,8:25 AM,1214.6,LHS,Rural,Medarametla,Rear End Collision,Lorry hit Safety wall ,Lorry,Non injury,Over speed,Four lanes or more with central divider,Straight road,,Fine,AP16TV    1112,YES,Animals affected,0
11.10.2012,9:20 AM,1256.1,LHS,Rural,Tangutur,Rear End Collision,APE Auto hit Tractor,Auto,Grievious injury,Over speed,Four lanes or more with central divider,Straight road,,Fine,AP27TT    0839,YES,Fatal,0
11.10.2012,9:20 AM,1256.1,LHS,Rural,Tangutur,Rear End Collision,APE Auto hit Tractor,Auto,Grievious injury,Over speed,Four lanes or more with central divider,Straight road,,Fine,AP27TT    0839,YES,Grevious,1
11.10.2012,9:20 AM,1256.1,LHS,Rural,Tangutur,Rear End Collision,APE Auto hit Tractor,Auto,Grievious injury,Over speed,Four lanes or more with central divider,Straight road,,Fine,AP27TT    0839,YES,Minor,6
11.10.2012,9:20 AM,1256.1,LHS,Rural,Tangutur,Rear End Collision,APE Auto hit Tractor,Auto,Grievious injury,Over speed,Four lanes or more with central divider,Straight road,,Fine,AP27TT    0839,YES,Non injured ,5
11.10.2012,9:20 AM,1256.1,LHS,Rural,Tangutur,Rear End Collision,APE Auto hit Tractor,Auto,Grievious injury,Over speed,Four lanes or more with central divider,Straight road,,Fine,AP27TT    0839,YES,Animals affected,0
11.10.2012,3:24 PM,1320.4,RHS,Rural,Kavali,Rear End Collision,Lorry hit Lorry,Lorry,Fatal,Over speed,Four lanes or more with central divider,Straight road,,Fine,AP7TB    3679,YES,Fatal,1
11.10.2012,3:24 PM,1320.4,RHS,Rural,Kavali,Rear End Collision,Lorry hit Lorry,Lorry,Fatal,Over speed,Four lanes or more with central divider,Straight road,,Fine,AP7TB    3679,YES,Grevious,2
11.10.2012,3:24 PM,1320.4,RHS,Rural,Kavali,Rear End Collision,Lorry hit Lorry,Lorry,Fatal,Over speed,Four lanes or more with central divider,Straight road,,Fine,AP7TB    3679,YES,Minor,0
11.10.2012,3:24 PM,1320.4,RHS,Rural,Kavali,Rear End Collision,Lorry hit Lorry,Lorry,Fatal,Over speed,Four lanes or more with central divider,Straight road,,Fine,AP7TB    3679,YES,Non injured ,1
11.10.2012,3:24 PM,1320.4,RHS,Rural,Kavali,Rear End Collision,Lorry hit Lorry,Lorry,Fatal,Over speed,Four lanes or more with central divider,Straight road,,Fine,AP7TB    3679,YES,Animals affected,0
12.10.2012,3:00 AM,1254.4,RHS,Rural,Ongole,Collision Brush/Side Wipe,Unknown Vehicle hit Pedestrain,Unknown,Fatal,Over speed,Four lanes or more with central divider,Slight curve,,Fine,Unknown  Vehicle,YES,Fatal,1
12.10.2012,3:00 AM,1254.4,RHS,Rural,Ongole,Collision Brush/Side Wipe,Unknown Vehicle hit Pedestrain,Unknown,Fatal,Over speed,Four lanes or more with central divider,Slight curve,,Fine,Unknown  Vehicle,YES,Grevious,0
12.10.2012,3:00 AM,1254.4,RHS,Rural,Ongole,Collision Brush/Side Wipe,Unknown Vehicle hit Pedestrain,Unknown,Fatal,Over speed,Four lanes or more with central divider,Slight curve,,Fine,Unknown  Vehicle,YES,Minor,0
12.10.2012,3:00 AM,1254.4,RHS,Rural,Ongole,Collision Brush/Side Wipe,Unknown Vehicle hit Pedestrain,Unknown,Fatal,Over speed,Four lanes or more with central divider,Slight curve,,Fine,Unknown  Vehicle,YES,Non injured ,0
12.10.2012,3:00 AM,1254.4,RHS,Rural,Ongole,Collision Brush/Side Wipe,Unknown Vehicle hit Pedestrain,Unknown,Fatal,Over speed,Four lanes or more with central divider,Slight curve,,Fine,Unknown  Vehicle,YES,Animals affected,0
12.10.2012,5:00 AM,1195.7,LHS,Rural,Martur,Rear End Collision,Milk Tanker Hit Unknown Vehicle,Tanker,Non injury,Over speed,Four lanes or more with central divider,Straight road,,Fine,AP07TC   5117,YES,Fatal,0
12.10.2012,5:00 AM,1195.7,LHS,Rural,Martur,Rear End Collision,Milk Tanker Hit Unknown Vehicle,Tanker,Non injury,Over speed,Four lanes or more with central divider,Straight road,,Fine,AP07TC   5117,YES,Grevious,0
12.10.2012,5:00 AM,1195.7,LHS,Rural,Martur,Rear End Collision,Milk Tanker Hit Unknown Vehicle,Tanker,Non injury,Over speed,Four lanes or more with central divider,Straight road,,Fine,AP07TC   5117,YES,Minor,0
12.10.2012,5:00 AM,1195.7,LHS,Rural,Martur,Rear End Collision,Milk Tanker Hit Unknown Vehicle,Tanker,Non injury,Over speed,Four lanes or more with central divider,Straight road,,Fine,AP07TC   5117,YES,Non injured ,2
12.10.2012,5:00 AM,1195.7,LHS,Rural,Martur,Rear End Collision,Milk Tanker Hit Unknown Vehicle,Tanker,Non injury,Over speed,Four lanes or more with central divider,Straight road,,Fine,AP07TC   5117,YES,Animals affected,0
12.10.2012,10:40 AM,1259.5,LHS,Rural,Tangutur,Rear End Collision,Car hit   Unknown vehicle,Car,Non injury,Over speed,Four lanes or more with central divider,Straight road,,Fine,TN49AK    7040,YES,Fatal,0
12.10.2012,10:40 AM,1259.5,LHS,Rural,Tangutur,Rear End Collision,Car hit   Unknown vehicle,Car,Non injury,Over speed,Four lanes or more with central divider,Straight road,,Fine,TN49AK    7040,YES,Grevious,0
12.10.2012,10:40 AM,1259.5,LHS,Rural,Tangutur,Rear End Collision,Car hit   Unknown vehicle,Car,Non injury,Over speed,Four lanes or more with central divider,Straight road,,Fine,TN49AK    7040,YES,Minor,0
12.10.2012,10:40 AM,1259.5,LHS,Rural,Tangutur,Rear End Collision,Car hit   Unknown vehicle,Car,Non injury,Over speed,Four lanes or more with central divider,Straight road,,Fine,TN49AK    7040,YES,Non injured ,3
12.10.2012,10:40 AM,1259.5,LHS,Rural,Tangutur,Rear End Collision,Car hit   Unknown vehicle,Car,Non injury,Over speed,Four lanes or more with central divider,Straight road,,Fine,TN49AK    7040,YES,Animals affected,0
12.10.2012,7:30 PM,1324.3,RHS,Rural,Kavali,Collision Brush/Side Wipe,Car hit   Median,Car,Non injury,Over speed,Four lanes or more with central divider,Slight curve,,Fine,AP26AN   2426,YES,Fatal,0
12.10.2012,7:30 PM,1324.3,RHS,Rural,Kavali,Collision Brush/Side Wipe,Car hit   Median,Car,Non injury,Over speed,Four lanes or more with central divider,Slight curve,,Fine,AP26AN   2426,YES,Grevious,0