Operational date,Time of Accident,KM && M,Position,Rural/Urban,Location,Nature of Accident Position,Nature of Accident,Vehicle Involved,Type of Accident,Causes,Road Feature,Road condition,Intersection Type And Control,Weather Condition,Vehicle Responsible,Help Provided by Ambulance/Patroling Vehicle,Classification of Accident,No of Affected Persons
12.10.2012,7:30 PM,1324.3,RHS,Rural,Kavali,Collision Brush/Side Wipe,Car hit   Median,Car,Non injury,Over speed,Four lanes or more with central divider,Slight curve,,Fine,AP26AN   2426,YES,Minor,0
12.10.2012,7:30 PM,1324.3,RHS,Rural,Kavali,Collision Brush/Side Wipe,Car hit   Median,Car,Non injury,Over speed,Four lanes or more with central divider,Slight curve,,Fine,AP26AN   2426,YES,Non injured ,2
12.10.2012,7:30 PM,1324.3,RHS,Rural,Kavali,Collision Brush/Side Wipe,Car hit   Median,Car,Non injury,Over speed,Four lanes or more with central divider,Slight curve,,Fine,AP26AN   2426,YES,Animals affected,0
13.10.2012,12:12 AM,1209.1,LHS,Rural,Reningavaram,Collision Brush/Side Wipe, Unknown Vehicle hit Pedestrian,Unknown,Fatal,Over speed,Four lanes or more with central divider,Straight road,,Fine,Unknown  Vehicle,YES,Fatal,1
13.10.2012,12:12 AM,1209.1,LHS,Rural,Reningavaram,Collision Brush/Side Wipe, Unknown Vehicle hit Pedestrian,Unknown,Fatal,Over speed,Four lanes or more with central divider,Straight road,,Fine,Unknown  Vehicle,YES,Grevious,0
13.10.2012,12:12 AM,1209.1,LHS,Rural,Reningavaram,Collision Brush/Side Wipe, Unknown Vehicle hit Pedestrian,Unknown,Fatal,Over speed,Four lanes or more with central divider,Straight road,,Fine,Unknown  Vehicle,YES,Minor,0
13.10.2012,12:12 AM,1209.1,LHS,Rural,Reningavaram,Collision Brush/Side Wipe, Unknown Vehicle hit Pedestrian,Unknown,Fatal,Over speed,Four lanes or more with central divider,Straight road,,Fine,Unknown  Vehicle,YES,Non injured ,0
13.10.2012,12:12 AM,1209.1,LHS,Rural,Reningavaram,Collision Brush/Side Wipe, Unknown Vehicle hit Pedestrian,Unknown,Fatal,Over speed,Four lanes or more with central divider,Straight road,,Fine,Unknown  Vehicle,YES,Animals affected,0
13.10.2012,4:12 PM,1255.8,LHS,Rural,Tangutur,Collision Brush/Side Wipe, Bike hit Safety Wall,Bike,Grievious injury,Vehicle out of control,Four lanes or more with central divider,Straight road,,Fine,AP27AP 6880,YES,Fatal,0
13.10.2012,4:12 PM,1255.8,LHS,Rural,Tangutur,Collision Brush/Side Wipe, Bike hit Safety Wall,Bike,Grievious injury,Vehicle out of control,Four lanes or more with central divider,Straight road,,Fine,AP27AP 6880,YES,Grevious,1
13.10.2012,4:12 PM,1255.8,LHS,Rural,Tangutur,Collision Brush/Side Wipe, Bike hit Safety Wall,Bike,Grievious injury,Vehicle out of control,Four lanes or more with central divider,Straight road,,Fine,AP27AP 6880,YES,Minor,0
13.10.2012,4:12 PM,1255.8,LHS,Rural,Tangutur,Collision Brush/Side Wipe, Bike hit Safety Wall,Bike,Grievious injury,Vehicle out of control,Four lanes or more with central divider,Straight road,,Fine,AP27AP 6880,YES,Non injured ,0
13.10.2012,4:12 PM,1255.8,LHS,Rural,Tangutur,Collision Brush/Side Wipe, Bike hit Safety Wall,Bike,Grievious injury,Vehicle out of control,Four lanes or more with central divider,Straight road,,Fine,AP27AP 6880,YES,Animals affected,0
13.10.2012,5:15 PM,1256.4,RHS,Rural,Tangutur,Rear End Collision, Lorry hit Tractor,Lorry,Non injury,Over speed,Four lanes or more with central divider,Slight curve,,Fine,AP27X  2235,YES,Fatal,0
13.10.2012,5:15 PM,1256.4,RHS,Rural,Tangutur,Rear End Collision, Lorry hit Tractor,Lorry,Non injury,Over speed,Four lanes or more with central divider,Slight curve,,Fine,AP27X  2235,YES,Grevious,0
13.10.2012,5:15 PM,1256.4,RHS,Rural,Tangutur,Rear End Collision, Lorry hit Tractor,Lorry,Non injury,Over speed,Four lanes or more with central divider,Slight curve,,Fine,AP27X  2235,YES,Minor,0
13.10.2012,5:15 PM,1256.4,RHS,Rural,Tangutur,Rear End Collision, Lorry hit Tractor,Lorry,Non injury,Over speed,Four lanes or more with central divider,Slight curve,,Fine,AP27X  2235,YES,Non injured ,2
13.10.2012,5:15 PM,1256.4,RHS,Rural,Tangutur,Rear End Collision, Lorry hit Tractor,Lorry,Non injury,Over speed,Four lanes or more with central divider,Slight curve,,Fine,AP27X  2235,YES,Animals affected,0
13.10.2012,6:00 PM,1343.6,RHS,Rural,Dagadarthi,Collision Brush/Side Wipe, Unknown Vehicle hit Pedestrian,Unknown,Grievious injury,Over speed,Three lanes or more without central divider(median),Straight road,T-Junction,Fine,Unknown  Vehicle,YES,Fatal,0
13.10.2012,6:00 PM,1343.6,RHS,Rural,Dagadarthi,Collision Brush/Side Wipe, Unknown Vehicle hit Pedestrian,Unknown,Grievious injury,Over speed,Three lanes or more without central divider(median),Straight road,T-Junction,Fine,Unknown  Vehicle,YES,Grevious,1
13.10.2012,6:00 PM,1343.6,RHS,Rural,Dagadarthi,Collision Brush/Side Wipe, Unknown Vehicle hit Pedestrian,Unknown,Grievious injury,Over speed,Three lanes or more without central divider(median),Straight road,T-Junction,Fine,Unknown  Vehicle,YES,Minor,0
13.10.2012,6:00 PM,1343.6,RHS,Rural,Dagadarthi,Collision Brush/Side Wipe, Unknown Vehicle hit Pedestrian,Unknown,Grievious injury,Over speed,Three lanes or more without central divider(median),Straight road,T-Junction,Fine,Unknown  Vehicle,YES,Non injured ,0
13.10.2012,6:00 PM,1343.6,RHS,Rural,Dagadarthi,Collision Brush/Side Wipe, Unknown Vehicle hit Pedestrian,Unknown,Grievious injury,Over speed,Three lanes or more without central divider(median),Straight road,T-Junction,Fine,Unknown  Vehicle,YES,Animals affected,0
13.10.2012,7:05 PM,1339.7,RHS,Rural,K.Tippa ,Skidding, Bike Skidding,Bike,Grievious injury,Druken,Four lanes or more with central divider,Straight road,,Fine,AP26AB 6285,YES,Fatal,0
13.10.2012,7:05 PM,1339.7,RHS,Rural,K.Tippa ,Skidding, Bike Skidding,Bike,Grievious injury,Druken,Four lanes or more with central divider,Straight road,,Fine,AP26AB 6285,YES,Grevious,1
13.10.2012,7:05 PM,1339.7,RHS,Rural,K.Tippa ,Skidding, Bike Skidding,Bike,Grievious injury,Druken,Four lanes or more with central divider,Straight road,,Fine,AP26AB 6285,YES,Minor,0
13.10.2012,7:05 PM,1339.7,RHS,Rural,K.Tippa ,Skidding, Bike Skidding,Bike,Grievious injury,Druken,Four lanes or more with central divider,Straight road,,Fine,AP26AB 6285,YES,Non injured ,0
13.10.2012,7:05 PM,1339.7,RHS,Rural,K.Tippa ,Skidding, Bike Skidding,Bike,Grievious injury,Druken,Four lanes or more with central divider,Straight road,,Fine,AP26AB 6285,YES,Animals affected,0
13.10.2012,11:00 PM,1282.2,RHS,Rural,Singarayakonda,Overturning, Tractor Over Turned,Tractor,Non injury,Fault of driver of motor vehicle/driver of other vehicle/cyclist/pedestrian/passenger,Four lanes or more with central divider,Sharp curve,,Fine,AP26TT 1106,YES,Fatal,0
13.10.2012,11:00 PM,1282.2,RHS,Rural,Singarayakonda,Overturning, Tractor Over Turned,Tractor,Non injury,Fault of driver of motor vehicle/driver of other vehicle/cyclist/pedestrian/passenger,Four lanes or more with central divider,Sharp curve,,Fine,AP26TT 1106,YES,Grevious,0
13.10.2012,11:00 PM,1282.2,RHS,Rural,Singarayakonda,Overturning, Tractor Over Turned,Tractor,Non injury,Fault of driver of motor vehicle/driver of other vehicle/cyclist/pedestrian/passenger,Four lanes or more with central divider,Sharp curve,,Fine,AP26TT 1106,YES,Minor,0
13.10.2012,11:00 PM,1282.2,RHS,Rural,Singarayakonda,Overturning, Tractor Over Turned,Tractor,Non injury,Fault of driver of motor vehicle/driver of other vehicle/cyclist/pedestrian/passenger,Four lanes or more with central divider,Sharp curve,,Fine,AP26TT 1106,YES,Non injured ,1
13.10.2012,11:00 PM,1282.2,RHS,Rural,Singarayakonda,Overturning, Tractor Over Turned,Tractor,Non injury,Fault of driver of motor vehicle/driver of other vehicle/cyclist/pedestrian/passenger,Four lanes or more with central divider,Sharp curve,,Fine,AP26TT 1106,YES,Animals affected,0
14.10.2012,12:05 AM,1201.6,LHS,Rural,Reningavaram,Rear End Collision, Unknown Vehicle hit Bike,Unknown,Grievious injury,Over speed,Four lanes or more with central divider,Straight road,,Fine,Unknown  Vehicle,YES,Fatal,0
14.10.2012,12:05 AM,1201.6,LHS,Rural,Reningavaram,Rear End Collision, Unknown Vehicle hit Bike,Unknown,Grievious injury,Over speed,Four lanes or more with central divider,Straight road,,Fine,Unknown  Vehicle,YES,Grevious,1
14.10.2012,12:05 AM,1201.6,LHS,Rural,Reningavaram,Rear End Collision, Unknown Vehicle hit Bike,Unknown,Grievious injury,Over speed,Four lanes or more with central divider,Straight road,,Fine,Unknown  Vehicle,YES,Minor,0
14.10.2012,12:05 AM,1201.6,LHS,Rural,Reningavaram,Rear End Collision, Unknown Vehicle hit Bike,Unknown,Grievious injury,Over speed,Four lanes or more with central divider,Straight road,,Fine,Unknown  Vehicle,YES,Non injured ,0
14.10.2012,12:05 AM,1201.6,LHS,Rural,Reningavaram,Rear End Collision, Unknown Vehicle hit Bike,Unknown,Grievious injury,Over speed,Four lanes or more with central divider,Straight road,,Fine,Unknown  Vehicle,YES,Animals affected,0
14.10.2012,4:20 AM,1247.8,RHS,Urban,Ongole,Rear End Collision, Lorry hit Lorry,Lorry,Non injury,Fault of driver of motor vehicle/driver of other vehicle/cyclist/pedestrian/passenger,Four lanes or more with central divider,Straight road,,Fine,NL01D  4538,YES,Fatal,0
14.10.2012,4:20 AM,1247.8,RHS,Urban,Ongole,Rear End Collision, Lorry hit Lorry,Lorry,Non injury,Fault of driver of motor vehicle/driver of other vehicle/cyclist/pedestrian/passenger,Four lanes or more with central divider,Straight road,,Fine,NL01D  4538,YES,Grevious,0
14.10.2012,4:20 AM,1247.8,RHS,Urban,Ongole,Rear End Collision, Lorry hit Lorry,Lorry,Non injury,Fault of driver of motor vehicle/driver of other vehicle/cyclist/pedestrian/passenger,Four lanes or more with central divider,Straight road,,Fine,NL01D  4538,YES,Minor,0
14.10.2012,4:20 AM,1247.8,RHS,Urban,Ongole,Rear End Collision, Lorry hit Lorry,Lorry,Non injury,Fault of driver of motor vehicle/driver of other vehicle/cyclist/pedestrian/passenger,Four lanes or more with central divider,Straight road,,Fine,NL01D  4538,YES,Non injured ,2
14.10.2012,4:20 AM,1247.8,RHS,Urban,Ongole,Rear End Collision, Lorry hit Lorry,Lorry,Non injury,Fault of driver of motor vehicle/driver of other vehicle/cyclist/pedestrian/passenger,Four lanes or more with central divider,Straight road,,Fine,NL01D  4538,YES,Animals affected,0
14.10.2012,10:46 AM,1190.2,RHS,Rural,Martur,Rear End Collision,RTC Bus    hit Car,Bus,Grievious injury,Over speed,Four lanes or more with central divider,Straight road,,Fine,AP28Z  5556,YES,Fatal,0
14.10.2012,10:46 AM,1190.2,RHS,Rural,Martur,Rear End Collision,RTC Bus    hit Car,Bus,Grievious injury,Over speed,Four lanes or more with central divider,Straight road,,Fine,AP28Z  5556,YES,Grevious,1
14.10.2012,10:46 AM,1190.2,RHS,Rural,Martur,Rear End Collision,RTC Bus    hit Car,Bus,Grievious injury,Over speed,Four lanes or more with central divider,Straight road,,Fine,AP28Z  5556,YES,Minor,1
14.10.2012,10:46 AM,1190.2,RHS,Rural,Martur,Rear End Collision,RTC Bus    hit Car,Bus,Grievious injury,Over speed,Four lanes or more with central divider,Straight road,,Fine,AP28Z  5556,YES,Non injured ,10
14.10.2012,10:46 AM,1190.2,RHS,Rural,Martur,Rear End Collision,RTC Bus    hit Car,Bus,Grievious injury,Over speed,Four lanes or more with central divider,Straight road,,Fine,AP28Z  5556,YES,Animals affected,0
15.10.2012,1:40 AM,1208.3,LHS,Rural,Reningavaram,Rear End Collision,Mini Lorry hit MiniLorry,Lorry,Grievious injury,Over speed,Four lanes or more with central divider,Straight road,,Fine,AP07X    5067,YES,Fatal,0
15.10.2012,1:40 AM,1208.3,LHS,Rural,Reningavaram,Rear End Collision,Mini Lorry hit MiniLorry,Lorry,Grievious injury,Over speed,Four lanes or more with central divider,Straight road,,Fine,AP07X    5067,YES,Grevious,2
15.10.2012,1:40 AM,1208.3,LHS,Rural,Reningavaram,Rear End Collision,Mini Lorry hit MiniLorry,Lorry,Grievious injury,Over speed,Four lanes or more with central divider,Straight road,,Fine,AP07X    5067,YES,Minor,2
15.10.2012,1:40 AM,1208.3,LHS,Rural,Reningavaram,Rear End Collision,Mini Lorry hit MiniLorry,Lorry,Grievious injury,Over speed,Four lanes or more with central divider,Straight road,,Fine,AP07X    5067,YES,Non injured ,0
15.10.2012,1:40 AM,1208.3,LHS,Rural,Reningavaram,Rear End Collision,Mini Lorry hit MiniLorry,Lorry,Grievious injury,Over speed,Four lanes or more with central divider,Straight road,,Fine,AP07X    5067,YES,Animals affected,0
15.10.2012,6:45 AM,1301.8,LHS,Rural,Gudluru,Rear End Collision,Lorry hit  Car,Lorry,Minor injury,Over speed,Four lanes or more with central divider,Straight road,,Fine,AP16TB   8401,YES,Fatal,0
15.10.2012,6:45 AM,1301.8,LHS,Rural,Gudluru,Rear End Collision,Lorry hit  Car,Lorry,Minor injury,Over speed,Four lanes or more with central divider,Straight road,,Fine,AP16TB   8401,YES,Grevious,0
15.10.2012,6:45 AM,1301.8,LHS,Rural,Gudluru,Rear End Collision,Lorry hit  Car,Lorry,Minor injury,Over speed,Four lanes or more with central divider,Straight road,,Fine,AP16TB   8401,YES,Minor,1
15.10.2012,6:45 AM,1301.8,LHS,Rural,Gudluru,Rear End Collision,Lorry hit  Car,Lorry,Minor injury,Over speed,Four lanes or more with central divider,Straight road,,Fine,AP16TB   8401,YES,Non injured ,2
15.10.2012,6:45 AM,1301.8,LHS,Rural,Gudluru,Rear End Collision,Lorry hit  Car,Lorry,Minor injury,Over speed,Four lanes or more with central divider,Straight road,,Fine,AP16TB   8401,YES,Animals affected,0
15.10.2012,2:05 PM,1193.5,LHS,Rural,Martur,Rear End Collision,Car hit Safety wall ,Car,Non injury,Over speed,Four lanes or more with central divider,Straight road,,Fine,AP27AD    8028,YES,Fatal,0
15.10.2012,2:05 PM,1193.5,LHS,Rural,Martur,Rear End Collision,Car hit Safety wall ,Car,Non injury,Over speed,Four lanes or more with central divider,Straight road,,Fine,AP27AD    8028,YES,Grevious,0
15.10.2012,2:05 PM,1193.5,LHS,Rural,Martur,Rear End Collision,Car hit Safety wall ,Car,Non injury,Over speed,Four lanes or more with central divider,Straight road,,Fine,AP27AD    8028,YES,Minor,0
15.10.2012,2:05 PM,1193.5,LHS,Rural,Martur,Rear End Collision,Car hit Safety wall ,Car,Non injury,Over speed,Four lanes or more with central divider,Straight road,,Fine,AP27AD    8028,YES,Non injured ,2
15.10.2012,2:05 PM,1193.5,LHS,Rural,Martur,Rear End Collision,Car hit Safety wall ,Car,Non injury,Over speed,Four lanes or more with central divider,Straight road,,Fine,AP27AD    8028,YES,Animals affected,0
16.10.2012,5:00 AM,1365.3,LHS,Rural,Kovuru,Overturning, Lorry Over Turned,Lorry,Non injury,Over speed,Three lanes or more without central divider(median),Sharp curve,Y-Junction,Fine,TN04AC 7093,YES,Fatal,0
16.10.2012,5:00 AM,1365.3,LHS,Rural,Kovuru,Overturning, Lorry Over Turned,Lorry,Non injury,Over speed,Three lanes or more without central divider(median),Sharp curve,Y-Junction,Fine,TN04AC 7093,YES,Grevious,0
16.10.2012,5:00 AM,1365.3,LHS,Rural,Kovuru,Overturning, Lorry Over Turned,Lorry,Non injury,Over speed,Three lanes or more without central divider(median),Sharp curve,Y-Junction,Fine,TN04AC 7093,YES,Minor,0
16.10.2012,5:00 AM,1365.3,LHS,Rural,Kovuru,Overturning, Lorry Over Turned,Lorry,Non injury,Over speed,Three lanes or more without central divider(median),Sharp curve,Y-Junction,Fine,TN04AC 7093,YES,Non injured ,2
16.10.2012,5:00 AM,1365.3,LHS,Rural,Kovuru,Overturning, Lorry Over Turned,Lorry,Non injury,Over speed,Three lanes or more without central divider(median),Sharp curve,Y-Junction,Fine,TN04AC 7093,YES,Animals affected,0
16.10.2012,6:30 AM,1224.8,RHS,Rural,Medarametla,Rear End Collision, Lorry hit Unknown Vehicle,Lorry,Grievious injury,Fault of driver of motor vehicle/driver of other vehicle/cyclist/pedestrian/passenger,Four lanes or more with central divider,Straight road,,Fine,AP29TB 1530,YES,Fatal,0
16.10.2012,6:30 AM,1224.8,RHS,Rural,Medarametla,Rear End Collision, Lorry hit Unknown Vehicle,Lorry,Grievious injury,Fault of driver of motor vehicle/driver of other vehicle/cyclist/pedestrian/passenger,Four lanes or more with central divider,Straight road,,Fine,AP29TB 1530,YES,Grevious,1
16.10.2012,6:30 AM,1224.8,RHS,Rural,Medarametla,Rear End Collision, Lorry hit Unknown Vehicle,Lorry,Grievious injury,Fault of driver of motor vehicle/driver of other vehicle/cyclist/pedestrian/passenger,Four lanes or more with central divider,Straight road,,Fine,AP29TB 1530,YES,Minor,0
16.10.2012,6:30 AM,1224.8,RHS,Rural,Medarametla,Rear End Collision, Lorry hit Unknown Vehicle,Lorry,Grievious injury,Fault of driver of motor vehicle/driver of other vehicle/cyclist/pedestrian/passenger,Four lanes or more with central divider,Straight road,,Fine,AP29TB 1530,YES,Non injured ,1
16.10.2012,6:30 AM,1224.8,RHS,Rural,Medarametla,Rear End Collision, Lorry hit Unknown Vehicle,Lorry,Grievious injury,Fault of driver of motor vehicle/driver of other vehicle/cyclist/pedestrian/passenger,Four lanes or more with central divider,Straight road,,Fine,AP29TB 1530,YES,Animals affected,0
16.10.2012,9:00 AM,1260,RHS,Rural,Tangutur,Skidding, Bike Skidding,Bike,Grievious injury,Over speed,Four lanes or more with central divider,Straight road,,Fine,AP26BA 5614,YES,Fatal,0
16.10.2012,9:00 AM,1260,RHS,Rural,Tangutur,Skidding, Bike Skidding,Bike,Grievious injury,Over speed,Four lanes or more with central divider,Straight road,,Fine,AP26BA 5614,YES,Grevious,1
16.10.2012,9:00 AM,1260,RHS,Rural,Tangutur,Skidding, Bike Skidding,Bike,Grievious injury,Over speed,Four lanes or more with central divider,Straight road,,Fine,AP26BA 5614,YES,Minor,0
16.10.2012,9:00 AM,1260,RHS,Rural,Tangutur,Skidding, Bike Skidding,Bike,Grievious injury,Over speed,Four lanes or more with central divider,Straight road,,Fine,AP26BA 5614,YES,Non injured ,0
16.10.2012,9:00 AM,1260,RHS,Rural,Tangutur,Skidding, Bike Skidding,Bike,Grievious injury,Over speed,Four lanes or more with central divider,Straight road,,Fine,AP26BA 5614,YES,Animals affected,0
16.10.2012,7:15 PM,1193.5,LHS,Rural,Martur,Skidding, Bike Skidding,Bike,Minor injury,Over speed,Four lanes or more with central divider,Straight road,,Fine,AP07AS   0471,YES,Fatal,0
16.10.2012,7:15 PM,1193.5,LHS,Rural,Martur,Skidding, Bike Skidding,Bike,Minor injury,Over speed,Four lanes or more with central divider,Straight road,,Fine,AP07AS   0471,YES,Grevious,0
16.10.2012,7:15 PM,1193.5,LHS,Rural,Martur,Skidding, Bike Skidding,Bike,Minor injury,Over speed,Four lanes or more with central divider,Straight road,,Fine,AP07AS   0471,YES,Minor,1
16.10.2012,7:15 PM,1193.5,LHS,Rural,Martur,Skidding, Bike Skidding,Bike,Minor injury,Over speed,Four lanes or more with central divider,Straight road,,Fine,AP07AS   0471,YES,Non injured ,0
16.10.2012,7:15 PM,1193.5,LHS,Rural,Martur,Skidding, Bike Skidding,Bike,Minor injury,Over speed,Four lanes or more with central divider,Straight road,,Fine,AP07AS   0471,YES,Animals affected,0
17.10.2012,9:30 AM,1184,RHS,Rural,Martur,Collision Brush/Side Wipe, Car hit Pedestrian,Car,Grievious injury,Over speed,Four lanes or more with central divider,Straight road,,Fine,AP27AB 6337,YES,Fatal,0
17.10.2012,9:30 AM,1184,RHS,Rural,Martur,Collision Brush/Side Wipe, Car hit Pedestrian,Car,Grievious injury,Over speed,Four lanes or more with central divider,Straight road,,Fine,AP27AB 6337,YES,Grevious,1
17.10.2012,9:30 AM,1184,RHS,Rural,Martur,Collision Brush/Side Wipe, Car hit Pedestrian,Car,Grievious injury,Over speed,Four lanes or more with central divider,Straight road,,Fine,AP27AB 6337,YES,Minor,0
17.10.2012,9:30 AM,1184,RHS,Rural,Martur,Collision Brush/Side Wipe, Car hit Pedestrian,Car,Grievious injury,Over speed,Four lanes or more with central divider,Straight road,,Fine,AP27AB 6337,YES,Non injured ,0
17.10.2012,9:30 AM,1184,RHS,Rural,Martur,Collision Brush/Side Wipe, Car hit Pedestrian,Car,Grievious injury,Over speed,Four lanes or more with central divider,Straight road,,Fine,AP27AB 6337,YES,Animals affected,0
17.10.2012,6:50 PM,1266.1,RHS,Rural,Tangutur,Collision Brush/Side Wipe, Car hit Tractor,Car,Minor injury,Over speed,Three lanes or more without central divider(median),Straight road,Four arm junction,Fine,AP27AP 1487,YES,Fatal,0
17.10.2012,6:50 PM,1266.1,RHS,Rural,Tangutur,Collision Brush/Side Wipe, Car hit Tractor,Car,Minor injury,Over speed,Three lanes or more without central divider(median),Straight road,Four arm junction,Fine,AP27AP 1487,YES,Grevious,0
17.10.2012,6:50 PM,1266.1,RHS,Rural,Tangutur,Collision Brush/Side Wipe, Car hit Tractor,Car,Minor injury,Over speed,Three lanes or more without central divider(median),Straight road,Four arm junction,Fine,AP27AP 1487,YES,Minor,1
17.10.2012,6:50 PM,1266.1,RHS,Rural,Tangutur,Collision Brush/Side Wipe, Car hit Tractor,Car,Minor injury,Over speed,Three lanes or more without central divider(median),Straight road,Four arm junction,Fine,AP27AP 1487,YES,Non injured ,1
17.10.2012,6:50 PM,1266.1,RHS,Rural,Tangutur,Collision Brush/Side Wipe, Car hit Tractor,Car,Minor injury,Over speed,Three lanes or more without central divider(median),Straight road,Four arm junction,Fine,AP27AP 1487,YES,Animals affected,0
17.10.2012,7:30 PM,1200.2,LHS,Rural,Reningavaram,Collision Brush/Side Wipe, Car hit Safety Wall,Car,Non injury,Defect in mechanical condition of motor vehicle/road condition,Four lanes or more with central divider,Straight road,,Fine,AP7AT 7196,YES,Fatal,0
17.10.2012,7:30 PM,1200.2,LHS,Rural,Reningavaram,Collision Brush/Side Wipe, Car hit Safety Wall,Car,Non injury,Defect in mechanical condition of motor vehicle/road condition,Four lanes or more with central divider,Straight road,,Fine,AP7AT 7196,YES,Grevious,0
17.10.2012,7:30 PM,1200.2,LHS,Rural,Reningavaram,Collision Brush/Side Wipe, Car hit Safety Wall,Car,Non injury,Defect in mechanical condition of motor vehicle/road condition,Four lanes or more with central divider,Straight road,,Fine,AP7AT 7196,YES,Minor,0
17.10.2012,7:30 PM,1200.2,LHS,Rural,Reningavaram,Collision Brush/Side Wipe, Car hit Safety Wall,Car,Non injury,Defect in mechanical condition of motor vehicle/road condition,Four lanes or more with central divider,Straight road,,Fine,AP7AT 7196,YES,Non injured ,6
17.10.2012,7:30 PM,1200.2,LHS,Rural,Reningavaram,Collision Brush/Side Wipe, Car hit Safety Wall,Car,Non injury,Defect in mechanical condition of motor vehicle/road condition,Four lanes or more with central divider,Straight road,,Fine,AP7AT 7196,YES,Animals affected,0
18.10.2012,2:55 AM,1236,LHS,Rural,Maddipadu,Collision Brush/Side Wipe,Auto hit   Median,Auto,Non injury,Fault of driver of motor vehicle/driver of other vehicle/cyclist/pedestrian/passenger,Three lanes or more without central divider(median),Straight road,Y-Junction,Fine,AP16TC    2204,YES,Fatal,0
18.10.2012,2:55 AM,1236,LHS,Rural,Maddipadu,Collision Brush/Side Wipe,Auto hit   Median,Auto,Non injury,Fault of driver of motor vehicle/driver of other vehicle/cyclist/pedestrian/passenger,Three lanes or more without central divider(median),Straight road,Y-Junction,Fine,AP16TC    2204,YES,Grevious,0
18.10.2012,2:55 AM,1236,LHS,Rural,Maddipadu,Collision Brush/Side Wipe,Auto hit   Median,Auto,Non injury,Fault of driver of motor vehicle/driver of other vehicle/cyclist/pedestrian/passenger,Three lanes or more without central divider(median),Straight road,Y-Junction,Fine,AP16TC    2204,YES,Minor,0
18.10.2012,2:55 AM,1236,LHS,Rural,Maddipadu,Collision Brush/Side Wipe,Auto hit   Median,Auto,Non injury,Fault of driver of motor vehicle/driver of other vehicle/cyclist/pedestrian/passenger,Three lanes or more without central divider(median),Straight road,Y-Junction,Fine,AP16TC    2204,YES,Non injured ,1
18.10.2012,2:55 AM,1236,LHS,Rural,Maddipadu,Collision Brush/Side Wipe,Auto hit   Median,Auto,Non injury,Fault of driver of motor vehicle/driver of other vehicle/cyclist/pedestrian/passenger,Three lanes or more without central divider(median),Straight road,Y-Junction,Fine,AP16TC    2204,YES,Animals affected,0
18.10.2012,6:05 AM,1346.9,LHS,Rural,Dagadarthi,Skidding,Bike Skidding,Bike,Fatal,Over speed,Four lanes or more with central divider,Straight road,,Fine,AP26AQ    5298,YES,Fatal,1
18.10.2012,6:05 AM,1346.9,LHS,Rural,Dagadarthi,Skidding,Bike Skidding,Bike,Fatal,Over speed,Four lanes or more with central divider,Straight road,,Fine,AP26AQ    5298,YES,Grevious,0
18.10.2012,6:05 AM,1346.9,LHS,Rural,Dagadarthi,Skidding,Bike Skidding,Bike,Fatal,Over speed,Four lanes or more with central divider,Straight road,,Fine,AP26AQ    5298,YES,Minor,0
18.10.2012,6:05 AM,1346.9,LHS,Rural,Dagadarthi,Skidding,Bike Skidding,Bike,Fatal,Over speed,Four lanes or more with central divider,Straight road,,Fine,AP26AQ    5298,YES,Non injured ,0
18.10.2012,6:05 AM,1346.9,LHS,Rural,Dagadarthi,Skidding,Bike Skidding,Bike,Fatal,Over speed,Four lanes or more with central divider,Straight road,,Fine,AP26AQ    5298,YES,Animals affected,0
18.10.2012,5:10 PM,1211.2,RHS,Rural,Reningavaram,Collision Brush/Side Wipe, Car hit Buffalows,Car,Non injury,Over speed,Four lanes or more with central divider,Straight road,,Fine,AP16TC 0005,YES,Fatal,0
18.10.2012,5:10 PM,1211.2,RHS,Rural,Reningavaram,Collision Brush/Side Wipe, Car hit Buffalows,Car,Non injury,Over speed,Four lanes or more with central divider,Straight road,,Fine,AP16TC 0005,YES,Grevious,0
18.10.2012,5:10 PM,1211.2,RHS,Rural,Reningavaram,Collision Brush/Side Wipe, Car hit Buffalows,Car,Non injury,Over speed,Four lanes or more with central divider,Straight road,,Fine,AP16TC 0005,YES,Minor,0
18.10.2012,5:10 PM,1211.2,RHS,Rural,Reningavaram,Collision Brush/Side Wipe, Car hit Buffalows,Car,Non injury,Over speed,Four lanes or more with central divider,Straight road,,Fine,AP16TC 0005,YES,Non injured ,6
18.10.2012,5:10 PM,1211.2,RHS,Rural,Reningavaram,Collision Brush/Side Wipe, Car hit Buffalows,Car,Non injury,Over speed,Four lanes or more with central divider,Straight road,,Fine,AP16TC 0005,YES,Animals affected,1
18.10.2012,7:18 PM,1218.3,LHS,Rural,Medarametla,Collision Brush/Side Wipe, Unknown Vehicle hit Pedestrian,Unknown,Fatal,Over speed,Four lanes or more with central divider,Sharp curve,,Fine,Unknown  Vehicle,YES,Fatal,1
18.10.2012,7:18 PM,1218.3,LHS,Rural,Medarametla,Collision Brush/Side Wipe, Unknown Vehicle hit Pedestrian,Unknown,Fatal,Over speed,Four lanes or more with central divider,Sharp curve,,Fine,Unknown  Vehicle,YES,Grevious,0
18.10.2012,7:18 PM,1218.3,LHS,Rural,Medarametla,Collision Brush/Side Wipe, Unknown Vehicle hit Pedestrian,Unknown,Fatal,Over speed,Four lanes or more with central divider,Sharp curve,,Fine,Unknown  Vehicle,YES,Minor,0
18.10.2012,7:18 PM,1218.3,LHS,Rural,Medarametla,Collision Brush/Side Wipe, Unknown Vehicle hit Pedestrian,Unknown,Fatal,Over speed,Four lanes or more with central divider,Sharp curve,,Fine,Unknown  Vehicle,YES,Non injured ,0