Operational date,Time of Accident,KM && M,Position,Rural/Urban,Location,Nature of Accident Position,Nature of Accident,Vehicle Involved,Type of Accident,Causes,Road Feature,Road condition,Intersection Type And Control,Weather Condition,Vehicle Responsible,Help Provided by Ambulance/Patroling Vehicle,Classification of Accident,No of Affected Persons
18.10.2012,7:18 PM,1218.3,LHS,Rural,Medarametla,Collision Brush/Side Wipe, Unknown Vehicle hit Pedestrian,Unknown,Fatal,Over speed,Four lanes or more with central divider,Sharp curve,,Fine,Unknown  Vehicle,YES,Animals affected,0
19.10.2012,6:20 AM,1251,RHS,Rural,Ongole,Rear End Collision, Lorry hit Lorry,Lorry,Non injury,Fault of driver of motor vehicle/driver of other vehicle/cyclist/pedestrian/passenger,Four lanes or more with central divider,Straight road,,Light rain,MP04HE 0990,YES,Fatal,0
19.10.2012,6:20 AM,1251,RHS,Rural,Ongole,Rear End Collision, Lorry hit Lorry,Lorry,Non injury,Fault of driver of motor vehicle/driver of other vehicle/cyclist/pedestrian/passenger,Four lanes or more with central divider,Straight road,,Light rain,MP04HE 0990,YES,Grevious,0
19.10.2012,6:20 AM,1251,RHS,Rural,Ongole,Rear End Collision, Lorry hit Lorry,Lorry,Non injury,Fault of driver of motor vehicle/driver of other vehicle/cyclist/pedestrian/passenger,Four lanes or more with central divider,Straight road,,Light rain,MP04HE 0990,YES,Minor,0
19.10.2012,6:20 AM,1251,RHS,Rural,Ongole,Rear End Collision, Lorry hit Lorry,Lorry,Non injury,Fault of driver of motor vehicle/driver of other vehicle/cyclist/pedestrian/passenger,Four lanes or more with central divider,Straight road,,Light rain,MP04HE 0990,YES,Non injured ,2
19.10.2012,6:20 AM,1251,RHS,Rural,Ongole,Rear End Collision, Lorry hit Lorry,Lorry,Non injury,Fault of driver of motor vehicle/driver of other vehicle/cyclist/pedestrian/passenger,Four lanes or more with central divider,Straight road,,Light rain,MP04HE 0990,YES,Animals affected,0
19.10.2012,7:06 AM,1192.7,LHS,Rural,Martur,Head on collision, Auto hit Bike,Auto,Grievious injury,Fault of driver of motor vehicle/driver of other vehicle/cyclist/pedestrian/passenger,Four lanes or more with central divider,Straight road,,Fine,AP37TB  1363,YES,Fatal,0
19.10.2012,7:06 AM,1192.7,LHS,Rural,Martur,Head on collision, Auto hit Bike,Auto,Grievious injury,Fault of driver of motor vehicle/driver of other vehicle/cyclist/pedestrian/passenger,Four lanes or more with central divider,Straight road,,Fine,AP37TB  1363,YES,Grevious,2
19.10.2012,7:06 AM,1192.7,LHS,Rural,Martur,Head on collision, Auto hit Bike,Auto,Grievious injury,Fault of driver of motor vehicle/driver of other vehicle/cyclist/pedestrian/passenger,Four lanes or more with central divider,Straight road,,Fine,AP37TB  1363,YES,Minor,1
19.10.2012,7:06 AM,1192.7,LHS,Rural,Martur,Head on collision, Auto hit Bike,Auto,Grievious injury,Fault of driver of motor vehicle/driver of other vehicle/cyclist/pedestrian/passenger,Four lanes or more with central divider,Straight road,,Fine,AP37TB  1363,YES,Non injured ,0
19.10.2012,7:06 AM,1192.7,LHS,Rural,Martur,Head on collision, Auto hit Bike,Auto,Grievious injury,Fault of driver of motor vehicle/driver of other vehicle/cyclist/pedestrian/passenger,Four lanes or more with central divider,Straight road,,Fine,AP37TB  1363,YES,Animals affected,0
19.10.2012,3:15 PM,1192,LHS,Rural,Martur,Others(p1.Specific), Lorry Load             Fell -down,Lorry,Non injury,Fault of driver of motor vehicle/driver of other vehicle/cyclist/pedestrian/passenger,Four lanes or more with central divider,Straight road,,Light rain,AP07TT 5920,YES,Fatal,0
19.10.2012,3:15 PM,1192,LHS,Rural,Martur,Others(p1.Specific), Lorry Load             Fell -down,Lorry,Non injury,Fault of driver of motor vehicle/driver of other vehicle/cyclist/pedestrian/passenger,Four lanes or more with central divider,Straight road,,Light rain,AP07TT 5920,YES,Grevious,0
19.10.2012,3:15 PM,1192,LHS,Rural,Martur,Others(p1.Specific), Lorry Load             Fell -down,Lorry,Non injury,Fault of driver of motor vehicle/driver of other vehicle/cyclist/pedestrian/passenger,Four lanes or more with central divider,Straight road,,Light rain,AP07TT 5920,YES,Minor,0
19.10.2012,3:15 PM,1192,LHS,Rural,Martur,Others(p1.Specific), Lorry Load             Fell -down,Lorry,Non injury,Fault of driver of motor vehicle/driver of other vehicle/cyclist/pedestrian/passenger,Four lanes or more with central divider,Straight road,,Light rain,AP07TT 5920,YES,Non injured ,2
19.10.2012,3:15 PM,1192,LHS,Rural,Martur,Others(p1.Specific), Lorry Load             Fell -down,Lorry,Non injury,Fault of driver of motor vehicle/driver of other vehicle/cyclist/pedestrian/passenger,Four lanes or more with central divider,Straight road,,Light rain,AP07TT 5920,YES,Animals affected,0
19.10.2012,3:45 PM,1361.4,RHS,Rural,Kodavaluru,Rear End Collision, Lorry hit Unknown Vehicle,Lorry,Non injury,Vehicle out of control,Four lanes or more with central divider,Straight road,,Heavy rain,AP27TT 447,YES,Fatal,0
19.10.2012,3:45 PM,1361.4,RHS,Rural,Kodavaluru,Rear End Collision, Lorry hit Unknown Vehicle,Lorry,Non injury,Vehicle out of control,Four lanes or more with central divider,Straight road,,Heavy rain,AP27TT 447,YES,Grevious,0
19.10.2012,3:45 PM,1361.4,RHS,Rural,Kodavaluru,Rear End Collision, Lorry hit Unknown Vehicle,Lorry,Non injury,Vehicle out of control,Four lanes or more with central divider,Straight road,,Heavy rain,AP27TT 447,YES,Minor,0
19.10.2012,3:45 PM,1361.4,RHS,Rural,Kodavaluru,Rear End Collision, Lorry hit Unknown Vehicle,Lorry,Non injury,Vehicle out of control,Four lanes or more with central divider,Straight road,,Heavy rain,AP27TT 447,YES,Non injured ,2
19.10.2012,3:45 PM,1361.4,RHS,Rural,Kodavaluru,Rear End Collision, Lorry hit Unknown Vehicle,Lorry,Non injury,Vehicle out of control,Four lanes or more with central divider,Straight road,,Heavy rain,AP27TT 447,YES,Animals affected,0
19.10.2012,10:00 PM,1250.1,LHS,Rural,Ongole,Rear End Collision,Mini Lorry hit MiniLorry,Lorry,Grievious injury,Vehicle out of control,Four lanes or more with central divider,Straight road,,Light rain,AP16C     0113,YES,Fatal,0
19.10.2012,10:00 PM,1250.1,LHS,Rural,Ongole,Rear End Collision,Mini Lorry hit MiniLorry,Lorry,Grievious injury,Vehicle out of control,Four lanes or more with central divider,Straight road,,Light rain,AP16C     0113,YES,Grevious,1
19.10.2012,10:00 PM,1250.1,LHS,Rural,Ongole,Rear End Collision,Mini Lorry hit MiniLorry,Lorry,Grievious injury,Vehicle out of control,Four lanes or more with central divider,Straight road,,Light rain,AP16C     0113,YES,Minor,0
19.10.2012,10:00 PM,1250.1,LHS,Rural,Ongole,Rear End Collision,Mini Lorry hit MiniLorry,Lorry,Grievious injury,Vehicle out of control,Four lanes or more with central divider,Straight road,,Light rain,AP16C     0113,YES,Non injured ,1
19.10.2012,10:00 PM,1250.1,LHS,Rural,Ongole,Rear End Collision,Mini Lorry hit MiniLorry,Lorry,Grievious injury,Vehicle out of control,Four lanes or more with central divider,Straight road,,Light rain,AP16C     0113,YES,Animals affected,0
20.10.2012,1:30 AM,1334,LHS,Rural,K.Tippa ,Collision Brush/Side Wipe,Lorry hit   Median,Lorry,Non injury,Defect in mechanical condition of motor vehicle/road condition,Four lanes or more with central divider,Straight road,,Heavy rain,AP24CA    8579,YES,Fatal,0
20.10.2012,1:30 AM,1334,LHS,Rural,K.Tippa ,Collision Brush/Side Wipe,Lorry hit   Median,Lorry,Non injury,Defect in mechanical condition of motor vehicle/road condition,Four lanes or more with central divider,Straight road,,Heavy rain,AP24CA    8579,YES,Grevious,0
20.10.2012,1:30 AM,1334,LHS,Rural,K.Tippa ,Collision Brush/Side Wipe,Lorry hit   Median,Lorry,Non injury,Defect in mechanical condition of motor vehicle/road condition,Four lanes or more with central divider,Straight road,,Heavy rain,AP24CA    8579,YES,Minor,0
20.10.2012,1:30 AM,1334,LHS,Rural,K.Tippa ,Collision Brush/Side Wipe,Lorry hit   Median,Lorry,Non injury,Defect in mechanical condition of motor vehicle/road condition,Four lanes or more with central divider,Straight road,,Heavy rain,AP24CA    8579,YES,Non injured ,2
20.10.2012,1:30 AM,1334,LHS,Rural,K.Tippa ,Collision Brush/Side Wipe,Lorry hit   Median,Lorry,Non injury,Defect in mechanical condition of motor vehicle/road condition,Four lanes or more with central divider,Straight road,,Heavy rain,AP24CA    8579,YES,Animals affected,0
20.10.2012,4:30 PM,1301.6,LHS,Rural,Gudluru,Rear End Collision, Lorry hit Unknown Vehicle,Lorry,Non injury,Over speed,Four lanes or more with central divider,Sharp curve,,Cloudy,NL01G 8823,YES,Fatal,0
20.10.2012,4:30 PM,1301.6,LHS,Rural,Gudluru,Rear End Collision, Lorry hit Unknown Vehicle,Lorry,Non injury,Over speed,Four lanes or more with central divider,Sharp curve,,Cloudy,NL01G 8823,YES,Grevious,0
20.10.2012,4:30 PM,1301.6,LHS,Rural,Gudluru,Rear End Collision, Lorry hit Unknown Vehicle,Lorry,Non injury,Over speed,Four lanes or more with central divider,Sharp curve,,Cloudy,NL01G 8823,YES,Minor,0
20.10.2012,4:30 PM,1301.6,LHS,Rural,Gudluru,Rear End Collision, Lorry hit Unknown Vehicle,Lorry,Non injury,Over speed,Four lanes or more with central divider,Sharp curve,,Cloudy,NL01G 8823,YES,Non injured ,2
20.10.2012,4:30 PM,1301.6,LHS,Rural,Gudluru,Rear End Collision, Lorry hit Unknown Vehicle,Lorry,Non injury,Over speed,Four lanes or more with central divider,Sharp curve,,Cloudy,NL01G 8823,YES,Animals affected,0
20.10.2012,4:50 PM,1347.9,RHS,Rural,Dagadarthi,Skidding, Bike Skidding,Bike,Grievious injury,Vehicle out of control,Four lanes or more with central divider,Straight road,,Strong Wind,AP13F 3220,YES,Fatal,0
20.10.2012,4:50 PM,1347.9,RHS,Rural,Dagadarthi,Skidding, Bike Skidding,Bike,Grievious injury,Vehicle out of control,Four lanes or more with central divider,Straight road,,Strong Wind,AP13F 3220,YES,Grevious,1
20.10.2012,4:50 PM,1347.9,RHS,Rural,Dagadarthi,Skidding, Bike Skidding,Bike,Grievious injury,Vehicle out of control,Four lanes or more with central divider,Straight road,,Strong Wind,AP13F 3220,YES,Minor,0
20.10.2012,4:50 PM,1347.9,RHS,Rural,Dagadarthi,Skidding, Bike Skidding,Bike,Grievious injury,Vehicle out of control,Four lanes or more with central divider,Straight road,,Strong Wind,AP13F 3220,YES,Non injured ,0
20.10.2012,4:50 PM,1347.9,RHS,Rural,Dagadarthi,Skidding, Bike Skidding,Bike,Grievious injury,Vehicle out of control,Four lanes or more with central divider,Straight road,,Strong Wind,AP13F 3220,YES,Animals affected,0
20.10.2012,7:10 PM,1266.1,RHS,Rural,Tangutur,Collision Brush/Side Wipe, Car hit   Bike,Car,Grievious injury,Over speed,Three lanes or more without central divider(median),Straight road,Four arm junction,Cloudy,AP20AB 8478,YES,Fatal,0
20.10.2012,7:10 PM,1266.1,RHS,Rural,Tangutur,Collision Brush/Side Wipe, Car hit   Bike,Car,Grievious injury,Over speed,Three lanes or more without central divider(median),Straight road,Four arm junction,Cloudy,AP20AB 8478,YES,Grevious,1
20.10.2012,7:10 PM,1266.1,RHS,Rural,Tangutur,Collision Brush/Side Wipe, Car hit   Bike,Car,Grievious injury,Over speed,Three lanes or more without central divider(median),Straight road,Four arm junction,Cloudy,AP20AB 8478,YES,Minor,0
20.10.2012,7:10 PM,1266.1,RHS,Rural,Tangutur,Collision Brush/Side Wipe, Car hit   Bike,Car,Grievious injury,Over speed,Three lanes or more without central divider(median),Straight road,Four arm junction,Cloudy,AP20AB 8478,YES,Non injured ,0
20.10.2012,7:10 PM,1266.1,RHS,Rural,Tangutur,Collision Brush/Side Wipe, Car hit   Bike,Car,Grievious injury,Over speed,Three lanes or more without central divider(median),Straight road,Four arm junction,Cloudy,AP20AB 8478,YES,Animals affected,0
20.10.2012,8:10 PM,1313.2,RHS,Rural,Kavali,Left Turn Collision, Lorry hit Bike,Lorry,Grievious injury,Fault of driver of motor vehicle/driver of other vehicle/cyclist/pedestrian/passenger,Three lanes or more without central divider(median),Slight curve,T-Junction,Light rain,AP16 TW 3596,YES,Fatal,0
20.10.2012,8:10 PM,1313.2,RHS,Rural,Kavali,Left Turn Collision, Lorry hit Bike,Lorry,Grievious injury,Fault of driver of motor vehicle/driver of other vehicle/cyclist/pedestrian/passenger,Three lanes or more without central divider(median),Slight curve,T-Junction,Light rain,AP16 TW 3596,YES,Grevious,1
20.10.2012,8:10 PM,1313.2,RHS,Rural,Kavali,Left Turn Collision, Lorry hit Bike,Lorry,Grievious injury,Fault of driver of motor vehicle/driver of other vehicle/cyclist/pedestrian/passenger,Three lanes or more without central divider(median),Slight curve,T-Junction,Light rain,AP16 TW 3596,YES,Minor,0
20.10.2012,8:10 PM,1313.2,RHS,Rural,Kavali,Left Turn Collision, Lorry hit Bike,Lorry,Grievious injury,Fault of driver of motor vehicle/driver of other vehicle/cyclist/pedestrian/passenger,Three lanes or more without central divider(median),Slight curve,T-Junction,Light rain,AP16 TW 3596,YES,Non injured ,2
20.10.2012,8:10 PM,1313.2,RHS,Rural,Kavali,Left Turn Collision, Lorry hit Bike,Lorry,Grievious injury,Fault of driver of motor vehicle/driver of other vehicle/cyclist/pedestrian/passenger,Three lanes or more without central divider(median),Slight curve,T-Junction,Light rain,AP16 TW 3596,YES,Animals affected,0
21.10.2012,3:10 AM,1304,LHS,Rural,Gudluru,Collision Brush/Side Wipe, Bus hit Median,Bus,Non injury,Over speed,Four lanes or more with central divider,Straight road,,Light rain,AP07TB 05,YES,Fatal,0
21.10.2012,3:10 AM,1304,LHS,Rural,Gudluru,Collision Brush/Side Wipe, Bus hit Median,Bus,Non injury,Over speed,Four lanes or more with central divider,Straight road,,Light rain,AP07TB 05,YES,Grevious,0
21.10.2012,3:10 AM,1304,LHS,Rural,Gudluru,Collision Brush/Side Wipe, Bus hit Median,Bus,Non injury,Over speed,Four lanes or more with central divider,Straight road,,Light rain,AP07TB 05,YES,Minor,0
21.10.2012,3:10 AM,1304,LHS,Rural,Gudluru,Collision Brush/Side Wipe, Bus hit Median,Bus,Non injury,Over speed,Four lanes or more with central divider,Straight road,,Light rain,AP07TB 05,YES,Non injured ,17
21.10.2012,3:10 AM,1304,LHS,Rural,Gudluru,Collision Brush/Side Wipe, Bus hit Median,Bus,Non injury,Over speed,Four lanes or more with central divider,Straight road,,Light rain,AP07TB 05,YES,Animals affected,0
21.10.2012,4:00 AM,1273.1,LHS,Rural,Singarayakonda,Head on collision, Lorry hit Safety Wall,Lorry,Non injury,Vehicle out of control,Four lanes or more with central divider,Sharp curve,,Cloudy,WB23A 6072,YES,Fatal,0
21.10.2012,4:00 AM,1273.1,LHS,Rural,Singarayakonda,Head on collision, Lorry hit Safety Wall,Lorry,Non injury,Vehicle out of control,Four lanes or more with central divider,Sharp curve,,Cloudy,WB23A 6072,YES,Grevious,0
21.10.2012,4:00 AM,1273.1,LHS,Rural,Singarayakonda,Head on collision, Lorry hit Safety Wall,Lorry,Non injury,Vehicle out of control,Four lanes or more with central divider,Sharp curve,,Cloudy,WB23A 6072,YES,Minor,0
21.10.2012,4:00 AM,1273.1,LHS,Rural,Singarayakonda,Head on collision, Lorry hit Safety Wall,Lorry,Non injury,Vehicle out of control,Four lanes or more with central divider,Sharp curve,,Cloudy,WB23A 6072,YES,Non injured ,2
21.10.2012,4:00 AM,1273.1,LHS,Rural,Singarayakonda,Head on collision, Lorry hit Safety Wall,Lorry,Non injury,Vehicle out of control,Four lanes or more with central divider,Sharp curve,,Cloudy,WB23A 6072,YES,Animals affected,0
21.10.2012,10:16 AM,1213.7,LHS,Rural,Maddipadu,Rear End Collision, Lorry hit Lorry,Lorry,Non injury,Over speed,Four lanes or more with central divider,Straight road,,Cloudy,TN20Y 8047,YES,Fatal,0
21.10.2012,10:16 AM,1213.7,LHS,Rural,Maddipadu,Rear End Collision, Lorry hit Lorry,Lorry,Non injury,Over speed,Four lanes or more with central divider,Straight road,,Cloudy,TN20Y 8047,YES,Grevious,0
21.10.2012,10:16 AM,1213.7,LHS,Rural,Maddipadu,Rear End Collision, Lorry hit Lorry,Lorry,Non injury,Over speed,Four lanes or more with central divider,Straight road,,Cloudy,TN20Y 8047,YES,Minor,0
21.10.2012,10:16 AM,1213.7,LHS,Rural,Maddipadu,Rear End Collision, Lorry hit Lorry,Lorry,Non injury,Over speed,Four lanes or more with central divider,Straight road,,Cloudy,TN20Y 8047,YES,Non injured ,2
21.10.2012,10:16 AM,1213.7,LHS,Rural,Maddipadu,Rear End Collision, Lorry hit Lorry,Lorry,Non injury,Over speed,Four lanes or more with central divider,Straight road,,Cloudy,TN20Y 8047,YES,Animals affected,0
22.10.2012,4:36 AM,1292,RHS,Rural,Ulavapadu,Rear End Collision,Lorry hit     Unknown Vehicle,Lorry,Minor injury,Fault of driver of motor vehicle/driver of other vehicle/cyclist/pedestrian/passenger,Four lanes or more with central divider,Straight road,,Cloudy,AP16TV       8929,YES,Fatal,0
22.10.2012,4:36 AM,1292,RHS,Rural,Ulavapadu,Rear End Collision,Lorry hit     Unknown Vehicle,Lorry,Minor injury,Fault of driver of motor vehicle/driver of other vehicle/cyclist/pedestrian/passenger,Four lanes or more with central divider,Straight road,,Cloudy,AP16TV       8929,YES,Grevious,0
22.10.2012,4:36 AM,1292,RHS,Rural,Ulavapadu,Rear End Collision,Lorry hit     Unknown Vehicle,Lorry,Minor injury,Fault of driver of motor vehicle/driver of other vehicle/cyclist/pedestrian/passenger,Four lanes or more with central divider,Straight road,,Cloudy,AP16TV       8929,YES,Minor,1
22.10.2012,4:36 AM,1292,RHS,Rural,Ulavapadu,Rear End Collision,Lorry hit     Unknown Vehicle,Lorry,Minor injury,Fault of driver of motor vehicle/driver of other vehicle/cyclist/pedestrian/passenger,Four lanes or more with central divider,Straight road,,Cloudy,AP16TV       8929,YES,Non injured ,1
22.10.2012,4:36 AM,1292,RHS,Rural,Ulavapadu,Rear End Collision,Lorry hit     Unknown Vehicle,Lorry,Minor injury,Fault of driver of motor vehicle/driver of other vehicle/cyclist/pedestrian/passenger,Four lanes or more with central divider,Straight road,,Cloudy,AP16TV       8929,YES,Animals affected,0
22.10.2012,2:20 PM,1188,LHS,Rural,Martur,Collision Brush/Side Wipe,Car hit     Pedestrian,Car,Minor injury,Over speed,Four lanes or more with central divider,Straight road,Four arm junction,Fine,AP27V     8420,YES,Fatal,0
22.10.2012,2:20 PM,1188,LHS,Rural,Martur,Collision Brush/Side Wipe,Car hit     Pedestrian,Car,Minor injury,Over speed,Four lanes or more with central divider,Straight road,Four arm junction,Fine,AP27V     8420,YES,Grevious,0
22.10.2012,2:20 PM,1188,LHS,Rural,Martur,Collision Brush/Side Wipe,Car hit     Pedestrian,Car,Minor injury,Over speed,Four lanes or more with central divider,Straight road,Four arm junction,Fine,AP27V     8420,YES,Minor,1
22.10.2012,2:20 PM,1188,LHS,Rural,Martur,Collision Brush/Side Wipe,Car hit     Pedestrian,Car,Minor injury,Over speed,Four lanes or more with central divider,Straight road,Four arm junction,Fine,AP27V     8420,YES,Non injured ,2
22.10.2012,2:20 PM,1188,LHS,Rural,Martur,Collision Brush/Side Wipe,Car hit     Pedestrian,Car,Minor injury,Over speed,Four lanes or more with central divider,Straight road,Four arm junction,Fine,AP27V     8420,YES,Animals affected,0
22.10.2012,3:50 PM,1331.2,LHS,Rural,Kavali,Collision Brush/Side Wipe,Car hit    Bufflow        ,Car,Non injury,Over speed,Four lanes or more with central divider,Straight road,,Fine,TN20BE   1554,YES,Fatal,0
22.10.2012,3:50 PM,1331.2,LHS,Rural,Kavali,Collision Brush/Side Wipe,Car hit    Bufflow        ,Car,Non injury,Over speed,Four lanes or more with central divider,Straight road,,Fine,TN20BE   1554,YES,Grevious,0
22.10.2012,3:50 PM,1331.2,LHS,Rural,Kavali,Collision Brush/Side Wipe,Car hit    Bufflow        ,Car,Non injury,Over speed,Four lanes or more with central divider,Straight road,,Fine,TN20BE   1554,YES,Minor,0
22.10.2012,3:50 PM,1331.2,LHS,Rural,Kavali,Collision Brush/Side Wipe,Car hit    Bufflow        ,Car,Non injury,Over speed,Four lanes or more with central divider,Straight road,,Fine,TN20BE   1554,YES,Non injured ,2
22.10.2012,3:50 PM,1331.2,LHS,Rural,Kavali,Collision Brush/Side Wipe,Car hit    Bufflow        ,Car,Non injury,Over speed,Four lanes or more with central divider,Straight road,,Fine,TN20BE   1554,YES,Animals affected,1
22.10.2012,6:50 PM,1235.6,LHS,Rural,Maddipadu,Overturning,Auto    Overturned,Auto,Grievious injury,Over speed,Four lanes or more with central divider,Straight road,,Fine,AP27X     7191,YES,Fatal,0
22.10.2012,6:50 PM,1235.6,LHS,Rural,Maddipadu,Overturning,Auto    Overturned,Auto,Grievious injury,Over speed,Four lanes or more with central divider,Straight road,,Fine,AP27X     7191,YES,Grevious,2
22.10.2012,6:50 PM,1235.6,LHS,Rural,Maddipadu,Overturning,Auto    Overturned,Auto,Grievious injury,Over speed,Four lanes or more with central divider,Straight road,,Fine,AP27X     7191,YES,Minor,1
22.10.2012,6:50 PM,1235.6,LHS,Rural,Maddipadu,Overturning,Auto    Overturned,Auto,Grievious injury,Over speed,Four lanes or more with central divider,Straight road,,Fine,AP27X     7191,YES,Non injured ,1
22.10.2012,6:50 PM,1235.6,LHS,Rural,Maddipadu,Overturning,Auto    Overturned,Auto,Grievious injury,Over speed,Four lanes or more with central divider,Straight road,,Fine,AP27X     7191,YES,Animals affected,0
23.10.2012,7:10 AM,1256.6,LHS,Rural,Tangutur,Rear End Collision,Acid Tanker hit Unknown Vehicle,Tanker,Non injury,Over speed,Four lanes or more with central divider,Straight road,,Fine,TN 39AZ  6096,YES,Fatal,0
23.10.2012,7:10 AM,1256.6,LHS,Rural,Tangutur,Rear End Collision,Acid Tanker hit Unknown Vehicle,Tanker,Non injury,Over speed,Four lanes or more with central divider,Straight road,,Fine,TN 39AZ  6096,YES,Grevious,0
23.10.2012,7:10 AM,1256.6,LHS,Rural,Tangutur,Rear End Collision,Acid Tanker hit Unknown Vehicle,Tanker,Non injury,Over speed,Four lanes or more with central divider,Straight road,,Fine,TN 39AZ  6096,YES,Minor,0
23.10.2012,7:10 AM,1256.6,LHS,Rural,Tangutur,Rear End Collision,Acid Tanker hit Unknown Vehicle,Tanker,Non injury,Over speed,Four lanes or more with central divider,Straight road,,Fine,TN 39AZ  6096,YES,Non injured ,2
23.10.2012,7:10 AM,1256.6,LHS,Rural,Tangutur,Rear End Collision,Acid Tanker hit Unknown Vehicle,Tanker,Non injury,Over speed,Four lanes or more with central divider,Straight road,,Fine,TN 39AZ  6096,YES,Animals affected,0
23.10.2012,2:36 PM,1247.9,LHS,Urban,Ongole,Rear End Collision, Car hit Car,Car,Non injury,Over speed,Four lanes or more with central divider,Straight road,T-Junction,Fine,TN01AM   4007,YES,Fatal,0
23.10.2012,2:36 PM,1247.9,LHS,Urban,Ongole,Rear End Collision, Car hit Car,Car,Non injury,Over speed,Four lanes or more with central divider,Straight road,T-Junction,Fine,TN01AM   4007,YES,Grevious,0
23.10.2012,2:36 PM,1247.9,LHS,Urban,Ongole,Rear End Collision, Car hit Car,Car,Non injury,Over speed,Four lanes or more with central divider,Straight road,T-Junction,Fine,TN01AM   4007,YES,Minor,0
23.10.2012,2:36 PM,1247.9,LHS,Urban,Ongole,Rear End Collision, Car hit Car,Car,Non injury,Over speed,Four lanes or more with central divider,Straight road,T-Junction,Fine,TN01AM   4007,YES,Non injured ,4
23.10.2012,2:36 PM,1247.9,LHS,Urban,Ongole,Rear End Collision, Car hit Car,Car,Non injury,Over speed,Four lanes or more with central divider,Straight road,T-Junction,Fine,TN01AM   4007,YES,Animals affected,0
23.10.2012,5:10 PM,1185.4,LHS,Rural,Martur,Rear End Collision, Car hit Auto,Car,Non injury,Over speed,Four lanes or more with central divider,Straight road,,Fine,OR07D    3736,YES,Fatal,0
23.10.2012,5:10 PM,1185.4,LHS,Rural,Martur,Rear End Collision, Car hit Auto,Car,Non injury,Over speed,Four lanes or more with central divider,Straight road,,Fine,OR07D    3736,YES,Grevious,0
23.10.2012,5:10 PM,1185.4,LHS,Rural,Martur,Rear End Collision, Car hit Auto,Car,Non injury,Over speed,Four lanes or more with central divider,Straight road,,Fine,OR07D    3736,YES,Minor,0
23.10.2012,5:10 PM,1185.4,LHS,Rural,Martur,Rear End Collision, Car hit Auto,Car,Non injury,Over speed,Four lanes or more with central divider,Straight road,,Fine,OR07D    3736,YES,Non injured ,6
23.10.2012,5:10 PM,1185.4,LHS,Rural,Martur,Rear End Collision, Car hit Auto,Car,Non injury,Over speed,Four lanes or more with central divider,Straight road,,Fine,OR07D    3736,YES,Animals affected,0
23.10.2012,10:35 PM,1253.3,LHS,Rural,Ongole,Rear End Collision,Bike hit Safety Wall,Bike,Minor injury,Over speed,Four lanes or more with central divider,Straight road,,Fine,AP27AM  5531,YES,Fatal,0
23.10.2012,10:35 PM,1253.3,LHS,Rural,Ongole,Rear End Collision,Bike hit Safety Wall,Bike,Minor injury,Over speed,Four lanes or more with central divider,Straight road,,Fine,AP27AM  5531,YES,Grevious,0
23.10.2012,10:35 PM,1253.3,LHS,Rural,Ongole,Rear End Collision,Bike hit Safety Wall,Bike,Minor injury,Over speed,Four lanes or more with central divider,Straight road,,Fine,AP27AM  5531,YES,Minor,1
23.10.2012,10:35 PM,1253.3,LHS,Rural,Ongole,Rear End Collision,Bike hit Safety Wall,Bike,Minor injury,Over speed,Four lanes or more with central divider,Straight road,,Fine,AP27AM  5531,YES,Non injured ,0
23.10.2012,10:35 PM,1253.3,LHS,Rural,Ongole,Rear End Collision,Bike hit Safety Wall,Bike,Minor injury,Over speed,Four lanes or more with central divider,Straight road,,Fine,AP27AM  5531,YES,Animals affected,0
24.10.2012,4:10 AM,1206.7,RHS,Rural,Reningavaram,Rear End Collision, Car hit Tipper,Car,Minor injury,Over speed,Four lanes or more with central divider,Straight road,,Fine,AP07C   5257 ,YES,Fatal,0
24.10.2012,4:10 AM,1206.7,RHS,Rural,Reningavaram,Rear End Collision, Car hit Tipper,Car,Minor injury,Over speed,Four lanes or more with central divider,Straight road,,Fine,AP07C   5257 ,YES,Grevious,0
24.10.2012,4:10 AM,1206.7,RHS,Rural,Reningavaram,Rear End Collision, Car hit Tipper,Car,Minor injury,Over speed,Four lanes or more with central divider,Straight road,,Fine,AP07C   5257 ,YES,Minor,1
24.10.2012,4:10 AM,1206.7,RHS,Rural,Reningavaram,Rear End Collision, Car hit Tipper,Car,Minor injury,Over speed,Four lanes or more with central divider,Straight road,,Fine,AP07C   5257 ,YES,Non injured ,3
24.10.2012,4:10 AM,1206.7,RHS,Rural,Reningavaram,Rear End Collision, Car hit Tipper,Car,Minor injury,Over speed,Four lanes or more with central divider,Straight road,,Fine,AP07C   5257 ,YES,Animals affected,0
24.10.2012,5:00 AM,1195.4,LHS,Rural,Martur,Rear End Collision, Car hit Safety Wall,Car,Grievious injury,Over speed,Four lanes or more with central divider,Straight road,,Fine,AP09BV  4336,YES,Fatal,0
24.10.2012,5:00 AM,1195.4,LHS,Rural,Martur,Rear End Collision, Car hit Safety Wall,Car,Grievious injury,Over speed,Four lanes or more with central divider,Straight road,,Fine,AP09BV  4336,YES,Grevious,1
24.10.2012,5:00 AM,1195.4,LHS,Rural,Martur,Rear End Collision, Car hit Safety Wall,Car,Grievious injury,Over speed,Four lanes or more with central divider,Straight road,,Fine,AP09BV  4336,YES,Minor,2