Operational date,Time of Accident,KM && M,Position,Rural/Urban,Location,Nature of Accident Position,Nature of Accident,Vehicle Involved,Type of Accident,Causes,Road Feature,Road condition,Intersection Type And Control,Weather Condition,Vehicle Responsible,Help Provided by Ambulance/Patroling Vehicle,Classification of Accident,No of Affected Persons
24.10.2012,5:00 AM,1195.4,LHS,Rural,Martur,Rear End Collision, Car hit Safety Wall,Car,Grievious injury,Over speed,Four lanes or more with central divider,Straight road,,Fine,AP09BV  4336,YES,Non injured ,0
24.10.2012,5:00 AM,1195.4,LHS,Rural,Martur,Rear End Collision, Car hit Safety Wall,Car,Grievious injury,Over speed,Four lanes or more with central divider,Straight road,,Fine,AP09BV  4336,YES,Animals affected,0
24.10.2012,5:05 AM,1361.5,RHS,Rural,Kodavaluru,Rear End Collision, Lorry hit Unknown Vehice,Lorry,Non injury,Over speed,Four lanes or more with central divider,Straight road,,Fine,HR38N   8183,YES,Fatal,0
24.10.2012,5:05 AM,1361.5,RHS,Rural,Kodavaluru,Rear End Collision, Lorry hit Unknown Vehice,Lorry,Non injury,Over speed,Four lanes or more with central divider,Straight road,,Fine,HR38N   8183,YES,Grevious,0
24.10.2012,5:05 AM,1361.5,RHS,Rural,Kodavaluru,Rear End Collision, Lorry hit Unknown Vehice,Lorry,Non injury,Over speed,Four lanes or more with central divider,Straight road,,Fine,HR38N   8183,YES,Minor,0
24.10.2012,5:05 AM,1361.5,RHS,Rural,Kodavaluru,Rear End Collision, Lorry hit Unknown Vehice,Lorry,Non injury,Over speed,Four lanes or more with central divider,Straight road,,Fine,HR38N   8183,YES,Non injured ,2
24.10.2012,5:05 AM,1361.5,RHS,Rural,Kodavaluru,Rear End Collision, Lorry hit Unknown Vehice,Lorry,Non injury,Over speed,Four lanes or more with central divider,Straight road,,Fine,HR38N   8183,YES,Animals affected,0
25.10.2012,7:10 AM,1205.1,RHS,Rural,Reningavaram,Collision Brush/Side Wipe, Car hit Safety Wall,Car,Non injury,Over speed,Four lanes or more with central divider,Straight road,,Fine,AP20X   5049,YES,Fatal,0
25.10.2012,7:10 AM,1205.1,RHS,Rural,Reningavaram,Collision Brush/Side Wipe, Car hit Safety Wall,Car,Non injury,Over speed,Four lanes or more with central divider,Straight road,,Fine,AP20X   5049,YES,Grevious,0
25.10.2012,7:10 AM,1205.1,RHS,Rural,Reningavaram,Collision Brush/Side Wipe, Car hit Safety Wall,Car,Non injury,Over speed,Four lanes or more with central divider,Straight road,,Fine,AP20X   5049,YES,Minor,0
25.10.2012,7:10 AM,1205.1,RHS,Rural,Reningavaram,Collision Brush/Side Wipe, Car hit Safety Wall,Car,Non injury,Over speed,Four lanes or more with central divider,Straight road,,Fine,AP20X   5049,YES,Non injured ,17
25.10.2012,7:10 AM,1205.1,RHS,Rural,Reningavaram,Collision Brush/Side Wipe, Car hit Safety Wall,Car,Non injury,Over speed,Four lanes or more with central divider,Straight road,,Fine,AP20X   5049,YES,Animals affected,0
25.10.2012,7:10 PM,1206,RHS,Rural,Reningavaram,Skidding,Bike Skidding,Bike,Minor injury,Druken,Four lanes or more with central divider,Straight road,,Fine,AP27AC   0120,YES,Fatal,0
25.10.2012,7:10 PM,1206,RHS,Rural,Reningavaram,Skidding,Bike Skidding,Bike,Minor injury,Druken,Four lanes or more with central divider,Straight road,,Fine,AP27AC   0120,YES,Grevious,0
25.10.2012,7:10 PM,1206,RHS,Rural,Reningavaram,Skidding,Bike Skidding,Bike,Minor injury,Druken,Four lanes or more with central divider,Straight road,,Fine,AP27AC   0120,YES,Minor,1
25.10.2012,7:10 PM,1206,RHS,Rural,Reningavaram,Skidding,Bike Skidding,Bike,Minor injury,Druken,Four lanes or more with central divider,Straight road,,Fine,AP27AC   0120,YES,Non injured ,0
25.10.2012,7:10 PM,1206,RHS,Rural,Reningavaram,Skidding,Bike Skidding,Bike,Minor injury,Druken,Four lanes or more with central divider,Straight road,,Fine,AP27AC   0120,YES,Animals affected,0
26.10.2012,12:50 AM,1352,RHS,Rural,Kodavaluru,Collision Brush/Side Wipe,Car hit   Bufflow,Car,Non injury,Over speed,Four lanes or more with central divider,Straight road,,Fine,AP10AJ     6941,YES,Fatal,0
26.10.2012,12:50 AM,1352,RHS,Rural,Kodavaluru,Collision Brush/Side Wipe,Car hit   Bufflow,Car,Non injury,Over speed,Four lanes or more with central divider,Straight road,,Fine,AP10AJ     6941,YES,Grevious,0
26.10.2012,12:50 AM,1352,RHS,Rural,Kodavaluru,Collision Brush/Side Wipe,Car hit   Bufflow,Car,Non injury,Over speed,Four lanes or more with central divider,Straight road,,Fine,AP10AJ     6941,YES,Minor,0
26.10.2012,12:50 AM,1352,RHS,Rural,Kodavaluru,Collision Brush/Side Wipe,Car hit   Bufflow,Car,Non injury,Over speed,Four lanes or more with central divider,Straight road,,Fine,AP10AJ     6941,YES,Non injured ,4
26.10.2012,12:50 AM,1352,RHS,Rural,Kodavaluru,Collision Brush/Side Wipe,Car hit   Bufflow,Car,Non injury,Over speed,Four lanes or more with central divider,Straight road,,Fine,AP10AJ     6941,YES,Animals affected,1
26.10.2012,8:46 PM,1345,RHS,Rural,Dagadarthi,Skidding,Bike Skidding,Bike,Minor injury,Druken,Four lanes or more with central divider,Straight road,,Fine,AP26AA    1617,YES,Fatal,0
26.10.2012,8:46 PM,1345,RHS,Rural,Dagadarthi,Skidding,Bike Skidding,Bike,Minor injury,Druken,Four lanes or more with central divider,Straight road,,Fine,AP26AA    1617,YES,Grevious,0
26.10.2012,8:46 PM,1345,RHS,Rural,Dagadarthi,Skidding,Bike Skidding,Bike,Minor injury,Druken,Four lanes or more with central divider,Straight road,,Fine,AP26AA    1617,YES,Minor,1
26.10.2012,8:46 PM,1345,RHS,Rural,Dagadarthi,Skidding,Bike Skidding,Bike,Minor injury,Druken,Four lanes or more with central divider,Straight road,,Fine,AP26AA    1617,YES,Non injured ,0
26.10.2012,8:46 PM,1345,RHS,Rural,Dagadarthi,Skidding,Bike Skidding,Bike,Minor injury,Druken,Four lanes or more with central divider,Straight road,,Fine,AP26AA    1617,YES,Animals affected,0
27.10.2012,6:10 AM,1240.8,LHS,Rural,Ongole,Overturning, Car Over Turned,Car,Grievious injury,Over speed,Four lanes or more with central divider,Straight road,,Fine,KA01NJ 5174,YES,Fatal,0
27.10.2012,6:10 AM,1240.8,LHS,Rural,Ongole,Overturning, Car Over Turned,Car,Grievious injury,Over speed,Four lanes or more with central divider,Straight road,,Fine,KA01NJ 5174,YES,Grevious,1
27.10.2012,6:10 AM,1240.8,LHS,Rural,Ongole,Overturning, Car Over Turned,Car,Grievious injury,Over speed,Four lanes or more with central divider,Straight road,,Fine,KA01NJ 5174,YES,Minor,1
27.10.2012,6:10 AM,1240.8,LHS,Rural,Ongole,Overturning, Car Over Turned,Car,Grievious injury,Over speed,Four lanes or more with central divider,Straight road,,Fine,KA01NJ 5174,YES,Non injured ,4
27.10.2012,6:10 AM,1240.8,LHS,Rural,Ongole,Overturning, Car Over Turned,Car,Grievious injury,Over speed,Four lanes or more with central divider,Straight road,,Fine,KA01NJ 5174,YES,Animals affected,0
27.10.2012,5:40 PM,1260.3,RHS,Rural,Tangutur,Collision Brush/Side Wipe, Bike hit Pedestrians,Bike,Grievious injury,Over speed,Four lanes or more with central divider,Straight road,,Fine,AP27AM 4141,YES,Fatal,0
27.10.2012,5:40 PM,1260.3,RHS,Rural,Tangutur,Collision Brush/Side Wipe, Bike hit Pedestrians,Bike,Grievious injury,Over speed,Four lanes or more with central divider,Straight road,,Fine,AP27AM 4141,YES,Grevious,3
27.10.2012,5:40 PM,1260.3,RHS,Rural,Tangutur,Collision Brush/Side Wipe, Bike hit Pedestrians,Bike,Grievious injury,Over speed,Four lanes or more with central divider,Straight road,,Fine,AP27AM 4141,YES,Minor,1
27.10.2012,5:40 PM,1260.3,RHS,Rural,Tangutur,Collision Brush/Side Wipe, Bike hit Pedestrians,Bike,Grievious injury,Over speed,Four lanes or more with central divider,Straight road,,Fine,AP27AM 4141,YES,Non injured ,0
27.10.2012,5:40 PM,1260.3,RHS,Rural,Tangutur,Collision Brush/Side Wipe, Bike hit Pedestrians,Bike,Grievious injury,Over speed,Four lanes or more with central divider,Straight road,,Fine,AP27AM 4141,YES,Animals affected,0
27.10.2012,6:50 PM,1292.7,RHS,Rural,Ulavapadu,Overturning, Mini Lorry Over Turned,Lorry,Non injury,Over speed,Four lanes or more with central divider,Slight curve,T-Junction,Fine,AP16U 1157,YES,Fatal,0
27.10.2012,6:50 PM,1292.7,RHS,Rural,Ulavapadu,Overturning, Mini Lorry Over Turned,Lorry,Non injury,Over speed,Four lanes or more with central divider,Slight curve,T-Junction,Fine,AP16U 1157,YES,Grevious,0
27.10.2012,6:50 PM,1292.7,RHS,Rural,Ulavapadu,Overturning, Mini Lorry Over Turned,Lorry,Non injury,Over speed,Four lanes or more with central divider,Slight curve,T-Junction,Fine,AP16U 1157,YES,Minor,0
27.10.2012,6:50 PM,1292.7,RHS,Rural,Ulavapadu,Overturning, Mini Lorry Over Turned,Lorry,Non injury,Over speed,Four lanes or more with central divider,Slight curve,T-Junction,Fine,AP16U 1157,YES,Non injured ,2
27.10.2012,6:50 PM,1292.7,RHS,Rural,Ulavapadu,Overturning, Mini Lorry Over Turned,Lorry,Non injury,Over speed,Four lanes or more with central divider,Slight curve,T-Junction,Fine,AP16U 1157,YES,Animals affected,0
28.10.2012,4:00 AM,1354,RHS,Rural,Kodavaluru,Rear End Collision,Lorry hit   Lorry,Lorry,Non injury,Over speed,Four lanes or more with central divider,Straight road,,Fine,WB23V     2963,YES,Fatal,0
28.10.2012,4:00 AM,1354,RHS,Rural,Kodavaluru,Rear End Collision,Lorry hit   Lorry,Lorry,Non injury,Over speed,Four lanes or more with central divider,Straight road,,Fine,WB23V     2963,YES,Grevious,0
28.10.2012,4:00 AM,1354,RHS,Rural,Kodavaluru,Rear End Collision,Lorry hit   Lorry,Lorry,Non injury,Over speed,Four lanes or more with central divider,Straight road,,Fine,WB23V     2963,YES,Minor,0
28.10.2012,4:00 AM,1354,RHS,Rural,Kodavaluru,Rear End Collision,Lorry hit   Lorry,Lorry,Non injury,Over speed,Four lanes or more with central divider,Straight road,,Fine,WB23V     2963,YES,Non injured ,2
28.10.2012,4:00 AM,1354,RHS,Rural,Kodavaluru,Rear End Collision,Lorry hit   Lorry,Lorry,Non injury,Over speed,Four lanes or more with central divider,Straight road,,Fine,WB23V     2963,YES,Animals affected,0
29.10.2012,5:20 AM,1194,RHS,Rural,Martur,Rear End Collision, Mini Lorry hit Safety Wall,Lorry,Non injury,Over speed,Four lanes or more with central divider,Straight road,,Fine,AP28Y  8801,YES,Fatal,0
29.10.2012,5:20 AM,1194,RHS,Rural,Martur,Rear End Collision, Mini Lorry hit Safety Wall,Lorry,Non injury,Over speed,Four lanes or more with central divider,Straight road,,Fine,AP28Y  8801,YES,Grevious,0
29.10.2012,5:20 AM,1194,RHS,Rural,Martur,Rear End Collision, Mini Lorry hit Safety Wall,Lorry,Non injury,Over speed,Four lanes or more with central divider,Straight road,,Fine,AP28Y  8801,YES,Minor,0
29.10.2012,5:20 AM,1194,RHS,Rural,Martur,Rear End Collision, Mini Lorry hit Safety Wall,Lorry,Non injury,Over speed,Four lanes or more with central divider,Straight road,,Fine,AP28Y  8801,YES,Non injured ,2
29.10.2012,5:20 AM,1194,RHS,Rural,Martur,Rear End Collision, Mini Lorry hit Safety Wall,Lorry,Non injury,Over speed,Four lanes or more with central divider,Straight road,,Fine,AP28Y  8801,YES,Animals affected,0
29.10.2012,8:00 AM,1209.9,RHS,Rural,Reningavaram,Skidding, Bike Skidding,Bike,Grievious injury,Over speed,Four lanes or more with central divider,Straight road,,Fine,AP27AM 4538,YES,Fatal,0
29.10.2012,8:00 AM,1209.9,RHS,Rural,Reningavaram,Skidding, Bike Skidding,Bike,Grievious injury,Over speed,Four lanes or more with central divider,Straight road,,Fine,AP27AM 4538,YES,Grevious,1
29.10.2012,8:00 AM,1209.9,RHS,Rural,Reningavaram,Skidding, Bike Skidding,Bike,Grievious injury,Over speed,Four lanes or more with central divider,Straight road,,Fine,AP27AM 4538,YES,Minor,1
29.10.2012,8:00 AM,1209.9,RHS,Rural,Reningavaram,Skidding, Bike Skidding,Bike,Grievious injury,Over speed,Four lanes or more with central divider,Straight road,,Fine,AP27AM 4538,YES,Non injured ,0
29.10.2012,8:00 AM,1209.9,RHS,Rural,Reningavaram,Skidding, Bike Skidding,Bike,Grievious injury,Over speed,Four lanes or more with central divider,Straight road,,Fine,AP27AM 4538,YES,Animals affected,0
29.10.2012,10:10 AM,1231.1,RHS,Rural,Maddipadu,Collision Brush/Side Wipe, Car hit Median,Car,Non injury,Over speed,Four lanes or more with central divider,Straight road,,Fine,F/ R CAR,YES,Fatal,0
29.10.2012,10:10 AM,1231.1,RHS,Rural,Maddipadu,Collision Brush/Side Wipe, Car hit Median,Car,Non injury,Over speed,Four lanes or more with central divider,Straight road,,Fine,F/ R CAR,YES,Grevious,0
29.10.2012,10:10 AM,1231.1,RHS,Rural,Maddipadu,Collision Brush/Side Wipe, Car hit Median,Car,Non injury,Over speed,Four lanes or more with central divider,Straight road,,Fine,F/ R CAR,YES,Minor,0
29.10.2012,10:10 AM,1231.1,RHS,Rural,Maddipadu,Collision Brush/Side Wipe, Car hit Median,Car,Non injury,Over speed,Four lanes or more with central divider,Straight road,,Fine,F/ R CAR,YES,Non injured ,3
29.10.2012,10:10 AM,1231.1,RHS,Rural,Maddipadu,Collision Brush/Side Wipe, Car hit Median,Car,Non injury,Over speed,Four lanes or more with central divider,Straight road,,Fine,F/ R CAR,YES,Animals affected,0
29.10.2012,10:35 AM,1324.6,LHS,Rural,Kavali,Rear End Collision, Car hit Bullocart,Car,Grievious injury,Over speed,Four lanes or more with central divider,Straight road,,Fine,AP27AF  1809,YES,Fatal,0
29.10.2012,10:35 AM,1324.6,LHS,Rural,Kavali,Rear End Collision, Car hit Bullocart,Car,Grievious injury,Over speed,Four lanes or more with central divider,Straight road,,Fine,AP27AF  1809,YES,Grevious,1
29.10.2012,10:35 AM,1324.6,LHS,Rural,Kavali,Rear End Collision, Car hit Bullocart,Car,Grievious injury,Over speed,Four lanes or more with central divider,Straight road,,Fine,AP27AF  1809,YES,Minor,1
29.10.2012,10:35 AM,1324.6,LHS,Rural,Kavali,Rear End Collision, Car hit Bullocart,Car,Grievious injury,Over speed,Four lanes or more with central divider,Straight road,,Fine,AP27AF  1809,YES,Non injured ,1
29.10.2012,10:35 AM,1324.6,LHS,Rural,Kavali,Rear End Collision, Car hit Bullocart,Car,Grievious injury,Over speed,Four lanes or more with central divider,Straight road,,Fine,AP27AF  1809,YES,Animals affected,0
29.10.2012,11:00 AM,1255.7,LHS,Rural,Tangutur,Collision Brush/Side Wipe, Tractor hit Bike,Tractor,Grievious injury,Over speed,Four lanes or more with central divider,Straight road,,Fine,AP27AM 4794,YES,Fatal,0
29.10.2012,11:00 AM,1255.7,LHS,Rural,Tangutur,Collision Brush/Side Wipe, Tractor hit Bike,Tractor,Grievious injury,Over speed,Four lanes or more with central divider,Straight road,,Fine,AP27AM 4794,YES,Grevious,1
29.10.2012,11:00 AM,1255.7,LHS,Rural,Tangutur,Collision Brush/Side Wipe, Tractor hit Bike,Tractor,Grievious injury,Over speed,Four lanes or more with central divider,Straight road,,Fine,AP27AM 4794,YES,Minor,1
29.10.2012,11:00 AM,1255.7,LHS,Rural,Tangutur,Collision Brush/Side Wipe, Tractor hit Bike,Tractor,Grievious injury,Over speed,Four lanes or more with central divider,Straight road,,Fine,AP27AM 4794,YES,Non injured ,1
29.10.2012,11:00 AM,1255.7,LHS,Rural,Tangutur,Collision Brush/Side Wipe, Tractor hit Bike,Tractor,Grievious injury,Over speed,Four lanes or more with central divider,Straight road,,Fine,AP27AM 4794,YES,Animals affected,0
29.10.2012,3:10 PM,1282,RHS,Rural,Singarayakonda,Overturning, Tractor Over Turned,Tractor,Non injury,Over speed,Three lanes or more without central divider(median),Straight road,T-Junction,Fine,AP27TT 5546,YES,Fatal,0
29.10.2012,3:10 PM,1282,RHS,Rural,Singarayakonda,Overturning, Tractor Over Turned,Tractor,Non injury,Over speed,Three lanes or more without central divider(median),Straight road,T-Junction,Fine,AP27TT 5546,YES,Grevious,0
29.10.2012,3:10 PM,1282,RHS,Rural,Singarayakonda,Overturning, Tractor Over Turned,Tractor,Non injury,Over speed,Three lanes or more without central divider(median),Straight road,T-Junction,Fine,AP27TT 5546,YES,Minor,0
29.10.2012,3:10 PM,1282,RHS,Rural,Singarayakonda,Overturning, Tractor Over Turned,Tractor,Non injury,Over speed,Three lanes or more without central divider(median),Straight road,T-Junction,Fine,AP27TT 5546,YES,Non injured ,1
29.10.2012,3:10 PM,1282,RHS,Rural,Singarayakonda,Overturning, Tractor Over Turned,Tractor,Non injury,Over speed,Three lanes or more without central divider(median),Straight road,T-Junction,Fine,AP27TT 5546,YES,Animals affected,0
29.10.2012,4:50 PM,1193.3,RHS,Rural,Martur,Rear End Collision, Lorry hit Car,Lorry,Non injury,Over speed,Four lanes or more with central divider,Straight road,,Fine,AP16TB 1388,YES,Fatal,0
29.10.2012,4:50 PM,1193.3,RHS,Rural,Martur,Rear End Collision, Lorry hit Car,Lorry,Non injury,Over speed,Four lanes or more with central divider,Straight road,,Fine,AP16TB 1388,YES,Grevious,0
29.10.2012,4:50 PM,1193.3,RHS,Rural,Martur,Rear End Collision, Lorry hit Car,Lorry,Non injury,Over speed,Four lanes or more with central divider,Straight road,,Fine,AP16TB 1388,YES,Minor,0
29.10.2012,4:50 PM,1193.3,RHS,Rural,Martur,Rear End Collision, Lorry hit Car,Lorry,Non injury,Over speed,Four lanes or more with central divider,Straight road,,Fine,AP16TB 1388,YES,Non injured ,2
29.10.2012,4:50 PM,1193.3,RHS,Rural,Martur,Rear End Collision, Lorry hit Car,Lorry,Non injury,Over speed,Four lanes or more with central divider,Straight road,,Fine,AP16TB 1388,YES,Animals affected,0
29.10.2012,7:52 PM,1270.7,RHS,Rural,Jarugumalli,Collision Brush/Side Wipe, Lorry hit Pedestrian,Lorry,Grievious injury,Fault of driver of motor vehicle/driver of other vehicle/cyclist/pedestrian/passenger,Four lanes or more with central divider,Straight road,,Fine,TN69 AD 3666,YES,Fatal,0
29.10.2012,7:52 PM,1270.7,RHS,Rural,Jarugumalli,Collision Brush/Side Wipe, Lorry hit Pedestrian,Lorry,Grievious injury,Fault of driver of motor vehicle/driver of other vehicle/cyclist/pedestrian/passenger,Four lanes or more with central divider,Straight road,,Fine,TN69 AD 3666,YES,Grevious,1
29.10.2012,7:52 PM,1270.7,RHS,Rural,Jarugumalli,Collision Brush/Side Wipe, Lorry hit Pedestrian,Lorry,Grievious injury,Fault of driver of motor vehicle/driver of other vehicle/cyclist/pedestrian/passenger,Four lanes or more with central divider,Straight road,,Fine,TN69 AD 3666,YES,Minor,0
29.10.2012,7:52 PM,1270.7,RHS,Rural,Jarugumalli,Collision Brush/Side Wipe, Lorry hit Pedestrian,Lorry,Grievious injury,Fault of driver of motor vehicle/driver of other vehicle/cyclist/pedestrian/passenger,Four lanes or more with central divider,Straight road,,Fine,TN69 AD 3666,YES,Non injured ,0
29.10.2012,7:52 PM,1270.7,RHS,Rural,Jarugumalli,Collision Brush/Side Wipe, Lorry hit Pedestrian,Lorry,Grievious injury,Fault of driver of motor vehicle/driver of other vehicle/cyclist/pedestrian/passenger,Four lanes or more with central divider,Straight road,,Fine,TN69 AD 3666,YES,Animals affected,0
29.10.2012,9:15 PM,1361.3,LHS,Rural,Kodavaluru,Rear End Collision, Bus hit Lorry,Bus,Grievious injury,Over speed,Four lanes or more with central divider,Straight road,,Fine,AP29Z 0209,YES,Fatal,0
29.10.2012,9:15 PM,1361.3,LHS,Rural,Kodavaluru,Rear End Collision, Bus hit Lorry,Bus,Grievious injury,Over speed,Four lanes or more with central divider,Straight road,,Fine,AP29Z 0209,YES,Grevious,2
29.10.2012,9:15 PM,1361.3,LHS,Rural,Kodavaluru,Rear End Collision, Bus hit Lorry,Bus,Grievious injury,Over speed,Four lanes or more with central divider,Straight road,,Fine,AP29Z 0209,YES,Minor,5
29.10.2012,9:15 PM,1361.3,LHS,Rural,Kodavaluru,Rear End Collision, Bus hit Lorry,Bus,Grievious injury,Over speed,Four lanes or more with central divider,Straight road,,Fine,AP29Z 0209,YES,Non injured ,13
29.10.2012,9:15 PM,1361.3,LHS,Rural,Kodavaluru,Rear End Collision, Bus hit Lorry,Bus,Grievious injury,Over speed,Four lanes or more with central divider,Straight road,,Fine,AP29Z 0209,YES,Animals affected,0
30.10.2012,2:30 AM,1212.3,RHS,Rural,Reningavaram,Collision Brush/Side Wipe,Car hit   Bufflow,Car,Non injury,Over speed,Three lanes or more without central divider(median),Straight road,T-Junction,Fine,AP31BC    6406,YES,Fatal,0
30.10.2012,2:30 AM,1212.3,RHS,Rural,Reningavaram,Collision Brush/Side Wipe,Car hit   Bufflow,Car,Non injury,Over speed,Three lanes or more without central divider(median),Straight road,T-Junction,Fine,AP31BC    6406,YES,Grevious,0
30.10.2012,2:30 AM,1212.3,RHS,Rural,Reningavaram,Collision Brush/Side Wipe,Car hit   Bufflow,Car,Non injury,Over speed,Three lanes or more without central divider(median),Straight road,T-Junction,Fine,AP31BC    6406,YES,Minor,0
30.10.2012,2:30 AM,1212.3,RHS,Rural,Reningavaram,Collision Brush/Side Wipe,Car hit   Bufflow,Car,Non injury,Over speed,Three lanes or more without central divider(median),Straight road,T-Junction,Fine,AP31BC    6406,YES,Non injured ,2
30.10.2012,2:30 AM,1212.3,RHS,Rural,Reningavaram,Collision Brush/Side Wipe,Car hit   Bufflow,Car,Non injury,Over speed,Three lanes or more without central divider(median),Straight road,T-Junction,Fine,AP31BC    6406,YES,Animals affected,1
30.10.2012,8:35 AM,1276.6,RHS,Rural,Singarayakonda,Head on collision,Oil Tanker  hit         TataMagic Auto,Tanker,Grievious injury,Over speed,Four lanes or more with central divider,Straight road,,Fine,AP37W      7324,YES,Fatal,0
30.10.2012,8:35 AM,1276.6,RHS,Rural,Singarayakonda,Head on collision,Oil Tanker  hit         TataMagic Auto,Tanker,Grievious injury,Over speed,Four lanes or more with central divider,Straight road,,Fine,AP37W      7324,YES,Grevious,3
30.10.2012,8:35 AM,1276.6,RHS,Rural,Singarayakonda,Head on collision,Oil Tanker  hit         TataMagic Auto,Tanker,Grievious injury,Over speed,Four lanes or more with central divider,Straight road,,Fine,AP37W      7324,YES,Minor,2
30.10.2012,8:35 AM,1276.6,RHS,Rural,Singarayakonda,Head on collision,Oil Tanker  hit         TataMagic Auto,Tanker,Grievious injury,Over speed,Four lanes or more with central divider,Straight road,,Fine,AP37W      7324,YES,Non injured ,2
30.10.2012,8:35 AM,1276.6,RHS,Rural,Singarayakonda,Head on collision,Oil Tanker  hit         TataMagic Auto,Tanker,Grievious injury,Over speed,Four lanes or more with central divider,Straight road,,Fine,AP37W      7324,YES,Animals affected,0
30.10.2012,11:28 PM,1260.3,RHS,Rural,Tangutur,Rear End Collision, Lorry hit Van,Lorry,Minor injury,Over speed,Four lanes or more with central divider,Sharp curve,,Fine,AP04X 0513,YES,Fatal,0
30.10.2012,11:28 PM,1260.3,RHS,Rural,Tangutur,Rear End Collision, Lorry hit Van,Lorry,Minor injury,Over speed,Four lanes or more with central divider,Sharp curve,,Fine,AP04X 0513,YES,Grevious,0
30.10.2012,11:28 PM,1260.3,RHS,Rural,Tangutur,Rear End Collision, Lorry hit Van,Lorry,Minor injury,Over speed,Four lanes or more with central divider,Sharp curve,,Fine,AP04X 0513,YES,Minor,1
30.10.2012,11:28 PM,1260.3,RHS,Rural,Tangutur,Rear End Collision, Lorry hit Van,Lorry,Minor injury,Over speed,Four lanes or more with central divider,Sharp curve,,Fine,AP04X 0513,YES,Non injured ,1
30.10.2012,11:28 PM,1260.3,RHS,Rural,Tangutur,Rear End Collision, Lorry hit Van,Lorry,Minor injury,Over speed,Four lanes or more with central divider,Sharp curve,,Fine,AP04X 0513,YES,Animals affected,0
31.10.2012,7:00 AM,1247.8,RHS,Rural,Ongole,Head on collision,Car hit Bike,Car,Grievious injury,Fault of driver of motor vehicle/driver of other vehicle/cyclist/pedestrian/passenger,Four lanes or more with central divider,Slight curve,,Fine,AP07BG      0104,YES,Fatal,0
31.10.2012,7:00 AM,1247.8,RHS,Rural,Ongole,Head on collision,Car hit Bike,Car,Grievious injury,Fault of driver of motor vehicle/driver of other vehicle/cyclist/pedestrian/passenger,Four lanes or more with central divider,Slight curve,,Fine,AP07BG      0104,YES,Grevious,1
31.10.2012,7:00 AM,1247.8,RHS,Rural,Ongole,Head on collision,Car hit Bike,Car,Grievious injury,Fault of driver of motor vehicle/driver of other vehicle/cyclist/pedestrian/passenger,Four lanes or more with central divider,Slight curve,,Fine,AP07BG      0104,YES,Minor,0
31.10.2012,7:00 AM,1247.8,RHS,Rural,Ongole,Head on collision,Car hit Bike,Car,Grievious injury,Fault of driver of motor vehicle/driver of other vehicle/cyclist/pedestrian/passenger,Four lanes or more with central divider,Slight curve,,Fine,AP07BG      0104,YES,Non injured ,2
31.10.2012,7:00 AM,1247.8,RHS,Rural,Ongole,Head on collision,Car hit Bike,Car,Grievious injury,Fault of driver of motor vehicle/driver of other vehicle/cyclist/pedestrian/passenger,Four lanes or more with central divider,Slight curve,,Fine,AP07BG      0104,YES,Animals affected,0
31.10.2012,11:38 AM,1198.9,LHS,Rural,Martur,Rear End Collision,Car hit Lorry,Car,Grievious injury,Over speed,Four lanes or more with central divider,Straight road,,Light rain,AP26AP      7799,YES,Fatal,0
31.10.2012,11:38 AM,1198.9,LHS,Rural,Martur,Rear End Collision,Car hit Lorry,Car,Grievious injury,Over speed,Four lanes or more with central divider,Straight road,,Light rain,AP26AP      7799,YES,Grevious,2
31.10.2012,11:38 AM,1198.9,LHS,Rural,Martur,Rear End Collision,Car hit Lorry,Car,Grievious injury,Over speed,Four lanes or more with central divider,Straight road,,Light rain,AP26AP      7799,YES,Minor,1
31.10.2012,11:38 AM,1198.9,LHS,Rural,Martur,Rear End Collision,Car hit Lorry,Car,Grievious injury,Over speed,Four lanes or more with central divider,Straight road,,Light rain,AP26AP      7799,YES,Non injured ,1
31.10.2012,11:38 AM,1198.9,LHS,Rural,Martur,Rear End Collision,Car hit Lorry,Car,Grievious injury,Over speed,Four lanes or more with central divider,Straight road,,Light rain,AP26AP      7799,YES,Animals affected,0
31.10.2012,4:30 PM,1290.9,LHS,Rural,Ulavapadu,Collision Brush/Side Wipe,Lorry hit Safety wall,Lorry,Non injury,Over speed,Four lanes or more with central divider,Straight road,,Light rain,AP24TB   2289,YES,Fatal,0
31.10.2012,4:30 PM,1290.9,LHS,Rural,Ulavapadu,Collision Brush/Side Wipe,Lorry hit Safety wall,Lorry,Non injury,Over speed,Four lanes or more with central divider,Straight road,,Light rain,AP24TB   2289,YES,Grevious,0
31.10.2012,4:30 PM,1290.9,LHS,Rural,Ulavapadu,Collision Brush/Side Wipe,Lorry hit Safety wall,Lorry,Non injury,Over speed,Four lanes or more with central divider,Straight road,,Light rain,AP24TB   2289,YES,Minor,0
31.10.2012,4:30 PM,1290.9,LHS,Rural,Ulavapadu,Collision Brush/Side Wipe,Lorry hit Safety wall,Lorry,Non injury,Over speed,Four lanes or more with central divider,Straight road,,Light rain,AP24TB   2289,YES,Non injured ,2
31.10.2012,4:30 PM,1290.9,LHS,Rural,Ulavapadu,Collision Brush/Side Wipe,Lorry hit Safety wall,Lorry,Non injury,Over speed,Four lanes or more with central divider,Straight road,,Light rain,AP24TB   2289,YES,Animals affected,0
01.11.2012,8:00 AM,1253.7,RHS,Rural,Ongole,Overturning,Car Over Turned,Car,Non injury,Over speed,Four lanes or more with central divider,Straight road,,Light rain,TN21AX   1717,YES,Fatal,0