Operational date,Time of Accident,KM && M,Position,Rural/Urban,Location,Nature of Accident Position,Nature of Accident,Vehicle Involved,Type of Accident,Causes,Road Feature,Road condition,Intersection Type And Control,Weather Condition,Vehicle Responsible,Help Provided by Ambulance/Patroling Vehicle,Classification of Accident,No of Affected Persons
01.11.2012,8:00 AM,1253.7,RHS,Rural,Ongole,Overturning,Car Over Turned,Car,Non injury,Over speed,Four lanes or more with central divider,Straight road,,Light rain,TN21AX   1717,YES,Grevious,0
01.11.2012,8:00 AM,1253.7,RHS,Rural,Ongole,Overturning,Car Over Turned,Car,Non injury,Over speed,Four lanes or more with central divider,Straight road,,Light rain,TN21AX   1717,YES,Minor,0
01.11.2012,8:00 AM,1253.7,RHS,Rural,Ongole,Overturning,Car Over Turned,Car,Non injury,Over speed,Four lanes or more with central divider,Straight road,,Light rain,TN21AX   1717,YES,Non injured ,2
01.11.2012,8:00 AM,1253.7,RHS,Rural,Ongole,Overturning,Car Over Turned,Car,Non injury,Over speed,Four lanes or more with central divider,Straight road,,Light rain,TN21AX   1717,YES,Animals affected,0
01.11.2012,11:30 AM,1295.2,RHS,Rural,Ulavapadu,Collision Brush/Side Wipe,Car hit Buffolow,Car,Non injury,Over speed,Four lanes or more with central divider,Straight road,,Light rain,AP03AK   6638,YES,Fatal,0
01.11.2012,11:30 AM,1295.2,RHS,Rural,Ulavapadu,Collision Brush/Side Wipe,Car hit Buffolow,Car,Non injury,Over speed,Four lanes or more with central divider,Straight road,,Light rain,AP03AK   6638,YES,Grevious,0
01.11.2012,11:30 AM,1295.2,RHS,Rural,Ulavapadu,Collision Brush/Side Wipe,Car hit Buffolow,Car,Non injury,Over speed,Four lanes or more with central divider,Straight road,,Light rain,AP03AK   6638,YES,Minor,0
01.11.2012,11:30 AM,1295.2,RHS,Rural,Ulavapadu,Collision Brush/Side Wipe,Car hit Buffolow,Car,Non injury,Over speed,Four lanes or more with central divider,Straight road,,Light rain,AP03AK   6638,YES,Non injured ,3
01.11.2012,11:30 AM,1295.2,RHS,Rural,Ulavapadu,Collision Brush/Side Wipe,Car hit Buffolow,Car,Non injury,Over speed,Four lanes or more with central divider,Straight road,,Light rain,AP03AK   6638,YES,Animals affected,1
01.11.2012,12:00 PM,1280.8,LHS,Rural,Singarayakonda,Rear End Collision,Car Hit Lorry,Car,Grievious injury,Over speed,Four lanes or more with central divider,Straight road,,Light rain,AP9AJ    4639,YES,Fatal,0
01.11.2012,12:00 PM,1280.8,LHS,Rural,Singarayakonda,Rear End Collision,Car Hit Lorry,Car,Grievious injury,Over speed,Four lanes or more with central divider,Straight road,,Light rain,AP9AJ    4639,YES,Grevious,3
01.11.2012,12:00 PM,1280.8,LHS,Rural,Singarayakonda,Rear End Collision,Car Hit Lorry,Car,Grievious injury,Over speed,Four lanes or more with central divider,Straight road,,Light rain,AP9AJ    4639,YES,Minor,1
01.11.2012,12:00 PM,1280.8,LHS,Rural,Singarayakonda,Rear End Collision,Car Hit Lorry,Car,Grievious injury,Over speed,Four lanes or more with central divider,Straight road,,Light rain,AP9AJ    4639,YES,Non injured ,2
01.11.2012,12:00 PM,1280.8,LHS,Rural,Singarayakonda,Rear End Collision,Car Hit Lorry,Car,Grievious injury,Over speed,Four lanes or more with central divider,Straight road,,Light rain,AP9AJ    4639,YES,Animals affected,0
01.11.2012,12:30 PM,1364.3,LHS,Rural,Kovuru,Rear End Collision,Lorry hit   Gander board,Lorry,Non injury,Over speed,Four lanes or more with central divider,Slight curve,,Light rain,AP27Y  0459,YES,Fatal,0
01.11.2012,12:30 PM,1364.3,LHS,Rural,Kovuru,Rear End Collision,Lorry hit   Gander board,Lorry,Non injury,Over speed,Four lanes or more with central divider,Slight curve,,Light rain,AP27Y  0459,YES,Grevious,0
01.11.2012,12:30 PM,1364.3,LHS,Rural,Kovuru,Rear End Collision,Lorry hit   Gander board,Lorry,Non injury,Over speed,Four lanes or more with central divider,Slight curve,,Light rain,AP27Y  0459,YES,Minor,0
01.11.2012,12:30 PM,1364.3,LHS,Rural,Kovuru,Rear End Collision,Lorry hit   Gander board,Lorry,Non injury,Over speed,Four lanes or more with central divider,Slight curve,,Light rain,AP27Y  0459,YES,Non injured ,2
01.11.2012,12:30 PM,1364.3,LHS,Rural,Kovuru,Rear End Collision,Lorry hit   Gander board,Lorry,Non injury,Over speed,Four lanes or more with central divider,Slight curve,,Light rain,AP27Y  0459,YES,Animals affected,0
01.11.2012,9:50 PM,1201.7,RHS,Rural,Reningavaram,Skidding,Bike     Skidding,Bike,Grievious injury,Druken,Four lanes or more with central divider,Straight road,,Light rain,AP27AP    2754,YES,Fatal,0
01.11.2012,9:50 PM,1201.7,RHS,Rural,Reningavaram,Skidding,Bike     Skidding,Bike,Grievious injury,Druken,Four lanes or more with central divider,Straight road,,Light rain,AP27AP    2754,YES,Grevious,2
01.11.2012,9:50 PM,1201.7,RHS,Rural,Reningavaram,Skidding,Bike     Skidding,Bike,Grievious injury,Druken,Four lanes or more with central divider,Straight road,,Light rain,AP27AP    2754,YES,Minor,1
01.11.2012,9:50 PM,1201.7,RHS,Rural,Reningavaram,Skidding,Bike     Skidding,Bike,Grievious injury,Druken,Four lanes or more with central divider,Straight road,,Light rain,AP27AP    2754,YES,Non injured ,0
01.11.2012,9:50 PM,1201.7,RHS,Rural,Reningavaram,Skidding,Bike     Skidding,Bike,Grievious injury,Druken,Four lanes or more with central divider,Straight road,,Light rain,AP27AP    2754,YES,Animals affected,0
01.11.2012,10:30 PM,1280.1,RHS,Rural,Singarayakonda,Overturning,Car Over Turned,Car,Grievious injury,Over speed,Four lanes or more with central divider,Slight curve,,Light rain,F/R,YES,Fatal,0
01.11.2012,10:30 PM,1280.1,RHS,Rural,Singarayakonda,Overturning,Car Over Turned,Car,Grievious injury,Over speed,Four lanes or more with central divider,Slight curve,,Light rain,F/R,YES,Grevious,2
01.11.2012,10:30 PM,1280.1,RHS,Rural,Singarayakonda,Overturning,Car Over Turned,Car,Grievious injury,Over speed,Four lanes or more with central divider,Slight curve,,Light rain,F/R,YES,Minor,0
01.11.2012,10:30 PM,1280.1,RHS,Rural,Singarayakonda,Overturning,Car Over Turned,Car,Grievious injury,Over speed,Four lanes or more with central divider,Slight curve,,Light rain,F/R,YES,Non injured ,5
01.11.2012,10:30 PM,1280.1,RHS,Rural,Singarayakonda,Overturning,Car Over Turned,Car,Grievious injury,Over speed,Four lanes or more with central divider,Slight curve,,Light rain,F/R,YES,Animals affected,0
01.11.2012,11:20 PM,1211.2,RHS,Rural,Medarametla,Rear End Collision,Lorry hit    Lorry,Lorry,Grievious injury,Fault of driver of motor vehicle/driver of other vehicle/cyclist/pedestrian/passenger,Four lanes or more with central divider,Straight road,,Heavy rain,AP16TU   8285,YES,Fatal,0
01.11.2012,11:20 PM,1211.2,RHS,Rural,Medarametla,Rear End Collision,Lorry hit    Lorry,Lorry,Grievious injury,Fault of driver of motor vehicle/driver of other vehicle/cyclist/pedestrian/passenger,Four lanes or more with central divider,Straight road,,Heavy rain,AP16TU   8285,YES,Grevious,1
01.11.2012,11:20 PM,1211.2,RHS,Rural,Medarametla,Rear End Collision,Lorry hit    Lorry,Lorry,Grievious injury,Fault of driver of motor vehicle/driver of other vehicle/cyclist/pedestrian/passenger,Four lanes or more with central divider,Straight road,,Heavy rain,AP16TU   8285,YES,Minor,0
01.11.2012,11:20 PM,1211.2,RHS,Rural,Medarametla,Rear End Collision,Lorry hit    Lorry,Lorry,Grievious injury,Fault of driver of motor vehicle/driver of other vehicle/cyclist/pedestrian/passenger,Four lanes or more with central divider,Straight road,,Heavy rain,AP16TU   8285,YES,Non injured ,3
01.11.2012,11:20 PM,1211.2,RHS,Rural,Medarametla,Rear End Collision,Lorry hit    Lorry,Lorry,Grievious injury,Fault of driver of motor vehicle/driver of other vehicle/cyclist/pedestrian/passenger,Four lanes or more with central divider,Straight road,,Heavy rain,AP16TU   8285,YES,Animals affected,0
03.11.2012,1:40 PM,1278.7,RHS,Rural,Singarayakonda,Skidding, Lorry  Felldown,Lorry,Non injury,Over speed,Four lanes or more with central divider,Straight road,,Fine,AP27U  8899,YES,Fatal,0
03.11.2012,1:40 PM,1278.7,RHS,Rural,Singarayakonda,Skidding, Lorry  Felldown,Lorry,Non injury,Over speed,Four lanes or more with central divider,Straight road,,Fine,AP27U  8899,YES,Grevious,0
03.11.2012,1:40 PM,1278.7,RHS,Rural,Singarayakonda,Skidding, Lorry  Felldown,Lorry,Non injury,Over speed,Four lanes or more with central divider,Straight road,,Fine,AP27U  8899,YES,Minor,0
03.11.2012,1:40 PM,1278.7,RHS,Rural,Singarayakonda,Skidding, Lorry  Felldown,Lorry,Non injury,Over speed,Four lanes or more with central divider,Straight road,,Fine,AP27U  8899,YES,Non injured ,2
03.11.2012,1:40 PM,1278.7,RHS,Rural,Singarayakonda,Skidding, Lorry  Felldown,Lorry,Non injury,Over speed,Four lanes or more with central divider,Straight road,,Fine,AP27U  8899,YES,Animals affected,0
03.11.2012,9:50 PM,1322.5,RHS,Rural,Kavali,Overturning, Car Over Turned,Car,Minor injury,Over speed,Four lanes or more with central divider,Straight road,,Fine,AP27TV 140,YES,Fatal,0
03.11.2012,9:50 PM,1322.5,RHS,Rural,Kavali,Overturning, Car Over Turned,Car,Minor injury,Over speed,Four lanes or more with central divider,Straight road,,Fine,AP27TV 140,YES,Grevious,0
03.11.2012,9:50 PM,1322.5,RHS,Rural,Kavali,Overturning, Car Over Turned,Car,Minor injury,Over speed,Four lanes or more with central divider,Straight road,,Fine,AP27TV 140,YES,Minor,1
03.11.2012,9:50 PM,1322.5,RHS,Rural,Kavali,Overturning, Car Over Turned,Car,Minor injury,Over speed,Four lanes or more with central divider,Straight road,,Fine,AP27TV 140,YES,Non injured ,1
03.11.2012,9:50 PM,1322.5,RHS,Rural,Kavali,Overturning, Car Over Turned,Car,Minor injury,Over speed,Four lanes or more with central divider,Straight road,,Fine,AP27TV 140,YES,Animals affected,0
04.11.2012,4:30 PM,1272.3,LHS,Rural,Jarugumalli,Collision Brush/Side Wipe,Bike hit    Unknow vehicle,Bike,Fatal,Over speed,Four lanes or more with central divider,Straight road,,Fine,AP27A    6023 ,YES,Fatal,1
04.11.2012,4:30 PM,1272.3,LHS,Rural,Jarugumalli,Collision Brush/Side Wipe,Bike hit    Unknow vehicle,Bike,Fatal,Over speed,Four lanes or more with central divider,Straight road,,Fine,AP27A    6023 ,YES,Grevious,2
04.11.2012,4:30 PM,1272.3,LHS,Rural,Jarugumalli,Collision Brush/Side Wipe,Bike hit    Unknow vehicle,Bike,Fatal,Over speed,Four lanes or more with central divider,Straight road,,Fine,AP27A    6023 ,YES,Minor,0
04.11.2012,4:30 PM,1272.3,LHS,Rural,Jarugumalli,Collision Brush/Side Wipe,Bike hit    Unknow vehicle,Bike,Fatal,Over speed,Four lanes or more with central divider,Straight road,,Fine,AP27A    6023 ,YES,Non injured ,0
04.11.2012,4:30 PM,1272.3,LHS,Rural,Jarugumalli,Collision Brush/Side Wipe,Bike hit    Unknow vehicle,Bike,Fatal,Over speed,Four lanes or more with central divider,Straight road,,Fine,AP27A    6023 ,YES,Animals affected,0
05.11.2011,7:05 AM,1323.9,LHS,Rural,Kavali,Collision Brush/Side Wipe, Bus hit Lorry,Bus,Non injury,Over speed,Three lanes or more without central divider(median),Slight curve,T-Junction,Fine,AP28TD 1287,YES,Fatal,0
05.11.2011,7:05 AM,1323.9,LHS,Rural,Kavali,Collision Brush/Side Wipe, Bus hit Lorry,Bus,Non injury,Over speed,Three lanes or more without central divider(median),Slight curve,T-Junction,Fine,AP28TD 1287,YES,Grevious,0
05.11.2011,7:05 AM,1323.9,LHS,Rural,Kavali,Collision Brush/Side Wipe, Bus hit Lorry,Bus,Non injury,Over speed,Three lanes or more without central divider(median),Slight curve,T-Junction,Fine,AP28TD 1287,YES,Minor,0
05.11.2011,7:05 AM,1323.9,LHS,Rural,Kavali,Collision Brush/Side Wipe, Bus hit Lorry,Bus,Non injury,Over speed,Three lanes or more without central divider(median),Slight curve,T-Junction,Fine,AP28TD 1287,YES,Non injured ,40
05.11.2011,7:05 AM,1323.9,LHS,Rural,Kavali,Collision Brush/Side Wipe, Bus hit Lorry,Bus,Non injury,Over speed,Three lanes or more without central divider(median),Slight curve,T-Junction,Fine,AP28TD 1287,YES,Animals affected,0
06.11.2012,2:40 AM,1277.5,LHS,Rural,Singarayakonda,Collision Brush/Side Wipe, Lorry hit Safety Wall,Lorry,Non injury,Fault of driver of motor vehicle/driver of other vehicle/cyclist/pedestrian/passenger,Four lanes or more with central divider,Straight road,,Fine,MP09HG 7478,YES,Fatal,0
06.11.2012,2:40 AM,1277.5,LHS,Rural,Singarayakonda,Collision Brush/Side Wipe, Lorry hit Safety Wall,Lorry,Non injury,Fault of driver of motor vehicle/driver of other vehicle/cyclist/pedestrian/passenger,Four lanes or more with central divider,Straight road,,Fine,MP09HG 7478,YES,Grevious,0
06.11.2012,2:40 AM,1277.5,LHS,Rural,Singarayakonda,Collision Brush/Side Wipe, Lorry hit Safety Wall,Lorry,Non injury,Fault of driver of motor vehicle/driver of other vehicle/cyclist/pedestrian/passenger,Four lanes or more with central divider,Straight road,,Fine,MP09HG 7478,YES,Minor,0
06.11.2012,2:40 AM,1277.5,LHS,Rural,Singarayakonda,Collision Brush/Side Wipe, Lorry hit Safety Wall,Lorry,Non injury,Fault of driver of motor vehicle/driver of other vehicle/cyclist/pedestrian/passenger,Four lanes or more with central divider,Straight road,,Fine,MP09HG 7478,YES,Non injured ,2
06.11.2012,2:40 AM,1277.5,LHS,Rural,Singarayakonda,Collision Brush/Side Wipe, Lorry hit Safety Wall,Lorry,Non injury,Fault of driver of motor vehicle/driver of other vehicle/cyclist/pedestrian/passenger,Four lanes or more with central divider,Straight road,,Fine,MP09HG 7478,YES,Animals affected,0
06.11.2012,8:05 AM,1302.4,RHS,Rural,Gudluru,Overturning, Lorry Over Turned,Lorry,Non injury,Over speed,Four lanes or more with central divider,Straight road,,Fine,AP27TT 2646,YES,Fatal,0
06.11.2012,8:05 AM,1302.4,RHS,Rural,Gudluru,Overturning, Lorry Over Turned,Lorry,Non injury,Over speed,Four lanes or more with central divider,Straight road,,Fine,AP27TT 2646,YES,Grevious,0
06.11.2012,8:05 AM,1302.4,RHS,Rural,Gudluru,Overturning, Lorry Over Turned,Lorry,Non injury,Over speed,Four lanes or more with central divider,Straight road,,Fine,AP27TT 2646,YES,Minor,0
06.11.2012,8:05 AM,1302.4,RHS,Rural,Gudluru,Overturning, Lorry Over Turned,Lorry,Non injury,Over speed,Four lanes or more with central divider,Straight road,,Fine,AP27TT 2646,YES,Non injured ,2
06.11.2012,8:05 AM,1302.4,RHS,Rural,Gudluru,Overturning, Lorry Over Turned,Lorry,Non injury,Over speed,Four lanes or more with central divider,Straight road,,Fine,AP27TT 2646,YES,Animals affected,0
06.11.2012,8:40 AM,1302.5,LHS,Rural,Gudluru,Head on collision, Bike hit Lorry,Bike,Grievious injury,Over speed,Four lanes or more with central divider,Straight road,,Fine,AP31BF 8014,YES,Fatal,0
06.11.2012,8:40 AM,1302.5,LHS,Rural,Gudluru,Head on collision, Bike hit Lorry,Bike,Grievious injury,Over speed,Four lanes or more with central divider,Straight road,,Fine,AP31BF 8014,YES,Grevious,1
06.11.2012,8:40 AM,1302.5,LHS,Rural,Gudluru,Head on collision, Bike hit Lorry,Bike,Grievious injury,Over speed,Four lanes or more with central divider,Straight road,,Fine,AP31BF 8014,YES,Minor,0
06.11.2012,8:40 AM,1302.5,LHS,Rural,Gudluru,Head on collision, Bike hit Lorry,Bike,Grievious injury,Over speed,Four lanes or more with central divider,Straight road,,Fine,AP31BF 8014,YES,Non injured ,0
06.11.2012,8:40 AM,1302.5,LHS,Rural,Gudluru,Head on collision, Bike hit Lorry,Bike,Grievious injury,Over speed,Four lanes or more with central divider,Straight road,,Fine,AP31BF 8014,YES,Animals affected,0
06.11.2012,5:45 PM,1277.7,LHS,Rural,Singarayakonda,Overturning, Lorry Over Turned,Lorry,Non injury,Over speed,Four lanes or more with central divider,Sharp curve,,Fine,MP09H 5304,YES,Fatal,0
06.11.2012,5:45 PM,1277.7,LHS,Rural,Singarayakonda,Overturning, Lorry Over Turned,Lorry,Non injury,Over speed,Four lanes or more with central divider,Sharp curve,,Fine,MP09H 5304,YES,Grevious,0
06.11.2012,5:45 PM,1277.7,LHS,Rural,Singarayakonda,Overturning, Lorry Over Turned,Lorry,Non injury,Over speed,Four lanes or more with central divider,Sharp curve,,Fine,MP09H 5304,YES,Minor,0
06.11.2012,5:45 PM,1277.7,LHS,Rural,Singarayakonda,Overturning, Lorry Over Turned,Lorry,Non injury,Over speed,Four lanes or more with central divider,Sharp curve,,Fine,MP09H 5304,YES,Non injured ,2
06.11.2012,5:45 PM,1277.7,LHS,Rural,Singarayakonda,Overturning, Lorry Over Turned,Lorry,Non injury,Over speed,Four lanes or more with central divider,Sharp curve,,Fine,MP09H 5304,YES,Animals affected,0
06.11.2012,7:50 PM,1324.7,LHS,Rural,Kavali,Left Turn Collision, Lorry hit Unknown Vehicle,Lorry,Non injury,Fault of driver of motor vehicle/driver of other vehicle/cyclist/pedestrian/passenger,Four lanes or more with central divider,Slight curve,,Fine,AP16TT 8676,YES,Fatal,0
06.11.2012,7:50 PM,1324.7,LHS,Rural,Kavali,Left Turn Collision, Lorry hit Unknown Vehicle,Lorry,Non injury,Fault of driver of motor vehicle/driver of other vehicle/cyclist/pedestrian/passenger,Four lanes or more with central divider,Slight curve,,Fine,AP16TT 8676,YES,Grevious,0
06.11.2012,7:50 PM,1324.7,LHS,Rural,Kavali,Left Turn Collision, Lorry hit Unknown Vehicle,Lorry,Non injury,Fault of driver of motor vehicle/driver of other vehicle/cyclist/pedestrian/passenger,Four lanes or more with central divider,Slight curve,,Fine,AP16TT 8676,YES,Minor,0
06.11.2012,7:50 PM,1324.7,LHS,Rural,Kavali,Left Turn Collision, Lorry hit Unknown Vehicle,Lorry,Non injury,Fault of driver of motor vehicle/driver of other vehicle/cyclist/pedestrian/passenger,Four lanes or more with central divider,Slight curve,,Fine,AP16TT 8676,YES,Non injured ,2
06.11.2012,7:50 PM,1324.7,LHS,Rural,Kavali,Left Turn Collision, Lorry hit Unknown Vehicle,Lorry,Non injury,Fault of driver of motor vehicle/driver of other vehicle/cyclist/pedestrian/passenger,Four lanes or more with central divider,Slight curve,,Fine,AP16TT 8676,YES,Animals affected,0
06.11.2012,9:00 PM,1358.9,LHS,Rural,Kodavaluru,Right Turn Collision, Car hit Lorry,Car,Non injury,Over speed,Three lanes or more without central divider(median),Straight road,Y-Junction,Fine,KA51MP 171,YES,Fatal,0
06.11.2012,9:00 PM,1358.9,LHS,Rural,Kodavaluru,Right Turn Collision, Car hit Lorry,Car,Non injury,Over speed,Three lanes or more without central divider(median),Straight road,Y-Junction,Fine,KA51MP 171,YES,Grevious,0
06.11.2012,9:00 PM,1358.9,LHS,Rural,Kodavaluru,Right Turn Collision, Car hit Lorry,Car,Non injury,Over speed,Three lanes or more without central divider(median),Straight road,Y-Junction,Fine,KA51MP 171,YES,Minor,0
06.11.2012,9:00 PM,1358.9,LHS,Rural,Kodavaluru,Right Turn Collision, Car hit Lorry,Car,Non injury,Over speed,Three lanes or more without central divider(median),Straight road,Y-Junction,Fine,KA51MP 171,YES,Non injured ,2
06.11.2012,9:00 PM,1358.9,LHS,Rural,Kodavaluru,Right Turn Collision, Car hit Lorry,Car,Non injury,Over speed,Three lanes or more without central divider(median),Straight road,Y-Junction,Fine,KA51MP 171,YES,Animals affected,0
07.11.2012,12:20 AM,1227.9,LHS,Rural,Maddipadu,Collision Brush/Side Wipe,Unknown Vehicle hit Pedestrian,Unknown,Fatal,Over speed,Three lanes or more without central divider(median),Straight road,Four arm junction,Fine,Unknown    Vehicle,YES,Fatal,1
07.11.2012,12:20 AM,1227.9,LHS,Rural,Maddipadu,Collision Brush/Side Wipe,Unknown Vehicle hit Pedestrian,Unknown,Fatal,Over speed,Three lanes or more without central divider(median),Straight road,Four arm junction,Fine,Unknown    Vehicle,YES,Grevious,0
07.11.2012,12:20 AM,1227.9,LHS,Rural,Maddipadu,Collision Brush/Side Wipe,Unknown Vehicle hit Pedestrian,Unknown,Fatal,Over speed,Three lanes or more without central divider(median),Straight road,Four arm junction,Fine,Unknown    Vehicle,YES,Minor,0
07.11.2012,12:20 AM,1227.9,LHS,Rural,Maddipadu,Collision Brush/Side Wipe,Unknown Vehicle hit Pedestrian,Unknown,Fatal,Over speed,Three lanes or more without central divider(median),Straight road,Four arm junction,Fine,Unknown    Vehicle,YES,Non injured ,0
07.11.2012,12:20 AM,1227.9,LHS,Rural,Maddipadu,Collision Brush/Side Wipe,Unknown Vehicle hit Pedestrian,Unknown,Fatal,Over speed,Three lanes or more without central divider(median),Straight road,Four arm junction,Fine,Unknown    Vehicle,YES,Animals affected,0
07.11.2012,3:10 AM,1183.9,RHS,Rural,Martur,Overturning,Lorry      Overturned,Lorry,Minor injury,Over speed,Four lanes or more with central divider,Straight road,,Fine,AP16TY   8019,YES,Fatal,0
07.11.2012,3:10 AM,1183.9,RHS,Rural,Martur,Overturning,Lorry      Overturned,Lorry,Minor injury,Over speed,Four lanes or more with central divider,Straight road,,Fine,AP16TY   8019,YES,Grevious,0
07.11.2012,3:10 AM,1183.9,RHS,Rural,Martur,Overturning,Lorry      Overturned,Lorry,Minor injury,Over speed,Four lanes or more with central divider,Straight road,,Fine,AP16TY   8019,YES,Minor,1
07.11.2012,3:10 AM,1183.9,RHS,Rural,Martur,Overturning,Lorry      Overturned,Lorry,Minor injury,Over speed,Four lanes or more with central divider,Straight road,,Fine,AP16TY   8019,YES,Non injured ,1
07.11.2012,3:10 AM,1183.9,RHS,Rural,Martur,Overturning,Lorry      Overturned,Lorry,Minor injury,Over speed,Four lanes or more with central divider,Straight road,,Fine,AP16TY   8019,YES,Animals affected,0
07.11.2012,7:00 PM,1344.5,RHS,Rural,Dagadarthi,Rear End Collision,Lorry hit    Lorry,Lorry,Non injury,Fault of driver of motor vehicle/driver of other vehicle/cyclist/pedestrian/passenger,Four lanes or more with central divider,Straight road,,Fine,AP21X      2466,YES,Fatal,0
07.11.2012,7:00 PM,1344.5,RHS,Rural,Dagadarthi,Rear End Collision,Lorry hit    Lorry,Lorry,Non injury,Fault of driver of motor vehicle/driver of other vehicle/cyclist/pedestrian/passenger,Four lanes or more with central divider,Straight road,,Fine,AP21X      2466,YES,Grevious,0
07.11.2012,7:00 PM,1344.5,RHS,Rural,Dagadarthi,Rear End Collision,Lorry hit    Lorry,Lorry,Non injury,Fault of driver of motor vehicle/driver of other vehicle/cyclist/pedestrian/passenger,Four lanes or more with central divider,Straight road,,Fine,AP21X      2466,YES,Minor,0
07.11.2012,7:00 PM,1344.5,RHS,Rural,Dagadarthi,Rear End Collision,Lorry hit    Lorry,Lorry,Non injury,Fault of driver of motor vehicle/driver of other vehicle/cyclist/pedestrian/passenger,Four lanes or more with central divider,Straight road,,Fine,AP21X      2466,YES,Non injured ,3
07.11.2012,7:00 PM,1344.5,RHS,Rural,Dagadarthi,Rear End Collision,Lorry hit    Lorry,Lorry,Non injury,Fault of driver of motor vehicle/driver of other vehicle/cyclist/pedestrian/passenger,Four lanes or more with central divider,Straight road,,Fine,AP21X      2466,YES,Animals affected,0
08.11.2012,3:30 AM,1190.7,RHS,Rural,Martur,Collision Brush/Side Wipe,Car hit  Meadian,Car,Minor injury,Over speed,Four lanes or more with central divider,Straight road,,Fine,AP26AN  1266,YES,Fatal,0
08.11.2012,3:30 AM,1190.7,RHS,Rural,Martur,Collision Brush/Side Wipe,Car hit  Meadian,Car,Minor injury,Over speed,Four lanes or more with central divider,Straight road,,Fine,AP26AN  1266,YES,Grevious,0
08.11.2012,3:30 AM,1190.7,RHS,Rural,Martur,Collision Brush/Side Wipe,Car hit  Meadian,Car,Minor injury,Over speed,Four lanes or more with central divider,Straight road,,Fine,AP26AN  1266,YES,Minor,1
08.11.2012,3:30 AM,1190.7,RHS,Rural,Martur,Collision Brush/Side Wipe,Car hit  Meadian,Car,Minor injury,Over speed,Four lanes or more with central divider,Straight road,,Fine,AP26AN  1266,YES,Non injured ,1
08.11.2012,3:30 AM,1190.7,RHS,Rural,Martur,Collision Brush/Side Wipe,Car hit  Meadian,Car,Minor injury,Over speed,Four lanes or more with central divider,Straight road,,Fine,AP26AN  1266,YES,Animals affected,0
08.11.2012,4:00 AM,1306.4,LHS,Rural,Gudluru,Overturning,Container vehicle fall down in Culvert,Container,Non injury,Fault of driver of motor vehicle/driver of other vehicle/cyclist/pedestrian/passenger,Four lanes or more with central divider,Straight road,,Fine,TN28AN   0622,YES,Fatal,0
08.11.2012,4:00 AM,1306.4,LHS,Rural,Gudluru,Overturning,Container vehicle fall down in Culvert,Container,Non injury,Fault of driver of motor vehicle/driver of other vehicle/cyclist/pedestrian/passenger,Four lanes or more with central divider,Straight road,,Fine,TN28AN   0622,YES,Grevious,0
08.11.2012,4:00 AM,1306.4,LHS,Rural,Gudluru,Overturning,Container vehicle fall down in Culvert,Container,Non injury,Fault of driver of motor vehicle/driver of other vehicle/cyclist/pedestrian/passenger,Four lanes or more with central divider,Straight road,,Fine,TN28AN   0622,YES,Minor,0
08.11.2012,4:00 AM,1306.4,LHS,Rural,Gudluru,Overturning,Container vehicle fall down in Culvert,Container,Non injury,Fault of driver of motor vehicle/driver of other vehicle/cyclist/pedestrian/passenger,Four lanes or more with central divider,Straight road,,Fine,TN28AN   0622,YES,Non injured ,1
08.11.2012,4:00 AM,1306.4,LHS,Rural,Gudluru,Overturning,Container vehicle fall down in Culvert,Container,Non injury,Fault of driver of motor vehicle/driver of other vehicle/cyclist/pedestrian/passenger,Four lanes or more with central divider,Straight road,,Fine,TN28AN   0622,YES,Animals affected,0
08.11.2012,5:40 AM,1282.8,RHS,Rural,Ulavapadu,Rear End Collision,Lorry hit    Unknown Vehicle,Lorry,Non injury,Over speed,Four lanes or more with central divider,Straight road,,Fine,AP27T  9169,YES,Fatal,0
08.11.2012,5:40 AM,1282.8,RHS,Rural,Ulavapadu,Rear End Collision,Lorry hit    Unknown Vehicle,Lorry,Non injury,Over speed,Four lanes or more with central divider,Straight road,,Fine,AP27T  9169,YES,Grevious,0
08.11.2012,5:40 AM,1282.8,RHS,Rural,Ulavapadu,Rear End Collision,Lorry hit    Unknown Vehicle,Lorry,Non injury,Over speed,Four lanes or more with central divider,Straight road,,Fine,AP27T  9169,YES,Minor,0
08.11.2012,5:40 AM,1282.8,RHS,Rural,Ulavapadu,Rear End Collision,Lorry hit    Unknown Vehicle,Lorry,Non injury,Over speed,Four lanes or more with central divider,Straight road,,Fine,AP27T  9169,YES,Non injured ,2
08.11.2012,5:40 AM,1282.8,RHS,Rural,Ulavapadu,Rear End Collision,Lorry hit    Unknown Vehicle,Lorry,Non injury,Over speed,Four lanes or more with central divider,Straight road,,Fine,AP27T  9169,YES,Animals affected,0
08.11.2012,3:30 PM,1274.1,LHS,Rural,Singarayakonda,Collision Brush/Side Wipe, Bike hit   RTC Bus,Bike,Minor injury,Over speed,Three lanes or more without central divider(median),Straight road,T-Junction,Fine,AP27AP  0662,YES,Fatal,0
08.11.2012,3:30 PM,1274.1,LHS,Rural,Singarayakonda,Collision Brush/Side Wipe, Bike hit   RTC Bus,Bike,Minor injury,Over speed,Three lanes or more without central divider(median),Straight road,T-Junction,Fine,AP27AP  0662,YES,Grevious,0
08.11.2012,3:30 PM,1274.1,LHS,Rural,Singarayakonda,Collision Brush/Side Wipe, Bike hit   RTC Bus,Bike,Minor injury,Over speed,Three lanes or more without central divider(median),Straight road,T-Junction,Fine,AP27AP  0662,YES,Minor,1