Operational date,Time of Accident,KM && M,Position,Rural/Urban,Location,Nature of Accident Position,Nature of Accident,Vehicle Involved,Type of Accident,Causes,Road Feature,Road condition,Intersection Type And Control,Weather Condition,Vehicle Responsible,Help Provided by Ambulance/Patroling Vehicle,Classification of Accident,No of Affected Persons
08.11.2012,3:30 PM,1274.1,LHS,Rural,Singarayakonda,Collision Brush/Side Wipe, Bike hit   RTC Bus,Bike,Minor injury,Over speed,Three lanes or more without central divider(median),Straight road,T-Junction,Fine,AP27AP  0662,YES,Non injured ,0
08.11.2012,3:30 PM,1274.1,LHS,Rural,Singarayakonda,Collision Brush/Side Wipe, Bike hit   RTC Bus,Bike,Minor injury,Over speed,Three lanes or more without central divider(median),Straight road,T-Junction,Fine,AP27AP  0662,YES,Animals affected,0
08.11.2012,10:30 PM,1258.2,RHS,Rural,Tangutur,Rear End Collision, Container Vehicle hit Trally ,Container,Grievious injury,Druken,Four lanes or more with central divider,Straight road,,Fine,HR55C 1732,YES,Fatal,0
08.11.2012,10:30 PM,1258.2,RHS,Rural,Tangutur,Rear End Collision, Container Vehicle hit Trally ,Container,Grievious injury,Druken,Four lanes or more with central divider,Straight road,,Fine,HR55C 1732,YES,Grevious,1
08.11.2012,10:30 PM,1258.2,RHS,Rural,Tangutur,Rear End Collision, Container Vehicle hit Trally ,Container,Grievious injury,Druken,Four lanes or more with central divider,Straight road,,Fine,HR55C 1732,YES,Minor,1
08.11.2012,10:30 PM,1258.2,RHS,Rural,Tangutur,Rear End Collision, Container Vehicle hit Trally ,Container,Grievious injury,Druken,Four lanes or more with central divider,Straight road,,Fine,HR55C 1732,YES,Non injured ,0
08.11.2012,10:30 PM,1258.2,RHS,Rural,Tangutur,Rear End Collision, Container Vehicle hit Trally ,Container,Grievious injury,Druken,Four lanes or more with central divider,Straight road,,Fine,HR55C 1732,YES,Animals affected,0
08.11.2012,11:00 PM,1274,LHS,Rural,Singarayakonda,Head on collision, Bike hit Pedistrain,Bike,Grievious injury,Druken,Three lanes or more without central divider(median),Straight road,,Fine,AP27M 3004,YES,Fatal,0
08.11.2012,11:00 PM,1274,LHS,Rural,Singarayakonda,Head on collision, Bike hit Pedistrain,Bike,Grievious injury,Druken,Three lanes or more without central divider(median),Straight road,,Fine,AP27M 3004,YES,Grevious,1
08.11.2012,11:00 PM,1274,LHS,Rural,Singarayakonda,Head on collision, Bike hit Pedistrain,Bike,Grievious injury,Druken,Three lanes or more without central divider(median),Straight road,,Fine,AP27M 3004,YES,Minor,1
08.11.2012,11:00 PM,1274,LHS,Rural,Singarayakonda,Head on collision, Bike hit Pedistrain,Bike,Grievious injury,Druken,Three lanes or more without central divider(median),Straight road,,Fine,AP27M 3004,YES,Non injured ,1
08.11.2012,11:00 PM,1274,LHS,Rural,Singarayakonda,Head on collision, Bike hit Pedistrain,Bike,Grievious injury,Druken,Three lanes or more without central divider(median),Straight road,,Fine,AP27M 3004,YES,Animals affected,0
09.11.2012,3:50 PM,1253.7,LHS,Rural,Ongole,Skidding,Bike     Skidding,Bike,Minor injury,Over speed,Four lanes or more with central divider,Straight road,,Fine,AP27AJ   7912,YES,Fatal,0
09.11.2012,3:50 PM,1253.7,LHS,Rural,Ongole,Skidding,Bike     Skidding,Bike,Minor injury,Over speed,Four lanes or more with central divider,Straight road,,Fine,AP27AJ   7912,YES,Grevious,0
09.11.2012,3:50 PM,1253.7,LHS,Rural,Ongole,Skidding,Bike     Skidding,Bike,Minor injury,Over speed,Four lanes or more with central divider,Straight road,,Fine,AP27AJ   7912,YES,Minor,1
09.11.2012,3:50 PM,1253.7,LHS,Rural,Ongole,Skidding,Bike     Skidding,Bike,Minor injury,Over speed,Four lanes or more with central divider,Straight road,,Fine,AP27AJ   7912,YES,Non injured ,1
09.11.2012,3:50 PM,1253.7,LHS,Rural,Ongole,Skidding,Bike     Skidding,Bike,Minor injury,Over speed,Four lanes or more with central divider,Straight road,,Fine,AP27AJ   7912,YES,Animals affected,0
09.11.2012,6:30 PM,1197.6,LHS,Rural,Martur,Rear End Collision,Bike  Hit Auto,Bike,Minor injury,Druken,Four lanes or more with central divider,Straight road,T-Junction,Fine,AP27AL   8672,YES,Fatal,0
09.11.2012,6:30 PM,1197.6,LHS,Rural,Martur,Rear End Collision,Bike  Hit Auto,Bike,Minor injury,Druken,Four lanes or more with central divider,Straight road,T-Junction,Fine,AP27AL   8672,YES,Grevious,0
09.11.2012,6:30 PM,1197.6,LHS,Rural,Martur,Rear End Collision,Bike  Hit Auto,Bike,Minor injury,Druken,Four lanes or more with central divider,Straight road,T-Junction,Fine,AP27AL   8672,YES,Minor,1
09.11.2012,6:30 PM,1197.6,LHS,Rural,Martur,Rear End Collision,Bike  Hit Auto,Bike,Minor injury,Druken,Four lanes or more with central divider,Straight road,T-Junction,Fine,AP27AL   8672,YES,Non injured ,0
09.11.2012,6:30 PM,1197.6,LHS,Rural,Martur,Rear End Collision,Bike  Hit Auto,Bike,Minor injury,Druken,Four lanes or more with central divider,Straight road,T-Junction,Fine,AP27AL   8672,YES,Animals affected,0
09.11.2012,7:10 PM,1194.5,LHS,Rural,Martur,Skidding,Bike     Skidding,Bike,Minor injury,Over speed,Four lanes or more with central divider,Straight road,,Fine,AP27Q   6909,YES,Fatal,0
09.11.2012,7:10 PM,1194.5,LHS,Rural,Martur,Skidding,Bike     Skidding,Bike,Minor injury,Over speed,Four lanes or more with central divider,Straight road,,Fine,AP27Q   6909,YES,Grevious,0
09.11.2012,7:10 PM,1194.5,LHS,Rural,Martur,Skidding,Bike     Skidding,Bike,Minor injury,Over speed,Four lanes or more with central divider,Straight road,,Fine,AP27Q   6909,YES,Minor,1
09.11.2012,7:10 PM,1194.5,LHS,Rural,Martur,Skidding,Bike     Skidding,Bike,Minor injury,Over speed,Four lanes or more with central divider,Straight road,,Fine,AP27Q   6909,YES,Non injured ,1
09.11.2012,7:10 PM,1194.5,LHS,Rural,Martur,Skidding,Bike     Skidding,Bike,Minor injury,Over speed,Four lanes or more with central divider,Straight road,,Fine,AP27Q   6909,YES,Animals affected,0
10.11.2012,12:45 PM,1279.1,RHS,Rural,Singarayakonda,Rear End Collision, Bike hit Buffalo,Bike,Grievious injury,Over speed,Four lanes or more with central divider,Straight road,,Fine,AP27AX  8660   ,YES,Fatal,0
10.11.2012,12:45 PM,1279.1,RHS,Rural,Singarayakonda,Rear End Collision, Bike hit Buffalo,Bike,Grievious injury,Over speed,Four lanes or more with central divider,Straight road,,Fine,AP27AX  8660   ,YES,Grevious,1
10.11.2012,12:45 PM,1279.1,RHS,Rural,Singarayakonda,Rear End Collision, Bike hit Buffalo,Bike,Grievious injury,Over speed,Four lanes or more with central divider,Straight road,,Fine,AP27AX  8660   ,YES,Minor,0
10.11.2012,12:45 PM,1279.1,RHS,Rural,Singarayakonda,Rear End Collision, Bike hit Buffalo,Bike,Grievious injury,Over speed,Four lanes or more with central divider,Straight road,,Fine,AP27AX  8660   ,YES,Non injured ,0
10.11.2012,12:45 PM,1279.1,RHS,Rural,Singarayakonda,Rear End Collision, Bike hit Buffalo,Bike,Grievious injury,Over speed,Four lanes or more with central divider,Straight road,,Fine,AP27AX  8660   ,YES,Animals affected,0
10.11.2012,1:20 PM,1267.7,LHS,Rural,Tangutur,Rear End Collision,Car hit Tractor ,Car,Non injury,Over speed,Four lanes or more with central divider,Straight road,,Fine,AP26AQ    9599    ,YES,Fatal,0
10.11.2012,1:20 PM,1267.7,LHS,Rural,Tangutur,Rear End Collision,Car hit Tractor ,Car,Non injury,Over speed,Four lanes or more with central divider,Straight road,,Fine,AP26AQ    9599    ,YES,Grevious,0
10.11.2012,1:20 PM,1267.7,LHS,Rural,Tangutur,Rear End Collision,Car hit Tractor ,Car,Non injury,Over speed,Four lanes or more with central divider,Straight road,,Fine,AP26AQ    9599    ,YES,Minor,0
10.11.2012,1:20 PM,1267.7,LHS,Rural,Tangutur,Rear End Collision,Car hit Tractor ,Car,Non injury,Over speed,Four lanes or more with central divider,Straight road,,Fine,AP26AQ    9599    ,YES,Non injured ,2
10.11.2012,1:20 PM,1267.7,LHS,Rural,Tangutur,Rear End Collision,Car hit Tractor ,Car,Non injury,Over speed,Four lanes or more with central divider,Straight road,,Fine,AP26AQ    9599    ,YES,Animals affected,0
10.11.2012,6:20 PM,1237.9,LHS,Rural,Maddipadu,Skidding,Bike     Skidding,Bike,Minor injury,Over speed,Four lanes or more with central divider,Straight road,,Fine,AP27X    2979,YES,Fatal,0
10.11.2012,6:20 PM,1237.9,LHS,Rural,Maddipadu,Skidding,Bike     Skidding,Bike,Minor injury,Over speed,Four lanes or more with central divider,Straight road,,Fine,AP27X    2979,YES,Grevious,0
10.11.2012,6:20 PM,1237.9,LHS,Rural,Maddipadu,Skidding,Bike     Skidding,Bike,Minor injury,Over speed,Four lanes or more with central divider,Straight road,,Fine,AP27X    2979,YES,Minor,1
10.11.2012,6:20 PM,1237.9,LHS,Rural,Maddipadu,Skidding,Bike     Skidding,Bike,Minor injury,Over speed,Four lanes or more with central divider,Straight road,,Fine,AP27X    2979,YES,Non injured ,0
10.11.2012,6:20 PM,1237.9,LHS,Rural,Maddipadu,Skidding,Bike     Skidding,Bike,Minor injury,Over speed,Four lanes or more with central divider,Straight road,,Fine,AP27X    2979,YES,Animals affected,0
10.11.2012,8:00 PM,1275.4,LHS,Rural,Singarayakonda,Rear End Collision,Tractor hit  Lorry,Tractor,Non injury,Over speed,Four lanes or more with central divider,Straight road,,Fine,AP27W    5971,YES,Fatal,0
10.11.2012,8:00 PM,1275.4,LHS,Rural,Singarayakonda,Rear End Collision,Tractor hit  Lorry,Tractor,Non injury,Over speed,Four lanes or more with central divider,Straight road,,Fine,AP27W    5971,YES,Grevious,0
10.11.2012,8:00 PM,1275.4,LHS,Rural,Singarayakonda,Rear End Collision,Tractor hit  Lorry,Tractor,Non injury,Over speed,Four lanes or more with central divider,Straight road,,Fine,AP27W    5971,YES,Minor,0
10.11.2012,8:00 PM,1275.4,LHS,Rural,Singarayakonda,Rear End Collision,Tractor hit  Lorry,Tractor,Non injury,Over speed,Four lanes or more with central divider,Straight road,,Fine,AP27W    5971,YES,Non injured ,3
10.11.2012,8:00 PM,1275.4,LHS,Rural,Singarayakonda,Rear End Collision,Tractor hit  Lorry,Tractor,Non injury,Over speed,Four lanes or more with central divider,Straight road,,Fine,AP27W    5971,YES,Animals affected,0
11.11.2012,8:20 AM,1222.6,RHS,Rural,Medarametla,Rear End Collision,Unknown Vehicle hit Tractor,Unknown,Minor injury,Over speed,Four lanes or more with central divider,Sharp curve,,Fine,AP07TB   1333,YES,Fatal,0
11.11.2012,8:20 AM,1222.6,RHS,Rural,Medarametla,Rear End Collision,Unknown Vehicle hit Tractor,Unknown,Minor injury,Over speed,Four lanes or more with central divider,Sharp curve,,Fine,AP07TB   1333,YES,Grevious,0
11.11.2012,8:20 AM,1222.6,RHS,Rural,Medarametla,Rear End Collision,Unknown Vehicle hit Tractor,Unknown,Minor injury,Over speed,Four lanes or more with central divider,Sharp curve,,Fine,AP07TB   1333,YES,Minor,3
11.11.2012,8:20 AM,1222.6,RHS,Rural,Medarametla,Rear End Collision,Unknown Vehicle hit Tractor,Unknown,Minor injury,Over speed,Four lanes or more with central divider,Sharp curve,,Fine,AP07TB   1333,YES,Non injured ,1
11.11.2012,8:20 AM,1222.6,RHS,Rural,Medarametla,Rear End Collision,Unknown Vehicle hit Tractor,Unknown,Minor injury,Over speed,Four lanes or more with central divider,Sharp curve,,Fine,AP07TB   1333,YES,Animals affected,0
11.11.2012,6:20 PM,1202,LHS,Rural,Reningavaram,Skidding,Bike     Skidding,Bike,Grievious injury,Vehicle out of control,Three lanes or more without central divider(median),Straight road,Four arm junction,Fine,F/R         2978,YES,Fatal,0
11.11.2012,6:20 PM,1202,LHS,Rural,Reningavaram,Skidding,Bike     Skidding,Bike,Grievious injury,Vehicle out of control,Three lanes or more without central divider(median),Straight road,Four arm junction,Fine,F/R         2978,YES,Grevious,1
11.11.2012,6:20 PM,1202,LHS,Rural,Reningavaram,Skidding,Bike     Skidding,Bike,Grievious injury,Vehicle out of control,Three lanes or more without central divider(median),Straight road,Four arm junction,Fine,F/R         2978,YES,Minor,2
11.11.2012,6:20 PM,1202,LHS,Rural,Reningavaram,Skidding,Bike     Skidding,Bike,Grievious injury,Vehicle out of control,Three lanes or more without central divider(median),Straight road,Four arm junction,Fine,F/R         2978,YES,Non injured ,1
11.11.2012,6:20 PM,1202,LHS,Rural,Reningavaram,Skidding,Bike     Skidding,Bike,Grievious injury,Vehicle out of control,Three lanes or more without central divider(median),Straight road,Four arm junction,Fine,F/R         2978,YES,Animals affected,0
12.11.2012,11:40 AM,1242.2,LHS,Rural,Ongole,Head on collision,Bike hit   Auto,Bike,Minor injury,Over speed,Four lanes or more with central divider,Straight road,,Fine,AP27C   8490,YES,Fatal,0
12.11.2012,11:40 AM,1242.2,LHS,Rural,Ongole,Head on collision,Bike hit   Auto,Bike,Minor injury,Over speed,Four lanes or more with central divider,Straight road,,Fine,AP27C   8490,YES,Grevious,0
12.11.2012,11:40 AM,1242.2,LHS,Rural,Ongole,Head on collision,Bike hit   Auto,Bike,Minor injury,Over speed,Four lanes or more with central divider,Straight road,,Fine,AP27C   8490,YES,Minor,1
12.11.2012,11:40 AM,1242.2,LHS,Rural,Ongole,Head on collision,Bike hit   Auto,Bike,Minor injury,Over speed,Four lanes or more with central divider,Straight road,,Fine,AP27C   8490,YES,Non injured ,3
12.11.2012,11:40 AM,1242.2,LHS,Rural,Ongole,Head on collision,Bike hit   Auto,Bike,Minor injury,Over speed,Four lanes or more with central divider,Straight road,,Fine,AP27C   8490,YES,Animals affected,0
12.11.2012,8:10 PM,1293.6,LHS,Rural,Ulavapadu,Skidding, Bike Skidding,Bike,Minor injury,Over speed,Four lanes or more with central divider,Straight road,,Fine,AP27AP 3942,YES,Fatal,0
12.11.2012,8:10 PM,1293.6,LHS,Rural,Ulavapadu,Skidding, Bike Skidding,Bike,Minor injury,Over speed,Four lanes or more with central divider,Straight road,,Fine,AP27AP 3942,YES,Grevious,0
12.11.2012,8:10 PM,1293.6,LHS,Rural,Ulavapadu,Skidding, Bike Skidding,Bike,Minor injury,Over speed,Four lanes or more with central divider,Straight road,,Fine,AP27AP 3942,YES,Minor,2
12.11.2012,8:10 PM,1293.6,LHS,Rural,Ulavapadu,Skidding, Bike Skidding,Bike,Minor injury,Over speed,Four lanes or more with central divider,Straight road,,Fine,AP27AP 3942,YES,Non injured ,0
12.11.2012,8:10 PM,1293.6,LHS,Rural,Ulavapadu,Skidding, Bike Skidding,Bike,Minor injury,Over speed,Four lanes or more with central divider,Straight road,,Fine,AP27AP 3942,YES,Animals affected,0
13.11.2012,2:30 PM,1245.7,LHS,Urban,Ongole,Collision Brush/Side Wipe,Lorry hit Bike,Lorry,Fatal,Over speed,Four lanes or more with central divider,Straight road,Four arm junction,Fine,TN57Q    9999,YES,Fatal,1
13.11.2012,2:30 PM,1245.7,LHS,Urban,Ongole,Collision Brush/Side Wipe,Lorry hit Bike,Lorry,Fatal,Over speed,Four lanes or more with central divider,Straight road,Four arm junction,Fine,TN57Q    9999,YES,Grevious,0
13.11.2012,2:30 PM,1245.7,LHS,Urban,Ongole,Collision Brush/Side Wipe,Lorry hit Bike,Lorry,Fatal,Over speed,Four lanes or more with central divider,Straight road,Four arm junction,Fine,TN57Q    9999,YES,Minor,0
13.11.2012,2:30 PM,1245.7,LHS,Urban,Ongole,Collision Brush/Side Wipe,Lorry hit Bike,Lorry,Fatal,Over speed,Four lanes or more with central divider,Straight road,Four arm junction,Fine,TN57Q    9999,YES,Non injured ,2
13.11.2012,2:30 PM,1245.7,LHS,Urban,Ongole,Collision Brush/Side Wipe,Lorry hit Bike,Lorry,Fatal,Over speed,Four lanes or more with central divider,Straight road,Four arm junction,Fine,TN57Q    9999,YES,Animals affected,0
13.11.2012,6:10 PM,1228.2,LHS,Rural,Maddipadu,Skidding,Bike     Skidding,Bike,Minor injury,Over speed,Four lanes or more with central divider,Straight road,,Fine,AP27AD     3030,YES,Fatal,0
13.11.2012,6:10 PM,1228.2,LHS,Rural,Maddipadu,Skidding,Bike     Skidding,Bike,Minor injury,Over speed,Four lanes or more with central divider,Straight road,,Fine,AP27AD     3030,YES,Grevious,0
13.11.2012,6:10 PM,1228.2,LHS,Rural,Maddipadu,Skidding,Bike     Skidding,Bike,Minor injury,Over speed,Four lanes or more with central divider,Straight road,,Fine,AP27AD     3030,YES,Minor,1
13.11.2012,6:10 PM,1228.2,LHS,Rural,Maddipadu,Skidding,Bike     Skidding,Bike,Minor injury,Over speed,Four lanes or more with central divider,Straight road,,Fine,AP27AD     3030,YES,Non injured ,1
13.11.2012,6:10 PM,1228.2,LHS,Rural,Maddipadu,Skidding,Bike     Skidding,Bike,Minor injury,Over speed,Four lanes or more with central divider,Straight road,,Fine,AP27AD     3030,YES,Animals affected,0
14.11.2012,3:35 PM,1197,LHS,Rural,Martur,Collision Brush/Side Wipe, Car hit Buffalo,Car,Non injury,Over speed,Four lanes or more with central divider,Straight road,,Fine,AP16TR 3006,YES,Fatal,0
14.11.2012,3:35 PM,1197,LHS,Rural,Martur,Collision Brush/Side Wipe, Car hit Buffalo,Car,Non injury,Over speed,Four lanes or more with central divider,Straight road,,Fine,AP16TR 3006,YES,Grevious,0
14.11.2012,3:35 PM,1197,LHS,Rural,Martur,Collision Brush/Side Wipe, Car hit Buffalo,Car,Non injury,Over speed,Four lanes or more with central divider,Straight road,,Fine,AP16TR 3006,YES,Minor,0
14.11.2012,3:35 PM,1197,LHS,Rural,Martur,Collision Brush/Side Wipe, Car hit Buffalo,Car,Non injury,Over speed,Four lanes or more with central divider,Straight road,,Fine,AP16TR 3006,YES,Non injured ,2
14.11.2012,3:35 PM,1197,LHS,Rural,Martur,Collision Brush/Side Wipe, Car hit Buffalo,Car,Non injury,Over speed,Four lanes or more with central divider,Straight road,,Fine,AP16TR 3006,YES,Animals affected,0
14.11.2012,3:50 PM,1242.4,RHS,Rural,Ongole,Collision Brush/Side Wipe, Car hit Median,Car,Non injury,Over speed,Four lanes or more with central divider,Straight road,,Fine,AP27AL 0416,YES,Fatal,0
14.11.2012,3:50 PM,1242.4,RHS,Rural,Ongole,Collision Brush/Side Wipe, Car hit Median,Car,Non injury,Over speed,Four lanes or more with central divider,Straight road,,Fine,AP27AL 0416,YES,Grevious,0
14.11.2012,3:50 PM,1242.4,RHS,Rural,Ongole,Collision Brush/Side Wipe, Car hit Median,Car,Non injury,Over speed,Four lanes or more with central divider,Straight road,,Fine,AP27AL 0416,YES,Minor,0
14.11.2012,3:50 PM,1242.4,RHS,Rural,Ongole,Collision Brush/Side Wipe, Car hit Median,Car,Non injury,Over speed,Four lanes or more with central divider,Straight road,,Fine,AP27AL 0416,YES,Non injured ,4
14.11.2012,3:50 PM,1242.4,RHS,Rural,Ongole,Collision Brush/Side Wipe, Car hit Median,Car,Non injury,Over speed,Four lanes or more with central divider,Straight road,,Fine,AP27AL 0416,YES,Animals affected,0
14.11.2012,9:00 PM,1311.3,LHS,Rural,Kavali,Overturning, Lorry Over Turned,Lorry,Grievious injury,Over speed,Four lanes or more with central divider,Slight curve,,Fine,TN59AE 3865,YES,Fatal,0
14.11.2012,9:00 PM,1311.3,LHS,Rural,Kavali,Overturning, Lorry Over Turned,Lorry,Grievious injury,Over speed,Four lanes or more with central divider,Slight curve,,Fine,TN59AE 3865,YES,Grevious,1
14.11.2012,9:00 PM,1311.3,LHS,Rural,Kavali,Overturning, Lorry Over Turned,Lorry,Grievious injury,Over speed,Four lanes or more with central divider,Slight curve,,Fine,TN59AE 3865,YES,Minor,0
14.11.2012,9:00 PM,1311.3,LHS,Rural,Kavali,Overturning, Lorry Over Turned,Lorry,Grievious injury,Over speed,Four lanes or more with central divider,Slight curve,,Fine,TN59AE 3865,YES,Non injured ,1
14.11.2012,9:00 PM,1311.3,LHS,Rural,Kavali,Overturning, Lorry Over Turned,Lorry,Grievious injury,Over speed,Four lanes or more with central divider,Slight curve,,Fine,TN59AE 3865,YES,Animals affected,0
15.11.2012,4:00 AM,1338.1,LHS,Rural,K.Tippa ,Rear End Collision,Lorry hit    Culvert wall,Lorry,Non injury,Fault of driver of motor vehicle/driver of other vehicle/cyclist/pedestrian/passenger,Four lanes or more with central divider,Straight road,,Fine,AP27TU   2799,YES,Fatal,0
15.11.2012,4:00 AM,1338.1,LHS,Rural,K.Tippa ,Rear End Collision,Lorry hit    Culvert wall,Lorry,Non injury,Fault of driver of motor vehicle/driver of other vehicle/cyclist/pedestrian/passenger,Four lanes or more with central divider,Straight road,,Fine,AP27TU   2799,YES,Grevious,0
15.11.2012,4:00 AM,1338.1,LHS,Rural,K.Tippa ,Rear End Collision,Lorry hit    Culvert wall,Lorry,Non injury,Fault of driver of motor vehicle/driver of other vehicle/cyclist/pedestrian/passenger,Four lanes or more with central divider,Straight road,,Fine,AP27TU   2799,YES,Minor,0
15.11.2012,4:00 AM,1338.1,LHS,Rural,K.Tippa ,Rear End Collision,Lorry hit    Culvert wall,Lorry,Non injury,Fault of driver of motor vehicle/driver of other vehicle/cyclist/pedestrian/passenger,Four lanes or more with central divider,Straight road,,Fine,AP27TU   2799,YES,Non injured ,2
15.11.2012,4:00 AM,1338.1,LHS,Rural,K.Tippa ,Rear End Collision,Lorry hit    Culvert wall,Lorry,Non injury,Fault of driver of motor vehicle/driver of other vehicle/cyclist/pedestrian/passenger,Four lanes or more with central divider,Straight road,,Fine,AP27TU   2799,YES,Animals affected,0
15.11.2012,7:30 AM,1248.8,RHS,Urban,Ongole,Rear End Collision,Car hit  Bike,Car,Grievious injury,Over speed,Four lanes or more with central divider,Straight road,T-Junction,Fine,AP26AP   3954   ,YES,Fatal,0
15.11.2012,7:30 AM,1248.8,RHS,Urban,Ongole,Rear End Collision,Car hit  Bike,Car,Grievious injury,Over speed,Four lanes or more with central divider,Straight road,T-Junction,Fine,AP26AP   3954   ,YES,Grevious,1
15.11.2012,7:30 AM,1248.8,RHS,Urban,Ongole,Rear End Collision,Car hit  Bike,Car,Grievious injury,Over speed,Four lanes or more with central divider,Straight road,T-Junction,Fine,AP26AP   3954   ,YES,Minor,1
15.11.2012,7:30 AM,1248.8,RHS,Urban,Ongole,Rear End Collision,Car hit  Bike,Car,Grievious injury,Over speed,Four lanes or more with central divider,Straight road,T-Junction,Fine,AP26AP   3954   ,YES,Non injured ,3
15.11.2012,7:30 AM,1248.8,RHS,Urban,Ongole,Rear End Collision,Car hit  Bike,Car,Grievious injury,Over speed,Four lanes or more with central divider,Straight road,T-Junction,Fine,AP26AP   3954   ,YES,Animals affected,0
15.11.2012,5:15 PM,1212.3,RHS,Rural,Reningavaram,Rear End Collision,Car hit   School bus,Car,Non injury,Over speed,Four lanes or more with central divider,Straight road,,Fine,AP27X    8462,YES,Fatal,0
15.11.2012,5:15 PM,1212.3,RHS,Rural,Reningavaram,Rear End Collision,Car hit   School bus,Car,Non injury,Over speed,Four lanes or more with central divider,Straight road,,Fine,AP27X    8462,YES,Grevious,0
15.11.2012,5:15 PM,1212.3,RHS,Rural,Reningavaram,Rear End Collision,Car hit   School bus,Car,Non injury,Over speed,Four lanes or more with central divider,Straight road,,Fine,AP27X    8462,YES,Minor,0
15.11.2012,5:15 PM,1212.3,RHS,Rural,Reningavaram,Rear End Collision,Car hit   School bus,Car,Non injury,Over speed,Four lanes or more with central divider,Straight road,,Fine,AP27X    8462,YES,Non injured ,3
15.11.2012,5:15 PM,1212.3,RHS,Rural,Reningavaram,Rear End Collision,Car hit   School bus,Car,Non injury,Over speed,Four lanes or more with central divider,Straight road,,Fine,AP27X    8462,YES,Animals affected,0
15.11.2012,10:30 PM,1330.2,LHS,Rural,Kavali,Rear End Collision,Mini Lorry hit Unknown vehicle,Lorry,Grievious injury,Over speed,Four lanes or more with central divider,Straight road,,Fine,AP03Y   2399,YES,Fatal,0
15.11.2012,10:30 PM,1330.2,LHS,Rural,Kavali,Rear End Collision,Mini Lorry hit Unknown vehicle,Lorry,Grievious injury,Over speed,Four lanes or more with central divider,Straight road,,Fine,AP03Y   2399,YES,Grevious,1
15.11.2012,10:30 PM,1330.2,LHS,Rural,Kavali,Rear End Collision,Mini Lorry hit Unknown vehicle,Lorry,Grievious injury,Over speed,Four lanes or more with central divider,Straight road,,Fine,AP03Y   2399,YES,Minor,0
15.11.2012,10:30 PM,1330.2,LHS,Rural,Kavali,Rear End Collision,Mini Lorry hit Unknown vehicle,Lorry,Grievious injury,Over speed,Four lanes or more with central divider,Straight road,,Fine,AP03Y   2399,YES,Non injured ,1
15.11.2012,10:30 PM,1330.2,LHS,Rural,Kavali,Rear End Collision,Mini Lorry hit Unknown vehicle,Lorry,Grievious injury,Over speed,Four lanes or more with central divider,Straight road,,Fine,AP03Y   2399,YES,Animals affected,0
17.11.2012,7:20 AM,1320.2,LHS,Rural,Kavali,Rear End Collision, Lorry hit Unknown Vehicle,Lorry,Non injury,Over speed,Four lanes or more with central divider,Straight road,,Fine,AP09GF 3689,YES,Fatal,0
17.11.2012,7:20 AM,1320.2,LHS,Rural,Kavali,Rear End Collision, Lorry hit Unknown Vehicle,Lorry,Non injury,Over speed,Four lanes or more with central divider,Straight road,,Fine,AP09GF 3689,YES,Grevious,0
17.11.2012,7:20 AM,1320.2,LHS,Rural,Kavali,Rear End Collision, Lorry hit Unknown Vehicle,Lorry,Non injury,Over speed,Four lanes or more with central divider,Straight road,,Fine,AP09GF 3689,YES,Minor,0
17.11.2012,7:20 AM,1320.2,LHS,Rural,Kavali,Rear End Collision, Lorry hit Unknown Vehicle,Lorry,Non injury,Over speed,Four lanes or more with central divider,Straight road,,Fine,AP09GF 3689,YES,Non injured ,2
17.11.2012,7:20 AM,1320.2,LHS,Rural,Kavali,Rear End Collision, Lorry hit Unknown Vehicle,Lorry,Non injury,Over speed,Four lanes or more with central divider,Straight road,,Fine,AP09GF 3689,YES,Animals affected,0
17.11.2012,10:15 AM,1358.5,LHS,Rural,Kodavaluru,Overturning,Lorry      Overturned,Lorry,Grievious injury,Fault of driver of motor vehicle/driver of other vehicle/cyclist/pedestrian/passenger,Four lanes or more with central divider,Straight road,,Fine,AP04Y   7739,YES,Fatal,0
17.11.2012,10:15 AM,1358.5,LHS,Rural,Kodavaluru,Overturning,Lorry      Overturned,Lorry,Grievious injury,Fault of driver of motor vehicle/driver of other vehicle/cyclist/pedestrian/passenger,Four lanes or more with central divider,Straight road,,Fine,AP04Y   7739,YES,Grevious,1
17.11.2012,10:15 AM,1358.5,LHS,Rural,Kodavaluru,Overturning,Lorry      Overturned,Lorry,Grievious injury,Fault of driver of motor vehicle/driver of other vehicle/cyclist/pedestrian/passenger,Four lanes or more with central divider,Straight road,,Fine,AP04Y   7739,YES,Minor,1
17.11.2012,10:15 AM,1358.5,LHS,Rural,Kodavaluru,Overturning,Lorry      Overturned,Lorry,Grievious injury,Fault of driver of motor vehicle/driver of other vehicle/cyclist/pedestrian/passenger,Four lanes or more with central divider,Straight road,,Fine,AP04Y   7739,YES,Non injured ,0
17.11.2012,10:15 AM,1358.5,LHS,Rural,Kodavaluru,Overturning,Lorry      Overturned,Lorry,Grievious injury,Fault of driver of motor vehicle/driver of other vehicle/cyclist/pedestrian/passenger,Four lanes or more with central divider,Straight road,,Fine,AP04Y   7739,YES,Animals affected,0
18.11.2012,3:00 PM,1243.2,LHS,Rural,Ongole,Collision Brush/Side Wipe,Bus hit pedestrian,Bus,Grievious injury,Over speed,Four lanes or more with central divider,Straight road,,Fine,AP26Y           9575,YES,Fatal,0
18.11.2012,3:00 PM,1243.2,LHS,Rural,Ongole,Collision Brush/Side Wipe,Bus hit pedestrian,Bus,Grievious injury,Over speed,Four lanes or more with central divider,Straight road,,Fine,AP26Y           9575,YES,Grevious,1