Operational date,Time of Accident,KM && M,Position,Rural/Urban,Location,Nature of Accident Position,Nature of Accident,Vehicle Involved,Type of Accident,Causes,Road Feature,Road condition,Intersection Type And Control,Weather Condition,Vehicle Responsible,Help Provided by Ambulance/Patroling Vehicle,Classification of Accident,No of Affected Persons
18.11.2012,3:00 PM,1243.2,LHS,Rural,Ongole,Collision Brush/Side Wipe,Bus hit pedestrian,Bus,Grievious injury,Over speed,Four lanes or more with central divider,Straight road,,Fine,AP26Y           9575,YES,Minor,0
18.11.2012,3:00 PM,1243.2,LHS,Rural,Ongole,Collision Brush/Side Wipe,Bus hit pedestrian,Bus,Grievious injury,Over speed,Four lanes or more with central divider,Straight road,,Fine,AP26Y           9575,YES,Non injured ,0
18.11.2012,3:00 PM,1243.2,LHS,Rural,Ongole,Collision Brush/Side Wipe,Bus hit pedestrian,Bus,Grievious injury,Over speed,Four lanes or more with central divider,Straight road,,Fine,AP26Y           9575,YES,Animals affected,0
18.11.2012,5:00 PM,1254.3,LHS,Rural,Ongole,Collision Brush/Side Wipe,Unknown Vehicle hit  Bike ,Unknown,Fatal,Over speed,Four lanes or more with central divider,Slight curve,,Fine,AP27B   2174,YES,Fatal,1
18.11.2012,5:00 PM,1254.3,LHS,Rural,Ongole,Collision Brush/Side Wipe,Unknown Vehicle hit  Bike ,Unknown,Fatal,Over speed,Four lanes or more with central divider,Slight curve,,Fine,AP27B   2174,YES,Grevious,0
18.11.2012,5:00 PM,1254.3,LHS,Rural,Ongole,Collision Brush/Side Wipe,Unknown Vehicle hit  Bike ,Unknown,Fatal,Over speed,Four lanes or more with central divider,Slight curve,,Fine,AP27B   2174,YES,Minor,1
18.11.2012,5:00 PM,1254.3,LHS,Rural,Ongole,Collision Brush/Side Wipe,Unknown Vehicle hit  Bike ,Unknown,Fatal,Over speed,Four lanes or more with central divider,Slight curve,,Fine,AP27B   2174,YES,Non injured ,0
18.11.2012,5:00 PM,1254.3,LHS,Rural,Ongole,Collision Brush/Side Wipe,Unknown Vehicle hit  Bike ,Unknown,Fatal,Over speed,Four lanes or more with central divider,Slight curve,,Fine,AP27B   2174,YES,Animals affected,0
19.11.2012,2:55 PM,1216.9,LHS,Rural,Medarametla,Collision Brush/Side Wipe, Car hit    Bus,Car,Grievious injury,Over speed,Three lanes or more without central divider(median),Straight road,Y-Junction,Fine,AP31BB 133,YES,Fatal,0
19.11.2012,2:55 PM,1216.9,LHS,Rural,Medarametla,Collision Brush/Side Wipe, Car hit    Bus,Car,Grievious injury,Over speed,Three lanes or more without central divider(median),Straight road,Y-Junction,Fine,AP31BB 133,YES,Grevious,3
19.11.2012,2:55 PM,1216.9,LHS,Rural,Medarametla,Collision Brush/Side Wipe, Car hit    Bus,Car,Grievious injury,Over speed,Three lanes or more without central divider(median),Straight road,Y-Junction,Fine,AP31BB 133,YES,Minor,2
19.11.2012,2:55 PM,1216.9,LHS,Rural,Medarametla,Collision Brush/Side Wipe, Car hit    Bus,Car,Grievious injury,Over speed,Three lanes or more without central divider(median),Straight road,Y-Junction,Fine,AP31BB 133,YES,Non injured ,37
19.11.2012,2:55 PM,1216.9,LHS,Rural,Medarametla,Collision Brush/Side Wipe, Car hit    Bus,Car,Grievious injury,Over speed,Three lanes or more without central divider(median),Straight road,Y-Junction,Fine,AP31BB 133,YES,Animals affected,0
19.11.2012,9:35 PM,1357.7,LHS,Rural,Kodavaluru,Skidding, Bike  Skidding,Bike,Grievious injury,Over speed,Four lanes or more with central divider,Straight road,,Fine,AP07PG 7353,YES,Fatal,0
19.11.2012,9:35 PM,1357.7,LHS,Rural,Kodavaluru,Skidding, Bike  Skidding,Bike,Grievious injury,Over speed,Four lanes or more with central divider,Straight road,,Fine,AP07PG 7353,YES,Grevious,1
19.11.2012,9:35 PM,1357.7,LHS,Rural,Kodavaluru,Skidding, Bike  Skidding,Bike,Grievious injury,Over speed,Four lanes or more with central divider,Straight road,,Fine,AP07PG 7353,YES,Minor,0
19.11.2012,9:35 PM,1357.7,LHS,Rural,Kodavaluru,Skidding, Bike  Skidding,Bike,Grievious injury,Over speed,Four lanes or more with central divider,Straight road,,Fine,AP07PG 7353,YES,Non injured ,0
19.11.2012,9:35 PM,1357.7,LHS,Rural,Kodavaluru,Skidding, Bike  Skidding,Bike,Grievious injury,Over speed,Four lanes or more with central divider,Straight road,,Fine,AP07PG 7353,YES,Animals affected,0
20.11.2012,6:40 AM,1359.7,LHS,Rural,Kodavaluru,Collision Brush/Side Wipe,Unknown Vehicle hit Lorry,Unknown,Fatal,Over speed,Four lanes or more with central divider,Straight road,T-Junction,Fine,AP24TB   4983,YES,Fatal,2
20.11.2012,6:40 AM,1359.7,LHS,Rural,Kodavaluru,Collision Brush/Side Wipe,Unknown Vehicle hit Lorry,Unknown,Fatal,Over speed,Four lanes or more with central divider,Straight road,T-Junction,Fine,AP24TB   4983,YES,Grevious,0
20.11.2012,6:40 AM,1359.7,LHS,Rural,Kodavaluru,Collision Brush/Side Wipe,Unknown Vehicle hit Lorry,Unknown,Fatal,Over speed,Four lanes or more with central divider,Straight road,T-Junction,Fine,AP24TB   4983,YES,Minor,0
20.11.2012,6:40 AM,1359.7,LHS,Rural,Kodavaluru,Collision Brush/Side Wipe,Unknown Vehicle hit Lorry,Unknown,Fatal,Over speed,Four lanes or more with central divider,Straight road,T-Junction,Fine,AP24TB   4983,YES,Non injured ,0
20.11.2012,6:40 AM,1359.7,LHS,Rural,Kodavaluru,Collision Brush/Side Wipe,Unknown Vehicle hit Lorry,Unknown,Fatal,Over speed,Four lanes or more with central divider,Straight road,T-Junction,Fine,AP24TB   4983,YES,Animals affected,0
20.11.2012,11:00 PM,1266.1,LHS,Rural,Tangutur,Collision Brush/Side Wipe,Mini Lorry hit  Pedestrain,Lorry,Minor injury,Over speed,Four lanes or more with central divider,Sharp curve,Four arm junction,Fine,AP29V  2560,YES,Fatal,0
20.11.2012,11:00 PM,1266.1,LHS,Rural,Tangutur,Collision Brush/Side Wipe,Mini Lorry hit  Pedestrain,Lorry,Minor injury,Over speed,Four lanes or more with central divider,Sharp curve,Four arm junction,Fine,AP29V  2560,YES,Grevious,0
20.11.2012,11:00 PM,1266.1,LHS,Rural,Tangutur,Collision Brush/Side Wipe,Mini Lorry hit  Pedestrain,Lorry,Minor injury,Over speed,Four lanes or more with central divider,Sharp curve,Four arm junction,Fine,AP29V  2560,YES,Minor,1
20.11.2012,11:00 PM,1266.1,LHS,Rural,Tangutur,Collision Brush/Side Wipe,Mini Lorry hit  Pedestrain,Lorry,Minor injury,Over speed,Four lanes or more with central divider,Sharp curve,Four arm junction,Fine,AP29V  2560,YES,Non injured ,0
20.11.2012,11:00 PM,1266.1,LHS,Rural,Tangutur,Collision Brush/Side Wipe,Mini Lorry hit  Pedestrain,Lorry,Minor injury,Over speed,Four lanes or more with central divider,Sharp curve,Four arm junction,Fine,AP29V  2560,YES,Animals affected,0
21.11.2012,2:00 AM,1358.4,LHS,Rural,Kodavaluru,Rear End Collision,Lorry hit   Lorry,Lorry,Fatal,Fault of driver of motor vehicle/driver of other vehicle/cyclist/pedestrian/passenger,Four lanes or more with central divider,Straight road,,Fine,TN18Y    9237,YES,Fatal,1
21.11.2012,2:00 AM,1358.4,LHS,Rural,Kodavaluru,Rear End Collision,Lorry hit   Lorry,Lorry,Fatal,Fault of driver of motor vehicle/driver of other vehicle/cyclist/pedestrian/passenger,Four lanes or more with central divider,Straight road,,Fine,TN18Y    9237,YES,Grevious,0
21.11.2012,2:00 AM,1358.4,LHS,Rural,Kodavaluru,Rear End Collision,Lorry hit   Lorry,Lorry,Fatal,Fault of driver of motor vehicle/driver of other vehicle/cyclist/pedestrian/passenger,Four lanes or more with central divider,Straight road,,Fine,TN18Y    9237,YES,Minor,0
21.11.2012,2:00 AM,1358.4,LHS,Rural,Kodavaluru,Rear End Collision,Lorry hit   Lorry,Lorry,Fatal,Fault of driver of motor vehicle/driver of other vehicle/cyclist/pedestrian/passenger,Four lanes or more with central divider,Straight road,,Fine,TN18Y    9237,YES,Non injured ,3
21.11.2012,2:00 AM,1358.4,LHS,Rural,Kodavaluru,Rear End Collision,Lorry hit   Lorry,Lorry,Fatal,Fault of driver of motor vehicle/driver of other vehicle/cyclist/pedestrian/passenger,Four lanes or more with central divider,Straight road,,Fine,TN18Y    9237,YES,Animals affected,0
21.11.2012,8:00 PM,1218.1,RHS,Rural,Medarametla,Rear End Collision, Car hit    Bus,Car,Non injury,Over speed,Three lanes or more without central divider(median),Slight curve,Four arm junction,Fine,AP16BZ 5903,YES,Fatal,0
21.11.2012,8:00 PM,1218.1,RHS,Rural,Medarametla,Rear End Collision, Car hit    Bus,Car,Non injury,Over speed,Three lanes or more without central divider(median),Slight curve,Four arm junction,Fine,AP16BZ 5903,YES,Grevious,0
21.11.2012,8:00 PM,1218.1,RHS,Rural,Medarametla,Rear End Collision, Car hit    Bus,Car,Non injury,Over speed,Three lanes or more without central divider(median),Slight curve,Four arm junction,Fine,AP16BZ 5903,YES,Minor,0
21.11.2012,8:00 PM,1218.1,RHS,Rural,Medarametla,Rear End Collision, Car hit    Bus,Car,Non injury,Over speed,Three lanes or more without central divider(median),Slight curve,Four arm junction,Fine,AP16BZ 5903,YES,Non injured ,2
21.11.2012,8:00 PM,1218.1,RHS,Rural,Medarametla,Rear End Collision, Car hit    Bus,Car,Non injury,Over speed,Three lanes or more without central divider(median),Slight curve,Four arm junction,Fine,AP16BZ 5903,YES,Animals affected,0
22.11.2012,3:12 AM,1273.1,LHS,Rural,Singarayakonda,Rear End Collision,Lorry hit   Safety wall,Lorry,Non injury,Fault of driver of motor vehicle/driver of other vehicle/cyclist/pedestrian/passenger,Four lanes or more with central divider,Straight road,,Fine,AP23W   5950,YES,Fatal,0
22.11.2012,3:12 AM,1273.1,LHS,Rural,Singarayakonda,Rear End Collision,Lorry hit   Safety wall,Lorry,Non injury,Fault of driver of motor vehicle/driver of other vehicle/cyclist/pedestrian/passenger,Four lanes or more with central divider,Straight road,,Fine,AP23W   5950,YES,Grevious,0
22.11.2012,3:12 AM,1273.1,LHS,Rural,Singarayakonda,Rear End Collision,Lorry hit   Safety wall,Lorry,Non injury,Fault of driver of motor vehicle/driver of other vehicle/cyclist/pedestrian/passenger,Four lanes or more with central divider,Straight road,,Fine,AP23W   5950,YES,Minor,0
22.11.2012,3:12 AM,1273.1,LHS,Rural,Singarayakonda,Rear End Collision,Lorry hit   Safety wall,Lorry,Non injury,Fault of driver of motor vehicle/driver of other vehicle/cyclist/pedestrian/passenger,Four lanes or more with central divider,Straight road,,Fine,AP23W   5950,YES,Non injured ,2
22.11.2012,3:12 AM,1273.1,LHS,Rural,Singarayakonda,Rear End Collision,Lorry hit   Safety wall,Lorry,Non injury,Fault of driver of motor vehicle/driver of other vehicle/cyclist/pedestrian/passenger,Four lanes or more with central divider,Straight road,,Fine,AP23W   5950,YES,Animals affected,0
22.11.2012,4:52 AM,1281.4,LHS,Rural,Singarayakonda,Rear End Collision,Lorry hit   Safety wall,Lorry,Non injury,Fault of driver of motor vehicle/driver of other vehicle/cyclist/pedestrian/passenger,Four lanes or more with central divider,Straight road,,Fine,AP03W   9009,YES,Fatal,0
22.11.2012,4:52 AM,1281.4,LHS,Rural,Singarayakonda,Rear End Collision,Lorry hit   Safety wall,Lorry,Non injury,Fault of driver of motor vehicle/driver of other vehicle/cyclist/pedestrian/passenger,Four lanes or more with central divider,Straight road,,Fine,AP03W   9009,YES,Grevious,0
22.11.2012,4:52 AM,1281.4,LHS,Rural,Singarayakonda,Rear End Collision,Lorry hit   Safety wall,Lorry,Non injury,Fault of driver of motor vehicle/driver of other vehicle/cyclist/pedestrian/passenger,Four lanes or more with central divider,Straight road,,Fine,AP03W   9009,YES,Minor,0
22.11.2012,4:52 AM,1281.4,LHS,Rural,Singarayakonda,Rear End Collision,Lorry hit   Safety wall,Lorry,Non injury,Fault of driver of motor vehicle/driver of other vehicle/cyclist/pedestrian/passenger,Four lanes or more with central divider,Straight road,,Fine,AP03W   9009,YES,Non injured ,2
22.11.2012,4:52 AM,1281.4,LHS,Rural,Singarayakonda,Rear End Collision,Lorry hit   Safety wall,Lorry,Non injury,Fault of driver of motor vehicle/driver of other vehicle/cyclist/pedestrian/passenger,Four lanes or more with central divider,Straight road,,Fine,AP03W   9009,YES,Animals affected,0
22.11.2012,9:25 AM,1330,RHS,Rural,Kavali,Rear End Collision,Car hit   Lorry,Car,Non injury,Over speed,Four lanes or more with central divider,Straight road,,Fine,AP27AD    6081,YES,Fatal,0
22.11.2012,9:25 AM,1330,RHS,Rural,Kavali,Rear End Collision,Car hit   Lorry,Car,Non injury,Over speed,Four lanes or more with central divider,Straight road,,Fine,AP27AD    6081,YES,Grevious,0
22.11.2012,9:25 AM,1330,RHS,Rural,Kavali,Rear End Collision,Car hit   Lorry,Car,Non injury,Over speed,Four lanes or more with central divider,Straight road,,Fine,AP27AD    6081,YES,Minor,0
22.11.2012,9:25 AM,1330,RHS,Rural,Kavali,Rear End Collision,Car hit   Lorry,Car,Non injury,Over speed,Four lanes or more with central divider,Straight road,,Fine,AP27AD    6081,YES,Non injured ,2
22.11.2012,9:25 AM,1330,RHS,Rural,Kavali,Rear End Collision,Car hit   Lorry,Car,Non injury,Over speed,Four lanes or more with central divider,Straight road,,Fine,AP27AD    6081,YES,Animals affected,0
22.11.2012,12:05 PM,1338,RHS,Rural,K.Tippa ,Skidding,Bike     Skidding,Bike,Grievious injury,Over speed,Four lanes or more with central divider,Straight road,,Fine,AP26AK   0926,YES,Fatal,0
22.11.2012,12:05 PM,1338,RHS,Rural,K.Tippa ,Skidding,Bike     Skidding,Bike,Grievious injury,Over speed,Four lanes or more with central divider,Straight road,,Fine,AP26AK   0926,YES,Grevious,1
22.11.2012,12:05 PM,1338,RHS,Rural,K.Tippa ,Skidding,Bike     Skidding,Bike,Grievious injury,Over speed,Four lanes or more with central divider,Straight road,,Fine,AP26AK   0926,YES,Minor,0
22.11.2012,12:05 PM,1338,RHS,Rural,K.Tippa ,Skidding,Bike     Skidding,Bike,Grievious injury,Over speed,Four lanes or more with central divider,Straight road,,Fine,AP26AK   0926,YES,Non injured ,0
22.11.2012,12:05 PM,1338,RHS,Rural,K.Tippa ,Skidding,Bike     Skidding,Bike,Grievious injury,Over speed,Four lanes or more with central divider,Straight road,,Fine,AP26AK   0926,YES,Animals affected,0
22.11.2012,12:20 PM,1205.6,RHS,Rural,Reningavaram,Collision Brush/Side Wipe,Auto hit   Pedestrain,Auto,Grievious injury,Over speed,Four lanes or more with central divider,Straight road,,Fine,AP27X    8572,YES,Fatal,0
22.11.2012,12:20 PM,1205.6,RHS,Rural,Reningavaram,Collision Brush/Side Wipe,Auto hit   Pedestrain,Auto,Grievious injury,Over speed,Four lanes or more with central divider,Straight road,,Fine,AP27X    8572,YES,Grevious,0
22.11.2012,12:20 PM,1205.6,RHS,Rural,Reningavaram,Collision Brush/Side Wipe,Auto hit   Pedestrain,Auto,Grievious injury,Over speed,Four lanes or more with central divider,Straight road,,Fine,AP27X    8572,YES,Minor,1
22.11.2012,12:20 PM,1205.6,RHS,Rural,Reningavaram,Collision Brush/Side Wipe,Auto hit   Pedestrain,Auto,Grievious injury,Over speed,Four lanes or more with central divider,Straight road,,Fine,AP27X    8572,YES,Non injured ,2
22.11.2012,12:20 PM,1205.6,RHS,Rural,Reningavaram,Collision Brush/Side Wipe,Auto hit   Pedestrain,Auto,Grievious injury,Over speed,Four lanes or more with central divider,Straight road,,Fine,AP27X    8572,YES,Animals affected,0
23.11.2012,4:40 AM,1202,LHS,Rural,Reningavaram,Rear End Collision,RTC Bus  hit Lorry,Bus,Non injury,Over speed,Four lanes or more with central divider,Straight road,,Fine,AP26Y        9662,YES,Fatal,0
23.11.2012,4:40 AM,1202,LHS,Rural,Reningavaram,Rear End Collision,RTC Bus  hit Lorry,Bus,Non injury,Over speed,Four lanes or more with central divider,Straight road,,Fine,AP26Y        9662,YES,Grevious,0
23.11.2012,4:40 AM,1202,LHS,Rural,Reningavaram,Rear End Collision,RTC Bus  hit Lorry,Bus,Non injury,Over speed,Four lanes or more with central divider,Straight road,,Fine,AP26Y        9662,YES,Minor,0
23.11.2012,4:40 AM,1202,LHS,Rural,Reningavaram,Rear End Collision,RTC Bus  hit Lorry,Bus,Non injury,Over speed,Four lanes or more with central divider,Straight road,,Fine,AP26Y        9662,YES,Non injured ,20
23.11.2012,4:40 AM,1202,LHS,Rural,Reningavaram,Rear End Collision,RTC Bus  hit Lorry,Bus,Non injury,Over speed,Four lanes or more with central divider,Straight road,,Fine,AP26Y        9662,YES,Animals affected,0
23.11.2012,8:45 AM,1248.6,RHS,Urban,Ongole,Rear End Collision,Tipper hit  Lorry ,Lorry,Minor injury,Over speed,Four lanes or more with central divider,Straight road,,Light rain,AP03W    4869,YES,Fatal,0
23.11.2012,8:45 AM,1248.6,RHS,Urban,Ongole,Rear End Collision,Tipper hit  Lorry ,Lorry,Minor injury,Over speed,Four lanes or more with central divider,Straight road,,Light rain,AP03W    4869,YES,Grevious,0
23.11.2012,8:45 AM,1248.6,RHS,Urban,Ongole,Rear End Collision,Tipper hit  Lorry ,Lorry,Minor injury,Over speed,Four lanes or more with central divider,Straight road,,Light rain,AP03W    4869,YES,Minor,1
23.11.2012,8:45 AM,1248.6,RHS,Urban,Ongole,Rear End Collision,Tipper hit  Lorry ,Lorry,Minor injury,Over speed,Four lanes or more with central divider,Straight road,,Light rain,AP03W    4869,YES,Non injured ,3
23.11.2012,8:45 AM,1248.6,RHS,Urban,Ongole,Rear End Collision,Tipper hit  Lorry ,Lorry,Minor injury,Over speed,Four lanes or more with central divider,Straight road,,Light rain,AP03W    4869,YES,Animals affected,0
23.11.2012,2:10 PM,1345.8,RHS,Rural,Dagadarthi,Collision Brush/Side Wipe,Bike hit   Bike,Bike,Minor injury,Over speed,Three lanes or more without central divider(median),Straight road,,Fine,AP26C  9054,YES,Fatal,0
23.11.2012,2:10 PM,1345.8,RHS,Rural,Dagadarthi,Collision Brush/Side Wipe,Bike hit   Bike,Bike,Minor injury,Over speed,Three lanes or more without central divider(median),Straight road,,Fine,AP26C  9054,YES,Grevious,1
23.11.2012,2:10 PM,1345.8,RHS,Rural,Dagadarthi,Collision Brush/Side Wipe,Bike hit   Bike,Bike,Minor injury,Over speed,Three lanes or more without central divider(median),Straight road,,Fine,AP26C  9054,YES,Minor,2
23.11.2012,2:10 PM,1345.8,RHS,Rural,Dagadarthi,Collision Brush/Side Wipe,Bike hit   Bike,Bike,Minor injury,Over speed,Three lanes or more without central divider(median),Straight road,,Fine,AP26C  9054,YES,Non injured ,1
23.11.2012,2:10 PM,1345.8,RHS,Rural,Dagadarthi,Collision Brush/Side Wipe,Bike hit   Bike,Bike,Minor injury,Over speed,Three lanes or more without central divider(median),Straight road,,Fine,AP26C  9054,YES,Animals affected,0
23.11.2012,11:25 PM,1341,LHS,Rural,Dagadarthi,Collision Brush/Side Wipe,Unknow Vehicle hit Pedestrain,Unknow,Fatal,Over speed,Four lanes or more with central divider,Straight road,,Fine,Unknown    Vehicle,YES,Fatal,1
23.11.2012,11:25 PM,1341,LHS,Rural,Dagadarthi,Collision Brush/Side Wipe,Unknow Vehicle hit Pedestrain,Unknow,Fatal,Over speed,Four lanes or more with central divider,Straight road,,Fine,Unknown    Vehicle,YES,Grevious,0
23.11.2012,11:25 PM,1341,LHS,Rural,Dagadarthi,Collision Brush/Side Wipe,Unknow Vehicle hit Pedestrain,Unknow,Fatal,Over speed,Four lanes or more with central divider,Straight road,,Fine,Unknown    Vehicle,YES,Minor,0
23.11.2012,11:25 PM,1341,LHS,Rural,Dagadarthi,Collision Brush/Side Wipe,Unknow Vehicle hit Pedestrain,Unknow,Fatal,Over speed,Four lanes or more with central divider,Straight road,,Fine,Unknown    Vehicle,YES,Non injured ,0
23.11.2012,11:25 PM,1341,LHS,Rural,Dagadarthi,Collision Brush/Side Wipe,Unknow Vehicle hit Pedestrain,Unknow,Fatal,Over speed,Four lanes or more with central divider,Straight road,,Fine,Unknown    Vehicle,YES,Animals affected,0
24.11.2012,6:50 AM,1346.6,RHS,Rural,Dagadarthi,Rear End Collision,Lorry hit bike ,Lorry,Grievious injury,Over speed,Four lanes or more with central divider,Straight road,,Fine,AP16TU 0377,YES,Fatal,0
24.11.2012,6:50 AM,1346.6,RHS,Rural,Dagadarthi,Rear End Collision,Lorry hit bike ,Lorry,Grievious injury,Over speed,Four lanes or more with central divider,Straight road,,Fine,AP16TU 0377,YES,Grevious,2
24.11.2012,6:50 AM,1346.6,RHS,Rural,Dagadarthi,Rear End Collision,Lorry hit bike ,Lorry,Grievious injury,Over speed,Four lanes or more with central divider,Straight road,,Fine,AP16TU 0377,YES,Minor,0
24.11.2012,6:50 AM,1346.6,RHS,Rural,Dagadarthi,Rear End Collision,Lorry hit bike ,Lorry,Grievious injury,Over speed,Four lanes or more with central divider,Straight road,,Fine,AP16TU 0377,YES,Non injured ,2
24.11.2012,6:50 AM,1346.6,RHS,Rural,Dagadarthi,Rear End Collision,Lorry hit bike ,Lorry,Grievious injury,Over speed,Four lanes or more with central divider,Straight road,,Fine,AP16TU 0377,YES,Animals affected,0
24.11.2012,9:10 AM,1243.2,RHS,Rural,Ongole,Collision Brush/Side Wipe,Bus hit School Bus,Bus,Minor injury,Over speed,Three lanes or more without central divider(median),Straight road,Four arm junction,Fine,KA19B 6038,YES,Fatal,0
24.11.2012,9:10 AM,1243.2,RHS,Rural,Ongole,Collision Brush/Side Wipe,Bus hit School Bus,Bus,Minor injury,Over speed,Three lanes or more without central divider(median),Straight road,Four arm junction,Fine,KA19B 6038,YES,Grevious,0
24.11.2012,9:10 AM,1243.2,RHS,Rural,Ongole,Collision Brush/Side Wipe,Bus hit School Bus,Bus,Minor injury,Over speed,Three lanes or more without central divider(median),Straight road,Four arm junction,Fine,KA19B 6038,YES,Minor,6
24.11.2012,9:10 AM,1243.2,RHS,Rural,Ongole,Collision Brush/Side Wipe,Bus hit School Bus,Bus,Minor injury,Over speed,Three lanes or more without central divider(median),Straight road,Four arm junction,Fine,KA19B 6038,YES,Non injured ,22
24.11.2012,9:10 AM,1243.2,RHS,Rural,Ongole,Collision Brush/Side Wipe,Bus hit School Bus,Bus,Minor injury,Over speed,Three lanes or more without central divider(median),Straight road,Four arm junction,Fine,KA19B 6038,YES,Animals affected,0
24.11.2012,9:25 AM,1307.2,LHS,Rural,Gudluru,Rear End Collision,Lorry hit Lorry ,Lorry,Fatal,Over speed,Four lanes or more with central divider,Straight road,,Fine,AP02T  1151,YES,Fatal,1
24.11.2012,9:25 AM,1307.2,LHS,Rural,Gudluru,Rear End Collision,Lorry hit Lorry ,Lorry,Fatal,Over speed,Four lanes or more with central divider,Straight road,,Fine,AP02T  1151,YES,Grevious,0
24.11.2012,9:25 AM,1307.2,LHS,Rural,Gudluru,Rear End Collision,Lorry hit Lorry ,Lorry,Fatal,Over speed,Four lanes or more with central divider,Straight road,,Fine,AP02T  1151,YES,Minor,1
24.11.2012,9:25 AM,1307.2,LHS,Rural,Gudluru,Rear End Collision,Lorry hit Lorry ,Lorry,Fatal,Over speed,Four lanes or more with central divider,Straight road,,Fine,AP02T  1151,YES,Non injured ,0
24.11.2012,9:25 AM,1307.2,LHS,Rural,Gudluru,Rear End Collision,Lorry hit Lorry ,Lorry,Fatal,Over speed,Four lanes or more with central divider,Straight road,,Fine,AP02T  1151,YES,Animals affected,0
24.11.2012,12:30 PM,1214.5,LHS,Rural,Reningavaram,Collision Brush/Side Wipe,Car hit Safety Wall,Car,Non injury,Fault of driver of motor vehicle/driver of other vehicle/cyclist/pedestrian/passenger,Four lanes or more with central divider,Straight road,,Fine,AP27AP  4777,YES,Fatal,0
24.11.2012,12:30 PM,1214.5,LHS,Rural,Reningavaram,Collision Brush/Side Wipe,Car hit Safety Wall,Car,Non injury,Fault of driver of motor vehicle/driver of other vehicle/cyclist/pedestrian/passenger,Four lanes or more with central divider,Straight road,,Fine,AP27AP  4777,YES,Grevious,0
24.11.2012,12:30 PM,1214.5,LHS,Rural,Reningavaram,Collision Brush/Side Wipe,Car hit Safety Wall,Car,Non injury,Fault of driver of motor vehicle/driver of other vehicle/cyclist/pedestrian/passenger,Four lanes or more with central divider,Straight road,,Fine,AP27AP  4777,YES,Minor,0
24.11.2012,12:30 PM,1214.5,LHS,Rural,Reningavaram,Collision Brush/Side Wipe,Car hit Safety Wall,Car,Non injury,Fault of driver of motor vehicle/driver of other vehicle/cyclist/pedestrian/passenger,Four lanes or more with central divider,Straight road,,Fine,AP27AP  4777,YES,Non injured ,3
24.11.2012,12:30 PM,1214.5,LHS,Rural,Reningavaram,Collision Brush/Side Wipe,Car hit Safety Wall,Car,Non injury,Fault of driver of motor vehicle/driver of other vehicle/cyclist/pedestrian/passenger,Four lanes or more with central divider,Straight road,,Fine,AP27AP  4777,YES,Animals affected,0
24.11.2012,4:18 PM,1266,RHS,Rural,Tangutur,Rear End Collision,Car hit Ape  Auto,Car,Minor injury,Over speed,Four lanes or more with central divider,Straight road,,Fine,AP07AP 9219,YES,Fatal,0
24.11.2012,4:18 PM,1266,RHS,Rural,Tangutur,Rear End Collision,Car hit Ape  Auto,Car,Minor injury,Over speed,Four lanes or more with central divider,Straight road,,Fine,AP07AP 9219,YES,Grevious,0
24.11.2012,4:18 PM,1266,RHS,Rural,Tangutur,Rear End Collision,Car hit Ape  Auto,Car,Minor injury,Over speed,Four lanes or more with central divider,Straight road,,Fine,AP07AP 9219,YES,Minor,2
24.11.2012,4:18 PM,1266,RHS,Rural,Tangutur,Rear End Collision,Car hit Ape  Auto,Car,Minor injury,Over speed,Four lanes or more with central divider,Straight road,,Fine,AP07AP 9219,YES,Non injured ,3
24.11.2012,4:18 PM,1266,RHS,Rural,Tangutur,Rear End Collision,Car hit Ape  Auto,Car,Minor injury,Over speed,Four lanes or more with central divider,Straight road,,Fine,AP07AP 9219,YES,Animals affected,0
26.11.2012,2:10 PM,1340.4,LHS,Rural,Dagadarthi,Collision Brush/Side Wipe,Car hit Safety Wall,Car,Non injury,Fault of driver of motor vehicle/driver of other vehicle/cyclist/pedestrian/passenger,Four lanes or more with central divider,Straight road,,Fine,AP27AN  5787,YES,Fatal,0
26.11.2012,2:10 PM,1340.4,LHS,Rural,Dagadarthi,Collision Brush/Side Wipe,Car hit Safety Wall,Car,Non injury,Fault of driver of motor vehicle/driver of other vehicle/cyclist/pedestrian/passenger,Four lanes or more with central divider,Straight road,,Fine,AP27AN  5787,YES,Grevious,0
26.11.2012,2:10 PM,1340.4,LHS,Rural,Dagadarthi,Collision Brush/Side Wipe,Car hit Safety Wall,Car,Non injury,Fault of driver of motor vehicle/driver of other vehicle/cyclist/pedestrian/passenger,Four lanes or more with central divider,Straight road,,Fine,AP27AN  5787,YES,Minor,0
26.11.2012,2:10 PM,1340.4,LHS,Rural,Dagadarthi,Collision Brush/Side Wipe,Car hit Safety Wall,Car,Non injury,Fault of driver of motor vehicle/driver of other vehicle/cyclist/pedestrian/passenger,Four lanes or more with central divider,Straight road,,Fine,AP27AN  5787,YES,Non injured ,2
26.11.2012,2:10 PM,1340.4,LHS,Rural,Dagadarthi,Collision Brush/Side Wipe,Car hit Safety Wall,Car,Non injury,Fault of driver of motor vehicle/driver of other vehicle/cyclist/pedestrian/passenger,Four lanes or more with central divider,Straight road,,Fine,AP27AN  5787,YES,Animals affected,0
26.11.2012,4:10 PM,1272,LHS,Rural,Jarugumalli,Head on collision,Bike hit       Car,Bike,Minor injury,Over speed,Four lanes or more with central divider,Straight road,,Fine,AP27F  9259,YES,Fatal,0
26.11.2012,4:10 PM,1272,LHS,Rural,Jarugumalli,Head on collision,Bike hit       Car,Bike,Minor injury,Over speed,Four lanes or more with central divider,Straight road,,Fine,AP27F  9259,YES,Grevious,0