Operational date,Time of Accident,KM && M,Position,Rural/Urban,Location,Nature of Accident Position,Nature of Accident,Vehicle Involved,Type of Accident,Causes,Road Feature,Road condition,Intersection Type And Control,Weather Condition,Vehicle Responsible,Help Provided by Ambulance/Patroling Vehicle,Classification of Accident,No of Affected Persons
26.11.2012,4:10 PM,1272,LHS,Rural,Jarugumalli,Head on collision,Bike hit       Car,Bike,Minor injury,Over speed,Four lanes or more with central divider,Straight road,,Fine,AP27F  9259,YES,Minor,1
26.11.2012,4:10 PM,1272,LHS,Rural,Jarugumalli,Head on collision,Bike hit       Car,Bike,Minor injury,Over speed,Four lanes or more with central divider,Straight road,,Fine,AP27F  9259,YES,Non injured ,1
26.11.2012,4:10 PM,1272,LHS,Rural,Jarugumalli,Head on collision,Bike hit       Car,Bike,Minor injury,Over speed,Four lanes or more with central divider,Straight road,,Fine,AP27F  9259,YES,Animals affected,0
27.11.2012,9:05 PM,1193.1,LHS,Rural,Martur,Overturning,Tractor  Overturned,Tractor,Minor injury,Over speed,Four lanes or more with central divider,Straight road,,Fine,AP27TT  8284,YES,Fatal,0
27.11.2012,9:05 PM,1193.1,LHS,Rural,Martur,Overturning,Tractor  Overturned,Tractor,Minor injury,Over speed,Four lanes or more with central divider,Straight road,,Fine,AP27TT  8284,YES,Grevious,0
27.11.2012,9:05 PM,1193.1,LHS,Rural,Martur,Overturning,Tractor  Overturned,Tractor,Minor injury,Over speed,Four lanes or more with central divider,Straight road,,Fine,AP27TT  8284,YES,Minor,1
27.11.2012,9:05 PM,1193.1,LHS,Rural,Martur,Overturning,Tractor  Overturned,Tractor,Minor injury,Over speed,Four lanes or more with central divider,Straight road,,Fine,AP27TT  8284,YES,Non injured ,0
27.11.2012,9:05 PM,1193.1,LHS,Rural,Martur,Overturning,Tractor  Overturned,Tractor,Minor injury,Over speed,Four lanes or more with central divider,Straight road,,Fine,AP27TT  8284,YES,Animals affected,0
28.11.2012,2:00 AM,1333.7,LHS,Rural,K.Tippa ,Rear End Collision,Lorry hit  Unknown  Vehicle,Lorry,Minor injury,Fault of driver of motor vehicle/driver of other vehicle/cyclist/pedestrian/passenger,Four lanes or more with central divider,Straight road,,Fine,AP16TU   5383,YES,Fatal,0
28.11.2012,2:00 AM,1333.7,LHS,Rural,K.Tippa ,Rear End Collision,Lorry hit  Unknown  Vehicle,Lorry,Minor injury,Fault of driver of motor vehicle/driver of other vehicle/cyclist/pedestrian/passenger,Four lanes or more with central divider,Straight road,,Fine,AP16TU   5383,YES,Grevious,0
28.11.2012,2:00 AM,1333.7,LHS,Rural,K.Tippa ,Rear End Collision,Lorry hit  Unknown  Vehicle,Lorry,Minor injury,Fault of driver of motor vehicle/driver of other vehicle/cyclist/pedestrian/passenger,Four lanes or more with central divider,Straight road,,Fine,AP16TU   5383,YES,Minor,1
28.11.2012,2:00 AM,1333.7,LHS,Rural,K.Tippa ,Rear End Collision,Lorry hit  Unknown  Vehicle,Lorry,Minor injury,Fault of driver of motor vehicle/driver of other vehicle/cyclist/pedestrian/passenger,Four lanes or more with central divider,Straight road,,Fine,AP16TU   5383,YES,Non injured ,1
28.11.2012,2:00 AM,1333.7,LHS,Rural,K.Tippa ,Rear End Collision,Lorry hit  Unknown  Vehicle,Lorry,Minor injury,Fault of driver of motor vehicle/driver of other vehicle/cyclist/pedestrian/passenger,Four lanes or more with central divider,Straight road,,Fine,AP16TU   5383,YES,Animals affected,0
28.11.2012,5:15 PM,1256.6,LHS,Rural,Tangutur,Rear End Collision,Lorry hit Collage Bus,Lorry,Grievious injury,Fault of driver of motor vehicle/driver of other vehicle/cyclist/pedestrian/passenger,Four lanes or more with central divider,Slight curve,,Fine,HR46C 3615,YES,Fatal,0
28.11.2012,5:15 PM,1256.6,LHS,Rural,Tangutur,Rear End Collision,Lorry hit Collage Bus,Lorry,Grievious injury,Fault of driver of motor vehicle/driver of other vehicle/cyclist/pedestrian/passenger,Four lanes or more with central divider,Slight curve,,Fine,HR46C 3615,YES,Grevious,1
28.11.2012,5:15 PM,1256.6,LHS,Rural,Tangutur,Rear End Collision,Lorry hit Collage Bus,Lorry,Grievious injury,Fault of driver of motor vehicle/driver of other vehicle/cyclist/pedestrian/passenger,Four lanes or more with central divider,Slight curve,,Fine,HR46C 3615,YES,Minor,4
28.11.2012,5:15 PM,1256.6,LHS,Rural,Tangutur,Rear End Collision,Lorry hit Collage Bus,Lorry,Grievious injury,Fault of driver of motor vehicle/driver of other vehicle/cyclist/pedestrian/passenger,Four lanes or more with central divider,Slight curve,,Fine,HR46C 3615,YES,Non injured ,20
28.11.2012,5:15 PM,1256.6,LHS,Rural,Tangutur,Rear End Collision,Lorry hit Collage Bus,Lorry,Grievious injury,Fault of driver of motor vehicle/driver of other vehicle/cyclist/pedestrian/passenger,Four lanes or more with central divider,Slight curve,,Fine,HR46C 3615,YES,Animals affected,0
28.11.2012,6:20 PM,1272.8,RHS,Rural,Jarugumalli,Head on collision,Bike hit Unknown Vehicle,Bike,Grievious injury,Over speed,Four lanes or more with central divider,Straight road,,Fine,AP16AJ    1672,YES,Fatal,0
28.11.2012,6:20 PM,1272.8,RHS,Rural,Jarugumalli,Head on collision,Bike hit Unknown Vehicle,Bike,Grievious injury,Over speed,Four lanes or more with central divider,Straight road,,Fine,AP16AJ    1672,YES,Grevious,1
28.11.2012,6:20 PM,1272.8,RHS,Rural,Jarugumalli,Head on collision,Bike hit Unknown Vehicle,Bike,Grievious injury,Over speed,Four lanes or more with central divider,Straight road,,Fine,AP16AJ    1672,YES,Minor,1
28.11.2012,6:20 PM,1272.8,RHS,Rural,Jarugumalli,Head on collision,Bike hit Unknown Vehicle,Bike,Grievious injury,Over speed,Four lanes or more with central divider,Straight road,,Fine,AP16AJ    1672,YES,Non injured ,0
28.11.2012,6:20 PM,1272.8,RHS,Rural,Jarugumalli,Head on collision,Bike hit Unknown Vehicle,Bike,Grievious injury,Over speed,Four lanes or more with central divider,Straight road,,Fine,AP16AJ    1672,YES,Animals affected,0
28.11.2012,7:50 PM,1336.2,LHS,Rural,K.Tippa ,Rear End Collision,Car Hit Lorry,Car,Grievious injury,Over speed,Four lanes or more with central divider,Straight road,,Fine,AP31BR   9918,YES,Fatal,0
28.11.2012,7:50 PM,1336.2,LHS,Rural,K.Tippa ,Rear End Collision,Car Hit Lorry,Car,Grievious injury,Over speed,Four lanes or more with central divider,Straight road,,Fine,AP31BR   9918,YES,Grevious,1
28.11.2012,7:50 PM,1336.2,LHS,Rural,K.Tippa ,Rear End Collision,Car Hit Lorry,Car,Grievious injury,Over speed,Four lanes or more with central divider,Straight road,,Fine,AP31BR   9918,YES,Minor,1
28.11.2012,7:50 PM,1336.2,LHS,Rural,K.Tippa ,Rear End Collision,Car Hit Lorry,Car,Grievious injury,Over speed,Four lanes or more with central divider,Straight road,,Fine,AP31BR   9918,YES,Non injured ,2
28.11.2012,7:50 PM,1336.2,LHS,Rural,K.Tippa ,Rear End Collision,Car Hit Lorry,Car,Grievious injury,Over speed,Four lanes or more with central divider,Straight road,,Fine,AP31BR   9918,YES,Animals affected,0
29.11.2012,5:00 AM,1228.6,RHS,Rural,Maddipadu,Rear End Collision, Lorry hit Unknown Vehicle,Lorry,Non injury,Fault of driver of motor vehicle/driver of other vehicle/cyclist/pedestrian/passenger,Four lanes or more with central divider,Straight road,,Fine,AP26TT 3929,YES,Fatal,0
29.11.2012,5:00 AM,1228.6,RHS,Rural,Maddipadu,Rear End Collision, Lorry hit Unknown Vehicle,Lorry,Non injury,Fault of driver of motor vehicle/driver of other vehicle/cyclist/pedestrian/passenger,Four lanes or more with central divider,Straight road,,Fine,AP26TT 3929,YES,Grevious,0
29.11.2012,5:00 AM,1228.6,RHS,Rural,Maddipadu,Rear End Collision, Lorry hit Unknown Vehicle,Lorry,Non injury,Fault of driver of motor vehicle/driver of other vehicle/cyclist/pedestrian/passenger,Four lanes or more with central divider,Straight road,,Fine,AP26TT 3929,YES,Minor,0
29.11.2012,5:00 AM,1228.6,RHS,Rural,Maddipadu,Rear End Collision, Lorry hit Unknown Vehicle,Lorry,Non injury,Fault of driver of motor vehicle/driver of other vehicle/cyclist/pedestrian/passenger,Four lanes or more with central divider,Straight road,,Fine,AP26TT 3929,YES,Non injured ,2
29.11.2012,5:00 AM,1228.6,RHS,Rural,Maddipadu,Rear End Collision, Lorry hit Unknown Vehicle,Lorry,Non injury,Fault of driver of motor vehicle/driver of other vehicle/cyclist/pedestrian/passenger,Four lanes or more with central divider,Straight road,,Fine,AP26TT 3929,YES,Animals affected,0
29.11.2012,1:10 PM,1202,LHS,Rural,Reningavaram,Rear End Collision, Lorry hit Lorry,Lorry,Non injury,Vehicle out of control,Three lanes or more without central divider(median),Straight road,Four arm junction,Fine,AP27U 9999,YES,Fatal,0
29.11.2012,1:10 PM,1202,LHS,Rural,Reningavaram,Rear End Collision, Lorry hit Lorry,Lorry,Non injury,Vehicle out of control,Three lanes or more without central divider(median),Straight road,Four arm junction,Fine,AP27U 9999,YES,Grevious,0
29.11.2012,1:10 PM,1202,LHS,Rural,Reningavaram,Rear End Collision, Lorry hit Lorry,Lorry,Non injury,Vehicle out of control,Three lanes or more without central divider(median),Straight road,Four arm junction,Fine,AP27U 9999,YES,Minor,0
29.11.2012,1:10 PM,1202,LHS,Rural,Reningavaram,Rear End Collision, Lorry hit Lorry,Lorry,Non injury,Vehicle out of control,Three lanes or more without central divider(median),Straight road,Four arm junction,Fine,AP27U 9999,YES,Non injured ,2
29.11.2012,1:10 PM,1202,LHS,Rural,Reningavaram,Rear End Collision, Lorry hit Lorry,Lorry,Non injury,Vehicle out of control,Three lanes or more without central divider(median),Straight road,Four arm junction,Fine,AP27U 9999,YES,Animals affected,0
30.11.2012,5:14 AM,1190,RHS,Rural,Martur,Rear End Collision,RTC Bus  hit Unknown Vehicle,Bus,Non injury,Vehicle out of control,Four lanes or more with central divider,Straight road,,Fine,AP11Z   6048,YES,Fatal,0
30.11.2012,5:14 AM,1190,RHS,Rural,Martur,Rear End Collision,RTC Bus  hit Unknown Vehicle,Bus,Non injury,Vehicle out of control,Four lanes or more with central divider,Straight road,,Fine,AP11Z   6048,YES,Grevious,0
30.11.2012,5:14 AM,1190,RHS,Rural,Martur,Rear End Collision,RTC Bus  hit Unknown Vehicle,Bus,Non injury,Vehicle out of control,Four lanes or more with central divider,Straight road,,Fine,AP11Z   6048,YES,Minor,0
30.11.2012,5:14 AM,1190,RHS,Rural,Martur,Rear End Collision,RTC Bus  hit Unknown Vehicle,Bus,Non injury,Vehicle out of control,Four lanes or more with central divider,Straight road,,Fine,AP11Z   6048,YES,Non injured ,32
30.11.2012,5:14 AM,1190,RHS,Rural,Martur,Rear End Collision,RTC Bus  hit Unknown Vehicle,Bus,Non injury,Vehicle out of control,Four lanes or more with central divider,Straight road,,Fine,AP11Z   6048,YES,Animals affected,0
30.11.2012,10:50 AM,1264.6,RHS,Rural,Tangutur,Rear End Collision,Bus hit Lorry,Bus,Non injury,Over speed,Four lanes or more with central divider,Straight road,,Fine,AP28TB  4545,YES,Fatal,0
30.11.2012,10:50 AM,1264.6,RHS,Rural,Tangutur,Rear End Collision,Bus hit Lorry,Bus,Non injury,Over speed,Four lanes or more with central divider,Straight road,,Fine,AP28TB  4545,YES,Grevious,0
30.11.2012,10:50 AM,1264.6,RHS,Rural,Tangutur,Rear End Collision,Bus hit Lorry,Bus,Non injury,Over speed,Four lanes or more with central divider,Straight road,,Fine,AP28TB  4545,YES,Minor,0
30.11.2012,10:50 AM,1264.6,RHS,Rural,Tangutur,Rear End Collision,Bus hit Lorry,Bus,Non injury,Over speed,Four lanes or more with central divider,Straight road,,Fine,AP28TB  4545,YES,Non injured ,10
30.11.2012,10:50 AM,1264.6,RHS,Rural,Tangutur,Rear End Collision,Bus hit Lorry,Bus,Non injury,Over speed,Four lanes or more with central divider,Straight road,,Fine,AP28TB  4545,YES,Animals affected,0
30.11.2012,2:10 PM,1193.3,LHS,Rural,Martur,Rear End Collision,Lorry hit Lorry ,Lorry,Grievious injury,Over speed,Four lanes or more with central divider,Straight road,,Fine,WB65A 1212,YES,Fatal,0
30.11.2012,2:10 PM,1193.3,LHS,Rural,Martur,Rear End Collision,Lorry hit Lorry ,Lorry,Grievious injury,Over speed,Four lanes or more with central divider,Straight road,,Fine,WB65A 1212,YES,Grevious,0
30.11.2012,2:10 PM,1193.3,LHS,Rural,Martur,Rear End Collision,Lorry hit Lorry ,Lorry,Grievious injury,Over speed,Four lanes or more with central divider,Straight road,,Fine,WB65A 1212,YES,Minor,1
30.11.2012,2:10 PM,1193.3,LHS,Rural,Martur,Rear End Collision,Lorry hit Lorry ,Lorry,Grievious injury,Over speed,Four lanes or more with central divider,Straight road,,Fine,WB65A 1212,YES,Non injured ,2
30.11.2012,2:10 PM,1193.3,LHS,Rural,Martur,Rear End Collision,Lorry hit Lorry ,Lorry,Grievious injury,Over speed,Four lanes or more with central divider,Straight road,,Fine,WB65A 1212,YES,Animals affected,0
30.11.2012,4:20 PM,1278.6,RHS,Rural,Singarayakonda,Rear End Collision,Lorry hit F/R Bike,Lorry,Minor injury,Over speed,Four lanes or more with central divider,Straight road,,Fine,AP29TA  2135,YES,Fatal,0
30.11.2012,4:20 PM,1278.6,RHS,Rural,Singarayakonda,Rear End Collision,Lorry hit F/R Bike,Lorry,Minor injury,Over speed,Four lanes or more with central divider,Straight road,,Fine,AP29TA  2135,YES,Grevious,0
30.11.2012,4:20 PM,1278.6,RHS,Rural,Singarayakonda,Rear End Collision,Lorry hit F/R Bike,Lorry,Minor injury,Over speed,Four lanes or more with central divider,Straight road,,Fine,AP29TA  2135,YES,Minor,1
30.11.2012,4:20 PM,1278.6,RHS,Rural,Singarayakonda,Rear End Collision,Lorry hit F/R Bike,Lorry,Minor injury,Over speed,Four lanes or more with central divider,Straight road,,Fine,AP29TA  2135,YES,Non injured ,2
30.11.2012,4:20 PM,1278.6,RHS,Rural,Singarayakonda,Rear End Collision,Lorry hit F/R Bike,Lorry,Minor injury,Over speed,Four lanes or more with central divider,Straight road,,Fine,AP29TA  2135,YES,Animals affected,0
30.11.2012,11:09 PM,1322.5,LHS,Rural,Kavali,Rear End Collision,Lorry hit Pedestrian,Lorry,Fatal,Over speed,Four lanes or more with central divider,Slight curve,,Fine,AP16TV  1943,YES,Fatal,1
30.11.2012,11:09 PM,1322.5,LHS,Rural,Kavali,Rear End Collision,Lorry hit Pedestrian,Lorry,Fatal,Over speed,Four lanes or more with central divider,Slight curve,,Fine,AP16TV  1943,YES,Grevious,0
30.11.2012,11:09 PM,1322.5,LHS,Rural,Kavali,Rear End Collision,Lorry hit Pedestrian,Lorry,Fatal,Over speed,Four lanes or more with central divider,Slight curve,,Fine,AP16TV  1943,YES,Minor,0
30.11.2012,11:09 PM,1322.5,LHS,Rural,Kavali,Rear End Collision,Lorry hit Pedestrian,Lorry,Fatal,Over speed,Four lanes or more with central divider,Slight curve,,Fine,AP16TV  1943,YES,Non injured ,3
30.11.2012,11:09 PM,1322.5,LHS,Rural,Kavali,Rear End Collision,Lorry hit Pedestrian,Lorry,Fatal,Over speed,Four lanes or more with central divider,Slight curve,,Fine,AP16TV  1943,YES,Animals affected,0
01.12.2012,4:10 AM,1349.6,RHS,Rural,Dagadarthi,Rear End Collision, Lorry hit Safety Wall ,Lorry,Non injury,Over speed,Four lanes or more with central divider,Straight road,,Fine,AP07TW  1256,YES,Fatal,0
01.12.2012,4:10 AM,1349.6,RHS,Rural,Dagadarthi,Rear End Collision, Lorry hit Safety Wall ,Lorry,Non injury,Over speed,Four lanes or more with central divider,Straight road,,Fine,AP07TW  1256,YES,Grevious,0
01.12.2012,4:10 AM,1349.6,RHS,Rural,Dagadarthi,Rear End Collision, Lorry hit Safety Wall ,Lorry,Non injury,Over speed,Four lanes or more with central divider,Straight road,,Fine,AP07TW  1256,YES,Minor,0
01.12.2012,4:10 AM,1349.6,RHS,Rural,Dagadarthi,Rear End Collision, Lorry hit Safety Wall ,Lorry,Non injury,Over speed,Four lanes or more with central divider,Straight road,,Fine,AP07TW  1256,YES,Non injured ,2
01.12.2012,4:10 AM,1349.6,RHS,Rural,Dagadarthi,Rear End Collision, Lorry hit Safety Wall ,Lorry,Non injury,Over speed,Four lanes or more with central divider,Straight road,,Fine,AP07TW  1256,YES,Animals affected,0
02.12.2012,9:00 AM,1357.3,LHS,Rural,Kodavaluru,Collision Brush/Side Wipe, Lorry hit   Culvert wall,Lorry,Minor injury,Fault of driver of motor vehicle/driver of other vehicle/cyclist/pedestrian/passenger,Four lanes or more with central divider,Straight road,,Fine,AP24TA   1467,YES,Fatal,0
02.12.2012,9:00 AM,1357.3,LHS,Rural,Kodavaluru,Collision Brush/Side Wipe, Lorry hit   Culvert wall,Lorry,Minor injury,Fault of driver of motor vehicle/driver of other vehicle/cyclist/pedestrian/passenger,Four lanes or more with central divider,Straight road,,Fine,AP24TA   1467,YES,Grevious,0
02.12.2012,9:00 AM,1357.3,LHS,Rural,Kodavaluru,Collision Brush/Side Wipe, Lorry hit   Culvert wall,Lorry,Minor injury,Fault of driver of motor vehicle/driver of other vehicle/cyclist/pedestrian/passenger,Four lanes or more with central divider,Straight road,,Fine,AP24TA   1467,YES,Minor,1
02.12.2012,9:00 AM,1357.3,LHS,Rural,Kodavaluru,Collision Brush/Side Wipe, Lorry hit   Culvert wall,Lorry,Minor injury,Fault of driver of motor vehicle/driver of other vehicle/cyclist/pedestrian/passenger,Four lanes or more with central divider,Straight road,,Fine,AP24TA   1467,YES,Non injured ,1
02.12.2012,9:00 AM,1357.3,LHS,Rural,Kodavaluru,Collision Brush/Side Wipe, Lorry hit   Culvert wall,Lorry,Minor injury,Fault of driver of motor vehicle/driver of other vehicle/cyclist/pedestrian/passenger,Four lanes or more with central divider,Straight road,,Fine,AP24TA   1467,YES,Animals affected,0
02.12.2012,12:20 PM,1223.7,LHS,Rural,Medarametla,Head on collision, Unknown vehicle   hit    Buffalo,Unknown,Non injury,Over speed,Four lanes or more with central divider,Straight road,,Fine,Unknown vehicle,YES,Fatal,0
02.12.2012,12:20 PM,1223.7,LHS,Rural,Medarametla,Head on collision, Unknown vehicle   hit    Buffalo,Unknown,Non injury,Over speed,Four lanes or more with central divider,Straight road,,Fine,Unknown vehicle,YES,Grevious,0
02.12.2012,12:20 PM,1223.7,LHS,Rural,Medarametla,Head on collision, Unknown vehicle   hit    Buffalo,Unknown,Non injury,Over speed,Four lanes or more with central divider,Straight road,,Fine,Unknown vehicle,YES,Minor,0
02.12.2012,12:20 PM,1223.7,LHS,Rural,Medarametla,Head on collision, Unknown vehicle   hit    Buffalo,Unknown,Non injury,Over speed,Four lanes or more with central divider,Straight road,,Fine,Unknown vehicle,YES,Non injured ,0
02.12.2012,12:20 PM,1223.7,LHS,Rural,Medarametla,Head on collision, Unknown vehicle   hit    Buffalo,Unknown,Non injury,Over speed,Four lanes or more with central divider,Straight road,,Fine,Unknown vehicle,YES,Animals affected,1
02.12.2012,4:50 PM,1214.7,LHS,Rural,Medarametla,Head on collision,  Tractor hit Bike,Tractor,Grievious injury,Fault of driver of motor vehicle/driver of other vehicle/cyclist/pedestrian/passenger,Four lanes or more with central divider,Straight road,,Fine,AP27Y    2702,YES,Fatal,0
02.12.2012,4:50 PM,1214.7,LHS,Rural,Medarametla,Head on collision,  Tractor hit Bike,Tractor,Grievious injury,Fault of driver of motor vehicle/driver of other vehicle/cyclist/pedestrian/passenger,Four lanes or more with central divider,Straight road,,Fine,AP27Y    2702,YES,Grevious,1
02.12.2012,4:50 PM,1214.7,LHS,Rural,Medarametla,Head on collision,  Tractor hit Bike,Tractor,Grievious injury,Fault of driver of motor vehicle/driver of other vehicle/cyclist/pedestrian/passenger,Four lanes or more with central divider,Straight road,,Fine,AP27Y    2702,YES,Minor,0
02.12.2012,4:50 PM,1214.7,LHS,Rural,Medarametla,Head on collision,  Tractor hit Bike,Tractor,Grievious injury,Fault of driver of motor vehicle/driver of other vehicle/cyclist/pedestrian/passenger,Four lanes or more with central divider,Straight road,,Fine,AP27Y    2702,YES,Non injured ,0
02.12.2012,4:50 PM,1214.7,LHS,Rural,Medarametla,Head on collision,  Tractor hit Bike,Tractor,Grievious injury,Fault of driver of motor vehicle/driver of other vehicle/cyclist/pedestrian/passenger,Four lanes or more with central divider,Straight road,,Fine,AP27Y    2702,YES,Animals affected,0
03.12.2012,11:30 AM,1314.3,RHS,Rural,Kavali,Collision Brush/Side Wipe, Car hit median Wall,Car,Non injury,Over speed,Four lanes or more with central divider,Straight road,,Fine,AP09BU  1922,YES,Fatal,0
03.12.2012,11:30 AM,1314.3,RHS,Rural,Kavali,Collision Brush/Side Wipe, Car hit median Wall,Car,Non injury,Over speed,Four lanes or more with central divider,Straight road,,Fine,AP09BU  1922,YES,Grevious,0
03.12.2012,11:30 AM,1314.3,RHS,Rural,Kavali,Collision Brush/Side Wipe, Car hit median Wall,Car,Non injury,Over speed,Four lanes or more with central divider,Straight road,,Fine,AP09BU  1922,YES,Minor,0
03.12.2012,11:30 AM,1314.3,RHS,Rural,Kavali,Collision Brush/Side Wipe, Car hit median Wall,Car,Non injury,Over speed,Four lanes or more with central divider,Straight road,,Fine,AP09BU  1922,YES,Non injured ,2
03.12.2012,11:30 AM,1314.3,RHS,Rural,Kavali,Collision Brush/Side Wipe, Car hit median Wall,Car,Non injury,Over speed,Four lanes or more with central divider,Straight road,,Fine,AP09BU  1922,YES,Animals affected,0
03.12.2012,3:20 PM,1192.2,RHS,Rural,Martur,Overturning, Ape auto  Over turned,Auto,Grievious injury,Over speed,Four lanes or more with central divider,Straight road,,Fine,AP07TA  8105,YES,Fatal,0
03.12.2012,3:20 PM,1192.2,RHS,Rural,Martur,Overturning, Ape auto  Over turned,Auto,Grievious injury,Over speed,Four lanes or more with central divider,Straight road,,Fine,AP07TA  8105,YES,Grevious,2
03.12.2012,3:20 PM,1192.2,RHS,Rural,Martur,Overturning, Ape auto  Over turned,Auto,Grievious injury,Over speed,Four lanes or more with central divider,Straight road,,Fine,AP07TA  8105,YES,Minor,0
03.12.2012,3:20 PM,1192.2,RHS,Rural,Martur,Overturning, Ape auto  Over turned,Auto,Grievious injury,Over speed,Four lanes or more with central divider,Straight road,,Fine,AP07TA  8105,YES,Non injured ,3
03.12.2012,3:20 PM,1192.2,RHS,Rural,Martur,Overturning, Ape auto  Over turned,Auto,Grievious injury,Over speed,Four lanes or more with central divider,Straight road,,Fine,AP07TA  8105,YES,Animals affected,0
03.12.2012,3:40 PM,1252,RHS,Rural,Ongole,Rear End Collision, Tractor  hit Lorry,Tractor,Non injury,Over speed,Four lanes or more with central divider,Straight road,,Fine,AP247TV 6210,YES,Fatal,0
03.12.2012,3:40 PM,1252,RHS,Rural,Ongole,Rear End Collision, Tractor  hit Lorry,Tractor,Non injury,Over speed,Four lanes or more with central divider,Straight road,,Fine,AP247TV 6210,YES,Grevious,0
03.12.2012,3:40 PM,1252,RHS,Rural,Ongole,Rear End Collision, Tractor  hit Lorry,Tractor,Non injury,Over speed,Four lanes or more with central divider,Straight road,,Fine,AP247TV 6210,YES,Minor,0
03.12.2012,3:40 PM,1252,RHS,Rural,Ongole,Rear End Collision, Tractor  hit Lorry,Tractor,Non injury,Over speed,Four lanes or more with central divider,Straight road,,Fine,AP247TV 6210,YES,Non injured ,3
03.12.2012,3:40 PM,1252,RHS,Rural,Ongole,Rear End Collision, Tractor  hit Lorry,Tractor,Non injury,Over speed,Four lanes or more with central divider,Straight road,,Fine,AP247TV 6210,YES,Animals affected,0
03.12.2012,4:00 PM,1254.1,LHS,Rural,Ongole,Rear End Collision, Unknown vehicle hit Tata  Ace,Unknown,Non injury,Over speed,Four lanes or more with central divider,Straight road,,Fine,Unknown vehicle,YES,Fatal,0
03.12.2012,4:00 PM,1254.1,LHS,Rural,Ongole,Rear End Collision, Unknown vehicle hit Tata  Ace,Unknown,Non injury,Over speed,Four lanes or more with central divider,Straight road,,Fine,Unknown vehicle,YES,Grevious,0
03.12.2012,4:00 PM,1254.1,LHS,Rural,Ongole,Rear End Collision, Unknown vehicle hit Tata  Ace,Unknown,Non injury,Over speed,Four lanes or more with central divider,Straight road,,Fine,Unknown vehicle,YES,Minor,0
03.12.2012,4:00 PM,1254.1,LHS,Rural,Ongole,Rear End Collision, Unknown vehicle hit Tata  Ace,Unknown,Non injury,Over speed,Four lanes or more with central divider,Straight road,,Fine,Unknown vehicle,YES,Non injured ,2
03.12.2012,4:00 PM,1254.1,LHS,Rural,Ongole,Rear End Collision, Unknown vehicle hit Tata  Ace,Unknown,Non injury,Over speed,Four lanes or more with central divider,Straight road,,Fine,Unknown vehicle,YES,Animals affected,0
04.12.2012,4:20 AM,1227.6,LHS,Rural,Maddipadu,Overturning,Lorry Overturned,Lorry,Non injury,Over speed,Four lanes or more with central divider,Straight road,T-Junction,Fine,AP27TU   3888,YES,Fatal,0
04.12.2012,4:20 AM,1227.6,LHS,Rural,Maddipadu,Overturning,Lorry Overturned,Lorry,Non injury,Over speed,Four lanes or more with central divider,Straight road,T-Junction,Fine,AP27TU   3888,YES,Grevious,0
04.12.2012,4:20 AM,1227.6,LHS,Rural,Maddipadu,Overturning,Lorry Overturned,Lorry,Non injury,Over speed,Four lanes or more with central divider,Straight road,T-Junction,Fine,AP27TU   3888,YES,Minor,0
04.12.2012,4:20 AM,1227.6,LHS,Rural,Maddipadu,Overturning,Lorry Overturned,Lorry,Non injury,Over speed,Four lanes or more with central divider,Straight road,T-Junction,Fine,AP27TU   3888,YES,Non injured ,2
04.12.2012,4:20 AM,1227.6,LHS,Rural,Maddipadu,Overturning,Lorry Overturned,Lorry,Non injury,Over speed,Four lanes or more with central divider,Straight road,T-Junction,Fine,AP27TU   3888,YES,Animals affected,0
05.12.2012,3:00 AM,1274.1,RHS,Rural,Singarayakonda,Rear End Collision,Car hit Safety wall,Car,Minor injury,Over speed,Four lanes or more with central divider,Straight road,,Fine,AP09TV    3367,YES,Fatal,0
05.12.2012,3:00 AM,1274.1,RHS,Rural,Singarayakonda,Rear End Collision,Car hit Safety wall,Car,Minor injury,Over speed,Four lanes or more with central divider,Straight road,,Fine,AP09TV    3367,YES,Grevious,0
05.12.2012,3:00 AM,1274.1,RHS,Rural,Singarayakonda,Rear End Collision,Car hit Safety wall,Car,Minor injury,Over speed,Four lanes or more with central divider,Straight road,,Fine,AP09TV    3367,YES,Minor,1
05.12.2012,3:00 AM,1274.1,RHS,Rural,Singarayakonda,Rear End Collision,Car hit Safety wall,Car,Minor injury,Over speed,Four lanes or more with central divider,Straight road,,Fine,AP09TV    3367,YES,Non injured ,0
05.12.2012,3:00 AM,1274.1,RHS,Rural,Singarayakonda,Rear End Collision,Car hit Safety wall,Car,Minor injury,Over speed,Four lanes or more with central divider,Straight road,,Fine,AP09TV    3367,YES,Animals affected,0
05.12.2012,12:20 PM,1358.8,RHS,Rural,Kodavaluru,Rear End Collision,Unknown Vehicle hit Bike,Unknown,Minor injury,Over speed,Four lanes or more with central divider,Straight road,,Fine,AP26Q   4105,YES,Fatal,0
05.12.2012,12:20 PM,1358.8,RHS,Rural,Kodavaluru,Rear End Collision,Unknown Vehicle hit Bike,Unknown,Minor injury,Over speed,Four lanes or more with central divider,Straight road,,Fine,AP26Q   4105,YES,Grevious,0
05.12.2012,12:20 PM,1358.8,RHS,Rural,Kodavaluru,Rear End Collision,Unknown Vehicle hit Bike,Unknown,Minor injury,Over speed,Four lanes or more with central divider,Straight road,,Fine,AP26Q   4105,YES,Minor,1
05.12.2012,12:20 PM,1358.8,RHS,Rural,Kodavaluru,Rear End Collision,Unknown Vehicle hit Bike,Unknown,Minor injury,Over speed,Four lanes or more with central divider,Straight road,,Fine,AP26Q   4105,YES,Non injured ,0