Operational date,Time of Accident,KM && M,Position,Rural/Urban,Location,Nature of Accident Position,Nature of Accident,Vehicle Involved,Type of Accident,Causes,Road Feature,Road condition,Intersection Type And Control,Weather Condition,Vehicle Responsible,Help Provided by Ambulance/Patroling Vehicle,Classification of Accident,No of Affected Persons
05.12.2012,12:20 PM,1358.8,RHS,Rural,Kodavaluru,Rear End Collision,Unknown Vehicle hit Bike,Unknown,Minor injury,Over speed,Four lanes or more with central divider,Straight road,,Fine,AP26Q   4105,YES,Animals affected,0
05.12.2012,2:50 PM,1281.4,LHS,Rural,Singarayakonda,Rear End Collision,Car hit Safety wall,Car,Non injury,Over speed,Four lanes or more with central divider,Straight road,,Fine,TN20TD  1465,YES,Fatal,0
05.12.2012,2:50 PM,1281.4,LHS,Rural,Singarayakonda,Rear End Collision,Car hit Safety wall,Car,Non injury,Over speed,Four lanes or more with central divider,Straight road,,Fine,TN20TD  1465,YES,Grevious,0
05.12.2012,2:50 PM,1281.4,LHS,Rural,Singarayakonda,Rear End Collision,Car hit Safety wall,Car,Non injury,Over speed,Four lanes or more with central divider,Straight road,,Fine,TN20TD  1465,YES,Minor,0
05.12.2012,2:50 PM,1281.4,LHS,Rural,Singarayakonda,Rear End Collision,Car hit Safety wall,Car,Non injury,Over speed,Four lanes or more with central divider,Straight road,,Fine,TN20TD  1465,YES,Non injured ,2
05.12.2012,2:50 PM,1281.4,LHS,Rural,Singarayakonda,Rear End Collision,Car hit Safety wall,Car,Non injury,Over speed,Four lanes or more with central divider,Straight road,,Fine,TN20TD  1465,YES,Animals affected,0
05.12.2012,10:00 PM,1247.8,RHS,Urban,Ongole,Rear End Collision,Bus hit Tata Ace Auto,Bus,Fatal,Over speed,Four lanes or more with central divider,Straight road,T-Junction,Fine,AP27U 1155,YES,Fatal,1
05.12.2012,10:00 PM,1247.8,RHS,Urban,Ongole,Rear End Collision,Bus hit Tata Ace Auto,Bus,Fatal,Over speed,Four lanes or more with central divider,Straight road,T-Junction,Fine,AP27U 1155,YES,Grevious,0
05.12.2012,10:00 PM,1247.8,RHS,Urban,Ongole,Rear End Collision,Bus hit Tata Ace Auto,Bus,Fatal,Over speed,Four lanes or more with central divider,Straight road,T-Junction,Fine,AP27U 1155,YES,Minor,0
05.12.2012,10:00 PM,1247.8,RHS,Urban,Ongole,Rear End Collision,Bus hit Tata Ace Auto,Bus,Fatal,Over speed,Four lanes or more with central divider,Straight road,T-Junction,Fine,AP27U 1155,YES,Non injured ,1
05.12.2012,10:00 PM,1247.8,RHS,Urban,Ongole,Rear End Collision,Bus hit Tata Ace Auto,Bus,Fatal,Over speed,Four lanes or more with central divider,Straight road,T-Junction,Fine,AP27U 1155,YES,Animals affected,0
05.12.2012,11:00 PM,1347.9,LHS,Rural,Dagadarthi,Overturning,Mini Lorry    Overturned,Lorry,Non injury,Over speed,Four lanes or more with central divider,Straight road,,Fine,AP03TA    7389,YES,Fatal,0
05.12.2012,11:00 PM,1347.9,LHS,Rural,Dagadarthi,Overturning,Mini Lorry    Overturned,Lorry,Non injury,Over speed,Four lanes or more with central divider,Straight road,,Fine,AP03TA    7389,YES,Grevious,0
05.12.2012,11:00 PM,1347.9,LHS,Rural,Dagadarthi,Overturning,Mini Lorry    Overturned,Lorry,Non injury,Over speed,Four lanes or more with central divider,Straight road,,Fine,AP03TA    7389,YES,Minor,0
05.12.2012,11:00 PM,1347.9,LHS,Rural,Dagadarthi,Overturning,Mini Lorry    Overturned,Lorry,Non injury,Over speed,Four lanes or more with central divider,Straight road,,Fine,AP03TA    7389,YES,Non injured ,2
05.12.2012,11:00 PM,1347.9,LHS,Rural,Dagadarthi,Overturning,Mini Lorry    Overturned,Lorry,Non injury,Over speed,Four lanes or more with central divider,Straight road,,Fine,AP03TA    7389,YES,Animals affected,0
06.12.2012,5:00 AM,1305,RHS,Rural,Gudluru,Rear End Collision, Lorry hit Unknown Vehicle,Lorry,Non injury,Over speed,Four lanes or more with central divider,Straight road,,Fine,TN52A  9159,YES,Fatal,0
06.12.2012,5:00 AM,1305,RHS,Rural,Gudluru,Rear End Collision, Lorry hit Unknown Vehicle,Lorry,Non injury,Over speed,Four lanes or more with central divider,Straight road,,Fine,TN52A  9159,YES,Grevious,0
06.12.2012,5:00 AM,1305,RHS,Rural,Gudluru,Rear End Collision, Lorry hit Unknown Vehicle,Lorry,Non injury,Over speed,Four lanes or more with central divider,Straight road,,Fine,TN52A  9159,YES,Minor,0
06.12.2012,5:00 AM,1305,RHS,Rural,Gudluru,Rear End Collision, Lorry hit Unknown Vehicle,Lorry,Non injury,Over speed,Four lanes or more with central divider,Straight road,,Fine,TN52A  9159,YES,Non injured ,2
06.12.2012,5:00 AM,1305,RHS,Rural,Gudluru,Rear End Collision, Lorry hit Unknown Vehicle,Lorry,Non injury,Over speed,Four lanes or more with central divider,Straight road,,Fine,TN52A  9159,YES,Animals affected,0
06.12.2012,9:25 AM,1262.2,RHS,Rural,Tangutur,Collision Brush/Side Wipe, Tata magic Car hit Pedestrian,Car,Minor injury,Over speed,Four lanes or more with central divider,Slight curve,,Fine,AP27TT 2030,YES,Fatal,0
06.12.2012,9:25 AM,1262.2,RHS,Rural,Tangutur,Collision Brush/Side Wipe, Tata magic Car hit Pedestrian,Car,Minor injury,Over speed,Four lanes or more with central divider,Slight curve,,Fine,AP27TT 2030,YES,Grevious,0
06.12.2012,9:25 AM,1262.2,RHS,Rural,Tangutur,Collision Brush/Side Wipe, Tata magic Car hit Pedestrian,Car,Minor injury,Over speed,Four lanes or more with central divider,Slight curve,,Fine,AP27TT 2030,YES,Minor,2
06.12.2012,9:25 AM,1262.2,RHS,Rural,Tangutur,Collision Brush/Side Wipe, Tata magic Car hit Pedestrian,Car,Minor injury,Over speed,Four lanes or more with central divider,Slight curve,,Fine,AP27TT 2030,YES,Non injured ,1
06.12.2012,9:25 AM,1262.2,RHS,Rural,Tangutur,Collision Brush/Side Wipe, Tata magic Car hit Pedestrian,Car,Minor injury,Over speed,Four lanes or more with central divider,Slight curve,,Fine,AP27TT 2030,YES,Animals affected,0
06.12.2012,11:10 AM,1294,RHS,Rural,Ulavapadu,Rear End Collision, Lorry hit Tractor,Lorry,Grievious injury,Over speed,Four lanes or more with central divider,Straight road,,Fine,TN04H   7260,YES,Fatal,0
06.12.2012,11:10 AM,1294,RHS,Rural,Ulavapadu,Rear End Collision, Lorry hit Tractor,Lorry,Grievious injury,Over speed,Four lanes or more with central divider,Straight road,,Fine,TN04H   7260,YES,Grevious,1
06.12.2012,11:10 AM,1294,RHS,Rural,Ulavapadu,Rear End Collision, Lorry hit Tractor,Lorry,Grievious injury,Over speed,Four lanes or more with central divider,Straight road,,Fine,TN04H   7260,YES,Minor,0
06.12.2012,11:10 AM,1294,RHS,Rural,Ulavapadu,Rear End Collision, Lorry hit Tractor,Lorry,Grievious injury,Over speed,Four lanes or more with central divider,Straight road,,Fine,TN04H   7260,YES,Non injured ,1
06.12.2012,11:10 AM,1294,RHS,Rural,Ulavapadu,Rear End Collision, Lorry hit Tractor,Lorry,Grievious injury,Over speed,Four lanes or more with central divider,Straight road,,Fine,TN04H   7260,YES,Animals affected,0
07.12.2012,5:10 AM,1333.8,RHS,Rural,K.Tippa ,Overturning, Lorry Over Turned,Lorry,Non injury,Vehicle out of control,Four lanes or more with central divider,Straight road,,Mist/Fog,HP67       3182,YES,Fatal,0
07.12.2012,5:10 AM,1333.8,RHS,Rural,K.Tippa ,Overturning, Lorry Over Turned,Lorry,Non injury,Vehicle out of control,Four lanes or more with central divider,Straight road,,Mist/Fog,HP67       3182,YES,Grevious,0
07.12.2012,5:10 AM,1333.8,RHS,Rural,K.Tippa ,Overturning, Lorry Over Turned,Lorry,Non injury,Vehicle out of control,Four lanes or more with central divider,Straight road,,Mist/Fog,HP67       3182,YES,Minor,0
07.12.2012,5:10 AM,1333.8,RHS,Rural,K.Tippa ,Overturning, Lorry Over Turned,Lorry,Non injury,Vehicle out of control,Four lanes or more with central divider,Straight road,,Mist/Fog,HP67       3182,YES,Non injured ,2
07.12.2012,5:10 AM,1333.8,RHS,Rural,K.Tippa ,Overturning, Lorry Over Turned,Lorry,Non injury,Vehicle out of control,Four lanes or more with central divider,Straight road,,Mist/Fog,HP67       3182,YES,Animals affected,0
07.12.2012,3:30 PM,1281.4,LHS,Rural,Singarayakonda,Rear End Collision,Lorry hit Car,Lorry,Non injury,Over speed,Four lanes or more with central divider,Slight curve,,Fine,AP07TU  1988,YES,Fatal,0
07.12.2012,3:30 PM,1281.4,LHS,Rural,Singarayakonda,Rear End Collision,Lorry hit Car,Lorry,Non injury,Over speed,Four lanes or more with central divider,Slight curve,,Fine,AP07TU  1988,YES,Grevious,0
07.12.2012,3:30 PM,1281.4,LHS,Rural,Singarayakonda,Rear End Collision,Lorry hit Car,Lorry,Non injury,Over speed,Four lanes or more with central divider,Slight curve,,Fine,AP07TU  1988,YES,Minor,0
07.12.2012,3:30 PM,1281.4,LHS,Rural,Singarayakonda,Rear End Collision,Lorry hit Car,Lorry,Non injury,Over speed,Four lanes or more with central divider,Slight curve,,Fine,AP07TU  1988,YES,Non injured ,4
07.12.2012,3:30 PM,1281.4,LHS,Rural,Singarayakonda,Rear End Collision,Lorry hit Car,Lorry,Non injury,Over speed,Four lanes or more with central divider,Slight curve,,Fine,AP07TU  1988,YES,Animals affected,0
08.12.2012,2:45 AM,1267.4,LHS,Rural,Tangutur,Rear End Collision,Mini Lorry hit Unknown Vehicle,Lorry,Grievious injury,Over speed,Four lanes or more with central divider,Slight curve,,Mist/Fog,AP27W 4582,YES,Fatal,0
08.12.2012,2:45 AM,1267.4,LHS,Rural,Tangutur,Rear End Collision,Mini Lorry hit Unknown Vehicle,Lorry,Grievious injury,Over speed,Four lanes or more with central divider,Slight curve,,Mist/Fog,AP27W 4582,YES,Grevious,5
08.12.2012,2:45 AM,1267.4,LHS,Rural,Tangutur,Rear End Collision,Mini Lorry hit Unknown Vehicle,Lorry,Grievious injury,Over speed,Four lanes or more with central divider,Slight curve,,Mist/Fog,AP27W 4582,YES,Minor,5
08.12.2012,2:45 AM,1267.4,LHS,Rural,Tangutur,Rear End Collision,Mini Lorry hit Unknown Vehicle,Lorry,Grievious injury,Over speed,Four lanes or more with central divider,Slight curve,,Mist/Fog,AP27W 4582,YES,Non injured ,30
08.12.2012,2:45 AM,1267.4,LHS,Rural,Tangutur,Rear End Collision,Mini Lorry hit Unknown Vehicle,Lorry,Grievious injury,Over speed,Four lanes or more with central divider,Slight curve,,Mist/Fog,AP27W 4582,YES,Animals affected,0
08.12.2012,3:20 PM,1295.5,RHS,Rural,Ulavapadu,Overturning, Tanker Lorry Over Turned,Tanker,Non injury,Over speed,Four lanes or more with central divider,Straight road,,Fine,MH04H 6599,YES,Fatal,0
08.12.2012,3:20 PM,1295.5,RHS,Rural,Ulavapadu,Overturning, Tanker Lorry Over Turned,Tanker,Non injury,Over speed,Four lanes or more with central divider,Straight road,,Fine,MH04H 6599,YES,Grevious,0
08.12.2012,3:20 PM,1295.5,RHS,Rural,Ulavapadu,Overturning, Tanker Lorry Over Turned,Tanker,Non injury,Over speed,Four lanes or more with central divider,Straight road,,Fine,MH04H 6599,YES,Minor,0
08.12.2012,3:20 PM,1295.5,RHS,Rural,Ulavapadu,Overturning, Tanker Lorry Over Turned,Tanker,Non injury,Over speed,Four lanes or more with central divider,Straight road,,Fine,MH04H 6599,YES,Non injured ,2
08.12.2012,3:20 PM,1295.5,RHS,Rural,Ulavapadu,Overturning, Tanker Lorry Over Turned,Tanker,Non injury,Over speed,Four lanes or more with central divider,Straight road,,Fine,MH04H 6599,YES,Animals affected,0
09.12.2012,10:10 AM,1273.1,LHS,Rural,Singarayakonda,Collision Brush/Side Wipe,Lorry hit Safety Wall,Lorry,Non injury,Over speed,Four lanes or more with central divider,Straight road,,Fine,AP24TA   3349,YES,Fatal,0
09.12.2012,10:10 AM,1273.1,LHS,Rural,Singarayakonda,Collision Brush/Side Wipe,Lorry hit Safety Wall,Lorry,Non injury,Over speed,Four lanes or more with central divider,Straight road,,Fine,AP24TA   3349,YES,Grevious,0
09.12.2012,10:10 AM,1273.1,LHS,Rural,Singarayakonda,Collision Brush/Side Wipe,Lorry hit Safety Wall,Lorry,Non injury,Over speed,Four lanes or more with central divider,Straight road,,Fine,AP24TA   3349,YES,Minor,0
09.12.2012,10:10 AM,1273.1,LHS,Rural,Singarayakonda,Collision Brush/Side Wipe,Lorry hit Safety Wall,Lorry,Non injury,Over speed,Four lanes or more with central divider,Straight road,,Fine,AP24TA   3349,YES,Non injured ,2
09.12.2012,10:10 AM,1273.1,LHS,Rural,Singarayakonda,Collision Brush/Side Wipe,Lorry hit Safety Wall,Lorry,Non injury,Over speed,Four lanes or more with central divider,Straight road,,Fine,AP24TA   3349,YES,Animals affected,0
09.12.2012,10:30 AM,1302.8,RHS,Rural,Gudluru,Rear End Collision,Lorry hit Unknown Vehicle,Lorry,Non injury,Over speed,Four lanes or more with central divider,Straight road,,Fine,MP06HC   0469,YES,Fatal,0
09.12.2012,10:30 AM,1302.8,RHS,Rural,Gudluru,Rear End Collision,Lorry hit Unknown Vehicle,Lorry,Non injury,Over speed,Four lanes or more with central divider,Straight road,,Fine,MP06HC   0469,YES,Grevious,0
09.12.2012,10:30 AM,1302.8,RHS,Rural,Gudluru,Rear End Collision,Lorry hit Unknown Vehicle,Lorry,Non injury,Over speed,Four lanes or more with central divider,Straight road,,Fine,MP06HC   0469,YES,Minor,0
09.12.2012,10:30 AM,1302.8,RHS,Rural,Gudluru,Rear End Collision,Lorry hit Unknown Vehicle,Lorry,Non injury,Over speed,Four lanes or more with central divider,Straight road,,Fine,MP06HC   0469,YES,Non injured ,1
09.12.2012,10:30 AM,1302.8,RHS,Rural,Gudluru,Rear End Collision,Lorry hit Unknown Vehicle,Lorry,Non injury,Over speed,Four lanes or more with central divider,Straight road,,Fine,MP06HC   0469,YES,Animals affected,0
09.12.2012,6:40 PM,1232.7,RHS,Rural,Maddipadu,Rear End Collision,Lorry hit Pedestrian,Lorry,Fatal,Over speed,Four lanes or more with central divider,Straight road,,Fine,AP21T  2268,YES,Fatal,1
09.12.2012,6:40 PM,1232.7,RHS,Rural,Maddipadu,Rear End Collision,Lorry hit Pedestrian,Lorry,Fatal,Over speed,Four lanes or more with central divider,Straight road,,Fine,AP21T  2268,YES,Grevious,0
09.12.2012,6:40 PM,1232.7,RHS,Rural,Maddipadu,Rear End Collision,Lorry hit Pedestrian,Lorry,Fatal,Over speed,Four lanes or more with central divider,Straight road,,Fine,AP21T  2268,YES,Minor,0
09.12.2012,6:40 PM,1232.7,RHS,Rural,Maddipadu,Rear End Collision,Lorry hit Pedestrian,Lorry,Fatal,Over speed,Four lanes or more with central divider,Straight road,,Fine,AP21T  2268,YES,Non injured ,2
09.12.2012,6:40 PM,1232.7,RHS,Rural,Maddipadu,Rear End Collision,Lorry hit Pedestrian,Lorry,Fatal,Over speed,Four lanes or more with central divider,Straight road,,Fine,AP21T  2268,YES,Animals affected,0
09.12.2012,7:10 PM,1314.4,RHS,Rural,Kavali,Overturning,Lorry Overturned,Lorry,Non injury,Over speed,Four lanes or more with central divider,Straight road,,Fine,TN69AF   0816,YES,Fatal,0
09.12.2012,7:10 PM,1314.4,RHS,Rural,Kavali,Overturning,Lorry Overturned,Lorry,Non injury,Over speed,Four lanes or more with central divider,Straight road,,Fine,TN69AF   0816,YES,Grevious,0
09.12.2012,7:10 PM,1314.4,RHS,Rural,Kavali,Overturning,Lorry Overturned,Lorry,Non injury,Over speed,Four lanes or more with central divider,Straight road,,Fine,TN69AF   0816,YES,Minor,0
09.12.2012,7:10 PM,1314.4,RHS,Rural,Kavali,Overturning,Lorry Overturned,Lorry,Non injury,Over speed,Four lanes or more with central divider,Straight road,,Fine,TN69AF   0816,YES,Non injured ,2
09.12.2012,7:10 PM,1314.4,RHS,Rural,Kavali,Overturning,Lorry Overturned,Lorry,Non injury,Over speed,Four lanes or more with central divider,Straight road,,Fine,TN69AF   0816,YES,Animals affected,0
09.12.2012,11:20 PM,1353.9,LHS,Rural,Kodavaluru,Rear End Collision,Unknown vehicle hit Pedestrian,Unknown,Fatal,Over speed,Three lanes or more without central divider(median),Straight road,T-Junction,Fine,Unknown vehicle,YES,Fatal,1
09.12.2012,11:20 PM,1353.9,LHS,Rural,Kodavaluru,Rear End Collision,Unknown vehicle hit Pedestrian,Unknown,Fatal,Over speed,Three lanes or more without central divider(median),Straight road,T-Junction,Fine,Unknown vehicle,YES,Grevious,0
09.12.2012,11:20 PM,1353.9,LHS,Rural,Kodavaluru,Rear End Collision,Unknown vehicle hit Pedestrian,Unknown,Fatal,Over speed,Three lanes or more without central divider(median),Straight road,T-Junction,Fine,Unknown vehicle,YES,Minor,0
09.12.2012,11:20 PM,1353.9,LHS,Rural,Kodavaluru,Rear End Collision,Unknown vehicle hit Pedestrian,Unknown,Fatal,Over speed,Three lanes or more without central divider(median),Straight road,T-Junction,Fine,Unknown vehicle,YES,Non injured ,0
09.12.2012,11:20 PM,1353.9,LHS,Rural,Kodavaluru,Rear End Collision,Unknown vehicle hit Pedestrian,Unknown,Fatal,Over speed,Three lanes or more without central divider(median),Straight road,T-Junction,Fine,Unknown vehicle,YES,Animals affected,0
10.12.2012,2:15 AM,1262.8,LHS,Rural,Tangutur,Rear End Collision,Bus hit Bus,Bus,Non injury,Over speed,Four lanes or more with central divider,Straight road,,Fine,AP29Z  2644,YES,Fatal,0
10.12.2012,2:15 AM,1262.8,LHS,Rural,Tangutur,Rear End Collision,Bus hit Bus,Bus,Non injury,Over speed,Four lanes or more with central divider,Straight road,,Fine,AP29Z  2644,YES,Grevious,0
10.12.2012,2:15 AM,1262.8,LHS,Rural,Tangutur,Rear End Collision,Bus hit Bus,Bus,Non injury,Over speed,Four lanes or more with central divider,Straight road,,Fine,AP29Z  2644,YES,Minor,0
10.12.2012,2:15 AM,1262.8,LHS,Rural,Tangutur,Rear End Collision,Bus hit Bus,Bus,Non injury,Over speed,Four lanes or more with central divider,Straight road,,Fine,AP29Z  2644,YES,Non injured ,23
10.12.2012,2:15 AM,1262.8,LHS,Rural,Tangutur,Rear End Collision,Bus hit Bus,Bus,Non injury,Over speed,Four lanes or more with central divider,Straight road,,Fine,AP29Z  2644,YES,Animals affected,0
10.12.2012,4:11 AM,1236,RHS,Rural,Maddipadu,Overturning,Lorry Overturned,Lorry,Non injury,Vehicle out of control,Three lanes or more without central divider(median),Straight road,T-Junction,Mist/Fog,NL01T   2293,YES,Fatal,0
10.12.2012,4:11 AM,1236,RHS,Rural,Maddipadu,Overturning,Lorry Overturned,Lorry,Non injury,Vehicle out of control,Three lanes or more without central divider(median),Straight road,T-Junction,Mist/Fog,NL01T   2293,YES,Grevious,0
10.12.2012,4:11 AM,1236,RHS,Rural,Maddipadu,Overturning,Lorry Overturned,Lorry,Non injury,Vehicle out of control,Three lanes or more without central divider(median),Straight road,T-Junction,Mist/Fog,NL01T   2293,YES,Minor,0
10.12.2012,4:11 AM,1236,RHS,Rural,Maddipadu,Overturning,Lorry Overturned,Lorry,Non injury,Vehicle out of control,Three lanes or more without central divider(median),Straight road,T-Junction,Mist/Fog,NL01T   2293,YES,Non injured ,2
10.12.2012,4:11 AM,1236,RHS,Rural,Maddipadu,Overturning,Lorry Overturned,Lorry,Non injury,Vehicle out of control,Three lanes or more without central divider(median),Straight road,T-Junction,Mist/Fog,NL01T   2293,YES,Animals affected,0
10.12.2012,1:20 PM,1358.9,LHS,Rural,Kodavaluru,Right Turn Collision, Lorry hit RTC Bus,Lorry,Grievious injury,Over speed,Three lanes or more without central divider(median),Slight curve,Four arm junction,Fine,AP16TX 8744,YES,Fatal,0
10.12.2012,1:20 PM,1358.9,LHS,Rural,Kodavaluru,Right Turn Collision, Lorry hit RTC Bus,Lorry,Grievious injury,Over speed,Three lanes or more without central divider(median),Slight curve,Four arm junction,Fine,AP16TX 8744,YES,Grevious,2
10.12.2012,1:20 PM,1358.9,LHS,Rural,Kodavaluru,Right Turn Collision, Lorry hit RTC Bus,Lorry,Grievious injury,Over speed,Three lanes or more without central divider(median),Slight curve,Four arm junction,Fine,AP16TX 8744,YES,Minor,5
10.12.2012,1:20 PM,1358.9,LHS,Rural,Kodavaluru,Right Turn Collision, Lorry hit RTC Bus,Lorry,Grievious injury,Over speed,Three lanes or more without central divider(median),Slight curve,Four arm junction,Fine,AP16TX 8744,YES,Non injured ,28
10.12.2012,1:20 PM,1358.9,LHS,Rural,Kodavaluru,Right Turn Collision, Lorry hit RTC Bus,Lorry,Grievious injury,Over speed,Three lanes or more without central divider(median),Slight curve,Four arm junction,Fine,AP16TX 8744,YES,Animals affected,0
11.12.2012,1:10 AM,1265.2,RHS,Rural,Tangutur,Rear End Collision, Car hit Safety Wall,Car,Non injury,Over speed,Four lanes or more with central divider,Straight road,,Fine,AP09TV  0821,YES,Fatal,0
11.12.2012,1:10 AM,1265.2,RHS,Rural,Tangutur,Rear End Collision, Car hit Safety Wall,Car,Non injury,Over speed,Four lanes or more with central divider,Straight road,,Fine,AP09TV  0821,YES,Grevious,0
11.12.2012,1:10 AM,1265.2,RHS,Rural,Tangutur,Rear End Collision, Car hit Safety Wall,Car,Non injury,Over speed,Four lanes or more with central divider,Straight road,,Fine,AP09TV  0821,YES,Minor,0
11.12.2012,1:10 AM,1265.2,RHS,Rural,Tangutur,Rear End Collision, Car hit Safety Wall,Car,Non injury,Over speed,Four lanes or more with central divider,Straight road,,Fine,AP09TV  0821,YES,Non injured ,2
11.12.2012,1:10 AM,1265.2,RHS,Rural,Tangutur,Rear End Collision, Car hit Safety Wall,Car,Non injury,Over speed,Four lanes or more with central divider,Straight road,,Fine,AP09TV  0821,YES,Animals affected,0
11.12.2012,7:40 AM,1313.2,LHS,Rural,Kavali,Rear End Collision,Lorry hit Private Bus,Lorry,Minor injury,Over speed,Four lanes or more with central divider,Straight road,T-Junction,Fine,RJ06GA   0225,YES,Fatal,0
11.12.2012,7:40 AM,1313.2,LHS,Rural,Kavali,Rear End Collision,Lorry hit Private Bus,Lorry,Minor injury,Over speed,Four lanes or more with central divider,Straight road,T-Junction,Fine,RJ06GA   0225,YES,Grevious,0
11.12.2012,7:40 AM,1313.2,LHS,Rural,Kavali,Rear End Collision,Lorry hit Private Bus,Lorry,Minor injury,Over speed,Four lanes or more with central divider,Straight road,T-Junction,Fine,RJ06GA   0225,YES,Minor,1
11.12.2012,7:40 AM,1313.2,LHS,Rural,Kavali,Rear End Collision,Lorry hit Private Bus,Lorry,Minor injury,Over speed,Four lanes or more with central divider,Straight road,T-Junction,Fine,RJ06GA   0225,YES,Non injured ,20
11.12.2012,7:40 AM,1313.2,LHS,Rural,Kavali,Rear End Collision,Lorry hit Private Bus,Lorry,Minor injury,Over speed,Four lanes or more with central divider,Straight road,T-Junction,Fine,RJ06GA   0225,YES,Animals affected,0
11.12.2012,11:25 AM,1311.8,LHS,Rural,Kavali,Rear End Collision, Car hit Lorry,Car,Grievious injury,Over speed,Four lanes or more with central divider,Straight road,,Fine,AP16BQ 6004,YES,Fatal,0
11.12.2012,11:25 AM,1311.8,LHS,Rural,Kavali,Rear End Collision, Car hit Lorry,Car,Grievious injury,Over speed,Four lanes or more with central divider,Straight road,,Fine,AP16BQ 6004,YES,Grevious,2
11.12.2012,11:25 AM,1311.8,LHS,Rural,Kavali,Rear End Collision, Car hit Lorry,Car,Grievious injury,Over speed,Four lanes or more with central divider,Straight road,,Fine,AP16BQ 6004,YES,Minor,0
11.12.2012,11:25 AM,1311.8,LHS,Rural,Kavali,Rear End Collision, Car hit Lorry,Car,Grievious injury,Over speed,Four lanes or more with central divider,Straight road,,Fine,AP16BQ 6004,YES,Non injured ,2
11.12.2012,11:25 AM,1311.8,LHS,Rural,Kavali,Rear End Collision, Car hit Lorry,Car,Grievious injury,Over speed,Four lanes or more with central divider,Straight road,,Fine,AP16BQ 6004,YES,Animals affected,0
11.12.2012,8:30 PM,1195.7,LHS,Rural,Martur,Rear End Collision, Lorry hit Bike,Lorry,Fatal,Over speed,Four lanes or more with central divider,Straight road,,Fine,AP15X  6959,YES,Fatal,1
11.12.2012,8:30 PM,1195.7,LHS,Rural,Martur,Rear End Collision, Lorry hit Bike,Lorry,Fatal,Over speed,Four lanes or more with central divider,Straight road,,Fine,AP15X  6959,YES,Grevious,0
11.12.2012,8:30 PM,1195.7,LHS,Rural,Martur,Rear End Collision, Lorry hit Bike,Lorry,Fatal,Over speed,Four lanes or more with central divider,Straight road,,Fine,AP15X  6959,YES,Minor,2
11.12.2012,8:30 PM,1195.7,LHS,Rural,Martur,Rear End Collision, Lorry hit Bike,Lorry,Fatal,Over speed,Four lanes or more with central divider,Straight road,,Fine,AP15X  6959,YES,Non injured ,1
11.12.2012,8:30 PM,1195.7,LHS,Rural,Martur,Rear End Collision, Lorry hit Bike,Lorry,Fatal,Over speed,Four lanes or more with central divider,Straight road,,Fine,AP15X  6959,YES,Animals affected,0
12.12.2012,4:15 PM,1278.2,RHS,Rural,Singarayakonda,Head on collision,Milk Tanker hit  Continer Vehicle,Tanker,Minor injury,Fault of driver of motor vehicle/driver of other vehicle/cyclist/pedestrian/passenger,Four lanes or more with central divider,Straight road,,Fine,KA40     3530,YES,Fatal,0
12.12.2012,4:15 PM,1278.2,RHS,Rural,Singarayakonda,Head on collision,Milk Tanker hit  Continer Vehicle,Tanker,Minor injury,Fault of driver of motor vehicle/driver of other vehicle/cyclist/pedestrian/passenger,Four lanes or more with central divider,Straight road,,Fine,KA40     3530,YES,Grevious,1
12.12.2012,4:15 PM,1278.2,RHS,Rural,Singarayakonda,Head on collision,Milk Tanker hit  Continer Vehicle,Tanker,Minor injury,Fault of driver of motor vehicle/driver of other vehicle/cyclist/pedestrian/passenger,Four lanes or more with central divider,Straight road,,Fine,KA40     3530,YES,Minor,0
12.12.2012,4:15 PM,1278.2,RHS,Rural,Singarayakonda,Head on collision,Milk Tanker hit  Continer Vehicle,Tanker,Minor injury,Fault of driver of motor vehicle/driver of other vehicle/cyclist/pedestrian/passenger,Four lanes or more with central divider,Straight road,,Fine,KA40     3530,YES,Non injured ,2
12.12.2012,4:15 PM,1278.2,RHS,Rural,Singarayakonda,Head on collision,Milk Tanker hit  Continer Vehicle,Tanker,Minor injury,Fault of driver of motor vehicle/driver of other vehicle/cyclist/pedestrian/passenger,Four lanes or more with central divider,Straight road,,Fine,KA40     3530,YES,Animals affected,0
14.12.2012,2:25 AM,1195.6,LHS,Rural,Martur,Overturning, Mini Lorry Overturned,Lorry,Grievious injury,Fault of driver of motor vehicle/driver of other vehicle/cyclist/pedestrian/passenger,Four lanes or more with central divider,Straight road,,Fine,TN72AZ 5430,YES,Fatal,0
14.12.2012,2:25 AM,1195.6,LHS,Rural,Martur,Overturning, Mini Lorry Overturned,Lorry,Grievious injury,Fault of driver of motor vehicle/driver of other vehicle/cyclist/pedestrian/passenger,Four lanes or more with central divider,Straight road,,Fine,TN72AZ 5430,YES,Grevious,2
14.12.2012,2:25 AM,1195.6,LHS,Rural,Martur,Overturning, Mini Lorry Overturned,Lorry,Grievious injury,Fault of driver of motor vehicle/driver of other vehicle/cyclist/pedestrian/passenger,Four lanes or more with central divider,Straight road,,Fine,TN72AZ 5430,YES,Minor,0
14.12.2012,2:25 AM,1195.6,LHS,Rural,Martur,Overturning, Mini Lorry Overturned,Lorry,Grievious injury,Fault of driver of motor vehicle/driver of other vehicle/cyclist/pedestrian/passenger,Four lanes or more with central divider,Straight road,,Fine,TN72AZ 5430,YES,Non injured ,0
14.12.2012,2:25 AM,1195.6,LHS,Rural,Martur,Overturning, Mini Lorry Overturned,Lorry,Grievious injury,Fault of driver of motor vehicle/driver of other vehicle/cyclist/pedestrian/passenger,Four lanes or more with central divider,Straight road,,Fine,TN72AZ 5430,YES,Animals affected,0
14.12.2012,6:50 AM,1323.3,LHS,Rural,Kavali,Overturning,Lorry Overturned,Lorry,Minor injury,Over speed,Four lanes or more with central divider,Sharp curve,,Fine,TN32K   5682,YES,Fatal,0