Operational date,Time of Accident,KM && M,Position,Rural/Urban,Location,Nature of Accident Position,Nature of Accident,Vehicle Involved,Type of Accident,Causes,Road Feature,Road condition,Intersection Type And Control,Weather Condition,Vehicle Responsible,Help Provided by Ambulance/Patroling Vehicle,Classification of Accident,No of Affected Persons
14.12.2012,6:50 AM,1323.3,LHS,Rural,Kavali,Overturning,Lorry Overturned,Lorry,Minor injury,Over speed,Four lanes or more with central divider,Sharp curve,,Fine,TN32K   5682,YES,Grevious,0
14.12.2012,6:50 AM,1323.3,LHS,Rural,Kavali,Overturning,Lorry Overturned,Lorry,Minor injury,Over speed,Four lanes or more with central divider,Sharp curve,,Fine,TN32K   5682,YES,Minor,1
14.12.2012,6:50 AM,1323.3,LHS,Rural,Kavali,Overturning,Lorry Overturned,Lorry,Minor injury,Over speed,Four lanes or more with central divider,Sharp curve,,Fine,TN32K   5682,YES,Non injured ,1
14.12.2012,6:50 AM,1323.3,LHS,Rural,Kavali,Overturning,Lorry Overturned,Lorry,Minor injury,Over speed,Four lanes or more with central divider,Sharp curve,,Fine,TN32K   5682,YES,Animals affected,0
14.12.2012,7:50 AM,1299.2,LHS,Rural,Gudluru,Overturning,Tata ACE Overturned,Tata Ace,Non injury,Over speed,Four lanes or more with central divider,Straight road,,Fine,AP09PA  9656,YES,Fatal,0
14.12.2012,7:50 AM,1299.2,LHS,Rural,Gudluru,Overturning,Tata ACE Overturned,Tata Ace,Non injury,Over speed,Four lanes or more with central divider,Straight road,,Fine,AP09PA  9656,YES,Grevious,0
14.12.2012,7:50 AM,1299.2,LHS,Rural,Gudluru,Overturning,Tata ACE Overturned,Tata Ace,Non injury,Over speed,Four lanes or more with central divider,Straight road,,Fine,AP09PA  9656,YES,Minor,0
14.12.2012,7:50 AM,1299.2,LHS,Rural,Gudluru,Overturning,Tata ACE Overturned,Tata Ace,Non injury,Over speed,Four lanes or more with central divider,Straight road,,Fine,AP09PA  9656,YES,Non injured ,2
14.12.2012,7:50 AM,1299.2,LHS,Rural,Gudluru,Overturning,Tata ACE Overturned,Tata Ace,Non injury,Over speed,Four lanes or more with central divider,Straight road,,Fine,AP09PA  9656,YES,Animals affected,0
15.12.2012,3:30 AM,1218,RHS,Rural,Maddipadu,Rear End Collision, Lorry hit Unknown Vehicle,Lorry,Non injury,Over speed,Four lanes or more with central divider,Straight road,Four arm junction,Fine,AP07W 9977,YES,Fatal,0
15.12.2012,3:30 AM,1218,RHS,Rural,Maddipadu,Rear End Collision, Lorry hit Unknown Vehicle,Lorry,Non injury,Over speed,Four lanes or more with central divider,Straight road,Four arm junction,Fine,AP07W 9977,YES,Grevious,0
15.12.2012,3:30 AM,1218,RHS,Rural,Maddipadu,Rear End Collision, Lorry hit Unknown Vehicle,Lorry,Non injury,Over speed,Four lanes or more with central divider,Straight road,Four arm junction,Fine,AP07W 9977,YES,Minor,0
15.12.2012,3:30 AM,1218,RHS,Rural,Maddipadu,Rear End Collision, Lorry hit Unknown Vehicle,Lorry,Non injury,Over speed,Four lanes or more with central divider,Straight road,Four arm junction,Fine,AP07W 9977,YES,Non injured ,2
15.12.2012,3:30 AM,1218,RHS,Rural,Maddipadu,Rear End Collision, Lorry hit Unknown Vehicle,Lorry,Non injury,Over speed,Four lanes or more with central divider,Straight road,Four arm junction,Fine,AP07W 9977,YES,Animals affected,0
15.12.2012,1:15 PM,1262.8,LHS,Rural,Tangutur,Rear End Collision,LCV Lorry hit Car,Lorry,Non injury,Over speed,Four lanes or more with central divider,Straight road,,Fine,TN21AL  7334,YES,Fatal,0
15.12.2012,1:15 PM,1262.8,LHS,Rural,Tangutur,Rear End Collision,LCV Lorry hit Car,Lorry,Non injury,Over speed,Four lanes or more with central divider,Straight road,,Fine,TN21AL  7334,YES,Grevious,0
15.12.2012,1:15 PM,1262.8,LHS,Rural,Tangutur,Rear End Collision,LCV Lorry hit Car,Lorry,Non injury,Over speed,Four lanes or more with central divider,Straight road,,Fine,TN21AL  7334,YES,Minor,0
15.12.2012,1:15 PM,1262.8,LHS,Rural,Tangutur,Rear End Collision,LCV Lorry hit Car,Lorry,Non injury,Over speed,Four lanes or more with central divider,Straight road,,Fine,TN21AL  7334,YES,Non injured ,4
15.12.2012,1:15 PM,1262.8,LHS,Rural,Tangutur,Rear End Collision,LCV Lorry hit Car,Lorry,Non injury,Over speed,Four lanes or more with central divider,Straight road,,Fine,TN21AL  7334,YES,Animals affected,0
15.12.2012,5:50 PM,1267.4,RHS,Rural,Tangutur,Collision Brush/Side Wipe,Car hit Pedestrian,Car,Grievious injury,Over speed,Four lanes or more with central divider,Straight road,,Fine,AP 16 BK  11,YES,Fatal,0
15.12.2012,5:50 PM,1267.4,RHS,Rural,Tangutur,Collision Brush/Side Wipe,Car hit Pedestrian,Car,Grievious injury,Over speed,Four lanes or more with central divider,Straight road,,Fine,AP 16 BK  11,YES,Grevious,1
15.12.2012,5:50 PM,1267.4,RHS,Rural,Tangutur,Collision Brush/Side Wipe,Car hit Pedestrian,Car,Grievious injury,Over speed,Four lanes or more with central divider,Straight road,,Fine,AP 16 BK  11,YES,Minor,0
15.12.2012,5:50 PM,1267.4,RHS,Rural,Tangutur,Collision Brush/Side Wipe,Car hit Pedestrian,Car,Grievious injury,Over speed,Four lanes or more with central divider,Straight road,,Fine,AP 16 BK  11,YES,Non injured ,0
15.12.2012,5:50 PM,1267.4,RHS,Rural,Tangutur,Collision Brush/Side Wipe,Car hit Pedestrian,Car,Grievious injury,Over speed,Four lanes or more with central divider,Straight road,,Fine,AP 16 BK  11,YES,Animals affected,0
16.12.2012,11:05 AM,1219.5,RHS,Rural,Medarametla,Rear End Collision,Tipper hit  Car,Lorry,Grievious injury,Over speed,Four lanes or more with central divider,Slight curve,Four arm junction,Fine,AP27TU      4888,YES,Fatal,0
16.12.2012,11:05 AM,1219.5,RHS,Rural,Medarametla,Rear End Collision,Tipper hit  Car,Lorry,Grievious injury,Over speed,Four lanes or more with central divider,Slight curve,Four arm junction,Fine,AP27TU      4888,YES,Grevious,1
16.12.2012,11:05 AM,1219.5,RHS,Rural,Medarametla,Rear End Collision,Tipper hit  Car,Lorry,Grievious injury,Over speed,Four lanes or more with central divider,Slight curve,Four arm junction,Fine,AP27TU      4888,YES,Minor,0
16.12.2012,11:05 AM,1219.5,RHS,Rural,Medarametla,Rear End Collision,Tipper hit  Car,Lorry,Grievious injury,Over speed,Four lanes or more with central divider,Slight curve,Four arm junction,Fine,AP27TU      4888,YES,Non injured ,2
16.12.2012,11:05 AM,1219.5,RHS,Rural,Medarametla,Rear End Collision,Tipper hit  Car,Lorry,Grievious injury,Over speed,Four lanes or more with central divider,Slight curve,Four arm junction,Fine,AP27TU      4888,YES,Animals affected,0
16.12.2012,5:10 PM,1242.8,LHS,Rural,Ongole,Rear End Collision,Lorry hit    Car,Lorry,Non injury,Over speed,Four lanes or more with central divider,Straight road,,Fine,JH09L    3711,YES,Fatal,0
16.12.2012,5:10 PM,1242.8,LHS,Rural,Ongole,Rear End Collision,Lorry hit    Car,Lorry,Non injury,Over speed,Four lanes or more with central divider,Straight road,,Fine,JH09L    3711,YES,Grevious,0
16.12.2012,5:10 PM,1242.8,LHS,Rural,Ongole,Rear End Collision,Lorry hit    Car,Lorry,Non injury,Over speed,Four lanes or more with central divider,Straight road,,Fine,JH09L    3711,YES,Minor,0
16.12.2012,5:10 PM,1242.8,LHS,Rural,Ongole,Rear End Collision,Lorry hit    Car,Lorry,Non injury,Over speed,Four lanes or more with central divider,Straight road,,Fine,JH09L    3711,YES,Non injured ,4
16.12.2012,5:10 PM,1242.8,LHS,Rural,Ongole,Rear End Collision,Lorry hit    Car,Lorry,Non injury,Over speed,Four lanes or more with central divider,Straight road,,Fine,JH09L    3711,YES,Animals affected,0
16.12.2012,9:15 PM,1204.8,RHS,Rural,Reningavaram,Skidding,Lorry Road Out Side Skid,Lorry,Non injury,Over speed,Four lanes or more with central divider,Straight road,,Fine,NL01G   7281,YES,Fatal,0
16.12.2012,9:15 PM,1204.8,RHS,Rural,Reningavaram,Skidding,Lorry Road Out Side Skid,Lorry,Non injury,Over speed,Four lanes or more with central divider,Straight road,,Fine,NL01G   7281,YES,Grevious,0
16.12.2012,9:15 PM,1204.8,RHS,Rural,Reningavaram,Skidding,Lorry Road Out Side Skid,Lorry,Non injury,Over speed,Four lanes or more with central divider,Straight road,,Fine,NL01G   7281,YES,Minor,0
16.12.2012,9:15 PM,1204.8,RHS,Rural,Reningavaram,Skidding,Lorry Road Out Side Skid,Lorry,Non injury,Over speed,Four lanes or more with central divider,Straight road,,Fine,NL01G   7281,YES,Non injured ,2
16.12.2012,9:15 PM,1204.8,RHS,Rural,Reningavaram,Skidding,Lorry Road Out Side Skid,Lorry,Non injury,Over speed,Four lanes or more with central divider,Straight road,,Fine,NL01G   7281,YES,Animals affected,0
16.12.2012,11:10 PM,1344.3,LHS,Rural,Dagadarthi,Rear End Collision,Lorry hit Lorry,Lorry,Non injury,Over speed,Four lanes or more with central divider,Straight road,,Fine,TN20BS    4190,YES,Fatal,0
16.12.2012,11:10 PM,1344.3,LHS,Rural,Dagadarthi,Rear End Collision,Lorry hit Lorry,Lorry,Non injury,Over speed,Four lanes or more with central divider,Straight road,,Fine,TN20BS    4190,YES,Grevious,0
16.12.2012,11:10 PM,1344.3,LHS,Rural,Dagadarthi,Rear End Collision,Lorry hit Lorry,Lorry,Non injury,Over speed,Four lanes or more with central divider,Straight road,,Fine,TN20BS    4190,YES,Minor,0
16.12.2012,11:10 PM,1344.3,LHS,Rural,Dagadarthi,Rear End Collision,Lorry hit Lorry,Lorry,Non injury,Over speed,Four lanes or more with central divider,Straight road,,Fine,TN20BS    4190,YES,Non injured ,4
16.12.2012,11:10 PM,1344.3,LHS,Rural,Dagadarthi,Rear End Collision,Lorry hit Lorry,Lorry,Non injury,Over speed,Four lanes or more with central divider,Straight road,,Fine,TN20BS    4190,YES,Animals affected,0
17.12.2012,7:30 PM,1288.4,RHS,Rural,Ulavapadu,Rear End Collision,Lorry hit Unknown Vehicle,Lorry,Non injury,Over speed,Four lanes or more with central divider,Sharp curve,,Fine,AP16TU    8635,YES,Fatal,0
17.12.2012,7:30 PM,1288.4,RHS,Rural,Ulavapadu,Rear End Collision,Lorry hit Unknown Vehicle,Lorry,Non injury,Over speed,Four lanes or more with central divider,Sharp curve,,Fine,AP16TU    8635,YES,Grevious,0
17.12.2012,7:30 PM,1288.4,RHS,Rural,Ulavapadu,Rear End Collision,Lorry hit Unknown Vehicle,Lorry,Non injury,Over speed,Four lanes or more with central divider,Sharp curve,,Fine,AP16TU    8635,YES,Minor,0
17.12.2012,7:30 PM,1288.4,RHS,Rural,Ulavapadu,Rear End Collision,Lorry hit Unknown Vehicle,Lorry,Non injury,Over speed,Four lanes or more with central divider,Sharp curve,,Fine,AP16TU    8635,YES,Non injured ,2
17.12.2012,7:30 PM,1288.4,RHS,Rural,Ulavapadu,Rear End Collision,Lorry hit Unknown Vehicle,Lorry,Non injury,Over speed,Four lanes or more with central divider,Sharp curve,,Fine,AP16TU    8635,YES,Animals affected,0
18.12.2012,3:00 AM,1207.1,LHS,Rural,Reningavaram,Rear End Collision,Bus hit Unknown Vehicle,Bus,Non injury,Over speed,Four lanes or more with central divider,Slight curve,,Fine,AP26Y    2244,YES,Fatal,0
18.12.2012,3:00 AM,1207.1,LHS,Rural,Reningavaram,Rear End Collision,Bus hit Unknown Vehicle,Bus,Non injury,Over speed,Four lanes or more with central divider,Slight curve,,Fine,AP26Y    2244,YES,Grevious,0
18.12.2012,3:00 AM,1207.1,LHS,Rural,Reningavaram,Rear End Collision,Bus hit Unknown Vehicle,Bus,Non injury,Over speed,Four lanes or more with central divider,Slight curve,,Fine,AP26Y    2244,YES,Minor,0
18.12.2012,3:00 AM,1207.1,LHS,Rural,Reningavaram,Rear End Collision,Bus hit Unknown Vehicle,Bus,Non injury,Over speed,Four lanes or more with central divider,Slight curve,,Fine,AP26Y    2244,YES,Non injured ,1
18.12.2012,3:00 AM,1207.1,LHS,Rural,Reningavaram,Rear End Collision,Bus hit Unknown Vehicle,Bus,Non injury,Over speed,Four lanes or more with central divider,Slight curve,,Fine,AP26Y    2244,YES,Animals affected,0
18.12.2012,7:00 AM,1314.7,RHS,Rural,Kavali,Rear End Collision,Car hit  Safety Wall,Car,Non injury,Fault of driver of motor vehicle/driver of other vehicle/cyclist/pedestrian/passenger,Four lanes or more with central divider,Straight road,,Fine,TN30AH    6840,YES,Fatal,0
18.12.2012,7:00 AM,1314.7,RHS,Rural,Kavali,Rear End Collision,Car hit  Safety Wall,Car,Non injury,Fault of driver of motor vehicle/driver of other vehicle/cyclist/pedestrian/passenger,Four lanes or more with central divider,Straight road,,Fine,TN30AH    6840,YES,Grevious,0
18.12.2012,7:00 AM,1314.7,RHS,Rural,Kavali,Rear End Collision,Car hit  Safety Wall,Car,Non injury,Fault of driver of motor vehicle/driver of other vehicle/cyclist/pedestrian/passenger,Four lanes or more with central divider,Straight road,,Fine,TN30AH    6840,YES,Minor,0
18.12.2012,7:00 AM,1314.7,RHS,Rural,Kavali,Rear End Collision,Car hit  Safety Wall,Car,Non injury,Fault of driver of motor vehicle/driver of other vehicle/cyclist/pedestrian/passenger,Four lanes or more with central divider,Straight road,,Fine,TN30AH    6840,YES,Non injured ,2
18.12.2012,7:00 AM,1314.7,RHS,Rural,Kavali,Rear End Collision,Car hit  Safety Wall,Car,Non injury,Fault of driver of motor vehicle/driver of other vehicle/cyclist/pedestrian/passenger,Four lanes or more with central divider,Straight road,,Fine,TN30AH    6840,YES,Animals affected,0
18.12.2012,8:55 PM,1206.9,LHS,Rural,Reningavaram,Right Turn Collision,Bike hit Safety Wall,Bike,Minor injury,Vehicle out of control,Four lanes or more with central divider,Sharp curve,,Fine,AP27D     8343,YES,Fatal,0
18.12.2012,8:55 PM,1206.9,LHS,Rural,Reningavaram,Right Turn Collision,Bike hit Safety Wall,Bike,Minor injury,Vehicle out of control,Four lanes or more with central divider,Sharp curve,,Fine,AP27D     8343,YES,Grevious,0
18.12.2012,8:55 PM,1206.9,LHS,Rural,Reningavaram,Right Turn Collision,Bike hit Safety Wall,Bike,Minor injury,Vehicle out of control,Four lanes or more with central divider,Sharp curve,,Fine,AP27D     8343,YES,Minor,2
18.12.2012,8:55 PM,1206.9,LHS,Rural,Reningavaram,Right Turn Collision,Bike hit Safety Wall,Bike,Minor injury,Vehicle out of control,Four lanes or more with central divider,Sharp curve,,Fine,AP27D     8343,YES,Non injured ,0
18.12.2012,8:55 PM,1206.9,LHS,Rural,Reningavaram,Right Turn Collision,Bike hit Safety Wall,Bike,Minor injury,Vehicle out of control,Four lanes or more with central divider,Sharp curve,,Fine,AP27D     8343,YES,Animals affected,0
18.12.2012,10:30 PM,1347.3,RHS,Rural,Dagadarthi,Collision Brush/Side Wipe,Car  hit  Buffalo,Car,Minor injury,Vehicle out of control,Four lanes or more with central divider,Straight road,,Fine,AP07AT    2200,YES,Fatal,0
18.12.2012,10:30 PM,1347.3,RHS,Rural,Dagadarthi,Collision Brush/Side Wipe,Car  hit  Buffalo,Car,Minor injury,Vehicle out of control,Four lanes or more with central divider,Straight road,,Fine,AP07AT    2200,YES,Grevious,0
18.12.2012,10:30 PM,1347.3,RHS,Rural,Dagadarthi,Collision Brush/Side Wipe,Car  hit  Buffalo,Car,Minor injury,Vehicle out of control,Four lanes or more with central divider,Straight road,,Fine,AP07AT    2200,YES,Minor,1
18.12.2012,10:30 PM,1347.3,RHS,Rural,Dagadarthi,Collision Brush/Side Wipe,Car  hit  Buffalo,Car,Minor injury,Vehicle out of control,Four lanes or more with central divider,Straight road,,Fine,AP07AT    2200,YES,Non injured ,0
18.12.2012,10:30 PM,1347.3,RHS,Rural,Dagadarthi,Collision Brush/Side Wipe,Car  hit  Buffalo,Car,Minor injury,Vehicle out of control,Four lanes or more with central divider,Straight road,,Fine,AP07AT    2200,YES,Animals affected,1
19.12.2012,4:30 AM,1234.9,RHS,Rural,Maddipadu,Rear End Collision, Lorry hit Lorry,Lorry,Minor injury,Fault of driver of motor vehicle/driver of other vehicle/cyclist/pedestrian/passenger,Four lanes or more with central divider,Straight road,,Fine,AP26T  5607,YES,Fatal,0
19.12.2012,4:30 AM,1234.9,RHS,Rural,Maddipadu,Rear End Collision, Lorry hit Lorry,Lorry,Minor injury,Fault of driver of motor vehicle/driver of other vehicle/cyclist/pedestrian/passenger,Four lanes or more with central divider,Straight road,,Fine,AP26T  5607,YES,Grevious,0
19.12.2012,4:30 AM,1234.9,RHS,Rural,Maddipadu,Rear End Collision, Lorry hit Lorry,Lorry,Minor injury,Fault of driver of motor vehicle/driver of other vehicle/cyclist/pedestrian/passenger,Four lanes or more with central divider,Straight road,,Fine,AP26T  5607,YES,Minor,1
19.12.2012,4:30 AM,1234.9,RHS,Rural,Maddipadu,Rear End Collision, Lorry hit Lorry,Lorry,Minor injury,Fault of driver of motor vehicle/driver of other vehicle/cyclist/pedestrian/passenger,Four lanes or more with central divider,Straight road,,Fine,AP26T  5607,YES,Non injured ,1
19.12.2012,4:30 AM,1234.9,RHS,Rural,Maddipadu,Rear End Collision, Lorry hit Lorry,Lorry,Minor injury,Fault of driver of motor vehicle/driver of other vehicle/cyclist/pedestrian/passenger,Four lanes or more with central divider,Straight road,,Fine,AP26T  5607,YES,Animals affected,0
20.12.2012,5:00 AM,1234.8,LHS,Rural,Maddipadu,Collision Brush/Side Wipe, Lorry hit Median,Lorry,Non injury,Fault of driver of motor vehicle/driver of other vehicle/cyclist/pedestrian/passenger,Four lanes or more with central divider,Straight road,,Fine,AP57     5700,YES,Fatal,0
20.12.2012,5:00 AM,1234.8,LHS,Rural,Maddipadu,Collision Brush/Side Wipe, Lorry hit Median,Lorry,Non injury,Fault of driver of motor vehicle/driver of other vehicle/cyclist/pedestrian/passenger,Four lanes or more with central divider,Straight road,,Fine,AP57     5700,YES,Grevious,0
20.12.2012,5:00 AM,1234.8,LHS,Rural,Maddipadu,Collision Brush/Side Wipe, Lorry hit Median,Lorry,Non injury,Fault of driver of motor vehicle/driver of other vehicle/cyclist/pedestrian/passenger,Four lanes or more with central divider,Straight road,,Fine,AP57     5700,YES,Minor,0
20.12.2012,5:00 AM,1234.8,LHS,Rural,Maddipadu,Collision Brush/Side Wipe, Lorry hit Median,Lorry,Non injury,Fault of driver of motor vehicle/driver of other vehicle/cyclist/pedestrian/passenger,Four lanes or more with central divider,Straight road,,Fine,AP57     5700,YES,Non injured ,2
20.12.2012,5:00 AM,1234.8,LHS,Rural,Maddipadu,Collision Brush/Side Wipe, Lorry hit Median,Lorry,Non injury,Fault of driver of motor vehicle/driver of other vehicle/cyclist/pedestrian/passenger,Four lanes or more with central divider,Straight road,,Fine,AP57     5700,YES,Animals affected,0
20.12.2012,7:00 AM,1315.1,RHS,Rural,Kavali,Head on collision, Unknown vehicle   hit Pedestrian,Unknown,Fatal,Over speed,Three lanes or more without central divider(median),Straight road,Y-Junction,Fine,Unknown vehicle,YES,Fatal,1
20.12.2012,7:00 AM,1315.1,RHS,Rural,Kavali,Head on collision, Unknown vehicle   hit Pedestrian,Unknown,Fatal,Over speed,Three lanes or more without central divider(median),Straight road,Y-Junction,Fine,Unknown vehicle,YES,Grevious,0
20.12.2012,7:00 AM,1315.1,RHS,Rural,Kavali,Head on collision, Unknown vehicle   hit Pedestrian,Unknown,Fatal,Over speed,Three lanes or more without central divider(median),Straight road,Y-Junction,Fine,Unknown vehicle,YES,Minor,0
20.12.2012,7:00 AM,1315.1,RHS,Rural,Kavali,Head on collision, Unknown vehicle   hit Pedestrian,Unknown,Fatal,Over speed,Three lanes or more without central divider(median),Straight road,Y-Junction,Fine,Unknown vehicle,YES,Non injured ,0
20.12.2012,7:00 AM,1315.1,RHS,Rural,Kavali,Head on collision, Unknown vehicle   hit Pedestrian,Unknown,Fatal,Over speed,Three lanes or more without central divider(median),Straight road,Y-Junction,Fine,Unknown vehicle,YES,Animals affected,0
20.12.2012,12:50 PM,1291.9,RHS,Rural,Ulavapadu,Rear End Collision, Lorry hit Lorry,Lorry,Non injury,Over speed,Four lanes or more with central divider,Straight road,,Fine,TN30L     1180,YES,Fatal,0
20.12.2012,12:50 PM,1291.9,RHS,Rural,Ulavapadu,Rear End Collision, Lorry hit Lorry,Lorry,Non injury,Over speed,Four lanes or more with central divider,Straight road,,Fine,TN30L     1180,YES,Grevious,0
20.12.2012,12:50 PM,1291.9,RHS,Rural,Ulavapadu,Rear End Collision, Lorry hit Lorry,Lorry,Non injury,Over speed,Four lanes or more with central divider,Straight road,,Fine,TN30L     1180,YES,Minor,0
20.12.2012,12:50 PM,1291.9,RHS,Rural,Ulavapadu,Rear End Collision, Lorry hit Lorry,Lorry,Non injury,Over speed,Four lanes or more with central divider,Straight road,,Fine,TN30L     1180,YES,Non injured ,2
20.12.2012,12:50 PM,1291.9,RHS,Rural,Ulavapadu,Rear End Collision, Lorry hit Lorry,Lorry,Non injury,Over speed,Four lanes or more with central divider,Straight road,,Fine,TN30L     1180,YES,Animals affected,0
20.12.2012,12:59 PM,1289,RHS,Rural,Ulavapadu,Skidding, Bike Skidding,Bike,Minor injury,Druken,Four lanes or more with central divider,Straight road,,Fine,AP26A/R  FR,YES,Fatal,0
20.12.2012,12:59 PM,1289,RHS,Rural,Ulavapadu,Skidding, Bike Skidding,Bike,Minor injury,Druken,Four lanes or more with central divider,Straight road,,Fine,AP26A/R  FR,YES,Grevious,0
20.12.2012,12:59 PM,1289,RHS,Rural,Ulavapadu,Skidding, Bike Skidding,Bike,Minor injury,Druken,Four lanes or more with central divider,Straight road,,Fine,AP26A/R  FR,YES,Minor,2
20.12.2012,12:59 PM,1289,RHS,Rural,Ulavapadu,Skidding, Bike Skidding,Bike,Minor injury,Druken,Four lanes or more with central divider,Straight road,,Fine,AP26A/R  FR,YES,Non injured ,0
20.12.2012,12:59 PM,1289,RHS,Rural,Ulavapadu,Skidding, Bike Skidding,Bike,Minor injury,Druken,Four lanes or more with central divider,Straight road,,Fine,AP26A/R  FR,YES,Animals affected,0
20.12.2012,3:25 PM,1193.4,LHS,Rural,Martur,Overturning,Lorry Over Turned,Lorry,Minor injury,Over speed,Four lanes or more with central divider,Straight road,,Fine,TN 67J     2716,YES,Fatal,0
20.12.2012,3:25 PM,1193.4,LHS,Rural,Martur,Overturning,Lorry Over Turned,Lorry,Minor injury,Over speed,Four lanes or more with central divider,Straight road,,Fine,TN 67J     2716,YES,Grevious,0
20.12.2012,3:25 PM,1193.4,LHS,Rural,Martur,Overturning,Lorry Over Turned,Lorry,Minor injury,Over speed,Four lanes or more with central divider,Straight road,,Fine,TN 67J     2716,YES,Minor,2
20.12.2012,3:25 PM,1193.4,LHS,Rural,Martur,Overturning,Lorry Over Turned,Lorry,Minor injury,Over speed,Four lanes or more with central divider,Straight road,,Fine,TN 67J     2716,YES,Non injured ,0
20.12.2012,3:25 PM,1193.4,LHS,Rural,Martur,Overturning,Lorry Over Turned,Lorry,Minor injury,Over speed,Four lanes or more with central divider,Straight road,,Fine,TN 67J     2716,YES,Animals affected,0
20.12.2012,11:00 PM,1239.5,LHS,Rural,Maddipadu,Rear End Collision,Lorry hit Unknown Vehicle,Lorry,Minor injury,Over speed,Four lanes or more with central divider,Straight road,,Fine,TN23AM    0961,YES,Fatal,0
20.12.2012,11:00 PM,1239.5,LHS,Rural,Maddipadu,Rear End Collision,Lorry hit Unknown Vehicle,Lorry,Minor injury,Over speed,Four lanes or more with central divider,Straight road,,Fine,TN23AM    0961,YES,Grevious,0
20.12.2012,11:00 PM,1239.5,LHS,Rural,Maddipadu,Rear End Collision,Lorry hit Unknown Vehicle,Lorry,Minor injury,Over speed,Four lanes or more with central divider,Straight road,,Fine,TN23AM    0961,YES,Minor,1
20.12.2012,11:00 PM,1239.5,LHS,Rural,Maddipadu,Rear End Collision,Lorry hit Unknown Vehicle,Lorry,Minor injury,Over speed,Four lanes or more with central divider,Straight road,,Fine,TN23AM    0961,YES,Non injured ,4
20.12.2012,11:00 PM,1239.5,LHS,Rural,Maddipadu,Rear End Collision,Lorry hit Unknown Vehicle,Lorry,Minor injury,Over speed,Four lanes or more with central divider,Straight road,,Fine,TN23AM    0961,YES,Animals affected,0
21.12.2012,6:40 AM,1353.2,RHS,Rural,Kodavaluru,Overturning, Lorry overturned,Lorry,Non injury,Over speed,Four lanes or more with central divider,Straight road,,Fine,HR55E   9192,Yes,Fatal,0
21.12.2012,6:40 AM,1353.2,RHS,Rural,Kodavaluru,Overturning, Lorry overturned,Lorry,Non injury,Over speed,Four lanes or more with central divider,Straight road,,Fine,HR55E   9192,Yes,Grevious,0
21.12.2012,6:40 AM,1353.2,RHS,Rural,Kodavaluru,Overturning, Lorry overturned,Lorry,Non injury,Over speed,Four lanes or more with central divider,Straight road,,Fine,HR55E   9192,Yes,Minor,0
21.12.2012,6:40 AM,1353.2,RHS,Rural,Kodavaluru,Overturning, Lorry overturned,Lorry,Non injury,Over speed,Four lanes or more with central divider,Straight road,,Fine,HR55E   9192,Yes,Non injured ,1
21.12.2012,6:40 AM,1353.2,RHS,Rural,Kodavaluru,Overturning, Lorry overturned,Lorry,Non injury,Over speed,Four lanes or more with central divider,Straight road,,Fine,HR55E   9192,Yes,Animals affected,0
21.12.2012,11:40 AM,1186.5,RHS,Rural,Martur,Collision Brush/Side Wipe, Car hit Bike,Car,Fatal,Over speed,Four lanes or more with central divider,Straight road,,Fine,AP28DF  4555,Yes,Fatal,1
21.12.2012,11:40 AM,1186.5,RHS,Rural,Martur,Collision Brush/Side Wipe, Car hit Bike,Car,Fatal,Over speed,Four lanes or more with central divider,Straight road,,Fine,AP28DF  4555,Yes,Grevious,0
21.12.2012,11:40 AM,1186.5,RHS,Rural,Martur,Collision Brush/Side Wipe, Car hit Bike,Car,Fatal,Over speed,Four lanes or more with central divider,Straight road,,Fine,AP28DF  4555,Yes,Minor,0
21.12.2012,11:40 AM,1186.5,RHS,Rural,Martur,Collision Brush/Side Wipe, Car hit Bike,Car,Fatal,Over speed,Four lanes or more with central divider,Straight road,,Fine,AP28DF  4555,Yes,Non injured ,2
21.12.2012,11:40 AM,1186.5,RHS,Rural,Martur,Collision Brush/Side Wipe, Car hit Bike,Car,Fatal,Over speed,Four lanes or more with central divider,Straight road,,Fine,AP28DF  4555,Yes,Animals affected,0
22.12.2012,4:45 AM,1305.3,RHS,Rural,Gudluru,Overturning, Car Over Turned,Car,Non injury,Fault of driver of motor vehicle/driver of other vehicle/cyclist/pedestrian/passenger,Four lanes or more with central divider,Sharp curve,,Fine,AP29TA 1629,YES,Fatal,0
22.12.2012,4:45 AM,1305.3,RHS,Rural,Gudluru,Overturning, Car Over Turned,Car,Non injury,Fault of driver of motor vehicle/driver of other vehicle/cyclist/pedestrian/passenger,Four lanes or more with central divider,Sharp curve,,Fine,AP29TA 1629,YES,Grevious,0
22.12.2012,4:45 AM,1305.3,RHS,Rural,Gudluru,Overturning, Car Over Turned,Car,Non injury,Fault of driver of motor vehicle/driver of other vehicle/cyclist/pedestrian/passenger,Four lanes or more with central divider,Sharp curve,,Fine,AP29TA 1629,YES,Minor,0
22.12.2012,4:45 AM,1305.3,RHS,Rural,Gudluru,Overturning, Car Over Turned,Car,Non injury,Fault of driver of motor vehicle/driver of other vehicle/cyclist/pedestrian/passenger,Four lanes or more with central divider,Sharp curve,,Fine,AP29TA 1629,YES,Non injured ,2
22.12.2012,4:45 AM,1305.3,RHS,Rural,Gudluru,Overturning, Car Over Turned,Car,Non injury,Fault of driver of motor vehicle/driver of other vehicle/cyclist/pedestrian/passenger,Four lanes or more with central divider,Sharp curve,,Fine,AP29TA 1629,YES,Animals affected,0
22.12.2012,5:15 AM,1254.8,RHS,Rural,Ongole,Rear End Collision, Lorry hit Lorry,Lorry,Minor injury,Fault of driver of motor vehicle/driver of other vehicle/cyclist/pedestrian/passenger,Four lanes or more with central divider,Straight road,,Fine,AP07TB 7279,YES,Fatal,0