Operational date,Time of Accident,KM && M,Position,Rural/Urban,Location,Nature of Accident Position,Nature of Accident,Vehicle Involved,Type of Accident,Causes,Road Feature,Road condition,Intersection Type And Control,Weather Condition,Vehicle Responsible,Help Provided by Ambulance/Patroling Vehicle,Classification of Accident,No of Affected Persons
22.12.2012,5:15 AM,1254.8,RHS,Rural,Ongole,Rear End Collision, Lorry hit Lorry,Lorry,Minor injury,Fault of driver of motor vehicle/driver of other vehicle/cyclist/pedestrian/passenger,Four lanes or more with central divider,Straight road,,Fine,AP07TB 7279,YES,Grevious,0
22.12.2012,5:15 AM,1254.8,RHS,Rural,Ongole,Rear End Collision, Lorry hit Lorry,Lorry,Minor injury,Fault of driver of motor vehicle/driver of other vehicle/cyclist/pedestrian/passenger,Four lanes or more with central divider,Straight road,,Fine,AP07TB 7279,YES,Minor,2
22.12.2012,5:15 AM,1254.8,RHS,Rural,Ongole,Rear End Collision, Lorry hit Lorry,Lorry,Minor injury,Fault of driver of motor vehicle/driver of other vehicle/cyclist/pedestrian/passenger,Four lanes or more with central divider,Straight road,,Fine,AP07TB 7279,YES,Non injured ,3
22.12.2012,5:15 AM,1254.8,RHS,Rural,Ongole,Rear End Collision, Lorry hit Lorry,Lorry,Minor injury,Fault of driver of motor vehicle/driver of other vehicle/cyclist/pedestrian/passenger,Four lanes or more with central divider,Straight road,,Fine,AP07TB 7279,YES,Animals affected,0
22.12.2012,1:00 PM,1355.3,RHS,Rural,Kodavaluru,Rear End Collision, Lorry hit Bike,Lorry,Grievious injury,Over speed,Four lanes or more with central divider,Straight road,,Fine,NL02 K   6111,YES,Fatal,0
22.12.2012,1:00 PM,1355.3,RHS,Rural,Kodavaluru,Rear End Collision, Lorry hit Bike,Lorry,Grievious injury,Over speed,Four lanes or more with central divider,Straight road,,Fine,NL02 K   6111,YES,Grevious,1
22.12.2012,1:00 PM,1355.3,RHS,Rural,Kodavaluru,Rear End Collision, Lorry hit Bike,Lorry,Grievious injury,Over speed,Four lanes or more with central divider,Straight road,,Fine,NL02 K   6111,YES,Minor,0
22.12.2012,1:00 PM,1355.3,RHS,Rural,Kodavaluru,Rear End Collision, Lorry hit Bike,Lorry,Grievious injury,Over speed,Four lanes or more with central divider,Straight road,,Fine,NL02 K   6111,YES,Non injured ,1
22.12.2012,1:00 PM,1355.3,RHS,Rural,Kodavaluru,Rear End Collision, Lorry hit Bike,Lorry,Grievious injury,Over speed,Four lanes or more with central divider,Straight road,,Fine,NL02 K   6111,YES,Animals affected,0
22.12.2012,1:25 PM,1365.6,LHS,Rural,Kovuru,Collision Brush/Side Wipe, Unknown Vehicle hit Cycleist,Unknown,Grievious injury,Over speed,Four lanes or more with central divider,Slight curve,T-Junction,Fine,Unknown Vehicle,YES,Fatal,0
22.12.2012,1:25 PM,1365.6,LHS,Rural,Kovuru,Collision Brush/Side Wipe, Unknown Vehicle hit Cycleist,Unknown,Grievious injury,Over speed,Four lanes or more with central divider,Slight curve,T-Junction,Fine,Unknown Vehicle,YES,Grevious,1
22.12.2012,1:25 PM,1365.6,LHS,Rural,Kovuru,Collision Brush/Side Wipe, Unknown Vehicle hit Cycleist,Unknown,Grievious injury,Over speed,Four lanes or more with central divider,Slight curve,T-Junction,Fine,Unknown Vehicle,YES,Minor,0
22.12.2012,1:25 PM,1365.6,LHS,Rural,Kovuru,Collision Brush/Side Wipe, Unknown Vehicle hit Cycleist,Unknown,Grievious injury,Over speed,Four lanes or more with central divider,Slight curve,T-Junction,Fine,Unknown Vehicle,YES,Non injured ,0
22.12.2012,1:25 PM,1365.6,LHS,Rural,Kovuru,Collision Brush/Side Wipe, Unknown Vehicle hit Cycleist,Unknown,Grievious injury,Over speed,Four lanes or more with central divider,Slight curve,T-Junction,Fine,Unknown Vehicle,YES,Animals affected,0
22.12.2012,5:00 PM,1264.7,LHS,Rural,Tangutur,Rear End Collision, Lorry hit Car,Lorry,Non injury,Over speed,Four lanes or more with central divider,Slight curve,,Fine,ABC      9455,YES,Fatal,0
22.12.2012,5:00 PM,1264.7,LHS,Rural,Tangutur,Rear End Collision, Lorry hit Car,Lorry,Non injury,Over speed,Four lanes or more with central divider,Slight curve,,Fine,ABC      9455,YES,Grevious,0
22.12.2012,5:00 PM,1264.7,LHS,Rural,Tangutur,Rear End Collision, Lorry hit Car,Lorry,Non injury,Over speed,Four lanes or more with central divider,Slight curve,,Fine,ABC      9455,YES,Minor,0
22.12.2012,5:00 PM,1264.7,LHS,Rural,Tangutur,Rear End Collision, Lorry hit Car,Lorry,Non injury,Over speed,Four lanes or more with central divider,Slight curve,,Fine,ABC      9455,YES,Non injured ,4
22.12.2012,5:00 PM,1264.7,LHS,Rural,Tangutur,Rear End Collision, Lorry hit Car,Lorry,Non injury,Over speed,Four lanes or more with central divider,Slight curve,,Fine,ABC      9455,YES,Animals affected,0
22.12.2012,5:30 PM,1239.5,LHS,Rural,Ongole,Overturning, Lorry Over Turned,Lorry,Non injury,Over speed,Four lanes or more with central divider,Straight road,,Fine,AP26TA 5657,YES,Fatal,0
22.12.2012,5:30 PM,1239.5,LHS,Rural,Ongole,Overturning, Lorry Over Turned,Lorry,Non injury,Over speed,Four lanes or more with central divider,Straight road,,Fine,AP26TA 5657,YES,Grevious,0
22.12.2012,5:30 PM,1239.5,LHS,Rural,Ongole,Overturning, Lorry Over Turned,Lorry,Non injury,Over speed,Four lanes or more with central divider,Straight road,,Fine,AP26TA 5657,YES,Minor,0
22.12.2012,5:30 PM,1239.5,LHS,Rural,Ongole,Overturning, Lorry Over Turned,Lorry,Non injury,Over speed,Four lanes or more with central divider,Straight road,,Fine,AP26TA 5657,YES,Non injured ,2
22.12.2012,5:30 PM,1239.5,LHS,Rural,Ongole,Overturning, Lorry Over Turned,Lorry,Non injury,Over speed,Four lanes or more with central divider,Straight road,,Fine,AP26TA 5657,YES,Animals affected,0
23.12.2012,2:00 AM,1362.8,RHS,Rural,Kovuru,Overturning, Lorry Over Turned,Lorry,Non injury,Over speed,Four lanes or more with central divider,Straight road,,Fine,AP26TA 9029,YES,Fatal,0
23.12.2012,2:00 AM,1362.8,RHS,Rural,Kovuru,Overturning, Lorry Over Turned,Lorry,Non injury,Over speed,Four lanes or more with central divider,Straight road,,Fine,AP26TA 9029,YES,Grevious,0
23.12.2012,2:00 AM,1362.8,RHS,Rural,Kovuru,Overturning, Lorry Over Turned,Lorry,Non injury,Over speed,Four lanes or more with central divider,Straight road,,Fine,AP26TA 9029,YES,Minor,0
23.12.2012,2:00 AM,1362.8,RHS,Rural,Kovuru,Overturning, Lorry Over Turned,Lorry,Non injury,Over speed,Four lanes or more with central divider,Straight road,,Fine,AP26TA 9029,YES,Non injured ,2
23.12.2012,2:00 AM,1362.8,RHS,Rural,Kovuru,Overturning, Lorry Over Turned,Lorry,Non injury,Over speed,Four lanes or more with central divider,Straight road,,Fine,AP26TA 9029,YES,Animals affected,0
23.12.2012,4:50 AM,1272.4,RHS,Rural,Jarugumalli,Rear End Collision, Lorry hit Tractor,Lorry,Minor injury,Over speed,Four lanes or more with central divider,Straight road,,Fine,AP29TB     5824,YES,Fatal,0
23.12.2012,4:50 AM,1272.4,RHS,Rural,Jarugumalli,Rear End Collision, Lorry hit Tractor,Lorry,Minor injury,Over speed,Four lanes or more with central divider,Straight road,,Fine,AP29TB     5824,YES,Grevious,0
23.12.2012,4:50 AM,1272.4,RHS,Rural,Jarugumalli,Rear End Collision, Lorry hit Tractor,Lorry,Minor injury,Over speed,Four lanes or more with central divider,Straight road,,Fine,AP29TB     5824,YES,Minor,1
23.12.2012,4:50 AM,1272.4,RHS,Rural,Jarugumalli,Rear End Collision, Lorry hit Tractor,Lorry,Minor injury,Over speed,Four lanes or more with central divider,Straight road,,Fine,AP29TB     5824,YES,Non injured ,3
23.12.2012,4:50 AM,1272.4,RHS,Rural,Jarugumalli,Rear End Collision, Lorry hit Tractor,Lorry,Minor injury,Over speed,Four lanes or more with central divider,Straight road,,Fine,AP29TB     5824,YES,Animals affected,0
23.12.2012,2:10 PM,1205.2,LHS,Rural,Reningavaram,Rear End Collision, Lorry hit Culvert wall,Lorry,Non injury,Defect in mechanical condition of motor vehicle/road condition,Four lanes or more with central divider,Straight road,,Fine,TN20VK     9748,YES,Fatal,0
23.12.2012,2:10 PM,1205.2,LHS,Rural,Reningavaram,Rear End Collision, Lorry hit Culvert wall,Lorry,Non injury,Defect in mechanical condition of motor vehicle/road condition,Four lanes or more with central divider,Straight road,,Fine,TN20VK     9748,YES,Grevious,0
23.12.2012,2:10 PM,1205.2,LHS,Rural,Reningavaram,Rear End Collision, Lorry hit Culvert wall,Lorry,Non injury,Defect in mechanical condition of motor vehicle/road condition,Four lanes or more with central divider,Straight road,,Fine,TN20VK     9748,YES,Minor,0
23.12.2012,2:10 PM,1205.2,LHS,Rural,Reningavaram,Rear End Collision, Lorry hit Culvert wall,Lorry,Non injury,Defect in mechanical condition of motor vehicle/road condition,Four lanes or more with central divider,Straight road,,Fine,TN20VK     9748,YES,Non injured ,2
23.12.2012,2:10 PM,1205.2,LHS,Rural,Reningavaram,Rear End Collision, Lorry hit Culvert wall,Lorry,Non injury,Defect in mechanical condition of motor vehicle/road condition,Four lanes or more with central divider,Straight road,,Fine,TN20VK     9748,YES,Animals affected,0
23.12.2012,3:14 PM,1311.2,LHS,Rural,Kavali,Rear End Collision,Car hit   Lorry,Car,Grievious injury,Over speed,Four lanes or more with central divider,Slight curve,,Fine,AP05BU    9499,YES,Fatal,0
23.12.2012,3:14 PM,1311.2,LHS,Rural,Kavali,Rear End Collision,Car hit   Lorry,Car,Grievious injury,Over speed,Four lanes or more with central divider,Slight curve,,Fine,AP05BU    9499,YES,Grevious,3
23.12.2012,3:14 PM,1311.2,LHS,Rural,Kavali,Rear End Collision,Car hit   Lorry,Car,Grievious injury,Over speed,Four lanes or more with central divider,Slight curve,,Fine,AP05BU    9499,YES,Minor,1
23.12.2012,3:14 PM,1311.2,LHS,Rural,Kavali,Rear End Collision,Car hit   Lorry,Car,Grievious injury,Over speed,Four lanes or more with central divider,Slight curve,,Fine,AP05BU    9499,YES,Non injured ,0
23.12.2012,3:14 PM,1311.2,LHS,Rural,Kavali,Rear End Collision,Car hit   Lorry,Car,Grievious injury,Over speed,Four lanes or more with central divider,Slight curve,,Fine,AP05BU    9499,YES,Animals affected,0
23.12.2012,4:30 PM,1227,LHS,Rural,Maddipadu,Rear End Collision,Car hit Bike,Car,Grievious injury,Over speed,Three lanes or more without central divider(median),Straight road,Four arm junction,Fine,AP27AG    9189,YES,Fatal,0
23.12.2012,4:30 PM,1227,LHS,Rural,Maddipadu,Rear End Collision,Car hit Bike,Car,Grievious injury,Over speed,Three lanes or more without central divider(median),Straight road,Four arm junction,Fine,AP27AG    9189,YES,Grevious,1
23.12.2012,4:30 PM,1227,LHS,Rural,Maddipadu,Rear End Collision,Car hit Bike,Car,Grievious injury,Over speed,Three lanes or more without central divider(median),Straight road,Four arm junction,Fine,AP27AG    9189,YES,Minor,0
23.12.2012,4:30 PM,1227,LHS,Rural,Maddipadu,Rear End Collision,Car hit Bike,Car,Grievious injury,Over speed,Three lanes or more without central divider(median),Straight road,Four arm junction,Fine,AP27AG    9189,YES,Non injured ,0
23.12.2012,4:30 PM,1227,LHS,Rural,Maddipadu,Rear End Collision,Car hit Bike,Car,Grievious injury,Over speed,Three lanes or more without central divider(median),Straight road,Four arm junction,Fine,AP27AG    9189,YES,Animals affected,0
24.12.2012,3:30 AM,1313.7,RHS,Rural,Kavali,Rear End Collision, Car hit Median,Car,Non injury,Over speed,Four lanes or more with central divider,Sharp curve,T-Junction,Fine,TN19E    3767,YES,Fatal,0
24.12.2012,3:30 AM,1313.7,RHS,Rural,Kavali,Rear End Collision, Car hit Median,Car,Non injury,Over speed,Four lanes or more with central divider,Sharp curve,T-Junction,Fine,TN19E    3767,YES,Grevious,0
24.12.2012,3:30 AM,1313.7,RHS,Rural,Kavali,Rear End Collision, Car hit Median,Car,Non injury,Over speed,Four lanes or more with central divider,Sharp curve,T-Junction,Fine,TN19E    3767,YES,Minor,0
24.12.2012,3:30 AM,1313.7,RHS,Rural,Kavali,Rear End Collision, Car hit Median,Car,Non injury,Over speed,Four lanes or more with central divider,Sharp curve,T-Junction,Fine,TN19E    3767,YES,Non injured ,2
24.12.2012,3:30 AM,1313.7,RHS,Rural,Kavali,Rear End Collision, Car hit Median,Car,Non injury,Over speed,Four lanes or more with central divider,Sharp curve,T-Junction,Fine,TN19E    3767,YES,Animals affected,0
24.12.2012,4:00 AM,1297.9,RHS,Rural,Ulavapadu,Overturning, Tata Magic Auto Over Turned,Auto,Non injury,Fault of driver of motor vehicle/driver of other vehicle/cyclist/pedestrian/passenger,Four lanes or more with central divider,Straight road,,Fine,AP26TG  3756,YES,Fatal,0
24.12.2012,4:00 AM,1297.9,RHS,Rural,Ulavapadu,Overturning, Tata Magic Auto Over Turned,Auto,Non injury,Fault of driver of motor vehicle/driver of other vehicle/cyclist/pedestrian/passenger,Four lanes or more with central divider,Straight road,,Fine,AP26TG  3756,YES,Grevious,0
24.12.2012,4:00 AM,1297.9,RHS,Rural,Ulavapadu,Overturning, Tata Magic Auto Over Turned,Auto,Non injury,Fault of driver of motor vehicle/driver of other vehicle/cyclist/pedestrian/passenger,Four lanes or more with central divider,Straight road,,Fine,AP26TG  3756,YES,Minor,0
24.12.2012,4:00 AM,1297.9,RHS,Rural,Ulavapadu,Overturning, Tata Magic Auto Over Turned,Auto,Non injury,Fault of driver of motor vehicle/driver of other vehicle/cyclist/pedestrian/passenger,Four lanes or more with central divider,Straight road,,Fine,AP26TG  3756,YES,Non injured ,2
24.12.2012,4:00 AM,1297.9,RHS,Rural,Ulavapadu,Overturning, Tata Magic Auto Over Turned,Auto,Non injury,Fault of driver of motor vehicle/driver of other vehicle/cyclist/pedestrian/passenger,Four lanes or more with central divider,Straight road,,Fine,AP26TG  3756,YES,Animals affected,0
24.12.2012,12:25 PM,1220.3,RHS,Rural,Medarametla,Overturning, Car Over Turned,Car,Non injury,Over speed,Four lanes or more with central divider,Straight road,,Fine,AP07AH 1648,YES,Fatal,0
24.12.2012,12:25 PM,1220.3,RHS,Rural,Medarametla,Overturning, Car Over Turned,Car,Non injury,Over speed,Four lanes or more with central divider,Straight road,,Fine,AP07AH 1648,YES,Grevious,0
24.12.2012,12:25 PM,1220.3,RHS,Rural,Medarametla,Overturning, Car Over Turned,Car,Non injury,Over speed,Four lanes or more with central divider,Straight road,,Fine,AP07AH 1648,YES,Minor,0
24.12.2012,12:25 PM,1220.3,RHS,Rural,Medarametla,Overturning, Car Over Turned,Car,Non injury,Over speed,Four lanes or more with central divider,Straight road,,Fine,AP07AH 1648,YES,Non injured ,1
24.12.2012,12:25 PM,1220.3,RHS,Rural,Medarametla,Overturning, Car Over Turned,Car,Non injury,Over speed,Four lanes or more with central divider,Straight road,,Fine,AP07AH 1648,YES,Animals affected,0
25.12.2012,2:30 AM,1353,LHS,Rural,Kodavaluru,Rear End Collision,Lorry hit Unknown Vehicle,Lorry,Non injury,Fault of driver of motor vehicle/driver of other vehicle/cyclist/pedestrian/passenger,Four lanes or more with central divider,Straight road,,Fine,AP26TA          9785,YES,Fatal,0
25.12.2012,2:30 AM,1353,LHS,Rural,Kodavaluru,Rear End Collision,Lorry hit Unknown Vehicle,Lorry,Non injury,Fault of driver of motor vehicle/driver of other vehicle/cyclist/pedestrian/passenger,Four lanes or more with central divider,Straight road,,Fine,AP26TA          9785,YES,Grevious,0
25.12.2012,2:30 AM,1353,LHS,Rural,Kodavaluru,Rear End Collision,Lorry hit Unknown Vehicle,Lorry,Non injury,Fault of driver of motor vehicle/driver of other vehicle/cyclist/pedestrian/passenger,Four lanes or more with central divider,Straight road,,Fine,AP26TA          9785,YES,Minor,0
25.12.2012,2:30 AM,1353,LHS,Rural,Kodavaluru,Rear End Collision,Lorry hit Unknown Vehicle,Lorry,Non injury,Fault of driver of motor vehicle/driver of other vehicle/cyclist/pedestrian/passenger,Four lanes or more with central divider,Straight road,,Fine,AP26TA          9785,YES,Non injured ,2
25.12.2012,2:30 AM,1353,LHS,Rural,Kodavaluru,Rear End Collision,Lorry hit Unknown Vehicle,Lorry,Non injury,Fault of driver of motor vehicle/driver of other vehicle/cyclist/pedestrian/passenger,Four lanes or more with central divider,Straight road,,Fine,AP26TA          9785,YES,Animals affected,0
26.12.2012,4:00 AM,1263.8,LHS,Rural,Tangutur,Collision Brush/Side Wipe,Lorry hit  Pedestrain,Lorry,Grievious injury,Over speed,Four lanes or more with central divider,Straight road,,Fine,AP24TA  7958,YES,Fatal,0
26.12.2012,4:00 AM,1263.8,LHS,Rural,Tangutur,Collision Brush/Side Wipe,Lorry hit  Pedestrain,Lorry,Grievious injury,Over speed,Four lanes or more with central divider,Straight road,,Fine,AP24TA  7958,YES,Grevious,1
26.12.2012,4:00 AM,1263.8,LHS,Rural,Tangutur,Collision Brush/Side Wipe,Lorry hit  Pedestrain,Lorry,Grievious injury,Over speed,Four lanes or more with central divider,Straight road,,Fine,AP24TA  7958,YES,Minor,0
26.12.2012,4:00 AM,1263.8,LHS,Rural,Tangutur,Collision Brush/Side Wipe,Lorry hit  Pedestrain,Lorry,Grievious injury,Over speed,Four lanes or more with central divider,Straight road,,Fine,AP24TA  7958,YES,Non injured ,0
26.12.2012,4:00 AM,1263.8,LHS,Rural,Tangutur,Collision Brush/Side Wipe,Lorry hit  Pedestrain,Lorry,Grievious injury,Over speed,Four lanes or more with central divider,Straight road,,Fine,AP24TA  7958,YES,Animals affected,0
26.12.2012,6:30 PM,1196,LHS,Rural,Martur,Collision Brush/Side Wipe,Lorry hit  Pedestrain,Lorry,Minor injury,Over speed,Four lanes or more with central divider,Straight road,,Fine,AP30V  3488,YES,Fatal,0
26.12.2012,6:30 PM,1196,LHS,Rural,Martur,Collision Brush/Side Wipe,Lorry hit  Pedestrain,Lorry,Minor injury,Over speed,Four lanes or more with central divider,Straight road,,Fine,AP30V  3488,YES,Grevious,0
26.12.2012,6:30 PM,1196,LHS,Rural,Martur,Collision Brush/Side Wipe,Lorry hit  Pedestrain,Lorry,Minor injury,Over speed,Four lanes or more with central divider,Straight road,,Fine,AP30V  3488,YES,Minor,1
26.12.2012,6:30 PM,1196,LHS,Rural,Martur,Collision Brush/Side Wipe,Lorry hit  Pedestrain,Lorry,Minor injury,Over speed,Four lanes or more with central divider,Straight road,,Fine,AP30V  3488,YES,Non injured ,0
26.12.2012,6:30 PM,1196,LHS,Rural,Martur,Collision Brush/Side Wipe,Lorry hit  Pedestrain,Lorry,Minor injury,Over speed,Four lanes or more with central divider,Straight road,,Fine,AP30V  3488,YES,Animals affected,0
28.12.2012,4:25 AM,1363.9,LHS,Rural,Kovuru,Collision Brush/Side Wipe,Lorry hit   Culvert,Lorry,Minor injury,Fault of driver of motor vehicle/driver of other vehicle/cyclist/pedestrian/passenger,Four lanes or more with central divider,Slight curve,,Fine,AP04W   0134,YES,Fatal,0
28.12.2012,4:25 AM,1363.9,LHS,Rural,Kovuru,Collision Brush/Side Wipe,Lorry hit   Culvert,Lorry,Minor injury,Fault of driver of motor vehicle/driver of other vehicle/cyclist/pedestrian/passenger,Four lanes or more with central divider,Slight curve,,Fine,AP04W   0134,YES,Grevious,0
28.12.2012,4:25 AM,1363.9,LHS,Rural,Kovuru,Collision Brush/Side Wipe,Lorry hit   Culvert,Lorry,Minor injury,Fault of driver of motor vehicle/driver of other vehicle/cyclist/pedestrian/passenger,Four lanes or more with central divider,Slight curve,,Fine,AP04W   0134,YES,Minor,1
28.12.2012,4:25 AM,1363.9,LHS,Rural,Kovuru,Collision Brush/Side Wipe,Lorry hit   Culvert,Lorry,Minor injury,Fault of driver of motor vehicle/driver of other vehicle/cyclist/pedestrian/passenger,Four lanes or more with central divider,Slight curve,,Fine,AP04W   0134,YES,Non injured ,1
28.12.2012,4:25 AM,1363.9,LHS,Rural,Kovuru,Collision Brush/Side Wipe,Lorry hit   Culvert,Lorry,Minor injury,Fault of driver of motor vehicle/driver of other vehicle/cyclist/pedestrian/passenger,Four lanes or more with central divider,Slight curve,,Fine,AP04W   0134,YES,Animals affected,0
28.12.2012,7:00 AM,1261.3,RHS,Rural,Tangutur,Overturning,Car       Overturned,Car,Minor injury,Fault of driver of motor vehicle/driver of other vehicle/cyclist/pedestrian/passenger,Four lanes or more with central divider,Straight road,,Fine,AP27AB    1566,YES,Fatal,0
28.12.2012,7:00 AM,1261.3,RHS,Rural,Tangutur,Overturning,Car       Overturned,Car,Minor injury,Fault of driver of motor vehicle/driver of other vehicle/cyclist/pedestrian/passenger,Four lanes or more with central divider,Straight road,,Fine,AP27AB    1566,YES,Grevious,0
28.12.2012,7:00 AM,1261.3,RHS,Rural,Tangutur,Overturning,Car       Overturned,Car,Minor injury,Fault of driver of motor vehicle/driver of other vehicle/cyclist/pedestrian/passenger,Four lanes or more with central divider,Straight road,,Fine,AP27AB    1566,YES,Minor,2
28.12.2012,7:00 AM,1261.3,RHS,Rural,Tangutur,Overturning,Car       Overturned,Car,Minor injury,Fault of driver of motor vehicle/driver of other vehicle/cyclist/pedestrian/passenger,Four lanes or more with central divider,Straight road,,Fine,AP27AB    1566,YES,Non injured ,2
28.12.2012,7:00 AM,1261.3,RHS,Rural,Tangutur,Overturning,Car       Overturned,Car,Minor injury,Fault of driver of motor vehicle/driver of other vehicle/cyclist/pedestrian/passenger,Four lanes or more with central divider,Straight road,,Fine,AP27AB    1566,YES,Animals affected,0
29.12.2012,6:20 AM,1344.4,LHS,Rural,Dagadarthi,Rear End Collision,Lorry hit Car,Lorry,Minor injury,Over speed,Four lanes or more with central divider,Straight road,,Light rain,AP21U  3636,YES,Fatal,0
29.12.2012,6:20 AM,1344.4,LHS,Rural,Dagadarthi,Rear End Collision,Lorry hit Car,Lorry,Minor injury,Over speed,Four lanes or more with central divider,Straight road,,Light rain,AP21U  3636,YES,Grevious,0
29.12.2012,6:20 AM,1344.4,LHS,Rural,Dagadarthi,Rear End Collision,Lorry hit Car,Lorry,Minor injury,Over speed,Four lanes or more with central divider,Straight road,,Light rain,AP21U  3636,YES,Minor,1
29.12.2012,6:20 AM,1344.4,LHS,Rural,Dagadarthi,Rear End Collision,Lorry hit Car,Lorry,Minor injury,Over speed,Four lanes or more with central divider,Straight road,,Light rain,AP21U  3636,YES,Non injured ,3
29.12.2012,6:20 AM,1344.4,LHS,Rural,Dagadarthi,Rear End Collision,Lorry hit Car,Lorry,Minor injury,Over speed,Four lanes or more with central divider,Straight road,,Light rain,AP21U  3636,YES,Animals affected,0
29.12.2012,8:00 AM,1346.6,RHS,Rural,Dagadarthi,Rear End Collision,Lorry hit Unknown Vehicle,Lorry,Grievious injury,Over speed,Four lanes or more with central divider,Straight road,,Light rain,HR37C    5774,YES,Fatal,0
29.12.2012,8:00 AM,1346.6,RHS,Rural,Dagadarthi,Rear End Collision,Lorry hit Unknown Vehicle,Lorry,Grievious injury,Over speed,Four lanes or more with central divider,Straight road,,Light rain,HR37C    5774,YES,Grevious,1
29.12.2012,8:00 AM,1346.6,RHS,Rural,Dagadarthi,Rear End Collision,Lorry hit Unknown Vehicle,Lorry,Grievious injury,Over speed,Four lanes or more with central divider,Straight road,,Light rain,HR37C    5774,YES,Minor,0
29.12.2012,8:00 AM,1346.6,RHS,Rural,Dagadarthi,Rear End Collision,Lorry hit Unknown Vehicle,Lorry,Grievious injury,Over speed,Four lanes or more with central divider,Straight road,,Light rain,HR37C    5774,YES,Non injured ,1
29.12.2012,8:00 AM,1346.6,RHS,Rural,Dagadarthi,Rear End Collision,Lorry hit Unknown Vehicle,Lorry,Grievious injury,Over speed,Four lanes or more with central divider,Straight road,,Light rain,HR37C    5774,YES,Animals affected,0
29.12.2012,8:50 AM,1317.2,RHS,Rural,Kavali,Rear End Collision,Lorry hit Unknown Vehicle,Lorry,Non injury,Over speed,Four lanes or more with central divider,Slight curve,,Light rain,NL02K    2961,YES,Fatal,0
29.12.2012,8:50 AM,1317.2,RHS,Rural,Kavali,Rear End Collision,Lorry hit Unknown Vehicle,Lorry,Non injury,Over speed,Four lanes or more with central divider,Slight curve,,Light rain,NL02K    2961,YES,Grevious,0
29.12.2012,8:50 AM,1317.2,RHS,Rural,Kavali,Rear End Collision,Lorry hit Unknown Vehicle,Lorry,Non injury,Over speed,Four lanes or more with central divider,Slight curve,,Light rain,NL02K    2961,YES,Minor,0
29.12.2012,8:50 AM,1317.2,RHS,Rural,Kavali,Rear End Collision,Lorry hit Unknown Vehicle,Lorry,Non injury,Over speed,Four lanes or more with central divider,Slight curve,,Light rain,NL02K    2961,YES,Non injured ,2
29.12.2012,8:50 AM,1317.2,RHS,Rural,Kavali,Rear End Collision,Lorry hit Unknown Vehicle,Lorry,Non injury,Over speed,Four lanes or more with central divider,Slight curve,,Light rain,NL02K    2961,YES,Animals affected,0
29.12.2012,12:40 PM,1360.4,RHS,Rural,Kovuru,Rear End Collision,Car hit Tipper,Car,Non injury,Over speed,Three lanes or more without central divider(median),Straight road,Four arm junction,Light rain,TN10AF   2559,YES,Fatal,0
29.12.2012,12:40 PM,1360.4,RHS,Rural,Kovuru,Rear End Collision,Car hit Tipper,Car,Non injury,Over speed,Three lanes or more without central divider(median),Straight road,Four arm junction,Light rain,TN10AF   2559,YES,Grevious,0
29.12.2012,12:40 PM,1360.4,RHS,Rural,Kovuru,Rear End Collision,Car hit Tipper,Car,Non injury,Over speed,Three lanes or more without central divider(median),Straight road,Four arm junction,Light rain,TN10AF   2559,YES,Minor,0
29.12.2012,12:40 PM,1360.4,RHS,Rural,Kovuru,Rear End Collision,Car hit Tipper,Car,Non injury,Over speed,Three lanes or more without central divider(median),Straight road,Four arm junction,Light rain,TN10AF   2559,YES,Non injured ,2
29.12.2012,12:40 PM,1360.4,RHS,Rural,Kovuru,Rear End Collision,Car hit Tipper,Car,Non injury,Over speed,Three lanes or more without central divider(median),Straight road,Four arm junction,Light rain,TN10AF   2559,YES,Animals affected,0
29.12.2012,6:45 PM,1327.4,RHS,Rural,Kavali,Head on collision,Car hit     Tractor,Car,Non injury,Over speed,Four lanes or more with central divider,Straight road,,Fine,AP26AH   4999,YES,Fatal,0
29.12.2012,6:45 PM,1327.4,RHS,Rural,Kavali,Head on collision,Car hit     Tractor,Car,Non injury,Over speed,Four lanes or more with central divider,Straight road,,Fine,AP26AH   4999,YES,Grevious,0
29.12.2012,6:45 PM,1327.4,RHS,Rural,Kavali,Head on collision,Car hit     Tractor,Car,Non injury,Over speed,Four lanes or more with central divider,Straight road,,Fine,AP26AH   4999,YES,Minor,0
29.12.2012,6:45 PM,1327.4,RHS,Rural,Kavali,Head on collision,Car hit     Tractor,Car,Non injury,Over speed,Four lanes or more with central divider,Straight road,,Fine,AP26AH   4999,YES,Non injured ,4
29.12.2012,6:45 PM,1327.4,RHS,Rural,Kavali,Head on collision,Car hit     Tractor,Car,Non injury,Over speed,Four lanes or more with central divider,Straight road,,Fine,AP26AH   4999,YES,Animals affected,0
29.12.2012,11:00 PM,1258.3,LHS,Rural,Tangutur,Rear End Collision, Lorry hit Tractor,Lorry,Minor injury,Over speed,Four lanes or more with central divider,Straight road,,Fine,AP31TW  4954,YES,Fatal,0
29.12.2012,11:00 PM,1258.3,LHS,Rural,Tangutur,Rear End Collision, Lorry hit Tractor,Lorry,Minor injury,Over speed,Four lanes or more with central divider,Straight road,,Fine,AP31TW  4954,YES,Grevious,0
29.12.2012,11:00 PM,1258.3,LHS,Rural,Tangutur,Rear End Collision, Lorry hit Tractor,Lorry,Minor injury,Over speed,Four lanes or more with central divider,Straight road,,Fine,AP31TW  4954,YES,Minor,1