Operational date,Time of Accident,KM && M,Position,Rural/Urban,Location,Nature of Accident Position,Nature of Accident,Vehicle Involved,Type of Accident,Causes,Road Feature,Road condition,Intersection Type And Control,Weather Condition,Vehicle Responsible,Help Provided by Ambulance/Patroling Vehicle,Classification of Accident,No of Affected Persons
29.12.2012,11:00 PM,1258.3,LHS,Rural,Tangutur,Rear End Collision, Lorry hit Tractor,Lorry,Minor injury,Over speed,Four lanes or more with central divider,Straight road,,Fine,AP31TW  4954,YES,Non injured ,3
29.12.2012,11:00 PM,1258.3,LHS,Rural,Tangutur,Rear End Collision, Lorry hit Tractor,Lorry,Minor injury,Over speed,Four lanes or more with central divider,Straight road,,Fine,AP31TW  4954,YES,Animals affected,0
30.12.2012,2:15 AM,1223.1,RHS,Rural,Medarametla,Others(p1.Specific),Lorry Fired,Lorry,Non injury,Fault of driver of motor vehicle/driver of other vehicle/cyclist/pedestrian/passenger,Four lanes or more with central divider,Straight road,,Fine,AP27TU  4888,YES,Fatal,0
30.12.2012,2:15 AM,1223.1,RHS,Rural,Medarametla,Others(p1.Specific),Lorry Fired,Lorry,Non injury,Fault of driver of motor vehicle/driver of other vehicle/cyclist/pedestrian/passenger,Four lanes or more with central divider,Straight road,,Fine,AP27TU  4888,YES,Grevious,0
30.12.2012,2:15 AM,1223.1,RHS,Rural,Medarametla,Others(p1.Specific),Lorry Fired,Lorry,Non injury,Fault of driver of motor vehicle/driver of other vehicle/cyclist/pedestrian/passenger,Four lanes or more with central divider,Straight road,,Fine,AP27TU  4888,YES,Minor,0
30.12.2012,2:15 AM,1223.1,RHS,Rural,Medarametla,Others(p1.Specific),Lorry Fired,Lorry,Non injury,Fault of driver of motor vehicle/driver of other vehicle/cyclist/pedestrian/passenger,Four lanes or more with central divider,Straight road,,Fine,AP27TU  4888,YES,Non injured ,2
30.12.2012,2:15 AM,1223.1,RHS,Rural,Medarametla,Others(p1.Specific),Lorry Fired,Lorry,Non injury,Fault of driver of motor vehicle/driver of other vehicle/cyclist/pedestrian/passenger,Four lanes or more with central divider,Straight road,,Fine,AP27TU  4888,YES,Animals affected,0
30.12.2012,4:18 PM,1282.4,RHS,Rural,Singarayakonda,Overturning,Tractor Over Turned,Tractor,Non injury,Over speed,Four lanes or more with central divider,Straight road,,Fine,AP26TT  1106,YES,Fatal,0
30.12.2012,4:18 PM,1282.4,RHS,Rural,Singarayakonda,Overturning,Tractor Over Turned,Tractor,Non injury,Over speed,Four lanes or more with central divider,Straight road,,Fine,AP26TT  1106,YES,Grevious,0
30.12.2012,4:18 PM,1282.4,RHS,Rural,Singarayakonda,Overturning,Tractor Over Turned,Tractor,Non injury,Over speed,Four lanes or more with central divider,Straight road,,Fine,AP26TT  1106,YES,Minor,0
30.12.2012,4:18 PM,1282.4,RHS,Rural,Singarayakonda,Overturning,Tractor Over Turned,Tractor,Non injury,Over speed,Four lanes or more with central divider,Straight road,,Fine,AP26TT  1106,YES,Non injured ,2
30.12.2012,4:18 PM,1282.4,RHS,Rural,Singarayakonda,Overturning,Tractor Over Turned,Tractor,Non injury,Over speed,Four lanes or more with central divider,Straight road,,Fine,AP26TT  1106,YES,Animals affected,0
30.12.2012,11:05 PM,1205,LHS,Rural,Reningavaram,Rear End Collision,Tata Ace hit Lorry,Tata Ace,Grievious injury,Over speed,Four lanes or more with central divider,Straight road,,Fine,AP16TC 6070,YES,Fatal,0
30.12.2012,11:05 PM,1205,LHS,Rural,Reningavaram,Rear End Collision,Tata Ace hit Lorry,Tata Ace,Grievious injury,Over speed,Four lanes or more with central divider,Straight road,,Fine,AP16TC 6070,YES,Grevious,1
30.12.2012,11:05 PM,1205,LHS,Rural,Reningavaram,Rear End Collision,Tata Ace hit Lorry,Tata Ace,Grievious injury,Over speed,Four lanes or more with central divider,Straight road,,Fine,AP16TC 6070,YES,Minor,4
30.12.2012,11:05 PM,1205,LHS,Rural,Reningavaram,Rear End Collision,Tata Ace hit Lorry,Tata Ace,Grievious injury,Over speed,Four lanes or more with central divider,Straight road,,Fine,AP16TC 6070,YES,Non injured ,0
30.12.2012,11:05 PM,1205,LHS,Rural,Reningavaram,Rear End Collision,Tata Ace hit Lorry,Tata Ace,Grievious injury,Over speed,Four lanes or more with central divider,Straight road,,Fine,AP16TC 6070,YES,Animals affected,0
31.12.2012,6:30 AM,1209,LHS,Rural,Reningavaram,Rear End Collision, Lorry hit Lorry,Lorry,Grievious injury,Over speed,Four lanes or more with central divider,Straight road,,Fine,TN04AK 2238,YES,Fatal,0
31.12.2012,6:30 AM,1209,LHS,Rural,Reningavaram,Rear End Collision, Lorry hit Lorry,Lorry,Grievious injury,Over speed,Four lanes or more with central divider,Straight road,,Fine,TN04AK 2238,YES,Grevious,1
31.12.2012,6:30 AM,1209,LHS,Rural,Reningavaram,Rear End Collision, Lorry hit Lorry,Lorry,Grievious injury,Over speed,Four lanes or more with central divider,Straight road,,Fine,TN04AK 2238,YES,Minor,2
31.12.2012,6:30 AM,1209,LHS,Rural,Reningavaram,Rear End Collision, Lorry hit Lorry,Lorry,Grievious injury,Over speed,Four lanes or more with central divider,Straight road,,Fine,TN04AK 2238,YES,Non injured ,0
31.12.2012,6:30 AM,1209,LHS,Rural,Reningavaram,Rear End Collision, Lorry hit Lorry,Lorry,Grievious injury,Over speed,Four lanes or more with central divider,Straight road,,Fine,TN04AK 2238,YES,Animals affected,0
31.12.2012,7:30 AM,1247.3,LHS,Rural,Ongole,Rear End Collision, Lorry hit Lorry,Lorry,Minor injury,Over speed,Four lanes or more with central divider,Straight road,,Fine,AP28W  7992,YES,Fatal,0
31.12.2012,7:30 AM,1247.3,LHS,Rural,Ongole,Rear End Collision, Lorry hit Lorry,Lorry,Minor injury,Over speed,Four lanes or more with central divider,Straight road,,Fine,AP28W  7992,YES,Grevious,0
31.12.2012,7:30 AM,1247.3,LHS,Rural,Ongole,Rear End Collision, Lorry hit Lorry,Lorry,Minor injury,Over speed,Four lanes or more with central divider,Straight road,,Fine,AP28W  7992,YES,Minor,0
31.12.2012,7:30 AM,1247.3,LHS,Rural,Ongole,Rear End Collision, Lorry hit Lorry,Lorry,Minor injury,Over speed,Four lanes or more with central divider,Straight road,,Fine,AP28W  7992,YES,Non injured ,3
31.12.2012,7:30 AM,1247.3,LHS,Rural,Ongole,Rear End Collision, Lorry hit Lorry,Lorry,Minor injury,Over speed,Four lanes or more with central divider,Straight road,,Fine,AP28W  7992,YES,Animals affected,0
31.12.2012,5:20 PM,1363.2,RHS,Rural,Kovuru,Overturning, Lorry Over Turned,Lorry,Non injury,Over speed,Four lanes or more with central divider,Sharp curve,,Fine,AP26TB  1318,YES,Fatal,0
31.12.2012,5:20 PM,1363.2,RHS,Rural,Kovuru,Overturning, Lorry Over Turned,Lorry,Non injury,Over speed,Four lanes or more with central divider,Sharp curve,,Fine,AP26TB  1318,YES,Grevious,0
31.12.2012,5:20 PM,1363.2,RHS,Rural,Kovuru,Overturning, Lorry Over Turned,Lorry,Non injury,Over speed,Four lanes or more with central divider,Sharp curve,,Fine,AP26TB  1318,YES,Minor,0
31.12.2012,5:20 PM,1363.2,RHS,Rural,Kovuru,Overturning, Lorry Over Turned,Lorry,Non injury,Over speed,Four lanes or more with central divider,Sharp curve,,Fine,AP26TB  1318,YES,Non injured ,2
31.12.2012,5:20 PM,1363.2,RHS,Rural,Kovuru,Overturning, Lorry Over Turned,Lorry,Non injury,Over speed,Four lanes or more with central divider,Sharp curve,,Fine,AP26TB  1318,YES,Animals affected,0
01.01.2013,5:00 AM,1306.8,RHS,Rural,Gudluru,Rear End Collision,Mini Lorry hit Median,Lorry,Minor injury,Fault of driver of motor vehicle/driver of other vehicle/cyclist/pedestrian/passenger,Four lanes or more with central divider,Straight road,,Fine,AP07TB   9722,YES,Fatal,0
01.01.2013,5:00 AM,1306.8,RHS,Rural,Gudluru,Rear End Collision,Mini Lorry hit Median,Lorry,Minor injury,Fault of driver of motor vehicle/driver of other vehicle/cyclist/pedestrian/passenger,Four lanes or more with central divider,Straight road,,Fine,AP07TB   9722,YES,Grevious,0
01.01.2013,5:00 AM,1306.8,RHS,Rural,Gudluru,Rear End Collision,Mini Lorry hit Median,Lorry,Minor injury,Fault of driver of motor vehicle/driver of other vehicle/cyclist/pedestrian/passenger,Four lanes or more with central divider,Straight road,,Fine,AP07TB   9722,YES,Minor,1
01.01.2013,5:00 AM,1306.8,RHS,Rural,Gudluru,Rear End Collision,Mini Lorry hit Median,Lorry,Minor injury,Fault of driver of motor vehicle/driver of other vehicle/cyclist/pedestrian/passenger,Four lanes or more with central divider,Straight road,,Fine,AP07TB   9722,YES,Non injured ,1
01.01.2013,5:00 AM,1306.8,RHS,Rural,Gudluru,Rear End Collision,Mini Lorry hit Median,Lorry,Minor injury,Fault of driver of motor vehicle/driver of other vehicle/cyclist/pedestrian/passenger,Four lanes or more with central divider,Straight road,,Fine,AP07TB   9722,YES,Animals affected,0
01.01.2013,5:30 AM,1286.6,LHS,Rural,Ulavapadu,Overturning,Tata Ace Auto Overturned,Tata Ace,Non injury,Fault of driver of motor vehicle/driver of other vehicle/cyclist/pedestrian/passenger,Four lanes or more with central divider,Slight curve,,Fine,AP07TB 2489,YES,Fatal,0
01.01.2013,5:30 AM,1286.6,LHS,Rural,Ulavapadu,Overturning,Tata Ace Auto Overturned,Tata Ace,Non injury,Fault of driver of motor vehicle/driver of other vehicle/cyclist/pedestrian/passenger,Four lanes or more with central divider,Slight curve,,Fine,AP07TB 2489,YES,Grevious,0
01.01.2013,5:30 AM,1286.6,LHS,Rural,Ulavapadu,Overturning,Tata Ace Auto Overturned,Tata Ace,Non injury,Fault of driver of motor vehicle/driver of other vehicle/cyclist/pedestrian/passenger,Four lanes or more with central divider,Slight curve,,Fine,AP07TB 2489,YES,Minor,0
01.01.2013,5:30 AM,1286.6,LHS,Rural,Ulavapadu,Overturning,Tata Ace Auto Overturned,Tata Ace,Non injury,Fault of driver of motor vehicle/driver of other vehicle/cyclist/pedestrian/passenger,Four lanes or more with central divider,Slight curve,,Fine,AP07TB 2489,YES,Non injured ,2
01.01.2013,5:30 AM,1286.6,LHS,Rural,Ulavapadu,Overturning,Tata Ace Auto Overturned,Tata Ace,Non injury,Fault of driver of motor vehicle/driver of other vehicle/cyclist/pedestrian/passenger,Four lanes or more with central divider,Slight curve,,Fine,AP07TB 2489,YES,Animals affected,0
01.01.2013,2:10 PM,1321.4,RHS,Rural,Kavali,Overturning,Container Vehicle  Overturned,Container,Non injury,Over speed,Four lanes or more with central divider,Slight curve,,Fine,NL01C   5515,YES,Fatal,0
01.01.2013,2:10 PM,1321.4,RHS,Rural,Kavali,Overturning,Container Vehicle  Overturned,Container,Non injury,Over speed,Four lanes or more with central divider,Slight curve,,Fine,NL01C   5515,YES,Grevious,0
01.01.2013,2:10 PM,1321.4,RHS,Rural,Kavali,Overturning,Container Vehicle  Overturned,Container,Non injury,Over speed,Four lanes or more with central divider,Slight curve,,Fine,NL01C   5515,YES,Minor,0
01.01.2013,2:10 PM,1321.4,RHS,Rural,Kavali,Overturning,Container Vehicle  Overturned,Container,Non injury,Over speed,Four lanes or more with central divider,Slight curve,,Fine,NL01C   5515,YES,Non injured ,2
01.01.2013,2:10 PM,1321.4,RHS,Rural,Kavali,Overturning,Container Vehicle  Overturned,Container,Non injury,Over speed,Four lanes or more with central divider,Slight curve,,Fine,NL01C   5515,YES,Animals affected,0
01.01.2013,7:00 PM,1352.9,LHS,Rural,Kodavaluru,Collision Brush/Side Wipe,Unknown Vehicle hit   Bike,Unknown,Grievious injury,Over speed,Four lanes or more with central divider,Straight road,,Fine,AP26T/R   2740,YES,Fatal,0
01.01.2013,7:00 PM,1352.9,LHS,Rural,Kodavaluru,Collision Brush/Side Wipe,Unknown Vehicle hit   Bike,Unknown,Grievious injury,Over speed,Four lanes or more with central divider,Straight road,,Fine,AP26T/R   2740,YES,Grevious,1
01.01.2013,7:00 PM,1352.9,LHS,Rural,Kodavaluru,Collision Brush/Side Wipe,Unknown Vehicle hit   Bike,Unknown,Grievious injury,Over speed,Four lanes or more with central divider,Straight road,,Fine,AP26T/R   2740,YES,Minor,0
01.01.2013,7:00 PM,1352.9,LHS,Rural,Kodavaluru,Collision Brush/Side Wipe,Unknown Vehicle hit   Bike,Unknown,Grievious injury,Over speed,Four lanes or more with central divider,Straight road,,Fine,AP26T/R   2740,YES,Non injured ,0
01.01.2013,7:00 PM,1352.9,LHS,Rural,Kodavaluru,Collision Brush/Side Wipe,Unknown Vehicle hit   Bike,Unknown,Grievious injury,Over speed,Four lanes or more with central divider,Straight road,,Fine,AP26T/R   2740,YES,Animals affected,0
02.01.2013,4:21 PM,1313.7,LHS,Rural,Kavali,Rear End Collision, Car hit R.T.C.Bus,Car,Non injury,Over speed,Four lanes or more with central divider,Slight curve,,Fine,TN09 BB 8696,YES,Fatal,0
02.01.2013,4:21 PM,1313.7,LHS,Rural,Kavali,Rear End Collision, Car hit R.T.C.Bus,Car,Non injury,Over speed,Four lanes or more with central divider,Slight curve,,Fine,TN09 BB 8696,YES,Grevious,0
02.01.2013,4:21 PM,1313.7,LHS,Rural,Kavali,Rear End Collision, Car hit R.T.C.Bus,Car,Non injury,Over speed,Four lanes or more with central divider,Slight curve,,Fine,TN09 BB 8696,YES,Minor,0
02.01.2013,4:21 PM,1313.7,LHS,Rural,Kavali,Rear End Collision, Car hit R.T.C.Bus,Car,Non injury,Over speed,Four lanes or more with central divider,Slight curve,,Fine,TN09 BB 8696,YES,Non injured ,2
02.01.2013,4:21 PM,1313.7,LHS,Rural,Kavali,Rear End Collision, Car hit R.T.C.Bus,Car,Non injury,Over speed,Four lanes or more with central divider,Slight curve,,Fine,TN09 BB 8696,YES,Animals affected,0
02.01.2013,5:24 PM,1259.8,RHS,Rural,Tangutur,Collision Brush/Side Wipe, R.T.C.Bus hit Cow,Bus,Non injury,Over speed,Four lanes or more with central divider,Straight road,,Fine,AP09Z   9334,YES,Fatal,0
02.01.2013,5:24 PM,1259.8,RHS,Rural,Tangutur,Collision Brush/Side Wipe, R.T.C.Bus hit Cow,Bus,Non injury,Over speed,Four lanes or more with central divider,Straight road,,Fine,AP09Z   9334,YES,Grevious,0
02.01.2013,5:24 PM,1259.8,RHS,Rural,Tangutur,Collision Brush/Side Wipe, R.T.C.Bus hit Cow,Bus,Non injury,Over speed,Four lanes or more with central divider,Straight road,,Fine,AP09Z   9334,YES,Minor,0
02.01.2013,5:24 PM,1259.8,RHS,Rural,Tangutur,Collision Brush/Side Wipe, R.T.C.Bus hit Cow,Bus,Non injury,Over speed,Four lanes or more with central divider,Straight road,,Fine,AP09Z   9334,YES,Non injured ,22
02.01.2013,5:24 PM,1259.8,RHS,Rural,Tangutur,Collision Brush/Side Wipe, R.T.C.Bus hit Cow,Bus,Non injury,Over speed,Four lanes or more with central divider,Straight road,,Fine,AP09Z   9334,YES,Animals affected,1
03.01.2013,1:27 AM,1275.1,RHS,Rural,Singarayakonda,Overturning,  Oil Tanker     Overturned,Tanker,Non injury,Over speed,Four lanes or more with central divider,Straight road,,Mist/Fog,AP27Y 3749,YES,Fatal,0
03.01.2013,1:27 AM,1275.1,RHS,Rural,Singarayakonda,Overturning,  Oil Tanker     Overturned,Tanker,Non injury,Over speed,Four lanes or more with central divider,Straight road,,Mist/Fog,AP27Y 3749,YES,Grevious,0
03.01.2013,1:27 AM,1275.1,RHS,Rural,Singarayakonda,Overturning,  Oil Tanker     Overturned,Tanker,Non injury,Over speed,Four lanes or more with central divider,Straight road,,Mist/Fog,AP27Y 3749,YES,Minor,0
03.01.2013,1:27 AM,1275.1,RHS,Rural,Singarayakonda,Overturning,  Oil Tanker     Overturned,Tanker,Non injury,Over speed,Four lanes or more with central divider,Straight road,,Mist/Fog,AP27Y 3749,YES,Non injured ,2
03.01.2013,1:27 AM,1275.1,RHS,Rural,Singarayakonda,Overturning,  Oil Tanker     Overturned,Tanker,Non injury,Over speed,Four lanes or more with central divider,Straight road,,Mist/Fog,AP27Y 3749,YES,Animals affected,0
03.01.2013,7:20 AM,1314.7,RHS,Rural,Kavali,Rear End Collision,Lorry hit   Safety wall,Lorry,Non injury,Over speed,Four lanes or more with central divider,Straight road,,Fine,AP24TB  2377,YES,Fatal,0
03.01.2013,7:20 AM,1314.7,RHS,Rural,Kavali,Rear End Collision,Lorry hit   Safety wall,Lorry,Non injury,Over speed,Four lanes or more with central divider,Straight road,,Fine,AP24TB  2377,YES,Grevious,0
03.01.2013,7:20 AM,1314.7,RHS,Rural,Kavali,Rear End Collision,Lorry hit   Safety wall,Lorry,Non injury,Over speed,Four lanes or more with central divider,Straight road,,Fine,AP24TB  2377,YES,Minor,0
03.01.2013,7:20 AM,1314.7,RHS,Rural,Kavali,Rear End Collision,Lorry hit   Safety wall,Lorry,Non injury,Over speed,Four lanes or more with central divider,Straight road,,Fine,AP24TB  2377,YES,Non injured ,2
03.01.2013,7:20 AM,1314.7,RHS,Rural,Kavali,Rear End Collision,Lorry hit   Safety wall,Lorry,Non injury,Over speed,Four lanes or more with central divider,Straight road,,Fine,AP24TB  2377,YES,Animals affected,0
03.01.2013,5:20 PM,1250.2,RHS,Rural,Ongole,Collision Brush/Side Wipe,Unknown Vehicle hit   Buffalo,Unknown,Non injury,Over speed,Four lanes or more with central divider,Straight road,,Fine,Unknown   Vehicle,YES,Fatal,0
03.01.2013,5:20 PM,1250.2,RHS,Rural,Ongole,Collision Brush/Side Wipe,Unknown Vehicle hit   Buffalo,Unknown,Non injury,Over speed,Four lanes or more with central divider,Straight road,,Fine,Unknown   Vehicle,YES,Grevious,0
03.01.2013,5:20 PM,1250.2,RHS,Rural,Ongole,Collision Brush/Side Wipe,Unknown Vehicle hit   Buffalo,Unknown,Non injury,Over speed,Four lanes or more with central divider,Straight road,,Fine,Unknown   Vehicle,YES,Minor,0
03.01.2013,5:20 PM,1250.2,RHS,Rural,Ongole,Collision Brush/Side Wipe,Unknown Vehicle hit   Buffalo,Unknown,Non injury,Over speed,Four lanes or more with central divider,Straight road,,Fine,Unknown   Vehicle,YES,Non injured ,0
03.01.2013,5:20 PM,1250.2,RHS,Rural,Ongole,Collision Brush/Side Wipe,Unknown Vehicle hit   Buffalo,Unknown,Non injury,Over speed,Four lanes or more with central divider,Straight road,,Fine,Unknown   Vehicle,YES,Animals affected,1
04.01.2013,3:10 AM,1341,LHS,Rural,Dagadarthi,Collision Brush/Side Wipe,Car hit  Median,Car,Non injury,Fault of driver of motor vehicle/driver of other vehicle/cyclist/pedestrian/passenger,Four lanes or more with central divider,Slight curve,,Mist/Fog,AP36V 8335,YES,Fatal,0
04.01.2013,3:10 AM,1341,LHS,Rural,Dagadarthi,Collision Brush/Side Wipe,Car hit  Median,Car,Non injury,Fault of driver of motor vehicle/driver of other vehicle/cyclist/pedestrian/passenger,Four lanes or more with central divider,Slight curve,,Mist/Fog,AP36V 8335,YES,Grevious,0
04.01.2013,3:10 AM,1341,LHS,Rural,Dagadarthi,Collision Brush/Side Wipe,Car hit  Median,Car,Non injury,Fault of driver of motor vehicle/driver of other vehicle/cyclist/pedestrian/passenger,Four lanes or more with central divider,Slight curve,,Mist/Fog,AP36V 8335,YES,Minor,0
04.01.2013,3:10 AM,1341,LHS,Rural,Dagadarthi,Collision Brush/Side Wipe,Car hit  Median,Car,Non injury,Fault of driver of motor vehicle/driver of other vehicle/cyclist/pedestrian/passenger,Four lanes or more with central divider,Slight curve,,Mist/Fog,AP36V 8335,YES,Non injured ,2
04.01.2013,3:10 AM,1341,LHS,Rural,Dagadarthi,Collision Brush/Side Wipe,Car hit  Median,Car,Non injury,Fault of driver of motor vehicle/driver of other vehicle/cyclist/pedestrian/passenger,Four lanes or more with central divider,Slight curve,,Mist/Fog,AP36V 8335,YES,Animals affected,0
04.01.2013,4:40 AM,1361.4,RHS,Rural,Kodavaluru,Rear End Collision,Contanier Vehicle  hit  Auto,Container,Minor injury,Over speed,Four lanes or more with central divider,Straight road,,Mist/Fog,TN20BT      8920,YES,Fatal,0
04.01.2013,4:40 AM,1361.4,RHS,Rural,Kodavaluru,Rear End Collision,Contanier Vehicle  hit  Auto,Container,Minor injury,Over speed,Four lanes or more with central divider,Straight road,,Mist/Fog,TN20BT      8920,YES,Grevious,0
04.01.2013,4:40 AM,1361.4,RHS,Rural,Kodavaluru,Rear End Collision,Contanier Vehicle  hit  Auto,Container,Minor injury,Over speed,Four lanes or more with central divider,Straight road,,Mist/Fog,TN20BT      8920,YES,Minor,1
04.01.2013,4:40 AM,1361.4,RHS,Rural,Kodavaluru,Rear End Collision,Contanier Vehicle  hit  Auto,Container,Minor injury,Over speed,Four lanes or more with central divider,Straight road,,Mist/Fog,TN20BT      8920,YES,Non injured ,2
04.01.2013,4:40 AM,1361.4,RHS,Rural,Kodavaluru,Rear End Collision,Contanier Vehicle  hit  Auto,Container,Minor injury,Over speed,Four lanes or more with central divider,Straight road,,Mist/Fog,TN20BT      8920,YES,Animals affected,0
04.01.2013,5:30 PM,1230,RHS,Rural,Maddipadu,Head on collision,Unknown Vehicle Hit Bike,Unknown,Minor injury,Fault of driver of motor vehicle/driver of other vehicle/cyclist/pedestrian/passenger,Four lanes or more with central divider,Straight road,,Fine,AP26N     8190,YES,Fatal,0
04.01.2013,5:30 PM,1230,RHS,Rural,Maddipadu,Head on collision,Unknown Vehicle Hit Bike,Unknown,Minor injury,Fault of driver of motor vehicle/driver of other vehicle/cyclist/pedestrian/passenger,Four lanes or more with central divider,Straight road,,Fine,AP26N     8190,YES,Grevious,0
04.01.2013,5:30 PM,1230,RHS,Rural,Maddipadu,Head on collision,Unknown Vehicle Hit Bike,Unknown,Minor injury,Fault of driver of motor vehicle/driver of other vehicle/cyclist/pedestrian/passenger,Four lanes or more with central divider,Straight road,,Fine,AP26N     8190,YES,Minor,1
04.01.2013,5:30 PM,1230,RHS,Rural,Maddipadu,Head on collision,Unknown Vehicle Hit Bike,Unknown,Minor injury,Fault of driver of motor vehicle/driver of other vehicle/cyclist/pedestrian/passenger,Four lanes or more with central divider,Straight road,,Fine,AP26N     8190,YES,Non injured ,1
04.01.2013,5:30 PM,1230,RHS,Rural,Maddipadu,Head on collision,Unknown Vehicle Hit Bike,Unknown,Minor injury,Fault of driver of motor vehicle/driver of other vehicle/cyclist/pedestrian/passenger,Four lanes or more with central divider,Straight road,,Fine,AP26N     8190,YES,Animals affected,0
05.01.2013,4:30 AM,1264.4,RHS,Rural,Tangutur,Rear End Collision,Unknown Vehicle Hit Tractor,Unknown,Minor injury,Over speed,Four lanes or more with central divider,Straight road,,Mist/Fog,AP07AG    5130,YES,Fatal,0
05.01.2013,4:30 AM,1264.4,RHS,Rural,Tangutur,Rear End Collision,Unknown Vehicle Hit Tractor,Unknown,Minor injury,Over speed,Four lanes or more with central divider,Straight road,,Mist/Fog,AP07AG    5130,YES,Grevious,0
05.01.2013,4:30 AM,1264.4,RHS,Rural,Tangutur,Rear End Collision,Unknown Vehicle Hit Tractor,Unknown,Minor injury,Over speed,Four lanes or more with central divider,Straight road,,Mist/Fog,AP07AG    5130,YES,Minor,1
05.01.2013,4:30 AM,1264.4,RHS,Rural,Tangutur,Rear End Collision,Unknown Vehicle Hit Tractor,Unknown,Minor injury,Over speed,Four lanes or more with central divider,Straight road,,Mist/Fog,AP07AG    5130,YES,Non injured ,0
05.01.2013,4:30 AM,1264.4,RHS,Rural,Tangutur,Rear End Collision,Unknown Vehicle Hit Tractor,Unknown,Minor injury,Over speed,Four lanes or more with central divider,Straight road,,Mist/Fog,AP07AG    5130,YES,Animals affected,0
05.01.2013,8:30 AM,1343.8,LHS,Rural,Dagadarthi,Rear End Collision,Lorry hit    Tractor,Lorry,Non injury,Over speed,Four lanes or more with central divider,Straight road,,Fine,TN04AB  7543 ,YES,Fatal,0
05.01.2013,8:30 AM,1343.8,LHS,Rural,Dagadarthi,Rear End Collision,Lorry hit    Tractor,Lorry,Non injury,Over speed,Four lanes or more with central divider,Straight road,,Fine,TN04AB  7543 ,YES,Grevious,0
05.01.2013,8:30 AM,1343.8,LHS,Rural,Dagadarthi,Rear End Collision,Lorry hit    Tractor,Lorry,Non injury,Over speed,Four lanes or more with central divider,Straight road,,Fine,TN04AB  7543 ,YES,Minor,0
05.01.2013,8:30 AM,1343.8,LHS,Rural,Dagadarthi,Rear End Collision,Lorry hit    Tractor,Lorry,Non injury,Over speed,Four lanes or more with central divider,Straight road,,Fine,TN04AB  7543 ,YES,Non injured ,4
05.01.2013,8:30 AM,1343.8,LHS,Rural,Dagadarthi,Rear End Collision,Lorry hit    Tractor,Lorry,Non injury,Over speed,Four lanes or more with central divider,Straight road,,Fine,TN04AB  7543 ,YES,Animals affected,0
05.01.2013,9:30 AM,1261.7,RHS,Rural,Tangutur,Rear End Collision,Bike hit Tractor,Bike,Minor injury,Over speed,Four lanes or more with central divider,Straight road,,Fine,AP27AH   7692,YES,Fatal,0
05.01.2013,9:30 AM,1261.7,RHS,Rural,Tangutur,Rear End Collision,Bike hit Tractor,Bike,Minor injury,Over speed,Four lanes or more with central divider,Straight road,,Fine,AP27AH   7692,YES,Grevious,0
05.01.2013,9:30 AM,1261.7,RHS,Rural,Tangutur,Rear End Collision,Bike hit Tractor,Bike,Minor injury,Over speed,Four lanes or more with central divider,Straight road,,Fine,AP27AH   7692,YES,Minor,1
05.01.2013,9:30 AM,1261.7,RHS,Rural,Tangutur,Rear End Collision,Bike hit Tractor,Bike,Minor injury,Over speed,Four lanes or more with central divider,Straight road,,Fine,AP27AH   7692,YES,Non injured ,0
05.01.2013,9:30 AM,1261.7,RHS,Rural,Tangutur,Rear End Collision,Bike hit Tractor,Bike,Minor injury,Over speed,Four lanes or more with central divider,Straight road,,Fine,AP27AH   7692,YES,Animals affected,0
05.01.2013,12:10 PM,1260.2,RHS,Rural,Tangutur,Rear End Collision,Bus  hit   Safety wall,Bus,Grievious injury,Fault of driver of motor vehicle/driver of other vehicle/cyclist/pedestrian/passenger,Four lanes or more with central divider,Straight road,,Fine,AP07TW    2228,YES,Fatal,0
05.01.2013,12:10 PM,1260.2,RHS,Rural,Tangutur,Rear End Collision,Bus  hit   Safety wall,Bus,Grievious injury,Fault of driver of motor vehicle/driver of other vehicle/cyclist/pedestrian/passenger,Four lanes or more with central divider,Straight road,,Fine,AP07TW    2228,YES,Grevious,1
05.01.2013,12:10 PM,1260.2,RHS,Rural,Tangutur,Rear End Collision,Bus  hit   Safety wall,Bus,Grievious injury,Fault of driver of motor vehicle/driver of other vehicle/cyclist/pedestrian/passenger,Four lanes or more with central divider,Straight road,,Fine,AP07TW    2228,YES,Minor,0
05.01.2013,12:10 PM,1260.2,RHS,Rural,Tangutur,Rear End Collision,Bus  hit   Safety wall,Bus,Grievious injury,Fault of driver of motor vehicle/driver of other vehicle/cyclist/pedestrian/passenger,Four lanes or more with central divider,Straight road,,Fine,AP07TW    2228,YES,Non injured ,20
05.01.2013,12:10 PM,1260.2,RHS,Rural,Tangutur,Rear End Collision,Bus  hit   Safety wall,Bus,Grievious injury,Fault of driver of motor vehicle/driver of other vehicle/cyclist/pedestrian/passenger,Four lanes or more with central divider,Straight road,,Fine,AP07TW    2228,YES,Animals affected,0
06.01.2013,5:00 AM,1292.6,RHS,Rural,Ulavapadu,Rear End Collision,Lorry hit   Unknown Vehicle,Lorry,Minor injury,Over speed,Four lanes or more with central divider,Straight road,,Fine,AP31Y     6758,YES,Fatal,0
06.01.2013,5:00 AM,1292.6,RHS,Rural,Ulavapadu,Rear End Collision,Lorry hit   Unknown Vehicle,Lorry,Minor injury,Over speed,Four lanes or more with central divider,Straight road,,Fine,AP31Y     6758,YES,Grevious,0
06.01.2013,5:00 AM,1292.6,RHS,Rural,Ulavapadu,Rear End Collision,Lorry hit   Unknown Vehicle,Lorry,Minor injury,Over speed,Four lanes or more with central divider,Straight road,,Fine,AP31Y     6758,YES,Minor,1
06.01.2013,5:00 AM,1292.6,RHS,Rural,Ulavapadu,Rear End Collision,Lorry hit   Unknown Vehicle,Lorry,Minor injury,Over speed,Four lanes or more with central divider,Straight road,,Fine,AP31Y     6758,YES,Non injured ,1