Operational date,Time of Accident,KM && M,Position,Rural/Urban,Location,Nature of Accident Position,Nature of Accident,Vehicle Involved,Type of Accident,Causes,Road Feature,Road condition,Intersection Type And Control,Weather Condition,Vehicle Responsible,Help Provided by Ambulance/Patroling Vehicle,Classification of Accident,No of Affected Persons
06.01.2013,5:00 AM,1292.6,RHS,Rural,Ulavapadu,Rear End Collision,Lorry hit   Unknown Vehicle,Lorry,Minor injury,Over speed,Four lanes or more with central divider,Straight road,,Fine,AP31Y     6758,YES,Animals affected,0
07.01.2013,3:20 AM,1357.7,LHS,Rural,Kodavaluru,Rear End Collision,Lorry hit   Unknown Vehicle,Lorry,Non injury,Over speed,Four lanes or more with central divider,Straight road,,Fine,AP37V     8104,YES,Fatal,0
07.01.2013,3:20 AM,1357.7,LHS,Rural,Kodavaluru,Rear End Collision,Lorry hit   Unknown Vehicle,Lorry,Non injury,Over speed,Four lanes or more with central divider,Straight road,,Fine,AP37V     8104,YES,Grevious,0
07.01.2013,3:20 AM,1357.7,LHS,Rural,Kodavaluru,Rear End Collision,Lorry hit   Unknown Vehicle,Lorry,Non injury,Over speed,Four lanes or more with central divider,Straight road,,Fine,AP37V     8104,YES,Minor,0
07.01.2013,3:20 AM,1357.7,LHS,Rural,Kodavaluru,Rear End Collision,Lorry hit   Unknown Vehicle,Lorry,Non injury,Over speed,Four lanes or more with central divider,Straight road,,Fine,AP37V     8104,YES,Non injured ,2
07.01.2013,3:20 AM,1357.7,LHS,Rural,Kodavaluru,Rear End Collision,Lorry hit   Unknown Vehicle,Lorry,Non injury,Over speed,Four lanes or more with central divider,Straight road,,Fine,AP37V     8104,YES,Animals affected,0
07.01.2013,12:00 PM,1202.6,RHS,Rural,Reningavaram,Rear End Collision,Car hit                bike,Car,Minor injury,Fault of driver of motor vehicle/driver of other vehicle/cyclist/pedestrian/passenger,Four lanes or more with central divider,Straight road,,Fine,AP16CE     6877,YES,Fatal,0
07.01.2013,12:00 PM,1202.6,RHS,Rural,Reningavaram,Rear End Collision,Car hit                bike,Car,Minor injury,Fault of driver of motor vehicle/driver of other vehicle/cyclist/pedestrian/passenger,Four lanes or more with central divider,Straight road,,Fine,AP16CE     6877,YES,Grevious,0
07.01.2013,12:00 PM,1202.6,RHS,Rural,Reningavaram,Rear End Collision,Car hit                bike,Car,Minor injury,Fault of driver of motor vehicle/driver of other vehicle/cyclist/pedestrian/passenger,Four lanes or more with central divider,Straight road,,Fine,AP16CE     6877,YES,Minor,2
07.01.2013,12:00 PM,1202.6,RHS,Rural,Reningavaram,Rear End Collision,Car hit                bike,Car,Minor injury,Fault of driver of motor vehicle/driver of other vehicle/cyclist/pedestrian/passenger,Four lanes or more with central divider,Straight road,,Fine,AP16CE     6877,YES,Non injured ,2
07.01.2013,12:00 PM,1202.6,RHS,Rural,Reningavaram,Rear End Collision,Car hit                bike,Car,Minor injury,Fault of driver of motor vehicle/driver of other vehicle/cyclist/pedestrian/passenger,Four lanes or more with central divider,Straight road,,Fine,AP16CE     6877,YES,Animals affected,0
08.01.2013,4:00 AM,1288.5,RHS,Rural,Ulavapadu,Rear End Collision,RTC Bus hit  Lorry,Bus,Minor injury,Over speed,Four lanes or more with central divider,Sharp curve,Four arm junction,Fine,AP29Z   0764,YES,Fatal,0
08.01.2013,4:00 AM,1288.5,RHS,Rural,Ulavapadu,Rear End Collision,RTC Bus hit  Lorry,Bus,Minor injury,Over speed,Four lanes or more with central divider,Sharp curve,Four arm junction,Fine,AP29Z   0764,YES,Grevious,0
08.01.2013,4:00 AM,1288.5,RHS,Rural,Ulavapadu,Rear End Collision,RTC Bus hit  Lorry,Bus,Minor injury,Over speed,Four lanes or more with central divider,Sharp curve,Four arm junction,Fine,AP29Z   0764,YES,Minor,2
08.01.2013,4:00 AM,1288.5,RHS,Rural,Ulavapadu,Rear End Collision,RTC Bus hit  Lorry,Bus,Minor injury,Over speed,Four lanes or more with central divider,Sharp curve,Four arm junction,Fine,AP29Z   0764,YES,Non injured ,20
08.01.2013,4:00 AM,1288.5,RHS,Rural,Ulavapadu,Rear End Collision,RTC Bus hit  Lorry,Bus,Minor injury,Over speed,Four lanes or more with central divider,Sharp curve,Four arm junction,Fine,AP29Z   0764,YES,Animals affected,0
08.01.2013,6:10 AM,1227.3,RHS,Rural,Maddipadu,Overturning,Mini Lorry    Overturned,Lorry,Grievious injury,Fault of driver of motor vehicle/driver of other vehicle/cyclist/pedestrian/passenger,Four lanes or more with central divider,Straight road,,Fine,TN21AM    1698,YES,Fatal,0
08.01.2013,6:10 AM,1227.3,RHS,Rural,Maddipadu,Overturning,Mini Lorry    Overturned,Lorry,Grievious injury,Fault of driver of motor vehicle/driver of other vehicle/cyclist/pedestrian/passenger,Four lanes or more with central divider,Straight road,,Fine,TN21AM    1698,YES,Grevious,1
08.01.2013,6:10 AM,1227.3,RHS,Rural,Maddipadu,Overturning,Mini Lorry    Overturned,Lorry,Grievious injury,Fault of driver of motor vehicle/driver of other vehicle/cyclist/pedestrian/passenger,Four lanes or more with central divider,Straight road,,Fine,TN21AM    1698,YES,Minor,1
08.01.2013,6:10 AM,1227.3,RHS,Rural,Maddipadu,Overturning,Mini Lorry    Overturned,Lorry,Grievious injury,Fault of driver of motor vehicle/driver of other vehicle/cyclist/pedestrian/passenger,Four lanes or more with central divider,Straight road,,Fine,TN21AM    1698,YES,Non injured ,0
08.01.2013,6:10 AM,1227.3,RHS,Rural,Maddipadu,Overturning,Mini Lorry    Overturned,Lorry,Grievious injury,Fault of driver of motor vehicle/driver of other vehicle/cyclist/pedestrian/passenger,Four lanes or more with central divider,Straight road,,Fine,TN21AM    1698,YES,Animals affected,0
08.01.2013,9:50 PM,1214.3,RHS,Rural,Medarametla,Collision Brush/Side Wipe,Unknown  Vehicle hit  Pedestrian,Unknown,Fatal,Over speed,Four lanes or more with central divider,Straight road,,Fine,Unknown   Vehicle,YES,Fatal,1
08.01.2013,9:50 PM,1214.3,RHS,Rural,Medarametla,Collision Brush/Side Wipe,Unknown  Vehicle hit  Pedestrian,Unknown,Fatal,Over speed,Four lanes or more with central divider,Straight road,,Fine,Unknown   Vehicle,YES,Grevious,0
08.01.2013,9:50 PM,1214.3,RHS,Rural,Medarametla,Collision Brush/Side Wipe,Unknown  Vehicle hit  Pedestrian,Unknown,Fatal,Over speed,Four lanes or more with central divider,Straight road,,Fine,Unknown   Vehicle,YES,Minor,0
08.01.2013,9:50 PM,1214.3,RHS,Rural,Medarametla,Collision Brush/Side Wipe,Unknown  Vehicle hit  Pedestrian,Unknown,Fatal,Over speed,Four lanes or more with central divider,Straight road,,Fine,Unknown   Vehicle,YES,Non injured ,0
08.01.2013,9:50 PM,1214.3,RHS,Rural,Medarametla,Collision Brush/Side Wipe,Unknown  Vehicle hit  Pedestrian,Unknown,Fatal,Over speed,Four lanes or more with central divider,Straight road,,Fine,Unknown   Vehicle,YES,Animals affected,0
09.01.2013,6:20 AM,1237.4,RHS,Rural,Maddipadu,Rear End Collision,Tipper hit Lorry,Lorry,Minor injury,Over speed,Four lanes or more with central divider,Straight road,,Fine,AP27W      2083,YES,Fatal,0
09.01.2013,6:20 AM,1237.4,RHS,Rural,Maddipadu,Rear End Collision,Tipper hit Lorry,Lorry,Minor injury,Over speed,Four lanes or more with central divider,Straight road,,Fine,AP27W      2083,YES,Grevious,0
09.01.2013,6:20 AM,1237.4,RHS,Rural,Maddipadu,Rear End Collision,Tipper hit Lorry,Lorry,Minor injury,Over speed,Four lanes or more with central divider,Straight road,,Fine,AP27W      2083,YES,Minor,2
09.01.2013,6:20 AM,1237.4,RHS,Rural,Maddipadu,Rear End Collision,Tipper hit Lorry,Lorry,Minor injury,Over speed,Four lanes or more with central divider,Straight road,,Fine,AP27W      2083,YES,Non injured ,2
09.01.2013,6:20 AM,1237.4,RHS,Rural,Maddipadu,Rear End Collision,Tipper hit Lorry,Lorry,Minor injury,Over speed,Four lanes or more with central divider,Straight road,,Fine,AP27W      2083,YES,Animals affected,0
09.01.2013,7:00 AM,1212.2,RHS,Rural,Reningavaram,Rear End Collision,Car  hit   Bike,Car,Grievious injury,Over speed,Four lanes or more with central divider,Straight road,,Fine,AP7AR    1116,YES,Fatal,0
09.01.2013,7:00 AM,1212.2,RHS,Rural,Reningavaram,Rear End Collision,Car  hit   Bike,Car,Grievious injury,Over speed,Four lanes or more with central divider,Straight road,,Fine,AP7AR    1116,YES,Grevious,1
09.01.2013,7:00 AM,1212.2,RHS,Rural,Reningavaram,Rear End Collision,Car  hit   Bike,Car,Grievious injury,Over speed,Four lanes or more with central divider,Straight road,,Fine,AP7AR    1116,YES,Minor,0
09.01.2013,7:00 AM,1212.2,RHS,Rural,Reningavaram,Rear End Collision,Car  hit   Bike,Car,Grievious injury,Over speed,Four lanes or more with central divider,Straight road,,Fine,AP7AR    1116,YES,Non injured ,0
09.01.2013,7:00 AM,1212.2,RHS,Rural,Reningavaram,Rear End Collision,Car  hit   Bike,Car,Grievious injury,Over speed,Four lanes or more with central divider,Straight road,,Fine,AP7AR    1116,YES,Animals affected,0
09.01.2013,6:15 PM,1351.8,RHS,Rural,Kodavaluru,Collision Brush/Side Wipe,Lorry hit Culvert Wall,Lorry,Non injury,Over speed,Four lanes or more with central divider,Straight road,,Fine,AP16TV   5608,YES,Fatal,0
09.01.2013,6:15 PM,1351.8,RHS,Rural,Kodavaluru,Collision Brush/Side Wipe,Lorry hit Culvert Wall,Lorry,Non injury,Over speed,Four lanes or more with central divider,Straight road,,Fine,AP16TV   5608,YES,Grevious,0
09.01.2013,6:15 PM,1351.8,RHS,Rural,Kodavaluru,Collision Brush/Side Wipe,Lorry hit Culvert Wall,Lorry,Non injury,Over speed,Four lanes or more with central divider,Straight road,,Fine,AP16TV   5608,YES,Minor,0
09.01.2013,6:15 PM,1351.8,RHS,Rural,Kodavaluru,Collision Brush/Side Wipe,Lorry hit Culvert Wall,Lorry,Non injury,Over speed,Four lanes or more with central divider,Straight road,,Fine,AP16TV   5608,YES,Non injured ,2
09.01.2013,6:15 PM,1351.8,RHS,Rural,Kodavaluru,Collision Brush/Side Wipe,Lorry hit Culvert Wall,Lorry,Non injury,Over speed,Four lanes or more with central divider,Straight road,,Fine,AP16TV   5608,YES,Animals affected,0
09.01.2013,7:15 PM,1258.7,LHS,Rural,Tangutur,Skidding, Bike Skidding,Bike,Minor injury,Druken,Four lanes or more with central divider,Straight road,,Fine,AP27AG   1865,YES,Fatal,0
09.01.2013,7:15 PM,1258.7,LHS,Rural,Tangutur,Skidding, Bike Skidding,Bike,Minor injury,Druken,Four lanes or more with central divider,Straight road,,Fine,AP27AG   1865,YES,Grevious,0
09.01.2013,7:15 PM,1258.7,LHS,Rural,Tangutur,Skidding, Bike Skidding,Bike,Minor injury,Druken,Four lanes or more with central divider,Straight road,,Fine,AP27AG   1865,YES,Minor,1
09.01.2013,7:15 PM,1258.7,LHS,Rural,Tangutur,Skidding, Bike Skidding,Bike,Minor injury,Druken,Four lanes or more with central divider,Straight road,,Fine,AP27AG   1865,YES,Non injured ,0
09.01.2013,7:15 PM,1258.7,LHS,Rural,Tangutur,Skidding, Bike Skidding,Bike,Minor injury,Druken,Four lanes or more with central divider,Straight road,,Fine,AP27AG   1865,YES,Animals affected,0
11.01.2013,1:52 AM,1312.7,RHS,Rural,Kavali,Rear End Collision,Lorry Hit  Unknown Vehicle ,Lorry,Non injury,Fault of driver of motor vehicle/driver of other vehicle/cyclist/pedestrian/passenger,Four lanes or more with central divider,Straight road,,Fine,AP29TA      8689,YES,Fatal,0
11.01.2013,1:52 AM,1312.7,RHS,Rural,Kavali,Rear End Collision,Lorry Hit  Unknown Vehicle ,Lorry,Non injury,Fault of driver of motor vehicle/driver of other vehicle/cyclist/pedestrian/passenger,Four lanes or more with central divider,Straight road,,Fine,AP29TA      8689,YES,Grevious,0
11.01.2013,1:52 AM,1312.7,RHS,Rural,Kavali,Rear End Collision,Lorry Hit  Unknown Vehicle ,Lorry,Non injury,Fault of driver of motor vehicle/driver of other vehicle/cyclist/pedestrian/passenger,Four lanes or more with central divider,Straight road,,Fine,AP29TA      8689,YES,Minor,0
11.01.2013,1:52 AM,1312.7,RHS,Rural,Kavali,Rear End Collision,Lorry Hit  Unknown Vehicle ,Lorry,Non injury,Fault of driver of motor vehicle/driver of other vehicle/cyclist/pedestrian/passenger,Four lanes or more with central divider,Straight road,,Fine,AP29TA      8689,YES,Non injured ,2
11.01.2013,1:52 AM,1312.7,RHS,Rural,Kavali,Rear End Collision,Lorry Hit  Unknown Vehicle ,Lorry,Non injury,Fault of driver of motor vehicle/driver of other vehicle/cyclist/pedestrian/passenger,Four lanes or more with central divider,Straight road,,Fine,AP29TA      8689,YES,Animals affected,0
11.01.2013,7:20 AM,1321.3,LHS,Rural,Kavali,Overturning,Lorry  Over turned,Lorry,Non injury,Vehicle out of control,Four lanes or more with central divider,Sharp curve,,Fine,TN23AM  2795,YES,Fatal,0
11.01.2013,7:20 AM,1321.3,LHS,Rural,Kavali,Overturning,Lorry  Over turned,Lorry,Non injury,Vehicle out of control,Four lanes or more with central divider,Sharp curve,,Fine,TN23AM  2795,YES,Grevious,0
11.01.2013,7:20 AM,1321.3,LHS,Rural,Kavali,Overturning,Lorry  Over turned,Lorry,Non injury,Vehicle out of control,Four lanes or more with central divider,Sharp curve,,Fine,TN23AM  2795,YES,Minor,0
11.01.2013,7:20 AM,1321.3,LHS,Rural,Kavali,Overturning,Lorry  Over turned,Lorry,Non injury,Vehicle out of control,Four lanes or more with central divider,Sharp curve,,Fine,TN23AM  2795,YES,Non injured ,2
11.01.2013,7:20 AM,1321.3,LHS,Rural,Kavali,Overturning,Lorry  Over turned,Lorry,Non injury,Vehicle out of control,Four lanes or more with central divider,Sharp curve,,Fine,TN23AM  2795,YES,Animals affected,0
11.01.2013,11:00 AM,1202.2,RHS,Rural,Reningavaram,Rear End Collision,Lorry Hit Lorry,Lorry,Minor injury,Over speed,Four lanes or more with central divider,Slight curve,,Fine,AP36Y   4858,YES,Fatal,0
11.01.2013,11:00 AM,1202.2,RHS,Rural,Reningavaram,Rear End Collision,Lorry Hit Lorry,Lorry,Minor injury,Over speed,Four lanes or more with central divider,Slight curve,,Fine,AP36Y   4858,YES,Grevious,0
11.01.2013,11:00 AM,1202.2,RHS,Rural,Reningavaram,Rear End Collision,Lorry Hit Lorry,Lorry,Minor injury,Over speed,Four lanes or more with central divider,Slight curve,,Fine,AP36Y   4858,YES,Minor,0
11.01.2013,11:00 AM,1202.2,RHS,Rural,Reningavaram,Rear End Collision,Lorry Hit Lorry,Lorry,Minor injury,Over speed,Four lanes or more with central divider,Slight curve,,Fine,AP36Y   4858,YES,Non injured ,4
11.01.2013,11:00 AM,1202.2,RHS,Rural,Reningavaram,Rear End Collision,Lorry Hit Lorry,Lorry,Minor injury,Over speed,Four lanes or more with central divider,Slight curve,,Fine,AP36Y   4858,YES,Animals affected,0
12.01.2013,2:20 AM,1361.5,RHS,Rural,Kodavaluru,Rear End Collision,Car hit         Unknown Vehicle,Car,Minor injury,Over speed,Four lanes or more with central divider,Slight curve,,Fine,KA02MD   7968,YES,Fatal,0
12.01.2013,2:20 AM,1361.5,RHS,Rural,Kodavaluru,Rear End Collision,Car hit         Unknown Vehicle,Car,Minor injury,Over speed,Four lanes or more with central divider,Slight curve,,Fine,KA02MD   7968,YES,Grevious,0
12.01.2013,2:20 AM,1361.5,RHS,Rural,Kodavaluru,Rear End Collision,Car hit         Unknown Vehicle,Car,Minor injury,Over speed,Four lanes or more with central divider,Slight curve,,Fine,KA02MD   7968,YES,Minor,2
12.01.2013,2:20 AM,1361.5,RHS,Rural,Kodavaluru,Rear End Collision,Car hit         Unknown Vehicle,Car,Minor injury,Over speed,Four lanes or more with central divider,Slight curve,,Fine,KA02MD   7968,YES,Non injured ,2
12.01.2013,2:20 AM,1361.5,RHS,Rural,Kodavaluru,Rear End Collision,Car hit         Unknown Vehicle,Car,Minor injury,Over speed,Four lanes or more with central divider,Slight curve,,Fine,KA02MD   7968,YES,Animals affected,0
12.01.2013,1:45 PM,1318.3,LHS,Rural,Kavali,Collision Brush/Side Wipe,Car hit    Culvert wall,Car,Fatal,Over speed,Four lanes or more with central divider,Sharp curve,,Fine,AP29R      7878,YES,Fatal,1
12.01.2013,1:45 PM,1318.3,LHS,Rural,Kavali,Collision Brush/Side Wipe,Car hit    Culvert wall,Car,Fatal,Over speed,Four lanes or more with central divider,Sharp curve,,Fine,AP29R      7878,YES,Grevious,1
12.01.2013,1:45 PM,1318.3,LHS,Rural,Kavali,Collision Brush/Side Wipe,Car hit    Culvert wall,Car,Fatal,Over speed,Four lanes or more with central divider,Sharp curve,,Fine,AP29R      7878,YES,Minor,2
12.01.2013,1:45 PM,1318.3,LHS,Rural,Kavali,Collision Brush/Side Wipe,Car hit    Culvert wall,Car,Fatal,Over speed,Four lanes or more with central divider,Sharp curve,,Fine,AP29R      7878,YES,Non injured ,1
12.01.2013,1:45 PM,1318.3,LHS,Rural,Kavali,Collision Brush/Side Wipe,Car hit    Culvert wall,Car,Fatal,Over speed,Four lanes or more with central divider,Sharp curve,,Fine,AP29R      7878,YES,Animals affected,0
12.01.2013,10:45 PM,1326.9,LHS,Rural,Kavali,Overturning,Car        Overturned                ,Car,Grievious injury,Over speed,Four lanes or more with central divider,Straight road,,Fine,AP09BQ       9559 ,YES,Fatal,0
12.01.2013,10:45 PM,1326.9,LHS,Rural,Kavali,Overturning,Car        Overturned                ,Car,Grievious injury,Over speed,Four lanes or more with central divider,Straight road,,Fine,AP09BQ       9559 ,YES,Grevious,3
12.01.2013,10:45 PM,1326.9,LHS,Rural,Kavali,Overturning,Car        Overturned                ,Car,Grievious injury,Over speed,Four lanes or more with central divider,Straight road,,Fine,AP09BQ       9559 ,YES,Minor,3
12.01.2013,10:45 PM,1326.9,LHS,Rural,Kavali,Overturning,Car        Overturned                ,Car,Grievious injury,Over speed,Four lanes or more with central divider,Straight road,,Fine,AP09BQ       9559 ,YES,Non injured ,2
12.01.2013,10:45 PM,1326.9,LHS,Rural,Kavali,Overturning,Car        Overturned                ,Car,Grievious injury,Over speed,Four lanes or more with central divider,Straight road,,Fine,AP09BQ       9559 ,YES,Animals affected,0
13.01.2013,2:15 AM,1212.7,RHS,Rural,Reningavaram,Collision Brush/Side Wipe,Car hit     Median,Car,Non injury,Fault of driver of motor vehicle/driver of other vehicle/cyclist/pedestrian/passenger,Four lanes or more with central divider,Straight road,,Mist/Fog,AP27Q      7796,YES,Fatal,0
13.01.2013,2:15 AM,1212.7,RHS,Rural,Reningavaram,Collision Brush/Side Wipe,Car hit     Median,Car,Non injury,Fault of driver of motor vehicle/driver of other vehicle/cyclist/pedestrian/passenger,Four lanes or more with central divider,Straight road,,Mist/Fog,AP27Q      7796,YES,Grevious,0
13.01.2013,2:15 AM,1212.7,RHS,Rural,Reningavaram,Collision Brush/Side Wipe,Car hit     Median,Car,Non injury,Fault of driver of motor vehicle/driver of other vehicle/cyclist/pedestrian/passenger,Four lanes or more with central divider,Straight road,,Mist/Fog,AP27Q      7796,YES,Minor,0
13.01.2013,2:15 AM,1212.7,RHS,Rural,Reningavaram,Collision Brush/Side Wipe,Car hit     Median,Car,Non injury,Fault of driver of motor vehicle/driver of other vehicle/cyclist/pedestrian/passenger,Four lanes or more with central divider,Straight road,,Mist/Fog,AP27Q      7796,YES,Non injured ,2
13.01.2013,2:15 AM,1212.7,RHS,Rural,Reningavaram,Collision Brush/Side Wipe,Car hit     Median,Car,Non injury,Fault of driver of motor vehicle/driver of other vehicle/cyclist/pedestrian/passenger,Four lanes or more with central divider,Straight road,,Mist/Fog,AP27Q      7796,YES,Animals affected,0
13.01.2013,6:55 AM,1265.6,RHS,Rural,Tangutur,Collision Brush/Side Wipe,Car hit Bike,Car,Grievious injury,Over speed,Four lanes or more with central divider,Straight road,,Mist/Fog,KA13M    7995,YES,Fatal,0
13.01.2013,6:55 AM,1265.6,RHS,Rural,Tangutur,Collision Brush/Side Wipe,Car hit Bike,Car,Grievious injury,Over speed,Four lanes or more with central divider,Straight road,,Mist/Fog,KA13M    7995,YES,Grevious,1
13.01.2013,6:55 AM,1265.6,RHS,Rural,Tangutur,Collision Brush/Side Wipe,Car hit Bike,Car,Grievious injury,Over speed,Four lanes or more with central divider,Straight road,,Mist/Fog,KA13M    7995,YES,Minor,0
13.01.2013,6:55 AM,1265.6,RHS,Rural,Tangutur,Collision Brush/Side Wipe,Car hit Bike,Car,Grievious injury,Over speed,Four lanes or more with central divider,Straight road,,Mist/Fog,KA13M    7995,YES,Non injured ,0
13.01.2013,6:55 AM,1265.6,RHS,Rural,Tangutur,Collision Brush/Side Wipe,Car hit Bike,Car,Grievious injury,Over speed,Four lanes or more with central divider,Straight road,,Mist/Fog,KA13M    7995,YES,Animals affected,0
13.01.2013,2:40 PM,1211.8,RHS,Rural,Reningavaram,Collision Brush/Side Wipe,Car hit Median,Car,Non injury,Over speed,Four lanes or more with central divider,Straight road,,Fine,PY01B       7075,YES,Fatal,0
13.01.2013,2:40 PM,1211.8,RHS,Rural,Reningavaram,Collision Brush/Side Wipe,Car hit Median,Car,Non injury,Over speed,Four lanes or more with central divider,Straight road,,Fine,PY01B       7075,YES,Grevious,0
13.01.2013,2:40 PM,1211.8,RHS,Rural,Reningavaram,Collision Brush/Side Wipe,Car hit Median,Car,Non injury,Over speed,Four lanes or more with central divider,Straight road,,Fine,PY01B       7075,YES,Minor,0
13.01.2013,2:40 PM,1211.8,RHS,Rural,Reningavaram,Collision Brush/Side Wipe,Car hit Median,Car,Non injury,Over speed,Four lanes or more with central divider,Straight road,,Fine,PY01B       7075,YES,Non injured ,4
13.01.2013,2:40 PM,1211.8,RHS,Rural,Reningavaram,Collision Brush/Side Wipe,Car hit Median,Car,Non injury,Over speed,Four lanes or more with central divider,Straight road,,Fine,PY01B       7075,YES,Animals affected,0
13.01.2013,5:32 PM,1355.6,RHS,Rural,Kodavaluru,Rear End Collision,Bike  hit Unknown Vehicle,Bike,Grievious injury,Over speed,Four lanes or more with central divider,Straight road,,Fine,AP26AL    8864,YES,Fatal,0
13.01.2013,5:32 PM,1355.6,RHS,Rural,Kodavaluru,Rear End Collision,Bike  hit Unknown Vehicle,Bike,Grievious injury,Over speed,Four lanes or more with central divider,Straight road,,Fine,AP26AL    8864,YES,Grevious,1
13.01.2013,5:32 PM,1355.6,RHS,Rural,Kodavaluru,Rear End Collision,Bike  hit Unknown Vehicle,Bike,Grievious injury,Over speed,Four lanes or more with central divider,Straight road,,Fine,AP26AL    8864,YES,Minor,2
13.01.2013,5:32 PM,1355.6,RHS,Rural,Kodavaluru,Rear End Collision,Bike  hit Unknown Vehicle,Bike,Grievious injury,Over speed,Four lanes or more with central divider,Straight road,,Fine,AP26AL    8864,YES,Non injured ,0
13.01.2013,5:32 PM,1355.6,RHS,Rural,Kodavaluru,Rear End Collision,Bike  hit Unknown Vehicle,Bike,Grievious injury,Over speed,Four lanes or more with central divider,Straight road,,Fine,AP26AL    8864,YES,Animals affected,0
13.01.2013,8:00 PM,1225.1,RHS,Rural,Maddipadu,Rear End Collision,Mini Lorry  hit  Unknown Vehicle,Lorry,Grievious injury,Over speed,Four lanes or more with central divider,Straight road,,Fine,TN02AK   6895,YES,Fatal,0
13.01.2013,8:00 PM,1225.1,RHS,Rural,Maddipadu,Rear End Collision,Mini Lorry  hit  Unknown Vehicle,Lorry,Grievious injury,Over speed,Four lanes or more with central divider,Straight road,,Fine,TN02AK   6895,YES,Grevious,1
13.01.2013,8:00 PM,1225.1,RHS,Rural,Maddipadu,Rear End Collision,Mini Lorry  hit  Unknown Vehicle,Lorry,Grievious injury,Over speed,Four lanes or more with central divider,Straight road,,Fine,TN02AK   6895,YES,Minor,0
13.01.2013,8:00 PM,1225.1,RHS,Rural,Maddipadu,Rear End Collision,Mini Lorry  hit  Unknown Vehicle,Lorry,Grievious injury,Over speed,Four lanes or more with central divider,Straight road,,Fine,TN02AK   6895,YES,Non injured ,1
13.01.2013,8:00 PM,1225.1,RHS,Rural,Maddipadu,Rear End Collision,Mini Lorry  hit  Unknown Vehicle,Lorry,Grievious injury,Over speed,Four lanes or more with central divider,Straight road,,Fine,TN02AK   6895,YES,Animals affected,0
14.01.2013,5:00 AM,1362.5,RHS,Rural,Kodavaluru,Collision Brush/Side Wipe,Mini Lorry  hit Culvert wall,Lorry,Minor injury,Over speed,Four lanes or more with central divider,Slight curve,,Fine,AP27TB      5308,YES,Fatal,0
14.01.2013,5:00 AM,1362.5,RHS,Rural,Kodavaluru,Collision Brush/Side Wipe,Mini Lorry  hit Culvert wall,Lorry,Minor injury,Over speed,Four lanes or more with central divider,Slight curve,,Fine,AP27TB      5308,YES,Grevious,0
14.01.2013,5:00 AM,1362.5,RHS,Rural,Kodavaluru,Collision Brush/Side Wipe,Mini Lorry  hit Culvert wall,Lorry,Minor injury,Over speed,Four lanes or more with central divider,Slight curve,,Fine,AP27TB      5308,YES,Minor,1
14.01.2013,5:00 AM,1362.5,RHS,Rural,Kodavaluru,Collision Brush/Side Wipe,Mini Lorry  hit Culvert wall,Lorry,Minor injury,Over speed,Four lanes or more with central divider,Slight curve,,Fine,AP27TB      5308,YES,Non injured ,1
14.01.2013,5:00 AM,1362.5,RHS,Rural,Kodavaluru,Collision Brush/Side Wipe,Mini Lorry  hit Culvert wall,Lorry,Minor injury,Over speed,Four lanes or more with central divider,Slight curve,,Fine,AP27TB      5308,YES,Animals affected,0
14.01.2013,5:30 AM,1266.6,RHS,Rural,Tangutur,Rear End Collision,Lorry hit Safety wall,Lorry,Non injury,Over speed,Four lanes or more with central divider,Straight road,,Fine,AMH04FJ    9438        ,YES,Fatal,0
14.01.2013,5:30 AM,1266.6,RHS,Rural,Tangutur,Rear End Collision,Lorry hit Safety wall,Lorry,Non injury,Over speed,Four lanes or more with central divider,Straight road,,Fine,AMH04FJ    9438        ,YES,Grevious,0
14.01.2013,5:30 AM,1266.6,RHS,Rural,Tangutur,Rear End Collision,Lorry hit Safety wall,Lorry,Non injury,Over speed,Four lanes or more with central divider,Straight road,,Fine,AMH04FJ    9438        ,YES,Minor,0
14.01.2013,5:30 AM,1266.6,RHS,Rural,Tangutur,Rear End Collision,Lorry hit Safety wall,Lorry,Non injury,Over speed,Four lanes or more with central divider,Straight road,,Fine,AMH04FJ    9438        ,YES,Non injured ,2
14.01.2013,5:30 AM,1266.6,RHS,Rural,Tangutur,Rear End Collision,Lorry hit Safety wall,Lorry,Non injury,Over speed,Four lanes or more with central divider,Straight road,,Fine,AMH04FJ    9438        ,YES,Animals affected,0
15.01.2013,2:40 AM,1186,LHS,Rural,Martur,Rear End Collision,RTC Bus hit  Trolley,Bus,Grievious injury,Over speed,Four lanes or more with central divider,Straight road,,Fine,AP29Z    665,YES,Fatal,0
15.01.2013,2:40 AM,1186,LHS,Rural,Martur,Rear End Collision,RTC Bus hit  Trolley,Bus,Grievious injury,Over speed,Four lanes or more with central divider,Straight road,,Fine,AP29Z    665,YES,Grevious,2
15.01.2013,2:40 AM,1186,LHS,Rural,Martur,Rear End Collision,RTC Bus hit  Trolley,Bus,Grievious injury,Over speed,Four lanes or more with central divider,Straight road,,Fine,AP29Z    665,YES,Minor,5
15.01.2013,2:40 AM,1186,LHS,Rural,Martur,Rear End Collision,RTC Bus hit  Trolley,Bus,Grievious injury,Over speed,Four lanes or more with central divider,Straight road,,Fine,AP29Z    665,YES,Non injured ,20
15.01.2013,2:40 AM,1186,LHS,Rural,Martur,Rear End Collision,RTC Bus hit  Trolley,Bus,Grievious injury,Over speed,Four lanes or more with central divider,Straight road,,Fine,AP29Z    665,YES,Animals affected,0
16.01.2013,6:10 AM,1226.8,RHS,Rural,Medarametla,Overturning, Lorry Over Turned,Lorry,Minor injury,Over speed,Four lanes or more with central divider,Straight road,,Fine,TN18H  6646,YES,Fatal,0