Operational date,Time of Accident,KM && M,Position,Rural/Urban,Location,Nature of Accident Position,Nature of Accident,Vehicle Involved,Type of Accident,Causes,Road Feature,Road condition,Intersection Type And Control,Weather Condition,Vehicle Responsible,Help Provided by Ambulance/Patroling Vehicle,Classification of Accident,No of Affected Persons
16.01.2013,6:10 AM,1226.8,RHS,Rural,Medarametla,Overturning, Lorry Over Turned,Lorry,Minor injury,Over speed,Four lanes or more with central divider,Straight road,,Fine,TN18H  6646,YES,Grevious,0
16.01.2013,6:10 AM,1226.8,RHS,Rural,Medarametla,Overturning, Lorry Over Turned,Lorry,Minor injury,Over speed,Four lanes or more with central divider,Straight road,,Fine,TN18H  6646,YES,Minor,1
16.01.2013,6:10 AM,1226.8,RHS,Rural,Medarametla,Overturning, Lorry Over Turned,Lorry,Minor injury,Over speed,Four lanes or more with central divider,Straight road,,Fine,TN18H  6646,YES,Non injured ,1
16.01.2013,6:10 AM,1226.8,RHS,Rural,Medarametla,Overturning, Lorry Over Turned,Lorry,Minor injury,Over speed,Four lanes or more with central divider,Straight road,,Fine,TN18H  6646,YES,Animals affected,0
16.01.2013,4:20 PM,1259.6,LHS,Rural,Tangutur,Rear End Collision, Tanker lorry hit Omini  Van,Tanker,Non injury,Over speed,Four lanes or more with central divider,Straight road,,Fine,AP27V 5996,YES,Fatal,0
16.01.2013,4:20 PM,1259.6,LHS,Rural,Tangutur,Rear End Collision, Tanker lorry hit Omini  Van,Tanker,Non injury,Over speed,Four lanes or more with central divider,Straight road,,Fine,AP27V 5996,YES,Grevious,0
16.01.2013,4:20 PM,1259.6,LHS,Rural,Tangutur,Rear End Collision, Tanker lorry hit Omini  Van,Tanker,Non injury,Over speed,Four lanes or more with central divider,Straight road,,Fine,AP27V 5996,YES,Minor,0
16.01.2013,4:20 PM,1259.6,LHS,Rural,Tangutur,Rear End Collision, Tanker lorry hit Omini  Van,Tanker,Non injury,Over speed,Four lanes or more with central divider,Straight road,,Fine,AP27V 5996,YES,Non injured ,8
16.01.2013,4:20 PM,1259.6,LHS,Rural,Tangutur,Rear End Collision, Tanker lorry hit Omini  Van,Tanker,Non injury,Over speed,Four lanes or more with central divider,Straight road,,Fine,AP27V 5996,YES,Animals affected,0
17.01.2013,12:33 AM,1295.8,LHS,Rural,Ulavapadu,Collision Brush/Side Wipe, Unknown Vehicle hit Pedestrian,Unknown,Fatal,Over speed,Four lanes or more with central divider,Straight road,,Fine,Unknown   Vehicle,YES,Fatal,1
17.01.2013,12:33 AM,1295.8,LHS,Rural,Ulavapadu,Collision Brush/Side Wipe, Unknown Vehicle hit Pedestrian,Unknown,Fatal,Over speed,Four lanes or more with central divider,Straight road,,Fine,Unknown   Vehicle,YES,Grevious,0
17.01.2013,12:33 AM,1295.8,LHS,Rural,Ulavapadu,Collision Brush/Side Wipe, Unknown Vehicle hit Pedestrian,Unknown,Fatal,Over speed,Four lanes or more with central divider,Straight road,,Fine,Unknown   Vehicle,YES,Minor,0
17.01.2013,12:33 AM,1295.8,LHS,Rural,Ulavapadu,Collision Brush/Side Wipe, Unknown Vehicle hit Pedestrian,Unknown,Fatal,Over speed,Four lanes or more with central divider,Straight road,,Fine,Unknown   Vehicle,YES,Non injured ,0
17.01.2013,12:33 AM,1295.8,LHS,Rural,Ulavapadu,Collision Brush/Side Wipe, Unknown Vehicle hit Pedestrian,Unknown,Fatal,Over speed,Four lanes or more with central divider,Straight road,,Fine,Unknown   Vehicle,YES,Animals affected,0
17.01.2013,3:21 AM,1274.1,RHS,Rural,Singarayakonda,Collision Brush/Side Wipe,Container  Vehicle hit Safety wall,Container,Non injury,Fault of driver of motor vehicle/driver of other vehicle/cyclist/pedestrian/passenger,Four lanes or more with central divider,Straight road,,Fine,TN04AH    4880,YES,Fatal,0
17.01.2013,3:21 AM,1274.1,RHS,Rural,Singarayakonda,Collision Brush/Side Wipe,Container  Vehicle hit Safety wall,Container,Non injury,Fault of driver of motor vehicle/driver of other vehicle/cyclist/pedestrian/passenger,Four lanes or more with central divider,Straight road,,Fine,TN04AH    4880,YES,Grevious,0
17.01.2013,3:21 AM,1274.1,RHS,Rural,Singarayakonda,Collision Brush/Side Wipe,Container  Vehicle hit Safety wall,Container,Non injury,Fault of driver of motor vehicle/driver of other vehicle/cyclist/pedestrian/passenger,Four lanes or more with central divider,Straight road,,Fine,TN04AH    4880,YES,Minor,0
17.01.2013,3:21 AM,1274.1,RHS,Rural,Singarayakonda,Collision Brush/Side Wipe,Container  Vehicle hit Safety wall,Container,Non injury,Fault of driver of motor vehicle/driver of other vehicle/cyclist/pedestrian/passenger,Four lanes or more with central divider,Straight road,,Fine,TN04AH    4880,YES,Non injured ,2
17.01.2013,3:21 AM,1274.1,RHS,Rural,Singarayakonda,Collision Brush/Side Wipe,Container  Vehicle hit Safety wall,Container,Non injury,Fault of driver of motor vehicle/driver of other vehicle/cyclist/pedestrian/passenger,Four lanes or more with central divider,Straight road,,Fine,TN04AH    4880,YES,Animals affected,0
 18.01.2013,1:28 PM,1277,RHS,Rural,Singarayakonda,Overturning,Tipper Over Turned,Lorry,Minor injury,Vehicle out of control,Four lanes or more with central divider,Straight road,,Fine,AP26TB     1807,YES,Fatal,0
 18.01.2013,1:28 PM,1277,RHS,Rural,Singarayakonda,Overturning,Tipper Over Turned,Lorry,Minor injury,Vehicle out of control,Four lanes or more with central divider,Straight road,,Fine,AP26TB     1807,YES,Grevious,0
 18.01.2013,1:28 PM,1277,RHS,Rural,Singarayakonda,Overturning,Tipper Over Turned,Lorry,Minor injury,Vehicle out of control,Four lanes or more with central divider,Straight road,,Fine,AP26TB     1807,YES,Minor,1
 18.01.2013,1:28 PM,1277,RHS,Rural,Singarayakonda,Overturning,Tipper Over Turned,Lorry,Minor injury,Vehicle out of control,Four lanes or more with central divider,Straight road,,Fine,AP26TB     1807,YES,Non injured ,0
 18.01.2013,1:28 PM,1277,RHS,Rural,Singarayakonda,Overturning,Tipper Over Turned,Lorry,Minor injury,Vehicle out of control,Four lanes or more with central divider,Straight road,,Fine,AP26TB     1807,YES,Animals affected,0
19.01.2013,6:00 AM,1247.9,RHS,Urban,Ongole,Rear End Collision, Bus hit Unknown Vehicle,Bus,Grievious injury,Over speed,Four lanes or more with central divider,Straight road,Four arm junction,Fine,AP03V  8181,YES,Fatal,0
19.01.2013,6:00 AM,1247.9,RHS,Urban,Ongole,Rear End Collision, Bus hit Unknown Vehicle,Bus,Grievious injury,Over speed,Four lanes or more with central divider,Straight road,Four arm junction,Fine,AP03V  8181,YES,Grevious,1
19.01.2013,6:00 AM,1247.9,RHS,Urban,Ongole,Rear End Collision, Bus hit Unknown Vehicle,Bus,Grievious injury,Over speed,Four lanes or more with central divider,Straight road,Four arm junction,Fine,AP03V  8181,YES,Minor,0
19.01.2013,6:00 AM,1247.9,RHS,Urban,Ongole,Rear End Collision, Bus hit Unknown Vehicle,Bus,Grievious injury,Over speed,Four lanes or more with central divider,Straight road,Four arm junction,Fine,AP03V  8181,YES,Non injured ,30
19.01.2013,6:00 AM,1247.9,RHS,Urban,Ongole,Rear End Collision, Bus hit Unknown Vehicle,Bus,Grievious injury,Over speed,Four lanes or more with central divider,Straight road,Four arm junction,Fine,AP03V  8181,YES,Animals affected,0
20.01.2013,3:51 AM,1256.6,LHS,Rural,Tangutur,Rear End Collision, Lorry hit Lorry,Lorry,Grievious injury,Fault of driver of motor vehicle/driver of other vehicle/cyclist/pedestrian/passenger,Four lanes or more with central divider,Slight curve,,Fine,AP27TU 3518,YES,Fatal,0
20.01.2013,3:51 AM,1256.6,LHS,Rural,Tangutur,Rear End Collision, Lorry hit Lorry,Lorry,Grievious injury,Fault of driver of motor vehicle/driver of other vehicle/cyclist/pedestrian/passenger,Four lanes or more with central divider,Slight curve,,Fine,AP27TU 3518,YES,Grevious,1
20.01.2013,3:51 AM,1256.6,LHS,Rural,Tangutur,Rear End Collision, Lorry hit Lorry,Lorry,Grievious injury,Fault of driver of motor vehicle/driver of other vehicle/cyclist/pedestrian/passenger,Four lanes or more with central divider,Slight curve,,Fine,AP27TU 3518,YES,Minor,0
20.01.2013,3:51 AM,1256.6,LHS,Rural,Tangutur,Rear End Collision, Lorry hit Lorry,Lorry,Grievious injury,Fault of driver of motor vehicle/driver of other vehicle/cyclist/pedestrian/passenger,Four lanes or more with central divider,Slight curve,,Fine,AP27TU 3518,YES,Non injured ,1
20.01.2013,3:51 AM,1256.6,LHS,Rural,Tangutur,Rear End Collision, Lorry hit Lorry,Lorry,Grievious injury,Fault of driver of motor vehicle/driver of other vehicle/cyclist/pedestrian/passenger,Four lanes or more with central divider,Slight curve,,Fine,AP27TU 3518,YES,Animals affected,0
20.01.2013,5:04 PM,1273,LHS,Rural,Singarayakonda,Head on collision,Car hit   Car,Car,Non injury,Fault of driver of motor vehicle/driver of other vehicle/cyclist/pedestrian/passenger,Four lanes or more with central divider,Straight road,,Fine,AP27W     9886,YES,Fatal,0
20.01.2013,5:04 PM,1273,LHS,Rural,Singarayakonda,Head on collision,Car hit   Car,Car,Non injury,Fault of driver of motor vehicle/driver of other vehicle/cyclist/pedestrian/passenger,Four lanes or more with central divider,Straight road,,Fine,AP27W     9886,YES,Grevious,0
20.01.2013,5:04 PM,1273,LHS,Rural,Singarayakonda,Head on collision,Car hit   Car,Car,Non injury,Fault of driver of motor vehicle/driver of other vehicle/cyclist/pedestrian/passenger,Four lanes or more with central divider,Straight road,,Fine,AP27W     9886,YES,Minor,0
20.01.2013,5:04 PM,1273,LHS,Rural,Singarayakonda,Head on collision,Car hit   Car,Car,Non injury,Fault of driver of motor vehicle/driver of other vehicle/cyclist/pedestrian/passenger,Four lanes or more with central divider,Straight road,,Fine,AP27W     9886,YES,Non injured ,7
20.01.2013,5:04 PM,1273,LHS,Rural,Singarayakonda,Head on collision,Car hit   Car,Car,Non injury,Fault of driver of motor vehicle/driver of other vehicle/cyclist/pedestrian/passenger,Four lanes or more with central divider,Straight road,,Fine,AP27W     9886,YES,Animals affected,0
20.01.2013,11:10 PM,1273.1,LHS,Rural,Singarayakonda,Head on collision,Lorry hit Lorry,Lorry,Minor injury,Fault of driver of motor vehicle/driver of other vehicle/cyclist/pedestrian/passenger,Four lanes or more with central divider,Straight road,,Fine,AP26TC    9738,YES,Fatal,0
20.01.2013,11:10 PM,1273.1,LHS,Rural,Singarayakonda,Head on collision,Lorry hit Lorry,Lorry,Minor injury,Fault of driver of motor vehicle/driver of other vehicle/cyclist/pedestrian/passenger,Four lanes or more with central divider,Straight road,,Fine,AP26TC    9738,YES,Grevious,0
20.01.2013,11:10 PM,1273.1,LHS,Rural,Singarayakonda,Head on collision,Lorry hit Lorry,Lorry,Minor injury,Fault of driver of motor vehicle/driver of other vehicle/cyclist/pedestrian/passenger,Four lanes or more with central divider,Straight road,,Fine,AP26TC    9738,YES,Minor,2
20.01.2013,11:10 PM,1273.1,LHS,Rural,Singarayakonda,Head on collision,Lorry hit Lorry,Lorry,Minor injury,Fault of driver of motor vehicle/driver of other vehicle/cyclist/pedestrian/passenger,Four lanes or more with central divider,Straight road,,Fine,AP26TC    9738,YES,Non injured ,4
20.01.2013,11:10 PM,1273.1,LHS,Rural,Singarayakonda,Head on collision,Lorry hit Lorry,Lorry,Minor injury,Fault of driver of motor vehicle/driver of other vehicle/cyclist/pedestrian/passenger,Four lanes or more with central divider,Straight road,,Fine,AP26TC    9738,YES,Animals affected,0
21.01.2013,11:00 AM,1241.2,LHS,Rural,Ongole,Rear End Collision,Lorry hit Car,Lorry,Non injury,Over speed,Four lanes or more with central divider,Straight road,,Fine,AP27X    1566,YES,Fatal,0
21.01.2013,11:00 AM,1241.2,LHS,Rural,Ongole,Rear End Collision,Lorry hit Car,Lorry,Non injury,Over speed,Four lanes or more with central divider,Straight road,,Fine,AP27X    1566,YES,Grevious,0
21.01.2013,11:00 AM,1241.2,LHS,Rural,Ongole,Rear End Collision,Lorry hit Car,Lorry,Non injury,Over speed,Four lanes or more with central divider,Straight road,,Fine,AP27X    1566,YES,Minor,0
21.01.2013,11:00 AM,1241.2,LHS,Rural,Ongole,Rear End Collision,Lorry hit Car,Lorry,Non injury,Over speed,Four lanes or more with central divider,Straight road,,Fine,AP27X    1566,YES,Non injured ,5
21.01.2013,11:00 AM,1241.2,LHS,Rural,Ongole,Rear End Collision,Lorry hit Car,Lorry,Non injury,Over speed,Four lanes or more with central divider,Straight road,,Fine,AP27X    1566,YES,Animals affected,0
22.01.2013,1:31 AM,1310.2,LHS,Rural,Kavali,Overturning,Lorry  Over turned,Lorry,Minor injury,Fault of driver of motor vehicle/driver of other vehicle/cyclist/pedestrian/passenger,Four lanes or more with central divider,Straight road,,Fine,AP26W       5476,YES,Fatal,0
22.01.2013,1:31 AM,1310.2,LHS,Rural,Kavali,Overturning,Lorry  Over turned,Lorry,Minor injury,Fault of driver of motor vehicle/driver of other vehicle/cyclist/pedestrian/passenger,Four lanes or more with central divider,Straight road,,Fine,AP26W       5476,YES,Grevious,0
22.01.2013,1:31 AM,1310.2,LHS,Rural,Kavali,Overturning,Lorry  Over turned,Lorry,Minor injury,Fault of driver of motor vehicle/driver of other vehicle/cyclist/pedestrian/passenger,Four lanes or more with central divider,Straight road,,Fine,AP26W       5476,YES,Minor,1
22.01.2013,1:31 AM,1310.2,LHS,Rural,Kavali,Overturning,Lorry  Over turned,Lorry,Minor injury,Fault of driver of motor vehicle/driver of other vehicle/cyclist/pedestrian/passenger,Four lanes or more with central divider,Straight road,,Fine,AP26W       5476,YES,Non injured ,1
22.01.2013,1:31 AM,1310.2,LHS,Rural,Kavali,Overturning,Lorry  Over turned,Lorry,Minor injury,Fault of driver of motor vehicle/driver of other vehicle/cyclist/pedestrian/passenger,Four lanes or more with central divider,Straight road,,Fine,AP26W       5476,YES,Animals affected,0
22.01.2013,4:30 AM,1283.9,LHS,Rural,Ulavapadu,Rear End Collision,Lorry hit Unknown Vehicle,Lorry,Non injury,Fault of driver of motor vehicle/driver of other vehicle/cyclist/pedestrian/passenger,Four lanes or more with central divider,Straight road,,Fine,AP16TW   9332,YES,Fatal,0
22.01.2013,4:30 AM,1283.9,LHS,Rural,Ulavapadu,Rear End Collision,Lorry hit Unknown Vehicle,Lorry,Non injury,Fault of driver of motor vehicle/driver of other vehicle/cyclist/pedestrian/passenger,Four lanes or more with central divider,Straight road,,Fine,AP16TW   9332,YES,Grevious,0
22.01.2013,4:30 AM,1283.9,LHS,Rural,Ulavapadu,Rear End Collision,Lorry hit Unknown Vehicle,Lorry,Non injury,Fault of driver of motor vehicle/driver of other vehicle/cyclist/pedestrian/passenger,Four lanes or more with central divider,Straight road,,Fine,AP16TW   9332,YES,Minor,0
22.01.2013,4:30 AM,1283.9,LHS,Rural,Ulavapadu,Rear End Collision,Lorry hit Unknown Vehicle,Lorry,Non injury,Fault of driver of motor vehicle/driver of other vehicle/cyclist/pedestrian/passenger,Four lanes or more with central divider,Straight road,,Fine,AP16TW   9332,YES,Non injured ,2
22.01.2013,4:30 AM,1283.9,LHS,Rural,Ulavapadu,Rear End Collision,Lorry hit Unknown Vehicle,Lorry,Non injury,Fault of driver of motor vehicle/driver of other vehicle/cyclist/pedestrian/passenger,Four lanes or more with central divider,Straight road,,Fine,AP16TW   9332,YES,Animals affected,0
22.01.2013,8:40 AM,1243.7,LHS,Rural,Ongole,Overturning,Auto       Overturned,Auto,Grievious injury,Over speed,Four lanes or more with central divider,Straight road,T-Junction,Fine,AP27Y          2346,YES,Fatal,0
22.01.2013,8:40 AM,1243.7,LHS,Rural,Ongole,Overturning,Auto       Overturned,Auto,Grievious injury,Over speed,Four lanes or more with central divider,Straight road,T-Junction,Fine,AP27Y          2346,YES,Grevious,1
22.01.2013,8:40 AM,1243.7,LHS,Rural,Ongole,Overturning,Auto       Overturned,Auto,Grievious injury,Over speed,Four lanes or more with central divider,Straight road,T-Junction,Fine,AP27Y          2346,YES,Minor,0
22.01.2013,8:40 AM,1243.7,LHS,Rural,Ongole,Overturning,Auto       Overturned,Auto,Grievious injury,Over speed,Four lanes or more with central divider,Straight road,T-Junction,Fine,AP27Y          2346,YES,Non injured ,10
22.01.2013,8:40 AM,1243.7,LHS,Rural,Ongole,Overturning,Auto       Overturned,Auto,Grievious injury,Over speed,Four lanes or more with central divider,Straight road,T-Junction,Fine,AP27Y          2346,YES,Animals affected,0
23.01.2013,9:35 AM,1336.2,LHS,Rural,K.Tippa ,Overturning, Lorry Over Turned,Lorry,Non injury,Vehicle out of control,Four lanes or more with central divider,Straight road,,Fine,AP7T    7376,YES,Fatal,0
23.01.2013,9:35 AM,1336.2,LHS,Rural,K.Tippa ,Overturning, Lorry Over Turned,Lorry,Non injury,Vehicle out of control,Four lanes or more with central divider,Straight road,,Fine,AP7T    7376,YES,Grevious,0
23.01.2013,9:35 AM,1336.2,LHS,Rural,K.Tippa ,Overturning, Lorry Over Turned,Lorry,Non injury,Vehicle out of control,Four lanes or more with central divider,Straight road,,Fine,AP7T    7376,YES,Minor,0
23.01.2013,9:35 AM,1336.2,LHS,Rural,K.Tippa ,Overturning, Lorry Over Turned,Lorry,Non injury,Vehicle out of control,Four lanes or more with central divider,Straight road,,Fine,AP7T    7376,YES,Non injured ,2
23.01.2013,9:35 AM,1336.2,LHS,Rural,K.Tippa ,Overturning, Lorry Over Turned,Lorry,Non injury,Vehicle out of control,Four lanes or more with central divider,Straight road,,Fine,AP7T    7376,YES,Animals affected,0
23.01.2012,11:15 PM,1246.8,LHS,Urban,Ongole,Overturning, Car Over Turned,Car,Minor injury,Over speed,Four lanes or more with central divider,Sharp curve,,Fine,F/R Car,YES,Fatal,0
23.01.2012,11:15 PM,1246.8,LHS,Urban,Ongole,Overturning, Car Over Turned,Car,Minor injury,Over speed,Four lanes or more with central divider,Sharp curve,,Fine,F/R Car,YES,Grevious,0
23.01.2012,11:15 PM,1246.8,LHS,Urban,Ongole,Overturning, Car Over Turned,Car,Minor injury,Over speed,Four lanes or more with central divider,Sharp curve,,Fine,F/R Car,YES,Minor,1
23.01.2012,11:15 PM,1246.8,LHS,Urban,Ongole,Overturning, Car Over Turned,Car,Minor injury,Over speed,Four lanes or more with central divider,Sharp curve,,Fine,F/R Car,YES,Non injured ,1
23.01.2012,11:15 PM,1246.8,LHS,Urban,Ongole,Overturning, Car Over Turned,Car,Minor injury,Over speed,Four lanes or more with central divider,Sharp curve,,Fine,F/R Car,YES,Animals affected,0
24.01.2013,3:30 AM,1241.7,RHS,Rural,Ongole,Overturning, Tanker Lorry Over Turned,Tanker,Non injury,Fault of driver of motor vehicle/driver of other vehicle/cyclist/pedestrian/passenger,Four lanes or more with central divider,Straight road,,Fine,AP27TB 6030,YES,Fatal,0
24.01.2013,3:30 AM,1241.7,RHS,Rural,Ongole,Overturning, Tanker Lorry Over Turned,Tanker,Non injury,Fault of driver of motor vehicle/driver of other vehicle/cyclist/pedestrian/passenger,Four lanes or more with central divider,Straight road,,Fine,AP27TB 6030,YES,Grevious,0
24.01.2013,3:30 AM,1241.7,RHS,Rural,Ongole,Overturning, Tanker Lorry Over Turned,Tanker,Non injury,Fault of driver of motor vehicle/driver of other vehicle/cyclist/pedestrian/passenger,Four lanes or more with central divider,Straight road,,Fine,AP27TB 6030,YES,Minor,0
24.01.2013,3:30 AM,1241.7,RHS,Rural,Ongole,Overturning, Tanker Lorry Over Turned,Tanker,Non injury,Fault of driver of motor vehicle/driver of other vehicle/cyclist/pedestrian/passenger,Four lanes or more with central divider,Straight road,,Fine,AP27TB 6030,YES,Non injured ,2
24.01.2013,3:30 AM,1241.7,RHS,Rural,Ongole,Overturning, Tanker Lorry Over Turned,Tanker,Non injury,Fault of driver of motor vehicle/driver of other vehicle/cyclist/pedestrian/passenger,Four lanes or more with central divider,Straight road,,Fine,AP27TB 6030,YES,Animals affected,0
24.01.2013,2:20 PM,1305,LHS,Rural,Gudluru,Overturning,Lorry  Over turned,Lorry,Non injury,Druken,Four lanes or more with central divider,Straight road,,Fine,HR55Q  1091,YES,Fatal,0
24.01.2013,2:20 PM,1305,LHS,Rural,Gudluru,Overturning,Lorry  Over turned,Lorry,Non injury,Druken,Four lanes or more with central divider,Straight road,,Fine,HR55Q  1091,YES,Grevious,0
24.01.2013,2:20 PM,1305,LHS,Rural,Gudluru,Overturning,Lorry  Over turned,Lorry,Non injury,Druken,Four lanes or more with central divider,Straight road,,Fine,HR55Q  1091,YES,Minor,0
24.01.2013,2:20 PM,1305,LHS,Rural,Gudluru,Overturning,Lorry  Over turned,Lorry,Non injury,Druken,Four lanes or more with central divider,Straight road,,Fine,HR55Q  1091,YES,Non injured ,2
24.01.2013,2:20 PM,1305,LHS,Rural,Gudluru,Overturning,Lorry  Over turned,Lorry,Non injury,Druken,Four lanes or more with central divider,Straight road,,Fine,HR55Q  1091,YES,Animals affected,0
25.01.2013,9:15 AM,1205.1,LHS,Rural,Reningavaram,Overturning,Tractor     Over turned,Tractor,Non injury,Over speed,Four lanes or more with central divider,Straight road,,Fine,AP27TU    1653,YES,Fatal,0
25.01.2013,9:15 AM,1205.1,LHS,Rural,Reningavaram,Overturning,Tractor     Over turned,Tractor,Non injury,Over speed,Four lanes or more with central divider,Straight road,,Fine,AP27TU    1653,YES,Grevious,0
25.01.2013,9:15 AM,1205.1,LHS,Rural,Reningavaram,Overturning,Tractor     Over turned,Tractor,Non injury,Over speed,Four lanes or more with central divider,Straight road,,Fine,AP27TU    1653,YES,Minor,0
25.01.2013,9:15 AM,1205.1,LHS,Rural,Reningavaram,Overturning,Tractor     Over turned,Tractor,Non injury,Over speed,Four lanes or more with central divider,Straight road,,Fine,AP27TU    1653,YES,Non injured ,2
25.01.2013,9:15 AM,1205.1,LHS,Rural,Reningavaram,Overturning,Tractor     Over turned,Tractor,Non injury,Over speed,Four lanes or more with central divider,Straight road,,Fine,AP27TU    1653,YES,Animals affected,0
25.01.2013,10:13 AM,1262.8,LHS,Rural,Tangutur,Rear End Collision,Mini Lorry hit Tractor ,Lorry,Grievious injury,Over speed,Four lanes or more with central divider,Straight road,,Fine,AP30T            1244,YES,Fatal,0
25.01.2013,10:13 AM,1262.8,LHS,Rural,Tangutur,Rear End Collision,Mini Lorry hit Tractor ,Lorry,Grievious injury,Over speed,Four lanes or more with central divider,Straight road,,Fine,AP30T            1244,YES,Grevious,1
25.01.2013,10:13 AM,1262.8,LHS,Rural,Tangutur,Rear End Collision,Mini Lorry hit Tractor ,Lorry,Grievious injury,Over speed,Four lanes or more with central divider,Straight road,,Fine,AP30T            1244,YES,Minor,0
25.01.2013,10:13 AM,1262.8,LHS,Rural,Tangutur,Rear End Collision,Mini Lorry hit Tractor ,Lorry,Grievious injury,Over speed,Four lanes or more with central divider,Straight road,,Fine,AP30T            1244,YES,Non injured ,3
25.01.2013,10:13 AM,1262.8,LHS,Rural,Tangutur,Rear End Collision,Mini Lorry hit Tractor ,Lorry,Grievious injury,Over speed,Four lanes or more with central divider,Straight road,,Fine,AP30T            1244,YES,Animals affected,0
25.01.2013,1:00 PM,1343.7,LHS,Rural,Dagadarthi,Skidding,Bike     Skidding,Bike,Grievious injury,Over speed,Four lanes or more with central divider,Straight road,,Fine,AP26AN   7836,YES,Fatal,0
25.01.2013,1:00 PM,1343.7,LHS,Rural,Dagadarthi,Skidding,Bike     Skidding,Bike,Grievious injury,Over speed,Four lanes or more with central divider,Straight road,,Fine,AP26AN   7836,YES,Grevious,1
25.01.2013,1:00 PM,1343.7,LHS,Rural,Dagadarthi,Skidding,Bike     Skidding,Bike,Grievious injury,Over speed,Four lanes or more with central divider,Straight road,,Fine,AP26AN   7836,YES,Minor,1
25.01.2013,1:00 PM,1343.7,LHS,Rural,Dagadarthi,Skidding,Bike     Skidding,Bike,Grievious injury,Over speed,Four lanes or more with central divider,Straight road,,Fine,AP26AN   7836,YES,Non injured ,0
25.01.2013,1:00 PM,1343.7,LHS,Rural,Dagadarthi,Skidding,Bike     Skidding,Bike,Grievious injury,Over speed,Four lanes or more with central divider,Straight road,,Fine,AP26AN   7836,YES,Animals affected,0
25.01.2013,4:10 PM,1265.6,LHS,Rural,Tangutur,Skidding,Bike     Skidding,Bike,Minor injury,Druken,Four lanes or more with central divider,Straight road,,Fine,AP21G     5557,YES,Fatal,0
25.01.2013,4:10 PM,1265.6,LHS,Rural,Tangutur,Skidding,Bike     Skidding,Bike,Minor injury,Druken,Four lanes or more with central divider,Straight road,,Fine,AP21G     5557,YES,Grevious,0
25.01.2013,4:10 PM,1265.6,LHS,Rural,Tangutur,Skidding,Bike     Skidding,Bike,Minor injury,Druken,Four lanes or more with central divider,Straight road,,Fine,AP21G     5557,YES,Minor,1
25.01.2013,4:10 PM,1265.6,LHS,Rural,Tangutur,Skidding,Bike     Skidding,Bike,Minor injury,Druken,Four lanes or more with central divider,Straight road,,Fine,AP21G     5557,YES,Non injured ,0
25.01.2013,4:10 PM,1265.6,LHS,Rural,Tangutur,Skidding,Bike     Skidding,Bike,Minor injury,Druken,Four lanes or more with central divider,Straight road,,Fine,AP21G     5557,YES,Animals affected,0
26.01.2013,5:50 AM,1342,LHS,Rural,Dagadarthi,Rear End Collision,Tata Ace Auto hit  Lorry,Tata Ace,Minor injury,Over speed,Four lanes or more with central divider,Straight road,,Fine,AP28TB 2071,YES,Fatal,0
26.01.2013,5:50 AM,1342,LHS,Rural,Dagadarthi,Rear End Collision,Tata Ace Auto hit  Lorry,Tata Ace,Minor injury,Over speed,Four lanes or more with central divider,Straight road,,Fine,AP28TB 2071,YES,Grevious,0
26.01.2013,5:50 AM,1342,LHS,Rural,Dagadarthi,Rear End Collision,Tata Ace Auto hit  Lorry,Tata Ace,Minor injury,Over speed,Four lanes or more with central divider,Straight road,,Fine,AP28TB 2071,YES,Minor,2
26.01.2013,5:50 AM,1342,LHS,Rural,Dagadarthi,Rear End Collision,Tata Ace Auto hit  Lorry,Tata Ace,Minor injury,Over speed,Four lanes or more with central divider,Straight road,,Fine,AP28TB 2071,YES,Non injured ,2
26.01.2013,5:50 AM,1342,LHS,Rural,Dagadarthi,Rear End Collision,Tata Ace Auto hit  Lorry,Tata Ace,Minor injury,Over speed,Four lanes or more with central divider,Straight road,,Fine,AP28TB 2071,YES,Animals affected,0
26.01.2013,5:10 PM,1277.9,RHS,Rural,Singarayakonda,Collision Brush/Side Wipe,Lorry hit Bridge Wall,Lorry,Non injury,Over speed,Four lanes or more with central divider,Straight road,,Fine,AP27TT    4546   ,YES,Fatal,0
26.01.2013,5:10 PM,1277.9,RHS,Rural,Singarayakonda,Collision Brush/Side Wipe,Lorry hit Bridge Wall,Lorry,Non injury,Over speed,Four lanes or more with central divider,Straight road,,Fine,AP27TT    4546   ,YES,Grevious,0
26.01.2013,5:10 PM,1277.9,RHS,Rural,Singarayakonda,Collision Brush/Side Wipe,Lorry hit Bridge Wall,Lorry,Non injury,Over speed,Four lanes or more with central divider,Straight road,,Fine,AP27TT    4546   ,YES,Minor,0
26.01.2013,5:10 PM,1277.9,RHS,Rural,Singarayakonda,Collision Brush/Side Wipe,Lorry hit Bridge Wall,Lorry,Non injury,Over speed,Four lanes or more with central divider,Straight road,,Fine,AP27TT    4546   ,YES,Non injured ,2
26.01.2013,5:10 PM,1277.9,RHS,Rural,Singarayakonda,Collision Brush/Side Wipe,Lorry hit Bridge Wall,Lorry,Non injury,Over speed,Four lanes or more with central divider,Straight road,,Fine,AP27TT    4546   ,YES,Animals affected,0