Operational date,Time of Accident,KM && M,Position,Rural/Urban,Location,Nature of Accident Position,Nature of Accident,Vehicle Involved,Type of Accident,Causes,Road Feature,Road condition,Intersection Type And Control,Weather Condition,Vehicle Responsible,Help Provided by Ambulance/Patroling Vehicle,Classification of Accident,No of Affected Persons
27.01.2013,7:40 AM,1326.5,RHS,Rural,Kavali,Collision Brush/Side Wipe, Lorry hit Safety Wall,Lorry,Non injury,Fault of driver of motor vehicle/driver of other vehicle/cyclist/pedestrian/passenger,Four lanes or more with central divider,Straight road,,Fine,AP16TU 9289,YES,Fatal,0
27.01.2013,7:40 AM,1326.5,RHS,Rural,Kavali,Collision Brush/Side Wipe, Lorry hit Safety Wall,Lorry,Non injury,Fault of driver of motor vehicle/driver of other vehicle/cyclist/pedestrian/passenger,Four lanes or more with central divider,Straight road,,Fine,AP16TU 9289,YES,Grevious,0
27.01.2013,7:40 AM,1326.5,RHS,Rural,Kavali,Collision Brush/Side Wipe, Lorry hit Safety Wall,Lorry,Non injury,Fault of driver of motor vehicle/driver of other vehicle/cyclist/pedestrian/passenger,Four lanes or more with central divider,Straight road,,Fine,AP16TU 9289,YES,Minor,0
27.01.2013,7:40 AM,1326.5,RHS,Rural,Kavali,Collision Brush/Side Wipe, Lorry hit Safety Wall,Lorry,Non injury,Fault of driver of motor vehicle/driver of other vehicle/cyclist/pedestrian/passenger,Four lanes or more with central divider,Straight road,,Fine,AP16TU 9289,YES,Non injured ,2
27.01.2013,7:40 AM,1326.5,RHS,Rural,Kavali,Collision Brush/Side Wipe, Lorry hit Safety Wall,Lorry,Non injury,Fault of driver of motor vehicle/driver of other vehicle/cyclist/pedestrian/passenger,Four lanes or more with central divider,Straight road,,Fine,AP16TU 9289,YES,Animals affected,0
27.01.2013,1:55 PM,1339.9,LHS,Rural,K.Tippa ,Rear End Collision, Car hit Bike,Car,Grievious injury,Over speed,Four lanes or more with central divider,Straight road,T-Junction,Fine,AP09BY 1009,YES,Fatal,0
27.01.2013,1:55 PM,1339.9,LHS,Rural,K.Tippa ,Rear End Collision, Car hit Bike,Car,Grievious injury,Over speed,Four lanes or more with central divider,Straight road,T-Junction,Fine,AP09BY 1009,YES,Grevious,2
27.01.2013,1:55 PM,1339.9,LHS,Rural,K.Tippa ,Rear End Collision, Car hit Bike,Car,Grievious injury,Over speed,Four lanes or more with central divider,Straight road,T-Junction,Fine,AP09BY 1009,YES,Minor,0
27.01.2013,1:55 PM,1339.9,LHS,Rural,K.Tippa ,Rear End Collision, Car hit Bike,Car,Grievious injury,Over speed,Four lanes or more with central divider,Straight road,T-Junction,Fine,AP09BY 1009,YES,Non injured ,4
27.01.2013,1:55 PM,1339.9,LHS,Rural,K.Tippa ,Rear End Collision, Car hit Bike,Car,Grievious injury,Over speed,Four lanes or more with central divider,Straight road,T-Junction,Fine,AP09BY 1009,YES,Animals affected,0
28.01.2013,1:50 AM,1200.1,LHS,Rural,Reningavaram,Overturning, Car Over Turned,Car,Grievious injury,Fault of driver of motor vehicle/driver of other vehicle/cyclist/pedestrian/passenger,Four lanes or more with central divider,Straight road,,Fine,AP16 TW 1766,YES,Fatal,0
28.01.2013,1:50 AM,1200.1,LHS,Rural,Reningavaram,Overturning, Car Over Turned,Car,Grievious injury,Fault of driver of motor vehicle/driver of other vehicle/cyclist/pedestrian/passenger,Four lanes or more with central divider,Straight road,,Fine,AP16 TW 1766,YES,Grevious,1
28.01.2013,1:50 AM,1200.1,LHS,Rural,Reningavaram,Overturning, Car Over Turned,Car,Grievious injury,Fault of driver of motor vehicle/driver of other vehicle/cyclist/pedestrian/passenger,Four lanes or more with central divider,Straight road,,Fine,AP16 TW 1766,YES,Minor,0
28.01.2013,1:50 AM,1200.1,LHS,Rural,Reningavaram,Overturning, Car Over Turned,Car,Grievious injury,Fault of driver of motor vehicle/driver of other vehicle/cyclist/pedestrian/passenger,Four lanes or more with central divider,Straight road,,Fine,AP16 TW 1766,YES,Non injured ,1
28.01.2013,1:50 AM,1200.1,LHS,Rural,Reningavaram,Overturning, Car Over Turned,Car,Grievious injury,Fault of driver of motor vehicle/driver of other vehicle/cyclist/pedestrian/passenger,Four lanes or more with central divider,Straight road,,Fine,AP16 TW 1766,YES,Animals affected,0
28.01.2013,4:45 AM,1361.4,RHS,Rural,Kodavaluru,Rear End Collision, Lorry hit Unknown Vehicle,Lorry,Non injury,Over speed,Four lanes or more with central divider,Straight road,,Fine,AP26TW  1395,YES,Fatal,0
28.01.2013,4:45 AM,1361.4,RHS,Rural,Kodavaluru,Rear End Collision, Lorry hit Unknown Vehicle,Lorry,Non injury,Over speed,Four lanes or more with central divider,Straight road,,Fine,AP26TW  1395,YES,Grevious,0
28.01.2013,4:45 AM,1361.4,RHS,Rural,Kodavaluru,Rear End Collision, Lorry hit Unknown Vehicle,Lorry,Non injury,Over speed,Four lanes or more with central divider,Straight road,,Fine,AP26TW  1395,YES,Minor,0
28.01.2013,4:45 AM,1361.4,RHS,Rural,Kodavaluru,Rear End Collision, Lorry hit Unknown Vehicle,Lorry,Non injury,Over speed,Four lanes or more with central divider,Straight road,,Fine,AP26TW  1395,YES,Non injured ,2
28.01.2013,4:45 AM,1361.4,RHS,Rural,Kodavaluru,Rear End Collision, Lorry hit Unknown Vehicle,Lorry,Non injury,Over speed,Four lanes or more with central divider,Straight road,,Fine,AP26TW  1395,YES,Animals affected,0
29.01.2013,1:30 AM,1256.6,RHS,Rural,Tangutur,Overturning,Car        Overturned                ,Car,Grievious injury,Over speed,Four lanes or more with central divider,Slight curve,,Fine,AP02AK   0640,YES,Fatal,0
29.01.2013,1:30 AM,1256.6,RHS,Rural,Tangutur,Overturning,Car        Overturned                ,Car,Grievious injury,Over speed,Four lanes or more with central divider,Slight curve,,Fine,AP02AK   0640,YES,Grevious,3
29.01.2013,1:30 AM,1256.6,RHS,Rural,Tangutur,Overturning,Car        Overturned                ,Car,Grievious injury,Over speed,Four lanes or more with central divider,Slight curve,,Fine,AP02AK   0640,YES,Minor,2
29.01.2013,1:30 AM,1256.6,RHS,Rural,Tangutur,Overturning,Car        Overturned                ,Car,Grievious injury,Over speed,Four lanes or more with central divider,Slight curve,,Fine,AP02AK   0640,YES,Non injured ,2
29.01.2013,1:30 AM,1256.6,RHS,Rural,Tangutur,Overturning,Car        Overturned                ,Car,Grievious injury,Over speed,Four lanes or more with central divider,Slight curve,,Fine,AP02AK   0640,YES,Animals affected,0
29.01.2013,6:30 AM,1312.8,RHS,Rural,Kavali,Rear End Collision, Car hit Unknown Vehicle,Car,Grievious injury,Over speed,Four lanes or more with central divider,Straight road,,Fine,AP09BF 6765,YES,Fatal,0
29.01.2013,6:30 AM,1312.8,RHS,Rural,Kavali,Rear End Collision, Car hit Unknown Vehicle,Car,Grievious injury,Over speed,Four lanes or more with central divider,Straight road,,Fine,AP09BF 6765,YES,Grevious,0
29.01.2013,6:30 AM,1312.8,RHS,Rural,Kavali,Rear End Collision, Car hit Unknown Vehicle,Car,Grievious injury,Over speed,Four lanes or more with central divider,Straight road,,Fine,AP09BF 6765,YES,Minor,2
29.01.2013,6:30 AM,1312.8,RHS,Rural,Kavali,Rear End Collision, Car hit Unknown Vehicle,Car,Grievious injury,Over speed,Four lanes or more with central divider,Straight road,,Fine,AP09BF 6765,YES,Non injured ,0
29.01.2013,6:30 AM,1312.8,RHS,Rural,Kavali,Rear End Collision, Car hit Unknown Vehicle,Car,Grievious injury,Over speed,Four lanes or more with central divider,Straight road,,Fine,AP09BF 6765,YES,Animals affected,0
29.01.2013,10:13 PM,1326.5,RHS,Rural,Kavali,Others(p1.Specific), Lorry Break-down by Joint Problem,Lorry,Non injury,Defect in mechanical condition of motor vehicle/road condition,Three lanes or more without central divider(median),Straight road,,Fine,AP31V  1618,YES,Fatal,0
29.01.2013,10:13 PM,1326.5,RHS,Rural,Kavali,Others(p1.Specific), Lorry Break-down by Joint Problem,Lorry,Non injury,Defect in mechanical condition of motor vehicle/road condition,Three lanes or more without central divider(median),Straight road,,Fine,AP31V  1618,YES,Grevious,0
29.01.2013,10:13 PM,1326.5,RHS,Rural,Kavali,Others(p1.Specific), Lorry Break-down by Joint Problem,Lorry,Non injury,Defect in mechanical condition of motor vehicle/road condition,Three lanes or more without central divider(median),Straight road,,Fine,AP31V  1618,YES,Minor,0
29.01.2013,10:13 PM,1326.5,RHS,Rural,Kavali,Others(p1.Specific), Lorry Break-down by Joint Problem,Lorry,Non injury,Defect in mechanical condition of motor vehicle/road condition,Three lanes or more without central divider(median),Straight road,,Fine,AP31V  1618,YES,Non injured ,2
29.01.2013,10:13 PM,1326.5,RHS,Rural,Kavali,Others(p1.Specific), Lorry Break-down by Joint Problem,Lorry,Non injury,Defect in mechanical condition of motor vehicle/road condition,Three lanes or more without central divider(median),Straight road,,Fine,AP31V  1618,YES,Animals affected,0
29.01.2013,11:40 PM,1243.2,LHS,Rural,Ongole,Skidding, Bike Skidding,Bike,Grievious injury,Druken,Three lanes or more without central divider(median),Slight curve,Y-Junction,Fine,AP27AK 2217,YES,Fatal,0
29.01.2013,11:40 PM,1243.2,LHS,Rural,Ongole,Skidding, Bike Skidding,Bike,Grievious injury,Druken,Three lanes or more without central divider(median),Slight curve,Y-Junction,Fine,AP27AK 2217,YES,Grevious,1
29.01.2013,11:40 PM,1243.2,LHS,Rural,Ongole,Skidding, Bike Skidding,Bike,Grievious injury,Druken,Three lanes or more without central divider(median),Slight curve,Y-Junction,Fine,AP27AK 2217,YES,Minor,0
29.01.2013,11:40 PM,1243.2,LHS,Rural,Ongole,Skidding, Bike Skidding,Bike,Grievious injury,Druken,Three lanes or more without central divider(median),Slight curve,Y-Junction,Fine,AP27AK 2217,YES,Non injured ,0
29.01.2013,11:40 PM,1243.2,LHS,Rural,Ongole,Skidding, Bike Skidding,Bike,Grievious injury,Druken,Three lanes or more without central divider(median),Slight curve,Y-Junction,Fine,AP27AK 2217,YES,Animals affected,0
30.01.2013,  10:15,1236,LHS,Rural,Maddipadu,Rear End Collision,unknown Vehicle Hit Bike,unknown,Minor injury,Over speed,Four lanes or more with central divider,Straight road,,Fine,AP07R          0908   ,YES,Fatal,0
30.01.2013,  10:15,1236,LHS,Rural,Maddipadu,Rear End Collision,unknown Vehicle Hit Bike,unknown,Minor injury,Over speed,Four lanes or more with central divider,Straight road,,Fine,AP07R          0908   ,YES,Grevious,0
30.01.2013,  10:15,1236,LHS,Rural,Maddipadu,Rear End Collision,unknown Vehicle Hit Bike,unknown,Minor injury,Over speed,Four lanes or more with central divider,Straight road,,Fine,AP07R          0908   ,YES,Minor,1
30.01.2013,  10:15,1236,LHS,Rural,Maddipadu,Rear End Collision,unknown Vehicle Hit Bike,unknown,Minor injury,Over speed,Four lanes or more with central divider,Straight road,,Fine,AP07R          0908   ,YES,Non injured ,1
30.01.2013,  10:15,1236,LHS,Rural,Maddipadu,Rear End Collision,unknown Vehicle Hit Bike,unknown,Minor injury,Over speed,Four lanes or more with central divider,Straight road,,Fine,AP07R          0908   ,YES,Animals affected,0
31.01.2013,6:20 AM,1311.9,RHS,Rural,Kavali,Rear End Collision,Lorry hit Lorry,Lorry,Grievious injury,Fault of driver of motor vehicle/driver of other vehicle/cyclist/pedestrian/passenger,Four lanes or more with central divider,Straight road,,Fine,AP24X     1817,YES,Fatal,0
31.01.2013,6:20 AM,1311.9,RHS,Rural,Kavali,Rear End Collision,Lorry hit Lorry,Lorry,Grievious injury,Fault of driver of motor vehicle/driver of other vehicle/cyclist/pedestrian/passenger,Four lanes or more with central divider,Straight road,,Fine,AP24X     1817,YES,Grevious,1
31.01.2013,6:20 AM,1311.9,RHS,Rural,Kavali,Rear End Collision,Lorry hit Lorry,Lorry,Grievious injury,Fault of driver of motor vehicle/driver of other vehicle/cyclist/pedestrian/passenger,Four lanes or more with central divider,Straight road,,Fine,AP24X     1817,YES,Minor,0
31.01.2013,6:20 AM,1311.9,RHS,Rural,Kavali,Rear End Collision,Lorry hit Lorry,Lorry,Grievious injury,Fault of driver of motor vehicle/driver of other vehicle/cyclist/pedestrian/passenger,Four lanes or more with central divider,Straight road,,Fine,AP24X     1817,YES,Non injured ,1
31.01.2013,6:20 AM,1311.9,RHS,Rural,Kavali,Rear End Collision,Lorry hit Lorry,Lorry,Grievious injury,Fault of driver of motor vehicle/driver of other vehicle/cyclist/pedestrian/passenger,Four lanes or more with central divider,Straight road,,Fine,AP24X     1817,YES,Animals affected,0
31.01.2013,7:10 AM,1227.9,RHS,Rural,Medarametla,Overturning, Lorry Over Turned,Lorry,Non injury,Over speed,Three lanes or more without central divider(median),Straight road,Four arm junction,Fine,AP26 TT 5767,YES,Fatal,0
31.01.2013,7:10 AM,1227.9,RHS,Rural,Medarametla,Overturning, Lorry Over Turned,Lorry,Non injury,Over speed,Three lanes or more without central divider(median),Straight road,Four arm junction,Fine,AP26 TT 5767,YES,Grevious,0
31.01.2013,7:10 AM,1227.9,RHS,Rural,Medarametla,Overturning, Lorry Over Turned,Lorry,Non injury,Over speed,Three lanes or more without central divider(median),Straight road,Four arm junction,Fine,AP26 TT 5767,YES,Minor,0
31.01.2013,7:10 AM,1227.9,RHS,Rural,Medarametla,Overturning, Lorry Over Turned,Lorry,Non injury,Over speed,Three lanes or more without central divider(median),Straight road,Four arm junction,Fine,AP26 TT 5767,YES,Non injured ,2
31.01.2013,7:10 AM,1227.9,RHS,Rural,Medarametla,Overturning, Lorry Over Turned,Lorry,Non injury,Over speed,Three lanes or more without central divider(median),Straight road,Four arm junction,Fine,AP26 TT 5767,YES,Animals affected,0
31.01.2013,11:38 AM,1236.7,LHS,Rural,Maddipadu,Rear End Collision, Car hit Lorry,Car,Grievious injury,Over speed,Four lanes or more with central divider,Straight road,,Fine,AP09BX  4689,YES,Fatal,0
31.01.2013,11:38 AM,1236.7,LHS,Rural,Maddipadu,Rear End Collision, Car hit Lorry,Car,Grievious injury,Over speed,Four lanes or more with central divider,Straight road,,Fine,AP09BX  4689,YES,Grevious,1
31.01.2013,11:38 AM,1236.7,LHS,Rural,Maddipadu,Rear End Collision, Car hit Lorry,Car,Grievious injury,Over speed,Four lanes or more with central divider,Straight road,,Fine,AP09BX  4689,YES,Minor,0
31.01.2013,11:38 AM,1236.7,LHS,Rural,Maddipadu,Rear End Collision, Car hit Lorry,Car,Grievious injury,Over speed,Four lanes or more with central divider,Straight road,,Fine,AP09BX  4689,YES,Non injured ,2
31.01.2013,11:38 AM,1236.7,LHS,Rural,Maddipadu,Rear End Collision, Car hit Lorry,Car,Grievious injury,Over speed,Four lanes or more with central divider,Straight road,,Fine,AP09BX  4689,YES,Animals affected,0
01.02.2013,10:25 AM,1195.4,RHS,Rural,Reningavaram,Overturning,Auto Over Turned,Auto,Non injury,Over speed,Four lanes or more with central divider,Straight road,,Fine,AP27TV                                                                                                                                                                                                                                                                                  2485,YES,Fatal,0
01.02.2013,10:25 AM,1195.4,RHS,Rural,Reningavaram,Overturning,Auto Over Turned,Auto,Non injury,Over speed,Four lanes or more with central divider,Straight road,,Fine,AP27TV                                                                                                                                                                                                                                                                                  2485,YES,Grevious,0
01.02.2013,10:25 AM,1195.4,RHS,Rural,Reningavaram,Overturning,Auto Over Turned,Auto,Non injury,Over speed,Four lanes or more with central divider,Straight road,,Fine,AP27TV                                                                                                                                                                                                                                                                                  2485,YES,Minor,0
01.02.2013,10:25 AM,1195.4,RHS,Rural,Reningavaram,Overturning,Auto Over Turned,Auto,Non injury,Over speed,Four lanes or more with central divider,Straight road,,Fine,AP27TV                                                                                                                                                                                                                                                                                  2485,YES,Non injured ,1
01.02.2013,10:25 AM,1195.4,RHS,Rural,Reningavaram,Overturning,Auto Over Turned,Auto,Non injury,Over speed,Four lanes or more with central divider,Straight road,,Fine,AP27TV                                                                                                                                                                                                                                                                                  2485,YES,Animals affected,0
01.02.2013,11:20 AM,1221.2,LHS,Rural,Medarametla,Collision Brush/Side Wipe,Bus hit Bike,Bus,Grievious injury,Over speed,Four lanes or more with central divider,Slight curve,T-Junction,Fine,AP27Z    0026,YES,Fatal,0
01.02.2013,11:20 AM,1221.2,LHS,Rural,Medarametla,Collision Brush/Side Wipe,Bus hit Bike,Bus,Grievious injury,Over speed,Four lanes or more with central divider,Slight curve,T-Junction,Fine,AP27Z    0026,YES,Grevious,2
01.02.2013,11:20 AM,1221.2,LHS,Rural,Medarametla,Collision Brush/Side Wipe,Bus hit Bike,Bus,Grievious injury,Over speed,Four lanes or more with central divider,Slight curve,T-Junction,Fine,AP27Z    0026,YES,Minor,0
01.02.2013,11:20 AM,1221.2,LHS,Rural,Medarametla,Collision Brush/Side Wipe,Bus hit Bike,Bus,Grievious injury,Over speed,Four lanes or more with central divider,Slight curve,T-Junction,Fine,AP27Z    0026,YES,Non injured ,1
01.02.2013,11:20 AM,1221.2,LHS,Rural,Medarametla,Collision Brush/Side Wipe,Bus hit Bike,Bus,Grievious injury,Over speed,Four lanes or more with central divider,Slight curve,T-Junction,Fine,AP27Z    0026,YES,Animals affected,0
01.02.2013,6:20 PM,1211.4,LHS,Rural,Reningavaram,Others(p1.Specific),Unknown Vehicle Hit Pedestrian,Unknown,Grievious injury,Over speed,Four lanes or more with central divider,Straight road,T-Junction,Fine,Unknown Vehicle ,YES,Fatal,0
01.02.2013,6:20 PM,1211.4,LHS,Rural,Reningavaram,Others(p1.Specific),Unknown Vehicle Hit Pedestrian,Unknown,Grievious injury,Over speed,Four lanes or more with central divider,Straight road,T-Junction,Fine,Unknown Vehicle ,YES,Grevious,1
01.02.2013,6:20 PM,1211.4,LHS,Rural,Reningavaram,Others(p1.Specific),Unknown Vehicle Hit Pedestrian,Unknown,Grievious injury,Over speed,Four lanes or more with central divider,Straight road,T-Junction,Fine,Unknown Vehicle ,YES,Minor,0
01.02.2013,6:20 PM,1211.4,LHS,Rural,Reningavaram,Others(p1.Specific),Unknown Vehicle Hit Pedestrian,Unknown,Grievious injury,Over speed,Four lanes or more with central divider,Straight road,T-Junction,Fine,Unknown Vehicle ,YES,Non injured ,0
01.02.2013,6:20 PM,1211.4,LHS,Rural,Reningavaram,Others(p1.Specific),Unknown Vehicle Hit Pedestrian,Unknown,Grievious injury,Over speed,Four lanes or more with central divider,Straight road,T-Junction,Fine,Unknown Vehicle ,YES,Animals affected,0
01.02.2013,7:25 PM,1237.9,LHS,Rural,Maddipadu,Skidding,Bike   Skidding,Bike,Minor injury,Over speed,Four lanes or more with central divider,Straight road,,Fine,AP16U    4692,YES,Fatal,0
01.02.2013,7:25 PM,1237.9,LHS,Rural,Maddipadu,Skidding,Bike   Skidding,Bike,Minor injury,Over speed,Four lanes or more with central divider,Straight road,,Fine,AP16U    4692,YES,Grevious,0
01.02.2013,7:25 PM,1237.9,LHS,Rural,Maddipadu,Skidding,Bike   Skidding,Bike,Minor injury,Over speed,Four lanes or more with central divider,Straight road,,Fine,AP16U    4692,YES,Minor,1
01.02.2013,7:25 PM,1237.9,LHS,Rural,Maddipadu,Skidding,Bike   Skidding,Bike,Minor injury,Over speed,Four lanes or more with central divider,Straight road,,Fine,AP16U    4692,YES,Non injured ,0
01.02.2013,7:25 PM,1237.9,LHS,Rural,Maddipadu,Skidding,Bike   Skidding,Bike,Minor injury,Over speed,Four lanes or more with central divider,Straight road,,Fine,AP16U    4692,YES,Animals affected,0
02.02.2013,12:00 PM,1253.1,RHS,Rural,Ongole,Rear End Collision,Lorry hit    Lorry,Lorry,Non injury,Over speed,Four lanes or more with central divider,Straight road,,Fine,HR55F   8589,YES,Fatal,0
02.02.2013,12:00 PM,1253.1,RHS,Rural,Ongole,Rear End Collision,Lorry hit    Lorry,Lorry,Non injury,Over speed,Four lanes or more with central divider,Straight road,,Fine,HR55F   8589,YES,Grevious,0
02.02.2013,12:00 PM,1253.1,RHS,Rural,Ongole,Rear End Collision,Lorry hit    Lorry,Lorry,Non injury,Over speed,Four lanes or more with central divider,Straight road,,Fine,HR55F   8589,YES,Minor,0
02.02.2013,12:00 PM,1253.1,RHS,Rural,Ongole,Rear End Collision,Lorry hit    Lorry,Lorry,Non injury,Over speed,Four lanes or more with central divider,Straight road,,Fine,HR55F   8589,YES,Non injured ,2
02.02.2013,12:00 PM,1253.1,RHS,Rural,Ongole,Rear End Collision,Lorry hit    Lorry,Lorry,Non injury,Over speed,Four lanes or more with central divider,Straight road,,Fine,HR55F   8589,YES,Animals affected,0
02.02.2013,12:30 PM,1253,LHS,Rural,Ongole,Rear End Collision,Lorry hit    RTC Bus and hit Lorry,Lorry,Non injury,Over speed,Four lanes or more with central divider,Straight road,,Fine,AP36X    1466,YES,Fatal,0
02.02.2013,12:30 PM,1253,LHS,Rural,Ongole,Rear End Collision,Lorry hit    RTC Bus and hit Lorry,Lorry,Non injury,Over speed,Four lanes or more with central divider,Straight road,,Fine,AP36X    1466,YES,Grevious,0
02.02.2013,12:30 PM,1253,LHS,Rural,Ongole,Rear End Collision,Lorry hit    RTC Bus and hit Lorry,Lorry,Non injury,Over speed,Four lanes or more with central divider,Straight road,,Fine,AP36X    1466,YES,Minor,0
02.02.2013,12:30 PM,1253,LHS,Rural,Ongole,Rear End Collision,Lorry hit    RTC Bus and hit Lorry,Lorry,Non injury,Over speed,Four lanes or more with central divider,Straight road,,Fine,AP36X    1466,YES,Non injured ,20
02.02.2013,12:30 PM,1253,LHS,Rural,Ongole,Rear End Collision,Lorry hit    RTC Bus and hit Lorry,Lorry,Non injury,Over speed,Four lanes or more with central divider,Straight road,,Fine,AP36X    1466,YES,Animals affected,0
03.02.2013,5:00 AM,1218.9,LHS,Rural,Medarametla,Overturning, Lorry Over Turned,Lorry,Minor injury,Fault of driver of motor vehicle/driver of other vehicle/cyclist/pedestrian/passenger,Four lanes or more with central divider,Slight curve,,Fine,AP16TX 7229,YES,Fatal,0
03.02.2013,5:00 AM,1218.9,LHS,Rural,Medarametla,Overturning, Lorry Over Turned,Lorry,Minor injury,Fault of driver of motor vehicle/driver of other vehicle/cyclist/pedestrian/passenger,Four lanes or more with central divider,Slight curve,,Fine,AP16TX 7229,YES,Grevious,0
03.02.2013,5:00 AM,1218.9,LHS,Rural,Medarametla,Overturning, Lorry Over Turned,Lorry,Minor injury,Fault of driver of motor vehicle/driver of other vehicle/cyclist/pedestrian/passenger,Four lanes or more with central divider,Slight curve,,Fine,AP16TX 7229,YES,Minor,1
03.02.2013,5:00 AM,1218.9,LHS,Rural,Medarametla,Overturning, Lorry Over Turned,Lorry,Minor injury,Fault of driver of motor vehicle/driver of other vehicle/cyclist/pedestrian/passenger,Four lanes or more with central divider,Slight curve,,Fine,AP16TX 7229,YES,Non injured ,1
03.02.2013,5:00 AM,1218.9,LHS,Rural,Medarametla,Overturning, Lorry Over Turned,Lorry,Minor injury,Fault of driver of motor vehicle/driver of other vehicle/cyclist/pedestrian/passenger,Four lanes or more with central divider,Slight curve,,Fine,AP16TX 7229,YES,Animals affected,0
03.02.2013,9:05 AM,1227.9,RHS,Rural,Maddipadu,Rear End Collision, Lorry hit Unknown Vehicle,Lorry,Minor injury,Over speed,Three lanes or more without central divider(median),Straight road,Four arm junction,Fine,AP05TU 4299,YES,Fatal,0
03.02.2013,9:05 AM,1227.9,RHS,Rural,Maddipadu,Rear End Collision, Lorry hit Unknown Vehicle,Lorry,Minor injury,Over speed,Three lanes or more without central divider(median),Straight road,Four arm junction,Fine,AP05TU 4299,YES,Grevious,0
03.02.2013,9:05 AM,1227.9,RHS,Rural,Maddipadu,Rear End Collision, Lorry hit Unknown Vehicle,Lorry,Minor injury,Over speed,Three lanes or more without central divider(median),Straight road,Four arm junction,Fine,AP05TU 4299,YES,Minor,1
03.02.2013,9:05 AM,1227.9,RHS,Rural,Maddipadu,Rear End Collision, Lorry hit Unknown Vehicle,Lorry,Minor injury,Over speed,Three lanes or more without central divider(median),Straight road,Four arm junction,Fine,AP05TU 4299,YES,Non injured ,1
03.02.2013,9:05 AM,1227.9,RHS,Rural,Maddipadu,Rear End Collision, Lorry hit Unknown Vehicle,Lorry,Minor injury,Over speed,Three lanes or more without central divider(median),Straight road,Four arm junction,Fine,AP05TU 4299,YES,Animals affected,0
03.02.2013,4:49 PM,1340.8,RHS,Rural,Dagadarthi,Skidding, Bike Skidding,Bike,Grievious injury,Over speed,Four lanes or more with central divider,Slight curve,,Fine,AP26AM 1833,YES,Fatal,0
03.02.2013,4:49 PM,1340.8,RHS,Rural,Dagadarthi,Skidding, Bike Skidding,Bike,Grievious injury,Over speed,Four lanes or more with central divider,Slight curve,,Fine,AP26AM 1833,YES,Grevious,1
03.02.2013,4:49 PM,1340.8,RHS,Rural,Dagadarthi,Skidding, Bike Skidding,Bike,Grievious injury,Over speed,Four lanes or more with central divider,Slight curve,,Fine,AP26AM 1833,YES,Minor,1
03.02.2013,4:49 PM,1340.8,RHS,Rural,Dagadarthi,Skidding, Bike Skidding,Bike,Grievious injury,Over speed,Four lanes or more with central divider,Slight curve,,Fine,AP26AM 1833,YES,Non injured ,0
03.02.2013,4:49 PM,1340.8,RHS,Rural,Dagadarthi,Skidding, Bike Skidding,Bike,Grievious injury,Over speed,Four lanes or more with central divider,Slight curve,,Fine,AP26AM 1833,YES,Animals affected,0
03.02.2013,5:30 PM,1271,RHS,Rural,Jarugumalli,Rear End Collision, Bus hit Tractor,Bus,Non injury,Over speed,Four lanes or more with central divider,Straight road,,Fine,AP26Z  0025,YES,Fatal,0
03.02.2013,5:30 PM,1271,RHS,Rural,Jarugumalli,Rear End Collision, Bus hit Tractor,Bus,Non injury,Over speed,Four lanes or more with central divider,Straight road,,Fine,AP26Z  0025,YES,Grevious,0
03.02.2013,5:30 PM,1271,RHS,Rural,Jarugumalli,Rear End Collision, Bus hit Tractor,Bus,Non injury,Over speed,Four lanes or more with central divider,Straight road,,Fine,AP26Z  0025,YES,Minor,0
03.02.2013,5:30 PM,1271,RHS,Rural,Jarugumalli,Rear End Collision, Bus hit Tractor,Bus,Non injury,Over speed,Four lanes or more with central divider,Straight road,,Fine,AP26Z  0025,YES,Non injured ,33
03.02.2013,5:30 PM,1271,RHS,Rural,Jarugumalli,Rear End Collision, Bus hit Tractor,Bus,Non injury,Over speed,Four lanes or more with central divider,Straight road,,Fine,AP26Z  0025,YES,Animals affected,0