Operational date,Time of Accident,KM && M,Position,Rural/Urban,Location,Nature of Accident Position,Nature of Accident,Vehicle Involved,Type of Accident,Causes,Road Feature,Road condition,Intersection Type And Control,Weather Condition,Vehicle Responsible,Help Provided by Ambulance/Patroling Vehicle,Classification of Accident,No of Affected Persons
04.02.2013,10:48 AM,1197.3,LHS,Rural,Martur,Collision Brush/Side Wipe,Unknown    Vehicle hit Pedestrain,Unknown,Grievious injury,Over speed,Four lanes or more with central divider,Straight road,,Fine,Unknown Vehicle ,YES,Fatal,0
04.02.2013,10:48 AM,1197.3,LHS,Rural,Martur,Collision Brush/Side Wipe,Unknown    Vehicle hit Pedestrain,Unknown,Grievious injury,Over speed,Four lanes or more with central divider,Straight road,,Fine,Unknown Vehicle ,YES,Grevious,1
04.02.2013,10:48 AM,1197.3,LHS,Rural,Martur,Collision Brush/Side Wipe,Unknown    Vehicle hit Pedestrain,Unknown,Grievious injury,Over speed,Four lanes or more with central divider,Straight road,,Fine,Unknown Vehicle ,YES,Minor,0
04.02.2013,10:48 AM,1197.3,LHS,Rural,Martur,Collision Brush/Side Wipe,Unknown    Vehicle hit Pedestrain,Unknown,Grievious injury,Over speed,Four lanes or more with central divider,Straight road,,Fine,Unknown Vehicle ,YES,Non injured ,0
04.02.2013,10:48 AM,1197.3,LHS,Rural,Martur,Collision Brush/Side Wipe,Unknown    Vehicle hit Pedestrain,Unknown,Grievious injury,Over speed,Four lanes or more with central divider,Straight road,,Fine,Unknown Vehicle ,YES,Animals affected,0
04.02.2013,11:50 AM,1355,RHS,Rural,Kodavaluru,Rear End Collision,Tata Magic Auto hit Lorry,Auto,Grievious injury,Over speed,Four lanes or more with central divider,Straight road,,Fine,AP26TV     1456,YES,Fatal,0
04.02.2013,11:50 AM,1355,RHS,Rural,Kodavaluru,Rear End Collision,Tata Magic Auto hit Lorry,Auto,Grievious injury,Over speed,Four lanes or more with central divider,Straight road,,Fine,AP26TV     1456,YES,Grevious,2
04.02.2013,11:50 AM,1355,RHS,Rural,Kodavaluru,Rear End Collision,Tata Magic Auto hit Lorry,Auto,Grievious injury,Over speed,Four lanes or more with central divider,Straight road,,Fine,AP26TV     1456,YES,Minor,0
04.02.2013,11:50 AM,1355,RHS,Rural,Kodavaluru,Rear End Collision,Tata Magic Auto hit Lorry,Auto,Grievious injury,Over speed,Four lanes or more with central divider,Straight road,,Fine,AP26TV     1456,YES,Non injured ,5
04.02.2013,11:50 AM,1355,RHS,Rural,Kodavaluru,Rear End Collision,Tata Magic Auto hit Lorry,Auto,Grievious injury,Over speed,Four lanes or more with central divider,Straight road,,Fine,AP26TV     1456,YES,Animals affected,0
06.02.2013,10:55 AM,1270.2,RHS,Rural,Jarugumalli,Skidding,Bike   Skidding,Bike,Minor injury,Druken,Four lanes or more with central divider,Straight road,,Fine,F/R,YES,Fatal,0
06.02.2013,10:55 AM,1270.2,RHS,Rural,Jarugumalli,Skidding,Bike   Skidding,Bike,Minor injury,Druken,Four lanes or more with central divider,Straight road,,Fine,F/R,YES,Grevious,0
06.02.2013,10:55 AM,1270.2,RHS,Rural,Jarugumalli,Skidding,Bike   Skidding,Bike,Minor injury,Druken,Four lanes or more with central divider,Straight road,,Fine,F/R,YES,Minor,1
06.02.2013,10:55 AM,1270.2,RHS,Rural,Jarugumalli,Skidding,Bike   Skidding,Bike,Minor injury,Druken,Four lanes or more with central divider,Straight road,,Fine,F/R,YES,Non injured ,0
06.02.2013,10:55 AM,1270.2,RHS,Rural,Jarugumalli,Skidding,Bike   Skidding,Bike,Minor injury,Druken,Four lanes or more with central divider,Straight road,,Fine,F/R,YES,Animals affected,0
06.02.2013,7:25 PM,1216.6,LHS,Rural,Medarametla,Head on collision,Tata Ace Auto hit Mini Lorry,Tata Ace,Grievious injury,Over speed,Four lanes or more with central divider,Slight curve,,Fine,AP28Y     8101,YES,Fatal,0
06.02.2013,7:25 PM,1216.6,LHS,Rural,Medarametla,Head on collision,Tata Ace Auto hit Mini Lorry,Tata Ace,Grievious injury,Over speed,Four lanes or more with central divider,Slight curve,,Fine,AP28Y     8101,YES,Grevious,1
06.02.2013,7:25 PM,1216.6,LHS,Rural,Medarametla,Head on collision,Tata Ace Auto hit Mini Lorry,Tata Ace,Grievious injury,Over speed,Four lanes or more with central divider,Slight curve,,Fine,AP28Y     8101,YES,Minor,0
06.02.2013,7:25 PM,1216.6,LHS,Rural,Medarametla,Head on collision,Tata Ace Auto hit Mini Lorry,Tata Ace,Grievious injury,Over speed,Four lanes or more with central divider,Slight curve,,Fine,AP28Y     8101,YES,Non injured ,2
06.02.2013,7:25 PM,1216.6,LHS,Rural,Medarametla,Head on collision,Tata Ace Auto hit Mini Lorry,Tata Ace,Grievious injury,Over speed,Four lanes or more with central divider,Slight curve,,Fine,AP28Y     8101,YES,Animals affected,0
07.02.2013,3:30 AM,1209.8,LHS,Rural,Reningavaram,Rear End Collision,Mini Lorry    hit Unknown Vehicle,Lorry,Non injury,Over speed,Four lanes or more with central divider,Slight curve,,Fine,GJ3AC   2225,YES,Fatal,0
07.02.2013,3:30 AM,1209.8,LHS,Rural,Reningavaram,Rear End Collision,Mini Lorry    hit Unknown Vehicle,Lorry,Non injury,Over speed,Four lanes or more with central divider,Slight curve,,Fine,GJ3AC   2225,YES,Grevious,0
07.02.2013,3:30 AM,1209.8,LHS,Rural,Reningavaram,Rear End Collision,Mini Lorry    hit Unknown Vehicle,Lorry,Non injury,Over speed,Four lanes or more with central divider,Slight curve,,Fine,GJ3AC   2225,YES,Minor,0
07.02.2013,3:30 AM,1209.8,LHS,Rural,Reningavaram,Rear End Collision,Mini Lorry    hit Unknown Vehicle,Lorry,Non injury,Over speed,Four lanes or more with central divider,Slight curve,,Fine,GJ3AC   2225,YES,Non injured ,2
07.02.2013,3:30 AM,1209.8,LHS,Rural,Reningavaram,Rear End Collision,Mini Lorry    hit Unknown Vehicle,Lorry,Non injury,Over speed,Four lanes or more with central divider,Slight curve,,Fine,GJ3AC   2225,YES,Animals affected,0
07.02.2013,6:30 AM,1188.4,RHS,Rural,Martur,Rear End Collision,Lorry hit Lorry,Lorry,Non injury,Over speed,Four lanes or more with central divider,Straight road,Four arm junction,Fine,HR23C    1412,YES,Fatal,0
07.02.2013,6:30 AM,1188.4,RHS,Rural,Martur,Rear End Collision,Lorry hit Lorry,Lorry,Non injury,Over speed,Four lanes or more with central divider,Straight road,Four arm junction,Fine,HR23C    1412,YES,Grevious,0
07.02.2013,6:30 AM,1188.4,RHS,Rural,Martur,Rear End Collision,Lorry hit Lorry,Lorry,Non injury,Over speed,Four lanes or more with central divider,Straight road,Four arm junction,Fine,HR23C    1412,YES,Minor,0
07.02.2013,6:30 AM,1188.4,RHS,Rural,Martur,Rear End Collision,Lorry hit Lorry,Lorry,Non injury,Over speed,Four lanes or more with central divider,Straight road,Four arm junction,Fine,HR23C    1412,YES,Non injured ,2
07.02.2013,6:30 AM,1188.4,RHS,Rural,Martur,Rear End Collision,Lorry hit Lorry,Lorry,Non injury,Over speed,Four lanes or more with central divider,Straight road,Four arm junction,Fine,HR23C    1412,YES,Animals affected,0
07.02.2013,12:02 PM,1340.6,LHS,Rural,Dagadarthi,Overturning,Oil Tankar   Over Turned,Tanker,Fatal,Druken,Four lanes or more with central divider,Straight road,,Fine,AP37TB        1249,YES,Fatal,1
07.02.2013,12:02 PM,1340.6,LHS,Rural,Dagadarthi,Overturning,Oil Tankar   Over Turned,Tanker,Fatal,Druken,Four lanes or more with central divider,Straight road,,Fine,AP37TB        1249,YES,Grevious,1
07.02.2013,12:02 PM,1340.6,LHS,Rural,Dagadarthi,Overturning,Oil Tankar   Over Turned,Tanker,Fatal,Druken,Four lanes or more with central divider,Straight road,,Fine,AP37TB        1249,YES,Minor,0
07.02.2013,12:02 PM,1340.6,LHS,Rural,Dagadarthi,Overturning,Oil Tankar   Over Turned,Tanker,Fatal,Druken,Four lanes or more with central divider,Straight road,,Fine,AP37TB        1249,YES,Non injured ,2
07.02.2013,12:02 PM,1340.6,LHS,Rural,Dagadarthi,Overturning,Oil Tankar   Over Turned,Tanker,Fatal,Druken,Four lanes or more with central divider,Straight road,,Fine,AP37TB        1249,YES,Animals affected,0
08.02.2013,1:00 AM,1340.7,RHS,Rural,Dagadarthi,Overturning,Car   Over Turned,Car,Non injury,Over speed,Four lanes or more with central divider,Straight road,,Fine,AP27AM    6326,YES,Fatal,0
08.02.2013,1:00 AM,1340.7,RHS,Rural,Dagadarthi,Overturning,Car   Over Turned,Car,Non injury,Over speed,Four lanes or more with central divider,Straight road,,Fine,AP27AM    6326,YES,Grevious,0
08.02.2013,1:00 AM,1340.7,RHS,Rural,Dagadarthi,Overturning,Car   Over Turned,Car,Non injury,Over speed,Four lanes or more with central divider,Straight road,,Fine,AP27AM    6326,YES,Minor,0
08.02.2013,1:00 AM,1340.7,RHS,Rural,Dagadarthi,Overturning,Car   Over Turned,Car,Non injury,Over speed,Four lanes or more with central divider,Straight road,,Fine,AP27AM    6326,YES,Non injured ,3
08.02.2013,1:00 AM,1340.7,RHS,Rural,Dagadarthi,Overturning,Car   Over Turned,Car,Non injury,Over speed,Four lanes or more with central divider,Straight road,,Fine,AP27AM    6326,YES,Animals affected,0
09.02.2013,3:30 AM,1286.7,RHS,Rural,Ulavapadu,Overturning,Tractor Over Turned,Tractor,Non injury,Over speed,Four lanes or more with central divider,Straight road,,Fine,F/R,YES,Fatal,0
09.02.2013,3:30 AM,1286.7,RHS,Rural,Ulavapadu,Overturning,Tractor Over Turned,Tractor,Non injury,Over speed,Four lanes or more with central divider,Straight road,,Fine,F/R,YES,Grevious,0
09.02.2013,3:30 AM,1286.7,RHS,Rural,Ulavapadu,Overturning,Tractor Over Turned,Tractor,Non injury,Over speed,Four lanes or more with central divider,Straight road,,Fine,F/R,YES,Minor,0
09.02.2013,3:30 AM,1286.7,RHS,Rural,Ulavapadu,Overturning,Tractor Over Turned,Tractor,Non injury,Over speed,Four lanes or more with central divider,Straight road,,Fine,F/R,YES,Non injured ,2
09.02.2013,3:30 AM,1286.7,RHS,Rural,Ulavapadu,Overturning,Tractor Over Turned,Tractor,Non injury,Over speed,Four lanes or more with central divider,Straight road,,Fine,F/R,YES,Animals affected,0
09.02.2013,7:50 AM,1352.9,RHS,Rural,Kodavaluru,Collision Brush/Side Wipe, Lorry hit Pedestrian,Lorry,Grievious injury,Over speed,Four lanes or more with central divider,Straight road,,Fine,AP26TA 5259,YES,Fatal,0
09.02.2013,7:50 AM,1352.9,RHS,Rural,Kodavaluru,Collision Brush/Side Wipe, Lorry hit Pedestrian,Lorry,Grievious injury,Over speed,Four lanes or more with central divider,Straight road,,Fine,AP26TA 5259,YES,Grevious,1
09.02.2013,7:50 AM,1352.9,RHS,Rural,Kodavaluru,Collision Brush/Side Wipe, Lorry hit Pedestrian,Lorry,Grievious injury,Over speed,Four lanes or more with central divider,Straight road,,Fine,AP26TA 5259,YES,Minor,0
09.02.2013,7:50 AM,1352.9,RHS,Rural,Kodavaluru,Collision Brush/Side Wipe, Lorry hit Pedestrian,Lorry,Grievious injury,Over speed,Four lanes or more with central divider,Straight road,,Fine,AP26TA 5259,YES,Non injured ,0
09.02.2013,7:50 AM,1352.9,RHS,Rural,Kodavaluru,Collision Brush/Side Wipe, Lorry hit Pedestrian,Lorry,Grievious injury,Over speed,Four lanes or more with central divider,Straight road,,Fine,AP26TA 5259,YES,Animals affected,0
09.02.2013,4:20 PM,1240.6,LHS,Rural,Ongole,Overturning, Lorry Over Turned,Lorry,Non injury,Fault of driver of motor vehicle/driver of other vehicle/cyclist/pedestrian/passenger,Four lanes or more with central divider,Sharp curve,,Fine,AP29TT 6878,YES,Fatal,0
09.02.2013,4:20 PM,1240.6,LHS,Rural,Ongole,Overturning, Lorry Over Turned,Lorry,Non injury,Fault of driver of motor vehicle/driver of other vehicle/cyclist/pedestrian/passenger,Four lanes or more with central divider,Sharp curve,,Fine,AP29TT 6878,YES,Grevious,0
09.02.2013,4:20 PM,1240.6,LHS,Rural,Ongole,Overturning, Lorry Over Turned,Lorry,Non injury,Fault of driver of motor vehicle/driver of other vehicle/cyclist/pedestrian/passenger,Four lanes or more with central divider,Sharp curve,,Fine,AP29TT 6878,YES,Minor,0
09.02.2013,4:20 PM,1240.6,LHS,Rural,Ongole,Overturning, Lorry Over Turned,Lorry,Non injury,Fault of driver of motor vehicle/driver of other vehicle/cyclist/pedestrian/passenger,Four lanes or more with central divider,Sharp curve,,Fine,AP29TT 6878,YES,Non injured ,2
09.02.2013,4:20 PM,1240.6,LHS,Rural,Ongole,Overturning, Lorry Over Turned,Lorry,Non injury,Fault of driver of motor vehicle/driver of other vehicle/cyclist/pedestrian/passenger,Four lanes or more with central divider,Sharp curve,,Fine,AP29TT 6878,YES,Animals affected,0
09.02.2013,6:20 PM,1273,LHS,Rural,Singarayakonda,Head on collision, Car hit Car,Car,Grievious injury,Fault of driver of motor vehicle/driver of other vehicle/cyclist/pedestrian/passenger,Four lanes or more with central divider,Straight road,,Fine,AP28D        9,YES,Fatal,0
09.02.2013,6:20 PM,1273,LHS,Rural,Singarayakonda,Head on collision, Car hit Car,Car,Grievious injury,Fault of driver of motor vehicle/driver of other vehicle/cyclist/pedestrian/passenger,Four lanes or more with central divider,Straight road,,Fine,AP28D        9,YES,Grevious,2
09.02.2013,6:20 PM,1273,LHS,Rural,Singarayakonda,Head on collision, Car hit Car,Car,Grievious injury,Fault of driver of motor vehicle/driver of other vehicle/cyclist/pedestrian/passenger,Four lanes or more with central divider,Straight road,,Fine,AP28D        9,YES,Minor,4
09.02.2013,6:20 PM,1273,LHS,Rural,Singarayakonda,Head on collision, Car hit Car,Car,Grievious injury,Fault of driver of motor vehicle/driver of other vehicle/cyclist/pedestrian/passenger,Four lanes or more with central divider,Straight road,,Fine,AP28D        9,YES,Non injured ,5
09.02.2013,6:20 PM,1273,LHS,Rural,Singarayakonda,Head on collision, Car hit Car,Car,Grievious injury,Fault of driver of motor vehicle/driver of other vehicle/cyclist/pedestrian/passenger,Four lanes or more with central divider,Straight road,,Fine,AP28D        9,YES,Animals affected,0
10.02.2013,3:55 AM,1218,RHS,Rural,Medarametla,Overturning, Lorry Over Turned,Lorry,Non injury,Over speed,Four lanes or more with central divider,Slight curve,,Fine,AP16X   9499,YES,Fatal,0
10.02.2013,3:55 AM,1218,RHS,Rural,Medarametla,Overturning, Lorry Over Turned,Lorry,Non injury,Over speed,Four lanes or more with central divider,Slight curve,,Fine,AP16X   9499,YES,Grevious,0
10.02.2013,3:55 AM,1218,RHS,Rural,Medarametla,Overturning, Lorry Over Turned,Lorry,Non injury,Over speed,Four lanes or more with central divider,Slight curve,,Fine,AP16X   9499,YES,Minor,0
10.02.2013,3:55 AM,1218,RHS,Rural,Medarametla,Overturning, Lorry Over Turned,Lorry,Non injury,Over speed,Four lanes or more with central divider,Slight curve,,Fine,AP16X   9499,YES,Non injured ,2
10.02.2013,3:55 AM,1218,RHS,Rural,Medarametla,Overturning, Lorry Over Turned,Lorry,Non injury,Over speed,Four lanes or more with central divider,Slight curve,,Fine,AP16X   9499,YES,Animals affected,0
10.02.2013,5:00 AM,1236.6,RHS,Rural,Maddipadu,Overturning, Lorry Over Turned,Lorry,Non injury,Fault of driver of motor vehicle/driver of other vehicle/cyclist/pedestrian/passenger,Four lanes or more with central divider,Straight road,,Fine,TN18J   9767,YES,Fatal,0
10.02.2013,5:00 AM,1236.6,RHS,Rural,Maddipadu,Overturning, Lorry Over Turned,Lorry,Non injury,Fault of driver of motor vehicle/driver of other vehicle/cyclist/pedestrian/passenger,Four lanes or more with central divider,Straight road,,Fine,TN18J   9767,YES,Grevious,0
10.02.2013,5:00 AM,1236.6,RHS,Rural,Maddipadu,Overturning, Lorry Over Turned,Lorry,Non injury,Fault of driver of motor vehicle/driver of other vehicle/cyclist/pedestrian/passenger,Four lanes or more with central divider,Straight road,,Fine,TN18J   9767,YES,Minor,0
10.02.2013,5:00 AM,1236.6,RHS,Rural,Maddipadu,Overturning, Lorry Over Turned,Lorry,Non injury,Fault of driver of motor vehicle/driver of other vehicle/cyclist/pedestrian/passenger,Four lanes or more with central divider,Straight road,,Fine,TN18J   9767,YES,Non injured ,2
10.02.2013,5:00 AM,1236.6,RHS,Rural,Maddipadu,Overturning, Lorry Over Turned,Lorry,Non injury,Fault of driver of motor vehicle/driver of other vehicle/cyclist/pedestrian/passenger,Four lanes or more with central divider,Straight road,,Fine,TN18J   9767,YES,Animals affected,0
10.02.2013,9:00 AM,1204.6,RHS,Rural,Reningavaram,Collision Brush/Side Wipe, Car hit Safety Wall,Car,Non injury,Fault of driver of motor vehicle/driver of other vehicle/cyclist/pedestrian/passenger,Four lanes or more with central divider,Straight road,,Fine,AP16TX 0889,YES,Fatal,0
10.02.2013,9:00 AM,1204.6,RHS,Rural,Reningavaram,Collision Brush/Side Wipe, Car hit Safety Wall,Car,Non injury,Fault of driver of motor vehicle/driver of other vehicle/cyclist/pedestrian/passenger,Four lanes or more with central divider,Straight road,,Fine,AP16TX 0889,YES,Grevious,0
10.02.2013,9:00 AM,1204.6,RHS,Rural,Reningavaram,Collision Brush/Side Wipe, Car hit Safety Wall,Car,Non injury,Fault of driver of motor vehicle/driver of other vehicle/cyclist/pedestrian/passenger,Four lanes or more with central divider,Straight road,,Fine,AP16TX 0889,YES,Minor,0
10.02.2013,9:00 AM,1204.6,RHS,Rural,Reningavaram,Collision Brush/Side Wipe, Car hit Safety Wall,Car,Non injury,Fault of driver of motor vehicle/driver of other vehicle/cyclist/pedestrian/passenger,Four lanes or more with central divider,Straight road,,Fine,AP16TX 0889,YES,Non injured ,6
10.02.2013,9:00 AM,1204.6,RHS,Rural,Reningavaram,Collision Brush/Side Wipe, Car hit Safety Wall,Car,Non injury,Fault of driver of motor vehicle/driver of other vehicle/cyclist/pedestrian/passenger,Four lanes or more with central divider,Straight road,,Fine,AP16TX 0889,YES,Animals affected,0
10.02.2013,7:00 PM,1221.2,LHS,Rural,Medarametla,Others(p1.Specific), Collision in Y- Junction ,Collision,Minor injury,Over speed,Three lanes or more without central divider(median),Straight road,Y-Junction,Fine,HR63A   2528,YES,Fatal,0
10.02.2013,7:00 PM,1221.2,LHS,Rural,Medarametla,Others(p1.Specific), Collision in Y- Junction ,Collision,Minor injury,Over speed,Three lanes or more without central divider(median),Straight road,Y-Junction,Fine,HR63A   2528,YES,Grevious,0
10.02.2013,7:00 PM,1221.2,LHS,Rural,Medarametla,Others(p1.Specific), Collision in Y- Junction ,Collision,Minor injury,Over speed,Three lanes or more without central divider(median),Straight road,Y-Junction,Fine,HR63A   2528,YES,Minor,1
10.02.2013,7:00 PM,1221.2,LHS,Rural,Medarametla,Others(p1.Specific), Collision in Y- Junction ,Collision,Minor injury,Over speed,Three lanes or more without central divider(median),Straight road,Y-Junction,Fine,HR63A   2528,YES,Non injured ,42
10.02.2013,7:00 PM,1221.2,LHS,Rural,Medarametla,Others(p1.Specific), Collision in Y- Junction ,Collision,Minor injury,Over speed,Three lanes or more without central divider(median),Straight road,Y-Junction,Fine,HR63A   2528,YES,Animals affected,0
11.02.2013,9:20 AM,1314.2,LHS,Rural,Kavali,Overturning, Lorry Over Turned,Lorry,Non injury,Over speed,Four lanes or more with central divider,Straight road,,Fine,AP16TV         6876,YES,Fatal,0
11.02.2013,9:20 AM,1314.2,LHS,Rural,Kavali,Overturning, Lorry Over Turned,Lorry,Non injury,Over speed,Four lanes or more with central divider,Straight road,,Fine,AP16TV         6876,YES,Grevious,0
11.02.2013,9:20 AM,1314.2,LHS,Rural,Kavali,Overturning, Lorry Over Turned,Lorry,Non injury,Over speed,Four lanes or more with central divider,Straight road,,Fine,AP16TV         6876,YES,Minor,0
11.02.2013,9:20 AM,1314.2,LHS,Rural,Kavali,Overturning, Lorry Over Turned,Lorry,Non injury,Over speed,Four lanes or more with central divider,Straight road,,Fine,AP16TV         6876,YES,Non injured ,2
11.02.2013,9:20 AM,1314.2,LHS,Rural,Kavali,Overturning, Lorry Over Turned,Lorry,Non injury,Over speed,Four lanes or more with central divider,Straight road,,Fine,AP16TV         6876,YES,Animals affected,0
12.02.2013,5:40 AM,1231.5,RHS,Rural,Maddipadu,Collision Brush/Side Wipe,Unknown    Vehicle hit Pedestrain,Unknown,Fatal,Over speed,Four lanes or more with central divider,Straight road,,Fine,Unknown Vehicle ,YES,Fatal,1
12.02.2013,5:40 AM,1231.5,RHS,Rural,Maddipadu,Collision Brush/Side Wipe,Unknown    Vehicle hit Pedestrain,Unknown,Fatal,Over speed,Four lanes or more with central divider,Straight road,,Fine,Unknown Vehicle ,YES,Grevious,0
12.02.2013,5:40 AM,1231.5,RHS,Rural,Maddipadu,Collision Brush/Side Wipe,Unknown    Vehicle hit Pedestrain,Unknown,Fatal,Over speed,Four lanes or more with central divider,Straight road,,Fine,Unknown Vehicle ,YES,Minor,0
12.02.2013,5:40 AM,1231.5,RHS,Rural,Maddipadu,Collision Brush/Side Wipe,Unknown    Vehicle hit Pedestrain,Unknown,Fatal,Over speed,Four lanes or more with central divider,Straight road,,Fine,Unknown Vehicle ,YES,Non injured ,0
12.02.2013,5:40 AM,1231.5,RHS,Rural,Maddipadu,Collision Brush/Side Wipe,Unknown    Vehicle hit Pedestrain,Unknown,Fatal,Over speed,Four lanes or more with central divider,Straight road,,Fine,Unknown Vehicle ,YES,Animals affected,0
12.02.2013,3:00 PM,1323.9,RHS,Rural,Kavali,Others(p1.Specific),Car hit Bike,Car,Grievious injury,Over speed,Four lanes or more with central divider,Slight curve,,Fine,AP26Q  3114,YES,Fatal,0
12.02.2013,3:00 PM,1323.9,RHS,Rural,Kavali,Others(p1.Specific),Car hit Bike,Car,Grievious injury,Over speed,Four lanes or more with central divider,Slight curve,,Fine,AP26Q  3114,YES,Grevious,1
12.02.2013,3:00 PM,1323.9,RHS,Rural,Kavali,Others(p1.Specific),Car hit Bike,Car,Grievious injury,Over speed,Four lanes or more with central divider,Slight curve,,Fine,AP26Q  3114,YES,Minor,1
12.02.2013,3:00 PM,1323.9,RHS,Rural,Kavali,Others(p1.Specific),Car hit Bike,Car,Grievious injury,Over speed,Four lanes or more with central divider,Slight curve,,Fine,AP26Q  3114,YES,Non injured ,3
12.02.2013,3:00 PM,1323.9,RHS,Rural,Kavali,Others(p1.Specific),Car hit Bike,Car,Grievious injury,Over speed,Four lanes or more with central divider,Slight curve,,Fine,AP26Q  3114,YES,Animals affected,0
12.02.2013,4:20 PM,1311.2,RHS,Rural,Kavali,Overturning,Tata Ace Over turned ,Tata Ace,Non injury,Over speed,Four lanes or more with central divider,Straight road,,Fine,AP16Y 8945,YES,Fatal,0
12.02.2013,4:20 PM,1311.2,RHS,Rural,Kavali,Overturning,Tata Ace Over turned ,Tata Ace,Non injury,Over speed,Four lanes or more with central divider,Straight road,,Fine,AP16Y 8945,YES,Grevious,0
12.02.2013,4:20 PM,1311.2,RHS,Rural,Kavali,Overturning,Tata Ace Over turned ,Tata Ace,Non injury,Over speed,Four lanes or more with central divider,Straight road,,Fine,AP16Y 8945,YES,Minor,0
12.02.2013,4:20 PM,1311.2,RHS,Rural,Kavali,Overturning,Tata Ace Over turned ,Tata Ace,Non injury,Over speed,Four lanes or more with central divider,Straight road,,Fine,AP16Y 8945,YES,Non injured ,1
12.02.2013,4:20 PM,1311.2,RHS,Rural,Kavali,Overturning,Tata Ace Over turned ,Tata Ace,Non injury,Over speed,Four lanes or more with central divider,Straight road,,Fine,AP16Y 8945,YES,Animals affected,0
13.02.2013,6:00 AM,1213.6,LHS,Rural,Medarametla,Rear End Collision,RTC Bus hit Bike,Bus,Grievious injury,Over speed,Four lanes or more with central divider,Straight road,,Fine,AP29Z    707,YES,Fatal,0
13.02.2013,6:00 AM,1213.6,LHS,Rural,Medarametla,Rear End Collision,RTC Bus hit Bike,Bus,Grievious injury,Over speed,Four lanes or more with central divider,Straight road,,Fine,AP29Z    707,YES,Grevious,1
13.02.2013,6:00 AM,1213.6,LHS,Rural,Medarametla,Rear End Collision,RTC Bus hit Bike,Bus,Grievious injury,Over speed,Four lanes or more with central divider,Straight road,,Fine,AP29Z    707,YES,Minor,0
13.02.2013,6:00 AM,1213.6,LHS,Rural,Medarametla,Rear End Collision,RTC Bus hit Bike,Bus,Grievious injury,Over speed,Four lanes or more with central divider,Straight road,,Fine,AP29Z    707,YES,Non injured ,27
13.02.2013,6:00 AM,1213.6,LHS,Rural,Medarametla,Rear End Collision,RTC Bus hit Bike,Bus,Grievious injury,Over speed,Four lanes or more with central divider,Straight road,,Fine,AP29Z    707,YES,Animals affected,0
13.02.2013,11:25 AM,1270.8,LHS,Rural,Jarugumalli,Rear End Collision,Tipper hit Car,Lorry,Non injury,Over speed,Four lanes or more with central divider,Straight road,,Fine,AP26TA    4379,YES,Fatal,0
13.02.2013,11:25 AM,1270.8,LHS,Rural,Jarugumalli,Rear End Collision,Tipper hit Car,Lorry,Non injury,Over speed,Four lanes or more with central divider,Straight road,,Fine,AP26TA    4379,YES,Grevious,0
13.02.2013,11:25 AM,1270.8,LHS,Rural,Jarugumalli,Rear End Collision,Tipper hit Car,Lorry,Non injury,Over speed,Four lanes or more with central divider,Straight road,,Fine,AP26TA    4379,YES,Minor,0
13.02.2013,11:25 AM,1270.8,LHS,Rural,Jarugumalli,Rear End Collision,Tipper hit Car,Lorry,Non injury,Over speed,Four lanes or more with central divider,Straight road,,Fine,AP26TA    4379,YES,Non injured ,4
13.02.2013,11:25 AM,1270.8,LHS,Rural,Jarugumalli,Rear End Collision,Tipper hit Car,Lorry,Non injury,Over speed,Four lanes or more with central divider,Straight road,,Fine,AP26TA    4379,YES,Animals affected,0
13.02.2013,3:30 PM,1298.2,RHS,Rural,Ulavapadu,Overturning,Car   Over Turned,Car,Non injury,Over speed,Four lanes or more with central divider,Straight road,,Fine,AP26AE   222,YES,Fatal,0
13.02.2013,3:30 PM,1298.2,RHS,Rural,Ulavapadu,Overturning,Car   Over Turned,Car,Non injury,Over speed,Four lanes or more with central divider,Straight road,,Fine,AP26AE   222,YES,Grevious,0
13.02.2013,3:30 PM,1298.2,RHS,Rural,Ulavapadu,Overturning,Car   Over Turned,Car,Non injury,Over speed,Four lanes or more with central divider,Straight road,,Fine,AP26AE   222,YES,Minor,0
13.02.2013,3:30 PM,1298.2,RHS,Rural,Ulavapadu,Overturning,Car   Over Turned,Car,Non injury,Over speed,Four lanes or more with central divider,Straight road,,Fine,AP26AE   222,YES,Non injured ,1
13.02.2013,3:30 PM,1298.2,RHS,Rural,Ulavapadu,Overturning,Car   Over Turned,Car,Non injury,Over speed,Four lanes or more with central divider,Straight road,,Fine,AP26AE   222,YES,Animals affected,0
14.02.2013,9:05 AM,1294.7,LHS,Rural,Ulavapadu,Overturning, Lorry Over Turned,Lorry,Minor injury,Over speed,Four lanes or more with central divider,Slight curve,,Fine,AP16TU    2912,YES,Fatal,0
14.02.2013,9:05 AM,1294.7,LHS,Rural,Ulavapadu,Overturning, Lorry Over Turned,Lorry,Minor injury,Over speed,Four lanes or more with central divider,Slight curve,,Fine,AP16TU    2912,YES,Grevious,0
14.02.2013,9:05 AM,1294.7,LHS,Rural,Ulavapadu,Overturning, Lorry Over Turned,Lorry,Minor injury,Over speed,Four lanes or more with central divider,Slight curve,,Fine,AP16TU    2912,YES,Minor,1
14.02.2013,9:05 AM,1294.7,LHS,Rural,Ulavapadu,Overturning, Lorry Over Turned,Lorry,Minor injury,Over speed,Four lanes or more with central divider,Slight curve,,Fine,AP16TU    2912,YES,Non injured ,1
14.02.2013,9:05 AM,1294.7,LHS,Rural,Ulavapadu,Overturning, Lorry Over Turned,Lorry,Minor injury,Over speed,Four lanes or more with central divider,Slight curve,,Fine,AP16TU    2912,YES,Animals affected,0
14.02.2013,2:50 PM,1202,LHS,Rural,Reningavaram,Rear End Collision,Car hit   Unknown Vehicle,Car,Minor injury,Over speed,Four lanes or more with central divider,Straight road,,Fine,AP26AP    6869,YES,Fatal,0