Operational date,Time of Accident,KM && M,Position,Rural/Urban,Location,Nature of Accident Position,Nature of Accident,Vehicle Involved,Type of Accident,Causes,Road Feature,Road condition,Intersection Type And Control,Weather Condition,Vehicle Responsible,Help Provided by Ambulance/Patroling Vehicle,Classification of Accident,No of Affected Persons
14.02.2013,2:50 PM,1202,LHS,Rural,Reningavaram,Rear End Collision,Car hit   Unknown Vehicle,Car,Minor injury,Over speed,Four lanes or more with central divider,Straight road,,Fine,AP26AP    6869,YES,Grevious,0
14.02.2013,2:50 PM,1202,LHS,Rural,Reningavaram,Rear End Collision,Car hit   Unknown Vehicle,Car,Minor injury,Over speed,Four lanes or more with central divider,Straight road,,Fine,AP26AP    6869,YES,Minor,1
14.02.2013,2:50 PM,1202,LHS,Rural,Reningavaram,Rear End Collision,Car hit   Unknown Vehicle,Car,Minor injury,Over speed,Four lanes or more with central divider,Straight road,,Fine,AP26AP    6869,YES,Non injured ,0
14.02.2013,2:50 PM,1202,LHS,Rural,Reningavaram,Rear End Collision,Car hit   Unknown Vehicle,Car,Minor injury,Over speed,Four lanes or more with central divider,Straight road,,Fine,AP26AP    6869,YES,Animals affected,0
14.02.2013,3:05 PM,1206.7,LHS,Rural,Reningavaram,Overturning, Lorry Over Turned,Lorry,Fatal,Over speed,Four lanes or more with central divider,Straight road,,Fine,AP16TW     7699,YES,Fatal,1
14.02.2013,3:05 PM,1206.7,LHS,Rural,Reningavaram,Overturning, Lorry Over Turned,Lorry,Fatal,Over speed,Four lanes or more with central divider,Straight road,,Fine,AP16TW     7699,YES,Grevious,1
14.02.2013,3:05 PM,1206.7,LHS,Rural,Reningavaram,Overturning, Lorry Over Turned,Lorry,Fatal,Over speed,Four lanes or more with central divider,Straight road,,Fine,AP16TW     7699,YES,Minor,4
14.02.2013,3:05 PM,1206.7,LHS,Rural,Reningavaram,Overturning, Lorry Over Turned,Lorry,Fatal,Over speed,Four lanes or more with central divider,Straight road,,Fine,AP16TW     7699,YES,Non injured ,0
14.02.2013,3:05 PM,1206.7,LHS,Rural,Reningavaram,Overturning, Lorry Over Turned,Lorry,Fatal,Over speed,Four lanes or more with central divider,Straight road,,Fine,AP16TW     7699,YES,Animals affected,0
15.02.2013,9:00 AM,1350,LHS,Rural,Kodavaluru,Collision Brush/Side Wipe, Lorry hit Buffalo's,Lorry,Non injury,Druken,Four lanes or more with central divider,Slight curve,,Fine,AP37W   6119,YES,Fatal,0
15.02.2013,9:00 AM,1350,LHS,Rural,Kodavaluru,Collision Brush/Side Wipe, Lorry hit Buffalo's,Lorry,Non injury,Druken,Four lanes or more with central divider,Slight curve,,Fine,AP37W   6119,YES,Grevious,0
15.02.2013,9:00 AM,1350,LHS,Rural,Kodavaluru,Collision Brush/Side Wipe, Lorry hit Buffalo's,Lorry,Non injury,Druken,Four lanes or more with central divider,Slight curve,,Fine,AP37W   6119,YES,Minor,0
15.02.2013,9:00 AM,1350,LHS,Rural,Kodavaluru,Collision Brush/Side Wipe, Lorry hit Buffalo's,Lorry,Non injury,Druken,Four lanes or more with central divider,Slight curve,,Fine,AP37W   6119,YES,Non injured ,1
15.02.2013,9:00 AM,1350,LHS,Rural,Kodavaluru,Collision Brush/Side Wipe, Lorry hit Buffalo's,Lorry,Non injury,Druken,Four lanes or more with central divider,Slight curve,,Fine,AP37W   6119,YES,Animals affected,4
15.02.2013,6:17 PM,1214.3,LHS,Rural,Medarametla, ,)Lorry hit Tractor,Lorry,Non injury,Over speed,Four lanes or more with central divider,Straight road,,Fine,KA04Q  4949,YES,Fatal,0
15.02.2013,6:17 PM,1214.3,LHS,Rural,Medarametla, ,)Lorry hit Tractor,Lorry,Non injury,Over speed,Four lanes or more with central divider,Straight road,,Fine,KA04Q  4949,YES,Grevious,0
15.02.2013,6:17 PM,1214.3,LHS,Rural,Medarametla, ,)Lorry hit Tractor,Lorry,Non injury,Over speed,Four lanes or more with central divider,Straight road,,Fine,KA04Q  4949,YES,Minor,0
15.02.2013,6:17 PM,1214.3,LHS,Rural,Medarametla, ,)Lorry hit Tractor,Lorry,Non injury,Over speed,Four lanes or more with central divider,Straight road,,Fine,KA04Q  4949,YES,Non injured ,5
15.02.2013,6:17 PM,1214.3,LHS,Rural,Medarametla, ,)Lorry hit Tractor,Lorry,Non injury,Over speed,Four lanes or more with central divider,Straight road,,Fine,KA04Q  4949,YES,Animals affected,0
15.02.2013,8:10 PM,1191.8,RHS,Rural,Martur,Collision Brush/Side Wipe,Unknown    Vehicle hit Pedestrain,Unknown,Grievious injury,Over speed,Four lanes or more with central divider,Straight road,,Fine,Unknown Vehicle ,YES,Fatal,0
15.02.2013,8:10 PM,1191.8,RHS,Rural,Martur,Collision Brush/Side Wipe,Unknown    Vehicle hit Pedestrain,Unknown,Grievious injury,Over speed,Four lanes or more with central divider,Straight road,,Fine,Unknown Vehicle ,YES,Grevious,1
15.02.2013,8:10 PM,1191.8,RHS,Rural,Martur,Collision Brush/Side Wipe,Unknown    Vehicle hit Pedestrain,Unknown,Grievious injury,Over speed,Four lanes or more with central divider,Straight road,,Fine,Unknown Vehicle ,YES,Minor,0
15.02.2013,8:10 PM,1191.8,RHS,Rural,Martur,Collision Brush/Side Wipe,Unknown    Vehicle hit Pedestrain,Unknown,Grievious injury,Over speed,Four lanes or more with central divider,Straight road,,Fine,Unknown Vehicle ,YES,Non injured ,0
15.02.2013,8:10 PM,1191.8,RHS,Rural,Martur,Collision Brush/Side Wipe,Unknown    Vehicle hit Pedestrain,Unknown,Grievious injury,Over speed,Four lanes or more with central divider,Straight road,,Fine,Unknown Vehicle ,YES,Animals affected,0
15.02.2013,10:30 PM,1273.4,RHS,Rural,Singarayakonda,Rear End Collision,Lorry hit   Car,Lorry,Non injury,Over speed,Four lanes or more with central divider,Straight road,,Fine,AP26TT   4989,YES,Fatal,0
15.02.2013,10:30 PM,1273.4,RHS,Rural,Singarayakonda,Rear End Collision,Lorry hit   Car,Lorry,Non injury,Over speed,Four lanes or more with central divider,Straight road,,Fine,AP26TT   4989,YES,Grevious,0
15.02.2013,10:30 PM,1273.4,RHS,Rural,Singarayakonda,Rear End Collision,Lorry hit   Car,Lorry,Non injury,Over speed,Four lanes or more with central divider,Straight road,,Fine,AP26TT   4989,YES,Minor,0
15.02.2013,10:30 PM,1273.4,RHS,Rural,Singarayakonda,Rear End Collision,Lorry hit   Car,Lorry,Non injury,Over speed,Four lanes or more with central divider,Straight road,,Fine,AP26TT   4989,YES,Non injured ,4
15.02.2013,10:30 PM,1273.4,RHS,Rural,Singarayakonda,Rear End Collision,Lorry hit   Car,Lorry,Non injury,Over speed,Four lanes or more with central divider,Straight road,,Fine,AP26TT   4989,YES,Animals affected,0
16.02.2013,4:40 AM,1207.7,LHS,Rural,Reningavaram,Rear End Collision, Car hit Lorry,Car,Grievious injury,Over speed,Four lanes or more with central divider,Straight road,,Fine,AP27AF 9642,YES,Fatal,0
16.02.2013,4:40 AM,1207.7,LHS,Rural,Reningavaram,Rear End Collision, Car hit Lorry,Car,Grievious injury,Over speed,Four lanes or more with central divider,Straight road,,Fine,AP27AF 9642,YES,Grevious,1
16.02.2013,4:40 AM,1207.7,LHS,Rural,Reningavaram,Rear End Collision, Car hit Lorry,Car,Grievious injury,Over speed,Four lanes or more with central divider,Straight road,,Fine,AP27AF 9642,YES,Minor,0
16.02.2013,4:40 AM,1207.7,LHS,Rural,Reningavaram,Rear End Collision, Car hit Lorry,Car,Grievious injury,Over speed,Four lanes or more with central divider,Straight road,,Fine,AP27AF 9642,YES,Non injured ,5
16.02.2013,4:40 AM,1207.7,LHS,Rural,Reningavaram,Rear End Collision, Car hit Lorry,Car,Grievious injury,Over speed,Four lanes or more with central divider,Straight road,,Fine,AP27AF 9642,YES,Animals affected,0
16.02.2013,7:30 AM,1247.9,RHS,Rural,Ongole,Rear End Collision, Car hit Car,Car,Minor injury,Over speed,Four lanes or more with central divider,Straight road,Four arm junction,Fine,AP26AL 1277,YES,Fatal,0
16.02.2013,7:30 AM,1247.9,RHS,Rural,Ongole,Rear End Collision, Car hit Car,Car,Minor injury,Over speed,Four lanes or more with central divider,Straight road,Four arm junction,Fine,AP26AL 1277,YES,Grevious,0
16.02.2013,7:30 AM,1247.9,RHS,Rural,Ongole,Rear End Collision, Car hit Car,Car,Minor injury,Over speed,Four lanes or more with central divider,Straight road,Four arm junction,Fine,AP26AL 1277,YES,Minor,2
16.02.2013,7:30 AM,1247.9,RHS,Rural,Ongole,Rear End Collision, Car hit Car,Car,Minor injury,Over speed,Four lanes or more with central divider,Straight road,Four arm junction,Fine,AP26AL 1277,YES,Non injured ,4
16.02.2013,7:30 AM,1247.9,RHS,Rural,Ongole,Rear End Collision, Car hit Car,Car,Minor injury,Over speed,Four lanes or more with central divider,Straight road,Four arm junction,Fine,AP26AL 1277,YES,Animals affected,0
16.02.2013,9:50 AM,1256.3,RHS,Rural,Tangutur,Rear End Collision, Car hit Lorry,Car,Non injury,Over speed,Four lanes or more with central divider,Straight road,,Fine,AP27Q  5832,YES,Fatal,0
16.02.2013,9:50 AM,1256.3,RHS,Rural,Tangutur,Rear End Collision, Car hit Lorry,Car,Non injury,Over speed,Four lanes or more with central divider,Straight road,,Fine,AP27Q  5832,YES,Grevious,0
16.02.2013,9:50 AM,1256.3,RHS,Rural,Tangutur,Rear End Collision, Car hit Lorry,Car,Non injury,Over speed,Four lanes or more with central divider,Straight road,,Fine,AP27Q  5832,YES,Minor,0
16.02.2013,9:50 AM,1256.3,RHS,Rural,Tangutur,Rear End Collision, Car hit Lorry,Car,Non injury,Over speed,Four lanes or more with central divider,Straight road,,Fine,AP27Q  5832,YES,Non injured ,4
16.02.2013,9:50 AM,1256.3,RHS,Rural,Tangutur,Rear End Collision, Car hit Lorry,Car,Non injury,Over speed,Four lanes or more with central divider,Straight road,,Fine,AP27Q  5832,YES,Animals affected,0
16.02.2013,12:00 AM,1214.5,RHS,Rural,Medarametla,Collision Brush/Side Wipe, Car hit Safety Wall,Car,Non injury,Over speed,Four lanes or more with central divider,Straight road,,Fine,AP04AP  0006,YES,Fatal,0
16.02.2013,12:00 AM,1214.5,RHS,Rural,Medarametla,Collision Brush/Side Wipe, Car hit Safety Wall,Car,Non injury,Over speed,Four lanes or more with central divider,Straight road,,Fine,AP04AP  0006,YES,Grevious,0
16.02.2013,12:00 AM,1214.5,RHS,Rural,Medarametla,Collision Brush/Side Wipe, Car hit Safety Wall,Car,Non injury,Over speed,Four lanes or more with central divider,Straight road,,Fine,AP04AP  0006,YES,Minor,0
16.02.2013,12:00 AM,1214.5,RHS,Rural,Medarametla,Collision Brush/Side Wipe, Car hit Safety Wall,Car,Non injury,Over speed,Four lanes or more with central divider,Straight road,,Fine,AP04AP  0006,YES,Non injured ,3
16.02.2013,12:00 AM,1214.5,RHS,Rural,Medarametla,Collision Brush/Side Wipe, Car hit Safety Wall,Car,Non injury,Over speed,Four lanes or more with central divider,Straight road,,Fine,AP04AP  0006,YES,Animals affected,0
16.02.2013,4:15 PM,1279,LHS,Rural,Singarayakonda,Rear End Collision, Lorry hit Lorry,Lorry,Grievious injury,Over speed,Four lanes or more with central divider,Straight road,,Fine,AP27W  2461,YES,Fatal,0
16.02.2013,4:15 PM,1279,LHS,Rural,Singarayakonda,Rear End Collision, Lorry hit Lorry,Lorry,Grievious injury,Over speed,Four lanes or more with central divider,Straight road,,Fine,AP27W  2461,YES,Grevious,1
16.02.2013,4:15 PM,1279,LHS,Rural,Singarayakonda,Rear End Collision, Lorry hit Lorry,Lorry,Grievious injury,Over speed,Four lanes or more with central divider,Straight road,,Fine,AP27W  2461,YES,Minor,0
16.02.2013,4:15 PM,1279,LHS,Rural,Singarayakonda,Rear End Collision, Lorry hit Lorry,Lorry,Grievious injury,Over speed,Four lanes or more with central divider,Straight road,,Fine,AP27W  2461,YES,Non injured ,3
16.02.2013,4:15 PM,1279,LHS,Rural,Singarayakonda,Rear End Collision, Lorry hit Lorry,Lorry,Grievious injury,Over speed,Four lanes or more with central divider,Straight road,,Fine,AP27W  2461,YES,Animals affected,0
16.02.2013,8:45 PM,1190.4,RHS,Rural,Martur,Rear End Collision, Car hit Auto,Car,Grievious injury,Over speed,Four lanes or more with central divider,Straight road,,Fine,AP07TD 1999,YES,Fatal,0
16.02.2013,8:45 PM,1190.4,RHS,Rural,Martur,Rear End Collision, Car hit Auto,Car,Grievious injury,Over speed,Four lanes or more with central divider,Straight road,,Fine,AP07TD 1999,YES,Grevious,1
16.02.2013,8:45 PM,1190.4,RHS,Rural,Martur,Rear End Collision, Car hit Auto,Car,Grievious injury,Over speed,Four lanes or more with central divider,Straight road,,Fine,AP07TD 1999,YES,Minor,3
16.02.2013,8:45 PM,1190.4,RHS,Rural,Martur,Rear End Collision, Car hit Auto,Car,Grievious injury,Over speed,Four lanes or more with central divider,Straight road,,Fine,AP07TD 1999,YES,Non injured ,1
16.02.2013,8:45 PM,1190.4,RHS,Rural,Martur,Rear End Collision, Car hit Auto,Car,Grievious injury,Over speed,Four lanes or more with central divider,Straight road,,Fine,AP07TD 1999,YES,Animals affected,0
17.02.2013,2:00 AM,1300.4,RHS,Rural,Gudluru,Head on collision,Lorry hit Median  wall ,Lorry,Non injury,Vehicle out of control,Four lanes or more with central divider,Straight road,,Heavy rain,AP16TV 4621,YES,Fatal,0
17.02.2013,2:00 AM,1300.4,RHS,Rural,Gudluru,Head on collision,Lorry hit Median  wall ,Lorry,Non injury,Vehicle out of control,Four lanes or more with central divider,Straight road,,Heavy rain,AP16TV 4621,YES,Grevious,0
17.02.2013,2:00 AM,1300.4,RHS,Rural,Gudluru,Head on collision,Lorry hit Median  wall ,Lorry,Non injury,Vehicle out of control,Four lanes or more with central divider,Straight road,,Heavy rain,AP16TV 4621,YES,Minor,0
17.02.2013,2:00 AM,1300.4,RHS,Rural,Gudluru,Head on collision,Lorry hit Median  wall ,Lorry,Non injury,Vehicle out of control,Four lanes or more with central divider,Straight road,,Heavy rain,AP16TV 4621,YES,Non injured ,2
17.02.2013,2:00 AM,1300.4,RHS,Rural,Gudluru,Head on collision,Lorry hit Median  wall ,Lorry,Non injury,Vehicle out of control,Four lanes or more with central divider,Straight road,,Heavy rain,AP16TV 4621,YES,Animals affected,0
17.02.2013,4:00 AM,1222.3,RHS,Rural,Medarametla,Rear End Collision,Lorry LCV hit Unknown  vehical,Lorry,Grievious injury,Vehicle out of control,Four lanes or more with central divider,Straight road,,Heavy rain,AP24W 0189,YES,Fatal,0
17.02.2013,4:00 AM,1222.3,RHS,Rural,Medarametla,Rear End Collision,Lorry LCV hit Unknown  vehical,Lorry,Grievious injury,Vehicle out of control,Four lanes or more with central divider,Straight road,,Heavy rain,AP24W 0189,YES,Grevious,1
17.02.2013,4:00 AM,1222.3,RHS,Rural,Medarametla,Rear End Collision,Lorry LCV hit Unknown  vehical,Lorry,Grievious injury,Vehicle out of control,Four lanes or more with central divider,Straight road,,Heavy rain,AP24W 0189,YES,Minor,1
17.02.2013,4:00 AM,1222.3,RHS,Rural,Medarametla,Rear End Collision,Lorry LCV hit Unknown  vehical,Lorry,Grievious injury,Vehicle out of control,Four lanes or more with central divider,Straight road,,Heavy rain,AP24W 0189,YES,Non injured ,0
17.02.2013,4:00 AM,1222.3,RHS,Rural,Medarametla,Rear End Collision,Lorry LCV hit Unknown  vehical,Lorry,Grievious injury,Vehicle out of control,Four lanes or more with central divider,Straight road,,Heavy rain,AP24W 0189,YES,Animals affected,0
18.02.2013,12:12 AM,1274,LHS,Rural,Singarayakonda,Skidding,Bike   Skidding,Bike,Grievious injury,Over speed,Four lanes or more with central divider,Straight road,,Fine,AP27AG    0130,YES,Fatal,0
18.02.2013,12:12 AM,1274,LHS,Rural,Singarayakonda,Skidding,Bike   Skidding,Bike,Grievious injury,Over speed,Four lanes or more with central divider,Straight road,,Fine,AP27AG    0130,YES,Grevious,1
18.02.2013,12:12 AM,1274,LHS,Rural,Singarayakonda,Skidding,Bike   Skidding,Bike,Grievious injury,Over speed,Four lanes or more with central divider,Straight road,,Fine,AP27AG    0130,YES,Minor,1
18.02.2013,12:12 AM,1274,LHS,Rural,Singarayakonda,Skidding,Bike   Skidding,Bike,Grievious injury,Over speed,Four lanes or more with central divider,Straight road,,Fine,AP27AG    0130,YES,Non injured ,0
18.02.2013,12:12 AM,1274,LHS,Rural,Singarayakonda,Skidding,Bike   Skidding,Bike,Grievious injury,Over speed,Four lanes or more with central divider,Straight road,,Fine,AP27AG    0130,YES,Animals affected,0
18.02.2013,1:04 AM,1232.9,LHS,Rural,Maddipadu,Collision Brush/Side Wipe,Car hit    Safety wall,Car,Non injury,Over speed,Four lanes or more with central divider,Straight road,,Fine,AP27AL    7227,YES,Fatal,0
18.02.2013,1:04 AM,1232.9,LHS,Rural,Maddipadu,Collision Brush/Side Wipe,Car hit    Safety wall,Car,Non injury,Over speed,Four lanes or more with central divider,Straight road,,Fine,AP27AL    7227,YES,Grevious,0
18.02.2013,1:04 AM,1232.9,LHS,Rural,Maddipadu,Collision Brush/Side Wipe,Car hit    Safety wall,Car,Non injury,Over speed,Four lanes or more with central divider,Straight road,,Fine,AP27AL    7227,YES,Minor,0
18.02.2013,1:04 AM,1232.9,LHS,Rural,Maddipadu,Collision Brush/Side Wipe,Car hit    Safety wall,Car,Non injury,Over speed,Four lanes or more with central divider,Straight road,,Fine,AP27AL    7227,YES,Non injured ,2
18.02.2013,1:04 AM,1232.9,LHS,Rural,Maddipadu,Collision Brush/Side Wipe,Car hit    Safety wall,Car,Non injury,Over speed,Four lanes or more with central divider,Straight road,,Fine,AP27AL    7227,YES,Animals affected,0
18.02.2013,11:20 AM,1257.6,LHS,Rural,Tangutur,Rear End Collision,Car hit   Auto,Car,Non injury,Over speed,Four lanes or more with central divider,Straight road,Four arm junction,Fine,AP27AT    888,YES,Fatal,0
18.02.2013,11:20 AM,1257.6,LHS,Rural,Tangutur,Rear End Collision,Car hit   Auto,Car,Non injury,Over speed,Four lanes or more with central divider,Straight road,Four arm junction,Fine,AP27AT    888,YES,Grevious,0
18.02.2013,11:20 AM,1257.6,LHS,Rural,Tangutur,Rear End Collision,Car hit   Auto,Car,Non injury,Over speed,Four lanes or more with central divider,Straight road,Four arm junction,Fine,AP27AT    888,YES,Minor,0
18.02.2013,11:20 AM,1257.6,LHS,Rural,Tangutur,Rear End Collision,Car hit   Auto,Car,Non injury,Over speed,Four lanes or more with central divider,Straight road,Four arm junction,Fine,AP27AT    888,YES,Non injured ,5
18.02.2013,11:20 AM,1257.6,LHS,Rural,Tangutur,Rear End Collision,Car hit   Auto,Car,Non injury,Over speed,Four lanes or more with central divider,Straight road,Four arm junction,Fine,AP27AT    888,YES,Animals affected,0
18.02.2013,12:30 PM,1265.6,LHS,Rural,Tangutur,Rear End Collision,Lorry hit Car,Lorry,Non injury,Over speed,Four lanes or more with central divider,Straight road,,Fine,AP16TX     5373,YES,Fatal,0
18.02.2013,12:30 PM,1265.6,LHS,Rural,Tangutur,Rear End Collision,Lorry hit Car,Lorry,Non injury,Over speed,Four lanes or more with central divider,Straight road,,Fine,AP16TX     5373,YES,Grevious,0
18.02.2013,12:30 PM,1265.6,LHS,Rural,Tangutur,Rear End Collision,Lorry hit Car,Lorry,Non injury,Over speed,Four lanes or more with central divider,Straight road,,Fine,AP16TX     5373,YES,Minor,0
18.02.2013,12:30 PM,1265.6,LHS,Rural,Tangutur,Rear End Collision,Lorry hit Car,Lorry,Non injury,Over speed,Four lanes or more with central divider,Straight road,,Fine,AP16TX     5373,YES,Non injured ,3
18.02.2013,12:30 PM,1265.6,LHS,Rural,Tangutur,Rear End Collision,Lorry hit Car,Lorry,Non injury,Over speed,Four lanes or more with central divider,Straight road,,Fine,AP16TX     5373,YES,Animals affected,0
18.02.2013,3:20 PM,1330.9,LHS,Rural,Kavali,Rear End Collision,Auto hit     Container Vehicle,Auto,Minor injury,Over speed,Four lanes or more with central divider,Straight road,,Fine,AP26TB     6893,YES,Fatal,0
18.02.2013,3:20 PM,1330.9,LHS,Rural,Kavali,Rear End Collision,Auto hit     Container Vehicle,Auto,Minor injury,Over speed,Four lanes or more with central divider,Straight road,,Fine,AP26TB     6893,YES,Grevious,0
18.02.2013,3:20 PM,1330.9,LHS,Rural,Kavali,Rear End Collision,Auto hit     Container Vehicle,Auto,Minor injury,Over speed,Four lanes or more with central divider,Straight road,,Fine,AP26TB     6893,YES,Minor,3
18.02.2013,3:20 PM,1330.9,LHS,Rural,Kavali,Rear End Collision,Auto hit     Container Vehicle,Auto,Minor injury,Over speed,Four lanes or more with central divider,Straight road,,Fine,AP26TB     6893,YES,Non injured ,2
18.02.2013,3:20 PM,1330.9,LHS,Rural,Kavali,Rear End Collision,Auto hit     Container Vehicle,Auto,Minor injury,Over speed,Four lanes or more with central divider,Straight road,,Fine,AP26TB     6893,YES,Animals affected,0
20.02.2013,7:45 AM,1212.6,LHS,Rural,Medarametla,Overturning,Mini Lorry       Overturned   ,Lorry,Non injury,Over speed,Four lanes or more with central divider,Straight road,,Fine,AP16V     4556,YES,Fatal,0
20.02.2013,7:45 AM,1212.6,LHS,Rural,Medarametla,Overturning,Mini Lorry       Overturned   ,Lorry,Non injury,Over speed,Four lanes or more with central divider,Straight road,,Fine,AP16V     4556,YES,Grevious,0
20.02.2013,7:45 AM,1212.6,LHS,Rural,Medarametla,Overturning,Mini Lorry       Overturned   ,Lorry,Non injury,Over speed,Four lanes or more with central divider,Straight road,,Fine,AP16V     4556,YES,Minor,0
20.02.2013,7:45 AM,1212.6,LHS,Rural,Medarametla,Overturning,Mini Lorry       Overturned   ,Lorry,Non injury,Over speed,Four lanes or more with central divider,Straight road,,Fine,AP16V     4556,YES,Non injured ,2
20.02.2013,7:45 AM,1212.6,LHS,Rural,Medarametla,Overturning,Mini Lorry       Overturned   ,Lorry,Non injury,Over speed,Four lanes or more with central divider,Straight road,,Fine,AP16V     4556,YES,Animals affected,0
20.02.2013,9:20 AM,1239,RHS,Rural,Maddipadu,Collision Brush/Side Wipe,Lorry hit   Pedestrian,Lorry,Grievious injury,Over speed,Four lanes or more with central divider,Straight road,,Fine,TN18C           3929   ,YES,Fatal,0
20.02.2013,9:20 AM,1239,RHS,Rural,Maddipadu,Collision Brush/Side Wipe,Lorry hit   Pedestrian,Lorry,Grievious injury,Over speed,Four lanes or more with central divider,Straight road,,Fine,TN18C           3929   ,YES,Grevious,1
20.02.2013,9:20 AM,1239,RHS,Rural,Maddipadu,Collision Brush/Side Wipe,Lorry hit   Pedestrian,Lorry,Grievious injury,Over speed,Four lanes or more with central divider,Straight road,,Fine,TN18C           3929   ,YES,Minor,0
20.02.2013,9:20 AM,1239,RHS,Rural,Maddipadu,Collision Brush/Side Wipe,Lorry hit   Pedestrian,Lorry,Grievious injury,Over speed,Four lanes or more with central divider,Straight road,,Fine,TN18C           3929   ,YES,Non injured ,0
20.02.2013,9:20 AM,1239,RHS,Rural,Maddipadu,Collision Brush/Side Wipe,Lorry hit   Pedestrian,Lorry,Grievious injury,Over speed,Four lanes or more with central divider,Straight road,,Fine,TN18C           3929   ,YES,Animals affected,0
20.02.2013,8:45 PM,1192.4,LHS,Rural,Martur,Rear End Collision,Bike hit    Tractor,Bike,Grievious injury,Over speed,Four lanes or more with central divider,Straight road,,Fine,AP27AG      8828,YES,Fatal,0
20.02.2013,8:45 PM,1192.4,LHS,Rural,Martur,Rear End Collision,Bike hit    Tractor,Bike,Grievious injury,Over speed,Four lanes or more with central divider,Straight road,,Fine,AP27AG      8828,YES,Grevious,1
20.02.2013,8:45 PM,1192.4,LHS,Rural,Martur,Rear End Collision,Bike hit    Tractor,Bike,Grievious injury,Over speed,Four lanes or more with central divider,Straight road,,Fine,AP27AG      8828,YES,Minor,0
20.02.2013,8:45 PM,1192.4,LHS,Rural,Martur,Rear End Collision,Bike hit    Tractor,Bike,Grievious injury,Over speed,Four lanes or more with central divider,Straight road,,Fine,AP27AG      8828,YES,Non injured ,0
20.02.2013,8:45 PM,1192.4,LHS,Rural,Martur,Rear End Collision,Bike hit    Tractor,Bike,Grievious injury,Over speed,Four lanes or more with central divider,Straight road,,Fine,AP27AG      8828,YES,Animals affected,0
21.02.2013,7:20 AM,1320.1,RHS,Rural,Kavali,Rear End Collision,Car hit Lorry,Car,Minor injury,Over speed,Four lanes or more with central divider,Straight road,,Fine,KA04ML    3649,YES,Fatal,0
21.02.2013,7:20 AM,1320.1,RHS,Rural,Kavali,Rear End Collision,Car hit Lorry,Car,Minor injury,Over speed,Four lanes or more with central divider,Straight road,,Fine,KA04ML    3649,YES,Grevious,0
21.02.2013,7:20 AM,1320.1,RHS,Rural,Kavali,Rear End Collision,Car hit Lorry,Car,Minor injury,Over speed,Four lanes or more with central divider,Straight road,,Fine,KA04ML    3649,YES,Minor,1
21.02.2013,7:20 AM,1320.1,RHS,Rural,Kavali,Rear End Collision,Car hit Lorry,Car,Minor injury,Over speed,Four lanes or more with central divider,Straight road,,Fine,KA04ML    3649,YES,Non injured ,2
21.02.2013,7:20 AM,1320.1,RHS,Rural,Kavali,Rear End Collision,Car hit Lorry,Car,Minor injury,Over speed,Four lanes or more with central divider,Straight road,,Fine,KA04ML    3649,YES,Animals affected,0
22.02.2013,7:00 AM,1288.4,RHS,Rural,Ulavapadu,Overturning,Continer Vehicle Overturned ,Container,Non injury,Over speed,Four lanes or more with central divider,Slight curve,,Fine,HR55F     1810,YES,Fatal,0
22.02.2013,7:00 AM,1288.4,RHS,Rural,Ulavapadu,Overturning,Continer Vehicle Overturned ,Container,Non injury,Over speed,Four lanes or more with central divider,Slight curve,,Fine,HR55F     1810,YES,Grevious,0
22.02.2013,7:00 AM,1288.4,RHS,Rural,Ulavapadu,Overturning,Continer Vehicle Overturned ,Container,Non injury,Over speed,Four lanes or more with central divider,Slight curve,,Fine,HR55F     1810,YES,Minor,0
22.02.2013,7:00 AM,1288.4,RHS,Rural,Ulavapadu,Overturning,Continer Vehicle Overturned ,Container,Non injury,Over speed,Four lanes or more with central divider,Slight curve,,Fine,HR55F     1810,YES,Non injured ,2
22.02.2013,7:00 AM,1288.4,RHS,Rural,Ulavapadu,Overturning,Continer Vehicle Overturned ,Container,Non injury,Over speed,Four lanes or more with central divider,Slight curve,,Fine,HR55F     1810,YES,Animals affected,0
22.02.2013,10:20 PM,1202,LHS,Rural,Reningavaram,Rear End Collision, Lorry hit Car,Lorry,Non injury,Over speed,Three lanes or more without central divider(median),Straight road,Four arm junction,Fine,AP16TC 8137,YES,Fatal,0
22.02.2013,10:20 PM,1202,LHS,Rural,Reningavaram,Rear End Collision, Lorry hit Car,Lorry,Non injury,Over speed,Three lanes or more without central divider(median),Straight road,Four arm junction,Fine,AP16TC 8137,YES,Grevious,0
22.02.2013,10:20 PM,1202,LHS,Rural,Reningavaram,Rear End Collision, Lorry hit Car,Lorry,Non injury,Over speed,Three lanes or more without central divider(median),Straight road,Four arm junction,Fine,AP16TC 8137,YES,Minor,0
22.02.2013,10:20 PM,1202,LHS,Rural,Reningavaram,Rear End Collision, Lorry hit Car,Lorry,Non injury,Over speed,Three lanes or more without central divider(median),Straight road,Four arm junction,Fine,AP16TC 8137,YES,Non injured ,5
22.02.2013,10:20 PM,1202,LHS,Rural,Reningavaram,Rear End Collision, Lorry hit Car,Lorry,Non injury,Over speed,Three lanes or more without central divider(median),Straight road,Four arm junction,Fine,AP16TC 8137,YES,Animals affected,0
23.02.2013,7:30 AM,1262.6,LHS,Rural,Tangutur,Rear End Collision,Ape Auto hit Tata Magic Auto,Auto,Grievious injury,Over speed,Four lanes or more with central divider,Straight road,,Fine,AP27TU      9483,YES,Fatal,0