Operational date,Time of Accident,KM && M,Position,Rural/Urban,Location,Nature of Accident Position,Nature of Accident,Vehicle Involved,Type of Accident,Causes,Road Feature,Road condition,Intersection Type And Control,Weather Condition,Vehicle Responsible,Help Provided by Ambulance/Patroling Vehicle,Classification of Accident,No of Affected Persons
23.02.2013,7:30 AM,1262.6,LHS,Rural,Tangutur,Rear End Collision,Ape Auto hit Tata Magic Auto,Auto,Grievious injury,Over speed,Four lanes or more with central divider,Straight road,,Fine,AP27TU      9483,YES,Grevious,1
23.02.2013,7:30 AM,1262.6,LHS,Rural,Tangutur,Rear End Collision,Ape Auto hit Tata Magic Auto,Auto,Grievious injury,Over speed,Four lanes or more with central divider,Straight road,,Fine,AP27TU      9483,YES,Minor,0
23.02.2013,7:30 AM,1262.6,LHS,Rural,Tangutur,Rear End Collision,Ape Auto hit Tata Magic Auto,Auto,Grievious injury,Over speed,Four lanes or more with central divider,Straight road,,Fine,AP27TU      9483,YES,Non injured ,5
23.02.2013,7:30 AM,1262.6,LHS,Rural,Tangutur,Rear End Collision,Ape Auto hit Tata Magic Auto,Auto,Grievious injury,Over speed,Four lanes or more with central divider,Straight road,,Fine,AP27TU      9483,YES,Animals affected,0
23.02.2013,10:05 AM,1255.6,RHS,Rural,Tangutur,Rear End Collision,Auto hit      RTC Bus,Auto,Grievious injury,Over speed,Four lanes or more with central divider,Straight road,,Fine,AP27X      4267,YES,Fatal,0
23.02.2013,10:05 AM,1255.6,RHS,Rural,Tangutur,Rear End Collision,Auto hit      RTC Bus,Auto,Grievious injury,Over speed,Four lanes or more with central divider,Straight road,,Fine,AP27X      4267,YES,Grevious,1
23.02.2013,10:05 AM,1255.6,RHS,Rural,Tangutur,Rear End Collision,Auto hit      RTC Bus,Auto,Grievious injury,Over speed,Four lanes or more with central divider,Straight road,,Fine,AP27X      4267,YES,Minor,1
23.02.2013,10:05 AM,1255.6,RHS,Rural,Tangutur,Rear End Collision,Auto hit      RTC Bus,Auto,Grievious injury,Over speed,Four lanes or more with central divider,Straight road,,Fine,AP27X      4267,YES,Non injured ,0
23.02.2013,10:05 AM,1255.6,RHS,Rural,Tangutur,Rear End Collision,Auto hit      RTC Bus,Auto,Grievious injury,Over speed,Four lanes or more with central divider,Straight road,,Fine,AP27X      4267,YES,Animals affected,0
23.02.2013,8:30 PM,1278.4,RHS,Rural,Singarayakonda,Rear End Collision,Lorry hit Tipper,Lorry,Fatal,Over speed,Four lanes or more with central divider,Straight road,,Fine,TN23AH      1888,YES,Fatal,1
23.02.2013,8:30 PM,1278.4,RHS,Rural,Singarayakonda,Rear End Collision,Lorry hit Tipper,Lorry,Fatal,Over speed,Four lanes or more with central divider,Straight road,,Fine,TN23AH      1888,YES,Grevious,0
23.02.2013,8:30 PM,1278.4,RHS,Rural,Singarayakonda,Rear End Collision,Lorry hit Tipper,Lorry,Fatal,Over speed,Four lanes or more with central divider,Straight road,,Fine,TN23AH      1888,YES,Minor,1
23.02.2013,8:30 PM,1278.4,RHS,Rural,Singarayakonda,Rear End Collision,Lorry hit Tipper,Lorry,Fatal,Over speed,Four lanes or more with central divider,Straight road,,Fine,TN23AH      1888,YES,Non injured ,2
23.02.2013,8:30 PM,1278.4,RHS,Rural,Singarayakonda,Rear End Collision,Lorry hit Tipper,Lorry,Fatal,Over speed,Four lanes or more with central divider,Straight road,,Fine,TN23AH      1888,YES,Animals affected,0
24.02.2013,12:00 PM,1219,LHS,Rural,Medarametla,Rear End Collision, Lorry hit Bike,Lorry,Minor injury,Fault of driver of motor vehicle/driver of other vehicle/cyclist/pedestrian/passenger,Four lanes or more with central divider,Straight road,,Fine,KA01AE 7007,YES,Fatal,0
24.02.2013,12:00 PM,1219,LHS,Rural,Medarametla,Rear End Collision, Lorry hit Bike,Lorry,Minor injury,Fault of driver of motor vehicle/driver of other vehicle/cyclist/pedestrian/passenger,Four lanes or more with central divider,Straight road,,Fine,KA01AE 7007,YES,Grevious,0
24.02.2013,12:00 PM,1219,LHS,Rural,Medarametla,Rear End Collision, Lorry hit Bike,Lorry,Minor injury,Fault of driver of motor vehicle/driver of other vehicle/cyclist/pedestrian/passenger,Four lanes or more with central divider,Straight road,,Fine,KA01AE 7007,YES,Minor,1
24.02.2013,12:00 PM,1219,LHS,Rural,Medarametla,Rear End Collision, Lorry hit Bike,Lorry,Minor injury,Fault of driver of motor vehicle/driver of other vehicle/cyclist/pedestrian/passenger,Four lanes or more with central divider,Straight road,,Fine,KA01AE 7007,YES,Non injured ,0
24.02.2013,12:00 PM,1219,LHS,Rural,Medarametla,Rear End Collision, Lorry hit Bike,Lorry,Minor injury,Fault of driver of motor vehicle/driver of other vehicle/cyclist/pedestrian/passenger,Four lanes or more with central divider,Straight road,,Fine,KA01AE 7007,YES,Animals affected,0
24.02.2013,12:10 PM,1274.9,LHS,Rural,Singarayakonda,Rear End Collision, Unknown vehicle hit      Car,Unknown,Minor injury,Vehicle out of control,Four lanes or more with central divider,Straight road,,Fine,Unknown Vehicle ,YES,Fatal,0
24.02.2013,12:10 PM,1274.9,LHS,Rural,Singarayakonda,Rear End Collision, Unknown vehicle hit      Car,Unknown,Minor injury,Vehicle out of control,Four lanes or more with central divider,Straight road,,Fine,Unknown Vehicle ,YES,Grevious,0
24.02.2013,12:10 PM,1274.9,LHS,Rural,Singarayakonda,Rear End Collision, Unknown vehicle hit      Car,Unknown,Minor injury,Vehicle out of control,Four lanes or more with central divider,Straight road,,Fine,Unknown Vehicle ,YES,Minor,1
24.02.2013,12:10 PM,1274.9,LHS,Rural,Singarayakonda,Rear End Collision, Unknown vehicle hit      Car,Unknown,Minor injury,Vehicle out of control,Four lanes or more with central divider,Straight road,,Fine,Unknown Vehicle ,YES,Non injured ,0
24.02.2013,12:10 PM,1274.9,LHS,Rural,Singarayakonda,Rear End Collision, Unknown vehicle hit      Car,Unknown,Minor injury,Vehicle out of control,Four lanes or more with central divider,Straight road,,Fine,Unknown Vehicle ,YES,Animals affected,0
24.02.2013,5:40 PM,1264.8,LHS,Rural,Tangutur,Overturning,Lorry Over turned,Lorry,Non injury,Over speed,Four lanes or more with central divider,Straight road,,Fine,AP16TT  9144,YES,Fatal,0
24.02.2013,5:40 PM,1264.8,LHS,Rural,Tangutur,Overturning,Lorry Over turned,Lorry,Non injury,Over speed,Four lanes or more with central divider,Straight road,,Fine,AP16TT  9144,YES,Grevious,0
24.02.2013,5:40 PM,1264.8,LHS,Rural,Tangutur,Overturning,Lorry Over turned,Lorry,Non injury,Over speed,Four lanes or more with central divider,Straight road,,Fine,AP16TT  9144,YES,Minor,0
24.02.2013,5:40 PM,1264.8,LHS,Rural,Tangutur,Overturning,Lorry Over turned,Lorry,Non injury,Over speed,Four lanes or more with central divider,Straight road,,Fine,AP16TT  9144,YES,Non injured ,2
24.02.2013,5:40 PM,1264.8,LHS,Rural,Tangutur,Overturning,Lorry Over turned,Lorry,Non injury,Over speed,Four lanes or more with central divider,Straight road,,Fine,AP16TT  9144,YES,Animals affected,0
24.02.2013,7:45 PM,1205.1,RHS,Rural,Reningavaram,Overturning,Lorry Over turned,Lorry,Minor injury,Druken,Four lanes or more with central divider,Straight road,,Fine,ABK     9905,YES,Fatal,0
24.02.2013,7:45 PM,1205.1,RHS,Rural,Reningavaram,Overturning,Lorry Over turned,Lorry,Minor injury,Druken,Four lanes or more with central divider,Straight road,,Fine,ABK     9905,YES,Grevious,0
24.02.2013,7:45 PM,1205.1,RHS,Rural,Reningavaram,Overturning,Lorry Over turned,Lorry,Minor injury,Druken,Four lanes or more with central divider,Straight road,,Fine,ABK     9905,YES,Minor,1
24.02.2013,7:45 PM,1205.1,RHS,Rural,Reningavaram,Overturning,Lorry Over turned,Lorry,Minor injury,Druken,Four lanes or more with central divider,Straight road,,Fine,ABK     9905,YES,Non injured ,2
24.02.2013,7:45 PM,1205.1,RHS,Rural,Reningavaram,Overturning,Lorry Over turned,Lorry,Minor injury,Druken,Four lanes or more with central divider,Straight road,,Fine,ABK     9905,YES,Animals affected,0
25.02.2013,10:22 AM,1212.9,LHS,Rural,Medarametla,Skidding, Bike Skidding,Bike,Minor injury,Druken,Four lanes or more with central divider,Straight road,,Fine,F/R,YES,Fatal,0
25.02.2013,10:22 AM,1212.9,LHS,Rural,Medarametla,Skidding, Bike Skidding,Bike,Minor injury,Druken,Four lanes or more with central divider,Straight road,,Fine,F/R,YES,Grevious,0
25.02.2013,10:22 AM,1212.9,LHS,Rural,Medarametla,Skidding, Bike Skidding,Bike,Minor injury,Druken,Four lanes or more with central divider,Straight road,,Fine,F/R,YES,Minor,1
25.02.2013,10:22 AM,1212.9,LHS,Rural,Medarametla,Skidding, Bike Skidding,Bike,Minor injury,Druken,Four lanes or more with central divider,Straight road,,Fine,F/R,YES,Non injured ,0
25.02.2013,10:22 AM,1212.9,LHS,Rural,Medarametla,Skidding, Bike Skidding,Bike,Minor injury,Druken,Four lanes or more with central divider,Straight road,,Fine,F/R,YES,Animals affected,0
25.02.2013,11:40 PM,1191,LHS,Rural,Martur,Head on collision,Bike Hit Cyclist,Bike,Grievious injury,Over speed,Four lanes or more with central divider,Straight road,,Fine,AP26E    0402,YES,Fatal,0
25.02.2013,11:40 PM,1191,LHS,Rural,Martur,Head on collision,Bike Hit Cyclist,Bike,Grievious injury,Over speed,Four lanes or more with central divider,Straight road,,Fine,AP26E    0402,YES,Grevious,1
25.02.2013,11:40 PM,1191,LHS,Rural,Martur,Head on collision,Bike Hit Cyclist,Bike,Grievious injury,Over speed,Four lanes or more with central divider,Straight road,,Fine,AP26E    0402,YES,Minor,2
25.02.2013,11:40 PM,1191,LHS,Rural,Martur,Head on collision,Bike Hit Cyclist,Bike,Grievious injury,Over speed,Four lanes or more with central divider,Straight road,,Fine,AP26E    0402,YES,Non injured ,0
25.02.2013,11:40 PM,1191,LHS,Rural,Martur,Head on collision,Bike Hit Cyclist,Bike,Grievious injury,Over speed,Four lanes or more with central divider,Straight road,,Fine,AP26E    0402,YES,Animals affected,0
26.02.2013,1:20 AM,1201.7,RHS,Rural,Reningavaram,Overturning,Mini Lorry       Overturned   ,Lorry,Non injury,Over speed,Four lanes or more with central divider,Straight road,,Fine,AP27X             8306,YES,Fatal,0
26.02.2013,1:20 AM,1201.7,RHS,Rural,Reningavaram,Overturning,Mini Lorry       Overturned   ,Lorry,Non injury,Over speed,Four lanes or more with central divider,Straight road,,Fine,AP27X             8306,YES,Grevious,0
26.02.2013,1:20 AM,1201.7,RHS,Rural,Reningavaram,Overturning,Mini Lorry       Overturned   ,Lorry,Non injury,Over speed,Four lanes or more with central divider,Straight road,,Fine,AP27X             8306,YES,Minor,2
26.02.2013,1:20 AM,1201.7,RHS,Rural,Reningavaram,Overturning,Mini Lorry       Overturned   ,Lorry,Non injury,Over speed,Four lanes or more with central divider,Straight road,,Fine,AP27X             8306,YES,Non injured ,0
26.02.2013,1:20 AM,1201.7,RHS,Rural,Reningavaram,Overturning,Mini Lorry       Overturned   ,Lorry,Non injury,Over speed,Four lanes or more with central divider,Straight road,,Fine,AP27X             8306,YES,Animals affected,0
26.02.2013,7:30 AM,1280.2,LHS,Rural,Singarayakonda,Rear End Collision, Lorry hit Auto,Lorry,Grievious injury,Over speed,Four lanes or more with central divider,Straight road,,Fine,AP20Y  6544,YES,Fatal,0
26.02.2013,7:30 AM,1280.2,LHS,Rural,Singarayakonda,Rear End Collision, Lorry hit Auto,Lorry,Grievious injury,Over speed,Four lanes or more with central divider,Straight road,,Fine,AP20Y  6544,YES,Grevious,2
26.02.2013,7:30 AM,1280.2,LHS,Rural,Singarayakonda,Rear End Collision, Lorry hit Auto,Lorry,Grievious injury,Over speed,Four lanes or more with central divider,Straight road,,Fine,AP20Y  6544,YES,Minor,1
26.02.2013,7:30 AM,1280.2,LHS,Rural,Singarayakonda,Rear End Collision, Lorry hit Auto,Lorry,Grievious injury,Over speed,Four lanes or more with central divider,Straight road,,Fine,AP20Y  6544,YES,Non injured ,2
26.02.2013,7:30 AM,1280.2,LHS,Rural,Singarayakonda,Rear End Collision, Lorry hit Auto,Lorry,Grievious injury,Over speed,Four lanes or more with central divider,Straight road,,Fine,AP20Y  6544,YES,Animals affected,0
27.02.2013,4:00 AM,1360,LHS,Rural,Kodavaluru,Overturning,Lorry Over turned,Lorry,Non injury,Fault of driver of motor vehicle/driver of other vehicle/cyclist/pedestrian/passenger,Four lanes or more with central divider,Slight curve,,Fine,AP24TA     9179,YES,Fatal,0
27.02.2013,4:00 AM,1360,LHS,Rural,Kodavaluru,Overturning,Lorry Over turned,Lorry,Non injury,Fault of driver of motor vehicle/driver of other vehicle/cyclist/pedestrian/passenger,Four lanes or more with central divider,Slight curve,,Fine,AP24TA     9179,YES,Grevious,0
27.02.2013,4:00 AM,1360,LHS,Rural,Kodavaluru,Overturning,Lorry Over turned,Lorry,Non injury,Fault of driver of motor vehicle/driver of other vehicle/cyclist/pedestrian/passenger,Four lanes or more with central divider,Slight curve,,Fine,AP24TA     9179,YES,Minor,0
27.02.2013,4:00 AM,1360,LHS,Rural,Kodavaluru,Overturning,Lorry Over turned,Lorry,Non injury,Fault of driver of motor vehicle/driver of other vehicle/cyclist/pedestrian/passenger,Four lanes or more with central divider,Slight curve,,Fine,AP24TA     9179,YES,Non injured ,2
27.02.2013,4:00 AM,1360,LHS,Rural,Kodavaluru,Overturning,Lorry Over turned,Lorry,Non injury,Fault of driver of motor vehicle/driver of other vehicle/cyclist/pedestrian/passenger,Four lanes or more with central divider,Slight curve,,Fine,AP24TA     9179,YES,Animals affected,0
27.02.2013,4:20 AM,1296,LHS,Rural,Ulavapadu,Overturning,Lorry Over turned,Lorry,Non injury,Fault of driver of motor vehicle/driver of other vehicle/cyclist/pedestrian/passenger,Four lanes or more with central divider,Straight road,,Fine,TN28AH    3339,YES,Fatal,0
27.02.2013,4:20 AM,1296,LHS,Rural,Ulavapadu,Overturning,Lorry Over turned,Lorry,Non injury,Fault of driver of motor vehicle/driver of other vehicle/cyclist/pedestrian/passenger,Four lanes or more with central divider,Straight road,,Fine,TN28AH    3339,YES,Grevious,0
27.02.2013,4:20 AM,1296,LHS,Rural,Ulavapadu,Overturning,Lorry Over turned,Lorry,Non injury,Fault of driver of motor vehicle/driver of other vehicle/cyclist/pedestrian/passenger,Four lanes or more with central divider,Straight road,,Fine,TN28AH    3339,YES,Minor,0
27.02.2013,4:20 AM,1296,LHS,Rural,Ulavapadu,Overturning,Lorry Over turned,Lorry,Non injury,Fault of driver of motor vehicle/driver of other vehicle/cyclist/pedestrian/passenger,Four lanes or more with central divider,Straight road,,Fine,TN28AH    3339,YES,Non injured ,2
27.02.2013,4:20 AM,1296,LHS,Rural,Ulavapadu,Overturning,Lorry Over turned,Lorry,Non injury,Fault of driver of motor vehicle/driver of other vehicle/cyclist/pedestrian/passenger,Four lanes or more with central divider,Straight road,,Fine,TN28AH    3339,YES,Animals affected,0
27.02.2013,4:30 AM,1238.2,LHS,Rural,Maddipadu,Collision Brush/Side Wipe,Lorry hit   Safety wall,Lorry,Non injury,Over speed,Four lanes or more with central divider,Straight road,,Fine,TN20VJ    0437   ,YES,Fatal,0
27.02.2013,4:30 AM,1238.2,LHS,Rural,Maddipadu,Collision Brush/Side Wipe,Lorry hit   Safety wall,Lorry,Non injury,Over speed,Four lanes or more with central divider,Straight road,,Fine,TN20VJ    0437   ,YES,Grevious,0
27.02.2013,4:30 AM,1238.2,LHS,Rural,Maddipadu,Collision Brush/Side Wipe,Lorry hit   Safety wall,Lorry,Non injury,Over speed,Four lanes or more with central divider,Straight road,,Fine,TN20VJ    0437   ,YES,Minor,0
27.02.2013,4:30 AM,1238.2,LHS,Rural,Maddipadu,Collision Brush/Side Wipe,Lorry hit   Safety wall,Lorry,Non injury,Over speed,Four lanes or more with central divider,Straight road,,Fine,TN20VJ    0437   ,YES,Non injured ,2
27.02.2013,4:30 AM,1238.2,LHS,Rural,Maddipadu,Collision Brush/Side Wipe,Lorry hit   Safety wall,Lorry,Non injury,Over speed,Four lanes or more with central divider,Straight road,,Fine,TN20VJ    0437   ,YES,Animals affected,0
27.02.2013,8:05 AM,1323.9,LHS,Rural,Kavali,Rear End Collision,RTC Bus hit Lorry,Bus,Non injury,Over speed,Four lanes or more with central divider,Sharp curve,T-Junction,Fine,AP26Z      0017,YES,Fatal,0
27.02.2013,8:05 AM,1323.9,LHS,Rural,Kavali,Rear End Collision,RTC Bus hit Lorry,Bus,Non injury,Over speed,Four lanes or more with central divider,Sharp curve,T-Junction,Fine,AP26Z      0017,YES,Grevious,0
27.02.2013,8:05 AM,1323.9,LHS,Rural,Kavali,Rear End Collision,RTC Bus hit Lorry,Bus,Non injury,Over speed,Four lanes or more with central divider,Sharp curve,T-Junction,Fine,AP26Z      0017,YES,Minor,0
27.02.2013,8:05 AM,1323.9,LHS,Rural,Kavali,Rear End Collision,RTC Bus hit Lorry,Bus,Non injury,Over speed,Four lanes or more with central divider,Sharp curve,T-Junction,Fine,AP26Z      0017,YES,Non injured ,20
27.02.2013,8:05 AM,1323.9,LHS,Rural,Kavali,Rear End Collision,RTC Bus hit Lorry,Bus,Non injury,Over speed,Four lanes or more with central divider,Sharp curve,T-Junction,Fine,AP26Z      0017,YES,Animals affected,0
27.02.2013,1:15 PM,1277.7,LHS,Rural,Singarayakonda,Others(p1.Specific),Tipper Fired,Lorry,Non injury,Defect in mechanical condition of motor vehicle/road condition,Four lanes or more with central divider,Slight curve,,Fine,AP26TA 5567,YES,Fatal,0
27.02.2013,1:15 PM,1277.7,LHS,Rural,Singarayakonda,Others(p1.Specific),Tipper Fired,Lorry,Non injury,Defect in mechanical condition of motor vehicle/road condition,Four lanes or more with central divider,Slight curve,,Fine,AP26TA 5567,YES,Grevious,0
27.02.2013,1:15 PM,1277.7,LHS,Rural,Singarayakonda,Others(p1.Specific),Tipper Fired,Lorry,Non injury,Defect in mechanical condition of motor vehicle/road condition,Four lanes or more with central divider,Slight curve,,Fine,AP26TA 5567,YES,Minor,0
27.02.2013,1:15 PM,1277.7,LHS,Rural,Singarayakonda,Others(p1.Specific),Tipper Fired,Lorry,Non injury,Defect in mechanical condition of motor vehicle/road condition,Four lanes or more with central divider,Slight curve,,Fine,AP26TA 5567,YES,Non injured ,2
27.02.2013,1:15 PM,1277.7,LHS,Rural,Singarayakonda,Others(p1.Specific),Tipper Fired,Lorry,Non injury,Defect in mechanical condition of motor vehicle/road condition,Four lanes or more with central divider,Slight curve,,Fine,AP26TA 5567,YES,Animals affected,0
27.02.2013,3:15 PM,1326.4,LHS,Rural,Kavali,Collision Brush/Side Wipe,Lorry hit Toll Plaza Iron poll,Lorry,Non injury,Fault of driver of motor vehicle/driver of other vehicle/cyclist/pedestrian/passenger,Four lanes or more with central divider,Straight road,,Fine,AP16TX  4595,YES,Fatal,0
27.02.2013,3:15 PM,1326.4,LHS,Rural,Kavali,Collision Brush/Side Wipe,Lorry hit Toll Plaza Iron poll,Lorry,Non injury,Fault of driver of motor vehicle/driver of other vehicle/cyclist/pedestrian/passenger,Four lanes or more with central divider,Straight road,,Fine,AP16TX  4595,YES,Grevious,0
27.02.2013,3:15 PM,1326.4,LHS,Rural,Kavali,Collision Brush/Side Wipe,Lorry hit Toll Plaza Iron poll,Lorry,Non injury,Fault of driver of motor vehicle/driver of other vehicle/cyclist/pedestrian/passenger,Four lanes or more with central divider,Straight road,,Fine,AP16TX  4595,YES,Minor,0
27.02.2013,3:15 PM,1326.4,LHS,Rural,Kavali,Collision Brush/Side Wipe,Lorry hit Toll Plaza Iron poll,Lorry,Non injury,Fault of driver of motor vehicle/driver of other vehicle/cyclist/pedestrian/passenger,Four lanes or more with central divider,Straight road,,Fine,AP16TX  4595,YES,Non injured ,2
27.02.2013,3:15 PM,1326.4,LHS,Rural,Kavali,Collision Brush/Side Wipe,Lorry hit Toll Plaza Iron poll,Lorry,Non injury,Fault of driver of motor vehicle/driver of other vehicle/cyclist/pedestrian/passenger,Four lanes or more with central divider,Straight road,,Fine,AP16TX  4595,YES,Animals affected,0
27.02.2013,5:00 PM,1320,LHS,Rural,Kavali,Collision Brush/Side Wipe,Lorry hit Tipper,Lorry,Non injury,Over speed,Four lanes or more with central divider,Straight road,,Fine,TN04 AB 2332,YES,Fatal,0
27.02.2013,5:00 PM,1320,LHS,Rural,Kavali,Collision Brush/Side Wipe,Lorry hit Tipper,Lorry,Non injury,Over speed,Four lanes or more with central divider,Straight road,,Fine,TN04 AB 2332,YES,Grevious,0
27.02.2013,5:00 PM,1320,LHS,Rural,Kavali,Collision Brush/Side Wipe,Lorry hit Tipper,Lorry,Non injury,Over speed,Four lanes or more with central divider,Straight road,,Fine,TN04 AB 2332,YES,Minor,0
27.02.2013,5:00 PM,1320,LHS,Rural,Kavali,Collision Brush/Side Wipe,Lorry hit Tipper,Lorry,Non injury,Over speed,Four lanes or more with central divider,Straight road,,Fine,TN04 AB 2332,YES,Non injured ,4
27.02.2013,5:00 PM,1320,LHS,Rural,Kavali,Collision Brush/Side Wipe,Lorry hit Tipper,Lorry,Non injury,Over speed,Four lanes or more with central divider,Straight road,,Fine,TN04 AB 2332,YES,Animals affected,0
27.02.2013,9:20 PM,1361.6,RHS,Rural,Kodavaluru,Overturning,LCV Over Turned,Van,Non injury,Over speed,Four lanes or more with central divider,Straight road,,Fine,AP26TB 4693,YES,Fatal,0
27.02.2013,9:20 PM,1361.6,RHS,Rural,Kodavaluru,Overturning,LCV Over Turned,Van,Non injury,Over speed,Four lanes or more with central divider,Straight road,,Fine,AP26TB 4693,YES,Grevious,0
27.02.2013,9:20 PM,1361.6,RHS,Rural,Kodavaluru,Overturning,LCV Over Turned,Van,Non injury,Over speed,Four lanes or more with central divider,Straight road,,Fine,AP26TB 4693,YES,Minor,0
27.02.2013,9:20 PM,1361.6,RHS,Rural,Kodavaluru,Overturning,LCV Over Turned,Van,Non injury,Over speed,Four lanes or more with central divider,Straight road,,Fine,AP26TB 4693,YES,Non injured ,2
27.02.2013,9:20 PM,1361.6,RHS,Rural,Kodavaluru,Overturning,LCV Over Turned,Van,Non injury,Over speed,Four lanes or more with central divider,Straight road,,Fine,AP26TB 4693,YES,Animals affected,0
28.02.2013,1:00 AM,1260.2,RHS,Rural,Tangutur,Rear End Collision,Lorry hit Rice Cutter Mechine,Lorry,Non injury,Over speed,Four lanes or more with central divider,Straight road,,Fine,AP16CC 5569,YES,Fatal,0
28.02.2013,1:00 AM,1260.2,RHS,Rural,Tangutur,Rear End Collision,Lorry hit Rice Cutter Mechine,Lorry,Non injury,Over speed,Four lanes or more with central divider,Straight road,,Fine,AP16CC 5569,YES,Grevious,0
28.02.2013,1:00 AM,1260.2,RHS,Rural,Tangutur,Rear End Collision,Lorry hit Rice Cutter Mechine,Lorry,Non injury,Over speed,Four lanes or more with central divider,Straight road,,Fine,AP16CC 5569,YES,Minor,0
28.02.2013,1:00 AM,1260.2,RHS,Rural,Tangutur,Rear End Collision,Lorry hit Rice Cutter Mechine,Lorry,Non injury,Over speed,Four lanes or more with central divider,Straight road,,Fine,AP16CC 5569,YES,Non injured ,4
28.02.2013,1:00 AM,1260.2,RHS,Rural,Tangutur,Rear End Collision,Lorry hit Rice Cutter Mechine,Lorry,Non injury,Over speed,Four lanes or more with central divider,Straight road,,Fine,AP16CC 5569,YES,Animals affected,0
28.02.2013,6:00 AM,1323.9,RHS,Rural,Kavali,Collision Brush/Side Wipe,Bike hit     Safety wall,Bike,Grievious injury,Over speed,Four lanes or more with central divider,Slight curve,,Fine,AP26Q    2964,YES,Fatal,0
28.02.2013,6:00 AM,1323.9,RHS,Rural,Kavali,Collision Brush/Side Wipe,Bike hit     Safety wall,Bike,Grievious injury,Over speed,Four lanes or more with central divider,Slight curve,,Fine,AP26Q    2964,YES,Grevious,1
28.02.2013,6:00 AM,1323.9,RHS,Rural,Kavali,Collision Brush/Side Wipe,Bike hit     Safety wall,Bike,Grievious injury,Over speed,Four lanes or more with central divider,Slight curve,,Fine,AP26Q    2964,YES,Minor,0
28.02.2013,6:00 AM,1323.9,RHS,Rural,Kavali,Collision Brush/Side Wipe,Bike hit     Safety wall,Bike,Grievious injury,Over speed,Four lanes or more with central divider,Slight curve,,Fine,AP26Q    2964,YES,Non injured ,0
28.02.2013,6:00 AM,1323.9,RHS,Rural,Kavali,Collision Brush/Side Wipe,Bike hit     Safety wall,Bike,Grievious injury,Over speed,Four lanes or more with central divider,Slight curve,,Fine,AP26Q    2964,YES,Animals affected,0
01.03.2013,7:30 AM,1259.1,LHS,Rural,Tangutur,Rear End Collision,Lorry hit Lorry,Lorry,Minor injury,Fault of driver of motor vehicle/driver of other vehicle/cyclist/pedestrian/passenger,Four lanes or more with central divider,Straight road,,Fine,AP16TX 5158,YES,Fatal,0
01.03.2013,7:30 AM,1259.1,LHS,Rural,Tangutur,Rear End Collision,Lorry hit Lorry,Lorry,Minor injury,Fault of driver of motor vehicle/driver of other vehicle/cyclist/pedestrian/passenger,Four lanes or more with central divider,Straight road,,Fine,AP16TX 5158,YES,Grevious,0
01.03.2013,7:30 AM,1259.1,LHS,Rural,Tangutur,Rear End Collision,Lorry hit Lorry,Lorry,Minor injury,Fault of driver of motor vehicle/driver of other vehicle/cyclist/pedestrian/passenger,Four lanes or more with central divider,Straight road,,Fine,AP16TX 5158,YES,Minor,1
01.03.2013,7:30 AM,1259.1,LHS,Rural,Tangutur,Rear End Collision,Lorry hit Lorry,Lorry,Minor injury,Fault of driver of motor vehicle/driver of other vehicle/cyclist/pedestrian/passenger,Four lanes or more with central divider,Straight road,,Fine,AP16TX 5158,YES,Non injured ,2
01.03.2013,7:30 AM,1259.1,LHS,Rural,Tangutur,Rear End Collision,Lorry hit Lorry,Lorry,Minor injury,Fault of driver of motor vehicle/driver of other vehicle/cyclist/pedestrian/passenger,Four lanes or more with central divider,Straight road,,Fine,AP16TX 5158,YES,Animals affected,0
01.03.2013,6:40 PM,1314.2,RHS,Rural,Kavali,Collision Brush/Side Wipe, Car hit Median,Car,Minor injury,Vehicle out of control,Four lanes or more with central divider,Slight curve,,Fine,AP26AR 8668,YES,Fatal,0
01.03.2013,6:40 PM,1314.2,RHS,Rural,Kavali,Collision Brush/Side Wipe, Car hit Median,Car,Minor injury,Vehicle out of control,Four lanes or more with central divider,Slight curve,,Fine,AP26AR 8668,YES,Grevious,0
01.03.2013,6:40 PM,1314.2,RHS,Rural,Kavali,Collision Brush/Side Wipe, Car hit Median,Car,Minor injury,Vehicle out of control,Four lanes or more with central divider,Slight curve,,Fine,AP26AR 8668,YES,Minor,2
01.03.2013,6:40 PM,1314.2,RHS,Rural,Kavali,Collision Brush/Side Wipe, Car hit Median,Car,Minor injury,Vehicle out of control,Four lanes or more with central divider,Slight curve,,Fine,AP26AR 8668,YES,Non injured ,1
01.03.2013,6:40 PM,1314.2,RHS,Rural,Kavali,Collision Brush/Side Wipe, Car hit Median,Car,Minor injury,Vehicle out of control,Four lanes or more with central divider,Slight curve,,Fine,AP26AR 8668,YES,Animals affected,0
01.03.2013,7:10 PM,1317.9,RHS,Rural,Kavali,Rear End Collision, Car hit Lorry,Car,Minor injury,Over speed,Four lanes or more with central divider,Slight curve,,Fine,TN20AY 2367,YES,Fatal,0
01.03.2013,7:10 PM,1317.9,RHS,Rural,Kavali,Rear End Collision, Car hit Lorry,Car,Minor injury,Over speed,Four lanes or more with central divider,Slight curve,,Fine,TN20AY 2367,YES,Grevious,0
01.03.2013,7:10 PM,1317.9,RHS,Rural,Kavali,Rear End Collision, Car hit Lorry,Car,Minor injury,Over speed,Four lanes or more with central divider,Slight curve,,Fine,TN20AY 2367,YES,Minor,3
01.03.2013,7:10 PM,1317.9,RHS,Rural,Kavali,Rear End Collision, Car hit Lorry,Car,Minor injury,Over speed,Four lanes or more with central divider,Slight curve,,Fine,TN20AY 2367,YES,Non injured ,2