Operational date,Time of Accident,KM && M,Position,Rural/Urban,Location,Nature of Accident Position,Nature of Accident,Vehicle Involved,Type of Accident,Causes,Road Feature,Road condition,Intersection Type And Control,Weather Condition,Vehicle Responsible,Help Provided by Ambulance/Patroling Vehicle,Classification of Accident,No of Affected Persons
01.03.2013,7:10 PM,1317.9,RHS,Rural,Kavali,Rear End Collision, Car hit Lorry,Car,Minor injury,Over speed,Four lanes or more with central divider,Slight curve,,Fine,TN20AY 2367,YES,Animals affected,0
02.03.2013,2:30 AM,1240.5,LHS,Rural,Ongole,Overturning,Lorry   Over Turned,Lorry,Non injury,Fault of driver of motor vehicle/driver of other vehicle/cyclist/pedestrian/passenger,Four lanes or more with central divider,Sharp curve,Y-Junction,Fine,AP07TU  6576,YES,Fatal,0
02.03.2013,2:30 AM,1240.5,LHS,Rural,Ongole,Overturning,Lorry   Over Turned,Lorry,Non injury,Fault of driver of motor vehicle/driver of other vehicle/cyclist/pedestrian/passenger,Four lanes or more with central divider,Sharp curve,Y-Junction,Fine,AP07TU  6576,YES,Grevious,0
02.03.2013,2:30 AM,1240.5,LHS,Rural,Ongole,Overturning,Lorry   Over Turned,Lorry,Non injury,Fault of driver of motor vehicle/driver of other vehicle/cyclist/pedestrian/passenger,Four lanes or more with central divider,Sharp curve,Y-Junction,Fine,AP07TU  6576,YES,Minor,0
02.03.2013,2:30 AM,1240.5,LHS,Rural,Ongole,Overturning,Lorry   Over Turned,Lorry,Non injury,Fault of driver of motor vehicle/driver of other vehicle/cyclist/pedestrian/passenger,Four lanes or more with central divider,Sharp curve,Y-Junction,Fine,AP07TU  6576,YES,Non injured ,2
02.03.2013,2:30 AM,1240.5,LHS,Rural,Ongole,Overturning,Lorry   Over Turned,Lorry,Non injury,Fault of driver of motor vehicle/driver of other vehicle/cyclist/pedestrian/passenger,Four lanes or more with central divider,Sharp curve,Y-Junction,Fine,AP07TU  6576,YES,Animals affected,0
02.03.2013,5:40 AM,1244.1,RHS,Rural,Ongole,Head on collision,Lorry hit Tractor,Lorry,Minor injury,Over speed,Four lanes or more with central divider,Straight road,,Fine,HR04N  1266,YES,Fatal,0
02.03.2013,5:40 AM,1244.1,RHS,Rural,Ongole,Head on collision,Lorry hit Tractor,Lorry,Minor injury,Over speed,Four lanes or more with central divider,Straight road,,Fine,HR04N  1266,YES,Grevious,0
02.03.2013,5:40 AM,1244.1,RHS,Rural,Ongole,Head on collision,Lorry hit Tractor,Lorry,Minor injury,Over speed,Four lanes or more with central divider,Straight road,,Fine,HR04N  1266,YES,Minor,1
02.03.2013,5:40 AM,1244.1,RHS,Rural,Ongole,Head on collision,Lorry hit Tractor,Lorry,Minor injury,Over speed,Four lanes or more with central divider,Straight road,,Fine,HR04N  1266,YES,Non injured ,3
02.03.2013,5:40 AM,1244.1,RHS,Rural,Ongole,Head on collision,Lorry hit Tractor,Lorry,Minor injury,Over speed,Four lanes or more with central divider,Straight road,,Fine,HR04N  1266,YES,Animals affected,0
02.03.2013,1:00 PM,1271.4,LHS,Rural,Jarugumalli,Head on collision,Lorry hit       Safety wall,Lorry,Minor injury,Over speed,Four lanes or more with central divider,Straight road,,Fine,AP24TA   2122,YES,Fatal,0
02.03.2013,1:00 PM,1271.4,LHS,Rural,Jarugumalli,Head on collision,Lorry hit       Safety wall,Lorry,Minor injury,Over speed,Four lanes or more with central divider,Straight road,,Fine,AP24TA   2122,YES,Grevious,0
02.03.2013,1:00 PM,1271.4,LHS,Rural,Jarugumalli,Head on collision,Lorry hit       Safety wall,Lorry,Minor injury,Over speed,Four lanes or more with central divider,Straight road,,Fine,AP24TA   2122,YES,Minor,1
02.03.2013,1:00 PM,1271.4,LHS,Rural,Jarugumalli,Head on collision,Lorry hit       Safety wall,Lorry,Minor injury,Over speed,Four lanes or more with central divider,Straight road,,Fine,AP24TA   2122,YES,Non injured ,1
02.03.2013,1:00 PM,1271.4,LHS,Rural,Jarugumalli,Head on collision,Lorry hit       Safety wall,Lorry,Minor injury,Over speed,Four lanes or more with central divider,Straight road,,Fine,AP24TA   2122,YES,Animals affected,0
02.03.2013,8:30 PM,1271.4,LHS,Rural,Jarugumalli,Skidding,Bike        Skidding,Bike,Minor injury,Over speed,Four lanes or more with central divider,Straight road,,Fine,AP27AB    0114,YES,Fatal,0
02.03.2013,8:30 PM,1271.4,LHS,Rural,Jarugumalli,Skidding,Bike        Skidding,Bike,Minor injury,Over speed,Four lanes or more with central divider,Straight road,,Fine,AP27AB    0114,YES,Grevious,0
02.03.2013,8:30 PM,1271.4,LHS,Rural,Jarugumalli,Skidding,Bike        Skidding,Bike,Minor injury,Over speed,Four lanes or more with central divider,Straight road,,Fine,AP27AB    0114,YES,Minor,1
02.03.2013,8:30 PM,1271.4,LHS,Rural,Jarugumalli,Skidding,Bike        Skidding,Bike,Minor injury,Over speed,Four lanes or more with central divider,Straight road,,Fine,AP27AB    0114,YES,Non injured ,0
02.03.2013,8:30 PM,1271.4,LHS,Rural,Jarugumalli,Skidding,Bike        Skidding,Bike,Minor injury,Over speed,Four lanes or more with central divider,Straight road,,Fine,AP27AB    0114,YES,Animals affected,0
03.03.2012,12:10 AM,1299.1,RHS,Rural,Gudluru,Overturning,Lorry      Over Turned,Lorry,Non injury,Over speed,Four lanes or more with central divider,Straight road,,Fine,AP47W   3599,YES,Fatal,0
03.03.2012,12:10 AM,1299.1,RHS,Rural,Gudluru,Overturning,Lorry      Over Turned,Lorry,Non injury,Over speed,Four lanes or more with central divider,Straight road,,Fine,AP47W   3599,YES,Grevious,0
03.03.2012,12:10 AM,1299.1,RHS,Rural,Gudluru,Overturning,Lorry      Over Turned,Lorry,Non injury,Over speed,Four lanes or more with central divider,Straight road,,Fine,AP47W   3599,YES,Minor,0
03.03.2012,12:10 AM,1299.1,RHS,Rural,Gudluru,Overturning,Lorry      Over Turned,Lorry,Non injury,Over speed,Four lanes or more with central divider,Straight road,,Fine,AP47W   3599,YES,Non injured ,2
03.03.2012,12:10 AM,1299.1,RHS,Rural,Gudluru,Overturning,Lorry      Over Turned,Lorry,Non injury,Over speed,Four lanes or more with central divider,Straight road,,Fine,AP47W   3599,YES,Animals affected,0
03.03.2012,1:15 PM,1216.9,RHS,Rural,Medarametla,Rear End Collision,Car hit      Car,Car,Minor injury,Over speed,Three lanes or more without central divider(median),Straight road,Y-Junction,Fine,AP5CU      1234,YES,Fatal,0
03.03.2012,1:15 PM,1216.9,RHS,Rural,Medarametla,Rear End Collision,Car hit      Car,Car,Minor injury,Over speed,Three lanes or more without central divider(median),Straight road,Y-Junction,Fine,AP5CU      1234,YES,Grevious,0
03.03.2012,1:15 PM,1216.9,RHS,Rural,Medarametla,Rear End Collision,Car hit      Car,Car,Minor injury,Over speed,Three lanes or more without central divider(median),Straight road,Y-Junction,Fine,AP5CU      1234,YES,Minor,2
03.03.2012,1:15 PM,1216.9,RHS,Rural,Medarametla,Rear End Collision,Car hit      Car,Car,Minor injury,Over speed,Three lanes or more without central divider(median),Straight road,Y-Junction,Fine,AP5CU      1234,YES,Non injured ,2
03.03.2012,1:15 PM,1216.9,RHS,Rural,Medarametla,Rear End Collision,Car hit      Car,Car,Minor injury,Over speed,Three lanes or more without central divider(median),Straight road,Y-Junction,Fine,AP5CU      1234,YES,Animals affected,0
04.03.2012,12:15 AM,1326,LHS,Rural,Kavali,Collision Brush/Side Wipe,Lorry hit     Safety wall,Lorry,Non injury,Over speed,Four lanes or more with central divider,Straight road,,Fine,AP24Y       6648,YES,Fatal,0
04.03.2012,12:15 AM,1326,LHS,Rural,Kavali,Collision Brush/Side Wipe,Lorry hit     Safety wall,Lorry,Non injury,Over speed,Four lanes or more with central divider,Straight road,,Fine,AP24Y       6648,YES,Grevious,0
04.03.2012,12:15 AM,1326,LHS,Rural,Kavali,Collision Brush/Side Wipe,Lorry hit     Safety wall,Lorry,Non injury,Over speed,Four lanes or more with central divider,Straight road,,Fine,AP24Y       6648,YES,Minor,0
04.03.2012,12:15 AM,1326,LHS,Rural,Kavali,Collision Brush/Side Wipe,Lorry hit     Safety wall,Lorry,Non injury,Over speed,Four lanes or more with central divider,Straight road,,Fine,AP24Y       6648,YES,Non injured ,2
04.03.2012,12:15 AM,1326,LHS,Rural,Kavali,Collision Brush/Side Wipe,Lorry hit     Safety wall,Lorry,Non injury,Over speed,Four lanes or more with central divider,Straight road,,Fine,AP24Y       6648,YES,Animals affected,0
05.03.2012,3:00 AM,1183.3,LHS,Rural,Martur,Rear End Collision,Lorry hit Lorry,Lorry,Grievious injury,Fault of driver of motor vehicle/driver of other vehicle/cyclist/pedestrian/passenger,Four lanes or more with central divider,Straight road,,Fine,AP07T      4499,YES,Fatal,0
05.03.2012,3:00 AM,1183.3,LHS,Rural,Martur,Rear End Collision,Lorry hit Lorry,Lorry,Grievious injury,Fault of driver of motor vehicle/driver of other vehicle/cyclist/pedestrian/passenger,Four lanes or more with central divider,Straight road,,Fine,AP07T      4499,YES,Grevious,1
05.03.2012,3:00 AM,1183.3,LHS,Rural,Martur,Rear End Collision,Lorry hit Lorry,Lorry,Grievious injury,Fault of driver of motor vehicle/driver of other vehicle/cyclist/pedestrian/passenger,Four lanes or more with central divider,Straight road,,Fine,AP07T      4499,YES,Minor,0
05.03.2012,3:00 AM,1183.3,LHS,Rural,Martur,Rear End Collision,Lorry hit Lorry,Lorry,Grievious injury,Fault of driver of motor vehicle/driver of other vehicle/cyclist/pedestrian/passenger,Four lanes or more with central divider,Straight road,,Fine,AP07T      4499,YES,Non injured ,2
05.03.2012,3:00 AM,1183.3,LHS,Rural,Martur,Rear End Collision,Lorry hit Lorry,Lorry,Grievious injury,Fault of driver of motor vehicle/driver of other vehicle/cyclist/pedestrian/passenger,Four lanes or more with central divider,Straight road,,Fine,AP07T      4499,YES,Animals affected,0
05.03.2012,10:58 AM,1207.7,RHS,Rural,Reningavaram,Overturning,Car        Overturned,Car,Non injury,Over speed,Four lanes or more with central divider,Straight road,,Fine,AP07Q     3663,YES,Fatal,0
05.03.2012,10:58 AM,1207.7,RHS,Rural,Reningavaram,Overturning,Car        Overturned,Car,Non injury,Over speed,Four lanes or more with central divider,Straight road,,Fine,AP07Q     3663,YES,Grevious,0
05.03.2012,10:58 AM,1207.7,RHS,Rural,Reningavaram,Overturning,Car        Overturned,Car,Non injury,Over speed,Four lanes or more with central divider,Straight road,,Fine,AP07Q     3663,YES,Minor,0
05.03.2012,10:58 AM,1207.7,RHS,Rural,Reningavaram,Overturning,Car        Overturned,Car,Non injury,Over speed,Four lanes or more with central divider,Straight road,,Fine,AP07Q     3663,YES,Non injured ,5
05.03.2012,10:58 AM,1207.7,RHS,Rural,Reningavaram,Overturning,Car        Overturned,Car,Non injury,Over speed,Four lanes or more with central divider,Straight road,,Fine,AP07Q     3663,YES,Animals affected,0
05.03.2012,5:19 PM,1355.6,RHS,Rural,Kodavaluru,Overturning,Mini Lorry     Over turned,Lorry,Minor injury,Over speed,Four lanes or more with central divider,Straight road,T-Junction,Fine,AP04TU    0784,YES,Fatal,0
05.03.2012,5:19 PM,1355.6,RHS,Rural,Kodavaluru,Overturning,Mini Lorry     Over turned,Lorry,Minor injury,Over speed,Four lanes or more with central divider,Straight road,T-Junction,Fine,AP04TU    0784,YES,Grevious,0
05.03.2012,5:19 PM,1355.6,RHS,Rural,Kodavaluru,Overturning,Mini Lorry     Over turned,Lorry,Minor injury,Over speed,Four lanes or more with central divider,Straight road,T-Junction,Fine,AP04TU    0784,YES,Minor,1
05.03.2012,5:19 PM,1355.6,RHS,Rural,Kodavaluru,Overturning,Mini Lorry     Over turned,Lorry,Minor injury,Over speed,Four lanes or more with central divider,Straight road,T-Junction,Fine,AP04TU    0784,YES,Non injured ,1
05.03.2012,5:19 PM,1355.6,RHS,Rural,Kodavaluru,Overturning,Mini Lorry     Over turned,Lorry,Minor injury,Over speed,Four lanes or more with central divider,Straight road,T-Junction,Fine,AP04TU    0784,YES,Animals affected,0
06.03.2013,12:10 PM,1344.5,RHS,Rural,Dagadarthi,Rear End Collision,Oil Tankar  hit car,Tanker,Non injury,Over speed,Four lanes or more with central divider,Straight road,,Fine,AP16TX      7414,YES,Fatal,0
06.03.2013,12:10 PM,1344.5,RHS,Rural,Dagadarthi,Rear End Collision,Oil Tankar  hit car,Tanker,Non injury,Over speed,Four lanes or more with central divider,Straight road,,Fine,AP16TX      7414,YES,Grevious,0
06.03.2013,12:10 PM,1344.5,RHS,Rural,Dagadarthi,Rear End Collision,Oil Tankar  hit car,Tanker,Non injury,Over speed,Four lanes or more with central divider,Straight road,,Fine,AP16TX      7414,YES,Minor,0
06.03.2013,12:10 PM,1344.5,RHS,Rural,Dagadarthi,Rear End Collision,Oil Tankar  hit car,Tanker,Non injury,Over speed,Four lanes or more with central divider,Straight road,,Fine,AP16TX      7414,YES,Non injured ,4
06.03.2013,12:10 PM,1344.5,RHS,Rural,Dagadarthi,Rear End Collision,Oil Tankar  hit car,Tanker,Non injury,Over speed,Four lanes or more with central divider,Straight road,,Fine,AP16TX      7414,YES,Animals affected,0
07.03.2013,4:44 AM,1261.3,LHS,Rural,Tangutur,Collision Brush/Side Wipe,Lorry hit     Safety wall,Lorry,Non injury,Over speed,Four lanes or more with central divider,Straight road,,Fine,AP16TC    2143,YES,Fatal,0
07.03.2013,4:44 AM,1261.3,LHS,Rural,Tangutur,Collision Brush/Side Wipe,Lorry hit     Safety wall,Lorry,Non injury,Over speed,Four lanes or more with central divider,Straight road,,Fine,AP16TC    2143,YES,Grevious,0
07.03.2013,4:44 AM,1261.3,LHS,Rural,Tangutur,Collision Brush/Side Wipe,Lorry hit     Safety wall,Lorry,Non injury,Over speed,Four lanes or more with central divider,Straight road,,Fine,AP16TC    2143,YES,Minor,0
07.03.2013,4:44 AM,1261.3,LHS,Rural,Tangutur,Collision Brush/Side Wipe,Lorry hit     Safety wall,Lorry,Non injury,Over speed,Four lanes or more with central divider,Straight road,,Fine,AP16TC    2143,YES,Non injured ,2
07.03.2013,4:44 AM,1261.3,LHS,Rural,Tangutur,Collision Brush/Side Wipe,Lorry hit     Safety wall,Lorry,Non injury,Over speed,Four lanes or more with central divider,Straight road,,Fine,AP16TC    2143,YES,Animals affected,0
07.03.2013,8:20 AM,1197.7,RHS,Rural,Martur,Skidding,Bike        Skidding,Bike,Minor injury,Over speed,Four lanes or more with central divider,Straight road,,Fine,AP27AL    0829,YES,Fatal,0
07.03.2013,8:20 AM,1197.7,RHS,Rural,Martur,Skidding,Bike        Skidding,Bike,Minor injury,Over speed,Four lanes or more with central divider,Straight road,,Fine,AP27AL    0829,YES,Grevious,0
07.03.2013,8:20 AM,1197.7,RHS,Rural,Martur,Skidding,Bike        Skidding,Bike,Minor injury,Over speed,Four lanes or more with central divider,Straight road,,Fine,AP27AL    0829,YES,Minor,1
07.03.2013,8:20 AM,1197.7,RHS,Rural,Martur,Skidding,Bike        Skidding,Bike,Minor injury,Over speed,Four lanes or more with central divider,Straight road,,Fine,AP27AL    0829,YES,Non injured ,0
07.03.2013,8:20 AM,1197.7,RHS,Rural,Martur,Skidding,Bike        Skidding,Bike,Minor injury,Over speed,Four lanes or more with central divider,Straight road,,Fine,AP27AL    0829,YES,Animals affected,0
07.03.2013,10:30 AM,1320.5,LHS,Rural,Kavali,Overturning, Lorry Over Turned,Lorry,Non injury,Over speed,Four lanes or more with central divider,Straight road,,Fine,AP13U  4707,YES,Fatal,0
07.03.2013,10:30 AM,1320.5,LHS,Rural,Kavali,Overturning, Lorry Over Turned,Lorry,Non injury,Over speed,Four lanes or more with central divider,Straight road,,Fine,AP13U  4707,YES,Grevious,0
07.03.2013,10:30 AM,1320.5,LHS,Rural,Kavali,Overturning, Lorry Over Turned,Lorry,Non injury,Over speed,Four lanes or more with central divider,Straight road,,Fine,AP13U  4707,YES,Minor,0
07.03.2013,10:30 AM,1320.5,LHS,Rural,Kavali,Overturning, Lorry Over Turned,Lorry,Non injury,Over speed,Four lanes or more with central divider,Straight road,,Fine,AP13U  4707,YES,Non injured ,2
07.03.2013,10:30 AM,1320.5,LHS,Rural,Kavali,Overturning, Lorry Over Turned,Lorry,Non injury,Over speed,Four lanes or more with central divider,Straight road,,Fine,AP13U  4707,YES,Animals affected,0
07.03.2013,3:30 PM,1279.8,RHS,Rural,Singarayakonda,Collision Brush/Side Wipe, Lorry hit Bike,Lorry,Grievious injury,Over speed,Four lanes or more with central divider,Straight road,,Fine,AP03U  6489,YES,Fatal,0
07.03.2013,3:30 PM,1279.8,RHS,Rural,Singarayakonda,Collision Brush/Side Wipe, Lorry hit Bike,Lorry,Grievious injury,Over speed,Four lanes or more with central divider,Straight road,,Fine,AP03U  6489,YES,Grevious,2
07.03.2013,3:30 PM,1279.8,RHS,Rural,Singarayakonda,Collision Brush/Side Wipe, Lorry hit Bike,Lorry,Grievious injury,Over speed,Four lanes or more with central divider,Straight road,,Fine,AP03U  6489,YES,Minor,1
07.03.2013,3:30 PM,1279.8,RHS,Rural,Singarayakonda,Collision Brush/Side Wipe, Lorry hit Bike,Lorry,Grievious injury,Over speed,Four lanes or more with central divider,Straight road,,Fine,AP03U  6489,YES,Non injured ,0
07.03.2013,3:30 PM,1279.8,RHS,Rural,Singarayakonda,Collision Brush/Side Wipe, Lorry hit Bike,Lorry,Grievious injury,Over speed,Four lanes or more with central divider,Straight road,,Fine,AP03U  6489,YES,Animals affected,0
07.03.2013,6:45 PM,1252,RHS,Rural,Ongole,Others(p1.Specific), Tractor Load Over Turned,Tractor,Non injury,Fault of driver of motor vehicle/driver of other vehicle/cyclist/pedestrian/passenger,Four lanes or more with central divider,Straight road,,Fine,AP27TU 8385,YES,Fatal,0
07.03.2013,6:45 PM,1252,RHS,Rural,Ongole,Others(p1.Specific), Tractor Load Over Turned,Tractor,Non injury,Fault of driver of motor vehicle/driver of other vehicle/cyclist/pedestrian/passenger,Four lanes or more with central divider,Straight road,,Fine,AP27TU 8385,YES,Grevious,0
07.03.2013,6:45 PM,1252,RHS,Rural,Ongole,Others(p1.Specific), Tractor Load Over Turned,Tractor,Non injury,Fault of driver of motor vehicle/driver of other vehicle/cyclist/pedestrian/passenger,Four lanes or more with central divider,Straight road,,Fine,AP27TU 8385,YES,Minor,0
07.03.2013,6:45 PM,1252,RHS,Rural,Ongole,Others(p1.Specific), Tractor Load Over Turned,Tractor,Non injury,Fault of driver of motor vehicle/driver of other vehicle/cyclist/pedestrian/passenger,Four lanes or more with central divider,Straight road,,Fine,AP27TU 8385,YES,Non injured ,1
07.03.2013,6:45 PM,1252,RHS,Rural,Ongole,Others(p1.Specific), Tractor Load Over Turned,Tractor,Non injury,Fault of driver of motor vehicle/driver of other vehicle/cyclist/pedestrian/passenger,Four lanes or more with central divider,Straight road,,Fine,AP27TU 8385,YES,Animals affected,0
07.03.2013,10:47 PM,1255.7,LHS,Rural,Tangutur,Collision Brush/Side Wipe, Unknown Vehicle hit Baffelo,Unknown,Non injury,Over speed,Four lanes or more with central divider,Straight road,,Fine,Unknown Vehicle,YES,Fatal,0
07.03.2013,10:47 PM,1255.7,LHS,Rural,Tangutur,Collision Brush/Side Wipe, Unknown Vehicle hit Baffelo,Unknown,Non injury,Over speed,Four lanes or more with central divider,Straight road,,Fine,Unknown Vehicle,YES,Grevious,0
07.03.2013,10:47 PM,1255.7,LHS,Rural,Tangutur,Collision Brush/Side Wipe, Unknown Vehicle hit Baffelo,Unknown,Non injury,Over speed,Four lanes or more with central divider,Straight road,,Fine,Unknown Vehicle,YES,Minor,0
07.03.2013,10:47 PM,1255.7,LHS,Rural,Tangutur,Collision Brush/Side Wipe, Unknown Vehicle hit Baffelo,Unknown,Non injury,Over speed,Four lanes or more with central divider,Straight road,,Fine,Unknown Vehicle,YES,Non injured ,0
07.03.2013,10:47 PM,1255.7,LHS,Rural,Tangutur,Collision Brush/Side Wipe, Unknown Vehicle hit Baffelo,Unknown,Non injury,Over speed,Four lanes or more with central divider,Straight road,,Fine,Unknown Vehicle,YES,Animals affected,1
08.03.2013,12:28 AM,1274,RHS,Rural,Singarayakonda,Head on collision,Lorry hit Safety wall,Lorry,Non injury,Over speed,Four lanes or more with central divider,Straight road,,Fine,AP16TY     8224,YES,Fatal,0
08.03.2013,12:28 AM,1274,RHS,Rural,Singarayakonda,Head on collision,Lorry hit Safety wall,Lorry,Non injury,Over speed,Four lanes or more with central divider,Straight road,,Fine,AP16TY     8224,YES,Grevious,0
08.03.2013,12:28 AM,1274,RHS,Rural,Singarayakonda,Head on collision,Lorry hit Safety wall,Lorry,Non injury,Over speed,Four lanes or more with central divider,Straight road,,Fine,AP16TY     8224,YES,Minor,0
08.03.2013,12:28 AM,1274,RHS,Rural,Singarayakonda,Head on collision,Lorry hit Safety wall,Lorry,Non injury,Over speed,Four lanes or more with central divider,Straight road,,Fine,AP16TY     8224,YES,Non injured ,2
08.03.2013,12:28 AM,1274,RHS,Rural,Singarayakonda,Head on collision,Lorry hit Safety wall,Lorry,Non injury,Over speed,Four lanes or more with central divider,Straight road,,Fine,AP16TY     8224,YES,Animals affected,0
08.03.2013,4:26 AM,1253.1,LHS,Rural,Ongole,Rear End Collision,Lorry hit Lorry,Lorry,Minor injury,Over speed,Four lanes or more with central divider,Straight road,,Fine,MP09HG       8669,YES,Fatal,0
08.03.2013,4:26 AM,1253.1,LHS,Rural,Ongole,Rear End Collision,Lorry hit Lorry,Lorry,Minor injury,Over speed,Four lanes or more with central divider,Straight road,,Fine,MP09HG       8669,YES,Grevious,0
08.03.2013,4:26 AM,1253.1,LHS,Rural,Ongole,Rear End Collision,Lorry hit Lorry,Lorry,Minor injury,Over speed,Four lanes or more with central divider,Straight road,,Fine,MP09HG       8669,YES,Minor,1
08.03.2013,4:26 AM,1253.1,LHS,Rural,Ongole,Rear End Collision,Lorry hit Lorry,Lorry,Minor injury,Over speed,Four lanes or more with central divider,Straight road,,Fine,MP09HG       8669,YES,Non injured ,3
08.03.2013,4:26 AM,1253.1,LHS,Rural,Ongole,Rear End Collision,Lorry hit Lorry,Lorry,Minor injury,Over speed,Four lanes or more with central divider,Straight road,,Fine,MP09HG       8669,YES,Animals affected,0
08.03.2013,6:00 PM,1240.7,LHS,Rural,Ongole,Overturning,Tractor Overturned,Tractor,Non injury,Over speed,Four lanes or more with central divider,Straight road,,Fine,AP27AB         7075,YES,Fatal,0
08.03.2013,6:00 PM,1240.7,LHS,Rural,Ongole,Overturning,Tractor Overturned,Tractor,Non injury,Over speed,Four lanes or more with central divider,Straight road,,Fine,AP27AB         7075,YES,Grevious,0
08.03.2013,6:00 PM,1240.7,LHS,Rural,Ongole,Overturning,Tractor Overturned,Tractor,Non injury,Over speed,Four lanes or more with central divider,Straight road,,Fine,AP27AB         7075,YES,Minor,0
08.03.2013,6:00 PM,1240.7,LHS,Rural,Ongole,Overturning,Tractor Overturned,Tractor,Non injury,Over speed,Four lanes or more with central divider,Straight road,,Fine,AP27AB         7075,YES,Non injured ,2
08.03.2013,6:00 PM,1240.7,LHS,Rural,Ongole,Overturning,Tractor Overturned,Tractor,Non injury,Over speed,Four lanes or more with central divider,Straight road,,Fine,AP27AB         7075,YES,Animals affected,0
09.03.2013,3:50 AM,1304.7,LHS,Rural,Gudluru,Overturning, Lorry Over Turned,Lorry,Minor injury,Over speed,Four lanes or more with central divider,Slight curve,,Fine,AP07TT 6289,YES,Fatal,0
09.03.2013,3:50 AM,1304.7,LHS,Rural,Gudluru,Overturning, Lorry Over Turned,Lorry,Minor injury,Over speed,Four lanes or more with central divider,Slight curve,,Fine,AP07TT 6289,YES,Grevious,0
09.03.2013,3:50 AM,1304.7,LHS,Rural,Gudluru,Overturning, Lorry Over Turned,Lorry,Minor injury,Over speed,Four lanes or more with central divider,Slight curve,,Fine,AP07TT 6289,YES,Minor,1
09.03.2013,3:50 AM,1304.7,LHS,Rural,Gudluru,Overturning, Lorry Over Turned,Lorry,Minor injury,Over speed,Four lanes or more with central divider,Slight curve,,Fine,AP07TT 6289,YES,Non injured ,1
09.03.2013,3:50 AM,1304.7,LHS,Rural,Gudluru,Overturning, Lorry Over Turned,Lorry,Minor injury,Over speed,Four lanes or more with central divider,Slight curve,,Fine,AP07TT 6289,YES,Animals affected,0
09.03.2013,6:20 AM,1329.9,RHS,Rural,Kavali,Overturning, Lorry Over Turned,Lorry,Non injury,Fault of driver of motor vehicle/driver of other vehicle/cyclist/pedestrian/passenger,Four lanes or more with central divider,Straight road,,Fine,AP16TX 7347,YES,Fatal,0
09.03.2013,6:20 AM,1329.9,RHS,Rural,Kavali,Overturning, Lorry Over Turned,Lorry,Non injury,Fault of driver of motor vehicle/driver of other vehicle/cyclist/pedestrian/passenger,Four lanes or more with central divider,Straight road,,Fine,AP16TX 7347,YES,Grevious,0
09.03.2013,6:20 AM,1329.9,RHS,Rural,Kavali,Overturning, Lorry Over Turned,Lorry,Non injury,Fault of driver of motor vehicle/driver of other vehicle/cyclist/pedestrian/passenger,Four lanes or more with central divider,Straight road,,Fine,AP16TX 7347,YES,Minor,0
09.03.2013,6:20 AM,1329.9,RHS,Rural,Kavali,Overturning, Lorry Over Turned,Lorry,Non injury,Fault of driver of motor vehicle/driver of other vehicle/cyclist/pedestrian/passenger,Four lanes or more with central divider,Straight road,,Fine,AP16TX 7347,YES,Non injured ,1
09.03.2013,6:20 AM,1329.9,RHS,Rural,Kavali,Overturning, Lorry Over Turned,Lorry,Non injury,Fault of driver of motor vehicle/driver of other vehicle/cyclist/pedestrian/passenger,Four lanes or more with central divider,Straight road,,Fine,AP16TX 7347,YES,Animals affected,0
09.03.2013,8:00 AM,1259.8,LHS,Rural,Tangutur,Collision Brush/Side Wipe, Lorry hit Auto,Lorry,Non injury,Over speed,Four lanes or more with central divider,Straight road,,Fine,AP07W  9699,YES,Fatal,0
09.03.2013,8:00 AM,1259.8,LHS,Rural,Tangutur,Collision Brush/Side Wipe, Lorry hit Auto,Lorry,Non injury,Over speed,Four lanes or more with central divider,Straight road,,Fine,AP07W  9699,YES,Grevious,0
09.03.2013,8:00 AM,1259.8,LHS,Rural,Tangutur,Collision Brush/Side Wipe, Lorry hit Auto,Lorry,Non injury,Over speed,Four lanes or more with central divider,Straight road,,Fine,AP07W  9699,YES,Minor,0
09.03.2013,8:00 AM,1259.8,LHS,Rural,Tangutur,Collision Brush/Side Wipe, Lorry hit Auto,Lorry,Non injury,Over speed,Four lanes or more with central divider,Straight road,,Fine,AP07W  9699,YES,Non injured ,1
09.03.2013,8:00 AM,1259.8,LHS,Rural,Tangutur,Collision Brush/Side Wipe, Lorry hit Auto,Lorry,Non injury,Over speed,Four lanes or more with central divider,Straight road,,Fine,AP07W  9699,YES,Animals affected,0
09.03.2013,9:55 AM,1204.9,LHS,Rural,Reningavaram,Skidding, Bike Skidding,Bike,Grievious injury,Vehicle out of control,Three lanes or more without central divider(median),Straight road,Y-Junction,Fine,AP27AF 4319,YES,Fatal,0
09.03.2013,9:55 AM,1204.9,LHS,Rural,Reningavaram,Skidding, Bike Skidding,Bike,Grievious injury,Vehicle out of control,Three lanes or more without central divider(median),Straight road,Y-Junction,Fine,AP27AF 4319,YES,Grevious,1
09.03.2013,9:55 AM,1204.9,LHS,Rural,Reningavaram,Skidding, Bike Skidding,Bike,Grievious injury,Vehicle out of control,Three lanes or more without central divider(median),Straight road,Y-Junction,Fine,AP27AF 4319,YES,Minor,0
09.03.2013,9:55 AM,1204.9,LHS,Rural,Reningavaram,Skidding, Bike Skidding,Bike,Grievious injury,Vehicle out of control,Three lanes or more without central divider(median),Straight road,Y-Junction,Fine,AP27AF 4319,YES,Non injured ,0