Operational date,Time of Accident,KM && M,Position,Rural/Urban,Location,Nature of Accident Position,Nature of Accident,Vehicle Involved,Type of Accident,Causes,Road Feature,Road condition,Intersection Type And Control,Weather Condition,Vehicle Responsible,Help Provided by Ambulance/Patroling Vehicle,Classification of Accident,No of Affected Persons
09.03.2013,9:55 AM,1204.9,LHS,Rural,Reningavaram,Skidding, Bike Skidding,Bike,Grievious injury,Vehicle out of control,Three lanes or more without central divider(median),Straight road,Y-Junction,Fine,AP27AF 4319,YES,Animals affected,0
09.03.2013,12:24 PM,1266.1,LHS,Rural,Tangutur,Overturning, Lorry Over Turned,Lorry,Grievious injury,Over speed,Three lanes or more without central divider(median),Straight road,Four arm junction,Fine,PB10DU 3913,YES,Fatal,0
09.03.2013,12:24 PM,1266.1,LHS,Rural,Tangutur,Overturning, Lorry Over Turned,Lorry,Grievious injury,Over speed,Three lanes or more without central divider(median),Straight road,Four arm junction,Fine,PB10DU 3913,YES,Grevious,1
09.03.2013,12:24 PM,1266.1,LHS,Rural,Tangutur,Overturning, Lorry Over Turned,Lorry,Grievious injury,Over speed,Three lanes or more without central divider(median),Straight road,Four arm junction,Fine,PB10DU 3913,YES,Minor,0
09.03.2013,12:24 PM,1266.1,LHS,Rural,Tangutur,Overturning, Lorry Over Turned,Lorry,Grievious injury,Over speed,Three lanes or more without central divider(median),Straight road,Four arm junction,Fine,PB10DU 3913,YES,Non injured ,1
09.03.2013,12:24 PM,1266.1,LHS,Rural,Tangutur,Overturning, Lorry Over Turned,Lorry,Grievious injury,Over speed,Three lanes or more without central divider(median),Straight road,Four arm junction,Fine,PB10DU 3913,YES,Animals affected,0
09.03.2013,1:30 PM,1356.5,RHS,Rural,Kodavaluru,Rear End Collision, Car hit Lorry,Car,Minor injury,Over speed,Three lanes or more without central divider(median),Straight road,T-Junction,Fine,AP26TR 6154,YES,Fatal,0
09.03.2013,1:30 PM,1356.5,RHS,Rural,Kodavaluru,Rear End Collision, Car hit Lorry,Car,Minor injury,Over speed,Three lanes or more without central divider(median),Straight road,T-Junction,Fine,AP26TR 6154,YES,Grevious,0
09.03.2013,1:30 PM,1356.5,RHS,Rural,Kodavaluru,Rear End Collision, Car hit Lorry,Car,Minor injury,Over speed,Three lanes or more without central divider(median),Straight road,T-Junction,Fine,AP26TR 6154,YES,Minor,2
09.03.2013,1:30 PM,1356.5,RHS,Rural,Kodavaluru,Rear End Collision, Car hit Lorry,Car,Minor injury,Over speed,Three lanes or more without central divider(median),Straight road,T-Junction,Fine,AP26TR 6154,YES,Non injured ,1
09.03.2013,1:30 PM,1356.5,RHS,Rural,Kodavaluru,Rear End Collision, Car hit Lorry,Car,Minor injury,Over speed,Three lanes or more without central divider(median),Straight road,T-Junction,Fine,AP26TR 6154,YES,Animals affected,0
10.03.2013,11:40 AM,1266.4,RHS,Rural,Tangutur,Head on collision,Auto hit Lorry,Auto,Grievious injury,Fault of driver of motor vehicle/driver of other vehicle/cyclist/pedestrian/passenger,Four lanes or more with central divider,Slight curve,,Fine,AP27TT     0588,YES,Fatal,0
10.03.2013,11:40 AM,1266.4,RHS,Rural,Tangutur,Head on collision,Auto hit Lorry,Auto,Grievious injury,Fault of driver of motor vehicle/driver of other vehicle/cyclist/pedestrian/passenger,Four lanes or more with central divider,Slight curve,,Fine,AP27TT     0588,YES,Grevious,1
10.03.2013,11:40 AM,1266.4,RHS,Rural,Tangutur,Head on collision,Auto hit Lorry,Auto,Grievious injury,Fault of driver of motor vehicle/driver of other vehicle/cyclist/pedestrian/passenger,Four lanes or more with central divider,Slight curve,,Fine,AP27TT     0588,YES,Minor,5
10.03.2013,11:40 AM,1266.4,RHS,Rural,Tangutur,Head on collision,Auto hit Lorry,Auto,Grievious injury,Fault of driver of motor vehicle/driver of other vehicle/cyclist/pedestrian/passenger,Four lanes or more with central divider,Slight curve,,Fine,AP27TT     0588,YES,Non injured ,0
10.03.2013,11:40 AM,1266.4,RHS,Rural,Tangutur,Head on collision,Auto hit Lorry,Auto,Grievious injury,Fault of driver of motor vehicle/driver of other vehicle/cyclist/pedestrian/passenger,Four lanes or more with central divider,Slight curve,,Fine,AP27TT     0588,YES,Animals affected,0
10.03.2013,3:30 PM,1219.5,LHS,Rural,Medarametla,Collision Brush/Side Wipe,Car hit    Bike,Car,Grievious injury,Over speed,Four lanes or more with central divider,Sharp curve,Four arm junction,Fine,AP27AB    7945,YES,Fatal,0
10.03.2013,3:30 PM,1219.5,LHS,Rural,Medarametla,Collision Brush/Side Wipe,Car hit    Bike,Car,Grievious injury,Over speed,Four lanes or more with central divider,Sharp curve,Four arm junction,Fine,AP27AB    7945,YES,Grevious,1
10.03.2013,3:30 PM,1219.5,LHS,Rural,Medarametla,Collision Brush/Side Wipe,Car hit    Bike,Car,Grievious injury,Over speed,Four lanes or more with central divider,Sharp curve,Four arm junction,Fine,AP27AB    7945,YES,Minor,0
10.03.2013,3:30 PM,1219.5,LHS,Rural,Medarametla,Collision Brush/Side Wipe,Car hit    Bike,Car,Grievious injury,Over speed,Four lanes or more with central divider,Sharp curve,Four arm junction,Fine,AP27AB    7945,YES,Non injured ,3
10.03.2013,3:30 PM,1219.5,LHS,Rural,Medarametla,Collision Brush/Side Wipe,Car hit    Bike,Car,Grievious injury,Over speed,Four lanes or more with central divider,Sharp curve,Four arm junction,Fine,AP27AB    7945,YES,Animals affected,0
10.03.2013,4:20 PM,1272,LHS,Rural,Jarugumalli,Skidding,Bike        Skidding,Bike,Minor injury,Over speed,Four lanes or more with central divider,Straight road,,Fine,AP23S      3204,YES,Fatal,0
10.03.2013,4:20 PM,1272,LHS,Rural,Jarugumalli,Skidding,Bike        Skidding,Bike,Minor injury,Over speed,Four lanes or more with central divider,Straight road,,Fine,AP23S      3204,YES,Grevious,0
10.03.2013,4:20 PM,1272,LHS,Rural,Jarugumalli,Skidding,Bike        Skidding,Bike,Minor injury,Over speed,Four lanes or more with central divider,Straight road,,Fine,AP23S      3204,YES,Minor,1
10.03.2013,4:20 PM,1272,LHS,Rural,Jarugumalli,Skidding,Bike        Skidding,Bike,Minor injury,Over speed,Four lanes or more with central divider,Straight road,,Fine,AP23S      3204,YES,Non injured ,0
10.03.2013,4:20 PM,1272,LHS,Rural,Jarugumalli,Skidding,Bike        Skidding,Bike,Minor injury,Over speed,Four lanes or more with central divider,Straight road,,Fine,AP23S      3204,YES,Animals affected,0
11.03.2013,2:40 AM,1362.3,LHS,Rural,Kodavaluru,Overturning, Lorry Over Turned,Lorry,Non injury,Over speed,Four lanes or more with central divider,Sharp curve,,Fine,MP07AG 0733,YES,Fatal,0
11.03.2013,2:40 AM,1362.3,LHS,Rural,Kodavaluru,Overturning, Lorry Over Turned,Lorry,Non injury,Over speed,Four lanes or more with central divider,Sharp curve,,Fine,MP07AG 0733,YES,Grevious,0
11.03.2013,2:40 AM,1362.3,LHS,Rural,Kodavaluru,Overturning, Lorry Over Turned,Lorry,Non injury,Over speed,Four lanes or more with central divider,Sharp curve,,Fine,MP07AG 0733,YES,Minor,0
11.03.2013,2:40 AM,1362.3,LHS,Rural,Kodavaluru,Overturning, Lorry Over Turned,Lorry,Non injury,Over speed,Four lanes or more with central divider,Sharp curve,,Fine,MP07AG 0733,YES,Non injured ,1
11.03.2013,2:40 AM,1362.3,LHS,Rural,Kodavaluru,Overturning, Lorry Over Turned,Lorry,Non injury,Over speed,Four lanes or more with central divider,Sharp curve,,Fine,MP07AG 0733,YES,Animals affected,0
11.03.2013,3:10 AM,1234.5,RHS,Rural,Maddipadu,Collision Brush/Side Wipe, Tipper Lorry Hit Median,Lorry,Non injury,Over speed,Four lanes or more with central divider,Straight road,,Fine,AP27TU 3515,YES,Fatal,0
11.03.2013,3:10 AM,1234.5,RHS,Rural,Maddipadu,Collision Brush/Side Wipe, Tipper Lorry Hit Median,Lorry,Non injury,Over speed,Four lanes or more with central divider,Straight road,,Fine,AP27TU 3515,YES,Grevious,0
11.03.2013,3:10 AM,1234.5,RHS,Rural,Maddipadu,Collision Brush/Side Wipe, Tipper Lorry Hit Median,Lorry,Non injury,Over speed,Four lanes or more with central divider,Straight road,,Fine,AP27TU 3515,YES,Minor,0
11.03.2013,3:10 AM,1234.5,RHS,Rural,Maddipadu,Collision Brush/Side Wipe, Tipper Lorry Hit Median,Lorry,Non injury,Over speed,Four lanes or more with central divider,Straight road,,Fine,AP27TU 3515,YES,Non injured ,2
11.03.2013,3:10 AM,1234.5,RHS,Rural,Maddipadu,Collision Brush/Side Wipe, Tipper Lorry Hit Median,Lorry,Non injury,Over speed,Four lanes or more with central divider,Straight road,,Fine,AP27TU 3515,YES,Animals affected,0
11.03.2013,5:30 AM,1211.9,RHS,Rural,Medarametla,Skidding, Bike Skidding,Bike,Grievious injury,Over speed,Four lanes or more with central divider,Straight road,,Fine,AP27     1863,YES,Fatal,0
11.03.2013,5:30 AM,1211.9,RHS,Rural,Medarametla,Skidding, Bike Skidding,Bike,Grievious injury,Over speed,Four lanes or more with central divider,Straight road,,Fine,AP27     1863,YES,Grevious,1
11.03.2013,5:30 AM,1211.9,RHS,Rural,Medarametla,Skidding, Bike Skidding,Bike,Grievious injury,Over speed,Four lanes or more with central divider,Straight road,,Fine,AP27     1863,YES,Minor,1
11.03.2013,5:30 AM,1211.9,RHS,Rural,Medarametla,Skidding, Bike Skidding,Bike,Grievious injury,Over speed,Four lanes or more with central divider,Straight road,,Fine,AP27     1863,YES,Non injured ,0
11.03.2013,5:30 AM,1211.9,RHS,Rural,Medarametla,Skidding, Bike Skidding,Bike,Grievious injury,Over speed,Four lanes or more with central divider,Straight road,,Fine,AP27     1863,YES,Animals affected,0
12.03.2013,1:45 AM,1223.1,RHS,Rural,Maddipadu,Collision Brush/Side Wipe,Car hit     Median,Car,Non injury,Fault of driver of motor vehicle/driver of other vehicle/cyclist/pedestrian/passenger,Three lanes or more without central divider(median),Straight road,Y-Junction,Fine,AP27AE     4444,YES,Fatal,0
12.03.2013,1:45 AM,1223.1,RHS,Rural,Maddipadu,Collision Brush/Side Wipe,Car hit     Median,Car,Non injury,Fault of driver of motor vehicle/driver of other vehicle/cyclist/pedestrian/passenger,Three lanes or more without central divider(median),Straight road,Y-Junction,Fine,AP27AE     4444,YES,Grevious,0
12.03.2013,1:45 AM,1223.1,RHS,Rural,Maddipadu,Collision Brush/Side Wipe,Car hit     Median,Car,Non injury,Fault of driver of motor vehicle/driver of other vehicle/cyclist/pedestrian/passenger,Three lanes or more without central divider(median),Straight road,Y-Junction,Fine,AP27AE     4444,YES,Minor,0
12.03.2013,1:45 AM,1223.1,RHS,Rural,Maddipadu,Collision Brush/Side Wipe,Car hit     Median,Car,Non injury,Fault of driver of motor vehicle/driver of other vehicle/cyclist/pedestrian/passenger,Three lanes or more without central divider(median),Straight road,Y-Junction,Fine,AP27AE     4444,YES,Non injured ,2
12.03.2013,1:45 AM,1223.1,RHS,Rural,Maddipadu,Collision Brush/Side Wipe,Car hit     Median,Car,Non injury,Fault of driver of motor vehicle/driver of other vehicle/cyclist/pedestrian/passenger,Three lanes or more without central divider(median),Straight road,Y-Junction,Fine,AP27AE     4444,YES,Animals affected,0
12.03.2013,8:45 AM,1353.9,LHS,Rural,Kodavaluru,Rear End Collision,Tipper hit Lorry,Lorry,Non injury,Over speed,Four lanes or more with central divider,Straight road,,Fine,KA01L AX     6614,YES,Fatal,0
12.03.2013,8:45 AM,1353.9,LHS,Rural,Kodavaluru,Rear End Collision,Tipper hit Lorry,Lorry,Non injury,Over speed,Four lanes or more with central divider,Straight road,,Fine,KA01L AX     6614,YES,Grevious,0
12.03.2013,8:45 AM,1353.9,LHS,Rural,Kodavaluru,Rear End Collision,Tipper hit Lorry,Lorry,Non injury,Over speed,Four lanes or more with central divider,Straight road,,Fine,KA01L AX     6614,YES,Minor,0
12.03.2013,8:45 AM,1353.9,LHS,Rural,Kodavaluru,Rear End Collision,Tipper hit Lorry,Lorry,Non injury,Over speed,Four lanes or more with central divider,Straight road,,Fine,KA01L AX     6614,YES,Non injured ,4
12.03.2013,8:45 AM,1353.9,LHS,Rural,Kodavaluru,Rear End Collision,Tipper hit Lorry,Lorry,Non injury,Over speed,Four lanes or more with central divider,Straight road,,Fine,KA01L AX     6614,YES,Animals affected,0
12.03.2013,10:30 AM,1206.9,LHS,Rural,Reningavaram,Head on collision,Tipper hit Bike,Lorry,Minor injury,Fault of driver of motor vehicle/driver of other vehicle/cyclist/pedestrian/passenger,Four lanes or more with central divider,Straight road,,Fine,AP27TU    5208,YES,Fatal,0
12.03.2013,10:30 AM,1206.9,LHS,Rural,Reningavaram,Head on collision,Tipper hit Bike,Lorry,Minor injury,Fault of driver of motor vehicle/driver of other vehicle/cyclist/pedestrian/passenger,Four lanes or more with central divider,Straight road,,Fine,AP27TU    5208,YES,Grevious,0
12.03.2013,10:30 AM,1206.9,LHS,Rural,Reningavaram,Head on collision,Tipper hit Bike,Lorry,Minor injury,Fault of driver of motor vehicle/driver of other vehicle/cyclist/pedestrian/passenger,Four lanes or more with central divider,Straight road,,Fine,AP27TU    5208,YES,Minor,2
12.03.2013,10:30 AM,1206.9,LHS,Rural,Reningavaram,Head on collision,Tipper hit Bike,Lorry,Minor injury,Fault of driver of motor vehicle/driver of other vehicle/cyclist/pedestrian/passenger,Four lanes or more with central divider,Straight road,,Fine,AP27TU    5208,YES,Non injured ,0
12.03.2013,10:30 AM,1206.9,LHS,Rural,Reningavaram,Head on collision,Tipper hit Bike,Lorry,Minor injury,Fault of driver of motor vehicle/driver of other vehicle/cyclist/pedestrian/passenger,Four lanes or more with central divider,Straight road,,Fine,AP27TU    5208,YES,Animals affected,0
12.03.2013,1:50 PM,1334.4,RHS,Rural,Kavali,Rear End Collision,Lorry hit Tractor,Lorry,Non injury,Over speed,Four lanes or more with central divider,Straight road,,Fine,TN70J     4609,YES,Fatal,0
12.03.2013,1:50 PM,1334.4,RHS,Rural,Kavali,Rear End Collision,Lorry hit Tractor,Lorry,Non injury,Over speed,Four lanes or more with central divider,Straight road,,Fine,TN70J     4609,YES,Grevious,0
12.03.2013,1:50 PM,1334.4,RHS,Rural,Kavali,Rear End Collision,Lorry hit Tractor,Lorry,Non injury,Over speed,Four lanes or more with central divider,Straight road,,Fine,TN70J     4609,YES,Minor,0
12.03.2013,1:50 PM,1334.4,RHS,Rural,Kavali,Rear End Collision,Lorry hit Tractor,Lorry,Non injury,Over speed,Four lanes or more with central divider,Straight road,,Fine,TN70J     4609,YES,Non injured ,5
12.03.2013,1:50 PM,1334.4,RHS,Rural,Kavali,Rear End Collision,Lorry hit Tractor,Lorry,Non injury,Over speed,Four lanes or more with central divider,Straight road,,Fine,TN70J     4609,YES,Animals affected,0
12.03.2013,10:15 PM,1252.7,RHS,Rural,Ongole,Rear End Collision, Auto hit Lorry,Auto,Minor injury,Fault of driver of motor vehicle/driver of other vehicle/cyclist/pedestrian/passenger,Four lanes or more with central divider,Sharp curve,,Fine,AP27TU 8398,YES,Fatal,0
12.03.2013,10:15 PM,1252.7,RHS,Rural,Ongole,Rear End Collision, Auto hit Lorry,Auto,Minor injury,Fault of driver of motor vehicle/driver of other vehicle/cyclist/pedestrian/passenger,Four lanes or more with central divider,Sharp curve,,Fine,AP27TU 8398,YES,Grevious,0
12.03.2013,10:15 PM,1252.7,RHS,Rural,Ongole,Rear End Collision, Auto hit Lorry,Auto,Minor injury,Fault of driver of motor vehicle/driver of other vehicle/cyclist/pedestrian/passenger,Four lanes or more with central divider,Sharp curve,,Fine,AP27TU 8398,YES,Minor,3
12.03.2013,10:15 PM,1252.7,RHS,Rural,Ongole,Rear End Collision, Auto hit Lorry,Auto,Minor injury,Fault of driver of motor vehicle/driver of other vehicle/cyclist/pedestrian/passenger,Four lanes or more with central divider,Sharp curve,,Fine,AP27TU 8398,YES,Non injured ,2
12.03.2013,10:15 PM,1252.7,RHS,Rural,Ongole,Rear End Collision, Auto hit Lorry,Auto,Minor injury,Fault of driver of motor vehicle/driver of other vehicle/cyclist/pedestrian/passenger,Four lanes or more with central divider,Sharp curve,,Fine,AP27TU 8398,YES,Animals affected,0
13.03.2013,4:45 AM,1205.5,RHS,Rural,Reningavaram,Overturning,Lorry      Over Turned,Lorry,Non injury,Fault of driver of motor vehicle/driver of other vehicle/cyclist/pedestrian/passenger,Four lanes or more with central divider,Sharp curve,,Fine,WB41E    1117,YES,Fatal,0
13.03.2013,4:45 AM,1205.5,RHS,Rural,Reningavaram,Overturning,Lorry      Over Turned,Lorry,Non injury,Fault of driver of motor vehicle/driver of other vehicle/cyclist/pedestrian/passenger,Four lanes or more with central divider,Sharp curve,,Fine,WB41E    1117,YES,Grevious,0
13.03.2013,4:45 AM,1205.5,RHS,Rural,Reningavaram,Overturning,Lorry      Over Turned,Lorry,Non injury,Fault of driver of motor vehicle/driver of other vehicle/cyclist/pedestrian/passenger,Four lanes or more with central divider,Sharp curve,,Fine,WB41E    1117,YES,Minor,0
13.03.2013,4:45 AM,1205.5,RHS,Rural,Reningavaram,Overturning,Lorry      Over Turned,Lorry,Non injury,Fault of driver of motor vehicle/driver of other vehicle/cyclist/pedestrian/passenger,Four lanes or more with central divider,Sharp curve,,Fine,WB41E    1117,YES,Non injured ,2
13.03.2013,4:45 AM,1205.5,RHS,Rural,Reningavaram,Overturning,Lorry      Over Turned,Lorry,Non injury,Fault of driver of motor vehicle/driver of other vehicle/cyclist/pedestrian/passenger,Four lanes or more with central divider,Sharp curve,,Fine,WB41E    1117,YES,Animals affected,0
13.03.2013,6:15 AM,1277.7,RHS,Rural,Singarayakonda,Head on collision,Lorry hit Tractor,Lorry,Non injury,Fault of driver of motor vehicle/driver of other vehicle/cyclist/pedestrian/passenger,Four lanes or more with central divider,Sharp curve,,Fine,AP16TB     8478,YES,Fatal,0
13.03.2013,6:15 AM,1277.7,RHS,Rural,Singarayakonda,Head on collision,Lorry hit Tractor,Lorry,Non injury,Fault of driver of motor vehicle/driver of other vehicle/cyclist/pedestrian/passenger,Four lanes or more with central divider,Sharp curve,,Fine,AP16TB     8478,YES,Grevious,0
13.03.2013,6:15 AM,1277.7,RHS,Rural,Singarayakonda,Head on collision,Lorry hit Tractor,Lorry,Non injury,Fault of driver of motor vehicle/driver of other vehicle/cyclist/pedestrian/passenger,Four lanes or more with central divider,Sharp curve,,Fine,AP16TB     8478,YES,Minor,0
13.03.2013,6:15 AM,1277.7,RHS,Rural,Singarayakonda,Head on collision,Lorry hit Tractor,Lorry,Non injury,Fault of driver of motor vehicle/driver of other vehicle/cyclist/pedestrian/passenger,Four lanes or more with central divider,Sharp curve,,Fine,AP16TB     8478,YES,Non injured ,2
13.03.2013,6:15 AM,1277.7,RHS,Rural,Singarayakonda,Head on collision,Lorry hit Tractor,Lorry,Non injury,Fault of driver of motor vehicle/driver of other vehicle/cyclist/pedestrian/passenger,Four lanes or more with central divider,Sharp curve,,Fine,AP16TB     8478,YES,Animals affected,0
13.03.2013,3:18 PM,1241.4,LHS,Rural,Ongole,Rear End Collision,Lorry hit          Tractor,Lorry,Grievious injury,Over speed,Four lanes or more with central divider,Straight road,,Fine,TN34M    9499,YES,Fatal,0
13.03.2013,3:18 PM,1241.4,LHS,Rural,Ongole,Rear End Collision,Lorry hit          Tractor,Lorry,Grievious injury,Over speed,Four lanes or more with central divider,Straight road,,Fine,TN34M    9499,YES,Grevious,1
13.03.2013,3:18 PM,1241.4,LHS,Rural,Ongole,Rear End Collision,Lorry hit          Tractor,Lorry,Grievious injury,Over speed,Four lanes or more with central divider,Straight road,,Fine,TN34M    9499,YES,Minor,0
13.03.2013,3:18 PM,1241.4,LHS,Rural,Ongole,Rear End Collision,Lorry hit          Tractor,Lorry,Grievious injury,Over speed,Four lanes or more with central divider,Straight road,,Fine,TN34M    9499,YES,Non injured ,2
13.03.2013,3:18 PM,1241.4,LHS,Rural,Ongole,Rear End Collision,Lorry hit          Tractor,Lorry,Grievious injury,Over speed,Four lanes or more with central divider,Straight road,,Fine,TN34M    9499,YES,Animals affected,0
13.03.2013,11:15 PM,1338.6,LHS,Rural,Dagadarthi,Skidding,Bike        Skidding,Bike,Minor injury,Over speed,Four lanes or more with central divider,Straight road,,Fine,AP11AQ   7371,YES,Fatal,0
13.03.2013,11:15 PM,1338.6,LHS,Rural,Dagadarthi,Skidding,Bike        Skidding,Bike,Minor injury,Over speed,Four lanes or more with central divider,Straight road,,Fine,AP11AQ   7371,YES,Grevious,0
13.03.2013,11:15 PM,1338.6,LHS,Rural,Dagadarthi,Skidding,Bike        Skidding,Bike,Minor injury,Over speed,Four lanes or more with central divider,Straight road,,Fine,AP11AQ   7371,YES,Minor,2
13.03.2013,11:15 PM,1338.6,LHS,Rural,Dagadarthi,Skidding,Bike        Skidding,Bike,Minor injury,Over speed,Four lanes or more with central divider,Straight road,,Fine,AP11AQ   7371,YES,Non injured ,0
13.03.2013,11:15 PM,1338.6,LHS,Rural,Dagadarthi,Skidding,Bike        Skidding,Bike,Minor injury,Over speed,Four lanes or more with central divider,Straight road,,Fine,AP11AQ   7371,YES,Animals affected,0
14.03.2013,2:10 AM,1267,RHS,Rural,Tangutur,Rear End Collision, Lorry hit Tractor,Lorry,Grievious injury,Over speed,Four lanes or more with central divider,Straight road,,Fine,AP05V 2039,YES,Fatal,0
14.03.2013,2:10 AM,1267,RHS,Rural,Tangutur,Rear End Collision, Lorry hit Tractor,Lorry,Grievious injury,Over speed,Four lanes or more with central divider,Straight road,,Fine,AP05V 2039,YES,Grevious,1
14.03.2013,2:10 AM,1267,RHS,Rural,Tangutur,Rear End Collision, Lorry hit Tractor,Lorry,Grievious injury,Over speed,Four lanes or more with central divider,Straight road,,Fine,AP05V 2039,YES,Minor,0
14.03.2013,2:10 AM,1267,RHS,Rural,Tangutur,Rear End Collision, Lorry hit Tractor,Lorry,Grievious injury,Over speed,Four lanes or more with central divider,Straight road,,Fine,AP05V 2039,YES,Non injured ,2
14.03.2013,2:10 AM,1267,RHS,Rural,Tangutur,Rear End Collision, Lorry hit Tractor,Lorry,Grievious injury,Over speed,Four lanes or more with central divider,Straight road,,Fine,AP05V 2039,YES,Animals affected,0
14.03.2013,6:10 PM,1313.8,LHS,Rural,Kavali,Rear End Collision,Bus hit Tractor ,Bus,Non injury,Over speed,Four lanes or more with central divider,Slight curve,T-Junction,Fine,AP28Z 5650,YES,Fatal,0
14.03.2013,6:10 PM,1313.8,LHS,Rural,Kavali,Rear End Collision,Bus hit Tractor ,Bus,Non injury,Over speed,Four lanes or more with central divider,Slight curve,T-Junction,Fine,AP28Z 5650,YES,Grevious,0
14.03.2013,6:10 PM,1313.8,LHS,Rural,Kavali,Rear End Collision,Bus hit Tractor ,Bus,Non injury,Over speed,Four lanes or more with central divider,Slight curve,T-Junction,Fine,AP28Z 5650,YES,Minor,0
14.03.2013,6:10 PM,1313.8,LHS,Rural,Kavali,Rear End Collision,Bus hit Tractor ,Bus,Non injury,Over speed,Four lanes or more with central divider,Slight curve,T-Junction,Fine,AP28Z 5650,YES,Non injured ,4
14.03.2013,6:10 PM,1313.8,LHS,Rural,Kavali,Rear End Collision,Bus hit Tractor ,Bus,Non injury,Over speed,Four lanes or more with central divider,Slight curve,T-Junction,Fine,AP28Z 5650,YES,Animals affected,0
14.03.2013,8:55 PM,1266.7,RHS,Rural,Tangutur,Collision Brush/Side Wipe, Bike hit Safety wall,Bike,Grievious injury,Druken,Four lanes or more with central divider,Straight road,,Fine,AP04F 6434,YES,Fatal,0
14.03.2013,8:55 PM,1266.7,RHS,Rural,Tangutur,Collision Brush/Side Wipe, Bike hit Safety wall,Bike,Grievious injury,Druken,Four lanes or more with central divider,Straight road,,Fine,AP04F 6434,YES,Grevious,1
14.03.2013,8:55 PM,1266.7,RHS,Rural,Tangutur,Collision Brush/Side Wipe, Bike hit Safety wall,Bike,Grievious injury,Druken,Four lanes or more with central divider,Straight road,,Fine,AP04F 6434,YES,Minor,0
14.03.2013,8:55 PM,1266.7,RHS,Rural,Tangutur,Collision Brush/Side Wipe, Bike hit Safety wall,Bike,Grievious injury,Druken,Four lanes or more with central divider,Straight road,,Fine,AP04F 6434,YES,Non injured ,0
14.03.2013,8:55 PM,1266.7,RHS,Rural,Tangutur,Collision Brush/Side Wipe, Bike hit Safety wall,Bike,Grievious injury,Druken,Four lanes or more with central divider,Straight road,,Fine,AP04F 6434,YES,Animals affected,0
14.03.2013,11:35 PM,1303.7,RHS,Rural,Gudluru,Collision Brush/Side Wipe,Auto hit  Animal,Auto,Non injury,Over speed,Four lanes or more with central divider,Straight road,,Fine,AP27TT 0829,YES,Fatal,0
14.03.2013,11:35 PM,1303.7,RHS,Rural,Gudluru,Collision Brush/Side Wipe,Auto hit  Animal,Auto,Non injury,Over speed,Four lanes or more with central divider,Straight road,,Fine,AP27TT 0829,YES,Grevious,0
14.03.2013,11:35 PM,1303.7,RHS,Rural,Gudluru,Collision Brush/Side Wipe,Auto hit  Animal,Auto,Non injury,Over speed,Four lanes or more with central divider,Straight road,,Fine,AP27TT 0829,YES,Minor,0
14.03.2013,11:35 PM,1303.7,RHS,Rural,Gudluru,Collision Brush/Side Wipe,Auto hit  Animal,Auto,Non injury,Over speed,Four lanes or more with central divider,Straight road,,Fine,AP27TT 0829,YES,Non injured ,4
14.03.2013,11:35 PM,1303.7,RHS,Rural,Gudluru,Collision Brush/Side Wipe,Auto hit  Animal,Auto,Non injury,Over speed,Four lanes or more with central divider,Straight road,,Fine,AP27TT 0829,YES,Animals affected,0
15.03.2013,7:30 AM,1223.2,RHS,Rural,Medarametla,Collision Brush/Side Wipe,Lorry hit     Safety wall,Lorry,Non injury,Over speed,Four lanes or more with central divider,Straight road,,Fine,AP27Y      2799,YES,Fatal,0
15.03.2013,7:30 AM,1223.2,RHS,Rural,Medarametla,Collision Brush/Side Wipe,Lorry hit     Safety wall,Lorry,Non injury,Over speed,Four lanes or more with central divider,Straight road,,Fine,AP27Y      2799,YES,Grevious,0
15.03.2013,7:30 AM,1223.2,RHS,Rural,Medarametla,Collision Brush/Side Wipe,Lorry hit     Safety wall,Lorry,Non injury,Over speed,Four lanes or more with central divider,Straight road,,Fine,AP27Y      2799,YES,Minor,0
15.03.2013,7:30 AM,1223.2,RHS,Rural,Medarametla,Collision Brush/Side Wipe,Lorry hit     Safety wall,Lorry,Non injury,Over speed,Four lanes or more with central divider,Straight road,,Fine,AP27Y      2799,YES,Non injured ,2
15.03.2013,7:30 AM,1223.2,RHS,Rural,Medarametla,Collision Brush/Side Wipe,Lorry hit     Safety wall,Lorry,Non injury,Over speed,Four lanes or more with central divider,Straight road,,Fine,AP27Y      2799,YES,Animals affected,0
15.03.2013,9:20 AM,1322.1,LHS,Rural,Kavali,Overturning,Tractor Overturned,Tractor,Non injury,Over speed,Four lanes or more with central divider,Straight road,,Fine,AP26TA      4762,YES,Fatal,0
15.03.2013,9:20 AM,1322.1,LHS,Rural,Kavali,Overturning,Tractor Overturned,Tractor,Non injury,Over speed,Four lanes or more with central divider,Straight road,,Fine,AP26TA      4762,YES,Grevious,0
15.03.2013,9:20 AM,1322.1,LHS,Rural,Kavali,Overturning,Tractor Overturned,Tractor,Non injury,Over speed,Four lanes or more with central divider,Straight road,,Fine,AP26TA      4762,YES,Minor,0
15.03.2013,9:20 AM,1322.1,LHS,Rural,Kavali,Overturning,Tractor Overturned,Tractor,Non injury,Over speed,Four lanes or more with central divider,Straight road,,Fine,AP26TA      4762,YES,Non injured ,2