Operational date,Time of Accident,KM && M,Position,Rural/Urban,Location,Nature of Accident Position,Nature of Accident,Vehicle Involved,Type of Accident,Causes,Road Feature,Road condition,Intersection Type And Control,Weather Condition,Vehicle Responsible,Help Provided by Ambulance/Patroling Vehicle,Classification of Accident,No of Affected Persons
15.03.2013,9:20 AM,1322.1,LHS,Rural,Kavali,Overturning,Tractor Overturned,Tractor,Non injury,Over speed,Four lanes or more with central divider,Straight road,,Fine,AP26TA      4762,YES,Animals affected,0
16.03.2013,4:30 AM,1281.2,RHS,Rural,Singarayakonda,Others(p1.Specific), Tractor Truck Load Over Turned,Tractor,Non injury,Fault of driver of motor vehicle/driver of other vehicle/cyclist/pedestrian/passenger,Four lanes or more with central divider,Straight road,,Fine,AP26AM 9695,YES,Fatal,0
16.03.2013,4:30 AM,1281.2,RHS,Rural,Singarayakonda,Others(p1.Specific), Tractor Truck Load Over Turned,Tractor,Non injury,Fault of driver of motor vehicle/driver of other vehicle/cyclist/pedestrian/passenger,Four lanes or more with central divider,Straight road,,Fine,AP26AM 9695,YES,Grevious,0
16.03.2013,4:30 AM,1281.2,RHS,Rural,Singarayakonda,Others(p1.Specific), Tractor Truck Load Over Turned,Tractor,Non injury,Fault of driver of motor vehicle/driver of other vehicle/cyclist/pedestrian/passenger,Four lanes or more with central divider,Straight road,,Fine,AP26AM 9695,YES,Minor,0
16.03.2013,4:30 AM,1281.2,RHS,Rural,Singarayakonda,Others(p1.Specific), Tractor Truck Load Over Turned,Tractor,Non injury,Fault of driver of motor vehicle/driver of other vehicle/cyclist/pedestrian/passenger,Four lanes or more with central divider,Straight road,,Fine,AP26AM 9695,YES,Non injured ,1
16.03.2013,4:30 AM,1281.2,RHS,Rural,Singarayakonda,Others(p1.Specific), Tractor Truck Load Over Turned,Tractor,Non injury,Fault of driver of motor vehicle/driver of other vehicle/cyclist/pedestrian/passenger,Four lanes or more with central divider,Straight road,,Fine,AP26AM 9695,YES,Animals affected,0
16.03.2013,5:15 AM,1277.8,RHS,Rural,Singarayakonda,Collision Brush/Side Wipe, Car hit Median,Car,Non injury,Fault of driver of motor vehicle/driver of other vehicle/cyclist/pedestrian/passenger,Four lanes or more with central divider,Sharp curve,,Fine,KA01MH 3111,YES,Fatal,0
16.03.2013,5:15 AM,1277.8,RHS,Rural,Singarayakonda,Collision Brush/Side Wipe, Car hit Median,Car,Non injury,Fault of driver of motor vehicle/driver of other vehicle/cyclist/pedestrian/passenger,Four lanes or more with central divider,Sharp curve,,Fine,KA01MH 3111,YES,Grevious,0
16.03.2013,5:15 AM,1277.8,RHS,Rural,Singarayakonda,Collision Brush/Side Wipe, Car hit Median,Car,Non injury,Fault of driver of motor vehicle/driver of other vehicle/cyclist/pedestrian/passenger,Four lanes or more with central divider,Sharp curve,,Fine,KA01MH 3111,YES,Minor,0
16.03.2013,5:15 AM,1277.8,RHS,Rural,Singarayakonda,Collision Brush/Side Wipe, Car hit Median,Car,Non injury,Fault of driver of motor vehicle/driver of other vehicle/cyclist/pedestrian/passenger,Four lanes or more with central divider,Sharp curve,,Fine,KA01MH 3111,YES,Non injured ,4
16.03.2013,5:15 AM,1277.8,RHS,Rural,Singarayakonda,Collision Brush/Side Wipe, Car hit Median,Car,Non injury,Fault of driver of motor vehicle/driver of other vehicle/cyclist/pedestrian/passenger,Four lanes or more with central divider,Sharp curve,,Fine,KA01MH 3111,YES,Animals affected,0
16.03.2013,6:30 AM,1339.9,LHS,Rural,Dagadarthi,Others(p1.Specific), Generator load Over Turned,Generator load,Non injury,Fault of driver of motor vehicle/driver of other vehicle/cyclist/pedestrian/passenger,Three lanes or more without central divider(median),Straight road,Y-Junction,Fine,AP27D   758,YES,Fatal,0
16.03.2013,6:30 AM,1339.9,LHS,Rural,Dagadarthi,Others(p1.Specific), Generator load Over Turned,Generator load,Non injury,Fault of driver of motor vehicle/driver of other vehicle/cyclist/pedestrian/passenger,Three lanes or more without central divider(median),Straight road,Y-Junction,Fine,AP27D   758,YES,Grevious,0
16.03.2013,6:30 AM,1339.9,LHS,Rural,Dagadarthi,Others(p1.Specific), Generator load Over Turned,Generator load,Non injury,Fault of driver of motor vehicle/driver of other vehicle/cyclist/pedestrian/passenger,Three lanes or more without central divider(median),Straight road,Y-Junction,Fine,AP27D   758,YES,Minor,0
16.03.2013,6:30 AM,1339.9,LHS,Rural,Dagadarthi,Others(p1.Specific), Generator load Over Turned,Generator load,Non injury,Fault of driver of motor vehicle/driver of other vehicle/cyclist/pedestrian/passenger,Three lanes or more without central divider(median),Straight road,Y-Junction,Fine,AP27D   758,YES,Non injured ,2
16.03.2013,6:30 AM,1339.9,LHS,Rural,Dagadarthi,Others(p1.Specific), Generator load Over Turned,Generator load,Non injury,Fault of driver of motor vehicle/driver of other vehicle/cyclist/pedestrian/passenger,Three lanes or more without central divider(median),Straight road,Y-Junction,Fine,AP27D   758,YES,Animals affected,0
16.03.2013,9:20 AM,1238.5,RHS,Rural,Maddipadu,Rear End Collision,Ape Auto hit Lorry,Auto,Non injury,Over speed,Four lanes or more with central divider,Straight road,T-Junction,Fine,AP26TT   4629,YES,Fatal,0
16.03.2013,9:20 AM,1238.5,RHS,Rural,Maddipadu,Rear End Collision,Ape Auto hit Lorry,Auto,Non injury,Over speed,Four lanes or more with central divider,Straight road,T-Junction,Fine,AP26TT   4629,YES,Grevious,0
16.03.2013,9:20 AM,1238.5,RHS,Rural,Maddipadu,Rear End Collision,Ape Auto hit Lorry,Auto,Non injury,Over speed,Four lanes or more with central divider,Straight road,T-Junction,Fine,AP26TT   4629,YES,Minor,0
16.03.2013,9:20 AM,1238.5,RHS,Rural,Maddipadu,Rear End Collision,Ape Auto hit Lorry,Auto,Non injury,Over speed,Four lanes or more with central divider,Straight road,T-Junction,Fine,AP26TT   4629,YES,Non injured ,6
16.03.2013,9:20 AM,1238.5,RHS,Rural,Maddipadu,Rear End Collision,Ape Auto hit Lorry,Auto,Non injury,Over speed,Four lanes or more with central divider,Straight road,T-Junction,Fine,AP26TT   4629,YES,Animals affected,0
16.03.2013,4:50 PM,1232.1,RHS,Rural,Maddipadu,Rear End Collision,Ape Auto hit Lorry,Auto,Grievious injury,Over speed,Four lanes or more with central divider,Straight road,,Fine,AP26TU       7670,YES,Fatal,0
16.03.2013,4:50 PM,1232.1,RHS,Rural,Maddipadu,Rear End Collision,Ape Auto hit Lorry,Auto,Grievious injury,Over speed,Four lanes or more with central divider,Straight road,,Fine,AP26TU       7670,YES,Grevious,1
16.03.2013,4:50 PM,1232.1,RHS,Rural,Maddipadu,Rear End Collision,Ape Auto hit Lorry,Auto,Grievious injury,Over speed,Four lanes or more with central divider,Straight road,,Fine,AP26TU       7670,YES,Minor,2
16.03.2013,4:50 PM,1232.1,RHS,Rural,Maddipadu,Rear End Collision,Ape Auto hit Lorry,Auto,Grievious injury,Over speed,Four lanes or more with central divider,Straight road,,Fine,AP26TU       7670,YES,Non injured ,2
16.03.2013,4:50 PM,1232.1,RHS,Rural,Maddipadu,Rear End Collision,Ape Auto hit Lorry,Auto,Grievious injury,Over speed,Four lanes or more with central divider,Straight road,,Fine,AP26TU       7670,YES,Animals affected,0
16.03.2013,11:30 PM,1358.8,RHS,Rural,Kodavaluru,Rear End Collision,Lorry hit Lorry and Lorry,Lorry,Minor injury,Over speed,Four lanes or more with central divider,Straight road,,Fine,AP16TT  2434,YES,Fatal,0
16.03.2013,11:30 PM,1358.8,RHS,Rural,Kodavaluru,Rear End Collision,Lorry hit Lorry and Lorry,Lorry,Minor injury,Over speed,Four lanes or more with central divider,Straight road,,Fine,AP16TT  2434,YES,Grevious,0
16.03.2013,11:30 PM,1358.8,RHS,Rural,Kodavaluru,Rear End Collision,Lorry hit Lorry and Lorry,Lorry,Minor injury,Over speed,Four lanes or more with central divider,Straight road,,Fine,AP16TT  2434,YES,Minor,3
16.03.2013,11:30 PM,1358.8,RHS,Rural,Kodavaluru,Rear End Collision,Lorry hit Lorry and Lorry,Lorry,Minor injury,Over speed,Four lanes or more with central divider,Straight road,,Fine,AP16TT  2434,YES,Non injured ,3
16.03.2013,11:30 PM,1358.8,RHS,Rural,Kodavaluru,Rear End Collision,Lorry hit Lorry and Lorry,Lorry,Minor injury,Over speed,Four lanes or more with central divider,Straight road,,Fine,AP16TT  2434,YES,Animals affected,0
17.03.2013,6:30 AM,1257.1,LHS,Rural,Tangutur,Rear End Collision, Tempo Van hit Tractor,Van,Minor injury,Over speed,Four lanes or more with central divider,Straight road,,Fine,AP02TA  6301,YES,Fatal,0
17.03.2013,6:30 AM,1257.1,LHS,Rural,Tangutur,Rear End Collision, Tempo Van hit Tractor,Van,Minor injury,Over speed,Four lanes or more with central divider,Straight road,,Fine,AP02TA  6301,YES,Grevious,0
17.03.2013,6:30 AM,1257.1,LHS,Rural,Tangutur,Rear End Collision, Tempo Van hit Tractor,Van,Minor injury,Over speed,Four lanes or more with central divider,Straight road,,Fine,AP02TA  6301,YES,Minor,4
17.03.2013,6:30 AM,1257.1,LHS,Rural,Tangutur,Rear End Collision, Tempo Van hit Tractor,Van,Minor injury,Over speed,Four lanes or more with central divider,Straight road,,Fine,AP02TA  6301,YES,Non injured ,2
17.03.2013,6:30 AM,1257.1,LHS,Rural,Tangutur,Rear End Collision, Tempo Van hit Tractor,Van,Minor injury,Over speed,Four lanes or more with central divider,Straight road,,Fine,AP02TA  6301,YES,Animals affected,0
17.03.2013,4:20 PM,1286.7,RHS,Rural,Ulavapadu,Rear End Collision, Unknown Vehicle hit    Bike,Unknown,Minor injury,Over speed,Three lanes or more without central divider(median),Straight road,T-Junction,Fine,Unknown Vehicle,YES,Fatal,0
17.03.2013,4:20 PM,1286.7,RHS,Rural,Ulavapadu,Rear End Collision, Unknown Vehicle hit    Bike,Unknown,Minor injury,Over speed,Three lanes or more without central divider(median),Straight road,T-Junction,Fine,Unknown Vehicle,YES,Grevious,0
17.03.2013,4:20 PM,1286.7,RHS,Rural,Ulavapadu,Rear End Collision, Unknown Vehicle hit    Bike,Unknown,Minor injury,Over speed,Three lanes or more without central divider(median),Straight road,T-Junction,Fine,Unknown Vehicle,YES,Minor,1
17.03.2013,4:20 PM,1286.7,RHS,Rural,Ulavapadu,Rear End Collision, Unknown Vehicle hit    Bike,Unknown,Minor injury,Over speed,Three lanes or more without central divider(median),Straight road,T-Junction,Fine,Unknown Vehicle,YES,Non injured ,0
17.03.2013,4:20 PM,1286.7,RHS,Rural,Ulavapadu,Rear End Collision, Unknown Vehicle hit    Bike,Unknown,Minor injury,Over speed,Three lanes or more without central divider(median),Straight road,T-Junction,Fine,Unknown Vehicle,YES,Animals affected,0
17.03.2013,5:34 PM,1275.8,RHS,Rural,Singarayakonda,Overturning, Lorry Over Turned,Lorry,Minor injury,Druken,Four lanes or more with central divider,Straight road,,Fine,AP09U  2115,YES,Fatal,0
17.03.2013,5:34 PM,1275.8,RHS,Rural,Singarayakonda,Overturning, Lorry Over Turned,Lorry,Minor injury,Druken,Four lanes or more with central divider,Straight road,,Fine,AP09U  2115,YES,Grevious,0
17.03.2013,5:34 PM,1275.8,RHS,Rural,Singarayakonda,Overturning, Lorry Over Turned,Lorry,Minor injury,Druken,Four lanes or more with central divider,Straight road,,Fine,AP09U  2115,YES,Minor,2
17.03.2013,5:34 PM,1275.8,RHS,Rural,Singarayakonda,Overturning, Lorry Over Turned,Lorry,Minor injury,Druken,Four lanes or more with central divider,Straight road,,Fine,AP09U  2115,YES,Non injured ,1
17.03.2013,5:34 PM,1275.8,RHS,Rural,Singarayakonda,Overturning, Lorry Over Turned,Lorry,Minor injury,Druken,Four lanes or more with central divider,Straight road,,Fine,AP09U  2115,YES,Animals affected,0
18.03.2013,5:00 AM,1256.1,LHS,Rural,Tangutur,Rear End Collision,Lorry hit       Unknown Vehicle,Lorry,Non injury,Fault of driver of motor vehicle/driver of other vehicle/cyclist/pedestrian/passenger,Four lanes or more with central divider,Slight curve,,Fine,KA01C    2452,YES,Fatal,0
18.03.2013,5:00 AM,1256.1,LHS,Rural,Tangutur,Rear End Collision,Lorry hit       Unknown Vehicle,Lorry,Non injury,Fault of driver of motor vehicle/driver of other vehicle/cyclist/pedestrian/passenger,Four lanes or more with central divider,Slight curve,,Fine,KA01C    2452,YES,Grevious,0
18.03.2013,5:00 AM,1256.1,LHS,Rural,Tangutur,Rear End Collision,Lorry hit       Unknown Vehicle,Lorry,Non injury,Fault of driver of motor vehicle/driver of other vehicle/cyclist/pedestrian/passenger,Four lanes or more with central divider,Slight curve,,Fine,KA01C    2452,YES,Minor,0
18.03.2013,5:00 AM,1256.1,LHS,Rural,Tangutur,Rear End Collision,Lorry hit       Unknown Vehicle,Lorry,Non injury,Fault of driver of motor vehicle/driver of other vehicle/cyclist/pedestrian/passenger,Four lanes or more with central divider,Slight curve,,Fine,KA01C    2452,YES,Non injured ,2
18.03.2013,5:00 AM,1256.1,LHS,Rural,Tangutur,Rear End Collision,Lorry hit       Unknown Vehicle,Lorry,Non injury,Fault of driver of motor vehicle/driver of other vehicle/cyclist/pedestrian/passenger,Four lanes or more with central divider,Slight curve,,Fine,KA01C    2452,YES,Animals affected,0
18.03.2013,11:15 AM,1253,LHS,Rural,Ongole,Collision Brush/Side Wipe,Mini Lorry hit  Pedestrain and Bike,Lorry,Grievious injury,Over speed,Four lanes or more with central divider,Straight road,,Fine,AP01U   2877,YES,Fatal,0
18.03.2013,11:15 AM,1253,LHS,Rural,Ongole,Collision Brush/Side Wipe,Mini Lorry hit  Pedestrain and Bike,Lorry,Grievious injury,Over speed,Four lanes or more with central divider,Straight road,,Fine,AP01U   2877,YES,Grevious,1
18.03.2013,11:15 AM,1253,LHS,Rural,Ongole,Collision Brush/Side Wipe,Mini Lorry hit  Pedestrain and Bike,Lorry,Grievious injury,Over speed,Four lanes or more with central divider,Straight road,,Fine,AP01U   2877,YES,Minor,0
18.03.2013,11:15 AM,1253,LHS,Rural,Ongole,Collision Brush/Side Wipe,Mini Lorry hit  Pedestrain and Bike,Lorry,Grievious injury,Over speed,Four lanes or more with central divider,Straight road,,Fine,AP01U   2877,YES,Non injured ,1
18.03.2013,11:15 AM,1253,LHS,Rural,Ongole,Collision Brush/Side Wipe,Mini Lorry hit  Pedestrain and Bike,Lorry,Grievious injury,Over speed,Four lanes or more with central divider,Straight road,,Fine,AP01U   2877,YES,Animals affected,0
19.03.2013,7:15 PM,1272.2,LHS,Rural,Jarugumalli,Head on collision,Lorry hit    Cycle list,Lorry,Fatal,Over speed,Four lanes or more with central divider,Straight road,,Fine,AP27Y    6792,YES,Fatal,1
19.03.2013,7:15 PM,1272.2,LHS,Rural,Jarugumalli,Head on collision,Lorry hit    Cycle list,Lorry,Fatal,Over speed,Four lanes or more with central divider,Straight road,,Fine,AP27Y    6792,YES,Grevious,0
19.03.2013,7:15 PM,1272.2,LHS,Rural,Jarugumalli,Head on collision,Lorry hit    Cycle list,Lorry,Fatal,Over speed,Four lanes or more with central divider,Straight road,,Fine,AP27Y    6792,YES,Minor,0
19.03.2013,7:15 PM,1272.2,LHS,Rural,Jarugumalli,Head on collision,Lorry hit    Cycle list,Lorry,Fatal,Over speed,Four lanes or more with central divider,Straight road,,Fine,AP27Y    6792,YES,Non injured ,2
19.03.2013,7:15 PM,1272.2,LHS,Rural,Jarugumalli,Head on collision,Lorry hit    Cycle list,Lorry,Fatal,Over speed,Four lanes or more with central divider,Straight road,,Fine,AP27Y    6792,YES,Animals affected,0
20.03.2013,12:50 AM,1189.8,LHS,Rural,Martur,Collision Brush/Side Wipe, Car hit    Cycle list,Car,Grievious injury,Over speed,Four lanes or more with central divider,Straight road,,Fine,AP16BZ    444,YES,Fatal,0
20.03.2013,12:50 AM,1189.8,LHS,Rural,Martur,Collision Brush/Side Wipe, Car hit    Cycle list,Car,Grievious injury,Over speed,Four lanes or more with central divider,Straight road,,Fine,AP16BZ    444,YES,Grevious,1
20.03.2013,12:50 AM,1189.8,LHS,Rural,Martur,Collision Brush/Side Wipe, Car hit    Cycle list,Car,Grievious injury,Over speed,Four lanes or more with central divider,Straight road,,Fine,AP16BZ    444,YES,Minor,0
20.03.2013,12:50 AM,1189.8,LHS,Rural,Martur,Collision Brush/Side Wipe, Car hit    Cycle list,Car,Grievious injury,Over speed,Four lanes or more with central divider,Straight road,,Fine,AP16BZ    444,YES,Non injured ,2
20.03.2013,12:50 AM,1189.8,LHS,Rural,Martur,Collision Brush/Side Wipe, Car hit    Cycle list,Car,Grievious injury,Over speed,Four lanes or more with central divider,Straight road,,Fine,AP16BZ    444,YES,Animals affected,0
20.03.2013,6:20 AM,1243,RHS,Rural,Ongole,Rear End Collision, Lorry hit Unknown Vehicle,Lorry,Minor injury,Over speed,Four lanes or more with central divider,Straight road,,Fine,AP27Y 6417,YES,Fatal,0
20.03.2013,6:20 AM,1243,RHS,Rural,Ongole,Rear End Collision, Lorry hit Unknown Vehicle,Lorry,Minor injury,Over speed,Four lanes or more with central divider,Straight road,,Fine,AP27Y 6417,YES,Grevious,0
20.03.2013,6:20 AM,1243,RHS,Rural,Ongole,Rear End Collision, Lorry hit Unknown Vehicle,Lorry,Minor injury,Over speed,Four lanes or more with central divider,Straight road,,Fine,AP27Y 6417,YES,Minor,1
20.03.2013,6:20 AM,1243,RHS,Rural,Ongole,Rear End Collision, Lorry hit Unknown Vehicle,Lorry,Minor injury,Over speed,Four lanes or more with central divider,Straight road,,Fine,AP27Y 6417,YES,Non injured ,1
20.03.2013,6:20 AM,1243,RHS,Rural,Ongole,Rear End Collision, Lorry hit Unknown Vehicle,Lorry,Minor injury,Over speed,Four lanes or more with central divider,Straight road,,Fine,AP27Y 6417,YES,Animals affected,0
20.03.2013,6:40 AM,1328.3,LHS,Rural,Kavali,Rear End Collision, Lorry hit Lorry,Lorry,Grievious injury,Fault of driver of motor vehicle/driver of other vehicle/cyclist/pedestrian/passenger,Four lanes or more with central divider,Straight road,,Fine,TN01AQ 7482,YES,Fatal,0
20.03.2013,6:40 AM,1328.3,LHS,Rural,Kavali,Rear End Collision, Lorry hit Lorry,Lorry,Grievious injury,Fault of driver of motor vehicle/driver of other vehicle/cyclist/pedestrian/passenger,Four lanes or more with central divider,Straight road,,Fine,TN01AQ 7482,YES,Grevious,1
20.03.2013,6:40 AM,1328.3,LHS,Rural,Kavali,Rear End Collision, Lorry hit Lorry,Lorry,Grievious injury,Fault of driver of motor vehicle/driver of other vehicle/cyclist/pedestrian/passenger,Four lanes or more with central divider,Straight road,,Fine,TN01AQ 7482,YES,Minor,0
20.03.2013,6:40 AM,1328.3,LHS,Rural,Kavali,Rear End Collision, Lorry hit Lorry,Lorry,Grievious injury,Fault of driver of motor vehicle/driver of other vehicle/cyclist/pedestrian/passenger,Four lanes or more with central divider,Straight road,,Fine,TN01AQ 7482,YES,Non injured ,2
20.03.2013,6:40 AM,1328.3,LHS,Rural,Kavali,Rear End Collision, Lorry hit Lorry,Lorry,Grievious injury,Fault of driver of motor vehicle/driver of other vehicle/cyclist/pedestrian/passenger,Four lanes or more with central divider,Straight road,,Fine,TN01AQ 7482,YES,Animals affected,0
20.03.2013,11:00 AM,1207.2,LHS,Rural,Reningavaram,Collision Brush/Side Wipe, Lorry hit Pedestrian,Lorry,Grievious injury,Fault of driver of motor vehicle/driver of other vehicle/cyclist/pedestrian/passenger,Four lanes or more with central divider,Straight road,,Fine,AP27TT  5405,YES,Fatal,0
20.03.2013,11:00 AM,1207.2,LHS,Rural,Reningavaram,Collision Brush/Side Wipe, Lorry hit Pedestrian,Lorry,Grievious injury,Fault of driver of motor vehicle/driver of other vehicle/cyclist/pedestrian/passenger,Four lanes or more with central divider,Straight road,,Fine,AP27TT  5405,YES,Grevious,1
20.03.2013,11:00 AM,1207.2,LHS,Rural,Reningavaram,Collision Brush/Side Wipe, Lorry hit Pedestrian,Lorry,Grievious injury,Fault of driver of motor vehicle/driver of other vehicle/cyclist/pedestrian/passenger,Four lanes or more with central divider,Straight road,,Fine,AP27TT  5405,YES,Minor,0
20.03.2013,11:00 AM,1207.2,LHS,Rural,Reningavaram,Collision Brush/Side Wipe, Lorry hit Pedestrian,Lorry,Grievious injury,Fault of driver of motor vehicle/driver of other vehicle/cyclist/pedestrian/passenger,Four lanes or more with central divider,Straight road,,Fine,AP27TT  5405,YES,Non injured ,0
20.03.2013,11:00 AM,1207.2,LHS,Rural,Reningavaram,Collision Brush/Side Wipe, Lorry hit Pedestrian,Lorry,Grievious injury,Fault of driver of motor vehicle/driver of other vehicle/cyclist/pedestrian/passenger,Four lanes or more with central divider,Straight road,,Fine,AP27TT  5405,YES,Animals affected,0
20.03.2013,5:16 PM,1263.9,RHS,Rural,Tangutur,Rear End Collision, Lorry hit Car,Lorry,Non injury,Over speed,Four lanes or more with central divider,Straight road,,Fine,AP07PU 6566,YES,Fatal,0
20.03.2013,5:16 PM,1263.9,RHS,Rural,Tangutur,Rear End Collision, Lorry hit Car,Lorry,Non injury,Over speed,Four lanes or more with central divider,Straight road,,Fine,AP07PU 6566,YES,Grevious,0
20.03.2013,5:16 PM,1263.9,RHS,Rural,Tangutur,Rear End Collision, Lorry hit Car,Lorry,Non injury,Over speed,Four lanes or more with central divider,Straight road,,Fine,AP07PU 6566,YES,Minor,0
20.03.2013,5:16 PM,1263.9,RHS,Rural,Tangutur,Rear End Collision, Lorry hit Car,Lorry,Non injury,Over speed,Four lanes or more with central divider,Straight road,,Fine,AP07PU 6566,YES,Non injured ,4
20.03.2013,5:16 PM,1263.9,RHS,Rural,Tangutur,Rear End Collision, Lorry hit Car,Lorry,Non injury,Over speed,Four lanes or more with central divider,Straight road,,Fine,AP07PU 6566,YES,Animals affected,0
21.03.2013,11:00 AM,1194.3,LHS,Rural,Martur,Skidding,Bike        Skidding,Bike,Minor injury,Over speed,Four lanes or more with central divider,Straight road,,Fine,AP28AM   1975,YES,Fatal,0
21.03.2013,11:00 AM,1194.3,LHS,Rural,Martur,Skidding,Bike        Skidding,Bike,Minor injury,Over speed,Four lanes or more with central divider,Straight road,,Fine,AP28AM   1975,YES,Grevious,0
21.03.2013,11:00 AM,1194.3,LHS,Rural,Martur,Skidding,Bike        Skidding,Bike,Minor injury,Over speed,Four lanes or more with central divider,Straight road,,Fine,AP28AM   1975,YES,Minor,1
21.03.2013,11:00 AM,1194.3,LHS,Rural,Martur,Skidding,Bike        Skidding,Bike,Minor injury,Over speed,Four lanes or more with central divider,Straight road,,Fine,AP28AM   1975,YES,Non injured ,2
21.03.2013,11:00 AM,1194.3,LHS,Rural,Martur,Skidding,Bike        Skidding,Bike,Minor injury,Over speed,Four lanes or more with central divider,Straight road,,Fine,AP28AM   1975,YES,Animals affected,0
21.03.2013,12:35 PM,1354.2,RHS,Rural,Kodavaluru,Rear End Collision,Lorry hit    Lorry,Lorry,Non injury,Over speed,Four lanes or more with central divider,Straight road,T-Junction,Fine,AP26T   8049 ,YES,Fatal,0
21.03.2013,12:35 PM,1354.2,RHS,Rural,Kodavaluru,Rear End Collision,Lorry hit    Lorry,Lorry,Non injury,Over speed,Four lanes or more with central divider,Straight road,T-Junction,Fine,AP26T   8049 ,YES,Grevious,0
21.03.2013,12:35 PM,1354.2,RHS,Rural,Kodavaluru,Rear End Collision,Lorry hit    Lorry,Lorry,Non injury,Over speed,Four lanes or more with central divider,Straight road,T-Junction,Fine,AP26T   8049 ,YES,Minor,0
21.03.2013,12:35 PM,1354.2,RHS,Rural,Kodavaluru,Rear End Collision,Lorry hit    Lorry,Lorry,Non injury,Over speed,Four lanes or more with central divider,Straight road,T-Junction,Fine,AP26T   8049 ,YES,Non injured ,4
21.03.2013,12:35 PM,1354.2,RHS,Rural,Kodavaluru,Rear End Collision,Lorry hit    Lorry,Lorry,Non injury,Over speed,Four lanes or more with central divider,Straight road,T-Junction,Fine,AP26T   8049 ,YES,Animals affected,0
21.03.2013,8:00 PM,1326.3,RHS,Rural,Kavali,Collision Brush/Side Wipe,Lorry hit     New plaza iron poll,Lorry,Non injury,Over speed,Four lanes or more with central divider,Straight road,,Fine,KA01C   5322,YES,Fatal,0
21.03.2013,8:00 PM,1326.3,RHS,Rural,Kavali,Collision Brush/Side Wipe,Lorry hit     New plaza iron poll,Lorry,Non injury,Over speed,Four lanes or more with central divider,Straight road,,Fine,KA01C   5322,YES,Grevious,0
21.03.2013,8:00 PM,1326.3,RHS,Rural,Kavali,Collision Brush/Side Wipe,Lorry hit     New plaza iron poll,Lorry,Non injury,Over speed,Four lanes or more with central divider,Straight road,,Fine,KA01C   5322,YES,Minor,0
21.03.2013,8:00 PM,1326.3,RHS,Rural,Kavali,Collision Brush/Side Wipe,Lorry hit     New plaza iron poll,Lorry,Non injury,Over speed,Four lanes or more with central divider,Straight road,,Fine,KA01C   5322,YES,Non injured ,2
21.03.2013,8:00 PM,1326.3,RHS,Rural,Kavali,Collision Brush/Side Wipe,Lorry hit     New plaza iron poll,Lorry,Non injury,Over speed,Four lanes or more with central divider,Straight road,,Fine,KA01C   5322,YES,Animals affected,0
22.03.2013,12:12 AM,1204.1,RHS,Rural,Reningavaram,Collision Brush/Side Wipe,Lorry hit      Safety wall,Lorry,Non injury,Over speed,Four lanes or more with central divider,Straight road,,Fine,AP09TA    1556,YES,Fatal,0
22.03.2013,12:12 AM,1204.1,RHS,Rural,Reningavaram,Collision Brush/Side Wipe,Lorry hit      Safety wall,Lorry,Non injury,Over speed,Four lanes or more with central divider,Straight road,,Fine,AP09TA    1556,YES,Grevious,0
22.03.2013,12:12 AM,1204.1,RHS,Rural,Reningavaram,Collision Brush/Side Wipe,Lorry hit      Safety wall,Lorry,Non injury,Over speed,Four lanes or more with central divider,Straight road,,Fine,AP09TA    1556,YES,Minor,0
22.03.2013,12:12 AM,1204.1,RHS,Rural,Reningavaram,Collision Brush/Side Wipe,Lorry hit      Safety wall,Lorry,Non injury,Over speed,Four lanes or more with central divider,Straight road,,Fine,AP09TA    1556,YES,Non injured ,2
22.03.2013,12:12 AM,1204.1,RHS,Rural,Reningavaram,Collision Brush/Side Wipe,Lorry hit      Safety wall,Lorry,Non injury,Over speed,Four lanes or more with central divider,Straight road,,Fine,AP09TA    1556,YES,Animals affected,0
22.03.2013,2:30 AM,1344,LHS,Rural,Dagadarthi,Collision Brush/Side Wipe,Unknown Vehicle hit   Pedestrian,Unknown,Fatal,Over speed,Four lanes or more with central divider,Straight road,,Fine,Unknown Vehicle,YES,Fatal,1
22.03.2013,2:30 AM,1344,LHS,Rural,Dagadarthi,Collision Brush/Side Wipe,Unknown Vehicle hit   Pedestrian,Unknown,Fatal,Over speed,Four lanes or more with central divider,Straight road,,Fine,Unknown Vehicle,YES,Grevious,0
22.03.2013,2:30 AM,1344,LHS,Rural,Dagadarthi,Collision Brush/Side Wipe,Unknown Vehicle hit   Pedestrian,Unknown,Fatal,Over speed,Four lanes or more with central divider,Straight road,,Fine,Unknown Vehicle,YES,Minor,0
22.03.2013,2:30 AM,1344,LHS,Rural,Dagadarthi,Collision Brush/Side Wipe,Unknown Vehicle hit   Pedestrian,Unknown,Fatal,Over speed,Four lanes or more with central divider,Straight road,,Fine,Unknown Vehicle,YES,Non injured ,0
22.03.2013,2:30 AM,1344,LHS,Rural,Dagadarthi,Collision Brush/Side Wipe,Unknown Vehicle hit   Pedestrian,Unknown,Fatal,Over speed,Four lanes or more with central divider,Straight road,,Fine,Unknown Vehicle,YES,Animals affected,0
23.03.2013,6:30 AM,1218,LHS,Rural,Medarametla,Skidding, Lorry Skidding,Lorry,Non injury,Over speed,Three lanes or more without central divider(median),Straight road,Four arm junction,Fine,AP03TV 0679,YES,Fatal,0
23.03.2013,6:30 AM,1218,LHS,Rural,Medarametla,Skidding, Lorry Skidding,Lorry,Non injury,Over speed,Three lanes or more without central divider(median),Straight road,Four arm junction,Fine,AP03TV 0679,YES,Grevious,0