Operational date,Time of Accident,KM && M,Position,Rural/Urban,Location,Nature of Accident Position,Nature of Accident,Vehicle Involved,Type of Accident,Causes,Road Feature,Road condition,Intersection Type And Control,Weather Condition,Vehicle Responsible,Help Provided by Ambulance/Patroling Vehicle,Classification of Accident,No of Affected Persons
29.03.2013,6:05 PM,1240.1,RHS,Rural,Ongole,Collision Brush/Side Wipe, Car hit        C C Wall,Car,Minor injury,Over speed,Four lanes or more with central divider,Straight road,,Fine,AP21AA    3006,YES,Minor,1
29.03.2013,6:05 PM,1240.1,RHS,Rural,Ongole,Collision Brush/Side Wipe, Car hit        C C Wall,Car,Minor injury,Over speed,Four lanes or more with central divider,Straight road,,Fine,AP21AA    3006,YES,Non injured ,0
29.03.2013,6:05 PM,1240.1,RHS,Rural,Ongole,Collision Brush/Side Wipe, Car hit        C C Wall,Car,Minor injury,Over speed,Four lanes or more with central divider,Straight road,,Fine,AP21AA    3006,YES,Animals affected,0
30.03.2013,1:30 PM,1341.4,LHS,Rural,Dagadarthi,Rear End Collision,RTC Bus hit   Trolley  ,Bus,Non injury,Over speed,Four lanes or more with central divider,Straight road,,Fine,AP29Z    2911,YES,Fatal,0
30.03.2013,1:30 PM,1341.4,LHS,Rural,Dagadarthi,Rear End Collision,RTC Bus hit   Trolley  ,Bus,Non injury,Over speed,Four lanes or more with central divider,Straight road,,Fine,AP29Z    2911,YES,Grevious,0
30.03.2013,1:30 PM,1341.4,LHS,Rural,Dagadarthi,Rear End Collision,RTC Bus hit   Trolley  ,Bus,Non injury,Over speed,Four lanes or more with central divider,Straight road,,Fine,AP29Z    2911,YES,Minor,0
30.03.2013,1:30 PM,1341.4,LHS,Rural,Dagadarthi,Rear End Collision,RTC Bus hit   Trolley  ,Bus,Non injury,Over speed,Four lanes or more with central divider,Straight road,,Fine,AP29Z    2911,YES,Non injured ,20
30.03.2013,1:30 PM,1341.4,LHS,Rural,Dagadarthi,Rear End Collision,RTC Bus hit   Trolley  ,Bus,Non injury,Over speed,Four lanes or more with central divider,Straight road,,Fine,AP29Z    2911,YES,Animals affected,0
30.03.2013,2:27 PM,1315.1,LHS,Rural,Kavali,Rear End Collision,Unknown Vehicle hit    Car,Unknown,Minor injury,Over speed,Four lanes or more with central divider,Straight road,,Fine,MH19Q   9203,YES,Fatal,0
30.03.2013,2:27 PM,1315.1,LHS,Rural,Kavali,Rear End Collision,Unknown Vehicle hit    Car,Unknown,Minor injury,Over speed,Four lanes or more with central divider,Straight road,,Fine,MH19Q   9203,YES,Grevious,0
30.03.2013,2:27 PM,1315.1,LHS,Rural,Kavali,Rear End Collision,Unknown Vehicle hit    Car,Unknown,Minor injury,Over speed,Four lanes or more with central divider,Straight road,,Fine,MH19Q   9203,YES,Minor,7
30.03.2013,2:27 PM,1315.1,LHS,Rural,Kavali,Rear End Collision,Unknown Vehicle hit    Car,Unknown,Minor injury,Over speed,Four lanes or more with central divider,Straight road,,Fine,MH19Q   9203,YES,Non injured ,0
30.03.2013,2:27 PM,1315.1,LHS,Rural,Kavali,Rear End Collision,Unknown Vehicle hit    Car,Unknown,Minor injury,Over speed,Four lanes or more with central divider,Straight road,,Fine,MH19Q   9203,YES,Animals affected,0
30.03.2013,5:15 PM,1264.7,LHS,Rural,Tangutur,Skidding,Bike        Skidding,Bike,Minor injury,Over speed,Four lanes or more with central divider,Straight road,,Fine,AP27AQ   7605,YES,Fatal,0
30.03.2013,5:15 PM,1264.7,LHS,Rural,Tangutur,Skidding,Bike        Skidding,Bike,Minor injury,Over speed,Four lanes or more with central divider,Straight road,,Fine,AP27AQ   7605,YES,Grevious,0
30.03.2013,5:15 PM,1264.7,LHS,Rural,Tangutur,Skidding,Bike        Skidding,Bike,Minor injury,Over speed,Four lanes or more with central divider,Straight road,,Fine,AP27AQ   7605,YES,Minor,1
30.03.2013,5:15 PM,1264.7,LHS,Rural,Tangutur,Skidding,Bike        Skidding,Bike,Minor injury,Over speed,Four lanes or more with central divider,Straight road,,Fine,AP27AQ   7605,YES,Non injured ,0
30.03.2013,5:15 PM,1264.7,LHS,Rural,Tangutur,Skidding,Bike        Skidding,Bike,Minor injury,Over speed,Four lanes or more with central divider,Straight road,,Fine,AP27AQ   7605,YES,Animals affected,0
31.03.2013,3:50 AM,1350.1,RHS,Rural,Kodavaluru,Overturning,Lorry    Overturned,Lorry,Non injury,Fault of driver of motor vehicle/driver of other vehicle/cyclist/pedestrian/passenger,Four lanes or more with central divider,Straight road,,Fine,HR55   5158,YES,Fatal,0
31.03.2013,3:50 AM,1350.1,RHS,Rural,Kodavaluru,Overturning,Lorry    Overturned,Lorry,Non injury,Fault of driver of motor vehicle/driver of other vehicle/cyclist/pedestrian/passenger,Four lanes or more with central divider,Straight road,,Fine,HR55   5158,YES,Grevious,0
31.03.2013,3:50 AM,1350.1,RHS,Rural,Kodavaluru,Overturning,Lorry    Overturned,Lorry,Non injury,Fault of driver of motor vehicle/driver of other vehicle/cyclist/pedestrian/passenger,Four lanes or more with central divider,Straight road,,Fine,HR55   5158,YES,Minor,0
31.03.2013,3:50 AM,1350.1,RHS,Rural,Kodavaluru,Overturning,Lorry    Overturned,Lorry,Non injury,Fault of driver of motor vehicle/driver of other vehicle/cyclist/pedestrian/passenger,Four lanes or more with central divider,Straight road,,Fine,HR55   5158,YES,Non injured ,2
31.03.2013,3:50 AM,1350.1,RHS,Rural,Kodavaluru,Overturning,Lorry    Overturned,Lorry,Non injury,Fault of driver of motor vehicle/driver of other vehicle/cyclist/pedestrian/passenger,Four lanes or more with central divider,Straight road,,Fine,HR55   5158,YES,Animals affected,0
31.03.2013,4:10 AM,1364.1,LHS,Rural,Kovuru,Rear End Collision,Lorry hit Tractor,Lorry,Minor injury,Over speed,Four lanes or more with central divider,Slight curve,,Fine,AP16TU   5655,YES,Fatal,0
31.03.2013,4:10 AM,1364.1,LHS,Rural,Kovuru,Rear End Collision,Lorry hit Tractor,Lorry,Minor injury,Over speed,Four lanes or more with central divider,Slight curve,,Fine,AP16TU   5655,YES,Grevious,0
31.03.2013,4:10 AM,1364.1,LHS,Rural,Kovuru,Rear End Collision,Lorry hit Tractor,Lorry,Minor injury,Over speed,Four lanes or more with central divider,Slight curve,,Fine,AP16TU   5655,YES,Minor,1
31.03.2013,4:10 AM,1364.1,LHS,Rural,Kovuru,Rear End Collision,Lorry hit Tractor,Lorry,Minor injury,Over speed,Four lanes or more with central divider,Slight curve,,Fine,AP16TU   5655,YES,Non injured ,2
31.03.2013,4:10 AM,1364.1,LHS,Rural,Kovuru,Rear End Collision,Lorry hit Tractor,Lorry,Minor injury,Over speed,Four lanes or more with central divider,Slight curve,,Fine,AP16TU   5655,YES,Animals affected,0
31.03.2013,4:30 AM,1236.3,LHS,Rural,Maddipadu,Overturning,Truck Auto    Overturned,Auto,Minor injury,Fault of driver of motor vehicle/driver of other vehicle/cyclist/pedestrian/passenger,Four lanes or more with central divider,Straight road,,Fine,AP7TT   6439,YES,Fatal,0
31.03.2013,4:30 AM,1236.3,LHS,Rural,Maddipadu,Overturning,Truck Auto    Overturned,Auto,Minor injury,Fault of driver of motor vehicle/driver of other vehicle/cyclist/pedestrian/passenger,Four lanes or more with central divider,Straight road,,Fine,AP7TT   6439,YES,Grevious,0
31.03.2013,4:30 AM,1236.3,LHS,Rural,Maddipadu,Overturning,Truck Auto    Overturned,Auto,Minor injury,Fault of driver of motor vehicle/driver of other vehicle/cyclist/pedestrian/passenger,Four lanes or more with central divider,Straight road,,Fine,AP7TT   6439,YES,Minor,2
31.03.2013,4:30 AM,1236.3,LHS,Rural,Maddipadu,Overturning,Truck Auto    Overturned,Auto,Minor injury,Fault of driver of motor vehicle/driver of other vehicle/cyclist/pedestrian/passenger,Four lanes or more with central divider,Straight road,,Fine,AP7TT   6439,YES,Non injured ,0
31.03.2013,4:30 AM,1236.3,LHS,Rural,Maddipadu,Overturning,Truck Auto    Overturned,Auto,Minor injury,Fault of driver of motor vehicle/driver of other vehicle/cyclist/pedestrian/passenger,Four lanes or more with central divider,Straight road,,Fine,AP7TT   6439,YES,Animals affected,0
31.03.2013,7:50 AM,1254.1,RHS,Rural,Ongole,Rear End Collision, Car hit Rice Cutter    Vehicle,Car,Non injury,Over speed,Four lanes or more with central divider,Straight road,,Fine,AP26AR 9008,YES,Fatal,0
31.03.2013,7:50 AM,1254.1,RHS,Rural,Ongole,Rear End Collision, Car hit Rice Cutter    Vehicle,Car,Non injury,Over speed,Four lanes or more with central divider,Straight road,,Fine,AP26AR 9008,YES,Grevious,0
31.03.2013,7:50 AM,1254.1,RHS,Rural,Ongole,Rear End Collision, Car hit Rice Cutter    Vehicle,Car,Non injury,Over speed,Four lanes or more with central divider,Straight road,,Fine,AP26AR 9008,YES,Minor,0
31.03.2013,7:50 AM,1254.1,RHS,Rural,Ongole,Rear End Collision, Car hit Rice Cutter    Vehicle,Car,Non injury,Over speed,Four lanes or more with central divider,Straight road,,Fine,AP26AR 9008,YES,Non injured ,3
31.03.2013,7:50 AM,1254.1,RHS,Rural,Ongole,Rear End Collision, Car hit Rice Cutter    Vehicle,Car,Non injury,Over speed,Four lanes or more with central divider,Straight road,,Fine,AP26AR 9008,YES,Animals affected,0
01.04.2013,4:30 AM,1278.1,RHS,Rural,Singarayakonda,Rear End Collision,Tipper hit    RTC Bus,Lorry,Non injury,Over speed,Four lanes or more with central divider,Straight road,,Fine,AP26TV   2789,YES,Fatal,0
01.04.2013,4:30 AM,1278.1,RHS,Rural,Singarayakonda,Rear End Collision,Tipper hit    RTC Bus,Lorry,Non injury,Over speed,Four lanes or more with central divider,Straight road,,Fine,AP26TV   2789,YES,Grevious,0
01.04.2013,4:30 AM,1278.1,RHS,Rural,Singarayakonda,Rear End Collision,Tipper hit    RTC Bus,Lorry,Non injury,Over speed,Four lanes or more with central divider,Straight road,,Fine,AP26TV   2789,YES,Minor,0
01.04.2013,4:30 AM,1278.1,RHS,Rural,Singarayakonda,Rear End Collision,Tipper hit    RTC Bus,Lorry,Non injury,Over speed,Four lanes or more with central divider,Straight road,,Fine,AP26TV   2789,YES,Non injured ,20
01.04.2013,4:30 AM,1278.1,RHS,Rural,Singarayakonda,Rear End Collision,Tipper hit    RTC Bus,Lorry,Non injury,Over speed,Four lanes or more with central divider,Straight road,,Fine,AP26TV   2789,YES,Animals affected,0
02.04.2013,3:37 AM,1193.9,LHS,Rural,Martur,Collision Brush/Side Wipe,RTC Bus   hit  Median,Bus,Non injury,Over speed,Four lanes or more with central divider,Straight road,,Fine,AP26TT   0144,YES,Fatal,0
02.04.2013,3:37 AM,1193.9,LHS,Rural,Martur,Collision Brush/Side Wipe,RTC Bus   hit  Median,Bus,Non injury,Over speed,Four lanes or more with central divider,Straight road,,Fine,AP26TT   0144,YES,Grevious,0
02.04.2013,3:37 AM,1193.9,LHS,Rural,Martur,Collision Brush/Side Wipe,RTC Bus   hit  Median,Bus,Non injury,Over speed,Four lanes or more with central divider,Straight road,,Fine,AP26TT   0144,YES,Minor,0
02.04.2013,3:37 AM,1193.9,LHS,Rural,Martur,Collision Brush/Side Wipe,RTC Bus   hit  Median,Bus,Non injury,Over speed,Four lanes or more with central divider,Straight road,,Fine,AP26TT   0144,YES,Non injured ,15
02.04.2013,3:37 AM,1193.9,LHS,Rural,Martur,Collision Brush/Side Wipe,RTC Bus   hit  Median,Bus,Non injury,Over speed,Four lanes or more with central divider,Straight road,,Fine,AP26TT   0144,YES,Animals affected,0
02.04.2013,7:00 AM,1222.8,LHS,Rural,Medarametla,Rear End Collision,Lorry hit  Median,Lorry,Non injury,Fault of driver of motor vehicle/driver of other vehicle/cyclist/pedestrian/passenger,Four lanes or more with central divider,Slight curve,,Fine,AP16TB    8138,YES,Fatal,0
02.04.2013,7:00 AM,1222.8,LHS,Rural,Medarametla,Rear End Collision,Lorry hit  Median,Lorry,Non injury,Fault of driver of motor vehicle/driver of other vehicle/cyclist/pedestrian/passenger,Four lanes or more with central divider,Slight curve,,Fine,AP16TB    8138,YES,Grevious,0
02.04.2013,7:00 AM,1222.8,LHS,Rural,Medarametla,Rear End Collision,Lorry hit  Median,Lorry,Non injury,Fault of driver of motor vehicle/driver of other vehicle/cyclist/pedestrian/passenger,Four lanes or more with central divider,Slight curve,,Fine,AP16TB    8138,YES,Minor,0
02.04.2013,7:00 AM,1222.8,LHS,Rural,Medarametla,Rear End Collision,Lorry hit  Median,Lorry,Non injury,Fault of driver of motor vehicle/driver of other vehicle/cyclist/pedestrian/passenger,Four lanes or more with central divider,Slight curve,,Fine,AP16TB    8138,YES,Non injured ,2
02.04.2013,7:00 AM,1222.8,LHS,Rural,Medarametla,Rear End Collision,Lorry hit  Median,Lorry,Non injury,Fault of driver of motor vehicle/driver of other vehicle/cyclist/pedestrian/passenger,Four lanes or more with central divider,Slight curve,,Fine,AP16TB    8138,YES,Animals affected,0
02.04.2013,9:15 AM,1221.8,RHS,Rural,Medarametla,Rear End Collision,Trolley hit Unknown Vehicle,Trolley,Non injury,Fault of driver of motor vehicle/driver of other vehicle/cyclist/pedestrian/passenger,Four lanes or more with central divider,Straight road,,Fine,MH15K  5719,YES,Fatal,0
02.04.2013,9:15 AM,1221.8,RHS,Rural,Medarametla,Rear End Collision,Trolley hit Unknown Vehicle,Trolley,Non injury,Fault of driver of motor vehicle/driver of other vehicle/cyclist/pedestrian/passenger,Four lanes or more with central divider,Straight road,,Fine,MH15K  5719,YES,Grevious,0
02.04.2013,9:15 AM,1221.8,RHS,Rural,Medarametla,Rear End Collision,Trolley hit Unknown Vehicle,Trolley,Non injury,Fault of driver of motor vehicle/driver of other vehicle/cyclist/pedestrian/passenger,Four lanes or more with central divider,Straight road,,Fine,MH15K  5719,YES,Minor,0
02.04.2013,9:15 AM,1221.8,RHS,Rural,Medarametla,Rear End Collision,Trolley hit Unknown Vehicle,Trolley,Non injury,Fault of driver of motor vehicle/driver of other vehicle/cyclist/pedestrian/passenger,Four lanes or more with central divider,Straight road,,Fine,MH15K  5719,YES,Non injured ,2
02.04.2013,9:15 AM,1221.8,RHS,Rural,Medarametla,Rear End Collision,Trolley hit Unknown Vehicle,Trolley,Non injury,Fault of driver of motor vehicle/driver of other vehicle/cyclist/pedestrian/passenger,Four lanes or more with central divider,Straight road,,Fine,MH15K  5719,YES,Animals affected,0
02.04.2013,9:52 AM,1278.6,RHS,Rural,Singarayakonda,Collision Brush/Side Wipe,Lorry hit   Safety wall,Lorry,Non injury,Fault of driver of motor vehicle/driver of other vehicle/cyclist/pedestrian/passenger,Four lanes or more with central divider,Straight road,,Fine,TN52C    9499,YES,Fatal,0
02.04.2013,9:52 AM,1278.6,RHS,Rural,Singarayakonda,Collision Brush/Side Wipe,Lorry hit   Safety wall,Lorry,Non injury,Fault of driver of motor vehicle/driver of other vehicle/cyclist/pedestrian/passenger,Four lanes or more with central divider,Straight road,,Fine,TN52C    9499,YES,Grevious,0
02.04.2013,9:52 AM,1278.6,RHS,Rural,Singarayakonda,Collision Brush/Side Wipe,Lorry hit   Safety wall,Lorry,Non injury,Fault of driver of motor vehicle/driver of other vehicle/cyclist/pedestrian/passenger,Four lanes or more with central divider,Straight road,,Fine,TN52C    9499,YES,Minor,0
02.04.2013,9:52 AM,1278.6,RHS,Rural,Singarayakonda,Collision Brush/Side Wipe,Lorry hit   Safety wall,Lorry,Non injury,Fault of driver of motor vehicle/driver of other vehicle/cyclist/pedestrian/passenger,Four lanes or more with central divider,Straight road,,Fine,TN52C    9499,YES,Non injured ,2
02.04.2013,9:52 AM,1278.6,RHS,Rural,Singarayakonda,Collision Brush/Side Wipe,Lorry hit   Safety wall,Lorry,Non injury,Fault of driver of motor vehicle/driver of other vehicle/cyclist/pedestrian/passenger,Four lanes or more with central divider,Straight road,,Fine,TN52C    9499,YES,Animals affected,0
02.04.2013,8:40 PM,1337.6,LHS,Rural,K.Tippa ,Collision Brush/Side Wipe,Car hit Culvert wall,Car,Grievious injury,Over speed,Four lanes or more with central divider,Dip,,Fine,AP26R   1999,YES,Fatal,0
02.04.2013,8:40 PM,1337.6,LHS,Rural,K.Tippa ,Collision Brush/Side Wipe,Car hit Culvert wall,Car,Grievious injury,Over speed,Four lanes or more with central divider,Dip,,Fine,AP26R   1999,YES,Grevious,4
02.04.2013,8:40 PM,1337.6,LHS,Rural,K.Tippa ,Collision Brush/Side Wipe,Car hit Culvert wall,Car,Grievious injury,Over speed,Four lanes or more with central divider,Dip,,Fine,AP26R   1999,YES,Minor,0
02.04.2013,8:40 PM,1337.6,LHS,Rural,K.Tippa ,Collision Brush/Side Wipe,Car hit Culvert wall,Car,Grievious injury,Over speed,Four lanes or more with central divider,Dip,,Fine,AP26R   1999,YES,Non injured ,0
02.04.2013,8:40 PM,1337.6,LHS,Rural,K.Tippa ,Collision Brush/Side Wipe,Car hit Culvert wall,Car,Grievious injury,Over speed,Four lanes or more with central divider,Dip,,Fine,AP26R   1999,YES,Animals affected,0
03.04.2013,1:00 AM,1232.1,LHS,Rural,Maddipadu,Collision Brush/Side Wipe,Unknown Vehicle hit  Pedestrain,Unknown,Fatal,Over speed,Four lanes or more with central divider,Straight road,,Fine,Unknown Vehicle,YES,Fatal,1
03.04.2013,1:00 AM,1232.1,LHS,Rural,Maddipadu,Collision Brush/Side Wipe,Unknown Vehicle hit  Pedestrain,Unknown,Fatal,Over speed,Four lanes or more with central divider,Straight road,,Fine,Unknown Vehicle,YES,Grevious,0
03.04.2013,1:00 AM,1232.1,LHS,Rural,Maddipadu,Collision Brush/Side Wipe,Unknown Vehicle hit  Pedestrain,Unknown,Fatal,Over speed,Four lanes or more with central divider,Straight road,,Fine,Unknown Vehicle,YES,Minor,0
03.04.2013,1:00 AM,1232.1,LHS,Rural,Maddipadu,Collision Brush/Side Wipe,Unknown Vehicle hit  Pedestrain,Unknown,Fatal,Over speed,Four lanes or more with central divider,Straight road,,Fine,Unknown Vehicle,YES,Non injured ,0
03.04.2013,1:00 AM,1232.1,LHS,Rural,Maddipadu,Collision Brush/Side Wipe,Unknown Vehicle hit  Pedestrain,Unknown,Fatal,Over speed,Four lanes or more with central divider,Straight road,,Fine,Unknown Vehicle,YES,Animals affected,0
03.04.2013,10:28 AM,1260.2,LHS,Rural,Tangutur,Rear End Collision, Lorry hit A.P.S.R.T.C.Bus,Lorry,Non injury,Over speed,Four lanes or more with central divider,Straight road,,Fine,TN69H 1036,YES,Fatal,0
03.04.2013,10:28 AM,1260.2,LHS,Rural,Tangutur,Rear End Collision, Lorry hit A.P.S.R.T.C.Bus,Lorry,Non injury,Over speed,Four lanes or more with central divider,Straight road,,Fine,TN69H 1036,YES,Grevious,0
03.04.2013,10:28 AM,1260.2,LHS,Rural,Tangutur,Rear End Collision, Lorry hit A.P.S.R.T.C.Bus,Lorry,Non injury,Over speed,Four lanes or more with central divider,Straight road,,Fine,TN69H 1036,YES,Minor,0
03.04.2013,10:28 AM,1260.2,LHS,Rural,Tangutur,Rear End Collision, Lorry hit A.P.S.R.T.C.Bus,Lorry,Non injury,Over speed,Four lanes or more with central divider,Straight road,,Fine,TN69H 1036,YES,Non injured ,40
03.04.2013,10:28 AM,1260.2,LHS,Rural,Tangutur,Rear End Collision, Lorry hit A.P.S.R.T.C.Bus,Lorry,Non injury,Over speed,Four lanes or more with central divider,Straight road,,Fine,TN69H 1036,YES,Animals affected,0
04.04.2013,12:15 AM,1194.5,LHS,Rural,Martur,Skidding, Bike Skidding,Bike,Grievious injury,Druken,Four lanes or more with central divider,Straight road,,Fine,AP27L  2516,YES,Fatal,0
04.04.2013,12:15 AM,1194.5,LHS,Rural,Martur,Skidding, Bike Skidding,Bike,Grievious injury,Druken,Four lanes or more with central divider,Straight road,,Fine,AP27L  2516,YES,Grevious,1
04.04.2013,12:15 AM,1194.5,LHS,Rural,Martur,Skidding, Bike Skidding,Bike,Grievious injury,Druken,Four lanes or more with central divider,Straight road,,Fine,AP27L  2516,YES,Minor,0
04.04.2013,12:15 AM,1194.5,LHS,Rural,Martur,Skidding, Bike Skidding,Bike,Grievious injury,Druken,Four lanes or more with central divider,Straight road,,Fine,AP27L  2516,YES,Non injured ,0
04.04.2013,12:15 AM,1194.5,LHS,Rural,Martur,Skidding, Bike Skidding,Bike,Grievious injury,Druken,Four lanes or more with central divider,Straight road,,Fine,AP27L  2516,YES,Animals affected,0
04.04.2013,4:30 AM,1260.4,RHS,Rural,Tangutur,Overturning, Lorry Over Turned,Lorry,Non injury,Vehicle out of control,Four lanes or more with central divider,Sharp curve,,Fine,AP03TA 2256,YES,Fatal,0
04.04.2013,4:30 AM,1260.4,RHS,Rural,Tangutur,Overturning, Lorry Over Turned,Lorry,Non injury,Vehicle out of control,Four lanes or more with central divider,Sharp curve,,Fine,AP03TA 2256,YES,Grevious,0
04.04.2013,4:30 AM,1260.4,RHS,Rural,Tangutur,Overturning, Lorry Over Turned,Lorry,Non injury,Vehicle out of control,Four lanes or more with central divider,Sharp curve,,Fine,AP03TA 2256,YES,Minor,0
04.04.2013,4:30 AM,1260.4,RHS,Rural,Tangutur,Overturning, Lorry Over Turned,Lorry,Non injury,Vehicle out of control,Four lanes or more with central divider,Sharp curve,,Fine,AP03TA 2256,YES,Non injured ,2
04.04.2013,4:30 AM,1260.4,RHS,Rural,Tangutur,Overturning, Lorry Over Turned,Lorry,Non injury,Vehicle out of control,Four lanes or more with central divider,Sharp curve,,Fine,AP03TA 2256,YES,Animals affected,0
04.04.2013,6:45 AM,1285.4,LHS,Rural,Ulavapadu,Rear End Collision, Lorry hit Lorry,Lorry,Fatal,Fault of driver of motor vehicle/driver of other vehicle/cyclist/pedestrian/passenger,Four lanes or more with central divider,Straight road,,Fine,AP16TB 3399,YES,Fatal,1
04.04.2013,6:45 AM,1285.4,LHS,Rural,Ulavapadu,Rear End Collision, Lorry hit Lorry,Lorry,Fatal,Fault of driver of motor vehicle/driver of other vehicle/cyclist/pedestrian/passenger,Four lanes or more with central divider,Straight road,,Fine,AP16TB 3399,YES,Grevious,0
04.04.2013,6:45 AM,1285.4,LHS,Rural,Ulavapadu,Rear End Collision, Lorry hit Lorry,Lorry,Fatal,Fault of driver of motor vehicle/driver of other vehicle/cyclist/pedestrian/passenger,Four lanes or more with central divider,Straight road,,Fine,AP16TB 3399,YES,Minor,0
04.04.2013,6:45 AM,1285.4,LHS,Rural,Ulavapadu,Rear End Collision, Lorry hit Lorry,Lorry,Fatal,Fault of driver of motor vehicle/driver of other vehicle/cyclist/pedestrian/passenger,Four lanes or more with central divider,Straight road,,Fine,AP16TB 3399,YES,Non injured ,1
04.04.2013,6:45 AM,1285.4,LHS,Rural,Ulavapadu,Rear End Collision, Lorry hit Lorry,Lorry,Fatal,Fault of driver of motor vehicle/driver of other vehicle/cyclist/pedestrian/passenger,Four lanes or more with central divider,Straight road,,Fine,AP16TB 3399,YES,Animals affected,0
04.04.2013,1:10 PM,1260.2,RHS,Rural,Tangutur,Rear End Collision,Lorry hit Unknown Vehicle,Lorry,Non injury,Over speed,Four lanes or more with central divider,Straight road,,Fine,AP27TU   4455,YES,Fatal,0
04.04.2013,1:10 PM,1260.2,RHS,Rural,Tangutur,Rear End Collision,Lorry hit Unknown Vehicle,Lorry,Non injury,Over speed,Four lanes or more with central divider,Straight road,,Fine,AP27TU   4455,YES,Grevious,0
04.04.2013,1:10 PM,1260.2,RHS,Rural,Tangutur,Rear End Collision,Lorry hit Unknown Vehicle,Lorry,Non injury,Over speed,Four lanes or more with central divider,Straight road,,Fine,AP27TU   4455,YES,Minor,0
04.04.2013,1:10 PM,1260.2,RHS,Rural,Tangutur,Rear End Collision,Lorry hit Unknown Vehicle,Lorry,Non injury,Over speed,Four lanes or more with central divider,Straight road,,Fine,AP27TU   4455,YES,Non injured ,2
04.04.2013,1:10 PM,1260.2,RHS,Rural,Tangutur,Rear End Collision,Lorry hit Unknown Vehicle,Lorry,Non injury,Over speed,Four lanes or more with central divider,Straight road,,Fine,AP27TU   4455,YES,Animals affected,0
04.04.2013,1:30 PM,1344.4,LHS,Rural,Dagadarthi,Collision Brush/Side Wipe,Car hit  Toll person (LA),Car,Minor injury,Over speed,Four lanes or more with central divider,Straight road,,Fine,AP31TV   1316,YES,Fatal,0
04.04.2013,1:30 PM,1344.4,LHS,Rural,Dagadarthi,Collision Brush/Side Wipe,Car hit  Toll person (LA),Car,Minor injury,Over speed,Four lanes or more with central divider,Straight road,,Fine,AP31TV   1316,YES,Grevious,0
04.04.2013,1:30 PM,1344.4,LHS,Rural,Dagadarthi,Collision Brush/Side Wipe,Car hit  Toll person (LA),Car,Minor injury,Over speed,Four lanes or more with central divider,Straight road,,Fine,AP31TV   1316,YES,Minor,1
04.04.2013,1:30 PM,1344.4,LHS,Rural,Dagadarthi,Collision Brush/Side Wipe,Car hit  Toll person (LA),Car,Minor injury,Over speed,Four lanes or more with central divider,Straight road,,Fine,AP31TV   1316,YES,Non injured ,0
04.04.2013,1:30 PM,1344.4,LHS,Rural,Dagadarthi,Collision Brush/Side Wipe,Car hit  Toll person (LA),Car,Minor injury,Over speed,Four lanes or more with central divider,Straight road,,Fine,AP31TV   1316,YES,Animals affected,0
05.04.2013,7:09 AM,1319.4,RHS,Rural,Kavali,Collision Brush/Side Wipe, Lorry hit Safety Wall,Lorry,Grievious injury,Over speed,Four lanes or more with central divider,Straight road,,Fine,AP27L  2161,YES,Fatal,0
05.04.2013,7:09 AM,1319.4,RHS,Rural,Kavali,Collision Brush/Side Wipe, Lorry hit Safety Wall,Lorry,Grievious injury,Over speed,Four lanes or more with central divider,Straight road,,Fine,AP27L  2161,YES,Grevious,1
05.04.2013,7:09 AM,1319.4,RHS,Rural,Kavali,Collision Brush/Side Wipe, Lorry hit Safety Wall,Lorry,Grievious injury,Over speed,Four lanes or more with central divider,Straight road,,Fine,AP27L  2161,YES,Minor,0
05.04.2013,7:09 AM,1319.4,RHS,Rural,Kavali,Collision Brush/Side Wipe, Lorry hit Safety Wall,Lorry,Grievious injury,Over speed,Four lanes or more with central divider,Straight road,,Fine,AP27L  2161,YES,Non injured ,0
05.04.2013,7:09 AM,1319.4,RHS,Rural,Kavali,Collision Brush/Side Wipe, Lorry hit Safety Wall,Lorry,Grievious injury,Over speed,Four lanes or more with central divider,Straight road,,Fine,AP27L  2161,YES,Animals affected,0
05.04.2013,7:10 AM,1272.7,LHS,Rural,Jarugumalli,Overturning, Tractor Over Turned,Tractor,Non injury,Fault of driver of motor vehicle/driver of other vehicle/cyclist/pedestrian/passenger,Four lanes or more with central divider,Straight road,,Fine,AP27AN 1415,YES,Fatal,0
05.04.2013,7:10 AM,1272.7,LHS,Rural,Jarugumalli,Overturning, Tractor Over Turned,Tractor,Non injury,Fault of driver of motor vehicle/driver of other vehicle/cyclist/pedestrian/passenger,Four lanes or more with central divider,Straight road,,Fine,AP27AN 1415,YES,Grevious,0
05.04.2013,7:10 AM,1272.7,LHS,Rural,Jarugumalli,Overturning, Tractor Over Turned,Tractor,Non injury,Fault of driver of motor vehicle/driver of other vehicle/cyclist/pedestrian/passenger,Four lanes or more with central divider,Straight road,,Fine,AP27AN 1415,YES,Minor,0
05.04.2013,7:10 AM,1272.7,LHS,Rural,Jarugumalli,Overturning, Tractor Over Turned,Tractor,Non injury,Fault of driver of motor vehicle/driver of other vehicle/cyclist/pedestrian/passenger,Four lanes or more with central divider,Straight road,,Fine,AP27AN 1415,YES,Non injured ,2
05.04.2013,7:10 AM,1272.7,LHS,Rural,Jarugumalli,Overturning, Tractor Over Turned,Tractor,Non injury,Fault of driver of motor vehicle/driver of other vehicle/cyclist/pedestrian/passenger,Four lanes or more with central divider,Straight road,,Fine,AP27AN 1415,YES,Animals affected,0
05.04.2013,7:35 AM,1276,RHS,Rural,Singarayakonda,Overturning, Lorry Over Turned,Lorry,Non injury,Over speed,Four lanes or more with central divider,Straight road,,Fine,AP27Y  6849,YES,Fatal,0
05.04.2013,7:35 AM,1276,RHS,Rural,Singarayakonda,Overturning, Lorry Over Turned,Lorry,Non injury,Over speed,Four lanes or more with central divider,Straight road,,Fine,AP27Y  6849,YES,Grevious,0