Operational date,Time of Accident,KM && M,Position,Rural/Urban,Location,Nature of Accident Position,Nature of Accident,Vehicle Involved,Type of Accident,Causes,Road Feature,Road condition,Intersection Type And Control,Weather Condition,Vehicle Responsible,Help Provided by Ambulance/Patroling Vehicle,Classification of Accident,No of Affected Persons
05.04.2013,7:35 AM,1276,RHS,Rural,Singarayakonda,Overturning, Lorry Over Turned,Lorry,Non injury,Over speed,Four lanes or more with central divider,Straight road,,Fine,AP27Y  6849,YES,Minor,0
05.04.2013,7:35 AM,1276,RHS,Rural,Singarayakonda,Overturning, Lorry Over Turned,Lorry,Non injury,Over speed,Four lanes or more with central divider,Straight road,,Fine,AP27Y  6849,YES,Non injured ,2
05.04.2013,7:35 AM,1276,RHS,Rural,Singarayakonda,Overturning, Lorry Over Turned,Lorry,Non injury,Over speed,Four lanes or more with central divider,Straight road,,Fine,AP27Y  6849,YES,Animals affected,0
05.04.2013,11:46 AM,1298.5,RHS,Rural,Gudluru,Rear End Collision,Truck Auto hit Tractor,Auto,Minor injury,Druken,Four lanes or more with central divider,Straight road,,Fine,AP03TB    2451,YES,Fatal,0
05.04.2013,11:46 AM,1298.5,RHS,Rural,Gudluru,Rear End Collision,Truck Auto hit Tractor,Auto,Minor injury,Druken,Four lanes or more with central divider,Straight road,,Fine,AP03TB    2451,YES,Grevious,0
05.04.2013,11:46 AM,1298.5,RHS,Rural,Gudluru,Rear End Collision,Truck Auto hit Tractor,Auto,Minor injury,Druken,Four lanes or more with central divider,Straight road,,Fine,AP03TB    2451,YES,Minor,1
05.04.2013,11:46 AM,1298.5,RHS,Rural,Gudluru,Rear End Collision,Truck Auto hit Tractor,Auto,Minor injury,Druken,Four lanes or more with central divider,Straight road,,Fine,AP03TB    2451,YES,Non injured ,2
05.04.2013,11:46 AM,1298.5,RHS,Rural,Gudluru,Rear End Collision,Truck Auto hit Tractor,Auto,Minor injury,Druken,Four lanes or more with central divider,Straight road,,Fine,AP03TB    2451,YES,Animals affected,0
06.04.2013,6:00 AM,1337.4,LHS,Rural,K.Tippa ,Rear End Collision,Mini Lorry hit Car,Lorry,Non injury,Over speed,Four lanes or more with central divider,Straight road,,Fine,TN68D     7499,YES,Fatal,0
06.04.2013,6:00 AM,1337.4,LHS,Rural,K.Tippa ,Rear End Collision,Mini Lorry hit Car,Lorry,Non injury,Over speed,Four lanes or more with central divider,Straight road,,Fine,TN68D     7499,YES,Grevious,0
06.04.2013,6:00 AM,1337.4,LHS,Rural,K.Tippa ,Rear End Collision,Mini Lorry hit Car,Lorry,Non injury,Over speed,Four lanes or more with central divider,Straight road,,Fine,TN68D     7499,YES,Minor,0
06.04.2013,6:00 AM,1337.4,LHS,Rural,K.Tippa ,Rear End Collision,Mini Lorry hit Car,Lorry,Non injury,Over speed,Four lanes or more with central divider,Straight road,,Fine,TN68D     7499,YES,Non injured ,4
06.04.2013,6:00 AM,1337.4,LHS,Rural,K.Tippa ,Rear End Collision,Mini Lorry hit Car,Lorry,Non injury,Over speed,Four lanes or more with central divider,Straight road,,Fine,TN68D     7499,YES,Animals affected,0
07.04.2013,3:00 PM,1263.8,RHS,Rural,Tangutur,Rear End Collision,RTC Bus  hit Private Bus,Bus,Non injury,Over speed,Four lanes or more with central divider,Straight road,,Fine,AP29Z  2890,YES,Fatal,0
07.04.2013,3:00 PM,1263.8,RHS,Rural,Tangutur,Rear End Collision,RTC Bus  hit Private Bus,Bus,Non injury,Over speed,Four lanes or more with central divider,Straight road,,Fine,AP29Z  2890,YES,Grevious,0
07.04.2013,3:00 PM,1263.8,RHS,Rural,Tangutur,Rear End Collision,RTC Bus  hit Private Bus,Bus,Non injury,Over speed,Four lanes or more with central divider,Straight road,,Fine,AP29Z  2890,YES,Minor,0
07.04.2013,3:00 PM,1263.8,RHS,Rural,Tangutur,Rear End Collision,RTC Bus  hit Private Bus,Bus,Non injury,Over speed,Four lanes or more with central divider,Straight road,,Fine,AP29Z  2890,YES,Non injured ,40
07.04.2013,3:00 PM,1263.8,RHS,Rural,Tangutur,Rear End Collision,RTC Bus  hit Private Bus,Bus,Non injury,Over speed,Four lanes or more with central divider,Straight road,,Fine,AP29Z  2890,YES,Animals affected,0
07.04.2013,4:55 PM,1294.7,LHS,Rural,Ulavapadu,Rear End Collision, Crane hit Car,Crane,Non injury,Over speed,Three lanes or more without central divider(median),Straight road,Y-Junction,Fine,AP27AX  4383,YES,Fatal,0
07.04.2013,4:55 PM,1294.7,LHS,Rural,Ulavapadu,Rear End Collision, Crane hit Car,Crane,Non injury,Over speed,Three lanes or more without central divider(median),Straight road,Y-Junction,Fine,AP27AX  4383,YES,Grevious,0
07.04.2013,4:55 PM,1294.7,LHS,Rural,Ulavapadu,Rear End Collision, Crane hit Car,Crane,Non injury,Over speed,Three lanes or more without central divider(median),Straight road,Y-Junction,Fine,AP27AX  4383,YES,Minor,0
07.04.2013,4:55 PM,1294.7,LHS,Rural,Ulavapadu,Rear End Collision, Crane hit Car,Crane,Non injury,Over speed,Three lanes or more without central divider(median),Straight road,Y-Junction,Fine,AP27AX  4383,YES,Non injured ,4
07.04.2013,4:55 PM,1294.7,LHS,Rural,Ulavapadu,Rear End Collision, Crane hit Car,Crane,Non injury,Over speed,Three lanes or more without central divider(median),Straight road,Y-Junction,Fine,AP27AX  4383,YES,Animals affected,0
07.04.2013,7:40 PM,1343.6,RHS,Rural,Dagadarthi,Others(p1.Specific), Unknown Vehicle hit Pedestrian,Unknown,Grievious injury,Over speed,Four lanes or more with central divider,Straight road,,Fine,Unknown Vehicle,YES,Fatal,0
07.04.2013,7:40 PM,1343.6,RHS,Rural,Dagadarthi,Others(p1.Specific), Unknown Vehicle hit Pedestrian,Unknown,Grievious injury,Over speed,Four lanes or more with central divider,Straight road,,Fine,Unknown Vehicle,YES,Grevious,1
07.04.2013,7:40 PM,1343.6,RHS,Rural,Dagadarthi,Others(p1.Specific), Unknown Vehicle hit Pedestrian,Unknown,Grievious injury,Over speed,Four lanes or more with central divider,Straight road,,Fine,Unknown Vehicle,YES,Minor,0
07.04.2013,7:40 PM,1343.6,RHS,Rural,Dagadarthi,Others(p1.Specific), Unknown Vehicle hit Pedestrian,Unknown,Grievious injury,Over speed,Four lanes or more with central divider,Straight road,,Fine,Unknown Vehicle,YES,Non injured ,0
07.04.2013,7:40 PM,1343.6,RHS,Rural,Dagadarthi,Others(p1.Specific), Unknown Vehicle hit Pedestrian,Unknown,Grievious injury,Over speed,Four lanes or more with central divider,Straight road,,Fine,Unknown Vehicle,YES,Animals affected,0
07.03.2013,11:00 PM,1243.2,LHS,Rural,Ongole,Collision Brush/Side Wipe, Car hit      Auto,Car,Grievious injury,Over speed,Three lanes or more without central divider(median),Straight road,Y-Junction,Fine,AP03TV  5507,YES,Fatal,0
07.03.2013,11:00 PM,1243.2,LHS,Rural,Ongole,Collision Brush/Side Wipe, Car hit      Auto,Car,Grievious injury,Over speed,Three lanes or more without central divider(median),Straight road,Y-Junction,Fine,AP03TV  5507,YES,Grevious,1
07.03.2013,11:00 PM,1243.2,LHS,Rural,Ongole,Collision Brush/Side Wipe, Car hit      Auto,Car,Grievious injury,Over speed,Three lanes or more without central divider(median),Straight road,Y-Junction,Fine,AP03TV  5507,YES,Minor,0
07.03.2013,11:00 PM,1243.2,LHS,Rural,Ongole,Collision Brush/Side Wipe, Car hit      Auto,Car,Grievious injury,Over speed,Three lanes or more without central divider(median),Straight road,Y-Junction,Fine,AP03TV  5507,YES,Non injured ,4
07.03.2013,11:00 PM,1243.2,LHS,Rural,Ongole,Collision Brush/Side Wipe, Car hit      Auto,Car,Grievious injury,Over speed,Three lanes or more without central divider(median),Straight road,Y-Junction,Fine,AP03TV  5507,YES,Animals affected,0
08.03.2013,8:35 AM,1207.7,LHS,Rural,Reningavaram,Head on collision,Car hit Tractor,Car,Non injury,Fault of driver of motor vehicle/driver of other vehicle/cyclist/pedestrian/passenger,Four lanes or more with central divider,Straight road,,Fine,AP07AV    333,YES,Fatal,0
08.03.2013,8:35 AM,1207.7,LHS,Rural,Reningavaram,Head on collision,Car hit Tractor,Car,Non injury,Fault of driver of motor vehicle/driver of other vehicle/cyclist/pedestrian/passenger,Four lanes or more with central divider,Straight road,,Fine,AP07AV    333,YES,Grevious,0
08.03.2013,8:35 AM,1207.7,LHS,Rural,Reningavaram,Head on collision,Car hit Tractor,Car,Non injury,Fault of driver of motor vehicle/driver of other vehicle/cyclist/pedestrian/passenger,Four lanes or more with central divider,Straight road,,Fine,AP07AV    333,YES,Minor,0
08.03.2013,8:35 AM,1207.7,LHS,Rural,Reningavaram,Head on collision,Car hit Tractor,Car,Non injury,Fault of driver of motor vehicle/driver of other vehicle/cyclist/pedestrian/passenger,Four lanes or more with central divider,Straight road,,Fine,AP07AV    333,YES,Non injured ,4
08.03.2013,8:35 AM,1207.7,LHS,Rural,Reningavaram,Head on collision,Car hit Tractor,Car,Non injury,Fault of driver of motor vehicle/driver of other vehicle/cyclist/pedestrian/passenger,Four lanes or more with central divider,Straight road,,Fine,AP07AV    333,YES,Animals affected,0
08.03.2013,5:20 PM,1288.6,RHS,Rural,Ulavapadu,Rear End Collision,Car hit Truck Auto,Car,Non injury,Over speed,Four lanes or more with central divider,Straight road,,Fine,AP7AE    400,YES,Fatal,0
08.03.2013,5:20 PM,1288.6,RHS,Rural,Ulavapadu,Rear End Collision,Car hit Truck Auto,Car,Non injury,Over speed,Four lanes or more with central divider,Straight road,,Fine,AP7AE    400,YES,Grevious,0
08.03.2013,5:20 PM,1288.6,RHS,Rural,Ulavapadu,Rear End Collision,Car hit Truck Auto,Car,Non injury,Over speed,Four lanes or more with central divider,Straight road,,Fine,AP7AE    400,YES,Minor,0
08.03.2013,5:20 PM,1288.6,RHS,Rural,Ulavapadu,Rear End Collision,Car hit Truck Auto,Car,Non injury,Over speed,Four lanes or more with central divider,Straight road,,Fine,AP7AE    400,YES,Non injured ,2
08.03.2013,5:20 PM,1288.6,RHS,Rural,Ulavapadu,Rear End Collision,Car hit Truck Auto,Car,Non injury,Over speed,Four lanes or more with central divider,Straight road,,Fine,AP7AE    400,YES,Animals affected,0
08.03.2013,5:36 PM,1204.8,LHS,Rural,Reningavaram,Collision Brush/Side Wipe,Mini Lorry hit Pedestrian,Lorry,Grievious injury,Over speed,Three lanes or more without central divider(median),Slight curve,Y-Junction,Fine,KA53A   5686,YES,Fatal,0
08.03.2013,5:36 PM,1204.8,LHS,Rural,Reningavaram,Collision Brush/Side Wipe,Mini Lorry hit Pedestrian,Lorry,Grievious injury,Over speed,Three lanes or more without central divider(median),Slight curve,Y-Junction,Fine,KA53A   5686,YES,Grevious,1
08.03.2013,5:36 PM,1204.8,LHS,Rural,Reningavaram,Collision Brush/Side Wipe,Mini Lorry hit Pedestrian,Lorry,Grievious injury,Over speed,Three lanes or more without central divider(median),Slight curve,Y-Junction,Fine,KA53A   5686,YES,Minor,0
08.03.2013,5:36 PM,1204.8,LHS,Rural,Reningavaram,Collision Brush/Side Wipe,Mini Lorry hit Pedestrian,Lorry,Grievious injury,Over speed,Three lanes or more without central divider(median),Slight curve,Y-Junction,Fine,KA53A   5686,YES,Non injured ,0
08.03.2013,5:36 PM,1204.8,LHS,Rural,Reningavaram,Collision Brush/Side Wipe,Mini Lorry hit Pedestrian,Lorry,Grievious injury,Over speed,Three lanes or more without central divider(median),Slight curve,Y-Junction,Fine,KA53A   5686,YES,Animals affected,0
08.03.2013,10:30 PM,1261.2,LHS,Rural,Tangutur,Collision Brush/Side Wipe,Tata Magic Auto hit Safety wall,Auto,Non injury,Over speed,Four lanes or more with central divider,Slight curve,,Fine,AP26TU    143,YES,Fatal,0
08.03.2013,10:30 PM,1261.2,LHS,Rural,Tangutur,Collision Brush/Side Wipe,Tata Magic Auto hit Safety wall,Auto,Non injury,Over speed,Four lanes or more with central divider,Slight curve,,Fine,AP26TU    143,YES,Grevious,0
08.03.2013,10:30 PM,1261.2,LHS,Rural,Tangutur,Collision Brush/Side Wipe,Tata Magic Auto hit Safety wall,Auto,Non injury,Over speed,Four lanes or more with central divider,Slight curve,,Fine,AP26TU    143,YES,Minor,0
08.03.2013,10:30 PM,1261.2,LHS,Rural,Tangutur,Collision Brush/Side Wipe,Tata Magic Auto hit Safety wall,Auto,Non injury,Over speed,Four lanes or more with central divider,Slight curve,,Fine,AP26TU    143,YES,Non injured ,6
08.03.2013,10:30 PM,1261.2,LHS,Rural,Tangutur,Collision Brush/Side Wipe,Tata Magic Auto hit Safety wall,Auto,Non injury,Over speed,Four lanes or more with central divider,Slight curve,,Fine,AP26TU    143,YES,Animals affected,0
09.03.2013,1:44 PM,1199.6,LHS,Rural,Reningavaram,Collision Brush/Side Wipe, Car hit      Bke,Car,Minor injury,Fault of driver of motor vehicle/driver of other vehicle/cyclist/pedestrian/passenger,Four lanes or more with central divider,Straight road,,Fine,AP05BP   9339,YES,Fatal,0
09.03.2013,1:44 PM,1199.6,LHS,Rural,Reningavaram,Collision Brush/Side Wipe, Car hit      Bke,Car,Minor injury,Fault of driver of motor vehicle/driver of other vehicle/cyclist/pedestrian/passenger,Four lanes or more with central divider,Straight road,,Fine,AP05BP   9339,YES,Grevious,0
09.03.2013,1:44 PM,1199.6,LHS,Rural,Reningavaram,Collision Brush/Side Wipe, Car hit      Bke,Car,Minor injury,Fault of driver of motor vehicle/driver of other vehicle/cyclist/pedestrian/passenger,Four lanes or more with central divider,Straight road,,Fine,AP05BP   9339,YES,Minor,1
09.03.2013,1:44 PM,1199.6,LHS,Rural,Reningavaram,Collision Brush/Side Wipe, Car hit      Bke,Car,Minor injury,Fault of driver of motor vehicle/driver of other vehicle/cyclist/pedestrian/passenger,Four lanes or more with central divider,Straight road,,Fine,AP05BP   9339,YES,Non injured ,6
09.03.2013,1:44 PM,1199.6,LHS,Rural,Reningavaram,Collision Brush/Side Wipe, Car hit      Bke,Car,Minor injury,Fault of driver of motor vehicle/driver of other vehicle/cyclist/pedestrian/passenger,Four lanes or more with central divider,Straight road,,Fine,AP05BP   9339,YES,Animals affected,0
10.03.2013,4:58 AM,1241.5,RHS,Rural,Ongole,Collision Brush/Side Wipe,Trolley hit Cement cresh barrier,Trolley,Non injury,Over speed,Four lanes or more with central divider,Straight road,,Fine,AP03V      3488,YES,Fatal,0
10.03.2013,4:58 AM,1241.5,RHS,Rural,Ongole,Collision Brush/Side Wipe,Trolley hit Cement cresh barrier,Trolley,Non injury,Over speed,Four lanes or more with central divider,Straight road,,Fine,AP03V      3488,YES,Grevious,0
10.03.2013,4:58 AM,1241.5,RHS,Rural,Ongole,Collision Brush/Side Wipe,Trolley hit Cement cresh barrier,Trolley,Non injury,Over speed,Four lanes or more with central divider,Straight road,,Fine,AP03V      3488,YES,Minor,0
10.03.2013,4:58 AM,1241.5,RHS,Rural,Ongole,Collision Brush/Side Wipe,Trolley hit Cement cresh barrier,Trolley,Non injury,Over speed,Four lanes or more with central divider,Straight road,,Fine,AP03V      3488,YES,Non injured ,2
10.03.2013,4:58 AM,1241.5,RHS,Rural,Ongole,Collision Brush/Side Wipe,Trolley hit Cement cresh barrier,Trolley,Non injury,Over speed,Four lanes or more with central divider,Straight road,,Fine,AP03V      3488,YES,Animals affected,0
11.04.2013,5:30 AM,1256.3,LHS,Rural,Tangutur,Rear End Collision,Lorry hit  Mini Lorry,Lorry,Minor injury,Fault of driver of motor vehicle/driver of other vehicle/cyclist/pedestrian/passenger,Four lanes or more with central divider,Slight curve,,Fine,TN23J   2572,YES,Fatal,0
11.04.2013,5:30 AM,1256.3,LHS,Rural,Tangutur,Rear End Collision,Lorry hit  Mini Lorry,Lorry,Minor injury,Fault of driver of motor vehicle/driver of other vehicle/cyclist/pedestrian/passenger,Four lanes or more with central divider,Slight curve,,Fine,TN23J   2572,YES,Grevious,0
11.04.2013,5:30 AM,1256.3,LHS,Rural,Tangutur,Rear End Collision,Lorry hit  Mini Lorry,Lorry,Minor injury,Fault of driver of motor vehicle/driver of other vehicle/cyclist/pedestrian/passenger,Four lanes or more with central divider,Slight curve,,Fine,TN23J   2572,YES,Minor,1
11.04.2013,5:30 AM,1256.3,LHS,Rural,Tangutur,Rear End Collision,Lorry hit  Mini Lorry,Lorry,Minor injury,Fault of driver of motor vehicle/driver of other vehicle/cyclist/pedestrian/passenger,Four lanes or more with central divider,Slight curve,,Fine,TN23J   2572,YES,Non injured ,3
11.04.2013,5:30 AM,1256.3,LHS,Rural,Tangutur,Rear End Collision,Lorry hit  Mini Lorry,Lorry,Minor injury,Fault of driver of motor vehicle/driver of other vehicle/cyclist/pedestrian/passenger,Four lanes or more with central divider,Slight curve,,Fine,TN23J   2572,YES,Animals affected,0
11.04.2013,3:18 PM,1323,LHS,Rural,Kavali,Overturning, Trally Over turned on the road,Trally,Non injury,Over speed,Four lanes or more with central divider,Straight road,,Fine,AP16TD   0954,YES,Fatal,0
11.04.2013,3:18 PM,1323,LHS,Rural,Kavali,Overturning, Trally Over turned on the road,Trally,Non injury,Over speed,Four lanes or more with central divider,Straight road,,Fine,AP16TD   0954,YES,Grevious,0
11.04.2013,3:18 PM,1323,LHS,Rural,Kavali,Overturning, Trally Over turned on the road,Trally,Non injury,Over speed,Four lanes or more with central divider,Straight road,,Fine,AP16TD   0954,YES,Minor,0
11.04.2013,3:18 PM,1323,LHS,Rural,Kavali,Overturning, Trally Over turned on the road,Trally,Non injury,Over speed,Four lanes or more with central divider,Straight road,,Fine,AP16TD   0954,YES,Non injured ,2
11.04.2013,3:18 PM,1323,LHS,Rural,Kavali,Overturning, Trally Over turned on the road,Trally,Non injury,Over speed,Four lanes or more with central divider,Straight road,,Fine,AP16TD   0954,YES,Animals affected,0
11.04.2013,7:52 PM,1338.9,RHS,Rural,K.Tippa ,Collision Brush/Side Wipe,Car hit Buffalo,Car,Grievious injury,Over speed,Four lanes or more with central divider,Straight road,,Fine,AP16AR  8957,YES,Fatal,0
11.04.2013,7:52 PM,1338.9,RHS,Rural,K.Tippa ,Collision Brush/Side Wipe,Car hit Buffalo,Car,Grievious injury,Over speed,Four lanes or more with central divider,Straight road,,Fine,AP16AR  8957,YES,Grevious,2
11.04.2013,7:52 PM,1338.9,RHS,Rural,K.Tippa ,Collision Brush/Side Wipe,Car hit Buffalo,Car,Grievious injury,Over speed,Four lanes or more with central divider,Straight road,,Fine,AP16AR  8957,YES,Minor,0
11.04.2013,7:52 PM,1338.9,RHS,Rural,K.Tippa ,Collision Brush/Side Wipe,Car hit Buffalo,Car,Grievious injury,Over speed,Four lanes or more with central divider,Straight road,,Fine,AP16AR  8957,YES,Non injured ,0
11.04.2013,7:52 PM,1338.9,RHS,Rural,K.Tippa ,Collision Brush/Side Wipe,Car hit Buffalo,Car,Grievious injury,Over speed,Four lanes or more with central divider,Straight road,,Fine,AP16AR  8957,YES,Animals affected,2
12.04.2013,7:20 AM,1323.5,LHS,Rural,Kavali,Collision Brush/Side Wipe,Lorry hit Safety wall,Lorry,Minor injury,Over speed,Four lanes or more with central divider,Straight road,,Fine,TN28AA   8044,YES,Fatal,0
12.04.2013,7:20 AM,1323.5,LHS,Rural,Kavali,Collision Brush/Side Wipe,Lorry hit Safety wall,Lorry,Minor injury,Over speed,Four lanes or more with central divider,Straight road,,Fine,TN28AA   8044,YES,Grevious,0
12.04.2013,7:20 AM,1323.5,LHS,Rural,Kavali,Collision Brush/Side Wipe,Lorry hit Safety wall,Lorry,Minor injury,Over speed,Four lanes or more with central divider,Straight road,,Fine,TN28AA   8044,YES,Minor,1
12.04.2013,7:20 AM,1323.5,LHS,Rural,Kavali,Collision Brush/Side Wipe,Lorry hit Safety wall,Lorry,Minor injury,Over speed,Four lanes or more with central divider,Straight road,,Fine,TN28AA   8044,YES,Non injured ,2
12.04.2013,7:20 AM,1323.5,LHS,Rural,Kavali,Collision Brush/Side Wipe,Lorry hit Safety wall,Lorry,Minor injury,Over speed,Four lanes or more with central divider,Straight road,,Fine,TN28AA   8044,YES,Animals affected,0
12.04.2013,7:10 PM,1274.1,RHS,Rural,Singarayakonda,Collision Brush/Side Wipe,Car hit Safety wall,Car,Non injury,Over speed,Four lanes or more with central divider,Straight road,,Fine,AP27TJ T/R3852,YES,Fatal,0
12.04.2013,7:10 PM,1274.1,RHS,Rural,Singarayakonda,Collision Brush/Side Wipe,Car hit Safety wall,Car,Non injury,Over speed,Four lanes or more with central divider,Straight road,,Fine,AP27TJ T/R3852,YES,Grevious,0
12.04.2013,7:10 PM,1274.1,RHS,Rural,Singarayakonda,Collision Brush/Side Wipe,Car hit Safety wall,Car,Non injury,Over speed,Four lanes or more with central divider,Straight road,,Fine,AP27TJ T/R3852,YES,Minor,0
12.04.2013,7:10 PM,1274.1,RHS,Rural,Singarayakonda,Collision Brush/Side Wipe,Car hit Safety wall,Car,Non injury,Over speed,Four lanes or more with central divider,Straight road,,Fine,AP27TJ T/R3852,YES,Non injured ,6
12.04.2013,7:10 PM,1274.1,RHS,Rural,Singarayakonda,Collision Brush/Side Wipe,Car hit Safety wall,Car,Non injury,Over speed,Four lanes or more with central divider,Straight road,,Fine,AP27TJ T/R3852,YES,Animals affected,0
12.04.2013,9:50 PM,1343.3,RHS,Rural,Dagadarthi,Collision Brush/Side Wipe,Bike hit   Culvert wall,Bike,Grievious injury,Fault of driver of motor vehicle/driver of other vehicle/cyclist/pedestrian/passenger,Four lanes or more with central divider,Straight road,,Fine,AP26AH   2921,YES,Fatal,0
12.04.2013,9:50 PM,1343.3,RHS,Rural,Dagadarthi,Collision Brush/Side Wipe,Bike hit   Culvert wall,Bike,Grievious injury,Fault of driver of motor vehicle/driver of other vehicle/cyclist/pedestrian/passenger,Four lanes or more with central divider,Straight road,,Fine,AP26AH   2921,YES,Grevious,2
12.04.2013,9:50 PM,1343.3,RHS,Rural,Dagadarthi,Collision Brush/Side Wipe,Bike hit   Culvert wall,Bike,Grievious injury,Fault of driver of motor vehicle/driver of other vehicle/cyclist/pedestrian/passenger,Four lanes or more with central divider,Straight road,,Fine,AP26AH   2921,YES,Minor,0
12.04.2013,9:50 PM,1343.3,RHS,Rural,Dagadarthi,Collision Brush/Side Wipe,Bike hit   Culvert wall,Bike,Grievious injury,Fault of driver of motor vehicle/driver of other vehicle/cyclist/pedestrian/passenger,Four lanes or more with central divider,Straight road,,Fine,AP26AH   2921,YES,Non injured ,0
12.04.2013,9:50 PM,1343.3,RHS,Rural,Dagadarthi,Collision Brush/Side Wipe,Bike hit   Culvert wall,Bike,Grievious injury,Fault of driver of motor vehicle/driver of other vehicle/cyclist/pedestrian/passenger,Four lanes or more with central divider,Straight road,,Fine,AP26AH   2921,YES,Animals affected,0
13.04.2013,6:00 AM,1260.4,RHS,Rural,Tangutur,Overturning,Container   Vehicle Overturned,Container,Non injury,Over speed,Four lanes or more with central divider,Slight curve,,Fine,HR55M   7034,YES,Fatal,0
13.04.2013,6:00 AM,1260.4,RHS,Rural,Tangutur,Overturning,Container   Vehicle Overturned,Container,Non injury,Over speed,Four lanes or more with central divider,Slight curve,,Fine,HR55M   7034,YES,Grevious,0
13.04.2013,6:00 AM,1260.4,RHS,Rural,Tangutur,Overturning,Container   Vehicle Overturned,Container,Non injury,Over speed,Four lanes or more with central divider,Slight curve,,Fine,HR55M   7034,YES,Minor,0
13.04.2013,6:00 AM,1260.4,RHS,Rural,Tangutur,Overturning,Container   Vehicle Overturned,Container,Non injury,Over speed,Four lanes or more with central divider,Slight curve,,Fine,HR55M   7034,YES,Non injured ,2
13.04.2013,6:00 AM,1260.4,RHS,Rural,Tangutur,Overturning,Container   Vehicle Overturned,Container,Non injury,Over speed,Four lanes or more with central divider,Slight curve,,Fine,HR55M   7034,YES,Animals affected,0
13.04.2013,7:20 AM,1227.8,RHS,Rural,Maddipadu,Rear End Collision,Bus hit Mini Lorry,Bus,Non injury,Over speed,Four lanes or more with central divider,Straight road,,Fine,AP29Z   1186 ,YES,Fatal,0
13.04.2013,7:20 AM,1227.8,RHS,Rural,Maddipadu,Rear End Collision,Bus hit Mini Lorry,Bus,Non injury,Over speed,Four lanes or more with central divider,Straight road,,Fine,AP29Z   1186 ,YES,Grevious,0
13.04.2013,7:20 AM,1227.8,RHS,Rural,Maddipadu,Rear End Collision,Bus hit Mini Lorry,Bus,Non injury,Over speed,Four lanes or more with central divider,Straight road,,Fine,AP29Z   1186 ,YES,Minor,0
13.04.2013,7:20 AM,1227.8,RHS,Rural,Maddipadu,Rear End Collision,Bus hit Mini Lorry,Bus,Non injury,Over speed,Four lanes or more with central divider,Straight road,,Fine,AP29Z   1186 ,YES,Non injured ,27
13.04.2013,7:20 AM,1227.8,RHS,Rural,Maddipadu,Rear End Collision,Bus hit Mini Lorry,Bus,Non injury,Over speed,Four lanes or more with central divider,Straight road,,Fine,AP29Z   1186 ,YES,Animals affected,0
13.04.2013,3:16 PM,1252.1,RHS,Rural,Ongole,Overturning,Tractor   Overturned,Tractor,Non injury,Over speed,Four lanes or more with central divider,Straight road,,Fine,AP27TU    8355,YES,Fatal,0
13.04.2013,3:16 PM,1252.1,RHS,Rural,Ongole,Overturning,Tractor   Overturned,Tractor,Non injury,Over speed,Four lanes or more with central divider,Straight road,,Fine,AP27TU    8355,YES,Grevious,0
13.04.2013,3:16 PM,1252.1,RHS,Rural,Ongole,Overturning,Tractor   Overturned,Tractor,Non injury,Over speed,Four lanes or more with central divider,Straight road,,Fine,AP27TU    8355,YES,Minor,0
13.04.2013,3:16 PM,1252.1,RHS,Rural,Ongole,Overturning,Tractor   Overturned,Tractor,Non injury,Over speed,Four lanes or more with central divider,Straight road,,Fine,AP27TU    8355,YES,Non injured ,2
13.04.2013,3:16 PM,1252.1,RHS,Rural,Ongole,Overturning,Tractor   Overturned,Tractor,Non injury,Over speed,Four lanes or more with central divider,Straight road,,Fine,AP27TU    8355,YES,Animals affected,0
13.04.2013,6:50 PM,1311.2,RHS,Rural,Kavali,Collision Brush/Side Wipe,Unknown Vehicle hit  Buffalo,Unknown,Non injury,Over speed,Four lanes or more with central divider,Straight road,,Fine,Unknown Vehicle,YES,Fatal,0
13.04.2013,6:50 PM,1311.2,RHS,Rural,Kavali,Collision Brush/Side Wipe,Unknown Vehicle hit  Buffalo,Unknown,Non injury,Over speed,Four lanes or more with central divider,Straight road,,Fine,Unknown Vehicle,YES,Grevious,0
13.04.2013,6:50 PM,1311.2,RHS,Rural,Kavali,Collision Brush/Side Wipe,Unknown Vehicle hit  Buffalo,Unknown,Non injury,Over speed,Four lanes or more with central divider,Straight road,,Fine,Unknown Vehicle,YES,Minor,0
13.04.2013,6:50 PM,1311.2,RHS,Rural,Kavali,Collision Brush/Side Wipe,Unknown Vehicle hit  Buffalo,Unknown,Non injury,Over speed,Four lanes or more with central divider,Straight road,,Fine,Unknown Vehicle,YES,Non injured ,0
13.04.2013,6:50 PM,1311.2,RHS,Rural,Kavali,Collision Brush/Side Wipe,Unknown Vehicle hit  Buffalo,Unknown,Non injury,Over speed,Four lanes or more with central divider,Straight road,,Fine,Unknown Vehicle,YES,Animals affected,1
14.04.2013,2:15 AM,1209.9,RHS,Rural,Reningavaram,Rear End Collision,Lorry hit Bridg wall,Lorry,Grievious injury,Fault of driver of motor vehicle/driver of other vehicle/cyclist/pedestrian/passenger,Four lanes or more with central divider,Slight curve,,Fine,AP16TY     8337,YES,Fatal,0
14.04.2013,2:15 AM,1209.9,RHS,Rural,Reningavaram,Rear End Collision,Lorry hit Bridg wall,Lorry,Grievious injury,Fault of driver of motor vehicle/driver of other vehicle/cyclist/pedestrian/passenger,Four lanes or more with central divider,Slight curve,,Fine,AP16TY     8337,YES,Grevious,1
14.04.2013,2:15 AM,1209.9,RHS,Rural,Reningavaram,Rear End Collision,Lorry hit Bridg wall,Lorry,Grievious injury,Fault of driver of motor vehicle/driver of other vehicle/cyclist/pedestrian/passenger,Four lanes or more with central divider,Slight curve,,Fine,AP16TY     8337,YES,Minor,0