Operational date,Time of Accident,KM && M,Position,Rural/Urban,Location,Nature of Accident Position,Nature of Accident,Vehicle Involved,Type of Accident,Causes,Road Feature,Road condition,Intersection Type And Control,Weather Condition,Vehicle Responsible,Help Provided by Ambulance/Patroling Vehicle,Classification of Accident,No of Affected Persons
14.04.2013,2:15 AM,1209.9,RHS,Rural,Reningavaram,Rear End Collision,Lorry hit Bridg wall,Lorry,Grievious injury,Fault of driver of motor vehicle/driver of other vehicle/cyclist/pedestrian/passenger,Four lanes or more with central divider,Slight curve,,Fine,AP16TY     8337,YES,Non injured ,1
14.04.2013,2:15 AM,1209.9,RHS,Rural,Reningavaram,Rear End Collision,Lorry hit Bridg wall,Lorry,Grievious injury,Fault of driver of motor vehicle/driver of other vehicle/cyclist/pedestrian/passenger,Four lanes or more with central divider,Slight curve,,Fine,AP16TY     8337,YES,Animals affected,0
14.04.2013,6:30 AM,1326.2,LHS,Rural,Kavali,Rear End Collision,Lorry hit     Lorry,Lorry,Non injury,Over speed,Four lanes or more with central divider,Straight road,,Fine,AP16TB    9339,YES,Fatal,0
14.04.2013,6:30 AM,1326.2,LHS,Rural,Kavali,Rear End Collision,Lorry hit     Lorry,Lorry,Non injury,Over speed,Four lanes or more with central divider,Straight road,,Fine,AP16TB    9339,YES,Grevious,0
14.04.2013,6:30 AM,1326.2,LHS,Rural,Kavali,Rear End Collision,Lorry hit     Lorry,Lorry,Non injury,Over speed,Four lanes or more with central divider,Straight road,,Fine,AP16TB    9339,YES,Minor,0
14.04.2013,6:30 AM,1326.2,LHS,Rural,Kavali,Rear End Collision,Lorry hit     Lorry,Lorry,Non injury,Over speed,Four lanes or more with central divider,Straight road,,Fine,AP16TB    9339,YES,Non injured ,4
14.04.2013,6:30 AM,1326.2,LHS,Rural,Kavali,Rear End Collision,Lorry hit     Lorry,Lorry,Non injury,Over speed,Four lanes or more with central divider,Straight road,,Fine,AP16TB    9339,YES,Animals affected,0
14.04.2013,3:53 PM,1207,RHS,Rural,Reningavaram,Rear End Collision, Bike hit ASRTC Bus,Bike,Fatal,Over speed,Four lanes or more with central divider,Sharp curve,,Fine,AP27AH  2663,YES,Fatal,1
14.04.2013,3:53 PM,1207,RHS,Rural,Reningavaram,Rear End Collision, Bike hit ASRTC Bus,Bike,Fatal,Over speed,Four lanes or more with central divider,Sharp curve,,Fine,AP27AH  2663,YES,Grevious,0
14.04.2013,3:53 PM,1207,RHS,Rural,Reningavaram,Rear End Collision, Bike hit ASRTC Bus,Bike,Fatal,Over speed,Four lanes or more with central divider,Sharp curve,,Fine,AP27AH  2663,YES,Minor,0
14.04.2013,3:53 PM,1207,RHS,Rural,Reningavaram,Rear End Collision, Bike hit ASRTC Bus,Bike,Fatal,Over speed,Four lanes or more with central divider,Sharp curve,,Fine,AP27AH  2663,YES,Non injured ,37
14.04.2013,3:53 PM,1207,RHS,Rural,Reningavaram,Rear End Collision, Bike hit ASRTC Bus,Bike,Fatal,Over speed,Four lanes or more with central divider,Sharp curve,,Fine,AP27AH  2663,YES,Animals affected,0
14.04.2013,8:06 PM,1254.8,LHS,Rural,Ongole,Others(p1.Specific), Car Fell-down Road outside,Car,Grievious injury,Fault of driver of motor vehicle/driver of other vehicle/cyclist/pedestrian/passenger,Four lanes or more with central divider,Straight road,,Fine,JH05AQ 2666,YES,Fatal,0
14.04.2013,8:06 PM,1254.8,LHS,Rural,Ongole,Others(p1.Specific), Car Fell-down Road outside,Car,Grievious injury,Fault of driver of motor vehicle/driver of other vehicle/cyclist/pedestrian/passenger,Four lanes or more with central divider,Straight road,,Fine,JH05AQ 2666,YES,Grevious,1
14.04.2013,8:06 PM,1254.8,LHS,Rural,Ongole,Others(p1.Specific), Car Fell-down Road outside,Car,Grievious injury,Fault of driver of motor vehicle/driver of other vehicle/cyclist/pedestrian/passenger,Four lanes or more with central divider,Straight road,,Fine,JH05AQ 2666,YES,Minor,4
14.04.2013,8:06 PM,1254.8,LHS,Rural,Ongole,Others(p1.Specific), Car Fell-down Road outside,Car,Grievious injury,Fault of driver of motor vehicle/driver of other vehicle/cyclist/pedestrian/passenger,Four lanes or more with central divider,Straight road,,Fine,JH05AQ 2666,YES,Non injured ,0
14.04.2013,8:06 PM,1254.8,LHS,Rural,Ongole,Others(p1.Specific), Car Fell-down Road outside,Car,Grievious injury,Fault of driver of motor vehicle/driver of other vehicle/cyclist/pedestrian/passenger,Four lanes or more with central divider,Straight road,,Fine,JH05AQ 2666,YES,Animals affected,
15.04.2013,5:00 AM,1204.2,RHS,Rural,Reningavaram,Collision Brush/Side Wipe,Lorry hit Median     ,Lorry,Non injury,Fault of driver of motor vehicle/driver of other vehicle/cyclist/pedestrian/passenger,Four lanes or more with central divider,Straight road,,Fine,AP16TV    2079,YES,Fatal,0
15.04.2013,5:00 AM,1204.2,RHS,Rural,Reningavaram,Collision Brush/Side Wipe,Lorry hit Median     ,Lorry,Non injury,Fault of driver of motor vehicle/driver of other vehicle/cyclist/pedestrian/passenger,Four lanes or more with central divider,Straight road,,Fine,AP16TV    2079,YES,Grevious,0
15.04.2013,5:00 AM,1204.2,RHS,Rural,Reningavaram,Collision Brush/Side Wipe,Lorry hit Median     ,Lorry,Non injury,Fault of driver of motor vehicle/driver of other vehicle/cyclist/pedestrian/passenger,Four lanes or more with central divider,Straight road,,Fine,AP16TV    2079,YES,Minor,0
15.04.2013,5:00 AM,1204.2,RHS,Rural,Reningavaram,Collision Brush/Side Wipe,Lorry hit Median     ,Lorry,Non injury,Fault of driver of motor vehicle/driver of other vehicle/cyclist/pedestrian/passenger,Four lanes or more with central divider,Straight road,,Fine,AP16TV    2079,YES,Non injured ,1
15.04.2013,5:00 AM,1204.2,RHS,Rural,Reningavaram,Collision Brush/Side Wipe,Lorry hit Median     ,Lorry,Non injury,Fault of driver of motor vehicle/driver of other vehicle/cyclist/pedestrian/passenger,Four lanes or more with central divider,Straight road,,Fine,AP16TV    2079,YES,Animals affected,0
15.04.2013,5:30 AM,1213,LHS,Rural,Medarametla,Rear End Collision,Lorry hit    Lorry,Lorry,Minor injury,Fault of driver of motor vehicle/driver of other vehicle/cyclist/pedestrian/passenger,Four lanes or more with central divider,Straight road,,Fine,AP05V    6470,YES,Fatal,0
15.04.2013,5:30 AM,1213,LHS,Rural,Medarametla,Rear End Collision,Lorry hit    Lorry,Lorry,Minor injury,Fault of driver of motor vehicle/driver of other vehicle/cyclist/pedestrian/passenger,Four lanes or more with central divider,Straight road,,Fine,AP05V    6470,YES,Grevious,0
15.04.2013,5:30 AM,1213,LHS,Rural,Medarametla,Rear End Collision,Lorry hit    Lorry,Lorry,Minor injury,Fault of driver of motor vehicle/driver of other vehicle/cyclist/pedestrian/passenger,Four lanes or more with central divider,Straight road,,Fine,AP05V    6470,YES,Minor,1
15.04.2013,5:30 AM,1213,LHS,Rural,Medarametla,Rear End Collision,Lorry hit    Lorry,Lorry,Minor injury,Fault of driver of motor vehicle/driver of other vehicle/cyclist/pedestrian/passenger,Four lanes or more with central divider,Straight road,,Fine,AP05V    6470,YES,Non injured ,2
15.04.2013,5:30 AM,1213,LHS,Rural,Medarametla,Rear End Collision,Lorry hit    Lorry,Lorry,Minor injury,Fault of driver of motor vehicle/driver of other vehicle/cyclist/pedestrian/passenger,Four lanes or more with central divider,Straight road,,Fine,AP05V    6470,YES,Animals affected,0
15.04.2013,8:30 AM,1267.3,RHS,Rural,Tangutur,Rear End Collision,Lorry hit    Lorry,Lorry,Minor injury,Over speed,Four lanes or more with central divider,Flat road,,Fine,HR55M      6246,YES,Fatal,0
15.04.2013,8:30 AM,1267.3,RHS,Rural,Tangutur,Rear End Collision,Lorry hit    Lorry,Lorry,Minor injury,Over speed,Four lanes or more with central divider,Flat road,,Fine,HR55M      6246,YES,Grevious,0
15.04.2013,8:30 AM,1267.3,RHS,Rural,Tangutur,Rear End Collision,Lorry hit    Lorry,Lorry,Minor injury,Over speed,Four lanes or more with central divider,Flat road,,Fine,HR55M      6246,YES,Minor,1
15.04.2013,8:30 AM,1267.3,RHS,Rural,Tangutur,Rear End Collision,Lorry hit    Lorry,Lorry,Minor injury,Over speed,Four lanes or more with central divider,Flat road,,Fine,HR55M      6246,YES,Non injured ,3
15.04.2013,8:30 AM,1267.3,RHS,Rural,Tangutur,Rear End Collision,Lorry hit    Lorry,Lorry,Minor injury,Over speed,Four lanes or more with central divider,Flat road,,Fine,HR55M      6246,YES,Animals affected,0
15.04.2013,2:10 PM,1275.2,RHS,Rural,Singarayakonda,Collision Brush/Side Wipe,Tata Ace Auto hit Median     ,Tata Ace,Minor injury,Over speed,Four lanes or more with central divider,Straight road,,Fine,AP16TA    8993,YES,Fatal,0
15.04.2013,2:10 PM,1275.2,RHS,Rural,Singarayakonda,Collision Brush/Side Wipe,Tata Ace Auto hit Median     ,Tata Ace,Minor injury,Over speed,Four lanes or more with central divider,Straight road,,Fine,AP16TA    8993,YES,Grevious,0
15.04.2013,2:10 PM,1275.2,RHS,Rural,Singarayakonda,Collision Brush/Side Wipe,Tata Ace Auto hit Median     ,Tata Ace,Minor injury,Over speed,Four lanes or more with central divider,Straight road,,Fine,AP16TA    8993,YES,Minor,1
15.04.2013,2:10 PM,1275.2,RHS,Rural,Singarayakonda,Collision Brush/Side Wipe,Tata Ace Auto hit Median     ,Tata Ace,Minor injury,Over speed,Four lanes or more with central divider,Straight road,,Fine,AP16TA    8993,YES,Non injured ,0
15.04.2013,2:10 PM,1275.2,RHS,Rural,Singarayakonda,Collision Brush/Side Wipe,Tata Ace Auto hit Median     ,Tata Ace,Minor injury,Over speed,Four lanes or more with central divider,Straight road,,Fine,AP16TA    8993,YES,Animals affected,0
16.04.2013,6:10 AM,1254.3,LHS,Rural,Ongole,Overturning,Ape Auto   Overturned,Auto,Grievious injury,Over speed,Four lanes or more with central divider,Straight road,,Fine,AP27W   2875,YES,Fatal,0
16.04.2013,6:10 AM,1254.3,LHS,Rural,Ongole,Overturning,Ape Auto   Overturned,Auto,Grievious injury,Over speed,Four lanes or more with central divider,Straight road,,Fine,AP27W   2875,YES,Grevious,1
16.04.2013,6:10 AM,1254.3,LHS,Rural,Ongole,Overturning,Ape Auto   Overturned,Auto,Grievious injury,Over speed,Four lanes or more with central divider,Straight road,,Fine,AP27W   2875,YES,Minor,0
16.04.2013,6:10 AM,1254.3,LHS,Rural,Ongole,Overturning,Ape Auto   Overturned,Auto,Grievious injury,Over speed,Four lanes or more with central divider,Straight road,,Fine,AP27W   2875,YES,Non injured ,0
16.04.2013,6:10 AM,1254.3,LHS,Rural,Ongole,Overturning,Ape Auto   Overturned,Auto,Grievious injury,Over speed,Four lanes or more with central divider,Straight road,,Fine,AP27W   2875,YES,Animals affected,0
16.04.2013,2:30 PM,1246.6,LHS,Urban,Ongole,Others(p1.Specific), Unknown Vehicle hit Buffalo,Unknown,Non injury,Over speed,Four lanes or more with central divider,Straight road,,Fine,Unknown Vehicle,YES,Fatal,0
16.04.2013,2:30 PM,1246.6,LHS,Urban,Ongole,Others(p1.Specific), Unknown Vehicle hit Buffalo,Unknown,Non injury,Over speed,Four lanes or more with central divider,Straight road,,Fine,Unknown Vehicle,YES,Grevious,0
16.04.2013,2:30 PM,1246.6,LHS,Urban,Ongole,Others(p1.Specific), Unknown Vehicle hit Buffalo,Unknown,Non injury,Over speed,Four lanes or more with central divider,Straight road,,Fine,Unknown Vehicle,YES,Minor,0
16.04.2013,2:30 PM,1246.6,LHS,Urban,Ongole,Others(p1.Specific), Unknown Vehicle hit Buffalo,Unknown,Non injury,Over speed,Four lanes or more with central divider,Straight road,,Fine,Unknown Vehicle,YES,Non injured ,0
16.04.2013,2:30 PM,1246.6,LHS,Urban,Ongole,Others(p1.Specific), Unknown Vehicle hit Buffalo,Unknown,Non injury,Over speed,Four lanes or more with central divider,Straight road,,Fine,Unknown Vehicle,YES,Animals affected,1
17.04.2013,10:20 AM,1301.8,LHS,Rural,Gudluru,Collision Brush/Side Wipe,Lorry hit    Median,Lorry,Non injury,Over speed,Four lanes or more with central divider,Straight road,,Fine,AP20TB    6853,YES,Fatal,0
17.04.2013,10:20 AM,1301.8,LHS,Rural,Gudluru,Collision Brush/Side Wipe,Lorry hit    Median,Lorry,Non injury,Over speed,Four lanes or more with central divider,Straight road,,Fine,AP20TB    6853,YES,Grevious,0
17.04.2013,10:20 AM,1301.8,LHS,Rural,Gudluru,Collision Brush/Side Wipe,Lorry hit    Median,Lorry,Non injury,Over speed,Four lanes or more with central divider,Straight road,,Fine,AP20TB    6853,YES,Minor,0
17.04.2013,10:20 AM,1301.8,LHS,Rural,Gudluru,Collision Brush/Side Wipe,Lorry hit    Median,Lorry,Non injury,Over speed,Four lanes or more with central divider,Straight road,,Fine,AP20TB    6853,YES,Non injured ,2
17.04.2013,10:20 AM,1301.8,LHS,Rural,Gudluru,Collision Brush/Side Wipe,Lorry hit    Median,Lorry,Non injury,Over speed,Four lanes or more with central divider,Straight road,,Fine,AP20TB    6853,YES,Animals affected,0
17.04.2013,11:20 AM,1349.6,RHS,Rural,Dagadarthi,Overturning,Tractor   Overturned,Tractor,Non injury,Over speed,Four lanes or more with central divider,Straight road,,Fine,AP27AF    5409,YES,Fatal,0
17.04.2013,11:20 AM,1349.6,RHS,Rural,Dagadarthi,Overturning,Tractor   Overturned,Tractor,Non injury,Over speed,Four lanes or more with central divider,Straight road,,Fine,AP27AF    5409,YES,Grevious,0
17.04.2013,11:20 AM,1349.6,RHS,Rural,Dagadarthi,Overturning,Tractor   Overturned,Tractor,Non injury,Over speed,Four lanes or more with central divider,Straight road,,Fine,AP27AF    5409,YES,Minor,0
17.04.2013,11:20 AM,1349.6,RHS,Rural,Dagadarthi,Overturning,Tractor   Overturned,Tractor,Non injury,Over speed,Four lanes or more with central divider,Straight road,,Fine,AP27AF    5409,YES,Non injured ,4
17.04.2013,11:20 AM,1349.6,RHS,Rural,Dagadarthi,Overturning,Tractor   Overturned,Tractor,Non injury,Over speed,Four lanes or more with central divider,Straight road,,Fine,AP27AF    5409,YES,Animals affected,0
17.04.2013,9:20 PM,1260.1,LHS,Rural,Tangutur,Rear End Collision,Tata Magic Auto hit Bike,Tata,Minor injury,Over speed,Four lanes or more with central divider,Straight road,,Fine,AP29W  0244,YES,Fatal,0
17.04.2013,9:20 PM,1260.1,LHS,Rural,Tangutur,Rear End Collision,Tata Magic Auto hit Bike,Tata,Minor injury,Over speed,Four lanes or more with central divider,Straight road,,Fine,AP29W  0244,YES,Grevious,0
17.04.2013,9:20 PM,1260.1,LHS,Rural,Tangutur,Rear End Collision,Tata Magic Auto hit Bike,Tata,Minor injury,Over speed,Four lanes or more with central divider,Straight road,,Fine,AP29W  0244,YES,Minor,1
17.04.2013,9:20 PM,1260.1,LHS,Rural,Tangutur,Rear End Collision,Tata Magic Auto hit Bike,Tata,Minor injury,Over speed,Four lanes or more with central divider,Straight road,,Fine,AP29W  0244,YES,Non injured ,6
17.04.2013,9:20 PM,1260.1,LHS,Rural,Tangutur,Rear End Collision,Tata Magic Auto hit Bike,Tata,Minor injury,Over speed,Four lanes or more with central divider,Straight road,,Fine,AP29W  0244,YES,Animals affected,0
18.04.2013,1:40 AM,1298,LHS,Rural,Gudluru,Rear End Collision,Lorry hit Tipper and RTC Bus,Lorry,Grievious injury,Over speed,Four lanes or more with central divider,Straight road,,Fine,AP24TV    1118,YES,Fatal,0
18.04.2013,1:40 AM,1298,LHS,Rural,Gudluru,Rear End Collision,Lorry hit Tipper and RTC Bus,Lorry,Grievious injury,Over speed,Four lanes or more with central divider,Straight road,,Fine,AP24TV    1118,YES,Grevious,1
18.04.2013,1:40 AM,1298,LHS,Rural,Gudluru,Rear End Collision,Lorry hit Tipper and RTC Bus,Lorry,Grievious injury,Over speed,Four lanes or more with central divider,Straight road,,Fine,AP24TV    1118,YES,Minor,6
18.04.2013,1:40 AM,1298,LHS,Rural,Gudluru,Rear End Collision,Lorry hit Tipper and RTC Bus,Lorry,Grievious injury,Over speed,Four lanes or more with central divider,Straight road,,Fine,AP24TV    1118,YES,Non injured ,20
18.04.2013,1:40 AM,1298,LHS,Rural,Gudluru,Rear End Collision,Lorry hit Tipper and RTC Bus,Lorry,Grievious injury,Over speed,Four lanes or more with central divider,Straight road,,Fine,AP24TV    1118,YES,Animals affected,0
18.04.2013,3:20 AM,1202.1,RHS,Rural,Reningavaram,Rear End Collision,Car hit Mini Lorry ,Car,Minor injury,Over speed,Four lanes or more with central divider,Straight road,,Fine,AP28AZ   7776,YES,Fatal,0
18.04.2013,3:20 AM,1202.1,RHS,Rural,Reningavaram,Rear End Collision,Car hit Mini Lorry ,Car,Minor injury,Over speed,Four lanes or more with central divider,Straight road,,Fine,AP28AZ   7776,YES,Grevious,0
18.04.2013,3:20 AM,1202.1,RHS,Rural,Reningavaram,Rear End Collision,Car hit Mini Lorry ,Car,Minor injury,Over speed,Four lanes or more with central divider,Straight road,,Fine,AP28AZ   7776,YES,Minor,2
18.04.2013,3:20 AM,1202.1,RHS,Rural,Reningavaram,Rear End Collision,Car hit Mini Lorry ,Car,Minor injury,Over speed,Four lanes or more with central divider,Straight road,,Fine,AP28AZ   7776,YES,Non injured ,2
18.04.2013,3:20 AM,1202.1,RHS,Rural,Reningavaram,Rear End Collision,Car hit Mini Lorry ,Car,Minor injury,Over speed,Four lanes or more with central divider,Straight road,,Fine,AP28AZ   7776,YES,Animals affected,0
18.04.2013,4:25 AM,1192.2,LHS,Rural,Martur,Rear End Collision,Mini Lorry hit  Lorry,Lorry,Non injury,Over speed,Four lanes or more with central divider,Straight road,,Fine,AP16TX   8595,YES,Fatal,0
18.04.2013,4:25 AM,1192.2,LHS,Rural,Martur,Rear End Collision,Mini Lorry hit  Lorry,Lorry,Non injury,Over speed,Four lanes or more with central divider,Straight road,,Fine,AP16TX   8595,YES,Grevious,0
18.04.2013,4:25 AM,1192.2,LHS,Rural,Martur,Rear End Collision,Mini Lorry hit  Lorry,Lorry,Non injury,Over speed,Four lanes or more with central divider,Straight road,,Fine,AP16TX   8595,YES,Minor,0
18.04.2013,4:25 AM,1192.2,LHS,Rural,Martur,Rear End Collision,Mini Lorry hit  Lorry,Lorry,Non injury,Over speed,Four lanes or more with central divider,Straight road,,Fine,AP16TX   8595,YES,Non injured ,3
18.04.2013,4:25 AM,1192.2,LHS,Rural,Martur,Rear End Collision,Mini Lorry hit  Lorry,Lorry,Non injury,Over speed,Four lanes or more with central divider,Straight road,,Fine,AP16TX   8595,YES,Animals affected,0
18.04.2013,7:25 AM,1227.9,RHS,Rural,Maddipadu,Collision Brush/Side Wipe,Mini Lorry hit culvert wall,Lorry,Non injury,Over speed,Four lanes or more with central divider,Straight road,,Fine,AP26X     3781,YES,Fatal,0
18.04.2013,7:25 AM,1227.9,RHS,Rural,Maddipadu,Collision Brush/Side Wipe,Mini Lorry hit culvert wall,Lorry,Non injury,Over speed,Four lanes or more with central divider,Straight road,,Fine,AP26X     3781,YES,Grevious,0
18.04.2013,7:25 AM,1227.9,RHS,Rural,Maddipadu,Collision Brush/Side Wipe,Mini Lorry hit culvert wall,Lorry,Non injury,Over speed,Four lanes or more with central divider,Straight road,,Fine,AP26X     3781,YES,Minor,0
18.04.2013,7:25 AM,1227.9,RHS,Rural,Maddipadu,Collision Brush/Side Wipe,Mini Lorry hit culvert wall,Lorry,Non injury,Over speed,Four lanes or more with central divider,Straight road,,Fine,AP26X     3781,YES,Non injured ,2
18.04.2013,7:25 AM,1227.9,RHS,Rural,Maddipadu,Collision Brush/Side Wipe,Mini Lorry hit culvert wall,Lorry,Non injury,Over speed,Four lanes or more with central divider,Straight road,,Fine,AP26X     3781,YES,Animals affected,0
18.04.2013,1:47 PM,1225.5,LHS,Rural,Maddipadu,Rear End Collision, Lorry hit Lorry,Lorry,Minor injury,Over speed,Four lanes or more with central divider,Straight road,,Fine,AP16TB 6721,YES,Fatal,0
18.04.2013,1:47 PM,1225.5,LHS,Rural,Maddipadu,Rear End Collision, Lorry hit Lorry,Lorry,Minor injury,Over speed,Four lanes or more with central divider,Straight road,,Fine,AP16TB 6721,YES,Grevious,0
18.04.2013,1:47 PM,1225.5,LHS,Rural,Maddipadu,Rear End Collision, Lorry hit Lorry,Lorry,Minor injury,Over speed,Four lanes or more with central divider,Straight road,,Fine,AP16TB 6721,YES,Minor,1
18.04.2013,1:47 PM,1225.5,LHS,Rural,Maddipadu,Rear End Collision, Lorry hit Lorry,Lorry,Minor injury,Over speed,Four lanes or more with central divider,Straight road,,Fine,AP16TB 6721,YES,Non injured ,3
18.04.2013,1:47 PM,1225.5,LHS,Rural,Maddipadu,Rear End Collision, Lorry hit Lorry,Lorry,Minor injury,Over speed,Four lanes or more with central divider,Straight road,,Fine,AP16TB 6721,YES,Animals affected,0
18.04.2013,11:45 PM,1344.7,RHS,Rural,Dagadarthi,Rear End Collision, Lorry hit Lorry,Lorry,Grievious injury,Over speed,Four lanes or more with central divider,Straight road,,Fine,AP16TV 6166,YES,Fatal,0
18.04.2013,11:45 PM,1344.7,RHS,Rural,Dagadarthi,Rear End Collision, Lorry hit Lorry,Lorry,Grievious injury,Over speed,Four lanes or more with central divider,Straight road,,Fine,AP16TV 6166,YES,Grevious,1
18.04.2013,11:45 PM,1344.7,RHS,Rural,Dagadarthi,Rear End Collision, Lorry hit Lorry,Lorry,Grievious injury,Over speed,Four lanes or more with central divider,Straight road,,Fine,AP16TV 6166,YES,Minor,1
18.04.2013,11:45 PM,1344.7,RHS,Rural,Dagadarthi,Rear End Collision, Lorry hit Lorry,Lorry,Grievious injury,Over speed,Four lanes or more with central divider,Straight road,,Fine,AP16TV 6166,YES,Non injured ,0
18.04.2013,11:45 PM,1344.7,RHS,Rural,Dagadarthi,Rear End Collision, Lorry hit Lorry,Lorry,Grievious injury,Over speed,Four lanes or more with central divider,Straight road,,Fine,AP16TV 6166,YES,Animals affected,0
19.04.2013,12:25 AM,1344.5,RHS,Rural,Dagadarthi,Rear End Collision, Lorry hit Crane,Lorry,Non injury,Over speed,Four lanes or more with central divider,Straight road,,Fine,TN31AD 9050,YES,Fatal,0
19.04.2013,12:25 AM,1344.5,RHS,Rural,Dagadarthi,Rear End Collision, Lorry hit Crane,Lorry,Non injury,Over speed,Four lanes or more with central divider,Straight road,,Fine,TN31AD 9050,YES,Grevious,0
19.04.2013,12:25 AM,1344.5,RHS,Rural,Dagadarthi,Rear End Collision, Lorry hit Crane,Lorry,Non injury,Over speed,Four lanes or more with central divider,Straight road,,Fine,TN31AD 9050,YES,Minor,0
19.04.2013,12:25 AM,1344.5,RHS,Rural,Dagadarthi,Rear End Collision, Lorry hit Crane,Lorry,Non injury,Over speed,Four lanes or more with central divider,Straight road,,Fine,TN31AD 9050,YES,Non injured ,2
19.04.2013,12:25 AM,1344.5,RHS,Rural,Dagadarthi,Rear End Collision, Lorry hit Crane,Lorry,Non injury,Over speed,Four lanes or more with central divider,Straight road,,Fine,TN31AD 9050,YES,Animals affected,0
19.04.2013,6:00 AM,1267.3,RHS,Rural,Tangutur,Rear End Collision, Car hit Unknown Vehicle,Car,Non injury,Fault of driver of motor vehicle/driver of other vehicle/cyclist/pedestrian/passenger,Three lanes or more without central divider(median),Slight curve,Y-Junction,Fine,AP26P  8839,YES,Fatal,0
19.04.2013,6:00 AM,1267.3,RHS,Rural,Tangutur,Rear End Collision, Car hit Unknown Vehicle,Car,Non injury,Fault of driver of motor vehicle/driver of other vehicle/cyclist/pedestrian/passenger,Three lanes or more without central divider(median),Slight curve,Y-Junction,Fine,AP26P  8839,YES,Grevious,0
19.04.2013,6:00 AM,1267.3,RHS,Rural,Tangutur,Rear End Collision, Car hit Unknown Vehicle,Car,Non injury,Fault of driver of motor vehicle/driver of other vehicle/cyclist/pedestrian/passenger,Three lanes or more without central divider(median),Slight curve,Y-Junction,Fine,AP26P  8839,YES,Minor,0
19.04.2013,6:00 AM,1267.3,RHS,Rural,Tangutur,Rear End Collision, Car hit Unknown Vehicle,Car,Non injury,Fault of driver of motor vehicle/driver of other vehicle/cyclist/pedestrian/passenger,Three lanes or more without central divider(median),Slight curve,Y-Junction,Fine,AP26P  8839,YES,Non injured ,3
19.04.2013,6:00 AM,1267.3,RHS,Rural,Tangutur,Rear End Collision, Car hit Unknown Vehicle,Car,Non injury,Fault of driver of motor vehicle/driver of other vehicle/cyclist/pedestrian/passenger,Three lanes or more without central divider(median),Slight curve,Y-Junction,Fine,AP26P  8839,YES,Animals affected,0
19.04.2013,7:20 AM,1321.1,LHS,Rural,Kavali,Overturning, Car Over Turned,Car,Non injury,Fault of driver of motor vehicle/driver of other vehicle/cyclist/pedestrian/passenger,Four lanes or more with central divider,Straight road,,Fine,AP26AP 1799,YES,Fatal,0
19.04.2013,7:20 AM,1321.1,LHS,Rural,Kavali,Overturning, Car Over Turned,Car,Non injury,Fault of driver of motor vehicle/driver of other vehicle/cyclist/pedestrian/passenger,Four lanes or more with central divider,Straight road,,Fine,AP26AP 1799,YES,Grevious,0
19.04.2013,7:20 AM,1321.1,LHS,Rural,Kavali,Overturning, Car Over Turned,Car,Non injury,Fault of driver of motor vehicle/driver of other vehicle/cyclist/pedestrian/passenger,Four lanes or more with central divider,Straight road,,Fine,AP26AP 1799,YES,Minor,0
19.04.2013,7:20 AM,1321.1,LHS,Rural,Kavali,Overturning, Car Over Turned,Car,Non injury,Fault of driver of motor vehicle/driver of other vehicle/cyclist/pedestrian/passenger,Four lanes or more with central divider,Straight road,,Fine,AP26AP 1799,YES,Non injured ,2
19.04.2013,7:20 AM,1321.1,LHS,Rural,Kavali,Overturning, Car Over Turned,Car,Non injury,Fault of driver of motor vehicle/driver of other vehicle/cyclist/pedestrian/passenger,Four lanes or more with central divider,Straight road,,Fine,AP26AP 1799,YES,Animals affected,0
19.04.2013,7:30 AM,1234,LHS,Rural,Maddipadu,Overturning, Tipper Lorry Over Turned,Lorry,Minor injury,Fault of driver of motor vehicle/driver of other vehicle/cyclist/pedestrian/passenger,Four lanes or more with central divider,Straight road,,Fine,AP27TT  0167,YES,Fatal,0
19.04.2013,7:30 AM,1234,LHS,Rural,Maddipadu,Overturning, Tipper Lorry Over Turned,Lorry,Minor injury,Fault of driver of motor vehicle/driver of other vehicle/cyclist/pedestrian/passenger,Four lanes or more with central divider,Straight road,,Fine,AP27TT  0167,YES,Grevious,0
19.04.2013,7:30 AM,1234,LHS,Rural,Maddipadu,Overturning, Tipper Lorry Over Turned,Lorry,Minor injury,Fault of driver of motor vehicle/driver of other vehicle/cyclist/pedestrian/passenger,Four lanes or more with central divider,Straight road,,Fine,AP27TT  0167,YES,Minor,1
19.04.2013,7:30 AM,1234,LHS,Rural,Maddipadu,Overturning, Tipper Lorry Over Turned,Lorry,Minor injury,Fault of driver of motor vehicle/driver of other vehicle/cyclist/pedestrian/passenger,Four lanes or more with central divider,Straight road,,Fine,AP27TT  0167,YES,Non injured ,0
19.04.2013,7:30 AM,1234,LHS,Rural,Maddipadu,Overturning, Tipper Lorry Over Turned,Lorry,Minor injury,Fault of driver of motor vehicle/driver of other vehicle/cyclist/pedestrian/passenger,Four lanes or more with central divider,Straight road,,Fine,AP27TT  0167,YES,Animals affected,0
19.04.2013,2:29 PM,1280.9,RHS,Rural,Singarayakonda,Rear End Collision, Car hit Lorry,Car,Fatal,Over speed,Four lanes or more with central divider,Straight road,,Fine,KA03ML 8595,YES,Fatal,1
19.04.2013,2:29 PM,1280.9,RHS,Rural,Singarayakonda,Rear End Collision, Car hit Lorry,Car,Fatal,Over speed,Four lanes or more with central divider,Straight road,,Fine,KA03ML 8595,YES,Grevious,4
19.04.2013,2:29 PM,1280.9,RHS,Rural,Singarayakonda,Rear End Collision, Car hit Lorry,Car,Fatal,Over speed,Four lanes or more with central divider,Straight road,,Fine,KA03ML 8595,YES,Minor,0