Operational date,Time of Accident,KM && M,Position,Rural/Urban,Location,Nature of Accident Position,Nature of Accident,Vehicle Involved,Type of Accident,Causes,Road Feature,Road condition,Intersection Type And Control,Weather Condition,Vehicle Responsible,Help Provided by Ambulance/Patroling Vehicle,Classification of Accident,No of Affected Persons
19.04.2013,2:29 PM,1280.9,RHS,Rural,Singarayakonda,Rear End Collision, Car hit Lorry,Car,Fatal,Over speed,Four lanes or more with central divider,Straight road,,Fine,KA03ML 8595,YES,Non injured ,2
19.04.2013,2:29 PM,1280.9,RHS,Rural,Singarayakonda,Rear End Collision, Car hit Lorry,Car,Fatal,Over speed,Four lanes or more with central divider,Straight road,,Fine,KA03ML 8595,YES,Animals affected,0
19.04.2013,10:30 PM,1241.6,LHS,Rural,Ongole,Rear End Collision, Car hit Unknown Vehicle,Car,Non injury,Over speed,Four lanes or more with central divider,Straight road,,Fine,AP03AY    1000,YES,Fatal,0
19.04.2013,10:30 PM,1241.6,LHS,Rural,Ongole,Rear End Collision, Car hit Unknown Vehicle,Car,Non injury,Over speed,Four lanes or more with central divider,Straight road,,Fine,AP03AY    1000,YES,Grevious,0
19.04.2013,10:30 PM,1241.6,LHS,Rural,Ongole,Rear End Collision, Car hit Unknown Vehicle,Car,Non injury,Over speed,Four lanes or more with central divider,Straight road,,Fine,AP03AY    1000,YES,Minor,0
19.04.2013,10:30 PM,1241.6,LHS,Rural,Ongole,Rear End Collision, Car hit Unknown Vehicle,Car,Non injury,Over speed,Four lanes or more with central divider,Straight road,,Fine,AP03AY    1000,YES,Non injured ,3
19.04.2013,10:30 PM,1241.6,LHS,Rural,Ongole,Rear End Collision, Car hit Unknown Vehicle,Car,Non injury,Over speed,Four lanes or more with central divider,Straight road,,Fine,AP03AY    1000,YES,Animals affected,0
20.04.2013,2:00 AM,1222.8,RHS,Rural,Medarametla,Rear End Collision, Lorry hit Unknown Vehicle,Lorry,Grievious injury,Fault of driver of motor vehicle/driver of other vehicle/cyclist/pedestrian/passenger,Four lanes or more with central divider,Slight curve,,Fine,KA56    0528,YES,Fatal,0
20.04.2013,2:00 AM,1222.8,RHS,Rural,Medarametla,Rear End Collision, Lorry hit Unknown Vehicle,Lorry,Grievious injury,Fault of driver of motor vehicle/driver of other vehicle/cyclist/pedestrian/passenger,Four lanes or more with central divider,Slight curve,,Fine,KA56    0528,YES,Grevious,1
20.04.2013,2:00 AM,1222.8,RHS,Rural,Medarametla,Rear End Collision, Lorry hit Unknown Vehicle,Lorry,Grievious injury,Fault of driver of motor vehicle/driver of other vehicle/cyclist/pedestrian/passenger,Four lanes or more with central divider,Slight curve,,Fine,KA56    0528,YES,Minor,0
20.04.2013,2:00 AM,1222.8,RHS,Rural,Medarametla,Rear End Collision, Lorry hit Unknown Vehicle,Lorry,Grievious injury,Fault of driver of motor vehicle/driver of other vehicle/cyclist/pedestrian/passenger,Four lanes or more with central divider,Slight curve,,Fine,KA56    0528,YES,Non injured ,1
20.04.2013,2:00 AM,1222.8,RHS,Rural,Medarametla,Rear End Collision, Lorry hit Unknown Vehicle,Lorry,Grievious injury,Fault of driver of motor vehicle/driver of other vehicle/cyclist/pedestrian/passenger,Four lanes or more with central divider,Slight curve,,Fine,KA56    0528,YES,Animals affected,0
20.04.2013,4:20 AM,1239.1,LHS,Rural,Maddipadu,Rear End Collision, Lorry hit Lorry,Lorry,Non injury,Fault of driver of motor vehicle/driver of other vehicle/cyclist/pedestrian/passenger,Four lanes or more with central divider,Straight road,,Fine,TN30U    4667,YES,Fatal,0
20.04.2013,4:20 AM,1239.1,LHS,Rural,Maddipadu,Rear End Collision, Lorry hit Lorry,Lorry,Non injury,Fault of driver of motor vehicle/driver of other vehicle/cyclist/pedestrian/passenger,Four lanes or more with central divider,Straight road,,Fine,TN30U    4667,YES,Grevious,0
20.04.2013,4:20 AM,1239.1,LHS,Rural,Maddipadu,Rear End Collision, Lorry hit Lorry,Lorry,Non injury,Fault of driver of motor vehicle/driver of other vehicle/cyclist/pedestrian/passenger,Four lanes or more with central divider,Straight road,,Fine,TN30U    4667,YES,Minor,0
20.04.2013,4:20 AM,1239.1,LHS,Rural,Maddipadu,Rear End Collision, Lorry hit Lorry,Lorry,Non injury,Fault of driver of motor vehicle/driver of other vehicle/cyclist/pedestrian/passenger,Four lanes or more with central divider,Straight road,,Fine,TN30U    4667,YES,Non injured ,4
20.04.2013,4:20 AM,1239.1,LHS,Rural,Maddipadu,Rear End Collision, Lorry hit Lorry,Lorry,Non injury,Fault of driver of motor vehicle/driver of other vehicle/cyclist/pedestrian/passenger,Four lanes or more with central divider,Straight road,,Fine,TN30U    4667,YES,Animals affected,0
20.04.2013,12:53 PM,1238.6,LHS,Rural,Maddipadu,Collision Brush/Side Wipe,RTC Bus   hit  Tobacco Godown,Bus,Fatal,Fault of driver of motor vehicle/driver of other vehicle/cyclist/pedestrian/passenger,Four lanes or more with central divider,Straight road,,Fine,AP16Z    0152,YES,Fatal,1
20.04.2013,12:53 PM,1238.6,LHS,Rural,Maddipadu,Collision Brush/Side Wipe,RTC Bus   hit  Tobacco Godown,Bus,Fatal,Fault of driver of motor vehicle/driver of other vehicle/cyclist/pedestrian/passenger,Four lanes or more with central divider,Straight road,,Fine,AP16Z    0152,YES,Grevious,0
20.04.2013,12:53 PM,1238.6,LHS,Rural,Maddipadu,Collision Brush/Side Wipe,RTC Bus   hit  Tobacco Godown,Bus,Fatal,Fault of driver of motor vehicle/driver of other vehicle/cyclist/pedestrian/passenger,Four lanes or more with central divider,Straight road,,Fine,AP16Z    0152,YES,Minor,2
20.04.2013,12:53 PM,1238.6,LHS,Rural,Maddipadu,Collision Brush/Side Wipe,RTC Bus   hit  Tobacco Godown,Bus,Fatal,Fault of driver of motor vehicle/driver of other vehicle/cyclist/pedestrian/passenger,Four lanes or more with central divider,Straight road,,Fine,AP16Z    0152,YES,Non injured ,21
20.04.2013,12:53 PM,1238.6,LHS,Rural,Maddipadu,Collision Brush/Side Wipe,RTC Bus   hit  Tobacco Godown,Bus,Fatal,Fault of driver of motor vehicle/driver of other vehicle/cyclist/pedestrian/passenger,Four lanes or more with central divider,Straight road,,Fine,AP16Z    0152,YES,Animals affected,0
21.04.2013,3:00 AM,1233.4,LHS,Rural,Maddipadu,Rear End Collision,RTC Bus  hit Mini Lorry,Bus,Minor injury,Fault of driver of motor vehicle/driver of other vehicle/cyclist/pedestrian/passenger,Four lanes or more with central divider,Straight road,,Fine,AP28Z    4264,YES,Fatal,0
21.04.2013,3:00 AM,1233.4,LHS,Rural,Maddipadu,Rear End Collision,RTC Bus  hit Mini Lorry,Bus,Minor injury,Fault of driver of motor vehicle/driver of other vehicle/cyclist/pedestrian/passenger,Four lanes or more with central divider,Straight road,,Fine,AP28Z    4264,YES,Grevious,0
21.04.2013,3:00 AM,1233.4,LHS,Rural,Maddipadu,Rear End Collision,RTC Bus  hit Mini Lorry,Bus,Minor injury,Fault of driver of motor vehicle/driver of other vehicle/cyclist/pedestrian/passenger,Four lanes or more with central divider,Straight road,,Fine,AP28Z    4264,YES,Minor,10
21.04.2013,3:00 AM,1233.4,LHS,Rural,Maddipadu,Rear End Collision,RTC Bus  hit Mini Lorry,Bus,Minor injury,Fault of driver of motor vehicle/driver of other vehicle/cyclist/pedestrian/passenger,Four lanes or more with central divider,Straight road,,Fine,AP28Z    4264,YES,Non injured ,10
21.04.2013,3:00 AM,1233.4,LHS,Rural,Maddipadu,Rear End Collision,RTC Bus  hit Mini Lorry,Bus,Minor injury,Fault of driver of motor vehicle/driver of other vehicle/cyclist/pedestrian/passenger,Four lanes or more with central divider,Straight road,,Fine,AP28Z    4264,YES,Animals affected,0
21.04.2013,3:40 PM,1298.9,LHS,Rural,Gudluru,Overturning, Lorry Over turned,Lorry,Non injury,Fault of driver of motor vehicle/driver of other vehicle/cyclist/pedestrian/passenger,Four lanes or more with central divider,Straight road,,Fine,AP27W  2295,YES,Fatal,0
21.04.2013,3:40 PM,1298.9,LHS,Rural,Gudluru,Overturning, Lorry Over turned,Lorry,Non injury,Fault of driver of motor vehicle/driver of other vehicle/cyclist/pedestrian/passenger,Four lanes or more with central divider,Straight road,,Fine,AP27W  2295,YES,Grevious,0
21.04.2013,3:40 PM,1298.9,LHS,Rural,Gudluru,Overturning, Lorry Over turned,Lorry,Non injury,Fault of driver of motor vehicle/driver of other vehicle/cyclist/pedestrian/passenger,Four lanes or more with central divider,Straight road,,Fine,AP27W  2295,YES,Minor,0
21.04.2013,3:40 PM,1298.9,LHS,Rural,Gudluru,Overturning, Lorry Over turned,Lorry,Non injury,Fault of driver of motor vehicle/driver of other vehicle/cyclist/pedestrian/passenger,Four lanes or more with central divider,Straight road,,Fine,AP27W  2295,YES,Non injured ,2
21.04.2013,3:40 PM,1298.9,LHS,Rural,Gudluru,Overturning, Lorry Over turned,Lorry,Non injury,Fault of driver of motor vehicle/driver of other vehicle/cyclist/pedestrian/passenger,Four lanes or more with central divider,Straight road,,Fine,AP27W  2295,YES,Animals affected,0
21.04.2013,4:29 PM,1259.7,LHS,Rural,Tangutur,Rear End Collision, Lorry hit Lorry,Lorry,Grievious injury,Druken,Four lanes or more with central divider,Straight road,,Fine,AP26U 2248,YES,Fatal,0
21.04.2013,4:29 PM,1259.7,LHS,Rural,Tangutur,Rear End Collision, Lorry hit Lorry,Lorry,Grievious injury,Druken,Four lanes or more with central divider,Straight road,,Fine,AP26U 2248,YES,Grevious,1
21.04.2013,4:29 PM,1259.7,LHS,Rural,Tangutur,Rear End Collision, Lorry hit Lorry,Lorry,Grievious injury,Druken,Four lanes or more with central divider,Straight road,,Fine,AP26U 2248,YES,Minor,0
21.04.2013,4:29 PM,1259.7,LHS,Rural,Tangutur,Rear End Collision, Lorry hit Lorry,Lorry,Grievious injury,Druken,Four lanes or more with central divider,Straight road,,Fine,AP26U 2248,YES,Non injured ,2
21.04.2013,4:29 PM,1259.7,LHS,Rural,Tangutur,Rear End Collision, Lorry hit Lorry,Lorry,Grievious injury,Druken,Four lanes or more with central divider,Straight road,,Fine,AP26U 2248,YES,Animals affected,0
21.04.2013,1:42 PM,1342,RHS,Rural,Dagadarthi,Rear End Collision, Unknown vehicle hit Tractor,Unknown,Non injury,Over speed,Four lanes or more with central divider,Straight road,,Fine,Unknown Vehicle,YES,Fatal,0
21.04.2013,1:42 PM,1342,RHS,Rural,Dagadarthi,Rear End Collision, Unknown vehicle hit Tractor,Unknown,Non injury,Over speed,Four lanes or more with central divider,Straight road,,Fine,Unknown Vehicle,YES,Grevious,0
21.04.2013,1:42 PM,1342,RHS,Rural,Dagadarthi,Rear End Collision, Unknown vehicle hit Tractor,Unknown,Non injury,Over speed,Four lanes or more with central divider,Straight road,,Fine,Unknown Vehicle,YES,Minor,0
21.04.2013,1:42 PM,1342,RHS,Rural,Dagadarthi,Rear End Collision, Unknown vehicle hit Tractor,Unknown,Non injury,Over speed,Four lanes or more with central divider,Straight road,,Fine,Unknown Vehicle,YES,Non injured ,5
21.04.2013,1:42 PM,1342,RHS,Rural,Dagadarthi,Rear End Collision, Unknown vehicle hit Tractor,Unknown,Non injury,Over speed,Four lanes or more with central divider,Straight road,,Fine,Unknown Vehicle,YES,Animals affected,0
21.04.2013,7:42 PM,1230.1,RHS,Rural,Maddipadu,Collision Brush/Side Wipe, Unknow hit Car ,Unknow,Non injury,Over speed,Four lanes or more with central divider,Straight road,,Fine,Unknown Vehicle,YES,Fatal,0
21.04.2013,7:42 PM,1230.1,RHS,Rural,Maddipadu,Collision Brush/Side Wipe, Unknow hit Car ,Unknow,Non injury,Over speed,Four lanes or more with central divider,Straight road,,Fine,Unknown Vehicle,YES,Grevious,0
21.04.2013,7:42 PM,1230.1,RHS,Rural,Maddipadu,Collision Brush/Side Wipe, Unknow hit Car ,Unknow,Non injury,Over speed,Four lanes or more with central divider,Straight road,,Fine,Unknown Vehicle,YES,Minor,0
21.04.2013,7:42 PM,1230.1,RHS,Rural,Maddipadu,Collision Brush/Side Wipe, Unknow hit Car ,Unknow,Non injury,Over speed,Four lanes or more with central divider,Straight road,,Fine,Unknown Vehicle,YES,Non injured ,2
21.04.2013,7:42 PM,1230.1,RHS,Rural,Maddipadu,Collision Brush/Side Wipe, Unknow hit Car ,Unknow,Non injury,Over speed,Four lanes or more with central divider,Straight road,,Fine,Unknown Vehicle,YES,Animals affected,0
22.04.2013,1:40 AM,1217.8,LHS,Rural,Medarametla,Collision Brush/Side Wipe, Lorry hit bridge wall ,Lorry,Non injury,Fault of driver of motor vehicle/driver of other vehicle/cyclist/pedestrian/passenger,Four lanes or more with central divider,Straight road,,Fine,KA01C  7517,YES,Fatal,0
22.04.2013,1:40 AM,1217.8,LHS,Rural,Medarametla,Collision Brush/Side Wipe, Lorry hit bridge wall ,Lorry,Non injury,Fault of driver of motor vehicle/driver of other vehicle/cyclist/pedestrian/passenger,Four lanes or more with central divider,Straight road,,Fine,KA01C  7517,YES,Grevious,0
22.04.2013,1:40 AM,1217.8,LHS,Rural,Medarametla,Collision Brush/Side Wipe, Lorry hit bridge wall ,Lorry,Non injury,Fault of driver of motor vehicle/driver of other vehicle/cyclist/pedestrian/passenger,Four lanes or more with central divider,Straight road,,Fine,KA01C  7517,YES,Minor,0
22.04.2013,1:40 AM,1217.8,LHS,Rural,Medarametla,Collision Brush/Side Wipe, Lorry hit bridge wall ,Lorry,Non injury,Fault of driver of motor vehicle/driver of other vehicle/cyclist/pedestrian/passenger,Four lanes or more with central divider,Straight road,,Fine,KA01C  7517,YES,Non injured ,2
22.04.2013,1:40 AM,1217.8,LHS,Rural,Medarametla,Collision Brush/Side Wipe, Lorry hit bridge wall ,Lorry,Non injury,Fault of driver of motor vehicle/driver of other vehicle/cyclist/pedestrian/passenger,Four lanes or more with central divider,Straight road,,Fine,KA01C  7517,YES,Animals affected,0
22.04.2013,7:35 AM,1308,LHS,Rural,Kavali,Rear End Collision,Lorry Hit Car,Lorry,Minor injury,Fault of driver of motor vehicle/driver of other vehicle/cyclist/pedestrian/passenger,Four lanes or more with central divider,Straight road,,Fine,AP21U    4284,YES,Fatal,0
22.04.2013,7:35 AM,1308,LHS,Rural,Kavali,Rear End Collision,Lorry Hit Car,Lorry,Minor injury,Fault of driver of motor vehicle/driver of other vehicle/cyclist/pedestrian/passenger,Four lanes or more with central divider,Straight road,,Fine,AP21U    4284,YES,Grevious,0
22.04.2013,7:35 AM,1308,LHS,Rural,Kavali,Rear End Collision,Lorry Hit Car,Lorry,Minor injury,Fault of driver of motor vehicle/driver of other vehicle/cyclist/pedestrian/passenger,Four lanes or more with central divider,Straight road,,Fine,AP21U    4284,YES,Minor,2
22.04.2013,7:35 AM,1308,LHS,Rural,Kavali,Rear End Collision,Lorry Hit Car,Lorry,Minor injury,Fault of driver of motor vehicle/driver of other vehicle/cyclist/pedestrian/passenger,Four lanes or more with central divider,Straight road,,Fine,AP21U    4284,YES,Non injured ,0
22.04.2013,7:35 AM,1308,LHS,Rural,Kavali,Rear End Collision,Lorry Hit Car,Lorry,Minor injury,Fault of driver of motor vehicle/driver of other vehicle/cyclist/pedestrian/passenger,Four lanes or more with central divider,Straight road,,Fine,AP21U    4284,YES,Animals affected,0
23.04.2013,1:30 AM,1264,LHS,Rural,Tangutur,Collision Brush/Side Wipe,Bike hit   Safety wall,Bike,Minor injury,Over speed,Four lanes or more with central divider,Straight road,,Fine,AP27AM    2552,YES,Fatal,0
23.04.2013,1:30 AM,1264,LHS,Rural,Tangutur,Collision Brush/Side Wipe,Bike hit   Safety wall,Bike,Minor injury,Over speed,Four lanes or more with central divider,Straight road,,Fine,AP27AM    2552,YES,Grevious,0
23.04.2013,1:30 AM,1264,LHS,Rural,Tangutur,Collision Brush/Side Wipe,Bike hit   Safety wall,Bike,Minor injury,Over speed,Four lanes or more with central divider,Straight road,,Fine,AP27AM    2552,YES,Minor,1
23.04.2013,1:30 AM,1264,LHS,Rural,Tangutur,Collision Brush/Side Wipe,Bike hit   Safety wall,Bike,Minor injury,Over speed,Four lanes or more with central divider,Straight road,,Fine,AP27AM    2552,YES,Non injured ,0
23.04.2013,1:30 AM,1264,LHS,Rural,Tangutur,Collision Brush/Side Wipe,Bike hit   Safety wall,Bike,Minor injury,Over speed,Four lanes or more with central divider,Straight road,,Fine,AP27AM    2552,YES,Animals affected,0
23.04.2013,3:45 PM,1264.6,RHS,Rural,Tangutur,Rear End Collision, Lorry hit Lorry,Lorry,Non injury,Over speed,Four lanes or more with central divider,Straight road,,Fine,AP27TV  3993,YES,Fatal,0
23.04.2013,3:45 PM,1264.6,RHS,Rural,Tangutur,Rear End Collision, Lorry hit Lorry,Lorry,Non injury,Over speed,Four lanes or more with central divider,Straight road,,Fine,AP27TV  3993,YES,Grevious,0
23.04.2013,3:45 PM,1264.6,RHS,Rural,Tangutur,Rear End Collision, Lorry hit Lorry,Lorry,Non injury,Over speed,Four lanes or more with central divider,Straight road,,Fine,AP27TV  3993,YES,Minor,0
23.04.2013,3:45 PM,1264.6,RHS,Rural,Tangutur,Rear End Collision, Lorry hit Lorry,Lorry,Non injury,Over speed,Four lanes or more with central divider,Straight road,,Fine,AP27TV  3993,YES,Non injured ,4
23.04.2013,3:45 PM,1264.6,RHS,Rural,Tangutur,Rear End Collision, Lorry hit Lorry,Lorry,Non injury,Over speed,Four lanes or more with central divider,Straight road,,Fine,AP27TV  3993,YES,Animals affected,0
23.04.2013,4:42 PM,1292.7,LHS,Rural,Ulavapadu,Collision Brush/Side Wipe, Car hit Medaian wall,Car,Grievious injury,Over speed,Four lanes or more with central divider,Straight road,,Fine,F/R,YES,Fatal,0
23.04.2013,4:42 PM,1292.7,LHS,Rural,Ulavapadu,Collision Brush/Side Wipe, Car hit Medaian wall,Car,Grievious injury,Over speed,Four lanes or more with central divider,Straight road,,Fine,F/R,YES,Grevious,1
23.04.2013,4:42 PM,1292.7,LHS,Rural,Ulavapadu,Collision Brush/Side Wipe, Car hit Medaian wall,Car,Grievious injury,Over speed,Four lanes or more with central divider,Straight road,,Fine,F/R,YES,Minor,0
23.04.2013,4:42 PM,1292.7,LHS,Rural,Ulavapadu,Collision Brush/Side Wipe, Car hit Medaian wall,Car,Grievious injury,Over speed,Four lanes or more with central divider,Straight road,,Fine,F/R,YES,Non injured ,0
23.04.2013,4:42 PM,1292.7,LHS,Rural,Ulavapadu,Collision Brush/Side Wipe, Car hit Medaian wall,Car,Grievious injury,Over speed,Four lanes or more with central divider,Straight road,,Fine,F/R,YES,Animals affected,0
23.04.2013,5:40 PM,1230.2,LHS,Rural,Maddipadu,Rear End Collision, A.P.S.R.T.C Bus hit Tipper,Bus,Non injury,Over speed,Four lanes or more with central divider,Straight road,,Fine,AP28Z  4668,YES,Fatal,0
23.04.2013,5:40 PM,1230.2,LHS,Rural,Maddipadu,Rear End Collision, A.P.S.R.T.C Bus hit Tipper,Bus,Non injury,Over speed,Four lanes or more with central divider,Straight road,,Fine,AP28Z  4668,YES,Grevious,0
23.04.2013,5:40 PM,1230.2,LHS,Rural,Maddipadu,Rear End Collision, A.P.S.R.T.C Bus hit Tipper,Bus,Non injury,Over speed,Four lanes or more with central divider,Straight road,,Fine,AP28Z  4668,YES,Minor,0
23.04.2013,5:40 PM,1230.2,LHS,Rural,Maddipadu,Rear End Collision, A.P.S.R.T.C Bus hit Tipper,Bus,Non injury,Over speed,Four lanes or more with central divider,Straight road,,Fine,AP28Z  4668,YES,Non injured ,7
23.04.2013,5:40 PM,1230.2,LHS,Rural,Maddipadu,Rear End Collision, A.P.S.R.T.C Bus hit Tipper,Bus,Non injury,Over speed,Four lanes or more with central divider,Straight road,,Fine,AP28Z  4668,YES,Animals affected,0
23.04.2013,6:40 PM,1278.3,RHS,Rural,Singarayakonda,Head on collision, Car hit Tractor,Car,Non injury,Over speed,Four lanes or more with central divider,Straight road,,Fine,F/R,YES,Fatal,0
23.04.2013,6:40 PM,1278.3,RHS,Rural,Singarayakonda,Head on collision, Car hit Tractor,Car,Non injury,Over speed,Four lanes or more with central divider,Straight road,,Fine,F/R,YES,Grevious,0
23.04.2013,6:40 PM,1278.3,RHS,Rural,Singarayakonda,Head on collision, Car hit Tractor,Car,Non injury,Over speed,Four lanes or more with central divider,Straight road,,Fine,F/R,YES,Minor,0
23.04.2013,6:40 PM,1278.3,RHS,Rural,Singarayakonda,Head on collision, Car hit Tractor,Car,Non injury,Over speed,Four lanes or more with central divider,Straight road,,Fine,F/R,YES,Non injured ,4
23.04.2013,6:40 PM,1278.3,RHS,Rural,Singarayakonda,Head on collision, Car hit Tractor,Car,Non injury,Over speed,Four lanes or more with central divider,Straight road,,Fine,F/R,YES,Animals affected,0
24.04.2013,8:20 AM,1270.4,RHS,Rural,Jarugumalli,Rear End Collision, Lorry hit Unknown Vehicle,Lorry,Minor injury,Over speed,Four lanes or more with central divider,Straight road,,Fine,HR55R 8159,YES,Fatal,0
24.04.2013,8:20 AM,1270.4,RHS,Rural,Jarugumalli,Rear End Collision, Lorry hit Unknown Vehicle,Lorry,Minor injury,Over speed,Four lanes or more with central divider,Straight road,,Fine,HR55R 8159,YES,Grevious,0
24.04.2013,8:20 AM,1270.4,RHS,Rural,Jarugumalli,Rear End Collision, Lorry hit Unknown Vehicle,Lorry,Minor injury,Over speed,Four lanes or more with central divider,Straight road,,Fine,HR55R 8159,YES,Minor,1
24.04.2013,8:20 AM,1270.4,RHS,Rural,Jarugumalli,Rear End Collision, Lorry hit Unknown Vehicle,Lorry,Minor injury,Over speed,Four lanes or more with central divider,Straight road,,Fine,HR55R 8159,YES,Non injured ,0
24.04.2013,8:20 AM,1270.4,RHS,Rural,Jarugumalli,Rear End Collision, Lorry hit Unknown Vehicle,Lorry,Minor injury,Over speed,Four lanes or more with central divider,Straight road,,Fine,HR55R 8159,YES,Animals affected,0
24.04.2013,10:40 AM,1333.3,LHS,Rural,K.Tippa ,Collision Brush/Side Wipe,Lorry hit   Safety wall,Lorry,Non injury,Over speed,Four lanes or more with central divider,Straight road,,Fine,WB41E     8492,YES,Fatal,0
24.04.2013,10:40 AM,1333.3,LHS,Rural,K.Tippa ,Collision Brush/Side Wipe,Lorry hit   Safety wall,Lorry,Non injury,Over speed,Four lanes or more with central divider,Straight road,,Fine,WB41E     8492,YES,Grevious,0
24.04.2013,10:40 AM,1333.3,LHS,Rural,K.Tippa ,Collision Brush/Side Wipe,Lorry hit   Safety wall,Lorry,Non injury,Over speed,Four lanes or more with central divider,Straight road,,Fine,WB41E     8492,YES,Minor,0
24.04.2013,10:40 AM,1333.3,LHS,Rural,K.Tippa ,Collision Brush/Side Wipe,Lorry hit   Safety wall,Lorry,Non injury,Over speed,Four lanes or more with central divider,Straight road,,Fine,WB41E     8492,YES,Non injured ,2
24.04.2013,10:40 AM,1333.3,LHS,Rural,K.Tippa ,Collision Brush/Side Wipe,Lorry hit   Safety wall,Lorry,Non injury,Over speed,Four lanes or more with central divider,Straight road,,Fine,WB41E     8492,YES,Animals affected,0
24.04.2013,11:00 AM,1298.9,LHS,Rural,Gudluru,Collision Brush/Side Wipe,Lorry hit   Safety wall,Lorry,Non injury,Over speed,Four lanes or more with central divider,Straight road,,Fine,AP07W   4546,YES,Fatal,0
24.04.2013,11:00 AM,1298.9,LHS,Rural,Gudluru,Collision Brush/Side Wipe,Lorry hit   Safety wall,Lorry,Non injury,Over speed,Four lanes or more with central divider,Straight road,,Fine,AP07W   4546,YES,Grevious,0
24.04.2013,11:00 AM,1298.9,LHS,Rural,Gudluru,Collision Brush/Side Wipe,Lorry hit   Safety wall,Lorry,Non injury,Over speed,Four lanes or more with central divider,Straight road,,Fine,AP07W   4546,YES,Minor,0
24.04.2013,11:00 AM,1298.9,LHS,Rural,Gudluru,Collision Brush/Side Wipe,Lorry hit   Safety wall,Lorry,Non injury,Over speed,Four lanes or more with central divider,Straight road,,Fine,AP07W   4546,YES,Non injured ,2
24.04.2013,11:00 AM,1298.9,LHS,Rural,Gudluru,Collision Brush/Side Wipe,Lorry hit   Safety wall,Lorry,Non injury,Over speed,Four lanes or more with central divider,Straight road,,Fine,AP07W   4546,YES,Animals affected,0
24.04.2013,12:15 PM,1364.1,RHS,Rural,Kovuru,Rear End Collision,TAta Magic Auto hit             Car,Auto,Non injury,Over speed,Four lanes or more with central divider,Straight road,,Fine,AP26TV    0633,YES,Fatal,0
24.04.2013,12:15 PM,1364.1,RHS,Rural,Kovuru,Rear End Collision,TAta Magic Auto hit             Car,Auto,Non injury,Over speed,Four lanes or more with central divider,Straight road,,Fine,AP26TV    0633,YES,Grevious,0
24.04.2013,12:15 PM,1364.1,RHS,Rural,Kovuru,Rear End Collision,TAta Magic Auto hit             Car,Auto,Non injury,Over speed,Four lanes or more with central divider,Straight road,,Fine,AP26TV    0633,YES,Minor,0
24.04.2013,12:15 PM,1364.1,RHS,Rural,Kovuru,Rear End Collision,TAta Magic Auto hit             Car,Auto,Non injury,Over speed,Four lanes or more with central divider,Straight road,,Fine,AP26TV    0633,YES,Non injured ,4
24.04.2013,12:15 PM,1364.1,RHS,Rural,Kovuru,Rear End Collision,TAta Magic Auto hit             Car,Auto,Non injury,Over speed,Four lanes or more with central divider,Straight road,,Fine,AP26TV    0633,YES,Animals affected,0
24.04.2013,10:05 PM,1285.8,LHS,Rural,Ulavapadu,Rear End Collision,Lorry hit   Trolley,Lorry,Minor injury,Fault of driver of motor vehicle/driver of other vehicle/cyclist/pedestrian/passenger,Four lanes or more with central divider,Straight road,T-Junction,Fine,AP16TX    4016,YES,Fatal,0
24.04.2013,10:05 PM,1285.8,LHS,Rural,Ulavapadu,Rear End Collision,Lorry hit   Trolley,Lorry,Minor injury,Fault of driver of motor vehicle/driver of other vehicle/cyclist/pedestrian/passenger,Four lanes or more with central divider,Straight road,T-Junction,Fine,AP16TX    4016,YES,Grevious,0
24.04.2013,10:05 PM,1285.8,LHS,Rural,Ulavapadu,Rear End Collision,Lorry hit   Trolley,Lorry,Minor injury,Fault of driver of motor vehicle/driver of other vehicle/cyclist/pedestrian/passenger,Four lanes or more with central divider,Straight road,T-Junction,Fine,AP16TX    4016,YES,Minor,1
24.04.2013,10:05 PM,1285.8,LHS,Rural,Ulavapadu,Rear End Collision,Lorry hit   Trolley,Lorry,Minor injury,Fault of driver of motor vehicle/driver of other vehicle/cyclist/pedestrian/passenger,Four lanes or more with central divider,Straight road,T-Junction,Fine,AP16TX    4016,YES,Non injured ,3
24.04.2013,10:05 PM,1285.8,LHS,Rural,Ulavapadu,Rear End Collision,Lorry hit   Trolley,Lorry,Minor injury,Fault of driver of motor vehicle/driver of other vehicle/cyclist/pedestrian/passenger,Four lanes or more with central divider,Straight road,T-Junction,Fine,AP16TX    4016,YES,Animals affected,0
25.04.2013,3:45 AM,1231.6,LHS,Rural,Maddipadu,Rear End Collision,Mini Lorry hit Mini Lorry,Lorry,Grievious injury,Fault of driver of motor vehicle/driver of other vehicle/cyclist/pedestrian/passenger,Four lanes or more with central divider,Straight road,,Fine,AP04T    7884,YES,Fatal,0
25.04.2013,3:45 AM,1231.6,LHS,Rural,Maddipadu,Rear End Collision,Mini Lorry hit Mini Lorry,Lorry,Grievious injury,Fault of driver of motor vehicle/driver of other vehicle/cyclist/pedestrian/passenger,Four lanes or more with central divider,Straight road,,Fine,AP04T    7884,YES,Grevious,1
25.04.2013,3:45 AM,1231.6,LHS,Rural,Maddipadu,Rear End Collision,Mini Lorry hit Mini Lorry,Lorry,Grievious injury,Fault of driver of motor vehicle/driver of other vehicle/cyclist/pedestrian/passenger,Four lanes or more with central divider,Straight road,,Fine,AP04T    7884,YES,Minor,0