Operational date,Time of Accident,KM && M,Position,Rural/Urban,Location,Nature of Accident Position,Nature of Accident,Vehicle Involved,Type of Accident,Causes,Road Feature,Road condition,Intersection Type And Control,Weather Condition,Vehicle Responsible,Help Provided by Ambulance/Patroling Vehicle,Classification of Accident,No of Affected Persons
25.04.2013,3:45 AM,1231.6,LHS,Rural,Maddipadu,Rear End Collision,Mini Lorry hit Mini Lorry,Lorry,Grievious injury,Fault of driver of motor vehicle/driver of other vehicle/cyclist/pedestrian/passenger,Four lanes or more with central divider,Straight road,,Fine,AP04T    7884,YES,Non injured ,3
25.04.2013,3:45 AM,1231.6,LHS,Rural,Maddipadu,Rear End Collision,Mini Lorry hit Mini Lorry,Lorry,Grievious injury,Fault of driver of motor vehicle/driver of other vehicle/cyclist/pedestrian/passenger,Four lanes or more with central divider,Straight road,,Fine,AP04T    7884,YES,Animals affected,0
25.04.2013,8:10 AM,1362.8,LHS,Rural,Kovuru,Overturning,Car Over Turned,Car,Grievious injury,Over speed,Four lanes or more with central divider,Straight road,,Fine,AP35D   9797,YES,Fatal,0
25.04.2013,8:10 AM,1362.8,LHS,Rural,Kovuru,Overturning,Car Over Turned,Car,Grievious injury,Over speed,Four lanes or more with central divider,Straight road,,Fine,AP35D   9797,YES,Grevious,3
25.04.2013,8:10 AM,1362.8,LHS,Rural,Kovuru,Overturning,Car Over Turned,Car,Grievious injury,Over speed,Four lanes or more with central divider,Straight road,,Fine,AP35D   9797,YES,Minor,7
25.04.2013,8:10 AM,1362.8,LHS,Rural,Kovuru,Overturning,Car Over Turned,Car,Grievious injury,Over speed,Four lanes or more with central divider,Straight road,,Fine,AP35D   9797,YES,Non injured ,0
25.04.2013,8:10 AM,1362.8,LHS,Rural,Kovuru,Overturning,Car Over Turned,Car,Grievious injury,Over speed,Four lanes or more with central divider,Straight road,,Fine,AP35D   9797,YES,Animals affected,0
26.04.2013,10:35 PM,1191.7,LHS,Rural,Martur,Collision Brush/Side Wipe,Unknown Vehicle hit  Bike,Unknown,Grievious injury,Over speed,Four lanes or more with central divider,Straight road,T-Junction,Fine,AP27H    0654,YES,Fatal,0
26.04.2013,10:35 PM,1191.7,LHS,Rural,Martur,Collision Brush/Side Wipe,Unknown Vehicle hit  Bike,Unknown,Grievious injury,Over speed,Four lanes or more with central divider,Straight road,T-Junction,Fine,AP27H    0654,YES,Grevious,1
26.04.2013,10:35 PM,1191.7,LHS,Rural,Martur,Collision Brush/Side Wipe,Unknown Vehicle hit  Bike,Unknown,Grievious injury,Over speed,Four lanes or more with central divider,Straight road,T-Junction,Fine,AP27H    0654,YES,Minor,1
26.04.2013,10:35 PM,1191.7,LHS,Rural,Martur,Collision Brush/Side Wipe,Unknown Vehicle hit  Bike,Unknown,Grievious injury,Over speed,Four lanes or more with central divider,Straight road,T-Junction,Fine,AP27H    0654,YES,Non injured ,0
26.04.2013,10:35 PM,1191.7,LHS,Rural,Martur,Collision Brush/Side Wipe,Unknown Vehicle hit  Bike,Unknown,Grievious injury,Over speed,Four lanes or more with central divider,Straight road,T-Junction,Fine,AP27H    0654,YES,Animals affected,0
26.04.2013,11:00 PM,1308.2,RHS,Rural,Kavali,Rear End Collision,Oil Tanker hit Auto,tanker,Minor injury,Over speed,Four lanes or more with central divider,Straight road,,Fine,AP16TW       7869,YES,Fatal,0
26.04.2013,11:00 PM,1308.2,RHS,Rural,Kavali,Rear End Collision,Oil Tanker hit Auto,tanker,Minor injury,Over speed,Four lanes or more with central divider,Straight road,,Fine,AP16TW       7869,YES,Grevious,0
26.04.2013,11:00 PM,1308.2,RHS,Rural,Kavali,Rear End Collision,Oil Tanker hit Auto,tanker,Minor injury,Over speed,Four lanes or more with central divider,Straight road,,Fine,AP16TW       7869,YES,Minor,6
26.04.2013,11:00 PM,1308.2,RHS,Rural,Kavali,Rear End Collision,Oil Tanker hit Auto,tanker,Minor injury,Over speed,Four lanes or more with central divider,Straight road,,Fine,AP16TW       7869,YES,Non injured ,1
26.04.2013,11:00 PM,1308.2,RHS,Rural,Kavali,Rear End Collision,Oil Tanker hit Auto,tanker,Minor injury,Over speed,Four lanes or more with central divider,Straight road,,Fine,AP16TW       7869,YES,Animals affected,0
27.04.2013,3:15 AM,1314.4,RHS,Rural,Kavali,Collision Brush/Side Wipe,Tata Ace Auto hit Median     ,Tata Ace,Fatal,Fault of driver of motor vehicle/driver of other vehicle/cyclist/pedestrian/passenger,Four lanes or more with central divider,Straight road,,Fine,AP16TB 3207    ,YES,Fatal,1
27.04.2013,3:15 AM,1314.4,RHS,Rural,Kavali,Collision Brush/Side Wipe,Tata Ace Auto hit Median     ,Tata Ace,Fatal,Fault of driver of motor vehicle/driver of other vehicle/cyclist/pedestrian/passenger,Four lanes or more with central divider,Straight road,,Fine,AP16TB 3207    ,YES,Grevious,0
27.04.2013,3:15 AM,1314.4,RHS,Rural,Kavali,Collision Brush/Side Wipe,Tata Ace Auto hit Median     ,Tata Ace,Fatal,Fault of driver of motor vehicle/driver of other vehicle/cyclist/pedestrian/passenger,Four lanes or more with central divider,Straight road,,Fine,AP16TB 3207    ,YES,Minor,0
27.04.2013,3:15 AM,1314.4,RHS,Rural,Kavali,Collision Brush/Side Wipe,Tata Ace Auto hit Median     ,Tata Ace,Fatal,Fault of driver of motor vehicle/driver of other vehicle/cyclist/pedestrian/passenger,Four lanes or more with central divider,Straight road,,Fine,AP16TB 3207    ,YES,Non injured ,0
27.04.2013,3:15 AM,1314.4,RHS,Rural,Kavali,Collision Brush/Side Wipe,Tata Ace Auto hit Median     ,Tata Ace,Fatal,Fault of driver of motor vehicle/driver of other vehicle/cyclist/pedestrian/passenger,Four lanes or more with central divider,Straight road,,Fine,AP16TB 3207    ,YES,Animals affected,0
28.04.2013,12:50 AM,1230.5,LHS,Rural,Maddipadu,Rear End Collision,Lorry hit Lorry,Lorry,Non injury,Fault of driver of motor vehicle/driver of other vehicle/cyclist/pedestrian/passenger,Four lanes or more with central divider,Straight road,,Fine,AP16TB   2327,YES,Fatal,0
28.04.2013,12:50 AM,1230.5,LHS,Rural,Maddipadu,Rear End Collision,Lorry hit Lorry,Lorry,Non injury,Fault of driver of motor vehicle/driver of other vehicle/cyclist/pedestrian/passenger,Four lanes or more with central divider,Straight road,,Fine,AP16TB   2327,YES,Grevious,0
28.04.2013,12:50 AM,1230.5,LHS,Rural,Maddipadu,Rear End Collision,Lorry hit Lorry,Lorry,Non injury,Fault of driver of motor vehicle/driver of other vehicle/cyclist/pedestrian/passenger,Four lanes or more with central divider,Straight road,,Fine,AP16TB   2327,YES,Minor,0
28.04.2013,12:50 AM,1230.5,LHS,Rural,Maddipadu,Rear End Collision,Lorry hit Lorry,Lorry,Non injury,Fault of driver of motor vehicle/driver of other vehicle/cyclist/pedestrian/passenger,Four lanes or more with central divider,Straight road,,Fine,AP16TB   2327,YES,Non injured ,4
28.04.2013,12:50 AM,1230.5,LHS,Rural,Maddipadu,Rear End Collision,Lorry hit Lorry,Lorry,Non injury,Fault of driver of motor vehicle/driver of other vehicle/cyclist/pedestrian/passenger,Four lanes or more with central divider,Straight road,,Fine,AP16TB   2327,YES,Animals affected,0
28.04.2013,2:45 AM,1333.2,LHS,Rural,K.Tippa ,Rear End Collision,Lorry hit Lorry,Lorry,Non injury,Over speed,Four lanes or more with central divider,Straight road,,Fine,AP16TB  6477,YES,Fatal,0
28.04.2013,2:45 AM,1333.2,LHS,Rural,K.Tippa ,Rear End Collision,Lorry hit Lorry,Lorry,Non injury,Over speed,Four lanes or more with central divider,Straight road,,Fine,AP16TB  6477,YES,Grevious,0
28.04.2013,2:45 AM,1333.2,LHS,Rural,K.Tippa ,Rear End Collision,Lorry hit Lorry,Lorry,Non injury,Over speed,Four lanes or more with central divider,Straight road,,Fine,AP16TB  6477,YES,Minor,0
28.04.2013,2:45 AM,1333.2,LHS,Rural,K.Tippa ,Rear End Collision,Lorry hit Lorry,Lorry,Non injury,Over speed,Four lanes or more with central divider,Straight road,,Fine,AP16TB  6477,YES,Non injured ,4
28.04.2013,2:45 AM,1333.2,LHS,Rural,K.Tippa ,Rear End Collision,Lorry hit Lorry,Lorry,Non injury,Over speed,Four lanes or more with central divider,Straight road,,Fine,AP16TB  6477,YES,Animals affected,0
28.04.2013,6:18 AM,1313.3,RHS,Rural,Kavali,Rear End Collision,Lorry hit Lorry,Lorry,Fatal,Fault of driver of motor vehicle/driver of other vehicle/cyclist/pedestrian/passenger,Four lanes or more with central divider,Straight road,,Fine,HR55J     9457,YES,Fatal,1
28.04.2013,6:18 AM,1313.3,RHS,Rural,Kavali,Rear End Collision,Lorry hit Lorry,Lorry,Fatal,Fault of driver of motor vehicle/driver of other vehicle/cyclist/pedestrian/passenger,Four lanes or more with central divider,Straight road,,Fine,HR55J     9457,YES,Grevious,0
28.04.2013,6:18 AM,1313.3,RHS,Rural,Kavali,Rear End Collision,Lorry hit Lorry,Lorry,Fatal,Fault of driver of motor vehicle/driver of other vehicle/cyclist/pedestrian/passenger,Four lanes or more with central divider,Straight road,,Fine,HR55J     9457,YES,Minor,0
28.04.2013,6:18 AM,1313.3,RHS,Rural,Kavali,Rear End Collision,Lorry hit Lorry,Lorry,Fatal,Fault of driver of motor vehicle/driver of other vehicle/cyclist/pedestrian/passenger,Four lanes or more with central divider,Straight road,,Fine,HR55J     9457,YES,Non injured ,3
28.04.2013,6:18 AM,1313.3,RHS,Rural,Kavali,Rear End Collision,Lorry hit Lorry,Lorry,Fatal,Fault of driver of motor vehicle/driver of other vehicle/cyclist/pedestrian/passenger,Four lanes or more with central divider,Straight road,,Fine,HR55J     9457,YES,Animals affected,0
28.04.2013,10:30 AM,1303.8,RHS,Rural,Gudluru,Overturning,Lorry              Overturned,Lorry,Non injury,Over speed,Four lanes or more with central divider,Straight road,,Fine,KA0AG     6890,YES,Fatal,0
28.04.2013,10:30 AM,1303.8,RHS,Rural,Gudluru,Overturning,Lorry              Overturned,Lorry,Non injury,Over speed,Four lanes or more with central divider,Straight road,,Fine,KA0AG     6890,YES,Grevious,0
28.04.2013,10:30 AM,1303.8,RHS,Rural,Gudluru,Overturning,Lorry              Overturned,Lorry,Non injury,Over speed,Four lanes or more with central divider,Straight road,,Fine,KA0AG     6890,YES,Minor,0
28.04.2013,10:30 AM,1303.8,RHS,Rural,Gudluru,Overturning,Lorry              Overturned,Lorry,Non injury,Over speed,Four lanes or more with central divider,Straight road,,Fine,KA0AG     6890,YES,Non injured ,2
28.04.2013,10:30 AM,1303.8,RHS,Rural,Gudluru,Overturning,Lorry              Overturned,Lorry,Non injury,Over speed,Four lanes or more with central divider,Straight road,,Fine,KA0AG     6890,YES,Animals affected,0
28.04.2013,4:58 PM,1205.1,LHS,Rural,Reningavaram,Overturning,Tipper              Overturned,Lorry,Minor injury,Over speed,Four lanes or more with central divider,Straight road,,Fine,AP27TT     9865,YES,Fatal,0
28.04.2013,4:58 PM,1205.1,LHS,Rural,Reningavaram,Overturning,Tipper              Overturned,Lorry,Minor injury,Over speed,Four lanes or more with central divider,Straight road,,Fine,AP27TT     9865,YES,Grevious,0
28.04.2013,4:58 PM,1205.1,LHS,Rural,Reningavaram,Overturning,Tipper              Overturned,Lorry,Minor injury,Over speed,Four lanes or more with central divider,Straight road,,Fine,AP27TT     9865,YES,Minor,1
28.04.2013,4:58 PM,1205.1,LHS,Rural,Reningavaram,Overturning,Tipper              Overturned,Lorry,Minor injury,Over speed,Four lanes or more with central divider,Straight road,,Fine,AP27TT     9865,YES,Non injured ,1
28.04.2013,4:58 PM,1205.1,LHS,Rural,Reningavaram,Overturning,Tipper              Overturned,Lorry,Minor injury,Over speed,Four lanes or more with central divider,Straight road,,Fine,AP27TT     9865,YES,Animals affected,0
28.04.2013,10:30 PM,1323.6,LHS,Rural,Kavali,Collision Brush/Side Wipe,Lorry hit   Safety wall,Lorry,Non injury,Over speed,Four lanes or more with central divider,Straight road,T-Junction,Fine,RJ14GC    6676,YES,Fatal,0
28.04.2013,10:30 PM,1323.6,LHS,Rural,Kavali,Collision Brush/Side Wipe,Lorry hit   Safety wall,Lorry,Non injury,Over speed,Four lanes or more with central divider,Straight road,T-Junction,Fine,RJ14GC    6676,YES,Grevious,0
28.04.2013,10:30 PM,1323.6,LHS,Rural,Kavali,Collision Brush/Side Wipe,Lorry hit   Safety wall,Lorry,Non injury,Over speed,Four lanes or more with central divider,Straight road,T-Junction,Fine,RJ14GC    6676,YES,Minor,0
28.04.2013,10:30 PM,1323.6,LHS,Rural,Kavali,Collision Brush/Side Wipe,Lorry hit   Safety wall,Lorry,Non injury,Over speed,Four lanes or more with central divider,Straight road,T-Junction,Fine,RJ14GC    6676,YES,Non injured ,2
28.04.2013,10:30 PM,1323.6,LHS,Rural,Kavali,Collision Brush/Side Wipe,Lorry hit   Safety wall,Lorry,Non injury,Over speed,Four lanes or more with central divider,Straight road,T-Junction,Fine,RJ14GC    6676,YES,Animals affected,0
29.04.2013,6:00 AM,1286.6,LHS,Rural,Ulavapadu,Overturning,Mini Lorry  Over Turned,Lorry,Fatal,Over speed,Four lanes or more with central divider,Straight road,,Fine,AP27V  5251,YES,Fatal,1
29.04.2013,6:00 AM,1286.6,LHS,Rural,Ulavapadu,Overturning,Mini Lorry  Over Turned,Lorry,Fatal,Over speed,Four lanes or more with central divider,Straight road,,Fine,AP27V  5251,YES,Grevious,0
29.04.2013,6:00 AM,1286.6,LHS,Rural,Ulavapadu,Overturning,Mini Lorry  Over Turned,Lorry,Fatal,Over speed,Four lanes or more with central divider,Straight road,,Fine,AP27V  5251,YES,Minor,0
29.04.2013,6:00 AM,1286.6,LHS,Rural,Ulavapadu,Overturning,Mini Lorry  Over Turned,Lorry,Fatal,Over speed,Four lanes or more with central divider,Straight road,,Fine,AP27V  5251,YES,Non injured ,0
29.04.2013,6:00 AM,1286.6,LHS,Rural,Ulavapadu,Overturning,Mini Lorry  Over Turned,Lorry,Fatal,Over speed,Four lanes or more with central divider,Straight road,,Fine,AP27V  5251,YES,Animals affected,0
30.04.2013,2:10 AM,1196.3,RHS,Rural,Martur,Overturning,Mini Lorry  Over Turned,Lorry,Non injury,Over speed,Four lanes or more with central divider,Straight road,,Fine,AP27TW         1065,YES,Fatal,0
30.04.2013,2:10 AM,1196.3,RHS,Rural,Martur,Overturning,Mini Lorry  Over Turned,Lorry,Non injury,Over speed,Four lanes or more with central divider,Straight road,,Fine,AP27TW         1065,YES,Grevious,0
30.04.2013,2:10 AM,1196.3,RHS,Rural,Martur,Overturning,Mini Lorry  Over Turned,Lorry,Non injury,Over speed,Four lanes or more with central divider,Straight road,,Fine,AP27TW         1065,YES,Minor,0
30.04.2013,2:10 AM,1196.3,RHS,Rural,Martur,Overturning,Mini Lorry  Over Turned,Lorry,Non injury,Over speed,Four lanes or more with central divider,Straight road,,Fine,AP27TW         1065,YES,Non injured ,4
30.04.2013,2:10 AM,1196.3,RHS,Rural,Martur,Overturning,Mini Lorry  Over Turned,Lorry,Non injury,Over speed,Four lanes or more with central divider,Straight road,,Fine,AP27TW         1065,YES,Animals affected,0
30.04.2013,6:32 AM,1205.2,LHS,Rural,Reningavaram,Overturning,Mini Lorry  Over Turned,Lorry,Non injury,Fault of driver of motor vehicle/driver of other vehicle/cyclist/pedestrian/passenger,Four lanes or more with central divider,Straight road,,Fine,AP16TC     6773,YES,Fatal,0
30.04.2013,6:32 AM,1205.2,LHS,Rural,Reningavaram,Overturning,Mini Lorry  Over Turned,Lorry,Non injury,Fault of driver of motor vehicle/driver of other vehicle/cyclist/pedestrian/passenger,Four lanes or more with central divider,Straight road,,Fine,AP16TC     6773,YES,Grevious,0
30.04.2013,6:32 AM,1205.2,LHS,Rural,Reningavaram,Overturning,Mini Lorry  Over Turned,Lorry,Non injury,Fault of driver of motor vehicle/driver of other vehicle/cyclist/pedestrian/passenger,Four lanes or more with central divider,Straight road,,Fine,AP16TC     6773,YES,Minor,0
30.04.2013,6:32 AM,1205.2,LHS,Rural,Reningavaram,Overturning,Mini Lorry  Over Turned,Lorry,Non injury,Fault of driver of motor vehicle/driver of other vehicle/cyclist/pedestrian/passenger,Four lanes or more with central divider,Straight road,,Fine,AP16TC     6773,YES,Non injured ,2
30.04.2013,6:32 AM,1205.2,LHS,Rural,Reningavaram,Overturning,Mini Lorry  Over Turned,Lorry,Non injury,Fault of driver of motor vehicle/driver of other vehicle/cyclist/pedestrian/passenger,Four lanes or more with central divider,Straight road,,Fine,AP16TC     6773,YES,Animals affected,0
30.04.2013,11:00 AM,1333.3,LHS,Rural,K.Tippa ,Rear End Collision,Lorry hit Lorry,Lorry,Non injury,Over speed,Four lanes or more with central divider,Straight road,,Fine,TN28Q      0820,YES,Fatal,0
30.04.2013,11:00 AM,1333.3,LHS,Rural,K.Tippa ,Rear End Collision,Lorry hit Lorry,Lorry,Non injury,Over speed,Four lanes or more with central divider,Straight road,,Fine,TN28Q      0820,YES,Grevious,0
30.04.2013,11:00 AM,1333.3,LHS,Rural,K.Tippa ,Rear End Collision,Lorry hit Lorry,Lorry,Non injury,Over speed,Four lanes or more with central divider,Straight road,,Fine,TN28Q      0820,YES,Minor,0
30.04.2013,11:00 AM,1333.3,LHS,Rural,K.Tippa ,Rear End Collision,Lorry hit Lorry,Lorry,Non injury,Over speed,Four lanes or more with central divider,Straight road,,Fine,TN28Q      0820,YES,Non injured ,4
30.04.2013,11:00 AM,1333.3,LHS,Rural,K.Tippa ,Rear End Collision,Lorry hit Lorry,Lorry,Non injury,Over speed,Four lanes or more with central divider,Straight road,,Fine,TN28Q      0820,YES,Animals affected,0
30.04.2013,12:40 PM,1262.2,LHS,Rural,Tangutur,Skidding,Bike      Skidding,Bike,Minor injury,Over speed,Four lanes or more with central divider,Straight road,,Fine,AP27AA   9693,YES,Fatal,0
30.04.2013,12:40 PM,1262.2,LHS,Rural,Tangutur,Skidding,Bike      Skidding,Bike,Minor injury,Over speed,Four lanes or more with central divider,Straight road,,Fine,AP27AA   9693,YES,Grevious,0
30.04.2013,12:40 PM,1262.2,LHS,Rural,Tangutur,Skidding,Bike      Skidding,Bike,Minor injury,Over speed,Four lanes or more with central divider,Straight road,,Fine,AP27AA   9693,YES,Minor,1
30.04.2013,12:40 PM,1262.2,LHS,Rural,Tangutur,Skidding,Bike      Skidding,Bike,Minor injury,Over speed,Four lanes or more with central divider,Straight road,,Fine,AP27AA   9693,YES,Non injured ,0
30.04.2013,12:40 PM,1262.2,LHS,Rural,Tangutur,Skidding,Bike      Skidding,Bike,Minor injury,Over speed,Four lanes or more with central divider,Straight road,,Fine,AP27AA   9693,YES,Animals affected,0
30.04.2013,8:45 PM,1324.3,RHS,Rural,Kavali,Overturning,Car Over Turned,Car,Minor injury,Over speed,Four lanes or more with central divider,Straight road,,Fine,AP03AT    3345,YES,Fatal,0
30.04.2013,8:45 PM,1324.3,RHS,Rural,Kavali,Overturning,Car Over Turned,Car,Minor injury,Over speed,Four lanes or more with central divider,Straight road,,Fine,AP03AT    3345,YES,Grevious,0
30.04.2013,8:45 PM,1324.3,RHS,Rural,Kavali,Overturning,Car Over Turned,Car,Minor injury,Over speed,Four lanes or more with central divider,Straight road,,Fine,AP03AT    3345,YES,Minor,2
30.04.2013,8:45 PM,1324.3,RHS,Rural,Kavali,Overturning,Car Over Turned,Car,Minor injury,Over speed,Four lanes or more with central divider,Straight road,,Fine,AP03AT    3345,YES,Non injured ,0
30.04.2013,8:45 PM,1324.3,RHS,Rural,Kavali,Overturning,Car Over Turned,Car,Minor injury,Over speed,Four lanes or more with central divider,Straight road,,Fine,AP03AT    3345,YES,Animals affected,0
01.05.2013,6:00 AM,1287.2,LHS,Rural,Ulavapadu,Rear End Collision, Lorry hit Lorry,Lorry,Non injury,Fault of driver of motor vehicle/driver of other vehicle/cyclist/pedestrian/passenger,Four lanes or more with central divider,Straight road,,Fine,AP20TT 8599,YES,Fatal,0
01.05.2013,6:00 AM,1287.2,LHS,Rural,Ulavapadu,Rear End Collision, Lorry hit Lorry,Lorry,Non injury,Fault of driver of motor vehicle/driver of other vehicle/cyclist/pedestrian/passenger,Four lanes or more with central divider,Straight road,,Fine,AP20TT 8599,YES,Grevious,0
01.05.2013,6:00 AM,1287.2,LHS,Rural,Ulavapadu,Rear End Collision, Lorry hit Lorry,Lorry,Non injury,Fault of driver of motor vehicle/driver of other vehicle/cyclist/pedestrian/passenger,Four lanes or more with central divider,Straight road,,Fine,AP20TT 8599,YES,Minor,0
01.05.2013,6:00 AM,1287.2,LHS,Rural,Ulavapadu,Rear End Collision, Lorry hit Lorry,Lorry,Non injury,Fault of driver of motor vehicle/driver of other vehicle/cyclist/pedestrian/passenger,Four lanes or more with central divider,Straight road,,Fine,AP20TT 8599,YES,Non injured ,2
01.05.2013,6:00 AM,1287.2,LHS,Rural,Ulavapadu,Rear End Collision, Lorry hit Lorry,Lorry,Non injury,Fault of driver of motor vehicle/driver of other vehicle/cyclist/pedestrian/passenger,Four lanes or more with central divider,Straight road,,Fine,AP20TT 8599,YES,Animals affected,0
01.05.2013,12:30 PM,1364.1,LHS,Rural,Kovuru,Overturning, Lorry Over Turned,Lorry,Non injury,Over speed,Four lanes or more with central divider,Slight curve,,Fine,TN77B  0844,YES,Fatal,0
01.05.2013,12:30 PM,1364.1,LHS,Rural,Kovuru,Overturning, Lorry Over Turned,Lorry,Non injury,Over speed,Four lanes or more with central divider,Slight curve,,Fine,TN77B  0844,YES,Grevious,0
01.05.2013,12:30 PM,1364.1,LHS,Rural,Kovuru,Overturning, Lorry Over Turned,Lorry,Non injury,Over speed,Four lanes or more with central divider,Slight curve,,Fine,TN77B  0844,YES,Minor,0
01.05.2013,12:30 PM,1364.1,LHS,Rural,Kovuru,Overturning, Lorry Over Turned,Lorry,Non injury,Over speed,Four lanes or more with central divider,Slight curve,,Fine,TN77B  0844,YES,Non injured ,2
01.05.2013,12:30 PM,1364.1,LHS,Rural,Kovuru,Overturning, Lorry Over Turned,Lorry,Non injury,Over speed,Four lanes or more with central divider,Slight curve,,Fine,TN77B  0844,YES,Animals affected,0
01.05.2013,1:25 PM,1330.3,RHS,Rural,Kavali,Rear End Collision, Lorry hit Unknown Vehicle,Lorry,Grievious injury,Druken,Four lanes or more with central divider,Straight road,,Fine,AP20TB 4421,YES,Fatal,0
01.05.2013,1:25 PM,1330.3,RHS,Rural,Kavali,Rear End Collision, Lorry hit Unknown Vehicle,Lorry,Grievious injury,Druken,Four lanes or more with central divider,Straight road,,Fine,AP20TB 4421,YES,Grevious,2
01.05.2013,1:25 PM,1330.3,RHS,Rural,Kavali,Rear End Collision, Lorry hit Unknown Vehicle,Lorry,Grievious injury,Druken,Four lanes or more with central divider,Straight road,,Fine,AP20TB 4421,YES,Minor,0
01.05.2013,1:25 PM,1330.3,RHS,Rural,Kavali,Rear End Collision, Lorry hit Unknown Vehicle,Lorry,Grievious injury,Druken,Four lanes or more with central divider,Straight road,,Fine,AP20TB 4421,YES,Non injured ,0
01.05.2013,1:25 PM,1330.3,RHS,Rural,Kavali,Rear End Collision, Lorry hit Unknown Vehicle,Lorry,Grievious injury,Druken,Four lanes or more with central divider,Straight road,,Fine,AP20TB 4421,YES,Animals affected,0
01.05.2013,1:55 PM,1315.1,RHS,Rural,Kavali,Rear End Collision, Lorry hit Unknown Vehicle,Lorry,Grievious injury,Fault of driver of motor vehicle/driver of other vehicle/cyclist/pedestrian/passenger,Three lanes or more without central divider(median),Straight road,Y-Junction,Fine,AP03TB 1216,YES,Fatal,0
01.05.2013,1:55 PM,1315.1,RHS,Rural,Kavali,Rear End Collision, Lorry hit Unknown Vehicle,Lorry,Grievious injury,Fault of driver of motor vehicle/driver of other vehicle/cyclist/pedestrian/passenger,Three lanes or more without central divider(median),Straight road,Y-Junction,Fine,AP03TB 1216,YES,Grevious,2
01.05.2013,1:55 PM,1315.1,RHS,Rural,Kavali,Rear End Collision, Lorry hit Unknown Vehicle,Lorry,Grievious injury,Fault of driver of motor vehicle/driver of other vehicle/cyclist/pedestrian/passenger,Three lanes or more without central divider(median),Straight road,Y-Junction,Fine,AP03TB 1216,YES,Minor,1
01.05.2013,1:55 PM,1315.1,RHS,Rural,Kavali,Rear End Collision, Lorry hit Unknown Vehicle,Lorry,Grievious injury,Fault of driver of motor vehicle/driver of other vehicle/cyclist/pedestrian/passenger,Three lanes or more without central divider(median),Straight road,Y-Junction,Fine,AP03TB 1216,YES,Non injured ,0
01.05.2013,1:55 PM,1315.1,RHS,Rural,Kavali,Rear End Collision, Lorry hit Unknown Vehicle,Lorry,Grievious injury,Fault of driver of motor vehicle/driver of other vehicle/cyclist/pedestrian/passenger,Three lanes or more without central divider(median),Straight road,Y-Junction,Fine,AP03TB 1216,YES,Animals affected,0
01.05.2013,5:30 PM,1196.2,LHS,Rural,Martur,Collision Brush/Side Wipe, Unknown Vehicle hit Pedestrian,Unknown,Fatal,Druken,Four lanes or more with central divider,Straight road,,Fine,Unknown Vehicle,YES,Fatal,1
01.05.2013,5:30 PM,1196.2,LHS,Rural,Martur,Collision Brush/Side Wipe, Unknown Vehicle hit Pedestrian,Unknown,Fatal,Druken,Four lanes or more with central divider,Straight road,,Fine,Unknown Vehicle,YES,Grevious,0
01.05.2013,5:30 PM,1196.2,LHS,Rural,Martur,Collision Brush/Side Wipe, Unknown Vehicle hit Pedestrian,Unknown,Fatal,Druken,Four lanes or more with central divider,Straight road,,Fine,Unknown Vehicle,YES,Minor,0
01.05.2013,5:30 PM,1196.2,LHS,Rural,Martur,Collision Brush/Side Wipe, Unknown Vehicle hit Pedestrian,Unknown,Fatal,Druken,Four lanes or more with central divider,Straight road,,Fine,Unknown Vehicle,YES,Non injured ,2
01.05.2013,5:30 PM,1196.2,LHS,Rural,Martur,Collision Brush/Side Wipe, Unknown Vehicle hit Pedestrian,Unknown,Fatal,Druken,Four lanes or more with central divider,Straight road,,Fine,Unknown Vehicle,YES,Animals affected,0
01.05.2013,7:57 PM,1243,LHS,Urban,Ongole,Collision Brush/Side Wipe, Unknown Vehicle hit Buffalo Pedestrian,Unknown,Non injury,Over speed,Four lanes or more with central divider,Sharp curve,,Fine,Unknown Vehicle,YES,Fatal,0
01.05.2013,7:57 PM,1243,LHS,Urban,Ongole,Collision Brush/Side Wipe, Unknown Vehicle hit Buffalo Pedestrian,Unknown,Non injury,Over speed,Four lanes or more with central divider,Sharp curve,,Fine,Unknown Vehicle,YES,Grevious,0
01.05.2013,7:57 PM,1243,LHS,Urban,Ongole,Collision Brush/Side Wipe, Unknown Vehicle hit Buffalo Pedestrian,Unknown,Non injury,Over speed,Four lanes or more with central divider,Sharp curve,,Fine,Unknown Vehicle,YES,Minor,0
01.05.2013,7:57 PM,1243,LHS,Urban,Ongole,Collision Brush/Side Wipe, Unknown Vehicle hit Buffalo Pedestrian,Unknown,Non injury,Over speed,Four lanes or more with central divider,Sharp curve,,Fine,Unknown Vehicle,YES,Non injured ,0
01.05.2013,7:57 PM,1243,LHS,Urban,Ongole,Collision Brush/Side Wipe, Unknown Vehicle hit Buffalo Pedestrian,Unknown,Non injury,Over speed,Four lanes or more with central divider,Sharp curve,,Fine,Unknown Vehicle,YES,Animals affected,1
02.05.2013,3:55 AM,1332.8,LHS,Rural,K.Tippa ,Collision Brush/Side Wipe, Lorry hit Safety Wall,Lorry,Non injury,Fault of driver of motor vehicle/driver of other vehicle/cyclist/pedestrian/passenger,Four lanes or more with central divider,Straight road,,Fine,AP24TA 2445,YES,Fatal,0
02.05.2013,3:55 AM,1332.8,LHS,Rural,K.Tippa ,Collision Brush/Side Wipe, Lorry hit Safety Wall,Lorry,Non injury,Fault of driver of motor vehicle/driver of other vehicle/cyclist/pedestrian/passenger,Four lanes or more with central divider,Straight road,,Fine,AP24TA 2445,YES,Grevious,0
02.05.2013,3:55 AM,1332.8,LHS,Rural,K.Tippa ,Collision Brush/Side Wipe, Lorry hit Safety Wall,Lorry,Non injury,Fault of driver of motor vehicle/driver of other vehicle/cyclist/pedestrian/passenger,Four lanes or more with central divider,Straight road,,Fine,AP24TA 2445,YES,Minor,0