Operational date,Time of Accident,KM && M,Position,Rural/Urban,Location,Nature of Accident Position,Nature of Accident,Vehicle Involved,Type of Accident,Causes,Road Feature,Road condition,Intersection Type And Control,Weather Condition,Vehicle Responsible,Help Provided by Ambulance/Patroling Vehicle,Classification of Accident,No of Affected Persons
02.05.2013,3:55 AM,1332.8,LHS,Rural,K.Tippa ,Collision Brush/Side Wipe, Lorry hit Safety Wall,Lorry,Non injury,Fault of driver of motor vehicle/driver of other vehicle/cyclist/pedestrian/passenger,Four lanes or more with central divider,Straight road,,Fine,AP24TA 2445,YES,Non injured ,2
02.05.2013,3:55 AM,1332.8,LHS,Rural,K.Tippa ,Collision Brush/Side Wipe, Lorry hit Safety Wall,Lorry,Non injury,Fault of driver of motor vehicle/driver of other vehicle/cyclist/pedestrian/passenger,Four lanes or more with central divider,Straight road,,Fine,AP24TA 2445,YES,Animals affected,0
02.05.2013,5:40 PM,1355.6,LHS,Rural,Kodavaluru,Collision Brush/Side Wipe, Bike hit Unknown Vehicle,Bike,Grievious injury,Over speed,Four lanes or more with central divider,Straight road,,Fine,AP26J  8122,YES,Fatal,0
02.05.2013,5:40 PM,1355.6,LHS,Rural,Kodavaluru,Collision Brush/Side Wipe, Bike hit Unknown Vehicle,Bike,Grievious injury,Over speed,Four lanes or more with central divider,Straight road,,Fine,AP26J  8122,YES,Grevious,1
02.05.2013,5:40 PM,1355.6,LHS,Rural,Kodavaluru,Collision Brush/Side Wipe, Bike hit Unknown Vehicle,Bike,Grievious injury,Over speed,Four lanes or more with central divider,Straight road,,Fine,AP26J  8122,YES,Minor,0
02.05.2013,5:40 PM,1355.6,LHS,Rural,Kodavaluru,Collision Brush/Side Wipe, Bike hit Unknown Vehicle,Bike,Grievious injury,Over speed,Four lanes or more with central divider,Straight road,,Fine,AP26J  8122,YES,Non injured ,0
02.05.2013,5:40 PM,1355.6,LHS,Rural,Kodavaluru,Collision Brush/Side Wipe, Bike hit Unknown Vehicle,Bike,Grievious injury,Over speed,Four lanes or more with central divider,Straight road,,Fine,AP26J  8122,YES,Animals affected,0
02.05.2013,7:00 PM,1307.2,RHS,Rural,Gudluru,Others(p1.Specific), Car hit Pedestrian in Junction,Car,Fatal,Over speed,Three lanes or more without central divider(median),Straight road,Four arm junction,Fine,AP28BX 6602,YES,Fatal,1
02.05.2013,7:00 PM,1307.2,RHS,Rural,Gudluru,Others(p1.Specific), Car hit Pedestrian in Junction,Car,Fatal,Over speed,Three lanes or more without central divider(median),Straight road,Four arm junction,Fine,AP28BX 6602,YES,Grevious,0
02.05.2013,7:00 PM,1307.2,RHS,Rural,Gudluru,Others(p1.Specific), Car hit Pedestrian in Junction,Car,Fatal,Over speed,Three lanes or more without central divider(median),Straight road,Four arm junction,Fine,AP28BX 6602,YES,Minor,0
02.05.2013,7:00 PM,1307.2,RHS,Rural,Gudluru,Others(p1.Specific), Car hit Pedestrian in Junction,Car,Fatal,Over speed,Three lanes or more without central divider(median),Straight road,Four arm junction,Fine,AP28BX 6602,YES,Non injured ,0
02.05.2013,7:00 PM,1307.2,RHS,Rural,Gudluru,Others(p1.Specific), Car hit Pedestrian in Junction,Car,Fatal,Over speed,Three lanes or more without central divider(median),Straight road,Four arm junction,Fine,AP28BX 6602,YES,Animals affected,0
03.05.2013,3:20 AM,1290.4,RHS,Rural,Ulavapadu,Rear End Collision, Lorry hit Unknown Vehicle,Lorry,Non injury,Over speed,Four lanes or more with central divider,Straight road,,Fine,AP31X   0376,YES,Fatal,0
03.05.2013,3:20 AM,1290.4,RHS,Rural,Ulavapadu,Rear End Collision, Lorry hit Unknown Vehicle,Lorry,Non injury,Over speed,Four lanes or more with central divider,Straight road,,Fine,AP31X   0376,YES,Grevious,0
03.05.2013,3:20 AM,1290.4,RHS,Rural,Ulavapadu,Rear End Collision, Lorry hit Unknown Vehicle,Lorry,Non injury,Over speed,Four lanes or more with central divider,Straight road,,Fine,AP31X   0376,YES,Minor,0
03.05.2013,3:20 AM,1290.4,RHS,Rural,Ulavapadu,Rear End Collision, Lorry hit Unknown Vehicle,Lorry,Non injury,Over speed,Four lanes or more with central divider,Straight road,,Fine,AP31X   0376,YES,Non injured ,2
03.05.2013,3:20 AM,1290.4,RHS,Rural,Ulavapadu,Rear End Collision, Lorry hit Unknown Vehicle,Lorry,Non injury,Over speed,Four lanes or more with central divider,Straight road,,Fine,AP31X   0376,YES,Animals affected,0
03.05.2013,5:00 AM,1277,LHS,Rural,Singarayakonda,Collision Brush/Side Wipe, Lorry hit Safety Wall,Lorry,Non injury,Over speed,Four lanes or more with central divider,Straight road,,Fine,AP7TA    7479,YES,Fatal,0
03.05.2013,5:00 AM,1277,LHS,Rural,Singarayakonda,Collision Brush/Side Wipe, Lorry hit Safety Wall,Lorry,Non injury,Over speed,Four lanes or more with central divider,Straight road,,Fine,AP7TA    7479,YES,Grevious,0
03.05.2013,5:00 AM,1277,LHS,Rural,Singarayakonda,Collision Brush/Side Wipe, Lorry hit Safety Wall,Lorry,Non injury,Over speed,Four lanes or more with central divider,Straight road,,Fine,AP7TA    7479,YES,Minor,0
03.05.2013,5:00 AM,1277,LHS,Rural,Singarayakonda,Collision Brush/Side Wipe, Lorry hit Safety Wall,Lorry,Non injury,Over speed,Four lanes or more with central divider,Straight road,,Fine,AP7TA    7479,YES,Non injured ,2
03.05.2013,5:00 AM,1277,LHS,Rural,Singarayakonda,Collision Brush/Side Wipe, Lorry hit Safety Wall,Lorry,Non injury,Over speed,Four lanes or more with central divider,Straight road,,Fine,AP7TA    7479,YES,Animals affected,0
03.05.2013,5:33 PM,1324.5,LHS,Rural,Kavali,Overturning, Lorry Over Turned,Lorry,Non injury,Over speed,Four lanes or more with central divider,Straight road,,Fine,AP24TA  1719,YES,Fatal,0
03.05.2013,5:33 PM,1324.5,LHS,Rural,Kavali,Overturning, Lorry Over Turned,Lorry,Non injury,Over speed,Four lanes or more with central divider,Straight road,,Fine,AP24TA  1719,YES,Grevious,0
03.05.2013,5:33 PM,1324.5,LHS,Rural,Kavali,Overturning, Lorry Over Turned,Lorry,Non injury,Over speed,Four lanes or more with central divider,Straight road,,Fine,AP24TA  1719,YES,Minor,0
03.05.2013,5:33 PM,1324.5,LHS,Rural,Kavali,Overturning, Lorry Over Turned,Lorry,Non injury,Over speed,Four lanes or more with central divider,Straight road,,Fine,AP24TA  1719,YES,Non injured ,2
03.05.2013,5:33 PM,1324.5,LHS,Rural,Kavali,Overturning, Lorry Over Turned,Lorry,Non injury,Over speed,Four lanes or more with central divider,Straight road,,Fine,AP24TA  1719,YES,Animals affected,0
04.05.2013,2:30 AM,1324.6,RHS,Rural,Kavali,Rear End Collision, Lorry hit Lorry,Lorry,Fatal,Over speed,Four lanes or more with central divider,Straight road,,Fine,AP24TA   2233,YES,Fatal,1
04.05.2013,2:30 AM,1324.6,RHS,Rural,Kavali,Rear End Collision, Lorry hit Lorry,Lorry,Fatal,Over speed,Four lanes or more with central divider,Straight road,,Fine,AP24TA   2233,YES,Grevious,0
04.05.2013,2:30 AM,1324.6,RHS,Rural,Kavali,Rear End Collision, Lorry hit Lorry,Lorry,Fatal,Over speed,Four lanes or more with central divider,Straight road,,Fine,AP24TA   2233,YES,Minor,0
04.05.2013,2:30 AM,1324.6,RHS,Rural,Kavali,Rear End Collision, Lorry hit Lorry,Lorry,Fatal,Over speed,Four lanes or more with central divider,Straight road,,Fine,AP24TA   2233,YES,Non injured ,0
04.05.2013,2:30 AM,1324.6,RHS,Rural,Kavali,Rear End Collision, Lorry hit Lorry,Lorry,Fatal,Over speed,Four lanes or more with central divider,Straight road,,Fine,AP24TA   2233,YES,Animals affected,0
04.05.2013,5:05 AM,1324.5,LHS,Rural,Kavali,Collision Brush/Side Wipe, Lorry hit Safety Wall,Lorry,Non injury,Over speed,Four lanes or more with central divider,Straight road,,Fine,TN47Y     9474,YES,Fatal,0
04.05.2013,5:05 AM,1324.5,LHS,Rural,Kavali,Collision Brush/Side Wipe, Lorry hit Safety Wall,Lorry,Non injury,Over speed,Four lanes or more with central divider,Straight road,,Fine,TN47Y     9474,YES,Grevious,0
04.05.2013,5:05 AM,1324.5,LHS,Rural,Kavali,Collision Brush/Side Wipe, Lorry hit Safety Wall,Lorry,Non injury,Over speed,Four lanes or more with central divider,Straight road,,Fine,TN47Y     9474,YES,Minor,0
04.05.2013,5:05 AM,1324.5,LHS,Rural,Kavali,Collision Brush/Side Wipe, Lorry hit Safety Wall,Lorry,Non injury,Over speed,Four lanes or more with central divider,Straight road,,Fine,TN47Y     9474,YES,Non injured ,2
04.05.2013,5:05 AM,1324.5,LHS,Rural,Kavali,Collision Brush/Side Wipe, Lorry hit Safety Wall,Lorry,Non injury,Over speed,Four lanes or more with central divider,Straight road,,Fine,TN47Y     9474,YES,Animals affected,0
04.05.2013,6:50 AM,1344.6,RHS,Rural,Dagadarthi,Rear End Collision, Lorry hit Lorry,Lorry,Minor injury,Over speed,Four lanes or more with central divider,Straight road,,Fine,TN09AY     3033,YES,Fatal,0
04.05.2013,6:50 AM,1344.6,RHS,Rural,Dagadarthi,Rear End Collision, Lorry hit Lorry,Lorry,Minor injury,Over speed,Four lanes or more with central divider,Straight road,,Fine,TN09AY     3033,YES,Grevious,0
04.05.2013,6:50 AM,1344.6,RHS,Rural,Dagadarthi,Rear End Collision, Lorry hit Lorry,Lorry,Minor injury,Over speed,Four lanes or more with central divider,Straight road,,Fine,TN09AY     3033,YES,Minor,1
04.05.2013,6:50 AM,1344.6,RHS,Rural,Dagadarthi,Rear End Collision, Lorry hit Lorry,Lorry,Minor injury,Over speed,Four lanes or more with central divider,Straight road,,Fine,TN09AY     3033,YES,Non injured ,3
04.05.2013,6:50 AM,1344.6,RHS,Rural,Dagadarthi,Rear End Collision, Lorry hit Lorry,Lorry,Minor injury,Over speed,Four lanes or more with central divider,Straight road,,Fine,TN09AY     3033,YES,Animals affected,0
04.05.2013,7:25 AM,1260.7,RHS,Rural,Tangutur,Rear End Collision, Lorry hit Lorry,Lorry,Non injury,Over speed,Four lanes or more with central divider,Straight road,,Fine,AP16TB   9267,YES,Fatal,0
04.05.2013,7:25 AM,1260.7,RHS,Rural,Tangutur,Rear End Collision, Lorry hit Lorry,Lorry,Non injury,Over speed,Four lanes or more with central divider,Straight road,,Fine,AP16TB   9267,YES,Grevious,0
04.05.2013,7:25 AM,1260.7,RHS,Rural,Tangutur,Rear End Collision, Lorry hit Lorry,Lorry,Non injury,Over speed,Four lanes or more with central divider,Straight road,,Fine,AP16TB   9267,YES,Minor,0
04.05.2013,7:25 AM,1260.7,RHS,Rural,Tangutur,Rear End Collision, Lorry hit Lorry,Lorry,Non injury,Over speed,Four lanes or more with central divider,Straight road,,Fine,AP16TB   9267,YES,Non injured ,20
04.05.2013,7:25 AM,1260.7,RHS,Rural,Tangutur,Rear End Collision, Lorry hit Lorry,Lorry,Non injury,Over speed,Four lanes or more with central divider,Straight road,,Fine,AP16TB   9267,YES,Animals affected,0
04.05.2013,8:35 AM,1320.4,RHS,Rural,Kavali,Overturning, Lorry Over Turned,Lorry,Minor injury,Over speed,Four lanes or more with central divider,Straight road,,Fine,HR38R     5683,YES,Fatal,0
04.05.2013,8:35 AM,1320.4,RHS,Rural,Kavali,Overturning, Lorry Over Turned,Lorry,Minor injury,Over speed,Four lanes or more with central divider,Straight road,,Fine,HR38R     5683,YES,Grevious,0
04.05.2013,8:35 AM,1320.4,RHS,Rural,Kavali,Overturning, Lorry Over Turned,Lorry,Minor injury,Over speed,Four lanes or more with central divider,Straight road,,Fine,HR38R     5683,YES,Minor,1
04.05.2013,8:35 AM,1320.4,RHS,Rural,Kavali,Overturning, Lorry Over Turned,Lorry,Minor injury,Over speed,Four lanes or more with central divider,Straight road,,Fine,HR38R     5683,YES,Non injured ,1
04.05.2013,8:35 AM,1320.4,RHS,Rural,Kavali,Overturning, Lorry Over Turned,Lorry,Minor injury,Over speed,Four lanes or more with central divider,Straight road,,Fine,HR38R     5683,YES,Animals affected,0
05.05.2013,8:45 AM,1300,LHS,Rural,Gudluru,Overturning,Lorry      Over turned ,Lorry,Non injury,Over speed,Four lanes or more with central divider,Straight road,,Fine,OR07X 0599,YES,Fatal,0
05.05.2013,8:45 AM,1300,LHS,Rural,Gudluru,Overturning,Lorry      Over turned ,Lorry,Non injury,Over speed,Four lanes or more with central divider,Straight road,,Fine,OR07X 0599,YES,Grevious,0
05.05.2013,8:45 AM,1300,LHS,Rural,Gudluru,Overturning,Lorry      Over turned ,Lorry,Non injury,Over speed,Four lanes or more with central divider,Straight road,,Fine,OR07X 0599,YES,Minor,1
05.05.2013,8:45 AM,1300,LHS,Rural,Gudluru,Overturning,Lorry      Over turned ,Lorry,Non injury,Over speed,Four lanes or more with central divider,Straight road,,Fine,OR07X 0599,YES,Non injured ,0
05.05.2013,8:45 AM,1300,LHS,Rural,Gudluru,Overturning,Lorry      Over turned ,Lorry,Non injury,Over speed,Four lanes or more with central divider,Straight road,,Fine,OR07X 0599,YES,Animals affected,0
05.05.2013,10:50 PM,1261.5,LHS,Rural,Tangutur,Skidding,Bike Skidding  ,Bike,Grievious injury,Over speed,Four lanes or more with central divider,Straight road,,Fine,AP27AL 7566,YES,Fatal,0
05.05.2013,10:50 PM,1261.5,LHS,Rural,Tangutur,Skidding,Bike Skidding  ,Bike,Grievious injury,Over speed,Four lanes or more with central divider,Straight road,,Fine,AP27AL 7566,YES,Grevious,1
05.05.2013,10:50 PM,1261.5,LHS,Rural,Tangutur,Skidding,Bike Skidding  ,Bike,Grievious injury,Over speed,Four lanes or more with central divider,Straight road,,Fine,AP27AL 7566,YES,Minor,2
05.05.2013,10:50 PM,1261.5,LHS,Rural,Tangutur,Skidding,Bike Skidding  ,Bike,Grievious injury,Over speed,Four lanes or more with central divider,Straight road,,Fine,AP27AL 7566,YES,Non injured ,0
05.05.2013,10:50 PM,1261.5,LHS,Rural,Tangutur,Skidding,Bike Skidding  ,Bike,Grievious injury,Over speed,Four lanes or more with central divider,Straight road,,Fine,AP27AL 7566,YES,Animals affected,0
06.05.2013,1:20 AM,1344.7,LHS,Rural,Dagadarthi,Rear End Collision,Lorry hit   Bus,Lorry,Minor injury,Over speed,Four lanes or more with central divider,Straight road,,Fine,AP16TU    7119,YES,Fatal,0
06.05.2013,1:20 AM,1344.7,LHS,Rural,Dagadarthi,Rear End Collision,Lorry hit   Bus,Lorry,Minor injury,Over speed,Four lanes or more with central divider,Straight road,,Fine,AP16TU    7119,YES,Grevious,0
06.05.2013,1:20 AM,1344.7,LHS,Rural,Dagadarthi,Rear End Collision,Lorry hit   Bus,Lorry,Minor injury,Over speed,Four lanes or more with central divider,Straight road,,Fine,AP16TU    7119,YES,Minor,1
06.05.2013,1:20 AM,1344.7,LHS,Rural,Dagadarthi,Rear End Collision,Lorry hit   Bus,Lorry,Minor injury,Over speed,Four lanes or more with central divider,Straight road,,Fine,AP16TU    7119,YES,Non injured ,18
06.05.2013,1:20 AM,1344.7,LHS,Rural,Dagadarthi,Rear End Collision,Lorry hit   Bus,Lorry,Minor injury,Over speed,Four lanes or more with central divider,Straight road,,Fine,AP16TU    7119,YES,Animals affected,0
06.05.2013,1:27 AM,1274.8,LHS,Rural,Singarayakonda,Overturning,Lorry      Over turned ,Lorry,Fatal,Over speed,Four lanes or more with central divider,Straight road,,Fine,AP16TV   9577,YES,Fatal,10
06.05.2013,1:27 AM,1274.8,LHS,Rural,Singarayakonda,Overturning,Lorry      Over turned ,Lorry,Fatal,Over speed,Four lanes or more with central divider,Straight road,,Fine,AP16TV   9577,YES,Grevious,4
06.05.2013,1:27 AM,1274.8,LHS,Rural,Singarayakonda,Overturning,Lorry      Over turned ,Lorry,Fatal,Over speed,Four lanes or more with central divider,Straight road,,Fine,AP16TV   9577,YES,Minor,0
06.05.2013,1:27 AM,1274.8,LHS,Rural,Singarayakonda,Overturning,Lorry      Over turned ,Lorry,Fatal,Over speed,Four lanes or more with central divider,Straight road,,Fine,AP16TV   9577,YES,Non injured ,0
06.05.2013,1:27 AM,1274.8,LHS,Rural,Singarayakonda,Overturning,Lorry      Over turned ,Lorry,Fatal,Over speed,Four lanes or more with central divider,Straight road,,Fine,AP16TV   9577,YES,Animals affected,0
06.05.2013,3:45 AM,1226.2,RHS,Rural,Maddipadu,Rear End Collision,Bus hit  Lorry,Bus,Grievious injury,Over speed,Four lanes or more with central divider,Straight road,,Fine,AP29TB     6323,YES,Fatal,0
06.05.2013,3:45 AM,1226.2,RHS,Rural,Maddipadu,Rear End Collision,Bus hit  Lorry,Bus,Grievious injury,Over speed,Four lanes or more with central divider,Straight road,,Fine,AP29TB     6323,YES,Grevious,2
06.05.2013,3:45 AM,1226.2,RHS,Rural,Maddipadu,Rear End Collision,Bus hit  Lorry,Bus,Grievious injury,Over speed,Four lanes or more with central divider,Straight road,,Fine,AP29TB     6323,YES,Minor,0
06.05.2013,3:45 AM,1226.2,RHS,Rural,Maddipadu,Rear End Collision,Bus hit  Lorry,Bus,Grievious injury,Over speed,Four lanes or more with central divider,Straight road,,Fine,AP29TB     6323,YES,Non injured ,22
06.05.2013,3:45 AM,1226.2,RHS,Rural,Maddipadu,Rear End Collision,Bus hit  Lorry,Bus,Grievious injury,Over speed,Four lanes or more with central divider,Straight road,,Fine,AP29TB     6323,YES,Animals affected,0
06.05.2013,7:20 AM,1243.9,RHS,Rural,Ongole,Rear End Collision, Lorry hit Unknown Vehicle,Lorry,Grievious injury,Over speed,Four lanes or more with central divider,Straight road,,Fine,AP16TW     8489,YES,Fatal,0
06.05.2013,7:20 AM,1243.9,RHS,Rural,Ongole,Rear End Collision, Lorry hit Unknown Vehicle,Lorry,Grievious injury,Over speed,Four lanes or more with central divider,Straight road,,Fine,AP16TW     8489,YES,Grevious,1
06.05.2013,7:20 AM,1243.9,RHS,Rural,Ongole,Rear End Collision, Lorry hit Unknown Vehicle,Lorry,Grievious injury,Over speed,Four lanes or more with central divider,Straight road,,Fine,AP16TW     8489,YES,Minor,0
06.05.2013,7:20 AM,1243.9,RHS,Rural,Ongole,Rear End Collision, Lorry hit Unknown Vehicle,Lorry,Grievious injury,Over speed,Four lanes or more with central divider,Straight road,,Fine,AP16TW     8489,YES,Non injured ,1
06.05.2013,7:20 AM,1243.9,RHS,Rural,Ongole,Rear End Collision, Lorry hit Unknown Vehicle,Lorry,Grievious injury,Over speed,Four lanes or more with central divider,Straight road,,Fine,AP16TW     8489,YES,Animals affected,0
06.05.2013,7:40 AM,1223.4,RHS,Rural,Medarametla,Others(p1.Specific),Lorry Fall Down in  Culvert,Lorry,Non injury,Over speed,Four lanes or more with central divider,Straight road,,Fine,AP24TT    7685,YES,Fatal,0
06.05.2013,7:40 AM,1223.4,RHS,Rural,Medarametla,Others(p1.Specific),Lorry Fall Down in  Culvert,Lorry,Non injury,Over speed,Four lanes or more with central divider,Straight road,,Fine,AP24TT    7685,YES,Grevious,0
06.05.2013,7:40 AM,1223.4,RHS,Rural,Medarametla,Others(p1.Specific),Lorry Fall Down in  Culvert,Lorry,Non injury,Over speed,Four lanes or more with central divider,Straight road,,Fine,AP24TT    7685,YES,Minor,0
06.05.2013,7:40 AM,1223.4,RHS,Rural,Medarametla,Others(p1.Specific),Lorry Fall Down in  Culvert,Lorry,Non injury,Over speed,Four lanes or more with central divider,Straight road,,Fine,AP24TT    7685,YES,Non injured ,2
06.05.2013,7:40 AM,1223.4,RHS,Rural,Medarametla,Others(p1.Specific),Lorry Fall Down in  Culvert,Lorry,Non injury,Over speed,Four lanes or more with central divider,Straight road,,Fine,AP24TT    7685,YES,Animals affected,0
06.05.2013,9:10 AM,1273.5,RHS,Rural,Singarayakonda,Collision Brush/Side Wipe,Tipper hit Bridg Wall,Lorry,Non injury,Over speed,Four lanes or more with central divider,Straight road,,Fine,AP26TA     5299,YES,Fatal,0
06.05.2013,9:10 AM,1273.5,RHS,Rural,Singarayakonda,Collision Brush/Side Wipe,Tipper hit Bridg Wall,Lorry,Non injury,Over speed,Four lanes or more with central divider,Straight road,,Fine,AP26TA     5299,YES,Grevious,0
06.05.2013,9:10 AM,1273.5,RHS,Rural,Singarayakonda,Collision Brush/Side Wipe,Tipper hit Bridg Wall,Lorry,Non injury,Over speed,Four lanes or more with central divider,Straight road,,Fine,AP26TA     5299,YES,Minor,0
06.05.2013,9:10 AM,1273.5,RHS,Rural,Singarayakonda,Collision Brush/Side Wipe,Tipper hit Bridg Wall,Lorry,Non injury,Over speed,Four lanes or more with central divider,Straight road,,Fine,AP26TA     5299,YES,Non injured ,2
06.05.2013,9:10 AM,1273.5,RHS,Rural,Singarayakonda,Collision Brush/Side Wipe,Tipper hit Bridg Wall,Lorry,Non injury,Over speed,Four lanes or more with central divider,Straight road,,Fine,AP26TA     5299,YES,Animals affected,0
06.05.2013,11:40 AM,1256.5,RHS,Rural,Tangutur,Head on collision,Car hit     Car,Car,Grievious injury,Over speed,Four lanes or more with central divider,Slight curve,,Fine,AP26AR     6165,YES,Fatal,0
06.05.2013,11:40 AM,1256.5,RHS,Rural,Tangutur,Head on collision,Car hit     Car,Car,Grievious injury,Over speed,Four lanes or more with central divider,Slight curve,,Fine,AP26AR     6165,YES,Grevious,2
06.05.2013,11:40 AM,1256.5,RHS,Rural,Tangutur,Head on collision,Car hit     Car,Car,Grievious injury,Over speed,Four lanes or more with central divider,Slight curve,,Fine,AP26AR     6165,YES,Minor,4
06.05.2013,11:40 AM,1256.5,RHS,Rural,Tangutur,Head on collision,Car hit     Car,Car,Grievious injury,Over speed,Four lanes or more with central divider,Slight curve,,Fine,AP26AR     6165,YES,Non injured ,0
06.05.2013,11:40 AM,1256.5,RHS,Rural,Tangutur,Head on collision,Car hit     Car,Car,Grievious injury,Over speed,Four lanes or more with central divider,Slight curve,,Fine,AP26AR     6165,YES,Animals affected,0
07.05.2013,8:40 AM,1281.1,RHS,Rural,Singarayakonda,Collision Brush/Side Wipe,Lorry hit Unknown Vehicle,Lorry,Grievious injury,Over speed,Four lanes or more with central divider,Straight road,,Fine,TN04AB  4792,YES,Fatal,0
07.05.2013,8:40 AM,1281.1,RHS,Rural,Singarayakonda,Collision Brush/Side Wipe,Lorry hit Unknown Vehicle,Lorry,Grievious injury,Over speed,Four lanes or more with central divider,Straight road,,Fine,TN04AB  4792,YES,Grevious,1
07.05.2013,8:40 AM,1281.1,RHS,Rural,Singarayakonda,Collision Brush/Side Wipe,Lorry hit Unknown Vehicle,Lorry,Grievious injury,Over speed,Four lanes or more with central divider,Straight road,,Fine,TN04AB  4792,YES,Minor,0
07.05.2013,8:40 AM,1281.1,RHS,Rural,Singarayakonda,Collision Brush/Side Wipe,Lorry hit Unknown Vehicle,Lorry,Grievious injury,Over speed,Four lanes or more with central divider,Straight road,,Fine,TN04AB  4792,YES,Non injured ,2
07.05.2013,8:40 AM,1281.1,RHS,Rural,Singarayakonda,Collision Brush/Side Wipe,Lorry hit Unknown Vehicle,Lorry,Grievious injury,Over speed,Four lanes or more with central divider,Straight road,,Fine,TN04AB  4792,YES,Animals affected,0
07.05.2013,11:25 AM,1275.7,RHS,Rural,Singarayakonda,Collision Brush/Side Wipe,Crane hit Lorry,Crane,Non injury,Over speed,Four lanes or more with central divider,Straight road,,Fine,AP27AN  5796,YES,Fatal,0
07.05.2013,11:25 AM,1275.7,RHS,Rural,Singarayakonda,Collision Brush/Side Wipe,Crane hit Lorry,Crane,Non injury,Over speed,Four lanes or more with central divider,Straight road,,Fine,AP27AN  5796,YES,Grevious,0
07.05.2013,11:25 AM,1275.7,RHS,Rural,Singarayakonda,Collision Brush/Side Wipe,Crane hit Lorry,Crane,Non injury,Over speed,Four lanes or more with central divider,Straight road,,Fine,AP27AN  5796,YES,Minor,0
07.05.2013,11:25 AM,1275.7,RHS,Rural,Singarayakonda,Collision Brush/Side Wipe,Crane hit Lorry,Crane,Non injury,Over speed,Four lanes or more with central divider,Straight road,,Fine,AP27AN  5796,YES,Non injured ,3
07.05.2013,11:25 AM,1275.7,RHS,Rural,Singarayakonda,Collision Brush/Side Wipe,Crane hit Lorry,Crane,Non injury,Over speed,Four lanes or more with central divider,Straight road,,Fine,AP27AN  5796,YES,Animals affected,0
08.05.2013,4:45 AM,1266.2,LHS,Rural,Tangutur,Rear End Collision,RTC Bus   hit Lorry ,Bus,Non injury,Fault of driver of motor vehicle/driver of other vehicle/cyclist/pedestrian/passenger,Four lanes or more with central divider,Straight road,,Fine,AP11Z      6070,YES,Fatal,0
08.05.2013,4:45 AM,1266.2,LHS,Rural,Tangutur,Rear End Collision,RTC Bus   hit Lorry ,Bus,Non injury,Fault of driver of motor vehicle/driver of other vehicle/cyclist/pedestrian/passenger,Four lanes or more with central divider,Straight road,,Fine,AP11Z      6070,YES,Grevious,0
08.05.2013,4:45 AM,1266.2,LHS,Rural,Tangutur,Rear End Collision,RTC Bus   hit Lorry ,Bus,Non injury,Fault of driver of motor vehicle/driver of other vehicle/cyclist/pedestrian/passenger,Four lanes or more with central divider,Straight road,,Fine,AP11Z      6070,YES,Minor,0
08.05.2013,4:45 AM,1266.2,LHS,Rural,Tangutur,Rear End Collision,RTC Bus   hit Lorry ,Bus,Non injury,Fault of driver of motor vehicle/driver of other vehicle/cyclist/pedestrian/passenger,Four lanes or more with central divider,Straight road,,Fine,AP11Z      6070,YES,Non injured ,28
08.05.2013,4:45 AM,1266.2,LHS,Rural,Tangutur,Rear End Collision,RTC Bus   hit Lorry ,Bus,Non injury,Fault of driver of motor vehicle/driver of other vehicle/cyclist/pedestrian/passenger,Four lanes or more with central divider,Straight road,,Fine,AP11Z      6070,YES,Animals affected,0
08.05.2013,6:00 AM,1357.9,LHS,Rural,Kodavaluru,Rear End Collision,Lorry hit    Trolley,Lorry,Grievious injury,Over speed,Four lanes or more with central divider,Straight road,,Fine,AP05TU    3645,YES,Fatal,0
08.05.2013,6:00 AM,1357.9,LHS,Rural,Kodavaluru,Rear End Collision,Lorry hit    Trolley,Lorry,Grievious injury,Over speed,Four lanes or more with central divider,Straight road,,Fine,AP05TU    3645,YES,Grevious,2
08.05.2013,6:00 AM,1357.9,LHS,Rural,Kodavaluru,Rear End Collision,Lorry hit    Trolley,Lorry,Grievious injury,Over speed,Four lanes or more with central divider,Straight road,,Fine,AP05TU    3645,YES,Minor,1
08.05.2013,6:00 AM,1357.9,LHS,Rural,Kodavaluru,Rear End Collision,Lorry hit    Trolley,Lorry,Grievious injury,Over speed,Four lanes or more with central divider,Straight road,,Fine,AP05TU    3645,YES,Non injured ,0
08.05.2013,6:00 AM,1357.9,LHS,Rural,Kodavaluru,Rear End Collision,Lorry hit    Trolley,Lorry,Grievious injury,Over speed,Four lanes or more with central divider,Straight road,,Fine,AP05TU    3645,YES,Animals affected,0
08.05.2013,5:10 PM,1281.2,LHS,Rural,Singarayakonda,Head on collision,RTC Bus   hit Bike ,Bus,Fatal,Fault of driver of motor vehicle/driver of other vehicle/cyclist/pedestrian/passenger,Four lanes or more with central divider,Straight road,,Fine,AP26Y  9579,YES,Fatal,3
08.05.2013,5:10 PM,1281.2,LHS,Rural,Singarayakonda,Head on collision,RTC Bus   hit Bike ,Bus,Fatal,Fault of driver of motor vehicle/driver of other vehicle/cyclist/pedestrian/passenger,Four lanes or more with central divider,Straight road,,Fine,AP26Y  9579,YES,Grevious,0
08.05.2013,5:10 PM,1281.2,LHS,Rural,Singarayakonda,Head on collision,RTC Bus   hit Bike ,Bus,Fatal,Fault of driver of motor vehicle/driver of other vehicle/cyclist/pedestrian/passenger,Four lanes or more with central divider,Straight road,,Fine,AP26Y  9579,YES,Minor,0
08.05.2013,5:10 PM,1281.2,LHS,Rural,Singarayakonda,Head on collision,RTC Bus   hit Bike ,Bus,Fatal,Fault of driver of motor vehicle/driver of other vehicle/cyclist/pedestrian/passenger,Four lanes or more with central divider,Straight road,,Fine,AP26Y  9579,YES,Non injured ,20
08.05.2013,5:10 PM,1281.2,LHS,Rural,Singarayakonda,Head on collision,RTC Bus   hit Bike ,Bus,Fatal,Fault of driver of motor vehicle/driver of other vehicle/cyclist/pedestrian/passenger,Four lanes or more with central divider,Straight road,,Fine,AP26Y  9579,YES,Animals affected,0