Operational date,Time of Accident,KM && M,Position,Rural/Urban,Location,Nature of Accident Position,Nature of Accident,Vehicle Involved,Type of Accident,Causes,Road Feature,Road condition,Intersection Type And Control,Weather Condition,Vehicle Responsible,Help Provided by Ambulance/Patroling Vehicle,Classification of Accident,No of Affected Persons
09.05.2013,6:00 AM,1210,RHS,Rural,Reningavaram,Overturning,Lorry      Over turned ,Lorry,Non injury,Over speed,Four lanes or more with central divider,Straight road,,Fine,AP16TB    7335,YES,Fatal,0
09.05.2013,6:00 AM,1210,RHS,Rural,Reningavaram,Overturning,Lorry      Over turned ,Lorry,Non injury,Over speed,Four lanes or more with central divider,Straight road,,Fine,AP16TB    7335,YES,Grevious,0
09.05.2013,6:00 AM,1210,RHS,Rural,Reningavaram,Overturning,Lorry      Over turned ,Lorry,Non injury,Over speed,Four lanes or more with central divider,Straight road,,Fine,AP16TB    7335,YES,Minor,0
09.05.2013,6:00 AM,1210,RHS,Rural,Reningavaram,Overturning,Lorry      Over turned ,Lorry,Non injury,Over speed,Four lanes or more with central divider,Straight road,,Fine,AP16TB    7335,YES,Non injured ,2
09.05.2013,6:00 AM,1210,RHS,Rural,Reningavaram,Overturning,Lorry      Over turned ,Lorry,Non injury,Over speed,Four lanes or more with central divider,Straight road,,Fine,AP16TB    7335,YES,Animals affected,0
09.05.2013,6:50 AM,1318,RHS,Rural,Kavali,Overturning,Lorry      Over turned ,Lorry,Minor injury,Over speed,Four lanes or more with central divider,Straight road,,Fine,AP27W   5167,YES,Fatal,0
09.05.2013,6:50 AM,1318,RHS,Rural,Kavali,Overturning,Lorry      Over turned ,Lorry,Minor injury,Over speed,Four lanes or more with central divider,Straight road,,Fine,AP27W   5167,YES,Grevious,0
09.05.2013,6:50 AM,1318,RHS,Rural,Kavali,Overturning,Lorry      Over turned ,Lorry,Minor injury,Over speed,Four lanes or more with central divider,Straight road,,Fine,AP27W   5167,YES,Minor,2
09.05.2013,6:50 AM,1318,RHS,Rural,Kavali,Overturning,Lorry      Over turned ,Lorry,Minor injury,Over speed,Four lanes or more with central divider,Straight road,,Fine,AP27W   5167,YES,Non injured ,0
09.05.2013,6:50 AM,1318,RHS,Rural,Kavali,Overturning,Lorry      Over turned ,Lorry,Minor injury,Over speed,Four lanes or more with central divider,Straight road,,Fine,AP27W   5167,YES,Animals affected,0
09.05.2013,10:20 AM,1348.4,RHS,Rural,Dagadarthi,Skidding,Bike Skidding  ,Bike,Minor injury,Over speed,Four lanes or more with central divider,Straight road,,Fine,AP26J   6353,YES,Fatal,0
09.05.2013,10:20 AM,1348.4,RHS,Rural,Dagadarthi,Skidding,Bike Skidding  ,Bike,Minor injury,Over speed,Four lanes or more with central divider,Straight road,,Fine,AP26J   6353,YES,Grevious,0
09.05.2013,10:20 AM,1348.4,RHS,Rural,Dagadarthi,Skidding,Bike Skidding  ,Bike,Minor injury,Over speed,Four lanes or more with central divider,Straight road,,Fine,AP26J   6353,YES,Minor,2
09.05.2013,10:20 AM,1348.4,RHS,Rural,Dagadarthi,Skidding,Bike Skidding  ,Bike,Minor injury,Over speed,Four lanes or more with central divider,Straight road,,Fine,AP26J   6353,YES,Non injured ,0
09.05.2013,10:20 AM,1348.4,RHS,Rural,Dagadarthi,Skidding,Bike Skidding  ,Bike,Minor injury,Over speed,Four lanes or more with central divider,Straight road,,Fine,AP26J   6353,YES,Animals affected,0
10.05.2013,5:05 AM,1270.9,RHS,Rural,Jarugumalli,Collision Brush/Side Wipe,Unknown Vehicle hit Pedestrian,Unknown,Fatal,Over speed,Four lanes or more with central divider,Straight road,,Fine,Unknown Vehicle,YES,Fatal,1
10.05.2013,5:05 AM,1270.9,RHS,Rural,Jarugumalli,Collision Brush/Side Wipe,Unknown Vehicle hit Pedestrian,Unknown,Fatal,Over speed,Four lanes or more with central divider,Straight road,,Fine,Unknown Vehicle,YES,Grevious,0
10.05.2013,5:05 AM,1270.9,RHS,Rural,Jarugumalli,Collision Brush/Side Wipe,Unknown Vehicle hit Pedestrian,Unknown,Fatal,Over speed,Four lanes or more with central divider,Straight road,,Fine,Unknown Vehicle,YES,Minor,0
10.05.2013,5:05 AM,1270.9,RHS,Rural,Jarugumalli,Collision Brush/Side Wipe,Unknown Vehicle hit Pedestrian,Unknown,Fatal,Over speed,Four lanes or more with central divider,Straight road,,Fine,Unknown Vehicle,YES,Non injured ,0
10.05.2013,5:05 AM,1270.9,RHS,Rural,Jarugumalli,Collision Brush/Side Wipe,Unknown Vehicle hit Pedestrian,Unknown,Fatal,Over speed,Four lanes or more with central divider,Straight road,,Fine,Unknown Vehicle,YES,Animals affected,0
10.05.2013,6:50 PM,1296.7,RHS,Rural,Ulavapadu,Overturning,Tractor        Overturned,Tractor,Non injury,Fault of driver of motor vehicle/driver of other vehicle/cyclist/pedestrian/passenger,Four lanes or more with central divider,Straight road,,Fine,AP26TA    1702,YES,Fatal,0
10.05.2013,6:50 PM,1296.7,RHS,Rural,Ulavapadu,Overturning,Tractor        Overturned,Tractor,Non injury,Fault of driver of motor vehicle/driver of other vehicle/cyclist/pedestrian/passenger,Four lanes or more with central divider,Straight road,,Fine,AP26TA    1702,YES,Grevious,0
10.05.2013,6:50 PM,1296.7,RHS,Rural,Ulavapadu,Overturning,Tractor        Overturned,Tractor,Non injury,Fault of driver of motor vehicle/driver of other vehicle/cyclist/pedestrian/passenger,Four lanes or more with central divider,Straight road,,Fine,AP26TA    1702,YES,Minor,0
10.05.2013,6:50 PM,1296.7,RHS,Rural,Ulavapadu,Overturning,Tractor        Overturned,Tractor,Non injury,Fault of driver of motor vehicle/driver of other vehicle/cyclist/pedestrian/passenger,Four lanes or more with central divider,Straight road,,Fine,AP26TA    1702,YES,Non injured ,2
10.05.2013,6:50 PM,1296.7,RHS,Rural,Ulavapadu,Overturning,Tractor        Overturned,Tractor,Non injury,Fault of driver of motor vehicle/driver of other vehicle/cyclist/pedestrian/passenger,Four lanes or more with central divider,Straight road,,Fine,AP26TA    1702,YES,Animals affected,0
11.05.2013,12:40 AM,1240.2,RHS,Rural,Ongole,Overturning,Tractor        Overturned,Tractor,Non injury,Over speed,Four lanes or more with central divider,Slight curve,T-Junction,Fine,AP07TB     0074,YES,Fatal,0
11.05.2013,12:40 AM,1240.2,RHS,Rural,Ongole,Overturning,Tractor        Overturned,Tractor,Non injury,Over speed,Four lanes or more with central divider,Slight curve,T-Junction,Fine,AP07TB     0074,YES,Grevious,0
11.05.2013,12:40 AM,1240.2,RHS,Rural,Ongole,Overturning,Tractor        Overturned,Tractor,Non injury,Over speed,Four lanes or more with central divider,Slight curve,T-Junction,Fine,AP07TB     0074,YES,Minor,0
11.05.2013,12:40 AM,1240.2,RHS,Rural,Ongole,Overturning,Tractor        Overturned,Tractor,Non injury,Over speed,Four lanes or more with central divider,Slight curve,T-Junction,Fine,AP07TB     0074,YES,Non injured ,2
11.05.2013,12:40 AM,1240.2,RHS,Rural,Ongole,Overturning,Tractor        Overturned,Tractor,Non injury,Over speed,Four lanes or more with central divider,Slight curve,T-Junction,Fine,AP07TB     0074,YES,Animals affected,0
11.05.2013,5:30 AM,1270,RHS,Rural,Jarugumalli,Collision Brush/Side Wipe,Car hit Median,Car,Non injury,Over speed,Four lanes or more with central divider,Straight road,,Fine,AP27AK      8919,YES,Fatal,0
11.05.2013,5:30 AM,1270,RHS,Rural,Jarugumalli,Collision Brush/Side Wipe,Car hit Median,Car,Non injury,Over speed,Four lanes or more with central divider,Straight road,,Fine,AP27AK      8919,YES,Grevious,0
11.05.2013,5:30 AM,1270,RHS,Rural,Jarugumalli,Collision Brush/Side Wipe,Car hit Median,Car,Non injury,Over speed,Four lanes or more with central divider,Straight road,,Fine,AP27AK      8919,YES,Minor,0
11.05.2013,5:30 AM,1270,RHS,Rural,Jarugumalli,Collision Brush/Side Wipe,Car hit Median,Car,Non injury,Over speed,Four lanes or more with central divider,Straight road,,Fine,AP27AK      8919,YES,Non injured ,3
11.05.2013,5:30 AM,1270,RHS,Rural,Jarugumalli,Collision Brush/Side Wipe,Car hit Median,Car,Non injury,Over speed,Four lanes or more with central divider,Straight road,,Fine,AP27AK      8919,YES,Animals affected,0
11.05.2013,8:45 AM,1313.2,RHS,Rural,Kavali,Collision Brush/Side Wipe,Bike hit     Car,Bike,Fatal,Over speed,Four lanes or more with central divider,Straight road,T-Junction,Fine,AP5TU  1625,YES,Fatal,1
11.05.2013,8:45 AM,1313.2,RHS,Rural,Kavali,Collision Brush/Side Wipe,Bike hit     Car,Bike,Fatal,Over speed,Four lanes or more with central divider,Straight road,T-Junction,Fine,AP5TU  1625,YES,Grevious,1
11.05.2013,8:45 AM,1313.2,RHS,Rural,Kavali,Collision Brush/Side Wipe,Bike hit     Car,Bike,Fatal,Over speed,Four lanes or more with central divider,Straight road,T-Junction,Fine,AP5TU  1625,YES,Minor,0
11.05.2013,8:45 AM,1313.2,RHS,Rural,Kavali,Collision Brush/Side Wipe,Bike hit     Car,Bike,Fatal,Over speed,Four lanes or more with central divider,Straight road,T-Junction,Fine,AP5TU  1625,YES,Non injured ,0
11.05.2013,8:45 AM,1313.2,RHS,Rural,Kavali,Collision Brush/Side Wipe,Bike hit     Car,Bike,Fatal,Over speed,Four lanes or more with central divider,Straight road,T-Junction,Fine,AP5TU  1625,YES,Animals affected,0
11.05.2013,1:58 PM,1334.8,LHS,Rural,K.Tippa ,Overturning,Rice cutter mechine over turned,Rice cutter machine,Grievious injury,Over speed,Four lanes or more with central divider,Straight road,,Fine,TN55P   6537,YES,Fatal,0
11.05.2013,1:58 PM,1334.8,LHS,Rural,K.Tippa ,Overturning,Rice cutter mechine over turned,Rice cutter machine,Grievious injury,Over speed,Four lanes or more with central divider,Straight road,,Fine,TN55P   6537,YES,Grevious,1
11.05.2013,1:58 PM,1334.8,LHS,Rural,K.Tippa ,Overturning,Rice cutter mechine over turned,Rice cutter machine,Grievious injury,Over speed,Four lanes or more with central divider,Straight road,,Fine,TN55P   6537,YES,Minor,1
11.05.2013,1:58 PM,1334.8,LHS,Rural,K.Tippa ,Overturning,Rice cutter mechine over turned,Rice cutter machine,Grievious injury,Over speed,Four lanes or more with central divider,Straight road,,Fine,TN55P   6537,YES,Non injured ,0
11.05.2013,1:58 PM,1334.8,LHS,Rural,K.Tippa ,Overturning,Rice cutter mechine over turned,Rice cutter machine,Grievious injury,Over speed,Four lanes or more with central divider,Straight road,,Fine,TN55P   6537,YES,Animals affected,0
12.05.2013,8:30 AM,1219.1,RHS,Rural,Medarametla,Rear End Collision,Mini Lorry hit Unknown Vehicle,Lorry,Non injury,Over speed,Four lanes or more with central divider,Sharp curve,,Fine,AP29T     7480,YES,Fatal,0
12.05.2013,8:30 AM,1219.1,RHS,Rural,Medarametla,Rear End Collision,Mini Lorry hit Unknown Vehicle,Lorry,Non injury,Over speed,Four lanes or more with central divider,Sharp curve,,Fine,AP29T     7480,YES,Grevious,0
12.05.2013,8:30 AM,1219.1,RHS,Rural,Medarametla,Rear End Collision,Mini Lorry hit Unknown Vehicle,Lorry,Non injury,Over speed,Four lanes or more with central divider,Sharp curve,,Fine,AP29T     7480,YES,Minor,0
12.05.2013,8:30 AM,1219.1,RHS,Rural,Medarametla,Rear End Collision,Mini Lorry hit Unknown Vehicle,Lorry,Non injury,Over speed,Four lanes or more with central divider,Sharp curve,,Fine,AP29T     7480,YES,Non injured ,2
12.05.2013,8:30 AM,1219.1,RHS,Rural,Medarametla,Rear End Collision,Mini Lorry hit Unknown Vehicle,Lorry,Non injury,Over speed,Four lanes or more with central divider,Sharp curve,,Fine,AP29T     7480,YES,Animals affected,0
12.05.2013,9:50 AM,1358.1,RHS,Rural,Kodavaluru,Rear End Collision,Trolley hit Bike,Trolley,Grievious injury,Over speed,Four lanes or more with central divider,Straight road,,Fine,TN47V    8346,YES,Fatal,0
12.05.2013,9:50 AM,1358.1,RHS,Rural,Kodavaluru,Rear End Collision,Trolley hit Bike,Trolley,Grievious injury,Over speed,Four lanes or more with central divider,Straight road,,Fine,TN47V    8346,YES,Grevious,2
12.05.2013,9:50 AM,1358.1,RHS,Rural,Kodavaluru,Rear End Collision,Trolley hit Bike,Trolley,Grievious injury,Over speed,Four lanes or more with central divider,Straight road,,Fine,TN47V    8346,YES,Minor,1
12.05.2013,9:50 AM,1358.1,RHS,Rural,Kodavaluru,Rear End Collision,Trolley hit Bike,Trolley,Grievious injury,Over speed,Four lanes or more with central divider,Straight road,,Fine,TN47V    8346,YES,Non injured ,0
12.05.2013,9:50 AM,1358.1,RHS,Rural,Kodavaluru,Rear End Collision,Trolley hit Bike,Trolley,Grievious injury,Over speed,Four lanes or more with central divider,Straight road,,Fine,TN47V    8346,YES,Animals affected,0
12.05.2013,8:30 PM,1263.2,LHS,Rural,Tangutur,Rear End Collision,Lorry hit     Car,Lorry,Grievious injury,Over speed,Four lanes or more with central divider,Straight road,,Fine,AP16TC    5459,YES,Fatal,0
12.05.2013,8:30 PM,1263.2,LHS,Rural,Tangutur,Rear End Collision,Lorry hit     Car,Lorry,Grievious injury,Over speed,Four lanes or more with central divider,Straight road,,Fine,AP16TC    5459,YES,Grevious,2
12.05.2013,8:30 PM,1263.2,LHS,Rural,Tangutur,Rear End Collision,Lorry hit     Car,Lorry,Grievious injury,Over speed,Four lanes or more with central divider,Straight road,,Fine,AP16TC    5459,YES,Minor,4
12.05.2013,8:30 PM,1263.2,LHS,Rural,Tangutur,Rear End Collision,Lorry hit     Car,Lorry,Grievious injury,Over speed,Four lanes or more with central divider,Straight road,,Fine,AP16TC    5459,YES,Non injured ,2
12.05.2013,8:30 PM,1263.2,LHS,Rural,Tangutur,Rear End Collision,Lorry hit     Car,Lorry,Grievious injury,Over speed,Four lanes or more with central divider,Straight road,,Fine,AP16TC    5459,YES,Animals affected,0
13.05.2013,3:50 AM,1213.2,RHS,Rural,Medarametla,Collision Brush/Side Wipe, Car hit Unknown Vehicle,Car,Fatal,Over speed,Four lanes or more with central divider,Straight road,,Fine,KA09MA    6269,YES,Fatal,1
13.05.2013,3:50 AM,1213.2,RHS,Rural,Medarametla,Collision Brush/Side Wipe, Car hit Unknown Vehicle,Car,Fatal,Over speed,Four lanes or more with central divider,Straight road,,Fine,KA09MA    6269,YES,Grevious,1
13.05.2013,3:50 AM,1213.2,RHS,Rural,Medarametla,Collision Brush/Side Wipe, Car hit Unknown Vehicle,Car,Fatal,Over speed,Four lanes or more with central divider,Straight road,,Fine,KA09MA    6269,YES,Minor,1
13.05.2013,3:50 AM,1213.2,RHS,Rural,Medarametla,Collision Brush/Side Wipe, Car hit Unknown Vehicle,Car,Fatal,Over speed,Four lanes or more with central divider,Straight road,,Fine,KA09MA    6269,YES,Non injured ,0
13.05.2013,3:50 AM,1213.2,RHS,Rural,Medarametla,Collision Brush/Side Wipe, Car hit Unknown Vehicle,Car,Fatal,Over speed,Four lanes or more with central divider,Straight road,,Fine,KA09MA    6269,YES,Animals affected,0
13.05.2013,6:40 AM,1321.9,LHS,Rural,Kavali,Overturning,Lorry      Over turned ,Lorry,Minor injury,Over speed,Four lanes or more with central divider,Straight road,,Fine,OR07J    4309,YES,Fatal,0
13.05.2013,6:40 AM,1321.9,LHS,Rural,Kavali,Overturning,Lorry      Over turned ,Lorry,Minor injury,Over speed,Four lanes or more with central divider,Straight road,,Fine,OR07J    4309,YES,Grevious,0
13.05.2013,6:40 AM,1321.9,LHS,Rural,Kavali,Overturning,Lorry      Over turned ,Lorry,Minor injury,Over speed,Four lanes or more with central divider,Straight road,,Fine,OR07J    4309,YES,Minor,1
13.05.2013,6:40 AM,1321.9,LHS,Rural,Kavali,Overturning,Lorry      Over turned ,Lorry,Minor injury,Over speed,Four lanes or more with central divider,Straight road,,Fine,OR07J    4309,YES,Non injured ,0
13.05.2013,6:40 AM,1321.9,LHS,Rural,Kavali,Overturning,Lorry      Over turned ,Lorry,Minor injury,Over speed,Four lanes or more with central divider,Straight road,,Fine,OR07J    4309,YES,Animals affected,0
14.05.2013,12:12 AM,1275,RHS,Rural,Singarayakonda,Overturning,Lorry      Over turned ,Lorry,Non injury,Fault of driver of motor vehicle/driver of other vehicle/cyclist/pedestrian/passenger,Four lanes or more with central divider,Straight road,,Fine,HR55H   6078,YES,Fatal,0
14.05.2013,12:12 AM,1275,RHS,Rural,Singarayakonda,Overturning,Lorry      Over turned ,Lorry,Non injury,Fault of driver of motor vehicle/driver of other vehicle/cyclist/pedestrian/passenger,Four lanes or more with central divider,Straight road,,Fine,HR55H   6078,YES,Grevious,0
14.05.2013,12:12 AM,1275,RHS,Rural,Singarayakonda,Overturning,Lorry      Over turned ,Lorry,Non injury,Fault of driver of motor vehicle/driver of other vehicle/cyclist/pedestrian/passenger,Four lanes or more with central divider,Straight road,,Fine,HR55H   6078,YES,Minor,0
14.05.2013,12:12 AM,1275,RHS,Rural,Singarayakonda,Overturning,Lorry      Over turned ,Lorry,Non injury,Fault of driver of motor vehicle/driver of other vehicle/cyclist/pedestrian/passenger,Four lanes or more with central divider,Straight road,,Fine,HR55H   6078,YES,Non injured ,1
14.05.2013,12:12 AM,1275,RHS,Rural,Singarayakonda,Overturning,Lorry      Over turned ,Lorry,Non injury,Fault of driver of motor vehicle/driver of other vehicle/cyclist/pedestrian/passenger,Four lanes or more with central divider,Straight road,,Fine,HR55H   6078,YES,Animals affected,0
15.05.2013,12:30 AM,1344.3,LHS,Rural,Dagadarthi,Rear End Collision,Tata Magic Auto hit Car    ,Auto,Grievious injury,Over speed,Four lanes or more with central divider,Straight road,,Fine,AP26TB    8064,YES,Fatal,0
15.05.2013,12:30 AM,1344.3,LHS,Rural,Dagadarthi,Rear End Collision,Tata Magic Auto hit Car    ,Auto,Grievious injury,Over speed,Four lanes or more with central divider,Straight road,,Fine,AP26TB    8064,YES,Grevious,1
15.05.2013,12:30 AM,1344.3,LHS,Rural,Dagadarthi,Rear End Collision,Tata Magic Auto hit Car    ,Auto,Grievious injury,Over speed,Four lanes or more with central divider,Straight road,,Fine,AP26TB    8064,YES,Minor,0
15.05.2013,12:30 AM,1344.3,LHS,Rural,Dagadarthi,Rear End Collision,Tata Magic Auto hit Car    ,Auto,Grievious injury,Over speed,Four lanes or more with central divider,Straight road,,Fine,AP26TB    8064,YES,Non injured ,4
15.05.2013,12:30 AM,1344.3,LHS,Rural,Dagadarthi,Rear End Collision,Tata Magic Auto hit Car    ,Auto,Grievious injury,Over speed,Four lanes or more with central divider,Straight road,,Fine,AP26TB    8064,YES,Animals affected,0
15.05.2013,3:15 AM,1294.9,RHS,Rural,Ulavapadu,Collision Brush/Side Wipe,Car hit  Safety wall,Car,Non injury,Over speed,Four lanes or more with central divider,Straight road,,Fine,AP07TT   3797,YES,Fatal,0
15.05.2013,3:15 AM,1294.9,RHS,Rural,Ulavapadu,Collision Brush/Side Wipe,Car hit  Safety wall,Car,Non injury,Over speed,Four lanes or more with central divider,Straight road,,Fine,AP07TT   3797,YES,Grevious,0
15.05.2013,3:15 AM,1294.9,RHS,Rural,Ulavapadu,Collision Brush/Side Wipe,Car hit  Safety wall,Car,Non injury,Over speed,Four lanes or more with central divider,Straight road,,Fine,AP07TT   3797,YES,Minor,0
15.05.2013,3:15 AM,1294.9,RHS,Rural,Ulavapadu,Collision Brush/Side Wipe,Car hit  Safety wall,Car,Non injury,Over speed,Four lanes or more with central divider,Straight road,,Fine,AP07TT   3797,YES,Non injured ,4
15.05.2013,3:15 AM,1294.9,RHS,Rural,Ulavapadu,Collision Brush/Side Wipe,Car hit  Safety wall,Car,Non injury,Over speed,Four lanes or more with central divider,Straight road,,Fine,AP07TT   3797,YES,Animals affected,0
15.05.2013,6:00 AM,1261.6,LHS,Rural,Tangutur,Overturning,Lorry      Over turned ,Lorry,Grievious injury,Over speed,Four lanes or more with central divider,Straight road,,Fine,AP16TW     4309,YES,Fatal,0
15.05.2013,6:00 AM,1261.6,LHS,Rural,Tangutur,Overturning,Lorry      Over turned ,Lorry,Grievious injury,Over speed,Four lanes or more with central divider,Straight road,,Fine,AP16TW     4309,YES,Grevious,1
15.05.2013,6:00 AM,1261.6,LHS,Rural,Tangutur,Overturning,Lorry      Over turned ,Lorry,Grievious injury,Over speed,Four lanes or more with central divider,Straight road,,Fine,AP16TW     4309,YES,Minor,0
15.05.2013,6:00 AM,1261.6,LHS,Rural,Tangutur,Overturning,Lorry      Over turned ,Lorry,Grievious injury,Over speed,Four lanes or more with central divider,Straight road,,Fine,AP16TW     4309,YES,Non injured ,1
15.05.2013,6:00 AM,1261.6,LHS,Rural,Tangutur,Overturning,Lorry      Over turned ,Lorry,Grievious injury,Over speed,Four lanes or more with central divider,Straight road,,Fine,AP16TW     4309,YES,Animals affected,0
15.05.2013,6:20 AM,1363.6,LHS,Rural,Kovuru,Rear End Collision,Lorry hit Unknown Vehicle,Lorry,Minor injury,Over speed,Four lanes or more with central divider,Straight road,,Fine,TN34C    8102,YES,Fatal,0
15.05.2013,6:20 AM,1363.6,LHS,Rural,Kovuru,Rear End Collision,Lorry hit Unknown Vehicle,Lorry,Minor injury,Over speed,Four lanes or more with central divider,Straight road,,Fine,TN34C    8102,YES,Grevious,0
15.05.2013,6:20 AM,1363.6,LHS,Rural,Kovuru,Rear End Collision,Lorry hit Unknown Vehicle,Lorry,Minor injury,Over speed,Four lanes or more with central divider,Straight road,,Fine,TN34C    8102,YES,Minor,1
15.05.2013,6:20 AM,1363.6,LHS,Rural,Kovuru,Rear End Collision,Lorry hit Unknown Vehicle,Lorry,Minor injury,Over speed,Four lanes or more with central divider,Straight road,,Fine,TN34C    8102,YES,Non injured ,1
15.05.2013,6:20 AM,1363.6,LHS,Rural,Kovuru,Rear End Collision,Lorry hit Unknown Vehicle,Lorry,Minor injury,Over speed,Four lanes or more with central divider,Straight road,,Fine,TN34C    8102,YES,Animals affected,0
15.05.2013,5:25 PM,1219.6,LHS,Rural,Medarametla,Collision Brush/Side Wipe,Bike hit      Car,Bike,Grievious injury,Over speed,Three lanes or more without central divider(median),Slight curve,Y-Junction,Fine,AP27AN   9224,YES,Fatal,0
15.05.2013,5:25 PM,1219.6,LHS,Rural,Medarametla,Collision Brush/Side Wipe,Bike hit      Car,Bike,Grievious injury,Over speed,Three lanes or more without central divider(median),Slight curve,Y-Junction,Fine,AP27AN   9224,YES,Grevious,1
15.05.2013,5:25 PM,1219.6,LHS,Rural,Medarametla,Collision Brush/Side Wipe,Bike hit      Car,Bike,Grievious injury,Over speed,Three lanes or more without central divider(median),Slight curve,Y-Junction,Fine,AP27AN   9224,YES,Minor,0
15.05.2013,5:25 PM,1219.6,LHS,Rural,Medarametla,Collision Brush/Side Wipe,Bike hit      Car,Bike,Grievious injury,Over speed,Three lanes or more without central divider(median),Slight curve,Y-Junction,Fine,AP27AN   9224,YES,Non injured ,0
15.05.2013,5:25 PM,1219.6,LHS,Rural,Medarametla,Collision Brush/Side Wipe,Bike hit      Car,Bike,Grievious injury,Over speed,Three lanes or more without central divider(median),Slight curve,Y-Junction,Fine,AP27AN   9224,YES,Animals affected,0
15.05.2013,5:32 PM,1268.2,LHS,Rural,Tangutur,Collision Brush/Side Wipe, Unknown Vehicle hit   Bike,Unknown,Grievious injury,Over speed,Four lanes or more with central divider,Straight road,,Fine,Unknown Vehicle,YES,Fatal,0
15.05.2013,5:32 PM,1268.2,LHS,Rural,Tangutur,Collision Brush/Side Wipe, Unknown Vehicle hit   Bike,Unknown,Grievious injury,Over speed,Four lanes or more with central divider,Straight road,,Fine,Unknown Vehicle,YES,Grevious,1
15.05.2013,5:32 PM,1268.2,LHS,Rural,Tangutur,Collision Brush/Side Wipe, Unknown Vehicle hit   Bike,Unknown,Grievious injury,Over speed,Four lanes or more with central divider,Straight road,,Fine,Unknown Vehicle,YES,Minor,0
15.05.2013,5:32 PM,1268.2,LHS,Rural,Tangutur,Collision Brush/Side Wipe, Unknown Vehicle hit   Bike,Unknown,Grievious injury,Over speed,Four lanes or more with central divider,Straight road,,Fine,Unknown Vehicle,YES,Non injured ,0
15.05.2013,5:32 PM,1268.2,LHS,Rural,Tangutur,Collision Brush/Side Wipe, Unknown Vehicle hit   Bike,Unknown,Grievious injury,Over speed,Four lanes or more with central divider,Straight road,,Fine,Unknown Vehicle,YES,Animals affected,0
15.05.2013,11:20 PM,1263.9,LHS,Rural,Tangutur,Rear End Collision, Lorry hit Lorry,Lorry,Grievious injury,Over speed,Four lanes or more with central divider,Straight road,,Fine,AP16Y      0949,YES,Fatal,0
15.05.2013,11:20 PM,1263.9,LHS,Rural,Tangutur,Rear End Collision, Lorry hit Lorry,Lorry,Grievious injury,Over speed,Four lanes or more with central divider,Straight road,,Fine,AP16Y      0949,YES,Grevious,1
15.05.2013,11:20 PM,1263.9,LHS,Rural,Tangutur,Rear End Collision, Lorry hit Lorry,Lorry,Grievious injury,Over speed,Four lanes or more with central divider,Straight road,,Fine,AP16Y      0949,YES,Minor,0
15.05.2013,11:20 PM,1263.9,LHS,Rural,Tangutur,Rear End Collision, Lorry hit Lorry,Lorry,Grievious injury,Over speed,Four lanes or more with central divider,Straight road,,Fine,AP16Y      0949,YES,Non injured ,1
15.05.2013,11:20 PM,1263.9,LHS,Rural,Tangutur,Rear End Collision, Lorry hit Lorry,Lorry,Grievious injury,Over speed,Four lanes or more with central divider,Straight road,,Fine,AP16Y      0949,YES,Animals affected,0
16.05.2013,1:50 AM,1209.5,LHS,Rural,Reningavaram,Overturning,Tipper      Over turned,Lorry,Non injury,Over speed,Four lanes or more with central divider,Straight road,,Fine,AP27TU    0651,YES,Fatal,0
16.05.2013,1:50 AM,1209.5,LHS,Rural,Reningavaram,Overturning,Tipper      Over turned,Lorry,Non injury,Over speed,Four lanes or more with central divider,Straight road,,Fine,AP27TU    0651,YES,Grevious,0
16.05.2013,1:50 AM,1209.5,LHS,Rural,Reningavaram,Overturning,Tipper      Over turned,Lorry,Non injury,Over speed,Four lanes or more with central divider,Straight road,,Fine,AP27TU    0651,YES,Minor,0
16.05.2013,1:50 AM,1209.5,LHS,Rural,Reningavaram,Overturning,Tipper      Over turned,Lorry,Non injury,Over speed,Four lanes or more with central divider,Straight road,,Fine,AP27TU    0651,YES,Non injured ,1
16.05.2013,1:50 AM,1209.5,LHS,Rural,Reningavaram,Overturning,Tipper      Over turned,Lorry,Non injury,Over speed,Four lanes or more with central divider,Straight road,,Fine,AP27TU    0651,YES,Animals affected,0
16.05.2013,6:50 AM,1313.7,LHS,Rural,Kavali,Others(p1.Specific),Lorry hit Road Side Electrical pole,Lorry,Non injury,Over speed,Four lanes or more with central divider,Straight road,,Fine,HR55M     7811,YES,Fatal,0
16.05.2013,6:50 AM,1313.7,LHS,Rural,Kavali,Others(p1.Specific),Lorry hit Road Side Electrical pole,Lorry,Non injury,Over speed,Four lanes or more with central divider,Straight road,,Fine,HR55M     7811,YES,Grevious,0
16.05.2013,6:50 AM,1313.7,LHS,Rural,Kavali,Others(p1.Specific),Lorry hit Road Side Electrical pole,Lorry,Non injury,Over speed,Four lanes or more with central divider,Straight road,,Fine,HR55M     7811,YES,Minor,0
16.05.2013,6:50 AM,1313.7,LHS,Rural,Kavali,Others(p1.Specific),Lorry hit Road Side Electrical pole,Lorry,Non injury,Over speed,Four lanes or more with central divider,Straight road,,Fine,HR55M     7811,YES,Non injured ,1
16.05.2013,6:50 AM,1313.7,LHS,Rural,Kavali,Others(p1.Specific),Lorry hit Road Side Electrical pole,Lorry,Non injury,Over speed,Four lanes or more with central divider,Straight road,,Fine,HR55M     7811,YES,Animals affected,0
16.05.2013,12:25 PM,1198.7,LHS,Rural,Martur,Overturning,Lorry      Over turned ,Lorry,Minor injury,Fault of driver of motor vehicle/driver of other vehicle/cyclist/pedestrian/passenger,Four lanes or more with central divider,Straight road,,Fine,UP25AB     8390,YES,Fatal,0