Operational date,Time of Accident,KM && M,Position,Rural/Urban,Location,Nature of Accident Position,Nature of Accident,Vehicle Involved,Type of Accident,Causes,Road Feature,Road condition,Intersection Type And Control,Weather Condition,Vehicle Responsible,Help Provided by Ambulance/Patroling Vehicle,Classification of Accident,No of Affected Persons
16.05.2013,12:25 PM,1198.7,LHS,Rural,Martur,Overturning,Lorry      Over turned ,Lorry,Minor injury,Fault of driver of motor vehicle/driver of other vehicle/cyclist/pedestrian/passenger,Four lanes or more with central divider,Straight road,,Fine,UP25AB     8390,YES,Grevious,0
16.05.2013,12:25 PM,1198.7,LHS,Rural,Martur,Overturning,Lorry      Over turned ,Lorry,Minor injury,Fault of driver of motor vehicle/driver of other vehicle/cyclist/pedestrian/passenger,Four lanes or more with central divider,Straight road,,Fine,UP25AB     8390,YES,Minor,2
16.05.2013,12:25 PM,1198.7,LHS,Rural,Martur,Overturning,Lorry      Over turned ,Lorry,Minor injury,Fault of driver of motor vehicle/driver of other vehicle/cyclist/pedestrian/passenger,Four lanes or more with central divider,Straight road,,Fine,UP25AB     8390,YES,Non injured ,1
16.05.2013,12:25 PM,1198.7,LHS,Rural,Martur,Overturning,Lorry      Over turned ,Lorry,Minor injury,Fault of driver of motor vehicle/driver of other vehicle/cyclist/pedestrian/passenger,Four lanes or more with central divider,Straight road,,Fine,UP25AB     8390,YES,Animals affected,0
16.05.2013,2:46 PM,1267.1,LHS,Rural,Tangutur,Collision Brush/Side Wipe,Trolley hit   Tractor,Trolley,Minor injury,Over speed,Four lanes or more with central divider,Straight road,Four arm junction,Fine,HR37A    1200,YES,Fatal,0
16.05.2013,2:46 PM,1267.1,LHS,Rural,Tangutur,Collision Brush/Side Wipe,Trolley hit   Tractor,Trolley,Minor injury,Over speed,Four lanes or more with central divider,Straight road,Four arm junction,Fine,HR37A    1200,YES,Grevious,0
16.05.2013,2:46 PM,1267.1,LHS,Rural,Tangutur,Collision Brush/Side Wipe,Trolley hit   Tractor,Trolley,Minor injury,Over speed,Four lanes or more with central divider,Straight road,Four arm junction,Fine,HR37A    1200,YES,Minor,0
16.05.2013,2:46 PM,1267.1,LHS,Rural,Tangutur,Collision Brush/Side Wipe,Trolley hit   Tractor,Trolley,Minor injury,Over speed,Four lanes or more with central divider,Straight road,Four arm junction,Fine,HR37A    1200,YES,Non injured ,3
16.05.2013,2:46 PM,1267.1,LHS,Rural,Tangutur,Collision Brush/Side Wipe,Trolley hit   Tractor,Trolley,Minor injury,Over speed,Four lanes or more with central divider,Straight road,Four arm junction,Fine,HR37A    1200,YES,Animals affected,0
16.05.2013,5:30 PM,1340.8,RHS,Rural,Dagadarthi,Rear End Collision,Car hit      Car,Car,Minor injury,Over speed,Four lanes or more with central divider,Straight road,,Fine,TN02AB     6336,YES,Fatal,0
16.05.2013,5:30 PM,1340.8,RHS,Rural,Dagadarthi,Rear End Collision,Car hit      Car,Car,Minor injury,Over speed,Four lanes or more with central divider,Straight road,,Fine,TN02AB     6336,YES,Grevious,0
16.05.2013,5:30 PM,1340.8,RHS,Rural,Dagadarthi,Rear End Collision,Car hit      Car,Car,Minor injury,Over speed,Four lanes or more with central divider,Straight road,,Fine,TN02AB     6336,YES,Minor,1
16.05.2013,5:30 PM,1340.8,RHS,Rural,Dagadarthi,Rear End Collision,Car hit      Car,Car,Minor injury,Over speed,Four lanes or more with central divider,Straight road,,Fine,TN02AB     6336,YES,Non injured ,2
16.05.2013,5:30 PM,1340.8,RHS,Rural,Dagadarthi,Rear End Collision,Car hit      Car,Car,Minor injury,Over speed,Four lanes or more with central divider,Straight road,,Fine,TN02AB     6336,YES,Animals affected,0
16.05.2013,7:30 PM,1210.8,LHS,Rural,Reningavaram,Head on collision,Tractor hit Bike,Tractor,Fatal,Fault of driver of motor vehicle/driver of other vehicle/cyclist/pedestrian/passenger,Three lanes or more without central divider(median),Straight road,T-Junction,Fine,AP27AC      6936,YES,Fatal,1
16.05.2013,7:30 PM,1210.8,LHS,Rural,Reningavaram,Head on collision,Tractor hit Bike,Tractor,Fatal,Fault of driver of motor vehicle/driver of other vehicle/cyclist/pedestrian/passenger,Three lanes or more without central divider(median),Straight road,T-Junction,Fine,AP27AC      6936,YES,Grevious,0
16.05.2013,7:30 PM,1210.8,LHS,Rural,Reningavaram,Head on collision,Tractor hit Bike,Tractor,Fatal,Fault of driver of motor vehicle/driver of other vehicle/cyclist/pedestrian/passenger,Three lanes or more without central divider(median),Straight road,T-Junction,Fine,AP27AC      6936,YES,Minor,0
16.05.2013,7:30 PM,1210.8,LHS,Rural,Reningavaram,Head on collision,Tractor hit Bike,Tractor,Fatal,Fault of driver of motor vehicle/driver of other vehicle/cyclist/pedestrian/passenger,Three lanes or more without central divider(median),Straight road,T-Junction,Fine,AP27AC      6936,YES,Non injured ,1
16.05.2013,7:30 PM,1210.8,LHS,Rural,Reningavaram,Head on collision,Tractor hit Bike,Tractor,Fatal,Fault of driver of motor vehicle/driver of other vehicle/cyclist/pedestrian/passenger,Three lanes or more without central divider(median),Straight road,T-Junction,Fine,AP27AC      6936,YES,Animals affected,0
16.05.2013,8:05 PM,1224.3,RHS,Rural,Maddipadu,Collision Brush/Side Wipe,Container Vehicle hit Pedestrain,Container,Fatal,Over speed,Four lanes or more with central divider,Straight road,,Fine,TN28AK    7392,YES,Fatal,1
16.05.2013,8:05 PM,1224.3,RHS,Rural,Maddipadu,Collision Brush/Side Wipe,Container Vehicle hit Pedestrain,Container,Fatal,Over speed,Four lanes or more with central divider,Straight road,,Fine,TN28AK    7392,YES,Grevious,0
16.05.2013,8:05 PM,1224.3,RHS,Rural,Maddipadu,Collision Brush/Side Wipe,Container Vehicle hit Pedestrain,Container,Fatal,Over speed,Four lanes or more with central divider,Straight road,,Fine,TN28AK    7392,YES,Minor,0
16.05.2013,8:05 PM,1224.3,RHS,Rural,Maddipadu,Collision Brush/Side Wipe,Container Vehicle hit Pedestrain,Container,Fatal,Over speed,Four lanes or more with central divider,Straight road,,Fine,TN28AK    7392,YES,Non injured ,2
16.05.2013,8:05 PM,1224.3,RHS,Rural,Maddipadu,Collision Brush/Side Wipe,Container Vehicle hit Pedestrain,Container,Fatal,Over speed,Four lanes or more with central divider,Straight road,,Fine,TN28AK    7392,YES,Animals affected,0
17.05.2013,3:30 AM,1236.3,LHS,Rural,Maddipadu,Overturning,Acid Tanker   Overturned,Tanker,Minor injury,Over speed,Four lanes or more with central divider,Straight road,,Fine,AP28A     0003,YES,Fatal,0
17.05.2013,3:30 AM,1236.3,LHS,Rural,Maddipadu,Overturning,Acid Tanker   Overturned,Tanker,Minor injury,Over speed,Four lanes or more with central divider,Straight road,,Fine,AP28A     0003,YES,Grevious,0
17.05.2013,3:30 AM,1236.3,LHS,Rural,Maddipadu,Overturning,Acid Tanker   Overturned,Tanker,Minor injury,Over speed,Four lanes or more with central divider,Straight road,,Fine,AP28A     0003,YES,Minor,1
17.05.2013,3:30 AM,1236.3,LHS,Rural,Maddipadu,Overturning,Acid Tanker   Overturned,Tanker,Minor injury,Over speed,Four lanes or more with central divider,Straight road,,Fine,AP28A     0003,YES,Non injured ,0
17.05.2013,3:30 AM,1236.3,LHS,Rural,Maddipadu,Overturning,Acid Tanker   Overturned,Tanker,Minor injury,Over speed,Four lanes or more with central divider,Straight road,,Fine,AP28A     0003,YES,Animals affected,0
17.05.2013,7:25 AM,1273.5,RHS,Rural,Singarayakonda,Collision Brush/Side Wipe, Unknown Vehicle hit   Pedestrian,Unknown,Minor injury,Over speed,Four lanes or more with central divider,Straight road,,Fine,Unknown Vehicle,YES,Fatal,0
17.05.2013,7:25 AM,1273.5,RHS,Rural,Singarayakonda,Collision Brush/Side Wipe, Unknown Vehicle hit   Pedestrian,Unknown,Minor injury,Over speed,Four lanes or more with central divider,Straight road,,Fine,Unknown Vehicle,YES,Grevious,1
17.05.2013,7:25 AM,1273.5,RHS,Rural,Singarayakonda,Collision Brush/Side Wipe, Unknown Vehicle hit   Pedestrian,Unknown,Minor injury,Over speed,Four lanes or more with central divider,Straight road,,Fine,Unknown Vehicle,YES,Minor,0
17.05.2013,7:25 AM,1273.5,RHS,Rural,Singarayakonda,Collision Brush/Side Wipe, Unknown Vehicle hit   Pedestrian,Unknown,Minor injury,Over speed,Four lanes or more with central divider,Straight road,,Fine,Unknown Vehicle,YES,Non injured ,0
17.05.2013,7:25 AM,1273.5,RHS,Rural,Singarayakonda,Collision Brush/Side Wipe, Unknown Vehicle hit   Pedestrian,Unknown,Minor injury,Over speed,Four lanes or more with central divider,Straight road,,Fine,Unknown Vehicle,YES,Animals affected,0
17.05.2013,8:40 AM,1223.5,LHS,Rural,Medarametla,Collision Brush/Side Wipe, Unknown Vehicle hit   Bike,Unknown,Fatal,Over speed,Four lanes or more with central divider,Straight road,,Fine,AP27AR   7372,YES,Fatal,1
17.05.2013,8:40 AM,1223.5,LHS,Rural,Medarametla,Collision Brush/Side Wipe, Unknown Vehicle hit   Bike,Unknown,Fatal,Over speed,Four lanes or more with central divider,Straight road,,Fine,AP27AR   7372,YES,Grevious,0
17.05.2013,8:40 AM,1223.5,LHS,Rural,Medarametla,Collision Brush/Side Wipe, Unknown Vehicle hit   Bike,Unknown,Fatal,Over speed,Four lanes or more with central divider,Straight road,,Fine,AP27AR   7372,YES,Minor,0
17.05.2013,8:40 AM,1223.5,LHS,Rural,Medarametla,Collision Brush/Side Wipe, Unknown Vehicle hit   Bike,Unknown,Fatal,Over speed,Four lanes or more with central divider,Straight road,,Fine,AP27AR   7372,YES,Non injured ,0
17.05.2013,8:40 AM,1223.5,LHS,Rural,Medarametla,Collision Brush/Side Wipe, Unknown Vehicle hit   Bike,Unknown,Fatal,Over speed,Four lanes or more with central divider,Straight road,,Fine,AP27AR   7372,YES,Animals affected,0
17.05.2013,3:40 PM,1266.5,RHS,Rural,Tangutur,Overturning,Tractor     Over turned,Tractor,Non injury,Over speed,Four lanes or more with central divider,Straight road,,Fine,AP27AM    9048,YES,Fatal,0
17.05.2013,3:40 PM,1266.5,RHS,Rural,Tangutur,Overturning,Tractor     Over turned,Tractor,Non injury,Over speed,Four lanes or more with central divider,Straight road,,Fine,AP27AM    9048,YES,Grevious,0
17.05.2013,3:40 PM,1266.5,RHS,Rural,Tangutur,Overturning,Tractor     Over turned,Tractor,Non injury,Over speed,Four lanes or more with central divider,Straight road,,Fine,AP27AM    9048,YES,Minor,0
17.05.2013,3:40 PM,1266.5,RHS,Rural,Tangutur,Overturning,Tractor     Over turned,Tractor,Non injury,Over speed,Four lanes or more with central divider,Straight road,,Fine,AP27AM    9048,YES,Non injured ,2
17.05.2013,3:40 PM,1266.5,RHS,Rural,Tangutur,Overturning,Tractor     Over turned,Tractor,Non injury,Over speed,Four lanes or more with central divider,Straight road,,Fine,AP27AM    9048,YES,Animals affected,0
17.05.2013,5:25 PM,1344.4,RHS,Rural,Dagadarthi,Rear End Collision,Tipper hit Mini Lorry,Lorry,Non injury,Over speed,Four lanes or more with central divider,Straight road,,Fine,AP04X    7807,YES,Fatal,0
17.05.2013,5:25 PM,1344.4,RHS,Rural,Dagadarthi,Rear End Collision,Tipper hit Mini Lorry,Lorry,Non injury,Over speed,Four lanes or more with central divider,Straight road,,Fine,AP04X    7807,YES,Grevious,0
17.05.2013,5:25 PM,1344.4,RHS,Rural,Dagadarthi,Rear End Collision,Tipper hit Mini Lorry,Lorry,Non injury,Over speed,Four lanes or more with central divider,Straight road,,Fine,AP04X    7807,YES,Minor,0
17.05.2013,5:25 PM,1344.4,RHS,Rural,Dagadarthi,Rear End Collision,Tipper hit Mini Lorry,Lorry,Non injury,Over speed,Four lanes or more with central divider,Straight road,,Fine,AP04X    7807,YES,Non injured ,3
17.05.2013,5:25 PM,1344.4,RHS,Rural,Dagadarthi,Rear End Collision,Tipper hit Mini Lorry,Lorry,Non injury,Over speed,Four lanes or more with central divider,Straight road,,Fine,AP04X    7807,YES,Animals affected,0
17.05.2013,7:10 PM,1240.1,RHS,Rural,Ongole,Rear End Collision,Lorry hit Tractor,Lorry,Grievious injury,Over speed,Four lanes or more with central divider,Straight road,,Fine,AP24X    3575,YES,Fatal,0
17.05.2013,7:10 PM,1240.1,RHS,Rural,Ongole,Rear End Collision,Lorry hit Tractor,Lorry,Grievious injury,Over speed,Four lanes or more with central divider,Straight road,,Fine,AP24X    3575,YES,Grevious,1
17.05.2013,7:10 PM,1240.1,RHS,Rural,Ongole,Rear End Collision,Lorry hit Tractor,Lorry,Grievious injury,Over speed,Four lanes or more with central divider,Straight road,,Fine,AP24X    3575,YES,Minor,0
17.05.2013,7:10 PM,1240.1,RHS,Rural,Ongole,Rear End Collision,Lorry hit Tractor,Lorry,Grievious injury,Over speed,Four lanes or more with central divider,Straight road,,Fine,AP24X    3575,YES,Non injured ,3
17.05.2013,7:10 PM,1240.1,RHS,Rural,Ongole,Rear End Collision,Lorry hit Tractor,Lorry,Grievious injury,Over speed,Four lanes or more with central divider,Straight road,,Fine,AP24X    3575,YES,Animals affected,0
18.05.2013,3:20 AM,1248.4,LHS,Urban,Ongole,Overturning,Car        Over turned,Car,Non injury,Over speed,Four lanes or more with central divider,Straight road,,Fine,AP07TD      2537,YES,Fatal,0
18.05.2013,3:20 AM,1248.4,LHS,Urban,Ongole,Overturning,Car        Over turned,Car,Non injury,Over speed,Four lanes or more with central divider,Straight road,,Fine,AP07TD      2537,YES,Grevious,0
18.05.2013,3:20 AM,1248.4,LHS,Urban,Ongole,Overturning,Car        Over turned,Car,Non injury,Over speed,Four lanes or more with central divider,Straight road,,Fine,AP07TD      2537,YES,Minor,0
18.05.2013,3:20 AM,1248.4,LHS,Urban,Ongole,Overturning,Car        Over turned,Car,Non injury,Over speed,Four lanes or more with central divider,Straight road,,Fine,AP07TD      2537,YES,Non injured ,5
18.05.2013,3:20 AM,1248.4,LHS,Urban,Ongole,Overturning,Car        Over turned,Car,Non injury,Over speed,Four lanes or more with central divider,Straight road,,Fine,AP07TD      2537,YES,Animals affected,0
19.05.2013,12:55 AM,1240.5,RHS,Rural,Ongole,Collision Brush/Side Wipe,Bike hit       Unknown   Vehicle,Bike,Fatal,Over speed,Four lanes or more with central divider,Sharp curve,,Fine,AP27AC   9497,YES,Fatal,1
19.05.2013,12:55 AM,1240.5,RHS,Rural,Ongole,Collision Brush/Side Wipe,Bike hit       Unknown   Vehicle,Bike,Fatal,Over speed,Four lanes or more with central divider,Sharp curve,,Fine,AP27AC   9497,YES,Grevious,0
19.05.2013,12:55 AM,1240.5,RHS,Rural,Ongole,Collision Brush/Side Wipe,Bike hit       Unknown   Vehicle,Bike,Fatal,Over speed,Four lanes or more with central divider,Sharp curve,,Fine,AP27AC   9497,YES,Minor,0
19.05.2013,12:55 AM,1240.5,RHS,Rural,Ongole,Collision Brush/Side Wipe,Bike hit       Unknown   Vehicle,Bike,Fatal,Over speed,Four lanes or more with central divider,Sharp curve,,Fine,AP27AC   9497,YES,Non injured ,0
19.05.2013,12:55 AM,1240.5,RHS,Rural,Ongole,Collision Brush/Side Wipe,Bike hit       Unknown   Vehicle,Bike,Fatal,Over speed,Four lanes or more with central divider,Sharp curve,,Fine,AP27AC   9497,YES,Animals affected,0
19.05.2013,3:00 AM,1209.9,RHS,Rural,Reningavaram,Collision Brush/Side Wipe,Lorry hit Bridg Wall,Lorry,Minor injury,Fault of driver of motor vehicle/driver of other vehicle/cyclist/pedestrian/passenger,Four lanes or more with central divider,Straight road,,Fine,MH20AT    9829,YES,Fatal,0
19.05.2013,3:00 AM,1209.9,RHS,Rural,Reningavaram,Collision Brush/Side Wipe,Lorry hit Bridg Wall,Lorry,Minor injury,Fault of driver of motor vehicle/driver of other vehicle/cyclist/pedestrian/passenger,Four lanes or more with central divider,Straight road,,Fine,MH20AT    9829,YES,Grevious,0
19.05.2013,3:00 AM,1209.9,RHS,Rural,Reningavaram,Collision Brush/Side Wipe,Lorry hit Bridg Wall,Lorry,Minor injury,Fault of driver of motor vehicle/driver of other vehicle/cyclist/pedestrian/passenger,Four lanes or more with central divider,Straight road,,Fine,MH20AT    9829,YES,Minor,1
19.05.2013,3:00 AM,1209.9,RHS,Rural,Reningavaram,Collision Brush/Side Wipe,Lorry hit Bridg Wall,Lorry,Minor injury,Fault of driver of motor vehicle/driver of other vehicle/cyclist/pedestrian/passenger,Four lanes or more with central divider,Straight road,,Fine,MH20AT    9829,YES,Non injured ,1
19.05.2013,3:00 AM,1209.9,RHS,Rural,Reningavaram,Collision Brush/Side Wipe,Lorry hit Bridg Wall,Lorry,Minor injury,Fault of driver of motor vehicle/driver of other vehicle/cyclist/pedestrian/passenger,Four lanes or more with central divider,Straight road,,Fine,MH20AT    9829,YES,Animals affected,0
19.05.2013,5:18 AM,1353.2,LHS,Rural,Kodavaluru,Overturning,Car        Over turned,Car,Grievious injury,Fault of driver of motor vehicle/driver of other vehicle/cyclist/pedestrian/passenger,Four lanes or more with central divider,Straight road,,Fine,AP7TC      6400,YES,Fatal,0
19.05.2013,5:18 AM,1353.2,LHS,Rural,Kodavaluru,Overturning,Car        Over turned,Car,Grievious injury,Fault of driver of motor vehicle/driver of other vehicle/cyclist/pedestrian/passenger,Four lanes or more with central divider,Straight road,,Fine,AP7TC      6400,YES,Grevious,2
19.05.2013,5:18 AM,1353.2,LHS,Rural,Kodavaluru,Overturning,Car        Over turned,Car,Grievious injury,Fault of driver of motor vehicle/driver of other vehicle/cyclist/pedestrian/passenger,Four lanes or more with central divider,Straight road,,Fine,AP7TC      6400,YES,Minor,6
19.05.2013,5:18 AM,1353.2,LHS,Rural,Kodavaluru,Overturning,Car        Over turned,Car,Grievious injury,Fault of driver of motor vehicle/driver of other vehicle/cyclist/pedestrian/passenger,Four lanes or more with central divider,Straight road,,Fine,AP7TC      6400,YES,Non injured ,2
19.05.2013,5:18 AM,1353.2,LHS,Rural,Kodavaluru,Overturning,Car        Over turned,Car,Grievious injury,Fault of driver of motor vehicle/driver of other vehicle/cyclist/pedestrian/passenger,Four lanes or more with central divider,Straight road,,Fine,AP7TC      6400,YES,Animals affected,0
19.05.2013,8:20 AM,1323.5,LHS,Rural,Kavali,Collision Brush/Side Wipe, Lorry hit Safety Wall,Lorry,Non injury,Over speed,Four lanes or more with central divider,Straight road,,Fine,AP03X     5889,YES,Fatal,0
19.05.2013,8:20 AM,1323.5,LHS,Rural,Kavali,Collision Brush/Side Wipe, Lorry hit Safety Wall,Lorry,Non injury,Over speed,Four lanes or more with central divider,Straight road,,Fine,AP03X     5889,YES,Grevious,0
19.05.2013,8:20 AM,1323.5,LHS,Rural,Kavali,Collision Brush/Side Wipe, Lorry hit Safety Wall,Lorry,Non injury,Over speed,Four lanes or more with central divider,Straight road,,Fine,AP03X     5889,YES,Minor,0
19.05.2013,8:20 AM,1323.5,LHS,Rural,Kavali,Collision Brush/Side Wipe, Lorry hit Safety Wall,Lorry,Non injury,Over speed,Four lanes or more with central divider,Straight road,,Fine,AP03X     5889,YES,Non injured ,2
19.05.2013,8:20 AM,1323.5,LHS,Rural,Kavali,Collision Brush/Side Wipe, Lorry hit Safety Wall,Lorry,Non injury,Over speed,Four lanes or more with central divider,Straight road,,Fine,AP03X     5889,YES,Animals affected,0
19.05.2013,12:10 PM,1277.6,RHS,Rural,Singarayakonda,Collision Brush/Side Wipe,Trolley Skid  On The Road,Trolley,Non injury,Over speed,Four lanes or more with central divider,Straight road,,Fine,TN22C     0056,YES,Fatal,0
19.05.2013,12:10 PM,1277.6,RHS,Rural,Singarayakonda,Collision Brush/Side Wipe,Trolley Skid  On The Road,Trolley,Non injury,Over speed,Four lanes or more with central divider,Straight road,,Fine,TN22C     0056,YES,Grevious,0
19.05.2013,12:10 PM,1277.6,RHS,Rural,Singarayakonda,Collision Brush/Side Wipe,Trolley Skid  On The Road,Trolley,Non injury,Over speed,Four lanes or more with central divider,Straight road,,Fine,TN22C     0056,YES,Minor,0
19.05.2013,12:10 PM,1277.6,RHS,Rural,Singarayakonda,Collision Brush/Side Wipe,Trolley Skid  On The Road,Trolley,Non injury,Over speed,Four lanes or more with central divider,Straight road,,Fine,TN22C     0056,YES,Non injured ,2
19.05.2013,12:10 PM,1277.6,RHS,Rural,Singarayakonda,Collision Brush/Side Wipe,Trolley Skid  On The Road,Trolley,Non injury,Over speed,Four lanes or more with central divider,Straight road,,Fine,TN22C     0056,YES,Animals affected,0
19.05.2013,6:05 PM,1359.3,LHS,Rural,Kodavaluru,Overturning,Tractor     Over turned,Tractor,Non injury,Over speed,Four lanes or more with central divider,Sharp curve,,Fine,AP26TT   8041,YES,Fatal,0
19.05.2013,6:05 PM,1359.3,LHS,Rural,Kodavaluru,Overturning,Tractor     Over turned,Tractor,Non injury,Over speed,Four lanes or more with central divider,Sharp curve,,Fine,AP26TT   8041,YES,Grevious,0
19.05.2013,6:05 PM,1359.3,LHS,Rural,Kodavaluru,Overturning,Tractor     Over turned,Tractor,Non injury,Over speed,Four lanes or more with central divider,Sharp curve,,Fine,AP26TT   8041,YES,Minor,0
19.05.2013,6:05 PM,1359.3,LHS,Rural,Kodavaluru,Overturning,Tractor     Over turned,Tractor,Non injury,Over speed,Four lanes or more with central divider,Sharp curve,,Fine,AP26TT   8041,YES,Non injured ,2
19.05.2013,6:05 PM,1359.3,LHS,Rural,Kodavaluru,Overturning,Tractor     Over turned,Tractor,Non injury,Over speed,Four lanes or more with central divider,Sharp curve,,Fine,AP26TT   8041,YES,Animals affected,0
20.05.2013,1:25 AM,1344,LHS,Rural,Dagadarthi,Rear End Collision,Auto hit       Unknown   Vehicle,Auto,Grievious injury,Fault of driver of motor vehicle/driver of other vehicle/cyclist/pedestrian/passenger,Four lanes or more with central divider,Straight road,,Fine,AP27TU      8196,YES,Fatal,0
20.05.2013,1:25 AM,1344,LHS,Rural,Dagadarthi,Rear End Collision,Auto hit       Unknown   Vehicle,Auto,Grievious injury,Fault of driver of motor vehicle/driver of other vehicle/cyclist/pedestrian/passenger,Four lanes or more with central divider,Straight road,,Fine,AP27TU      8196,YES,Grevious,1
20.05.2013,1:25 AM,1344,LHS,Rural,Dagadarthi,Rear End Collision,Auto hit       Unknown   Vehicle,Auto,Grievious injury,Fault of driver of motor vehicle/driver of other vehicle/cyclist/pedestrian/passenger,Four lanes or more with central divider,Straight road,,Fine,AP27TU      8196,YES,Minor,1
20.05.2013,1:25 AM,1344,LHS,Rural,Dagadarthi,Rear End Collision,Auto hit       Unknown   Vehicle,Auto,Grievious injury,Fault of driver of motor vehicle/driver of other vehicle/cyclist/pedestrian/passenger,Four lanes or more with central divider,Straight road,,Fine,AP27TU      8196,YES,Non injured ,0
20.05.2013,1:25 AM,1344,LHS,Rural,Dagadarthi,Rear End Collision,Auto hit       Unknown   Vehicle,Auto,Grievious injury,Fault of driver of motor vehicle/driver of other vehicle/cyclist/pedestrian/passenger,Four lanes or more with central divider,Straight road,,Fine,AP27TU      8196,YES,Animals affected,0
20.05.2013,7:11 AM,1312,RHS,Rural,Kavali,Collision Brush/Side Wipe,Unknown Vehicle hit      Pedestrain,Unknown,Fatal,Over speed,Four lanes or more with central divider,Straight road,,Fine,Unknown Vehicle,YES,Fatal,1
20.05.2013,7:11 AM,1312,RHS,Rural,Kavali,Collision Brush/Side Wipe,Unknown Vehicle hit      Pedestrain,Unknown,Fatal,Over speed,Four lanes or more with central divider,Straight road,,Fine,Unknown Vehicle,YES,Grevious,0
20.05.2013,7:11 AM,1312,RHS,Rural,Kavali,Collision Brush/Side Wipe,Unknown Vehicle hit      Pedestrain,Unknown,Fatal,Over speed,Four lanes or more with central divider,Straight road,,Fine,Unknown Vehicle,YES,Minor,0
20.05.2013,7:11 AM,1312,RHS,Rural,Kavali,Collision Brush/Side Wipe,Unknown Vehicle hit      Pedestrain,Unknown,Fatal,Over speed,Four lanes or more with central divider,Straight road,,Fine,Unknown Vehicle,YES,Non injured ,0
20.05.2013,7:11 AM,1312,RHS,Rural,Kavali,Collision Brush/Side Wipe,Unknown Vehicle hit      Pedestrain,Unknown,Fatal,Over speed,Four lanes or more with central divider,Straight road,,Fine,Unknown Vehicle,YES,Animals affected,0
20.05.2013,7:30 AM,1242.7,LHS,Rural,Ongole,Rear End Collision, Lorry hit Lorry,Lorry,Non injury,Over speed,Four lanes or more with central divider,Straight road,,Fine,AP27W 1647,YES,Fatal,0
20.05.2013,7:30 AM,1242.7,LHS,Rural,Ongole,Rear End Collision, Lorry hit Lorry,Lorry,Non injury,Over speed,Four lanes or more with central divider,Straight road,,Fine,AP27W 1647,YES,Grevious,0
20.05.2013,7:30 AM,1242.7,LHS,Rural,Ongole,Rear End Collision, Lorry hit Lorry,Lorry,Non injury,Over speed,Four lanes or more with central divider,Straight road,,Fine,AP27W 1647,YES,Minor,0
20.05.2013,7:30 AM,1242.7,LHS,Rural,Ongole,Rear End Collision, Lorry hit Lorry,Lorry,Non injury,Over speed,Four lanes or more with central divider,Straight road,,Fine,AP27W 1647,YES,Non injured ,4
20.05.2013,7:30 AM,1242.7,LHS,Rural,Ongole,Rear End Collision, Lorry hit Lorry,Lorry,Non injury,Over speed,Four lanes or more with central divider,Straight road,,Fine,AP27W 1647,YES,Animals affected,0
21.05.2013,8:00 AM,1240.1,LHS,Rural,Ongole,Head on collision, Car hit Lorry,Car,Fatal,Over speed,Three lanes or more without central divider(median),Straight road,T-Junction,Fine,AP27AN  7677,YES,Fatal,3
21.05.2013,8:00 AM,1240.1,LHS,Rural,Ongole,Head on collision, Car hit Lorry,Car,Fatal,Over speed,Three lanes or more without central divider(median),Straight road,T-Junction,Fine,AP27AN  7677,YES,Grevious,0
21.05.2013,8:00 AM,1240.1,LHS,Rural,Ongole,Head on collision, Car hit Lorry,Car,Fatal,Over speed,Three lanes or more without central divider(median),Straight road,T-Junction,Fine,AP27AN  7677,YES,Minor,0
21.05.2013,8:00 AM,1240.1,LHS,Rural,Ongole,Head on collision, Car hit Lorry,Car,Fatal,Over speed,Three lanes or more without central divider(median),Straight road,T-Junction,Fine,AP27AN  7677,YES,Non injured ,0
21.05.2013,8:00 AM,1240.1,LHS,Rural,Ongole,Head on collision, Car hit Lorry,Car,Fatal,Over speed,Three lanes or more without central divider(median),Straight road,T-Junction,Fine,AP27AN  7677,YES,Animals affected,0
21.05.2013,11:16 AM,1227.9,LHS,Rural,Maddipadu,Collision Brush/Side Wipe, Car hit      bike,Car,Fatal,Over speed,Three lanes or more without central divider(median),Straight road,T-Junction,Fine,AP27AE  0005,YES,Fatal,1
21.05.2013,11:16 AM,1227.9,LHS,Rural,Maddipadu,Collision Brush/Side Wipe, Car hit      bike,Car,Fatal,Over speed,Three lanes or more without central divider(median),Straight road,T-Junction,Fine,AP27AE  0005,YES,Grevious,0
21.05.2013,11:16 AM,1227.9,LHS,Rural,Maddipadu,Collision Brush/Side Wipe, Car hit      bike,Car,Fatal,Over speed,Three lanes or more without central divider(median),Straight road,T-Junction,Fine,AP27AE  0005,YES,Minor,0
21.05.2013,11:16 AM,1227.9,LHS,Rural,Maddipadu,Collision Brush/Side Wipe, Car hit      bike,Car,Fatal,Over speed,Three lanes or more without central divider(median),Straight road,T-Junction,Fine,AP27AE  0005,YES,Non injured ,0
21.05.2013,11:16 AM,1227.9,LHS,Rural,Maddipadu,Collision Brush/Side Wipe, Car hit      bike,Car,Fatal,Over speed,Three lanes or more without central divider(median),Straight road,T-Junction,Fine,AP27AE  0005,YES,Animals affected,0