Operational date,Time of Accident,KM && M,Position,Rural/Urban,Location,Nature of Accident Position,Nature of Accident,Vehicle Involved,Type of Accident,Causes,Road Feature,Road condition,Intersection Type And Control,Weather Condition,Vehicle Responsible,Help Provided by Ambulance/Patroling Vehicle,Classification of Accident,No of Affected Persons
21.05.2013,3:00 PM,1244.4,RHS,Rural,Ongole,Rear End Collision, Unknown Vehicle hit Tractor,Unknown,Non injury,Over speed,Four lanes or more with central divider,Straight road,,Fine,Unknown Vehicle,YES,Fatal,0
21.05.2013,3:00 PM,1244.4,RHS,Rural,Ongole,Rear End Collision, Unknown Vehicle hit Tractor,Unknown,Non injury,Over speed,Four lanes or more with central divider,Straight road,,Fine,Unknown Vehicle,YES,Grevious,0
21.05.2013,3:00 PM,1244.4,RHS,Rural,Ongole,Rear End Collision, Unknown Vehicle hit Tractor,Unknown,Non injury,Over speed,Four lanes or more with central divider,Straight road,,Fine,Unknown Vehicle,YES,Minor,0
21.05.2013,3:00 PM,1244.4,RHS,Rural,Ongole,Rear End Collision, Unknown Vehicle hit Tractor,Unknown,Non injury,Over speed,Four lanes or more with central divider,Straight road,,Fine,Unknown Vehicle,YES,Non injured ,2
21.05.2013,3:00 PM,1244.4,RHS,Rural,Ongole,Rear End Collision, Unknown Vehicle hit Tractor,Unknown,Non injury,Over speed,Four lanes or more with central divider,Straight road,,Fine,Unknown Vehicle,YES,Animals affected,0
22.05.2013,6:00 AM,1309.1,LHS,Rural,Kavali,Rear End Collision,Tata Ace Vehicle hit Lorry,Tata Ace,Minor injury,Fault of driver of motor vehicle/driver of other vehicle/cyclist/pedestrian/passenger,Four lanes or more with central divider,Slight curve,,Fine,AP27TT 5264,YES,Fatal,0
22.05.2013,6:00 AM,1309.1,LHS,Rural,Kavali,Rear End Collision,Tata Ace Vehicle hit Lorry,Tata Ace,Minor injury,Fault of driver of motor vehicle/driver of other vehicle/cyclist/pedestrian/passenger,Four lanes or more with central divider,Slight curve,,Fine,AP27TT 5264,YES,Grevious,0
22.05.2013,6:00 AM,1309.1,LHS,Rural,Kavali,Rear End Collision,Tata Ace Vehicle hit Lorry,Tata Ace,Minor injury,Fault of driver of motor vehicle/driver of other vehicle/cyclist/pedestrian/passenger,Four lanes or more with central divider,Slight curve,,Fine,AP27TT 5264,YES,Minor,1
22.05.2013,6:00 AM,1309.1,LHS,Rural,Kavali,Rear End Collision,Tata Ace Vehicle hit Lorry,Tata Ace,Minor injury,Fault of driver of motor vehicle/driver of other vehicle/cyclist/pedestrian/passenger,Four lanes or more with central divider,Slight curve,,Fine,AP27TT 5264,YES,Non injured ,0
22.05.2013,6:00 AM,1309.1,LHS,Rural,Kavali,Rear End Collision,Tata Ace Vehicle hit Lorry,Tata Ace,Minor injury,Fault of driver of motor vehicle/driver of other vehicle/cyclist/pedestrian/passenger,Four lanes or more with central divider,Slight curve,,Fine,AP27TT 5264,YES,Animals affected,0
22.05.2013,9:50 AM,1279.1,RHS,Rural,Singarayakonda,Collision Brush/Side Wipe, Car hit Safety Wall,Car,Non injury,Over speed,Four lanes or more with central divider,Straight road,,Fine,AP16L   9499,YES,Fatal,0
22.05.2013,9:50 AM,1279.1,RHS,Rural,Singarayakonda,Collision Brush/Side Wipe, Car hit Safety Wall,Car,Non injury,Over speed,Four lanes or more with central divider,Straight road,,Fine,AP16L   9499,YES,Grevious,0
22.05.2013,9:50 AM,1279.1,RHS,Rural,Singarayakonda,Collision Brush/Side Wipe, Car hit Safety Wall,Car,Non injury,Over speed,Four lanes or more with central divider,Straight road,,Fine,AP16L   9499,YES,Minor,0
22.05.2013,9:50 AM,1279.1,RHS,Rural,Singarayakonda,Collision Brush/Side Wipe, Car hit Safety Wall,Car,Non injury,Over speed,Four lanes or more with central divider,Straight road,,Fine,AP16L   9499,YES,Non injured ,4
22.05.2013,9:50 AM,1279.1,RHS,Rural,Singarayakonda,Collision Brush/Side Wipe, Car hit Safety Wall,Car,Non injury,Over speed,Four lanes or more with central divider,Straight road,,Fine,AP16L   9499,YES,Animals affected,0
22.05.2013,2:15 PM,1346.6,RHS,Rural,Dagadarthi,Head on collision,Water Tanker hit Ape Auto,Tanker,Grievious injury,Fault of driver of motor vehicle/driver of other vehicle/cyclist/pedestrian/passenger,Four lanes or more with central divider,Straight road,,Fine,TN01H       6399,YES,Fatal,0
22.05.2013,2:15 PM,1346.6,RHS,Rural,Dagadarthi,Head on collision,Water Tanker hit Ape Auto,Tanker,Grievious injury,Fault of driver of motor vehicle/driver of other vehicle/cyclist/pedestrian/passenger,Four lanes or more with central divider,Straight road,,Fine,TN01H       6399,YES,Grevious,3
22.05.2013,2:15 PM,1346.6,RHS,Rural,Dagadarthi,Head on collision,Water Tanker hit Ape Auto,Tanker,Grievious injury,Fault of driver of motor vehicle/driver of other vehicle/cyclist/pedestrian/passenger,Four lanes or more with central divider,Straight road,,Fine,TN01H       6399,YES,Minor,1
22.05.2013,2:15 PM,1346.6,RHS,Rural,Dagadarthi,Head on collision,Water Tanker hit Ape Auto,Tanker,Grievious injury,Fault of driver of motor vehicle/driver of other vehicle/cyclist/pedestrian/passenger,Four lanes or more with central divider,Straight road,,Fine,TN01H       6399,YES,Non injured ,2
22.05.2013,2:15 PM,1346.6,RHS,Rural,Dagadarthi,Head on collision,Water Tanker hit Ape Auto,Tanker,Grievious injury,Fault of driver of motor vehicle/driver of other vehicle/cyclist/pedestrian/passenger,Four lanes or more with central divider,Straight road,,Fine,TN01H       6399,YES,Animals affected,0
22.05.2013,11:10 PM,1218.1,LHS,Rural,Medarametla,Others(p1.Specific),Private Bus  Mechanical Defect,Bus,Minor injury,Defect in mechanical condition of motor vehicle/road condition,Four lanes or more with central divider,Straight road,Four arm junction,Fine,AP16TC   4179,YES,Fatal,0
22.05.2013,11:10 PM,1218.1,LHS,Rural,Medarametla,Others(p1.Specific),Private Bus  Mechanical Defect,Bus,Minor injury,Defect in mechanical condition of motor vehicle/road condition,Four lanes or more with central divider,Straight road,Four arm junction,Fine,AP16TC   4179,YES,Grevious,0
22.05.2013,11:10 PM,1218.1,LHS,Rural,Medarametla,Others(p1.Specific),Private Bus  Mechanical Defect,Bus,Minor injury,Defect in mechanical condition of motor vehicle/road condition,Four lanes or more with central divider,Straight road,Four arm junction,Fine,AP16TC   4179,YES,Minor,2
22.05.2013,11:10 PM,1218.1,LHS,Rural,Medarametla,Others(p1.Specific),Private Bus  Mechanical Defect,Bus,Minor injury,Defect in mechanical condition of motor vehicle/road condition,Four lanes or more with central divider,Straight road,Four arm junction,Fine,AP16TC   4179,YES,Non injured ,17
22.05.2013,11:10 PM,1218.1,LHS,Rural,Medarametla,Others(p1.Specific),Private Bus  Mechanical Defect,Bus,Minor injury,Defect in mechanical condition of motor vehicle/road condition,Four lanes or more with central divider,Straight road,Four arm junction,Fine,AP16TC   4179,YES,Animals affected,0
23.05.2013,6:20 AM,1254.1,LHS,Rural,Ongole,Rear End Collision,Lorry hit     Lorry,Lorry,Fatal,Over speed,Four lanes or more with central divider,Straight road,,Fine,AP7TU      1278,YES,Fatal,1
23.05.2013,6:20 AM,1254.1,LHS,Rural,Ongole,Rear End Collision,Lorry hit     Lorry,Lorry,Fatal,Over speed,Four lanes or more with central divider,Straight road,,Fine,AP7TU      1278,YES,Grevious,1
23.05.2013,6:20 AM,1254.1,LHS,Rural,Ongole,Rear End Collision,Lorry hit     Lorry,Lorry,Fatal,Over speed,Four lanes or more with central divider,Straight road,,Fine,AP7TU      1278,YES,Minor,0
23.05.2013,6:20 AM,1254.1,LHS,Rural,Ongole,Rear End Collision,Lorry hit     Lorry,Lorry,Fatal,Over speed,Four lanes or more with central divider,Straight road,,Fine,AP7TU      1278,YES,Non injured ,2
23.05.2013,6:20 AM,1254.1,LHS,Rural,Ongole,Rear End Collision,Lorry hit     Lorry,Lorry,Fatal,Over speed,Four lanes or more with central divider,Straight road,,Fine,AP7TU      1278,YES,Animals affected,0
23.05.2013,7:00 AM,1227.9,RHS,Rural,Maddipadu,Collision Brush/Side Wipe,Mini Lorry Hit Safety Wall,Lorry,Non injury,Over speed,Four lanes or more with central divider,Straight road,,Fine,TN09AQ      3022,YES,Fatal,0
23.05.2013,7:00 AM,1227.9,RHS,Rural,Maddipadu,Collision Brush/Side Wipe,Mini Lorry Hit Safety Wall,Lorry,Non injury,Over speed,Four lanes or more with central divider,Straight road,,Fine,TN09AQ      3022,YES,Grevious,0
23.05.2013,7:00 AM,1227.9,RHS,Rural,Maddipadu,Collision Brush/Side Wipe,Mini Lorry Hit Safety Wall,Lorry,Non injury,Over speed,Four lanes or more with central divider,Straight road,,Fine,TN09AQ      3022,YES,Minor,0
23.05.2013,7:00 AM,1227.9,RHS,Rural,Maddipadu,Collision Brush/Side Wipe,Mini Lorry Hit Safety Wall,Lorry,Non injury,Over speed,Four lanes or more with central divider,Straight road,,Fine,TN09AQ      3022,YES,Non injured ,2
23.05.2013,7:00 AM,1227.9,RHS,Rural,Maddipadu,Collision Brush/Side Wipe,Mini Lorry Hit Safety Wall,Lorry,Non injury,Over speed,Four lanes or more with central divider,Straight road,,Fine,TN09AQ      3022,YES,Animals affected,0
23.05.2013,7:30 AM,1230.6,RHS,Rural,Maddipadu,Collision Brush/Side Wipe, Car Hit Bike,Car,Minor injury,Over speed,Four lanes or more with central divider,Straight road,,Fine,AP27AB   5666,YES,Fatal,0
23.05.2013,7:30 AM,1230.6,RHS,Rural,Maddipadu,Collision Brush/Side Wipe, Car Hit Bike,Car,Minor injury,Over speed,Four lanes or more with central divider,Straight road,,Fine,AP27AB   5666,YES,Grevious,0
23.05.2013,7:30 AM,1230.6,RHS,Rural,Maddipadu,Collision Brush/Side Wipe, Car Hit Bike,Car,Minor injury,Over speed,Four lanes or more with central divider,Straight road,,Fine,AP27AB   5666,YES,Minor,2
23.05.2013,7:30 AM,1230.6,RHS,Rural,Maddipadu,Collision Brush/Side Wipe, Car Hit Bike,Car,Minor injury,Over speed,Four lanes or more with central divider,Straight road,,Fine,AP27AB   5666,YES,Non injured ,1
23.05.2013,7:30 AM,1230.6,RHS,Rural,Maddipadu,Collision Brush/Side Wipe, Car Hit Bike,Car,Minor injury,Over speed,Four lanes or more with central divider,Straight road,,Fine,AP27AB   5666,YES,Animals affected,0
23.05.2013,10:04 AM,1189.6,RHS,Rural,Martur,Head on collision, Car  Hit Bike                       ,Car,Minor injury,Fault of driver of motor vehicle/driver of other vehicle/cyclist/pedestrian/passenger,Four lanes or more with central divider,Straight road,,Fine,AP26AR    6343,YES,Fatal,0
23.05.2013,10:04 AM,1189.6,RHS,Rural,Martur,Head on collision, Car  Hit Bike                       ,Car,Minor injury,Fault of driver of motor vehicle/driver of other vehicle/cyclist/pedestrian/passenger,Four lanes or more with central divider,Straight road,,Fine,AP26AR    6343,YES,Grevious,0
23.05.2013,10:04 AM,1189.6,RHS,Rural,Martur,Head on collision, Car  Hit Bike                       ,Car,Minor injury,Fault of driver of motor vehicle/driver of other vehicle/cyclist/pedestrian/passenger,Four lanes or more with central divider,Straight road,,Fine,AP26AR    6343,YES,Minor,1
23.05.2013,10:04 AM,1189.6,RHS,Rural,Martur,Head on collision, Car  Hit Bike                       ,Car,Minor injury,Fault of driver of motor vehicle/driver of other vehicle/cyclist/pedestrian/passenger,Four lanes or more with central divider,Straight road,,Fine,AP26AR    6343,YES,Non injured ,1
23.05.2013,10:04 AM,1189.6,RHS,Rural,Martur,Head on collision, Car  Hit Bike                       ,Car,Minor injury,Fault of driver of motor vehicle/driver of other vehicle/cyclist/pedestrian/passenger,Four lanes or more with central divider,Straight road,,Fine,AP26AR    6343,YES,Animals affected,0
24.05.2013,3:45 AM,1245.4,RHS,Urban,Ongole,Rear End Collision,Lorry hit Unknown Vehicle,Lorry,Non injury,Fault of driver of motor vehicle/driver of other vehicle/cyclist/pedestrian/passenger,Four lanes or more with central divider,Straight road,,Fine,MP04TL    1091,YES,Fatal,0
24.05.2013,3:45 AM,1245.4,RHS,Urban,Ongole,Rear End Collision,Lorry hit Unknown Vehicle,Lorry,Non injury,Fault of driver of motor vehicle/driver of other vehicle/cyclist/pedestrian/passenger,Four lanes or more with central divider,Straight road,,Fine,MP04TL    1091,YES,Grevious,0
24.05.2013,3:45 AM,1245.4,RHS,Urban,Ongole,Rear End Collision,Lorry hit Unknown Vehicle,Lorry,Non injury,Fault of driver of motor vehicle/driver of other vehicle/cyclist/pedestrian/passenger,Four lanes or more with central divider,Straight road,,Fine,MP04TL    1091,YES,Minor,0
24.05.2013,3:45 AM,1245.4,RHS,Urban,Ongole,Rear End Collision,Lorry hit Unknown Vehicle,Lorry,Non injury,Fault of driver of motor vehicle/driver of other vehicle/cyclist/pedestrian/passenger,Four lanes or more with central divider,Straight road,,Fine,MP04TL    1091,YES,Non injured ,2
24.05.2013,3:45 AM,1245.4,RHS,Urban,Ongole,Rear End Collision,Lorry hit Unknown Vehicle,Lorry,Non injury,Fault of driver of motor vehicle/driver of other vehicle/cyclist/pedestrian/passenger,Four lanes or more with central divider,Straight road,,Fine,MP04TL    1091,YES,Animals affected,0
24.05.2013,4:15 AM,1322.7,LHS,Rural,Kavali,Overturning,Lorry       Over turned,Lorry,Minor injury,Over speed,Four lanes or more with central divider,Straight road,,Fine,TN33AF   6377,YES,Fatal,0
24.05.2013,4:15 AM,1322.7,LHS,Rural,Kavali,Overturning,Lorry       Over turned,Lorry,Minor injury,Over speed,Four lanes or more with central divider,Straight road,,Fine,TN33AF   6377,YES,Grevious,0
24.05.2013,4:15 AM,1322.7,LHS,Rural,Kavali,Overturning,Lorry       Over turned,Lorry,Minor injury,Over speed,Four lanes or more with central divider,Straight road,,Fine,TN33AF   6377,YES,Minor,1
24.05.2013,4:15 AM,1322.7,LHS,Rural,Kavali,Overturning,Lorry       Over turned,Lorry,Minor injury,Over speed,Four lanes or more with central divider,Straight road,,Fine,TN33AF   6377,YES,Non injured ,1
24.05.2013,4:15 AM,1322.7,LHS,Rural,Kavali,Overturning,Lorry       Over turned,Lorry,Minor injury,Over speed,Four lanes or more with central divider,Straight road,,Fine,TN33AF   6377,YES,Animals affected,0
24.05.2013,5:00 AM,1319.5,RHS,Rural,Kavali,Collision Brush/Side Wipe,Oil Tanker hit    Metla beam Cresh barri,Tanker,Non injury,Over speed,Four lanes or more with central divider,Straight road,,Fine,AP16TB   7278,YES,Fatal,0
24.05.2013,5:00 AM,1319.5,RHS,Rural,Kavali,Collision Brush/Side Wipe,Oil Tanker hit    Metla beam Cresh barri,Tanker,Non injury,Over speed,Four lanes or more with central divider,Straight road,,Fine,AP16TB   7278,YES,Grevious,0
24.05.2013,5:00 AM,1319.5,RHS,Rural,Kavali,Collision Brush/Side Wipe,Oil Tanker hit    Metla beam Cresh barri,Tanker,Non injury,Over speed,Four lanes or more with central divider,Straight road,,Fine,AP16TB   7278,YES,Minor,0
24.05.2013,5:00 AM,1319.5,RHS,Rural,Kavali,Collision Brush/Side Wipe,Oil Tanker hit    Metla beam Cresh barri,Tanker,Non injury,Over speed,Four lanes or more with central divider,Straight road,,Fine,AP16TB   7278,YES,Non injured ,2
24.05.2013,5:00 AM,1319.5,RHS,Rural,Kavali,Collision Brush/Side Wipe,Oil Tanker hit    Metla beam Cresh barri,Tanker,Non injury,Over speed,Four lanes or more with central divider,Straight road,,Fine,AP16TB   7278,YES,Animals affected,0
24.05.2013,10:30 AM,1276.6,LHS,Rural,Singarayakonda,Collision Brush/Side Wipe,Lorry hit For wheel Tiffen Vehicle,Lorry,Grievious injury,Over speed,Four lanes or more with central divider,Straight road,,Fine,TN23AL   9408,YES,Fatal,0
24.05.2013,10:30 AM,1276.6,LHS,Rural,Singarayakonda,Collision Brush/Side Wipe,Lorry hit For wheel Tiffen Vehicle,Lorry,Grievious injury,Over speed,Four lanes or more with central divider,Straight road,,Fine,TN23AL   9408,YES,Grevious,2
24.05.2013,10:30 AM,1276.6,LHS,Rural,Singarayakonda,Collision Brush/Side Wipe,Lorry hit For wheel Tiffen Vehicle,Lorry,Grievious injury,Over speed,Four lanes or more with central divider,Straight road,,Fine,TN23AL   9408,YES,Minor,1
24.05.2013,10:30 AM,1276.6,LHS,Rural,Singarayakonda,Collision Brush/Side Wipe,Lorry hit For wheel Tiffen Vehicle,Lorry,Grievious injury,Over speed,Four lanes or more with central divider,Straight road,,Fine,TN23AL   9408,YES,Non injured ,2
24.05.2013,10:30 AM,1276.6,LHS,Rural,Singarayakonda,Collision Brush/Side Wipe,Lorry hit For wheel Tiffen Vehicle,Lorry,Grievious injury,Over speed,Four lanes or more with central divider,Straight road,,Fine,TN23AL   9408,YES,Animals affected,0
24.05.2013,12:25 PM,1339.4,LHS,Rural,Dagadarthi,Rear End Collision,Mini Lorry hit Water Tanker,Lorry,Minor injury,Over speed,Four lanes or more with central divider,Straight road,,Fine,AP16TX    4938         ,YES,Fatal,0
24.05.2013,12:25 PM,1339.4,LHS,Rural,Dagadarthi,Rear End Collision,Mini Lorry hit Water Tanker,Lorry,Minor injury,Over speed,Four lanes or more with central divider,Straight road,,Fine,AP16TX    4938         ,YES,Grevious,0
24.05.2013,12:25 PM,1339.4,LHS,Rural,Dagadarthi,Rear End Collision,Mini Lorry hit Water Tanker,Lorry,Minor injury,Over speed,Four lanes or more with central divider,Straight road,,Fine,AP16TX    4938         ,YES,Minor,2
23.01.2013,12:25 PM,1339.4,LHS,Rural,Dagadarthi,Rear End Collision,Mini Lorry hit Water Tanker,Lorry,Minor injury,Over speed,Four lanes or more with central divider,Straight road,,Fine,AP16TX    4938         ,YES,Non injured ,1
24.05.2013,12:25 PM,1339.4,LHS,Rural,Dagadarthi,Rear End Collision,Mini Lorry hit Water Tanker,Lorry,Minor injury,Over speed,Four lanes or more with central divider,Straight road,,Fine,AP16TX    4938         ,YES,Animals affected,0
24.05.2013,1:00 PM,1332.8,LHS,Rural,K.Tippa ,Collision Brush/Side Wipe,Container Vehicle hit Pedestrain,Container,Fatal,Over speed,Four lanes or more with central divider,Straight road,,Fine,WB15      9184,YES,Fatal,1
24.05.2013,1:00 PM,1332.8,LHS,Rural,K.Tippa ,Collision Brush/Side Wipe,Container Vehicle hit Pedestrain,Container,Fatal,Over speed,Four lanes or more with central divider,Straight road,,Fine,WB15      9184,YES,Grevious,0
24.05.2013,1:00 PM,1332.8,LHS,Rural,K.Tippa ,Collision Brush/Side Wipe,Container Vehicle hit Pedestrain,Container,Fatal,Over speed,Four lanes or more with central divider,Straight road,,Fine,WB15      9184,YES,Minor,0
24.05.2013,1:00 PM,1332.8,LHS,Rural,K.Tippa ,Collision Brush/Side Wipe,Container Vehicle hit Pedestrain,Container,Fatal,Over speed,Four lanes or more with central divider,Straight road,,Fine,WB15      9184,YES,Non injured ,1
24.05.2013,1:00 PM,1332.8,LHS,Rural,K.Tippa ,Collision Brush/Side Wipe,Container Vehicle hit Pedestrain,Container,Fatal,Over speed,Four lanes or more with central divider,Straight road,,Fine,WB15      9184,YES,Animals affected,0
24.05.2013,2:40 PM,1206.1,RHS,Rural,Reningavaram,Rear End Collision,Container Vehicle hit Lorry,Container,Minor injury,Over speed,Four lanes or more with central divider,Straight road,,Fine,TN04AF     6925,YES,Fatal,0
24.05.2013,2:40 PM,1206.1,RHS,Rural,Reningavaram,Rear End Collision,Container Vehicle hit Lorry,Container,Minor injury,Over speed,Four lanes or more with central divider,Straight road,,Fine,TN04AF     6925,YES,Grevious,0
24.05.2013,2:40 PM,1206.1,RHS,Rural,Reningavaram,Rear End Collision,Container Vehicle hit Lorry,Container,Minor injury,Over speed,Four lanes or more with central divider,Straight road,,Fine,TN04AF     6925,YES,Minor,1
24.05.2013,2:40 PM,1206.1,RHS,Rural,Reningavaram,Rear End Collision,Container Vehicle hit Lorry,Container,Minor injury,Over speed,Four lanes or more with central divider,Straight road,,Fine,TN04AF     6925,YES,Non injured ,1
24.05.2013,2:40 PM,1206.1,RHS,Rural,Reningavaram,Rear End Collision,Container Vehicle hit Lorry,Container,Minor injury,Over speed,Four lanes or more with central divider,Straight road,,Fine,TN04AF     6925,YES,Animals affected,0
24.05.2013,5:00 PM,1361.1,LHS,Rural,Kodavaluru,Rear End Collision,Lorry hit Unknown Vehicle,Lorry,Non injury,Over speed,Four lanes or more with central divider,Sharp curve,,Fine,TN04H       6963,YES,Fatal,0
24.05.2013,5:00 PM,1361.1,LHS,Rural,Kodavaluru,Rear End Collision,Lorry hit Unknown Vehicle,Lorry,Non injury,Over speed,Four lanes or more with central divider,Sharp curve,,Fine,TN04H       6963,YES,Grevious,0
24.05.2013,5:00 PM,1361.1,LHS,Rural,Kodavaluru,Rear End Collision,Lorry hit Unknown Vehicle,Lorry,Non injury,Over speed,Four lanes or more with central divider,Sharp curve,,Fine,TN04H       6963,YES,Minor,0
24.05.2013,5:00 PM,1361.1,LHS,Rural,Kodavaluru,Rear End Collision,Lorry hit Unknown Vehicle,Lorry,Non injury,Over speed,Four lanes or more with central divider,Sharp curve,,Fine,TN04H       6963,YES,Non injured ,2
24.05.2013,5:00 PM,1361.1,LHS,Rural,Kodavaluru,Rear End Collision,Lorry hit Unknown Vehicle,Lorry,Non injury,Over speed,Four lanes or more with central divider,Sharp curve,,Fine,TN04H       6963,YES,Animals affected,0
25.05.2013,12:43 PM,1356.8,RHS,Rural,Kodavaluru,Collision Brush/Side Wipe, Car hit      bike,Car,Minor injury,Over speed,Four lanes or more with central divider,Straight road,,Fine,KL03T      8256,YES,Fatal,0
25.05.2013,12:43 PM,1356.8,RHS,Rural,Kodavaluru,Collision Brush/Side Wipe, Car hit      bike,Car,Minor injury,Over speed,Four lanes or more with central divider,Straight road,,Fine,KL03T      8256,YES,Grevious,0
25.05.2013,12:43 PM,1356.8,RHS,Rural,Kodavaluru,Collision Brush/Side Wipe, Car hit      bike,Car,Minor injury,Over speed,Four lanes or more with central divider,Straight road,,Fine,KL03T      8256,YES,Minor,1
25.05.2013,12:43 PM,1356.8,RHS,Rural,Kodavaluru,Collision Brush/Side Wipe, Car hit      bike,Car,Minor injury,Over speed,Four lanes or more with central divider,Straight road,,Fine,KL03T      8256,YES,Non injured ,2
25.05.2013,12:43 PM,1356.8,RHS,Rural,Kodavaluru,Collision Brush/Side Wipe, Car hit      bike,Car,Minor injury,Over speed,Four lanes or more with central divider,Straight road,,Fine,KL03T      8256,YES,Animals affected,0
26.05.2013,4:50 AM,1336.7,LHS,Rural,K.Tippa ,Collision Brush/Side Wipe,Tata Ace Vehicle hit Animal,Tata Ace,Grievious injury,Over speed,Four lanes or more with central divider,Straight road,,Fine,AP16TA    8119,YES,Fatal,0
26.05.2013,4:50 AM,1336.7,LHS,Rural,K.Tippa ,Collision Brush/Side Wipe,Tata Ace Vehicle hit Animal,Tata Ace,Grievious injury,Over speed,Four lanes or more with central divider,Straight road,,Fine,AP16TA    8119,YES,Grevious,1
26.05.2013,4:50 AM,1336.7,LHS,Rural,K.Tippa ,Collision Brush/Side Wipe,Tata Ace Vehicle hit Animal,Tata Ace,Grievious injury,Over speed,Four lanes or more with central divider,Straight road,,Fine,AP16TA    8119,YES,Minor,0
26.05.2013,4:50 AM,1336.7,LHS,Rural,K.Tippa ,Collision Brush/Side Wipe,Tata Ace Vehicle hit Animal,Tata Ace,Grievious injury,Over speed,Four lanes or more with central divider,Straight road,,Fine,AP16TA    8119,YES,Non injured ,0
26.05.2013,4:50 AM,1336.7,LHS,Rural,K.Tippa ,Collision Brush/Side Wipe,Tata Ace Vehicle hit Animal,Tata Ace,Grievious injury,Over speed,Four lanes or more with central divider,Straight road,,Fine,AP16TA    8119,YES,Animals affected,1
26.05.2013,5:30 AM,1198.2,LHS,Rural,Martur,Rear End Collision, Lorry hit Lorry,Lorry,Minor injury,Fault of driver of motor vehicle/driver of other vehicle/cyclist/pedestrian/passenger,Four lanes or more with central divider,Straight road,,Fine,AP37TB   2699    ,YES,Fatal,0
26.05.2013,5:30 AM,1198.2,LHS,Rural,Martur,Rear End Collision, Lorry hit Lorry,Lorry,Minor injury,Fault of driver of motor vehicle/driver of other vehicle/cyclist/pedestrian/passenger,Four lanes or more with central divider,Straight road,,Fine,AP37TB   2699    ,YES,Grevious,0
26.05.2013,5:30 AM,1198.2,LHS,Rural,Martur,Rear End Collision, Lorry hit Lorry,Lorry,Minor injury,Fault of driver of motor vehicle/driver of other vehicle/cyclist/pedestrian/passenger,Four lanes or more with central divider,Straight road,,Fine,AP37TB   2699    ,YES,Minor,1
26.05.2013,5:30 AM,1198.2,LHS,Rural,Martur,Rear End Collision, Lorry hit Lorry,Lorry,Minor injury,Fault of driver of motor vehicle/driver of other vehicle/cyclist/pedestrian/passenger,Four lanes or more with central divider,Straight road,,Fine,AP37TB   2699    ,YES,Non injured ,3
26.05.2013,5:30 AM,1198.2,LHS,Rural,Martur,Rear End Collision, Lorry hit Lorry,Lorry,Minor injury,Fault of driver of motor vehicle/driver of other vehicle/cyclist/pedestrian/passenger,Four lanes or more with central divider,Straight road,,Fine,AP37TB   2699    ,YES,Animals affected,0
26.05.2013,5:35 AM,1340.9,RHS,Rural,Dagadarthi,Rear End Collision,Bus hit    Lorry,Bus,Non injury,Over speed,Four lanes or more with central divider,Straight road,,Fine,AP07TB 5689,YES,Fatal,0
26.05.2013,5:35 AM,1340.9,RHS,Rural,Dagadarthi,Rear End Collision,Bus hit    Lorry,Bus,Non injury,Over speed,Four lanes or more with central divider,Straight road,,Fine,AP07TB 5689,YES,Grevious,0
26.05.2013,5:35 AM,1340.9,RHS,Rural,Dagadarthi,Rear End Collision,Bus hit    Lorry,Bus,Non injury,Over speed,Four lanes or more with central divider,Straight road,,Fine,AP07TB 5689,YES,Minor,0
26.05.2013,5:35 AM,1340.9,RHS,Rural,Dagadarthi,Rear End Collision,Bus hit    Lorry,Bus,Non injury,Over speed,Four lanes or more with central divider,Straight road,,Fine,AP07TB 5689,YES,Non injured ,40
26.05.2013,5:35 AM,1340.9,RHS,Rural,Dagadarthi,Rear End Collision,Bus hit    Lorry,Bus,Non injury,Over speed,Four lanes or more with central divider,Straight road,,Fine,AP07TB 5689,YES,Animals affected,0
27.05.2013,3:50 AM,1301.7,LHS,Rural,Gudluru,Skidding, Car   skide  Road out side ,Car,Minor injury,Over speed,Four lanes or more with central divider,Straight road,,Fine,KA03MQ     132,YES,Fatal,0
27.05.2013,3:50 AM,1301.7,LHS,Rural,Gudluru,Skidding, Car   skide  Road out side ,Car,Minor injury,Over speed,Four lanes or more with central divider,Straight road,,Fine,KA03MQ     132,YES,Grevious,0
27.05.2013,3:50 AM,1301.7,LHS,Rural,Gudluru,Skidding, Car   skide  Road out side ,Car,Minor injury,Over speed,Four lanes or more with central divider,Straight road,,Fine,KA03MQ     132,YES,Minor,2
27.05.2013,3:50 AM,1301.7,LHS,Rural,Gudluru,Skidding, Car   skide  Road out side ,Car,Minor injury,Over speed,Four lanes or more with central divider,Straight road,,Fine,KA03MQ     132,YES,Non injured ,2
27.05.2013,3:50 AM,1301.7,LHS,Rural,Gudluru,Skidding, Car   skide  Road out side ,Car,Minor injury,Over speed,Four lanes or more with central divider,Straight road,,Fine,KA03MQ     132,YES,Animals affected,0
27.05.2013,7:00 AM,1260.4,RHS,Rural,Tangutur,Collision Brush/Side Wipe,Car hit  Safety wall,Car,Non injury,Over speed,Four lanes or more with central divider,Straight road,,Fine,AP16Y 8267,YES,Fatal,0
27.05.2013,7:00 AM,1260.4,RHS,Rural,Tangutur,Collision Brush/Side Wipe,Car hit  Safety wall,Car,Non injury,Over speed,Four lanes or more with central divider,Straight road,,Fine,AP16Y 8267,YES,Grevious,0
27.05.2013,7:00 AM,1260.4,RHS,Rural,Tangutur,Collision Brush/Side Wipe,Car hit  Safety wall,Car,Non injury,Over speed,Four lanes or more with central divider,Straight road,,Fine,AP16Y 8267,YES,Minor,0