Operational date,Time of Accident,KM && M,Position,Rural/Urban,Location,Nature of Accident Position,Nature of Accident,Vehicle Involved,Type of Accident,Causes,Road Feature,Road condition,Intersection Type And Control,Weather Condition,Vehicle Responsible,Help Provided by Ambulance/Patroling Vehicle,Classification of Accident,No of Affected Persons
27.05.2013,7:00 AM,1260.4,RHS,Rural,Tangutur,Collision Brush/Side Wipe,Car hit  Safety wall,Car,Non injury,Over speed,Four lanes or more with central divider,Straight road,,Fine,AP16Y 8267,YES,Non injured ,4
27.05.2013,7:00 AM,1260.4,RHS,Rural,Tangutur,Collision Brush/Side Wipe,Car hit  Safety wall,Car,Non injury,Over speed,Four lanes or more with central divider,Straight road,,Fine,AP16Y 8267,YES,Animals affected,0
27.05.2013,10:20 AM,1206.8,RHS,Rural,Reningavaram,Collision Brush/Side Wipe,Mini Lorry Hit Safety Wall,Lorry,Grievious injury,Over speed,Four lanes or more with central divider,Straight road,,Fine,AP16TB   9159,YES,Fatal,0
27.05.2013,10:20 AM,1206.8,RHS,Rural,Reningavaram,Collision Brush/Side Wipe,Mini Lorry Hit Safety Wall,Lorry,Grievious injury,Over speed,Four lanes or more with central divider,Straight road,,Fine,AP16TB   9159,YES,Grevious,1
27.05.2013,10:20 AM,1206.8,RHS,Rural,Reningavaram,Collision Brush/Side Wipe,Mini Lorry Hit Safety Wall,Lorry,Grievious injury,Over speed,Four lanes or more with central divider,Straight road,,Fine,AP16TB   9159,YES,Minor,0
27.05.2013,10:20 AM,1206.8,RHS,Rural,Reningavaram,Collision Brush/Side Wipe,Mini Lorry Hit Safety Wall,Lorry,Grievious injury,Over speed,Four lanes or more with central divider,Straight road,,Fine,AP16TB   9159,YES,Non injured ,1
27.05.2013,10:20 AM,1206.8,RHS,Rural,Reningavaram,Collision Brush/Side Wipe,Mini Lorry Hit Safety Wall,Lorry,Grievious injury,Over speed,Four lanes or more with central divider,Straight road,,Fine,AP16TB   9159,YES,Animals affected,0
28.05.2013,12:34 AM,1279.8,RHS,Rural,Singarayakonda,Collision Brush/Side Wipe,Lorry hit  Safety wall,Lorry,Non injury,Over speed,Four lanes or more with central divider,Straight road,,Fine,AP27U 7158   ,YES,Fatal,0
28.05.2013,12:34 AM,1279.8,RHS,Rural,Singarayakonda,Collision Brush/Side Wipe,Lorry hit  Safety wall,Lorry,Non injury,Over speed,Four lanes or more with central divider,Straight road,,Fine,AP27U 7158   ,YES,Grevious,0
28.05.2013,12:34 AM,1279.8,RHS,Rural,Singarayakonda,Collision Brush/Side Wipe,Lorry hit  Safety wall,Lorry,Non injury,Over speed,Four lanes or more with central divider,Straight road,,Fine,AP27U 7158   ,YES,Minor,0
28.05.2013,12:34 AM,1279.8,RHS,Rural,Singarayakonda,Collision Brush/Side Wipe,Lorry hit  Safety wall,Lorry,Non injury,Over speed,Four lanes or more with central divider,Straight road,,Fine,AP27U 7158   ,YES,Non injured ,2
28.05.2013,12:34 AM,1279.8,RHS,Rural,Singarayakonda,Collision Brush/Side Wipe,Lorry hit  Safety wall,Lorry,Non injury,Over speed,Four lanes or more with central divider,Straight road,,Fine,AP27U 7158   ,YES,Animals affected,0
28.05.2013,6:40 AM,1241.3,RHS,Rural,Ongole,Rear End Collision,Car hit         Auto,Car,Non injury,Over speed,Four lanes or more with central divider,Straight road,,Fine,AP26DL   7455,YES,Fatal,0
28.05.2013,6:40 AM,1241.3,RHS,Rural,Ongole,Rear End Collision,Car hit         Auto,Car,Non injury,Over speed,Four lanes or more with central divider,Straight road,,Fine,AP26DL   7455,YES,Grevious,0
28.05.2013,6:40 AM,1241.3,RHS,Rural,Ongole,Rear End Collision,Car hit         Auto,Car,Non injury,Over speed,Four lanes or more with central divider,Straight road,,Fine,AP26DL   7455,YES,Minor,0
28.05.2013,6:40 AM,1241.3,RHS,Rural,Ongole,Rear End Collision,Car hit         Auto,Car,Non injury,Over speed,Four lanes or more with central divider,Straight road,,Fine,AP26DL   7455,YES,Non injured ,6
28.05.2013,6:40 AM,1241.3,RHS,Rural,Ongole,Rear End Collision,Car hit         Auto,Car,Non injury,Over speed,Four lanes or more with central divider,Straight road,,Fine,AP26DL   7455,YES,Animals affected,0
28.05.2013,7:10 AM,1313.3,RHS,Rural,Kavali,Rear End Collision,Mini Lorry hit Tractor and Lorry,Lorry,Non injury,Over speed,Four lanes or more with central divider,Straight road,,Fine,AP27TU    5317,YES,Fatal,0
28.05.2013,7:10 AM,1313.3,RHS,Rural,Kavali,Rear End Collision,Mini Lorry hit Tractor and Lorry,Lorry,Non injury,Over speed,Four lanes or more with central divider,Straight road,,Fine,AP27TU    5317,YES,Grevious,0
28.05.2013,7:10 AM,1313.3,RHS,Rural,Kavali,Rear End Collision,Mini Lorry hit Tractor and Lorry,Lorry,Non injury,Over speed,Four lanes or more with central divider,Straight road,,Fine,AP27TU    5317,YES,Minor,0
28.05.2013,7:10 AM,1313.3,RHS,Rural,Kavali,Rear End Collision,Mini Lorry hit Tractor and Lorry,Lorry,Non injury,Over speed,Four lanes or more with central divider,Straight road,,Fine,AP27TU    5317,YES,Non injured ,5
28.05.2013,7:10 AM,1313.3,RHS,Rural,Kavali,Rear End Collision,Mini Lorry hit Tractor and Lorry,Lorry,Non injury,Over speed,Four lanes or more with central divider,Straight road,,Fine,AP27TU    5317,YES,Animals affected,0
28.05.2013,8:10 AM,1267,LHS,Rural,Tangutur,Collision Brush/Side Wipe,Lorry hit  Safety wall,Lorry,Non injury,Over speed,Four lanes or more with central divider,Straight road,,Fine,TN52T        5347,YES,Fatal,0
28.05.2013,8:10 AM,1267,LHS,Rural,Tangutur,Collision Brush/Side Wipe,Lorry hit  Safety wall,Lorry,Non injury,Over speed,Four lanes or more with central divider,Straight road,,Fine,TN52T        5347,YES,Grevious,0
28.05.2013,8:10 AM,1267,LHS,Rural,Tangutur,Collision Brush/Side Wipe,Lorry hit  Safety wall,Lorry,Non injury,Over speed,Four lanes or more with central divider,Straight road,,Fine,TN52T        5347,YES,Minor,0
28.05.2013,8:10 AM,1267,LHS,Rural,Tangutur,Collision Brush/Side Wipe,Lorry hit  Safety wall,Lorry,Non injury,Over speed,Four lanes or more with central divider,Straight road,,Fine,TN52T        5347,YES,Non injured ,2
28.05.2013,8:10 AM,1267,LHS,Rural,Tangutur,Collision Brush/Side Wipe,Lorry hit  Safety wall,Lorry,Non injury,Over speed,Four lanes or more with central divider,Straight road,,Fine,TN52T        5347,YES,Animals affected,0
28.05.2013,5:30 PM,1274.9,LHS,Rural,Singarayakonda,Rear End Collision,Lorry hit Unknown Vehicle,Lorry,Non injury,Over speed,Four lanes or more with central divider,Straight road,,Fine,AP21V   4932,YES,Fatal,0
28.05.2013,5:30 PM,1274.9,LHS,Rural,Singarayakonda,Rear End Collision,Lorry hit Unknown Vehicle,Lorry,Non injury,Over speed,Four lanes or more with central divider,Straight road,,Fine,AP21V   4932,YES,Grevious,0
28.05.2013,5:30 PM,1274.9,LHS,Rural,Singarayakonda,Rear End Collision,Lorry hit Unknown Vehicle,Lorry,Non injury,Over speed,Four lanes or more with central divider,Straight road,,Fine,AP21V   4932,YES,Minor,0
28.05.2013,5:30 PM,1274.9,LHS,Rural,Singarayakonda,Rear End Collision,Lorry hit Unknown Vehicle,Lorry,Non injury,Over speed,Four lanes or more with central divider,Straight road,,Fine,AP21V   4932,YES,Non injured ,2
28.05.2013,5:30 PM,1274.9,LHS,Rural,Singarayakonda,Rear End Collision,Lorry hit Unknown Vehicle,Lorry,Non injury,Over speed,Four lanes or more with central divider,Straight road,,Fine,AP21V   4932,YES,Animals affected,0
28.05.2013,8:18 PM,1292.1,LHS,Rural,Ulavapadu,Collision Brush/Side Wipe,Car hit CC Wall,Car,Non injury,Over speed,Four lanes or more with central divider,Straight road,,Fine,F/R Car,YES,Fatal,0
28.05.2013,8:18 PM,1292.1,LHS,Rural,Ulavapadu,Collision Brush/Side Wipe,Car hit CC Wall,Car,Non injury,Over speed,Four lanes or more with central divider,Straight road,,Fine,F/R Car,YES,Grevious,0
28.05.2013,8:18 PM,1292.1,LHS,Rural,Ulavapadu,Collision Brush/Side Wipe,Car hit CC Wall,Car,Non injury,Over speed,Four lanes or more with central divider,Straight road,,Fine,F/R Car,YES,Minor,0
28.05.2013,8:18 PM,1292.1,LHS,Rural,Ulavapadu,Collision Brush/Side Wipe,Car hit CC Wall,Car,Non injury,Over speed,Four lanes or more with central divider,Straight road,,Fine,F/R Car,YES,Non injured ,2
28.05.2013,8:18 PM,1292.1,LHS,Rural,Ulavapadu,Collision Brush/Side Wipe,Car hit CC Wall,Car,Non injury,Over speed,Four lanes or more with central divider,Straight road,,Fine,F/R Car,YES,Animals affected,0
28.05.2013,9:12 PM,1241.6,LHS,Rural,Ongole,Rear End Collision,Auto hit       Unknown   Vehicle,Auto,Grievious injury,Over speed,Four lanes or more with central divider,Straight road,,Fine,AP27TU  3772,YES,Fatal,0
28.05.2013,9:12 PM,1241.6,LHS,Rural,Ongole,Rear End Collision,Auto hit       Unknown   Vehicle,Auto,Grievious injury,Over speed,Four lanes or more with central divider,Straight road,,Fine,AP27TU  3772,YES,Grevious,2
28.05.2013,9:12 PM,1241.6,LHS,Rural,Ongole,Rear End Collision,Auto hit       Unknown   Vehicle,Auto,Grievious injury,Over speed,Four lanes or more with central divider,Straight road,,Fine,AP27TU  3772,YES,Minor,0
28.05.2013,9:12 PM,1241.6,LHS,Rural,Ongole,Rear End Collision,Auto hit       Unknown   Vehicle,Auto,Grievious injury,Over speed,Four lanes or more with central divider,Straight road,,Fine,AP27TU  3772,YES,Non injured ,0
28.05.2013,9:12 PM,1241.6,LHS,Rural,Ongole,Rear End Collision,Auto hit       Unknown   Vehicle,Auto,Grievious injury,Over speed,Four lanes or more with central divider,Straight road,,Fine,AP27TU  3772,YES,Animals affected,0
29.05.2013,7:00 AM,1227.4,RHS,Rural,Maddipadu,Overturning,Contanier Vehicle Road Side Overtrned,Container,Non injury,Over speed,Four lanes or more with central divider,Straight road,,Fine,HR38M   2161,YES,Fatal,0
29.05.2013,7:00 AM,1227.4,RHS,Rural,Maddipadu,Overturning,Contanier Vehicle Road Side Overtrned,Container,Non injury,Over speed,Four lanes or more with central divider,Straight road,,Fine,HR38M   2161,YES,Grevious,0
29.05.2013,7:00 AM,1227.4,RHS,Rural,Maddipadu,Overturning,Contanier Vehicle Road Side Overtrned,Container,Non injury,Over speed,Four lanes or more with central divider,Straight road,,Fine,HR38M   2161,YES,Minor,0
29.05.2013,7:00 AM,1227.4,RHS,Rural,Maddipadu,Overturning,Contanier Vehicle Road Side Overtrned,Container,Non injury,Over speed,Four lanes or more with central divider,Straight road,,Fine,HR38M   2161,YES,Non injured ,1
29.05.2013,7:00 AM,1227.4,RHS,Rural,Maddipadu,Overturning,Contanier Vehicle Road Side Overtrned,Container,Non injury,Over speed,Four lanes or more with central divider,Straight road,,Fine,HR38M   2161,YES,Animals affected,0
29.05.2013,7:45 AM,1238.2,RHS,Rural,Maddipadu,Overturning,Lorry  Road Side Overtrned,Lorry,Non injury,Over speed,Four lanes or more with central divider,Straight road,,Fine,AP16TW   6955,YES,Fatal,0
29.05.2013,7:45 AM,1238.2,RHS,Rural,Maddipadu,Overturning,Lorry  Road Side Overtrned,Lorry,Non injury,Over speed,Four lanes or more with central divider,Straight road,,Fine,AP16TW   6955,YES,Grevious,0
29.05.2013,7:45 AM,1238.2,RHS,Rural,Maddipadu,Overturning,Lorry  Road Side Overtrned,Lorry,Non injury,Over speed,Four lanes or more with central divider,Straight road,,Fine,AP16TW   6955,YES,Minor,0
29.05.2013,7:45 AM,1238.2,RHS,Rural,Maddipadu,Overturning,Lorry  Road Side Overtrned,Lorry,Non injury,Over speed,Four lanes or more with central divider,Straight road,,Fine,AP16TW   6955,YES,Non injured ,2
29.05.2013,7:45 AM,1238.2,RHS,Rural,Maddipadu,Overturning,Lorry  Road Side Overtrned,Lorry,Non injury,Over speed,Four lanes or more with central divider,Straight road,,Fine,AP16TW   6955,YES,Animals affected,0
29.05.2013,12:09 PM,1211,LHS,Rural,Reningavaram,Skidding,Bike   Skidding  ,Bike,Minor injury,Over speed,Four lanes or more with central divider,Straight road,,Fine,AP27AC   0176,YES,Fatal,0
29.05.2013,12:09 PM,1211,LHS,Rural,Reningavaram,Skidding,Bike   Skidding  ,Bike,Minor injury,Over speed,Four lanes or more with central divider,Straight road,,Fine,AP27AC   0176,YES,Grevious,0
29.05.2013,12:09 PM,1211,LHS,Rural,Reningavaram,Skidding,Bike   Skidding  ,Bike,Minor injury,Over speed,Four lanes or more with central divider,Straight road,,Fine,AP27AC   0176,YES,Minor,2
29.05.2013,12:09 PM,1211,LHS,Rural,Reningavaram,Skidding,Bike   Skidding  ,Bike,Minor injury,Over speed,Four lanes or more with central divider,Straight road,,Fine,AP27AC   0176,YES,Non injured ,0
29.05.2013,12:09 PM,1211,LHS,Rural,Reningavaram,Skidding,Bike   Skidding  ,Bike,Minor injury,Over speed,Four lanes or more with central divider,Straight road,,Fine,AP27AC   0176,YES,Animals affected,0
29.05.2013,5:00 PM,1241.7,RHS,Rural,Ongole,Rear End Collision,Bike hit    Bike,Bike,Grievious injury,Over speed,Four lanes or more with central divider,Straight road,,Fine,AP27DM    6113,YES,Fatal,0
29.05.2013,5:00 PM,1241.7,RHS,Rural,Ongole,Rear End Collision,Bike hit    Bike,Bike,Grievious injury,Over speed,Four lanes or more with central divider,Straight road,,Fine,AP27DM    6113,YES,Grevious,2
29.05.2013,5:00 PM,1241.7,RHS,Rural,Ongole,Rear End Collision,Bike hit    Bike,Bike,Grievious injury,Over speed,Four lanes or more with central divider,Straight road,,Fine,AP27DM    6113,YES,Minor,2
29.05.2013,5:00 PM,1241.7,RHS,Rural,Ongole,Rear End Collision,Bike hit    Bike,Bike,Grievious injury,Over speed,Four lanes or more with central divider,Straight road,,Fine,AP27DM    6113,YES,Non injured ,0
29.05.2013,5:00 PM,1241.7,RHS,Rural,Ongole,Rear End Collision,Bike hit    Bike,Bike,Grievious injury,Over speed,Four lanes or more with central divider,Straight road,,Fine,AP27DM    6113,YES,Animals affected,0
30.05.2013,12:45 AM,1287,RHS,Rural,Ulavapadu,Rear End Collision,Car hit  Oil Tanker,Car,Grievious injury,Over speed,Four lanes or more with central divider,Straight road,,Fine,AP26AB    1443,YES,Fatal,0
30.05.2013,12:45 AM,1287,RHS,Rural,Ulavapadu,Rear End Collision,Car hit  Oil Tanker,Car,Grievious injury,Over speed,Four lanes or more with central divider,Straight road,,Fine,AP26AB    1443,YES,Grevious,2
30.05.2013,12:45 AM,1287,RHS,Rural,Ulavapadu,Rear End Collision,Car hit  Oil Tanker,Car,Grievious injury,Over speed,Four lanes or more with central divider,Straight road,,Fine,AP26AB    1443,YES,Minor,0
30.05.2013,12:45 AM,1287,RHS,Rural,Ulavapadu,Rear End Collision,Car hit  Oil Tanker,Car,Grievious injury,Over speed,Four lanes or more with central divider,Straight road,,Fine,AP26AB    1443,YES,Non injured ,2
30.05.2013,12:45 AM,1287,RHS,Rural,Ulavapadu,Rear End Collision,Car hit  Oil Tanker,Car,Grievious injury,Over speed,Four lanes or more with central divider,Straight road,,Fine,AP26AB    1443,YES,Animals affected,0
30.05.2013,5:00 AM,1356.4,RHS,Rural,Kodavaluru,Rear End Collision, Lorry hit Lorry,Lorry,Grievious injury,Fault of driver of motor vehicle/driver of other vehicle/cyclist/pedestrian/passenger,Four lanes or more with central divider,Straight road,,Fine,AP16TW      6197,YES,Fatal,0
30.05.2013,5:00 AM,1356.4,RHS,Rural,Kodavaluru,Rear End Collision, Lorry hit Lorry,Lorry,Grievious injury,Fault of driver of motor vehicle/driver of other vehicle/cyclist/pedestrian/passenger,Four lanes or more with central divider,Straight road,,Fine,AP16TW      6197,YES,Grevious,1
30.05.2013,5:00 AM,1356.4,RHS,Rural,Kodavaluru,Rear End Collision, Lorry hit Lorry,Lorry,Grievious injury,Fault of driver of motor vehicle/driver of other vehicle/cyclist/pedestrian/passenger,Four lanes or more with central divider,Straight road,,Fine,AP16TW      6197,YES,Minor,0
30.05.2013,5:00 AM,1356.4,RHS,Rural,Kodavaluru,Rear End Collision, Lorry hit Lorry,Lorry,Grievious injury,Fault of driver of motor vehicle/driver of other vehicle/cyclist/pedestrian/passenger,Four lanes or more with central divider,Straight road,,Fine,AP16TW      6197,YES,Non injured ,3
30.05.2013,5:00 AM,1356.4,RHS,Rural,Kodavaluru,Rear End Collision, Lorry hit Lorry,Lorry,Grievious injury,Fault of driver of motor vehicle/driver of other vehicle/cyclist/pedestrian/passenger,Four lanes or more with central divider,Straight road,,Fine,AP16TW      6197,YES,Animals affected,0
30.05.2013,12:40 PM,1243.2,LHS,Rural,Ongole,Rear End Collision,Private Bus  hit Unknown Vehicle,Bus,Non injury,Over speed,Four lanes or more with central divider,Straight road,,Fine,AP26TB    0324,YES,Fatal,0
30.05.2013,12:40 PM,1243.2,LHS,Rural,Ongole,Rear End Collision,Private Bus  hit Unknown Vehicle,Bus,Non injury,Over speed,Four lanes or more with central divider,Straight road,,Fine,AP26TB    0324,YES,Grevious,0
30.05.2013,12:40 PM,1243.2,LHS,Rural,Ongole,Rear End Collision,Private Bus  hit Unknown Vehicle,Bus,Non injury,Over speed,Four lanes or more with central divider,Straight road,,Fine,AP26TB    0324,YES,Minor,0
30.05.2013,12:40 PM,1243.2,LHS,Rural,Ongole,Rear End Collision,Private Bus  hit Unknown Vehicle,Bus,Non injury,Over speed,Four lanes or more with central divider,Straight road,,Fine,AP26TB    0324,YES,Non injured ,20
30.05.2013,12:40 PM,1243.2,LHS,Rural,Ongole,Rear End Collision,Private Bus  hit Unknown Vehicle,Bus,Non injury,Over speed,Four lanes or more with central divider,Straight road,,Fine,AP26TB    0324,YES,Animals affected,0
31.05.2013,8:00 AM,1243.1,LHS,Rural,Ongole,Collision Brush/Side Wipe,Car hit Median,Car,Minor injury,Over speed,Four lanes or more with central divider,Straight road,,Fine,AP7TC     1718,YES,Fatal,0
31.05.2013,8:00 AM,1243.1,LHS,Rural,Ongole,Collision Brush/Side Wipe,Car hit Median,Car,Minor injury,Over speed,Four lanes or more with central divider,Straight road,,Fine,AP7TC     1718,YES,Grevious,0
31.05.2013,8:00 AM,1243.1,LHS,Rural,Ongole,Collision Brush/Side Wipe,Car hit Median,Car,Minor injury,Over speed,Four lanes or more with central divider,Straight road,,Fine,AP7TC     1718,YES,Minor,0
31.05.2013,8:00 AM,1243.1,LHS,Rural,Ongole,Collision Brush/Side Wipe,Car hit Median,Car,Minor injury,Over speed,Four lanes or more with central divider,Straight road,,Fine,AP7TC     1718,YES,Non injured ,5
31.05.2013,8:00 AM,1243.1,LHS,Rural,Ongole,Collision Brush/Side Wipe,Car hit Median,Car,Minor injury,Over speed,Four lanes or more with central divider,Straight road,,Fine,AP7TC     1718,YES,Animals affected,0
31.05.2013,3:20 PM,1350.7,RHS,Rural,Kodavaluru,Collision Brush/Side Wipe,Bike hit    Bike,Bike,Grievious injury,Over speed,Four lanes or more with central divider,Straight road,,Fine,AP27AQ   0724,YES,Fatal,0
31.05.2013,3:20 PM,1350.7,RHS,Rural,Kodavaluru,Collision Brush/Side Wipe,Bike hit    Bike,Bike,Grievious injury,Over speed,Four lanes or more with central divider,Straight road,,Fine,AP27AQ   0724,YES,Grevious,2
31.05.2013,3:20 PM,1350.7,RHS,Rural,Kodavaluru,Collision Brush/Side Wipe,Bike hit    Bike,Bike,Grievious injury,Over speed,Four lanes or more with central divider,Straight road,,Fine,AP27AQ   0724,YES,Minor,2
31.05.2013,3:20 PM,1350.7,RHS,Rural,Kodavaluru,Collision Brush/Side Wipe,Bike hit    Bike,Bike,Grievious injury,Over speed,Four lanes or more with central divider,Straight road,,Fine,AP27AQ   0724,YES,Non injured ,0
31.05.2013,3:20 PM,1350.7,RHS,Rural,Kodavaluru,Collision Brush/Side Wipe,Bike hit    Bike,Bike,Grievious injury,Over speed,Four lanes or more with central divider,Straight road,,Fine,AP27AQ   0724,YES,Animals affected,0
31.05.2013,5:00 PM,1359.7,RHS,Rural,Kodavaluru,Rear End Collision,Lorry hit    Tipper,Lorry,Minor injury,Over speed,Four lanes or more with central divider,Straight road,,Fine,AP16T   1321,YES,Fatal,0
31.05.2013,5:00 PM,1359.7,RHS,Rural,Kodavaluru,Rear End Collision,Lorry hit    Tipper,Lorry,Minor injury,Over speed,Four lanes or more with central divider,Straight road,,Fine,AP16T   1321,YES,Grevious,0
31.05.2013,5:00 PM,1359.7,RHS,Rural,Kodavaluru,Rear End Collision,Lorry hit    Tipper,Lorry,Minor injury,Over speed,Four lanes or more with central divider,Straight road,,Fine,AP16T   1321,YES,Minor,1
31.05.2013,5:00 PM,1359.7,RHS,Rural,Kodavaluru,Rear End Collision,Lorry hit    Tipper,Lorry,Minor injury,Over speed,Four lanes or more with central divider,Straight road,,Fine,AP16T   1321,YES,Non injured ,1
31.05.2013,5:00 PM,1359.7,RHS,Rural,Kodavaluru,Rear End Collision,Lorry hit    Tipper,Lorry,Minor injury,Over speed,Four lanes or more with central divider,Straight road,,Fine,AP16T   1321,YES,Animals affected,0
31.05.2013,10:00 PM,1292.5,RHS,Rural,Ulavapadu,Overturning,Mini Van Road Side Overtrned,Lorry,Minor injury,Over speed,Four lanes or more with central divider,Slight curve,,Fine,AP23Y      6141,YES,Fatal,0
31.05.2013,10:00 PM,1292.5,RHS,Rural,Ulavapadu,Overturning,Mini Van Road Side Overtrned,Lorry,Minor injury,Over speed,Four lanes or more with central divider,Slight curve,,Fine,AP23Y      6141,YES,Grevious,0
31.05.2013,10:00 PM,1292.5,RHS,Rural,Ulavapadu,Overturning,Mini Van Road Side Overtrned,Lorry,Minor injury,Over speed,Four lanes or more with central divider,Slight curve,,Fine,AP23Y      6141,YES,Minor,1
31.05.2013,10:00 PM,1292.5,RHS,Rural,Ulavapadu,Overturning,Mini Van Road Side Overtrned,Lorry,Minor injury,Over speed,Four lanes or more with central divider,Slight curve,,Fine,AP23Y      6141,YES,Non injured ,0
31.05.2013,10:00 PM,1292.5,RHS,Rural,Ulavapadu,Overturning,Mini Van Road Side Overtrned,Lorry,Minor injury,Over speed,Four lanes or more with central divider,Slight curve,,Fine,AP23Y      6141,YES,Animals affected,0
31.05.2013,10:50 PM,1296.3,LHS,Rural,Ulavapadu,Collision Brush/Side Wipe,Unknown Vehicle hit   Buffalos ,Unknown,Non injury,Over speed,Four lanes or more with central divider,Straight road,,Fine,Unknown Vehicle,YES,Fatal,0
31.05.2013,10:50 PM,1296.3,LHS,Rural,Ulavapadu,Collision Brush/Side Wipe,Unknown Vehicle hit   Buffalos ,Unknown,Non injury,Over speed,Four lanes or more with central divider,Straight road,,Fine,Unknown Vehicle,YES,Grevious,0
31.05.2013,10:50 PM,1296.3,LHS,Rural,Ulavapadu,Collision Brush/Side Wipe,Unknown Vehicle hit   Buffalos ,Unknown,Non injury,Over speed,Four lanes or more with central divider,Straight road,,Fine,Unknown Vehicle,YES,Minor,0
31.05.2013,10:50 PM,1296.3,LHS,Rural,Ulavapadu,Collision Brush/Side Wipe,Unknown Vehicle hit   Buffalos ,Unknown,Non injury,Over speed,Four lanes or more with central divider,Straight road,,Fine,Unknown Vehicle,YES,Non injured ,0
31.05.2013,10:50 PM,1296.3,LHS,Rural,Ulavapadu,Collision Brush/Side Wipe,Unknown Vehicle hit   Buffalos ,Unknown,Non injury,Over speed,Four lanes or more with central divider,Straight road,,Fine,Unknown Vehicle,YES,Animals affected,2
31.05.2013,11:30 PM,1334.9,RHS,Rural,K.Tippa ,Collision Brush/Side Wipe,Car hit Unknown  Vehicle,Car,Non injury,Over speed,Four lanes or more with central divider,Straight road,,Fine,TN07 AP 7915,YES,Fatal,0
31.05.2013,11:30 PM,1334.9,RHS,Rural,K.Tippa ,Collision Brush/Side Wipe,Car hit Unknown  Vehicle,Car,Non injury,Over speed,Four lanes or more with central divider,Straight road,,Fine,TN07 AP 7915,YES,Grevious,0
31.05.2013,11:30 PM,1334.9,RHS,Rural,K.Tippa ,Collision Brush/Side Wipe,Car hit Unknown  Vehicle,Car,Non injury,Over speed,Four lanes or more with central divider,Straight road,,Fine,TN07 AP 7915,YES,Minor,0
31.05.2013,11:30 PM,1334.9,RHS,Rural,K.Tippa ,Collision Brush/Side Wipe,Car hit Unknown  Vehicle,Car,Non injury,Over speed,Four lanes or more with central divider,Straight road,,Fine,TN07 AP 7915,YES,Non injured ,2
31.05.2013,11:30 PM,1334.9,RHS,Rural,K.Tippa ,Collision Brush/Side Wipe,Car hit Unknown  Vehicle,Car,Non injury,Over speed,Four lanes or more with central divider,Straight road,,Fine,TN07 AP 7915,YES,Animals affected,0
01.06.2013,4:30 AM,1344.3,LHS,Rural,Dagadarthi,Rear End Collision,Lorry hit Lorry,Lorry,Non injury,Over speed,Four lanes or more with central divider,Straight road,,Fine,AP02T   7749,YES,Fatal,0
01.06.2013,4:30 AM,1344.3,LHS,Rural,Dagadarthi,Rear End Collision,Lorry hit Lorry,Lorry,Non injury,Over speed,Four lanes or more with central divider,Straight road,,Fine,AP02T   7749,YES,Grevious,0
01.06.2013,4:30 AM,1344.3,LHS,Rural,Dagadarthi,Rear End Collision,Lorry hit Lorry,Lorry,Non injury,Over speed,Four lanes or more with central divider,Straight road,,Fine,AP02T   7749,YES,Minor,1
01.06.2013,4:30 AM,1344.3,LHS,Rural,Dagadarthi,Rear End Collision,Lorry hit Lorry,Lorry,Non injury,Over speed,Four lanes or more with central divider,Straight road,,Fine,AP02T   7749,YES,Non injured ,5
01.06.2013,4:30 AM,1344.3,LHS,Rural,Dagadarthi,Rear End Collision,Lorry hit Lorry,Lorry,Non injury,Over speed,Four lanes or more with central divider,Straight road,,Fine,AP02T   7749,YES,Animals affected,0
01.06.2013,6:15 AM,1206.1,RHS,Rural,Reningavaram,Rear End Collision,Car hit Lorry,Car,Grievious injury,Over speed,Four lanes or more with central divider,Slight curve,,Fine,AP07BN  2941,YES,Fatal,0
01.06.2013,6:15 AM,1206.1,RHS,Rural,Reningavaram,Rear End Collision,Car hit Lorry,Car,Grievious injury,Over speed,Four lanes or more with central divider,Slight curve,,Fine,AP07BN  2941,YES,Grevious,2
01.06.2013,6:15 AM,1206.1,RHS,Rural,Reningavaram,Rear End Collision,Car hit Lorry,Car,Grievious injury,Over speed,Four lanes or more with central divider,Slight curve,,Fine,AP07BN  2941,YES,Minor,2
01.06.2013,6:15 AM,1206.1,RHS,Rural,Reningavaram,Rear End Collision,Car hit Lorry,Car,Grievious injury,Over speed,Four lanes or more with central divider,Slight curve,,Fine,AP07BN  2941,YES,Non injured ,0
01.06.2013,6:15 AM,1206.1,RHS,Rural,Reningavaram,Rear End Collision,Car hit Lorry,Car,Grievious injury,Over speed,Four lanes or more with central divider,Slight curve,,Fine,AP07BN  2941,YES,Animals affected,0
01.06.2013,7:00 AM,1261.6,LHS,Rural,Tangutur,Skidding,Lorry skid on the Road,Lorry,Non injury,Over speed,Four lanes or more with central divider,Straight road,,Fine,WB41C   3949,YES,Fatal,0
01.06.2013,7:00 AM,1261.6,LHS,Rural,Tangutur,Skidding,Lorry skid on the Road,Lorry,Non injury,Over speed,Four lanes or more with central divider,Straight road,,Fine,WB41C   3949,YES,Grevious,0
01.06.2013,7:00 AM,1261.6,LHS,Rural,Tangutur,Skidding,Lorry skid on the Road,Lorry,Non injury,Over speed,Four lanes or more with central divider,Straight road,,Fine,WB41C   3949,YES,Minor,0
01.06.2013,7:00 AM,1261.6,LHS,Rural,Tangutur,Skidding,Lorry skid on the Road,Lorry,Non injury,Over speed,Four lanes or more with central divider,Straight road,,Fine,WB41C   3949,YES,Non injured ,2
01.06.2013,7:00 AM,1261.6,LHS,Rural,Tangutur,Skidding,Lorry skid on the Road,Lorry,Non injury,Over speed,Four lanes or more with central divider,Straight road,,Fine,WB41C   3949,YES,Animals affected,0
01.06.2013,11:48 AM,1267.4,LHS,Rural,Tangutur,Rear End Collision,Lorry hit Lorry,Lorry,Minor injury,Over speed,Three lanes or more without central divider(median),Slight curve,T-Junction,Fine,NL02D   9561,YES,Fatal,0