Operational date,Time of Accident,KM && M,Position,Rural/Urban,Location,Nature of Accident Position,Nature of Accident,Vehicle Involved,Type of Accident,Causes,Road Feature,Road condition,Intersection Type And Control,Weather Condition,Vehicle Responsible,Help Provided by Ambulance/Patroling Vehicle,Classification of Accident,No of Affected Persons
01.06.2013,11:48 AM,1267.4,LHS,Rural,Tangutur,Rear End Collision,Lorry hit Lorry,Lorry,Minor injury,Over speed,Three lanes or more without central divider(median),Slight curve,T-Junction,Fine,NL02D   9561,YES,Grevious,0
01.06.2013,11:48 AM,1267.4,LHS,Rural,Tangutur,Rear End Collision,Lorry hit Lorry,Lorry,Minor injury,Over speed,Three lanes or more without central divider(median),Slight curve,T-Junction,Fine,NL02D   9561,YES,Minor,1
01.06.2013,11:48 AM,1267.4,LHS,Rural,Tangutur,Rear End Collision,Lorry hit Lorry,Lorry,Minor injury,Over speed,Three lanes or more without central divider(median),Slight curve,T-Junction,Fine,NL02D   9561,YES,Non injured ,3
01.06.2013,11:48 AM,1267.4,LHS,Rural,Tangutur,Rear End Collision,Lorry hit Lorry,Lorry,Minor injury,Over speed,Three lanes or more without central divider(median),Slight curve,T-Junction,Fine,NL02D   9561,YES,Animals affected,0
01.06.2013,4:40 PM,1272.5,LHS,Rural,Jarugumalli,Overturning,Car Overturned,Car,Minor injury,Over speed,Four lanes or more with central divider,Straight road,,Fine,AP16P    9227,YES,Fatal,0
01.06.2013,4:40 PM,1272.5,LHS,Rural,Jarugumalli,Overturning,Car Overturned,Car,Minor injury,Over speed,Four lanes or more with central divider,Straight road,,Fine,AP16P    9227,YES,Grevious,0
01.06.2013,4:40 PM,1272.5,LHS,Rural,Jarugumalli,Overturning,Car Overturned,Car,Minor injury,Over speed,Four lanes or more with central divider,Straight road,,Fine,AP16P    9227,YES,Minor,2
01.06.2013,4:40 PM,1272.5,LHS,Rural,Jarugumalli,Overturning,Car Overturned,Car,Minor injury,Over speed,Four lanes or more with central divider,Straight road,,Fine,AP16P    9227,YES,Non injured ,0
01.06.2013,4:40 PM,1272.5,LHS,Rural,Jarugumalli,Overturning,Car Overturned,Car,Minor injury,Over speed,Four lanes or more with central divider,Straight road,,Fine,AP16P    9227,YES,Animals affected,0
01.06.2013,7:50 PM,1352.6,LHS,Rural,Kodavaluru,Rear End Collision,Miini Lorry hit Bike,Lorry,Fatal,Over speed,Four lanes or more with central divider,Straight road,,Fine,AP26TB  9969,YES,Fatal,1
01.06.2013,7:50 PM,1352.6,LHS,Rural,Kodavaluru,Rear End Collision,Miini Lorry hit Bike,Lorry,Fatal,Over speed,Four lanes or more with central divider,Straight road,,Fine,AP26TB  9969,YES,Grevious,0
01.06.2013,7:50 PM,1352.6,LHS,Rural,Kodavaluru,Rear End Collision,Miini Lorry hit Bike,Lorry,Fatal,Over speed,Four lanes or more with central divider,Straight road,,Fine,AP26TB  9969,YES,Minor,0
01.06.2013,7:50 PM,1352.6,LHS,Rural,Kodavaluru,Rear End Collision,Miini Lorry hit Bike,Lorry,Fatal,Over speed,Four lanes or more with central divider,Straight road,,Fine,AP26TB  9969,YES,Non injured ,1
01.06.2013,7:50 PM,1352.6,LHS,Rural,Kodavaluru,Rear End Collision,Miini Lorry hit Bike,Lorry,Fatal,Over speed,Four lanes or more with central divider,Straight road,,Fine,AP26TB  9969,YES,Animals affected,0
02.06.2013,2:55 PM,1262.8,LHS,Rural,Tangutur,Skidding,Bike   Skidding,Bike,Grievious injury,Over speed,Four lanes or more with central divider,Straight road,,Fine,AP27AS     3602,YES,Fatal,0
02.06.2013,2:55 PM,1262.8,LHS,Rural,Tangutur,Skidding,Bike   Skidding,Bike,Grievious injury,Over speed,Four lanes or more with central divider,Straight road,,Fine,AP27AS     3602,YES,Grevious,1
02.06.2013,2:55 PM,1262.8,LHS,Rural,Tangutur,Skidding,Bike   Skidding,Bike,Grievious injury,Over speed,Four lanes or more with central divider,Straight road,,Fine,AP27AS     3602,YES,Minor,1
02.06.2013,2:55 PM,1262.8,LHS,Rural,Tangutur,Skidding,Bike   Skidding,Bike,Grievious injury,Over speed,Four lanes or more with central divider,Straight road,,Fine,AP27AS     3602,YES,Non injured ,0
02.06.2013,2:55 PM,1262.8,LHS,Rural,Tangutur,Skidding,Bike   Skidding,Bike,Grievious injury,Over speed,Four lanes or more with central divider,Straight road,,Fine,AP27AS     3602,YES,Animals affected,0
02.06.2013,6:10 PM,1235.6,RHS,Rural,Maddipadu,Collision Brush/Side Wipe,Lorry hit       oil Tankar,Lorry,Non injury,Over speed,Four lanes or more with central divider,Straight road,,Fine,AP16TB  0369,YES,Fatal,0
02.06.2013,6:10 PM,1235.6,RHS,Rural,Maddipadu,Collision Brush/Side Wipe,Lorry hit       oil Tankar,Lorry,Non injury,Over speed,Four lanes or more with central divider,Straight road,,Fine,AP16TB  0369,YES,Grevious,0
02.06.2013,6:10 PM,1235.6,RHS,Rural,Maddipadu,Collision Brush/Side Wipe,Lorry hit       oil Tankar,Lorry,Non injury,Over speed,Four lanes or more with central divider,Straight road,,Fine,AP16TB  0369,YES,Minor,0
02.06.2013,6:10 PM,1235.6,RHS,Rural,Maddipadu,Collision Brush/Side Wipe,Lorry hit       oil Tankar,Lorry,Non injury,Over speed,Four lanes or more with central divider,Straight road,,Fine,AP16TB  0369,YES,Non injured ,2
02.06.2013,6:10 PM,1235.6,RHS,Rural,Maddipadu,Collision Brush/Side Wipe,Lorry hit       oil Tankar,Lorry,Non injury,Over speed,Four lanes or more with central divider,Straight road,,Fine,AP16TB  0369,YES,Animals affected,0
02.06.2013,10:30 PM,1340.9,RHS,Rural,Dagadarthi,Collision Brush/Side Wipe,Lorry hit       Median ,Lorry,Non injury,Vehicle out of control,Four lanes or more with central divider,Sharp curve,,Fine,TN09BK   1965,YES,Fatal,0
02.06.2013,10:30 PM,1340.9,RHS,Rural,Dagadarthi,Collision Brush/Side Wipe,Lorry hit       Median ,Lorry,Non injury,Vehicle out of control,Four lanes or more with central divider,Sharp curve,,Fine,TN09BK   1965,YES,Grevious,0
02.06.2013,10:30 PM,1340.9,RHS,Rural,Dagadarthi,Collision Brush/Side Wipe,Lorry hit       Median ,Lorry,Non injury,Vehicle out of control,Four lanes or more with central divider,Sharp curve,,Fine,TN09BK   1965,YES,Minor,0
02.06.2013,10:30 PM,1340.9,RHS,Rural,Dagadarthi,Collision Brush/Side Wipe,Lorry hit       Median ,Lorry,Non injury,Vehicle out of control,Four lanes or more with central divider,Sharp curve,,Fine,TN09BK   1965,YES,Non injured ,2
02.06.2013,10:30 PM,1340.9,RHS,Rural,Dagadarthi,Collision Brush/Side Wipe,Lorry hit       Median ,Lorry,Non injury,Vehicle out of control,Four lanes or more with central divider,Sharp curve,,Fine,TN09BK   1965,YES,Animals affected,0
03.06.2013,10:33 AM,1217.1,RHS,Rural,Medarametla,Collision Brush/Side Wipe,Bike hit       Median ,Bike,Grievious injury,Over speed,Four lanes or more with central divider,Straight road,,Fine,AP20AG   7593,YES,Fatal,0
03.06.2013,10:33 AM,1217.1,RHS,Rural,Medarametla,Collision Brush/Side Wipe,Bike hit       Median ,Bike,Grievious injury,Over speed,Four lanes or more with central divider,Straight road,,Fine,AP20AG   7593,YES,Grevious,1
03.06.2013,10:33 AM,1217.1,RHS,Rural,Medarametla,Collision Brush/Side Wipe,Bike hit       Median ,Bike,Grievious injury,Over speed,Four lanes or more with central divider,Straight road,,Fine,AP20AG   7593,YES,Minor,0
03.06.2013,10:33 AM,1217.1,RHS,Rural,Medarametla,Collision Brush/Side Wipe,Bike hit       Median ,Bike,Grievious injury,Over speed,Four lanes or more with central divider,Straight road,,Fine,AP20AG   7593,YES,Non injured ,0
03.06.2013,10:33 AM,1217.1,RHS,Rural,Medarametla,Collision Brush/Side Wipe,Bike hit       Median ,Bike,Grievious injury,Over speed,Four lanes or more with central divider,Straight road,,Fine,AP20AG   7593,YES,Animals affected,0
04.06.2013,12:03 AM,1344.5,RHS,Rural,Dagadarthi,Others(p1.Specific),Lorry       Fired,Lorry,Non injury,Fault of driver of motor vehicle/driver of other vehicle/cyclist/pedestrian/passenger,Four lanes or more with central divider,Straight road,,Fine,TN67R  6001,YES,Fatal,0
04.06.2013,12:03 AM,1344.5,RHS,Rural,Dagadarthi,Others(p1.Specific),Lorry       Fired,Lorry,Non injury,Fault of driver of motor vehicle/driver of other vehicle/cyclist/pedestrian/passenger,Four lanes or more with central divider,Straight road,,Fine,TN67R  6001,YES,Grevious,0
04.06.2013,12:03 AM,1344.5,RHS,Rural,Dagadarthi,Others(p1.Specific),Lorry       Fired,Lorry,Non injury,Fault of driver of motor vehicle/driver of other vehicle/cyclist/pedestrian/passenger,Four lanes or more with central divider,Straight road,,Fine,TN67R  6001,YES,Minor,0
04.06.2013,12:03 AM,1344.5,RHS,Rural,Dagadarthi,Others(p1.Specific),Lorry       Fired,Lorry,Non injury,Fault of driver of motor vehicle/driver of other vehicle/cyclist/pedestrian/passenger,Four lanes or more with central divider,Straight road,,Fine,TN67R  6001,YES,Non injured ,1
04.06.2013,12:03 AM,1344.5,RHS,Rural,Dagadarthi,Others(p1.Specific),Lorry       Fired,Lorry,Non injury,Fault of driver of motor vehicle/driver of other vehicle/cyclist/pedestrian/passenger,Four lanes or more with central divider,Straight road,,Fine,TN67R  6001,YES,Animals affected,0
04.06.2013,3:30 AM,1224,RHS,Rural,Maddipadu,Collision Brush/Side Wipe,Bike hit RTC Bus,Bike,Grievious injury,Druken,Four lanes or more with central divider,Straight road,Four arm junction,Fine,AP26R     7017,YES,Fatal,0
04.06.2013,3:30 AM,1224,RHS,Rural,Maddipadu,Collision Brush/Side Wipe,Bike hit RTC Bus,Bike,Grievious injury,Druken,Four lanes or more with central divider,Straight road,Four arm junction,Fine,AP26R     7017,YES,Grevious,1
04.06.2013,3:30 AM,1224,RHS,Rural,Maddipadu,Collision Brush/Side Wipe,Bike hit RTC Bus,Bike,Grievious injury,Druken,Four lanes or more with central divider,Straight road,Four arm junction,Fine,AP26R     7017,YES,Minor,0
04.06.2013,3:30 AM,1224,RHS,Rural,Maddipadu,Collision Brush/Side Wipe,Bike hit RTC Bus,Bike,Grievious injury,Druken,Four lanes or more with central divider,Straight road,Four arm junction,Fine,AP26R     7017,YES,Non injured ,0
04.06.2013,3:30 AM,1224,RHS,Rural,Maddipadu,Collision Brush/Side Wipe,Bike hit RTC Bus,Bike,Grievious injury,Druken,Four lanes or more with central divider,Straight road,Four arm junction,Fine,AP26R     7017,YES,Animals affected,0
04.06.2013,6:00 AM,1194.1,LHS,Rural,Martur,Overturning,Continer Vehicle Over Turned,Container,Non injury,Over speed,Four lanes or more with central divider,Straight road,,Fine,JH05S     3536,YES,Fatal,0
04.06.2013,6:00 AM,1194.1,LHS,Rural,Martur,Overturning,Continer Vehicle Over Turned,Container,Non injury,Over speed,Four lanes or more with central divider,Straight road,,Fine,JH05S     3536,YES,Grevious,0
04.06.2013,6:00 AM,1194.1,LHS,Rural,Martur,Overturning,Continer Vehicle Over Turned,Container,Non injury,Over speed,Four lanes or more with central divider,Straight road,,Fine,JH05S     3536,YES,Minor,0
04.06.2013,6:00 AM,1194.1,LHS,Rural,Martur,Overturning,Continer Vehicle Over Turned,Container,Non injury,Over speed,Four lanes or more with central divider,Straight road,,Fine,JH05S     3536,YES,Non injured ,2
04.06.2013,6:00 AM,1194.1,LHS,Rural,Martur,Overturning,Continer Vehicle Over Turned,Container,Non injury,Over speed,Four lanes or more with central divider,Straight road,,Fine,JH05S     3536,YES,Animals affected,0
04.06.2013,6:20 AM,1323.5,LHS,Rural,Kavali,Collision Brush/Side Wipe,Car hit Safety Wall,Car,Non injury,Over speed,Four lanes or more with central divider,Straight road,T-Junction,Fine,F/R,YES,Fatal,0
04.06.2013,6:20 AM,1323.5,LHS,Rural,Kavali,Collision Brush/Side Wipe,Car hit Safety Wall,Car,Non injury,Over speed,Four lanes or more with central divider,Straight road,T-Junction,Fine,F/R,YES,Grevious,0
04.06.2013,6:20 AM,1323.5,LHS,Rural,Kavali,Collision Brush/Side Wipe,Car hit Safety Wall,Car,Non injury,Over speed,Four lanes or more with central divider,Straight road,T-Junction,Fine,F/R,YES,Minor,0
04.06.2013,6:20 AM,1323.5,LHS,Rural,Kavali,Collision Brush/Side Wipe,Car hit Safety Wall,Car,Non injury,Over speed,Four lanes or more with central divider,Straight road,T-Junction,Fine,F/R,YES,Non injured ,4
04.06.2013,6:20 AM,1323.5,LHS,Rural,Kavali,Collision Brush/Side Wipe,Car hit Safety Wall,Car,Non injury,Over speed,Four lanes or more with central divider,Straight road,T-Junction,Fine,F/R,YES,Animals affected,0
04.06.2013,6:50 AM,1323.5,LHS,Rural,Kavali,Collision Brush/Side Wipe,Car hit Safety Wall,Car,Non injury,Over speed,Four lanes or more with central divider,Straight road,T-Junction,Fine,AP37AV      2646,YES,Fatal,0
04.06.2013,6:50 AM,1323.5,LHS,Rural,Kavali,Collision Brush/Side Wipe,Car hit Safety Wall,Car,Non injury,Over speed,Four lanes or more with central divider,Straight road,T-Junction,Fine,AP37AV      2646,YES,Grevious,0
04.06.2013,6:50 AM,1323.5,LHS,Rural,Kavali,Collision Brush/Side Wipe,Car hit Safety Wall,Car,Non injury,Over speed,Four lanes or more with central divider,Straight road,T-Junction,Fine,AP37AV      2646,YES,Minor,0
04.06.2013,6:50 AM,1323.5,LHS,Rural,Kavali,Collision Brush/Side Wipe,Car hit Safety Wall,Car,Non injury,Over speed,Four lanes or more with central divider,Straight road,T-Junction,Fine,AP37AV      2646,YES,Non injured ,2
04.06.2013,6:50 AM,1323.5,LHS,Rural,Kavali,Collision Brush/Side Wipe,Car hit Safety Wall,Car,Non injury,Over speed,Four lanes or more with central divider,Straight road,T-Junction,Fine,AP37AV      2646,YES,Animals affected,0
05.06.2013,1:45 AM,1193.4,RHS,Rural,Martur,Rear End Collision,Lorry hit Lorry,Lorry,Non injury,Over speed,Four lanes or more with central divider,Straight road,,Fine,AP16TY     4296,YES,Fatal,0
05.06.2013,1:45 AM,1193.4,RHS,Rural,Martur,Rear End Collision,Lorry hit Lorry,Lorry,Non injury,Over speed,Four lanes or more with central divider,Straight road,,Fine,AP16TY     4296,YES,Grevious,0
05.06.2013,1:45 AM,1193.4,RHS,Rural,Martur,Rear End Collision,Lorry hit Lorry,Lorry,Non injury,Over speed,Four lanes or more with central divider,Straight road,,Fine,AP16TY     4296,YES,Minor,0
05.06.2013,1:45 AM,1193.4,RHS,Rural,Martur,Rear End Collision,Lorry hit Lorry,Lorry,Non injury,Over speed,Four lanes or more with central divider,Straight road,,Fine,AP16TY     4296,YES,Non injured ,4
05.06.2013,1:45 AM,1193.4,RHS,Rural,Martur,Rear End Collision,Lorry hit Lorry,Lorry,Non injury,Over speed,Four lanes or more with central divider,Straight road,,Fine,AP16TY     4296,YES,Animals affected,0
05.06.2013,2:18 AM,1347.6,LHS,Rural,Dagadarthi,Overturning,Lorry Overturned,Lorry,Non injury,Over speed,Four lanes or more with central divider,Straight road,,Fine,AP24V       9889,YES,Fatal,0
05.06.2013,2:18 AM,1347.6,LHS,Rural,Dagadarthi,Overturning,Lorry Overturned,Lorry,Non injury,Over speed,Four lanes or more with central divider,Straight road,,Fine,AP24V       9889,YES,Grevious,0
05.06.2013,2:18 AM,1347.6,LHS,Rural,Dagadarthi,Overturning,Lorry Overturned,Lorry,Non injury,Over speed,Four lanes or more with central divider,Straight road,,Fine,AP24V       9889,YES,Minor,0
05.06.2013,2:18 AM,1347.6,LHS,Rural,Dagadarthi,Overturning,Lorry Overturned,Lorry,Non injury,Over speed,Four lanes or more with central divider,Straight road,,Fine,AP24V       9889,YES,Non injured ,2
05.06.2013,2:18 AM,1347.6,LHS,Rural,Dagadarthi,Overturning,Lorry Overturned,Lorry,Non injury,Over speed,Four lanes or more with central divider,Straight road,,Fine,AP24V       9889,YES,Animals affected,0
05.06.2013,3:05 AM,1350.7,RHS,Rural,Kodavaluru,Collision Brush/Side Wipe,Tempo Van hit Safety Wall,Van,Non injury,Over speed,Four lanes or more with central divider,Straight road,,Fine,TN22BD     1627,YES,Fatal,0
05.06.2013,3:05 AM,1350.7,RHS,Rural,Kodavaluru,Collision Brush/Side Wipe,Tempo Van hit Safety Wall,Van,Non injury,Over speed,Four lanes or more with central divider,Straight road,,Fine,TN22BD     1627,YES,Grevious,0
05.06.2013,3:05 AM,1350.7,RHS,Rural,Kodavaluru,Collision Brush/Side Wipe,Tempo Van hit Safety Wall,Van,Non injury,Over speed,Four lanes or more with central divider,Straight road,,Fine,TN22BD     1627,YES,Minor,0
05.06.2013,3:05 AM,1350.7,RHS,Rural,Kodavaluru,Collision Brush/Side Wipe,Tempo Van hit Safety Wall,Van,Non injury,Over speed,Four lanes or more with central divider,Straight road,,Fine,TN22BD     1627,YES,Non injured ,2
05.06.2013,3:05 AM,1350.7,RHS,Rural,Kodavaluru,Collision Brush/Side Wipe,Tempo Van hit Safety Wall,Van,Non injury,Over speed,Four lanes or more with central divider,Straight road,,Fine,TN22BD     1627,YES,Animals affected,0
05.06.2013,3:10 AM,1298.8,RHS,Rural,Gudluru,Overturning,Lorry Overturned,Lorry,Non injury,Over speed,Four lanes or more with central divider,Straight road,,Fine,AP07TV   5249,YES,Fatal,0
05.06.2013,3:10 AM,1298.8,RHS,Rural,Gudluru,Overturning,Lorry Overturned,Lorry,Non injury,Over speed,Four lanes or more with central divider,Straight road,,Fine,AP07TV   5249,YES,Grevious,0
05.06.2013,3:10 AM,1298.8,RHS,Rural,Gudluru,Overturning,Lorry Overturned,Lorry,Non injury,Over speed,Four lanes or more with central divider,Straight road,,Fine,AP07TV   5249,YES,Minor,0
05.06.2013,3:10 AM,1298.8,RHS,Rural,Gudluru,Overturning,Lorry Overturned,Lorry,Non injury,Over speed,Four lanes or more with central divider,Straight road,,Fine,AP07TV   5249,YES,Non injured ,2
05.06.2013,3:10 AM,1298.8,RHS,Rural,Gudluru,Overturning,Lorry Overturned,Lorry,Non injury,Over speed,Four lanes or more with central divider,Straight road,,Fine,AP07TV   5249,YES,Animals affected,0
05.06.2013,4:40 AM,1344.6,RHS,Rural,Dagadarthi,Rear End Collision,Lorry hit Lorry,Lorry,Minor injury,Over speed,Four lanes or more with central divider,Straight road,,Fine,AP29V    4578,YES,Fatal,0
05.06.2013,4:40 AM,1344.6,RHS,Rural,Dagadarthi,Rear End Collision,Lorry hit Lorry,Lorry,Minor injury,Over speed,Four lanes or more with central divider,Straight road,,Fine,AP29V    4578,YES,Grevious,0
05.06.2013,4:40 AM,1344.6,RHS,Rural,Dagadarthi,Rear End Collision,Lorry hit Lorry,Lorry,Minor injury,Over speed,Four lanes or more with central divider,Straight road,,Fine,AP29V    4578,YES,Minor,1
05.06.2013,4:40 AM,1344.6,RHS,Rural,Dagadarthi,Rear End Collision,Lorry hit Lorry,Lorry,Minor injury,Over speed,Four lanes or more with central divider,Straight road,,Fine,AP29V    4578,YES,Non injured ,3
05.06.2013,4:40 AM,1344.6,RHS,Rural,Dagadarthi,Rear End Collision,Lorry hit Lorry,Lorry,Minor injury,Over speed,Four lanes or more with central divider,Straight road,,Fine,AP29V    4578,YES,Animals affected,0
05.06.2013,6:10 AM,1315.4,LHS,Rural,Kavali,Rear End Collision,RTC Bus hit Lorry,Bus,Fatal,Fault of driver of motor vehicle/driver of other vehicle/cyclist/pedestrian/passenger,Four lanes or more with central divider,Straight road,,Fine,AP28Z    4987,YES,Fatal,1
05.06.2013,6:10 AM,1315.4,LHS,Rural,Kavali,Rear End Collision,RTC Bus hit Lorry,Bus,Fatal,Fault of driver of motor vehicle/driver of other vehicle/cyclist/pedestrian/passenger,Four lanes or more with central divider,Straight road,,Fine,AP28Z    4987,YES,Grevious,5
05.06.2013,6:10 AM,1315.4,LHS,Rural,Kavali,Rear End Collision,RTC Bus hit Lorry,Bus,Fatal,Fault of driver of motor vehicle/driver of other vehicle/cyclist/pedestrian/passenger,Four lanes or more with central divider,Straight road,,Fine,AP28Z    4987,YES,Minor,11
05.06.2013,6:10 AM,1315.4,LHS,Rural,Kavali,Rear End Collision,RTC Bus hit Lorry,Bus,Fatal,Fault of driver of motor vehicle/driver of other vehicle/cyclist/pedestrian/passenger,Four lanes or more with central divider,Straight road,,Fine,AP28Z    4987,YES,Non injured ,19
05.06.2013,6:10 AM,1315.4,LHS,Rural,Kavali,Rear End Collision,RTC Bus hit Lorry,Bus,Fatal,Fault of driver of motor vehicle/driver of other vehicle/cyclist/pedestrian/passenger,Four lanes or more with central divider,Straight road,,Fine,AP28Z    4987,YES,Animals affected,0
05.06.2013,6:25 AM,1214.6,LHS,Rural,Medarametla,Rear End Collision,RTC Bus hit Lorry,Bus,Grievious injury,Fault of driver of motor vehicle/driver of other vehicle/cyclist/pedestrian/passenger,Four lanes or more with central divider,Straight road,,Fine,AP28Z    2574,YES,Fatal,0
05.06.2013,6:25 AM,1214.6,LHS,Rural,Medarametla,Rear End Collision,RTC Bus hit Lorry,Bus,Grievious injury,Fault of driver of motor vehicle/driver of other vehicle/cyclist/pedestrian/passenger,Four lanes or more with central divider,Straight road,,Fine,AP28Z    2574,YES,Grevious,6
05.06.2013,6:25 AM,1214.6,LHS,Rural,Medarametla,Rear End Collision,RTC Bus hit Lorry,Bus,Grievious injury,Fault of driver of motor vehicle/driver of other vehicle/cyclist/pedestrian/passenger,Four lanes or more with central divider,Straight road,,Fine,AP28Z    2574,YES,Minor,1
05.06.2013,6:25 AM,1214.6,LHS,Rural,Medarametla,Rear End Collision,RTC Bus hit Lorry,Bus,Grievious injury,Fault of driver of motor vehicle/driver of other vehicle/cyclist/pedestrian/passenger,Four lanes or more with central divider,Straight road,,Fine,AP28Z    2574,YES,Non injured ,23
05.06.2013,6:25 AM,1214.6,LHS,Rural,Medarametla,Rear End Collision,RTC Bus hit Lorry,Bus,Grievious injury,Fault of driver of motor vehicle/driver of other vehicle/cyclist/pedestrian/passenger,Four lanes or more with central divider,Straight road,,Fine,AP28Z    2574,YES,Animals affected,0
05.06.2013,7:20 AM,1240.1,LHS,Rural,Ongole,Overturning,Tractor Overturned,Tractor,Non injury,Over speed,Four lanes or more with central divider,Slight curve,T-Junction,Fine,AP27TT 6768,YES,Fatal,0
05.06.2013,7:20 AM,1240.1,LHS,Rural,Ongole,Overturning,Tractor Overturned,Tractor,Non injury,Over speed,Four lanes or more with central divider,Slight curve,T-Junction,Fine,AP27TT 6768,YES,Grevious,0
05.06.2013,7:20 AM,1240.1,LHS,Rural,Ongole,Overturning,Tractor Overturned,Tractor,Non injury,Over speed,Four lanes or more with central divider,Slight curve,T-Junction,Fine,AP27TT 6768,YES,Minor,0
05.06.2013,7:20 AM,1240.1,LHS,Rural,Ongole,Overturning,Tractor Overturned,Tractor,Non injury,Over speed,Four lanes or more with central divider,Slight curve,T-Junction,Fine,AP27TT 6768,YES,Non injured ,2
05.06.2013,7:20 AM,1240.1,LHS,Rural,Ongole,Overturning,Tractor Overturned,Tractor,Non injury,Over speed,Four lanes or more with central divider,Slight curve,T-Junction,Fine,AP27TT 6768,YES,Animals affected,0
05.06.2013,11:20 AM,1275.2,RHS,Rural,Singarayakonda,Head on collision,Ape Auto hit  Car,Auto,Minor injury,Over speed,Four lanes or more with central divider,Straight road,,Fine,AP27TT   8282,YES,Fatal,0
05.06.2013,11:20 AM,1275.2,RHS,Rural,Singarayakonda,Head on collision,Ape Auto hit  Car,Auto,Minor injury,Over speed,Four lanes or more with central divider,Straight road,,Fine,AP27TT   8282,YES,Grevious,0
05.06.2013,11:20 AM,1275.2,RHS,Rural,Singarayakonda,Head on collision,Ape Auto hit  Car,Auto,Minor injury,Over speed,Four lanes or more with central divider,Straight road,,Fine,AP27TT   8282,YES,Minor,1
05.06.2013,11:20 AM,1275.2,RHS,Rural,Singarayakonda,Head on collision,Ape Auto hit  Car,Auto,Minor injury,Over speed,Four lanes or more with central divider,Straight road,,Fine,AP27TT   8282,YES,Non injured ,4
05.06.2013,11:20 AM,1275.2,RHS,Rural,Singarayakonda,Head on collision,Ape Auto hit  Car,Auto,Minor injury,Over speed,Four lanes or more with central divider,Straight road,,Fine,AP27TT   8282,YES,Animals affected,0
05.06.2013,4:40 PM,1363,LHS,Rural,Kovuru,Collision Brush/Side Wipe,Unknown Vehicle hit    Bike,Unknown,Fatal,Over speed,Four lanes or more with central divider,Straight road,,Fine,AP26AQ  6714,YES,Fatal,1
05.06.2013,4:40 PM,1363,LHS,Rural,Kovuru,Collision Brush/Side Wipe,Unknown Vehicle hit    Bike,Unknown,Fatal,Over speed,Four lanes or more with central divider,Straight road,,Fine,AP26AQ  6714,YES,Grevious,0
05.06.2013,4:40 PM,1363,LHS,Rural,Kovuru,Collision Brush/Side Wipe,Unknown Vehicle hit    Bike,Unknown,Fatal,Over speed,Four lanes or more with central divider,Straight road,,Fine,AP26AQ  6714,YES,Minor,0
05.06.2013,4:40 PM,1363,LHS,Rural,Kovuru,Collision Brush/Side Wipe,Unknown Vehicle hit    Bike,Unknown,Fatal,Over speed,Four lanes or more with central divider,Straight road,,Fine,AP26AQ  6714,YES,Non injured ,0
05.06.2013,4:40 PM,1363,LHS,Rural,Kovuru,Collision Brush/Side Wipe,Unknown Vehicle hit    Bike,Unknown,Fatal,Over speed,Four lanes or more with central divider,Straight road,,Fine,AP26AQ  6714,YES,Animals affected,0
05.06.2013,6:07 PM,1260.4,LHS,Rural,Tangutur,Collision Brush/Side Wipe, Bike hit R.T.C.Bus,Bike,Minor injury,Vehicle out of control,Four lanes or more with central divider,Sharp curve,,Fine,AP27AM 8514,YES,Fatal,0
05.06.2013,6:07 PM,1260.4,LHS,Rural,Tangutur,Collision Brush/Side Wipe, Bike hit R.T.C.Bus,Bike,Minor injury,Vehicle out of control,Four lanes or more with central divider,Sharp curve,,Fine,AP27AM 8514,YES,Grevious,0
05.06.2013,6:07 PM,1260.4,LHS,Rural,Tangutur,Collision Brush/Side Wipe, Bike hit R.T.C.Bus,Bike,Minor injury,Vehicle out of control,Four lanes or more with central divider,Sharp curve,,Fine,AP27AM 8514,YES,Minor,1
05.06.2013,6:07 PM,1260.4,LHS,Rural,Tangutur,Collision Brush/Side Wipe, Bike hit R.T.C.Bus,Bike,Minor injury,Vehicle out of control,Four lanes or more with central divider,Sharp curve,,Fine,AP27AM 8514,YES,Non injured ,22
05.06.2013,6:07 PM,1260.4,LHS,Rural,Tangutur,Collision Brush/Side Wipe, Bike hit R.T.C.Bus,Bike,Minor injury,Vehicle out of control,Four lanes or more with central divider,Sharp curve,,Fine,AP27AM 8514,YES,Animals affected,0
06.06.2013,7:50 AM,1226.1,LHS,Rural,Maddipadu,Collision Brush/Side Wipe,Unknown Vehicle hit    Pedestrain,Unknown,Fatal,Over speed,Four lanes or more with central divider,Straight road,,Fine,Unknown Vehicle,YES,Fatal,1
06.06.2013,7:50 AM,1226.1,LHS,Rural,Maddipadu,Collision Brush/Side Wipe,Unknown Vehicle hit    Pedestrain,Unknown,Fatal,Over speed,Four lanes or more with central divider,Straight road,,Fine,Unknown Vehicle,YES,Grevious,0
06.06.2013,7:50 AM,1226.1,LHS,Rural,Maddipadu,Collision Brush/Side Wipe,Unknown Vehicle hit    Pedestrain,Unknown,Fatal,Over speed,Four lanes or more with central divider,Straight road,,Fine,Unknown Vehicle,YES,Minor,0
06.06.2013,7:50 AM,1226.1,LHS,Rural,Maddipadu,Collision Brush/Side Wipe,Unknown Vehicle hit    Pedestrain,Unknown,Fatal,Over speed,Four lanes or more with central divider,Straight road,,Fine,Unknown Vehicle,YES,Non injured ,0
06.06.2013,7:50 AM,1226.1,LHS,Rural,Maddipadu,Collision Brush/Side Wipe,Unknown Vehicle hit    Pedestrain,Unknown,Fatal,Over speed,Four lanes or more with central divider,Straight road,,Fine,Unknown Vehicle,YES,Animals affected,0
06.06.2013,11:00 PM,1188.5,LHS,Rural,Martur,Rear End Collision,Lorry hit Lorry,Lorry,Non injury,Over speed,Four lanes or more with central divider,Straight road,Four arm junction,Fine,AP04V  7223,YES,Fatal,0
06.06.2013,11:00 PM,1188.5,LHS,Rural,Martur,Rear End Collision,Lorry hit Lorry,Lorry,Non injury,Over speed,Four lanes or more with central divider,Straight road,Four arm junction,Fine,AP04V  7223,YES,Grevious,0