Operational date,Time of Accident,KM && M,Position,Rural/Urban,Location,Nature of Accident Position,Nature of Accident,Vehicle Involved,Type of Accident,Causes,Road Feature,Road condition,Intersection Type And Control,Weather Condition,Vehicle Responsible,Help Provided by Ambulance/Patroling Vehicle,Classification of Accident,No of Affected Persons
06.06.2013,11:00 PM,1188.5,LHS,Rural,Martur,Rear End Collision,Lorry hit Lorry,Lorry,Non injury,Over speed,Four lanes or more with central divider,Straight road,Four arm junction,Fine,AP04V  7223,YES,Minor,0
06.06.2013,11:00 PM,1188.5,LHS,Rural,Martur,Rear End Collision,Lorry hit Lorry,Lorry,Non injury,Over speed,Four lanes or more with central divider,Straight road,Four arm junction,Fine,AP04V  7223,YES,Non injured ,4
06.06.2013,11:00 PM,1188.5,LHS,Rural,Martur,Rear End Collision,Lorry hit Lorry,Lorry,Non injury,Over speed,Four lanes or more with central divider,Straight road,Four arm junction,Fine,AP04V  7223,YES,Animals affected,0
07.06.2013,2:30 AM,1302,LHS,Rural,Gudluru,Collision Brush/Side Wipe,Private Bus hit  Pedestrain,Bus,Grievious injury,Over speed,Four lanes or more with central divider,Straight road,,Fine,AP04TU   2276,YES,Fatal,0
07.06.2013,2:30 AM,1302,LHS,Rural,Gudluru,Collision Brush/Side Wipe,Private Bus hit  Pedestrain,Bus,Grievious injury,Over speed,Four lanes or more with central divider,Straight road,,Fine,AP04TU   2276,YES,Grevious,1
07.06.2013,2:30 AM,1302,LHS,Rural,Gudluru,Collision Brush/Side Wipe,Private Bus hit  Pedestrain,Bus,Grievious injury,Over speed,Four lanes or more with central divider,Straight road,,Fine,AP04TU   2276,YES,Minor,0
07.06.2013,2:30 AM,1302,LHS,Rural,Gudluru,Collision Brush/Side Wipe,Private Bus hit  Pedestrain,Bus,Grievious injury,Over speed,Four lanes or more with central divider,Straight road,,Fine,AP04TU   2276,YES,Non injured ,0
07.06.2013,2:30 AM,1302,LHS,Rural,Gudluru,Collision Brush/Side Wipe,Private Bus hit  Pedestrain,Bus,Grievious injury,Over speed,Four lanes or more with central divider,Straight road,,Fine,AP04TU   2276,YES,Animals affected,0
07.06.2013,10:42 AM,1337.6,LHS,Rural,K.Tippa ,Rear End Collision, Lorry hit Tractor,Lorry,Grievious injury,Over speed,Four lanes or more with central divider,Straight road,,Fine,AP16TD 4199,YES,Fatal,0
07.06.2013,10:42 AM,1337.6,LHS,Rural,K.Tippa ,Rear End Collision, Lorry hit Tractor,Lorry,Grievious injury,Over speed,Four lanes or more with central divider,Straight road,,Fine,AP16TD 4199,YES,Grevious,1
07.06.2013,10:42 AM,1337.6,LHS,Rural,K.Tippa ,Rear End Collision, Lorry hit Tractor,Lorry,Grievious injury,Over speed,Four lanes or more with central divider,Straight road,,Fine,AP16TD 4199,YES,Minor,2
07.06.2013,10:42 AM,1337.6,LHS,Rural,K.Tippa ,Rear End Collision, Lorry hit Tractor,Lorry,Grievious injury,Over speed,Four lanes or more with central divider,Straight road,,Fine,AP16TD 4199,YES,Non injured ,2
07.06.2013,10:42 AM,1337.6,LHS,Rural,K.Tippa ,Rear End Collision, Lorry hit Tractor,Lorry,Grievious injury,Over speed,Four lanes or more with central divider,Straight road,,Fine,AP16TD 4199,YES,Animals affected,0
07.06.2013,4:00 PM,1260.7,RHS,Rural,Tangutur,Collision Brush/Side Wipe, Car hit Safety Wall,Car,Non injury,Over speed,Four lanes or more with central divider,Straight road,,Light rain,KA03MG 854,YES,Fatal,0
07.06.2013,4:00 PM,1260.7,RHS,Rural,Tangutur,Collision Brush/Side Wipe, Car hit Safety Wall,Car,Non injury,Over speed,Four lanes or more with central divider,Straight road,,Light rain,KA03MG 854,YES,Grevious,0
07.06.2013,4:00 PM,1260.7,RHS,Rural,Tangutur,Collision Brush/Side Wipe, Car hit Safety Wall,Car,Non injury,Over speed,Four lanes or more with central divider,Straight road,,Light rain,KA03MG 854,YES,Minor,0
07.06.2013,4:00 PM,1260.7,RHS,Rural,Tangutur,Collision Brush/Side Wipe, Car hit Safety Wall,Car,Non injury,Over speed,Four lanes or more with central divider,Straight road,,Light rain,KA03MG 854,YES,Non injured ,3
07.06.2013,4:00 PM,1260.7,RHS,Rural,Tangutur,Collision Brush/Side Wipe, Car hit Safety Wall,Car,Non injury,Over speed,Four lanes or more with central divider,Straight road,,Light rain,KA03MG 854,YES,Animals affected,0
07.06.2013,11:03 PM,1244.3,LHS,Rural,Ongole,Collision Brush/Side Wipe,Car hit Median Wall,Car,Fatal,Over speed,Four lanes or more with central divider,Straight road,,Fine,AP11AH  2939,YES,Fatal,3
07.06.2013,11:03 PM,1244.3,LHS,Rural,Ongole,Collision Brush/Side Wipe,Car hit Median Wall,Car,Fatal,Over speed,Four lanes or more with central divider,Straight road,,Fine,AP11AH  2939,YES,Grevious,0
07.06.2013,11:03 PM,1244.3,LHS,Rural,Ongole,Collision Brush/Side Wipe,Car hit Median Wall,Car,Fatal,Over speed,Four lanes or more with central divider,Straight road,,Fine,AP11AH  2939,YES,Minor,4
07.06.2013,11:03 PM,1244.3,LHS,Rural,Ongole,Collision Brush/Side Wipe,Car hit Median Wall,Car,Fatal,Over speed,Four lanes or more with central divider,Straight road,,Fine,AP11AH  2939,YES,Non injured ,0
07.06.2013,11:03 PM,1244.3,LHS,Rural,Ongole,Collision Brush/Side Wipe,Car hit Median Wall,Car,Fatal,Over speed,Four lanes or more with central divider,Straight road,,Fine,AP11AH  2939,YES,Animals affected,0
08.06.2013,7:30 AM,1240.1,LHS,Rural,Ongole,Rear End Collision,RTC Bus hit Lorry,Bus,Non injury,Over speed,Four lanes or more with central divider,Sharp curve,T-Junction,Fine,AP29Z     2230,YES,Fatal,0
08.06.2013,7:30 AM,1240.1,LHS,Rural,Ongole,Rear End Collision,RTC Bus hit Lorry,Bus,Non injury,Over speed,Four lanes or more with central divider,Sharp curve,T-Junction,Fine,AP29Z     2230,YES,Grevious,0
08.06.2013,7:30 AM,1240.1,LHS,Rural,Ongole,Rear End Collision,RTC Bus hit Lorry,Bus,Non injury,Over speed,Four lanes or more with central divider,Sharp curve,T-Junction,Fine,AP29Z     2230,YES,Minor,0
08.06.2013,7:30 AM,1240.1,LHS,Rural,Ongole,Rear End Collision,RTC Bus hit Lorry,Bus,Non injury,Over speed,Four lanes or more with central divider,Sharp curve,T-Junction,Fine,AP29Z     2230,YES,Non injured ,12
08.06.2013,7:30 AM,1240.1,LHS,Rural,Ongole,Rear End Collision,RTC Bus hit Lorry,Bus,Non injury,Over speed,Four lanes or more with central divider,Sharp curve,T-Junction,Fine,AP29Z     2230,YES,Animals affected,0
08.06.2013,3:30 PM,1247.9,RHS,Rural,Ongole,Rear End Collision, Car hit Ape Auto and Lorry,Car,Grievious injury,Over speed,Four lanes or more with central divider,Straight road,Four arm junction,Fine,AP27AQ   33,YES,Fatal,0
08.06.2013,3:30 PM,1247.9,RHS,Rural,Ongole,Rear End Collision, Car hit Ape Auto and Lorry,Car,Grievious injury,Over speed,Four lanes or more with central divider,Straight road,Four arm junction,Fine,AP27AQ   33,YES,Grevious,4
08.06.2013,3:30 PM,1247.9,RHS,Rural,Ongole,Rear End Collision, Car hit Ape Auto and Lorry,Car,Grievious injury,Over speed,Four lanes or more with central divider,Straight road,Four arm junction,Fine,AP27AQ   33,YES,Minor,0
08.06.2013,3:30 PM,1247.9,RHS,Rural,Ongole,Rear End Collision, Car hit Ape Auto and Lorry,Car,Grievious injury,Over speed,Four lanes or more with central divider,Straight road,Four arm junction,Fine,AP27AQ   33,YES,Non injured ,3
08.06.2013,3:30 PM,1247.9,RHS,Rural,Ongole,Rear End Collision, Car hit Ape Auto and Lorry,Car,Grievious injury,Over speed,Four lanes or more with central divider,Straight road,Four arm junction,Fine,AP27AQ   33,YES,Animals affected,0
09.06.2013,9:20 AM,1214.7,LHS,Rural,Medarametla,Collision Brush/Side Wipe,Lorry  hit Safety Wall,Lorry,Non injury,Over speed,Four lanes or more with central divider,Straight road,,Fine,KA51A      4817,YES,Fatal,0
09.06.2013,9:20 AM,1214.7,LHS,Rural,Medarametla,Collision Brush/Side Wipe,Lorry  hit Safety Wall,Lorry,Non injury,Over speed,Four lanes or more with central divider,Straight road,,Fine,KA51A      4817,YES,Grevious,0
09.06.2013,9:20 AM,1214.7,LHS,Rural,Medarametla,Collision Brush/Side Wipe,Lorry  hit Safety Wall,Lorry,Non injury,Over speed,Four lanes or more with central divider,Straight road,,Fine,KA51A      4817,YES,Minor,0
09.06.2013,9:20 AM,1214.7,LHS,Rural,Medarametla,Collision Brush/Side Wipe,Lorry  hit Safety Wall,Lorry,Non injury,Over speed,Four lanes or more with central divider,Straight road,,Fine,KA51A      4817,YES,Non injured ,2
09.06.2013,9:20 AM,1214.7,LHS,Rural,Medarametla,Collision Brush/Side Wipe,Lorry  hit Safety Wall,Lorry,Non injury,Over speed,Four lanes or more with central divider,Straight road,,Fine,KA51A      4817,YES,Animals affected,0
09.06.2013,6:05 PM,1333,LHS,Rural,K.Tippa ,Rear End Collision,Continer Vehicle hit Unknown   Vehicle,Container,Non injury,Over speed,Four lanes or more with central divider,Straight road,,Fine,TN05T       3228,YES,Fatal,0
09.06.2013,6:05 PM,1333,LHS,Rural,K.Tippa ,Rear End Collision,Continer Vehicle hit Unknown   Vehicle,Container,Non injury,Over speed,Four lanes or more with central divider,Straight road,,Fine,TN05T       3228,YES,Grevious,0
09.06.2013,6:05 PM,1333,LHS,Rural,K.Tippa ,Rear End Collision,Continer Vehicle hit Unknown   Vehicle,Container,Non injury,Over speed,Four lanes or more with central divider,Straight road,,Fine,TN05T       3228,YES,Minor,0
09.06.2013,6:05 PM,1333,LHS,Rural,K.Tippa ,Rear End Collision,Continer Vehicle hit Unknown   Vehicle,Container,Non injury,Over speed,Four lanes or more with central divider,Straight road,,Fine,TN05T       3228,YES,Non injured ,2
09.06.2013,6:05 PM,1333,LHS,Rural,K.Tippa ,Rear End Collision,Continer Vehicle hit Unknown   Vehicle,Container,Non injury,Over speed,Four lanes or more with central divider,Straight road,,Fine,TN05T       3228,YES,Animals affected,0
10.06.2013,12:20 AM,1277.1,LHS,Rural,Singarayakonda,Rear End Collision,Car hit Unknown    Vehicle,Car,Grievious injury,Over speed,Four lanes or more with central divider,Straight road,,Fine,AP26AM     8905,YES,Fatal,0
10.06.2013,12:20 AM,1277.1,LHS,Rural,Singarayakonda,Rear End Collision,Car hit Unknown    Vehicle,Car,Grievious injury,Over speed,Four lanes or more with central divider,Straight road,,Fine,AP26AM     8905,YES,Grevious,5
10.06.2013,12:20 AM,1277.1,LHS,Rural,Singarayakonda,Rear End Collision,Car hit Unknown    Vehicle,Car,Grievious injury,Over speed,Four lanes or more with central divider,Straight road,,Fine,AP26AM     8905,YES,Minor,0
10.06.2013,12:20 AM,1277.1,LHS,Rural,Singarayakonda,Rear End Collision,Car hit Unknown    Vehicle,Car,Grievious injury,Over speed,Four lanes or more with central divider,Straight road,,Fine,AP26AM     8905,YES,Non injured ,0
10.06.2013,12:20 AM,1277.1,LHS,Rural,Singarayakonda,Rear End Collision,Car hit Unknown    Vehicle,Car,Grievious injury,Over speed,Four lanes or more with central divider,Straight road,,Fine,AP26AM     8905,YES,Animals affected,0
10.06.2013,12:20 PM,1231.1,LHS,Rural,Maddipadu,Collision Brush/Side Wipe, Car hit Lorry,Car,Non injury,Over speed,Four lanes or more with central divider,Straight road,,Fine,AP09TH 1522,YES,Fatal,0
10.06.2013,12:20 PM,1231.1,LHS,Rural,Maddipadu,Collision Brush/Side Wipe, Car hit Lorry,Car,Non injury,Over speed,Four lanes or more with central divider,Straight road,,Fine,AP09TH 1522,YES,Grevious,0
10.06.2013,12:20 PM,1231.1,LHS,Rural,Maddipadu,Collision Brush/Side Wipe, Car hit Lorry,Car,Non injury,Over speed,Four lanes or more with central divider,Straight road,,Fine,AP09TH 1522,YES,Minor,0
10.06.2013,12:20 PM,1231.1,LHS,Rural,Maddipadu,Collision Brush/Side Wipe, Car hit Lorry,Car,Non injury,Over speed,Four lanes or more with central divider,Straight road,,Fine,AP09TH 1522,YES,Non injured ,4
10.06.2013,12:20 PM,1231.1,LHS,Rural,Maddipadu,Collision Brush/Side Wipe, Car hit Lorry,Car,Non injury,Over speed,Four lanes or more with central divider,Straight road,,Fine,AP09TH 1522,YES,Animals affected,0
10.06.2013,4:40 PM,1332.8,LHS,Rural,K.Tippa ,Rear End Collision, Car hit Lory,Car,Non injury,Over speed,Four lanes or more with central divider,Straight road,,Fine,AP31BT  3859,YES,Fatal,0
10.06.2013,4:40 PM,1332.8,LHS,Rural,K.Tippa ,Rear End Collision, Car hit Lory,Car,Non injury,Over speed,Four lanes or more with central divider,Straight road,,Fine,AP31BT  3859,YES,Grevious,0
10.06.2013,4:40 PM,1332.8,LHS,Rural,K.Tippa ,Rear End Collision, Car hit Lory,Car,Non injury,Over speed,Four lanes or more with central divider,Straight road,,Fine,AP31BT  3859,YES,Minor,0
10.06.2013,4:40 PM,1332.8,LHS,Rural,K.Tippa ,Rear End Collision, Car hit Lory,Car,Non injury,Over speed,Four lanes or more with central divider,Straight road,,Fine,AP31BT  3859,YES,Non injured ,3
10.06.2013,4:40 PM,1332.8,LHS,Rural,K.Tippa ,Rear End Collision, Car hit Lory,Car,Non injury,Over speed,Four lanes or more with central divider,Straight road,,Fine,AP31BT  3859,YES,Animals affected,0
10.06.2013,10:00 PM,1196.5,RHS,Rural,Martur,Rear End Collision, Lorry hit Lorry,Lorry,Minor injury,Over speed,Four lanes or more with central divider,Straight road,,Fine,AP37X  2977,YES,Fatal,0
10.06.2013,10:00 PM,1196.5,RHS,Rural,Martur,Rear End Collision, Lorry hit Lorry,Lorry,Minor injury,Over speed,Four lanes or more with central divider,Straight road,,Fine,AP37X  2977,YES,Grevious,0
10.06.2013,10:00 PM,1196.5,RHS,Rural,Martur,Rear End Collision, Lorry hit Lorry,Lorry,Minor injury,Over speed,Four lanes or more with central divider,Straight road,,Fine,AP37X  2977,YES,Minor,1
10.06.2013,10:00 PM,1196.5,RHS,Rural,Martur,Rear End Collision, Lorry hit Lorry,Lorry,Minor injury,Over speed,Four lanes or more with central divider,Straight road,,Fine,AP37X  2977,YES,Non injured ,0
10.06.2013,10:00 PM,1196.5,RHS,Rural,Martur,Rear End Collision, Lorry hit Lorry,Lorry,Minor injury,Over speed,Four lanes or more with central divider,Straight road,,Fine,AP37X  2977,YES,Animals affected,0
11.06.2013,2:10 AM,1222.9,RHS,Rural,Medarametla,Rear End Collision, Car hit    Lorry,Car,Grievious injury,Vehicle out of control,Four lanes or more with central divider,Straight road,,Fine,AP36Y    3749,YES,Fatal,0
11.06.2013,2:10 AM,1222.9,RHS,Rural,Medarametla,Rear End Collision, Car hit    Lorry,Car,Grievious injury,Vehicle out of control,Four lanes or more with central divider,Straight road,,Fine,AP36Y    3749,YES,Grevious,5
11.06.2013,2:10 AM,1222.9,RHS,Rural,Medarametla,Rear End Collision, Car hit    Lorry,Car,Grievious injury,Vehicle out of control,Four lanes or more with central divider,Straight road,,Fine,AP36Y    3749,YES,Minor,3
11.06.2013,2:10 AM,1222.9,RHS,Rural,Medarametla,Rear End Collision, Car hit    Lorry,Car,Grievious injury,Vehicle out of control,Four lanes or more with central divider,Straight road,,Fine,AP36Y    3749,YES,Non injured ,1
11.06.2013,2:10 AM,1222.9,RHS,Rural,Medarametla,Rear End Collision, Car hit    Lorry,Car,Grievious injury,Vehicle out of control,Four lanes or more with central divider,Straight road,,Fine,AP36Y    3749,YES,Animals affected,0
11.06.2013,6:05 AM,1243.3,LHS,Rural,Ongole,Collision Brush/Side Wipe,Tractor hit    Service Wall,Tractor,Non injury,Vehicle out of control,Four lanes or more with central divider,Straight road,,Fine,AP237TT     6994,YES,Fatal,0
11.06.2013,6:05 AM,1243.3,LHS,Rural,Ongole,Collision Brush/Side Wipe,Tractor hit    Service Wall,Tractor,Non injury,Vehicle out of control,Four lanes or more with central divider,Straight road,,Fine,AP237TT     6994,YES,Grevious,0
11.06.2013,6:05 AM,1243.3,LHS,Rural,Ongole,Collision Brush/Side Wipe,Tractor hit    Service Wall,Tractor,Non injury,Vehicle out of control,Four lanes or more with central divider,Straight road,,Fine,AP237TT     6994,YES,Minor,0
11.06.2013,6:05 AM,1243.3,LHS,Rural,Ongole,Collision Brush/Side Wipe,Tractor hit    Service Wall,Tractor,Non injury,Vehicle out of control,Four lanes or more with central divider,Straight road,,Fine,AP237TT     6994,YES,Non injured ,1
11.06.2013,6:05 AM,1243.3,LHS,Rural,Ongole,Collision Brush/Side Wipe,Tractor hit    Service Wall,Tractor,Non injury,Vehicle out of control,Four lanes or more with central divider,Straight road,,Fine,AP237TT     6994,YES,Animals affected,0
12.06.2013,6:28 AM,1210.1,RHS,Rural,Reningavaram,Collision Brush/Side Wipe,Car  hit Safety Wall,Car,Minor injury,Over speed,Four lanes or more with central divider,Straight road,,Fine,AP16AB  9544,YES,Fatal,0
12.06.2013,6:28 AM,1210.1,RHS,Rural,Reningavaram,Collision Brush/Side Wipe,Car  hit Safety Wall,Car,Minor injury,Over speed,Four lanes or more with central divider,Straight road,,Fine,AP16AB  9544,YES,Grevious,0
12.06.2013,6:28 AM,1210.1,RHS,Rural,Reningavaram,Collision Brush/Side Wipe,Car  hit Safety Wall,Car,Minor injury,Over speed,Four lanes or more with central divider,Straight road,,Fine,AP16AB  9544,YES,Minor,0
12.06.2013,6:28 AM,1210.1,RHS,Rural,Reningavaram,Collision Brush/Side Wipe,Car  hit Safety Wall,Car,Minor injury,Over speed,Four lanes or more with central divider,Straight road,,Fine,AP16AB  9544,YES,Non injured ,1
12.06.2013,6:28 AM,1210.1,RHS,Rural,Reningavaram,Collision Brush/Side Wipe,Car  hit Safety Wall,Car,Minor injury,Over speed,Four lanes or more with central divider,Straight road,,Fine,AP16AB  9544,YES,Animals affected,0
13.06.2013,7:00 AM,1240.8,LHS,Rural,Ongole,Overturning,Lorry Overturned,Lorry,Non injury,Over speed,Four lanes or more with central divider,Straight road,,Fine,AP36W    9333,YES,Fatal,0
13.06.2013,7:00 AM,1240.8,LHS,Rural,Ongole,Overturning,Lorry Overturned,Lorry,Non injury,Over speed,Four lanes or more with central divider,Straight road,,Fine,AP36W    9333,YES,Grevious,0
13.06.2013,7:00 AM,1240.8,LHS,Rural,Ongole,Overturning,Lorry Overturned,Lorry,Non injury,Over speed,Four lanes or more with central divider,Straight road,,Fine,AP36W    9333,YES,Minor,0
13.06.2013,7:00 AM,1240.8,LHS,Rural,Ongole,Overturning,Lorry Overturned,Lorry,Non injury,Over speed,Four lanes or more with central divider,Straight road,,Fine,AP36W    9333,YES,Non injured ,2
13.06.2013,7:00 AM,1240.8,LHS,Rural,Ongole,Overturning,Lorry Overturned,Lorry,Non injury,Over speed,Four lanes or more with central divider,Straight road,,Fine,AP36W    9333,YES,Animals affected,0
13.06.2013,9:30 AM,1237.6,LHS,Rural,Maddipadu,Rear End Collision,RTC Bus hit Auto,Bus,Minor injury,Over speed,Four lanes or more with central divider,Straight road,,Fine,AP29Z     0094,YES,Fatal,0
13.06.2013,9:30 AM,1237.6,LHS,Rural,Maddipadu,Rear End Collision,RTC Bus hit Auto,Bus,Minor injury,Over speed,Four lanes or more with central divider,Straight road,,Fine,AP29Z     0094,YES,Grevious,0
13.06.2013,9:30 AM,1237.6,LHS,Rural,Maddipadu,Rear End Collision,RTC Bus hit Auto,Bus,Minor injury,Over speed,Four lanes or more with central divider,Straight road,,Fine,AP29Z     0094,YES,Minor,4
13.06.2013,9:30 AM,1237.6,LHS,Rural,Maddipadu,Rear End Collision,RTC Bus hit Auto,Bus,Minor injury,Over speed,Four lanes or more with central divider,Straight road,,Fine,AP29Z     0094,YES,Non injured ,10
13.06.2013,9:30 AM,1237.6,LHS,Rural,Maddipadu,Rear End Collision,RTC Bus hit Auto,Bus,Minor injury,Over speed,Four lanes or more with central divider,Straight road,,Fine,AP29Z     0094,YES,Animals affected,0
13.06.2013,2:20 PM,1336.8,RHS,Rural,K.Tippa ,Rear End Collision,Car hit      Lorry,Car,Grievious injury,Over speed,Four lanes or more with central divider,Straight road,,Fine,AP28DR    6668,YES,Fatal,0
13.06.2013,2:20 PM,1336.8,RHS,Rural,K.Tippa ,Rear End Collision,Car hit      Lorry,Car,Grievious injury,Over speed,Four lanes or more with central divider,Straight road,,Fine,AP28DR    6668,YES,Grevious,1
13.06.2013,2:20 PM,1336.8,RHS,Rural,K.Tippa ,Rear End Collision,Car hit      Lorry,Car,Grievious injury,Over speed,Four lanes or more with central divider,Straight road,,Fine,AP28DR    6668,YES,Minor,0
13.06.2013,2:20 PM,1336.8,RHS,Rural,K.Tippa ,Rear End Collision,Car hit      Lorry,Car,Grievious injury,Over speed,Four lanes or more with central divider,Straight road,,Fine,AP28DR    6668,YES,Non injured ,2
13.06.2013,2:20 PM,1336.8,RHS,Rural,K.Tippa ,Rear End Collision,Car hit      Lorry,Car,Grievious injury,Over speed,Four lanes or more with central divider,Straight road,,Fine,AP28DR    6668,YES,Animals affected,0
14.06.2013,3:00 AM,1259.2,RHS,Rural,Tangutur,Collision Brush/Side Wipe,Unknown Vehicle hit    Pedestrain,Unknown,Fatal,Over speed,Four lanes or more with central divider,Straight road,,Fine,Unknown Vehicle,YES,Fatal,1
14.06.2013,3:00 AM,1259.2,RHS,Rural,Tangutur,Collision Brush/Side Wipe,Unknown Vehicle hit    Pedestrain,Unknown,Fatal,Over speed,Four lanes or more with central divider,Straight road,,Fine,Unknown Vehicle,YES,Grevious,0
14.06.2013,3:00 AM,1259.2,RHS,Rural,Tangutur,Collision Brush/Side Wipe,Unknown Vehicle hit    Pedestrain,Unknown,Fatal,Over speed,Four lanes or more with central divider,Straight road,,Fine,Unknown Vehicle,YES,Minor,0
14.06.2013,3:00 AM,1259.2,RHS,Rural,Tangutur,Collision Brush/Side Wipe,Unknown Vehicle hit    Pedestrain,Unknown,Fatal,Over speed,Four lanes or more with central divider,Straight road,,Fine,Unknown Vehicle,YES,Non injured ,0
14.06.2013,3:00 AM,1259.2,RHS,Rural,Tangutur,Collision Brush/Side Wipe,Unknown Vehicle hit    Pedestrain,Unknown,Fatal,Over speed,Four lanes or more with central divider,Straight road,,Fine,Unknown Vehicle,YES,Animals affected,0
14.06.2013,3:20 AM,1346.7,RHS,Rural,Dagadarthi,Rear End Collision, Lorry hit Lorry,Lorry,Fatal,Fault of driver of motor vehicle/driver of other vehicle/cyclist/pedestrian/passenger,Four lanes or more with central divider,Straight road,,Fine,MH04FP      3119,YES,Fatal,1
14.06.2013,3:20 AM,1346.7,RHS,Rural,Dagadarthi,Rear End Collision, Lorry hit Lorry,Lorry,Fatal,Fault of driver of motor vehicle/driver of other vehicle/cyclist/pedestrian/passenger,Four lanes or more with central divider,Straight road,,Fine,MH04FP      3119,YES,Grevious,0
14.06.2013,3:20 AM,1346.7,RHS,Rural,Dagadarthi,Rear End Collision, Lorry hit Lorry,Lorry,Fatal,Fault of driver of motor vehicle/driver of other vehicle/cyclist/pedestrian/passenger,Four lanes or more with central divider,Straight road,,Fine,MH04FP      3119,YES,Minor,0
14.06.2013,3:20 AM,1346.7,RHS,Rural,Dagadarthi,Rear End Collision, Lorry hit Lorry,Lorry,Fatal,Fault of driver of motor vehicle/driver of other vehicle/cyclist/pedestrian/passenger,Four lanes or more with central divider,Straight road,,Fine,MH04FP      3119,YES,Non injured ,3
14.06.2013,3:20 AM,1346.7,RHS,Rural,Dagadarthi,Rear End Collision, Lorry hit Lorry,Lorry,Fatal,Fault of driver of motor vehicle/driver of other vehicle/cyclist/pedestrian/passenger,Four lanes or more with central divider,Straight road,,Fine,MH04FP      3119,YES,Animals affected,0
14.06.2013,6:20 AM,1191.4,LHS,Rural,Martur,Rear End Collision,Mini Bus hit   Lorry,Lorry,Grievious injury,Over speed,Four lanes or more with central divider,Straight road,,Fine,AP16TX   3545,YES,Fatal,0
14.06.2013,6:20 AM,1191.4,LHS,Rural,Martur,Rear End Collision,Mini Bus hit   Lorry,Lorry,Grievious injury,Over speed,Four lanes or more with central divider,Straight road,,Fine,AP16TX   3545,YES,Grevious,3
14.06.2013,6:20 AM,1191.4,LHS,Rural,Martur,Rear End Collision,Mini Bus hit   Lorry,Lorry,Grievious injury,Over speed,Four lanes or more with central divider,Straight road,,Fine,AP16TX   3545,YES,Minor,2
14.06.2013,6:20 AM,1191.4,LHS,Rural,Martur,Rear End Collision,Mini Bus hit   Lorry,Lorry,Grievious injury,Over speed,Four lanes or more with central divider,Straight road,,Fine,AP16TX   3545,YES,Non injured ,11
14.06.2013,6:20 AM,1191.4,LHS,Rural,Martur,Rear End Collision,Mini Bus hit   Lorry,Lorry,Grievious injury,Over speed,Four lanes or more with central divider,Straight road,,Fine,AP16TX   3545,YES,Animals affected,0
14.06.2013,6:30 AM,1277.5,LHS,Rural,Singarayakonda,Collision Brush/Side Wipe,Lorry hit  Cement barrier,Lorry,Non injury,Fault of driver of motor vehicle/driver of other vehicle/cyclist/pedestrian/passenger,Four lanes or more with central divider,Straight road,,Fine,AP09X 9993,YES,Fatal,0
14.06.2013,6:30 AM,1277.5,LHS,Rural,Singarayakonda,Collision Brush/Side Wipe,Lorry hit  Cement barrier,Lorry,Non injury,Fault of driver of motor vehicle/driver of other vehicle/cyclist/pedestrian/passenger,Four lanes or more with central divider,Straight road,,Fine,AP09X 9993,YES,Grevious,0
14.06.2013,6:30 AM,1277.5,LHS,Rural,Singarayakonda,Collision Brush/Side Wipe,Lorry hit  Cement barrier,Lorry,Non injury,Fault of driver of motor vehicle/driver of other vehicle/cyclist/pedestrian/passenger,Four lanes or more with central divider,Straight road,,Fine,AP09X 9993,YES,Minor,0
14.06.2013,6:30 AM,1277.5,LHS,Rural,Singarayakonda,Collision Brush/Side Wipe,Lorry hit  Cement barrier,Lorry,Non injury,Fault of driver of motor vehicle/driver of other vehicle/cyclist/pedestrian/passenger,Four lanes or more with central divider,Straight road,,Fine,AP09X 9993,YES,Non injured ,2
14.06.2013,6:30 AM,1277.5,LHS,Rural,Singarayakonda,Collision Brush/Side Wipe,Lorry hit  Cement barrier,Lorry,Non injury,Fault of driver of motor vehicle/driver of other vehicle/cyclist/pedestrian/passenger,Four lanes or more with central divider,Straight road,,Fine,AP09X 9993,YES,Animals affected,0
14.06.2013,9:14 AM,1296,RHS,Rural,Ulavapadu,Rear End Collision,Unknow vehiclehit Buffelow,Unknow,Non injury,Over speed,Four lanes or more with central divider,Straight road,,Fine,Unknown Vehicle,YES,Fatal,0
14.06.2013,9:14 AM,1296,RHS,Rural,Ulavapadu,Rear End Collision,Unknow vehiclehit Buffelow,Unknow,Non injury,Over speed,Four lanes or more with central divider,Straight road,,Fine,Unknown Vehicle,YES,Grevious,0
14.06.2013,9:14 AM,1296,RHS,Rural,Ulavapadu,Rear End Collision,Unknow vehiclehit Buffelow,Unknow,Non injury,Over speed,Four lanes or more with central divider,Straight road,,Fine,Unknown Vehicle,YES,Minor,0
14.06.2013,9:14 AM,1296,RHS,Rural,Ulavapadu,Rear End Collision,Unknow vehiclehit Buffelow,Unknow,Non injury,Over speed,Four lanes or more with central divider,Straight road,,Fine,Unknown Vehicle,YES,Non injured ,0
14.06.2013,9:14 AM,1296,RHS,Rural,Ulavapadu,Rear End Collision,Unknow vehiclehit Buffelow,Unknow,Non injury,Over speed,Four lanes or more with central divider,Straight road,,Fine,Unknown Vehicle,YES,Animals affected,1
14.06.2013,5:20 PM,1331.1,RHS,Rural,K.Tippa ,Skidding,Bike   Skidding,Bike,Grievious injury,Over speed,Four lanes or more with central divider,Straight road,,Fine,AP26AH 2104,YES,Fatal,0
14.06.2013,5:20 PM,1331.1,RHS,Rural,K.Tippa ,Skidding,Bike   Skidding,Bike,Grievious injury,Over speed,Four lanes or more with central divider,Straight road,,Fine,AP26AH 2104,YES,Grevious,1
14.06.2013,5:20 PM,1331.1,RHS,Rural,K.Tippa ,Skidding,Bike   Skidding,Bike,Grievious injury,Over speed,Four lanes or more with central divider,Straight road,,Fine,AP26AH 2104,YES,Minor,0