Operational date,Time of Accident,KM && M,Position,Rural/Urban,Location,Nature of Accident Position,Nature of Accident,Vehicle Involved,Type of Accident,Causes,Road Feature,Road condition,Intersection Type And Control,Weather Condition,Vehicle Responsible,Help Provided by Ambulance/Patroling Vehicle,Classification of Accident,No of Affected Persons
14.06.2013,5:20 PM,1331.1,RHS,Rural,K.Tippa ,Skidding,Bike   Skidding,Bike,Grievious injury,Over speed,Four lanes or more with central divider,Straight road,,Fine,AP26AH 2104,YES,Non injured ,0
14.06.2013,5:20 PM,1331.1,RHS,Rural,K.Tippa ,Skidding,Bike   Skidding,Bike,Grievious injury,Over speed,Four lanes or more with central divider,Straight road,,Fine,AP26AH 2104,YES,Animals affected,0
14.06.2013,7:40 PM,1200.8,LHS,Rural,Reningavaram,Overturning,Car           Over Turned on the Road,Car,Grievious injury,Over speed,Four lanes or more with central divider,Straight road,,Light rain,AP27AX  1166,YES,Fatal,0
14.06.2013,7:40 PM,1200.8,LHS,Rural,Reningavaram,Overturning,Car           Over Turned on the Road,Car,Grievious injury,Over speed,Four lanes or more with central divider,Straight road,,Light rain,AP27AX  1166,YES,Grevious,1
14.06.2013,7:40 PM,1200.8,LHS,Rural,Reningavaram,Overturning,Car           Over Turned on the Road,Car,Grievious injury,Over speed,Four lanes or more with central divider,Straight road,,Light rain,AP27AX  1166,YES,Minor,0
14.06.2013,7:40 PM,1200.8,LHS,Rural,Reningavaram,Overturning,Car           Over Turned on the Road,Car,Grievious injury,Over speed,Four lanes or more with central divider,Straight road,,Light rain,AP27AX  1166,YES,Non injured ,3
14.06.2013,7:40 PM,1200.8,LHS,Rural,Reningavaram,Overturning,Car           Over Turned on the Road,Car,Grievious injury,Over speed,Four lanes or more with central divider,Straight road,,Light rain,AP27AX  1166,YES,Animals affected,0
14.06.2013,9:28 PM,1288.4,RHS,Rural,Ulavapadu,Skidding,Bike   Skidding,Bike,Grievious injury,Over speed,Four lanes or more with central divider,Straight road,,Light rain,AP27AM 2577,YES,Fatal,0
14.06.2013,9:28 PM,1288.4,RHS,Rural,Ulavapadu,Skidding,Bike   Skidding,Bike,Grievious injury,Over speed,Four lanes or more with central divider,Straight road,,Light rain,AP27AM 2577,YES,Grevious,1
14.06.2013,9:28 PM,1288.4,RHS,Rural,Ulavapadu,Skidding,Bike   Skidding,Bike,Grievious injury,Over speed,Four lanes or more with central divider,Straight road,,Light rain,AP27AM 2577,YES,Minor,0
14.06.2013,9:28 PM,1288.4,RHS,Rural,Ulavapadu,Skidding,Bike   Skidding,Bike,Grievious injury,Over speed,Four lanes or more with central divider,Straight road,,Light rain,AP27AM 2577,YES,Non injured ,0
14.06.2013,9:28 PM,1288.4,RHS,Rural,Ulavapadu,Skidding,Bike   Skidding,Bike,Grievious injury,Over speed,Four lanes or more with central divider,Straight road,,Light rain,AP27AM 2577,YES,Animals affected,0
15.06.2013,3:25 AM,1356.5,LHS,Rural,Kodavaluru,Overturning, Bus over Turned on out side shoulder,Bus,Grievious injury,Over speed,Four lanes or more with central divider,Straight road,,Fine,AP16W  8485,YES,Fatal,0
15.06.2013,3:25 AM,1356.5,LHS,Rural,Kodavaluru,Overturning, Bus over Turned on out side shoulder,Bus,Grievious injury,Over speed,Four lanes or more with central divider,Straight road,,Fine,AP16W  8485,YES,Grevious,1
15.06.2013,3:25 AM,1356.5,LHS,Rural,Kodavaluru,Overturning, Bus over Turned on out side shoulder,Bus,Grievious injury,Over speed,Four lanes or more with central divider,Straight road,,Fine,AP16W  8485,YES,Minor,5
15.06.2013,3:25 AM,1356.5,LHS,Rural,Kodavaluru,Overturning, Bus over Turned on out side shoulder,Bus,Grievious injury,Over speed,Four lanes or more with central divider,Straight road,,Fine,AP16W  8485,YES,Non injured ,30
15.06.2013,3:25 AM,1356.5,LHS,Rural,Kodavaluru,Overturning, Bus over Turned on out side shoulder,Bus,Grievious injury,Over speed,Four lanes or more with central divider,Straight road,,Fine,AP16W  8485,YES,Animals affected,0
15.06.2013,5:30 PM,1234.5,RHS,Rural,Maddipadu,Overturning,Ape Auto     Overturned,Auto,Non injury,Over speed,Four lanes or more with central divider,Straight road,,Fine,AP07TC      6991,YES,Fatal,0
15.06.2013,5:30 PM,1234.5,RHS,Rural,Maddipadu,Overturning,Ape Auto     Overturned,Auto,Non injury,Over speed,Four lanes or more with central divider,Straight road,,Fine,AP07TC      6991,YES,Grevious,0
15.06.2013,5:30 PM,1234.5,RHS,Rural,Maddipadu,Overturning,Ape Auto     Overturned,Auto,Non injury,Over speed,Four lanes or more with central divider,Straight road,,Fine,AP07TC      6991,YES,Minor,0
15.06.2013,5:30 PM,1234.5,RHS,Rural,Maddipadu,Overturning,Ape Auto     Overturned,Auto,Non injury,Over speed,Four lanes or more with central divider,Straight road,,Fine,AP07TC      6991,YES,Non injured ,1
15.06.2013,5:30 PM,1234.5,RHS,Rural,Maddipadu,Overturning,Ape Auto     Overturned,Auto,Non injury,Over speed,Four lanes or more with central divider,Straight road,,Fine,AP07TC      6991,YES,Animals affected,0
16.06.2013,2:40 AM,1354,RHS,Rural,Kodavaluru,Rear End Collision,Mini Lorry hit Tempo Van,Lorry,Grievious injury,Fault of driver of motor vehicle/driver of other vehicle/cyclist/pedestrian/passenger,Four lanes or more with central divider,Straight road,,Fine,AP24X   1692,YES,Fatal,0
16.06.2013,2:40 AM,1354,RHS,Rural,Kodavaluru,Rear End Collision,Mini Lorry hit Tempo Van,Lorry,Grievious injury,Fault of driver of motor vehicle/driver of other vehicle/cyclist/pedestrian/passenger,Four lanes or more with central divider,Straight road,,Fine,AP24X   1692,YES,Grevious,1
16.06.2013,2:40 AM,1354,RHS,Rural,Kodavaluru,Rear End Collision,Mini Lorry hit Tempo Van,Lorry,Grievious injury,Fault of driver of motor vehicle/driver of other vehicle/cyclist/pedestrian/passenger,Four lanes or more with central divider,Straight road,,Fine,AP24X   1692,YES,Minor,4
16.06.2013,2:40 AM,1354,RHS,Rural,Kodavaluru,Rear End Collision,Mini Lorry hit Tempo Van,Lorry,Grievious injury,Fault of driver of motor vehicle/driver of other vehicle/cyclist/pedestrian/passenger,Four lanes or more with central divider,Straight road,,Fine,AP24X   1692,YES,Non injured ,7
16.06.2013,2:40 AM,1354,RHS,Rural,Kodavaluru,Rear End Collision,Mini Lorry hit Tempo Van,Lorry,Grievious injury,Fault of driver of motor vehicle/driver of other vehicle/cyclist/pedestrian/passenger,Four lanes or more with central divider,Straight road,,Fine,AP24X   1692,YES,Animals affected,0
16.06.2013,10:18 AM,1222.3,RHS,Rural,Medarametla,Rear End Collision, Lorry hit Lorry,Lorry,Grievious injury,Over speed,Four lanes or more with central divider,Straight road,,Fine,AP27X  2417,YES,Fatal,0
16.06.2013,10:18 AM,1222.3,RHS,Rural,Medarametla,Rear End Collision, Lorry hit Lorry,Lorry,Grievious injury,Over speed,Four lanes or more with central divider,Straight road,,Fine,AP27X  2417,YES,Grevious,1
16.06.2013,10:18 AM,1222.3,RHS,Rural,Medarametla,Rear End Collision, Lorry hit Lorry,Lorry,Grievious injury,Over speed,Four lanes or more with central divider,Straight road,,Fine,AP27X  2417,YES,Minor,0
16.06.2013,10:18 AM,1222.3,RHS,Rural,Medarametla,Rear End Collision, Lorry hit Lorry,Lorry,Grievious injury,Over speed,Four lanes or more with central divider,Straight road,,Fine,AP27X  2417,YES,Non injured ,2
16.06.2013,10:18 AM,1222.3,RHS,Rural,Medarametla,Rear End Collision, Lorry hit Lorry,Lorry,Grievious injury,Over speed,Four lanes or more with central divider,Straight road,,Fine,AP27X  2417,YES,Animals affected,0
16.06.2013,2:42 PM,1247.5,LHS,Urban,Ongole,Head on collision, Tractor hit Lorry,Tractor,Minor injury,Fault of driver of motor vehicle/driver of other vehicle/cyclist/pedestrian/passenger,Four lanes or more with central divider,Straight road,,Fine,AP15U  6961,YES,Fatal,0
16.06.2013,2:42 PM,1247.5,LHS,Urban,Ongole,Head on collision, Tractor hit Lorry,Tractor,Minor injury,Fault of driver of motor vehicle/driver of other vehicle/cyclist/pedestrian/passenger,Four lanes or more with central divider,Straight road,,Fine,AP15U  6961,YES,Grevious,0
16.06.2013,2:42 PM,1247.5,LHS,Urban,Ongole,Head on collision, Tractor hit Lorry,Tractor,Minor injury,Fault of driver of motor vehicle/driver of other vehicle/cyclist/pedestrian/passenger,Four lanes or more with central divider,Straight road,,Fine,AP15U  6961,YES,Minor,2
16.06.2013,2:42 PM,1247.5,LHS,Urban,Ongole,Head on collision, Tractor hit Lorry,Tractor,Minor injury,Fault of driver of motor vehicle/driver of other vehicle/cyclist/pedestrian/passenger,Four lanes or more with central divider,Straight road,,Fine,AP15U  6961,YES,Non injured ,2
16.06.2013,2:42 PM,1247.5,LHS,Urban,Ongole,Head on collision, Tractor hit Lorry,Tractor,Minor injury,Fault of driver of motor vehicle/driver of other vehicle/cyclist/pedestrian/passenger,Four lanes or more with central divider,Straight road,,Fine,AP15U  6961,YES,Animals affected,0
16.06.2013,6:10 PM,1313,LHS,Rural,Kavali,Rear End Collision, Bike hit Lorry,Bike,Fatal,Over speed,Four lanes or more with central divider,Straight road,,Fine,AP26AB 1271,YES,Fatal,1
16.06.2013,6:10 PM,1313,LHS,Rural,Kavali,Rear End Collision, Bike hit Lorry,Bike,Fatal,Over speed,Four lanes or more with central divider,Straight road,,Fine,AP26AB 1271,YES,Grevious,1
16.06.2013,6:10 PM,1313,LHS,Rural,Kavali,Rear End Collision, Bike hit Lorry,Bike,Fatal,Over speed,Four lanes or more with central divider,Straight road,,Fine,AP26AB 1271,YES,Minor,0
16.06.2013,6:10 PM,1313,LHS,Rural,Kavali,Rear End Collision, Bike hit Lorry,Bike,Fatal,Over speed,Four lanes or more with central divider,Straight road,,Fine,AP26AB 1271,YES,Non injured ,0
16.06.2013,6:10 PM,1313,LHS,Rural,Kavali,Rear End Collision, Bike hit Lorry,Bike,Fatal,Over speed,Four lanes or more with central divider,Straight road,,Fine,AP26AB 1271,YES,Animals affected,0
17.06.2013,5:00 AM,1319,LHS,Rural,Kavali,Rear End Collision, Lorry hit Mini Lorry,Lorry,Grievious injury,Fault of driver of motor vehicle/driver of other vehicle/cyclist/pedestrian/passenger,Four lanes or more with central divider,Straight road,,Fine,TN16       2599,YES,Fatal,0
17.06.2013,5:00 AM,1319,LHS,Rural,Kavali,Rear End Collision, Lorry hit Mini Lorry,Lorry,Grievious injury,Fault of driver of motor vehicle/driver of other vehicle/cyclist/pedestrian/passenger,Four lanes or more with central divider,Straight road,,Fine,TN16       2599,YES,Grevious,1
17.06.2013,5:00 AM,1319,LHS,Rural,Kavali,Rear End Collision, Lorry hit Mini Lorry,Lorry,Grievious injury,Fault of driver of motor vehicle/driver of other vehicle/cyclist/pedestrian/passenger,Four lanes or more with central divider,Straight road,,Fine,TN16       2599,YES,Minor,0
17.06.2013,5:00 AM,1319,LHS,Rural,Kavali,Rear End Collision, Lorry hit Mini Lorry,Lorry,Grievious injury,Fault of driver of motor vehicle/driver of other vehicle/cyclist/pedestrian/passenger,Four lanes or more with central divider,Straight road,,Fine,TN16       2599,YES,Non injured ,2
17.06.2013,5:00 AM,1319,LHS,Rural,Kavali,Rear End Collision, Lorry hit Mini Lorry,Lorry,Grievious injury,Fault of driver of motor vehicle/driver of other vehicle/cyclist/pedestrian/passenger,Four lanes or more with central divider,Straight road,,Fine,TN16       2599,YES,Animals affected,0
17.06.2013,7:15 AM,1315.3,RHS,Rural,Kavali,Overturning, Lorry Over Turned on out side shoulder,Lorry,Grievious injury,Fault of driver of motor vehicle/driver of other vehicle/cyclist/pedestrian/passenger,Four lanes or more with central divider,Straight road,,Fine,AP26TA   0799,YES,Fatal,0
17.06.2013,7:15 AM,1315.3,RHS,Rural,Kavali,Overturning, Lorry Over Turned on out side shoulder,Lorry,Grievious injury,Fault of driver of motor vehicle/driver of other vehicle/cyclist/pedestrian/passenger,Four lanes or more with central divider,Straight road,,Fine,AP26TA   0799,YES,Grevious,1
17.06.2013,7:15 AM,1315.3,RHS,Rural,Kavali,Overturning, Lorry Over Turned on out side shoulder,Lorry,Grievious injury,Fault of driver of motor vehicle/driver of other vehicle/cyclist/pedestrian/passenger,Four lanes or more with central divider,Straight road,,Fine,AP26TA   0799,YES,Minor,0
17.06.2013,7:15 AM,1315.3,RHS,Rural,Kavali,Overturning, Lorry Over Turned on out side shoulder,Lorry,Grievious injury,Fault of driver of motor vehicle/driver of other vehicle/cyclist/pedestrian/passenger,Four lanes or more with central divider,Straight road,,Fine,AP26TA   0799,YES,Non injured ,1
17.06.2013,7:15 AM,1315.3,RHS,Rural,Kavali,Overturning, Lorry Over Turned on out side shoulder,Lorry,Grievious injury,Fault of driver of motor vehicle/driver of other vehicle/cyclist/pedestrian/passenger,Four lanes or more with central divider,Straight road,,Fine,AP26TA   0799,YES,Animals affected,0
17.06.2013,10:45 AM,1264,LHS,Rural,Tangutur,Rear End Collision,Bike hit Unknown    Vehicle,Bike,Grievious injury,Over speed,Four lanes or more with central divider,Straight road,,Fine,AP27VR     7748,YES,Fatal,0
17.06.2013,10:45 AM,1264,LHS,Rural,Tangutur,Rear End Collision,Bike hit Unknown    Vehicle,Bike,Grievious injury,Over speed,Four lanes or more with central divider,Straight road,,Fine,AP27VR     7748,YES,Grevious,1
17.06.2013,10:45 AM,1264,LHS,Rural,Tangutur,Rear End Collision,Bike hit Unknown    Vehicle,Bike,Grievious injury,Over speed,Four lanes or more with central divider,Straight road,,Fine,AP27VR     7748,YES,Minor,0
17.06.2013,10:45 AM,1264,LHS,Rural,Tangutur,Rear End Collision,Bike hit Unknown    Vehicle,Bike,Grievious injury,Over speed,Four lanes or more with central divider,Straight road,,Fine,AP27VR     7748,YES,Non injured ,0
17.06.2013,10:45 AM,1264,LHS,Rural,Tangutur,Rear End Collision,Bike hit Unknown    Vehicle,Bike,Grievious injury,Over speed,Four lanes or more with central divider,Straight road,,Fine,AP27VR     7748,YES,Animals affected,0
17.06.2013,5:00 PM,1280.7,RHS,Rural,Singarayakonda,Rear End Collision,Lorry hit Tractor ,Lorry,Non injury,Over speed,Four lanes or more with central divider,Straight road,,Fine,AP05TT  6163,YES,Fatal,0
17.06.2013,5:00 PM,1280.7,RHS,Rural,Singarayakonda,Rear End Collision,Lorry hit Tractor ,Lorry,Non injury,Over speed,Four lanes or more with central divider,Straight road,,Fine,AP05TT  6163,YES,Grevious,0
17.06.2013,5:00 PM,1280.7,RHS,Rural,Singarayakonda,Rear End Collision,Lorry hit Tractor ,Lorry,Non injury,Over speed,Four lanes or more with central divider,Straight road,,Fine,AP05TT  6163,YES,Minor,0
17.06.2013,5:00 PM,1280.7,RHS,Rural,Singarayakonda,Rear End Collision,Lorry hit Tractor ,Lorry,Non injury,Over speed,Four lanes or more with central divider,Straight road,,Fine,AP05TT  6163,YES,Non injured ,4
17.06.2013,5:00 PM,1280.7,RHS,Rural,Singarayakonda,Rear End Collision,Lorry hit Tractor ,Lorry,Non injury,Over speed,Four lanes or more with central divider,Straight road,,Fine,AP05TT  6163,YES,Animals affected,0
17.06.2013,10:50 PM,1223.9,RHS,Rural,Medarametla,Collision Brush/Side Wipe, Bike hit Median wall ,Bike,Minor injury,Over speed,Four lanes or more with central divider,Straight road,,Fine,F/R,YES,Fatal,0
17.06.2013,10:50 PM,1223.9,RHS,Rural,Medarametla,Collision Brush/Side Wipe, Bike hit Median wall ,Bike,Minor injury,Over speed,Four lanes or more with central divider,Straight road,,Fine,F/R,YES,Grevious,0
17.06.2013,10:50 PM,1223.9,RHS,Rural,Medarametla,Collision Brush/Side Wipe, Bike hit Median wall ,Bike,Minor injury,Over speed,Four lanes or more with central divider,Straight road,,Fine,F/R,YES,Minor,1
17.06.2013,10:50 PM,1223.9,RHS,Rural,Medarametla,Collision Brush/Side Wipe, Bike hit Median wall ,Bike,Minor injury,Over speed,Four lanes or more with central divider,Straight road,,Fine,F/R,YES,Non injured ,1
17.06.2013,10:50 PM,1223.9,RHS,Rural,Medarametla,Collision Brush/Side Wipe, Bike hit Median wall ,Bike,Minor injury,Over speed,Four lanes or more with central divider,Straight road,,Fine,F/R,YES,Animals affected,0
18.06.2013,8:30 AM,1289.6,RHS,Rural,Ulavapadu,Collision Brush/Side Wipe,Car  hit Median  ,Car,Non injury,Fault of driver of motor vehicle/driver of other vehicle/cyclist/pedestrian/passenger,Four lanes or more with central divider,Straight road,,Fine,AP26P    4444,YES,Fatal,0
18.06.2013,8:30 AM,1289.6,RHS,Rural,Ulavapadu,Collision Brush/Side Wipe,Car  hit Median  ,Car,Non injury,Fault of driver of motor vehicle/driver of other vehicle/cyclist/pedestrian/passenger,Four lanes or more with central divider,Straight road,,Fine,AP26P    4444,YES,Grevious,0
18.06.2013,8:30 AM,1289.6,RHS,Rural,Ulavapadu,Collision Brush/Side Wipe,Car  hit Median  ,Car,Non injury,Fault of driver of motor vehicle/driver of other vehicle/cyclist/pedestrian/passenger,Four lanes or more with central divider,Straight road,,Fine,AP26P    4444,YES,Minor,0
18.06.2013,8:30 AM,1289.6,RHS,Rural,Ulavapadu,Collision Brush/Side Wipe,Car  hit Median  ,Car,Non injury,Fault of driver of motor vehicle/driver of other vehicle/cyclist/pedestrian/passenger,Four lanes or more with central divider,Straight road,,Fine,AP26P    4444,YES,Non injured ,4
18.06.2013,8:30 AM,1289.6,RHS,Rural,Ulavapadu,Collision Brush/Side Wipe,Car  hit Median  ,Car,Non injury,Fault of driver of motor vehicle/driver of other vehicle/cyclist/pedestrian/passenger,Four lanes or more with central divider,Straight road,,Fine,AP26P    4444,YES,Animals affected,0
18.06.2013,2:00 PM,1308.5,LHS,Rural,Kavali,Rear End Collision,Continer Vehicle hit     Car,Container,Fatal,Fault of driver of motor vehicle/driver of other vehicle/cyclist/pedestrian/passenger,Four lanes or more with central divider,Straight road,,Fine,NL01G      5119   ,YES,Fatal,1
18.06.2013,2:00 PM,1308.5,LHS,Rural,Kavali,Rear End Collision,Continer Vehicle hit     Car,Container,Fatal,Fault of driver of motor vehicle/driver of other vehicle/cyclist/pedestrian/passenger,Four lanes or more with central divider,Straight road,,Fine,NL01G      5119   ,YES,Grevious,2
18.06.2013,2:00 PM,1308.5,LHS,Rural,Kavali,Rear End Collision,Continer Vehicle hit     Car,Container,Fatal,Fault of driver of motor vehicle/driver of other vehicle/cyclist/pedestrian/passenger,Four lanes or more with central divider,Straight road,,Fine,NL01G      5119   ,YES,Minor,0
18.06.2013,2:00 PM,1308.5,LHS,Rural,Kavali,Rear End Collision,Continer Vehicle hit     Car,Container,Fatal,Fault of driver of motor vehicle/driver of other vehicle/cyclist/pedestrian/passenger,Four lanes or more with central divider,Straight road,,Fine,NL01G      5119   ,YES,Non injured ,2
18.06.2013,2:00 PM,1308.5,LHS,Rural,Kavali,Rear End Collision,Continer Vehicle hit     Car,Container,Fatal,Fault of driver of motor vehicle/driver of other vehicle/cyclist/pedestrian/passenger,Four lanes or more with central divider,Straight road,,Fine,NL01G      5119   ,YES,Animals affected,0
18.06.2013,3:30 PM,1260,RHS,Rural,Tangutur,Head on collision, Lorry hit Tractor,Lorry,Non injury,Fault of driver of motor vehicle/driver of other vehicle/cyclist/pedestrian/passenger,Four lanes or more with central divider,Straight road,,Fine,AP16TB    6787,YES,Fatal,0
18.06.2013,3:30 PM,1260,RHS,Rural,Tangutur,Head on collision, Lorry hit Tractor,Lorry,Non injury,Fault of driver of motor vehicle/driver of other vehicle/cyclist/pedestrian/passenger,Four lanes or more with central divider,Straight road,,Fine,AP16TB    6787,YES,Grevious,0
18.06.2013,3:30 PM,1260,RHS,Rural,Tangutur,Head on collision, Lorry hit Tractor,Lorry,Non injury,Fault of driver of motor vehicle/driver of other vehicle/cyclist/pedestrian/passenger,Four lanes or more with central divider,Straight road,,Fine,AP16TB    6787,YES,Minor,0
18.06.2013,3:30 PM,1260,RHS,Rural,Tangutur,Head on collision, Lorry hit Tractor,Lorry,Non injury,Fault of driver of motor vehicle/driver of other vehicle/cyclist/pedestrian/passenger,Four lanes or more with central divider,Straight road,,Fine,AP16TB    6787,YES,Non injured ,2
18.06.2013,3:30 PM,1260,RHS,Rural,Tangutur,Head on collision, Lorry hit Tractor,Lorry,Non injury,Fault of driver of motor vehicle/driver of other vehicle/cyclist/pedestrian/passenger,Four lanes or more with central divider,Straight road,,Fine,AP16TB    6787,YES,Animals affected,0
18.06.2013,10:12 PM,1287,LHS,Rural,Ulavapadu,Rear End Collision, Lorry hit Unknown Vehicle,Lorry,Non injury,Over speed,Four lanes or more with central divider,Straight road,,Fine,A16TT          9608 ,YES,Fatal,0
18.06.2013,10:12 PM,1287,LHS,Rural,Ulavapadu,Rear End Collision, Lorry hit Unknown Vehicle,Lorry,Non injury,Over speed,Four lanes or more with central divider,Straight road,,Fine,A16TT          9608 ,YES,Grevious,0
18.06.2013,10:12 PM,1287,LHS,Rural,Ulavapadu,Rear End Collision, Lorry hit Unknown Vehicle,Lorry,Non injury,Over speed,Four lanes or more with central divider,Straight road,,Fine,A16TT          9608 ,YES,Minor,0
18.06.2013,10:12 PM,1287,LHS,Rural,Ulavapadu,Rear End Collision, Lorry hit Unknown Vehicle,Lorry,Non injury,Over speed,Four lanes or more with central divider,Straight road,,Fine,A16TT          9608 ,YES,Non injured ,2
18.06.2013,10:12 PM,1287,LHS,Rural,Ulavapadu,Rear End Collision, Lorry hit Unknown Vehicle,Lorry,Non injury,Over speed,Four lanes or more with central divider,Straight road,,Fine,A16TT          9608 ,YES,Animals affected,0
19.06.2013,8:05 AM,1253,RHS,Rural,Ongole,Rear End Collision, Mini Bus hit Lorry,Lorry,Non injury,Over speed,Four lanes or more with central divider,Straight road,,Fine,AP16TX 3467,YES,Fatal,0
19.06.2013,8:05 AM,1253,RHS,Rural,Ongole,Rear End Collision, Mini Bus hit Lorry,Lorry,Non injury,Over speed,Four lanes or more with central divider,Straight road,,Fine,AP16TX 3467,YES,Grevious,0
19.06.2013,8:05 AM,1253,RHS,Rural,Ongole,Rear End Collision, Mini Bus hit Lorry,Lorry,Non injury,Over speed,Four lanes or more with central divider,Straight road,,Fine,AP16TX 3467,YES,Minor,0
19.06.2013,8:05 AM,1253,RHS,Rural,Ongole,Rear End Collision, Mini Bus hit Lorry,Lorry,Non injury,Over speed,Four lanes or more with central divider,Straight road,,Fine,AP16TX 3467,YES,Non injured ,20
19.06.2013,8:05 AM,1253,RHS,Rural,Ongole,Rear End Collision, Mini Bus hit Lorry,Lorry,Non injury,Over speed,Four lanes or more with central divider,Straight road,,Fine,AP16TX 3467,YES,Animals affected,0
19.06.2013,10:44 AM,1340.7,RHS,Rural,Dagadarthi,Collision Brush/Side Wipe, Crane hit Electrical Pole,Crane,Grievious injury,Fault of driver of motor vehicle/driver of other vehicle/cyclist/pedestrian/passenger,Four lanes or more with central divider,Straight road,,Fine,F/R No,YES,Fatal,0
19.06.2013,10:44 AM,1340.7,RHS,Rural,Dagadarthi,Collision Brush/Side Wipe, Crane hit Electrical Pole,Crane,Grievious injury,Fault of driver of motor vehicle/driver of other vehicle/cyclist/pedestrian/passenger,Four lanes or more with central divider,Straight road,,Fine,F/R No,YES,Grevious,1
19.06.2013,10:44 AM,1340.7,RHS,Rural,Dagadarthi,Collision Brush/Side Wipe, Crane hit Electrical Pole,Crane,Grievious injury,Fault of driver of motor vehicle/driver of other vehicle/cyclist/pedestrian/passenger,Four lanes or more with central divider,Straight road,,Fine,F/R No,YES,Minor,0
19.06.2013,10:44 AM,1340.7,RHS,Rural,Dagadarthi,Collision Brush/Side Wipe, Crane hit Electrical Pole,Crane,Grievious injury,Fault of driver of motor vehicle/driver of other vehicle/cyclist/pedestrian/passenger,Four lanes or more with central divider,Straight road,,Fine,F/R No,YES,Non injured ,0
19.06.2013,10:44 AM,1340.7,RHS,Rural,Dagadarthi,Collision Brush/Side Wipe, Crane hit Electrical Pole,Crane,Grievious injury,Fault of driver of motor vehicle/driver of other vehicle/cyclist/pedestrian/passenger,Four lanes or more with central divider,Straight road,,Fine,F/R No,YES,Animals affected,0
19.06.2013,4:14 PM,1329,RHS,Rural,Kavali,Rear End Collision,Lorry hit      Car,Lorry,Non injury,Over speed,Three lanes or more without central divider(median),Sharp curve,T-Junction,Fine,KL01AX     6569,YES,Fatal,0
19.06.2013,4:14 PM,1329,RHS,Rural,Kavali,Rear End Collision,Lorry hit      Car,Lorry,Non injury,Over speed,Three lanes or more without central divider(median),Sharp curve,T-Junction,Fine,KL01AX     6569,YES,Grevious,0
19.06.2013,4:14 PM,1329,RHS,Rural,Kavali,Rear End Collision,Lorry hit      Car,Lorry,Non injury,Over speed,Three lanes or more without central divider(median),Sharp curve,T-Junction,Fine,KL01AX     6569,YES,Minor,0
19.06.2013,4:14 PM,1329,RHS,Rural,Kavali,Rear End Collision,Lorry hit      Car,Lorry,Non injury,Over speed,Three lanes or more without central divider(median),Sharp curve,T-Junction,Fine,KL01AX     6569,YES,Non injured ,3
19.06.2013,4:14 PM,1329,RHS,Rural,Kavali,Rear End Collision,Lorry hit      Car,Lorry,Non injury,Over speed,Three lanes or more without central divider(median),Sharp curve,T-Junction,Fine,KL01AX     6569,YES,Animals affected,0
19.06.2013,6:10 PM,1343.6,LHS,Rural,Dagadarthi,Collision Brush/Side Wipe,Unknown Vehicle hit    Pedestrain,Unknown,Minor injury,Over speed,Three lanes or more without central divider(median),Straight road,Y-Junction,Fine,Unknown Vehicle,YES,Fatal,0
19.06.2013,6:10 PM,1343.6,LHS,Rural,Dagadarthi,Collision Brush/Side Wipe,Unknown Vehicle hit    Pedestrain,Unknown,Minor injury,Over speed,Three lanes or more without central divider(median),Straight road,Y-Junction,Fine,Unknown Vehicle,YES,Grevious,0
19.06.2013,6:10 PM,1343.6,LHS,Rural,Dagadarthi,Collision Brush/Side Wipe,Unknown Vehicle hit    Pedestrain,Unknown,Minor injury,Over speed,Three lanes or more without central divider(median),Straight road,Y-Junction,Fine,Unknown Vehicle,YES,Minor,1
19.06.2013,6:10 PM,1343.6,LHS,Rural,Dagadarthi,Collision Brush/Side Wipe,Unknown Vehicle hit    Pedestrain,Unknown,Minor injury,Over speed,Three lanes or more without central divider(median),Straight road,Y-Junction,Fine,Unknown Vehicle,YES,Non injured ,0
19.06.2013,6:10 PM,1343.6,LHS,Rural,Dagadarthi,Collision Brush/Side Wipe,Unknown Vehicle hit    Pedestrain,Unknown,Minor injury,Over speed,Three lanes or more without central divider(median),Straight road,Y-Junction,Fine,Unknown Vehicle,YES,Animals affected,0
19.06.2013,6:23 PM,1334.8,LHS,Rural,K.Tippa ,Rear End Collision,RTC Bus hit Lorry,Bus,Non injury,Over speed,Three lanes or more without central divider(median),Straight road,Y-Junction,Fine,AP27TW  9799,YES,Fatal,0
19.06.2013,6:23 PM,1334.8,LHS,Rural,K.Tippa ,Rear End Collision,RTC Bus hit Lorry,Bus,Non injury,Over speed,Three lanes or more without central divider(median),Straight road,Y-Junction,Fine,AP27TW  9799,YES,Grevious,0
19.06.2013,6:23 PM,1334.8,LHS,Rural,K.Tippa ,Rear End Collision,RTC Bus hit Lorry,Bus,Non injury,Over speed,Three lanes or more without central divider(median),Straight road,Y-Junction,Fine,AP27TW  9799,YES,Minor,0