Operational date,Time of Accident,KM && M,Position,Rural/Urban,Location,Nature of Accident Position,Nature of Accident,Vehicle Involved,Type of Accident,Causes,Road Feature,Road condition,Intersection Type And Control,Weather Condition,Vehicle Responsible,Help Provided by Ambulance/Patroling Vehicle,Classification of Accident,No of Affected Persons
19.06.2013,6:23 PM,1334.8,LHS,Rural,K.Tippa ,Rear End Collision,RTC Bus hit Lorry,Bus,Non injury,Over speed,Three lanes or more without central divider(median),Straight road,Y-Junction,Fine,AP27TW  9799,YES,Non injured ,22
19.06.2013,6:23 PM,1334.8,LHS,Rural,K.Tippa ,Rear End Collision,RTC Bus hit Lorry,Bus,Non injury,Over speed,Three lanes or more without central divider(median),Straight road,Y-Junction,Fine,AP27TW  9799,YES,Animals affected,0
20.06.2013,6:30 AM,1256.5,RHS,Rural,Tangutur,Rear End Collision, Lorry hit Tractor,Lorry,Non injury,Over speed,Four lanes or more with central divider,Slight curve,,Fine,RJ14VC      1866,YES,Fatal,0
20.06.2013,6:30 AM,1256.5,RHS,Rural,Tangutur,Rear End Collision, Lorry hit Tractor,Lorry,Non injury,Over speed,Four lanes or more with central divider,Slight curve,,Fine,RJ14VC      1866,YES,Grevious,0
20.06.2013,6:30 AM,1256.5,RHS,Rural,Tangutur,Rear End Collision, Lorry hit Tractor,Lorry,Non injury,Over speed,Four lanes or more with central divider,Slight curve,,Fine,RJ14VC      1866,YES,Minor,0
20.06.2013,6:30 AM,1256.5,RHS,Rural,Tangutur,Rear End Collision, Lorry hit Tractor,Lorry,Non injury,Over speed,Four lanes or more with central divider,Slight curve,,Fine,RJ14VC      1866,YES,Non injured ,4
20.06.2013,6:30 AM,1256.5,RHS,Rural,Tangutur,Rear End Collision, Lorry hit Tractor,Lorry,Non injury,Over speed,Four lanes or more with central divider,Slight curve,,Fine,RJ14VC      1866,YES,Animals affected,0
20.06.2013,8:30 AM,1225.1,RHS,Rural,Maddipadu,Rear End Collision, Lorry hit Unknown Vehicle,Lorry,Non injury,Over speed,Four lanes or more with central divider,Straight road,,Fine,AP07TT     3699,YES,Fatal,0
20.06.2013,8:30 AM,1225.1,RHS,Rural,Maddipadu,Rear End Collision, Lorry hit Unknown Vehicle,Lorry,Non injury,Over speed,Four lanes or more with central divider,Straight road,,Fine,AP07TT     3699,YES,Grevious,0
20.06.2013,8:30 AM,1225.1,RHS,Rural,Maddipadu,Rear End Collision, Lorry hit Unknown Vehicle,Lorry,Non injury,Over speed,Four lanes or more with central divider,Straight road,,Fine,AP07TT     3699,YES,Minor,0
20.06.2013,8:30 AM,1225.1,RHS,Rural,Maddipadu,Rear End Collision, Lorry hit Unknown Vehicle,Lorry,Non injury,Over speed,Four lanes or more with central divider,Straight road,,Fine,AP07TT     3699,YES,Non injured ,2
20.06.2013,8:30 AM,1225.1,RHS,Rural,Maddipadu,Rear End Collision, Lorry hit Unknown Vehicle,Lorry,Non injury,Over speed,Four lanes or more with central divider,Straight road,,Fine,AP07TT     3699,YES,Animals affected,0
20.06.2013,4:40 PM,1362.1,LHS,Rural,Kovuru,Collision Brush/Side Wipe, Car hit Bike,Car,Grievious injury,Over speed,Three lanes or more without central divider(median),Straight road,T-Junction,Fine,TNO1AR 1893,YES,Fatal,0
20.06.2013,4:40 PM,1362.1,LHS,Rural,Kovuru,Collision Brush/Side Wipe, Car hit Bike,Car,Grievious injury,Over speed,Three lanes or more without central divider(median),Straight road,T-Junction,Fine,TNO1AR 1893,YES,Grevious,1
20.06.2013,4:40 PM,1362.1,LHS,Rural,Kovuru,Collision Brush/Side Wipe, Car hit Bike,Car,Grievious injury,Over speed,Three lanes or more without central divider(median),Straight road,T-Junction,Fine,TNO1AR 1893,YES,Minor,0
20.06.2013,4:40 PM,1362.1,LHS,Rural,Kovuru,Collision Brush/Side Wipe, Car hit Bike,Car,Grievious injury,Over speed,Three lanes or more without central divider(median),Straight road,T-Junction,Fine,TNO1AR 1893,YES,Non injured ,1
20.06.2013,4:40 PM,1362.1,LHS,Rural,Kovuru,Collision Brush/Side Wipe, Car hit Bike,Car,Grievious injury,Over speed,Three lanes or more without central divider(median),Straight road,T-Junction,Fine,TNO1AR 1893,YES,Animals affected,0
21.06.2013,4:00 AM,1306.6,RHS,Rural,Gudluru,Overturning, Lorry Over Turned on out side shoulder,Lorry,Non injury,Over speed,Four lanes or more with central divider,Straight road,,Fine,HR55M    6899,YES,Fatal,0
21.06.2013,4:00 AM,1306.6,RHS,Rural,Gudluru,Overturning, Lorry Over Turned on out side shoulder,Lorry,Non injury,Over speed,Four lanes or more with central divider,Straight road,,Fine,HR55M    6899,YES,Grevious,0
21.06.2013,4:00 AM,1306.6,RHS,Rural,Gudluru,Overturning, Lorry Over Turned on out side shoulder,Lorry,Non injury,Over speed,Four lanes or more with central divider,Straight road,,Fine,HR55M    6899,YES,Minor,0
21.06.2013,4:00 AM,1306.6,RHS,Rural,Gudluru,Overturning, Lorry Over Turned on out side shoulder,Lorry,Non injury,Over speed,Four lanes or more with central divider,Straight road,,Fine,HR55M    6899,YES,Non injured ,2
21.06.2013,4:00 AM,1306.6,RHS,Rural,Gudluru,Overturning, Lorry Over Turned on out side shoulder,Lorry,Non injury,Over speed,Four lanes or more with central divider,Straight road,,Fine,HR55M    6899,YES,Animals affected,0
21.06.2013,5:45 AM,1324,RHS,Rural,Kavali,Overturning, Lorry Over Turned on out side shoulder,Lorry,Non injury,Over speed,Four lanes or more with central divider,Straight road,,Fine,HR74Q   7719,YES,Fatal,0
21.06.2013,5:45 AM,1324,RHS,Rural,Kavali,Overturning, Lorry Over Turned on out side shoulder,Lorry,Non injury,Over speed,Four lanes or more with central divider,Straight road,,Fine,HR74Q   7719,YES,Grevious,0
21.06.2013,5:45 AM,1324,RHS,Rural,Kavali,Overturning, Lorry Over Turned on out side shoulder,Lorry,Non injury,Over speed,Four lanes or more with central divider,Straight road,,Fine,HR74Q   7719,YES,Minor,0
21.06.2013,5:45 AM,1324,RHS,Rural,Kavali,Overturning, Lorry Over Turned on out side shoulder,Lorry,Non injury,Over speed,Four lanes or more with central divider,Straight road,,Fine,HR74Q   7719,YES,Non injured ,2
21.06.2013,5:45 AM,1324,RHS,Rural,Kavali,Overturning, Lorry Over Turned on out side shoulder,Lorry,Non injury,Over speed,Four lanes or more with central divider,Straight road,,Fine,HR74Q   7719,YES,Animals affected,0
21.06.2013,6:50 AM,1320.2,LHS,Rural,Kavali,Rear End Collision, Lorry hit Unknown Vehicle,Lorry,Non injury,Over speed,Four lanes or more with central divider,Straight road,,Fine,MH34AB 3002,YES,Fatal,0
21.06.2013,6:50 AM,1320.2,LHS,Rural,Kavali,Rear End Collision, Lorry hit Unknown Vehicle,Lorry,Non injury,Over speed,Four lanes or more with central divider,Straight road,,Fine,MH34AB 3002,YES,Grevious,0
21.06.2013,6:50 AM,1320.2,LHS,Rural,Kavali,Rear End Collision, Lorry hit Unknown Vehicle,Lorry,Non injury,Over speed,Four lanes or more with central divider,Straight road,,Fine,MH34AB 3002,YES,Minor,0
21.06.2013,6:50 AM,1320.2,LHS,Rural,Kavali,Rear End Collision, Lorry hit Unknown Vehicle,Lorry,Non injury,Over speed,Four lanes or more with central divider,Straight road,,Fine,MH34AB 3002,YES,Non injured ,2
21.06.2013,6:50 AM,1320.2,LHS,Rural,Kavali,Rear End Collision, Lorry hit Unknown Vehicle,Lorry,Non injury,Over speed,Four lanes or more with central divider,Straight road,,Fine,MH34AB 3002,YES,Animals affected,0
22.06.2013,1:00 AM,1293,LHS,Rural,Ulavapadu,Rear End Collision, Lorry hit Lorry,Lorry,Minor injury,Over speed,Four lanes or more with central divider,Straight road,,Fine,CG04JA     2907,YES,Fatal,0
22.06.2013,1:00 AM,1293,LHS,Rural,Ulavapadu,Rear End Collision, Lorry hit Lorry,Lorry,Minor injury,Over speed,Four lanes or more with central divider,Straight road,,Fine,CG04JA     2907,YES,Grevious,0
22.06.2013,1:00 AM,1293,LHS,Rural,Ulavapadu,Rear End Collision, Lorry hit Lorry,Lorry,Minor injury,Over speed,Four lanes or more with central divider,Straight road,,Fine,CG04JA     2907,YES,Minor,1
22.06.2013,1:00 AM,1293,LHS,Rural,Ulavapadu,Rear End Collision, Lorry hit Lorry,Lorry,Minor injury,Over speed,Four lanes or more with central divider,Straight road,,Fine,CG04JA     2907,YES,Non injured ,1
22.06.2013,1:00 AM,1293,LHS,Rural,Ulavapadu,Rear End Collision, Lorry hit Lorry,Lorry,Minor injury,Over speed,Four lanes or more with central divider,Straight road,,Fine,CG04JA     2907,YES,Animals affected,0
22.06.2013,1:10 AM,1202,LHS,Rural,Reningavaram,Collision Brush/Side Wipe,Lorry hit  Bridge Wall,Lorry,Non injury,Over speed,Four lanes or more with central divider,Straight road,,Fine,AP16TT 2539,YES,Fatal,0
22.06.2013,1:10 AM,1202,LHS,Rural,Reningavaram,Collision Brush/Side Wipe,Lorry hit  Bridge Wall,Lorry,Non injury,Over speed,Four lanes or more with central divider,Straight road,,Fine,AP16TT 2539,YES,Grevious,0
22.06.2013,1:10 AM,1202,LHS,Rural,Reningavaram,Collision Brush/Side Wipe,Lorry hit  Bridge Wall,Lorry,Non injury,Over speed,Four lanes or more with central divider,Straight road,,Fine,AP16TT 2539,YES,Minor,0
22.06.2013,1:10 AM,1202,LHS,Rural,Reningavaram,Collision Brush/Side Wipe,Lorry hit  Bridge Wall,Lorry,Non injury,Over speed,Four lanes or more with central divider,Straight road,,Fine,AP16TT 2539,YES,Non injured ,2
22.06.2013,1:10 AM,1202,LHS,Rural,Reningavaram,Collision Brush/Side Wipe,Lorry hit  Bridge Wall,Lorry,Non injury,Over speed,Four lanes or more with central divider,Straight road,,Fine,AP16TT 2539,YES,Animals affected,0
22.06.2013,3:10 AM,1235.5,RHS,Rural,Maddipadu,Rear End Collision, Lorry hit Unknown Vehicle,Lorry,Non injury,Over speed,Four lanes or more with central divider,Straight road,,Fine,AP27TU   5589,YES,Fatal,0
22.06.2013,3:10 AM,1235.5,RHS,Rural,Maddipadu,Rear End Collision, Lorry hit Unknown Vehicle,Lorry,Non injury,Over speed,Four lanes or more with central divider,Straight road,,Fine,AP27TU   5589,YES,Grevious,0
22.06.2013,3:10 AM,1235.5,RHS,Rural,Maddipadu,Rear End Collision, Lorry hit Unknown Vehicle,Lorry,Non injury,Over speed,Four lanes or more with central divider,Straight road,,Fine,AP27TU   5589,YES,Minor,0
22.06.2013,3:10 AM,1235.5,RHS,Rural,Maddipadu,Rear End Collision, Lorry hit Unknown Vehicle,Lorry,Non injury,Over speed,Four lanes or more with central divider,Straight road,,Fine,AP27TU   5589,YES,Non injured ,2
22.06.2013,3:10 AM,1235.5,RHS,Rural,Maddipadu,Rear End Collision, Lorry hit Unknown Vehicle,Lorry,Non injury,Over speed,Four lanes or more with central divider,Straight road,,Fine,AP27TU   5589,YES,Animals affected,0
22.06.2013,10:20 AM,1193.3,RHS,Rural,Martur,Collision Brush/Side Wipe,Bus hit Pedestrian,Bus,Fatal,Over speed,Four lanes or more with central divider,Straight road,,Fine,AP27Z    0077,YES,Fatal,1
22.06.2013,10:20 AM,1193.3,RHS,Rural,Martur,Collision Brush/Side Wipe,Bus hit Pedestrian,Bus,Fatal,Over speed,Four lanes or more with central divider,Straight road,,Fine,AP27Z    0077,YES,Grevious,0
22.06.2013,10:20 AM,1193.3,RHS,Rural,Martur,Collision Brush/Side Wipe,Bus hit Pedestrian,Bus,Fatal,Over speed,Four lanes or more with central divider,Straight road,,Fine,AP27Z    0077,YES,Minor,0
22.06.2013,10:20 AM,1193.3,RHS,Rural,Martur,Collision Brush/Side Wipe,Bus hit Pedestrian,Bus,Fatal,Over speed,Four lanes or more with central divider,Straight road,,Fine,AP27Z    0077,YES,Non injured ,20
22.06.2013,10:20 AM,1193.3,RHS,Rural,Martur,Collision Brush/Side Wipe,Bus hit Pedestrian,Bus,Fatal,Over speed,Four lanes or more with central divider,Straight road,,Fine,AP27Z    0077,YES,Animals affected,0
22.06.2013,1:20 PM,1252.2,LHS,Rural,Ongole,Rear End Collision,Bike hit Tractor,Bike,Minor injury,Over speed,Four lanes or more with central divider,Straight road,,Fine,AP29K    7217,YES,Fatal,0
22.06.2013,1:20 PM,1252.2,LHS,Rural,Ongole,Rear End Collision,Bike hit Tractor,Bike,Minor injury,Over speed,Four lanes or more with central divider,Straight road,,Fine,AP29K    7217,YES,Grevious,0
22.06.2013,1:20 PM,1252.2,LHS,Rural,Ongole,Rear End Collision,Bike hit Tractor,Bike,Minor injury,Over speed,Four lanes or more with central divider,Straight road,,Fine,AP29K    7217,YES,Minor,1
22.06.2013,1:20 PM,1252.2,LHS,Rural,Ongole,Rear End Collision,Bike hit Tractor,Bike,Minor injury,Over speed,Four lanes or more with central divider,Straight road,,Fine,AP29K    7217,YES,Non injured ,1
22.06.2013,1:20 PM,1252.2,LHS,Rural,Ongole,Rear End Collision,Bike hit Tractor,Bike,Minor injury,Over speed,Four lanes or more with central divider,Straight road,,Fine,AP29K    7217,YES,Animals affected,0
23.06.2013,10:36 AM,1362,RHS,Rural,Kovuru,Rear End Collision,Car hit Car,Car,Grievious injury,Over speed,Four lanes or more with central divider,Straight road,T-Junction,Fine,APN     6960,YES,Fatal,0
23.06.2013,10:36 AM,1362,RHS,Rural,Kovuru,Rear End Collision,Car hit Car,Car,Grievious injury,Over speed,Four lanes or more with central divider,Straight road,T-Junction,Fine,APN     6960,YES,Grevious,1
23.06.2013,10:36 AM,1362,RHS,Rural,Kovuru,Rear End Collision,Car hit Car,Car,Grievious injury,Over speed,Four lanes or more with central divider,Straight road,T-Junction,Fine,APN     6960,YES,Minor,0
23.06.2013,10:36 AM,1362,RHS,Rural,Kovuru,Rear End Collision,Car hit Car,Car,Grievious injury,Over speed,Four lanes or more with central divider,Straight road,T-Junction,Fine,APN     6960,YES,Non injured ,3
23.06.2013,10:36 AM,1362,RHS,Rural,Kovuru,Rear End Collision,Car hit Car,Car,Grievious injury,Over speed,Four lanes or more with central divider,Straight road,T-Junction,Fine,APN     6960,YES,Animals affected,0
23.06.2013,11:25 PM,1263.6,LHS,Rural,Tangutur,Overturning,Lorry Overturned,Lorry,Grievious injury,Druken,Four lanes or more with central divider,Straight road,,Fine,AP16TX     3812,YES,Fatal,0
23.06.2013,11:25 PM,1263.6,LHS,Rural,Tangutur,Overturning,Lorry Overturned,Lorry,Grievious injury,Druken,Four lanes or more with central divider,Straight road,,Fine,AP16TX     3812,YES,Grevious,1
23.06.2013,11:25 PM,1263.6,LHS,Rural,Tangutur,Overturning,Lorry Overturned,Lorry,Grievious injury,Druken,Four lanes or more with central divider,Straight road,,Fine,AP16TX     3812,YES,Minor,1
23.06.2013,11:25 PM,1263.6,LHS,Rural,Tangutur,Overturning,Lorry Overturned,Lorry,Grievious injury,Druken,Four lanes or more with central divider,Straight road,,Fine,AP16TX     3812,YES,Non injured ,0
23.06.2013,11:25 PM,1263.6,LHS,Rural,Tangutur,Overturning,Lorry Overturned,Lorry,Grievious injury,Druken,Four lanes or more with central divider,Straight road,,Fine,AP16TX     3812,YES,Animals affected,0
24.06.2013,3:40 AM,1350.4,RHS,Rural,Kodavaluru,Rear End Collision,Lorry hit  Unknown Vehicle,Lorry,Minor injury,Over speed,Four lanes or more with central divider,Straight road,,Fine,TN28AC   7401,YES,Fatal,0
24.06.2013,3:40 AM,1350.4,RHS,Rural,Kodavaluru,Rear End Collision,Lorry hit  Unknown Vehicle,Lorry,Minor injury,Over speed,Four lanes or more with central divider,Straight road,,Fine,TN28AC   7401,YES,Grevious,0
24.06.2013,3:40 AM,1350.4,RHS,Rural,Kodavaluru,Rear End Collision,Lorry hit  Unknown Vehicle,Lorry,Minor injury,Over speed,Four lanes or more with central divider,Straight road,,Fine,TN28AC   7401,YES,Minor,1
24.06.2013,3:40 AM,1350.4,RHS,Rural,Kodavaluru,Rear End Collision,Lorry hit  Unknown Vehicle,Lorry,Minor injury,Over speed,Four lanes or more with central divider,Straight road,,Fine,TN28AC   7401,YES,Non injured ,1
24.06.2013,3:40 AM,1350.4,RHS,Rural,Kodavaluru,Rear End Collision,Lorry hit  Unknown Vehicle,Lorry,Minor injury,Over speed,Four lanes or more with central divider,Straight road,,Fine,TN28AC   7401,YES,Animals affected,0
25.06.2013,12:30 AM,1266.6,RHS,Rural,Tangutur,Collision Brush/Side Wipe,Bus hit Service Road Wall,Bus,Non injury,Fault of driver of motor vehicle/driver of other vehicle/cyclist/pedestrian/passenger,Four lanes or more with central divider,Slight curve,,Fine,AP27TT    9106,YES,Fatal,0
25.06.2013,12:30 AM,1266.6,RHS,Rural,Tangutur,Collision Brush/Side Wipe,Bus hit Service Road Wall,Bus,Non injury,Fault of driver of motor vehicle/driver of other vehicle/cyclist/pedestrian/passenger,Four lanes or more with central divider,Slight curve,,Fine,AP27TT    9106,YES,Grevious,0
25.06.2013,12:30 AM,1266.6,RHS,Rural,Tangutur,Collision Brush/Side Wipe,Bus hit Service Road Wall,Bus,Non injury,Fault of driver of motor vehicle/driver of other vehicle/cyclist/pedestrian/passenger,Four lanes or more with central divider,Slight curve,,Fine,AP27TT    9106,YES,Minor,0
25.06.2013,12:30 AM,1266.6,RHS,Rural,Tangutur,Collision Brush/Side Wipe,Bus hit Service Road Wall,Bus,Non injury,Fault of driver of motor vehicle/driver of other vehicle/cyclist/pedestrian/passenger,Four lanes or more with central divider,Slight curve,,Fine,AP27TT    9106,YES,Non injured ,30
25.06.2013,12:30 AM,1266.6,RHS,Rural,Tangutur,Collision Brush/Side Wipe,Bus hit Service Road Wall,Bus,Non injury,Fault of driver of motor vehicle/driver of other vehicle/cyclist/pedestrian/passenger,Four lanes or more with central divider,Slight curve,,Fine,AP27TT    9106,YES,Animals affected,0
25.06.2013,1:35 AM,1209.6,RHS,Rural,Reningavaram,Rear End Collision,Car hit  Unknown Vehicle,Car,Grievious injury,Over speed,Four lanes or more with central divider,Straight road,,Fine,MH33A    3094,YES,Fatal,0
25.06.2013,1:35 AM,1209.6,RHS,Rural,Reningavaram,Rear End Collision,Car hit  Unknown Vehicle,Car,Grievious injury,Over speed,Four lanes or more with central divider,Straight road,,Fine,MH33A    3094,YES,Grevious,2
25.06.2013,1:35 AM,1209.6,RHS,Rural,Reningavaram,Rear End Collision,Car hit  Unknown Vehicle,Car,Grievious injury,Over speed,Four lanes or more with central divider,Straight road,,Fine,MH33A    3094,YES,Minor,3
25.06.2013,1:35 AM,1209.6,RHS,Rural,Reningavaram,Rear End Collision,Car hit  Unknown Vehicle,Car,Grievious injury,Over speed,Four lanes or more with central divider,Straight road,,Fine,MH33A    3094,YES,Non injured ,3
25.06.2013,1:35 AM,1209.6,RHS,Rural,Reningavaram,Rear End Collision,Car hit  Unknown Vehicle,Car,Grievious injury,Over speed,Four lanes or more with central divider,Straight road,,Fine,MH33A    3094,YES,Animals affected,0
25.06.2013,3:30 PM,1350.4,RHS,Rural,Kodavaluru,Rear End Collision, Mini Lorry  hit Car,Lorry,Non injury,Over speed,Four lanes or more with central divider,Straight road,,Fine,AP26TB  1666,YES,Fatal,0
25.06.2013,3:30 PM,1350.4,RHS,Rural,Kodavaluru,Rear End Collision, Mini Lorry  hit Car,Lorry,Non injury,Over speed,Four lanes or more with central divider,Straight road,,Fine,AP26TB  1666,YES,Grevious,0
25.06.2013,3:30 PM,1350.4,RHS,Rural,Kodavaluru,Rear End Collision, Mini Lorry  hit Car,Lorry,Non injury,Over speed,Four lanes or more with central divider,Straight road,,Fine,AP26TB  1666,YES,Minor,0
25.06.2013,3:30 PM,1350.4,RHS,Rural,Kodavaluru,Rear End Collision, Mini Lorry  hit Car,Lorry,Non injury,Over speed,Four lanes or more with central divider,Straight road,,Fine,AP26TB  1666,YES,Non injured ,3
25.06.2013,3:30 PM,1350.4,RHS,Rural,Kodavaluru,Rear End Collision, Mini Lorry  hit Car,Lorry,Non injury,Over speed,Four lanes or more with central divider,Straight road,,Fine,AP26TB  1666,YES,Animals affected,0
26.06.2013,4:00 AM,1267.7,RHS,Rural,Tangutur,Collision Brush/Side Wipe,Mini Lorry hit Service Road Wall,Lorry,Non injury,Fault of driver of motor vehicle/driver of other vehicle/cyclist/pedestrian/passenger,Four lanes or more with central divider,Straight road,,Fine,AP02TA   689,YES,Fatal,0
26.06.2013,4:00 AM,1267.7,RHS,Rural,Tangutur,Collision Brush/Side Wipe,Mini Lorry hit Service Road Wall,Lorry,Non injury,Fault of driver of motor vehicle/driver of other vehicle/cyclist/pedestrian/passenger,Four lanes or more with central divider,Straight road,,Fine,AP02TA   689,YES,Grevious,0
26.06.2013,4:00 AM,1267.7,RHS,Rural,Tangutur,Collision Brush/Side Wipe,Mini Lorry hit Service Road Wall,Lorry,Non injury,Fault of driver of motor vehicle/driver of other vehicle/cyclist/pedestrian/passenger,Four lanes or more with central divider,Straight road,,Fine,AP02TA   689,YES,Minor,0
26.06.2013,4:00 AM,1267.7,RHS,Rural,Tangutur,Collision Brush/Side Wipe,Mini Lorry hit Service Road Wall,Lorry,Non injury,Fault of driver of motor vehicle/driver of other vehicle/cyclist/pedestrian/passenger,Four lanes or more with central divider,Straight road,,Fine,AP02TA   689,YES,Non injured ,2
26.06.2013,4:00 AM,1267.7,RHS,Rural,Tangutur,Collision Brush/Side Wipe,Mini Lorry hit Service Road Wall,Lorry,Non injury,Fault of driver of motor vehicle/driver of other vehicle/cyclist/pedestrian/passenger,Four lanes or more with central divider,Straight road,,Fine,AP02TA   689,YES,Animals affected,0
26.06.2013,5:55 AM,1197.1,RHS,Rural,Martur,Rear End Collision,Truck Auto hit   Unknown Vehicle,Auto,Grievious injury,Fault of driver of motor vehicle/driver of other vehicle/cyclist/pedestrian/passenger,Four lanes or more with central divider,Straight road,,Fine,AP16TC     5417,YES,Fatal,0
26.06.2013,5:55 AM,1197.1,RHS,Rural,Martur,Rear End Collision,Truck Auto hit   Unknown Vehicle,Auto,Grievious injury,Fault of driver of motor vehicle/driver of other vehicle/cyclist/pedestrian/passenger,Four lanes or more with central divider,Straight road,,Fine,AP16TC     5417,YES,Grevious,1
26.06.2013,5:55 AM,1197.1,RHS,Rural,Martur,Rear End Collision,Truck Auto hit   Unknown Vehicle,Auto,Grievious injury,Fault of driver of motor vehicle/driver of other vehicle/cyclist/pedestrian/passenger,Four lanes or more with central divider,Straight road,,Fine,AP16TC     5417,YES,Minor,0
26.06.2013,5:55 AM,1197.1,RHS,Rural,Martur,Rear End Collision,Truck Auto hit   Unknown Vehicle,Auto,Grievious injury,Fault of driver of motor vehicle/driver of other vehicle/cyclist/pedestrian/passenger,Four lanes or more with central divider,Straight road,,Fine,AP16TC     5417,YES,Non injured ,0
26.06.2013,5:55 AM,1197.1,RHS,Rural,Martur,Rear End Collision,Truck Auto hit   Unknown Vehicle,Auto,Grievious injury,Fault of driver of motor vehicle/driver of other vehicle/cyclist/pedestrian/passenger,Four lanes or more with central divider,Straight road,,Fine,AP16TC     5417,YES,Animals affected,0
26.06.2013,7:00 AM,1192.7,LHS,Rural,Martur,Rear End Collision,Lorry hit  Tata Ace Auto,Lorry,Non injury,Over speed,Four lanes or more with central divider,Straight road,,Fine,MH04DF   4801,YES,Fatal,0
26.06.2013,7:00 AM,1192.7,LHS,Rural,Martur,Rear End Collision,Lorry hit  Tata Ace Auto,Lorry,Non injury,Over speed,Four lanes or more with central divider,Straight road,,Fine,MH04DF   4801,YES,Grevious,0
26.06.2013,7:00 AM,1192.7,LHS,Rural,Martur,Rear End Collision,Lorry hit  Tata Ace Auto,Lorry,Non injury,Over speed,Four lanes or more with central divider,Straight road,,Fine,MH04DF   4801,YES,Minor,0
26.06.2013,7:00 AM,1192.7,LHS,Rural,Martur,Rear End Collision,Lorry hit  Tata Ace Auto,Lorry,Non injury,Over speed,Four lanes or more with central divider,Straight road,,Fine,MH04DF   4801,YES,Non injured ,4
26.06.2013,7:00 AM,1192.7,LHS,Rural,Martur,Rear End Collision,Lorry hit  Tata Ace Auto,Lorry,Non injury,Over speed,Four lanes or more with central divider,Straight road,,Fine,MH04DF   4801,YES,Animals affected,0
26.06.2013,12:30 PM,1353.3,LHS,Rural,Kodavaluru,Collision Brush/Side Wipe,Unknown Vehicle hit    Car,Unknown,Non injury,Over speed,Four lanes or more with central divider,Straight road,,Fine,AP26Q  500,YES,Fatal,0
26.06.2013,12:30 PM,1353.3,LHS,Rural,Kodavaluru,Collision Brush/Side Wipe,Unknown Vehicle hit    Car,Unknown,Non injury,Over speed,Four lanes or more with central divider,Straight road,,Fine,AP26Q  500,YES,Grevious,0
26.06.2013,12:30 PM,1353.3,LHS,Rural,Kodavaluru,Collision Brush/Side Wipe,Unknown Vehicle hit    Car,Unknown,Non injury,Over speed,Four lanes or more with central divider,Straight road,,Fine,AP26Q  500,YES,Minor,0
26.06.2013,12:30 PM,1353.3,LHS,Rural,Kodavaluru,Collision Brush/Side Wipe,Unknown Vehicle hit    Car,Unknown,Non injury,Over speed,Four lanes or more with central divider,Straight road,,Fine,AP26Q  500,YES,Non injured ,1
26.06.2013,12:30 PM,1353.3,LHS,Rural,Kodavaluru,Collision Brush/Side Wipe,Unknown Vehicle hit    Car,Unknown,Non injury,Over speed,Four lanes or more with central divider,Straight road,,Fine,AP26Q  500,YES,Animals affected,0
26.06.2013,8:00 PM,1191.8,RHS,Rural,Martur,Collision Brush/Side Wipe,Car hit Lorry,Car,Minor injury,Over speed,Four lanes or more with central divider,Straight road,T-Junction,Fine,AP07BH  3978,YES,Fatal,0
26.06.2013,8:00 PM,1191.8,RHS,Rural,Martur,Collision Brush/Side Wipe,Car hit Lorry,Car,Minor injury,Over speed,Four lanes or more with central divider,Straight road,T-Junction,Fine,AP07BH  3978,YES,Grevious,0
26.06.2013,8:00 PM,1191.8,RHS,Rural,Martur,Collision Brush/Side Wipe,Car hit Lorry,Car,Minor injury,Over speed,Four lanes or more with central divider,Straight road,T-Junction,Fine,AP07BH  3978,YES,Minor,4
26.06.2013,8:00 PM,1191.8,RHS,Rural,Martur,Collision Brush/Side Wipe,Car hit Lorry,Car,Minor injury,Over speed,Four lanes or more with central divider,Straight road,T-Junction,Fine,AP07BH  3978,YES,Non injured ,0
26.06.2013,8:00 PM,1191.8,RHS,Rural,Martur,Collision Brush/Side Wipe,Car hit Lorry,Car,Minor injury,Over speed,Four lanes or more with central divider,Straight road,T-Junction,Fine,AP07BH  3978,YES,Animals affected,0
27.06.2013,1:45 AM,1301.7,RHS,Rural,Gudluru,Head on collision,Lorry hit Lorry,Lorry,Fatal,Over speed,Four lanes or more with central divider,Straight road,,Fine,AP26TA   3589,YES,Fatal,2
27.06.2013,1:45 AM,1301.7,RHS,Rural,Gudluru,Head on collision,Lorry hit Lorry,Lorry,Fatal,Over speed,Four lanes or more with central divider,Straight road,,Fine,AP26TA   3589,YES,Grevious,2
27.06.2013,1:45 AM,1301.7,RHS,Rural,Gudluru,Head on collision,Lorry hit Lorry,Lorry,Fatal,Over speed,Four lanes or more with central divider,Straight road,,Fine,AP26TA   3589,YES,Minor,0
27.06.2013,1:45 AM,1301.7,RHS,Rural,Gudluru,Head on collision,Lorry hit Lorry,Lorry,Fatal,Over speed,Four lanes or more with central divider,Straight road,,Fine,AP26TA   3589,YES,Non injured ,0
27.06.2013,1:45 AM,1301.7,RHS,Rural,Gudluru,Head on collision,Lorry hit Lorry,Lorry,Fatal,Over speed,Four lanes or more with central divider,Straight road,,Fine,AP26TA   3589,YES,Animals affected,0
27.06.2013,11:40 AM,1196.1,RHS,Rural,Martur,Overturning,Car Overturned,Car,Minor injury,Vehicle out of control,Four lanes or more with central divider,Straight road,,Fine,AP27AJ   9677,YES,Fatal,0
27.06.2013,11:40 AM,1196.1,RHS,Rural,Martur,Overturning,Car Overturned,Car,Minor injury,Vehicle out of control,Four lanes or more with central divider,Straight road,,Fine,AP27AJ   9677,YES,Grevious,0
27.06.2013,11:40 AM,1196.1,RHS,Rural,Martur,Overturning,Car Overturned,Car,Minor injury,Vehicle out of control,Four lanes or more with central divider,Straight road,,Fine,AP27AJ   9677,YES,Minor,1