Operational date,Time of Accident,KM && M,Position,Rural/Urban,Location,Nature of Accident Position,Nature of Accident,Vehicle Involved,Type of Accident,Causes,Road Feature,Road condition,Intersection Type And Control,Weather Condition,Vehicle Responsible,Help Provided by Ambulance/Patroling Vehicle,Classification of Accident,No of Affected Persons
27.06.2013,11:40 AM,1196.1,RHS,Rural,Martur,Overturning,Car Overturned,Car,Minor injury,Vehicle out of control,Four lanes or more with central divider,Straight road,,Fine,AP27AJ   9677,YES,Non injured ,1
27.06.2013,11:40 AM,1196.1,RHS,Rural,Martur,Overturning,Car Overturned,Car,Minor injury,Vehicle out of control,Four lanes or more with central divider,Straight road,,Fine,AP27AJ   9677,YES,Animals affected,0
27.06.2013,7:06 PM,1252.6,RHS,Rural,Ongole,Collision Brush/Side Wipe,RTC Bus hit Pedestrian,Bus,Fatal,Over speed,Four lanes or more with central divider,Straight road,T-Junction,Fine,AP26Z    0140,YES,Fatal,1
27.06.2013,7:06 PM,1252.6,RHS,Rural,Ongole,Collision Brush/Side Wipe,RTC Bus hit Pedestrian,Bus,Fatal,Over speed,Four lanes or more with central divider,Straight road,T-Junction,Fine,AP26Z    0140,YES,Grevious,0
27.06.2013,7:06 PM,1252.6,RHS,Rural,Ongole,Collision Brush/Side Wipe,RTC Bus hit Pedestrian,Bus,Fatal,Over speed,Four lanes or more with central divider,Straight road,T-Junction,Fine,AP26Z    0140,YES,Minor,0
27.06.2013,7:06 PM,1252.6,RHS,Rural,Ongole,Collision Brush/Side Wipe,RTC Bus hit Pedestrian,Bus,Fatal,Over speed,Four lanes or more with central divider,Straight road,T-Junction,Fine,AP26Z    0140,YES,Non injured ,0
27.06.2013,7:06 PM,1252.6,RHS,Rural,Ongole,Collision Brush/Side Wipe,RTC Bus hit Pedestrian,Bus,Fatal,Over speed,Four lanes or more with central divider,Straight road,T-Junction,Fine,AP26Z    0140,YES,Animals affected,0
28.06.2013,1:30 AM,1340.8,RHS,Rural,Dagadarthi,Rear End Collision, Mini Lorry  hit Oil Tanker,Lorry,Minor injury,Over speed,Four lanes or more with central divider,Straight road,,Fine,AP16TD    1878,YES,Fatal,0
28.06.2013,1:30 AM,1340.8,RHS,Rural,Dagadarthi,Rear End Collision, Mini Lorry  hit Oil Tanker,Lorry,Minor injury,Over speed,Four lanes or more with central divider,Straight road,,Fine,AP16TD    1878,YES,Grevious,0
28.06.2013,1:30 AM,1340.8,RHS,Rural,Dagadarthi,Rear End Collision, Mini Lorry  hit Oil Tanker,Lorry,Minor injury,Over speed,Four lanes or more with central divider,Straight road,,Fine,AP16TD    1878,YES,Minor,1
28.06.2013,1:30 AM,1340.8,RHS,Rural,Dagadarthi,Rear End Collision, Mini Lorry  hit Oil Tanker,Lorry,Minor injury,Over speed,Four lanes or more with central divider,Straight road,,Fine,AP16TD    1878,YES,Non injured ,3
28.06.2013,1:30 AM,1340.8,RHS,Rural,Dagadarthi,Rear End Collision, Mini Lorry  hit Oil Tanker,Lorry,Minor injury,Over speed,Four lanes or more with central divider,Straight road,,Fine,AP16TD    1878,YES,Animals affected,0
28.06.2013,7:00 AM,1291,RHS,Rural,Ulavapadu,Rear End Collision, Lorry hit Lorry,Lorry,Non injury,Over speed,Four lanes or more with central divider,Straight road,,Fine,AP37TB 5052,YES,Fatal,0
28.06.2013,7:00 AM,1291,RHS,Rural,Ulavapadu,Rear End Collision, Lorry hit Lorry,Lorry,Non injury,Over speed,Four lanes or more with central divider,Straight road,,Fine,AP37TB 5052,YES,Grevious,0
28.06.2013,7:00 AM,1291,RHS,Rural,Ulavapadu,Rear End Collision, Lorry hit Lorry,Lorry,Non injury,Over speed,Four lanes or more with central divider,Straight road,,Fine,AP37TB 5052,YES,Minor,0
28.06.2013,7:00 AM,1291,RHS,Rural,Ulavapadu,Rear End Collision, Lorry hit Lorry,Lorry,Non injury,Over speed,Four lanes or more with central divider,Straight road,,Fine,AP37TB 5052,YES,Non injured ,2
28.06.2013,7:00 AM,1291,RHS,Rural,Ulavapadu,Rear End Collision, Lorry hit Lorry,Lorry,Non injury,Over speed,Four lanes or more with central divider,Straight road,,Fine,AP37TB 5052,YES,Animals affected,0
28.06.2013,10:20 AM,1361.5,RHS,Rural,Kodavaluru,Rear End Collision, Lorry hit Unknown Vehicle,Lorry,Minor injury,Over speed,Four lanes or more with central divider,Straight road,,Fine,TN03J   9130,YES,Fatal,0
28.06.2013,10:20 AM,1361.5,RHS,Rural,Kodavaluru,Rear End Collision, Lorry hit Unknown Vehicle,Lorry,Minor injury,Over speed,Four lanes or more with central divider,Straight road,,Fine,TN03J   9130,YES,Grevious,0
28.06.2013,10:20 AM,1361.5,RHS,Rural,Kodavaluru,Rear End Collision, Lorry hit Unknown Vehicle,Lorry,Minor injury,Over speed,Four lanes or more with central divider,Straight road,,Fine,TN03J   9130,YES,Minor,1
28.06.2013,10:20 AM,1361.5,RHS,Rural,Kodavaluru,Rear End Collision, Lorry hit Unknown Vehicle,Lorry,Minor injury,Over speed,Four lanes or more with central divider,Straight road,,Fine,TN03J   9130,YES,Non injured ,0
28.06.2013,10:20 AM,1361.5,RHS,Rural,Kodavaluru,Rear End Collision, Lorry hit Unknown Vehicle,Lorry,Minor injury,Over speed,Four lanes or more with central divider,Straight road,,Fine,TN03J   9130,YES,Animals affected,0
28.06.2013,11:40 AM,1291,RHS,Rural,Ulavapadu,Rear End Collision, Lorry hit Crane,Lorry,Non injury,Over speed,Four lanes or more with central divider,Straight road,,Fine,AP27TT 5699,YES,Fatal,0
28.06.2013,11:40 AM,1291,RHS,Rural,Ulavapadu,Rear End Collision, Lorry hit Crane,Lorry,Non injury,Over speed,Four lanes or more with central divider,Straight road,,Fine,AP27TT 5699,YES,Grevious,0
28.06.2013,11:40 AM,1291,RHS,Rural,Ulavapadu,Rear End Collision, Lorry hit Crane,Lorry,Non injury,Over speed,Four lanes or more with central divider,Straight road,,Fine,AP27TT 5699,YES,Minor,0
28.06.2013,11:40 AM,1291,RHS,Rural,Ulavapadu,Rear End Collision, Lorry hit Crane,Lorry,Non injury,Over speed,Four lanes or more with central divider,Straight road,,Fine,AP27TT 5699,YES,Non injured ,3
28.06.2013,11:40 AM,1291,RHS,Rural,Ulavapadu,Rear End Collision, Lorry hit Crane,Lorry,Non injury,Over speed,Four lanes or more with central divider,Straight road,,Fine,AP27TT 5699,YES,Animals affected,0
28.06.2013,7:00 PM,1278.5,RHS,Rural,Singarayakonda,Collision Brush/Side Wipe, Lorry hit Safety-Wall,Lorry,Non injury,Over speed,Four lanes or more with central divider,Straight road,,Fine,TN18J   5562,YES,Fatal,0
28.06.2013,7:00 PM,1278.5,RHS,Rural,Singarayakonda,Collision Brush/Side Wipe, Lorry hit Safety-Wall,Lorry,Non injury,Over speed,Four lanes or more with central divider,Straight road,,Fine,TN18J   5562,YES,Grevious,0
28.06.2013,7:00 PM,1278.5,RHS,Rural,Singarayakonda,Collision Brush/Side Wipe, Lorry hit Safety-Wall,Lorry,Non injury,Over speed,Four lanes or more with central divider,Straight road,,Fine,TN18J   5562,YES,Minor,0
28.06.2013,7:00 PM,1278.5,RHS,Rural,Singarayakonda,Collision Brush/Side Wipe, Lorry hit Safety-Wall,Lorry,Non injury,Over speed,Four lanes or more with central divider,Straight road,,Fine,TN18J   5562,YES,Non injured ,2
28.06.2013,7:00 PM,1278.5,RHS,Rural,Singarayakonda,Collision Brush/Side Wipe, Lorry hit Safety-Wall,Lorry,Non injury,Over speed,Four lanes or more with central divider,Straight road,,Fine,TN18J   5562,YES,Animals affected,0
28.06.2013,7:10 PM,1247,RHS,Urban,Ongole,Rear End Collision, Car hit Unknown Vehicle,Car,Non injury,Over speed,Four lanes or more with central divider,Straight road,,Fine,AP5CB  2799,YES,Fatal,0
28.06.2013,7:10 PM,1247,RHS,Urban,Ongole,Rear End Collision, Car hit Unknown Vehicle,Car,Non injury,Over speed,Four lanes or more with central divider,Straight road,,Fine,AP5CB  2799,YES,Grevious,0
28.06.2013,7:10 PM,1247,RHS,Urban,Ongole,Rear End Collision, Car hit Unknown Vehicle,Car,Non injury,Over speed,Four lanes or more with central divider,Straight road,,Fine,AP5CB  2799,YES,Minor,0
28.06.2013,7:10 PM,1247,RHS,Urban,Ongole,Rear End Collision, Car hit Unknown Vehicle,Car,Non injury,Over speed,Four lanes or more with central divider,Straight road,,Fine,AP5CB  2799,YES,Non injured ,3
28.06.2013,7:10 PM,1247,RHS,Urban,Ongole,Rear End Collision, Car hit Unknown Vehicle,Car,Non injury,Over speed,Four lanes or more with central divider,Straight road,,Fine,AP5CB  2799,YES,Animals affected,0
28.06.2013,7:30 PM,1362,LHS,Rural,Kodavaluru,Overturning, Auto Over Turned,Auto,Minor injury,Vehicle out of control,Three lanes or more without central divider(median),Slight curve,Y-Junction,Fine,AP26TT 3240,YES,Fatal,0
28.06.2013,7:30 PM,1362,LHS,Rural,Kodavaluru,Overturning, Auto Over Turned,Auto,Minor injury,Vehicle out of control,Three lanes or more without central divider(median),Slight curve,Y-Junction,Fine,AP26TT 3240,YES,Grevious,0
28.06.2013,7:30 PM,1362,LHS,Rural,Kodavaluru,Overturning, Auto Over Turned,Auto,Minor injury,Vehicle out of control,Three lanes or more without central divider(median),Slight curve,Y-Junction,Fine,AP26TT 3240,YES,Minor,4
28.06.2013,7:30 PM,1362,LHS,Rural,Kodavaluru,Overturning, Auto Over Turned,Auto,Minor injury,Vehicle out of control,Three lanes or more without central divider(median),Slight curve,Y-Junction,Fine,AP26TT 3240,YES,Non injured ,4
28.06.2013,7:30 PM,1362,LHS,Rural,Kodavaluru,Overturning, Auto Over Turned,Auto,Minor injury,Vehicle out of control,Three lanes or more without central divider(median),Slight curve,Y-Junction,Fine,AP26TT 3240,YES,Animals affected,0
29.06.2013,7:15 AM,1239.8,LHS,Rural,Ongole,Rear End Collision, Lorry hit Tractor,Lorry,Grievious injury,Over speed,Four lanes or more with central divider,Slight curve,T-Junction,Fine,AP05TA    4365,YES,Fatal,0
29.06.2013,7:15 AM,1239.8,LHS,Rural,Ongole,Rear End Collision, Lorry hit Tractor,Lorry,Grievious injury,Over speed,Four lanes or more with central divider,Slight curve,T-Junction,Fine,AP05TA    4365,YES,Grevious,1
29.06.2013,7:15 AM,1239.8,LHS,Rural,Ongole,Rear End Collision, Lorry hit Tractor,Lorry,Grievious injury,Over speed,Four lanes or more with central divider,Slight curve,T-Junction,Fine,AP05TA    4365,YES,Minor,1
29.06.2013,7:15 AM,1239.8,LHS,Rural,Ongole,Rear End Collision, Lorry hit Tractor,Lorry,Grievious injury,Over speed,Four lanes or more with central divider,Slight curve,T-Junction,Fine,AP05TA    4365,YES,Non injured ,2
29.06.2013,7:15 AM,1239.8,LHS,Rural,Ongole,Rear End Collision, Lorry hit Tractor,Lorry,Grievious injury,Over speed,Four lanes or more with central divider,Slight curve,T-Junction,Fine,AP05TA    4365,YES,Animals affected,0
30.06.2013,2:20 PM,1351.4,RHS,Rural,Kodavaluru,Collision Brush/Side Wipe, Lorry hit Median,Lorry,Non injury,Over speed,Four lanes or more with central divider,Straight road,,Fine,UP72PM     9099,YES,Fatal,0
30.06.2013,2:20 PM,1351.4,RHS,Rural,Kodavaluru,Collision Brush/Side Wipe, Lorry hit Median,Lorry,Non injury,Over speed,Four lanes or more with central divider,Straight road,,Fine,UP72PM     9099,YES,Grevious,0
30.06.2013,2:20 PM,1351.4,RHS,Rural,Kodavaluru,Collision Brush/Side Wipe, Lorry hit Median,Lorry,Non injury,Over speed,Four lanes or more with central divider,Straight road,,Fine,UP72PM     9099,YES,Minor,0
30.06.2013,2:20 PM,1351.4,RHS,Rural,Kodavaluru,Collision Brush/Side Wipe, Lorry hit Median,Lorry,Non injury,Over speed,Four lanes or more with central divider,Straight road,,Fine,UP72PM     9099,YES,Non injured ,1
30.06.2013,2:20 PM,1351.4,RHS,Rural,Kodavaluru,Collision Brush/Side Wipe, Lorry hit Median,Lorry,Non injury,Over speed,Four lanes or more with central divider,Straight road,,Fine,UP72PM     9099,YES,Animals affected,0
30.06.2013,4:00 PM,1235.8,RHS,Rural,Maddipadu,Head on collision,Ape Auto hit  Bike,Auto,Minor injury,Fault of driver of motor vehicle/driver of other vehicle/cyclist/pedestrian/passenger,Four lanes or more with central divider,Straight road,,Fine,AP27TT  6007,YES,Fatal,0
30.06.2013,4:00 PM,1235.8,RHS,Rural,Maddipadu,Head on collision,Ape Auto hit  Bike,Auto,Minor injury,Fault of driver of motor vehicle/driver of other vehicle/cyclist/pedestrian/passenger,Four lanes or more with central divider,Straight road,,Fine,AP27TT  6007,YES,Grevious,0
30.06.2013,4:00 PM,1235.8,RHS,Rural,Maddipadu,Head on collision,Ape Auto hit  Bike,Auto,Minor injury,Fault of driver of motor vehicle/driver of other vehicle/cyclist/pedestrian/passenger,Four lanes or more with central divider,Straight road,,Fine,AP27TT  6007,YES,Minor,3
30.06.2013,4:00 PM,1235.8,RHS,Rural,Maddipadu,Head on collision,Ape Auto hit  Bike,Auto,Minor injury,Fault of driver of motor vehicle/driver of other vehicle/cyclist/pedestrian/passenger,Four lanes or more with central divider,Straight road,,Fine,AP27TT  6007,YES,Non injured ,2
30.06.2013,4:00 PM,1235.8,RHS,Rural,Maddipadu,Head on collision,Ape Auto hit  Bike,Auto,Minor injury,Fault of driver of motor vehicle/driver of other vehicle/cyclist/pedestrian/passenger,Four lanes or more with central divider,Straight road,,Fine,AP27TT  6007,YES,Animals affected,0
30.06.2013,8:20 PM,1346,LHS,Rural,Dagadarthi,Collision Brush/Side Wipe, Car hit Pedestrian,Car,Minor injury,Over speed,Four lanes or more with central divider,Straight road,,Fine,AP26AC    2626,YES,Fatal,0
30.06.2013,8:20 PM,1346,LHS,Rural,Dagadarthi,Collision Brush/Side Wipe, Car hit Pedestrian,Car,Minor injury,Over speed,Four lanes or more with central divider,Straight road,,Fine,AP26AC    2626,YES,Grevious,0
30.06.2013,8:20 PM,1346,LHS,Rural,Dagadarthi,Collision Brush/Side Wipe, Car hit Pedestrian,Car,Minor injury,Over speed,Four lanes or more with central divider,Straight road,,Fine,AP26AC    2626,YES,Minor,1
30.06.2013,8:20 PM,1346,LHS,Rural,Dagadarthi,Collision Brush/Side Wipe, Car hit Pedestrian,Car,Minor injury,Over speed,Four lanes or more with central divider,Straight road,,Fine,AP26AC    2626,YES,Non injured ,2
30.06.2013,8:20 PM,1346,LHS,Rural,Dagadarthi,Collision Brush/Side Wipe, Car hit Pedestrian,Car,Minor injury,Over speed,Four lanes or more with central divider,Straight road,,Fine,AP26AC    2626,YES,Animals affected,0
01.07.2013,1:30 AM,1333.2,LHS,Rural,K.Tippa ,Rear End Collision,Lorry hit     Unknown Vehicle,Lorry,Non injury,Over speed,Four lanes or more with central divider,Straight road,,Fine,AP27W    5945,YES,Fatal,0
01.07.2013,1:30 AM,1333.2,LHS,Rural,K.Tippa ,Rear End Collision,Lorry hit     Unknown Vehicle,Lorry,Non injury,Over speed,Four lanes or more with central divider,Straight road,,Fine,AP27W    5945,YES,Grevious,0
01.07.2013,1:30 AM,1333.2,LHS,Rural,K.Tippa ,Rear End Collision,Lorry hit     Unknown Vehicle,Lorry,Non injury,Over speed,Four lanes or more with central divider,Straight road,,Fine,AP27W    5945,YES,Minor,0
01.07.2013,1:30 AM,1333.2,LHS,Rural,K.Tippa ,Rear End Collision,Lorry hit     Unknown Vehicle,Lorry,Non injury,Over speed,Four lanes or more with central divider,Straight road,,Fine,AP27W    5945,YES,Non injured ,2
01.07.2013,1:30 AM,1333.2,LHS,Rural,K.Tippa ,Rear End Collision,Lorry hit     Unknown Vehicle,Lorry,Non injury,Over speed,Four lanes or more with central divider,Straight road,,Fine,AP27W    5945,YES,Animals affected,0
02.07.2013,11:58 AM,1255.4,RHS,Rural,Tangutur,Skidding,Bike Skidding on the road,Bike,Minor injury,Over speed,Four lanes or more with central divider,Straight road,,Fine,AP27AL 4956,YES,Fatal,0
02.07.2013,11:58 AM,1255.4,RHS,Rural,Tangutur,Skidding,Bike Skidding on the road,Bike,Minor injury,Over speed,Four lanes or more with central divider,Straight road,,Fine,AP27AL 4956,YES,Grevious,0
02.07.2013,11:58 AM,1255.4,RHS,Rural,Tangutur,Skidding,Bike Skidding on the road,Bike,Minor injury,Over speed,Four lanes or more with central divider,Straight road,,Fine,AP27AL 4956,YES,Minor,1
02.07.2013,11:58 AM,1255.4,RHS,Rural,Tangutur,Skidding,Bike Skidding on the road,Bike,Minor injury,Over speed,Four lanes or more with central divider,Straight road,,Fine,AP27AL 4956,YES,Non injured ,0
02.07.2013,11:58 AM,1255.4,RHS,Rural,Tangutur,Skidding,Bike Skidding on the road,Bike,Minor injury,Over speed,Four lanes or more with central divider,Straight road,,Fine,AP27AL 4956,YES,Animals affected,0
03.07.2013,12:02 AM,1344.4,LHS,Rural,Dagadarthi,Rear End Collision,Car hit    Lorry,Car,Grievious injury,Over speed,Four lanes or more with central divider,Straight road,,Fine,AP26AG  7227,YES,Fatal,0
03.07.2013,12:02 AM,1344.4,LHS,Rural,Dagadarthi,Rear End Collision,Car hit    Lorry,Car,Grievious injury,Over speed,Four lanes or more with central divider,Straight road,,Fine,AP26AG  7227,YES,Grevious,1
03.07.2013,12:02 AM,1344.4,LHS,Rural,Dagadarthi,Rear End Collision,Car hit    Lorry,Car,Grievious injury,Over speed,Four lanes or more with central divider,Straight road,,Fine,AP26AG  7227,YES,Minor,1
03.07.2013,12:02 AM,1344.4,LHS,Rural,Dagadarthi,Rear End Collision,Car hit    Lorry,Car,Grievious injury,Over speed,Four lanes or more with central divider,Straight road,,Fine,AP26AG  7227,YES,Non injured ,0
03.07.2013,12:02 AM,1344.4,LHS,Rural,Dagadarthi,Rear End Collision,Car hit    Lorry,Car,Grievious injury,Over speed,Four lanes or more with central divider,Straight road,,Fine,AP26AG  7227,YES,Animals affected,0
03.07.2013,7:16 AM,1240,LHS,Rural,Ongole,Rear End Collision,Lorry hit     RTC Bus,Lorry,Non injury,Over speed,Four lanes or more with central divider,Slight curve,T-Junction,Fine,AP07TV     7288,YES,Fatal,0
03.07.2013,7:16 AM,1240,LHS,Rural,Ongole,Rear End Collision,Lorry hit     RTC Bus,Lorry,Non injury,Over speed,Four lanes or more with central divider,Slight curve,T-Junction,Fine,AP07TV     7288,YES,Grevious,0
03.07.2013,7:16 AM,1240,LHS,Rural,Ongole,Rear End Collision,Lorry hit     RTC Bus,Lorry,Non injury,Over speed,Four lanes or more with central divider,Slight curve,T-Junction,Fine,AP07TV     7288,YES,Minor,0
03.07.2013,7:16 AM,1240,LHS,Rural,Ongole,Rear End Collision,Lorry hit     RTC Bus,Lorry,Non injury,Over speed,Four lanes or more with central divider,Slight curve,T-Junction,Fine,AP07TV     7288,YES,Non injured ,20
03.07.2013,7:16 AM,1240,LHS,Rural,Ongole,Rear End Collision,Lorry hit     RTC Bus,Lorry,Non injury,Over speed,Four lanes or more with central divider,Slight curve,T-Junction,Fine,AP07TV     7288,YES,Animals affected,0
03.07.2013,9:30 AM,1227,RHS,Rural,Maddipadu,Rear End Collision,Mini Lorry hit   Unknown Vehicle,Lorry,Non injury,Over speed,Four lanes or more with central divider,Straight road,,Fine,AP07TV    6977,YES,Fatal,0
03.07.2013,9:30 AM,1227,RHS,Rural,Maddipadu,Rear End Collision,Mini Lorry hit   Unknown Vehicle,Lorry,Non injury,Over speed,Four lanes or more with central divider,Straight road,,Fine,AP07TV    6977,YES,Grevious,0
03.07.2013,9:30 AM,1227,RHS,Rural,Maddipadu,Rear End Collision,Mini Lorry hit   Unknown Vehicle,Lorry,Non injury,Over speed,Four lanes or more with central divider,Straight road,,Fine,AP07TV    6977,YES,Minor,0
03.07.2013,9:30 AM,1227,RHS,Rural,Maddipadu,Rear End Collision,Mini Lorry hit   Unknown Vehicle,Lorry,Non injury,Over speed,Four lanes or more with central divider,Straight road,,Fine,AP07TV    6977,YES,Non injured ,2
03.07.2013,9:30 AM,1227,RHS,Rural,Maddipadu,Rear End Collision,Mini Lorry hit   Unknown Vehicle,Lorry,Non injury,Over speed,Four lanes or more with central divider,Straight road,,Fine,AP07TV    6977,YES,Animals affected,0
03.07.2013,10:00 AM,1305.1,RHS,Rural,Gudluru,Collision Brush/Side Wipe,Unknown Vehicle hit Pedestrian,Unknown,Fatal,Over speed,Four lanes or more with central divider,Straight road,,Fine,Unknown  Vehicle,YES,Fatal,1
03.07.2013,10:00 AM,1305.1,RHS,Rural,Gudluru,Collision Brush/Side Wipe,Unknown Vehicle hit Pedestrian,Unknown,Fatal,Over speed,Four lanes or more with central divider,Straight road,,Fine,Unknown  Vehicle,YES,Grevious,0
03.07.2013,10:00 AM,1305.1,RHS,Rural,Gudluru,Collision Brush/Side Wipe,Unknown Vehicle hit Pedestrian,Unknown,Fatal,Over speed,Four lanes or more with central divider,Straight road,,Fine,Unknown  Vehicle,YES,Minor,0
03.07.2013,10:00 AM,1305.1,RHS,Rural,Gudluru,Collision Brush/Side Wipe,Unknown Vehicle hit Pedestrian,Unknown,Fatal,Over speed,Four lanes or more with central divider,Straight road,,Fine,Unknown  Vehicle,YES,Non injured ,0
03.07.2013,10:00 AM,1305.1,RHS,Rural,Gudluru,Collision Brush/Side Wipe,Unknown Vehicle hit Pedestrian,Unknown,Fatal,Over speed,Four lanes or more with central divider,Straight road,,Fine,Unknown  Vehicle,YES,Animals affected,0
03.07.2013,10:45 AM,1267,LHS,Rural,Tangutur,Overturning,Car Road Out Side Overturned,Car,Non injury,Over speed,Four lanes or more with central divider,Straight road,,Fine,AO27AQ    4236,YES,Fatal,0
03.07.2013,10:45 AM,1267,LHS,Rural,Tangutur,Overturning,Car Road Out Side Overturned,Car,Non injury,Over speed,Four lanes or more with central divider,Straight road,,Fine,AO27AQ    4236,YES,Grevious,0
03.07.2013,10:45 AM,1267,LHS,Rural,Tangutur,Overturning,Car Road Out Side Overturned,Car,Non injury,Over speed,Four lanes or more with central divider,Straight road,,Fine,AO27AQ    4236,YES,Minor,0
03.07.2013,10:45 AM,1267,LHS,Rural,Tangutur,Overturning,Car Road Out Side Overturned,Car,Non injury,Over speed,Four lanes or more with central divider,Straight road,,Fine,AO27AQ    4236,YES,Non injured ,1
03.07.2013,10:45 AM,1267,LHS,Rural,Tangutur,Overturning,Car Road Out Side Overturned,Car,Non injury,Over speed,Four lanes or more with central divider,Straight road,,Fine,AO27AQ    4236,YES,Animals affected,0
03.07.2013,6:10 PM,1226,LHS,Rural,Maddipadu,Rear End Collision,Lorry hit   Unknown Vehicle,Lorry,Non injury,Over speed,Four lanes or more with central divider,Straight road,,Fine,KA09V    3275,YES,Fatal,0
03.07.2013,6:10 PM,1226,LHS,Rural,Maddipadu,Rear End Collision,Lorry hit   Unknown Vehicle,Lorry,Non injury,Over speed,Four lanes or more with central divider,Straight road,,Fine,KA09V    3275,YES,Grevious,0
03.07.2013,6:10 PM,1226,LHS,Rural,Maddipadu,Rear End Collision,Lorry hit   Unknown Vehicle,Lorry,Non injury,Over speed,Four lanes or more with central divider,Straight road,,Fine,KA09V    3275,YES,Minor,0
03.07.2013,6:10 PM,1226,LHS,Rural,Maddipadu,Rear End Collision,Lorry hit   Unknown Vehicle,Lorry,Non injury,Over speed,Four lanes or more with central divider,Straight road,,Fine,KA09V    3275,YES,Non injured ,2
03.07.2013,6:10 PM,1226,LHS,Rural,Maddipadu,Rear End Collision,Lorry hit   Unknown Vehicle,Lorry,Non injury,Over speed,Four lanes or more with central divider,Straight road,,Fine,KA09V    3275,YES,Animals affected,0
03.07.2013,6:59 PM,1197.6,RHS,Rural,Martur,Collision Brush/Side Wipe,Car hit Bike,Car,Fatal,Over speed,Four lanes or more with central divider,Straight road,T-Junction,Fine,AP7BT   117,YES,Fatal,1
03.07.2013,6:59 PM,1197.6,RHS,Rural,Martur,Collision Brush/Side Wipe,Car hit Bike,Car,Fatal,Over speed,Four lanes or more with central divider,Straight road,T-Junction,Fine,AP7BT   117,YES,Grevious,0
03.07.2013,6:59 PM,1197.6,RHS,Rural,Martur,Collision Brush/Side Wipe,Car hit Bike,Car,Fatal,Over speed,Four lanes or more with central divider,Straight road,T-Junction,Fine,AP7BT   117,YES,Minor,0
03.07.2013,6:59 PM,1197.6,RHS,Rural,Martur,Collision Brush/Side Wipe,Car hit Bike,Car,Fatal,Over speed,Four lanes or more with central divider,Straight road,T-Junction,Fine,AP7BT   117,YES,Non injured ,1
03.07.2013,6:59 PM,1197.6,RHS,Rural,Martur,Collision Brush/Side Wipe,Car hit Bike,Car,Fatal,Over speed,Four lanes or more with central divider,Straight road,T-Junction,Fine,AP7BT   117,YES,Animals affected,0
04.07.2013,2:20 AM,1340.9,RHS,Rural,Dagadarthi,Rear End Collision,Mini Lorry hit   Lorry,Lorry,Grievious injury,Fault of driver of motor vehicle/driver of other vehicle/cyclist/pedestrian/passenger,Four lanes or more with central divider,Straight road,,Fine,AP11U    1296,YES,Fatal,0
04.07.2013,2:20 AM,1340.9,RHS,Rural,Dagadarthi,Rear End Collision,Mini Lorry hit   Lorry,Lorry,Grievious injury,Fault of driver of motor vehicle/driver of other vehicle/cyclist/pedestrian/passenger,Four lanes or more with central divider,Straight road,,Fine,AP11U    1296,YES,Grevious,1
04.07.2013,2:20 AM,1340.9,RHS,Rural,Dagadarthi,Rear End Collision,Mini Lorry hit   Lorry,Lorry,Grievious injury,Fault of driver of motor vehicle/driver of other vehicle/cyclist/pedestrian/passenger,Four lanes or more with central divider,Straight road,,Fine,AP11U    1296,YES,Minor,0
04.07.2013,2:20 AM,1340.9,RHS,Rural,Dagadarthi,Rear End Collision,Mini Lorry hit   Lorry,Lorry,Grievious injury,Fault of driver of motor vehicle/driver of other vehicle/cyclist/pedestrian/passenger,Four lanes or more with central divider,Straight road,,Fine,AP11U    1296,YES,Non injured ,3
04.07.2013,2:20 AM,1340.9,RHS,Rural,Dagadarthi,Rear End Collision,Mini Lorry hit   Lorry,Lorry,Grievious injury,Fault of driver of motor vehicle/driver of other vehicle/cyclist/pedestrian/passenger,Four lanes or more with central divider,Straight road,,Fine,AP11U    1296,YES,Animals affected,0
04.07.2013,2:26 PM,1229.5,LHS,Rural,Maddipadu,Rear End Collision, Lorry hit Car,Lorry,Non injury,Over speed,Four lanes or more with central divider,Straight road,,Fine,AP16TW 7745,YES,Fatal,0
04.07.2013,2:26 PM,1229.5,LHS,Rural,Maddipadu,Rear End Collision, Lorry hit Car,Lorry,Non injury,Over speed,Four lanes or more with central divider,Straight road,,Fine,AP16TW 7745,YES,Grevious,0
04.07.2013,2:26 PM,1229.5,LHS,Rural,Maddipadu,Rear End Collision, Lorry hit Car,Lorry,Non injury,Over speed,Four lanes or more with central divider,Straight road,,Fine,AP16TW 7745,YES,Minor,0
04.07.2013,2:26 PM,1229.5,LHS,Rural,Maddipadu,Rear End Collision, Lorry hit Car,Lorry,Non injury,Over speed,Four lanes or more with central divider,Straight road,,Fine,AP16TW 7745,YES,Non injured ,4
04.07.2013,2:26 PM,1229.5,LHS,Rural,Maddipadu,Rear End Collision, Lorry hit Car,Lorry,Non injury,Over speed,Four lanes or more with central divider,Straight road,,Fine,AP16TW 7745,YES,Animals affected,0
05.07.2013,2:30 AM,1323.5,LHS,Rural,Kavali,Collision Brush/Side Wipe, Lorry hit Safety wall,Lorry,Non injury,Fault of driver of motor vehicle/driver of other vehicle/cyclist/pedestrian/passenger,Four lanes or more with central divider,Slight curve,,Fine,AP26TA 9625,YES,Fatal,0
05.07.2013,2:30 AM,1323.5,LHS,Rural,Kavali,Collision Brush/Side Wipe, Lorry hit Safety wall,Lorry,Non injury,Fault of driver of motor vehicle/driver of other vehicle/cyclist/pedestrian/passenger,Four lanes or more with central divider,Slight curve,,Fine,AP26TA 9625,YES,Grevious,0
05.07.2013,2:30 AM,1323.5,LHS,Rural,Kavali,Collision Brush/Side Wipe, Lorry hit Safety wall,Lorry,Non injury,Fault of driver of motor vehicle/driver of other vehicle/cyclist/pedestrian/passenger,Four lanes or more with central divider,Slight curve,,Fine,AP26TA 9625,YES,Minor,0
05.07.2013,2:30 AM,1323.5,LHS,Rural,Kavali,Collision Brush/Side Wipe, Lorry hit Safety wall,Lorry,Non injury,Fault of driver of motor vehicle/driver of other vehicle/cyclist/pedestrian/passenger,Four lanes or more with central divider,Slight curve,,Fine,AP26TA 9625,YES,Non injured ,2