Operational date,Time of Accident,KM && M,Position,Rural/Urban,Location,Nature of Accident Position,Nature of Accident,Vehicle Involved,Type of Accident,Causes,Road Feature,Road condition,Intersection Type And Control,Weather Condition,Vehicle Responsible,Help Provided by Ambulance/Patroling Vehicle,Classification of Accident,No of Affected Persons
05.07.2013,2:30 AM,1323.5,LHS,Rural,Kavali,Collision Brush/Side Wipe, Lorry hit Safety wall,Lorry,Non injury,Fault of driver of motor vehicle/driver of other vehicle/cyclist/pedestrian/passenger,Four lanes or more with central divider,Slight curve,,Fine,AP26TA 9625,YES,Animals affected,0
05.07.2013,3:28 AM,1305.4,LHS,Rural,Gudluru,Collision Brush/Side Wipe, Tractor hit ROB Wall,Tractor,Non injury,Vehicle out of control,Four lanes or more with central divider,Straight road,,Fine,AP27AC 4982,YES,Fatal,0
05.07.2013,3:28 AM,1305.4,LHS,Rural,Gudluru,Collision Brush/Side Wipe, Tractor hit ROB Wall,Tractor,Non injury,Vehicle out of control,Four lanes or more with central divider,Straight road,,Fine,AP27AC 4982,YES,Grevious,0
05.07.2013,3:28 AM,1305.4,LHS,Rural,Gudluru,Collision Brush/Side Wipe, Tractor hit ROB Wall,Tractor,Non injury,Vehicle out of control,Four lanes or more with central divider,Straight road,,Fine,AP27AC 4982,YES,Minor,0
05.07.2013,3:28 AM,1305.4,LHS,Rural,Gudluru,Collision Brush/Side Wipe, Tractor hit ROB Wall,Tractor,Non injury,Vehicle out of control,Four lanes or more with central divider,Straight road,,Fine,AP27AC 4982,YES,Non injured ,1
05.07.2013,3:28 AM,1305.4,LHS,Rural,Gudluru,Collision Brush/Side Wipe, Tractor hit ROB Wall,Tractor,Non injury,Vehicle out of control,Four lanes or more with central divider,Straight road,,Fine,AP27AC 4982,YES,Animals affected,0
05.07.2013,9:00 AM,1272,LHS,Rural,Jarugumalli,Rear End Collision,School Bus hit Lorry,Bus,Grievious injury,Fault of driver of motor vehicle/driver of other vehicle/cyclist/pedestrian/passenger,Four lanes or more with central divider,Straight road,,Fine,AP27Y   8305,YES,Fatal,0
05.07.2013,9:00 AM,1272,LHS,Rural,Jarugumalli,Rear End Collision,School Bus hit Lorry,Bus,Grievious injury,Fault of driver of motor vehicle/driver of other vehicle/cyclist/pedestrian/passenger,Four lanes or more with central divider,Straight road,,Fine,AP27Y   8305,YES,Grevious,6
05.07.2013,9:00 AM,1272,LHS,Rural,Jarugumalli,Rear End Collision,School Bus hit Lorry,Bus,Grievious injury,Fault of driver of motor vehicle/driver of other vehicle/cyclist/pedestrian/passenger,Four lanes or more with central divider,Straight road,,Fine,AP27Y   8305,YES,Minor,0
05.07.2013,9:00 AM,1272,LHS,Rural,Jarugumalli,Rear End Collision,School Bus hit Lorry,Bus,Grievious injury,Fault of driver of motor vehicle/driver of other vehicle/cyclist/pedestrian/passenger,Four lanes or more with central divider,Straight road,,Fine,AP27Y   8305,YES,Non injured ,24
05.07.2013,9:00 AM,1272,LHS,Rural,Jarugumalli,Rear End Collision,School Bus hit Lorry,Bus,Grievious injury,Fault of driver of motor vehicle/driver of other vehicle/cyclist/pedestrian/passenger,Four lanes or more with central divider,Straight road,,Fine,AP27Y   8305,YES,Animals affected,0
05.07.2013,8:00 PM,1221,RHS,Rural,Medarametla,Skidding,Bike Skidding on the shoulder,Bike,Grievious injury,Druken,Four lanes or more with central divider,Straight road,,Fine,AP27 AU  T/R Bike,YES,Fatal,0
05.07.2013,8:00 PM,1221,RHS,Rural,Medarametla,Skidding,Bike Skidding on the shoulder,Bike,Grievious injury,Druken,Four lanes or more with central divider,Straight road,,Fine,AP27 AU  T/R Bike,YES,Grevious,1
05.07.2013,8:00 PM,1221,RHS,Rural,Medarametla,Skidding,Bike Skidding on the shoulder,Bike,Grievious injury,Druken,Four lanes or more with central divider,Straight road,,Fine,AP27 AU  T/R Bike,YES,Minor,1
05.07.2013,8:00 PM,1221,RHS,Rural,Medarametla,Skidding,Bike Skidding on the shoulder,Bike,Grievious injury,Druken,Four lanes or more with central divider,Straight road,,Fine,AP27 AU  T/R Bike,YES,Non injured ,0
05.07.2013,8:00 PM,1221,RHS,Rural,Medarametla,Skidding,Bike Skidding on the shoulder,Bike,Grievious injury,Druken,Four lanes or more with central divider,Straight road,,Fine,AP27 AU  T/R Bike,YES,Animals affected,0
07.07.2013,3:10 PM,1283.3,LHS,Rural,Ulavapadu,Overturning, Lorry Over Turned,Lorry,Non injury,Over speed,Four lanes or more with central divider,Straight road,,Fine,AP31W  0457,YES,Fatal,0
07.07.2013,3:10 PM,1283.3,LHS,Rural,Ulavapadu,Overturning, Lorry Over Turned,Lorry,Non injury,Over speed,Four lanes or more with central divider,Straight road,,Fine,AP31W  0457,YES,Grevious,0
07.07.2013,3:10 PM,1283.3,LHS,Rural,Ulavapadu,Overturning, Lorry Over Turned,Lorry,Non injury,Over speed,Four lanes or more with central divider,Straight road,,Fine,AP31W  0457,YES,Minor,0
07.07.2013,3:10 PM,1283.3,LHS,Rural,Ulavapadu,Overturning, Lorry Over Turned,Lorry,Non injury,Over speed,Four lanes or more with central divider,Straight road,,Fine,AP31W  0457,YES,Non injured ,2
07.07.2013,3:10 PM,1283.3,LHS,Rural,Ulavapadu,Overturning, Lorry Over Turned,Lorry,Non injury,Over speed,Four lanes or more with central divider,Straight road,,Fine,AP31W  0457,YES,Animals affected,0
07.07.2013,5:35 PM,1293.9,RHS,Rural,Ulavapadu,Overturning, Lorry Over Turned,Lorry,Non injury,Vehicle out of control,Four lanes or more with central divider,Straight road,,Heavy rain,HR55D  4879,YES,Fatal,0
07.07.2013,5:35 PM,1293.9,RHS,Rural,Ulavapadu,Overturning, Lorry Over Turned,Lorry,Non injury,Vehicle out of control,Four lanes or more with central divider,Straight road,,Heavy rain,HR55D  4879,YES,Grevious,0
07.07.2013,5:35 PM,1293.9,RHS,Rural,Ulavapadu,Overturning, Lorry Over Turned,Lorry,Non injury,Vehicle out of control,Four lanes or more with central divider,Straight road,,Heavy rain,HR55D  4879,YES,Minor,0
07.07.2013,5:35 PM,1293.9,RHS,Rural,Ulavapadu,Overturning, Lorry Over Turned,Lorry,Non injury,Vehicle out of control,Four lanes or more with central divider,Straight road,,Heavy rain,HR55D  4879,YES,Non injured ,2
07.07.2013,5:35 PM,1293.9,RHS,Rural,Ulavapadu,Overturning, Lorry Over Turned,Lorry,Non injury,Vehicle out of control,Four lanes or more with central divider,Straight road,,Heavy rain,HR55D  4879,YES,Animals affected,0
07.07.2013,7:54 PM,1353.9,RHS,Rural,Kodavaluru,Others(p1.Specific), Collision in Junction,Collision,Grievious injury,Over speed,Three lanes or more without central divider(median),Straight road,T-Junction,Fine,Unknown  Vehicle,YES,Fatal,0
07.07.2013,7:54 PM,1353.9,RHS,Rural,Kodavaluru,Others(p1.Specific), Collision in Junction,Collision,Grievious injury,Over speed,Three lanes or more without central divider(median),Straight road,T-Junction,Fine,Unknown  Vehicle,YES,Grevious,1
07.07.2013,7:54 PM,1353.9,RHS,Rural,Kodavaluru,Others(p1.Specific), Collision in Junction,Collision,Grievious injury,Over speed,Three lanes or more without central divider(median),Straight road,T-Junction,Fine,Unknown  Vehicle,YES,Minor,0
07.07.2013,7:54 PM,1353.9,RHS,Rural,Kodavaluru,Others(p1.Specific), Collision in Junction,Collision,Grievious injury,Over speed,Three lanes or more without central divider(median),Straight road,T-Junction,Fine,Unknown  Vehicle,YES,Non injured ,0
07.07.2013,7:54 PM,1353.9,RHS,Rural,Kodavaluru,Others(p1.Specific), Collision in Junction,Collision,Grievious injury,Over speed,Three lanes or more without central divider(median),Straight road,T-Junction,Fine,Unknown  Vehicle,YES,Animals affected,0
08.07.2013,3:00 AM,1324.2,LHS,Rural,Kavali,Overturning, Lorry Over Turned,Lorry,Non injury,Fault of driver of motor vehicle/driver of other vehicle/cyclist/pedestrian/passenger,Four lanes or more with central divider,Straight road,,Fine,AP16TC  1411,YES,Fatal,0
08.07.2013,3:00 AM,1324.2,LHS,Rural,Kavali,Overturning, Lorry Over Turned,Lorry,Non injury,Fault of driver of motor vehicle/driver of other vehicle/cyclist/pedestrian/passenger,Four lanes or more with central divider,Straight road,,Fine,AP16TC  1411,YES,Grevious,0
08.07.2013,3:00 AM,1324.2,LHS,Rural,Kavali,Overturning, Lorry Over Turned,Lorry,Non injury,Fault of driver of motor vehicle/driver of other vehicle/cyclist/pedestrian/passenger,Four lanes or more with central divider,Straight road,,Fine,AP16TC  1411,YES,Minor,0
08.07.2013,3:00 AM,1324.2,LHS,Rural,Kavali,Overturning, Lorry Over Turned,Lorry,Non injury,Fault of driver of motor vehicle/driver of other vehicle/cyclist/pedestrian/passenger,Four lanes or more with central divider,Straight road,,Fine,AP16TC  1411,YES,Non injured ,2
08.07.2013,3:00 AM,1324.2,LHS,Rural,Kavali,Overturning, Lorry Over Turned,Lorry,Non injury,Fault of driver of motor vehicle/driver of other vehicle/cyclist/pedestrian/passenger,Four lanes or more with central divider,Straight road,,Fine,AP16TC  1411,YES,Animals affected,0
08.07.2013,4:30 AM,1226.9,LHS,Rural,Maddipadu,Collision Brush/Side Wipe, Lorry hit Bridge wall,Lorry,Non injury,Fault of driver of motor vehicle/driver of other vehicle/cyclist/pedestrian/passenger,Four lanes or more with central divider,Straight road,,Fine,AP16TX  9990,YES,Fatal,0
08.07.2013,4:30 AM,1226.9,LHS,Rural,Maddipadu,Collision Brush/Side Wipe, Lorry hit Bridge wall,Lorry,Non injury,Fault of driver of motor vehicle/driver of other vehicle/cyclist/pedestrian/passenger,Four lanes or more with central divider,Straight road,,Fine,AP16TX  9990,YES,Grevious,0
08.07.2013,4:30 AM,1226.9,LHS,Rural,Maddipadu,Collision Brush/Side Wipe, Lorry hit Bridge wall,Lorry,Non injury,Fault of driver of motor vehicle/driver of other vehicle/cyclist/pedestrian/passenger,Four lanes or more with central divider,Straight road,,Fine,AP16TX  9990,YES,Minor,0
08.07.2013,4:30 AM,1226.9,LHS,Rural,Maddipadu,Collision Brush/Side Wipe, Lorry hit Bridge wall,Lorry,Non injury,Fault of driver of motor vehicle/driver of other vehicle/cyclist/pedestrian/passenger,Four lanes or more with central divider,Straight road,,Fine,AP16TX  9990,YES,Non injured ,2
08.07.2013,4:30 AM,1226.9,LHS,Rural,Maddipadu,Collision Brush/Side Wipe, Lorry hit Bridge wall,Lorry,Non injury,Fault of driver of motor vehicle/driver of other vehicle/cyclist/pedestrian/passenger,Four lanes or more with central divider,Straight road,,Fine,AP16TX  9990,YES,Animals affected,0
09.07.2013,9:40 AM,1331.2,RHS,Rural,K.Tippa ,Rear End Collision,Trolley hit      Unknown Vehicle,Trolley,Non injury,Fault of driver of motor vehicle/driver of other vehicle/cyclist/pedestrian/passenger,Four lanes or more with central divider,Straight road,,Fine,NL01G   6611,YES,Fatal,0
09.07.2013,9:40 AM,1331.2,RHS,Rural,K.Tippa ,Rear End Collision,Trolley hit      Unknown Vehicle,Trolley,Non injury,Fault of driver of motor vehicle/driver of other vehicle/cyclist/pedestrian/passenger,Four lanes or more with central divider,Straight road,,Fine,NL01G   6611,YES,Grevious,0
09.07.2013,9:40 AM,1331.2,RHS,Rural,K.Tippa ,Rear End Collision,Trolley hit      Unknown Vehicle,Trolley,Non injury,Fault of driver of motor vehicle/driver of other vehicle/cyclist/pedestrian/passenger,Four lanes or more with central divider,Straight road,,Fine,NL01G   6611,YES,Minor,0
09.07.2013,9:40 AM,1331.2,RHS,Rural,K.Tippa ,Rear End Collision,Trolley hit      Unknown Vehicle,Trolley,Non injury,Fault of driver of motor vehicle/driver of other vehicle/cyclist/pedestrian/passenger,Four lanes or more with central divider,Straight road,,Fine,NL01G   6611,YES,Non injured ,2
09.07.2013,9:40 AM,1331.2,RHS,Rural,K.Tippa ,Rear End Collision,Trolley hit      Unknown Vehicle,Trolley,Non injury,Fault of driver of motor vehicle/driver of other vehicle/cyclist/pedestrian/passenger,Four lanes or more with central divider,Straight road,,Fine,NL01G   6611,YES,Animals affected,0
09.07.2013,11:00 PM,1202.6,RHS,Rural,Reningavaram,Skidding,Bike                 Skidding,Bike,Grievious injury,Over speed,Four lanes or more with central divider,Straight road,,Fine,AP26AB    1443,YES,Fatal,0
09.07.2013,11:00 PM,1202.6,RHS,Rural,Reningavaram,Skidding,Bike                 Skidding,Bike,Grievious injury,Over speed,Four lanes or more with central divider,Straight road,,Fine,AP26AB    1443,YES,Grevious,1
09.07.2013,11:00 PM,1202.6,RHS,Rural,Reningavaram,Skidding,Bike                 Skidding,Bike,Grievious injury,Over speed,Four lanes or more with central divider,Straight road,,Fine,AP26AB    1443,YES,Minor,0
09.07.2013,11:00 PM,1202.6,RHS,Rural,Reningavaram,Skidding,Bike                 Skidding,Bike,Grievious injury,Over speed,Four lanes or more with central divider,Straight road,,Fine,AP26AB    1443,YES,Non injured ,0
09.07.2013,11:00 PM,1202.6,RHS,Rural,Reningavaram,Skidding,Bike                 Skidding,Bike,Grievious injury,Over speed,Four lanes or more with central divider,Straight road,,Fine,AP26AB    1443,YES,Animals affected,0
10.07.2013,5:00 AM,1281.4,RHS,Rural,Singarayakonda,Overturning,Lorry           Overturned,Lorry,Non injury,Over speed,Four lanes or more with central divider,Straight road,,Fine,AP27X     2885,YES,Fatal,0
10.07.2013,5:00 AM,1281.4,RHS,Rural,Singarayakonda,Overturning,Lorry           Overturned,Lorry,Non injury,Over speed,Four lanes or more with central divider,Straight road,,Fine,AP27X     2885,YES,Grevious,0
10.07.2013,5:00 AM,1281.4,RHS,Rural,Singarayakonda,Overturning,Lorry           Overturned,Lorry,Non injury,Over speed,Four lanes or more with central divider,Straight road,,Fine,AP27X     2885,YES,Minor,0
10.07.2013,5:00 AM,1281.4,RHS,Rural,Singarayakonda,Overturning,Lorry           Overturned,Lorry,Non injury,Over speed,Four lanes or more with central divider,Straight road,,Fine,AP27X     2885,YES,Non injured ,2
10.07.2013,5:00 AM,1281.4,RHS,Rural,Singarayakonda,Overturning,Lorry           Overturned,Lorry,Non injury,Over speed,Four lanes or more with central divider,Straight road,,Fine,AP27X     2885,YES,Animals affected,0
10.07.2013,1:20 PM,1261.8,LHS,Rural,Tangutur,Collision Brush/Side Wipe,Unknown Vehicle hit Pedestrian,Unknown,Grievious injury,Over speed,Four lanes or more with central divider,Straight road,,Light rain,Unknown  Vehicle,YES,Fatal,0
10.07.2013,1:20 PM,1261.8,LHS,Rural,Tangutur,Collision Brush/Side Wipe,Unknown Vehicle hit Pedestrian,Unknown,Grievious injury,Over speed,Four lanes or more with central divider,Straight road,,Light rain,Unknown  Vehicle,YES,Grevious,1
10.07.2013,1:20 PM,1261.8,LHS,Rural,Tangutur,Collision Brush/Side Wipe,Unknown Vehicle hit Pedestrian,Unknown,Grievious injury,Over speed,Four lanes or more with central divider,Straight road,,Light rain,Unknown  Vehicle,YES,Minor,0
10.07.2013,1:20 PM,1261.8,LHS,Rural,Tangutur,Collision Brush/Side Wipe,Unknown Vehicle hit Pedestrian,Unknown,Grievious injury,Over speed,Four lanes or more with central divider,Straight road,,Light rain,Unknown  Vehicle,YES,Non injured ,0
10.07.2013,1:20 PM,1261.8,LHS,Rural,Tangutur,Collision Brush/Side Wipe,Unknown Vehicle hit Pedestrian,Unknown,Grievious injury,Over speed,Four lanes or more with central divider,Straight road,,Light rain,Unknown  Vehicle,YES,Animals affected,0
10.07.2013,6:17 PM,1196.6,RHS,Rural,Martur,Overturning,Ape Auto     Overturned,Auto,Grievious injury,Over speed,Four lanes or more with central divider,Straight road,,Light rain,AP27TT     9365,YES,Fatal,0
10.07.2013,6:17 PM,1196.6,RHS,Rural,Martur,Overturning,Ape Auto     Overturned,Auto,Grievious injury,Over speed,Four lanes or more with central divider,Straight road,,Light rain,AP27TT     9365,YES,Grevious,4
10.07.2013,6:17 PM,1196.6,RHS,Rural,Martur,Overturning,Ape Auto     Overturned,Auto,Grievious injury,Over speed,Four lanes or more with central divider,Straight road,,Light rain,AP27TT     9365,YES,Minor,6
10.07.2013,6:17 PM,1196.6,RHS,Rural,Martur,Overturning,Ape Auto     Overturned,Auto,Grievious injury,Over speed,Four lanes or more with central divider,Straight road,,Light rain,AP27TT     9365,YES,Non injured ,0
10.07.2013,6:17 PM,1196.6,RHS,Rural,Martur,Overturning,Ape Auto     Overturned,Auto,Grievious injury,Over speed,Four lanes or more with central divider,Straight road,,Light rain,AP27TT     9365,YES,Animals affected,0
11.07.2013,8:35 AM,1274.3,RHS,Rural,Singarayakonda,Overturning,DcmVehicle    Overturned,Lorry,Minor injury,Over speed,Four lanes or more with central divider,Straight road,,Light rain,AP27TU    3530,YES,Fatal,0
11.07.2013,8:35 AM,1274.3,RHS,Rural,Singarayakonda,Overturning,DcmVehicle    Overturned,Lorry,Minor injury,Over speed,Four lanes or more with central divider,Straight road,,Light rain,AP27TU    3530,YES,Grevious,0
11.07.2013,8:35 AM,1274.3,RHS,Rural,Singarayakonda,Overturning,DcmVehicle    Overturned,Lorry,Minor injury,Over speed,Four lanes or more with central divider,Straight road,,Light rain,AP27TU    3530,YES,Minor,1
11.07.2013,8:35 AM,1274.3,RHS,Rural,Singarayakonda,Overturning,DcmVehicle    Overturned,Lorry,Minor injury,Over speed,Four lanes or more with central divider,Straight road,,Light rain,AP27TU    3530,YES,Non injured ,0
11.07.2013,8:35 AM,1274.3,RHS,Rural,Singarayakonda,Overturning,DcmVehicle    Overturned,Lorry,Minor injury,Over speed,Four lanes or more with central divider,Straight road,,Light rain,AP27TU    3530,YES,Animals affected,0
11.07.2013,9:00 AM,1280.1,LHS,Rural,Singarayakonda,Collision Brush/Side Wipe, Lorry hit PUP Bridge wall,Lorry,Minor injury,Over speed,Four lanes or more with central divider,Slight curve,,Light rain,AP07TU    9873,YES,Fatal,0
11.07.2013,9:00 AM,1280.1,LHS,Rural,Singarayakonda,Collision Brush/Side Wipe, Lorry hit PUP Bridge wall,Lorry,Minor injury,Over speed,Four lanes or more with central divider,Slight curve,,Light rain,AP07TU    9873,YES,Grevious,0
11.07.2013,9:00 AM,1280.1,LHS,Rural,Singarayakonda,Collision Brush/Side Wipe, Lorry hit PUP Bridge wall,Lorry,Minor injury,Over speed,Four lanes or more with central divider,Slight curve,,Light rain,AP07TU    9873,YES,Minor,1
11.07.2013,9:00 AM,1280.1,LHS,Rural,Singarayakonda,Collision Brush/Side Wipe, Lorry hit PUP Bridge wall,Lorry,Minor injury,Over speed,Four lanes or more with central divider,Slight curve,,Light rain,AP07TU    9873,YES,Non injured ,0
11.07.2013,9:00 AM,1280.1,LHS,Rural,Singarayakonda,Collision Brush/Side Wipe, Lorry hit PUP Bridge wall,Lorry,Minor injury,Over speed,Four lanes or more with central divider,Slight curve,,Light rain,AP07TU    9873,YES,Animals affected,0
11.07.2013,9:20 AM,1303,LHS,Rural,Gudluru,Rear End Collision,Private Bus hit GasTanker ,Bus,Non injury,Over speed,Four lanes or more with central divider,Straight road,,Light rain,AP16TD   2977,YES,Fatal,0
11.07.2013,9:20 AM,1303,LHS,Rural,Gudluru,Rear End Collision,Private Bus hit GasTanker ,Bus,Non injury,Over speed,Four lanes or more with central divider,Straight road,,Light rain,AP16TD   2977,YES,Grevious,0
11.07.2013,9:20 AM,1303,LHS,Rural,Gudluru,Rear End Collision,Private Bus hit GasTanker ,Bus,Non injury,Over speed,Four lanes or more with central divider,Straight road,,Light rain,AP16TD   2977,YES,Minor,0
11.07.2013,9:20 AM,1303,LHS,Rural,Gudluru,Rear End Collision,Private Bus hit GasTanker ,Bus,Non injury,Over speed,Four lanes or more with central divider,Straight road,,Light rain,AP16TD   2977,YES,Non injured ,12
11.07.2013,9:20 AM,1303,LHS,Rural,Gudluru,Rear End Collision,Private Bus hit GasTanker ,Bus,Non injury,Over speed,Four lanes or more with central divider,Straight road,,Light rain,AP16TD   2977,YES,Animals affected,0
11.07.2013,9:40 AM,1321.4,LHS,Rural,Kavali,Skidding, Lorry Road Side Skid,Lorry,Non injury,Over speed,Four lanes or more with central divider,Straight road,,Light rain,AP24TA 5289,YES,Fatal,0
11.07.2013,9:40 AM,1321.4,LHS,Rural,Kavali,Skidding, Lorry Road Side Skid,Lorry,Non injury,Over speed,Four lanes or more with central divider,Straight road,,Light rain,AP24TA 5289,YES,Grevious,0
11.07.2013,9:40 AM,1321.4,LHS,Rural,Kavali,Skidding, Lorry Road Side Skid,Lorry,Non injury,Over speed,Four lanes or more with central divider,Straight road,,Light rain,AP24TA 5289,YES,Minor,0
11.07.2013,9:40 AM,1321.4,LHS,Rural,Kavali,Skidding, Lorry Road Side Skid,Lorry,Non injury,Over speed,Four lanes or more with central divider,Straight road,,Light rain,AP24TA 5289,YES,Non injured ,2
11.07.2013,9:40 AM,1321.4,LHS,Rural,Kavali,Skidding, Lorry Road Side Skid,Lorry,Non injury,Over speed,Four lanes or more with central divider,Straight road,,Light rain,AP24TA 5289,YES,Animals affected,0
12.07.2013,12:30 AM,1327.4,RHS,Rural,Kavali,Rear End Collision,Lorry hit Unknown Vehicle     ,Lorry,Grievious injury,Over speed,Four lanes or more with central divider,Straight road,,Light rain,AP26TT         9681,YES,Fatal,0
12.07.2013,12:30 AM,1327.4,RHS,Rural,Kavali,Rear End Collision,Lorry hit Unknown Vehicle     ,Lorry,Grievious injury,Over speed,Four lanes or more with central divider,Straight road,,Light rain,AP26TT         9681,YES,Grevious,1
12.07.2013,12:30 AM,1327.4,RHS,Rural,Kavali,Rear End Collision,Lorry hit Unknown Vehicle     ,Lorry,Grievious injury,Over speed,Four lanes or more with central divider,Straight road,,Light rain,AP26TT         9681,YES,Minor,0
12.07.2013,12:30 AM,1327.4,RHS,Rural,Kavali,Rear End Collision,Lorry hit Unknown Vehicle     ,Lorry,Grievious injury,Over speed,Four lanes or more with central divider,Straight road,,Light rain,AP26TT         9681,YES,Non injured ,1
12.07.2013,12:30 AM,1327.4,RHS,Rural,Kavali,Rear End Collision,Lorry hit Unknown Vehicle     ,Lorry,Grievious injury,Over speed,Four lanes or more with central divider,Straight road,,Light rain,AP26TT         9681,YES,Animals affected,0
12.07.2013,10:20 AM,1259,LHS,Rural,Tangutur,Collision Brush/Side Wipe,Tempo Van hit Tractor,Van,Non injury,Over speed,Four lanes or more with central divider,Straight road,,Fine,KA04D    9396,YES,Fatal,0
12.07.2013,10:20 AM,1259,LHS,Rural,Tangutur,Collision Brush/Side Wipe,Tempo Van hit Tractor,Van,Non injury,Over speed,Four lanes or more with central divider,Straight road,,Fine,KA04D    9396,YES,Grevious,0
12.07.2013,10:20 AM,1259,LHS,Rural,Tangutur,Collision Brush/Side Wipe,Tempo Van hit Tractor,Van,Non injury,Over speed,Four lanes or more with central divider,Straight road,,Fine,KA04D    9396,YES,Minor,0
12.07.2013,10:20 AM,1259,LHS,Rural,Tangutur,Collision Brush/Side Wipe,Tempo Van hit Tractor,Van,Non injury,Over speed,Four lanes or more with central divider,Straight road,,Fine,KA04D    9396,YES,Non injured ,4
12.07.2013,10:20 AM,1259,LHS,Rural,Tangutur,Collision Brush/Side Wipe,Tempo Van hit Tractor,Van,Non injury,Over speed,Four lanes or more with central divider,Straight road,,Fine,KA04D    9396,YES,Animals affected,0
12.07.2013,12:20 PM,1259.7,LHS,Rural,Tangutur,Others(p1.Specific),RTC Bus Fall down in Shoulder,Bus,Non injury,Vehicle out of control,Four lanes or more with central divider,Straight road,,Light rain,AP29Z      2200,YES,Fatal,0
12.07.2013,12:20 PM,1259.7,LHS,Rural,Tangutur,Others(p1.Specific),RTC Bus Fall down in Shoulder,Bus,Non injury,Vehicle out of control,Four lanes or more with central divider,Straight road,,Light rain,AP29Z      2200,YES,Grevious,0
12.07.2013,12:20 PM,1259.7,LHS,Rural,Tangutur,Others(p1.Specific),RTC Bus Fall down in Shoulder,Bus,Non injury,Vehicle out of control,Four lanes or more with central divider,Straight road,,Light rain,AP29Z      2200,YES,Minor,0
12.07.2013,12:20 PM,1259.7,LHS,Rural,Tangutur,Others(p1.Specific),RTC Bus Fall down in Shoulder,Bus,Non injury,Vehicle out of control,Four lanes or more with central divider,Straight road,,Light rain,AP29Z      2200,YES,Non injured ,19
12.07.2013,12:20 PM,1259.7,LHS,Rural,Tangutur,Others(p1.Specific),RTC Bus Fall down in Shoulder,Bus,Non injury,Vehicle out of control,Four lanes or more with central divider,Straight road,,Light rain,AP29Z      2200,YES,Animals affected,0
12.07.2013,12:36 PM,1261.3,LHS,Rural,Tangutur,Collision Brush/Side Wipe,Car hit Median,Car,Non injury,Vehicle out of control,Four lanes or more with central divider,Straight road,,Light rain,AP16TW   2226,YES,Fatal,0
12.07.2013,12:36 PM,1261.3,LHS,Rural,Tangutur,Collision Brush/Side Wipe,Car hit Median,Car,Non injury,Vehicle out of control,Four lanes or more with central divider,Straight road,,Light rain,AP16TW   2226,YES,Grevious,0
12.07.2013,12:36 PM,1261.3,LHS,Rural,Tangutur,Collision Brush/Side Wipe,Car hit Median,Car,Non injury,Vehicle out of control,Four lanes or more with central divider,Straight road,,Light rain,AP16TW   2226,YES,Minor,0
12.07.2013,12:36 PM,1261.3,LHS,Rural,Tangutur,Collision Brush/Side Wipe,Car hit Median,Car,Non injury,Vehicle out of control,Four lanes or more with central divider,Straight road,,Light rain,AP16TW   2226,YES,Non injured ,4
12.07.2013,12:36 PM,1261.3,LHS,Rural,Tangutur,Collision Brush/Side Wipe,Car hit Median,Car,Non injury,Vehicle out of control,Four lanes or more with central divider,Straight road,,Light rain,AP16TW   2226,YES,Animals affected,0
12.07.2013,4:48 PM,1276,RHS,Rural,Singarayakonda,Rear End Collision,Car hit   Lorry,Car,Fatal,Over speed,Four lanes or more with central divider,Straight road,,Cloudy,AP28CJ    0387,YES,Fatal,2
12.07.2013,4:48 PM,1276,RHS,Rural,Singarayakonda,Rear End Collision,Car hit   Lorry,Car,Fatal,Over speed,Four lanes or more with central divider,Straight road,,Cloudy,AP28CJ    0387,YES,Grevious,1
12.07.2013,4:48 PM,1276,RHS,Rural,Singarayakonda,Rear End Collision,Car hit   Lorry,Car,Fatal,Over speed,Four lanes or more with central divider,Straight road,,Cloudy,AP28CJ    0387,YES,Minor,1
12.07.2013,4:48 PM,1276,RHS,Rural,Singarayakonda,Rear End Collision,Car hit   Lorry,Car,Fatal,Over speed,Four lanes or more with central divider,Straight road,,Cloudy,AP28CJ    0387,YES,Non injured ,0
12.07.2013,4:48 PM,1276,RHS,Rural,Singarayakonda,Rear End Collision,Car hit   Lorry,Car,Fatal,Over speed,Four lanes or more with central divider,Straight road,,Cloudy,AP28CJ    0387,YES,Animals affected,0
13.07.2013,12:21 AM,1321.4,LHS,Rural,Kavali,Overturning,Car Overturned,Car,Non injury,Over speed,Four lanes or more with central divider,Straight road,,Fine,AP27TU    5909,YES,Fatal,0
13.07.2013,12:21 AM,1321.4,LHS,Rural,Kavali,Overturning,Car Overturned,Car,Non injury,Over speed,Four lanes or more with central divider,Straight road,,Fine,AP27TU    5909,YES,Grevious,0
13.07.2013,12:21 AM,1321.4,LHS,Rural,Kavali,Overturning,Car Overturned,Car,Non injury,Over speed,Four lanes or more with central divider,Straight road,,Fine,AP27TU    5909,YES,Minor,0
13.07.2013,12:21 AM,1321.4,LHS,Rural,Kavali,Overturning,Car Overturned,Car,Non injury,Over speed,Four lanes or more with central divider,Straight road,,Fine,AP27TU    5909,YES,Non injured ,5