Operational date,Time of Accident,KM && M,Position,Rural/Urban,Location,Nature of Accident Position,Nature of Accident,Vehicle Involved,Type of Accident,Causes,Road Feature,Road condition,Intersection Type And Control,Weather Condition,Vehicle Responsible,Help Provided by Ambulance/Patroling Vehicle,Classification of Accident,No of Affected Persons
13.07.2013,12:21 AM,1321.4,LHS,Rural,Kavali,Overturning,Car Overturned,Car,Non injury,Over speed,Four lanes or more with central divider,Straight road,,Fine,AP27TU    5909,YES,Animals affected,0
13.07.2013,11:20 AM,1205.1,RHS,Rural,Reningavaram,Collision Brush/Side Wipe, Lorry hit Safety wall,Lorry,Non injury,Over speed,Four lanes or more with central divider,Straight road,,Fine,AP07TW  0090,YES,Fatal,0
13.07.2013,11:20 AM,1205.1,RHS,Rural,Reningavaram,Collision Brush/Side Wipe, Lorry hit Safety wall,Lorry,Non injury,Over speed,Four lanes or more with central divider,Straight road,,Fine,AP07TW  0090,YES,Grevious,0
13.07.2013,11:20 AM,1205.1,RHS,Rural,Reningavaram,Collision Brush/Side Wipe, Lorry hit Safety wall,Lorry,Non injury,Over speed,Four lanes or more with central divider,Straight road,,Fine,AP07TW  0090,YES,Minor,0
13.07.2013,11:20 AM,1205.1,RHS,Rural,Reningavaram,Collision Brush/Side Wipe, Lorry hit Safety wall,Lorry,Non injury,Over speed,Four lanes or more with central divider,Straight road,,Fine,AP07TW  0090,YES,Non injured ,2
13.07.2013,11:20 AM,1205.1,RHS,Rural,Reningavaram,Collision Brush/Side Wipe, Lorry hit Safety wall,Lorry,Non injury,Over speed,Four lanes or more with central divider,Straight road,,Fine,AP07TW  0090,YES,Animals affected,0
14.07.2013,9:07 AM,1351.3,RHS,Rural,Kodavaluru,Collision Brush/Side Wipe,Unknown Vehicle hit   Bike,Unknown,Fatal,Over speed,Four lanes or more with central divider,Straight road,,Fine,Unknown  Vehicle,YES,Fatal,1
14.07.2013,9:07 AM,1351.3,RHS,Rural,Kodavaluru,Collision Brush/Side Wipe,Unknown Vehicle hit   Bike,Unknown,Fatal,Over speed,Four lanes or more with central divider,Straight road,,Fine,Unknown  Vehicle,YES,Grevious,0
14.07.2013,9:07 AM,1351.3,RHS,Rural,Kodavaluru,Collision Brush/Side Wipe,Unknown Vehicle hit   Bike,Unknown,Fatal,Over speed,Four lanes or more with central divider,Straight road,,Fine,Unknown  Vehicle,YES,Minor,0
14.07.2013,9:07 AM,1351.3,RHS,Rural,Kodavaluru,Collision Brush/Side Wipe,Unknown Vehicle hit   Bike,Unknown,Fatal,Over speed,Four lanes or more with central divider,Straight road,,Fine,Unknown  Vehicle,YES,Non injured ,0
14.07.2013,9:07 AM,1351.3,RHS,Rural,Kodavaluru,Collision Brush/Side Wipe,Unknown Vehicle hit   Bike,Unknown,Fatal,Over speed,Four lanes or more with central divider,Straight road,,Fine,Unknown  Vehicle,YES,Animals affected,0
15.07.2013,12:10 AM,1350.7,RHS,Rural,Kovuru,Collision Brush/Side Wipe,Lorry hit C.C.Barrier,Lorry,Non injury,Over speed,Four lanes or more with central divider,Straight road,,Fine,AP07Y      4154,YES,Fatal,0
15.07.2013,12:10 AM,1350.7,RHS,Rural,Kovuru,Collision Brush/Side Wipe,Lorry hit C.C.Barrier,Lorry,Non injury,Over speed,Four lanes or more with central divider,Straight road,,Fine,AP07Y      4154,YES,Grevious,0
15.07.2013,12:10 AM,1350.7,RHS,Rural,Kovuru,Collision Brush/Side Wipe,Lorry hit C.C.Barrier,Lorry,Non injury,Over speed,Four lanes or more with central divider,Straight road,,Fine,AP07Y      4154,YES,Minor,0
15.07.2013,12:10 AM,1350.7,RHS,Rural,Kovuru,Collision Brush/Side Wipe,Lorry hit C.C.Barrier,Lorry,Non injury,Over speed,Four lanes or more with central divider,Straight road,,Fine,AP07Y      4154,YES,Non injured ,2
15.07.2013,12:10 AM,1350.7,RHS,Rural,Kovuru,Collision Brush/Side Wipe,Lorry hit C.C.Barrier,Lorry,Non injury,Over speed,Four lanes or more with central divider,Straight road,,Fine,AP07Y      4154,YES,Animals affected,0
15.07.2013,2:34 AM,1202,LHS,Rural,Reningavaram,Rear End Collision,Bus hit Lorry,Bus,Grievious injury,Over speed,Four lanes or more with central divider,Straight road,,Fine,APO7TB   4555,YES,Fatal,0
15.07.2013,2:34 AM,1202,LHS,Rural,Reningavaram,Rear End Collision,Bus hit Lorry,Bus,Grievious injury,Over speed,Four lanes or more with central divider,Straight road,,Fine,APO7TB   4555,YES,Grevious,1
15.07.2013,2:34 AM,1202,LHS,Rural,Reningavaram,Rear End Collision,Bus hit Lorry,Bus,Grievious injury,Over speed,Four lanes or more with central divider,Straight road,,Fine,APO7TB   4555,YES,Minor,0
15.07.2013,2:34 AM,1202,LHS,Rural,Reningavaram,Rear End Collision,Bus hit Lorry,Bus,Grievious injury,Over speed,Four lanes or more with central divider,Straight road,,Fine,APO7TB   4555,YES,Non injured ,41
15.07.2013,2:34 AM,1202,LHS,Rural,Reningavaram,Rear End Collision,Bus hit Lorry,Bus,Grievious injury,Over speed,Four lanes or more with central divider,Straight road,,Fine,APO7TB   4555,YES,Animals affected,0
15.07.2013,2:50 PM,1329,RHS,Rural,Kavali,Collision Brush/Side Wipe,Car hit   Mini Lorry,Car,Non injury,Vehicle out of control,Four lanes or more with central divider,Slight curve,,Fine,AP35L    0255,YES,Fatal,0
15.07.2013,2:50 PM,1329,RHS,Rural,Kavali,Collision Brush/Side Wipe,Car hit   Mini Lorry,Car,Non injury,Vehicle out of control,Four lanes or more with central divider,Slight curve,,Fine,AP35L    0255,YES,Grevious,0
15.07.2013,2:50 PM,1329,RHS,Rural,Kavali,Collision Brush/Side Wipe,Car hit   Mini Lorry,Car,Non injury,Vehicle out of control,Four lanes or more with central divider,Slight curve,,Fine,AP35L    0255,YES,Minor,0
15.07.2013,2:50 PM,1329,RHS,Rural,Kavali,Collision Brush/Side Wipe,Car hit   Mini Lorry,Car,Non injury,Vehicle out of control,Four lanes or more with central divider,Slight curve,,Fine,AP35L    0255,YES,Non injured ,4
15.07.2013,2:50 PM,1329,RHS,Rural,Kavali,Collision Brush/Side Wipe,Car hit   Mini Lorry,Car,Non injury,Vehicle out of control,Four lanes or more with central divider,Slight curve,,Fine,AP35L    0255,YES,Animals affected,0
16.07.2013,5:50 AM,1298.1,RHS,Rural,Gudluru,Rear End Collision,Lorry hit Unknown Vehicle     ,Lorry,Minor injury,Over speed,Four lanes or more with central divider,Straight road,,Fine,MP07HV     3853,YES,Fatal,0
16.07.2013,5:50 AM,1298.1,RHS,Rural,Gudluru,Rear End Collision,Lorry hit Unknown Vehicle     ,Lorry,Minor injury,Over speed,Four lanes or more with central divider,Straight road,,Fine,MP07HV     3853,YES,Grevious,0
16.07.2013,5:50 AM,1298.1,RHS,Rural,Gudluru,Rear End Collision,Lorry hit Unknown Vehicle     ,Lorry,Minor injury,Over speed,Four lanes or more with central divider,Straight road,,Fine,MP07HV     3853,YES,Minor,1
16.07.2013,5:50 AM,1298.1,RHS,Rural,Gudluru,Rear End Collision,Lorry hit Unknown Vehicle     ,Lorry,Minor injury,Over speed,Four lanes or more with central divider,Straight road,,Fine,MP07HV     3853,YES,Non injured ,1
16.07.2013,5:50 AM,1298.1,RHS,Rural,Gudluru,Rear End Collision,Lorry hit Unknown Vehicle     ,Lorry,Minor injury,Over speed,Four lanes or more with central divider,Straight road,,Fine,MP07HV     3853,YES,Animals affected,0
16.07.2013,6:15 AM,1340,LHS,Rural,Dagadarthi,Collision Brush/Side Wipe, Lorry hit Safety wall,Lorry,Non injury,Over speed,Four lanes or more with central divider,Straight road,,Fine,AP16TX   4057,YES,Fatal,0
16.07.2013,6:15 AM,1340,LHS,Rural,Dagadarthi,Collision Brush/Side Wipe, Lorry hit Safety wall,Lorry,Non injury,Over speed,Four lanes or more with central divider,Straight road,,Fine,AP16TX   4057,YES,Grevious,0
16.07.2013,6:15 AM,1340,LHS,Rural,Dagadarthi,Collision Brush/Side Wipe, Lorry hit Safety wall,Lorry,Non injury,Over speed,Four lanes or more with central divider,Straight road,,Fine,AP16TX   4057,YES,Minor,0
16.07.2013,6:15 AM,1340,LHS,Rural,Dagadarthi,Collision Brush/Side Wipe, Lorry hit Safety wall,Lorry,Non injury,Over speed,Four lanes or more with central divider,Straight road,,Fine,AP16TX   4057,YES,Non injured ,2
16.07.2013,6:15 AM,1340,LHS,Rural,Dagadarthi,Collision Brush/Side Wipe, Lorry hit Safety wall,Lorry,Non injury,Over speed,Four lanes or more with central divider,Straight road,,Fine,AP16TX   4057,YES,Animals affected,0
16.07.2013,8:45 AM,1243.2,LHS,Rural,Ongole,Rear End Collision,Lorry hit Unknown Vehicle     ,Lorry,Non injury,Over speed,Four lanes or more with central divider,Straight road,,Light rain,GJ18AU   9932,YES,Fatal,0
16.07.2013,8:45 AM,1243.2,LHS,Rural,Ongole,Rear End Collision,Lorry hit Unknown Vehicle     ,Lorry,Non injury,Over speed,Four lanes or more with central divider,Straight road,,Light rain,GJ18AU   9932,YES,Grevious,0
16.07.2013,8:45 AM,1243.2,LHS,Rural,Ongole,Rear End Collision,Lorry hit Unknown Vehicle     ,Lorry,Non injury,Over speed,Four lanes or more with central divider,Straight road,,Light rain,GJ18AU   9932,YES,Minor,0
16.07.2013,8:45 AM,1243.2,LHS,Rural,Ongole,Rear End Collision,Lorry hit Unknown Vehicle     ,Lorry,Non injury,Over speed,Four lanes or more with central divider,Straight road,,Light rain,GJ18AU   9932,YES,Non injured ,2
16.07.2013,8:45 AM,1243.2,LHS,Rural,Ongole,Rear End Collision,Lorry hit Unknown Vehicle     ,Lorry,Non injury,Over speed,Four lanes or more with central divider,Straight road,,Light rain,GJ18AU   9932,YES,Animals affected,0
16.07.2013,9:02 AM,1366.3,LHS,Rural,Kovuru,Rear End Collision,Lorry   hit Jeep    ,Lorry,Fatal,Over speed,Four lanes or more with central divider,Straight road,,Light rain,AP07TD     4599,YES,Fatal,1
16.07.2013,9:02 AM,1366.3,LHS,Rural,Kovuru,Rear End Collision,Lorry   hit Jeep    ,Lorry,Fatal,Over speed,Four lanes or more with central divider,Straight road,,Light rain,AP07TD     4599,YES,Grevious,1
16.07.2013,9:02 AM,1366.3,LHS,Rural,Kovuru,Rear End Collision,Lorry   hit Jeep    ,Lorry,Fatal,Over speed,Four lanes or more with central divider,Straight road,,Light rain,AP07TD     4599,YES,Minor,1
16.07.2013,9:02 AM,1366.3,LHS,Rural,Kovuru,Rear End Collision,Lorry   hit Jeep    ,Lorry,Fatal,Over speed,Four lanes or more with central divider,Straight road,,Light rain,AP07TD     4599,YES,Non injured ,2
16.07.2013,9:02 AM,1366.3,LHS,Rural,Kovuru,Rear End Collision,Lorry   hit Jeep    ,Lorry,Fatal,Over speed,Four lanes or more with central divider,Straight road,,Light rain,AP07TD     4599,YES,Animals affected,0
17.07.2013,2:00 AM,1287.2,LHS,Rural,Ulavapadu,Rear End Collision,Lorry   hit Median ,Lorry,Non injury,Fault of driver of motor vehicle/driver of other vehicle/cyclist/pedestrian/passenger,Four lanes or more with central divider,Straight road,,Light rain,AP26TB     1259,YES,Fatal,0
17.07.2013,2:00 AM,1287.2,LHS,Rural,Ulavapadu,Rear End Collision,Lorry   hit Median ,Lorry,Non injury,Fault of driver of motor vehicle/driver of other vehicle/cyclist/pedestrian/passenger,Four lanes or more with central divider,Straight road,,Light rain,AP26TB     1259,YES,Grevious,0
17.07.2013,2:00 AM,1287.2,LHS,Rural,Ulavapadu,Rear End Collision,Lorry   hit Median ,Lorry,Non injury,Fault of driver of motor vehicle/driver of other vehicle/cyclist/pedestrian/passenger,Four lanes or more with central divider,Straight road,,Light rain,AP26TB     1259,YES,Minor,0
17.07.2013,2:00 AM,1287.2,LHS,Rural,Ulavapadu,Rear End Collision,Lorry   hit Median ,Lorry,Non injury,Fault of driver of motor vehicle/driver of other vehicle/cyclist/pedestrian/passenger,Four lanes or more with central divider,Straight road,,Light rain,AP26TB     1259,YES,Non injured ,2
17.07.2013,2:00 AM,1287.2,LHS,Rural,Ulavapadu,Rear End Collision,Lorry   hit Median ,Lorry,Non injury,Fault of driver of motor vehicle/driver of other vehicle/cyclist/pedestrian/passenger,Four lanes or more with central divider,Straight road,,Light rain,AP26TB     1259,YES,Animals affected,0
18.07.2013,8:49 AM,1252.3,LHS,Rural,Ongole,Rear End Collision,Lorry   hit Lorry    ,Lorry,Grievious injury,Fault of driver of motor vehicle/driver of other vehicle/cyclist/pedestrian/passenger,Four lanes or more with central divider,Straight road,,Fine,MP06E     5613,YES,Fatal,0
18.07.2013,8:49 AM,1252.3,LHS,Rural,Ongole,Rear End Collision,Lorry   hit Lorry    ,Lorry,Grievious injury,Fault of driver of motor vehicle/driver of other vehicle/cyclist/pedestrian/passenger,Four lanes or more with central divider,Straight road,,Fine,MP06E     5613,YES,Grevious,1
18.07.2013,8:49 AM,1252.3,LHS,Rural,Ongole,Rear End Collision,Lorry   hit Lorry    ,Lorry,Grievious injury,Fault of driver of motor vehicle/driver of other vehicle/cyclist/pedestrian/passenger,Four lanes or more with central divider,Straight road,,Fine,MP06E     5613,YES,Minor,1
18.07.2013,8:49 AM,1252.3,LHS,Rural,Ongole,Rear End Collision,Lorry   hit Lorry    ,Lorry,Grievious injury,Fault of driver of motor vehicle/driver of other vehicle/cyclist/pedestrian/passenger,Four lanes or more with central divider,Straight road,,Fine,MP06E     5613,YES,Non injured ,2
18.07.2013,8:49 AM,1252.3,LHS,Rural,Ongole,Rear End Collision,Lorry   hit Lorry    ,Lorry,Grievious injury,Fault of driver of motor vehicle/driver of other vehicle/cyclist/pedestrian/passenger,Four lanes or more with central divider,Straight road,,Fine,MP06E     5613,YES,Animals affected,0
18.07.2013,10:23 AM,1338.6,LHS,Rural,K.Tippa ,Rear End Collision,Lorry hit Unknown Vehicle     ,Lorry,Non injury,Over speed,Four lanes or more with central divider,Straight road,,Fine,HR55R      9572,YES,Fatal,0
18.07.2013,10:23 AM,1338.6,LHS,Rural,K.Tippa ,Rear End Collision,Lorry hit Unknown Vehicle     ,Lorry,Non injury,Over speed,Four lanes or more with central divider,Straight road,,Fine,HR55R      9572,YES,Grevious,0
18.07.2013,10:23 AM,1338.6,LHS,Rural,K.Tippa ,Rear End Collision,Lorry hit Unknown Vehicle     ,Lorry,Non injury,Over speed,Four lanes or more with central divider,Straight road,,Fine,HR55R      9572,YES,Minor,0
18.07.2013,10:23 AM,1338.6,LHS,Rural,K.Tippa ,Rear End Collision,Lorry hit Unknown Vehicle     ,Lorry,Non injury,Over speed,Four lanes or more with central divider,Straight road,,Fine,HR55R      9572,YES,Non injured ,2
18.07.2013,10:23 AM,1338.6,LHS,Rural,K.Tippa ,Rear End Collision,Lorry hit Unknown Vehicle     ,Lorry,Non injury,Over speed,Four lanes or more with central divider,Straight road,,Fine,HR55R      9572,YES,Animals affected,0
19.07.2013,6:00 AM,1253.8,LHS,Rural,Ongole,Rear End Collision,Lorry   hit Median ,Lorry,Non injury,Over speed,Four lanes or more with central divider,Straight road,,Fine,AP24TB   3233,YES,Fatal,0
19.07.2013,6:00 AM,1253.8,LHS,Rural,Ongole,Rear End Collision,Lorry   hit Median ,Lorry,Non injury,Over speed,Four lanes or more with central divider,Straight road,,Fine,AP24TB   3233,YES,Grevious,0
19.07.2013,6:00 AM,1253.8,LHS,Rural,Ongole,Rear End Collision,Lorry   hit Median ,Lorry,Non injury,Over speed,Four lanes or more with central divider,Straight road,,Fine,AP24TB   3233,YES,Minor,0
19.07.2013,6:00 AM,1253.8,LHS,Rural,Ongole,Rear End Collision,Lorry   hit Median ,Lorry,Non injury,Over speed,Four lanes or more with central divider,Straight road,,Fine,AP24TB   3233,YES,Non injured ,2
19.07.2013,6:00 AM,1253.8,LHS,Rural,Ongole,Rear End Collision,Lorry   hit Median ,Lorry,Non injury,Over speed,Four lanes or more with central divider,Straight road,,Fine,AP24TB   3233,YES,Animals affected,0
19.07.2013,12:00 PM,1351,RHS,Rural,Kodavaluru,Rear End Collision,Lorry   hit Culvert wall    ,Lorry,Non injury,Over speed,Four lanes or more with central divider,Straight road,,Fine,RJ11VA    0711  ,YES,Fatal,0
19.07.2013,12:00 PM,1351,RHS,Rural,Kodavaluru,Rear End Collision,Lorry   hit Culvert wall    ,Lorry,Non injury,Over speed,Four lanes or more with central divider,Straight road,,Fine,RJ11VA    0711  ,YES,Grevious,0
19.07.2013,12:00 PM,1351,RHS,Rural,Kodavaluru,Rear End Collision,Lorry   hit Culvert wall    ,Lorry,Non injury,Over speed,Four lanes or more with central divider,Straight road,,Fine,RJ11VA    0711  ,YES,Minor,0
19.07.2013,12:00 PM,1351,RHS,Rural,Kodavaluru,Rear End Collision,Lorry   hit Culvert wall    ,Lorry,Non injury,Over speed,Four lanes or more with central divider,Straight road,,Fine,RJ11VA    0711  ,YES,Non injured ,2
19.07.2013,12:00 PM,1351,RHS,Rural,Kodavaluru,Rear End Collision,Lorry   hit Culvert wall    ,Lorry,Non injury,Over speed,Four lanes or more with central divider,Straight road,,Fine,RJ11VA    0711  ,YES,Animals affected,0
19.07.2013,5:26 PM,1343.6,LHS,Rural,Dagadarthi,Collision Brush/Side Wipe,Car hit Bike,Car,Grievious injury,Over speed,Four lanes or more with central divider,Straight road,,Fine,AP03AM    2244,YES,Fatal,0
19.07.2013,5:26 PM,1343.6,LHS,Rural,Dagadarthi,Collision Brush/Side Wipe,Car hit Bike,Car,Grievious injury,Over speed,Four lanes or more with central divider,Straight road,,Fine,AP03AM    2244,YES,Grevious,1
19.07.2013,5:26 PM,1343.6,LHS,Rural,Dagadarthi,Collision Brush/Side Wipe,Car hit Bike,Car,Grievious injury,Over speed,Four lanes or more with central divider,Straight road,,Fine,AP03AM    2244,YES,Minor,0
19.07.2013,5:26 PM,1343.6,LHS,Rural,Dagadarthi,Collision Brush/Side Wipe,Car hit Bike,Car,Grievious injury,Over speed,Four lanes or more with central divider,Straight road,,Fine,AP03AM    2244,YES,Non injured ,2
19.07.2013,5:26 PM,1343.6,LHS,Rural,Dagadarthi,Collision Brush/Side Wipe,Car hit Bike,Car,Grievious injury,Over speed,Four lanes or more with central divider,Straight road,,Fine,AP03AM    2244,YES,Animals affected,0
20.07.2013,5:50 AM,1202.1,RHS,Rural,Reningavaram,Collision Brush/Side Wipe, Car hit Safety wall,Car,Non injury,Over speed,Four lanes or more with central divider,Straight road,,Fine,AP16M     5005,YES,Fatal,0
20.07.2013,5:50 AM,1202.1,RHS,Rural,Reningavaram,Collision Brush/Side Wipe, Car hit Safety wall,Car,Non injury,Over speed,Four lanes or more with central divider,Straight road,,Fine,AP16M     5005,YES,Grevious,0
20.07.2013,5:50 AM,1202.1,RHS,Rural,Reningavaram,Collision Brush/Side Wipe, Car hit Safety wall,Car,Non injury,Over speed,Four lanes or more with central divider,Straight road,,Fine,AP16M     5005,YES,Minor,0
20.07.2013,5:50 AM,1202.1,RHS,Rural,Reningavaram,Collision Brush/Side Wipe, Car hit Safety wall,Car,Non injury,Over speed,Four lanes or more with central divider,Straight road,,Fine,AP16M     5005,YES,Non injured ,2
20.07.2013,5:50 AM,1202.1,RHS,Rural,Reningavaram,Collision Brush/Side Wipe, Car hit Safety wall,Car,Non injury,Over speed,Four lanes or more with central divider,Straight road,,Fine,AP16M     5005,YES,Animals affected,0
20.07.2013,7:25 AM,1297.5,LHS,Rural,Ulavapadu,Rear End Collision,Private Bus hit Lorry ,Bus,Grievious injury,Fault of driver of motor vehicle/driver of other vehicle/cyclist/pedestrian/passenger,Four lanes or more with central divider,Straight road,,Fine,AP16TB     8000     ,YES,Fatal,0
20.07.2013,7:25 AM,1297.5,LHS,Rural,Ulavapadu,Rear End Collision,Private Bus hit Lorry ,Bus,Grievious injury,Fault of driver of motor vehicle/driver of other vehicle/cyclist/pedestrian/passenger,Four lanes or more with central divider,Straight road,,Fine,AP16TB     8000     ,YES,Grevious,1
20.07.2013,7:25 AM,1297.5,LHS,Rural,Ulavapadu,Rear End Collision,Private Bus hit Lorry ,Bus,Grievious injury,Fault of driver of motor vehicle/driver of other vehicle/cyclist/pedestrian/passenger,Four lanes or more with central divider,Straight road,,Fine,AP16TB     8000     ,YES,Minor,2
20.07.2013,7:25 AM,1297.5,LHS,Rural,Ulavapadu,Rear End Collision,Private Bus hit Lorry ,Bus,Grievious injury,Fault of driver of motor vehicle/driver of other vehicle/cyclist/pedestrian/passenger,Four lanes or more with central divider,Straight road,,Fine,AP16TB     8000     ,YES,Non injured ,43
20.07.2013,7:25 AM,1297.5,LHS,Rural,Ulavapadu,Rear End Collision,Private Bus hit Lorry ,Bus,Grievious injury,Fault of driver of motor vehicle/driver of other vehicle/cyclist/pedestrian/passenger,Four lanes or more with central divider,Straight road,,Fine,AP16TB     8000     ,YES,Animals affected,0
20.07.2013,8:50 AM,1298.5,LHS,Rural,Gudluru,Collision Brush/Side Wipe,Lorry   hit Median ,Lorry,Non injury,Fault of driver of motor vehicle/driver of other vehicle/cyclist/pedestrian/passenger,Four lanes or more with central divider,Straight road,,Fine,AP24TA   1313,YES,Fatal,0
20.07.2013,8:50 AM,1298.5,LHS,Rural,Gudluru,Collision Brush/Side Wipe,Lorry   hit Median ,Lorry,Non injury,Fault of driver of motor vehicle/driver of other vehicle/cyclist/pedestrian/passenger,Four lanes or more with central divider,Straight road,,Fine,AP24TA   1313,YES,Grevious,0
20.07.2013,8:50 AM,1298.5,LHS,Rural,Gudluru,Collision Brush/Side Wipe,Lorry   hit Median ,Lorry,Non injury,Fault of driver of motor vehicle/driver of other vehicle/cyclist/pedestrian/passenger,Four lanes or more with central divider,Straight road,,Fine,AP24TA   1313,YES,Minor,0
20.07.2013,8:50 AM,1298.5,LHS,Rural,Gudluru,Collision Brush/Side Wipe,Lorry   hit Median ,Lorry,Non injury,Fault of driver of motor vehicle/driver of other vehicle/cyclist/pedestrian/passenger,Four lanes or more with central divider,Straight road,,Fine,AP24TA   1313,YES,Non injured ,2
20.07.2013,8:50 AM,1298.5,LHS,Rural,Gudluru,Collision Brush/Side Wipe,Lorry   hit Median ,Lorry,Non injury,Fault of driver of motor vehicle/driver of other vehicle/cyclist/pedestrian/passenger,Four lanes or more with central divider,Straight road,,Fine,AP24TA   1313,YES,Animals affected,0
20.07.2013,9:20 AM,1262.4,LHS,Rural,Tangutur,Skidding,Bike                 Skidding,Bike,Grievious injury,Over speed,Four lanes or more with central divider,Straight road,,Fine,AP27L   8501,YES,Fatal,0
20.07.2013,9:20 AM,1262.4,LHS,Rural,Tangutur,Skidding,Bike                 Skidding,Bike,Grievious injury,Over speed,Four lanes or more with central divider,Straight road,,Fine,AP27L   8501,YES,Grevious,1
20.07.2013,9:20 AM,1262.4,LHS,Rural,Tangutur,Skidding,Bike                 Skidding,Bike,Grievious injury,Over speed,Four lanes or more with central divider,Straight road,,Fine,AP27L   8501,YES,Minor,0
20.07.2013,9:20 AM,1262.4,LHS,Rural,Tangutur,Skidding,Bike                 Skidding,Bike,Grievious injury,Over speed,Four lanes or more with central divider,Straight road,,Fine,AP27L   8501,YES,Non injured ,1
20.07.2013,9:20 AM,1262.4,LHS,Rural,Tangutur,Skidding,Bike                 Skidding,Bike,Grievious injury,Over speed,Four lanes or more with central divider,Straight road,,Fine,AP27L   8501,YES,Animals affected,0
21.07.2013,3:45 AM,1340.8,LHS,Rural,Dagadarthi,Collision Brush/Side Wipe,Lorry   hit Median ,Lorry,Non injury,Fault of driver of motor vehicle/driver of other vehicle/cyclist/pedestrian/passenger,Four lanes or more with central divider,Straight road,,Fine,AP03TA     6489,YES,Fatal,0
21.07.2013,3:45 AM,1340.8,LHS,Rural,Dagadarthi,Collision Brush/Side Wipe,Lorry   hit Median ,Lorry,Non injury,Fault of driver of motor vehicle/driver of other vehicle/cyclist/pedestrian/passenger,Four lanes or more with central divider,Straight road,,Fine,AP03TA     6489,YES,Grevious,0
21.07.2013,3:45 AM,1340.8,LHS,Rural,Dagadarthi,Collision Brush/Side Wipe,Lorry   hit Median ,Lorry,Non injury,Fault of driver of motor vehicle/driver of other vehicle/cyclist/pedestrian/passenger,Four lanes or more with central divider,Straight road,,Fine,AP03TA     6489,YES,Minor,0
21.07.2013,3:45 AM,1340.8,LHS,Rural,Dagadarthi,Collision Brush/Side Wipe,Lorry   hit Median ,Lorry,Non injury,Fault of driver of motor vehicle/driver of other vehicle/cyclist/pedestrian/passenger,Four lanes or more with central divider,Straight road,,Fine,AP03TA     6489,YES,Non injured ,2
21.07.2013,3:45 AM,1340.8,LHS,Rural,Dagadarthi,Collision Brush/Side Wipe,Lorry   hit Median ,Lorry,Non injury,Fault of driver of motor vehicle/driver of other vehicle/cyclist/pedestrian/passenger,Four lanes or more with central divider,Straight road,,Fine,AP03TA     6489,YES,Animals affected,0
21.07.2013,8:30 AM,1225.4,LHS,Rural,Maddipadu,Overturning,Lorry Overturned,Lorry,Non injury,Vehicle out of control,Three lanes or more without central divider(median),Straight road,Y-Junction,Fine,AP27TB   6380,YES,Fatal,0
21.07.2013,8:30 AM,1225.4,LHS,Rural,Maddipadu,Overturning,Lorry Overturned,Lorry,Non injury,Vehicle out of control,Three lanes or more without central divider(median),Straight road,Y-Junction,Fine,AP27TB   6380,YES,Grevious,0
21.07.2013,8:30 AM,1225.4,LHS,Rural,Maddipadu,Overturning,Lorry Overturned,Lorry,Non injury,Vehicle out of control,Three lanes or more without central divider(median),Straight road,Y-Junction,Fine,AP27TB   6380,YES,Minor,0
21.07.2013,8:30 AM,1225.4,LHS,Rural,Maddipadu,Overturning,Lorry Overturned,Lorry,Non injury,Vehicle out of control,Three lanes or more without central divider(median),Straight road,Y-Junction,Fine,AP27TB   6380,YES,Non injured ,2
21.07.2013,8:30 AM,1225.4,LHS,Rural,Maddipadu,Overturning,Lorry Overturned,Lorry,Non injury,Vehicle out of control,Three lanes or more without central divider(median),Straight road,Y-Junction,Fine,AP27TB   6380,YES,Animals affected,0
21.07.2013,2:08 PM,1206.9,RHS,Rural,Reningavaram,Rear End Collision, Bike hit Safety wall,Bike,Minor injury,Over speed,Four lanes or more with central divider,Straight road,,Fine,T/R Bike,YES,Fatal,0
21.07.2013,2:08 PM,1206.9,RHS,Rural,Reningavaram,Rear End Collision, Bike hit Safety wall,Bike,Minor injury,Over speed,Four lanes or more with central divider,Straight road,,Fine,T/R Bike,YES,Grevious,0
21.07.2013,2:08 PM,1206.9,RHS,Rural,Reningavaram,Rear End Collision, Bike hit Safety wall,Bike,Minor injury,Over speed,Four lanes or more with central divider,Straight road,,Fine,T/R Bike,YES,Minor,1
21.07.2013,2:08 PM,1206.9,RHS,Rural,Reningavaram,Rear End Collision, Bike hit Safety wall,Bike,Minor injury,Over speed,Four lanes or more with central divider,Straight road,,Fine,T/R Bike,YES,Non injured ,0
21.07.2013,2:08 PM,1206.9,RHS,Rural,Reningavaram,Rear End Collision, Bike hit Safety wall,Bike,Minor injury,Over speed,Four lanes or more with central divider,Straight road,,Fine,T/R Bike,YES,Animals affected,0
22.07.2013,9:55 AM,1205.1,RHS,Rural,Reningavaram,Collision Brush/Side Wipe, Bike hit VUP Bridge wall,Bike,Minor injury,Fault of driver of motor vehicle/driver of other vehicle/cyclist/pedestrian/passenger,Four lanes or more with central divider,Straight road,,Fine,AP27T/R,YES,Fatal,0
22.07.2013,9:55 AM,1205.1,RHS,Rural,Reningavaram,Collision Brush/Side Wipe, Bike hit VUP Bridge wall,Bike,Minor injury,Fault of driver of motor vehicle/driver of other vehicle/cyclist/pedestrian/passenger,Four lanes or more with central divider,Straight road,,Fine,AP27T/R,YES,Grevious,0
22.07.2013,9:55 AM,1205.1,RHS,Rural,Reningavaram,Collision Brush/Side Wipe, Bike hit VUP Bridge wall,Bike,Minor injury,Fault of driver of motor vehicle/driver of other vehicle/cyclist/pedestrian/passenger,Four lanes or more with central divider,Straight road,,Fine,AP27T/R,YES,Minor,1