Operational date,Time of Accident,KM && M,Position,Rural/Urban,Location,Nature of Accident Position,Nature of Accident,Vehicle Involved,Type of Accident,Causes,Road Feature,Road condition,Intersection Type And Control,Weather Condition,Vehicle Responsible,Help Provided by Ambulance/Patroling Vehicle,Classification of Accident,No of Affected Persons
22.07.2013,9:55 AM,1205.1,RHS,Rural,Reningavaram,Collision Brush/Side Wipe, Bike hit VUP Bridge wall,Bike,Minor injury,Fault of driver of motor vehicle/driver of other vehicle/cyclist/pedestrian/passenger,Four lanes or more with central divider,Straight road,,Fine,AP27T/R,YES,Non injured ,1
22.07.2013,9:55 AM,1205.1,RHS,Rural,Reningavaram,Collision Brush/Side Wipe, Bike hit VUP Bridge wall,Bike,Minor injury,Fault of driver of motor vehicle/driver of other vehicle/cyclist/pedestrian/passenger,Four lanes or more with central divider,Straight road,,Fine,AP27T/R,YES,Animals affected,0
22.07.2013,11:33 AM,1270.5,RHS,Rural,Jarugumalli,Others(p1.Specific),Ape Auto   Fired,Auto,Non injury,Fault of driver of motor vehicle/driver of other vehicle/cyclist/pedestrian/passenger,Four lanes or more with central divider,Straight road,,Fine,AP31TB      1807,YES,Fatal,0
22.07.2013,11:33 AM,1270.5,RHS,Rural,Jarugumalli,Others(p1.Specific),Ape Auto   Fired,Auto,Non injury,Fault of driver of motor vehicle/driver of other vehicle/cyclist/pedestrian/passenger,Four lanes or more with central divider,Straight road,,Fine,AP31TB      1807,YES,Grevious,0
22.07.2013,11:33 AM,1270.5,RHS,Rural,Jarugumalli,Others(p1.Specific),Ape Auto   Fired,Auto,Non injury,Fault of driver of motor vehicle/driver of other vehicle/cyclist/pedestrian/passenger,Four lanes or more with central divider,Straight road,,Fine,AP31TB      1807,YES,Minor,0
22.07.2013,11:33 AM,1270.5,RHS,Rural,Jarugumalli,Others(p1.Specific),Ape Auto   Fired,Auto,Non injury,Fault of driver of motor vehicle/driver of other vehicle/cyclist/pedestrian/passenger,Four lanes or more with central divider,Straight road,,Fine,AP31TB      1807,YES,Non injured ,1
22.07.2013,11:33 AM,1270.5,RHS,Rural,Jarugumalli,Others(p1.Specific),Ape Auto   Fired,Auto,Non injury,Fault of driver of motor vehicle/driver of other vehicle/cyclist/pedestrian/passenger,Four lanes or more with central divider,Straight road,,Fine,AP31TB      1807,YES,Animals affected,0
22.07.2013,1:45 PM,1215,LHS,Rural,Medarametla,Rear End Collision, Bike hit Lorry,Bike,Grievious injury,Over speed,Four lanes or more with central divider,Straight road,,Fine,AP27M    2830,YES,Fatal,0
22.07.2013,1:45 PM,1215,LHS,Rural,Medarametla,Rear End Collision, Bike hit Lorry,Bike,Grievious injury,Over speed,Four lanes or more with central divider,Straight road,,Fine,AP27M    2830,YES,Grevious,1
22.07.2013,1:45 PM,1215,LHS,Rural,Medarametla,Rear End Collision, Bike hit Lorry,Bike,Grievious injury,Over speed,Four lanes or more with central divider,Straight road,,Fine,AP27M    2830,YES,Minor,0
22.07.2013,1:45 PM,1215,LHS,Rural,Medarametla,Rear End Collision, Bike hit Lorry,Bike,Grievious injury,Over speed,Four lanes or more with central divider,Straight road,,Fine,AP27M    2830,YES,Non injured ,0
22.07.2013,1:45 PM,1215,LHS,Rural,Medarametla,Rear End Collision, Bike hit Lorry,Bike,Grievious injury,Over speed,Four lanes or more with central divider,Straight road,,Fine,AP27M    2830,YES,Animals affected,0
23.07.2013,5:00 AM,1331.2,LHS,Rural,K.Tippa ,Collision Brush/Side Wipe,Lorry   hit Culvert wall    ,Lorry,Non injury,Fault of driver of motor vehicle/driver of other vehicle/cyclist/pedestrian/passenger,Four lanes or more with central divider,Straight road,,Fine,AP29TA    6057,YES,Fatal,0
23.07.2013,5:00 AM,1331.2,LHS,Rural,K.Tippa ,Collision Brush/Side Wipe,Lorry   hit Culvert wall    ,Lorry,Non injury,Fault of driver of motor vehicle/driver of other vehicle/cyclist/pedestrian/passenger,Four lanes or more with central divider,Straight road,,Fine,AP29TA    6057,YES,Grevious,0
23.07.2013,5:00 AM,1331.2,LHS,Rural,K.Tippa ,Collision Brush/Side Wipe,Lorry   hit Culvert wall    ,Lorry,Non injury,Fault of driver of motor vehicle/driver of other vehicle/cyclist/pedestrian/passenger,Four lanes or more with central divider,Straight road,,Fine,AP29TA    6057,YES,Minor,0
23.07.2013,5:00 AM,1331.2,LHS,Rural,K.Tippa ,Collision Brush/Side Wipe,Lorry   hit Culvert wall    ,Lorry,Non injury,Fault of driver of motor vehicle/driver of other vehicle/cyclist/pedestrian/passenger,Four lanes or more with central divider,Straight road,,Fine,AP29TA    6057,YES,Non injured ,2
23.07.2013,5:00 AM,1331.2,LHS,Rural,K.Tippa ,Collision Brush/Side Wipe,Lorry   hit Culvert wall    ,Lorry,Non injury,Fault of driver of motor vehicle/driver of other vehicle/cyclist/pedestrian/passenger,Four lanes or more with central divider,Straight road,,Fine,AP29TA    6057,YES,Animals affected,0
23.07.2013,10:00 AM,1227.4,RHS,Rural,Maddipadu,Collision Brush/Side Wipe, Lorry hit VUP Bridge wall,Lorry,Non injury,Over speed,Four lanes or more with central divider,Straight road,,Fine,AP16TB     4252,YES,Fatal,0
23.07.2013,10:00 AM,1227.4,RHS,Rural,Maddipadu,Collision Brush/Side Wipe, Lorry hit VUP Bridge wall,Lorry,Non injury,Over speed,Four lanes or more with central divider,Straight road,,Fine,AP16TB     4252,YES,Grevious,0
23.07.2013,10:00 AM,1227.4,RHS,Rural,Maddipadu,Collision Brush/Side Wipe, Lorry hit VUP Bridge wall,Lorry,Non injury,Over speed,Four lanes or more with central divider,Straight road,,Fine,AP16TB     4252,YES,Minor,0
23.07.2013,10:00 AM,1227.4,RHS,Rural,Maddipadu,Collision Brush/Side Wipe, Lorry hit VUP Bridge wall,Lorry,Non injury,Over speed,Four lanes or more with central divider,Straight road,,Fine,AP16TB     4252,YES,Non injured ,2
23.07.2013,10:00 AM,1227.4,RHS,Rural,Maddipadu,Collision Brush/Side Wipe, Lorry hit VUP Bridge wall,Lorry,Non injury,Over speed,Four lanes or more with central divider,Straight road,,Fine,AP16TB     4252,YES,Animals affected,0
24.07.2013,6:10 PM,1231.1,RHS,Rural,Maddipadu,Overturning,Mini Lorry Over Turned,Lorry,Non injury,Over speed,Four lanes or more with central divider,Straight road,,Fine,AP27TU      4050,YES,Fatal,0
24.07.2013,6:10 PM,1231.1,RHS,Rural,Maddipadu,Overturning,Mini Lorry Over Turned,Lorry,Non injury,Over speed,Four lanes or more with central divider,Straight road,,Fine,AP27TU      4050,YES,Grevious,0
24.07.2013,6:10 PM,1231.1,RHS,Rural,Maddipadu,Overturning,Mini Lorry Over Turned,Lorry,Non injury,Over speed,Four lanes or more with central divider,Straight road,,Fine,AP27TU      4050,YES,Minor,0
24.07.2013,6:10 PM,1231.1,RHS,Rural,Maddipadu,Overturning,Mini Lorry Over Turned,Lorry,Non injury,Over speed,Four lanes or more with central divider,Straight road,,Fine,AP27TU      4050,YES,Non injured ,1
24.07.2013,6:10 PM,1231.1,RHS,Rural,Maddipadu,Overturning,Mini Lorry Over Turned,Lorry,Non injury,Over speed,Four lanes or more with central divider,Straight road,,Fine,AP27TU      4050,YES,Animals affected,0
25.07.2013,11:37 AM,1270.8,RHS,Rural,Jarugumalli,Rear End Collision,Oil Tanker hit Unknown Vehicle,Tanker,Non injury,Over speed,Four lanes or more with central divider,Straight road,,Fine,AP7U    5148,YES,Fatal,0
25.07.2013,11:37 AM,1270.8,RHS,Rural,Jarugumalli,Rear End Collision,Oil Tanker hit Unknown Vehicle,Tanker,Non injury,Over speed,Four lanes or more with central divider,Straight road,,Fine,AP7U    5148,YES,Grevious,0
25.07.2013,11:37 AM,1270.8,RHS,Rural,Jarugumalli,Rear End Collision,Oil Tanker hit Unknown Vehicle,Tanker,Non injury,Over speed,Four lanes or more with central divider,Straight road,,Fine,AP7U    5148,YES,Minor,0
25.07.2013,11:37 AM,1270.8,RHS,Rural,Jarugumalli,Rear End Collision,Oil Tanker hit Unknown Vehicle,Tanker,Non injury,Over speed,Four lanes or more with central divider,Straight road,,Fine,AP7U    5148,YES,Non injured ,2
25.07.2013,11:37 AM,1270.8,RHS,Rural,Jarugumalli,Rear End Collision,Oil Tanker hit Unknown Vehicle,Tanker,Non injury,Over speed,Four lanes or more with central divider,Straight road,,Fine,AP7U    5148,YES,Animals affected,0
26.07.2013,11:00 AM,1351.3,RHS,Rural,Kodavaluru,Overturning,Truck Auto       Overturned,Auto,Non injury,Over speed,Four lanes or more with central divider,Straight road,,Fine,AP26TB     6845,YES,Fatal,0
26.07.2013,11:00 AM,1351.3,RHS,Rural,Kodavaluru,Overturning,Truck Auto       Overturned,Auto,Non injury,Over speed,Four lanes or more with central divider,Straight road,,Fine,AP26TB     6845,YES,Grevious,0
26.07.2013,11:00 AM,1351.3,RHS,Rural,Kodavaluru,Overturning,Truck Auto       Overturned,Auto,Non injury,Over speed,Four lanes or more with central divider,Straight road,,Fine,AP26TB     6845,YES,Minor,0
26.07.2013,11:00 AM,1351.3,RHS,Rural,Kodavaluru,Overturning,Truck Auto       Overturned,Auto,Non injury,Over speed,Four lanes or more with central divider,Straight road,,Fine,AP26TB     6845,YES,Non injured ,2
26.07.2013,11:00 AM,1351.3,RHS,Rural,Kodavaluru,Overturning,Truck Auto       Overturned,Auto,Non injury,Over speed,Four lanes or more with central divider,Straight road,,Fine,AP26TB     6845,YES,Animals affected,0
29.07.2013,2:00 AM,1323.4,LHS,Rural,Kavali,Rear End Collision,Trolley hit      Lorry,Trolley,Fatal,Fault of driver of motor vehicle/driver of other vehicle/cyclist/pedestrian/passenger,Four lanes or more with central divider,Straight road,,Fine,AP27TW   1134,YES,Fatal,1
29.07.2013,2:00 AM,1323.4,LHS,Rural,Kavali,Rear End Collision,Trolley hit      Lorry,Trolley,Fatal,Fault of driver of motor vehicle/driver of other vehicle/cyclist/pedestrian/passenger,Four lanes or more with central divider,Straight road,,Fine,AP27TW   1134,YES,Grevious,1
29.07.2013,2:00 AM,1323.4,LHS,Rural,Kavali,Rear End Collision,Trolley hit      Lorry,Trolley,Fatal,Fault of driver of motor vehicle/driver of other vehicle/cyclist/pedestrian/passenger,Four lanes or more with central divider,Straight road,,Fine,AP27TW   1134,YES,Minor,0
29.07.2013,2:00 AM,1323.4,LHS,Rural,Kavali,Rear End Collision,Trolley hit      Lorry,Trolley,Fatal,Fault of driver of motor vehicle/driver of other vehicle/cyclist/pedestrian/passenger,Four lanes or more with central divider,Straight road,,Fine,AP27TW   1134,YES,Non injured ,2
29.07.2013,2:00 AM,1323.4,LHS,Rural,Kavali,Rear End Collision,Trolley hit      Lorry,Trolley,Fatal,Fault of driver of motor vehicle/driver of other vehicle/cyclist/pedestrian/passenger,Four lanes or more with central divider,Straight road,,Fine,AP27TW   1134,YES,Animals affected,0
29.07.2013,9:34 AM,1270.6,RHS,Rural,Jarugumalli,Rear End Collision,RTC Bus hit   Car,Bus,Non injury,Fault of driver of motor vehicle/driver of other vehicle/cyclist/pedestrian/passenger,Four lanes or more with central divider,Straight road,,Fine,AP27Y    0707,YES,Fatal,0
29.07.2013,9:34 AM,1270.6,RHS,Rural,Jarugumalli,Rear End Collision,RTC Bus hit   Car,Bus,Non injury,Fault of driver of motor vehicle/driver of other vehicle/cyclist/pedestrian/passenger,Four lanes or more with central divider,Straight road,,Fine,AP27Y    0707,YES,Grevious,0
29.07.2013,9:34 AM,1270.6,RHS,Rural,Jarugumalli,Rear End Collision,RTC Bus hit   Car,Bus,Non injury,Fault of driver of motor vehicle/driver of other vehicle/cyclist/pedestrian/passenger,Four lanes or more with central divider,Straight road,,Fine,AP27Y    0707,YES,Minor,0
29.07.2013,9:34 AM,1270.6,RHS,Rural,Jarugumalli,Rear End Collision,RTC Bus hit   Car,Bus,Non injury,Fault of driver of motor vehicle/driver of other vehicle/cyclist/pedestrian/passenger,Four lanes or more with central divider,Straight road,,Fine,AP27Y    0707,YES,Non injured ,20
29.07.2013,9:34 AM,1270.6,RHS,Rural,Jarugumalli,Rear End Collision,RTC Bus hit   Car,Bus,Non injury,Fault of driver of motor vehicle/driver of other vehicle/cyclist/pedestrian/passenger,Four lanes or more with central divider,Straight road,,Fine,AP27Y    0707,YES,Animals affected,0
30.07.2013,3:00 AM,1296.7,RHS,Rural,Ulavapadu,Collision Brush/Side Wipe, Lorry  hit Safety wall,Lorry,Non injury,Over speed,Four lanes or more with central divider,Straight road,,Fine,AP28TB   4239,YES,Fatal,0
30.07.2013,3:00 AM,1296.7,RHS,Rural,Ulavapadu,Collision Brush/Side Wipe, Lorry  hit Safety wall,Lorry,Non injury,Over speed,Four lanes or more with central divider,Straight road,,Fine,AP28TB   4239,YES,Grevious,0
30.07.2013,3:00 AM,1296.7,RHS,Rural,Ulavapadu,Collision Brush/Side Wipe, Lorry  hit Safety wall,Lorry,Non injury,Over speed,Four lanes or more with central divider,Straight road,,Fine,AP28TB   4239,YES,Minor,0
30.07.2013,3:00 AM,1296.7,RHS,Rural,Ulavapadu,Collision Brush/Side Wipe, Lorry  hit Safety wall,Lorry,Non injury,Over speed,Four lanes or more with central divider,Straight road,,Fine,AP28TB   4239,YES,Non injured ,2
30.07.2013,3:00 AM,1296.7,RHS,Rural,Ulavapadu,Collision Brush/Side Wipe, Lorry  hit Safety wall,Lorry,Non injury,Over speed,Four lanes or more with central divider,Straight road,,Fine,AP28TB   4239,YES,Animals affected,0
30.07.2013,4:15 AM,1271.1,RHS,Rural,Jarugumalli,Rear End Collision,Mini Lorry hit   Unknown Vehicle,Lorry,Non injury,Fault of driver of motor vehicle/driver of other vehicle/cyclist/pedestrian/passenger,Four lanes or more with central divider,Straight road,,Fine,AP03TR  9332,YES,Fatal,0
30.07.2013,4:15 AM,1271.1,RHS,Rural,Jarugumalli,Rear End Collision,Mini Lorry hit   Unknown Vehicle,Lorry,Non injury,Fault of driver of motor vehicle/driver of other vehicle/cyclist/pedestrian/passenger,Four lanes or more with central divider,Straight road,,Fine,AP03TR  9332,YES,Grevious,0
30.07.2013,4:15 AM,1271.1,RHS,Rural,Jarugumalli,Rear End Collision,Mini Lorry hit   Unknown Vehicle,Lorry,Non injury,Fault of driver of motor vehicle/driver of other vehicle/cyclist/pedestrian/passenger,Four lanes or more with central divider,Straight road,,Fine,AP03TR  9332,YES,Minor,0
30.07.2013,4:15 AM,1271.1,RHS,Rural,Jarugumalli,Rear End Collision,Mini Lorry hit   Unknown Vehicle,Lorry,Non injury,Fault of driver of motor vehicle/driver of other vehicle/cyclist/pedestrian/passenger,Four lanes or more with central divider,Straight road,,Fine,AP03TR  9332,YES,Non injured ,2
30.07.2013,4:15 AM,1271.1,RHS,Rural,Jarugumalli,Rear End Collision,Mini Lorry hit   Unknown Vehicle,Lorry,Non injury,Fault of driver of motor vehicle/driver of other vehicle/cyclist/pedestrian/passenger,Four lanes or more with central divider,Straight road,,Fine,AP03TR  9332,YES,Animals affected,0
30.07.2013,5:09 PM,1214.6,RHS,Rural,Medarametla,Collision Brush/Side Wipe, Lorry  hit    Pedestrian,Lorry,Fatal,Fault of driver of motor vehicle/driver of other vehicle/cyclist/pedestrian/passenger,Four lanes or more with central divider,Straight road,,Fine,AP30V   3488,YES,Fatal,1
30.07.2013,5:09 PM,1214.6,RHS,Rural,Medarametla,Collision Brush/Side Wipe, Lorry  hit    Pedestrian,Lorry,Fatal,Fault of driver of motor vehicle/driver of other vehicle/cyclist/pedestrian/passenger,Four lanes or more with central divider,Straight road,,Fine,AP30V   3488,YES,Grevious,0
30.07.2013,5:09 PM,1214.6,RHS,Rural,Medarametla,Collision Brush/Side Wipe, Lorry  hit    Pedestrian,Lorry,Fatal,Fault of driver of motor vehicle/driver of other vehicle/cyclist/pedestrian/passenger,Four lanes or more with central divider,Straight road,,Fine,AP30V   3488,YES,Minor,0
30.07.2013,5:09 PM,1214.6,RHS,Rural,Medarametla,Collision Brush/Side Wipe, Lorry  hit    Pedestrian,Lorry,Fatal,Fault of driver of motor vehicle/driver of other vehicle/cyclist/pedestrian/passenger,Four lanes or more with central divider,Straight road,,Fine,AP30V   3488,YES,Non injured ,1
30.07.2013,5:09 PM,1214.6,RHS,Rural,Medarametla,Collision Brush/Side Wipe, Lorry  hit    Pedestrian,Lorry,Fatal,Fault of driver of motor vehicle/driver of other vehicle/cyclist/pedestrian/passenger,Four lanes or more with central divider,Straight road,,Fine,AP30V   3488,YES,Animals affected,0
31.07.2013,10:50 AM,1323.5,LHS,Rural,Kavali,Overturning,Mini Lorry Over Turned,Lorry,Non injury,Over speed,Four lanes or more with central divider,Straight road,,Fine,AP26TB        5159,YES,Fatal,0
31.07.2013,10:50 AM,1323.5,LHS,Rural,Kavali,Overturning,Mini Lorry Over Turned,Lorry,Non injury,Over speed,Four lanes or more with central divider,Straight road,,Fine,AP26TB        5159,YES,Grevious,0
31.07.2013,10:50 AM,1323.5,LHS,Rural,Kavali,Overturning,Mini Lorry Over Turned,Lorry,Non injury,Over speed,Four lanes or more with central divider,Straight road,,Fine,AP26TB        5159,YES,Minor,0
31.07.2013,10:50 AM,1323.5,LHS,Rural,Kavali,Overturning,Mini Lorry Over Turned,Lorry,Non injury,Over speed,Four lanes or more with central divider,Straight road,,Fine,AP26TB        5159,YES,Non injured ,2
31.07.2013,10:50 AM,1323.5,LHS,Rural,Kavali,Overturning,Mini Lorry Over Turned,Lorry,Non injury,Over speed,Four lanes or more with central divider,Straight road,,Fine,AP26TB        5159,YES,Animals affected,0
31.07.2013,12:10 PM,1350.4,RHS,Rural,Kodavaluru,Overturning,Car Road Out Side Overturned,Car,Minor injury,Over speed,Four lanes or more with central divider,Straight road,,Fine,AP07AW     129,YES,Fatal,0
31.07.2013,12:10 PM,1350.4,RHS,Rural,Kodavaluru,Overturning,Car Road Out Side Overturned,Car,Minor injury,Over speed,Four lanes or more with central divider,Straight road,,Fine,AP07AW     129,YES,Grevious,0
31.07.2013,12:10 PM,1350.4,RHS,Rural,Kodavaluru,Overturning,Car Road Out Side Overturned,Car,Minor injury,Over speed,Four lanes or more with central divider,Straight road,,Fine,AP07AW     129,YES,Minor,2
31.07.2013,12:10 PM,1350.4,RHS,Rural,Kodavaluru,Overturning,Car Road Out Side Overturned,Car,Minor injury,Over speed,Four lanes or more with central divider,Straight road,,Fine,AP07AW     129,YES,Non injured ,1
31.07.2013,12:10 PM,1350.4,RHS,Rural,Kodavaluru,Overturning,Car Road Out Side Overturned,Car,Minor injury,Over speed,Four lanes or more with central divider,Straight road,,Fine,AP07AW     129,YES,Animals affected,0
01.08.2013,3:00 AM,1296.1,LHS,Rural,Ulavapadu,Rear End Collision, Lorry hit Lorry,Lorry,Grievious injury,Fault of driver of motor vehicle/driver of other vehicle/cyclist/pedestrian/passenger,Four lanes or more with central divider,Straight road,,Fine,AP37TB 4352,YES,Fatal,0
01.08.2013,3:00 AM,1296.1,LHS,Rural,Ulavapadu,Rear End Collision, Lorry hit Lorry,Lorry,Grievious injury,Fault of driver of motor vehicle/driver of other vehicle/cyclist/pedestrian/passenger,Four lanes or more with central divider,Straight road,,Fine,AP37TB 4352,YES,Grevious,1
01.08.2013,3:00 AM,1296.1,LHS,Rural,Ulavapadu,Rear End Collision, Lorry hit Lorry,Lorry,Grievious injury,Fault of driver of motor vehicle/driver of other vehicle/cyclist/pedestrian/passenger,Four lanes or more with central divider,Straight road,,Fine,AP37TB 4352,YES,Minor,0
01.08.2013,3:00 AM,1296.1,LHS,Rural,Ulavapadu,Rear End Collision, Lorry hit Lorry,Lorry,Grievious injury,Fault of driver of motor vehicle/driver of other vehicle/cyclist/pedestrian/passenger,Four lanes or more with central divider,Straight road,,Fine,AP37TB 4352,YES,Non injured ,1
01.08.2013,3:00 AM,1296.1,LHS,Rural,Ulavapadu,Rear End Collision, Lorry hit Lorry,Lorry,Grievious injury,Fault of driver of motor vehicle/driver of other vehicle/cyclist/pedestrian/passenger,Four lanes or more with central divider,Straight road,,Fine,AP37TB 4352,YES,Animals affected,0
01.08.2013,4:00 PM,1204.5,RHS,Rural,Reningavaram,Overturning, Lorry OverTurned,Lorry,Non injury,Over speed,Four lanes or more with central divider,Straight road,,Fine,AP27TT 7666,YES,Fatal,0
01.08.2013,4:00 PM,1204.5,RHS,Rural,Reningavaram,Overturning, Lorry OverTurned,Lorry,Non injury,Over speed,Four lanes or more with central divider,Straight road,,Fine,AP27TT 7666,YES,Grevious,0
01.08.2013,4:00 PM,1204.5,RHS,Rural,Reningavaram,Overturning, Lorry OverTurned,Lorry,Non injury,Over speed,Four lanes or more with central divider,Straight road,,Fine,AP27TT 7666,YES,Minor,0
01.08.2013,4:00 PM,1204.5,RHS,Rural,Reningavaram,Overturning, Lorry OverTurned,Lorry,Non injury,Over speed,Four lanes or more with central divider,Straight road,,Fine,AP27TT 7666,YES,Non injured ,2
01.08.2013,4:00 PM,1204.5,RHS,Rural,Reningavaram,Overturning, Lorry OverTurned,Lorry,Non injury,Over speed,Four lanes or more with central divider,Straight road,,Fine,AP27TT 7666,YES,Animals affected,0
02.08.2013,1:31 PM,1269.5,LHS,Rural,Jarugumalli,Collision Brush/Side Wipe,Bike hit Metal Beam Cresh Berrier,Bike,Grievious injury,Druken,Four lanes or more with central divider,Slight curve,,Fine,AP27AK    6544,YES,Fatal,0
02.08.2013,1:31 PM,1269.5,LHS,Rural,Jarugumalli,Collision Brush/Side Wipe,Bike hit Metal Beam Cresh Berrier,Bike,Grievious injury,Druken,Four lanes or more with central divider,Slight curve,,Fine,AP27AK    6544,YES,Grevious,1
02.08.2013,1:31 PM,1269.5,LHS,Rural,Jarugumalli,Collision Brush/Side Wipe,Bike hit Metal Beam Cresh Berrier,Bike,Grievious injury,Druken,Four lanes or more with central divider,Slight curve,,Fine,AP27AK    6544,YES,Minor,0
02.08.2013,1:31 PM,1269.5,LHS,Rural,Jarugumalli,Collision Brush/Side Wipe,Bike hit Metal Beam Cresh Berrier,Bike,Grievious injury,Druken,Four lanes or more with central divider,Slight curve,,Fine,AP27AK    6544,YES,Non injured ,0
02.08.2013,1:31 PM,1269.5,LHS,Rural,Jarugumalli,Collision Brush/Side Wipe,Bike hit Metal Beam Cresh Berrier,Bike,Grievious injury,Druken,Four lanes or more with central divider,Slight curve,,Fine,AP27AK    6544,YES,Animals affected,0
03.08.2013,8:00 AM,1236.3,RHS,Rural,Maddipadu,Rear End Collision,Car hit       bike,Car,Grievious injury,Over speed,Four lanes or more with central divider,Straight road,,Fine,AP26AG   300,YES,Fatal,0
03.08.2013,8:00 AM,1236.3,RHS,Rural,Maddipadu,Rear End Collision,Car hit       bike,Car,Grievious injury,Over speed,Four lanes or more with central divider,Straight road,,Fine,AP26AG   300,YES,Grevious,2
03.08.2013,8:00 AM,1236.3,RHS,Rural,Maddipadu,Rear End Collision,Car hit       bike,Car,Grievious injury,Over speed,Four lanes or more with central divider,Straight road,,Fine,AP26AG   300,YES,Minor,0
03.08.2013,8:00 AM,1236.3,RHS,Rural,Maddipadu,Rear End Collision,Car hit       bike,Car,Grievious injury,Over speed,Four lanes or more with central divider,Straight road,,Fine,AP26AG   300,YES,Non injured ,2
03.08.2013,8:00 AM,1236.3,RHS,Rural,Maddipadu,Rear End Collision,Car hit       bike,Car,Grievious injury,Over speed,Four lanes or more with central divider,Straight road,,Fine,AP26AG   300,YES,Animals affected,0
03.08.2013,11:04 AM,1186.6,LHS,Rural,Martur,Rear End Collision, Lorry hit Lorry,Lorry,Minor injury,Over speed,Four lanes or more with central divider,Straight road,,Fine,AP27TT   8289,YES,Fatal,0
03.08.2013,11:04 AM,1186.6,LHS,Rural,Martur,Rear End Collision, Lorry hit Lorry,Lorry,Minor injury,Over speed,Four lanes or more with central divider,Straight road,,Fine,AP27TT   8289,YES,Grevious,0
03.08.2013,11:04 AM,1186.6,LHS,Rural,Martur,Rear End Collision, Lorry hit Lorry,Lorry,Minor injury,Over speed,Four lanes or more with central divider,Straight road,,Fine,AP27TT   8289,YES,Minor,2
03.08.2013,11:04 AM,1186.6,LHS,Rural,Martur,Rear End Collision, Lorry hit Lorry,Lorry,Minor injury,Over speed,Four lanes or more with central divider,Straight road,,Fine,AP27TT   8289,YES,Non injured ,2
03.08.2013,11:04 AM,1186.6,LHS,Rural,Martur,Rear End Collision, Lorry hit Lorry,Lorry,Minor injury,Over speed,Four lanes or more with central divider,Straight road,,Fine,AP27TT   8289,YES,Animals affected,0
04.8.2013,3:38 AM,1312.5,RHS,Rural,Kavali,Rear End Collision, Lorry hit Lorry,Lorry,Grievious injury,Fault of driver of motor vehicle/driver of other vehicle/cyclist/pedestrian/passenger,Four lanes or more with central divider,Straight road,,Fine,WB29A   3369,YES,Fatal,0
04.8.2013,3:38 AM,1312.5,RHS,Rural,Kavali,Rear End Collision, Lorry hit Lorry,Lorry,Grievious injury,Fault of driver of motor vehicle/driver of other vehicle/cyclist/pedestrian/passenger,Four lanes or more with central divider,Straight road,,Fine,WB29A   3369,YES,Grevious,1
04.8.2013,3:38 AM,1312.5,RHS,Rural,Kavali,Rear End Collision, Lorry hit Lorry,Lorry,Grievious injury,Fault of driver of motor vehicle/driver of other vehicle/cyclist/pedestrian/passenger,Four lanes or more with central divider,Straight road,,Fine,WB29A   3369,YES,Minor,0
04.8.2013,3:38 AM,1312.5,RHS,Rural,Kavali,Rear End Collision, Lorry hit Lorry,Lorry,Grievious injury,Fault of driver of motor vehicle/driver of other vehicle/cyclist/pedestrian/passenger,Four lanes or more with central divider,Straight road,,Fine,WB29A   3369,YES,Non injured ,3
04.8.2013,3:38 AM,1312.5,RHS,Rural,Kavali,Rear End Collision, Lorry hit Lorry,Lorry,Grievious injury,Fault of driver of motor vehicle/driver of other vehicle/cyclist/pedestrian/passenger,Four lanes or more with central divider,Straight road,,Fine,WB29A   3369,YES,Animals affected,0
04.8.2013,3:00 PM,1218,RHS,Rural,Medarametla,Collision Brush/Side Wipe, Lorry hit Safety wall,Lorry,Minor injury,Over speed,Four lanes or more with central divider,Straight road,,Fine,TN28AM      3288   ,YES,Fatal,0
04.8.2013,3:00 PM,1218,RHS,Rural,Medarametla,Collision Brush/Side Wipe, Lorry hit Safety wall,Lorry,Minor injury,Over speed,Four lanes or more with central divider,Straight road,,Fine,TN28AM      3288   ,YES,Grevious,0
04.8.2013,3:00 PM,1218,RHS,Rural,Medarametla,Collision Brush/Side Wipe, Lorry hit Safety wall,Lorry,Minor injury,Over speed,Four lanes or more with central divider,Straight road,,Fine,TN28AM      3288   ,YES,Minor,1
04.8.2013,3:00 PM,1218,RHS,Rural,Medarametla,Collision Brush/Side Wipe, Lorry hit Safety wall,Lorry,Minor injury,Over speed,Four lanes or more with central divider,Straight road,,Fine,TN28AM      3288   ,YES,Non injured ,1
04.8.2013,3:00 PM,1218,RHS,Rural,Medarametla,Collision Brush/Side Wipe, Lorry hit Safety wall,Lorry,Minor injury,Over speed,Four lanes or more with central divider,Straight road,,Fine,TN28AM      3288   ,YES,Animals affected,0
05.08.2013,12:10 AM,1296.6,LHS,Rural,Ulavapadu,Rear End Collision,Car hit       Lorry,Car,Minor injury,Fault of driver of motor vehicle/driver of other vehicle/cyclist/pedestrian/passenger,Four lanes or more with central divider,Straight road,,Fine,TN09BQ       9252,YES,Fatal,0
05.08.2013,12:10 AM,1296.6,LHS,Rural,Ulavapadu,Rear End Collision,Car hit       Lorry,Car,Minor injury,Fault of driver of motor vehicle/driver of other vehicle/cyclist/pedestrian/passenger,Four lanes or more with central divider,Straight road,,Fine,TN09BQ       9252,YES,Grevious,0
05.08.2013,12:10 AM,1296.6,LHS,Rural,Ulavapadu,Rear End Collision,Car hit       Lorry,Car,Minor injury,Fault of driver of motor vehicle/driver of other vehicle/cyclist/pedestrian/passenger,Four lanes or more with central divider,Straight road,,Fine,TN09BQ       9252,YES,Minor,2