Operational date,Time of Accident,KM && M,Position,Rural/Urban,Location,Nature of Accident Position,Nature of Accident,Vehicle Involved,Type of Accident,Causes,Road Feature,Road condition,Intersection Type And Control,Weather Condition,Vehicle Responsible,Help Provided by Ambulance/Patroling Vehicle,Classification of Accident,No of Affected Persons
05.08.2013,12:10 AM,1296.6,LHS,Rural,Ulavapadu,Rear End Collision,Car hit       Lorry,Car,Minor injury,Fault of driver of motor vehicle/driver of other vehicle/cyclist/pedestrian/passenger,Four lanes or more with central divider,Straight road,,Fine,TN09BQ       9252,YES,Non injured ,2
05.08.2013,12:10 AM,1296.6,LHS,Rural,Ulavapadu,Rear End Collision,Car hit       Lorry,Car,Minor injury,Fault of driver of motor vehicle/driver of other vehicle/cyclist/pedestrian/passenger,Four lanes or more with central divider,Straight road,,Fine,TN09BQ       9252,YES,Animals affected,0
05.08.2013,9:25 AM,1216.3,LHS,Rural,Medarametla,Collision Brush/Side Wipe,Car hit to Median,Car,Minor injury,Fault of driver of motor vehicle/driver of other vehicle/cyclist/pedestrian/passenger,Four lanes or more with central divider,Straight road,,Fine,AP07BH    8629,YES,Fatal,0
05.08.2013,9:25 AM,1216.3,LHS,Rural,Medarametla,Collision Brush/Side Wipe,Car hit to Median,Car,Minor injury,Fault of driver of motor vehicle/driver of other vehicle/cyclist/pedestrian/passenger,Four lanes or more with central divider,Straight road,,Fine,AP07BH    8629,YES,Grevious,0
05.08.2013,9:25 AM,1216.3,LHS,Rural,Medarametla,Collision Brush/Side Wipe,Car hit to Median,Car,Minor injury,Fault of driver of motor vehicle/driver of other vehicle/cyclist/pedestrian/passenger,Four lanes or more with central divider,Straight road,,Fine,AP07BH    8629,YES,Minor,1
05.08.2013,9:25 AM,1216.3,LHS,Rural,Medarametla,Collision Brush/Side Wipe,Car hit to Median,Car,Minor injury,Fault of driver of motor vehicle/driver of other vehicle/cyclist/pedestrian/passenger,Four lanes or more with central divider,Straight road,,Fine,AP07BH    8629,YES,Non injured ,1
05.08.2013,9:25 AM,1216.3,LHS,Rural,Medarametla,Collision Brush/Side Wipe,Car hit to Median,Car,Minor injury,Fault of driver of motor vehicle/driver of other vehicle/cyclist/pedestrian/passenger,Four lanes or more with central divider,Straight road,,Fine,AP07BH    8629,YES,Animals affected,0
05.08.2013,9:45 AM,1298,LHS,Rural,Gudluru,Overturning,Lorry Over Turned,Lorry,Non injury,Fault of driver of motor vehicle/driver of other vehicle/cyclist/pedestrian/passenger,Four lanes or more with central divider,Straight road,,Fine,AP16TY  9769,YES,Fatal,0
05.08.2013,9:45 AM,1298,LHS,Rural,Gudluru,Overturning,Lorry Over Turned,Lorry,Non injury,Fault of driver of motor vehicle/driver of other vehicle/cyclist/pedestrian/passenger,Four lanes or more with central divider,Straight road,,Fine,AP16TY  9769,YES,Grevious,0
05.08.2013,9:45 AM,1298,LHS,Rural,Gudluru,Overturning,Lorry Over Turned,Lorry,Non injury,Fault of driver of motor vehicle/driver of other vehicle/cyclist/pedestrian/passenger,Four lanes or more with central divider,Straight road,,Fine,AP16TY  9769,YES,Minor,0
05.08.2013,9:45 AM,1298,LHS,Rural,Gudluru,Overturning,Lorry Over Turned,Lorry,Non injury,Fault of driver of motor vehicle/driver of other vehicle/cyclist/pedestrian/passenger,Four lanes or more with central divider,Straight road,,Fine,AP16TY  9769,YES,Non injured ,2
05.08.2013,9:45 AM,1298,LHS,Rural,Gudluru,Overturning,Lorry Over Turned,Lorry,Non injury,Fault of driver of motor vehicle/driver of other vehicle/cyclist/pedestrian/passenger,Four lanes or more with central divider,Straight road,,Fine,AP16TY  9769,YES,Animals affected,0
06.08.2013,6:15 AM,1259.7,LHS,Rural,Tangutur,Overturning,Tata Ace Auto Over Turned,Tata Ace,Non injury,Over speed,Four lanes or more with central divider,Straight road,,Light rain,AP7TC     5901,YES,Fatal,0
06.08.2013,6:15 AM,1259.7,LHS,Rural,Tangutur,Overturning,Tata Ace Auto Over Turned,Tata Ace,Non injury,Over speed,Four lanes or more with central divider,Straight road,,Light rain,AP7TC     5901,YES,Grevious,0
06.08.2013,6:15 AM,1259.7,LHS,Rural,Tangutur,Overturning,Tata Ace Auto Over Turned,Tata Ace,Non injury,Over speed,Four lanes or more with central divider,Straight road,,Light rain,AP7TC     5901,YES,Minor,0
06.08.2013,6:15 AM,1259.7,LHS,Rural,Tangutur,Overturning,Tata Ace Auto Over Turned,Tata Ace,Non injury,Over speed,Four lanes or more with central divider,Straight road,,Light rain,AP7TC     5901,YES,Non injured ,2
06.08.2013,6:15 AM,1259.7,LHS,Rural,Tangutur,Overturning,Tata Ace Auto Over Turned,Tata Ace,Non injury,Over speed,Four lanes or more with central divider,Straight road,,Light rain,AP7TC     5901,YES,Animals affected,0
06.08.2013,11:15 AM,1246.1,RHS,Urban,Ongole,Collision Brush/Side Wipe, Lorry hit Buffalo,Lorry,Non injury,Over speed,Four lanes or more with central divider,Straight road,,Fine,TN28AM   4368,YES,Fatal,0
06.08.2013,11:15 AM,1246.1,RHS,Urban,Ongole,Collision Brush/Side Wipe, Lorry hit Buffalo,Lorry,Non injury,Over speed,Four lanes or more with central divider,Straight road,,Fine,TN28AM   4368,YES,Grevious,0
06.08.2013,11:15 AM,1246.1,RHS,Urban,Ongole,Collision Brush/Side Wipe, Lorry hit Buffalo,Lorry,Non injury,Over speed,Four lanes or more with central divider,Straight road,,Fine,TN28AM   4368,YES,Minor,0
06.08.2013,11:15 AM,1246.1,RHS,Urban,Ongole,Collision Brush/Side Wipe, Lorry hit Buffalo,Lorry,Non injury,Over speed,Four lanes or more with central divider,Straight road,,Fine,TN28AM   4368,YES,Non injured ,2
06.08.2013,11:15 AM,1246.1,RHS,Urban,Ongole,Collision Brush/Side Wipe, Lorry hit Buffalo,Lorry,Non injury,Over speed,Four lanes or more with central divider,Straight road,,Fine,TN28AM   4368,YES,Animals affected,1
07.08.2013,6:40 PM,1263.4,RHS,Rural,Tangutur,Collision Brush/Side Wipe,Trolley hit     Trolley,Trolley,Non injury,Fault of driver of motor vehicle/driver of other vehicle/cyclist/pedestrian/passenger,Four lanes or more with central divider,Straight road,,Fine,AP16TT    3828,YES,Fatal,0
07.08.2013,6:40 PM,1263.4,RHS,Rural,Tangutur,Collision Brush/Side Wipe,Trolley hit     Trolley,Trolley,Non injury,Fault of driver of motor vehicle/driver of other vehicle/cyclist/pedestrian/passenger,Four lanes or more with central divider,Straight road,,Fine,AP16TT    3828,YES,Grevious,0
07.08.2013,6:40 PM,1263.4,RHS,Rural,Tangutur,Collision Brush/Side Wipe,Trolley hit     Trolley,Trolley,Non injury,Fault of driver of motor vehicle/driver of other vehicle/cyclist/pedestrian/passenger,Four lanes or more with central divider,Straight road,,Fine,AP16TT    3828,YES,Minor,0
07.08.2013,6:40 PM,1263.4,RHS,Rural,Tangutur,Collision Brush/Side Wipe,Trolley hit     Trolley,Trolley,Non injury,Fault of driver of motor vehicle/driver of other vehicle/cyclist/pedestrian/passenger,Four lanes or more with central divider,Straight road,,Fine,AP16TT    3828,YES,Non injured ,4
07.08.2013,6:40 PM,1263.4,RHS,Rural,Tangutur,Collision Brush/Side Wipe,Trolley hit     Trolley,Trolley,Non injury,Fault of driver of motor vehicle/driver of other vehicle/cyclist/pedestrian/passenger,Four lanes or more with central divider,Straight road,,Fine,AP16TT    3828,YES,Animals affected,0
08.08.2013,7:00 AM,1316,LHS,Rural,Kavali,Collision Brush/Side Wipe,Lorry hit Safety Wall,Lorry,Grievious injury,Over speed,Four lanes or more with central divider,Straight road,,Fine,AP26TV   6204,YES,Fatal,0
08.08.2013,7:00 AM,1316,LHS,Rural,Kavali,Collision Brush/Side Wipe,Lorry hit Safety Wall,Lorry,Grievious injury,Over speed,Four lanes or more with central divider,Straight road,,Fine,AP26TV   6204,YES,Grevious,1
08.08.2013,7:00 AM,1316,LHS,Rural,Kavali,Collision Brush/Side Wipe,Lorry hit Safety Wall,Lorry,Grievious injury,Over speed,Four lanes or more with central divider,Straight road,,Fine,AP26TV   6204,YES,Minor,0
08.08.2013,7:00 AM,1316,LHS,Rural,Kavali,Collision Brush/Side Wipe,Lorry hit Safety Wall,Lorry,Grievious injury,Over speed,Four lanes or more with central divider,Straight road,,Fine,AP26TV   6204,YES,Non injured ,1
08.08.2013,7:00 AM,1316,LHS,Rural,Kavali,Collision Brush/Side Wipe,Lorry hit Safety Wall,Lorry,Grievious injury,Over speed,Four lanes or more with central divider,Straight road,,Fine,AP26TV   6204,YES,Animals affected,0
08.08.2013,9:11 AM,1279.9,LHS,Rural,Singarayakonda,Collision Brush/Side Wipe,Lorry hit        Car,Lorry,Non injury,Over speed,Four lanes or more with central divider,Straight road,,Fine,NL01D      6776,YES,Fatal,0
08.08.2013,9:11 AM,1279.9,LHS,Rural,Singarayakonda,Collision Brush/Side Wipe,Lorry hit        Car,Lorry,Non injury,Over speed,Four lanes or more with central divider,Straight road,,Fine,NL01D      6776,YES,Grevious,0
08.08.2013,9:11 AM,1279.9,LHS,Rural,Singarayakonda,Collision Brush/Side Wipe,Lorry hit        Car,Lorry,Non injury,Over speed,Four lanes or more with central divider,Straight road,,Fine,NL01D      6776,YES,Minor,0
08.08.2013,9:11 AM,1279.9,LHS,Rural,Singarayakonda,Collision Brush/Side Wipe,Lorry hit        Car,Lorry,Non injury,Over speed,Four lanes or more with central divider,Straight road,,Fine,NL01D      6776,YES,Non injured ,3
08.08.2013,9:11 AM,1279.9,LHS,Rural,Singarayakonda,Collision Brush/Side Wipe,Lorry hit        Car,Lorry,Non injury,Over speed,Four lanes or more with central divider,Straight road,,Fine,NL01D      6776,YES,Animals affected,0
08.08.2013,2:20 PM,1196.1,LHS,Rural,Martur,Collision Brush/Side Wipe, Bike hit Safety Wall,Bike,Grievious injury,Over speed,Four lanes or more with central divider,Straight road,,Fine,T/R,YES,Fatal,0
08.08.2013,2:20 PM,1196.1,LHS,Rural,Martur,Collision Brush/Side Wipe, Bike hit Safety Wall,Bike,Grievious injury,Over speed,Four lanes or more with central divider,Straight road,,Fine,T/R,YES,Grevious,1
08.08.2013,2:20 PM,1196.1,LHS,Rural,Martur,Collision Brush/Side Wipe, Bike hit Safety Wall,Bike,Grievious injury,Over speed,Four lanes or more with central divider,Straight road,,Fine,T/R,YES,Minor,1
08.08.2013,2:20 PM,1196.1,LHS,Rural,Martur,Collision Brush/Side Wipe, Bike hit Safety Wall,Bike,Grievious injury,Over speed,Four lanes or more with central divider,Straight road,,Fine,T/R,YES,Non injured ,0
08.08.2013,2:20 PM,1196.1,LHS,Rural,Martur,Collision Brush/Side Wipe, Bike hit Safety Wall,Bike,Grievious injury,Over speed,Four lanes or more with central divider,Straight road,,Fine,T/R,YES,Animals affected,0
08.08.2013,2:52 PM,1246.3,RHS,Urban,Ongole,Rear End Collision,Lorry hit Unknown Vehicle ,Lorry,Non injury,Over speed,Four lanes or more with central divider,Straight road,,Fine,RJ01GA       5444,YES,Fatal,0
08.08.2013,2:52 PM,1246.3,RHS,Urban,Ongole,Rear End Collision,Lorry hit Unknown Vehicle ,Lorry,Non injury,Over speed,Four lanes or more with central divider,Straight road,,Fine,RJ01GA       5444,YES,Grevious,0
08.08.2013,2:52 PM,1246.3,RHS,Urban,Ongole,Rear End Collision,Lorry hit Unknown Vehicle ,Lorry,Non injury,Over speed,Four lanes or more with central divider,Straight road,,Fine,RJ01GA       5444,YES,Minor,0
08.08.2013,2:52 PM,1246.3,RHS,Urban,Ongole,Rear End Collision,Lorry hit Unknown Vehicle ,Lorry,Non injury,Over speed,Four lanes or more with central divider,Straight road,,Fine,RJ01GA       5444,YES,Non injured ,2
08.08.2013,2:52 PM,1246.3,RHS,Urban,Ongole,Rear End Collision,Lorry hit Unknown Vehicle ,Lorry,Non injury,Over speed,Four lanes or more with central divider,Straight road,,Fine,RJ01GA       5444,YES,Animals affected,0
08.08.2013,6:30 PM,1235.1,RHS,Rural,Maddipadu,Rear End Collision,Auto Hit Auto,Auto,Minor injury,Over speed,Four lanes or more with central divider,Straight road,,Fine,AP27W      2629,YES,Fatal,0
08.08.2013,6:30 PM,1235.1,RHS,Rural,Maddipadu,Rear End Collision,Auto Hit Auto,Auto,Minor injury,Over speed,Four lanes or more with central divider,Straight road,,Fine,AP27W      2629,YES,Grevious,0
08.08.2013,6:30 PM,1235.1,RHS,Rural,Maddipadu,Rear End Collision,Auto Hit Auto,Auto,Minor injury,Over speed,Four lanes or more with central divider,Straight road,,Fine,AP27W      2629,YES,Minor,1
08.08.2013,6:30 PM,1235.1,RHS,Rural,Maddipadu,Rear End Collision,Auto Hit Auto,Auto,Minor injury,Over speed,Four lanes or more with central divider,Straight road,,Fine,AP27W      2629,YES,Non injured ,2
08.08.2013,6:30 PM,1235.1,RHS,Rural,Maddipadu,Rear End Collision,Auto Hit Auto,Auto,Minor injury,Over speed,Four lanes or more with central divider,Straight road,,Fine,AP27W      2629,YES,Animals affected,0
08.08.2013,8:36 PM,1205.9,LHS,Rural,Reningavaram,Rear End Collision, Bike hit Unknown Vehicle,Bike,Grievious injury,Druken,Four lanes or more with central divider,Sharp curve,,Fine,AP27BK     7573,YES,Fatal,0
08.08.2013,8:36 PM,1205.9,LHS,Rural,Reningavaram,Rear End Collision, Bike hit Unknown Vehicle,Bike,Grievious injury,Druken,Four lanes or more with central divider,Sharp curve,,Fine,AP27BK     7573,YES,Grevious,1
08.08.2013,8:36 PM,1205.9,LHS,Rural,Reningavaram,Rear End Collision, Bike hit Unknown Vehicle,Bike,Grievious injury,Druken,Four lanes or more with central divider,Sharp curve,,Fine,AP27BK     7573,YES,Minor,0
08.08.2013,8:36 PM,1205.9,LHS,Rural,Reningavaram,Rear End Collision, Bike hit Unknown Vehicle,Bike,Grievious injury,Druken,Four lanes or more with central divider,Sharp curve,,Fine,AP27BK     7573,YES,Non injured ,0
08.08.2013,8:36 PM,1205.9,LHS,Rural,Reningavaram,Rear End Collision, Bike hit Unknown Vehicle,Bike,Grievious injury,Druken,Four lanes or more with central divider,Sharp curve,,Fine,AP27BK     7573,YES,Animals affected,0
09.08.2013,6:10 AM,1272.2,LHS,Rural,Jarugumalli,Rear End Collision,Oil Tanker hit       Lorry,Tanker,Grievious injury,Fault of driver of motor vehicle/driver of other vehicle/cyclist/pedestrian/passenger,Four lanes or more with central divider,Straight road,,Fine,TN30S       3999,YES,Fatal,0
09.08.2013,6:10 AM,1272.2,LHS,Rural,Jarugumalli,Rear End Collision,Oil Tanker hit       Lorry,Tanker,Grievious injury,Fault of driver of motor vehicle/driver of other vehicle/cyclist/pedestrian/passenger,Four lanes or more with central divider,Straight road,,Fine,TN30S       3999,YES,Grevious,1
09.08.2013,6:10 AM,1272.2,LHS,Rural,Jarugumalli,Rear End Collision,Oil Tanker hit       Lorry,Tanker,Grievious injury,Fault of driver of motor vehicle/driver of other vehicle/cyclist/pedestrian/passenger,Four lanes or more with central divider,Straight road,,Fine,TN30S       3999,YES,Minor,0
09.08.2013,6:10 AM,1272.2,LHS,Rural,Jarugumalli,Rear End Collision,Oil Tanker hit       Lorry,Tanker,Grievious injury,Fault of driver of motor vehicle/driver of other vehicle/cyclist/pedestrian/passenger,Four lanes or more with central divider,Straight road,,Fine,TN30S       3999,YES,Non injured ,3
09.08.2013,6:10 AM,1272.2,LHS,Rural,Jarugumalli,Rear End Collision,Oil Tanker hit       Lorry,Tanker,Grievious injury,Fault of driver of motor vehicle/driver of other vehicle/cyclist/pedestrian/passenger,Four lanes or more with central divider,Straight road,,Fine,TN30S       3999,YES,Animals affected,0
09.08.2013,7:50 AM,1218,LHS,Rural,Medarametla,Rear End Collision, Lorry hit Lorry,Lorry,Non injury,Over speed,Four lanes or more with central divider,Straight road,Four arm junction,Fine,AP27TW     2444,YES,Fatal,0
09.08.2013,7:50 AM,1218,LHS,Rural,Medarametla,Rear End Collision, Lorry hit Lorry,Lorry,Non injury,Over speed,Four lanes or more with central divider,Straight road,Four arm junction,Fine,AP27TW     2444,YES,Grevious,0
09.08.2013,7:50 AM,1218,LHS,Rural,Medarametla,Rear End Collision, Lorry hit Lorry,Lorry,Non injury,Over speed,Four lanes or more with central divider,Straight road,Four arm junction,Fine,AP27TW     2444,YES,Minor,0
09.08.2013,7:50 AM,1218,LHS,Rural,Medarametla,Rear End Collision, Lorry hit Lorry,Lorry,Non injury,Over speed,Four lanes or more with central divider,Straight road,Four arm junction,Fine,AP27TW     2444,YES,Non injured ,4
09.08.2013,7:50 AM,1218,LHS,Rural,Medarametla,Rear End Collision, Lorry hit Lorry,Lorry,Non injury,Over speed,Four lanes or more with central divider,Straight road,Four arm junction,Fine,AP27TW     2444,YES,Animals affected,0
09.08.2013,11:54 AM,1229.3,LHS,Rural,Maddipadu,Rear End Collision, RTC Bus     hit Tractor,Bus,Minor injury,Over speed,Four lanes or more with central divider,Straight road,,Fine,AP29Z   2798,YES,Fatal,0
09.08.2013,11:54 AM,1229.3,LHS,Rural,Maddipadu,Rear End Collision, RTC Bus     hit Tractor,Bus,Minor injury,Over speed,Four lanes or more with central divider,Straight road,,Fine,AP29Z   2798,YES,Grevious,0
09.08.2013,11:54 AM,1229.3,LHS,Rural,Maddipadu,Rear End Collision, RTC Bus     hit Tractor,Bus,Minor injury,Over speed,Four lanes or more with central divider,Straight road,,Fine,AP29Z   2798,YES,Minor,1
09.08.2013,11:54 AM,1229.3,LHS,Rural,Maddipadu,Rear End Collision, RTC Bus     hit Tractor,Bus,Minor injury,Over speed,Four lanes or more with central divider,Straight road,,Fine,AP29Z   2798,YES,Non injured ,20
09.08.2013,11:54 AM,1229.3,LHS,Rural,Maddipadu,Rear End Collision, RTC Bus     hit Tractor,Bus,Minor injury,Over speed,Four lanes or more with central divider,Straight road,,Fine,AP29Z   2798,YES,Animals affected,0
09.08.2013,12:50 PM,1344.5,RHS,Rural,Dagadarthi,Rear End Collision, Lorry hit Lorry,Lorry,Non injury,Over speed,Four lanes or more with central divider,Straight road,,Fine,HR38N      5164,YES,Fatal,0
09.08.2013,12:50 PM,1344.5,RHS,Rural,Dagadarthi,Rear End Collision, Lorry hit Lorry,Lorry,Non injury,Over speed,Four lanes or more with central divider,Straight road,,Fine,HR38N      5164,YES,Grevious,0
09.08.2013,12:50 PM,1344.5,RHS,Rural,Dagadarthi,Rear End Collision, Lorry hit Lorry,Lorry,Non injury,Over speed,Four lanes or more with central divider,Straight road,,Fine,HR38N      5164,YES,Minor,0
09.08.2013,12:50 PM,1344.5,RHS,Rural,Dagadarthi,Rear End Collision, Lorry hit Lorry,Lorry,Non injury,Over speed,Four lanes or more with central divider,Straight road,,Fine,HR38N      5164,YES,Non injured ,4
09.08.2013,12:50 PM,1344.5,RHS,Rural,Dagadarthi,Rear End Collision, Lorry hit Lorry,Lorry,Non injury,Over speed,Four lanes or more with central divider,Straight road,,Fine,HR38N      5164,YES,Animals affected,0
09.08.2013,2:11 PM,1280.7,LHS,Rural,Singarayakonda,Overturning, Mini Lorry OverTurned,Lorry,Minor injury,Over speed,Four lanes or more with central divider,Straight road,,Fine,AP27V     4926,YES,Fatal,0
09.08.2013,2:11 PM,1280.7,LHS,Rural,Singarayakonda,Overturning, Mini Lorry OverTurned,Lorry,Minor injury,Over speed,Four lanes or more with central divider,Straight road,,Fine,AP27V     4926,YES,Grevious,0
09.08.2013,2:11 PM,1280.7,LHS,Rural,Singarayakonda,Overturning, Mini Lorry OverTurned,Lorry,Minor injury,Over speed,Four lanes or more with central divider,Straight road,,Fine,AP27V     4926,YES,Minor,1
09.08.2013,2:11 PM,1280.7,LHS,Rural,Singarayakonda,Overturning, Mini Lorry OverTurned,Lorry,Minor injury,Over speed,Four lanes or more with central divider,Straight road,,Fine,AP27V     4926,YES,Non injured ,0
09.08.2013,2:11 PM,1280.7,LHS,Rural,Singarayakonda,Overturning, Mini Lorry OverTurned,Lorry,Minor injury,Over speed,Four lanes or more with central divider,Straight road,,Fine,AP27V     4926,YES,Animals affected,0
10.08.2013,9:00 AM,1260.5,LHS,Rural,Tangutur,Collision Brush/Side Wipe, Lorry hit  C.C wall,Lorry,Non injury,Fault of driver of motor vehicle/driver of other vehicle/cyclist/pedestrian/passenger,Four lanes or more with central divider,Straight road,,Fine,AP16TY 7474,YES,Fatal,0
10.08.2013,9:00 AM,1260.5,LHS,Rural,Tangutur,Collision Brush/Side Wipe, Lorry hit  C.C wall,Lorry,Non injury,Fault of driver of motor vehicle/driver of other vehicle/cyclist/pedestrian/passenger,Four lanes or more with central divider,Straight road,,Fine,AP16TY 7474,YES,Grevious,0
10.08.2013,9:00 AM,1260.5,LHS,Rural,Tangutur,Collision Brush/Side Wipe, Lorry hit  C.C wall,Lorry,Non injury,Fault of driver of motor vehicle/driver of other vehicle/cyclist/pedestrian/passenger,Four lanes or more with central divider,Straight road,,Fine,AP16TY 7474,YES,Minor,0
10.08.2013,9:00 AM,1260.5,LHS,Rural,Tangutur,Collision Brush/Side Wipe, Lorry hit  C.C wall,Lorry,Non injury,Fault of driver of motor vehicle/driver of other vehicle/cyclist/pedestrian/passenger,Four lanes or more with central divider,Straight road,,Fine,AP16TY 7474,YES,Non injured ,2
10.08.2013,9:00 AM,1260.5,LHS,Rural,Tangutur,Collision Brush/Side Wipe, Lorry hit  C.C wall,Lorry,Non injury,Fault of driver of motor vehicle/driver of other vehicle/cyclist/pedestrian/passenger,Four lanes or more with central divider,Straight road,,Fine,AP16TY 7474,YES,Animals affected,0
10.08.2013,2:20 PM,1323.9,LHS,Rural,Kavali,Overturning,Lorry Over Turned,Lorry,Grievious injury,Fault of driver of motor vehicle/driver of other vehicle/cyclist/pedestrian/passenger,Four lanes or more with central divider,Straight road,,Fine,TN23AL 4414,YES,Fatal,0
10.08.2013,2:20 PM,1323.9,LHS,Rural,Kavali,Overturning,Lorry Over Turned,Lorry,Grievious injury,Fault of driver of motor vehicle/driver of other vehicle/cyclist/pedestrian/passenger,Four lanes or more with central divider,Straight road,,Fine,TN23AL 4414,YES,Grevious,0
10.08.2013,2:20 PM,1323.9,LHS,Rural,Kavali,Overturning,Lorry Over Turned,Lorry,Grievious injury,Fault of driver of motor vehicle/driver of other vehicle/cyclist/pedestrian/passenger,Four lanes or more with central divider,Straight road,,Fine,TN23AL 4414,YES,Minor,0
10.08.2013,2:20 PM,1323.9,LHS,Rural,Kavali,Overturning,Lorry Over Turned,Lorry,Grievious injury,Fault of driver of motor vehicle/driver of other vehicle/cyclist/pedestrian/passenger,Four lanes or more with central divider,Straight road,,Fine,TN23AL 4414,YES,Non injured ,2
10.08.2013,2:20 PM,1323.9,LHS,Rural,Kavali,Overturning,Lorry Over Turned,Lorry,Grievious injury,Fault of driver of motor vehicle/driver of other vehicle/cyclist/pedestrian/passenger,Four lanes or more with central divider,Straight road,,Fine,TN23AL 4414,YES,Animals affected,0
10.08.2013,10:40 PM,1193.1,LHS,Rural,Martur,Overturning,Lorry hit    C.C wall,Lorry,Minor injury,Fault of driver of motor vehicle/driver of other vehicle/cyclist/pedestrian/passenger,Four lanes or more with central divider,Straight road,,Fine,TN19Y  3028,YES,Fatal,0
10.08.2013,10:40 PM,1193.1,LHS,Rural,Martur,Overturning,Lorry hit    C.C wall,Lorry,Minor injury,Fault of driver of motor vehicle/driver of other vehicle/cyclist/pedestrian/passenger,Four lanes or more with central divider,Straight road,,Fine,TN19Y  3028,YES,Grevious,0
10.08.2013,10:40 PM,1193.1,LHS,Rural,Martur,Overturning,Lorry hit    C.C wall,Lorry,Minor injury,Fault of driver of motor vehicle/driver of other vehicle/cyclist/pedestrian/passenger,Four lanes or more with central divider,Straight road,,Fine,TN19Y  3028,YES,Minor,1
10.08.2013,10:40 PM,1193.1,LHS,Rural,Martur,Overturning,Lorry hit    C.C wall,Lorry,Minor injury,Fault of driver of motor vehicle/driver of other vehicle/cyclist/pedestrian/passenger,Four lanes or more with central divider,Straight road,,Fine,TN19Y  3028,YES,Non injured ,0
10.08.2013,10:40 PM,1193.1,LHS,Rural,Martur,Overturning,Lorry hit    C.C wall,Lorry,Minor injury,Fault of driver of motor vehicle/driver of other vehicle/cyclist/pedestrian/passenger,Four lanes or more with central divider,Straight road,,Fine,TN19Y  3028,YES,Animals affected,1
11.08.2013,4:30 AM,1193.1,LHS,Rural,Martur,Skidding,Car Road Out Side Skid,Car,Non injury,Over speed,Four lanes or more with central divider,Straight road,,Fine,AP29BT    1824,YES,Fatal,0
11.08.2013,4:30 AM,1193.1,LHS,Rural,Martur,Skidding,Car Road Out Side Skid,Car,Non injury,Over speed,Four lanes or more with central divider,Straight road,,Fine,AP29BT    1824,YES,Grevious,0
11.08.2013,4:30 AM,1193.1,LHS,Rural,Martur,Skidding,Car Road Out Side Skid,Car,Non injury,Over speed,Four lanes or more with central divider,Straight road,,Fine,AP29BT    1824,YES,Minor,0
11.08.2013,4:30 AM,1193.1,LHS,Rural,Martur,Skidding,Car Road Out Side Skid,Car,Non injury,Over speed,Four lanes or more with central divider,Straight road,,Fine,AP29BT    1824,YES,Non injured ,2
11.08.2013,4:30 AM,1193.1,LHS,Rural,Martur,Skidding,Car Road Out Side Skid,Car,Non injury,Over speed,Four lanes or more with central divider,Straight road,,Fine,AP29BT    1824,YES,Animals affected,0
11.08.2013,5:20 AM,1193.1,LHS,Rural,Martur,Head on collision,Car hit        Car,Car,Minor injury,Over speed,Four lanes or more with central divider,Straight road,,Fine,AP16CH     4114,YES,Fatal,0
11.08.2013,5:20 AM,1193.1,LHS,Rural,Martur,Head on collision,Car hit        Car,Car,Minor injury,Over speed,Four lanes or more with central divider,Straight road,,Fine,AP16CH     4114,YES,Grevious,0
11.08.2013,5:20 AM,1193.1,LHS,Rural,Martur,Head on collision,Car hit        Car,Car,Minor injury,Over speed,Four lanes or more with central divider,Straight road,,Fine,AP16CH     4114,YES,Minor,2
11.08.2013,5:20 AM,1193.1,LHS,Rural,Martur,Head on collision,Car hit        Car,Car,Minor injury,Over speed,Four lanes or more with central divider,Straight road,,Fine,AP16CH     4114,YES,Non injured ,0
11.08.2013,5:20 AM,1193.1,LHS,Rural,Martur,Head on collision,Car hit        Car,Car,Minor injury,Over speed,Four lanes or more with central divider,Straight road,,Fine,AP16CH     4114,YES,Animals affected,0
11.08.2013,5:50 AM,1344.5,RHS,Rural,Dagadarthi,Rear End Collision,Lorry  hit        Car,Lorry,Fatal,Over speed,Four lanes or more with central divider,Straight road,,Fine,AP24X    4489,YES,Fatal,1
11.08.2013,5:50 AM,1344.5,RHS,Rural,Dagadarthi,Rear End Collision,Lorry  hit        Car,Lorry,Fatal,Over speed,Four lanes or more with central divider,Straight road,,Fine,AP24X    4489,YES,Grevious,3
11.08.2013,5:50 AM,1344.5,RHS,Rural,Dagadarthi,Rear End Collision,Lorry  hit        Car,Lorry,Fatal,Over speed,Four lanes or more with central divider,Straight road,,Fine,AP24X    4489,YES,Minor,2
11.08.2013,5:50 AM,1344.5,RHS,Rural,Dagadarthi,Rear End Collision,Lorry  hit        Car,Lorry,Fatal,Over speed,Four lanes or more with central divider,Straight road,,Fine,AP24X    4489,YES,Non injured ,2
11.08.2013,5:50 AM,1344.5,RHS,Rural,Dagadarthi,Rear End Collision,Lorry  hit        Car,Lorry,Fatal,Over speed,Four lanes or more with central divider,Straight road,,Fine,AP24X    4489,YES,Animals affected,0
11.08.2013,1:30 PM,1204.5,RHS,Rural,Reningavaram,Collision Brush/Side Wipe, Car hit Safety Wall,Car,Minor injury,Over speed,Four lanes or more with central divider,Straight road,,Fine,AP27AH     7677,YES,Fatal,0