Operational date,Time of Accident,KM && M,Position,Rural/Urban,Location,Nature of Accident Position,Nature of Accident,Vehicle Involved,Type of Accident,Causes,Road Feature,Road condition,Intersection Type And Control,Weather Condition,Vehicle Responsible,Help Provided by Ambulance/Patroling Vehicle,Classification of Accident,No of Affected Persons
11.08.2013,1:30 PM,1204.5,RHS,Rural,Reningavaram,Collision Brush/Side Wipe, Car hit Safety Wall,Car,Minor injury,Over speed,Four lanes or more with central divider,Straight road,,Fine,AP27AH     7677,YES,Grevious,0
11.08.2013,1:30 PM,1204.5,RHS,Rural,Reningavaram,Collision Brush/Side Wipe, Car hit Safety Wall,Car,Minor injury,Over speed,Four lanes or more with central divider,Straight road,,Fine,AP27AH     7677,YES,Minor,1
11.08.2013,1:30 PM,1204.5,RHS,Rural,Reningavaram,Collision Brush/Side Wipe, Car hit Safety Wall,Car,Minor injury,Over speed,Four lanes or more with central divider,Straight road,,Fine,AP27AH     7677,YES,Non injured ,2
11.08.2013,1:30 PM,1204.5,RHS,Rural,Reningavaram,Collision Brush/Side Wipe, Car hit Safety Wall,Car,Minor injury,Over speed,Four lanes or more with central divider,Straight road,,Fine,AP27AH     7677,YES,Animals affected,0
12.08.2013,12:10 PM,1340.8,RHS,Rural,Dagadarthi,Collision Brush/Side Wipe,Lorry  hit        Median,Lorry,Non injury,Over speed,Four lanes or more with central divider,Straight road,,Light rain,AP16X      6871,YES,Fatal,0
12.08.2013,12:10 PM,1340.8,RHS,Rural,Dagadarthi,Collision Brush/Side Wipe,Lorry  hit        Median,Lorry,Non injury,Over speed,Four lanes or more with central divider,Straight road,,Light rain,AP16X      6871,YES,Grevious,0
12.08.2013,12:10 PM,1340.8,RHS,Rural,Dagadarthi,Collision Brush/Side Wipe,Lorry  hit        Median,Lorry,Non injury,Over speed,Four lanes or more with central divider,Straight road,,Light rain,AP16X      6871,YES,Minor,0
12.08.2013,12:10 PM,1340.8,RHS,Rural,Dagadarthi,Collision Brush/Side Wipe,Lorry  hit        Median,Lorry,Non injury,Over speed,Four lanes or more with central divider,Straight road,,Light rain,AP16X      6871,YES,Non injured ,2
12.08.2013,12:10 PM,1340.8,RHS,Rural,Dagadarthi,Collision Brush/Side Wipe,Lorry  hit        Median,Lorry,Non injury,Over speed,Four lanes or more with central divider,Straight road,,Light rain,AP16X      6871,YES,Animals affected,0
13.08.2013,2:34 AM,1274.4,LHS,Rural,Singarayakonda,Overturning,Car Road Out Side Overturned,Car,Grievious injury,Fault of driver of motor vehicle/driver of other vehicle/cyclist/pedestrian/passenger,Four lanes or more with central divider,Straight road,,Fine,KA03MJ     9310,YES,Fatal,0
13.08.2013,2:34 AM,1274.4,LHS,Rural,Singarayakonda,Overturning,Car Road Out Side Overturned,Car,Grievious injury,Fault of driver of motor vehicle/driver of other vehicle/cyclist/pedestrian/passenger,Four lanes or more with central divider,Straight road,,Fine,KA03MJ     9310,YES,Grevious,1
13.08.2013,2:34 AM,1274.4,LHS,Rural,Singarayakonda,Overturning,Car Road Out Side Overturned,Car,Grievious injury,Fault of driver of motor vehicle/driver of other vehicle/cyclist/pedestrian/passenger,Four lanes or more with central divider,Straight road,,Fine,KA03MJ     9310,YES,Minor,2
13.08.2013,2:34 AM,1274.4,LHS,Rural,Singarayakonda,Overturning,Car Road Out Side Overturned,Car,Grievious injury,Fault of driver of motor vehicle/driver of other vehicle/cyclist/pedestrian/passenger,Four lanes or more with central divider,Straight road,,Fine,KA03MJ     9310,YES,Non injured ,1
13.08.2013,2:34 AM,1274.4,LHS,Rural,Singarayakonda,Overturning,Car Road Out Side Overturned,Car,Grievious injury,Fault of driver of motor vehicle/driver of other vehicle/cyclist/pedestrian/passenger,Four lanes or more with central divider,Straight road,,Fine,KA03MJ     9310,YES,Animals affected,0
13.08.2013,6:00 AM,1319,LHS,Rural,Kavali,Collision Brush/Side Wipe,Lorry hit Metal Beam Crash barrier,Lorry,Non injury,Over speed,Four lanes or more with central divider,Straight road,,Fine,AP24Y 4734,YES,Fatal,0
13.08.2013,6:00 AM,1319,LHS,Rural,Kavali,Collision Brush/Side Wipe,Lorry hit Metal Beam Crash barrier,Lorry,Non injury,Over speed,Four lanes or more with central divider,Straight road,,Fine,AP24Y 4734,YES,Grevious,0
13.08.2013,6:00 AM,1319,LHS,Rural,Kavali,Collision Brush/Side Wipe,Lorry hit Metal Beam Crash barrier,Lorry,Non injury,Over speed,Four lanes or more with central divider,Straight road,,Fine,AP24Y 4734,YES,Minor,0
13.08.2013,6:00 AM,1319,LHS,Rural,Kavali,Collision Brush/Side Wipe,Lorry hit Metal Beam Crash barrier,Lorry,Non injury,Over speed,Four lanes or more with central divider,Straight road,,Fine,AP24Y 4734,YES,Non injured ,2
13.08.2013,6:00 AM,1319,LHS,Rural,Kavali,Collision Brush/Side Wipe,Lorry hit Metal Beam Crash barrier,Lorry,Non injury,Over speed,Four lanes or more with central divider,Straight road,,Fine,AP24Y 4734,YES,Animals affected,0
14.08.2013,9:48 AM,1263.2,RHS,Rural,Tangutur,Collision Brush/Side Wipe, Bike hit Unknown Vehicle,Bike,Minor injury,Over speed,Four lanes or more with central divider,Straight road,,Fine,AP27AR            6044,YES,Fatal,0
14.08.2013,9:48 AM,1263.2,RHS,Rural,Tangutur,Collision Brush/Side Wipe, Bike hit Unknown Vehicle,Bike,Minor injury,Over speed,Four lanes or more with central divider,Straight road,,Fine,AP27AR            6044,YES,Grevious,0
14.08.2013,9:48 AM,1263.2,RHS,Rural,Tangutur,Collision Brush/Side Wipe, Bike hit Unknown Vehicle,Bike,Minor injury,Over speed,Four lanes or more with central divider,Straight road,,Fine,AP27AR            6044,YES,Minor,2
14.08.2013,9:48 AM,1263.2,RHS,Rural,Tangutur,Collision Brush/Side Wipe, Bike hit Unknown Vehicle,Bike,Minor injury,Over speed,Four lanes or more with central divider,Straight road,,Fine,AP27AR            6044,YES,Non injured ,0
14.08.2013,9:48 AM,1263.2,RHS,Rural,Tangutur,Collision Brush/Side Wipe, Bike hit Unknown Vehicle,Bike,Minor injury,Over speed,Four lanes or more with central divider,Straight road,,Fine,AP27AR            6044,YES,Animals affected,0
15.08.2013,6:10 AM,1315.3,RHS,Rural,Kavali,Overturning,Lorry Over Turned,Lorry,Non injury,Over speed,Four lanes or more with central divider,Straight road,,Heavy rain,AP05DC     0176,YES,Fatal,0
15.08.2013,6:10 AM,1315.3,RHS,Rural,Kavali,Overturning,Lorry Over Turned,Lorry,Non injury,Over speed,Four lanes or more with central divider,Straight road,,Heavy rain,AP05DC     0176,YES,Grevious,0
15.08.2013,6:10 AM,1315.3,RHS,Rural,Kavali,Overturning,Lorry Over Turned,Lorry,Non injury,Over speed,Four lanes or more with central divider,Straight road,,Heavy rain,AP05DC     0176,YES,Minor,0
15.08.2013,6:10 AM,1315.3,RHS,Rural,Kavali,Overturning,Lorry Over Turned,Lorry,Non injury,Over speed,Four lanes or more with central divider,Straight road,,Heavy rain,AP05DC     0176,YES,Non injured ,2
15.08.2013,6:10 AM,1315.3,RHS,Rural,Kavali,Overturning,Lorry Over Turned,Lorry,Non injury,Over speed,Four lanes or more with central divider,Straight road,,Heavy rain,AP05DC     0176,YES,Animals affected,0
15.08.2013,11:00 AM,1246.5,LHS,Urban,Ongole,Overturning,Car Over Turned,Car,Minor injury,Over speed,Four lanes or more with central divider,Straight road,,Heavy rain,AP26W     8199,YES,Fatal,0
15.08.2013,11:00 AM,1246.5,LHS,Urban,Ongole,Overturning,Car Over Turned,Car,Minor injury,Over speed,Four lanes or more with central divider,Straight road,,Heavy rain,AP26W     8199,YES,Grevious,0
15.08.2013,11:00 AM,1246.5,LHS,Urban,Ongole,Overturning,Car Over Turned,Car,Minor injury,Over speed,Four lanes or more with central divider,Straight road,,Heavy rain,AP26W     8199,YES,Minor,2
15.08.2013,11:00 AM,1246.5,LHS,Urban,Ongole,Overturning,Car Over Turned,Car,Minor injury,Over speed,Four lanes or more with central divider,Straight road,,Heavy rain,AP26W     8199,YES,Non injured ,0
15.08.2013,11:00 AM,1246.5,LHS,Urban,Ongole,Overturning,Car Over Turned,Car,Minor injury,Over speed,Four lanes or more with central divider,Straight road,,Heavy rain,AP26W     8199,YES,Animals affected,0
15.08.2013,6:00 PM,1293.1,RHS,Rural,Ulavapadu,Rear End Collision, Lorry hit Lorry,Lorry,Non injury,Over speed,Four lanes or more with central divider,Straight road,,Light rain,AP16T      7080,YES,Fatal,0
15.08.2013,6:00 PM,1293.1,RHS,Rural,Ulavapadu,Rear End Collision, Lorry hit Lorry,Lorry,Non injury,Over speed,Four lanes or more with central divider,Straight road,,Light rain,AP16T      7080,YES,Grevious,0
15.08.2013,6:00 PM,1293.1,RHS,Rural,Ulavapadu,Rear End Collision, Lorry hit Lorry,Lorry,Non injury,Over speed,Four lanes or more with central divider,Straight road,,Light rain,AP16T      7080,YES,Minor,0
15.08.2013,6:00 PM,1293.1,RHS,Rural,Ulavapadu,Rear End Collision, Lorry hit Lorry,Lorry,Non injury,Over speed,Four lanes or more with central divider,Straight road,,Light rain,AP16T      7080,YES,Non injured ,2
15.08.2013,6:00 PM,1293.1,RHS,Rural,Ulavapadu,Rear End Collision, Lorry hit Lorry,Lorry,Non injury,Over speed,Four lanes or more with central divider,Straight road,,Light rain,AP16T      7080,YES,Animals affected,0
16.08.2013,8:10 AM,1321.4,LHS,Rural,Kavali,Overturning, Lorry OverTurned,Lorry,Non injury,Over speed,Four lanes or more with central divider,Straight road,,Heavy rain,TN28AP 4228,YES,Fatal,0
16.08.2013,8:10 AM,1321.4,LHS,Rural,Kavali,Overturning, Lorry OverTurned,Lorry,Non injury,Over speed,Four lanes or more with central divider,Straight road,,Heavy rain,TN28AP 4228,YES,Grevious,0
16.08.2013,8:10 AM,1321.4,LHS,Rural,Kavali,Overturning, Lorry OverTurned,Lorry,Non injury,Over speed,Four lanes or more with central divider,Straight road,,Heavy rain,TN28AP 4228,YES,Minor,0
16.08.2013,8:10 AM,1321.4,LHS,Rural,Kavali,Overturning, Lorry OverTurned,Lorry,Non injury,Over speed,Four lanes or more with central divider,Straight road,,Heavy rain,TN28AP 4228,YES,Non injured ,2
16.08.2013,8:10 AM,1321.4,LHS,Rural,Kavali,Overturning, Lorry OverTurned,Lorry,Non injury,Over speed,Four lanes or more with central divider,Straight road,,Heavy rain,TN28AP 4228,YES,Animals affected,0
16.08.2013,6:42 PM,1193.2,LHS,Rural,Martur,Head on collision, Car hit Van,Car,Minor injury,Over speed,Four lanes or more with central divider,Straight road,,Cloudy,AP26AB 5588,YES,Fatal,0
16.08.2013,6:42 PM,1193.2,LHS,Rural,Martur,Head on collision, Car hit Van,Car,Minor injury,Over speed,Four lanes or more with central divider,Straight road,,Cloudy,AP26AB 5588,YES,Grevious,0
16.08.2013,6:42 PM,1193.2,LHS,Rural,Martur,Head on collision, Car hit Van,Car,Minor injury,Over speed,Four lanes or more with central divider,Straight road,,Cloudy,AP26AB 5588,YES,Minor,2
16.08.2013,6:42 PM,1193.2,LHS,Rural,Martur,Head on collision, Car hit Van,Car,Minor injury,Over speed,Four lanes or more with central divider,Straight road,,Cloudy,AP26AB 5588,YES,Non injured ,2
16.08.2013,6:42 PM,1193.2,LHS,Rural,Martur,Head on collision, Car hit Van,Car,Minor injury,Over speed,Four lanes or more with central divider,Straight road,,Cloudy,AP26AB 5588,YES,Animals affected,0
16.08.2013,10:15 PM,1195.7,LHS,Rural,Martur,Collision Brush/Side Wipe, Tanker Lorry hit Safety Wall,Tanker,Non injury,Druken,Four lanes or more with central divider,Straight road,,Cloudy,AP36W  2082,YES,Fatal,0
16.08.2013,10:15 PM,1195.7,LHS,Rural,Martur,Collision Brush/Side Wipe, Tanker Lorry hit Safety Wall,Tanker,Non injury,Druken,Four lanes or more with central divider,Straight road,,Cloudy,AP36W  2082,YES,Grevious,0
16.08.2013,10:15 PM,1195.7,LHS,Rural,Martur,Collision Brush/Side Wipe, Tanker Lorry hit Safety Wall,Tanker,Non injury,Druken,Four lanes or more with central divider,Straight road,,Cloudy,AP36W  2082,YES,Minor,0
16.08.2013,10:15 PM,1195.7,LHS,Rural,Martur,Collision Brush/Side Wipe, Tanker Lorry hit Safety Wall,Tanker,Non injury,Druken,Four lanes or more with central divider,Straight road,,Cloudy,AP36W  2082,YES,Non injured ,2
16.08.2013,10:15 PM,1195.7,LHS,Rural,Martur,Collision Brush/Side Wipe, Tanker Lorry hit Safety Wall,Tanker,Non injury,Druken,Four lanes or more with central divider,Straight road,,Cloudy,AP36W  2082,YES,Animals affected,0
17.08.2013,5:00 AM,1328.5,RHS,Rural,Kavali,Collision Brush/Side Wipe,Car  hit        Median,Car,Non injury,Fault of driver of motor vehicle/driver of other vehicle/cyclist/pedestrian/passenger,Three lanes or more without central divider(median),Straight road,T-Junction,Fine,AP09TA   9669,YES,Fatal,0
17.08.2013,5:00 AM,1328.5,RHS,Rural,Kavali,Collision Brush/Side Wipe,Car  hit        Median,Car,Non injury,Fault of driver of motor vehicle/driver of other vehicle/cyclist/pedestrian/passenger,Three lanes or more without central divider(median),Straight road,T-Junction,Fine,AP09TA   9669,YES,Grevious,0
17.08.2013,5:00 AM,1328.5,RHS,Rural,Kavali,Collision Brush/Side Wipe,Car  hit        Median,Car,Non injury,Fault of driver of motor vehicle/driver of other vehicle/cyclist/pedestrian/passenger,Three lanes or more without central divider(median),Straight road,T-Junction,Fine,AP09TA   9669,YES,Minor,0
17.08.2013,5:00 AM,1328.5,RHS,Rural,Kavali,Collision Brush/Side Wipe,Car  hit        Median,Car,Non injury,Fault of driver of motor vehicle/driver of other vehicle/cyclist/pedestrian/passenger,Three lanes or more without central divider(median),Straight road,T-Junction,Fine,AP09TA   9669,YES,Non injured ,3
17.08.2013,5:00 AM,1328.5,RHS,Rural,Kavali,Collision Brush/Side Wipe,Car  hit        Median,Car,Non injury,Fault of driver of motor vehicle/driver of other vehicle/cyclist/pedestrian/passenger,Three lanes or more without central divider(median),Straight road,T-Junction,Fine,AP09TA   9669,YES,Animals affected,0
17.08.2013,6:10 AM,1267.8,RHS,Rural,Tangutur,Overturning,Lorry Over Turned,Lorry,Non injury,Vehicle out of control,Three lanes or more without central divider(median),Straight road,T-Junction,Fine,AP26TB    1089,YES,Fatal,0
17.08.2013,6:10 AM,1267.8,RHS,Rural,Tangutur,Overturning,Lorry Over Turned,Lorry,Non injury,Vehicle out of control,Three lanes or more without central divider(median),Straight road,T-Junction,Fine,AP26TB    1089,YES,Grevious,0
17.08.2013,6:10 AM,1267.8,RHS,Rural,Tangutur,Overturning,Lorry Over Turned,Lorry,Non injury,Vehicle out of control,Three lanes or more without central divider(median),Straight road,T-Junction,Fine,AP26TB    1089,YES,Minor,0
17.08.2013,6:10 AM,1267.8,RHS,Rural,Tangutur,Overturning,Lorry Over Turned,Lorry,Non injury,Vehicle out of control,Three lanes or more without central divider(median),Straight road,T-Junction,Fine,AP26TB    1089,YES,Non injured ,2
17.08.2013,6:10 AM,1267.8,RHS,Rural,Tangutur,Overturning,Lorry Over Turned,Lorry,Non injury,Vehicle out of control,Three lanes or more without central divider(median),Straight road,T-Junction,Fine,AP26TB    1089,YES,Animals affected,0
17.08.2013,8:30 PM,1333.6,RHS,Rural,K.Tippa ,Others(p1.Specific),Tempo Van    Fired,Van,Non injury,Defect in mechanical condition of motor vehicle/road condition,Four lanes or more with central divider,Straight road,,Fine,AP26TT     5875,YES,Fatal,0
17.08.2013,8:30 PM,1333.6,RHS,Rural,K.Tippa ,Others(p1.Specific),Tempo Van    Fired,Van,Non injury,Defect in mechanical condition of motor vehicle/road condition,Four lanes or more with central divider,Straight road,,Fine,AP26TT     5875,YES,Grevious,0
17.08.2013,8:30 PM,1333.6,RHS,Rural,K.Tippa ,Others(p1.Specific),Tempo Van    Fired,Van,Non injury,Defect in mechanical condition of motor vehicle/road condition,Four lanes or more with central divider,Straight road,,Fine,AP26TT     5875,YES,Minor,0
17.08.2013,8:30 PM,1333.6,RHS,Rural,K.Tippa ,Others(p1.Specific),Tempo Van    Fired,Van,Non injury,Defect in mechanical condition of motor vehicle/road condition,Four lanes or more with central divider,Straight road,,Fine,AP26TT     5875,YES,Non injured ,3
17.08.2013,8:30 PM,1333.6,RHS,Rural,K.Tippa ,Others(p1.Specific),Tempo Van    Fired,Van,Non injury,Defect in mechanical condition of motor vehicle/road condition,Four lanes or more with central divider,Straight road,,Fine,AP26TT     5875,YES,Animals affected,0
18.08.2013,12:05 AM,1207.8,RHS,Rural,Reningavaram,Overturning,Lorry Over Turned,Lorry,Minor injury,Fault of driver of motor vehicle/driver of other vehicle/cyclist/pedestrian/passenger,Four lanes or more with central divider,Straight road,,Fine,AP26U    3249,YES,Fatal,0
18.08.2013,12:05 AM,1207.8,RHS,Rural,Reningavaram,Overturning,Lorry Over Turned,Lorry,Minor injury,Fault of driver of motor vehicle/driver of other vehicle/cyclist/pedestrian/passenger,Four lanes or more with central divider,Straight road,,Fine,AP26U    3249,YES,Grevious,0
18.08.2013,12:05 AM,1207.8,RHS,Rural,Reningavaram,Overturning,Lorry Over Turned,Lorry,Minor injury,Fault of driver of motor vehicle/driver of other vehicle/cyclist/pedestrian/passenger,Four lanes or more with central divider,Straight road,,Fine,AP26U    3249,YES,Minor,1
18.08.2013,12:05 AM,1207.8,RHS,Rural,Reningavaram,Overturning,Lorry Over Turned,Lorry,Minor injury,Fault of driver of motor vehicle/driver of other vehicle/cyclist/pedestrian/passenger,Four lanes or more with central divider,Straight road,,Fine,AP26U    3249,YES,Non injured ,1
18.08.2013,12:05 AM,1207.8,RHS,Rural,Reningavaram,Overturning,Lorry Over Turned,Lorry,Minor injury,Fault of driver of motor vehicle/driver of other vehicle/cyclist/pedestrian/passenger,Four lanes or more with central divider,Straight road,,Fine,AP26U    3249,YES,Animals affected,0
18.08.2013,1:10 AM,1234,RHS,Rural,Maddipadu,Collision Brush/Side Wipe,Lorry  hit        Median,Lorry,Non injury,Over speed,Four lanes or more with central divider,Straight road,,Fine,AP24Y   4519,YES,Fatal,0
18.08.2013,1:10 AM,1234,RHS,Rural,Maddipadu,Collision Brush/Side Wipe,Lorry  hit        Median,Lorry,Non injury,Over speed,Four lanes or more with central divider,Straight road,,Fine,AP24Y   4519,YES,Grevious,0
18.08.2013,1:10 AM,1234,RHS,Rural,Maddipadu,Collision Brush/Side Wipe,Lorry  hit        Median,Lorry,Non injury,Over speed,Four lanes or more with central divider,Straight road,,Fine,AP24Y   4519,YES,Minor,0
18.08.2013,1:10 AM,1234,RHS,Rural,Maddipadu,Collision Brush/Side Wipe,Lorry  hit        Median,Lorry,Non injury,Over speed,Four lanes or more with central divider,Straight road,,Fine,AP24Y   4519,YES,Non injured ,2
18.08.2013,1:10 AM,1234,RHS,Rural,Maddipadu,Collision Brush/Side Wipe,Lorry  hit        Median,Lorry,Non injury,Over speed,Four lanes or more with central divider,Straight road,,Fine,AP24Y   4519,YES,Animals affected,0
18.08.2013,3:45 AM,1288.3,LHS,Rural,Ulavapadu,Overturning,Tata Ace Auto Over Turned,Tata Ace,Minor injury,Over speed,Four lanes or more with central divider,Sharp curve,,Fine,AP26TB      2732,YES,Fatal,0
18.08.2013,3:45 AM,1288.3,LHS,Rural,Ulavapadu,Overturning,Tata Ace Auto Over Turned,Tata Ace,Minor injury,Over speed,Four lanes or more with central divider,Sharp curve,,Fine,AP26TB      2732,YES,Grevious,0
18.08.2013,3:45 AM,1288.3,LHS,Rural,Ulavapadu,Overturning,Tata Ace Auto Over Turned,Tata Ace,Minor injury,Over speed,Four lanes or more with central divider,Sharp curve,,Fine,AP26TB      2732,YES,Minor,1
18.08.2013,3:45 AM,1288.3,LHS,Rural,Ulavapadu,Overturning,Tata Ace Auto Over Turned,Tata Ace,Minor injury,Over speed,Four lanes or more with central divider,Sharp curve,,Fine,AP26TB      2732,YES,Non injured ,1
18.08.2013,3:45 AM,1288.3,LHS,Rural,Ulavapadu,Overturning,Tata Ace Auto Over Turned,Tata Ace,Minor injury,Over speed,Four lanes or more with central divider,Sharp curve,,Fine,AP26TB      2732,YES,Animals affected,0
18.08.2013,5:30 AM,1347,RHS,Rural,Dagadarthi,Rear End Collision, Lorry hit    Car,Lorry,Minor injury,Over speed,Four lanes or more with central divider,Straight road,,Fine,WB29A   6308,YES,Fatal,0
18.08.2013,5:30 AM,1347,RHS,Rural,Dagadarthi,Rear End Collision, Lorry hit    Car,Lorry,Minor injury,Over speed,Four lanes or more with central divider,Straight road,,Fine,WB29A   6308,YES,Grevious,0
18.08.2013,5:30 AM,1347,RHS,Rural,Dagadarthi,Rear End Collision, Lorry hit    Car,Lorry,Minor injury,Over speed,Four lanes or more with central divider,Straight road,,Fine,WB29A   6308,YES,Minor,2
18.08.2013,5:30 AM,1347,RHS,Rural,Dagadarthi,Rear End Collision, Lorry hit    Car,Lorry,Minor injury,Over speed,Four lanes or more with central divider,Straight road,,Fine,WB29A   6308,YES,Non injured ,2
18.08.2013,5:30 AM,1347,RHS,Rural,Dagadarthi,Rear End Collision, Lorry hit    Car,Lorry,Minor injury,Over speed,Four lanes or more with central divider,Straight road,,Fine,WB29A   6308,YES,Animals affected,0
18.08.2013,7:00 PM,1240.8,LHS,Rural,Ongole,Collision Brush/Side Wipe, Lorry hit Ambulance   ,Lorry,Non injury,Vehicle out of control,Four lanes or more with central divider,Straight road,T-Junction,Fine,AP26Y       8559,YES,Fatal,0
18.08.2013,7:00 PM,1240.8,LHS,Rural,Ongole,Collision Brush/Side Wipe, Lorry hit Ambulance   ,Lorry,Non injury,Vehicle out of control,Four lanes or more with central divider,Straight road,T-Junction,Fine,AP26Y       8559,YES,Grevious,0
18.08.2013,7:00 PM,1240.8,LHS,Rural,Ongole,Collision Brush/Side Wipe, Lorry hit Ambulance   ,Lorry,Non injury,Vehicle out of control,Four lanes or more with central divider,Straight road,T-Junction,Fine,AP26Y       8559,YES,Minor,0
18.08.2013,7:00 PM,1240.8,LHS,Rural,Ongole,Collision Brush/Side Wipe, Lorry hit Ambulance   ,Lorry,Non injury,Vehicle out of control,Four lanes or more with central divider,Straight road,T-Junction,Fine,AP26Y       8559,YES,Non injured ,3
18.08.2013,7:00 PM,1240.8,LHS,Rural,Ongole,Collision Brush/Side Wipe, Lorry hit Ambulance   ,Lorry,Non injury,Vehicle out of control,Four lanes or more with central divider,Straight road,T-Junction,Fine,AP26Y       8559,YES,Animals affected,0
18.08.2013,10:13 PM,1228.2,LHS,Rural,Maddipadu,Collision Brush/Side Wipe,Lorry  hit        Bike,Lorry,Fatal,Over speed,Four lanes or more with central divider,Straight road,,Fine,AP26TT   5999,YES,Fatal,1
18.08.2013,10:13 PM,1228.2,LHS,Rural,Maddipadu,Collision Brush/Side Wipe,Lorry  hit        Bike,Lorry,Fatal,Over speed,Four lanes or more with central divider,Straight road,,Fine,AP26TT   5999,YES,Grevious,0
18.08.2013,10:13 PM,1228.2,LHS,Rural,Maddipadu,Collision Brush/Side Wipe,Lorry  hit        Bike,Lorry,Fatal,Over speed,Four lanes or more with central divider,Straight road,,Fine,AP26TT   5999,YES,Minor,0
18.08.2013,10:13 PM,1228.2,LHS,Rural,Maddipadu,Collision Brush/Side Wipe,Lorry  hit        Bike,Lorry,Fatal,Over speed,Four lanes or more with central divider,Straight road,,Fine,AP26TT   5999,YES,Non injured ,2
18.08.2013,10:13 PM,1228.2,LHS,Rural,Maddipadu,Collision Brush/Side Wipe,Lorry  hit        Bike,Lorry,Fatal,Over speed,Four lanes or more with central divider,Straight road,,Fine,AP26TT   5999,YES,Animals affected,0
19.08.2013,2:50 AM,1285.3,LHS,Rural,Singarayakonda,Collision Brush/Side Wipe,Lorry  hit        Median,Lorry,Non injury,Over speed,Four lanes or more with central divider,Straight road,,Fine,AP16TC    8494,YES,Fatal,0
19.08.2013,2:50 AM,1285.3,LHS,Rural,Singarayakonda,Collision Brush/Side Wipe,Lorry  hit        Median,Lorry,Non injury,Over speed,Four lanes or more with central divider,Straight road,,Fine,AP16TC    8494,YES,Grevious,0
19.08.2013,2:50 AM,1285.3,LHS,Rural,Singarayakonda,Collision Brush/Side Wipe,Lorry  hit        Median,Lorry,Non injury,Over speed,Four lanes or more with central divider,Straight road,,Fine,AP16TC    8494,YES,Minor,0
19.08.2013,2:50 AM,1285.3,LHS,Rural,Singarayakonda,Collision Brush/Side Wipe,Lorry  hit        Median,Lorry,Non injury,Over speed,Four lanes or more with central divider,Straight road,,Fine,AP16TC    8494,YES,Non injured ,2
19.08.2013,2:50 AM,1285.3,LHS,Rural,Singarayakonda,Collision Brush/Side Wipe,Lorry  hit        Median,Lorry,Non injury,Over speed,Four lanes or more with central divider,Straight road,,Fine,AP16TC    8494,YES,Animals affected,0
19.08.2013,4:40 AM,1350.7,RHS,Rural,Kodavaluru,Collision Brush/Side Wipe, Lorry hit Safety wall,Lorry,Non injury,Over speed,Four lanes or more with central divider,Straight road,,Fine,AP29TB   1719,YES,Fatal,0
19.08.2013,4:40 AM,1350.7,RHS,Rural,Kodavaluru,Collision Brush/Side Wipe, Lorry hit Safety wall,Lorry,Non injury,Over speed,Four lanes or more with central divider,Straight road,,Fine,AP29TB   1719,YES,Grevious,0
19.08.2013,4:40 AM,1350.7,RHS,Rural,Kodavaluru,Collision Brush/Side Wipe, Lorry hit Safety wall,Lorry,Non injury,Over speed,Four lanes or more with central divider,Straight road,,Fine,AP29TB   1719,YES,Minor,0
19.08.2013,4:40 AM,1350.7,RHS,Rural,Kodavaluru,Collision Brush/Side Wipe, Lorry hit Safety wall,Lorry,Non injury,Over speed,Four lanes or more with central divider,Straight road,,Fine,AP29TB   1719,YES,Non injured ,2
19.08.2013,4:40 AM,1350.7,RHS,Rural,Kodavaluru,Collision Brush/Side Wipe, Lorry hit Safety wall,Lorry,Non injury,Over speed,Four lanes or more with central divider,Straight road,,Fine,AP29TB   1719,YES,Animals affected,0
19.08.2013,7:15 AM,1313.2,RHS,Rural,Kavali,Rear End Collision, Lorry hit Lorry,Lorry,Non injury,Fault of driver of motor vehicle/driver of other vehicle/cyclist/pedestrian/passenger,Four lanes or more with central divider,Straight road,,Fine,AP29D     8805,YES,Fatal,0
19.08.2013,7:15 AM,1313.2,RHS,Rural,Kavali,Rear End Collision, Lorry hit Lorry,Lorry,Non injury,Fault of driver of motor vehicle/driver of other vehicle/cyclist/pedestrian/passenger,Four lanes or more with central divider,Straight road,,Fine,AP29D     8805,YES,Grevious,0
19.08.2013,7:15 AM,1313.2,RHS,Rural,Kavali,Rear End Collision, Lorry hit Lorry,Lorry,Non injury,Fault of driver of motor vehicle/driver of other vehicle/cyclist/pedestrian/passenger,Four lanes or more with central divider,Straight road,,Fine,AP29D     8805,YES,Minor,0
19.08.2013,7:15 AM,1313.2,RHS,Rural,Kavali,Rear End Collision, Lorry hit Lorry,Lorry,Non injury,Fault of driver of motor vehicle/driver of other vehicle/cyclist/pedestrian/passenger,Four lanes or more with central divider,Straight road,,Fine,AP29D     8805,YES,Non injured ,4
19.08.2013,7:15 AM,1313.2,RHS,Rural,Kavali,Rear End Collision, Lorry hit Lorry,Lorry,Non injury,Fault of driver of motor vehicle/driver of other vehicle/cyclist/pedestrian/passenger,Four lanes or more with central divider,Straight road,,Fine,AP29D     8805,YES,Animals affected,0
19.08.2013,11:00 AM,1226.6,LHS,Rural,Maddipadu,Head on collision,Car hit      Bike       ,Car,Grievious injury,Over speed,Four lanes or more with central divider,Straight road,,Fine,AP27AF   5467,YES,Fatal,0