Operational date,Time of Accident,KM && M,Position,Rural/Urban,Location,Nature of Accident Position,Nature of Accident,Vehicle Involved,Type of Accident,Causes,Road Feature,Road condition,Intersection Type And Control,Weather Condition,Vehicle Responsible,Help Provided by Ambulance/Patroling Vehicle,Classification of Accident,No of Affected Persons
19.08.2013,11:00 AM,1226.6,LHS,Rural,Maddipadu,Head on collision,Car hit      Bike       ,Car,Grievious injury,Over speed,Four lanes or more with central divider,Straight road,,Fine,AP27AF   5467,YES,Grevious,1
19.08.2013,11:00 AM,1226.6,LHS,Rural,Maddipadu,Head on collision,Car hit      Bike       ,Car,Grievious injury,Over speed,Four lanes or more with central divider,Straight road,,Fine,AP27AF   5467,YES,Minor,0
19.08.2013,11:00 AM,1226.6,LHS,Rural,Maddipadu,Head on collision,Car hit      Bike       ,Car,Grievious injury,Over speed,Four lanes or more with central divider,Straight road,,Fine,AP27AF   5467,YES,Non injured ,3
19.08.2013,11:00 AM,1226.6,LHS,Rural,Maddipadu,Head on collision,Car hit      Bike       ,Car,Grievious injury,Over speed,Four lanes or more with central divider,Straight road,,Fine,AP27AF   5467,YES,Animals affected,0
19.08.2013,1:03 PM,1261.6,LHS,Rural,Tangutur,Collision Brush/Side Wipe,Bike hit    Unknown Vehicle,Bike,Fatal,Over speed,Four lanes or more with central divider,Straight road,,Fine,AP27N     5241,YES,Fatal,1
19.08.2013,1:03 PM,1261.6,LHS,Rural,Tangutur,Collision Brush/Side Wipe,Bike hit    Unknown Vehicle,Bike,Fatal,Over speed,Four lanes or more with central divider,Straight road,,Fine,AP27N     5241,YES,Grevious,0
19.08.2013,1:03 PM,1261.6,LHS,Rural,Tangutur,Collision Brush/Side Wipe,Bike hit    Unknown Vehicle,Bike,Fatal,Over speed,Four lanes or more with central divider,Straight road,,Fine,AP27N     5241,YES,Minor,0
19.08.2013,1:03 PM,1261.6,LHS,Rural,Tangutur,Collision Brush/Side Wipe,Bike hit    Unknown Vehicle,Bike,Fatal,Over speed,Four lanes or more with central divider,Straight road,,Fine,AP27N     5241,YES,Non injured ,0
19.08.2013,1:03 PM,1261.6,LHS,Rural,Tangutur,Collision Brush/Side Wipe,Bike hit    Unknown Vehicle,Bike,Fatal,Over speed,Four lanes or more with central divider,Straight road,,Fine,AP27N     5241,YES,Animals affected,0
19.08.2013,10:55 PM,1216.3,LHS,Rural,Medarametla,Overturning,Mini Lorry Over Turned,Lorry,Non injury,Vehicle out of control,Four lanes or more with central divider,Sharp curve,,Fine,AP27TT   9547,YES,Fatal,0
19.08.2013,10:55 PM,1216.3,LHS,Rural,Medarametla,Overturning,Mini Lorry Over Turned,Lorry,Non injury,Vehicle out of control,Four lanes or more with central divider,Sharp curve,,Fine,AP27TT   9547,YES,Grevious,0
19.08.2013,10:55 PM,1216.3,LHS,Rural,Medarametla,Overturning,Mini Lorry Over Turned,Lorry,Non injury,Vehicle out of control,Four lanes or more with central divider,Sharp curve,,Fine,AP27TT   9547,YES,Minor,0
19.08.2013,10:55 PM,1216.3,LHS,Rural,Medarametla,Overturning,Mini Lorry Over Turned,Lorry,Non injury,Vehicle out of control,Four lanes or more with central divider,Sharp curve,,Fine,AP27TT   9547,YES,Non injured ,1
19.08.2013,10:55 PM,1216.3,LHS,Rural,Medarametla,Overturning,Mini Lorry Over Turned,Lorry,Non injury,Vehicle out of control,Four lanes or more with central divider,Sharp curve,,Fine,AP27TT   9547,YES,Animals affected,0
20.08.2013,1:30 AM,1347,LHS,Rural,Dagadarthi,Overturning,Mini Lorry Over Turned,Lorry,Minor injury,Over speed,Four lanes or more with central divider,Straight road,,Fine,AP27TU  3255,YES,Fatal,0
20.08.2013,1:30 AM,1347,LHS,Rural,Dagadarthi,Overturning,Mini Lorry Over Turned,Lorry,Minor injury,Over speed,Four lanes or more with central divider,Straight road,,Fine,AP27TU  3255,YES,Grevious,0
20.08.2013,1:30 AM,1347,LHS,Rural,Dagadarthi,Overturning,Mini Lorry Over Turned,Lorry,Minor injury,Over speed,Four lanes or more with central divider,Straight road,,Fine,AP27TU  3255,YES,Minor,1
20.08.2013,1:30 AM,1347,LHS,Rural,Dagadarthi,Overturning,Mini Lorry Over Turned,Lorry,Minor injury,Over speed,Four lanes or more with central divider,Straight road,,Fine,AP27TU  3255,YES,Non injured ,0
20.08.2013,1:30 AM,1347,LHS,Rural,Dagadarthi,Overturning,Mini Lorry Over Turned,Lorry,Minor injury,Over speed,Four lanes or more with central divider,Straight road,,Fine,AP27TU  3255,YES,Animals affected,0
20.08.2013,1:55 AM,1275.6,LHS,Rural,Singarayakonda,Rear End Collision, Lorry hit    Car,Lorry,Non injury,Fault of driver of motor vehicle/driver of other vehicle/cyclist/pedestrian/passenger,Four lanes or more with central divider,Straight road,,Fine,AP27AW    5665,YES,Fatal,0
20.08.2013,1:55 AM,1275.6,LHS,Rural,Singarayakonda,Rear End Collision, Lorry hit    Car,Lorry,Non injury,Fault of driver of motor vehicle/driver of other vehicle/cyclist/pedestrian/passenger,Four lanes or more with central divider,Straight road,,Fine,AP27AW    5665,YES,Grevious,0
20.08.2013,1:55 AM,1275.6,LHS,Rural,Singarayakonda,Rear End Collision, Lorry hit    Car,Lorry,Non injury,Fault of driver of motor vehicle/driver of other vehicle/cyclist/pedestrian/passenger,Four lanes or more with central divider,Straight road,,Fine,AP27AW    5665,YES,Minor,0
20.08.2013,1:55 AM,1275.6,LHS,Rural,Singarayakonda,Rear End Collision, Lorry hit    Car,Lorry,Non injury,Fault of driver of motor vehicle/driver of other vehicle/cyclist/pedestrian/passenger,Four lanes or more with central divider,Straight road,,Fine,AP27AW    5665,YES,Non injured ,4
20.08.2013,1:55 AM,1275.6,LHS,Rural,Singarayakonda,Rear End Collision, Lorry hit    Car,Lorry,Non injury,Fault of driver of motor vehicle/driver of other vehicle/cyclist/pedestrian/passenger,Four lanes or more with central divider,Straight road,,Fine,AP27AW    5665,YES,Animals affected,0
20.08.2013,10:00 AM,1272.3,LHS,Rural,Jarugumalli,Rear End Collision,Mini Lorry hit Unknown Vehicle,Lorry,Non injury,Over speed,Four lanes or more with central divider,Straight road,,Fine,AP16TB    5475,YES,Fatal,0
20.08.2013,10:00 AM,1272.3,LHS,Rural,Jarugumalli,Rear End Collision,Mini Lorry hit Unknown Vehicle,Lorry,Non injury,Over speed,Four lanes or more with central divider,Straight road,,Fine,AP16TB    5475,YES,Grevious,0
20.08.2013,10:00 AM,1272.3,LHS,Rural,Jarugumalli,Rear End Collision,Mini Lorry hit Unknown Vehicle,Lorry,Non injury,Over speed,Four lanes or more with central divider,Straight road,,Fine,AP16TB    5475,YES,Minor,0
20.08.2013,10:00 AM,1272.3,LHS,Rural,Jarugumalli,Rear End Collision,Mini Lorry hit Unknown Vehicle,Lorry,Non injury,Over speed,Four lanes or more with central divider,Straight road,,Fine,AP16TB    5475,YES,Non injured ,2
20.08.2013,10:00 AM,1272.3,LHS,Rural,Jarugumalli,Rear End Collision,Mini Lorry hit Unknown Vehicle,Lorry,Non injury,Over speed,Four lanes or more with central divider,Straight road,,Fine,AP16TB    5475,YES,Animals affected,0
20.08.2013,10:10 PM,1208.1,LHS,Rural,Reningavaram,Rear End Collision, Lorry hit Lorry,Lorry,Minor injury,Over speed,Four lanes or more with central divider,Slight curve,,Fine,AP16TG   3147,YES,Fatal,0
20.08.2013,10:10 PM,1208.1,LHS,Rural,Reningavaram,Rear End Collision, Lorry hit Lorry,Lorry,Minor injury,Over speed,Four lanes or more with central divider,Slight curve,,Fine,AP16TG   3147,YES,Grevious,0
20.08.2013,10:10 PM,1208.1,LHS,Rural,Reningavaram,Rear End Collision, Lorry hit Lorry,Lorry,Minor injury,Over speed,Four lanes or more with central divider,Slight curve,,Fine,AP16TG   3147,YES,Minor,1
20.08.2013,10:10 PM,1208.1,LHS,Rural,Reningavaram,Rear End Collision, Lorry hit Lorry,Lorry,Minor injury,Over speed,Four lanes or more with central divider,Slight curve,,Fine,AP16TG   3147,YES,Non injured ,3
20.08.2013,10:10 PM,1208.1,LHS,Rural,Reningavaram,Rear End Collision, Lorry hit Lorry,Lorry,Minor injury,Over speed,Four lanes or more with central divider,Slight curve,,Fine,AP16TG   3147,YES,Animals affected,0
21.08.2013,12:05 AM,1321.7,RHS,Rural,Kavali,Rear End Collision,Lorry hit Unknown Vehicle,Lorry,Non injury,Over speed,Four lanes or more with central divider,Straight road,,Fine,AP04V        5024,YES,Fatal,0
21.08.2013,12:05 AM,1321.7,RHS,Rural,Kavali,Rear End Collision,Lorry hit Unknown Vehicle,Lorry,Non injury,Over speed,Four lanes or more with central divider,Straight road,,Fine,AP04V        5024,YES,Grevious,0
21.08.2013,12:05 AM,1321.7,RHS,Rural,Kavali,Rear End Collision,Lorry hit Unknown Vehicle,Lorry,Non injury,Over speed,Four lanes or more with central divider,Straight road,,Fine,AP04V        5024,YES,Minor,0
21.08.2013,12:05 AM,1321.7,RHS,Rural,Kavali,Rear End Collision,Lorry hit Unknown Vehicle,Lorry,Non injury,Over speed,Four lanes or more with central divider,Straight road,,Fine,AP04V        5024,YES,Non injured ,2
21.08.2013,12:05 AM,1321.7,RHS,Rural,Kavali,Rear End Collision,Lorry hit Unknown Vehicle,Lorry,Non injury,Over speed,Four lanes or more with central divider,Straight road,,Fine,AP04V        5024,YES,Animals affected,0
21.08.2013,6:20 AM,1233.9,RHS,Rural,Maddipadu,Overturning,Lorry Over Turned,Lorry,Non injury,Over speed,Four lanes or more with central divider,Straight road,,Fine,HR38J           3228,YES,Fatal,0
21.08.2013,6:20 AM,1233.9,RHS,Rural,Maddipadu,Overturning,Lorry Over Turned,Lorry,Non injury,Over speed,Four lanes or more with central divider,Straight road,,Fine,HR38J           3228,YES,Grevious,0
21.08.2013,6:20 AM,1233.9,RHS,Rural,Maddipadu,Overturning,Lorry Over Turned,Lorry,Non injury,Over speed,Four lanes or more with central divider,Straight road,,Fine,HR38J           3228,YES,Minor,0
21.08.2013,6:20 AM,1233.9,RHS,Rural,Maddipadu,Overturning,Lorry Over Turned,Lorry,Non injury,Over speed,Four lanes or more with central divider,Straight road,,Fine,HR38J           3228,YES,Non injured ,2
21.08.2013,6:20 AM,1233.9,RHS,Rural,Maddipadu,Overturning,Lorry Over Turned,Lorry,Non injury,Over speed,Four lanes or more with central divider,Straight road,,Fine,HR38J           3228,YES,Animals affected,0
21.08.2013,4:50 PM,1226.9,LHS,Rural,Maddipadu,Collision Brush/Side Wipe, Car hit Safety Wall,Car,Non injury,Over speed,Four lanes or more with central divider,Straight road,,Fine,AP27AM     1087,YES,Fatal,0
21.08.2013,4:50 PM,1226.9,LHS,Rural,Maddipadu,Collision Brush/Side Wipe, Car hit Safety Wall,Car,Non injury,Over speed,Four lanes or more with central divider,Straight road,,Fine,AP27AM     1087,YES,Grevious,0
21.08.2013,4:50 PM,1226.9,LHS,Rural,Maddipadu,Collision Brush/Side Wipe, Car hit Safety Wall,Car,Non injury,Over speed,Four lanes or more with central divider,Straight road,,Fine,AP27AM     1087,YES,Minor,0
21.08.2013,4:50 PM,1226.9,LHS,Rural,Maddipadu,Collision Brush/Side Wipe, Car hit Safety Wall,Car,Non injury,Over speed,Four lanes or more with central divider,Straight road,,Fine,AP27AM     1087,YES,Non injured ,2
21.08.2013,4:50 PM,1226.9,LHS,Rural,Maddipadu,Collision Brush/Side Wipe, Car hit Safety Wall,Car,Non injury,Over speed,Four lanes or more with central divider,Straight road,,Fine,AP27AM     1087,YES,Animals affected,0
21.08.2013,7:20 PM,1236.1,LHS,Rural,Maddipadu,Skidding, Bike Siked  on the Road,Bike,Grievious injury,Over speed,Four lanes or more with central divider,Straight road,,Fine,AP27AB  5775,YES,Fatal,0
21.08.2013,7:20 PM,1236.1,LHS,Rural,Maddipadu,Skidding, Bike Siked  on the Road,Bike,Grievious injury,Over speed,Four lanes or more with central divider,Straight road,,Fine,AP27AB  5775,YES,Grevious,1
21.08.2013,7:20 PM,1236.1,LHS,Rural,Maddipadu,Skidding, Bike Siked  on the Road,Bike,Grievious injury,Over speed,Four lanes or more with central divider,Straight road,,Fine,AP27AB  5775,YES,Minor,0
21.08.2013,7:20 PM,1236.1,LHS,Rural,Maddipadu,Skidding, Bike Siked  on the Road,Bike,Grievious injury,Over speed,Four lanes or more with central divider,Straight road,,Fine,AP27AB  5775,YES,Non injured ,0
21.08.2013,7:20 PM,1236.1,LHS,Rural,Maddipadu,Skidding, Bike Siked  on the Road,Bike,Grievious injury,Over speed,Four lanes or more with central divider,Straight road,,Fine,AP27AB  5775,YES,Animals affected,0
22.08.2013,1:00 AM,1201.9,LHS,Rural,Reningavaram,Rear End Collision, Mini Lorry hit Mini Lorry,Lorry,Minor injury,Over speed,Four lanes or more with central divider,Straight road,,Fine,AP16TA   7449,YES,Fatal,0
22.08.2013,1:00 AM,1201.9,LHS,Rural,Reningavaram,Rear End Collision, Mini Lorry hit Mini Lorry,Lorry,Minor injury,Over speed,Four lanes or more with central divider,Straight road,,Fine,AP16TA   7449,YES,Grevious,0
22.08.2013,1:00 AM,1201.9,LHS,Rural,Reningavaram,Rear End Collision, Mini Lorry hit Mini Lorry,Lorry,Minor injury,Over speed,Four lanes or more with central divider,Straight road,,Fine,AP16TA   7449,YES,Minor,3
22.08.2013,1:00 AM,1201.9,LHS,Rural,Reningavaram,Rear End Collision, Mini Lorry hit Mini Lorry,Lorry,Minor injury,Over speed,Four lanes or more with central divider,Straight road,,Fine,AP16TA   7449,YES,Non injured ,1
22.08.2013,1:00 AM,1201.9,LHS,Rural,Reningavaram,Rear End Collision, Mini Lorry hit Mini Lorry,Lorry,Minor injury,Over speed,Four lanes or more with central divider,Straight road,,Fine,AP16TA   7449,YES,Animals affected,0
22.08.2013,3:38 AM,1350.7,LHS,Rural,Kodavaluru,Collision Brush/Side Wipe,Unknown Vehicle hit     Bike,Unknown,Fatal,Over speed,Four lanes or more with central divider,Straight road,,Fine,Unknown     Vehicle,YES,Fatal,1
22.08.2013,3:38 AM,1350.7,LHS,Rural,Kodavaluru,Collision Brush/Side Wipe,Unknown Vehicle hit     Bike,Unknown,Fatal,Over speed,Four lanes or more with central divider,Straight road,,Fine,Unknown     Vehicle,YES,Grevious,1
22.08.2013,3:38 AM,1350.7,LHS,Rural,Kodavaluru,Collision Brush/Side Wipe,Unknown Vehicle hit     Bike,Unknown,Fatal,Over speed,Four lanes or more with central divider,Straight road,,Fine,Unknown     Vehicle,YES,Minor,0
22.08.2013,3:38 AM,1350.7,LHS,Rural,Kodavaluru,Collision Brush/Side Wipe,Unknown Vehicle hit     Bike,Unknown,Fatal,Over speed,Four lanes or more with central divider,Straight road,,Fine,Unknown     Vehicle,YES,Non injured ,0
22.08.2013,3:38 AM,1350.7,LHS,Rural,Kodavaluru,Collision Brush/Side Wipe,Unknown Vehicle hit     Bike,Unknown,Fatal,Over speed,Four lanes or more with central divider,Straight road,,Fine,Unknown     Vehicle,YES,Animals affected,0
22.08.2013,3:50 AM,1350.5,LHS,Rural,Kodavaluru,Overturning,Auto        Over Turned,Auto,Minor injury,Over speed,Four lanes or more with central divider,Straight road,,Fine,AP26T/R     ,YES,Fatal,0
22.08.2013,3:50 AM,1350.5,LHS,Rural,Kodavaluru,Overturning,Auto        Over Turned,Auto,Minor injury,Over speed,Four lanes or more with central divider,Straight road,,Fine,AP26T/R     ,YES,Grevious,0
22.08.2013,3:50 AM,1350.5,LHS,Rural,Kodavaluru,Overturning,Auto        Over Turned,Auto,Minor injury,Over speed,Four lanes or more with central divider,Straight road,,Fine,AP26T/R     ,YES,Minor,3
22.08.2013,3:50 AM,1350.5,LHS,Rural,Kodavaluru,Overturning,Auto        Over Turned,Auto,Minor injury,Over speed,Four lanes or more with central divider,Straight road,,Fine,AP26T/R     ,YES,Non injured ,2
22.08.2013,3:50 AM,1350.5,LHS,Rural,Kodavaluru,Overturning,Auto        Over Turned,Auto,Minor injury,Over speed,Four lanes or more with central divider,Straight road,,Fine,AP26T/R     ,YES,Animals affected,0
22.08.2013,5:00 PM,1361.7,RHS,Rural,Kovuru,Rear End Collision, Lorry hit Lorry and Lorry,Lorry,Grievious injury,Over speed,Four lanes or more with central divider,Straight road,,Fine,AP21W   0085,YES,Fatal,0
22.08.2013,5:00 PM,1361.7,RHS,Rural,Kovuru,Rear End Collision, Lorry hit Lorry and Lorry,Lorry,Grievious injury,Over speed,Four lanes or more with central divider,Straight road,,Fine,AP21W   0085,YES,Grevious,1
22.08.2013,5:00 PM,1361.7,RHS,Rural,Kovuru,Rear End Collision, Lorry hit Lorry and Lorry,Lorry,Grievious injury,Over speed,Four lanes or more with central divider,Straight road,,Fine,AP21W   0085,YES,Minor,0
22.08.2013,5:00 PM,1361.7,RHS,Rural,Kovuru,Rear End Collision, Lorry hit Lorry and Lorry,Lorry,Grievious injury,Over speed,Four lanes or more with central divider,Straight road,,Fine,AP21W   0085,YES,Non injured ,5
22.08.2013,5:00 PM,1361.7,RHS,Rural,Kovuru,Rear End Collision, Lorry hit Lorry and Lorry,Lorry,Grievious injury,Over speed,Four lanes or more with central divider,Straight road,,Fine,AP21W   0085,YES,Animals affected,0
23.8.2013,1:20 AM,1202.7,RHS,Rural,Reningavaram,Collision Brush/Side Wipe,Mini Van hit   Median,Lorry,Non injury,Fault of driver of motor vehicle/driver of other vehicle/cyclist/pedestrian/passenger,Four lanes or more with central divider,Straight road,,Fine,AP04TT   2570,YES,Fatal,0
23.8.2013,1:20 AM,1202.7,RHS,Rural,Reningavaram,Collision Brush/Side Wipe,Mini Van hit   Median,Lorry,Non injury,Fault of driver of motor vehicle/driver of other vehicle/cyclist/pedestrian/passenger,Four lanes or more with central divider,Straight road,,Fine,AP04TT   2570,YES,Grevious,0
23.8.2013,1:20 AM,1202.7,RHS,Rural,Reningavaram,Collision Brush/Side Wipe,Mini Van hit   Median,Lorry,Non injury,Fault of driver of motor vehicle/driver of other vehicle/cyclist/pedestrian/passenger,Four lanes or more with central divider,Straight road,,Fine,AP04TT   2570,YES,Minor,0
23.8.2013,1:20 AM,1202.7,RHS,Rural,Reningavaram,Collision Brush/Side Wipe,Mini Van hit   Median,Lorry,Non injury,Fault of driver of motor vehicle/driver of other vehicle/cyclist/pedestrian/passenger,Four lanes or more with central divider,Straight road,,Fine,AP04TT   2570,YES,Non injured ,2
23.8.2013,1:20 AM,1202.7,RHS,Rural,Reningavaram,Collision Brush/Side Wipe,Mini Van hit   Median,Lorry,Non injury,Fault of driver of motor vehicle/driver of other vehicle/cyclist/pedestrian/passenger,Four lanes or more with central divider,Straight road,,Fine,AP04TT   2570,YES,Animals affected,0
23.8.2013,7:40 AM,1238.9,LHS,Rural,Maddipadu,Overturning,Lorry Over Turned,Lorry,Non injury,Over speed,Four lanes or more with central divider,Straight road,,Fine,AP26TA    9169,YES,Fatal,0
23.8.2013,7:40 AM,1238.9,LHS,Rural,Maddipadu,Overturning,Lorry Over Turned,Lorry,Non injury,Over speed,Four lanes or more with central divider,Straight road,,Fine,AP26TA    9169,YES,Grevious,0
23.8.2013,7:40 AM,1238.9,LHS,Rural,Maddipadu,Overturning,Lorry Over Turned,Lorry,Non injury,Over speed,Four lanes or more with central divider,Straight road,,Fine,AP26TA    9169,YES,Minor,0
23.8.2013,7:40 AM,1238.9,LHS,Rural,Maddipadu,Overturning,Lorry Over Turned,Lorry,Non injury,Over speed,Four lanes or more with central divider,Straight road,,Fine,AP26TA    9169,YES,Non injured ,2
23.8.2013,7:40 AM,1238.9,LHS,Rural,Maddipadu,Overturning,Lorry Over Turned,Lorry,Non injury,Over speed,Four lanes or more with central divider,Straight road,,Fine,AP26TA    9169,YES,Animals affected,0
24.08.2013,2:22 PM,1340.9,RHS,Rural,Dagadarthi,Rear End Collision, Lorry hit Lorry,Lorry,Minor injury,Over speed,Four lanes or more with central divider,Straight road,,Fine,AP29TB        5108,YES,Fatal,0
24.08.2013,2:22 PM,1340.9,RHS,Rural,Dagadarthi,Rear End Collision, Lorry hit Lorry,Lorry,Minor injury,Over speed,Four lanes or more with central divider,Straight road,,Fine,AP29TB        5108,YES,Grevious,0
24.08.2013,2:22 PM,1340.9,RHS,Rural,Dagadarthi,Rear End Collision, Lorry hit Lorry,Lorry,Minor injury,Over speed,Four lanes or more with central divider,Straight road,,Fine,AP29TB        5108,YES,Minor,1
24.08.2013,2:22 PM,1340.9,RHS,Rural,Dagadarthi,Rear End Collision, Lorry hit Lorry,Lorry,Minor injury,Over speed,Four lanes or more with central divider,Straight road,,Fine,AP29TB        5108,YES,Non injured ,3
24.08.2013,2:22 PM,1340.9,RHS,Rural,Dagadarthi,Rear End Collision, Lorry hit Lorry,Lorry,Minor injury,Over speed,Four lanes or more with central divider,Straight road,,Fine,AP29TB        5108,YES,Animals affected,0
24.08.2013,2:32 PM,1270.8,LHS,Rural,Jarugumalli,Rear End Collision,Tata Ace Truck hit Ape Auto,Tata Ace,Minor injury,Over speed,Four lanes or more with central divider,Straight road,T-Junction,Fine,AP07TB  3432,YES,Fatal,0
24.08.2013,2:32 PM,1270.8,LHS,Rural,Jarugumalli,Rear End Collision,Tata Ace Truck hit Ape Auto,Tata Ace,Minor injury,Over speed,Four lanes or more with central divider,Straight road,T-Junction,Fine,AP07TB  3432,YES,Grevious,0
24.08.2013,2:32 PM,1270.8,LHS,Rural,Jarugumalli,Rear End Collision,Tata Ace Truck hit Ape Auto,Tata Ace,Minor injury,Over speed,Four lanes or more with central divider,Straight road,T-Junction,Fine,AP07TB  3432,YES,Minor,2
24.08.2013,2:32 PM,1270.8,LHS,Rural,Jarugumalli,Rear End Collision,Tata Ace Truck hit Ape Auto,Tata Ace,Minor injury,Over speed,Four lanes or more with central divider,Straight road,T-Junction,Fine,AP07TB  3432,YES,Non injured ,2
24.08.2013,2:32 PM,1270.8,LHS,Rural,Jarugumalli,Rear End Collision,Tata Ace Truck hit Ape Auto,Tata Ace,Minor injury,Over speed,Four lanes or more with central divider,Straight road,T-Junction,Fine,AP07TB  3432,YES,Animals affected,0
25.08.2013,12:25 AM,1271.3,RHS,Rural,Jarugumalli,Rear End Collision, Car hit  Tractor,Car,Non injury,Over speed,Four lanes or more with central divider,Straight road,,Fine,AP16BJ  1443,YES,Fatal,0
25.08.2013,12:25 AM,1271.3,RHS,Rural,Jarugumalli,Rear End Collision, Car hit  Tractor,Car,Non injury,Over speed,Four lanes or more with central divider,Straight road,,Fine,AP16BJ  1443,YES,Grevious,0
25.08.2013,12:25 AM,1271.3,RHS,Rural,Jarugumalli,Rear End Collision, Car hit  Tractor,Car,Non injury,Over speed,Four lanes or more with central divider,Straight road,,Fine,AP16BJ  1443,YES,Minor,0
25.08.2013,12:25 AM,1271.3,RHS,Rural,Jarugumalli,Rear End Collision, Car hit  Tractor,Car,Non injury,Over speed,Four lanes or more with central divider,Straight road,,Fine,AP16BJ  1443,YES,Non injured ,6
25.08.2013,12:25 AM,1271.3,RHS,Rural,Jarugumalli,Rear End Collision, Car hit  Tractor,Car,Non injury,Over speed,Four lanes or more with central divider,Straight road,,Fine,AP16BJ  1443,YES,Animals affected,0
25.08.2013,1:45 AM,1323.5,LHS,Rural,Kavali,Collision Brush/Side Wipe, Car hit Unknown Vehicle,Car,Non injury,Over speed,Four lanes or more with central divider,Straight road,,Fine,AP26Q   1890,YES,Fatal,0
25.08.2013,1:45 AM,1323.5,LHS,Rural,Kavali,Collision Brush/Side Wipe, Car hit Unknown Vehicle,Car,Non injury,Over speed,Four lanes or more with central divider,Straight road,,Fine,AP26Q   1890,YES,Grevious,0
25.08.2013,1:45 AM,1323.5,LHS,Rural,Kavali,Collision Brush/Side Wipe, Car hit Unknown Vehicle,Car,Non injury,Over speed,Four lanes or more with central divider,Straight road,,Fine,AP26Q   1890,YES,Minor,0
25.08.2013,1:45 AM,1323.5,LHS,Rural,Kavali,Collision Brush/Side Wipe, Car hit Unknown Vehicle,Car,Non injury,Over speed,Four lanes or more with central divider,Straight road,,Fine,AP26Q   1890,YES,Non injured ,2
25.08.2013,1:45 AM,1323.5,LHS,Rural,Kavali,Collision Brush/Side Wipe, Car hit Unknown Vehicle,Car,Non injury,Over speed,Four lanes or more with central divider,Straight road,,Fine,AP26Q   1890,YES,Animals affected,0
25.08.2013,10:00 AM,1351.7,RHS,Rural,Kodavaluru,Collision Brush/Side Wipe,Lorry hit   Culvert wall,Lorry,Non injury,Over speed,Four lanes or more with central divider,Straight road,,Fine,AP27X 4048,YES,Fatal,0
25.08.2013,10:00 AM,1351.7,RHS,Rural,Kodavaluru,Collision Brush/Side Wipe,Lorry hit   Culvert wall,Lorry,Non injury,Over speed,Four lanes or more with central divider,Straight road,,Fine,AP27X 4048,YES,Grevious,0
25.08.2013,10:00 AM,1351.7,RHS,Rural,Kodavaluru,Collision Brush/Side Wipe,Lorry hit   Culvert wall,Lorry,Non injury,Over speed,Four lanes or more with central divider,Straight road,,Fine,AP27X 4048,YES,Minor,0
25.08.2013,10:00 AM,1351.7,RHS,Rural,Kodavaluru,Collision Brush/Side Wipe,Lorry hit   Culvert wall,Lorry,Non injury,Over speed,Four lanes or more with central divider,Straight road,,Fine,AP27X 4048,YES,Non injured ,2
25.08.2013,10:00 AM,1351.7,RHS,Rural,Kodavaluru,Collision Brush/Side Wipe,Lorry hit   Culvert wall,Lorry,Non injury,Over speed,Four lanes or more with central divider,Straight road,,Fine,AP27X 4048,YES,Animals affected,0
25.08.2013,11:00 AM,1318.4,RHS,Rural,Kavali,Collision Brush/Side Wipe, Car hit Unknown Vehicle,Car,Non injury,Over speed,Four lanes or more with central divider,Straight road,,Fine,KA41M    9919,YES,Fatal,0
25.08.2013,11:00 AM,1318.4,RHS,Rural,Kavali,Collision Brush/Side Wipe, Car hit Unknown Vehicle,Car,Non injury,Over speed,Four lanes or more with central divider,Straight road,,Fine,KA41M    9919,YES,Grevious,0
25.08.2013,11:00 AM,1318.4,RHS,Rural,Kavali,Collision Brush/Side Wipe, Car hit Unknown Vehicle,Car,Non injury,Over speed,Four lanes or more with central divider,Straight road,,Fine,KA41M    9919,YES,Minor,0
25.08.2013,11:00 AM,1318.4,RHS,Rural,Kavali,Collision Brush/Side Wipe, Car hit Unknown Vehicle,Car,Non injury,Over speed,Four lanes or more with central divider,Straight road,,Fine,KA41M    9919,YES,Non injured ,2
25.08.2013,11:00 AM,1318.4,RHS,Rural,Kavali,Collision Brush/Side Wipe, Car hit Unknown Vehicle,Car,Non injury,Over speed,Four lanes or more with central divider,Straight road,,Fine,KA41M    9919,YES,Animals affected,0
25.08.2013,3:15 PM,1294,LHS,Rural,Ulavapadu,Collision Brush/Side Wipe,Lorry  hit        Median,Lorry,Non injury,Over speed,Four lanes or more with central divider,Straight road,,Fine,AP26TB     8429,YES,Fatal,0
25.08.2013,3:15 PM,1294,LHS,Rural,Ulavapadu,Collision Brush/Side Wipe,Lorry  hit        Median,Lorry,Non injury,Over speed,Four lanes or more with central divider,Straight road,,Fine,AP26TB     8429,YES,Grevious,0
25.08.2013,3:15 PM,1294,LHS,Rural,Ulavapadu,Collision Brush/Side Wipe,Lorry  hit        Median,Lorry,Non injury,Over speed,Four lanes or more with central divider,Straight road,,Fine,AP26TB     8429,YES,Minor,0
25.08.2013,3:15 PM,1294,LHS,Rural,Ulavapadu,Collision Brush/Side Wipe,Lorry  hit        Median,Lorry,Non injury,Over speed,Four lanes or more with central divider,Straight road,,Fine,AP26TB     8429,YES,Non injured ,2
25.08.2013,3:15 PM,1294,LHS,Rural,Ulavapadu,Collision Brush/Side Wipe,Lorry  hit        Median,Lorry,Non injury,Over speed,Four lanes or more with central divider,Straight road,,Fine,AP26TB     8429,YES,Animals affected,0
25.08.2013,8:50 PM,1357.4,LHS,Rural,Kodavaluru,Rear End Collision, Car hit     Bike,Car,Fatal,Over speed,Four lanes or more with central divider,Straight road,,Fine,AP16UX    6932,YES,Fatal,2
25.08.2013,8:50 PM,1357.4,LHS,Rural,Kodavaluru,Rear End Collision, Car hit     Bike,Car,Fatal,Over speed,Four lanes or more with central divider,Straight road,,Fine,AP16UX    6932,YES,Grevious,1
25.08.2013,8:50 PM,1357.4,LHS,Rural,Kodavaluru,Rear End Collision, Car hit     Bike,Car,Fatal,Over speed,Four lanes or more with central divider,Straight road,,Fine,AP16UX    6932,YES,Minor,0