Operational date,Time of Accident,KM && M,Position,Rural/Urban,Location,Nature of Accident Position,Nature of Accident,Vehicle Involved,Type of Accident,Causes,Road Feature,Road condition,Intersection Type And Control,Weather Condition,Vehicle Responsible,Help Provided by Ambulance/Patroling Vehicle,Classification of Accident,No of Affected Persons
25.08.2013,8:50 PM,1357.4,LHS,Rural,Kodavaluru,Rear End Collision, Car hit     Bike,Car,Fatal,Over speed,Four lanes or more with central divider,Straight road,,Fine,AP16UX    6932,YES,Non injured ,2
25.08.2013,8:50 PM,1357.4,LHS,Rural,Kodavaluru,Rear End Collision, Car hit     Bike,Car,Fatal,Over speed,Four lanes or more with central divider,Straight road,,Fine,AP16UX    6932,YES,Animals affected,0
26.08.2013,4:43 AM,1246.8,LHS,Urban,Ongole,Collision Brush/Side Wipe, Car hit Unknown Vehicle,Car,Minor injury,Over speed,Four lanes or more with central divider,Straight road,Four arm junction,Fine,AP29P    4065,YES,Fatal,0
26.08.2013,4:43 AM,1246.8,LHS,Urban,Ongole,Collision Brush/Side Wipe, Car hit Unknown Vehicle,Car,Minor injury,Over speed,Four lanes or more with central divider,Straight road,Four arm junction,Fine,AP29P    4065,YES,Grevious,0
26.08.2013,4:43 AM,1246.8,LHS,Urban,Ongole,Collision Brush/Side Wipe, Car hit Unknown Vehicle,Car,Minor injury,Over speed,Four lanes or more with central divider,Straight road,Four arm junction,Fine,AP29P    4065,YES,Minor,3
26.08.2013,4:43 AM,1246.8,LHS,Urban,Ongole,Collision Brush/Side Wipe, Car hit Unknown Vehicle,Car,Minor injury,Over speed,Four lanes or more with central divider,Straight road,Four arm junction,Fine,AP29P    4065,YES,Non injured ,0
26.08.2013,4:43 AM,1246.8,LHS,Urban,Ongole,Collision Brush/Side Wipe, Car hit Unknown Vehicle,Car,Minor injury,Over speed,Four lanes or more with central divider,Straight road,Four arm junction,Fine,AP29P    4065,YES,Animals affected,0
26.08.2013,2:24 PM,1186.5,LHS,Rural,Martur,Collision Brush/Side Wipe,Van                hit Bike       ,Van,Minor injury,Fault of driver of motor vehicle/driver of other vehicle/cyclist/pedestrian/passenger,Four lanes or more with central divider,Straight road,,Fine,AP16TV    3227,YES,Fatal,0
26.08.2013,2:24 PM,1186.5,LHS,Rural,Martur,Collision Brush/Side Wipe,Van                hit Bike       ,Van,Minor injury,Fault of driver of motor vehicle/driver of other vehicle/cyclist/pedestrian/passenger,Four lanes or more with central divider,Straight road,,Fine,AP16TV    3227,YES,Grevious,0
26.08.2013,2:24 PM,1186.5,LHS,Rural,Martur,Collision Brush/Side Wipe,Van                hit Bike       ,Van,Minor injury,Fault of driver of motor vehicle/driver of other vehicle/cyclist/pedestrian/passenger,Four lanes or more with central divider,Straight road,,Fine,AP16TV    3227,YES,Minor,4
26.08.2013,2:24 PM,1186.5,LHS,Rural,Martur,Collision Brush/Side Wipe,Van                hit Bike       ,Van,Minor injury,Fault of driver of motor vehicle/driver of other vehicle/cyclist/pedestrian/passenger,Four lanes or more with central divider,Straight road,,Fine,AP16TV    3227,YES,Non injured ,2
26.08.2013,2:24 PM,1186.5,LHS,Rural,Martur,Collision Brush/Side Wipe,Van                hit Bike       ,Van,Minor injury,Fault of driver of motor vehicle/driver of other vehicle/cyclist/pedestrian/passenger,Four lanes or more with central divider,Straight road,,Fine,AP16TV    3227,YES,Animals affected,0
27.08.2013,12:25 AM,1319.3,LHS,Rural,Kavali,Rear End Collision, Lorry hit Mini Lorry,Lorry,Minor injury,Over speed,Four lanes or more with central divider,Straight road,,Fine,AP29TB 5338 ,YES,Fatal,0
27.08.2013,12:25 AM,1319.3,LHS,Rural,Kavali,Rear End Collision, Lorry hit Mini Lorry,Lorry,Minor injury,Over speed,Four lanes or more with central divider,Straight road,,Fine,AP29TB 5338 ,YES,Grevious,0
27.08.2013,12:25 AM,1319.3,LHS,Rural,Kavali,Rear End Collision, Lorry hit Mini Lorry,Lorry,Minor injury,Over speed,Four lanes or more with central divider,Straight road,,Fine,AP29TB 5338 ,YES,Minor,1
27.08.2013,12:25 AM,1319.3,LHS,Rural,Kavali,Rear End Collision, Lorry hit Mini Lorry,Lorry,Minor injury,Over speed,Four lanes or more with central divider,Straight road,,Fine,AP29TB 5338 ,YES,Non injured ,2
27.08.2013,12:25 AM,1319.3,LHS,Rural,Kavali,Rear End Collision, Lorry hit Mini Lorry,Lorry,Minor injury,Over speed,Four lanes or more with central divider,Straight road,,Fine,AP29TB 5338 ,YES,Animals affected,0
27.08.2013,6:20 AM,1287.9,RHS,Rural,Ulavapadu,Overturning,Mini Lorry Over Turned,Lorry,Non injury,Over speed,Four lanes or more with central divider,Straight road,,Fine,AP03W 98999,YES,Fatal,0
27.08.2013,6:20 AM,1287.9,RHS,Rural,Ulavapadu,Overturning,Mini Lorry Over Turned,Lorry,Non injury,Over speed,Four lanes or more with central divider,Straight road,,Fine,AP03W 98999,YES,Grevious,0
27.08.2013,6:20 AM,1287.9,RHS,Rural,Ulavapadu,Overturning,Mini Lorry Over Turned,Lorry,Non injury,Over speed,Four lanes or more with central divider,Straight road,,Fine,AP03W 98999,YES,Minor,0
27.08.2013,6:20 AM,1287.9,RHS,Rural,Ulavapadu,Overturning,Mini Lorry Over Turned,Lorry,Non injury,Over speed,Four lanes or more with central divider,Straight road,,Fine,AP03W 98999,YES,Non injured ,2
27.08.2013,6:20 AM,1287.9,RHS,Rural,Ulavapadu,Overturning,Mini Lorry Over Turned,Lorry,Non injury,Over speed,Four lanes or more with central divider,Straight road,,Fine,AP03W 98999,YES,Animals affected,0
27.08.2013,10:30 AM,1193.1,LHS,Rural,Martur,Collision Brush/Side Wipe, Car hit       Car,Car,Non injury,Vehicle out of control,Three lanes or more without central divider(median),Straight road,T-Junction,Fine,AP7AY 8752,YES,Fatal,0
27.08.2013,10:30 AM,1193.1,LHS,Rural,Martur,Collision Brush/Side Wipe, Car hit       Car,Car,Non injury,Vehicle out of control,Three lanes or more without central divider(median),Straight road,T-Junction,Fine,AP7AY 8752,YES,Grevious,0
27.08.2013,10:30 AM,1193.1,LHS,Rural,Martur,Collision Brush/Side Wipe, Car hit       Car,Car,Non injury,Vehicle out of control,Three lanes or more without central divider(median),Straight road,T-Junction,Fine,AP7AY 8752,YES,Minor,0
27.08.2013,10:30 AM,1193.1,LHS,Rural,Martur,Collision Brush/Side Wipe, Car hit       Car,Car,Non injury,Vehicle out of control,Three lanes or more without central divider(median),Straight road,T-Junction,Fine,AP7AY 8752,YES,Non injured ,4
27.08.2013,10:30 AM,1193.1,LHS,Rural,Martur,Collision Brush/Side Wipe, Car hit       Car,Car,Non injury,Vehicle out of control,Three lanes or more without central divider(median),Straight road,T-Junction,Fine,AP7AY 8752,YES,Animals affected,0
27.08.2013,5:37 PM,1227.5,RHS,Rural,Maddipadu,Skidding, Bike Skidding on the Road,Bike,Fatal,Fault of driver of motor vehicle/driver of other vehicle/cyclist/pedestrian/passenger,Four lanes or more with central divider,Straight road,,Fine,AP07BM   2889,YES,Fatal,1
27.08.2013,5:37 PM,1227.5,RHS,Rural,Maddipadu,Skidding, Bike Skidding on the Road,Bike,Fatal,Fault of driver of motor vehicle/driver of other vehicle/cyclist/pedestrian/passenger,Four lanes or more with central divider,Straight road,,Fine,AP07BM   2889,YES,Grevious,0
27.08.2013,5:37 PM,1227.5,RHS,Rural,Maddipadu,Skidding, Bike Skidding on the Road,Bike,Fatal,Fault of driver of motor vehicle/driver of other vehicle/cyclist/pedestrian/passenger,Four lanes or more with central divider,Straight road,,Fine,AP07BM   2889,YES,Minor,0
27.08.2013,5:37 PM,1227.5,RHS,Rural,Maddipadu,Skidding, Bike Skidding on the Road,Bike,Fatal,Fault of driver of motor vehicle/driver of other vehicle/cyclist/pedestrian/passenger,Four lanes or more with central divider,Straight road,,Fine,AP07BM   2889,YES,Non injured ,0
27.08.2013,5:37 PM,1227.5,RHS,Rural,Maddipadu,Skidding, Bike Skidding on the Road,Bike,Fatal,Fault of driver of motor vehicle/driver of other vehicle/cyclist/pedestrian/passenger,Four lanes or more with central divider,Straight road,,Fine,AP07BM   2889,YES,Animals affected,0
28.08.2013,3:30 AM,1201.3,LHS,Rural,Reningavaram,Rear End Collision,Tata Magic Auto hit Lorry,Auto,Fatal,Fault of driver of motor vehicle/driver of other vehicle/cyclist/pedestrian/passenger,Four lanes or more with central divider,Straight road,,Fine,AP27TU   1372,YES,Fatal,3
28.08.2013,3:30 AM,1201.3,LHS,Rural,Reningavaram,Rear End Collision,Tata Magic Auto hit Lorry,Auto,Fatal,Fault of driver of motor vehicle/driver of other vehicle/cyclist/pedestrian/passenger,Four lanes or more with central divider,Straight road,,Fine,AP27TU   1372,YES,Grevious,0
28.08.2013,3:30 AM,1201.3,LHS,Rural,Reningavaram,Rear End Collision,Tata Magic Auto hit Lorry,Auto,Fatal,Fault of driver of motor vehicle/driver of other vehicle/cyclist/pedestrian/passenger,Four lanes or more with central divider,Straight road,,Fine,AP27TU   1372,YES,Minor,0
28.08.2013,3:30 AM,1201.3,LHS,Rural,Reningavaram,Rear End Collision,Tata Magic Auto hit Lorry,Auto,Fatal,Fault of driver of motor vehicle/driver of other vehicle/cyclist/pedestrian/passenger,Four lanes or more with central divider,Straight road,,Fine,AP27TU   1372,YES,Non injured ,0
28.08.2013,3:30 AM,1201.3,LHS,Rural,Reningavaram,Rear End Collision,Tata Magic Auto hit Lorry,Auto,Fatal,Fault of driver of motor vehicle/driver of other vehicle/cyclist/pedestrian/passenger,Four lanes or more with central divider,Straight road,,Fine,AP27TU   1372,YES,Animals affected,0
29.08.2013,12:05 AM,1344.3,LHS,Rural,Dagadarthi,Rear End Collision, Lorry hit Lorry,Lorry,Minor injury,Over speed,Four lanes or more with central divider,Straight road,,Fine,TN28AP   3493,YES,Fatal,0
29.08.2013,12:05 AM,1344.3,LHS,Rural,Dagadarthi,Rear End Collision, Lorry hit Lorry,Lorry,Minor injury,Over speed,Four lanes or more with central divider,Straight road,,Fine,TN28AP   3493,YES,Grevious,0
29.08.2013,12:05 AM,1344.3,LHS,Rural,Dagadarthi,Rear End Collision, Lorry hit Lorry,Lorry,Minor injury,Over speed,Four lanes or more with central divider,Straight road,,Fine,TN28AP   3493,YES,Minor,1
29.08.2013,12:05 AM,1344.3,LHS,Rural,Dagadarthi,Rear End Collision, Lorry hit Lorry,Lorry,Minor injury,Over speed,Four lanes or more with central divider,Straight road,,Fine,TN28AP   3493,YES,Non injured ,0
29.08.2013,12:05 AM,1344.3,LHS,Rural,Dagadarthi,Rear End Collision, Lorry hit Lorry,Lorry,Minor injury,Over speed,Four lanes or more with central divider,Straight road,,Fine,TN28AP   3493,YES,Animals affected,0
29.08.2013,3:10 PM,1225.4,LHS,Rural,Maddipadu,Collision Brush/Side Wipe, Bike hit       Bike,Bike,Minor injury,Over speed,Three lanes or more without central divider(median),Straight road,T-Junction,Fine,AP27AP    0596,YES,Fatal,0
29.08.2013,3:10 PM,1225.4,LHS,Rural,Maddipadu,Collision Brush/Side Wipe, Bike hit       Bike,Bike,Minor injury,Over speed,Three lanes or more without central divider(median),Straight road,T-Junction,Fine,AP27AP    0596,YES,Grevious,0
29.08.2013,3:10 PM,1225.4,LHS,Rural,Maddipadu,Collision Brush/Side Wipe, Bike hit       Bike,Bike,Minor injury,Over speed,Three lanes or more without central divider(median),Straight road,T-Junction,Fine,AP27AP    0596,YES,Minor,1
29.08.2013,3:10 PM,1225.4,LHS,Rural,Maddipadu,Collision Brush/Side Wipe, Bike hit       Bike,Bike,Minor injury,Over speed,Three lanes or more without central divider(median),Straight road,T-Junction,Fine,AP27AP    0596,YES,Non injured ,0
29.08.2013,3:10 PM,1225.4,LHS,Rural,Maddipadu,Collision Brush/Side Wipe, Bike hit       Bike,Bike,Minor injury,Over speed,Three lanes or more without central divider(median),Straight road,T-Junction,Fine,AP27AP    0596,YES,Animals affected,0
29.08.2013,7:50 PM,1215.8,LHS,Rural,Medarametla,Collision Brush/Side Wipe, Bike hit       Median,Bike,Minor injury,Druken,Four lanes or more with central divider,Straight road,,Fine,AP27AS   6426,YES,Fatal,0
29.08.2013,7:50 PM,1215.8,LHS,Rural,Medarametla,Collision Brush/Side Wipe, Bike hit       Median,Bike,Minor injury,Druken,Four lanes or more with central divider,Straight road,,Fine,AP27AS   6426,YES,Grevious,0
29.08.2013,7:50 PM,1215.8,LHS,Rural,Medarametla,Collision Brush/Side Wipe, Bike hit       Median,Bike,Minor injury,Druken,Four lanes or more with central divider,Straight road,,Fine,AP27AS   6426,YES,Minor,3
29.08.2013,7:50 PM,1215.8,LHS,Rural,Medarametla,Collision Brush/Side Wipe, Bike hit       Median,Bike,Minor injury,Druken,Four lanes or more with central divider,Straight road,,Fine,AP27AS   6426,YES,Non injured ,0
29.08.2013,7:50 PM,1215.8,LHS,Rural,Medarametla,Collision Brush/Side Wipe, Bike hit       Median,Bike,Minor injury,Druken,Four lanes or more with central divider,Straight road,,Fine,AP27AS   6426,YES,Animals affected,0
29.08.2013,10:35 PM,1302.4,RHS,Rural,Gudluru,Rear End Collision,Gas Tanker hit Disel Tanker,Tanker,Minor injury,Fault of driver of motor vehicle/driver of other vehicle/cyclist/pedestrian/passenger,Four lanes or more with central divider,Straight road,,Fine,HR55S    4895,YES,Fatal,0
29.08.2013,10:35 PM,1302.4,RHS,Rural,Gudluru,Rear End Collision,Gas Tanker hit Disel Tanker,Tanker,Minor injury,Fault of driver of motor vehicle/driver of other vehicle/cyclist/pedestrian/passenger,Four lanes or more with central divider,Straight road,,Fine,HR55S    4895,YES,Grevious,0
29.08.2013,10:35 PM,1302.4,RHS,Rural,Gudluru,Rear End Collision,Gas Tanker hit Disel Tanker,Tanker,Minor injury,Fault of driver of motor vehicle/driver of other vehicle/cyclist/pedestrian/passenger,Four lanes or more with central divider,Straight road,,Fine,HR55S    4895,YES,Minor,1
29.08.2013,10:35 PM,1302.4,RHS,Rural,Gudluru,Rear End Collision,Gas Tanker hit Disel Tanker,Tanker,Minor injury,Fault of driver of motor vehicle/driver of other vehicle/cyclist/pedestrian/passenger,Four lanes or more with central divider,Straight road,,Fine,HR55S    4895,YES,Non injured ,2
29.08.2013,10:35 PM,1302.4,RHS,Rural,Gudluru,Rear End Collision,Gas Tanker hit Disel Tanker,Tanker,Minor injury,Fault of driver of motor vehicle/driver of other vehicle/cyclist/pedestrian/passenger,Four lanes or more with central divider,Straight road,,Fine,HR55S    4895,YES,Animals affected,0
30.08.2013,1:05 AM,1193.3,RHS,Rural,Martur,Rear End Collision, Car hit Tipper,Car,Fatal,Over speed,Four lanes or more with central divider,Straight road,,Fine,AP07P     9153,YES,Fatal,1
30.08.2013,1:05 AM,1193.3,RHS,Rural,Martur,Rear End Collision, Car hit Tipper,Car,Fatal,Over speed,Four lanes or more with central divider,Straight road,,Fine,AP07P     9153,YES,Grevious,0
30.08.2013,1:05 AM,1193.3,RHS,Rural,Martur,Rear End Collision, Car hit Tipper,Car,Fatal,Over speed,Four lanes or more with central divider,Straight road,,Fine,AP07P     9153,YES,Minor,1
30.08.2013,1:05 AM,1193.3,RHS,Rural,Martur,Rear End Collision, Car hit Tipper,Car,Fatal,Over speed,Four lanes or more with central divider,Straight road,,Fine,AP07P     9153,YES,Non injured ,2
30.08.2013,1:05 AM,1193.3,RHS,Rural,Martur,Rear End Collision, Car hit Tipper,Car,Fatal,Over speed,Four lanes or more with central divider,Straight road,,Fine,AP07P     9153,YES,Animals affected,0
30.08.2013,8:20 AM,1240.3,LHS,Rural,Ongole,Collision Brush/Side Wipe,Container Vehicle hit Median,Container,Non injury,Over speed,Four lanes or more with central divider,Straight road,,Fine,WB23G    0897,YES,Fatal,0
30.08.2013,8:20 AM,1240.3,LHS,Rural,Ongole,Collision Brush/Side Wipe,Container Vehicle hit Median,Container,Non injury,Over speed,Four lanes or more with central divider,Straight road,,Fine,WB23G    0897,YES,Grevious,0
30.08.2013,8:20 AM,1240.3,LHS,Rural,Ongole,Collision Brush/Side Wipe,Container Vehicle hit Median,Container,Non injury,Over speed,Four lanes or more with central divider,Straight road,,Fine,WB23G    0897,YES,Minor,0
30.08.2013,8:20 AM,1240.3,LHS,Rural,Ongole,Collision Brush/Side Wipe,Container Vehicle hit Median,Container,Non injury,Over speed,Four lanes or more with central divider,Straight road,,Fine,WB23G    0897,YES,Non injured ,2
30.08.2013,8:20 AM,1240.3,LHS,Rural,Ongole,Collision Brush/Side Wipe,Container Vehicle hit Median,Container,Non injury,Over speed,Four lanes or more with central divider,Straight road,,Fine,WB23G    0897,YES,Animals affected,0
31.08.2013,1:20 PM,1196,RHS,Rural,Martur,Collision Brush/Side Wipe, Car  hit Safety wall,Car,Non injury,Over speed,Four lanes or more with central divider,Straight road,,Fine,AP27AG     6777,YES,Fatal,0
31.08.2013,1:20 PM,1196,RHS,Rural,Martur,Collision Brush/Side Wipe, Car  hit Safety wall,Car,Non injury,Over speed,Four lanes or more with central divider,Straight road,,Fine,AP27AG     6777,YES,Grevious,0
31.08.2013,1:20 PM,1196,RHS,Rural,Martur,Collision Brush/Side Wipe, Car  hit Safety wall,Car,Non injury,Over speed,Four lanes or more with central divider,Straight road,,Fine,AP27AG     6777,YES,Minor,0
31.08.2013,1:20 PM,1196,RHS,Rural,Martur,Collision Brush/Side Wipe, Car  hit Safety wall,Car,Non injury,Over speed,Four lanes or more with central divider,Straight road,,Fine,AP27AG     6777,YES,Non injured ,3
31.08.2013,1:20 PM,1196,RHS,Rural,Martur,Collision Brush/Side Wipe, Car  hit Safety wall,Car,Non injury,Over speed,Four lanes or more with central divider,Straight road,,Fine,AP27AG     6777,YES,Animals affected,0
01.09.2013,8:43 PM,1202,LHS,Rural,Reningavaram,Rear End Collision, Mini Lorry hit Lorry,Lorry,Grievious injury,Over speed,Four lanes or more with central divider,Straight road,,Fine,AP05TB   3429,YES,Fatal,0
01.09.2013,8:43 PM,1202,LHS,Rural,Reningavaram,Rear End Collision, Mini Lorry hit Lorry,Lorry,Grievious injury,Over speed,Four lanes or more with central divider,Straight road,,Fine,AP05TB   3429,YES,Grevious,1
01.09.2013,8:43 PM,1202,LHS,Rural,Reningavaram,Rear End Collision, Mini Lorry hit Lorry,Lorry,Grievious injury,Over speed,Four lanes or more with central divider,Straight road,,Fine,AP05TB   3429,YES,Minor,0
01.09.2013,8:43 PM,1202,LHS,Rural,Reningavaram,Rear End Collision, Mini Lorry hit Lorry,Lorry,Grievious injury,Over speed,Four lanes or more with central divider,Straight road,,Fine,AP05TB   3429,YES,Non injured ,2
01.09.2013,8:43 PM,1202,LHS,Rural,Reningavaram,Rear End Collision, Mini Lorry hit Lorry,Lorry,Grievious injury,Over speed,Four lanes or more with central divider,Straight road,,Fine,AP05TB   3429,YES,Animals affected,0
02.09.2013,1:36 PM,1245.1,LHS,Urban,Ongole,Rear End Collision,Container hit Unknown Vehicle,Container,Minor injury,Over speed,Four lanes or more with central divider,Straight road,,Fine,UP32TN   2403,YES,Fatal,0
02.09.2013,1:36 PM,1245.1,LHS,Urban,Ongole,Rear End Collision,Container hit Unknown Vehicle,Container,Minor injury,Over speed,Four lanes or more with central divider,Straight road,,Fine,UP32TN   2403,YES,Grevious,1
02.09.2013,1:36 PM,1245.1,LHS,Urban,Ongole,Rear End Collision,Container hit Unknown Vehicle,Container,Minor injury,Over speed,Four lanes or more with central divider,Straight road,,Fine,UP32TN   2403,YES,Minor,0
02.09.2013,1:36 PM,1245.1,LHS,Urban,Ongole,Rear End Collision,Container hit Unknown Vehicle,Container,Minor injury,Over speed,Four lanes or more with central divider,Straight road,,Fine,UP32TN   2403,YES,Non injured ,1
02.09.2013,1:36 PM,1245.1,LHS,Urban,Ongole,Rear End Collision,Container hit Unknown Vehicle,Container,Minor injury,Over speed,Four lanes or more with central divider,Straight road,,Fine,UP32TN   2403,YES,Animals affected,0
02.09.2013,7:13 PM,1263.4,LHS,Rural,Tangutur,Skidding, Bike Skidding on the Road,Bike,Minor injury,Over speed,Four lanes or more with central divider,Straight road,,Fine,AP27AF   T/R,YES,Fatal,0
02.09.2013,7:13 PM,1263.4,LHS,Rural,Tangutur,Skidding, Bike Skidding on the Road,Bike,Minor injury,Over speed,Four lanes or more with central divider,Straight road,,Fine,AP27AF   T/R,YES,Grevious,0
02.09.2013,7:13 PM,1263.4,LHS,Rural,Tangutur,Skidding, Bike Skidding on the Road,Bike,Minor injury,Over speed,Four lanes or more with central divider,Straight road,,Fine,AP27AF   T/R,YES,Minor,1
02.09.2013,7:13 PM,1263.4,LHS,Rural,Tangutur,Skidding, Bike Skidding on the Road,Bike,Minor injury,Over speed,Four lanes or more with central divider,Straight road,,Fine,AP27AF   T/R,YES,Non injured ,0
02.09.2013,7:13 PM,1263.4,LHS,Rural,Tangutur,Skidding, Bike Skidding on the Road,Bike,Minor injury,Over speed,Four lanes or more with central divider,Straight road,,Fine,AP27AF   T/R,YES,Animals affected,0
03.09.2013,12:50 AM,1251,LHS,Rural,Ongole,Overturning,Lorry Over Turned,Lorry,Grievious injury,Over speed,Four lanes or more with central divider,Straight road,,Fine,AP16TV   2911,YES,Fatal,0
03.09.2013,12:50 AM,1251,LHS,Rural,Ongole,Overturning,Lorry Over Turned,Lorry,Grievious injury,Over speed,Four lanes or more with central divider,Straight road,,Fine,AP16TV   2911,YES,Grevious,1
03.09.2013,12:50 AM,1251,LHS,Rural,Ongole,Overturning,Lorry Over Turned,Lorry,Grievious injury,Over speed,Four lanes or more with central divider,Straight road,,Fine,AP16TV   2911,YES,Minor,0
03.09.2013,12:50 AM,1251,LHS,Rural,Ongole,Overturning,Lorry Over Turned,Lorry,Grievious injury,Over speed,Four lanes or more with central divider,Straight road,,Fine,AP16TV   2911,YES,Non injured ,1
03.09.2013,12:50 AM,1251,LHS,Rural,Ongole,Overturning,Lorry Over Turned,Lorry,Grievious injury,Over speed,Four lanes or more with central divider,Straight road,,Fine,AP16TV   2911,YES,Animals affected,0
03.09.2013,1:55 PM,1267.8,LHS,Rural,Tangutur,Head on collision,Ape Auto hit Car,Auto,Grievious injury,Fault of driver of motor vehicle/driver of other vehicle/cyclist/pedestrian/passenger,Four lanes or more with central divider,Straight road,,Fine,AP27TU    7173,YES,Fatal,0
03.09.2013,1:55 PM,1267.8,LHS,Rural,Tangutur,Head on collision,Ape Auto hit Car,Auto,Grievious injury,Fault of driver of motor vehicle/driver of other vehicle/cyclist/pedestrian/passenger,Four lanes or more with central divider,Straight road,,Fine,AP27TU    7173,YES,Grevious,1
03.09.2013,1:55 PM,1267.8,LHS,Rural,Tangutur,Head on collision,Ape Auto hit Car,Auto,Grievious injury,Fault of driver of motor vehicle/driver of other vehicle/cyclist/pedestrian/passenger,Four lanes or more with central divider,Straight road,,Fine,AP27TU    7173,YES,Minor,3
03.09.2013,1:55 PM,1267.8,LHS,Rural,Tangutur,Head on collision,Ape Auto hit Car,Auto,Grievious injury,Fault of driver of motor vehicle/driver of other vehicle/cyclist/pedestrian/passenger,Four lanes or more with central divider,Straight road,,Fine,AP27TU    7173,YES,Non injured ,0
03.09.2013,1:55 PM,1267.8,LHS,Rural,Tangutur,Head on collision,Ape Auto hit Car,Auto,Grievious injury,Fault of driver of motor vehicle/driver of other vehicle/cyclist/pedestrian/passenger,Four lanes or more with central divider,Straight road,,Fine,AP27TU    7173,YES,Animals affected,0
04.09.2013,5:20 AM,1238.4,LHS,Rural,Maddipadu,Rear End Collision,  Lorry hit    Bus,Lorry,Non injury,Vehicle out of control,Four lanes or more with central divider,Straight road,,Fine,AP29TB   4680,YES,Fatal,0
04.09.2013,5:20 AM,1238.4,LHS,Rural,Maddipadu,Rear End Collision,  Lorry hit    Bus,Lorry,Non injury,Vehicle out of control,Four lanes or more with central divider,Straight road,,Fine,AP29TB   4680,YES,Grevious,0
04.09.2013,5:20 AM,1238.4,LHS,Rural,Maddipadu,Rear End Collision,  Lorry hit    Bus,Lorry,Non injury,Vehicle out of control,Four lanes or more with central divider,Straight road,,Fine,AP29TB   4680,YES,Minor,0
04.09.2013,5:20 AM,1238.4,LHS,Rural,Maddipadu,Rear End Collision,  Lorry hit    Bus,Lorry,Non injury,Vehicle out of control,Four lanes or more with central divider,Straight road,,Fine,AP29TB   4680,YES,Non injured ,4
04.09.2013,5:20 AM,1238.4,LHS,Rural,Maddipadu,Rear End Collision,  Lorry hit    Bus,Lorry,Non injury,Vehicle out of control,Four lanes or more with central divider,Straight road,,Fine,AP29TB   4680,YES,Animals affected,0
04.09.2013,10:00 AM,1344,RHS,Rural,Dagadarthi,Rear End Collision,  Lorry hit   Safety wall,Lorry,Non injury,Over speed,Four lanes or more with central divider,Straight road,,Fine,KA53A   9256,YES,Fatal,0
04.09.2013,10:00 AM,1344,RHS,Rural,Dagadarthi,Rear End Collision,  Lorry hit   Safety wall,Lorry,Non injury,Over speed,Four lanes or more with central divider,Straight road,,Fine,KA53A   9256,YES,Grevious,0
04.09.2013,10:00 AM,1344,RHS,Rural,Dagadarthi,Rear End Collision,  Lorry hit   Safety wall,Lorry,Non injury,Over speed,Four lanes or more with central divider,Straight road,,Fine,KA53A   9256,YES,Minor,0
04.09.2013,10:00 AM,1344,RHS,Rural,Dagadarthi,Rear End Collision,  Lorry hit   Safety wall,Lorry,Non injury,Over speed,Four lanes or more with central divider,Straight road,,Fine,KA53A   9256,YES,Non injured ,2
04.09.2013,10:00 AM,1344,RHS,Rural,Dagadarthi,Rear End Collision,  Lorry hit   Safety wall,Lorry,Non injury,Over speed,Four lanes or more with central divider,Straight road,,Fine,KA53A   9256,YES,Animals affected,0
04.09.2013,10:20 AM,1353.3,RHS,Rural,Kodavaluru,Rear End Collision,Car hit       Car,Car,Non injury,Over speed,Four lanes or more with central divider,Straight road,,Fine,AP09AZ    1287,YES,Fatal,0
04.09.2013,10:20 AM,1353.3,RHS,Rural,Kodavaluru,Rear End Collision,Car hit       Car,Car,Non injury,Over speed,Four lanes or more with central divider,Straight road,,Fine,AP09AZ    1287,YES,Grevious,0
04.09.2013,10:20 AM,1353.3,RHS,Rural,Kodavaluru,Rear End Collision,Car hit       Car,Car,Non injury,Over speed,Four lanes or more with central divider,Straight road,,Fine,AP09AZ    1287,YES,Minor,0
04.09.2013,10:20 AM,1353.3,RHS,Rural,Kodavaluru,Rear End Collision,Car hit       Car,Car,Non injury,Over speed,Four lanes or more with central divider,Straight road,,Fine,AP09AZ    1287,YES,Non injured ,4
04.09.2013,10:20 AM,1353.3,RHS,Rural,Kodavaluru,Rear End Collision,Car hit       Car,Car,Non injury,Over speed,Four lanes or more with central divider,Straight road,,Fine,AP09AZ    1287,YES,Animals affected,0
04.09.2013,10:46 AM,1277.4,LHS,Rural,Singarayakonda,Rear End Collision, Tipper hit Bike,Lorry,Grievious injury,Over speed,Four lanes or more with central divider,Straight road,,Fine,AP26Y    4666,YES,Fatal,0
04.09.2013,10:46 AM,1277.4,LHS,Rural,Singarayakonda,Rear End Collision, Tipper hit Bike,Lorry,Grievious injury,Over speed,Four lanes or more with central divider,Straight road,,Fine,AP26Y    4666,YES,Grevious,0
04.09.2013,10:46 AM,1277.4,LHS,Rural,Singarayakonda,Rear End Collision, Tipper hit Bike,Lorry,Grievious injury,Over speed,Four lanes or more with central divider,Straight road,,Fine,AP26Y    4666,YES,Minor,0
04.09.2013,10:46 AM,1277.4,LHS,Rural,Singarayakonda,Rear End Collision, Tipper hit Bike,Lorry,Grievious injury,Over speed,Four lanes or more with central divider,Straight road,,Fine,AP26Y    4666,YES,Non injured ,1