Operational date,Time of Accident,KM && M,Position,Rural/Urban,Location,Nature of Accident Position,Nature of Accident,Vehicle Involved,Type of Accident,Causes,Road Feature,Road condition,Intersection Type And Control,Weather Condition,Vehicle Responsible,Help Provided by Ambulance/Patroling Vehicle,Classification of Accident,No of Affected Persons
04.09.2013,10:46 AM,1277.4,LHS,Rural,Singarayakonda,Rear End Collision, Tipper hit Bike,Lorry,Grievious injury,Over speed,Four lanes or more with central divider,Straight road,,Fine,AP26Y    4666,YES,Animals affected,0
04.09.2013,3:02 PM,1204.2,LHS,Rural,Reningavaram,Rear End Collision,  Lorry hit   Safety wall,Lorry,Minor injury,Druken,Four lanes or more with central divider,Straight road,,Fine,AP27X    5779,YES,Fatal,0
04.09.2013,3:02 PM,1204.2,LHS,Rural,Reningavaram,Rear End Collision,  Lorry hit   Safety wall,Lorry,Minor injury,Druken,Four lanes or more with central divider,Straight road,,Fine,AP27X    5779,YES,Grevious,0
04.09.2013,3:02 PM,1204.2,LHS,Rural,Reningavaram,Rear End Collision,  Lorry hit   Safety wall,Lorry,Minor injury,Druken,Four lanes or more with central divider,Straight road,,Fine,AP27X    5779,YES,Minor,1
04.09.2013,3:02 PM,1204.2,LHS,Rural,Reningavaram,Rear End Collision,  Lorry hit   Safety wall,Lorry,Minor injury,Druken,Four lanes or more with central divider,Straight road,,Fine,AP27X    5779,YES,Non injured ,1
04.09.2013,3:02 PM,1204.2,LHS,Rural,Reningavaram,Rear End Collision,  Lorry hit   Safety wall,Lorry,Minor injury,Druken,Four lanes or more with central divider,Straight road,,Fine,AP27X    5779,YES,Animals affected,0
05.09.2013,3:10 AM,1220.6,LHS,Rural,Medarametla,Overturning,Mini Lorry Over Turned,Lorry,Non injury,Fault of driver of motor vehicle/driver of other vehicle/cyclist/pedestrian/passenger,Four lanes or more with central divider,Straight road,,Fine,KA07A 1615,YES,Fatal,0
05.09.2013,3:10 AM,1220.6,LHS,Rural,Medarametla,Overturning,Mini Lorry Over Turned,Lorry,Non injury,Fault of driver of motor vehicle/driver of other vehicle/cyclist/pedestrian/passenger,Four lanes or more with central divider,Straight road,,Fine,KA07A 1615,YES,Grevious,0
05.09.2013,3:10 AM,1220.6,LHS,Rural,Medarametla,Overturning,Mini Lorry Over Turned,Lorry,Non injury,Fault of driver of motor vehicle/driver of other vehicle/cyclist/pedestrian/passenger,Four lanes or more with central divider,Straight road,,Fine,KA07A 1615,YES,Minor,0
05.09.2013,3:10 AM,1220.6,LHS,Rural,Medarametla,Overturning,Mini Lorry Over Turned,Lorry,Non injury,Fault of driver of motor vehicle/driver of other vehicle/cyclist/pedestrian/passenger,Four lanes or more with central divider,Straight road,,Fine,KA07A 1615,YES,Non injured ,2
05.09.2013,3:10 AM,1220.6,LHS,Rural,Medarametla,Overturning,Mini Lorry Over Turned,Lorry,Non injury,Fault of driver of motor vehicle/driver of other vehicle/cyclist/pedestrian/passenger,Four lanes or more with central divider,Straight road,,Fine,KA07A 1615,YES,Animals affected,0
06.09.2013,1:55 PM,1340.8,RHS,Rural,Dagadarthi,Rear End Collision,  Lorry hit   Car,Lorry,Non injury,Over speed,Four lanes or more with central divider,Straight road,,Fine,AP16TY    4454,YES,Fatal,0
06.09.2013,1:55 PM,1340.8,RHS,Rural,Dagadarthi,Rear End Collision,  Lorry hit   Car,Lorry,Non injury,Over speed,Four lanes or more with central divider,Straight road,,Fine,AP16TY    4454,YES,Grevious,0
06.09.2013,1:55 PM,1340.8,RHS,Rural,Dagadarthi,Rear End Collision,  Lorry hit   Car,Lorry,Non injury,Over speed,Four lanes or more with central divider,Straight road,,Fine,AP16TY    4454,YES,Minor,0
06.09.2013,1:55 PM,1340.8,RHS,Rural,Dagadarthi,Rear End Collision,  Lorry hit   Car,Lorry,Non injury,Over speed,Four lanes or more with central divider,Straight road,,Fine,AP16TY    4454,YES,Non injured ,5
06.09.2013,1:55 PM,1340.8,RHS,Rural,Dagadarthi,Rear End Collision,  Lorry hit   Car,Lorry,Non injury,Over speed,Four lanes or more with central divider,Straight road,,Fine,AP16TY    4454,YES,Animals affected,0
06.09.2013,4:32 PM,1341.6,LHS,Rural,Dagadarthi,Collision Brush/Side Wipe, Bike hit    Metal Beam Crash Barrier,Bike,Minor injury,Druken,Four lanes or more with central divider,Straight road,,Fine,AP26      T/R,YES,Fatal,0
06.09.2013,4:32 PM,1341.6,LHS,Rural,Dagadarthi,Collision Brush/Side Wipe, Bike hit    Metal Beam Crash Barrier,Bike,Minor injury,Druken,Four lanes or more with central divider,Straight road,,Fine,AP26      T/R,YES,Grevious,0
06.09.2013,4:32 PM,1341.6,LHS,Rural,Dagadarthi,Collision Brush/Side Wipe, Bike hit    Metal Beam Crash Barrier,Bike,Minor injury,Druken,Four lanes or more with central divider,Straight road,,Fine,AP26      T/R,YES,Minor,2
06.09.2013,4:32 PM,1341.6,LHS,Rural,Dagadarthi,Collision Brush/Side Wipe, Bike hit    Metal Beam Crash Barrier,Bike,Minor injury,Druken,Four lanes or more with central divider,Straight road,,Fine,AP26      T/R,YES,Non injured ,0
06.09.2013,4:32 PM,1341.6,LHS,Rural,Dagadarthi,Collision Brush/Side Wipe, Bike hit    Metal Beam Crash Barrier,Bike,Minor injury,Druken,Four lanes or more with central divider,Straight road,,Fine,AP26      T/R,YES,Animals affected,0
06.09.2013,5:30 PM,1293.6,LHS,Rural,Ulavapadu,Overturning,Oil Tanker Over Turned,Tanker,Grievious injury,Over speed,Four lanes or more with central divider,Straight road,,Fine,MH04DS  6179,YES,Fatal,0
06.09.2013,5:30 PM,1293.6,LHS,Rural,Ulavapadu,Overturning,Oil Tanker Over Turned,Tanker,Grievious injury,Over speed,Four lanes or more with central divider,Straight road,,Fine,MH04DS  6179,YES,Grevious,1
06.09.2013,5:30 PM,1293.6,LHS,Rural,Ulavapadu,Overturning,Oil Tanker Over Turned,Tanker,Grievious injury,Over speed,Four lanes or more with central divider,Straight road,,Fine,MH04DS  6179,YES,Minor,0
06.09.2013,5:30 PM,1293.6,LHS,Rural,Ulavapadu,Overturning,Oil Tanker Over Turned,Tanker,Grievious injury,Over speed,Four lanes or more with central divider,Straight road,,Fine,MH04DS  6179,YES,Non injured ,1
06.09.2013,5:30 PM,1293.6,LHS,Rural,Ulavapadu,Overturning,Oil Tanker Over Turned,Tanker,Grievious injury,Over speed,Four lanes or more with central divider,Straight road,,Fine,MH04DS  6179,YES,Animals affected,0
06.09.2013,7:47 PM,1254,LHS,Rural,Ongole,Rear End Collision,Bike hit Unknown Vehicle,Bike,Grievious injury,Druken,Four lanes or more with central divider,Straight road,,Fine,AP27L      3015,YES,Fatal,0
06.09.2013,7:47 PM,1254,LHS,Rural,Ongole,Rear End Collision,Bike hit Unknown Vehicle,Bike,Grievious injury,Druken,Four lanes or more with central divider,Straight road,,Fine,AP27L      3015,YES,Grevious,1
06.09.2013,7:47 PM,1254,LHS,Rural,Ongole,Rear End Collision,Bike hit Unknown Vehicle,Bike,Grievious injury,Druken,Four lanes or more with central divider,Straight road,,Fine,AP27L      3015,YES,Minor,0
06.09.2013,7:47 PM,1254,LHS,Rural,Ongole,Rear End Collision,Bike hit Unknown Vehicle,Bike,Grievious injury,Druken,Four lanes or more with central divider,Straight road,,Fine,AP27L      3015,YES,Non injured ,0
06.09.2013,7:47 PM,1254,LHS,Rural,Ongole,Rear End Collision,Bike hit Unknown Vehicle,Bike,Grievious injury,Druken,Four lanes or more with central divider,Straight road,,Fine,AP27L      3015,YES,Animals affected,0
06.09.2013,8:00 PM,1227.5,RHS,Rural,Maddipadu,Collision Brush/Side Wipe,  Lorry hit   Birge wall,Lorry,Non injury,Fault of driver of motor vehicle/driver of other vehicle/cyclist/pedestrian/passenger,Four lanes or more with central divider,Straight road,,Fine,NH34AB       0525,YES,Fatal,0
06.09.2013,8:00 PM,1227.5,RHS,Rural,Maddipadu,Collision Brush/Side Wipe,  Lorry hit   Birge wall,Lorry,Non injury,Fault of driver of motor vehicle/driver of other vehicle/cyclist/pedestrian/passenger,Four lanes or more with central divider,Straight road,,Fine,NH34AB       0525,YES,Grevious,0
06.09.2013,8:00 PM,1227.5,RHS,Rural,Maddipadu,Collision Brush/Side Wipe,  Lorry hit   Birge wall,Lorry,Non injury,Fault of driver of motor vehicle/driver of other vehicle/cyclist/pedestrian/passenger,Four lanes or more with central divider,Straight road,,Fine,NH34AB       0525,YES,Minor,0
06.09.2013,8:00 PM,1227.5,RHS,Rural,Maddipadu,Collision Brush/Side Wipe,  Lorry hit   Birge wall,Lorry,Non injury,Fault of driver of motor vehicle/driver of other vehicle/cyclist/pedestrian/passenger,Four lanes or more with central divider,Straight road,,Fine,NH34AB       0525,YES,Non injured ,2
06.09.2013,8:00 PM,1227.5,RHS,Rural,Maddipadu,Collision Brush/Side Wipe,  Lorry hit   Birge wall,Lorry,Non injury,Fault of driver of motor vehicle/driver of other vehicle/cyclist/pedestrian/passenger,Four lanes or more with central divider,Straight road,,Fine,NH34AB       0525,YES,Animals affected,0
07.09.2013,12:00 PM,1358.9,RHS,Rural,Kodavaluru,Collision Brush/Side Wipe,Car hit  Unknown     vehicle,Car,Non injury,Over speed,Four lanes or more with central divider,Straight road,T-Junction,Fine,AP21AB      3524,YES,Fatal,0
07.09.2013,12:00 PM,1358.9,RHS,Rural,Kodavaluru,Collision Brush/Side Wipe,Car hit  Unknown     vehicle,Car,Non injury,Over speed,Four lanes or more with central divider,Straight road,T-Junction,Fine,AP21AB      3524,YES,Grevious,0
07.09.2013,12:00 PM,1358.9,RHS,Rural,Kodavaluru,Collision Brush/Side Wipe,Car hit  Unknown     vehicle,Car,Non injury,Over speed,Four lanes or more with central divider,Straight road,T-Junction,Fine,AP21AB      3524,YES,Minor,0
07.09.2013,12:00 PM,1358.9,RHS,Rural,Kodavaluru,Collision Brush/Side Wipe,Car hit  Unknown     vehicle,Car,Non injury,Over speed,Four lanes or more with central divider,Straight road,T-Junction,Fine,AP21AB      3524,YES,Non injured ,2
07.09.2013,12:00 PM,1358.9,RHS,Rural,Kodavaluru,Collision Brush/Side Wipe,Car hit  Unknown     vehicle,Car,Non injury,Over speed,Four lanes or more with central divider,Straight road,T-Junction,Fine,AP21AB      3524,YES,Animals affected,0
07.09.2013,1:01 PM,1261.3,LHS,Rural,Tangutur,Rear End Collision,Bike hit Unknown Vehicle,Bike,Minor injury,Over speed,Four lanes or more with central divider,Straight road,,Fine,AP23J        2991,YES,Fatal,0
07.09.2013,1:01 PM,1261.3,LHS,Rural,Tangutur,Rear End Collision,Bike hit Unknown Vehicle,Bike,Minor injury,Over speed,Four lanes or more with central divider,Straight road,,Fine,AP23J        2991,YES,Grevious,0
07.09.2013,1:01 PM,1261.3,LHS,Rural,Tangutur,Rear End Collision,Bike hit Unknown Vehicle,Bike,Minor injury,Over speed,Four lanes or more with central divider,Straight road,,Fine,AP23J        2991,YES,Minor,1
07.09.2013,1:01 PM,1261.3,LHS,Rural,Tangutur,Rear End Collision,Bike hit Unknown Vehicle,Bike,Minor injury,Over speed,Four lanes or more with central divider,Straight road,,Fine,AP23J        2991,YES,Non injured ,0
07.09.2013,1:01 PM,1261.3,LHS,Rural,Tangutur,Rear End Collision,Bike hit Unknown Vehicle,Bike,Minor injury,Over speed,Four lanes or more with central divider,Straight road,,Fine,AP23J        2991,YES,Animals affected,0
07.09.2013,2:45 PM,1328.9,LHS,Urban,Kavali,Others(p1.Specific),Car Fall Down On the culvert,Car,Minor injury,Druken,Four lanes or more with central divider,Straight road,,Fine,AP16DK          9388,YES,Fatal,0
07.09.2013,2:45 PM,1328.9,LHS,Urban,Kavali,Others(p1.Specific),Car Fall Down On the culvert,Car,Minor injury,Druken,Four lanes or more with central divider,Straight road,,Fine,AP16DK          9388,YES,Grevious,0
07.09.2013,2:45 PM,1328.9,LHS,Urban,Kavali,Others(p1.Specific),Car Fall Down On the culvert,Car,Minor injury,Druken,Four lanes or more with central divider,Straight road,,Fine,AP16DK          9388,YES,Minor,4
07.09.2013,2:45 PM,1328.9,LHS,Urban,Kavali,Others(p1.Specific),Car Fall Down On the culvert,Car,Minor injury,Druken,Four lanes or more with central divider,Straight road,,Fine,AP16DK          9388,YES,Non injured ,0
07.09.2013,2:45 PM,1328.9,LHS,Urban,Kavali,Others(p1.Specific),Car Fall Down On the culvert,Car,Minor injury,Druken,Four lanes or more with central divider,Straight road,,Fine,AP16DK          9388,YES,Animals affected,0
08.09.2013,6:50 PM,1352.7,RHS,Rural,Kodavaluru,Collision Brush/Side Wipe,Bike hit Pedestrian,Bike,Grievious injury,Druken,Four lanes or more with central divider,Straight road,,Fine,AP15C        3454 ,YES,Fatal,0
08.09.2013,6:50 PM,1352.7,RHS,Rural,Kodavaluru,Collision Brush/Side Wipe,Bike hit Pedestrian,Bike,Grievious injury,Druken,Four lanes or more with central divider,Straight road,,Fine,AP15C        3454 ,YES,Grevious,1
08.09.2013,6:50 PM,1352.7,RHS,Rural,Kodavaluru,Collision Brush/Side Wipe,Bike hit Pedestrian,Bike,Grievious injury,Druken,Four lanes or more with central divider,Straight road,,Fine,AP15C        3454 ,YES,Minor,1
08.09.2013,6:50 PM,1352.7,RHS,Rural,Kodavaluru,Collision Brush/Side Wipe,Bike hit Pedestrian,Bike,Grievious injury,Druken,Four lanes or more with central divider,Straight road,,Fine,AP15C        3454 ,YES,Non injured ,0
08.09.2013,6:50 PM,1352.7,RHS,Rural,Kodavaluru,Collision Brush/Side Wipe,Bike hit Pedestrian,Bike,Grievious injury,Druken,Four lanes or more with central divider,Straight road,,Fine,AP15C        3454 ,YES,Animals affected,0
08.09.2013,11:00 PM,1267.2,RHS,Rural,Tangutur,Rear End Collision,  Lorry hit   Lorry,Lorry,Minor injury,Over speed,Four lanes or more with central divider,Straight road,,Fine,AP29TV       249,YES,Fatal,0
08.09.2013,11:00 PM,1267.2,RHS,Rural,Tangutur,Rear End Collision,  Lorry hit   Lorry,Lorry,Minor injury,Over speed,Four lanes or more with central divider,Straight road,,Fine,AP29TV       249,YES,Grevious,0
08.09.2013,11:00 PM,1267.2,RHS,Rural,Tangutur,Rear End Collision,  Lorry hit   Lorry,Lorry,Minor injury,Over speed,Four lanes or more with central divider,Straight road,,Fine,AP29TV       249,YES,Minor,1
08.09.2013,11:00 PM,1267.2,RHS,Rural,Tangutur,Rear End Collision,  Lorry hit   Lorry,Lorry,Minor injury,Over speed,Four lanes or more with central divider,Straight road,,Fine,AP29TV       249,YES,Non injured ,3
08.09.2013,11:00 PM,1267.2,RHS,Rural,Tangutur,Rear End Collision,  Lorry hit   Lorry,Lorry,Minor injury,Over speed,Four lanes or more with central divider,Straight road,,Fine,AP29TV       249,YES,Animals affected,0
09.09.2013,8:14 AM,1254.5,LHS,Rural,Ongole,Collision Brush/Side Wipe,  Lorry hit  Median,Lorry,Non injury,Over speed,Four lanes or more with central divider,Straight road,,Fine,AP16TB  7398,YES,Fatal,0
09.09.2013,8:14 AM,1254.5,LHS,Rural,Ongole,Collision Brush/Side Wipe,  Lorry hit  Median,Lorry,Non injury,Over speed,Four lanes or more with central divider,Straight road,,Fine,AP16TB  7398,YES,Grevious,0
09.09.2013,8:14 AM,1254.5,LHS,Rural,Ongole,Collision Brush/Side Wipe,  Lorry hit  Median,Lorry,Non injury,Over speed,Four lanes or more with central divider,Straight road,,Fine,AP16TB  7398,YES,Minor,0
09.09.2013,8:14 AM,1254.5,LHS,Rural,Ongole,Collision Brush/Side Wipe,  Lorry hit  Median,Lorry,Non injury,Over speed,Four lanes or more with central divider,Straight road,,Fine,AP16TB  7398,YES,Non injured ,2
09.09.2013,8:14 AM,1254.5,LHS,Rural,Ongole,Collision Brush/Side Wipe,  Lorry hit  Median,Lorry,Non injury,Over speed,Four lanes or more with central divider,Straight road,,Fine,AP16TB  7398,YES,Animals affected,0
10.09.2013,3:45 AM,1355.7,RHS,Rural,Kodavaluru,Collision Brush/Side Wipe,Unknown Vehicle hit     Car,Unknown,Minor injury,Over speed,Four lanes or more with central divider,Straight road,,Fine,Unknown   Vehicle,YES,Fatal,0
10.09.2013,3:45 AM,1355.7,RHS,Rural,Kodavaluru,Collision Brush/Side Wipe,Unknown Vehicle hit     Car,Unknown,Minor injury,Over speed,Four lanes or more with central divider,Straight road,,Fine,Unknown   Vehicle,YES,Grevious,0
10.09.2013,3:45 AM,1355.7,RHS,Rural,Kodavaluru,Collision Brush/Side Wipe,Unknown Vehicle hit     Car,Unknown,Minor injury,Over speed,Four lanes or more with central divider,Straight road,,Fine,Unknown   Vehicle,YES,Minor,1
10.09.2013,3:45 AM,1355.7,RHS,Rural,Kodavaluru,Collision Brush/Side Wipe,Unknown Vehicle hit     Car,Unknown,Minor injury,Over speed,Four lanes or more with central divider,Straight road,,Fine,Unknown   Vehicle,YES,Non injured ,2
10.09.2013,3:45 AM,1355.7,RHS,Rural,Kodavaluru,Collision Brush/Side Wipe,Unknown Vehicle hit     Car,Unknown,Minor injury,Over speed,Four lanes or more with central divider,Straight road,,Fine,Unknown   Vehicle,YES,Animals affected,0
10.09.2013,7:20 AM,1326.2,RHS,Rural,Kavali,Rear End Collision,  Lorry hit   Car,Lorry,Non injury,Over speed,Four lanes or more with central divider,Straight road,,Fine,UP70DT     1935,YES,Fatal,0
10.09.2013,7:20 AM,1326.2,RHS,Rural,Kavali,Rear End Collision,  Lorry hit   Car,Lorry,Non injury,Over speed,Four lanes or more with central divider,Straight road,,Fine,UP70DT     1935,YES,Grevious,0
10.09.2013,7:20 AM,1326.2,RHS,Rural,Kavali,Rear End Collision,  Lorry hit   Car,Lorry,Non injury,Over speed,Four lanes or more with central divider,Straight road,,Fine,UP70DT     1935,YES,Minor,0
10.09.2013,7:20 AM,1326.2,RHS,Rural,Kavali,Rear End Collision,  Lorry hit   Car,Lorry,Non injury,Over speed,Four lanes or more with central divider,Straight road,,Fine,UP70DT     1935,YES,Non injured ,4
10.09.2013,7:20 AM,1326.2,RHS,Rural,Kavali,Rear End Collision,  Lorry hit   Car,Lorry,Non injury,Over speed,Four lanes or more with central divider,Straight road,,Fine,UP70DT     1935,YES,Animals affected,0
12.09.2013,12:26 PM,1253.7,LHS,Rural,Ongole,Overturning,Car          Over Turned,Car,Minor injury,Over speed,Four lanes or more with central divider,Straight road,,Heavy rain,AP20AK   4599,YES,Fatal,0
12.09.2013,12:26 PM,1253.7,LHS,Rural,Ongole,Overturning,Car          Over Turned,Car,Minor injury,Over speed,Four lanes or more with central divider,Straight road,,Heavy rain,AP20AK   4599,YES,Grevious,0
12.09.2013,12:26 PM,1253.7,LHS,Rural,Ongole,Overturning,Car          Over Turned,Car,Minor injury,Over speed,Four lanes or more with central divider,Straight road,,Heavy rain,AP20AK   4599,YES,Minor,3
12.09.2013,12:26 PM,1253.7,LHS,Rural,Ongole,Overturning,Car          Over Turned,Car,Minor injury,Over speed,Four lanes or more with central divider,Straight road,,Heavy rain,AP20AK   4599,YES,Non injured ,0
12.09.2013,12:26 PM,1253.7,LHS,Rural,Ongole,Overturning,Car          Over Turned,Car,Minor injury,Over speed,Four lanes or more with central divider,Straight road,,Heavy rain,AP20AK   4599,YES,Animals affected,0
12.09.2013,12:44 PM,1328.5,RHS,Rural,Kavali,Skidding,Bike    Skidding,Bike,Minor injury,Over speed,Four lanes or more with central divider,Straight road,,Heavy rain,AP26AK   3509,YES,Fatal,0
12.09.2013,12:44 PM,1328.5,RHS,Rural,Kavali,Skidding,Bike    Skidding,Bike,Minor injury,Over speed,Four lanes or more with central divider,Straight road,,Heavy rain,AP26AK   3509,YES,Grevious,0
12.09.2013,12:44 PM,1328.5,RHS,Rural,Kavali,Skidding,Bike    Skidding,Bike,Minor injury,Over speed,Four lanes or more with central divider,Straight road,,Heavy rain,AP26AK   3509,YES,Minor,1
12.09.2013,12:44 PM,1328.5,RHS,Rural,Kavali,Skidding,Bike    Skidding,Bike,Minor injury,Over speed,Four lanes or more with central divider,Straight road,,Heavy rain,AP26AK   3509,YES,Non injured ,0
12.09.2013,12:44 PM,1328.5,RHS,Rural,Kavali,Skidding,Bike    Skidding,Bike,Minor injury,Over speed,Four lanes or more with central divider,Straight road,,Heavy rain,AP26AK   3509,YES,Animals affected,0
13.09.2013,5:43 AM,1242.5,RHS,Rural,Ongole,Rear End Collision,Mini Lorry hit Mini Lorry,Lorry,Grievious injury,Fault of driver of motor vehicle/driver of other vehicle/cyclist/pedestrian/passenger,Four lanes or more with central divider,Straight road,,Fine,DL1G     0603,YES,Fatal,0
13.09.2013,5:43 AM,1242.5,RHS,Rural,Ongole,Rear End Collision,Mini Lorry hit Mini Lorry,Lorry,Grievious injury,Fault of driver of motor vehicle/driver of other vehicle/cyclist/pedestrian/passenger,Four lanes or more with central divider,Straight road,,Fine,DL1G     0603,YES,Grevious,1
13.09.2013,5:43 AM,1242.5,RHS,Rural,Ongole,Rear End Collision,Mini Lorry hit Mini Lorry,Lorry,Grievious injury,Fault of driver of motor vehicle/driver of other vehicle/cyclist/pedestrian/passenger,Four lanes or more with central divider,Straight road,,Fine,DL1G     0603,YES,Minor,3
13.09.2013,5:43 AM,1242.5,RHS,Rural,Ongole,Rear End Collision,Mini Lorry hit Mini Lorry,Lorry,Grievious injury,Fault of driver of motor vehicle/driver of other vehicle/cyclist/pedestrian/passenger,Four lanes or more with central divider,Straight road,,Fine,DL1G     0603,YES,Non injured ,0
13.09.2013,5:43 AM,1242.5,RHS,Rural,Ongole,Rear End Collision,Mini Lorry hit Mini Lorry,Lorry,Grievious injury,Fault of driver of motor vehicle/driver of other vehicle/cyclist/pedestrian/passenger,Four lanes or more with central divider,Straight road,,Fine,DL1G     0603,YES,Animals affected,0
13.09.2013,8:10 AM,1289.6,RHS,Rural,Ulavapadu,Collision Brush/Side Wipe,  Lorry hit  Median,Lorry,Non injury,Over speed,Four lanes or more with central divider,Straight road,,Fine,AP24TA       2869,YES,Fatal,0
13.09.2013,8:10 AM,1289.6,RHS,Rural,Ulavapadu,Collision Brush/Side Wipe,  Lorry hit  Median,Lorry,Non injury,Over speed,Four lanes or more with central divider,Straight road,,Fine,AP24TA       2869,YES,Grevious,0
13.09.2013,8:10 AM,1289.6,RHS,Rural,Ulavapadu,Collision Brush/Side Wipe,  Lorry hit  Median,Lorry,Non injury,Over speed,Four lanes or more with central divider,Straight road,,Fine,AP24TA       2869,YES,Minor,0
13.09.2013,8:10 AM,1289.6,RHS,Rural,Ulavapadu,Collision Brush/Side Wipe,  Lorry hit  Median,Lorry,Non injury,Over speed,Four lanes or more with central divider,Straight road,,Fine,AP24TA       2869,YES,Non injured ,2
13.09.2013,8:10 AM,1289.6,RHS,Rural,Ulavapadu,Collision Brush/Side Wipe,  Lorry hit  Median,Lorry,Non injury,Over speed,Four lanes or more with central divider,Straight road,,Fine,AP24TA       2869,YES,Animals affected,0
13.09.2013,9:20 AM,1294.7,RHS,Rural,Ulavapadu,Rear End Collision, Lorry hit  Milk Tanker,Lorry,Non injury,Over speed,Four lanes or more with central divider,Straight road,,Fine,TN67V   5344,YES,Fatal,0
13.09.2013,9:20 AM,1294.7,RHS,Rural,Ulavapadu,Rear End Collision, Lorry hit  Milk Tanker,Lorry,Non injury,Over speed,Four lanes or more with central divider,Straight road,,Fine,TN67V   5344,YES,Grevious,0
13.09.2013,9:20 AM,1294.7,RHS,Rural,Ulavapadu,Rear End Collision, Lorry hit  Milk Tanker,Lorry,Non injury,Over speed,Four lanes or more with central divider,Straight road,,Fine,TN67V   5344,YES,Minor,0
13.09.2013,9:20 AM,1294.7,RHS,Rural,Ulavapadu,Rear End Collision, Lorry hit  Milk Tanker,Lorry,Non injury,Over speed,Four lanes or more with central divider,Straight road,,Fine,TN67V   5344,YES,Non injured ,4
13.09.2013,9:20 AM,1294.7,RHS,Rural,Ulavapadu,Rear End Collision, Lorry hit  Milk Tanker,Lorry,Non injury,Over speed,Four lanes or more with central divider,Straight road,,Fine,TN67V   5344,YES,Animals affected,0
13.09.2013,2:30 PM,1312.4,LHS,Rural,Kavali,Rear End Collision, Lorry hit  Tipper,Lorry,Fatal,Over speed,Four lanes or more with central divider,Straight road,,Fine,TN34C  9765,YES,Fatal,2
13.09.2013,2:30 PM,1312.4,LHS,Rural,Kavali,Rear End Collision, Lorry hit  Tipper,Lorry,Fatal,Over speed,Four lanes or more with central divider,Straight road,,Fine,TN34C  9765,YES,Grevious,0
13.09.2013,2:30 PM,1312.4,LHS,Rural,Kavali,Rear End Collision, Lorry hit  Tipper,Lorry,Fatal,Over speed,Four lanes or more with central divider,Straight road,,Fine,TN34C  9765,YES,Minor,0
13.09.2013,2:30 PM,1312.4,LHS,Rural,Kavali,Rear End Collision, Lorry hit  Tipper,Lorry,Fatal,Over speed,Four lanes or more with central divider,Straight road,,Fine,TN34C  9765,YES,Non injured ,2
13.09.2013,2:30 PM,1312.4,LHS,Rural,Kavali,Rear End Collision, Lorry hit  Tipper,Lorry,Fatal,Over speed,Four lanes or more with central divider,Straight road,,Fine,TN34C  9765,YES,Animals affected,0
13.09.2013,4:10 PM,1257.6,LHS,Rural,Tangutur,Collision Brush/Side Wipe,Car hit Pedestrian,Car,Grievious injury,Over speed,Three lanes or more without central divider(median),Straight road,Four arm junction,Fine,AP26AQ     2507,YES,Fatal,0
13.09.2013,4:10 PM,1257.6,LHS,Rural,Tangutur,Collision Brush/Side Wipe,Car hit Pedestrian,Car,Grievious injury,Over speed,Three lanes or more without central divider(median),Straight road,Four arm junction,Fine,AP26AQ     2507,YES,Grevious,1
13.09.2013,4:10 PM,1257.6,LHS,Rural,Tangutur,Collision Brush/Side Wipe,Car hit Pedestrian,Car,Grievious injury,Over speed,Three lanes or more without central divider(median),Straight road,Four arm junction,Fine,AP26AQ     2507,YES,Minor,0
13.09.2013,4:10 PM,1257.6,LHS,Rural,Tangutur,Collision Brush/Side Wipe,Car hit Pedestrian,Car,Grievious injury,Over speed,Three lanes or more without central divider(median),Straight road,Four arm junction,Fine,AP26AQ     2507,YES,Non injured ,2
13.09.2013,4:10 PM,1257.6,LHS,Rural,Tangutur,Collision Brush/Side Wipe,Car hit Pedestrian,Car,Grievious injury,Over speed,Three lanes or more without central divider(median),Straight road,Four arm junction,Fine,AP26AQ     2507,YES,Animals affected,0
13.09.2013,6:40 PM,1203,LHS,Rural,Reningavaram,Overturning, Ape Auto Over Turned,Auto,Grievious injury,Vehicle out of control,Four lanes or more with central divider,Straight road,,Heavy rain,AP7TT 8860,YES,Fatal,0
13.09.2013,6:40 PM,1203,LHS,Rural,Reningavaram,Overturning, Ape Auto Over Turned,Auto,Grievious injury,Vehicle out of control,Four lanes or more with central divider,Straight road,,Heavy rain,AP7TT 8860,YES,Grevious,4
13.09.2013,6:40 PM,1203,LHS,Rural,Reningavaram,Overturning, Ape Auto Over Turned,Auto,Grievious injury,Vehicle out of control,Four lanes or more with central divider,Straight road,,Heavy rain,AP7TT 8860,YES,Minor,4
13.09.2013,6:40 PM,1203,LHS,Rural,Reningavaram,Overturning, Ape Auto Over Turned,Auto,Grievious injury,Vehicle out of control,Four lanes or more with central divider,Straight road,,Heavy rain,AP7TT 8860,YES,Non injured ,0
13.09.2013,6:40 PM,1203,LHS,Rural,Reningavaram,Overturning, Ape Auto Over Turned,Auto,Grievious injury,Vehicle out of control,Four lanes or more with central divider,Straight road,,Heavy rain,AP7TT 8860,YES,Animals affected,0
14.09.2013,1:50 AM,1296.7,RHS,Rural,Ulavapadu,Collision Brush/Side Wipe,Container Vehicle hit Cement Crash Barri,Container,Non injury,Fault of driver of motor vehicle/driver of other vehicle/cyclist/pedestrian/passenger,Four lanes or more with central divider,Straight road,,Fine,TN28 AB    6915,YES,Fatal,0