Operational date,Time of Accident,KM && M,Position,Rural/Urban,Location,Nature of Accident Position,Nature of Accident,Vehicle Involved,Type of Accident,Causes,Road Feature,Road condition,Intersection Type And Control,Weather Condition,Vehicle Responsible,Help Provided by Ambulance/Patroling Vehicle,Classification of Accident,No of Affected Persons
14.09.2013,1:50 AM,1296.7,RHS,Rural,Ulavapadu,Collision Brush/Side Wipe,Container Vehicle hit Cement Crash Barri,Container,Non injury,Fault of driver of motor vehicle/driver of other vehicle/cyclist/pedestrian/passenger,Four lanes or more with central divider,Straight road,,Fine,TN28 AB    6915,YES,Grevious,0
14.09.2013,1:50 AM,1296.7,RHS,Rural,Ulavapadu,Collision Brush/Side Wipe,Container Vehicle hit Cement Crash Barri,Container,Non injury,Fault of driver of motor vehicle/driver of other vehicle/cyclist/pedestrian/passenger,Four lanes or more with central divider,Straight road,,Fine,TN28 AB    6915,YES,Minor,0
14.09.2013,1:50 AM,1296.7,RHS,Rural,Ulavapadu,Collision Brush/Side Wipe,Container Vehicle hit Cement Crash Barri,Container,Non injury,Fault of driver of motor vehicle/driver of other vehicle/cyclist/pedestrian/passenger,Four lanes or more with central divider,Straight road,,Fine,TN28 AB    6915,YES,Non injured ,2
14.09.2013,1:50 AM,1296.7,RHS,Rural,Ulavapadu,Collision Brush/Side Wipe,Container Vehicle hit Cement Crash Barri,Container,Non injury,Fault of driver of motor vehicle/driver of other vehicle/cyclist/pedestrian/passenger,Four lanes or more with central divider,Straight road,,Fine,TN28 AB    6915,YES,Animals affected,0
14.09.2013,2:20 AM,1276.6,RHS,Rural,Singarayakonda,Rear End Collision, Lorry hit  Lorry,Lorry,Fatal,Over speed,Four lanes or more with central divider,Straight road,,Fine,AP24TB    2349,YES,Fatal,2
14.09.2013,2:20 AM,1276.6,RHS,Rural,Singarayakonda,Rear End Collision, Lorry hit  Lorry,Lorry,Fatal,Over speed,Four lanes or more with central divider,Straight road,,Fine,AP24TB    2349,YES,Grevious,2
14.09.2013,2:20 AM,1276.6,RHS,Rural,Singarayakonda,Rear End Collision, Lorry hit  Lorry,Lorry,Fatal,Over speed,Four lanes or more with central divider,Straight road,,Fine,AP24TB    2349,YES,Minor,0
14.09.2013,2:20 AM,1276.6,RHS,Rural,Singarayakonda,Rear End Collision, Lorry hit  Lorry,Lorry,Fatal,Over speed,Four lanes or more with central divider,Straight road,,Fine,AP24TB    2349,YES,Non injured ,2
14.09.2013,2:20 AM,1276.6,RHS,Rural,Singarayakonda,Rear End Collision, Lorry hit  Lorry,Lorry,Fatal,Over speed,Four lanes or more with central divider,Straight road,,Fine,AP24TB    2349,YES,Animals affected,0
14.09.2013,6:00 AM,1267.7,RHS,Rural,Tangutur,Overturning,Lorry          Over Turned,Lorry,Non injury,Fault of driver of motor vehicle/driver of other vehicle/cyclist/pedestrian/passenger,Four lanes or more with central divider,Straight road,,Fine,WB57A   0427,YES,Fatal,0
14.09.2013,6:00 AM,1267.7,RHS,Rural,Tangutur,Overturning,Lorry          Over Turned,Lorry,Non injury,Fault of driver of motor vehicle/driver of other vehicle/cyclist/pedestrian/passenger,Four lanes or more with central divider,Straight road,,Fine,WB57A   0427,YES,Grevious,0
14.09.2013,6:00 AM,1267.7,RHS,Rural,Tangutur,Overturning,Lorry          Over Turned,Lorry,Non injury,Fault of driver of motor vehicle/driver of other vehicle/cyclist/pedestrian/passenger,Four lanes or more with central divider,Straight road,,Fine,WB57A   0427,YES,Minor,0
14.09.2013,6:00 AM,1267.7,RHS,Rural,Tangutur,Overturning,Lorry          Over Turned,Lorry,Non injury,Fault of driver of motor vehicle/driver of other vehicle/cyclist/pedestrian/passenger,Four lanes or more with central divider,Straight road,,Fine,WB57A   0427,YES,Non injured ,2
14.09.2013,6:00 AM,1267.7,RHS,Rural,Tangutur,Overturning,Lorry          Over Turned,Lorry,Non injury,Fault of driver of motor vehicle/driver of other vehicle/cyclist/pedestrian/passenger,Four lanes or more with central divider,Straight road,,Fine,WB57A   0427,YES,Animals affected,0
14.09.2013,12:20 PM,1267.5,RHS,Rural,Tangutur,Head on collision,Bike hit Unknown Vehicle,Bike,Fatal,Over speed,Four lanes or more with central divider,Straight road,,Fine,AP27AQ     1122,YES,Fatal,1
14.09.2013,12:20 PM,1267.5,RHS,Rural,Tangutur,Head on collision,Bike hit Unknown Vehicle,Bike,Fatal,Over speed,Four lanes or more with central divider,Straight road,,Fine,AP27AQ     1122,YES,Grevious,0
14.09.2013,12:20 PM,1267.5,RHS,Rural,Tangutur,Head on collision,Bike hit Unknown Vehicle,Bike,Fatal,Over speed,Four lanes or more with central divider,Straight road,,Fine,AP27AQ     1122,YES,Minor,0
14.09.2013,12:20 PM,1267.5,RHS,Rural,Tangutur,Head on collision,Bike hit Unknown Vehicle,Bike,Fatal,Over speed,Four lanes or more with central divider,Straight road,,Fine,AP27AQ     1122,YES,Non injured ,0
14.09.2013,12:20 PM,1267.5,RHS,Rural,Tangutur,Head on collision,Bike hit Unknown Vehicle,Bike,Fatal,Over speed,Four lanes or more with central divider,Straight road,,Fine,AP27AQ     1122,YES,Animals affected,0
14.09.2013,12:35 PM,1345,RHS,Rural,Dagadarthi,Skidding, Bike Skidding on the Road,Bike,Minor injury,Over speed,Four lanes or more with central divider,Straight road,,Fine,AP9AS   5705,YES,Fatal,0
14.09.2013,12:35 PM,1345,RHS,Rural,Dagadarthi,Skidding, Bike Skidding on the Road,Bike,Minor injury,Over speed,Four lanes or more with central divider,Straight road,,Fine,AP9AS   5705,YES,Grevious,0
14.09.2013,12:35 PM,1345,RHS,Rural,Dagadarthi,Skidding, Bike Skidding on the Road,Bike,Minor injury,Over speed,Four lanes or more with central divider,Straight road,,Fine,AP9AS   5705,YES,Minor,1
14.09.2013,12:35 PM,1345,RHS,Rural,Dagadarthi,Skidding, Bike Skidding on the Road,Bike,Minor injury,Over speed,Four lanes or more with central divider,Straight road,,Fine,AP9AS   5705,YES,Non injured ,0
14.09.2013,12:35 PM,1345,RHS,Rural,Dagadarthi,Skidding, Bike Skidding on the Road,Bike,Minor injury,Over speed,Four lanes or more with central divider,Straight road,,Fine,AP9AS   5705,YES,Animals affected,0
14.09.2013,3:45 PM,1329.3,RHS,Rural,Kavali,Rear End Collision, Lorry hit  Trolley,Lorry,Non injury,Druken,Four lanes or more with central divider,Straight road,,Fine,AP20TC     0099,YES,Fatal,0
14.09.2013,3:45 PM,1329.3,RHS,Rural,Kavali,Rear End Collision, Lorry hit  Trolley,Lorry,Non injury,Druken,Four lanes or more with central divider,Straight road,,Fine,AP20TC     0099,YES,Grevious,0
14.09.2013,3:45 PM,1329.3,RHS,Rural,Kavali,Rear End Collision, Lorry hit  Trolley,Lorry,Non injury,Druken,Four lanes or more with central divider,Straight road,,Fine,AP20TC     0099,YES,Minor,0
14.09.2013,3:45 PM,1329.3,RHS,Rural,Kavali,Rear End Collision, Lorry hit  Trolley,Lorry,Non injury,Druken,Four lanes or more with central divider,Straight road,,Fine,AP20TC     0099,YES,Non injured ,2
14.09.2013,3:45 PM,1329.3,RHS,Rural,Kavali,Rear End Collision, Lorry hit  Trolley,Lorry,Non injury,Druken,Four lanes or more with central divider,Straight road,,Fine,AP20TC     0099,YES,Animals affected,0
15.09.2013,8:35 AM,1204.1,RHS,Rural,Reningavaram,Collision Brush/Side Wipe, Lorry hit Safety-Wall,Lorry,Non injury,Over speed,Four lanes or more with central divider,Straight road,,Fine,AP16TU 4289,YES,Fatal,0
15.09.2013,8:35 AM,1204.1,RHS,Rural,Reningavaram,Collision Brush/Side Wipe, Lorry hit Safety-Wall,Lorry,Non injury,Over speed,Four lanes or more with central divider,Straight road,,Fine,AP16TU 4289,YES,Grevious,0
15.09.2013,8:35 AM,1204.1,RHS,Rural,Reningavaram,Collision Brush/Side Wipe, Lorry hit Safety-Wall,Lorry,Non injury,Over speed,Four lanes or more with central divider,Straight road,,Fine,AP16TU 4289,YES,Minor,0
15.09.2013,8:35 AM,1204.1,RHS,Rural,Reningavaram,Collision Brush/Side Wipe, Lorry hit Safety-Wall,Lorry,Non injury,Over speed,Four lanes or more with central divider,Straight road,,Fine,AP16TU 4289,YES,Non injured ,2
15.09.2013,8:35 AM,1204.1,RHS,Rural,Reningavaram,Collision Brush/Side Wipe, Lorry hit Safety-Wall,Lorry,Non injury,Over speed,Four lanes or more with central divider,Straight road,,Fine,AP16TU 4289,YES,Animals affected,0
15.09.2013,12:40 PM,1208.6,RHS,Rural,Reningavaram,Collision Brush/Side Wipe, Unknown Vehicle hit Pedestrian,Unknown,Grievious injury,Over speed,Four lanes or more with central divider,Straight road,,Fine,Unknown   Vehicle,YES,Fatal,0
15.09.2013,12:40 PM,1208.6,RHS,Rural,Reningavaram,Collision Brush/Side Wipe, Unknown Vehicle hit Pedestrian,Unknown,Grievious injury,Over speed,Four lanes or more with central divider,Straight road,,Fine,Unknown   Vehicle,YES,Grevious,1
15.09.2013,12:40 PM,1208.6,RHS,Rural,Reningavaram,Collision Brush/Side Wipe, Unknown Vehicle hit Pedestrian,Unknown,Grievious injury,Over speed,Four lanes or more with central divider,Straight road,,Fine,Unknown   Vehicle,YES,Minor,0
15.09.2013,12:40 PM,1208.6,RHS,Rural,Reningavaram,Collision Brush/Side Wipe, Unknown Vehicle hit Pedestrian,Unknown,Grievious injury,Over speed,Four lanes or more with central divider,Straight road,,Fine,Unknown   Vehicle,YES,Non injured ,0
15.09.2013,12:40 PM,1208.6,RHS,Rural,Reningavaram,Collision Brush/Side Wipe, Unknown Vehicle hit Pedestrian,Unknown,Grievious injury,Over speed,Four lanes or more with central divider,Straight road,,Fine,Unknown   Vehicle,YES,Animals affected,0
16.09.2013,10:32 AM,1199.3,LHS,Rural,Martur,Skidding, Bike Skidding on the Road,Bike,Grievious injury,Over speed,Four lanes or more with central divider,Straight road,,Fine,AP27AL    9687,YES,Fatal,0
16.09.2013,10:32 AM,1199.3,LHS,Rural,Martur,Skidding, Bike Skidding on the Road,Bike,Grievious injury,Over speed,Four lanes or more with central divider,Straight road,,Fine,AP27AL    9687,YES,Grevious,1
16.09.2013,10:32 AM,1199.3,LHS,Rural,Martur,Skidding, Bike Skidding on the Road,Bike,Grievious injury,Over speed,Four lanes or more with central divider,Straight road,,Fine,AP27AL    9687,YES,Minor,0
16.09.2013,10:32 AM,1199.3,LHS,Rural,Martur,Skidding, Bike Skidding on the Road,Bike,Grievious injury,Over speed,Four lanes or more with central divider,Straight road,,Fine,AP27AL    9687,YES,Non injured ,1
16.09.2013,10:32 AM,1199.3,LHS,Rural,Martur,Skidding, Bike Skidding on the Road,Bike,Grievious injury,Over speed,Four lanes or more with central divider,Straight road,,Fine,AP27AL    9687,YES,Animals affected,0
17.09.2013,5:45 AM,1362.3,RHS,Rural,Kodavaluru,Collision Brush/Side Wipe, Lorry hit    Metal Beam Crash Barrier,Lorry,Non injury,Fault of driver of motor vehicle/driver of other vehicle/cyclist/pedestrian/passenger,Four lanes or more with central divider,Slight curve,,Fine,AP31TW   4553,YES,Fatal,0
17.09.2013,5:45 AM,1362.3,RHS,Rural,Kodavaluru,Collision Brush/Side Wipe, Lorry hit    Metal Beam Crash Barrier,Lorry,Non injury,Fault of driver of motor vehicle/driver of other vehicle/cyclist/pedestrian/passenger,Four lanes or more with central divider,Slight curve,,Fine,AP31TW   4553,YES,Grevious,0
17.09.2013,5:45 AM,1362.3,RHS,Rural,Kodavaluru,Collision Brush/Side Wipe, Lorry hit    Metal Beam Crash Barrier,Lorry,Non injury,Fault of driver of motor vehicle/driver of other vehicle/cyclist/pedestrian/passenger,Four lanes or more with central divider,Slight curve,,Fine,AP31TW   4553,YES,Minor,0
17.09.2013,5:45 AM,1362.3,RHS,Rural,Kodavaluru,Collision Brush/Side Wipe, Lorry hit    Metal Beam Crash Barrier,Lorry,Non injury,Fault of driver of motor vehicle/driver of other vehicle/cyclist/pedestrian/passenger,Four lanes or more with central divider,Slight curve,,Fine,AP31TW   4553,YES,Non injured ,2
17.09.2013,5:45 AM,1362.3,RHS,Rural,Kodavaluru,Collision Brush/Side Wipe, Lorry hit    Metal Beam Crash Barrier,Lorry,Non injury,Fault of driver of motor vehicle/driver of other vehicle/cyclist/pedestrian/passenger,Four lanes or more with central divider,Slight curve,,Fine,AP31TW   4553,YES,Animals affected,0
17.09.2013,5:55 AM,1237.6,RHS,Rural,Maddipadu,Rear End Collision,  Lorry hit Mini Lorry,Lorry,Minor injury,Over speed,Four lanes or more with central divider,Straight road,,Fine,AP07U   9997,YES,Fatal,0
17.09.2013,5:55 AM,1237.6,RHS,Rural,Maddipadu,Rear End Collision,  Lorry hit Mini Lorry,Lorry,Minor injury,Over speed,Four lanes or more with central divider,Straight road,,Fine,AP07U   9997,YES,Grevious,0
17.09.2013,5:55 AM,1237.6,RHS,Rural,Maddipadu,Rear End Collision,  Lorry hit Mini Lorry,Lorry,Minor injury,Over speed,Four lanes or more with central divider,Straight road,,Fine,AP07U   9997,YES,Minor,1
17.09.2013,5:55 AM,1237.6,RHS,Rural,Maddipadu,Rear End Collision,  Lorry hit Mini Lorry,Lorry,Minor injury,Over speed,Four lanes or more with central divider,Straight road,,Fine,AP07U   9997,YES,Non injured ,0
17.09.2013,5:55 AM,1237.6,RHS,Rural,Maddipadu,Rear End Collision,  Lorry hit Mini Lorry,Lorry,Minor injury,Over speed,Four lanes or more with central divider,Straight road,,Fine,AP07U   9997,YES,Animals affected,0
17.09.2013,9:50 PM,1340.8,RHS,Rural,Dagadarthi,Collision Brush/Side Wipe,  Lorry hit  Median,Lorry,Non injury,Over speed,Four lanes or more with central divider,Straight road,,Fine,AP28W     1234,YES,Fatal,0
17.09.2013,9:50 PM,1340.8,RHS,Rural,Dagadarthi,Collision Brush/Side Wipe,  Lorry hit  Median,Lorry,Non injury,Over speed,Four lanes or more with central divider,Straight road,,Fine,AP28W     1234,YES,Grevious,0
17.09.2013,9:50 PM,1340.8,RHS,Rural,Dagadarthi,Collision Brush/Side Wipe,  Lorry hit  Median,Lorry,Non injury,Over speed,Four lanes or more with central divider,Straight road,,Fine,AP28W     1234,YES,Minor,0
17.09.2013,9:50 PM,1340.8,RHS,Rural,Dagadarthi,Collision Brush/Side Wipe,  Lorry hit  Median,Lorry,Non injury,Over speed,Four lanes or more with central divider,Straight road,,Fine,AP28W     1234,YES,Non injured ,2
17.09.2013,9:50 PM,1340.8,RHS,Rural,Dagadarthi,Collision Brush/Side Wipe,  Lorry hit  Median,Lorry,Non injury,Over speed,Four lanes or more with central divider,Straight road,,Fine,AP28W     1234,YES,Animals affected,0
18.09.2013,7:30 AM,1217.2,RHS,Rural,Medarametla,Overturning, Lorry Over Turned,Lorry,Non injury,Fault of driver of motor vehicle/driver of other vehicle/cyclist/pedestrian/passenger,Four lanes or more with central divider,Flat road,,Fine,AP03G   7845,YES,Fatal,0
18.09.2013,7:30 AM,1217.2,RHS,Rural,Medarametla,Overturning, Lorry Over Turned,Lorry,Non injury,Fault of driver of motor vehicle/driver of other vehicle/cyclist/pedestrian/passenger,Four lanes or more with central divider,Flat road,,Fine,AP03G   7845,YES,Grevious,0
18.09.2013,7:30 AM,1217.2,RHS,Rural,Medarametla,Overturning, Lorry Over Turned,Lorry,Non injury,Fault of driver of motor vehicle/driver of other vehicle/cyclist/pedestrian/passenger,Four lanes or more with central divider,Flat road,,Fine,AP03G   7845,YES,Minor,0
18.09.2013,7:30 AM,1217.2,RHS,Rural,Medarametla,Overturning, Lorry Over Turned,Lorry,Non injury,Fault of driver of motor vehicle/driver of other vehicle/cyclist/pedestrian/passenger,Four lanes or more with central divider,Flat road,,Fine,AP03G   7845,YES,Non injured ,2
18.09.2013,7:30 AM,1217.2,RHS,Rural,Medarametla,Overturning, Lorry Over Turned,Lorry,Non injury,Fault of driver of motor vehicle/driver of other vehicle/cyclist/pedestrian/passenger,Four lanes or more with central divider,Flat road,,Fine,AP03G   7845,YES,Animals affected,0
18.09.2013,10:20 AM,1260.2,LHS,Rural,Tangutur,Rear End Collision, Tipper hit Car,Lorry,Non injury,Over speed,Four lanes or more with central divider,Straight road,,Fine,AP27TV    9461,YES,Fatal,0
18.09.2013,10:20 AM,1260.2,LHS,Rural,Tangutur,Rear End Collision, Tipper hit Car,Lorry,Non injury,Over speed,Four lanes or more with central divider,Straight road,,Fine,AP27TV    9461,YES,Grevious,0
18.09.2013,10:20 AM,1260.2,LHS,Rural,Tangutur,Rear End Collision, Tipper hit Car,Lorry,Non injury,Over speed,Four lanes or more with central divider,Straight road,,Fine,AP27TV    9461,YES,Minor,0
18.09.2013,10:20 AM,1260.2,LHS,Rural,Tangutur,Rear End Collision, Tipper hit Car,Lorry,Non injury,Over speed,Four lanes or more with central divider,Straight road,,Fine,AP27TV    9461,YES,Non injured ,4
18.09.2013,10:20 AM,1260.2,LHS,Rural,Tangutur,Rear End Collision, Tipper hit Car,Lorry,Non injury,Over speed,Four lanes or more with central divider,Straight road,,Fine,AP27TV    9461,YES,Animals affected,0
18.09.2013,1:30 PM,1333,RHS,Rural,K.Tippa ,Rear End Collision, Car hit Lorry,Car,Non injury,Over speed,Four lanes or more with central divider,Straight road,,Fine,AP07S    0547,YES,Fatal,0
18.09.2013,1:30 PM,1333,RHS,Rural,K.Tippa ,Rear End Collision, Car hit Lorry,Car,Non injury,Over speed,Four lanes or more with central divider,Straight road,,Fine,AP07S    0547,YES,Grevious,0
18.09.2013,1:30 PM,1333,RHS,Rural,K.Tippa ,Rear End Collision, Car hit Lorry,Car,Non injury,Over speed,Four lanes or more with central divider,Straight road,,Fine,AP07S    0547,YES,Minor,0
18.09.2013,1:30 PM,1333,RHS,Rural,K.Tippa ,Rear End Collision, Car hit Lorry,Car,Non injury,Over speed,Four lanes or more with central divider,Straight road,,Fine,AP07S    0547,YES,Non injured ,4
18.09.2013,1:30 PM,1333,RHS,Rural,K.Tippa ,Rear End Collision, Car hit Lorry,Car,Non injury,Over speed,Four lanes or more with central divider,Straight road,,Fine,AP07S    0547,YES,Animals affected,0
18.09.2013,7:40 PM,1193.3,RHS,Rural,Martur,Rear End Collision, Lorry hit Ape Auto,Lorry,Minor injury,Over speed,Four lanes or more with central divider,Straight road,,Fine,TN52D   1666,YES,Fatal,0
18.09.2013,7:40 PM,1193.3,RHS,Rural,Martur,Rear End Collision, Lorry hit Ape Auto,Lorry,Minor injury,Over speed,Four lanes or more with central divider,Straight road,,Fine,TN52D   1666,YES,Grevious,0
18.09.2013,7:40 PM,1193.3,RHS,Rural,Martur,Rear End Collision, Lorry hit Ape Auto,Lorry,Minor injury,Over speed,Four lanes or more with central divider,Straight road,,Fine,TN52D   1666,YES,Minor,1
18.09.2013,7:40 PM,1193.3,RHS,Rural,Martur,Rear End Collision, Lorry hit Ape Auto,Lorry,Minor injury,Over speed,Four lanes or more with central divider,Straight road,,Fine,TN52D   1666,YES,Non injured ,3
18.09.2013,7:40 PM,1193.3,RHS,Rural,Martur,Rear End Collision, Lorry hit Ape Auto,Lorry,Minor injury,Over speed,Four lanes or more with central divider,Straight road,,Fine,TN52D   1666,YES,Animals affected,0
18.09.2013,10:04 PM,1238.5,RHS,Rural,Maddipadu,Collision Brush/Side Wipe, Unknown vehicle hit Bufellow,Unknown,Non injury,Over speed,Three lanes or more without central divider(median),Straight road,T-Junction,Fine,Unknown   Vehicle,YES,Fatal,0
18.09.2013,10:04 PM,1238.5,RHS,Rural,Maddipadu,Collision Brush/Side Wipe, Unknown vehicle hit Bufellow,Unknown,Non injury,Over speed,Three lanes or more without central divider(median),Straight road,T-Junction,Fine,Unknown   Vehicle,YES,Grevious,0
18.09.2013,10:04 PM,1238.5,RHS,Rural,Maddipadu,Collision Brush/Side Wipe, Unknown vehicle hit Bufellow,Unknown,Non injury,Over speed,Three lanes or more without central divider(median),Straight road,T-Junction,Fine,Unknown   Vehicle,YES,Minor,0
18.09.2013,10:04 PM,1238.5,RHS,Rural,Maddipadu,Collision Brush/Side Wipe, Unknown vehicle hit Bufellow,Unknown,Non injury,Over speed,Three lanes or more without central divider(median),Straight road,T-Junction,Fine,Unknown   Vehicle,YES,Non injured ,1
18.09.2013,10:04 PM,1238.5,RHS,Rural,Maddipadu,Collision Brush/Side Wipe, Unknown vehicle hit Bufellow,Unknown,Non injury,Over speed,Three lanes or more without central divider(median),Straight road,T-Junction,Fine,Unknown   Vehicle,YES,Animals affected,1
19.09.2013,3:50 AM,1350.4,RHS,Rural,Kodavaluru,Rear End Collision,Lorry hit Unknown Vehicle,Lorry,Non injury,Over speed,Four lanes or more with central divider,Straight road,,Fine,AP07TA    9369,YES,Fatal,0
19.09.2013,3:50 AM,1350.4,RHS,Rural,Kodavaluru,Rear End Collision,Lorry hit Unknown Vehicle,Lorry,Non injury,Over speed,Four lanes or more with central divider,Straight road,,Fine,AP07TA    9369,YES,Grevious,0
19.09.2013,3:50 AM,1350.4,RHS,Rural,Kodavaluru,Rear End Collision,Lorry hit Unknown Vehicle,Lorry,Non injury,Over speed,Four lanes or more with central divider,Straight road,,Fine,AP07TA    9369,YES,Minor,0
19.09.2013,3:50 AM,1350.4,RHS,Rural,Kodavaluru,Rear End Collision,Lorry hit Unknown Vehicle,Lorry,Non injury,Over speed,Four lanes or more with central divider,Straight road,,Fine,AP07TA    9369,YES,Non injured ,2
19.09.2013,3:50 AM,1350.4,RHS,Rural,Kodavaluru,Rear End Collision,Lorry hit Unknown Vehicle,Lorry,Non injury,Over speed,Four lanes or more with central divider,Straight road,,Fine,AP07TA    9369,YES,Animals affected,0
19.09.2013,4:45 AM,1240.3,RHS,Rural,Ongole,Overturning,Trolley     Overturned,Trolley,Minor injury,Fault of driver of motor vehicle/driver of other vehicle/cyclist/pedestrian/passenger,Four lanes or more with central divider,Straight road,,Fine,AP16TX 5511,YES,Fatal,0
19.09.2013,4:45 AM,1240.3,RHS,Rural,Ongole,Overturning,Trolley     Overturned,Trolley,Minor injury,Fault of driver of motor vehicle/driver of other vehicle/cyclist/pedestrian/passenger,Four lanes or more with central divider,Straight road,,Fine,AP16TX 5511,YES,Grevious,0
19.09.2013,4:45 AM,1240.3,RHS,Rural,Ongole,Overturning,Trolley     Overturned,Trolley,Minor injury,Fault of driver of motor vehicle/driver of other vehicle/cyclist/pedestrian/passenger,Four lanes or more with central divider,Straight road,,Fine,AP16TX 5511,YES,Minor,1
19.09.2013,4:45 AM,1240.3,RHS,Rural,Ongole,Overturning,Trolley     Overturned,Trolley,Minor injury,Fault of driver of motor vehicle/driver of other vehicle/cyclist/pedestrian/passenger,Four lanes or more with central divider,Straight road,,Fine,AP16TX 5511,YES,Non injured ,1
19.09.2013,4:45 AM,1240.3,RHS,Rural,Ongole,Overturning,Trolley     Overturned,Trolley,Minor injury,Fault of driver of motor vehicle/driver of other vehicle/cyclist/pedestrian/passenger,Four lanes or more with central divider,Straight road,,Fine,AP16TX 5511,YES,Animals affected,0
19.09.2013,8:20 AM,1243.4,RHS,Rural,Ongole,Rear End Collision,Container Vehicle hit Unknown Vehicle,Container,Minor injury,Over speed,Four lanes or more with central divider,Straight road,,Fine,AP07TU   0013,YES,Fatal,0
19.09.2013,8:20 AM,1243.4,RHS,Rural,Ongole,Rear End Collision,Container Vehicle hit Unknown Vehicle,Container,Minor injury,Over speed,Four lanes or more with central divider,Straight road,,Fine,AP07TU   0013,YES,Grevious,0
19.09.2013,8:20 AM,1243.4,RHS,Rural,Ongole,Rear End Collision,Container Vehicle hit Unknown Vehicle,Container,Minor injury,Over speed,Four lanes or more with central divider,Straight road,,Fine,AP07TU   0013,YES,Minor,2
19.09.2013,8:20 AM,1243.4,RHS,Rural,Ongole,Rear End Collision,Container Vehicle hit Unknown Vehicle,Container,Minor injury,Over speed,Four lanes or more with central divider,Straight road,,Fine,AP07TU   0013,YES,Non injured ,0
19.09.2013,8:20 AM,1243.4,RHS,Rural,Ongole,Rear End Collision,Container Vehicle hit Unknown Vehicle,Container,Minor injury,Over speed,Four lanes or more with central divider,Straight road,,Fine,AP07TU   0013,YES,Animals affected,0
20.09.2013,3:00 AM,1323.5,LHS,Rural,Kavali,Collision Brush/Side Wipe, Car hit Safety-Wall,Car,Non injury,Over speed,Four lanes or more with central divider,Straight road,,Fine,AP16BC       2111,YES,Fatal,0
20.09.2013,3:00 AM,1323.5,LHS,Rural,Kavali,Collision Brush/Side Wipe, Car hit Safety-Wall,Car,Non injury,Over speed,Four lanes or more with central divider,Straight road,,Fine,AP16BC       2111,YES,Grevious,0
20.09.2013,3:00 AM,1323.5,LHS,Rural,Kavali,Collision Brush/Side Wipe, Car hit Safety-Wall,Car,Non injury,Over speed,Four lanes or more with central divider,Straight road,,Fine,AP16BC       2111,YES,Minor,0
20.09.2013,3:00 AM,1323.5,LHS,Rural,Kavali,Collision Brush/Side Wipe, Car hit Safety-Wall,Car,Non injury,Over speed,Four lanes or more with central divider,Straight road,,Fine,AP16BC       2111,YES,Non injured ,2
20.09.2013,3:00 AM,1323.5,LHS,Rural,Kavali,Collision Brush/Side Wipe, Car hit Safety-Wall,Car,Non injury,Over speed,Four lanes or more with central divider,Straight road,,Fine,AP16BC       2111,YES,Animals affected,0
20.09.2013,12:25 PM,1235.5,LHS,Rural,Maddipadu,Rear End Collision, Ape Auto hit scorpio,Auto,Grievious injury,Over speed,Four lanes or more with central divider,Straight road,,Fine,AP27TT       2387,YES,Fatal,0
20.09.2013,12:25 PM,1235.5,LHS,Rural,Maddipadu,Rear End Collision, Ape Auto hit scorpio,Auto,Grievious injury,Over speed,Four lanes or more with central divider,Straight road,,Fine,AP27TT       2387,YES,Grevious,2
20.09.2013,12:25 PM,1235.5,LHS,Rural,Maddipadu,Rear End Collision, Ape Auto hit scorpio,Auto,Grievious injury,Over speed,Four lanes or more with central divider,Straight road,,Fine,AP27TT       2387,YES,Minor,0
20.09.2013,12:25 PM,1235.5,LHS,Rural,Maddipadu,Rear End Collision, Ape Auto hit scorpio,Auto,Grievious injury,Over speed,Four lanes or more with central divider,Straight road,,Fine,AP27TT       2387,YES,Non injured ,5
20.09.2013,12:25 PM,1235.5,LHS,Rural,Maddipadu,Rear End Collision, Ape Auto hit scorpio,Auto,Grievious injury,Over speed,Four lanes or more with central divider,Straight road,,Fine,AP27TT       2387,YES,Animals affected,0
21.09.2013,6:12 PM,1194,LHS,Rural,Martur,Rear End Collision,Lorry hit Tata Ace Auto,Lorry,Non injury,Over speed,Four lanes or more with central divider,Straight road,,Fine,AP27TT    8399,YES,Fatal,0
21.09.2013,6:12 PM,1194,LHS,Rural,Martur,Rear End Collision,Lorry hit Tata Ace Auto,Lorry,Non injury,Over speed,Four lanes or more with central divider,Straight road,,Fine,AP27TT    8399,YES,Grevious,0
21.09.2013,6:12 PM,1194,LHS,Rural,Martur,Rear End Collision,Lorry hit Tata Ace Auto,Lorry,Non injury,Over speed,Four lanes or more with central divider,Straight road,,Fine,AP27TT    8399,YES,Minor,0
21.09.2013,6:12 PM,1194,LHS,Rural,Martur,Rear End Collision,Lorry hit Tata Ace Auto,Lorry,Non injury,Over speed,Four lanes or more with central divider,Straight road,,Fine,AP27TT    8399,YES,Non injured ,4
21.09.2013,6:12 PM,1194,LHS,Rural,Martur,Rear End Collision,Lorry hit Tata Ace Auto,Lorry,Non injury,Over speed,Four lanes or more with central divider,Straight road,,Fine,AP27TT    8399,YES,Animals affected,2
21.09.2013,9:45 PM,1362,LHS,Rural,Kodavaluru,Others(p1.Specific),Bike hit Pedestrian,Bike,Grievious injury,Druken,Three lanes or more without central divider(median),Slight curve,Y-Junction,Fine,AP27N    6665,YES,Fatal,0
21.09.2013,9:45 PM,1362,LHS,Rural,Kodavaluru,Others(p1.Specific),Bike hit Pedestrian,Bike,Grievious injury,Druken,Three lanes or more without central divider(median),Slight curve,Y-Junction,Fine,AP27N    6665,YES,Grevious,3