Operational date,Time of Accident,KM && M,Position,Rural/Urban,Location,Nature of Accident Position,Nature of Accident,Vehicle Involved,Type of Accident,Causes,Road Feature,Road condition,Intersection Type And Control,Weather Condition,Vehicle Responsible,Help Provided by Ambulance/Patroling Vehicle,Classification of Accident,No of Affected Persons
21.09.2013,9:45 PM,1362,LHS,Rural,Kodavaluru,Others(p1.Specific),Bike hit Pedestrian,Bike,Grievious injury,Druken,Three lanes or more without central divider(median),Slight curve,Y-Junction,Fine,AP27N    6665,YES,Minor,0
21.09.2013,9:45 PM,1362,LHS,Rural,Kodavaluru,Others(p1.Specific),Bike hit Pedestrian,Bike,Grievious injury,Druken,Three lanes or more without central divider(median),Slight curve,Y-Junction,Fine,AP27N    6665,YES,Non injured ,0
21.09.2013,9:45 PM,1362,LHS,Rural,Kodavaluru,Others(p1.Specific),Bike hit Pedestrian,Bike,Grievious injury,Druken,Three lanes or more without central divider(median),Slight curve,Y-Junction,Fine,AP27N    6665,YES,Animals affected,0
22.09.2013,5:30 AM,1314.8,RHS,Rural,Kavali,Rear End Collision, Lorry hit Lorry,Lorry,Non injury,Fault of driver of motor vehicle/driver of other vehicle/cyclist/pedestrian/passenger,Four lanes or more with central divider,Straight road,,Fine,AP26X    0778,YES,Fatal,0
22.09.2013,5:30 AM,1314.8,RHS,Rural,Kavali,Rear End Collision, Lorry hit Lorry,Lorry,Non injury,Fault of driver of motor vehicle/driver of other vehicle/cyclist/pedestrian/passenger,Four lanes or more with central divider,Straight road,,Fine,AP26X    0778,YES,Grevious,0
22.09.2013,5:30 AM,1314.8,RHS,Rural,Kavali,Rear End Collision, Lorry hit Lorry,Lorry,Non injury,Fault of driver of motor vehicle/driver of other vehicle/cyclist/pedestrian/passenger,Four lanes or more with central divider,Straight road,,Fine,AP26X    0778,YES,Minor,0
22.09.2013,5:30 AM,1314.8,RHS,Rural,Kavali,Rear End Collision, Lorry hit Lorry,Lorry,Non injury,Fault of driver of motor vehicle/driver of other vehicle/cyclist/pedestrian/passenger,Four lanes or more with central divider,Straight road,,Fine,AP26X    0778,YES,Non injured ,2
22.09.2013,5:30 AM,1314.8,RHS,Rural,Kavali,Rear End Collision, Lorry hit Lorry,Lorry,Non injury,Fault of driver of motor vehicle/driver of other vehicle/cyclist/pedestrian/passenger,Four lanes or more with central divider,Straight road,,Fine,AP26X    0778,YES,Animals affected,0
22.09.2013,3:05 PM,1239.2,RHS,Rural,Ongole,Rear End Collision, Lorry hit    Car,Lorry,Non injury,Over speed,Four lanes or more with central divider,Straight road,,Fine,HR74W     9348,YES,Fatal,0
22.09.2013,3:05 PM,1239.2,RHS,Rural,Ongole,Rear End Collision, Lorry hit    Car,Lorry,Non injury,Over speed,Four lanes or more with central divider,Straight road,,Fine,HR74W     9348,YES,Grevious,0
22.09.2013,3:05 PM,1239.2,RHS,Rural,Ongole,Rear End Collision, Lorry hit    Car,Lorry,Non injury,Over speed,Four lanes or more with central divider,Straight road,,Fine,HR74W     9348,YES,Minor,0
22.09.2013,3:05 PM,1239.2,RHS,Rural,Ongole,Rear End Collision, Lorry hit    Car,Lorry,Non injury,Over speed,Four lanes or more with central divider,Straight road,,Fine,HR74W     9348,YES,Non injured ,4
22.09.2013,3:05 PM,1239.2,RHS,Rural,Ongole,Rear End Collision, Lorry hit    Car,Lorry,Non injury,Over speed,Four lanes or more with central divider,Straight road,,Fine,HR74W     9348,YES,Animals affected,0
23.09.2013,12:40 AM,1309.8,RHS,Rural,Kavali,Overturning,Mini Lorry         Over Turned,Lorry,Non injury,Fault of driver of motor vehicle/driver of other vehicle/cyclist/pedestrian/passenger,Four lanes or more with central divider,Straight road,,Fine,AP04Y   3459,YES,Fatal,0
23.09.2013,12:40 AM,1309.8,RHS,Rural,Kavali,Overturning,Mini Lorry         Over Turned,Lorry,Non injury,Fault of driver of motor vehicle/driver of other vehicle/cyclist/pedestrian/passenger,Four lanes or more with central divider,Straight road,,Fine,AP04Y   3459,YES,Grevious,0
23.09.2013,12:40 AM,1309.8,RHS,Rural,Kavali,Overturning,Mini Lorry         Over Turned,Lorry,Non injury,Fault of driver of motor vehicle/driver of other vehicle/cyclist/pedestrian/passenger,Four lanes or more with central divider,Straight road,,Fine,AP04Y   3459,YES,Minor,0
23.09.2013,12:40 AM,1309.8,RHS,Rural,Kavali,Overturning,Mini Lorry         Over Turned,Lorry,Non injury,Fault of driver of motor vehicle/driver of other vehicle/cyclist/pedestrian/passenger,Four lanes or more with central divider,Straight road,,Fine,AP04Y   3459,YES,Non injured ,2
23.09.2013,12:40 AM,1309.8,RHS,Rural,Kavali,Overturning,Mini Lorry         Over Turned,Lorry,Non injury,Fault of driver of motor vehicle/driver of other vehicle/cyclist/pedestrian/passenger,Four lanes or more with central divider,Straight road,,Fine,AP04Y   3459,YES,Animals affected,0
23.09.2013,2:45 PM,1257,LHS,Rural,Tangutur,Rear End Collision,Bike hit Unknown Vehicle,Bike,Minor injury,Over speed,Four lanes or more with central divider,Straight road,,Fine,AP27AQ  4147,YES,Fatal,0
23.09.2013,2:45 PM,1257,LHS,Rural,Tangutur,Rear End Collision,Bike hit Unknown Vehicle,Bike,Minor injury,Over speed,Four lanes or more with central divider,Straight road,,Fine,AP27AQ  4147,YES,Grevious,0
23.09.2013,2:45 PM,1257,LHS,Rural,Tangutur,Rear End Collision,Bike hit Unknown Vehicle,Bike,Minor injury,Over speed,Four lanes or more with central divider,Straight road,,Fine,AP27AQ  4147,YES,Minor,1
23.09.2013,2:45 PM,1257,LHS,Rural,Tangutur,Rear End Collision,Bike hit Unknown Vehicle,Bike,Minor injury,Over speed,Four lanes or more with central divider,Straight road,,Fine,AP27AQ  4147,YES,Non injured ,0
23.09.2013,2:45 PM,1257,LHS,Rural,Tangutur,Rear End Collision,Bike hit Unknown Vehicle,Bike,Minor injury,Over speed,Four lanes or more with central divider,Straight road,,Fine,AP27AQ  4147,YES,Animals affected,0
24.09.2013,12:20 AM,1241.3,RHS,Rural,Ongole,Head on collision,Lorry hit  Tractor,Lorry,Fatal,Fault of driver of motor vehicle/driver of other vehicle/cyclist/pedestrian/passenger,Four lanes or more with central divider,Straight road,,Fine,AP16TW    6887,YES,Fatal,1
24.09.2013,12:20 AM,1241.3,RHS,Rural,Ongole,Head on collision,Lorry hit  Tractor,Lorry,Fatal,Fault of driver of motor vehicle/driver of other vehicle/cyclist/pedestrian/passenger,Four lanes or more with central divider,Straight road,,Fine,AP16TW    6887,YES,Grevious,1
24.09.2013,12:20 AM,1241.3,RHS,Rural,Ongole,Head on collision,Lorry hit  Tractor,Lorry,Fatal,Fault of driver of motor vehicle/driver of other vehicle/cyclist/pedestrian/passenger,Four lanes or more with central divider,Straight road,,Fine,AP16TW    6887,YES,Minor,0
24.09.2013,12:20 AM,1241.3,RHS,Rural,Ongole,Head on collision,Lorry hit  Tractor,Lorry,Fatal,Fault of driver of motor vehicle/driver of other vehicle/cyclist/pedestrian/passenger,Four lanes or more with central divider,Straight road,,Fine,AP16TW    6887,YES,Non injured ,0
24.09.2013,12:20 AM,1241.3,RHS,Rural,Ongole,Head on collision,Lorry hit  Tractor,Lorry,Fatal,Fault of driver of motor vehicle/driver of other vehicle/cyclist/pedestrian/passenger,Four lanes or more with central divider,Straight road,,Fine,AP16TW    6887,YES,Animals affected,0
24.09.2013,6:10 AM,1193.5,RHS,Rural,Martur,Rear End Collision,Lorry hit Lorry,Lorry,Minor injury,Over speed,Four lanes or more with central divider,Straight road,,Fine,AP27X    1698,YES,Fatal,0
24.09.2013,6:10 AM,1193.5,RHS,Rural,Martur,Rear End Collision,Lorry hit Lorry,Lorry,Minor injury,Over speed,Four lanes or more with central divider,Straight road,,Fine,AP27X    1698,YES,Grevious,0
24.09.2013,6:10 AM,1193.5,RHS,Rural,Martur,Rear End Collision,Lorry hit Lorry,Lorry,Minor injury,Over speed,Four lanes or more with central divider,Straight road,,Fine,AP27X    1698,YES,Minor,2
24.09.2013,6:10 AM,1193.5,RHS,Rural,Martur,Rear End Collision,Lorry hit Lorry,Lorry,Minor injury,Over speed,Four lanes or more with central divider,Straight road,,Fine,AP27X    1698,YES,Non injured ,2
24.09.2013,6:10 AM,1193.5,RHS,Rural,Martur,Rear End Collision,Lorry hit Lorry,Lorry,Minor injury,Over speed,Four lanes or more with central divider,Straight road,,Fine,AP27X    1698,YES,Animals affected,0
24.09.2013,6:25 AM,1360.8,LHS,Urban,Kodavaluru,Rear End Collision,Lorry hit Lorry,Lorry,Non injury,Over speed,Four lanes or more with central divider,Straight road,,Fine,TN18E     9779,YES,Fatal,0
24.09.2013,6:25 AM,1360.8,LHS,Urban,Kodavaluru,Rear End Collision,Lorry hit Lorry,Lorry,Non injury,Over speed,Four lanes or more with central divider,Straight road,,Fine,TN18E     9779,YES,Grevious,0
24.09.2013,6:25 AM,1360.8,LHS,Urban,Kodavaluru,Rear End Collision,Lorry hit Lorry,Lorry,Non injury,Over speed,Four lanes or more with central divider,Straight road,,Fine,TN18E     9779,YES,Minor,0
24.09.2013,6:25 AM,1360.8,LHS,Urban,Kodavaluru,Rear End Collision,Lorry hit Lorry,Lorry,Non injury,Over speed,Four lanes or more with central divider,Straight road,,Fine,TN18E     9779,YES,Non injured ,4
24.09.2013,6:25 AM,1360.8,LHS,Urban,Kodavaluru,Rear End Collision,Lorry hit Lorry,Lorry,Non injury,Over speed,Four lanes or more with central divider,Straight road,,Fine,TN18E     9779,YES,Animals affected,0
24.09.2013,9:10 AM,1366.4,LHS,Rural,Kovuru,Head on collision,Mini Lorry hit      Lorry,Lorry,Grievious injury,Over speed,Four lanes or more with central divider,Straight road,,Fine,MP04GA    0809,YES,Fatal,0
24.09.2013,9:10 AM,1366.4,LHS,Rural,Kovuru,Head on collision,Mini Lorry hit      Lorry,Lorry,Grievious injury,Over speed,Four lanes or more with central divider,Straight road,,Fine,MP04GA    0809,YES,Grevious,1
24.09.2013,9:10 AM,1366.4,LHS,Rural,Kovuru,Head on collision,Mini Lorry hit      Lorry,Lorry,Grievious injury,Over speed,Four lanes or more with central divider,Straight road,,Fine,MP04GA    0809,YES,Minor,1
24.09.2013,9:10 AM,1366.4,LHS,Rural,Kovuru,Head on collision,Mini Lorry hit      Lorry,Lorry,Grievious injury,Over speed,Four lanes or more with central divider,Straight road,,Fine,MP04GA    0809,YES,Non injured ,2
24.09.2013,9:10 AM,1366.4,LHS,Rural,Kovuru,Head on collision,Mini Lorry hit      Lorry,Lorry,Grievious injury,Over speed,Four lanes or more with central divider,Straight road,,Fine,MP04GA    0809,YES,Animals affected,0
24.09.2013,6:40 PM,1185,LHS,Rural,Martur,Rear End Collision,Private Bus hit Oil Tanker,Bus,Non injury,Fault of driver of motor vehicle/driver of other vehicle/cyclist/pedestrian/passenger,Four lanes or more with central divider,Straight road,,Fine,AP35V     9393,YES,Fatal,0
24.09.2013,6:40 PM,1185,LHS,Rural,Martur,Rear End Collision,Private Bus hit Oil Tanker,Bus,Non injury,Fault of driver of motor vehicle/driver of other vehicle/cyclist/pedestrian/passenger,Four lanes or more with central divider,Straight road,,Fine,AP35V     9393,YES,Grevious,0
24.09.2013,6:40 PM,1185,LHS,Rural,Martur,Rear End Collision,Private Bus hit Oil Tanker,Bus,Non injury,Fault of driver of motor vehicle/driver of other vehicle/cyclist/pedestrian/passenger,Four lanes or more with central divider,Straight road,,Fine,AP35V     9393,YES,Minor,0
24.09.2013,6:40 PM,1185,LHS,Rural,Martur,Rear End Collision,Private Bus hit Oil Tanker,Bus,Non injury,Fault of driver of motor vehicle/driver of other vehicle/cyclist/pedestrian/passenger,Four lanes or more with central divider,Straight road,,Fine,AP35V     9393,YES,Non injured ,21
24.09.2013,6:40 PM,1185,LHS,Rural,Martur,Rear End Collision,Private Bus hit Oil Tanker,Bus,Non injury,Fault of driver of motor vehicle/driver of other vehicle/cyclist/pedestrian/passenger,Four lanes or more with central divider,Straight road,,Fine,AP35V     9393,YES,Animals affected,0
24.09.2013,7:57 PM,1346.1,LHS,Rural,Dagadarthi,Skidding, Bike Skidding on the Road,Bike,Grievious injury,Druken,Four lanes or more with central divider,Slight curve,,Fine,AP26Q 1022,YES,Fatal,0
24.09.2013,7:57 PM,1346.1,LHS,Rural,Dagadarthi,Skidding, Bike Skidding on the Road,Bike,Grievious injury,Druken,Four lanes or more with central divider,Slight curve,,Fine,AP26Q 1022,YES,Grevious,1
24.09.2013,7:57 PM,1346.1,LHS,Rural,Dagadarthi,Skidding, Bike Skidding on the Road,Bike,Grievious injury,Druken,Four lanes or more with central divider,Slight curve,,Fine,AP26Q 1022,YES,Minor,1
24.09.2013,7:57 PM,1346.1,LHS,Rural,Dagadarthi,Skidding, Bike Skidding on the Road,Bike,Grievious injury,Druken,Four lanes or more with central divider,Slight curve,,Fine,AP26Q 1022,YES,Non injured ,0
24.09.2013,7:57 PM,1346.1,LHS,Rural,Dagadarthi,Skidding, Bike Skidding on the Road,Bike,Grievious injury,Druken,Four lanes or more with central divider,Slight curve,,Fine,AP26Q 1022,YES,Animals affected,0
25.09.2013,2:30 AM,1200.2,LHS,Rural,Reningavaram,Skidding, Bike Skidding on the Road,Bike,Minor injury,Over speed,Four lanes or more with central divider,Straight road,,Fine,AP27AP   4980,YES,Fatal,0
25.09.2013,2:30 AM,1200.2,LHS,Rural,Reningavaram,Skidding, Bike Skidding on the Road,Bike,Minor injury,Over speed,Four lanes or more with central divider,Straight road,,Fine,AP27AP   4980,YES,Grevious,0
25.09.2013,2:30 AM,1200.2,LHS,Rural,Reningavaram,Skidding, Bike Skidding on the Road,Bike,Minor injury,Over speed,Four lanes or more with central divider,Straight road,,Fine,AP27AP   4980,YES,Minor,2
25.09.2013,2:30 AM,1200.2,LHS,Rural,Reningavaram,Skidding, Bike Skidding on the Road,Bike,Minor injury,Over speed,Four lanes or more with central divider,Straight road,,Fine,AP27AP   4980,YES,Non injured ,0
25.09.2013,2:30 AM,1200.2,LHS,Rural,Reningavaram,Skidding, Bike Skidding on the Road,Bike,Minor injury,Over speed,Four lanes or more with central divider,Straight road,,Fine,AP27AP   4980,YES,Animals affected,0
25.09.2013,9:25 AM,1262.4,RHS,Rural,Tangutur,Rear End Collision,Lorry hit Tipper,Lorry,Fatal,Over speed,Four lanes or more with central divider,Straight road,,Fine,AP22Y    6420,YES,Fatal,1
25.09.2013,9:25 AM,1262.4,RHS,Rural,Tangutur,Rear End Collision,Lorry hit Tipper,Lorry,Fatal,Over speed,Four lanes or more with central divider,Straight road,,Fine,AP22Y    6420,YES,Grevious,0
25.09.2013,9:25 AM,1262.4,RHS,Rural,Tangutur,Rear End Collision,Lorry hit Tipper,Lorry,Fatal,Over speed,Four lanes or more with central divider,Straight road,,Fine,AP22Y    6420,YES,Minor,0
25.09.2013,9:25 AM,1262.4,RHS,Rural,Tangutur,Rear End Collision,Lorry hit Tipper,Lorry,Fatal,Over speed,Four lanes or more with central divider,Straight road,,Fine,AP22Y    6420,YES,Non injured ,3
25.09.2013,9:25 AM,1262.4,RHS,Rural,Tangutur,Rear End Collision,Lorry hit Tipper,Lorry,Fatal,Over speed,Four lanes or more with central divider,Straight road,,Fine,AP22Y    6420,YES,Animals affected,0
26.09.2013,3:30 AM,1334.4,RHS,Rural,K.Tippa ,Collision Brush/Side Wipe,Lorry hit Safety Wall,Lorry,Non injury,Fault of driver of motor vehicle/driver of other vehicle/cyclist/pedestrian/passenger,Four lanes or more with central divider,Straight road,,Fine,HR55L    4521,YES,Fatal,0
26.09.2013,3:30 AM,1334.4,RHS,Rural,K.Tippa ,Collision Brush/Side Wipe,Lorry hit Safety Wall,Lorry,Non injury,Fault of driver of motor vehicle/driver of other vehicle/cyclist/pedestrian/passenger,Four lanes or more with central divider,Straight road,,Fine,HR55L    4521,YES,Grevious,0
26.09.2013,3:30 AM,1334.4,RHS,Rural,K.Tippa ,Collision Brush/Side Wipe,Lorry hit Safety Wall,Lorry,Non injury,Fault of driver of motor vehicle/driver of other vehicle/cyclist/pedestrian/passenger,Four lanes or more with central divider,Straight road,,Fine,HR55L    4521,YES,Minor,0
26.09.2013,3:30 AM,1334.4,RHS,Rural,K.Tippa ,Collision Brush/Side Wipe,Lorry hit Safety Wall,Lorry,Non injury,Fault of driver of motor vehicle/driver of other vehicle/cyclist/pedestrian/passenger,Four lanes or more with central divider,Straight road,,Fine,HR55L    4521,YES,Non injured ,2
26.09.2013,3:30 AM,1334.4,RHS,Rural,K.Tippa ,Collision Brush/Side Wipe,Lorry hit Safety Wall,Lorry,Non injury,Fault of driver of motor vehicle/driver of other vehicle/cyclist/pedestrian/passenger,Four lanes or more with central divider,Straight road,,Fine,HR55L    4521,YES,Animals affected,0
26.09.2013,8:10 AM,1309,RHS,Rural,Kavali,Overturning,Lorry Over Turned,Lorry,Non injury,Over speed,Four lanes or more with central divider,Straight road,,Fine,AP24TA   6469,YES,Fatal,0
26.09.2013,8:10 AM,1309,RHS,Rural,Kavali,Overturning,Lorry Over Turned,Lorry,Non injury,Over speed,Four lanes or more with central divider,Straight road,,Fine,AP24TA   6469,YES,Grevious,0
26.09.2013,8:10 AM,1309,RHS,Rural,Kavali,Overturning,Lorry Over Turned,Lorry,Non injury,Over speed,Four lanes or more with central divider,Straight road,,Fine,AP24TA   6469,YES,Minor,0
26.09.2013,8:10 AM,1309,RHS,Rural,Kavali,Overturning,Lorry Over Turned,Lorry,Non injury,Over speed,Four lanes or more with central divider,Straight road,,Fine,AP24TA   6469,YES,Non injured ,2
26.09.2013,8:10 AM,1309,RHS,Rural,Kavali,Overturning,Lorry Over Turned,Lorry,Non injury,Over speed,Four lanes or more with central divider,Straight road,,Fine,AP24TA   6469,YES,Animals affected,0
26.09.2013,10:31 AM,1226.8,LHS,Rural,Maddipadu,Rear End Collision,Car  hit Bike,Car,Fatal,Over speed,Four lanes or more with central divider,Straight road,,Fine,AP16 S    0088,YES,Fatal,1
26.09.2013,10:31 AM,1226.8,LHS,Rural,Maddipadu,Rear End Collision,Car  hit Bike,Car,Fatal,Over speed,Four lanes or more with central divider,Straight road,,Fine,AP16 S    0088,YES,Grevious,0
26.09.2013,10:31 AM,1226.8,LHS,Rural,Maddipadu,Rear End Collision,Car  hit Bike,Car,Fatal,Over speed,Four lanes or more with central divider,Straight road,,Fine,AP16 S    0088,YES,Minor,0
26.09.2013,10:31 AM,1226.8,LHS,Rural,Maddipadu,Rear End Collision,Car  hit Bike,Car,Fatal,Over speed,Four lanes or more with central divider,Straight road,,Fine,AP16 S    0088,YES,Non injured ,0
26.09.2013,10:31 AM,1226.8,LHS,Rural,Maddipadu,Rear End Collision,Car  hit Bike,Car,Fatal,Over speed,Four lanes or more with central divider,Straight road,,Fine,AP16 S    0088,YES,Animals affected,0
26.09.2013,10:50 AM,1250,RHS,Rural,Ongole,Rear End Collision,Lorry hit Unknown Vehicle,Lorry,Minor injury,Over speed,Three lanes or more without central divider(median),Slight curve,Y-Junction,Fine,TN01AT   6273,YES,Fatal,0
26.09.2013,10:50 AM,1250,RHS,Rural,Ongole,Rear End Collision,Lorry hit Unknown Vehicle,Lorry,Minor injury,Over speed,Three lanes or more without central divider(median),Slight curve,Y-Junction,Fine,TN01AT   6273,YES,Grevious,0
26.09.2013,10:50 AM,1250,RHS,Rural,Ongole,Rear End Collision,Lorry hit Unknown Vehicle,Lorry,Minor injury,Over speed,Three lanes or more without central divider(median),Slight curve,Y-Junction,Fine,TN01AT   6273,YES,Minor,2
26.09.2013,10:50 AM,1250,RHS,Rural,Ongole,Rear End Collision,Lorry hit Unknown Vehicle,Lorry,Minor injury,Over speed,Three lanes or more without central divider(median),Slight curve,Y-Junction,Fine,TN01AT   6273,YES,Non injured ,0
26.09.2013,10:50 AM,1250,RHS,Rural,Ongole,Rear End Collision,Lorry hit Unknown Vehicle,Lorry,Minor injury,Over speed,Three lanes or more without central divider(median),Slight curve,Y-Junction,Fine,TN01AT   6273,YES,Animals affected,0
26.09.2013,5:58 PM,1224.3,LHS,Rural,Medarametla,Head on collision,Lorry hit  Lorry,Lorry,Minor injury,Fault of driver of motor vehicle/driver of other vehicle/cyclist/pedestrian/passenger,Four lanes or more with central divider,Straight road,,Fine,AP27X    1489,YES,Fatal,0
26.09.2013,5:58 PM,1224.3,LHS,Rural,Medarametla,Head on collision,Lorry hit  Lorry,Lorry,Minor injury,Fault of driver of motor vehicle/driver of other vehicle/cyclist/pedestrian/passenger,Four lanes or more with central divider,Straight road,,Fine,AP27X    1489,YES,Grevious,0
26.09.2013,5:58 PM,1224.3,LHS,Rural,Medarametla,Head on collision,Lorry hit  Lorry,Lorry,Minor injury,Fault of driver of motor vehicle/driver of other vehicle/cyclist/pedestrian/passenger,Four lanes or more with central divider,Straight road,,Fine,AP27X    1489,YES,Minor,2
26.09.2013,5:58 PM,1224.3,LHS,Rural,Medarametla,Head on collision,Lorry hit  Lorry,Lorry,Minor injury,Fault of driver of motor vehicle/driver of other vehicle/cyclist/pedestrian/passenger,Four lanes or more with central divider,Straight road,,Fine,AP27X    1489,YES,Non injured ,2
26.09.2013,5:58 PM,1224.3,LHS,Rural,Medarametla,Head on collision,Lorry hit  Lorry,Lorry,Minor injury,Fault of driver of motor vehicle/driver of other vehicle/cyclist/pedestrian/passenger,Four lanes or more with central divider,Straight road,,Fine,AP27X    1489,YES,Animals affected,0
27.09.2013,2:20 AM,1189.2,LHS,Rural,Martur,Overturning,Car Fall down  in Culvert,Car,Minor injury,Over speed,Four lanes or more with central divider,Straight road,,Fine,AP05TB     3070,YES,Fatal,0
27.09.2013,2:20 AM,1189.2,LHS,Rural,Martur,Overturning,Car Fall down  in Culvert,Car,Minor injury,Over speed,Four lanes or more with central divider,Straight road,,Fine,AP05TB     3070,YES,Grevious,0
27.09.2013,2:20 AM,1189.2,LHS,Rural,Martur,Overturning,Car Fall down  in Culvert,Car,Minor injury,Over speed,Four lanes or more with central divider,Straight road,,Fine,AP05TB     3070,YES,Minor,2
27.09.2013,2:20 AM,1189.2,LHS,Rural,Martur,Overturning,Car Fall down  in Culvert,Car,Minor injury,Over speed,Four lanes or more with central divider,Straight road,,Fine,AP05TB     3070,YES,Non injured ,2
27.09.2013,2:20 AM,1189.2,LHS,Rural,Martur,Overturning,Car Fall down  in Culvert,Car,Minor injury,Over speed,Four lanes or more with central divider,Straight road,,Fine,AP05TB     3070,YES,Animals affected,0
27.09.2013,4:28 AM,1310.7,RHS,Rural,Kavali,Overturning,Lorry Over Turned,Lorry,Non injury,Over speed,Four lanes or more with central divider,Straight road,,Fine,AP27B     9479,YES,Fatal,0
27.09.2013,4:28 AM,1310.7,RHS,Rural,Kavali,Overturning,Lorry Over Turned,Lorry,Non injury,Over speed,Four lanes or more with central divider,Straight road,,Fine,AP27B     9479,YES,Grevious,0
27.09.2013,4:28 AM,1310.7,RHS,Rural,Kavali,Overturning,Lorry Over Turned,Lorry,Non injury,Over speed,Four lanes or more with central divider,Straight road,,Fine,AP27B     9479,YES,Minor,0
27.09.2013,4:28 AM,1310.7,RHS,Rural,Kavali,Overturning,Lorry Over Turned,Lorry,Non injury,Over speed,Four lanes or more with central divider,Straight road,,Fine,AP27B     9479,YES,Non injured ,2
27.09.2013,4:28 AM,1310.7,RHS,Rural,Kavali,Overturning,Lorry Over Turned,Lorry,Non injury,Over speed,Four lanes or more with central divider,Straight road,,Fine,AP27B     9479,YES,Animals affected,0
28.09.2013,6:00 PM,1274.7,RHS,Rural,Singarayakonda,Rear End Collision,Bike hit     Lorry ,Bike,Grievious injury,Vehicle out of control,Four lanes or more with central divider,Straight road,,Fine,AP27AM       1940,YES,Fatal,0
28.09.2013,6:00 PM,1274.7,RHS,Rural,Singarayakonda,Rear End Collision,Bike hit     Lorry ,Bike,Grievious injury,Vehicle out of control,Four lanes or more with central divider,Straight road,,Fine,AP27AM       1940,YES,Grevious,1
28.09.2013,6:00 PM,1274.7,RHS,Rural,Singarayakonda,Rear End Collision,Bike hit     Lorry ,Bike,Grievious injury,Vehicle out of control,Four lanes or more with central divider,Straight road,,Fine,AP27AM       1940,YES,Minor,0
28.09.2013,6:00 PM,1274.7,RHS,Rural,Singarayakonda,Rear End Collision,Bike hit     Lorry ,Bike,Grievious injury,Vehicle out of control,Four lanes or more with central divider,Straight road,,Fine,AP27AM       1940,YES,Non injured ,2
28.09.2013,6:00 PM,1274.7,RHS,Rural,Singarayakonda,Rear End Collision,Bike hit     Lorry ,Bike,Grievious injury,Vehicle out of control,Four lanes or more with central divider,Straight road,,Fine,AP27AM       1940,YES,Animals affected,0
29.09.2013,3:25 AM,1319.5,RHS,Rural,Kavali,Rear End Collision,Lorry hit Car and Buffalo,Lorry,Minor injury,Over speed,Four lanes or more with central divider,Straight road,,Fine,KA53B    1539,YES,Fatal,0
29.09.2013,3:25 AM,1319.5,RHS,Rural,Kavali,Rear End Collision,Lorry hit Car and Buffalo,Lorry,Minor injury,Over speed,Four lanes or more with central divider,Straight road,,Fine,KA53B    1539,YES,Grevious,0
29.09.2013,3:25 AM,1319.5,RHS,Rural,Kavali,Rear End Collision,Lorry hit Car and Buffalo,Lorry,Minor injury,Over speed,Four lanes or more with central divider,Straight road,,Fine,KA53B    1539,YES,Minor,1
29.09.2013,3:25 AM,1319.5,RHS,Rural,Kavali,Rear End Collision,Lorry hit Car and Buffalo,Lorry,Minor injury,Over speed,Four lanes or more with central divider,Straight road,,Fine,KA53B    1539,YES,Non injured ,3
29.09.2013,3:25 AM,1319.5,RHS,Rural,Kavali,Rear End Collision,Lorry hit Car and Buffalo,Lorry,Minor injury,Over speed,Four lanes or more with central divider,Straight road,,Fine,KA53B    1539,YES,Animals affected,0
30.09.2013,5:30 AM,1267.4,RHS,Rural,Tangutur,Rear End Collision,Lorry hit  Lorry,Lorry,Minor injury,Over speed,Four lanes or more with central divider,Straight road,,Fine,AP03GA   6213,YES,Fatal,0
30.09.2013,5:30 AM,1267.4,RHS,Rural,Tangutur,Rear End Collision,Lorry hit  Lorry,Lorry,Minor injury,Over speed,Four lanes or more with central divider,Straight road,,Fine,AP03GA   6213,YES,Grevious,0
30.09.2013,5:30 AM,1267.4,RHS,Rural,Tangutur,Rear End Collision,Lorry hit  Lorry,Lorry,Minor injury,Over speed,Four lanes or more with central divider,Straight road,,Fine,AP03GA   6213,YES,Minor,1
30.09.2013,5:30 AM,1267.4,RHS,Rural,Tangutur,Rear End Collision,Lorry hit  Lorry,Lorry,Minor injury,Over speed,Four lanes or more with central divider,Straight road,,Fine,AP03GA   6213,YES,Non injured ,3
30.09.2013,5:30 AM,1267.4,RHS,Rural,Tangutur,Rear End Collision,Lorry hit  Lorry,Lorry,Minor injury,Over speed,Four lanes or more with central divider,Straight road,,Fine,AP03GA   6213,YES,Animals affected,0
30.09.2013,7:45 AM,1338,LHS,Rural,K.Tippa ,Rear End Collision,Tractor         hit Bike,Tractor,Grievious injury,Over speed,Four lanes or more with central divider,Straight road,,Fine,AP26AQ    0814,YES,Fatal,0
30.09.2013,7:45 AM,1338,LHS,Rural,K.Tippa ,Rear End Collision,Tractor         hit Bike,Tractor,Grievious injury,Over speed,Four lanes or more with central divider,Straight road,,Fine,AP26AQ    0814,YES,Grevious,1
30.09.2013,7:45 AM,1338,LHS,Rural,K.Tippa ,Rear End Collision,Tractor         hit Bike,Tractor,Grievious injury,Over speed,Four lanes or more with central divider,Straight road,,Fine,AP26AQ    0814,YES,Minor,0
30.09.2013,7:45 AM,1338,LHS,Rural,K.Tippa ,Rear End Collision,Tractor         hit Bike,Tractor,Grievious injury,Over speed,Four lanes or more with central divider,Straight road,,Fine,AP26AQ    0814,YES,Non injured ,0
30.09.2013,7:45 AM,1338,LHS,Rural,K.Tippa ,Rear End Collision,Tractor         hit Bike,Tractor,Grievious injury,Over speed,Four lanes or more with central divider,Straight road,,Fine,AP26AQ    0814,YES,Animals affected,0