Operational date,Time of Accident,KM && M,Position,Rural/Urban,Location,Nature of Accident Position,Nature of Accident,Vehicle Involved,Type of Accident,Causes,Road Feature,Road condition,Intersection Type And Control,Weather Condition,Vehicle Responsible,Help Provided by Ambulance/Patroling Vehicle,Classification of Accident,No of Affected Persons
02.10.2013,3:00 AM,1215.6,RHS,Rural,Medarametla,Overturning, Lorry Over Turned,Lorry,Non injury,Fault of driver of motor vehicle/driver of other vehicle/cyclist/pedestrian/passenger,Four lanes or more with central divider,Straight road,,Fine,AP07TU  2916,YES,Fatal,0
02.10.2013,3:00 AM,1215.6,RHS,Rural,Medarametla,Overturning, Lorry Over Turned,Lorry,Non injury,Fault of driver of motor vehicle/driver of other vehicle/cyclist/pedestrian/passenger,Four lanes or more with central divider,Straight road,,Fine,AP07TU  2916,YES,Grevious,0
02.10.2013,3:00 AM,1215.6,RHS,Rural,Medarametla,Overturning, Lorry Over Turned,Lorry,Non injury,Fault of driver of motor vehicle/driver of other vehicle/cyclist/pedestrian/passenger,Four lanes or more with central divider,Straight road,,Fine,AP07TU  2916,YES,Minor,0
02.10.2013,3:00 AM,1215.6,RHS,Rural,Medarametla,Overturning, Lorry Over Turned,Lorry,Non injury,Fault of driver of motor vehicle/driver of other vehicle/cyclist/pedestrian/passenger,Four lanes or more with central divider,Straight road,,Fine,AP07TU  2916,YES,Non injured ,2
02.10.2013,3:00 AM,1215.6,RHS,Rural,Medarametla,Overturning, Lorry Over Turned,Lorry,Non injury,Fault of driver of motor vehicle/driver of other vehicle/cyclist/pedestrian/passenger,Four lanes or more with central divider,Straight road,,Fine,AP07TU  2916,YES,Animals affected,0
03.10.2013,3:35 AM,1199.2,LHS,Rural,Martur,Rear End Collision,Lorry hit   Unknown Vehicle,Lorry,Non injury,Over speed,Four lanes or more with central divider,Straight road,,Cloudy,AP16TU     5944,YES,Fatal,0
03.10.2013,3:35 AM,1199.2,LHS,Rural,Martur,Rear End Collision,Lorry hit   Unknown Vehicle,Lorry,Non injury,Over speed,Four lanes or more with central divider,Straight road,,Cloudy,AP16TU     5944,YES,Grevious,0
03.10.2013,3:35 AM,1199.2,LHS,Rural,Martur,Rear End Collision,Lorry hit   Unknown Vehicle,Lorry,Non injury,Over speed,Four lanes or more with central divider,Straight road,,Cloudy,AP16TU     5944,YES,Minor,0
03.10.2013,3:35 AM,1199.2,LHS,Rural,Martur,Rear End Collision,Lorry hit   Unknown Vehicle,Lorry,Non injury,Over speed,Four lanes or more with central divider,Straight road,,Cloudy,AP16TU     5944,YES,Non injured ,2
03.10.2013,3:35 AM,1199.2,LHS,Rural,Martur,Rear End Collision,Lorry hit   Unknown Vehicle,Lorry,Non injury,Over speed,Four lanes or more with central divider,Straight road,,Cloudy,AP16TU     5944,YES,Animals affected,0
03.10.2013,4:38 AM,1252.1,RHS,Rural,Ongole,Rear End Collision,Lorry hit Lorry ,Lorry,Grievious injury,Over speed,Four lanes or more with central divider,Straight road,,Cloudy,AP16TW  4797,YES,Fatal,0
03.10.2013,4:38 AM,1252.1,RHS,Rural,Ongole,Rear End Collision,Lorry hit Lorry ,Lorry,Grievious injury,Over speed,Four lanes or more with central divider,Straight road,,Cloudy,AP16TW  4797,YES,Grevious,2
03.10.2013,4:38 AM,1252.1,RHS,Rural,Ongole,Rear End Collision,Lorry hit Lorry ,Lorry,Grievious injury,Over speed,Four lanes or more with central divider,Straight road,,Cloudy,AP16TW  4797,YES,Minor,0
03.10.2013,4:38 AM,1252.1,RHS,Rural,Ongole,Rear End Collision,Lorry hit Lorry ,Lorry,Grievious injury,Over speed,Four lanes or more with central divider,Straight road,,Cloudy,AP16TW  4797,YES,Non injured ,2
03.10.2013,4:38 AM,1252.1,RHS,Rural,Ongole,Rear End Collision,Lorry hit Lorry ,Lorry,Grievious injury,Over speed,Four lanes or more with central divider,Straight road,,Cloudy,AP16TW  4797,YES,Animals affected,0
03.10.2013,4:50 AM,1252.2,LHS,Rural,Ongole,Overturning, Tipper Over Turned,Lorry,Minor injury,Over speed,Four lanes or more with central divider,Straight road,,Cloudy,AP03V      5190 ,YES,Fatal,0
03.10.2013,4:50 AM,1252.2,LHS,Rural,Ongole,Overturning, Tipper Over Turned,Lorry,Minor injury,Over speed,Four lanes or more with central divider,Straight road,,Cloudy,AP03V      5190 ,YES,Grevious,0
03.10.2013,4:50 AM,1252.2,LHS,Rural,Ongole,Overturning, Tipper Over Turned,Lorry,Minor injury,Over speed,Four lanes or more with central divider,Straight road,,Cloudy,AP03V      5190 ,YES,Minor,1
03.10.2013,4:50 AM,1252.2,LHS,Rural,Ongole,Overturning, Tipper Over Turned,Lorry,Minor injury,Over speed,Four lanes or more with central divider,Straight road,,Cloudy,AP03V      5190 ,YES,Non injured ,1
03.10.2013,4:50 AM,1252.2,LHS,Rural,Ongole,Overturning, Tipper Over Turned,Lorry,Minor injury,Over speed,Four lanes or more with central divider,Straight road,,Cloudy,AP03V      5190 ,YES,Animals affected,0
04.10.2013,2:52 AM,1296.2,RHS,Rural,Ulavapadu,Rear End Collision,Lorry hit Lorry ,Lorry,Non injury,Over speed,Four lanes or more with central divider,Straight road,,Fine,AP26TB   8259,YES,Fatal,0
04.10.2013,2:52 AM,1296.2,RHS,Rural,Ulavapadu,Rear End Collision,Lorry hit Lorry ,Lorry,Non injury,Over speed,Four lanes or more with central divider,Straight road,,Fine,AP26TB   8259,YES,Grevious,0
04.10.2013,2:52 AM,1296.2,RHS,Rural,Ulavapadu,Rear End Collision,Lorry hit Lorry ,Lorry,Non injury,Over speed,Four lanes or more with central divider,Straight road,,Fine,AP26TB   8259,YES,Minor,0
04.10.2013,2:52 AM,1296.2,RHS,Rural,Ulavapadu,Rear End Collision,Lorry hit Lorry ,Lorry,Non injury,Over speed,Four lanes or more with central divider,Straight road,,Fine,AP26TB   8259,YES,Non injured ,4
04.10.2013,2:52 AM,1296.2,RHS,Rural,Ulavapadu,Rear End Collision,Lorry hit Lorry ,Lorry,Non injury,Over speed,Four lanes or more with central divider,Straight road,,Fine,AP26TB   8259,YES,Animals affected,0
04.10.2013,1:49 PM,1259,RHS,Rural,Tangutur,Skidding, Bike Skidding on the Road,Bike,Minor injury,Over speed,Four lanes or more with central divider,Straight road,,Fine,AP27AM   6264,YES,Fatal,0
04.10.2013,1:49 PM,1259,RHS,Rural,Tangutur,Skidding, Bike Skidding on the Road,Bike,Minor injury,Over speed,Four lanes or more with central divider,Straight road,,Fine,AP27AM   6264,YES,Grevious,0
04.10.2013,1:49 PM,1259,RHS,Rural,Tangutur,Skidding, Bike Skidding on the Road,Bike,Minor injury,Over speed,Four lanes or more with central divider,Straight road,,Fine,AP27AM   6264,YES,Minor,1
04.10.2013,1:49 PM,1259,RHS,Rural,Tangutur,Skidding, Bike Skidding on the Road,Bike,Minor injury,Over speed,Four lanes or more with central divider,Straight road,,Fine,AP27AM   6264,YES,Non injured ,0
04.10.2013,1:49 PM,1259,RHS,Rural,Tangutur,Skidding, Bike Skidding on the Road,Bike,Minor injury,Over speed,Four lanes or more with central divider,Straight road,,Fine,AP27AM   6264,YES,Animals affected,0
04.10.2013,2:10 PM,1341.8,RHS,Rural,Dagadarthi,Collision Brush/Side Wipe, Lorry hit    Metal Beam Crash Barrier,Lorry,Non injury,Over speed,Four lanes or more with central divider,Straight road,,Fine,AP07Y    7559,YES,Fatal,0
04.10.2013,2:10 PM,1341.8,RHS,Rural,Dagadarthi,Collision Brush/Side Wipe, Lorry hit    Metal Beam Crash Barrier,Lorry,Non injury,Over speed,Four lanes or more with central divider,Straight road,,Fine,AP07Y    7559,YES,Grevious,0
04.10.2013,2:10 PM,1341.8,RHS,Rural,Dagadarthi,Collision Brush/Side Wipe, Lorry hit    Metal Beam Crash Barrier,Lorry,Non injury,Over speed,Four lanes or more with central divider,Straight road,,Fine,AP07Y    7559,YES,Minor,0
04.10.2013,2:10 PM,1341.8,RHS,Rural,Dagadarthi,Collision Brush/Side Wipe, Lorry hit    Metal Beam Crash Barrier,Lorry,Non injury,Over speed,Four lanes or more with central divider,Straight road,,Fine,AP07Y    7559,YES,Non injured ,2
04.10.2013,2:10 PM,1341.8,RHS,Rural,Dagadarthi,Collision Brush/Side Wipe, Lorry hit    Metal Beam Crash Barrier,Lorry,Non injury,Over speed,Four lanes or more with central divider,Straight road,,Fine,AP07Y    7559,YES,Animals affected,0
05.10.2013,12:10 AM,1330.6,RHS,Rural,Kavali,Rear End Collision,Lorry hit Lorry ,Lorry,Non injury,Fault of driver of motor vehicle/driver of other vehicle/cyclist/pedestrian/passenger,Four lanes or more with central divider,Straight road,,Fine,AP16TW 3282,YES,Fatal,0
05.10.2013,12:10 AM,1330.6,RHS,Rural,Kavali,Rear End Collision,Lorry hit Lorry ,Lorry,Non injury,Fault of driver of motor vehicle/driver of other vehicle/cyclist/pedestrian/passenger,Four lanes or more with central divider,Straight road,,Fine,AP16TW 3282,YES,Grevious,0
05.10.2013,12:10 AM,1330.6,RHS,Rural,Kavali,Rear End Collision,Lorry hit Lorry ,Lorry,Non injury,Fault of driver of motor vehicle/driver of other vehicle/cyclist/pedestrian/passenger,Four lanes or more with central divider,Straight road,,Fine,AP16TW 3282,YES,Minor,0
05.10.2013,12:10 AM,1330.6,RHS,Rural,Kavali,Rear End Collision,Lorry hit Lorry ,Lorry,Non injury,Fault of driver of motor vehicle/driver of other vehicle/cyclist/pedestrian/passenger,Four lanes or more with central divider,Straight road,,Fine,AP16TW 3282,YES,Non injured ,2
05.10.2013,12:10 AM,1330.6,RHS,Rural,Kavali,Rear End Collision,Lorry hit Lorry ,Lorry,Non injury,Fault of driver of motor vehicle/driver of other vehicle/cyclist/pedestrian/passenger,Four lanes or more with central divider,Straight road,,Fine,AP16TW 3282,YES,Animals affected,0
05.10.2013,6:20 AM,1254.9,LHS,Rural,Tangutur,Rear End Collision,Container Vehicle hit Unknown Lorry,Container,Fatal,Fault of driver of motor vehicle/driver of other vehicle/cyclist/pedestrian/passenger,Four lanes or more with central divider,Straight road,,Fine,TN03K    1558,YES,Fatal,1
05.10.2013,6:20 AM,1254.9,LHS,Rural,Tangutur,Rear End Collision,Container Vehicle hit Unknown Lorry,Container,Fatal,Fault of driver of motor vehicle/driver of other vehicle/cyclist/pedestrian/passenger,Four lanes or more with central divider,Straight road,,Fine,TN03K    1558,YES,Grevious,0
05.10.2013,6:20 AM,1254.9,LHS,Rural,Tangutur,Rear End Collision,Container Vehicle hit Unknown Lorry,Container,Fatal,Fault of driver of motor vehicle/driver of other vehicle/cyclist/pedestrian/passenger,Four lanes or more with central divider,Straight road,,Fine,TN03K    1558,YES,Minor,0
05.10.2013,6:20 AM,1254.9,LHS,Rural,Tangutur,Rear End Collision,Container Vehicle hit Unknown Lorry,Container,Fatal,Fault of driver of motor vehicle/driver of other vehicle/cyclist/pedestrian/passenger,Four lanes or more with central divider,Straight road,,Fine,TN03K    1558,YES,Non injured ,2
05.10.2013,6:20 AM,1254.9,LHS,Rural,Tangutur,Rear End Collision,Container Vehicle hit Unknown Lorry,Container,Fatal,Fault of driver of motor vehicle/driver of other vehicle/cyclist/pedestrian/passenger,Four lanes or more with central divider,Straight road,,Fine,TN03K    1558,YES,Animals affected,0
05.10.2013,3:21 PM,1362.2,RHS,Rural,Kodavaluru,Collision Brush/Side Wipe,Bike hit  Median,Bike,Grievious injury,Druken,Four lanes or more with central divider,Sharp curve,,Fine,AP26AJ    6943,YES,Fatal,0
05.10.2013,3:21 PM,1362.2,RHS,Rural,Kodavaluru,Collision Brush/Side Wipe,Bike hit  Median,Bike,Grievious injury,Druken,Four lanes or more with central divider,Sharp curve,,Fine,AP26AJ    6943,YES,Grevious,1
05.10.2013,3:21 PM,1362.2,RHS,Rural,Kodavaluru,Collision Brush/Side Wipe,Bike hit  Median,Bike,Grievious injury,Druken,Four lanes or more with central divider,Sharp curve,,Fine,AP26AJ    6943,YES,Minor,0
05.10.2013,3:21 PM,1362.2,RHS,Rural,Kodavaluru,Collision Brush/Side Wipe,Bike hit  Median,Bike,Grievious injury,Druken,Four lanes or more with central divider,Sharp curve,,Fine,AP26AJ    6943,YES,Non injured ,0
05.10.2013,3:21 PM,1362.2,RHS,Rural,Kodavaluru,Collision Brush/Side Wipe,Bike hit  Median,Bike,Grievious injury,Druken,Four lanes or more with central divider,Sharp curve,,Fine,AP26AJ    6943,YES,Animals affected,0
06.10.2013,8:50 AM,1366.1,LHS,Rural,Kovuru,Rear End Collision,Lorry hit   Unknown Vehicle,Lorry,Non injury,Over speed,Four lanes or more with central divider,Straight road,Y-Junction,Fine,AP26TT   5553,YES,Fatal,0
06.10.2013,8:50 AM,1366.1,LHS,Rural,Kovuru,Rear End Collision,Lorry hit   Unknown Vehicle,Lorry,Non injury,Over speed,Four lanes or more with central divider,Straight road,Y-Junction,Fine,AP26TT   5553,YES,Grevious,0
06.10.2013,8:50 AM,1366.1,LHS,Rural,Kovuru,Rear End Collision,Lorry hit   Unknown Vehicle,Lorry,Non injury,Over speed,Four lanes or more with central divider,Straight road,Y-Junction,Fine,AP26TT   5553,YES,Minor,0
06.10.2013,8:50 AM,1366.1,LHS,Rural,Kovuru,Rear End Collision,Lorry hit   Unknown Vehicle,Lorry,Non injury,Over speed,Four lanes or more with central divider,Straight road,Y-Junction,Fine,AP26TT   5553,YES,Non injured ,2
06.10.2013,8:50 AM,1366.1,LHS,Rural,Kovuru,Rear End Collision,Lorry hit   Unknown Vehicle,Lorry,Non injury,Over speed,Four lanes or more with central divider,Straight road,Y-Junction,Fine,AP26TT   5553,YES,Animals affected,0
06.10.2013,11:10 AM,1353.5,RHS,Rural,Kodavaluru,Head on collision,Unknown Vehicle hit     Bike,Unknown,Grievious injury,Over speed,Four lanes or more with central divider,Straight road,,Fine,AP26AL   9174,YES,Fatal,0
06.10.2013,11:10 AM,1353.5,RHS,Rural,Kodavaluru,Head on collision,Unknown Vehicle hit     Bike,Unknown,Grievious injury,Over speed,Four lanes or more with central divider,Straight road,,Fine,AP26AL   9174,YES,Grevious,1
06.10.2013,11:10 AM,1353.5,RHS,Rural,Kodavaluru,Head on collision,Unknown Vehicle hit     Bike,Unknown,Grievious injury,Over speed,Four lanes or more with central divider,Straight road,,Fine,AP26AL   9174,YES,Minor,0
06.10.2013,11:10 AM,1353.5,RHS,Rural,Kodavaluru,Head on collision,Unknown Vehicle hit     Bike,Unknown,Grievious injury,Over speed,Four lanes or more with central divider,Straight road,,Fine,AP26AL   9174,YES,Non injured ,0
06.10.2013,11:10 AM,1353.5,RHS,Rural,Kodavaluru,Head on collision,Unknown Vehicle hit     Bike,Unknown,Grievious injury,Over speed,Four lanes or more with central divider,Straight road,,Fine,AP26AL   9174,YES,Animals affected,0
07.10.2013,11:20 AM,1287.1,LHS,Rural,Ulavapadu,Rear End Collision,Lorry hit   Milk Tanker,Lorry,Grievious injury,Over speed,Four lanes or more with central divider,Straight road,,Fine,AP26PA    6475,YES,Fatal,0
07.10.2013,11:20 AM,1287.1,LHS,Rural,Ulavapadu,Rear End Collision,Lorry hit   Milk Tanker,Lorry,Grievious injury,Over speed,Four lanes or more with central divider,Straight road,,Fine,AP26PA    6475,YES,Grevious,1
07.10.2013,11:20 AM,1287.1,LHS,Rural,Ulavapadu,Rear End Collision,Lorry hit   Milk Tanker,Lorry,Grievious injury,Over speed,Four lanes or more with central divider,Straight road,,Fine,AP26PA    6475,YES,Minor,0
07.10.2013,11:20 AM,1287.1,LHS,Rural,Ulavapadu,Rear End Collision,Lorry hit   Milk Tanker,Lorry,Grievious injury,Over speed,Four lanes or more with central divider,Straight road,,Fine,AP26PA    6475,YES,Non injured ,3
07.10.2013,11:20 AM,1287.1,LHS,Rural,Ulavapadu,Rear End Collision,Lorry hit   Milk Tanker,Lorry,Grievious injury,Over speed,Four lanes or more with central divider,Straight road,,Fine,AP26PA    6475,YES,Animals affected,0
07.10.2013,12:00 PM,1288.6,LHS,Rural,Ulavapadu,Collision Brush/Side Wipe,Car hit  Median,Car,Non injury,Over speed,Four lanes or more with central divider,Straight road,,Fine,AP26AN   3030,YES,Fatal,0
07.10.2013,12:00 PM,1288.6,LHS,Rural,Ulavapadu,Collision Brush/Side Wipe,Car hit  Median,Car,Non injury,Over speed,Four lanes or more with central divider,Straight road,,Fine,AP26AN   3030,YES,Grevious,0
07.10.2013,12:00 PM,1288.6,LHS,Rural,Ulavapadu,Collision Brush/Side Wipe,Car hit  Median,Car,Non injury,Over speed,Four lanes or more with central divider,Straight road,,Fine,AP26AN   3030,YES,Minor,0
07.10.2013,12:00 PM,1288.6,LHS,Rural,Ulavapadu,Collision Brush/Side Wipe,Car hit  Median,Car,Non injury,Over speed,Four lanes or more with central divider,Straight road,,Fine,AP26AN   3030,YES,Non injured ,2
07.10.2013,12:00 PM,1288.6,LHS,Rural,Ulavapadu,Collision Brush/Side Wipe,Car hit  Median,Car,Non injury,Over speed,Four lanes or more with central divider,Straight road,,Fine,AP26AN   3030,YES,Animals affected,0
09.10.2013,12:35 AM,1344.5,RHS,Rural,Dagadarthi,Rear End Collision,Lorry hit Lorry ,Lorry,Non injury,Fault of driver of motor vehicle/driver of other vehicle/cyclist/pedestrian/passenger,Four lanes or more with central divider,Straight road,,Fine,AP16TC    1809,YES,Fatal,0
09.10.2013,12:35 AM,1344.5,RHS,Rural,Dagadarthi,Rear End Collision,Lorry hit Lorry ,Lorry,Non injury,Fault of driver of motor vehicle/driver of other vehicle/cyclist/pedestrian/passenger,Four lanes or more with central divider,Straight road,,Fine,AP16TC    1809,YES,Grevious,0
09.10.2013,12:35 AM,1344.5,RHS,Rural,Dagadarthi,Rear End Collision,Lorry hit Lorry ,Lorry,Non injury,Fault of driver of motor vehicle/driver of other vehicle/cyclist/pedestrian/passenger,Four lanes or more with central divider,Straight road,,Fine,AP16TC    1809,YES,Minor,0
09.10.2013,12:35 AM,1344.5,RHS,Rural,Dagadarthi,Rear End Collision,Lorry hit Lorry ,Lorry,Non injury,Fault of driver of motor vehicle/driver of other vehicle/cyclist/pedestrian/passenger,Four lanes or more with central divider,Straight road,,Fine,AP16TC    1809,YES,Non injured ,4
09.10.2013,12:35 AM,1344.5,RHS,Rural,Dagadarthi,Rear End Collision,Lorry hit Lorry ,Lorry,Non injury,Fault of driver of motor vehicle/driver of other vehicle/cyclist/pedestrian/passenger,Four lanes or more with central divider,Straight road,,Fine,AP16TC    1809,YES,Animals affected,0
09.10.2013,11:05 AM,1273.8,RHS,Rural,Singarayakonda,Rear End Collision,Lorry hit    Car ,Lorry,Minor injury,Over speed,Four lanes or more with central divider,Straight road,,Fine,HR46B   3137,YES,Fatal,0
09.10.2013,11:05 AM,1273.8,RHS,Rural,Singarayakonda,Rear End Collision,Lorry hit    Car ,Lorry,Minor injury,Over speed,Four lanes or more with central divider,Straight road,,Fine,HR46B   3137,YES,Grevious,0
09.10.2013,11:05 AM,1273.8,RHS,Rural,Singarayakonda,Rear End Collision,Lorry hit    Car ,Lorry,Minor injury,Over speed,Four lanes or more with central divider,Straight road,,Fine,HR46B   3137,YES,Minor,3
09.10.2013,11:05 AM,1273.8,RHS,Rural,Singarayakonda,Rear End Collision,Lorry hit    Car ,Lorry,Minor injury,Over speed,Four lanes or more with central divider,Straight road,,Fine,HR46B   3137,YES,Non injured ,2
09.10.2013,11:05 AM,1273.8,RHS,Rural,Singarayakonda,Rear End Collision,Lorry hit    Car ,Lorry,Minor injury,Over speed,Four lanes or more with central divider,Straight road,,Fine,HR46B   3137,YES,Animals affected,0
09.10.2013,1:50 PM,1195.2,LHS,Rural,Martur,Collision Brush/Side Wipe,Car hit  Median,Car,Non injury,Over speed,Four lanes or more with central divider,Straight road,,Fine,AP0BP    6579,YES,Fatal,0
09.10.2013,1:50 PM,1195.2,LHS,Rural,Martur,Collision Brush/Side Wipe,Car hit  Median,Car,Non injury,Over speed,Four lanes or more with central divider,Straight road,,Fine,AP0BP    6579,YES,Grevious,0
09.10.2013,1:50 PM,1195.2,LHS,Rural,Martur,Collision Brush/Side Wipe,Car hit  Median,Car,Non injury,Over speed,Four lanes or more with central divider,Straight road,,Fine,AP0BP    6579,YES,Minor,0
09.10.2013,1:50 PM,1195.2,LHS,Rural,Martur,Collision Brush/Side Wipe,Car hit  Median,Car,Non injury,Over speed,Four lanes or more with central divider,Straight road,,Fine,AP0BP    6579,YES,Non injured ,2
09.10.2013,1:50 PM,1195.2,LHS,Rural,Martur,Collision Brush/Side Wipe,Car hit  Median,Car,Non injury,Over speed,Four lanes or more with central divider,Straight road,,Fine,AP0BP    6579,YES,Animals affected,0
09.10.2013,2:15 PM,1195.3,LHS,Rural,Martur,Overturning,Car Overturned,Car,Minor injury,Over speed,Four lanes or more with central divider,Straight road,,Fine,AP07TW    4548,YES,Fatal,0
09.10.2013,2:15 PM,1195.3,LHS,Rural,Martur,Overturning,Car Overturned,Car,Minor injury,Over speed,Four lanes or more with central divider,Straight road,,Fine,AP07TW    4548,YES,Grevious,0
09.10.2013,2:15 PM,1195.3,LHS,Rural,Martur,Overturning,Car Overturned,Car,Minor injury,Over speed,Four lanes or more with central divider,Straight road,,Fine,AP07TW    4548,YES,Minor,1
09.10.2013,2:15 PM,1195.3,LHS,Rural,Martur,Overturning,Car Overturned,Car,Minor injury,Over speed,Four lanes or more with central divider,Straight road,,Fine,AP07TW    4548,YES,Non injured ,6
09.10.2013,2:15 PM,1195.3,LHS,Rural,Martur,Overturning,Car Overturned,Car,Minor injury,Over speed,Four lanes or more with central divider,Straight road,,Fine,AP07TW    4548,YES,Animals affected,0
10.10.2013,2:00 AM,1240,RHS,Rural,Ongole,Rear End Collision,Lorry hit Lorry ,Lorry,Minor injury,Fault of driver of motor vehicle/driver of other vehicle/cyclist/pedestrian/passenger,Four lanes or more with central divider,Slight curve,Y-Junction,Fine,AP07TA   9259,YES,Fatal,0
10.10.2013,2:00 AM,1240,RHS,Rural,Ongole,Rear End Collision,Lorry hit Lorry ,Lorry,Minor injury,Fault of driver of motor vehicle/driver of other vehicle/cyclist/pedestrian/passenger,Four lanes or more with central divider,Slight curve,Y-Junction,Fine,AP07TA   9259,YES,Grevious,0
10.10.2013,2:00 AM,1240,RHS,Rural,Ongole,Rear End Collision,Lorry hit Lorry ,Lorry,Minor injury,Fault of driver of motor vehicle/driver of other vehicle/cyclist/pedestrian/passenger,Four lanes or more with central divider,Slight curve,Y-Junction,Fine,AP07TA   9259,YES,Minor,1
10.10.2013,2:00 AM,1240,RHS,Rural,Ongole,Rear End Collision,Lorry hit Lorry ,Lorry,Minor injury,Fault of driver of motor vehicle/driver of other vehicle/cyclist/pedestrian/passenger,Four lanes or more with central divider,Slight curve,Y-Junction,Fine,AP07TA   9259,YES,Non injured ,3
10.10.2013,2:00 AM,1240,RHS,Rural,Ongole,Rear End Collision,Lorry hit Lorry ,Lorry,Minor injury,Fault of driver of motor vehicle/driver of other vehicle/cyclist/pedestrian/passenger,Four lanes or more with central divider,Slight curve,Y-Junction,Fine,AP07TA   9259,YES,Animals affected,0
10.10.2013,6:45 AM,1357.5,RHS,Rural,Kodavaluru,Rear End Collision,Lorry hit Lorry ,Lorry,Fatal,Over speed,Four lanes or more with central divider,Straight road,,Fine,AP20X     6219,YES,Fatal,1
10.10.2013,6:45 AM,1357.5,RHS,Rural,Kodavaluru,Rear End Collision,Lorry hit Lorry ,Lorry,Fatal,Over speed,Four lanes or more with central divider,Straight road,,Fine,AP20X     6219,YES,Grevious,1
10.10.2013,6:45 AM,1357.5,RHS,Rural,Kodavaluru,Rear End Collision,Lorry hit Lorry ,Lorry,Fatal,Over speed,Four lanes or more with central divider,Straight road,,Fine,AP20X     6219,YES,Minor,0
10.10.2013,6:45 AM,1357.5,RHS,Rural,Kodavaluru,Rear End Collision,Lorry hit Lorry ,Lorry,Fatal,Over speed,Four lanes or more with central divider,Straight road,,Fine,AP20X     6219,YES,Non injured ,2
10.10.2013,6:45 AM,1357.5,RHS,Rural,Kodavaluru,Rear End Collision,Lorry hit Lorry ,Lorry,Fatal,Over speed,Four lanes or more with central divider,Straight road,,Fine,AP20X     6219,YES,Animals affected,0
10.10.2013,10:50 AM,1313.9,RHS,Rural,Kavali,Collision Brush/Side Wipe,Lorry hit   Drain wall ,Lorry,Non injury,Fault of driver of motor vehicle/driver of other vehicle/cyclist/pedestrian/passenger,Four lanes or more with central divider,Straight road,,Fine,AP03U   7459,YES,Fatal,0
10.10.2013,10:50 AM,1313.9,RHS,Rural,Kavali,Collision Brush/Side Wipe,Lorry hit   Drain wall ,Lorry,Non injury,Fault of driver of motor vehicle/driver of other vehicle/cyclist/pedestrian/passenger,Four lanes or more with central divider,Straight road,,Fine,AP03U   7459,YES,Grevious,0
10.10.2013,10:50 AM,1313.9,RHS,Rural,Kavali,Collision Brush/Side Wipe,Lorry hit   Drain wall ,Lorry,Non injury,Fault of driver of motor vehicle/driver of other vehicle/cyclist/pedestrian/passenger,Four lanes or more with central divider,Straight road,,Fine,AP03U   7459,YES,Minor,0
10.10.2013,10:50 AM,1313.9,RHS,Rural,Kavali,Collision Brush/Side Wipe,Lorry hit   Drain wall ,Lorry,Non injury,Fault of driver of motor vehicle/driver of other vehicle/cyclist/pedestrian/passenger,Four lanes or more with central divider,Straight road,,Fine,AP03U   7459,YES,Non injured ,2
10.10.2013,10:50 AM,1313.9,RHS,Rural,Kavali,Collision Brush/Side Wipe,Lorry hit   Drain wall ,Lorry,Non injury,Fault of driver of motor vehicle/driver of other vehicle/cyclist/pedestrian/passenger,Four lanes or more with central divider,Straight road,,Fine,AP03U   7459,YES,Animals affected,0
11.10.2013,3:45 AM,1292.7,RHS,Rural,Ulavapadu,Rear End Collision,Lorry hit Lorry ,Lorry,Fatal,Fault of driver of motor vehicle/driver of other vehicle/cyclist/pedestrian/passenger,Three lanes or more without central divider(median),Straight road,T-Junction,Fine,AP29U    8499,YES,Fatal,1
11.10.2013,3:45 AM,1292.7,RHS,Rural,Ulavapadu,Rear End Collision,Lorry hit Lorry ,Lorry,Fatal,Fault of driver of motor vehicle/driver of other vehicle/cyclist/pedestrian/passenger,Three lanes or more without central divider(median),Straight road,T-Junction,Fine,AP29U    8499,YES,Grevious,2
11.10.2013,3:45 AM,1292.7,RHS,Rural,Ulavapadu,Rear End Collision,Lorry hit Lorry ,Lorry,Fatal,Fault of driver of motor vehicle/driver of other vehicle/cyclist/pedestrian/passenger,Three lanes or more without central divider(median),Straight road,T-Junction,Fine,AP29U    8499,YES,Minor,0
11.10.2013,3:45 AM,1292.7,RHS,Rural,Ulavapadu,Rear End Collision,Lorry hit Lorry ,Lorry,Fatal,Fault of driver of motor vehicle/driver of other vehicle/cyclist/pedestrian/passenger,Three lanes or more without central divider(median),Straight road,T-Junction,Fine,AP29U    8499,YES,Non injured ,3
11.10.2013,3:45 AM,1292.7,RHS,Rural,Ulavapadu,Rear End Collision,Lorry hit Lorry ,Lorry,Fatal,Fault of driver of motor vehicle/driver of other vehicle/cyclist/pedestrian/passenger,Three lanes or more without central divider(median),Straight road,T-Junction,Fine,AP29U    8499,YES,Animals affected,0
11.10.2013,4:30 AM,1199.1,LHS,Rural,Martur,Rear End Collision,Ape Auto hit   Unknown Vehicle,Auto,Minor injury,Fault of driver of motor vehicle/driver of other vehicle/cyclist/pedestrian/passenger,Four lanes or more with central divider,Straight road,,Fine,AP27TT   4394,YES,Fatal,0
11.10.2013,4:30 AM,1199.1,LHS,Rural,Martur,Rear End Collision,Ape Auto hit   Unknown Vehicle,Auto,Minor injury,Fault of driver of motor vehicle/driver of other vehicle/cyclist/pedestrian/passenger,Four lanes or more with central divider,Straight road,,Fine,AP27TT   4394,YES,Grevious,0
11.10.2013,4:30 AM,1199.1,LHS,Rural,Martur,Rear End Collision,Ape Auto hit   Unknown Vehicle,Auto,Minor injury,Fault of driver of motor vehicle/driver of other vehicle/cyclist/pedestrian/passenger,Four lanes or more with central divider,Straight road,,Fine,AP27TT   4394,YES,Minor,1