Operational date,Time of Accident,KM && M,Position,Rural/Urban,Location,Nature of Accident Position,Nature of Accident,Vehicle Involved,Type of Accident,Causes,Road Feature,Road condition,Intersection Type And Control,Weather Condition,Vehicle Responsible,Help Provided by Ambulance/Patroling Vehicle,Classification of Accident,No of Affected Persons
11.10.2013,4:30 AM,1199.1,LHS,Rural,Martur,Rear End Collision,Ape Auto hit   Unknown Vehicle,Auto,Minor injury,Fault of driver of motor vehicle/driver of other vehicle/cyclist/pedestrian/passenger,Four lanes or more with central divider,Straight road,,Fine,AP27TT   4394,YES,Non injured ,0
11.10.2013,4:30 AM,1199.1,LHS,Rural,Martur,Rear End Collision,Ape Auto hit   Unknown Vehicle,Auto,Minor injury,Fault of driver of motor vehicle/driver of other vehicle/cyclist/pedestrian/passenger,Four lanes or more with central divider,Straight road,,Fine,AP27TT   4394,YES,Animals affected,0
11.10.2013,4:40 PM,1344.6,RHS,Rural,Dagadarthi,Rear End Collision,Lorry hit   Bike,Lorry,Minor injury,Over speed,Four lanes or more with central divider,Straight road,,Fine,ABK     4383,YES,Fatal,0
11.10.2013,4:40 PM,1344.6,RHS,Rural,Dagadarthi,Rear End Collision,Lorry hit   Bike,Lorry,Minor injury,Over speed,Four lanes or more with central divider,Straight road,,Fine,ABK     4383,YES,Grevious,0
11.10.2013,4:40 PM,1344.6,RHS,Rural,Dagadarthi,Rear End Collision,Lorry hit   Bike,Lorry,Minor injury,Over speed,Four lanes or more with central divider,Straight road,,Fine,ABK     4383,YES,Minor,4
11.10.2013,4:40 PM,1344.6,RHS,Rural,Dagadarthi,Rear End Collision,Lorry hit   Bike,Lorry,Minor injury,Over speed,Four lanes or more with central divider,Straight road,,Fine,ABK     4383,YES,Non injured ,0
11.10.2013,4:40 PM,1344.6,RHS,Rural,Dagadarthi,Rear End Collision,Lorry hit   Bike,Lorry,Minor injury,Over speed,Four lanes or more with central divider,Straight road,,Fine,ABK     4383,YES,Animals affected,0
12.10.2013,7:15 AM,1312.3,RHS,Rural,Kavali,Rear End Collision,Private Bus hit  Unknown Vehicle,Bus,Non injury,Over speed,Four lanes or more with central divider,Straight road,,Fine,KA25T   9344,YES,Fatal,0
12.10.2013,7:15 AM,1312.3,RHS,Rural,Kavali,Rear End Collision,Private Bus hit  Unknown Vehicle,Bus,Non injury,Over speed,Four lanes or more with central divider,Straight road,,Fine,KA25T   9344,YES,Grevious,0
12.10.2013,7:15 AM,1312.3,RHS,Rural,Kavali,Rear End Collision,Private Bus hit  Unknown Vehicle,Bus,Non injury,Over speed,Four lanes or more with central divider,Straight road,,Fine,KA25T   9344,YES,Minor,0
12.10.2013,7:15 AM,1312.3,RHS,Rural,Kavali,Rear End Collision,Private Bus hit  Unknown Vehicle,Bus,Non injury,Over speed,Four lanes or more with central divider,Straight road,,Fine,KA25T   9344,YES,Non injured ,20
12.10.2013,7:15 AM,1312.3,RHS,Rural,Kavali,Rear End Collision,Private Bus hit  Unknown Vehicle,Bus,Non injury,Over speed,Four lanes or more with central divider,Straight road,,Fine,KA25T   9344,YES,Animals affected,0
13.10.2013,12:10 AM,1262.1,RHS,Rural,Tangutur,Collision Brush/Side Wipe,Unknown Vehicle hit     Pedestrain,Unknown,Minor injury,Over speed,Four lanes or more with central divider,Straight road,,Fine,Unknown Vehicle,YES,Fatal,0
13.10.2013,12:10 AM,1262.1,RHS,Rural,Tangutur,Collision Brush/Side Wipe,Unknown Vehicle hit     Pedestrain,Unknown,Minor injury,Over speed,Four lanes or more with central divider,Straight road,,Fine,Unknown Vehicle,YES,Grevious,0
13.10.2013,12:10 AM,1262.1,RHS,Rural,Tangutur,Collision Brush/Side Wipe,Unknown Vehicle hit     Pedestrain,Unknown,Minor injury,Over speed,Four lanes or more with central divider,Straight road,,Fine,Unknown Vehicle,YES,Minor,1
13.10.2013,12:10 AM,1262.1,RHS,Rural,Tangutur,Collision Brush/Side Wipe,Unknown Vehicle hit     Pedestrain,Unknown,Minor injury,Over speed,Four lanes or more with central divider,Straight road,,Fine,Unknown Vehicle,YES,Non injured ,0
13.10.2013,12:10 AM,1262.1,RHS,Rural,Tangutur,Collision Brush/Side Wipe,Unknown Vehicle hit     Pedestrain,Unknown,Minor injury,Over speed,Four lanes or more with central divider,Straight road,,Fine,Unknown Vehicle,YES,Animals affected,0
13.10.2013,10:15 PM,1200.7,LHS,Rural,Reningavaram,Overturning,Lorry       Over Turned ,Lorry,Grievious injury,Over speed,Four lanes or more with central divider,Straight road,,Fine,AP20U    6282,YES,Fatal,0
13.10.2013,10:15 PM,1200.7,LHS,Rural,Reningavaram,Overturning,Lorry       Over Turned ,Lorry,Grievious injury,Over speed,Four lanes or more with central divider,Straight road,,Fine,AP20U    6282,YES,Grevious,1
13.10.2013,10:15 PM,1200.7,LHS,Rural,Reningavaram,Overturning,Lorry       Over Turned ,Lorry,Grievious injury,Over speed,Four lanes or more with central divider,Straight road,,Fine,AP20U    6282,YES,Minor,1
13.10.2013,10:15 PM,1200.7,LHS,Rural,Reningavaram,Overturning,Lorry       Over Turned ,Lorry,Grievious injury,Over speed,Four lanes or more with central divider,Straight road,,Fine,AP20U    6282,YES,Non injured ,0
13.10.2013,10:15 PM,1200.7,LHS,Rural,Reningavaram,Overturning,Lorry       Over Turned ,Lorry,Grievious injury,Over speed,Four lanes or more with central divider,Straight road,,Fine,AP20U    6282,YES,Animals affected,0
14.10.2013,12:10 AM,1190.3,RHS,Rural,Martur,Collision Brush/Side Wipe,Mini Lorry Hit   C.C.Barrier,Lorry,Non injury,Fault of driver of motor vehicle/driver of other vehicle/cyclist/pedestrian/passenger,Four lanes or more with central divider,Straight road,,Fine,TN33AT    2964,YES,Fatal,0
14.10.2013,12:10 AM,1190.3,RHS,Rural,Martur,Collision Brush/Side Wipe,Mini Lorry Hit   C.C.Barrier,Lorry,Non injury,Fault of driver of motor vehicle/driver of other vehicle/cyclist/pedestrian/passenger,Four lanes or more with central divider,Straight road,,Fine,TN33AT    2964,YES,Grevious,0
14.10.2013,12:10 AM,1190.3,RHS,Rural,Martur,Collision Brush/Side Wipe,Mini Lorry Hit   C.C.Barrier,Lorry,Non injury,Fault of driver of motor vehicle/driver of other vehicle/cyclist/pedestrian/passenger,Four lanes or more with central divider,Straight road,,Fine,TN33AT    2964,YES,Minor,0
14.10.2013,12:10 AM,1190.3,RHS,Rural,Martur,Collision Brush/Side Wipe,Mini Lorry Hit   C.C.Barrier,Lorry,Non injury,Fault of driver of motor vehicle/driver of other vehicle/cyclist/pedestrian/passenger,Four lanes or more with central divider,Straight road,,Fine,TN33AT    2964,YES,Non injured ,2
14.10.2013,12:10 AM,1190.3,RHS,Rural,Martur,Collision Brush/Side Wipe,Mini Lorry Hit   C.C.Barrier,Lorry,Non injury,Fault of driver of motor vehicle/driver of other vehicle/cyclist/pedestrian/passenger,Four lanes or more with central divider,Straight road,,Fine,TN33AT    2964,YES,Animals affected,0
14.10.2013,9:10 AM,1360.9,RHS,Rural,Kodavaluru,Overturning,Lorry       Over Turned ,Lorry,Minor injury,Fault of driver of motor vehicle/driver of other vehicle/cyclist/pedestrian/passenger,Four lanes or more with central divider,Sharp curve,,Fine,AP7TT   4295,YES,Fatal,0
14.10.2013,9:10 AM,1360.9,RHS,Rural,Kodavaluru,Overturning,Lorry       Over Turned ,Lorry,Minor injury,Fault of driver of motor vehicle/driver of other vehicle/cyclist/pedestrian/passenger,Four lanes or more with central divider,Sharp curve,,Fine,AP7TT   4295,YES,Grevious,0
14.10.2013,9:10 AM,1360.9,RHS,Rural,Kodavaluru,Overturning,Lorry       Over Turned ,Lorry,Minor injury,Fault of driver of motor vehicle/driver of other vehicle/cyclist/pedestrian/passenger,Four lanes or more with central divider,Sharp curve,,Fine,AP7TT   4295,YES,Minor,1
14.10.2013,9:10 AM,1360.9,RHS,Rural,Kodavaluru,Overturning,Lorry       Over Turned ,Lorry,Minor injury,Fault of driver of motor vehicle/driver of other vehicle/cyclist/pedestrian/passenger,Four lanes or more with central divider,Sharp curve,,Fine,AP7TT   4295,YES,Non injured ,1
14.10.2013,9:10 AM,1360.9,RHS,Rural,Kodavaluru,Overturning,Lorry       Over Turned ,Lorry,Minor injury,Fault of driver of motor vehicle/driver of other vehicle/cyclist/pedestrian/passenger,Four lanes or more with central divider,Sharp curve,,Fine,AP7TT   4295,YES,Animals affected,0
14.10.2013,12:21 PM,1284.4,LHS,Rural,Ulavapadu,Rear End Collision,Bike hit  Lorry,Bike,Fatal,Over speed,Four lanes or more with central divider,Straight road,,Fine,F/R,YES,Fatal,1
14.10.2013,12:21 PM,1284.4,LHS,Rural,Ulavapadu,Rear End Collision,Bike hit  Lorry,Bike,Fatal,Over speed,Four lanes or more with central divider,Straight road,,Fine,F/R,YES,Grevious,1
14.10.2013,12:21 PM,1284.4,LHS,Rural,Ulavapadu,Rear End Collision,Bike hit  Lorry,Bike,Fatal,Over speed,Four lanes or more with central divider,Straight road,,Fine,F/R,YES,Minor,0
14.10.2013,12:21 PM,1284.4,LHS,Rural,Ulavapadu,Rear End Collision,Bike hit  Lorry,Bike,Fatal,Over speed,Four lanes or more with central divider,Straight road,,Fine,F/R,YES,Non injured ,2
14.10.2013,12:21 PM,1284.4,LHS,Rural,Ulavapadu,Rear End Collision,Bike hit  Lorry,Bike,Fatal,Over speed,Four lanes or more with central divider,Straight road,,Fine,F/R,YES,Animals affected,0
14.10.2013,10:17 PM,1185.6,RHS,Rural,Martur,Collision Brush/Side Wipe,Bike hit  Median,Bike,Grievious injury,Druken,Four lanes or more with central divider,Straight road,,Fine,AP27AQ   8414,YES,Fatal,0
14.10.2013,10:17 PM,1185.6,RHS,Rural,Martur,Collision Brush/Side Wipe,Bike hit  Median,Bike,Grievious injury,Druken,Four lanes or more with central divider,Straight road,,Fine,AP27AQ   8414,YES,Grevious,1
14.10.2013,10:17 PM,1185.6,RHS,Rural,Martur,Collision Brush/Side Wipe,Bike hit  Median,Bike,Grievious injury,Druken,Four lanes or more with central divider,Straight road,,Fine,AP27AQ   8414,YES,Minor,0
14.10.2013,10:17 PM,1185.6,RHS,Rural,Martur,Collision Brush/Side Wipe,Bike hit  Median,Bike,Grievious injury,Druken,Four lanes or more with central divider,Straight road,,Fine,AP27AQ   8414,YES,Non injured ,0
14.10.2013,10:17 PM,1185.6,RHS,Rural,Martur,Collision Brush/Side Wipe,Bike hit  Median,Bike,Grievious injury,Druken,Four lanes or more with central divider,Straight road,,Fine,AP27AQ   8414,YES,Animals affected,0
15.10.2013,5:30 AM,1214.6,LHS,Rural,Reningavaram,Collision Brush/Side Wipe,Lorry hit   Safety wall ,Lorry,Non injury,Over speed,Four lanes or more with central divider,Straight road,,Fine,KA01AB      4999,YES,Fatal,0
15.10.2013,5:30 AM,1214.6,LHS,Rural,Reningavaram,Collision Brush/Side Wipe,Lorry hit   Safety wall ,Lorry,Non injury,Over speed,Four lanes or more with central divider,Straight road,,Fine,KA01AB      4999,YES,Grevious,0
15.10.2013,5:30 AM,1214.6,LHS,Rural,Reningavaram,Collision Brush/Side Wipe,Lorry hit   Safety wall ,Lorry,Non injury,Over speed,Four lanes or more with central divider,Straight road,,Fine,KA01AB      4999,YES,Minor,0
15.10.2013,5:30 AM,1214.6,LHS,Rural,Reningavaram,Collision Brush/Side Wipe,Lorry hit   Safety wall ,Lorry,Non injury,Over speed,Four lanes or more with central divider,Straight road,,Fine,KA01AB      4999,YES,Non injured ,2
15.10.2013,5:30 AM,1214.6,LHS,Rural,Reningavaram,Collision Brush/Side Wipe,Lorry hit   Safety wall ,Lorry,Non injury,Over speed,Four lanes or more with central divider,Straight road,,Fine,KA01AB      4999,YES,Animals affected,0
16.10.2013,4:47 AM,1299.7,RHS,Rural,Gudluru,Collision Brush/Side Wipe,Car hit   Median,Car,Grievious injury,Fault of driver of motor vehicle/driver of other vehicle/cyclist/pedestrian/passenger,Four lanes or more with central divider,Straight road,,Fine,AP23X    5208,YES,Fatal,0
16.10.2013,4:47 AM,1299.7,RHS,Rural,Gudluru,Collision Brush/Side Wipe,Car hit   Median,Car,Grievious injury,Fault of driver of motor vehicle/driver of other vehicle/cyclist/pedestrian/passenger,Four lanes or more with central divider,Straight road,,Fine,AP23X    5208,YES,Grevious,1
16.10.2013,4:47 AM,1299.7,RHS,Rural,Gudluru,Collision Brush/Side Wipe,Car hit   Median,Car,Grievious injury,Fault of driver of motor vehicle/driver of other vehicle/cyclist/pedestrian/passenger,Four lanes or more with central divider,Straight road,,Fine,AP23X    5208,YES,Minor,9
16.10.2013,4:47 AM,1299.7,RHS,Rural,Gudluru,Collision Brush/Side Wipe,Car hit   Median,Car,Grievious injury,Fault of driver of motor vehicle/driver of other vehicle/cyclist/pedestrian/passenger,Four lanes or more with central divider,Straight road,,Fine,AP23X    5208,YES,Non injured ,4
16.10.2013,4:47 AM,1299.7,RHS,Rural,Gudluru,Collision Brush/Side Wipe,Car hit   Median,Car,Grievious injury,Fault of driver of motor vehicle/driver of other vehicle/cyclist/pedestrian/passenger,Four lanes or more with central divider,Straight road,,Fine,AP23X    5208,YES,Animals affected,0
17.10.2013,3:40 AM,1311.6,LHS,Rural,Kavali,Collision Brush/Side Wipe,Unknown Vehicle hit     Pedestrain,Unknown,Fatal,Over speed,Four lanes or more with central divider,Straight road,,Fine,Unknown Vehicle,YES,Fatal,1
17.10.2013,3:40 AM,1311.6,LHS,Rural,Kavali,Collision Brush/Side Wipe,Unknown Vehicle hit     Pedestrain,Unknown,Fatal,Over speed,Four lanes or more with central divider,Straight road,,Fine,Unknown Vehicle,YES,Grevious,0
17.10.2013,3:40 AM,1311.6,LHS,Rural,Kavali,Collision Brush/Side Wipe,Unknown Vehicle hit     Pedestrain,Unknown,Fatal,Over speed,Four lanes or more with central divider,Straight road,,Fine,Unknown Vehicle,YES,Minor,0
17.10.2013,3:40 AM,1311.6,LHS,Rural,Kavali,Collision Brush/Side Wipe,Unknown Vehicle hit     Pedestrain,Unknown,Fatal,Over speed,Four lanes or more with central divider,Straight road,,Fine,Unknown Vehicle,YES,Non injured ,0
17.10.2013,3:40 AM,1311.6,LHS,Rural,Kavali,Collision Brush/Side Wipe,Unknown Vehicle hit     Pedestrain,Unknown,Fatal,Over speed,Four lanes or more with central divider,Straight road,,Fine,Unknown Vehicle,YES,Animals affected,0
17.10.2013,12:01 PM,1353.2,RHS,Rural,Kodavaluru,Rear End Collision,Lorry hit Lorry ,Lorry,Minor injury,Over speed,Four lanes or more with central divider,Straight road,,Fine,AP27Y   5155,YES,Fatal,0
17.10.2013,12:01 PM,1353.2,RHS,Rural,Kodavaluru,Rear End Collision,Lorry hit Lorry ,Lorry,Minor injury,Over speed,Four lanes or more with central divider,Straight road,,Fine,AP27Y   5155,YES,Grevious,0
17.10.2013,12:01 PM,1353.2,RHS,Rural,Kodavaluru,Rear End Collision,Lorry hit Lorry ,Lorry,Minor injury,Over speed,Four lanes or more with central divider,Straight road,,Fine,AP27Y   5155,YES,Minor,2
17.10.2013,12:01 PM,1353.2,RHS,Rural,Kodavaluru,Rear End Collision,Lorry hit Lorry ,Lorry,Minor injury,Over speed,Four lanes or more with central divider,Straight road,,Fine,AP27Y   5155,YES,Non injured ,2
17.10.2013,12:01 PM,1353.2,RHS,Rural,Kodavaluru,Rear End Collision,Lorry hit Lorry ,Lorry,Minor injury,Over speed,Four lanes or more with central divider,Straight road,,Fine,AP27Y   5155,YES,Animals affected,0
17.10.2013,8:33 PM,1240,LHS,Rural,Ongole,Skidding, Bike Skidding on the Road,Bike,Minor injury,Over speed,Four lanes or more with central divider,Straight road,,Fine,UP16BA   6310,YES,Fatal,0
17.10.2013,8:33 PM,1240,LHS,Rural,Ongole,Skidding, Bike Skidding on the Road,Bike,Minor injury,Over speed,Four lanes or more with central divider,Straight road,,Fine,UP16BA   6310,YES,Grevious,0
17.10.2013,8:33 PM,1240,LHS,Rural,Ongole,Skidding, Bike Skidding on the Road,Bike,Minor injury,Over speed,Four lanes or more with central divider,Straight road,,Fine,UP16BA   6310,YES,Minor,1
17.10.2013,8:33 PM,1240,LHS,Rural,Ongole,Skidding, Bike Skidding on the Road,Bike,Minor injury,Over speed,Four lanes or more with central divider,Straight road,,Fine,UP16BA   6310,YES,Non injured ,0
17.10.2013,8:33 PM,1240,LHS,Rural,Ongole,Skidding, Bike Skidding on the Road,Bike,Minor injury,Over speed,Four lanes or more with central divider,Straight road,,Fine,UP16BA   6310,YES,Animals affected,0
18.10.2013,11:15 AM,1286.9,RHS,Rural,Ulavapadu,Collision Brush/Side Wipe,Car hit Animals (goats)  ,Car,Non injury,Over speed,Four lanes or more with central divider,Straight road,,Fine,AP20AU    6162,YES,Fatal,0
18.10.2013,11:15 AM,1286.9,RHS,Rural,Ulavapadu,Collision Brush/Side Wipe,Car hit Animals (goats)  ,Car,Non injury,Over speed,Four lanes or more with central divider,Straight road,,Fine,AP20AU    6162,YES,Grevious,0
18.10.2013,11:15 AM,1286.9,RHS,Rural,Ulavapadu,Collision Brush/Side Wipe,Car hit Animals (goats)  ,Car,Non injury,Over speed,Four lanes or more with central divider,Straight road,,Fine,AP20AU    6162,YES,Minor,0
18.10.2013,11:15 AM,1286.9,RHS,Rural,Ulavapadu,Collision Brush/Side Wipe,Car hit Animals (goats)  ,Car,Non injury,Over speed,Four lanes or more with central divider,Straight road,,Fine,AP20AU    6162,YES,Non injured ,2
18.10.2013,11:15 AM,1286.9,RHS,Rural,Ulavapadu,Collision Brush/Side Wipe,Car hit Animals (goats)  ,Car,Non injury,Over speed,Four lanes or more with central divider,Straight road,,Fine,AP20AU    6162,YES,Animals affected,8
18.10.2013,7:30 PM,1347,RHS,Rural,Dagadarthi,Collision Brush/Side Wipe,Lorry hit   Safety wall ,Lorry,Non injury,Over speed,Four lanes or more with central divider,Straight road,,Fine,MH06AQ     4900,YES,Fatal,0
18.10.2013,7:30 PM,1347,RHS,Rural,Dagadarthi,Collision Brush/Side Wipe,Lorry hit   Safety wall ,Lorry,Non injury,Over speed,Four lanes or more with central divider,Straight road,,Fine,MH06AQ     4900,YES,Grevious,0
18.10.2013,7:30 PM,1347,RHS,Rural,Dagadarthi,Collision Brush/Side Wipe,Lorry hit   Safety wall ,Lorry,Non injury,Over speed,Four lanes or more with central divider,Straight road,,Fine,MH06AQ     4900,YES,Minor,0
18.10.2013,7:30 PM,1347,RHS,Rural,Dagadarthi,Collision Brush/Side Wipe,Lorry hit   Safety wall ,Lorry,Non injury,Over speed,Four lanes or more with central divider,Straight road,,Fine,MH06AQ     4900,YES,Non injured ,2
18.10.2013,7:30 PM,1347,RHS,Rural,Dagadarthi,Collision Brush/Side Wipe,Lorry hit   Safety wall ,Lorry,Non injury,Over speed,Four lanes or more with central divider,Straight road,,Fine,MH06AQ     4900,YES,Animals affected,0
19.10.2013,3:30 AM,1209.1,LHS,Rural,Reningavaram,Overturning,Tempo Van      Over Turned ,Van,Grievious injury,Fault of driver of motor vehicle/driver of other vehicle/cyclist/pedestrian/passenger,Four lanes or more with central divider,Straight road,,Fine,AP05TX    6979,YES,Fatal,0
19.10.2013,3:30 AM,1209.1,LHS,Rural,Reningavaram,Overturning,Tempo Van      Over Turned ,Van,Grievious injury,Fault of driver of motor vehicle/driver of other vehicle/cyclist/pedestrian/passenger,Four lanes or more with central divider,Straight road,,Fine,AP05TX    6979,YES,Grevious,1
19.10.2013,3:30 AM,1209.1,LHS,Rural,Reningavaram,Overturning,Tempo Van      Over Turned ,Van,Grievious injury,Fault of driver of motor vehicle/driver of other vehicle/cyclist/pedestrian/passenger,Four lanes or more with central divider,Straight road,,Fine,AP05TX    6979,YES,Minor,4
19.10.2013,3:30 AM,1209.1,LHS,Rural,Reningavaram,Overturning,Tempo Van      Over Turned ,Van,Grievious injury,Fault of driver of motor vehicle/driver of other vehicle/cyclist/pedestrian/passenger,Four lanes or more with central divider,Straight road,,Fine,AP05TX    6979,YES,Non injured ,5
19.10.2013,3:30 AM,1209.1,LHS,Rural,Reningavaram,Overturning,Tempo Van      Over Turned ,Van,Grievious injury,Fault of driver of motor vehicle/driver of other vehicle/cyclist/pedestrian/passenger,Four lanes or more with central divider,Straight road,,Fine,AP05TX    6979,YES,Animals affected,0
20.10.2013,8:20 AM,1332.8,LHS,Rural,K.Tippa ,Overturning,Car Overturned,Car,Minor injury,Over speed,Four lanes or more with central divider,Straight road,,Light rain,AP27AQ   3636,YES,Fatal,0
20.10.2013,8:20 AM,1332.8,LHS,Rural,K.Tippa ,Overturning,Car Overturned,Car,Minor injury,Over speed,Four lanes or more with central divider,Straight road,,Light rain,AP27AQ   3636,YES,Grevious,0
20.10.2013,8:20 AM,1332.8,LHS,Rural,K.Tippa ,Overturning,Car Overturned,Car,Minor injury,Over speed,Four lanes or more with central divider,Straight road,,Light rain,AP27AQ   3636,YES,Minor,1
20.10.2013,8:20 AM,1332.8,LHS,Rural,K.Tippa ,Overturning,Car Overturned,Car,Minor injury,Over speed,Four lanes or more with central divider,Straight road,,Light rain,AP27AQ   3636,YES,Non injured ,2
20.10.2013,8:20 AM,1332.8,LHS,Rural,K.Tippa ,Overturning,Car Overturned,Car,Minor injury,Over speed,Four lanes or more with central divider,Straight road,,Light rain,AP27AQ   3636,YES,Animals affected,0
20.10.2013,5:00 PM,1185.4,LHS,Rural,Martur,Overturning,Car Overturned,Car,Grievious injury,Over speed,Four lanes or more with central divider,Straight road,,Fine,AP27AN      8276,YES,Fatal,0
20.10.2013,5:00 PM,1185.4,LHS,Rural,Martur,Overturning,Car Overturned,Car,Grievious injury,Over speed,Four lanes or more with central divider,Straight road,,Fine,AP27AN      8276,YES,Grevious,1
20.10.2013,5:00 PM,1185.4,LHS,Rural,Martur,Overturning,Car Overturned,Car,Grievious injury,Over speed,Four lanes or more with central divider,Straight road,,Fine,AP27AN      8276,YES,Minor,4
20.10.2013,5:00 PM,1185.4,LHS,Rural,Martur,Overturning,Car Overturned,Car,Grievious injury,Over speed,Four lanes or more with central divider,Straight road,,Fine,AP27AN      8276,YES,Non injured ,0
20.10.2013,5:00 PM,1185.4,LHS,Rural,Martur,Overturning,Car Overturned,Car,Grievious injury,Over speed,Four lanes or more with central divider,Straight road,,Fine,AP27AN      8276,YES,Animals affected,0
21.10.2013,9:21 AM,1335.6,LHS,Rural,K.Tippa ,Overturning,Car Overturned,Car,Non injury,Over speed,Four lanes or more with central divider,Straight road,,Heavy rain,AP26 T/R      9147,YES,Fatal,0
21.10.2013,9:21 AM,1335.6,LHS,Rural,K.Tippa ,Overturning,Car Overturned,Car,Non injury,Over speed,Four lanes or more with central divider,Straight road,,Heavy rain,AP26 T/R      9147,YES,Grevious,0
21.10.2013,9:21 AM,1335.6,LHS,Rural,K.Tippa ,Overturning,Car Overturned,Car,Non injury,Over speed,Four lanes or more with central divider,Straight road,,Heavy rain,AP26 T/R      9147,YES,Minor,0
21.10.2013,9:21 AM,1335.6,LHS,Rural,K.Tippa ,Overturning,Car Overturned,Car,Non injury,Over speed,Four lanes or more with central divider,Straight road,,Heavy rain,AP26 T/R      9147,YES,Non injured ,2
21.10.2013,9:21 AM,1335.6,LHS,Rural,K.Tippa ,Overturning,Car Overturned,Car,Non injury,Over speed,Four lanes or more with central divider,Straight road,,Heavy rain,AP26 T/R      9147,YES,Animals affected,0
21.10.2013,12:20 PM,1296,LHS,Rural,Ulavapadu,Collision Brush/Side Wipe,Car hit       Buffalo ,Car,Non injury,Over speed,Four lanes or more with central divider,Straight road,,Light rain,AP26 AM     4884,YES,Fatal,0
21.10.2013,12:20 PM,1296,LHS,Rural,Ulavapadu,Collision Brush/Side Wipe,Car hit       Buffalo ,Car,Non injury,Over speed,Four lanes or more with central divider,Straight road,,Light rain,AP26 AM     4884,YES,Grevious,0
21.10.2013,12:20 PM,1296,LHS,Rural,Ulavapadu,Collision Brush/Side Wipe,Car hit       Buffalo ,Car,Non injury,Over speed,Four lanes or more with central divider,Straight road,,Light rain,AP26 AM     4884,YES,Minor,0
21.10.2013,12:20 PM,1296,LHS,Rural,Ulavapadu,Collision Brush/Side Wipe,Car hit       Buffalo ,Car,Non injury,Over speed,Four lanes or more with central divider,Straight road,,Light rain,AP26 AM     4884,YES,Non injured ,2
21.10.2013,12:20 PM,1296,LHS,Rural,Ulavapadu,Collision Brush/Side Wipe,Car hit       Buffalo ,Car,Non injury,Over speed,Four lanes or more with central divider,Straight road,,Light rain,AP26 AM     4884,YES,Animals affected,1
22.10.2013,1:25 AM,1263.8,LHS,Rural,Tangutur,Collision Brush/Side Wipe,Trolley hit  Toll Both,Trolley,Minor injury,Over speed,Four lanes or more with central divider,Straight road,,Light rain,OR04J    1621,YES,Fatal,0
22.10.2013,1:25 AM,1263.8,LHS,Rural,Tangutur,Collision Brush/Side Wipe,Trolley hit  Toll Both,Trolley,Minor injury,Over speed,Four lanes or more with central divider,Straight road,,Light rain,OR04J    1621,YES,Grevious,0
22.10.2013,1:25 AM,1263.8,LHS,Rural,Tangutur,Collision Brush/Side Wipe,Trolley hit  Toll Both,Trolley,Minor injury,Over speed,Four lanes or more with central divider,Straight road,,Light rain,OR04J    1621,YES,Minor,1
22.10.2013,1:25 AM,1263.8,LHS,Rural,Tangutur,Collision Brush/Side Wipe,Trolley hit  Toll Both,Trolley,Minor injury,Over speed,Four lanes or more with central divider,Straight road,,Light rain,OR04J    1621,YES,Non injured ,1
22.10.2013,1:25 AM,1263.8,LHS,Rural,Tangutur,Collision Brush/Side Wipe,Trolley hit  Toll Both,Trolley,Minor injury,Over speed,Four lanes or more with central divider,Straight road,,Light rain,OR04J    1621,YES,Animals affected,0
22.10.2013,6:00 AM,1342.9,RHS,Rural,Dagadarthi,Skidding,Car Road Out Side Skid,Car,Minor injury,Over speed,Four lanes or more with central divider,Straight road,,Light rain,AP16K   8789,YES,Fatal,0
22.10.2013,6:00 AM,1342.9,RHS,Rural,Dagadarthi,Skidding,Car Road Out Side Skid,Car,Minor injury,Over speed,Four lanes or more with central divider,Straight road,,Light rain,AP16K   8789,YES,Grevious,0
22.10.2013,6:00 AM,1342.9,RHS,Rural,Dagadarthi,Skidding,Car Road Out Side Skid,Car,Minor injury,Over speed,Four lanes or more with central divider,Straight road,,Light rain,AP16K   8789,YES,Minor,3
22.10.2013,6:00 AM,1342.9,RHS,Rural,Dagadarthi,Skidding,Car Road Out Side Skid,Car,Minor injury,Over speed,Four lanes or more with central divider,Straight road,,Light rain,AP16K   8789,YES,Non injured ,0
22.10.2013,6:00 AM,1342.9,RHS,Rural,Dagadarthi,Skidding,Car Road Out Side Skid,Car,Minor injury,Over speed,Four lanes or more with central divider,Straight road,,Light rain,AP16K   8789,YES,Animals affected,0
22.10.2013,5:14 PM,1326.3,LHS,Rural,Kavali,Collision Brush/Side Wipe, Bike hit   Lorry   ,Bike,Fatal,Over speed,Four lanes or more with central divider,Straight road,,Light rain,AP31TC       0799,YES,Fatal,1
22.10.2013,5:14 PM,1326.3,LHS,Rural,Kavali,Collision Brush/Side Wipe, Bike hit   Lorry   ,Bike,Fatal,Over speed,Four lanes or more with central divider,Straight road,,Light rain,AP31TC       0799,YES,Grevious,0
22.10.2013,5:14 PM,1326.3,LHS,Rural,Kavali,Collision Brush/Side Wipe, Bike hit   Lorry   ,Bike,Fatal,Over speed,Four lanes or more with central divider,Straight road,,Light rain,AP31TC       0799,YES,Minor,0
22.10.2013,5:14 PM,1326.3,LHS,Rural,Kavali,Collision Brush/Side Wipe, Bike hit   Lorry   ,Bike,Fatal,Over speed,Four lanes or more with central divider,Straight road,,Light rain,AP31TC       0799,YES,Non injured ,2
22.10.2013,5:14 PM,1326.3,LHS,Rural,Kavali,Collision Brush/Side Wipe, Bike hit   Lorry   ,Bike,Fatal,Over speed,Four lanes or more with central divider,Straight road,,Light rain,AP31TC       0799,YES,Animals affected,0