Operational date,Time of Accident,KM && M,Position,Rural/Urban,Location,Nature of Accident Position,Nature of Accident,Vehicle Involved,Type of Accident,Causes,Road Feature,Road condition,Intersection Type And Control,Weather Condition,Vehicle Responsible,Help Provided by Ambulance/Patroling Vehicle,Classification of Accident,No of Affected Persons
23.10.2013,4:15 AM,1350.7,RHS,Rural,Kodavaluru,Collision Brush/Side Wipe,Car hit  C.C.Barrier,Car,Non injury,Fault of driver of motor vehicle/driver of other vehicle/cyclist/pedestrian/passenger,Four lanes or more with central divider,Straight road,,Light rain,AP21AK       2345,YES,Fatal,0
23.10.2013,4:15 AM,1350.7,RHS,Rural,Kodavaluru,Collision Brush/Side Wipe,Car hit  C.C.Barrier,Car,Non injury,Fault of driver of motor vehicle/driver of other vehicle/cyclist/pedestrian/passenger,Four lanes or more with central divider,Straight road,,Light rain,AP21AK       2345,YES,Grevious,0
23.10.2013,4:15 AM,1350.7,RHS,Rural,Kodavaluru,Collision Brush/Side Wipe,Car hit  C.C.Barrier,Car,Non injury,Fault of driver of motor vehicle/driver of other vehicle/cyclist/pedestrian/passenger,Four lanes or more with central divider,Straight road,,Light rain,AP21AK       2345,YES,Minor,0
23.10.2013,4:15 AM,1350.7,RHS,Rural,Kodavaluru,Collision Brush/Side Wipe,Car hit  C.C.Barrier,Car,Non injury,Fault of driver of motor vehicle/driver of other vehicle/cyclist/pedestrian/passenger,Four lanes or more with central divider,Straight road,,Light rain,AP21AK       2345,YES,Non injured ,2
23.10.2013,4:15 AM,1350.7,RHS,Rural,Kodavaluru,Collision Brush/Side Wipe,Car hit  C.C.Barrier,Car,Non injury,Fault of driver of motor vehicle/driver of other vehicle/cyclist/pedestrian/passenger,Four lanes or more with central divider,Straight road,,Light rain,AP21AK       2345,YES,Animals affected,0
23.10.2013,6:55 AM,1345.8,RHS,Rural,Dagadarthi,Skidding,Bike Skidding,Bike,Minor injury,Fault of driver of motor vehicle/driver of other vehicle/cyclist/pedestrian/passenger,Four lanes or more with central divider,Straight road,,Light rain,AP26AR   8571,YES,Fatal,0
23.10.2013,6:55 AM,1345.8,RHS,Rural,Dagadarthi,Skidding,Bike Skidding,Bike,Minor injury,Fault of driver of motor vehicle/driver of other vehicle/cyclist/pedestrian/passenger,Four lanes or more with central divider,Straight road,,Light rain,AP26AR   8571,YES,Grevious,0
23.10.2013,6:55 AM,1345.8,RHS,Rural,Dagadarthi,Skidding,Bike Skidding,Bike,Minor injury,Fault of driver of motor vehicle/driver of other vehicle/cyclist/pedestrian/passenger,Four lanes or more with central divider,Straight road,,Light rain,AP26AR   8571,YES,Minor,1
23.10.2013,6:55 AM,1345.8,RHS,Rural,Dagadarthi,Skidding,Bike Skidding,Bike,Minor injury,Fault of driver of motor vehicle/driver of other vehicle/cyclist/pedestrian/passenger,Four lanes or more with central divider,Straight road,,Light rain,AP26AR   8571,YES,Non injured ,0
23.10.2013,6:55 AM,1345.8,RHS,Rural,Dagadarthi,Skidding,Bike Skidding,Bike,Minor injury,Fault of driver of motor vehicle/driver of other vehicle/cyclist/pedestrian/passenger,Four lanes or more with central divider,Straight road,,Light rain,AP26AR   8571,YES,Animals affected,0
23.10.2013,2:00 PM,1192.1,RHS,Rural,Martur,Collision Brush/Side Wipe,Container lorry hit Median,Container,Minor injury,Over speed,Four lanes or more with central divider,Straight road,,Heavy rain,AP23Y  3132,YES,Fatal,0
23.10.2013,2:00 PM,1192.1,RHS,Rural,Martur,Collision Brush/Side Wipe,Container lorry hit Median,Container,Minor injury,Over speed,Four lanes or more with central divider,Straight road,,Heavy rain,AP23Y  3132,YES,Grevious,0
23.10.2013,2:00 PM,1192.1,RHS,Rural,Martur,Collision Brush/Side Wipe,Container lorry hit Median,Container,Minor injury,Over speed,Four lanes or more with central divider,Straight road,,Heavy rain,AP23Y  3132,YES,Minor,0
23.10.2013,2:00 PM,1192.1,RHS,Rural,Martur,Collision Brush/Side Wipe,Container lorry hit Median,Container,Minor injury,Over speed,Four lanes or more with central divider,Straight road,,Heavy rain,AP23Y  3132,YES,Non injured ,1
23.10.2013,2:00 PM,1192.1,RHS,Rural,Martur,Collision Brush/Side Wipe,Container lorry hit Median,Container,Minor injury,Over speed,Four lanes or more with central divider,Straight road,,Heavy rain,AP23Y  3132,YES,Animals affected,0
23.10.2013,5:00 PM,1254.8,LHS,Rural,Ongole,Overturning,Lorry       Over Turned ,Lorry,Non injury,Over speed,Four lanes or more with central divider,Straight road,,Light rain,TN21L  8798,YES,Fatal,0
23.10.2013,5:00 PM,1254.8,LHS,Rural,Ongole,Overturning,Lorry       Over Turned ,Lorry,Non injury,Over speed,Four lanes or more with central divider,Straight road,,Light rain,TN21L  8798,YES,Grevious,0
23.10.2013,5:00 PM,1254.8,LHS,Rural,Ongole,Overturning,Lorry       Over Turned ,Lorry,Non injury,Over speed,Four lanes or more with central divider,Straight road,,Light rain,TN21L  8798,YES,Minor,0
23.10.2013,5:00 PM,1254.8,LHS,Rural,Ongole,Overturning,Lorry       Over Turned ,Lorry,Non injury,Over speed,Four lanes or more with central divider,Straight road,,Light rain,TN21L  8798,YES,Non injured ,2
23.10.2013,5:00 PM,1254.8,LHS,Rural,Ongole,Overturning,Lorry       Over Turned ,Lorry,Non injury,Over speed,Four lanes or more with central divider,Straight road,,Light rain,TN21L  8798,YES,Animals affected,0
23.10.2013,6:00 PM,1321.7,LHS,Rural,Kavali,Overturning,Car         Over Turned ,Car,Non injury,Vehicle out of control,Four lanes or more with central divider,Straight road,,Light rain,TN54D 3412,NO,Fatal,0
23.10.2013,6:00 PM,1321.7,LHS,Rural,Kavali,Overturning,Car         Over Turned ,Car,Non injury,Vehicle out of control,Four lanes or more with central divider,Straight road,,Light rain,TN54D 3412,NO,Grevious,0
23.10.2013,6:00 PM,1321.7,LHS,Rural,Kavali,Overturning,Car         Over Turned ,Car,Non injury,Vehicle out of control,Four lanes or more with central divider,Straight road,,Light rain,TN54D 3412,NO,Minor,0
23.10.2013,6:00 PM,1321.7,LHS,Rural,Kavali,Overturning,Car         Over Turned ,Car,Non injury,Vehicle out of control,Four lanes or more with central divider,Straight road,,Light rain,TN54D 3412,NO,Non injured ,2
23.10.2013,6:00 PM,1321.7,LHS,Rural,Kavali,Overturning,Car         Over Turned ,Car,Non injury,Vehicle out of control,Four lanes or more with central divider,Straight road,,Light rain,TN54D 3412,NO,Animals affected,0
23.10.2013,11:21 PM,1350.7,RHS,Rural,Kodavaluru,Overturning,Lorry       Over Turned ,Lorry,Non injury,Fault of driver of motor vehicle/driver of other vehicle/cyclist/pedestrian/passenger,Four lanes or more with central divider,Straight road,,Cloudy,TN28AP 5918,YES,Fatal,0
23.10.2013,11:21 PM,1350.7,RHS,Rural,Kodavaluru,Overturning,Lorry       Over Turned ,Lorry,Non injury,Fault of driver of motor vehicle/driver of other vehicle/cyclist/pedestrian/passenger,Four lanes or more with central divider,Straight road,,Cloudy,TN28AP 5918,YES,Grevious,0
23.10.2013,11:21 PM,1350.7,RHS,Rural,Kodavaluru,Overturning,Lorry       Over Turned ,Lorry,Non injury,Fault of driver of motor vehicle/driver of other vehicle/cyclist/pedestrian/passenger,Four lanes or more with central divider,Straight road,,Cloudy,TN28AP 5918,YES,Minor,0
23.10.2013,11:21 PM,1350.7,RHS,Rural,Kodavaluru,Overturning,Lorry       Over Turned ,Lorry,Non injury,Fault of driver of motor vehicle/driver of other vehicle/cyclist/pedestrian/passenger,Four lanes or more with central divider,Straight road,,Cloudy,TN28AP 5918,YES,Non injured ,2
23.10.2013,11:21 PM,1350.7,RHS,Rural,Kodavaluru,Overturning,Lorry       Over Turned ,Lorry,Non injury,Fault of driver of motor vehicle/driver of other vehicle/cyclist/pedestrian/passenger,Four lanes or more with central divider,Straight road,,Cloudy,TN28AP 5918,YES,Animals affected,0
24.10.2013,5:30 AM,1306.2,LHS,Rural,Gudluru,Rear End Collision,Lorry hit Lorry ,Lorry,Minor injury,Fault of driver of motor vehicle/driver of other vehicle/cyclist/pedestrian/passenger,Four lanes or more with central divider,Straight road,,Cloudy,AP16TY   6138,YES,Fatal,0
24.10.2013,5:30 AM,1306.2,LHS,Rural,Gudluru,Rear End Collision,Lorry hit Lorry ,Lorry,Minor injury,Fault of driver of motor vehicle/driver of other vehicle/cyclist/pedestrian/passenger,Four lanes or more with central divider,Straight road,,Cloudy,AP16TY   6138,YES,Grevious,0
24.10.2013,5:30 AM,1306.2,LHS,Rural,Gudluru,Rear End Collision,Lorry hit Lorry ,Lorry,Minor injury,Fault of driver of motor vehicle/driver of other vehicle/cyclist/pedestrian/passenger,Four lanes or more with central divider,Straight road,,Cloudy,AP16TY   6138,YES,Minor,1
24.10.2013,5:30 AM,1306.2,LHS,Rural,Gudluru,Rear End Collision,Lorry hit Lorry ,Lorry,Minor injury,Fault of driver of motor vehicle/driver of other vehicle/cyclist/pedestrian/passenger,Four lanes or more with central divider,Straight road,,Cloudy,AP16TY   6138,YES,Non injured ,3
24.10.2013,5:30 AM,1306.2,LHS,Rural,Gudluru,Rear End Collision,Lorry hit Lorry ,Lorry,Minor injury,Fault of driver of motor vehicle/driver of other vehicle/cyclist/pedestrian/passenger,Four lanes or more with central divider,Straight road,,Cloudy,AP16TY   6138,YES,Animals affected,0
24.10.2013,9:10 AM,1188.9,RHS,Rural,Martur,Rear End Collision,Car hit       Car   ,Car,Non injury,Over speed,Four lanes or more with central divider,Straight road,,Cloudy,AP07S    7768,YES,Fatal,0
24.10.2013,9:10 AM,1188.9,RHS,Rural,Martur,Rear End Collision,Car hit       Car   ,Car,Non injury,Over speed,Four lanes or more with central divider,Straight road,,Cloudy,AP07S    7768,YES,Grevious,0
24.10.2013,9:10 AM,1188.9,RHS,Rural,Martur,Rear End Collision,Car hit       Car   ,Car,Non injury,Over speed,Four lanes or more with central divider,Straight road,,Cloudy,AP07S    7768,YES,Minor,0
24.10.2013,9:10 AM,1188.9,RHS,Rural,Martur,Rear End Collision,Car hit       Car   ,Car,Non injury,Over speed,Four lanes or more with central divider,Straight road,,Cloudy,AP07S    7768,YES,Non injured ,4
24.10.2013,9:10 AM,1188.9,RHS,Rural,Martur,Rear End Collision,Car hit       Car   ,Car,Non injury,Over speed,Four lanes or more with central divider,Straight road,,Cloudy,AP07S    7768,YES,Animals affected,0
24.10.2013,6:10 PM,1312.5,RHS,Rural,Kavali,Overturning,Lorry       Over Turned ,Lorry,Non injury,Fault of driver of motor vehicle/driver of other vehicle/cyclist/pedestrian/passenger,Four lanes or more with central divider,Straight road,,Cloudy,TN23AF   7315,YES,Fatal,0
24.10.2013,6:10 PM,1312.5,RHS,Rural,Kavali,Overturning,Lorry       Over Turned ,Lorry,Non injury,Fault of driver of motor vehicle/driver of other vehicle/cyclist/pedestrian/passenger,Four lanes or more with central divider,Straight road,,Cloudy,TN23AF   7315,YES,Grevious,0
24.10.2013,6:10 PM,1312.5,RHS,Rural,Kavali,Overturning,Lorry       Over Turned ,Lorry,Non injury,Fault of driver of motor vehicle/driver of other vehicle/cyclist/pedestrian/passenger,Four lanes or more with central divider,Straight road,,Cloudy,TN23AF   7315,YES,Minor,0
24.10.2013,6:10 PM,1312.5,RHS,Rural,Kavali,Overturning,Lorry       Over Turned ,Lorry,Non injury,Fault of driver of motor vehicle/driver of other vehicle/cyclist/pedestrian/passenger,Four lanes or more with central divider,Straight road,,Cloudy,TN23AF   7315,YES,Non injured ,2
24.10.2013,6:10 PM,1312.5,RHS,Rural,Kavali,Overturning,Lorry       Over Turned ,Lorry,Non injury,Fault of driver of motor vehicle/driver of other vehicle/cyclist/pedestrian/passenger,Four lanes or more with central divider,Straight road,,Cloudy,TN23AF   7315,YES,Animals affected,0
24.10.2013,11:39 PM,1259.8,LHS,Rural,Tangutur,Rear End Collision,Car hit       Lorry   ,Car,Non injury,Over speed,Four lanes or more with central divider,Straight road,,Cloudy,AP16TC  4688,YES,Fatal,0
24.10.2013,11:39 PM,1259.8,LHS,Rural,Tangutur,Rear End Collision,Car hit       Lorry   ,Car,Non injury,Over speed,Four lanes or more with central divider,Straight road,,Cloudy,AP16TC  4688,YES,Grevious,0
24.10.2013,11:39 PM,1259.8,LHS,Rural,Tangutur,Rear End Collision,Car hit       Lorry   ,Car,Non injury,Over speed,Four lanes or more with central divider,Straight road,,Cloudy,AP16TC  4688,YES,Minor,0
24.10.2013,11:39 PM,1259.8,LHS,Rural,Tangutur,Rear End Collision,Car hit       Lorry   ,Car,Non injury,Over speed,Four lanes or more with central divider,Straight road,,Cloudy,AP16TC  4688,YES,Non injured ,4
24.10.2013,11:39 PM,1259.8,LHS,Rural,Tangutur,Rear End Collision,Car hit       Lorry   ,Car,Non injury,Over speed,Four lanes or more with central divider,Straight road,,Cloudy,AP16TC  4688,YES,Animals affected,0
25.10.2013,9:33 AM,1255.3,RHS,Rural,Tangutur,Collision Brush/Side Wipe,Car hit Pedestrain,Car,Fatal,Fault of driver of motor vehicle/driver of other vehicle/cyclist/pedestrian/passenger,Four lanes or more with central divider,Straight road,,Fine,AP27AQ 5766,YES,Fatal,1
25.10.2013,9:33 AM,1255.3,RHS,Rural,Tangutur,Collision Brush/Side Wipe,Car hit Pedestrain,Car,Fatal,Fault of driver of motor vehicle/driver of other vehicle/cyclist/pedestrian/passenger,Four lanes or more with central divider,Straight road,,Fine,AP27AQ 5766,YES,Grevious,0
25.10.2013,9:33 AM,1255.3,RHS,Rural,Tangutur,Collision Brush/Side Wipe,Car hit Pedestrain,Car,Fatal,Fault of driver of motor vehicle/driver of other vehicle/cyclist/pedestrian/passenger,Four lanes or more with central divider,Straight road,,Fine,AP27AQ 5766,YES,Minor,0
25.10.2013,9:33 AM,1255.3,RHS,Rural,Tangutur,Collision Brush/Side Wipe,Car hit Pedestrain,Car,Fatal,Fault of driver of motor vehicle/driver of other vehicle/cyclist/pedestrian/passenger,Four lanes or more with central divider,Straight road,,Fine,AP27AQ 5766,YES,Non injured ,1
25.10.2013,9:33 AM,1255.3,RHS,Rural,Tangutur,Collision Brush/Side Wipe,Car hit Pedestrain,Car,Fatal,Fault of driver of motor vehicle/driver of other vehicle/cyclist/pedestrian/passenger,Four lanes or more with central divider,Straight road,,Fine,AP27AQ 5766,YES,Animals affected,0
25.10.2013,11:00 AM,1323.9,LHS,Rural,Kavali,Skidding,Mini van over Turned,Lorry,Non injury,Vehicle out of control,Four lanes or more with central divider,Straight road,,Fine,AP31TA  5715,YES,Fatal,0
25.10.2013,11:00 AM,1323.9,LHS,Rural,Kavali,Skidding,Mini van over Turned,Lorry,Non injury,Vehicle out of control,Four lanes or more with central divider,Straight road,,Fine,AP31TA  5715,YES,Grevious,0
25.10.2013,11:00 AM,1323.9,LHS,Rural,Kavali,Skidding,Mini van over Turned,Lorry,Non injury,Vehicle out of control,Four lanes or more with central divider,Straight road,,Fine,AP31TA  5715,YES,Minor,0
25.10.2013,11:00 AM,1323.9,LHS,Rural,Kavali,Skidding,Mini van over Turned,Lorry,Non injury,Vehicle out of control,Four lanes or more with central divider,Straight road,,Fine,AP31TA  5715,YES,Non injured ,2
25.10.2013,11:00 AM,1323.9,LHS,Rural,Kavali,Skidding,Mini van over Turned,Lorry,Non injury,Vehicle out of control,Four lanes or more with central divider,Straight road,,Fine,AP31TA  5715,YES,Animals affected,0
25.10.2013,4:50 PM,1365.2,LHS,Rural,Kovuru,Collision Brush/Side Wipe,Unknown vehicle hit Bike,Unknown,Fatal,Fault of driver of motor vehicle/driver of other vehicle/cyclist/pedestrian/passenger,Four lanes or more with central divider,Slight curve,,Fine,AP26R   1814,YES,Fatal,1
25.10.2013,4:50 PM,1365.2,LHS,Rural,Kovuru,Collision Brush/Side Wipe,Unknown vehicle hit Bike,Unknown,Fatal,Fault of driver of motor vehicle/driver of other vehicle/cyclist/pedestrian/passenger,Four lanes or more with central divider,Slight curve,,Fine,AP26R   1814,YES,Grevious,0
25.10.2013,4:50 PM,1365.2,LHS,Rural,Kovuru,Collision Brush/Side Wipe,Unknown vehicle hit Bike,Unknown,Fatal,Fault of driver of motor vehicle/driver of other vehicle/cyclist/pedestrian/passenger,Four lanes or more with central divider,Slight curve,,Fine,AP26R   1814,YES,Minor,0
25.10.2013,4:50 PM,1365.2,LHS,Rural,Kovuru,Collision Brush/Side Wipe,Unknown vehicle hit Bike,Unknown,Fatal,Fault of driver of motor vehicle/driver of other vehicle/cyclist/pedestrian/passenger,Four lanes or more with central divider,Slight curve,,Fine,AP26R   1814,YES,Non injured ,0
25.10.2013,4:50 PM,1365.2,LHS,Rural,Kovuru,Collision Brush/Side Wipe,Unknown vehicle hit Bike,Unknown,Fatal,Fault of driver of motor vehicle/driver of other vehicle/cyclist/pedestrian/passenger,Four lanes or more with central divider,Slight curve,,Fine,AP26R   1814,YES,Animals affected,0
26.10.2013,1:00 AM,1233.8,RHS,Rural,Maddipadu,Rear End Collision, Lorry hit Unknown Vehicle,Lorry,Non injury,Over speed,Four lanes or more with central divider,Straight road,,Fine,MP09HF  4526,YES,Fatal,0
26.10.2013,1:00 AM,1233.8,RHS,Rural,Maddipadu,Rear End Collision, Lorry hit Unknown Vehicle,Lorry,Non injury,Over speed,Four lanes or more with central divider,Straight road,,Fine,MP09HF  4526,YES,Grevious,0
26.10.2013,1:00 AM,1233.8,RHS,Rural,Maddipadu,Rear End Collision, Lorry hit Unknown Vehicle,Lorry,Non injury,Over speed,Four lanes or more with central divider,Straight road,,Fine,MP09HF  4526,YES,Minor,0
26.10.2013,1:00 AM,1233.8,RHS,Rural,Maddipadu,Rear End Collision, Lorry hit Unknown Vehicle,Lorry,Non injury,Over speed,Four lanes or more with central divider,Straight road,,Fine,MP09HF  4526,YES,Non injured ,2
26.10.2013,1:00 AM,1233.8,RHS,Rural,Maddipadu,Rear End Collision, Lorry hit Unknown Vehicle,Lorry,Non injury,Over speed,Four lanes or more with central divider,Straight road,,Fine,MP09HF  4526,YES,Animals affected,0
26.10.2013,4:00 AM,1206,RHS,Rural,Reningavaram,Collision Brush/Side Wipe,Lorry hit Median,Lorry,Non injury,Fault of driver of motor vehicle/driver of other vehicle/cyclist/pedestrian/passenger,Four lanes or more with central divider,Sharp curve,,Fine,AP16B   4595,YES,Fatal,0
26.10.2013,4:00 AM,1206,RHS,Rural,Reningavaram,Collision Brush/Side Wipe,Lorry hit Median,Lorry,Non injury,Fault of driver of motor vehicle/driver of other vehicle/cyclist/pedestrian/passenger,Four lanes or more with central divider,Sharp curve,,Fine,AP16B   4595,YES,Grevious,0
26.10.2013,4:00 AM,1206,RHS,Rural,Reningavaram,Collision Brush/Side Wipe,Lorry hit Median,Lorry,Non injury,Fault of driver of motor vehicle/driver of other vehicle/cyclist/pedestrian/passenger,Four lanes or more with central divider,Sharp curve,,Fine,AP16B   4595,YES,Minor,0
26.10.2013,4:00 AM,1206,RHS,Rural,Reningavaram,Collision Brush/Side Wipe,Lorry hit Median,Lorry,Non injury,Fault of driver of motor vehicle/driver of other vehicle/cyclist/pedestrian/passenger,Four lanes or more with central divider,Sharp curve,,Fine,AP16B   4595,YES,Non injured ,2
26.10.2013,4:00 AM,1206,RHS,Rural,Reningavaram,Collision Brush/Side Wipe,Lorry hit Median,Lorry,Non injury,Fault of driver of motor vehicle/driver of other vehicle/cyclist/pedestrian/passenger,Four lanes or more with central divider,Sharp curve,,Fine,AP16B   4595,YES,Animals affected,0
26.10.2013,9:10 AM,1355.9,LHS,Rural,Kodavaluru,Collision Brush/Side Wipe,Lorry hit Safety wall,Lorry,Non injury,Over speed,Four lanes or more with central divider,Straight road,,Fine,AP27Y    1539,YES,Fatal,0
26.10.2013,9:10 AM,1355.9,LHS,Rural,Kodavaluru,Collision Brush/Side Wipe,Lorry hit Safety wall,Lorry,Non injury,Over speed,Four lanes or more with central divider,Straight road,,Fine,AP27Y    1539,YES,Grevious,0
26.10.2013,9:10 AM,1355.9,LHS,Rural,Kodavaluru,Collision Brush/Side Wipe,Lorry hit Safety wall,Lorry,Non injury,Over speed,Four lanes or more with central divider,Straight road,,Fine,AP27Y    1539,YES,Minor,0
26.10.2013,9:10 AM,1355.9,LHS,Rural,Kodavaluru,Collision Brush/Side Wipe,Lorry hit Safety wall,Lorry,Non injury,Over speed,Four lanes or more with central divider,Straight road,,Fine,AP27Y    1539,YES,Non injured ,2
26.10.2013,9:10 AM,1355.9,LHS,Rural,Kodavaluru,Collision Brush/Side Wipe,Lorry hit Safety wall,Lorry,Non injury,Over speed,Four lanes or more with central divider,Straight road,,Fine,AP27Y    1539,YES,Animals affected,0
27.10.2013,8:13 AM,1197.8,RHS,Rural,Martur,Overturning,Lorry       Over Turned ,Lorry,Minor injury,Over speed,Four lanes or more with central divider,Straight road,,Fine,AP16TT     7799   ,YES,Fatal,0
27.10.2013,8:13 AM,1197.8,RHS,Rural,Martur,Overturning,Lorry       Over Turned ,Lorry,Minor injury,Over speed,Four lanes or more with central divider,Straight road,,Fine,AP16TT     7799   ,YES,Grevious,0
27.10.2013,8:13 AM,1197.8,RHS,Rural,Martur,Overturning,Lorry       Over Turned ,Lorry,Minor injury,Over speed,Four lanes or more with central divider,Straight road,,Fine,AP16TT     7799   ,YES,Minor,1
27.10.2013,8:13 AM,1197.8,RHS,Rural,Martur,Overturning,Lorry       Over Turned ,Lorry,Minor injury,Over speed,Four lanes or more with central divider,Straight road,,Fine,AP16TT     7799   ,YES,Non injured ,1
27.10.2013,8:13 AM,1197.8,RHS,Rural,Martur,Overturning,Lorry       Over Turned ,Lorry,Minor injury,Over speed,Four lanes or more with central divider,Straight road,,Fine,AP16TT     7799   ,YES,Animals affected,0
28.10.2013,5:40 AM,1206,LHS,Rural,Reningavaram,Collision Brush/Side Wipe,Lorry hit Median,Lorry,Non injury,Vehicle out of control,Four lanes or more with central divider,Straight road,,Fine,AP21Y   6976,YES,Fatal,0
28.10.2013,5:40 AM,1206,LHS,Rural,Reningavaram,Collision Brush/Side Wipe,Lorry hit Median,Lorry,Non injury,Vehicle out of control,Four lanes or more with central divider,Straight road,,Fine,AP21Y   6976,YES,Grevious,0
28.10.2013,5:40 AM,1206,LHS,Rural,Reningavaram,Collision Brush/Side Wipe,Lorry hit Median,Lorry,Non injury,Vehicle out of control,Four lanes or more with central divider,Straight road,,Fine,AP21Y   6976,YES,Minor,0
28.10.2013,5:40 AM,1206,LHS,Rural,Reningavaram,Collision Brush/Side Wipe,Lorry hit Median,Lorry,Non injury,Vehicle out of control,Four lanes or more with central divider,Straight road,,Fine,AP21Y   6976,YES,Non injured ,2
28.10.2013,5:40 AM,1206,LHS,Rural,Reningavaram,Collision Brush/Side Wipe,Lorry hit Median,Lorry,Non injury,Vehicle out of control,Four lanes or more with central divider,Straight road,,Fine,AP21Y   6976,YES,Animals affected,0
28.10.2013,8:30 AM,1239.8,LHS,Rural,Ongole,Rear End Collision, Lorry hit Unknown Vehicle,Lorry,Non injury,Over speed,Three lanes or more without central divider(median),Sharp curve,T-Junction,Fine,AP23Y  2370,YES,Fatal,0
28.10.2013,8:30 AM,1239.8,LHS,Rural,Ongole,Rear End Collision, Lorry hit Unknown Vehicle,Lorry,Non injury,Over speed,Three lanes or more without central divider(median),Sharp curve,T-Junction,Fine,AP23Y  2370,YES,Grevious,0
28.10.2013,8:30 AM,1239.8,LHS,Rural,Ongole,Rear End Collision, Lorry hit Unknown Vehicle,Lorry,Non injury,Over speed,Three lanes or more without central divider(median),Sharp curve,T-Junction,Fine,AP23Y  2370,YES,Minor,0
28.10.2013,8:30 AM,1239.8,LHS,Rural,Ongole,Rear End Collision, Lorry hit Unknown Vehicle,Lorry,Non injury,Over speed,Three lanes or more without central divider(median),Sharp curve,T-Junction,Fine,AP23Y  2370,YES,Non injured ,2
28.10.2013,8:30 AM,1239.8,LHS,Rural,Ongole,Rear End Collision, Lorry hit Unknown Vehicle,Lorry,Non injury,Over speed,Three lanes or more without central divider(median),Sharp curve,T-Junction,Fine,AP23Y  2370,YES,Animals affected,0
29.10.2013,9:31 AM,1205,LHS,Rural,Reningavaram,Rear End Collision, Lorry hit Tata Ace Auto,Lorry,Fatal,Over speed,Four lanes or more with central divider,Straight road,,Fine,AP16X   4457,YES,Fatal,1
29.10.2013,9:31 AM,1205,LHS,Rural,Reningavaram,Rear End Collision, Lorry hit Tata Ace Auto,Lorry,Fatal,Over speed,Four lanes or more with central divider,Straight road,,Fine,AP16X   4457,YES,Grevious,0
29.10.2013,9:31 AM,1205,LHS,Rural,Reningavaram,Rear End Collision, Lorry hit Tata Ace Auto,Lorry,Fatal,Over speed,Four lanes or more with central divider,Straight road,,Fine,AP16X   4457,YES,Minor,3
29.10.2013,9:31 AM,1205,LHS,Rural,Reningavaram,Rear End Collision, Lorry hit Tata Ace Auto,Lorry,Fatal,Over speed,Four lanes or more with central divider,Straight road,,Fine,AP16X   4457,YES,Non injured ,0
29.10.2013,9:31 AM,1205,LHS,Rural,Reningavaram,Rear End Collision, Lorry hit Tata Ace Auto,Lorry,Fatal,Over speed,Four lanes or more with central divider,Straight road,,Fine,AP16X   4457,YES,Animals affected,0
31.10.2013,5:00 AM,1277.5,LHS,Rural,Singarayakonda,Collision Brush/Side Wipe,Lorry hit Safety wall,Lorry,Non injury,Fault of driver of motor vehicle/driver of other vehicle/cyclist/pedestrian/passenger,Four lanes or more with central divider,Straight road,,Fine,AP27X    4599,YES,Fatal,0
31.10.2013,5:00 AM,1277.5,LHS,Rural,Singarayakonda,Collision Brush/Side Wipe,Lorry hit Safety wall,Lorry,Non injury,Fault of driver of motor vehicle/driver of other vehicle/cyclist/pedestrian/passenger,Four lanes or more with central divider,Straight road,,Fine,AP27X    4599,YES,Grevious,0
31.10.2013,5:00 AM,1277.5,LHS,Rural,Singarayakonda,Collision Brush/Side Wipe,Lorry hit Safety wall,Lorry,Non injury,Fault of driver of motor vehicle/driver of other vehicle/cyclist/pedestrian/passenger,Four lanes or more with central divider,Straight road,,Fine,AP27X    4599,YES,Minor,0
31.10.2013,5:00 AM,1277.5,LHS,Rural,Singarayakonda,Collision Brush/Side Wipe,Lorry hit Safety wall,Lorry,Non injury,Fault of driver of motor vehicle/driver of other vehicle/cyclist/pedestrian/passenger,Four lanes or more with central divider,Straight road,,Fine,AP27X    4599,YES,Non injured ,2
31.10.2013,5:00 AM,1277.5,LHS,Rural,Singarayakonda,Collision Brush/Side Wipe,Lorry hit Safety wall,Lorry,Non injury,Fault of driver of motor vehicle/driver of other vehicle/cyclist/pedestrian/passenger,Four lanes or more with central divider,Straight road,,Fine,AP27X    4599,YES,Animals affected,0
31.10.2013,10:20 PM,1321.7,LHS,Rural,Kavali,Overturning,Car         Over Turned ,Car,Non injury,Over speed,Four lanes or more with central divider,Straight road,,Fine,AP26T/R     4941,YES,Fatal,0
31.10.2013,10:20 PM,1321.7,LHS,Rural,Kavali,Overturning,Car         Over Turned ,Car,Non injury,Over speed,Four lanes or more with central divider,Straight road,,Fine,AP26T/R     4941,YES,Grevious,0
31.10.2013,10:20 PM,1321.7,LHS,Rural,Kavali,Overturning,Car         Over Turned ,Car,Non injury,Over speed,Four lanes or more with central divider,Straight road,,Fine,AP26T/R     4941,YES,Minor,0
31.10.2013,10:20 PM,1321.7,LHS,Rural,Kavali,Overturning,Car         Over Turned ,Car,Non injury,Over speed,Four lanes or more with central divider,Straight road,,Fine,AP26T/R     4941,YES,Non injured ,4
31.10.2013,10:20 PM,1321.7,LHS,Rural,Kavali,Overturning,Car         Over Turned ,Car,Non injury,Over speed,Four lanes or more with central divider,Straight road,,Fine,AP26T/R     4941,YES,Animals affected,0