Operational date,Time of Accident,KM && M,Position,Rural/Urban,Location,Nature of Accident Position,Nature of Accident,Vehicle Involved,Type of Accident,Causes,Road Feature,Road condition,Intersection Type And Control,Weather Condition,Vehicle Responsible,Help Provided by Ambulance/Patroling Vehicle,Classification of Accident,No of Affected Persons
01.11.2013,6:30 AM,1323.5,LHS,Rural,Kavali,Rear End Collision, Lorry hit Lorry ,Lorry,Non injury,Fault of driver of motor vehicle/driver of other vehicle/cyclist/pedestrian/passenger,Four lanes or more with central divider,Straight road,,Fine,KA01B    1988,YES,Fatal,0
01.11.2013,6:30 AM,1323.5,LHS,Rural,Kavali,Rear End Collision, Lorry hit Lorry ,Lorry,Non injury,Fault of driver of motor vehicle/driver of other vehicle/cyclist/pedestrian/passenger,Four lanes or more with central divider,Straight road,,Fine,KA01B    1988,YES,Grevious,0
01.11.2013,6:30 AM,1323.5,LHS,Rural,Kavali,Rear End Collision, Lorry hit Lorry ,Lorry,Non injury,Fault of driver of motor vehicle/driver of other vehicle/cyclist/pedestrian/passenger,Four lanes or more with central divider,Straight road,,Fine,KA01B    1988,YES,Minor,0
01.11.2013,6:30 AM,1323.5,LHS,Rural,Kavali,Rear End Collision, Lorry hit Lorry ,Lorry,Non injury,Fault of driver of motor vehicle/driver of other vehicle/cyclist/pedestrian/passenger,Four lanes or more with central divider,Straight road,,Fine,KA01B    1988,YES,Non injured ,4
01.11.2013,6:30 AM,1323.5,LHS,Rural,Kavali,Rear End Collision, Lorry hit Lorry ,Lorry,Non injury,Fault of driver of motor vehicle/driver of other vehicle/cyclist/pedestrian/passenger,Four lanes or more with central divider,Straight road,,Fine,KA01B    1988,YES,Animals affected,0
01.11.2013,11:28 AM,1352.2,RHS,Rural,Kodavaluru,Skidding, Bike Skidding on the Road,Bike,Grievious injury,Over speed,Four lanes or more with central divider,Straight road,,Cloudy,AP26    4273,YES,Fatal,0
01.11.2013,11:28 AM,1352.2,RHS,Rural,Kodavaluru,Skidding, Bike Skidding on the Road,Bike,Grievious injury,Over speed,Four lanes or more with central divider,Straight road,,Cloudy,AP26    4273,YES,Grevious,1
01.11.2013,11:28 AM,1352.2,RHS,Rural,Kodavaluru,Skidding, Bike Skidding on the Road,Bike,Grievious injury,Over speed,Four lanes or more with central divider,Straight road,,Cloudy,AP26    4273,YES,Minor,1
01.11.2013,11:28 AM,1352.2,RHS,Rural,Kodavaluru,Skidding, Bike Skidding on the Road,Bike,Grievious injury,Over speed,Four lanes or more with central divider,Straight road,,Cloudy,AP26    4273,YES,Non injured ,0
01.11.2013,11:28 AM,1352.2,RHS,Rural,Kodavaluru,Skidding, Bike Skidding on the Road,Bike,Grievious injury,Over speed,Four lanes or more with central divider,Straight road,,Cloudy,AP26    4273,YES,Animals affected,0
02.11.2013,3:40 PM,1288.7,RHS,Rural,Ulavapadu,Collision Brush/Side Wipe, Car hit Safety Wall ,Car,Non injury,Over speed,Four lanes or more with central divider,Sharp curve,,Fine,AP09BV 6641,YES,Fatal,0
02.11.2013,3:40 PM,1288.7,RHS,Rural,Ulavapadu,Collision Brush/Side Wipe, Car hit Safety Wall ,Car,Non injury,Over speed,Four lanes or more with central divider,Sharp curve,,Fine,AP09BV 6641,YES,Grevious,0
02.11.2013,3:40 PM,1288.7,RHS,Rural,Ulavapadu,Collision Brush/Side Wipe, Car hit Safety Wall ,Car,Non injury,Over speed,Four lanes or more with central divider,Sharp curve,,Fine,AP09BV 6641,YES,Minor,0
02.11.2013,3:40 PM,1288.7,RHS,Rural,Ulavapadu,Collision Brush/Side Wipe, Car hit Safety Wall ,Car,Non injury,Over speed,Four lanes or more with central divider,Sharp curve,,Fine,AP09BV 6641,YES,Non injured ,4
02.11.2013,3:40 PM,1288.7,RHS,Rural,Ulavapadu,Collision Brush/Side Wipe, Car hit Safety Wall ,Car,Non injury,Over speed,Four lanes or more with central divider,Sharp curve,,Fine,AP09BV 6641,YES,Animals affected,0
02.11.2013,9:00 PM,1347,RHS,Rural,Dagadarthi,Skidding, Bike hit Safety Wall,Bike,Grievious injury,Druken,Four lanes or more with central divider,Straight road,,Fine,AP22K 6268,YES,Fatal,0
02.11.2013,9:00 PM,1347,RHS,Rural,Dagadarthi,Skidding, Bike hit Safety Wall,Bike,Grievious injury,Druken,Four lanes or more with central divider,Straight road,,Fine,AP22K 6268,YES,Grevious,1
02.11.2013,9:00 PM,1347,RHS,Rural,Dagadarthi,Skidding, Bike hit Safety Wall,Bike,Grievious injury,Druken,Four lanes or more with central divider,Straight road,,Fine,AP22K 6268,YES,Minor,0
02.11.2013,9:00 PM,1347,RHS,Rural,Dagadarthi,Skidding, Bike hit Safety Wall,Bike,Grievious injury,Druken,Four lanes or more with central divider,Straight road,,Fine,AP22K 6268,YES,Non injured ,0
02.11.2013,9:00 PM,1347,RHS,Rural,Dagadarthi,Skidding, Bike hit Safety Wall,Bike,Grievious injury,Druken,Four lanes or more with central divider,Straight road,,Fine,AP22K 6268,YES,Animals affected,0
03.11.2013,6:10 AM,1313.5,LHS,Rural,Kavali,Head on collision, Private Bus   hit Lorry,Bus,Minor injury,Over speed,Four lanes or more with central divider,Straight road,,Fine,AP27TT   7399,YES,Fatal,0
03.11.2013,6:10 AM,1313.5,LHS,Rural,Kavali,Head on collision, Private Bus   hit Lorry,Bus,Minor injury,Over speed,Four lanes or more with central divider,Straight road,,Fine,AP27TT   7399,YES,Grevious,0
03.11.2013,6:10 AM,1313.5,LHS,Rural,Kavali,Head on collision, Private Bus   hit Lorry,Bus,Minor injury,Over speed,Four lanes or more with central divider,Straight road,,Fine,AP27TT   7399,YES,Minor,1
03.11.2013,6:10 AM,1313.5,LHS,Rural,Kavali,Head on collision, Private Bus   hit Lorry,Bus,Minor injury,Over speed,Four lanes or more with central divider,Straight road,,Fine,AP27TT   7399,YES,Non injured ,22
03.11.2013,6:10 AM,1313.5,LHS,Rural,Kavali,Head on collision, Private Bus   hit Lorry,Bus,Minor injury,Over speed,Four lanes or more with central divider,Straight road,,Fine,AP27TT   7399,YES,Animals affected,0
03.11.2013,7:20 AM,1253.8,RHS,Rural,Tangutur,Collision Brush/Side Wipe, Lorry Road Out Skid,Lorry,Non injury,Fault of driver of motor vehicle/driver of other vehicle/cyclist/pedestrian/passenger,Four lanes or more with central divider,Slight curve,,Fine,AP26TB    8245,YES,Fatal,0
03.11.2013,7:20 AM,1253.8,RHS,Rural,Tangutur,Collision Brush/Side Wipe, Lorry Road Out Skid,Lorry,Non injury,Fault of driver of motor vehicle/driver of other vehicle/cyclist/pedestrian/passenger,Four lanes or more with central divider,Slight curve,,Fine,AP26TB    8245,YES,Grevious,0
03.11.2013,7:20 AM,1253.8,RHS,Rural,Tangutur,Collision Brush/Side Wipe, Lorry Road Out Skid,Lorry,Non injury,Fault of driver of motor vehicle/driver of other vehicle/cyclist/pedestrian/passenger,Four lanes or more with central divider,Slight curve,,Fine,AP26TB    8245,YES,Minor,0
03.11.2013,7:20 AM,1253.8,RHS,Rural,Tangutur,Collision Brush/Side Wipe, Lorry Road Out Skid,Lorry,Non injury,Fault of driver of motor vehicle/driver of other vehicle/cyclist/pedestrian/passenger,Four lanes or more with central divider,Slight curve,,Fine,AP26TB    8245,YES,Non injured ,2
03.11.2013,7:20 AM,1253.8,RHS,Rural,Tangutur,Collision Brush/Side Wipe, Lorry Road Out Skid,Lorry,Non injury,Fault of driver of motor vehicle/driver of other vehicle/cyclist/pedestrian/passenger,Four lanes or more with central divider,Slight curve,,Fine,AP26TB    8245,YES,Animals affected,0
04.11.2013,7:00 AM,1340.1,LHS,Rural,Dagadarthi,Overturning, Mini Lorry Over Turned,Lorry,Non injury,Vehicle out of control,Four lanes or more with central divider,Slight curve,,Fine,AP07TD   788,YES,Fatal,0
04.11.2013,7:00 AM,1340.1,LHS,Rural,Dagadarthi,Overturning, Mini Lorry Over Turned,Lorry,Non injury,Vehicle out of control,Four lanes or more with central divider,Slight curve,,Fine,AP07TD   788,YES,Grevious,0
04.11.2013,7:00 AM,1340.1,LHS,Rural,Dagadarthi,Overturning, Mini Lorry Over Turned,Lorry,Non injury,Vehicle out of control,Four lanes or more with central divider,Slight curve,,Fine,AP07TD   788,YES,Minor,0
04.11.2013,7:00 AM,1340.1,LHS,Rural,Dagadarthi,Overturning, Mini Lorry Over Turned,Lorry,Non injury,Vehicle out of control,Four lanes or more with central divider,Slight curve,,Fine,AP07TD   788,YES,Non injured ,2
04.11.2013,7:00 AM,1340.1,LHS,Rural,Dagadarthi,Overturning, Mini Lorry Over Turned,Lorry,Non injury,Vehicle out of control,Four lanes or more with central divider,Slight curve,,Fine,AP07TD   788,YES,Animals affected,0
04.11.2013,11:20 PM,1261.7,LHS,Rural,Tangutur,Collision Brush/Side Wipe, Mini lorry hit Metal beem crash barrir ,Lorry,Non injury,Over speed,Four lanes or more with central divider,Straight road,,Fine,AP37TA 4549,YES,Fatal,0
04.11.2013,11:20 PM,1261.7,LHS,Rural,Tangutur,Collision Brush/Side Wipe, Mini lorry hit Metal beem crash barrir ,Lorry,Non injury,Over speed,Four lanes or more with central divider,Straight road,,Fine,AP37TA 4549,YES,Grevious,0
04.11.2013,11:20 PM,1261.7,LHS,Rural,Tangutur,Collision Brush/Side Wipe, Mini lorry hit Metal beem crash barrir ,Lorry,Non injury,Over speed,Four lanes or more with central divider,Straight road,,Fine,AP37TA 4549,YES,Minor,0
04.11.2013,11:20 PM,1261.7,LHS,Rural,Tangutur,Collision Brush/Side Wipe, Mini lorry hit Metal beem crash barrir ,Lorry,Non injury,Over speed,Four lanes or more with central divider,Straight road,,Fine,AP37TA 4549,YES,Non injured ,2
04.11.2013,11:20 PM,1261.7,LHS,Rural,Tangutur,Collision Brush/Side Wipe, Mini lorry hit Metal beem crash barrir ,Lorry,Non injury,Over speed,Four lanes or more with central divider,Straight road,,Fine,AP37TA 4549,YES,Animals affected,0
05.11.2013,10:53 PM,1313.2,RHS,Rural,Kavali,Rear End Collision, Lorry hit Lorry ,Lorry,Non injury,Fault of driver of motor vehicle/driver of other vehicle/cyclist/pedestrian/passenger,Four lanes or more with central divider,Straight road,,Fine,TN31AC 2431,YES,Fatal,0
05.11.2013,10:53 PM,1313.2,RHS,Rural,Kavali,Rear End Collision, Lorry hit Lorry ,Lorry,Non injury,Fault of driver of motor vehicle/driver of other vehicle/cyclist/pedestrian/passenger,Four lanes or more with central divider,Straight road,,Fine,TN31AC 2431,YES,Grevious,0
05.11.2013,10:53 PM,1313.2,RHS,Rural,Kavali,Rear End Collision, Lorry hit Lorry ,Lorry,Non injury,Fault of driver of motor vehicle/driver of other vehicle/cyclist/pedestrian/passenger,Four lanes or more with central divider,Straight road,,Fine,TN31AC 2431,YES,Minor,0
05.11.2013,10:53 PM,1313.2,RHS,Rural,Kavali,Rear End Collision, Lorry hit Lorry ,Lorry,Non injury,Fault of driver of motor vehicle/driver of other vehicle/cyclist/pedestrian/passenger,Four lanes or more with central divider,Straight road,,Fine,TN31AC 2431,YES,Non injured ,4
05.11.2013,10:53 PM,1313.2,RHS,Rural,Kavali,Rear End Collision, Lorry hit Lorry ,Lorry,Non injury,Fault of driver of motor vehicle/driver of other vehicle/cyclist/pedestrian/passenger,Four lanes or more with central divider,Straight road,,Fine,TN31AC 2431,YES,Animals affected,0
07.11.2013,1:52 AM,1282.6,RHS,Rural,Singarayakonda,Rear End Collision, Lorry hit Tempo Van ,Lorry,Non injury,Fault of driver of motor vehicle/driver of other vehicle/cyclist/pedestrian/passenger,Four lanes or more with central divider,Straight road,,Fine,AP29TA 6757,YES,Fatal,0
07.11.2013,1:52 AM,1282.6,RHS,Rural,Singarayakonda,Rear End Collision, Lorry hit Tempo Van ,Lorry,Non injury,Fault of driver of motor vehicle/driver of other vehicle/cyclist/pedestrian/passenger,Four lanes or more with central divider,Straight road,,Fine,AP29TA 6757,YES,Grevious,0
07.11.2013,1:52 AM,1282.6,RHS,Rural,Singarayakonda,Rear End Collision, Lorry hit Tempo Van ,Lorry,Non injury,Fault of driver of motor vehicle/driver of other vehicle/cyclist/pedestrian/passenger,Four lanes or more with central divider,Straight road,,Fine,AP29TA 6757,YES,Minor,0
07.11.2013,1:52 AM,1282.6,RHS,Rural,Singarayakonda,Rear End Collision, Lorry hit Tempo Van ,Lorry,Non injury,Fault of driver of motor vehicle/driver of other vehicle/cyclist/pedestrian/passenger,Four lanes or more with central divider,Straight road,,Fine,AP29TA 6757,YES,Non injured ,5
07.11.2013,1:52 AM,1282.6,RHS,Rural,Singarayakonda,Rear End Collision, Lorry hit Tempo Van ,Lorry,Non injury,Fault of driver of motor vehicle/driver of other vehicle/cyclist/pedestrian/passenger,Four lanes or more with central divider,Straight road,,Fine,AP29TA 6757,YES,Animals affected,0
07.11.2013,5:40 PM,1346.9,LHS,Rural,Dagadarthi,Collision Brush/Side Wipe, Bike hit Median,Bike,Minor injury,Druken,Four lanes or more with central divider,Straight road,,Fine,AP26AJ  5362,YES,Fatal,0
07.11.2013,5:40 PM,1346.9,LHS,Rural,Dagadarthi,Collision Brush/Side Wipe, Bike hit Median,Bike,Minor injury,Druken,Four lanes or more with central divider,Straight road,,Fine,AP26AJ  5362,YES,Grevious,0
07.11.2013,5:40 PM,1346.9,LHS,Rural,Dagadarthi,Collision Brush/Side Wipe, Bike hit Median,Bike,Minor injury,Druken,Four lanes or more with central divider,Straight road,,Fine,AP26AJ  5362,YES,Minor,0
07.11.2013,5:40 PM,1346.9,LHS,Rural,Dagadarthi,Collision Brush/Side Wipe, Bike hit Median,Bike,Minor injury,Druken,Four lanes or more with central divider,Straight road,,Fine,AP26AJ  5362,YES,Non injured ,1
07.11.2013,5:40 PM,1346.9,LHS,Rural,Dagadarthi,Collision Brush/Side Wipe, Bike hit Median,Bike,Minor injury,Druken,Four lanes or more with central divider,Straight road,,Fine,AP26AJ  5362,YES,Animals affected,0
08.11.2013,4:45 AM,1283,RHS,Rural,Ulavapadu,Rear End Collision, Lorry hit Private Bus,Lorry,Fatal,Over speed,Four lanes or more with central divider,Straight road,,Fine,MP06HC   1815,YES,Fatal,1
08.11.2013,4:45 AM,1283,RHS,Rural,Ulavapadu,Rear End Collision, Lorry hit Private Bus,Lorry,Fatal,Over speed,Four lanes or more with central divider,Straight road,,Fine,MP06HC   1815,YES,Grevious,9
08.11.2013,4:45 AM,1283,RHS,Rural,Ulavapadu,Rear End Collision, Lorry hit Private Bus,Lorry,Fatal,Over speed,Four lanes or more with central divider,Straight road,,Fine,MP06HC   1815,YES,Minor,5
08.11.2013,4:45 AM,1283,RHS,Rural,Ulavapadu,Rear End Collision, Lorry hit Private Bus,Lorry,Fatal,Over speed,Four lanes or more with central divider,Straight road,,Fine,MP06HC   1815,YES,Non injured ,10
08.11.2013,4:45 AM,1283,RHS,Rural,Ulavapadu,Rear End Collision, Lorry hit Private Bus,Lorry,Fatal,Over speed,Four lanes or more with central divider,Straight road,,Fine,MP06HC   1815,YES,Animals affected,0
08.11.2013,7:01 AM,1358.3,LHS,Rural,Kodavaluru,Overturning, Car             Over Turned,Car,Minor injury,Vehicle out of control,Four lanes or more with central divider,Straight road,,Fine,AP09PA   0524,YES,Fatal,0
08.11.2013,7:01 AM,1358.3,LHS,Rural,Kodavaluru,Overturning, Car             Over Turned,Car,Minor injury,Vehicle out of control,Four lanes or more with central divider,Straight road,,Fine,AP09PA   0524,YES,Grevious,0
08.11.2013,7:01 AM,1358.3,LHS,Rural,Kodavaluru,Overturning, Car             Over Turned,Car,Minor injury,Vehicle out of control,Four lanes or more with central divider,Straight road,,Fine,AP09PA   0524,YES,Minor,1
08.11.2013,7:01 AM,1358.3,LHS,Rural,Kodavaluru,Overturning, Car             Over Turned,Car,Minor injury,Vehicle out of control,Four lanes or more with central divider,Straight road,,Fine,AP09PA   0524,YES,Non injured ,2
08.11.2013,7:01 AM,1358.3,LHS,Rural,Kodavaluru,Overturning, Car             Over Turned,Car,Minor injury,Vehicle out of control,Four lanes or more with central divider,Straight road,,Fine,AP09PA   0524,YES,Animals affected,0
09.11.2013,10:05 AM,1356.5,RHS,Rural,Kodavaluru,Collision Brush/Side Wipe, Car hit    Lorry,Car,Non injury,Fault of driver of motor vehicle/driver of other vehicle/cyclist/pedestrian/passenger,Four lanes or more with central divider,Straight road,,Fine,AP16 CE 5456,YES,Fatal,0
09.11.2013,10:05 AM,1356.5,RHS,Rural,Kodavaluru,Collision Brush/Side Wipe, Car hit    Lorry,Car,Non injury,Fault of driver of motor vehicle/driver of other vehicle/cyclist/pedestrian/passenger,Four lanes or more with central divider,Straight road,,Fine,AP16 CE 5456,YES,Grevious,0
09.11.2013,10:05 AM,1356.5,RHS,Rural,Kodavaluru,Collision Brush/Side Wipe, Car hit    Lorry,Car,Non injury,Fault of driver of motor vehicle/driver of other vehicle/cyclist/pedestrian/passenger,Four lanes or more with central divider,Straight road,,Fine,AP16 CE 5456,YES,Minor,0
09.11.2013,10:05 AM,1356.5,RHS,Rural,Kodavaluru,Collision Brush/Side Wipe, Car hit    Lorry,Car,Non injury,Fault of driver of motor vehicle/driver of other vehicle/cyclist/pedestrian/passenger,Four lanes or more with central divider,Straight road,,Fine,AP16 CE 5456,YES,Non injured ,4
09.11.2013,10:05 AM,1356.5,RHS,Rural,Kodavaluru,Collision Brush/Side Wipe, Car hit    Lorry,Car,Non injury,Fault of driver of motor vehicle/driver of other vehicle/cyclist/pedestrian/passenger,Four lanes or more with central divider,Straight road,,Fine,AP16 CE 5456,YES,Animals affected,0
09.11.2013,11:50 AM,1296.7,RHS,Rural,Gudluru,Collision Brush/Side Wipe, Lorry hit Safety wall,Lorry,Non injury,Fault of driver of motor vehicle/driver of other vehicle/cyclist/pedestrian/passenger,Four lanes or more with central divider,Straight road,,Fine,TN36U 3369,YES,Fatal,0
09.11.2013,11:50 AM,1296.7,RHS,Rural,Gudluru,Collision Brush/Side Wipe, Lorry hit Safety wall,Lorry,Non injury,Fault of driver of motor vehicle/driver of other vehicle/cyclist/pedestrian/passenger,Four lanes or more with central divider,Straight road,,Fine,TN36U 3369,YES,Grevious,0
09.11.2013,11:50 AM,1296.7,RHS,Rural,Gudluru,Collision Brush/Side Wipe, Lorry hit Safety wall,Lorry,Non injury,Fault of driver of motor vehicle/driver of other vehicle/cyclist/pedestrian/passenger,Four lanes or more with central divider,Straight road,,Fine,TN36U 3369,YES,Minor,0
09.11.2013,11:50 AM,1296.7,RHS,Rural,Gudluru,Collision Brush/Side Wipe, Lorry hit Safety wall,Lorry,Non injury,Fault of driver of motor vehicle/driver of other vehicle/cyclist/pedestrian/passenger,Four lanes or more with central divider,Straight road,,Fine,TN36U 3369,YES,Non injured ,2
09.11.2013,11:50 AM,1296.7,RHS,Rural,Gudluru,Collision Brush/Side Wipe, Lorry hit Safety wall,Lorry,Non injury,Fault of driver of motor vehicle/driver of other vehicle/cyclist/pedestrian/passenger,Four lanes or more with central divider,Straight road,,Fine,TN36U 3369,YES,Animals affected,0
09.11.2013,5:30 PM,1202.4,LHS,Rural,Reningavaram,Overturning, Lorry      Over Turned ,Lorry,Non injury,Vehicle out of control,Four lanes or more with central divider,Straight road,,Fine,AP27TT 2036,YES,Fatal,0
09.11.2013,5:30 PM,1202.4,LHS,Rural,Reningavaram,Overturning, Lorry      Over Turned ,Lorry,Non injury,Vehicle out of control,Four lanes or more with central divider,Straight road,,Fine,AP27TT 2036,YES,Grevious,0
09.11.2013,5:30 PM,1202.4,LHS,Rural,Reningavaram,Overturning, Lorry      Over Turned ,Lorry,Non injury,Vehicle out of control,Four lanes or more with central divider,Straight road,,Fine,AP27TT 2036,YES,Minor,0
09.11.2013,5:30 PM,1202.4,LHS,Rural,Reningavaram,Overturning, Lorry      Over Turned ,Lorry,Non injury,Vehicle out of control,Four lanes or more with central divider,Straight road,,Fine,AP27TT 2036,YES,Non injured ,2
09.11.2013,5:30 PM,1202.4,LHS,Rural,Reningavaram,Overturning, Lorry      Over Turned ,Lorry,Non injury,Vehicle out of control,Four lanes or more with central divider,Straight road,,Fine,AP27TT 2036,YES,Animals affected,0
09.11.2013,8:15 PM,1247.8,RHS,Urban,Ongole,Collision Brush/Side Wipe, Car hit Ape Auto,Car,Grievious injury,Over speed,Four lanes or more with central divider,Straight road,,Fine,TN72AR 0978,YES,Fatal,0
09.11.2013,8:15 PM,1247.8,RHS,Urban,Ongole,Collision Brush/Side Wipe, Car hit Ape Auto,Car,Grievious injury,Over speed,Four lanes or more with central divider,Straight road,,Fine,TN72AR 0978,YES,Grevious,1
09.11.2013,8:15 PM,1247.8,RHS,Urban,Ongole,Collision Brush/Side Wipe, Car hit Ape Auto,Car,Grievious injury,Over speed,Four lanes or more with central divider,Straight road,,Fine,TN72AR 0978,YES,Minor,5
09.11.2013,8:15 PM,1247.8,RHS,Urban,Ongole,Collision Brush/Side Wipe, Car hit Ape Auto,Car,Grievious injury,Over speed,Four lanes or more with central divider,Straight road,,Fine,TN72AR 0978,YES,Non injured ,0
09.11.2013,8:15 PM,1247.8,RHS,Urban,Ongole,Collision Brush/Side Wipe, Car hit Ape Auto,Car,Grievious injury,Over speed,Four lanes or more with central divider,Straight road,,Fine,TN72AR 0978,YES,Animals affected,0
10.11.2013,12:45 PM,1324.7,RHS,Rural,Kavali,Collision Brush/Side Wipe, Car hit    Buffalo,Car,Minor injury,Over speed,Four lanes or more with central divider,Straight road,,Fine,AP09BT     6269,YES,Fatal,0
10.11.2013,12:45 PM,1324.7,RHS,Rural,Kavali,Collision Brush/Side Wipe, Car hit    Buffalo,Car,Minor injury,Over speed,Four lanes or more with central divider,Straight road,,Fine,AP09BT     6269,YES,Grevious,0
10.11.2013,12:45 PM,1324.7,RHS,Rural,Kavali,Collision Brush/Side Wipe, Car hit    Buffalo,Car,Minor injury,Over speed,Four lanes or more with central divider,Straight road,,Fine,AP09BT     6269,YES,Minor,2
10.11.2013,12:45 PM,1324.7,RHS,Rural,Kavali,Collision Brush/Side Wipe, Car hit    Buffalo,Car,Minor injury,Over speed,Four lanes or more with central divider,Straight road,,Fine,AP09BT     6269,YES,Non injured ,0
10.11.2013,12:45 PM,1324.7,RHS,Rural,Kavali,Collision Brush/Side Wipe, Car hit    Buffalo,Car,Minor injury,Over speed,Four lanes or more with central divider,Straight road,,Fine,AP09BT     6269,YES,Animals affected,2
10.11.2013,4:30 PM,1204.7,RHS,Rural,Reningavaram,Collision Brush/Side Wipe, Lorry hit   Car ,Lorry,Minor injury,Over speed,Four lanes or more with central divider,Straight road,,Fine,TN28AD    3961,YES,Fatal,0
10.11.2013,4:30 PM,1204.7,RHS,Rural,Reningavaram,Collision Brush/Side Wipe, Lorry hit   Car ,Lorry,Minor injury,Over speed,Four lanes or more with central divider,Straight road,,Fine,TN28AD    3961,YES,Grevious,0
10.11.2013,4:30 PM,1204.7,RHS,Rural,Reningavaram,Collision Brush/Side Wipe, Lorry hit   Car ,Lorry,Minor injury,Over speed,Four lanes or more with central divider,Straight road,,Fine,TN28AD    3961,YES,Minor,4
10.11.2013,4:30 PM,1204.7,RHS,Rural,Reningavaram,Collision Brush/Side Wipe, Lorry hit   Car ,Lorry,Minor injury,Over speed,Four lanes or more with central divider,Straight road,,Fine,TN28AD    3961,YES,Non injured ,1
10.11.2013,4:30 PM,1204.7,RHS,Rural,Reningavaram,Collision Brush/Side Wipe, Lorry hit   Car ,Lorry,Minor injury,Over speed,Four lanes or more with central divider,Straight road,,Fine,TN28AD    3961,YES,Animals affected,0
11.11.2013,2:30 AM,1276.8,LHS,Rural,Singarayakonda,Overturning, Car             Over Turned,Car,Grievious injury,Fault of driver of motor vehicle/driver of other vehicle/cyclist/pedestrian/passenger,Four lanes or more with central divider,Straight road,,Fine,AP07AY 123,YES,Fatal,0
11.11.2013,2:30 AM,1276.8,LHS,Rural,Singarayakonda,Overturning, Car             Over Turned,Car,Grievious injury,Fault of driver of motor vehicle/driver of other vehicle/cyclist/pedestrian/passenger,Four lanes or more with central divider,Straight road,,Fine,AP07AY 123,YES,Grevious,1
11.11.2013,2:30 AM,1276.8,LHS,Rural,Singarayakonda,Overturning, Car             Over Turned,Car,Grievious injury,Fault of driver of motor vehicle/driver of other vehicle/cyclist/pedestrian/passenger,Four lanes or more with central divider,Straight road,,Fine,AP07AY 123,YES,Minor,0
11.11.2013,2:30 AM,1276.8,LHS,Rural,Singarayakonda,Overturning, Car             Over Turned,Car,Grievious injury,Fault of driver of motor vehicle/driver of other vehicle/cyclist/pedestrian/passenger,Four lanes or more with central divider,Straight road,,Fine,AP07AY 123,YES,Non injured ,0
11.11.2013,2:30 AM,1276.8,LHS,Rural,Singarayakonda,Overturning, Car             Over Turned,Car,Grievious injury,Fault of driver of motor vehicle/driver of other vehicle/cyclist/pedestrian/passenger,Four lanes or more with central divider,Straight road,,Fine,AP07AY 123,YES,Animals affected,0
12.11.2013,9:55 AM,1199.7,RHS,Rural,Martur,Collision Brush/Side Wipe, Bike hit Cement Concrete Barrier,Bike,Minor injury,Over speed,Four lanes or more with central divider,Straight road,,Fine,AP27E  7985,YES,Fatal,0
12.11.2013,9:55 AM,1199.7,RHS,Rural,Martur,Collision Brush/Side Wipe, Bike hit Cement Concrete Barrier,Bike,Minor injury,Over speed,Four lanes or more with central divider,Straight road,,Fine,AP27E  7985,YES,Grevious,0
12.11.2013,9:55 AM,1199.7,RHS,Rural,Martur,Collision Brush/Side Wipe, Bike hit Cement Concrete Barrier,Bike,Minor injury,Over speed,Four lanes or more with central divider,Straight road,,Fine,AP27E  7985,YES,Minor,1
12.11.2013,9:55 AM,1199.7,RHS,Rural,Martur,Collision Brush/Side Wipe, Bike hit Cement Concrete Barrier,Bike,Minor injury,Over speed,Four lanes or more with central divider,Straight road,,Fine,AP27E  7985,YES,Non injured ,0
12.11.2013,9:55 AM,1199.7,RHS,Rural,Martur,Collision Brush/Side Wipe, Bike hit Cement Concrete Barrier,Bike,Minor injury,Over speed,Four lanes or more with central divider,Straight road,,Fine,AP27E  7985,YES,Animals affected,0
13.11.2013,12:10 PM,1203,RHS,Rural,Reningavaram,Collision Brush/Side Wipe,Tata ACE Vehicle hit Unknown Vehicle,Tata Ace,Minor injury,Over speed,Four lanes or more with central divider,Straight road,,Fine,AP16TV    9415,YES,Fatal,0
13.11.2013,12:10 PM,1203,RHS,Rural,Reningavaram,Collision Brush/Side Wipe,Tata ACE Vehicle hit Unknown Vehicle,Tata Ace,Minor injury,Over speed,Four lanes or more with central divider,Straight road,,Fine,AP16TV    9415,YES,Grevious,0
13.11.2013,12:10 PM,1203,RHS,Rural,Reningavaram,Collision Brush/Side Wipe,Tata ACE Vehicle hit Unknown Vehicle,Tata Ace,Minor injury,Over speed,Four lanes or more with central divider,Straight road,,Fine,AP16TV    9415,YES,Minor,1
13.11.2013,12:10 PM,1203,RHS,Rural,Reningavaram,Collision Brush/Side Wipe,Tata ACE Vehicle hit Unknown Vehicle,Tata Ace,Minor injury,Over speed,Four lanes or more with central divider,Straight road,,Fine,AP16TV    9415,YES,Non injured ,1
13.11.2013,12:10 PM,1203,RHS,Rural,Reningavaram,Collision Brush/Side Wipe,Tata ACE Vehicle hit Unknown Vehicle,Tata Ace,Minor injury,Over speed,Four lanes or more with central divider,Straight road,,Fine,AP16TV    9415,YES,Animals affected,0
13.11.2013,3:50 PM,1263.6,RHS,Rural,Tangutur,Skidding,Bike    Skidding ,Bike,Minor injury,Over speed,Four lanes or more with central divider,Straight road,,Fine,AP26AT       1587,YES,Fatal,0
13.11.2013,3:50 PM,1263.6,RHS,Rural,Tangutur,Skidding,Bike    Skidding ,Bike,Minor injury,Over speed,Four lanes or more with central divider,Straight road,,Fine,AP26AT       1587,YES,Grevious,0
13.11.2013,3:50 PM,1263.6,RHS,Rural,Tangutur,Skidding,Bike    Skidding ,Bike,Minor injury,Over speed,Four lanes or more with central divider,Straight road,,Fine,AP26AT       1587,YES,Minor,1