Operational date,Time of Accident,KM && M,Position,Rural/Urban,Location,Nature of Accident Position,Nature of Accident,Vehicle Involved,Type of Accident,Causes,Road Feature,Road condition,Intersection Type And Control,Weather Condition,Vehicle Responsible,Help Provided by Ambulance/Patroling Vehicle,Classification of Accident,No of Affected Persons
13.11.2013,3:50 PM,1263.6,RHS,Rural,Tangutur,Skidding,Bike    Skidding ,Bike,Minor injury,Over speed,Four lanes or more with central divider,Straight road,,Fine,AP26AT       1587,YES,Non injured ,0
13.11.2013,3:50 PM,1263.6,RHS,Rural,Tangutur,Skidding,Bike    Skidding ,Bike,Minor injury,Over speed,Four lanes or more with central divider,Straight road,,Fine,AP26AT       1587,YES,Animals affected,0
13.11.2013,11:20 PM,1263.8,RHS,Rural,Tangutur,Rear End Collision, Auto  hit Lorry ,Auto,Grievious injury,Vehicle out of control,Four lanes or more with central divider,Straight road,,Fine,AP27V  7373,YES,Fatal,0
13.11.2013,11:20 PM,1263.8,RHS,Rural,Tangutur,Rear End Collision, Auto  hit Lorry ,Auto,Grievious injury,Vehicle out of control,Four lanes or more with central divider,Straight road,,Fine,AP27V  7373,YES,Grevious,1
13.11.2013,11:20 PM,1263.8,RHS,Rural,Tangutur,Rear End Collision, Auto  hit Lorry ,Auto,Grievious injury,Vehicle out of control,Four lanes or more with central divider,Straight road,,Fine,AP27V  7373,YES,Minor,0
13.11.2013,11:20 PM,1263.8,RHS,Rural,Tangutur,Rear End Collision, Auto  hit Lorry ,Auto,Grievious injury,Vehicle out of control,Four lanes or more with central divider,Straight road,,Fine,AP27V  7373,YES,Non injured ,2
13.11.2013,11:20 PM,1263.8,RHS,Rural,Tangutur,Rear End Collision, Auto  hit Lorry ,Auto,Grievious injury,Vehicle out of control,Four lanes or more with central divider,Straight road,,Fine,AP27V  7373,YES,Animals affected,0
14.11.2013,1:05 AM,1207.8,RHS,Rural,Reningavaram,Overturning, Lorry             Over Turned,Lorry,Minor injury,Over speed,Four lanes or more with central divider,Straight road,,Fine,AP35U     3345,YES,Fatal,0
14.11.2013,1:05 AM,1207.8,RHS,Rural,Reningavaram,Overturning, Lorry             Over Turned,Lorry,Minor injury,Over speed,Four lanes or more with central divider,Straight road,,Fine,AP35U     3345,YES,Grevious,0
14.11.2013,1:05 AM,1207.8,RHS,Rural,Reningavaram,Overturning, Lorry             Over Turned,Lorry,Minor injury,Over speed,Four lanes or more with central divider,Straight road,,Fine,AP35U     3345,YES,Minor,1
14.11.2013,1:05 AM,1207.8,RHS,Rural,Reningavaram,Overturning, Lorry             Over Turned,Lorry,Minor injury,Over speed,Four lanes or more with central divider,Straight road,,Fine,AP35U     3345,YES,Non injured ,1
14.11.2013,1:05 AM,1207.8,RHS,Rural,Reningavaram,Overturning, Lorry             Over Turned,Lorry,Minor injury,Over speed,Four lanes or more with central divider,Straight road,,Fine,AP35U     3345,YES,Animals affected,0
14.11.2013,10:10 PM,1235.4,LHS,Rural,Maddipadu,Rear End Collision, Lorry hit Lorry ,Lorry,Grievious injury,Over speed,Four lanes or more with central divider,Straight road,,Fine,AP01W     9899,YES,Fatal,0
14.11.2013,10:10 PM,1235.4,LHS,Rural,Maddipadu,Rear End Collision, Lorry hit Lorry ,Lorry,Grievious injury,Over speed,Four lanes or more with central divider,Straight road,,Fine,AP01W     9899,YES,Grevious,1
14.11.2013,10:10 PM,1235.4,LHS,Rural,Maddipadu,Rear End Collision, Lorry hit Lorry ,Lorry,Grievious injury,Over speed,Four lanes or more with central divider,Straight road,,Fine,AP01W     9899,YES,Minor,0
14.11.2013,10:10 PM,1235.4,LHS,Rural,Maddipadu,Rear End Collision, Lorry hit Lorry ,Lorry,Grievious injury,Over speed,Four lanes or more with central divider,Straight road,,Fine,AP01W     9899,YES,Non injured ,3
14.11.2013,10:10 PM,1235.4,LHS,Rural,Maddipadu,Rear End Collision, Lorry hit Lorry ,Lorry,Grievious injury,Over speed,Four lanes or more with central divider,Straight road,,Fine,AP01W     9899,YES,Animals affected,0
15.11.2013,12:20 AM,1234.6,LHS,Rural,Maddipadu,Collision Brush/Side Wipe,Tata ACE Vehicle hit Unknown Vehicle,Tata Ace,Non injury,Over speed,Four lanes or more with central divider,Straight road,,Fine,AP26TV      1121,YES,Fatal,0
15.11.2013,12:20 AM,1234.6,LHS,Rural,Maddipadu,Collision Brush/Side Wipe,Tata ACE Vehicle hit Unknown Vehicle,Tata Ace,Non injury,Over speed,Four lanes or more with central divider,Straight road,,Fine,AP26TV      1121,YES,Grevious,0
15.11.2013,12:20 AM,1234.6,LHS,Rural,Maddipadu,Collision Brush/Side Wipe,Tata ACE Vehicle hit Unknown Vehicle,Tata Ace,Non injury,Over speed,Four lanes or more with central divider,Straight road,,Fine,AP26TV      1121,YES,Minor,0
15.11.2013,12:20 AM,1234.6,LHS,Rural,Maddipadu,Collision Brush/Side Wipe,Tata ACE Vehicle hit Unknown Vehicle,Tata Ace,Non injury,Over speed,Four lanes or more with central divider,Straight road,,Fine,AP26TV      1121,YES,Non injured ,2
15.11.2013,12:20 AM,1234.6,LHS,Rural,Maddipadu,Collision Brush/Side Wipe,Tata ACE Vehicle hit Unknown Vehicle,Tata Ace,Non injury,Over speed,Four lanes or more with central divider,Straight road,,Fine,AP26TV      1121,YES,Animals affected,0
15.11.2013,11:00 AM,1311.3,RHS,Rural,Kavali,Rear End Collision,Lorry  hit     Car ,Lorry,Non injury,Vehicle out of control,Four lanes or more with central divider,Straight road,,Fine,AP37X  2826,YES,Fatal,0
15.11.2013,11:00 AM,1311.3,RHS,Rural,Kavali,Rear End Collision,Lorry  hit     Car ,Lorry,Non injury,Vehicle out of control,Four lanes or more with central divider,Straight road,,Fine,AP37X  2826,YES,Grevious,0
15.11.2013,11:00 AM,1311.3,RHS,Rural,Kavali,Rear End Collision,Lorry  hit     Car ,Lorry,Non injury,Vehicle out of control,Four lanes or more with central divider,Straight road,,Fine,AP37X  2826,YES,Minor,0
15.11.2013,11:00 AM,1311.3,RHS,Rural,Kavali,Rear End Collision,Lorry  hit     Car ,Lorry,Non injury,Vehicle out of control,Four lanes or more with central divider,Straight road,,Fine,AP37X  2826,YES,Non injured ,4
15.11.2013,11:00 AM,1311.3,RHS,Rural,Kavali,Rear End Collision,Lorry  hit     Car ,Lorry,Non injury,Vehicle out of control,Four lanes or more with central divider,Straight road,,Fine,AP37X  2826,YES,Animals affected,0
15.11.2013,2:10 PM,1219,LHS,Rural,Medarametla,Overturning, Tractor Over Turned on the Road,Tractor,Non injury,Druken,Four lanes or more with central divider,Straight road,Four arm junction,Fine,AP27N 2204,YES,Fatal,0
15.11.2013,2:10 PM,1219,LHS,Rural,Medarametla,Overturning, Tractor Over Turned on the Road,Tractor,Non injury,Druken,Four lanes or more with central divider,Straight road,Four arm junction,Fine,AP27N 2204,YES,Grevious,0
15.11.2013,2:10 PM,1219,LHS,Rural,Medarametla,Overturning, Tractor Over Turned on the Road,Tractor,Non injury,Druken,Four lanes or more with central divider,Straight road,Four arm junction,Fine,AP27N 2204,YES,Minor,0
15.11.2013,2:10 PM,1219,LHS,Rural,Medarametla,Overturning, Tractor Over Turned on the Road,Tractor,Non injury,Druken,Four lanes or more with central divider,Straight road,Four arm junction,Fine,AP27N 2204,YES,Non injured ,1
15.11.2013,2:10 PM,1219,LHS,Rural,Medarametla,Overturning, Tractor Over Turned on the Road,Tractor,Non injury,Druken,Four lanes or more with central divider,Straight road,Four arm junction,Fine,AP27N 2204,YES,Animals affected,0
15.11.2013,10:05 PM,1323.9,RHS,Rural,Kavali,Collision Brush/Side Wipe, Lorry hit    Car,Lorry,Non injury,Vehicle out of control,Three lanes or more without central divider(median),Slight curve,Y-Junction,Fine,NL05 D 4209,YES,Fatal,0
15.11.2013,10:05 PM,1323.9,RHS,Rural,Kavali,Collision Brush/Side Wipe, Lorry hit    Car,Lorry,Non injury,Vehicle out of control,Three lanes or more without central divider(median),Slight curve,Y-Junction,Fine,NL05 D 4209,YES,Grevious,0
15.11.2013,10:05 PM,1323.9,RHS,Rural,Kavali,Collision Brush/Side Wipe, Lorry hit    Car,Lorry,Non injury,Vehicle out of control,Three lanes or more without central divider(median),Slight curve,Y-Junction,Fine,NL05 D 4209,YES,Minor,0
15.11.2013,10:05 PM,1323.9,RHS,Rural,Kavali,Collision Brush/Side Wipe, Lorry hit    Car,Lorry,Non injury,Vehicle out of control,Three lanes or more without central divider(median),Slight curve,Y-Junction,Fine,NL05 D 4209,YES,Non injured ,3
15.11.2013,10:05 PM,1323.9,RHS,Rural,Kavali,Collision Brush/Side Wipe, Lorry hit    Car,Lorry,Non injury,Vehicle out of control,Three lanes or more without central divider(median),Slight curve,Y-Junction,Fine,NL05 D 4209,YES,Animals affected,0
16.11.2013,2:20 AM,1282.5,LHS,Rural,Singarayakonda,Collision Brush/Side Wipe, Tata Ace hit Safety Wall ,Tata Ace,Non injury,Fault of driver of motor vehicle/driver of other vehicle/cyclist/pedestrian/passenger,Four lanes or more with central divider,Straight road,,Fine,AP27X 5880,YES,Fatal,0
16.11.2013,2:20 AM,1282.5,LHS,Rural,Singarayakonda,Collision Brush/Side Wipe, Tata Ace hit Safety Wall ,Tata Ace,Non injury,Fault of driver of motor vehicle/driver of other vehicle/cyclist/pedestrian/passenger,Four lanes or more with central divider,Straight road,,Fine,AP27X 5880,YES,Grevious,0
16.11.2013,2:20 AM,1282.5,LHS,Rural,Singarayakonda,Collision Brush/Side Wipe, Tata Ace hit Safety Wall ,Tata Ace,Non injury,Fault of driver of motor vehicle/driver of other vehicle/cyclist/pedestrian/passenger,Four lanes or more with central divider,Straight road,,Fine,AP27X 5880,YES,Minor,0
16.11.2013,2:20 AM,1282.5,LHS,Rural,Singarayakonda,Collision Brush/Side Wipe, Tata Ace hit Safety Wall ,Tata Ace,Non injury,Fault of driver of motor vehicle/driver of other vehicle/cyclist/pedestrian/passenger,Four lanes or more with central divider,Straight road,,Fine,AP27X 5880,YES,Non injured ,2
16.11.2013,2:20 AM,1282.5,LHS,Rural,Singarayakonda,Collision Brush/Side Wipe, Tata Ace hit Safety Wall ,Tata Ace,Non injury,Fault of driver of motor vehicle/driver of other vehicle/cyclist/pedestrian/passenger,Four lanes or more with central divider,Straight road,,Fine,AP27X 5880,YES,Animals affected,0
16.11.2013,11:14 AM,1327.3,LHS,Rural,Kavali,Overturning, Car             Over Turned,Car,Fatal,Vehicle out of control,Four lanes or more with central divider,Straight road,,Fine,AP16M  5559,YES,Fatal,1
16.11.2013,11:14 AM,1327.3,LHS,Rural,Kavali,Overturning, Car             Over Turned,Car,Fatal,Vehicle out of control,Four lanes or more with central divider,Straight road,,Fine,AP16M  5559,YES,Grevious,2
16.11.2013,11:14 AM,1327.3,LHS,Rural,Kavali,Overturning, Car             Over Turned,Car,Fatal,Vehicle out of control,Four lanes or more with central divider,Straight road,,Fine,AP16M  5559,YES,Minor,4
16.11.2013,11:14 AM,1327.3,LHS,Rural,Kavali,Overturning, Car             Over Turned,Car,Fatal,Vehicle out of control,Four lanes or more with central divider,Straight road,,Fine,AP16M  5559,YES,Non injured ,0
16.11.2013,11:14 AM,1327.3,LHS,Rural,Kavali,Overturning, Car             Over Turned,Car,Fatal,Vehicle out of control,Four lanes or more with central divider,Straight road,,Fine,AP16M  5559,YES,Animals affected,0
16.11.2013,1:02 PM,1287.9,LHS,Rural,Ulavapadu,Overturning, Lorry             Over Turned,Lorry,Minor injury,Over speed,Four lanes or more with central divider,Straight road,,Fine,AP29U    0190,YES,Fatal,0
16.11.2013,1:02 PM,1287.9,LHS,Rural,Ulavapadu,Overturning, Lorry             Over Turned,Lorry,Minor injury,Over speed,Four lanes or more with central divider,Straight road,,Fine,AP29U    0190,YES,Grevious,0
16.11.2013,1:02 PM,1287.9,LHS,Rural,Ulavapadu,Overturning, Lorry             Over Turned,Lorry,Minor injury,Over speed,Four lanes or more with central divider,Straight road,,Fine,AP29U    0190,YES,Minor,2
16.11.2013,1:02 PM,1287.9,LHS,Rural,Ulavapadu,Overturning, Lorry             Over Turned,Lorry,Minor injury,Over speed,Four lanes or more with central divider,Straight road,,Fine,AP29U    0190,YES,Non injured ,2
16.11.2013,1:02 PM,1287.9,LHS,Rural,Ulavapadu,Overturning, Lorry             Over Turned,Lorry,Minor injury,Over speed,Four lanes or more with central divider,Straight road,,Fine,AP29U    0190,YES,Animals affected,0
16.11.2013,5:10 PM,1280.2,LHS,Rural,Singarayakonda,Rear End Collision,Lorry  hit     Van ,Lorry,Minor injury,Over speed,Four lanes or more with central divider,Slight curve,,Fine,AP16T     0839,YES,Fatal,0
16.11.2013,5:10 PM,1280.2,LHS,Rural,Singarayakonda,Rear End Collision,Lorry  hit     Van ,Lorry,Minor injury,Over speed,Four lanes or more with central divider,Slight curve,,Fine,AP16T     0839,YES,Grevious,0
16.11.2013,5:10 PM,1280.2,LHS,Rural,Singarayakonda,Rear End Collision,Lorry  hit     Van ,Lorry,Minor injury,Over speed,Four lanes or more with central divider,Slight curve,,Fine,AP16T     0839,YES,Minor,1
16.11.2013,5:10 PM,1280.2,LHS,Rural,Singarayakonda,Rear End Collision,Lorry  hit     Van ,Lorry,Minor injury,Over speed,Four lanes or more with central divider,Slight curve,,Fine,AP16T     0839,YES,Non injured ,4
16.11.2013,5:10 PM,1280.2,LHS,Rural,Singarayakonda,Rear End Collision,Lorry  hit     Van ,Lorry,Minor injury,Over speed,Four lanes or more with central divider,Slight curve,,Fine,AP16T     0839,YES,Animals affected,0
16.11.2013,5:45 PM,1269.7,RHS,Rural,Tangutur,Rear End Collision, Bike hit Ape Auto,Bike,Minor injury,Over speed,Four lanes or more with central divider,Straight road,,Fine,AP16AN   0176,YES,Fatal,0
16.11.2013,5:45 PM,1269.7,RHS,Rural,Tangutur,Rear End Collision, Bike hit Ape Auto,Bike,Minor injury,Over speed,Four lanes or more with central divider,Straight road,,Fine,AP16AN   0176,YES,Grevious,0
16.11.2013,5:45 PM,1269.7,RHS,Rural,Tangutur,Rear End Collision, Bike hit Ape Auto,Bike,Minor injury,Over speed,Four lanes or more with central divider,Straight road,,Fine,AP16AN   0176,YES,Minor,2
16.11.2013,5:45 PM,1269.7,RHS,Rural,Tangutur,Rear End Collision, Bike hit Ape Auto,Bike,Minor injury,Over speed,Four lanes or more with central divider,Straight road,,Fine,AP16AN   0176,YES,Non injured ,4
16.11.2013,5:45 PM,1269.7,RHS,Rural,Tangutur,Rear End Collision, Bike hit Ape Auto,Bike,Minor injury,Over speed,Four lanes or more with central divider,Straight road,,Fine,AP16AN   0176,YES,Animals affected,0
17.11.2013,12:30 AM,1219.5,RHS,Rural,Medarametla,Collision Brush/Side Wipe, Unknown Vehicle hit    Bike,Unknown,Fatal,Over speed,Four lanes or more with central divider,Slight curve,,Fine,AP27Q   1853,YES,Fatal,1
17.11.2013,12:30 AM,1219.5,RHS,Rural,Medarametla,Collision Brush/Side Wipe, Unknown Vehicle hit    Bike,Unknown,Fatal,Over speed,Four lanes or more with central divider,Slight curve,,Fine,AP27Q   1853,YES,Grevious,0
17.11.2013,12:30 AM,1219.5,RHS,Rural,Medarametla,Collision Brush/Side Wipe, Unknown Vehicle hit    Bike,Unknown,Fatal,Over speed,Four lanes or more with central divider,Slight curve,,Fine,AP27Q   1853,YES,Minor,0
17.11.2013,12:30 AM,1219.5,RHS,Rural,Medarametla,Collision Brush/Side Wipe, Unknown Vehicle hit    Bike,Unknown,Fatal,Over speed,Four lanes or more with central divider,Slight curve,,Fine,AP27Q   1853,YES,Non injured ,0
17.11.2013,12:30 AM,1219.5,RHS,Rural,Medarametla,Collision Brush/Side Wipe, Unknown Vehicle hit    Bike,Unknown,Fatal,Over speed,Four lanes or more with central divider,Slight curve,,Fine,AP27Q   1853,YES,Animals affected,0
17.11.2013,7:00 PM,1228,RHS,Rural,Maddipadu,Others(p1.Specific),Tata ACE Vehicle Fired,Tata Ace,Non injury,Defect in mechanical condition of motor vehicle/road condition,Four lanes or more with central divider,Straight road,,Fine,AP27V 8763,YES,Fatal,0
17.11.2013,7:00 PM,1228,RHS,Rural,Maddipadu,Others(p1.Specific),Tata ACE Vehicle Fired,Tata Ace,Non injury,Defect in mechanical condition of motor vehicle/road condition,Four lanes or more with central divider,Straight road,,Fine,AP27V 8763,YES,Grevious,0
17.11.2013,7:00 PM,1228,RHS,Rural,Maddipadu,Others(p1.Specific),Tata ACE Vehicle Fired,Tata Ace,Non injury,Defect in mechanical condition of motor vehicle/road condition,Four lanes or more with central divider,Straight road,,Fine,AP27V 8763,YES,Minor,0
17.11.2013,7:00 PM,1228,RHS,Rural,Maddipadu,Others(p1.Specific),Tata ACE Vehicle Fired,Tata Ace,Non injury,Defect in mechanical condition of motor vehicle/road condition,Four lanes or more with central divider,Straight road,,Fine,AP27V 8763,YES,Non injured ,2
17.11.2013,7:00 PM,1228,RHS,Rural,Maddipadu,Others(p1.Specific),Tata ACE Vehicle Fired,Tata Ace,Non injury,Defect in mechanical condition of motor vehicle/road condition,Four lanes or more with central divider,Straight road,,Fine,AP27V 8763,YES,Animals affected,0
18.11.2013,7:45 AM,1238.9,LHS,Rural,Maddipadu,Overturning, Lorry             Over Turned,Lorry,Non injury,Fault of driver of motor vehicle/driver of other vehicle/cyclist/pedestrian/passenger,Four lanes or more with central divider,Straight road,,Fine,TN07PR  2203,YES,Fatal,0
18.11.2013,7:45 AM,1238.9,LHS,Rural,Maddipadu,Overturning, Lorry             Over Turned,Lorry,Non injury,Fault of driver of motor vehicle/driver of other vehicle/cyclist/pedestrian/passenger,Four lanes or more with central divider,Straight road,,Fine,TN07PR  2203,YES,Grevious,0
18.11.2013,7:45 AM,1238.9,LHS,Rural,Maddipadu,Overturning, Lorry             Over Turned,Lorry,Non injury,Fault of driver of motor vehicle/driver of other vehicle/cyclist/pedestrian/passenger,Four lanes or more with central divider,Straight road,,Fine,TN07PR  2203,YES,Minor,0
18.11.2013,7:45 AM,1238.9,LHS,Rural,Maddipadu,Overturning, Lorry             Over Turned,Lorry,Non injury,Fault of driver of motor vehicle/driver of other vehicle/cyclist/pedestrian/passenger,Four lanes or more with central divider,Straight road,,Fine,TN07PR  2203,YES,Non injured ,2
18.11.2013,7:45 AM,1238.9,LHS,Rural,Maddipadu,Overturning, Lorry             Over Turned,Lorry,Non injury,Fault of driver of motor vehicle/driver of other vehicle/cyclist/pedestrian/passenger,Four lanes or more with central divider,Straight road,,Fine,TN07PR  2203,YES,Animals affected,0
19.11.2013,4:00 AM,1202.4,RHS,Rural,Reningavaram,Collision Brush/Side Wipe, Car hit Safety Wall ,Car,Non injury,Fault of driver of motor vehicle/driver of other vehicle/cyclist/pedestrian/passenger,Four lanes or more with central divider,Straight road,,Fine,AP07TD    2306,YES,Fatal,0
19.11.2013,4:00 AM,1202.4,RHS,Rural,Reningavaram,Collision Brush/Side Wipe, Car hit Safety Wall ,Car,Non injury,Fault of driver of motor vehicle/driver of other vehicle/cyclist/pedestrian/passenger,Four lanes or more with central divider,Straight road,,Fine,AP07TD    2306,YES,Grevious,0
19.11.2013,4:00 AM,1202.4,RHS,Rural,Reningavaram,Collision Brush/Side Wipe, Car hit Safety Wall ,Car,Non injury,Fault of driver of motor vehicle/driver of other vehicle/cyclist/pedestrian/passenger,Four lanes or more with central divider,Straight road,,Fine,AP07TD    2306,YES,Minor,0
19.11.2013,4:00 AM,1202.4,RHS,Rural,Reningavaram,Collision Brush/Side Wipe, Car hit Safety Wall ,Car,Non injury,Fault of driver of motor vehicle/driver of other vehicle/cyclist/pedestrian/passenger,Four lanes or more with central divider,Straight road,,Fine,AP07TD    2306,YES,Non injured ,2
19.11.2013,4:00 AM,1202.4,RHS,Rural,Reningavaram,Collision Brush/Side Wipe, Car hit Safety Wall ,Car,Non injury,Fault of driver of motor vehicle/driver of other vehicle/cyclist/pedestrian/passenger,Four lanes or more with central divider,Straight road,,Fine,AP07TD    2306,YES,Animals affected,0
22.11.2013,3:40 PM,1192.2,RHS,Rural,Martur,Collision Brush/Side Wipe, Unknown Vehicle hit    Bike,Unknown,Minor injury,Over speed,Four lanes or more with central divider,Straight road,,Fine,AP28AJ    1629,YES,Fatal,0
22.11.2013,3:40 PM,1192.2,RHS,Rural,Martur,Collision Brush/Side Wipe, Unknown Vehicle hit    Bike,Unknown,Minor injury,Over speed,Four lanes or more with central divider,Straight road,,Fine,AP28AJ    1629,YES,Grevious,0
22.11.2013,3:40 PM,1192.2,RHS,Rural,Martur,Collision Brush/Side Wipe, Unknown Vehicle hit    Bike,Unknown,Minor injury,Over speed,Four lanes or more with central divider,Straight road,,Fine,AP28AJ    1629,YES,Minor,2
22.11.2013,3:40 PM,1192.2,RHS,Rural,Martur,Collision Brush/Side Wipe, Unknown Vehicle hit    Bike,Unknown,Minor injury,Over speed,Four lanes or more with central divider,Straight road,,Fine,AP28AJ    1629,YES,Non injured ,0
22.11.2013,3:40 PM,1192.2,RHS,Rural,Martur,Collision Brush/Side Wipe, Unknown Vehicle hit    Bike,Unknown,Minor injury,Over speed,Four lanes or more with central divider,Straight road,,Fine,AP28AJ    1629,YES,Animals affected,0
22.11.2013,3:50 PM,1289.4,LHS,Rural,Ulavapadu,Collision Brush/Side Wipe, Car hit     Bike,Car,Minor injury,Over speed,Four lanes or more with central divider,Sharp curve,T-Junction,Fine,AP27W  5067,YES,Fatal,0
22.11.2013,3:50 PM,1289.4,LHS,Rural,Ulavapadu,Collision Brush/Side Wipe, Car hit     Bike,Car,Minor injury,Over speed,Four lanes or more with central divider,Sharp curve,T-Junction,Fine,AP27W  5067,YES,Grevious,0
22.11.2013,3:50 PM,1289.4,LHS,Rural,Ulavapadu,Collision Brush/Side Wipe, Car hit     Bike,Car,Minor injury,Over speed,Four lanes or more with central divider,Sharp curve,T-Junction,Fine,AP27W  5067,YES,Minor,1
22.11.2013,3:50 PM,1289.4,LHS,Rural,Ulavapadu,Collision Brush/Side Wipe, Car hit     Bike,Car,Minor injury,Over speed,Four lanes or more with central divider,Sharp curve,T-Junction,Fine,AP27W  5067,YES,Non injured ,0
22.11.2013,3:50 PM,1289.4,LHS,Rural,Ulavapadu,Collision Brush/Side Wipe, Car hit     Bike,Car,Minor injury,Over speed,Four lanes or more with central divider,Sharp curve,T-Junction,Fine,AP27W  5067,YES,Animals affected,0
22.11.2013,5:17 PM,1279.7,LHS,Rural,Singarayakonda,Overturning, Car             Over Turned,Car,Grievious injury,Druken,Four lanes or more with central divider,Slight curve,,Fine,AP27AJ  1008,YES,Fatal,0
22.11.2013,5:17 PM,1279.7,LHS,Rural,Singarayakonda,Overturning, Car             Over Turned,Car,Grievious injury,Druken,Four lanes or more with central divider,Slight curve,,Fine,AP27AJ  1008,YES,Grevious,1
22.11.2013,5:17 PM,1279.7,LHS,Rural,Singarayakonda,Overturning, Car             Over Turned,Car,Grievious injury,Druken,Four lanes or more with central divider,Slight curve,,Fine,AP27AJ  1008,YES,Minor,1
22.11.2013,5:17 PM,1279.7,LHS,Rural,Singarayakonda,Overturning, Car             Over Turned,Car,Grievious injury,Druken,Four lanes or more with central divider,Slight curve,,Fine,AP27AJ  1008,YES,Non injured ,2
22.11.2013,5:17 PM,1279.7,LHS,Rural,Singarayakonda,Overturning, Car             Over Turned,Car,Grievious injury,Druken,Four lanes or more with central divider,Slight curve,,Fine,AP27AJ  1008,YES,Animals affected,0
22.11.2013,9:12 PM,1262.5,LHS,Rural,Tangutur,Collision Brush/Side Wipe, Unknown Vehicle hit    Pedestrian,Unknown,Minor injury,Over speed,Four lanes or more with central divider,Straight road,,Fine,Unknown Vehicle,YES,Fatal,0
22.11.2013,9:12 PM,1262.5,LHS,Rural,Tangutur,Collision Brush/Side Wipe, Unknown Vehicle hit    Pedestrian,Unknown,Minor injury,Over speed,Four lanes or more with central divider,Straight road,,Fine,Unknown Vehicle,YES,Grevious,0
22.11.2013,9:12 PM,1262.5,LHS,Rural,Tangutur,Collision Brush/Side Wipe, Unknown Vehicle hit    Pedestrian,Unknown,Minor injury,Over speed,Four lanes or more with central divider,Straight road,,Fine,Unknown Vehicle,YES,Minor,1
22.11.2013,9:12 PM,1262.5,LHS,Rural,Tangutur,Collision Brush/Side Wipe, Unknown Vehicle hit    Pedestrian,Unknown,Minor injury,Over speed,Four lanes or more with central divider,Straight road,,Fine,Unknown Vehicle,YES,Non injured ,0
22.11.2013,9:12 PM,1262.5,LHS,Rural,Tangutur,Collision Brush/Side Wipe, Unknown Vehicle hit    Pedestrian,Unknown,Minor injury,Over speed,Four lanes or more with central divider,Straight road,,Fine,Unknown Vehicle,YES,Animals affected,0
23.11.2013,9:09 AM,1212.5,LHS,Rural,Reningavaram,Rear End Collision,Bus hit TataMagic Vehicle,Bus,Grievious injury,Vehicle out of control,Four lanes or more with central divider,Straight road,,Fine,AP29Z   0289,YES,Fatal,0
23.11.2013,9:09 AM,1212.5,LHS,Rural,Reningavaram,Rear End Collision,Bus hit TataMagic Vehicle,Bus,Grievious injury,Vehicle out of control,Four lanes or more with central divider,Straight road,,Fine,AP29Z   0289,YES,Grevious,3
23.11.2013,9:09 AM,1212.5,LHS,Rural,Reningavaram,Rear End Collision,Bus hit TataMagic Vehicle,Bus,Grievious injury,Vehicle out of control,Four lanes or more with central divider,Straight road,,Fine,AP29Z   0289,YES,Minor,2
23.11.2013,9:09 AM,1212.5,LHS,Rural,Reningavaram,Rear End Collision,Bus hit TataMagic Vehicle,Bus,Grievious injury,Vehicle out of control,Four lanes or more with central divider,Straight road,,Fine,AP29Z   0289,YES,Non injured ,15
23.11.2013,9:09 AM,1212.5,LHS,Rural,Reningavaram,Rear End Collision,Bus hit TataMagic Vehicle,Bus,Grievious injury,Vehicle out of control,Four lanes or more with central divider,Straight road,,Fine,AP29Z   0289,YES,Animals affected,0
23.11.2013,4:10 PM,1349.2,RHS,Rural,Dagadarthi,Rear End Collision,Lorry hit Lorry,Lorry,Minor injury,Fault of driver of motor vehicle/driver of other vehicle/cyclist/pedestrian/passenger,Four lanes or more with central divider,Straight road,,Fine,AP27TU   6389,YES,Fatal,0
23.11.2013,4:10 PM,1349.2,RHS,Rural,Dagadarthi,Rear End Collision,Lorry hit Lorry,Lorry,Minor injury,Fault of driver of motor vehicle/driver of other vehicle/cyclist/pedestrian/passenger,Four lanes or more with central divider,Straight road,,Fine,AP27TU   6389,YES,Grevious,0
23.11.2013,4:10 PM,1349.2,RHS,Rural,Dagadarthi,Rear End Collision,Lorry hit Lorry,Lorry,Minor injury,Fault of driver of motor vehicle/driver of other vehicle/cyclist/pedestrian/passenger,Four lanes or more with central divider,Straight road,,Fine,AP27TU   6389,YES,Minor,1
23.11.2013,4:10 PM,1349.2,RHS,Rural,Dagadarthi,Rear End Collision,Lorry hit Lorry,Lorry,Minor injury,Fault of driver of motor vehicle/driver of other vehicle/cyclist/pedestrian/passenger,Four lanes or more with central divider,Straight road,,Fine,AP27TU   6389,YES,Non injured ,2
23.11.2013,4:10 PM,1349.2,RHS,Rural,Dagadarthi,Rear End Collision,Lorry hit Lorry,Lorry,Minor injury,Fault of driver of motor vehicle/driver of other vehicle/cyclist/pedestrian/passenger,Four lanes or more with central divider,Straight road,,Fine,AP27TU   6389,YES,Animals affected,0
23.11.2013,10:45 PM,1219.5,RHS,Rural,Medarametla,Collision Brush/Side Wipe,Unknown Vehicle hit Pedestrian,Unknown,Grievious injury,Over speed,Four lanes or more with central divider,Straight road,,Fine,Unknown Vehicle,YES,Fatal,0