Operational date,Time of Accident,KM && M,Position,Rural/Urban,Location,Nature of Accident Position,Nature of Accident,Vehicle Involved,Type of Accident,Causes,Road Feature,Road condition,Intersection Type And Control,Weather Condition,Vehicle Responsible,Help Provided by Ambulance/Patroling Vehicle,Classification of Accident,No of Affected Persons
23.11.2013,10:45 PM,1219.5,RHS,Rural,Medarametla,Collision Brush/Side Wipe,Unknown Vehicle hit Pedestrian,Unknown,Grievious injury,Over speed,Four lanes or more with central divider,Straight road,,Fine,Unknown Vehicle,YES,Grevious,1
23.11.2013,10:45 PM,1219.5,RHS,Rural,Medarametla,Collision Brush/Side Wipe,Unknown Vehicle hit Pedestrian,Unknown,Grievious injury,Over speed,Four lanes or more with central divider,Straight road,,Fine,Unknown Vehicle,YES,Minor,0
23.11.2013,10:45 PM,1219.5,RHS,Rural,Medarametla,Collision Brush/Side Wipe,Unknown Vehicle hit Pedestrian,Unknown,Grievious injury,Over speed,Four lanes or more with central divider,Straight road,,Fine,Unknown Vehicle,YES,Non injured ,0
23.11.2013,10:45 PM,1219.5,RHS,Rural,Medarametla,Collision Brush/Side Wipe,Unknown Vehicle hit Pedestrian,Unknown,Grievious injury,Over speed,Four lanes or more with central divider,Straight road,,Fine,Unknown Vehicle,YES,Animals affected,0
23.11.2013,11:10 PM,1235.9,RHS,Rural,Maddipadu,Collision Brush/Side Wipe,Unknown Vehicle hit Bike,Unknown,Fatal,Vehicle out of control,Four lanes or more with central divider,Straight road,,Fine,Unknown Vehicle,YES,Fatal,1
23.11.2013,11:10 PM,1235.9,RHS,Rural,Maddipadu,Collision Brush/Side Wipe,Unknown Vehicle hit Bike,Unknown,Fatal,Vehicle out of control,Four lanes or more with central divider,Straight road,,Fine,Unknown Vehicle,YES,Grevious,0
23.11.2013,11:10 PM,1235.9,RHS,Rural,Maddipadu,Collision Brush/Side Wipe,Unknown Vehicle hit Bike,Unknown,Fatal,Vehicle out of control,Four lanes or more with central divider,Straight road,,Fine,Unknown Vehicle,YES,Minor,0
23.11.2013,11:10 PM,1235.9,RHS,Rural,Maddipadu,Collision Brush/Side Wipe,Unknown Vehicle hit Bike,Unknown,Fatal,Vehicle out of control,Four lanes or more with central divider,Straight road,,Fine,Unknown Vehicle,YES,Non injured ,0
23.11.2013,11:10 PM,1235.9,RHS,Rural,Maddipadu,Collision Brush/Side Wipe,Unknown Vehicle hit Bike,Unknown,Fatal,Vehicle out of control,Four lanes or more with central divider,Straight road,,Fine,Unknown Vehicle,YES,Animals affected,0
24.11.2013,5:53 AM,1231.1,RHS,Rural,Maddipadu,Rear End Collision,Lorry hit  Tractor  ,Lorry,Grievious injury,Over speed,Four lanes or more with central divider,Straight road,,Fine,TN34U    4579,YES,Fatal,0
24.11.2013,5:53 AM,1231.1,RHS,Rural,Maddipadu,Rear End Collision,Lorry hit  Tractor  ,Lorry,Grievious injury,Over speed,Four lanes or more with central divider,Straight road,,Fine,TN34U    4579,YES,Grevious,1
24.11.2013,5:53 AM,1231.1,RHS,Rural,Maddipadu,Rear End Collision,Lorry hit  Tractor  ,Lorry,Grievious injury,Over speed,Four lanes or more with central divider,Straight road,,Fine,TN34U    4579,YES,Minor,0
24.11.2013,5:53 AM,1231.1,RHS,Rural,Maddipadu,Rear End Collision,Lorry hit  Tractor  ,Lorry,Grievious injury,Over speed,Four lanes or more with central divider,Straight road,,Fine,TN34U    4579,YES,Non injured ,2
24.11.2013,5:53 AM,1231.1,RHS,Rural,Maddipadu,Rear End Collision,Lorry hit  Tractor  ,Lorry,Grievious injury,Over speed,Four lanes or more with central divider,Straight road,,Fine,TN34U    4579,YES,Animals affected,0
24.11.2013,10:00 AM,1359.8,LHS,Rural,Kodavaluru,Overturning, Car             Over Turned,Car,Non injury,Vehicle out of control,Four lanes or more with central divider,Straight road,,Fine,AP03BB        5566,YES,Fatal,0
24.11.2013,10:00 AM,1359.8,LHS,Rural,Kodavaluru,Overturning, Car             Over Turned,Car,Non injury,Vehicle out of control,Four lanes or more with central divider,Straight road,,Fine,AP03BB        5566,YES,Grevious,0
24.11.2013,10:00 AM,1359.8,LHS,Rural,Kodavaluru,Overturning, Car             Over Turned,Car,Non injury,Vehicle out of control,Four lanes or more with central divider,Straight road,,Fine,AP03BB        5566,YES,Minor,0
24.11.2013,10:00 AM,1359.8,LHS,Rural,Kodavaluru,Overturning, Car             Over Turned,Car,Non injury,Vehicle out of control,Four lanes or more with central divider,Straight road,,Fine,AP03BB        5566,YES,Non injured ,2
24.11.2013,10:00 AM,1359.8,LHS,Rural,Kodavaluru,Overturning, Car             Over Turned,Car,Non injury,Vehicle out of control,Four lanes or more with central divider,Straight road,,Fine,AP03BB        5566,YES,Animals affected,0
24.11.2013,9:22 PM,1266.9,RHS,Rural,Tangutur,Rear End Collision,Unknown Vehicle hit Bike,Unknown,Minor injury,Over speed,Four lanes or more with central divider,Straight road,,Fine,Unknown Vehicle,YES,Fatal,0
24.11.2013,9:22 PM,1266.9,RHS,Rural,Tangutur,Rear End Collision,Unknown Vehicle hit Bike,Unknown,Minor injury,Over speed,Four lanes or more with central divider,Straight road,,Fine,Unknown Vehicle,YES,Grevious,0
24.11.2013,9:22 PM,1266.9,RHS,Rural,Tangutur,Rear End Collision,Unknown Vehicle hit Bike,Unknown,Minor injury,Over speed,Four lanes or more with central divider,Straight road,,Fine,Unknown Vehicle,YES,Minor,1
24.11.2013,9:22 PM,1266.9,RHS,Rural,Tangutur,Rear End Collision,Unknown Vehicle hit Bike,Unknown,Minor injury,Over speed,Four lanes or more with central divider,Straight road,,Fine,Unknown Vehicle,YES,Non injured ,0
24.11.2013,9:22 PM,1266.9,RHS,Rural,Tangutur,Rear End Collision,Unknown Vehicle hit Bike,Unknown,Minor injury,Over speed,Four lanes or more with central divider,Straight road,,Fine,Unknown Vehicle,YES,Animals affected,0
25.11.2013,7:20 AM,1294.9,RHS,Rural,Ulavapadu,Rear End Collision,Lorry  hit     Lorry ,Lorry,Minor injury,Over speed,Four lanes or more with central divider,Straight road,,Fine,AP07TA   9396,YES,Fatal,0
25.11.2013,7:20 AM,1294.9,RHS,Rural,Ulavapadu,Rear End Collision,Lorry  hit     Lorry ,Lorry,Minor injury,Over speed,Four lanes or more with central divider,Straight road,,Fine,AP07TA   9396,YES,Grevious,0
25.11.2013,7:20 AM,1294.9,RHS,Rural,Ulavapadu,Rear End Collision,Lorry  hit     Lorry ,Lorry,Minor injury,Over speed,Four lanes or more with central divider,Straight road,,Fine,AP07TA   9396,YES,Minor,1
25.11.2013,7:20 AM,1294.9,RHS,Rural,Ulavapadu,Rear End Collision,Lorry  hit     Lorry ,Lorry,Minor injury,Over speed,Four lanes or more with central divider,Straight road,,Fine,AP07TA   9396,YES,Non injured ,3
25.11.2013,7:20 AM,1294.9,RHS,Rural,Ulavapadu,Rear End Collision,Lorry  hit     Lorry ,Lorry,Minor injury,Over speed,Four lanes or more with central divider,Straight road,,Fine,AP07TA   9396,YES,Animals affected,0
26.11.2013,1:50 AM,1234.8,LHS,Rural,Maddipadu,Rear End Collision,Mini Lorry hit Tata ACE Vehicle ,Lorry,Minor injury,Fault of driver of motor vehicle/driver of other vehicle/cyclist/pedestrian/passenger,Four lanes or more with central divider,Straight road,,Fine,AP27W   1224,YES,Fatal,0
26.11.2013,1:50 AM,1234.8,LHS,Rural,Maddipadu,Rear End Collision,Mini Lorry hit Tata ACE Vehicle ,Lorry,Minor injury,Fault of driver of motor vehicle/driver of other vehicle/cyclist/pedestrian/passenger,Four lanes or more with central divider,Straight road,,Fine,AP27W   1224,YES,Grevious,0
26.11.2013,1:50 AM,1234.8,LHS,Rural,Maddipadu,Rear End Collision,Mini Lorry hit Tata ACE Vehicle ,Lorry,Minor injury,Fault of driver of motor vehicle/driver of other vehicle/cyclist/pedestrian/passenger,Four lanes or more with central divider,Straight road,,Fine,AP27W   1224,YES,Minor,1
26.11.2013,1:50 AM,1234.8,LHS,Rural,Maddipadu,Rear End Collision,Mini Lorry hit Tata ACE Vehicle ,Lorry,Minor injury,Fault of driver of motor vehicle/driver of other vehicle/cyclist/pedestrian/passenger,Four lanes or more with central divider,Straight road,,Fine,AP27W   1224,YES,Non injured ,2
26.11.2013,1:50 AM,1234.8,LHS,Rural,Maddipadu,Rear End Collision,Mini Lorry hit Tata ACE Vehicle ,Lorry,Minor injury,Fault of driver of motor vehicle/driver of other vehicle/cyclist/pedestrian/passenger,Four lanes or more with central divider,Straight road,,Fine,AP27W   1224,YES,Animals affected,0
26.11.2013,2:10 AM,1354.5,LHS,Rural,Kodavaluru,Overturning, Lorry             Over Turned,Lorry,Non injury,Fault of driver of motor vehicle/driver of other vehicle/cyclist/pedestrian/passenger,Four lanes or more with central divider,Straight road,,Fine,TN18H   0677,YES,Fatal,0
26.11.2013,2:10 AM,1354.5,LHS,Rural,Kodavaluru,Overturning, Lorry             Over Turned,Lorry,Non injury,Fault of driver of motor vehicle/driver of other vehicle/cyclist/pedestrian/passenger,Four lanes or more with central divider,Straight road,,Fine,TN18H   0677,YES,Grevious,0
26.11.2013,2:10 AM,1354.5,LHS,Rural,Kodavaluru,Overturning, Lorry             Over Turned,Lorry,Non injury,Fault of driver of motor vehicle/driver of other vehicle/cyclist/pedestrian/passenger,Four lanes or more with central divider,Straight road,,Fine,TN18H   0677,YES,Minor,0
26.11.2013,2:10 AM,1354.5,LHS,Rural,Kodavaluru,Overturning, Lorry             Over Turned,Lorry,Non injury,Fault of driver of motor vehicle/driver of other vehicle/cyclist/pedestrian/passenger,Four lanes or more with central divider,Straight road,,Fine,TN18H   0677,YES,Non injured ,1
26.11.2013,2:10 AM,1354.5,LHS,Rural,Kodavaluru,Overturning, Lorry             Over Turned,Lorry,Non injury,Fault of driver of motor vehicle/driver of other vehicle/cyclist/pedestrian/passenger,Four lanes or more with central divider,Straight road,,Fine,TN18H   0677,YES,Animals affected,0
26.11.2013,5:35 AM,1257.4,RHS,Rural,Tangutur,Overturning, Car             Over Turned,Car,Minor injury,Vehicle out of control,Four lanes or more with central divider,Straight road,,Fine,AP31AG   456,YES,Fatal,0
26.11.2013,5:35 AM,1257.4,RHS,Rural,Tangutur,Overturning, Car             Over Turned,Car,Minor injury,Vehicle out of control,Four lanes or more with central divider,Straight road,,Fine,AP31AG   456,YES,Grevious,0
26.11.2013,5:35 AM,1257.4,RHS,Rural,Tangutur,Overturning, Car             Over Turned,Car,Minor injury,Vehicle out of control,Four lanes or more with central divider,Straight road,,Fine,AP31AG   456,YES,Minor,2
26.11.2013,5:35 AM,1257.4,RHS,Rural,Tangutur,Overturning, Car             Over Turned,Car,Minor injury,Vehicle out of control,Four lanes or more with central divider,Straight road,,Fine,AP31AG   456,YES,Non injured ,0
26.11.2013,5:35 AM,1257.4,RHS,Rural,Tangutur,Overturning, Car             Over Turned,Car,Minor injury,Vehicle out of control,Four lanes or more with central divider,Straight road,,Fine,AP31AG   456,YES,Animals affected,0
27.11.2013,4:00 AM,1308.2,LHS,Rural,Kavali,Overturning, Lorry             Over Turned,Lorry,Minor injury,Fault of driver of motor vehicle/driver of other vehicle/cyclist/pedestrian/passenger,Four lanes or more with central divider,Straight road,,Fine,MH04FV   8416,YES,Fatal,0
27.11.2013,4:00 AM,1308.2,LHS,Rural,Kavali,Overturning, Lorry             Over Turned,Lorry,Minor injury,Fault of driver of motor vehicle/driver of other vehicle/cyclist/pedestrian/passenger,Four lanes or more with central divider,Straight road,,Fine,MH04FV   8416,YES,Grevious,0
27.11.2013,4:00 AM,1308.2,LHS,Rural,Kavali,Overturning, Lorry             Over Turned,Lorry,Minor injury,Fault of driver of motor vehicle/driver of other vehicle/cyclist/pedestrian/passenger,Four lanes or more with central divider,Straight road,,Fine,MH04FV   8416,YES,Minor,1
27.11.2013,4:00 AM,1308.2,LHS,Rural,Kavali,Overturning, Lorry             Over Turned,Lorry,Minor injury,Fault of driver of motor vehicle/driver of other vehicle/cyclist/pedestrian/passenger,Four lanes or more with central divider,Straight road,,Fine,MH04FV   8416,YES,Non injured ,1
27.11.2013,4:00 AM,1308.2,LHS,Rural,Kavali,Overturning, Lorry             Over Turned,Lorry,Minor injury,Fault of driver of motor vehicle/driver of other vehicle/cyclist/pedestrian/passenger,Four lanes or more with central divider,Straight road,,Fine,MH04FV   8416,YES,Animals affected,0
28.11.2013,2:10 AM,1283.7,RHS,Rural,Ulavapadu,Collision Brush/Side Wipe, Car             hit Median,Car,Non injury,Fault of driver of motor vehicle/driver of other vehicle/cyclist/pedestrian/passenger,Four lanes or more with central divider,Straight road,,Fine,AP7AR     4589,YES,Fatal,0
28.11.2013,2:10 AM,1283.7,RHS,Rural,Ulavapadu,Collision Brush/Side Wipe, Car             hit Median,Car,Non injury,Fault of driver of motor vehicle/driver of other vehicle/cyclist/pedestrian/passenger,Four lanes or more with central divider,Straight road,,Fine,AP7AR     4589,YES,Grevious,0
28.11.2013,2:10 AM,1283.7,RHS,Rural,Ulavapadu,Collision Brush/Side Wipe, Car             hit Median,Car,Non injury,Fault of driver of motor vehicle/driver of other vehicle/cyclist/pedestrian/passenger,Four lanes or more with central divider,Straight road,,Fine,AP7AR     4589,YES,Minor,0
28.11.2013,2:10 AM,1283.7,RHS,Rural,Ulavapadu,Collision Brush/Side Wipe, Car             hit Median,Car,Non injury,Fault of driver of motor vehicle/driver of other vehicle/cyclist/pedestrian/passenger,Four lanes or more with central divider,Straight road,,Fine,AP7AR     4589,YES,Non injured ,5
28.11.2013,2:10 AM,1283.7,RHS,Rural,Ulavapadu,Collision Brush/Side Wipe, Car             hit Median,Car,Non injury,Fault of driver of motor vehicle/driver of other vehicle/cyclist/pedestrian/passenger,Four lanes or more with central divider,Straight road,,Fine,AP7AR     4589,YES,Animals affected,0
28.11.2013,7:00 AM,1341.5,LHS,Rural,Dagadarthi,Overturning, Lorry             Over Turned,Lorry,Non injury,Fault of driver of motor vehicle/driver of other vehicle/cyclist/pedestrian/passenger,Four lanes or more with central divider,Straight road,,Fine,AP24TA 01345,YES,Fatal,0
28.11.2013,7:00 AM,1341.5,LHS,Rural,Dagadarthi,Overturning, Lorry             Over Turned,Lorry,Non injury,Fault of driver of motor vehicle/driver of other vehicle/cyclist/pedestrian/passenger,Four lanes or more with central divider,Straight road,,Fine,AP24TA 01345,YES,Grevious,0
28.11.2013,7:00 AM,1341.5,LHS,Rural,Dagadarthi,Overturning, Lorry             Over Turned,Lorry,Non injury,Fault of driver of motor vehicle/driver of other vehicle/cyclist/pedestrian/passenger,Four lanes or more with central divider,Straight road,,Fine,AP24TA 01345,YES,Minor,0
28.11.2013,7:00 AM,1341.5,LHS,Rural,Dagadarthi,Overturning, Lorry             Over Turned,Lorry,Non injury,Fault of driver of motor vehicle/driver of other vehicle/cyclist/pedestrian/passenger,Four lanes or more with central divider,Straight road,,Fine,AP24TA 01345,YES,Non injured ,2
28.11.2013,7:00 AM,1341.5,LHS,Rural,Dagadarthi,Overturning, Lorry             Over Turned,Lorry,Non injury,Fault of driver of motor vehicle/driver of other vehicle/cyclist/pedestrian/passenger,Four lanes or more with central divider,Straight road,,Fine,AP24TA 01345,YES,Animals affected,0
28.11.2013,4:10 PM,1341.2,LHS,Rural,Dagadarthi,Rear End Collision,Bus hit       Car,Bus,Minor injury,Over speed,Four lanes or more with central divider,Straight road,,Light rain,AP20Z    0136,YES,Fatal,0
28.11.2013,4:10 PM,1341.2,LHS,Rural,Dagadarthi,Rear End Collision,Bus hit       Car,Bus,Minor injury,Over speed,Four lanes or more with central divider,Straight road,,Light rain,AP20Z    0136,YES,Grevious,0
28.11.2013,4:10 PM,1341.2,LHS,Rural,Dagadarthi,Rear End Collision,Bus hit       Car,Bus,Minor injury,Over speed,Four lanes or more with central divider,Straight road,,Light rain,AP20Z    0136,YES,Minor,1
28.11.2013,4:10 PM,1341.2,LHS,Rural,Dagadarthi,Rear End Collision,Bus hit       Car,Bus,Minor injury,Over speed,Four lanes or more with central divider,Straight road,,Light rain,AP20Z    0136,YES,Non injured ,20
28.11.2013,4:10 PM,1341.2,LHS,Rural,Dagadarthi,Rear End Collision,Bus hit       Car,Bus,Minor injury,Over speed,Four lanes or more with central divider,Straight road,,Light rain,AP20Z    0136,YES,Animals affected,0
29.11.2013,2:20 AM,1265.5,LHS,Rural,Tangutur,Collision Brush/Side Wipe, Car hit  Safety Wall ,Car,Non injury,Over speed,Four lanes or more with central divider,Straight road,,Fine,AP16AJ     6869,YES,Fatal,0
29.11.2013,2:20 AM,1265.5,LHS,Rural,Tangutur,Collision Brush/Side Wipe, Car hit  Safety Wall ,Car,Non injury,Over speed,Four lanes or more with central divider,Straight road,,Fine,AP16AJ     6869,YES,Grevious,0
29.11.2013,2:20 AM,1265.5,LHS,Rural,Tangutur,Collision Brush/Side Wipe, Car hit  Safety Wall ,Car,Non injury,Over speed,Four lanes or more with central divider,Straight road,,Fine,AP16AJ     6869,YES,Minor,0
29.11.2013,2:20 AM,1265.5,LHS,Rural,Tangutur,Collision Brush/Side Wipe, Car hit  Safety Wall ,Car,Non injury,Over speed,Four lanes or more with central divider,Straight road,,Fine,AP16AJ     6869,YES,Non injured ,3
29.11.2013,2:20 AM,1265.5,LHS,Rural,Tangutur,Collision Brush/Side Wipe, Car hit  Safety Wall ,Car,Non injury,Over speed,Four lanes or more with central divider,Straight road,,Fine,AP16AJ     6869,YES,Animals affected,0
29.11.2013,6:15 AM,1313.2,LHS,Rural,Kavali,Collision Brush/Side Wipe, Car hit  Safety Wall ,Car,Non injury,Fault of driver of motor vehicle/driver of other vehicle/cyclist/pedestrian/passenger,Four lanes or more with central divider,Straight road,,Fine,TN09BQ   8824,YES,Fatal,0
29.11.2013,6:15 AM,1313.2,LHS,Rural,Kavali,Collision Brush/Side Wipe, Car hit  Safety Wall ,Car,Non injury,Fault of driver of motor vehicle/driver of other vehicle/cyclist/pedestrian/passenger,Four lanes or more with central divider,Straight road,,Fine,TN09BQ   8824,YES,Grevious,0
29.11.2013,6:15 AM,1313.2,LHS,Rural,Kavali,Collision Brush/Side Wipe, Car hit  Safety Wall ,Car,Non injury,Fault of driver of motor vehicle/driver of other vehicle/cyclist/pedestrian/passenger,Four lanes or more with central divider,Straight road,,Fine,TN09BQ   8824,YES,Minor,0
29.11.2013,6:15 AM,1313.2,LHS,Rural,Kavali,Collision Brush/Side Wipe, Car hit  Safety Wall ,Car,Non injury,Fault of driver of motor vehicle/driver of other vehicle/cyclist/pedestrian/passenger,Four lanes or more with central divider,Straight road,,Fine,TN09BQ   8824,YES,Non injured ,3
29.11.2013,6:15 AM,1313.2,LHS,Rural,Kavali,Collision Brush/Side Wipe, Car hit  Safety Wall ,Car,Non injury,Fault of driver of motor vehicle/driver of other vehicle/cyclist/pedestrian/passenger,Four lanes or more with central divider,Straight road,,Fine,TN09BQ   8824,YES,Animals affected,0
29.11.2013,9:20 AM,1357.3,RHS,Rural,Kodavaluru,Overturning, Lorry Fall Down in Culvert ,Lorry,Grievious injury,Over speed,Four lanes or more with central divider,Straight road,,Fine,TN28AF   0843,YES,Fatal,0
29.11.2013,9:20 AM,1357.3,RHS,Rural,Kodavaluru,Overturning, Lorry Fall Down in Culvert ,Lorry,Grievious injury,Over speed,Four lanes or more with central divider,Straight road,,Fine,TN28AF   0843,YES,Grevious,2
29.11.2013,9:20 AM,1357.3,RHS,Rural,Kodavaluru,Overturning, Lorry Fall Down in Culvert ,Lorry,Grievious injury,Over speed,Four lanes or more with central divider,Straight road,,Fine,TN28AF   0843,YES,Minor,0
29.11.2013,9:20 AM,1357.3,RHS,Rural,Kodavaluru,Overturning, Lorry Fall Down in Culvert ,Lorry,Grievious injury,Over speed,Four lanes or more with central divider,Straight road,,Fine,TN28AF   0843,YES,Non injured ,0
29.11.2013,9:20 AM,1357.3,RHS,Rural,Kodavaluru,Overturning, Lorry Fall Down in Culvert ,Lorry,Grievious injury,Over speed,Four lanes or more with central divider,Straight road,,Fine,TN28AF   0843,YES,Animals affected,0
29.11.2013,3:00 PM,1343.2,LHS,Rural,Dagadarthi,Collision Brush/Side Wipe, Lorry hit    Buffalo,Lorry,Non injury,Over speed,Four lanes or more with central divider,Straight road,,Fine,TN52A     7573,YES,Fatal,0
29.11.2013,3:00 PM,1343.2,LHS,Rural,Dagadarthi,Collision Brush/Side Wipe, Lorry hit    Buffalo,Lorry,Non injury,Over speed,Four lanes or more with central divider,Straight road,,Fine,TN52A     7573,YES,Grevious,0
29.11.2013,3:00 PM,1343.2,LHS,Rural,Dagadarthi,Collision Brush/Side Wipe, Lorry hit    Buffalo,Lorry,Non injury,Over speed,Four lanes or more with central divider,Straight road,,Fine,TN52A     7573,YES,Minor,0
29.11.2013,3:00 PM,1343.2,LHS,Rural,Dagadarthi,Collision Brush/Side Wipe, Lorry hit    Buffalo,Lorry,Non injury,Over speed,Four lanes or more with central divider,Straight road,,Fine,TN52A     7573,YES,Non injured ,2
29.11.2013,3:00 PM,1343.2,LHS,Rural,Dagadarthi,Collision Brush/Side Wipe, Lorry hit    Buffalo,Lorry,Non injury,Over speed,Four lanes or more with central divider,Straight road,,Fine,TN52A     7573,YES,Animals affected,1
30.11.2013,3:10 AM,1329,RHS,Rural,Kavali,Collision Brush/Side Wipe,Car hit Unknown Vehicle,Car,Non injury,Over speed,Four lanes or more with central divider,Straight road,,Fine,AP16BM   0568,YES,Fatal,0
30.11.2013,3:10 AM,1329,RHS,Rural,Kavali,Collision Brush/Side Wipe,Car hit Unknown Vehicle,Car,Non injury,Over speed,Four lanes or more with central divider,Straight road,,Fine,AP16BM   0568,YES,Grevious,0
30.11.2013,3:10 AM,1329,RHS,Rural,Kavali,Collision Brush/Side Wipe,Car hit Unknown Vehicle,Car,Non injury,Over speed,Four lanes or more with central divider,Straight road,,Fine,AP16BM   0568,YES,Minor,0
30.11.2013,3:10 AM,1329,RHS,Rural,Kavali,Collision Brush/Side Wipe,Car hit Unknown Vehicle,Car,Non injury,Over speed,Four lanes or more with central divider,Straight road,,Fine,AP16BM   0568,YES,Non injured ,5
30.11.2013,3:10 AM,1329,RHS,Rural,Kavali,Collision Brush/Side Wipe,Car hit Unknown Vehicle,Car,Non injury,Over speed,Four lanes or more with central divider,Straight road,,Fine,AP16BM   0568,YES,Animals affected,0
30.11.2013,3:15 AM,1223.2,LHS,Rural,Medarametla,Rear End Collision,Lorry  hit     Lorry ,Lorry,Non injury,Fault of driver of motor vehicle/driver of other vehicle/cyclist/pedestrian/passenger,Four lanes or more with central divider,Slight curve,,Fine,AP27Y     9576,YES,Fatal,0
30.11.2013,3:15 AM,1223.2,LHS,Rural,Medarametla,Rear End Collision,Lorry  hit     Lorry ,Lorry,Non injury,Fault of driver of motor vehicle/driver of other vehicle/cyclist/pedestrian/passenger,Four lanes or more with central divider,Slight curve,,Fine,AP27Y     9576,YES,Grevious,0
30.11.2013,3:15 AM,1223.2,LHS,Rural,Medarametla,Rear End Collision,Lorry  hit     Lorry ,Lorry,Non injury,Fault of driver of motor vehicle/driver of other vehicle/cyclist/pedestrian/passenger,Four lanes or more with central divider,Slight curve,,Fine,AP27Y     9576,YES,Minor,0
30.11.2013,3:15 AM,1223.2,LHS,Rural,Medarametla,Rear End Collision,Lorry  hit     Lorry ,Lorry,Non injury,Fault of driver of motor vehicle/driver of other vehicle/cyclist/pedestrian/passenger,Four lanes or more with central divider,Slight curve,,Fine,AP27Y     9576,YES,Non injured ,4
30.11.2013,3:15 AM,1223.2,LHS,Rural,Medarametla,Rear End Collision,Lorry  hit     Lorry ,Lorry,Non injury,Fault of driver of motor vehicle/driver of other vehicle/cyclist/pedestrian/passenger,Four lanes or more with central divider,Slight curve,,Fine,AP27Y     9576,YES,Animals affected,0
30.11.2013,7:30 AM,1209.1,LHS,Rural,Reningavaram,Rear End Collision, Car hit                              Au,Car,Minor injury,Over speed,Four lanes or more with central divider,Straight road,,Fine,KA03MR    1771,YES,Fatal,0
30.11.2013,7:30 AM,1209.1,LHS,Rural,Reningavaram,Rear End Collision, Car hit                              Au,Car,Minor injury,Over speed,Four lanes or more with central divider,Straight road,,Fine,KA03MR    1771,YES,Grevious,0
30.11.2013,7:30 AM,1209.1,LHS,Rural,Reningavaram,Rear End Collision, Car hit                              Au,Car,Minor injury,Over speed,Four lanes or more with central divider,Straight road,,Fine,KA03MR    1771,YES,Minor,1
30.11.2013,7:30 AM,1209.1,LHS,Rural,Reningavaram,Rear End Collision, Car hit                              Au,Car,Minor injury,Over speed,Four lanes or more with central divider,Straight road,,Fine,KA03MR    1771,YES,Non injured ,5
30.11.2013,7:30 AM,1209.1,LHS,Rural,Reningavaram,Rear End Collision, Car hit                              Au,Car,Minor injury,Over speed,Four lanes or more with central divider,Straight road,,Fine,KA03MR    1771,YES,Animals affected,0
30.11.2013,8:50 AM,1223,RHS,Rural,Medarametla,Rear End Collision,Car hit Unknown Vehicle,Car,Minor injury,Over speed,Four lanes or more with central divider,Sharp curve,T-Junction,Fine,AP26AK 8585,YES,Fatal,0
30.11.2013,8:50 AM,1223,RHS,Rural,Medarametla,Rear End Collision,Car hit Unknown Vehicle,Car,Minor injury,Over speed,Four lanes or more with central divider,Sharp curve,T-Junction,Fine,AP26AK 8585,YES,Grevious,0
30.11.2013,8:50 AM,1223,RHS,Rural,Medarametla,Rear End Collision,Car hit Unknown Vehicle,Car,Minor injury,Over speed,Four lanes or more with central divider,Sharp curve,T-Junction,Fine,AP26AK 8585,YES,Minor,1
30.11.2013,8:50 AM,1223,RHS,Rural,Medarametla,Rear End Collision,Car hit Unknown Vehicle,Car,Minor injury,Over speed,Four lanes or more with central divider,Sharp curve,T-Junction,Fine,AP26AK 8585,YES,Non injured ,0
30.11.2013,8:50 AM,1223,RHS,Rural,Medarametla,Rear End Collision,Car hit Unknown Vehicle,Car,Minor injury,Over speed,Four lanes or more with central divider,Sharp curve,T-Junction,Fine,AP26AK 8585,YES,Animals affected,0
30.11.2013,11:00 AM,1306.4,LHS,Rural,Gudluru,Collision Brush/Side Wipe,Lorry hit Safety Wall,Lorry,Non injury,Vehicle out of control,Four lanes or more with central divider,Straight road,,Fine,WB57A   4712,YES,Fatal,0
30.11.2013,11:00 AM,1306.4,LHS,Rural,Gudluru,Collision Brush/Side Wipe,Lorry hit Safety Wall,Lorry,Non injury,Vehicle out of control,Four lanes or more with central divider,Straight road,,Fine,WB57A   4712,YES,Grevious,0
30.11.2013,11:00 AM,1306.4,LHS,Rural,Gudluru,Collision Brush/Side Wipe,Lorry hit Safety Wall,Lorry,Non injury,Vehicle out of control,Four lanes or more with central divider,Straight road,,Fine,WB57A   4712,YES,Minor,0
30.11.2013,11:00 AM,1306.4,LHS,Rural,Gudluru,Collision Brush/Side Wipe,Lorry hit Safety Wall,Lorry,Non injury,Vehicle out of control,Four lanes or more with central divider,Straight road,,Fine,WB57A   4712,YES,Non injured ,0
30.11.2013,11:00 AM,1306.4,LHS,Rural,Gudluru,Collision Brush/Side Wipe,Lorry hit Safety Wall,Lorry,Non injury,Vehicle out of control,Four lanes or more with central divider,Straight road,,Fine,WB57A   4712,YES,Animals affected,0
30.11.2013,8:45 PM,1344.5,RHS,Rural,Dagadarthi,Rear End Collision, Lorry hit Lorry,Lorry,Grievious injury,Druken,Four lanes or more with central divider,Straight road,,Fine,TN28AT 6503,YES,Fatal,0
30.11.2013,8:45 PM,1344.5,RHS,Rural,Dagadarthi,Rear End Collision, Lorry hit Lorry,Lorry,Grievious injury,Druken,Four lanes or more with central divider,Straight road,,Fine,TN28AT 6503,YES,Grevious,1