Operational date,Time of Accident,KM && M,Position,Rural/Urban,Location,Nature of Accident Position,Nature of Accident,Vehicle Involved,Type of Accident,Causes,Road Feature,Road condition,Intersection Type And Control,Weather Condition,Vehicle Responsible,Help Provided by Ambulance/Patroling Vehicle,Classification of Accident,No of Affected Persons
30.11.2013,8:45 PM,1344.5,RHS,Rural,Dagadarthi,Rear End Collision, Lorry hit Lorry,Lorry,Grievious injury,Druken,Four lanes or more with central divider,Straight road,,Fine,TN28AT 6503,YES,Minor,0
30.11.2013,8:45 PM,1344.5,RHS,Rural,Dagadarthi,Rear End Collision, Lorry hit Lorry,Lorry,Grievious injury,Druken,Four lanes or more with central divider,Straight road,,Fine,TN28AT 6503,YES,Non injured ,2
30.11.2013,8:45 PM,1344.5,RHS,Rural,Dagadarthi,Rear End Collision, Lorry hit Lorry,Lorry,Grievious injury,Druken,Four lanes or more with central divider,Straight road,,Fine,TN28AT 6503,YES,Animals affected,0
01.12.2013,5:29 AM,1259.2,RHS,Rural,Tangutur,Rear End Collision, Lorry hit Lorry,Lorry,Minor injury,Fault of driver of motor vehicle/driver of other vehicle/cyclist/pedestrian/passenger,Four lanes or more with central divider,Straight road,,Fine,AP26Y    3569,YES,Fatal,0
01.12.2013,5:29 AM,1259.2,RHS,Rural,Tangutur,Rear End Collision, Lorry hit Lorry,Lorry,Minor injury,Fault of driver of motor vehicle/driver of other vehicle/cyclist/pedestrian/passenger,Four lanes or more with central divider,Straight road,,Fine,AP26Y    3569,YES,Grevious,0
01.12.2013,5:29 AM,1259.2,RHS,Rural,Tangutur,Rear End Collision, Lorry hit Lorry,Lorry,Minor injury,Fault of driver of motor vehicle/driver of other vehicle/cyclist/pedestrian/passenger,Four lanes or more with central divider,Straight road,,Fine,AP26Y    3569,YES,Minor,1
01.12.2013,5:29 AM,1259.2,RHS,Rural,Tangutur,Rear End Collision, Lorry hit Lorry,Lorry,Minor injury,Fault of driver of motor vehicle/driver of other vehicle/cyclist/pedestrian/passenger,Four lanes or more with central divider,Straight road,,Fine,AP26Y    3569,YES,Non injured ,0
01.12.2013,5:29 AM,1259.2,RHS,Rural,Tangutur,Rear End Collision, Lorry hit Lorry,Lorry,Minor injury,Fault of driver of motor vehicle/driver of other vehicle/cyclist/pedestrian/passenger,Four lanes or more with central divider,Straight road,,Fine,AP26Y    3569,YES,Animals affected,0
01.12.2013,12:15 PM,1254.3,RHS,Rural,Ongole,Skidding,  Bike Skidding,Bike,Minor injury,Over speed,Four lanes or more with central divider,Straight road,,Fine,AP03AU   9862,YES,Fatal,0
01.12.2013,12:15 PM,1254.3,RHS,Rural,Ongole,Skidding,  Bike Skidding,Bike,Minor injury,Over speed,Four lanes or more with central divider,Straight road,,Fine,AP03AU   9862,YES,Grevious,0
01.12.2013,12:15 PM,1254.3,RHS,Rural,Ongole,Skidding,  Bike Skidding,Bike,Minor injury,Over speed,Four lanes or more with central divider,Straight road,,Fine,AP03AU   9862,YES,Minor,2
01.12.2013,12:15 PM,1254.3,RHS,Rural,Ongole,Skidding,  Bike Skidding,Bike,Minor injury,Over speed,Four lanes or more with central divider,Straight road,,Fine,AP03AU   9862,YES,Non injured ,0
01.12.2013,12:15 PM,1254.3,RHS,Rural,Ongole,Skidding,  Bike Skidding,Bike,Minor injury,Over speed,Four lanes or more with central divider,Straight road,,Fine,AP03AU   9862,YES,Animals affected,0
01.12.2013,5:25 PM,1246.6,RHS,Rural,Ongole,Rear End Collision,  Car hit Lorry,Car,Minor injury,Over speed,Four lanes or more with central divider,Straight road,,Fine,AP01P     3216,YES,Fatal,0
01.12.2013,5:25 PM,1246.6,RHS,Rural,Ongole,Rear End Collision,  Car hit Lorry,Car,Minor injury,Over speed,Four lanes or more with central divider,Straight road,,Fine,AP01P     3216,YES,Grevious,0
01.12.2013,5:25 PM,1246.6,RHS,Rural,Ongole,Rear End Collision,  Car hit Lorry,Car,Minor injury,Over speed,Four lanes or more with central divider,Straight road,,Fine,AP01P     3216,YES,Minor,2
01.12.2013,5:25 PM,1246.6,RHS,Rural,Ongole,Rear End Collision,  Car hit Lorry,Car,Minor injury,Over speed,Four lanes or more with central divider,Straight road,,Fine,AP01P     3216,YES,Non injured ,1
01.12.2013,5:25 PM,1246.6,RHS,Rural,Ongole,Rear End Collision,  Car hit Lorry,Car,Minor injury,Over speed,Four lanes or more with central divider,Straight road,,Fine,AP01P     3216,YES,Animals affected,0
02.12.2013,4:20 AM,1281.9,RHS,Rural,Singarayakonda,Collision Brush/Side Wipe, Lorry hit Median,Lorry,Non injury,Fault of driver of motor vehicle/driver of other vehicle/cyclist/pedestrian/passenger,Four lanes or more with central divider,Straight road,,Fine,TN69AE    6527,YES,Fatal,0
02.12.2013,4:20 AM,1281.9,RHS,Rural,Singarayakonda,Collision Brush/Side Wipe, Lorry hit Median,Lorry,Non injury,Fault of driver of motor vehicle/driver of other vehicle/cyclist/pedestrian/passenger,Four lanes or more with central divider,Straight road,,Fine,TN69AE    6527,YES,Grevious,0
02.12.2013,4:20 AM,1281.9,RHS,Rural,Singarayakonda,Collision Brush/Side Wipe, Lorry hit Median,Lorry,Non injury,Fault of driver of motor vehicle/driver of other vehicle/cyclist/pedestrian/passenger,Four lanes or more with central divider,Straight road,,Fine,TN69AE    6527,YES,Minor,0
02.12.2013,4:20 AM,1281.9,RHS,Rural,Singarayakonda,Collision Brush/Side Wipe, Lorry hit Median,Lorry,Non injury,Fault of driver of motor vehicle/driver of other vehicle/cyclist/pedestrian/passenger,Four lanes or more with central divider,Straight road,,Fine,TN69AE    6527,YES,Non injured ,1
02.12.2013,4:20 AM,1281.9,RHS,Rural,Singarayakonda,Collision Brush/Side Wipe, Lorry hit Median,Lorry,Non injury,Fault of driver of motor vehicle/driver of other vehicle/cyclist/pedestrian/passenger,Four lanes or more with central divider,Straight road,,Fine,TN69AE    6527,YES,Animals affected,0
03.12.2013,3:50 AM,1321.1,LHS,Rural,Kavali,Collision Brush/Side Wipe, Container Vehicle hit Median,Container,Non injury,Fault of driver of motor vehicle/driver of other vehicle/cyclist/pedestrian/passenger,Four lanes or more with central divider,Straight road,,Fine,TN03H   4569,YES,Fatal,0
03.12.2013,3:50 AM,1321.1,LHS,Rural,Kavali,Collision Brush/Side Wipe, Container Vehicle hit Median,Container,Non injury,Fault of driver of motor vehicle/driver of other vehicle/cyclist/pedestrian/passenger,Four lanes or more with central divider,Straight road,,Fine,TN03H   4569,YES,Grevious,0
03.12.2013,3:50 AM,1321.1,LHS,Rural,Kavali,Collision Brush/Side Wipe, Container Vehicle hit Median,Container,Non injury,Fault of driver of motor vehicle/driver of other vehicle/cyclist/pedestrian/passenger,Four lanes or more with central divider,Straight road,,Fine,TN03H   4569,YES,Minor,0
03.12.2013,3:50 AM,1321.1,LHS,Rural,Kavali,Collision Brush/Side Wipe, Container Vehicle hit Median,Container,Non injury,Fault of driver of motor vehicle/driver of other vehicle/cyclist/pedestrian/passenger,Four lanes or more with central divider,Straight road,,Fine,TN03H   4569,YES,Non injured ,2
03.12.2013,3:50 AM,1321.1,LHS,Rural,Kavali,Collision Brush/Side Wipe, Container Vehicle hit Median,Container,Non injury,Fault of driver of motor vehicle/driver of other vehicle/cyclist/pedestrian/passenger,Four lanes or more with central divider,Straight road,,Fine,TN03H   4569,YES,Animals affected,0
04.12.2013,2:03 AM,1315.1,RHS,Rural,Kavali,Others(p1.Specific), Car  Fall Down,Car,Non injury,Fault of driver of motor vehicle/driver of other vehicle/cyclist/pedestrian/passenger,Four lanes or more with central divider,Slight curve,,Fine,AP16BV    3294,YES,Fatal,0
04.12.2013,2:03 AM,1315.1,RHS,Rural,Kavali,Others(p1.Specific), Car  Fall Down,Car,Non injury,Fault of driver of motor vehicle/driver of other vehicle/cyclist/pedestrian/passenger,Four lanes or more with central divider,Slight curve,,Fine,AP16BV    3294,YES,Grevious,0
04.12.2013,2:03 AM,1315.1,RHS,Rural,Kavali,Others(p1.Specific), Car  Fall Down,Car,Non injury,Fault of driver of motor vehicle/driver of other vehicle/cyclist/pedestrian/passenger,Four lanes or more with central divider,Slight curve,,Fine,AP16BV    3294,YES,Minor,0
04.12.2013,2:03 AM,1315.1,RHS,Rural,Kavali,Others(p1.Specific), Car  Fall Down,Car,Non injury,Fault of driver of motor vehicle/driver of other vehicle/cyclist/pedestrian/passenger,Four lanes or more with central divider,Slight curve,,Fine,AP16BV    3294,YES,Non injured ,11
04.12.2013,2:03 AM,1315.1,RHS,Rural,Kavali,Others(p1.Specific), Car  Fall Down,Car,Non injury,Fault of driver of motor vehicle/driver of other vehicle/cyclist/pedestrian/passenger,Four lanes or more with central divider,Slight curve,,Fine,AP16BV    3294,YES,Animals affected,0
04.12.2013,6:30 PM,1265.4,RHS,Rural,Tangutur,Skidding,  Bike Skidding,Bike,Minor injury,Vehicle out of control,Four lanes or more with central divider,Straight road,,Fine,AP27AD  8745,YES,Fatal,0
04.12.2013,6:30 PM,1265.4,RHS,Rural,Tangutur,Skidding,  Bike Skidding,Bike,Minor injury,Vehicle out of control,Four lanes or more with central divider,Straight road,,Fine,AP27AD  8745,YES,Grevious,0
04.12.2013,6:30 PM,1265.4,RHS,Rural,Tangutur,Skidding,  Bike Skidding,Bike,Minor injury,Vehicle out of control,Four lanes or more with central divider,Straight road,,Fine,AP27AD  8745,YES,Minor,1
04.12.2013,6:30 PM,1265.4,RHS,Rural,Tangutur,Skidding,  Bike Skidding,Bike,Minor injury,Vehicle out of control,Four lanes or more with central divider,Straight road,,Fine,AP27AD  8745,YES,Non injured ,1
04.12.2013,6:30 PM,1265.4,RHS,Rural,Tangutur,Skidding,  Bike Skidding,Bike,Minor injury,Vehicle out of control,Four lanes or more with central divider,Straight road,,Fine,AP27AD  8745,YES,Animals affected,0
05.12.2013,2:06 PM,1345.2,LHS,Rural,Dagadarthi,Overturning, Container Vehicle  Overturned,Container,Minor injury,Fault of driver of motor vehicle/driver of other vehicle/cyclist/pedestrian/passenger,Four lanes or more with central divider,Straight road,,Fine,AP31TU  7104,YES,Fatal,0
05.12.2013,2:06 PM,1345.2,LHS,Rural,Dagadarthi,Overturning, Container Vehicle  Overturned,Container,Minor injury,Fault of driver of motor vehicle/driver of other vehicle/cyclist/pedestrian/passenger,Four lanes or more with central divider,Straight road,,Fine,AP31TU  7104,YES,Grevious,0
05.12.2013,2:06 PM,1345.2,LHS,Rural,Dagadarthi,Overturning, Container Vehicle  Overturned,Container,Minor injury,Fault of driver of motor vehicle/driver of other vehicle/cyclist/pedestrian/passenger,Four lanes or more with central divider,Straight road,,Fine,AP31TU  7104,YES,Minor,2
05.12.2013,2:06 PM,1345.2,LHS,Rural,Dagadarthi,Overturning, Container Vehicle  Overturned,Container,Minor injury,Fault of driver of motor vehicle/driver of other vehicle/cyclist/pedestrian/passenger,Four lanes or more with central divider,Straight road,,Fine,AP31TU  7104,YES,Non injured ,0
05.12.2013,2:06 PM,1345.2,LHS,Rural,Dagadarthi,Overturning, Container Vehicle  Overturned,Container,Minor injury,Fault of driver of motor vehicle/driver of other vehicle/cyclist/pedestrian/passenger,Four lanes or more with central divider,Straight road,,Fine,AP31TU  7104,YES,Animals affected,0
05.12.2013,4:10 PM,1196.2,LHS,Rural,Martur,Rear End Collision, Tipper hit  Bike,Lorry,Minor injury,Fault of driver of motor vehicle/driver of other vehicle/cyclist/pedestrian/passenger,Four lanes or more with central divider,Straight road,,Fine,AP27TT  6962,YES,Fatal,0
05.12.2013,4:10 PM,1196.2,LHS,Rural,Martur,Rear End Collision, Tipper hit  Bike,Lorry,Minor injury,Fault of driver of motor vehicle/driver of other vehicle/cyclist/pedestrian/passenger,Four lanes or more with central divider,Straight road,,Fine,AP27TT  6962,YES,Grevious,0
05.12.2013,4:10 PM,1196.2,LHS,Rural,Martur,Rear End Collision, Tipper hit  Bike,Lorry,Minor injury,Fault of driver of motor vehicle/driver of other vehicle/cyclist/pedestrian/passenger,Four lanes or more with central divider,Straight road,,Fine,AP27TT  6962,YES,Minor,1
05.12.2013,4:10 PM,1196.2,LHS,Rural,Martur,Rear End Collision, Tipper hit  Bike,Lorry,Minor injury,Fault of driver of motor vehicle/driver of other vehicle/cyclist/pedestrian/passenger,Four lanes or more with central divider,Straight road,,Fine,AP27TT  6962,YES,Non injured ,2
05.12.2013,4:10 PM,1196.2,LHS,Rural,Martur,Rear End Collision, Tipper hit  Bike,Lorry,Minor injury,Fault of driver of motor vehicle/driver of other vehicle/cyclist/pedestrian/passenger,Four lanes or more with central divider,Straight road,,Fine,AP27TT  6962,YES,Animals affected,0
06.12.2013,9:30 AM,1244.1,RHS,Urban,Ongole,Collision Brush/Side Wipe, Unknown Vehicle hit Pedestrian,Unknown,Fatal,Over speed,Four lanes or more with central divider,Straight road,,Fine,Unknown   Vehicle,YES,Fatal,1
06.12.2013,9:30 AM,1244.1,RHS,Urban,Ongole,Collision Brush/Side Wipe, Unknown Vehicle hit Pedestrian,Unknown,Fatal,Over speed,Four lanes or more with central divider,Straight road,,Fine,Unknown   Vehicle,YES,Grevious,0
06.12.2013,9:30 AM,1244.1,RHS,Urban,Ongole,Collision Brush/Side Wipe, Unknown Vehicle hit Pedestrian,Unknown,Fatal,Over speed,Four lanes or more with central divider,Straight road,,Fine,Unknown   Vehicle,YES,Minor,0
06.12.2013,9:30 AM,1244.1,RHS,Urban,Ongole,Collision Brush/Side Wipe, Unknown Vehicle hit Pedestrian,Unknown,Fatal,Over speed,Four lanes or more with central divider,Straight road,,Fine,Unknown   Vehicle,YES,Non injured ,0
06.12.2013,9:30 AM,1244.1,RHS,Urban,Ongole,Collision Brush/Side Wipe, Unknown Vehicle hit Pedestrian,Unknown,Fatal,Over speed,Four lanes or more with central divider,Straight road,,Fine,Unknown   Vehicle,YES,Animals affected,0
06.12.2013,12:00 PM,1272.1,RHS,Rural,Jarugumalli,Rear End Collision, Tata Ace Auto  hit Tractor,Tata Ace,Minor injury,Over speed,Four lanes or more with central divider,Straight road,,Fine,AP07CE 0507,YES,Fatal,0
06.12.2013,12:00 PM,1272.1,RHS,Rural,Jarugumalli,Rear End Collision, Tata Ace Auto  hit Tractor,Tata Ace,Minor injury,Over speed,Four lanes or more with central divider,Straight road,,Fine,AP07CE 0507,YES,Grevious,0
06.12.2013,12:00 PM,1272.1,RHS,Rural,Jarugumalli,Rear End Collision, Tata Ace Auto  hit Tractor,Tata Ace,Minor injury,Over speed,Four lanes or more with central divider,Straight road,,Fine,AP07CE 0507,YES,Minor,1
06.12.2013,12:00 PM,1272.1,RHS,Rural,Jarugumalli,Rear End Collision, Tata Ace Auto  hit Tractor,Tata Ace,Minor injury,Over speed,Four lanes or more with central divider,Straight road,,Fine,AP07CE 0507,YES,Non injured ,0
06.12.2013,12:00 PM,1272.1,RHS,Rural,Jarugumalli,Rear End Collision, Tata Ace Auto  hit Tractor,Tata Ace,Minor injury,Over speed,Four lanes or more with central divider,Straight road,,Fine,AP07CE 0507,YES,Animals affected,0
07.12.2013,10:45 AM,1302.3,RHS,Rural,Gudluru,Overturning, Bus      Overturned,Bus,Minor injury,Vehicle out of control,Four lanes or more with central divider,Straight road,,Fine,AP31TT   1899,YES,Fatal,0
07.12.2013,10:45 AM,1302.3,RHS,Rural,Gudluru,Overturning, Bus      Overturned,Bus,Minor injury,Vehicle out of control,Four lanes or more with central divider,Straight road,,Fine,AP31TT   1899,YES,Grevious,0
07.12.2013,10:45 AM,1302.3,RHS,Rural,Gudluru,Overturning, Bus      Overturned,Bus,Minor injury,Vehicle out of control,Four lanes or more with central divider,Straight road,,Fine,AP31TT   1899,YES,Minor,7
07.12.2013,10:45 AM,1302.3,RHS,Rural,Gudluru,Overturning, Bus      Overturned,Bus,Minor injury,Vehicle out of control,Four lanes or more with central divider,Straight road,,Fine,AP31TT   1899,YES,Non injured ,19
07.12.2013,10:45 AM,1302.3,RHS,Rural,Gudluru,Overturning, Bus      Overturned,Bus,Minor injury,Vehicle out of control,Four lanes or more with central divider,Straight road,,Fine,AP31TT   1899,YES,Animals affected,0
08.12.2013,4:10 AM,1238.2,LHS,Rural,Maddipadu,Overturning, Car      Overturned,Car,Grievious injury,Vehicle out of control,Four lanes or more with central divider,Straight road,,Fine,AP27N   0678,YES,Fatal,0
08.12.2013,4:10 AM,1238.2,LHS,Rural,Maddipadu,Overturning, Car      Overturned,Car,Grievious injury,Vehicle out of control,Four lanes or more with central divider,Straight road,,Fine,AP27N   0678,YES,Grevious,1
08.12.2013,4:10 AM,1238.2,LHS,Rural,Maddipadu,Overturning, Car      Overturned,Car,Grievious injury,Vehicle out of control,Four lanes or more with central divider,Straight road,,Fine,AP27N   0678,YES,Minor,2
08.12.2013,4:10 AM,1238.2,LHS,Rural,Maddipadu,Overturning, Car      Overturned,Car,Grievious injury,Vehicle out of control,Four lanes or more with central divider,Straight road,,Fine,AP27N   0678,YES,Non injured ,4
08.12.2013,4:10 AM,1238.2,LHS,Rural,Maddipadu,Overturning, Car      Overturned,Car,Grievious injury,Vehicle out of control,Four lanes or more with central divider,Straight road,,Fine,AP27N   0678,YES,Animals affected,0
08.12.2013,6:20 AM,1255.9,RHS,Rural,Tangutur,Overturning, Tractor Over turned ,Tractor,Minor injury,Vehicle out of control,Four lanes or more with central divider,Straight road,,Fine,AP27AA 4557,YES,Fatal,0
08.12.2013,6:20 AM,1255.9,RHS,Rural,Tangutur,Overturning, Tractor Over turned ,Tractor,Minor injury,Vehicle out of control,Four lanes or more with central divider,Straight road,,Fine,AP27AA 4557,YES,Grevious,0
08.12.2013,6:20 AM,1255.9,RHS,Rural,Tangutur,Overturning, Tractor Over turned ,Tractor,Minor injury,Vehicle out of control,Four lanes or more with central divider,Straight road,,Fine,AP27AA 4557,YES,Minor,0
08.12.2013,6:20 AM,1255.9,RHS,Rural,Tangutur,Overturning, Tractor Over turned ,Tractor,Minor injury,Vehicle out of control,Four lanes or more with central divider,Straight road,,Fine,AP27AA 4557,YES,Non injured ,1
08.12.2013,6:20 AM,1255.9,RHS,Rural,Tangutur,Overturning, Tractor Over turned ,Tractor,Minor injury,Vehicle out of control,Four lanes or more with central divider,Straight road,,Fine,AP27AA 4557,YES,Animals affected,0
08.12.2013,8:20 AM,1341.1,RHS,Rural,Dagadarthi,Skidding, Bike    skidding  ,Bike,Minor injury,Over speed,Four lanes or more with central divider,Straight road,,Fine,AP26R 4755,YES,Fatal,0
08.12.2013,8:20 AM,1341.1,RHS,Rural,Dagadarthi,Skidding, Bike    skidding  ,Bike,Minor injury,Over speed,Four lanes or more with central divider,Straight road,,Fine,AP26R 4755,YES,Grevious,0
08.12.2013,8:20 AM,1341.1,RHS,Rural,Dagadarthi,Skidding, Bike    skidding  ,Bike,Minor injury,Over speed,Four lanes or more with central divider,Straight road,,Fine,AP26R 4755,YES,Minor,1
08.12.2013,8:20 AM,1341.1,RHS,Rural,Dagadarthi,Skidding, Bike    skidding  ,Bike,Minor injury,Over speed,Four lanes or more with central divider,Straight road,,Fine,AP26R 4755,YES,Non injured ,1
08.12.2013,8:20 AM,1341.1,RHS,Rural,Dagadarthi,Skidding, Bike    skidding  ,Bike,Minor injury,Over speed,Four lanes or more with central divider,Straight road,,Fine,AP26R 4755,YES,Animals affected,0
08.12.2013,11:28 AM,1243.8,RHS,Rural,Ongole,Collision Brush/Side Wipe, Car hit Pedistrain,Car,Fatal,Fault of driver of motor vehicle/driver of other vehicle/cyclist/pedestrian/passenger,Four lanes or more with central divider,Straight road,,Fine,AP26AH 2556,YES,Fatal,1
08.12.2013,11:28 AM,1243.8,RHS,Rural,Ongole,Collision Brush/Side Wipe, Car hit Pedistrain,Car,Fatal,Fault of driver of motor vehicle/driver of other vehicle/cyclist/pedestrian/passenger,Four lanes or more with central divider,Straight road,,Fine,AP26AH 2556,YES,Grevious,0
08.12.2013,11:28 AM,1243.8,RHS,Rural,Ongole,Collision Brush/Side Wipe, Car hit Pedistrain,Car,Fatal,Fault of driver of motor vehicle/driver of other vehicle/cyclist/pedestrian/passenger,Four lanes or more with central divider,Straight road,,Fine,AP26AH 2556,YES,Minor,0
08.12.2013,11:28 AM,1243.8,RHS,Rural,Ongole,Collision Brush/Side Wipe, Car hit Pedistrain,Car,Fatal,Fault of driver of motor vehicle/driver of other vehicle/cyclist/pedestrian/passenger,Four lanes or more with central divider,Straight road,,Fine,AP26AH 2556,YES,Non injured ,2
08.12.2013,11:28 AM,1243.8,RHS,Rural,Ongole,Collision Brush/Side Wipe, Car hit Pedistrain,Car,Fatal,Fault of driver of motor vehicle/driver of other vehicle/cyclist/pedestrian/passenger,Four lanes or more with central divider,Straight road,,Fine,AP26AH 2556,YES,Animals affected,0
08.12.2013,11:10 PM,1265.7,LHS,Rural,Tangutur,Overturning, Lorry Over turned ,Lorry,Minor injury,Druken,Four lanes or more with central divider,Straight road,,Fine,TN04Q 8453,YES,Fatal,0
08.12.2013,11:10 PM,1265.7,LHS,Rural,Tangutur,Overturning, Lorry Over turned ,Lorry,Minor injury,Druken,Four lanes or more with central divider,Straight road,,Fine,TN04Q 8453,YES,Grevious,0
08.12.2013,11:10 PM,1265.7,LHS,Rural,Tangutur,Overturning, Lorry Over turned ,Lorry,Minor injury,Druken,Four lanes or more with central divider,Straight road,,Fine,TN04Q 8453,YES,Minor,1
08.12.2013,11:10 PM,1265.7,LHS,Rural,Tangutur,Overturning, Lorry Over turned ,Lorry,Minor injury,Druken,Four lanes or more with central divider,Straight road,,Fine,TN04Q 8453,YES,Non injured ,0
08.12.2013,11:10 PM,1265.7,LHS,Rural,Tangutur,Overturning, Lorry Over turned ,Lorry,Minor injury,Druken,Four lanes or more with central divider,Straight road,,Fine,TN04Q 8453,YES,Animals affected,0
10.12.2013,9:50 PM,1243.3,LHS,Rural,Ongole,Rear End Collision, Car hit Unknown Vehicle,Car,Non injury,Over speed,Four lanes or more with central divider,Straight road,,Fine,AP26AS   1345,YES,Fatal,0
10.12.2013,9:50 PM,1243.3,LHS,Rural,Ongole,Rear End Collision, Car hit Unknown Vehicle,Car,Non injury,Over speed,Four lanes or more with central divider,Straight road,,Fine,AP26AS   1345,YES,Grevious,0
10.12.2013,9:50 PM,1243.3,LHS,Rural,Ongole,Rear End Collision, Car hit Unknown Vehicle,Car,Non injury,Over speed,Four lanes or more with central divider,Straight road,,Fine,AP26AS   1345,YES,Minor,0
10.12.2013,9:50 PM,1243.3,LHS,Rural,Ongole,Rear End Collision, Car hit Unknown Vehicle,Car,Non injury,Over speed,Four lanes or more with central divider,Straight road,,Fine,AP26AS   1345,YES,Non injured ,2
10.12.2013,9:50 PM,1243.3,LHS,Rural,Ongole,Rear End Collision, Car hit Unknown Vehicle,Car,Non injury,Over speed,Four lanes or more with central divider,Straight road,,Fine,AP26AS   1345,YES,Animals affected,0
11.12.2013,12:15 AM,1233.5,RHS,Rural,Maddipadu,Collision Brush/Side Wipe, Bike hit Tractor,Bike,Fatal,Over speed,Four lanes or more with central divider,Straight road,Four arm junction,Fine,AP27L    8654,YES,Fatal,1
11.12.2013,12:15 AM,1233.5,RHS,Rural,Maddipadu,Collision Brush/Side Wipe, Bike hit Tractor,Bike,Fatal,Over speed,Four lanes or more with central divider,Straight road,Four arm junction,Fine,AP27L    8654,YES,Grevious,0
11.12.2013,12:15 AM,1233.5,RHS,Rural,Maddipadu,Collision Brush/Side Wipe, Bike hit Tractor,Bike,Fatal,Over speed,Four lanes or more with central divider,Straight road,Four arm junction,Fine,AP27L    8654,YES,Minor,0
11.12.2013,12:15 AM,1233.5,RHS,Rural,Maddipadu,Collision Brush/Side Wipe, Bike hit Tractor,Bike,Fatal,Over speed,Four lanes or more with central divider,Straight road,Four arm junction,Fine,AP27L    8654,YES,Non injured ,1
11.12.2013,12:15 AM,1233.5,RHS,Rural,Maddipadu,Collision Brush/Side Wipe, Bike hit Tractor,Bike,Fatal,Over speed,Four lanes or more with central divider,Straight road,Four arm junction,Fine,AP27L    8654,YES,Animals affected,0
11.12.2013,2:45 PM,1340.9,RHS,Rural,Dagadarthi,Rear End Collision, RTC Bus hit    Tractor,Bus,Non injury,Fault of driver of motor vehicle/driver of other vehicle/cyclist/pedestrian/passenger,Four lanes or more with central divider,Straight road,,Fine,AP29Z  578,YES,Fatal,0
11.12.2013,2:45 PM,1340.9,RHS,Rural,Dagadarthi,Rear End Collision, RTC Bus hit    Tractor,Bus,Non injury,Fault of driver of motor vehicle/driver of other vehicle/cyclist/pedestrian/passenger,Four lanes or more with central divider,Straight road,,Fine,AP29Z  578,YES,Grevious,0
11.12.2013,2:45 PM,1340.9,RHS,Rural,Dagadarthi,Rear End Collision, RTC Bus hit    Tractor,Bus,Non injury,Fault of driver of motor vehicle/driver of other vehicle/cyclist/pedestrian/passenger,Four lanes or more with central divider,Straight road,,Fine,AP29Z  578,YES,Minor,0
11.12.2013,2:45 PM,1340.9,RHS,Rural,Dagadarthi,Rear End Collision, RTC Bus hit    Tractor,Bus,Non injury,Fault of driver of motor vehicle/driver of other vehicle/cyclist/pedestrian/passenger,Four lanes or more with central divider,Straight road,,Fine,AP29Z  578,YES,Non injured ,32
11.12.2013,2:45 PM,1340.9,RHS,Rural,Dagadarthi,Rear End Collision, RTC Bus hit    Tractor,Bus,Non injury,Fault of driver of motor vehicle/driver of other vehicle/cyclist/pedestrian/passenger,Four lanes or more with central divider,Straight road,,Fine,AP29Z  578,YES,Animals affected,0
12.12.2013,11:55 AM,1358.8,RHS,Rural,Kodavaluru,Collision Brush/Side Wipe, Mini Lorry hit Unknown Vehicle,Lorry,Minor injury,Over speed,Four lanes or more with central divider,Straight road,,Fine,AP26TV  0960,YES,Fatal,0
12.12.2013,11:55 AM,1358.8,RHS,Rural,Kodavaluru,Collision Brush/Side Wipe, Mini Lorry hit Unknown Vehicle,Lorry,Minor injury,Over speed,Four lanes or more with central divider,Straight road,,Fine,AP26TV  0960,YES,Grevious,0
12.12.2013,11:55 AM,1358.8,RHS,Rural,Kodavaluru,Collision Brush/Side Wipe, Mini Lorry hit Unknown Vehicle,Lorry,Minor injury,Over speed,Four lanes or more with central divider,Straight road,,Fine,AP26TV  0960,YES,Minor,1
12.12.2013,11:55 AM,1358.8,RHS,Rural,Kodavaluru,Collision Brush/Side Wipe, Mini Lorry hit Unknown Vehicle,Lorry,Minor injury,Over speed,Four lanes or more with central divider,Straight road,,Fine,AP26TV  0960,YES,Non injured ,2
12.12.2013,11:55 AM,1358.8,RHS,Rural,Kodavaluru,Collision Brush/Side Wipe, Mini Lorry hit Unknown Vehicle,Lorry,Minor injury,Over speed,Four lanes or more with central divider,Straight road,,Fine,AP26TV  0960,YES,Animals affected,0
12.12.2013,3:10 PM,1204,LHS,Rural,Reningavaram,Collision Brush/Side Wipe, Bike hit    Bike  ,Bike,Minor injury,Over speed,Four lanes or more with central divider,Straight road,,Fine,AP27AJ 4084,YES,Fatal,0
12.12.2013,3:10 PM,1204,LHS,Rural,Reningavaram,Collision Brush/Side Wipe, Bike hit    Bike  ,Bike,Minor injury,Over speed,Four lanes or more with central divider,Straight road,,Fine,AP27AJ 4084,YES,Grevious,0
12.12.2013,3:10 PM,1204,LHS,Rural,Reningavaram,Collision Brush/Side Wipe, Bike hit    Bike  ,Bike,Minor injury,Over speed,Four lanes or more with central divider,Straight road,,Fine,AP27AJ 4084,YES,Minor,2
12.12.2013,3:10 PM,1204,LHS,Rural,Reningavaram,Collision Brush/Side Wipe, Bike hit    Bike  ,Bike,Minor injury,Over speed,Four lanes or more with central divider,Straight road,,Fine,AP27AJ 4084,YES,Non injured ,0