Operational date,Time of Accident,KM && M,Position,Rural/Urban,Location,Nature of Accident Position,Nature of Accident,Vehicle Involved,Type of Accident,Causes,Road Feature,Road condition,Intersection Type And Control,Weather Condition,Vehicle Responsible,Help Provided by Ambulance/Patroling Vehicle,Classification of Accident,No of Affected Persons
12.12.2013,3:10 PM,1204,LHS,Rural,Reningavaram,Collision Brush/Side Wipe, Bike hit    Bike  ,Bike,Minor injury,Over speed,Four lanes or more with central divider,Straight road,,Fine,AP27AJ 4084,YES,Animals affected,0
14.12.2013,1:08 PM,1275.3,LHS,Rural,Singarayakonda,Head on collision, Lorry hit Unknown Vehicle,Lorry,Non injury,Fault of driver of motor vehicle/driver of other vehicle/cyclist/pedestrian/passenger,Four lanes or more with central divider,Straight road,,Fine,AP07TD   659,YES,Fatal,0
14.12.2013,1:08 PM,1275.3,LHS,Rural,Singarayakonda,Head on collision, Lorry hit Unknown Vehicle,Lorry,Non injury,Fault of driver of motor vehicle/driver of other vehicle/cyclist/pedestrian/passenger,Four lanes or more with central divider,Straight road,,Fine,AP07TD   659,YES,Grevious,0
14.12.2013,1:08 PM,1275.3,LHS,Rural,Singarayakonda,Head on collision, Lorry hit Unknown Vehicle,Lorry,Non injury,Fault of driver of motor vehicle/driver of other vehicle/cyclist/pedestrian/passenger,Four lanes or more with central divider,Straight road,,Fine,AP07TD   659,YES,Minor,0
14.12.2013,1:08 PM,1275.3,LHS,Rural,Singarayakonda,Head on collision, Lorry hit Unknown Vehicle,Lorry,Non injury,Fault of driver of motor vehicle/driver of other vehicle/cyclist/pedestrian/passenger,Four lanes or more with central divider,Straight road,,Fine,AP07TD   659,YES,Non injured ,2
14.12.2013,1:08 PM,1275.3,LHS,Rural,Singarayakonda,Head on collision, Lorry hit Unknown Vehicle,Lorry,Non injury,Fault of driver of motor vehicle/driver of other vehicle/cyclist/pedestrian/passenger,Four lanes or more with central divider,Straight road,,Fine,AP07TD   659,YES,Animals affected,0
14.12.2013,2:50 PM,1311.2,RHS,Rural,Kavali,Collision Brush/Side Wipe, Lorry hit    Tractor,Lorry,Grievious injury,Fault of driver of motor vehicle/driver of other vehicle/cyclist/pedestrian/passenger,Four lanes or more with central divider,Straight road,,Fine,WB41C    2590,YES,Fatal,0
14.12.2013,2:50 PM,1311.2,RHS,Rural,Kavali,Collision Brush/Side Wipe, Lorry hit    Tractor,Lorry,Grievious injury,Fault of driver of motor vehicle/driver of other vehicle/cyclist/pedestrian/passenger,Four lanes or more with central divider,Straight road,,Fine,WB41C    2590,YES,Grevious,1
14.12.2013,2:50 PM,1311.2,RHS,Rural,Kavali,Collision Brush/Side Wipe, Lorry hit    Tractor,Lorry,Grievious injury,Fault of driver of motor vehicle/driver of other vehicle/cyclist/pedestrian/passenger,Four lanes or more with central divider,Straight road,,Fine,WB41C    2590,YES,Minor,0
14.12.2013,2:50 PM,1311.2,RHS,Rural,Kavali,Collision Brush/Side Wipe, Lorry hit    Tractor,Lorry,Grievious injury,Fault of driver of motor vehicle/driver of other vehicle/cyclist/pedestrian/passenger,Four lanes or more with central divider,Straight road,,Fine,WB41C    2590,YES,Non injured ,1
14.12.2013,2:50 PM,1311.2,RHS,Rural,Kavali,Collision Brush/Side Wipe, Lorry hit    Tractor,Lorry,Grievious injury,Fault of driver of motor vehicle/driver of other vehicle/cyclist/pedestrian/passenger,Four lanes or more with central divider,Straight road,,Fine,WB41C    2590,YES,Animals affected,0
15.12.2013,11:40 AM,1334.5,LHS,Rural,Kavali,Rear End Collision, Container Vehicle hit Unknown Vehicle,Container,Non injury,Over speed,Four lanes or more with central divider,Straight road,,Fine,MH04EL     3178,YES,Fatal,0
15.12.2013,11:40 AM,1334.5,LHS,Rural,Kavali,Rear End Collision, Container Vehicle hit Unknown Vehicle,Container,Non injury,Over speed,Four lanes or more with central divider,Straight road,,Fine,MH04EL     3178,YES,Grevious,0
15.12.2013,11:40 AM,1334.5,LHS,Rural,Kavali,Rear End Collision, Container Vehicle hit Unknown Vehicle,Container,Non injury,Over speed,Four lanes or more with central divider,Straight road,,Fine,MH04EL     3178,YES,Minor,0
15.12.2013,11:40 AM,1334.5,LHS,Rural,Kavali,Rear End Collision, Container Vehicle hit Unknown Vehicle,Container,Non injury,Over speed,Four lanes or more with central divider,Straight road,,Fine,MH04EL     3178,YES,Non injured ,2
15.12.2013,11:40 AM,1334.5,LHS,Rural,Kavali,Rear End Collision, Container Vehicle hit Unknown Vehicle,Container,Non injury,Over speed,Four lanes or more with central divider,Straight road,,Fine,MH04EL     3178,YES,Animals affected,0
15.12.2013,6:33 PM,1342.6,LHS,Rural,Dagadarthi,Collision Brush/Side Wipe, Unknown Vehicle hit Pedestrian,Unknown,Grievious injury,Fault of driver of motor vehicle/driver of other vehicle/cyclist/pedestrian/passenger,Four lanes or more with central divider,Sharp curve,,Fine,Unknown   Vehicle,YES,Fatal,0
15.12.2013,6:33 PM,1342.6,LHS,Rural,Dagadarthi,Collision Brush/Side Wipe, Unknown Vehicle hit Pedestrian,Unknown,Grievious injury,Fault of driver of motor vehicle/driver of other vehicle/cyclist/pedestrian/passenger,Four lanes or more with central divider,Sharp curve,,Fine,Unknown   Vehicle,YES,Grevious,1
15.12.2013,6:33 PM,1342.6,LHS,Rural,Dagadarthi,Collision Brush/Side Wipe, Unknown Vehicle hit Pedestrian,Unknown,Grievious injury,Fault of driver of motor vehicle/driver of other vehicle/cyclist/pedestrian/passenger,Four lanes or more with central divider,Sharp curve,,Fine,Unknown   Vehicle,YES,Minor,0
15.12.2013,6:33 PM,1342.6,LHS,Rural,Dagadarthi,Collision Brush/Side Wipe, Unknown Vehicle hit Pedestrian,Unknown,Grievious injury,Fault of driver of motor vehicle/driver of other vehicle/cyclist/pedestrian/passenger,Four lanes or more with central divider,Sharp curve,,Fine,Unknown   Vehicle,YES,Non injured ,0
15.12.2013,6:33 PM,1342.6,LHS,Rural,Dagadarthi,Collision Brush/Side Wipe, Unknown Vehicle hit Pedestrian,Unknown,Grievious injury,Fault of driver of motor vehicle/driver of other vehicle/cyclist/pedestrian/passenger,Four lanes or more with central divider,Sharp curve,,Fine,Unknown   Vehicle,YES,Animals affected,0
16.12.2013,6:45 PM,1337.7,LHS,Rural,K.Tippa ,Collision Brush/Side Wipe, Lorry hit Car,Lorry,Non injury,Over speed,Four lanes or more with central divider,Straight road,,Fine,MP04HE  1395,YES,Fatal,0
16.12.2013,6:45 PM,1337.7,LHS,Rural,K.Tippa ,Collision Brush/Side Wipe, Lorry hit Car,Lorry,Non injury,Over speed,Four lanes or more with central divider,Straight road,,Fine,MP04HE  1395,YES,Grevious,0
16.12.2013,6:45 PM,1337.7,LHS,Rural,K.Tippa ,Collision Brush/Side Wipe, Lorry hit Car,Lorry,Non injury,Over speed,Four lanes or more with central divider,Straight road,,Fine,MP04HE  1395,YES,Minor,0
16.12.2013,6:45 PM,1337.7,LHS,Rural,K.Tippa ,Collision Brush/Side Wipe, Lorry hit Car,Lorry,Non injury,Over speed,Four lanes or more with central divider,Straight road,,Fine,MP04HE  1395,YES,Non injured ,3
16.12.2013,6:45 PM,1337.7,LHS,Rural,K.Tippa ,Collision Brush/Side Wipe, Lorry hit Car,Lorry,Non injury,Over speed,Four lanes or more with central divider,Straight road,,Fine,MP04HE  1395,YES,Animals affected,0
16.12.2013,11:15 PM,1334.5,RHS,Rural,K.Tippa ,Overturning, Auto Over Turned,Auto,Grievious injury,Fault of driver of motor vehicle/driver of other vehicle/cyclist/pedestrian/passenger,Four lanes or more with central divider,Straight road,,Fine,AP27TU  8214,YES,Fatal,0
16.12.2013,11:15 PM,1334.5,RHS,Rural,K.Tippa ,Overturning, Auto Over Turned,Auto,Grievious injury,Fault of driver of motor vehicle/driver of other vehicle/cyclist/pedestrian/passenger,Four lanes or more with central divider,Straight road,,Fine,AP27TU  8214,YES,Grevious,1
16.12.2013,11:15 PM,1334.5,RHS,Rural,K.Tippa ,Overturning, Auto Over Turned,Auto,Grievious injury,Fault of driver of motor vehicle/driver of other vehicle/cyclist/pedestrian/passenger,Four lanes or more with central divider,Straight road,,Fine,AP27TU  8214,YES,Minor,1
16.12.2013,11:15 PM,1334.5,RHS,Rural,K.Tippa ,Overturning, Auto Over Turned,Auto,Grievious injury,Fault of driver of motor vehicle/driver of other vehicle/cyclist/pedestrian/passenger,Four lanes or more with central divider,Straight road,,Fine,AP27TU  8214,YES,Non injured ,0
16.12.2013,11:15 PM,1334.5,RHS,Rural,K.Tippa ,Overturning, Auto Over Turned,Auto,Grievious injury,Fault of driver of motor vehicle/driver of other vehicle/cyclist/pedestrian/passenger,Four lanes or more with central divider,Straight road,,Fine,AP27TU  8214,YES,Animals affected,0
17.12.2013,4:10 AM,1204.9,RHS,Rural,Reningavaram,Collision Brush/Side Wipe, Mini Lorry hit Safety wall,Lorry,Non injury,Over speed,Four lanes or more with central divider,Straight road,,Fine,AP20CC   2759,YES,Fatal,0
17.12.2013,4:10 AM,1204.9,RHS,Rural,Reningavaram,Collision Brush/Side Wipe, Mini Lorry hit Safety wall,Lorry,Non injury,Over speed,Four lanes or more with central divider,Straight road,,Fine,AP20CC   2759,YES,Grevious,0
17.12.2013,4:10 AM,1204.9,RHS,Rural,Reningavaram,Collision Brush/Side Wipe, Mini Lorry hit Safety wall,Lorry,Non injury,Over speed,Four lanes or more with central divider,Straight road,,Fine,AP20CC   2759,YES,Minor,0
17.12.2013,4:10 AM,1204.9,RHS,Rural,Reningavaram,Collision Brush/Side Wipe, Mini Lorry hit Safety wall,Lorry,Non injury,Over speed,Four lanes or more with central divider,Straight road,,Fine,AP20CC   2759,YES,Non injured ,2
17.12.2013,4:10 AM,1204.9,RHS,Rural,Reningavaram,Collision Brush/Side Wipe, Mini Lorry hit Safety wall,Lorry,Non injury,Over speed,Four lanes or more with central divider,Straight road,,Fine,AP20CC   2759,YES,Animals affected,0
17.12.2013,9:32 AM,1203.2,LHS,Rural,Reningavaram,Overturning, Harvester Overturned,Harvester,Non injury,Fault of driver of motor vehicle/driver of other vehicle/cyclist/pedestrian/passenger,Four lanes or more with central divider,Straight road,,Fine,TN54Y    1225,YES,Fatal,0
17.12.2013,9:32 AM,1203.2,LHS,Rural,Reningavaram,Overturning, Harvester Overturned,Harvester,Non injury,Fault of driver of motor vehicle/driver of other vehicle/cyclist/pedestrian/passenger,Four lanes or more with central divider,Straight road,,Fine,TN54Y    1225,YES,Grevious,0
17.12.2013,9:32 AM,1203.2,LHS,Rural,Reningavaram,Overturning, Harvester Overturned,Harvester,Non injury,Fault of driver of motor vehicle/driver of other vehicle/cyclist/pedestrian/passenger,Four lanes or more with central divider,Straight road,,Fine,TN54Y    1225,YES,Minor,0
17.12.2013,9:32 AM,1203.2,LHS,Rural,Reningavaram,Overturning, Harvester Overturned,Harvester,Non injury,Fault of driver of motor vehicle/driver of other vehicle/cyclist/pedestrian/passenger,Four lanes or more with central divider,Straight road,,Fine,TN54Y    1225,YES,Non injured ,2
17.12.2013,9:32 AM,1203.2,LHS,Rural,Reningavaram,Overturning, Harvester Overturned,Harvester,Non injury,Fault of driver of motor vehicle/driver of other vehicle/cyclist/pedestrian/passenger,Four lanes or more with central divider,Straight road,,Fine,TN54Y    1225,YES,Animals affected,0
17.12.2013,11:27 AM,1263.8,LHS,Rural,Tangutur,Collision Brush/Side Wipe, Tralley Lorry  hit Pedestrian,Lorry,Fatal,Fault of driver of motor vehicle/driver of other vehicle/cyclist/pedestrian/passenger,Three lanes or more without central divider(median),Straight road,,Fine,AP27TW  2579,YES,Fatal,1
17.12.2013,11:27 AM,1263.8,LHS,Rural,Tangutur,Collision Brush/Side Wipe, Tralley Lorry  hit Pedestrian,Lorry,Fatal,Fault of driver of motor vehicle/driver of other vehicle/cyclist/pedestrian/passenger,Three lanes or more without central divider(median),Straight road,,Fine,AP27TW  2579,YES,Grevious,0
17.12.2013,11:27 AM,1263.8,LHS,Rural,Tangutur,Collision Brush/Side Wipe, Tralley Lorry  hit Pedestrian,Lorry,Fatal,Fault of driver of motor vehicle/driver of other vehicle/cyclist/pedestrian/passenger,Three lanes or more without central divider(median),Straight road,,Fine,AP27TW  2579,YES,Minor,0
17.12.2013,11:27 AM,1263.8,LHS,Rural,Tangutur,Collision Brush/Side Wipe, Tralley Lorry  hit Pedestrian,Lorry,Fatal,Fault of driver of motor vehicle/driver of other vehicle/cyclist/pedestrian/passenger,Three lanes or more without central divider(median),Straight road,,Fine,AP27TW  2579,YES,Non injured ,1
17.12.2013,11:27 AM,1263.8,LHS,Rural,Tangutur,Collision Brush/Side Wipe, Tralley Lorry  hit Pedestrian,Lorry,Fatal,Fault of driver of motor vehicle/driver of other vehicle/cyclist/pedestrian/passenger,Three lanes or more without central divider(median),Straight road,,Fine,AP27TW  2579,YES,Animals affected,0
18.12.2013,5:50 AM,1245.8,RHS,Urban,Ongole,Rear End Collision, Lorry hit Container Vehicle ,Lorry,Non injury,Fault of driver of motor vehicle/driver of other vehicle/cyclist/pedestrian/passenger,Four lanes or more with central divider,Straight road,,Fine,AP16TE    0469,YES,Fatal,0
18.12.2013,5:50 AM,1245.8,RHS,Urban,Ongole,Rear End Collision, Lorry hit Container Vehicle ,Lorry,Non injury,Fault of driver of motor vehicle/driver of other vehicle/cyclist/pedestrian/passenger,Four lanes or more with central divider,Straight road,,Fine,AP16TE    0469,YES,Grevious,0
18.12.2013,5:50 AM,1245.8,RHS,Urban,Ongole,Rear End Collision, Lorry hit Container Vehicle ,Lorry,Non injury,Fault of driver of motor vehicle/driver of other vehicle/cyclist/pedestrian/passenger,Four lanes or more with central divider,Straight road,,Fine,AP16TE    0469,YES,Minor,0
18.12.2013,5:50 AM,1245.8,RHS,Urban,Ongole,Rear End Collision, Lorry hit Container Vehicle ,Lorry,Non injury,Fault of driver of motor vehicle/driver of other vehicle/cyclist/pedestrian/passenger,Four lanes or more with central divider,Straight road,,Fine,AP16TE    0469,YES,Non injured ,2
18.12.2013,5:50 AM,1245.8,RHS,Urban,Ongole,Rear End Collision, Lorry hit Container Vehicle ,Lorry,Non injury,Fault of driver of motor vehicle/driver of other vehicle/cyclist/pedestrian/passenger,Four lanes or more with central divider,Straight road,,Fine,AP16TE    0469,YES,Animals affected,0
18.12.2013,6:45 PM,1311.4,RHS,Rural,Kavali,Overturning, Auto Over Turned,Auto,Grievious injury,Over speed,Four lanes or more with central divider,Slight curve,,Fine,AP27TT 8319,YES,Fatal,0
18.12.2013,6:45 PM,1311.4,RHS,Rural,Kavali,Overturning, Auto Over Turned,Auto,Grievious injury,Over speed,Four lanes or more with central divider,Slight curve,,Fine,AP27TT 8319,YES,Grevious,3
18.12.2013,6:45 PM,1311.4,RHS,Rural,Kavali,Overturning, Auto Over Turned,Auto,Grievious injury,Over speed,Four lanes or more with central divider,Slight curve,,Fine,AP27TT 8319,YES,Minor,0
18.12.2013,6:45 PM,1311.4,RHS,Rural,Kavali,Overturning, Auto Over Turned,Auto,Grievious injury,Over speed,Four lanes or more with central divider,Slight curve,,Fine,AP27TT 8319,YES,Non injured ,0
18.12.2013,6:45 PM,1311.4,RHS,Rural,Kavali,Overturning, Auto Over Turned,Auto,Grievious injury,Over speed,Four lanes or more with central divider,Slight curve,,Fine,AP27TT 8319,YES,Animals affected,0
19.12.2013,7:00 AM,1332.8,RHS,Rural,K.Tippa ,Collision Brush/Side Wipe, Lorry hit Safety wall,Lorry,Non injury,Over speed,Four lanes or more with central divider,Straight road,,Fine,TN57TJ    3043,YES,Fatal,0
19.12.2013,7:00 AM,1332.8,RHS,Rural,K.Tippa ,Collision Brush/Side Wipe, Lorry hit Safety wall,Lorry,Non injury,Over speed,Four lanes or more with central divider,Straight road,,Fine,TN57TJ    3043,YES,Grevious,0
19.12.2013,7:00 AM,1332.8,RHS,Rural,K.Tippa ,Collision Brush/Side Wipe, Lorry hit Safety wall,Lorry,Non injury,Over speed,Four lanes or more with central divider,Straight road,,Fine,TN57TJ    3043,YES,Minor,0
19.12.2013,7:00 AM,1332.8,RHS,Rural,K.Tippa ,Collision Brush/Side Wipe, Lorry hit Safety wall,Lorry,Non injury,Over speed,Four lanes or more with central divider,Straight road,,Fine,TN57TJ    3043,YES,Non injured ,2
19.12.2013,7:00 AM,1332.8,RHS,Rural,K.Tippa ,Collision Brush/Side Wipe, Lorry hit Safety wall,Lorry,Non injury,Over speed,Four lanes or more with central divider,Straight road,,Fine,TN57TJ    3043,YES,Animals affected,0
20.12.2013,3:03 PM,1333.4,RHS,Rural,K.Tippa ,Collision Brush/Side Wipe, Bus hit       Car,Bus,Non injury,Over speed,Four lanes or more with central divider,Straight road,,Fine,AP27Z  2199,YES,Fatal,0
20.12.2013,3:03 PM,1333.4,RHS,Rural,K.Tippa ,Collision Brush/Side Wipe, Bus hit       Car,Bus,Non injury,Over speed,Four lanes or more with central divider,Straight road,,Fine,AP27Z  2199,YES,Grevious,0
20.12.2013,3:03 PM,1333.4,RHS,Rural,K.Tippa ,Collision Brush/Side Wipe, Bus hit       Car,Bus,Non injury,Over speed,Four lanes or more with central divider,Straight road,,Fine,AP27Z  2199,YES,Minor,0
20.12.2013,3:03 PM,1333.4,RHS,Rural,K.Tippa ,Collision Brush/Side Wipe, Bus hit       Car,Bus,Non injury,Over speed,Four lanes or more with central divider,Straight road,,Fine,AP27Z  2199,YES,Non injured ,2
20.12.2013,3:03 PM,1333.4,RHS,Rural,K.Tippa ,Collision Brush/Side Wipe, Bus hit       Car,Bus,Non injury,Over speed,Four lanes or more with central divider,Straight road,,Fine,AP27Z  2199,YES,Animals affected,0
20.12.2013,5:05 PM,1205.4,RHS,Rural,Reningavaram,Overturning, Auto Over turned,Auto,Minor injury,Over speed,Four lanes or more with central divider,Straight road,,Fine,AP27TW 1308,YES,Fatal,0
20.12.2013,5:05 PM,1205.4,RHS,Rural,Reningavaram,Overturning, Auto Over turned,Auto,Minor injury,Over speed,Four lanes or more with central divider,Straight road,,Fine,AP27TW 1308,YES,Grevious,0
20.12.2013,5:05 PM,1205.4,RHS,Rural,Reningavaram,Overturning, Auto Over turned,Auto,Minor injury,Over speed,Four lanes or more with central divider,Straight road,,Fine,AP27TW 1308,YES,Minor,1
20.12.2013,5:05 PM,1205.4,RHS,Rural,Reningavaram,Overturning, Auto Over turned,Auto,Minor injury,Over speed,Four lanes or more with central divider,Straight road,,Fine,AP27TW 1308,YES,Non injured ,0
20.12.2013,5:05 PM,1205.4,RHS,Rural,Reningavaram,Overturning, Auto Over turned,Auto,Minor injury,Over speed,Four lanes or more with central divider,Straight road,,Fine,AP27TW 1308,YES,Animals affected,0
20.12.2013,10:50 PM,1343.9,LHS,Rural,Dagadarthi,Rear End Collision, Lorry hit Lorry ,Lorry,Minor injury,Over speed,Four lanes or more with central divider,Straight road,,Fine,AP29TA 7698,YES,Fatal,0
20.12.2013,10:50 PM,1343.9,LHS,Rural,Dagadarthi,Rear End Collision, Lorry hit Lorry ,Lorry,Minor injury,Over speed,Four lanes or more with central divider,Straight road,,Fine,AP29TA 7698,YES,Grevious,0
20.12.2013,10:50 PM,1343.9,LHS,Rural,Dagadarthi,Rear End Collision, Lorry hit Lorry ,Lorry,Minor injury,Over speed,Four lanes or more with central divider,Straight road,,Fine,AP29TA 7698,YES,Minor,1
20.12.2013,10:50 PM,1343.9,LHS,Rural,Dagadarthi,Rear End Collision, Lorry hit Lorry ,Lorry,Minor injury,Over speed,Four lanes or more with central divider,Straight road,,Fine,AP29TA 7698,YES,Non injured ,2
20.12.2013,10:50 PM,1343.9,LHS,Rural,Dagadarthi,Rear End Collision, Lorry hit Lorry ,Lorry,Minor injury,Over speed,Four lanes or more with central divider,Straight road,,Fine,AP29TA 7698,YES,Animals affected,0
21.12.2013,9:55 AM,1274.3,LHS,Rural,Singarayakonda,Rear End Collision, Lorry hit Auto ,Lorry,Grievious injury,Over speed,Four lanes or more with central divider,Straight road,,Fine,TN36F    6171,YES,Fatal,1
21.12.2013,9:55 AM,1274.3,LHS,Rural,Singarayakonda,Rear End Collision, Lorry hit Auto ,Lorry,Grievious injury,Over speed,Four lanes or more with central divider,Straight road,,Fine,TN36F    6171,YES,Grevious,0
21.12.2013,9:55 AM,1274.3,LHS,Rural,Singarayakonda,Rear End Collision, Lorry hit Auto ,Lorry,Grievious injury,Over speed,Four lanes or more with central divider,Straight road,,Fine,TN36F    6171,YES,Minor,6
21.12.2013,9:55 AM,1274.3,LHS,Rural,Singarayakonda,Rear End Collision, Lorry hit Auto ,Lorry,Grievious injury,Over speed,Four lanes or more with central divider,Straight road,,Fine,TN36F    6171,YES,Non injured ,0
21.12.2013,9:55 AM,1274.3,LHS,Rural,Singarayakonda,Rear End Collision, Lorry hit Auto ,Lorry,Grievious injury,Over speed,Four lanes or more with central divider,Straight road,,Fine,TN36F    6171,YES,Animals affected,0
21.12.2013,7:26 PM,1217,LHS,Rural,Medarametla,Others(p1.Specific), Car    hit  Bike,Car,Grievious injury,Over speed,Three lanes or more without central divider(median),Straight road,Y-Junction,Fine,AP15BB 2903,YES,Fatal,0
21.12.2013,7:26 PM,1217,LHS,Rural,Medarametla,Others(p1.Specific), Car    hit  Bike,Car,Grievious injury,Over speed,Three lanes or more without central divider(median),Straight road,Y-Junction,Fine,AP15BB 2903,YES,Grevious,1
21.12.2013,7:26 PM,1217,LHS,Rural,Medarametla,Others(p1.Specific), Car    hit  Bike,Car,Grievious injury,Over speed,Three lanes or more without central divider(median),Straight road,Y-Junction,Fine,AP15BB 2903,YES,Minor,0
21.12.2013,7:26 PM,1217,LHS,Rural,Medarametla,Others(p1.Specific), Car    hit  Bike,Car,Grievious injury,Over speed,Three lanes or more without central divider(median),Straight road,Y-Junction,Fine,AP15BB 2903,YES,Non injured ,4
21.12.2013,7:26 PM,1217,LHS,Rural,Medarametla,Others(p1.Specific), Car    hit  Bike,Car,Grievious injury,Over speed,Three lanes or more without central divider(median),Straight road,Y-Junction,Fine,AP15BB 2903,YES,Animals affected,0
22.12.2013,3:50 AM,1230.5,RHS,Rural,Maddipadu,Collision Brush/Side Wipe, Car hit  Cash Barrier,Car,Non injury,Fault of driver of motor vehicle/driver of other vehicle/cyclist/pedestrian/passenger,Four lanes or more with central divider,Straight road,,Fine,F/R,YES,Fatal,0
22.12.2013,3:50 AM,1230.5,RHS,Rural,Maddipadu,Collision Brush/Side Wipe, Car hit  Cash Barrier,Car,Non injury,Fault of driver of motor vehicle/driver of other vehicle/cyclist/pedestrian/passenger,Four lanes or more with central divider,Straight road,,Fine,F/R,YES,Grevious,0
22.12.2013,3:50 AM,1230.5,RHS,Rural,Maddipadu,Collision Brush/Side Wipe, Car hit  Cash Barrier,Car,Non injury,Fault of driver of motor vehicle/driver of other vehicle/cyclist/pedestrian/passenger,Four lanes or more with central divider,Straight road,,Fine,F/R,YES,Minor,0
22.12.2013,3:50 AM,1230.5,RHS,Rural,Maddipadu,Collision Brush/Side Wipe, Car hit  Cash Barrier,Car,Non injury,Fault of driver of motor vehicle/driver of other vehicle/cyclist/pedestrian/passenger,Four lanes or more with central divider,Straight road,,Fine,F/R,YES,Non injured ,3
22.12.2013,3:50 AM,1230.5,RHS,Rural,Maddipadu,Collision Brush/Side Wipe, Car hit  Cash Barrier,Car,Non injury,Fault of driver of motor vehicle/driver of other vehicle/cyclist/pedestrian/passenger,Four lanes or more with central divider,Straight road,,Fine,F/R,YES,Animals affected,0
22.12.2013,12:20 PM,1258,RHS,Rural,Tangutur,Rear End Collision, Lorry hit Car,Lorry,Non injury,Over speed,Four lanes or more with central divider,Straight road,,Fine,HR55L   8045,YES,Fatal,0
22.12.2013,12:20 PM,1258,RHS,Rural,Tangutur,Rear End Collision, Lorry hit Car,Lorry,Non injury,Over speed,Four lanes or more with central divider,Straight road,,Fine,HR55L   8045,YES,Grevious,0
22.12.2013,12:20 PM,1258,RHS,Rural,Tangutur,Rear End Collision, Lorry hit Car,Lorry,Non injury,Over speed,Four lanes or more with central divider,Straight road,,Fine,HR55L   8045,YES,Minor,0
22.12.2013,12:20 PM,1258,RHS,Rural,Tangutur,Rear End Collision, Lorry hit Car,Lorry,Non injury,Over speed,Four lanes or more with central divider,Straight road,,Fine,HR55L   8045,YES,Non injured ,4
22.12.2013,12:20 PM,1258,RHS,Rural,Tangutur,Rear End Collision, Lorry hit Car,Lorry,Non injury,Over speed,Four lanes or more with central divider,Straight road,,Fine,HR55L   8045,YES,Animals affected,0
24.12.2013,4:34 AM,1202.8,LHS,Rural,Reningavaram,Collision Brush/Side Wipe,Car hit Median,Car,Minor injury,Vehicle out of control,Four lanes or more with central divider,Straight road,,Fine,AP16BP  6789,YES,Fatal,0
24.12.2013,4:34 AM,1202.8,LHS,Rural,Reningavaram,Collision Brush/Side Wipe,Car hit Median,Car,Minor injury,Vehicle out of control,Four lanes or more with central divider,Straight road,,Fine,AP16BP  6789,YES,Grevious,0
24.12.2013,4:34 AM,1202.8,LHS,Rural,Reningavaram,Collision Brush/Side Wipe,Car hit Median,Car,Minor injury,Vehicle out of control,Four lanes or more with central divider,Straight road,,Fine,AP16BP  6789,YES,Minor,3
24.12.2013,4:34 AM,1202.8,LHS,Rural,Reningavaram,Collision Brush/Side Wipe,Car hit Median,Car,Minor injury,Vehicle out of control,Four lanes or more with central divider,Straight road,,Fine,AP16BP  6789,YES,Non injured ,2
24.12.2013,4:34 AM,1202.8,LHS,Rural,Reningavaram,Collision Brush/Side Wipe,Car hit Median,Car,Minor injury,Vehicle out of control,Four lanes or more with central divider,Straight road,,Fine,AP16BP  6789,YES,Animals affected,0
24.12.2013,5:18 AM,1209.5,LHS,Rural,Reningavaram,Collision Brush/Side Wipe,Lorry hit  Hut and Shop,Lorry,Minor injury,Fault of driver of motor vehicle/driver of other vehicle/cyclist/pedestrian/passenger,Four lanes or more with central divider,Straight road,,Fine,AP04TT  3305,YES,Fatal,0
24.12.2013,5:18 AM,1209.5,LHS,Rural,Reningavaram,Collision Brush/Side Wipe,Lorry hit  Hut and Shop,Lorry,Minor injury,Fault of driver of motor vehicle/driver of other vehicle/cyclist/pedestrian/passenger,Four lanes or more with central divider,Straight road,,Fine,AP04TT  3305,YES,Grevious,0
24.12.2013,5:18 AM,1209.5,LHS,Rural,Reningavaram,Collision Brush/Side Wipe,Lorry hit  Hut and Shop,Lorry,Minor injury,Fault of driver of motor vehicle/driver of other vehicle/cyclist/pedestrian/passenger,Four lanes or more with central divider,Straight road,,Fine,AP04TT  3305,YES,Minor,1
24.12.2013,5:18 AM,1209.5,LHS,Rural,Reningavaram,Collision Brush/Side Wipe,Lorry hit  Hut and Shop,Lorry,Minor injury,Fault of driver of motor vehicle/driver of other vehicle/cyclist/pedestrian/passenger,Four lanes or more with central divider,Straight road,,Fine,AP04TT  3305,YES,Non injured ,1
24.12.2013,5:18 AM,1209.5,LHS,Rural,Reningavaram,Collision Brush/Side Wipe,Lorry hit  Hut and Shop,Lorry,Minor injury,Fault of driver of motor vehicle/driver of other vehicle/cyclist/pedestrian/passenger,Four lanes or more with central divider,Straight road,,Fine,AP04TT  3305,YES,Animals affected,0
24.12.2013,7:52 AM,1275.7,RHS,Rural,Singarayakonda,Rear End Collision, Car             hit  Lorry,Car,Grievious injury,Fault of driver of motor vehicle/driver of other vehicle/cyclist/pedestrian/passenger,Four lanes or more with central divider,Straight road,,Fine,TN10AJ   0767,YES,Fatal,0
24.12.2013,7:52 AM,1275.7,RHS,Rural,Singarayakonda,Rear End Collision, Car             hit  Lorry,Car,Grievious injury,Fault of driver of motor vehicle/driver of other vehicle/cyclist/pedestrian/passenger,Four lanes or more with central divider,Straight road,,Fine,TN10AJ   0767,YES,Grevious,1