Operational date,Time of Accident,KM && M,Position,Rural/Urban,Location,Nature of Accident Position,Nature of Accident,Vehicle Involved,Type of Accident,Causes,Road Feature,Road condition,Intersection Type And Control,Weather Condition,Vehicle Responsible,Help Provided by Ambulance/Patroling Vehicle,Classification of Accident,No of Affected Persons
24.12.2013,7:52 AM,1275.7,RHS,Rural,Singarayakonda,Rear End Collision, Car             hit  Lorry,Car,Grievious injury,Fault of driver of motor vehicle/driver of other vehicle/cyclist/pedestrian/passenger,Four lanes or more with central divider,Straight road,,Fine,TN10AJ   0767,YES,Minor,1
24.12.2013,7:52 AM,1275.7,RHS,Rural,Singarayakonda,Rear End Collision, Car             hit  Lorry,Car,Grievious injury,Fault of driver of motor vehicle/driver of other vehicle/cyclist/pedestrian/passenger,Four lanes or more with central divider,Straight road,,Fine,TN10AJ   0767,YES,Non injured ,2
24.12.2013,7:52 AM,1275.7,RHS,Rural,Singarayakonda,Rear End Collision, Car             hit  Lorry,Car,Grievious injury,Fault of driver of motor vehicle/driver of other vehicle/cyclist/pedestrian/passenger,Four lanes or more with central divider,Straight road,,Fine,TN10AJ   0767,YES,Animals affected,0
24.12.2013,9:00 AM,1332.5,LHS,Rural,K.Tippa ,Overturning, Mini Lorry Overturned,Lorry,Minor injury,Fault of driver of motor vehicle/driver of other vehicle/cyclist/pedestrian/passenger,Four lanes or more with central divider,Straight road,,Fine,AP16TX 0750,YES,Fatal,0
24.12.2013,9:00 AM,1332.5,LHS,Rural,K.Tippa ,Overturning, Mini Lorry Overturned,Lorry,Minor injury,Fault of driver of motor vehicle/driver of other vehicle/cyclist/pedestrian/passenger,Four lanes or more with central divider,Straight road,,Fine,AP16TX 0750,YES,Grevious,0
24.12.2013,9:00 AM,1332.5,LHS,Rural,K.Tippa ,Overturning, Mini Lorry Overturned,Lorry,Minor injury,Fault of driver of motor vehicle/driver of other vehicle/cyclist/pedestrian/passenger,Four lanes or more with central divider,Straight road,,Fine,AP16TX 0750,YES,Minor,2
24.12.2013,9:00 AM,1332.5,LHS,Rural,K.Tippa ,Overturning, Mini Lorry Overturned,Lorry,Minor injury,Fault of driver of motor vehicle/driver of other vehicle/cyclist/pedestrian/passenger,Four lanes or more with central divider,Straight road,,Fine,AP16TX 0750,YES,Non injured ,0
24.12.2013,9:00 AM,1332.5,LHS,Rural,K.Tippa ,Overturning, Mini Lorry Overturned,Lorry,Minor injury,Fault of driver of motor vehicle/driver of other vehicle/cyclist/pedestrian/passenger,Four lanes or more with central divider,Straight road,,Fine,AP16TX 0750,YES,Animals affected,0
25.12.2013,3:12 AM,1195.5,LHS,Rural,Martur,Collision Brush/Side Wipe,Tata ACE hit C.C.Barrier,Tata Ace,Non injury,Fault of driver of motor vehicle/driver of other vehicle/cyclist/pedestrian/passenger,Four lanes or more with central divider,Sharp curve,,Fine,AP29W    0170,YES,Fatal,0
25.12.2013,3:12 AM,1195.5,LHS,Rural,Martur,Collision Brush/Side Wipe,Tata ACE hit C.C.Barrier,Tata Ace,Non injury,Fault of driver of motor vehicle/driver of other vehicle/cyclist/pedestrian/passenger,Four lanes or more with central divider,Sharp curve,,Fine,AP29W    0170,YES,Grevious,0
25.12.2013,3:12 AM,1195.5,LHS,Rural,Martur,Collision Brush/Side Wipe,Tata ACE hit C.C.Barrier,Tata Ace,Non injury,Fault of driver of motor vehicle/driver of other vehicle/cyclist/pedestrian/passenger,Four lanes or more with central divider,Sharp curve,,Fine,AP29W    0170,YES,Minor,0
25.12.2013,3:12 AM,1195.5,LHS,Rural,Martur,Collision Brush/Side Wipe,Tata ACE hit C.C.Barrier,Tata Ace,Non injury,Fault of driver of motor vehicle/driver of other vehicle/cyclist/pedestrian/passenger,Four lanes or more with central divider,Sharp curve,,Fine,AP29W    0170,YES,Non injured ,1
25.12.2013,3:12 AM,1195.5,LHS,Rural,Martur,Collision Brush/Side Wipe,Tata ACE hit C.C.Barrier,Tata Ace,Non injury,Fault of driver of motor vehicle/driver of other vehicle/cyclist/pedestrian/passenger,Four lanes or more with central divider,Sharp curve,,Fine,AP29W    0170,YES,Animals affected,0
25.12.2013,3:15 AM,1332.2,LHS,Rural,K.Tippa ,Others(p1.Specific),Car Fired,Car,Non injury,Defect in mechanical condition of motor vehicle/road condition,Four lanes or more with central divider,Straight road,,Fine,AP23J        5555,YES,Fatal,0
25.12.2013,3:15 AM,1332.2,LHS,Rural,K.Tippa ,Others(p1.Specific),Car Fired,Car,Non injury,Defect in mechanical condition of motor vehicle/road condition,Four lanes or more with central divider,Straight road,,Fine,AP23J        5555,YES,Grevious,0
25.12.2013,3:15 AM,1332.2,LHS,Rural,K.Tippa ,Others(p1.Specific),Car Fired,Car,Non injury,Defect in mechanical condition of motor vehicle/road condition,Four lanes or more with central divider,Straight road,,Fine,AP23J        5555,YES,Minor,0
25.12.2013,3:15 AM,1332.2,LHS,Rural,K.Tippa ,Others(p1.Specific),Car Fired,Car,Non injury,Defect in mechanical condition of motor vehicle/road condition,Four lanes or more with central divider,Straight road,,Fine,AP23J        5555,YES,Non injured ,2
25.12.2013,3:15 AM,1332.2,LHS,Rural,K.Tippa ,Others(p1.Specific),Car Fired,Car,Non injury,Defect in mechanical condition of motor vehicle/road condition,Four lanes or more with central divider,Straight road,,Fine,AP23J        5555,YES,Animals affected,0
25.12.2013,11:10 PM,1344.3,LHS,Rural,Dagadarthi,Rear End Collision,  Lorry hit Unknown Vehicle,Lorry,Non injury,Over speed,Four lanes or more with central divider,Straight road,,Fine,AP24Y  7299,YES,Fatal,0
25.12.2013,11:10 PM,1344.3,LHS,Rural,Dagadarthi,Rear End Collision,  Lorry hit Unknown Vehicle,Lorry,Non injury,Over speed,Four lanes or more with central divider,Straight road,,Fine,AP24Y  7299,YES,Grevious,0
25.12.2013,11:10 PM,1344.3,LHS,Rural,Dagadarthi,Rear End Collision,  Lorry hit Unknown Vehicle,Lorry,Non injury,Over speed,Four lanes or more with central divider,Straight road,,Fine,AP24Y  7299,YES,Minor,0
25.12.2013,11:10 PM,1344.3,LHS,Rural,Dagadarthi,Rear End Collision,  Lorry hit Unknown Vehicle,Lorry,Non injury,Over speed,Four lanes or more with central divider,Straight road,,Fine,AP24Y  7299,YES,Non injured ,2
25.12.2013,11:10 PM,1344.3,LHS,Rural,Dagadarthi,Rear End Collision,  Lorry hit Unknown Vehicle,Lorry,Non injury,Over speed,Four lanes or more with central divider,Straight road,,Fine,AP24Y  7299,YES,Animals affected,0
26.12.2013,2:10 AM,1360.4,RHS,Rural,Dagadarthi,Collision Brush/Side Wipe,  Mini Lorry hit Unknown Vehicle,Lorry,Non injury,Over speed,Four lanes or more with central divider,Straight road,,Fine,MH31DS    1571,YES,Fatal,0
26.12.2013,2:10 AM,1360.4,RHS,Rural,Dagadarthi,Collision Brush/Side Wipe,  Mini Lorry hit Unknown Vehicle,Lorry,Non injury,Over speed,Four lanes or more with central divider,Straight road,,Fine,MH31DS    1571,YES,Grevious,0
26.12.2013,2:10 AM,1360.4,RHS,Rural,Dagadarthi,Collision Brush/Side Wipe,  Mini Lorry hit Unknown Vehicle,Lorry,Non injury,Over speed,Four lanes or more with central divider,Straight road,,Fine,MH31DS    1571,YES,Minor,0
26.12.2013,2:10 AM,1360.4,RHS,Rural,Dagadarthi,Collision Brush/Side Wipe,  Mini Lorry hit Unknown Vehicle,Lorry,Non injury,Over speed,Four lanes or more with central divider,Straight road,,Fine,MH31DS    1571,YES,Non injured ,2
26.12.2013,2:10 AM,1360.4,RHS,Rural,Dagadarthi,Collision Brush/Side Wipe,  Mini Lorry hit Unknown Vehicle,Lorry,Non injury,Over speed,Four lanes or more with central divider,Straight road,,Fine,MH31DS    1571,YES,Animals affected,0
26.12.2013,7:10 AM,1265.2,LHS,Rural,Tangutur,Collision Brush/Side Wipe, Tralley Lorry  hit Private Bus,Lorry,Minor injury,Over speed,Four lanes or more with central divider,Straight road,,Fine,NL01K 1239,YES,Fatal,0
26.12.2013,7:10 AM,1265.2,LHS,Rural,Tangutur,Collision Brush/Side Wipe, Tralley Lorry  hit Private Bus,Lorry,Minor injury,Over speed,Four lanes or more with central divider,Straight road,,Fine,NL01K 1239,YES,Grevious,0
26.12.2013,7:10 AM,1265.2,LHS,Rural,Tangutur,Collision Brush/Side Wipe, Tralley Lorry  hit Private Bus,Lorry,Minor injury,Over speed,Four lanes or more with central divider,Straight road,,Fine,NL01K 1239,YES,Minor,0
26.12.2013,7:10 AM,1265.2,LHS,Rural,Tangutur,Collision Brush/Side Wipe, Tralley Lorry  hit Private Bus,Lorry,Minor injury,Over speed,Four lanes or more with central divider,Straight road,,Fine,NL01K 1239,YES,Non injured ,40
26.12.2013,7:10 AM,1265.2,LHS,Rural,Tangutur,Collision Brush/Side Wipe, Tralley Lorry  hit Private Bus,Lorry,Minor injury,Over speed,Four lanes or more with central divider,Straight road,,Fine,NL01K 1239,YES,Animals affected,0
27.12.2013,5:10 AM,1203.9,RHS,Rural,Reningavaram,Collision Brush/Side Wipe,Car hit C.C.Barrier,Car,Non injury,Fault of driver of motor vehicle/driver of other vehicle/cyclist/pedestrian/passenger,Four lanes or more with central divider,Straight road,,Fine,AP20N    6789,YES,Fatal,0
27.12.2013,5:10 AM,1203.9,RHS,Rural,Reningavaram,Collision Brush/Side Wipe,Car hit C.C.Barrier,Car,Non injury,Fault of driver of motor vehicle/driver of other vehicle/cyclist/pedestrian/passenger,Four lanes or more with central divider,Straight road,,Fine,AP20N    6789,YES,Grevious,0
27.12.2013,5:10 AM,1203.9,RHS,Rural,Reningavaram,Collision Brush/Side Wipe,Car hit C.C.Barrier,Car,Non injury,Fault of driver of motor vehicle/driver of other vehicle/cyclist/pedestrian/passenger,Four lanes or more with central divider,Straight road,,Fine,AP20N    6789,YES,Minor,0
27.12.2013,5:10 AM,1203.9,RHS,Rural,Reningavaram,Collision Brush/Side Wipe,Car hit C.C.Barrier,Car,Non injury,Fault of driver of motor vehicle/driver of other vehicle/cyclist/pedestrian/passenger,Four lanes or more with central divider,Straight road,,Fine,AP20N    6789,YES,Non injured ,2
27.12.2013,5:10 AM,1203.9,RHS,Rural,Reningavaram,Collision Brush/Side Wipe,Car hit C.C.Barrier,Car,Non injury,Fault of driver of motor vehicle/driver of other vehicle/cyclist/pedestrian/passenger,Four lanes or more with central divider,Straight road,,Fine,AP20N    6789,YES,Animals affected,0
27.12.2013,5:30 AM,1347.3,LHS,Rural,Dagadarthi,Rear End Collision, Lorry hit Lorry and Rtc Bus,Lorry,Non injury,Fault of driver of motor vehicle/driver of other vehicle/cyclist/pedestrian/passenger,Single lane,Straight road,,Fine,AP20TB    9979,YES,Fatal,0
27.12.2013,5:30 AM,1347.3,LHS,Rural,Dagadarthi,Rear End Collision, Lorry hit Lorry and Rtc Bus,Lorry,Non injury,Fault of driver of motor vehicle/driver of other vehicle/cyclist/pedestrian/passenger,Single lane,Straight road,,Fine,AP20TB    9979,YES,Grevious,0
27.12.2013,5:30 AM,1347.3,LHS,Rural,Dagadarthi,Rear End Collision, Lorry hit Lorry and Rtc Bus,Lorry,Non injury,Fault of driver of motor vehicle/driver of other vehicle/cyclist/pedestrian/passenger,Single lane,Straight road,,Fine,AP20TB    9979,YES,Minor,0
27.12.2013,5:30 AM,1347.3,LHS,Rural,Dagadarthi,Rear End Collision, Lorry hit Lorry and Rtc Bus,Lorry,Non injury,Fault of driver of motor vehicle/driver of other vehicle/cyclist/pedestrian/passenger,Single lane,Straight road,,Fine,AP20TB    9979,YES,Non injured ,26
27.12.2013,5:30 AM,1347.3,LHS,Rural,Dagadarthi,Rear End Collision, Lorry hit Lorry and Rtc Bus,Lorry,Non injury,Fault of driver of motor vehicle/driver of other vehicle/cyclist/pedestrian/passenger,Single lane,Straight road,,Fine,AP20TB    9979,YES,Animals affected,0
27.12.2013,8:50 AM,1254.3,RHS,Rural,Ongole,Collision Brush/Side Wipe, Unknown Vehicle hit Pedestrian,Unknown,Grievious injury,Over speed,Four lanes or more with central divider,Slight curve,,Fine,Unknown   Vehicle,YES,Fatal,0
27.12.2013,8:50 AM,1254.3,RHS,Rural,Ongole,Collision Brush/Side Wipe, Unknown Vehicle hit Pedestrian,Unknown,Grievious injury,Over speed,Four lanes or more with central divider,Slight curve,,Fine,Unknown   Vehicle,YES,Grevious,1
27.12.2013,8:50 AM,1254.3,RHS,Rural,Ongole,Collision Brush/Side Wipe, Unknown Vehicle hit Pedestrian,Unknown,Grievious injury,Over speed,Four lanes or more with central divider,Slight curve,,Fine,Unknown   Vehicle,YES,Minor,0
27.12.2013,8:50 AM,1254.3,RHS,Rural,Ongole,Collision Brush/Side Wipe, Unknown Vehicle hit Pedestrian,Unknown,Grievious injury,Over speed,Four lanes or more with central divider,Slight curve,,Fine,Unknown   Vehicle,YES,Non injured ,0
27.12.2013,8:50 AM,1254.3,RHS,Rural,Ongole,Collision Brush/Side Wipe, Unknown Vehicle hit Pedestrian,Unknown,Grievious injury,Over speed,Four lanes or more with central divider,Slight curve,,Fine,Unknown   Vehicle,YES,Animals affected,0
27.12.2013,10:16 AM,1207.3,RHS,Rural,Reningavaram,Rear End Collision,Car hit Tata ACE Vehicle,Car,Grievious injury,Over speed,Four lanes or more with central divider,Straight road,T-Junction,Fine,AP07TV    0920,YES,Fatal,0
27.12.2013,10:16 AM,1207.3,RHS,Rural,Reningavaram,Rear End Collision,Car hit Tata ACE Vehicle,Car,Grievious injury,Over speed,Four lanes or more with central divider,Straight road,T-Junction,Fine,AP07TV    0920,YES,Grevious,2
27.12.2013,10:16 AM,1207.3,RHS,Rural,Reningavaram,Rear End Collision,Car hit Tata ACE Vehicle,Car,Grievious injury,Over speed,Four lanes or more with central divider,Straight road,T-Junction,Fine,AP07TV    0920,YES,Minor,0
27.12.2013,10:16 AM,1207.3,RHS,Rural,Reningavaram,Rear End Collision,Car hit Tata ACE Vehicle,Car,Grievious injury,Over speed,Four lanes or more with central divider,Straight road,T-Junction,Fine,AP07TV    0920,YES,Non injured ,2
27.12.2013,10:16 AM,1207.3,RHS,Rural,Reningavaram,Rear End Collision,Car hit Tata ACE Vehicle,Car,Grievious injury,Over speed,Four lanes or more with central divider,Straight road,T-Junction,Fine,AP07TV    0920,YES,Animals affected,0
27.12.2013,1:45 PM,1341.4,LHS,Rural,Dagadarthi,Collision Brush/Side Wipe, Lorry hit Car,Lorry,Non injury,Over speed,Four lanes or more with central divider,Straight road,,Fine,AP16V4577,YES,Fatal,0
27.12.2013,1:45 PM,1341.4,LHS,Rural,Dagadarthi,Collision Brush/Side Wipe, Lorry hit Car,Lorry,Non injury,Over speed,Four lanes or more with central divider,Straight road,,Fine,AP16V4577,YES,Grevious,0
27.12.2013,1:45 PM,1341.4,LHS,Rural,Dagadarthi,Collision Brush/Side Wipe, Lorry hit Car,Lorry,Non injury,Over speed,Four lanes or more with central divider,Straight road,,Fine,AP16V4577,YES,Minor,0
27.12.2013,1:45 PM,1341.4,LHS,Rural,Dagadarthi,Collision Brush/Side Wipe, Lorry hit Car,Lorry,Non injury,Over speed,Four lanes or more with central divider,Straight road,,Fine,AP16V4577,YES,Non injured ,2
27.12.2013,1:45 PM,1341.4,LHS,Rural,Dagadarthi,Collision Brush/Side Wipe, Lorry hit Car,Lorry,Non injury,Over speed,Four lanes or more with central divider,Straight road,,Fine,AP16V4577,YES,Animals affected,
27.12.2013,3:20 PM,1324,LHS,Rural,Kavali,Rear End Collision, Lorry hit Lorry ,Lorry,Non injury,Over speed,Four lanes or more with central divider,Straight road,,Fine,AP29TA   5616,YES,Fatal,0
27.12.2013,3:20 PM,1324,LHS,Rural,Kavali,Rear End Collision, Lorry hit Lorry ,Lorry,Non injury,Over speed,Four lanes or more with central divider,Straight road,,Fine,AP29TA   5616,YES,Grevious,0
27.12.2013,3:20 PM,1324,LHS,Rural,Kavali,Rear End Collision, Lorry hit Lorry ,Lorry,Non injury,Over speed,Four lanes or more with central divider,Straight road,,Fine,AP29TA   5616,YES,Minor,0
27.12.2013,3:20 PM,1324,LHS,Rural,Kavali,Rear End Collision, Lorry hit Lorry ,Lorry,Non injury,Over speed,Four lanes or more with central divider,Straight road,,Fine,AP29TA   5616,YES,Non injured ,2
27.12.2013,3:20 PM,1324,LHS,Rural,Kavali,Rear End Collision, Lorry hit Lorry ,Lorry,Non injury,Over speed,Four lanes or more with central divider,Straight road,,Fine,AP29TA   5616,YES,Animals affected,0
28.12.2013,12:05 AM,1235.8,LHS,Rural,Maddipadu,Head on collision, Lorry hit Lorry,Lorry,Non injury,Fault of driver of motor vehicle/driver of other vehicle/cyclist/pedestrian/passenger,Four lanes or more with central divider,Straight road,,Fine,AP16TX 6292,YES,Fatal,0
28.12.2013,12:05 AM,1235.8,LHS,Rural,Maddipadu,Head on collision, Lorry hit Lorry,Lorry,Non injury,Fault of driver of motor vehicle/driver of other vehicle/cyclist/pedestrian/passenger,Four lanes or more with central divider,Straight road,,Fine,AP16TX 6292,YES,Grevious,0
28.12.2013,12:05 AM,1235.8,LHS,Rural,Maddipadu,Head on collision, Lorry hit Lorry,Lorry,Non injury,Fault of driver of motor vehicle/driver of other vehicle/cyclist/pedestrian/passenger,Four lanes or more with central divider,Straight road,,Fine,AP16TX 6292,YES,Minor,0
28.12.2013,12:05 AM,1235.8,LHS,Rural,Maddipadu,Head on collision, Lorry hit Lorry,Lorry,Non injury,Fault of driver of motor vehicle/driver of other vehicle/cyclist/pedestrian/passenger,Four lanes or more with central divider,Straight road,,Fine,AP16TX 6292,YES,Non injured ,2
28.12.2013,12:05 AM,1235.8,LHS,Rural,Maddipadu,Head on collision, Lorry hit Lorry,Lorry,Non injury,Fault of driver of motor vehicle/driver of other vehicle/cyclist/pedestrian/passenger,Four lanes or more with central divider,Straight road,,Fine,AP16TX 6292,YES,Animals affected,0
28.12.2013,3:40 AM,1325.7,LHS,Rural,Kavali,Others(p1.Specific), Car Fell down Bridge,Car,Fatal,Fault of driver of motor vehicle/driver of other vehicle/cyclist/pedestrian/passenger,Four lanes or more with central divider,Straight road,,Fine,AP26 AC 9019,YES,Fatal,2
28.12.2013,3:40 AM,1325.7,LHS,Rural,Kavali,Others(p1.Specific), Car Fell down Bridge,Car,Fatal,Fault of driver of motor vehicle/driver of other vehicle/cyclist/pedestrian/passenger,Four lanes or more with central divider,Straight road,,Fine,AP26 AC 9019,YES,Grevious,0
28.12.2013,3:40 AM,1325.7,LHS,Rural,Kavali,Others(p1.Specific), Car Fell down Bridge,Car,Fatal,Fault of driver of motor vehicle/driver of other vehicle/cyclist/pedestrian/passenger,Four lanes or more with central divider,Straight road,,Fine,AP26 AC 9019,YES,Minor,0
28.12.2013,3:40 AM,1325.7,LHS,Rural,Kavali,Others(p1.Specific), Car Fell down Bridge,Car,Fatal,Fault of driver of motor vehicle/driver of other vehicle/cyclist/pedestrian/passenger,Four lanes or more with central divider,Straight road,,Fine,AP26 AC 9019,YES,Non injured ,6
28.12.2013,3:40 AM,1325.7,LHS,Rural,Kavali,Others(p1.Specific), Car Fell down Bridge,Car,Fatal,Fault of driver of motor vehicle/driver of other vehicle/cyclist/pedestrian/passenger,Four lanes or more with central divider,Straight road,,Fine,AP26 AC 9019,YES,Animals affected,0
29.12.2013,9:45 AM,1210.6,LHS,Rural,Reningavaram,Overturning,Lorry Over Turned,Lorry,Grievious injury,Fault of driver of motor vehicle/driver of other vehicle/cyclist/pedestrian/passenger,Four lanes or more with central divider,Straight road,,Fine,AP5X    8142,YES,Fatal,0
29.12.2013,9:45 AM,1210.6,LHS,Rural,Reningavaram,Overturning,Lorry Over Turned,Lorry,Grievious injury,Fault of driver of motor vehicle/driver of other vehicle/cyclist/pedestrian/passenger,Four lanes or more with central divider,Straight road,,Fine,AP5X    8142,YES,Grevious,1
29.12.2013,9:45 AM,1210.6,LHS,Rural,Reningavaram,Overturning,Lorry Over Turned,Lorry,Grievious injury,Fault of driver of motor vehicle/driver of other vehicle/cyclist/pedestrian/passenger,Four lanes or more with central divider,Straight road,,Fine,AP5X    8142,YES,Minor,0
29.12.2013,9:45 AM,1210.6,LHS,Rural,Reningavaram,Overturning,Lorry Over Turned,Lorry,Grievious injury,Fault of driver of motor vehicle/driver of other vehicle/cyclist/pedestrian/passenger,Four lanes or more with central divider,Straight road,,Fine,AP5X    8142,YES,Non injured ,2
29.12.2013,9:45 AM,1210.6,LHS,Rural,Reningavaram,Overturning,Lorry Over Turned,Lorry,Grievious injury,Fault of driver of motor vehicle/driver of other vehicle/cyclist/pedestrian/passenger,Four lanes or more with central divider,Straight road,,Fine,AP5X    8142,YES,Animals affected,0
29.12.2013,5:56 PM,1337,LHS,Rural,K.Tippa ,Rear End Collision,Lorry hit Unknown Vehicle,Lorry,Grievious injury,Over speed,Four lanes or more with central divider,Straight road,,Fine,AP03TV 6412,YES,Fatal,0
29.12.2013,5:56 PM,1337,LHS,Rural,K.Tippa ,Rear End Collision,Lorry hit Unknown Vehicle,Lorry,Grievious injury,Over speed,Four lanes or more with central divider,Straight road,,Fine,AP03TV 6412,YES,Grevious,1
29.12.2013,5:56 PM,1337,LHS,Rural,K.Tippa ,Rear End Collision,Lorry hit Unknown Vehicle,Lorry,Grievious injury,Over speed,Four lanes or more with central divider,Straight road,,Fine,AP03TV 6412,YES,Minor,1
29.12.2013,5:56 PM,1337,LHS,Rural,K.Tippa ,Rear End Collision,Lorry hit Unknown Vehicle,Lorry,Grievious injury,Over speed,Four lanes or more with central divider,Straight road,,Fine,AP03TV 6412,YES,Non injured ,0
29.12.2013,5:56 PM,1337,LHS,Rural,K.Tippa ,Rear End Collision,Lorry hit Unknown Vehicle,Lorry,Grievious injury,Over speed,Four lanes or more with central divider,Straight road,,Fine,AP03TV 6412,YES,Animals affected,0
30.12.2013,5:20 AM,1200.1,LHS,Rural,Reningavaram,Collision Brush/Side Wipe, Lorry hit Median,Lorry,Non injury,Over speed,Four lanes or more with central divider,Straight road,,Fine,AP04X    0699,,Fatal,0
30.12.2013,5:20 AM,1200.1,LHS,Rural,Reningavaram,Collision Brush/Side Wipe, Lorry hit Median,Lorry,Non injury,Over speed,Four lanes or more with central divider,Straight road,,Fine,AP04X    0699,,Grevious,0
30.12.2013,5:20 AM,1200.1,LHS,Rural,Reningavaram,Collision Brush/Side Wipe, Lorry hit Median,Lorry,Non injury,Over speed,Four lanes or more with central divider,Straight road,,Fine,AP04X    0699,,Minor,0
30.12.2013,5:20 AM,1200.1,LHS,Rural,Reningavaram,Collision Brush/Side Wipe, Lorry hit Median,Lorry,Non injury,Over speed,Four lanes or more with central divider,Straight road,,Fine,AP04X    0699,,Non injured ,2
30.12.2013,5:20 AM,1200.1,LHS,Rural,Reningavaram,Collision Brush/Side Wipe, Lorry hit Median,Lorry,Non injury,Over speed,Four lanes or more with central divider,Straight road,,Fine,AP04X    0699,,Animals affected,0
30.12.2013,9:50 AM,1257.5,RHS,Rural,Tangutur,Collision Brush/Side Wipe,  Lorry  hit Pedestrian,Lorry,Fatal,Over speed,Four lanes or more with central divider,Straight road,,Fine,RJ06GA    5222,YES,Fatal,1
30.12.2013,9:50 AM,1257.5,RHS,Rural,Tangutur,Collision Brush/Side Wipe,  Lorry  hit Pedestrian,Lorry,Fatal,Over speed,Four lanes or more with central divider,Straight road,,Fine,RJ06GA    5222,YES,Grevious,0
30.12.2013,9:50 AM,1257.5,RHS,Rural,Tangutur,Collision Brush/Side Wipe,  Lorry  hit Pedestrian,Lorry,Fatal,Over speed,Four lanes or more with central divider,Straight road,,Fine,RJ06GA    5222,YES,Minor,0
30.12.2013,9:50 AM,1257.5,RHS,Rural,Tangutur,Collision Brush/Side Wipe,  Lorry  hit Pedestrian,Lorry,Fatal,Over speed,Four lanes or more with central divider,Straight road,,Fine,RJ06GA    5222,YES,Non injured ,0
30.12.2013,9:50 AM,1257.5,RHS,Rural,Tangutur,Collision Brush/Side Wipe,  Lorry  hit Pedestrian,Lorry,Fatal,Over speed,Four lanes or more with central divider,Straight road,,Fine,RJ06GA    5222,YES,Animals affected,0
01.01.2014,1:10 AM,1365.7,LHS,Rural,Kovuru,Collision Brush/Side Wipe,Tata Ace Vehicle hit Unknown Vehicle ,Tata Ace,Minor injury,Over speed,Four lanes or more with central divider,Straight road,,Mist/Fog,AP26TT  3003,YES,Fatal,0
01.01.2014,1:10 AM,1365.7,LHS,Rural,Kovuru,Collision Brush/Side Wipe,Tata Ace Vehicle hit Unknown Vehicle ,Tata Ace,Minor injury,Over speed,Four lanes or more with central divider,Straight road,,Mist/Fog,AP26TT  3003,YES,Grevious,0
01.01.2014,1:10 AM,1365.7,LHS,Rural,Kovuru,Collision Brush/Side Wipe,Tata Ace Vehicle hit Unknown Vehicle ,Tata Ace,Minor injury,Over speed,Four lanes or more with central divider,Straight road,,Mist/Fog,AP26TT  3003,YES,Minor,1
01.01.2014,1:10 AM,1365.7,LHS,Rural,Kovuru,Collision Brush/Side Wipe,Tata Ace Vehicle hit Unknown Vehicle ,Tata Ace,Minor injury,Over speed,Four lanes or more with central divider,Straight road,,Mist/Fog,AP26TT  3003,YES,Non injured ,0
01.01.2014,1:10 AM,1365.7,LHS,Rural,Kovuru,Collision Brush/Side Wipe,Tata Ace Vehicle hit Unknown Vehicle ,Tata Ace,Minor injury,Over speed,Four lanes or more with central divider,Straight road,,Mist/Fog,AP26TT  3003,YES,Animals affected,0
01.01.2014,7:00 PM,1260.7,LHS,Rural,Tangutur,Collision Brush/Side Wipe,Unknown Vehicle hit Pedestrian,Unknown,Fatal,Over speed,Four lanes or more with central divider,Straight road,,Fine,Unknown     Vehicle,YES,Fatal,1
01.01.2014,7:00 PM,1260.7,LHS,Rural,Tangutur,Collision Brush/Side Wipe,Unknown Vehicle hit Pedestrian,Unknown,Fatal,Over speed,Four lanes or more with central divider,Straight road,,Fine,Unknown     Vehicle,YES,Grevious,0
01.01.2014,7:00 PM,1260.7,LHS,Rural,Tangutur,Collision Brush/Side Wipe,Unknown Vehicle hit Pedestrian,Unknown,Fatal,Over speed,Four lanes or more with central divider,Straight road,,Fine,Unknown     Vehicle,YES,Minor,0
01.01.2014,7:00 PM,1260.7,LHS,Rural,Tangutur,Collision Brush/Side Wipe,Unknown Vehicle hit Pedestrian,Unknown,Fatal,Over speed,Four lanes or more with central divider,Straight road,,Fine,Unknown     Vehicle,YES,Non injured ,0
01.01.2014,7:00 PM,1260.7,LHS,Rural,Tangutur,Collision Brush/Side Wipe,Unknown Vehicle hit Pedestrian,Unknown,Fatal,Over speed,Four lanes or more with central divider,Straight road,,Fine,Unknown     Vehicle,YES,Animals affected,0
02.01.2014,4:15 AM,1295.7,RHS,Rural,Ulavapadu,Rear End Collision,Lorry hit Unknown Vehicle ,Lorry,Grievious injury,Over speed,Four lanes or more with central divider,Straight road,,Mist/Fog,AP07TT     1375,YES,Fatal,0
02.01.2014,4:15 AM,1295.7,RHS,Rural,Ulavapadu,Rear End Collision,Lorry hit Unknown Vehicle ,Lorry,Grievious injury,Over speed,Four lanes or more with central divider,Straight road,,Mist/Fog,AP07TT     1375,YES,Grevious,1
02.01.2014,4:15 AM,1295.7,RHS,Rural,Ulavapadu,Rear End Collision,Lorry hit Unknown Vehicle ,Lorry,Grievious injury,Over speed,Four lanes or more with central divider,Straight road,,Mist/Fog,AP07TT     1375,YES,Minor,1
02.01.2014,4:15 AM,1295.7,RHS,Rural,Ulavapadu,Rear End Collision,Lorry hit Unknown Vehicle ,Lorry,Grievious injury,Over speed,Four lanes or more with central divider,Straight road,,Mist/Fog,AP07TT     1375,YES,Non injured ,0
02.01.2014,4:15 AM,1295.7,RHS,Rural,Ulavapadu,Rear End Collision,Lorry hit Unknown Vehicle ,Lorry,Grievious injury,Over speed,Four lanes or more with central divider,Straight road,,Mist/Fog,AP07TT     1375,YES,Animals affected,0
03.01.2014,8:00 AM,1229.4,RHS,Rural,Maddipadu,Collision Brush/Side Wipe,Unknown Vehicle hit Pedestrian,Unknown,Fatal,Over speed,Four lanes or more with central divider,Straight road,,Mist/Fog,Unknown     Vehicle,YES,Fatal,1