Operational date,Time of Accident,KM && M,Position,Rural/Urban,Location,Nature of Accident Position,Nature of Accident,Vehicle Involved,Type of Accident,Causes,Road Feature,Road condition,Intersection Type And Control,Weather Condition,Vehicle Responsible,Help Provided by Ambulance/Patroling Vehicle,Classification of Accident,No of Affected Persons
03.01.2014,8:00 AM,1229.4,RHS,Rural,Maddipadu,Collision Brush/Side Wipe,Unknown Vehicle hit Pedestrian,Unknown,Fatal,Over speed,Four lanes or more with central divider,Straight road,,Mist/Fog,Unknown     Vehicle,YES,Grevious,0
03.01.2014,8:00 AM,1229.4,RHS,Rural,Maddipadu,Collision Brush/Side Wipe,Unknown Vehicle hit Pedestrian,Unknown,Fatal,Over speed,Four lanes or more with central divider,Straight road,,Mist/Fog,Unknown     Vehicle,YES,Minor,0
03.01.2014,8:00 AM,1229.4,RHS,Rural,Maddipadu,Collision Brush/Side Wipe,Unknown Vehicle hit Pedestrian,Unknown,Fatal,Over speed,Four lanes or more with central divider,Straight road,,Mist/Fog,Unknown     Vehicle,YES,Non injured ,0
03.01.2014,8:00 AM,1229.4,RHS,Rural,Maddipadu,Collision Brush/Side Wipe,Unknown Vehicle hit Pedestrian,Unknown,Fatal,Over speed,Four lanes or more with central divider,Straight road,,Mist/Fog,Unknown     Vehicle,YES,Animals affected,0
04.01.2014,1:05 AM,1188.1,LHS,Rural,Martur,Collision Brush/Side Wipe,Lorry hit TataACE,Lorry,Fatal,Fault of driver of motor vehicle/driver of other vehicle/cyclist/pedestrian/passenger,Four lanes or more with central divider,Straight road,Four arm junction,Mist/Fog,AP03TA     7776,YES,Fatal,1
04.01.2014,1:05 AM,1188.1,LHS,Rural,Martur,Collision Brush/Side Wipe,Lorry hit TataACE,Lorry,Fatal,Fault of driver of motor vehicle/driver of other vehicle/cyclist/pedestrian/passenger,Four lanes or more with central divider,Straight road,Four arm junction,Mist/Fog,AP03TA     7776,YES,Grevious,0
04.01.2014,1:05 AM,1188.1,LHS,Rural,Martur,Collision Brush/Side Wipe,Lorry hit TataACE,Lorry,Fatal,Fault of driver of motor vehicle/driver of other vehicle/cyclist/pedestrian/passenger,Four lanes or more with central divider,Straight road,Four arm junction,Mist/Fog,AP03TA     7776,YES,Minor,6
04.01.2014,1:05 AM,1188.1,LHS,Rural,Martur,Collision Brush/Side Wipe,Lorry hit TataACE,Lorry,Fatal,Fault of driver of motor vehicle/driver of other vehicle/cyclist/pedestrian/passenger,Four lanes or more with central divider,Straight road,Four arm junction,Mist/Fog,AP03TA     7776,YES,Non injured ,9
04.01.2014,1:05 AM,1188.1,LHS,Rural,Martur,Collision Brush/Side Wipe,Lorry hit TataACE,Lorry,Fatal,Fault of driver of motor vehicle/driver of other vehicle/cyclist/pedestrian/passenger,Four lanes or more with central divider,Straight road,Four arm junction,Mist/Fog,AP03TA     7776,YES,Animals affected,0
04.01.2014,3:10 PM,1334.5,RHS,Rural,K.Tippa ,Collision Brush/Side Wipe,Lorry hit TataACE,Lorry,Grievious injury,Fault of driver of motor vehicle/driver of other vehicle/cyclist/pedestrian/passenger,Four lanes or more with central divider,Straight road,,Fine,AP16X     6344,YES,Fatal,0
04.01.2014,3:10 PM,1334.5,RHS,Rural,K.Tippa ,Collision Brush/Side Wipe,Lorry hit TataACE,Lorry,Grievious injury,Fault of driver of motor vehicle/driver of other vehicle/cyclist/pedestrian/passenger,Four lanes or more with central divider,Straight road,,Fine,AP16X     6344,YES,Grevious,1
04.01.2014,3:10 PM,1334.5,RHS,Rural,K.Tippa ,Collision Brush/Side Wipe,Lorry hit TataACE,Lorry,Grievious injury,Fault of driver of motor vehicle/driver of other vehicle/cyclist/pedestrian/passenger,Four lanes or more with central divider,Straight road,,Fine,AP16X     6344,YES,Minor,0
04.01.2014,3:10 PM,1334.5,RHS,Rural,K.Tippa ,Collision Brush/Side Wipe,Lorry hit TataACE,Lorry,Grievious injury,Fault of driver of motor vehicle/driver of other vehicle/cyclist/pedestrian/passenger,Four lanes or more with central divider,Straight road,,Fine,AP16X     6344,YES,Non injured ,2
04.01.2014,3:10 PM,1334.5,RHS,Rural,K.Tippa ,Collision Brush/Side Wipe,Lorry hit TataACE,Lorry,Grievious injury,Fault of driver of motor vehicle/driver of other vehicle/cyclist/pedestrian/passenger,Four lanes or more with central divider,Straight road,,Fine,AP16X     6344,YES,Animals affected,0
04.01.2014,8:45 PM,1264.1,RHS,Rural,Tangutur,Overturning,Ape auto Over Turned  ,Auto,Grievious injury,Vehicle out of control,Four lanes or more with central divider,Straight road,T-Junction,Fine,AP27W    4286,YES,Fatal,0
04.01.2014,8:45 PM,1264.1,RHS,Rural,Tangutur,Overturning,Ape auto Over Turned  ,Auto,Grievious injury,Vehicle out of control,Four lanes or more with central divider,Straight road,T-Junction,Fine,AP27W    4286,YES,Grevious,1
04.01.2014,8:45 PM,1264.1,RHS,Rural,Tangutur,Overturning,Ape auto Over Turned  ,Auto,Grievious injury,Vehicle out of control,Four lanes or more with central divider,Straight road,T-Junction,Fine,AP27W    4286,YES,Minor,1
04.01.2014,8:45 PM,1264.1,RHS,Rural,Tangutur,Overturning,Ape auto Over Turned  ,Auto,Grievious injury,Vehicle out of control,Four lanes or more with central divider,Straight road,T-Junction,Fine,AP27W    4286,YES,Non injured ,0
04.01.2014,8:45 PM,1264.1,RHS,Rural,Tangutur,Overturning,Ape auto Over Turned  ,Auto,Grievious injury,Vehicle out of control,Four lanes or more with central divider,Straight road,T-Junction,Fine,AP27W    4286,YES,Animals affected,0
05.01.2014,3:20 PM,1326,LHS,Rural,Kavali,Rear End Collision, Lorry hit       Car,Lorry,Non injury,Over speed,Four lanes or more with central divider,Straight road,,Fine,MP06C 2219,YES,Fatal,0
05.01.2014,3:20 PM,1326,LHS,Rural,Kavali,Rear End Collision, Lorry hit       Car,Lorry,Non injury,Over speed,Four lanes or more with central divider,Straight road,,Fine,MP06C 2219,YES,Grevious,0
05.01.2014,3:20 PM,1326,LHS,Rural,Kavali,Rear End Collision, Lorry hit       Car,Lorry,Non injury,Over speed,Four lanes or more with central divider,Straight road,,Fine,MP06C 2219,YES,Minor,0
05.01.2014,3:20 PM,1326,LHS,Rural,Kavali,Rear End Collision, Lorry hit       Car,Lorry,Non injury,Over speed,Four lanes or more with central divider,Straight road,,Fine,MP06C 2219,YES,Non injured ,2
05.01.2014,3:20 PM,1326,LHS,Rural,Kavali,Rear End Collision, Lorry hit       Car,Lorry,Non injury,Over speed,Four lanes or more with central divider,Straight road,,Fine,MP06C 2219,YES,Animals affected,0
05.01.2014,8:10 PM,1343.3,LHS,Rural,Dagadarthi,Collision Brush/Side Wipe, Car hit Culvert,Car,Non injury,Druken,Four lanes or more with central divider,Straight road,,Fine,AP26AQ  8561,YES,Fatal,0
05.01.2014,8:10 PM,1343.3,LHS,Rural,Dagadarthi,Collision Brush/Side Wipe, Car hit Culvert,Car,Non injury,Druken,Four lanes or more with central divider,Straight road,,Fine,AP26AQ  8561,YES,Grevious,0
05.01.2014,8:10 PM,1343.3,LHS,Rural,Dagadarthi,Collision Brush/Side Wipe, Car hit Culvert,Car,Non injury,Druken,Four lanes or more with central divider,Straight road,,Fine,AP26AQ  8561,YES,Minor,0
05.01.2014,8:10 PM,1343.3,LHS,Rural,Dagadarthi,Collision Brush/Side Wipe, Car hit Culvert,Car,Non injury,Druken,Four lanes or more with central divider,Straight road,,Fine,AP26AQ  8561,YES,Non injured ,2
05.01.2014,8:10 PM,1343.3,LHS,Rural,Dagadarthi,Collision Brush/Side Wipe, Car hit Culvert,Car,Non injury,Druken,Four lanes or more with central divider,Straight road,,Fine,AP26AQ  8561,YES,Animals affected,0
06.01.2014,2:00 AM,1202.8,RHS,Rural,Reningavaram,Collision Brush/Side Wipe, Lorry hit       Median,Lorry,Non injury,Vehicle out of control,Four lanes or more with central divider,Straight road,T-Junction,Mist/Fog,AP16TB   8998,YES,Fatal,0
06.01.2014,2:00 AM,1202.8,RHS,Rural,Reningavaram,Collision Brush/Side Wipe, Lorry hit       Median,Lorry,Non injury,Vehicle out of control,Four lanes or more with central divider,Straight road,T-Junction,Mist/Fog,AP16TB   8998,YES,Grevious,0
06.01.2014,2:00 AM,1202.8,RHS,Rural,Reningavaram,Collision Brush/Side Wipe, Lorry hit       Median,Lorry,Non injury,Vehicle out of control,Four lanes or more with central divider,Straight road,T-Junction,Mist/Fog,AP16TB   8998,YES,Minor,0
06.01.2014,2:00 AM,1202.8,RHS,Rural,Reningavaram,Collision Brush/Side Wipe, Lorry hit       Median,Lorry,Non injury,Vehicle out of control,Four lanes or more with central divider,Straight road,T-Junction,Mist/Fog,AP16TB   8998,YES,Non injured ,2
06.01.2014,2:00 AM,1202.8,RHS,Rural,Reningavaram,Collision Brush/Side Wipe, Lorry hit       Median,Lorry,Non injury,Vehicle out of control,Four lanes or more with central divider,Straight road,T-Junction,Mist/Fog,AP16TB   8998,YES,Animals affected,0
06.01.2014,6:00 AM,1323.5,LHS,Rural,Kavali,Collision Brush/Side Wipe,Private Bus  hit C.C.Barrier,Bus,Non injury,Vehicle out of control,Four lanes or more with central divider,Slight curve,,Mist/Fog,AP35V   9898,YES,Fatal,0
06.01.2014,6:00 AM,1323.5,LHS,Rural,Kavali,Collision Brush/Side Wipe,Private Bus  hit C.C.Barrier,Bus,Non injury,Vehicle out of control,Four lanes or more with central divider,Slight curve,,Mist/Fog,AP35V   9898,YES,Grevious,0
06.01.2014,6:00 AM,1323.5,LHS,Rural,Kavali,Collision Brush/Side Wipe,Private Bus  hit C.C.Barrier,Bus,Non injury,Vehicle out of control,Four lanes or more with central divider,Slight curve,,Mist/Fog,AP35V   9898,YES,Minor,0
06.01.2014,6:00 AM,1323.5,LHS,Rural,Kavali,Collision Brush/Side Wipe,Private Bus  hit C.C.Barrier,Bus,Non injury,Vehicle out of control,Four lanes or more with central divider,Slight curve,,Mist/Fog,AP35V   9898,YES,Non injured ,35
06.01.2014,6:00 AM,1323.5,LHS,Rural,Kavali,Collision Brush/Side Wipe,Private Bus  hit C.C.Barrier,Bus,Non injury,Vehicle out of control,Four lanes or more with central divider,Slight curve,,Mist/Fog,AP35V   9898,YES,Animals affected,0
06.01.2014,7:08 AM,1231.1,RHS,Rural,Maddipadu,Rear End Collision, Lorry hit       Tractor,Lorry,Non injury,Over speed,Four lanes or more with central divider,Straight road,,Fine,AP26TT 5185,YES,Fatal,0
06.01.2014,7:08 AM,1231.1,RHS,Rural,Maddipadu,Rear End Collision, Lorry hit       Tractor,Lorry,Non injury,Over speed,Four lanes or more with central divider,Straight road,,Fine,AP26TT 5185,YES,Grevious,0
06.01.2014,7:08 AM,1231.1,RHS,Rural,Maddipadu,Rear End Collision, Lorry hit       Tractor,Lorry,Non injury,Over speed,Four lanes or more with central divider,Straight road,,Fine,AP26TT 5185,YES,Minor,0
06.01.2014,7:08 AM,1231.1,RHS,Rural,Maddipadu,Rear End Collision, Lorry hit       Tractor,Lorry,Non injury,Over speed,Four lanes or more with central divider,Straight road,,Fine,AP26TT 5185,YES,Non injured ,2
06.01.2014,7:08 AM,1231.1,RHS,Rural,Maddipadu,Rear End Collision, Lorry hit       Tractor,Lorry,Non injury,Over speed,Four lanes or more with central divider,Straight road,,Fine,AP26TT 5185,YES,Animals affected,0
06.01.2014,6:00 PM,1356.8,LHS,Rural,Kodavaluru,Rear End Collision, Tractor  hit       Car,Tractor,Minor injury,Over speed,Three lanes or more without central divider(median),Straight road,T-Junction,Fine,AP26TC   2214,YES,Fatal,0
06.01.2014,6:00 PM,1356.8,LHS,Rural,Kodavaluru,Rear End Collision, Tractor  hit       Car,Tractor,Minor injury,Over speed,Three lanes or more without central divider(median),Straight road,T-Junction,Fine,AP26TC   2214,YES,Grevious,0
06.01.2014,6:00 PM,1356.8,LHS,Rural,Kodavaluru,Rear End Collision, Tractor  hit       Car,Tractor,Minor injury,Over speed,Three lanes or more without central divider(median),Straight road,T-Junction,Fine,AP26TC   2214,YES,Minor,2
06.01.2014,6:00 PM,1356.8,LHS,Rural,Kodavaluru,Rear End Collision, Tractor  hit       Car,Tractor,Minor injury,Over speed,Three lanes or more without central divider(median),Straight road,T-Junction,Fine,AP26TC   2214,YES,Non injured ,1
06.01.2014,6:00 PM,1356.8,LHS,Rural,Kodavaluru,Rear End Collision, Tractor  hit       Car,Tractor,Minor injury,Over speed,Three lanes or more without central divider(median),Straight road,T-Junction,Fine,AP26TC   2214,YES,Animals affected,0
07.01.2014,9:30 AM,1308.6,LHS,Rural,Kavali,Rear End Collision,Lorry hit Lorry,Lorry,Grievious injury,Over speed,Four lanes or more with central divider,Straight road,,Fine,AP29TA  8915,YES,Fatal,0
07.01.2014,9:30 AM,1308.6,LHS,Rural,Kavali,Rear End Collision,Lorry hit Lorry,Lorry,Grievious injury,Over speed,Four lanes or more with central divider,Straight road,,Fine,AP29TA  8915,YES,Grevious,1
07.01.2014,9:30 AM,1308.6,LHS,Rural,Kavali,Rear End Collision,Lorry hit Lorry,Lorry,Grievious injury,Over speed,Four lanes or more with central divider,Straight road,,Fine,AP29TA  8915,YES,Minor,0
07.01.2014,9:30 AM,1308.6,LHS,Rural,Kavali,Rear End Collision,Lorry hit Lorry,Lorry,Grievious injury,Over speed,Four lanes or more with central divider,Straight road,,Fine,AP29TA  8915,YES,Non injured ,2
07.01.2014,9:30 AM,1308.6,LHS,Rural,Kavali,Rear End Collision,Lorry hit Lorry,Lorry,Grievious injury,Over speed,Four lanes or more with central divider,Straight road,,Fine,AP29TA  8915,YES,Animals affected,0
07.01.2014,4:32 PM,1278.3,LHS,Rural,Singarayakonda,Collision Brush/Side Wipe,Unknown Vehicle hit Bike,Unknown,Fatal,Over speed,Four lanes or more with central divider,Straight road,,Fine,Unknown Vehicle,YES,Fatal,1
07.01.2014,4:32 PM,1278.3,LHS,Rural,Singarayakonda,Collision Brush/Side Wipe,Unknown Vehicle hit Bike,Unknown,Fatal,Over speed,Four lanes or more with central divider,Straight road,,Fine,Unknown Vehicle,YES,Grevious,0
07.01.2014,4:32 PM,1278.3,LHS,Rural,Singarayakonda,Collision Brush/Side Wipe,Unknown Vehicle hit Bike,Unknown,Fatal,Over speed,Four lanes or more with central divider,Straight road,,Fine,Unknown Vehicle,YES,Minor,0
07.01.2014,4:32 PM,1278.3,LHS,Rural,Singarayakonda,Collision Brush/Side Wipe,Unknown Vehicle hit Bike,Unknown,Fatal,Over speed,Four lanes or more with central divider,Straight road,,Fine,Unknown Vehicle,YES,Non injured ,0
07.01.2014,4:32 PM,1278.3,LHS,Rural,Singarayakonda,Collision Brush/Side Wipe,Unknown Vehicle hit Bike,Unknown,Fatal,Over speed,Four lanes or more with central divider,Straight road,,Fine,Unknown Vehicle,YES,Animals affected,0
08.01.2014,2:30 AM,1216.9,RHS,Rural,Reningavaram,Collision Brush/Side Wipe, Lorry hit       Median,Lorry,Non injury,Fault of driver of motor vehicle/driver of other vehicle/cyclist/pedestrian/passenger,Four lanes or more with central divider,Straight road,T-Junction,Mist/Fog,AP07Y  2959,YES,Fatal,0
08.01.2014,2:30 AM,1216.9,RHS,Rural,Reningavaram,Collision Brush/Side Wipe, Lorry hit       Median,Lorry,Non injury,Fault of driver of motor vehicle/driver of other vehicle/cyclist/pedestrian/passenger,Four lanes or more with central divider,Straight road,T-Junction,Mist/Fog,AP07Y  2959,YES,Grevious,0
08.01.2014,2:30 AM,1216.9,RHS,Rural,Reningavaram,Collision Brush/Side Wipe, Lorry hit       Median,Lorry,Non injury,Fault of driver of motor vehicle/driver of other vehicle/cyclist/pedestrian/passenger,Four lanes or more with central divider,Straight road,T-Junction,Mist/Fog,AP07Y  2959,YES,Minor,0
08.01.2014,2:30 AM,1216.9,RHS,Rural,Reningavaram,Collision Brush/Side Wipe, Lorry hit       Median,Lorry,Non injury,Fault of driver of motor vehicle/driver of other vehicle/cyclist/pedestrian/passenger,Four lanes or more with central divider,Straight road,T-Junction,Mist/Fog,AP07Y  2959,YES,Non injured ,1
08.01.2014,2:30 AM,1216.9,RHS,Rural,Reningavaram,Collision Brush/Side Wipe, Lorry hit       Median,Lorry,Non injury,Fault of driver of motor vehicle/driver of other vehicle/cyclist/pedestrian/passenger,Four lanes or more with central divider,Straight road,T-Junction,Mist/Fog,AP07Y  2959,YES,Animals affected,0
08.01.2014,4:30 AM,1260.2,LHS,Rural,Tangutur,Rear End Collision,Lorry hit Mini Lorry,Lorry,Minor injury,Over speed,Four lanes or more with central divider,Straight road,,Mist/Fog,AP16TW 1388,YES,Fatal,0
08.01.2014,4:30 AM,1260.2,LHS,Rural,Tangutur,Rear End Collision,Lorry hit Mini Lorry,Lorry,Minor injury,Over speed,Four lanes or more with central divider,Straight road,,Mist/Fog,AP16TW 1388,YES,Grevious,0
08.01.2014,4:30 AM,1260.2,LHS,Rural,Tangutur,Rear End Collision,Lorry hit Mini Lorry,Lorry,Minor injury,Over speed,Four lanes or more with central divider,Straight road,,Mist/Fog,AP16TW 1388,YES,Minor,1
08.01.2014,4:30 AM,1260.2,LHS,Rural,Tangutur,Rear End Collision,Lorry hit Mini Lorry,Lorry,Minor injury,Over speed,Four lanes or more with central divider,Straight road,,Mist/Fog,AP16TW 1388,YES,Non injured ,2
08.01.2014,4:30 AM,1260.2,LHS,Rural,Tangutur,Rear End Collision,Lorry hit Mini Lorry,Lorry,Minor injury,Over speed,Four lanes or more with central divider,Straight road,,Mist/Fog,AP16TW 1388,YES,Animals affected,0
08.01.2014,8:40 AM,1205.2,RHS,Rural,Reningavaram,Overturning, Container Vehicle  Overturned,Container,Non injury,Over speed,Four lanes or more with central divider,Straight road,,Fine,MH42T 0314,YES,Fatal,0
08.01.2014,8:40 AM,1205.2,RHS,Rural,Reningavaram,Overturning, Container Vehicle  Overturned,Container,Non injury,Over speed,Four lanes or more with central divider,Straight road,,Fine,MH42T 0314,YES,Grevious,0
08.01.2014,8:40 AM,1205.2,RHS,Rural,Reningavaram,Overturning, Container Vehicle  Overturned,Container,Non injury,Over speed,Four lanes or more with central divider,Straight road,,Fine,MH42T 0314,YES,Minor,0
08.01.2014,8:40 AM,1205.2,RHS,Rural,Reningavaram,Overturning, Container Vehicle  Overturned,Container,Non injury,Over speed,Four lanes or more with central divider,Straight road,,Fine,MH42T 0314,YES,Non injured ,1
08.01.2014,8:40 AM,1205.2,RHS,Rural,Reningavaram,Overturning, Container Vehicle  Overturned,Container,Non injury,Over speed,Four lanes or more with central divider,Straight road,,Fine,MH42T 0314,YES,Animals affected,0
09.01.2014,9:10 AM,1292.3,LHS,Rural,Ulavapadu,Overturning, Harvester Overturned,Harvester,Minor injury,Over speed,Four lanes or more with central divider,Straight road,,Fine,TN55H    3353,YES,Fatal,0
09.01.2014,9:10 AM,1292.3,LHS,Rural,Ulavapadu,Overturning, Harvester Overturned,Harvester,Minor injury,Over speed,Four lanes or more with central divider,Straight road,,Fine,TN55H    3353,YES,Grevious,0
09.01.2014,9:10 AM,1292.3,LHS,Rural,Ulavapadu,Overturning, Harvester Overturned,Harvester,Minor injury,Over speed,Four lanes or more with central divider,Straight road,,Fine,TN55H    3353,YES,Minor,1
09.01.2014,9:10 AM,1292.3,LHS,Rural,Ulavapadu,Overturning, Harvester Overturned,Harvester,Minor injury,Over speed,Four lanes or more with central divider,Straight road,,Fine,TN55H    3353,YES,Non injured ,2
09.01.2014,9:10 AM,1292.3,LHS,Rural,Ulavapadu,Overturning, Harvester Overturned,Harvester,Minor injury,Over speed,Four lanes or more with central divider,Straight road,,Fine,TN55H    3353,YES,Animals affected,0
10.01.2014,10:50 PM,1326.4,RHS,Rural,Kavali,Rear End Collision,Bus hit Lorry,Bus,Minor injury,Over speed,Four lanes or more with central divider,Straight road,,Mist/Fog,AP27Y   4266,YES,Fatal,0
10.01.2014,10:50 PM,1326.4,RHS,Rural,Kavali,Rear End Collision,Bus hit Lorry,Bus,Minor injury,Over speed,Four lanes or more with central divider,Straight road,,Mist/Fog,AP27Y   4266,YES,Grevious,0
10.01.2014,10:50 PM,1326.4,RHS,Rural,Kavali,Rear End Collision,Bus hit Lorry,Bus,Minor injury,Over speed,Four lanes or more with central divider,Straight road,,Mist/Fog,AP27Y   4266,YES,Minor,1
10.01.2014,10:50 PM,1326.4,RHS,Rural,Kavali,Rear End Collision,Bus hit Lorry,Bus,Minor injury,Over speed,Four lanes or more with central divider,Straight road,,Mist/Fog,AP27Y   4266,YES,Non injured ,20
10.01.2014,10:50 PM,1326.4,RHS,Rural,Kavali,Rear End Collision,Bus hit Lorry,Bus,Minor injury,Over speed,Four lanes or more with central divider,Straight road,,Mist/Fog,AP27Y   4266,YES,Animals affected,0
11.01.2014,2:20 AM,1328.9,LHS,Rural,Kavali,Overturning,Tata ACE Over Turned,Tata Ace,Non injury,Over speed,Four lanes or more with central divider,Straight road,,Mist/Fog,AP37TC  5238,YES,Fatal,0
11.01.2014,2:20 AM,1328.9,LHS,Rural,Kavali,Overturning,Tata ACE Over Turned,Tata Ace,Non injury,Over speed,Four lanes or more with central divider,Straight road,,Mist/Fog,AP37TC  5238,YES,Grevious,0
11.01.2014,2:20 AM,1328.9,LHS,Rural,Kavali,Overturning,Tata ACE Over Turned,Tata Ace,Non injury,Over speed,Four lanes or more with central divider,Straight road,,Mist/Fog,AP37TC  5238,YES,Minor,0
11.01.2014,2:20 AM,1328.9,LHS,Rural,Kavali,Overturning,Tata ACE Over Turned,Tata Ace,Non injury,Over speed,Four lanes or more with central divider,Straight road,,Mist/Fog,AP37TC  5238,YES,Non injured ,2
11.01.2014,2:20 AM,1328.9,LHS,Rural,Kavali,Overturning,Tata ACE Over Turned,Tata Ace,Non injury,Over speed,Four lanes or more with central divider,Straight road,,Mist/Fog,AP37TC  5238,YES,Animals affected,0
11.01.2014,3:00 AM,1326.3,RHS,Rural,Kavali,Rear End Collision,Lorry hit      Car,Lorry,Non injury,Over speed,Four lanes or more with central divider,Straight road,,Mist/Fog,WB33A    9806,YES,Fatal,0
11.01.2014,3:00 AM,1326.3,RHS,Rural,Kavali,Rear End Collision,Lorry hit      Car,Lorry,Non injury,Over speed,Four lanes or more with central divider,Straight road,,Mist/Fog,WB33A    9806,YES,Grevious,0
11.01.2014,3:00 AM,1326.3,RHS,Rural,Kavali,Rear End Collision,Lorry hit      Car,Lorry,Non injury,Over speed,Four lanes or more with central divider,Straight road,,Mist/Fog,WB33A    9806,YES,Minor,0
11.01.2014,3:00 AM,1326.3,RHS,Rural,Kavali,Rear End Collision,Lorry hit      Car,Lorry,Non injury,Over speed,Four lanes or more with central divider,Straight road,,Mist/Fog,WB33A    9806,YES,Non injured ,2
11.01.2014,3:00 AM,1326.3,RHS,Rural,Kavali,Rear End Collision,Lorry hit      Car,Lorry,Non injury,Over speed,Four lanes or more with central divider,Straight road,,Mist/Fog,WB33A    9806,YES,Animals affected,0
11.01.2014,7:50 PM,1244.1,RHS,Rural,Ongole,Collision Brush/Side Wipe,DCM Lorry hit   Bridge  Wall,Lorry,Minor injury,Druken,Four lanes or more with central divider,Straight road,,Fine,AP37Y      8356,YES,Fatal,0
11.01.2014,7:50 PM,1244.1,RHS,Rural,Ongole,Collision Brush/Side Wipe,DCM Lorry hit   Bridge  Wall,Lorry,Minor injury,Druken,Four lanes or more with central divider,Straight road,,Fine,AP37Y      8356,YES,Grevious,0
11.01.2014,7:50 PM,1244.1,RHS,Rural,Ongole,Collision Brush/Side Wipe,DCM Lorry hit   Bridge  Wall,Lorry,Minor injury,Druken,Four lanes or more with central divider,Straight road,,Fine,AP37Y      8356,YES,Minor,4
11.01.2014,7:50 PM,1244.1,RHS,Rural,Ongole,Collision Brush/Side Wipe,DCM Lorry hit   Bridge  Wall,Lorry,Minor injury,Druken,Four lanes or more with central divider,Straight road,,Fine,AP37Y      8356,YES,Non injured ,0
11.01.2014,7:50 PM,1244.1,RHS,Rural,Ongole,Collision Brush/Side Wipe,DCM Lorry hit   Bridge  Wall,Lorry,Minor injury,Druken,Four lanes or more with central divider,Straight road,,Fine,AP37Y      8356,YES,Animals affected,0
12.01.2014,11:11 AM,1222.1,LHS,Rural,Medarametla,Head on collision,Bike hit        Bike,Bike,Grievious injury,Over speed,Four lanes or more with central divider,Straight road,,Fine,AP29BL   3461,YES,Fatal,0
12.01.2014,11:11 AM,1222.1,LHS,Rural,Medarametla,Head on collision,Bike hit        Bike,Bike,Grievious injury,Over speed,Four lanes or more with central divider,Straight road,,Fine,AP29BL   3461,YES,Grevious,1
12.01.2014,11:11 AM,1222.1,LHS,Rural,Medarametla,Head on collision,Bike hit        Bike,Bike,Grievious injury,Over speed,Four lanes or more with central divider,Straight road,,Fine,AP29BL   3461,YES,Minor,0
12.01.2014,11:11 AM,1222.1,LHS,Rural,Medarametla,Head on collision,Bike hit        Bike,Bike,Grievious injury,Over speed,Four lanes or more with central divider,Straight road,,Fine,AP29BL   3461,YES,Non injured ,2
12.01.2014,11:11 AM,1222.1,LHS,Rural,Medarametla,Head on collision,Bike hit        Bike,Bike,Grievious injury,Over speed,Four lanes or more with central divider,Straight road,,Fine,AP29BL   3461,YES,Animals affected,0
12.01.2014,1:30 PM,1316.8,RHS,Rural,Kavali,Rear End Collision,Lorry hit      Lorry,Lorry,Minor injury,Fault of driver of motor vehicle/driver of other vehicle/cyclist/pedestrian/passenger,Four lanes or more with central divider,Slight curve,,Fine,AP03X    3364,YES,Fatal,0
12.01.2014,1:30 PM,1316.8,RHS,Rural,Kavali,Rear End Collision,Lorry hit      Lorry,Lorry,Minor injury,Fault of driver of motor vehicle/driver of other vehicle/cyclist/pedestrian/passenger,Four lanes or more with central divider,Slight curve,,Fine,AP03X    3364,YES,Grevious,0
12.01.2014,1:30 PM,1316.8,RHS,Rural,Kavali,Rear End Collision,Lorry hit      Lorry,Lorry,Minor injury,Fault of driver of motor vehicle/driver of other vehicle/cyclist/pedestrian/passenger,Four lanes or more with central divider,Slight curve,,Fine,AP03X    3364,YES,Minor,1
12.01.2014,1:30 PM,1316.8,RHS,Rural,Kavali,Rear End Collision,Lorry hit      Lorry,Lorry,Minor injury,Fault of driver of motor vehicle/driver of other vehicle/cyclist/pedestrian/passenger,Four lanes or more with central divider,Slight curve,,Fine,AP03X    3364,YES,Non injured ,3
12.01.2014,1:30 PM,1316.8,RHS,Rural,Kavali,Rear End Collision,Lorry hit      Lorry,Lorry,Minor injury,Fault of driver of motor vehicle/driver of other vehicle/cyclist/pedestrian/passenger,Four lanes or more with central divider,Slight curve,,Fine,AP03X    3364,YES,Animals affected,0
13.01.2014,4:00 AM,1300.6,LHS,Rural,Gudluru,Rear End Collision,Lorry hit     Lorry,Lorry,Grievious injury,Fault of driver of motor vehicle/driver of other vehicle/cyclist/pedestrian/passenger,Four lanes or more with central divider,Straight road,,Mist/Fog,TN52A     5695,YES,Fatal,0
13.01.2014,4:00 AM,1300.6,LHS,Rural,Gudluru,Rear End Collision,Lorry hit     Lorry,Lorry,Grievious injury,Fault of driver of motor vehicle/driver of other vehicle/cyclist/pedestrian/passenger,Four lanes or more with central divider,Straight road,,Mist/Fog,TN52A     5695,YES,Grevious,1
13.01.2014,4:00 AM,1300.6,LHS,Rural,Gudluru,Rear End Collision,Lorry hit     Lorry,Lorry,Grievious injury,Fault of driver of motor vehicle/driver of other vehicle/cyclist/pedestrian/passenger,Four lanes or more with central divider,Straight road,,Mist/Fog,TN52A     5695,YES,Minor,0
13.01.2014,4:00 AM,1300.6,LHS,Rural,Gudluru,Rear End Collision,Lorry hit     Lorry,Lorry,Grievious injury,Fault of driver of motor vehicle/driver of other vehicle/cyclist/pedestrian/passenger,Four lanes or more with central divider,Straight road,,Mist/Fog,TN52A     5695,YES,Non injured ,2
13.01.2014,4:00 AM,1300.6,LHS,Rural,Gudluru,Rear End Collision,Lorry hit     Lorry,Lorry,Grievious injury,Fault of driver of motor vehicle/driver of other vehicle/cyclist/pedestrian/passenger,Four lanes or more with central divider,Straight road,,Mist/Fog,TN52A     5695,YES,Animals affected,0