Operational date,Time of Accident,KM && M,Position,Rural/Urban,Location,Nature of Accident Position,Nature of Accident,Vehicle Involved,Type of Accident,Causes,Road Feature,Road condition,Intersection Type And Control,Weather Condition,Vehicle Responsible,Help Provided by Ambulance/Patroling Vehicle,Classification of Accident,No of Affected Persons
13.01.2014,1:00 PM,1206.2,LHS,Rural,Reningavaram,Rear End Collision, TVS XL Scooty hit Lorry,Bike,Grievious injury,Vehicle out of control,Four lanes or more with central divider,Straight road,,Fine,AP27AM  2911,YES,Fatal,0
13.01.2014,1:00 PM,1206.2,LHS,Rural,Reningavaram,Rear End Collision, TVS XL Scooty hit Lorry,Bike,Grievious injury,Vehicle out of control,Four lanes or more with central divider,Straight road,,Fine,AP27AM  2911,YES,Grevious,1
13.01.2014,1:00 PM,1206.2,LHS,Rural,Reningavaram,Rear End Collision, TVS XL Scooty hit Lorry,Bike,Grievious injury,Vehicle out of control,Four lanes or more with central divider,Straight road,,Fine,AP27AM  2911,YES,Minor,1
13.01.2014,1:00 PM,1206.2,LHS,Rural,Reningavaram,Rear End Collision, TVS XL Scooty hit Lorry,Bike,Grievious injury,Vehicle out of control,Four lanes or more with central divider,Straight road,,Fine,AP27AM  2911,YES,Non injured ,2
13.01.2014,1:00 PM,1206.2,LHS,Rural,Reningavaram,Rear End Collision, TVS XL Scooty hit Lorry,Bike,Grievious injury,Vehicle out of control,Four lanes or more with central divider,Straight road,,Fine,AP27AM  2911,YES,Animals affected,0
13.01.2014,5:15 PM,1360.5,RHS,Rural,Kodavaluru,Rear End Collision,Tata Ace hit Car,Tata Ace,Grievious injury,Vehicle out of control,Four lanes or more with central divider,Straight road,,Fine,AP26TB  6406,YES,Fatal,0
13.01.2014,5:15 PM,1360.5,RHS,Rural,Kodavaluru,Rear End Collision,Tata Ace hit Car,Tata Ace,Grievious injury,Vehicle out of control,Four lanes or more with central divider,Straight road,,Fine,AP26TB  6406,YES,Grevious,1
13.01.2014,5:15 PM,1360.5,RHS,Rural,Kodavaluru,Rear End Collision,Tata Ace hit Car,Tata Ace,Grievious injury,Vehicle out of control,Four lanes or more with central divider,Straight road,,Fine,AP26TB  6406,YES,Minor,1
13.01.2014,5:15 PM,1360.5,RHS,Rural,Kodavaluru,Rear End Collision,Tata Ace hit Car,Tata Ace,Grievious injury,Vehicle out of control,Four lanes or more with central divider,Straight road,,Fine,AP26TB  6406,YES,Non injured ,3
13.01.2014,5:15 PM,1360.5,RHS,Rural,Kodavaluru,Rear End Collision,Tata Ace hit Car,Tata Ace,Grievious injury,Vehicle out of control,Four lanes or more with central divider,Straight road,,Fine,AP26TB  6406,YES,Animals affected,0
14.01.2014,8:50 AM,1206.8,RHS,Rural,Reningavaram,Collision Brush/Side Wipe,Car hit  Medain,Car,Non injury,Vehicle out of control,Four lanes or more with central divider,Straight road,,Fine,TN22AZ     4401,YES,Fatal,0
14.01.2014,8:50 AM,1206.8,RHS,Rural,Reningavaram,Collision Brush/Side Wipe,Car hit  Medain,Car,Non injury,Vehicle out of control,Four lanes or more with central divider,Straight road,,Fine,TN22AZ     4401,YES,Grevious,0
14.01.2014,8:50 AM,1206.8,RHS,Rural,Reningavaram,Collision Brush/Side Wipe,Car hit  Medain,Car,Non injury,Vehicle out of control,Four lanes or more with central divider,Straight road,,Fine,TN22AZ     4401,YES,Minor,0
14.01.2014,8:50 AM,1206.8,RHS,Rural,Reningavaram,Collision Brush/Side Wipe,Car hit  Medain,Car,Non injury,Vehicle out of control,Four lanes or more with central divider,Straight road,,Fine,TN22AZ     4401,YES,Non injured ,4
14.01.2014,8:50 AM,1206.8,RHS,Rural,Reningavaram,Collision Brush/Side Wipe,Car hit  Medain,Car,Non injury,Vehicle out of control,Four lanes or more with central divider,Straight road,,Fine,TN22AZ     4401,YES,Animals affected,0
14.01.2014,5:10 PM,1313,LHS,Rural,Kavali,Collision Brush/Side Wipe,RTC Bus hit Bike,Bus,Minor injury,Over speed,Four lanes or more with central divider,Straight road,,Fine,AP28Z       3742,YES,Fatal,0
14.01.2014,5:10 PM,1313,LHS,Rural,Kavali,Collision Brush/Side Wipe,RTC Bus hit Bike,Bus,Minor injury,Over speed,Four lanes or more with central divider,Straight road,,Fine,AP28Z       3742,YES,Grevious,0
14.01.2014,5:10 PM,1313,LHS,Rural,Kavali,Collision Brush/Side Wipe,RTC Bus hit Bike,Bus,Minor injury,Over speed,Four lanes or more with central divider,Straight road,,Fine,AP28Z       3742,YES,Minor,1
14.01.2014,5:10 PM,1313,LHS,Rural,Kavali,Collision Brush/Side Wipe,RTC Bus hit Bike,Bus,Minor injury,Over speed,Four lanes or more with central divider,Straight road,,Fine,AP28Z       3742,YES,Non injured ,10
14.01.2014,5:10 PM,1313,LHS,Rural,Kavali,Collision Brush/Side Wipe,RTC Bus hit Bike,Bus,Minor injury,Over speed,Four lanes or more with central divider,Straight road,,Fine,AP28Z       3742,YES,Animals affected,0
15.01.2014,6:00 AM,1350,LHS,Rural,Kodavaluru,Overturning,RTC Bus OverTurned,Bus,Minor injury,Fault of driver of motor vehicle/driver of other vehicle/cyclist/pedestrian/passenger,Four lanes or more with central divider,Sharp curve,,Mist/Fog,AP28Z         4836,YES,Fatal,0
15.01.2014,6:00 AM,1350,LHS,Rural,Kodavaluru,Overturning,RTC Bus OverTurned,Bus,Minor injury,Fault of driver of motor vehicle/driver of other vehicle/cyclist/pedestrian/passenger,Four lanes or more with central divider,Sharp curve,,Mist/Fog,AP28Z         4836,YES,Grevious,0
15.01.2014,6:00 AM,1350,LHS,Rural,Kodavaluru,Overturning,RTC Bus OverTurned,Bus,Minor injury,Fault of driver of motor vehicle/driver of other vehicle/cyclist/pedestrian/passenger,Four lanes or more with central divider,Sharp curve,,Mist/Fog,AP28Z         4836,YES,Minor,1
15.01.2014,6:00 AM,1350,LHS,Rural,Kodavaluru,Overturning,RTC Bus OverTurned,Bus,Minor injury,Fault of driver of motor vehicle/driver of other vehicle/cyclist/pedestrian/passenger,Four lanes or more with central divider,Sharp curve,,Mist/Fog,AP28Z         4836,YES,Non injured ,22
15.01.2014,6:00 AM,1350,LHS,Rural,Kodavaluru,Overturning,RTC Bus OverTurned,Bus,Minor injury,Fault of driver of motor vehicle/driver of other vehicle/cyclist/pedestrian/passenger,Four lanes or more with central divider,Sharp curve,,Mist/Fog,AP28Z         4836,YES,Animals affected,0
15.01.2014,11:51 AM,1201.6,LHS,Rural,Reningavaram,Rear End Collision,Bike hit      Bike,Bike,Grievious injury,Over speed,Four lanes or more with central divider,Straight road,,Fine,AP07BQ      4872,YES,Fatal,0
15.01.2014,11:51 AM,1201.6,LHS,Rural,Reningavaram,Rear End Collision,Bike hit      Bike,Bike,Grievious injury,Over speed,Four lanes or more with central divider,Straight road,,Fine,AP07BQ      4872,YES,Grevious,1
15.01.2014,11:51 AM,1201.6,LHS,Rural,Reningavaram,Rear End Collision,Bike hit      Bike,Bike,Grievious injury,Over speed,Four lanes or more with central divider,Straight road,,Fine,AP07BQ      4872,YES,Minor,1
15.01.2014,11:51 AM,1201.6,LHS,Rural,Reningavaram,Rear End Collision,Bike hit      Bike,Bike,Grievious injury,Over speed,Four lanes or more with central divider,Straight road,,Fine,AP07BQ      4872,YES,Non injured ,0
15.01.2014,11:51 AM,1201.6,LHS,Rural,Reningavaram,Rear End Collision,Bike hit      Bike,Bike,Grievious injury,Over speed,Four lanes or more with central divider,Straight road,,Fine,AP07BQ      4872,YES,Animals affected,0
15.01.2014,5:20 PM,1324.1,RHS,Rural,Kavali,Head on collision,Bike hit      Car,Bike,Grievious injury,Fault of driver of motor vehicle/driver of other vehicle/cyclist/pedestrian/passenger,Four lanes or more with central divider,Straight road,,Fine,AP26G    8645,YES,Fatal,0
15.01.2014,5:20 PM,1324.1,RHS,Rural,Kavali,Head on collision,Bike hit      Car,Bike,Grievious injury,Fault of driver of motor vehicle/driver of other vehicle/cyclist/pedestrian/passenger,Four lanes or more with central divider,Straight road,,Fine,AP26G    8645,YES,Grevious,2
15.01.2014,5:20 PM,1324.1,RHS,Rural,Kavali,Head on collision,Bike hit      Car,Bike,Grievious injury,Fault of driver of motor vehicle/driver of other vehicle/cyclist/pedestrian/passenger,Four lanes or more with central divider,Straight road,,Fine,AP26G    8645,YES,Minor,2
15.01.2014,5:20 PM,1324.1,RHS,Rural,Kavali,Head on collision,Bike hit      Car,Bike,Grievious injury,Fault of driver of motor vehicle/driver of other vehicle/cyclist/pedestrian/passenger,Four lanes or more with central divider,Straight road,,Fine,AP26G    8645,YES,Non injured ,2
15.01.2014,5:20 PM,1324.1,RHS,Rural,Kavali,Head on collision,Bike hit      Car,Bike,Grievious injury,Fault of driver of motor vehicle/driver of other vehicle/cyclist/pedestrian/passenger,Four lanes or more with central divider,Straight road,,Fine,AP26G    8645,YES,Animals affected,0
15.01.2014,11:00 PM,1199.9,LHS,Rural,Reningavaram,Rear End Collision,RTC Bus hit Lorry,Bus,Minor injury,Over speed,Four lanes or more with central divider,Straight road,,Mist/Fog,AP29Z    1493,YES,Fatal,0
15.01.2014,11:00 PM,1199.9,LHS,Rural,Reningavaram,Rear End Collision,RTC Bus hit Lorry,Bus,Minor injury,Over speed,Four lanes or more with central divider,Straight road,,Mist/Fog,AP29Z    1493,YES,Grevious,0
15.01.2014,11:00 PM,1199.9,LHS,Rural,Reningavaram,Rear End Collision,RTC Bus hit Lorry,Bus,Minor injury,Over speed,Four lanes or more with central divider,Straight road,,Mist/Fog,AP29Z    1493,YES,Minor,1
15.01.2014,11:00 PM,1199.9,LHS,Rural,Reningavaram,Rear End Collision,RTC Bus hit Lorry,Bus,Minor injury,Over speed,Four lanes or more with central divider,Straight road,,Mist/Fog,AP29Z    1493,YES,Non injured ,25
15.01.2014,11:00 PM,1199.9,LHS,Rural,Reningavaram,Rear End Collision,RTC Bus hit Lorry,Bus,Minor injury,Over speed,Four lanes or more with central divider,Straight road,,Mist/Fog,AP29Z    1493,YES,Animals affected,0
16.01.2014,2:20 PM,1305,RHS,Rural,Gudluru,Collision Brush/Side Wipe,Tipper hit     Car,Lorry,Non injury,Over speed,Four lanes or more with central divider,Straight road,,Fine,AP27TU 0644,YES,Fatal,0
16.01.2014,2:20 PM,1305,RHS,Rural,Gudluru,Collision Brush/Side Wipe,Tipper hit     Car,Lorry,Non injury,Over speed,Four lanes or more with central divider,Straight road,,Fine,AP27TU 0644,YES,Grevious,0
16.01.2014,2:20 PM,1305,RHS,Rural,Gudluru,Collision Brush/Side Wipe,Tipper hit     Car,Lorry,Non injury,Over speed,Four lanes or more with central divider,Straight road,,Fine,AP27TU 0644,YES,Minor,0
16.01.2014,2:20 PM,1305,RHS,Rural,Gudluru,Collision Brush/Side Wipe,Tipper hit     Car,Lorry,Non injury,Over speed,Four lanes or more with central divider,Straight road,,Fine,AP27TU 0644,YES,Non injured ,4
16.01.2014,2:20 PM,1305,RHS,Rural,Gudluru,Collision Brush/Side Wipe,Tipper hit     Car,Lorry,Non injury,Over speed,Four lanes or more with central divider,Straight road,,Fine,AP27TU 0644,YES,Animals affected,0
17.01.2014,9:50 AM,1259.5,RHS,Rural,Tangutur,Collision Brush/Side Wipe,Bike hit Pedestrian,Bike,Minor injury,Over speed,Four lanes or more with central divider,Straight road,,Fine,AP27AG     0741,YES,Fatal,0
17.01.2014,9:50 AM,1259.5,RHS,Rural,Tangutur,Collision Brush/Side Wipe,Bike hit Pedestrian,Bike,Minor injury,Over speed,Four lanes or more with central divider,Straight road,,Fine,AP27AG     0741,YES,Grevious,0
17.01.2014,9:50 AM,1259.5,RHS,Rural,Tangutur,Collision Brush/Side Wipe,Bike hit Pedestrian,Bike,Minor injury,Over speed,Four lanes or more with central divider,Straight road,,Fine,AP27AG     0741,YES,Minor,1
17.01.2014,9:50 AM,1259.5,RHS,Rural,Tangutur,Collision Brush/Side Wipe,Bike hit Pedestrian,Bike,Minor injury,Over speed,Four lanes or more with central divider,Straight road,,Fine,AP27AG     0741,YES,Non injured ,1
17.01.2014,9:50 AM,1259.5,RHS,Rural,Tangutur,Collision Brush/Side Wipe,Bike hit Pedestrian,Bike,Minor injury,Over speed,Four lanes or more with central divider,Straight road,,Fine,AP27AG     0741,YES,Animals affected,0
17.01.2014,12:00 PM,1255.9,LHS,Rural,Tangutur,Overturning, Car  Overturned,Car,Minor injury,Vehicle out of control,Four lanes or more with central divider,Straight road,,Fine,AP9BE      5330,YES,Fatal,0
17.01.2014,12:00 PM,1255.9,LHS,Rural,Tangutur,Overturning, Car  Overturned,Car,Minor injury,Vehicle out of control,Four lanes or more with central divider,Straight road,,Fine,AP9BE      5330,YES,Grevious,0
17.01.2014,12:00 PM,1255.9,LHS,Rural,Tangutur,Overturning, Car  Overturned,Car,Minor injury,Vehicle out of control,Four lanes or more with central divider,Straight road,,Fine,AP9BE      5330,YES,Minor,2
17.01.2014,12:00 PM,1255.9,LHS,Rural,Tangutur,Overturning, Car  Overturned,Car,Minor injury,Vehicle out of control,Four lanes or more with central divider,Straight road,,Fine,AP9BE      5330,YES,Non injured ,0
17.01.2014,12:00 PM,1255.9,LHS,Rural,Tangutur,Overturning, Car  Overturned,Car,Minor injury,Vehicle out of control,Four lanes or more with central divider,Straight road,,Fine,AP9BE      5330,YES,Animals affected,0
17.01.2014,1:30 PM,1242.1,LHS,Rural,Ongole,Collision Brush/Side Wipe, Car hit          Car,Car,Non injury,Over speed,Four lanes or more with central divider,Straight road,,Fine,AP20AU    1166,YES,Fatal,0
17.01.2014,1:30 PM,1242.1,LHS,Rural,Ongole,Collision Brush/Side Wipe, Car hit          Car,Car,Non injury,Over speed,Four lanes or more with central divider,Straight road,,Fine,AP20AU    1166,YES,Grevious,0
17.01.2014,1:30 PM,1242.1,LHS,Rural,Ongole,Collision Brush/Side Wipe, Car hit          Car,Car,Non injury,Over speed,Four lanes or more with central divider,Straight road,,Fine,AP20AU    1166,YES,Minor,0
17.01.2014,1:30 PM,1242.1,LHS,Rural,Ongole,Collision Brush/Side Wipe, Car hit          Car,Car,Non injury,Over speed,Four lanes or more with central divider,Straight road,,Fine,AP20AU    1166,YES,Non injured ,7
17.01.2014,1:30 PM,1242.1,LHS,Rural,Ongole,Collision Brush/Side Wipe, Car hit          Car,Car,Non injury,Over speed,Four lanes or more with central divider,Straight road,,Fine,AP20AU    1166,YES,Animals affected,0
17.01.2014,3:15 PM,1243.2,LHS,Rural,Ongole,Collision Brush/Side Wipe,Car hit         Bike,Car,Minor injury,Over speed,Four lanes or more with central divider,Straight road,T-Junction,Fine,KA0MJ      3841,YES,Fatal,0
17.01.2014,3:15 PM,1243.2,LHS,Rural,Ongole,Collision Brush/Side Wipe,Car hit         Bike,Car,Minor injury,Over speed,Four lanes or more with central divider,Straight road,T-Junction,Fine,KA0MJ      3841,YES,Grevious,0
17.01.2014,3:15 PM,1243.2,LHS,Rural,Ongole,Collision Brush/Side Wipe,Car hit         Bike,Car,Minor injury,Over speed,Four lanes or more with central divider,Straight road,T-Junction,Fine,KA0MJ      3841,YES,Minor,1
17.01.2014,3:15 PM,1243.2,LHS,Rural,Ongole,Collision Brush/Side Wipe,Car hit         Bike,Car,Minor injury,Over speed,Four lanes or more with central divider,Straight road,T-Junction,Fine,KA0MJ      3841,YES,Non injured ,0
17.01.2014,3:15 PM,1243.2,LHS,Rural,Ongole,Collision Brush/Side Wipe,Car hit         Bike,Car,Minor injury,Over speed,Four lanes or more with central divider,Straight road,T-Junction,Fine,KA0MJ      3841,YES,Animals affected,0
17.01.2014,5:28 PM,1212.6,LHS,Rural,Reningavaram,Collision Brush/Side Wipe, Bike hit Median,Bike,Minor injury,Druken,Four lanes or more with central divider,Straight road,,Fine,AP27AM   4023,YES,Fatal,0
17.01.2014,5:28 PM,1212.6,LHS,Rural,Reningavaram,Collision Brush/Side Wipe, Bike hit Median,Bike,Minor injury,Druken,Four lanes or more with central divider,Straight road,,Fine,AP27AM   4023,YES,Grevious,0
17.01.2014,5:28 PM,1212.6,LHS,Rural,Reningavaram,Collision Brush/Side Wipe, Bike hit Median,Bike,Minor injury,Druken,Four lanes or more with central divider,Straight road,,Fine,AP27AM   4023,YES,Minor,1
17.01.2014,5:28 PM,1212.6,LHS,Rural,Reningavaram,Collision Brush/Side Wipe, Bike hit Median,Bike,Minor injury,Druken,Four lanes or more with central divider,Straight road,,Fine,AP27AM   4023,YES,Non injured ,0
17.01.2014,5:28 PM,1212.6,LHS,Rural,Reningavaram,Collision Brush/Side Wipe, Bike hit Median,Bike,Minor injury,Druken,Four lanes or more with central divider,Straight road,,Fine,AP27AM   4023,YES,Animals affected,0
18.01.2014,2:03 PM,1272.1,RHS,Rural,Jarugumalli,Rear End Collision, Car hit Unknown Vehicle ,Car,Grievious injury,Over speed,Four lanes or more with central divider,Straight road,,Fine,AP16AF     9599,YES,Fatal,0
18.01.2014,2:03 PM,1272.1,RHS,Rural,Jarugumalli,Rear End Collision, Car hit Unknown Vehicle ,Car,Grievious injury,Over speed,Four lanes or more with central divider,Straight road,,Fine,AP16AF     9599,YES,Grevious,2
18.01.2014,2:03 PM,1272.1,RHS,Rural,Jarugumalli,Rear End Collision, Car hit Unknown Vehicle ,Car,Grievious injury,Over speed,Four lanes or more with central divider,Straight road,,Fine,AP16AF     9599,YES,Minor,4
18.01.2014,2:03 PM,1272.1,RHS,Rural,Jarugumalli,Rear End Collision, Car hit Unknown Vehicle ,Car,Grievious injury,Over speed,Four lanes or more with central divider,Straight road,,Fine,AP16AF     9599,YES,Non injured ,0
18.01.2014,2:03 PM,1272.1,RHS,Rural,Jarugumalli,Rear End Collision, Car hit Unknown Vehicle ,Car,Grievious injury,Over speed,Four lanes or more with central divider,Straight road,,Fine,AP16AF     9599,YES,Animals affected,0
19.01.2014,11:00 AM,1318.1,RHS,Rural,Kavali,Rear End Collision, Tipper Lorry hit Car,Lorry,Non injury,Over speed,Four lanes or more with central divider,Straight road,,Fine,AP26TB 2229,YES,Fatal,0
19.01.2014,11:00 AM,1318.1,RHS,Rural,Kavali,Rear End Collision, Tipper Lorry hit Car,Lorry,Non injury,Over speed,Four lanes or more with central divider,Straight road,,Fine,AP26TB 2229,YES,Grevious,0
19.01.2014,11:00 AM,1318.1,RHS,Rural,Kavali,Rear End Collision, Tipper Lorry hit Car,Lorry,Non injury,Over speed,Four lanes or more with central divider,Straight road,,Fine,AP26TB 2229,YES,Minor,0
19.01.2014,11:00 AM,1318.1,RHS,Rural,Kavali,Rear End Collision, Tipper Lorry hit Car,Lorry,Non injury,Over speed,Four lanes or more with central divider,Straight road,,Fine,AP26TB 2229,YES,Non injured ,4
19.01.2014,11:00 AM,1318.1,RHS,Rural,Kavali,Rear End Collision, Tipper Lorry hit Car,Lorry,Non injury,Over speed,Four lanes or more with central divider,Straight road,,Fine,AP26TB 2229,YES,Animals affected,0
20.01.2014,3:10 AM,1324.5,LHS,Rural,Kavali,Rear End Collision,Tata Ace hit Lorry,Tata Ace,Non injury,Fault of driver of motor vehicle/driver of other vehicle/cyclist/pedestrian/passenger,Four lanes or more with central divider,Straight road,,Mist/Fog,AP24TB  8717,YES,Fatal,0
20.01.2014,3:10 AM,1324.5,LHS,Rural,Kavali,Rear End Collision,Tata Ace hit Lorry,Tata Ace,Non injury,Fault of driver of motor vehicle/driver of other vehicle/cyclist/pedestrian/passenger,Four lanes or more with central divider,Straight road,,Mist/Fog,AP24TB  8717,YES,Grevious,0
20.01.2014,3:10 AM,1324.5,LHS,Rural,Kavali,Rear End Collision,Tata Ace hit Lorry,Tata Ace,Non injury,Fault of driver of motor vehicle/driver of other vehicle/cyclist/pedestrian/passenger,Four lanes or more with central divider,Straight road,,Mist/Fog,AP24TB  8717,YES,Minor,0
20.01.2014,3:10 AM,1324.5,LHS,Rural,Kavali,Rear End Collision,Tata Ace hit Lorry,Tata Ace,Non injury,Fault of driver of motor vehicle/driver of other vehicle/cyclist/pedestrian/passenger,Four lanes or more with central divider,Straight road,,Mist/Fog,AP24TB  8717,YES,Non injured ,4
20.01.2014,3:10 AM,1324.5,LHS,Rural,Kavali,Rear End Collision,Tata Ace hit Lorry,Tata Ace,Non injury,Fault of driver of motor vehicle/driver of other vehicle/cyclist/pedestrian/passenger,Four lanes or more with central divider,Straight road,,Mist/Fog,AP24TB  8717,YES,Animals affected,0
20.01.2014,4:20 AM,1327.1,RHS,Rural,Kavali,Collision Brush/Side Wipe,Lorry  hit C.C.Barrier,Lorry,Non injury,Fault of driver of motor vehicle/driver of other vehicle/cyclist/pedestrian/passenger,Four lanes or more with central divider,Straight road,,Mist/Fog,HR38N  8192,YES,Fatal,0
20.01.2014,4:20 AM,1327.1,RHS,Rural,Kavali,Collision Brush/Side Wipe,Lorry  hit C.C.Barrier,Lorry,Non injury,Fault of driver of motor vehicle/driver of other vehicle/cyclist/pedestrian/passenger,Four lanes or more with central divider,Straight road,,Mist/Fog,HR38N  8192,YES,Grevious,0
20.01.2014,4:20 AM,1327.1,RHS,Rural,Kavali,Collision Brush/Side Wipe,Lorry  hit C.C.Barrier,Lorry,Non injury,Fault of driver of motor vehicle/driver of other vehicle/cyclist/pedestrian/passenger,Four lanes or more with central divider,Straight road,,Mist/Fog,HR38N  8192,YES,Minor,0
20.01.2014,4:20 AM,1327.1,RHS,Rural,Kavali,Collision Brush/Side Wipe,Lorry  hit C.C.Barrier,Lorry,Non injury,Fault of driver of motor vehicle/driver of other vehicle/cyclist/pedestrian/passenger,Four lanes or more with central divider,Straight road,,Mist/Fog,HR38N  8192,YES,Non injured ,1
20.01.2014,4:20 AM,1327.1,RHS,Rural,Kavali,Collision Brush/Side Wipe,Lorry  hit C.C.Barrier,Lorry,Non injury,Fault of driver of motor vehicle/driver of other vehicle/cyclist/pedestrian/passenger,Four lanes or more with central divider,Straight road,,Mist/Fog,HR38N  8192,YES,Animals affected,0
20.01.2014,9:00 AM,1328.5,LHS,Rural,Kavali,Head on collision, Lorry hit    Bike,Lorry,Minor injury,Fault of driver of motor vehicle/driver of other vehicle/cyclist/pedestrian/passenger,Four lanes or more with central divider,Straight road,T-Junction,Fine,AP27TU 3699,YES,Fatal,0
20.01.2014,9:00 AM,1328.5,LHS,Rural,Kavali,Head on collision, Lorry hit    Bike,Lorry,Minor injury,Fault of driver of motor vehicle/driver of other vehicle/cyclist/pedestrian/passenger,Four lanes or more with central divider,Straight road,T-Junction,Fine,AP27TU 3699,YES,Grevious,0
20.01.2014,9:00 AM,1328.5,LHS,Rural,Kavali,Head on collision, Lorry hit    Bike,Lorry,Minor injury,Fault of driver of motor vehicle/driver of other vehicle/cyclist/pedestrian/passenger,Four lanes or more with central divider,Straight road,T-Junction,Fine,AP27TU 3699,YES,Minor,1
20.01.2014,9:00 AM,1328.5,LHS,Rural,Kavali,Head on collision, Lorry hit    Bike,Lorry,Minor injury,Fault of driver of motor vehicle/driver of other vehicle/cyclist/pedestrian/passenger,Four lanes or more with central divider,Straight road,T-Junction,Fine,AP27TU 3699,YES,Non injured ,2
20.01.2014,9:00 AM,1328.5,LHS,Rural,Kavali,Head on collision, Lorry hit    Bike,Lorry,Minor injury,Fault of driver of motor vehicle/driver of other vehicle/cyclist/pedestrian/passenger,Four lanes or more with central divider,Straight road,T-Junction,Fine,AP27TU 3699,YES,Animals affected,0
20.01.2014,5:17 PM,1252.2,LHS,Rural,Ongole,Skidding,Bike   Skidding,Bike,Minor injury,Over speed,Four lanes or more with central divider,Straight road,,Fine,AP27AB     7494,YES,Fatal,0
20.01.2014,5:17 PM,1252.2,LHS,Rural,Ongole,Skidding,Bike   Skidding,Bike,Minor injury,Over speed,Four lanes or more with central divider,Straight road,,Fine,AP27AB     7494,YES,Grevious,0
20.01.2014,5:17 PM,1252.2,LHS,Rural,Ongole,Skidding,Bike   Skidding,Bike,Minor injury,Over speed,Four lanes or more with central divider,Straight road,,Fine,AP27AB     7494,YES,Minor,2
20.01.2014,5:17 PM,1252.2,LHS,Rural,Ongole,Skidding,Bike   Skidding,Bike,Minor injury,Over speed,Four lanes or more with central divider,Straight road,,Fine,AP27AB     7494,YES,Non injured ,0
20.01.2014,5:17 PM,1252.2,LHS,Rural,Ongole,Skidding,Bike   Skidding,Bike,Minor injury,Over speed,Four lanes or more with central divider,Straight road,,Fine,AP27AB     7494,YES,Animals affected,0
21.01.2014,3:15 PM,1290.6,RHS,Rural,Ulavapadu,Collision Brush/Side Wipe,Bike hit Median,Bike,Minor injury,Over speed,Four lanes or more with central divider,Straight road,,Fine,MH31EL    1947,YES,Fatal,0
21.01.2014,3:15 PM,1290.6,RHS,Rural,Ulavapadu,Collision Brush/Side Wipe,Bike hit Median,Bike,Minor injury,Over speed,Four lanes or more with central divider,Straight road,,Fine,MH31EL    1947,YES,Grevious,0
21.01.2014,3:15 PM,1290.6,RHS,Rural,Ulavapadu,Collision Brush/Side Wipe,Bike hit Median,Bike,Minor injury,Over speed,Four lanes or more with central divider,Straight road,,Fine,MH31EL    1947,YES,Minor,2
21.01.2014,3:15 PM,1290.6,RHS,Rural,Ulavapadu,Collision Brush/Side Wipe,Bike hit Median,Bike,Minor injury,Over speed,Four lanes or more with central divider,Straight road,,Fine,MH31EL    1947,YES,Non injured ,0
21.01.2014,3:15 PM,1290.6,RHS,Rural,Ulavapadu,Collision Brush/Side Wipe,Bike hit Median,Bike,Minor injury,Over speed,Four lanes or more with central divider,Straight road,,Fine,MH31EL    1947,YES,Animals affected,0
23.01.2014,2:20 AM,1306.4,LHS,Rural,Gudluru,Collision Brush/Side Wipe,Lorry  hit C.C.Barrier,Lorry,Non injury,Fault of driver of motor vehicle/driver of other vehicle/cyclist/pedestrian/passenger,Four lanes or more with central divider,Straight road,,Mist/Fog,AP30V     0540,YES,Fatal,0
23.01.2014,2:20 AM,1306.4,LHS,Rural,Gudluru,Collision Brush/Side Wipe,Lorry  hit C.C.Barrier,Lorry,Non injury,Fault of driver of motor vehicle/driver of other vehicle/cyclist/pedestrian/passenger,Four lanes or more with central divider,Straight road,,Mist/Fog,AP30V     0540,YES,Grevious,0
23.01.2014,2:20 AM,1306.4,LHS,Rural,Gudluru,Collision Brush/Side Wipe,Lorry  hit C.C.Barrier,Lorry,Non injury,Fault of driver of motor vehicle/driver of other vehicle/cyclist/pedestrian/passenger,Four lanes or more with central divider,Straight road,,Mist/Fog,AP30V     0540,YES,Minor,0
23.01.2014,2:20 AM,1306.4,LHS,Rural,Gudluru,Collision Brush/Side Wipe,Lorry  hit C.C.Barrier,Lorry,Non injury,Fault of driver of motor vehicle/driver of other vehicle/cyclist/pedestrian/passenger,Four lanes or more with central divider,Straight road,,Mist/Fog,AP30V     0540,YES,Non injured ,2
23.01.2014,2:20 AM,1306.4,LHS,Rural,Gudluru,Collision Brush/Side Wipe,Lorry  hit C.C.Barrier,Lorry,Non injury,Fault of driver of motor vehicle/driver of other vehicle/cyclist/pedestrian/passenger,Four lanes or more with central divider,Straight road,,Mist/Fog,AP30V     0540,YES,Animals affected,0
23.01.2014,3:40 AM,1214.6,LHS,Rural,Medarametla,Collision Brush/Side Wipe, Lorry hit BridgeWall,Lorry,Non injury,Fault of driver of motor vehicle/driver of other vehicle/cyclist/pedestrian/passenger,Four lanes or more with central divider,Straight road,,Mist/Fog,TN28B    2916,YES,Fatal,0
23.01.2014,3:40 AM,1214.6,LHS,Rural,Medarametla,Collision Brush/Side Wipe, Lorry hit BridgeWall,Lorry,Non injury,Fault of driver of motor vehicle/driver of other vehicle/cyclist/pedestrian/passenger,Four lanes or more with central divider,Straight road,,Mist/Fog,TN28B    2916,YES,Grevious,0
23.01.2014,3:40 AM,1214.6,LHS,Rural,Medarametla,Collision Brush/Side Wipe, Lorry hit BridgeWall,Lorry,Non injury,Fault of driver of motor vehicle/driver of other vehicle/cyclist/pedestrian/passenger,Four lanes or more with central divider,Straight road,,Mist/Fog,TN28B    2916,YES,Minor,0