Operational date,Time of Accident,KM && M,Position,Rural/Urban,Location,Nature of Accident Position,Nature of Accident,Vehicle Involved,Type of Accident,Causes,Road Feature,Road condition,Intersection Type And Control,Weather Condition,Vehicle Responsible,Help Provided by Ambulance/Patroling Vehicle,Classification of Accident,No of Affected Persons
23.01.2014,3:40 AM,1214.6,LHS,Rural,Medarametla,Collision Brush/Side Wipe, Lorry hit BridgeWall,Lorry,Non injury,Fault of driver of motor vehicle/driver of other vehicle/cyclist/pedestrian/passenger,Four lanes or more with central divider,Straight road,,Mist/Fog,TN28B    2916,YES,Non injured ,2
23.01.2014,3:40 AM,1214.6,LHS,Rural,Medarametla,Collision Brush/Side Wipe, Lorry hit BridgeWall,Lorry,Non injury,Fault of driver of motor vehicle/driver of other vehicle/cyclist/pedestrian/passenger,Four lanes or more with central divider,Straight road,,Mist/Fog,TN28B    2916,YES,Animals affected,0
23.01.2014,5:05 AM,1316.6,LHS,Rural,Kavali,Rear End Collision, Lorry hit Tempo Van,Lorry,Minor injury,Vehicle out of control,Four lanes or more with central divider,Straight road,,Mist/Fog,AP16TE    0659,YES,Fatal,0
23.01.2014,5:05 AM,1316.6,LHS,Rural,Kavali,Rear End Collision, Lorry hit Tempo Van,Lorry,Minor injury,Vehicle out of control,Four lanes or more with central divider,Straight road,,Mist/Fog,AP16TE    0659,YES,Grevious,0
23.01.2014,5:05 AM,1316.6,LHS,Rural,Kavali,Rear End Collision, Lorry hit Tempo Van,Lorry,Minor injury,Vehicle out of control,Four lanes or more with central divider,Straight road,,Mist/Fog,AP16TE    0659,YES,Minor,2
23.01.2014,5:05 AM,1316.6,LHS,Rural,Kavali,Rear End Collision, Lorry hit Tempo Van,Lorry,Minor injury,Vehicle out of control,Four lanes or more with central divider,Straight road,,Mist/Fog,AP16TE    0659,YES,Non injured ,6
23.01.2014,5:05 AM,1316.6,LHS,Rural,Kavali,Rear End Collision, Lorry hit Tempo Van,Lorry,Minor injury,Vehicle out of control,Four lanes or more with central divider,Straight road,,Mist/Fog,AP16TE    0659,YES,Animals affected,0
23.01.2014,5:10 AM,1316.5,LHS,Rural,Kavali,Rear End Collision, Lorry hit Lorry,Lorry,Non injury,Vehicle out of control,Four lanes or more with central divider,Straight road,,Mist/Fog,AP31TA  9679,YES,Fatal,0
23.01.2014,5:10 AM,1316.5,LHS,Rural,Kavali,Rear End Collision, Lorry hit Lorry,Lorry,Non injury,Vehicle out of control,Four lanes or more with central divider,Straight road,,Mist/Fog,AP31TA  9679,YES,Grevious,0
23.01.2014,5:10 AM,1316.5,LHS,Rural,Kavali,Rear End Collision, Lorry hit Lorry,Lorry,Non injury,Vehicle out of control,Four lanes or more with central divider,Straight road,,Mist/Fog,AP31TA  9679,YES,Minor,0
23.01.2014,5:10 AM,1316.5,LHS,Rural,Kavali,Rear End Collision, Lorry hit Lorry,Lorry,Non injury,Vehicle out of control,Four lanes or more with central divider,Straight road,,Mist/Fog,AP31TA  9679,YES,Non injured ,2
23.01.2014,5:10 AM,1316.5,LHS,Rural,Kavali,Rear End Collision, Lorry hit Lorry,Lorry,Non injury,Vehicle out of control,Four lanes or more with central divider,Straight road,,Mist/Fog,AP31TA  9679,YES,Animals affected,0
24.01.2014,8:20 AM,1254.5,RHS,Rural,Ongole,Collision Brush/Side Wipe,Lorry hit  Lorry,Lorry,Non injury,Fault of driver of motor vehicle/driver of other vehicle/cyclist/pedestrian/passenger,Four lanes or more with central divider,Slight curve,,Fine,AP27V     8244,YES,Fatal,0
24.01.2014,8:20 AM,1254.5,RHS,Rural,Ongole,Collision Brush/Side Wipe,Lorry hit  Lorry,Lorry,Non injury,Fault of driver of motor vehicle/driver of other vehicle/cyclist/pedestrian/passenger,Four lanes or more with central divider,Slight curve,,Fine,AP27V     8244,YES,Grevious,0
24.01.2014,8:20 AM,1254.5,RHS,Rural,Ongole,Collision Brush/Side Wipe,Lorry hit  Lorry,Lorry,Non injury,Fault of driver of motor vehicle/driver of other vehicle/cyclist/pedestrian/passenger,Four lanes or more with central divider,Slight curve,,Fine,AP27V     8244,YES,Minor,0
24.01.2014,8:20 AM,1254.5,RHS,Rural,Ongole,Collision Brush/Side Wipe,Lorry hit  Lorry,Lorry,Non injury,Fault of driver of motor vehicle/driver of other vehicle/cyclist/pedestrian/passenger,Four lanes or more with central divider,Slight curve,,Fine,AP27V     8244,YES,Non injured ,2
24.01.2014,8:20 AM,1254.5,RHS,Rural,Ongole,Collision Brush/Side Wipe,Lorry hit  Lorry,Lorry,Non injury,Fault of driver of motor vehicle/driver of other vehicle/cyclist/pedestrian/passenger,Four lanes or more with central divider,Slight curve,,Fine,AP27V     8244,YES,Animals affected,0
24.01.2014,4:18 PM,1211.4,LHS,Rural,Reningavaram,Right Turn Collision,Car hit         Lorry,Car,Non injury,Over speed,Four lanes or more with central divider,Straight road,T-Junction,Fine,AP29BB    0207,YES,Fatal,0
24.01.2014,4:18 PM,1211.4,LHS,Rural,Reningavaram,Right Turn Collision,Car hit         Lorry,Car,Non injury,Over speed,Four lanes or more with central divider,Straight road,T-Junction,Fine,AP29BB    0207,YES,Grevious,0
24.01.2014,4:18 PM,1211.4,LHS,Rural,Reningavaram,Right Turn Collision,Car hit         Lorry,Car,Non injury,Over speed,Four lanes or more with central divider,Straight road,T-Junction,Fine,AP29BB    0207,YES,Minor,0
24.01.2014,4:18 PM,1211.4,LHS,Rural,Reningavaram,Right Turn Collision,Car hit         Lorry,Car,Non injury,Over speed,Four lanes or more with central divider,Straight road,T-Junction,Fine,AP29BB    0207,YES,Non injured ,4
24.01.2014,4:18 PM,1211.4,LHS,Rural,Reningavaram,Right Turn Collision,Car hit         Lorry,Car,Non injury,Over speed,Four lanes or more with central divider,Straight road,T-Junction,Fine,AP29BB    0207,YES,Animals affected,0
25.01.2014,2:20 AM,1297.3,RHS,Rural,Ulavapadu,Rear End Collision,Lorry hit  Lorry,Lorry,Grievious injury,Fault of driver of motor vehicle/driver of other vehicle/cyclist/pedestrian/passenger,Four lanes or more with central divider,Straight road,,Fine,AP16Y     1000,YES,Fatal,0
25.01.2014,2:20 AM,1297.3,RHS,Rural,Ulavapadu,Rear End Collision,Lorry hit  Lorry,Lorry,Grievious injury,Fault of driver of motor vehicle/driver of other vehicle/cyclist/pedestrian/passenger,Four lanes or more with central divider,Straight road,,Fine,AP16Y     1000,YES,Grevious,1
25.01.2014,2:20 AM,1297.3,RHS,Rural,Ulavapadu,Rear End Collision,Lorry hit  Lorry,Lorry,Grievious injury,Fault of driver of motor vehicle/driver of other vehicle/cyclist/pedestrian/passenger,Four lanes or more with central divider,Straight road,,Fine,AP16Y     1000,YES,Minor,0
25.01.2014,2:20 AM,1297.3,RHS,Rural,Ulavapadu,Rear End Collision,Lorry hit  Lorry,Lorry,Grievious injury,Fault of driver of motor vehicle/driver of other vehicle/cyclist/pedestrian/passenger,Four lanes or more with central divider,Straight road,,Fine,AP16Y     1000,YES,Non injured ,2
25.01.2014,2:20 AM,1297.3,RHS,Rural,Ulavapadu,Rear End Collision,Lorry hit  Lorry,Lorry,Grievious injury,Fault of driver of motor vehicle/driver of other vehicle/cyclist/pedestrian/passenger,Four lanes or more with central divider,Straight road,,Fine,AP16Y     1000,YES,Animals affected,0
26.01.2014,5:20 AM,1317.4,LHS,Rural,Kavali,Collision Brush/Side Wipe, Lorry hit Culvert,Lorry,Non injury,Fault of driver of motor vehicle/driver of other vehicle/cyclist/pedestrian/passenger,Four lanes or more with central divider,Straight road,,Mist/Fog,AP27Y 6327,YES,Fatal,0
26.01.2014,5:20 AM,1317.4,LHS,Rural,Kavali,Collision Brush/Side Wipe, Lorry hit Culvert,Lorry,Non injury,Fault of driver of motor vehicle/driver of other vehicle/cyclist/pedestrian/passenger,Four lanes or more with central divider,Straight road,,Mist/Fog,AP27Y 6327,YES,Grevious,0
26.01.2014,5:20 AM,1317.4,LHS,Rural,Kavali,Collision Brush/Side Wipe, Lorry hit Culvert,Lorry,Non injury,Fault of driver of motor vehicle/driver of other vehicle/cyclist/pedestrian/passenger,Four lanes or more with central divider,Straight road,,Mist/Fog,AP27Y 6327,YES,Minor,0
26.01.2014,5:20 AM,1317.4,LHS,Rural,Kavali,Collision Brush/Side Wipe, Lorry hit Culvert,Lorry,Non injury,Fault of driver of motor vehicle/driver of other vehicle/cyclist/pedestrian/passenger,Four lanes or more with central divider,Straight road,,Mist/Fog,AP27Y 6327,YES,Non injured ,2
26.01.2014,5:20 AM,1317.4,LHS,Rural,Kavali,Collision Brush/Side Wipe, Lorry hit Culvert,Lorry,Non injury,Fault of driver of motor vehicle/driver of other vehicle/cyclist/pedestrian/passenger,Four lanes or more with central divider,Straight road,,Mist/Fog,AP27Y 6327,YES,Animals affected,0
26.01.2014,11:06 AM,1344.4,LHS,Rural,Dagadarthi,Skidding,Bike   Skidding,Bike,Grievious injury,Over speed,Four lanes or more with central divider,Straight road,,Fine,AP26AL   0876,YES,Fatal,0
26.01.2014,11:06 AM,1344.4,LHS,Rural,Dagadarthi,Skidding,Bike   Skidding,Bike,Grievious injury,Over speed,Four lanes or more with central divider,Straight road,,Fine,AP26AL   0876,YES,Grevious,1
26.01.2014,11:06 AM,1344.4,LHS,Rural,Dagadarthi,Skidding,Bike   Skidding,Bike,Grievious injury,Over speed,Four lanes or more with central divider,Straight road,,Fine,AP26AL   0876,YES,Minor,0
26.01.2014,11:06 AM,1344.4,LHS,Rural,Dagadarthi,Skidding,Bike   Skidding,Bike,Grievious injury,Over speed,Four lanes or more with central divider,Straight road,,Fine,AP26AL   0876,YES,Non injured ,1
26.01.2014,11:06 AM,1344.4,LHS,Rural,Dagadarthi,Skidding,Bike   Skidding,Bike,Grievious injury,Over speed,Four lanes or more with central divider,Straight road,,Fine,AP26AL   0876,YES,Animals affected,0
27.01.2014,9:25 PM,1260.4,RHS,Rural,Tangutur,Collision Brush/Side Wipe,Bike hit      Safety wall,Bike,Grievious injury,Druken,Four lanes or more with central divider,Sharp curve,,Fine,AP27AM      7202,YES,Fatal,0
27.01.2014,9:25 PM,1260.4,RHS,Rural,Tangutur,Collision Brush/Side Wipe,Bike hit      Safety wall,Bike,Grievious injury,Druken,Four lanes or more with central divider,Sharp curve,,Fine,AP27AM      7202,YES,Grevious,1
27.01.2014,9:25 PM,1260.4,RHS,Rural,Tangutur,Collision Brush/Side Wipe,Bike hit      Safety wall,Bike,Grievious injury,Druken,Four lanes or more with central divider,Sharp curve,,Fine,AP27AM      7202,YES,Minor,1
27.01.2014,9:25 PM,1260.4,RHS,Rural,Tangutur,Collision Brush/Side Wipe,Bike hit      Safety wall,Bike,Grievious injury,Druken,Four lanes or more with central divider,Sharp curve,,Fine,AP27AM      7202,YES,Non injured ,0
27.01.2014,9:25 PM,1260.4,RHS,Rural,Tangutur,Collision Brush/Side Wipe,Bike hit      Safety wall,Bike,Grievious injury,Druken,Four lanes or more with central divider,Sharp curve,,Fine,AP27AM      7202,YES,Animals affected,0
28.01.2014,10:35 AM,1354.7,LHS,Rural,Kodavaluru,Collision Brush/Side Wipe,Lorry hit  Median,Lorry,Non injury,Fault of driver of motor vehicle/driver of other vehicle/cyclist/pedestrian/passenger,Four lanes or more with central divider,Straight road,,Fine,AP24TA    4372,YES,Fatal,0
28.01.2014,10:35 AM,1354.7,LHS,Rural,Kodavaluru,Collision Brush/Side Wipe,Lorry hit  Median,Lorry,Non injury,Fault of driver of motor vehicle/driver of other vehicle/cyclist/pedestrian/passenger,Four lanes or more with central divider,Straight road,,Fine,AP24TA    4372,YES,Grevious,0
28.01.2014,10:35 AM,1354.7,LHS,Rural,Kodavaluru,Collision Brush/Side Wipe,Lorry hit  Median,Lorry,Non injury,Fault of driver of motor vehicle/driver of other vehicle/cyclist/pedestrian/passenger,Four lanes or more with central divider,Straight road,,Fine,AP24TA    4372,YES,Minor,0
28.01.2014,10:35 AM,1354.7,LHS,Rural,Kodavaluru,Collision Brush/Side Wipe,Lorry hit  Median,Lorry,Non injury,Fault of driver of motor vehicle/driver of other vehicle/cyclist/pedestrian/passenger,Four lanes or more with central divider,Straight road,,Fine,AP24TA    4372,YES,Non injured ,2
28.01.2014,10:35 AM,1354.7,LHS,Rural,Kodavaluru,Collision Brush/Side Wipe,Lorry hit  Median,Lorry,Non injury,Fault of driver of motor vehicle/driver of other vehicle/cyclist/pedestrian/passenger,Four lanes or more with central divider,Straight road,,Fine,AP24TA    4372,YES,Animals affected,0
28.01.2014,3:26 PM,1249.7,LHS,Rural,Ongole,Collision Brush/Side Wipe,Car  hit Pedestrian,Car,Fatal,Over speed,Four lanes or more with central divider,Slight curve,,Fine,KL45D    2500,YES,Fatal,1
28.01.2014,3:26 PM,1249.7,LHS,Rural,Ongole,Collision Brush/Side Wipe,Car  hit Pedestrian,Car,Fatal,Over speed,Four lanes or more with central divider,Slight curve,,Fine,KL45D    2500,YES,Grevious,1
28.01.2014,3:26 PM,1249.7,LHS,Rural,Ongole,Collision Brush/Side Wipe,Car  hit Pedestrian,Car,Fatal,Over speed,Four lanes or more with central divider,Slight curve,,Fine,KL45D    2500,YES,Minor,0
28.01.2014,3:26 PM,1249.7,LHS,Rural,Ongole,Collision Brush/Side Wipe,Car  hit Pedestrian,Car,Fatal,Over speed,Four lanes or more with central divider,Slight curve,,Fine,KL45D    2500,YES,Non injured ,0
28.01.2014,3:26 PM,1249.7,LHS,Rural,Ongole,Collision Brush/Side Wipe,Car  hit Pedestrian,Car,Fatal,Over speed,Four lanes or more with central divider,Slight curve,,Fine,KL45D    2500,YES,Animals affected,0
29.01.2014,12:40 AM,1226.9,LHS,Rural,Maddipadu,Rear End Collision,Lorry hit Gas Tanker,Lorry,Non injury,Over speed,Four lanes or more with central divider,Straight road,,Fine,NL02K   0534,YES,Fatal,0
29.01.2014,12:40 AM,1226.9,LHS,Rural,Maddipadu,Rear End Collision,Lorry hit Gas Tanker,Lorry,Non injury,Over speed,Four lanes or more with central divider,Straight road,,Fine,NL02K   0534,YES,Grevious,0
29.01.2014,12:40 AM,1226.9,LHS,Rural,Maddipadu,Rear End Collision,Lorry hit Gas Tanker,Lorry,Non injury,Over speed,Four lanes or more with central divider,Straight road,,Fine,NL02K   0534,YES,Minor,0
29.01.2014,12:40 AM,1226.9,LHS,Rural,Maddipadu,Rear End Collision,Lorry hit Gas Tanker,Lorry,Non injury,Over speed,Four lanes or more with central divider,Straight road,,Fine,NL02K   0534,YES,Non injured ,2
29.01.2014,12:40 AM,1226.9,LHS,Rural,Maddipadu,Rear End Collision,Lorry hit Gas Tanker,Lorry,Non injury,Over speed,Four lanes or more with central divider,Straight road,,Fine,NL02K   0534,YES,Animals affected,0
29.01.2014,1:45 PM,1351.7,RHS,Rural,Kodavaluru,Collision Brush/Side Wipe,Unknown Vehicle hit Car,Unknown,Non injury,Over speed,Four lanes or more with central divider,Straight road,,Fine,Unknown Vehicle,YES,Fatal,0
29.01.2014,1:45 PM,1351.7,RHS,Rural,Kodavaluru,Collision Brush/Side Wipe,Unknown Vehicle hit Car,Unknown,Non injury,Over speed,Four lanes or more with central divider,Straight road,,Fine,Unknown Vehicle,YES,Grevious,0
29.01.2014,1:45 PM,1351.7,RHS,Rural,Kodavaluru,Collision Brush/Side Wipe,Unknown Vehicle hit Car,Unknown,Non injury,Over speed,Four lanes or more with central divider,Straight road,,Fine,Unknown Vehicle,YES,Minor,0
29.01.2014,1:45 PM,1351.7,RHS,Rural,Kodavaluru,Collision Brush/Side Wipe,Unknown Vehicle hit Car,Unknown,Non injury,Over speed,Four lanes or more with central divider,Straight road,,Fine,Unknown Vehicle,YES,Non injured ,2
29.01.2014,1:45 PM,1351.7,RHS,Rural,Kodavaluru,Collision Brush/Side Wipe,Unknown Vehicle hit Car,Unknown,Non injury,Over speed,Four lanes or more with central divider,Straight road,,Fine,Unknown Vehicle,YES,Animals affected,0
30.01.2014,5:10 AM,1242.7,LHS,Rural,Ongole,Rear End Collision,Tata Ace Vehicle hit Unknown Vehicle,Tata Ace,Minor injury,Fault of driver of motor vehicle/driver of other vehicle/cyclist/pedestrian/passenger,Four lanes or more with central divider,Straight road,,Mist/Fog,AP07T  1748,YES,Fatal,0
30.01.2014,5:10 AM,1242.7,LHS,Rural,Ongole,Rear End Collision,Tata Ace Vehicle hit Unknown Vehicle,Tata Ace,Minor injury,Fault of driver of motor vehicle/driver of other vehicle/cyclist/pedestrian/passenger,Four lanes or more with central divider,Straight road,,Mist/Fog,AP07T  1748,YES,Grevious,0
30.01.2014,5:10 AM,1242.7,LHS,Rural,Ongole,Rear End Collision,Tata Ace Vehicle hit Unknown Vehicle,Tata Ace,Minor injury,Fault of driver of motor vehicle/driver of other vehicle/cyclist/pedestrian/passenger,Four lanes or more with central divider,Straight road,,Mist/Fog,AP07T  1748,YES,Minor,1
30.01.2014,5:10 AM,1242.7,LHS,Rural,Ongole,Rear End Collision,Tata Ace Vehicle hit Unknown Vehicle,Tata Ace,Minor injury,Fault of driver of motor vehicle/driver of other vehicle/cyclist/pedestrian/passenger,Four lanes or more with central divider,Straight road,,Mist/Fog,AP07T  1748,YES,Non injured ,0
30.01.2014,5:10 AM,1242.7,LHS,Rural,Ongole,Rear End Collision,Tata Ace Vehicle hit Unknown Vehicle,Tata Ace,Minor injury,Fault of driver of motor vehicle/driver of other vehicle/cyclist/pedestrian/passenger,Four lanes or more with central divider,Straight road,,Mist/Fog,AP07T  1748,YES,Animals affected,0
31.01.2014,7:05 AM,1270.8,LHS,Rural,Jarugumalli,Rear End Collision,Mini Lorry hit  Mini Lorry,Lorry,Non injury,Over speed,Two lanes,Straight road,,Fine,AP05TX    5445,YES,Fatal,0
31.01.2014,7:05 AM,1270.8,LHS,Rural,Jarugumalli,Rear End Collision,Mini Lorry hit  Mini Lorry,Lorry,Non injury,Over speed,Two lanes,Straight road,,Fine,AP05TX    5445,YES,Grevious,0
31.01.2014,7:05 AM,1270.8,LHS,Rural,Jarugumalli,Rear End Collision,Mini Lorry hit  Mini Lorry,Lorry,Non injury,Over speed,Two lanes,Straight road,,Fine,AP05TX    5445,YES,Minor,0
31.01.2014,7:05 AM,1270.8,LHS,Rural,Jarugumalli,Rear End Collision,Mini Lorry hit  Mini Lorry,Lorry,Non injury,Over speed,Two lanes,Straight road,,Fine,AP05TX    5445,YES,Non injured ,2
31.01.2014,7:05 AM,1270.8,LHS,Rural,Jarugumalli,Rear End Collision,Mini Lorry hit  Mini Lorry,Lorry,Non injury,Over speed,Two lanes,Straight road,,Fine,AP05TX    5445,YES,Animals affected,0
01.02.2014,4:56 PM,1262.3,LHS,Rural,Tangutur,Collision Brush/Side Wipe,RTC Bus hit Oil Tanker,Bus,Non injury,Over speed,Three lanes or more without central divider(median),Sharp curve,T-Junction,Fine,AP21Z   0321,YES,Fatal,0
01.02.2014,4:56 PM,1262.3,LHS,Rural,Tangutur,Collision Brush/Side Wipe,RTC Bus hit Oil Tanker,Bus,Non injury,Over speed,Three lanes or more without central divider(median),Sharp curve,T-Junction,Fine,AP21Z   0321,YES,Grevious,0
01.02.2014,4:56 PM,1262.3,LHS,Rural,Tangutur,Collision Brush/Side Wipe,RTC Bus hit Oil Tanker,Bus,Non injury,Over speed,Three lanes or more without central divider(median),Sharp curve,T-Junction,Fine,AP21Z   0321,YES,Minor,0
01.02.2014,4:56 PM,1262.3,LHS,Rural,Tangutur,Collision Brush/Side Wipe,RTC Bus hit Oil Tanker,Bus,Non injury,Over speed,Three lanes or more without central divider(median),Sharp curve,T-Junction,Fine,AP21Z   0321,YES,Non injured ,30
01.02.2014,4:56 PM,1262.3,LHS,Rural,Tangutur,Collision Brush/Side Wipe,RTC Bus hit Oil Tanker,Bus,Non injury,Over speed,Three lanes or more without central divider(median),Sharp curve,T-Junction,Fine,AP21Z   0321,YES,Animals affected,0
01.02.2014,5:26 PM,1216.9,LHS,Rural,Medarametla,Collision Brush/Side Wipe,Car hit         Bike,Car,Grievious injury,Druken,Three lanes or more without central divider(median),Straight road,T-Junction,Fine,AP5CD     5377,YES,Fatal,0
01.02.2014,5:26 PM,1216.9,LHS,Rural,Medarametla,Collision Brush/Side Wipe,Car hit         Bike,Car,Grievious injury,Druken,Three lanes or more without central divider(median),Straight road,T-Junction,Fine,AP5CD     5377,YES,Grevious,1
01.02.2014,5:26 PM,1216.9,LHS,Rural,Medarametla,Collision Brush/Side Wipe,Car hit         Bike,Car,Grievious injury,Druken,Three lanes or more without central divider(median),Straight road,T-Junction,Fine,AP5CD     5377,YES,Minor,1
01.02.2014,5:26 PM,1216.9,LHS,Rural,Medarametla,Collision Brush/Side Wipe,Car hit         Bike,Car,Grievious injury,Druken,Three lanes or more without central divider(median),Straight road,T-Junction,Fine,AP5CD     5377,YES,Non injured ,3
01.02.2014,5:26 PM,1216.9,LHS,Rural,Medarametla,Collision Brush/Side Wipe,Car hit         Bike,Car,Grievious injury,Druken,Three lanes or more without central divider(median),Straight road,T-Junction,Fine,AP5CD     5377,YES,Animals affected,0
02.02.2014,2:00 AM,1258.1,RHS,Rural,Tangutur,Collision Brush/Side Wipe,Car hit C.C.Barrier,Car,Minor injury,Vehicle out of control,Four lanes or more with central divider,Straight road,,Fine,TN02AS    5757,YES,Fatal,0
02.02.2014,2:00 AM,1258.1,RHS,Rural,Tangutur,Collision Brush/Side Wipe,Car hit C.C.Barrier,Car,Minor injury,Vehicle out of control,Four lanes or more with central divider,Straight road,,Fine,TN02AS    5757,YES,Grevious,0
02.02.2014,2:00 AM,1258.1,RHS,Rural,Tangutur,Collision Brush/Side Wipe,Car hit C.C.Barrier,Car,Minor injury,Vehicle out of control,Four lanes or more with central divider,Straight road,,Fine,TN02AS    5757,YES,Minor,1
02.02.2014,2:00 AM,1258.1,RHS,Rural,Tangutur,Collision Brush/Side Wipe,Car hit C.C.Barrier,Car,Minor injury,Vehicle out of control,Four lanes or more with central divider,Straight road,,Fine,TN02AS    5757,YES,Non injured ,3
02.02.2014,2:00 AM,1258.1,RHS,Rural,Tangutur,Collision Brush/Side Wipe,Car hit C.C.Barrier,Car,Minor injury,Vehicle out of control,Four lanes or more with central divider,Straight road,,Fine,TN02AS    5757,YES,Animals affected,0
02.02.2014,3:05 AM,1258.1,RHS,Rural,Tangutur,Collision Brush/Side Wipe,Lorry hit C.C.Barrier,Lorry,Non injury,Fault of driver of motor vehicle/driver of other vehicle/cyclist/pedestrian/passenger,Four lanes or more with central divider,Straight road,,Fine,AP16TY   0005,YES,Fatal,0
02.02.2014,3:05 AM,1258.1,RHS,Rural,Tangutur,Collision Brush/Side Wipe,Lorry hit C.C.Barrier,Lorry,Non injury,Fault of driver of motor vehicle/driver of other vehicle/cyclist/pedestrian/passenger,Four lanes or more with central divider,Straight road,,Fine,AP16TY   0005,YES,Grevious,0
02.02.2014,3:05 AM,1258.1,RHS,Rural,Tangutur,Collision Brush/Side Wipe,Lorry hit C.C.Barrier,Lorry,Non injury,Fault of driver of motor vehicle/driver of other vehicle/cyclist/pedestrian/passenger,Four lanes or more with central divider,Straight road,,Fine,AP16TY   0005,YES,Minor,0
02.02.2014,3:05 AM,1258.1,RHS,Rural,Tangutur,Collision Brush/Side Wipe,Lorry hit C.C.Barrier,Lorry,Non injury,Fault of driver of motor vehicle/driver of other vehicle/cyclist/pedestrian/passenger,Four lanes or more with central divider,Straight road,,Fine,AP16TY   0005,YES,Non injured ,2
02.02.2014,3:05 AM,1258.1,RHS,Rural,Tangutur,Collision Brush/Side Wipe,Lorry hit C.C.Barrier,Lorry,Non injury,Fault of driver of motor vehicle/driver of other vehicle/cyclist/pedestrian/passenger,Four lanes or more with central divider,Straight road,,Fine,AP16TY   0005,YES,Animals affected,0
02.02.2014,3:15 AM,1347,RHS,Rural,Dagadarthi,Rear End Collision, L CV Lorry hit Safety Wall  ,Lorry,Non injury,Fault of driver of motor vehicle/driver of other vehicle/cyclist/pedestrian/passenger,Four lanes or more with central divider,Straight road,,Fine,KA51    9251,YES,Fatal,0
02.02.2014,3:15 AM,1347,RHS,Rural,Dagadarthi,Rear End Collision, L CV Lorry hit Safety Wall  ,Lorry,Non injury,Fault of driver of motor vehicle/driver of other vehicle/cyclist/pedestrian/passenger,Four lanes or more with central divider,Straight road,,Fine,KA51    9251,YES,Grevious,0
02.02.2014,3:15 AM,1347,RHS,Rural,Dagadarthi,Rear End Collision, L CV Lorry hit Safety Wall  ,Lorry,Non injury,Fault of driver of motor vehicle/driver of other vehicle/cyclist/pedestrian/passenger,Four lanes or more with central divider,Straight road,,Fine,KA51    9251,YES,Minor,0
02.02.2014,3:15 AM,1347,RHS,Rural,Dagadarthi,Rear End Collision, L CV Lorry hit Safety Wall  ,Lorry,Non injury,Fault of driver of motor vehicle/driver of other vehicle/cyclist/pedestrian/passenger,Four lanes or more with central divider,Straight road,,Fine,KA51    9251,YES,Non injured ,2
02.02.2014,3:15 AM,1347,RHS,Rural,Dagadarthi,Rear End Collision, L CV Lorry hit Safety Wall  ,Lorry,Non injury,Fault of driver of motor vehicle/driver of other vehicle/cyclist/pedestrian/passenger,Four lanes or more with central divider,Straight road,,Fine,KA51    9251,YES,Animals affected,0
02.02.2014,4:25 AM,1313.2,LHS,Rural,Kavali,Rear End Collision, Lorry hit Safety Wall,Lorry,Non injury,Fault of driver of motor vehicle/driver of other vehicle/cyclist/pedestrian/passenger,Four lanes or more with central divider,Straight road,,Fine,AP24TA 7229,YES,Fatal,0
02.02.2014,4:25 AM,1313.2,LHS,Rural,Kavali,Rear End Collision, Lorry hit Safety Wall,Lorry,Non injury,Fault of driver of motor vehicle/driver of other vehicle/cyclist/pedestrian/passenger,Four lanes or more with central divider,Straight road,,Fine,AP24TA 7229,YES,Grevious,0
02.02.2014,4:25 AM,1313.2,LHS,Rural,Kavali,Rear End Collision, Lorry hit Safety Wall,Lorry,Non injury,Fault of driver of motor vehicle/driver of other vehicle/cyclist/pedestrian/passenger,Four lanes or more with central divider,Straight road,,Fine,AP24TA 7229,YES,Minor,1
02.02.2014,4:25 AM,1313.2,LHS,Rural,Kavali,Rear End Collision, Lorry hit Safety Wall,Lorry,Non injury,Fault of driver of motor vehicle/driver of other vehicle/cyclist/pedestrian/passenger,Four lanes or more with central divider,Straight road,,Fine,AP24TA 7229,YES,Non injured ,1
02.02.2014,4:25 AM,1313.2,LHS,Rural,Kavali,Rear End Collision, Lorry hit Safety Wall,Lorry,Non injury,Fault of driver of motor vehicle/driver of other vehicle/cyclist/pedestrian/passenger,Four lanes or more with central divider,Straight road,,Fine,AP24TA 7229,YES,Animals affected,0
02.02.2014,3:20 PM,1273,RHS,Rural,Singarayakonda,Overturning, Lorry Over turned,Lorry,Non injury,Over speed,Four lanes or more with central divider,Straight road,,Fine,AP37TB 7179,YES,Fatal,0
02.02.2014,3:20 PM,1273,RHS,Rural,Singarayakonda,Overturning, Lorry Over turned,Lorry,Non injury,Over speed,Four lanes or more with central divider,Straight road,,Fine,AP37TB 7179,YES,Grevious,0
02.02.2014,3:20 PM,1273,RHS,Rural,Singarayakonda,Overturning, Lorry Over turned,Lorry,Non injury,Over speed,Four lanes or more with central divider,Straight road,,Fine,AP37TB 7179,YES,Minor,0
02.02.2014,3:20 PM,1273,RHS,Rural,Singarayakonda,Overturning, Lorry Over turned,Lorry,Non injury,Over speed,Four lanes or more with central divider,Straight road,,Fine,AP37TB 7179,YES,Non injured ,1
02.02.2014,3:20 PM,1273,RHS,Rural,Singarayakonda,Overturning, Lorry Over turned,Lorry,Non injury,Over speed,Four lanes or more with central divider,Straight road,,Fine,AP37TB 7179,YES,Animals affected,0
04.02.2014,5:30 AM,1335,RHS,Rural,K.Tippa ,Rear End Collision, Tempo Van  hit Unknown Vehicle,Van,Grievious injury,Druken,Four lanes or more with central divider,Straight road,,Fine,TN55J   7918,YES,Fatal,0
04.02.2014,5:30 AM,1335,RHS,Rural,K.Tippa ,Rear End Collision, Tempo Van  hit Unknown Vehicle,Van,Grievious injury,Druken,Four lanes or more with central divider,Straight road,,Fine,TN55J   7918,YES,Grevious,2