Operational date,Time of Accident,KM && M,Position,Rural/Urban,Location,Nature of Accident Position,Nature of Accident,Vehicle Involved,Type of Accident,Causes,Road Feature,Road condition,Intersection Type And Control,Weather Condition,Vehicle Responsible,Help Provided by Ambulance/Patroling Vehicle,Classification of Accident,No of Affected Persons
04.02.2014,5:30 AM,1335,RHS,Rural,K.Tippa ,Rear End Collision, Tempo Van  hit Unknown Vehicle,Van,Grievious injury,Druken,Four lanes or more with central divider,Straight road,,Fine,TN55J   7918,YES,Minor,0
04.02.2014,5:30 AM,1335,RHS,Rural,K.Tippa ,Rear End Collision, Tempo Van  hit Unknown Vehicle,Van,Grievious injury,Druken,Four lanes or more with central divider,Straight road,,Fine,TN55J   7918,YES,Non injured ,8
04.02.2014,5:30 AM,1335,RHS,Rural,K.Tippa ,Rear End Collision, Tempo Van  hit Unknown Vehicle,Van,Grievious injury,Druken,Four lanes or more with central divider,Straight road,,Fine,TN55J   7918,YES,Animals affected,0
04.02.2014,7:40 AM,1353,LHS,Rural,Kodavaluru,Collision Brush/Side Wipe, Mini Lorry hit Pedestrian,Lorry,Grievious injury,Over speed,Four lanes or more with central divider,Straight road,,Fine,AP29V     3952,YES,Fatal,0
04.02.2014,7:40 AM,1353,LHS,Rural,Kodavaluru,Collision Brush/Side Wipe, Mini Lorry hit Pedestrian,Lorry,Grievious injury,Over speed,Four lanes or more with central divider,Straight road,,Fine,AP29V     3952,YES,Grevious,1
04.02.2014,7:40 AM,1353,LHS,Rural,Kodavaluru,Collision Brush/Side Wipe, Mini Lorry hit Pedestrian,Lorry,Grievious injury,Over speed,Four lanes or more with central divider,Straight road,,Fine,AP29V     3952,YES,Minor,0
04.02.2014,7:40 AM,1353,LHS,Rural,Kodavaluru,Collision Brush/Side Wipe, Mini Lorry hit Pedestrian,Lorry,Grievious injury,Over speed,Four lanes or more with central divider,Straight road,,Fine,AP29V     3952,YES,Non injured ,2
04.02.2014,7:40 AM,1353,LHS,Rural,Kodavaluru,Collision Brush/Side Wipe, Mini Lorry hit Pedestrian,Lorry,Grievious injury,Over speed,Four lanes or more with central divider,Straight road,,Fine,AP29V     3952,YES,Animals affected,0
04.02.2014,8:00 AM,1280.4,RHS,Rural,Singarayakonda,Overturning, Lorry Over Turned,Lorry,Non injury,Fault of driver of motor vehicle/driver of other vehicle/cyclist/pedestrian/passenger,Four lanes or more with central divider,Sharp curve,,Fine,MH20AT  9881,YES,Fatal,0
04.02.2014,8:00 AM,1280.4,RHS,Rural,Singarayakonda,Overturning, Lorry Over Turned,Lorry,Non injury,Fault of driver of motor vehicle/driver of other vehicle/cyclist/pedestrian/passenger,Four lanes or more with central divider,Sharp curve,,Fine,MH20AT  9881,YES,Grevious,0
04.02.2014,8:00 AM,1280.4,RHS,Rural,Singarayakonda,Overturning, Lorry Over Turned,Lorry,Non injury,Fault of driver of motor vehicle/driver of other vehicle/cyclist/pedestrian/passenger,Four lanes or more with central divider,Sharp curve,,Fine,MH20AT  9881,YES,Minor,0
04.02.2014,8:00 AM,1280.4,RHS,Rural,Singarayakonda,Overturning, Lorry Over Turned,Lorry,Non injury,Fault of driver of motor vehicle/driver of other vehicle/cyclist/pedestrian/passenger,Four lanes or more with central divider,Sharp curve,,Fine,MH20AT  9881,YES,Non injured ,1
04.02.2014,8:00 AM,1280.4,RHS,Rural,Singarayakonda,Overturning, Lorry Over Turned,Lorry,Non injury,Fault of driver of motor vehicle/driver of other vehicle/cyclist/pedestrian/passenger,Four lanes or more with central divider,Sharp curve,,Fine,MH20AT  9881,YES,Animals affected,0
04.02.2014,4:35 PM,1357.3,LHS,Rural,Dagadarthi,Rear End Collision, Tipper hit Bike ,Lorry,Grievious injury,Over speed,Four lanes or more with central divider,Straight road,Four arm junction,Fine,KA03AA  2053,YES,Fatal,0
04.02.2014,4:35 PM,1357.3,LHS,Rural,Dagadarthi,Rear End Collision, Tipper hit Bike ,Lorry,Grievious injury,Over speed,Four lanes or more with central divider,Straight road,Four arm junction,Fine,KA03AA  2053,YES,Grevious,1
04.02.2014,4:35 PM,1357.3,LHS,Rural,Dagadarthi,Rear End Collision, Tipper hit Bike ,Lorry,Grievious injury,Over speed,Four lanes or more with central divider,Straight road,Four arm junction,Fine,KA03AA  2053,YES,Minor,0
04.02.2014,4:35 PM,1357.3,LHS,Rural,Dagadarthi,Rear End Collision, Tipper hit Bike ,Lorry,Grievious injury,Over speed,Four lanes or more with central divider,Straight road,Four arm junction,Fine,KA03AA  2053,YES,Non injured ,1
04.02.2014,4:35 PM,1357.3,LHS,Rural,Dagadarthi,Rear End Collision, Tipper hit Bike ,Lorry,Grievious injury,Over speed,Four lanes or more with central divider,Straight road,Four arm junction,Fine,KA03AA  2053,YES,Animals affected,0
05.02.2014,3:15 AM,1304.4,LHS,Rural,Gudluru,Collision Brush/Side Wipe, Lorry Out side shoulder,Lorry,Non injury,Vehicle out of control,Four lanes or more with central divider,Straight road,,Mist/Fog,AP26TB 9199,YES,Fatal,0
05.02.2014,3:15 AM,1304.4,LHS,Rural,Gudluru,Collision Brush/Side Wipe, Lorry Out side shoulder,Lorry,Non injury,Vehicle out of control,Four lanes or more with central divider,Straight road,,Mist/Fog,AP26TB 9199,YES,Grevious,0
05.02.2014,3:15 AM,1304.4,LHS,Rural,Gudluru,Collision Brush/Side Wipe, Lorry Out side shoulder,Lorry,Non injury,Vehicle out of control,Four lanes or more with central divider,Straight road,,Mist/Fog,AP26TB 9199,YES,Minor,0
05.02.2014,3:15 AM,1304.4,LHS,Rural,Gudluru,Collision Brush/Side Wipe, Lorry Out side shoulder,Lorry,Non injury,Vehicle out of control,Four lanes or more with central divider,Straight road,,Mist/Fog,AP26TB 9199,YES,Non injured ,2
05.02.2014,3:15 AM,1304.4,LHS,Rural,Gudluru,Collision Brush/Side Wipe, Lorry Out side shoulder,Lorry,Non injury,Vehicle out of control,Four lanes or more with central divider,Straight road,,Mist/Fog,AP26TB 9199,YES,Animals affected,0
05.02.2014,3:19 AM,1245.7,LHS,Rural,Ongole,Rear End Collision, Lorry hit Unknown vehicle,Lorry,Grievious injury,Over speed,Four lanes or more with central divider,Straight road,,Mist/Fog,AP07Y 0699,YES,Fatal,0
05.02.2014,3:19 AM,1245.7,LHS,Rural,Ongole,Rear End Collision, Lorry hit Unknown vehicle,Lorry,Grievious injury,Over speed,Four lanes or more with central divider,Straight road,,Mist/Fog,AP07Y 0699,YES,Grevious,1
05.02.2014,3:19 AM,1245.7,LHS,Rural,Ongole,Rear End Collision, Lorry hit Unknown vehicle,Lorry,Grievious injury,Over speed,Four lanes or more with central divider,Straight road,,Mist/Fog,AP07Y 0699,YES,Minor,1
05.02.2014,3:19 AM,1245.7,LHS,Rural,Ongole,Rear End Collision, Lorry hit Unknown vehicle,Lorry,Grievious injury,Over speed,Four lanes or more with central divider,Straight road,,Mist/Fog,AP07Y 0699,YES,Non injured ,0
05.02.2014,3:19 AM,1245.7,LHS,Rural,Ongole,Rear End Collision, Lorry hit Unknown vehicle,Lorry,Grievious injury,Over speed,Four lanes or more with central divider,Straight road,,Mist/Fog,AP07Y 0699,YES,Animals affected,0
05.02.2014,4:52 AM,1240.7,LHS,Rural,Ongole,Overturning, Oil Tanker Over Turned ,Tanker,Minor injury,Fault of driver of motor vehicle/driver of other vehicle/cyclist/pedestrian/passenger,Four lanes or more with central divider,Straight road,,Mist/Fog,TN31AC  1969,YES,Fatal,0
05.02.2014,4:52 AM,1240.7,LHS,Rural,Ongole,Overturning, Oil Tanker Over Turned ,Tanker,Minor injury,Fault of driver of motor vehicle/driver of other vehicle/cyclist/pedestrian/passenger,Four lanes or more with central divider,Straight road,,Mist/Fog,TN31AC  1969,YES,Grevious,0
05.02.2014,4:52 AM,1240.7,LHS,Rural,Ongole,Overturning, Oil Tanker Over Turned ,Tanker,Minor injury,Fault of driver of motor vehicle/driver of other vehicle/cyclist/pedestrian/passenger,Four lanes or more with central divider,Straight road,,Mist/Fog,TN31AC  1969,YES,Minor,1
05.02.2014,4:52 AM,1240.7,LHS,Rural,Ongole,Overturning, Oil Tanker Over Turned ,Tanker,Minor injury,Fault of driver of motor vehicle/driver of other vehicle/cyclist/pedestrian/passenger,Four lanes or more with central divider,Straight road,,Mist/Fog,TN31AC  1969,YES,Non injured ,0
05.02.2014,4:52 AM,1240.7,LHS,Rural,Ongole,Overturning, Oil Tanker Over Turned ,Tanker,Minor injury,Fault of driver of motor vehicle/driver of other vehicle/cyclist/pedestrian/passenger,Four lanes or more with central divider,Straight road,,Mist/Fog,TN31AC  1969,YES,Animals affected,0
06.02.2014,6:00 AM,1238.2,RHS,Rural,Maddipadu,Rear End Collision, Lorry hit Safety Wall,Lorry,Fatal,Vehicle out of control,Four lanes or more with central divider,Straight road,,Mist/Fog,AP26TT    7901,YES,Fatal,1
06.02.2014,6:00 AM,1238.2,RHS,Rural,Maddipadu,Rear End Collision, Lorry hit Safety Wall,Lorry,Fatal,Vehicle out of control,Four lanes or more with central divider,Straight road,,Mist/Fog,AP26TT    7901,YES,Grevious,1
06.02.2014,6:00 AM,1238.2,RHS,Rural,Maddipadu,Rear End Collision, Lorry hit Safety Wall,Lorry,Fatal,Vehicle out of control,Four lanes or more with central divider,Straight road,,Mist/Fog,AP26TT    7901,YES,Minor,0
06.02.2014,6:00 AM,1238.2,RHS,Rural,Maddipadu,Rear End Collision, Lorry hit Safety Wall,Lorry,Fatal,Vehicle out of control,Four lanes or more with central divider,Straight road,,Mist/Fog,AP26TT    7901,YES,Non injured ,0
06.02.2014,6:00 AM,1238.2,RHS,Rural,Maddipadu,Rear End Collision, Lorry hit Safety Wall,Lorry,Fatal,Vehicle out of control,Four lanes or more with central divider,Straight road,,Mist/Fog,AP26TT    7901,YES,Animals affected,0
06.02.2014,12:40 PM,1230.8,LHS,Rural,Maddipadu,Overturning, Tractor Over Turned ,Tractor,Non injury,Defect in mechanical condition of motor vehicle/road condition,Four lanes or more with central divider,Straight road,,Fine,T/R,YES,Fatal,0
06.02.2014,12:40 PM,1230.8,LHS,Rural,Maddipadu,Overturning, Tractor Over Turned ,Tractor,Non injury,Defect in mechanical condition of motor vehicle/road condition,Four lanes or more with central divider,Straight road,,Fine,T/R,YES,Grevious,0
06.02.2014,12:40 PM,1230.8,LHS,Rural,Maddipadu,Overturning, Tractor Over Turned ,Tractor,Non injury,Defect in mechanical condition of motor vehicle/road condition,Four lanes or more with central divider,Straight road,,Fine,T/R,YES,Minor,0
06.02.2014,12:40 PM,1230.8,LHS,Rural,Maddipadu,Overturning, Tractor Over Turned ,Tractor,Non injury,Defect in mechanical condition of motor vehicle/road condition,Four lanes or more with central divider,Straight road,,Fine,T/R,YES,Non injured ,1
06.02.2014,12:40 PM,1230.8,LHS,Rural,Maddipadu,Overturning, Tractor Over Turned ,Tractor,Non injury,Defect in mechanical condition of motor vehicle/road condition,Four lanes or more with central divider,Straight road,,Fine,T/R,YES,Animals affected,0
06.02.2014,4:00 PM,1273.4,LHS,Rural,Singarayakonda,Overturning, Car Over Turned ,Car,Minor injury,Vehicle out of control,Four lanes or more with central divider,Straight road,,Fine,AP27AM     2796,YES,Fatal,0
06.02.2014,4:00 PM,1273.4,LHS,Rural,Singarayakonda,Overturning, Car Over Turned ,Car,Minor injury,Vehicle out of control,Four lanes or more with central divider,Straight road,,Fine,AP27AM     2796,YES,Grevious,0
06.02.2014,4:00 PM,1273.4,LHS,Rural,Singarayakonda,Overturning, Car Over Turned ,Car,Minor injury,Vehicle out of control,Four lanes or more with central divider,Straight road,,Fine,AP27AM     2796,YES,Minor,3
06.02.2014,4:00 PM,1273.4,LHS,Rural,Singarayakonda,Overturning, Car Over Turned ,Car,Minor injury,Vehicle out of control,Four lanes or more with central divider,Straight road,,Fine,AP27AM     2796,YES,Non injured ,0
06.02.2014,4:00 PM,1273.4,LHS,Rural,Singarayakonda,Overturning, Car Over Turned ,Car,Minor injury,Vehicle out of control,Four lanes or more with central divider,Straight road,,Fine,AP27AM     2796,YES,Animals affected,0
07.02.2014,2:30 AM,1345.8,LHS,Rural,Dagadarthi,Rear End Collision,Lorry hit Unknown    vehicle,Lorry,Non injury,Fault of driver of motor vehicle/driver of other vehicle/cyclist/pedestrian/passenger,Four lanes or more with central divider,Straight road,,Mist/Fog,AP16TA    5969,YES,Fatal,0
07.02.2014,2:30 AM,1345.8,LHS,Rural,Dagadarthi,Rear End Collision,Lorry hit Unknown    vehicle,Lorry,Non injury,Fault of driver of motor vehicle/driver of other vehicle/cyclist/pedestrian/passenger,Four lanes or more with central divider,Straight road,,Mist/Fog,AP16TA    5969,YES,Grevious,0
07.02.2014,2:30 AM,1345.8,LHS,Rural,Dagadarthi,Rear End Collision,Lorry hit Unknown    vehicle,Lorry,Non injury,Fault of driver of motor vehicle/driver of other vehicle/cyclist/pedestrian/passenger,Four lanes or more with central divider,Straight road,,Mist/Fog,AP16TA    5969,YES,Minor,0
07.02.2014,2:30 AM,1345.8,LHS,Rural,Dagadarthi,Rear End Collision,Lorry hit Unknown    vehicle,Lorry,Non injury,Fault of driver of motor vehicle/driver of other vehicle/cyclist/pedestrian/passenger,Four lanes or more with central divider,Straight road,,Mist/Fog,AP16TA    5969,YES,Non injured ,2
07.02.2014,2:30 AM,1345.8,LHS,Rural,Dagadarthi,Rear End Collision,Lorry hit Unknown    vehicle,Lorry,Non injury,Fault of driver of motor vehicle/driver of other vehicle/cyclist/pedestrian/passenger,Four lanes or more with central divider,Straight road,,Mist/Fog,AP16TA    5969,YES,Animals affected,0
07.02.2014,6:40 AM,1347,RHS,Rural,Dagadarthi,Rear End Collision,Car hit C.C.Barrier,Car,Non injury,Fault of driver of motor vehicle/driver of other vehicle/cyclist/pedestrian/passenger,Four lanes or more with central divider,Straight road,,Mist/Fog,KA03MT   0079,YES,Fatal,0
07.02.2014,6:40 AM,1347,RHS,Rural,Dagadarthi,Rear End Collision,Car hit C.C.Barrier,Car,Non injury,Fault of driver of motor vehicle/driver of other vehicle/cyclist/pedestrian/passenger,Four lanes or more with central divider,Straight road,,Mist/Fog,KA03MT   0079,YES,Grevious,0
07.02.2014,6:40 AM,1347,RHS,Rural,Dagadarthi,Rear End Collision,Car hit C.C.Barrier,Car,Non injury,Fault of driver of motor vehicle/driver of other vehicle/cyclist/pedestrian/passenger,Four lanes or more with central divider,Straight road,,Mist/Fog,KA03MT   0079,YES,Minor,0
07.02.2014,6:40 AM,1347,RHS,Rural,Dagadarthi,Rear End Collision,Car hit C.C.Barrier,Car,Non injury,Fault of driver of motor vehicle/driver of other vehicle/cyclist/pedestrian/passenger,Four lanes or more with central divider,Straight road,,Mist/Fog,KA03MT   0079,YES,Non injured ,2
07.02.2014,6:40 AM,1347,RHS,Rural,Dagadarthi,Rear End Collision,Car hit C.C.Barrier,Car,Non injury,Fault of driver of motor vehicle/driver of other vehicle/cyclist/pedestrian/passenger,Four lanes or more with central divider,Straight road,,Mist/Fog,KA03MT   0079,YES,Animals affected,0
07.02.2014,3:10 PM,1226.7,LHS,Rural,Maddipadu,Collision Brush/Side Wipe,Tipper hit Bike,Lorry,Fatal,Over speed,Four lanes or more with central divider,Straight road,,Fine,AP27U    0656,YES,Fatal,2
07.02.2014,3:10 PM,1226.7,LHS,Rural,Maddipadu,Collision Brush/Side Wipe,Tipper hit Bike,Lorry,Fatal,Over speed,Four lanes or more with central divider,Straight road,,Fine,AP27U    0656,YES,Grevious,0
07.02.2014,3:10 PM,1226.7,LHS,Rural,Maddipadu,Collision Brush/Side Wipe,Tipper hit Bike,Lorry,Fatal,Over speed,Four lanes or more with central divider,Straight road,,Fine,AP27U    0656,YES,Minor,0
07.02.2014,3:10 PM,1226.7,LHS,Rural,Maddipadu,Collision Brush/Side Wipe,Tipper hit Bike,Lorry,Fatal,Over speed,Four lanes or more with central divider,Straight road,,Fine,AP27U    0656,YES,Non injured ,2
07.02.2014,3:10 PM,1226.7,LHS,Rural,Maddipadu,Collision Brush/Side Wipe,Tipper hit Bike,Lorry,Fatal,Over speed,Four lanes or more with central divider,Straight road,,Fine,AP27U    0656,YES,Animals affected,0
07.02.2014,6:30 PM,1219.7,LHS,Rural,Medarametla,Overturning,Tractor  Over Turned,Tractor,Non injury,Vehicle out of control,Four lanes or more with central divider,Slight curve,,Fine,AP27N     5740,YES,Fatal,0
07.02.2014,6:30 PM,1219.7,LHS,Rural,Medarametla,Overturning,Tractor  Over Turned,Tractor,Non injury,Vehicle out of control,Four lanes or more with central divider,Slight curve,,Fine,AP27N     5740,YES,Grevious,0
07.02.2014,6:30 PM,1219.7,LHS,Rural,Medarametla,Overturning,Tractor  Over Turned,Tractor,Non injury,Vehicle out of control,Four lanes or more with central divider,Slight curve,,Fine,AP27N     5740,YES,Minor,0
07.02.2014,6:30 PM,1219.7,LHS,Rural,Medarametla,Overturning,Tractor  Over Turned,Tractor,Non injury,Vehicle out of control,Four lanes or more with central divider,Slight curve,,Fine,AP27N     5740,YES,Non injured ,1
07.02.2014,6:30 PM,1219.7,LHS,Rural,Medarametla,Overturning,Tractor  Over Turned,Tractor,Non injury,Vehicle out of control,Four lanes or more with central divider,Slight curve,,Fine,AP27N     5740,YES,Animals affected,0
07.02.2014,8:35 PM,1238.9,LHS,Rural,Maddipadu,Rear End Collision,Tractor hit  Auto,Tractor,Minor injury,Over speed,Four lanes or more with central divider,Straight road,,Fine,AP27TU   6610,YES,Fatal,0
07.02.2014,8:35 PM,1238.9,LHS,Rural,Maddipadu,Rear End Collision,Tractor hit  Auto,Tractor,Minor injury,Over speed,Four lanes or more with central divider,Straight road,,Fine,AP27TU   6610,YES,Grevious,0
07.02.2014,8:35 PM,1238.9,LHS,Rural,Maddipadu,Rear End Collision,Tractor hit  Auto,Tractor,Minor injury,Over speed,Four lanes or more with central divider,Straight road,,Fine,AP27TU   6610,YES,Minor,1
07.02.2014,8:35 PM,1238.9,LHS,Rural,Maddipadu,Rear End Collision,Tractor hit  Auto,Tractor,Minor injury,Over speed,Four lanes or more with central divider,Straight road,,Fine,AP27TU   6610,YES,Non injured ,2
07.02.2014,8:35 PM,1238.9,LHS,Rural,Maddipadu,Rear End Collision,Tractor hit  Auto,Tractor,Minor injury,Over speed,Four lanes or more with central divider,Straight road,,Fine,AP27TU   6610,YES,Animals affected,0
09.02.2014,12:55 AM,1207.7,RHS,Rural,Reningavaram,Rear End Collision,Car hit  RTC Bus,Car,Non injury,Over speed,Four lanes or more with central divider,Straight road,,Mist/Fog,APT/R   3021,YES,Fatal,0
09.02.2014,12:55 AM,1207.7,RHS,Rural,Reningavaram,Rear End Collision,Car hit  RTC Bus,Car,Non injury,Over speed,Four lanes or more with central divider,Straight road,,Mist/Fog,APT/R   3021,YES,Grevious,0
09.02.2014,12:55 AM,1207.7,RHS,Rural,Reningavaram,Rear End Collision,Car hit  RTC Bus,Car,Non injury,Over speed,Four lanes or more with central divider,Straight road,,Mist/Fog,APT/R   3021,YES,Minor,0
09.02.2014,12:55 AM,1207.7,RHS,Rural,Reningavaram,Rear End Collision,Car hit  RTC Bus,Car,Non injury,Over speed,Four lanes or more with central divider,Straight road,,Mist/Fog,APT/R   3021,YES,Non injured ,30
09.02.2014,12:55 AM,1207.7,RHS,Rural,Reningavaram,Rear End Collision,Car hit  RTC Bus,Car,Non injury,Over speed,Four lanes or more with central divider,Straight road,,Mist/Fog,APT/R   3021,YES,Animals affected,0
09.02.2014,4:59 AM,1270.9,LHS,Rural,Jarugumalli,Rear End Collision, Lorry hit Unknown     Vehicle ,Lorry,Non injury,Fault of driver of motor vehicle/driver of other vehicle/cyclist/pedestrian/passenger,Four lanes or more with central divider,Straight road,,Mist/Fog,AP24TC    3719,YES,Fatal,0
09.02.2014,4:59 AM,1270.9,LHS,Rural,Jarugumalli,Rear End Collision, Lorry hit Unknown     Vehicle ,Lorry,Non injury,Fault of driver of motor vehicle/driver of other vehicle/cyclist/pedestrian/passenger,Four lanes or more with central divider,Straight road,,Mist/Fog,AP24TC    3719,YES,Grevious,0
09.02.2014,4:59 AM,1270.9,LHS,Rural,Jarugumalli,Rear End Collision, Lorry hit Unknown     Vehicle ,Lorry,Non injury,Fault of driver of motor vehicle/driver of other vehicle/cyclist/pedestrian/passenger,Four lanes or more with central divider,Straight road,,Mist/Fog,AP24TC    3719,YES,Minor,0
09.02.2014,4:59 AM,1270.9,LHS,Rural,Jarugumalli,Rear End Collision, Lorry hit Unknown     Vehicle ,Lorry,Non injury,Fault of driver of motor vehicle/driver of other vehicle/cyclist/pedestrian/passenger,Four lanes or more with central divider,Straight road,,Mist/Fog,AP24TC    3719,YES,Non injured ,1
09.02.2014,4:59 AM,1270.9,LHS,Rural,Jarugumalli,Rear End Collision, Lorry hit Unknown     Vehicle ,Lorry,Non injury,Fault of driver of motor vehicle/driver of other vehicle/cyclist/pedestrian/passenger,Four lanes or more with central divider,Straight road,,Mist/Fog,AP24TC    3719,YES,Animals affected,0
09.02.2014,1:50 PM,1253.1,RHS,Rural,Ongole,Collision Brush/Side Wipe,Bike hit C.C.Barrier,Bike,Fatal,Over speed,Four lanes or more with central divider,Slight curve,,Fine,AP27AS       5736,YES,Fatal,1
09.02.2014,1:50 PM,1253.1,RHS,Rural,Ongole,Collision Brush/Side Wipe,Bike hit C.C.Barrier,Bike,Fatal,Over speed,Four lanes or more with central divider,Slight curve,,Fine,AP27AS       5736,YES,Grevious,1
09.02.2014,1:50 PM,1253.1,RHS,Rural,Ongole,Collision Brush/Side Wipe,Bike hit C.C.Barrier,Bike,Fatal,Over speed,Four lanes or more with central divider,Slight curve,,Fine,AP27AS       5736,YES,Minor,1
09.02.2014,1:50 PM,1253.1,RHS,Rural,Ongole,Collision Brush/Side Wipe,Bike hit C.C.Barrier,Bike,Fatal,Over speed,Four lanes or more with central divider,Slight curve,,Fine,AP27AS       5736,YES,Non injured ,0
09.02.2014,1:50 PM,1253.1,RHS,Rural,Ongole,Collision Brush/Side Wipe,Bike hit C.C.Barrier,Bike,Fatal,Over speed,Four lanes or more with central divider,Slight curve,,Fine,AP27AS       5736,YES,Animals affected,0
11.02.2014,1:23 AM,1249,LHS,Rural,Ongole,Collision Brush/Side Wipe,Unknown Vehicle hit Pedestrian,Unknown,Fatal,Over speed,Four lanes or more with central divider,Straight road,,Fine,unknown  Vehicle,YES,Fatal,1
11.02.2014,1:23 AM,1249,LHS,Rural,Ongole,Collision Brush/Side Wipe,Unknown Vehicle hit Pedestrian,Unknown,Fatal,Over speed,Four lanes or more with central divider,Straight road,,Fine,unknown  Vehicle,YES,Grevious,0
11.02.2014,1:23 AM,1249,LHS,Rural,Ongole,Collision Brush/Side Wipe,Unknown Vehicle hit Pedestrian,Unknown,Fatal,Over speed,Four lanes or more with central divider,Straight road,,Fine,unknown  Vehicle,YES,Minor,0
11.02.2014,1:23 AM,1249,LHS,Rural,Ongole,Collision Brush/Side Wipe,Unknown Vehicle hit Pedestrian,Unknown,Fatal,Over speed,Four lanes or more with central divider,Straight road,,Fine,unknown  Vehicle,YES,Non injured ,0
11.02.2014,1:23 AM,1249,LHS,Rural,Ongole,Collision Brush/Side Wipe,Unknown Vehicle hit Pedestrian,Unknown,Fatal,Over speed,Four lanes or more with central divider,Straight road,,Fine,unknown  Vehicle,YES,Animals affected,0
11.02.2014,7:03 PM,1270.1,LHS,Rural,Jarugumalli, ,,,Minor injury,Vehicle out of control,Four lanes or more with central divider,Straight road,,Fine,AP27X      6787,YES,Fatal,0
11.02.2014,7:03 PM,1270.1,LHS,Rural,Jarugumalli, ,,,Minor injury,Vehicle out of control,Four lanes or more with central divider,Straight road,,Fine,AP27X      6787,YES,Grevious,0
11.02.2014,7:03 PM,1270.1,LHS,Rural,Jarugumalli, ,,,Minor injury,Vehicle out of control,Four lanes or more with central divider,Straight road,,Fine,AP27X      6787,YES,Minor,3
11.02.2014,7:03 PM,1270.1,LHS,Rural,Jarugumalli, ,,,Minor injury,Vehicle out of control,Four lanes or more with central divider,Straight road,,Fine,AP27X      6787,YES,Non injured ,0
11.02.2014,7:03 PM,1270.1,LHS,Rural,Jarugumalli, ,,,Minor injury,Vehicle out of control,Four lanes or more with central divider,Straight road,,Fine,AP27X      6787,YES,Animals affected,0
12.02.2014,6:30 AM,1278.4,RHS,Rural,Singarayakonda,Overturning,Lorry Over  Turned ,Lorry,Non injury,Fault of driver of motor vehicle/driver of other vehicle/cyclist/pedestrian/passenger,Four lanes or more with central divider,Straight road,,Fine,UP78BN 9102,YES,Fatal,0
12.02.2014,6:30 AM,1278.4,RHS,Rural,Singarayakonda,Overturning,Lorry Over  Turned ,Lorry,Non injury,Fault of driver of motor vehicle/driver of other vehicle/cyclist/pedestrian/passenger,Four lanes or more with central divider,Straight road,,Fine,UP78BN 9102,YES,Grevious,0
12.02.2014,6:30 AM,1278.4,RHS,Rural,Singarayakonda,Overturning,Lorry Over  Turned ,Lorry,Non injury,Fault of driver of motor vehicle/driver of other vehicle/cyclist/pedestrian/passenger,Four lanes or more with central divider,Straight road,,Fine,UP78BN 9102,YES,Minor,0
12.02.2014,6:30 AM,1278.4,RHS,Rural,Singarayakonda,Overturning,Lorry Over  Turned ,Lorry,Non injury,Fault of driver of motor vehicle/driver of other vehicle/cyclist/pedestrian/passenger,Four lanes or more with central divider,Straight road,,Fine,UP78BN 9102,YES,Non injured ,1
12.02.2014,6:30 AM,1278.4,RHS,Rural,Singarayakonda,Overturning,Lorry Over  Turned ,Lorry,Non injury,Fault of driver of motor vehicle/driver of other vehicle/cyclist/pedestrian/passenger,Four lanes or more with central divider,Straight road,,Fine,UP78BN 9102,YES,Animals affected,0
12.02.2014,2:49 PM,1314.7,RHS,Rural,Kavali,Overturning,Tractor  Over Turned ,Tractor,Grievious injury,Over speed,Four lanes or more with central divider,Straight road,,Fine,AP26TV  1536,YES,Fatal,0
12.02.2014,2:49 PM,1314.7,RHS,Rural,Kavali,Overturning,Tractor  Over Turned ,Tractor,Grievious injury,Over speed,Four lanes or more with central divider,Straight road,,Fine,AP26TV  1536,YES,Grevious,5
12.02.2014,2:49 PM,1314.7,RHS,Rural,Kavali,Overturning,Tractor  Over Turned ,Tractor,Grievious injury,Over speed,Four lanes or more with central divider,Straight road,,Fine,AP26TV  1536,YES,Minor,0
12.02.2014,2:49 PM,1314.7,RHS,Rural,Kavali,Overturning,Tractor  Over Turned ,Tractor,Grievious injury,Over speed,Four lanes or more with central divider,Straight road,,Fine,AP26TV  1536,YES,Non injured ,0
12.02.2014,2:49 PM,1314.7,RHS,Rural,Kavali,Overturning,Tractor  Over Turned ,Tractor,Grievious injury,Over speed,Four lanes or more with central divider,Straight road,,Fine,AP26TV  1536,YES,Animals affected,0
13.02.2014,7:00 AM,1307.7,LHS,Rural,Gudluru,Overturning, Mini Lorry Over  Turned ,Lorry,Fatal,Over speed,Four lanes or more with central divider,Straight road,,Fine,AP27TW   0341,YES,Fatal,2
13.02.2014,7:00 AM,1307.7,LHS,Rural,Gudluru,Overturning, Mini Lorry Over  Turned ,Lorry,Fatal,Over speed,Four lanes or more with central divider,Straight road,,Fine,AP27TW   0341,YES,Grevious,0
13.02.2014,7:00 AM,1307.7,LHS,Rural,Gudluru,Overturning, Mini Lorry Over  Turned ,Lorry,Fatal,Over speed,Four lanes or more with central divider,Straight road,,Fine,AP27TW   0341,YES,Minor,1
13.02.2014,7:00 AM,1307.7,LHS,Rural,Gudluru,Overturning, Mini Lorry Over  Turned ,Lorry,Fatal,Over speed,Four lanes or more with central divider,Straight road,,Fine,AP27TW   0341,YES,Non injured ,1
13.02.2014,7:00 AM,1307.7,LHS,Rural,Gudluru,Overturning, Mini Lorry Over  Turned ,Lorry,Fatal,Over speed,Four lanes or more with central divider,Straight road,,Fine,AP27TW   0341,YES,Animals affected,0
17.02.2014,4:00 AM,1318.3,RHS,Rural,Kavali,Collision Brush/Side Wipe, Lorry hit Culvert wall ,Lorry,Non injury,Fault of driver of motor vehicle/driver of other vehicle/cyclist/pedestrian/passenger,Four lanes or more with central divider,Straight road,,Fine,TN39Y    8552,YES,Fatal,0