Operational date,Time of Accident,KM && M,Position,Rural/Urban,Location,Nature of Accident Position,Nature of Accident,Vehicle Involved,Type of Accident,Causes,Road Feature,Road condition,Intersection Type And Control,Weather Condition,Vehicle Responsible,Help Provided by Ambulance/Patroling Vehicle,Classification of Accident,No of Affected Persons
17.02.2014,4:00 AM,1318.3,RHS,Rural,Kavali,Collision Brush/Side Wipe, Lorry hit Culvert wall ,Lorry,Non injury,Fault of driver of motor vehicle/driver of other vehicle/cyclist/pedestrian/passenger,Four lanes or more with central divider,Straight road,,Fine,TN39Y    8552,YES,Grevious,0
17.02.2014,4:00 AM,1318.3,RHS,Rural,Kavali,Collision Brush/Side Wipe, Lorry hit Culvert wall ,Lorry,Non injury,Fault of driver of motor vehicle/driver of other vehicle/cyclist/pedestrian/passenger,Four lanes or more with central divider,Straight road,,Fine,TN39Y    8552,YES,Minor,0
17.02.2014,4:00 AM,1318.3,RHS,Rural,Kavali,Collision Brush/Side Wipe, Lorry hit Culvert wall ,Lorry,Non injury,Fault of driver of motor vehicle/driver of other vehicle/cyclist/pedestrian/passenger,Four lanes or more with central divider,Straight road,,Fine,TN39Y    8552,YES,Non injured ,2
17.02.2014,4:00 AM,1318.3,RHS,Rural,Kavali,Collision Brush/Side Wipe, Lorry hit Culvert wall ,Lorry,Non injury,Fault of driver of motor vehicle/driver of other vehicle/cyclist/pedestrian/passenger,Four lanes or more with central divider,Straight road,,Fine,TN39Y    8552,YES,Animals affected,0
17.02.2014,4:45 AM,1183,LHS,Rural,Chilakaluripeta,Rear End Collision,Acid Tanker hit  Lorry,Tanker,Minor injury,Fault of driver of motor vehicle/driver of other vehicle/cyclist/pedestrian/passenger,Four lanes or more with central divider,Straight road,,Fine,TN07 AH   9228,YES,Fatal,0
17.02.2014,4:45 AM,1183,LHS,Rural,Chilakaluripeta,Rear End Collision,Acid Tanker hit  Lorry,Tanker,Minor injury,Fault of driver of motor vehicle/driver of other vehicle/cyclist/pedestrian/passenger,Four lanes or more with central divider,Straight road,,Fine,TN07 AH   9228,YES,Grevious,0
17.02.2014,4:45 AM,1183,LHS,Rural,Chilakaluripeta,Rear End Collision,Acid Tanker hit  Lorry,Tanker,Minor injury,Fault of driver of motor vehicle/driver of other vehicle/cyclist/pedestrian/passenger,Four lanes or more with central divider,Straight road,,Fine,TN07 AH   9228,YES,Minor,2
17.02.2014,4:45 AM,1183,LHS,Rural,Chilakaluripeta,Rear End Collision,Acid Tanker hit  Lorry,Tanker,Minor injury,Fault of driver of motor vehicle/driver of other vehicle/cyclist/pedestrian/passenger,Four lanes or more with central divider,Straight road,,Fine,TN07 AH   9228,YES,Non injured ,2
17.02.2014,4:45 AM,1183,LHS,Rural,Chilakaluripeta,Rear End Collision,Acid Tanker hit  Lorry,Tanker,Minor injury,Fault of driver of motor vehicle/driver of other vehicle/cyclist/pedestrian/passenger,Four lanes or more with central divider,Straight road,,Fine,TN07 AH   9228,YES,Animals affected,0
17.02.2014,8:30 PM,1265.5,RHS,Rural,Tangutur,Skidding,Bike   Skidding,Bike,Minor injury,Over speed,Four lanes or more with central divider,Straight road,,Fine,AP27AS     3873,YES,Fatal,0
17.02.2014,8:30 PM,1265.5,RHS,Rural,Tangutur,Skidding,Bike   Skidding,Bike,Minor injury,Over speed,Four lanes or more with central divider,Straight road,,Fine,AP27AS     3873,YES,Grevious,0
17.02.2014,8:30 PM,1265.5,RHS,Rural,Tangutur,Skidding,Bike   Skidding,Bike,Minor injury,Over speed,Four lanes or more with central divider,Straight road,,Fine,AP27AS     3873,YES,Minor,1
17.02.2014,8:30 PM,1265.5,RHS,Rural,Tangutur,Skidding,Bike   Skidding,Bike,Minor injury,Over speed,Four lanes or more with central divider,Straight road,,Fine,AP27AS     3873,YES,Non injured ,1
17.02.2014,8:30 PM,1265.5,RHS,Rural,Tangutur,Skidding,Bike   Skidding,Bike,Minor injury,Over speed,Four lanes or more with central divider,Straight road,,Fine,AP27AS     3873,YES,Animals affected,0
18.02.2014,5:30 AM,1342,RHS,Rural,Dagadarthi,Overturning, Container Vehicle  Overturned,Container,Non injury,Vehicle out of control,Four lanes or more with central divider,Straight road,,Mist/Fog,TN04AJ     6314,YES,Fatal,0
18.02.2014,5:30 AM,1342,RHS,Rural,Dagadarthi,Overturning, Container Vehicle  Overturned,Container,Non injury,Vehicle out of control,Four lanes or more with central divider,Straight road,,Mist/Fog,TN04AJ     6314,YES,Grevious,0
18.02.2014,5:30 AM,1342,RHS,Rural,Dagadarthi,Overturning, Container Vehicle  Overturned,Container,Non injury,Vehicle out of control,Four lanes or more with central divider,Straight road,,Mist/Fog,TN04AJ     6314,YES,Minor,0
18.02.2014,5:30 AM,1342,RHS,Rural,Dagadarthi,Overturning, Container Vehicle  Overturned,Container,Non injury,Vehicle out of control,Four lanes or more with central divider,Straight road,,Mist/Fog,TN04AJ     6314,YES,Non injured ,1
18.02.2014,5:30 AM,1342,RHS,Rural,Dagadarthi,Overturning, Container Vehicle  Overturned,Container,Non injury,Vehicle out of control,Four lanes or more with central divider,Straight road,,Mist/Fog,TN04AJ     6314,YES,Animals affected,0
18.02.2014,4:00 PM,1244.2,LHS,Rural,Ongole,Rear End Collision, Mini Lorry hit    Unknown Vehicle ,Lorry,Minor injury,Over speed,Four lanes or more with central divider,Straight road,,Fine,AP28TA    7666,YES,Fatal,0
18.02.2014,4:00 PM,1244.2,LHS,Rural,Ongole,Rear End Collision, Mini Lorry hit    Unknown Vehicle ,Lorry,Minor injury,Over speed,Four lanes or more with central divider,Straight road,,Fine,AP28TA    7666,YES,Grevious,0
18.02.2014,4:00 PM,1244.2,LHS,Rural,Ongole,Rear End Collision, Mini Lorry hit    Unknown Vehicle ,Lorry,Minor injury,Over speed,Four lanes or more with central divider,Straight road,,Fine,AP28TA    7666,YES,Minor,1
18.02.2014,4:00 PM,1244.2,LHS,Rural,Ongole,Rear End Collision, Mini Lorry hit    Unknown Vehicle ,Lorry,Minor injury,Over speed,Four lanes or more with central divider,Straight road,,Fine,AP28TA    7666,YES,Non injured ,0
18.02.2014,4:00 PM,1244.2,LHS,Rural,Ongole,Rear End Collision, Mini Lorry hit    Unknown Vehicle ,Lorry,Minor injury,Over speed,Four lanes or more with central divider,Straight road,,Fine,AP28TA    7666,YES,Animals affected,0
19.02.2014,7:05 AM,1294.7,LHS,Rural,Ulavapadu,Rear End Collision, Lorry hit    Unknown Vehicle ,Lorry,Grievious injury,Over speed,Four lanes or more with central divider,Straight road,,Fine,AP20TB    5028  ,YES,Fatal,0
19.02.2014,7:05 AM,1294.7,LHS,Rural,Ulavapadu,Rear End Collision, Lorry hit    Unknown Vehicle ,Lorry,Grievious injury,Over speed,Four lanes or more with central divider,Straight road,,Fine,AP20TB    5028  ,YES,Grevious,1
19.02.2014,7:05 AM,1294.7,LHS,Rural,Ulavapadu,Rear End Collision, Lorry hit    Unknown Vehicle ,Lorry,Grievious injury,Over speed,Four lanes or more with central divider,Straight road,,Fine,AP20TB    5028  ,YES,Minor,0
19.02.2014,7:05 AM,1294.7,LHS,Rural,Ulavapadu,Rear End Collision, Lorry hit    Unknown Vehicle ,Lorry,Grievious injury,Over speed,Four lanes or more with central divider,Straight road,,Fine,AP20TB    5028  ,YES,Non injured ,1
19.02.2014,7:05 AM,1294.7,LHS,Rural,Ulavapadu,Rear End Collision, Lorry hit    Unknown Vehicle ,Lorry,Grievious injury,Over speed,Four lanes or more with central divider,Straight road,,Fine,AP20TB    5028  ,YES,Animals affected,0
19.02.2014,8:00 AM,1293.6,RHS,Rural,Ulavapadu,Collision Brush/Side Wipe,Unknown Vehicle hit Tractor,Unknown,Non injury,Over speed,Four lanes or more with central divider,Straight road,,Fine,Unknown  Vehicle,YES,Fatal,0
19.02.2014,8:00 AM,1293.6,RHS,Rural,Ulavapadu,Collision Brush/Side Wipe,Unknown Vehicle hit Tractor,Unknown,Non injury,Over speed,Four lanes or more with central divider,Straight road,,Fine,Unknown  Vehicle,YES,Grevious,0
19.02.2014,8:00 AM,1293.6,RHS,Rural,Ulavapadu,Collision Brush/Side Wipe,Unknown Vehicle hit Tractor,Unknown,Non injury,Over speed,Four lanes or more with central divider,Straight road,,Fine,Unknown  Vehicle,YES,Minor,0
19.02.2014,8:00 AM,1293.6,RHS,Rural,Ulavapadu,Collision Brush/Side Wipe,Unknown Vehicle hit Tractor,Unknown,Non injury,Over speed,Four lanes or more with central divider,Straight road,,Fine,Unknown  Vehicle,YES,Non injured ,1
19.02.2014,8:00 AM,1293.6,RHS,Rural,Ulavapadu,Collision Brush/Side Wipe,Unknown Vehicle hit Tractor,Unknown,Non injury,Over speed,Four lanes or more with central divider,Straight road,,Fine,Unknown  Vehicle,YES,Animals affected,0
19.02.2014,5:25 PM,1193.3,LHS,Rural,Martur,Rear End Collision,Bike hit       Jeep,Bike,Grievious injury,Over speed,Four lanes or more with central divider,Straight road,,Fine,AP27K     1947,YES,Fatal,0
19.02.2014,5:25 PM,1193.3,LHS,Rural,Martur,Rear End Collision,Bike hit       Jeep,Bike,Grievious injury,Over speed,Four lanes or more with central divider,Straight road,,Fine,AP27K     1947,YES,Grevious,1
19.02.2014,5:25 PM,1193.3,LHS,Rural,Martur,Rear End Collision,Bike hit       Jeep,Bike,Grievious injury,Over speed,Four lanes or more with central divider,Straight road,,Fine,AP27K     1947,YES,Minor,1
19.02.2014,5:25 PM,1193.3,LHS,Rural,Martur,Rear End Collision,Bike hit       Jeep,Bike,Grievious injury,Over speed,Four lanes or more with central divider,Straight road,,Fine,AP27K     1947,YES,Non injured ,0
19.02.2014,5:25 PM,1193.3,LHS,Rural,Martur,Rear End Collision,Bike hit       Jeep,Bike,Grievious injury,Over speed,Four lanes or more with central divider,Straight road,,Fine,AP27K     1947,YES,Animals affected,0
20.02.2014,5:52 AM,1271.2,RHS,Rural,Jarugumalli,Collision Brush/Side Wipe,Lorry hit Safety wall,Lorry,Non injury,Fault of driver of motor vehicle/driver of other vehicle/cyclist/pedestrian/passenger,Four lanes or more with central divider,Straight road,,Fine,TN28AB          1099,YES,Fatal,0
20.02.2014,5:52 AM,1271.2,RHS,Rural,Jarugumalli,Collision Brush/Side Wipe,Lorry hit Safety wall,Lorry,Non injury,Fault of driver of motor vehicle/driver of other vehicle/cyclist/pedestrian/passenger,Four lanes or more with central divider,Straight road,,Fine,TN28AB          1099,YES,Grevious,0
20.02.2014,5:52 AM,1271.2,RHS,Rural,Jarugumalli,Collision Brush/Side Wipe,Lorry hit Safety wall,Lorry,Non injury,Fault of driver of motor vehicle/driver of other vehicle/cyclist/pedestrian/passenger,Four lanes or more with central divider,Straight road,,Fine,TN28AB          1099,YES,Minor,0
20.02.2014,5:52 AM,1271.2,RHS,Rural,Jarugumalli,Collision Brush/Side Wipe,Lorry hit Safety wall,Lorry,Non injury,Fault of driver of motor vehicle/driver of other vehicle/cyclist/pedestrian/passenger,Four lanes or more with central divider,Straight road,,Fine,TN28AB          1099,YES,Non injured ,2
20.02.2014,5:52 AM,1271.2,RHS,Rural,Jarugumalli,Collision Brush/Side Wipe,Lorry hit Safety wall,Lorry,Non injury,Fault of driver of motor vehicle/driver of other vehicle/cyclist/pedestrian/passenger,Four lanes or more with central divider,Straight road,,Fine,TN28AB          1099,YES,Animals affected,0
20.02.2014,10:45 PM,1239.6,RHS,Rural,Ongole,Collision Brush/Side Wipe,Unknown Vehicle hit Bike,Unknown,Fatal,Over speed,Four lanes or more with central divider,Straight road,,Fine,unknown  Vehicle,YES,Fatal,1
20.02.2014,10:45 PM,1239.6,RHS,Rural,Ongole,Collision Brush/Side Wipe,Unknown Vehicle hit Bike,Unknown,Fatal,Over speed,Four lanes or more with central divider,Straight road,,Fine,unknown  Vehicle,YES,Grevious,0
20.02.2014,10:45 PM,1239.6,RHS,Rural,Ongole,Collision Brush/Side Wipe,Unknown Vehicle hit Bike,Unknown,Fatal,Over speed,Four lanes or more with central divider,Straight road,,Fine,unknown  Vehicle,YES,Minor,0
20.02.2014,10:45 PM,1239.6,RHS,Rural,Ongole,Collision Brush/Side Wipe,Unknown Vehicle hit Bike,Unknown,Fatal,Over speed,Four lanes or more with central divider,Straight road,,Fine,unknown  Vehicle,YES,Non injured ,2
20.02.2014,10:45 PM,1239.6,RHS,Rural,Ongole,Collision Brush/Side Wipe,Unknown Vehicle hit Bike,Unknown,Fatal,Over speed,Four lanes or more with central divider,Straight road,,Fine,unknown  Vehicle,YES,Animals affected,0
21.02.2014,4:10 AM,1323.5,LHS,Rural,Kavali,Collision Brush/Side Wipe,Lorry hit  Safety wall,Lorry,Non injury,Fault of driver of motor vehicle/driver of other vehicle/cyclist/pedestrian/passenger,Four lanes or more with central divider,Straight road,,Fine,AP26TB      2483,YES,Fatal,0
21.02.2014,4:10 AM,1323.5,LHS,Rural,Kavali,Collision Brush/Side Wipe,Lorry hit  Safety wall,Lorry,Non injury,Fault of driver of motor vehicle/driver of other vehicle/cyclist/pedestrian/passenger,Four lanes or more with central divider,Straight road,,Fine,AP26TB      2483,YES,Grevious,0
21.02.2014,4:10 AM,1323.5,LHS,Rural,Kavali,Collision Brush/Side Wipe,Lorry hit  Safety wall,Lorry,Non injury,Fault of driver of motor vehicle/driver of other vehicle/cyclist/pedestrian/passenger,Four lanes or more with central divider,Straight road,,Fine,AP26TB      2483,YES,Minor,0
21.02.2014,4:10 AM,1323.5,LHS,Rural,Kavali,Collision Brush/Side Wipe,Lorry hit  Safety wall,Lorry,Non injury,Fault of driver of motor vehicle/driver of other vehicle/cyclist/pedestrian/passenger,Four lanes or more with central divider,Straight road,,Fine,AP26TB      2483,YES,Non injured ,2
21.02.2014,4:10 AM,1323.5,LHS,Rural,Kavali,Collision Brush/Side Wipe,Lorry hit  Safety wall,Lorry,Non injury,Fault of driver of motor vehicle/driver of other vehicle/cyclist/pedestrian/passenger,Four lanes or more with central divider,Straight road,,Fine,AP26TB      2483,YES,Animals affected,0
21.02.2014,6:30 AM,1295.1,RHS,Rural,Ulavapadu,Rear End Collision,Lorry  hit Trolley                      ,Lorry,Minor injury,Fault of driver of motor vehicle/driver of other vehicle/cyclist/pedestrian/passenger,Four lanes or more with central divider,Straight road,,Fine,MP04E    0999,YES,Fatal,0
21.02.2014,6:30 AM,1295.1,RHS,Rural,Ulavapadu,Rear End Collision,Lorry  hit Trolley                      ,Lorry,Minor injury,Fault of driver of motor vehicle/driver of other vehicle/cyclist/pedestrian/passenger,Four lanes or more with central divider,Straight road,,Fine,MP04E    0999,YES,Grevious,0
21.02.2014,6:30 AM,1295.1,RHS,Rural,Ulavapadu,Rear End Collision,Lorry  hit Trolley                      ,Lorry,Minor injury,Fault of driver of motor vehicle/driver of other vehicle/cyclist/pedestrian/passenger,Four lanes or more with central divider,Straight road,,Fine,MP04E    0999,YES,Minor,1
21.02.2014,6:30 AM,1295.1,RHS,Rural,Ulavapadu,Rear End Collision,Lorry  hit Trolley                      ,Lorry,Minor injury,Fault of driver of motor vehicle/driver of other vehicle/cyclist/pedestrian/passenger,Four lanes or more with central divider,Straight road,,Fine,MP04E    0999,YES,Non injured ,3
21.02.2014,6:30 AM,1295.1,RHS,Rural,Ulavapadu,Rear End Collision,Lorry  hit Trolley                      ,Lorry,Minor injury,Fault of driver of motor vehicle/driver of other vehicle/cyclist/pedestrian/passenger,Four lanes or more with central divider,Straight road,,Fine,MP04E    0999,YES,Animals affected,0
21.02.2014,8:00 AM,1228.3,RHS,Rural,Maddipadu,Rear End Collision,Lorry hit  Tractor,Lorry,Non injury,Over speed,Four lanes or more with central divider,Straight road,,Fine,AP16TW   8037,YES,Fatal,0
21.02.2014,8:00 AM,1228.3,RHS,Rural,Maddipadu,Rear End Collision,Lorry hit  Tractor,Lorry,Non injury,Over speed,Four lanes or more with central divider,Straight road,,Fine,AP16TW   8037,YES,Grevious,0
21.02.2014,8:00 AM,1228.3,RHS,Rural,Maddipadu,Rear End Collision,Lorry hit  Tractor,Lorry,Non injury,Over speed,Four lanes or more with central divider,Straight road,,Fine,AP16TW   8037,YES,Minor,0
21.02.2014,8:00 AM,1228.3,RHS,Rural,Maddipadu,Rear End Collision,Lorry hit  Tractor,Lorry,Non injury,Over speed,Four lanes or more with central divider,Straight road,,Fine,AP16TW   8037,YES,Non injured ,3
21.02.2014,8:00 AM,1228.3,RHS,Rural,Maddipadu,Rear End Collision,Lorry hit  Tractor,Lorry,Non injury,Over speed,Four lanes or more with central divider,Straight road,,Fine,AP16TW   8037,YES,Animals affected,0
21.02.2014,3:00 PM,1338.3,RHS,Rural,K.Tippa ,Others(p1.Specific), Concrete Miller Lorry hit Pedestrian,Lorry,Fatal,Vehicle out of control,Four lanes or more with central divider,Straight road,,Fine,AP31TV   3474,YES,Fatal,1
21.02.2014,3:00 PM,1338.3,RHS,Rural,K.Tippa ,Others(p1.Specific), Concrete Miller Lorry hit Pedestrian,Lorry,Fatal,Vehicle out of control,Four lanes or more with central divider,Straight road,,Fine,AP31TV   3474,YES,Grevious,0
21.02.2014,3:00 PM,1338.3,RHS,Rural,K.Tippa ,Others(p1.Specific), Concrete Miller Lorry hit Pedestrian,Lorry,Fatal,Vehicle out of control,Four lanes or more with central divider,Straight road,,Fine,AP31TV   3474,YES,Minor,0
21.02.2014,3:00 PM,1338.3,RHS,Rural,K.Tippa ,Others(p1.Specific), Concrete Miller Lorry hit Pedestrian,Lorry,Fatal,Vehicle out of control,Four lanes or more with central divider,Straight road,,Fine,AP31TV   3474,YES,Non injured ,1
21.02.2014,3:00 PM,1338.3,RHS,Rural,K.Tippa ,Others(p1.Specific), Concrete Miller Lorry hit Pedestrian,Lorry,Fatal,Vehicle out of control,Four lanes or more with central divider,Straight road,,Fine,AP31TV   3474,YES,Animals affected,0
22.02.2014,1:56 AM,1243.3,RHS,Rural,Ongole,Head on collision, Car hit       Lorry ,Car,Grievious injury,Over speed,Four lanes or more with central divider,Straight road,T-Junction,Mist/Fog,AP20AL      7659,YES,Fatal,0
22.02.2014,1:56 AM,1243.3,RHS,Rural,Ongole,Head on collision, Car hit       Lorry ,Car,Grievious injury,Over speed,Four lanes or more with central divider,Straight road,T-Junction,Mist/Fog,AP20AL      7659,YES,Grevious,1
22.02.2014,1:56 AM,1243.3,RHS,Rural,Ongole,Head on collision, Car hit       Lorry ,Car,Grievious injury,Over speed,Four lanes or more with central divider,Straight road,T-Junction,Mist/Fog,AP20AL      7659,YES,Minor,0
22.02.2014,1:56 AM,1243.3,RHS,Rural,Ongole,Head on collision, Car hit       Lorry ,Car,Grievious injury,Over speed,Four lanes or more with central divider,Straight road,T-Junction,Mist/Fog,AP20AL      7659,YES,Non injured ,4
22.02.2014,1:56 AM,1243.3,RHS,Rural,Ongole,Head on collision, Car hit       Lorry ,Car,Grievious injury,Over speed,Four lanes or more with central divider,Straight road,T-Junction,Mist/Fog,AP20AL      7659,YES,Animals affected,0
22.02.2014,10:55 AM,1258.4,LHS,Rural,Tangutur,Skidding,Bike   Skidding,Bike,Minor injury,Druken,Four lanes or more with central divider,Straight road,,Fine,AP27AT     9733,YES,Fatal,0
22.02.2014,10:55 AM,1258.4,LHS,Rural,Tangutur,Skidding,Bike   Skidding,Bike,Minor injury,Druken,Four lanes or more with central divider,Straight road,,Fine,AP27AT     9733,YES,Grevious,0
22.02.2014,10:55 AM,1258.4,LHS,Rural,Tangutur,Skidding,Bike   Skidding,Bike,Minor injury,Druken,Four lanes or more with central divider,Straight road,,Fine,AP27AT     9733,YES,Minor,1
22.02.2014,10:55 AM,1258.4,LHS,Rural,Tangutur,Skidding,Bike   Skidding,Bike,Minor injury,Druken,Four lanes or more with central divider,Straight road,,Fine,AP27AT     9733,YES,Non injured ,0
22.02.2014,10:55 AM,1258.4,LHS,Rural,Tangutur,Skidding,Bike   Skidding,Bike,Minor injury,Druken,Four lanes or more with central divider,Straight road,,Fine,AP27AT     9733,YES,Animals affected,0
22.02.2014,8:00 PM,1228.4,RHS,Rural,Maddipadu,Skidding,Bike   Skidding,Bike,Grievious injury,Over speed,Four lanes or more with central divider,Straight road,,Fine,AP27AT 4652,YES,Fatal,0
22.02.2014,8:00 PM,1228.4,RHS,Rural,Maddipadu,Skidding,Bike   Skidding,Bike,Grievious injury,Over speed,Four lanes or more with central divider,Straight road,,Fine,AP27AT 4652,YES,Grevious,2
22.02.2014,8:00 PM,1228.4,RHS,Rural,Maddipadu,Skidding,Bike   Skidding,Bike,Grievious injury,Over speed,Four lanes or more with central divider,Straight road,,Fine,AP27AT 4652,YES,Minor,0
22.02.2014,8:00 PM,1228.4,RHS,Rural,Maddipadu,Skidding,Bike   Skidding,Bike,Grievious injury,Over speed,Four lanes or more with central divider,Straight road,,Fine,AP27AT 4652,YES,Non injured ,0
22.02.2014,8:00 PM,1228.4,RHS,Rural,Maddipadu,Skidding,Bike   Skidding,Bike,Grievious injury,Over speed,Four lanes or more with central divider,Straight road,,Fine,AP27AT 4652,YES,Animals affected,0
23.02.2014,5:50 PM,1207.9,RHS,Rural,Reningavaram,Right Turn Collision,Car hit Bike,Car,Minor injury,Over speed,Four lanes or more with central divider,Straight road,,Fine,AP36TR       0876,YES,Fatal,0
23.02.2014,5:50 PM,1207.9,RHS,Rural,Reningavaram,Right Turn Collision,Car hit Bike,Car,Minor injury,Over speed,Four lanes or more with central divider,Straight road,,Fine,AP36TR       0876,YES,Grevious,0
23.02.2014,5:50 PM,1207.9,RHS,Rural,Reningavaram,Right Turn Collision,Car hit Bike,Car,Minor injury,Over speed,Four lanes or more with central divider,Straight road,,Fine,AP36TR       0876,YES,Minor,1
23.02.2014,5:50 PM,1207.9,RHS,Rural,Reningavaram,Right Turn Collision,Car hit Bike,Car,Minor injury,Over speed,Four lanes or more with central divider,Straight road,,Fine,AP36TR       0876,YES,Non injured ,1
23.02.2014,5:50 PM,1207.9,RHS,Rural,Reningavaram,Right Turn Collision,Car hit Bike,Car,Minor injury,Over speed,Four lanes or more with central divider,Straight road,,Fine,AP36TR       0876,YES,Animals affected,0
24.02.2014,3:28 AM,1337.6,LHS,Rural,K.Tippa ,Overturning,Lorry Over  Turned ,Lorry,Non injury,Fault of driver of motor vehicle/driver of other vehicle/cyclist/pedestrian/passenger,Four lanes or more with central divider,Straight road,,Mist/Fog,AP24TA    9658,YES,Fatal,0
24.02.2014,3:28 AM,1337.6,LHS,Rural,K.Tippa ,Overturning,Lorry Over  Turned ,Lorry,Non injury,Fault of driver of motor vehicle/driver of other vehicle/cyclist/pedestrian/passenger,Four lanes or more with central divider,Straight road,,Mist/Fog,AP24TA    9658,YES,Grevious,0
24.02.2014,3:28 AM,1337.6,LHS,Rural,K.Tippa ,Overturning,Lorry Over  Turned ,Lorry,Non injury,Fault of driver of motor vehicle/driver of other vehicle/cyclist/pedestrian/passenger,Four lanes or more with central divider,Straight road,,Mist/Fog,AP24TA    9658,YES,Minor,0
24.02.2014,3:28 AM,1337.6,LHS,Rural,K.Tippa ,Overturning,Lorry Over  Turned ,Lorry,Non injury,Fault of driver of motor vehicle/driver of other vehicle/cyclist/pedestrian/passenger,Four lanes or more with central divider,Straight road,,Mist/Fog,AP24TA    9658,YES,Non injured ,2
24.02.2014,3:28 AM,1337.6,LHS,Rural,K.Tippa ,Overturning,Lorry Over  Turned ,Lorry,Non injury,Fault of driver of motor vehicle/driver of other vehicle/cyclist/pedestrian/passenger,Four lanes or more with central divider,Straight road,,Mist/Fog,AP24TA    9658,YES,Animals affected,0
24.02.2014,5:14 AM,1186.9,RHS,Rural,Martur,Rear End Collision, Car hit Lorry,Car,Minor injury,Fault of driver of motor vehicle/driver of other vehicle/cyclist/pedestrian/passenger,Four lanes or more with central divider,Straight road,,Mist/Fog,AP07AC     7799,YES,Fatal,0
24.02.2014,5:14 AM,1186.9,RHS,Rural,Martur,Rear End Collision, Car hit Lorry,Car,Minor injury,Fault of driver of motor vehicle/driver of other vehicle/cyclist/pedestrian/passenger,Four lanes or more with central divider,Straight road,,Mist/Fog,AP07AC     7799,YES,Grevious,0
24.02.2014,5:14 AM,1186.9,RHS,Rural,Martur,Rear End Collision, Car hit Lorry,Car,Minor injury,Fault of driver of motor vehicle/driver of other vehicle/cyclist/pedestrian/passenger,Four lanes or more with central divider,Straight road,,Mist/Fog,AP07AC     7799,YES,Minor,4
24.02.2014,5:14 AM,1186.9,RHS,Rural,Martur,Rear End Collision, Car hit Lorry,Car,Minor injury,Fault of driver of motor vehicle/driver of other vehicle/cyclist/pedestrian/passenger,Four lanes or more with central divider,Straight road,,Mist/Fog,AP07AC     7799,YES,Non injured ,0
24.02.2014,5:14 AM,1186.9,RHS,Rural,Martur,Rear End Collision, Car hit Lorry,Car,Minor injury,Fault of driver of motor vehicle/driver of other vehicle/cyclist/pedestrian/passenger,Four lanes or more with central divider,Straight road,,Mist/Fog,AP07AC     7799,YES,Animals affected,0
24.02.2014,3:00 PM,1366.2,RHS,Rural,Kovuru,Rear End Collision, Lorry hit    Unknown Vehicle ,Lorry,Minor injury,Over speed,Four lanes or more with central divider,Straight road,T-Junction,Fine,AP16TU    1657,YES,Fatal,0
24.02.2014,3:00 PM,1366.2,RHS,Rural,Kovuru,Rear End Collision, Lorry hit    Unknown Vehicle ,Lorry,Minor injury,Over speed,Four lanes or more with central divider,Straight road,T-Junction,Fine,AP16TU    1657,YES,Grevious,0
24.02.2014,3:00 PM,1366.2,RHS,Rural,Kovuru,Rear End Collision, Lorry hit    Unknown Vehicle ,Lorry,Minor injury,Over speed,Four lanes or more with central divider,Straight road,T-Junction,Fine,AP16TU    1657,YES,Minor,1
24.02.2014,3:00 PM,1366.2,RHS,Rural,Kovuru,Rear End Collision, Lorry hit    Unknown Vehicle ,Lorry,Minor injury,Over speed,Four lanes or more with central divider,Straight road,T-Junction,Fine,AP16TU    1657,YES,Non injured ,1
24.02.2014,3:00 PM,1366.2,RHS,Rural,Kovuru,Rear End Collision, Lorry hit    Unknown Vehicle ,Lorry,Minor injury,Over speed,Four lanes or more with central divider,Straight road,T-Junction,Fine,AP16TU    1657,YES,Animals affected,0
25.02.2014,4:20 AM,1317.5,RHS,Urban,Kavali,Rear End Collision, Lorry hit    Unknown Vehicle ,Lorry,Minor injury,Fault of driver of motor vehicle/driver of other vehicle/cyclist/pedestrian/passenger,Four lanes or more with central divider,Straight road,,Fine,AP26Y    0299,YES,Fatal,0
25.02.2014,4:20 AM,1317.5,RHS,Urban,Kavali,Rear End Collision, Lorry hit    Unknown Vehicle ,Lorry,Minor injury,Fault of driver of motor vehicle/driver of other vehicle/cyclist/pedestrian/passenger,Four lanes or more with central divider,Straight road,,Fine,AP26Y    0299,YES,Grevious,0
25.02.2014,4:20 AM,1317.5,RHS,Urban,Kavali,Rear End Collision, Lorry hit    Unknown Vehicle ,Lorry,Minor injury,Fault of driver of motor vehicle/driver of other vehicle/cyclist/pedestrian/passenger,Four lanes or more with central divider,Straight road,,Fine,AP26Y    0299,YES,Minor,2
25.02.2014,4:20 AM,1317.5,RHS,Urban,Kavali,Rear End Collision, Lorry hit    Unknown Vehicle ,Lorry,Minor injury,Fault of driver of motor vehicle/driver of other vehicle/cyclist/pedestrian/passenger,Four lanes or more with central divider,Straight road,,Fine,AP26Y    0299,YES,Non injured ,0
25.02.2014,4:20 AM,1317.5,RHS,Urban,Kavali,Rear End Collision, Lorry hit    Unknown Vehicle ,Lorry,Minor injury,Fault of driver of motor vehicle/driver of other vehicle/cyclist/pedestrian/passenger,Four lanes or more with central divider,Straight road,,Fine,AP26Y    0299,YES,Animals affected,0