Operational date,Time of Accident,KM && M,Position,Rural/Urban,Location,Nature of Accident Position,Nature of Accident,Vehicle Involved,Type of Accident,Causes,Road Feature,Road condition,Intersection Type And Control,Weather Condition,Vehicle Responsible,Help Provided by Ambulance/Patroling Vehicle,Classification of Accident,No of Affected Persons
25.02.2014,5:00 AM,1278.5,RHS,Rural,Singarayakonda,Collision Brush/Side Wipe,Mini Lorry hit C.C.Barrier,Lorry,Non injury,Fault of driver of motor vehicle/driver of other vehicle/cyclist/pedestrian/passenger,Four lanes or more with central divider,Straight road,,Fine,TN18R     7259,YES,Fatal,0
25.02.2014,5:00 AM,1278.5,RHS,Rural,Singarayakonda,Collision Brush/Side Wipe,Mini Lorry hit C.C.Barrier,Lorry,Non injury,Fault of driver of motor vehicle/driver of other vehicle/cyclist/pedestrian/passenger,Four lanes or more with central divider,Straight road,,Fine,TN18R     7259,YES,Grevious,0
25.02.2014,5:00 AM,1278.5,RHS,Rural,Singarayakonda,Collision Brush/Side Wipe,Mini Lorry hit C.C.Barrier,Lorry,Non injury,Fault of driver of motor vehicle/driver of other vehicle/cyclist/pedestrian/passenger,Four lanes or more with central divider,Straight road,,Fine,TN18R     7259,YES,Minor,0
25.02.2014,5:00 AM,1278.5,RHS,Rural,Singarayakonda,Collision Brush/Side Wipe,Mini Lorry hit C.C.Barrier,Lorry,Non injury,Fault of driver of motor vehicle/driver of other vehicle/cyclist/pedestrian/passenger,Four lanes or more with central divider,Straight road,,Fine,TN18R     7259,YES,Non injured ,2
25.02.2014,5:00 AM,1278.5,RHS,Rural,Singarayakonda,Collision Brush/Side Wipe,Mini Lorry hit C.C.Barrier,Lorry,Non injury,Fault of driver of motor vehicle/driver of other vehicle/cyclist/pedestrian/passenger,Four lanes or more with central divider,Straight road,,Fine,TN18R     7259,YES,Animals affected,0
25.02.2014,3:27 PM,1249.9,LHS,Rural,Ongole,Head on collision,Lorry hit  Lorry,Lorry,Minor injury,Druken,Four lanes or more with central divider,Straight road,T-Junction,Fine,F/R,YES,Fatal,0
25.02.2014,3:27 PM,1249.9,LHS,Rural,Ongole,Head on collision,Lorry hit  Lorry,Lorry,Minor injury,Druken,Four lanes or more with central divider,Straight road,T-Junction,Fine,F/R,YES,Grevious,0
25.02.2014,3:27 PM,1249.9,LHS,Rural,Ongole,Head on collision,Lorry hit  Lorry,Lorry,Minor injury,Druken,Four lanes or more with central divider,Straight road,T-Junction,Fine,F/R,YES,Minor,1
25.02.2014,3:27 PM,1249.9,LHS,Rural,Ongole,Head on collision,Lorry hit  Lorry,Lorry,Minor injury,Druken,Four lanes or more with central divider,Straight road,T-Junction,Fine,F/R,YES,Non injured ,0
25.02.2014,3:27 PM,1249.9,LHS,Rural,Ongole,Head on collision,Lorry hit  Lorry,Lorry,Minor injury,Druken,Four lanes or more with central divider,Straight road,T-Junction,Fine,F/R,YES,Animals affected,0
26.02.2014,1:40 AM,1267.3,RHS,Rural,Tangutur,Rear End Collision,Lorry hit  Lorry,Lorry,Non injury,Fault of driver of motor vehicle/driver of other vehicle/cyclist/pedestrian/passenger,Four lanes or more with central divider,Straight road,,Fine,AP23W      9099,YES,Fatal,0
26.02.2014,1:40 AM,1267.3,RHS,Rural,Tangutur,Rear End Collision,Lorry hit  Lorry,Lorry,Non injury,Fault of driver of motor vehicle/driver of other vehicle/cyclist/pedestrian/passenger,Four lanes or more with central divider,Straight road,,Fine,AP23W      9099,YES,Grevious,0
26.02.2014,1:40 AM,1267.3,RHS,Rural,Tangutur,Rear End Collision,Lorry hit  Lorry,Lorry,Non injury,Fault of driver of motor vehicle/driver of other vehicle/cyclist/pedestrian/passenger,Four lanes or more with central divider,Straight road,,Fine,AP23W      9099,YES,Minor,0
26.02.2014,1:40 AM,1267.3,RHS,Rural,Tangutur,Rear End Collision,Lorry hit  Lorry,Lorry,Non injury,Fault of driver of motor vehicle/driver of other vehicle/cyclist/pedestrian/passenger,Four lanes or more with central divider,Straight road,,Fine,AP23W      9099,YES,Non injured ,4
26.02.2014,1:40 AM,1267.3,RHS,Rural,Tangutur,Rear End Collision,Lorry hit  Lorry,Lorry,Non injury,Fault of driver of motor vehicle/driver of other vehicle/cyclist/pedestrian/passenger,Four lanes or more with central divider,Straight road,,Fine,AP23W      9099,YES,Animals affected,0
26.02.2014,4:20 AM,1317.9,RHS,Urban,Kavali,Overturning,Lorry Over  Turned ,Lorry,Non injury,Fault of driver of motor vehicle/driver of other vehicle/cyclist/pedestrian/passenger,Four lanes or more with central divider,Straight road,,Fine,AP31TT    3717,YES,Fatal,0
26.02.2014,4:20 AM,1317.9,RHS,Urban,Kavali,Overturning,Lorry Over  Turned ,Lorry,Non injury,Fault of driver of motor vehicle/driver of other vehicle/cyclist/pedestrian/passenger,Four lanes or more with central divider,Straight road,,Fine,AP31TT    3717,YES,Grevious,0
26.02.2014,4:20 AM,1317.9,RHS,Urban,Kavali,Overturning,Lorry Over  Turned ,Lorry,Non injury,Fault of driver of motor vehicle/driver of other vehicle/cyclist/pedestrian/passenger,Four lanes or more with central divider,Straight road,,Fine,AP31TT    3717,YES,Minor,0
26.02.2014,4:20 AM,1317.9,RHS,Urban,Kavali,Overturning,Lorry Over  Turned ,Lorry,Non injury,Fault of driver of motor vehicle/driver of other vehicle/cyclist/pedestrian/passenger,Four lanes or more with central divider,Straight road,,Fine,AP31TT    3717,YES,Non injured ,2
26.02.2014,4:20 AM,1317.9,RHS,Urban,Kavali,Overturning,Lorry Over  Turned ,Lorry,Non injury,Fault of driver of motor vehicle/driver of other vehicle/cyclist/pedestrian/passenger,Four lanes or more with central divider,Straight road,,Fine,AP31TT    3717,YES,Animals affected,0
26.02.2014,7:28 PM,1270.1,LHS,Rural,Jarugumalli,Skidding,Bike   Skidding,Bike,Grievious injury,Over speed,Four lanes or more with central divider,Slight curve,,Fine,F/R,YES,Fatal,0
26.02.2014,7:28 PM,1270.1,LHS,Rural,Jarugumalli,Skidding,Bike   Skidding,Bike,Grievious injury,Over speed,Four lanes or more with central divider,Slight curve,,Fine,F/R,YES,Grevious,1
26.02.2014,7:28 PM,1270.1,LHS,Rural,Jarugumalli,Skidding,Bike   Skidding,Bike,Grievious injury,Over speed,Four lanes or more with central divider,Slight curve,,Fine,F/R,YES,Minor,1
26.02.2014,7:28 PM,1270.1,LHS,Rural,Jarugumalli,Skidding,Bike   Skidding,Bike,Grievious injury,Over speed,Four lanes or more with central divider,Slight curve,,Fine,F/R,YES,Non injured ,0
26.02.2014,7:28 PM,1270.1,LHS,Rural,Jarugumalli,Skidding,Bike   Skidding,Bike,Grievious injury,Over speed,Four lanes or more with central divider,Slight curve,,Fine,F/R,YES,Animals affected,0
27.02.2014,2:30 AM,1277.7,LHS,Rural,Singarayakonda,Collision Brush/Side Wipe,Lorry hit C.C.Barrier,Lorry,Non injury,Fault of driver of motor vehicle/driver of other vehicle/cyclist/pedestrian/passenger,Four lanes or more with central divider,Straight road,,Mist/Fog,HR55R     6229,YES,Fatal,0
27.02.2014,2:30 AM,1277.7,LHS,Rural,Singarayakonda,Collision Brush/Side Wipe,Lorry hit C.C.Barrier,Lorry,Non injury,Fault of driver of motor vehicle/driver of other vehicle/cyclist/pedestrian/passenger,Four lanes or more with central divider,Straight road,,Mist/Fog,HR55R     6229,YES,Grevious,0
27.02.2014,2:30 AM,1277.7,LHS,Rural,Singarayakonda,Collision Brush/Side Wipe,Lorry hit C.C.Barrier,Lorry,Non injury,Fault of driver of motor vehicle/driver of other vehicle/cyclist/pedestrian/passenger,Four lanes or more with central divider,Straight road,,Mist/Fog,HR55R     6229,YES,Minor,0
27.02.2014,2:30 AM,1277.7,LHS,Rural,Singarayakonda,Collision Brush/Side Wipe,Lorry hit C.C.Barrier,Lorry,Non injury,Fault of driver of motor vehicle/driver of other vehicle/cyclist/pedestrian/passenger,Four lanes or more with central divider,Straight road,,Mist/Fog,HR55R     6229,YES,Non injured ,2
27.02.2014,2:30 AM,1277.7,LHS,Rural,Singarayakonda,Collision Brush/Side Wipe,Lorry hit C.C.Barrier,Lorry,Non injury,Fault of driver of motor vehicle/driver of other vehicle/cyclist/pedestrian/passenger,Four lanes or more with central divider,Straight road,,Mist/Fog,HR55R     6229,YES,Animals affected,0
27.02.2014,8:30 AM,1247.9,RHS,Rural,Ongole,Rear End Collision, Lorry hit    Unknown Vehicle ,Lorry,Non injury,Over speed,Four lanes or more with central divider,Straight road,T-Junction,Fine,AP07TU    7786,YES,Fatal,0
27.02.2014,8:30 AM,1247.9,RHS,Rural,Ongole,Rear End Collision, Lorry hit    Unknown Vehicle ,Lorry,Non injury,Over speed,Four lanes or more with central divider,Straight road,T-Junction,Fine,AP07TU    7786,YES,Grevious,0
27.02.2014,8:30 AM,1247.9,RHS,Rural,Ongole,Rear End Collision, Lorry hit    Unknown Vehicle ,Lorry,Non injury,Over speed,Four lanes or more with central divider,Straight road,T-Junction,Fine,AP07TU    7786,YES,Minor,0
27.02.2014,8:30 AM,1247.9,RHS,Rural,Ongole,Rear End Collision, Lorry hit    Unknown Vehicle ,Lorry,Non injury,Over speed,Four lanes or more with central divider,Straight road,T-Junction,Fine,AP07TU    7786,YES,Non injured ,2
27.02.2014,8:30 AM,1247.9,RHS,Rural,Ongole,Rear End Collision, Lorry hit    Unknown Vehicle ,Lorry,Non injury,Over speed,Four lanes or more with central divider,Straight road,T-Junction,Fine,AP07TU    7786,YES,Animals affected,0
28.02.2014,3:40 AM,1207.7,RHS,Rural,Reningavaram,Overturning,Lorry Over  Turned ,Lorry,Minor injury,Vehicle out of control,Four lanes or more with central divider,Straight road,,Fine,AP03Y     9549,YES,Fatal,0
28.02.2014,3:40 AM,1207.7,RHS,Rural,Reningavaram,Overturning,Lorry Over  Turned ,Lorry,Minor injury,Vehicle out of control,Four lanes or more with central divider,Straight road,,Fine,AP03Y     9549,YES,Grevious,0
28.02.2014,3:40 AM,1207.7,RHS,Rural,Reningavaram,Overturning,Lorry Over  Turned ,Lorry,Minor injury,Vehicle out of control,Four lanes or more with central divider,Straight road,,Fine,AP03Y     9549,YES,Minor,1
28.02.2014,3:40 AM,1207.7,RHS,Rural,Reningavaram,Overturning,Lorry Over  Turned ,Lorry,Minor injury,Vehicle out of control,Four lanes or more with central divider,Straight road,,Fine,AP03Y     9549,YES,Non injured ,1
28.02.2014,3:40 AM,1207.7,RHS,Rural,Reningavaram,Overturning,Lorry Over  Turned ,Lorry,Minor injury,Vehicle out of control,Four lanes or more with central divider,Straight road,,Fine,AP03Y     9549,YES,Animals affected,0
28.02.2014,5:40 PM,1239.2,LHS,Rural,Maddipadu,Right Turn Collision, Lorry hit Car,Lorry,Non injury,Over speed,Four lanes or more with central divider,Straight road,,Fine,AP07TA         2678,YES,Fatal,0
28.02.2014,5:40 PM,1239.2,LHS,Rural,Maddipadu,Right Turn Collision, Lorry hit Car,Lorry,Non injury,Over speed,Four lanes or more with central divider,Straight road,,Fine,AP07TA         2678,YES,Grevious,0
28.02.2014,5:40 PM,1239.2,LHS,Rural,Maddipadu,Right Turn Collision, Lorry hit Car,Lorry,Non injury,Over speed,Four lanes or more with central divider,Straight road,,Fine,AP07TA         2678,YES,Minor,0
28.02.2014,5:40 PM,1239.2,LHS,Rural,Maddipadu,Right Turn Collision, Lorry hit Car,Lorry,Non injury,Over speed,Four lanes or more with central divider,Straight road,,Fine,AP07TA         2678,YES,Non injured ,3
28.02.2014,5:40 PM,1239.2,LHS,Rural,Maddipadu,Right Turn Collision, Lorry hit Car,Lorry,Non injury,Over speed,Four lanes or more with central divider,Straight road,,Fine,AP07TA         2678,YES,Animals affected,0
01.03.2014,9:50 AM,1190,RHS,Rural,Martur,Skidding,Bike   Skidding,Bike,Minor injury,Fault of driver of motor vehicle/driver of other vehicle/cyclist/pedestrian/passenger,Four lanes or more with central divider,Straight road,,Fine,AP27AP 1865,YES,Fatal,0
01.03.2014,9:50 AM,1190,RHS,Rural,Martur,Skidding,Bike   Skidding,Bike,Minor injury,Fault of driver of motor vehicle/driver of other vehicle/cyclist/pedestrian/passenger,Four lanes or more with central divider,Straight road,,Fine,AP27AP 1865,YES,Grevious,0
01.03.2014,9:50 AM,1190,RHS,Rural,Martur,Skidding,Bike   Skidding,Bike,Minor injury,Fault of driver of motor vehicle/driver of other vehicle/cyclist/pedestrian/passenger,Four lanes or more with central divider,Straight road,,Fine,AP27AP 1865,YES,Minor,1
01.03.2014,9:50 AM,1190,RHS,Rural,Martur,Skidding,Bike   Skidding,Bike,Minor injury,Fault of driver of motor vehicle/driver of other vehicle/cyclist/pedestrian/passenger,Four lanes or more with central divider,Straight road,,Fine,AP27AP 1865,YES,Non injured ,0
01.03.2014,9:50 AM,1190,RHS,Rural,Martur,Skidding,Bike   Skidding,Bike,Minor injury,Fault of driver of motor vehicle/driver of other vehicle/cyclist/pedestrian/passenger,Four lanes or more with central divider,Straight road,,Fine,AP27AP 1865,YES,Animals affected,0
01.03.2014,11:20 AM,1199.5,RHS,Rural,Martur,Overturning, Lorry Over Turned,Lorry,Grievious injury,Druken,Four lanes or more with central divider,Straight road,,Fine,TN28AM 0299,YES,Fatal,0
01.03.2014,11:20 AM,1199.5,RHS,Rural,Martur,Overturning, Lorry Over Turned,Lorry,Grievious injury,Druken,Four lanes or more with central divider,Straight road,,Fine,TN28AM 0299,YES,Grevious,1
01.03.2014,11:20 AM,1199.5,RHS,Rural,Martur,Overturning, Lorry Over Turned,Lorry,Grievious injury,Druken,Four lanes or more with central divider,Straight road,,Fine,TN28AM 0299,YES,Minor,0
01.03.2014,11:20 AM,1199.5,RHS,Rural,Martur,Overturning, Lorry Over Turned,Lorry,Grievious injury,Druken,Four lanes or more with central divider,Straight road,,Fine,TN28AM 0299,YES,Non injured ,0
01.03.2014,11:20 AM,1199.5,RHS,Rural,Martur,Overturning, Lorry Over Turned,Lorry,Grievious injury,Druken,Four lanes or more with central divider,Straight road,,Fine,TN28AM 0299,YES,Animals affected,0
01.03.2014,4:17 PM,1354,LHS,Rural,Kodavaluru,Collision Brush/Side Wipe,RTC Bus hit Lorry,Bus,Minor injury,Fault of driver of motor vehicle/driver of other vehicle/cyclist/pedestrian/passenger,Four lanes or more with central divider,Straight road,,Fine,AP29Z   3163     ,YES,Fatal,0
01.03.2014,4:17 PM,1354,LHS,Rural,Kodavaluru,Collision Brush/Side Wipe,RTC Bus hit Lorry,Bus,Minor injury,Fault of driver of motor vehicle/driver of other vehicle/cyclist/pedestrian/passenger,Four lanes or more with central divider,Straight road,,Fine,AP29Z   3163     ,YES,Grevious,0
01.03.2014,4:17 PM,1354,LHS,Rural,Kodavaluru,Collision Brush/Side Wipe,RTC Bus hit Lorry,Bus,Minor injury,Fault of driver of motor vehicle/driver of other vehicle/cyclist/pedestrian/passenger,Four lanes or more with central divider,Straight road,,Fine,AP29Z   3163     ,YES,Minor,1
01.03.2014,4:17 PM,1354,LHS,Rural,Kodavaluru,Collision Brush/Side Wipe,RTC Bus hit Lorry,Bus,Minor injury,Fault of driver of motor vehicle/driver of other vehicle/cyclist/pedestrian/passenger,Four lanes or more with central divider,Straight road,,Fine,AP29Z   3163     ,YES,Non injured ,16
01.03.2014,4:17 PM,1354,LHS,Rural,Kodavaluru,Collision Brush/Side Wipe,RTC Bus hit Lorry,Bus,Minor injury,Fault of driver of motor vehicle/driver of other vehicle/cyclist/pedestrian/passenger,Four lanes or more with central divider,Straight road,,Fine,AP29Z   3163     ,YES,Animals affected,0
02.03.2014,3:20 AM,1271.9,LHS,Rural,Jarugumalli,Rear End Collision, Tipper hit  Lorry ,Lorry,Non injury,Fault of driver of motor vehicle/driver of other vehicle/cyclist/pedestrian/passenger,Four lanes or more with central divider,Straight road,,Fine,AP27TT  8459,YES,Fatal,0
02.03.2014,3:20 AM,1271.9,LHS,Rural,Jarugumalli,Rear End Collision, Tipper hit  Lorry ,Lorry,Non injury,Fault of driver of motor vehicle/driver of other vehicle/cyclist/pedestrian/passenger,Four lanes or more with central divider,Straight road,,Fine,AP27TT  8459,YES,Grevious,0
02.03.2014,3:20 AM,1271.9,LHS,Rural,Jarugumalli,Rear End Collision, Tipper hit  Lorry ,Lorry,Non injury,Fault of driver of motor vehicle/driver of other vehicle/cyclist/pedestrian/passenger,Four lanes or more with central divider,Straight road,,Fine,AP27TT  8459,YES,Minor,0
02.03.2014,3:20 AM,1271.9,LHS,Rural,Jarugumalli,Rear End Collision, Tipper hit  Lorry ,Lorry,Non injury,Fault of driver of motor vehicle/driver of other vehicle/cyclist/pedestrian/passenger,Four lanes or more with central divider,Straight road,,Fine,AP27TT  8459,YES,Non injured ,2
02.03.2014,3:20 AM,1271.9,LHS,Rural,Jarugumalli,Rear End Collision, Tipper hit  Lorry ,Lorry,Non injury,Fault of driver of motor vehicle/driver of other vehicle/cyclist/pedestrian/passenger,Four lanes or more with central divider,Straight road,,Fine,AP27TT  8459,YES,Animals affected,0
03.03.2014,3:00 AM,1239,RHS,Rural,Ongole,Collision Brush/Side Wipe,Lorry hit      C.C.Barrier,Lorry,Non injury,Fault of driver of motor vehicle/driver of other vehicle/cyclist/pedestrian/passenger,Four lanes or more with central divider,Straight road,,Fine,AP24TA   4259,YES,Fatal,0
03.03.2014,3:00 AM,1239,RHS,Rural,Ongole,Collision Brush/Side Wipe,Lorry hit      C.C.Barrier,Lorry,Non injury,Fault of driver of motor vehicle/driver of other vehicle/cyclist/pedestrian/passenger,Four lanes or more with central divider,Straight road,,Fine,AP24TA   4259,YES,Grevious,0
03.03.2014,3:00 AM,1239,RHS,Rural,Ongole,Collision Brush/Side Wipe,Lorry hit      C.C.Barrier,Lorry,Non injury,Fault of driver of motor vehicle/driver of other vehicle/cyclist/pedestrian/passenger,Four lanes or more with central divider,Straight road,,Fine,AP24TA   4259,YES,Minor,0
03.03.2014,3:00 AM,1239,RHS,Rural,Ongole,Collision Brush/Side Wipe,Lorry hit      C.C.Barrier,Lorry,Non injury,Fault of driver of motor vehicle/driver of other vehicle/cyclist/pedestrian/passenger,Four lanes or more with central divider,Straight road,,Fine,AP24TA   4259,YES,Non injured ,1
03.03.2014,3:00 AM,1239,RHS,Rural,Ongole,Collision Brush/Side Wipe,Lorry hit      C.C.Barrier,Lorry,Non injury,Fault of driver of motor vehicle/driver of other vehicle/cyclist/pedestrian/passenger,Four lanes or more with central divider,Straight road,,Fine,AP24TA   4259,YES,Animals affected,0
03.03.2014,10:10 AM,1255.7,LHS,Rural,Tangutur,Collision Brush/Side Wipe, Car hit Pedestrian,Car,Fatal,Over speed,Four lanes or more with central divider,Straight road,,Fine,AP27AC 6699,YES,Fatal,1
03.03.2014,10:10 AM,1255.7,LHS,Rural,Tangutur,Collision Brush/Side Wipe, Car hit Pedestrian,Car,Fatal,Over speed,Four lanes or more with central divider,Straight road,,Fine,AP27AC 6699,YES,Grevious,0
03.03.2014,10:10 AM,1255.7,LHS,Rural,Tangutur,Collision Brush/Side Wipe, Car hit Pedestrian,Car,Fatal,Over speed,Four lanes or more with central divider,Straight road,,Fine,AP27AC 6699,YES,Minor,0
03.03.2014,10:10 AM,1255.7,LHS,Rural,Tangutur,Collision Brush/Side Wipe, Car hit Pedestrian,Car,Fatal,Over speed,Four lanes or more with central divider,Straight road,,Fine,AP27AC 6699,YES,Non injured ,0
03.03.2014,10:10 AM,1255.7,LHS,Rural,Tangutur,Collision Brush/Side Wipe, Car hit Pedestrian,Car,Fatal,Over speed,Four lanes or more with central divider,Straight road,,Fine,AP27AC 6699,YES,Animals affected,0
04.03.2014,3:27 AM,1324.3,RHS,Rural,Kavali,Collision Brush/Side Wipe, Jeep hit Bridge wall,Jeep,Non injury,Fault of driver of motor vehicle/driver of other vehicle/cyclist/pedestrian/passenger,Four lanes or more with central divider,Straight road,,Fine,AP23V    8141,YES,Fatal,0
04.03.2014,3:27 AM,1324.3,RHS,Rural,Kavali,Collision Brush/Side Wipe, Jeep hit Bridge wall,Jeep,Non injury,Fault of driver of motor vehicle/driver of other vehicle/cyclist/pedestrian/passenger,Four lanes or more with central divider,Straight road,,Fine,AP23V    8141,YES,Grevious,0
04.03.2014,3:27 AM,1324.3,RHS,Rural,Kavali,Collision Brush/Side Wipe, Jeep hit Bridge wall,Jeep,Non injury,Fault of driver of motor vehicle/driver of other vehicle/cyclist/pedestrian/passenger,Four lanes or more with central divider,Straight road,,Fine,AP23V    8141,YES,Minor,0
04.03.2014,3:27 AM,1324.3,RHS,Rural,Kavali,Collision Brush/Side Wipe, Jeep hit Bridge wall,Jeep,Non injury,Fault of driver of motor vehicle/driver of other vehicle/cyclist/pedestrian/passenger,Four lanes or more with central divider,Straight road,,Fine,AP23V    8141,YES,Non injured ,2
04.03.2014,3:27 AM,1324.3,RHS,Rural,Kavali,Collision Brush/Side Wipe, Jeep hit Bridge wall,Jeep,Non injury,Fault of driver of motor vehicle/driver of other vehicle/cyclist/pedestrian/passenger,Four lanes or more with central divider,Straight road,,Fine,AP23V    8141,YES,Animals affected,0
04.03.2014,5:00 AM,1225.1,LHS,Rural,Maddipadu,Overturning, Tipper  Over Turned,Lorry,Non injury,Vehicle out of control,Four lanes or more with central divider,Straight road,,Fine,AP27TV    3918,YES,Fatal,0
04.03.2014,5:00 AM,1225.1,LHS,Rural,Maddipadu,Overturning, Tipper  Over Turned,Lorry,Non injury,Vehicle out of control,Four lanes or more with central divider,Straight road,,Fine,AP27TV    3918,YES,Grevious,0
04.03.2014,5:00 AM,1225.1,LHS,Rural,Maddipadu,Overturning, Tipper  Over Turned,Lorry,Non injury,Vehicle out of control,Four lanes or more with central divider,Straight road,,Fine,AP27TV    3918,YES,Minor,0
04.03.2014,5:00 AM,1225.1,LHS,Rural,Maddipadu,Overturning, Tipper  Over Turned,Lorry,Non injury,Vehicle out of control,Four lanes or more with central divider,Straight road,,Fine,AP27TV    3918,YES,Non injured ,2
04.03.2014,5:00 AM,1225.1,LHS,Rural,Maddipadu,Overturning, Tipper  Over Turned,Lorry,Non injury,Vehicle out of control,Four lanes or more with central divider,Straight road,,Fine,AP27TV    3918,YES,Animals affected,0
04.03.2014,5:10 AM,1225,LHS,Rural,Maddipadu,Rear End Collision, Lorry hit Unknown Vehicle ,Lorry,Non injury,Over speed,Four lanes or more with central divider,Straight road,,Fine,AP16V     4424,YES,Fatal,0
04.03.2014,5:10 AM,1225,LHS,Rural,Maddipadu,Rear End Collision, Lorry hit Unknown Vehicle ,Lorry,Non injury,Over speed,Four lanes or more with central divider,Straight road,,Fine,AP16V     4424,YES,Grevious,0
04.03.2014,5:10 AM,1225,LHS,Rural,Maddipadu,Rear End Collision, Lorry hit Unknown Vehicle ,Lorry,Non injury,Over speed,Four lanes or more with central divider,Straight road,,Fine,AP16V     4424,YES,Minor,0
04.03.2014,5:10 AM,1225,LHS,Rural,Maddipadu,Rear End Collision, Lorry hit Unknown Vehicle ,Lorry,Non injury,Over speed,Four lanes or more with central divider,Straight road,,Fine,AP16V     4424,YES,Non injured ,2
04.03.2014,5:10 AM,1225,LHS,Rural,Maddipadu,Rear End Collision, Lorry hit Unknown Vehicle ,Lorry,Non injury,Over speed,Four lanes or more with central divider,Straight road,,Fine,AP16V     4424,YES,Animals affected,0
05.03.2014,9:10 AM,1207.6,LHS,Rural,Reningavaram,Collision Brush/Side Wipe, L CV Auto hit bridge Wall  ,Auto,Minor injury,Defect in mechanical condition of motor vehicle/road condition,Four lanes or more with central divider,Straight road,,Fine,AP27TW   0835,YES,Fatal,0
05.03.2014,9:10 AM,1207.6,LHS,Rural,Reningavaram,Collision Brush/Side Wipe, L CV Auto hit bridge Wall  ,Auto,Minor injury,Defect in mechanical condition of motor vehicle/road condition,Four lanes or more with central divider,Straight road,,Fine,AP27TW   0835,YES,Grevious,0
05.03.2014,9:10 AM,1207.6,LHS,Rural,Reningavaram,Collision Brush/Side Wipe, L CV Auto hit bridge Wall  ,Auto,Minor injury,Defect in mechanical condition of motor vehicle/road condition,Four lanes or more with central divider,Straight road,,Fine,AP27TW   0835,YES,Minor,1
05.03.2014,9:10 AM,1207.6,LHS,Rural,Reningavaram,Collision Brush/Side Wipe, L CV Auto hit bridge Wall  ,Auto,Minor injury,Defect in mechanical condition of motor vehicle/road condition,Four lanes or more with central divider,Straight road,,Fine,AP27TW   0835,YES,Non injured ,0
05.03.2014,9:10 AM,1207.6,LHS,Rural,Reningavaram,Collision Brush/Side Wipe, L CV Auto hit bridge Wall  ,Auto,Minor injury,Defect in mechanical condition of motor vehicle/road condition,Four lanes or more with central divider,Straight road,,Fine,AP27TW   0835,YES,Animals affected,0
06.03.2014,3:20 AM,1237.3,LHS,Rural,Ongole,Rear End Collision,Tipper  hit  Lorry,Lorry,Minor injury,Fault of driver of motor vehicle/driver of other vehicle/cyclist/pedestrian/passenger,Four lanes or more with central divider,Straight road,,Fine,AP26TU        4413,YES,Fatal,0
06.03.2014,3:20 AM,1237.3,LHS,Rural,Ongole,Rear End Collision,Tipper  hit  Lorry,Lorry,Minor injury,Fault of driver of motor vehicle/driver of other vehicle/cyclist/pedestrian/passenger,Four lanes or more with central divider,Straight road,,Fine,AP26TU        4413,YES,Grevious,0
06.03.2014,3:20 AM,1237.3,LHS,Rural,Ongole,Rear End Collision,Tipper  hit  Lorry,Lorry,Minor injury,Fault of driver of motor vehicle/driver of other vehicle/cyclist/pedestrian/passenger,Four lanes or more with central divider,Straight road,,Fine,AP26TU        4413,YES,Minor,1
06.03.2014,3:20 AM,1237.3,LHS,Rural,Ongole,Rear End Collision,Tipper  hit  Lorry,Lorry,Minor injury,Fault of driver of motor vehicle/driver of other vehicle/cyclist/pedestrian/passenger,Four lanes or more with central divider,Straight road,,Fine,AP26TU        4413,YES,Non injured ,2
06.03.2014,3:20 AM,1237.3,LHS,Rural,Ongole,Rear End Collision,Tipper  hit  Lorry,Lorry,Minor injury,Fault of driver of motor vehicle/driver of other vehicle/cyclist/pedestrian/passenger,Four lanes or more with central divider,Straight road,,Fine,AP26TU        4413,YES,Animals affected,0
06.03.2014,5:00 PM,1293.5,RHS,Rural,Ulavapadu,Rear End Collision,Tractor hit Tractor,Tractor,Fatal,Over speed,Four lanes or more with central divider,Straight road,,Fine,AP27TT   1466,YES,Fatal,1
06.03.2014,5:00 PM,1293.5,RHS,Rural,Ulavapadu,Rear End Collision,Tractor hit Tractor,Tractor,Fatal,Over speed,Four lanes or more with central divider,Straight road,,Fine,AP27TT   1466,YES,Grevious,0
06.03.2014,5:00 PM,1293.5,RHS,Rural,Ulavapadu,Rear End Collision,Tractor hit Tractor,Tractor,Fatal,Over speed,Four lanes or more with central divider,Straight road,,Fine,AP27TT   1466,YES,Minor,1
06.03.2014,5:00 PM,1293.5,RHS,Rural,Ulavapadu,Rear End Collision,Tractor hit Tractor,Tractor,Fatal,Over speed,Four lanes or more with central divider,Straight road,,Fine,AP27TT   1466,YES,Non injured ,2
06.03.2014,5:00 PM,1293.5,RHS,Rural,Ulavapadu,Rear End Collision,Tractor hit Tractor,Tractor,Fatal,Over speed,Four lanes or more with central divider,Straight road,,Fine,AP27TT   1466,YES,Animals affected,0
06.03.2014,10:41 PM,1279.8,LHS,Rural,Singarayakonda,Overturning, L CV Lorry Over  Turned    ,Lorry,Non injury,Over speed,Four lanes or more with central divider,Straight road,,Fine,TN18C    2625,YES,Fatal,0
06.03.2014,10:41 PM,1279.8,LHS,Rural,Singarayakonda,Overturning, L CV Lorry Over  Turned    ,Lorry,Non injury,Over speed,Four lanes or more with central divider,Straight road,,Fine,TN18C    2625,YES,Grevious,0
06.03.2014,10:41 PM,1279.8,LHS,Rural,Singarayakonda,Overturning, L CV Lorry Over  Turned    ,Lorry,Non injury,Over speed,Four lanes or more with central divider,Straight road,,Fine,TN18C    2625,YES,Minor,0