Operational date,Time of Accident,KM && M,Position,Rural/Urban,Location,Nature of Accident Position,Nature of Accident,Vehicle Involved,Type of Accident,Causes,Road Feature,Road condition,Intersection Type And Control,Weather Condition,Vehicle Responsible,Help Provided by Ambulance/Patroling Vehicle,Classification of Accident,No of Affected Persons
06.03.2014,10:41 PM,1279.8,LHS,Rural,Singarayakonda,Overturning, L CV Lorry Over  Turned    ,Lorry,Non injury,Over speed,Four lanes or more with central divider,Straight road,,Fine,TN18C    2625,YES,Non injured ,2
06.03.2014,10:41 PM,1279.8,LHS,Rural,Singarayakonda,Overturning, L CV Lorry Over  Turned    ,Lorry,Non injury,Over speed,Four lanes or more with central divider,Straight road,,Fine,TN18C    2625,YES,Animals affected,0
07.03.2014,12:30 AM,1202.4,LHS,Rural,Reningavaram,Overturning,Tata Ace Over Turned,Tata Ace,Non injury,Fault of driver of motor vehicle/driver of other vehicle/cyclist/pedestrian/passenger,Four lanes or more with central divider,Straight road,,Fine,AP7TW    4374,YES,Fatal,0
07.03.2014,12:30 AM,1202.4,LHS,Rural,Reningavaram,Overturning,Tata Ace Over Turned,Tata Ace,Non injury,Fault of driver of motor vehicle/driver of other vehicle/cyclist/pedestrian/passenger,Four lanes or more with central divider,Straight road,,Fine,AP7TW    4374,YES,Grevious,0
07.03.2014,12:30 AM,1202.4,LHS,Rural,Reningavaram,Overturning,Tata Ace Over Turned,Tata Ace,Non injury,Fault of driver of motor vehicle/driver of other vehicle/cyclist/pedestrian/passenger,Four lanes or more with central divider,Straight road,,Fine,AP7TW    4374,YES,Minor,0
07.03.2014,12:30 AM,1202.4,LHS,Rural,Reningavaram,Overturning,Tata Ace Over Turned,Tata Ace,Non injury,Fault of driver of motor vehicle/driver of other vehicle/cyclist/pedestrian/passenger,Four lanes or more with central divider,Straight road,,Fine,AP7TW    4374,YES,Non injured ,1
07.03.2014,12:30 AM,1202.4,LHS,Rural,Reningavaram,Overturning,Tata Ace Over Turned,Tata Ace,Non injury,Fault of driver of motor vehicle/driver of other vehicle/cyclist/pedestrian/passenger,Four lanes or more with central divider,Straight road,,Fine,AP7TW    4374,YES,Animals affected,0
07.03.2014,2:12 AM,1259.3,LHS,Rural,Tangutur,Rear End Collision, Lorry hit  Lorry ,Lorry,Grievious injury,Fault of driver of motor vehicle/driver of other vehicle/cyclist/pedestrian/passenger,Four lanes or more with central divider,Straight road,,Fine,HR47B      3899,YES,Fatal,0
07.03.2014,2:12 AM,1259.3,LHS,Rural,Tangutur,Rear End Collision, Lorry hit  Lorry ,Lorry,Grievious injury,Fault of driver of motor vehicle/driver of other vehicle/cyclist/pedestrian/passenger,Four lanes or more with central divider,Straight road,,Fine,HR47B      3899,YES,Grevious,1
07.03.2014,2:12 AM,1259.3,LHS,Rural,Tangutur,Rear End Collision, Lorry hit  Lorry ,Lorry,Grievious injury,Fault of driver of motor vehicle/driver of other vehicle/cyclist/pedestrian/passenger,Four lanes or more with central divider,Straight road,,Fine,HR47B      3899,YES,Minor,0
07.03.2014,2:12 AM,1259.3,LHS,Rural,Tangutur,Rear End Collision, Lorry hit  Lorry ,Lorry,Grievious injury,Fault of driver of motor vehicle/driver of other vehicle/cyclist/pedestrian/passenger,Four lanes or more with central divider,Straight road,,Fine,HR47B      3899,YES,Non injured ,1
07.03.2014,2:12 AM,1259.3,LHS,Rural,Tangutur,Rear End Collision, Lorry hit  Lorry ,Lorry,Grievious injury,Fault of driver of motor vehicle/driver of other vehicle/cyclist/pedestrian/passenger,Four lanes or more with central divider,Straight road,,Fine,HR47B      3899,YES,Animals affected,0
08.03.2014,2:40 AM,1223.2,RHS,Rural,Medarametla,Collision Brush/Side Wipe, Tata Ace hit Lorry,Tata Ace,Minor injury,Over speed,Four lanes or more with central divider,Straight road,,Fine,AP27W 2965,YES,Fatal,0
08.03.2014,2:40 AM,1223.2,RHS,Rural,Medarametla,Collision Brush/Side Wipe, Tata Ace hit Lorry,Tata Ace,Minor injury,Over speed,Four lanes or more with central divider,Straight road,,Fine,AP27W 2965,YES,Grevious,0
08.03.2014,2:40 AM,1223.2,RHS,Rural,Medarametla,Collision Brush/Side Wipe, Tata Ace hit Lorry,Tata Ace,Minor injury,Over speed,Four lanes or more with central divider,Straight road,,Fine,AP27W 2965,YES,Minor,1
08.03.2014,2:40 AM,1223.2,RHS,Rural,Medarametla,Collision Brush/Side Wipe, Tata Ace hit Lorry,Tata Ace,Minor injury,Over speed,Four lanes or more with central divider,Straight road,,Fine,AP27W 2965,YES,Non injured ,0
08.03.2014,2:40 AM,1223.2,RHS,Rural,Medarametla,Collision Brush/Side Wipe, Tata Ace hit Lorry,Tata Ace,Minor injury,Over speed,Four lanes or more with central divider,Straight road,,Fine,AP27W 2965,YES,Animals affected,0
09.03.2014,1:00 PM,1336.4,LHS,Rural,K.Tippa ,Collision Brush/Side Wipe, Lorry hit   Cyclist    ,Lorry,Fatal,Fault of driver of motor vehicle/driver of other vehicle/cyclist/pedestrian/passenger,Four lanes or more with central divider,Straight road,,Fine,AP22U  9354,YES,Fatal,1
09.03.2014,1:00 PM,1336.4,LHS,Rural,K.Tippa ,Collision Brush/Side Wipe, Lorry hit   Cyclist    ,Lorry,Fatal,Fault of driver of motor vehicle/driver of other vehicle/cyclist/pedestrian/passenger,Four lanes or more with central divider,Straight road,,Fine,AP22U  9354,YES,Grevious,2
09.03.2014,1:00 PM,1336.4,LHS,Rural,K.Tippa ,Collision Brush/Side Wipe, Lorry hit   Cyclist    ,Lorry,Fatal,Fault of driver of motor vehicle/driver of other vehicle/cyclist/pedestrian/passenger,Four lanes or more with central divider,Straight road,,Fine,AP22U  9354,YES,Minor,0
09.03.2014,1:00 PM,1336.4,LHS,Rural,K.Tippa ,Collision Brush/Side Wipe, Lorry hit   Cyclist    ,Lorry,Fatal,Fault of driver of motor vehicle/driver of other vehicle/cyclist/pedestrian/passenger,Four lanes or more with central divider,Straight road,,Fine,AP22U  9354,YES,Non injured ,0
09.03.2014,1:00 PM,1336.4,LHS,Rural,K.Tippa ,Collision Brush/Side Wipe, Lorry hit   Cyclist    ,Lorry,Fatal,Fault of driver of motor vehicle/driver of other vehicle/cyclist/pedestrian/passenger,Four lanes or more with central divider,Straight road,,Fine,AP22U  9354,YES,Animals affected,0
09.03.2014,2:59 PM,1361.6,RHS,Rural,Kodavaluru,Overturning, Lorry Over  Turned    ,Lorry,Non injury,Fault of driver of motor vehicle/driver of other vehicle/cyclist/pedestrian/passenger,Four lanes or more with central divider,Straight road,,Fine,AP16TW 9509,YES,Fatal,0
09.03.2014,2:59 PM,1361.6,RHS,Rural,Kodavaluru,Overturning, Lorry Over  Turned    ,Lorry,Non injury,Fault of driver of motor vehicle/driver of other vehicle/cyclist/pedestrian/passenger,Four lanes or more with central divider,Straight road,,Fine,AP16TW 9509,YES,Grevious,0
09.03.2014,2:59 PM,1361.6,RHS,Rural,Kodavaluru,Overturning, Lorry Over  Turned    ,Lorry,Non injury,Fault of driver of motor vehicle/driver of other vehicle/cyclist/pedestrian/passenger,Four lanes or more with central divider,Straight road,,Fine,AP16TW 9509,YES,Minor,0
09.03.2014,2:59 PM,1361.6,RHS,Rural,Kodavaluru,Overturning, Lorry Over  Turned    ,Lorry,Non injury,Fault of driver of motor vehicle/driver of other vehicle/cyclist/pedestrian/passenger,Four lanes or more with central divider,Straight road,,Fine,AP16TW 9509,YES,Non injured ,2
09.03.2014,2:59 PM,1361.6,RHS,Rural,Kodavaluru,Overturning, Lorry Over  Turned    ,Lorry,Non injury,Fault of driver of motor vehicle/driver of other vehicle/cyclist/pedestrian/passenger,Four lanes or more with central divider,Straight road,,Fine,AP16TW 9509,YES,Animals affected,0
10.03.2014,7:20 AM,1193.1,LHS,Rural,Martur,Collision Brush/Side Wipe, Car hit Culvert wall,Car,Grievious injury,Over speed,Four lanes or more with central divider,Straight road,,Fine,AP31TV    560,YES,Fatal,0
10.03.2014,7:20 AM,1193.1,LHS,Rural,Martur,Collision Brush/Side Wipe, Car hit Culvert wall,Car,Grievious injury,Over speed,Four lanes or more with central divider,Straight road,,Fine,AP31TV    560,YES,Grevious,6
10.03.2014,7:20 AM,1193.1,LHS,Rural,Martur,Collision Brush/Side Wipe, Car hit Culvert wall,Car,Grievious injury,Over speed,Four lanes or more with central divider,Straight road,,Fine,AP31TV    560,YES,Minor,0
10.03.2014,7:20 AM,1193.1,LHS,Rural,Martur,Collision Brush/Side Wipe, Car hit Culvert wall,Car,Grievious injury,Over speed,Four lanes or more with central divider,Straight road,,Fine,AP31TV    560,YES,Non injured ,0
10.03.2014,7:20 AM,1193.1,LHS,Rural,Martur,Collision Brush/Side Wipe, Car hit Culvert wall,Car,Grievious injury,Over speed,Four lanes or more with central divider,Straight road,,Fine,AP31TV    560,YES,Animals affected,0
10.03.2014,11:45 AM,1217,LHS,Rural,Medarametla,Rear End Collision, Car hit Tractor,Car,Non injury,Over speed,Four lanes or more with central divider,Straight road,T-Junction,Fine,AP9BU  9575`,YES,Fatal,0
10.03.2014,11:45 AM,1217,LHS,Rural,Medarametla,Rear End Collision, Car hit Tractor,Car,Non injury,Over speed,Four lanes or more with central divider,Straight road,T-Junction,Fine,AP9BU  9575`,YES,Grevious,0
10.03.2014,11:45 AM,1217,LHS,Rural,Medarametla,Rear End Collision, Car hit Tractor,Car,Non injury,Over speed,Four lanes or more with central divider,Straight road,T-Junction,Fine,AP9BU  9575`,YES,Minor,0
10.03.2014,11:45 AM,1217,LHS,Rural,Medarametla,Rear End Collision, Car hit Tractor,Car,Non injury,Over speed,Four lanes or more with central divider,Straight road,T-Junction,Fine,AP9BU  9575`,YES,Non injured ,3
10.03.2014,11:45 AM,1217,LHS,Rural,Medarametla,Rear End Collision, Car hit Tractor,Car,Non injury,Over speed,Four lanes or more with central divider,Straight road,T-Junction,Fine,AP9BU  9575`,YES,Animals affected,0
10.03.2014,3:41 PM,1229.2,LHS,Rural,Maddipadu,Collision Brush/Side Wipe, Lorry hit Water Tanker,Lorry,Non injury,Over speed,Four lanes or more with central divider,Straight road,,Fine,AP09X   2740,YES,Fatal,0
10.03.2014,3:41 PM,1229.2,LHS,Rural,Maddipadu,Collision Brush/Side Wipe, Lorry hit Water Tanker,Lorry,Non injury,Over speed,Four lanes or more with central divider,Straight road,,Fine,AP09X   2740,YES,Grevious,0
10.03.2014,3:41 PM,1229.2,LHS,Rural,Maddipadu,Collision Brush/Side Wipe, Lorry hit Water Tanker,Lorry,Non injury,Over speed,Four lanes or more with central divider,Straight road,,Fine,AP09X   2740,YES,Minor,0
10.03.2014,3:41 PM,1229.2,LHS,Rural,Maddipadu,Collision Brush/Side Wipe, Lorry hit Water Tanker,Lorry,Non injury,Over speed,Four lanes or more with central divider,Straight road,,Fine,AP09X   2740,YES,Non injured ,3
10.03.2014,3:41 PM,1229.2,LHS,Rural,Maddipadu,Collision Brush/Side Wipe, Lorry hit Water Tanker,Lorry,Non injury,Over speed,Four lanes or more with central divider,Straight road,,Fine,AP09X   2740,YES,Animals affected,0
11.03.2014,3:10 AM,1217.7,LHS,Rural,Medarametla,Overturning, Lorry Over  Turned    ,Lorry,Non injury,Fault of driver of motor vehicle/driver of other vehicle/cyclist/pedestrian/passenger,Four lanes or more with central divider,Straight road,,Fine,AP16TW    4518,YES,Fatal,0
11.03.2014,3:10 AM,1217.7,LHS,Rural,Medarametla,Overturning, Lorry Over  Turned    ,Lorry,Non injury,Fault of driver of motor vehicle/driver of other vehicle/cyclist/pedestrian/passenger,Four lanes or more with central divider,Straight road,,Fine,AP16TW    4518,YES,Grevious,0
11.03.2014,3:10 AM,1217.7,LHS,Rural,Medarametla,Overturning, Lorry Over  Turned    ,Lorry,Non injury,Fault of driver of motor vehicle/driver of other vehicle/cyclist/pedestrian/passenger,Four lanes or more with central divider,Straight road,,Fine,AP16TW    4518,YES,Minor,0
11.03.2014,3:10 AM,1217.7,LHS,Rural,Medarametla,Overturning, Lorry Over  Turned    ,Lorry,Non injury,Fault of driver of motor vehicle/driver of other vehicle/cyclist/pedestrian/passenger,Four lanes or more with central divider,Straight road,,Fine,AP16TW    4518,YES,Non injured ,2
11.03.2014,3:10 AM,1217.7,LHS,Rural,Medarametla,Overturning, Lorry Over  Turned    ,Lorry,Non injury,Fault of driver of motor vehicle/driver of other vehicle/cyclist/pedestrian/passenger,Four lanes or more with central divider,Straight road,,Fine,AP16TW    4518,YES,Animals affected,0
12.03.2014,8:17 AM,1234.9,LHS,Rural,Maddipadu,Rear End Collision, Car hit Lorry,Car,Grievious injury,Fault of driver of motor vehicle/driver of other vehicle/cyclist/pedestrian/passenger,Four lanes or more with central divider,Straight road,,Fine,AP29BT  0452,YES,Fatal,0
12.03.2014,8:17 AM,1234.9,LHS,Rural,Maddipadu,Rear End Collision, Car hit Lorry,Car,Grievious injury,Fault of driver of motor vehicle/driver of other vehicle/cyclist/pedestrian/passenger,Four lanes or more with central divider,Straight road,,Fine,AP29BT  0452,YES,Grevious,4
12.03.2014,8:17 AM,1234.9,LHS,Rural,Maddipadu,Rear End Collision, Car hit Lorry,Car,Grievious injury,Fault of driver of motor vehicle/driver of other vehicle/cyclist/pedestrian/passenger,Four lanes or more with central divider,Straight road,,Fine,AP29BT  0452,YES,Minor,0
12.03.2014,8:17 AM,1234.9,LHS,Rural,Maddipadu,Rear End Collision, Car hit Lorry,Car,Grievious injury,Fault of driver of motor vehicle/driver of other vehicle/cyclist/pedestrian/passenger,Four lanes or more with central divider,Straight road,,Fine,AP29BT  0452,YES,Non injured ,0
12.03.2014,8:17 AM,1234.9,LHS,Rural,Maddipadu,Rear End Collision, Car hit Lorry,Car,Grievious injury,Fault of driver of motor vehicle/driver of other vehicle/cyclist/pedestrian/passenger,Four lanes or more with central divider,Straight road,,Fine,AP29BT  0452,YES,Animals affected,0
12.03.2014,1:54 PM,1323.9,RHS,Rural,Kavali,Collision Brush/Side Wipe, Lorry hit Bike,Lorry,Fatal,Over speed,Four lanes or more with central divider,Slight curve,T-Junction,Fine,AP24TA   1919,YES,Fatal,1
12.03.2014,1:54 PM,1323.9,RHS,Rural,Kavali,Collision Brush/Side Wipe, Lorry hit Bike,Lorry,Fatal,Over speed,Four lanes or more with central divider,Slight curve,T-Junction,Fine,AP24TA   1919,YES,Grevious,0
12.03.2014,1:54 PM,1323.9,RHS,Rural,Kavali,Collision Brush/Side Wipe, Lorry hit Bike,Lorry,Fatal,Over speed,Four lanes or more with central divider,Slight curve,T-Junction,Fine,AP24TA   1919,YES,Minor,1
12.03.2014,1:54 PM,1323.9,RHS,Rural,Kavali,Collision Brush/Side Wipe, Lorry hit Bike,Lorry,Fatal,Over speed,Four lanes or more with central divider,Slight curve,T-Junction,Fine,AP24TA   1919,YES,Non injured ,2
12.03.2014,1:54 PM,1323.9,RHS,Rural,Kavali,Collision Brush/Side Wipe, Lorry hit Bike,Lorry,Fatal,Over speed,Four lanes or more with central divider,Slight curve,T-Junction,Fine,AP24TA   1919,YES,Animals affected,0
12.03.2014,9:00 PM,1222.1,LHS,Rural,Medarametla,Collision Brush/Side Wipe, Bike hit Unknown Vehicle ,Bike,Fatal,Over speed,Four lanes or more with central divider,Straight road,,Fine,AP27 AR 7435,YES,Fatal,3
12.03.2014,9:00 PM,1222.1,LHS,Rural,Medarametla,Collision Brush/Side Wipe, Bike hit Unknown Vehicle ,Bike,Fatal,Over speed,Four lanes or more with central divider,Straight road,,Fine,AP27 AR 7435,YES,Grevious,0
12.03.2014,9:00 PM,1222.1,LHS,Rural,Medarametla,Collision Brush/Side Wipe, Bike hit Unknown Vehicle ,Bike,Fatal,Over speed,Four lanes or more with central divider,Straight road,,Fine,AP27 AR 7435,YES,Minor,0
12.03.2014,9:00 PM,1222.1,LHS,Rural,Medarametla,Collision Brush/Side Wipe, Bike hit Unknown Vehicle ,Bike,Fatal,Over speed,Four lanes or more with central divider,Straight road,,Fine,AP27 AR 7435,YES,Non injured ,0
12.03.2014,9:00 PM,1222.1,LHS,Rural,Medarametla,Collision Brush/Side Wipe, Bike hit Unknown Vehicle ,Bike,Fatal,Over speed,Four lanes or more with central divider,Straight road,,Fine,AP27 AR 7435,YES,Animals affected,0
13.03.2014,2:50 AM,1204.4,RHS,Rural,Reningavaram,Collision Brush/Side Wipe,Car hit      C.C.Barrier,Car,Non injury,Defect in mechanical condition of motor vehicle/road condition,Four lanes or more with central divider,Straight road,,Fine,AP07AS        5858,YES,Fatal,0
13.03.2014,2:50 AM,1204.4,RHS,Rural,Reningavaram,Collision Brush/Side Wipe,Car hit      C.C.Barrier,Car,Non injury,Defect in mechanical condition of motor vehicle/road condition,Four lanes or more with central divider,Straight road,,Fine,AP07AS        5858,YES,Grevious,0
13.03.2014,2:50 AM,1204.4,RHS,Rural,Reningavaram,Collision Brush/Side Wipe,Car hit      C.C.Barrier,Car,Non injury,Defect in mechanical condition of motor vehicle/road condition,Four lanes or more with central divider,Straight road,,Fine,AP07AS        5858,YES,Minor,0
13.03.2014,2:50 AM,1204.4,RHS,Rural,Reningavaram,Collision Brush/Side Wipe,Car hit      C.C.Barrier,Car,Non injury,Defect in mechanical condition of motor vehicle/road condition,Four lanes or more with central divider,Straight road,,Fine,AP07AS        5858,YES,Non injured ,3
13.03.2014,2:50 AM,1204.4,RHS,Rural,Reningavaram,Collision Brush/Side Wipe,Car hit      C.C.Barrier,Car,Non injury,Defect in mechanical condition of motor vehicle/road condition,Four lanes or more with central divider,Straight road,,Fine,AP07AS        5858,YES,Animals affected,0
13.03.2014,6:53 PM,1259.4,LHS,Rural,Tangutur,Collision Brush/Side Wipe, Bike hit Pedestrian,Bike,Minor injury,Over speed,Four lanes or more with central divider,Straight road,,Fine,AP27L     0564,YES,Fatal,0
13.03.2014,6:53 PM,1259.4,LHS,Rural,Tangutur,Collision Brush/Side Wipe, Bike hit Pedestrian,Bike,Minor injury,Over speed,Four lanes or more with central divider,Straight road,,Fine,AP27L     0564,YES,Grevious,0
13.03.2014,6:53 PM,1259.4,LHS,Rural,Tangutur,Collision Brush/Side Wipe, Bike hit Pedestrian,Bike,Minor injury,Over speed,Four lanes or more with central divider,Straight road,,Fine,AP27L     0564,YES,Minor,2
13.03.2014,6:53 PM,1259.4,LHS,Rural,Tangutur,Collision Brush/Side Wipe, Bike hit Pedestrian,Bike,Minor injury,Over speed,Four lanes or more with central divider,Straight road,,Fine,AP27L     0564,YES,Non injured ,0
13.03.2014,6:53 PM,1259.4,LHS,Rural,Tangutur,Collision Brush/Side Wipe, Bike hit Pedestrian,Bike,Minor injury,Over speed,Four lanes or more with central divider,Straight road,,Fine,AP27L     0564,YES,Animals affected,0
14.03.2014,4:19 PM,1347.9,RHS,Rural,Dagadarthi,Overturning, Tata magic Over turned,Auto,Non injury,Vehicle out of control,Four lanes or more with central divider,Straight road,,Fine,AP26TC 1249,YES,Fatal,0
14.03.2014,4:19 PM,1347.9,RHS,Rural,Dagadarthi,Overturning, Tata magic Over turned,Auto,Non injury,Vehicle out of control,Four lanes or more with central divider,Straight road,,Fine,AP26TC 1249,YES,Grevious,0
14.03.2014,4:19 PM,1347.9,RHS,Rural,Dagadarthi,Overturning, Tata magic Over turned,Auto,Non injury,Vehicle out of control,Four lanes or more with central divider,Straight road,,Fine,AP26TC 1249,YES,Minor,0
14.03.2014,4:19 PM,1347.9,RHS,Rural,Dagadarthi,Overturning, Tata magic Over turned,Auto,Non injury,Vehicle out of control,Four lanes or more with central divider,Straight road,,Fine,AP26TC 1249,YES,Non injured ,1
14.03.2014,4:19 PM,1347.9,RHS,Rural,Dagadarthi,Overturning, Tata magic Over turned,Auto,Non injury,Vehicle out of control,Four lanes or more with central divider,Straight road,,Fine,AP26TC 1249,YES,Animals affected,0
16.03.2014,3:30 AM,1326.5,RHS,Rural,Kavali,Collision Brush/Side Wipe, Auto hit      C.C.Barrier,Auto,Grievious injury,Fault of driver of motor vehicle/driver of other vehicle/cyclist/pedestrian/passenger,Four lanes or more with central divider,Straight road,,Fine,AP26TB   4820,YES,Fatal,0
16.03.2014,3:30 AM,1326.5,RHS,Rural,Kavali,Collision Brush/Side Wipe, Auto hit      C.C.Barrier,Auto,Grievious injury,Fault of driver of motor vehicle/driver of other vehicle/cyclist/pedestrian/passenger,Four lanes or more with central divider,Straight road,,Fine,AP26TB   4820,YES,Grevious,2
16.03.2014,3:30 AM,1326.5,RHS,Rural,Kavali,Collision Brush/Side Wipe, Auto hit      C.C.Barrier,Auto,Grievious injury,Fault of driver of motor vehicle/driver of other vehicle/cyclist/pedestrian/passenger,Four lanes or more with central divider,Straight road,,Fine,AP26TB   4820,YES,Minor,3
16.03.2014,3:30 AM,1326.5,RHS,Rural,Kavali,Collision Brush/Side Wipe, Auto hit      C.C.Barrier,Auto,Grievious injury,Fault of driver of motor vehicle/driver of other vehicle/cyclist/pedestrian/passenger,Four lanes or more with central divider,Straight road,,Fine,AP26TB   4820,YES,Non injured ,3
16.03.2014,3:30 AM,1326.5,RHS,Rural,Kavali,Collision Brush/Side Wipe, Auto hit      C.C.Barrier,Auto,Grievious injury,Fault of driver of motor vehicle/driver of other vehicle/cyclist/pedestrian/passenger,Four lanes or more with central divider,Straight road,,Fine,AP26TB   4820,YES,Animals affected,0
16.03.2014,8:15 AM,1248.4,LHS,Urban,Ongole,Skidding, Bike   Skidding,Bike,Minor injury,Over speed,Four lanes or more with central divider,Straight road,,Fine,F/R,YES,Fatal,0
16.03.2014,8:15 AM,1248.4,LHS,Urban,Ongole,Skidding, Bike   Skidding,Bike,Minor injury,Over speed,Four lanes or more with central divider,Straight road,,Fine,F/R,YES,Grevious,0
16.03.2014,8:15 AM,1248.4,LHS,Urban,Ongole,Skidding, Bike   Skidding,Bike,Minor injury,Over speed,Four lanes or more with central divider,Straight road,,Fine,F/R,YES,Minor,1
16.03.2014,8:15 AM,1248.4,LHS,Urban,Ongole,Skidding, Bike   Skidding,Bike,Minor injury,Over speed,Four lanes or more with central divider,Straight road,,Fine,F/R,YES,Non injured ,0
16.03.2014,8:15 AM,1248.4,LHS,Urban,Ongole,Skidding, Bike   Skidding,Bike,Minor injury,Over speed,Four lanes or more with central divider,Straight road,,Fine,F/R,YES,Animals affected,0
17.03.2014,11:20 AM,1192.5,LHS,Rural,Martur,Overturning, Tata Magic Over Turned on the Shoulder,Auto,Grievious injury,Fault of driver of motor vehicle/driver of other vehicle/cyclist/pedestrian/passenger,Four lanes or more with central divider,Straight road,,Fine,AP07TC 0719,YES,Fatal,0
17.03.2014,11:20 AM,1192.5,LHS,Rural,Martur,Overturning, Tata Magic Over Turned on the Shoulder,Auto,Grievious injury,Fault of driver of motor vehicle/driver of other vehicle/cyclist/pedestrian/passenger,Four lanes or more with central divider,Straight road,,Fine,AP07TC 0719,YES,Grevious,1
17.03.2014,11:20 AM,1192.5,LHS,Rural,Martur,Overturning, Tata Magic Over Turned on the Shoulder,Auto,Grievious injury,Fault of driver of motor vehicle/driver of other vehicle/cyclist/pedestrian/passenger,Four lanes or more with central divider,Straight road,,Fine,AP07TC 0719,YES,Minor,0
17.03.2014,11:20 AM,1192.5,LHS,Rural,Martur,Overturning, Tata Magic Over Turned on the Shoulder,Auto,Grievious injury,Fault of driver of motor vehicle/driver of other vehicle/cyclist/pedestrian/passenger,Four lanes or more with central divider,Straight road,,Fine,AP07TC 0719,YES,Non injured ,4
17.03.2014,11:20 AM,1192.5,LHS,Rural,Martur,Overturning, Tata Magic Over Turned on the Shoulder,Auto,Grievious injury,Fault of driver of motor vehicle/driver of other vehicle/cyclist/pedestrian/passenger,Four lanes or more with central divider,Straight road,,Fine,AP07TC 0719,YES,Animals affected,0
17.03.2014,2:45 PM,1194.3,LHS,Rural,Martur,Collision Brush/Side Wipe, Bus hit Mini Lorry,Bus,Minor injury,Over speed,Four lanes or more with central divider,Straight road,,Fine,AP29Z   0828,YES,Fatal,0
17.03.2014,2:45 PM,1194.3,LHS,Rural,Martur,Collision Brush/Side Wipe, Bus hit Mini Lorry,Bus,Minor injury,Over speed,Four lanes or more with central divider,Straight road,,Fine,AP29Z   0828,YES,Grevious,0
17.03.2014,2:45 PM,1194.3,LHS,Rural,Martur,Collision Brush/Side Wipe, Bus hit Mini Lorry,Bus,Minor injury,Over speed,Four lanes or more with central divider,Straight road,,Fine,AP29Z   0828,YES,Minor,2
17.03.2014,2:45 PM,1194.3,LHS,Rural,Martur,Collision Brush/Side Wipe, Bus hit Mini Lorry,Bus,Minor injury,Over speed,Four lanes or more with central divider,Straight road,,Fine,AP29Z   0828,YES,Non injured ,22
17.03.2014,2:45 PM,1194.3,LHS,Rural,Martur,Collision Brush/Side Wipe, Bus hit Mini Lorry,Bus,Minor injury,Over speed,Four lanes or more with central divider,Straight road,,Fine,AP29Z   0828,YES,Animals affected,0
18.03.2014,1:10 AM,1243.2,LHS,Rural,Ongole,Overturning, Lorry Over Turned ,Lorry,Non injury,Defect in mechanical condition of motor vehicle/road condition,Four lanes or more with central divider,Straight road,T-Junction,Fine,AP07TT 5379,YES,Fatal,0
18.03.2014,1:10 AM,1243.2,LHS,Rural,Ongole,Overturning, Lorry Over Turned ,Lorry,Non injury,Defect in mechanical condition of motor vehicle/road condition,Four lanes or more with central divider,Straight road,T-Junction,Fine,AP07TT 5379,YES,Grevious,0
18.03.2014,1:10 AM,1243.2,LHS,Rural,Ongole,Overturning, Lorry Over Turned ,Lorry,Non injury,Defect in mechanical condition of motor vehicle/road condition,Four lanes or more with central divider,Straight road,T-Junction,Fine,AP07TT 5379,YES,Minor,0
18.03.2014,1:10 AM,1243.2,LHS,Rural,Ongole,Overturning, Lorry Over Turned ,Lorry,Non injury,Defect in mechanical condition of motor vehicle/road condition,Four lanes or more with central divider,Straight road,T-Junction,Fine,AP07TT 5379,YES,Non injured ,2
18.03.2014,1:10 AM,1243.2,LHS,Rural,Ongole,Overturning, Lorry Over Turned ,Lorry,Non injury,Defect in mechanical condition of motor vehicle/road condition,Four lanes or more with central divider,Straight road,T-Junction,Fine,AP07TT 5379,YES,Animals affected,0
18.03.2014,2:10 AM,1292.7,LHS,Rural,Ulavapadu,Rear End Collision, Lorry hit Lorry ,Lorry,Non injury,Over speed,Four lanes or more with central divider,Straight road,,Fine,AP28TA 8600,YES,Fatal,0
18.03.2014,2:10 AM,1292.7,LHS,Rural,Ulavapadu,Rear End Collision, Lorry hit Lorry ,Lorry,Non injury,Over speed,Four lanes or more with central divider,Straight road,,Fine,AP28TA 8600,YES,Grevious,0
18.03.2014,2:10 AM,1292.7,LHS,Rural,Ulavapadu,Rear End Collision, Lorry hit Lorry ,Lorry,Non injury,Over speed,Four lanes or more with central divider,Straight road,,Fine,AP28TA 8600,YES,Minor,0
18.03.2014,2:10 AM,1292.7,LHS,Rural,Ulavapadu,Rear End Collision, Lorry hit Lorry ,Lorry,Non injury,Over speed,Four lanes or more with central divider,Straight road,,Fine,AP28TA 8600,YES,Non injured ,2
18.03.2014,2:10 AM,1292.7,LHS,Rural,Ulavapadu,Rear End Collision, Lorry hit Lorry ,Lorry,Non injury,Over speed,Four lanes or more with central divider,Straight road,,Fine,AP28TA 8600,YES,Animals affected,0
18.03.2014,3:20 AM,1299.3,LHS,Rural,Gudluru,Rear End Collision, Car hit  Lorry ,Car,Minor injury,Over speed,Four lanes or more with central divider,Straight road,,Fine,TN20AT  9712,YES,Fatal,0
18.03.2014,3:20 AM,1299.3,LHS,Rural,Gudluru,Rear End Collision, Car hit  Lorry ,Car,Minor injury,Over speed,Four lanes or more with central divider,Straight road,,Fine,TN20AT  9712,YES,Grevious,0
18.03.2014,3:20 AM,1299.3,LHS,Rural,Gudluru,Rear End Collision, Car hit  Lorry ,Car,Minor injury,Over speed,Four lanes or more with central divider,Straight road,,Fine,TN20AT  9712,YES,Minor,1