Operational date,Time of Accident,KM && M,Position,Rural/Urban,Location,Nature of Accident Position,Nature of Accident,Vehicle Involved,Type of Accident,Causes,Road Feature,Road condition,Intersection Type And Control,Weather Condition,Vehicle Responsible,Help Provided by Ambulance/Patroling Vehicle,Classification of Accident,No of Affected Persons
18.03.2014,3:20 AM,1299.3,LHS,Rural,Gudluru,Rear End Collision, Car hit  Lorry ,Car,Minor injury,Over speed,Four lanes or more with central divider,Straight road,,Fine,TN20AT  9712,YES,Non injured ,3
18.03.2014,3:20 AM,1299.3,LHS,Rural,Gudluru,Rear End Collision, Car hit  Lorry ,Car,Minor injury,Over speed,Four lanes or more with central divider,Straight road,,Fine,TN20AT  9712,YES,Animals affected,0
20.03.2014,8:30 AM,1334.2,RHS,Rural,K.Tippa ,Rear End Collision, Mini Lorry hit  Mini Lorry ,Lorry,Non injury,Fault of driver of motor vehicle/driver of other vehicle/cyclist/pedestrian/passenger,Four lanes or more with central divider,Straight road,,Fine,TN18F     3468,YES,Fatal,0
20.03.2014,8:30 AM,1334.2,RHS,Rural,K.Tippa ,Rear End Collision, Mini Lorry hit  Mini Lorry ,Lorry,Non injury,Fault of driver of motor vehicle/driver of other vehicle/cyclist/pedestrian/passenger,Four lanes or more with central divider,Straight road,,Fine,TN18F     3468,YES,Grevious,0
20.03.2014,8:30 AM,1334.2,RHS,Rural,K.Tippa ,Rear End Collision, Mini Lorry hit  Mini Lorry ,Lorry,Non injury,Fault of driver of motor vehicle/driver of other vehicle/cyclist/pedestrian/passenger,Four lanes or more with central divider,Straight road,,Fine,TN18F     3468,YES,Minor,0
20.03.2014,8:30 AM,1334.2,RHS,Rural,K.Tippa ,Rear End Collision, Mini Lorry hit  Mini Lorry ,Lorry,Non injury,Fault of driver of motor vehicle/driver of other vehicle/cyclist/pedestrian/passenger,Four lanes or more with central divider,Straight road,,Fine,TN18F     3468,YES,Non injured ,2
20.03.2014,8:30 AM,1334.2,RHS,Rural,K.Tippa ,Rear End Collision, Mini Lorry hit  Mini Lorry ,Lorry,Non injury,Fault of driver of motor vehicle/driver of other vehicle/cyclist/pedestrian/passenger,Four lanes or more with central divider,Straight road,,Fine,TN18F     3468,YES,Animals affected,0
20.03.2014,10:49 AM,1321.5,LHS,Rural,Kavali,Rear End Collision, Lorry hit Lorry,Lorry,Minor injury,Fault of driver of motor vehicle/driver of other vehicle/cyclist/pedestrian/passenger,Four lanes or more with central divider,Straight road,,Fine,AP27Y    4199,YES,Fatal,0
20.03.2014,10:49 AM,1321.5,LHS,Rural,Kavali,Rear End Collision, Lorry hit Lorry,Lorry,Minor injury,Fault of driver of motor vehicle/driver of other vehicle/cyclist/pedestrian/passenger,Four lanes or more with central divider,Straight road,,Fine,AP27Y    4199,YES,Grevious,0
20.03.2014,10:49 AM,1321.5,LHS,Rural,Kavali,Rear End Collision, Lorry hit Lorry,Lorry,Minor injury,Fault of driver of motor vehicle/driver of other vehicle/cyclist/pedestrian/passenger,Four lanes or more with central divider,Straight road,,Fine,AP27Y    4199,YES,Minor,1
20.03.2014,10:49 AM,1321.5,LHS,Rural,Kavali,Rear End Collision, Lorry hit Lorry,Lorry,Minor injury,Fault of driver of motor vehicle/driver of other vehicle/cyclist/pedestrian/passenger,Four lanes or more with central divider,Straight road,,Fine,AP27Y    4199,YES,Non injured ,2
20.03.2014,10:49 AM,1321.5,LHS,Rural,Kavali,Rear End Collision, Lorry hit Lorry,Lorry,Minor injury,Fault of driver of motor vehicle/driver of other vehicle/cyclist/pedestrian/passenger,Four lanes or more with central divider,Straight road,,Fine,AP27Y    4199,YES,Animals affected,0
20.03.2014,6:30 PM,1240,RHS,Rural,Ongole,Collision Brush/Side Wipe,Unknown Vehicle hit Tractor,Unknown,Non injury,Over speed,Four lanes or more with central divider,Straight road,T-Junction,Fine,Unknown Vehicle ,YES,Fatal,0
20.03.2014,6:30 PM,1240,RHS,Rural,Ongole,Collision Brush/Side Wipe,Unknown Vehicle hit Tractor,Unknown,Non injury,Over speed,Four lanes or more with central divider,Straight road,T-Junction,Fine,Unknown Vehicle ,YES,Grevious,0
20.03.2014,6:30 PM,1240,RHS,Rural,Ongole,Collision Brush/Side Wipe,Unknown Vehicle hit Tractor,Unknown,Non injury,Over speed,Four lanes or more with central divider,Straight road,T-Junction,Fine,Unknown Vehicle ,YES,Minor,0
20.03.2014,6:30 PM,1240,RHS,Rural,Ongole,Collision Brush/Side Wipe,Unknown Vehicle hit Tractor,Unknown,Non injury,Over speed,Four lanes or more with central divider,Straight road,T-Junction,Fine,Unknown Vehicle ,YES,Non injured ,2
20.03.2014,6:30 PM,1240,RHS,Rural,Ongole,Collision Brush/Side Wipe,Unknown Vehicle hit Tractor,Unknown,Non injury,Over speed,Four lanes or more with central divider,Straight road,T-Junction,Fine,Unknown Vehicle ,YES,Animals affected,0
20.03.2014,8:40 PM,1214,LHS,Rural,Medarametla,Overturning, Lorry Over Turned,Lorry,Minor injury,Druken,Four lanes or more with central divider,Slight curve,,Fine,AP27Y     2945,YES,Fatal,0
20.03.2014,8:40 PM,1214,LHS,Rural,Medarametla,Overturning, Lorry Over Turned,Lorry,Minor injury,Druken,Four lanes or more with central divider,Slight curve,,Fine,AP27Y     2945,YES,Grevious,0
20.03.2014,8:40 PM,1214,LHS,Rural,Medarametla,Overturning, Lorry Over Turned,Lorry,Minor injury,Druken,Four lanes or more with central divider,Slight curve,,Fine,AP27Y     2945,YES,Minor,1
20.03.2014,8:40 PM,1214,LHS,Rural,Medarametla,Overturning, Lorry Over Turned,Lorry,Minor injury,Druken,Four lanes or more with central divider,Slight curve,,Fine,AP27Y     2945,YES,Non injured ,0
20.03.2014,8:40 PM,1214,LHS,Rural,Medarametla,Overturning, Lorry Over Turned,Lorry,Minor injury,Druken,Four lanes or more with central divider,Slight curve,,Fine,AP27Y     2945,YES,Animals affected,0
21.03.2014,12:10 AM,1260.6,LHS,Rural,Tangutur,Collision Brush/Side Wipe,Unknown Vehicle hit Lorry,Unknown,Grievious injury,Over speed,Four lanes or more with central divider,Straight road,,Fine,Unknown Vehicle ,YES,Fatal,0
21.03.2014,12:10 AM,1260.6,LHS,Rural,Tangutur,Collision Brush/Side Wipe,Unknown Vehicle hit Lorry,Unknown,Grievious injury,Over speed,Four lanes or more with central divider,Straight road,,Fine,Unknown Vehicle ,YES,Grevious,1
21.03.2014,12:10 AM,1260.6,LHS,Rural,Tangutur,Collision Brush/Side Wipe,Unknown Vehicle hit Lorry,Unknown,Grievious injury,Over speed,Four lanes or more with central divider,Straight road,,Fine,Unknown Vehicle ,YES,Minor,0
21.03.2014,12:10 AM,1260.6,LHS,Rural,Tangutur,Collision Brush/Side Wipe,Unknown Vehicle hit Lorry,Unknown,Grievious injury,Over speed,Four lanes or more with central divider,Straight road,,Fine,Unknown Vehicle ,YES,Non injured ,0
21.03.2014,12:10 AM,1260.6,LHS,Rural,Tangutur,Collision Brush/Side Wipe,Unknown Vehicle hit Lorry,Unknown,Grievious injury,Over speed,Four lanes or more with central divider,Straight road,,Fine,Unknown Vehicle ,YES,Animals affected,0
23.03.2014,11:00 AM,1263.2,RHS,Rural,Tangutur,Skidding, Bike   Skidding,Bike,Grievious injury,Over speed,Four lanes or more with central divider,Straight road,,Fine,AP07TB      9365,YES,Fatal,0
23.03.2014,11:00 AM,1263.2,RHS,Rural,Tangutur,Skidding, Bike   Skidding,Bike,Grievious injury,Over speed,Four lanes or more with central divider,Straight road,,Fine,AP07TB      9365,YES,Grevious,1
23.03.2014,11:00 AM,1263.2,RHS,Rural,Tangutur,Skidding, Bike   Skidding,Bike,Grievious injury,Over speed,Four lanes or more with central divider,Straight road,,Fine,AP07TB      9365,YES,Minor,0
23.03.2014,11:00 AM,1263.2,RHS,Rural,Tangutur,Skidding, Bike   Skidding,Bike,Grievious injury,Over speed,Four lanes or more with central divider,Straight road,,Fine,AP07TB      9365,YES,Non injured ,0
23.03.2014,11:00 AM,1263.2,RHS,Rural,Tangutur,Skidding, Bike   Skidding,Bike,Grievious injury,Over speed,Four lanes or more with central divider,Straight road,,Fine,AP07TB      9365,YES,Animals affected,0
24.03.2014,5:32 AM,1198.4,LHS,Rural,Martur,Rear End Collision, Lorry hit Unknown Vehicle ,Lorry,Minor injury,Over speed,Four lanes or more with central divider,Straight road,,Fine,AP02X   9457,YES,Fatal,0
24.03.2014,5:32 AM,1198.4,LHS,Rural,Martur,Rear End Collision, Lorry hit Unknown Vehicle ,Lorry,Minor injury,Over speed,Four lanes or more with central divider,Straight road,,Fine,AP02X   9457,YES,Grevious,0
24.03.2014,5:32 AM,1198.4,LHS,Rural,Martur,Rear End Collision, Lorry hit Unknown Vehicle ,Lorry,Minor injury,Over speed,Four lanes or more with central divider,Straight road,,Fine,AP02X   9457,YES,Minor,1
24.03.2014,5:32 AM,1198.4,LHS,Rural,Martur,Rear End Collision, Lorry hit Unknown Vehicle ,Lorry,Minor injury,Over speed,Four lanes or more with central divider,Straight road,,Fine,AP02X   9457,YES,Non injured ,1
24.03.2014,5:32 AM,1198.4,LHS,Rural,Martur,Rear End Collision, Lorry hit Unknown Vehicle ,Lorry,Minor injury,Over speed,Four lanes or more with central divider,Straight road,,Fine,AP02X   9457,YES,Animals affected,0
24.03.2014,11:10 PM,1227,RHS,Rural,Maddipadu,Rear End Collision, Lorry hit Unknown Vehicle ,Lorry,Non injury,Fault of driver of motor vehicle/driver of other vehicle/cyclist/pedestrian/passenger,Four lanes or more with central divider,Straight road,,Fine,AP16AX 7226,YES,Fatal,0
24.03.2014,11:10 PM,1227,RHS,Rural,Maddipadu,Rear End Collision, Lorry hit Unknown Vehicle ,Lorry,Non injury,Fault of driver of motor vehicle/driver of other vehicle/cyclist/pedestrian/passenger,Four lanes or more with central divider,Straight road,,Fine,AP16AX 7226,YES,Grevious,0
24.03.2014,11:10 PM,1227,RHS,Rural,Maddipadu,Rear End Collision, Lorry hit Unknown Vehicle ,Lorry,Non injury,Fault of driver of motor vehicle/driver of other vehicle/cyclist/pedestrian/passenger,Four lanes or more with central divider,Straight road,,Fine,AP16AX 7226,YES,Minor,0
24.03.2014,11:10 PM,1227,RHS,Rural,Maddipadu,Rear End Collision, Lorry hit Unknown Vehicle ,Lorry,Non injury,Fault of driver of motor vehicle/driver of other vehicle/cyclist/pedestrian/passenger,Four lanes or more with central divider,Straight road,,Fine,AP16AX 7226,YES,Non injured ,1
24.03.2014,11:10 PM,1227,RHS,Rural,Maddipadu,Rear End Collision, Lorry hit Unknown Vehicle ,Lorry,Non injury,Fault of driver of motor vehicle/driver of other vehicle/cyclist/pedestrian/passenger,Four lanes or more with central divider,Straight road,,Fine,AP16AX 7226,YES,Animals affected,0
25.03.2014,6:11 AM,1345.9,LHS,Rural,Dagadarthi,Rear End Collision, Lorry hit Lorry,Lorry,Minor injury,Over speed,Four lanes or more with central divider,Straight road,,Fine,AP24TB      6619,YES,Fatal,0
25.03.2014,6:11 AM,1345.9,LHS,Rural,Dagadarthi,Rear End Collision, Lorry hit Lorry,Lorry,Minor injury,Over speed,Four lanes or more with central divider,Straight road,,Fine,AP24TB      6619,YES,Grevious,0
25.03.2014,6:11 AM,1345.9,LHS,Rural,Dagadarthi,Rear End Collision, Lorry hit Lorry,Lorry,Minor injury,Over speed,Four lanes or more with central divider,Straight road,,Fine,AP24TB      6619,YES,Minor,2
25.03.2014,6:11 AM,1345.9,LHS,Rural,Dagadarthi,Rear End Collision, Lorry hit Lorry,Lorry,Minor injury,Over speed,Four lanes or more with central divider,Straight road,,Fine,AP24TB      6619,YES,Non injured ,2
25.03.2014,6:11 AM,1345.9,LHS,Rural,Dagadarthi,Rear End Collision, Lorry hit Lorry,Lorry,Minor injury,Over speed,Four lanes or more with central divider,Straight road,,Fine,AP24TB      6619,YES,Animals affected,0
25.03.2014,9:10 AM,1259,RHS,Rural,Tangutur,Collision Brush/Side Wipe, Bike hit Pedestrian,Bike,Fatal,Over speed,Four lanes or more with central divider,Straight road,,Fine,AP27AC    2921,YES,Fatal,1
25.03.2014,9:10 AM,1259,RHS,Rural,Tangutur,Collision Brush/Side Wipe, Bike hit Pedestrian,Bike,Fatal,Over speed,Four lanes or more with central divider,Straight road,,Fine,AP27AC    2921,YES,Grevious,0
25.03.2014,9:10 AM,1259,RHS,Rural,Tangutur,Collision Brush/Side Wipe, Bike hit Pedestrian,Bike,Fatal,Over speed,Four lanes or more with central divider,Straight road,,Fine,AP27AC    2921,YES,Minor,0
25.03.2014,9:10 AM,1259,RHS,Rural,Tangutur,Collision Brush/Side Wipe, Bike hit Pedestrian,Bike,Fatal,Over speed,Four lanes or more with central divider,Straight road,,Fine,AP27AC    2921,YES,Non injured ,1
25.03.2014,9:10 AM,1259,RHS,Rural,Tangutur,Collision Brush/Side Wipe, Bike hit Pedestrian,Bike,Fatal,Over speed,Four lanes or more with central divider,Straight road,,Fine,AP27AC    2921,YES,Animals affected,0
25.03.2014,3:32 PM,1325.3,LHS,Rural,Kavali,Rear End Collision, Omni van hit Tipper ,Van,Fatal,Over speed,Four lanes or more with central divider,Straight road,,Fine,TN07BD   8381,YES,Fatal,1
25.03.2014,3:32 PM,1325.3,LHS,Rural,Kavali,Rear End Collision, Omni van hit Tipper ,Van,Fatal,Over speed,Four lanes or more with central divider,Straight road,,Fine,TN07BD   8381,YES,Grevious,1
25.03.2014,3:32 PM,1325.3,LHS,Rural,Kavali,Rear End Collision, Omni van hit Tipper ,Van,Fatal,Over speed,Four lanes or more with central divider,Straight road,,Fine,TN07BD   8381,YES,Minor,1
25.03.2014,3:32 PM,1325.3,LHS,Rural,Kavali,Rear End Collision, Omni van hit Tipper ,Van,Fatal,Over speed,Four lanes or more with central divider,Straight road,,Fine,TN07BD   8381,YES,Non injured ,0
25.03.2014,3:32 PM,1325.3,LHS,Rural,Kavali,Rear End Collision, Omni van hit Tipper ,Van,Fatal,Over speed,Four lanes or more with central divider,Straight road,,Fine,TN07BD   8381,YES,Animals affected,0
25.03.2014,11:42 PM,1189.4,LHS,Rural,Martur,Overturning, Lorry Over Turned,Lorry,Non injury,Vehicle out of control,Four lanes or more with central divider,Straight road,T-Junction,Fine,AP7X    3229,YES,Fatal,0
25.03.2014,11:42 PM,1189.4,LHS,Rural,Martur,Overturning, Lorry Over Turned,Lorry,Non injury,Vehicle out of control,Four lanes or more with central divider,Straight road,T-Junction,Fine,AP7X    3229,YES,Grevious,0
25.03.2014,11:42 PM,1189.4,LHS,Rural,Martur,Overturning, Lorry Over Turned,Lorry,Non injury,Vehicle out of control,Four lanes or more with central divider,Straight road,T-Junction,Fine,AP7X    3229,YES,Minor,0
25.03.2014,11:42 PM,1189.4,LHS,Rural,Martur,Overturning, Lorry Over Turned,Lorry,Non injury,Vehicle out of control,Four lanes or more with central divider,Straight road,T-Junction,Fine,AP7X    3229,YES,Non injured ,2
25.03.2014,11:42 PM,1189.4,LHS,Rural,Martur,Overturning, Lorry Over Turned,Lorry,Non injury,Vehicle out of control,Four lanes or more with central divider,Straight road,T-Junction,Fine,AP7X    3229,YES,Animals affected,0
26.03.2014,12:00 AM,1263.8,RHS,Rural,Tangutur,Collision Brush/Side Wipe, Lorry hit Pedestrian,Lorry,Fatal,Fault of driver of motor vehicle/driver of other vehicle/cyclist/pedestrian/passenger,Four lanes or more with central divider,Straight road,,Fine,WB23C    1281,YES,Fatal,1
26.03.2014,12:00 AM,1263.8,RHS,Rural,Tangutur,Collision Brush/Side Wipe, Lorry hit Pedestrian,Lorry,Fatal,Fault of driver of motor vehicle/driver of other vehicle/cyclist/pedestrian/passenger,Four lanes or more with central divider,Straight road,,Fine,WB23C    1281,YES,Grevious,0
26.03.2014,12:00 AM,1263.8,RHS,Rural,Tangutur,Collision Brush/Side Wipe, Lorry hit Pedestrian,Lorry,Fatal,Fault of driver of motor vehicle/driver of other vehicle/cyclist/pedestrian/passenger,Four lanes or more with central divider,Straight road,,Fine,WB23C    1281,YES,Minor,0
26.03.2014,12:00 AM,1263.8,RHS,Rural,Tangutur,Collision Brush/Side Wipe, Lorry hit Pedestrian,Lorry,Fatal,Fault of driver of motor vehicle/driver of other vehicle/cyclist/pedestrian/passenger,Four lanes or more with central divider,Straight road,,Fine,WB23C    1281,YES,Non injured ,1
26.03.2014,12:00 AM,1263.8,RHS,Rural,Tangutur,Collision Brush/Side Wipe, Lorry hit Pedestrian,Lorry,Fatal,Fault of driver of motor vehicle/driver of other vehicle/cyclist/pedestrian/passenger,Four lanes or more with central divider,Straight road,,Fine,WB23C    1281,YES,Animals affected,0
26.03.2014,3:45 AM,1331.2,LHS,Rural,Kavali,Collision Brush/Side Wipe, Lorry hit Unknown Vehicle ,Lorry,Non injury,Over speed,Four lanes or more with central divider,Straight road,,Fine,KA01C     7523,YES,Fatal,0
26.03.2014,3:45 AM,1331.2,LHS,Rural,Kavali,Collision Brush/Side Wipe, Lorry hit Unknown Vehicle ,Lorry,Non injury,Over speed,Four lanes or more with central divider,Straight road,,Fine,KA01C     7523,YES,Grevious,0
26.03.2014,3:45 AM,1331.2,LHS,Rural,Kavali,Collision Brush/Side Wipe, Lorry hit Unknown Vehicle ,Lorry,Non injury,Over speed,Four lanes or more with central divider,Straight road,,Fine,KA01C     7523,YES,Minor,0
26.03.2014,3:45 AM,1331.2,LHS,Rural,Kavali,Collision Brush/Side Wipe, Lorry hit Unknown Vehicle ,Lorry,Non injury,Over speed,Four lanes or more with central divider,Straight road,,Fine,KA01C     7523,YES,Non injured ,2
26.03.2014,3:45 AM,1331.2,LHS,Rural,Kavali,Collision Brush/Side Wipe, Lorry hit Unknown Vehicle ,Lorry,Non injury,Over speed,Four lanes or more with central divider,Straight road,,Fine,KA01C     7523,YES,Animals affected,0
26.03.2014,10:31 AM,1215.5,LHS,Rural,Reningavaram,Skidding, Bike   Skidding,Bike,Minor injury,Druken,Four lanes or more with central divider,Straight road,,Fine,AP27H    8579,YES,Fatal,0
26.03.2014,10:31 AM,1215.5,LHS,Rural,Reningavaram,Skidding, Bike   Skidding,Bike,Minor injury,Druken,Four lanes or more with central divider,Straight road,,Fine,AP27H    8579,YES,Grevious,0
26.03.2014,10:31 AM,1215.5,LHS,Rural,Reningavaram,Skidding, Bike   Skidding,Bike,Minor injury,Druken,Four lanes or more with central divider,Straight road,,Fine,AP27H    8579,YES,Minor,2
26.03.2014,10:31 AM,1215.5,LHS,Rural,Reningavaram,Skidding, Bike   Skidding,Bike,Minor injury,Druken,Four lanes or more with central divider,Straight road,,Fine,AP27H    8579,YES,Non injured ,0
26.03.2014,10:31 AM,1215.5,LHS,Rural,Reningavaram,Skidding, Bike   Skidding,Bike,Minor injury,Druken,Four lanes or more with central divider,Straight road,,Fine,AP27H    8579,YES,Animals affected,0
26.03.2014,11:23 AM,1318.8,RHS,Rural,Kavali,Collision Brush/Side Wipe, Container Vehicle hit      C.C.Barrier,Container,Minor injury,Over speed,Four lanes or more with central divider,Straight road,,Fine,KA51A  7819,YES,Fatal,0
26.03.2014,11:23 AM,1318.8,RHS,Rural,Kavali,Collision Brush/Side Wipe, Container Vehicle hit      C.C.Barrier,Container,Minor injury,Over speed,Four lanes or more with central divider,Straight road,,Fine,KA51A  7819,YES,Grevious,0
26.03.2014,11:23 AM,1318.8,RHS,Rural,Kavali,Collision Brush/Side Wipe, Container Vehicle hit      C.C.Barrier,Container,Minor injury,Over speed,Four lanes or more with central divider,Straight road,,Fine,KA51A  7819,YES,Minor,1
26.03.2014,11:23 AM,1318.8,RHS,Rural,Kavali,Collision Brush/Side Wipe, Container Vehicle hit      C.C.Barrier,Container,Minor injury,Over speed,Four lanes or more with central divider,Straight road,,Fine,KA51A  7819,YES,Non injured ,1
26.03.2014,11:23 AM,1318.8,RHS,Rural,Kavali,Collision Brush/Side Wipe, Container Vehicle hit      C.C.Barrier,Container,Minor injury,Over speed,Four lanes or more with central divider,Straight road,,Fine,KA51A  7819,YES,Animals affected,0
26.03.2014,3:05 PM,1338.8,LHS,Rural,Dagadarthi,Skidding, Bike   Skidding,Bike,Minor injury,Druken,Four lanes or more with central divider,Straight road,,Fine,AP26AX   7631,YES,Fatal,0
26.03.2014,3:05 PM,1338.8,LHS,Rural,Dagadarthi,Skidding, Bike   Skidding,Bike,Minor injury,Druken,Four lanes or more with central divider,Straight road,,Fine,AP26AX   7631,YES,Grevious,0
26.03.2014,3:05 PM,1338.8,LHS,Rural,Dagadarthi,Skidding, Bike   Skidding,Bike,Minor injury,Druken,Four lanes or more with central divider,Straight road,,Fine,AP26AX   7631,YES,Minor,1
26.03.2014,3:05 PM,1338.8,LHS,Rural,Dagadarthi,Skidding, Bike   Skidding,Bike,Minor injury,Druken,Four lanes or more with central divider,Straight road,,Fine,AP26AX   7631,YES,Non injured ,0
26.03.2014,3:05 PM,1338.8,LHS,Rural,Dagadarthi,Skidding, Bike   Skidding,Bike,Minor injury,Druken,Four lanes or more with central divider,Straight road,,Fine,AP26AX   7631,YES,Animals affected,0
27.03.2014,4:10 AM,1270,RHS,Rural,Jarugumalli,Rear End Collision, Lorry hit Mini Lorry,Lorry,Non injury,Over speed,Four lanes or more with central divider,Straight road,,Fine,TAJ        1389,YES,Fatal,0
27.03.2014,4:10 AM,1270,RHS,Rural,Jarugumalli,Rear End Collision, Lorry hit Mini Lorry,Lorry,Non injury,Over speed,Four lanes or more with central divider,Straight road,,Fine,TAJ        1389,YES,Grevious,0
27.03.2014,4:10 AM,1270,RHS,Rural,Jarugumalli,Rear End Collision, Lorry hit Mini Lorry,Lorry,Non injury,Over speed,Four lanes or more with central divider,Straight road,,Fine,TAJ        1389,YES,Minor,0
27.03.2014,4:10 AM,1270,RHS,Rural,Jarugumalli,Rear End Collision, Lorry hit Mini Lorry,Lorry,Non injury,Over speed,Four lanes or more with central divider,Straight road,,Fine,TAJ        1389,YES,Non injured ,2
27.03.2014,4:10 AM,1270,RHS,Rural,Jarugumalli,Rear End Collision, Lorry hit Mini Lorry,Lorry,Non injury,Over speed,Four lanes or more with central divider,Straight road,,Fine,TAJ        1389,YES,Animals affected,0
27.03.2014,7:24 AM,1333.7,LHS,Rural,K.Tippa ,Rear End Collision, Lorry hit Car,Lorry,Non injury,Over speed,Four lanes or more with central divider,Straight road,,Fine,AP07TU    6847,YES,Fatal,0
27.03.2014,7:24 AM,1333.7,LHS,Rural,K.Tippa ,Rear End Collision, Lorry hit Car,Lorry,Non injury,Over speed,Four lanes or more with central divider,Straight road,,Fine,AP07TU    6847,YES,Grevious,0
27.03.2014,7:24 AM,1333.7,LHS,Rural,K.Tippa ,Rear End Collision, Lorry hit Car,Lorry,Non injury,Over speed,Four lanes or more with central divider,Straight road,,Fine,AP07TU    6847,YES,Minor,0
27.03.2014,7:24 AM,1333.7,LHS,Rural,K.Tippa ,Rear End Collision, Lorry hit Car,Lorry,Non injury,Over speed,Four lanes or more with central divider,Straight road,,Fine,AP07TU    6847,YES,Non injured ,4
27.03.2014,7:24 AM,1333.7,LHS,Rural,K.Tippa ,Rear End Collision, Lorry hit Car,Lorry,Non injury,Over speed,Four lanes or more with central divider,Straight road,,Fine,AP07TU    6847,YES,Animals affected,0
28.03.2014,3:40 AM,1292.9,RHS,Rural,Ulavapadu,Collision Brush/Side Wipe, Lorry hit Unknown Vehicle ,Lorry,Minor injury,Fault of driver of motor vehicle/driver of other vehicle/cyclist/pedestrian/passenger,Four lanes or more with central divider,Straight road,,Fine,TN20AB     6054,YES,Fatal,0
28.03.2014,3:40 AM,1292.9,RHS,Rural,Ulavapadu,Collision Brush/Side Wipe, Lorry hit Unknown Vehicle ,Lorry,Minor injury,Fault of driver of motor vehicle/driver of other vehicle/cyclist/pedestrian/passenger,Four lanes or more with central divider,Straight road,,Fine,TN20AB     6054,YES,Grevious,0
28.03.2014,3:40 AM,1292.9,RHS,Rural,Ulavapadu,Collision Brush/Side Wipe, Lorry hit Unknown Vehicle ,Lorry,Minor injury,Fault of driver of motor vehicle/driver of other vehicle/cyclist/pedestrian/passenger,Four lanes or more with central divider,Straight road,,Fine,TN20AB     6054,YES,Minor,2
28.03.2014,3:40 AM,1292.9,RHS,Rural,Ulavapadu,Collision Brush/Side Wipe, Lorry hit Unknown Vehicle ,Lorry,Minor injury,Fault of driver of motor vehicle/driver of other vehicle/cyclist/pedestrian/passenger,Four lanes or more with central divider,Straight road,,Fine,TN20AB     6054,YES,Non injured ,0
28.03.2014,3:40 AM,1292.9,RHS,Rural,Ulavapadu,Collision Brush/Side Wipe, Lorry hit Unknown Vehicle ,Lorry,Minor injury,Fault of driver of motor vehicle/driver of other vehicle/cyclist/pedestrian/passenger,Four lanes or more with central divider,Straight road,,Fine,TN20AB     6054,YES,Animals affected,0
28.03.2014,5:00 AM,1188.6,LHS,Rural,Martur,Rear End Collision, Lorry hit Private Bus,Lorry,Non injury,Fault of driver of motor vehicle/driver of other vehicle/cyclist/pedestrian/passenger,Four lanes or more with central divider,Straight road,,Fine,AP07TA    0349,YES,Fatal,0
28.03.2014,5:00 AM,1188.6,LHS,Rural,Martur,Rear End Collision, Lorry hit Private Bus,Lorry,Non injury,Fault of driver of motor vehicle/driver of other vehicle/cyclist/pedestrian/passenger,Four lanes or more with central divider,Straight road,,Fine,AP07TA    0349,YES,Grevious,0
28.03.2014,5:00 AM,1188.6,LHS,Rural,Martur,Rear End Collision, Lorry hit Private Bus,Lorry,Non injury,Fault of driver of motor vehicle/driver of other vehicle/cyclist/pedestrian/passenger,Four lanes or more with central divider,Straight road,,Fine,AP07TA    0349,YES,Minor,0
28.03.2014,5:00 AM,1188.6,LHS,Rural,Martur,Rear End Collision, Lorry hit Private Bus,Lorry,Non injury,Fault of driver of motor vehicle/driver of other vehicle/cyclist/pedestrian/passenger,Four lanes or more with central divider,Straight road,,Fine,AP07TA    0349,YES,Non injured ,22
28.03.2014,5:00 AM,1188.6,LHS,Rural,Martur,Rear End Collision, Lorry hit Private Bus,Lorry,Non injury,Fault of driver of motor vehicle/driver of other vehicle/cyclist/pedestrian/passenger,Four lanes or more with central divider,Straight road,,Fine,AP07TA    0349,YES,Animals affected,0
28.03.2014,5:17 AM,1210.4,RHS,Rural,Reningavaram,Collision Brush/Side Wipe,Unknown Vehicle hit Pedestrian,Unknown,Grievious injury,Over speed,Four lanes or more with central divider,Straight road,,Fine,Unknown Vehicle ,YES,Fatal,0
28.03.2014,5:17 AM,1210.4,RHS,Rural,Reningavaram,Collision Brush/Side Wipe,Unknown Vehicle hit Pedestrian,Unknown,Grievious injury,Over speed,Four lanes or more with central divider,Straight road,,Fine,Unknown Vehicle ,YES,Grevious,1
28.03.2014,5:17 AM,1210.4,RHS,Rural,Reningavaram,Collision Brush/Side Wipe,Unknown Vehicle hit Pedestrian,Unknown,Grievious injury,Over speed,Four lanes or more with central divider,Straight road,,Fine,Unknown Vehicle ,YES,Minor,0
28.03.2014,5:17 AM,1210.4,RHS,Rural,Reningavaram,Collision Brush/Side Wipe,Unknown Vehicle hit Pedestrian,Unknown,Grievious injury,Over speed,Four lanes or more with central divider,Straight road,,Fine,Unknown Vehicle ,YES,Non injured ,0
28.03.2014,5:17 AM,1210.4,RHS,Rural,Reningavaram,Collision Brush/Side Wipe,Unknown Vehicle hit Pedestrian,Unknown,Grievious injury,Over speed,Four lanes or more with central divider,Straight road,,Fine,Unknown Vehicle ,YES,Animals affected,0
28.03.2014,7:10 PM,1242.6,RHS,Rural,Ongole,Collision Brush/Side Wipe,Unknown Vehicle hit Bike,Unknown,Fatal,Over speed,Four lanes or more with central divider,Straight road,,Fine,Unknown Vehicle ,YES,Fatal,1
28.03.2014,7:10 PM,1242.6,RHS,Rural,Ongole,Collision Brush/Side Wipe,Unknown Vehicle hit Bike,Unknown,Fatal,Over speed,Four lanes or more with central divider,Straight road,,Fine,Unknown Vehicle ,YES,Grevious,0