Operational date,Time of Accident,KM && M,Position,Rural/Urban,Location,Nature of Accident Position,Nature of Accident,Vehicle Involved,Type of Accident,Causes,Road Feature,Road condition,Intersection Type And Control,Weather Condition,Vehicle Responsible,Help Provided by Ambulance/Patroling Vehicle,Classification of Accident,No of Affected Persons
28.03.2014,7:10 PM,1242.6,RHS,Rural,Ongole,Collision Brush/Side Wipe,Unknown Vehicle hit Bike,Unknown,Fatal,Over speed,Four lanes or more with central divider,Straight road,,Fine,Unknown Vehicle ,YES,Minor,0
28.03.2014,7:10 PM,1242.6,RHS,Rural,Ongole,Collision Brush/Side Wipe,Unknown Vehicle hit Bike,Unknown,Fatal,Over speed,Four lanes or more with central divider,Straight road,,Fine,Unknown Vehicle ,YES,Non injured ,1
28.03.2014,7:10 PM,1242.6,RHS,Rural,Ongole,Collision Brush/Side Wipe,Unknown Vehicle hit Bike,Unknown,Fatal,Over speed,Four lanes or more with central divider,Straight road,,Fine,Unknown Vehicle ,YES,Animals affected,0
29.03.2014,7:45 AM,1216.3,LHS,Rural,Medarametla,Collision Brush/Side Wipe, Lorry hit Median,Lorry,Non injury,Over speed,Four lanes or more with central divider,Slight curve,,Fine,TN30AX    6472,YES,Fatal,0
29.03.2014,7:45 AM,1216.3,LHS,Rural,Medarametla,Collision Brush/Side Wipe, Lorry hit Median,Lorry,Non injury,Over speed,Four lanes or more with central divider,Slight curve,,Fine,TN30AX    6472,YES,Grevious,0
29.03.2014,7:45 AM,1216.3,LHS,Rural,Medarametla,Collision Brush/Side Wipe, Lorry hit Median,Lorry,Non injury,Over speed,Four lanes or more with central divider,Slight curve,,Fine,TN30AX    6472,YES,Minor,0
29.03.2014,7:45 AM,1216.3,LHS,Rural,Medarametla,Collision Brush/Side Wipe, Lorry hit Median,Lorry,Non injury,Over speed,Four lanes or more with central divider,Slight curve,,Fine,TN30AX    6472,YES,Non injured ,2
29.03.2014,7:45 AM,1216.3,LHS,Rural,Medarametla,Collision Brush/Side Wipe, Lorry hit Median,Lorry,Non injury,Over speed,Four lanes or more with central divider,Slight curve,,Fine,TN30AX    6472,YES,Animals affected,0
30.03.2014,1:42 PM,1270.8,LHS,Rural,Jarugumalli,Skidding, Bike   Skidding,Bike,Grievious injury,Over speed,Four lanes or more with central divider,Straight road,,Fine,AP27AN     5474,YES,Fatal,0
30.03.2014,1:42 PM,1270.8,LHS,Rural,Jarugumalli,Skidding, Bike   Skidding,Bike,Grievious injury,Over speed,Four lanes or more with central divider,Straight road,,Fine,AP27AN     5474,YES,Grevious,1
30.03.2014,1:42 PM,1270.8,LHS,Rural,Jarugumalli,Skidding, Bike   Skidding,Bike,Grievious injury,Over speed,Four lanes or more with central divider,Straight road,,Fine,AP27AN     5474,YES,Minor,0
30.03.2014,1:42 PM,1270.8,LHS,Rural,Jarugumalli,Skidding, Bike   Skidding,Bike,Grievious injury,Over speed,Four lanes or more with central divider,Straight road,,Fine,AP27AN     5474,YES,Non injured ,0
30.03.2014,1:42 PM,1270.8,LHS,Rural,Jarugumalli,Skidding, Bike   Skidding,Bike,Grievious injury,Over speed,Four lanes or more with central divider,Straight road,,Fine,AP27AN     5474,YES,Animals affected,0
30.03.2014,2:45 PM,1257,RHS,Rural,Tangutur,Collision Brush/Side Wipe, Bike hit C.C.Barreir,Bike,Minor injury,Druken,Four lanes or more with central divider,Straight road,,Fine,AP26AG       4857,YES,Fatal,0
30.03.2014,2:45 PM,1257,RHS,Rural,Tangutur,Collision Brush/Side Wipe, Bike hit C.C.Barreir,Bike,Minor injury,Druken,Four lanes or more with central divider,Straight road,,Fine,AP26AG       4857,YES,Grevious,0
30.03.2014,2:45 PM,1257,RHS,Rural,Tangutur,Collision Brush/Side Wipe, Bike hit C.C.Barreir,Bike,Minor injury,Druken,Four lanes or more with central divider,Straight road,,Fine,AP26AG       4857,YES,Minor,1
30.03.2014,2:45 PM,1257,RHS,Rural,Tangutur,Collision Brush/Side Wipe, Bike hit C.C.Barreir,Bike,Minor injury,Druken,Four lanes or more with central divider,Straight road,,Fine,AP26AG       4857,YES,Non injured ,0
30.03.2014,2:45 PM,1257,RHS,Rural,Tangutur,Collision Brush/Side Wipe, Bike hit C.C.Barreir,Bike,Minor injury,Druken,Four lanes or more with central divider,Straight road,,Fine,AP26AG       4857,YES,Animals affected,0
30.03.2014,6:35 PM,1321.1,LHS,Rural,Kavali,Collision Brush/Side Wipe, Lorry hit Car,Lorry,Non injury,Over speed,Four lanes or more with central divider,Straight road,,Fine,AP26TT 6039,YES,Fatal,0
30.03.2014,6:35 PM,1321.1,LHS,Rural,Kavali,Collision Brush/Side Wipe, Lorry hit Car,Lorry,Non injury,Over speed,Four lanes or more with central divider,Straight road,,Fine,AP26TT 6039,YES,Grevious,0
30.03.2014,6:35 PM,1321.1,LHS,Rural,Kavali,Collision Brush/Side Wipe, Lorry hit Car,Lorry,Non injury,Over speed,Four lanes or more with central divider,Straight road,,Fine,AP26TT 6039,YES,Minor,0
30.03.2014,6:35 PM,1321.1,LHS,Rural,Kavali,Collision Brush/Side Wipe, Lorry hit Car,Lorry,Non injury,Over speed,Four lanes or more with central divider,Straight road,,Fine,AP26TT 6039,YES,Non injured ,2
30.03.2014,6:35 PM,1321.1,LHS,Rural,Kavali,Collision Brush/Side Wipe, Lorry hit Car,Lorry,Non injury,Over speed,Four lanes or more with central divider,Straight road,,Fine,AP26TT 6039,YES,Animals affected,0
31.03.2014,4:33 PM,1263.3,RHS,Rural,Tangutur,Skidding, Bike   Skidding,Bike,Fatal,Druken,Four lanes or more with central divider,Straight road,,Fine,AP27AB    1801,YES,Fatal,1
31.03.2014,4:33 PM,1263.3,RHS,Rural,Tangutur,Skidding, Bike   Skidding,Bike,Fatal,Druken,Four lanes or more with central divider,Straight road,,Fine,AP27AB    1801,YES,Grevious,0
31.03.2014,4:33 PM,1263.3,RHS,Rural,Tangutur,Skidding, Bike   Skidding,Bike,Fatal,Druken,Four lanes or more with central divider,Straight road,,Fine,AP27AB    1801,YES,Minor,0
31.03.2014,4:33 PM,1263.3,RHS,Rural,Tangutur,Skidding, Bike   Skidding,Bike,Fatal,Druken,Four lanes or more with central divider,Straight road,,Fine,AP27AB    1801,YES,Non injured ,0
31.03.2014,4:33 PM,1263.3,RHS,Rural,Tangutur,Skidding, Bike   Skidding,Bike,Fatal,Druken,Four lanes or more with central divider,Straight road,,Fine,AP27AB    1801,YES,Animals affected,0
01.04.2014,9:30 AM,1325.4,RHS,Rural,Kavali,Others(p1.Specific), Car Caught Fired,Car,Non injury,Defect in mechanical condition of motor vehicle/road condition,Four lanes or more with central divider,Straight road,,Fine,AP37AC 5678,P.V.,Fatal,0
01.04.2014,9:30 AM,1325.4,RHS,Rural,Kavali,Others(p1.Specific), Car Caught Fired,Car,Non injury,Defect in mechanical condition of motor vehicle/road condition,Four lanes or more with central divider,Straight road,,Fine,AP37AC 5678,P.V.,Grevious,0
01.04.2014,9:30 AM,1325.4,RHS,Rural,Kavali,Others(p1.Specific), Car Caught Fired,Car,Non injury,Defect in mechanical condition of motor vehicle/road condition,Four lanes or more with central divider,Straight road,,Fine,AP37AC 5678,P.V.,Minor,0
01.04.2014,9:30 AM,1325.4,RHS,Rural,Kavali,Others(p1.Specific), Car Caught Fired,Car,Non injury,Defect in mechanical condition of motor vehicle/road condition,Four lanes or more with central divider,Straight road,,Fine,AP37AC 5678,P.V.,Non injured ,2
01.04.2014,9:30 AM,1325.4,RHS,Rural,Kavali,Others(p1.Specific), Car Caught Fired,Car,Non injury,Defect in mechanical condition of motor vehicle/road condition,Four lanes or more with central divider,Straight road,,Fine,AP37AC 5678,P.V.,Animals affected,0
01.04.2014,12:33 PM,1236.9,RHS,Rural,Maddipadu,Rear End Collision, TVS XL Mopade hit to Tipper Lorry,Bike,Fatal,Fault of driver of motor vehicle/driver of other vehicle/cyclist/pedestrian/passenger,Four lanes or more with central divider,Straight road,,Fine,AP27L 1081,P.V.,Fatal,1
01.04.2014,12:33 PM,1236.9,RHS,Rural,Maddipadu,Rear End Collision, TVS XL Mopade hit to Tipper Lorry,Bike,Fatal,Fault of driver of motor vehicle/driver of other vehicle/cyclist/pedestrian/passenger,Four lanes or more with central divider,Straight road,,Fine,AP27L 1081,P.V.,Grevious,0
01.04.2014,12:33 PM,1236.9,RHS,Rural,Maddipadu,Rear End Collision, TVS XL Mopade hit to Tipper Lorry,Bike,Fatal,Fault of driver of motor vehicle/driver of other vehicle/cyclist/pedestrian/passenger,Four lanes or more with central divider,Straight road,,Fine,AP27L 1081,P.V.,Minor,0
01.04.2014,12:33 PM,1236.9,RHS,Rural,Maddipadu,Rear End Collision, TVS XL Mopade hit to Tipper Lorry,Bike,Fatal,Fault of driver of motor vehicle/driver of other vehicle/cyclist/pedestrian/passenger,Four lanes or more with central divider,Straight road,,Fine,AP27L 1081,P.V.,Non injured ,0
01.04.2014,12:33 PM,1236.9,RHS,Rural,Maddipadu,Rear End Collision, TVS XL Mopade hit to Tipper Lorry,Bike,Fatal,Fault of driver of motor vehicle/driver of other vehicle/cyclist/pedestrian/passenger,Four lanes or more with central divider,Straight road,,Fine,AP27L 1081,P.V.,Animals affected,0
01.04.2014,8:40 PM,1325.8,LHS,Rural,Kavali,Skidding, TVS Scooty Skidding,Bike,Grievious injury,Over speed,Four lanes or more with central divider,Straight road,,Fine,AP 26 T/R 7273,P.V&AMB,Fatal,0
01.04.2014,8:40 PM,1325.8,LHS,Rural,Kavali,Skidding, TVS Scooty Skidding,Bike,Grievious injury,Over speed,Four lanes or more with central divider,Straight road,,Fine,AP 26 T/R 7273,P.V&AMB,Grevious,1
01.04.2014,8:40 PM,1325.8,LHS,Rural,Kavali,Skidding, TVS Scooty Skidding,Bike,Grievious injury,Over speed,Four lanes or more with central divider,Straight road,,Fine,AP 26 T/R 7273,P.V&AMB,Minor,1
01.04.2014,8:40 PM,1325.8,LHS,Rural,Kavali,Skidding, TVS Scooty Skidding,Bike,Grievious injury,Over speed,Four lanes or more with central divider,Straight road,,Fine,AP 26 T/R 7273,P.V&AMB,Non injured ,0
01.04.2014,8:40 PM,1325.8,LHS,Rural,Kavali,Skidding, TVS Scooty Skidding,Bike,Grievious injury,Over speed,Four lanes or more with central divider,Straight road,,Fine,AP 26 T/R 7273,P.V&AMB,Animals affected,0
03.04.2014,6:20 AM,1242.1,LHS,Rural,Ongole,Rear End Collision,    Lorry hit to Lorry.At the same time ,Lorry,Fatal,Over speed,Four lanes or more with central divider,Straight road,,Fine,TN 25AJ 0704,P.V,Fatal,1
03.04.2014,6:20 AM,1242.1,LHS,Rural,Ongole,Rear End Collision,    Lorry hit to Lorry.At the same time ,Lorry,Fatal,Over speed,Four lanes or more with central divider,Straight road,,Fine,TN 25AJ 0704,P.V,Grevious,5
03.04.2014,6:20 AM,1242.1,LHS,Rural,Ongole,Rear End Collision,    Lorry hit to Lorry.At the same time ,Lorry,Fatal,Over speed,Four lanes or more with central divider,Straight road,,Fine,TN 25AJ 0704,P.V,Minor,0
03.04.2014,6:20 AM,1242.1,LHS,Rural,Ongole,Rear End Collision,    Lorry hit to Lorry.At the same time ,Lorry,Fatal,Over speed,Four lanes or more with central divider,Straight road,,Fine,TN 25AJ 0704,P.V,Non injured ,0
03.04.2014,6:20 AM,1242.1,LHS,Rural,Ongole,Rear End Collision,    Lorry hit to Lorry.At the same time ,Lorry,Fatal,Over speed,Four lanes or more with central divider,Straight road,,Fine,TN 25AJ 0704,P.V,Animals affected,0
03.04.2014,7:17 PM,1343,RHS,Rural,Dagadarthi,Collision Brush/Side Wipe, Tractor hit to Unknown vehicle,Tractor,Non injury,Fault of driver of motor vehicle/driver of other vehicle/cyclist/pedestrian/passenger,Four lanes or more with central divider,Straight road,,Fine,AP26AW 6030,P.V,Fatal,0
03.04.2014,7:17 PM,1343,RHS,Rural,Dagadarthi,Collision Brush/Side Wipe, Tractor hit to Unknown vehicle,Tractor,Non injury,Fault of driver of motor vehicle/driver of other vehicle/cyclist/pedestrian/passenger,Four lanes or more with central divider,Straight road,,Fine,AP26AW 6030,P.V,Grevious,0
03.04.2014,7:17 PM,1343,RHS,Rural,Dagadarthi,Collision Brush/Side Wipe, Tractor hit to Unknown vehicle,Tractor,Non injury,Fault of driver of motor vehicle/driver of other vehicle/cyclist/pedestrian/passenger,Four lanes or more with central divider,Straight road,,Fine,AP26AW 6030,P.V,Minor,0
03.04.2014,7:17 PM,1343,RHS,Rural,Dagadarthi,Collision Brush/Side Wipe, Tractor hit to Unknown vehicle,Tractor,Non injury,Fault of driver of motor vehicle/driver of other vehicle/cyclist/pedestrian/passenger,Four lanes or more with central divider,Straight road,,Fine,AP26AW 6030,P.V,Non injured ,1
03.04.2014,7:17 PM,1343,RHS,Rural,Dagadarthi,Collision Brush/Side Wipe, Tractor hit to Unknown vehicle,Tractor,Non injury,Fault of driver of motor vehicle/driver of other vehicle/cyclist/pedestrian/passenger,Four lanes or more with central divider,Straight road,,Fine,AP26AW 6030,P.V,Animals affected,0
04.04.2014,7:20 AM,1201.3,RHS,Rural,Reningavaram,Collision Brush/Side Wipe, Car hit Bike,Car,Grievious injury,Over speed,Four lanes or more with central divider,Sharp curve,,Fine,TN01AB   7916,P.V&AMB,Fatal,0
04.04.2014,7:20 AM,1201.3,RHS,Rural,Reningavaram,Collision Brush/Side Wipe, Car hit Bike,Car,Grievious injury,Over speed,Four lanes or more with central divider,Sharp curve,,Fine,TN01AB   7916,P.V&AMB,Grevious,1
04.04.2014,7:20 AM,1201.3,RHS,Rural,Reningavaram,Collision Brush/Side Wipe, Car hit Bike,Car,Grievious injury,Over speed,Four lanes or more with central divider,Sharp curve,,Fine,TN01AB   7916,P.V&AMB,Minor,0
04.04.2014,7:20 AM,1201.3,RHS,Rural,Reningavaram,Collision Brush/Side Wipe, Car hit Bike,Car,Grievious injury,Over speed,Four lanes or more with central divider,Sharp curve,,Fine,TN01AB   7916,P.V&AMB,Non injured ,1
04.04.2014,7:20 AM,1201.3,RHS,Rural,Reningavaram,Collision Brush/Side Wipe, Car hit Bike,Car,Grievious injury,Over speed,Four lanes or more with central divider,Sharp curve,,Fine,TN01AB   7916,P.V&AMB,Animals affected,0
04.04.2014,10:47 AM,1273.9,LHS,Rural,Singarayakonda,Collision Brush/Side Wipe,  Unknown Vehicle hit TVS XL Mopade ,Unknown,Grievious injury,Over speed,Four lanes or more with central divider,Straight road,Four arm junction,Fine,AP27AW   9017,P.V,Fatal,0
04.04.2014,10:47 AM,1273.9,LHS,Rural,Singarayakonda,Collision Brush/Side Wipe,  Unknown Vehicle hit TVS XL Mopade ,Unknown,Grievious injury,Over speed,Four lanes or more with central divider,Straight road,Four arm junction,Fine,AP27AW   9017,P.V,Grevious,1
04.04.2014,10:47 AM,1273.9,LHS,Rural,Singarayakonda,Collision Brush/Side Wipe,  Unknown Vehicle hit TVS XL Mopade ,Unknown,Grievious injury,Over speed,Four lanes or more with central divider,Straight road,Four arm junction,Fine,AP27AW   9017,P.V,Minor,0
04.04.2014,10:47 AM,1273.9,LHS,Rural,Singarayakonda,Collision Brush/Side Wipe,  Unknown Vehicle hit TVS XL Mopade ,Unknown,Grievious injury,Over speed,Four lanes or more with central divider,Straight road,Four arm junction,Fine,AP27AW   9017,P.V,Non injured ,0
04.04.2014,10:47 AM,1273.9,LHS,Rural,Singarayakonda,Collision Brush/Side Wipe,  Unknown Vehicle hit TVS XL Mopade ,Unknown,Grievious injury,Over speed,Four lanes or more with central divider,Straight road,Four arm junction,Fine,AP27AW   9017,P.V,Animals affected,0
05.04.2014,5:08 AM,1303.4,RHS,Rural,Gudluru,Collision Brush/Side Wipe,Mini Lorry hit      C.C.Barrier,Lorry,Non injury,Over speed,Four lanes or more with central divider,Straight road,,Fine,AP03TA    7776,P.V,Fatal,0
05.04.2014,5:08 AM,1303.4,RHS,Rural,Gudluru,Collision Brush/Side Wipe,Mini Lorry hit      C.C.Barrier,Lorry,Non injury,Over speed,Four lanes or more with central divider,Straight road,,Fine,AP03TA    7776,P.V,Grevious,0
05.04.2014,5:08 AM,1303.4,RHS,Rural,Gudluru,Collision Brush/Side Wipe,Mini Lorry hit      C.C.Barrier,Lorry,Non injury,Over speed,Four lanes or more with central divider,Straight road,,Fine,AP03TA    7776,P.V,Minor,0
05.04.2014,5:08 AM,1303.4,RHS,Rural,Gudluru,Collision Brush/Side Wipe,Mini Lorry hit      C.C.Barrier,Lorry,Non injury,Over speed,Four lanes or more with central divider,Straight road,,Fine,AP03TA    7776,P.V,Non injured ,1
05.04.2014,5:08 AM,1303.4,RHS,Rural,Gudluru,Collision Brush/Side Wipe,Mini Lorry hit      C.C.Barrier,Lorry,Non injury,Over speed,Four lanes or more with central divider,Straight road,,Fine,AP03TA    7776,P.V,Animals affected,0
05.04.2014,10:20 AM,1223,LHS,Rural,Medarametla,Others(p1.Specific),RTC Bus Traveller Fall down on the Road,Bus,Minor injury,Fault of driver of motor vehicle/driver of other vehicle/cyclist/pedestrian/passenger,Four lanes or more with central divider,Straight road,,Fine,AP7Z   0201,P.V&AMB,Fatal,0
05.04.2014,10:20 AM,1223,LHS,Rural,Medarametla,Others(p1.Specific),RTC Bus Traveller Fall down on the Road,Bus,Minor injury,Fault of driver of motor vehicle/driver of other vehicle/cyclist/pedestrian/passenger,Four lanes or more with central divider,Straight road,,Fine,AP7Z   0201,P.V&AMB,Grevious,0
05.04.2014,10:20 AM,1223,LHS,Rural,Medarametla,Others(p1.Specific),RTC Bus Traveller Fall down on the Road,Bus,Minor injury,Fault of driver of motor vehicle/driver of other vehicle/cyclist/pedestrian/passenger,Four lanes or more with central divider,Straight road,,Fine,AP7Z   0201,P.V&AMB,Minor,1
05.04.2014,10:20 AM,1223,LHS,Rural,Medarametla,Others(p1.Specific),RTC Bus Traveller Fall down on the Road,Bus,Minor injury,Fault of driver of motor vehicle/driver of other vehicle/cyclist/pedestrian/passenger,Four lanes or more with central divider,Straight road,,Fine,AP7Z   0201,P.V&AMB,Non injured ,0
05.04.2014,10:20 AM,1223,LHS,Rural,Medarametla,Others(p1.Specific),RTC Bus Traveller Fall down on the Road,Bus,Minor injury,Fault of driver of motor vehicle/driver of other vehicle/cyclist/pedestrian/passenger,Four lanes or more with central divider,Straight road,,Fine,AP7Z   0201,P.V&AMB,Animals affected,0
05.04.2014,10:50 AM,1232.4,RHS,Rural,Maddipadu,Rear End Collision, Lorry hit  Lorry ,Lorry,Minor injury,Fault of driver of motor vehicle/driver of other vehicle/cyclist/pedestrian/passenger,Four lanes or more with central divider,Straight road,,Fine,AP05TA       7794,P.V,Fatal,0
05.04.2014,10:50 AM,1232.4,RHS,Rural,Maddipadu,Rear End Collision, Lorry hit  Lorry ,Lorry,Minor injury,Fault of driver of motor vehicle/driver of other vehicle/cyclist/pedestrian/passenger,Four lanes or more with central divider,Straight road,,Fine,AP05TA       7794,P.V,Grevious,0
05.04.2014,10:50 AM,1232.4,RHS,Rural,Maddipadu,Rear End Collision, Lorry hit  Lorry ,Lorry,Minor injury,Fault of driver of motor vehicle/driver of other vehicle/cyclist/pedestrian/passenger,Four lanes or more with central divider,Straight road,,Fine,AP05TA       7794,P.V,Minor,1
05.04.2014,10:50 AM,1232.4,RHS,Rural,Maddipadu,Rear End Collision, Lorry hit  Lorry ,Lorry,Minor injury,Fault of driver of motor vehicle/driver of other vehicle/cyclist/pedestrian/passenger,Four lanes or more with central divider,Straight road,,Fine,AP05TA       7794,P.V,Non injured ,1
05.04.2014,10:50 AM,1232.4,RHS,Rural,Maddipadu,Rear End Collision, Lorry hit  Lorry ,Lorry,Minor injury,Fault of driver of motor vehicle/driver of other vehicle/cyclist/pedestrian/passenger,Four lanes or more with central divider,Straight road,,Fine,AP05TA       7794,P.V,Animals affected,0
05.04.2014,9:45 PM,1187.2,RHS,Rural,Martur,Collision Brush/Side Wipe,Unknown Vehicle hit Pedestrian,Unknown,Grievious injury,Over speed,Four lanes or more with central divider,Straight road,,Fine,Unknown Vehicle ,P.V&AMB,Fatal,0
05.04.2014,9:45 PM,1187.2,RHS,Rural,Martur,Collision Brush/Side Wipe,Unknown Vehicle hit Pedestrian,Unknown,Grievious injury,Over speed,Four lanes or more with central divider,Straight road,,Fine,Unknown Vehicle ,P.V&AMB,Grevious,1
05.04.2014,9:45 PM,1187.2,RHS,Rural,Martur,Collision Brush/Side Wipe,Unknown Vehicle hit Pedestrian,Unknown,Grievious injury,Over speed,Four lanes or more with central divider,Straight road,,Fine,Unknown Vehicle ,P.V&AMB,Minor,0
05.04.2014,9:45 PM,1187.2,RHS,Rural,Martur,Collision Brush/Side Wipe,Unknown Vehicle hit Pedestrian,Unknown,Grievious injury,Over speed,Four lanes or more with central divider,Straight road,,Fine,Unknown Vehicle ,P.V&AMB,Non injured ,0
05.04.2014,9:45 PM,1187.2,RHS,Rural,Martur,Collision Brush/Side Wipe,Unknown Vehicle hit Pedestrian,Unknown,Grievious injury,Over speed,Four lanes or more with central divider,Straight road,,Fine,Unknown Vehicle ,P.V&AMB,Animals affected,0
06.04.2014,1:05 PM,1234.4,LHS,Rural,Maddipadu,Collision Brush/Side Wipe, Car hit Cyclist,Car,Fatal,Over speed,Four lanes or more with central divider,Straight road,,Fine,AP07BK     6340,P.V,Fatal,1
06.04.2014,1:05 PM,1234.4,LHS,Rural,Maddipadu,Collision Brush/Side Wipe, Car hit Cyclist,Car,Fatal,Over speed,Four lanes or more with central divider,Straight road,,Fine,AP07BK     6340,P.V,Grevious,2
06.04.2014,1:05 PM,1234.4,LHS,Rural,Maddipadu,Collision Brush/Side Wipe, Car hit Cyclist,Car,Fatal,Over speed,Four lanes or more with central divider,Straight road,,Fine,AP07BK     6340,P.V,Minor,0
06.04.2014,1:05 PM,1234.4,LHS,Rural,Maddipadu,Collision Brush/Side Wipe, Car hit Cyclist,Car,Fatal,Over speed,Four lanes or more with central divider,Straight road,,Fine,AP07BK     6340,P.V,Non injured ,0
06.04.2014,1:05 PM,1234.4,LHS,Rural,Maddipadu,Collision Brush/Side Wipe, Car hit Cyclist,Car,Fatal,Over speed,Four lanes or more with central divider,Straight road,,Fine,AP07BK     6340,P.V,Animals affected,0
06.04.2014,9:00 PM,1210.8,LHS,Rural,Reningavaram,Rear End Collision, Lorry hit  Lorry ,Lorry,Minor injury,Over speed,Four lanes or more with central divider,Straight road,T-Junction,Fine,AP07TB   1599,P.V&AMB,Fatal,0
06.04.2014,9:00 PM,1210.8,LHS,Rural,Reningavaram,Rear End Collision, Lorry hit  Lorry ,Lorry,Minor injury,Over speed,Four lanes or more with central divider,Straight road,T-Junction,Fine,AP07TB   1599,P.V&AMB,Grevious,0
06.04.2014,9:00 PM,1210.8,LHS,Rural,Reningavaram,Rear End Collision, Lorry hit  Lorry ,Lorry,Minor injury,Over speed,Four lanes or more with central divider,Straight road,T-Junction,Fine,AP07TB   1599,P.V&AMB,Minor,2
06.04.2014,9:00 PM,1210.8,LHS,Rural,Reningavaram,Rear End Collision, Lorry hit  Lorry ,Lorry,Minor injury,Over speed,Four lanes or more with central divider,Straight road,T-Junction,Fine,AP07TB   1599,P.V&AMB,Non injured ,2
06.04.2014,9:00 PM,1210.8,LHS,Rural,Reningavaram,Rear End Collision, Lorry hit  Lorry ,Lorry,Minor injury,Over speed,Four lanes or more with central divider,Straight road,T-Junction,Fine,AP07TB   1599,P.V&AMB,Animals affected,0
07.04.2014,11:16 AM,1365.8,LHS,Rural,Kovuru,Rear End Collision, Lorry hit Unknown   Vehicle,Lorry,Non injury,Over speed,Four lanes or more with central divider,Straight road,,Fine,AP07TU  7379,P.V,Fatal,0
07.04.2014,11:16 AM,1365.8,LHS,Rural,Kovuru,Rear End Collision, Lorry hit Unknown   Vehicle,Lorry,Non injury,Over speed,Four lanes or more with central divider,Straight road,,Fine,AP07TU  7379,P.V,Grevious,0
07.04.2014,11:16 AM,1365.8,LHS,Rural,Kovuru,Rear End Collision, Lorry hit Unknown   Vehicle,Lorry,Non injury,Over speed,Four lanes or more with central divider,Straight road,,Fine,AP07TU  7379,P.V,Minor,0
07.04.2014,11:16 AM,1365.8,LHS,Rural,Kovuru,Rear End Collision, Lorry hit Unknown   Vehicle,Lorry,Non injury,Over speed,Four lanes or more with central divider,Straight road,,Fine,AP07TU  7379,P.V,Non injured ,2
07.04.2014,11:16 AM,1365.8,LHS,Rural,Kovuru,Rear End Collision, Lorry hit Unknown   Vehicle,Lorry,Non injury,Over speed,Four lanes or more with central divider,Straight road,,Fine,AP07TU  7379,P.V,Animals affected,0
07.04.2014,12:39 PM,1264.1,LHS,Rural,Tangutur,Collision Brush/Side Wipe,Bike hit Tanker,Bike,Grievious injury,Druken,Four lanes or more with central divider,Straight road,,Fine,AP27AW 1244,P.V&AMB,Fatal,0
07.04.2014,12:39 PM,1264.1,LHS,Rural,Tangutur,Collision Brush/Side Wipe,Bike hit Tanker,Bike,Grievious injury,Druken,Four lanes or more with central divider,Straight road,,Fine,AP27AW 1244,P.V&AMB,Grevious,1
07.04.2014,12:39 PM,1264.1,LHS,Rural,Tangutur,Collision Brush/Side Wipe,Bike hit Tanker,Bike,Grievious injury,Druken,Four lanes or more with central divider,Straight road,,Fine,AP27AW 1244,P.V&AMB,Minor,0
07.04.2014,12:39 PM,1264.1,LHS,Rural,Tangutur,Collision Brush/Side Wipe,Bike hit Tanker,Bike,Grievious injury,Druken,Four lanes or more with central divider,Straight road,,Fine,AP27AW 1244,P.V&AMB,Non injured ,2
07.04.2014,12:39 PM,1264.1,LHS,Rural,Tangutur,Collision Brush/Side Wipe,Bike hit Tanker,Bike,Grievious injury,Druken,Four lanes or more with central divider,Straight road,,Fine,AP27AW 1244,P.V&AMB,Animals affected,0
08.04.2014,5:20 AM,1192.5,RHS,Rural,Martur,Collision Brush/Side Wipe,Lorry hit      Culvert wall,Lorry,Non injury,Fault of driver of motor vehicle/driver of other vehicle/cyclist/pedestrian/passenger,Four lanes or more with central divider,Straight road,,Fine,NL01D     3019,P.V,Fatal,0
08.04.2014,5:20 AM,1192.5,RHS,Rural,Martur,Collision Brush/Side Wipe,Lorry hit      Culvert wall,Lorry,Non injury,Fault of driver of motor vehicle/driver of other vehicle/cyclist/pedestrian/passenger,Four lanes or more with central divider,Straight road,,Fine,NL01D     3019,P.V,Grevious,0
08.04.2014,5:20 AM,1192.5,RHS,Rural,Martur,Collision Brush/Side Wipe,Lorry hit      Culvert wall,Lorry,Non injury,Fault of driver of motor vehicle/driver of other vehicle/cyclist/pedestrian/passenger,Four lanes or more with central divider,Straight road,,Fine,NL01D     3019,P.V,Minor,0
08.04.2014,5:20 AM,1192.5,RHS,Rural,Martur,Collision Brush/Side Wipe,Lorry hit      Culvert wall,Lorry,Non injury,Fault of driver of motor vehicle/driver of other vehicle/cyclist/pedestrian/passenger,Four lanes or more with central divider,Straight road,,Fine,NL01D     3019,P.V,Non injured ,2
08.04.2014,5:20 AM,1192.5,RHS,Rural,Martur,Collision Brush/Side Wipe,Lorry hit      Culvert wall,Lorry,Non injury,Fault of driver of motor vehicle/driver of other vehicle/cyclist/pedestrian/passenger,Four lanes or more with central divider,Straight road,,Fine,NL01D     3019,P.V,Animals affected,0
09.04.2014,12:02 AM,1202.4,RHS,Rural,Reningavaram,Collision Brush/Side Wipe, Car hit Bridge wall,Car,Non injury,Vehicle out of control,Four lanes or more with central divider,Straight road,,Fine,AP07Y     7755,P.V,Fatal,0
09.04.2014,12:02 AM,1202.4,RHS,Rural,Reningavaram,Collision Brush/Side Wipe, Car hit Bridge wall,Car,Non injury,Vehicle out of control,Four lanes or more with central divider,Straight road,,Fine,AP07Y     7755,P.V,Grevious,0
09.04.2014,12:02 AM,1202.4,RHS,Rural,Reningavaram,Collision Brush/Side Wipe, Car hit Bridge wall,Car,Non injury,Vehicle out of control,Four lanes or more with central divider,Straight road,,Fine,AP07Y     7755,P.V,Minor,0
09.04.2014,12:02 AM,1202.4,RHS,Rural,Reningavaram,Collision Brush/Side Wipe, Car hit Bridge wall,Car,Non injury,Vehicle out of control,Four lanes or more with central divider,Straight road,,Fine,AP07Y     7755,P.V,Non injured ,8
09.04.2014,12:02 AM,1202.4,RHS,Rural,Reningavaram,Collision Brush/Side Wipe, Car hit Bridge wall,Car,Non injury,Vehicle out of control,Four lanes or more with central divider,Straight road,,Fine,AP07Y     7755,P.V,Animals affected,0