Operational date,Time of Accident,KM && M,Position,Rural/Urban,Location,Nature of Accident Position,Nature of Accident,Vehicle Involved,Type of Accident,Causes,Road Feature,Road condition,Intersection Type And Control,Weather Condition,Vehicle Responsible,Help Provided by Ambulance/Patroling Vehicle,Classification of Accident,No of Affected Persons
09.04.2014,6:00 AM,1260.6,LHS,Rural,Tangutur,Collision Brush/Side Wipe,Bike hit      C.C.Barrier,Bike,Grievious injury,Over speed,Four lanes or more with central divider,Straight road,,Fine,AP27AN      7004,P.V,Fatal,0
09.04.2014,6:00 AM,1260.6,LHS,Rural,Tangutur,Collision Brush/Side Wipe,Bike hit      C.C.Barrier,Bike,Grievious injury,Over speed,Four lanes or more with central divider,Straight road,,Fine,AP27AN      7004,P.V,Grevious,1
09.04.2014,6:00 AM,1260.6,LHS,Rural,Tangutur,Collision Brush/Side Wipe,Bike hit      C.C.Barrier,Bike,Grievious injury,Over speed,Four lanes or more with central divider,Straight road,,Fine,AP27AN      7004,P.V,Minor,0
09.04.2014,6:00 AM,1260.6,LHS,Rural,Tangutur,Collision Brush/Side Wipe,Bike hit      C.C.Barrier,Bike,Grievious injury,Over speed,Four lanes or more with central divider,Straight road,,Fine,AP27AN      7004,P.V,Non injured ,0
09.04.2014,6:00 AM,1260.6,LHS,Rural,Tangutur,Collision Brush/Side Wipe,Bike hit      C.C.Barrier,Bike,Grievious injury,Over speed,Four lanes or more with central divider,Straight road,,Fine,AP27AN      7004,P.V,Animals affected,0
09.04.2014,9:13 AM,1259.7,RHS,Rural,Tangutur,Collision Brush/Side Wipe,Tipper hit Bike,Lorry,Grievious injury,Over speed,Four lanes or more with central divider,Straight road,,Fine,AP26TA    5297,P.V,Fatal,0
09.04.2014,9:13 AM,1259.7,RHS,Rural,Tangutur,Collision Brush/Side Wipe,Tipper hit Bike,Lorry,Grievious injury,Over speed,Four lanes or more with central divider,Straight road,,Fine,AP26TA    5297,P.V,Grevious,1
09.04.2014,9:13 AM,1259.7,RHS,Rural,Tangutur,Collision Brush/Side Wipe,Tipper hit Bike,Lorry,Grievious injury,Over speed,Four lanes or more with central divider,Straight road,,Fine,AP26TA    5297,P.V,Minor,0
09.04.2014,9:13 AM,1259.7,RHS,Rural,Tangutur,Collision Brush/Side Wipe,Tipper hit Bike,Lorry,Grievious injury,Over speed,Four lanes or more with central divider,Straight road,,Fine,AP26TA    5297,P.V,Non injured ,1
09.04.2014,9:13 AM,1259.7,RHS,Rural,Tangutur,Collision Brush/Side Wipe,Tipper hit Bike,Lorry,Grievious injury,Over speed,Four lanes or more with central divider,Straight road,,Fine,AP26TA    5297,P.V,Animals affected,0
09.04.2014,9:18 AM,1259.7,LHS,Rural,Tangutur,Rear End Collision, Car hit Car,Car,Non injury,Fault of driver of motor vehicle/driver of other vehicle/cyclist/pedestrian/passenger,Four lanes or more with central divider,Straight road,,Fine,KA34M    9241,P.V,Fatal,0
09.04.2014,9:18 AM,1259.7,LHS,Rural,Tangutur,Rear End Collision, Car hit Car,Car,Non injury,Fault of driver of motor vehicle/driver of other vehicle/cyclist/pedestrian/passenger,Four lanes or more with central divider,Straight road,,Fine,KA34M    9241,P.V,Grevious,0
09.04.2014,9:18 AM,1259.7,LHS,Rural,Tangutur,Rear End Collision, Car hit Car,Car,Non injury,Fault of driver of motor vehicle/driver of other vehicle/cyclist/pedestrian/passenger,Four lanes or more with central divider,Straight road,,Fine,KA34M    9241,P.V,Minor,0
09.04.2014,9:18 AM,1259.7,LHS,Rural,Tangutur,Rear End Collision, Car hit Car,Car,Non injury,Fault of driver of motor vehicle/driver of other vehicle/cyclist/pedestrian/passenger,Four lanes or more with central divider,Straight road,,Fine,KA34M    9241,P.V,Non injured ,4
09.04.2014,9:18 AM,1259.7,LHS,Rural,Tangutur,Rear End Collision, Car hit Car,Car,Non injury,Fault of driver of motor vehicle/driver of other vehicle/cyclist/pedestrian/passenger,Four lanes or more with central divider,Straight road,,Fine,KA34M    9241,P.V,Animals affected,0
11.04.2014,4:30 AM,1280.5,RHS,Rural,Singarayakonda,Head on collision, Lorry hit Unknown   Vehicle,Lorry,Non injury,Over speed,Four lanes or more with central divider,Sharp curve,,Fine,NL02G 3213,P.V,Fatal,0
11.04.2014,4:30 AM,1280.5,RHS,Rural,Singarayakonda,Head on collision, Lorry hit Unknown   Vehicle,Lorry,Non injury,Over speed,Four lanes or more with central divider,Sharp curve,,Fine,NL02G 3213,P.V,Grevious,0
11.04.2014,4:30 AM,1280.5,RHS,Rural,Singarayakonda,Head on collision, Lorry hit Unknown   Vehicle,Lorry,Non injury,Over speed,Four lanes or more with central divider,Sharp curve,,Fine,NL02G 3213,P.V,Minor,0
11.04.2014,4:30 AM,1280.5,RHS,Rural,Singarayakonda,Head on collision, Lorry hit Unknown   Vehicle,Lorry,Non injury,Over speed,Four lanes or more with central divider,Sharp curve,,Fine,NL02G 3213,P.V,Non injured ,2
11.04.2014,4:30 AM,1280.5,RHS,Rural,Singarayakonda,Head on collision, Lorry hit Unknown   Vehicle,Lorry,Non injury,Over speed,Four lanes or more with central divider,Sharp curve,,Fine,NL02G 3213,P.V,Animals affected,0
12.04.2014,3:00 AM,1242.8,LHS,Rural,Ongole,Overturning,Car Fall Down  in Culvert,Car,Grievious injury,Fault of driver of motor vehicle/driver of other vehicle/cyclist/pedestrian/passenger,Four lanes or more with central divider,Straight road,,Fine,AP13N    4060,P.V,Fatal,0
12.04.2014,3:00 AM,1242.8,LHS,Rural,Ongole,Overturning,Car Fall Down  in Culvert,Car,Grievious injury,Fault of driver of motor vehicle/driver of other vehicle/cyclist/pedestrian/passenger,Four lanes or more with central divider,Straight road,,Fine,AP13N    4060,P.V,Grevious,4
12.04.2014,3:00 AM,1242.8,LHS,Rural,Ongole,Overturning,Car Fall Down  in Culvert,Car,Grievious injury,Fault of driver of motor vehicle/driver of other vehicle/cyclist/pedestrian/passenger,Four lanes or more with central divider,Straight road,,Fine,AP13N    4060,P.V,Minor,0
12.04.2014,3:00 AM,1242.8,LHS,Rural,Ongole,Overturning,Car Fall Down  in Culvert,Car,Grievious injury,Fault of driver of motor vehicle/driver of other vehicle/cyclist/pedestrian/passenger,Four lanes or more with central divider,Straight road,,Fine,AP13N    4060,P.V,Non injured ,0
12.04.2014,3:00 AM,1242.8,LHS,Rural,Ongole,Overturning,Car Fall Down  in Culvert,Car,Grievious injury,Fault of driver of motor vehicle/driver of other vehicle/cyclist/pedestrian/passenger,Four lanes or more with central divider,Straight road,,Fine,AP13N    4060,P.V,Animals affected,0
12.04.2014,1:50 PM,1256.6,LHS,Rural,Tangutur,Rear End Collision,Mini Lorry hit Car and Bike,Lorry,Non injury,Over speed,Four lanes or more with central divider,Straight road,T-Junction,Fine,AP27X   3377,P.V,Fatal,0
12.04.2014,1:50 PM,1256.6,LHS,Rural,Tangutur,Rear End Collision,Mini Lorry hit Car and Bike,Lorry,Non injury,Over speed,Four lanes or more with central divider,Straight road,T-Junction,Fine,AP27X   3377,P.V,Grevious,0
12.04.2014,1:50 PM,1256.6,LHS,Rural,Tangutur,Rear End Collision,Mini Lorry hit Car and Bike,Lorry,Non injury,Over speed,Four lanes or more with central divider,Straight road,T-Junction,Fine,AP27X   3377,P.V,Minor,0
12.04.2014,1:50 PM,1256.6,LHS,Rural,Tangutur,Rear End Collision,Mini Lorry hit Car and Bike,Lorry,Non injury,Over speed,Four lanes or more with central divider,Straight road,T-Junction,Fine,AP27X   3377,P.V,Non injured ,4
12.04.2014,1:50 PM,1256.6,LHS,Rural,Tangutur,Rear End Collision,Mini Lorry hit Car and Bike,Lorry,Non injury,Over speed,Four lanes or more with central divider,Straight road,T-Junction,Fine,AP27X   3377,P.V,Animals affected,0
13.04.2014,4:15 AM,1239.2,LHS,Rural,Ongole,Overturning,Car Fall Down  in Shoulder,Car,Minor injury,Fault of driver of motor vehicle/driver of other vehicle/cyclist/pedestrian/passenger,Four lanes or more with central divider,Slight curve,,Fine,F/R,P.V,Fatal,0
13.04.2014,4:15 AM,1239.2,LHS,Rural,Ongole,Overturning,Car Fall Down  in Shoulder,Car,Minor injury,Fault of driver of motor vehicle/driver of other vehicle/cyclist/pedestrian/passenger,Four lanes or more with central divider,Slight curve,,Fine,F/R,P.V,Grevious,0
13.04.2014,4:15 AM,1239.2,LHS,Rural,Ongole,Overturning,Car Fall Down  in Shoulder,Car,Minor injury,Fault of driver of motor vehicle/driver of other vehicle/cyclist/pedestrian/passenger,Four lanes or more with central divider,Slight curve,,Fine,F/R,P.V,Minor,2
13.04.2014,4:15 AM,1239.2,LHS,Rural,Ongole,Overturning,Car Fall Down  in Shoulder,Car,Minor injury,Fault of driver of motor vehicle/driver of other vehicle/cyclist/pedestrian/passenger,Four lanes or more with central divider,Slight curve,,Fine,F/R,P.V,Non injured ,1
13.04.2014,4:15 AM,1239.2,LHS,Rural,Ongole,Overturning,Car Fall Down  in Shoulder,Car,Minor injury,Fault of driver of motor vehicle/driver of other vehicle/cyclist/pedestrian/passenger,Four lanes or more with central divider,Slight curve,,Fine,F/R,P.V,Animals affected,0
13.04.2014,9:00 AM,1269,RHS,Rural,Tangutur,Collision Brush/Side Wipe,  Unknown  Vehicle hit Bike  ,Unknown,Grievious injury,Over speed,Four lanes or more with central divider,Straight road,,Fine,F/R,P.V&AMB,Fatal,0
13.04.2014,9:00 AM,1269,RHS,Rural,Tangutur,Collision Brush/Side Wipe,  Unknown  Vehicle hit Bike  ,Unknown,Grievious injury,Over speed,Four lanes or more with central divider,Straight road,,Fine,F/R,P.V&AMB,Grevious,1
13.04.2014,9:00 AM,1269,RHS,Rural,Tangutur,Collision Brush/Side Wipe,  Unknown  Vehicle hit Bike  ,Unknown,Grievious injury,Over speed,Four lanes or more with central divider,Straight road,,Fine,F/R,P.V&AMB,Minor,0
13.04.2014,9:00 AM,1269,RHS,Rural,Tangutur,Collision Brush/Side Wipe,  Unknown  Vehicle hit Bike  ,Unknown,Grievious injury,Over speed,Four lanes or more with central divider,Straight road,,Fine,F/R,P.V&AMB,Non injured ,0
13.04.2014,9:00 AM,1269,RHS,Rural,Tangutur,Collision Brush/Side Wipe,  Unknown  Vehicle hit Bike  ,Unknown,Grievious injury,Over speed,Four lanes or more with central divider,Straight road,,Fine,F/R,P.V&AMB,Animals affected,0
15.04.2014,5:40 PM,1240.3,LHS,Rural,Ongole,Collision Brush/Side Wipe, Car hit Bridge wall,Car,Minor injury,Vehicle out of control,Four lanes or more with central divider,Straight road,,Fine,AP27AJ   2133,P.V,Fatal,0
15.04.2014,5:40 PM,1240.3,LHS,Rural,Ongole,Collision Brush/Side Wipe, Car hit Bridge wall,Car,Minor injury,Vehicle out of control,Four lanes or more with central divider,Straight road,,Fine,AP27AJ   2133,P.V,Grevious,0
15.04.2014,5:40 PM,1240.3,LHS,Rural,Ongole,Collision Brush/Side Wipe, Car hit Bridge wall,Car,Minor injury,Vehicle out of control,Four lanes or more with central divider,Straight road,,Fine,AP27AJ   2133,P.V,Minor,1
15.04.2014,5:40 PM,1240.3,LHS,Rural,Ongole,Collision Brush/Side Wipe, Car hit Bridge wall,Car,Minor injury,Vehicle out of control,Four lanes or more with central divider,Straight road,,Fine,AP27AJ   2133,P.V,Non injured ,0
15.04.2014,5:40 PM,1240.3,LHS,Rural,Ongole,Collision Brush/Side Wipe, Car hit Bridge wall,Car,Minor injury,Vehicle out of control,Four lanes or more with central divider,Straight road,,Fine,AP27AJ   2133,P.V,Animals affected,0
16.04.2014,8:35 AM,1242.1,LHS,Rural,Ongole,Rear End Collision, Lorry hit Trailer Lorry,Lorry,Non injury,Over speed,Four lanes or more with central divider,Straight road,,Fine,AP16TC 3058,P.V,Fatal,0
16.04.2014,8:35 AM,1242.1,LHS,Rural,Ongole,Rear End Collision, Lorry hit Trailer Lorry,Lorry,Non injury,Over speed,Four lanes or more with central divider,Straight road,,Fine,AP16TC 3058,P.V,Grevious,0
16.04.2014,8:35 AM,1242.1,LHS,Rural,Ongole,Rear End Collision, Lorry hit Trailer Lorry,Lorry,Non injury,Over speed,Four lanes or more with central divider,Straight road,,Fine,AP16TC 3058,P.V,Minor,0
16.04.2014,8:35 AM,1242.1,LHS,Rural,Ongole,Rear End Collision, Lorry hit Trailer Lorry,Lorry,Non injury,Over speed,Four lanes or more with central divider,Straight road,,Fine,AP16TC 3058,P.V,Non injured ,2
16.04.2014,8:35 AM,1242.1,LHS,Rural,Ongole,Rear End Collision, Lorry hit Trailer Lorry,Lorry,Non injury,Over speed,Four lanes or more with central divider,Straight road,,Fine,AP16TC 3058,P.V,Animals affected,0
16.04.2014,3:40 PM,1312,RHS,Rural,Kavali,Rear End Collision, Lorry hit R.T.C.Bus,Lorry,Non injury,Over speed,Four lanes or more with central divider,Straight road,,Fine,TN44    9497,P.V,Fatal,0
16.04.2014,3:40 PM,1312,RHS,Rural,Kavali,Rear End Collision, Lorry hit R.T.C.Bus,Lorry,Non injury,Over speed,Four lanes or more with central divider,Straight road,,Fine,TN44    9497,P.V,Grevious,0
16.04.2014,3:40 PM,1312,RHS,Rural,Kavali,Rear End Collision, Lorry hit R.T.C.Bus,Lorry,Non injury,Over speed,Four lanes or more with central divider,Straight road,,Fine,TN44    9497,P.V,Minor,0
16.04.2014,3:40 PM,1312,RHS,Rural,Kavali,Rear End Collision, Lorry hit R.T.C.Bus,Lorry,Non injury,Over speed,Four lanes or more with central divider,Straight road,,Fine,TN44    9497,P.V,Non injured ,22
16.04.2014,3:40 PM,1312,RHS,Rural,Kavali,Rear End Collision, Lorry hit R.T.C.Bus,Lorry,Non injury,Over speed,Four lanes or more with central divider,Straight road,,Fine,TN44    9497,P.V,Animals affected,0
16.04.2014,4:20 PM,1283.7,LHS,Rural,Ulavapadu,Collision Brush/Side Wipe, Car hit Median,Car,Non injury,Vehicle out of control,Four lanes or more with central divider,Straight road,,Fine,AP16DS   7777,P.V,Fatal,0
16.04.2014,4:20 PM,1283.7,LHS,Rural,Ulavapadu,Collision Brush/Side Wipe, Car hit Median,Car,Non injury,Vehicle out of control,Four lanes or more with central divider,Straight road,,Fine,AP16DS   7777,P.V,Grevious,0
16.04.2014,4:20 PM,1283.7,LHS,Rural,Ulavapadu,Collision Brush/Side Wipe, Car hit Median,Car,Non injury,Vehicle out of control,Four lanes or more with central divider,Straight road,,Fine,AP16DS   7777,P.V,Minor,0
16.04.2014,4:20 PM,1283.7,LHS,Rural,Ulavapadu,Collision Brush/Side Wipe, Car hit Median,Car,Non injury,Vehicle out of control,Four lanes or more with central divider,Straight road,,Fine,AP16DS   7777,P.V,Non injured ,2
16.04.2014,4:20 PM,1283.7,LHS,Rural,Ulavapadu,Collision Brush/Side Wipe, Car hit Median,Car,Non injury,Vehicle out of control,Four lanes or more with central divider,Straight road,,Fine,AP16DS   7777,P.V,Animals affected,0
17.04.2014,2:52 AM,1186.3,RHS,Rural,Martur,Rear End Collision, Car hit Tipper,Car,Grievious injury,Fault of driver of motor vehicle/driver of other vehicle/cyclist/pedestrian/passenger,Four lanes or more with central divider,Straight road,,Fine,AP04S     6,P.V&AMB,Fatal,0
17.04.2014,2:52 AM,1186.3,RHS,Rural,Martur,Rear End Collision, Car hit Tipper,Car,Grievious injury,Fault of driver of motor vehicle/driver of other vehicle/cyclist/pedestrian/passenger,Four lanes or more with central divider,Straight road,,Fine,AP04S     6,P.V&AMB,Grevious,1
17.04.2014,2:52 AM,1186.3,RHS,Rural,Martur,Rear End Collision, Car hit Tipper,Car,Grievious injury,Fault of driver of motor vehicle/driver of other vehicle/cyclist/pedestrian/passenger,Four lanes or more with central divider,Straight road,,Fine,AP04S     6,P.V&AMB,Minor,1
17.04.2014,2:52 AM,1186.3,RHS,Rural,Martur,Rear End Collision, Car hit Tipper,Car,Grievious injury,Fault of driver of motor vehicle/driver of other vehicle/cyclist/pedestrian/passenger,Four lanes or more with central divider,Straight road,,Fine,AP04S     6,P.V&AMB,Non injured ,3
17.04.2014,2:52 AM,1186.3,RHS,Rural,Martur,Rear End Collision, Car hit Tipper,Car,Grievious injury,Fault of driver of motor vehicle/driver of other vehicle/cyclist/pedestrian/passenger,Four lanes or more with central divider,Straight road,,Fine,AP04S     6,P.V&AMB,Animals affected,0
17.04.2014,4:28 AM,1266.7,RHS,Rural,Tangutur,Collision Brush/Side Wipe, Tata Ace Vehicle hit Median,Tata Ace,Non injury,Over speed,Four lanes or more with central divider,Straight road,,Fine,AP27TT    7192,P.V,Fatal,0
17.04.2014,4:28 AM,1266.7,RHS,Rural,Tangutur,Collision Brush/Side Wipe, Tata Ace Vehicle hit Median,Tata Ace,Non injury,Over speed,Four lanes or more with central divider,Straight road,,Fine,AP27TT    7192,P.V,Grevious,0
17.04.2014,4:28 AM,1266.7,RHS,Rural,Tangutur,Collision Brush/Side Wipe, Tata Ace Vehicle hit Median,Tata Ace,Non injury,Over speed,Four lanes or more with central divider,Straight road,,Fine,AP27TT    7192,P.V,Minor,0
17.04.2014,4:28 AM,1266.7,RHS,Rural,Tangutur,Collision Brush/Side Wipe, Tata Ace Vehicle hit Median,Tata Ace,Non injury,Over speed,Four lanes or more with central divider,Straight road,,Fine,AP27TT    7192,P.V,Non injured ,1
17.04.2014,4:28 AM,1266.7,RHS,Rural,Tangutur,Collision Brush/Side Wipe, Tata Ace Vehicle hit Median,Tata Ace,Non injury,Over speed,Four lanes or more with central divider,Straight road,,Fine,AP27TT    7192,P.V,Animals affected,0
17.04.2014,8:30 AM,1242.1,LHS,Rural,Ongole,Collision Brush/Side Wipe, Car hit Unknown Vehicle,Car,Non injury,Over speed,Four lanes or more with central divider,Straight road,,Fine,AP07BY   5566,P.V,Fatal,0
17.04.2014,8:30 AM,1242.1,LHS,Rural,Ongole,Collision Brush/Side Wipe, Car hit Unknown Vehicle,Car,Non injury,Over speed,Four lanes or more with central divider,Straight road,,Fine,AP07BY   5566,P.V,Grevious,0
17.04.2014,8:30 AM,1242.1,LHS,Rural,Ongole,Collision Brush/Side Wipe, Car hit Unknown Vehicle,Car,Non injury,Over speed,Four lanes or more with central divider,Straight road,,Fine,AP07BY   5566,P.V,Minor,0
17.04.2014,8:30 AM,1242.1,LHS,Rural,Ongole,Collision Brush/Side Wipe, Car hit Unknown Vehicle,Car,Non injury,Over speed,Four lanes or more with central divider,Straight road,,Fine,AP07BY   5566,P.V,Non injured ,4
17.04.2014,8:30 AM,1242.1,LHS,Rural,Ongole,Collision Brush/Side Wipe, Car hit Unknown Vehicle,Car,Non injury,Over speed,Four lanes or more with central divider,Straight road,,Fine,AP07BY   5566,P.V,Animals affected,0
18.04.2014,1:07 AM,1260.2,LHS,Rural,Tangutur,Rear End Collision,Milk Lorry hit   Unknown Vehicle,Lorry,Grievious injury,Over speed,Four lanes or more with central divider,Straight road,,Fine,AP03U   7992,P.V,Fatal,0
18.04.2014,1:07 AM,1260.2,LHS,Rural,Tangutur,Rear End Collision,Milk Lorry hit   Unknown Vehicle,Lorry,Grievious injury,Over speed,Four lanes or more with central divider,Straight road,,Fine,AP03U   7992,P.V,Grevious,1
18.04.2014,1:07 AM,1260.2,LHS,Rural,Tangutur,Rear End Collision,Milk Lorry hit   Unknown Vehicle,Lorry,Grievious injury,Over speed,Four lanes or more with central divider,Straight road,,Fine,AP03U   7992,P.V,Minor,0
18.04.2014,1:07 AM,1260.2,LHS,Rural,Tangutur,Rear End Collision,Milk Lorry hit   Unknown Vehicle,Lorry,Grievious injury,Over speed,Four lanes or more with central divider,Straight road,,Fine,AP03U   7992,P.V,Non injured ,1
18.04.2014,1:07 AM,1260.2,LHS,Rural,Tangutur,Rear End Collision,Milk Lorry hit   Unknown Vehicle,Lorry,Grievious injury,Over speed,Four lanes or more with central divider,Straight road,,Fine,AP03U   7992,P.V,Animals affected,0
18.04.2014,2:25 AM,1197.5,LHS,Rural,Martur,Rear End Collision, Lorry hit Container Vehicle,Lorry,Grievious injury,Fault of driver of motor vehicle/driver of other vehicle/cyclist/pedestrian/passenger,Three lanes or more without central divider(median),Straight road,Y-Junction,Fine,AP5TC   4986,P.V&AMB,Fatal,0
18.04.2014,2:25 AM,1197.5,LHS,Rural,Martur,Rear End Collision, Lorry hit Container Vehicle,Lorry,Grievious injury,Fault of driver of motor vehicle/driver of other vehicle/cyclist/pedestrian/passenger,Three lanes or more without central divider(median),Straight road,Y-Junction,Fine,AP5TC   4986,P.V&AMB,Grevious,1
18.04.2014,2:25 AM,1197.5,LHS,Rural,Martur,Rear End Collision, Lorry hit Container Vehicle,Lorry,Grievious injury,Fault of driver of motor vehicle/driver of other vehicle/cyclist/pedestrian/passenger,Three lanes or more without central divider(median),Straight road,Y-Junction,Fine,AP5TC   4986,P.V&AMB,Minor,0
18.04.2014,2:25 AM,1197.5,LHS,Rural,Martur,Rear End Collision, Lorry hit Container Vehicle,Lorry,Grievious injury,Fault of driver of motor vehicle/driver of other vehicle/cyclist/pedestrian/passenger,Three lanes or more without central divider(median),Straight road,Y-Junction,Fine,AP5TC   4986,P.V&AMB,Non injured ,2
18.04.2014,2:25 AM,1197.5,LHS,Rural,Martur,Rear End Collision, Lorry hit Container Vehicle,Lorry,Grievious injury,Fault of driver of motor vehicle/driver of other vehicle/cyclist/pedestrian/passenger,Three lanes or more without central divider(median),Straight road,Y-Junction,Fine,AP5TC   4986,P.V&AMB,Animals affected,0
18.04.2014,9:20 AM,1242.9,LHS,Rural,Ongole,Collision Brush/Side Wipe, Mini Lorry hit C.C.Barrier,Lorry,Non injury,Over speed,Four lanes or more with central divider,Straight road,,Fine,AP05TU       4493,P.V,Fatal,0
18.04.2014,9:20 AM,1242.9,LHS,Rural,Ongole,Collision Brush/Side Wipe, Mini Lorry hit C.C.Barrier,Lorry,Non injury,Over speed,Four lanes or more with central divider,Straight road,,Fine,AP05TU       4493,P.V,Grevious,0
18.04.2014,9:20 AM,1242.9,LHS,Rural,Ongole,Collision Brush/Side Wipe, Mini Lorry hit C.C.Barrier,Lorry,Non injury,Over speed,Four lanes or more with central divider,Straight road,,Fine,AP05TU       4493,P.V,Minor,0
18.04.2014,9:20 AM,1242.9,LHS,Rural,Ongole,Collision Brush/Side Wipe, Mini Lorry hit C.C.Barrier,Lorry,Non injury,Over speed,Four lanes or more with central divider,Straight road,,Fine,AP05TU       4493,P.V,Non injured ,2
18.04.2014,9:20 AM,1242.9,LHS,Rural,Ongole,Collision Brush/Side Wipe, Mini Lorry hit C.C.Barrier,Lorry,Non injury,Over speed,Four lanes or more with central divider,Straight road,,Fine,AP05TU       4493,P.V,Animals affected,0
19.04.2014,2:35 AM,1357.8,LHS,Rural,Kodavaluru,Overturning,Tata (207) Vehicle  OverTurned,Tata Ace,Minor injury,Vehicle out of control,Four lanes or more with central divider,Straight road,,Fine,AP27TT    1597,P.V,Fatal,0
19.04.2014,2:35 AM,1357.8,LHS,Rural,Kodavaluru,Overturning,Tata (207) Vehicle  OverTurned,Tata Ace,Minor injury,Vehicle out of control,Four lanes or more with central divider,Straight road,,Fine,AP27TT    1597,P.V,Grevious,0
19.04.2014,2:35 AM,1357.8,LHS,Rural,Kodavaluru,Overturning,Tata (207) Vehicle  OverTurned,Tata Ace,Minor injury,Vehicle out of control,Four lanes or more with central divider,Straight road,,Fine,AP27TT    1597,P.V,Minor,3
19.04.2014,2:35 AM,1357.8,LHS,Rural,Kodavaluru,Overturning,Tata (207) Vehicle  OverTurned,Tata Ace,Minor injury,Vehicle out of control,Four lanes or more with central divider,Straight road,,Fine,AP27TT    1597,P.V,Non injured ,0
19.04.2014,2:35 AM,1357.8,LHS,Rural,Kodavaluru,Overturning,Tata (207) Vehicle  OverTurned,Tata Ace,Minor injury,Vehicle out of control,Four lanes or more with central divider,Straight road,,Fine,AP27TT    1597,P.V,Animals affected,0
19.04.2014,7:00 AM,1288.6,RHS,Rural,Ulavapadu,Collision Brush/Side Wipe, Car hit Median,Car,Non injury,Vehicle out of control,Four lanes or more with central divider,Sharp curve,,Fine,AP28AY   2494,P.V,Fatal,0
19.04.2014,7:00 AM,1288.6,RHS,Rural,Ulavapadu,Collision Brush/Side Wipe, Car hit Median,Car,Non injury,Vehicle out of control,Four lanes or more with central divider,Sharp curve,,Fine,AP28AY   2494,P.V,Grevious,0
19.04.2014,7:00 AM,1288.6,RHS,Rural,Ulavapadu,Collision Brush/Side Wipe, Car hit Median,Car,Non injury,Vehicle out of control,Four lanes or more with central divider,Sharp curve,,Fine,AP28AY   2494,P.V,Minor,0
19.04.2014,7:00 AM,1288.6,RHS,Rural,Ulavapadu,Collision Brush/Side Wipe, Car hit Median,Car,Non injury,Vehicle out of control,Four lanes or more with central divider,Sharp curve,,Fine,AP28AY   2494,P.V,Non injured ,2
19.04.2014,7:00 AM,1288.6,RHS,Rural,Ulavapadu,Collision Brush/Side Wipe, Car hit Median,Car,Non injury,Vehicle out of control,Four lanes or more with central divider,Sharp curve,,Fine,AP28AY   2494,P.V,Animals affected,0
19.04.2014,6:15 PM,1217.6,LHS,Rural,Reningavaram,Collision Brush/Side Wipe, Car hit C.C.Barrier,Car,Non injury,Over speed,Four lanes or more with central divider,Straight road,T-Junction,Fine,TN22BK    9696,P.V,Fatal,0
19.04.2014,6:15 PM,1217.6,LHS,Rural,Reningavaram,Collision Brush/Side Wipe, Car hit C.C.Barrier,Car,Non injury,Over speed,Four lanes or more with central divider,Straight road,T-Junction,Fine,TN22BK    9696,P.V,Grevious,0
19.04.2014,6:15 PM,1217.6,LHS,Rural,Reningavaram,Collision Brush/Side Wipe, Car hit C.C.Barrier,Car,Non injury,Over speed,Four lanes or more with central divider,Straight road,T-Junction,Fine,TN22BK    9696,P.V,Minor,0
19.04.2014,6:15 PM,1217.6,LHS,Rural,Reningavaram,Collision Brush/Side Wipe, Car hit C.C.Barrier,Car,Non injury,Over speed,Four lanes or more with central divider,Straight road,T-Junction,Fine,TN22BK    9696,P.V,Non injured ,2
19.04.2014,6:15 PM,1217.6,LHS,Rural,Reningavaram,Collision Brush/Side Wipe, Car hit C.C.Barrier,Car,Non injury,Over speed,Four lanes or more with central divider,Straight road,T-Junction,Fine,TN22BK    9696,P.V,Animals affected,0
20.04.2014,12:40 AM,1219.7,LHS,Rural,Medarametla,Rear End Collision, Trailer Lorry hit Lorry,Lorry,Grievious injury,Over speed,Four lanes or more with central divider,Straight road,,Fine,AP27TW   4057,P.V,Fatal,0
20.04.2014,12:40 AM,1219.7,LHS,Rural,Medarametla,Rear End Collision, Trailer Lorry hit Lorry,Lorry,Grievious injury,Over speed,Four lanes or more with central divider,Straight road,,Fine,AP27TW   4057,P.V,Grevious,1
20.04.2014,12:40 AM,1219.7,LHS,Rural,Medarametla,Rear End Collision, Trailer Lorry hit Lorry,Lorry,Grievious injury,Over speed,Four lanes or more with central divider,Straight road,,Fine,AP27TW   4057,P.V,Minor,0
20.04.2014,12:40 AM,1219.7,LHS,Rural,Medarametla,Rear End Collision, Trailer Lorry hit Lorry,Lorry,Grievious injury,Over speed,Four lanes or more with central divider,Straight road,,Fine,AP27TW   4057,P.V,Non injured ,2
20.04.2014,12:40 AM,1219.7,LHS,Rural,Medarametla,Rear End Collision, Trailer Lorry hit Lorry,Lorry,Grievious injury,Over speed,Four lanes or more with central divider,Straight road,,Fine,AP27TW   4057,P.V,Animals affected,0
20.04.2014,3:30 AM,1294.4,RHS,Rural,Ulavapadu,Rear End Collision,Car hit  Trailer Lorry ,Car,Non injury,Over speed,Four lanes or more with central divider,Straight road,,Fine,AP07X   6689,P.V,Fatal,0
20.04.2014,3:30 AM,1294.4,RHS,Rural,Ulavapadu,Rear End Collision,Car hit  Trailer Lorry ,Car,Non injury,Over speed,Four lanes or more with central divider,Straight road,,Fine,AP07X   6689,P.V,Grevious,0
20.04.2014,3:30 AM,1294.4,RHS,Rural,Ulavapadu,Rear End Collision,Car hit  Trailer Lorry ,Car,Non injury,Over speed,Four lanes or more with central divider,Straight road,,Fine,AP07X   6689,P.V,Minor,0
20.04.2014,3:30 AM,1294.4,RHS,Rural,Ulavapadu,Rear End Collision,Car hit  Trailer Lorry ,Car,Non injury,Over speed,Four lanes or more with central divider,Straight road,,Fine,AP07X   6689,P.V,Non injured ,9