Operational date,Time of Accident,KM && M,Position,Rural/Urban,Location,Nature of Accident Position,Nature of Accident,Vehicle Involved,Type of Accident,Causes,Road Feature,Road condition,Intersection Type And Control,Weather Condition,Vehicle Responsible,Help Provided by Ambulance/Patroling Vehicle,Classification of Accident,No of Affected Persons
20.04.2014,3:30 AM,1294.4,RHS,Rural,Ulavapadu,Rear End Collision,Car hit  Trailer Lorry ,Car,Non injury,Over speed,Four lanes or more with central divider,Straight road,,Fine,AP07X   6689,P.V,Animals affected,0
20.04.2014,8:47 AM,1277.2,LHS,Rural,Singarayakonda,Collision Brush/Side Wipe,Lorry hit      Pedestrian,Lorry,Grievious injury,Over speed,Four lanes or more with central divider,Straight road,,Fine,TN69AJ   4156,P.V,Fatal,0
20.04.2014,8:47 AM,1277.2,LHS,Rural,Singarayakonda,Collision Brush/Side Wipe,Lorry hit      Pedestrian,Lorry,Grievious injury,Over speed,Four lanes or more with central divider,Straight road,,Fine,TN69AJ   4156,P.V,Grevious,1
20.04.2014,8:47 AM,1277.2,LHS,Rural,Singarayakonda,Collision Brush/Side Wipe,Lorry hit      Pedestrian,Lorry,Grievious injury,Over speed,Four lanes or more with central divider,Straight road,,Fine,TN69AJ   4156,P.V,Minor,0
20.04.2014,8:47 AM,1277.2,LHS,Rural,Singarayakonda,Collision Brush/Side Wipe,Lorry hit      Pedestrian,Lorry,Grievious injury,Over speed,Four lanes or more with central divider,Straight road,,Fine,TN69AJ   4156,P.V,Non injured ,0
20.04.2014,8:47 AM,1277.2,LHS,Rural,Singarayakonda,Collision Brush/Side Wipe,Lorry hit      Pedestrian,Lorry,Grievious injury,Over speed,Four lanes or more with central divider,Straight road,,Fine,TN69AJ   4156,P.V,Animals affected,0
20.04.2014,7:10 PM,1355.2,LHS,Rural,Kodavaluru,Rear End Collision, Lorry hit Lorry,Lorry,Minor injury,Over speed,Four lanes or more with central divider,Straight road,,Fine,AP28TB 4239,P.V,Fatal,0
20.04.2014,7:10 PM,1355.2,LHS,Rural,Kodavaluru,Rear End Collision, Lorry hit Lorry,Lorry,Minor injury,Over speed,Four lanes or more with central divider,Straight road,,Fine,AP28TB 4239,P.V,Grevious,0
20.04.2014,7:10 PM,1355.2,LHS,Rural,Kodavaluru,Rear End Collision, Lorry hit Lorry,Lorry,Minor injury,Over speed,Four lanes or more with central divider,Straight road,,Fine,AP28TB 4239,P.V,Minor,1
20.04.2014,7:10 PM,1355.2,LHS,Rural,Kodavaluru,Rear End Collision, Lorry hit Lorry,Lorry,Minor injury,Over speed,Four lanes or more with central divider,Straight road,,Fine,AP28TB 4239,P.V,Non injured ,2
20.04.2014,7:10 PM,1355.2,LHS,Rural,Kodavaluru,Rear End Collision, Lorry hit Lorry,Lorry,Minor injury,Over speed,Four lanes or more with central divider,Straight road,,Fine,AP28TB 4239,P.V,Animals affected,0
21.04.2014,12:10 AM,1322.5,LHS,Rural,Kavali,Rear End Collision, Lorry hit Tipper,Lorry,Grievious injury,Fault of driver of motor vehicle/driver of other vehicle/cyclist/pedestrian/passenger,Four lanes or more with central divider,Straight road,,Fine,AP05TX      1208,P.V,Fatal,0
21.04.2014,12:10 AM,1322.5,LHS,Rural,Kavali,Rear End Collision, Lorry hit Tipper,Lorry,Grievious injury,Fault of driver of motor vehicle/driver of other vehicle/cyclist/pedestrian/passenger,Four lanes or more with central divider,Straight road,,Fine,AP05TX      1208,P.V,Grevious,1
21.04.2014,12:10 AM,1322.5,LHS,Rural,Kavali,Rear End Collision, Lorry hit Tipper,Lorry,Grievious injury,Fault of driver of motor vehicle/driver of other vehicle/cyclist/pedestrian/passenger,Four lanes or more with central divider,Straight road,,Fine,AP05TX      1208,P.V,Minor,0
21.04.2014,12:10 AM,1322.5,LHS,Rural,Kavali,Rear End Collision, Lorry hit Tipper,Lorry,Grievious injury,Fault of driver of motor vehicle/driver of other vehicle/cyclist/pedestrian/passenger,Four lanes or more with central divider,Straight road,,Fine,AP05TX      1208,P.V,Non injured ,1
21.04.2014,12:10 AM,1322.5,LHS,Rural,Kavali,Rear End Collision, Lorry hit Tipper,Lorry,Grievious injury,Fault of driver of motor vehicle/driver of other vehicle/cyclist/pedestrian/passenger,Four lanes or more with central divider,Straight road,,Fine,AP05TX      1208,P.V,Animals affected,0
21.04.2014,8:45 PM,1325.9,LHS,Rural,Kavali,Collision Brush/Side Wipe, Bike hit C.C.Barrier,Bike,Grievious injury,Druken,Four lanes or more with central divider,Straight road,,Fine,AP26AA   4847,P.V,Fatal,0
21.04.2014,8:45 PM,1325.9,LHS,Rural,Kavali,Collision Brush/Side Wipe, Bike hit C.C.Barrier,Bike,Grievious injury,Druken,Four lanes or more with central divider,Straight road,,Fine,AP26AA   4847,P.V,Grevious,1
21.04.2014,8:45 PM,1325.9,LHS,Rural,Kavali,Collision Brush/Side Wipe, Bike hit C.C.Barrier,Bike,Grievious injury,Druken,Four lanes or more with central divider,Straight road,,Fine,AP26AA   4847,P.V,Minor,0
21.04.2014,8:45 PM,1325.9,LHS,Rural,Kavali,Collision Brush/Side Wipe, Bike hit C.C.Barrier,Bike,Grievious injury,Druken,Four lanes or more with central divider,Straight road,,Fine,AP26AA   4847,P.V,Non injured ,0
21.04.2014,8:45 PM,1325.9,LHS,Rural,Kavali,Collision Brush/Side Wipe, Bike hit C.C.Barrier,Bike,Grievious injury,Druken,Four lanes or more with central divider,Straight road,,Fine,AP26AA   4847,P.V,Animals affected,0
22.04.2014,3:00 AM,1230.8,LHS,Rural,Maddipadu,Rear End Collision, RTC Bus hit Road side wall,Bus,Minor injury,Vehicle out of control,Four lanes or more with central divider,Straight road,,Fine,AP21Z    0026,P.V,Fatal,0
22.04.2014,3:00 AM,1230.8,LHS,Rural,Maddipadu,Rear End Collision, RTC Bus hit Road side wall,Bus,Minor injury,Vehicle out of control,Four lanes or more with central divider,Straight road,,Fine,AP21Z    0026,P.V,Grevious,0
22.04.2014,3:00 AM,1230.8,LHS,Rural,Maddipadu,Rear End Collision, RTC Bus hit Road side wall,Bus,Minor injury,Vehicle out of control,Four lanes or more with central divider,Straight road,,Fine,AP21Z    0026,P.V,Minor,2
22.04.2014,3:00 AM,1230.8,LHS,Rural,Maddipadu,Rear End Collision, RTC Bus hit Road side wall,Bus,Minor injury,Vehicle out of control,Four lanes or more with central divider,Straight road,,Fine,AP21Z    0026,P.V,Non injured ,15
22.04.2014,3:00 AM,1230.8,LHS,Rural,Maddipadu,Rear End Collision, RTC Bus hit Road side wall,Bus,Minor injury,Vehicle out of control,Four lanes or more with central divider,Straight road,,Fine,AP21Z    0026,P.V,Animals affected,0
22.04.2014,7:45 AM,1230.2,LHS,Rural,Maddipadu,Rear End Collision, Lorry hit Tipper,Lorry,Non injury,Fault of driver of motor vehicle/driver of other vehicle/cyclist/pedestrian/passenger,Four lanes or more with central divider,Straight road,,Fine,AP24TB  469,P.V,Fatal,0
22.04.2014,7:45 AM,1230.2,LHS,Rural,Maddipadu,Rear End Collision, Lorry hit Tipper,Lorry,Non injury,Fault of driver of motor vehicle/driver of other vehicle/cyclist/pedestrian/passenger,Four lanes or more with central divider,Straight road,,Fine,AP24TB  469,P.V,Grevious,0
22.04.2014,7:45 AM,1230.2,LHS,Rural,Maddipadu,Rear End Collision, Lorry hit Tipper,Lorry,Non injury,Fault of driver of motor vehicle/driver of other vehicle/cyclist/pedestrian/passenger,Four lanes or more with central divider,Straight road,,Fine,AP24TB  469,P.V,Minor,0
22.04.2014,7:45 AM,1230.2,LHS,Rural,Maddipadu,Rear End Collision, Lorry hit Tipper,Lorry,Non injury,Fault of driver of motor vehicle/driver of other vehicle/cyclist/pedestrian/passenger,Four lanes or more with central divider,Straight road,,Fine,AP24TB  469,P.V,Non injured ,2
22.04.2014,7:45 AM,1230.2,LHS,Rural,Maddipadu,Rear End Collision, Lorry hit Tipper,Lorry,Non injury,Fault of driver of motor vehicle/driver of other vehicle/cyclist/pedestrian/passenger,Four lanes or more with central divider,Straight road,,Fine,AP24TB  469,P.V,Animals affected,0
22.04.2014,8:50 PM,1250.6,LHS,Rural,Ongole,Collision Brush/Side Wipe, Lorry hit Bike,Lorry,Non injury,Defect in mechanical condition of motor vehicle/road condition,Four lanes or more with central divider,Straight road,,Fine,AP29TA  8679,P.V,Fatal,0
22.04.2014,8:50 PM,1250.6,LHS,Rural,Ongole,Collision Brush/Side Wipe, Lorry hit Bike,Lorry,Non injury,Defect in mechanical condition of motor vehicle/road condition,Four lanes or more with central divider,Straight road,,Fine,AP29TA  8679,P.V,Grevious,0
22.04.2014,8:50 PM,1250.6,LHS,Rural,Ongole,Collision Brush/Side Wipe, Lorry hit Bike,Lorry,Non injury,Defect in mechanical condition of motor vehicle/road condition,Four lanes or more with central divider,Straight road,,Fine,AP29TA  8679,P.V,Minor,0
22.04.2014,8:50 PM,1250.6,LHS,Rural,Ongole,Collision Brush/Side Wipe, Lorry hit Bike,Lorry,Non injury,Defect in mechanical condition of motor vehicle/road condition,Four lanes or more with central divider,Straight road,,Fine,AP29TA  8679,P.V,Non injured ,4
22.04.2014,8:50 PM,1250.6,LHS,Rural,Ongole,Collision Brush/Side Wipe, Lorry hit Bike,Lorry,Non injury,Defect in mechanical condition of motor vehicle/road condition,Four lanes or more with central divider,Straight road,,Fine,AP29TA  8679,P.V,Animals affected,0
23.04.2014,3:00 AM,1293.1,RHS,Rural,Ulavapadu,Overturning, Car  OverTurned,Car,Non injury,Fault of driver of motor vehicle/driver of other vehicle/cyclist/pedestrian/passenger,Four lanes or more with central divider,Straight road,,Fine,AP03TB     7119,P.V,Fatal,0
23.04.2014,3:00 AM,1293.1,RHS,Rural,Ulavapadu,Overturning, Car  OverTurned,Car,Non injury,Fault of driver of motor vehicle/driver of other vehicle/cyclist/pedestrian/passenger,Four lanes or more with central divider,Straight road,,Fine,AP03TB     7119,P.V,Grevious,0
23.04.2014,3:00 AM,1293.1,RHS,Rural,Ulavapadu,Overturning, Car  OverTurned,Car,Non injury,Fault of driver of motor vehicle/driver of other vehicle/cyclist/pedestrian/passenger,Four lanes or more with central divider,Straight road,,Fine,AP03TB     7119,P.V,Minor,0
23.04.2014,3:00 AM,1293.1,RHS,Rural,Ulavapadu,Overturning, Car  OverTurned,Car,Non injury,Fault of driver of motor vehicle/driver of other vehicle/cyclist/pedestrian/passenger,Four lanes or more with central divider,Straight road,,Fine,AP03TB     7119,P.V,Non injured ,1
23.04.2014,3:00 AM,1293.1,RHS,Rural,Ulavapadu,Overturning, Car  OverTurned,Car,Non injury,Fault of driver of motor vehicle/driver of other vehicle/cyclist/pedestrian/passenger,Four lanes or more with central divider,Straight road,,Fine,AP03TB     7119,P.V,Animals affected,0
23.04.2014,4:30 AM,1236.5,LHS,Rural,Maddipadu,Rear End Collision, Lorry hit to Unknown Vehicle,Lorry,Non injury,Fault of driver of motor vehicle/driver of other vehicle/cyclist/pedestrian/passenger,Four lanes or more with central divider,Straight road,,Fine,AP22Y   9939,P.V,Fatal,0
23.04.2014,4:30 AM,1236.5,LHS,Rural,Maddipadu,Rear End Collision, Lorry hit to Unknown Vehicle,Lorry,Non injury,Fault of driver of motor vehicle/driver of other vehicle/cyclist/pedestrian/passenger,Four lanes or more with central divider,Straight road,,Fine,AP22Y   9939,P.V,Grevious,0
23.04.2014,4:30 AM,1236.5,LHS,Rural,Maddipadu,Rear End Collision, Lorry hit to Unknown Vehicle,Lorry,Non injury,Fault of driver of motor vehicle/driver of other vehicle/cyclist/pedestrian/passenger,Four lanes or more with central divider,Straight road,,Fine,AP22Y   9939,P.V,Minor,0
23.04.2014,4:30 AM,1236.5,LHS,Rural,Maddipadu,Rear End Collision, Lorry hit to Unknown Vehicle,Lorry,Non injury,Fault of driver of motor vehicle/driver of other vehicle/cyclist/pedestrian/passenger,Four lanes or more with central divider,Straight road,,Fine,AP22Y   9939,P.V,Non injured ,1
23.04.2014,4:30 AM,1236.5,LHS,Rural,Maddipadu,Rear End Collision, Lorry hit to Unknown Vehicle,Lorry,Non injury,Fault of driver of motor vehicle/driver of other vehicle/cyclist/pedestrian/passenger,Four lanes or more with central divider,Straight road,,Fine,AP22Y   9939,P.V,Animals affected,0
24.04.2014,4:30 AM,1266.6,LHS,Rural,Tangutur,Collision Brush/Side Wipe, Lorry hit Median,Lorry,Non injury,Over speed,Four lanes or more with central divider,Straight road,,Fine,MH04GC    7990,P.V,Fatal,0
24.04.2014,4:30 AM,1266.6,LHS,Rural,Tangutur,Collision Brush/Side Wipe, Lorry hit Median,Lorry,Non injury,Over speed,Four lanes or more with central divider,Straight road,,Fine,MH04GC    7990,P.V,Grevious,0
24.04.2014,4:30 AM,1266.6,LHS,Rural,Tangutur,Collision Brush/Side Wipe, Lorry hit Median,Lorry,Non injury,Over speed,Four lanes or more with central divider,Straight road,,Fine,MH04GC    7990,P.V,Minor,0
24.04.2014,4:30 AM,1266.6,LHS,Rural,Tangutur,Collision Brush/Side Wipe, Lorry hit Median,Lorry,Non injury,Over speed,Four lanes or more with central divider,Straight road,,Fine,MH04GC    7990,P.V,Non injured ,2
24.04.2014,4:30 AM,1266.6,LHS,Rural,Tangutur,Collision Brush/Side Wipe, Lorry hit Median,Lorry,Non injury,Over speed,Four lanes or more with central divider,Straight road,,Fine,MH04GC    7990,P.V,Animals affected,0
24.04.2014,5:20 AM,1360.5,RHS,Rural,Kovuru,Rear End Collision, Lorry hit to Unknown Vehicle,Lorry,Minor injury,Over speed,Four lanes or more with central divider,Straight road,,Fine,AP29TB   8024,P.V,Fatal,0
24.04.2014,5:20 AM,1360.5,RHS,Rural,Kovuru,Rear End Collision, Lorry hit to Unknown Vehicle,Lorry,Minor injury,Over speed,Four lanes or more with central divider,Straight road,,Fine,AP29TB   8024,P.V,Grevious,0
24.04.2014,5:20 AM,1360.5,RHS,Rural,Kovuru,Rear End Collision, Lorry hit to Unknown Vehicle,Lorry,Minor injury,Over speed,Four lanes or more with central divider,Straight road,,Fine,AP29TB   8024,P.V,Minor,1
24.04.2014,5:20 AM,1360.5,RHS,Rural,Kovuru,Rear End Collision, Lorry hit to Unknown Vehicle,Lorry,Minor injury,Over speed,Four lanes or more with central divider,Straight road,,Fine,AP29TB   8024,P.V,Non injured ,0
24.04.2014,5:20 AM,1360.5,RHS,Rural,Kovuru,Rear End Collision, Lorry hit to Unknown Vehicle,Lorry,Minor injury,Over speed,Four lanes or more with central divider,Straight road,,Fine,AP29TB   8024,P.V,Animals affected,0
24.04.2014,8:20 AM,1241.1,RHS,Rural,Ongole,Overturning, Ape Auto  OverTurned,Auto,Grievious injury,Over speed,Four lanes or more with central divider,Straight road,,Fine,APTW   3675   ,P.V,Fatal,0
24.04.2014,8:20 AM,1241.1,RHS,Rural,Ongole,Overturning, Ape Auto  OverTurned,Auto,Grievious injury,Over speed,Four lanes or more with central divider,Straight road,,Fine,APTW   3675   ,P.V,Grevious,2
24.04.2014,8:20 AM,1241.1,RHS,Rural,Ongole,Overturning, Ape Auto  OverTurned,Auto,Grievious injury,Over speed,Four lanes or more with central divider,Straight road,,Fine,APTW   3675   ,P.V,Minor,3
24.04.2014,8:20 AM,1241.1,RHS,Rural,Ongole,Overturning, Ape Auto  OverTurned,Auto,Grievious injury,Over speed,Four lanes or more with central divider,Straight road,,Fine,APTW   3675   ,P.V,Non injured ,5
24.04.2014,8:20 AM,1241.1,RHS,Rural,Ongole,Overturning, Ape Auto  OverTurned,Auto,Grievious injury,Over speed,Four lanes or more with central divider,Straight road,,Fine,APTW   3675   ,P.V,Animals affected,1
24.04.2014,9:50 PM,1247.9,LHS,Rural,Ongole,Rear End Collision, Unknown Vehicle hit Buffalo and Bike,Unknown,Minor injury,Over speed,Four lanes or more with central divider,Straight road,,Fine,Unknown Vehicle ,P.V,Fatal,0
24.04.2014,9:50 PM,1247.9,LHS,Rural,Ongole,Rear End Collision, Unknown Vehicle hit Buffalo and Bike,Unknown,Minor injury,Over speed,Four lanes or more with central divider,Straight road,,Fine,Unknown Vehicle ,P.V,Grevious,0
24.04.2014,9:50 PM,1247.9,LHS,Rural,Ongole,Rear End Collision, Unknown Vehicle hit Buffalo and Bike,Unknown,Minor injury,Over speed,Four lanes or more with central divider,Straight road,,Fine,Unknown Vehicle ,P.V,Minor,1
24.04.2014,9:50 PM,1247.9,LHS,Rural,Ongole,Rear End Collision, Unknown Vehicle hit Buffalo and Bike,Unknown,Minor injury,Over speed,Four lanes or more with central divider,Straight road,,Fine,Unknown Vehicle ,P.V,Non injured ,0
24.04.2014,9:50 PM,1247.9,LHS,Rural,Ongole,Rear End Collision, Unknown Vehicle hit Buffalo and Bike,Unknown,Minor injury,Over speed,Four lanes or more with central divider,Straight road,,Fine,Unknown Vehicle ,P.V,Animals affected,1
25.04.2014,3:00 AM,1279.8,LHS,Rural,Singarayakonda,Overturning, Car hit  Median,Car,Non injury,Over speed,Four lanes or more with central divider,Straight road,,Fine,AP7AE   8055 ,P.V,Fatal,0
25.04.2014,3:00 AM,1279.8,LHS,Rural,Singarayakonda,Overturning, Car hit  Median,Car,Non injury,Over speed,Four lanes or more with central divider,Straight road,,Fine,AP7AE   8055 ,P.V,Grevious,0
25.04.2014,3:00 AM,1279.8,LHS,Rural,Singarayakonda,Overturning, Car hit  Median,Car,Non injury,Over speed,Four lanes or more with central divider,Straight road,,Fine,AP7AE   8055 ,P.V,Minor,0
25.04.2014,3:00 AM,1279.8,LHS,Rural,Singarayakonda,Overturning, Car hit  Median,Car,Non injury,Over speed,Four lanes or more with central divider,Straight road,,Fine,AP7AE   8055 ,P.V,Non injured ,4
25.04.2014,3:00 AM,1279.8,LHS,Rural,Singarayakonda,Overturning, Car hit  Median,Car,Non injury,Over speed,Four lanes or more with central divider,Straight road,,Fine,AP7AE   8055 ,P.V,Animals affected,0
27.04.2014,6:35 PM,1214.4,LHS,Rural,Medarametla,Collision Brush/Side Wipe, Car hit Buffalo ,Car,Non injury,Over speed,Four lanes or more with central divider,Slight curve,,Fine,AP04B     5388,P.V,Fatal,0
27.04.2014,6:35 PM,1214.4,LHS,Rural,Medarametla,Collision Brush/Side Wipe, Car hit Buffalo ,Car,Non injury,Over speed,Four lanes or more with central divider,Slight curve,,Fine,AP04B     5388,P.V,Grevious,0
27.04.2014,6:35 PM,1214.4,LHS,Rural,Medarametla,Collision Brush/Side Wipe, Car hit Buffalo ,Car,Non injury,Over speed,Four lanes or more with central divider,Slight curve,,Fine,AP04B     5388,P.V,Minor,0
27.04.2014,6:35 PM,1214.4,LHS,Rural,Medarametla,Collision Brush/Side Wipe, Car hit Buffalo ,Car,Non injury,Over speed,Four lanes or more with central divider,Slight curve,,Fine,AP04B     5388,P.V,Non injured ,2
27.04.2014,6:35 PM,1214.4,LHS,Rural,Medarametla,Collision Brush/Side Wipe, Car hit Buffalo ,Car,Non injury,Over speed,Four lanes or more with central divider,Slight curve,,Fine,AP04B     5388,P.V,Animals affected,1
27.04.2014,10:40 PM,1255.7,RHS,Rural,Tangutur,Collision Brush/Side Wipe, Bike hit Median,Bike,Grievious injury,Over speed,Four lanes or more with central divider,Straight road,,Fine,AP07AM    3585,P.V&AMB,Fatal,0
27.04.2014,10:40 PM,1255.7,RHS,Rural,Tangutur,Collision Brush/Side Wipe, Bike hit Median,Bike,Grievious injury,Over speed,Four lanes or more with central divider,Straight road,,Fine,AP07AM    3585,P.V&AMB,Grevious,1
27.04.2014,10:40 PM,1255.7,RHS,Rural,Tangutur,Collision Brush/Side Wipe, Bike hit Median,Bike,Grievious injury,Over speed,Four lanes or more with central divider,Straight road,,Fine,AP07AM    3585,P.V&AMB,Minor,0
27.04.2014,10:40 PM,1255.7,RHS,Rural,Tangutur,Collision Brush/Side Wipe, Bike hit Median,Bike,Grievious injury,Over speed,Four lanes or more with central divider,Straight road,,Fine,AP07AM    3585,P.V&AMB,Non injured ,1
27.04.2014,10:40 PM,1255.7,RHS,Rural,Tangutur,Collision Brush/Side Wipe, Bike hit Median,Bike,Grievious injury,Over speed,Four lanes or more with central divider,Straight road,,Fine,AP07AM    3585,P.V&AMB,Animals affected,0
27.04.2014,11:15 PM,1241.5,RHS,Rural,Ongole,Overturning, Lorry  OverTurned,Lorry,Minor injury,Over speed,Four lanes or more with central divider,Straight road,,Fine,AP21W    2906,P.V,Fatal,0
27.04.2014,11:15 PM,1241.5,RHS,Rural,Ongole,Overturning, Lorry  OverTurned,Lorry,Minor injury,Over speed,Four lanes or more with central divider,Straight road,,Fine,AP21W    2906,P.V,Grevious,0
27.04.2014,11:15 PM,1241.5,RHS,Rural,Ongole,Overturning, Lorry  OverTurned,Lorry,Minor injury,Over speed,Four lanes or more with central divider,Straight road,,Fine,AP21W    2906,P.V,Minor,1
27.04.2014,11:15 PM,1241.5,RHS,Rural,Ongole,Overturning, Lorry  OverTurned,Lorry,Minor injury,Over speed,Four lanes or more with central divider,Straight road,,Fine,AP21W    2906,P.V,Non injured ,1
27.04.2014,11:15 PM,1241.5,RHS,Rural,Ongole,Overturning, Lorry  OverTurned,Lorry,Minor injury,Over speed,Four lanes or more with central divider,Straight road,,Fine,AP21W    2906,P.V,Animals affected,0
28.04.2014,10:30 AM,1243.4,RHS,Rural,Ongole,Collision Brush/Side Wipe, Car hit Bike ,Car,Grievious injury,Over speed,Four lanes or more with central divider,Straight road,,Fine,AP26AV     0789    ,P.V,Fatal,0
28.04.2014,10:30 AM,1243.4,RHS,Rural,Ongole,Collision Brush/Side Wipe, Car hit Bike ,Car,Grievious injury,Over speed,Four lanes or more with central divider,Straight road,,Fine,AP26AV     0789    ,P.V,Grevious,1
28.04.2014,10:30 AM,1243.4,RHS,Rural,Ongole,Collision Brush/Side Wipe, Car hit Bike ,Car,Grievious injury,Over speed,Four lanes or more with central divider,Straight road,,Fine,AP26AV     0789    ,P.V,Minor,0
28.04.2014,10:30 AM,1243.4,RHS,Rural,Ongole,Collision Brush/Side Wipe, Car hit Bike ,Car,Grievious injury,Over speed,Four lanes or more with central divider,Straight road,,Fine,AP26AV     0789    ,P.V,Non injured ,2
28.04.2014,10:30 AM,1243.4,RHS,Rural,Ongole,Collision Brush/Side Wipe, Car hit Bike ,Car,Grievious injury,Over speed,Four lanes or more with central divider,Straight road,,Fine,AP26AV     0789    ,P.V,Animals affected,0
28.04.2014,4:03 PM,1273.1,LHS,Rural,Singarayakonda,Head on collision, Car hit Bike ,Car,Grievious injury,Over speed,Four lanes or more with central divider,Straight road,,Fine,AP03BD    1315,P.V&AMB,Fatal,0
28.04.2014,4:03 PM,1273.1,LHS,Rural,Singarayakonda,Head on collision, Car hit Bike ,Car,Grievious injury,Over speed,Four lanes or more with central divider,Straight road,,Fine,AP03BD    1315,P.V&AMB,Grevious,2
28.04.2014,4:03 PM,1273.1,LHS,Rural,Singarayakonda,Head on collision, Car hit Bike ,Car,Grievious injury,Over speed,Four lanes or more with central divider,Straight road,,Fine,AP03BD    1315,P.V&AMB,Minor,1
28.04.2014,4:03 PM,1273.1,LHS,Rural,Singarayakonda,Head on collision, Car hit Bike ,Car,Grievious injury,Over speed,Four lanes or more with central divider,Straight road,,Fine,AP03BD    1315,P.V&AMB,Non injured ,1
28.04.2014,4:03 PM,1273.1,LHS,Rural,Singarayakonda,Head on collision, Car hit Bike ,Car,Grievious injury,Over speed,Four lanes or more with central divider,Straight road,,Fine,AP03BD    1315,P.V&AMB,Animals affected,0
28.04.2014,10:05 PM,1334.5,LHS,Rural,K.Tippa ,Rear End Collision, Lorry hit to Unknown Vehicle,Lorry,Non injury,Over speed,Four lanes or more with central divider,Straight road,,Fine,AP27Y   7569,P.V,Fatal,0
28.04.2014,10:05 PM,1334.5,LHS,Rural,K.Tippa ,Rear End Collision, Lorry hit to Unknown Vehicle,Lorry,Non injury,Over speed,Four lanes or more with central divider,Straight road,,Fine,AP27Y   7569,P.V,Grevious,0
28.04.2014,10:05 PM,1334.5,LHS,Rural,K.Tippa ,Rear End Collision, Lorry hit to Unknown Vehicle,Lorry,Non injury,Over speed,Four lanes or more with central divider,Straight road,,Fine,AP27Y   7569,P.V,Minor,0
28.04.2014,10:05 PM,1334.5,LHS,Rural,K.Tippa ,Rear End Collision, Lorry hit to Unknown Vehicle,Lorry,Non injury,Over speed,Four lanes or more with central divider,Straight road,,Fine,AP27Y   7569,P.V,Non injured ,2
28.04.2014,10:05 PM,1334.5,LHS,Rural,K.Tippa ,Rear End Collision, Lorry hit to Unknown Vehicle,Lorry,Non injury,Over speed,Four lanes or more with central divider,Straight road,,Fine,AP27Y   7569,P.V,Animals affected,0
29.04.2014,2:00 PM,1317.5,RHS,Rural,Kavali,Rear End Collision, Lorry hit Harvester,Lorry,Non injury,Over speed,Four lanes or more with central divider,Straight road,,Fine,KA01B  7210,P.V,Fatal,0
29.04.2014,2:00 PM,1317.5,RHS,Rural,Kavali,Rear End Collision, Lorry hit Harvester,Lorry,Non injury,Over speed,Four lanes or more with central divider,Straight road,,Fine,KA01B  7210,P.V,Grevious,0
29.04.2014,2:00 PM,1317.5,RHS,Rural,Kavali,Rear End Collision, Lorry hit Harvester,Lorry,Non injury,Over speed,Four lanes or more with central divider,Straight road,,Fine,KA01B  7210,P.V,Minor,0
29.04.2014,2:00 PM,1317.5,RHS,Rural,Kavali,Rear End Collision, Lorry hit Harvester,Lorry,Non injury,Over speed,Four lanes or more with central divider,Straight road,,Fine,KA01B  7210,P.V,Non injured ,2
29.04.2014,2:00 PM,1317.5,RHS,Rural,Kavali,Rear End Collision, Lorry hit Harvester,Lorry,Non injury,Over speed,Four lanes or more with central divider,Straight road,,Fine,KA01B  7210,P.V,Animals affected,0
02.05.2014,2:10 AM,1344.4,RHS,Rural,Dagadarthi,Skidding, Bike Skidding,Bike,Grievious injury,Druken,Four lanes or more with central divider,Straight road,,Fine,AP26AN     1927,P.V&AMB,Fatal,0
02.05.2014,2:10 AM,1344.4,RHS,Rural,Dagadarthi,Skidding, Bike Skidding,Bike,Grievious injury,Druken,Four lanes or more with central divider,Straight road,,Fine,AP26AN     1927,P.V&AMB,Grevious,1
02.05.2014,2:10 AM,1344.4,RHS,Rural,Dagadarthi,Skidding, Bike Skidding,Bike,Grievious injury,Druken,Four lanes or more with central divider,Straight road,,Fine,AP26AN     1927,P.V&AMB,Minor,1
02.05.2014,2:10 AM,1344.4,RHS,Rural,Dagadarthi,Skidding, Bike Skidding,Bike,Grievious injury,Druken,Four lanes or more with central divider,Straight road,,Fine,AP26AN     1927,P.V&AMB,Non injured ,0
02.05.2014,2:10 AM,1344.4,RHS,Rural,Dagadarthi,Skidding, Bike Skidding,Bike,Grievious injury,Druken,Four lanes or more with central divider,Straight road,,Fine,AP26AN     1927,P.V&AMB,Animals affected,0
02.05.2014,8:52 AM,1248.4,LHS,Rural,Ongole,Head on collision, Car hit Bike,Car,Minor injury,Fault of driver of motor vehicle/driver of other vehicle/cyclist/pedestrian/passenger,Four lanes or more with central divider,Straight road,,Fine,F/R,P.V,Fatal,0
02.05.2014,8:52 AM,1248.4,LHS,Rural,Ongole,Head on collision, Car hit Bike,Car,Minor injury,Fault of driver of motor vehicle/driver of other vehicle/cyclist/pedestrian/passenger,Four lanes or more with central divider,Straight road,,Fine,F/R,P.V,Grevious,0
02.05.2014,8:52 AM,1248.4,LHS,Rural,Ongole,Head on collision, Car hit Bike,Car,Minor injury,Fault of driver of motor vehicle/driver of other vehicle/cyclist/pedestrian/passenger,Four lanes or more with central divider,Straight road,,Fine,F/R,P.V,Minor,3
02.05.2014,8:52 AM,1248.4,LHS,Rural,Ongole,Head on collision, Car hit Bike,Car,Minor injury,Fault of driver of motor vehicle/driver of other vehicle/cyclist/pedestrian/passenger,Four lanes or more with central divider,Straight road,,Fine,F/R,P.V,Non injured ,2
02.05.2014,8:52 AM,1248.4,LHS,Rural,Ongole,Head on collision, Car hit Bike,Car,Minor injury,Fault of driver of motor vehicle/driver of other vehicle/cyclist/pedestrian/passenger,Four lanes or more with central divider,Straight road,,Fine,F/R,P.V,Animals affected,0
02.05.2014,4:22 PM,1291.6,RHS,Rural,Ulavapadu,Collision Brush/Side Wipe, APSRTC Bus hit Bike,Bus,Fatal,Over speed,Four lanes or more with central divider,Straight road,T-Junction,Fine,AP03Z      5140,P.V,Fatal,1