Operational date,Time of Accident,KM && M,Position,Rural/Urban,Location,Nature of Accident Position,Nature of Accident,Vehicle Involved,Type of Accident,Causes,Road Feature,Road condition,Intersection Type And Control,Weather Condition,Vehicle Responsible,Help Provided by Ambulance/Patroling Vehicle,Classification of Accident,No of Affected Persons
02.05.2014,4:22 PM,1291.6,RHS,Rural,Ulavapadu,Collision Brush/Side Wipe, APSRTC Bus hit Bike,Bus,Fatal,Over speed,Four lanes or more with central divider,Straight road,T-Junction,Fine,AP03Z      5140,P.V,Grevious,0
02.05.2014,4:22 PM,1291.6,RHS,Rural,Ulavapadu,Collision Brush/Side Wipe, APSRTC Bus hit Bike,Bus,Fatal,Over speed,Four lanes or more with central divider,Straight road,T-Junction,Fine,AP03Z      5140,P.V,Minor,0
02.05.2014,4:22 PM,1291.6,RHS,Rural,Ulavapadu,Collision Brush/Side Wipe, APSRTC Bus hit Bike,Bus,Fatal,Over speed,Four lanes or more with central divider,Straight road,T-Junction,Fine,AP03Z      5140,P.V,Non injured ,0
02.05.2014,4:22 PM,1291.6,RHS,Rural,Ulavapadu,Collision Brush/Side Wipe, APSRTC Bus hit Bike,Bus,Fatal,Over speed,Four lanes or more with central divider,Straight road,T-Junction,Fine,AP03Z      5140,P.V,Animals affected,0
02.05.2014,11:47 AM,1253.4,LHS,Rural,Ongole,Overturning, Car  OverTurned,Car,Non injury,Vehicle out of control,Four lanes or more with central divider,Straight road,,Fine,KA03ML   4456,P.V,Fatal,0
02.05.2014,11:47 AM,1253.4,LHS,Rural,Ongole,Overturning, Car  OverTurned,Car,Non injury,Vehicle out of control,Four lanes or more with central divider,Straight road,,Fine,KA03ML   4456,P.V,Grevious,0
02.05.2014,11:47 AM,1253.4,LHS,Rural,Ongole,Overturning, Car  OverTurned,Car,Non injury,Vehicle out of control,Four lanes or more with central divider,Straight road,,Fine,KA03ML   4456,P.V,Minor,0
02.05.2014,11:47 AM,1253.4,LHS,Rural,Ongole,Overturning, Car  OverTurned,Car,Non injury,Vehicle out of control,Four lanes or more with central divider,Straight road,,Fine,KA03ML   4456,P.V,Non injured ,4
02.05.2014,11:47 AM,1253.4,LHS,Rural,Ongole,Overturning, Car  OverTurned,Car,Non injury,Vehicle out of control,Four lanes or more with central divider,Straight road,,Fine,KA03ML   4456,P.V,Animals affected,0
03.05.2014,12:22 AM,1207.9,RHS,Rural,Reningavaram,Collision Brush/Side Wipe, Bike hit C.C.Barrier,Bike,Minor injury,Druken,Four lanes or more with central divider,Straight road,,Fine,AP03M    0016,P.V&AMB,Fatal,0
03.05.2014,12:22 AM,1207.9,RHS,Rural,Reningavaram,Collision Brush/Side Wipe, Bike hit C.C.Barrier,Bike,Minor injury,Druken,Four lanes or more with central divider,Straight road,,Fine,AP03M    0016,P.V&AMB,Grevious,0
03.05.2014,12:22 AM,1207.9,RHS,Rural,Reningavaram,Collision Brush/Side Wipe, Bike hit C.C.Barrier,Bike,Minor injury,Druken,Four lanes or more with central divider,Straight road,,Fine,AP03M    0016,P.V&AMB,Minor,1
03.05.2014,12:22 AM,1207.9,RHS,Rural,Reningavaram,Collision Brush/Side Wipe, Bike hit C.C.Barrier,Bike,Minor injury,Druken,Four lanes or more with central divider,Straight road,,Fine,AP03M    0016,P.V&AMB,Non injured ,0
03.05.2014,12:22 AM,1207.9,RHS,Rural,Reningavaram,Collision Brush/Side Wipe, Bike hit C.C.Barrier,Bike,Minor injury,Druken,Four lanes or more with central divider,Straight road,,Fine,AP03M    0016,P.V&AMB,Animals affected,0
03.05.2014,2:00 AM,1323.5,LHS,Rural,Kavali,Overturning, Car  OverTurned,Car,Minor injury,Over speed,Four lanes or more with central divider,Straight road,,Fine,AP26X   6579,P.V&AMB,Fatal,0
03.05.2014,2:00 AM,1323.5,LHS,Rural,Kavali,Overturning, Car  OverTurned,Car,Minor injury,Over speed,Four lanes or more with central divider,Straight road,,Fine,AP26X   6579,P.V&AMB,Grevious,0
03.05.2014,2:00 AM,1323.5,LHS,Rural,Kavali,Overturning, Car  OverTurned,Car,Minor injury,Over speed,Four lanes or more with central divider,Straight road,,Fine,AP26X   6579,P.V&AMB,Minor,3
03.05.2014,2:00 AM,1323.5,LHS,Rural,Kavali,Overturning, Car  OverTurned,Car,Minor injury,Over speed,Four lanes or more with central divider,Straight road,,Fine,AP26X   6579,P.V&AMB,Non injured ,6
03.05.2014,2:00 AM,1323.5,LHS,Rural,Kavali,Overturning, Car  OverTurned,Car,Minor injury,Over speed,Four lanes or more with central divider,Straight road,,Fine,AP26X   6579,P.V&AMB,Animals affected,0
04.05.2014,2:25 AM,1269.6,LHS,Rural,Tangutur,Collision Brush/Side Wipe, Trailer hit C.C.Barrier,Lorry,Non injury,Druken,Four lanes or more with central divider,Slight curve,,Fine,TN01X    9929,P.V,Fatal,0
04.05.2014,2:25 AM,1269.6,LHS,Rural,Tangutur,Collision Brush/Side Wipe, Trailer hit C.C.Barrier,Lorry,Non injury,Druken,Four lanes or more with central divider,Slight curve,,Fine,TN01X    9929,P.V,Grevious,0
04.05.2014,2:25 AM,1269.6,LHS,Rural,Tangutur,Collision Brush/Side Wipe, Trailer hit C.C.Barrier,Lorry,Non injury,Druken,Four lanes or more with central divider,Slight curve,,Fine,TN01X    9929,P.V,Minor,0
04.05.2014,2:25 AM,1269.6,LHS,Rural,Tangutur,Collision Brush/Side Wipe, Trailer hit C.C.Barrier,Lorry,Non injury,Druken,Four lanes or more with central divider,Slight curve,,Fine,TN01X    9929,P.V,Non injured ,2
04.05.2014,2:25 AM,1269.6,LHS,Rural,Tangutur,Collision Brush/Side Wipe, Trailer hit C.C.Barrier,Lorry,Non injury,Druken,Four lanes or more with central divider,Slight curve,,Fine,TN01X    9929,P.V,Animals affected,0
04.05.2014,6:00 AM,1333.3,LHS,Rural,K.Tippa ,Rear End Collision, Lorry hit Lorry,Lorry,Non injury,Over speed,Four lanes or more with central divider,Straight road,,Fine,AP31TT   0144,P.V,Fatal,0
04.05.2014,6:00 AM,1333.3,LHS,Rural,K.Tippa ,Rear End Collision, Lorry hit Lorry,Lorry,Non injury,Over speed,Four lanes or more with central divider,Straight road,,Fine,AP31TT   0144,P.V,Grevious,0
04.05.2014,6:00 AM,1333.3,LHS,Rural,K.Tippa ,Rear End Collision, Lorry hit Lorry,Lorry,Non injury,Over speed,Four lanes or more with central divider,Straight road,,Fine,AP31TT   0144,P.V,Minor,0
04.05.2014,6:00 AM,1333.3,LHS,Rural,K.Tippa ,Rear End Collision, Lorry hit Lorry,Lorry,Non injury,Over speed,Four lanes or more with central divider,Straight road,,Fine,AP31TT   0144,P.V,Non injured ,4
04.05.2014,6:00 AM,1333.3,LHS,Rural,K.Tippa ,Rear End Collision, Lorry hit Lorry,Lorry,Non injury,Over speed,Four lanes or more with central divider,Straight road,,Fine,AP31TT   0144,P.V,Animals affected,0
05.05.2014,12:40 AM,1344.4,RHS,Rural,Dagadarthi,Overturning, Container Vehicle  OverTurned,Container,Minor injury,Druken,Four lanes or more with central divider,Straight road,,Fine,TN04AF      7269,P.V,Fatal,0
05.05.2014,12:40 AM,1344.4,RHS,Rural,Dagadarthi,Overturning, Container Vehicle  OverTurned,Container,Minor injury,Druken,Four lanes or more with central divider,Straight road,,Fine,TN04AF      7269,P.V,Grevious,0
05.05.2014,12:40 AM,1344.4,RHS,Rural,Dagadarthi,Overturning, Container Vehicle  OverTurned,Container,Minor injury,Druken,Four lanes or more with central divider,Straight road,,Fine,TN04AF      7269,P.V,Minor,1
05.05.2014,12:40 AM,1344.4,RHS,Rural,Dagadarthi,Overturning, Container Vehicle  OverTurned,Container,Minor injury,Druken,Four lanes or more with central divider,Straight road,,Fine,TN04AF      7269,P.V,Non injured ,0
05.05.2014,12:40 AM,1344.4,RHS,Rural,Dagadarthi,Overturning, Container Vehicle  OverTurned,Container,Minor injury,Druken,Four lanes or more with central divider,Straight road,,Fine,TN04AF      7269,P.V,Animals affected,0
05.05.2014,7:45 AM,1217.8,LHS,Rural,Medarametla,Collision Brush/Side Wipe, Mini Lorry hit C.C.Barrier,Lorry,Non injury,Fault of driver of motor vehicle/driver of other vehicle/cyclist/pedestrian/passenger,Four lanes or more with central divider,Straight road,,Fine,KL10 AN   906,P.V,Fatal,0
05.05.2014,7:45 AM,1217.8,LHS,Rural,Medarametla,Collision Brush/Side Wipe, Mini Lorry hit C.C.Barrier,Lorry,Non injury,Fault of driver of motor vehicle/driver of other vehicle/cyclist/pedestrian/passenger,Four lanes or more with central divider,Straight road,,Fine,KL10 AN   906,P.V,Grevious,0
05.05.2014,7:45 AM,1217.8,LHS,Rural,Medarametla,Collision Brush/Side Wipe, Mini Lorry hit C.C.Barrier,Lorry,Non injury,Fault of driver of motor vehicle/driver of other vehicle/cyclist/pedestrian/passenger,Four lanes or more with central divider,Straight road,,Fine,KL10 AN   906,P.V,Minor,0
05.05.2014,7:45 AM,1217.8,LHS,Rural,Medarametla,Collision Brush/Side Wipe, Mini Lorry hit C.C.Barrier,Lorry,Non injury,Fault of driver of motor vehicle/driver of other vehicle/cyclist/pedestrian/passenger,Four lanes or more with central divider,Straight road,,Fine,KL10 AN   906,P.V,Non injured ,2
05.05.2014,7:45 AM,1217.8,LHS,Rural,Medarametla,Collision Brush/Side Wipe, Mini Lorry hit C.C.Barrier,Lorry,Non injury,Fault of driver of motor vehicle/driver of other vehicle/cyclist/pedestrian/passenger,Four lanes or more with central divider,Straight road,,Fine,KL10 AN   906,P.V,Animals affected,0
05.05.2014,8:00 AM,1235.7,LHS,Rural,Maddipadu,Overturning, Lorry  OverTurned,Lorry,Minor injury,Fault of driver of motor vehicle/driver of other vehicle/cyclist/pedestrian/passenger,Four lanes or more with central divider,Straight road,,Fine,AP04X  8801,P.V,Fatal,0
05.05.2014,8:00 AM,1235.7,LHS,Rural,Maddipadu,Overturning, Lorry  OverTurned,Lorry,Minor injury,Fault of driver of motor vehicle/driver of other vehicle/cyclist/pedestrian/passenger,Four lanes or more with central divider,Straight road,,Fine,AP04X  8801,P.V,Grevious,0
05.05.2014,8:00 AM,1235.7,LHS,Rural,Maddipadu,Overturning, Lorry  OverTurned,Lorry,Minor injury,Fault of driver of motor vehicle/driver of other vehicle/cyclist/pedestrian/passenger,Four lanes or more with central divider,Straight road,,Fine,AP04X  8801,P.V,Minor,1
05.05.2014,8:00 AM,1235.7,LHS,Rural,Maddipadu,Overturning, Lorry  OverTurned,Lorry,Minor injury,Fault of driver of motor vehicle/driver of other vehicle/cyclist/pedestrian/passenger,Four lanes or more with central divider,Straight road,,Fine,AP04X  8801,P.V,Non injured ,1
05.05.2014,8:00 AM,1235.7,LHS,Rural,Maddipadu,Overturning, Lorry  OverTurned,Lorry,Minor injury,Fault of driver of motor vehicle/driver of other vehicle/cyclist/pedestrian/passenger,Four lanes or more with central divider,Straight road,,Fine,AP04X  8801,P.V,Animals affected,0
05.05.2014,5:35 PM,1263.5,RHS,Rural,Tangutur,Others(p1.Specific),Auto Traveller Fall down on the Road,Auto,Minor injury,Fault of driver of motor vehicle/driver of other vehicle/cyclist/pedestrian/passenger,Four lanes or more with central divider,Straight road,,Fine,AP27Y    9716,AMB,Fatal,0
05.05.2014,5:35 PM,1263.5,RHS,Rural,Tangutur,Others(p1.Specific),Auto Traveller Fall down on the Road,Auto,Minor injury,Fault of driver of motor vehicle/driver of other vehicle/cyclist/pedestrian/passenger,Four lanes or more with central divider,Straight road,,Fine,AP27Y    9716,AMB,Grevious,0
05.05.2014,5:35 PM,1263.5,RHS,Rural,Tangutur,Others(p1.Specific),Auto Traveller Fall down on the Road,Auto,Minor injury,Fault of driver of motor vehicle/driver of other vehicle/cyclist/pedestrian/passenger,Four lanes or more with central divider,Straight road,,Fine,AP27Y    9716,AMB,Minor,1
05.05.2014,5:35 PM,1263.5,RHS,Rural,Tangutur,Others(p1.Specific),Auto Traveller Fall down on the Road,Auto,Minor injury,Fault of driver of motor vehicle/driver of other vehicle/cyclist/pedestrian/passenger,Four lanes or more with central divider,Straight road,,Fine,AP27Y    9716,AMB,Non injured ,0
05.05.2014,5:35 PM,1263.5,RHS,Rural,Tangutur,Others(p1.Specific),Auto Traveller Fall down on the Road,Auto,Minor injury,Fault of driver of motor vehicle/driver of other vehicle/cyclist/pedestrian/passenger,Four lanes or more with central divider,Straight road,,Fine,AP27Y    9716,AMB,Animals affected,0
06.05.2014,7:30 AM,1348.5,LHS,Rural,Kodavaluru,Rear End Collision, Lorry hit Lorry,Lorry,Minor injury,Fault of driver of motor vehicle/driver of other vehicle/cyclist/pedestrian/passenger,Four lanes or more with central divider,Straight road,,Fine,AP16TY   9936,P.V,Fatal,0
06.05.2014,7:30 AM,1348.5,LHS,Rural,Kodavaluru,Rear End Collision, Lorry hit Lorry,Lorry,Minor injury,Fault of driver of motor vehicle/driver of other vehicle/cyclist/pedestrian/passenger,Four lanes or more with central divider,Straight road,,Fine,AP16TY   9936,P.V,Grevious,0
06.05.2014,7:30 AM,1348.5,LHS,Rural,Kodavaluru,Rear End Collision, Lorry hit Lorry,Lorry,Minor injury,Fault of driver of motor vehicle/driver of other vehicle/cyclist/pedestrian/passenger,Four lanes or more with central divider,Straight road,,Fine,AP16TY   9936,P.V,Minor,1
06.05.2014,7:30 AM,1348.5,LHS,Rural,Kodavaluru,Rear End Collision, Lorry hit Lorry,Lorry,Minor injury,Fault of driver of motor vehicle/driver of other vehicle/cyclist/pedestrian/passenger,Four lanes or more with central divider,Straight road,,Fine,AP16TY   9936,P.V,Non injured ,3
06.05.2014,7:30 AM,1348.5,LHS,Rural,Kodavaluru,Rear End Collision, Lorry hit Lorry,Lorry,Minor injury,Fault of driver of motor vehicle/driver of other vehicle/cyclist/pedestrian/passenger,Four lanes or more with central divider,Straight road,,Fine,AP16TY   9936,P.V,Animals affected,0
08.05.2014,4:05 PM,1278.5,LHS,Rural,Singarayakonda,Overturning, Lorry  OverTurned,Lorry,Minor injury,Fault of driver of motor vehicle/driver of other vehicle/cyclist/pedestrian/passenger,Four lanes or more with central divider,Straight road,,Fine,TN28AP   4792,P.V,Fatal,0
08.05.2014,4:05 PM,1278.5,LHS,Rural,Singarayakonda,Overturning, Lorry  OverTurned,Lorry,Minor injury,Fault of driver of motor vehicle/driver of other vehicle/cyclist/pedestrian/passenger,Four lanes or more with central divider,Straight road,,Fine,TN28AP   4792,P.V,Grevious,0
08.05.2014,4:05 PM,1278.5,LHS,Rural,Singarayakonda,Overturning, Lorry  OverTurned,Lorry,Minor injury,Fault of driver of motor vehicle/driver of other vehicle/cyclist/pedestrian/passenger,Four lanes or more with central divider,Straight road,,Fine,TN28AP   4792,P.V,Minor,1
08.05.2014,4:05 PM,1278.5,LHS,Rural,Singarayakonda,Overturning, Lorry  OverTurned,Lorry,Minor injury,Fault of driver of motor vehicle/driver of other vehicle/cyclist/pedestrian/passenger,Four lanes or more with central divider,Straight road,,Fine,TN28AP   4792,P.V,Non injured ,0
08.05.2014,4:05 PM,1278.5,LHS,Rural,Singarayakonda,Overturning, Lorry  OverTurned,Lorry,Minor injury,Fault of driver of motor vehicle/driver of other vehicle/cyclist/pedestrian/passenger,Four lanes or more with central divider,Straight road,,Fine,TN28AP   4792,P.V,Animals affected,0
08.05.2014,5:30 PM,1279.3,LHS,Rural,Singarayakonda,Collision Brush/Side Wipe, Car hit  Unknown Vehicle,Car,Minor injury,Fault of driver of motor vehicle/driver of other vehicle/cyclist/pedestrian/passenger,Four lanes or more with central divider,Straight road,,Fine,KA04Z    9426,P.V,Fatal,0
08.05.2014,5:30 PM,1279.3,LHS,Rural,Singarayakonda,Collision Brush/Side Wipe, Car hit  Unknown Vehicle,Car,Minor injury,Fault of driver of motor vehicle/driver of other vehicle/cyclist/pedestrian/passenger,Four lanes or more with central divider,Straight road,,Fine,KA04Z    9426,P.V,Grevious,0
08.05.2014,5:30 PM,1279.3,LHS,Rural,Singarayakonda,Collision Brush/Side Wipe, Car hit  Unknown Vehicle,Car,Minor injury,Fault of driver of motor vehicle/driver of other vehicle/cyclist/pedestrian/passenger,Four lanes or more with central divider,Straight road,,Fine,KA04Z    9426,P.V,Minor,1
08.05.2014,5:30 PM,1279.3,LHS,Rural,Singarayakonda,Collision Brush/Side Wipe, Car hit  Unknown Vehicle,Car,Minor injury,Fault of driver of motor vehicle/driver of other vehicle/cyclist/pedestrian/passenger,Four lanes or more with central divider,Straight road,,Fine,KA04Z    9426,P.V,Non injured ,0
08.05.2014,5:30 PM,1279.3,LHS,Rural,Singarayakonda,Collision Brush/Side Wipe, Car hit  Unknown Vehicle,Car,Minor injury,Fault of driver of motor vehicle/driver of other vehicle/cyclist/pedestrian/passenger,Four lanes or more with central divider,Straight road,,Fine,KA04Z    9426,P.V,Animals affected,0
09.05.2014,2:00 AM,1273.4,LHS,Rural,Singarayakonda,Collision Brush/Side Wipe, Lorry hit Trailer ,Lorry,Non injury,Over speed,Four lanes or more with central divider,Straight road,,Fine,AP27Y    6767,P.V,Fatal,0
09.05.2014,2:00 AM,1273.4,LHS,Rural,Singarayakonda,Collision Brush/Side Wipe, Lorry hit Trailer ,Lorry,Non injury,Over speed,Four lanes or more with central divider,Straight road,,Fine,AP27Y    6767,P.V,Grevious,0
09.05.2014,2:00 AM,1273.4,LHS,Rural,Singarayakonda,Collision Brush/Side Wipe, Lorry hit Trailer ,Lorry,Non injury,Over speed,Four lanes or more with central divider,Straight road,,Fine,AP27Y    6767,P.V,Minor,0
09.05.2014,2:00 AM,1273.4,LHS,Rural,Singarayakonda,Collision Brush/Side Wipe, Lorry hit Trailer ,Lorry,Non injury,Over speed,Four lanes or more with central divider,Straight road,,Fine,AP27Y    6767,P.V,Non injured ,4
09.05.2014,2:00 AM,1273.4,LHS,Rural,Singarayakonda,Collision Brush/Side Wipe, Lorry hit Trailer ,Lorry,Non injury,Over speed,Four lanes or more with central divider,Straight road,,Fine,AP27Y    6767,P.V,Animals affected,0
09.05.2014,5:50 AM,1205.1,RHS,Rural,Reningavaram,Overturning, Auto  OverTurned,Auto,Grievious injury,Fault of driver of motor vehicle/driver of other vehicle/cyclist/pedestrian/passenger,Four lanes or more with central divider,Straight road,,Fine,AP16TX   6812,P.V&AMB,Fatal,0
09.05.2014,5:50 AM,1205.1,RHS,Rural,Reningavaram,Overturning, Auto  OverTurned,Auto,Grievious injury,Fault of driver of motor vehicle/driver of other vehicle/cyclist/pedestrian/passenger,Four lanes or more with central divider,Straight road,,Fine,AP16TX   6812,P.V&AMB,Grevious,2
09.05.2014,5:50 AM,1205.1,RHS,Rural,Reningavaram,Overturning, Auto  OverTurned,Auto,Grievious injury,Fault of driver of motor vehicle/driver of other vehicle/cyclist/pedestrian/passenger,Four lanes or more with central divider,Straight road,,Fine,AP16TX   6812,P.V&AMB,Minor,0
09.05.2014,5:50 AM,1205.1,RHS,Rural,Reningavaram,Overturning, Auto  OverTurned,Auto,Grievious injury,Fault of driver of motor vehicle/driver of other vehicle/cyclist/pedestrian/passenger,Four lanes or more with central divider,Straight road,,Fine,AP16TX   6812,P.V&AMB,Non injured ,0
09.05.2014,5:50 AM,1205.1,RHS,Rural,Reningavaram,Overturning, Auto  OverTurned,Auto,Grievious injury,Fault of driver of motor vehicle/driver of other vehicle/cyclist/pedestrian/passenger,Four lanes or more with central divider,Straight road,,Fine,AP16TX   6812,P.V&AMB,Animals affected,0
09.05.2014,1:50 PM,1227.2,LHS,Rural,Maddipadu,Overturning, Auto  OverTurned,Auto,Minor injury,Druken,Four lanes or more with central divider,Straight road,,Fine,AP27Y   5870,P.V,Fatal,0
09.05.2014,1:50 PM,1227.2,LHS,Rural,Maddipadu,Overturning, Auto  OverTurned,Auto,Minor injury,Druken,Four lanes or more with central divider,Straight road,,Fine,AP27Y   5870,P.V,Grevious,0
09.05.2014,1:50 PM,1227.2,LHS,Rural,Maddipadu,Overturning, Auto  OverTurned,Auto,Minor injury,Druken,Four lanes or more with central divider,Straight road,,Fine,AP27Y   5870,P.V,Minor,1
09.05.2014,1:50 PM,1227.2,LHS,Rural,Maddipadu,Overturning, Auto  OverTurned,Auto,Minor injury,Druken,Four lanes or more with central divider,Straight road,,Fine,AP27Y   5870,P.V,Non injured ,0
09.05.2014,1:50 PM,1227.2,LHS,Rural,Maddipadu,Overturning, Auto  OverTurned,Auto,Minor injury,Druken,Four lanes or more with central divider,Straight road,,Fine,AP27Y   5870,P.V,Animals affected,0
09.05.2014,4:25 PM,1360,LHS,Rural,Kodavaluru,Overturning, Lorry  OverTurned,Lorry,Minor injury,Over speed,Four lanes or more with central divider,Slight curve,,Fine,AP26TB    0468,P.V,Fatal,0
09.05.2014,4:25 PM,1360,LHS,Rural,Kodavaluru,Overturning, Lorry  OverTurned,Lorry,Minor injury,Over speed,Four lanes or more with central divider,Slight curve,,Fine,AP26TB    0468,P.V,Grevious,0
09.05.2014,4:25 PM,1360,LHS,Rural,Kodavaluru,Overturning, Lorry  OverTurned,Lorry,Minor injury,Over speed,Four lanes or more with central divider,Slight curve,,Fine,AP26TB    0468,P.V,Minor,1
09.05.2014,4:25 PM,1360,LHS,Rural,Kodavaluru,Overturning, Lorry  OverTurned,Lorry,Minor injury,Over speed,Four lanes or more with central divider,Slight curve,,Fine,AP26TB    0468,P.V,Non injured ,1
09.05.2014,4:25 PM,1360,LHS,Rural,Kodavaluru,Overturning, Lorry  OverTurned,Lorry,Minor injury,Over speed,Four lanes or more with central divider,Slight curve,,Fine,AP26TB    0468,P.V,Animals affected,0
09.05.2014,11:11 PM,1340.4,LHS,Rural,Dagadarthi,Rear End Collision, Lorry hit Lorry,Lorry,Grievious injury,Over speed,Four lanes or more with central divider,Straight road,,Fine,TN07P    7727,P.V,Fatal,0
09.05.2014,11:11 PM,1340.4,LHS,Rural,Dagadarthi,Rear End Collision, Lorry hit Lorry,Lorry,Grievious injury,Over speed,Four lanes or more with central divider,Straight road,,Fine,TN07P    7727,P.V,Grevious,2
09.05.2014,11:11 PM,1340.4,LHS,Rural,Dagadarthi,Rear End Collision, Lorry hit Lorry,Lorry,Grievious injury,Over speed,Four lanes or more with central divider,Straight road,,Fine,TN07P    7727,P.V,Minor,0
09.05.2014,11:11 PM,1340.4,LHS,Rural,Dagadarthi,Rear End Collision, Lorry hit Lorry,Lorry,Grievious injury,Over speed,Four lanes or more with central divider,Straight road,,Fine,TN07P    7727,P.V,Non injured ,2
09.05.2014,11:11 PM,1340.4,LHS,Rural,Dagadarthi,Rear End Collision, Lorry hit Lorry,Lorry,Grievious injury,Over speed,Four lanes or more with central divider,Straight road,,Fine,TN07P    7727,P.V,Animals affected,0
10.05.2014,1:30 AM,1327,RHS,Rural,Kavali,Rear End Collision, Lorry hit Culvert wall,Lorry,Non injury,Fault of driver of motor vehicle/driver of other vehicle/cyclist/pedestrian/passenger,Four lanes or more with central divider,Straight road,,Fine,AP16TD      2325,P.V,Fatal,0
10.05.2014,1:30 AM,1327,RHS,Rural,Kavali,Rear End Collision, Lorry hit Culvert wall,Lorry,Non injury,Fault of driver of motor vehicle/driver of other vehicle/cyclist/pedestrian/passenger,Four lanes or more with central divider,Straight road,,Fine,AP16TD      2325,P.V,Grevious,0
10.05.2014,1:30 AM,1327,RHS,Rural,Kavali,Rear End Collision, Lorry hit Culvert wall,Lorry,Non injury,Fault of driver of motor vehicle/driver of other vehicle/cyclist/pedestrian/passenger,Four lanes or more with central divider,Straight road,,Fine,AP16TD      2325,P.V,Minor,0
10.05.2014,1:30 AM,1327,RHS,Rural,Kavali,Rear End Collision, Lorry hit Culvert wall,Lorry,Non injury,Fault of driver of motor vehicle/driver of other vehicle/cyclist/pedestrian/passenger,Four lanes or more with central divider,Straight road,,Fine,AP16TD      2325,P.V,Non injured ,2
10.05.2014,1:30 AM,1327,RHS,Rural,Kavali,Rear End Collision, Lorry hit Culvert wall,Lorry,Non injury,Fault of driver of motor vehicle/driver of other vehicle/cyclist/pedestrian/passenger,Four lanes or more with central divider,Straight road,,Fine,AP16TD      2325,P.V,Animals affected,0
11.05.2014,12:18 AM,1188.7,LHS,Rural,Martur,Collision Brush/Side Wipe, Jeep hit Safety wall ,Jeep,Grievious injury,Fault of driver of motor vehicle/driver of other vehicle/cyclist/pedestrian/passenger,Two lanes,Straight road,,Fine,AP9P   5641,P.V&AMB,Fatal,0
11.05.2014,12:18 AM,1188.7,LHS,Rural,Martur,Collision Brush/Side Wipe, Jeep hit Safety wall ,Jeep,Grievious injury,Fault of driver of motor vehicle/driver of other vehicle/cyclist/pedestrian/passenger,Two lanes,Straight road,,Fine,AP9P   5641,P.V&AMB,Grevious,1
11.05.2014,12:18 AM,1188.7,LHS,Rural,Martur,Collision Brush/Side Wipe, Jeep hit Safety wall ,Jeep,Grievious injury,Fault of driver of motor vehicle/driver of other vehicle/cyclist/pedestrian/passenger,Two lanes,Straight road,,Fine,AP9P   5641,P.V&AMB,Minor,0
11.05.2014,12:18 AM,1188.7,LHS,Rural,Martur,Collision Brush/Side Wipe, Jeep hit Safety wall ,Jeep,Grievious injury,Fault of driver of motor vehicle/driver of other vehicle/cyclist/pedestrian/passenger,Two lanes,Straight road,,Fine,AP9P   5641,P.V&AMB,Non injured ,1
11.05.2014,12:18 AM,1188.7,LHS,Rural,Martur,Collision Brush/Side Wipe, Jeep hit Safety wall ,Jeep,Grievious injury,Fault of driver of motor vehicle/driver of other vehicle/cyclist/pedestrian/passenger,Two lanes,Straight road,,Fine,AP9P   5641,P.V&AMB,Animals affected,0
11.05.2014,6:35 AM,1259.1,LHS,Rural,Tangutur,Rear End Collision, Lorry hit  Unknown Vehicle,Lorry,Non injury,Fault of driver of motor vehicle/driver of other vehicle/cyclist/pedestrian/passenger,Four lanes or more with central divider,Straight road,,Fine,AP24TA    9419,P.V,Fatal,0
11.05.2014,6:35 AM,1259.1,LHS,Rural,Tangutur,Rear End Collision, Lorry hit  Unknown Vehicle,Lorry,Non injury,Fault of driver of motor vehicle/driver of other vehicle/cyclist/pedestrian/passenger,Four lanes or more with central divider,Straight road,,Fine,AP24TA    9419,P.V,Grevious,0
11.05.2014,6:35 AM,1259.1,LHS,Rural,Tangutur,Rear End Collision, Lorry hit  Unknown Vehicle,Lorry,Non injury,Fault of driver of motor vehicle/driver of other vehicle/cyclist/pedestrian/passenger,Four lanes or more with central divider,Straight road,,Fine,AP24TA    9419,P.V,Minor,0
11.05.2014,6:35 AM,1259.1,LHS,Rural,Tangutur,Rear End Collision, Lorry hit  Unknown Vehicle,Lorry,Non injury,Fault of driver of motor vehicle/driver of other vehicle/cyclist/pedestrian/passenger,Four lanes or more with central divider,Straight road,,Fine,AP24TA    9419,P.V,Non injured ,2
11.05.2014,6:35 AM,1259.1,LHS,Rural,Tangutur,Rear End Collision, Lorry hit  Unknown Vehicle,Lorry,Non injury,Fault of driver of motor vehicle/driver of other vehicle/cyclist/pedestrian/passenger,Four lanes or more with central divider,Straight road,,Fine,AP24TA    9419,P.V,Animals affected,0
13.05.2014,4:55 AM,1308.2,LHS,Rural,Kavali,Rear End Collision, Car hit Tata Ace Vehicle,Car,Non injury,Over speed,Four lanes or more with central divider,Straight road,,Fine,AP27TU    7137,P.V,Fatal,0
13.05.2014,4:55 AM,1308.2,LHS,Rural,Kavali,Rear End Collision, Car hit Tata Ace Vehicle,Car,Non injury,Over speed,Four lanes or more with central divider,Straight road,,Fine,AP27TU    7137,P.V,Grevious,0
13.05.2014,4:55 AM,1308.2,LHS,Rural,Kavali,Rear End Collision, Car hit Tata Ace Vehicle,Car,Non injury,Over speed,Four lanes or more with central divider,Straight road,,Fine,AP27TU    7137,P.V,Minor,0
13.05.2014,4:55 AM,1308.2,LHS,Rural,Kavali,Rear End Collision, Car hit Tata Ace Vehicle,Car,Non injury,Over speed,Four lanes or more with central divider,Straight road,,Fine,AP27TU    7137,P.V,Non injured ,4
13.05.2014,4:55 AM,1308.2,LHS,Rural,Kavali,Rear End Collision, Car hit Tata Ace Vehicle,Car,Non injury,Over speed,Four lanes or more with central divider,Straight road,,Fine,AP27TU    7137,P.V,Animals affected,0