Operational date,Time of Accident,KM && M,Position,Rural/Urban,Location,Nature of Accident Position,Nature of Accident,Vehicle Involved,Type of Accident,Causes,Road Feature,Road condition,Intersection Type And Control,Weather Condition,Vehicle Responsible,Help Provided by Ambulance/Patroling Vehicle,Classification of Accident,No of Affected Persons
13.05.2014,5:00 AM,1267.7,RHS,Rural,Tangutur,Overturning, Car  OverTurned,Car,Non injury,Vehicle out of control,Four lanes or more with central divider,Slight curve,,Fine,AP9TA    2419,P.V,Fatal,0
13.05.2014,5:00 AM,1267.7,RHS,Rural,Tangutur,Overturning, Car  OverTurned,Car,Non injury,Vehicle out of control,Four lanes or more with central divider,Slight curve,,Fine,AP9TA    2419,P.V,Grevious,0
13.05.2014,5:00 AM,1267.7,RHS,Rural,Tangutur,Overturning, Car  OverTurned,Car,Non injury,Vehicle out of control,Four lanes or more with central divider,Slight curve,,Fine,AP9TA    2419,P.V,Minor,0
13.05.2014,5:00 AM,1267.7,RHS,Rural,Tangutur,Overturning, Car  OverTurned,Car,Non injury,Vehicle out of control,Four lanes or more with central divider,Slight curve,,Fine,AP9TA    2419,P.V,Non injured ,2
13.05.2014,5:00 AM,1267.7,RHS,Rural,Tangutur,Overturning, Car  OverTurned,Car,Non injury,Vehicle out of control,Four lanes or more with central divider,Slight curve,,Fine,AP9TA    2419,P.V,Animals affected,0
13.05.2014,7:20 AM,1250.7,RHS,Rural,Ongole,Collision Brush/Side Wipe, Tractor hit Culvert wall,Tractor,Non injury,Over speed,Four lanes or more with central divider,Straight road,,Fine,AP27V   9520,P.V,Fatal,0
13.05.2014,7:20 AM,1250.7,RHS,Rural,Ongole,Collision Brush/Side Wipe, Tractor hit Culvert wall,Tractor,Non injury,Over speed,Four lanes or more with central divider,Straight road,,Fine,AP27V   9520,P.V,Grevious,0
13.05.2014,7:20 AM,1250.7,RHS,Rural,Ongole,Collision Brush/Side Wipe, Tractor hit Culvert wall,Tractor,Non injury,Over speed,Four lanes or more with central divider,Straight road,,Fine,AP27V   9520,P.V,Minor,0
13.05.2014,7:20 AM,1250.7,RHS,Rural,Ongole,Collision Brush/Side Wipe, Tractor hit Culvert wall,Tractor,Non injury,Over speed,Four lanes or more with central divider,Straight road,,Fine,AP27V   9520,P.V,Non injured ,1
13.05.2014,7:20 AM,1250.7,RHS,Rural,Ongole,Collision Brush/Side Wipe, Tractor hit Culvert wall,Tractor,Non injury,Over speed,Four lanes or more with central divider,Straight road,,Fine,AP27V   9520,P.V,Animals affected,0
13.05.2014,12:00 PM,1266,RHS,Rural,Tangutur,Collision Brush/Side Wipe, Container Vehicle hit Median wall,Container,Non injury,Over speed,Four lanes or more with central divider,Straight road,,Fine,TN04 AJ   5319,P.V,Fatal,0
13.05.2014,12:00 PM,1266,RHS,Rural,Tangutur,Collision Brush/Side Wipe, Container Vehicle hit Median wall,Container,Non injury,Over speed,Four lanes or more with central divider,Straight road,,Fine,TN04 AJ   5319,P.V,Grevious,0
13.05.2014,12:00 PM,1266,RHS,Rural,Tangutur,Collision Brush/Side Wipe, Container Vehicle hit Median wall,Container,Non injury,Over speed,Four lanes or more with central divider,Straight road,,Fine,TN04 AJ   5319,P.V,Minor,0
13.05.2014,12:00 PM,1266,RHS,Rural,Tangutur,Collision Brush/Side Wipe, Container Vehicle hit Median wall,Container,Non injury,Over speed,Four lanes or more with central divider,Straight road,,Fine,TN04 AJ   5319,P.V,Non injured ,2
13.05.2014,12:00 PM,1266,RHS,Rural,Tangutur,Collision Brush/Side Wipe, Container Vehicle hit Median wall,Container,Non injury,Over speed,Four lanes or more with central divider,Straight road,,Fine,TN04 AJ   5319,P.V,Animals affected,0
13.05.2014,4:10 PM,1201.5,LHS,Rural,Reningavaram,Rear End Collision,Car hit    Bike   ,Car,Grievious injury,Over speed,Four lanes or more with central divider,Straight road,,Fine,TN01AH     8269,P.V&AMB,Fatal,0
13.05.2014,4:10 PM,1201.5,LHS,Rural,Reningavaram,Rear End Collision,Car hit    Bike   ,Car,Grievious injury,Over speed,Four lanes or more with central divider,Straight road,,Fine,TN01AH     8269,P.V&AMB,Grevious,1
13.05.2014,4:10 PM,1201.5,LHS,Rural,Reningavaram,Rear End Collision,Car hit    Bike   ,Car,Grievious injury,Over speed,Four lanes or more with central divider,Straight road,,Fine,TN01AH     8269,P.V&AMB,Minor,4
13.05.2014,4:10 PM,1201.5,LHS,Rural,Reningavaram,Rear End Collision,Car hit    Bike   ,Car,Grievious injury,Over speed,Four lanes or more with central divider,Straight road,,Fine,TN01AH     8269,P.V&AMB,Non injured ,0
13.05.2014,4:10 PM,1201.5,LHS,Rural,Reningavaram,Rear End Collision,Car hit    Bike   ,Car,Grievious injury,Over speed,Four lanes or more with central divider,Straight road,,Fine,TN01AH     8269,P.V&AMB,Animals affected,0
14.05.2014,3:15 AM,1350.7,LHS,Rural,Kodavaluru,Collision Brush/Side Wipe, Lorry hit C.C.Barrier,Lorry,Non injury,Fault of driver of motor vehicle/driver of other vehicle/cyclist/pedestrian/passenger,Four lanes or more with central divider,Straight road,,Fine,AP27W     5648,P.V,Fatal,0
14.05.2014,3:15 AM,1350.7,LHS,Rural,Kodavaluru,Collision Brush/Side Wipe, Lorry hit C.C.Barrier,Lorry,Non injury,Fault of driver of motor vehicle/driver of other vehicle/cyclist/pedestrian/passenger,Four lanes or more with central divider,Straight road,,Fine,AP27W     5648,P.V,Grevious,0
14.05.2014,3:15 AM,1350.7,LHS,Rural,Kodavaluru,Collision Brush/Side Wipe, Lorry hit C.C.Barrier,Lorry,Non injury,Fault of driver of motor vehicle/driver of other vehicle/cyclist/pedestrian/passenger,Four lanes or more with central divider,Straight road,,Fine,AP27W     5648,P.V,Minor,0
14.05.2014,3:15 AM,1350.7,LHS,Rural,Kodavaluru,Collision Brush/Side Wipe, Lorry hit C.C.Barrier,Lorry,Non injury,Fault of driver of motor vehicle/driver of other vehicle/cyclist/pedestrian/passenger,Four lanes or more with central divider,Straight road,,Fine,AP27W     5648,P.V,Non injured ,1
14.05.2014,3:15 AM,1350.7,LHS,Rural,Kodavaluru,Collision Brush/Side Wipe, Lorry hit C.C.Barrier,Lorry,Non injury,Fault of driver of motor vehicle/driver of other vehicle/cyclist/pedestrian/passenger,Four lanes or more with central divider,Straight road,,Fine,AP27W     5648,P.V,Animals affected,0
14.05.2014,10:20 PM,1216.3,LHS,Rural,Medarametla,Rear End Collision, Lorry hit Lorry,Lorry,Minor injury,Over speed,Four lanes or more with central divider,Straight road,,Fine,AP02T    2241,P.V & AMB,Fatal,0
14.05.2014,10:20 PM,1216.3,LHS,Rural,Medarametla,Rear End Collision, Lorry hit Lorry,Lorry,Minor injury,Over speed,Four lanes or more with central divider,Straight road,,Fine,AP02T    2241,P.V & AMB,Grevious,0
14.05.2014,10:20 PM,1216.3,LHS,Rural,Medarametla,Rear End Collision, Lorry hit Lorry,Lorry,Minor injury,Over speed,Four lanes or more with central divider,Straight road,,Fine,AP02T    2241,P.V & AMB,Minor,1
14.05.2014,10:20 PM,1216.3,LHS,Rural,Medarametla,Rear End Collision, Lorry hit Lorry,Lorry,Minor injury,Over speed,Four lanes or more with central divider,Straight road,,Fine,AP02T    2241,P.V & AMB,Non injured ,2
14.05.2014,10:20 PM,1216.3,LHS,Rural,Medarametla,Rear End Collision, Lorry hit Lorry,Lorry,Minor injury,Over speed,Four lanes or more with central divider,Straight road,,Fine,AP02T    2241,P.V & AMB,Animals affected,0
15.05.2014,11:36 AM,1356.8,LHS,Rural,Kodavaluru,Rear End Collision, Car hit  Unknown Vehicle,Car,Grievious injury,Over speed,Four lanes or more with central divider,Straight road,,Fine,AP16CD     9779,P.V,Fatal,0
15.05.2014,11:36 AM,1356.8,LHS,Rural,Kodavaluru,Rear End Collision, Car hit  Unknown Vehicle,Car,Grievious injury,Over speed,Four lanes or more with central divider,Straight road,,Fine,AP16CD     9779,P.V,Grevious,1
15.05.2014,11:36 AM,1356.8,LHS,Rural,Kodavaluru,Rear End Collision, Car hit  Unknown Vehicle,Car,Grievious injury,Over speed,Four lanes or more with central divider,Straight road,,Fine,AP16CD     9779,P.V,Minor,2
15.05.2014,11:36 AM,1356.8,LHS,Rural,Kodavaluru,Rear End Collision, Car hit  Unknown Vehicle,Car,Grievious injury,Over speed,Four lanes or more with central divider,Straight road,,Fine,AP16CD     9779,P.V,Non injured ,1
15.05.2014,11:36 AM,1356.8,LHS,Rural,Kodavaluru,Rear End Collision, Car hit  Unknown Vehicle,Car,Grievious injury,Over speed,Four lanes or more with central divider,Straight road,,Fine,AP16CD     9779,P.V,Animals affected,0
15.05.2014,1:32 PM,1324.3,LHS,Rural,Kavali,Skidding, Bike Skidding,Bike,Minor injury,Druken,Four lanes or more with central divider,Straight road,T-Junction,Fine,AP26AA   9410,AMB,Fatal,0
15.05.2014,1:32 PM,1324.3,LHS,Rural,Kavali,Skidding, Bike Skidding,Bike,Minor injury,Druken,Four lanes or more with central divider,Straight road,T-Junction,Fine,AP26AA   9410,AMB,Grevious,0
15.05.2014,1:32 PM,1324.3,LHS,Rural,Kavali,Skidding, Bike Skidding,Bike,Minor injury,Druken,Four lanes or more with central divider,Straight road,T-Junction,Fine,AP26AA   9410,AMB,Minor,1
15.05.2014,1:32 PM,1324.3,LHS,Rural,Kavali,Skidding, Bike Skidding,Bike,Minor injury,Druken,Four lanes or more with central divider,Straight road,T-Junction,Fine,AP26AA   9410,AMB,Non injured ,0
15.05.2014,1:32 PM,1324.3,LHS,Rural,Kavali,Skidding, Bike Skidding,Bike,Minor injury,Druken,Four lanes or more with central divider,Straight road,T-Junction,Fine,AP26AA   9410,AMB,Animals affected,0
16.05.2014,4:20 AM,1348.5,LHS,Rural,Kodavaluru,Overturning, Car  OverTurned,Car,Grievious injury,Vehicle out of control,Four lanes or more with central divider,Slight curve,,Fine,AP31TV    2269,P.V,Fatal,0
16.05.2014,4:20 AM,1348.5,LHS,Rural,Kodavaluru,Overturning, Car  OverTurned,Car,Grievious injury,Vehicle out of control,Four lanes or more with central divider,Slight curve,,Fine,AP31TV    2269,P.V,Grevious,1
16.05.2014,4:20 AM,1348.5,LHS,Rural,Kodavaluru,Overturning, Car  OverTurned,Car,Grievious injury,Vehicle out of control,Four lanes or more with central divider,Slight curve,,Fine,AP31TV    2269,P.V,Minor,6
16.05.2014,4:20 AM,1348.5,LHS,Rural,Kodavaluru,Overturning, Car  OverTurned,Car,Grievious injury,Vehicle out of control,Four lanes or more with central divider,Slight curve,,Fine,AP31TV    2269,P.V,Non injured ,0
16.05.2014,4:20 AM,1348.5,LHS,Rural,Kodavaluru,Overturning, Car  OverTurned,Car,Grievious injury,Vehicle out of control,Four lanes or more with central divider,Slight curve,,Fine,AP31TV    2269,P.V,Animals affected,0
16.05.2014,11:00 AM,1327,RHS,Rural,Kavali,Collision Brush/Side Wipe, Milk Tanker hit C.C.Barrier,Tanker,Non injury,Over speed,Four lanes or more with central divider,Straight road,,Fine,TN52D  1789,P.V,Fatal,0
16.05.2014,11:00 AM,1327,RHS,Rural,Kavali,Collision Brush/Side Wipe, Milk Tanker hit C.C.Barrier,Tanker,Non injury,Over speed,Four lanes or more with central divider,Straight road,,Fine,TN52D  1789,P.V,Grevious,0
16.05.2014,11:00 AM,1327,RHS,Rural,Kavali,Collision Brush/Side Wipe, Milk Tanker hit C.C.Barrier,Tanker,Non injury,Over speed,Four lanes or more with central divider,Straight road,,Fine,TN52D  1789,P.V,Minor,0
16.05.2014,11:00 AM,1327,RHS,Rural,Kavali,Collision Brush/Side Wipe, Milk Tanker hit C.C.Barrier,Tanker,Non injury,Over speed,Four lanes or more with central divider,Straight road,,Fine,TN52D  1789,P.V,Non injured ,1
16.05.2014,11:00 AM,1327,RHS,Rural,Kavali,Collision Brush/Side Wipe, Milk Tanker hit C.C.Barrier,Tanker,Non injury,Over speed,Four lanes or more with central divider,Straight road,,Fine,TN52D  1789,P.V,Animals affected,0
16.05.2014,4:57 PM,1247.7,LHS,Urban,Ongole,Collision Brush/Side Wipe, Car  hit Bike,Car,Fatal,Fault of driver of motor vehicle/driver of other vehicle/cyclist/pedestrian/passenger,Four lanes or more with central divider,Straight road,T-Junction,Fine,KA19MD    1486,P.V,Fatal,1
16.05.2014,4:57 PM,1247.7,LHS,Urban,Ongole,Collision Brush/Side Wipe, Car  hit Bike,Car,Fatal,Fault of driver of motor vehicle/driver of other vehicle/cyclist/pedestrian/passenger,Four lanes or more with central divider,Straight road,T-Junction,Fine,KA19MD    1486,P.V,Grevious,2
16.05.2014,4:57 PM,1247.7,LHS,Urban,Ongole,Collision Brush/Side Wipe, Car  hit Bike,Car,Fatal,Fault of driver of motor vehicle/driver of other vehicle/cyclist/pedestrian/passenger,Four lanes or more with central divider,Straight road,T-Junction,Fine,KA19MD    1486,P.V,Minor,3
16.05.2014,4:57 PM,1247.7,LHS,Urban,Ongole,Collision Brush/Side Wipe, Car  hit Bike,Car,Fatal,Fault of driver of motor vehicle/driver of other vehicle/cyclist/pedestrian/passenger,Four lanes or more with central divider,Straight road,T-Junction,Fine,KA19MD    1486,P.V,Non injured ,2
16.05.2014,4:57 PM,1247.7,LHS,Urban,Ongole,Collision Brush/Side Wipe, Car  hit Bike,Car,Fatal,Fault of driver of motor vehicle/driver of other vehicle/cyclist/pedestrian/passenger,Four lanes or more with central divider,Straight road,T-Junction,Fine,KA19MD    1486,P.V,Animals affected,0
17.05.2014,4:10 AM,1202.4,RHS,Rural,Reningavaram,Collision Brush/Side Wipe, Lorry hit Bridge wall,Lorry,Non injury,Fault of driver of motor vehicle/driver of other vehicle/cyclist/pedestrian/passenger,Four lanes or more with central divider,Straight road,,Fine,AP07TV   5766,P.V,Fatal,0
17.05.2014,4:10 AM,1202.4,RHS,Rural,Reningavaram,Collision Brush/Side Wipe, Lorry hit Bridge wall,Lorry,Non injury,Fault of driver of motor vehicle/driver of other vehicle/cyclist/pedestrian/passenger,Four lanes or more with central divider,Straight road,,Fine,AP07TV   5766,P.V,Grevious,0
17.05.2014,4:10 AM,1202.4,RHS,Rural,Reningavaram,Collision Brush/Side Wipe, Lorry hit Bridge wall,Lorry,Non injury,Fault of driver of motor vehicle/driver of other vehicle/cyclist/pedestrian/passenger,Four lanes or more with central divider,Straight road,,Fine,AP07TV   5766,P.V,Minor,0
17.05.2014,4:10 AM,1202.4,RHS,Rural,Reningavaram,Collision Brush/Side Wipe, Lorry hit Bridge wall,Lorry,Non injury,Fault of driver of motor vehicle/driver of other vehicle/cyclist/pedestrian/passenger,Four lanes or more with central divider,Straight road,,Fine,AP07TV   5766,P.V,Non injured ,2
17.05.2014,4:10 AM,1202.4,RHS,Rural,Reningavaram,Collision Brush/Side Wipe, Lorry hit Bridge wall,Lorry,Non injury,Fault of driver of motor vehicle/driver of other vehicle/cyclist/pedestrian/passenger,Four lanes or more with central divider,Straight road,,Fine,AP07TV   5766,P.V,Animals affected,0
17.05.2014,7:55 PM,1261.6,LHS,Rural,Tangutur,Skidding, Bike Skidding,Bike,Minor injury,Over speed,Four lanes or more with central divider,Straight road,,Fine,AP27AK    8243,P.V & AMB,Fatal,0
17.05.2014,7:55 PM,1261.6,LHS,Rural,Tangutur,Skidding, Bike Skidding,Bike,Minor injury,Over speed,Four lanes or more with central divider,Straight road,,Fine,AP27AK    8243,P.V & AMB,Grevious,0
17.05.2014,7:55 PM,1261.6,LHS,Rural,Tangutur,Skidding, Bike Skidding,Bike,Minor injury,Over speed,Four lanes or more with central divider,Straight road,,Fine,AP27AK    8243,P.V & AMB,Minor,1
17.05.2014,7:55 PM,1261.6,LHS,Rural,Tangutur,Skidding, Bike Skidding,Bike,Minor injury,Over speed,Four lanes or more with central divider,Straight road,,Fine,AP27AK    8243,P.V & AMB,Non injured ,0
17.05.2014,7:55 PM,1261.6,LHS,Rural,Tangutur,Skidding, Bike Skidding,Bike,Minor injury,Over speed,Four lanes or more with central divider,Straight road,,Fine,AP27AK    8243,P.V & AMB,Animals affected,0
18.05.2014,6:00 AM,1269,LHS,Rural,Tangutur,Collision Brush/Side Wipe, Car  hit Median,Car,Non injury,Fault of driver of motor vehicle/driver of other vehicle/cyclist/pedestrian/passenger,Four lanes or more with central divider,Straight road,,Fine,AP16CC 8789,P.V,Fatal,0
18.05.2014,6:00 AM,1269,LHS,Rural,Tangutur,Collision Brush/Side Wipe, Car  hit Median,Car,Non injury,Fault of driver of motor vehicle/driver of other vehicle/cyclist/pedestrian/passenger,Four lanes or more with central divider,Straight road,,Fine,AP16CC 8789,P.V,Grevious,0
18.05.2014,6:00 AM,1269,LHS,Rural,Tangutur,Collision Brush/Side Wipe, Car  hit Median,Car,Non injury,Fault of driver of motor vehicle/driver of other vehicle/cyclist/pedestrian/passenger,Four lanes or more with central divider,Straight road,,Fine,AP16CC 8789,P.V,Minor,0
18.05.2014,6:00 AM,1269,LHS,Rural,Tangutur,Collision Brush/Side Wipe, Car  hit Median,Car,Non injury,Fault of driver of motor vehicle/driver of other vehicle/cyclist/pedestrian/passenger,Four lanes or more with central divider,Straight road,,Fine,AP16CC 8789,P.V,Non injured ,4
18.05.2014,6:00 AM,1269,LHS,Rural,Tangutur,Collision Brush/Side Wipe, Car  hit Median,Car,Non injury,Fault of driver of motor vehicle/driver of other vehicle/cyclist/pedestrian/passenger,Four lanes or more with central divider,Straight road,,Fine,AP16CC 8789,P.V,Animals affected,0
18.05.2014,8:00 AM,1326.1,RHS,Rural,Kavali,Skidding, Bike Skidding,Bike,Grievious injury,Vehicle out of control,Four lanes or more with central divider,Straight road,,Fine,AP26AQ    0413,AMB,Fatal,0
18.05.2014,8:00 AM,1326.1,RHS,Rural,Kavali,Skidding, Bike Skidding,Bike,Grievious injury,Vehicle out of control,Four lanes or more with central divider,Straight road,,Fine,AP26AQ    0413,AMB,Grevious,1
18.05.2014,8:00 AM,1326.1,RHS,Rural,Kavali,Skidding, Bike Skidding,Bike,Grievious injury,Vehicle out of control,Four lanes or more with central divider,Straight road,,Fine,AP26AQ    0413,AMB,Minor,0
18.05.2014,8:00 AM,1326.1,RHS,Rural,Kavali,Skidding, Bike Skidding,Bike,Grievious injury,Vehicle out of control,Four lanes or more with central divider,Straight road,,Fine,AP26AQ    0413,AMB,Non injured ,1
18.05.2014,8:00 AM,1326.1,RHS,Rural,Kavali,Skidding, Bike Skidding,Bike,Grievious injury,Vehicle out of control,Four lanes or more with central divider,Straight road,,Fine,AP26AQ    0413,AMB,Animals affected,0
18.05.2014,6:45 PM,1273,RHS,Rural,Singarayakonda,Rear End Collision,Tractor hit Van and Bike,Tractor,Minor injury,Over speed,Four lanes or more with central divider,Straight road,,Fine,AP26AN    3688,P.V & AMB,Fatal,0
18.05.2014,6:45 PM,1273,RHS,Rural,Singarayakonda,Rear End Collision,Tractor hit Van and Bike,Tractor,Minor injury,Over speed,Four lanes or more with central divider,Straight road,,Fine,AP26AN    3688,P.V & AMB,Grevious,0
18.05.2014,6:45 PM,1273,RHS,Rural,Singarayakonda,Rear End Collision,Tractor hit Van and Bike,Tractor,Minor injury,Over speed,Four lanes or more with central divider,Straight road,,Fine,AP26AN    3688,P.V & AMB,Minor,2
18.05.2014,6:45 PM,1273,RHS,Rural,Singarayakonda,Rear End Collision,Tractor hit Van and Bike,Tractor,Minor injury,Over speed,Four lanes or more with central divider,Straight road,,Fine,AP26AN    3688,P.V & AMB,Non injured ,10
18.05.2014,6:45 PM,1273,RHS,Rural,Singarayakonda,Rear End Collision,Tractor hit Van and Bike,Tractor,Minor injury,Over speed,Four lanes or more with central divider,Straight road,,Fine,AP26AN    3688,P.V & AMB,Animals affected,0
19.05.2014,3:20 AM,1320.8,RHS,Rural,Kavali,Rear End Collision,Lorry hit Car and Car,Lorry,Minor injury,Fault of driver of motor vehicle/driver of other vehicle/cyclist/pedestrian/passenger,Four lanes or more with central divider,Straight road,,Fine,AP27TU       3555,P.V & AMB,Fatal,0
19.05.2014,3:20 AM,1320.8,RHS,Rural,Kavali,Rear End Collision,Lorry hit Car and Car,Lorry,Minor injury,Fault of driver of motor vehicle/driver of other vehicle/cyclist/pedestrian/passenger,Four lanes or more with central divider,Straight road,,Fine,AP27TU       3555,P.V & AMB,Grevious,0
19.05.2014,3:20 AM,1320.8,RHS,Rural,Kavali,Rear End Collision,Lorry hit Car and Car,Lorry,Minor injury,Fault of driver of motor vehicle/driver of other vehicle/cyclist/pedestrian/passenger,Four lanes or more with central divider,Straight road,,Fine,AP27TU       3555,P.V & AMB,Minor,1
19.05.2014,3:20 AM,1320.8,RHS,Rural,Kavali,Rear End Collision,Lorry hit Car and Car,Lorry,Minor injury,Fault of driver of motor vehicle/driver of other vehicle/cyclist/pedestrian/passenger,Four lanes or more with central divider,Straight road,,Fine,AP27TU       3555,P.V & AMB,Non injured ,6
19.05.2014,3:20 AM,1320.8,RHS,Rural,Kavali,Rear End Collision,Lorry hit Car and Car,Lorry,Minor injury,Fault of driver of motor vehicle/driver of other vehicle/cyclist/pedestrian/passenger,Four lanes or more with central divider,Straight road,,Fine,AP27TU       3555,P.V & AMB,Animals affected,0
19.05.2014,6:16 PM,1251.5,RHS,Rural,Ongole,Rear End Collision, Car hit  Unknown Vehicle,Car,Grievious injury,Over speed,Four lanes or more with central divider,Straight road,,Fine,AP07U         6176,P.V,Fatal,0
19.05.2014,6:16 PM,1251.5,RHS,Rural,Ongole,Rear End Collision, Car hit  Unknown Vehicle,Car,Grievious injury,Over speed,Four lanes or more with central divider,Straight road,,Fine,AP07U         6176,P.V,Grevious,1
19.05.2014,6:16 PM,1251.5,RHS,Rural,Ongole,Rear End Collision, Car hit  Unknown Vehicle,Car,Grievious injury,Over speed,Four lanes or more with central divider,Straight road,,Fine,AP07U         6176,P.V,Minor,0
19.05.2014,6:16 PM,1251.5,RHS,Rural,Ongole,Rear End Collision, Car hit  Unknown Vehicle,Car,Grievious injury,Over speed,Four lanes or more with central divider,Straight road,,Fine,AP07U         6176,P.V,Non injured ,2
19.05.2014,6:16 PM,1251.5,RHS,Rural,Ongole,Rear End Collision, Car hit  Unknown Vehicle,Car,Grievious injury,Over speed,Four lanes or more with central divider,Straight road,,Fine,AP07U         6176,P.V,Animals affected,0
19.05.2014,9:33 PM,1260.4,RHS,Rural,Tangutur,Rear End Collision, Car  hit Safety wall,Car,Minor injury,Over speed,Four lanes or more with central divider,Straight road,,Fine,AP16TJ   3563,P.V & AMB,Fatal,0
19.05.2014,9:33 PM,1260.4,RHS,Rural,Tangutur,Rear End Collision, Car  hit Safety wall,Car,Minor injury,Over speed,Four lanes or more with central divider,Straight road,,Fine,AP16TJ   3563,P.V & AMB,Grevious,0
19.05.2014,9:33 PM,1260.4,RHS,Rural,Tangutur,Rear End Collision, Car  hit Safety wall,Car,Minor injury,Over speed,Four lanes or more with central divider,Straight road,,Fine,AP16TJ   3563,P.V & AMB,Minor,2
19.05.2014,9:33 PM,1260.4,RHS,Rural,Tangutur,Rear End Collision, Car  hit Safety wall,Car,Minor injury,Over speed,Four lanes or more with central divider,Straight road,,Fine,AP16TJ   3563,P.V & AMB,Non injured ,2
19.05.2014,9:33 PM,1260.4,RHS,Rural,Tangutur,Rear End Collision, Car  hit Safety wall,Car,Minor injury,Over speed,Four lanes or more with central divider,Straight road,,Fine,AP16TJ   3563,P.V & AMB,Animals affected,0
20.05.2014,1:53 AM,1203.9,LHS,Rural,Reningavaram,Collision Brush/Side Wipe, Bike hit Safety wall,Bike,Fatal,Over speed,Four lanes or more with central divider,Straight road,,Fine,AP07AB     6010,P.V,Fatal,1
20.05.2014,1:53 AM,1203.9,LHS,Rural,Reningavaram,Collision Brush/Side Wipe, Bike hit Safety wall,Bike,Fatal,Over speed,Four lanes or more with central divider,Straight road,,Fine,AP07AB     6010,P.V,Grevious,0
20.05.2014,1:53 AM,1203.9,LHS,Rural,Reningavaram,Collision Brush/Side Wipe, Bike hit Safety wall,Bike,Fatal,Over speed,Four lanes or more with central divider,Straight road,,Fine,AP07AB     6010,P.V,Minor,0
20.05.2014,1:53 AM,1203.9,LHS,Rural,Reningavaram,Collision Brush/Side Wipe, Bike hit Safety wall,Bike,Fatal,Over speed,Four lanes or more with central divider,Straight road,,Fine,AP07AB     6010,P.V,Non injured ,0
20.05.2014,1:53 AM,1203.9,LHS,Rural,Reningavaram,Collision Brush/Side Wipe, Bike hit Safety wall,Bike,Fatal,Over speed,Four lanes or more with central divider,Straight road,,Fine,AP07AB     6010,P.V,Animals affected,0
20.05.2014,6:00 AM,1285.3,LHS,Rural,Ulavapadu,Rear End Collision,Mini Lorry hit Car ,Lorry,Non injury,Fault of driver of motor vehicle/driver of other vehicle/cyclist/pedestrian/passenger,Four lanes or more with central divider,Straight road,,Fine,AP04TT  9596,P.V,Fatal,0
20.05.2014,6:00 AM,1285.3,LHS,Rural,Ulavapadu,Rear End Collision,Mini Lorry hit Car ,Lorry,Non injury,Fault of driver of motor vehicle/driver of other vehicle/cyclist/pedestrian/passenger,Four lanes or more with central divider,Straight road,,Fine,AP04TT  9596,P.V,Grevious,0
20.05.2014,6:00 AM,1285.3,LHS,Rural,Ulavapadu,Rear End Collision,Mini Lorry hit Car ,Lorry,Non injury,Fault of driver of motor vehicle/driver of other vehicle/cyclist/pedestrian/passenger,Four lanes or more with central divider,Straight road,,Fine,AP04TT  9596,P.V,Minor,0
20.05.2014,6:00 AM,1285.3,LHS,Rural,Ulavapadu,Rear End Collision,Mini Lorry hit Car ,Lorry,Non injury,Fault of driver of motor vehicle/driver of other vehicle/cyclist/pedestrian/passenger,Four lanes or more with central divider,Straight road,,Fine,AP04TT  9596,P.V,Non injured ,3
20.05.2014,6:00 AM,1285.3,LHS,Rural,Ulavapadu,Rear End Collision,Mini Lorry hit Car ,Lorry,Non injury,Fault of driver of motor vehicle/driver of other vehicle/cyclist/pedestrian/passenger,Four lanes or more with central divider,Straight road,,Fine,AP04TT  9596,P.V,Animals affected,0
20.05.2014,7:15 PM,1211.4,RHS,Rural,Reningavaram,Collision Brush/Side Wipe,Unknown Vehicle hit pedestrian,Unknown,Fatal,Over speed,Four lanes or more with central divider,Straight road,T-Junction,Fine,Unknown Vehicle,P.V,Fatal,1
20.05.2014,7:15 PM,1211.4,RHS,Rural,Reningavaram,Collision Brush/Side Wipe,Unknown Vehicle hit pedestrian,Unknown,Fatal,Over speed,Four lanes or more with central divider,Straight road,T-Junction,Fine,Unknown Vehicle,P.V,Grevious,0
20.05.2014,7:15 PM,1211.4,RHS,Rural,Reningavaram,Collision Brush/Side Wipe,Unknown Vehicle hit pedestrian,Unknown,Fatal,Over speed,Four lanes or more with central divider,Straight road,T-Junction,Fine,Unknown Vehicle,P.V,Minor,0
20.05.2014,7:15 PM,1211.4,RHS,Rural,Reningavaram,Collision Brush/Side Wipe,Unknown Vehicle hit pedestrian,Unknown,Fatal,Over speed,Four lanes or more with central divider,Straight road,T-Junction,Fine,Unknown Vehicle,P.V,Non injured ,0
20.05.2014,7:15 PM,1211.4,RHS,Rural,Reningavaram,Collision Brush/Side Wipe,Unknown Vehicle hit pedestrian,Unknown,Fatal,Over speed,Four lanes or more with central divider,Straight road,T-Junction,Fine,Unknown Vehicle,P.V,Animals affected,0
21.05.2014,3:00 AM,1324.4,LHS,Rural,Kavali,Collision Brush/Side Wipe,Lorry hit Median,Lorry,Non injury,Defect in mechanical condition of motor vehicle/road condition,Four lanes or more with central divider,Straight road,,Fine,AP27TU     3555,P.V,Fatal,0
21.05.2014,3:00 AM,1324.4,LHS,Rural,Kavali,Collision Brush/Side Wipe,Lorry hit Median,Lorry,Non injury,Defect in mechanical condition of motor vehicle/road condition,Four lanes or more with central divider,Straight road,,Fine,AP27TU     3555,P.V,Grevious,0
21.05.2014,3:00 AM,1324.4,LHS,Rural,Kavali,Collision Brush/Side Wipe,Lorry hit Median,Lorry,Non injury,Defect in mechanical condition of motor vehicle/road condition,Four lanes or more with central divider,Straight road,,Fine,AP27TU     3555,P.V,Minor,0