Operational date,Time of Accident,KM && M,Position,Rural/Urban,Location,Nature of Accident Position,Nature of Accident,Vehicle Involved,Type of Accident,Causes,Road Feature,Road condition,Intersection Type And Control,Weather Condition,Vehicle Responsible,Help Provided by Ambulance/Patroling Vehicle,Classification of Accident,No of Affected Persons
21.05.2014,3:00 AM,1324.4,LHS,Rural,Kavali,Collision Brush/Side Wipe,Lorry hit Median,Lorry,Non injury,Defect in mechanical condition of motor vehicle/road condition,Four lanes or more with central divider,Straight road,,Fine,AP27TU     3555,P.V,Non injured ,1
21.05.2014,3:00 AM,1324.4,LHS,Rural,Kavali,Collision Brush/Side Wipe,Lorry hit Median,Lorry,Non injury,Defect in mechanical condition of motor vehicle/road condition,Four lanes or more with central divider,Straight road,,Fine,AP27TU     3555,P.V,Animals affected,0
21.05.2014,6:10 PM,1234,LHS,Rural,Maddipadu,Collision Brush/Side Wipe,Lorry hit Bike,Lorry,Grievious injury,Over speed,Four lanes or more with central divider,Straight road,,Fine,AP26T    6667 ,P.V,Fatal,0
21.05.2014,6:10 PM,1234,LHS,Rural,Maddipadu,Collision Brush/Side Wipe,Lorry hit Bike,Lorry,Grievious injury,Over speed,Four lanes or more with central divider,Straight road,,Fine,AP26T    6667 ,P.V,Grevious,1
21.05.2014,6:10 PM,1234,LHS,Rural,Maddipadu,Collision Brush/Side Wipe,Lorry hit Bike,Lorry,Grievious injury,Over speed,Four lanes or more with central divider,Straight road,,Fine,AP26T    6667 ,P.V,Minor,0
21.05.2014,6:10 PM,1234,LHS,Rural,Maddipadu,Collision Brush/Side Wipe,Lorry hit Bike,Lorry,Grievious injury,Over speed,Four lanes or more with central divider,Straight road,,Fine,AP26T    6667 ,P.V,Non injured ,1
21.05.2014,6:10 PM,1234,LHS,Rural,Maddipadu,Collision Brush/Side Wipe,Lorry hit Bike,Lorry,Grievious injury,Over speed,Four lanes or more with central divider,Straight road,,Fine,AP26T    6667 ,P.V,Animals affected,0
22.05.2014,2:55 AM,1238.1,LHS,Rural,Maddipadu,Collision Brush/Side Wipe, Lorry hit C.C.Barrier,Lorry,Minor injury,Fault of driver of motor vehicle/driver of other vehicle/cyclist/pedestrian/passenger,Four lanes or more with central divider,Straight road,,Fine,TN69M    7085,P.V,Fatal,0
22.05.2014,2:55 AM,1238.1,LHS,Rural,Maddipadu,Collision Brush/Side Wipe, Lorry hit C.C.Barrier,Lorry,Minor injury,Fault of driver of motor vehicle/driver of other vehicle/cyclist/pedestrian/passenger,Four lanes or more with central divider,Straight road,,Fine,TN69M    7085,P.V,Grevious,0
22.05.2014,2:55 AM,1238.1,LHS,Rural,Maddipadu,Collision Brush/Side Wipe, Lorry hit C.C.Barrier,Lorry,Minor injury,Fault of driver of motor vehicle/driver of other vehicle/cyclist/pedestrian/passenger,Four lanes or more with central divider,Straight road,,Fine,TN69M    7085,P.V,Minor,1
22.05.2014,2:55 AM,1238.1,LHS,Rural,Maddipadu,Collision Brush/Side Wipe, Lorry hit C.C.Barrier,Lorry,Minor injury,Fault of driver of motor vehicle/driver of other vehicle/cyclist/pedestrian/passenger,Four lanes or more with central divider,Straight road,,Fine,TN69M    7085,P.V,Non injured ,1
22.05.2014,2:55 AM,1238.1,LHS,Rural,Maddipadu,Collision Brush/Side Wipe, Lorry hit C.C.Barrier,Lorry,Minor injury,Fault of driver of motor vehicle/driver of other vehicle/cyclist/pedestrian/passenger,Four lanes or more with central divider,Straight road,,Fine,TN69M    7085,P.V,Animals affected,0
22.05.2014,5:00 AM,1284.5,LHS,Rural,Ulavapadu,Overturning,Lorry Road Out side Overturned,Lorry,Minor injury,Fault of driver of motor vehicle/driver of other vehicle/cyclist/pedestrian/passenger,Four lanes or more with central divider,Straight road,,Fine,AP16Y  8298    ,P.V,Fatal,0
22.05.2014,5:00 AM,1284.5,LHS,Rural,Ulavapadu,Overturning,Lorry Road Out side Overturned,Lorry,Minor injury,Fault of driver of motor vehicle/driver of other vehicle/cyclist/pedestrian/passenger,Four lanes or more with central divider,Straight road,,Fine,AP16Y  8298    ,P.V,Grevious,0
22.05.2014,5:00 AM,1284.5,LHS,Rural,Ulavapadu,Overturning,Lorry Road Out side Overturned,Lorry,Minor injury,Fault of driver of motor vehicle/driver of other vehicle/cyclist/pedestrian/passenger,Four lanes or more with central divider,Straight road,,Fine,AP16Y  8298    ,P.V,Minor,1
22.05.2014,5:00 AM,1284.5,LHS,Rural,Ulavapadu,Overturning,Lorry Road Out side Overturned,Lorry,Minor injury,Fault of driver of motor vehicle/driver of other vehicle/cyclist/pedestrian/passenger,Four lanes or more with central divider,Straight road,,Fine,AP16Y  8298    ,P.V,Non injured ,1
22.05.2014,5:00 AM,1284.5,LHS,Rural,Ulavapadu,Overturning,Lorry Road Out side Overturned,Lorry,Minor injury,Fault of driver of motor vehicle/driver of other vehicle/cyclist/pedestrian/passenger,Four lanes or more with central divider,Straight road,,Fine,AP16Y  8298    ,P.V,Animals affected,0
23.05.2014,2:15 AM,1330.2,LHS,Rural,Kavali,Collision Brush/Side Wipe,Unknown Vehicle hit Tata (207) ,Unknown,Non injury,Fault of driver of motor vehicle/driver of other vehicle/cyclist/pedestrian/passenger,Four lanes or more with central divider,Straight road,,Fine,Unknown Vehicle,P.V,Fatal,0
23.05.2014,2:15 AM,1330.2,LHS,Rural,Kavali,Collision Brush/Side Wipe,Unknown Vehicle hit Tata (207) ,Unknown,Non injury,Fault of driver of motor vehicle/driver of other vehicle/cyclist/pedestrian/passenger,Four lanes or more with central divider,Straight road,,Fine,Unknown Vehicle,P.V,Grevious,0
23.05.2014,2:15 AM,1330.2,LHS,Rural,Kavali,Collision Brush/Side Wipe,Unknown Vehicle hit Tata (207) ,Unknown,Non injury,Fault of driver of motor vehicle/driver of other vehicle/cyclist/pedestrian/passenger,Four lanes or more with central divider,Straight road,,Fine,Unknown Vehicle,P.V,Minor,0
23.05.2014,2:15 AM,1330.2,LHS,Rural,Kavali,Collision Brush/Side Wipe,Unknown Vehicle hit Tata (207) ,Unknown,Non injury,Fault of driver of motor vehicle/driver of other vehicle/cyclist/pedestrian/passenger,Four lanes or more with central divider,Straight road,,Fine,Unknown Vehicle,P.V,Non injured ,3
23.05.2014,2:15 AM,1330.2,LHS,Rural,Kavali,Collision Brush/Side Wipe,Unknown Vehicle hit Tata (207) ,Unknown,Non injury,Fault of driver of motor vehicle/driver of other vehicle/cyclist/pedestrian/passenger,Four lanes or more with central divider,Straight road,,Fine,Unknown Vehicle,P.V,Animals affected,0
23.05.2014,9:10 AM,1193.1,LHS,Rural,Martur,Rear End Collision, Car  hit Container Vehicle,Car,Non injury,Over speed,Four lanes or more with central divider,Straight road,,Fine,AP07AB  5199,P.V,Fatal,0
23.05.2014,9:10 AM,1193.1,LHS,Rural,Martur,Rear End Collision, Car  hit Container Vehicle,Car,Non injury,Over speed,Four lanes or more with central divider,Straight road,,Fine,AP07AB  5199,P.V,Grevious,0
23.05.2014,9:10 AM,1193.1,LHS,Rural,Martur,Rear End Collision, Car  hit Container Vehicle,Car,Non injury,Over speed,Four lanes or more with central divider,Straight road,,Fine,AP07AB  5199,P.V,Minor,0
23.05.2014,9:10 AM,1193.1,LHS,Rural,Martur,Rear End Collision, Car  hit Container Vehicle,Car,Non injury,Over speed,Four lanes or more with central divider,Straight road,,Fine,AP07AB  5199,P.V,Non injured ,2
23.05.2014,9:10 AM,1193.1,LHS,Rural,Martur,Rear End Collision, Car  hit Container Vehicle,Car,Non injury,Over speed,Four lanes or more with central divider,Straight road,,Fine,AP07AB  5199,P.V,Animals affected,0
23.05.2014,11:15 AM,1267.7,LHS,Rural,Tangutur,Collision Brush/Side Wipe, Car  hit Median,Car,Non injury,Fault of driver of motor vehicle/driver of other vehicle/cyclist/pedestrian/passenger,Four lanes or more with central divider,Straight road,,Fine,AP27AM   8989,P.V,Fatal,0
23.05.2014,11:15 AM,1267.7,LHS,Rural,Tangutur,Collision Brush/Side Wipe, Car  hit Median,Car,Non injury,Fault of driver of motor vehicle/driver of other vehicle/cyclist/pedestrian/passenger,Four lanes or more with central divider,Straight road,,Fine,AP27AM   8989,P.V,Grevious,0
23.05.2014,11:15 AM,1267.7,LHS,Rural,Tangutur,Collision Brush/Side Wipe, Car  hit Median,Car,Non injury,Fault of driver of motor vehicle/driver of other vehicle/cyclist/pedestrian/passenger,Four lanes or more with central divider,Straight road,,Fine,AP27AM   8989,P.V,Minor,0
23.05.2014,11:15 AM,1267.7,LHS,Rural,Tangutur,Collision Brush/Side Wipe, Car  hit Median,Car,Non injury,Fault of driver of motor vehicle/driver of other vehicle/cyclist/pedestrian/passenger,Four lanes or more with central divider,Straight road,,Fine,AP27AM   8989,P.V,Non injured ,3
23.05.2014,11:15 AM,1267.7,LHS,Rural,Tangutur,Collision Brush/Side Wipe, Car  hit Median,Car,Non injury,Fault of driver of motor vehicle/driver of other vehicle/cyclist/pedestrian/passenger,Four lanes or more with central divider,Straight road,,Fine,AP27AM   8989,P.V,Animals affected,0
23.05.2014,1:18 PM,1219.5,RHS,Rural,Medarametla,Rear End Collision, Car  hit Lorry,Car,Grievious injury,Over speed,Four lanes or more with central divider,Straight road,Four arm junction,Fine,AP04P    4559,P.V,Fatal,0
23.05.2014,1:18 PM,1219.5,RHS,Rural,Medarametla,Rear End Collision, Car  hit Lorry,Car,Grievious injury,Over speed,Four lanes or more with central divider,Straight road,Four arm junction,Fine,AP04P    4559,P.V,Grevious,1
23.05.2014,1:18 PM,1219.5,RHS,Rural,Medarametla,Rear End Collision, Car  hit Lorry,Car,Grievious injury,Over speed,Four lanes or more with central divider,Straight road,Four arm junction,Fine,AP04P    4559,P.V,Minor,0
23.05.2014,1:18 PM,1219.5,RHS,Rural,Medarametla,Rear End Collision, Car  hit Lorry,Car,Grievious injury,Over speed,Four lanes or more with central divider,Straight road,Four arm junction,Fine,AP04P    4559,P.V,Non injured ,2
23.05.2014,1:18 PM,1219.5,RHS,Rural,Medarametla,Rear End Collision, Car  hit Lorry,Car,Grievious injury,Over speed,Four lanes or more with central divider,Straight road,Four arm junction,Fine,AP04P    4559,P.V,Animals affected,0
23.05.2014,2:01 PM,1332.9,LHS,Rural,K.Tippa ,Collision Brush/Side Wipe,Lorry hit Bridge wall,Lorry,Non injury,Defect in mechanical condition of motor vehicle/road condition,Four lanes or more with central divider,Flat road,,Fine,UA04E     1828,P.V,Fatal,0
23.05.2014,2:01 PM,1332.9,LHS,Rural,K.Tippa ,Collision Brush/Side Wipe,Lorry hit Bridge wall,Lorry,Non injury,Defect in mechanical condition of motor vehicle/road condition,Four lanes or more with central divider,Flat road,,Fine,UA04E     1828,P.V,Grevious,0
23.05.2014,2:01 PM,1332.9,LHS,Rural,K.Tippa ,Collision Brush/Side Wipe,Lorry hit Bridge wall,Lorry,Non injury,Defect in mechanical condition of motor vehicle/road condition,Four lanes or more with central divider,Flat road,,Fine,UA04E     1828,P.V,Minor,0
23.05.2014,2:01 PM,1332.9,LHS,Rural,K.Tippa ,Collision Brush/Side Wipe,Lorry hit Bridge wall,Lorry,Non injury,Defect in mechanical condition of motor vehicle/road condition,Four lanes or more with central divider,Flat road,,Fine,UA04E     1828,P.V,Non injured ,2
23.05.2014,2:01 PM,1332.9,LHS,Rural,K.Tippa ,Collision Brush/Side Wipe,Lorry hit Bridge wall,Lorry,Non injury,Defect in mechanical condition of motor vehicle/road condition,Four lanes or more with central divider,Flat road,,Fine,UA04E     1828,P.V,Animals affected,0
23.05.2014,5:57 PM,1283.8,LHS,Rural,Ulavapadu,Rear End Collision,Lorry hit Auto,Lorry,Grievious injury,Druken,Four lanes or more with central divider,Straight road,,Fine,AP07 TW      9949 ,P.V,Fatal,0
23.05.2014,5:57 PM,1283.8,LHS,Rural,Ulavapadu,Rear End Collision,Lorry hit Auto,Lorry,Grievious injury,Druken,Four lanes or more with central divider,Straight road,,Fine,AP07 TW      9949 ,P.V,Grevious,2
23.05.2014,5:57 PM,1283.8,LHS,Rural,Ulavapadu,Rear End Collision,Lorry hit Auto,Lorry,Grievious injury,Druken,Four lanes or more with central divider,Straight road,,Fine,AP07 TW      9949 ,P.V,Minor,0
23.05.2014,5:57 PM,1283.8,LHS,Rural,Ulavapadu,Rear End Collision,Lorry hit Auto,Lorry,Grievious injury,Druken,Four lanes or more with central divider,Straight road,,Fine,AP07 TW      9949 ,P.V,Non injured ,2
23.05.2014,5:57 PM,1283.8,LHS,Rural,Ulavapadu,Rear End Collision,Lorry hit Auto,Lorry,Grievious injury,Druken,Four lanes or more with central divider,Straight road,,Fine,AP07 TW      9949 ,P.V,Animals affected,0
24.05.2014,3:10 AM,1294.8,LHS,Rural,Ulavapadu,Rear End Collision, Container Lorry hit Unknown vehicle,Container,Non injury,Over speed,Four lanes or more with central divider,Straight road,,Fine,HR55C   9880,P.V,Fatal,0
24.05.2014,3:10 AM,1294.8,LHS,Rural,Ulavapadu,Rear End Collision, Container Lorry hit Unknown vehicle,Container,Non injury,Over speed,Four lanes or more with central divider,Straight road,,Fine,HR55C   9880,P.V,Grevious,0
24.05.2014,3:10 AM,1294.8,LHS,Rural,Ulavapadu,Rear End Collision, Container Lorry hit Unknown vehicle,Container,Non injury,Over speed,Four lanes or more with central divider,Straight road,,Fine,HR55C   9880,P.V,Minor,0
24.05.2014,3:10 AM,1294.8,LHS,Rural,Ulavapadu,Rear End Collision, Container Lorry hit Unknown vehicle,Container,Non injury,Over speed,Four lanes or more with central divider,Straight road,,Fine,HR55C   9880,P.V,Non injured ,1
24.05.2014,3:10 AM,1294.8,LHS,Rural,Ulavapadu,Rear End Collision, Container Lorry hit Unknown vehicle,Container,Non injury,Over speed,Four lanes or more with central divider,Straight road,,Fine,HR55C   9880,P.V,Animals affected,0
24.05.2014,6:00 AM,1268.9,LHS,Rural,Tangutur,Collision Brush/Side Wipe, Car hit Safety Wall,Car,Non injury,Over speed,Four lanes or more with central divider,Slight curve,,Fine,AP04TV  5690,P.V,Fatal,0
24.05.2014,6:00 AM,1268.9,LHS,Rural,Tangutur,Collision Brush/Side Wipe, Car hit Safety Wall,Car,Non injury,Over speed,Four lanes or more with central divider,Slight curve,,Fine,AP04TV  5690,P.V,Grevious,0
24.05.2014,6:00 AM,1268.9,LHS,Rural,Tangutur,Collision Brush/Side Wipe, Car hit Safety Wall,Car,Non injury,Over speed,Four lanes or more with central divider,Slight curve,,Fine,AP04TV  5690,P.V,Minor,0
24.05.2014,6:00 AM,1268.9,LHS,Rural,Tangutur,Collision Brush/Side Wipe, Car hit Safety Wall,Car,Non injury,Over speed,Four lanes or more with central divider,Slight curve,,Fine,AP04TV  5690,P.V,Non injured ,6
24.05.2014,6:00 AM,1268.9,LHS,Rural,Tangutur,Collision Brush/Side Wipe, Car hit Safety Wall,Car,Non injury,Over speed,Four lanes or more with central divider,Slight curve,,Fine,AP04TV  5690,P.V,Animals affected,0
26.05.2014,3:15 AM,1292.3,RHS,Rural,Ulavapadu,Collision Brush/Side Wipe, Car  hit Median,Car,Non injury,Fault of driver of motor vehicle/driver of other vehicle/cyclist/pedestrian/passenger,Four lanes or more with central divider,Straight road,,Fine,AP21V   7198,P.V,Fatal,0
26.05.2014,3:15 AM,1292.3,RHS,Rural,Ulavapadu,Collision Brush/Side Wipe, Car  hit Median,Car,Non injury,Fault of driver of motor vehicle/driver of other vehicle/cyclist/pedestrian/passenger,Four lanes or more with central divider,Straight road,,Fine,AP21V   7198,P.V,Grevious,0
26.05.2014,3:15 AM,1292.3,RHS,Rural,Ulavapadu,Collision Brush/Side Wipe, Car  hit Median,Car,Non injury,Fault of driver of motor vehicle/driver of other vehicle/cyclist/pedestrian/passenger,Four lanes or more with central divider,Straight road,,Fine,AP21V   7198,P.V,Minor,0
26.05.2014,3:15 AM,1292.3,RHS,Rural,Ulavapadu,Collision Brush/Side Wipe, Car  hit Median,Car,Non injury,Fault of driver of motor vehicle/driver of other vehicle/cyclist/pedestrian/passenger,Four lanes or more with central divider,Straight road,,Fine,AP21V   7198,P.V,Non injured ,1
26.05.2014,3:15 AM,1292.3,RHS,Rural,Ulavapadu,Collision Brush/Side Wipe, Car  hit Median,Car,Non injury,Fault of driver of motor vehicle/driver of other vehicle/cyclist/pedestrian/passenger,Four lanes or more with central divider,Straight road,,Fine,AP21V   7198,P.V,Animals affected,0
26.05.2014,5:20 AM,1334.5,LHS,Rural,K.Tippa ,Rear End Collision,Private Bus hit Mini Lorry,Bus,Non injury,Over speed,Four lanes or more with central divider,Straight road,,Fine,AP07TC    1555,P.V,Fatal,0
26.05.2014,5:20 AM,1334.5,LHS,Rural,K.Tippa ,Rear End Collision,Private Bus hit Mini Lorry,Bus,Non injury,Over speed,Four lanes or more with central divider,Straight road,,Fine,AP07TC    1555,P.V,Grevious,0
26.05.2014,5:20 AM,1334.5,LHS,Rural,K.Tippa ,Rear End Collision,Private Bus hit Mini Lorry,Bus,Non injury,Over speed,Four lanes or more with central divider,Straight road,,Fine,AP07TC    1555,P.V,Minor,0
26.05.2014,5:20 AM,1334.5,LHS,Rural,K.Tippa ,Rear End Collision,Private Bus hit Mini Lorry,Bus,Non injury,Over speed,Four lanes or more with central divider,Straight road,,Fine,AP07TC    1555,P.V,Non injured ,26
26.05.2014,5:20 AM,1334.5,LHS,Rural,K.Tippa ,Rear End Collision,Private Bus hit Mini Lorry,Bus,Non injury,Over speed,Four lanes or more with central divider,Straight road,,Fine,AP07TC    1555,P.V,Animals affected,0
27.05.2014,8:20 AM,1234.8,RHS,Rural,Maddipadu,Collision Brush/Side Wipe, Car  hit Bike,Car,Grievious injury,Over speed,Four lanes or more with central divider,Straight road,,Fine,AP9BD    3659,P.V,Fatal,0
27.05.2014,8:20 AM,1234.8,RHS,Rural,Maddipadu,Collision Brush/Side Wipe, Car  hit Bike,Car,Grievious injury,Over speed,Four lanes or more with central divider,Straight road,,Fine,AP9BD    3659,P.V,Grevious,1
27.05.2014,8:20 AM,1234.8,RHS,Rural,Maddipadu,Collision Brush/Side Wipe, Car  hit Bike,Car,Grievious injury,Over speed,Four lanes or more with central divider,Straight road,,Fine,AP9BD    3659,P.V,Minor,0
27.05.2014,8:20 AM,1234.8,RHS,Rural,Maddipadu,Collision Brush/Side Wipe, Car  hit Bike,Car,Grievious injury,Over speed,Four lanes or more with central divider,Straight road,,Fine,AP9BD    3659,P.V,Non injured ,2
27.05.2014,8:20 AM,1234.8,RHS,Rural,Maddipadu,Collision Brush/Side Wipe, Car  hit Bike,Car,Grievious injury,Over speed,Four lanes or more with central divider,Straight road,,Fine,AP9BD    3659,P.V,Animals affected,0
28.05.2014,12:40 AM,1240.8,LHS,Rural,Ongole,Collision Brush/Side Wipe, Car hit Safety Wall,Car,Non injury,Fault of driver of motor vehicle/driver of other vehicle/cyclist/pedestrian/passenger,Four lanes or more with central divider,Straight road,,Fine,AP21AP  5787,P.V,Fatal,0
28.05.2014,12:40 AM,1240.8,LHS,Rural,Ongole,Collision Brush/Side Wipe, Car hit Safety Wall,Car,Non injury,Fault of driver of motor vehicle/driver of other vehicle/cyclist/pedestrian/passenger,Four lanes or more with central divider,Straight road,,Fine,AP21AP  5787,P.V,Grevious,0
28.05.2014,12:40 AM,1240.8,LHS,Rural,Ongole,Collision Brush/Side Wipe, Car hit Safety Wall,Car,Non injury,Fault of driver of motor vehicle/driver of other vehicle/cyclist/pedestrian/passenger,Four lanes or more with central divider,Straight road,,Fine,AP21AP  5787,P.V,Minor,0
28.05.2014,12:40 AM,1240.8,LHS,Rural,Ongole,Collision Brush/Side Wipe, Car hit Safety Wall,Car,Non injury,Fault of driver of motor vehicle/driver of other vehicle/cyclist/pedestrian/passenger,Four lanes or more with central divider,Straight road,,Fine,AP21AP  5787,P.V,Non injured ,1
28.05.2014,12:40 AM,1240.8,LHS,Rural,Ongole,Collision Brush/Side Wipe, Car hit Safety Wall,Car,Non injury,Fault of driver of motor vehicle/driver of other vehicle/cyclist/pedestrian/passenger,Four lanes or more with central divider,Straight road,,Fine,AP21AP  5787,P.V,Animals affected,0
28.05.2014,2:18 AM,1287.9,RHS,Rural,Ulavapadu,Overturning,Van       OverTurned,Van,Minor injury,Fault of driver of motor vehicle/driver of other vehicle/cyclist/pedestrian/passenger,Four lanes or more with central divider,Straight road,,Fine,A16TC   3000,P.V & AMB,Fatal,0
28.05.2014,2:18 AM,1287.9,RHS,Rural,Ulavapadu,Overturning,Van       OverTurned,Van,Minor injury,Fault of driver of motor vehicle/driver of other vehicle/cyclist/pedestrian/passenger,Four lanes or more with central divider,Straight road,,Fine,A16TC   3000,P.V & AMB,Grevious,0
28.05.2014,2:18 AM,1287.9,RHS,Rural,Ulavapadu,Overturning,Van       OverTurned,Van,Minor injury,Fault of driver of motor vehicle/driver of other vehicle/cyclist/pedestrian/passenger,Four lanes or more with central divider,Straight road,,Fine,A16TC   3000,P.V & AMB,Minor,3
28.05.2014,2:18 AM,1287.9,RHS,Rural,Ulavapadu,Overturning,Van       OverTurned,Van,Minor injury,Fault of driver of motor vehicle/driver of other vehicle/cyclist/pedestrian/passenger,Four lanes or more with central divider,Straight road,,Fine,A16TC   3000,P.V & AMB,Non injured ,3
28.05.2014,2:18 AM,1287.9,RHS,Rural,Ulavapadu,Overturning,Van       OverTurned,Van,Minor injury,Fault of driver of motor vehicle/driver of other vehicle/cyclist/pedestrian/passenger,Four lanes or more with central divider,Straight road,,Fine,A16TC   3000,P.V & AMB,Animals affected,0
29.05.2014,12:45 AM,1249.1,LHS,Urban,Ongole,Collision Brush/Side Wipe, Container Vehicle hit  Bike ,Container,Fatal,Over speed,Four lanes or more with central divider,Straight road,,Fine,TN04AF   7168,P.V ,Fatal,1
29.05.2014,12:45 AM,1249.1,LHS,Urban,Ongole,Collision Brush/Side Wipe, Container Vehicle hit  Bike ,Container,Fatal,Over speed,Four lanes or more with central divider,Straight road,,Fine,TN04AF   7168,P.V ,Grevious,0
29.05.2014,12:45 AM,1249.1,LHS,Urban,Ongole,Collision Brush/Side Wipe, Container Vehicle hit  Bike ,Container,Fatal,Over speed,Four lanes or more with central divider,Straight road,,Fine,TN04AF   7168,P.V ,Minor,0
29.05.2014,12:45 AM,1249.1,LHS,Urban,Ongole,Collision Brush/Side Wipe, Container Vehicle hit  Bike ,Container,Fatal,Over speed,Four lanes or more with central divider,Straight road,,Fine,TN04AF   7168,P.V ,Non injured ,0
29.05.2014,12:45 AM,1249.1,LHS,Urban,Ongole,Collision Brush/Side Wipe, Container Vehicle hit  Bike ,Container,Fatal,Over speed,Four lanes or more with central divider,Straight road,,Fine,TN04AF   7168,P.V ,Animals affected,0
30.05.2014,9:18 PM,1246.6,LHS,Urban,Ongole,Rear End Collision, Lorry  hit Container Vehicle,Lorry,Grievious injury,Over speed,Four lanes or more with central divider,Straight road,,Fine,AP16W  1807,P.V,Fatal,0
30.05.2014,9:18 PM,1246.6,LHS,Urban,Ongole,Rear End Collision, Lorry  hit Container Vehicle,Lorry,Grievious injury,Over speed,Four lanes or more with central divider,Straight road,,Fine,AP16W  1807,P.V,Grevious,1
30.05.2014,9:18 PM,1246.6,LHS,Urban,Ongole,Rear End Collision, Lorry  hit Container Vehicle,Lorry,Grievious injury,Over speed,Four lanes or more with central divider,Straight road,,Fine,AP16W  1807,P.V,Minor,0
30.05.2014,9:18 PM,1246.6,LHS,Urban,Ongole,Rear End Collision, Lorry  hit Container Vehicle,Lorry,Grievious injury,Over speed,Four lanes or more with central divider,Straight road,,Fine,AP16W  1807,P.V,Non injured ,0
30.05.2014,9:18 PM,1246.6,LHS,Urban,Ongole,Rear End Collision, Lorry  hit Container Vehicle,Lorry,Grievious injury,Over speed,Four lanes or more with central divider,Straight road,,Fine,AP16W  1807,P.V,Animals affected,0
31.05.2014,12:04 AM,1268.2,RHS,Rural,Tangutur,Collision Brush/Side Wipe,  Private Bus hit  Bike ,Bus,Fatal,Over speed,Four lanes or more with central divider,Straight road,T-Junction,Fine,AP8TD    6686,P.V,Fatal,1
31.05.2014,12:04 AM,1268.2,RHS,Rural,Tangutur,Collision Brush/Side Wipe,  Private Bus hit  Bike ,Bus,Fatal,Over speed,Four lanes or more with central divider,Straight road,T-Junction,Fine,AP8TD    6686,P.V,Grevious,0
31.05.2014,12:04 AM,1268.2,RHS,Rural,Tangutur,Collision Brush/Side Wipe,  Private Bus hit  Bike ,Bus,Fatal,Over speed,Four lanes or more with central divider,Straight road,T-Junction,Fine,AP8TD    6686,P.V,Minor,0
31.05.2014,12:04 AM,1268.2,RHS,Rural,Tangutur,Collision Brush/Side Wipe,  Private Bus hit  Bike ,Bus,Fatal,Over speed,Four lanes or more with central divider,Straight road,T-Junction,Fine,AP8TD    6686,P.V,Non injured ,23
31.05.2014,12:04 AM,1268.2,RHS,Rural,Tangutur,Collision Brush/Side Wipe,  Private Bus hit  Bike ,Bus,Fatal,Over speed,Four lanes or more with central divider,Straight road,T-Junction,Fine,AP8TD    6686,P.V,Animals affected,0
31.05.2014,8:05 AM,1310.3,LHS,Rural,Kavali,Head on collision, Lorry  hit Tata Magic Vehicle,Lorry,Fatal,Fault of driver of motor vehicle/driver of other vehicle/cyclist/pedestrian/passenger,Four lanes or more with central divider,Straight road,,Fine,AP37TC   4644,P.V,Fatal,1
31.05.2014,8:05 AM,1310.3,LHS,Rural,Kavali,Head on collision, Lorry  hit Tata Magic Vehicle,Lorry,Fatal,Fault of driver of motor vehicle/driver of other vehicle/cyclist/pedestrian/passenger,Four lanes or more with central divider,Straight road,,Fine,AP37TC   4644,P.V,Grevious,0
31.05.2014,8:05 AM,1310.3,LHS,Rural,Kavali,Head on collision, Lorry  hit Tata Magic Vehicle,Lorry,Fatal,Fault of driver of motor vehicle/driver of other vehicle/cyclist/pedestrian/passenger,Four lanes or more with central divider,Straight road,,Fine,AP37TC   4644,P.V,Minor,0
31.05.2014,8:05 AM,1310.3,LHS,Rural,Kavali,Head on collision, Lorry  hit Tata Magic Vehicle,Lorry,Fatal,Fault of driver of motor vehicle/driver of other vehicle/cyclist/pedestrian/passenger,Four lanes or more with central divider,Straight road,,Fine,AP37TC   4644,P.V,Non injured ,2
31.05.2014,8:05 AM,1310.3,LHS,Rural,Kavali,Head on collision, Lorry  hit Tata Magic Vehicle,Lorry,Fatal,Fault of driver of motor vehicle/driver of other vehicle/cyclist/pedestrian/passenger,Four lanes or more with central divider,Straight road,,Fine,AP37TC   4644,P.V,Animals affected,0
31.05.2014,8:50 AM,1263.4,RHS,Rural,Tangutur,Collision Brush/Side Wipe,Lorry hit  Unknown Vehicle ,Lorry,Minor injury,Over speed,Four lanes or more with central divider,Straight road,,Fine,AP07T   4507,P.V & AMB,Fatal,0
31.05.2014,8:50 AM,1263.4,RHS,Rural,Tangutur,Collision Brush/Side Wipe,Lorry hit  Unknown Vehicle ,Lorry,Minor injury,Over speed,Four lanes or more with central divider,Straight road,,Fine,AP07T   4507,P.V & AMB,Grevious,0
31.05.2014,8:50 AM,1263.4,RHS,Rural,Tangutur,Collision Brush/Side Wipe,Lorry hit  Unknown Vehicle ,Lorry,Minor injury,Over speed,Four lanes or more with central divider,Straight road,,Fine,AP07T   4507,P.V & AMB,Minor,4
31.05.2014,8:50 AM,1263.4,RHS,Rural,Tangutur,Collision Brush/Side Wipe,Lorry hit  Unknown Vehicle ,Lorry,Minor injury,Over speed,Four lanes or more with central divider,Straight road,,Fine,AP07T   4507,P.V & AMB,Non injured ,0
31.05.2014,8:50 AM,1263.4,RHS,Rural,Tangutur,Collision Brush/Side Wipe,Lorry hit  Unknown Vehicle ,Lorry,Minor injury,Over speed,Four lanes or more with central divider,Straight road,,Fine,AP07T   4507,P.V & AMB,Animals affected,0
31.05.2014,4:50 PM,1330.4,RHS,Rural,Kavali,Skidding, Bike Skidding,Bike,Minor injury,Over speed,Four lanes or more with central divider,Straight road,,Fine,F/R BIKE,AMB,Fatal,0