Operational date,Time of Accident,KM && M,Position,Rural/Urban,Location,Nature of Accident Position,Nature of Accident,Vehicle Involved,Type of Accident,Causes,Road Feature,Road condition,Intersection Type And Control,Weather Condition,Vehicle Responsible,Help Provided by Ambulance/Patroling Vehicle,Classification of Accident,No of Affected Persons
31.05.2014,4:50 PM,1330.4,RHS,Rural,Kavali,Skidding, Bike Skidding,Bike,Minor injury,Over speed,Four lanes or more with central divider,Straight road,,Fine,F/R BIKE,AMB,Grevious,0
31.05.2014,4:50 PM,1330.4,RHS,Rural,Kavali,Skidding, Bike Skidding,Bike,Minor injury,Over speed,Four lanes or more with central divider,Straight road,,Fine,F/R BIKE,AMB,Minor,1
31.05.2014,4:50 PM,1330.4,RHS,Rural,Kavali,Skidding, Bike Skidding,Bike,Minor injury,Over speed,Four lanes or more with central divider,Straight road,,Fine,F/R BIKE,AMB,Non injured ,1
31.05.2014,4:50 PM,1330.4,RHS,Rural,Kavali,Skidding, Bike Skidding,Bike,Minor injury,Over speed,Four lanes or more with central divider,Straight road,,Fine,F/R BIKE,AMB,Animals affected,0
01.06.2014,1:00 PM,1301.5,LHS,Rural,Gudluru,Rear End Collision, Car hit Oil Tanker,Car,Fatal,Over speed,Three lanes or more without central divider(median),Sharp curve,T-Junction,Fine,AP0BT   0707,P.V,Fatal,1
01.06.2014,1:00 PM,1301.5,LHS,Rural,Gudluru,Rear End Collision, Car hit Oil Tanker,Car,Fatal,Over speed,Three lanes or more without central divider(median),Sharp curve,T-Junction,Fine,AP0BT   0707,P.V,Grevious,0
01.06.2014,1:00 PM,1301.5,LHS,Rural,Gudluru,Rear End Collision, Car hit Oil Tanker,Car,Fatal,Over speed,Three lanes or more without central divider(median),Sharp curve,T-Junction,Fine,AP0BT   0707,P.V,Minor,5
01.06.2014,1:00 PM,1301.5,LHS,Rural,Gudluru,Rear End Collision, Car hit Oil Tanker,Car,Fatal,Over speed,Three lanes or more without central divider(median),Sharp curve,T-Junction,Fine,AP0BT   0707,P.V,Non injured ,2
01.06.2014,1:00 PM,1301.5,LHS,Rural,Gudluru,Rear End Collision, Car hit Oil Tanker,Car,Fatal,Over speed,Three lanes or more without central divider(median),Sharp curve,T-Junction,Fine,AP0BT   0707,P.V,Animals affected,0
02.06.2014,6:28 AM,1338.5,RHS,Rural,Dagadarthi,Rear End Collision, Car hit Tractor,Car,Grievious injury,Over speed,Four lanes or more with central divider,Straight road,,Fine,AP07BQ      8931,P.V,Fatal,0
02.06.2014,6:28 AM,1338.5,RHS,Rural,Dagadarthi,Rear End Collision, Car hit Tractor,Car,Grievious injury,Over speed,Four lanes or more with central divider,Straight road,,Fine,AP07BQ      8931,P.V,Grevious,2
02.06.2014,6:28 AM,1338.5,RHS,Rural,Dagadarthi,Rear End Collision, Car hit Tractor,Car,Grievious injury,Over speed,Four lanes or more with central divider,Straight road,,Fine,AP07BQ      8931,P.V,Minor,4
02.06.2014,6:28 AM,1338.5,RHS,Rural,Dagadarthi,Rear End Collision, Car hit Tractor,Car,Grievious injury,Over speed,Four lanes or more with central divider,Straight road,,Fine,AP07BQ      8931,P.V,Non injured ,2
02.06.2014,6:28 AM,1338.5,RHS,Rural,Dagadarthi,Rear End Collision, Car hit Tractor,Car,Grievious injury,Over speed,Four lanes or more with central divider,Straight road,,Fine,AP07BQ      8931,P.V,Animals affected,0
02.06.2014,12:40 PM,1254.4,RHS,Rural,Ongole,Collision Brush/Side Wipe, Bike hit Tricycle,Bike,Minor injury,Over speed,Four lanes or more with central divider,Straight road,,Fine,AP07AC      9990,P.V,Fatal,0
02.06.2014,12:40 PM,1254.4,RHS,Rural,Ongole,Collision Brush/Side Wipe, Bike hit Tricycle,Bike,Minor injury,Over speed,Four lanes or more with central divider,Straight road,,Fine,AP07AC      9990,P.V,Grevious,0
02.06.2014,12:40 PM,1254.4,RHS,Rural,Ongole,Collision Brush/Side Wipe, Bike hit Tricycle,Bike,Minor injury,Over speed,Four lanes or more with central divider,Straight road,,Fine,AP07AC      9990,P.V,Minor,2
02.06.2014,12:40 PM,1254.4,RHS,Rural,Ongole,Collision Brush/Side Wipe, Bike hit Tricycle,Bike,Minor injury,Over speed,Four lanes or more with central divider,Straight road,,Fine,AP07AC      9990,P.V,Non injured ,0
02.06.2014,12:40 PM,1254.4,RHS,Rural,Ongole,Collision Brush/Side Wipe, Bike hit Tricycle,Bike,Minor injury,Over speed,Four lanes or more with central divider,Straight road,,Fine,AP07AC      9990,P.V,Animals affected,0
03.06.2014,3:20 AM,1240.1,RHS,Rural,Ongole,Collision Brush/Side Wipe, Lorry hit   Median,Lorry,Non injury,Over speed,Three lanes or more without central divider(median),Slight curve,T-Junction,Fine,AP07TW    1129,P.V,Fatal,0
03.06.2014,3:20 AM,1240.1,RHS,Rural,Ongole,Collision Brush/Side Wipe, Lorry hit   Median,Lorry,Non injury,Over speed,Three lanes or more without central divider(median),Slight curve,T-Junction,Fine,AP07TW    1129,P.V,Grevious,0
03.06.2014,3:20 AM,1240.1,RHS,Rural,Ongole,Collision Brush/Side Wipe, Lorry hit   Median,Lorry,Non injury,Over speed,Three lanes or more without central divider(median),Slight curve,T-Junction,Fine,AP07TW    1129,P.V,Minor,0
03.06.2014,3:20 AM,1240.1,RHS,Rural,Ongole,Collision Brush/Side Wipe, Lorry hit   Median,Lorry,Non injury,Over speed,Three lanes or more without central divider(median),Slight curve,T-Junction,Fine,AP07TW    1129,P.V,Non injured ,2
03.06.2014,3:20 AM,1240.1,RHS,Rural,Ongole,Collision Brush/Side Wipe, Lorry hit   Median,Lorry,Non injury,Over speed,Three lanes or more without central divider(median),Slight curve,T-Junction,Fine,AP07TW    1129,P.V,Animals affected,0
03.06.2014,2:20 PM,1193,RHS,Rural,Martur,Collision Brush/Side Wipe, Car hit   Bike,Car,Minor injury,Fault of driver of motor vehicle/driver of other vehicle/cyclist/pedestrian/passenger,Four lanes or more with central divider,Straight road,,Fine,AP09AQ     5016,P.V,Fatal,0
03.06.2014,2:20 PM,1193,RHS,Rural,Martur,Collision Brush/Side Wipe, Car hit   Bike,Car,Minor injury,Fault of driver of motor vehicle/driver of other vehicle/cyclist/pedestrian/passenger,Four lanes or more with central divider,Straight road,,Fine,AP09AQ     5016,P.V,Grevious,0
03.06.2014,2:20 PM,1193,RHS,Rural,Martur,Collision Brush/Side Wipe, Car hit   Bike,Car,Minor injury,Fault of driver of motor vehicle/driver of other vehicle/cyclist/pedestrian/passenger,Four lanes or more with central divider,Straight road,,Fine,AP09AQ     5016,P.V,Minor,2
03.06.2014,2:20 PM,1193,RHS,Rural,Martur,Collision Brush/Side Wipe, Car hit   Bike,Car,Minor injury,Fault of driver of motor vehicle/driver of other vehicle/cyclist/pedestrian/passenger,Four lanes or more with central divider,Straight road,,Fine,AP09AQ     5016,P.V,Non injured ,2
03.06.2014,2:20 PM,1193,RHS,Rural,Martur,Collision Brush/Side Wipe, Car hit   Bike,Car,Minor injury,Fault of driver of motor vehicle/driver of other vehicle/cyclist/pedestrian/passenger,Four lanes or more with central divider,Straight road,,Fine,AP09AQ     5016,P.V,Animals affected,0
04.06.2014,3:34 PM,1273.2,RHS,Rural,Singarayakonda,Collision Brush/Side Wipe, Car hit CC Barriers,Car,Non injury,Over speed,Four lanes or more with central divider,Straight road,,Fine,AP11AP  1999,P.V,Fatal,0
04.06.2014,3:34 PM,1273.2,RHS,Rural,Singarayakonda,Collision Brush/Side Wipe, Car hit CC Barriers,Car,Non injury,Over speed,Four lanes or more with central divider,Straight road,,Fine,AP11AP  1999,P.V,Grevious,0
04.06.2014,3:34 PM,1273.2,RHS,Rural,Singarayakonda,Collision Brush/Side Wipe, Car hit CC Barriers,Car,Non injury,Over speed,Four lanes or more with central divider,Straight road,,Fine,AP11AP  1999,P.V,Minor,0
04.06.2014,3:34 PM,1273.2,RHS,Rural,Singarayakonda,Collision Brush/Side Wipe, Car hit CC Barriers,Car,Non injury,Over speed,Four lanes or more with central divider,Straight road,,Fine,AP11AP  1999,P.V,Non injured ,2
04.06.2014,3:34 PM,1273.2,RHS,Rural,Singarayakonda,Collision Brush/Side Wipe, Car hit CC Barriers,Car,Non injury,Over speed,Four lanes or more with central divider,Straight road,,Fine,AP11AP  1999,P.V,Animals affected,0
05.06.2014,12:10 AM,1332.3,RHS,Rural,K.Tippa ,Overturning, Car  OverTurned,Car,Grievious injury,Vehicle out of control,Four lanes or more with central divider,Straight road,,Fine,AP26M    6678,P.V&AMB,Fatal,0
05.06.2014,12:10 AM,1332.3,RHS,Rural,K.Tippa ,Overturning, Car  OverTurned,Car,Grievious injury,Vehicle out of control,Four lanes or more with central divider,Straight road,,Fine,AP26M    6678,P.V&AMB,Grevious,1
05.06.2014,12:10 AM,1332.3,RHS,Rural,K.Tippa ,Overturning, Car  OverTurned,Car,Grievious injury,Vehicle out of control,Four lanes or more with central divider,Straight road,,Fine,AP26M    6678,P.V&AMB,Minor,0
05.06.2014,12:10 AM,1332.3,RHS,Rural,K.Tippa ,Overturning, Car  OverTurned,Car,Grievious injury,Vehicle out of control,Four lanes or more with central divider,Straight road,,Fine,AP26M    6678,P.V&AMB,Non injured ,1
05.06.2014,12:10 AM,1332.3,RHS,Rural,K.Tippa ,Overturning, Car  OverTurned,Car,Grievious injury,Vehicle out of control,Four lanes or more with central divider,Straight road,,Fine,AP26M    6678,P.V&AMB,Animals affected,0
05.06.2014,3:05 AM,1360.7,LHS,Rural,Kodavaluru,Rear End Collision, Tempo van  hit Container Vehicle,Van,Minor injury,Fault of driver of motor vehicle/driver of other vehicle/cyclist/pedestrian/passenger,Four lanes or more with central divider,Straight road,,Fine,AP29V     2821,P.V,Fatal,0
05.06.2014,3:05 AM,1360.7,LHS,Rural,Kodavaluru,Rear End Collision, Tempo van  hit Container Vehicle,Van,Minor injury,Fault of driver of motor vehicle/driver of other vehicle/cyclist/pedestrian/passenger,Four lanes or more with central divider,Straight road,,Fine,AP29V     2821,P.V,Grevious,0
05.06.2014,3:05 AM,1360.7,LHS,Rural,Kodavaluru,Rear End Collision, Tempo van  hit Container Vehicle,Van,Minor injury,Fault of driver of motor vehicle/driver of other vehicle/cyclist/pedestrian/passenger,Four lanes or more with central divider,Straight road,,Fine,AP29V     2821,P.V,Minor,2
05.06.2014,3:05 AM,1360.7,LHS,Rural,Kodavaluru,Rear End Collision, Tempo van  hit Container Vehicle,Van,Minor injury,Fault of driver of motor vehicle/driver of other vehicle/cyclist/pedestrian/passenger,Four lanes or more with central divider,Straight road,,Fine,AP29V     2821,P.V,Non injured ,8
05.06.2014,3:05 AM,1360.7,LHS,Rural,Kodavaluru,Rear End Collision, Tempo van  hit Container Vehicle,Van,Minor injury,Fault of driver of motor vehicle/driver of other vehicle/cyclist/pedestrian/passenger,Four lanes or more with central divider,Straight road,,Fine,AP29V     2821,P.V,Animals affected,0
06.06.2014,2:27 AM,1304.2,LHS,Rural,Gudluru,Skidding,Bike   Skidding,Bike,Grievious injury,Over speed,Four lanes or more with central divider,Straight road,,Fine,AP26AK  5507,P.V&AMB,Fatal,0
06.06.2014,2:27 AM,1304.2,LHS,Rural,Gudluru,Skidding,Bike   Skidding,Bike,Grievious injury,Over speed,Four lanes or more with central divider,Straight road,,Fine,AP26AK  5507,P.V&AMB,Grevious,1
06.06.2014,2:27 AM,1304.2,LHS,Rural,Gudluru,Skidding,Bike   Skidding,Bike,Grievious injury,Over speed,Four lanes or more with central divider,Straight road,,Fine,AP26AK  5507,P.V&AMB,Minor,1
06.06.2014,2:27 AM,1304.2,LHS,Rural,Gudluru,Skidding,Bike   Skidding,Bike,Grievious injury,Over speed,Four lanes or more with central divider,Straight road,,Fine,AP26AK  5507,P.V&AMB,Non injured ,0
06.06.2014,2:27 AM,1304.2,LHS,Rural,Gudluru,Skidding,Bike   Skidding,Bike,Grievious injury,Over speed,Four lanes or more with central divider,Straight road,,Fine,AP26AK  5507,P.V&AMB,Animals affected,0
06.06.2014,11:35 AM,1330.8,LHS,Rural,Kavali,Rear End Collision, Car hit to Unknown Vehicle,Car,Grievious injury,Over speed,Four lanes or more with central divider,Straight road,,Fine,KA9MH         5,P.V,Fatal,0
06.06.2014,11:35 AM,1330.8,LHS,Rural,Kavali,Rear End Collision, Car hit to Unknown Vehicle,Car,Grievious injury,Over speed,Four lanes or more with central divider,Straight road,,Fine,KA9MH         5,P.V,Grevious,5
06.06.2014,11:35 AM,1330.8,LHS,Rural,Kavali,Rear End Collision, Car hit to Unknown Vehicle,Car,Grievious injury,Over speed,Four lanes or more with central divider,Straight road,,Fine,KA9MH         5,P.V,Minor,0
06.06.2014,11:35 AM,1330.8,LHS,Rural,Kavali,Rear End Collision, Car hit to Unknown Vehicle,Car,Grievious injury,Over speed,Four lanes or more with central divider,Straight road,,Fine,KA9MH         5,P.V,Non injured ,0
06.06.2014,11:35 AM,1330.8,LHS,Rural,Kavali,Rear End Collision, Car hit to Unknown Vehicle,Car,Grievious injury,Over speed,Four lanes or more with central divider,Straight road,,Fine,KA9MH         5,P.V,Animals affected,0
06.06.2014,12:45 PM,1259.8,LHS,Rural,Tangutur,Collision Brush/Side Wipe, Car hit C.C.Barrier,Car,Non injury,Over speed,Four lanes or more with central divider,Straight road,,Fine,AP27AD    7119,P.V,Fatal,0
06.06.2014,12:45 PM,1259.8,LHS,Rural,Tangutur,Collision Brush/Side Wipe, Car hit C.C.Barrier,Car,Non injury,Over speed,Four lanes or more with central divider,Straight road,,Fine,AP27AD    7119,P.V,Grevious,0
06.06.2014,12:45 PM,1259.8,LHS,Rural,Tangutur,Collision Brush/Side Wipe, Car hit C.C.Barrier,Car,Non injury,Over speed,Four lanes or more with central divider,Straight road,,Fine,AP27AD    7119,P.V,Minor,0
06.06.2014,12:45 PM,1259.8,LHS,Rural,Tangutur,Collision Brush/Side Wipe, Car hit C.C.Barrier,Car,Non injury,Over speed,Four lanes or more with central divider,Straight road,,Fine,AP27AD    7119,P.V,Non injured ,1
06.06.2014,12:45 PM,1259.8,LHS,Rural,Tangutur,Collision Brush/Side Wipe, Car hit C.C.Barrier,Car,Non injury,Over speed,Four lanes or more with central divider,Straight road,,Fine,AP27AD    7119,P.V,Animals affected,0
06.06.2014,4:57 PM,1302.2,LHS,Rural,Gudluru,Others(p1.Specific), Accidently Lorry Driver    Fall down,Lorry,Fatal,Fault of driver of motor vehicle/driver of other vehicle/cyclist/pedestrian/passenger,Single lane,Straight road,,Fine,TN48D    0470,P.V ,Fatal,1
06.06.2014,4:57 PM,1302.2,LHS,Rural,Gudluru,Others(p1.Specific), Accidently Lorry Driver    Fall down,Lorry,Fatal,Fault of driver of motor vehicle/driver of other vehicle/cyclist/pedestrian/passenger,Single lane,Straight road,,Fine,TN48D    0470,P.V ,Grevious,0
06.06.2014,4:57 PM,1302.2,LHS,Rural,Gudluru,Others(p1.Specific), Accidently Lorry Driver    Fall down,Lorry,Fatal,Fault of driver of motor vehicle/driver of other vehicle/cyclist/pedestrian/passenger,Single lane,Straight road,,Fine,TN48D    0470,P.V ,Minor,0
06.06.2014,4:57 PM,1302.2,LHS,Rural,Gudluru,Others(p1.Specific), Accidently Lorry Driver    Fall down,Lorry,Fatal,Fault of driver of motor vehicle/driver of other vehicle/cyclist/pedestrian/passenger,Single lane,Straight road,,Fine,TN48D    0470,P.V ,Non injured ,1
06.06.2014,4:57 PM,1302.2,LHS,Rural,Gudluru,Others(p1.Specific), Accidently Lorry Driver    Fall down,Lorry,Fatal,Fault of driver of motor vehicle/driver of other vehicle/cyclist/pedestrian/passenger,Single lane,Straight road,,Fine,TN48D    0470,P.V ,Animals affected,0
07.06.2014,3:45 AM,1238.3,LHS,Rural,Maddipadu,Collision Brush/Side Wipe, Tata 207 Vehicle  hit C.C.Barrier,Tata Ace,Non injury,Fault of driver of motor vehicle/driver of other vehicle/cyclist/pedestrian/passenger,Four lanes or more with central divider,Straight road,,Fine,TN58V    4700,P.V ,Fatal,0
07.06.2014,3:45 AM,1238.3,LHS,Rural,Maddipadu,Collision Brush/Side Wipe, Tata 207 Vehicle  hit C.C.Barrier,Tata Ace,Non injury,Fault of driver of motor vehicle/driver of other vehicle/cyclist/pedestrian/passenger,Four lanes or more with central divider,Straight road,,Fine,TN58V    4700,P.V ,Grevious,0
07.06.2014,3:45 AM,1238.3,LHS,Rural,Maddipadu,Collision Brush/Side Wipe, Tata 207 Vehicle  hit C.C.Barrier,Tata Ace,Non injury,Fault of driver of motor vehicle/driver of other vehicle/cyclist/pedestrian/passenger,Four lanes or more with central divider,Straight road,,Fine,TN58V    4700,P.V ,Minor,0
07.06.2014,3:45 AM,1238.3,LHS,Rural,Maddipadu,Collision Brush/Side Wipe, Tata 207 Vehicle  hit C.C.Barrier,Tata Ace,Non injury,Fault of driver of motor vehicle/driver of other vehicle/cyclist/pedestrian/passenger,Four lanes or more with central divider,Straight road,,Fine,TN58V    4700,P.V ,Non injured ,1
07.06.2014,3:45 AM,1238.3,LHS,Rural,Maddipadu,Collision Brush/Side Wipe, Tata 207 Vehicle  hit C.C.Barrier,Tata Ace,Non injury,Fault of driver of motor vehicle/driver of other vehicle/cyclist/pedestrian/passenger,Four lanes or more with central divider,Straight road,,Fine,TN58V    4700,P.V ,Animals affected,0
07.06.2014,5:25 AM,1310.9,RHS,Rural,Kavali,Collision Brush/Side Wipe, Tata 207 Vehicle  hit Unknown Vehicle,Tata Ace,Minor injury,Fault of driver of motor vehicle/driver of other vehicle/cyclist/pedestrian/passenger,Four lanes or more with central divider,Straight road,,Fine,AP27TW     5578,P.V ,Fatal,0
07.06.2014,5:25 AM,1310.9,RHS,Rural,Kavali,Collision Brush/Side Wipe, Tata 207 Vehicle  hit Unknown Vehicle,Tata Ace,Minor injury,Fault of driver of motor vehicle/driver of other vehicle/cyclist/pedestrian/passenger,Four lanes or more with central divider,Straight road,,Fine,AP27TW     5578,P.V ,Grevious,0
07.06.2014,5:25 AM,1310.9,RHS,Rural,Kavali,Collision Brush/Side Wipe, Tata 207 Vehicle  hit Unknown Vehicle,Tata Ace,Minor injury,Fault of driver of motor vehicle/driver of other vehicle/cyclist/pedestrian/passenger,Four lanes or more with central divider,Straight road,,Fine,AP27TW     5578,P.V ,Minor,0
07.06.2014,5:25 AM,1310.9,RHS,Rural,Kavali,Collision Brush/Side Wipe, Tata 207 Vehicle  hit Unknown Vehicle,Tata Ace,Minor injury,Fault of driver of motor vehicle/driver of other vehicle/cyclist/pedestrian/passenger,Four lanes or more with central divider,Straight road,,Fine,AP27TW     5578,P.V ,Non injured ,1
07.06.2014,5:25 AM,1310.9,RHS,Rural,Kavali,Collision Brush/Side Wipe, Tata 207 Vehicle  hit Unknown Vehicle,Tata Ace,Minor injury,Fault of driver of motor vehicle/driver of other vehicle/cyclist/pedestrian/passenger,Four lanes or more with central divider,Straight road,,Fine,AP27TW     5578,P.V ,Animals affected,0
07.06.2014,10:00 AM,1204.1,RHS,Rural,Reningavaram,Collision Brush/Side Wipe, Mini Lorry  hit Unknown Vehicle,Lorry,Non injury,Over speed,Four lanes or more with central divider,Straight road,,Fine,AP07TB   3207,P.V ,Fatal,0
07.06.2014,10:00 AM,1204.1,RHS,Rural,Reningavaram,Collision Brush/Side Wipe, Mini Lorry  hit Unknown Vehicle,Lorry,Non injury,Over speed,Four lanes or more with central divider,Straight road,,Fine,AP07TB   3207,P.V ,Grevious,0
07.06.2014,10:00 AM,1204.1,RHS,Rural,Reningavaram,Collision Brush/Side Wipe, Mini Lorry  hit Unknown Vehicle,Lorry,Non injury,Over speed,Four lanes or more with central divider,Straight road,,Fine,AP07TB   3207,P.V ,Minor,0
07.06.2014,10:00 AM,1204.1,RHS,Rural,Reningavaram,Collision Brush/Side Wipe, Mini Lorry  hit Unknown Vehicle,Lorry,Non injury,Over speed,Four lanes or more with central divider,Straight road,,Fine,AP07TB   3207,P.V ,Non injured ,2
07.06.2014,10:00 AM,1204.1,RHS,Rural,Reningavaram,Collision Brush/Side Wipe, Mini Lorry  hit Unknown Vehicle,Lorry,Non injury,Over speed,Four lanes or more with central divider,Straight road,,Fine,AP07TB   3207,P.V ,Animals affected,0
07.06.2014,9:08 PM,1263.8,LHS,Rural,Tangutur,Skidding, Bike   Skidding,Bike,Minor injury,Over speed,Four lanes or more with central divider,Straight road,,Fine,AP27AM   7221,AMB,Fatal,0
07.06.2014,9:08 PM,1263.8,LHS,Rural,Tangutur,Skidding, Bike   Skidding,Bike,Minor injury,Over speed,Four lanes or more with central divider,Straight road,,Fine,AP27AM   7221,AMB,Grevious,0
07.06.2014,9:08 PM,1263.8,LHS,Rural,Tangutur,Skidding, Bike   Skidding,Bike,Minor injury,Over speed,Four lanes or more with central divider,Straight road,,Fine,AP27AM   7221,AMB,Minor,1
07.06.2014,9:08 PM,1263.8,LHS,Rural,Tangutur,Skidding, Bike   Skidding,Bike,Minor injury,Over speed,Four lanes or more with central divider,Straight road,,Fine,AP27AM   7221,AMB,Non injured ,0
07.06.2014,9:08 PM,1263.8,LHS,Rural,Tangutur,Skidding, Bike   Skidding,Bike,Minor injury,Over speed,Four lanes or more with central divider,Straight road,,Fine,AP27AM   7221,AMB,Animals affected,0
08.06.2014,4:10 AM,1224.6,LHS,Rural,Maddipadu,Collision Brush/Side Wipe, Car  hit Unknown Vehicle,Car,Fatal,Over speed,Four lanes or more with central divider,Straight road,,Fine,KA01MC      1688,P.V ,Fatal,2
08.06.2014,4:10 AM,1224.6,LHS,Rural,Maddipadu,Collision Brush/Side Wipe, Car  hit Unknown Vehicle,Car,Fatal,Over speed,Four lanes or more with central divider,Straight road,,Fine,KA01MC      1688,P.V ,Grevious,2
08.06.2014,4:10 AM,1224.6,LHS,Rural,Maddipadu,Collision Brush/Side Wipe, Car  hit Unknown Vehicle,Car,Fatal,Over speed,Four lanes or more with central divider,Straight road,,Fine,KA01MC      1688,P.V ,Minor,0
08.06.2014,4:10 AM,1224.6,LHS,Rural,Maddipadu,Collision Brush/Side Wipe, Car  hit Unknown Vehicle,Car,Fatal,Over speed,Four lanes or more with central divider,Straight road,,Fine,KA01MC      1688,P.V ,Non injured ,0
08.06.2014,4:10 AM,1224.6,LHS,Rural,Maddipadu,Collision Brush/Side Wipe, Car  hit Unknown Vehicle,Car,Fatal,Over speed,Four lanes or more with central divider,Straight road,,Fine,KA01MC      1688,P.V ,Animals affected,0
08.06..2014,2:00 PM,1291.6,RHS,Rural,Ulavapadu,Rear End Collision, Mini Lorry  hit Unknown Vehicle,Lorry,Non injury,Fault of driver of motor vehicle/driver of other vehicle/cyclist/pedestrian/passenger,Four lanes or more with central divider,Straight road,,Fine,AP24U    5434,P.V ,Fatal,0
08.06..2014,2:00 PM,1291.6,RHS,Rural,Ulavapadu,Rear End Collision, Mini Lorry  hit Unknown Vehicle,Lorry,Non injury,Fault of driver of motor vehicle/driver of other vehicle/cyclist/pedestrian/passenger,Four lanes or more with central divider,Straight road,,Fine,AP24U    5434,P.V ,Grevious,0
08.06..2014,2:00 PM,1291.6,RHS,Rural,Ulavapadu,Rear End Collision, Mini Lorry  hit Unknown Vehicle,Lorry,Non injury,Fault of driver of motor vehicle/driver of other vehicle/cyclist/pedestrian/passenger,Four lanes or more with central divider,Straight road,,Fine,AP24U    5434,P.V ,Minor,0
08.06..2014,2:00 PM,1291.6,RHS,Rural,Ulavapadu,Rear End Collision, Mini Lorry  hit Unknown Vehicle,Lorry,Non injury,Fault of driver of motor vehicle/driver of other vehicle/cyclist/pedestrian/passenger,Four lanes or more with central divider,Straight road,,Fine,AP24U    5434,P.V ,Non injured ,1
08.06..2014,2:00 PM,1291.6,RHS,Rural,Ulavapadu,Rear End Collision, Mini Lorry  hit Unknown Vehicle,Lorry,Non injury,Fault of driver of motor vehicle/driver of other vehicle/cyclist/pedestrian/passenger,Four lanes or more with central divider,Straight road,,Fine,AP24U    5434,P.V ,Animals affected,0
09.06.2014,2:08 AM,1241.5,RHS,Rural,Ongole,Overturning, Lorry  OverTurned,Lorry,Non injury,Fault of driver of motor vehicle/driver of other vehicle/cyclist/pedestrian/passenger,Four lanes or more with central divider,Straight road,,Fine,WB23B     9611,P.V ,Fatal,0
09.06.2014,2:08 AM,1241.5,RHS,Rural,Ongole,Overturning, Lorry  OverTurned,Lorry,Non injury,Fault of driver of motor vehicle/driver of other vehicle/cyclist/pedestrian/passenger,Four lanes or more with central divider,Straight road,,Fine,WB23B     9611,P.V ,Grevious,0
09.06.2014,2:08 AM,1241.5,RHS,Rural,Ongole,Overturning, Lorry  OverTurned,Lorry,Non injury,Fault of driver of motor vehicle/driver of other vehicle/cyclist/pedestrian/passenger,Four lanes or more with central divider,Straight road,,Fine,WB23B     9611,P.V ,Minor,0
09.06.2014,2:08 AM,1241.5,RHS,Rural,Ongole,Overturning, Lorry  OverTurned,Lorry,Non injury,Fault of driver of motor vehicle/driver of other vehicle/cyclist/pedestrian/passenger,Four lanes or more with central divider,Straight road,,Fine,WB23B     9611,P.V ,Non injured ,1
09.06.2014,2:08 AM,1241.5,RHS,Rural,Ongole,Overturning, Lorry  OverTurned,Lorry,Non injury,Fault of driver of motor vehicle/driver of other vehicle/cyclist/pedestrian/passenger,Four lanes or more with central divider,Straight road,,Fine,WB23B     9611,P.V ,Animals affected,0
09.06.2014,2:15 AM,1219.2,LHS,Rural,Medarametla,Rear End Collision, Tipper  hit Unknown Vehicle,Lorry,Grievious injury,Over speed,Four lanes or more with central divider,Straight road,,Fine,AP29TB    2735,P.V&AMB,Fatal,0
09.06.2014,2:15 AM,1219.2,LHS,Rural,Medarametla,Rear End Collision, Tipper  hit Unknown Vehicle,Lorry,Grievious injury,Over speed,Four lanes or more with central divider,Straight road,,Fine,AP29TB    2735,P.V&AMB,Grevious,1
09.06.2014,2:15 AM,1219.2,LHS,Rural,Medarametla,Rear End Collision, Tipper  hit Unknown Vehicle,Lorry,Grievious injury,Over speed,Four lanes or more with central divider,Straight road,,Fine,AP29TB    2735,P.V&AMB,Minor,0
09.06.2014,2:15 AM,1219.2,LHS,Rural,Medarametla,Rear End Collision, Tipper  hit Unknown Vehicle,Lorry,Grievious injury,Over speed,Four lanes or more with central divider,Straight road,,Fine,AP29TB    2735,P.V&AMB,Non injured ,0
09.06.2014,2:15 AM,1219.2,LHS,Rural,Medarametla,Rear End Collision, Tipper  hit Unknown Vehicle,Lorry,Grievious injury,Over speed,Four lanes or more with central divider,Straight road,,Fine,AP29TB    2735,P.V&AMB,Animals affected,0
10.06.2014,6:20 AM,1314.9,LHS,Rural,Kavali,Collision Brush/Side Wipe, Container Vehicle hit Unknown Vehicle,Container,Minor injury,Over speed,Four lanes or more with central divider,Straight road,,Fine,HR47B     8659,P.V,Fatal,0
10.06.2014,6:20 AM,1314.9,LHS,Rural,Kavali,Collision Brush/Side Wipe, Container Vehicle hit Unknown Vehicle,Container,Minor injury,Over speed,Four lanes or more with central divider,Straight road,,Fine,HR47B     8659,P.V,Grevious,0
10.06.2014,6:20 AM,1314.9,LHS,Rural,Kavali,Collision Brush/Side Wipe, Container Vehicle hit Unknown Vehicle,Container,Minor injury,Over speed,Four lanes or more with central divider,Straight road,,Fine,HR47B     8659,P.V,Minor,1
10.06.2014,6:20 AM,1314.9,LHS,Rural,Kavali,Collision Brush/Side Wipe, Container Vehicle hit Unknown Vehicle,Container,Minor injury,Over speed,Four lanes or more with central divider,Straight road,,Fine,HR47B     8659,P.V,Non injured ,0
10.06.2014,6:20 AM,1314.9,LHS,Rural,Kavali,Collision Brush/Side Wipe, Container Vehicle hit Unknown Vehicle,Container,Minor injury,Over speed,Four lanes or more with central divider,Straight road,,Fine,HR47B     8659,P.V,Animals affected,0
11.06.2014,12:50 AM,1204.5,RHS,Rural,Reningavaram,Others(p1.Specific), Accidently Lorry Cleaner    Fall down,Lorry,Minor injury,Druken,Four lanes or more with central divider,Straight road,,Fine,AP16TV    3677,P.V&AMB,Fatal,0
11.06.2014,12:50 AM,1204.5,RHS,Rural,Reningavaram,Others(p1.Specific), Accidently Lorry Cleaner    Fall down,Lorry,Minor injury,Druken,Four lanes or more with central divider,Straight road,,Fine,AP16TV    3677,P.V&AMB,Grevious,0