Operational date,Time of Accident,KM && M,Position,Rural/Urban,Location,Nature of Accident Position,Nature of Accident,Vehicle Involved,Type of Accident,Causes,Road Feature,Road condition,Intersection Type And Control,Weather Condition,Vehicle Responsible,Help Provided by Ambulance/Patroling Vehicle,Classification of Accident,No of Affected Persons
11.06.2014,12:50 AM,1204.5,RHS,Rural,Reningavaram,Others(p1.Specific), Accidently Lorry Cleaner    Fall down,Lorry,Minor injury,Druken,Four lanes or more with central divider,Straight road,,Fine,AP16TV    3677,P.V&AMB,Minor,0
11.06.2014,12:50 AM,1204.5,RHS,Rural,Reningavaram,Others(p1.Specific), Accidently Lorry Cleaner    Fall down,Lorry,Minor injury,Druken,Four lanes or more with central divider,Straight road,,Fine,AP16TV    3677,P.V&AMB,Non injured ,1
11.06.2014,12:50 AM,1204.5,RHS,Rural,Reningavaram,Others(p1.Specific), Accidently Lorry Cleaner    Fall down,Lorry,Minor injury,Druken,Four lanes or more with central divider,Straight road,,Fine,AP16TV    3677,P.V&AMB,Animals affected,0
11.06.2014,6:00 AM,1278,RHS,Rural,Singarayakonda,Collision Brush/Side Wipe, Lorry hit   Median,Lorry,Non injury,Over speed,Four lanes or more with central divider,Straight road,,Fine,AP28X    1654,P.V,Fatal,0
11.06.2014,6:00 AM,1278,RHS,Rural,Singarayakonda,Collision Brush/Side Wipe, Lorry hit   Median,Lorry,Non injury,Over speed,Four lanes or more with central divider,Straight road,,Fine,AP28X    1654,P.V,Grevious,0
11.06.2014,6:00 AM,1278,RHS,Rural,Singarayakonda,Collision Brush/Side Wipe, Lorry hit   Median,Lorry,Non injury,Over speed,Four lanes or more with central divider,Straight road,,Fine,AP28X    1654,P.V,Minor,0
11.06.2014,6:00 AM,1278,RHS,Rural,Singarayakonda,Collision Brush/Side Wipe, Lorry hit   Median,Lorry,Non injury,Over speed,Four lanes or more with central divider,Straight road,,Fine,AP28X    1654,P.V,Non injured ,2
11.06.2014,6:00 AM,1278,RHS,Rural,Singarayakonda,Collision Brush/Side Wipe, Lorry hit   Median,Lorry,Non injury,Over speed,Four lanes or more with central divider,Straight road,,Fine,AP28X    1654,P.V,Animals affected,0
11.06.2014,12:20 PM,1288.5,RHS,Rural,Ulavapadu,Collision Brush/Side Wipe, Lcv hit   Median,Van,Non injury,Vehicle out of control,Four lanes or more with central divider,Flat road,,Fine,AP26TB   4183,P.V,Fatal,0
11.06.2014,12:20 PM,1288.5,RHS,Rural,Ulavapadu,Collision Brush/Side Wipe, Lcv hit   Median,Van,Non injury,Vehicle out of control,Four lanes or more with central divider,Flat road,,Fine,AP26TB   4183,P.V,Grevious,0
11.06.2014,12:20 PM,1288.5,RHS,Rural,Ulavapadu,Collision Brush/Side Wipe, Lcv hit   Median,Van,Non injury,Vehicle out of control,Four lanes or more with central divider,Flat road,,Fine,AP26TB   4183,P.V,Minor,0
11.06.2014,12:20 PM,1288.5,RHS,Rural,Ulavapadu,Collision Brush/Side Wipe, Lcv hit   Median,Van,Non injury,Vehicle out of control,Four lanes or more with central divider,Flat road,,Fine,AP26TB   4183,P.V,Non injured ,1
11.06.2014,12:20 PM,1288.5,RHS,Rural,Ulavapadu,Collision Brush/Side Wipe, Lcv hit   Median,Van,Non injury,Vehicle out of control,Four lanes or more with central divider,Flat road,,Fine,AP26TB   4183,P.V,Animals affected,0
11.06.2014,2:04 PM,1207.4,RHS,Rural,Reningavaram,Rear End Collision, Car hit   Bike,Car,Minor injury,Over speed,Four lanes or more with central divider,Straight road,,Fine,AP07BH   3177,P.V&AMB,Fatal,0
11.06.2014,2:04 PM,1207.4,RHS,Rural,Reningavaram,Rear End Collision, Car hit   Bike,Car,Minor injury,Over speed,Four lanes or more with central divider,Straight road,,Fine,AP07BH   3177,P.V&AMB,Grevious,1
11.06.2014,2:04 PM,1207.4,RHS,Rural,Reningavaram,Rear End Collision, Car hit   Bike,Car,Minor injury,Over speed,Four lanes or more with central divider,Straight road,,Fine,AP07BH   3177,P.V&AMB,Minor,0
11.06.2014,2:04 PM,1207.4,RHS,Rural,Reningavaram,Rear End Collision, Car hit   Bike,Car,Minor injury,Over speed,Four lanes or more with central divider,Straight road,,Fine,AP07BH   3177,P.V&AMB,Non injured ,1
11.06.2014,2:04 PM,1207.4,RHS,Rural,Reningavaram,Rear End Collision, Car hit   Bike,Car,Minor injury,Over speed,Four lanes or more with central divider,Straight road,,Fine,AP07BH   3177,P.V&AMB,Animals affected,0
11.06.2014,6:25 PM,1334,LHS,Rural,K.Tippa ,Rear End Collision, Lorry hit Unknown Vehicle,Lorry,Non injury,Over speed,Four lanes or more with central divider,Straight road,,Fine,TN 48J       7525,P.V,Fatal,0
11.06.2014,6:25 PM,1334,LHS,Rural,K.Tippa ,Rear End Collision, Lorry hit Unknown Vehicle,Lorry,Non injury,Over speed,Four lanes or more with central divider,Straight road,,Fine,TN 48J       7525,P.V,Grevious,0
11.06.2014,6:25 PM,1334,LHS,Rural,K.Tippa ,Rear End Collision, Lorry hit Unknown Vehicle,Lorry,Non injury,Over speed,Four lanes or more with central divider,Straight road,,Fine,TN 48J       7525,P.V,Minor,0
11.06.2014,6:25 PM,1334,LHS,Rural,K.Tippa ,Rear End Collision, Lorry hit Unknown Vehicle,Lorry,Non injury,Over speed,Four lanes or more with central divider,Straight road,,Fine,TN 48J       7525,P.V,Non injured ,3
11.06.2014,6:25 PM,1334,LHS,Rural,K.Tippa ,Rear End Collision, Lorry hit Unknown Vehicle,Lorry,Non injury,Over speed,Four lanes or more with central divider,Straight road,,Fine,TN 48J       7525,P.V,Animals affected,0
11.06.2014,6:36 PM,1207.5,RHS,Rural,Reningavaram,Collision Brush/Side Wipe, Car hit   Pedestrian,Car,Grievious injury,Over speed,Four lanes or more with central divider,Straight road,,Fine,TN31AD    9798,P.V,Fatal,0
11.06.2014,6:36 PM,1207.5,RHS,Rural,Reningavaram,Collision Brush/Side Wipe, Car hit   Pedestrian,Car,Grievious injury,Over speed,Four lanes or more with central divider,Straight road,,Fine,TN31AD    9798,P.V,Grevious,1
11.06.2014,6:36 PM,1207.5,RHS,Rural,Reningavaram,Collision Brush/Side Wipe, Car hit   Pedestrian,Car,Grievious injury,Over speed,Four lanes or more with central divider,Straight road,,Fine,TN31AD    9798,P.V,Minor,0
11.06.2014,6:36 PM,1207.5,RHS,Rural,Reningavaram,Collision Brush/Side Wipe, Car hit   Pedestrian,Car,Grievious injury,Over speed,Four lanes or more with central divider,Straight road,,Fine,TN31AD    9798,P.V,Non injured ,4
11.06.2014,6:36 PM,1207.5,RHS,Rural,Reningavaram,Collision Brush/Side Wipe, Car hit   Pedestrian,Car,Grievious injury,Over speed,Four lanes or more with central divider,Straight road,,Fine,TN31AD    9798,P.V,Animals affected,0
12.06.2014,5:15 AM,1192,LHS,Rural,Martur,Rear End Collision, Car   hit Unknown Vehicle,Car,Grievious injury,Over speed,Four lanes or more with central divider,Straight road,,Fine,AP27AH     1112,P.V,Fatal,0
12.06.2014,5:15 AM,1192,LHS,Rural,Martur,Rear End Collision, Car   hit Unknown Vehicle,Car,Grievious injury,Over speed,Four lanes or more with central divider,Straight road,,Fine,AP27AH     1112,P.V,Grevious,1
12.06.2014,5:15 AM,1192,LHS,Rural,Martur,Rear End Collision, Car   hit Unknown Vehicle,Car,Grievious injury,Over speed,Four lanes or more with central divider,Straight road,,Fine,AP27AH     1112,P.V,Minor,0
12.06.2014,5:15 AM,1192,LHS,Rural,Martur,Rear End Collision, Car   hit Unknown Vehicle,Car,Grievious injury,Over speed,Four lanes or more with central divider,Straight road,,Fine,AP27AH     1112,P.V,Non injured ,4
12.06.2014,5:15 AM,1192,LHS,Rural,Martur,Rear End Collision, Car   hit Unknown Vehicle,Car,Grievious injury,Over speed,Four lanes or more with central divider,Straight road,,Fine,AP27AH     1112,P.V,Animals affected,0
12.06.2014,6:20 AM,1319,RHS,Rural,Kavali,Head on collision, Tata Ace hit Lorry,Tata Ace,Minor injury,Druken,Four lanes or more with central divider,Straight road,,Fine,AP16TX    1930,P.V,Fatal,0
12.06.2014,6:20 AM,1319,RHS,Rural,Kavali,Head on collision, Tata Ace hit Lorry,Tata Ace,Minor injury,Druken,Four lanes or more with central divider,Straight road,,Fine,AP16TX    1930,P.V,Grevious,0
12.06.2014,6:20 AM,1319,RHS,Rural,Kavali,Head on collision, Tata Ace hit Lorry,Tata Ace,Minor injury,Druken,Four lanes or more with central divider,Straight road,,Fine,AP16TX    1930,P.V,Minor,1
12.06.2014,6:20 AM,1319,RHS,Rural,Kavali,Head on collision, Tata Ace hit Lorry,Tata Ace,Minor injury,Druken,Four lanes or more with central divider,Straight road,,Fine,AP16TX    1930,P.V,Non injured ,2
12.06.2014,6:20 AM,1319,RHS,Rural,Kavali,Head on collision, Tata Ace hit Lorry,Tata Ace,Minor injury,Druken,Four lanes or more with central divider,Straight road,,Fine,AP16TX    1930,P.V,Animals affected,0
12.06.2014,5:00 PM,1267.5,RHS,Rural,Tangutur,Collision Brush/Side Wipe, Bike hit  Median ,Bike,Grievious injury,Over speed,Four lanes or more with central divider,Straight road,,Fine,AP27AB     9083,P.V ,Fatal,0
12.06.2014,5:00 PM,1267.5,RHS,Rural,Tangutur,Collision Brush/Side Wipe, Bike hit  Median ,Bike,Grievious injury,Over speed,Four lanes or more with central divider,Straight road,,Fine,AP27AB     9083,P.V ,Grevious,1
12.06.2014,5:00 PM,1267.5,RHS,Rural,Tangutur,Collision Brush/Side Wipe, Bike hit  Median ,Bike,Grievious injury,Over speed,Four lanes or more with central divider,Straight road,,Fine,AP27AB     9083,P.V ,Minor,0
12.06.2014,5:00 PM,1267.5,RHS,Rural,Tangutur,Collision Brush/Side Wipe, Bike hit  Median ,Bike,Grievious injury,Over speed,Four lanes or more with central divider,Straight road,,Fine,AP27AB     9083,P.V ,Non injured ,0
12.06.2014,5:00 PM,1267.5,RHS,Rural,Tangutur,Collision Brush/Side Wipe, Bike hit  Median ,Bike,Grievious injury,Over speed,Four lanes or more with central divider,Straight road,,Fine,AP27AB     9083,P.V ,Animals affected,0
12.06.2014,10:20 PM,1213.2,LHS,Rural,Medarametla,Collision Brush/Side Wipe, Bike hit Cycle,Bike,Grievious injury,Druken,Four lanes or more with central divider,Straight road,,Fine,AEE          5231   ,P.V,Fatal,0
12.06.2014,10:20 PM,1213.2,LHS,Rural,Medarametla,Collision Brush/Side Wipe, Bike hit Cycle,Bike,Grievious injury,Druken,Four lanes or more with central divider,Straight road,,Fine,AEE          5231   ,P.V,Grevious,1
12.06.2014,10:20 PM,1213.2,LHS,Rural,Medarametla,Collision Brush/Side Wipe, Bike hit Cycle,Bike,Grievious injury,Druken,Four lanes or more with central divider,Straight road,,Fine,AEE          5231   ,P.V,Minor,2
12.06.2014,10:20 PM,1213.2,LHS,Rural,Medarametla,Collision Brush/Side Wipe, Bike hit Cycle,Bike,Grievious injury,Druken,Four lanes or more with central divider,Straight road,,Fine,AEE          5231   ,P.V,Non injured ,0
12.06.2014,10:20 PM,1213.2,LHS,Rural,Medarametla,Collision Brush/Side Wipe, Bike hit Cycle,Bike,Grievious injury,Druken,Four lanes or more with central divider,Straight road,,Fine,AEE          5231   ,P.V,Animals affected,0
13.06.2014,2:30 AM,1260.2,LHS,Rural,Tangutur,Collision Brush/Side Wipe,Lorry hit C.C Barrier,Lorry,Non injury,Over speed,Four lanes or more with central divider,Straight road,,Fine,AP 36W    3440 ,P.V,Fatal,0
13.06.2014,2:30 AM,1260.2,LHS,Rural,Tangutur,Collision Brush/Side Wipe,Lorry hit C.C Barrier,Lorry,Non injury,Over speed,Four lanes or more with central divider,Straight road,,Fine,AP 36W    3440 ,P.V,Grevious,0
13.06.2014,2:30 AM,1260.2,LHS,Rural,Tangutur,Collision Brush/Side Wipe,Lorry hit C.C Barrier,Lorry,Non injury,Over speed,Four lanes or more with central divider,Straight road,,Fine,AP 36W    3440 ,P.V,Minor,0
13.06.2014,2:30 AM,1260.2,LHS,Rural,Tangutur,Collision Brush/Side Wipe,Lorry hit C.C Barrier,Lorry,Non injury,Over speed,Four lanes or more with central divider,Straight road,,Fine,AP 36W    3440 ,P.V,Non injured ,1
13.06.2014,2:30 AM,1260.2,LHS,Rural,Tangutur,Collision Brush/Side Wipe,Lorry hit C.C Barrier,Lorry,Non injury,Over speed,Four lanes or more with central divider,Straight road,,Fine,AP 36W    3440 ,P.V,Animals affected,0
13.06.2014,3:57 AM,1279.1,LHS,Rural,Singarayakonda,Rear End Collision, Car hit Unknown Vehicle,Car,Fatal,Over speed,Four lanes or more with central divider,Straight road,,Fine,AP 07AU   5578,P.V,Fatal,1
13.06.2014,3:57 AM,1279.1,LHS,Rural,Singarayakonda,Rear End Collision, Car hit Unknown Vehicle,Car,Fatal,Over speed,Four lanes or more with central divider,Straight road,,Fine,AP 07AU   5578,P.V,Grevious,3
13.06.2014,3:57 AM,1279.1,LHS,Rural,Singarayakonda,Rear End Collision, Car hit Unknown Vehicle,Car,Fatal,Over speed,Four lanes or more with central divider,Straight road,,Fine,AP 07AU   5578,P.V,Minor,0
13.06.2014,3:57 AM,1279.1,LHS,Rural,Singarayakonda,Rear End Collision, Car hit Unknown Vehicle,Car,Fatal,Over speed,Four lanes or more with central divider,Straight road,,Fine,AP 07AU   5578,P.V,Non injured ,0
13.06.2014,3:57 AM,1279.1,LHS,Rural,Singarayakonda,Rear End Collision, Car hit Unknown Vehicle,Car,Fatal,Over speed,Four lanes or more with central divider,Straight road,,Fine,AP 07AU   5578,P.V,Animals affected,0
13.06.2014,5:20 PM,1191.4,RHS,Rural,Martur,Collision Brush/Side Wipe, Bike hit Tipper,Bike,Grievious injury,Fault of driver of motor vehicle/driver of other vehicle/cyclist/pedestrian/passenger,Four lanes or more with central divider,Straight road,,Fine,AP36L     6566,P.V&AMB,Fatal,0
13.06.2014,5:20 PM,1191.4,RHS,Rural,Martur,Collision Brush/Side Wipe, Bike hit Tipper,Bike,Grievious injury,Fault of driver of motor vehicle/driver of other vehicle/cyclist/pedestrian/passenger,Four lanes or more with central divider,Straight road,,Fine,AP36L     6566,P.V&AMB,Grevious,1
13.06.2014,5:20 PM,1191.4,RHS,Rural,Martur,Collision Brush/Side Wipe, Bike hit Tipper,Bike,Grievious injury,Fault of driver of motor vehicle/driver of other vehicle/cyclist/pedestrian/passenger,Four lanes or more with central divider,Straight road,,Fine,AP36L     6566,P.V&AMB,Minor,0
13.06.2014,5:20 PM,1191.4,RHS,Rural,Martur,Collision Brush/Side Wipe, Bike hit Tipper,Bike,Grievious injury,Fault of driver of motor vehicle/driver of other vehicle/cyclist/pedestrian/passenger,Four lanes or more with central divider,Straight road,,Fine,AP36L     6566,P.V&AMB,Non injured ,1
13.06.2014,5:20 PM,1191.4,RHS,Rural,Martur,Collision Brush/Side Wipe, Bike hit Tipper,Bike,Grievious injury,Fault of driver of motor vehicle/driver of other vehicle/cyclist/pedestrian/passenger,Four lanes or more with central divider,Straight road,,Fine,AP36L     6566,P.V&AMB,Animals affected,0
13.06.2014,11:46 PM,1269.8,RHS,Rural,Tangutur,Rear End Collision, Lorry  hit Tipper,Lorry,Grievious injury,Over speed,Four lanes or more with central divider,Straight road,,Fine,TN30R     3548  ,P.V&AMB,Fatal,0
13.06.2014,11:46 PM,1269.8,RHS,Rural,Tangutur,Rear End Collision, Lorry  hit Tipper,Lorry,Grievious injury,Over speed,Four lanes or more with central divider,Straight road,,Fine,TN30R     3548  ,P.V&AMB,Grevious,1
13.06.2014,11:46 PM,1269.8,RHS,Rural,Tangutur,Rear End Collision, Lorry  hit Tipper,Lorry,Grievious injury,Over speed,Four lanes or more with central divider,Straight road,,Fine,TN30R     3548  ,P.V&AMB,Minor,1
13.06.2014,11:46 PM,1269.8,RHS,Rural,Tangutur,Rear End Collision, Lorry  hit Tipper,Lorry,Grievious injury,Over speed,Four lanes or more with central divider,Straight road,,Fine,TN30R     3548  ,P.V&AMB,Non injured ,0
13.06.2014,11:46 PM,1269.8,RHS,Rural,Tangutur,Rear End Collision, Lorry  hit Tipper,Lorry,Grievious injury,Over speed,Four lanes or more with central divider,Straight road,,Fine,TN30R     3548  ,P.V&AMB,Animals affected,0
14.06.2014,3:45 AM,1312.2,RHS,Rural,Kavali,Collision Brush/Side Wipe, Container Vehicle hit Tempo Van,Container,Non injury,Fault of driver of motor vehicle/driver of other vehicle/cyclist/pedestrian/passenger,Four lanes or more with central divider,Straight road,,Fine,NL01L    2731,P.V,Fatal,0
14.06.2014,3:45 AM,1312.2,RHS,Rural,Kavali,Collision Brush/Side Wipe, Container Vehicle hit Tempo Van,Container,Non injury,Fault of driver of motor vehicle/driver of other vehicle/cyclist/pedestrian/passenger,Four lanes or more with central divider,Straight road,,Fine,NL01L    2731,P.V,Grevious,0
14.06.2014,3:45 AM,1312.2,RHS,Rural,Kavali,Collision Brush/Side Wipe, Container Vehicle hit Tempo Van,Container,Non injury,Fault of driver of motor vehicle/driver of other vehicle/cyclist/pedestrian/passenger,Four lanes or more with central divider,Straight road,,Fine,NL01L    2731,P.V,Minor,0
14.06.2014,3:45 AM,1312.2,RHS,Rural,Kavali,Collision Brush/Side Wipe, Container Vehicle hit Tempo Van,Container,Non injury,Fault of driver of motor vehicle/driver of other vehicle/cyclist/pedestrian/passenger,Four lanes or more with central divider,Straight road,,Fine,NL01L    2731,P.V,Non injured ,3
14.06.2014,3:45 AM,1312.2,RHS,Rural,Kavali,Collision Brush/Side Wipe, Container Vehicle hit Tempo Van,Container,Non injury,Fault of driver of motor vehicle/driver of other vehicle/cyclist/pedestrian/passenger,Four lanes or more with central divider,Straight road,,Fine,NL01L    2731,P.V,Animals affected,0
14.06.2014,4:15 AM,1238.3,LHS,Rural,Maddipadu,Collision Brush/Side Wipe,Car  hit C.C Barrier,Car,Non injury,Over speed,Four lanes or more with central divider,Straight road,,Fine,AP16AN    1359,P.V,Fatal,0
14.06.2014,4:15 AM,1238.3,LHS,Rural,Maddipadu,Collision Brush/Side Wipe,Car  hit C.C Barrier,Car,Non injury,Over speed,Four lanes or more with central divider,Straight road,,Fine,AP16AN    1359,P.V,Grevious,0
14.06.2014,4:15 AM,1238.3,LHS,Rural,Maddipadu,Collision Brush/Side Wipe,Car  hit C.C Barrier,Car,Non injury,Over speed,Four lanes or more with central divider,Straight road,,Fine,AP16AN    1359,P.V,Minor,0
14.06.2014,4:15 AM,1238.3,LHS,Rural,Maddipadu,Collision Brush/Side Wipe,Car  hit C.C Barrier,Car,Non injury,Over speed,Four lanes or more with central divider,Straight road,,Fine,AP16AN    1359,P.V,Non injured ,3
14.06.2014,4:15 AM,1238.3,LHS,Rural,Maddipadu,Collision Brush/Side Wipe,Car  hit C.C Barrier,Car,Non injury,Over speed,Four lanes or more with central divider,Straight road,,Fine,AP16AN    1359,P.V,Animals affected,0
14.06.2014,4:50 AM,1294.7,LHS,Rural,Ulavapadu,Rear End Collision, Mini Lorry  hit Unknown Vehicle,Lorry,Non injury,Over speed,Four lanes or more with central divider,Straight road,,Fine,AP16T     4545 ,P.V,Fatal,0
14.06.2014,4:50 AM,1294.7,LHS,Rural,Ulavapadu,Rear End Collision, Mini Lorry  hit Unknown Vehicle,Lorry,Non injury,Over speed,Four lanes or more with central divider,Straight road,,Fine,AP16T     4545 ,P.V,Grevious,0
14.06.2014,4:50 AM,1294.7,LHS,Rural,Ulavapadu,Rear End Collision, Mini Lorry  hit Unknown Vehicle,Lorry,Non injury,Over speed,Four lanes or more with central divider,Straight road,,Fine,AP16T     4545 ,P.V,Minor,0
14.06.2014,4:50 AM,1294.7,LHS,Rural,Ulavapadu,Rear End Collision, Mini Lorry  hit Unknown Vehicle,Lorry,Non injury,Over speed,Four lanes or more with central divider,Straight road,,Fine,AP16T     4545 ,P.V,Non injured ,2
14.06.2014,4:50 AM,1294.7,LHS,Rural,Ulavapadu,Rear End Collision, Mini Lorry  hit Unknown Vehicle,Lorry,Non injury,Over speed,Four lanes or more with central divider,Straight road,,Fine,AP16T     4545 ,P.V,Animals affected,0
14.06.2014,8:17 AM,1294.1,LHS,Rural,Ulavapadu,Collision Brush/Side Wipe, Car  hit Unknown Vehicle,Car,Minor injury,Over speed,Four lanes or more with central divider,Straight road,,Fine,MH05BS    4459,P.V,Fatal,0
14.06.2014,8:17 AM,1294.1,LHS,Rural,Ulavapadu,Collision Brush/Side Wipe, Car  hit Unknown Vehicle,Car,Minor injury,Over speed,Four lanes or more with central divider,Straight road,,Fine,MH05BS    4459,P.V,Grevious,0
14.06.2014,8:17 AM,1294.1,LHS,Rural,Ulavapadu,Collision Brush/Side Wipe, Car  hit Unknown Vehicle,Car,Minor injury,Over speed,Four lanes or more with central divider,Straight road,,Fine,MH05BS    4459,P.V,Minor,2
14.06.2014,8:17 AM,1294.1,LHS,Rural,Ulavapadu,Collision Brush/Side Wipe, Car  hit Unknown Vehicle,Car,Minor injury,Over speed,Four lanes or more with central divider,Straight road,,Fine,MH05BS    4459,P.V,Non injured ,0
14.06.2014,8:17 AM,1294.1,LHS,Rural,Ulavapadu,Collision Brush/Side Wipe, Car  hit Unknown Vehicle,Car,Minor injury,Over speed,Four lanes or more with central divider,Straight road,,Fine,MH05BS    4459,P.V,Animals affected,0
14.06.2014,4:45 PM,1198.8,LHS,Rural,Martur,Skidding, Bike   Skidding,Bike,Grievious injury,Vehicle out of control,Four lanes or more with central divider,Straight road,,Fine,AP27AW      7349,P.V&AMB,Fatal,0
14.06.2014,4:45 PM,1198.8,LHS,Rural,Martur,Skidding, Bike   Skidding,Bike,Grievious injury,Vehicle out of control,Four lanes or more with central divider,Straight road,,Fine,AP27AW      7349,P.V&AMB,Grevious,1
14.06.2014,4:45 PM,1198.8,LHS,Rural,Martur,Skidding, Bike   Skidding,Bike,Grievious injury,Vehicle out of control,Four lanes or more with central divider,Straight road,,Fine,AP27AW      7349,P.V&AMB,Minor,1
14.06.2014,4:45 PM,1198.8,LHS,Rural,Martur,Skidding, Bike   Skidding,Bike,Grievious injury,Vehicle out of control,Four lanes or more with central divider,Straight road,,Fine,AP27AW      7349,P.V&AMB,Non injured ,0
14.06.2014,4:45 PM,1198.8,LHS,Rural,Martur,Skidding, Bike   Skidding,Bike,Grievious injury,Vehicle out of control,Four lanes or more with central divider,Straight road,,Fine,AP27AW      7349,P.V&AMB,Animals affected,0
15.06.2014,9:29 AM,1225.3,LHS,Rural,Maddipadu,Others(p1.Specific), Container Vehicle  fired ,Container,Non injury,Defect in mechanical condition of motor vehicle/road condition,Four lanes or more with central divider,Straight road,,Fine,HR46B           3429,P.V,Fatal,0
15.06.2014,9:29 AM,1225.3,LHS,Rural,Maddipadu,Others(p1.Specific), Container Vehicle  fired ,Container,Non injury,Defect in mechanical condition of motor vehicle/road condition,Four lanes or more with central divider,Straight road,,Fine,HR46B           3429,P.V,Grevious,0
15.06.2014,9:29 AM,1225.3,LHS,Rural,Maddipadu,Others(p1.Specific), Container Vehicle  fired ,Container,Non injury,Defect in mechanical condition of motor vehicle/road condition,Four lanes or more with central divider,Straight road,,Fine,HR46B           3429,P.V,Minor,0
15.06.2014,9:29 AM,1225.3,LHS,Rural,Maddipadu,Others(p1.Specific), Container Vehicle  fired ,Container,Non injury,Defect in mechanical condition of motor vehicle/road condition,Four lanes or more with central divider,Straight road,,Fine,HR46B           3429,P.V,Non injured ,1
15.06.2014,9:29 AM,1225.3,LHS,Rural,Maddipadu,Others(p1.Specific), Container Vehicle  fired ,Container,Non injury,Defect in mechanical condition of motor vehicle/road condition,Four lanes or more with central divider,Straight road,,Fine,HR46B           3429,P.V,Animals affected,0
15.06.2014,4:21 PM,1352.4,LHS,Rural,Kodavaluru,Rear End Collision,Lorry hit Tanker  ,Lorry,Fatal,Over speed,Four lanes or more with central divider,Slight curve,,Fine,AP24TA  4666,P.V,Fatal,1
15.06.2014,4:21 PM,1352.4,LHS,Rural,Kodavaluru,Rear End Collision,Lorry hit Tanker  ,Lorry,Fatal,Over speed,Four lanes or more with central divider,Slight curve,,Fine,AP24TA  4666,P.V,Grevious,0
15.06.2014,4:21 PM,1352.4,LHS,Rural,Kodavaluru,Rear End Collision,Lorry hit Tanker  ,Lorry,Fatal,Over speed,Four lanes or more with central divider,Slight curve,,Fine,AP24TA  4666,P.V,Minor,0
15.06.2014,4:21 PM,1352.4,LHS,Rural,Kodavaluru,Rear End Collision,Lorry hit Tanker  ,Lorry,Fatal,Over speed,Four lanes or more with central divider,Slight curve,,Fine,AP24TA  4666,P.V,Non injured ,1
15.06.2014,4:21 PM,1352.4,LHS,Rural,Kodavaluru,Rear End Collision,Lorry hit Tanker  ,Lorry,Fatal,Over speed,Four lanes or more with central divider,Slight curve,,Fine,AP24TA  4666,P.V,Animals affected,0
16.06.2014,8:22 PM,1274,RHS,Rural,Singarayakonda,Collision Brush/Side Wipe, Car  hit  Lorry,Car,Non injury,Over speed,Four lanes or more with central divider,Straight road,,Fine,KA53MB      3168,P.V  ,Fatal,0
16.06.2014,8:22 PM,1274,RHS,Rural,Singarayakonda,Collision Brush/Side Wipe, Car  hit  Lorry,Car,Non injury,Over speed,Four lanes or more with central divider,Straight road,,Fine,KA53MB      3168,P.V  ,Grevious,0
16.06.2014,8:22 PM,1274,RHS,Rural,Singarayakonda,Collision Brush/Side Wipe, Car  hit  Lorry,Car,Non injury,Over speed,Four lanes or more with central divider,Straight road,,Fine,KA53MB      3168,P.V  ,Minor,0
16.06.2014,8:22 PM,1274,RHS,Rural,Singarayakonda,Collision Brush/Side Wipe, Car  hit  Lorry,Car,Non injury,Over speed,Four lanes or more with central divider,Straight road,,Fine,KA53MB      3168,P.V  ,Non injured ,2
16.06.2014,8:22 PM,1274,RHS,Rural,Singarayakonda,Collision Brush/Side Wipe, Car  hit  Lorry,Car,Non injury,Over speed,Four lanes or more with central divider,Straight road,,Fine,KA53MB      3168,P.V  ,Animals affected,0
17.06.2014,3:47 PM,1197.5,RHS,Rural,Martur,Collision Brush/Side Wipe, Bus(APSR TC) hit     Median ,Bus,Non injury,Vehicle out of control,Four lanes or more with central divider,Straight road,,Fine,AP07Z         0178,P.V,Fatal,0
17.06.2014,3:47 PM,1197.5,RHS,Rural,Martur,Collision Brush/Side Wipe, Bus(APSR TC) hit     Median ,Bus,Non injury,Vehicle out of control,Four lanes or more with central divider,Straight road,,Fine,AP07Z         0178,P.V,Grevious,0
17.06.2014,3:47 PM,1197.5,RHS,Rural,Martur,Collision Brush/Side Wipe, Bus(APSR TC) hit     Median ,Bus,Non injury,Vehicle out of control,Four lanes or more with central divider,Straight road,,Fine,AP07Z         0178,P.V,Minor,0
17.06.2014,3:47 PM,1197.5,RHS,Rural,Martur,Collision Brush/Side Wipe, Bus(APSR TC) hit     Median ,Bus,Non injury,Vehicle out of control,Four lanes or more with central divider,Straight road,,Fine,AP07Z         0178,P.V,Non injured ,31
17.06.2014,3:47 PM,1197.5,RHS,Rural,Martur,Collision Brush/Side Wipe, Bus(APSR TC) hit     Median ,Bus,Non injury,Vehicle out of control,Four lanes or more with central divider,Straight road,,Fine,AP07Z         0178,P.V,Animals affected,0
18.06.2014,9:02 AM,1221.2,RHS,Rural,Medarametla,Collision Brush/Side Wipe, Car hit      Bike,Car,Fatal,Over speed,Four lanes or more with central divider,Straight road,Y-Junction,Fine,AP03AY     5157,P.V,Fatal,2
18.06.2014,9:02 AM,1221.2,RHS,Rural,Medarametla,Collision Brush/Side Wipe, Car hit      Bike,Car,Fatal,Over speed,Four lanes or more with central divider,Straight road,Y-Junction,Fine,AP03AY     5157,P.V,Grevious,0
18.06.2014,9:02 AM,1221.2,RHS,Rural,Medarametla,Collision Brush/Side Wipe, Car hit      Bike,Car,Fatal,Over speed,Four lanes or more with central divider,Straight road,Y-Junction,Fine,AP03AY     5157,P.V,Minor,0
18.06.2014,9:02 AM,1221.2,RHS,Rural,Medarametla,Collision Brush/Side Wipe, Car hit      Bike,Car,Fatal,Over speed,Four lanes or more with central divider,Straight road,Y-Junction,Fine,AP03AY     5157,P.V,Non injured ,4