Operational date,Time of Accident,KM && M,Position,Rural/Urban,Location,Nature of Accident Position,Nature of Accident,Vehicle Involved,Type of Accident,Causes,Road Feature,Road condition,Intersection Type And Control,Weather Condition,Vehicle Responsible,Help Provided by Ambulance/Patroling Vehicle,Classification of Accident,No of Affected Persons
18.06.2014,9:02 AM,1221.2,RHS,Rural,Medarametla,Collision Brush/Side Wipe, Car hit      Bike,Car,Fatal,Over speed,Four lanes or more with central divider,Straight road,Y-Junction,Fine,AP03AY     5157,P.V,Animals affected,0
18.06.2014,11:30 AM,1334.7,RHS,Rural,K.Tippa ,Collision Brush/Side Wipe, Tipper  hit Tata Ace Vehicle,Lorry,Grievious injury,Over speed,Four lanes or more with central divider,Straight road,T-Junction,Fine,AP07W      4437,P.V,Fatal,0
18.06.2014,11:30 AM,1334.7,RHS,Rural,K.Tippa ,Collision Brush/Side Wipe, Tipper  hit Tata Ace Vehicle,Lorry,Grievious injury,Over speed,Four lanes or more with central divider,Straight road,T-Junction,Fine,AP07W      4437,P.V,Grevious,1
18.06.2014,11:30 AM,1334.7,RHS,Rural,K.Tippa ,Collision Brush/Side Wipe, Tipper  hit Tata Ace Vehicle,Lorry,Grievious injury,Over speed,Four lanes or more with central divider,Straight road,T-Junction,Fine,AP07W      4437,P.V,Minor,3
18.06.2014,11:30 AM,1334.7,RHS,Rural,K.Tippa ,Collision Brush/Side Wipe, Tipper  hit Tata Ace Vehicle,Lorry,Grievious injury,Over speed,Four lanes or more with central divider,Straight road,T-Junction,Fine,AP07W      4437,P.V,Non injured ,1
18.06.2014,11:30 AM,1334.7,RHS,Rural,K.Tippa ,Collision Brush/Side Wipe, Tipper  hit Tata Ace Vehicle,Lorry,Grievious injury,Over speed,Four lanes or more with central divider,Straight road,T-Junction,Fine,AP07W      4437,P.V,Animals affected,0
19.06.2014,10:20 AM,1230,LHS,Rural,Maddipadu,Rear End Collision, Tempo Van hit Container Vehicle ,Van,Non injury,Over speed,Four lanes or more with central divider,Straight road,,Fine,AP29TB    6864,P.V,Fatal,0
19.06.2014,10:20 AM,1230,LHS,Rural,Maddipadu,Rear End Collision, Tempo Van hit Container Vehicle ,Van,Non injury,Over speed,Four lanes or more with central divider,Straight road,,Fine,AP29TB    6864,P.V,Grevious,0
19.06.2014,10:20 AM,1230,LHS,Rural,Maddipadu,Rear End Collision, Tempo Van hit Container Vehicle ,Van,Non injury,Over speed,Four lanes or more with central divider,Straight road,,Fine,AP29TB    6864,P.V,Minor,0
19.06.2014,10:20 AM,1230,LHS,Rural,Maddipadu,Rear End Collision, Tempo Van hit Container Vehicle ,Van,Non injury,Over speed,Four lanes or more with central divider,Straight road,,Fine,AP29TB    6864,P.V,Non injured ,4
19.06.2014,10:20 AM,1230,LHS,Rural,Maddipadu,Rear End Collision, Tempo Van hit Container Vehicle ,Van,Non injury,Over speed,Four lanes or more with central divider,Straight road,,Fine,AP29TB    6864,P.V,Animals affected,0
19.06.2014,11:08 AM,1287.6,LHS,Rural,Ulavapadu,Rear End Collision, Mini Lorry  hit Lorry,Lorry,Grievious injury,Fault of driver of motor vehicle/driver of other vehicle/cyclist/pedestrian/passenger,Four lanes or more with central divider,Straight road,,Fine,AP27X       4054,P.V,Fatal,0
19.06.2014,11:08 AM,1287.6,LHS,Rural,Ulavapadu,Rear End Collision, Mini Lorry  hit Lorry,Lorry,Grievious injury,Fault of driver of motor vehicle/driver of other vehicle/cyclist/pedestrian/passenger,Four lanes or more with central divider,Straight road,,Fine,AP27X       4054,P.V,Grevious,1
19.06.2014,11:08 AM,1287.6,LHS,Rural,Ulavapadu,Rear End Collision, Mini Lorry  hit Lorry,Lorry,Grievious injury,Fault of driver of motor vehicle/driver of other vehicle/cyclist/pedestrian/passenger,Four lanes or more with central divider,Straight road,,Fine,AP27X       4054,P.V,Minor,0
19.06.2014,11:08 AM,1287.6,LHS,Rural,Ulavapadu,Rear End Collision, Mini Lorry  hit Lorry,Lorry,Grievious injury,Fault of driver of motor vehicle/driver of other vehicle/cyclist/pedestrian/passenger,Four lanes or more with central divider,Straight road,,Fine,AP27X       4054,P.V,Non injured ,2
19.06.2014,11:08 AM,1287.6,LHS,Rural,Ulavapadu,Rear End Collision, Mini Lorry  hit Lorry,Lorry,Grievious injury,Fault of driver of motor vehicle/driver of other vehicle/cyclist/pedestrian/passenger,Four lanes or more with central divider,Straight road,,Fine,AP27X       4054,P.V,Animals affected,0
19.06.2014,5:43 PM,1262.7,RHS,Rural,Tangutur,Overturning,Auto Over Turned,Auto,Minor injury,Vehicle out of control,Four lanes or more with central divider,Straight road,,Fine,AP27Y       1084,P.V&AMB,Fatal,0
19.06.2014,5:43 PM,1262.7,RHS,Rural,Tangutur,Overturning,Auto Over Turned,Auto,Minor injury,Vehicle out of control,Four lanes or more with central divider,Straight road,,Fine,AP27Y       1084,P.V&AMB,Grevious,0
19.06.2014,5:43 PM,1262.7,RHS,Rural,Tangutur,Overturning,Auto Over Turned,Auto,Minor injury,Vehicle out of control,Four lanes or more with central divider,Straight road,,Fine,AP27Y       1084,P.V&AMB,Minor,1
19.06.2014,5:43 PM,1262.7,RHS,Rural,Tangutur,Overturning,Auto Over Turned,Auto,Minor injury,Vehicle out of control,Four lanes or more with central divider,Straight road,,Fine,AP27Y       1084,P.V&AMB,Non injured ,2
19.06.2014,5:43 PM,1262.7,RHS,Rural,Tangutur,Overturning,Auto Over Turned,Auto,Minor injury,Vehicle out of control,Four lanes or more with central divider,Straight road,,Fine,AP27Y       1084,P.V&AMB,Animals affected,0
20.06.2014,4:10 AM,1239.1,LHS,Rural,Maddipadu,Overturning,Tipper Over Turned,Lorry,Grievious injury,Over speed,Four lanes or more with central divider,Straight road,,Fine,AP25X        9942,P.V,Fatal,0
20.06.2014,4:10 AM,1239.1,LHS,Rural,Maddipadu,Overturning,Tipper Over Turned,Lorry,Grievious injury,Over speed,Four lanes or more with central divider,Straight road,,Fine,AP25X        9942,P.V,Grevious,1
20.06.2014,4:10 AM,1239.1,LHS,Rural,Maddipadu,Overturning,Tipper Over Turned,Lorry,Grievious injury,Over speed,Four lanes or more with central divider,Straight road,,Fine,AP25X        9942,P.V,Minor,0
20.06.2014,4:10 AM,1239.1,LHS,Rural,Maddipadu,Overturning,Tipper Over Turned,Lorry,Grievious injury,Over speed,Four lanes or more with central divider,Straight road,,Fine,AP25X        9942,P.V,Non injured ,2
20.06.2014,4:10 AM,1239.1,LHS,Rural,Maddipadu,Overturning,Tipper Over Turned,Lorry,Grievious injury,Over speed,Four lanes or more with central divider,Straight road,,Fine,AP25X        9942,P.V,Animals affected,0
20.06.2014,11:05 PM,1318.9,RHS,Rural,Kavali,Overturning,Lorry  Road Out Side Over Turned,Lorry,Fatal,Fault of driver of motor vehicle/driver of other vehicle/cyclist/pedestrian/passenger,Four lanes or more with central divider,Straight road,,Fine,AP07TU    4999,P.V,Fatal,1
20.06.2014,11:05 PM,1318.9,RHS,Rural,Kavali,Overturning,Lorry  Road Out Side Over Turned,Lorry,Fatal,Fault of driver of motor vehicle/driver of other vehicle/cyclist/pedestrian/passenger,Four lanes or more with central divider,Straight road,,Fine,AP07TU    4999,P.V,Grevious,0
20.06.2014,11:05 PM,1318.9,RHS,Rural,Kavali,Overturning,Lorry  Road Out Side Over Turned,Lorry,Fatal,Fault of driver of motor vehicle/driver of other vehicle/cyclist/pedestrian/passenger,Four lanes or more with central divider,Straight road,,Fine,AP07TU    4999,P.V,Minor,0
20.06.2014,11:05 PM,1318.9,RHS,Rural,Kavali,Overturning,Lorry  Road Out Side Over Turned,Lorry,Fatal,Fault of driver of motor vehicle/driver of other vehicle/cyclist/pedestrian/passenger,Four lanes or more with central divider,Straight road,,Fine,AP07TU    4999,P.V,Non injured ,1
20.06.2014,11:05 PM,1318.9,RHS,Rural,Kavali,Overturning,Lorry  Road Out Side Over Turned,Lorry,Fatal,Fault of driver of motor vehicle/driver of other vehicle/cyclist/pedestrian/passenger,Four lanes or more with central divider,Straight road,,Fine,AP07TU    4999,P.V,Animals affected,0
21.06.2014,2:25 AM,1185.6,RHS,Rural,Martur,Overturning,Car  Road Out Side Over Turned,Car,Grievious injury,Fault of driver of motor vehicle/driver of other vehicle/cyclist/pedestrian/passenger,Four lanes or more with central divider,Straight road,,Fine,KA02         3834,P.V,Fatal,0
21.06.2014,2:25 AM,1185.6,RHS,Rural,Martur,Overturning,Car  Road Out Side Over Turned,Car,Grievious injury,Fault of driver of motor vehicle/driver of other vehicle/cyclist/pedestrian/passenger,Four lanes or more with central divider,Straight road,,Fine,KA02         3834,P.V,Grevious,1
21.06.2014,2:25 AM,1185.6,RHS,Rural,Martur,Overturning,Car  Road Out Side Over Turned,Car,Grievious injury,Fault of driver of motor vehicle/driver of other vehicle/cyclist/pedestrian/passenger,Four lanes or more with central divider,Straight road,,Fine,KA02         3834,P.V,Minor,0
21.06.2014,2:25 AM,1185.6,RHS,Rural,Martur,Overturning,Car  Road Out Side Over Turned,Car,Grievious injury,Fault of driver of motor vehicle/driver of other vehicle/cyclist/pedestrian/passenger,Four lanes or more with central divider,Straight road,,Fine,KA02         3834,P.V,Non injured ,0
21.06.2014,2:25 AM,1185.6,RHS,Rural,Martur,Overturning,Car  Road Out Side Over Turned,Car,Grievious injury,Fault of driver of motor vehicle/driver of other vehicle/cyclist/pedestrian/passenger,Four lanes or more with central divider,Straight road,,Fine,KA02         3834,P.V,Animals affected,0
21.06.2014,5:00 AM,1284.4,LHS,Rural,Ulavapadu,Collision Brush/Side Wipe,  Lorry  hit Unknown Vehicle,Lorry,Grievious injury,Over speed,Four lanes or more with central divider,Straight road,,Fine,AP24TB    6449,P.V,Fatal,0
21.06.2014,5:00 AM,1284.4,LHS,Rural,Ulavapadu,Collision Brush/Side Wipe,  Lorry  hit Unknown Vehicle,Lorry,Grievious injury,Over speed,Four lanes or more with central divider,Straight road,,Fine,AP24TB    6449,P.V,Grevious,1
21.06.2014,5:00 AM,1284.4,LHS,Rural,Ulavapadu,Collision Brush/Side Wipe,  Lorry  hit Unknown Vehicle,Lorry,Grievious injury,Over speed,Four lanes or more with central divider,Straight road,,Fine,AP24TB    6449,P.V,Minor,0
21.06.2014,5:00 AM,1284.4,LHS,Rural,Ulavapadu,Collision Brush/Side Wipe,  Lorry  hit Unknown Vehicle,Lorry,Grievious injury,Over speed,Four lanes or more with central divider,Straight road,,Fine,AP24TB    6449,P.V,Non injured ,0
21.06.2014,5:00 AM,1284.4,LHS,Rural,Ulavapadu,Collision Brush/Side Wipe,  Lorry  hit Unknown Vehicle,Lorry,Grievious injury,Over speed,Four lanes or more with central divider,Straight road,,Fine,AP24TB    6449,P.V,Animals affected,0
21.06.2014,12:07 PM,1273.5,LHS,Rural,Singarayakonda,Collision Brush/Side Wipe, Lorry hit   Car,Lorry,Non injury,Over speed,Four lanes or more with central divider,Straight road,,Fine,TN59TT     3542,P.V,Fatal,0
21.06.2014,12:07 PM,1273.5,LHS,Rural,Singarayakonda,Collision Brush/Side Wipe, Lorry hit   Car,Lorry,Non injury,Over speed,Four lanes or more with central divider,Straight road,,Fine,TN59TT     3542,P.V,Grevious,0
21.06.2014,12:07 PM,1273.5,LHS,Rural,Singarayakonda,Collision Brush/Side Wipe, Lorry hit   Car,Lorry,Non injury,Over speed,Four lanes or more with central divider,Straight road,,Fine,TN59TT     3542,P.V,Minor,0
21.06.2014,12:07 PM,1273.5,LHS,Rural,Singarayakonda,Collision Brush/Side Wipe, Lorry hit   Car,Lorry,Non injury,Over speed,Four lanes or more with central divider,Straight road,,Fine,TN59TT     3542,P.V,Non injured ,4
21.06.2014,12:07 PM,1273.5,LHS,Rural,Singarayakonda,Collision Brush/Side Wipe, Lorry hit   Car,Lorry,Non injury,Over speed,Four lanes or more with central divider,Straight road,,Fine,TN59TT     3542,P.V,Animals affected,0
23.06.2014,1:10 PM,1243.1,LHS,Urban,Ongole,Rear End Collision, Container Vehicle hit Unknown Vehicle,Container,Non injury,Over speed,Four lanes or more with central divider,Straight road,,Fine,HR55K          8209,P.V,Fatal,0
23.06.2014,1:10 PM,1243.1,LHS,Urban,Ongole,Rear End Collision, Container Vehicle hit Unknown Vehicle,Container,Non injury,Over speed,Four lanes or more with central divider,Straight road,,Fine,HR55K          8209,P.V,Grevious,0
23.06.2014,1:10 PM,1243.1,LHS,Urban,Ongole,Rear End Collision, Container Vehicle hit Unknown Vehicle,Container,Non injury,Over speed,Four lanes or more with central divider,Straight road,,Fine,HR55K          8209,P.V,Minor,0
23.06.2014,1:10 PM,1243.1,LHS,Urban,Ongole,Rear End Collision, Container Vehicle hit Unknown Vehicle,Container,Non injury,Over speed,Four lanes or more with central divider,Straight road,,Fine,HR55K          8209,P.V,Non injured ,2
23.06.2014,1:10 PM,1243.1,LHS,Urban,Ongole,Rear End Collision, Container Vehicle hit Unknown Vehicle,Container,Non injury,Over speed,Four lanes or more with central divider,Straight road,,Fine,HR55K          8209,P.V,Animals affected,0
24.06.2014,3:00 AM,1326.6,RHS,Rural,Kavali,Collision Brush/Side Wipe, Lorry hit     Toll booth ,Lorry,Non injury,Fault of driver of motor vehicle/driver of other vehicle/cyclist/pedestrian/passenger,Four lanes or more with central divider,Straight road,,Fine,AP16TC     3246,P.V,Fatal,0
24.06.2014,3:00 AM,1326.6,RHS,Rural,Kavali,Collision Brush/Side Wipe, Lorry hit     Toll booth ,Lorry,Non injury,Fault of driver of motor vehicle/driver of other vehicle/cyclist/pedestrian/passenger,Four lanes or more with central divider,Straight road,,Fine,AP16TC     3246,P.V,Grevious,0
24.06.2014,3:00 AM,1326.6,RHS,Rural,Kavali,Collision Brush/Side Wipe, Lorry hit     Toll booth ,Lorry,Non injury,Fault of driver of motor vehicle/driver of other vehicle/cyclist/pedestrian/passenger,Four lanes or more with central divider,Straight road,,Fine,AP16TC     3246,P.V,Minor,0
24.06.2014,3:00 AM,1326.6,RHS,Rural,Kavali,Collision Brush/Side Wipe, Lorry hit     Toll booth ,Lorry,Non injury,Fault of driver of motor vehicle/driver of other vehicle/cyclist/pedestrian/passenger,Four lanes or more with central divider,Straight road,,Fine,AP16TC     3246,P.V,Non injured ,2
24.06.2014,3:00 AM,1326.6,RHS,Rural,Kavali,Collision Brush/Side Wipe, Lorry hit     Toll booth ,Lorry,Non injury,Fault of driver of motor vehicle/driver of other vehicle/cyclist/pedestrian/passenger,Four lanes or more with central divider,Straight road,,Fine,AP16TC     3246,P.V,Animals affected,0
25.06.2014,1:24 AM,1248.2,LHS,Rural,Ongole,Rear End Collision, Car hit      Car,Car,Minor injury,Druken,Four lanes or more with central divider,Straight road,,Fine,T/R (Car),P.V,Fatal,0
25.06.2014,1:24 AM,1248.2,LHS,Rural,Ongole,Rear End Collision, Car hit      Car,Car,Minor injury,Druken,Four lanes or more with central divider,Straight road,,Fine,T/R (Car),P.V,Grevious,0
25.06.2014,1:24 AM,1248.2,LHS,Rural,Ongole,Rear End Collision, Car hit      Car,Car,Minor injury,Druken,Four lanes or more with central divider,Straight road,,Fine,T/R (Car),P.V,Minor,3
25.06.2014,1:24 AM,1248.2,LHS,Rural,Ongole,Rear End Collision, Car hit      Car,Car,Minor injury,Druken,Four lanes or more with central divider,Straight road,,Fine,T/R (Car),P.V,Non injured ,6
25.06.2014,1:24 AM,1248.2,LHS,Rural,Ongole,Rear End Collision, Car hit      Car,Car,Minor injury,Druken,Four lanes or more with central divider,Straight road,,Fine,T/R (Car),P.V,Animals affected,0
25.06.2014,5:00 AM,1310.4,RHS,Rural,Kavali,Collision Brush/Side Wipe,Bike hit C.C Barrier,Bike,Fatal,Druken,Four lanes or more with central divider,Straight road,,Fine,AP26AJ     0980,P.V,Fatal,1
25.06.2014,5:00 AM,1310.4,RHS,Rural,Kavali,Collision Brush/Side Wipe,Bike hit C.C Barrier,Bike,Fatal,Druken,Four lanes or more with central divider,Straight road,,Fine,AP26AJ     0980,P.V,Grevious,0
25.06.2014,5:00 AM,1310.4,RHS,Rural,Kavali,Collision Brush/Side Wipe,Bike hit C.C Barrier,Bike,Fatal,Druken,Four lanes or more with central divider,Straight road,,Fine,AP26AJ     0980,P.V,Minor,0
25.06.2014,5:00 AM,1310.4,RHS,Rural,Kavali,Collision Brush/Side Wipe,Bike hit C.C Barrier,Bike,Fatal,Druken,Four lanes or more with central divider,Straight road,,Fine,AP26AJ     0980,P.V,Non injured ,0
25.06.2014,5:00 AM,1310.4,RHS,Rural,Kavali,Collision Brush/Side Wipe,Bike hit C.C Barrier,Bike,Fatal,Druken,Four lanes or more with central divider,Straight road,,Fine,AP26AJ     0980,P.V,Animals affected,0
25.06.2014,3:53 PM,1273,RHS,Rural,Singarayakonda,Collision Brush/Side Wipe, Car hit      RTC Bus,Car,Grievious injury,Over speed,Four lanes or more with central divider,Straight road,,Fine,AP16BW   9457,P.V&AMB,Fatal,0
25.06.2014,3:53 PM,1273,RHS,Rural,Singarayakonda,Collision Brush/Side Wipe, Car hit      RTC Bus,Car,Grievious injury,Over speed,Four lanes or more with central divider,Straight road,,Fine,AP16BW   9457,P.V&AMB,Grevious,2
25.06.2014,3:53 PM,1273,RHS,Rural,Singarayakonda,Collision Brush/Side Wipe, Car hit      RTC Bus,Car,Grievious injury,Over speed,Four lanes or more with central divider,Straight road,,Fine,AP16BW   9457,P.V&AMB,Minor,2
25.06.2014,3:53 PM,1273,RHS,Rural,Singarayakonda,Collision Brush/Side Wipe, Car hit      RTC Bus,Car,Grievious injury,Over speed,Four lanes or more with central divider,Straight road,,Fine,AP16BW   9457,P.V&AMB,Non injured ,20
25.06.2014,3:53 PM,1273,RHS,Rural,Singarayakonda,Collision Brush/Side Wipe, Car hit      RTC Bus,Car,Grievious injury,Over speed,Four lanes or more with central divider,Straight road,,Fine,AP16BW   9457,P.V&AMB,Animals affected,0
25.06.2014,9:40 PM,1228.8,RHS,Rural,Maddipadu,Collision Brush/Side Wipe, Bike hit Lorry,Bike,Grievious injury,Over speed,Four lanes or more with central divider,Straight road,,Fine,AP27E      5492,P.V,Fatal,0
25.06.2014,9:40 PM,1228.8,RHS,Rural,Maddipadu,Collision Brush/Side Wipe, Bike hit Lorry,Bike,Grievious injury,Over speed,Four lanes or more with central divider,Straight road,,Fine,AP27E      5492,P.V,Grevious,1
25.06.2014,9:40 PM,1228.8,RHS,Rural,Maddipadu,Collision Brush/Side Wipe, Bike hit Lorry,Bike,Grievious injury,Over speed,Four lanes or more with central divider,Straight road,,Fine,AP27E      5492,P.V,Minor,1
25.06.2014,9:40 PM,1228.8,RHS,Rural,Maddipadu,Collision Brush/Side Wipe, Bike hit Lorry,Bike,Grievious injury,Over speed,Four lanes or more with central divider,Straight road,,Fine,AP27E      5492,P.V,Non injured ,0
25.06.2014,9:40 PM,1228.8,RHS,Rural,Maddipadu,Collision Brush/Side Wipe, Bike hit Lorry,Bike,Grievious injury,Over speed,Four lanes or more with central divider,Straight road,,Fine,AP27E      5492,P.V,Animals affected,0
26.06.2014,3:00 AM,1357,LHS,Rural,Kodavaluru,Others(p1.Specific),Unknown Vehicle hit Pedestrians,Unknown,Fatal,Fault of driver of motor vehicle/driver of other vehicle/cyclist/pedestrian/passenger,Four lanes or more with central divider,Straight road,,Fine,Unknown Vehicle,P.V&AMB,Fatal,4
26.06.2014,3:00 AM,1357,LHS,Rural,Kodavaluru,Others(p1.Specific),Unknown Vehicle hit Pedestrians,Unknown,Fatal,Fault of driver of motor vehicle/driver of other vehicle/cyclist/pedestrian/passenger,Four lanes or more with central divider,Straight road,,Fine,Unknown Vehicle,P.V&AMB,Grevious,2
26.06.2014,3:00 AM,1357,LHS,Rural,Kodavaluru,Others(p1.Specific),Unknown Vehicle hit Pedestrians,Unknown,Fatal,Fault of driver of motor vehicle/driver of other vehicle/cyclist/pedestrian/passenger,Four lanes or more with central divider,Straight road,,Fine,Unknown Vehicle,P.V&AMB,Minor,0
26.06.2014,3:00 AM,1357,LHS,Rural,Kodavaluru,Others(p1.Specific),Unknown Vehicle hit Pedestrians,Unknown,Fatal,Fault of driver of motor vehicle/driver of other vehicle/cyclist/pedestrian/passenger,Four lanes or more with central divider,Straight road,,Fine,Unknown Vehicle,P.V&AMB,Non injured ,5
26.06.2014,3:00 AM,1357,LHS,Rural,Kodavaluru,Others(p1.Specific),Unknown Vehicle hit Pedestrians,Unknown,Fatal,Fault of driver of motor vehicle/driver of other vehicle/cyclist/pedestrian/passenger,Four lanes or more with central divider,Straight road,,Fine,Unknown Vehicle,P.V&AMB,Animals affected,0
26.06.2014,5:01 AM,1218.5,RHS,Rural,Medarametla,Collision Brush/Side Wipe,Car  hit C.C Barrier,Car,Grievious injury,Over speed,Four lanes or more with central divider,Straight road,,Fine,KA01MF         6312,P.V&AMB,Fatal,0
26.06.2014,5:01 AM,1218.5,RHS,Rural,Medarametla,Collision Brush/Side Wipe,Car  hit C.C Barrier,Car,Grievious injury,Over speed,Four lanes or more with central divider,Straight road,,Fine,KA01MF         6312,P.V&AMB,Grevious,1
26.06.2014,5:01 AM,1218.5,RHS,Rural,Medarametla,Collision Brush/Side Wipe,Car  hit C.C Barrier,Car,Grievious injury,Over speed,Four lanes or more with central divider,Straight road,,Fine,KA01MF         6312,P.V&AMB,Minor,0
26.06.2014,5:01 AM,1218.5,RHS,Rural,Medarametla,Collision Brush/Side Wipe,Car  hit C.C Barrier,Car,Grievious injury,Over speed,Four lanes or more with central divider,Straight road,,Fine,KA01MF         6312,P.V&AMB,Non injured ,4
26.06.2014,5:01 AM,1218.5,RHS,Rural,Medarametla,Collision Brush/Side Wipe,Car  hit C.C Barrier,Car,Grievious injury,Over speed,Four lanes or more with central divider,Straight road,,Fine,KA01MF         6312,P.V&AMB,Animals affected,0
26.06.2014,12:55 PM,1239.3,LHS,Rural,Medarametla,Rear End Collision, Lorry hit Lorry,Lorry,Fatal,Fault of driver of motor vehicle/driver of other vehicle/cyclist/pedestrian/passenger,Four lanes or more with central divider,Straight road,,Fine,AP03TA   8486,P.V,Fatal,1
26.06.2014,12:55 PM,1239.3,LHS,Rural,Medarametla,Rear End Collision, Lorry hit Lorry,Lorry,Fatal,Fault of driver of motor vehicle/driver of other vehicle/cyclist/pedestrian/passenger,Four lanes or more with central divider,Straight road,,Fine,AP03TA   8486,P.V,Grevious,0
26.06.2014,12:55 PM,1239.3,LHS,Rural,Medarametla,Rear End Collision, Lorry hit Lorry,Lorry,Fatal,Fault of driver of motor vehicle/driver of other vehicle/cyclist/pedestrian/passenger,Four lanes or more with central divider,Straight road,,Fine,AP03TA   8486,P.V,Minor,0
26.06.2014,12:55 PM,1239.3,LHS,Rural,Medarametla,Rear End Collision, Lorry hit Lorry,Lorry,Fatal,Fault of driver of motor vehicle/driver of other vehicle/cyclist/pedestrian/passenger,Four lanes or more with central divider,Straight road,,Fine,AP03TA   8486,P.V,Non injured ,2
26.06.2014,12:55 PM,1239.3,LHS,Rural,Medarametla,Rear End Collision, Lorry hit Lorry,Lorry,Fatal,Fault of driver of motor vehicle/driver of other vehicle/cyclist/pedestrian/passenger,Four lanes or more with central divider,Straight road,,Fine,AP03TA   8486,P.V,Animals affected,0
26.06.2014,5:46 PM,1246.1,RHS,Urban,Ongole,Collision Brush/Side Wipe, Car hit Buffalo,Car,Non injury,Over speed,Four lanes or more with central divider,Straight road,,Fine,AP26AX    0123,P.V,Fatal,0
26.06.2014,5:46 PM,1246.1,RHS,Urban,Ongole,Collision Brush/Side Wipe, Car hit Buffalo,Car,Non injury,Over speed,Four lanes or more with central divider,Straight road,,Fine,AP26AX    0123,P.V,Grevious,0
26.06.2014,5:46 PM,1246.1,RHS,Urban,Ongole,Collision Brush/Side Wipe, Car hit Buffalo,Car,Non injury,Over speed,Four lanes or more with central divider,Straight road,,Fine,AP26AX    0123,P.V,Minor,0
26.06.2014,5:46 PM,1246.1,RHS,Urban,Ongole,Collision Brush/Side Wipe, Car hit Buffalo,Car,Non injury,Over speed,Four lanes or more with central divider,Straight road,,Fine,AP26AX    0123,P.V,Non injured ,2
26.06.2014,5:46 PM,1246.1,RHS,Urban,Ongole,Collision Brush/Side Wipe, Car hit Buffalo,Car,Non injury,Over speed,Four lanes or more with central divider,Straight road,,Fine,AP26AX    0123,P.V,Animals affected,0
26.06.2014,9:10 PM,1225.8,RHS,Rural,Maddipadu,Rear End Collision, Lorry hit Container Vehicle,Lorry,Fatal,Over speed,Four lanes or more with central divider,Straight road,,Fine,WB33A      3779,P.V,Fatal,1
26.06.2014,9:10 PM,1225.8,RHS,Rural,Maddipadu,Rear End Collision, Lorry hit Container Vehicle,Lorry,Fatal,Over speed,Four lanes or more with central divider,Straight road,,Fine,WB33A      3779,P.V,Grevious,0
26.06.2014,9:10 PM,1225.8,RHS,Rural,Maddipadu,Rear End Collision, Lorry hit Container Vehicle,Lorry,Fatal,Over speed,Four lanes or more with central divider,Straight road,,Fine,WB33A      3779,P.V,Minor,1
26.06.2014,9:10 PM,1225.8,RHS,Rural,Maddipadu,Rear End Collision, Lorry hit Container Vehicle,Lorry,Fatal,Over speed,Four lanes or more with central divider,Straight road,,Fine,WB33A      3779,P.V,Non injured ,0
26.06.2014,9:10 PM,1225.8,RHS,Rural,Maddipadu,Rear End Collision, Lorry hit Container Vehicle,Lorry,Fatal,Over speed,Four lanes or more with central divider,Straight road,,Fine,WB33A      3779,P.V,Animals affected,0
26.06.2014,9:30 PM,1225.8,RHS,Rural,Maddipadu,Rear End Collision,  Tanker hit Lorry,Tanker,Fatal,Druken,Four lanes or more with central divider,Straight road,,Fine,AP31V     2699,P.V & AMB,Fatal,1
26.06.2014,9:30 PM,1225.8,RHS,Rural,Maddipadu,Rear End Collision,  Tanker hit Lorry,Tanker,Fatal,Druken,Four lanes or more with central divider,Straight road,,Fine,AP31V     2699,P.V & AMB,Grevious,1
26.06.2014,9:30 PM,1225.8,RHS,Rural,Maddipadu,Rear End Collision,  Tanker hit Lorry,Tanker,Fatal,Druken,Four lanes or more with central divider,Straight road,,Fine,AP31V     2699,P.V & AMB,Minor,0
26.06.2014,9:30 PM,1225.8,RHS,Rural,Maddipadu,Rear End Collision,  Tanker hit Lorry,Tanker,Fatal,Druken,Four lanes or more with central divider,Straight road,,Fine,AP31V     2699,P.V & AMB,Non injured ,0
26.06.2014,9:30 PM,1225.8,RHS,Rural,Maddipadu,Rear End Collision,  Tanker hit Lorry,Tanker,Fatal,Druken,Four lanes or more with central divider,Straight road,,Fine,AP31V     2699,P.V & AMB,Animals affected,0
27.06.2014,5:00 AM,1294.4,RHS,Rural,Ulavapadu,Collision Brush/Side Wipe, Car hit Bridge Wall,Car,Minor injury,Defect in mechanical condition of motor vehicle/road condition,Four lanes or more with central divider,Straight road,,Fine,AP29L           3123,P.V & AMB,Fatal,0
27.06.2014,5:00 AM,1294.4,RHS,Rural,Ulavapadu,Collision Brush/Side Wipe, Car hit Bridge Wall,Car,Minor injury,Defect in mechanical condition of motor vehicle/road condition,Four lanes or more with central divider,Straight road,,Fine,AP29L           3123,P.V & AMB,Grevious,0
27.06.2014,5:00 AM,1294.4,RHS,Rural,Ulavapadu,Collision Brush/Side Wipe, Car hit Bridge Wall,Car,Minor injury,Defect in mechanical condition of motor vehicle/road condition,Four lanes or more with central divider,Straight road,,Fine,AP29L           3123,P.V & AMB,Minor,1
27.06.2014,5:00 AM,1294.4,RHS,Rural,Ulavapadu,Collision Brush/Side Wipe, Car hit Bridge Wall,Car,Minor injury,Defect in mechanical condition of motor vehicle/road condition,Four lanes or more with central divider,Straight road,,Fine,AP29L           3123,P.V & AMB,Non injured ,8
27.06.2014,5:00 AM,1294.4,RHS,Rural,Ulavapadu,Collision Brush/Side Wipe, Car hit Bridge Wall,Car,Minor injury,Defect in mechanical condition of motor vehicle/road condition,Four lanes or more with central divider,Straight road,,Fine,AP29L           3123,P.V & AMB,Animals affected,0