Operational date,Time of Accident,KM && M,Position,Rural/Urban,Location,Nature of Accident Position,Nature of Accident,Vehicle Involved,Type of Accident,Causes,Road Feature,Road condition,Intersection Type And Control,Weather Condition,Vehicle Responsible,Help Provided by Ambulance/Patroling Vehicle,Classification of Accident,No of Affected Persons
27.06.2014,9:35 AM,1280.6,LHS,Rural,Singarayakonda,Rear End Collision,  Container Vehicle hit   Lorry,Container,Non injury,Over speed,Four lanes or more with central divider,Straight road,,Fine,AP27V   3537,P.V,Fatal,0
27.06.2014,9:35 AM,1280.6,LHS,Rural,Singarayakonda,Rear End Collision,  Container Vehicle hit   Lorry,Container,Non injury,Over speed,Four lanes or more with central divider,Straight road,,Fine,AP27V   3537,P.V,Grevious,0
27.06.2014,9:35 AM,1280.6,LHS,Rural,Singarayakonda,Rear End Collision,  Container Vehicle hit   Lorry,Container,Non injury,Over speed,Four lanes or more with central divider,Straight road,,Fine,AP27V   3537,P.V,Minor,0
27.06.2014,9:35 AM,1280.6,LHS,Rural,Singarayakonda,Rear End Collision,  Container Vehicle hit   Lorry,Container,Non injury,Over speed,Four lanes or more with central divider,Straight road,,Fine,AP27V   3537,P.V,Non injured ,2
27.06.2014,9:35 AM,1280.6,LHS,Rural,Singarayakonda,Rear End Collision,  Container Vehicle hit   Lorry,Container,Non injury,Over speed,Four lanes or more with central divider,Straight road,,Fine,AP27V   3537,P.V,Animals affected,0
28.06.2014,2:10 AM,1187.3,LHS,Rural,Martur,Collision Brush/Side Wipe, Lorry hit Lorry,Lorry,Grievious injury,Fault of driver of motor vehicle/driver of other vehicle/cyclist/pedestrian/passenger,Four lanes or more with central divider,Straight road,,Fine,AP13T     6269,P.V & AMB,Fatal,0
28.06.2014,2:10 AM,1187.3,LHS,Rural,Martur,Collision Brush/Side Wipe, Lorry hit Lorry,Lorry,Grievious injury,Fault of driver of motor vehicle/driver of other vehicle/cyclist/pedestrian/passenger,Four lanes or more with central divider,Straight road,,Fine,AP13T     6269,P.V & AMB,Grevious,2
28.06.2014,2:10 AM,1187.3,LHS,Rural,Martur,Collision Brush/Side Wipe, Lorry hit Lorry,Lorry,Grievious injury,Fault of driver of motor vehicle/driver of other vehicle/cyclist/pedestrian/passenger,Four lanes or more with central divider,Straight road,,Fine,AP13T     6269,P.V & AMB,Minor,0
28.06.2014,2:10 AM,1187.3,LHS,Rural,Martur,Collision Brush/Side Wipe, Lorry hit Lorry,Lorry,Grievious injury,Fault of driver of motor vehicle/driver of other vehicle/cyclist/pedestrian/passenger,Four lanes or more with central divider,Straight road,,Fine,AP13T     6269,P.V & AMB,Non injured ,2
28.06.2014,2:10 AM,1187.3,LHS,Rural,Martur,Collision Brush/Side Wipe, Lorry hit Lorry,Lorry,Grievious injury,Fault of driver of motor vehicle/driver of other vehicle/cyclist/pedestrian/passenger,Four lanes or more with central divider,Straight road,,Fine,AP13T     6269,P.V & AMB,Animals affected,0
29.06.2014,4:30 AM,1355.9,LHS,Rural,Kodavaluru,Rear End Collision, Lorry hit Lorry,Lorry,Fatal,Over speed,Four lanes or more with central divider,Straight road,,Fine,AP16TC   9639,P.V,Fatal,1
29.06.2014,4:30 AM,1355.9,LHS,Rural,Kodavaluru,Rear End Collision, Lorry hit Lorry,Lorry,Fatal,Over speed,Four lanes or more with central divider,Straight road,,Fine,AP16TC   9639,P.V,Grevious,1
29.06.2014,4:30 AM,1355.9,LHS,Rural,Kodavaluru,Rear End Collision, Lorry hit Lorry,Lorry,Fatal,Over speed,Four lanes or more with central divider,Straight road,,Fine,AP16TC   9639,P.V,Minor,0
29.06.2014,4:30 AM,1355.9,LHS,Rural,Kodavaluru,Rear End Collision, Lorry hit Lorry,Lorry,Fatal,Over speed,Four lanes or more with central divider,Straight road,,Fine,AP16TC   9639,P.V,Non injured ,2
29.06.2014,4:30 AM,1355.9,LHS,Rural,Kodavaluru,Rear End Collision, Lorry hit Lorry,Lorry,Fatal,Over speed,Four lanes or more with central divider,Straight road,,Fine,AP16TC   9639,P.V,Animals affected,0
29.06.2014,3:00 PM,1239.1,RHS,Rural,Maddipadu,Collision Brush/Side Wipe, Tanker Lorry hit Lorry,Tanker,Grievious injury,Druken,Four lanes or more with central divider,Straight road,,Fine,AP16TD   2357,P.V,Fatal,0
29.06.2014,3:00 PM,1239.1,RHS,Rural,Maddipadu,Collision Brush/Side Wipe, Tanker Lorry hit Lorry,Tanker,Grievious injury,Druken,Four lanes or more with central divider,Straight road,,Fine,AP16TD   2357,P.V,Grevious,2
29.06.2014,3:00 PM,1239.1,RHS,Rural,Maddipadu,Collision Brush/Side Wipe, Tanker Lorry hit Lorry,Tanker,Grievious injury,Druken,Four lanes or more with central divider,Straight road,,Fine,AP16TD   2357,P.V,Minor,0
29.06.2014,3:00 PM,1239.1,RHS,Rural,Maddipadu,Collision Brush/Side Wipe, Tanker Lorry hit Lorry,Tanker,Grievious injury,Druken,Four lanes or more with central divider,Straight road,,Fine,AP16TD   2357,P.V,Non injured ,1
29.06.2014,3:00 PM,1239.1,RHS,Rural,Maddipadu,Collision Brush/Side Wipe, Tanker Lorry hit Lorry,Tanker,Grievious injury,Druken,Four lanes or more with central divider,Straight road,,Fine,AP16TD   2357,P.V,Animals affected,0
29.06.2014,6:10 PM,1283.8,RHS,Rural,Ulavapadu,Collision Brush/Side Wipe, Car hit APSRTC Bus,Car,Non injury,Over speed,Four lanes or more with central divider,Straight road,,Fine,AP27AQ   5454,P.V,Fatal,0
29.06.2014,6:10 PM,1283.8,RHS,Rural,Ulavapadu,Collision Brush/Side Wipe, Car hit APSRTC Bus,Car,Non injury,Over speed,Four lanes or more with central divider,Straight road,,Fine,AP27AQ   5454,P.V,Grevious,0
29.06.2014,6:10 PM,1283.8,RHS,Rural,Ulavapadu,Collision Brush/Side Wipe, Car hit APSRTC Bus,Car,Non injury,Over speed,Four lanes or more with central divider,Straight road,,Fine,AP27AQ   5454,P.V,Minor,0
29.06.2014,6:10 PM,1283.8,RHS,Rural,Ulavapadu,Collision Brush/Side Wipe, Car hit APSRTC Bus,Car,Non injury,Over speed,Four lanes or more with central divider,Straight road,,Fine,AP27AQ   5454,P.V,Non injured ,4
29.06.2014,6:10 PM,1283.8,RHS,Rural,Ulavapadu,Collision Brush/Side Wipe, Car hit APSRTC Bus,Car,Non injury,Over speed,Four lanes or more with central divider,Straight road,,Fine,AP27AQ   5454,P.V,Animals affected,0
30.06.2014,2:30 AM,1241.5,RHS,Rural,Ongole,Collision Brush/Side Wipe, Lorry hit C.C Barrier,Lorry,Non injury,Fault of driver of motor vehicle/driver of other vehicle/cyclist/pedestrian/passenger,Four lanes or more with central divider,Straight road,,Fine,AP07TD    3639,P.V,Fatal,0
30.06.2014,2:30 AM,1241.5,RHS,Rural,Ongole,Collision Brush/Side Wipe, Lorry hit C.C Barrier,Lorry,Non injury,Fault of driver of motor vehicle/driver of other vehicle/cyclist/pedestrian/passenger,Four lanes or more with central divider,Straight road,,Fine,AP07TD    3639,P.V,Grevious,0
30.06.2014,2:30 AM,1241.5,RHS,Rural,Ongole,Collision Brush/Side Wipe, Lorry hit C.C Barrier,Lorry,Non injury,Fault of driver of motor vehicle/driver of other vehicle/cyclist/pedestrian/passenger,Four lanes or more with central divider,Straight road,,Fine,AP07TD    3639,P.V,Minor,0
30.06.2014,2:30 AM,1241.5,RHS,Rural,Ongole,Collision Brush/Side Wipe, Lorry hit C.C Barrier,Lorry,Non injury,Fault of driver of motor vehicle/driver of other vehicle/cyclist/pedestrian/passenger,Four lanes or more with central divider,Straight road,,Fine,AP07TD    3639,P.V,Non injured ,2
30.06.2014,2:30 AM,1241.5,RHS,Rural,Ongole,Collision Brush/Side Wipe, Lorry hit C.C Barrier,Lorry,Non injury,Fault of driver of motor vehicle/driver of other vehicle/cyclist/pedestrian/passenger,Four lanes or more with central divider,Straight road,,Fine,AP07TD    3639,P.V,Animals affected,0
30.06.2014,8:13 AM,1352.3,LHS,Rural,Kodavaluru,Others(p1.Specific),Tractor Overturned,Tractor,Grievious injury,Fault of driver of motor vehicle/driver of other vehicle/cyclist/pedestrian/passenger,Four lanes or more with central divider,Straight road,,Fine,AP07AP      6626,P.V & AMB,Fatal,0
30.06.2014,8:13 AM,1352.3,LHS,Rural,Kodavaluru,Others(p1.Specific),Tractor Overturned,Tractor,Grievious injury,Fault of driver of motor vehicle/driver of other vehicle/cyclist/pedestrian/passenger,Four lanes or more with central divider,Straight road,,Fine,AP07AP      6626,P.V & AMB,Grevious,3
30.06.2014,8:13 AM,1352.3,LHS,Rural,Kodavaluru,Others(p1.Specific),Tractor Overturned,Tractor,Grievious injury,Fault of driver of motor vehicle/driver of other vehicle/cyclist/pedestrian/passenger,Four lanes or more with central divider,Straight road,,Fine,AP07AP      6626,P.V & AMB,Minor,3
30.06.2014,8:13 AM,1352.3,LHS,Rural,Kodavaluru,Others(p1.Specific),Tractor Overturned,Tractor,Grievious injury,Fault of driver of motor vehicle/driver of other vehicle/cyclist/pedestrian/passenger,Four lanes or more with central divider,Straight road,,Fine,AP07AP      6626,P.V & AMB,Non injured ,0
30.06.2014,8:13 AM,1352.3,LHS,Rural,Kodavaluru,Others(p1.Specific),Tractor Overturned,Tractor,Grievious injury,Fault of driver of motor vehicle/driver of other vehicle/cyclist/pedestrian/passenger,Four lanes or more with central divider,Straight road,,Fine,AP07AP      6626,P.V & AMB,Animals affected,0
30.06.2014,9:40 AM,1344.4,RHS,Rural,Dagadarthi,Rear End Collision, TIpper hit  Car,Lorry,Non injury,Over speed,Four lanes or more with central divider,Straight road,,Fine,AP26TA 5710    ,P.V,Fatal,0
30.06.2014,9:40 AM,1344.4,RHS,Rural,Dagadarthi,Rear End Collision, TIpper hit  Car,Lorry,Non injury,Over speed,Four lanes or more with central divider,Straight road,,Fine,AP26TA 5710    ,P.V,Grevious,0
30.06.2014,9:40 AM,1344.4,RHS,Rural,Dagadarthi,Rear End Collision, TIpper hit  Car,Lorry,Non injury,Over speed,Four lanes or more with central divider,Straight road,,Fine,AP26TA 5710    ,P.V,Minor,0
30.06.2014,9:40 AM,1344.4,RHS,Rural,Dagadarthi,Rear End Collision, TIpper hit  Car,Lorry,Non injury,Over speed,Four lanes or more with central divider,Straight road,,Fine,AP26TA 5710    ,P.V,Non injured ,2
30.06.2014,9:40 AM,1344.4,RHS,Rural,Dagadarthi,Rear End Collision, TIpper hit  Car,Lorry,Non injury,Over speed,Four lanes or more with central divider,Straight road,,Fine,AP26TA 5710    ,P.V,Animals affected,0
30.06.2014,12:00 PM,1202.3,RHS,Rural,Reningavaram,Overturning, Auto Over Turned,Auto,Grievious injury,Vehicle out of control,Four lanes or more with central divider,Straight road,,Fine,AP27Y   8540,P.V & AMB,Fatal,0
30.06.2014,12:00 PM,1202.3,RHS,Rural,Reningavaram,Overturning, Auto Over Turned,Auto,Grievious injury,Vehicle out of control,Four lanes or more with central divider,Straight road,,Fine,AP27Y   8540,P.V & AMB,Grevious,1
30.06.2014,12:00 PM,1202.3,RHS,Rural,Reningavaram,Overturning, Auto Over Turned,Auto,Grievious injury,Vehicle out of control,Four lanes or more with central divider,Straight road,,Fine,AP27Y   8540,P.V & AMB,Minor,1
30.06.2014,12:00 PM,1202.3,RHS,Rural,Reningavaram,Overturning, Auto Over Turned,Auto,Grievious injury,Vehicle out of control,Four lanes or more with central divider,Straight road,,Fine,AP27Y   8540,P.V & AMB,Non injured ,0
30.06.2014,12:00 PM,1202.3,RHS,Rural,Reningavaram,Overturning, Auto Over Turned,Auto,Grievious injury,Vehicle out of control,Four lanes or more with central divider,Straight road,,Fine,AP27Y   8540,P.V & AMB,Animals affected,0
30.06.2014,2:40 PM,1205.2,LHS,Rural,Reningavaram,Overturning, Lorry Over Turned,Lorry,Non injury,Fault of driver of motor vehicle/driver of other vehicle/cyclist/pedestrian/passenger,Four lanes or more with central divider,Straight road,,Fine,AP16X   4457,P.V,Fatal,0
30.06.2014,2:40 PM,1205.2,LHS,Rural,Reningavaram,Overturning, Lorry Over Turned,Lorry,Non injury,Fault of driver of motor vehicle/driver of other vehicle/cyclist/pedestrian/passenger,Four lanes or more with central divider,Straight road,,Fine,AP16X   4457,P.V,Grevious,0
30.06.2014,2:40 PM,1205.2,LHS,Rural,Reningavaram,Overturning, Lorry Over Turned,Lorry,Non injury,Fault of driver of motor vehicle/driver of other vehicle/cyclist/pedestrian/passenger,Four lanes or more with central divider,Straight road,,Fine,AP16X   4457,P.V,Minor,0
30.06.2014,2:40 PM,1205.2,LHS,Rural,Reningavaram,Overturning, Lorry Over Turned,Lorry,Non injury,Fault of driver of motor vehicle/driver of other vehicle/cyclist/pedestrian/passenger,Four lanes or more with central divider,Straight road,,Fine,AP16X   4457,P.V,Non injured ,2
30.06.2014,2:40 PM,1205.2,LHS,Rural,Reningavaram,Overturning, Lorry Over Turned,Lorry,Non injury,Fault of driver of motor vehicle/driver of other vehicle/cyclist/pedestrian/passenger,Four lanes or more with central divider,Straight road,,Fine,AP16X   4457,P.V,Animals affected,0
01.07.2014,12:00 PM,1238.8,LHS,Rural,Maddipadu,Collision Brush/Side Wipe, Lorry hit C.C Barrier,Lorry,Non injury,Over speed,Four lanes or more with central divider,Straight road,,Fine,AP27TA   9829,P.V,Fatal,0
01.07.2014,12:00 PM,1238.8,LHS,Rural,Maddipadu,Collision Brush/Side Wipe, Lorry hit C.C Barrier,Lorry,Non injury,Over speed,Four lanes or more with central divider,Straight road,,Fine,AP27TA   9829,P.V,Grevious,0
01.07.2014,12:00 PM,1238.8,LHS,Rural,Maddipadu,Collision Brush/Side Wipe, Lorry hit C.C Barrier,Lorry,Non injury,Over speed,Four lanes or more with central divider,Straight road,,Fine,AP27TA   9829,P.V,Minor,0
01.07.2014,12:00 PM,1238.8,LHS,Rural,Maddipadu,Collision Brush/Side Wipe, Lorry hit C.C Barrier,Lorry,Non injury,Over speed,Four lanes or more with central divider,Straight road,,Fine,AP27TA   9829,P.V,Non injured ,2
01.07.2014,12:00 PM,1238.8,LHS,Rural,Maddipadu,Collision Brush/Side Wipe, Lorry hit C.C Barrier,Lorry,Non injury,Over speed,Four lanes or more with central divider,Straight road,,Fine,AP27TA   9829,P.V,Animals affected,0
01.07.2014,11:10 PM,1227.3,RHS,Rural,Maddipadu,Collision Brush/Side Wipe, Unknown Vehicle hit    Car,Unknown,Non injury,Over speed,Four lanes or more with central divider,Straight road,,Fine,Unknown   Vehicle,P.V,Fatal,0
01.07.2014,11:10 PM,1227.3,RHS,Rural,Maddipadu,Collision Brush/Side Wipe, Unknown Vehicle hit    Car,Unknown,Non injury,Over speed,Four lanes or more with central divider,Straight road,,Fine,Unknown   Vehicle,P.V,Grevious,0
01.07.2014,11:10 PM,1227.3,RHS,Rural,Maddipadu,Collision Brush/Side Wipe, Unknown Vehicle hit    Car,Unknown,Non injury,Over speed,Four lanes or more with central divider,Straight road,,Fine,Unknown   Vehicle,P.V,Minor,0
01.07.2014,11:10 PM,1227.3,RHS,Rural,Maddipadu,Collision Brush/Side Wipe, Unknown Vehicle hit    Car,Unknown,Non injury,Over speed,Four lanes or more with central divider,Straight road,,Fine,Unknown   Vehicle,P.V,Non injured ,1
01.07.2014,11:10 PM,1227.3,RHS,Rural,Maddipadu,Collision Brush/Side Wipe, Unknown Vehicle hit    Car,Unknown,Non injury,Over speed,Four lanes or more with central divider,Straight road,,Fine,Unknown   Vehicle,P.V,Animals affected,0
02.07.2014,5:00 AM,1312.8,LHS,Rural,Kavali,Overturning,Lorry Overturned on The Shoulder,Lorry,Non injury,Vehicle out of control,Four lanes or more with central divider,Straight road,,Fine,JH05 AJ   4167,P.V,Fatal,0
02.07.2014,5:00 AM,1312.8,LHS,Rural,Kavali,Overturning,Lorry Overturned on The Shoulder,Lorry,Non injury,Vehicle out of control,Four lanes or more with central divider,Straight road,,Fine,JH05 AJ   4167,P.V,Grevious,0
02.07.2014,5:00 AM,1312.8,LHS,Rural,Kavali,Overturning,Lorry Overturned on The Shoulder,Lorry,Non injury,Vehicle out of control,Four lanes or more with central divider,Straight road,,Fine,JH05 AJ   4167,P.V,Minor,0
02.07.2014,5:00 AM,1312.8,LHS,Rural,Kavali,Overturning,Lorry Overturned on The Shoulder,Lorry,Non injury,Vehicle out of control,Four lanes or more with central divider,Straight road,,Fine,JH05 AJ   4167,P.V,Non injured ,1
02.07.2014,5:00 AM,1312.8,LHS,Rural,Kavali,Overturning,Lorry Overturned on The Shoulder,Lorry,Non injury,Vehicle out of control,Four lanes or more with central divider,Straight road,,Fine,JH05 AJ   4167,P.V,Animals affected,0
02.07.2014,6:45 AM,1209.8,RHS,Rural,Reningavaram,Collision Brush/Side Wipe, Lorry hit Unknown Vehicle,Lorry,Non injury,Over speed,Four lanes or more with central divider,Straight road,,Fine,TN69AD    4666,P.V,Fatal,0
02.07.2014,6:45 AM,1209.8,RHS,Rural,Reningavaram,Collision Brush/Side Wipe, Lorry hit Unknown Vehicle,Lorry,Non injury,Over speed,Four lanes or more with central divider,Straight road,,Fine,TN69AD    4666,P.V,Grevious,0
02.07.2014,6:45 AM,1209.8,RHS,Rural,Reningavaram,Collision Brush/Side Wipe, Lorry hit Unknown Vehicle,Lorry,Non injury,Over speed,Four lanes or more with central divider,Straight road,,Fine,TN69AD    4666,P.V,Minor,0
02.07.2014,6:45 AM,1209.8,RHS,Rural,Reningavaram,Collision Brush/Side Wipe, Lorry hit Unknown Vehicle,Lorry,Non injury,Over speed,Four lanes or more with central divider,Straight road,,Fine,TN69AD    4666,P.V,Non injured ,1
02.07.2014,6:45 AM,1209.8,RHS,Rural,Reningavaram,Collision Brush/Side Wipe, Lorry hit Unknown Vehicle,Lorry,Non injury,Over speed,Four lanes or more with central divider,Straight road,,Fine,TN69AD    4666,P.V,Animals affected,0
03.07.2014,3:00 AM,1280.3,RHS,Rural,Singarayakonda,Collision Brush/Side Wipe, Mini Bus hit Unknown Vehicle,Lorry,Non injury,Over speed,Four lanes or more with central divider,Straight road,,Fine,AP27TT   9894,P.V,Fatal,0
03.07.2014,3:00 AM,1280.3,RHS,Rural,Singarayakonda,Collision Brush/Side Wipe, Mini Bus hit Unknown Vehicle,Lorry,Non injury,Over speed,Four lanes or more with central divider,Straight road,,Fine,AP27TT   9894,P.V,Grevious,0
03.07.2014,3:00 AM,1280.3,RHS,Rural,Singarayakonda,Collision Brush/Side Wipe, Mini Bus hit Unknown Vehicle,Lorry,Non injury,Over speed,Four lanes or more with central divider,Straight road,,Fine,AP27TT   9894,P.V,Minor,0
03.07.2014,3:00 AM,1280.3,RHS,Rural,Singarayakonda,Collision Brush/Side Wipe, Mini Bus hit Unknown Vehicle,Lorry,Non injury,Over speed,Four lanes or more with central divider,Straight road,,Fine,AP27TT   9894,P.V,Non injured ,12
03.07.2014,3:00 AM,1280.3,RHS,Rural,Singarayakonda,Collision Brush/Side Wipe, Mini Bus hit Unknown Vehicle,Lorry,Non injury,Over speed,Four lanes or more with central divider,Straight road,,Fine,AP27TT   9894,P.V,Animals affected,0
03.07.2014,9:40 PM,1257.1,RHS,Rural,Tangutur,Collision Brush/Side Wipe, Unknown Vehicle hit    Car,Unknown,Minor injury,Over speed,Four lanes or more with central divider,Straight road,,Fine,Unknown   Vehicle,P.V,Fatal,0
03.07.2014,9:40 PM,1257.1,RHS,Rural,Tangutur,Collision Brush/Side Wipe, Unknown Vehicle hit    Car,Unknown,Minor injury,Over speed,Four lanes or more with central divider,Straight road,,Fine,Unknown   Vehicle,P.V,Grevious,0
03.07.2014,9:40 PM,1257.1,RHS,Rural,Tangutur,Collision Brush/Side Wipe, Unknown Vehicle hit    Car,Unknown,Minor injury,Over speed,Four lanes or more with central divider,Straight road,,Fine,Unknown   Vehicle,P.V,Minor,1
03.07.2014,9:40 PM,1257.1,RHS,Rural,Tangutur,Collision Brush/Side Wipe, Unknown Vehicle hit    Car,Unknown,Minor injury,Over speed,Four lanes or more with central divider,Straight road,,Fine,Unknown   Vehicle,P.V,Non injured ,5
03.07.2014,9:40 PM,1257.1,RHS,Rural,Tangutur,Collision Brush/Side Wipe, Unknown Vehicle hit    Car,Unknown,Minor injury,Over speed,Four lanes or more with central divider,Straight road,,Fine,Unknown   Vehicle,P.V,Animals affected,0
04.07.2014,7:55 AM,1211.3,LHS,Rural,Medarametla,Overturning,Tata Ace Vehicle Overturned ,Tata Ace,Minor injury,Fault of driver of motor vehicle/driver of other vehicle/cyclist/pedestrian/passenger,Three lanes or more without central divider(median),Straight road,,Fine,AP07TW  9647,P.V & AMB,Fatal,0
04.07.2014,7:55 AM,1211.3,LHS,Rural,Medarametla,Overturning,Tata Ace Vehicle Overturned ,Tata Ace,Minor injury,Fault of driver of motor vehicle/driver of other vehicle/cyclist/pedestrian/passenger,Three lanes or more without central divider(median),Straight road,,Fine,AP07TW  9647,P.V & AMB,Grevious,0
04.07.2014,7:55 AM,1211.3,LHS,Rural,Medarametla,Overturning,Tata Ace Vehicle Overturned ,Tata Ace,Minor injury,Fault of driver of motor vehicle/driver of other vehicle/cyclist/pedestrian/passenger,Three lanes or more without central divider(median),Straight road,,Fine,AP07TW  9647,P.V & AMB,Minor,1
04.07.2014,7:55 AM,1211.3,LHS,Rural,Medarametla,Overturning,Tata Ace Vehicle Overturned ,Tata Ace,Minor injury,Fault of driver of motor vehicle/driver of other vehicle/cyclist/pedestrian/passenger,Three lanes or more without central divider(median),Straight road,,Fine,AP07TW  9647,P.V & AMB,Non injured ,0
04.07.2014,7:55 AM,1211.3,LHS,Rural,Medarametla,Overturning,Tata Ace Vehicle Overturned ,Tata Ace,Minor injury,Fault of driver of motor vehicle/driver of other vehicle/cyclist/pedestrian/passenger,Three lanes or more without central divider(median),Straight road,,Fine,AP07TW  9647,P.V & AMB,Animals affected,0
04.07.2014,12:35 PM,1210.1,RHS,Rural,Reningavaram,Skidding, Bike   Skidding,Bike,Grievious injury,Vehicle out of control,Four lanes or more with central divider,Straight road,,Fine,AP26AN    0714,P.V & AMB,Fatal,0
04.07.2014,12:35 PM,1210.1,RHS,Rural,Reningavaram,Skidding, Bike   Skidding,Bike,Grievious injury,Vehicle out of control,Four lanes or more with central divider,Straight road,,Fine,AP26AN    0714,P.V & AMB,Grevious,1
04.07.2014,12:35 PM,1210.1,RHS,Rural,Reningavaram,Skidding, Bike   Skidding,Bike,Grievious injury,Vehicle out of control,Four lanes or more with central divider,Straight road,,Fine,AP26AN    0714,P.V & AMB,Minor,0
04.07.2014,12:35 PM,1210.1,RHS,Rural,Reningavaram,Skidding, Bike   Skidding,Bike,Grievious injury,Vehicle out of control,Four lanes or more with central divider,Straight road,,Fine,AP26AN    0714,P.V & AMB,Non injured ,0
04.07.2014,12:35 PM,1210.1,RHS,Rural,Reningavaram,Skidding, Bike   Skidding,Bike,Grievious injury,Vehicle out of control,Four lanes or more with central divider,Straight road,,Fine,AP26AN    0714,P.V & AMB,Animals affected,0
04.07.2014,2:50 PM,1200.6,RHS,Rural,Reningavaram,Collision Brush/Side Wipe, Unknown Vehicle hit   Bike,Unknown,Grievious injury,Over speed,Four lanes or more with central divider,Straight road,,Fine,Unknown   Vehicle,P.V & AMB,Fatal,0
04.07.2014,2:50 PM,1200.6,RHS,Rural,Reningavaram,Collision Brush/Side Wipe, Unknown Vehicle hit   Bike,Unknown,Grievious injury,Over speed,Four lanes or more with central divider,Straight road,,Fine,Unknown   Vehicle,P.V & AMB,Grevious,1
04.07.2014,2:50 PM,1200.6,RHS,Rural,Reningavaram,Collision Brush/Side Wipe, Unknown Vehicle hit   Bike,Unknown,Grievious injury,Over speed,Four lanes or more with central divider,Straight road,,Fine,Unknown   Vehicle,P.V & AMB,Minor,0
04.07.2014,2:50 PM,1200.6,RHS,Rural,Reningavaram,Collision Brush/Side Wipe, Unknown Vehicle hit   Bike,Unknown,Grievious injury,Over speed,Four lanes or more with central divider,Straight road,,Fine,Unknown   Vehicle,P.V & AMB,Non injured ,0
04.07.2014,2:50 PM,1200.6,RHS,Rural,Reningavaram,Collision Brush/Side Wipe, Unknown Vehicle hit   Bike,Unknown,Grievious injury,Over speed,Four lanes or more with central divider,Straight road,,Fine,Unknown   Vehicle,P.V & AMB,Animals affected,0
04.07.2014,4:15 PM,1353,LHS,Rural,Kodavaluru,Collision Brush/Side Wipe, Bike hit    Median,Bike,Grievious injury,Over speed,Four lanes or more with central divider,Straight road,,Fine,AP26AH   6583,P.V,Fatal,0
04.07.2014,4:15 PM,1353,LHS,Rural,Kodavaluru,Collision Brush/Side Wipe, Bike hit    Median,Bike,Grievious injury,Over speed,Four lanes or more with central divider,Straight road,,Fine,AP26AH   6583,P.V,Grevious,1
04.07.2014,4:15 PM,1353,LHS,Rural,Kodavaluru,Collision Brush/Side Wipe, Bike hit    Median,Bike,Grievious injury,Over speed,Four lanes or more with central divider,Straight road,,Fine,AP26AH   6583,P.V,Minor,0
04.07.2014,4:15 PM,1353,LHS,Rural,Kodavaluru,Collision Brush/Side Wipe, Bike hit    Median,Bike,Grievious injury,Over speed,Four lanes or more with central divider,Straight road,,Fine,AP26AH   6583,P.V,Non injured ,0
04.07.2014,4:15 PM,1353,LHS,Rural,Kodavaluru,Collision Brush/Side Wipe, Bike hit    Median,Bike,Grievious injury,Over speed,Four lanes or more with central divider,Straight road,,Fine,AP26AH   6583,P.V,Animals affected,0
05.07.2014,4:15 AM,1226.3,RHS,Rural,Maddipadu,Overturning, Tata Ace Truck Over Turned,Tata Ace,Non injury,Over speed,Four lanes or more with central divider,Straight road,,Fine,AP27TW   1337,P.V,Fatal,0
05.07.2014,4:15 AM,1226.3,RHS,Rural,Maddipadu,Overturning, Tata Ace Truck Over Turned,Tata Ace,Non injury,Over speed,Four lanes or more with central divider,Straight road,,Fine,AP27TW   1337,P.V,Grevious,1
05.07.2014,4:15 AM,1226.3,RHS,Rural,Maddipadu,Overturning, Tata Ace Truck Over Turned,Tata Ace,Non injury,Over speed,Four lanes or more with central divider,Straight road,,Fine,AP27TW   1337,P.V,Minor,2
05.07.2014,4:15 AM,1226.3,RHS,Rural,Maddipadu,Overturning, Tata Ace Truck Over Turned,Tata Ace,Non injury,Over speed,Four lanes or more with central divider,Straight road,,Fine,AP27TW   1337,P.V,Non injured ,0
05.07.2014,4:15 AM,1226.3,RHS,Rural,Maddipadu,Overturning, Tata Ace Truck Over Turned,Tata Ace,Non injury,Over speed,Four lanes or more with central divider,Straight road,,Fine,AP27TW   1337,P.V,Animals affected,0
05.07.2014,8:53 PM,1268.4,RHS,Rural,Reningavaram,Overturning, Tanker Lorry Over Turned,Tanker,Non injury,Over speed,Four lanes or more with central divider,Straight road,,Cloudy,AP29TC    0264,P.V & AMB,Fatal,0
05.07.2014,8:53 PM,1268.4,RHS,Rural,Reningavaram,Overturning, Tanker Lorry Over Turned,Tanker,Non injury,Over speed,Four lanes or more with central divider,Straight road,,Cloudy,AP29TC    0264,P.V & AMB,Grevious,0
05.07.2014,8:53 PM,1268.4,RHS,Rural,Reningavaram,Overturning, Tanker Lorry Over Turned,Tanker,Non injury,Over speed,Four lanes or more with central divider,Straight road,,Cloudy,AP29TC    0264,P.V & AMB,Minor,0
05.07.2014,8:53 PM,1268.4,RHS,Rural,Reningavaram,Overturning, Tanker Lorry Over Turned,Tanker,Non injury,Over speed,Four lanes or more with central divider,Straight road,,Cloudy,AP29TC    0264,P.V & AMB,Non injured ,2
05.07.2014,8:53 PM,1268.4,RHS,Rural,Reningavaram,Overturning, Tanker Lorry Over Turned,Tanker,Non injury,Over speed,Four lanes or more with central divider,Straight road,,Cloudy,AP29TC    0264,P.V & AMB,Animals affected,0
06.07.2014,12:47 AM,1221.1,LHS,Rural,Medarametla,Rear End Collision, Lorry hit Lorry,Lorry,Non injury,Fault of driver of motor vehicle/driver of other vehicle/cyclist/pedestrian/passenger,Four lanes or more with central divider,Straight road,,Light rain,AP03TC    3047,P.V,Fatal,0
06.07.2014,12:47 AM,1221.1,LHS,Rural,Medarametla,Rear End Collision, Lorry hit Lorry,Lorry,Non injury,Fault of driver of motor vehicle/driver of other vehicle/cyclist/pedestrian/passenger,Four lanes or more with central divider,Straight road,,Light rain,AP03TC    3047,P.V,Grevious,0