Operational date,Time of Accident,KM && M,Position,Rural/Urban,Location,Nature of Accident Position,Nature of Accident,Vehicle Involved,Type of Accident,Causes,Road Feature,Road condition,Intersection Type And Control,Weather Condition,Vehicle Responsible,Help Provided by Ambulance/Patroling Vehicle,Classification of Accident,No of Affected Persons
06.07.2014,12:47 AM,1221.1,LHS,Rural,Medarametla,Rear End Collision, Lorry hit Lorry,Lorry,Non injury,Fault of driver of motor vehicle/driver of other vehicle/cyclist/pedestrian/passenger,Four lanes or more with central divider,Straight road,,Light rain,AP03TC    3047,P.V,Minor,0
06.07.2014,12:47 AM,1221.1,LHS,Rural,Medarametla,Rear End Collision, Lorry hit Lorry,Lorry,Non injury,Fault of driver of motor vehicle/driver of other vehicle/cyclist/pedestrian/passenger,Four lanes or more with central divider,Straight road,,Light rain,AP03TC    3047,P.V,Non injured ,4
06.07.2014,12:47 AM,1221.1,LHS,Rural,Medarametla,Rear End Collision, Lorry hit Lorry,Lorry,Non injury,Fault of driver of motor vehicle/driver of other vehicle/cyclist/pedestrian/passenger,Four lanes or more with central divider,Straight road,,Light rain,AP03TC    3047,P.V,Animals affected,0
06.07.2014,4:00 AM,1194.9,LHS,Rural,Martur,Collision Brush/Side Wipe, Lorry hit Median,Lorry,Non injury,Fault of driver of motor vehicle/driver of other vehicle/cyclist/pedestrian/passenger,Four lanes or more with central divider,Straight road,,Light rain,WB15C  0237,P.V,Fatal,0
06.07.2014,4:00 AM,1194.9,LHS,Rural,Martur,Collision Brush/Side Wipe, Lorry hit Median,Lorry,Non injury,Fault of driver of motor vehicle/driver of other vehicle/cyclist/pedestrian/passenger,Four lanes or more with central divider,Straight road,,Light rain,WB15C  0237,P.V,Grevious,0
06.07.2014,4:00 AM,1194.9,LHS,Rural,Martur,Collision Brush/Side Wipe, Lorry hit Median,Lorry,Non injury,Fault of driver of motor vehicle/driver of other vehicle/cyclist/pedestrian/passenger,Four lanes or more with central divider,Straight road,,Light rain,WB15C  0237,P.V,Minor,0
06.07.2014,4:00 AM,1194.9,LHS,Rural,Martur,Collision Brush/Side Wipe, Lorry hit Median,Lorry,Non injury,Fault of driver of motor vehicle/driver of other vehicle/cyclist/pedestrian/passenger,Four lanes or more with central divider,Straight road,,Light rain,WB15C  0237,P.V,Non injured ,2
06.07.2014,4:00 AM,1194.9,LHS,Rural,Martur,Collision Brush/Side Wipe, Lorry hit Median,Lorry,Non injury,Fault of driver of motor vehicle/driver of other vehicle/cyclist/pedestrian/passenger,Four lanes or more with central divider,Straight road,,Light rain,WB15C  0237,P.V,Animals affected,0
06.07.2014,7:20 AM,1355.2,LHS,Rural,Kodavaluru,Overturning, Mini Lorry Overturned ,Lorry,Grievious injury,Over speed,Four lanes or more with central divider,Straight road,,Light rain,AP03Y        6129,P.V,Fatal,0
06.07.2014,7:20 AM,1355.2,LHS,Rural,Kodavaluru,Overturning, Mini Lorry Overturned ,Lorry,Grievious injury,Over speed,Four lanes or more with central divider,Straight road,,Light rain,AP03Y        6129,P.V,Grevious,2
06.07.2014,7:20 AM,1355.2,LHS,Rural,Kodavaluru,Overturning, Mini Lorry Overturned ,Lorry,Grievious injury,Over speed,Four lanes or more with central divider,Straight road,,Light rain,AP03Y        6129,P.V,Minor,1
06.07.2014,7:20 AM,1355.2,LHS,Rural,Kodavaluru,Overturning, Mini Lorry Overturned ,Lorry,Grievious injury,Over speed,Four lanes or more with central divider,Straight road,,Light rain,AP03Y        6129,P.V,Non injured ,5
06.07.2014,7:20 AM,1355.2,LHS,Rural,Kodavaluru,Overturning, Mini Lorry Overturned ,Lorry,Grievious injury,Over speed,Four lanes or more with central divider,Straight road,,Light rain,AP03Y        6129,P.V,Animals affected,0
07.07.2014,5:00 AM,1240.8,LHS,Rural,Ongole,Collision Brush/Side Wipe, Car hit Service Road Wall   ,Car,Non injury,Over speed,Three lanes or more without central divider(median),Straight road,,Cloudy,AP5TC    1235,P.V,Fatal,0
07.07.2014,5:00 AM,1240.8,LHS,Rural,Ongole,Collision Brush/Side Wipe, Car hit Service Road Wall   ,Car,Non injury,Over speed,Three lanes or more without central divider(median),Straight road,,Cloudy,AP5TC    1235,P.V,Grevious,0
07.07.2014,5:00 AM,1240.8,LHS,Rural,Ongole,Collision Brush/Side Wipe, Car hit Service Road Wall   ,Car,Non injury,Over speed,Three lanes or more without central divider(median),Straight road,,Cloudy,AP5TC    1235,P.V,Minor,0
07.07.2014,5:00 AM,1240.8,LHS,Rural,Ongole,Collision Brush/Side Wipe, Car hit Service Road Wall   ,Car,Non injury,Over speed,Three lanes or more without central divider(median),Straight road,,Cloudy,AP5TC    1235,P.V,Non injured ,2
07.07.2014,5:00 AM,1240.8,LHS,Rural,Ongole,Collision Brush/Side Wipe, Car hit Service Road Wall   ,Car,Non injury,Over speed,Three lanes or more without central divider(median),Straight road,,Cloudy,AP5TC    1235,P.V,Animals affected,0
07.07.2014,1:22 PM,1268.2,LHS,Rural,Jarugumalli,Collision Brush/Side Wipe, Bike hit Cyclist,Bike,Minor injury,Vehicle out of control,Four lanes or more with central divider,Straight road,,Fine,AP16 T/R ,P.V & AMB,Fatal,0
07.07.2014,1:22 PM,1268.2,LHS,Rural,Jarugumalli,Collision Brush/Side Wipe, Bike hit Cyclist,Bike,Minor injury,Vehicle out of control,Four lanes or more with central divider,Straight road,,Fine,AP16 T/R ,P.V & AMB,Grevious,0
07.07.2014,1:22 PM,1268.2,LHS,Rural,Jarugumalli,Collision Brush/Side Wipe, Bike hit Cyclist,Bike,Minor injury,Vehicle out of control,Four lanes or more with central divider,Straight road,,Fine,AP16 T/R ,P.V & AMB,Minor,2
07.07.2014,1:22 PM,1268.2,LHS,Rural,Jarugumalli,Collision Brush/Side Wipe, Bike hit Cyclist,Bike,Minor injury,Vehicle out of control,Four lanes or more with central divider,Straight road,,Fine,AP16 T/R ,P.V & AMB,Non injured ,1
07.07.2014,1:22 PM,1268.2,LHS,Rural,Jarugumalli,Collision Brush/Side Wipe, Bike hit Cyclist,Bike,Minor injury,Vehicle out of control,Four lanes or more with central divider,Straight road,,Fine,AP16 T/R ,P.V & AMB,Animals affected,0
07.07.2014,6:35 PM,1257,RHS,Rural,Tangutur,Overturning, Mini Lorry Overturned ,Lorry,Non injury,Vehicle out of control,Four lanes or more with central divider,Straight road,,Fine,AP03U    7322,P.V,Fatal,0
07.07.2014,6:35 PM,1257,RHS,Rural,Tangutur,Overturning, Mini Lorry Overturned ,Lorry,Non injury,Vehicle out of control,Four lanes or more with central divider,Straight road,,Fine,AP03U    7322,P.V,Grevious,0
07.07.2014,6:35 PM,1257,RHS,Rural,Tangutur,Overturning, Mini Lorry Overturned ,Lorry,Non injury,Vehicle out of control,Four lanes or more with central divider,Straight road,,Fine,AP03U    7322,P.V,Minor,0
07.07.2014,6:35 PM,1257,RHS,Rural,Tangutur,Overturning, Mini Lorry Overturned ,Lorry,Non injury,Vehicle out of control,Four lanes or more with central divider,Straight road,,Fine,AP03U    7322,P.V,Non injured ,1
07.07.2014,6:35 PM,1257,RHS,Rural,Tangutur,Overturning, Mini Lorry Overturned ,Lorry,Non injury,Vehicle out of control,Four lanes or more with central divider,Straight road,,Fine,AP03U    7322,P.V,Animals affected,0
08.07.2014,2:30 AM,1363.2,RHS,Rural,Kovuru,Right Turn Collision, Lorry hit Median,Lorry,Non injury,Over speed,Four lanes or more with central divider,Straight road,,Fine,AP16TW    8239,P.V,Fatal,0
08.07.2014,2:30 AM,1363.2,RHS,Rural,Kovuru,Right Turn Collision, Lorry hit Median,Lorry,Non injury,Over speed,Four lanes or more with central divider,Straight road,,Fine,AP16TW    8239,P.V,Grevious,0
08.07.2014,2:30 AM,1363.2,RHS,Rural,Kovuru,Right Turn Collision, Lorry hit Median,Lorry,Non injury,Over speed,Four lanes or more with central divider,Straight road,,Fine,AP16TW    8239,P.V,Minor,0
08.07.2014,2:30 AM,1363.2,RHS,Rural,Kovuru,Right Turn Collision, Lorry hit Median,Lorry,Non injury,Over speed,Four lanes or more with central divider,Straight road,,Fine,AP16TW    8239,P.V,Non injured ,2
08.07.2014,2:30 AM,1363.2,RHS,Rural,Kovuru,Right Turn Collision, Lorry hit Median,Lorry,Non injury,Over speed,Four lanes or more with central divider,Straight road,,Fine,AP16TW    8239,P.V,Animals affected,0
08.07.2014,6:19 AM,1240.2,LHS,Rural,Ongole,Collision Brush/Side Wipe, Car hit Unknown Vehicle   ,Car,Non injury,Over speed,Four lanes or more with central divider,Straight road,,Fine,AP27TT     2346,P.V,Fatal,0
08.07.2014,6:19 AM,1240.2,LHS,Rural,Ongole,Collision Brush/Side Wipe, Car hit Unknown Vehicle   ,Car,Non injury,Over speed,Four lanes or more with central divider,Straight road,,Fine,AP27TT     2346,P.V,Grevious,0
08.07.2014,6:19 AM,1240.2,LHS,Rural,Ongole,Collision Brush/Side Wipe, Car hit Unknown Vehicle   ,Car,Non injury,Over speed,Four lanes or more with central divider,Straight road,,Fine,AP27TT     2346,P.V,Minor,0
08.07.2014,6:19 AM,1240.2,LHS,Rural,Ongole,Collision Brush/Side Wipe, Car hit Unknown Vehicle   ,Car,Non injury,Over speed,Four lanes or more with central divider,Straight road,,Fine,AP27TT     2346,P.V,Non injured ,4
08.07.2014,6:19 AM,1240.2,LHS,Rural,Ongole,Collision Brush/Side Wipe, Car hit Unknown Vehicle   ,Car,Non injury,Over speed,Four lanes or more with central divider,Straight road,,Fine,AP27TT     2346,P.V,Animals affected,0
08.07.2014,4:23 PM,1319,RHS,Rural,Kavali,Head on collision, Crane hit  Lorry,Crane,Non injury,Over speed,Four lanes or more with central divider,Straight road,,Fine,AP28W 9308,P.V,Fatal,0
08.07.2014,4:23 PM,1319,RHS,Rural,Kavali,Head on collision, Crane hit  Lorry,Crane,Non injury,Over speed,Four lanes or more with central divider,Straight road,,Fine,AP28W 9308,P.V,Grevious,0
08.07.2014,4:23 PM,1319,RHS,Rural,Kavali,Head on collision, Crane hit  Lorry,Crane,Non injury,Over speed,Four lanes or more with central divider,Straight road,,Fine,AP28W 9308,P.V,Minor,0
08.07.2014,4:23 PM,1319,RHS,Rural,Kavali,Head on collision, Crane hit  Lorry,Crane,Non injury,Over speed,Four lanes or more with central divider,Straight road,,Fine,AP28W 9308,P.V,Non injured ,4
08.07.2014,4:23 PM,1319,RHS,Rural,Kavali,Head on collision, Crane hit  Lorry,Crane,Non injury,Over speed,Four lanes or more with central divider,Straight road,,Fine,AP28W 9308,P.V,Animals affected,0
09.07.2014,1:25 AM,1243.3,LHS,Rural,Ongole,Rear End Collision, Car hit Tipper   ,Car,Non injury,Over speed,Four lanes or more with central divider,Straight road,,Fine,KL25P     3104,P.V,Fatal,0
09.07.2014,1:25 AM,1243.3,LHS,Rural,Ongole,Rear End Collision, Car hit Tipper   ,Car,Non injury,Over speed,Four lanes or more with central divider,Straight road,,Fine,KL25P     3104,P.V,Grevious,0
09.07.2014,1:25 AM,1243.3,LHS,Rural,Ongole,Rear End Collision, Car hit Tipper   ,Car,Non injury,Over speed,Four lanes or more with central divider,Straight road,,Fine,KL25P     3104,P.V,Minor,0
09.07.2014,1:25 AM,1243.3,LHS,Rural,Ongole,Rear End Collision, Car hit Tipper   ,Car,Non injury,Over speed,Four lanes or more with central divider,Straight road,,Fine,KL25P     3104,P.V,Non injured ,2
09.07.2014,1:25 AM,1243.3,LHS,Rural,Ongole,Rear End Collision, Car hit Tipper   ,Car,Non injury,Over speed,Four lanes or more with central divider,Straight road,,Fine,KL25P     3104,P.V,Animals affected,0
09.07.2014,3:40 AM,1309.3,LHS,Rural,Kavali,Collision Brush/Side Wipe, Lorry  hit Unknown Vehicle   ,Lorry,Grievious injury,Over speed,Four lanes or more with central divider,Straight road,,Fine,AP29TA  7711,P.V,Fatal,0
09.07.2014,3:40 AM,1309.3,LHS,Rural,Kavali,Collision Brush/Side Wipe, Lorry  hit Unknown Vehicle   ,Lorry,Grievious injury,Over speed,Four lanes or more with central divider,Straight road,,Fine,AP29TA  7711,P.V,Grevious,1
09.07.2014,3:40 AM,1309.3,LHS,Rural,Kavali,Collision Brush/Side Wipe, Lorry  hit Unknown Vehicle   ,Lorry,Grievious injury,Over speed,Four lanes or more with central divider,Straight road,,Fine,AP29TA  7711,P.V,Minor,0
09.07.2014,3:40 AM,1309.3,LHS,Rural,Kavali,Collision Brush/Side Wipe, Lorry  hit Unknown Vehicle   ,Lorry,Grievious injury,Over speed,Four lanes or more with central divider,Straight road,,Fine,AP29TA  7711,P.V,Non injured ,0
09.07.2014,3:40 AM,1309.3,LHS,Rural,Kavali,Collision Brush/Side Wipe, Lorry  hit Unknown Vehicle   ,Lorry,Grievious injury,Over speed,Four lanes or more with central divider,Straight road,,Fine,AP29TA  7711,P.V,Animals affected,0
10.07.2014,3:30 PM,1270,RHS,Rural,Jarugumalli,Collision Brush/Side Wipe, Car hit   Bike,Car,Grievious injury,Over speed,Four lanes or more with central divider,Straight road,,Fine,AP27H   9214,P.V & AMB,Fatal,0
10.07.2014,3:30 PM,1270,RHS,Rural,Jarugumalli,Collision Brush/Side Wipe, Car hit   Bike,Car,Grievious injury,Over speed,Four lanes or more with central divider,Straight road,,Fine,AP27H   9214,P.V & AMB,Grevious,1
10.07.2014,3:30 PM,1270,RHS,Rural,Jarugumalli,Collision Brush/Side Wipe, Car hit   Bike,Car,Grievious injury,Over speed,Four lanes or more with central divider,Straight road,,Fine,AP27H   9214,P.V & AMB,Minor,0
10.07.2014,3:30 PM,1270,RHS,Rural,Jarugumalli,Collision Brush/Side Wipe, Car hit   Bike,Car,Grievious injury,Over speed,Four lanes or more with central divider,Straight road,,Fine,AP27H   9214,P.V & AMB,Non injured ,0
10.07.2014,3:30 PM,1270,RHS,Rural,Jarugumalli,Collision Brush/Side Wipe, Car hit   Bike,Car,Grievious injury,Over speed,Four lanes or more with central divider,Straight road,,Fine,AP27H   9214,P.V & AMB,Animals affected,0
12.07.2014,11:10 AM,1224.8,RHS,Rural,Maddipadu,Head on collision, Lorry hit Bike,Lorry,Minor injury,Druken,Four lanes or more with central divider,Straight road,,Fine,AP07T   1659,P.V,Fatal,0
12.07.2014,11:10 AM,1224.8,RHS,Rural,Maddipadu,Head on collision, Lorry hit Bike,Lorry,Minor injury,Druken,Four lanes or more with central divider,Straight road,,Fine,AP07T   1659,P.V,Grevious,0
12.07.2014,11:10 AM,1224.8,RHS,Rural,Maddipadu,Head on collision, Lorry hit Bike,Lorry,Minor injury,Druken,Four lanes or more with central divider,Straight road,,Fine,AP07T   1659,P.V,Minor,1
12.07.2014,11:10 AM,1224.8,RHS,Rural,Maddipadu,Head on collision, Lorry hit Bike,Lorry,Minor injury,Druken,Four lanes or more with central divider,Straight road,,Fine,AP07T   1659,P.V,Non injured ,0
12.07.2014,11:10 AM,1224.8,RHS,Rural,Maddipadu,Head on collision, Lorry hit Bike,Lorry,Minor injury,Druken,Four lanes or more with central divider,Straight road,,Fine,AP07T   1659,P.V,Animals affected,0
13.07.2014,4:15 AM,1315.2,RHS,Rural,Kavali,Rear End Collision, Lorry hit Unknown Vehicle,Lorry,Minor injury,Fault of driver of motor vehicle/driver of other vehicle/cyclist/pedestrian/passenger,Four lanes or more with central divider,Straight road,,Fine,MH40Y   4286,P.V,Fatal,0
13.07.2014,4:15 AM,1315.2,RHS,Rural,Kavali,Rear End Collision, Lorry hit Unknown Vehicle,Lorry,Minor injury,Fault of driver of motor vehicle/driver of other vehicle/cyclist/pedestrian/passenger,Four lanes or more with central divider,Straight road,,Fine,MH40Y   4286,P.V,Grevious,0
13.07.2014,4:15 AM,1315.2,RHS,Rural,Kavali,Rear End Collision, Lorry hit Unknown Vehicle,Lorry,Minor injury,Fault of driver of motor vehicle/driver of other vehicle/cyclist/pedestrian/passenger,Four lanes or more with central divider,Straight road,,Fine,MH40Y   4286,P.V,Minor,1
13.07.2014,4:15 AM,1315.2,RHS,Rural,Kavali,Rear End Collision, Lorry hit Unknown Vehicle,Lorry,Minor injury,Fault of driver of motor vehicle/driver of other vehicle/cyclist/pedestrian/passenger,Four lanes or more with central divider,Straight road,,Fine,MH40Y   4286,P.V,Non injured ,1
13.07.2014,4:15 AM,1315.2,RHS,Rural,Kavali,Rear End Collision, Lorry hit Unknown Vehicle,Lorry,Minor injury,Fault of driver of motor vehicle/driver of other vehicle/cyclist/pedestrian/passenger,Four lanes or more with central divider,Straight road,,Fine,MH40Y   4286,P.V,Animals affected,0
13.07.2014,5:15 AM,1313.3,LHS,Rural,Kavali,Rear End Collision, Lorry hit Unknown Vehicle,Lorry,Non injury,Fault of driver of motor vehicle/driver of other vehicle/cyclist/pedestrian/passenger,Four lanes or more with central divider,Straight road,,Fine,AP29TB   3810,P.V,Fatal,0
13.07.2014,5:15 AM,1313.3,LHS,Rural,Kavali,Rear End Collision, Lorry hit Unknown Vehicle,Lorry,Non injury,Fault of driver of motor vehicle/driver of other vehicle/cyclist/pedestrian/passenger,Four lanes or more with central divider,Straight road,,Fine,AP29TB   3810,P.V,Grevious,0
13.07.2014,5:15 AM,1313.3,LHS,Rural,Kavali,Rear End Collision, Lorry hit Unknown Vehicle,Lorry,Non injury,Fault of driver of motor vehicle/driver of other vehicle/cyclist/pedestrian/passenger,Four lanes or more with central divider,Straight road,,Fine,AP29TB   3810,P.V,Minor,0
13.07.2014,5:15 AM,1313.3,LHS,Rural,Kavali,Rear End Collision, Lorry hit Unknown Vehicle,Lorry,Non injury,Fault of driver of motor vehicle/driver of other vehicle/cyclist/pedestrian/passenger,Four lanes or more with central divider,Straight road,,Fine,AP29TB   3810,P.V,Non injured ,2
13.07.2014,5:15 AM,1313.3,LHS,Rural,Kavali,Rear End Collision, Lorry hit Unknown Vehicle,Lorry,Non injury,Fault of driver of motor vehicle/driver of other vehicle/cyclist/pedestrian/passenger,Four lanes or more with central divider,Straight road,,Fine,AP29TB   3810,P.V,Animals affected,0
14.07.2014,3:26 PM,1221.3,RHS,Rural,Medarametla,Others(p1.Specific),Car hit Bus,Car,Grievious injury,Over speed,Three lanes or more without central divider(median),Sharp curve,T-Junction,Fine,AP02AM 2466,P.V,Fatal,0
14.07.2014,3:26 PM,1221.3,RHS,Rural,Medarametla,Others(p1.Specific),Car hit Bus,Car,Grievious injury,Over speed,Three lanes or more without central divider(median),Sharp curve,T-Junction,Fine,AP02AM 2466,P.V,Grevious,2
14.07.2014,3:26 PM,1221.3,RHS,Rural,Medarametla,Others(p1.Specific),Car hit Bus,Car,Grievious injury,Over speed,Three lanes or more without central divider(median),Sharp curve,T-Junction,Fine,AP02AM 2466,P.V,Minor,1
14.07.2014,3:26 PM,1221.3,RHS,Rural,Medarametla,Others(p1.Specific),Car hit Bus,Car,Grievious injury,Over speed,Three lanes or more without central divider(median),Sharp curve,T-Junction,Fine,AP02AM 2466,P.V,Non injured ,47
14.07.2014,3:26 PM,1221.3,RHS,Rural,Medarametla,Others(p1.Specific),Car hit Bus,Car,Grievious injury,Over speed,Three lanes or more without central divider(median),Sharp curve,T-Junction,Fine,AP02AM 2466,P.V,Animals affected,0
14.07.2014,6:15 PM,1210.7,RHS,Rural,Reningavaram,Overturning,Car Overturned,Car,Grievious injury,Over speed,Four lanes or more with central divider,Straight road,,Fine,AP03AG 1234,P.V & AMB,Fatal,0
14.07.2014,6:15 PM,1210.7,RHS,Rural,Reningavaram,Overturning,Car Overturned,Car,Grievious injury,Over speed,Four lanes or more with central divider,Straight road,,Fine,AP03AG 1234,P.V & AMB,Grevious,1
14.07.2014,6:15 PM,1210.7,RHS,Rural,Reningavaram,Overturning,Car Overturned,Car,Grievious injury,Over speed,Four lanes or more with central divider,Straight road,,Fine,AP03AG 1234,P.V & AMB,Minor,1
14.07.2014,6:15 PM,1210.7,RHS,Rural,Reningavaram,Overturning,Car Overturned,Car,Grievious injury,Over speed,Four lanes or more with central divider,Straight road,,Fine,AP03AG 1234,P.V & AMB,Non injured ,0
14.07.2014,6:15 PM,1210.7,RHS,Rural,Reningavaram,Overturning,Car Overturned,Car,Grievious injury,Over speed,Four lanes or more with central divider,Straight road,,Fine,AP03AG 1234,P.V & AMB,Animals affected,0
15.07.2014,5:30 AM,1268.4,RHS,Rural,Jarugumalli,Overturning,  Lorry Over Turned,Lorry,Minor injury,Over speed,Four lanes or more with central divider,Straight road,,Fine,HR38S   6151,P.V & AMB,Fatal,0
15.07.2014,5:30 AM,1268.4,RHS,Rural,Jarugumalli,Overturning,  Lorry Over Turned,Lorry,Minor injury,Over speed,Four lanes or more with central divider,Straight road,,Fine,HR38S   6151,P.V & AMB,Grevious,0
15.07.2014,5:30 AM,1268.4,RHS,Rural,Jarugumalli,Overturning,  Lorry Over Turned,Lorry,Minor injury,Over speed,Four lanes or more with central divider,Straight road,,Fine,HR38S   6151,P.V & AMB,Minor,1
15.07.2014,5:30 AM,1268.4,RHS,Rural,Jarugumalli,Overturning,  Lorry Over Turned,Lorry,Minor injury,Over speed,Four lanes or more with central divider,Straight road,,Fine,HR38S   6151,P.V & AMB,Non injured ,1
15.07.2014,5:30 AM,1268.4,RHS,Rural,Jarugumalli,Overturning,  Lorry Over Turned,Lorry,Minor injury,Over speed,Four lanes or more with central divider,Straight road,,Fine,HR38S   6151,P.V & AMB,Animals affected,0
15.07.2014,11:15 AM,1357.6,RHS,Rural,Kodavaluru,Overturning, Ape Auto Over Turned,Auto,Non injury,Vehicle out of control,Four lanes or more with central divider,Straight road,,Fine,AP26TT   8460,P.V,Fatal,0
15.07.2014,11:15 AM,1357.6,RHS,Rural,Kodavaluru,Overturning, Ape Auto Over Turned,Auto,Non injury,Vehicle out of control,Four lanes or more with central divider,Straight road,,Fine,AP26TT   8460,P.V,Grevious,0
15.07.2014,11:15 AM,1357.6,RHS,Rural,Kodavaluru,Overturning, Ape Auto Over Turned,Auto,Non injury,Vehicle out of control,Four lanes or more with central divider,Straight road,,Fine,AP26TT   8460,P.V,Minor,0
15.07.2014,11:15 AM,1357.6,RHS,Rural,Kodavaluru,Overturning, Ape Auto Over Turned,Auto,Non injury,Vehicle out of control,Four lanes or more with central divider,Straight road,,Fine,AP26TT   8460,P.V,Non injured ,1
15.07.2014,11:15 AM,1357.6,RHS,Rural,Kodavaluru,Overturning, Ape Auto Over Turned,Auto,Non injury,Vehicle out of control,Four lanes or more with central divider,Straight road,,Fine,AP26TT   8460,P.V,Animals affected,0
15.07.2014,5:10 PM,1348.4,RHS,Rural,Dagadarthi,Skidding, Bike   Skidding,Bike,Fatal,Druken,Four lanes or more with central divider,Sharp curve,,Fine,AP26P   7411,P.V,Fatal,1
15.07.2014,5:10 PM,1348.4,RHS,Rural,Dagadarthi,Skidding, Bike   Skidding,Bike,Fatal,Druken,Four lanes or more with central divider,Sharp curve,,Fine,AP26P   7411,P.V,Grevious,1
15.07.2014,5:10 PM,1348.4,RHS,Rural,Dagadarthi,Skidding, Bike   Skidding,Bike,Fatal,Druken,Four lanes or more with central divider,Sharp curve,,Fine,AP26P   7411,P.V,Minor,0
15.07.2014,5:10 PM,1348.4,RHS,Rural,Dagadarthi,Skidding, Bike   Skidding,Bike,Fatal,Druken,Four lanes or more with central divider,Sharp curve,,Fine,AP26P   7411,P.V,Non injured ,0
15.07.2014,5:10 PM,1348.4,RHS,Rural,Dagadarthi,Skidding, Bike   Skidding,Bike,Fatal,Druken,Four lanes or more with central divider,Sharp curve,,Fine,AP26P   7411,P.V,Animals affected,0
16.07.2014,9:20 AM,1204.8,RHS,Rural,Reningavaram,Collision Brush/Side Wipe, Car hit to Lorry,Car,Non injury,Over speed,Three lanes or more without central divider(median),Sharp curve,T-Junction,Fine,AP07BE  9599,P.V,Fatal,0
16.07.2014,9:20 AM,1204.8,RHS,Rural,Reningavaram,Collision Brush/Side Wipe, Car hit to Lorry,Car,Non injury,Over speed,Three lanes or more without central divider(median),Sharp curve,T-Junction,Fine,AP07BE  9599,P.V,Grevious,0
16.07.2014,9:20 AM,1204.8,RHS,Rural,Reningavaram,Collision Brush/Side Wipe, Car hit to Lorry,Car,Non injury,Over speed,Three lanes or more without central divider(median),Sharp curve,T-Junction,Fine,AP07BE  9599,P.V,Minor,0
16.07.2014,9:20 AM,1204.8,RHS,Rural,Reningavaram,Collision Brush/Side Wipe, Car hit to Lorry,Car,Non injury,Over speed,Three lanes or more without central divider(median),Sharp curve,T-Junction,Fine,AP07BE  9599,P.V,Non injured ,4
16.07.2014,9:20 AM,1204.8,RHS,Rural,Reningavaram,Collision Brush/Side Wipe, Car hit to Lorry,Car,Non injury,Over speed,Three lanes or more without central divider(median),Sharp curve,T-Junction,Fine,AP07BE  9599,P.V,Animals affected,0
16.07.2014,10:05 AM,1329,RHS,Rural,Kavali,Rear End Collision, Bike hit Lorry,Bike,Minor injury,Vehicle out of control,Four lanes or more with central divider,Straight road,,Fine,AP26UK   T/R        6755,AMB,Fatal,0
16.07.2014,10:05 AM,1329,RHS,Rural,Kavali,Rear End Collision, Bike hit Lorry,Bike,Minor injury,Vehicle out of control,Four lanes or more with central divider,Straight road,,Fine,AP26UK   T/R        6755,AMB,Grevious,0
16.07.2014,10:05 AM,1329,RHS,Rural,Kavali,Rear End Collision, Bike hit Lorry,Bike,Minor injury,Vehicle out of control,Four lanes or more with central divider,Straight road,,Fine,AP26UK   T/R        6755,AMB,Minor,1
16.07.2014,10:05 AM,1329,RHS,Rural,Kavali,Rear End Collision, Bike hit Lorry,Bike,Minor injury,Vehicle out of control,Four lanes or more with central divider,Straight road,,Fine,AP26UK   T/R        6755,AMB,Non injured ,0
16.07.2014,10:05 AM,1329,RHS,Rural,Kavali,Rear End Collision, Bike hit Lorry,Bike,Minor injury,Vehicle out of control,Four lanes or more with central divider,Straight road,,Fine,AP26UK   T/R        6755,AMB,Animals affected,0
16.07.2014,5:57 PM,1265,RHS,Rural,Tangutur,Collision Brush/Side Wipe, Bike hit Safety Wall,Bike,Grievious injury,Druken,Four lanes or more with central divider,Straight road,,Fine,AP37BA  9570,AMB,Fatal,0
16.07.2014,5:57 PM,1265,RHS,Rural,Tangutur,Collision Brush/Side Wipe, Bike hit Safety Wall,Bike,Grievious injury,Druken,Four lanes or more with central divider,Straight road,,Fine,AP37BA  9570,AMB,Grevious,1
16.07.2014,5:57 PM,1265,RHS,Rural,Tangutur,Collision Brush/Side Wipe, Bike hit Safety Wall,Bike,Grievious injury,Druken,Four lanes or more with central divider,Straight road,,Fine,AP37BA  9570,AMB,Minor,0
16.07.2014,5:57 PM,1265,RHS,Rural,Tangutur,Collision Brush/Side Wipe, Bike hit Safety Wall,Bike,Grievious injury,Druken,Four lanes or more with central divider,Straight road,,Fine,AP37BA  9570,AMB,Non injured ,0
16.07.2014,5:57 PM,1265,RHS,Rural,Tangutur,Collision Brush/Side Wipe, Bike hit Safety Wall,Bike,Grievious injury,Druken,Four lanes or more with central divider,Straight road,,Fine,AP37BA  9570,AMB,Animals affected,0
16.07.2014,6:30 PM,1293.1,LHS,Rural,Ulavapadu,Collision Brush/Side Wipe, Unknown Vehicle hit    Car,Unknown,Grievious injury,Over speed,Four lanes or more with central divider,Straight road,,Fine,Unknown   Vehicle,P.V,Fatal,0
16.07.2014,6:30 PM,1293.1,LHS,Rural,Ulavapadu,Collision Brush/Side Wipe, Unknown Vehicle hit    Car,Unknown,Grievious injury,Over speed,Four lanes or more with central divider,Straight road,,Fine,Unknown   Vehicle,P.V,Grevious,1
16.07.2014,6:30 PM,1293.1,LHS,Rural,Ulavapadu,Collision Brush/Side Wipe, Unknown Vehicle hit    Car,Unknown,Grievious injury,Over speed,Four lanes or more with central divider,Straight road,,Fine,Unknown   Vehicle,P.V,Minor,0
16.07.2014,6:30 PM,1293.1,LHS,Rural,Ulavapadu,Collision Brush/Side Wipe, Unknown Vehicle hit    Car,Unknown,Grievious injury,Over speed,Four lanes or more with central divider,Straight road,,Fine,Unknown   Vehicle,P.V,Non injured ,0
16.07.2014,6:30 PM,1293.1,LHS,Rural,Ulavapadu,Collision Brush/Side Wipe, Unknown Vehicle hit    Car,Unknown,Grievious injury,Over speed,Four lanes or more with central divider,Straight road,,Fine,Unknown   Vehicle,P.V,Animals affected,0