Operational date,Time of Accident,KM && M,Position,Rural/Urban,Location,Nature of Accident Position,Nature of Accident,Vehicle Involved,Type of Accident,Causes,Road Feature,Road condition,Intersection Type And Control,Weather Condition,Vehicle Responsible,Help Provided by Ambulance/Patroling Vehicle,Classification of Accident,No of Affected Persons
16.07.2014,8:54 PM,1200.6,LHS,Rural,Reningavaram,Collision Brush/Side Wipe, Unknown Vehicle hit     Bike,Unknown,Grievious injury,Over speed,Four lanes or more with central divider,Straight road,,Fine,Unknown   Vehicle,P.V & AMB,Fatal,0
16.07.2014,8:54 PM,1200.6,LHS,Rural,Reningavaram,Collision Brush/Side Wipe, Unknown Vehicle hit     Bike,Unknown,Grievious injury,Over speed,Four lanes or more with central divider,Straight road,,Fine,Unknown   Vehicle,P.V & AMB,Grevious,1
16.07.2014,8:54 PM,1200.6,LHS,Rural,Reningavaram,Collision Brush/Side Wipe, Unknown Vehicle hit     Bike,Unknown,Grievious injury,Over speed,Four lanes or more with central divider,Straight road,,Fine,Unknown   Vehicle,P.V & AMB,Minor,1
16.07.2014,8:54 PM,1200.6,LHS,Rural,Reningavaram,Collision Brush/Side Wipe, Unknown Vehicle hit     Bike,Unknown,Grievious injury,Over speed,Four lanes or more with central divider,Straight road,,Fine,Unknown   Vehicle,P.V & AMB,Non injured ,0
16.07.2014,8:54 PM,1200.6,LHS,Rural,Reningavaram,Collision Brush/Side Wipe, Unknown Vehicle hit     Bike,Unknown,Grievious injury,Over speed,Four lanes or more with central divider,Straight road,,Fine,Unknown   Vehicle,P.V & AMB,Animals affected,0
17.07.2014,4:20 AM,1303.2,RHS,Rural,Gudluru,Overturning,Lorry Overturned  ,Lorry,Minor injury,Fault of driver of motor vehicle/driver of other vehicle/cyclist/pedestrian/passenger,Four lanes or more with central divider,Straight road,,Fine,AP 37X 2977,P.V,Fatal,0
17.07.2014,4:20 AM,1303.2,RHS,Rural,Gudluru,Overturning,Lorry Overturned  ,Lorry,Minor injury,Fault of driver of motor vehicle/driver of other vehicle/cyclist/pedestrian/passenger,Four lanes or more with central divider,Straight road,,Fine,AP 37X 2977,P.V,Grevious,0
17.07.2014,4:20 AM,1303.2,RHS,Rural,Gudluru,Overturning,Lorry Overturned  ,Lorry,Minor injury,Fault of driver of motor vehicle/driver of other vehicle/cyclist/pedestrian/passenger,Four lanes or more with central divider,Straight road,,Fine,AP 37X 2977,P.V,Minor,0
17.07.2014,4:20 AM,1303.2,RHS,Rural,Gudluru,Overturning,Lorry Overturned  ,Lorry,Minor injury,Fault of driver of motor vehicle/driver of other vehicle/cyclist/pedestrian/passenger,Four lanes or more with central divider,Straight road,,Fine,AP 37X 2977,P.V,Non injured ,2
17.07.2014,4:20 AM,1303.2,RHS,Rural,Gudluru,Overturning,Lorry Overturned  ,Lorry,Minor injury,Fault of driver of motor vehicle/driver of other vehicle/cyclist/pedestrian/passenger,Four lanes or more with central divider,Straight road,,Fine,AP 37X 2977,P.V,Animals affected,0
17.07.2014,6:30 AM,1228.5,LHS,Rural,Maddipadu,Collision Brush/Side Wipe, Lorry hit Safety wall,Lorry,Non injury,Fault of driver of motor vehicle/driver of other vehicle/cyclist/pedestrian/passenger,Four lanes or more with central divider,Straight road,,Fine,AP07     5229,P.V,Fatal,0
17.07.2014,6:30 AM,1228.5,LHS,Rural,Maddipadu,Collision Brush/Side Wipe, Lorry hit Safety wall,Lorry,Non injury,Fault of driver of motor vehicle/driver of other vehicle/cyclist/pedestrian/passenger,Four lanes or more with central divider,Straight road,,Fine,AP07     5229,P.V,Grevious,0
17.07.2014,6:30 AM,1228.5,LHS,Rural,Maddipadu,Collision Brush/Side Wipe, Lorry hit Safety wall,Lorry,Non injury,Fault of driver of motor vehicle/driver of other vehicle/cyclist/pedestrian/passenger,Four lanes or more with central divider,Straight road,,Fine,AP07     5229,P.V,Minor,0
17.07.2014,6:30 AM,1228.5,LHS,Rural,Maddipadu,Collision Brush/Side Wipe, Lorry hit Safety wall,Lorry,Non injury,Fault of driver of motor vehicle/driver of other vehicle/cyclist/pedestrian/passenger,Four lanes or more with central divider,Straight road,,Fine,AP07     5229,P.V,Non injured ,2
17.07.2014,6:30 AM,1228.5,LHS,Rural,Maddipadu,Collision Brush/Side Wipe, Lorry hit Safety wall,Lorry,Non injury,Fault of driver of motor vehicle/driver of other vehicle/cyclist/pedestrian/passenger,Four lanes or more with central divider,Straight road,,Fine,AP07     5229,P.V,Animals affected,0
17.07.2014,11:45 AM,1238,LHS,Rural,Maddipadu,Rear End Collision, Lorry hit Lorry,Lorry,Non injury,Over speed,Two lanes,Straight road,,Fine,AP03 T 2997,P.V,Fatal,0
17.07.2014,11:45 AM,1238,LHS,Rural,Maddipadu,Rear End Collision, Lorry hit Lorry,Lorry,Non injury,Over speed,Two lanes,Straight road,,Fine,AP03 T 2997,P.V,Grevious,0
17.07.2014,11:45 AM,1238,LHS,Rural,Maddipadu,Rear End Collision, Lorry hit Lorry,Lorry,Non injury,Over speed,Two lanes,Straight road,,Fine,AP03 T 2997,P.V,Minor,0
17.07.2014,11:45 AM,1238,LHS,Rural,Maddipadu,Rear End Collision, Lorry hit Lorry,Lorry,Non injury,Over speed,Two lanes,Straight road,,Fine,AP03 T 2997,P.V,Non injured ,2
17.07.2014,11:45 AM,1238,LHS,Rural,Maddipadu,Rear End Collision, Lorry hit Lorry,Lorry,Non injury,Over speed,Two lanes,Straight road,,Fine,AP03 T 2997,P.V,Animals affected,0
18.07.2014,3:35 AM,1284.4,LHS,Rural,Ulavapadu,Rear End Collision, Car hit Lorry   ,Car,Fatal,Over speed,Four lanes or more with central divider,Straight road,,Fine,AP26 Y 9118,P.V & AMB,Fatal,2
18.07.2014,3:35 AM,1284.4,LHS,Rural,Ulavapadu,Rear End Collision, Car hit Lorry   ,Car,Fatal,Over speed,Four lanes or more with central divider,Straight road,,Fine,AP26 Y 9118,P.V & AMB,Grevious,1
18.07.2014,3:35 AM,1284.4,LHS,Rural,Ulavapadu,Rear End Collision, Car hit Lorry   ,Car,Fatal,Over speed,Four lanes or more with central divider,Straight road,,Fine,AP26 Y 9118,P.V & AMB,Minor,3
18.07.2014,3:35 AM,1284.4,LHS,Rural,Ulavapadu,Rear End Collision, Car hit Lorry   ,Car,Fatal,Over speed,Four lanes or more with central divider,Straight road,,Fine,AP26 Y 9118,P.V & AMB,Non injured ,2
18.07.2014,3:35 AM,1284.4,LHS,Rural,Ulavapadu,Rear End Collision, Car hit Lorry   ,Car,Fatal,Over speed,Four lanes or more with central divider,Straight road,,Fine,AP26 Y 9118,P.V & AMB,Animals affected,0
19.07.2014,12:10 AM,1353.6,LHS,Rural,Kodavaluru,Collision Brush/Side Wipe, Car hit Buffalo  ,Car,Non injury,Over speed,Four lanes or more with central divider,Straight road,,Fine,AP21TV       0165,P.V,Fatal,0
19.07.2014,12:10 AM,1353.6,LHS,Rural,Kodavaluru,Collision Brush/Side Wipe, Car hit Buffalo  ,Car,Non injury,Over speed,Four lanes or more with central divider,Straight road,,Fine,AP21TV       0165,P.V,Grevious,0
19.07.2014,12:10 AM,1353.6,LHS,Rural,Kodavaluru,Collision Brush/Side Wipe, Car hit Buffalo  ,Car,Non injury,Over speed,Four lanes or more with central divider,Straight road,,Fine,AP21TV       0165,P.V,Minor,0
19.07.2014,12:10 AM,1353.6,LHS,Rural,Kodavaluru,Collision Brush/Side Wipe, Car hit Buffalo  ,Car,Non injury,Over speed,Four lanes or more with central divider,Straight road,,Fine,AP21TV       0165,P.V,Non injured ,2
19.07.2014,12:10 AM,1353.6,LHS,Rural,Kodavaluru,Collision Brush/Side Wipe, Car hit Buffalo  ,Car,Non injury,Over speed,Four lanes or more with central divider,Straight road,,Fine,AP21TV       0165,P.V,Animals affected,1
20.07.2014,7:39 AM,1204.9,RHS,Rural,Reningavaram,Collision Brush/Side Wipe, Car hit      Pedestrian ,Car,Minor injury,Over speed,Four lanes or more with central divider,Straight road,,Fine,AP16AN   0432,AMB,Fatal,0
20.07.2014,7:39 AM,1204.9,RHS,Rural,Reningavaram,Collision Brush/Side Wipe, Car hit      Pedestrian ,Car,Minor injury,Over speed,Four lanes or more with central divider,Straight road,,Fine,AP16AN   0432,AMB,Grevious,0
20.07.2014,7:39 AM,1204.9,RHS,Rural,Reningavaram,Collision Brush/Side Wipe, Car hit      Pedestrian ,Car,Minor injury,Over speed,Four lanes or more with central divider,Straight road,,Fine,AP16AN   0432,AMB,Minor,1
20.07.2014,7:39 AM,1204.9,RHS,Rural,Reningavaram,Collision Brush/Side Wipe, Car hit      Pedestrian ,Car,Minor injury,Over speed,Four lanes or more with central divider,Straight road,,Fine,AP16AN   0432,AMB,Non injured ,1
20.07.2014,7:39 AM,1204.9,RHS,Rural,Reningavaram,Collision Brush/Side Wipe, Car hit      Pedestrian ,Car,Minor injury,Over speed,Four lanes or more with central divider,Straight road,,Fine,AP16AN   0432,AMB,Animals affected,0
20.07.2014,9:05 PM,1318.2,LHS,Rural,Kavali,Collision Brush/Side Wipe, Lorry hit C.C Barrier,Lorry,Non injury,Fault of driver of motor vehicle/driver of other vehicle/cyclist/pedestrian/passenger,Four lanes or more with central divider,Straight road,,Fine,AP16T  7444,P.V,Fatal,0
20.07.2014,9:05 PM,1318.2,LHS,Rural,Kavali,Collision Brush/Side Wipe, Lorry hit C.C Barrier,Lorry,Non injury,Fault of driver of motor vehicle/driver of other vehicle/cyclist/pedestrian/passenger,Four lanes or more with central divider,Straight road,,Fine,AP16T  7444,P.V,Grevious,0
20.07.2014,9:05 PM,1318.2,LHS,Rural,Kavali,Collision Brush/Side Wipe, Lorry hit C.C Barrier,Lorry,Non injury,Fault of driver of motor vehicle/driver of other vehicle/cyclist/pedestrian/passenger,Four lanes or more with central divider,Straight road,,Fine,AP16T  7444,P.V,Minor,0
20.07.2014,9:05 PM,1318.2,LHS,Rural,Kavali,Collision Brush/Side Wipe, Lorry hit C.C Barrier,Lorry,Non injury,Fault of driver of motor vehicle/driver of other vehicle/cyclist/pedestrian/passenger,Four lanes or more with central divider,Straight road,,Fine,AP16T  7444,P.V,Non injured ,2
20.07.2014,9:05 PM,1318.2,LHS,Rural,Kavali,Collision Brush/Side Wipe, Lorry hit C.C Barrier,Lorry,Non injury,Fault of driver of motor vehicle/driver of other vehicle/cyclist/pedestrian/passenger,Four lanes or more with central divider,Straight road,,Fine,AP16T  7444,P.V,Animals affected,0
21.07.2014,12:15 AM,1286.1,RHS,Rural,Ulavapadu,Collision Brush/Side Wipe, Unknown Vehicle hit      Pedestrian ,Unknown,Fatal,Over speed,Four lanes or more with central divider,Straight road,,Fine,Unknown   Vehicle,P.V,Fatal,1
21.07.2014,12:15 AM,1286.1,RHS,Rural,Ulavapadu,Collision Brush/Side Wipe, Unknown Vehicle hit      Pedestrian ,Unknown,Fatal,Over speed,Four lanes or more with central divider,Straight road,,Fine,Unknown   Vehicle,P.V,Grevious,0
21.07.2014,12:15 AM,1286.1,RHS,Rural,Ulavapadu,Collision Brush/Side Wipe, Unknown Vehicle hit      Pedestrian ,Unknown,Fatal,Over speed,Four lanes or more with central divider,Straight road,,Fine,Unknown   Vehicle,P.V,Minor,0
21.07.2014,12:15 AM,1286.1,RHS,Rural,Ulavapadu,Collision Brush/Side Wipe, Unknown Vehicle hit      Pedestrian ,Unknown,Fatal,Over speed,Four lanes or more with central divider,Straight road,,Fine,Unknown   Vehicle,P.V,Non injured ,0
21.07.2014,12:15 AM,1286.1,RHS,Rural,Ulavapadu,Collision Brush/Side Wipe, Unknown Vehicle hit      Pedestrian ,Unknown,Fatal,Over speed,Four lanes or more with central divider,Straight road,,Fine,Unknown   Vehicle,P.V,Animals affected,0
21.07.2014,12:55 AM,1227.1,RHS,Rural,Maddipadu,Collision Brush/Side Wipe, Bike hit Unknown Vehicle,Bike,Fatal,Over speed,Four lanes or more with central divider,Straight road,,Fine,AP27AB  0746,P.V,Fatal,2
21.07.2014,12:55 AM,1227.1,RHS,Rural,Maddipadu,Collision Brush/Side Wipe, Bike hit Unknown Vehicle,Bike,Fatal,Over speed,Four lanes or more with central divider,Straight road,,Fine,AP27AB  0746,P.V,Grevious,0
21.07.2014,12:55 AM,1227.1,RHS,Rural,Maddipadu,Collision Brush/Side Wipe, Bike hit Unknown Vehicle,Bike,Fatal,Over speed,Four lanes or more with central divider,Straight road,,Fine,AP27AB  0746,P.V,Minor,0
21.07.2014,12:55 AM,1227.1,RHS,Rural,Maddipadu,Collision Brush/Side Wipe, Bike hit Unknown Vehicle,Bike,Fatal,Over speed,Four lanes or more with central divider,Straight road,,Fine,AP27AB  0746,P.V,Non injured ,0
21.07.2014,12:55 AM,1227.1,RHS,Rural,Maddipadu,Collision Brush/Side Wipe, Bike hit Unknown Vehicle,Bike,Fatal,Over speed,Four lanes or more with central divider,Straight road,,Fine,AP27AB  0746,P.V,Animals affected,0
21.07.2014,8:55 AM,1237.7,LHS,Rural,Maddipadu,Collision Brush/Side Wipe, Container Vehicle hit Unknown Vehicle,Container,Non injury,Fault of driver of motor vehicle/driver of other vehicle/cyclist/pedestrian/passenger,Four lanes or more with central divider,Straight road,,Fine,TN05AH   5335,P.V,Fatal,0
21.07.2014,8:55 AM,1237.7,LHS,Rural,Maddipadu,Collision Brush/Side Wipe, Container Vehicle hit Unknown Vehicle,Container,Non injury,Fault of driver of motor vehicle/driver of other vehicle/cyclist/pedestrian/passenger,Four lanes or more with central divider,Straight road,,Fine,TN05AH   5335,P.V,Grevious,0
21.07.2014,8:55 AM,1237.7,LHS,Rural,Maddipadu,Collision Brush/Side Wipe, Container Vehicle hit Unknown Vehicle,Container,Non injury,Fault of driver of motor vehicle/driver of other vehicle/cyclist/pedestrian/passenger,Four lanes or more with central divider,Straight road,,Fine,TN05AH   5335,P.V,Minor,0
21.07.2014,8:55 AM,1237.7,LHS,Rural,Maddipadu,Collision Brush/Side Wipe, Container Vehicle hit Unknown Vehicle,Container,Non injury,Fault of driver of motor vehicle/driver of other vehicle/cyclist/pedestrian/passenger,Four lanes or more with central divider,Straight road,,Fine,TN05AH   5335,P.V,Non injured ,1
21.07.2014,8:55 AM,1237.7,LHS,Rural,Maddipadu,Collision Brush/Side Wipe, Container Vehicle hit Unknown Vehicle,Container,Non injury,Fault of driver of motor vehicle/driver of other vehicle/cyclist/pedestrian/passenger,Four lanes or more with central divider,Straight road,,Fine,TN05AH   5335,P.V,Animals affected,0
21.07.2014,5:20 PM,1326.1,LHS,Rural,Kavali,Skidding, Bike   Skidding,Bike,Minor injury,Druken,Four lanes or more with central divider,Straight road,,Fine,AP26AG   5146,AMB,Fatal,0
21.07.2014,5:20 PM,1326.1,LHS,Rural,Kavali,Skidding, Bike   Skidding,Bike,Minor injury,Druken,Four lanes or more with central divider,Straight road,,Fine,AP26AG   5146,AMB,Grevious,0
21.07.2014,5:20 PM,1326.1,LHS,Rural,Kavali,Skidding, Bike   Skidding,Bike,Minor injury,Druken,Four lanes or more with central divider,Straight road,,Fine,AP26AG   5146,AMB,Minor,1
21.07.2014,5:20 PM,1326.1,LHS,Rural,Kavali,Skidding, Bike   Skidding,Bike,Minor injury,Druken,Four lanes or more with central divider,Straight road,,Fine,AP26AG   5146,AMB,Non injured ,0
21.07.2014,5:20 PM,1326.1,LHS,Rural,Kavali,Skidding, Bike   Skidding,Bike,Minor injury,Druken,Four lanes or more with central divider,Straight road,,Fine,AP26AG   5146,AMB,Animals affected,0
22.07.2014,12:05 PM,1358.1,RHS,Rural,Kodavaluru,Rear End Collision, Car hit  Bike   ,Car,Grievious injury,Over speed,Four lanes or more with central divider,Straight road,,Fine,AP26AJ  4344,P.V & AMB,Fatal,0
22.07.2014,12:05 PM,1358.1,RHS,Rural,Kodavaluru,Rear End Collision, Car hit  Bike   ,Car,Grievious injury,Over speed,Four lanes or more with central divider,Straight road,,Fine,AP26AJ  4344,P.V & AMB,Grevious,1
22.07.2014,12:05 PM,1358.1,RHS,Rural,Kodavaluru,Rear End Collision, Car hit  Bike   ,Car,Grievious injury,Over speed,Four lanes or more with central divider,Straight road,,Fine,AP26AJ  4344,P.V & AMB,Minor,1
22.07.2014,12:05 PM,1358.1,RHS,Rural,Kodavaluru,Rear End Collision, Car hit  Bike   ,Car,Grievious injury,Over speed,Four lanes or more with central divider,Straight road,,Fine,AP26AJ  4344,P.V & AMB,Non injured ,0
22.07.2014,12:05 PM,1358.1,RHS,Rural,Kodavaluru,Rear End Collision, Car hit  Bike   ,Car,Grievious injury,Over speed,Four lanes or more with central divider,Straight road,,Fine,AP26AJ  4344,P.V & AMB,Animals affected,0
22.07.2014,10:30 PM,1297.5,RHS,Rural,Gudluru,Rear End Collision, Bike hit Lorry,Bike,Grievious injury,Over speed,Four lanes or more with central divider,Straight road,,Fine,AP26AS   6840,P.V,Fatal,0
22.07.2014,10:30 PM,1297.5,RHS,Rural,Gudluru,Rear End Collision, Bike hit Lorry,Bike,Grievious injury,Over speed,Four lanes or more with central divider,Straight road,,Fine,AP26AS   6840,P.V,Grevious,1
22.07.2014,10:30 PM,1297.5,RHS,Rural,Gudluru,Rear End Collision, Bike hit Lorry,Bike,Grievious injury,Over speed,Four lanes or more with central divider,Straight road,,Fine,AP26AS   6840,P.V,Minor,0
22.07.2014,10:30 PM,1297.5,RHS,Rural,Gudluru,Rear End Collision, Bike hit Lorry,Bike,Grievious injury,Over speed,Four lanes or more with central divider,Straight road,,Fine,AP26AS   6840,P.V,Non injured ,0
22.07.2014,10:30 PM,1297.5,RHS,Rural,Gudluru,Rear End Collision, Bike hit Lorry,Bike,Grievious injury,Over speed,Four lanes or more with central divider,Straight road,,Fine,AP26AS   6840,P.V,Animals affected,0
23.07.2014,9:18 PM,1255.8,LHS,Rural,Tangutur,Head on collision, Bike hit Bike,Bike,Minor injury,Druken,Four lanes or more with central divider,Straight road,,Fine,AP07AS    2219,P.V & AMB,Fatal,0
23.07.2014,9:18 PM,1255.8,LHS,Rural,Tangutur,Head on collision, Bike hit Bike,Bike,Minor injury,Druken,Four lanes or more with central divider,Straight road,,Fine,AP07AS    2219,P.V & AMB,Grevious,0
23.07.2014,9:18 PM,1255.8,LHS,Rural,Tangutur,Head on collision, Bike hit Bike,Bike,Minor injury,Druken,Four lanes or more with central divider,Straight road,,Fine,AP07AS    2219,P.V & AMB,Minor,2
23.07.2014,9:18 PM,1255.8,LHS,Rural,Tangutur,Head on collision, Bike hit Bike,Bike,Minor injury,Druken,Four lanes or more with central divider,Straight road,,Fine,AP07AS    2219,P.V & AMB,Non injured ,0
23.07.2014,9:18 PM,1255.8,LHS,Rural,Tangutur,Head on collision, Bike hit Bike,Bike,Minor injury,Druken,Four lanes or more with central divider,Straight road,,Fine,AP07AS    2219,P.V & AMB,Animals affected,0
24.07.2014,7:35 AM,1344.8,LHS,Rural,Dagadarthi,Overturning, Lorry Overturned,Lorry,Grievious injury,Over speed,Four lanes or more with central divider,Straight road,,Fine,AP 03 U 5747,P.V&AMB,Fatal,0
24.07.2014,7:35 AM,1344.8,LHS,Rural,Dagadarthi,Overturning, Lorry Overturned,Lorry,Grievious injury,Over speed,Four lanes or more with central divider,Straight road,,Fine,AP 03 U 5747,P.V&AMB,Grevious,1
24.07.2014,7:35 AM,1344.8,LHS,Rural,Dagadarthi,Overturning, Lorry Overturned,Lorry,Grievious injury,Over speed,Four lanes or more with central divider,Straight road,,Fine,AP 03 U 5747,P.V&AMB,Minor,1
24.07.2014,7:35 AM,1344.8,LHS,Rural,Dagadarthi,Overturning, Lorry Overturned,Lorry,Grievious injury,Over speed,Four lanes or more with central divider,Straight road,,Fine,AP 03 U 5747,P.V&AMB,Non injured ,0
24.07.2014,7:35 AM,1344.8,LHS,Rural,Dagadarthi,Overturning, Lorry Overturned,Lorry,Grievious injury,Over speed,Four lanes or more with central divider,Straight road,,Fine,AP 03 U 5747,P.V&AMB,Animals affected,0
25.07.2014,2:20 AM,1272.8,LHS,Rural,Jarugumalli,Rear End Collision, Lorry hit Lorry,Lorry,Non injury,Fault of driver of motor vehicle/driver of other vehicle/cyclist/pedestrian/passenger,Four lanes or more with central divider,Straight road,,Fine,TN04AH   0313,P.V,Fatal,0
25.07.2014,2:20 AM,1272.8,LHS,Rural,Jarugumalli,Rear End Collision, Lorry hit Lorry,Lorry,Non injury,Fault of driver of motor vehicle/driver of other vehicle/cyclist/pedestrian/passenger,Four lanes or more with central divider,Straight road,,Fine,TN04AH   0313,P.V,Grevious,0
25.07.2014,2:20 AM,1272.8,LHS,Rural,Jarugumalli,Rear End Collision, Lorry hit Lorry,Lorry,Non injury,Fault of driver of motor vehicle/driver of other vehicle/cyclist/pedestrian/passenger,Four lanes or more with central divider,Straight road,,Fine,TN04AH   0313,P.V,Minor,0
25.07.2014,2:20 AM,1272.8,LHS,Rural,Jarugumalli,Rear End Collision, Lorry hit Lorry,Lorry,Non injury,Fault of driver of motor vehicle/driver of other vehicle/cyclist/pedestrian/passenger,Four lanes or more with central divider,Straight road,,Fine,TN04AH   0313,P.V,Non injured ,2
25.07.2014,2:20 AM,1272.8,LHS,Rural,Jarugumalli,Rear End Collision, Lorry hit Lorry,Lorry,Non injury,Fault of driver of motor vehicle/driver of other vehicle/cyclist/pedestrian/passenger,Four lanes or more with central divider,Straight road,,Fine,TN04AH   0313,P.V,Animals affected,0
25.07.2014,5:10 AM,1270.1,LHS,Rural,Jarugumalli,Rear End Collision, Lorry hit Lorry and Lorry,Lorry,Non injury,Vehicle out of control,Four lanes or more with central divider,Straight road,,Fine,AP27V  1444,P.V,Fatal,0
25.07.2014,5:10 AM,1270.1,LHS,Rural,Jarugumalli,Rear End Collision, Lorry hit Lorry and Lorry,Lorry,Non injury,Vehicle out of control,Four lanes or more with central divider,Straight road,,Fine,AP27V  1444,P.V,Grevious,0
25.07.2014,5:10 AM,1270.1,LHS,Rural,Jarugumalli,Rear End Collision, Lorry hit Lorry and Lorry,Lorry,Non injury,Vehicle out of control,Four lanes or more with central divider,Straight road,,Fine,AP27V  1444,P.V,Minor,0
25.07.2014,5:10 AM,1270.1,LHS,Rural,Jarugumalli,Rear End Collision, Lorry hit Lorry and Lorry,Lorry,Non injury,Vehicle out of control,Four lanes or more with central divider,Straight road,,Fine,AP27V  1444,P.V,Non injured ,2
25.07.2014,5:10 AM,1270.1,LHS,Rural,Jarugumalli,Rear End Collision, Lorry hit Lorry and Lorry,Lorry,Non injury,Vehicle out of control,Four lanes or more with central divider,Straight road,,Fine,AP27V  1444,P.V,Animals affected,0
25.07.2014,3:15 PM,1193.9,LHS,Rural,Martur,Head on collision, Bike hit Bike,Bike,Grievious injury,Over speed,Four lanes or more with central divider,Straight road,,Fine,AP27M     4617,P.V & AMB,Fatal,0
25.07.2014,3:15 PM,1193.9,LHS,Rural,Martur,Head on collision, Bike hit Bike,Bike,Grievious injury,Over speed,Four lanes or more with central divider,Straight road,,Fine,AP27M     4617,P.V & AMB,Grevious,1
25.07.2014,3:15 PM,1193.9,LHS,Rural,Martur,Head on collision, Bike hit Bike,Bike,Grievious injury,Over speed,Four lanes or more with central divider,Straight road,,Fine,AP27M     4617,P.V & AMB,Minor,1
25.07.2014,3:15 PM,1193.9,LHS,Rural,Martur,Head on collision, Bike hit Bike,Bike,Grievious injury,Over speed,Four lanes or more with central divider,Straight road,,Fine,AP27M     4617,P.V & AMB,Non injured ,0
25.07.2014,3:15 PM,1193.9,LHS,Rural,Martur,Head on collision, Bike hit Bike,Bike,Grievious injury,Over speed,Four lanes or more with central divider,Straight road,,Fine,AP27M     4617,P.V & AMB,Animals affected,0
25.07.2014,7:55 PM,1250.4,RHS,Rural,Ongole,Right Turn Collision, Unknown Vehicle hit     Car,Unknown,Non injury,Over speed,Four lanes or more with central divider,Straight road,,Fine,Unknown   Vehicle,P.V,Fatal,0
25.07.2014,7:55 PM,1250.4,RHS,Rural,Ongole,Right Turn Collision, Unknown Vehicle hit     Car,Unknown,Non injury,Over speed,Four lanes or more with central divider,Straight road,,Fine,Unknown   Vehicle,P.V,Grevious,0
25.07.2014,7:55 PM,1250.4,RHS,Rural,Ongole,Right Turn Collision, Unknown Vehicle hit     Car,Unknown,Non injury,Over speed,Four lanes or more with central divider,Straight road,,Fine,Unknown   Vehicle,P.V,Minor,0
25.07.2014,7:55 PM,1250.4,RHS,Rural,Ongole,Right Turn Collision, Unknown Vehicle hit     Car,Unknown,Non injury,Over speed,Four lanes or more with central divider,Straight road,,Fine,Unknown   Vehicle,P.V,Non injured ,1
25.07.2014,7:55 PM,1250.4,RHS,Rural,Ongole,Right Turn Collision, Unknown Vehicle hit     Car,Unknown,Non injury,Over speed,Four lanes or more with central divider,Straight road,,Fine,Unknown   Vehicle,P.V,Animals affected,0
26.07.2014,3:45 AM,1321.6,LHS,Rural,Kavali,Overturning, Lorry  Over Turned,Lorry,Minor injury,Over speed,Four lanes or more with central divider,Straight road,,Fine,AP16TW   5206,P.V & AMB,Fatal,0
26.07.2014,3:45 AM,1321.6,LHS,Rural,Kavali,Overturning, Lorry  Over Turned,Lorry,Minor injury,Over speed,Four lanes or more with central divider,Straight road,,Fine,AP16TW   5206,P.V & AMB,Grevious,0
26.07.2014,3:45 AM,1321.6,LHS,Rural,Kavali,Overturning, Lorry  Over Turned,Lorry,Minor injury,Over speed,Four lanes or more with central divider,Straight road,,Fine,AP16TW   5206,P.V & AMB,Minor,1
26.07.2014,3:45 AM,1321.6,LHS,Rural,Kavali,Overturning, Lorry  Over Turned,Lorry,Minor injury,Over speed,Four lanes or more with central divider,Straight road,,Fine,AP16TW   5206,P.V & AMB,Non injured ,2
26.07.2014,3:45 AM,1321.6,LHS,Rural,Kavali,Overturning, Lorry  Over Turned,Lorry,Minor injury,Over speed,Four lanes or more with central divider,Straight road,,Fine,AP16TW   5206,P.V & AMB,Animals affected,0
26.07.2014,6:45 AM,1218.5,RHS,Rural,Medarametla,Collision Brush/Side Wipe, Lorry  hit Bike,Lorry,Fatal,Over speed,Four lanes or more with central divider,Straight road,,Fine,AP09U     8829,P.V,Fatal,1
26.07.2014,6:45 AM,1218.5,RHS,Rural,Medarametla,Collision Brush/Side Wipe, Lorry  hit Bike,Lorry,Fatal,Over speed,Four lanes or more with central divider,Straight road,,Fine,AP09U     8829,P.V,Grevious,0
26.07.2014,6:45 AM,1218.5,RHS,Rural,Medarametla,Collision Brush/Side Wipe, Lorry  hit Bike,Lorry,Fatal,Over speed,Four lanes or more with central divider,Straight road,,Fine,AP09U     8829,P.V,Minor,0
26.07.2014,6:45 AM,1218.5,RHS,Rural,Medarametla,Collision Brush/Side Wipe, Lorry  hit Bike,Lorry,Fatal,Over speed,Four lanes or more with central divider,Straight road,,Fine,AP09U     8829,P.V,Non injured ,1
26.07.2014,6:45 AM,1218.5,RHS,Rural,Medarametla,Collision Brush/Side Wipe, Lorry  hit Bike,Lorry,Fatal,Over speed,Four lanes or more with central divider,Straight road,,Fine,AP09U     8829,P.V,Animals affected,0
26.07.2014,9:35 PM,1295.7,LHS,Rural,Ulavapadu,Overturning,Auto Over Turned,Auto,Grievious injury,Druken,Four lanes or more with central divider,Straight road,,Fine,AP27W  3743,P.V,Fatal,0
26.07.2014,9:35 PM,1295.7,LHS,Rural,Ulavapadu,Overturning,Auto Over Turned,Auto,Grievious injury,Druken,Four lanes or more with central divider,Straight road,,Fine,AP27W  3743,P.V,Grevious,1
26.07.2014,9:35 PM,1295.7,LHS,Rural,Ulavapadu,Overturning,Auto Over Turned,Auto,Grievious injury,Druken,Four lanes or more with central divider,Straight road,,Fine,AP27W  3743,P.V,Minor,1
26.07.2014,9:35 PM,1295.7,LHS,Rural,Ulavapadu,Overturning,Auto Over Turned,Auto,Grievious injury,Druken,Four lanes or more with central divider,Straight road,,Fine,AP27W  3743,P.V,Non injured ,1
26.07.2014,9:35 PM,1295.7,LHS,Rural,Ulavapadu,Overturning,Auto Over Turned,Auto,Grievious injury,Druken,Four lanes or more with central divider,Straight road,,Fine,AP27W  3743,P.V,Animals affected,0
27.07.2014,12:05 AM,1305,RHS,Rural,Gudluru,Rear End Collision, Oil Tanker hit Lorry ,Tanker,Grievious injury,Over speed,Four lanes or more with central divider,Slight curve,,Fine,TN05AH     0722,P.V,Fatal,0
27.07.2014,12:05 AM,1305,RHS,Rural,Gudluru,Rear End Collision, Oil Tanker hit Lorry ,Tanker,Grievious injury,Over speed,Four lanes or more with central divider,Slight curve,,Fine,TN05AH     0722,P.V,Grevious,1