Operational date,Time of Accident,KM && M,Position,Rural/Urban,Location,Nature of Accident Position,Nature of Accident,Vehicle Involved,Type of Accident,Causes,Road Feature,Road condition,Intersection Type And Control,Weather Condition,Vehicle Responsible,Help Provided by Ambulance/Patroling Vehicle,Classification of Accident,No of Affected Persons
27.07.2014,12:05 AM,1305,RHS,Rural,Gudluru,Rear End Collision, Oil Tanker hit Lorry ,Tanker,Grievious injury,Over speed,Four lanes or more with central divider,Slight curve,,Fine,TN05AH     0722,P.V,Minor,0
27.07.2014,12:05 AM,1305,RHS,Rural,Gudluru,Rear End Collision, Oil Tanker hit Lorry ,Tanker,Grievious injury,Over speed,Four lanes or more with central divider,Slight curve,,Fine,TN05AH     0722,P.V,Non injured ,1
27.07.2014,12:05 AM,1305,RHS,Rural,Gudluru,Rear End Collision, Oil Tanker hit Lorry ,Tanker,Grievious injury,Over speed,Four lanes or more with central divider,Slight curve,,Fine,TN05AH     0722,P.V,Animals affected,0
27.07.2014,1:00 AM,1309,LHS,Rural,Kavali,Right Turn Collision, Volvo Bus hit Trailer,Bus,Minor injury,Over speed,Four lanes or more with central divider,Straight road,,Fine,KA25C   9174,P.V,Fatal,0
27.07.2014,1:00 AM,1309,LHS,Rural,Kavali,Right Turn Collision, Volvo Bus hit Trailer,Bus,Minor injury,Over speed,Four lanes or more with central divider,Straight road,,Fine,KA25C   9174,P.V,Grevious,0
27.07.2014,1:00 AM,1309,LHS,Rural,Kavali,Right Turn Collision, Volvo Bus hit Trailer,Bus,Minor injury,Over speed,Four lanes or more with central divider,Straight road,,Fine,KA25C   9174,P.V,Minor,4
27.07.2014,1:00 AM,1309,LHS,Rural,Kavali,Right Turn Collision, Volvo Bus hit Trailer,Bus,Minor injury,Over speed,Four lanes or more with central divider,Straight road,,Fine,KA25C   9174,P.V,Non injured ,30
27.07.2014,1:00 AM,1309,LHS,Rural,Kavali,Right Turn Collision, Volvo Bus hit Trailer,Bus,Minor injury,Over speed,Four lanes or more with central divider,Straight road,,Fine,KA25C   9174,P.V,Animals affected,0
27.07.2014,3:50 AM,1295.3,RHS,Rural,Ulavapadu,Collision Brush/Side Wipe,Lorry hit Culvert wall ,Lorry,Non injury,Vehicle out of control,Four lanes or more with central divider,Straight road,,Fine,AP16PY   6464,P.V,Fatal,0
27.07.2014,3:50 AM,1295.3,RHS,Rural,Ulavapadu,Collision Brush/Side Wipe,Lorry hit Culvert wall ,Lorry,Non injury,Vehicle out of control,Four lanes or more with central divider,Straight road,,Fine,AP16PY   6464,P.V,Grevious,0
27.07.2014,3:50 AM,1295.3,RHS,Rural,Ulavapadu,Collision Brush/Side Wipe,Lorry hit Culvert wall ,Lorry,Non injury,Vehicle out of control,Four lanes or more with central divider,Straight road,,Fine,AP16PY   6464,P.V,Minor,0
27.07.2014,3:50 AM,1295.3,RHS,Rural,Ulavapadu,Collision Brush/Side Wipe,Lorry hit Culvert wall ,Lorry,Non injury,Vehicle out of control,Four lanes or more with central divider,Straight road,,Fine,AP16PY   6464,P.V,Non injured ,2
27.07.2014,3:50 AM,1295.3,RHS,Rural,Ulavapadu,Collision Brush/Side Wipe,Lorry hit Culvert wall ,Lorry,Non injury,Vehicle out of control,Four lanes or more with central divider,Straight road,,Fine,AP16PY   6464,P.V,Animals affected,0
28.07.2014,8:01 AM,1348.7,LHS,Rural,Dagadarthi,Collision Brush/Side Wipe, Unknown Vehicle hit     Pedestrian,Unknown,Grievious injury,Over speed,Four lanes or more with central divider,Straight road,,Fine,Unknown   Vehicle,P.V,Fatal,0
28.07.2014,8:01 AM,1348.7,LHS,Rural,Dagadarthi,Collision Brush/Side Wipe, Unknown Vehicle hit     Pedestrian,Unknown,Grievious injury,Over speed,Four lanes or more with central divider,Straight road,,Fine,Unknown   Vehicle,P.V,Grevious,1
28.07.2014,8:01 AM,1348.7,LHS,Rural,Dagadarthi,Collision Brush/Side Wipe, Unknown Vehicle hit     Pedestrian,Unknown,Grievious injury,Over speed,Four lanes or more with central divider,Straight road,,Fine,Unknown   Vehicle,P.V,Minor,0
28.07.2014,8:01 AM,1348.7,LHS,Rural,Dagadarthi,Collision Brush/Side Wipe, Unknown Vehicle hit     Pedestrian,Unknown,Grievious injury,Over speed,Four lanes or more with central divider,Straight road,,Fine,Unknown   Vehicle,P.V,Non injured ,0
28.07.2014,8:01 AM,1348.7,LHS,Rural,Dagadarthi,Collision Brush/Side Wipe, Unknown Vehicle hit     Pedestrian,Unknown,Grievious injury,Over speed,Four lanes or more with central divider,Straight road,,Fine,Unknown   Vehicle,P.V,Animals affected,0
28.07.2014,11:00 AM,1279,LHS,Rural,Singarayakonda,Collision Brush/Side Wipe, Lorry hit Median,Lorry,Non injury,Over speed,Single lane,Straight road,,Fine,AP27TU    3519,P.V,Fatal,0
28.07.2014,11:00 AM,1279,LHS,Rural,Singarayakonda,Collision Brush/Side Wipe, Lorry hit Median,Lorry,Non injury,Over speed,Single lane,Straight road,,Fine,AP27TU    3519,P.V,Grevious,0
28.07.2014,11:00 AM,1279,LHS,Rural,Singarayakonda,Collision Brush/Side Wipe, Lorry hit Median,Lorry,Non injury,Over speed,Single lane,Straight road,,Fine,AP27TU    3519,P.V,Minor,0
28.07.2014,11:00 AM,1279,LHS,Rural,Singarayakonda,Collision Brush/Side Wipe, Lorry hit Median,Lorry,Non injury,Over speed,Single lane,Straight road,,Fine,AP27TU    3519,P.V,Non injured ,2
28.07.2014,11:00 AM,1279,LHS,Rural,Singarayakonda,Collision Brush/Side Wipe, Lorry hit Median,Lorry,Non injury,Over speed,Single lane,Straight road,,Fine,AP27TU    3519,P.V,Animals affected,0
28.07.2014,2:43 PM,1195.8,LHS,Rural,Martur,Collision Brush/Side Wipe,Car hit Bridge wall,Car,Non injury,Vehicle out of control,Four lanes or more with central divider,Straight road,,Light rain,AP T/R    8341,P.V,Fatal,0
28.07.2014,2:43 PM,1195.8,LHS,Rural,Martur,Collision Brush/Side Wipe,Car hit Bridge wall,Car,Non injury,Vehicle out of control,Four lanes or more with central divider,Straight road,,Light rain,AP T/R    8341,P.V,Grevious,0
28.07.2014,2:43 PM,1195.8,LHS,Rural,Martur,Collision Brush/Side Wipe,Car hit Bridge wall,Car,Non injury,Vehicle out of control,Four lanes or more with central divider,Straight road,,Light rain,AP T/R    8341,P.V,Minor,0
28.07.2014,2:43 PM,1195.8,LHS,Rural,Martur,Collision Brush/Side Wipe,Car hit Bridge wall,Car,Non injury,Vehicle out of control,Four lanes or more with central divider,Straight road,,Light rain,AP T/R    8341,P.V,Non injured ,2
28.07.2014,2:43 PM,1195.8,LHS,Rural,Martur,Collision Brush/Side Wipe,Car hit Bridge wall,Car,Non injury,Vehicle out of control,Four lanes or more with central divider,Straight road,,Light rain,AP T/R    8341,P.V,Animals affected,0
28.07.2014,9:00 PM,1317.3,LHS,Rural,Kavali,Rear End Collision, Container Vehicle hit Container Vehicle,Container,Non injury,Over speed,Four lanes or more with central divider,Straight road,,Cloudy,TN01AJ     5484,P.V,Fatal,0
28.07.2014,9:00 PM,1317.3,LHS,Rural,Kavali,Rear End Collision, Container Vehicle hit Container Vehicle,Container,Non injury,Over speed,Four lanes or more with central divider,Straight road,,Cloudy,TN01AJ     5484,P.V,Grevious,0
28.07.2014,9:00 PM,1317.3,LHS,Rural,Kavali,Rear End Collision, Container Vehicle hit Container Vehicle,Container,Non injury,Over speed,Four lanes or more with central divider,Straight road,,Cloudy,TN01AJ     5484,P.V,Minor,0
28.07.2014,9:00 PM,1317.3,LHS,Rural,Kavali,Rear End Collision, Container Vehicle hit Container Vehicle,Container,Non injury,Over speed,Four lanes or more with central divider,Straight road,,Cloudy,TN01AJ     5484,P.V,Non injured ,2
28.07.2014,9:00 PM,1317.3,LHS,Rural,Kavali,Rear End Collision, Container Vehicle hit Container Vehicle,Container,Non injury,Over speed,Four lanes or more with central divider,Straight road,,Cloudy,TN01AJ     5484,P.V,Animals affected,0
28.07.2014,10:40 PM,1355.4,RHS,Rural,Kodavaluru,Overturning, Lorry Overturned,Lorry,Minor injury,Vehicle out of control,Four lanes or more with central divider,Straight road,,Fine,AAC          7814,P.V,Fatal,0
28.07.2014,10:40 PM,1355.4,RHS,Rural,Kodavaluru,Overturning, Lorry Overturned,Lorry,Minor injury,Vehicle out of control,Four lanes or more with central divider,Straight road,,Fine,AAC          7814,P.V,Grevious,0
28.07.2014,10:40 PM,1355.4,RHS,Rural,Kodavaluru,Overturning, Lorry Overturned,Lorry,Minor injury,Vehicle out of control,Four lanes or more with central divider,Straight road,,Fine,AAC          7814,P.V,Minor,1
28.07.2014,10:40 PM,1355.4,RHS,Rural,Kodavaluru,Overturning, Lorry Overturned,Lorry,Minor injury,Vehicle out of control,Four lanes or more with central divider,Straight road,,Fine,AAC          7814,P.V,Non injured ,2
28.07.2014,10:40 PM,1355.4,RHS,Rural,Kodavaluru,Overturning, Lorry Overturned,Lorry,Minor injury,Vehicle out of control,Four lanes or more with central divider,Straight road,,Fine,AAC          7814,P.V,Animals affected,0
29.07.2014,6:15 AM,1330.1,RHS,Rural,Kavali,Rear End Collision, Lorry hit Lorry,Lorry,Grievious injury,Fault of driver of motor vehicle/driver of other vehicle/cyclist/pedestrian/passenger,Four lanes or more with central divider,Straight road,,Fine,AP16TV    1555,P.V & AMB,Fatal,0
29.07.2014,6:15 AM,1330.1,RHS,Rural,Kavali,Rear End Collision, Lorry hit Lorry,Lorry,Grievious injury,Fault of driver of motor vehicle/driver of other vehicle/cyclist/pedestrian/passenger,Four lanes or more with central divider,Straight road,,Fine,AP16TV    1555,P.V & AMB,Grevious,1
29.07.2014,6:15 AM,1330.1,RHS,Rural,Kavali,Rear End Collision, Lorry hit Lorry,Lorry,Grievious injury,Fault of driver of motor vehicle/driver of other vehicle/cyclist/pedestrian/passenger,Four lanes or more with central divider,Straight road,,Fine,AP16TV    1555,P.V & AMB,Minor,1
29.07.2014,6:15 AM,1330.1,RHS,Rural,Kavali,Rear End Collision, Lorry hit Lorry,Lorry,Grievious injury,Fault of driver of motor vehicle/driver of other vehicle/cyclist/pedestrian/passenger,Four lanes or more with central divider,Straight road,,Fine,AP16TV    1555,P.V & AMB,Non injured ,0
29.07.2014,6:15 AM,1330.1,RHS,Rural,Kavali,Rear End Collision, Lorry hit Lorry,Lorry,Grievious injury,Fault of driver of motor vehicle/driver of other vehicle/cyclist/pedestrian/passenger,Four lanes or more with central divider,Straight road,,Fine,AP16TV    1555,P.V & AMB,Animals affected,0
29.07.2014,6:05 PM,1209.4,RHS,Rural,Reningavaram,Skidding, Bike   Skidding,Bike,Grievious injury,Over speed,Four lanes or more with central divider,Straight road,,Fine,AP26AK   5968,P.V & AMB,Fatal,0
29.07.2014,6:05 PM,1209.4,RHS,Rural,Reningavaram,Skidding, Bike   Skidding,Bike,Grievious injury,Over speed,Four lanes or more with central divider,Straight road,,Fine,AP26AK   5968,P.V & AMB,Grevious,1
29.07.2014,6:05 PM,1209.4,RHS,Rural,Reningavaram,Skidding, Bike   Skidding,Bike,Grievious injury,Over speed,Four lanes or more with central divider,Straight road,,Fine,AP26AK   5968,P.V & AMB,Minor,0
29.07.2014,6:05 PM,1209.4,RHS,Rural,Reningavaram,Skidding, Bike   Skidding,Bike,Grievious injury,Over speed,Four lanes or more with central divider,Straight road,,Fine,AP26AK   5968,P.V & AMB,Non injured ,0
29.07.2014,6:05 PM,1209.4,RHS,Rural,Reningavaram,Skidding, Bike   Skidding,Bike,Grievious injury,Over speed,Four lanes or more with central divider,Straight road,,Fine,AP26AK   5968,P.V & AMB,Animals affected,0
30.07.2014,12:05 AM,1277.3,RHS,Rural,Singarayakonda,Head on collision,Car hit Lorry,Car,Grievious injury,Fault of driver of motor vehicle/driver of other vehicle/cyclist/pedestrian/passenger,Four lanes or more with central divider,Sharp curve,,Fine,AP 26AQ 9281,P.V,Fatal,0
30.07.2014,12:05 AM,1277.3,RHS,Rural,Singarayakonda,Head on collision,Car hit Lorry,Car,Grievious injury,Fault of driver of motor vehicle/driver of other vehicle/cyclist/pedestrian/passenger,Four lanes or more with central divider,Sharp curve,,Fine,AP 26AQ 9281,P.V,Grevious,1
30.07.2014,12:05 AM,1277.3,RHS,Rural,Singarayakonda,Head on collision,Car hit Lorry,Car,Grievious injury,Fault of driver of motor vehicle/driver of other vehicle/cyclist/pedestrian/passenger,Four lanes or more with central divider,Sharp curve,,Fine,AP 26AQ 9281,P.V,Minor,3
30.07.2014,12:05 AM,1277.3,RHS,Rural,Singarayakonda,Head on collision,Car hit Lorry,Car,Grievious injury,Fault of driver of motor vehicle/driver of other vehicle/cyclist/pedestrian/passenger,Four lanes or more with central divider,Sharp curve,,Fine,AP 26AQ 9281,P.V,Non injured ,2
30.07.2014,12:05 AM,1277.3,RHS,Rural,Singarayakonda,Head on collision,Car hit Lorry,Car,Grievious injury,Fault of driver of motor vehicle/driver of other vehicle/cyclist/pedestrian/passenger,Four lanes or more with central divider,Sharp curve,,Fine,AP 26AQ 9281,P.V,Animals affected,0
30.07.2014,4:19 AM,1310.8,RHS,Rural,Kavali,Collision Brush/Side Wipe,Car hit cc Barrier,Car,Minor injury,Vehicle out of control,Single lane,Straight road,,Fine,AP 27 BW 0830,P.V,Fatal,0
30.07.2014,4:19 AM,1310.8,RHS,Rural,Kavali,Collision Brush/Side Wipe,Car hit cc Barrier,Car,Minor injury,Vehicle out of control,Single lane,Straight road,,Fine,AP 27 BW 0830,P.V,Grevious,0
30.07.2014,4:19 AM,1310.8,RHS,Rural,Kavali,Collision Brush/Side Wipe,Car hit cc Barrier,Car,Minor injury,Vehicle out of control,Single lane,Straight road,,Fine,AP 27 BW 0830,P.V,Minor,1
30.07.2014,4:19 AM,1310.8,RHS,Rural,Kavali,Collision Brush/Side Wipe,Car hit cc Barrier,Car,Minor injury,Vehicle out of control,Single lane,Straight road,,Fine,AP 27 BW 0830,P.V,Non injured ,4
30.07.2014,4:19 AM,1310.8,RHS,Rural,Kavali,Collision Brush/Side Wipe,Car hit cc Barrier,Car,Minor injury,Vehicle out of control,Single lane,Straight road,,Fine,AP 27 BW 0830,P.V,Animals affected,0
30.07.2014,9:30 PM,1272,LHS,Rural,Singarayakonda,Rear End Collision, Tata Ace hit Lorry,Tata Ace,Minor injury,Over speed,Four lanes or more with central divider,Straight road,,Fine,AP26PB  7547,"P,V",Fatal,0
30.07.2014,9:30 PM,1272,LHS,Rural,Singarayakonda,Rear End Collision, Tata Ace hit Lorry,Tata Ace,Minor injury,Over speed,Four lanes or more with central divider,Straight road,,Fine,AP26PB  7547,"P,V",Grevious,0
30.07.2014,9:30 PM,1272,LHS,Rural,Singarayakonda,Rear End Collision, Tata Ace hit Lorry,Tata Ace,Minor injury,Over speed,Four lanes or more with central divider,Straight road,,Fine,AP26PB  7547,"P,V",Minor,1
30.07.2014,9:30 PM,1272,LHS,Rural,Singarayakonda,Rear End Collision, Tata Ace hit Lorry,Tata Ace,Minor injury,Over speed,Four lanes or more with central divider,Straight road,,Fine,AP26PB  7547,"P,V",Non injured ,5
30.07.2014,9:30 PM,1272,LHS,Rural,Singarayakonda,Rear End Collision, Tata Ace hit Lorry,Tata Ace,Minor injury,Over speed,Four lanes or more with central divider,Straight road,,Fine,AP26PB  7547,"P,V",Animals affected,0
31.07.2014,6:30 AM,1243.2,RHS,Urban,Ongole,Right Turn Collision, Mini lorry hit         Median,Lorry,Non injury,Over speed,Four lanes or more with central divider,Straight road,Y-Junction,Fine,AP16TY    3211,P.V,Fatal,0
31.07.2014,6:30 AM,1243.2,RHS,Urban,Ongole,Right Turn Collision, Mini lorry hit         Median,Lorry,Non injury,Over speed,Four lanes or more with central divider,Straight road,Y-Junction,Fine,AP16TY    3211,P.V,Grevious,0
31.07.2014,6:30 AM,1243.2,RHS,Urban,Ongole,Right Turn Collision, Mini lorry hit         Median,Lorry,Non injury,Over speed,Four lanes or more with central divider,Straight road,Y-Junction,Fine,AP16TY    3211,P.V,Minor,0
31.07.2014,6:30 AM,1243.2,RHS,Urban,Ongole,Right Turn Collision, Mini lorry hit         Median,Lorry,Non injury,Over speed,Four lanes or more with central divider,Straight road,Y-Junction,Fine,AP16TY    3211,P.V,Non injured ,2
31.07.2014,6:30 AM,1243.2,RHS,Urban,Ongole,Right Turn Collision, Mini lorry hit         Median,Lorry,Non injury,Over speed,Four lanes or more with central divider,Straight road,Y-Junction,Fine,AP16TY    3211,P.V,Animals affected,0
01.08.2014,11:30 PM,1334.5,LHS,Rural,K.Tippa ,Rear End Collision,RTC Bus hit Oil Tanker,Bus,Grievious injury,Over speed,Four lanes or more with central divider,Straight road,,Fine,AP29Z   0260,P.V,Fatal,0
01.08.2014,11:30 PM,1334.5,LHS,Rural,K.Tippa ,Rear End Collision,RTC Bus hit Oil Tanker,Bus,Grievious injury,Over speed,Four lanes or more with central divider,Straight road,,Fine,AP29Z   0260,P.V,Grevious,1
01.08.2014,11:30 PM,1334.5,LHS,Rural,K.Tippa ,Rear End Collision,RTC Bus hit Oil Tanker,Bus,Grievious injury,Over speed,Four lanes or more with central divider,Straight road,,Fine,AP29Z   0260,P.V,Minor,4
01.08.2014,11:30 PM,1334.5,LHS,Rural,K.Tippa ,Rear End Collision,RTC Bus hit Oil Tanker,Bus,Grievious injury,Over speed,Four lanes or more with central divider,Straight road,,Fine,AP29Z   0260,P.V,Non injured ,8
01.08.2014,11:30 PM,1334.5,LHS,Rural,K.Tippa ,Rear End Collision,RTC Bus hit Oil Tanker,Bus,Grievious injury,Over speed,Four lanes or more with central divider,Straight road,,Fine,AP29Z   0260,P.V,Animals affected,0
02.08.2014,3:20 AM,1277.5,LHS,Rural,Singarayakonda,Rear End Collision,Lorry hit Volvo Bus ,Lorry,Non injury,Druken,Four lanes or more with central divider,Straight road,,Fine,AP29TB     4565,P.V,Fatal,0
02.08.2014,3:20 AM,1277.5,LHS,Rural,Singarayakonda,Rear End Collision,Lorry hit Volvo Bus ,Lorry,Non injury,Druken,Four lanes or more with central divider,Straight road,,Fine,AP29TB     4565,P.V,Grevious,0
02.08.2014,3:20 AM,1277.5,LHS,Rural,Singarayakonda,Rear End Collision,Lorry hit Volvo Bus ,Lorry,Non injury,Druken,Four lanes or more with central divider,Straight road,,Fine,AP29TB     4565,P.V,Minor,0
02.08.2014,3:20 AM,1277.5,LHS,Rural,Singarayakonda,Rear End Collision,Lorry hit Volvo Bus ,Lorry,Non injury,Druken,Four lanes or more with central divider,Straight road,,Fine,AP29TB     4565,P.V,Non injured ,42
02.08.2014,3:20 AM,1277.5,LHS,Rural,Singarayakonda,Rear End Collision,Lorry hit Volvo Bus ,Lorry,Non injury,Druken,Four lanes or more with central divider,Straight road,,Fine,AP29TB     4565,P.V,Animals affected,0
04.08.2014,2:40 AM,1294.5,RHS,Rural,Ulavapadu,Rear End Collision,Mini Lorry hit Unknown Vehicle,Lorry,Non injury,Over speed,Four lanes or more with central divider,Straight road,,Fine,AP09TB    2466,P.V,Fatal,0
04.08.2014,2:40 AM,1294.5,RHS,Rural,Ulavapadu,Rear End Collision,Mini Lorry hit Unknown Vehicle,Lorry,Non injury,Over speed,Four lanes or more with central divider,Straight road,,Fine,AP09TB    2466,P.V,Grevious,0
04.08.2014,2:40 AM,1294.5,RHS,Rural,Ulavapadu,Rear End Collision,Mini Lorry hit Unknown Vehicle,Lorry,Non injury,Over speed,Four lanes or more with central divider,Straight road,,Fine,AP09TB    2466,P.V,Minor,0
04.08.2014,2:40 AM,1294.5,RHS,Rural,Ulavapadu,Rear End Collision,Mini Lorry hit Unknown Vehicle,Lorry,Non injury,Over speed,Four lanes or more with central divider,Straight road,,Fine,AP09TB    2466,P.V,Non injured ,1
04.08.2014,2:40 AM,1294.5,RHS,Rural,Ulavapadu,Rear End Collision,Mini Lorry hit Unknown Vehicle,Lorry,Non injury,Over speed,Four lanes or more with central divider,Straight road,,Fine,AP09TB    2466,P.V,Animals affected,0
04.08.2014,3:10 AM,1334.6,LHS,Rural,K.Tippa ,Collision Brush/Side Wipe, Lorry hit Median,Lorry,Non injury,Over speed,Four lanes or more with central divider,Straight road,,Fine,AP27Y   5249,P.V,Fatal,0
04.08.2014,3:10 AM,1334.6,LHS,Rural,K.Tippa ,Collision Brush/Side Wipe, Lorry hit Median,Lorry,Non injury,Over speed,Four lanes or more with central divider,Straight road,,Fine,AP27Y   5249,P.V,Grevious,0
04.08.2014,3:10 AM,1334.6,LHS,Rural,K.Tippa ,Collision Brush/Side Wipe, Lorry hit Median,Lorry,Non injury,Over speed,Four lanes or more with central divider,Straight road,,Fine,AP27Y   5249,P.V,Minor,0
04.08.2014,3:10 AM,1334.6,LHS,Rural,K.Tippa ,Collision Brush/Side Wipe, Lorry hit Median,Lorry,Non injury,Over speed,Four lanes or more with central divider,Straight road,,Fine,AP27Y   5249,P.V,Non injured ,1
04.08.2014,3:10 AM,1334.6,LHS,Rural,K.Tippa ,Collision Brush/Side Wipe, Lorry hit Median,Lorry,Non injury,Over speed,Four lanes or more with central divider,Straight road,,Fine,AP27Y   5249,P.V,Animals affected,0
04.08.2014,10:20 AM,1259.6,RHS,Rural,Tangutur,Collision Brush/Side Wipe, Bike hit  Tipper,Bike,Minor injury,Over speed,Four lanes or more with central divider,Straight road,,Fine,AP27M   6370,AMB,Fatal,0
04.08.2014,10:20 AM,1259.6,RHS,Rural,Tangutur,Collision Brush/Side Wipe, Bike hit  Tipper,Bike,Minor injury,Over speed,Four lanes or more with central divider,Straight road,,Fine,AP27M   6370,AMB,Grevious,0
04.08.2014,10:20 AM,1259.6,RHS,Rural,Tangutur,Collision Brush/Side Wipe, Bike hit  Tipper,Bike,Minor injury,Over speed,Four lanes or more with central divider,Straight road,,Fine,AP27M   6370,AMB,Minor,1
04.08.2014,10:20 AM,1259.6,RHS,Rural,Tangutur,Collision Brush/Side Wipe, Bike hit  Tipper,Bike,Minor injury,Over speed,Four lanes or more with central divider,Straight road,,Fine,AP27M   6370,AMB,Non injured ,0
04.08.2014,10:20 AM,1259.6,RHS,Rural,Tangutur,Collision Brush/Side Wipe, Bike hit  Tipper,Bike,Minor injury,Over speed,Four lanes or more with central divider,Straight road,,Fine,AP27M   6370,AMB,Animals affected,0
04.08.2014,12:06 PM,1198.2,LHS,Rural,Martur,Head on collision, Bike hit Bike,Bike,Minor injury,Over speed,Four lanes or more with central divider,Straight road,,Fine,AP27AH   4970,P.V & AMB,Fatal,0
04.08.2014,12:06 PM,1198.2,LHS,Rural,Martur,Head on collision, Bike hit Bike,Bike,Minor injury,Over speed,Four lanes or more with central divider,Straight road,,Fine,AP27AH   4970,P.V & AMB,Grevious,0
04.08.2014,12:06 PM,1198.2,LHS,Rural,Martur,Head on collision, Bike hit Bike,Bike,Minor injury,Over speed,Four lanes or more with central divider,Straight road,,Fine,AP27AH   4970,P.V & AMB,Minor,2
04.08.2014,12:06 PM,1198.2,LHS,Rural,Martur,Head on collision, Bike hit Bike,Bike,Minor injury,Over speed,Four lanes or more with central divider,Straight road,,Fine,AP27AH   4970,P.V & AMB,Non injured ,0
04.08.2014,12:06 PM,1198.2,LHS,Rural,Martur,Head on collision, Bike hit Bike,Bike,Minor injury,Over speed,Four lanes or more with central divider,Straight road,,Fine,AP27AH   4970,P.V & AMB,Animals affected,0
05.08.2014,3:50 PM,1322.1,LHS,Rural,Kavali,Skidding, Bike Skidding,Bike,Minor injury,Druken,Four lanes or more with central divider,Straight road,,Fine,AP27J   1158,AMB,Fatal,0
05.08.2014,3:50 PM,1322.1,LHS,Rural,Kavali,Skidding, Bike Skidding,Bike,Minor injury,Druken,Four lanes or more with central divider,Straight road,,Fine,AP27J   1158,AMB,Grevious,0
05.08.2014,3:50 PM,1322.1,LHS,Rural,Kavali,Skidding, Bike Skidding,Bike,Minor injury,Druken,Four lanes or more with central divider,Straight road,,Fine,AP27J   1158,AMB,Minor,1
05.08.2014,3:50 PM,1322.1,LHS,Rural,Kavali,Skidding, Bike Skidding,Bike,Minor injury,Druken,Four lanes or more with central divider,Straight road,,Fine,AP27J   1158,AMB,Non injured ,0
05.08.2014,3:50 PM,1322.1,LHS,Rural,Kavali,Skidding, Bike Skidding,Bike,Minor injury,Druken,Four lanes or more with central divider,Straight road,,Fine,AP27J   1158,AMB,Animals affected,0
05.08.2014,4:22 PM,1242.3,LHS,Urban,Ongole,Rear End Collision, Lorry hit Tractor hit Auto,Lorry,Non injury,Vehicle out of control,Four lanes or more with central divider,Straight road,,Fine,AP26TT  7567,P.V,Fatal,0
05.08.2014,4:22 PM,1242.3,LHS,Urban,Ongole,Rear End Collision, Lorry hit Tractor hit Auto,Lorry,Non injury,Vehicle out of control,Four lanes or more with central divider,Straight road,,Fine,AP26TT  7567,P.V,Grevious,0
05.08.2014,4:22 PM,1242.3,LHS,Urban,Ongole,Rear End Collision, Lorry hit Tractor hit Auto,Lorry,Non injury,Vehicle out of control,Four lanes or more with central divider,Straight road,,Fine,AP26TT  7567,P.V,Minor,0
05.08.2014,4:22 PM,1242.3,LHS,Urban,Ongole,Rear End Collision, Lorry hit Tractor hit Auto,Lorry,Non injury,Vehicle out of control,Four lanes or more with central divider,Straight road,,Fine,AP26TT  7567,P.V,Non injured ,9
05.08.2014,4:22 PM,1242.3,LHS,Urban,Ongole,Rear End Collision, Lorry hit Tractor hit Auto,Lorry,Non injury,Vehicle out of control,Four lanes or more with central divider,Straight road,,Fine,AP26TT  7567,P.V,Animals affected,0
06.08.2014,3:07 PM,1220.9,LHS,Rural,Medarametla,Rear End Collision,Lorry hit Water Tanker,Lorry,Grievious injury,Over speed,Four lanes or more with central divider,Straight road,,Fine,AP35V      1389,P.V & AMB,Fatal,0
06.08.2014,3:07 PM,1220.9,LHS,Rural,Medarametla,Rear End Collision,Lorry hit Water Tanker,Lorry,Grievious injury,Over speed,Four lanes or more with central divider,Straight road,,Fine,AP35V      1389,P.V & AMB,Grevious,1
06.08.2014,3:07 PM,1220.9,LHS,Rural,Medarametla,Rear End Collision,Lorry hit Water Tanker,Lorry,Grievious injury,Over speed,Four lanes or more with central divider,Straight road,,Fine,AP35V      1389,P.V & AMB,Minor,0
06.08.2014,3:07 PM,1220.9,LHS,Rural,Medarametla,Rear End Collision,Lorry hit Water Tanker,Lorry,Grievious injury,Over speed,Four lanes or more with central divider,Straight road,,Fine,AP35V      1389,P.V & AMB,Non injured ,1
06.08.2014,3:07 PM,1220.9,LHS,Rural,Medarametla,Rear End Collision,Lorry hit Water Tanker,Lorry,Grievious injury,Over speed,Four lanes or more with central divider,Straight road,,Fine,AP35V      1389,P.V & AMB,Animals affected,0
06.08.2014,11:27 PM,1238.8,LHS,Rural,Maddipadu,Collision Brush/Side Wipe, Unknown Vehicle hit   Bike,Unknown,Fatal,Over speed,Four lanes or more with central divider,Straight road,,Fine,AP27AU         1308,P.V,Fatal,2
06.08.2014,11:27 PM,1238.8,LHS,Rural,Maddipadu,Collision Brush/Side Wipe, Unknown Vehicle hit   Bike,Unknown,Fatal,Over speed,Four lanes or more with central divider,Straight road,,Fine,AP27AU         1308,P.V,Grevious,0
06.08.2014,11:27 PM,1238.8,LHS,Rural,Maddipadu,Collision Brush/Side Wipe, Unknown Vehicle hit   Bike,Unknown,Fatal,Over speed,Four lanes or more with central divider,Straight road,,Fine,AP27AU         1308,P.V,Minor,1
06.08.2014,11:27 PM,1238.8,LHS,Rural,Maddipadu,Collision Brush/Side Wipe, Unknown Vehicle hit   Bike,Unknown,Fatal,Over speed,Four lanes or more with central divider,Straight road,,Fine,AP27AU         1308,P.V,Non injured ,0
06.08.2014,11:27 PM,1238.8,LHS,Rural,Maddipadu,Collision Brush/Side Wipe, Unknown Vehicle hit   Bike,Unknown,Fatal,Over speed,Four lanes or more with central divider,Straight road,,Fine,AP27AU         1308,P.V,Animals affected,0
07.08.2014,11:51 AM,1326.3,RHS,Rural,Kavali,Skidding, Bike Skidding,Bike,Grievious injury,Vehicle out of control,Four lanes or more with central divider,Straight road,,Fine,AP26AB 776,AMB,Fatal,0
07.08.2014,11:51 AM,1326.3,RHS,Rural,Kavali,Skidding, Bike Skidding,Bike,Grievious injury,Vehicle out of control,Four lanes or more with central divider,Straight road,,Fine,AP26AB 776,AMB,Grevious,1
07.08.2014,11:51 AM,1326.3,RHS,Rural,Kavali,Skidding, Bike Skidding,Bike,Grievious injury,Vehicle out of control,Four lanes or more with central divider,Straight road,,Fine,AP26AB 776,AMB,Minor,0