Operational date,Time of Accident,KM && M,Position,Rural/Urban,Location,Nature of Accident Position,Nature of Accident,Vehicle Involved,Type of Accident,Causes,Road Feature,Road condition,Intersection Type And Control,Weather Condition,Vehicle Responsible,Help Provided by Ambulance/Patroling Vehicle,Classification of Accident,No of Affected Persons
07.08.2014,11:51 AM,1326.3,RHS,Rural,Kavali,Skidding, Bike Skidding,Bike,Grievious injury,Vehicle out of control,Four lanes or more with central divider,Straight road,,Fine,AP26AB 776,AMB,Non injured ,0
07.08.2014,11:51 AM,1326.3,RHS,Rural,Kavali,Skidding, Bike Skidding,Bike,Grievious injury,Vehicle out of control,Four lanes or more with central divider,Straight road,,Fine,AP26AB 776,AMB,Animals affected,0
07.08.2014,2:55 PM,1343.6,RHS,Rural,Dagadarthi,Collision Brush/Side Wipe, Car hit Bike,Car,Minor injury,Over speed,Two lanes,Straight road,,Fine,AP03UJ  T/R 9989,P.V & AMB,Fatal,0
07.08.2014,2:55 PM,1343.6,RHS,Rural,Dagadarthi,Collision Brush/Side Wipe, Car hit Bike,Car,Minor injury,Over speed,Two lanes,Straight road,,Fine,AP03UJ  T/R 9989,P.V & AMB,Grevious,0
07.08.2014,2:55 PM,1343.6,RHS,Rural,Dagadarthi,Collision Brush/Side Wipe, Car hit Bike,Car,Minor injury,Over speed,Two lanes,Straight road,,Fine,AP03UJ  T/R 9989,P.V & AMB,Minor,1
07.08.2014,2:55 PM,1343.6,RHS,Rural,Dagadarthi,Collision Brush/Side Wipe, Car hit Bike,Car,Minor injury,Over speed,Two lanes,Straight road,,Fine,AP03UJ  T/R 9989,P.V & AMB,Non injured ,2
07.08.2014,2:55 PM,1343.6,RHS,Rural,Dagadarthi,Collision Brush/Side Wipe, Car hit Bike,Car,Minor injury,Over speed,Two lanes,Straight road,,Fine,AP03UJ  T/R 9989,P.V & AMB,Animals affected,0
07.08.2014,3:00 PM,1221.2,LHS,Rural,Medarametla,Left Turn Collision, APSRTC Bus hit Bike,Bus,Fatal,Over speed,Three lanes or more without central divider(median),Straight road,Y-Junction,Fine,AP28Z    5762,P.V & AMB,Fatal,1
07.08.2014,3:00 PM,1221.2,LHS,Rural,Medarametla,Left Turn Collision, APSRTC Bus hit Bike,Bus,Fatal,Over speed,Three lanes or more without central divider(median),Straight road,Y-Junction,Fine,AP28Z    5762,P.V & AMB,Grevious,1
07.08.2014,3:00 PM,1221.2,LHS,Rural,Medarametla,Left Turn Collision, APSRTC Bus hit Bike,Bus,Fatal,Over speed,Three lanes or more without central divider(median),Straight road,Y-Junction,Fine,AP28Z    5762,P.V & AMB,Minor,0
07.08.2014,3:00 PM,1221.2,LHS,Rural,Medarametla,Left Turn Collision, APSRTC Bus hit Bike,Bus,Fatal,Over speed,Three lanes or more without central divider(median),Straight road,Y-Junction,Fine,AP28Z    5762,P.V & AMB,Non injured ,7
07.08.2014,3:00 PM,1221.2,LHS,Rural,Medarametla,Left Turn Collision, APSRTC Bus hit Bike,Bus,Fatal,Over speed,Three lanes or more without central divider(median),Straight road,Y-Junction,Fine,AP28Z    5762,P.V & AMB,Animals affected,0
08.08.2014,12:15 AM,1243.3,RHS,Urban,Ongole,Right Turn Collision, Lorry  hit    Lorry,Lorry,Grievious injury,Druken,Three lanes or more without central divider(median),Straight road,Y-Junction,Fine,AP26U    5724,P.V,Fatal,0
08.08.2014,12:15 AM,1243.3,RHS,Urban,Ongole,Right Turn Collision, Lorry  hit    Lorry,Lorry,Grievious injury,Druken,Three lanes or more without central divider(median),Straight road,Y-Junction,Fine,AP26U    5724,P.V,Grevious,1
08.08.2014,12:15 AM,1243.3,RHS,Urban,Ongole,Right Turn Collision, Lorry  hit    Lorry,Lorry,Grievious injury,Druken,Three lanes or more without central divider(median),Straight road,Y-Junction,Fine,AP26U    5724,P.V,Minor,0
08.08.2014,12:15 AM,1243.3,RHS,Urban,Ongole,Right Turn Collision, Lorry  hit    Lorry,Lorry,Grievious injury,Druken,Three lanes or more without central divider(median),Straight road,Y-Junction,Fine,AP26U    5724,P.V,Non injured ,0
08.08.2014,12:15 AM,1243.3,RHS,Urban,Ongole,Right Turn Collision, Lorry  hit    Lorry,Lorry,Grievious injury,Druken,Three lanes or more without central divider(median),Straight road,Y-Junction,Fine,AP26U    5724,P.V,Animals affected,0
08.08.2014,8:07 AM,1277.5,LHS,Rural,Singarayakonda,Overturning, Lorry Over Turned,Lorry,Non injury,Vehicle out of control,Four lanes or more with central divider,Straight road,,Fine,AP24TB  0808,P.V,Fatal,0
08.08.2014,8:07 AM,1277.5,LHS,Rural,Singarayakonda,Overturning, Lorry Over Turned,Lorry,Non injury,Vehicle out of control,Four lanes or more with central divider,Straight road,,Fine,AP24TB  0808,P.V,Grevious,0
08.08.2014,8:07 AM,1277.5,LHS,Rural,Singarayakonda,Overturning, Lorry Over Turned,Lorry,Non injury,Vehicle out of control,Four lanes or more with central divider,Straight road,,Fine,AP24TB  0808,P.V,Minor,0
08.08.2014,8:07 AM,1277.5,LHS,Rural,Singarayakonda,Overturning, Lorry Over Turned,Lorry,Non injury,Vehicle out of control,Four lanes or more with central divider,Straight road,,Fine,AP24TB  0808,P.V,Non injured ,3
08.08.2014,8:07 AM,1277.5,LHS,Rural,Singarayakonda,Overturning, Lorry Over Turned,Lorry,Non injury,Vehicle out of control,Four lanes or more with central divider,Straight road,,Fine,AP24TB  0808,P.V,Animals affected,0
09.08.2014,1:25 AM,1199.3,LHS,Rural,Reningavaram,Rear End Collision, Lorry hit Lorry,Lorry,Grievious injury,Druken,Four lanes or more with central divider,Straight road,,Light rain,TN29AV  2102,P.V & AMB,Fatal,0
09.08.2014,1:25 AM,1199.3,LHS,Rural,Reningavaram,Rear End Collision, Lorry hit Lorry,Lorry,Grievious injury,Druken,Four lanes or more with central divider,Straight road,,Light rain,TN29AV  2102,P.V & AMB,Grevious,2
09.08.2014,1:25 AM,1199.3,LHS,Rural,Reningavaram,Rear End Collision, Lorry hit Lorry,Lorry,Grievious injury,Druken,Four lanes or more with central divider,Straight road,,Light rain,TN29AV  2102,P.V & AMB,Minor,0
09.08.2014,1:25 AM,1199.3,LHS,Rural,Reningavaram,Rear End Collision, Lorry hit Lorry,Lorry,Grievious injury,Druken,Four lanes or more with central divider,Straight road,,Light rain,TN29AV  2102,P.V & AMB,Non injured ,0
09.08.2014,1:25 AM,1199.3,LHS,Rural,Reningavaram,Rear End Collision, Lorry hit Lorry,Lorry,Grievious injury,Druken,Four lanes or more with central divider,Straight road,,Light rain,TN29AV  2102,P.V & AMB,Animals affected,0
09.08.2014,4:00 AM,1190.9,LHS,Rural,Martur,Rear End Collision, Car hit Tata Ace Vehicle,Car,Minor injury,Over speed,Four lanes or more with central divider,Straight road,,Fine,AP07UN T/R1428,P.V,Fatal,0
09.08.2014,4:00 AM,1190.9,LHS,Rural,Martur,Rear End Collision, Car hit Tata Ace Vehicle,Car,Minor injury,Over speed,Four lanes or more with central divider,Straight road,,Fine,AP07UN T/R1428,P.V,Grevious,0
09.08.2014,4:00 AM,1190.9,LHS,Rural,Martur,Rear End Collision, Car hit Tata Ace Vehicle,Car,Minor injury,Over speed,Four lanes or more with central divider,Straight road,,Fine,AP07UN T/R1428,P.V,Minor,2
09.08.2014,4:00 AM,1190.9,LHS,Rural,Martur,Rear End Collision, Car hit Tata Ace Vehicle,Car,Minor injury,Over speed,Four lanes or more with central divider,Straight road,,Fine,AP07UN T/R1428,P.V,Non injured ,0
09.08.2014,4:00 AM,1190.9,LHS,Rural,Martur,Rear End Collision, Car hit Tata Ace Vehicle,Car,Minor injury,Over speed,Four lanes or more with central divider,Straight road,,Fine,AP07UN T/R1428,P.V,Animals affected,0
10.08.2014,6:55 AM,1363.1,LHS,Rural,Kovuru,Collision Brush/Side Wipe, Car hit Container Vehicle,Car,Minor injury,Over speed,Four lanes or more with central divider,Sharp curve,,Fine,AP29J   9797,P.V,Fatal,0
10.08.2014,6:55 AM,1363.1,LHS,Rural,Kovuru,Collision Brush/Side Wipe, Car hit Container Vehicle,Car,Minor injury,Over speed,Four lanes or more with central divider,Sharp curve,,Fine,AP29J   9797,P.V,Grevious,0
10.08.2014,6:55 AM,1363.1,LHS,Rural,Kovuru,Collision Brush/Side Wipe, Car hit Container Vehicle,Car,Minor injury,Over speed,Four lanes or more with central divider,Sharp curve,,Fine,AP29J   9797,P.V,Minor,1
10.08.2014,6:55 AM,1363.1,LHS,Rural,Kovuru,Collision Brush/Side Wipe, Car hit Container Vehicle,Car,Minor injury,Over speed,Four lanes or more with central divider,Sharp curve,,Fine,AP29J   9797,P.V,Non injured ,3
10.08.2014,6:55 AM,1363.1,LHS,Rural,Kovuru,Collision Brush/Side Wipe, Car hit Container Vehicle,Car,Minor injury,Over speed,Four lanes or more with central divider,Sharp curve,,Fine,AP29J   9797,P.V,Animals affected,0
10.08.2014,7:45 PM,1263.1,LHS,Rural,Tangutur,Collision Brush/Side Wipe, Car hit C.C Barrier,Car,Non injury,Vehicle out of control,Four lanes or more with central divider,Straight road,,Fine,AP16AB    6345,P.V,Fatal,0
10.08.2014,7:45 PM,1263.1,LHS,Rural,Tangutur,Collision Brush/Side Wipe, Car hit C.C Barrier,Car,Non injury,Vehicle out of control,Four lanes or more with central divider,Straight road,,Fine,AP16AB    6345,P.V,Grevious,0
10.08.2014,7:45 PM,1263.1,LHS,Rural,Tangutur,Collision Brush/Side Wipe, Car hit C.C Barrier,Car,Non injury,Vehicle out of control,Four lanes or more with central divider,Straight road,,Fine,AP16AB    6345,P.V,Minor,0
10.08.2014,7:45 PM,1263.1,LHS,Rural,Tangutur,Collision Brush/Side Wipe, Car hit C.C Barrier,Car,Non injury,Vehicle out of control,Four lanes or more with central divider,Straight road,,Fine,AP16AB    6345,P.V,Non injured ,1
10.08.2014,7:45 PM,1263.1,LHS,Rural,Tangutur,Collision Brush/Side Wipe, Car hit C.C Barrier,Car,Non injury,Vehicle out of control,Four lanes or more with central divider,Straight road,,Fine,AP16AB    6345,P.V,Animals affected,0
11.08.2014,12:05 AM,1301.6,RHS,Rural,Gudluru,Rear End Collision, Lorry  hit    Lorry,Lorry,Fatal,Over speed,Four lanes or more with central divider,Straight road,,Fine,AP03X    6877,P.V,Fatal,1
11.08.2014,12:05 AM,1301.6,RHS,Rural,Gudluru,Rear End Collision, Lorry  hit    Lorry,Lorry,Fatal,Over speed,Four lanes or more with central divider,Straight road,,Fine,AP03X    6877,P.V,Grevious,0
11.08.2014,12:05 AM,1301.6,RHS,Rural,Gudluru,Rear End Collision, Lorry  hit    Lorry,Lorry,Fatal,Over speed,Four lanes or more with central divider,Straight road,,Fine,AP03X    6877,P.V,Minor,0
11.08.2014,12:05 AM,1301.6,RHS,Rural,Gudluru,Rear End Collision, Lorry  hit    Lorry,Lorry,Fatal,Over speed,Four lanes or more with central divider,Straight road,,Fine,AP03X    6877,P.V,Non injured ,3
11.08.2014,12:05 AM,1301.6,RHS,Rural,Gudluru,Rear End Collision, Lorry  hit    Lorry,Lorry,Fatal,Over speed,Four lanes or more with central divider,Straight road,,Fine,AP03X    6877,P.V,Animals affected,0
11.08.2014,11:22 AM,1260.8,LHS,Rural,Tangutur,Skidding, Bike Skidding,Bike,Grievious injury,Over speed,Four lanes or more with central divider,Straight road,,Fine,AP09CQ   6408,P.V & AMB,Fatal,0
11.08.2014,11:22 AM,1260.8,LHS,Rural,Tangutur,Skidding, Bike Skidding,Bike,Grievious injury,Over speed,Four lanes or more with central divider,Straight road,,Fine,AP09CQ   6408,P.V & AMB,Grevious,1
11.08.2014,11:22 AM,1260.8,LHS,Rural,Tangutur,Skidding, Bike Skidding,Bike,Grievious injury,Over speed,Four lanes or more with central divider,Straight road,,Fine,AP09CQ   6408,P.V & AMB,Minor,1
11.08.2014,11:22 AM,1260.8,LHS,Rural,Tangutur,Skidding, Bike Skidding,Bike,Grievious injury,Over speed,Four lanes or more with central divider,Straight road,,Fine,AP09CQ   6408,P.V & AMB,Non injured ,0
11.08.2014,11:22 AM,1260.8,LHS,Rural,Tangutur,Skidding, Bike Skidding,Bike,Grievious injury,Over speed,Four lanes or more with central divider,Straight road,,Fine,AP09CQ   6408,P.V & AMB,Animals affected,0
11.08.2014,5:22 PM,1274.3,LHS,Rural,Singarayakonda,Collision Brush/Side Wipe," Tata Ace Vehicle Went out, Off  Road to",Tata Ace,Minor injury,Vehicle out of control,Four lanes or more with central divider,Straight road,,Fine,AP02TB       5648,P.V,Fatal,0
11.08.2014,5:22 PM,1274.3,LHS,Rural,Singarayakonda,Collision Brush/Side Wipe," Tata Ace Vehicle Went out, Off  Road to",Tata Ace,Minor injury,Vehicle out of control,Four lanes or more with central divider,Straight road,,Fine,AP02TB       5648,P.V,Grevious,0
11.08.2014,5:22 PM,1274.3,LHS,Rural,Singarayakonda,Collision Brush/Side Wipe," Tata Ace Vehicle Went out, Off  Road to",Tata Ace,Minor injury,Vehicle out of control,Four lanes or more with central divider,Straight road,,Fine,AP02TB       5648,P.V,Minor,1
11.08.2014,5:22 PM,1274.3,LHS,Rural,Singarayakonda,Collision Brush/Side Wipe," Tata Ace Vehicle Went out, Off  Road to",Tata Ace,Minor injury,Vehicle out of control,Four lanes or more with central divider,Straight road,,Fine,AP02TB       5648,P.V,Non injured ,0
11.08.2014,5:22 PM,1274.3,LHS,Rural,Singarayakonda,Collision Brush/Side Wipe," Tata Ace Vehicle Went out, Off  Road to",Tata Ace,Minor injury,Vehicle out of control,Four lanes or more with central divider,Straight road,,Fine,AP02TB       5648,P.V,Animals affected,0
11.08.2014,7:30 PM,1209.2,RHS,Rural,Reningavaram,Skidding, Bike Skidding,Bike,Grievious injury,Vehicle out of control,Four lanes or more with central divider,Straight road,,Fine,AP27P   2214,P.V,Fatal,0
11.08.2014,7:30 PM,1209.2,RHS,Rural,Reningavaram,Skidding, Bike Skidding,Bike,Grievious injury,Vehicle out of control,Four lanes or more with central divider,Straight road,,Fine,AP27P   2214,P.V,Grevious,2
11.08.2014,7:30 PM,1209.2,RHS,Rural,Reningavaram,Skidding, Bike Skidding,Bike,Grievious injury,Vehicle out of control,Four lanes or more with central divider,Straight road,,Fine,AP27P   2214,P.V,Minor,0
11.08.2014,7:30 PM,1209.2,RHS,Rural,Reningavaram,Skidding, Bike Skidding,Bike,Grievious injury,Vehicle out of control,Four lanes or more with central divider,Straight road,,Fine,AP27P   2214,P.V,Non injured ,0
11.08.2014,7:30 PM,1209.2,RHS,Rural,Reningavaram,Skidding, Bike Skidding,Bike,Grievious injury,Vehicle out of control,Four lanes or more with central divider,Straight road,,Fine,AP27P   2214,P.V,Animals affected,0
11.08.2014,9:00 PM,1187.9,LHS,Rural,Martur,Others(p1.Specific),Container Vehicle Fired,Container,Non injury,Defect in mechanical condition of motor vehicle/road condition,Four lanes or more with central divider,Straight road,,Fine,AP07DC    8847,P.V,Fatal,0
11.08.2014,9:00 PM,1187.9,LHS,Rural,Martur,Others(p1.Specific),Container Vehicle Fired,Container,Non injury,Defect in mechanical condition of motor vehicle/road condition,Four lanes or more with central divider,Straight road,,Fine,AP07DC    8847,P.V,Grevious,0
11.08.2014,9:00 PM,1187.9,LHS,Rural,Martur,Others(p1.Specific),Container Vehicle Fired,Container,Non injury,Defect in mechanical condition of motor vehicle/road condition,Four lanes or more with central divider,Straight road,,Fine,AP07DC    8847,P.V,Minor,0
11.08.2014,9:00 PM,1187.9,LHS,Rural,Martur,Others(p1.Specific),Container Vehicle Fired,Container,Non injury,Defect in mechanical condition of motor vehicle/road condition,Four lanes or more with central divider,Straight road,,Fine,AP07DC    8847,P.V,Non injured ,2
11.08.2014,9:00 PM,1187.9,LHS,Rural,Martur,Others(p1.Specific),Container Vehicle Fired,Container,Non injury,Defect in mechanical condition of motor vehicle/road condition,Four lanes or more with central divider,Straight road,,Fine,AP07DC    8847,P.V,Animals affected,0
12.08.2014,4:40 AM,1323.5,LHS,Rural,Kavali,Overturning, Tata Ace Truck Overturned,Tata Ace,Non injury,Vehicle out of control,Four lanes or more with central divider,Slight curve,Y-Junction,Fine,AP26TB       9752,P.V,Fatal,0
12.08.2014,4:40 AM,1323.5,LHS,Rural,Kavali,Overturning, Tata Ace Truck Overturned,Tata Ace,Non injury,Vehicle out of control,Four lanes or more with central divider,Slight curve,Y-Junction,Fine,AP26TB       9752,P.V,Grevious,0
12.08.2014,4:40 AM,1323.5,LHS,Rural,Kavali,Overturning, Tata Ace Truck Overturned,Tata Ace,Non injury,Vehicle out of control,Four lanes or more with central divider,Slight curve,Y-Junction,Fine,AP26TB       9752,P.V,Minor,0
12.08.2014,4:40 AM,1323.5,LHS,Rural,Kavali,Overturning, Tata Ace Truck Overturned,Tata Ace,Non injury,Vehicle out of control,Four lanes or more with central divider,Slight curve,Y-Junction,Fine,AP26TB       9752,P.V,Non injured ,1
12.08.2014,4:40 AM,1323.5,LHS,Rural,Kavali,Overturning, Tata Ace Truck Overturned,Tata Ace,Non injury,Vehicle out of control,Four lanes or more with central divider,Slight curve,Y-Junction,Fine,AP26TB       9752,P.V,Animals affected,0
12.08.2014,8:30 AM,1282.1,LHS,Rural,Singarayakonda,Collision Brush/Side Wipe," Car went out,Off  Road towards ROW",Car,Minor injury,Vehicle out of control,Four lanes or more with central divider,Straight road,,Fine,TY01BU    1980,P.V,Fatal,0
12.08.2014,8:30 AM,1282.1,LHS,Rural,Singarayakonda,Collision Brush/Side Wipe," Car went out,Off  Road towards ROW",Car,Minor injury,Vehicle out of control,Four lanes or more with central divider,Straight road,,Fine,TY01BU    1980,P.V,Grevious,0
12.08.2014,8:30 AM,1282.1,LHS,Rural,Singarayakonda,Collision Brush/Side Wipe," Car went out,Off  Road towards ROW",Car,Minor injury,Vehicle out of control,Four lanes or more with central divider,Straight road,,Fine,TY01BU    1980,P.V,Minor,3
12.08.2014,8:30 AM,1282.1,LHS,Rural,Singarayakonda,Collision Brush/Side Wipe," Car went out,Off  Road towards ROW",Car,Minor injury,Vehicle out of control,Four lanes or more with central divider,Straight road,,Fine,TY01BU    1980,P.V,Non injured ,1
12.08.2014,8:30 AM,1282.1,LHS,Rural,Singarayakonda,Collision Brush/Side Wipe," Car went out,Off  Road towards ROW",Car,Minor injury,Vehicle out of control,Four lanes or more with central divider,Straight road,,Fine,TY01BU    1980,P.V,Animals affected,0
13.08.2014,3:05 AM,1197.6,LHS,Rural,Martur,Head on collision, Unknown Vehicle hit   Auto,Unknown,Grievious injury,Vehicle out of control,Four lanes or more with central divider,Straight road,,Fine,Unknown    Vehicle,P.V & AMB,Fatal,0
13.08.2014,3:05 AM,1197.6,LHS,Rural,Martur,Head on collision, Unknown Vehicle hit   Auto,Unknown,Grievious injury,Vehicle out of control,Four lanes or more with central divider,Straight road,,Fine,Unknown    Vehicle,P.V & AMB,Grevious,1
13.08.2014,3:05 AM,1197.6,LHS,Rural,Martur,Head on collision, Unknown Vehicle hit   Auto,Unknown,Grievious injury,Vehicle out of control,Four lanes or more with central divider,Straight road,,Fine,Unknown    Vehicle,P.V & AMB,Minor,0
13.08.2014,3:05 AM,1197.6,LHS,Rural,Martur,Head on collision, Unknown Vehicle hit   Auto,Unknown,Grievious injury,Vehicle out of control,Four lanes or more with central divider,Straight road,,Fine,Unknown    Vehicle,P.V & AMB,Non injured ,0
13.08.2014,3:05 AM,1197.6,LHS,Rural,Martur,Head on collision, Unknown Vehicle hit   Auto,Unknown,Grievious injury,Vehicle out of control,Four lanes or more with central divider,Straight road,,Fine,Unknown    Vehicle,P.V & AMB,Animals affected,0
13.08.2014,6:40 AM,1202.4,RHS,Rural,Reningavaram,Rear End Collision,Oil Tanker hit Unknown Vehicle,Tanker,Non injury,Over speed,Four lanes or more with central divider,Straight road,,Fine,AP26TT 3344   ,P.V,Fatal,0
13.08.2014,6:40 AM,1202.4,RHS,Rural,Reningavaram,Rear End Collision,Oil Tanker hit Unknown Vehicle,Tanker,Non injury,Over speed,Four lanes or more with central divider,Straight road,,Fine,AP26TT 3344   ,P.V,Grevious,0
13.08.2014,6:40 AM,1202.4,RHS,Rural,Reningavaram,Rear End Collision,Oil Tanker hit Unknown Vehicle,Tanker,Non injury,Over speed,Four lanes or more with central divider,Straight road,,Fine,AP26TT 3344   ,P.V,Minor,0
13.08.2014,6:40 AM,1202.4,RHS,Rural,Reningavaram,Rear End Collision,Oil Tanker hit Unknown Vehicle,Tanker,Non injury,Over speed,Four lanes or more with central divider,Straight road,,Fine,AP26TT 3344   ,P.V,Non injured ,1
13.08.2014,6:40 AM,1202.4,RHS,Rural,Reningavaram,Rear End Collision,Oil Tanker hit Unknown Vehicle,Tanker,Non injury,Over speed,Four lanes or more with central divider,Straight road,,Fine,AP26TT 3344   ,P.V,Animals affected,0
13.08.2014,3:55 PM,1290.1,RHS,Rural,Ulavapadu,Rear End Collision, Lorry hit Tanker Lorry ,Lorry,Grievious injury,Over speed,Four lanes or more with central divider,Straight road,,Fine,AP27TT    7557,P.V,Fatal,0
13.08.2014,3:55 PM,1290.1,RHS,Rural,Ulavapadu,Rear End Collision, Lorry hit Tanker Lorry ,Lorry,Grievious injury,Over speed,Four lanes or more with central divider,Straight road,,Fine,AP27TT    7557,P.V,Grevious,1
13.08.2014,3:55 PM,1290.1,RHS,Rural,Ulavapadu,Rear End Collision, Lorry hit Tanker Lorry ,Lorry,Grievious injury,Over speed,Four lanes or more with central divider,Straight road,,Fine,AP27TT    7557,P.V,Minor,0
13.08.2014,3:55 PM,1290.1,RHS,Rural,Ulavapadu,Rear End Collision, Lorry hit Tanker Lorry ,Lorry,Grievious injury,Over speed,Four lanes or more with central divider,Straight road,,Fine,AP27TT    7557,P.V,Non injured ,1
13.08.2014,3:55 PM,1290.1,RHS,Rural,Ulavapadu,Rear End Collision, Lorry hit Tanker Lorry ,Lorry,Grievious injury,Over speed,Four lanes or more with central divider,Straight road,,Fine,AP27TT    7557,P.V,Animals affected,0
13.08.2014,4:30 PM,1214.1,LHS,Rural,Medarametla,Overturning, Car went out off road towards ROW,Car,Grievious injury,Vehicle out of control,Four lanes or more with central divider,Sharp curve,,Heavy rain,KA35M  7028,P.V & AMB,Fatal,0
13.08.2014,4:30 PM,1214.1,LHS,Rural,Medarametla,Overturning, Car went out off road towards ROW,Car,Grievious injury,Vehicle out of control,Four lanes or more with central divider,Sharp curve,,Heavy rain,KA35M  7028,P.V & AMB,Grevious,5
13.08.2014,4:30 PM,1214.1,LHS,Rural,Medarametla,Overturning, Car went out off road towards ROW,Car,Grievious injury,Vehicle out of control,Four lanes or more with central divider,Sharp curve,,Heavy rain,KA35M  7028,P.V & AMB,Minor,0
13.08.2014,4:30 PM,1214.1,LHS,Rural,Medarametla,Overturning, Car went out off road towards ROW,Car,Grievious injury,Vehicle out of control,Four lanes or more with central divider,Sharp curve,,Heavy rain,KA35M  7028,P.V & AMB,Non injured ,2
13.08.2014,4:30 PM,1214.1,LHS,Rural,Medarametla,Overturning, Car went out off road towards ROW,Car,Grievious injury,Vehicle out of control,Four lanes or more with central divider,Sharp curve,,Heavy rain,KA35M  7028,P.V & AMB,Animals affected,0
13.08.2014,7:10 PM,1257.6,LHS,Rural,Tangutur,Collision Brush/Side Wipe, Unknown Vehicle hit   Bike,Unknown,Grievious injury,Over speed,Three lanes or more without central divider(median),Straight road,Y-Junction,Fine,Unknown    Vehicle,AMB,Fatal,0
13.08.2014,7:10 PM,1257.6,LHS,Rural,Tangutur,Collision Brush/Side Wipe, Unknown Vehicle hit   Bike,Unknown,Grievious injury,Over speed,Three lanes or more without central divider(median),Straight road,Y-Junction,Fine,Unknown    Vehicle,AMB,Grevious,1
13.08.2014,7:10 PM,1257.6,LHS,Rural,Tangutur,Collision Brush/Side Wipe, Unknown Vehicle hit   Bike,Unknown,Grievious injury,Over speed,Three lanes or more without central divider(median),Straight road,Y-Junction,Fine,Unknown    Vehicle,AMB,Minor,1
13.08.2014,7:10 PM,1257.6,LHS,Rural,Tangutur,Collision Brush/Side Wipe, Unknown Vehicle hit   Bike,Unknown,Grievious injury,Over speed,Three lanes or more without central divider(median),Straight road,Y-Junction,Fine,Unknown    Vehicle,AMB,Non injured ,1
13.08.2014,7:10 PM,1257.6,LHS,Rural,Tangutur,Collision Brush/Side Wipe, Unknown Vehicle hit   Bike,Unknown,Grievious injury,Over speed,Three lanes or more without central divider(median),Straight road,Y-Junction,Fine,Unknown    Vehicle,AMB,Animals affected,0
14.08.2014,5:30 AM,1292.4,LHS,Rural,Ulavapadu,Overturning, Oil Tanker Overturned ,Tanker,Non injury,Fault of driver of motor vehicle/driver of other vehicle/cyclist/pedestrian/passenger,Four lanes or more with central divider,Straight road,,Fine,KA20C     8978,P.V,Fatal,0
14.08.2014,5:30 AM,1292.4,LHS,Rural,Ulavapadu,Overturning, Oil Tanker Overturned ,Tanker,Non injury,Fault of driver of motor vehicle/driver of other vehicle/cyclist/pedestrian/passenger,Four lanes or more with central divider,Straight road,,Fine,KA20C     8978,P.V,Grevious,0
14.08.2014,5:30 AM,1292.4,LHS,Rural,Ulavapadu,Overturning, Oil Tanker Overturned ,Tanker,Non injury,Fault of driver of motor vehicle/driver of other vehicle/cyclist/pedestrian/passenger,Four lanes or more with central divider,Straight road,,Fine,KA20C     8978,P.V,Minor,0
14.08.2014,5:30 AM,1292.4,LHS,Rural,Ulavapadu,Overturning, Oil Tanker Overturned ,Tanker,Non injury,Fault of driver of motor vehicle/driver of other vehicle/cyclist/pedestrian/passenger,Four lanes or more with central divider,Straight road,,Fine,KA20C     8978,P.V,Non injured ,2
14.08.2014,5:30 AM,1292.4,LHS,Rural,Ulavapadu,Overturning, Oil Tanker Overturned ,Tanker,Non injury,Fault of driver of motor vehicle/driver of other vehicle/cyclist/pedestrian/passenger,Four lanes or more with central divider,Straight road,,Fine,KA20C     8978,P.V,Animals affected,0
14.08.2014,11:45 AM,1226.9,RHS,Rural,Maddipadu,Collision Brush/Side Wipe, Bike hit Median,Bike,Grievious injury,Over speed,Four lanes or more with central divider,Straight road,,Fine,AP27AT   T/R,P.V,Fatal,0
14.08.2014,11:45 AM,1226.9,RHS,Rural,Maddipadu,Collision Brush/Side Wipe, Bike hit Median,Bike,Grievious injury,Over speed,Four lanes or more with central divider,Straight road,,Fine,AP27AT   T/R,P.V,Grevious,1
14.08.2014,11:45 AM,1226.9,RHS,Rural,Maddipadu,Collision Brush/Side Wipe, Bike hit Median,Bike,Grievious injury,Over speed,Four lanes or more with central divider,Straight road,,Fine,AP27AT   T/R,P.V,Minor,0
14.08.2014,11:45 AM,1226.9,RHS,Rural,Maddipadu,Collision Brush/Side Wipe, Bike hit Median,Bike,Grievious injury,Over speed,Four lanes or more with central divider,Straight road,,Fine,AP27AT   T/R,P.V,Non injured ,0
14.08.2014,11:45 AM,1226.9,RHS,Rural,Maddipadu,Collision Brush/Side Wipe, Bike hit Median,Bike,Grievious injury,Over speed,Four lanes or more with central divider,Straight road,,Fine,AP27AT   T/R,P.V,Animals affected,0
14.08.2014,7:00 PM,1268.4,RHS,Rural,Jarugumalli,Overturning, Mini Lorry Overturned ,Lorry,Non injury,Fault of driver of motor vehicle/driver of other vehicle/cyclist/pedestrian/passenger,Four lanes or more with central divider,Straight road,,Fine,AP07TW   9940,P.V,Fatal,0
14.08.2014,7:00 PM,1268.4,RHS,Rural,Jarugumalli,Overturning, Mini Lorry Overturned ,Lorry,Non injury,Fault of driver of motor vehicle/driver of other vehicle/cyclist/pedestrian/passenger,Four lanes or more with central divider,Straight road,,Fine,AP07TW   9940,P.V,Grevious,0
14.08.2014,7:00 PM,1268.4,RHS,Rural,Jarugumalli,Overturning, Mini Lorry Overturned ,Lorry,Non injury,Fault of driver of motor vehicle/driver of other vehicle/cyclist/pedestrian/passenger,Four lanes or more with central divider,Straight road,,Fine,AP07TW   9940,P.V,Minor,0