Operational date,Time of Accident,KM && M,Position,Rural/Urban,Location,Nature of Accident Position,Nature of Accident,Vehicle Involved,Type of Accident,Causes,Road Feature,Road condition,Intersection Type And Control,Weather Condition,Vehicle Responsible,Help Provided by Ambulance/Patroling Vehicle,Classification of Accident,No of Affected Persons
14.08.2014,7:00 PM,1268.4,RHS,Rural,Jarugumalli,Overturning, Mini Lorry Overturned ,Lorry,Non injury,Fault of driver of motor vehicle/driver of other vehicle/cyclist/pedestrian/passenger,Four lanes or more with central divider,Straight road,,Fine,AP07TW   9940,P.V,Non injured ,2
14.08.2014,7:00 PM,1268.4,RHS,Rural,Jarugumalli,Overturning, Mini Lorry Overturned ,Lorry,Non injury,Fault of driver of motor vehicle/driver of other vehicle/cyclist/pedestrian/passenger,Four lanes or more with central divider,Straight road,,Fine,AP07TW   9940,P.V,Animals affected,0
14.08.2014,7:53 PM,1199,RHS,Rural,Martur,Collision Brush/Side Wipe, Car hit  Bike,Car,Minor injury,Over speed,Four lanes or more with central divider,Straight road,,Fine,AP35S   6349,AMB,Fatal,0
14.08.2014,7:53 PM,1199,RHS,Rural,Martur,Collision Brush/Side Wipe, Car hit  Bike,Car,Minor injury,Over speed,Four lanes or more with central divider,Straight road,,Fine,AP35S   6349,AMB,Grevious,0
14.08.2014,7:53 PM,1199,RHS,Rural,Martur,Collision Brush/Side Wipe, Car hit  Bike,Car,Minor injury,Over speed,Four lanes or more with central divider,Straight road,,Fine,AP35S   6349,AMB,Minor,1
14.08.2014,7:53 PM,1199,RHS,Rural,Martur,Collision Brush/Side Wipe, Car hit  Bike,Car,Minor injury,Over speed,Four lanes or more with central divider,Straight road,,Fine,AP35S   6349,AMB,Non injured ,2
14.08.2014,7:53 PM,1199,RHS,Rural,Martur,Collision Brush/Side Wipe, Car hit  Bike,Car,Minor injury,Over speed,Four lanes or more with central divider,Straight road,,Fine,AP35S   6349,AMB,Animals affected,0
15.08.2014,12:58 PM,1328.5,RHS,Rural,Kavali,Collision Brush/Side Wipe,Lorry hit Pedestrian    ,Lorry,Grievious injury,Over speed,Four lanes or more with central divider,Straight road,,Fine,TN28AC    7428,P.V & AMB,Fatal,0
15.08.2014,12:58 PM,1328.5,RHS,Rural,Kavali,Collision Brush/Side Wipe,Lorry hit Pedestrian    ,Lorry,Grievious injury,Over speed,Four lanes or more with central divider,Straight road,,Fine,TN28AC    7428,P.V & AMB,Grevious,1
15.08.2014,12:58 PM,1328.5,RHS,Rural,Kavali,Collision Brush/Side Wipe,Lorry hit Pedestrian    ,Lorry,Grievious injury,Over speed,Four lanes or more with central divider,Straight road,,Fine,TN28AC    7428,P.V & AMB,Minor,0
15.08.2014,12:58 PM,1328.5,RHS,Rural,Kavali,Collision Brush/Side Wipe,Lorry hit Pedestrian    ,Lorry,Grievious injury,Over speed,Four lanes or more with central divider,Straight road,,Fine,TN28AC    7428,P.V & AMB,Non injured ,0
15.08.2014,12:58 PM,1328.5,RHS,Rural,Kavali,Collision Brush/Side Wipe,Lorry hit Pedestrian    ,Lorry,Grievious injury,Over speed,Four lanes or more with central divider,Straight road,,Fine,TN28AC    7428,P.V & AMB,Animals affected,0
15.08.2014,3:00 PM,1229.2,RHS,Rural,Maddipadu,Overturning, Tractor Overturned ,Tractor,Non injury,Vehicle out of control,Four lanes or more with central divider,Straight road,,Fine,AP27TW       6559,P.V,Fatal,0
15.08.2014,3:00 PM,1229.2,RHS,Rural,Maddipadu,Overturning, Tractor Overturned ,Tractor,Non injury,Vehicle out of control,Four lanes or more with central divider,Straight road,,Fine,AP27TW       6559,P.V,Grevious,0
15.08.2014,3:00 PM,1229.2,RHS,Rural,Maddipadu,Overturning, Tractor Overturned ,Tractor,Non injury,Vehicle out of control,Four lanes or more with central divider,Straight road,,Fine,AP27TW       6559,P.V,Minor,0
15.08.2014,3:00 PM,1229.2,RHS,Rural,Maddipadu,Overturning, Tractor Overturned ,Tractor,Non injury,Vehicle out of control,Four lanes or more with central divider,Straight road,,Fine,AP27TW       6559,P.V,Non injured ,1
15.08.2014,3:00 PM,1229.2,RHS,Rural,Maddipadu,Overturning, Tractor Overturned ,Tractor,Non injury,Vehicle out of control,Four lanes or more with central divider,Straight road,,Fine,AP27TW       6559,P.V,Animals affected,0
15.08.2014,9:50 PM,1261.6,LHS,Rural,Tangutur,Skidding, Bike Skidding,Bike,Grievious injury,Over speed,Four lanes or more with central divider,Straight road,,Fine,AP27AP     3293,P.V & AMB,Fatal,0
15.08.2014,9:50 PM,1261.6,LHS,Rural,Tangutur,Skidding, Bike Skidding,Bike,Grievious injury,Over speed,Four lanes or more with central divider,Straight road,,Fine,AP27AP     3293,P.V & AMB,Grevious,1
15.08.2014,9:50 PM,1261.6,LHS,Rural,Tangutur,Skidding, Bike Skidding,Bike,Grievious injury,Over speed,Four lanes or more with central divider,Straight road,,Fine,AP27AP     3293,P.V & AMB,Minor,0
15.08.2014,9:50 PM,1261.6,LHS,Rural,Tangutur,Skidding, Bike Skidding,Bike,Grievious injury,Over speed,Four lanes or more with central divider,Straight road,,Fine,AP27AP     3293,P.V & AMB,Non injured ,1
15.08.2014,9:50 PM,1261.6,LHS,Rural,Tangutur,Skidding, Bike Skidding,Bike,Grievious injury,Over speed,Four lanes or more with central divider,Straight road,,Fine,AP27AP     3293,P.V & AMB,Animals affected,0
15.08.2014,11:10 PM,1256.6,LHS,Rural,Tangutur,Collision Brush/Side Wipe, Car hit  Safety wall,Car,Non injury,Vehicle out of control,Four lanes or more with central divider,Straight road,,Fine,AP16TV    7092,P.V,Fatal,0
15.08.2014,11:10 PM,1256.6,LHS,Rural,Tangutur,Collision Brush/Side Wipe, Car hit  Safety wall,Car,Non injury,Vehicle out of control,Four lanes or more with central divider,Straight road,,Fine,AP16TV    7092,P.V,Grevious,0
15.08.2014,11:10 PM,1256.6,LHS,Rural,Tangutur,Collision Brush/Side Wipe, Car hit  Safety wall,Car,Non injury,Vehicle out of control,Four lanes or more with central divider,Straight road,,Fine,AP16TV    7092,P.V,Minor,0
15.08.2014,11:10 PM,1256.6,LHS,Rural,Tangutur,Collision Brush/Side Wipe, Car hit  Safety wall,Car,Non injury,Vehicle out of control,Four lanes or more with central divider,Straight road,,Fine,AP16TV    7092,P.V,Non injured ,7
15.08.2014,11:10 PM,1256.6,LHS,Rural,Tangutur,Collision Brush/Side Wipe, Car hit  Safety wall,Car,Non injury,Vehicle out of control,Four lanes or more with central divider,Straight road,,Fine,AP16TV    7092,P.V,Animals affected,0
16.08.2014,11:43 PM,1262.3,RHS,Rural,Tangutur,Head on collision,RTC Bus hit Lorry,Bus,Grievious injury,Over speed,Four lanes or more with central divider,Straight road,,Fine,AP28Z     2430  ,P.V & AMB,Fatal,0
16.08.2014,11:43 PM,1262.3,RHS,Rural,Tangutur,Head on collision,RTC Bus hit Lorry,Bus,Grievious injury,Over speed,Four lanes or more with central divider,Straight road,,Fine,AP28Z     2430  ,P.V & AMB,Grevious,4
16.08.2014,11:43 PM,1262.3,RHS,Rural,Tangutur,Head on collision,RTC Bus hit Lorry,Bus,Grievious injury,Over speed,Four lanes or more with central divider,Straight road,,Fine,AP28Z     2430  ,P.V & AMB,Minor,3
16.08.2014,11:43 PM,1262.3,RHS,Rural,Tangutur,Head on collision,RTC Bus hit Lorry,Bus,Grievious injury,Over speed,Four lanes or more with central divider,Straight road,,Fine,AP28Z     2430  ,P.V & AMB,Non injured ,25
16.08.2014,11:43 PM,1262.3,RHS,Rural,Tangutur,Head on collision,RTC Bus hit Lorry,Bus,Grievious injury,Over speed,Four lanes or more with central divider,Straight road,,Fine,AP28Z     2430  ,P.V & AMB,Animals affected,0
17.08.2014,1:00 AM,1343.1,RHS,Rural,Dagadarthi,Rear End Collision,Mini Lorry hit Car,Lorry,Fatal,Over speed,Four lanes or more with central divider,Straight road,,Fine,AP26Y   3045,P.V,Fatal,1
17.08.2014,1:00 AM,1343.1,RHS,Rural,Dagadarthi,Rear End Collision,Mini Lorry hit Car,Lorry,Fatal,Over speed,Four lanes or more with central divider,Straight road,,Fine,AP26Y   3045,P.V,Grevious,1
17.08.2014,1:00 AM,1343.1,RHS,Rural,Dagadarthi,Rear End Collision,Mini Lorry hit Car,Lorry,Fatal,Over speed,Four lanes or more with central divider,Straight road,,Fine,AP26Y   3045,P.V,Minor,0
17.08.2014,1:00 AM,1343.1,RHS,Rural,Dagadarthi,Rear End Collision,Mini Lorry hit Car,Lorry,Fatal,Over speed,Four lanes or more with central divider,Straight road,,Fine,AP26Y   3045,P.V,Non injured ,2
17.08.2014,1:00 AM,1343.1,RHS,Rural,Dagadarthi,Rear End Collision,Mini Lorry hit Car,Lorry,Fatal,Over speed,Four lanes or more with central divider,Straight road,,Fine,AP26Y   3045,P.V,Animals affected,0
17.08.2014,7:40 AM,1249.9,RHS,Urban,Ongole,Rear End Collision,Tractor hit      Lorry,Tractor,Non injury,Fault of driver of motor vehicle/driver of other vehicle/cyclist/pedestrian/passenger,Four lanes or more with central divider,Straight road,,Fine,AP27TW         9137,P.V,Fatal,0
17.08.2014,7:40 AM,1249.9,RHS,Urban,Ongole,Rear End Collision,Tractor hit      Lorry,Tractor,Non injury,Fault of driver of motor vehicle/driver of other vehicle/cyclist/pedestrian/passenger,Four lanes or more with central divider,Straight road,,Fine,AP27TW         9137,P.V,Grevious,0
17.08.2014,7:40 AM,1249.9,RHS,Urban,Ongole,Rear End Collision,Tractor hit      Lorry,Tractor,Non injury,Fault of driver of motor vehicle/driver of other vehicle/cyclist/pedestrian/passenger,Four lanes or more with central divider,Straight road,,Fine,AP27TW         9137,P.V,Minor,0
17.08.2014,7:40 AM,1249.9,RHS,Urban,Ongole,Rear End Collision,Tractor hit      Lorry,Tractor,Non injury,Fault of driver of motor vehicle/driver of other vehicle/cyclist/pedestrian/passenger,Four lanes or more with central divider,Straight road,,Fine,AP27TW         9137,P.V,Non injured ,1
17.08.2014,7:40 AM,1249.9,RHS,Urban,Ongole,Rear End Collision,Tractor hit      Lorry,Tractor,Non injury,Fault of driver of motor vehicle/driver of other vehicle/cyclist/pedestrian/passenger,Four lanes or more with central divider,Straight road,,Fine,AP27TW         9137,P.V,Animals affected,0
17.08.2014,3:11 PM,1197.6,LHS,Rural,Martur,Collision Brush/Side Wipe, Car hit  Bike,Car,Grievious injury,Over speed,Three lanes or more without central divider(median),Straight road,T-Junction,Fine,AP16CN    4549,P.V & AMB,Fatal,0
17.08.2014,3:11 PM,1197.6,LHS,Rural,Martur,Collision Brush/Side Wipe, Car hit  Bike,Car,Grievious injury,Over speed,Three lanes or more without central divider(median),Straight road,T-Junction,Fine,AP16CN    4549,P.V & AMB,Grevious,1
17.08.2014,3:11 PM,1197.6,LHS,Rural,Martur,Collision Brush/Side Wipe, Car hit  Bike,Car,Grievious injury,Over speed,Three lanes or more without central divider(median),Straight road,T-Junction,Fine,AP16CN    4549,P.V & AMB,Minor,1
17.08.2014,3:11 PM,1197.6,LHS,Rural,Martur,Collision Brush/Side Wipe, Car hit  Bike,Car,Grievious injury,Over speed,Three lanes or more without central divider(median),Straight road,T-Junction,Fine,AP16CN    4549,P.V & AMB,Non injured ,2
17.08.2014,3:11 PM,1197.6,LHS,Rural,Martur,Collision Brush/Side Wipe, Car hit  Bike,Car,Grievious injury,Over speed,Three lanes or more without central divider(median),Straight road,T-Junction,Fine,AP16CN    4549,P.V & AMB,Animals affected,0
17.08.2014,10:58 PM,1261.3,LHS,Rural,Tangutur,Rear End Collision, Car hit   Lorry,Car,Minor injury,Druken,Four lanes or more with central divider,Straight road,,Fine,AP11AP  5079,P.V & AMB,Fatal,0
17.08.2014,10:58 PM,1261.3,LHS,Rural,Tangutur,Rear End Collision, Car hit   Lorry,Car,Minor injury,Druken,Four lanes or more with central divider,Straight road,,Fine,AP11AP  5079,P.V & AMB,Grevious,0
17.08.2014,10:58 PM,1261.3,LHS,Rural,Tangutur,Rear End Collision, Car hit   Lorry,Car,Minor injury,Druken,Four lanes or more with central divider,Straight road,,Fine,AP11AP  5079,P.V & AMB,Minor,3
17.08.2014,10:58 PM,1261.3,LHS,Rural,Tangutur,Rear End Collision, Car hit   Lorry,Car,Minor injury,Druken,Four lanes or more with central divider,Straight road,,Fine,AP11AP  5079,P.V & AMB,Non injured ,1
17.08.2014,10:58 PM,1261.3,LHS,Rural,Tangutur,Rear End Collision, Car hit   Lorry,Car,Minor injury,Druken,Four lanes or more with central divider,Straight road,,Fine,AP11AP  5079,P.V & AMB,Animals affected,0
18.08.2014,1:11 AM,1340,RHS,Rural,Dagadarthi,Collision Brush/Side Wipe, Lorry  hit C.C Barrier,Lorry,Minor injury,Over speed,Four lanes or more with central divider,Straight road,,Fine,TN23P    9079,P.V,Fatal,0
18.08.2014,1:11 AM,1340,RHS,Rural,Dagadarthi,Collision Brush/Side Wipe, Lorry  hit C.C Barrier,Lorry,Minor injury,Over speed,Four lanes or more with central divider,Straight road,,Fine,TN23P    9079,P.V,Grevious,0
18.08.2014,1:11 AM,1340,RHS,Rural,Dagadarthi,Collision Brush/Side Wipe, Lorry  hit C.C Barrier,Lorry,Minor injury,Over speed,Four lanes or more with central divider,Straight road,,Fine,TN23P    9079,P.V,Minor,1
18.08.2014,1:11 AM,1340,RHS,Rural,Dagadarthi,Collision Brush/Side Wipe, Lorry  hit C.C Barrier,Lorry,Minor injury,Over speed,Four lanes or more with central divider,Straight road,,Fine,TN23P    9079,P.V,Non injured ,0
18.08.2014,1:11 AM,1340,RHS,Rural,Dagadarthi,Collision Brush/Side Wipe, Lorry  hit C.C Barrier,Lorry,Minor injury,Over speed,Four lanes or more with central divider,Straight road,,Fine,TN23P    9079,P.V,Animals affected,0
18.08.2014,7:05 PM,1261.1,LHS,Rural,Tangutur,Skidding, Bike Skidding,Bike,Grievious injury,Over speed,Four lanes or more with central divider,Straight road,,Fine,AP27AW   6064,AMB,Fatal,0
18.08.2014,7:05 PM,1261.1,LHS,Rural,Tangutur,Skidding, Bike Skidding,Bike,Grievious injury,Over speed,Four lanes or more with central divider,Straight road,,Fine,AP27AW   6064,AMB,Grevious,2
18.08.2014,7:05 PM,1261.1,LHS,Rural,Tangutur,Skidding, Bike Skidding,Bike,Grievious injury,Over speed,Four lanes or more with central divider,Straight road,,Fine,AP27AW   6064,AMB,Minor,0
18.08.2014,7:05 PM,1261.1,LHS,Rural,Tangutur,Skidding, Bike Skidding,Bike,Grievious injury,Over speed,Four lanes or more with central divider,Straight road,,Fine,AP27AW   6064,AMB,Non injured ,0
18.08.2014,7:05 PM,1261.1,LHS,Rural,Tangutur,Skidding, Bike Skidding,Bike,Grievious injury,Over speed,Four lanes or more with central divider,Straight road,,Fine,AP27AW   6064,AMB,Animals affected,0
19.08.2014,3:08 PM,1329.8,LHS,Rural,Kavali,Collision Brush/Side Wipe, Bike hit Median,Bike,Grievious injury,Over speed,Four lanes or more with central divider,Straight road,,Fine,AP26AU      3461,P.V,Fatal,0
19.08.2014,3:08 PM,1329.8,LHS,Rural,Kavali,Collision Brush/Side Wipe, Bike hit Median,Bike,Grievious injury,Over speed,Four lanes or more with central divider,Straight road,,Fine,AP26AU      3461,P.V,Grevious,1
19.08.2014,3:08 PM,1329.8,LHS,Rural,Kavali,Collision Brush/Side Wipe, Bike hit Median,Bike,Grievious injury,Over speed,Four lanes or more with central divider,Straight road,,Fine,AP26AU      3461,P.V,Minor,0
19.08.2014,3:08 PM,1329.8,LHS,Rural,Kavali,Collision Brush/Side Wipe, Bike hit Median,Bike,Grievious injury,Over speed,Four lanes or more with central divider,Straight road,,Fine,AP26AU      3461,P.V,Non injured ,0
19.08.2014,3:08 PM,1329.8,LHS,Rural,Kavali,Collision Brush/Side Wipe, Bike hit Median,Bike,Grievious injury,Over speed,Four lanes or more with central divider,Straight road,,Fine,AP26AU      3461,P.V,Animals affected,0
19.08.2014,10:30 PM,1287,RHS,Rural,Ulavapadu,Rear End Collision,Mini Lorry hit Unknown Vehicle,Lorry,Grievious injury,Vehicle out of control,Four lanes or more with central divider,Straight road,,Fine,AP05TX      5977,P.V,Fatal,0
19.08.2014,10:30 PM,1287,RHS,Rural,Ulavapadu,Rear End Collision,Mini Lorry hit Unknown Vehicle,Lorry,Grievious injury,Vehicle out of control,Four lanes or more with central divider,Straight road,,Fine,AP05TX      5977,P.V,Grevious,1
19.08.2014,10:30 PM,1287,RHS,Rural,Ulavapadu,Rear End Collision,Mini Lorry hit Unknown Vehicle,Lorry,Grievious injury,Vehicle out of control,Four lanes or more with central divider,Straight road,,Fine,AP05TX      5977,P.V,Minor,1
19.08.2014,10:30 PM,1287,RHS,Rural,Ulavapadu,Rear End Collision,Mini Lorry hit Unknown Vehicle,Lorry,Grievious injury,Vehicle out of control,Four lanes or more with central divider,Straight road,,Fine,AP05TX      5977,P.V,Non injured ,0
19.08.2014,10:30 PM,1287,RHS,Rural,Ulavapadu,Rear End Collision,Mini Lorry hit Unknown Vehicle,Lorry,Grievious injury,Vehicle out of control,Four lanes or more with central divider,Straight road,,Fine,AP05TX      5977,P.V,Animals affected,0
20.08.2014,1:00 PM,1233.1,LHS,Rural,Maddipadu,Collision Brush/Side Wipe, Car hit Median,Car,Fatal,Vehicle out of control,Four lanes or more with central divider,Straight road,,Fine,TN20CX 8169,P.V,Fatal,1
20.08.2014,1:00 PM,1233.1,LHS,Rural,Maddipadu,Collision Brush/Side Wipe, Car hit Median,Car,Fatal,Vehicle out of control,Four lanes or more with central divider,Straight road,,Fine,TN20CX 8169,P.V,Grevious,2
20.08.2014,1:00 PM,1233.1,LHS,Rural,Maddipadu,Collision Brush/Side Wipe, Car hit Median,Car,Fatal,Vehicle out of control,Four lanes or more with central divider,Straight road,,Fine,TN20CX 8169,P.V,Minor,2
20.08.2014,1:00 PM,1233.1,LHS,Rural,Maddipadu,Collision Brush/Side Wipe, Car hit Median,Car,Fatal,Vehicle out of control,Four lanes or more with central divider,Straight road,,Fine,TN20CX 8169,P.V,Non injured ,0
20.08.2014,1:00 PM,1233.1,LHS,Rural,Maddipadu,Collision Brush/Side Wipe, Car hit Median,Car,Fatal,Vehicle out of control,Four lanes or more with central divider,Straight road,,Fine,TN20CX 8169,P.V,Animals affected,0
21.08.2014,5:10 AM,1325,LHS,Rural,Kavali,Rear End Collision, Bike hit Mini Lorry,Bike,Grievious injury,Over speed,Four lanes or more with central divider,Straight road,,Fine,TN19D      2062,P.V,Fatal,0
21.08.2014,5:10 AM,1325,LHS,Rural,Kavali,Rear End Collision, Bike hit Mini Lorry,Bike,Grievious injury,Over speed,Four lanes or more with central divider,Straight road,,Fine,TN19D      2062,P.V,Grevious,1
21.08.2014,5:10 AM,1325,LHS,Rural,Kavali,Rear End Collision, Bike hit Mini Lorry,Bike,Grievious injury,Over speed,Four lanes or more with central divider,Straight road,,Fine,TN19D      2062,P.V,Minor,0
21.08.2014,5:10 AM,1325,LHS,Rural,Kavali,Rear End Collision, Bike hit Mini Lorry,Bike,Grievious injury,Over speed,Four lanes or more with central divider,Straight road,,Fine,TN19D      2062,P.V,Non injured ,2
21.08.2014,5:10 AM,1325,LHS,Rural,Kavali,Rear End Collision, Bike hit Mini Lorry,Bike,Grievious injury,Over speed,Four lanes or more with central divider,Straight road,,Fine,TN19D      2062,P.V,Animals affected,0
21.08.2014,7:40 PM,1226.2,LHS,Rural,Maddipadu,Head on collision,Bike hit Pedestrian    ,Bike,Grievious injury,Over speed,Four lanes or more with central divider,Straight road,,Fine,AP27AG    6378,P.V,Fatal,0
21.08.2014,7:40 PM,1226.2,LHS,Rural,Maddipadu,Head on collision,Bike hit Pedestrian    ,Bike,Grievious injury,Over speed,Four lanes or more with central divider,Straight road,,Fine,AP27AG    6378,P.V,Grevious,1
21.08.2014,7:40 PM,1226.2,LHS,Rural,Maddipadu,Head on collision,Bike hit Pedestrian    ,Bike,Grievious injury,Over speed,Four lanes or more with central divider,Straight road,,Fine,AP27AG    6378,P.V,Minor,1
21.08.2014,7:40 PM,1226.2,LHS,Rural,Maddipadu,Head on collision,Bike hit Pedestrian    ,Bike,Grievious injury,Over speed,Four lanes or more with central divider,Straight road,,Fine,AP27AG    6378,P.V,Non injured ,0
21.08.2014,7:40 PM,1226.2,LHS,Rural,Maddipadu,Head on collision,Bike hit Pedestrian    ,Bike,Grievious injury,Over speed,Four lanes or more with central divider,Straight road,,Fine,AP27AG    6378,P.V,Animals affected,0
22.08.2014,1:55 AM,1289.8,RHS,Rural,Ulavapadu,Rear End Collision,RTC Bus hit Oil Tanker,Bus,Grievious injury,Over speed,Four lanes or more with central divider,Slight curve,,Fine,AP29Z      2524,P.V,Fatal,0
22.08.2014,1:55 AM,1289.8,RHS,Rural,Ulavapadu,Rear End Collision,RTC Bus hit Oil Tanker,Bus,Grievious injury,Over speed,Four lanes or more with central divider,Slight curve,,Fine,AP29Z      2524,P.V,Grevious,3
22.08.2014,1:55 AM,1289.8,RHS,Rural,Ulavapadu,Rear End Collision,RTC Bus hit Oil Tanker,Bus,Grievious injury,Over speed,Four lanes or more with central divider,Slight curve,,Fine,AP29Z      2524,P.V,Minor,0
22.08.2014,1:55 AM,1289.8,RHS,Rural,Ulavapadu,Rear End Collision,RTC Bus hit Oil Tanker,Bus,Grievious injury,Over speed,Four lanes or more with central divider,Slight curve,,Fine,AP29Z      2524,P.V,Non injured ,30
22.08.2014,1:55 AM,1289.8,RHS,Rural,Ulavapadu,Rear End Collision,RTC Bus hit Oil Tanker,Bus,Grievious injury,Over speed,Four lanes or more with central divider,Slight curve,,Fine,AP29Z      2524,P.V,Animals affected,0
22.08.2014,8:00 AM,1230,RHS,Rural,Maddipadu,Collision Brush/Side Wipe, Car hit   Lorry,Car,Non injury,Over speed,Four lanes or more with central divider,Straight road,,Fine,AP26AB    3009,P.V,Fatal,0
22.08.2014,8:00 AM,1230,RHS,Rural,Maddipadu,Collision Brush/Side Wipe, Car hit   Lorry,Car,Non injury,Over speed,Four lanes or more with central divider,Straight road,,Fine,AP26AB    3009,P.V,Grevious,0
22.08.2014,8:00 AM,1230,RHS,Rural,Maddipadu,Collision Brush/Side Wipe, Car hit   Lorry,Car,Non injury,Over speed,Four lanes or more with central divider,Straight road,,Fine,AP26AB    3009,P.V,Minor,0
22.08.2014,8:00 AM,1230,RHS,Rural,Maddipadu,Collision Brush/Side Wipe, Car hit   Lorry,Car,Non injury,Over speed,Four lanes or more with central divider,Straight road,,Fine,AP26AB    3009,P.V,Non injured ,5
22.08.2014,8:00 AM,1230,RHS,Rural,Maddipadu,Collision Brush/Side Wipe, Car hit   Lorry,Car,Non injury,Over speed,Four lanes or more with central divider,Straight road,,Fine,AP26AB    3009,P.V,Animals affected,0
22.08.2014,2:35 PM,1325.3,RHS,Rural,Kavali,Overturning, Container Vehicle Overturned towards RO,Container,Minor injury,Fault of driver of motor vehicle/driver of other vehicle/cyclist/pedestrian/passenger,Four lanes or more with central divider,Straight road,,Fine,TN18D      4224,P.V & AMB,Fatal,0
22.08.2014,2:35 PM,1325.3,RHS,Rural,Kavali,Overturning, Container Vehicle Overturned towards RO,Container,Minor injury,Fault of driver of motor vehicle/driver of other vehicle/cyclist/pedestrian/passenger,Four lanes or more with central divider,Straight road,,Fine,TN18D      4224,P.V & AMB,Grevious,0
22.08.2014,2:35 PM,1325.3,RHS,Rural,Kavali,Overturning, Container Vehicle Overturned towards RO,Container,Minor injury,Fault of driver of motor vehicle/driver of other vehicle/cyclist/pedestrian/passenger,Four lanes or more with central divider,Straight road,,Fine,TN18D      4224,P.V & AMB,Minor,1
22.08.2014,2:35 PM,1325.3,RHS,Rural,Kavali,Overturning, Container Vehicle Overturned towards RO,Container,Minor injury,Fault of driver of motor vehicle/driver of other vehicle/cyclist/pedestrian/passenger,Four lanes or more with central divider,Straight road,,Fine,TN18D      4224,P.V & AMB,Non injured ,0
22.08.2014,2:35 PM,1325.3,RHS,Rural,Kavali,Overturning, Container Vehicle Overturned towards RO,Container,Minor injury,Fault of driver of motor vehicle/driver of other vehicle/cyclist/pedestrian/passenger,Four lanes or more with central divider,Straight road,,Fine,TN18D      4224,P.V & AMB,Animals affected,0
23.08.2014,1:35 AM,1297.2,RHS,Rural,Ulavapadu,Rear End Collision,Car hit Unknown Vehicle,Car,Minor injury,Over speed,Four lanes or more with central divider,Straight road,,Fine,AP10R   7488,P.V,Fatal,0
23.08.2014,1:35 AM,1297.2,RHS,Rural,Ulavapadu,Rear End Collision,Car hit Unknown Vehicle,Car,Minor injury,Over speed,Four lanes or more with central divider,Straight road,,Fine,AP10R   7488,P.V,Grevious,0
23.08.2014,1:35 AM,1297.2,RHS,Rural,Ulavapadu,Rear End Collision,Car hit Unknown Vehicle,Car,Minor injury,Over speed,Four lanes or more with central divider,Straight road,,Fine,AP10R   7488,P.V,Minor,2
23.08.2014,1:35 AM,1297.2,RHS,Rural,Ulavapadu,Rear End Collision,Car hit Unknown Vehicle,Car,Minor injury,Over speed,Four lanes or more with central divider,Straight road,,Fine,AP10R   7488,P.V,Non injured ,3
23.08.2014,1:35 AM,1297.2,RHS,Rural,Ulavapadu,Rear End Collision,Car hit Unknown Vehicle,Car,Minor injury,Over speed,Four lanes or more with central divider,Straight road,,Fine,AP10R   7488,P.V,Animals affected,0
23.08.2014,4:00 AM,1292.7,LHS,Rural,Ulavapadu,Rear End Collision, Oil Tanker hit Oil Tanker,Tanker,Minor injury,Over speed,Four lanes or more with central divider,Straight road,,Fine,AP16TV    5863,P.V,Fatal,0
23.08.2014,4:00 AM,1292.7,LHS,Rural,Ulavapadu,Rear End Collision, Oil Tanker hit Oil Tanker,Tanker,Minor injury,Over speed,Four lanes or more with central divider,Straight road,,Fine,AP16TV    5863,P.V,Grevious,0
23.08.2014,4:00 AM,1292.7,LHS,Rural,Ulavapadu,Rear End Collision, Oil Tanker hit Oil Tanker,Tanker,Minor injury,Over speed,Four lanes or more with central divider,Straight road,,Fine,AP16TV    5863,P.V,Minor,2
23.08.2014,4:00 AM,1292.7,LHS,Rural,Ulavapadu,Rear End Collision, Oil Tanker hit Oil Tanker,Tanker,Minor injury,Over speed,Four lanes or more with central divider,Straight road,,Fine,AP16TV    5863,P.V,Non injured ,0
23.08.2014,4:00 AM,1292.7,LHS,Rural,Ulavapadu,Rear End Collision, Oil Tanker hit Oil Tanker,Tanker,Minor injury,Over speed,Four lanes or more with central divider,Straight road,,Fine,AP16TV    5863,P.V,Animals affected,0
24.08.2014,4:58 PM,1330.6,RHS,Rural,Kavali,Rear End Collision, Lorry hit Car and Container Vehicle,Lorry,Minor injury,Over speed,Four lanes or more with central divider,Straight road,,Fine,AP26TT     6399,P.V & AMB,Fatal,0
24.08.2014,4:58 PM,1330.6,RHS,Rural,Kavali,Rear End Collision, Lorry hit Car and Container Vehicle,Lorry,Minor injury,Over speed,Four lanes or more with central divider,Straight road,,Fine,AP26TT     6399,P.V & AMB,Grevious,0
24.08.2014,4:58 PM,1330.6,RHS,Rural,Kavali,Rear End Collision, Lorry hit Car and Container Vehicle,Lorry,Minor injury,Over speed,Four lanes or more with central divider,Straight road,,Fine,AP26TT     6399,P.V & AMB,Minor,1
24.08.2014,4:58 PM,1330.6,RHS,Rural,Kavali,Rear End Collision, Lorry hit Car and Container Vehicle,Lorry,Minor injury,Over speed,Four lanes or more with central divider,Straight road,,Fine,AP26TT     6399,P.V & AMB,Non injured ,3
24.08.2014,4:58 PM,1330.6,RHS,Rural,Kavali,Rear End Collision, Lorry hit Car and Container Vehicle,Lorry,Minor injury,Over speed,Four lanes or more with central divider,Straight road,,Fine,AP26TT     6399,P.V & AMB,Animals affected,0
25.08.2014,6:00 AM,1269,LHS,Rural,Jarugumalli,Collision Brush/Side Wipe, Car  hit C.C Barrier,Car,Non injury,Over speed,Four lanes or more with central divider,Straight road,,Fine,AP27BM    4488,P.V,Fatal,0
25.08.2014,6:00 AM,1269,LHS,Rural,Jarugumalli,Collision Brush/Side Wipe, Car  hit C.C Barrier,Car,Non injury,Over speed,Four lanes or more with central divider,Straight road,,Fine,AP27BM    4488,P.V,Grevious,0
25.08.2014,6:00 AM,1269,LHS,Rural,Jarugumalli,Collision Brush/Side Wipe, Car  hit C.C Barrier,Car,Non injury,Over speed,Four lanes or more with central divider,Straight road,,Fine,AP27BM    4488,P.V,Minor,0