Operational date,Time of Accident,KM && M,Position,Rural/Urban,Location,Nature of Accident Position,Nature of Accident,Vehicle Involved,Type of Accident,Causes,Road Feature,Road condition,Intersection Type And Control,Weather Condition,Vehicle Responsible,Help Provided by Ambulance/Patroling Vehicle,Classification of Accident,No of Affected Persons
25.08.2014,6:00 AM,1269,LHS,Rural,Jarugumalli,Collision Brush/Side Wipe, Car  hit C.C Barrier,Car,Non injury,Over speed,Four lanes or more with central divider,Straight road,,Fine,AP27BM    4488,P.V,Non injured ,5
25.08.2014,6:00 AM,1269,LHS,Rural,Jarugumalli,Collision Brush/Side Wipe, Car  hit C.C Barrier,Car,Non injury,Over speed,Four lanes or more with central divider,Straight road,,Fine,AP27BM    4488,P.V,Animals affected,0
27.08.2014,2:22 PM,1234.1,RHS,Rural,Maddipadu,Rear End Collision, Container Vehicle hit Lorry,Container,Minor injury,Over speed,Four lanes or more with central divider,Straight road,,Fine,AP29TA   8536,P.V,Fatal,0
27.08.2014,2:22 PM,1234.1,RHS,Rural,Maddipadu,Rear End Collision, Container Vehicle hit Lorry,Container,Minor injury,Over speed,Four lanes or more with central divider,Straight road,,Fine,AP29TA   8536,P.V,Grevious,0
27.08.2014,2:22 PM,1234.1,RHS,Rural,Maddipadu,Rear End Collision, Container Vehicle hit Lorry,Container,Minor injury,Over speed,Four lanes or more with central divider,Straight road,,Fine,AP29TA   8536,P.V,Minor,2
27.08.2014,2:22 PM,1234.1,RHS,Rural,Maddipadu,Rear End Collision, Container Vehicle hit Lorry,Container,Minor injury,Over speed,Four lanes or more with central divider,Straight road,,Fine,AP29TA   8536,P.V,Non injured ,2
27.08.2014,2:22 PM,1234.1,RHS,Rural,Maddipadu,Rear End Collision, Container Vehicle hit Lorry,Container,Minor injury,Over speed,Four lanes or more with central divider,Straight road,,Fine,AP29TA   8536,P.V,Animals affected,0
27.08.2014,8:49 PM,1204.3,LHS,Rural,Reningavaram,Collision Brush/Side Wipe, Bike hit Mini Lorry,Bike,Fatal,Over speed,Four lanes or more with central divider,Straight road,,Fine,F/R,P.V ,Fatal,1
27.08.2014,8:49 PM,1204.3,LHS,Rural,Reningavaram,Collision Brush/Side Wipe, Bike hit Mini Lorry,Bike,Fatal,Over speed,Four lanes or more with central divider,Straight road,,Fine,F/R,P.V ,Grevious,0
27.08.2014,8:49 PM,1204.3,LHS,Rural,Reningavaram,Collision Brush/Side Wipe, Bike hit Mini Lorry,Bike,Fatal,Over speed,Four lanes or more with central divider,Straight road,,Fine,F/R,P.V ,Minor,0
27.08.2014,8:49 PM,1204.3,LHS,Rural,Reningavaram,Collision Brush/Side Wipe, Bike hit Mini Lorry,Bike,Fatal,Over speed,Four lanes or more with central divider,Straight road,,Fine,F/R,P.V ,Non injured ,1
27.08.2014,8:49 PM,1204.3,LHS,Rural,Reningavaram,Collision Brush/Side Wipe, Bike hit Mini Lorry,Bike,Fatal,Over speed,Four lanes or more with central divider,Straight road,,Fine,F/R,P.V ,Animals affected,0
28.08.2014,2:30 AM,1255.7,RHS,Rural,Tangutur,Collision Brush/Side Wipe, Car hit Median,Car,Non injury,Over speed,Four lanes or more with central divider,Straight road,,Fine,AP24AY    8199,P.V,Fatal,0
28.08.2014,2:30 AM,1255.7,RHS,Rural,Tangutur,Collision Brush/Side Wipe, Car hit Median,Car,Non injury,Over speed,Four lanes or more with central divider,Straight road,,Fine,AP24AY    8199,P.V,Grevious,0
28.08.2014,2:30 AM,1255.7,RHS,Rural,Tangutur,Collision Brush/Side Wipe, Car hit Median,Car,Non injury,Over speed,Four lanes or more with central divider,Straight road,,Fine,AP24AY    8199,P.V,Minor,0
28.08.2014,2:30 AM,1255.7,RHS,Rural,Tangutur,Collision Brush/Side Wipe, Car hit Median,Car,Non injury,Over speed,Four lanes or more with central divider,Straight road,,Fine,AP24AY    8199,P.V,Non injured ,6
28.08.2014,2:30 AM,1255.7,RHS,Rural,Tangutur,Collision Brush/Side Wipe, Car hit Median,Car,Non injury,Over speed,Four lanes or more with central divider,Straight road,,Fine,AP24AY    8199,P.V,Animals affected,0
29.08.2014,7:02 AM,1329.3,RHS,Rural,Kavali,Collision Brush/Side Wipe, Car hit Median,Car,Minor injury,Over speed,Four lanes or more with central divider,Straight road,,Fine,KA51MB   390,P.V & AMB,Fatal,0
29.08.2014,7:02 AM,1329.3,RHS,Rural,Kavali,Collision Brush/Side Wipe, Car hit Median,Car,Minor injury,Over speed,Four lanes or more with central divider,Straight road,,Fine,KA51MB   390,P.V & AMB,Grevious,0
29.08.2014,7:02 AM,1329.3,RHS,Rural,Kavali,Collision Brush/Side Wipe, Car hit Median,Car,Minor injury,Over speed,Four lanes or more with central divider,Straight road,,Fine,KA51MB   390,P.V & AMB,Minor,1
29.08.2014,7:02 AM,1329.3,RHS,Rural,Kavali,Collision Brush/Side Wipe, Car hit Median,Car,Minor injury,Over speed,Four lanes or more with central divider,Straight road,,Fine,KA51MB   390,P.V & AMB,Non injured ,0
29.08.2014,7:02 AM,1329.3,RHS,Rural,Kavali,Collision Brush/Side Wipe, Car hit Median,Car,Minor injury,Over speed,Four lanes or more with central divider,Straight road,,Fine,KA51MB   390,P.V & AMB,Animals affected,0
30.08.2014,9:50 AM,1306,RHS,Rural,Gudluru,Collision Brush/Side Wipe, Lorry hit Bike,Lorry,Fatal,Over speed,Four lanes or more with central divider,Straight road,,Fine,TN52E    6477,P.V,Fatal,1
30.08.2014,9:50 AM,1306,RHS,Rural,Gudluru,Collision Brush/Side Wipe, Lorry hit Bike,Lorry,Fatal,Over speed,Four lanes or more with central divider,Straight road,,Fine,TN52E    6477,P.V,Grevious,0
30.08.2014,9:50 AM,1306,RHS,Rural,Gudluru,Collision Brush/Side Wipe, Lorry hit Bike,Lorry,Fatal,Over speed,Four lanes or more with central divider,Straight road,,Fine,TN52E    6477,P.V,Minor,0
30.08.2014,9:50 AM,1306,RHS,Rural,Gudluru,Collision Brush/Side Wipe, Lorry hit Bike,Lorry,Fatal,Over speed,Four lanes or more with central divider,Straight road,,Fine,TN52E    6477,P.V,Non injured ,0
30.08.2014,9:50 AM,1306,RHS,Rural,Gudluru,Collision Brush/Side Wipe, Lorry hit Bike,Lorry,Fatal,Over speed,Four lanes or more with central divider,Straight road,,Fine,TN52E    6477,P.V,Animals affected,0
02.09.2014,6:00 PM,1294.7,LHS,Rural,Ulavapadu,Rear End Collision, Unknown Vehicle hit Container Vehicle  ,Unknown,Non injury,Over speed,Four lanes or more with central divider,Straight road,,Fine,Unknown    Vehicle,P.V,Fatal,0
02.09.2014,6:00 PM,1294.7,LHS,Rural,Ulavapadu,Rear End Collision, Unknown Vehicle hit Container Vehicle  ,Unknown,Non injury,Over speed,Four lanes or more with central divider,Straight road,,Fine,Unknown    Vehicle,P.V,Grevious,0
02.09.2014,6:00 PM,1294.7,LHS,Rural,Ulavapadu,Rear End Collision, Unknown Vehicle hit Container Vehicle  ,Unknown,Non injury,Over speed,Four lanes or more with central divider,Straight road,,Fine,Unknown    Vehicle,P.V,Minor,0
02.09.2014,6:00 PM,1294.7,LHS,Rural,Ulavapadu,Rear End Collision, Unknown Vehicle hit Container Vehicle  ,Unknown,Non injury,Over speed,Four lanes or more with central divider,Straight road,,Fine,Unknown    Vehicle,P.V,Non injured ,1
02.09.2014,6:00 PM,1294.7,LHS,Rural,Ulavapadu,Rear End Collision, Unknown Vehicle hit Container Vehicle  ,Unknown,Non injury,Over speed,Four lanes or more with central divider,Straight road,,Fine,Unknown    Vehicle,P.V,Animals affected,0
02.09.2014,9:32 PM,1196.3,RHS,Rural,Martur,Collision Brush/Side Wipe, Bike hit Unknown Vehicle ,Bike,Minor injury,Over speed,Four lanes or more with central divider,Straight road,,Fine,AP15P  2123,P.V,Fatal,0
02.09.2014,9:32 PM,1196.3,RHS,Rural,Martur,Collision Brush/Side Wipe, Bike hit Unknown Vehicle ,Bike,Minor injury,Over speed,Four lanes or more with central divider,Straight road,,Fine,AP15P  2123,P.V,Grevious,0
02.09.2014,9:32 PM,1196.3,RHS,Rural,Martur,Collision Brush/Side Wipe, Bike hit Unknown Vehicle ,Bike,Minor injury,Over speed,Four lanes or more with central divider,Straight road,,Fine,AP15P  2123,P.V,Minor,1
02.09.2014,9:32 PM,1196.3,RHS,Rural,Martur,Collision Brush/Side Wipe, Bike hit Unknown Vehicle ,Bike,Minor injury,Over speed,Four lanes or more with central divider,Straight road,,Fine,AP15P  2123,P.V,Non injured ,0
02.09.2014,9:32 PM,1196.3,RHS,Rural,Martur,Collision Brush/Side Wipe, Bike hit Unknown Vehicle ,Bike,Minor injury,Over speed,Four lanes or more with central divider,Straight road,,Fine,AP15P  2123,P.V,Animals affected,0
03.09.2014,1:05 PM,1268.2,RHS,Rural,Jarugumalli,Collision Brush/Side Wipe, Bike hit Median,Bike,Grievious injury,Over speed,Four lanes or more with central divider,Straight road,,Fine,AP27AT   0561,P.V & AMB,Fatal,0
03.09.2014,1:05 PM,1268.2,RHS,Rural,Jarugumalli,Collision Brush/Side Wipe, Bike hit Median,Bike,Grievious injury,Over speed,Four lanes or more with central divider,Straight road,,Fine,AP27AT   0561,P.V & AMB,Grevious,1
03.09.2014,1:05 PM,1268.2,RHS,Rural,Jarugumalli,Collision Brush/Side Wipe, Bike hit Median,Bike,Grievious injury,Over speed,Four lanes or more with central divider,Straight road,,Fine,AP27AT   0561,P.V & AMB,Minor,1
03.09.2014,1:05 PM,1268.2,RHS,Rural,Jarugumalli,Collision Brush/Side Wipe, Bike hit Median,Bike,Grievious injury,Over speed,Four lanes or more with central divider,Straight road,,Fine,AP27AT   0561,P.V & AMB,Non injured ,0
03.09.2014,1:05 PM,1268.2,RHS,Rural,Jarugumalli,Collision Brush/Side Wipe, Bike hit Median,Bike,Grievious injury,Over speed,Four lanes or more with central divider,Straight road,,Fine,AP27AT   0561,P.V & AMB,Animals affected,0
03.09.2014,3:02 PM,1197.2,RHS,Rural,Martur,Overturning, Lorry Overturned towards ROW,Lorry,Grievious injury,Over speed,Four lanes or more with central divider,Straight road,,Fine,AP07 TB      1179,P.V & AMB,Fatal,0
03.09.2014,3:02 PM,1197.2,RHS,Rural,Martur,Overturning, Lorry Overturned towards ROW,Lorry,Grievious injury,Over speed,Four lanes or more with central divider,Straight road,,Fine,AP07 TB      1179,P.V & AMB,Grevious,1
03.09.2014,3:02 PM,1197.2,RHS,Rural,Martur,Overturning, Lorry Overturned towards ROW,Lorry,Grievious injury,Over speed,Four lanes or more with central divider,Straight road,,Fine,AP07 TB      1179,P.V & AMB,Minor,1
03.09.2014,3:02 PM,1197.2,RHS,Rural,Martur,Overturning, Lorry Overturned towards ROW,Lorry,Grievious injury,Over speed,Four lanes or more with central divider,Straight road,,Fine,AP07 TB      1179,P.V & AMB,Non injured ,0
03.09.2014,3:02 PM,1197.2,RHS,Rural,Martur,Overturning, Lorry Overturned towards ROW,Lorry,Grievious injury,Over speed,Four lanes or more with central divider,Straight road,,Fine,AP07 TB      1179,P.V & AMB,Animals affected,0
03.09.2014,5:00 PM,1359.1,RHS,Rural,Kodavaluru,Rear End Collision, Lorry hit Unknown Vehicle,Lorry,Non injury,Over speed,Four lanes or more with central divider,Straight road,,Fine,AP29TB    0129,P.V,Fatal,0
03.09.2014,5:00 PM,1359.1,RHS,Rural,Kodavaluru,Rear End Collision, Lorry hit Unknown Vehicle,Lorry,Non injury,Over speed,Four lanes or more with central divider,Straight road,,Fine,AP29TB    0129,P.V,Grevious,0
03.09.2014,5:00 PM,1359.1,RHS,Rural,Kodavaluru,Rear End Collision, Lorry hit Unknown Vehicle,Lorry,Non injury,Over speed,Four lanes or more with central divider,Straight road,,Fine,AP29TB    0129,P.V,Minor,0
03.09.2014,5:00 PM,1359.1,RHS,Rural,Kodavaluru,Rear End Collision, Lorry hit Unknown Vehicle,Lorry,Non injury,Over speed,Four lanes or more with central divider,Straight road,,Fine,AP29TB    0129,P.V,Non injured ,2
03.09.2014,5:00 PM,1359.1,RHS,Rural,Kodavaluru,Rear End Collision, Lorry hit Unknown Vehicle,Lorry,Non injury,Over speed,Four lanes or more with central divider,Straight road,,Fine,AP29TB    0129,P.V,Animals affected,0
04.09.2014,8:52 AM,1352.4,LHS,Rural,Kodavaluru,Others(p1.Specific),Bike Person Fall down on the Road,Bike,Grievious injury,Fault of driver of motor vehicle/driver of other vehicle/cyclist/pedestrian/passenger,Four lanes or more with central divider,Straight road,,Fine,AP26AP    4079,AMB,Fatal,0
04.09.2014,8:52 AM,1352.4,LHS,Rural,Kodavaluru,Others(p1.Specific),Bike Person Fall down on the Road,Bike,Grievious injury,Fault of driver of motor vehicle/driver of other vehicle/cyclist/pedestrian/passenger,Four lanes or more with central divider,Straight road,,Fine,AP26AP    4079,AMB,Grevious,1
04.09.2014,8:52 AM,1352.4,LHS,Rural,Kodavaluru,Others(p1.Specific),Bike Person Fall down on the Road,Bike,Grievious injury,Fault of driver of motor vehicle/driver of other vehicle/cyclist/pedestrian/passenger,Four lanes or more with central divider,Straight road,,Fine,AP26AP    4079,AMB,Minor,0
04.09.2014,8:52 AM,1352.4,LHS,Rural,Kodavaluru,Others(p1.Specific),Bike Person Fall down on the Road,Bike,Grievious injury,Fault of driver of motor vehicle/driver of other vehicle/cyclist/pedestrian/passenger,Four lanes or more with central divider,Straight road,,Fine,AP26AP    4079,AMB,Non injured ,2
04.09.2014,8:52 AM,1352.4,LHS,Rural,Kodavaluru,Others(p1.Specific),Bike Person Fall down on the Road,Bike,Grievious injury,Fault of driver of motor vehicle/driver of other vehicle/cyclist/pedestrian/passenger,Four lanes or more with central divider,Straight road,,Fine,AP26AP    4079,AMB,Animals affected,0
04.09.2014,11:59 AM,1280.7,LHS,Rural,Singarayakonda,Collision Brush/Side Wipe,Trailer hit  Bike,Trailler,Grievious injury,Fault of driver of motor vehicle/driver of other vehicle/cyclist/pedestrian/passenger,Four lanes or more with central divider,Straight road,,Fine,JH11H   3561,P.V & AMB,Fatal,0
04.09.2014,11:59 AM,1280.7,LHS,Rural,Singarayakonda,Collision Brush/Side Wipe,Trailer hit  Bike,Trailler,Grievious injury,Fault of driver of motor vehicle/driver of other vehicle/cyclist/pedestrian/passenger,Four lanes or more with central divider,Straight road,,Fine,JH11H   3561,P.V & AMB,Grevious,2
04.09.2014,11:59 AM,1280.7,LHS,Rural,Singarayakonda,Collision Brush/Side Wipe,Trailer hit  Bike,Trailler,Grievious injury,Fault of driver of motor vehicle/driver of other vehicle/cyclist/pedestrian/passenger,Four lanes or more with central divider,Straight road,,Fine,JH11H   3561,P.V & AMB,Minor,0
04.09.2014,11:59 AM,1280.7,LHS,Rural,Singarayakonda,Collision Brush/Side Wipe,Trailer hit  Bike,Trailler,Grievious injury,Fault of driver of motor vehicle/driver of other vehicle/cyclist/pedestrian/passenger,Four lanes or more with central divider,Straight road,,Fine,JH11H   3561,P.V & AMB,Non injured ,0
04.09.2014,11:59 AM,1280.7,LHS,Rural,Singarayakonda,Collision Brush/Side Wipe,Trailer hit  Bike,Trailler,Grievious injury,Fault of driver of motor vehicle/driver of other vehicle/cyclist/pedestrian/passenger,Four lanes or more with central divider,Straight road,,Fine,JH11H   3561,P.V & AMB,Animals affected,0
04.09.2014,12:20 PM,1257.5,RHS,Rural,Tangutur,Collision Brush/Side Wipe, Car hit        Car,Car,Minor injury,Over speed,Four lanes or more with central divider,Straight road,Four arm junction,Fine,AP20AA  4455,P.V,Fatal,0
04.09.2014,12:20 PM,1257.5,RHS,Rural,Tangutur,Collision Brush/Side Wipe, Car hit        Car,Car,Minor injury,Over speed,Four lanes or more with central divider,Straight road,Four arm junction,Fine,AP20AA  4455,P.V,Grevious,0
04.09.2014,12:20 PM,1257.5,RHS,Rural,Tangutur,Collision Brush/Side Wipe, Car hit        Car,Car,Minor injury,Over speed,Four lanes or more with central divider,Straight road,Four arm junction,Fine,AP20AA  4455,P.V,Minor,4
04.09.2014,12:20 PM,1257.5,RHS,Rural,Tangutur,Collision Brush/Side Wipe, Car hit        Car,Car,Minor injury,Over speed,Four lanes or more with central divider,Straight road,Four arm junction,Fine,AP20AA  4455,P.V,Non injured ,1
04.09.2014,12:20 PM,1257.5,RHS,Rural,Tangutur,Collision Brush/Side Wipe, Car hit        Car,Car,Minor injury,Over speed,Four lanes or more with central divider,Straight road,Four arm junction,Fine,AP20AA  4455,P.V,Animals affected,0
04.09.2014,2:35 PM,1262.8,RHS,Rural,Tangutur,Rear End Collision, Lorry hit Tractor,Lorry,Non injury,Fault of driver of motor vehicle/driver of other vehicle/cyclist/pedestrian/passenger,Four lanes or more with central divider,Straight road,,Fine,TN30U       1992,P.V,Fatal,0
04.09.2014,2:35 PM,1262.8,RHS,Rural,Tangutur,Rear End Collision, Lorry hit Tractor,Lorry,Non injury,Fault of driver of motor vehicle/driver of other vehicle/cyclist/pedestrian/passenger,Four lanes or more with central divider,Straight road,,Fine,TN30U       1992,P.V,Grevious,0
04.09.2014,2:35 PM,1262.8,RHS,Rural,Tangutur,Rear End Collision, Lorry hit Tractor,Lorry,Non injury,Fault of driver of motor vehicle/driver of other vehicle/cyclist/pedestrian/passenger,Four lanes or more with central divider,Straight road,,Fine,TN30U       1992,P.V,Minor,0
04.09.2014,2:35 PM,1262.8,RHS,Rural,Tangutur,Rear End Collision, Lorry hit Tractor,Lorry,Non injury,Fault of driver of motor vehicle/driver of other vehicle/cyclist/pedestrian/passenger,Four lanes or more with central divider,Straight road,,Fine,TN30U       1992,P.V,Non injured ,2
04.09.2014,2:35 PM,1262.8,RHS,Rural,Tangutur,Rear End Collision, Lorry hit Tractor,Lorry,Non injury,Fault of driver of motor vehicle/driver of other vehicle/cyclist/pedestrian/passenger,Four lanes or more with central divider,Straight road,,Fine,TN30U       1992,P.V,Animals affected,0
06.09.2014,11:10 AM,1302.2,RHS,Rural,Gudluru,Right Turn Collision, Tipper hit Lorry,Lorry,Non injury,Over speed,Four lanes or more with central divider,Straight road,,Fine,AP26PA  5567,P.V,Fatal,0
06.09.2014,11:10 AM,1302.2,RHS,Rural,Gudluru,Right Turn Collision, Tipper hit Lorry,Lorry,Non injury,Over speed,Four lanes or more with central divider,Straight road,,Fine,AP26PA  5567,P.V,Grevious,0
06.09.2014,11:10 AM,1302.2,RHS,Rural,Gudluru,Right Turn Collision, Tipper hit Lorry,Lorry,Non injury,Over speed,Four lanes or more with central divider,Straight road,,Fine,AP26PA  5567,P.V,Minor,0
06.09.2014,11:10 AM,1302.2,RHS,Rural,Gudluru,Right Turn Collision, Tipper hit Lorry,Lorry,Non injury,Over speed,Four lanes or more with central divider,Straight road,,Fine,AP26PA  5567,P.V,Non injured ,3
06.09.2014,11:10 AM,1302.2,RHS,Rural,Gudluru,Right Turn Collision, Tipper hit Lorry,Lorry,Non injury,Over speed,Four lanes or more with central divider,Straight road,,Fine,AP26PA  5567,P.V,Animals affected,0
07.09.2014,5:41 PM,1240,LHS,Rural,Ongole,Overturning, Tractor Over turned,Tractor,Fatal,Defect in mechanical condition of motor vehicle/road condition,Three lanes or more without central divider(median),Sharp curve,T-Junction,Fine,AP27TT  0783,P.V,Fatal,3
07.09.2014,5:41 PM,1240,LHS,Rural,Ongole,Overturning, Tractor Over turned,Tractor,Fatal,Defect in mechanical condition of motor vehicle/road condition,Three lanes or more without central divider(median),Sharp curve,T-Junction,Fine,AP27TT  0783,P.V,Grevious,5
07.09.2014,5:41 PM,1240,LHS,Rural,Ongole,Overturning, Tractor Over turned,Tractor,Fatal,Defect in mechanical condition of motor vehicle/road condition,Three lanes or more without central divider(median),Sharp curve,T-Junction,Fine,AP27TT  0783,P.V,Minor,1
07.09.2014,5:41 PM,1240,LHS,Rural,Ongole,Overturning, Tractor Over turned,Tractor,Fatal,Defect in mechanical condition of motor vehicle/road condition,Three lanes or more without central divider(median),Sharp curve,T-Junction,Fine,AP27TT  0783,P.V,Non injured ,11
07.09.2014,5:41 PM,1240,LHS,Rural,Ongole,Overturning, Tractor Over turned,Tractor,Fatal,Defect in mechanical condition of motor vehicle/road condition,Three lanes or more without central divider(median),Sharp curve,T-Junction,Fine,AP27TT  0783,P.V,Animals affected,0
08.09.2014,2:50 AM,1335.3,RHS,Rural,K.Tippa ,Overturning, Lorry Overturned towards ROW,Lorry,Grievious injury,Fault of driver of motor vehicle/driver of other vehicle/cyclist/pedestrian/passenger,Four lanes or more with central divider,Straight road,,Fine,AP16TW  7292,P.V,Fatal,0
08.09.2014,2:50 AM,1335.3,RHS,Rural,K.Tippa ,Overturning, Lorry Overturned towards ROW,Lorry,Grievious injury,Fault of driver of motor vehicle/driver of other vehicle/cyclist/pedestrian/passenger,Four lanes or more with central divider,Straight road,,Fine,AP16TW  7292,P.V,Grevious,1
08.09.2014,2:50 AM,1335.3,RHS,Rural,K.Tippa ,Overturning, Lorry Overturned towards ROW,Lorry,Grievious injury,Fault of driver of motor vehicle/driver of other vehicle/cyclist/pedestrian/passenger,Four lanes or more with central divider,Straight road,,Fine,AP16TW  7292,P.V,Minor,1
08.09.2014,2:50 AM,1335.3,RHS,Rural,K.Tippa ,Overturning, Lorry Overturned towards ROW,Lorry,Grievious injury,Fault of driver of motor vehicle/driver of other vehicle/cyclist/pedestrian/passenger,Four lanes or more with central divider,Straight road,,Fine,AP16TW  7292,P.V,Non injured ,0
08.09.2014,2:50 AM,1335.3,RHS,Rural,K.Tippa ,Overturning, Lorry Overturned towards ROW,Lorry,Grievious injury,Fault of driver of motor vehicle/driver of other vehicle/cyclist/pedestrian/passenger,Four lanes or more with central divider,Straight road,,Fine,AP16TW  7292,P.V,Animals affected,0
10.09.2014,1:30 AM,1242.1,RHS,Rural,Ongole,Overturning,Granite Trailer  Overturned,Granite,Non injury,Fault of driver of motor vehicle/driver of other vehicle/cyclist/pedestrian/passenger,Four lanes or more with central divider,Straight road,,Fine,AP27Y   2307,P.V,Fatal,0
10.09.2014,1:30 AM,1242.1,RHS,Rural,Ongole,Overturning,Granite Trailer  Overturned,Granite,Non injury,Fault of driver of motor vehicle/driver of other vehicle/cyclist/pedestrian/passenger,Four lanes or more with central divider,Straight road,,Fine,AP27Y   2307,P.V,Grevious,0
10.09.2014,1:30 AM,1242.1,RHS,Rural,Ongole,Overturning,Granite Trailer  Overturned,Granite,Non injury,Fault of driver of motor vehicle/driver of other vehicle/cyclist/pedestrian/passenger,Four lanes or more with central divider,Straight road,,Fine,AP27Y   2307,P.V,Minor,0
10.09.2014,1:30 AM,1242.1,RHS,Rural,Ongole,Overturning,Granite Trailer  Overturned,Granite,Non injury,Fault of driver of motor vehicle/driver of other vehicle/cyclist/pedestrian/passenger,Four lanes or more with central divider,Straight road,,Fine,AP27Y   2307,P.V,Non injured ,2
10.09.2014,1:30 AM,1242.1,RHS,Rural,Ongole,Overturning,Granite Trailer  Overturned,Granite,Non injury,Fault of driver of motor vehicle/driver of other vehicle/cyclist/pedestrian/passenger,Four lanes or more with central divider,Straight road,,Fine,AP27Y   2307,P.V,Animals affected,0
10.09.2014,2:34 PM,1254,LHS,Rural,Ongole,Collision Brush/Side Wipe, Bike hit        Median,Bike,Fatal,Over speed,Four lanes or more with central divider,Straight road,,Fine,AP27T/R    4528,P.V,Fatal,1
10.09.2014,2:34 PM,1254,LHS,Rural,Ongole,Collision Brush/Side Wipe, Bike hit        Median,Bike,Fatal,Over speed,Four lanes or more with central divider,Straight road,,Fine,AP27T/R    4528,P.V,Grevious,1
10.09.2014,2:34 PM,1254,LHS,Rural,Ongole,Collision Brush/Side Wipe, Bike hit        Median,Bike,Fatal,Over speed,Four lanes or more with central divider,Straight road,,Fine,AP27T/R    4528,P.V,Minor,0
10.09.2014,2:34 PM,1254,LHS,Rural,Ongole,Collision Brush/Side Wipe, Bike hit        Median,Bike,Fatal,Over speed,Four lanes or more with central divider,Straight road,,Fine,AP27T/R    4528,P.V,Non injured ,0
10.09.2014,2:34 PM,1254,LHS,Rural,Ongole,Collision Brush/Side Wipe, Bike hit        Median,Bike,Fatal,Over speed,Four lanes or more with central divider,Straight road,,Fine,AP27T/R    4528,P.V,Animals affected,0
11.09.2014,2:55 AM,1268.5,RHS,Rural,Jarugumalli,Overturning, Mini Lorry Overturned ,Lorry,Non injury,Vehicle out of control,Four lanes or more with central divider,Straight road,,Fine,AP05W    3189,P.V,Fatal,0
11.09.2014,2:55 AM,1268.5,RHS,Rural,Jarugumalli,Overturning, Mini Lorry Overturned ,Lorry,Non injury,Vehicle out of control,Four lanes or more with central divider,Straight road,,Fine,AP05W    3189,P.V,Grevious,0
11.09.2014,2:55 AM,1268.5,RHS,Rural,Jarugumalli,Overturning, Mini Lorry Overturned ,Lorry,Non injury,Vehicle out of control,Four lanes or more with central divider,Straight road,,Fine,AP05W    3189,P.V,Minor,0
11.09.2014,2:55 AM,1268.5,RHS,Rural,Jarugumalli,Overturning, Mini Lorry Overturned ,Lorry,Non injury,Vehicle out of control,Four lanes or more with central divider,Straight road,,Fine,AP05W    3189,P.V,Non injured ,1
11.09.2014,2:55 AM,1268.5,RHS,Rural,Jarugumalli,Overturning, Mini Lorry Overturned ,Lorry,Non injury,Vehicle out of control,Four lanes or more with central divider,Straight road,,Fine,AP05W    3189,P.V,Animals affected,0
11.09.2014,11:50 AM,1204.4,RHS,Rural,Reningavaram,Skidding, Bike Skidding,Bike,Grievious injury,Fault of driver of motor vehicle/driver of other vehicle/cyclist/pedestrian/passenger,Four lanes or more with central divider,Straight road,,Fine,AP27AL   4227,P.V & AMB,Fatal,0
11.09.2014,11:50 AM,1204.4,RHS,Rural,Reningavaram,Skidding, Bike Skidding,Bike,Grievious injury,Fault of driver of motor vehicle/driver of other vehicle/cyclist/pedestrian/passenger,Four lanes or more with central divider,Straight road,,Fine,AP27AL   4227,P.V & AMB,Grevious,1
11.09.2014,11:50 AM,1204.4,RHS,Rural,Reningavaram,Skidding, Bike Skidding,Bike,Grievious injury,Fault of driver of motor vehicle/driver of other vehicle/cyclist/pedestrian/passenger,Four lanes or more with central divider,Straight road,,Fine,AP27AL   4227,P.V & AMB,Minor,0
11.09.2014,11:50 AM,1204.4,RHS,Rural,Reningavaram,Skidding, Bike Skidding,Bike,Grievious injury,Fault of driver of motor vehicle/driver of other vehicle/cyclist/pedestrian/passenger,Four lanes or more with central divider,Straight road,,Fine,AP27AL   4227,P.V & AMB,Non injured ,0
11.09.2014,11:50 AM,1204.4,RHS,Rural,Reningavaram,Skidding, Bike Skidding,Bike,Grievious injury,Fault of driver of motor vehicle/driver of other vehicle/cyclist/pedestrian/passenger,Four lanes or more with central divider,Straight road,,Fine,AP27AL   4227,P.V & AMB,Animals affected,0
11.09.2014,2:37 PM,1199.7,RHS,Rural,Reningavaram,Skidding, Bike Skidding,Bike,Grievious injury,Over speed,Three lanes or more without central divider(median),Straight road,,Fine,AP27AM   7652,AMB,Fatal,0
11.09.2014,2:37 PM,1199.7,RHS,Rural,Reningavaram,Skidding, Bike Skidding,Bike,Grievious injury,Over speed,Three lanes or more without central divider(median),Straight road,,Fine,AP27AM   7652,AMB,Grevious,1
11.09.2014,2:37 PM,1199.7,RHS,Rural,Reningavaram,Skidding, Bike Skidding,Bike,Grievious injury,Over speed,Three lanes or more without central divider(median),Straight road,,Fine,AP27AM   7652,AMB,Minor,0
11.09.2014,2:37 PM,1199.7,RHS,Rural,Reningavaram,Skidding, Bike Skidding,Bike,Grievious injury,Over speed,Three lanes or more without central divider(median),Straight road,,Fine,AP27AM   7652,AMB,Non injured ,0
11.09.2014,2:37 PM,1199.7,RHS,Rural,Reningavaram,Skidding, Bike Skidding,Bike,Grievious injury,Over speed,Three lanes or more without central divider(median),Straight road,,Fine,AP27AM   7652,AMB,Animals affected,0