Operational date,Time of Accident,KM && M,Position,Rural/Urban,Location,Nature of Accident Position,Nature of Accident,Vehicle Involved,Type of Accident,Causes,Road Feature,Road condition,Intersection Type And Control,Weather Condition,Vehicle Responsible,Help Provided by Ambulance/Patroling Vehicle,Classification of Accident,No of Affected Persons
12.09.2014,1:27 AM,1350,LHS,Rural,Kodavaluru,Overturning, Mini Lorry Overturned ,Lorry,Minor injury,Over speed,Four lanes or more with central divider,Straight road,,Fine,AP27TW 5367,P.V,Fatal,0
12.09.2014,1:27 AM,1350,LHS,Rural,Kodavaluru,Overturning, Mini Lorry Overturned ,Lorry,Minor injury,Over speed,Four lanes or more with central divider,Straight road,,Fine,AP27TW 5367,P.V,Grevious,0
12.09.2014,1:27 AM,1350,LHS,Rural,Kodavaluru,Overturning, Mini Lorry Overturned ,Lorry,Minor injury,Over speed,Four lanes or more with central divider,Straight road,,Fine,AP27TW 5367,P.V,Minor,3
12.09.2014,1:27 AM,1350,LHS,Rural,Kodavaluru,Overturning, Mini Lorry Overturned ,Lorry,Minor injury,Over speed,Four lanes or more with central divider,Straight road,,Fine,AP27TW 5367,P.V,Non injured ,0
12.09.2014,1:27 AM,1350,LHS,Rural,Kodavaluru,Overturning, Mini Lorry Overturned ,Lorry,Minor injury,Over speed,Four lanes or more with central divider,Straight road,,Fine,AP27TW 5367,P.V,Animals affected,0
13.09.2014,3:00 AM,1268.6,RHS,Rural,Jarugumalli,Collision Brush/Side Wipe, RTC Bus hit C.C Barrier,Bus,Non injury,Fault of driver of motor vehicle/driver of other vehicle/cyclist/pedestrian/passenger,Four lanes or more with central divider,Straight road,,Cloudy,AP27Z     0098,P.V,Fatal,0
13.09.2014,3:00 AM,1268.6,RHS,Rural,Jarugumalli,Collision Brush/Side Wipe, RTC Bus hit C.C Barrier,Bus,Non injury,Fault of driver of motor vehicle/driver of other vehicle/cyclist/pedestrian/passenger,Four lanes or more with central divider,Straight road,,Cloudy,AP27Z     0098,P.V,Grevious,0
13.09.2014,3:00 AM,1268.6,RHS,Rural,Jarugumalli,Collision Brush/Side Wipe, RTC Bus hit C.C Barrier,Bus,Non injury,Fault of driver of motor vehicle/driver of other vehicle/cyclist/pedestrian/passenger,Four lanes or more with central divider,Straight road,,Cloudy,AP27Z     0098,P.V,Minor,0
13.09.2014,3:00 AM,1268.6,RHS,Rural,Jarugumalli,Collision Brush/Side Wipe, RTC Bus hit C.C Barrier,Bus,Non injury,Fault of driver of motor vehicle/driver of other vehicle/cyclist/pedestrian/passenger,Four lanes or more with central divider,Straight road,,Cloudy,AP27Z     0098,P.V,Non injured ,15
13.09.2014,3:00 AM,1268.6,RHS,Rural,Jarugumalli,Collision Brush/Side Wipe, RTC Bus hit C.C Barrier,Bus,Non injury,Fault of driver of motor vehicle/driver of other vehicle/cyclist/pedestrian/passenger,Four lanes or more with central divider,Straight road,,Cloudy,AP27Z     0098,P.V,Animals affected,0
13.09.2014,10:40 AM,1320.3,LHS,Rural,Kavali,Collision Brush/Side Wipe, Car hit        Buffalos,Car,Minor injury,Over speed,Four lanes or more with central divider,Straight road,,Light rain,AP09CS   1515,P.V,Fatal,0
13.09.2014,10:40 AM,1320.3,LHS,Rural,Kavali,Collision Brush/Side Wipe, Car hit        Buffalos,Car,Minor injury,Over speed,Four lanes or more with central divider,Straight road,,Light rain,AP09CS   1515,P.V,Grevious,0
13.09.2014,10:40 AM,1320.3,LHS,Rural,Kavali,Collision Brush/Side Wipe, Car hit        Buffalos,Car,Minor injury,Over speed,Four lanes or more with central divider,Straight road,,Light rain,AP09CS   1515,P.V,Minor,2
13.09.2014,10:40 AM,1320.3,LHS,Rural,Kavali,Collision Brush/Side Wipe, Car hit        Buffalos,Car,Minor injury,Over speed,Four lanes or more with central divider,Straight road,,Light rain,AP09CS   1515,P.V,Non injured ,2
13.09.2014,10:40 AM,1320.3,LHS,Rural,Kavali,Collision Brush/Side Wipe, Car hit        Buffalos,Car,Minor injury,Over speed,Four lanes or more with central divider,Straight road,,Light rain,AP09CS   1515,P.V,Animals affected,2
14.09.2014,6:45 AM,1330.7,RHS,Rural,Kavali,Rear End Collision, Lorry hit Lorry,Lorry,Minor injury,Fault of driver of motor vehicle/driver of other vehicle/cyclist/pedestrian/passenger,Four lanes or more with central divider,Straight road,,Fine,TN07AD       1956,P.V,Fatal,0
14.09.2014,6:45 AM,1330.7,RHS,Rural,Kavali,Rear End Collision, Lorry hit Lorry,Lorry,Minor injury,Fault of driver of motor vehicle/driver of other vehicle/cyclist/pedestrian/passenger,Four lanes or more with central divider,Straight road,,Fine,TN07AD       1956,P.V,Grevious,0
14.09.2014,6:45 AM,1330.7,RHS,Rural,Kavali,Rear End Collision, Lorry hit Lorry,Lorry,Minor injury,Fault of driver of motor vehicle/driver of other vehicle/cyclist/pedestrian/passenger,Four lanes or more with central divider,Straight road,,Fine,TN07AD       1956,P.V,Minor,1
14.09.2014,6:45 AM,1330.7,RHS,Rural,Kavali,Rear End Collision, Lorry hit Lorry,Lorry,Minor injury,Fault of driver of motor vehicle/driver of other vehicle/cyclist/pedestrian/passenger,Four lanes or more with central divider,Straight road,,Fine,TN07AD       1956,P.V,Non injured ,2
14.09.2014,6:45 AM,1330.7,RHS,Rural,Kavali,Rear End Collision, Lorry hit Lorry,Lorry,Minor injury,Fault of driver of motor vehicle/driver of other vehicle/cyclist/pedestrian/passenger,Four lanes or more with central divider,Straight road,,Fine,TN07AD       1956,P.V,Animals affected,0
14.09.2014,10:00 AM,1307.9,RHS,Rural,Kavali,Rear End Collision, Lorry  hit Unknown Vehicle ,Lorry,Non injury,Fault of driver of motor vehicle/driver of other vehicle/cyclist/pedestrian/passenger,Four lanes or more with central divider,Straight road,,Fine,RJ06GA   8722,P.V,Fatal,0
14.09.2014,10:00 AM,1307.9,RHS,Rural,Kavali,Rear End Collision, Lorry  hit Unknown Vehicle ,Lorry,Non injury,Fault of driver of motor vehicle/driver of other vehicle/cyclist/pedestrian/passenger,Four lanes or more with central divider,Straight road,,Fine,RJ06GA   8722,P.V,Grevious,0
14.09.2014,10:00 AM,1307.9,RHS,Rural,Kavali,Rear End Collision, Lorry  hit Unknown Vehicle ,Lorry,Non injury,Fault of driver of motor vehicle/driver of other vehicle/cyclist/pedestrian/passenger,Four lanes or more with central divider,Straight road,,Fine,RJ06GA   8722,P.V,Minor,0
14.09.2014,10:00 AM,1307.9,RHS,Rural,Kavali,Rear End Collision, Lorry  hit Unknown Vehicle ,Lorry,Non injury,Fault of driver of motor vehicle/driver of other vehicle/cyclist/pedestrian/passenger,Four lanes or more with central divider,Straight road,,Fine,RJ06GA   8722,P.V,Non injured ,2
14.09.2014,10:00 AM,1307.9,RHS,Rural,Kavali,Rear End Collision, Lorry  hit Unknown Vehicle ,Lorry,Non injury,Fault of driver of motor vehicle/driver of other vehicle/cyclist/pedestrian/passenger,Four lanes or more with central divider,Straight road,,Fine,RJ06GA   8722,P.V,Animals affected,0
14.09.2014,7:05 PM,1326,RHS,Rural,Kavali,Rear End Collision, Lorry hit   Bike,Lorry,Minor injury,Over speed,Four lanes or more with central divider,Straight road,,Fine,AP27Y   9559,P.V & AMB,Fatal,0
14.09.2014,7:05 PM,1326,RHS,Rural,Kavali,Rear End Collision, Lorry hit   Bike,Lorry,Minor injury,Over speed,Four lanes or more with central divider,Straight road,,Fine,AP27Y   9559,P.V & AMB,Grevious,0
14.09.2014,7:05 PM,1326,RHS,Rural,Kavali,Rear End Collision, Lorry hit   Bike,Lorry,Minor injury,Over speed,Four lanes or more with central divider,Straight road,,Fine,AP27Y   9559,P.V & AMB,Minor,2
14.09.2014,7:05 PM,1326,RHS,Rural,Kavali,Rear End Collision, Lorry hit   Bike,Lorry,Minor injury,Over speed,Four lanes or more with central divider,Straight road,,Fine,AP27Y   9559,P.V & AMB,Non injured ,0
14.09.2014,7:05 PM,1326,RHS,Rural,Kavali,Rear End Collision, Lorry hit   Bike,Lorry,Minor injury,Over speed,Four lanes or more with central divider,Straight road,,Fine,AP27Y   9559,P.V & AMB,Animals affected,0
15.09.2014,2:00 AM,1357.6,LHS,Rural,Kodavaluru,Rear End Collision, Lorry  hit Unknown Vehicle ,Lorry,Grievious injury,Over speed,Four lanes or more with central divider,Straight road,,Light rain,AP24Y    9789,P.V,Fatal,0
15.09.2014,2:00 AM,1357.6,LHS,Rural,Kodavaluru,Rear End Collision, Lorry  hit Unknown Vehicle ,Lorry,Grievious injury,Over speed,Four lanes or more with central divider,Straight road,,Light rain,AP24Y    9789,P.V,Grevious,1
15.09.2014,2:00 AM,1357.6,LHS,Rural,Kodavaluru,Rear End Collision, Lorry  hit Unknown Vehicle ,Lorry,Grievious injury,Over speed,Four lanes or more with central divider,Straight road,,Light rain,AP24Y    9789,P.V,Minor,0
15.09.2014,2:00 AM,1357.6,LHS,Rural,Kodavaluru,Rear End Collision, Lorry  hit Unknown Vehicle ,Lorry,Grievious injury,Over speed,Four lanes or more with central divider,Straight road,,Light rain,AP24Y    9789,P.V,Non injured ,0
15.09.2014,2:00 AM,1357.6,LHS,Rural,Kodavaluru,Rear End Collision, Lorry  hit Unknown Vehicle ,Lorry,Grievious injury,Over speed,Four lanes or more with central divider,Straight road,,Light rain,AP24Y    9789,P.V,Animals affected,0
15.09.2014,4:00 AM,1330,RHS,Rural,Kavali,Rear End Collision, Container Vehicle hit Unknown Vehicle ,Container,Non injury,Fault of driver of motor vehicle/driver of other vehicle/cyclist/pedestrian/passenger,Four lanes or more with central divider,Straight road,,Light rain,TN73D    9110,P.V,Fatal,0
15.09.2014,4:00 AM,1330,RHS,Rural,Kavali,Rear End Collision, Container Vehicle hit Unknown Vehicle ,Container,Non injury,Fault of driver of motor vehicle/driver of other vehicle/cyclist/pedestrian/passenger,Four lanes or more with central divider,Straight road,,Light rain,TN73D    9110,P.V,Grevious,0
15.09.2014,4:00 AM,1330,RHS,Rural,Kavali,Rear End Collision, Container Vehicle hit Unknown Vehicle ,Container,Non injury,Fault of driver of motor vehicle/driver of other vehicle/cyclist/pedestrian/passenger,Four lanes or more with central divider,Straight road,,Light rain,TN73D    9110,P.V,Minor,0
15.09.2014,4:00 AM,1330,RHS,Rural,Kavali,Rear End Collision, Container Vehicle hit Unknown Vehicle ,Container,Non injury,Fault of driver of motor vehicle/driver of other vehicle/cyclist/pedestrian/passenger,Four lanes or more with central divider,Straight road,,Light rain,TN73D    9110,P.V,Non injured ,1
15.09.2014,4:00 AM,1330,RHS,Rural,Kavali,Rear End Collision, Container Vehicle hit Unknown Vehicle ,Container,Non injury,Fault of driver of motor vehicle/driver of other vehicle/cyclist/pedestrian/passenger,Four lanes or more with central divider,Straight road,,Light rain,TN73D    9110,P.V,Animals affected,0
15.09.2014,7:23 AM,1202.8,RHS,Rural,Reningavaram,Rear End Collision, Mini Bus  hit   Bike,Lorry,Grievious injury,Over speed,Four lanes or more with central divider,Straight road,,Fine,AP27Y  1480,P.V & AMB,Fatal,0
15.09.2014,7:23 AM,1202.8,RHS,Rural,Reningavaram,Rear End Collision, Mini Bus  hit   Bike,Lorry,Grievious injury,Over speed,Four lanes or more with central divider,Straight road,,Fine,AP27Y  1480,P.V & AMB,Grevious,1
15.09.2014,7:23 AM,1202.8,RHS,Rural,Reningavaram,Rear End Collision, Mini Bus  hit   Bike,Lorry,Grievious injury,Over speed,Four lanes or more with central divider,Straight road,,Fine,AP27Y  1480,P.V & AMB,Minor,0
15.09.2014,7:23 AM,1202.8,RHS,Rural,Reningavaram,Rear End Collision, Mini Bus  hit   Bike,Lorry,Grievious injury,Over speed,Four lanes or more with central divider,Straight road,,Fine,AP27Y  1480,P.V & AMB,Non injured ,1
15.09.2014,7:23 AM,1202.8,RHS,Rural,Reningavaram,Rear End Collision, Mini Bus  hit   Bike,Lorry,Grievious injury,Over speed,Four lanes or more with central divider,Straight road,,Fine,AP27Y  1480,P.V & AMB,Animals affected,0
16.09.2014,4:00 AM,1278.4,RHS,Rural,Singarayakonda,Head on collision, Car hit        Car,Car,Minor injury,Fault of driver of motor vehicle/driver of other vehicle/cyclist/pedestrian/passenger,Four lanes or more with central divider,Straight road,,Fine,AP27AS    5299,P.V,Fatal,0
16.09.2014,4:00 AM,1278.4,RHS,Rural,Singarayakonda,Head on collision, Car hit        Car,Car,Minor injury,Fault of driver of motor vehicle/driver of other vehicle/cyclist/pedestrian/passenger,Four lanes or more with central divider,Straight road,,Fine,AP27AS    5299,P.V,Grevious,0
16.09.2014,4:00 AM,1278.4,RHS,Rural,Singarayakonda,Head on collision, Car hit        Car,Car,Minor injury,Fault of driver of motor vehicle/driver of other vehicle/cyclist/pedestrian/passenger,Four lanes or more with central divider,Straight road,,Fine,AP27AS    5299,P.V,Minor,3
16.09.2014,4:00 AM,1278.4,RHS,Rural,Singarayakonda,Head on collision, Car hit        Car,Car,Minor injury,Fault of driver of motor vehicle/driver of other vehicle/cyclist/pedestrian/passenger,Four lanes or more with central divider,Straight road,,Fine,AP27AS    5299,P.V,Non injured ,0
16.09.2014,4:00 AM,1278.4,RHS,Rural,Singarayakonda,Head on collision, Car hit        Car,Car,Minor injury,Fault of driver of motor vehicle/driver of other vehicle/cyclist/pedestrian/passenger,Four lanes or more with central divider,Straight road,,Fine,AP27AS    5299,P.V,Animals affected,0
16.09.2014,4:30 AM,1322.3,RHS,Rural,Kavali,Overturning, Mini Lorry Overturned ,Lorry,Non injury,Over speed,Two lanes,Slight curve,,Light rain,AP16TD 0429,P.V,Fatal,0
16.09.2014,4:30 AM,1322.3,RHS,Rural,Kavali,Overturning, Mini Lorry Overturned ,Lorry,Non injury,Over speed,Two lanes,Slight curve,,Light rain,AP16TD 0429,P.V,Grevious,0
16.09.2014,4:30 AM,1322.3,RHS,Rural,Kavali,Overturning, Mini Lorry Overturned ,Lorry,Non injury,Over speed,Two lanes,Slight curve,,Light rain,AP16TD 0429,P.V,Minor,0
16.09.2014,4:30 AM,1322.3,RHS,Rural,Kavali,Overturning, Mini Lorry Overturned ,Lorry,Non injury,Over speed,Two lanes,Slight curve,,Light rain,AP16TD 0429,P.V,Non injured ,2
16.09.2014,4:30 AM,1322.3,RHS,Rural,Kavali,Overturning, Mini Lorry Overturned ,Lorry,Non injury,Over speed,Two lanes,Slight curve,,Light rain,AP16TD 0429,P.V,Animals affected,0
16.09.2014,9:40 AM,1264.3,LHS,Rural,Tangutur,Collision Brush/Side Wipe, Bike hit Tipper Lorry,Bike,Minor injury,Over speed,Four lanes or more with central divider,Straight road,,Cloudy,AP26AD 2337,AMB,Fatal,0
16.09.2014,9:40 AM,1264.3,LHS,Rural,Tangutur,Collision Brush/Side Wipe, Bike hit Tipper Lorry,Bike,Minor injury,Over speed,Four lanes or more with central divider,Straight road,,Cloudy,AP26AD 2337,AMB,Grevious,0
16.09.2014,9:40 AM,1264.3,LHS,Rural,Tangutur,Collision Brush/Side Wipe, Bike hit Tipper Lorry,Bike,Minor injury,Over speed,Four lanes or more with central divider,Straight road,,Cloudy,AP26AD 2337,AMB,Minor,1
16.09.2014,9:40 AM,1264.3,LHS,Rural,Tangutur,Collision Brush/Side Wipe, Bike hit Tipper Lorry,Bike,Minor injury,Over speed,Four lanes or more with central divider,Straight road,,Cloudy,AP26AD 2337,AMB,Non injured ,0
16.09.2014,9:40 AM,1264.3,LHS,Rural,Tangutur,Collision Brush/Side Wipe, Bike hit Tipper Lorry,Bike,Minor injury,Over speed,Four lanes or more with central divider,Straight road,,Cloudy,AP26AD 2337,AMB,Animals affected,0
16.09.2014,7:12 PM,1271.2,RHS,Rural,Jarugumalli,Rear End Collision, Unknown vehicle hit TVS XL Moped,Unknown,Grievious injury,Over speed,Four lanes or more with central divider,Straight road,,Fine,Unknown    Vehicle,P.V & AMB,Fatal,0
16.09.2014,7:12 PM,1271.2,RHS,Rural,Jarugumalli,Rear End Collision, Unknown vehicle hit TVS XL Moped,Unknown,Grievious injury,Over speed,Four lanes or more with central divider,Straight road,,Fine,Unknown    Vehicle,P.V & AMB,Grevious,1
16.09.2014,7:12 PM,1271.2,RHS,Rural,Jarugumalli,Rear End Collision, Unknown vehicle hit TVS XL Moped,Unknown,Grievious injury,Over speed,Four lanes or more with central divider,Straight road,,Fine,Unknown    Vehicle,P.V & AMB,Minor,0
16.09.2014,7:12 PM,1271.2,RHS,Rural,Jarugumalli,Rear End Collision, Unknown vehicle hit TVS XL Moped,Unknown,Grievious injury,Over speed,Four lanes or more with central divider,Straight road,,Fine,Unknown    Vehicle,P.V & AMB,Non injured ,0
16.09.2014,7:12 PM,1271.2,RHS,Rural,Jarugumalli,Rear End Collision, Unknown vehicle hit TVS XL Moped,Unknown,Grievious injury,Over speed,Four lanes or more with central divider,Straight road,,Fine,Unknown    Vehicle,P.V & AMB,Animals affected,0
17.09.2014,1:05 AM,1202.2,LHS,Rural,Reningavaram,Rear End Collision, APSRTC Bus hit Lorry,Bus,Minor injury,Over speed,Four lanes or more with central divider,Straight road,,Fine,AP29Z  3618,P.V,Fatal,0
17.09.2014,1:05 AM,1202.2,LHS,Rural,Reningavaram,Rear End Collision, APSRTC Bus hit Lorry,Bus,Minor injury,Over speed,Four lanes or more with central divider,Straight road,,Fine,AP29Z  3618,P.V,Grevious,0
17.09.2014,1:05 AM,1202.2,LHS,Rural,Reningavaram,Rear End Collision, APSRTC Bus hit Lorry,Bus,Minor injury,Over speed,Four lanes or more with central divider,Straight road,,Fine,AP29Z  3618,P.V,Minor,1
17.09.2014,1:05 AM,1202.2,LHS,Rural,Reningavaram,Rear End Collision, APSRTC Bus hit Lorry,Bus,Minor injury,Over speed,Four lanes or more with central divider,Straight road,,Fine,AP29Z  3618,P.V,Non injured ,30
17.09.2014,1:05 AM,1202.2,LHS,Rural,Reningavaram,Rear End Collision, APSRTC Bus hit Lorry,Bus,Minor injury,Over speed,Four lanes or more with central divider,Straight road,,Fine,AP29Z  3618,P.V,Animals affected,0
17.09.2014,4:25 AM,1273.7,RHS,Rural,Singarayakonda,Rear End Collision, Container Vehicle hit Unknown Vehicle ,Container,Non injury,Over speed,Four lanes or more with central divider,Straight road,,Fine,AP05TA 7508,P.V,Fatal,0
17.09.2014,4:25 AM,1273.7,RHS,Rural,Singarayakonda,Rear End Collision, Container Vehicle hit Unknown Vehicle ,Container,Non injury,Over speed,Four lanes or more with central divider,Straight road,,Fine,AP05TA 7508,P.V,Grevious,0
17.09.2014,4:25 AM,1273.7,RHS,Rural,Singarayakonda,Rear End Collision, Container Vehicle hit Unknown Vehicle ,Container,Non injury,Over speed,Four lanes or more with central divider,Straight road,,Fine,AP05TA 7508,P.V,Minor,0
17.09.2014,4:25 AM,1273.7,RHS,Rural,Singarayakonda,Rear End Collision, Container Vehicle hit Unknown Vehicle ,Container,Non injury,Over speed,Four lanes or more with central divider,Straight road,,Fine,AP05TA 7508,P.V,Non injured ,2
17.09.2014,4:25 AM,1273.7,RHS,Rural,Singarayakonda,Rear End Collision, Container Vehicle hit Unknown Vehicle ,Container,Non injury,Over speed,Four lanes or more with central divider,Straight road,,Fine,AP05TA 7508,P.V,Animals affected,0
17.09.2014,6:20 AM,1212.2,RHS,Rural,Medarametla,Overturning, Mini Van Over Turned,Lorry,Non injury,Vehicle out of control,Four lanes or more with central divider,Straight road,,Cloudy,AP20TB  5578,P.V,Fatal,0
17.09.2014,6:20 AM,1212.2,RHS,Rural,Medarametla,Overturning, Mini Van Over Turned,Lorry,Non injury,Vehicle out of control,Four lanes or more with central divider,Straight road,,Cloudy,AP20TB  5578,P.V,Grevious,0
17.09.2014,6:20 AM,1212.2,RHS,Rural,Medarametla,Overturning, Mini Van Over Turned,Lorry,Non injury,Vehicle out of control,Four lanes or more with central divider,Straight road,,Cloudy,AP20TB  5578,P.V,Minor,0
17.09.2014,6:20 AM,1212.2,RHS,Rural,Medarametla,Overturning, Mini Van Over Turned,Lorry,Non injury,Vehicle out of control,Four lanes or more with central divider,Straight road,,Cloudy,AP20TB  5578,P.V,Non injured ,2
17.09.2014,6:20 AM,1212.2,RHS,Rural,Medarametla,Overturning, Mini Van Over Turned,Lorry,Non injury,Vehicle out of control,Four lanes or more with central divider,Straight road,,Cloudy,AP20TB  5578,P.V,Animals affected,0
17.09.2014,7:26 AM,1352.9,LHS,Rural,Kodavaluru,Rear End Collision, Lorry hit Container Vehicle & Lorry,Lorry,Grievious injury,Fault of driver of motor vehicle/driver of other vehicle/cyclist/pedestrian/passenger,Four lanes or more with central divider,Straight road,,Cloudy,AP16TU  5324,P.V,Fatal,0
17.09.2014,7:26 AM,1352.9,LHS,Rural,Kodavaluru,Rear End Collision, Lorry hit Container Vehicle & Lorry,Lorry,Grievious injury,Fault of driver of motor vehicle/driver of other vehicle/cyclist/pedestrian/passenger,Four lanes or more with central divider,Straight road,,Cloudy,AP16TU  5324,P.V,Grevious,2
17.09.2014,7:26 AM,1352.9,LHS,Rural,Kodavaluru,Rear End Collision, Lorry hit Container Vehicle & Lorry,Lorry,Grievious injury,Fault of driver of motor vehicle/driver of other vehicle/cyclist/pedestrian/passenger,Four lanes or more with central divider,Straight road,,Cloudy,AP16TU  5324,P.V,Minor,0
17.09.2014,7:26 AM,1352.9,LHS,Rural,Kodavaluru,Rear End Collision, Lorry hit Container Vehicle & Lorry,Lorry,Grievious injury,Fault of driver of motor vehicle/driver of other vehicle/cyclist/pedestrian/passenger,Four lanes or more with central divider,Straight road,,Cloudy,AP16TU  5324,P.V,Non injured ,0
17.09.2014,7:26 AM,1352.9,LHS,Rural,Kodavaluru,Rear End Collision, Lorry hit Container Vehicle & Lorry,Lorry,Grievious injury,Fault of driver of motor vehicle/driver of other vehicle/cyclist/pedestrian/passenger,Four lanes or more with central divider,Straight road,,Cloudy,AP16TU  5324,P.V,Animals affected,0
17.09.2014,5:00 PM,1294.3,RHS,Rural,Ulavapadu,Rear End Collision, Mini Lorry  hit Unknown Vehicle ,Lorry,Non injury,Over speed,Four lanes or more with central divider,Straight road,,Cloudy,MH26H    8380,P.V,Fatal,0
17.09.2014,5:00 PM,1294.3,RHS,Rural,Ulavapadu,Rear End Collision, Mini Lorry  hit Unknown Vehicle ,Lorry,Non injury,Over speed,Four lanes or more with central divider,Straight road,,Cloudy,MH26H    8380,P.V,Grevious,0
17.09.2014,5:00 PM,1294.3,RHS,Rural,Ulavapadu,Rear End Collision, Mini Lorry  hit Unknown Vehicle ,Lorry,Non injury,Over speed,Four lanes or more with central divider,Straight road,,Cloudy,MH26H    8380,P.V,Minor,0
17.09.2014,5:00 PM,1294.3,RHS,Rural,Ulavapadu,Rear End Collision, Mini Lorry  hit Unknown Vehicle ,Lorry,Non injury,Over speed,Four lanes or more with central divider,Straight road,,Cloudy,MH26H    8380,P.V,Non injured ,2
17.09.2014,5:00 PM,1294.3,RHS,Rural,Ulavapadu,Rear End Collision, Mini Lorry  hit Unknown Vehicle ,Lorry,Non injury,Over speed,Four lanes or more with central divider,Straight road,,Cloudy,MH26H    8380,P.V,Animals affected,0
18.09.2014,2:15 AM,1358.2,LHS,Rural,Kodavaluru,Collision Brush/Side Wipe, Lorry hit   Tipper,Lorry,Non injury,Fault of driver of motor vehicle/driver of other vehicle/cyclist/pedestrian/passenger,Four lanes or more with central divider,Straight road,,Light rain,AP27TT    5697,P.V,Fatal,0
18.09.2014,2:15 AM,1358.2,LHS,Rural,Kodavaluru,Collision Brush/Side Wipe, Lorry hit   Tipper,Lorry,Non injury,Fault of driver of motor vehicle/driver of other vehicle/cyclist/pedestrian/passenger,Four lanes or more with central divider,Straight road,,Light rain,AP27TT    5697,P.V,Grevious,0
18.09.2014,2:15 AM,1358.2,LHS,Rural,Kodavaluru,Collision Brush/Side Wipe, Lorry hit   Tipper,Lorry,Non injury,Fault of driver of motor vehicle/driver of other vehicle/cyclist/pedestrian/passenger,Four lanes or more with central divider,Straight road,,Light rain,AP27TT    5697,P.V,Minor,0
18.09.2014,2:15 AM,1358.2,LHS,Rural,Kodavaluru,Collision Brush/Side Wipe, Lorry hit   Tipper,Lorry,Non injury,Fault of driver of motor vehicle/driver of other vehicle/cyclist/pedestrian/passenger,Four lanes or more with central divider,Straight road,,Light rain,AP27TT    5697,P.V,Non injured ,4
18.09.2014,2:15 AM,1358.2,LHS,Rural,Kodavaluru,Collision Brush/Side Wipe, Lorry hit   Tipper,Lorry,Non injury,Fault of driver of motor vehicle/driver of other vehicle/cyclist/pedestrian/passenger,Four lanes or more with central divider,Straight road,,Light rain,AP27TT    5697,P.V,Animals affected,0
18.09.2014,5:50 AM,1186.2,LHS,Rural,Martur,Rear End Collision, Car hit Unknown Vehicle ,Car,Minor injury,Fault of driver of motor vehicle/driver of other vehicle/cyclist/pedestrian/passenger,Four lanes or more with central divider,Straight road,,Light rain,TS03EA     2969,P.V,Fatal,0
18.09.2014,5:50 AM,1186.2,LHS,Rural,Martur,Rear End Collision, Car hit Unknown Vehicle ,Car,Minor injury,Fault of driver of motor vehicle/driver of other vehicle/cyclist/pedestrian/passenger,Four lanes or more with central divider,Straight road,,Light rain,TS03EA     2969,P.V,Grevious,0
18.09.2014,5:50 AM,1186.2,LHS,Rural,Martur,Rear End Collision, Car hit Unknown Vehicle ,Car,Minor injury,Fault of driver of motor vehicle/driver of other vehicle/cyclist/pedestrian/passenger,Four lanes or more with central divider,Straight road,,Light rain,TS03EA     2969,P.V,Minor,3
18.09.2014,5:50 AM,1186.2,LHS,Rural,Martur,Rear End Collision, Car hit Unknown Vehicle ,Car,Minor injury,Fault of driver of motor vehicle/driver of other vehicle/cyclist/pedestrian/passenger,Four lanes or more with central divider,Straight road,,Light rain,TS03EA     2969,P.V,Non injured ,1
18.09.2014,5:50 AM,1186.2,LHS,Rural,Martur,Rear End Collision, Car hit Unknown Vehicle ,Car,Minor injury,Fault of driver of motor vehicle/driver of other vehicle/cyclist/pedestrian/passenger,Four lanes or more with central divider,Straight road,,Light rain,TS03EA     2969,P.V,Animals affected,0
18.09.2014,10:50 AM,1243.3,LHS,Rural,Ongole,Right Turn Collision, Trailer Vehicle hit Car,Trailler,Non injury,Fault of driver of motor vehicle/driver of other vehicle/cyclist/pedestrian/passenger,Four lanes or more with central divider,Straight road,,Light rain,TN01AS    3062,P.V,Fatal,0
18.09.2014,10:50 AM,1243.3,LHS,Rural,Ongole,Right Turn Collision, Trailer Vehicle hit Car,Trailler,Non injury,Fault of driver of motor vehicle/driver of other vehicle/cyclist/pedestrian/passenger,Four lanes or more with central divider,Straight road,,Light rain,TN01AS    3062,P.V,Grevious,0
18.09.2014,10:50 AM,1243.3,LHS,Rural,Ongole,Right Turn Collision, Trailer Vehicle hit Car,Trailler,Non injury,Fault of driver of motor vehicle/driver of other vehicle/cyclist/pedestrian/passenger,Four lanes or more with central divider,Straight road,,Light rain,TN01AS    3062,P.V,Minor,0
18.09.2014,10:50 AM,1243.3,LHS,Rural,Ongole,Right Turn Collision, Trailer Vehicle hit Car,Trailler,Non injury,Fault of driver of motor vehicle/driver of other vehicle/cyclist/pedestrian/passenger,Four lanes or more with central divider,Straight road,,Light rain,TN01AS    3062,P.V,Non injured ,4
18.09.2014,10:50 AM,1243.3,LHS,Rural,Ongole,Right Turn Collision, Trailer Vehicle hit Car,Trailler,Non injury,Fault of driver of motor vehicle/driver of other vehicle/cyclist/pedestrian/passenger,Four lanes or more with central divider,Straight road,,Light rain,TN01AS    3062,P.V,Animals affected,0
18.09.2014,1:40 PM,1268.8,LHS,Rural,Jarugumalli,Rear End Collision, Lorry  hit   Bike,Lorry,Minor injury,Over speed,Four lanes or more with central divider,Straight road,,Light rain,AP04T  6289,P.V,Fatal,0