Operational date,Time of Accident,KM && M,Position,Rural/Urban,Location,Nature of Accident Position,Nature of Accident,Vehicle Involved,Type of Accident,Causes,Road Feature,Road condition,Intersection Type And Control,Weather Condition,Vehicle Responsible,Help Provided by Ambulance/Patroling Vehicle,Classification of Accident,No of Affected Persons
18.09.2014,1:40 PM,1268.8,LHS,Rural,Jarugumalli,Rear End Collision, Lorry  hit   Bike,Lorry,Minor injury,Over speed,Four lanes or more with central divider,Straight road,,Light rain,AP04T  6289,P.V,Grevious,0
18.09.2014,1:40 PM,1268.8,LHS,Rural,Jarugumalli,Rear End Collision, Lorry  hit   Bike,Lorry,Minor injury,Over speed,Four lanes or more with central divider,Straight road,,Light rain,AP04T  6289,P.V,Minor,1
18.09.2014,1:40 PM,1268.8,LHS,Rural,Jarugumalli,Rear End Collision, Lorry  hit   Bike,Lorry,Minor injury,Over speed,Four lanes or more with central divider,Straight road,,Light rain,AP04T  6289,P.V,Non injured ,0
18.09.2014,1:40 PM,1268.8,LHS,Rural,Jarugumalli,Rear End Collision, Lorry  hit   Bike,Lorry,Minor injury,Over speed,Four lanes or more with central divider,Straight road,,Light rain,AP04T  6289,P.V,Animals affected,0
18.09.2014,4:35 PM,1189.7,LHS,Rural,Martur,Overturning, Car Over Turned,Car,Minor injury,Vehicle out of control,Four lanes or more with central divider,Straight road,T-Junction,Light rain,AP27Q  9495,P.V,Fatal,0
18.09.2014,4:35 PM,1189.7,LHS,Rural,Martur,Overturning, Car Over Turned,Car,Minor injury,Vehicle out of control,Four lanes or more with central divider,Straight road,T-Junction,Light rain,AP27Q  9495,P.V,Grevious,0
18.09.2014,4:35 PM,1189.7,LHS,Rural,Martur,Overturning, Car Over Turned,Car,Minor injury,Vehicle out of control,Four lanes or more with central divider,Straight road,T-Junction,Light rain,AP27Q  9495,P.V,Minor,2
18.09.2014,4:35 PM,1189.7,LHS,Rural,Martur,Overturning, Car Over Turned,Car,Minor injury,Vehicle out of control,Four lanes or more with central divider,Straight road,T-Junction,Light rain,AP27Q  9495,P.V,Non injured ,0
18.09.2014,4:35 PM,1189.7,LHS,Rural,Martur,Overturning, Car Over Turned,Car,Minor injury,Vehicle out of control,Four lanes or more with central divider,Straight road,T-Junction,Light rain,AP27Q  9495,P.V,Animals affected,0
21.09.2014,4:50 AM,1207.9,RHS,Rural,Reningavaram,Overturning, Mini Lorry Over Turned,Lorry,Minor injury,Over speed,Four lanes or more with central divider,Straight road,,Fine,AP02Y   3522,P.V & AMB,Fatal,0
21.09.2014,4:50 AM,1207.9,RHS,Rural,Reningavaram,Overturning, Mini Lorry Over Turned,Lorry,Minor injury,Over speed,Four lanes or more with central divider,Straight road,,Fine,AP02Y   3522,P.V & AMB,Grevious,0
21.09.2014,4:50 AM,1207.9,RHS,Rural,Reningavaram,Overturning, Mini Lorry Over Turned,Lorry,Minor injury,Over speed,Four lanes or more with central divider,Straight road,,Fine,AP02Y   3522,P.V & AMB,Minor,1
21.09.2014,4:50 AM,1207.9,RHS,Rural,Reningavaram,Overturning, Mini Lorry Over Turned,Lorry,Minor injury,Over speed,Four lanes or more with central divider,Straight road,,Fine,AP02Y   3522,P.V & AMB,Non injured ,1
21.09.2014,4:50 AM,1207.9,RHS,Rural,Reningavaram,Overturning, Mini Lorry Over Turned,Lorry,Minor injury,Over speed,Four lanes or more with central divider,Straight road,,Fine,AP02Y   3522,P.V & AMB,Animals affected,0
21.09.2014,4:45 PM,1289.6,LHS,Rural,Ulavapadu,Head on collision, Bike hit Tricycle,Bike,Minor injury,Druken,Four lanes or more with central divider,Slight curve,,Cloudy,AP26AL     4463,P.V,Fatal,0
21.09.2014,4:45 PM,1289.6,LHS,Rural,Ulavapadu,Head on collision, Bike hit Tricycle,Bike,Minor injury,Druken,Four lanes or more with central divider,Slight curve,,Cloudy,AP26AL     4463,P.V,Grevious,0
21.09.2014,4:45 PM,1289.6,LHS,Rural,Ulavapadu,Head on collision, Bike hit Tricycle,Bike,Minor injury,Druken,Four lanes or more with central divider,Slight curve,,Cloudy,AP26AL     4463,P.V,Minor,2
21.09.2014,4:45 PM,1289.6,LHS,Rural,Ulavapadu,Head on collision, Bike hit Tricycle,Bike,Minor injury,Druken,Four lanes or more with central divider,Slight curve,,Cloudy,AP26AL     4463,P.V,Non injured ,0
21.09.2014,4:45 PM,1289.6,LHS,Rural,Ulavapadu,Head on collision, Bike hit Tricycle,Bike,Minor injury,Druken,Four lanes or more with central divider,Slight curve,,Cloudy,AP26AL     4463,P.V,Animals affected,0
22.09.2014,3:15 AM,1289.1,LHS,Rural,Ulavapadu,Collision Brush/Side Wipe, Tempo Van  hit Median,van,Non injury,Fault of driver of motor vehicle/driver of other vehicle/cyclist/pedestrian/passenger,Four lanes or more with central divider,Slight curve,,Fine,AP26TT   5666,P.V,Fatal,0
22.09.2014,3:15 AM,1289.1,LHS,Rural,Ulavapadu,Collision Brush/Side Wipe, Tempo Van  hit Median,van,Non injury,Fault of driver of motor vehicle/driver of other vehicle/cyclist/pedestrian/passenger,Four lanes or more with central divider,Slight curve,,Fine,AP26TT   5666,P.V,Grevious,0
22.09.2014,3:15 AM,1289.1,LHS,Rural,Ulavapadu,Collision Brush/Side Wipe, Tempo Van  hit Median,van,Non injury,Fault of driver of motor vehicle/driver of other vehicle/cyclist/pedestrian/passenger,Four lanes or more with central divider,Slight curve,,Fine,AP26TT   5666,P.V,Minor,0
22.09.2014,3:15 AM,1289.1,LHS,Rural,Ulavapadu,Collision Brush/Side Wipe, Tempo Van  hit Median,van,Non injury,Fault of driver of motor vehicle/driver of other vehicle/cyclist/pedestrian/passenger,Four lanes or more with central divider,Slight curve,,Fine,AP26TT   5666,P.V,Non injured ,10
22.09.2014,3:15 AM,1289.1,LHS,Rural,Ulavapadu,Collision Brush/Side Wipe, Tempo Van  hit Median,van,Non injury,Fault of driver of motor vehicle/driver of other vehicle/cyclist/pedestrian/passenger,Four lanes or more with central divider,Slight curve,,Fine,AP26TT   5666,P.V,Animals affected,0
22.09.2014,3:50 AM,1313.1,RHS,Rural,Kavali,Rear End Collision, Oil Tanker  hit Unknown Vehicle ,Tanker,Non injury,Over speed,Four lanes or more with central divider,Straight road,T-Junction,Fine,AP26TA     0037,P.V,Fatal,0
22.09.2014,3:50 AM,1313.1,RHS,Rural,Kavali,Rear End Collision, Oil Tanker  hit Unknown Vehicle ,Tanker,Non injury,Over speed,Four lanes or more with central divider,Straight road,T-Junction,Fine,AP26TA     0037,P.V,Grevious,0
22.09.2014,3:50 AM,1313.1,RHS,Rural,Kavali,Rear End Collision, Oil Tanker  hit Unknown Vehicle ,Tanker,Non injury,Over speed,Four lanes or more with central divider,Straight road,T-Junction,Fine,AP26TA     0037,P.V,Minor,0
22.09.2014,3:50 AM,1313.1,RHS,Rural,Kavali,Rear End Collision, Oil Tanker  hit Unknown Vehicle ,Tanker,Non injury,Over speed,Four lanes or more with central divider,Straight road,T-Junction,Fine,AP26TA     0037,P.V,Non injured ,2
22.09.2014,3:50 AM,1313.1,RHS,Rural,Kavali,Rear End Collision, Oil Tanker  hit Unknown Vehicle ,Tanker,Non injury,Over speed,Four lanes or more with central divider,Straight road,T-Junction,Fine,AP26TA     0037,P.V,Animals affected,0
22.09.2014,6:45 AM,1354.4,LHS,Rural,Kodavaluru,Collision Brush/Side Wipe, RTC Bus hit Mini Lorry,Bus,Grievious injury,Over speed,Four lanes or more with central divider,Straight road,,Fine,AP16TB    2329,P.V,Fatal,0
22.09.2014,6:45 AM,1354.4,LHS,Rural,Kodavaluru,Collision Brush/Side Wipe, RTC Bus hit Mini Lorry,Bus,Grievious injury,Over speed,Four lanes or more with central divider,Straight road,,Fine,AP16TB    2329,P.V,Grevious,3
22.09.2014,6:45 AM,1354.4,LHS,Rural,Kodavaluru,Collision Brush/Side Wipe, RTC Bus hit Mini Lorry,Bus,Grievious injury,Over speed,Four lanes or more with central divider,Straight road,,Fine,AP16TB    2329,P.V,Minor,5
22.09.2014,6:45 AM,1354.4,LHS,Rural,Kodavaluru,Collision Brush/Side Wipe, RTC Bus hit Mini Lorry,Bus,Grievious injury,Over speed,Four lanes or more with central divider,Straight road,,Fine,AP16TB    2329,P.V,Non injured ,3
22.09.2014,6:45 AM,1354.4,LHS,Rural,Kodavaluru,Collision Brush/Side Wipe, RTC Bus hit Mini Lorry,Bus,Grievious injury,Over speed,Four lanes or more with central divider,Straight road,,Fine,AP16TB    2329,P.V,Animals affected,0
22.09.2014,5:20 PM,1210.8,LHS,Rural,Reningavaram,Rear End Collision, Lorry  hit   Bike,Lorry,Grievious injury,Over speed,Four lanes or more with central divider,Straight road,,Fine,AP07T  5139,P.V & AMB,Fatal,0
22.09.2014,5:20 PM,1210.8,LHS,Rural,Reningavaram,Rear End Collision, Lorry  hit   Bike,Lorry,Grievious injury,Over speed,Four lanes or more with central divider,Straight road,,Fine,AP07T  5139,P.V & AMB,Grevious,1
22.09.2014,5:20 PM,1210.8,LHS,Rural,Reningavaram,Rear End Collision, Lorry  hit   Bike,Lorry,Grievious injury,Over speed,Four lanes or more with central divider,Straight road,,Fine,AP07T  5139,P.V & AMB,Minor,1
22.09.2014,5:20 PM,1210.8,LHS,Rural,Reningavaram,Rear End Collision, Lorry  hit   Bike,Lorry,Grievious injury,Over speed,Four lanes or more with central divider,Straight road,,Fine,AP07T  5139,P.V & AMB,Non injured ,2
22.09.2014,5:20 PM,1210.8,LHS,Rural,Reningavaram,Rear End Collision, Lorry  hit   Bike,Lorry,Grievious injury,Over speed,Four lanes or more with central divider,Straight road,,Fine,AP07T  5139,P.V & AMB,Animals affected,0
22.09.2014,10:50 PM,1222.4,LHS,Rural,Medarametla,Head on collision,Container Vehicle hit Tata Ace Vehicle,Container,Grievious injury,Over speed,Four lanes or more with central divider,Straight road,,Fine,TN04AB   5397,P.V,Fatal,0
22.09.2014,10:50 PM,1222.4,LHS,Rural,Medarametla,Head on collision,Container Vehicle hit Tata Ace Vehicle,Container,Grievious injury,Over speed,Four lanes or more with central divider,Straight road,,Fine,TN04AB   5397,P.V,Grevious,1
22.09.2014,10:50 PM,1222.4,LHS,Rural,Medarametla,Head on collision,Container Vehicle hit Tata Ace Vehicle,Container,Grievious injury,Over speed,Four lanes or more with central divider,Straight road,,Fine,TN04AB   5397,P.V,Minor,0
22.09.2014,10:50 PM,1222.4,LHS,Rural,Medarametla,Head on collision,Container Vehicle hit Tata Ace Vehicle,Container,Grievious injury,Over speed,Four lanes or more with central divider,Straight road,,Fine,TN04AB   5397,P.V,Non injured ,1
22.09.2014,10:50 PM,1222.4,LHS,Rural,Medarametla,Head on collision,Container Vehicle hit Tata Ace Vehicle,Container,Grievious injury,Over speed,Four lanes or more with central divider,Straight road,,Fine,TN04AB   5397,P.V,Animals affected,0
23.09.2014,4:35 AM,1271.9,LHS,Rural,Jarugumalli,Rear End Collision, Lorry  hit   Mini Lorry,Lorry,Fatal,Fault of driver of motor vehicle/driver of other vehicle/cyclist/pedestrian/passenger,Four lanes or more with central divider,Straight road,,Fine,AP07TU  1829,P.V,Fatal,1
23.09.2014,4:35 AM,1271.9,LHS,Rural,Jarugumalli,Rear End Collision, Lorry  hit   Mini Lorry,Lorry,Fatal,Fault of driver of motor vehicle/driver of other vehicle/cyclist/pedestrian/passenger,Four lanes or more with central divider,Straight road,,Fine,AP07TU  1829,P.V,Grevious,0
23.09.2014,4:35 AM,1271.9,LHS,Rural,Jarugumalli,Rear End Collision, Lorry  hit   Mini Lorry,Lorry,Fatal,Fault of driver of motor vehicle/driver of other vehicle/cyclist/pedestrian/passenger,Four lanes or more with central divider,Straight road,,Fine,AP07TU  1829,P.V,Minor,0
23.09.2014,4:35 AM,1271.9,LHS,Rural,Jarugumalli,Rear End Collision, Lorry  hit   Mini Lorry,Lorry,Fatal,Fault of driver of motor vehicle/driver of other vehicle/cyclist/pedestrian/passenger,Four lanes or more with central divider,Straight road,,Fine,AP07TU  1829,P.V,Non injured ,1
23.09.2014,4:35 AM,1271.9,LHS,Rural,Jarugumalli,Rear End Collision, Lorry  hit   Mini Lorry,Lorry,Fatal,Fault of driver of motor vehicle/driver of other vehicle/cyclist/pedestrian/passenger,Four lanes or more with central divider,Straight road,,Fine,AP07TU  1829,P.V,Animals affected,0
24.09.2014,8:55 AM,1251.5,RHS,Rural,Ongole,Rear End Collision, Unknown Vehicle hit      Bike,Unknown,Fatal,Over speed,Four lanes or more with central divider,Straight road,,Fine,Unknown    Vehicle,P.V,Fatal,1
24.09.2014,8:55 AM,1251.5,RHS,Rural,Ongole,Rear End Collision, Unknown Vehicle hit      Bike,Unknown,Fatal,Over speed,Four lanes or more with central divider,Straight road,,Fine,Unknown    Vehicle,P.V,Grevious,0
24.09.2014,8:55 AM,1251.5,RHS,Rural,Ongole,Rear End Collision, Unknown Vehicle hit      Bike,Unknown,Fatal,Over speed,Four lanes or more with central divider,Straight road,,Fine,Unknown    Vehicle,P.V,Minor,0
24.09.2014,8:55 AM,1251.5,RHS,Rural,Ongole,Rear End Collision, Unknown Vehicle hit      Bike,Unknown,Fatal,Over speed,Four lanes or more with central divider,Straight road,,Fine,Unknown    Vehicle,P.V,Non injured ,0
24.09.2014,8:55 AM,1251.5,RHS,Rural,Ongole,Rear End Collision, Unknown Vehicle hit      Bike,Unknown,Fatal,Over speed,Four lanes or more with central divider,Straight road,,Fine,Unknown    Vehicle,P.V,Animals affected,0
25.09.2014,12:25 AM,1207.7,RHS,Rural,Reningavaram,Overturning, Car went out off road towords ROW,Car,Minor injury,Fault of driver of motor vehicle/driver of other vehicle/cyclist/pedestrian/passenger,Four lanes or more with central divider,Straight road,,Fine,AP16CB  1016,P.V & AMB,Fatal,0
25.09.2014,12:25 AM,1207.7,RHS,Rural,Reningavaram,Overturning, Car went out off road towords ROW,Car,Minor injury,Fault of driver of motor vehicle/driver of other vehicle/cyclist/pedestrian/passenger,Four lanes or more with central divider,Straight road,,Fine,AP16CB  1016,P.V & AMB,Grevious,0
25.09.2014,12:25 AM,1207.7,RHS,Rural,Reningavaram,Overturning, Car went out off road towords ROW,Car,Minor injury,Fault of driver of motor vehicle/driver of other vehicle/cyclist/pedestrian/passenger,Four lanes or more with central divider,Straight road,,Fine,AP16CB  1016,P.V & AMB,Minor,1
25.09.2014,12:25 AM,1207.7,RHS,Rural,Reningavaram,Overturning, Car went out off road towords ROW,Car,Minor injury,Fault of driver of motor vehicle/driver of other vehicle/cyclist/pedestrian/passenger,Four lanes or more with central divider,Straight road,,Fine,AP16CB  1016,P.V & AMB,Non injured ,3
25.09.2014,12:25 AM,1207.7,RHS,Rural,Reningavaram,Overturning, Car went out off road towords ROW,Car,Minor injury,Fault of driver of motor vehicle/driver of other vehicle/cyclist/pedestrian/passenger,Four lanes or more with central divider,Straight road,,Fine,AP16CB  1016,P.V & AMB,Animals affected,0
25.09.2014,12:40 AM,1230.6,RHS,Rural,Maddipadu,Collision Brush/Side Wipe, Tanker Lorry hit Unknown Vehivle,Tanker,Grievious injury,Over speed,Four lanes or more with central divider,Straight road,,Fine,TN01 AW 1842,P.V,Fatal,0
25.09.2014,12:40 AM,1230.6,RHS,Rural,Maddipadu,Collision Brush/Side Wipe, Tanker Lorry hit Unknown Vehivle,Tanker,Grievious injury,Over speed,Four lanes or more with central divider,Straight road,,Fine,TN01 AW 1842,P.V,Grevious,1
25.09.2014,12:40 AM,1230.6,RHS,Rural,Maddipadu,Collision Brush/Side Wipe, Tanker Lorry hit Unknown Vehivle,Tanker,Grievious injury,Over speed,Four lanes or more with central divider,Straight road,,Fine,TN01 AW 1842,P.V,Minor,0
25.09.2014,12:40 AM,1230.6,RHS,Rural,Maddipadu,Collision Brush/Side Wipe, Tanker Lorry hit Unknown Vehivle,Tanker,Grievious injury,Over speed,Four lanes or more with central divider,Straight road,,Fine,TN01 AW 1842,P.V,Non injured ,1
25.09.2014,12:40 AM,1230.6,RHS,Rural,Maddipadu,Collision Brush/Side Wipe, Tanker Lorry hit Unknown Vehivle,Tanker,Grievious injury,Over speed,Four lanes or more with central divider,Straight road,,Fine,TN01 AW 1842,P.V,Animals affected,0
25.09.2014,12:20 PM,1282.4,LHS,Rural,Singarayakonda,Rear End Collision, Lorry hit Unknown Vehicle,Lorry,Minor injury,Over speed,Four lanes or more with central divider,Straight road,,Fine,AP03U  9993,P.V,Fatal,0
25.09.2014,12:20 PM,1282.4,LHS,Rural,Singarayakonda,Rear End Collision, Lorry hit Unknown Vehicle,Lorry,Minor injury,Over speed,Four lanes or more with central divider,Straight road,,Fine,AP03U  9993,P.V,Grevious,0
25.09.2014,12:20 PM,1282.4,LHS,Rural,Singarayakonda,Rear End Collision, Lorry hit Unknown Vehicle,Lorry,Minor injury,Over speed,Four lanes or more with central divider,Straight road,,Fine,AP03U  9993,P.V,Minor,1
25.09.2014,12:20 PM,1282.4,LHS,Rural,Singarayakonda,Rear End Collision, Lorry hit Unknown Vehicle,Lorry,Minor injury,Over speed,Four lanes or more with central divider,Straight road,,Fine,AP03U  9993,P.V,Non injured ,1
25.09.2014,12:20 PM,1282.4,LHS,Rural,Singarayakonda,Rear End Collision, Lorry hit Unknown Vehicle,Lorry,Minor injury,Over speed,Four lanes or more with central divider,Straight road,,Fine,AP03U  9993,P.V,Animals affected,0
25.09.2014,10:30 PM,1277.2,LHS,Rural,Singarayakonda,Overturning,  Lorry Over Turned,Lorry,Non injury,Druken,Four lanes or more with central divider,Straight road,Four arm junction,Fine,AP24Y    3888,P.V,Fatal,0
25.09.2014,10:30 PM,1277.2,LHS,Rural,Singarayakonda,Overturning,  Lorry Over Turned,Lorry,Non injury,Druken,Four lanes or more with central divider,Straight road,Four arm junction,Fine,AP24Y    3888,P.V,Grevious,0
25.09.2014,10:30 PM,1277.2,LHS,Rural,Singarayakonda,Overturning,  Lorry Over Turned,Lorry,Non injury,Druken,Four lanes or more with central divider,Straight road,Four arm junction,Fine,AP24Y    3888,P.V,Minor,0
25.09.2014,10:30 PM,1277.2,LHS,Rural,Singarayakonda,Overturning,  Lorry Over Turned,Lorry,Non injury,Druken,Four lanes or more with central divider,Straight road,Four arm junction,Fine,AP24Y    3888,P.V,Non injured ,2
25.09.2014,10:30 PM,1277.2,LHS,Rural,Singarayakonda,Overturning,  Lorry Over Turned,Lorry,Non injury,Druken,Four lanes or more with central divider,Straight road,Four arm junction,Fine,AP24Y    3888,P.V,Animals affected,0
26.09.2014,4:00 AM,1327.2,RHS,Rural,Kavali,Rear End Collision, Lorry hit Unknown Vehicle,Lorry,Non injury,Druken,Four lanes or more with central divider,Straight road,,Fine,AP27U  7307,P.V,Fatal,0
26.09.2014,4:00 AM,1327.2,RHS,Rural,Kavali,Rear End Collision, Lorry hit Unknown Vehicle,Lorry,Non injury,Druken,Four lanes or more with central divider,Straight road,,Fine,AP27U  7307,P.V,Grevious,0
26.09.2014,4:00 AM,1327.2,RHS,Rural,Kavali,Rear End Collision, Lorry hit Unknown Vehicle,Lorry,Non injury,Druken,Four lanes or more with central divider,Straight road,,Fine,AP27U  7307,P.V,Minor,0
26.09.2014,4:00 AM,1327.2,RHS,Rural,Kavali,Rear End Collision, Lorry hit Unknown Vehicle,Lorry,Non injury,Druken,Four lanes or more with central divider,Straight road,,Fine,AP27U  7307,P.V,Non injured ,2
26.09.2014,4:00 AM,1327.2,RHS,Rural,Kavali,Rear End Collision, Lorry hit Unknown Vehicle,Lorry,Non injury,Druken,Four lanes or more with central divider,Straight road,,Fine,AP27U  7307,P.V,Animals affected,0
26.09.2014,4:35 AM,1320.1,LHS,Rural,Kavali,Overturning,  Lorry Over Turned,Lorry,Non injury,Fault of driver of motor vehicle/driver of other vehicle/cyclist/pedestrian/passenger,Four lanes or more with central divider,Straight road,,Fine,AP07 TN      1279,P.V,Fatal,0
26.09.2014,4:35 AM,1320.1,LHS,Rural,Kavali,Overturning,  Lorry Over Turned,Lorry,Non injury,Fault of driver of motor vehicle/driver of other vehicle/cyclist/pedestrian/passenger,Four lanes or more with central divider,Straight road,,Fine,AP07 TN      1279,P.V,Grevious,0
26.09.2014,4:35 AM,1320.1,LHS,Rural,Kavali,Overturning,  Lorry Over Turned,Lorry,Non injury,Fault of driver of motor vehicle/driver of other vehicle/cyclist/pedestrian/passenger,Four lanes or more with central divider,Straight road,,Fine,AP07 TN      1279,P.V,Minor,0
26.09.2014,4:35 AM,1320.1,LHS,Rural,Kavali,Overturning,  Lorry Over Turned,Lorry,Non injury,Fault of driver of motor vehicle/driver of other vehicle/cyclist/pedestrian/passenger,Four lanes or more with central divider,Straight road,,Fine,AP07 TN      1279,P.V,Non injured ,2
26.09.2014,4:35 AM,1320.1,LHS,Rural,Kavali,Overturning,  Lorry Over Turned,Lorry,Non injury,Fault of driver of motor vehicle/driver of other vehicle/cyclist/pedestrian/passenger,Four lanes or more with central divider,Straight road,,Fine,AP07 TN      1279,P.V,Animals affected,0
27.09.2014,1:15 AM,1249.4,RHS,Rural,Ongole, ,)Lorry hit Unknown vehicle,Lorry,Non injury,Over speed,Four lanes or more with central divider,Straight road,,Fine,AP 30 U  4569,P.V,Fatal,0
27.09.2014,1:15 AM,1249.4,RHS,Rural,Ongole, ,)Lorry hit Unknown vehicle,Lorry,Non injury,Over speed,Four lanes or more with central divider,Straight road,,Fine,AP 30 U  4569,P.V,Grevious,0
27.09.2014,1:15 AM,1249.4,RHS,Rural,Ongole, ,)Lorry hit Unknown vehicle,Lorry,Non injury,Over speed,Four lanes or more with central divider,Straight road,,Fine,AP 30 U  4569,P.V,Minor,0
27.09.2014,1:15 AM,1249.4,RHS,Rural,Ongole, ,)Lorry hit Unknown vehicle,Lorry,Non injury,Over speed,Four lanes or more with central divider,Straight road,,Fine,AP 30 U  4569,P.V,Non injured ,2
27.09.2014,1:15 AM,1249.4,RHS,Rural,Ongole, ,)Lorry hit Unknown vehicle,Lorry,Non injury,Over speed,Four lanes or more with central divider,Straight road,,Fine,AP 30 U  4569,P.V,Animals affected,0
27.09.2014,7:30 AM,1314.9,RHS,Rural,Kavali,Collision Brush/Side Wipe,Car hit Unknow    vehicle,Car,Minor injury,Over speed,Four lanes or more with central divider,Straight road,,Fine,TN 21 AR 4345,P .V& AMB,Fatal,0
27.09.2014,7:30 AM,1314.9,RHS,Rural,Kavali,Collision Brush/Side Wipe,Car hit Unknow    vehicle,Car,Minor injury,Over speed,Four lanes or more with central divider,Straight road,,Fine,TN 21 AR 4345,P .V& AMB,Grevious,0
27.09.2014,7:30 AM,1314.9,RHS,Rural,Kavali,Collision Brush/Side Wipe,Car hit Unknow    vehicle,Car,Minor injury,Over speed,Four lanes or more with central divider,Straight road,,Fine,TN 21 AR 4345,P .V& AMB,Minor,3
27.09.2014,7:30 AM,1314.9,RHS,Rural,Kavali,Collision Brush/Side Wipe,Car hit Unknow    vehicle,Car,Minor injury,Over speed,Four lanes or more with central divider,Straight road,,Fine,TN 21 AR 4345,P .V& AMB,Non injured ,5
27.09.2014,7:30 AM,1314.9,RHS,Rural,Kavali,Collision Brush/Side Wipe,Car hit Unknow    vehicle,Car,Minor injury,Over speed,Four lanes or more with central divider,Straight road,,Fine,TN 21 AR 4345,P .V& AMB,Animals affected,0
27.09.2014,12:25 PM,1347.3,RHS,Rural,Dagadarthi,Rear End Collision, Mini Lorry  hit Lorry,Lorry,Non injury,Over speed,Four lanes or more with central divider,Straight road,,Fine,AP 24 TV 9677,P.V,Fatal,0
27.09.2014,12:25 PM,1347.3,RHS,Rural,Dagadarthi,Rear End Collision, Mini Lorry  hit Lorry,Lorry,Non injury,Over speed,Four lanes or more with central divider,Straight road,,Fine,AP 24 TV 9677,P.V,Grevious,0
27.09.2014,12:25 PM,1347.3,RHS,Rural,Dagadarthi,Rear End Collision, Mini Lorry  hit Lorry,Lorry,Non injury,Over speed,Four lanes or more with central divider,Straight road,,Fine,AP 24 TV 9677,P.V,Minor,0
27.09.2014,12:25 PM,1347.3,RHS,Rural,Dagadarthi,Rear End Collision, Mini Lorry  hit Lorry,Lorry,Non injury,Over speed,Four lanes or more with central divider,Straight road,,Fine,AP 24 TV 9677,P.V,Non injured ,4
27.09.2014,12:25 PM,1347.3,RHS,Rural,Dagadarthi,Rear End Collision, Mini Lorry  hit Lorry,Lorry,Non injury,Over speed,Four lanes or more with central divider,Straight road,,Fine,AP 24 TV 9677,P.V,Animals affected,0
27.09.2014,10:20 PM,1192.2,LHS,Rural,Martur,Head on collision, Tata Ace hit Lorry,Tata Ace,Non injury,Fault of driver of motor vehicle/driver of other vehicle/cyclist/pedestrian/passenger,Four lanes or more with central divider,Straight road,,Fine,AP 07 TW 0637,P.V,Fatal,0
27.09.2014,10:20 PM,1192.2,LHS,Rural,Martur,Head on collision, Tata Ace hit Lorry,Tata Ace,Non injury,Fault of driver of motor vehicle/driver of other vehicle/cyclist/pedestrian/passenger,Four lanes or more with central divider,Straight road,,Fine,AP 07 TW 0637,P.V,Grevious,0
27.09.2014,10:20 PM,1192.2,LHS,Rural,Martur,Head on collision, Tata Ace hit Lorry,Tata Ace,Non injury,Fault of driver of motor vehicle/driver of other vehicle/cyclist/pedestrian/passenger,Four lanes or more with central divider,Straight road,,Fine,AP 07 TW 0637,P.V,Minor,0
27.09.2014,10:20 PM,1192.2,LHS,Rural,Martur,Head on collision, Tata Ace hit Lorry,Tata Ace,Non injury,Fault of driver of motor vehicle/driver of other vehicle/cyclist/pedestrian/passenger,Four lanes or more with central divider,Straight road,,Fine,AP 07 TW 0637,P.V,Non injured ,3
27.09.2014,10:20 PM,1192.2,LHS,Rural,Martur,Head on collision, Tata Ace hit Lorry,Tata Ace,Non injury,Fault of driver of motor vehicle/driver of other vehicle/cyclist/pedestrian/passenger,Four lanes or more with central divider,Straight road,,Fine,AP 07 TW 0637,P.V,Animals affected,0
28.09.2014,1:45 AM,1312.4,RHS,Rural,Kavali,Collision Brush/Side Wipe, Unknown Vehicle hit Pedestrian,Unknown,Fatal,Over speed,Four lanes or more with central divider,Straight road,,Fine,Unknown    Vehicle,P.V,Fatal,1
28.09.2014,1:45 AM,1312.4,RHS,Rural,Kavali,Collision Brush/Side Wipe, Unknown Vehicle hit Pedestrian,Unknown,Fatal,Over speed,Four lanes or more with central divider,Straight road,,Fine,Unknown    Vehicle,P.V,Grevious,0
28.09.2014,1:45 AM,1312.4,RHS,Rural,Kavali,Collision Brush/Side Wipe, Unknown Vehicle hit Pedestrian,Unknown,Fatal,Over speed,Four lanes or more with central divider,Straight road,,Fine,Unknown    Vehicle,P.V,Minor,0
28.09.2014,1:45 AM,1312.4,RHS,Rural,Kavali,Collision Brush/Side Wipe, Unknown Vehicle hit Pedestrian,Unknown,Fatal,Over speed,Four lanes or more with central divider,Straight road,,Fine,Unknown    Vehicle,P.V,Non injured ,0
28.09.2014,1:45 AM,1312.4,RHS,Rural,Kavali,Collision Brush/Side Wipe, Unknown Vehicle hit Pedestrian,Unknown,Fatal,Over speed,Four lanes or more with central divider,Straight road,,Fine,Unknown    Vehicle,P.V,Animals affected,0
30.09.2014,1:30 AM,1347.7,RHS,Rural,Dagadarthi,Collision Brush/Side Wipe,Car hit Unknow    vehicle,Car,Minor injury,Druken,Four lanes or more with central divider,Straight road,,Fine,AP09R   9448,P.V,Fatal,0
30.09.2014,1:30 AM,1347.7,RHS,Rural,Dagadarthi,Collision Brush/Side Wipe,Car hit Unknow    vehicle,Car,Minor injury,Druken,Four lanes or more with central divider,Straight road,,Fine,AP09R   9448,P.V,Grevious,0
30.09.2014,1:30 AM,1347.7,RHS,Rural,Dagadarthi,Collision Brush/Side Wipe,Car hit Unknow    vehicle,Car,Minor injury,Druken,Four lanes or more with central divider,Straight road,,Fine,AP09R   9448,P.V,Minor,1
30.09.2014,1:30 AM,1347.7,RHS,Rural,Dagadarthi,Collision Brush/Side Wipe,Car hit Unknow    vehicle,Car,Minor injury,Druken,Four lanes or more with central divider,Straight road,,Fine,AP09R   9448,P.V,Non injured ,0
30.09.2014,1:30 AM,1347.7,RHS,Rural,Dagadarthi,Collision Brush/Side Wipe,Car hit Unknow    vehicle,Car,Minor injury,Druken,Four lanes or more with central divider,Straight road,,Fine,AP09R   9448,P.V,Animals affected,0
30.09.2014,10:20 AM,1242.7,RHS,Rural,Ongole,Rear End Collision, Lorry  hit    Lorry,Lorry,Non injury,Over speed,Four lanes or more with central divider,Straight road,,Fine,AP31TW    8799,P.V,Fatal,0