Operational date,Time of Accident,KM && M,Position,Rural/Urban,Location,Nature of Accident Position,Nature of Accident,Vehicle Involved,Type of Accident,Causes,Road Feature,Road condition,Intersection Type And Control,Weather Condition,Vehicle Responsible,Help Provided by Ambulance/Patroling Vehicle,Classification of Accident,No of Affected Persons
30.09.2014,10:20 AM,1242.7,RHS,Rural,Ongole,Rear End Collision, Lorry  hit    Lorry,Lorry,Non injury,Over speed,Four lanes or more with central divider,Straight road,,Fine,AP31TW    8799,P.V,Grevious,0
30.09.2014,10:20 AM,1242.7,RHS,Rural,Ongole,Rear End Collision, Lorry  hit    Lorry,Lorry,Non injury,Over speed,Four lanes or more with central divider,Straight road,,Fine,AP31TW    8799,P.V,Minor,0
30.09.2014,10:20 AM,1242.7,RHS,Rural,Ongole,Rear End Collision, Lorry  hit    Lorry,Lorry,Non injury,Over speed,Four lanes or more with central divider,Straight road,,Fine,AP31TW    8799,P.V,Non injured ,4
30.09.2014,10:20 AM,1242.7,RHS,Rural,Ongole,Rear End Collision, Lorry  hit    Lorry,Lorry,Non injury,Over speed,Four lanes or more with central divider,Straight road,,Fine,AP31TW    8799,P.V,Animals affected,0
30.09.2014,6:53 PM,1334.5,RHS,Rural,K.Tippa ,Overturning, Lorry Overturned ,Lorry,Minor injury,Over speed,Four lanes or more with central divider,Straight road,,Fine,AP26 X 2079,P.V,Fatal,0
30.09.2014,6:53 PM,1334.5,RHS,Rural,K.Tippa ,Overturning, Lorry Overturned ,Lorry,Minor injury,Over speed,Four lanes or more with central divider,Straight road,,Fine,AP26 X 2079,P.V,Grevious,0
30.09.2014,6:53 PM,1334.5,RHS,Rural,K.Tippa ,Overturning, Lorry Overturned ,Lorry,Minor injury,Over speed,Four lanes or more with central divider,Straight road,,Fine,AP26 X 2079,P.V,Minor,2
30.09.2014,6:53 PM,1334.5,RHS,Rural,K.Tippa ,Overturning, Lorry Overturned ,Lorry,Minor injury,Over speed,Four lanes or more with central divider,Straight road,,Fine,AP26 X 2079,P.V,Non injured ,0
30.09.2014,6:53 PM,1334.5,RHS,Rural,K.Tippa ,Overturning, Lorry Overturned ,Lorry,Minor injury,Over speed,Four lanes or more with central divider,Straight road,,Fine,AP26 X 2079,P.V,Animals affected,0
01.10.2014,12:00 PM,1251.2,LHS,Rural,Ongole,Rear End Collision, Tata Ace Vehicle hit Lorry,Tata Ace,Minor injury,Over speed,Four lanes or more with central divider,Straight road,,Fine,KA08   5548,P.V,Fatal,0
01.10.2014,12:00 PM,1251.2,LHS,Rural,Ongole,Rear End Collision, Tata Ace Vehicle hit Lorry,Tata Ace,Minor injury,Over speed,Four lanes or more with central divider,Straight road,,Fine,KA08   5548,P.V,Grevious,0
01.10.2014,12:00 PM,1251.2,LHS,Rural,Ongole,Rear End Collision, Tata Ace Vehicle hit Lorry,Tata Ace,Minor injury,Over speed,Four lanes or more with central divider,Straight road,,Fine,KA08   5548,P.V,Minor,1
01.10.2014,12:00 PM,1251.2,LHS,Rural,Ongole,Rear End Collision, Tata Ace Vehicle hit Lorry,Tata Ace,Minor injury,Over speed,Four lanes or more with central divider,Straight road,,Fine,KA08   5548,P.V,Non injured ,1
01.10.2014,12:00 PM,1251.2,LHS,Rural,Ongole,Rear End Collision, Tata Ace Vehicle hit Lorry,Tata Ace,Minor injury,Over speed,Four lanes or more with central divider,Straight road,,Fine,KA08   5548,P.V,Animals affected,0
02.10.2014,6:10 AM,1237.7,LHS,Rural,Maddipadu,Rear End Collision, Mini Lorry hit Lorry ,Lorry,Minor injury,Over speed,Four lanes or more with central divider,Straight road,,Fine,AP20TC   3492,P.V,Fatal,0
02.10.2014,6:10 AM,1237.7,LHS,Rural,Maddipadu,Rear End Collision, Mini Lorry hit Lorry ,Lorry,Minor injury,Over speed,Four lanes or more with central divider,Straight road,,Fine,AP20TC   3492,P.V,Grevious,0
02.10.2014,6:10 AM,1237.7,LHS,Rural,Maddipadu,Rear End Collision, Mini Lorry hit Lorry ,Lorry,Minor injury,Over speed,Four lanes or more with central divider,Straight road,,Fine,AP20TC   3492,P.V,Minor,1
02.10.2014,6:10 AM,1237.7,LHS,Rural,Maddipadu,Rear End Collision, Mini Lorry hit Lorry ,Lorry,Minor injury,Over speed,Four lanes or more with central divider,Straight road,,Fine,AP20TC   3492,P.V,Non injured ,3
02.10.2014,6:10 AM,1237.7,LHS,Rural,Maddipadu,Rear End Collision, Mini Lorry hit Lorry ,Lorry,Minor injury,Over speed,Four lanes or more with central divider,Straight road,,Fine,AP20TC   3492,P.V,Animals affected,0
02.10.2014,10:40 AM,1281.3,RHS,Rural,Singarayakonda,Collision Brush/Side Wipe, TVS XL Moped hit   Car,Bike,Minor injury,Fault of driver of motor vehicle/driver of other vehicle/cyclist/pedestrian/passenger,Four lanes or more with central divider,Straight road,,Fine,AP28AC    3740,P.V,Fatal,0
02.10.2014,10:40 AM,1281.3,RHS,Rural,Singarayakonda,Collision Brush/Side Wipe, TVS XL Moped hit   Car,Bike,Minor injury,Fault of driver of motor vehicle/driver of other vehicle/cyclist/pedestrian/passenger,Four lanes or more with central divider,Straight road,,Fine,AP28AC    3740,P.V,Grevious,0
02.10.2014,10:40 AM,1281.3,RHS,Rural,Singarayakonda,Collision Brush/Side Wipe, TVS XL Moped hit   Car,Bike,Minor injury,Fault of driver of motor vehicle/driver of other vehicle/cyclist/pedestrian/passenger,Four lanes or more with central divider,Straight road,,Fine,AP28AC    3740,P.V,Minor,1
02.10.2014,10:40 AM,1281.3,RHS,Rural,Singarayakonda,Collision Brush/Side Wipe, TVS XL Moped hit   Car,Bike,Minor injury,Fault of driver of motor vehicle/driver of other vehicle/cyclist/pedestrian/passenger,Four lanes or more with central divider,Straight road,,Fine,AP28AC    3740,P.V,Non injured ,0
02.10.2014,10:40 AM,1281.3,RHS,Rural,Singarayakonda,Collision Brush/Side Wipe, TVS XL Moped hit   Car,Bike,Minor injury,Fault of driver of motor vehicle/driver of other vehicle/cyclist/pedestrian/passenger,Four lanes or more with central divider,Straight road,,Fine,AP28AC    3740,P.V,Animals affected,0
03.10.2014,10:20 AM,1199.6,LHS,Rural,Martur,Rear End Collision, Bike hit Scooty,Bike,Minor injury,Over speed,Four lanes or more with central divider,Straight road,,Fine,AP07AB  1732,AMB,Fatal,0
03.10.2014,10:20 AM,1199.6,LHS,Rural,Martur,Rear End Collision, Bike hit Scooty,Bike,Minor injury,Over speed,Four lanes or more with central divider,Straight road,,Fine,AP07AB  1732,AMB,Grevious,0
03.10.2014,10:20 AM,1199.6,LHS,Rural,Martur,Rear End Collision, Bike hit Scooty,Bike,Minor injury,Over speed,Four lanes or more with central divider,Straight road,,Fine,AP07AB  1732,AMB,Minor,2
03.10.2014,10:20 AM,1199.6,LHS,Rural,Martur,Rear End Collision, Bike hit Scooty,Bike,Minor injury,Over speed,Four lanes or more with central divider,Straight road,,Fine,AP07AB  1732,AMB,Non injured ,1
03.10.2014,10:20 AM,1199.6,LHS,Rural,Martur,Rear End Collision, Bike hit Scooty,Bike,Minor injury,Over speed,Four lanes or more with central divider,Straight road,,Fine,AP07AB  1732,AMB,Animals affected,0
04.10.2014,12:18 AM,1250.4,RHS,Rural,Ongole,Overturning, Car Over Turned,Car,Minor injury,Over speed,Four lanes or more with central divider,Straight road,,Fine,AP03AW     4777,P.V,Fatal,0
04.10.2014,12:18 AM,1250.4,RHS,Rural,Ongole,Overturning, Car Over Turned,Car,Minor injury,Over speed,Four lanes or more with central divider,Straight road,,Fine,AP03AW     4777,P.V,Grevious,0
04.10.2014,12:18 AM,1250.4,RHS,Rural,Ongole,Overturning, Car Over Turned,Car,Minor injury,Over speed,Four lanes or more with central divider,Straight road,,Fine,AP03AW     4777,P.V,Minor,2
04.10.2014,12:18 AM,1250.4,RHS,Rural,Ongole,Overturning, Car Over Turned,Car,Minor injury,Over speed,Four lanes or more with central divider,Straight road,,Fine,AP03AW     4777,P.V,Non injured ,4
04.10.2014,12:18 AM,1250.4,RHS,Rural,Ongole,Overturning, Car Over Turned,Car,Minor injury,Over speed,Four lanes or more with central divider,Straight road,,Fine,AP03AW     4777,P.V,Animals affected,0
04.10.2014,2:05 AM,1241.8,LHS,Rural,Ongole,Rear End Collision, Container Vehicle hit Unknown Vehicle ,Container,Non injury,Over speed,Four lanes or more with central divider,Straight road,,Fine,WB23C      3659,P.V,Fatal,0
04.10.2014,2:05 AM,1241.8,LHS,Rural,Ongole,Rear End Collision, Container Vehicle hit Unknown Vehicle ,Container,Non injury,Over speed,Four lanes or more with central divider,Straight road,,Fine,WB23C      3659,P.V,Grevious,0
04.10.2014,2:05 AM,1241.8,LHS,Rural,Ongole,Rear End Collision, Container Vehicle hit Unknown Vehicle ,Container,Non injury,Over speed,Four lanes or more with central divider,Straight road,,Fine,WB23C      3659,P.V,Minor,0
04.10.2014,2:05 AM,1241.8,LHS,Rural,Ongole,Rear End Collision, Container Vehicle hit Unknown Vehicle ,Container,Non injury,Over speed,Four lanes or more with central divider,Straight road,,Fine,WB23C      3659,P.V,Non injured ,2
04.10.2014,2:05 AM,1241.8,LHS,Rural,Ongole,Rear End Collision, Container Vehicle hit Unknown Vehicle ,Container,Non injury,Over speed,Four lanes or more with central divider,Straight road,,Fine,WB23C      3659,P.V,Animals affected,0
04.10.2014,4:50 PM,1316.1,RHS,Rural,Kavali,Overturning, Car Overturned towards ROW,Car,Minor injury,Over speed,Four lanes or more with central divider,Straight road,,Fine,AP16TD     222,P.V&AMB,Fatal,0
04.10.2014,4:50 PM,1316.1,RHS,Rural,Kavali,Overturning, Car Overturned towards ROW,Car,Minor injury,Over speed,Four lanes or more with central divider,Straight road,,Fine,AP16TD     222,P.V&AMB,Grevious,0
04.10.2014,4:50 PM,1316.1,RHS,Rural,Kavali,Overturning, Car Overturned towards ROW,Car,Minor injury,Over speed,Four lanes or more with central divider,Straight road,,Fine,AP16TD     222,P.V&AMB,Minor,1
04.10.2014,4:50 PM,1316.1,RHS,Rural,Kavali,Overturning, Car Overturned towards ROW,Car,Minor injury,Over speed,Four lanes or more with central divider,Straight road,,Fine,AP16TD     222,P.V&AMB,Non injured ,2
04.10.2014,4:50 PM,1316.1,RHS,Rural,Kavali,Overturning, Car Overturned towards ROW,Car,Minor injury,Over speed,Four lanes or more with central divider,Straight road,,Fine,AP16TD     222,P.V&AMB,Animals affected,0
04.10.2014,10:45 PM,1309.5,LHS,Rural,Kavali,Collision Brush/Side Wipe, Car hit CC Barriers,Car,Minor injury,Over speed,Four lanes or more with central divider,Straight road,,Fine,AP07CA    9269,P.V,Fatal,0
04.10.2014,10:45 PM,1309.5,LHS,Rural,Kavali,Collision Brush/Side Wipe, Car hit CC Barriers,Car,Minor injury,Over speed,Four lanes or more with central divider,Straight road,,Fine,AP07CA    9269,P.V,Grevious,0
04.10.2014,10:45 PM,1309.5,LHS,Rural,Kavali,Collision Brush/Side Wipe, Car hit CC Barriers,Car,Minor injury,Over speed,Four lanes or more with central divider,Straight road,,Fine,AP07CA    9269,P.V,Minor,1
04.10.2014,10:45 PM,1309.5,LHS,Rural,Kavali,Collision Brush/Side Wipe, Car hit CC Barriers,Car,Minor injury,Over speed,Four lanes or more with central divider,Straight road,,Fine,AP07CA    9269,P.V,Non injured ,4
04.10.2014,10:45 PM,1309.5,LHS,Rural,Kavali,Collision Brush/Side Wipe, Car hit CC Barriers,Car,Minor injury,Over speed,Four lanes or more with central divider,Straight road,,Fine,AP07CA    9269,P.V,Animals affected,0
05.10.2014,1:10 AM,1194.1,LHS,Rural,Martur,Rear End Collision, Car  hit Unknown Vehicle ,Car,Non injury,Over speed,Four lanes or more with central divider,Straight road,,Fine,AP16BG     9855,P.V,Fatal,0
05.10.2014,1:10 AM,1194.1,LHS,Rural,Martur,Rear End Collision, Car  hit Unknown Vehicle ,Car,Non injury,Over speed,Four lanes or more with central divider,Straight road,,Fine,AP16BG     9855,P.V,Grevious,0
05.10.2014,1:10 AM,1194.1,LHS,Rural,Martur,Rear End Collision, Car  hit Unknown Vehicle ,Car,Non injury,Over speed,Four lanes or more with central divider,Straight road,,Fine,AP16BG     9855,P.V,Minor,0
05.10.2014,1:10 AM,1194.1,LHS,Rural,Martur,Rear End Collision, Car  hit Unknown Vehicle ,Car,Non injury,Over speed,Four lanes or more with central divider,Straight road,,Fine,AP16BG     9855,P.V,Non injured ,5
05.10.2014,1:10 AM,1194.1,LHS,Rural,Martur,Rear End Collision, Car  hit Unknown Vehicle ,Car,Non injury,Over speed,Four lanes or more with central divider,Straight road,,Fine,AP16BG     9855,P.V,Animals affected,0
05.10.2014,10:25 AM,1276.4,RHS,Rural,Singarayakonda,Rear End Collision, Lorry hit Car ,Lorry,Non injury,Druken,Four lanes or more with central divider,Straight road,,Fine,AP26TA 6829,P.V,Fatal,0
05.10.2014,10:25 AM,1276.4,RHS,Rural,Singarayakonda,Rear End Collision, Lorry hit Car ,Lorry,Non injury,Druken,Four lanes or more with central divider,Straight road,,Fine,AP26TA 6829,P.V,Grevious,0
05.10.2014,10:25 AM,1276.4,RHS,Rural,Singarayakonda,Rear End Collision, Lorry hit Car ,Lorry,Non injury,Druken,Four lanes or more with central divider,Straight road,,Fine,AP26TA 6829,P.V,Minor,0
05.10.2014,10:25 AM,1276.4,RHS,Rural,Singarayakonda,Rear End Collision, Lorry hit Car ,Lorry,Non injury,Druken,Four lanes or more with central divider,Straight road,,Fine,AP26TA 6829,P.V,Non injured ,7
05.10.2014,10:25 AM,1276.4,RHS,Rural,Singarayakonda,Rear End Collision, Lorry hit Car ,Lorry,Non injury,Druken,Four lanes or more with central divider,Straight road,,Fine,AP26TA 6829,P.V,Animals affected,0
07.10.2014,1:00 AM,1250,LHS,Urban,Ongole,Overturning, Lorry Over Turned,Lorry,Non injury,Fault of driver of motor vehicle/driver of other vehicle/cyclist/pedestrian/passenger,Three lanes or more without central divider(median),Slight curve,Y-Junction,Fine,AP27TU  3527,P.V,Fatal,0
07.10.2014,1:00 AM,1250,LHS,Urban,Ongole,Overturning, Lorry Over Turned,Lorry,Non injury,Fault of driver of motor vehicle/driver of other vehicle/cyclist/pedestrian/passenger,Three lanes or more without central divider(median),Slight curve,Y-Junction,Fine,AP27TU  3527,P.V,Grevious,0
07.10.2014,1:00 AM,1250,LHS,Urban,Ongole,Overturning, Lorry Over Turned,Lorry,Non injury,Fault of driver of motor vehicle/driver of other vehicle/cyclist/pedestrian/passenger,Three lanes or more without central divider(median),Slight curve,Y-Junction,Fine,AP27TU  3527,P.V,Minor,0
07.10.2014,1:00 AM,1250,LHS,Urban,Ongole,Overturning, Lorry Over Turned,Lorry,Non injury,Fault of driver of motor vehicle/driver of other vehicle/cyclist/pedestrian/passenger,Three lanes or more without central divider(median),Slight curve,Y-Junction,Fine,AP27TU  3527,P.V,Non injured ,2
07.10.2014,1:00 AM,1250,LHS,Urban,Ongole,Overturning, Lorry Over Turned,Lorry,Non injury,Fault of driver of motor vehicle/driver of other vehicle/cyclist/pedestrian/passenger,Three lanes or more without central divider(median),Slight curve,Y-Junction,Fine,AP27TU  3527,P.V,Animals affected,0
08.10.2014,3:10 AM,1218.3,RHS,Rural,Medarametla,Overturning, Volvo Bus Over Turned,Bus,Minor injury,Over speed,Four lanes or more with central divider,Straight road,,Fine,AP20TB 6339,P.V&AMB,Fatal,0
08.10.2014,3:10 AM,1218.3,RHS,Rural,Medarametla,Overturning, Volvo Bus Over Turned,Bus,Minor injury,Over speed,Four lanes or more with central divider,Straight road,,Fine,AP20TB 6339,P.V&AMB,Grevious,0
08.10.2014,3:10 AM,1218.3,RHS,Rural,Medarametla,Overturning, Volvo Bus Over Turned,Bus,Minor injury,Over speed,Four lanes or more with central divider,Straight road,,Fine,AP20TB 6339,P.V&AMB,Minor,4
08.10.2014,3:10 AM,1218.3,RHS,Rural,Medarametla,Overturning, Volvo Bus Over Turned,Bus,Minor injury,Over speed,Four lanes or more with central divider,Straight road,,Fine,AP20TB 6339,P.V&AMB,Non injured ,21
08.10.2014,3:10 AM,1218.3,RHS,Rural,Medarametla,Overturning, Volvo Bus Over Turned,Bus,Minor injury,Over speed,Four lanes or more with central divider,Straight road,,Fine,AP20TB 6339,P.V&AMB,Animals affected,0
09.10.2014,4:50 AM,1323.5,LHS,Rural,Kavali,Collision Brush/Side Wipe, Car hit CC Barriers,Car,Non injury,Fault of driver of motor vehicle/driver of other vehicle/cyclist/pedestrian/passenger,Four lanes or more with central divider,Straight road,,Fine,AP07BX    3033,P.V,Fatal,0
09.10.2014,4:50 AM,1323.5,LHS,Rural,Kavali,Collision Brush/Side Wipe, Car hit CC Barriers,Car,Non injury,Fault of driver of motor vehicle/driver of other vehicle/cyclist/pedestrian/passenger,Four lanes or more with central divider,Straight road,,Fine,AP07BX    3033,P.V,Grevious,0
09.10.2014,4:50 AM,1323.5,LHS,Rural,Kavali,Collision Brush/Side Wipe, Car hit CC Barriers,Car,Non injury,Fault of driver of motor vehicle/driver of other vehicle/cyclist/pedestrian/passenger,Four lanes or more with central divider,Straight road,,Fine,AP07BX    3033,P.V,Minor,0
09.10.2014,4:50 AM,1323.5,LHS,Rural,Kavali,Collision Brush/Side Wipe, Car hit CC Barriers,Car,Non injury,Fault of driver of motor vehicle/driver of other vehicle/cyclist/pedestrian/passenger,Four lanes or more with central divider,Straight road,,Fine,AP07BX    3033,P.V,Non injured ,6
09.10.2014,4:50 AM,1323.5,LHS,Rural,Kavali,Collision Brush/Side Wipe, Car hit CC Barriers,Car,Non injury,Fault of driver of motor vehicle/driver of other vehicle/cyclist/pedestrian/passenger,Four lanes or more with central divider,Straight road,,Fine,AP07BX    3033,P.V,Animals affected,0
09.10.2014,5:30 PM,1344.3,RHS,Rural,Dagadarthi,Rear End Collision, RTC Bus hit Car ,Bus,Minor injury,Over speed,Four lanes or more with central divider,Straight road,T-Junction,Fine,AP26Z   0046,P.V&AMB,Fatal,0
09.10.2014,5:30 PM,1344.3,RHS,Rural,Dagadarthi,Rear End Collision, RTC Bus hit Car ,Bus,Minor injury,Over speed,Four lanes or more with central divider,Straight road,T-Junction,Fine,AP26Z   0046,P.V&AMB,Grevious,0
09.10.2014,5:30 PM,1344.3,RHS,Rural,Dagadarthi,Rear End Collision, RTC Bus hit Car ,Bus,Minor injury,Over speed,Four lanes or more with central divider,Straight road,T-Junction,Fine,AP26Z   0046,P.V&AMB,Minor,2
09.10.2014,5:30 PM,1344.3,RHS,Rural,Dagadarthi,Rear End Collision, RTC Bus hit Car ,Bus,Minor injury,Over speed,Four lanes or more with central divider,Straight road,T-Junction,Fine,AP26Z   0046,P.V&AMB,Non injured ,25
09.10.2014,5:30 PM,1344.3,RHS,Rural,Dagadarthi,Rear End Collision, RTC Bus hit Car ,Bus,Minor injury,Over speed,Four lanes or more with central divider,Straight road,T-Junction,Fine,AP26Z   0046,P.V&AMB,Animals affected,0
10.10.2014,9:40 AM,1225,RHS,Rural,Medarametla,Collision Brush/Side Wipe, Lorry hit to Bike,Lorry,Grievious injury,Over speed,Four lanes or more with central divider,Straight road,,Fine,AP16 TX  4415,P.V,Fatal,0
10.10.2014,9:40 AM,1225,RHS,Rural,Medarametla,Collision Brush/Side Wipe, Lorry hit to Bike,Lorry,Grievious injury,Over speed,Four lanes or more with central divider,Straight road,,Fine,AP16 TX  4415,P.V,Grevious,1
10.10.2014,9:40 AM,1225,RHS,Rural,Medarametla,Collision Brush/Side Wipe, Lorry hit to Bike,Lorry,Grievious injury,Over speed,Four lanes or more with central divider,Straight road,,Fine,AP16 TX  4415,P.V,Minor,0
10.10.2014,9:40 AM,1225,RHS,Rural,Medarametla,Collision Brush/Side Wipe, Lorry hit to Bike,Lorry,Grievious injury,Over speed,Four lanes or more with central divider,Straight road,,Fine,AP16 TX  4415,P.V,Non injured ,0
10.10.2014,9:40 AM,1225,RHS,Rural,Medarametla,Collision Brush/Side Wipe, Lorry hit to Bike,Lorry,Grievious injury,Over speed,Four lanes or more with central divider,Straight road,,Fine,AP16 TX  4415,P.V,Animals affected,0
10.10.2014,10:35 PM,1362.5,RHS,Rural,Kovuru,Overturning, Car Over Turned,Car,Non injury,Over speed,Four lanes or more with central divider,Straight road,,Fine,AP13R  0152,P.V,Fatal,0
10.10.2014,10:35 PM,1362.5,RHS,Rural,Kovuru,Overturning, Car Over Turned,Car,Non injury,Over speed,Four lanes or more with central divider,Straight road,,Fine,AP13R  0152,P.V,Grevious,0
10.10.2014,10:35 PM,1362.5,RHS,Rural,Kovuru,Overturning, Car Over Turned,Car,Non injury,Over speed,Four lanes or more with central divider,Straight road,,Fine,AP13R  0152,P.V,Minor,0
10.10.2014,10:35 PM,1362.5,RHS,Rural,Kovuru,Overturning, Car Over Turned,Car,Non injury,Over speed,Four lanes or more with central divider,Straight road,,Fine,AP13R  0152,P.V,Non injured ,2
10.10.2014,10:35 PM,1362.5,RHS,Rural,Kovuru,Overturning, Car Over Turned,Car,Non injury,Over speed,Four lanes or more with central divider,Straight road,,Fine,AP13R  0152,P.V,Animals affected,0
11.10.2014,3:10 AM,1284.7,LHS,Rural,Ulavapadu,Rear End Collision, Trailer hit Lorry,Trailler,Minor injury,Fault of driver of motor vehicle/driver of other vehicle/cyclist/pedestrian/passenger,Four lanes or more with central divider,Straight road,,Fine,HR55    7271,P.V,Fatal,0
11.10.2014,3:10 AM,1284.7,LHS,Rural,Ulavapadu,Rear End Collision, Trailer hit Lorry,Trailler,Minor injury,Fault of driver of motor vehicle/driver of other vehicle/cyclist/pedestrian/passenger,Four lanes or more with central divider,Straight road,,Fine,HR55    7271,P.V,Grevious,0
11.10.2014,3:10 AM,1284.7,LHS,Rural,Ulavapadu,Rear End Collision, Trailer hit Lorry,Trailler,Minor injury,Fault of driver of motor vehicle/driver of other vehicle/cyclist/pedestrian/passenger,Four lanes or more with central divider,Straight road,,Fine,HR55    7271,P.V,Minor,1
11.10.2014,3:10 AM,1284.7,LHS,Rural,Ulavapadu,Rear End Collision, Trailer hit Lorry,Trailler,Minor injury,Fault of driver of motor vehicle/driver of other vehicle/cyclist/pedestrian/passenger,Four lanes or more with central divider,Straight road,,Fine,HR55    7271,P.V,Non injured ,2
11.10.2014,3:10 AM,1284.7,LHS,Rural,Ulavapadu,Rear End Collision, Trailer hit Lorry,Trailler,Minor injury,Fault of driver of motor vehicle/driver of other vehicle/cyclist/pedestrian/passenger,Four lanes or more with central divider,Straight road,,Fine,HR55    7271,P.V,Animals affected,0
11.10.2014,3:30 AM,1318.9,LHS,Rural,Kavali,Rear End Collision, Container Vehicle Overturned ,Container,Non injury,Vehicle out of control,Four lanes or more with central divider,Straight road,,Fine,TN28M    1344,P.V,Fatal,0
11.10.2014,3:30 AM,1318.9,LHS,Rural,Kavali,Rear End Collision, Container Vehicle Overturned ,Container,Non injury,Vehicle out of control,Four lanes or more with central divider,Straight road,,Fine,TN28M    1344,P.V,Grevious,0
11.10.2014,3:30 AM,1318.9,LHS,Rural,Kavali,Rear End Collision, Container Vehicle Overturned ,Container,Non injury,Vehicle out of control,Four lanes or more with central divider,Straight road,,Fine,TN28M    1344,P.V,Minor,0
11.10.2014,3:30 AM,1318.9,LHS,Rural,Kavali,Rear End Collision, Container Vehicle Overturned ,Container,Non injury,Vehicle out of control,Four lanes or more with central divider,Straight road,,Fine,TN28M    1344,P.V,Non injured ,1
11.10.2014,3:30 AM,1318.9,LHS,Rural,Kavali,Rear End Collision, Container Vehicle Overturned ,Container,Non injury,Vehicle out of control,Four lanes or more with central divider,Straight road,,Fine,TN28M    1344,P.V,Animals affected,0
11.10.2014,8:00 AM,1314.5,LHS,Rural,Kavali,Overturning,"Granite Trailer  Went Out,off Road towar",Granite,Grievious injury,Fault of driver of motor vehicle/driver of other vehicle/cyclist/pedestrian/passenger,Four lanes or more with central divider,Straight road,,Fine,TN23AJ    333,P.V,Fatal,0
11.10.2014,8:00 AM,1314.5,LHS,Rural,Kavali,Overturning,"Granite Trailer  Went Out,off Road towar",Granite,Grievious injury,Fault of driver of motor vehicle/driver of other vehicle/cyclist/pedestrian/passenger,Four lanes or more with central divider,Straight road,,Fine,TN23AJ    333,P.V,Grevious,1
11.10.2014,8:00 AM,1314.5,LHS,Rural,Kavali,Overturning,"Granite Trailer  Went Out,off Road towar",Granite,Grievious injury,Fault of driver of motor vehicle/driver of other vehicle/cyclist/pedestrian/passenger,Four lanes or more with central divider,Straight road,,Fine,TN23AJ    333,P.V,Minor,0
11.10.2014,8:00 AM,1314.5,LHS,Rural,Kavali,Overturning,"Granite Trailer  Went Out,off Road towar",Granite,Grievious injury,Fault of driver of motor vehicle/driver of other vehicle/cyclist/pedestrian/passenger,Four lanes or more with central divider,Straight road,,Fine,TN23AJ    333,P.V,Non injured ,0
11.10.2014,8:00 AM,1314.5,LHS,Rural,Kavali,Overturning,"Granite Trailer  Went Out,off Road towar",Granite,Grievious injury,Fault of driver of motor vehicle/driver of other vehicle/cyclist/pedestrian/passenger,Four lanes or more with central divider,Straight road,,Fine,TN23AJ    333,P.V,Animals affected,0
11.10.2014,9:10 AM,1242.6,RHS,Rural,Ongole,Head on collision, Lorry hit Bike ,Lorry,Fatal,Fault of driver of motor vehicle/driver of other vehicle/cyclist/pedestrian/passenger,Four lanes or more with central divider,Straight road,,Fine,AP2 TW     6899,P.V,Fatal,2
11.10.2014,9:10 AM,1242.6,RHS,Rural,Ongole,Head on collision, Lorry hit Bike ,Lorry,Fatal,Fault of driver of motor vehicle/driver of other vehicle/cyclist/pedestrian/passenger,Four lanes or more with central divider,Straight road,,Fine,AP2 TW     6899,P.V,Grevious,0
11.10.2014,9:10 AM,1242.6,RHS,Rural,Ongole,Head on collision, Lorry hit Bike ,Lorry,Fatal,Fault of driver of motor vehicle/driver of other vehicle/cyclist/pedestrian/passenger,Four lanes or more with central divider,Straight road,,Fine,AP2 TW     6899,P.V,Minor,0
11.10.2014,9:10 AM,1242.6,RHS,Rural,Ongole,Head on collision, Lorry hit Bike ,Lorry,Fatal,Fault of driver of motor vehicle/driver of other vehicle/cyclist/pedestrian/passenger,Four lanes or more with central divider,Straight road,,Fine,AP2 TW     6899,P.V,Non injured ,2
11.10.2014,9:10 AM,1242.6,RHS,Rural,Ongole,Head on collision, Lorry hit Bike ,Lorry,Fatal,Fault of driver of motor vehicle/driver of other vehicle/cyclist/pedestrian/passenger,Four lanes or more with central divider,Straight road,,Fine,AP2 TW     6899,P.V,Animals affected,0
12.10.2014,7:45 AM,1201.6,LHS,Rural,Reningavaram,Collision Brush/Side Wipe,  Car  hit TVS XL Moped ,Car,Grievious injury,Over speed,Four lanes or more with central divider,Straight road,,Fine,AP27AC    6889,P.V&AMB,Fatal,0
12.10.2014,7:45 AM,1201.6,LHS,Rural,Reningavaram,Collision Brush/Side Wipe,  Car  hit TVS XL Moped ,Car,Grievious injury,Over speed,Four lanes or more with central divider,Straight road,,Fine,AP27AC    6889,P.V&AMB,Grevious,1
12.10.2014,7:45 AM,1201.6,LHS,Rural,Reningavaram,Collision Brush/Side Wipe,  Car  hit TVS XL Moped ,Car,Grievious injury,Over speed,Four lanes or more with central divider,Straight road,,Fine,AP27AC    6889,P.V&AMB,Minor,0
12.10.2014,7:45 AM,1201.6,LHS,Rural,Reningavaram,Collision Brush/Side Wipe,  Car  hit TVS XL Moped ,Car,Grievious injury,Over speed,Four lanes or more with central divider,Straight road,,Fine,AP27AC    6889,P.V&AMB,Non injured ,2
12.10.2014,7:45 AM,1201.6,LHS,Rural,Reningavaram,Collision Brush/Side Wipe,  Car  hit TVS XL Moped ,Car,Grievious injury,Over speed,Four lanes or more with central divider,Straight road,,Fine,AP27AC    6889,P.V&AMB,Animals affected,0