Operational date,Time of Accident,KM && M,Position,Rural/Urban,Location,Nature of Accident Position,Nature of Accident,Vehicle Involved,Type of Accident,Causes,Road Feature,Road condition,Intersection Type And Control,Weather Condition,Vehicle Responsible,Help Provided by Ambulance/Patroling Vehicle,Classification of Accident,No of Affected Persons
15.10.2014,8:10 AM,1251.6,RHS,Rural,Ongole,Rear End Collision, Lorry hit Unknown Vehicle ,Lorry,Minor injury,Over speed,Four lanes or more with central divider,Straight road,,Fine,AP16TT 8429,P.V,Fatal,0
15.10.2014,8:10 AM,1251.6,RHS,Rural,Ongole,Rear End Collision, Lorry hit Unknown Vehicle ,Lorry,Minor injury,Over speed,Four lanes or more with central divider,Straight road,,Fine,AP16TT 8429,P.V,Grevious,0
15.10.2014,8:10 AM,1251.6,RHS,Rural,Ongole,Rear End Collision, Lorry hit Unknown Vehicle ,Lorry,Minor injury,Over speed,Four lanes or more with central divider,Straight road,,Fine,AP16TT 8429,P.V,Minor,1
15.10.2014,8:10 AM,1251.6,RHS,Rural,Ongole,Rear End Collision, Lorry hit Unknown Vehicle ,Lorry,Minor injury,Over speed,Four lanes or more with central divider,Straight road,,Fine,AP16TT 8429,P.V,Non injured ,1
15.10.2014,8:10 AM,1251.6,RHS,Rural,Ongole,Rear End Collision, Lorry hit Unknown Vehicle ,Lorry,Minor injury,Over speed,Four lanes or more with central divider,Straight road,,Fine,AP16TT 8429,P.V,Animals affected,0
16.10.2014,8:30 AM,1255.9,LHS,Rural,Tangutur,Collision Brush/Side Wipe,  Car  hit   Tractor,Car,Grievious injury,Fault of driver of motor vehicle/driver of other vehicle/cyclist/pedestrian/passenger,Four lanes or more with central divider,Straight road,,Cloudy,TN23AW   7214,P.V,Fatal,0
16.10.2014,8:30 AM,1255.9,LHS,Rural,Tangutur,Collision Brush/Side Wipe,  Car  hit   Tractor,Car,Grievious injury,Fault of driver of motor vehicle/driver of other vehicle/cyclist/pedestrian/passenger,Four lanes or more with central divider,Straight road,,Cloudy,TN23AW   7214,P.V,Grevious,1
16.10.2014,8:30 AM,1255.9,LHS,Rural,Tangutur,Collision Brush/Side Wipe,  Car  hit   Tractor,Car,Grievious injury,Fault of driver of motor vehicle/driver of other vehicle/cyclist/pedestrian/passenger,Four lanes or more with central divider,Straight road,,Cloudy,TN23AW   7214,P.V,Minor,1
16.10.2014,8:30 AM,1255.9,LHS,Rural,Tangutur,Collision Brush/Side Wipe,  Car  hit   Tractor,Car,Grievious injury,Fault of driver of motor vehicle/driver of other vehicle/cyclist/pedestrian/passenger,Four lanes or more with central divider,Straight road,,Cloudy,TN23AW   7214,P.V,Non injured ,0
16.10.2014,8:30 AM,1255.9,LHS,Rural,Tangutur,Collision Brush/Side Wipe,  Car  hit   Tractor,Car,Grievious injury,Fault of driver of motor vehicle/driver of other vehicle/cyclist/pedestrian/passenger,Four lanes or more with central divider,Straight road,,Cloudy,TN23AW   7214,P.V,Animals affected,0
16.10.2014,8:47 AM,1325.1,LHS,Rural,Kavali,Skidding, Scooty  Skidding,Bike,Minor injury,Fault of driver of motor vehicle/driver of other vehicle/cyclist/pedestrian/passenger,Four lanes or more with central divider,Straight road,,Fine,AP26AF     3247,AMB,Fatal,0
16.10.2014,8:47 AM,1325.1,LHS,Rural,Kavali,Skidding, Scooty  Skidding,Bike,Minor injury,Fault of driver of motor vehicle/driver of other vehicle/cyclist/pedestrian/passenger,Four lanes or more with central divider,Straight road,,Fine,AP26AF     3247,AMB,Grevious,0
16.10.2014,8:47 AM,1325.1,LHS,Rural,Kavali,Skidding, Scooty  Skidding,Bike,Minor injury,Fault of driver of motor vehicle/driver of other vehicle/cyclist/pedestrian/passenger,Four lanes or more with central divider,Straight road,,Fine,AP26AF     3247,AMB,Minor,2
16.10.2014,8:47 AM,1325.1,LHS,Rural,Kavali,Skidding, Scooty  Skidding,Bike,Minor injury,Fault of driver of motor vehicle/driver of other vehicle/cyclist/pedestrian/passenger,Four lanes or more with central divider,Straight road,,Fine,AP26AF     3247,AMB,Non injured ,0
16.10.2014,8:47 AM,1325.1,LHS,Rural,Kavali,Skidding, Scooty  Skidding,Bike,Minor injury,Fault of driver of motor vehicle/driver of other vehicle/cyclist/pedestrian/passenger,Four lanes or more with central divider,Straight road,,Fine,AP26AF     3247,AMB,Animals affected,0
16.10.2014,4:19 PM,1188.8,RHS,Rural,Martur,Collision Brush/Side Wipe,  Car  hit   Median,Car,Minor injury,Fault of driver of motor vehicle/driver of other vehicle/cyclist/pedestrian/passenger,Four lanes or more with central divider,Straight road,,Fine,AP26N     0362,AMB,Fatal,0
16.10.2014,4:19 PM,1188.8,RHS,Rural,Martur,Collision Brush/Side Wipe,  Car  hit   Median,Car,Minor injury,Fault of driver of motor vehicle/driver of other vehicle/cyclist/pedestrian/passenger,Four lanes or more with central divider,Straight road,,Fine,AP26N     0362,AMB,Grevious,0
16.10.2014,4:19 PM,1188.8,RHS,Rural,Martur,Collision Brush/Side Wipe,  Car  hit   Median,Car,Minor injury,Fault of driver of motor vehicle/driver of other vehicle/cyclist/pedestrian/passenger,Four lanes or more with central divider,Straight road,,Fine,AP26N     0362,AMB,Minor,2
16.10.2014,4:19 PM,1188.8,RHS,Rural,Martur,Collision Brush/Side Wipe,  Car  hit   Median,Car,Minor injury,Fault of driver of motor vehicle/driver of other vehicle/cyclist/pedestrian/passenger,Four lanes or more with central divider,Straight road,,Fine,AP26N     0362,AMB,Non injured ,0
16.10.2014,4:19 PM,1188.8,RHS,Rural,Martur,Collision Brush/Side Wipe,  Car  hit   Median,Car,Minor injury,Fault of driver of motor vehicle/driver of other vehicle/cyclist/pedestrian/passenger,Four lanes or more with central divider,Straight road,,Fine,AP26N     0362,AMB,Animals affected,0
17.10.2014,6:40 AM,1218.7,LHS,Rural,Medarametla,Others(p1.Specific), Container Vehicle ran over it's Driver ,Container,Grievious injury,Fault of driver of motor vehicle/driver of other vehicle/cyclist/pedestrian/passenger,Four lanes or more with central divider,Straight road,,Fine,MP07HB    3040,P.V&AMB,Fatal,0
17.10.2014,6:40 AM,1218.7,LHS,Rural,Medarametla,Others(p1.Specific), Container Vehicle ran over it's Driver ,Container,Grievious injury,Fault of driver of motor vehicle/driver of other vehicle/cyclist/pedestrian/passenger,Four lanes or more with central divider,Straight road,,Fine,MP07HB    3040,P.V&AMB,Grevious,1
17.10.2014,6:40 AM,1218.7,LHS,Rural,Medarametla,Others(p1.Specific), Container Vehicle ran over it's Driver ,Container,Grievious injury,Fault of driver of motor vehicle/driver of other vehicle/cyclist/pedestrian/passenger,Four lanes or more with central divider,Straight road,,Fine,MP07HB    3040,P.V&AMB,Minor,0
17.10.2014,6:40 AM,1218.7,LHS,Rural,Medarametla,Others(p1.Specific), Container Vehicle ran over it's Driver ,Container,Grievious injury,Fault of driver of motor vehicle/driver of other vehicle/cyclist/pedestrian/passenger,Four lanes or more with central divider,Straight road,,Fine,MP07HB    3040,P.V&AMB,Non injured ,0
17.10.2014,6:40 AM,1218.7,LHS,Rural,Medarametla,Others(p1.Specific), Container Vehicle ran over it's Driver ,Container,Grievious injury,Fault of driver of motor vehicle/driver of other vehicle/cyclist/pedestrian/passenger,Four lanes or more with central divider,Straight road,,Fine,MP07HB    3040,P.V&AMB,Animals affected,0
17.10.2014,4:00 PM,1189.6,LHS,Rural,Martur,Rear End Collision,  Trailer Vehicle hit  Lorry,Trailler,Fatal,Over speed,Four lanes or more with central divider,Straight road,,Fine,NL01L   1509,P.V&AMB,Fatal,1
17.10.2014,4:00 PM,1189.6,LHS,Rural,Martur,Rear End Collision,  Trailer Vehicle hit  Lorry,Trailler,Fatal,Over speed,Four lanes or more with central divider,Straight road,,Fine,NL01L   1509,P.V&AMB,Grevious,1
17.10.2014,4:00 PM,1189.6,LHS,Rural,Martur,Rear End Collision,  Trailer Vehicle hit  Lorry,Trailler,Fatal,Over speed,Four lanes or more with central divider,Straight road,,Fine,NL01L   1509,P.V&AMB,Minor,0
17.10.2014,4:00 PM,1189.6,LHS,Rural,Martur,Rear End Collision,  Trailer Vehicle hit  Lorry,Trailler,Fatal,Over speed,Four lanes or more with central divider,Straight road,,Fine,NL01L   1509,P.V&AMB,Non injured ,0
17.10.2014,4:00 PM,1189.6,LHS,Rural,Martur,Rear End Collision,  Trailer Vehicle hit  Lorry,Trailler,Fatal,Over speed,Four lanes or more with central divider,Straight road,,Fine,NL01L   1509,P.V&AMB,Animals affected,0
18.10.2014,3:34 AM,1358.6,LHS,Rural,Kodavaluru,Rear End Collision, Car  hit Unknown Vehicle ,Car,Fatal,Over speed,Four lanes or more with central divider,Straight road,,Fine,AP26AJ    3336,P.V,Fatal,1
18.10.2014,3:34 AM,1358.6,LHS,Rural,Kodavaluru,Rear End Collision, Car  hit Unknown Vehicle ,Car,Fatal,Over speed,Four lanes or more with central divider,Straight road,,Fine,AP26AJ    3336,P.V,Grevious,1
18.10.2014,3:34 AM,1358.6,LHS,Rural,Kodavaluru,Rear End Collision, Car  hit Unknown Vehicle ,Car,Fatal,Over speed,Four lanes or more with central divider,Straight road,,Fine,AP26AJ    3336,P.V,Minor,2
18.10.2014,3:34 AM,1358.6,LHS,Rural,Kodavaluru,Rear End Collision, Car  hit Unknown Vehicle ,Car,Fatal,Over speed,Four lanes or more with central divider,Straight road,,Fine,AP26AJ    3336,P.V,Non injured ,0
18.10.2014,3:34 AM,1358.6,LHS,Rural,Kodavaluru,Rear End Collision, Car  hit Unknown Vehicle ,Car,Fatal,Over speed,Four lanes or more with central divider,Straight road,,Fine,AP26AJ    3336,P.V,Animals affected,0
18.10.2014,8:30 AM,1225.5,LHS,Rural,Maddipadu,Overturning,  Car Overturned,Car,Fatal,Vehicle out of control,Four lanes or more with central divider,Straight road,,Fine,AP29BN     2727,P.V,Fatal,1
18.10.2014,8:30 AM,1225.5,LHS,Rural,Maddipadu,Overturning,  Car Overturned,Car,Fatal,Vehicle out of control,Four lanes or more with central divider,Straight road,,Fine,AP29BN     2727,P.V,Grevious,0
18.10.2014,8:30 AM,1225.5,LHS,Rural,Maddipadu,Overturning,  Car Overturned,Car,Fatal,Vehicle out of control,Four lanes or more with central divider,Straight road,,Fine,AP29BN     2727,P.V,Minor,3
18.10.2014,8:30 AM,1225.5,LHS,Rural,Maddipadu,Overturning,  Car Overturned,Car,Fatal,Vehicle out of control,Four lanes or more with central divider,Straight road,,Fine,AP29BN     2727,P.V,Non injured ,0
18.10.2014,8:30 AM,1225.5,LHS,Rural,Maddipadu,Overturning,  Car Overturned,Car,Fatal,Vehicle out of control,Four lanes or more with central divider,Straight road,,Fine,AP29BN     2727,P.V,Animals affected,0
19.10.2014,5:50 AM,1257.6,RHS,Rural,Tangutur,Collision Brush/Side Wipe, TVS XL Moped hit Private Bus,Bike,Grievious injury,Fault of driver of motor vehicle/driver of other vehicle/cyclist/pedestrian/passenger,Four lanes or more with central divider,Straight road,,Fine,AP27BB    9010,P.V,Fatal,0
19.10.2014,5:50 AM,1257.6,RHS,Rural,Tangutur,Collision Brush/Side Wipe, TVS XL Moped hit Private Bus,Bike,Grievious injury,Fault of driver of motor vehicle/driver of other vehicle/cyclist/pedestrian/passenger,Four lanes or more with central divider,Straight road,,Fine,AP27BB    9010,P.V,Grevious,1
19.10.2014,5:50 AM,1257.6,RHS,Rural,Tangutur,Collision Brush/Side Wipe, TVS XL Moped hit Private Bus,Bike,Grievious injury,Fault of driver of motor vehicle/driver of other vehicle/cyclist/pedestrian/passenger,Four lanes or more with central divider,Straight road,,Fine,AP27BB    9010,P.V,Minor,1
19.10.2014,5:50 AM,1257.6,RHS,Rural,Tangutur,Collision Brush/Side Wipe, TVS XL Moped hit Private Bus,Bike,Grievious injury,Fault of driver of motor vehicle/driver of other vehicle/cyclist/pedestrian/passenger,Four lanes or more with central divider,Straight road,,Fine,AP27BB    9010,P.V,Non injured ,33
19.10.2014,5:50 AM,1257.6,RHS,Rural,Tangutur,Collision Brush/Side Wipe, TVS XL Moped hit Private Bus,Bike,Grievious injury,Fault of driver of motor vehicle/driver of other vehicle/cyclist/pedestrian/passenger,Four lanes or more with central divider,Straight road,,Fine,AP27BB    9010,P.V,Animals affected,0
19.10.2014,7:00 AM,1237.2,LHS,Rural,Maddipadu,Rear End Collision, Mini Lorry hit Lorry ,Lorry,Non injury,Fault of driver of motor vehicle/driver of other vehicle/cyclist/pedestrian/passenger,Four lanes or more with central divider,Straight road,,Fine,AP03TA    0274,P.V,Fatal,0
19.10.2014,7:00 AM,1237.2,LHS,Rural,Maddipadu,Rear End Collision, Mini Lorry hit Lorry ,Lorry,Non injury,Fault of driver of motor vehicle/driver of other vehicle/cyclist/pedestrian/passenger,Four lanes or more with central divider,Straight road,,Fine,AP03TA    0274,P.V,Grevious,0
19.10.2014,7:00 AM,1237.2,LHS,Rural,Maddipadu,Rear End Collision, Mini Lorry hit Lorry ,Lorry,Non injury,Fault of driver of motor vehicle/driver of other vehicle/cyclist/pedestrian/passenger,Four lanes or more with central divider,Straight road,,Fine,AP03TA    0274,P.V,Minor,0
19.10.2014,7:00 AM,1237.2,LHS,Rural,Maddipadu,Rear End Collision, Mini Lorry hit Lorry ,Lorry,Non injury,Fault of driver of motor vehicle/driver of other vehicle/cyclist/pedestrian/passenger,Four lanes or more with central divider,Straight road,,Fine,AP03TA    0274,P.V,Non injured ,2
19.10.2014,7:00 AM,1237.2,LHS,Rural,Maddipadu,Rear End Collision, Mini Lorry hit Lorry ,Lorry,Non injury,Fault of driver of motor vehicle/driver of other vehicle/cyclist/pedestrian/passenger,Four lanes or more with central divider,Straight road,,Fine,AP03TA    0274,P.V,Animals affected,0
21.10.2014,7:30 AM,1285.2,RHS,Rural,Ulavapadu,Rear End Collision,  Lorry hit Mini Lorry ,Lorry,Minor injury,Over speed,Four lanes or more with central divider,Straight road,,Fine,MP09HF   7926,P.V,Fatal,0
21.10.2014,7:30 AM,1285.2,RHS,Rural,Ulavapadu,Rear End Collision,  Lorry hit Mini Lorry ,Lorry,Minor injury,Over speed,Four lanes or more with central divider,Straight road,,Fine,MP09HF   7926,P.V,Grevious,0
21.10.2014,7:30 AM,1285.2,RHS,Rural,Ulavapadu,Rear End Collision,  Lorry hit Mini Lorry ,Lorry,Minor injury,Over speed,Four lanes or more with central divider,Straight road,,Fine,MP09HF   7926,P.V,Minor,2
21.10.2014,7:30 AM,1285.2,RHS,Rural,Ulavapadu,Rear End Collision,  Lorry hit Mini Lorry ,Lorry,Minor injury,Over speed,Four lanes or more with central divider,Straight road,,Fine,MP09HF   7926,P.V,Non injured ,2
21.10.2014,7:30 AM,1285.2,RHS,Rural,Ulavapadu,Rear End Collision,  Lorry hit Mini Lorry ,Lorry,Minor injury,Over speed,Four lanes or more with central divider,Straight road,,Fine,MP09HF   7926,P.V,Animals affected,0
21.10.2014,2:50 PM,1199,LHS,Rural,Martur,Collision Brush/Side Wipe, Unknown Vehicle hit TVS XL Moped   ,Unknown,Grievious injury,Over speed,Four lanes or more with central divider,Straight road,,Fine,Unknown   Vehicle,P.V&AMB,Fatal,0
21.10.2014,2:50 PM,1199,LHS,Rural,Martur,Collision Brush/Side Wipe, Unknown Vehicle hit TVS XL Moped   ,Unknown,Grievious injury,Over speed,Four lanes or more with central divider,Straight road,,Fine,Unknown   Vehicle,P.V&AMB,Grevious,1
21.10.2014,2:50 PM,1199,LHS,Rural,Martur,Collision Brush/Side Wipe, Unknown Vehicle hit TVS XL Moped   ,Unknown,Grievious injury,Over speed,Four lanes or more with central divider,Straight road,,Fine,Unknown   Vehicle,P.V&AMB,Minor,0
21.10.2014,2:50 PM,1199,LHS,Rural,Martur,Collision Brush/Side Wipe, Unknown Vehicle hit TVS XL Moped   ,Unknown,Grievious injury,Over speed,Four lanes or more with central divider,Straight road,,Fine,Unknown   Vehicle,P.V&AMB,Non injured ,0
21.10.2014,2:50 PM,1199,LHS,Rural,Martur,Collision Brush/Side Wipe, Unknown Vehicle hit TVS XL Moped   ,Unknown,Grievious injury,Over speed,Four lanes or more with central divider,Straight road,,Fine,Unknown   Vehicle,P.V&AMB,Animals affected,0
22.10.2014,5:00 AM,1229.3,RHS,Rural,Maddipadu,Overturning, Lorry Over Turned,Lorry,Non injury,Fault of driver of motor vehicle/driver of other vehicle/cyclist/pedestrian/passenger,Four lanes or more with central divider,Straight road,,Fine,AP 31 TW 9969,P.V,Fatal,0
22.10.2014,5:00 AM,1229.3,RHS,Rural,Maddipadu,Overturning, Lorry Over Turned,Lorry,Non injury,Fault of driver of motor vehicle/driver of other vehicle/cyclist/pedestrian/passenger,Four lanes or more with central divider,Straight road,,Fine,AP 31 TW 9969,P.V,Grevious,0
22.10.2014,5:00 AM,1229.3,RHS,Rural,Maddipadu,Overturning, Lorry Over Turned,Lorry,Non injury,Fault of driver of motor vehicle/driver of other vehicle/cyclist/pedestrian/passenger,Four lanes or more with central divider,Straight road,,Fine,AP 31 TW 9969,P.V,Minor,3
22.10.2014,5:00 AM,1229.3,RHS,Rural,Maddipadu,Overturning, Lorry Over Turned,Lorry,Non injury,Fault of driver of motor vehicle/driver of other vehicle/cyclist/pedestrian/passenger,Four lanes or more with central divider,Straight road,,Fine,AP 31 TW 9969,P.V,Non injured ,0
22.10.2014,5:00 AM,1229.3,RHS,Rural,Maddipadu,Overturning, Lorry Over Turned,Lorry,Non injury,Fault of driver of motor vehicle/driver of other vehicle/cyclist/pedestrian/passenger,Four lanes or more with central divider,Straight road,,Fine,AP 31 TW 9969,P.V,Animals affected,0
22.10.2014,5:55 AM,1196.5,LHS,Rural,Martur,Skidding, Bike Skidding,Bike,Minor injury,Druken,Four lanes or more with central divider,Straight road,,Fine,AP27 AP 7277,AMB,Fatal,0
22.10.2014,5:55 AM,1196.5,LHS,Rural,Martur,Skidding, Bike Skidding,Bike,Minor injury,Druken,Four lanes or more with central divider,Straight road,,Fine,AP27 AP 7277,AMB,Grevious,1
22.10.2014,5:55 AM,1196.5,LHS,Rural,Martur,Skidding, Bike Skidding,Bike,Minor injury,Druken,Four lanes or more with central divider,Straight road,,Fine,AP27 AP 7277,AMB,Minor,0
22.10.2014,5:55 AM,1196.5,LHS,Rural,Martur,Skidding, Bike Skidding,Bike,Minor injury,Druken,Four lanes or more with central divider,Straight road,,Fine,AP27 AP 7277,AMB,Non injured ,0
22.10.2014,5:55 AM,1196.5,LHS,Rural,Martur,Skidding, Bike Skidding,Bike,Minor injury,Druken,Four lanes or more with central divider,Straight road,,Fine,AP27 AP 7277,AMB,Animals affected,0
23.10.2014,1:00 AM,1362.5,RHS,Rural,Kovuru,Overturning, Bolero pickup Truck Over Turned,Car,Minor injury,Vehicle out of control,Four lanes or more with central divider,Straight road,,Fine,AP03 TC 6730,P.V,Fatal,0
23.10.2014,1:00 AM,1362.5,RHS,Rural,Kovuru,Overturning, Bolero pickup Truck Over Turned,Car,Minor injury,Vehicle out of control,Four lanes or more with central divider,Straight road,,Fine,AP03 TC 6730,P.V,Grevious,0
23.10.2014,1:00 AM,1362.5,RHS,Rural,Kovuru,Overturning, Bolero pickup Truck Over Turned,Car,Minor injury,Vehicle out of control,Four lanes or more with central divider,Straight road,,Fine,AP03 TC 6730,P.V,Minor,1
23.10.2014,1:00 AM,1362.5,RHS,Rural,Kovuru,Overturning, Bolero pickup Truck Over Turned,Car,Minor injury,Vehicle out of control,Four lanes or more with central divider,Straight road,,Fine,AP03 TC 6730,P.V,Non injured ,0
23.10.2014,1:00 AM,1362.5,RHS,Rural,Kovuru,Overturning, Bolero pickup Truck Over Turned,Car,Minor injury,Vehicle out of control,Four lanes or more with central divider,Straight road,,Fine,AP03 TC 6730,P.V,Animals affected,0
23.10.2014,3:00 PM,1256.4,RHS,Rural,Tangutur,Rear End Collision, Container Vehicle hit Oil Tanker ,Container,Non injury,Over speed,Four lanes or more with central divider,Straight road,,Fine,RJ14GC   2990,P.V,Fatal,0
23.10.2014,3:00 PM,1256.4,RHS,Rural,Tangutur,Rear End Collision, Container Vehicle hit Oil Tanker ,Container,Non injury,Over speed,Four lanes or more with central divider,Straight road,,Fine,RJ14GC   2990,P.V,Grevious,0
23.10.2014,3:00 PM,1256.4,RHS,Rural,Tangutur,Rear End Collision, Container Vehicle hit Oil Tanker ,Container,Non injury,Over speed,Four lanes or more with central divider,Straight road,,Fine,RJ14GC   2990,P.V,Minor,0
23.10.2014,3:00 PM,1256.4,RHS,Rural,Tangutur,Rear End Collision, Container Vehicle hit Oil Tanker ,Container,Non injury,Over speed,Four lanes or more with central divider,Straight road,,Fine,RJ14GC   2990,P.V,Non injured ,2
23.10.2014,3:00 PM,1256.4,RHS,Rural,Tangutur,Rear End Collision, Container Vehicle hit Oil Tanker ,Container,Non injury,Over speed,Four lanes or more with central divider,Straight road,,Fine,RJ14GC   2990,P.V,Animals affected,0
27.10.2014,10:40 PM,1346.3,RHS,Rural,Dagadarthi,Overturning, Lorry Over Turned,Lorry,Non injury,Over speed,Four lanes or more with central divider,Straight road,,Fine,AP 03 W 7556,P.V,Fatal,0
27.10.2014,10:40 PM,1346.3,RHS,Rural,Dagadarthi,Overturning, Lorry Over Turned,Lorry,Non injury,Over speed,Four lanes or more with central divider,Straight road,,Fine,AP 03 W 7556,P.V,Grevious,0
27.10.2014,10:40 PM,1346.3,RHS,Rural,Dagadarthi,Overturning, Lorry Over Turned,Lorry,Non injury,Over speed,Four lanes or more with central divider,Straight road,,Fine,AP 03 W 7556,P.V,Minor,0
27.10.2014,10:40 PM,1346.3,RHS,Rural,Dagadarthi,Overturning, Lorry Over Turned,Lorry,Non injury,Over speed,Four lanes or more with central divider,Straight road,,Fine,AP 03 W 7556,P.V,Non injured ,2
27.10.2014,10:40 PM,1346.3,RHS,Rural,Dagadarthi,Overturning, Lorry Over Turned,Lorry,Non injury,Over speed,Four lanes or more with central divider,Straight road,,Fine,AP 03 W 7556,P.V,Animals affected,0
28.10.2014,4:10 AM,1183.5,LHS,Rural,Martur,Rear End Collision,  Trailer Vehicle hit  Mini Lorry,Trailler,Minor injury,Fault of driver of motor vehicle/driver of other vehicle/cyclist/pedestrian/passenger,Four lanes or more with central divider,Straight road,,Fine,AP16TV    1701,P.V&AMB,Fatal,0
28.10.2014,4:10 AM,1183.5,LHS,Rural,Martur,Rear End Collision,  Trailer Vehicle hit  Mini Lorry,Trailler,Minor injury,Fault of driver of motor vehicle/driver of other vehicle/cyclist/pedestrian/passenger,Four lanes or more with central divider,Straight road,,Fine,AP16TV    1701,P.V&AMB,Grevious,0
28.10.2014,4:10 AM,1183.5,LHS,Rural,Martur,Rear End Collision,  Trailer Vehicle hit  Mini Lorry,Trailler,Minor injury,Fault of driver of motor vehicle/driver of other vehicle/cyclist/pedestrian/passenger,Four lanes or more with central divider,Straight road,,Fine,AP16TV    1701,P.V&AMB,Minor,1
28.10.2014,4:10 AM,1183.5,LHS,Rural,Martur,Rear End Collision,  Trailer Vehicle hit  Mini Lorry,Trailler,Minor injury,Fault of driver of motor vehicle/driver of other vehicle/cyclist/pedestrian/passenger,Four lanes or more with central divider,Straight road,,Fine,AP16TV    1701,P.V&AMB,Non injured ,1
28.10.2014,4:10 AM,1183.5,LHS,Rural,Martur,Rear End Collision,  Trailer Vehicle hit  Mini Lorry,Trailler,Minor injury,Fault of driver of motor vehicle/driver of other vehicle/cyclist/pedestrian/passenger,Four lanes or more with central divider,Straight road,,Fine,AP16TV    1701,P.V&AMB,Animals affected,0
28.10.2014,10:45 AM,1283.8,LHS,Rural,Ulavapadu,Overturning, Tata Ace Vehicle Overturned,Tata Ace,Fatal,Defect in mechanical condition of motor vehicle/road condition,Three lanes or more without central divider(median),Straight road,T-Junction,Fine,AP11Y  7614,P.V&AMB,Fatal,1
28.10.2014,10:45 AM,1283.8,LHS,Rural,Ulavapadu,Overturning, Tata Ace Vehicle Overturned,Tata Ace,Fatal,Defect in mechanical condition of motor vehicle/road condition,Three lanes or more without central divider(median),Straight road,T-Junction,Fine,AP11Y  7614,P.V&AMB,Grevious,0
28.10.2014,10:45 AM,1283.8,LHS,Rural,Ulavapadu,Overturning, Tata Ace Vehicle Overturned,Tata Ace,Fatal,Defect in mechanical condition of motor vehicle/road condition,Three lanes or more without central divider(median),Straight road,T-Junction,Fine,AP11Y  7614,P.V&AMB,Minor,1
28.10.2014,10:45 AM,1283.8,LHS,Rural,Ulavapadu,Overturning, Tata Ace Vehicle Overturned,Tata Ace,Fatal,Defect in mechanical condition of motor vehicle/road condition,Three lanes or more without central divider(median),Straight road,T-Junction,Fine,AP11Y  7614,P.V&AMB,Non injured ,2
28.10.2014,10:45 AM,1283.8,LHS,Rural,Ulavapadu,Overturning, Tata Ace Vehicle Overturned,Tata Ace,Fatal,Defect in mechanical condition of motor vehicle/road condition,Three lanes or more without central divider(median),Straight road,T-Junction,Fine,AP11Y  7614,P.V&AMB,Animals affected,0
31.10.2014,4:25 AM,1277.8,LHS,Rural,Singarayakonda,Rear End Collision, Mini Lorry hit Lorry ,Lorry,Grievious injury,Over speed,Four lanes or more with central divider,Slight curve,,Fine,AP29TA  8340,P.V,Fatal,0
31.10.2014,4:25 AM,1277.8,LHS,Rural,Singarayakonda,Rear End Collision, Mini Lorry hit Lorry ,Lorry,Grievious injury,Over speed,Four lanes or more with central divider,Slight curve,,Fine,AP29TA  8340,P.V,Grevious,2
31.10.2014,4:25 AM,1277.8,LHS,Rural,Singarayakonda,Rear End Collision, Mini Lorry hit Lorry ,Lorry,Grievious injury,Over speed,Four lanes or more with central divider,Slight curve,,Fine,AP29TA  8340,P.V,Minor,0
31.10.2014,4:25 AM,1277.8,LHS,Rural,Singarayakonda,Rear End Collision, Mini Lorry hit Lorry ,Lorry,Grievious injury,Over speed,Four lanes or more with central divider,Slight curve,,Fine,AP29TA  8340,P.V,Non injured ,0
31.10.2014,4:25 AM,1277.8,LHS,Rural,Singarayakonda,Rear End Collision, Mini Lorry hit Lorry ,Lorry,Grievious injury,Over speed,Four lanes or more with central divider,Slight curve,,Fine,AP29TA  8340,P.V,Animals affected,0
31.10.2014,6:45 AM,1238.5,RHS,Rural,Maddipadu,Rear End Collision, Lorry hit   Lorry ,Lorry,Non injury,Over speed,Four lanes or more with central divider,Straight road,,Fine,AP07TC  7699,P.V,Fatal,0
31.10.2014,6:45 AM,1238.5,RHS,Rural,Maddipadu,Rear End Collision, Lorry hit   Lorry ,Lorry,Non injury,Over speed,Four lanes or more with central divider,Straight road,,Fine,AP07TC  7699,P.V,Grevious,0
31.10.2014,6:45 AM,1238.5,RHS,Rural,Maddipadu,Rear End Collision, Lorry hit   Lorry ,Lorry,Non injury,Over speed,Four lanes or more with central divider,Straight road,,Fine,AP07TC  7699,P.V,Minor,0
31.10.2014,6:45 AM,1238.5,RHS,Rural,Maddipadu,Rear End Collision, Lorry hit   Lorry ,Lorry,Non injury,Over speed,Four lanes or more with central divider,Straight road,,Fine,AP07TC  7699,P.V,Non injured ,4
31.10.2014,6:45 AM,1238.5,RHS,Rural,Maddipadu,Rear End Collision, Lorry hit   Lorry ,Lorry,Non injury,Over speed,Four lanes or more with central divider,Straight road,,Fine,AP07TC  7699,P.V,Animals affected,0
31.10.2014,8:27 PM,1210.8,LHS,Rural,Reningavaram,Collision Brush/Side Wipe,  Car  hit   Bike,Car,Grievious injury,Over speed,Three lanes or more without central divider(median),Straight road,T-Junction,Fine,AP20AF    2586,P.V&AMB,Fatal,0
31.10.2014,8:27 PM,1210.8,LHS,Rural,Reningavaram,Collision Brush/Side Wipe,  Car  hit   Bike,Car,Grievious injury,Over speed,Three lanes or more without central divider(median),Straight road,T-Junction,Fine,AP20AF    2586,P.V&AMB,Grevious,1
31.10.2014,8:27 PM,1210.8,LHS,Rural,Reningavaram,Collision Brush/Side Wipe,  Car  hit   Bike,Car,Grievious injury,Over speed,Three lanes or more without central divider(median),Straight road,T-Junction,Fine,AP20AF    2586,P.V&AMB,Minor,0