Operational date,Time of Accident,KM && M,Position,Rural/Urban,Location,Nature of Accident Position,Nature of Accident,Vehicle Involved,Type of Accident,Causes,Road Feature,Road condition,Intersection Type And Control,Weather Condition,Vehicle Responsible,Help Provided by Ambulance/Patroling Vehicle,Classification of Accident,No of Affected Persons
31.10.2014,8:27 PM,1210.8,LHS,Rural,Reningavaram,Collision Brush/Side Wipe,  Car  hit   Bike,Car,Grievious injury,Over speed,Three lanes or more without central divider(median),Straight road,T-Junction,Fine,AP20AF    2586,P.V&AMB,Non injured ,1
31.10.2014,8:27 PM,1210.8,LHS,Rural,Reningavaram,Collision Brush/Side Wipe,  Car  hit   Bike,Car,Grievious injury,Over speed,Three lanes or more without central divider(median),Straight road,T-Junction,Fine,AP20AF    2586,P.V&AMB,Animals affected,0
31.10.2014,10:40 PM,1237.9,LHS,Rural,Maddipadu,Rear End Collision, Car hit       Car and Tata Ace Vehicle,Car,Fatal,Defect in mechanical condition of motor vehicle/road condition,Four lanes or more with central divider,Straight road,,Fine,AP27AG  9009,P.V,Fatal,2
31.10.2014,10:40 PM,1237.9,LHS,Rural,Maddipadu,Rear End Collision, Car hit       Car and Tata Ace Vehicle,Car,Fatal,Defect in mechanical condition of motor vehicle/road condition,Four lanes or more with central divider,Straight road,,Fine,AP27AG  9009,P.V,Grevious,0
31.10.2014,10:40 PM,1237.9,LHS,Rural,Maddipadu,Rear End Collision, Car hit       Car and Tata Ace Vehicle,Car,Fatal,Defect in mechanical condition of motor vehicle/road condition,Four lanes or more with central divider,Straight road,,Fine,AP27AG  9009,P.V,Minor,1
31.10.2014,10:40 PM,1237.9,LHS,Rural,Maddipadu,Rear End Collision, Car hit       Car and Tata Ace Vehicle,Car,Fatal,Defect in mechanical condition of motor vehicle/road condition,Four lanes or more with central divider,Straight road,,Fine,AP27AG  9009,P.V,Non injured ,0
31.10.2014,10:40 PM,1237.9,LHS,Rural,Maddipadu,Rear End Collision, Car hit       Car and Tata Ace Vehicle,Car,Fatal,Defect in mechanical condition of motor vehicle/road condition,Four lanes or more with central divider,Straight road,,Fine,AP27AG  9009,P.V,Animals affected,0
01.11.2014,12:15 PM,1247.6,RHS,Urban,Ongole,Rear End Collision, Lorry hit Lorry,Lorry,Non injury,Fault of driver of motor vehicle/driver of other vehicle/cyclist/pedestrian/passenger,Four lanes or more with central divider,Straight road,,Fine,OR04 L    2832,P.V,Fatal,0
01.11.2014,12:15 PM,1247.6,RHS,Urban,Ongole,Rear End Collision, Lorry hit Lorry,Lorry,Non injury,Fault of driver of motor vehicle/driver of other vehicle/cyclist/pedestrian/passenger,Four lanes or more with central divider,Straight road,,Fine,OR04 L    2832,P.V,Grevious,0
01.11.2014,12:15 PM,1247.6,RHS,Urban,Ongole,Rear End Collision, Lorry hit Lorry,Lorry,Non injury,Fault of driver of motor vehicle/driver of other vehicle/cyclist/pedestrian/passenger,Four lanes or more with central divider,Straight road,,Fine,OR04 L    2832,P.V,Minor,0
01.11.2014,12:15 PM,1247.6,RHS,Urban,Ongole,Rear End Collision, Lorry hit Lorry,Lorry,Non injury,Fault of driver of motor vehicle/driver of other vehicle/cyclist/pedestrian/passenger,Four lanes or more with central divider,Straight road,,Fine,OR04 L    2832,P.V,Non injured ,4
01.11.2014,12:15 PM,1247.6,RHS,Urban,Ongole,Rear End Collision, Lorry hit Lorry,Lorry,Non injury,Fault of driver of motor vehicle/driver of other vehicle/cyclist/pedestrian/passenger,Four lanes or more with central divider,Straight road,,Fine,OR04 L    2832,P.V,Animals affected,0
02.11.2014,8:15 PM,1251.2,RHS,Rural,Ongole,Rear End Collision, Lorry hit Tanker,Lorry,Non injury,Over speed,Two lanes,Straight road,,Fine,KA 08 B  5665,P.V,Fatal,0
02.11.2014,8:15 PM,1251.2,RHS,Rural,Ongole,Rear End Collision, Lorry hit Tanker,Lorry,Non injury,Over speed,Two lanes,Straight road,,Fine,KA 08 B  5665,P.V,Grevious,0
02.11.2014,8:15 PM,1251.2,RHS,Rural,Ongole,Rear End Collision, Lorry hit Tanker,Lorry,Non injury,Over speed,Two lanes,Straight road,,Fine,KA 08 B  5665,P.V,Minor,0
02.11.2014,8:15 PM,1251.2,RHS,Rural,Ongole,Rear End Collision, Lorry hit Tanker,Lorry,Non injury,Over speed,Two lanes,Straight road,,Fine,KA 08 B  5665,P.V,Non injured ,4
02.11.2014,8:15 PM,1251.2,RHS,Rural,Ongole,Rear End Collision, Lorry hit Tanker,Lorry,Non injury,Over speed,Two lanes,Straight road,,Fine,KA 08 B  5665,P.V,Animals affected,0
04.11.2014,3:40 AM,1287.2,LHS,Rural,Ulavapadu,Overturning, Mini Lorry Over Turned,Lorry,Non injury,Fault of driver of motor vehicle/driver of other vehicle/cyclist/pedestrian/passenger,Four lanes or more with central divider,Straight road,,Fine,AP03W    8248,P.V,Fatal,0
04.11.2014,3:40 AM,1287.2,LHS,Rural,Ulavapadu,Overturning, Mini Lorry Over Turned,Lorry,Non injury,Fault of driver of motor vehicle/driver of other vehicle/cyclist/pedestrian/passenger,Four lanes or more with central divider,Straight road,,Fine,AP03W    8248,P.V,Grevious,0
04.11.2014,3:40 AM,1287.2,LHS,Rural,Ulavapadu,Overturning, Mini Lorry Over Turned,Lorry,Non injury,Fault of driver of motor vehicle/driver of other vehicle/cyclist/pedestrian/passenger,Four lanes or more with central divider,Straight road,,Fine,AP03W    8248,P.V,Minor,0
04.11.2014,3:40 AM,1287.2,LHS,Rural,Ulavapadu,Overturning, Mini Lorry Over Turned,Lorry,Non injury,Fault of driver of motor vehicle/driver of other vehicle/cyclist/pedestrian/passenger,Four lanes or more with central divider,Straight road,,Fine,AP03W    8248,P.V,Non injured ,2
04.11.2014,3:40 AM,1287.2,LHS,Rural,Ulavapadu,Overturning, Mini Lorry Over Turned,Lorry,Non injury,Fault of driver of motor vehicle/driver of other vehicle/cyclist/pedestrian/passenger,Four lanes or more with central divider,Straight road,,Fine,AP03W    8248,P.V,Animals affected,0
04.11.2014,1:05 PM,1215.5,LHS,Rural,Medarametla,Overturning,  Tata Ace Vehicle Overturned,Tata Ace,Non injury,Vehicle out of control,Four lanes or more with central divider,Straight road,,Fine,AP07 TD 0496,P.V,Fatal,0
04.11.2014,1:05 PM,1215.5,LHS,Rural,Medarametla,Overturning,  Tata Ace Vehicle Overturned,Tata Ace,Non injury,Vehicle out of control,Four lanes or more with central divider,Straight road,,Fine,AP07 TD 0496,P.V,Grevious,0
04.11.2014,1:05 PM,1215.5,LHS,Rural,Medarametla,Overturning,  Tata Ace Vehicle Overturned,Tata Ace,Non injury,Vehicle out of control,Four lanes or more with central divider,Straight road,,Fine,AP07 TD 0496,P.V,Minor,0
04.11.2014,1:05 PM,1215.5,LHS,Rural,Medarametla,Overturning,  Tata Ace Vehicle Overturned,Tata Ace,Non injury,Vehicle out of control,Four lanes or more with central divider,Straight road,,Fine,AP07 TD 0496,P.V,Non injured ,1
04.11.2014,1:05 PM,1215.5,LHS,Rural,Medarametla,Overturning,  Tata Ace Vehicle Overturned,Tata Ace,Non injury,Vehicle out of control,Four lanes or more with central divider,Straight road,,Fine,AP07 TD 0496,P.V,Animals affected,0
05.11.2014,4:10 AM,1189.9,RHS,Rural,Martur,Overturning, Oil Tanker  Overturned,Tanker,Non injury,Vehicle out of control,Four lanes or more with central divider,Straight road,,Fine,AP26TT  8360,P.V,Fatal,0
05.11.2014,4:10 AM,1189.9,RHS,Rural,Martur,Overturning, Oil Tanker  Overturned,Tanker,Non injury,Vehicle out of control,Four lanes or more with central divider,Straight road,,Fine,AP26TT  8360,P.V,Grevious,0
05.11.2014,4:10 AM,1189.9,RHS,Rural,Martur,Overturning, Oil Tanker  Overturned,Tanker,Non injury,Vehicle out of control,Four lanes or more with central divider,Straight road,,Fine,AP26TT  8360,P.V,Minor,0
05.11.2014,4:10 AM,1189.9,RHS,Rural,Martur,Overturning, Oil Tanker  Overturned,Tanker,Non injury,Vehicle out of control,Four lanes or more with central divider,Straight road,,Fine,AP26TT  8360,P.V,Non injured ,2
05.11.2014,4:10 AM,1189.9,RHS,Rural,Martur,Overturning, Oil Tanker  Overturned,Tanker,Non injury,Vehicle out of control,Four lanes or more with central divider,Straight road,,Fine,AP26TT  8360,P.V,Animals affected,0
05.11.2014,4:20 PM,1288.1,RHS,Rural,Ulavapadu,Collision Brush/Side Wipe, Car hit Tipper,Car,Minor injury,Over speed,Four lanes or more with central divider,Straight road,Four arm junction,Fine,AP35J    3535 ,P.V,Fatal,0
05.11.2014,4:20 PM,1288.1,RHS,Rural,Ulavapadu,Collision Brush/Side Wipe, Car hit Tipper,Car,Minor injury,Over speed,Four lanes or more with central divider,Straight road,Four arm junction,Fine,AP35J    3535 ,P.V,Grevious,0
05.11.2014,4:20 PM,1288.1,RHS,Rural,Ulavapadu,Collision Brush/Side Wipe, Car hit Tipper,Car,Minor injury,Over speed,Four lanes or more with central divider,Straight road,Four arm junction,Fine,AP35J    3535 ,P.V,Minor,3
05.11.2014,4:20 PM,1288.1,RHS,Rural,Ulavapadu,Collision Brush/Side Wipe, Car hit Tipper,Car,Minor injury,Over speed,Four lanes or more with central divider,Straight road,Four arm junction,Fine,AP35J    3535 ,P.V,Non injured ,0
05.11.2014,4:20 PM,1288.1,RHS,Rural,Ulavapadu,Collision Brush/Side Wipe, Car hit Tipper,Car,Minor injury,Over speed,Four lanes or more with central divider,Straight road,Four arm junction,Fine,AP35J    3535 ,P.V,Animals affected,0
05.11.2014,5:05 PM,1215.5,LHS,Rural,Medarametla,Collision Brush/Side Wipe, Unknown Vehicle hit Pedestrian,Unknown,Fatal,Over speed,Four lanes or more with central divider,Straight road,,Fine,Unknown Vehicle,P.V,Fatal,1
05.11.2014,5:05 PM,1215.5,LHS,Rural,Medarametla,Collision Brush/Side Wipe, Unknown Vehicle hit Pedestrian,Unknown,Fatal,Over speed,Four lanes or more with central divider,Straight road,,Fine,Unknown Vehicle,P.V,Grevious,0
05.11.2014,5:05 PM,1215.5,LHS,Rural,Medarametla,Collision Brush/Side Wipe, Unknown Vehicle hit Pedestrian,Unknown,Fatal,Over speed,Four lanes or more with central divider,Straight road,,Fine,Unknown Vehicle,P.V,Minor,0
05.11.2014,5:05 PM,1215.5,LHS,Rural,Medarametla,Collision Brush/Side Wipe, Unknown Vehicle hit Pedestrian,Unknown,Fatal,Over speed,Four lanes or more with central divider,Straight road,,Fine,Unknown Vehicle,P.V,Non injured ,0
05.11.2014,5:05 PM,1215.5,LHS,Rural,Medarametla,Collision Brush/Side Wipe, Unknown Vehicle hit Pedestrian,Unknown,Fatal,Over speed,Four lanes or more with central divider,Straight road,,Fine,Unknown Vehicle,P.V,Animals affected,0
06.11.2014,1:10 AM,1284,RHS,Rural,Ulavapadu,Rear End Collision, Tata Magic Vehicle  hit Lorry,Auto,Minor injury,Over speed,Four lanes or more with central divider,Straight road,,Fine,AP07TV   1220,P.V&AMB,Fatal,0
06.11.2014,1:10 AM,1284,RHS,Rural,Ulavapadu,Rear End Collision, Tata Magic Vehicle  hit Lorry,Auto,Minor injury,Over speed,Four lanes or more with central divider,Straight road,,Fine,AP07TV   1220,P.V&AMB,Grevious,0
06.11.2014,1:10 AM,1284,RHS,Rural,Ulavapadu,Rear End Collision, Tata Magic Vehicle  hit Lorry,Auto,Minor injury,Over speed,Four lanes or more with central divider,Straight road,,Fine,AP07TV   1220,P.V&AMB,Minor,7
06.11.2014,1:10 AM,1284,RHS,Rural,Ulavapadu,Rear End Collision, Tata Magic Vehicle  hit Lorry,Auto,Minor injury,Over speed,Four lanes or more with central divider,Straight road,,Fine,AP07TV   1220,P.V&AMB,Non injured ,3
06.11.2014,1:10 AM,1284,RHS,Rural,Ulavapadu,Rear End Collision, Tata Magic Vehicle  hit Lorry,Auto,Minor injury,Over speed,Four lanes or more with central divider,Straight road,,Fine,AP07TV   1220,P.V&AMB,Animals affected,0
08.11.2014,6:40 PM,1295.8,LHS,Rural,Ulavapadu,Overturning, Car  Overturned towards ROW,Car,Fatal,Over speed,Four lanes or more with central divider,Straight road,,Fine,AP8DS   8972,P.V,Fatal,1
08.11.2014,6:40 PM,1295.8,LHS,Rural,Ulavapadu,Overturning, Car  Overturned towards ROW,Car,Fatal,Over speed,Four lanes or more with central divider,Straight road,,Fine,AP8DS   8972,P.V,Grevious,1
08.11.2014,6:40 PM,1295.8,LHS,Rural,Ulavapadu,Overturning, Car  Overturned towards ROW,Car,Fatal,Over speed,Four lanes or more with central divider,Straight road,,Fine,AP8DS   8972,P.V,Minor,0
08.11.2014,6:40 PM,1295.8,LHS,Rural,Ulavapadu,Overturning, Car  Overturned towards ROW,Car,Fatal,Over speed,Four lanes or more with central divider,Straight road,,Fine,AP8DS   8972,P.V,Non injured ,0
08.11.2014,6:40 PM,1295.8,LHS,Rural,Ulavapadu,Overturning, Car  Overturned towards ROW,Car,Fatal,Over speed,Four lanes or more with central divider,Straight road,,Fine,AP8DS   8972,P.V,Animals affected,0
09.11.2014,12:10 AM,1269.1,RHS,Rural,Jarugumalli,Rear End Collision, MilkVan   hit Tipper,Van,Non injury,Over speed,Four lanes or more with central divider,Straight road,,Cloudy,AP27TX   1335,P.V,Fatal,0
09.11.2014,12:10 AM,1269.1,RHS,Rural,Jarugumalli,Rear End Collision, MilkVan   hit Tipper,Van,Non injury,Over speed,Four lanes or more with central divider,Straight road,,Cloudy,AP27TX   1335,P.V,Grevious,0
09.11.2014,12:10 AM,1269.1,RHS,Rural,Jarugumalli,Rear End Collision, MilkVan   hit Tipper,Van,Non injury,Over speed,Four lanes or more with central divider,Straight road,,Cloudy,AP27TX   1335,P.V,Minor,0
09.11.2014,12:10 AM,1269.1,RHS,Rural,Jarugumalli,Rear End Collision, MilkVan   hit Tipper,Van,Non injury,Over speed,Four lanes or more with central divider,Straight road,,Cloudy,AP27TX   1335,P.V,Non injured ,1
09.11.2014,12:10 AM,1269.1,RHS,Rural,Jarugumalli,Rear End Collision, MilkVan   hit Tipper,Van,Non injury,Over speed,Four lanes or more with central divider,Straight road,,Cloudy,AP27TX   1335,P.V,Animals affected,0
09.11.2014,12:25 PM,1220.7,RHS,Rural,Medarametla,Rear End Collision, Container Vehicle  hit Lorry,Container,Minor injury,Fault of driver of motor vehicle/driver of other vehicle/cyclist/pedestrian/passenger,Four lanes or more with central divider,Straight road,,Light rain,KA01AC  9554,P.V,Fatal,0
09.11.2014,12:25 PM,1220.7,RHS,Rural,Medarametla,Rear End Collision, Container Vehicle  hit Lorry,Container,Minor injury,Fault of driver of motor vehicle/driver of other vehicle/cyclist/pedestrian/passenger,Four lanes or more with central divider,Straight road,,Light rain,KA01AC  9554,P.V,Grevious,0
09.11.2014,12:25 PM,1220.7,RHS,Rural,Medarametla,Rear End Collision, Container Vehicle  hit Lorry,Container,Minor injury,Fault of driver of motor vehicle/driver of other vehicle/cyclist/pedestrian/passenger,Four lanes or more with central divider,Straight road,,Light rain,KA01AC  9554,P.V,Minor,2
09.11.2014,12:25 PM,1220.7,RHS,Rural,Medarametla,Rear End Collision, Container Vehicle  hit Lorry,Container,Minor injury,Fault of driver of motor vehicle/driver of other vehicle/cyclist/pedestrian/passenger,Four lanes or more with central divider,Straight road,,Light rain,KA01AC  9554,P.V,Non injured ,2
09.11.2014,12:25 PM,1220.7,RHS,Rural,Medarametla,Rear End Collision, Container Vehicle  hit Lorry,Container,Minor injury,Fault of driver of motor vehicle/driver of other vehicle/cyclist/pedestrian/passenger,Four lanes or more with central divider,Straight road,,Light rain,KA01AC  9554,P.V,Animals affected,0
10.11.2014,5:20 AM,1312.2,LHS,Rural,Kavali,Overturning,  Tata Ace Vehicle Overturned,Tata Ace,Non injury,Fault of driver of motor vehicle/driver of other vehicle/cyclist/pedestrian/passenger,Four lanes or more with central divider,Straight road,,Cloudy,TX04VA      2716,P.V,Fatal,0
10.11.2014,5:20 AM,1312.2,LHS,Rural,Kavali,Overturning,  Tata Ace Vehicle Overturned,Tata Ace,Non injury,Fault of driver of motor vehicle/driver of other vehicle/cyclist/pedestrian/passenger,Four lanes or more with central divider,Straight road,,Cloudy,TX04VA      2716,P.V,Grevious,0
10.11.2014,5:20 AM,1312.2,LHS,Rural,Kavali,Overturning,  Tata Ace Vehicle Overturned,Tata Ace,Non injury,Fault of driver of motor vehicle/driver of other vehicle/cyclist/pedestrian/passenger,Four lanes or more with central divider,Straight road,,Cloudy,TX04VA      2716,P.V,Minor,0
10.11.2014,5:20 AM,1312.2,LHS,Rural,Kavali,Overturning,  Tata Ace Vehicle Overturned,Tata Ace,Non injury,Fault of driver of motor vehicle/driver of other vehicle/cyclist/pedestrian/passenger,Four lanes or more with central divider,Straight road,,Cloudy,TX04VA      2716,P.V,Non injured ,1
10.11.2014,5:20 AM,1312.2,LHS,Rural,Kavali,Overturning,  Tata Ace Vehicle Overturned,Tata Ace,Non injury,Fault of driver of motor vehicle/driver of other vehicle/cyclist/pedestrian/passenger,Four lanes or more with central divider,Straight road,,Cloudy,TX04VA      2716,P.V,Animals affected,0
12.11.2014,12:20 AM,1251.5,RHS,Rural,Ongole,Rear End Collision, RTC Bus hit Lorry,Bus,Grievious injury,Fault of driver of motor vehicle/driver of other vehicle/cyclist/pedestrian/passenger,Four lanes or more with central divider,Straight road,,Fine,AP29Z   1857,P.V,Fatal,0
12.11.2014,12:20 AM,1251.5,RHS,Rural,Ongole,Rear End Collision, RTC Bus hit Lorry,Bus,Grievious injury,Fault of driver of motor vehicle/driver of other vehicle/cyclist/pedestrian/passenger,Four lanes or more with central divider,Straight road,,Fine,AP29Z   1857,P.V,Grevious,2
12.11.2014,12:20 AM,1251.5,RHS,Rural,Ongole,Rear End Collision, RTC Bus hit Lorry,Bus,Grievious injury,Fault of driver of motor vehicle/driver of other vehicle/cyclist/pedestrian/passenger,Four lanes or more with central divider,Straight road,,Fine,AP29Z   1857,P.V,Minor,11
12.11.2014,12:20 AM,1251.5,RHS,Rural,Ongole,Rear End Collision, RTC Bus hit Lorry,Bus,Grievious injury,Fault of driver of motor vehicle/driver of other vehicle/cyclist/pedestrian/passenger,Four lanes or more with central divider,Straight road,,Fine,AP29Z   1857,P.V,Non injured ,14
12.11.2014,12:20 AM,1251.5,RHS,Rural,Ongole,Rear End Collision, RTC Bus hit Lorry,Bus,Grievious injury,Fault of driver of motor vehicle/driver of other vehicle/cyclist/pedestrian/passenger,Four lanes or more with central divider,Straight road,,Fine,AP29Z   1857,P.V,Animals affected,0
12.11.2014,8:33 AM,1206.6,RHS,Rural,Reningavaram,Rear End Collision, RTC Bus hit Auto,Bus,Grievious injury,Fault of driver of motor vehicle/driver of other vehicle/cyclist/pedestrian/passenger,Four lanes or more with central divider,Straight road,,Fine,AP27 Z 3826,P.V&AMB,Fatal,0
12.11.2014,8:33 AM,1206.6,RHS,Rural,Reningavaram,Rear End Collision, RTC Bus hit Auto,Bus,Grievious injury,Fault of driver of motor vehicle/driver of other vehicle/cyclist/pedestrian/passenger,Four lanes or more with central divider,Straight road,,Fine,AP27 Z 3826,P.V&AMB,Grevious,1
12.11.2014,8:33 AM,1206.6,RHS,Rural,Reningavaram,Rear End Collision, RTC Bus hit Auto,Bus,Grievious injury,Fault of driver of motor vehicle/driver of other vehicle/cyclist/pedestrian/passenger,Four lanes or more with central divider,Straight road,,Fine,AP27 Z 3826,P.V&AMB,Minor,0
12.11.2014,8:33 AM,1206.6,RHS,Rural,Reningavaram,Rear End Collision, RTC Bus hit Auto,Bus,Grievious injury,Fault of driver of motor vehicle/driver of other vehicle/cyclist/pedestrian/passenger,Four lanes or more with central divider,Straight road,,Fine,AP27 Z 3826,P.V&AMB,Non injured ,16
12.11.2014,8:33 AM,1206.6,RHS,Rural,Reningavaram,Rear End Collision, RTC Bus hit Auto,Bus,Grievious injury,Fault of driver of motor vehicle/driver of other vehicle/cyclist/pedestrian/passenger,Four lanes or more with central divider,Straight road,,Fine,AP27 Z 3826,P.V&AMB,Animals affected,0
12.11.2014,3:24 PM,1288,RHS,Rural,Ulavapadu,Rear End Collision, Milk Tanker  hit Unknown Vehicle,Tanker,Non injury,Fault of driver of motor vehicle/driver of other vehicle/cyclist/pedestrian/passenger,Three lanes or more without central divider(median),Straight road,Four arm junction,Heavy rain,TN02 R 9318,P.V,Fatal,0
12.11.2014,3:24 PM,1288,RHS,Rural,Ulavapadu,Rear End Collision, Milk Tanker  hit Unknown Vehicle,Tanker,Non injury,Fault of driver of motor vehicle/driver of other vehicle/cyclist/pedestrian/passenger,Three lanes or more without central divider(median),Straight road,Four arm junction,Heavy rain,TN02 R 9318,P.V,Grevious,0
12.11.2014,3:24 PM,1288,RHS,Rural,Ulavapadu,Rear End Collision, Milk Tanker  hit Unknown Vehicle,Tanker,Non injury,Fault of driver of motor vehicle/driver of other vehicle/cyclist/pedestrian/passenger,Three lanes or more without central divider(median),Straight road,Four arm junction,Heavy rain,TN02 R 9318,P.V,Minor,0
12.11.2014,3:24 PM,1288,RHS,Rural,Ulavapadu,Rear End Collision, Milk Tanker  hit Unknown Vehicle,Tanker,Non injury,Fault of driver of motor vehicle/driver of other vehicle/cyclist/pedestrian/passenger,Three lanes or more without central divider(median),Straight road,Four arm junction,Heavy rain,TN02 R 9318,P.V,Non injured ,1
12.11.2014,3:24 PM,1288,RHS,Rural,Ulavapadu,Rear End Collision, Milk Tanker  hit Unknown Vehicle,Tanker,Non injury,Fault of driver of motor vehicle/driver of other vehicle/cyclist/pedestrian/passenger,Three lanes or more without central divider(median),Straight road,Four arm junction,Heavy rain,TN02 R 9318,P.V,Animals affected,0
13.11.2014,1:00 AM,1237,LHS,Rural,Maddipadu,Overturning,  Lorry Over Turned,Lorry,Non injury,Fault of driver of motor vehicle/driver of other vehicle/cyclist/pedestrian/passenger,Four lanes or more with central divider,Straight road,,Heavy rain,AP16 TB    9967,P.V,Fatal,0
13.11.2014,1:00 AM,1237,LHS,Rural,Maddipadu,Overturning,  Lorry Over Turned,Lorry,Non injury,Fault of driver of motor vehicle/driver of other vehicle/cyclist/pedestrian/passenger,Four lanes or more with central divider,Straight road,,Heavy rain,AP16 TB    9967,P.V,Grevious,0
13.11.2014,1:00 AM,1237,LHS,Rural,Maddipadu,Overturning,  Lorry Over Turned,Lorry,Non injury,Fault of driver of motor vehicle/driver of other vehicle/cyclist/pedestrian/passenger,Four lanes or more with central divider,Straight road,,Heavy rain,AP16 TB    9967,P.V,Minor,0
13.11.2014,1:00 AM,1237,LHS,Rural,Maddipadu,Overturning,  Lorry Over Turned,Lorry,Non injury,Fault of driver of motor vehicle/driver of other vehicle/cyclist/pedestrian/passenger,Four lanes or more with central divider,Straight road,,Heavy rain,AP16 TB    9967,P.V,Non injured ,2
13.11.2014,1:00 AM,1237,LHS,Rural,Maddipadu,Overturning,  Lorry Over Turned,Lorry,Non injury,Fault of driver of motor vehicle/driver of other vehicle/cyclist/pedestrian/passenger,Four lanes or more with central divider,Straight road,,Heavy rain,AP16 TB    9967,P.V,Animals affected,0
13.11.2014,1:20 AM,1255.7,LHS,Rural,Tangutur,Collision Brush/Side Wipe, Tata Indica Car hit safety wall,Car,Minor injury,Fault of driver of motor vehicle/driver of other vehicle/cyclist/pedestrian/passenger,Four lanes or more with central divider,Straight road,,Heavy rain,AP26AQ      5357,P.V,Fatal,0
13.11.2014,1:20 AM,1255.7,LHS,Rural,Tangutur,Collision Brush/Side Wipe, Tata Indica Car hit safety wall,Car,Minor injury,Fault of driver of motor vehicle/driver of other vehicle/cyclist/pedestrian/passenger,Four lanes or more with central divider,Straight road,,Heavy rain,AP26AQ      5357,P.V,Grevious,0
13.11.2014,1:20 AM,1255.7,LHS,Rural,Tangutur,Collision Brush/Side Wipe, Tata Indica Car hit safety wall,Car,Minor injury,Fault of driver of motor vehicle/driver of other vehicle/cyclist/pedestrian/passenger,Four lanes or more with central divider,Straight road,,Heavy rain,AP26AQ      5357,P.V,Minor,1
13.11.2014,1:20 AM,1255.7,LHS,Rural,Tangutur,Collision Brush/Side Wipe, Tata Indica Car hit safety wall,Car,Minor injury,Fault of driver of motor vehicle/driver of other vehicle/cyclist/pedestrian/passenger,Four lanes or more with central divider,Straight road,,Heavy rain,AP26AQ      5357,P.V,Non injured ,1
13.11.2014,1:20 AM,1255.7,LHS,Rural,Tangutur,Collision Brush/Side Wipe, Tata Indica Car hit safety wall,Car,Minor injury,Fault of driver of motor vehicle/driver of other vehicle/cyclist/pedestrian/passenger,Four lanes or more with central divider,Straight road,,Heavy rain,AP26AQ      5357,P.V,Animals affected,0
14.11.2014,2:40 PM,1195.5,RHS,Rural,Martur,Collision Brush/Side Wipe, Car hit  Pedestrian,Car,Minor injury,Fault of driver of motor vehicle/driver of other vehicle/cyclist/pedestrian/passenger,Four lanes or more with central divider,Straight road,,Fine,AP26AN   278,P.V&AMB,Fatal,0
14.11.2014,2:40 PM,1195.5,RHS,Rural,Martur,Collision Brush/Side Wipe, Car hit  Pedestrian,Car,Minor injury,Fault of driver of motor vehicle/driver of other vehicle/cyclist/pedestrian/passenger,Four lanes or more with central divider,Straight road,,Fine,AP26AN   278,P.V&AMB,Grevious,0
14.11.2014,2:40 PM,1195.5,RHS,Rural,Martur,Collision Brush/Side Wipe, Car hit  Pedestrian,Car,Minor injury,Fault of driver of motor vehicle/driver of other vehicle/cyclist/pedestrian/passenger,Four lanes or more with central divider,Straight road,,Fine,AP26AN   278,P.V&AMB,Minor,1
14.11.2014,2:40 PM,1195.5,RHS,Rural,Martur,Collision Brush/Side Wipe, Car hit  Pedestrian,Car,Minor injury,Fault of driver of motor vehicle/driver of other vehicle/cyclist/pedestrian/passenger,Four lanes or more with central divider,Straight road,,Fine,AP26AN   278,P.V&AMB,Non injured ,3
14.11.2014,2:40 PM,1195.5,RHS,Rural,Martur,Collision Brush/Side Wipe, Car hit  Pedestrian,Car,Minor injury,Fault of driver of motor vehicle/driver of other vehicle/cyclist/pedestrian/passenger,Four lanes or more with central divider,Straight road,,Fine,AP26AN   278,P.V&AMB,Animals affected,0
15.11.2014,5:30 AM,1269.6,RHS,Rural,Jarugumalli,Rear End Collision, Mini Lorry hit  Heap of Soil,Lorry,Grievious injury,Fault of driver of motor vehicle/driver of other vehicle/cyclist/pedestrian/passenger,Four lanes or more with central divider,Slight curve,,Fine,AP28TE   1908,P.V,Fatal,0
15.11.2014,5:30 AM,1269.6,RHS,Rural,Jarugumalli,Rear End Collision, Mini Lorry hit  Heap of Soil,Lorry,Grievious injury,Fault of driver of motor vehicle/driver of other vehicle/cyclist/pedestrian/passenger,Four lanes or more with central divider,Slight curve,,Fine,AP28TE   1908,P.V,Grevious,1
15.11.2014,5:30 AM,1269.6,RHS,Rural,Jarugumalli,Rear End Collision, Mini Lorry hit  Heap of Soil,Lorry,Grievious injury,Fault of driver of motor vehicle/driver of other vehicle/cyclist/pedestrian/passenger,Four lanes or more with central divider,Slight curve,,Fine,AP28TE   1908,P.V,Minor,0
15.11.2014,5:30 AM,1269.6,RHS,Rural,Jarugumalli,Rear End Collision, Mini Lorry hit  Heap of Soil,Lorry,Grievious injury,Fault of driver of motor vehicle/driver of other vehicle/cyclist/pedestrian/passenger,Four lanes or more with central divider,Slight curve,,Fine,AP28TE   1908,P.V,Non injured ,1
15.11.2014,5:30 AM,1269.6,RHS,Rural,Jarugumalli,Rear End Collision, Mini Lorry hit  Heap of Soil,Lorry,Grievious injury,Fault of driver of motor vehicle/driver of other vehicle/cyclist/pedestrian/passenger,Four lanes or more with central divider,Slight curve,,Fine,AP28TE   1908,P.V,Animals affected,0
15.11.2014,7:20 PM,1227.9,RHS,Rural,Maddipadu,Collision Brush/Side Wipe, Container Vehicle  hit       Car,Container,Grievious injury,Fault of driver of motor vehicle/driver of other vehicle/cyclist/pedestrian/passenger,Four lanes or more with central divider,Straight road,,Fine,AP07E   6565,P.V,Fatal,0