Operational date,Time of Accident,KM && M,Position,Rural/Urban,Location,Nature of Accident Position,Nature of Accident,Vehicle Involved,Type of Accident,Causes,Road Feature,Road condition,Intersection Type And Control,Weather Condition,Vehicle Responsible,Help Provided by Ambulance/Patroling Vehicle,Classification of Accident,No of Affected Persons
15.11.2014,7:20 PM,1227.9,RHS,Rural,Maddipadu,Collision Brush/Side Wipe, Container Vehicle  hit       Car,Container,Grievious injury,Fault of driver of motor vehicle/driver of other vehicle/cyclist/pedestrian/passenger,Four lanes or more with central divider,Straight road,,Fine,AP07E   6565,P.V,Grevious,2
15.11.2014,7:20 PM,1227.9,RHS,Rural,Maddipadu,Collision Brush/Side Wipe, Container Vehicle  hit       Car,Container,Grievious injury,Fault of driver of motor vehicle/driver of other vehicle/cyclist/pedestrian/passenger,Four lanes or more with central divider,Straight road,,Fine,AP07E   6565,P.V,Minor,0
15.11.2014,7:20 PM,1227.9,RHS,Rural,Maddipadu,Collision Brush/Side Wipe, Container Vehicle  hit       Car,Container,Grievious injury,Fault of driver of motor vehicle/driver of other vehicle/cyclist/pedestrian/passenger,Four lanes or more with central divider,Straight road,,Fine,AP07E   6565,P.V,Non injured ,1
15.11.2014,7:20 PM,1227.9,RHS,Rural,Maddipadu,Collision Brush/Side Wipe, Container Vehicle  hit       Car,Container,Grievious injury,Fault of driver of motor vehicle/driver of other vehicle/cyclist/pedestrian/passenger,Four lanes or more with central divider,Straight road,,Fine,AP07E   6565,P.V,Animals affected,0
17.11.2014,9:28 PM,1328.9,LHS,Rural,Kavali,Collision Brush/Side Wipe, Unknown Vehicle hit Pedestrian,Unknown,Grievious injury,Over speed,Four lanes or more with central divider,Slight curve,,Fine,Unknown Vehicle,P.V&AMB,Fatal,0
17.11.2014,9:28 PM,1328.9,LHS,Rural,Kavali,Collision Brush/Side Wipe, Unknown Vehicle hit Pedestrian,Unknown,Grievious injury,Over speed,Four lanes or more with central divider,Slight curve,,Fine,Unknown Vehicle,P.V&AMB,Grevious,1
17.11.2014,9:28 PM,1328.9,LHS,Rural,Kavali,Collision Brush/Side Wipe, Unknown Vehicle hit Pedestrian,Unknown,Grievious injury,Over speed,Four lanes or more with central divider,Slight curve,,Fine,Unknown Vehicle,P.V&AMB,Minor,0
17.11.2014,9:28 PM,1328.9,LHS,Rural,Kavali,Collision Brush/Side Wipe, Unknown Vehicle hit Pedestrian,Unknown,Grievious injury,Over speed,Four lanes or more with central divider,Slight curve,,Fine,Unknown Vehicle,P.V&AMB,Non injured ,0
17.11.2014,9:28 PM,1328.9,LHS,Rural,Kavali,Collision Brush/Side Wipe, Unknown Vehicle hit Pedestrian,Unknown,Grievious injury,Over speed,Four lanes or more with central divider,Slight curve,,Fine,Unknown Vehicle,P.V&AMB,Animals affected,0
19.11.2014,3:00 AM,1276.4,LHS,Rural,Singarayakonda,Rear End Collision, Container Vehicle  hit       Unknown Ve,Container,Grievious injury,Fault of driver of motor vehicle/driver of other vehicle/cyclist/pedestrian/passenger,Four lanes or more with central divider,Straight road,,Fine,AP27W   4737,P.V&AMB,Fatal,0
19.11.2014,3:00 AM,1276.4,LHS,Rural,Singarayakonda,Rear End Collision, Container Vehicle  hit       Unknown Ve,Container,Grievious injury,Fault of driver of motor vehicle/driver of other vehicle/cyclist/pedestrian/passenger,Four lanes or more with central divider,Straight road,,Fine,AP27W   4737,P.V&AMB,Grevious,1
19.11.2014,3:00 AM,1276.4,LHS,Rural,Singarayakonda,Rear End Collision, Container Vehicle  hit       Unknown Ve,Container,Grievious injury,Fault of driver of motor vehicle/driver of other vehicle/cyclist/pedestrian/passenger,Four lanes or more with central divider,Straight road,,Fine,AP27W   4737,P.V&AMB,Minor,0
19.11.2014,3:00 AM,1276.4,LHS,Rural,Singarayakonda,Rear End Collision, Container Vehicle  hit       Unknown Ve,Container,Grievious injury,Fault of driver of motor vehicle/driver of other vehicle/cyclist/pedestrian/passenger,Four lanes or more with central divider,Straight road,,Fine,AP27W   4737,P.V&AMB,Non injured ,1
19.11.2014,3:00 AM,1276.4,LHS,Rural,Singarayakonda,Rear End Collision, Container Vehicle  hit       Unknown Ve,Container,Grievious injury,Fault of driver of motor vehicle/driver of other vehicle/cyclist/pedestrian/passenger,Four lanes or more with central divider,Straight road,,Fine,AP27W   4737,P.V&AMB,Animals affected,0
20.11.2014,8:36 AM,1195.3,RHS,Rural,Martur,Collision Brush/Side Wipe, Lorry hit Pedestrian,Lorry,Fatal,Fault of driver of motor vehicle/driver of other vehicle/cyclist/pedestrian/passenger,Four lanes or more with central divider,Straight road,,Fine,AP31X  6359,P.V,Fatal,1
20.11.2014,8:36 AM,1195.3,RHS,Rural,Martur,Collision Brush/Side Wipe, Lorry hit Pedestrian,Lorry,Fatal,Fault of driver of motor vehicle/driver of other vehicle/cyclist/pedestrian/passenger,Four lanes or more with central divider,Straight road,,Fine,AP31X  6359,P.V,Grevious,0
20.11.2014,8:36 AM,1195.3,RHS,Rural,Martur,Collision Brush/Side Wipe, Lorry hit Pedestrian,Lorry,Fatal,Fault of driver of motor vehicle/driver of other vehicle/cyclist/pedestrian/passenger,Four lanes or more with central divider,Straight road,,Fine,AP31X  6359,P.V,Minor,0
20.11.2014,8:36 AM,1195.3,RHS,Rural,Martur,Collision Brush/Side Wipe, Lorry hit Pedestrian,Lorry,Fatal,Fault of driver of motor vehicle/driver of other vehicle/cyclist/pedestrian/passenger,Four lanes or more with central divider,Straight road,,Fine,AP31X  6359,P.V,Non injured ,2
20.11.2014,8:36 AM,1195.3,RHS,Rural,Martur,Collision Brush/Side Wipe, Lorry hit Pedestrian,Lorry,Fatal,Fault of driver of motor vehicle/driver of other vehicle/cyclist/pedestrian/passenger,Four lanes or more with central divider,Straight road,,Fine,AP31X  6359,P.V,Animals affected,0
20.11.2014,6:30 PM,1260,RHS,Rural,Tangutur,Head on collision, Bike hit CC Barrier,Bike,Minor injury,Over speed,Four lanes or more with central divider,Straight road,,Fine,AP27AM    1970,P.V&AMB,Fatal,0
20.11.2014,6:30 PM,1260,RHS,Rural,Tangutur,Head on collision, Bike hit CC Barrier,Bike,Minor injury,Over speed,Four lanes or more with central divider,Straight road,,Fine,AP27AM    1970,P.V&AMB,Grevious,0
20.11.2014,6:30 PM,1260,RHS,Rural,Tangutur,Head on collision, Bike hit CC Barrier,Bike,Minor injury,Over speed,Four lanes or more with central divider,Straight road,,Fine,AP27AM    1970,P.V&AMB,Minor,1
20.11.2014,6:30 PM,1260,RHS,Rural,Tangutur,Head on collision, Bike hit CC Barrier,Bike,Minor injury,Over speed,Four lanes or more with central divider,Straight road,,Fine,AP27AM    1970,P.V&AMB,Non injured ,0
20.11.2014,6:30 PM,1260,RHS,Rural,Tangutur,Head on collision, Bike hit CC Barrier,Bike,Minor injury,Over speed,Four lanes or more with central divider,Straight road,,Fine,AP27AM    1970,P.V&AMB,Animals affected,0
22.11.2014,1:00 AM,1313.2,LHS,Rural,Kavali,Rear End Collision, Mini Lorry hit  Lorry,Lorry,Non injury,Over speed,Four lanes or more with central divider,Straight road,,Fine,AP27TW   7882,P.V,Fatal,0
22.11.2014,1:00 AM,1313.2,LHS,Rural,Kavali,Rear End Collision, Mini Lorry hit  Lorry,Lorry,Non injury,Over speed,Four lanes or more with central divider,Straight road,,Fine,AP27TW   7882,P.V,Grevious,0
22.11.2014,1:00 AM,1313.2,LHS,Rural,Kavali,Rear End Collision, Mini Lorry hit  Lorry,Lorry,Non injury,Over speed,Four lanes or more with central divider,Straight road,,Fine,AP27TW   7882,P.V,Minor,0
22.11.2014,1:00 AM,1313.2,LHS,Rural,Kavali,Rear End Collision, Mini Lorry hit  Lorry,Lorry,Non injury,Over speed,Four lanes or more with central divider,Straight road,,Fine,AP27TW   7882,P.V,Non injured ,1
22.11.2014,1:00 AM,1313.2,LHS,Rural,Kavali,Rear End Collision, Mini Lorry hit  Lorry,Lorry,Non injury,Over speed,Four lanes or more with central divider,Straight road,,Fine,AP27TW   7882,P.V,Animals affected,0
23.11.2014,4:50 AM,1362.8,RHS,Rural,Kodavaluru,Overturning,  LPG Gas Tanker           Over Turned,Tanker,Minor injury,Fault of driver of motor vehicle/driver of other vehicle/cyclist/pedestrian/passenger,Four lanes or more with central divider,Straight road,,Fine,K01AD     3144,P.V,Fatal,0
23.11.2014,4:50 AM,1362.8,RHS,Rural,Kodavaluru,Overturning,  LPG Gas Tanker           Over Turned,Tanker,Minor injury,Fault of driver of motor vehicle/driver of other vehicle/cyclist/pedestrian/passenger,Four lanes or more with central divider,Straight road,,Fine,K01AD     3144,P.V,Grevious,0
23.11.2014,4:50 AM,1362.8,RHS,Rural,Kodavaluru,Overturning,  LPG Gas Tanker           Over Turned,Tanker,Minor injury,Fault of driver of motor vehicle/driver of other vehicle/cyclist/pedestrian/passenger,Four lanes or more with central divider,Straight road,,Fine,K01AD     3144,P.V,Minor,1
23.11.2014,4:50 AM,1362.8,RHS,Rural,Kodavaluru,Overturning,  LPG Gas Tanker           Over Turned,Tanker,Minor injury,Fault of driver of motor vehicle/driver of other vehicle/cyclist/pedestrian/passenger,Four lanes or more with central divider,Straight road,,Fine,K01AD     3144,P.V,Non injured ,1
23.11.2014,4:50 AM,1362.8,RHS,Rural,Kodavaluru,Overturning,  LPG Gas Tanker           Over Turned,Tanker,Minor injury,Fault of driver of motor vehicle/driver of other vehicle/cyclist/pedestrian/passenger,Four lanes or more with central divider,Straight road,,Fine,K01AD     3144,P.V,Animals affected,0
24.11.2014,3:53 PM,1326,LHS,Rural,Kavali,Collision Brush/Side Wipe, Bike hit CC Barrier,Bike,Minor injury,Over speed,Four lanes or more with central divider,Straight road,,Fine,AP26Q     2387,AMB,Fatal,0
24.11.2014,3:53 PM,1326,LHS,Rural,Kavali,Collision Brush/Side Wipe, Bike hit CC Barrier,Bike,Minor injury,Over speed,Four lanes or more with central divider,Straight road,,Fine,AP26Q     2387,AMB,Grevious,0
24.11.2014,3:53 PM,1326,LHS,Rural,Kavali,Collision Brush/Side Wipe, Bike hit CC Barrier,Bike,Minor injury,Over speed,Four lanes or more with central divider,Straight road,,Fine,AP26Q     2387,AMB,Minor,2
24.11.2014,3:53 PM,1326,LHS,Rural,Kavali,Collision Brush/Side Wipe, Bike hit CC Barrier,Bike,Minor injury,Over speed,Four lanes or more with central divider,Straight road,,Fine,AP26Q     2387,AMB,Non injured ,0
24.11.2014,3:53 PM,1326,LHS,Rural,Kavali,Collision Brush/Side Wipe, Bike hit CC Barrier,Bike,Minor injury,Over speed,Four lanes or more with central divider,Straight road,,Fine,AP26Q     2387,AMB,Animals affected,0
27.11.2014,1:10 PM,1265.4,RHS,Rural,Tangutur,Head on collision, Bike hit Pedestrian,Bike,Grievious injury,Fault of driver of motor vehicle/driver of other vehicle/cyclist/pedestrian/passenger,Four lanes or more with central divider,Straight road,,Fine,AP07 BU 5057,AMB,Fatal,0
27.11.2014,1:10 PM,1265.4,RHS,Rural,Tangutur,Head on collision, Bike hit Pedestrian,Bike,Grievious injury,Fault of driver of motor vehicle/driver of other vehicle/cyclist/pedestrian/passenger,Four lanes or more with central divider,Straight road,,Fine,AP07 BU 5057,AMB,Grevious,1
27.11.2014,1:10 PM,1265.4,RHS,Rural,Tangutur,Head on collision, Bike hit Pedestrian,Bike,Grievious injury,Fault of driver of motor vehicle/driver of other vehicle/cyclist/pedestrian/passenger,Four lanes or more with central divider,Straight road,,Fine,AP07 BU 5057,AMB,Minor,0
27.11.2014,1:10 PM,1265.4,RHS,Rural,Tangutur,Head on collision, Bike hit Pedestrian,Bike,Grievious injury,Fault of driver of motor vehicle/driver of other vehicle/cyclist/pedestrian/passenger,Four lanes or more with central divider,Straight road,,Fine,AP07 BU 5057,AMB,Non injured ,1
27.11.2014,1:10 PM,1265.4,RHS,Rural,Tangutur,Head on collision, Bike hit Pedestrian,Bike,Grievious injury,Fault of driver of motor vehicle/driver of other vehicle/cyclist/pedestrian/passenger,Four lanes or more with central divider,Straight road,,Fine,AP07 BU 5057,AMB,Animals affected,0
27.11.2014,7:00 PM,1365,RHS,Rural,Kovuru,Rear End Collision, Lorry  hit       Unknown Vehicle,Lorry,Non injury,Over speed,Four lanes or more with central divider,Slight curve,,Fine,AP24TB    2511,P.V,Fatal,0
27.11.2014,7:00 PM,1365,RHS,Rural,Kovuru,Rear End Collision, Lorry  hit       Unknown Vehicle,Lorry,Non injury,Over speed,Four lanes or more with central divider,Slight curve,,Fine,AP24TB    2511,P.V,Grevious,0
27.11.2014,7:00 PM,1365,RHS,Rural,Kovuru,Rear End Collision, Lorry  hit       Unknown Vehicle,Lorry,Non injury,Over speed,Four lanes or more with central divider,Slight curve,,Fine,AP24TB    2511,P.V,Minor,0
27.11.2014,7:00 PM,1365,RHS,Rural,Kovuru,Rear End Collision, Lorry  hit       Unknown Vehicle,Lorry,Non injury,Over speed,Four lanes or more with central divider,Slight curve,,Fine,AP24TB    2511,P.V,Non injured ,2
27.11.2014,7:00 PM,1365,RHS,Rural,Kovuru,Rear End Collision, Lorry  hit       Unknown Vehicle,Lorry,Non injury,Over speed,Four lanes or more with central divider,Slight curve,,Fine,AP24TB    2511,P.V,Animals affected,0
27.11.2014,9:42 PM,1308,LHS,Rural,Kavali,Collision Brush/Side Wipe, Trailer Vehicle hit Lorry,Trailler,Minor injury,Fault of driver of motor vehicle/driver of other vehicle/cyclist/pedestrian/passenger,Four lanes or more with central divider,Straight road,,Fine,AP27TW  0599,P.V,Fatal,0
27.11.2014,9:42 PM,1308,LHS,Rural,Kavali,Collision Brush/Side Wipe, Trailer Vehicle hit Lorry,Trailler,Minor injury,Fault of driver of motor vehicle/driver of other vehicle/cyclist/pedestrian/passenger,Four lanes or more with central divider,Straight road,,Fine,AP27TW  0599,P.V,Grevious,0
27.11.2014,9:42 PM,1308,LHS,Rural,Kavali,Collision Brush/Side Wipe, Trailer Vehicle hit Lorry,Trailler,Minor injury,Fault of driver of motor vehicle/driver of other vehicle/cyclist/pedestrian/passenger,Four lanes or more with central divider,Straight road,,Fine,AP27TW  0599,P.V,Minor,1
27.11.2014,9:42 PM,1308,LHS,Rural,Kavali,Collision Brush/Side Wipe, Trailer Vehicle hit Lorry,Trailler,Minor injury,Fault of driver of motor vehicle/driver of other vehicle/cyclist/pedestrian/passenger,Four lanes or more with central divider,Straight road,,Fine,AP27TW  0599,P.V,Non injured ,2
27.11.2014,9:42 PM,1308,LHS,Rural,Kavali,Collision Brush/Side Wipe, Trailer Vehicle hit Lorry,Trailler,Minor injury,Fault of driver of motor vehicle/driver of other vehicle/cyclist/pedestrian/passenger,Four lanes or more with central divider,Straight road,,Fine,AP27TW  0599,P.V,Animals affected,0
28.11.2014,6:40 AM,1282.5,LHS,Rural,Singarayakonda,Overturning, Mini Lorry   OverTurned,Lorry,Non injury,Fault of driver of motor vehicle/driver of other vehicle/cyclist/pedestrian/passenger,Four lanes or more with central divider,Slight curve,,Mist/Fog,AP28TC   7767,P.V,Fatal,0
28.11.2014,6:40 AM,1282.5,LHS,Rural,Singarayakonda,Overturning, Mini Lorry   OverTurned,Lorry,Non injury,Fault of driver of motor vehicle/driver of other vehicle/cyclist/pedestrian/passenger,Four lanes or more with central divider,Slight curve,,Mist/Fog,AP28TC   7767,P.V,Grevious,0
28.11.2014,6:40 AM,1282.5,LHS,Rural,Singarayakonda,Overturning, Mini Lorry   OverTurned,Lorry,Non injury,Fault of driver of motor vehicle/driver of other vehicle/cyclist/pedestrian/passenger,Four lanes or more with central divider,Slight curve,,Mist/Fog,AP28TC   7767,P.V,Minor,0
28.11.2014,6:40 AM,1282.5,LHS,Rural,Singarayakonda,Overturning, Mini Lorry   OverTurned,Lorry,Non injury,Fault of driver of motor vehicle/driver of other vehicle/cyclist/pedestrian/passenger,Four lanes or more with central divider,Slight curve,,Mist/Fog,AP28TC   7767,P.V,Non injured ,2
28.11.2014,6:40 AM,1282.5,LHS,Rural,Singarayakonda,Overturning, Mini Lorry   OverTurned,Lorry,Non injury,Fault of driver of motor vehicle/driver of other vehicle/cyclist/pedestrian/passenger,Four lanes or more with central divider,Slight curve,,Mist/Fog,AP28TC   7767,P.V,Animals affected,0
28.11.2014,10:10 AM,1362.9,LHS,Rural,Kovuru,Collision Brush/Side Wipe, Lorry hit Pedestrian,Lorry,Grievious injury,Fault of driver of motor vehicle/driver of other vehicle/cyclist/pedestrian/passenger,Three lanes or more without central divider(median),Straight road,T-Junction,Fine,AP27U    5472,P.V,Fatal,0
28.11.2014,10:10 AM,1362.9,LHS,Rural,Kovuru,Collision Brush/Side Wipe, Lorry hit Pedestrian,Lorry,Grievious injury,Fault of driver of motor vehicle/driver of other vehicle/cyclist/pedestrian/passenger,Three lanes or more without central divider(median),Straight road,T-Junction,Fine,AP27U    5472,P.V,Grevious,1
28.11.2014,10:10 AM,1362.9,LHS,Rural,Kovuru,Collision Brush/Side Wipe, Lorry hit Pedestrian,Lorry,Grievious injury,Fault of driver of motor vehicle/driver of other vehicle/cyclist/pedestrian/passenger,Three lanes or more without central divider(median),Straight road,T-Junction,Fine,AP27U    5472,P.V,Minor,0
28.11.2014,10:10 AM,1362.9,LHS,Rural,Kovuru,Collision Brush/Side Wipe, Lorry hit Pedestrian,Lorry,Grievious injury,Fault of driver of motor vehicle/driver of other vehicle/cyclist/pedestrian/passenger,Three lanes or more without central divider(median),Straight road,T-Junction,Fine,AP27U    5472,P.V,Non injured ,2
28.11.2014,10:10 AM,1362.9,LHS,Rural,Kovuru,Collision Brush/Side Wipe, Lorry hit Pedestrian,Lorry,Grievious injury,Fault of driver of motor vehicle/driver of other vehicle/cyclist/pedestrian/passenger,Three lanes or more without central divider(median),Straight road,T-Junction,Fine,AP27U    5472,P.V,Animals affected,0
28.11.2014,3:20 PM,1243.5,LHS,Urban,Ongole,Collision Brush/Side Wipe, Lorry hit to Buffalo's,Lorry,Non injury,Over speed,Four lanes or more with central divider,Straight road,,Fine,AP16TY  4368,P.V,Fatal,0
28.11.2014,3:20 PM,1243.5,LHS,Urban,Ongole,Collision Brush/Side Wipe, Lorry hit to Buffalo's,Lorry,Non injury,Over speed,Four lanes or more with central divider,Straight road,,Fine,AP16TY  4368,P.V,Grevious,0
28.11.2014,3:20 PM,1243.5,LHS,Urban,Ongole,Collision Brush/Side Wipe, Lorry hit to Buffalo's,Lorry,Non injury,Over speed,Four lanes or more with central divider,Straight road,,Fine,AP16TY  4368,P.V,Minor,0
28.11.2014,3:20 PM,1243.5,LHS,Urban,Ongole,Collision Brush/Side Wipe, Lorry hit to Buffalo's,Lorry,Non injury,Over speed,Four lanes or more with central divider,Straight road,,Fine,AP16TY  4368,P.V,Non injured ,2
28.11.2014,3:20 PM,1243.5,LHS,Urban,Ongole,Collision Brush/Side Wipe, Lorry hit to Buffalo's,Lorry,Non injury,Over speed,Four lanes or more with central divider,Straight road,,Fine,AP16TY  4368,P.V,Animals affected,2
29.11.2014,10:30 PM,1349.4,RHS,Rural,Kodavaluru,Collision Brush/Side Wipe, Bike hit Buffalo,Bike,Fatal,Over speed,Four lanes or more with central divider,Straight road,,Fine,AP26AH    0014,P.V,Fatal,1
29.11.2014,10:30 PM,1349.4,RHS,Rural,Kodavaluru,Collision Brush/Side Wipe, Bike hit Buffalo,Bike,Fatal,Over speed,Four lanes or more with central divider,Straight road,,Fine,AP26AH    0014,P.V,Grevious,0
29.11.2014,10:30 PM,1349.4,RHS,Rural,Kodavaluru,Collision Brush/Side Wipe, Bike hit Buffalo,Bike,Fatal,Over speed,Four lanes or more with central divider,Straight road,,Fine,AP26AH    0014,P.V,Minor,0
29.11.2014,10:30 PM,1349.4,RHS,Rural,Kodavaluru,Collision Brush/Side Wipe, Bike hit Buffalo,Bike,Fatal,Over speed,Four lanes or more with central divider,Straight road,,Fine,AP26AH    0014,P.V,Non injured ,1
29.11.2014,10:30 PM,1349.4,RHS,Rural,Kodavaluru,Collision Brush/Side Wipe, Bike hit Buffalo,Bike,Fatal,Over speed,Four lanes or more with central divider,Straight road,,Fine,AP26AH    0014,P.V,Animals affected,1
30.11.2014,12:05 AM,1361.6,RHS,Rural,Kodavaluru,Rear End Collision, Tata Ace Vehicle  Overturned,Tata Ace,Non injury,Over speed,Four lanes or more with central divider,Straight road,,Fine,AP26TB      8576,P.V,Fatal,0
30.11.2014,12:05 AM,1361.6,RHS,Rural,Kodavaluru,Rear End Collision, Tata Ace Vehicle  Overturned,Tata Ace,Non injury,Over speed,Four lanes or more with central divider,Straight road,,Fine,AP26TB      8576,P.V,Grevious,0
30.11.2014,12:05 AM,1361.6,RHS,Rural,Kodavaluru,Rear End Collision, Tata Ace Vehicle  Overturned,Tata Ace,Non injury,Over speed,Four lanes or more with central divider,Straight road,,Fine,AP26TB      8576,P.V,Minor,0
30.11.2014,12:05 AM,1361.6,RHS,Rural,Kodavaluru,Rear End Collision, Tata Ace Vehicle  Overturned,Tata Ace,Non injury,Over speed,Four lanes or more with central divider,Straight road,,Fine,AP26TB      8576,P.V,Non injured ,1
30.11.2014,12:05 AM,1361.6,RHS,Rural,Kodavaluru,Rear End Collision, Tata Ace Vehicle  Overturned,Tata Ace,Non injury,Over speed,Four lanes or more with central divider,Straight road,,Fine,AP26TB      8576,P.V,Animals affected,0
01.12.2014,9:27 AM,1365.1,LHS,Rural,Kovuru,Collision Brush/Side Wipe, RTC Bus Hit to Pedestrian,Bus,Grievious injury,Fault of driver of motor vehicle/driver of other vehicle/cyclist/pedestrian/passenger,Four lanes or more with central divider,Slight curve,,Fine,AP 11 Z      2897,P.V,Fatal,0
01.12.2014,9:27 AM,1365.1,LHS,Rural,Kovuru,Collision Brush/Side Wipe, RTC Bus Hit to Pedestrian,Bus,Grievious injury,Fault of driver of motor vehicle/driver of other vehicle/cyclist/pedestrian/passenger,Four lanes or more with central divider,Slight curve,,Fine,AP 11 Z      2897,P.V,Grevious,1
01.12.2014,9:27 AM,1365.1,LHS,Rural,Kovuru,Collision Brush/Side Wipe, RTC Bus Hit to Pedestrian,Bus,Grievious injury,Fault of driver of motor vehicle/driver of other vehicle/cyclist/pedestrian/passenger,Four lanes or more with central divider,Slight curve,,Fine,AP 11 Z      2897,P.V,Minor,0
01.12.2014,9:27 AM,1365.1,LHS,Rural,Kovuru,Collision Brush/Side Wipe, RTC Bus Hit to Pedestrian,Bus,Grievious injury,Fault of driver of motor vehicle/driver of other vehicle/cyclist/pedestrian/passenger,Four lanes or more with central divider,Slight curve,,Fine,AP 11 Z      2897,P.V,Non injured ,15
01.12.2014,9:27 AM,1365.1,LHS,Rural,Kovuru,Collision Brush/Side Wipe, RTC Bus Hit to Pedestrian,Bus,Grievious injury,Fault of driver of motor vehicle/driver of other vehicle/cyclist/pedestrian/passenger,Four lanes or more with central divider,Slight curve,,Fine,AP 11 Z      2897,P.V,Animals affected,0
01.12.2014,3:05 PM,1260.3,RHS,Rural,Tangutur,Collision Brush/Side Wipe, TVS XL Super (Moped) Hit to CC Barrier,Bike,Minor injury,Fault of driver of motor vehicle/driver of other vehicle/cyclist/pedestrian/passenger,Four lanes or more with central divider,Straight road,,Fine,AP 27 AS 4586,P.V & AMB,Fatal,0
01.12.2014,3:05 PM,1260.3,RHS,Rural,Tangutur,Collision Brush/Side Wipe, TVS XL Super (Moped) Hit to CC Barrier,Bike,Minor injury,Fault of driver of motor vehicle/driver of other vehicle/cyclist/pedestrian/passenger,Four lanes or more with central divider,Straight road,,Fine,AP 27 AS 4586,P.V & AMB,Grevious,0
01.12.2014,3:05 PM,1260.3,RHS,Rural,Tangutur,Collision Brush/Side Wipe, TVS XL Super (Moped) Hit to CC Barrier,Bike,Minor injury,Fault of driver of motor vehicle/driver of other vehicle/cyclist/pedestrian/passenger,Four lanes or more with central divider,Straight road,,Fine,AP 27 AS 4586,P.V & AMB,Minor,1
01.12.2014,3:05 PM,1260.3,RHS,Rural,Tangutur,Collision Brush/Side Wipe, TVS XL Super (Moped) Hit to CC Barrier,Bike,Minor injury,Fault of driver of motor vehicle/driver of other vehicle/cyclist/pedestrian/passenger,Four lanes or more with central divider,Straight road,,Fine,AP 27 AS 4586,P.V & AMB,Non injured ,0
01.12.2014,3:05 PM,1260.3,RHS,Rural,Tangutur,Collision Brush/Side Wipe, TVS XL Super (Moped) Hit to CC Barrier,Bike,Minor injury,Fault of driver of motor vehicle/driver of other vehicle/cyclist/pedestrian/passenger,Four lanes or more with central divider,Straight road,,Fine,AP 27 AS 4586,P.V & AMB,Animals affected,0
02.12.2014,12:30 AM,1304.2,LHS,Rural,Gudluru,Collision Brush/Side Wipe, Mini Lorry hit CC Barrier,Lorry,Non injury,Fault of driver of motor vehicle/driver of other vehicle/cyclist/pedestrian/passenger,Four lanes or more with central divider,Straight road,,Fine,AP10V   1202,P.V,Fatal,0
02.12.2014,12:30 AM,1304.2,LHS,Rural,Gudluru,Collision Brush/Side Wipe, Mini Lorry hit CC Barrier,Lorry,Non injury,Fault of driver of motor vehicle/driver of other vehicle/cyclist/pedestrian/passenger,Four lanes or more with central divider,Straight road,,Fine,AP10V   1202,P.V,Grevious,0
02.12.2014,12:30 AM,1304.2,LHS,Rural,Gudluru,Collision Brush/Side Wipe, Mini Lorry hit CC Barrier,Lorry,Non injury,Fault of driver of motor vehicle/driver of other vehicle/cyclist/pedestrian/passenger,Four lanes or more with central divider,Straight road,,Fine,AP10V   1202,P.V,Minor,0
02.12.2014,12:30 AM,1304.2,LHS,Rural,Gudluru,Collision Brush/Side Wipe, Mini Lorry hit CC Barrier,Lorry,Non injury,Fault of driver of motor vehicle/driver of other vehicle/cyclist/pedestrian/passenger,Four lanes or more with central divider,Straight road,,Fine,AP10V   1202,P.V,Non injured ,2
02.12.2014,12:30 AM,1304.2,LHS,Rural,Gudluru,Collision Brush/Side Wipe, Mini Lorry hit CC Barrier,Lorry,Non injury,Fault of driver of motor vehicle/driver of other vehicle/cyclist/pedestrian/passenger,Four lanes or more with central divider,Straight road,,Fine,AP10V   1202,P.V,Animals affected,0
03.12.2014,4:00 AM,1191,LHS,Rural,Martur,Collision Brush/Side Wipe, Car hit Median,Car,Minor injury,Over speed,Four lanes or more with central divider,Straight road,,Fine,AP16CL  4478,P.V,Fatal,0
03.12.2014,4:00 AM,1191,LHS,Rural,Martur,Collision Brush/Side Wipe, Car hit Median,Car,Minor injury,Over speed,Four lanes or more with central divider,Straight road,,Fine,AP16CL  4478,P.V,Grevious,0
03.12.2014,4:00 AM,1191,LHS,Rural,Martur,Collision Brush/Side Wipe, Car hit Median,Car,Minor injury,Over speed,Four lanes or more with central divider,Straight road,,Fine,AP16CL  4478,P.V,Minor,2
03.12.2014,4:00 AM,1191,LHS,Rural,Martur,Collision Brush/Side Wipe, Car hit Median,Car,Minor injury,Over speed,Four lanes or more with central divider,Straight road,,Fine,AP16CL  4478,P.V,Non injured ,0
03.12.2014,4:00 AM,1191,LHS,Rural,Martur,Collision Brush/Side Wipe, Car hit Median,Car,Minor injury,Over speed,Four lanes or more with central divider,Straight road,,Fine,AP16CL  4478,P.V,Animals affected,0
04.12.2014,1:15 AM,1255.5,LHS,Rural,Tangutur,Collision Brush/Side Wipe, Lorry hit Safety wall,Lorry,Non injury,Fault of driver of motor vehicle/driver of other vehicle/cyclist/pedestrian/passenger,Two lanes,Straight road,,Fine,TN48T  9597,P.V,Fatal,0
04.12.2014,1:15 AM,1255.5,LHS,Rural,Tangutur,Collision Brush/Side Wipe, Lorry hit Safety wall,Lorry,Non injury,Fault of driver of motor vehicle/driver of other vehicle/cyclist/pedestrian/passenger,Two lanes,Straight road,,Fine,TN48T  9597,P.V,Grevious,0