Operational date,Time of Accident,KM && M,Position,Rural/Urban,Location,Nature of Accident Position,Nature of Accident,Vehicle Involved,Type of Accident,Causes,Road Feature,Road condition,Intersection Type And Control,Weather Condition,Vehicle Responsible,Help Provided by Ambulance/Patroling Vehicle,Classification of Accident,No of Affected Persons
04.12.2014,1:15 AM,1255.5,LHS,Rural,Tangutur,Collision Brush/Side Wipe, Lorry hit Safety wall,Lorry,Non injury,Fault of driver of motor vehicle/driver of other vehicle/cyclist/pedestrian/passenger,Two lanes,Straight road,,Fine,TN48T  9597,P.V,Minor,0
04.12.2014,1:15 AM,1255.5,LHS,Rural,Tangutur,Collision Brush/Side Wipe, Lorry hit Safety wall,Lorry,Non injury,Fault of driver of motor vehicle/driver of other vehicle/cyclist/pedestrian/passenger,Two lanes,Straight road,,Fine,TN48T  9597,P.V,Non injured ,2
04.12.2014,1:15 AM,1255.5,LHS,Rural,Tangutur,Collision Brush/Side Wipe, Lorry hit Safety wall,Lorry,Non injury,Fault of driver of motor vehicle/driver of other vehicle/cyclist/pedestrian/passenger,Two lanes,Straight road,,Fine,TN48T  9597,P.V,Animals affected,0
06.12.2014,9:45 AM,1207.8,RHS,Rural,Reningavaram,Collision Brush/Side Wipe, Car hit C.C Barrier,Car,Grievious injury,Over speed,Four lanes or more with central divider,Straight road,,Fine,AP07BG      9804,P.V & AMB,Fatal,0
06.12.2014,9:45 AM,1207.8,RHS,Rural,Reningavaram,Collision Brush/Side Wipe, Car hit C.C Barrier,Car,Grievious injury,Over speed,Four lanes or more with central divider,Straight road,,Fine,AP07BG      9804,P.V & AMB,Grevious,1
06.12.2014,9:45 AM,1207.8,RHS,Rural,Reningavaram,Collision Brush/Side Wipe, Car hit C.C Barrier,Car,Grievious injury,Over speed,Four lanes or more with central divider,Straight road,,Fine,AP07BG      9804,P.V & AMB,Minor,0
06.12.2014,9:45 AM,1207.8,RHS,Rural,Reningavaram,Collision Brush/Side Wipe, Car hit C.C Barrier,Car,Grievious injury,Over speed,Four lanes or more with central divider,Straight road,,Fine,AP07BG      9804,P.V & AMB,Non injured ,2
06.12.2014,9:45 AM,1207.8,RHS,Rural,Reningavaram,Collision Brush/Side Wipe, Car hit C.C Barrier,Car,Grievious injury,Over speed,Four lanes or more with central divider,Straight road,,Fine,AP07BG      9804,P.V & AMB,Animals affected,0
06.12.2014,6:00 PM,1346,LHS,Rural,Dagadarthi,Rear End Collision, Unknown vehicle hit  Pedestrian,Unknown,Grievious injury,Over speed,Four lanes or more with central divider,Straight road,,Fine,Unknown    Vehicle, AMB,Fatal,0
06.12.2014,6:00 PM,1346,LHS,Rural,Dagadarthi,Rear End Collision, Unknown vehicle hit  Pedestrian,Unknown,Grievious injury,Over speed,Four lanes or more with central divider,Straight road,,Fine,Unknown    Vehicle, AMB,Grevious,1
06.12.2014,6:00 PM,1346,LHS,Rural,Dagadarthi,Rear End Collision, Unknown vehicle hit  Pedestrian,Unknown,Grievious injury,Over speed,Four lanes or more with central divider,Straight road,,Fine,Unknown    Vehicle, AMB,Minor,0
06.12.2014,6:00 PM,1346,LHS,Rural,Dagadarthi,Rear End Collision, Unknown vehicle hit  Pedestrian,Unknown,Grievious injury,Over speed,Four lanes or more with central divider,Straight road,,Fine,Unknown    Vehicle, AMB,Non injured ,0
06.12.2014,6:00 PM,1346,LHS,Rural,Dagadarthi,Rear End Collision, Unknown vehicle hit  Pedestrian,Unknown,Grievious injury,Over speed,Four lanes or more with central divider,Straight road,,Fine,Unknown    Vehicle, AMB,Animals affected,0
06.12.2014,8:42 PM,1206.4,LHS,Rural,Reningavaram,Collision Brush/Side Wipe, Bike hit  Pedestrian,Bike,Grievious injury,Druken,Four lanes or more with central divider,Straight road,,Fine,AP27AJ    0515,P.V & AMB,Fatal,0
06.12.2014,8:42 PM,1206.4,LHS,Rural,Reningavaram,Collision Brush/Side Wipe, Bike hit  Pedestrian,Bike,Grievious injury,Druken,Four lanes or more with central divider,Straight road,,Fine,AP27AJ    0515,P.V & AMB,Grevious,1
06.12.2014,8:42 PM,1206.4,LHS,Rural,Reningavaram,Collision Brush/Side Wipe, Bike hit  Pedestrian,Bike,Grievious injury,Druken,Four lanes or more with central divider,Straight road,,Fine,AP27AJ    0515,P.V & AMB,Minor,1
06.12.2014,8:42 PM,1206.4,LHS,Rural,Reningavaram,Collision Brush/Side Wipe, Bike hit  Pedestrian,Bike,Grievious injury,Druken,Four lanes or more with central divider,Straight road,,Fine,AP27AJ    0515,P.V & AMB,Non injured ,0
06.12.2014,8:42 PM,1206.4,LHS,Rural,Reningavaram,Collision Brush/Side Wipe, Bike hit  Pedestrian,Bike,Grievious injury,Druken,Four lanes or more with central divider,Straight road,,Fine,AP27AJ    0515,P.V & AMB,Animals affected,0
07.12.2014,12:45 PM,1189.8,LHS,Rural,Martur,Head on collision, Lorry hit to another Lorry,Lorry,Grievious injury,Fault of driver of motor vehicle/driver of other vehicle/cyclist/pedestrian/passenger,Four lanes or more with central divider,Straight road,,Fine,AP 24 W       4938,P.V ,Fatal,0
07.12.2014,12:45 PM,1189.8,LHS,Rural,Martur,Head on collision, Lorry hit to another Lorry,Lorry,Grievious injury,Fault of driver of motor vehicle/driver of other vehicle/cyclist/pedestrian/passenger,Four lanes or more with central divider,Straight road,,Fine,AP 24 W       4938,P.V ,Grevious,1
07.12.2014,12:45 PM,1189.8,LHS,Rural,Martur,Head on collision, Lorry hit to another Lorry,Lorry,Grievious injury,Fault of driver of motor vehicle/driver of other vehicle/cyclist/pedestrian/passenger,Four lanes or more with central divider,Straight road,,Fine,AP 24 W       4938,P.V ,Minor,2
07.12.2014,12:45 PM,1189.8,LHS,Rural,Martur,Head on collision, Lorry hit to another Lorry,Lorry,Grievious injury,Fault of driver of motor vehicle/driver of other vehicle/cyclist/pedestrian/passenger,Four lanes or more with central divider,Straight road,,Fine,AP 24 W       4938,P.V ,Non injured ,0
07.12.2014,12:45 PM,1189.8,LHS,Rural,Martur,Head on collision, Lorry hit to another Lorry,Lorry,Grievious injury,Fault of driver of motor vehicle/driver of other vehicle/cyclist/pedestrian/passenger,Four lanes or more with central divider,Straight road,,Fine,AP 24 W       4938,P.V ,Animals affected,0
08.12.2014,10:30 AM,1288.5,RHS,Rural,Ulavapadu,Overturning, Container Vehicle  Overturned    ,Container,Non injury,Defect in mechanical condition of motor vehicle/road condition,Four lanes or more with central divider,Sharp curve,,Fine,HR38P     7619,P.V,Fatal,0
08.12.2014,10:30 AM,1288.5,RHS,Rural,Ulavapadu,Overturning, Container Vehicle  Overturned    ,Container,Non injury,Defect in mechanical condition of motor vehicle/road condition,Four lanes or more with central divider,Sharp curve,,Fine,HR38P     7619,P.V,Grevious,0
08.12.2014,10:30 AM,1288.5,RHS,Rural,Ulavapadu,Overturning, Container Vehicle  Overturned    ,Container,Non injury,Defect in mechanical condition of motor vehicle/road condition,Four lanes or more with central divider,Sharp curve,,Fine,HR38P     7619,P.V,Minor,0
08.12.2014,10:30 AM,1288.5,RHS,Rural,Ulavapadu,Overturning, Container Vehicle  Overturned    ,Container,Non injury,Defect in mechanical condition of motor vehicle/road condition,Four lanes or more with central divider,Sharp curve,,Fine,HR38P     7619,P.V,Non injured ,2
08.12.2014,10:30 AM,1288.5,RHS,Rural,Ulavapadu,Overturning, Container Vehicle  Overturned    ,Container,Non injury,Defect in mechanical condition of motor vehicle/road condition,Four lanes or more with central divider,Sharp curve,,Fine,HR38P     7619,P.V,Animals affected,0
08.12.2014,4:15 PM,1326,RHS,Rural,Kavali,Rear End Collision, Bike hit Lorry,Bike,Fatal,Druken,Four lanes or more with central divider,Straight road,,Fine,AP26AT     5467,P.V&AMB,Fatal,1
08.12.2014,4:15 PM,1326,RHS,Rural,Kavali,Rear End Collision, Bike hit Lorry,Bike,Fatal,Druken,Four lanes or more with central divider,Straight road,,Fine,AP26AT     5467,P.V&AMB,Grevious,2
08.12.2014,4:15 PM,1326,RHS,Rural,Kavali,Rear End Collision, Bike hit Lorry,Bike,Fatal,Druken,Four lanes or more with central divider,Straight road,,Fine,AP26AT     5467,P.V&AMB,Minor,0
08.12.2014,4:15 PM,1326,RHS,Rural,Kavali,Rear End Collision, Bike hit Lorry,Bike,Fatal,Druken,Four lanes or more with central divider,Straight road,,Fine,AP26AT     5467,P.V&AMB,Non injured ,0
08.12.2014,4:15 PM,1326,RHS,Rural,Kavali,Rear End Collision, Bike hit Lorry,Bike,Fatal,Druken,Four lanes or more with central divider,Straight road,,Fine,AP26AT     5467,P.V&AMB,Animals affected,0
08.12.2014,9:20 PM,1268.3,LHS,Rural,Jarugumalli,Collision Brush/Side Wipe, Trailer Vehicle hit Median,Trailler,Non injury,Fault of driver of motor vehicle/driver of other vehicle/cyclist/pedestrian/passenger,Four lanes or more with central divider,Straight road,,Fine,AP27TW     2618,P.V,Fatal,0
08.12.2014,9:20 PM,1268.3,LHS,Rural,Jarugumalli,Collision Brush/Side Wipe, Trailer Vehicle hit Median,Trailler,Non injury,Fault of driver of motor vehicle/driver of other vehicle/cyclist/pedestrian/passenger,Four lanes or more with central divider,Straight road,,Fine,AP27TW     2618,P.V,Grevious,0
08.12.2014,9:20 PM,1268.3,LHS,Rural,Jarugumalli,Collision Brush/Side Wipe, Trailer Vehicle hit Median,Trailler,Non injury,Fault of driver of motor vehicle/driver of other vehicle/cyclist/pedestrian/passenger,Four lanes or more with central divider,Straight road,,Fine,AP27TW     2618,P.V,Minor,0
08.12.2014,9:20 PM,1268.3,LHS,Rural,Jarugumalli,Collision Brush/Side Wipe, Trailer Vehicle hit Median,Trailler,Non injury,Fault of driver of motor vehicle/driver of other vehicle/cyclist/pedestrian/passenger,Four lanes or more with central divider,Straight road,,Fine,AP27TW     2618,P.V,Non injured ,2
08.12.2014,9:20 PM,1268.3,LHS,Rural,Jarugumalli,Collision Brush/Side Wipe, Trailer Vehicle hit Median,Trailler,Non injury,Fault of driver of motor vehicle/driver of other vehicle/cyclist/pedestrian/passenger,Four lanes or more with central divider,Straight road,,Fine,AP27TW     2618,P.V,Animals affected,0
09.12.2014,5:50 AM,1269.5,RHS,Rural,Jarugumalli,Head on collision, Car hit Tractor,Car,Non injury,Fault of driver of motor vehicle/driver of other vehicle/cyclist/pedestrian/passenger,Four lanes or more with central divider,Slight curve,,Fine,AP26AW  4786,P.V,Fatal,0
09.12.2014,5:50 AM,1269.5,RHS,Rural,Jarugumalli,Head on collision, Car hit Tractor,Car,Non injury,Fault of driver of motor vehicle/driver of other vehicle/cyclist/pedestrian/passenger,Four lanes or more with central divider,Slight curve,,Fine,AP26AW  4786,P.V,Grevious,0
09.12.2014,5:50 AM,1269.5,RHS,Rural,Jarugumalli,Head on collision, Car hit Tractor,Car,Non injury,Fault of driver of motor vehicle/driver of other vehicle/cyclist/pedestrian/passenger,Four lanes or more with central divider,Slight curve,,Fine,AP26AW  4786,P.V,Minor,0
09.12.2014,5:50 AM,1269.5,RHS,Rural,Jarugumalli,Head on collision, Car hit Tractor,Car,Non injury,Fault of driver of motor vehicle/driver of other vehicle/cyclist/pedestrian/passenger,Four lanes or more with central divider,Slight curve,,Fine,AP26AW  4786,P.V,Non injured ,5
09.12.2014,5:50 AM,1269.5,RHS,Rural,Jarugumalli,Head on collision, Car hit Tractor,Car,Non injury,Fault of driver of motor vehicle/driver of other vehicle/cyclist/pedestrian/passenger,Four lanes or more with central divider,Slight curve,,Fine,AP26AW  4786,P.V,Animals affected,0
09.12.2014,10:35 AM,1261.7,RHS,Rural,Tangutur,Collision Brush/Side Wipe, Trailer Vehicle  hit  Pedestrian's,Trailler,Grievious injury,Over speed,Four lanes or more with central divider,Straight road,,Fine,AP27Y   1599,P.V&AMB,Fatal,0
09.12.2014,10:35 AM,1261.7,RHS,Rural,Tangutur,Collision Brush/Side Wipe, Trailer Vehicle  hit  Pedestrian's,Trailler,Grievious injury,Over speed,Four lanes or more with central divider,Straight road,,Fine,AP27Y   1599,P.V&AMB,Grevious,1
09.12.2014,10:35 AM,1261.7,RHS,Rural,Tangutur,Collision Brush/Side Wipe, Trailer Vehicle  hit  Pedestrian's,Trailler,Grievious injury,Over speed,Four lanes or more with central divider,Straight road,,Fine,AP27Y   1599,P.V&AMB,Minor,1
09.12.2014,10:35 AM,1261.7,RHS,Rural,Tangutur,Collision Brush/Side Wipe, Trailer Vehicle  hit  Pedestrian's,Trailler,Grievious injury,Over speed,Four lanes or more with central divider,Straight road,,Fine,AP27Y   1599,P.V&AMB,Non injured ,7
09.12.2014,10:35 AM,1261.7,RHS,Rural,Tangutur,Collision Brush/Side Wipe, Trailer Vehicle  hit  Pedestrian's,Trailler,Grievious injury,Over speed,Four lanes or more with central divider,Straight road,,Fine,AP27Y   1599,P.V&AMB,Animals affected,0
09.12.2014,2:00 PM,1334.5,LHS,Rural,K.Tippa ,Collision Brush/Side Wipe, Lorry hit CC Barrier,Lorry,Non injury,Druken,Four lanes or more with central divider,Straight road,,Fine,AP16TY   9338,P.V,Fatal,0
09.12.2014,2:00 PM,1334.5,LHS,Rural,K.Tippa ,Collision Brush/Side Wipe, Lorry hit CC Barrier,Lorry,Non injury,Druken,Four lanes or more with central divider,Straight road,,Fine,AP16TY   9338,P.V,Grevious,0
09.12.2014,2:00 PM,1334.5,LHS,Rural,K.Tippa ,Collision Brush/Side Wipe, Lorry hit CC Barrier,Lorry,Non injury,Druken,Four lanes or more with central divider,Straight road,,Fine,AP16TY   9338,P.V,Minor,0
09.12.2014,2:00 PM,1334.5,LHS,Rural,K.Tippa ,Collision Brush/Side Wipe, Lorry hit CC Barrier,Lorry,Non injury,Druken,Four lanes or more with central divider,Straight road,,Fine,AP16TY   9338,P.V,Non injured ,0
09.12.2014,2:00 PM,1334.5,LHS,Rural,K.Tippa ,Collision Brush/Side Wipe, Lorry hit CC Barrier,Lorry,Non injury,Druken,Four lanes or more with central divider,Straight road,,Fine,AP16TY   9338,P.V,Animals affected,2
09.12.2014,5:15 PM,1241.3,RHS,Rural,Ongole,Collision Brush/Side Wipe, Car hit Unknown Vehicle,Car,Non injury,Over speed,Four lanes or more with central divider,Straight road,,Fine,AP16 BK  6228    ,P.V,Fatal,0
09.12.2014,5:15 PM,1241.3,RHS,Rural,Ongole,Collision Brush/Side Wipe, Car hit Unknown Vehicle,Car,Non injury,Over speed,Four lanes or more with central divider,Straight road,,Fine,AP16 BK  6228    ,P.V,Grevious,0
09.12.2014,5:15 PM,1241.3,RHS,Rural,Ongole,Collision Brush/Side Wipe, Car hit Unknown Vehicle,Car,Non injury,Over speed,Four lanes or more with central divider,Straight road,,Fine,AP16 BK  6228    ,P.V,Minor,0
09.12.2014,5:15 PM,1241.3,RHS,Rural,Ongole,Collision Brush/Side Wipe, Car hit Unknown Vehicle,Car,Non injury,Over speed,Four lanes or more with central divider,Straight road,,Fine,AP16 BK  6228    ,P.V,Non injured ,3
09.12.2014,5:15 PM,1241.3,RHS,Rural,Ongole,Collision Brush/Side Wipe, Car hit Unknown Vehicle,Car,Non injury,Over speed,Four lanes or more with central divider,Straight road,,Fine,AP16 BK  6228    ,P.V,Animals affected,0
10.12.2014,2:55 AM,1365.8,LHS,Rural,Kovuru,Rear End Collision, Volvo Bus  hit Lorry stopped on kerb la,Bus,Non injury,Over speed,Four lanes or more with central divider,Slight curve,,Heavy rain,AP 27 TW 8959,P.V,Fatal,0
10.12.2014,2:55 AM,1365.8,LHS,Rural,Kovuru,Rear End Collision, Volvo Bus  hit Lorry stopped on kerb la,Bus,Non injury,Over speed,Four lanes or more with central divider,Slight curve,,Heavy rain,AP 27 TW 8959,P.V,Grevious,0
10.12.2014,2:55 AM,1365.8,LHS,Rural,Kovuru,Rear End Collision, Volvo Bus  hit Lorry stopped on kerb la,Bus,Non injury,Over speed,Four lanes or more with central divider,Slight curve,,Heavy rain,AP 27 TW 8959,P.V,Minor,0
10.12.2014,2:55 AM,1365.8,LHS,Rural,Kovuru,Rear End Collision, Volvo Bus  hit Lorry stopped on kerb la,Bus,Non injury,Over speed,Four lanes or more with central divider,Slight curve,,Heavy rain,AP 27 TW 8959,P.V,Non injured ,90
10.12.2014,2:55 AM,1365.8,LHS,Rural,Kovuru,Rear End Collision, Volvo Bus  hit Lorry stopped on kerb la,Bus,Non injury,Over speed,Four lanes or more with central divider,Slight curve,,Heavy rain,AP 27 TW 8959,P.V,Animals affected,0
10.12.2014,8:30 AM,1227.9,RHS,Rural,Maddipadu,Collision Brush/Side Wipe, Bus  hit  Lorry,Bus,Non injury,Fault of driver of motor vehicle/driver of other vehicle/cyclist/pedestrian/passenger,Four lanes or more with central divider,Straight road,Four arm junction,Fine,AP 27 Y   4981,P.V,Fatal,0
10.12.2014,8:30 AM,1227.9,RHS,Rural,Maddipadu,Collision Brush/Side Wipe, Bus  hit  Lorry,Bus,Non injury,Fault of driver of motor vehicle/driver of other vehicle/cyclist/pedestrian/passenger,Four lanes or more with central divider,Straight road,Four arm junction,Fine,AP 27 Y   4981,P.V,Grevious,0
10.12.2014,8:30 AM,1227.9,RHS,Rural,Maddipadu,Collision Brush/Side Wipe, Bus  hit  Lorry,Bus,Non injury,Fault of driver of motor vehicle/driver of other vehicle/cyclist/pedestrian/passenger,Four lanes or more with central divider,Straight road,Four arm junction,Fine,AP 27 Y   4981,P.V,Minor,0
10.12.2014,8:30 AM,1227.9,RHS,Rural,Maddipadu,Collision Brush/Side Wipe, Bus  hit  Lorry,Bus,Non injury,Fault of driver of motor vehicle/driver of other vehicle/cyclist/pedestrian/passenger,Four lanes or more with central divider,Straight road,Four arm junction,Fine,AP 27 Y   4981,P.V,Non injured ,3
10.12.2014,8:30 AM,1227.9,RHS,Rural,Maddipadu,Collision Brush/Side Wipe, Bus  hit  Lorry,Bus,Non injury,Fault of driver of motor vehicle/driver of other vehicle/cyclist/pedestrian/passenger,Four lanes or more with central divider,Straight road,Four arm junction,Fine,AP 27 Y   4981,P.V,Animals affected,0
10.12.2014,1:40 PM,1264,RHS,Rural,Tangutur,Skidding, Bike (Hero Honda) Skid on road,Bike,Minor injury,Over speed,Four lanes or more with central divider,Straight road,,Fine,AP 27 AP 5098,P.V & AMB,Fatal,0
10.12.2014,1:40 PM,1264,RHS,Rural,Tangutur,Skidding, Bike (Hero Honda) Skid on road,Bike,Minor injury,Over speed,Four lanes or more with central divider,Straight road,,Fine,AP 27 AP 5098,P.V & AMB,Grevious,0
10.12.2014,1:40 PM,1264,RHS,Rural,Tangutur,Skidding, Bike (Hero Honda) Skid on road,Bike,Minor injury,Over speed,Four lanes or more with central divider,Straight road,,Fine,AP 27 AP 5098,P.V & AMB,Minor,1
10.12.2014,1:40 PM,1264,RHS,Rural,Tangutur,Skidding, Bike (Hero Honda) Skid on road,Bike,Minor injury,Over speed,Four lanes or more with central divider,Straight road,,Fine,AP 27 AP 5098,P.V & AMB,Non injured ,0
10.12.2014,1:40 PM,1264,RHS,Rural,Tangutur,Skidding, Bike (Hero Honda) Skid on road,Bike,Minor injury,Over speed,Four lanes or more with central divider,Straight road,,Fine,AP 27 AP 5098,P.V & AMB,Animals affected,0
11.12.2014,11:40 AM,1237.2,LHS,Rural,Maddipadu,Rear End Collision, Car hit Container Vehicle,Car,Non injury,Over speed,Four lanes or more with central divider,Straight road,,Fine,AP 07 BL 4950,P.V,Fatal,0
11.12.2014,11:40 AM,1237.2,LHS,Rural,Maddipadu,Rear End Collision, Car hit Container Vehicle,Car,Non injury,Over speed,Four lanes or more with central divider,Straight road,,Fine,AP 07 BL 4950,P.V,Grevious,0
11.12.2014,11:40 AM,1237.2,LHS,Rural,Maddipadu,Rear End Collision, Car hit Container Vehicle,Car,Non injury,Over speed,Four lanes or more with central divider,Straight road,,Fine,AP 07 BL 4950,P.V,Minor,0
11.12.2014,11:40 AM,1237.2,LHS,Rural,Maddipadu,Rear End Collision, Car hit Container Vehicle,Car,Non injury,Over speed,Four lanes or more with central divider,Straight road,,Fine,AP 07 BL 4950,P.V,Non injured ,4
11.12.2014,11:40 AM,1237.2,LHS,Rural,Maddipadu,Rear End Collision, Car hit Container Vehicle,Car,Non injury,Over speed,Four lanes or more with central divider,Straight road,,Fine,AP 07 BL 4950,P.V,Animals affected,0
12.12.2014,2:40 AM,1224.7,RHS,Rural,Maddipadu,Collision Brush/Side Wipe, Mini Lorry hit Unknown Vehicle,Lorry,Non injury,Druken,Four lanes or more with central divider,Straight road,,Fine,MH14 BJ   2012,P.V,Fatal,0
12.12.2014,2:40 AM,1224.7,RHS,Rural,Maddipadu,Collision Brush/Side Wipe, Mini Lorry hit Unknown Vehicle,Lorry,Non injury,Druken,Four lanes or more with central divider,Straight road,,Fine,MH14 BJ   2012,P.V,Grevious,0
12.12.2014,2:40 AM,1224.7,RHS,Rural,Maddipadu,Collision Brush/Side Wipe, Mini Lorry hit Unknown Vehicle,Lorry,Non injury,Druken,Four lanes or more with central divider,Straight road,,Fine,MH14 BJ   2012,P.V,Minor,0
12.12.2014,2:40 AM,1224.7,RHS,Rural,Maddipadu,Collision Brush/Side Wipe, Mini Lorry hit Unknown Vehicle,Lorry,Non injury,Druken,Four lanes or more with central divider,Straight road,,Fine,MH14 BJ   2012,P.V,Non injured ,1
12.12.2014,2:40 AM,1224.7,RHS,Rural,Maddipadu,Collision Brush/Side Wipe, Mini Lorry hit Unknown Vehicle,Lorry,Non injury,Druken,Four lanes or more with central divider,Straight road,,Fine,MH14 BJ   2012,P.V,Animals affected,0
13.12.2014,7:15 PM,1347.2,RHS,Rural,Dagadarthi,Collision Brush/Side Wipe, Car hit  CC Barrier,Car,Non injury,Over speed,Four lanes or more with central divider,Straight road,,Fine,TN 06 H 1335,P.V,Fatal,0
13.12.2014,7:15 PM,1347.2,RHS,Rural,Dagadarthi,Collision Brush/Side Wipe, Car hit  CC Barrier,Car,Non injury,Over speed,Four lanes or more with central divider,Straight road,,Fine,TN 06 H 1335,P.V,Grevious,0
13.12.2014,7:15 PM,1347.2,RHS,Rural,Dagadarthi,Collision Brush/Side Wipe, Car hit  CC Barrier,Car,Non injury,Over speed,Four lanes or more with central divider,Straight road,,Fine,TN 06 H 1335,P.V,Minor,0
13.12.2014,7:15 PM,1347.2,RHS,Rural,Dagadarthi,Collision Brush/Side Wipe, Car hit  CC Barrier,Car,Non injury,Over speed,Four lanes or more with central divider,Straight road,,Fine,TN 06 H 1335,P.V,Non injured ,3
13.12.2014,7:15 PM,1347.2,RHS,Rural,Dagadarthi,Collision Brush/Side Wipe, Car hit  CC Barrier,Car,Non injury,Over speed,Four lanes or more with central divider,Straight road,,Fine,TN 06 H 1335,P.V,Animals affected,0
14.12.2014,1:45 AM,1355.4,RHS,Rural,Kodavaluru,Rear End Collision, Lorry hit       Lorry,Lorry,Non injury,Over speed,Four lanes or more with central divider,Straight road,,Fine,HR 38 Q 0982,P.V,Fatal,0
14.12.2014,1:45 AM,1355.4,RHS,Rural,Kodavaluru,Rear End Collision, Lorry hit       Lorry,Lorry,Non injury,Over speed,Four lanes or more with central divider,Straight road,,Fine,HR 38 Q 0982,P.V,Grevious,0
14.12.2014,1:45 AM,1355.4,RHS,Rural,Kodavaluru,Rear End Collision, Lorry hit       Lorry,Lorry,Non injury,Over speed,Four lanes or more with central divider,Straight road,,Fine,HR 38 Q 0982,P.V,Minor,0
14.12.2014,1:45 AM,1355.4,RHS,Rural,Kodavaluru,Rear End Collision, Lorry hit       Lorry,Lorry,Non injury,Over speed,Four lanes or more with central divider,Straight road,,Fine,HR 38 Q 0982,P.V,Non injured ,4
14.12.2014,1:45 AM,1355.4,RHS,Rural,Kodavaluru,Rear End Collision, Lorry hit       Lorry,Lorry,Non injury,Over speed,Four lanes or more with central divider,Straight road,,Fine,HR 38 Q 0982,P.V,Animals affected,0
14.12.2014,4:05 AM,1323.7,LHS,Rural,Kavali,Collision Brush/Side Wipe, Car hit Safety Wall,Car,Minor injury,Over speed,Two lanes,Straight road,,Fine,AP03 BK 9919,P.V & AMB,Fatal,0
14.12.2014,4:05 AM,1323.7,LHS,Rural,Kavali,Collision Brush/Side Wipe, Car hit Safety Wall,Car,Minor injury,Over speed,Two lanes,Straight road,,Fine,AP03 BK 9919,P.V & AMB,Grevious,0
14.12.2014,4:05 AM,1323.7,LHS,Rural,Kavali,Collision Brush/Side Wipe, Car hit Safety Wall,Car,Minor injury,Over speed,Two lanes,Straight road,,Fine,AP03 BK 9919,P.V & AMB,Minor,1
14.12.2014,4:05 AM,1323.7,LHS,Rural,Kavali,Collision Brush/Side Wipe, Car hit Safety Wall,Car,Minor injury,Over speed,Two lanes,Straight road,,Fine,AP03 BK 9919,P.V & AMB,Non injured ,5
14.12.2014,4:05 AM,1323.7,LHS,Rural,Kavali,Collision Brush/Side Wipe, Car hit Safety Wall,Car,Minor injury,Over speed,Two lanes,Straight road,,Fine,AP03 BK 9919,P.V & AMB,Animals affected,0
15.12.2014,3:35 AM,1305.7,LHS,Rural,Gudluru,Rear End Collision, Container Vehicle hit       Unknown Veh,Container,Non injury,Fault of driver of motor vehicle/driver of other vehicle/cyclist/pedestrian/passenger,Four lanes or more with central divider,Straight road,,Fine,TN20 BR   8754,P.V,Fatal,0
15.12.2014,3:35 AM,1305.7,LHS,Rural,Gudluru,Rear End Collision, Container Vehicle hit       Unknown Veh,Container,Non injury,Fault of driver of motor vehicle/driver of other vehicle/cyclist/pedestrian/passenger,Four lanes or more with central divider,Straight road,,Fine,TN20 BR   8754,P.V,Grevious,0
15.12.2014,3:35 AM,1305.7,LHS,Rural,Gudluru,Rear End Collision, Container Vehicle hit       Unknown Veh,Container,Non injury,Fault of driver of motor vehicle/driver of other vehicle/cyclist/pedestrian/passenger,Four lanes or more with central divider,Straight road,,Fine,TN20 BR   8754,P.V,Minor,0
15.12.2014,3:35 AM,1305.7,LHS,Rural,Gudluru,Rear End Collision, Container Vehicle hit       Unknown Veh,Container,Non injury,Fault of driver of motor vehicle/driver of other vehicle/cyclist/pedestrian/passenger,Four lanes or more with central divider,Straight road,,Fine,TN20 BR   8754,P.V,Non injured ,2
15.12.2014,3:35 AM,1305.7,LHS,Rural,Gudluru,Rear End Collision, Container Vehicle hit       Unknown Veh,Container,Non injury,Fault of driver of motor vehicle/driver of other vehicle/cyclist/pedestrian/passenger,Four lanes or more with central divider,Straight road,,Fine,TN20 BR   8754,P.V,Animals affected,0
15.12.2014,12:40 PM,1360.5,RHS,Rural,Kodavaluru,Rear End Collision,Car hit Car,Car,Non injury,Druken,Four lanes or more with central divider,Straight road,Four arm junction,Fine,AP26 AF 1665,P.V,Fatal,0
15.12.2014,12:40 PM,1360.5,RHS,Rural,Kodavaluru,Rear End Collision,Car hit Car,Car,Non injury,Druken,Four lanes or more with central divider,Straight road,Four arm junction,Fine,AP26 AF 1665,P.V,Grevious,0
15.12.2014,12:40 PM,1360.5,RHS,Rural,Kodavaluru,Rear End Collision,Car hit Car,Car,Non injury,Druken,Four lanes or more with central divider,Straight road,Four arm junction,Fine,AP26 AF 1665,P.V,Minor,0
15.12.2014,12:40 PM,1360.5,RHS,Rural,Kodavaluru,Rear End Collision,Car hit Car,Car,Non injury,Druken,Four lanes or more with central divider,Straight road,Four arm junction,Fine,AP26 AF 1665,P.V,Non injured ,4
15.12.2014,12:40 PM,1360.5,RHS,Rural,Kodavaluru,Rear End Collision,Car hit Car,Car,Non injury,Druken,Four lanes or more with central divider,Straight road,Four arm junction,Fine,AP26 AF 1665,P.V,Animals affected,0
16.12.2014,3:25 AM,1187.6,LHS,Rural,Martur,Overturning, Lorry Over Turned,Lorry,Non injury,Fault of driver of motor vehicle/driver of other vehicle/cyclist/pedestrian/passenger,Four lanes or more with central divider,Straight road,,Fine,AP37 TC 8388,P.V,Fatal,0
16.12.2014,3:25 AM,1187.6,LHS,Rural,Martur,Overturning, Lorry Over Turned,Lorry,Non injury,Fault of driver of motor vehicle/driver of other vehicle/cyclist/pedestrian/passenger,Four lanes or more with central divider,Straight road,,Fine,AP37 TC 8388,P.V,Grevious,0
16.12.2014,3:25 AM,1187.6,LHS,Rural,Martur,Overturning, Lorry Over Turned,Lorry,Non injury,Fault of driver of motor vehicle/driver of other vehicle/cyclist/pedestrian/passenger,Four lanes or more with central divider,Straight road,,Fine,AP37 TC 8388,P.V,Minor,0