Operational date,Time of Accident,KM && M,Position,Rural/Urban,Location,Nature of Accident Position,Nature of Accident,Vehicle Involved,Type of Accident,Causes,Road Feature,Road condition,Intersection Type And Control,Weather Condition,Vehicle Responsible,Help Provided by Ambulance/Patroling Vehicle,Classification of Accident,No of Affected Persons
16.12.2014,3:25 AM,1187.6,LHS,Rural,Martur,Overturning, Lorry Over Turned,Lorry,Non injury,Fault of driver of motor vehicle/driver of other vehicle/cyclist/pedestrian/passenger,Four lanes or more with central divider,Straight road,,Fine,AP37 TC 8388,P.V,Non injured ,2
16.12.2014,3:25 AM,1187.6,LHS,Rural,Martur,Overturning, Lorry Over Turned,Lorry,Non injury,Fault of driver of motor vehicle/driver of other vehicle/cyclist/pedestrian/passenger,Four lanes or more with central divider,Straight road,,Fine,AP37 TC 8388,P.V,Animals affected,0
16.12.2014,6:15 PM,1212.2,RHS,Rural,Medarametla,Collision Brush/Side Wipe, Car hit Bike,Car,Grievious injury,Over speed,Four lanes or more with central divider,Straight road,,Fine,AP27 AQ 5832,P.V & AMB,Fatal,0
16.12.2014,6:15 PM,1212.2,RHS,Rural,Medarametla,Collision Brush/Side Wipe, Car hit Bike,Car,Grievious injury,Over speed,Four lanes or more with central divider,Straight road,,Fine,AP27 AQ 5832,P.V & AMB,Grevious,2
16.12.2014,6:15 PM,1212.2,RHS,Rural,Medarametla,Collision Brush/Side Wipe, Car hit Bike,Car,Grievious injury,Over speed,Four lanes or more with central divider,Straight road,,Fine,AP27 AQ 5832,P.V & AMB,Minor,1
16.12.2014,6:15 PM,1212.2,RHS,Rural,Medarametla,Collision Brush/Side Wipe, Car hit Bike,Car,Grievious injury,Over speed,Four lanes or more with central divider,Straight road,,Fine,AP27 AQ 5832,P.V & AMB,Non injured ,0
16.12.2014,6:15 PM,1212.2,RHS,Rural,Medarametla,Collision Brush/Side Wipe, Car hit Bike,Car,Grievious injury,Over speed,Four lanes or more with central divider,Straight road,,Fine,AP27 AQ 5832,P.V & AMB,Animals affected,0
17.12.2014,3:20 AM,1208.1,RHS,Rural,Reningavaram,Collision Brush/Side Wipe, Tanker Lorry hit Tipper Lorry ,Tanker,Minor injury,Fault of driver of motor vehicle/driver of other vehicle/cyclist/pedestrian/passenger,Four lanes or more with central divider,Straight road,,Fine,AP26TB 4446,P.V & AMB,Fatal,0
17.12.2014,3:20 AM,1208.1,RHS,Rural,Reningavaram,Collision Brush/Side Wipe, Tanker Lorry hit Tipper Lorry ,Tanker,Minor injury,Fault of driver of motor vehicle/driver of other vehicle/cyclist/pedestrian/passenger,Four lanes or more with central divider,Straight road,,Fine,AP26TB 4446,P.V & AMB,Grevious,1
17.12.2014,3:20 AM,1208.1,RHS,Rural,Reningavaram,Collision Brush/Side Wipe, Tanker Lorry hit Tipper Lorry ,Tanker,Minor injury,Fault of driver of motor vehicle/driver of other vehicle/cyclist/pedestrian/passenger,Four lanes or more with central divider,Straight road,,Fine,AP26TB 4446,P.V & AMB,Minor,0
17.12.2014,3:20 AM,1208.1,RHS,Rural,Reningavaram,Collision Brush/Side Wipe, Tanker Lorry hit Tipper Lorry ,Tanker,Minor injury,Fault of driver of motor vehicle/driver of other vehicle/cyclist/pedestrian/passenger,Four lanes or more with central divider,Straight road,,Fine,AP26TB 4446,P.V & AMB,Non injured ,2
17.12.2014,3:20 AM,1208.1,RHS,Rural,Reningavaram,Collision Brush/Side Wipe, Tanker Lorry hit Tipper Lorry ,Tanker,Minor injury,Fault of driver of motor vehicle/driver of other vehicle/cyclist/pedestrian/passenger,Four lanes or more with central divider,Straight road,,Fine,AP26TB 4446,P.V & AMB,Animals affected,0
17.12.2014,11:00 AM,1350.7,RHS,Rural,Kodavaluru,Collision Brush/Side Wipe, RTC  Bus hit Safety Wall,Bus,Non injury,Over speed,Four lanes or more with central divider,Straight road,,Fine,AP20Z    0137,P.V,Fatal,0
17.12.2014,11:00 AM,1350.7,RHS,Rural,Kodavaluru,Collision Brush/Side Wipe, RTC  Bus hit Safety Wall,Bus,Non injury,Over speed,Four lanes or more with central divider,Straight road,,Fine,AP20Z    0137,P.V,Grevious,0
17.12.2014,11:00 AM,1350.7,RHS,Rural,Kodavaluru,Collision Brush/Side Wipe, RTC  Bus hit Safety Wall,Bus,Non injury,Over speed,Four lanes or more with central divider,Straight road,,Fine,AP20Z    0137,P.V,Minor,0
17.12.2014,11:00 AM,1350.7,RHS,Rural,Kodavaluru,Collision Brush/Side Wipe, RTC  Bus hit Safety Wall,Bus,Non injury,Over speed,Four lanes or more with central divider,Straight road,,Fine,AP20Z    0137,P.V,Non injured ,28
17.12.2014,11:00 AM,1350.7,RHS,Rural,Kodavaluru,Collision Brush/Side Wipe, RTC  Bus hit Safety Wall,Bus,Non injury,Over speed,Four lanes or more with central divider,Straight road,,Fine,AP20Z    0137,P.V,Animals affected,0
17.12.2014,12:40 PM,1214.7,LHS,Rural,Medarametla,Overturning, Car Over Turned,Car,Minor injury,Over speed,Four lanes or more with central divider,Straight road,,Fine,AP20AR  0020,P.V,Fatal,0
17.12.2014,12:40 PM,1214.7,LHS,Rural,Medarametla,Overturning, Car Over Turned,Car,Minor injury,Over speed,Four lanes or more with central divider,Straight road,,Fine,AP20AR  0020,P.V,Grevious,0
17.12.2014,12:40 PM,1214.7,LHS,Rural,Medarametla,Overturning, Car Over Turned,Car,Minor injury,Over speed,Four lanes or more with central divider,Straight road,,Fine,AP20AR  0020,P.V,Minor,5
17.12.2014,12:40 PM,1214.7,LHS,Rural,Medarametla,Overturning, Car Over Turned,Car,Minor injury,Over speed,Four lanes or more with central divider,Straight road,,Fine,AP20AR  0020,P.V,Non injured ,0
17.12.2014,12:40 PM,1214.7,LHS,Rural,Medarametla,Overturning, Car Over Turned,Car,Minor injury,Over speed,Four lanes or more with central divider,Straight road,,Fine,AP20AR  0020,P.V,Animals affected,0
18.12.2014,7:35 PM,1339.9,LHS,Rural,Dagadarthi,Collision Brush/Side Wipe, Unknown Vehicle hit Pedestrian,Unknown,Grievious injury,Over speed,Four lanes or more with central divider,Straight road,T-Junction,Fine,Unknown Vehicle ,P.V & AMB,Fatal,0
18.12.2014,7:35 PM,1339.9,LHS,Rural,Dagadarthi,Collision Brush/Side Wipe, Unknown Vehicle hit Pedestrian,Unknown,Grievious injury,Over speed,Four lanes or more with central divider,Straight road,T-Junction,Fine,Unknown Vehicle ,P.V & AMB,Grevious,1
18.12.2014,7:35 PM,1339.9,LHS,Rural,Dagadarthi,Collision Brush/Side Wipe, Unknown Vehicle hit Pedestrian,Unknown,Grievious injury,Over speed,Four lanes or more with central divider,Straight road,T-Junction,Fine,Unknown Vehicle ,P.V & AMB,Minor,0
18.12.2014,7:35 PM,1339.9,LHS,Rural,Dagadarthi,Collision Brush/Side Wipe, Unknown Vehicle hit Pedestrian,Unknown,Grievious injury,Over speed,Four lanes or more with central divider,Straight road,T-Junction,Fine,Unknown Vehicle ,P.V & AMB,Non injured ,0
18.12.2014,7:35 PM,1339.9,LHS,Rural,Dagadarthi,Collision Brush/Side Wipe, Unknown Vehicle hit Pedestrian,Unknown,Grievious injury,Over speed,Four lanes or more with central divider,Straight road,T-Junction,Fine,Unknown Vehicle ,P.V & AMB,Animals affected,0
19.12.2014,6:30 AM,1300.3,LHS,Rural,Gudluru,Collision Brush/Side Wipe, Unknown Vehicle hit Pedestrian,Unknown,Fatal,Over speed,Four lanes or more with central divider,Straight road,,Fine,Unknown Vehicle ,P.V,Fatal,1
19.12.2014,6:30 AM,1300.3,LHS,Rural,Gudluru,Collision Brush/Side Wipe, Unknown Vehicle hit Pedestrian,Unknown,Fatal,Over speed,Four lanes or more with central divider,Straight road,,Fine,Unknown Vehicle ,P.V,Grevious,0
19.12.2014,6:30 AM,1300.3,LHS,Rural,Gudluru,Collision Brush/Side Wipe, Unknown Vehicle hit Pedestrian,Unknown,Fatal,Over speed,Four lanes or more with central divider,Straight road,,Fine,Unknown Vehicle ,P.V,Minor,0
19.12.2014,6:30 AM,1300.3,LHS,Rural,Gudluru,Collision Brush/Side Wipe, Unknown Vehicle hit Pedestrian,Unknown,Fatal,Over speed,Four lanes or more with central divider,Straight road,,Fine,Unknown Vehicle ,P.V,Non injured ,0
19.12.2014,6:30 AM,1300.3,LHS,Rural,Gudluru,Collision Brush/Side Wipe, Unknown Vehicle hit Pedestrian,Unknown,Fatal,Over speed,Four lanes or more with central divider,Straight road,,Fine,Unknown Vehicle ,P.V,Animals affected,0
20.12.2014,1:10 AM,1269.7,LHS,Rural,Jarugumalli,Collision Brush/Side Wipe, Trailer Vehicle hit Median,Trailler,Non injury,Defect in mechanical condition of motor vehicle/road condition,Four lanes or more with central divider,Slight curve,,Fine,KA02D 6692,P.V,Fatal,0
20.12.2014,1:10 AM,1269.7,LHS,Rural,Jarugumalli,Collision Brush/Side Wipe, Trailer Vehicle hit Median,Trailler,Non injury,Defect in mechanical condition of motor vehicle/road condition,Four lanes or more with central divider,Slight curve,,Fine,KA02D 6692,P.V,Grevious,0
20.12.2014,1:10 AM,1269.7,LHS,Rural,Jarugumalli,Collision Brush/Side Wipe, Trailer Vehicle hit Median,Trailler,Non injury,Defect in mechanical condition of motor vehicle/road condition,Four lanes or more with central divider,Slight curve,,Fine,KA02D 6692,P.V,Minor,0
20.12.2014,1:10 AM,1269.7,LHS,Rural,Jarugumalli,Collision Brush/Side Wipe, Trailer Vehicle hit Median,Trailler,Non injury,Defect in mechanical condition of motor vehicle/road condition,Four lanes or more with central divider,Slight curve,,Fine,KA02D 6692,P.V,Non injured ,2
20.12.2014,1:10 AM,1269.7,LHS,Rural,Jarugumalli,Collision Brush/Side Wipe, Trailer Vehicle hit Median,Trailler,Non injury,Defect in mechanical condition of motor vehicle/road condition,Four lanes or more with central divider,Slight curve,,Fine,KA02D 6692,P.V,Animals affected,0
20.12.2014,9:00 AM,1225.6,RHS,Rural,Maddipadu,Overturning, Tata Magic Vehicle  Over Turned,Auto,Minor injury,Defect in mechanical condition of motor vehicle/road condition,Four lanes or more with central divider,Straight road,,Fine,AP27TV 1045,P.V,Fatal,0
20.12.2014,9:00 AM,1225.6,RHS,Rural,Maddipadu,Overturning, Tata Magic Vehicle  Over Turned,Auto,Minor injury,Defect in mechanical condition of motor vehicle/road condition,Four lanes or more with central divider,Straight road,,Fine,AP27TV 1045,P.V,Grevious,0
20.12.2014,9:00 AM,1225.6,RHS,Rural,Maddipadu,Overturning, Tata Magic Vehicle  Over Turned,Auto,Minor injury,Defect in mechanical condition of motor vehicle/road condition,Four lanes or more with central divider,Straight road,,Fine,AP27TV 1045,P.V,Minor,3
20.12.2014,9:00 AM,1225.6,RHS,Rural,Maddipadu,Overturning, Tata Magic Vehicle  Over Turned,Auto,Minor injury,Defect in mechanical condition of motor vehicle/road condition,Four lanes or more with central divider,Straight road,,Fine,AP27TV 1045,P.V,Non injured ,7
20.12.2014,9:00 AM,1225.6,RHS,Rural,Maddipadu,Overturning, Tata Magic Vehicle  Over Turned,Auto,Minor injury,Defect in mechanical condition of motor vehicle/road condition,Four lanes or more with central divider,Straight road,,Fine,AP27TV 1045,P.V,Animals affected,0
21.12.2014,8:15 AM,1268.9,LHS,Rural,Jarugumalli,Collision Brush/Side Wipe, RTC Bus hit Bolero pickup Vehicle,Bus,Non injury,Over speed,Four lanes or more with central divider,Slight curve,,Fine,AP26Y  9898,P.V,Fatal,0
21.12.2014,8:15 AM,1268.9,LHS,Rural,Jarugumalli,Collision Brush/Side Wipe, RTC Bus hit Bolero pickup Vehicle,Bus,Non injury,Over speed,Four lanes or more with central divider,Slight curve,,Fine,AP26Y  9898,P.V,Grevious,0
21.12.2014,8:15 AM,1268.9,LHS,Rural,Jarugumalli,Collision Brush/Side Wipe, RTC Bus hit Bolero pickup Vehicle,Bus,Non injury,Over speed,Four lanes or more with central divider,Slight curve,,Fine,AP26Y  9898,P.V,Minor,0
21.12.2014,8:15 AM,1268.9,LHS,Rural,Jarugumalli,Collision Brush/Side Wipe, RTC Bus hit Bolero pickup Vehicle,Bus,Non injury,Over speed,Four lanes or more with central divider,Slight curve,,Fine,AP26Y  9898,P.V,Non injured ,24
21.12.2014,8:15 AM,1268.9,LHS,Rural,Jarugumalli,Collision Brush/Side Wipe, RTC Bus hit Bolero pickup Vehicle,Bus,Non injury,Over speed,Four lanes or more with central divider,Slight curve,,Fine,AP26Y  9898,P.V,Animals affected,0
21.12.2014,2:22 PM,1196.2,RHS,Rural,Martur,Skidding, TVS XL Moped       Skidding on the Road,Bike,Grievious injury,Druken,Four lanes or more with central divider,Straight road,,Fine,AP26AT 8129,P.V & AMB,Fatal,0
21.12.2014,2:22 PM,1196.2,RHS,Rural,Martur,Skidding, TVS XL Moped       Skidding on the Road,Bike,Grievious injury,Druken,Four lanes or more with central divider,Straight road,,Fine,AP26AT 8129,P.V & AMB,Grevious,1
21.12.2014,2:22 PM,1196.2,RHS,Rural,Martur,Skidding, TVS XL Moped       Skidding on the Road,Bike,Grievious injury,Druken,Four lanes or more with central divider,Straight road,,Fine,AP26AT 8129,P.V & AMB,Minor,1
21.12.2014,2:22 PM,1196.2,RHS,Rural,Martur,Skidding, TVS XL Moped       Skidding on the Road,Bike,Grievious injury,Druken,Four lanes or more with central divider,Straight road,,Fine,AP26AT 8129,P.V & AMB,Non injured ,0
21.12.2014,2:22 PM,1196.2,RHS,Rural,Martur,Skidding, TVS XL Moped       Skidding on the Road,Bike,Grievious injury,Druken,Four lanes or more with central divider,Straight road,,Fine,AP26AT 8129,P.V & AMB,Animals affected,0
21.12.2014,2:50 PM,1327,RHS,Rural,Kavali,Overturning, Unknown vehicle hit  Auto ,Unknown,Minor injury,Over speed,Four lanes or more with central divider,Straight road,,Fine,Unknown Vehicle ,P.V & AMB,Fatal,0
21.12.2014,2:50 PM,1327,RHS,Rural,Kavali,Overturning, Unknown vehicle hit  Auto ,Unknown,Minor injury,Over speed,Four lanes or more with central divider,Straight road,,Fine,Unknown Vehicle ,P.V & AMB,Grevious,0
21.12.2014,2:50 PM,1327,RHS,Rural,Kavali,Overturning, Unknown vehicle hit  Auto ,Unknown,Minor injury,Over speed,Four lanes or more with central divider,Straight road,,Fine,Unknown Vehicle ,P.V & AMB,Minor,3
21.12.2014,2:50 PM,1327,RHS,Rural,Kavali,Overturning, Unknown vehicle hit  Auto ,Unknown,Minor injury,Over speed,Four lanes or more with central divider,Straight road,,Fine,Unknown Vehicle ,P.V & AMB,Non injured ,4
21.12.2014,2:50 PM,1327,RHS,Rural,Kavali,Overturning, Unknown vehicle hit  Auto ,Unknown,Minor injury,Over speed,Four lanes or more with central divider,Straight road,,Fine,Unknown Vehicle ,P.V & AMB,Animals affected,0
21.12.2014,4:40 PM,1229.7,RHS,Rural,Maddipadu,Skidding, Bike (Bajaj pulsar) Skid on road,Bike,Grievious injury,Over speed,Four lanes or more with central divider,Straight road,,Fine,AP27AK  7096,P.V & AMB,Fatal,0
21.12.2014,4:40 PM,1229.7,RHS,Rural,Maddipadu,Skidding, Bike (Bajaj pulsar) Skid on road,Bike,Grievious injury,Over speed,Four lanes or more with central divider,Straight road,,Fine,AP27AK  7096,P.V & AMB,Grevious,2
21.12.2014,4:40 PM,1229.7,RHS,Rural,Maddipadu,Skidding, Bike (Bajaj pulsar) Skid on road,Bike,Grievious injury,Over speed,Four lanes or more with central divider,Straight road,,Fine,AP27AK  7096,P.V & AMB,Minor,0
21.12.2014,4:40 PM,1229.7,RHS,Rural,Maddipadu,Skidding, Bike (Bajaj pulsar) Skid on road,Bike,Grievious injury,Over speed,Four lanes or more with central divider,Straight road,,Fine,AP27AK  7096,P.V & AMB,Non injured ,0
21.12.2014,4:40 PM,1229.7,RHS,Rural,Maddipadu,Skidding, Bike (Bajaj pulsar) Skid on road,Bike,Grievious injury,Over speed,Four lanes or more with central divider,Straight road,,Fine,AP27AK  7096,P.V & AMB,Animals affected,0
21.12.2014,4:45 PM,1329.6,RHS,Rural,Kavali,Overturning, Auto  Over Turned,Auto,Grievious injury,Vehicle out of control,Four lanes or more with central divider,Straight road,,Fine,F/R,P.V & AMB,Fatal,0
21.12.2014,4:45 PM,1329.6,RHS,Rural,Kavali,Overturning, Auto  Over Turned,Auto,Grievious injury,Vehicle out of control,Four lanes or more with central divider,Straight road,,Fine,F/R,P.V & AMB,Grevious,2
21.12.2014,4:45 PM,1329.6,RHS,Rural,Kavali,Overturning, Auto  Over Turned,Auto,Grievious injury,Vehicle out of control,Four lanes or more with central divider,Straight road,,Fine,F/R,P.V & AMB,Minor,3
21.12.2014,4:45 PM,1329.6,RHS,Rural,Kavali,Overturning, Auto  Over Turned,Auto,Grievious injury,Vehicle out of control,Four lanes or more with central divider,Straight road,,Fine,F/R,P.V & AMB,Non injured ,3
21.12.2014,4:45 PM,1329.6,RHS,Rural,Kavali,Overturning, Auto  Over Turned,Auto,Grievious injury,Vehicle out of control,Four lanes or more with central divider,Straight road,,Fine,F/R,P.V & AMB,Animals affected,0
22.12.2014,3:40 AM,1233.4,RHS,Rural,Maddipadu,Overturning, Lorry  Over Turned,Lorry,Non injury,Fault of driver of motor vehicle/driver of other vehicle/cyclist/pedestrian/passenger,Four lanes or more with central divider,Straight road,,Fine,TN52Y 9056,P.V,Fatal,0
22.12.2014,3:40 AM,1233.4,RHS,Rural,Maddipadu,Overturning, Lorry  Over Turned,Lorry,Non injury,Fault of driver of motor vehicle/driver of other vehicle/cyclist/pedestrian/passenger,Four lanes or more with central divider,Straight road,,Fine,TN52Y 9056,P.V,Grevious,0
22.12.2014,3:40 AM,1233.4,RHS,Rural,Maddipadu,Overturning, Lorry  Over Turned,Lorry,Non injury,Fault of driver of motor vehicle/driver of other vehicle/cyclist/pedestrian/passenger,Four lanes or more with central divider,Straight road,,Fine,TN52Y 9056,P.V,Minor,0
22.12.2014,3:40 AM,1233.4,RHS,Rural,Maddipadu,Overturning, Lorry  Over Turned,Lorry,Non injury,Fault of driver of motor vehicle/driver of other vehicle/cyclist/pedestrian/passenger,Four lanes or more with central divider,Straight road,,Fine,TN52Y 9056,P.V,Non injured ,2
22.12.2014,3:40 AM,1233.4,RHS,Rural,Maddipadu,Overturning, Lorry  Over Turned,Lorry,Non injury,Fault of driver of motor vehicle/driver of other vehicle/cyclist/pedestrian/passenger,Four lanes or more with central divider,Straight road,,Fine,TN52Y 9056,P.V,Animals affected,0
22.12.2014,3:12 PM,1329.2,RHS,Rural,Kavali,Skidding, Bike       Skidding on the Road,Bike,Minor injury,Druken,Four lanes or more with central divider,Straight road,,Fine,AP26Q T/R,P.V & AMB,Fatal,0
22.12.2014,3:12 PM,1329.2,RHS,Rural,Kavali,Skidding, Bike       Skidding on the Road,Bike,Minor injury,Druken,Four lanes or more with central divider,Straight road,,Fine,AP26Q T/R,P.V & AMB,Grevious,0
22.12.2014,3:12 PM,1329.2,RHS,Rural,Kavali,Skidding, Bike       Skidding on the Road,Bike,Minor injury,Druken,Four lanes or more with central divider,Straight road,,Fine,AP26Q T/R,P.V & AMB,Minor,1
22.12.2014,3:12 PM,1329.2,RHS,Rural,Kavali,Skidding, Bike       Skidding on the Road,Bike,Minor injury,Druken,Four lanes or more with central divider,Straight road,,Fine,AP26Q T/R,P.V & AMB,Non injured ,0
22.12.2014,3:12 PM,1329.2,RHS,Rural,Kavali,Skidding, Bike       Skidding on the Road,Bike,Minor injury,Druken,Four lanes or more with central divider,Straight road,,Fine,AP26Q T/R,P.V & AMB,Animals affected,0
23.12.2014,5:15 AM,1310.3,LHS,Rural,Kavali,Head on collision, Car hit Tata ACE Vehicle,Car,Non injury,Fault of driver of motor vehicle/driver of other vehicle/cyclist/pedestrian/passenger,Four lanes or more with central divider,Straight road,,Mist/Fog,AP16BG 3448,P.V,Fatal,0
23.12.2014,5:15 AM,1310.3,LHS,Rural,Kavali,Head on collision, Car hit Tata ACE Vehicle,Car,Non injury,Fault of driver of motor vehicle/driver of other vehicle/cyclist/pedestrian/passenger,Four lanes or more with central divider,Straight road,,Mist/Fog,AP16BG 3448,P.V,Grevious,0
23.12.2014,5:15 AM,1310.3,LHS,Rural,Kavali,Head on collision, Car hit Tata ACE Vehicle,Car,Non injury,Fault of driver of motor vehicle/driver of other vehicle/cyclist/pedestrian/passenger,Four lanes or more with central divider,Straight road,,Mist/Fog,AP16BG 3448,P.V,Minor,0
23.12.2014,5:15 AM,1310.3,LHS,Rural,Kavali,Head on collision, Car hit Tata ACE Vehicle,Car,Non injury,Fault of driver of motor vehicle/driver of other vehicle/cyclist/pedestrian/passenger,Four lanes or more with central divider,Straight road,,Mist/Fog,AP16BG 3448,P.V,Non injured ,6
23.12.2014,5:15 AM,1310.3,LHS,Rural,Kavali,Head on collision, Car hit Tata ACE Vehicle,Car,Non injury,Fault of driver of motor vehicle/driver of other vehicle/cyclist/pedestrian/passenger,Four lanes or more with central divider,Straight road,,Mist/Fog,AP16BG 3448,P.V,Animals affected,0
23.12.2014,11:55 AM,1330.2,RHS,Rural,Kavali,Collision Brush/Side Wipe, Car hit Lorry,Car,Grievious injury,Over speed,Four lanes or more with central divider,Straight road,,Fine,AP03BK 0110,P.V & AMB,Fatal,0
23.12.2014,11:55 AM,1330.2,RHS,Rural,Kavali,Collision Brush/Side Wipe, Car hit Lorry,Car,Grievious injury,Over speed,Four lanes or more with central divider,Straight road,,Fine,AP03BK 0110,P.V & AMB,Grevious,3
23.12.2014,11:55 AM,1330.2,RHS,Rural,Kavali,Collision Brush/Side Wipe, Car hit Lorry,Car,Grievious injury,Over speed,Four lanes or more with central divider,Straight road,,Fine,AP03BK 0110,P.V & AMB,Minor,2
23.12.2014,11:55 AM,1330.2,RHS,Rural,Kavali,Collision Brush/Side Wipe, Car hit Lorry,Car,Grievious injury,Over speed,Four lanes or more with central divider,Straight road,,Fine,AP03BK 0110,P.V & AMB,Non injured ,0
23.12.2014,11:55 AM,1330.2,RHS,Rural,Kavali,Collision Brush/Side Wipe, Car hit Lorry,Car,Grievious injury,Over speed,Four lanes or more with central divider,Straight road,,Fine,AP03BK 0110,P.V & AMB,Animals affected,0
23.12.2014,1:15 PM,1225.8,LHS,Rural,Maddipadu,Collision Brush/Side Wipe, Bike(Hero Passion) hit  Median ,Bike,Fatal,Over speed,Four lanes or more with central divider,Straight road,,Fine,AP27M  0587,P.V,Fatal,1
23.12.2014,1:15 PM,1225.8,LHS,Rural,Maddipadu,Collision Brush/Side Wipe, Bike(Hero Passion) hit  Median ,Bike,Fatal,Over speed,Four lanes or more with central divider,Straight road,,Fine,AP27M  0587,P.V,Grevious,0
23.12.2014,1:15 PM,1225.8,LHS,Rural,Maddipadu,Collision Brush/Side Wipe, Bike(Hero Passion) hit  Median ,Bike,Fatal,Over speed,Four lanes or more with central divider,Straight road,,Fine,AP27M  0587,P.V,Minor,0
23.12.2014,1:15 PM,1225.8,LHS,Rural,Maddipadu,Collision Brush/Side Wipe, Bike(Hero Passion) hit  Median ,Bike,Fatal,Over speed,Four lanes or more with central divider,Straight road,,Fine,AP27M  0587,P.V,Non injured ,0
23.12.2014,1:15 PM,1225.8,LHS,Rural,Maddipadu,Collision Brush/Side Wipe, Bike(Hero Passion) hit  Median ,Bike,Fatal,Over speed,Four lanes or more with central divider,Straight road,,Fine,AP27M  0587,P.V,Animals affected,0
24.12.2014,9:30 PM,1190.7,LHS,Rural,Martur,Head on collision, Car hit Lorry,Car,Non injury,Over speed,Four lanes or more with central divider,Straight road,,Fine,TN07AJ 6976,P.V ,Fatal,0
24.12.2014,9:30 PM,1190.7,LHS,Rural,Martur,Head on collision, Car hit Lorry,Car,Non injury,Over speed,Four lanes or more with central divider,Straight road,,Fine,TN07AJ 6976,P.V ,Grevious,0
24.12.2014,9:30 PM,1190.7,LHS,Rural,Martur,Head on collision, Car hit Lorry,Car,Non injury,Over speed,Four lanes or more with central divider,Straight road,,Fine,TN07AJ 6976,P.V ,Minor,0
24.12.2014,9:30 PM,1190.7,LHS,Rural,Martur,Head on collision, Car hit Lorry,Car,Non injury,Over speed,Four lanes or more with central divider,Straight road,,Fine,TN07AJ 6976,P.V ,Non injured ,5
24.12.2014,9:30 PM,1190.7,LHS,Rural,Martur,Head on collision, Car hit Lorry,Car,Non injury,Over speed,Four lanes or more with central divider,Straight road,,Fine,TN07AJ 6976,P.V ,Animals affected,0
24.12.2014,11:15 PM,1256.9,RHS,Rural,Tangutur,Overturning, Lorry Over Turned,Lorry,Minor injury,Over speed,Four lanes or more with central divider,Straight road,,Fine,AP16TX 6526,P.V,Fatal,0
24.12.2014,11:15 PM,1256.9,RHS,Rural,Tangutur,Overturning, Lorry Over Turned,Lorry,Minor injury,Over speed,Four lanes or more with central divider,Straight road,,Fine,AP16TX 6526,P.V,Grevious,0
24.12.2014,11:15 PM,1256.9,RHS,Rural,Tangutur,Overturning, Lorry Over Turned,Lorry,Minor injury,Over speed,Four lanes or more with central divider,Straight road,,Fine,AP16TX 6526,P.V,Minor,2
24.12.2014,11:15 PM,1256.9,RHS,Rural,Tangutur,Overturning, Lorry Over Turned,Lorry,Minor injury,Over speed,Four lanes or more with central divider,Straight road,,Fine,AP16TX 6526,P.V,Non injured ,0
24.12.2014,11:15 PM,1256.9,RHS,Rural,Tangutur,Overturning, Lorry Over Turned,Lorry,Minor injury,Over speed,Four lanes or more with central divider,Straight road,,Fine,AP16TX 6526,P.V,Animals affected,0
25.12.2014,10:45 AM,1233.6,RHS,Rural,Maddipadu,Collision Brush/Side Wipe, Car hit Tipper,Car,Non injury,Over speed,Four lanes or more with central divider,Straight road,T-Junction,Fine,TN18V 3344,P.V,Fatal,0
25.12.2014,10:45 AM,1233.6,RHS,Rural,Maddipadu,Collision Brush/Side Wipe, Car hit Tipper,Car,Non injury,Over speed,Four lanes or more with central divider,Straight road,T-Junction,Fine,TN18V 3344,P.V,Grevious,0
25.12.2014,10:45 AM,1233.6,RHS,Rural,Maddipadu,Collision Brush/Side Wipe, Car hit Tipper,Car,Non injury,Over speed,Four lanes or more with central divider,Straight road,T-Junction,Fine,TN18V 3344,P.V,Minor,0
25.12.2014,10:45 AM,1233.6,RHS,Rural,Maddipadu,Collision Brush/Side Wipe, Car hit Tipper,Car,Non injury,Over speed,Four lanes or more with central divider,Straight road,T-Junction,Fine,TN18V 3344,P.V,Non injured ,4
25.12.2014,10:45 AM,1233.6,RHS,Rural,Maddipadu,Collision Brush/Side Wipe, Car hit Tipper,Car,Non injury,Over speed,Four lanes or more with central divider,Straight road,T-Junction,Fine,TN18V 3344,P.V,Animals affected,0
27.12.2014,1:33 PM,1263.5,RHS,Rural,Tangutur,Head on collision, Car hit Car,Car,Minor injury,Fault of driver of motor vehicle/driver of other vehicle/cyclist/pedestrian/passenger,Four lanes or more with central divider,Straight road,,Fine,AP27AJ 5204,P.V & AMB,Fatal,0
27.12.2014,1:33 PM,1263.5,RHS,Rural,Tangutur,Head on collision, Car hit Car,Car,Minor injury,Fault of driver of motor vehicle/driver of other vehicle/cyclist/pedestrian/passenger,Four lanes or more with central divider,Straight road,,Fine,AP27AJ 5204,P.V & AMB,Grevious,0
27.12.2014,1:33 PM,1263.5,RHS,Rural,Tangutur,Head on collision, Car hit Car,Car,Minor injury,Fault of driver of motor vehicle/driver of other vehicle/cyclist/pedestrian/passenger,Four lanes or more with central divider,Straight road,,Fine,AP27AJ 5204,P.V & AMB,Minor,1
27.12.2014,1:33 PM,1263.5,RHS,Rural,Tangutur,Head on collision, Car hit Car,Car,Minor injury,Fault of driver of motor vehicle/driver of other vehicle/cyclist/pedestrian/passenger,Four lanes or more with central divider,Straight road,,Fine,AP27AJ 5204,P.V & AMB,Non injured ,1
27.12.2014,1:33 PM,1263.5,RHS,Rural,Tangutur,Head on collision, Car hit Car,Car,Minor injury,Fault of driver of motor vehicle/driver of other vehicle/cyclist/pedestrian/passenger,Four lanes or more with central divider,Straight road,,Fine,AP27AJ 5204,P.V & AMB,Animals affected,0
27.12.2014,6:45 PM,1271.3,RHS,Rural,Jarugumalli,Collision Brush/Side Wipe, Car hit Boffalo,Car,Non injury,Over speed,Four lanes or more with central divider,Straight road,,Fine,AP27AT 4744,P.V,Fatal,0
27.12.2014,6:45 PM,1271.3,RHS,Rural,Jarugumalli,Collision Brush/Side Wipe, Car hit Boffalo,Car,Non injury,Over speed,Four lanes or more with central divider,Straight road,,Fine,AP27AT 4744,P.V,Grevious,0