Operational date,Time of Accident,KM && M,Position,Rural/Urban,Location,Nature of Accident Position,Nature of Accident,Vehicle Involved,Type of Accident,Causes,Road Feature,Road condition,Intersection Type And Control,Weather Condition,Vehicle Responsible,Help Provided by Ambulance/Patroling Vehicle,Classification of Accident,No of Affected Persons
27.12.2014,6:45 PM,1271.3,RHS,Rural,Jarugumalli,Collision Brush/Side Wipe, Car hit Boffalo,Car,Non injury,Over speed,Four lanes or more with central divider,Straight road,,Fine,AP27AT 4744,P.V,Minor,0
27.12.2014,6:45 PM,1271.3,RHS,Rural,Jarugumalli,Collision Brush/Side Wipe, Car hit Boffalo,Car,Non injury,Over speed,Four lanes or more with central divider,Straight road,,Fine,AP27AT 4744,P.V,Non injured ,1
27.12.2014,6:45 PM,1271.3,RHS,Rural,Jarugumalli,Collision Brush/Side Wipe, Car hit Boffalo,Car,Non injury,Over speed,Four lanes or more with central divider,Straight road,,Fine,AP27AT 4744,P.V,Animals affected,0
28.12.2014,1:45 AM,1280.3,LHS,Rural,Singarayakonda,Collision Brush/Side Wipe, Lorry hit Median,Lorry,Non injury,Over speed,Four lanes or more with central divider,Slight curve,,Fine,AP36Y  5469,P.V,Fatal,0
28.12.2014,1:45 AM,1280.3,LHS,Rural,Singarayakonda,Collision Brush/Side Wipe, Lorry hit Median,Lorry,Non injury,Over speed,Four lanes or more with central divider,Slight curve,,Fine,AP36Y  5469,P.V,Grevious,0
28.12.2014,1:45 AM,1280.3,LHS,Rural,Singarayakonda,Collision Brush/Side Wipe, Lorry hit Median,Lorry,Non injury,Over speed,Four lanes or more with central divider,Slight curve,,Fine,AP36Y  5469,P.V,Minor,0
28.12.2014,1:45 AM,1280.3,LHS,Rural,Singarayakonda,Collision Brush/Side Wipe, Lorry hit Median,Lorry,Non injury,Over speed,Four lanes or more with central divider,Slight curve,,Fine,AP36Y  5469,P.V,Non injured ,2
28.12.2014,1:45 AM,1280.3,LHS,Rural,Singarayakonda,Collision Brush/Side Wipe, Lorry hit Median,Lorry,Non injury,Over speed,Four lanes or more with central divider,Slight curve,,Fine,AP36Y  5469,P.V,Animals affected,0
31.12.2014,7:10 PM,1248.6,RHS,Rural,Ongole,Collision Brush/Side Wipe, Car hit Boffalo,Car,Non injury,Over speed,Four lanes or more with central divider,Straight road,,Fine,AP27AW   7119,P.V,Fatal,0
31.12.2014,7:10 PM,1248.6,RHS,Rural,Ongole,Collision Brush/Side Wipe, Car hit Boffalo,Car,Non injury,Over speed,Four lanes or more with central divider,Straight road,,Fine,AP27AW   7119,P.V,Grevious,0
31.12.2014,7:10 PM,1248.6,RHS,Rural,Ongole,Collision Brush/Side Wipe, Car hit Boffalo,Car,Non injury,Over speed,Four lanes or more with central divider,Straight road,,Fine,AP27AW   7119,P.V,Minor,0
31.12.2014,7:10 PM,1248.6,RHS,Rural,Ongole,Collision Brush/Side Wipe, Car hit Boffalo,Car,Non injury,Over speed,Four lanes or more with central divider,Straight road,,Fine,AP27AW   7119,P.V,Non injured ,2
31.12.2014,7:10 PM,1248.6,RHS,Rural,Ongole,Collision Brush/Side Wipe, Car hit Boffalo,Car,Non injury,Over speed,Four lanes or more with central divider,Straight road,,Fine,AP27AW   7119,P.V,Animals affected,1
01.01.2015,3:50 AM,1326,LHS,Rural,Kavali,Collision Brush/Side Wipe, Lorry hit Pedestrians,Lorry,Grievious injury,Fault of driver of motor vehicle/driver of other vehicle/cyclist/pedestrian/passenger,Four lanes or more with central divider,Straight road,,Fine,AP03 TA 8621,AMB,Fatal,0
01.01.2015,3:50 AM,1326,LHS,Rural,Kavali,Collision Brush/Side Wipe, Lorry hit Pedestrians,Lorry,Grievious injury,Fault of driver of motor vehicle/driver of other vehicle/cyclist/pedestrian/passenger,Four lanes or more with central divider,Straight road,,Fine,AP03 TA 8621,AMB,Grevious,1
01.01.2015,3:50 AM,1326,LHS,Rural,Kavali,Collision Brush/Side Wipe, Lorry hit Pedestrians,Lorry,Grievious injury,Fault of driver of motor vehicle/driver of other vehicle/cyclist/pedestrian/passenger,Four lanes or more with central divider,Straight road,,Fine,AP03 TA 8621,AMB,Minor,1
01.01.2015,3:50 AM,1326,LHS,Rural,Kavali,Collision Brush/Side Wipe, Lorry hit Pedestrians,Lorry,Grievious injury,Fault of driver of motor vehicle/driver of other vehicle/cyclist/pedestrian/passenger,Four lanes or more with central divider,Straight road,,Fine,AP03 TA 8621,AMB,Non injured ,0
01.01.2015,3:50 AM,1326,LHS,Rural,Kavali,Collision Brush/Side Wipe, Lorry hit Pedestrians,Lorry,Grievious injury,Fault of driver of motor vehicle/driver of other vehicle/cyclist/pedestrian/passenger,Four lanes or more with central divider,Straight road,,Fine,AP03 TA 8621,AMB,Animals affected,0
01.01.2015,7:45 AM,1255.5,RHS,Rural,Tangutur,Overturning, Lorry Over Turned,Lorry,Non injury,Over speed,Four lanes or more with central divider,Straight road,,Fine,AP27 TT 2979,P.V,Fatal,0
01.01.2015,7:45 AM,1255.5,RHS,Rural,Tangutur,Overturning, Lorry Over Turned,Lorry,Non injury,Over speed,Four lanes or more with central divider,Straight road,,Fine,AP27 TT 2979,P.V,Grevious,0
01.01.2015,7:45 AM,1255.5,RHS,Rural,Tangutur,Overturning, Lorry Over Turned,Lorry,Non injury,Over speed,Four lanes or more with central divider,Straight road,,Fine,AP27 TT 2979,P.V,Minor,0
01.01.2015,7:45 AM,1255.5,RHS,Rural,Tangutur,Overturning, Lorry Over Turned,Lorry,Non injury,Over speed,Four lanes or more with central divider,Straight road,,Fine,AP27 TT 2979,P.V,Non injured ,2
01.01.2015,7:45 AM,1255.5,RHS,Rural,Tangutur,Overturning, Lorry Over Turned,Lorry,Non injury,Over speed,Four lanes or more with central divider,Straight road,,Fine,AP27 TT 2979,P.V,Animals affected,0
01.01.2015,10:05 PM,1264.8,RHS,Rural,Tangutur,Head on collision, Trailer Lorry hit Lorry,Trailler,Grievious injury,Over speed,Four lanes or more with central divider,Straight road,,Fine,AP26TT 5577,"P.V,AMB",Fatal,0
01.01.2015,10:05 PM,1264.8,RHS,Rural,Tangutur,Head on collision, Trailer Lorry hit Lorry,Trailler,Grievious injury,Over speed,Four lanes or more with central divider,Straight road,,Fine,AP26TT 5577,"P.V,AMB",Grevious,3
01.01.2015,10:05 PM,1264.8,RHS,Rural,Tangutur,Head on collision, Trailer Lorry hit Lorry,Trailler,Grievious injury,Over speed,Four lanes or more with central divider,Straight road,,Fine,AP26TT 5577,"P.V,AMB",Minor,0
01.01.2015,10:05 PM,1264.8,RHS,Rural,Tangutur,Head on collision, Trailer Lorry hit Lorry,Trailler,Grievious injury,Over speed,Four lanes or more with central divider,Straight road,,Fine,AP26TT 5577,"P.V,AMB",Non injured ,0
01.01.2015,10:05 PM,1264.8,RHS,Rural,Tangutur,Head on collision, Trailer Lorry hit Lorry,Trailler,Grievious injury,Over speed,Four lanes or more with central divider,Straight road,,Fine,AP26TT 5577,"P.V,AMB",Animals affected,0
02.01.2015,7:10 AM,1336.6,LHS,Rural,K.Tippa ,Collision Brush/Side Wipe, Unknown vehicle hit     Bike,Unknown,Grievious injury,Over speed,Four lanes or more with central divider,Straight road,,Fine,Unknown Vehicle,"P.V,AMB",Fatal,0
02.01.2015,7:10 AM,1336.6,LHS,Rural,K.Tippa ,Collision Brush/Side Wipe, Unknown vehicle hit     Bike,Unknown,Grievious injury,Over speed,Four lanes or more with central divider,Straight road,,Fine,Unknown Vehicle,"P.V,AMB",Grevious,1
02.01.2015,7:10 AM,1336.6,LHS,Rural,K.Tippa ,Collision Brush/Side Wipe, Unknown vehicle hit     Bike,Unknown,Grievious injury,Over speed,Four lanes or more with central divider,Straight road,,Fine,Unknown Vehicle,"P.V,AMB",Minor,3
02.01.2015,7:10 AM,1336.6,LHS,Rural,K.Tippa ,Collision Brush/Side Wipe, Unknown vehicle hit     Bike,Unknown,Grievious injury,Over speed,Four lanes or more with central divider,Straight road,,Fine,Unknown Vehicle,"P.V,AMB",Non injured ,0
02.01.2015,7:10 AM,1336.6,LHS,Rural,K.Tippa ,Collision Brush/Side Wipe, Unknown vehicle hit     Bike,Unknown,Grievious injury,Over speed,Four lanes or more with central divider,Straight road,,Fine,Unknown Vehicle,"P.V,AMB",Animals affected,0
02.01.2015,10:35 PM,1227,LHS,Rural,Maddipadu,Collision Brush/Side Wipe, Bus hit Pedestrian,Bus,Fatal,Over speed,Four lanes or more with central divider,Straight road,,Fine,AP28 Z 0063,P.V,Fatal,1
02.01.2015,10:35 PM,1227,LHS,Rural,Maddipadu,Collision Brush/Side Wipe, Bus hit Pedestrian,Bus,Fatal,Over speed,Four lanes or more with central divider,Straight road,,Fine,AP28 Z 0063,P.V,Grevious,0
02.01.2015,10:35 PM,1227,LHS,Rural,Maddipadu,Collision Brush/Side Wipe, Bus hit Pedestrian,Bus,Fatal,Over speed,Four lanes or more with central divider,Straight road,,Fine,AP28 Z 0063,P.V,Minor,0
02.01.2015,10:35 PM,1227,LHS,Rural,Maddipadu,Collision Brush/Side Wipe, Bus hit Pedestrian,Bus,Fatal,Over speed,Four lanes or more with central divider,Straight road,,Fine,AP28 Z 0063,P.V,Non injured ,20
02.01.2015,10:35 PM,1227,LHS,Rural,Maddipadu,Collision Brush/Side Wipe, Bus hit Pedestrian,Bus,Fatal,Over speed,Four lanes or more with central divider,Straight road,,Fine,AP28 Z 0063,P.V,Animals affected,0
03.01.2015,3:27 PM,1260.1,RHS,Rural,Tangutur,Collision Brush/Side Wipe, Ape auto hit Bridge wall,Auto,Minor injury,Vehicle out of control,Four lanes or more with central divider,Straight road,,Fine,AP27TU 9166,"P.V,AMB",Fatal,0
03.01.2015,3:27 PM,1260.1,RHS,Rural,Tangutur,Collision Brush/Side Wipe, Ape auto hit Bridge wall,Auto,Minor injury,Vehicle out of control,Four lanes or more with central divider,Straight road,,Fine,AP27TU 9166,"P.V,AMB",Grevious,0
03.01.2015,3:27 PM,1260.1,RHS,Rural,Tangutur,Collision Brush/Side Wipe, Ape auto hit Bridge wall,Auto,Minor injury,Vehicle out of control,Four lanes or more with central divider,Straight road,,Fine,AP27TU 9166,"P.V,AMB",Minor,2
03.01.2015,3:27 PM,1260.1,RHS,Rural,Tangutur,Collision Brush/Side Wipe, Ape auto hit Bridge wall,Auto,Minor injury,Vehicle out of control,Four lanes or more with central divider,Straight road,,Fine,AP27TU 9166,"P.V,AMB",Non injured ,1
03.01.2015,3:27 PM,1260.1,RHS,Rural,Tangutur,Collision Brush/Side Wipe, Ape auto hit Bridge wall,Auto,Minor injury,Vehicle out of control,Four lanes or more with central divider,Straight road,,Fine,AP27TU 9166,"P.V,AMB",Animals affected,0
04.01.2015,4:10 PM,1240.5,RHS,Rural,Ongole,Collision Brush/Side Wipe, Lorry hit    Bike,Lorry,Fatal,Druken,Three lanes or more without central divider(median),Straight road,T-Junction,Fine,AP27TT  2277,P.V,Fatal,1
04.01.2015,4:10 PM,1240.5,RHS,Rural,Ongole,Collision Brush/Side Wipe, Lorry hit    Bike,Lorry,Fatal,Druken,Three lanes or more without central divider(median),Straight road,T-Junction,Fine,AP27TT  2277,P.V,Grevious,0
04.01.2015,4:10 PM,1240.5,RHS,Rural,Ongole,Collision Brush/Side Wipe, Lorry hit    Bike,Lorry,Fatal,Druken,Three lanes or more without central divider(median),Straight road,T-Junction,Fine,AP27TT  2277,P.V,Minor,0
04.01.2015,4:10 PM,1240.5,RHS,Rural,Ongole,Collision Brush/Side Wipe, Lorry hit    Bike,Lorry,Fatal,Druken,Three lanes or more without central divider(median),Straight road,T-Junction,Fine,AP27TT  2277,P.V,Non injured ,1
04.01.2015,4:10 PM,1240.5,RHS,Rural,Ongole,Collision Brush/Side Wipe, Lorry hit    Bike,Lorry,Fatal,Druken,Three lanes or more without central divider(median),Straight road,T-Junction,Fine,AP27TT  2277,P.V,Animals affected,0
05.01.2015,3:30 PM,1254.7,RHS,Rural,Ongole,Overturning, Car went out off road towards ROW,Car,Grievious injury,Vehicle out of control,Four lanes or more with central divider,Straight road,,Fine,AP27AR  5566,P.V & AMB,Fatal,0
05.01.2015,3:30 PM,1254.7,RHS,Rural,Ongole,Overturning, Car went out off road towards ROW,Car,Grievious injury,Vehicle out of control,Four lanes or more with central divider,Straight road,,Fine,AP27AR  5566,P.V & AMB,Grevious,1
05.01.2015,3:30 PM,1254.7,RHS,Rural,Ongole,Overturning, Car went out off road towards ROW,Car,Grievious injury,Vehicle out of control,Four lanes or more with central divider,Straight road,,Fine,AP27AR  5566,P.V & AMB,Minor,3
05.01.2015,3:30 PM,1254.7,RHS,Rural,Ongole,Overturning, Car went out off road towards ROW,Car,Grievious injury,Vehicle out of control,Four lanes or more with central divider,Straight road,,Fine,AP27AR  5566,P.V & AMB,Non injured ,0
05.01.2015,3:30 PM,1254.7,RHS,Rural,Ongole,Overturning, Car went out off road towards ROW,Car,Grievious injury,Vehicle out of control,Four lanes or more with central divider,Straight road,,Fine,AP27AR  5566,P.V & AMB,Animals affected,0
06.01.2015,3:45 PM,1207.1,RHS,Rural,Reningavaram,Skidding, Bike Skidding,Bike,Minor injury,Fault of driver of motor vehicle/driver of other vehicle/cyclist/pedestrian/passenger,Four lanes or more with central divider,Straight road,,Fine,F/R Bike,AMB,Fatal,0
06.01.2015,3:45 PM,1207.1,RHS,Rural,Reningavaram,Skidding, Bike Skidding,Bike,Minor injury,Fault of driver of motor vehicle/driver of other vehicle/cyclist/pedestrian/passenger,Four lanes or more with central divider,Straight road,,Fine,F/R Bike,AMB,Grevious,0
06.01.2015,3:45 PM,1207.1,RHS,Rural,Reningavaram,Skidding, Bike Skidding,Bike,Minor injury,Fault of driver of motor vehicle/driver of other vehicle/cyclist/pedestrian/passenger,Four lanes or more with central divider,Straight road,,Fine,F/R Bike,AMB,Minor,1
06.01.2015,3:45 PM,1207.1,RHS,Rural,Reningavaram,Skidding, Bike Skidding,Bike,Minor injury,Fault of driver of motor vehicle/driver of other vehicle/cyclist/pedestrian/passenger,Four lanes or more with central divider,Straight road,,Fine,F/R Bike,AMB,Non injured ,0
06.01.2015,3:45 PM,1207.1,RHS,Rural,Reningavaram,Skidding, Bike Skidding,Bike,Minor injury,Fault of driver of motor vehicle/driver of other vehicle/cyclist/pedestrian/passenger,Four lanes or more with central divider,Straight road,,Fine,F/R Bike,AMB,Animals affected,0
07.01.2015,7:50 AM,1255.5,LHS,Rural,Tangutur,Collision Brush/Side Wipe, Lorry hit Safety Wall,Lorry,Non injury,Fault of driver of motor vehicle/driver of other vehicle/cyclist/pedestrian/passenger,Four lanes or more with central divider,Straight road,,Fine,AP24V  9788,P.V,Fatal,0
07.01.2015,7:50 AM,1255.5,LHS,Rural,Tangutur,Collision Brush/Side Wipe, Lorry hit Safety Wall,Lorry,Non injury,Fault of driver of motor vehicle/driver of other vehicle/cyclist/pedestrian/passenger,Four lanes or more with central divider,Straight road,,Fine,AP24V  9788,P.V,Grevious,0
07.01.2015,7:50 AM,1255.5,LHS,Rural,Tangutur,Collision Brush/Side Wipe, Lorry hit Safety Wall,Lorry,Non injury,Fault of driver of motor vehicle/driver of other vehicle/cyclist/pedestrian/passenger,Four lanes or more with central divider,Straight road,,Fine,AP24V  9788,P.V,Minor,0
07.01.2015,7:50 AM,1255.5,LHS,Rural,Tangutur,Collision Brush/Side Wipe, Lorry hit Safety Wall,Lorry,Non injury,Fault of driver of motor vehicle/driver of other vehicle/cyclist/pedestrian/passenger,Four lanes or more with central divider,Straight road,,Fine,AP24V  9788,P.V,Non injured ,2
07.01.2015,7:50 AM,1255.5,LHS,Rural,Tangutur,Collision Brush/Side Wipe, Lorry hit Safety Wall,Lorry,Non injury,Fault of driver of motor vehicle/driver of other vehicle/cyclist/pedestrian/passenger,Four lanes or more with central divider,Straight road,,Fine,AP24V  9788,P.V,Animals affected,0
08.01.15,10:29 AM,1235.4,RHS,Rural,Maddipadu,Collision Brush/Side Wipe, Car hit     Bike,Car,Grievious injury,Over speed,Four lanes or more with central divider,Straight road,,Fine,PY01 BG 3216,P.V,Fatal,0
08.01.15,10:29 AM,1235.4,RHS,Rural,Maddipadu,Collision Brush/Side Wipe, Car hit     Bike,Car,Grievious injury,Over speed,Four lanes or more with central divider,Straight road,,Fine,PY01 BG 3216,P.V,Grevious,1
08.01.15,10:29 AM,1235.4,RHS,Rural,Maddipadu,Collision Brush/Side Wipe, Car hit     Bike,Car,Grievious injury,Over speed,Four lanes or more with central divider,Straight road,,Fine,PY01 BG 3216,P.V,Minor,1
08.01.15,10:29 AM,1235.4,RHS,Rural,Maddipadu,Collision Brush/Side Wipe, Car hit     Bike,Car,Grievious injury,Over speed,Four lanes or more with central divider,Straight road,,Fine,PY01 BG 3216,P.V,Non injured ,2
08.01.15,10:29 AM,1235.4,RHS,Rural,Maddipadu,Collision Brush/Side Wipe, Car hit     Bike,Car,Grievious injury,Over speed,Four lanes or more with central divider,Straight road,,Fine,PY01 BG 3216,P.V,Animals affected,0
09.01.2015,2:22 PM,1281.5,LHS,Rural,Singarayakonda,Collision Brush/Side Wipe,Lorry hit Tipper,Lorry,Grievious injury,Over speed,Four lanes or more with central divider,Straight road,,Fine,AP20TT 2310,P.V& AMB,Fatal,0
09.01.2015,2:22 PM,1281.5,LHS,Rural,Singarayakonda,Collision Brush/Side Wipe,Lorry hit Tipper,Lorry,Grievious injury,Over speed,Four lanes or more with central divider,Straight road,,Fine,AP20TT 2310,P.V& AMB,Grevious,1
09.01.2015,2:22 PM,1281.5,LHS,Rural,Singarayakonda,Collision Brush/Side Wipe,Lorry hit Tipper,Lorry,Grievious injury,Over speed,Four lanes or more with central divider,Straight road,,Fine,AP20TT 2310,P.V& AMB,Minor,1
09.01.2015,2:22 PM,1281.5,LHS,Rural,Singarayakonda,Collision Brush/Side Wipe,Lorry hit Tipper,Lorry,Grievious injury,Over speed,Four lanes or more with central divider,Straight road,,Fine,AP20TT 2310,P.V& AMB,Non injured ,1
09.01.2015,2:22 PM,1281.5,LHS,Rural,Singarayakonda,Collision Brush/Side Wipe,Lorry hit Tipper,Lorry,Grievious injury,Over speed,Four lanes or more with central divider,Straight road,,Fine,AP20TT 2310,P.V& AMB,Animals affected,0
10.01.2015,10:03 AM,1205.1,RHS,Rural,Reningavaram,Collision Brush/Side Wipe, Bike hit    Bus,Bike,Minor injury,Over speed,Four lanes or more with central divider,Straight road,,Fine,AP16BL  8642,AMB,Fatal,0
10.01.2015,10:03 AM,1205.1,RHS,Rural,Reningavaram,Collision Brush/Side Wipe, Bike hit    Bus,Bike,Minor injury,Over speed,Four lanes or more with central divider,Straight road,,Fine,AP16BL  8642,AMB,Grevious,0
10.01.2015,10:03 AM,1205.1,RHS,Rural,Reningavaram,Collision Brush/Side Wipe, Bike hit    Bus,Bike,Minor injury,Over speed,Four lanes or more with central divider,Straight road,,Fine,AP16BL  8642,AMB,Minor,1
10.01.2015,10:03 AM,1205.1,RHS,Rural,Reningavaram,Collision Brush/Side Wipe, Bike hit    Bus,Bike,Minor injury,Over speed,Four lanes or more with central divider,Straight road,,Fine,AP16BL  8642,AMB,Non injured ,0
10.01.2015,10:03 AM,1205.1,RHS,Rural,Reningavaram,Collision Brush/Side Wipe, Bike hit    Bus,Bike,Minor injury,Over speed,Four lanes or more with central divider,Straight road,,Fine,AP16BL  8642,AMB,Animals affected,0
11.01.15,2:45 AM,1304.3,LHS,Rural,Gudluru,Collision Brush/Side Wipe, A.P.S.R.T.C Bus hit       Median,Bus,Non injury,Fault of driver of motor vehicle/driver of other vehicle/cyclist/pedestrian/passenger,Four lanes or more with central divider,Straight road,,Fine,AP29 Z     432,P.V,Fatal,0
11.01.15,2:45 AM,1304.3,LHS,Rural,Gudluru,Collision Brush/Side Wipe, A.P.S.R.T.C Bus hit       Median,Bus,Non injury,Fault of driver of motor vehicle/driver of other vehicle/cyclist/pedestrian/passenger,Four lanes or more with central divider,Straight road,,Fine,AP29 Z     432,P.V,Grevious,0
11.01.15,2:45 AM,1304.3,LHS,Rural,Gudluru,Collision Brush/Side Wipe, A.P.S.R.T.C Bus hit       Median,Bus,Non injury,Fault of driver of motor vehicle/driver of other vehicle/cyclist/pedestrian/passenger,Four lanes or more with central divider,Straight road,,Fine,AP29 Z     432,P.V,Minor,0
11.01.15,2:45 AM,1304.3,LHS,Rural,Gudluru,Collision Brush/Side Wipe, A.P.S.R.T.C Bus hit       Median,Bus,Non injury,Fault of driver of motor vehicle/driver of other vehicle/cyclist/pedestrian/passenger,Four lanes or more with central divider,Straight road,,Fine,AP29 Z     432,P.V,Non injured ,20
11.01.15,2:45 AM,1304.3,LHS,Rural,Gudluru,Collision Brush/Side Wipe, A.P.S.R.T.C Bus hit       Median,Bus,Non injury,Fault of driver of motor vehicle/driver of other vehicle/cyclist/pedestrian/passenger,Four lanes or more with central divider,Straight road,,Fine,AP29 Z     432,P.V,Animals affected,0
11.01.15,7:30 AM,1277.6,LHS,Rural,Singarayakonda,Collision Brush/Side Wipe, Lorry hit Median,Lorry,Non injury,Fault of driver of motor vehicle/driver of other vehicle/cyclist/pedestrian/passenger,Four lanes or more with central divider,Straight road,,Fine,AP16 TX  4547,P.V,Fatal,0
11.01.15,7:30 AM,1277.6,LHS,Rural,Singarayakonda,Collision Brush/Side Wipe, Lorry hit Median,Lorry,Non injury,Fault of driver of motor vehicle/driver of other vehicle/cyclist/pedestrian/passenger,Four lanes or more with central divider,Straight road,,Fine,AP16 TX  4547,P.V,Grevious,0
11.01.15,7:30 AM,1277.6,LHS,Rural,Singarayakonda,Collision Brush/Side Wipe, Lorry hit Median,Lorry,Non injury,Fault of driver of motor vehicle/driver of other vehicle/cyclist/pedestrian/passenger,Four lanes or more with central divider,Straight road,,Fine,AP16 TX  4547,P.V,Minor,0
11.01.15,7:30 AM,1277.6,LHS,Rural,Singarayakonda,Collision Brush/Side Wipe, Lorry hit Median,Lorry,Non injury,Fault of driver of motor vehicle/driver of other vehicle/cyclist/pedestrian/passenger,Four lanes or more with central divider,Straight road,,Fine,AP16 TX  4547,P.V,Non injured ,2
11.01.15,7:30 AM,1277.6,LHS,Rural,Singarayakonda,Collision Brush/Side Wipe, Lorry hit Median,Lorry,Non injury,Fault of driver of motor vehicle/driver of other vehicle/cyclist/pedestrian/passenger,Four lanes or more with central divider,Straight road,,Fine,AP16 TX  4547,P.V,Animals affected,0
11.01.15,10:30 PM,1205.4,RHS,Rural,Reningavaram,Collision Brush/Side Wipe, Unknown Vehicle hit Ape Auto,Unknown,Grievious injury,Over speed,Four lanes or more with central divider,Straight road,,Fine,Unknown Vehicle,AMB,Fatal,0
11.01.15,10:30 PM,1205.4,RHS,Rural,Reningavaram,Collision Brush/Side Wipe, Unknown Vehicle hit Ape Auto,Unknown,Grievious injury,Over speed,Four lanes or more with central divider,Straight road,,Fine,Unknown Vehicle,AMB,Grevious,1
11.01.15,10:30 PM,1205.4,RHS,Rural,Reningavaram,Collision Brush/Side Wipe, Unknown Vehicle hit Ape Auto,Unknown,Grievious injury,Over speed,Four lanes or more with central divider,Straight road,,Fine,Unknown Vehicle,AMB,Minor,0
11.01.15,10:30 PM,1205.4,RHS,Rural,Reningavaram,Collision Brush/Side Wipe, Unknown Vehicle hit Ape Auto,Unknown,Grievious injury,Over speed,Four lanes or more with central divider,Straight road,,Fine,Unknown Vehicle,AMB,Non injured ,0
11.01.15,10:30 PM,1205.4,RHS,Rural,Reningavaram,Collision Brush/Side Wipe, Unknown Vehicle hit Ape Auto,Unknown,Grievious injury,Over speed,Four lanes or more with central divider,Straight road,,Fine,Unknown Vehicle,AMB,Animals affected,0
12.01.2015,12:01 AM,1247.8,LHS,Rural,Ongole,Rear End Collision, Lorry hit Lorry,Lorry,Grievious injury,Over speed,Four lanes or more with central divider,Straight road,,Fine,TN28AY    8667,P.V,Fatal,0
12.01.2015,12:01 AM,1247.8,LHS,Rural,Ongole,Rear End Collision, Lorry hit Lorry,Lorry,Grievious injury,Over speed,Four lanes or more with central divider,Straight road,,Fine,TN28AY    8667,P.V,Grevious,1
12.01.2015,12:01 AM,1247.8,LHS,Rural,Ongole,Rear End Collision, Lorry hit Lorry,Lorry,Grievious injury,Over speed,Four lanes or more with central divider,Straight road,,Fine,TN28AY    8667,P.V,Minor,1
12.01.2015,12:01 AM,1247.8,LHS,Rural,Ongole,Rear End Collision, Lorry hit Lorry,Lorry,Grievious injury,Over speed,Four lanes or more with central divider,Straight road,,Fine,TN28AY    8667,P.V,Non injured ,2
12.01.2015,12:01 AM,1247.8,LHS,Rural,Ongole,Rear End Collision, Lorry hit Lorry,Lorry,Grievious injury,Over speed,Four lanes or more with central divider,Straight road,,Fine,TN28AY    8667,P.V,Animals affected,0
12.01.2015,1:35 AM,1218.1,RHS,Rural,Medarametla,Head on collision, Car hit Pedestrian,Car,Grievious injury,Fault of driver of motor vehicle/driver of other vehicle/cyclist/pedestrian/passenger,Three lanes or more without central divider(median),Straight road,,Fine,AP27BB       7436,P.V& AMB,Fatal,0
12.01.2015,1:35 AM,1218.1,RHS,Rural,Medarametla,Head on collision, Car hit Pedestrian,Car,Grievious injury,Fault of driver of motor vehicle/driver of other vehicle/cyclist/pedestrian/passenger,Three lanes or more without central divider(median),Straight road,,Fine,AP27BB       7436,P.V& AMB,Grevious,5
12.01.2015,1:35 AM,1218.1,RHS,Rural,Medarametla,Head on collision, Car hit Pedestrian,Car,Grievious injury,Fault of driver of motor vehicle/driver of other vehicle/cyclist/pedestrian/passenger,Three lanes or more without central divider(median),Straight road,,Fine,AP27BB       7436,P.V& AMB,Minor,2
12.01.2015,1:35 AM,1218.1,RHS,Rural,Medarametla,Head on collision, Car hit Pedestrian,Car,Grievious injury,Fault of driver of motor vehicle/driver of other vehicle/cyclist/pedestrian/passenger,Three lanes or more without central divider(median),Straight road,,Fine,AP27BB       7436,P.V& AMB,Non injured ,0
12.01.2015,1:35 AM,1218.1,RHS,Rural,Medarametla,Head on collision, Car hit Pedestrian,Car,Grievious injury,Fault of driver of motor vehicle/driver of other vehicle/cyclist/pedestrian/passenger,Three lanes or more without central divider(median),Straight road,,Fine,AP27BB       7436,P.V& AMB,Animals affected,0
13.01.2015,4:25 AM,1285.6,RHS,Rural,Ulavapadu,Collision Brush/Side Wipe,Unknown Vehicle hit pedestrian,Unknown,Grievious injury,Over speed,Four lanes or more with central divider,Straight road,,Fine,Unknown Vehicle ,P.V&A.M.B,Fatal,0
13.01.2015,4:25 AM,1285.6,RHS,Rural,Ulavapadu,Collision Brush/Side Wipe,Unknown Vehicle hit pedestrian,Unknown,Grievious injury,Over speed,Four lanes or more with central divider,Straight road,,Fine,Unknown Vehicle ,P.V&A.M.B,Grevious,1
13.01.2015,4:25 AM,1285.6,RHS,Rural,Ulavapadu,Collision Brush/Side Wipe,Unknown Vehicle hit pedestrian,Unknown,Grievious injury,Over speed,Four lanes or more with central divider,Straight road,,Fine,Unknown Vehicle ,P.V&A.M.B,Minor,0
13.01.2015,4:25 AM,1285.6,RHS,Rural,Ulavapadu,Collision Brush/Side Wipe,Unknown Vehicle hit pedestrian,Unknown,Grievious injury,Over speed,Four lanes or more with central divider,Straight road,,Fine,Unknown Vehicle ,P.V&A.M.B,Non injured ,0
13.01.2015,4:25 AM,1285.6,RHS,Rural,Ulavapadu,Collision Brush/Side Wipe,Unknown Vehicle hit pedestrian,Unknown,Grievious injury,Over speed,Four lanes or more with central divider,Straight road,,Fine,Unknown Vehicle ,P.V&A.M.B,Animals affected,0
13.01.2015,5:40 AM,1301.7,LHS,Rural,Gudluru,Rear End Collision,Mini Lorry hit  Unknown Vehicle,Lorry,Non injury,Over speed,Four lanes or more with central divider,Straight road,,Fine,AP29W   2620,P.V,Fatal,0
13.01.2015,5:40 AM,1301.7,LHS,Rural,Gudluru,Rear End Collision,Mini Lorry hit  Unknown Vehicle,Lorry,Non injury,Over speed,Four lanes or more with central divider,Straight road,,Fine,AP29W   2620,P.V,Grevious,0
13.01.2015,5:40 AM,1301.7,LHS,Rural,Gudluru,Rear End Collision,Mini Lorry hit  Unknown Vehicle,Lorry,Non injury,Over speed,Four lanes or more with central divider,Straight road,,Fine,AP29W   2620,P.V,Minor,0
13.01.2015,5:40 AM,1301.7,LHS,Rural,Gudluru,Rear End Collision,Mini Lorry hit  Unknown Vehicle,Lorry,Non injury,Over speed,Four lanes or more with central divider,Straight road,,Fine,AP29W   2620,P.V,Non injured ,2