Operational date,Time of Accident,KM && M,Position,Rural/Urban,Location,Nature of Accident Position,Nature of Accident,Vehicle Involved,Type of Accident,Causes,Road Feature,Road condition,Intersection Type And Control,Weather Condition,Vehicle Responsible,Help Provided by Ambulance/Patroling Vehicle,Classification of Accident,No of Affected Persons
13.01.2015,5:40 AM,1301.7,LHS,Rural,Gudluru,Rear End Collision,Mini Lorry hit  Unknown Vehicle,Lorry,Non injury,Over speed,Four lanes or more with central divider,Straight road,,Fine,AP29W   2620,P.V,Animals affected,0
13.01.2015,9:14 AM,1260.8,LHS,Rural,Tangutur,Skidding, Bike Skidding,Bike,Grievious injury,Over speed,Four lanes or more with central divider,Straight road,,Fine,AP05BS  4137,A.M.B,Fatal,0
13.01.2015,9:14 AM,1260.8,LHS,Rural,Tangutur,Skidding, Bike Skidding,Bike,Grievious injury,Over speed,Four lanes or more with central divider,Straight road,,Fine,AP05BS  4137,A.M.B,Grevious,1
13.01.2015,9:14 AM,1260.8,LHS,Rural,Tangutur,Skidding, Bike Skidding,Bike,Grievious injury,Over speed,Four lanes or more with central divider,Straight road,,Fine,AP05BS  4137,A.M.B,Minor,1
13.01.2015,9:14 AM,1260.8,LHS,Rural,Tangutur,Skidding, Bike Skidding,Bike,Grievious injury,Over speed,Four lanes or more with central divider,Straight road,,Fine,AP05BS  4137,A.M.B,Non injured ,1
13.01.2015,9:14 AM,1260.8,LHS,Rural,Tangutur,Skidding, Bike Skidding,Bike,Grievious injury,Over speed,Four lanes or more with central divider,Straight road,,Fine,AP05BS  4137,A.M.B,Animals affected,0
13.01.2015,12:31 PM,1269,RHS,Rural,Jarugumalli,Rear End Collision,Car hit  Bike,Car,Grievious injury,Over speed,Four lanes or more with central divider,Straight road,,Fine,AP28BH 2727,A.M.B,Fatal,0
13.01.2015,12:31 PM,1269,RHS,Rural,Jarugumalli,Rear End Collision,Car hit  Bike,Car,Grievious injury,Over speed,Four lanes or more with central divider,Straight road,,Fine,AP28BH 2727,A.M.B,Grevious,1
13.01.2015,12:31 PM,1269,RHS,Rural,Jarugumalli,Rear End Collision,Car hit  Bike,Car,Grievious injury,Over speed,Four lanes or more with central divider,Straight road,,Fine,AP28BH 2727,A.M.B,Minor,1
13.01.2015,12:31 PM,1269,RHS,Rural,Jarugumalli,Rear End Collision,Car hit  Bike,Car,Grievious injury,Over speed,Four lanes or more with central divider,Straight road,,Fine,AP28BH 2727,A.M.B,Non injured ,2
13.01.2015,12:31 PM,1269,RHS,Rural,Jarugumalli,Rear End Collision,Car hit  Bike,Car,Grievious injury,Over speed,Four lanes or more with central divider,Straight road,,Fine,AP28BH 2727,A.M.B,Animals affected,0
14.01.2015,12:15 PM,1202,LHS,Rural,Reningavaram,Collision Brush/Side Wipe,Unknown Vehicle hit pedestrian,Unknown,Grievious injury,Over speed,Four lanes or more with central divider,Straight road,,Fine,Unknown Vehicle ,A.M.B,Fatal,0
14.01.2015,12:15 PM,1202,LHS,Rural,Reningavaram,Collision Brush/Side Wipe,Unknown Vehicle hit pedestrian,Unknown,Grievious injury,Over speed,Four lanes or more with central divider,Straight road,,Fine,Unknown Vehicle ,A.M.B,Grevious,1
14.01.2015,12:15 PM,1202,LHS,Rural,Reningavaram,Collision Brush/Side Wipe,Unknown Vehicle hit pedestrian,Unknown,Grievious injury,Over speed,Four lanes or more with central divider,Straight road,,Fine,Unknown Vehicle ,A.M.B,Minor,0
14.01.2015,12:15 PM,1202,LHS,Rural,Reningavaram,Collision Brush/Side Wipe,Unknown Vehicle hit pedestrian,Unknown,Grievious injury,Over speed,Four lanes or more with central divider,Straight road,,Fine,Unknown Vehicle ,A.M.B,Non injured ,0
14.01.2015,12:15 PM,1202,LHS,Rural,Reningavaram,Collision Brush/Side Wipe,Unknown Vehicle hit pedestrian,Unknown,Grievious injury,Over speed,Four lanes or more with central divider,Straight road,,Fine,Unknown Vehicle ,A.M.B,Animals affected,0
14.01.2015,8:20 PM,1272.7,RHS,Rural,Jarugumalli,Rear End Collision,Auto hit  Tractor,Auto,Fatal,Over speed,Four lanes or more with central divider,Straight road,,Fine,AP27TW  6890,P.V,Fatal,1
14.01.2015,8:20 PM,1272.7,RHS,Rural,Jarugumalli,Rear End Collision,Auto hit  Tractor,Auto,Fatal,Over speed,Four lanes or more with central divider,Straight road,,Fine,AP27TW  6890,P.V,Grevious,0
14.01.2015,8:20 PM,1272.7,RHS,Rural,Jarugumalli,Rear End Collision,Auto hit  Tractor,Auto,Fatal,Over speed,Four lanes or more with central divider,Straight road,,Fine,AP27TW  6890,P.V,Minor,4
14.01.2015,8:20 PM,1272.7,RHS,Rural,Jarugumalli,Rear End Collision,Auto hit  Tractor,Auto,Fatal,Over speed,Four lanes or more with central divider,Straight road,,Fine,AP27TW  6890,P.V,Non injured ,0
14.01.2015,8:20 PM,1272.7,RHS,Rural,Jarugumalli,Rear End Collision,Auto hit  Tractor,Auto,Fatal,Over speed,Four lanes or more with central divider,Straight road,,Fine,AP27TW  6890,P.V,Animals affected,0
16.01.15,7:23 AM,1228.5,LHS,Rural,Maddipadu,Overturning,Tracter Overturned,Tractor,Non injury,Vehicle out of control,Four lanes or more with central divider,Straight road,,Fine,AP27TX  0972,P.V,Fatal,0
16.01.15,7:23 AM,1228.5,LHS,Rural,Maddipadu,Overturning,Tracter Overturned,Tractor,Non injury,Vehicle out of control,Four lanes or more with central divider,Straight road,,Fine,AP27TX  0972,P.V,Grevious,0
16.01.15,7:23 AM,1228.5,LHS,Rural,Maddipadu,Overturning,Tracter Overturned,Tractor,Non injury,Vehicle out of control,Four lanes or more with central divider,Straight road,,Fine,AP27TX  0972,P.V,Minor,0
16.01.15,7:23 AM,1228.5,LHS,Rural,Maddipadu,Overturning,Tracter Overturned,Tractor,Non injury,Vehicle out of control,Four lanes or more with central divider,Straight road,,Fine,AP27TX  0972,P.V,Non injured ,1
16.01.15,7:23 AM,1228.5,LHS,Rural,Maddipadu,Overturning,Tracter Overturned,Tractor,Non injury,Vehicle out of control,Four lanes or more with central divider,Straight road,,Fine,AP27TX  0972,P.V,Animals affected,0
16.01.15,11:35 AM,1290.2,RHS,Rural,Ulavapadu,Collision Brush/Side Wipe,Container Vehicle hit    Lorry,Container,Non injury,Over speed,Four lanes or more with central divider,Straight road,,Fine,HR55W   8333,P.V,Fatal,0
16.01.15,11:35 AM,1290.2,RHS,Rural,Ulavapadu,Collision Brush/Side Wipe,Container Vehicle hit    Lorry,Container,Non injury,Over speed,Four lanes or more with central divider,Straight road,,Fine,HR55W   8333,P.V,Grevious,0
16.01.15,11:35 AM,1290.2,RHS,Rural,Ulavapadu,Collision Brush/Side Wipe,Container Vehicle hit    Lorry,Container,Non injury,Over speed,Four lanes or more with central divider,Straight road,,Fine,HR55W   8333,P.V,Minor,0
16.01.15,11:35 AM,1290.2,RHS,Rural,Ulavapadu,Collision Brush/Side Wipe,Container Vehicle hit    Lorry,Container,Non injury,Over speed,Four lanes or more with central divider,Straight road,,Fine,HR55W   8333,P.V,Non injured ,4
16.01.15,11:35 AM,1290.2,RHS,Rural,Ulavapadu,Collision Brush/Side Wipe,Container Vehicle hit    Lorry,Container,Non injury,Over speed,Four lanes or more with central divider,Straight road,,Fine,HR55W   8333,P.V,Animals affected,0
16.01.15,6:55 PM,1351.2,RHS,Rural,Kodavaluru,Collision Brush/Side Wipe, Car hit  Unknown vehicle,Car,Non injury,Over speed,Four lanes or more with central divider,Straight road,,Fine,AP09CB 3207,PV,Fatal,0
16.01.15,6:55 PM,1351.2,RHS,Rural,Kodavaluru,Collision Brush/Side Wipe, Car hit  Unknown vehicle,Car,Non injury,Over speed,Four lanes or more with central divider,Straight road,,Fine,AP09CB 3207,PV,Grevious,0
16.01.15,6:55 PM,1351.2,RHS,Rural,Kodavaluru,Collision Brush/Side Wipe, Car hit  Unknown vehicle,Car,Non injury,Over speed,Four lanes or more with central divider,Straight road,,Fine,AP09CB 3207,PV,Minor,0
16.01.15,6:55 PM,1351.2,RHS,Rural,Kodavaluru,Collision Brush/Side Wipe, Car hit  Unknown vehicle,Car,Non injury,Over speed,Four lanes or more with central divider,Straight road,,Fine,AP09CB 3207,PV,Non injured ,3
16.01.15,6:55 PM,1351.2,RHS,Rural,Kodavaluru,Collision Brush/Side Wipe, Car hit  Unknown vehicle,Car,Non injury,Over speed,Four lanes or more with central divider,Straight road,,Fine,AP09CB 3207,PV,Animals affected,0
17.01.2015,1:20 PM,1238,LHS,Rural,Maddipadu,Collision Brush/Side Wipe, Lorrty hit Car,Lorry,Grievious injury,Over speed,Four lanes or more with central divider,Straight road,,Fine,AP28Y     4130,P.V,Fatal,0
17.01.2015,1:20 PM,1238,LHS,Rural,Maddipadu,Collision Brush/Side Wipe, Lorrty hit Car,Lorry,Grievious injury,Over speed,Four lanes or more with central divider,Straight road,,Fine,AP28Y     4130,P.V,Grevious,1
17.01.2015,1:20 PM,1238,LHS,Rural,Maddipadu,Collision Brush/Side Wipe, Lorrty hit Car,Lorry,Grievious injury,Over speed,Four lanes or more with central divider,Straight road,,Fine,AP28Y     4130,P.V,Minor,0
17.01.2015,1:20 PM,1238,LHS,Rural,Maddipadu,Collision Brush/Side Wipe, Lorrty hit Car,Lorry,Grievious injury,Over speed,Four lanes or more with central divider,Straight road,,Fine,AP28Y     4130,P.V,Non injured ,3
17.01.2015,1:20 PM,1238,LHS,Rural,Maddipadu,Collision Brush/Side Wipe, Lorrty hit Car,Lorry,Grievious injury,Over speed,Four lanes or more with central divider,Straight road,,Fine,AP28Y     4130,P.V,Animals affected,0
18.01.2015,5:04 AM,1238.2,LHS,Rural,Maddipadu,Rear End Collision,Container Vehicle hit    Tipper Lorry,Container,Grievious injury,Over speed,Four lanes or more with central divider,Straight road,,Fine,AP16TG   1169,P.V,Fatal,0
18.01.2015,5:04 AM,1238.2,LHS,Rural,Maddipadu,Rear End Collision,Container Vehicle hit    Tipper Lorry,Container,Grievious injury,Over speed,Four lanes or more with central divider,Straight road,,Fine,AP16TG   1169,P.V,Grevious,1
18.01.2015,5:04 AM,1238.2,LHS,Rural,Maddipadu,Rear End Collision,Container Vehicle hit    Tipper Lorry,Container,Grievious injury,Over speed,Four lanes or more with central divider,Straight road,,Fine,AP16TG   1169,P.V,Minor,0
18.01.2015,5:04 AM,1238.2,LHS,Rural,Maddipadu,Rear End Collision,Container Vehicle hit    Tipper Lorry,Container,Grievious injury,Over speed,Four lanes or more with central divider,Straight road,,Fine,AP16TG   1169,P.V,Non injured ,2
18.01.2015,5:04 AM,1238.2,LHS,Rural,Maddipadu,Rear End Collision,Container Vehicle hit    Tipper Lorry,Container,Grievious injury,Over speed,Four lanes or more with central divider,Straight road,,Fine,AP16TG   1169,P.V,Animals affected,0
18.01.2015,10:45 AM,1354.2,LHS,Rural,Kodavaluru,Collision Brush/Side Wipe, Car hit Pedestrian,Car,Fatal,Over speed,Four lanes or more with central divider,Straight road,,Fine,KA03MQ 3452,P.V,Fatal,1
18.01.2015,10:45 AM,1354.2,LHS,Rural,Kodavaluru,Collision Brush/Side Wipe, Car hit Pedestrian,Car,Fatal,Over speed,Four lanes or more with central divider,Straight road,,Fine,KA03MQ 3452,P.V,Grevious,0
18.01.2015,10:45 AM,1354.2,LHS,Rural,Kodavaluru,Collision Brush/Side Wipe, Car hit Pedestrian,Car,Fatal,Over speed,Four lanes or more with central divider,Straight road,,Fine,KA03MQ 3452,P.V,Minor,0
18.01.2015,10:45 AM,1354.2,LHS,Rural,Kodavaluru,Collision Brush/Side Wipe, Car hit Pedestrian,Car,Fatal,Over speed,Four lanes or more with central divider,Straight road,,Fine,KA03MQ 3452,P.V,Non injured ,0
18.01.2015,10:45 AM,1354.2,LHS,Rural,Kodavaluru,Collision Brush/Side Wipe, Car hit Pedestrian,Car,Fatal,Over speed,Four lanes or more with central divider,Straight road,,Fine,KA03MQ 3452,P.V,Animals affected,0
18.01.2015,11:11 AM,1229.1,RHS,Rural,Maddipadu,Rear End Collision,Gas Tanker hit    Crane,Tanker,Non injury,Over speed,Four lanes or more with central divider,Straight road,,Fine,TN01AQ   5509,P.V,Fatal,0
18.01.2015,11:11 AM,1229.1,RHS,Rural,Maddipadu,Rear End Collision,Gas Tanker hit    Crane,Tanker,Non injury,Over speed,Four lanes or more with central divider,Straight road,,Fine,TN01AQ   5509,P.V,Grevious,0
18.01.2015,11:11 AM,1229.1,RHS,Rural,Maddipadu,Rear End Collision,Gas Tanker hit    Crane,Tanker,Non injury,Over speed,Four lanes or more with central divider,Straight road,,Fine,TN01AQ   5509,P.V,Minor,0
18.01.2015,11:11 AM,1229.1,RHS,Rural,Maddipadu,Rear End Collision,Gas Tanker hit    Crane,Tanker,Non injury,Over speed,Four lanes or more with central divider,Straight road,,Fine,TN01AQ   5509,P.V,Non injured ,3
18.01.2015,11:11 AM,1229.1,RHS,Rural,Maddipadu,Rear End Collision,Gas Tanker hit    Crane,Tanker,Non injury,Over speed,Four lanes or more with central divider,Straight road,,Fine,TN01AQ   5509,P.V,Animals affected,0
18.01.2015,12:40 PM,1352.3,LHS,Rural,Kodavaluru,Overturning,Car   Overturned,Car,Minor injury,Over speed,Four lanes or more with central divider,Straight road,,Fine,MH15 CT 4900,P.V,Fatal,0
18.01.2015,12:40 PM,1352.3,LHS,Rural,Kodavaluru,Overturning,Car   Overturned,Car,Minor injury,Over speed,Four lanes or more with central divider,Straight road,,Fine,MH15 CT 4900,P.V,Grevious,0
18.01.2015,12:40 PM,1352.3,LHS,Rural,Kodavaluru,Overturning,Car   Overturned,Car,Minor injury,Over speed,Four lanes or more with central divider,Straight road,,Fine,MH15 CT 4900,P.V,Minor,1
18.01.2015,12:40 PM,1352.3,LHS,Rural,Kodavaluru,Overturning,Car   Overturned,Car,Minor injury,Over speed,Four lanes or more with central divider,Straight road,,Fine,MH15 CT 4900,P.V,Non injured ,0
18.01.2015,12:40 PM,1352.3,LHS,Rural,Kodavaluru,Overturning,Car   Overturned,Car,Minor injury,Over speed,Four lanes or more with central divider,Straight road,,Fine,MH15 CT 4900,P.V,Animals affected,0
18.01.2015,2:22 PM,1324.1,RHS,Rural,Kavali,Collision Brush/Side Wipe,Lorry hit  Bike,Lorry,Minor injury,Over speed,Four lanes or more with central divider,Straight road,,Fine,TN30AJ 7401,P.V,Fatal,0
18.01.2015,2:22 PM,1324.1,RHS,Rural,Kavali,Collision Brush/Side Wipe,Lorry hit  Bike,Lorry,Minor injury,Over speed,Four lanes or more with central divider,Straight road,,Fine,TN30AJ 7401,P.V,Grevious,0
18.01.2015,2:22 PM,1324.1,RHS,Rural,Kavali,Collision Brush/Side Wipe,Lorry hit  Bike,Lorry,Minor injury,Over speed,Four lanes or more with central divider,Straight road,,Fine,TN30AJ 7401,P.V,Minor,2
18.01.2015,2:22 PM,1324.1,RHS,Rural,Kavali,Collision Brush/Side Wipe,Lorry hit  Bike,Lorry,Minor injury,Over speed,Four lanes or more with central divider,Straight road,,Fine,TN30AJ 7401,P.V,Non injured ,1
18.01.2015,2:22 PM,1324.1,RHS,Rural,Kavali,Collision Brush/Side Wipe,Lorry hit  Bike,Lorry,Minor injury,Over speed,Four lanes or more with central divider,Straight road,,Fine,TN30AJ 7401,P.V,Animals affected,0
18.01.2015,7:25 PM,1193.3,LHS,Rural,Martur,Collision Brush/Side Wipe, Bike hit Bridge Wall,Bike,Grievious injury,Over speed,Four lanes or more with central divider,Straight road,,Fine,F/R Bike,P.V& AMB,Fatal,0
18.01.2015,7:25 PM,1193.3,LHS,Rural,Martur,Collision Brush/Side Wipe, Bike hit Bridge Wall,Bike,Grievious injury,Over speed,Four lanes or more with central divider,Straight road,,Fine,F/R Bike,P.V& AMB,Grevious,3
18.01.2015,7:25 PM,1193.3,LHS,Rural,Martur,Collision Brush/Side Wipe, Bike hit Bridge Wall,Bike,Grievious injury,Over speed,Four lanes or more with central divider,Straight road,,Fine,F/R Bike,P.V& AMB,Minor,0
18.01.2015,7:25 PM,1193.3,LHS,Rural,Martur,Collision Brush/Side Wipe, Bike hit Bridge Wall,Bike,Grievious injury,Over speed,Four lanes or more with central divider,Straight road,,Fine,F/R Bike,P.V& AMB,Non injured ,0
18.01.2015,7:25 PM,1193.3,LHS,Rural,Martur,Collision Brush/Side Wipe, Bike hit Bridge Wall,Bike,Grievious injury,Over speed,Four lanes or more with central divider,Straight road,,Fine,F/R Bike,P.V& AMB,Animals affected,0
18.01.2015,7:40 PM,1323.5,LHS,Rural,Kavali,Rear End Collision,Car hit     Lorry,Car,Minor injury,Over speed,Four lanes or more with central divider,Straight road,,Fine,AP10R    4162,P.V& AMB,Fatal,0
18.01.2015,7:40 PM,1323.5,LHS,Rural,Kavali,Rear End Collision,Car hit     Lorry,Car,Minor injury,Over speed,Four lanes or more with central divider,Straight road,,Fine,AP10R    4162,P.V& AMB,Grevious,0
18.01.2015,7:40 PM,1323.5,LHS,Rural,Kavali,Rear End Collision,Car hit     Lorry,Car,Minor injury,Over speed,Four lanes or more with central divider,Straight road,,Fine,AP10R    4162,P.V& AMB,Minor,2
18.01.2015,7:40 PM,1323.5,LHS,Rural,Kavali,Rear End Collision,Car hit     Lorry,Car,Minor injury,Over speed,Four lanes or more with central divider,Straight road,,Fine,AP10R    4162,P.V& AMB,Non injured ,0
18.01.2015,7:40 PM,1323.5,LHS,Rural,Kavali,Rear End Collision,Car hit     Lorry,Car,Minor injury,Over speed,Four lanes or more with central divider,Straight road,,Fine,AP10R    4162,P.V& AMB,Animals affected,0
20.01.2015,11:00 PM,1332.5,LHS,Rural,K.Tippa ,Rear End Collision,Unknown  Vehicle hit    Pedestrian,Unknown,Grievious injury,Over speed,Four lanes or more with central divider,Straight road,,Fine,Unknown Vehicle,P.V,Fatal,0
20.01.2015,11:00 PM,1332.5,LHS,Rural,K.Tippa ,Rear End Collision,Unknown  Vehicle hit    Pedestrian,Unknown,Grievious injury,Over speed,Four lanes or more with central divider,Straight road,,Fine,Unknown Vehicle,P.V,Grevious,1
20.01.2015,11:00 PM,1332.5,LHS,Rural,K.Tippa ,Rear End Collision,Unknown  Vehicle hit    Pedestrian,Unknown,Grievious injury,Over speed,Four lanes or more with central divider,Straight road,,Fine,Unknown Vehicle,P.V,Minor,0
20.01.2015,11:00 PM,1332.5,LHS,Rural,K.Tippa ,Rear End Collision,Unknown  Vehicle hit    Pedestrian,Unknown,Grievious injury,Over speed,Four lanes or more with central divider,Straight road,,Fine,Unknown Vehicle,P.V,Non injured ,0
20.01.2015,11:00 PM,1332.5,LHS,Rural,K.Tippa ,Rear End Collision,Unknown  Vehicle hit    Pedestrian,Unknown,Grievious injury,Over speed,Four lanes or more with central divider,Straight road,,Fine,Unknown Vehicle,P.V,Animals affected,0
22.01.2015,12:35 PM,1349.2,LHS,Rural,Kodavaluru,Rear End Collision,Bike hit  Lorry,Bike,Fatal,Over speed,Four lanes or more with central divider,Straight road,,Fine,AP26Q    2498,P.V,Fatal,2
22.01.2015,12:35 PM,1349.2,LHS,Rural,Kodavaluru,Rear End Collision,Bike hit  Lorry,Bike,Fatal,Over speed,Four lanes or more with central divider,Straight road,,Fine,AP26Q    2498,P.V,Grevious,0
22.01.2015,12:35 PM,1349.2,LHS,Rural,Kodavaluru,Rear End Collision,Bike hit  Lorry,Bike,Fatal,Over speed,Four lanes or more with central divider,Straight road,,Fine,AP26Q    2498,P.V,Minor,0
22.01.2015,12:35 PM,1349.2,LHS,Rural,Kodavaluru,Rear End Collision,Bike hit  Lorry,Bike,Fatal,Over speed,Four lanes or more with central divider,Straight road,,Fine,AP26Q    2498,P.V,Non injured ,2
22.01.2015,12:35 PM,1349.2,LHS,Rural,Kodavaluru,Rear End Collision,Bike hit  Lorry,Bike,Fatal,Over speed,Four lanes or more with central divider,Straight road,,Fine,AP26Q    2498,P.V,Animals affected,0
22.01.2015,5:30 PM,1218.3,RHS,Rural,Medarametla,Others(p1.Specific), The Trailer was proceeding to Vijayawad,Trailler,Grievious injury,Fault of driver of motor vehicle/driver of other vehicle/cyclist/pedestrian/passenger,Four lanes or more with central divider,Straight road,,Fine,AP16TG  1233,P.V & A.M.B,Fatal,0
22.01.2015,5:30 PM,1218.3,RHS,Rural,Medarametla,Others(p1.Specific), The Trailer was proceeding to Vijayawad,Trailler,Grievious injury,Fault of driver of motor vehicle/driver of other vehicle/cyclist/pedestrian/passenger,Four lanes or more with central divider,Straight road,,Fine,AP16TG  1233,P.V & A.M.B,Grevious,2
22.01.2015,5:30 PM,1218.3,RHS,Rural,Medarametla,Others(p1.Specific), The Trailer was proceeding to Vijayawad,Trailler,Grievious injury,Fault of driver of motor vehicle/driver of other vehicle/cyclist/pedestrian/passenger,Four lanes or more with central divider,Straight road,,Fine,AP16TG  1233,P.V & A.M.B,Minor,0
22.01.2015,5:30 PM,1218.3,RHS,Rural,Medarametla,Others(p1.Specific), The Trailer was proceeding to Vijayawad,Trailler,Grievious injury,Fault of driver of motor vehicle/driver of other vehicle/cyclist/pedestrian/passenger,Four lanes or more with central divider,Straight road,,Fine,AP16TG  1233,P.V & A.M.B,Non injured ,0
22.01.2015,5:30 PM,1218.3,RHS,Rural,Medarametla,Others(p1.Specific), The Trailer was proceeding to Vijayawad,Trailler,Grievious injury,Fault of driver of motor vehicle/driver of other vehicle/cyclist/pedestrian/passenger,Four lanes or more with central divider,Straight road,,Fine,AP16TG  1233,P.V & A.M.B,Animals affected,0
24.01.2015,7:15 PM,1344.4,LHS,Rural,Dagadarthi,Collision Brush/Side Wipe,Ape Auto hit Median,Auto,Grievious injury,Druken,Four lanes or more with central divider,Straight road,,Fine,AP26Y  6318,P.V,Fatal,0
24.01.2015,7:15 PM,1344.4,LHS,Rural,Dagadarthi,Collision Brush/Side Wipe,Ape Auto hit Median,Auto,Grievious injury,Druken,Four lanes or more with central divider,Straight road,,Fine,AP26Y  6318,P.V,Grevious,1
24.01.2015,7:15 PM,1344.4,LHS,Rural,Dagadarthi,Collision Brush/Side Wipe,Ape Auto hit Median,Auto,Grievious injury,Druken,Four lanes or more with central divider,Straight road,,Fine,AP26Y  6318,P.V,Minor,1
24.01.2015,7:15 PM,1344.4,LHS,Rural,Dagadarthi,Collision Brush/Side Wipe,Ape Auto hit Median,Auto,Grievious injury,Druken,Four lanes or more with central divider,Straight road,,Fine,AP26Y  6318,P.V,Non injured ,0
24.01.2015,7:15 PM,1344.4,LHS,Rural,Dagadarthi,Collision Brush/Side Wipe,Ape Auto hit Median,Auto,Grievious injury,Druken,Four lanes or more with central divider,Straight road,,Fine,AP26Y  6318,P.V,Animals affected,0
24.01.2015,8:32 PM,1250.3,RHS,Rural,Ongole,Collision Brush/Side Wipe, Car hit Median,Car,Non injury,Over speed,Four lanes or more with central divider,Straight road,,Fine,AP27G    9710,P.V,Fatal,0
24.01.2015,8:32 PM,1250.3,RHS,Rural,Ongole,Collision Brush/Side Wipe, Car hit Median,Car,Non injury,Over speed,Four lanes or more with central divider,Straight road,,Fine,AP27G    9710,P.V,Grevious,0
24.01.2015,8:32 PM,1250.3,RHS,Rural,Ongole,Collision Brush/Side Wipe, Car hit Median,Car,Non injury,Over speed,Four lanes or more with central divider,Straight road,,Fine,AP27G    9710,P.V,Minor,0
24.01.2015,8:32 PM,1250.3,RHS,Rural,Ongole,Collision Brush/Side Wipe, Car hit Median,Car,Non injury,Over speed,Four lanes or more with central divider,Straight road,,Fine,AP27G    9710,P.V,Non injured ,5
24.01.2015,8:32 PM,1250.3,RHS,Rural,Ongole,Collision Brush/Side Wipe, Car hit Median,Car,Non injury,Over speed,Four lanes or more with central divider,Straight road,,Fine,AP27G    9710,P.V,Animals affected,0
25.01.2015,2:53 PM,1260.6,RHS,Rural,Tangutur,Rear End Collision, Car hit Bus,Car,Non injury,Over speed,Four lanes or more with central divider,Straight road,,Fine,AP28AZ    778,P.V,Fatal,0
25.01.2015,2:53 PM,1260.6,RHS,Rural,Tangutur,Rear End Collision, Car hit Bus,Car,Non injury,Over speed,Four lanes or more with central divider,Straight road,,Fine,AP28AZ    778,P.V,Grevious,0
25.01.2015,2:53 PM,1260.6,RHS,Rural,Tangutur,Rear End Collision, Car hit Bus,Car,Non injury,Over speed,Four lanes or more with central divider,Straight road,,Fine,AP28AZ    778,P.V,Minor,0
25.01.2015,2:53 PM,1260.6,RHS,Rural,Tangutur,Rear End Collision, Car hit Bus,Car,Non injury,Over speed,Four lanes or more with central divider,Straight road,,Fine,AP28AZ    778,P.V,Non injured ,3
25.01.2015,2:53 PM,1260.6,RHS,Rural,Tangutur,Rear End Collision, Car hit Bus,Car,Non injury,Over speed,Four lanes or more with central divider,Straight road,,Fine,AP28AZ    778,P.V,Animals affected,0
25.01.2015,5:40 PM,1199,LHS,Rural,Reningavaram,Skidding, Bike Skidding,Bike,Grievious injury,Over speed,Four lanes or more with central divider,Straight road,,Fine,AP7AJ  3313,P.V & A.M.B,Fatal,0
25.01.2015,5:40 PM,1199,LHS,Rural,Reningavaram,Skidding, Bike Skidding,Bike,Grievious injury,Over speed,Four lanes or more with central divider,Straight road,,Fine,AP7AJ  3313,P.V & A.M.B,Grevious,1
25.01.2015,5:40 PM,1199,LHS,Rural,Reningavaram,Skidding, Bike Skidding,Bike,Grievious injury,Over speed,Four lanes or more with central divider,Straight road,,Fine,AP7AJ  3313,P.V & A.M.B,Minor,0
25.01.2015,5:40 PM,1199,LHS,Rural,Reningavaram,Skidding, Bike Skidding,Bike,Grievious injury,Over speed,Four lanes or more with central divider,Straight road,,Fine,AP7AJ  3313,P.V & A.M.B,Non injured ,0
25.01.2015,5:40 PM,1199,LHS,Rural,Reningavaram,Skidding, Bike Skidding,Bike,Grievious injury,Over speed,Four lanes or more with central divider,Straight road,,Fine,AP7AJ  3313,P.V & A.M.B,Animals affected,0
26.01.2015,7:00 AM,1186.1,LHS,Rural,Martur,Collision Brush/Side Wipe,Unknown Vehicle hit pedestrian,Unknown,Fatal,Over speed,Four lanes or more with central divider,Straight road,,Fine,Unknown Vehicle,P.V,Fatal,1
26.01.2015,7:00 AM,1186.1,LHS,Rural,Martur,Collision Brush/Side Wipe,Unknown Vehicle hit pedestrian,Unknown,Fatal,Over speed,Four lanes or more with central divider,Straight road,,Fine,Unknown Vehicle,P.V,Grevious,0
26.01.2015,7:00 AM,1186.1,LHS,Rural,Martur,Collision Brush/Side Wipe,Unknown Vehicle hit pedestrian,Unknown,Fatal,Over speed,Four lanes or more with central divider,Straight road,,Fine,Unknown Vehicle,P.V,Minor,0
26.01.2015,7:00 AM,1186.1,LHS,Rural,Martur,Collision Brush/Side Wipe,Unknown Vehicle hit pedestrian,Unknown,Fatal,Over speed,Four lanes or more with central divider,Straight road,,Fine,Unknown Vehicle,P.V,Non injured ,0
26.01.2015,7:00 AM,1186.1,LHS,Rural,Martur,Collision Brush/Side Wipe,Unknown Vehicle hit pedestrian,Unknown,Fatal,Over speed,Four lanes or more with central divider,Straight road,,Fine,Unknown Vehicle,P.V,Animals affected,0
27.01.2015,8:38 PM,1202,LHS,Rural,Reningavaram,Head on collision, TVS XL Moped hit Safety wall,Bike,Grievious injury,Druken,Four lanes or more with central divider,Straight road,,Fine,AP27Q  2739,AMB,Fatal,0
27.01.2015,8:38 PM,1202,LHS,Rural,Reningavaram,Head on collision, TVS XL Moped hit Safety wall,Bike,Grievious injury,Druken,Four lanes or more with central divider,Straight road,,Fine,AP27Q  2739,AMB,Grevious,1
27.01.2015,8:38 PM,1202,LHS,Rural,Reningavaram,Head on collision, TVS XL Moped hit Safety wall,Bike,Grievious injury,Druken,Four lanes or more with central divider,Straight road,,Fine,AP27Q  2739,AMB,Minor,0
27.01.2015,8:38 PM,1202,LHS,Rural,Reningavaram,Head on collision, TVS XL Moped hit Safety wall,Bike,Grievious injury,Druken,Four lanes or more with central divider,Straight road,,Fine,AP27Q  2739,AMB,Non injured ,0
27.01.2015,8:38 PM,1202,LHS,Rural,Reningavaram,Head on collision, TVS XL Moped hit Safety wall,Bike,Grievious injury,Druken,Four lanes or more with central divider,Straight road,,Fine,AP27Q  2739,AMB,Animals affected,0
28.01.2015,2:00 AM,1294.1,RHS,Rural,Ulavapadu,Others(p1.Specific),Private Bus Burnt.,Bus,Non injury,Defect in mechanical condition of motor vehicle/road condition,Four lanes or more with central divider,Straight road,,Fine,TN21AK 8307,P.V,Fatal,0