Operational date,Time of Accident,KM && M,Position,Rural/Urban,Location,Nature of Accident Position,Nature of Accident,Vehicle Involved,Type of Accident,Causes,Road Feature,Road condition,Intersection Type And Control,Weather Condition,Vehicle Responsible,Help Provided by Ambulance/Patroling Vehicle,Classification of Accident,No of Affected Persons
28.01.2015,2:00 AM,1294.1,RHS,Rural,Ulavapadu,Others(p1.Specific),Private Bus Burnt.,Bus,Non injury,Defect in mechanical condition of motor vehicle/road condition,Four lanes or more with central divider,Straight road,,Fine,TN21AK 8307,P.V,Grevious,0
28.01.2015,2:00 AM,1294.1,RHS,Rural,Ulavapadu,Others(p1.Specific),Private Bus Burnt.,Bus,Non injury,Defect in mechanical condition of motor vehicle/road condition,Four lanes or more with central divider,Straight road,,Fine,TN21AK 8307,P.V,Minor,0
28.01.2015,2:00 AM,1294.1,RHS,Rural,Ulavapadu,Others(p1.Specific),Private Bus Burnt.,Bus,Non injury,Defect in mechanical condition of motor vehicle/road condition,Four lanes or more with central divider,Straight road,,Fine,TN21AK 8307,P.V,Non injured ,38
28.01.2015,2:00 AM,1294.1,RHS,Rural,Ulavapadu,Others(p1.Specific),Private Bus Burnt.,Bus,Non injury,Defect in mechanical condition of motor vehicle/road condition,Four lanes or more with central divider,Straight road,,Fine,TN21AK 8307,P.V,Animals affected,0
28.01.2015,3:45 AM,1203.6,LHS,Rural,Reningavaram,Rear End Collision, Oil Tanker       hit to Tipper Lorry,Tanker,Fatal,Fault of driver of motor vehicle/driver of other vehicle/cyclist/pedestrian/passenger,Four lanes or more with central divider,Straight road,,Fine,AP07TD 0278,"AMB,P.V.",Fatal,2
28.01.2015,3:45 AM,1203.6,LHS,Rural,Reningavaram,Rear End Collision, Oil Tanker       hit to Tipper Lorry,Tanker,Fatal,Fault of driver of motor vehicle/driver of other vehicle/cyclist/pedestrian/passenger,Four lanes or more with central divider,Straight road,,Fine,AP07TD 0278,"AMB,P.V.",Grevious,0
28.01.2015,3:45 AM,1203.6,LHS,Rural,Reningavaram,Rear End Collision, Oil Tanker       hit to Tipper Lorry,Tanker,Fatal,Fault of driver of motor vehicle/driver of other vehicle/cyclist/pedestrian/passenger,Four lanes or more with central divider,Straight road,,Fine,AP07TD 0278,"AMB,P.V.",Minor,0
28.01.2015,3:45 AM,1203.6,LHS,Rural,Reningavaram,Rear End Collision, Oil Tanker       hit to Tipper Lorry,Tanker,Fatal,Fault of driver of motor vehicle/driver of other vehicle/cyclist/pedestrian/passenger,Four lanes or more with central divider,Straight road,,Fine,AP07TD 0278,"AMB,P.V.",Non injured ,0
28.01.2015,3:45 AM,1203.6,LHS,Rural,Reningavaram,Rear End Collision, Oil Tanker       hit to Tipper Lorry,Tanker,Fatal,Fault of driver of motor vehicle/driver of other vehicle/cyclist/pedestrian/passenger,Four lanes or more with central divider,Straight road,,Fine,AP07TD 0278,"AMB,P.V.",Animals affected,0
28.01.2015,8:55 AM,1328.9,RHS,Rural,Kavali,Rear End Collision, Lorry hit Tipper Lorry,Lorry,Minor injury,Over speed,Four lanes or more with central divider,Straight road,,Fine,AP24TT 2263,"AMB,P.V.",Fatal,0
28.01.2015,8:55 AM,1328.9,RHS,Rural,Kavali,Rear End Collision, Lorry hit Tipper Lorry,Lorry,Minor injury,Over speed,Four lanes or more with central divider,Straight road,,Fine,AP24TT 2263,"AMB,P.V.",Grevious,0
28.01.2015,8:55 AM,1328.9,RHS,Rural,Kavali,Rear End Collision, Lorry hit Tipper Lorry,Lorry,Minor injury,Over speed,Four lanes or more with central divider,Straight road,,Fine,AP24TT 2263,"AMB,P.V.",Minor,2
28.01.2015,8:55 AM,1328.9,RHS,Rural,Kavali,Rear End Collision, Lorry hit Tipper Lorry,Lorry,Minor injury,Over speed,Four lanes or more with central divider,Straight road,,Fine,AP24TT 2263,"AMB,P.V.",Non injured ,0
28.01.2015,8:55 AM,1328.9,RHS,Rural,Kavali,Rear End Collision, Lorry hit Tipper Lorry,Lorry,Minor injury,Over speed,Four lanes or more with central divider,Straight road,,Fine,AP24TT 2263,"AMB,P.V.",Animals affected,0
29.01.2015,4:00 PM,1259.4,RHS,Rural,Tangutur,Collision Brush/Side Wipe,Unknown Vehicle hit pedestrian,Unknown,Fatal,Over speed,Four lanes or more with central divider,Straight road,,Fine,Unknown Vehicle,P.V,Fatal,1
29.01.2015,4:00 PM,1259.4,RHS,Rural,Tangutur,Collision Brush/Side Wipe,Unknown Vehicle hit pedestrian,Unknown,Fatal,Over speed,Four lanes or more with central divider,Straight road,,Fine,Unknown Vehicle,P.V,Grevious,0
29.01.2015,4:00 PM,1259.4,RHS,Rural,Tangutur,Collision Brush/Side Wipe,Unknown Vehicle hit pedestrian,Unknown,Fatal,Over speed,Four lanes or more with central divider,Straight road,,Fine,Unknown Vehicle,P.V,Minor,0
29.01.2015,4:00 PM,1259.4,RHS,Rural,Tangutur,Collision Brush/Side Wipe,Unknown Vehicle hit pedestrian,Unknown,Fatal,Over speed,Four lanes or more with central divider,Straight road,,Fine,Unknown Vehicle,P.V,Non injured ,0
29.01.2015,4:00 PM,1259.4,RHS,Rural,Tangutur,Collision Brush/Side Wipe,Unknown Vehicle hit pedestrian,Unknown,Fatal,Over speed,Four lanes or more with central divider,Straight road,,Fine,Unknown Vehicle,P.V,Animals affected,0
30.01.2015,2:50 AM,1344.4,LHS,Rural,Dagadarthi,Overturning,Mini Lorry   Overturned,Lorry,Minor injury,Over speed,Four lanes or more with central divider,Straight road,,Fine,MP09GE  3479,P.V & A.M.B,Fatal,0
30.01.2015,2:50 AM,1344.4,LHS,Rural,Dagadarthi,Overturning,Mini Lorry   Overturned,Lorry,Minor injury,Over speed,Four lanes or more with central divider,Straight road,,Fine,MP09GE  3479,P.V & A.M.B,Grevious,0
30.01.2015,2:50 AM,1344.4,LHS,Rural,Dagadarthi,Overturning,Mini Lorry   Overturned,Lorry,Minor injury,Over speed,Four lanes or more with central divider,Straight road,,Fine,MP09GE  3479,P.V & A.M.B,Minor,2
30.01.2015,2:50 AM,1344.4,LHS,Rural,Dagadarthi,Overturning,Mini Lorry   Overturned,Lorry,Minor injury,Over speed,Four lanes or more with central divider,Straight road,,Fine,MP09GE  3479,P.V & A.M.B,Non injured ,0
30.01.2015,2:50 AM,1344.4,LHS,Rural,Dagadarthi,Overturning,Mini Lorry   Overturned,Lorry,Minor injury,Over speed,Four lanes or more with central divider,Straight road,,Fine,MP09GE  3479,P.V & A.M.B,Animals affected,0
30.01.2015,5:35 PM,1193.2,LHS,Rural,Martur,Head on collision,Grader Vehicle hit Pedestrian,Grader,Fatal,Fault of driver of motor vehicle/driver of other vehicle/cyclist/pedestrian/passenger,Four lanes or more with central divider,Straight road,,Fine,AP27AQ 5819,P.V,Fatal,1
30.01.2015,5:35 PM,1193.2,LHS,Rural,Martur,Head on collision,Grader Vehicle hit Pedestrian,Grader,Fatal,Fault of driver of motor vehicle/driver of other vehicle/cyclist/pedestrian/passenger,Four lanes or more with central divider,Straight road,,Fine,AP27AQ 5819,P.V,Grevious,0
30.01.2015,5:35 PM,1193.2,LHS,Rural,Martur,Head on collision,Grader Vehicle hit Pedestrian,Grader,Fatal,Fault of driver of motor vehicle/driver of other vehicle/cyclist/pedestrian/passenger,Four lanes or more with central divider,Straight road,,Fine,AP27AQ 5819,P.V,Minor,0
30.01.2015,5:35 PM,1193.2,LHS,Rural,Martur,Head on collision,Grader Vehicle hit Pedestrian,Grader,Fatal,Fault of driver of motor vehicle/driver of other vehicle/cyclist/pedestrian/passenger,Four lanes or more with central divider,Straight road,,Fine,AP27AQ 5819,P.V,Non injured ,0
30.01.2015,5:35 PM,1193.2,LHS,Rural,Martur,Head on collision,Grader Vehicle hit Pedestrian,Grader,Fatal,Fault of driver of motor vehicle/driver of other vehicle/cyclist/pedestrian/passenger,Four lanes or more with central divider,Straight road,,Fine,AP27AQ 5819,P.V,Animals affected,0
01.02.2015,7:25 PM,1197.8,LHS,Rural,Martur,Collision Brush/Side Wipe, Car hit Bike ,Car,Minor injury,Over speed,Four lanes or more with central divider,Straight road,,Fine,AP27AQ  8796,P.V,Fatal,0
01.02.2015,7:25 PM,1197.8,LHS,Rural,Martur,Collision Brush/Side Wipe, Car hit Bike ,Car,Minor injury,Over speed,Four lanes or more with central divider,Straight road,,Fine,AP27AQ  8796,P.V,Grevious,0
01.02.2015,7:25 PM,1197.8,LHS,Rural,Martur,Collision Brush/Side Wipe, Car hit Bike ,Car,Minor injury,Over speed,Four lanes or more with central divider,Straight road,,Fine,AP27AQ  8796,P.V,Minor,1
01.02.2015,7:25 PM,1197.8,LHS,Rural,Martur,Collision Brush/Side Wipe, Car hit Bike ,Car,Minor injury,Over speed,Four lanes or more with central divider,Straight road,,Fine,AP27AQ  8796,P.V,Non injured ,2
01.02.2015,7:25 PM,1197.8,LHS,Rural,Martur,Collision Brush/Side Wipe, Car hit Bike ,Car,Minor injury,Over speed,Four lanes or more with central divider,Straight road,,Fine,AP27AQ  8796,P.V,Animals affected,0
03.02.2015,7:19 AM,1218.6,RHS,Rural,Medarametla,Overturning,Container Vehicle  Overturned,Container,Non injury,Vehicle out of control,Four lanes or more with central divider,Straight road,,Fine,TN43B     8106,P.V,Fatal,0
03.02.2015,7:19 AM,1218.6,RHS,Rural,Medarametla,Overturning,Container Vehicle  Overturned,Container,Non injury,Vehicle out of control,Four lanes or more with central divider,Straight road,,Fine,TN43B     8106,P.V,Grevious,0
03.02.2015,7:19 AM,1218.6,RHS,Rural,Medarametla,Overturning,Container Vehicle  Overturned,Container,Non injury,Vehicle out of control,Four lanes or more with central divider,Straight road,,Fine,TN43B     8106,P.V,Minor,0
03.02.2015,7:19 AM,1218.6,RHS,Rural,Medarametla,Overturning,Container Vehicle  Overturned,Container,Non injury,Vehicle out of control,Four lanes or more with central divider,Straight road,,Fine,TN43B     8106,P.V,Non injured ,1
03.02.2015,7:19 AM,1218.6,RHS,Rural,Medarametla,Overturning,Container Vehicle  Overturned,Container,Non injury,Vehicle out of control,Four lanes or more with central divider,Straight road,,Fine,TN43B     8106,P.V,Animals affected,0
03.02.2015,3:38 PM,1353.2,RHS,Rural,Kodavaluru,Collision Brush/Side Wipe, Ape Auto hit Bike ,Auto,Grievious injury,Fault of driver of motor vehicle/driver of other vehicle/cyclist/pedestrian/passenger,Four lanes or more with central divider,Straight road,,Fine,AP26TB  8988,P.V,Fatal,0
03.02.2015,3:38 PM,1353.2,RHS,Rural,Kodavaluru,Collision Brush/Side Wipe, Ape Auto hit Bike ,Auto,Grievious injury,Fault of driver of motor vehicle/driver of other vehicle/cyclist/pedestrian/passenger,Four lanes or more with central divider,Straight road,,Fine,AP26TB  8988,P.V,Grevious,1
03.02.2015,3:38 PM,1353.2,RHS,Rural,Kodavaluru,Collision Brush/Side Wipe, Ape Auto hit Bike ,Auto,Grievious injury,Fault of driver of motor vehicle/driver of other vehicle/cyclist/pedestrian/passenger,Four lanes or more with central divider,Straight road,,Fine,AP26TB  8988,P.V,Minor,0
03.02.2015,3:38 PM,1353.2,RHS,Rural,Kodavaluru,Collision Brush/Side Wipe, Ape Auto hit Bike ,Auto,Grievious injury,Fault of driver of motor vehicle/driver of other vehicle/cyclist/pedestrian/passenger,Four lanes or more with central divider,Straight road,,Fine,AP26TB  8988,P.V,Non injured ,1
03.02.2015,3:38 PM,1353.2,RHS,Rural,Kodavaluru,Collision Brush/Side Wipe, Ape Auto hit Bike ,Auto,Grievious injury,Fault of driver of motor vehicle/driver of other vehicle/cyclist/pedestrian/passenger,Four lanes or more with central divider,Straight road,,Fine,AP26TB  8988,P.V,Animals affected,0
04.02.2015,4:00 AM,1247.9,LHS,Urban,Ongole,Rear End Collision,Lorry hit to unknown vehicle,Lorry,Minor injury,Over speed,Three lanes or more without central divider(median),Straight road,T-Junction,Mist/Fog,AP26TB  1429,P.V,Fatal,0
04.02.2015,4:00 AM,1247.9,LHS,Urban,Ongole,Rear End Collision,Lorry hit to unknown vehicle,Lorry,Minor injury,Over speed,Three lanes or more without central divider(median),Straight road,T-Junction,Mist/Fog,AP26TB  1429,P.V,Grevious,0
04.02.2015,4:00 AM,1247.9,LHS,Urban,Ongole,Rear End Collision,Lorry hit to unknown vehicle,Lorry,Minor injury,Over speed,Three lanes or more without central divider(median),Straight road,T-Junction,Mist/Fog,AP26TB  1429,P.V,Minor,1
04.02.2015,4:00 AM,1247.9,LHS,Urban,Ongole,Rear End Collision,Lorry hit to unknown vehicle,Lorry,Minor injury,Over speed,Three lanes or more without central divider(median),Straight road,T-Junction,Mist/Fog,AP26TB  1429,P.V,Non injured ,1
04.02.2015,4:00 AM,1247.9,LHS,Urban,Ongole,Rear End Collision,Lorry hit to unknown vehicle,Lorry,Minor injury,Over speed,Three lanes or more without central divider(median),Straight road,T-Junction,Mist/Fog,AP26TB  1429,P.V,Animals affected,0
05.02.2015,2:30 PM,1193.3,RHS,Rural,Martur,Collision Brush/Side Wipe, Car hit Bike ,Car,Grievious injury,Over speed,Four lanes or more with central divider,Straight road,,Fine,F/R,P.V& AMB,Fatal,0
05.02.2015,2:30 PM,1193.3,RHS,Rural,Martur,Collision Brush/Side Wipe, Car hit Bike ,Car,Grievious injury,Over speed,Four lanes or more with central divider,Straight road,,Fine,F/R,P.V& AMB,Grevious,1
05.02.2015,2:30 PM,1193.3,RHS,Rural,Martur,Collision Brush/Side Wipe, Car hit Bike ,Car,Grievious injury,Over speed,Four lanes or more with central divider,Straight road,,Fine,F/R,P.V& AMB,Minor,0
05.02.2015,2:30 PM,1193.3,RHS,Rural,Martur,Collision Brush/Side Wipe, Car hit Bike ,Car,Grievious injury,Over speed,Four lanes or more with central divider,Straight road,,Fine,F/R,P.V& AMB,Non injured ,2
05.02.2015,2:30 PM,1193.3,RHS,Rural,Martur,Collision Brush/Side Wipe, Car hit Bike ,Car,Grievious injury,Over speed,Four lanes or more with central divider,Straight road,,Fine,F/R,P.V& AMB,Animals affected,0
06.02.2015,12:30 AM,1274.1,LHS,Rural,Singarayakonda,Rear End Collision, Lorry hit Lorry ,Lorry,Minor injury,Fault of driver of motor vehicle/driver of other vehicle/cyclist/pedestrian/passenger,Four lanes or more with central divider,Straight road,,Fine,AP27X     5566,P.V,Fatal,0
06.02.2015,12:30 AM,1274.1,LHS,Rural,Singarayakonda,Rear End Collision, Lorry hit Lorry ,Lorry,Minor injury,Fault of driver of motor vehicle/driver of other vehicle/cyclist/pedestrian/passenger,Four lanes or more with central divider,Straight road,,Fine,AP27X     5566,P.V,Grevious,0
06.02.2015,12:30 AM,1274.1,LHS,Rural,Singarayakonda,Rear End Collision, Lorry hit Lorry ,Lorry,Minor injury,Fault of driver of motor vehicle/driver of other vehicle/cyclist/pedestrian/passenger,Four lanes or more with central divider,Straight road,,Fine,AP27X     5566,P.V,Minor,1
06.02.2015,12:30 AM,1274.1,LHS,Rural,Singarayakonda,Rear End Collision, Lorry hit Lorry ,Lorry,Minor injury,Fault of driver of motor vehicle/driver of other vehicle/cyclist/pedestrian/passenger,Four lanes or more with central divider,Straight road,,Fine,AP27X     5566,P.V,Non injured ,3
06.02.2015,12:30 AM,1274.1,LHS,Rural,Singarayakonda,Rear End Collision, Lorry hit Lorry ,Lorry,Minor injury,Fault of driver of motor vehicle/driver of other vehicle/cyclist/pedestrian/passenger,Four lanes or more with central divider,Straight road,,Fine,AP27X     5566,P.V,Animals affected,0
06.02.2015,9:05 PM,1342.6,RHS,Rural,Dagadarthi,Collision Brush/Side Wipe,Unknown  Vehicle hit    Pedestrian,Unknown,Fatal,Over speed,Four lanes or more with central divider,Straight road,,Fine,Unknown Vehicle,P.V,Fatal,1
06.02.2015,9:05 PM,1342.6,RHS,Rural,Dagadarthi,Collision Brush/Side Wipe,Unknown  Vehicle hit    Pedestrian,Unknown,Fatal,Over speed,Four lanes or more with central divider,Straight road,,Fine,Unknown Vehicle,P.V,Grevious,0
06.02.2015,9:05 PM,1342.6,RHS,Rural,Dagadarthi,Collision Brush/Side Wipe,Unknown  Vehicle hit    Pedestrian,Unknown,Fatal,Over speed,Four lanes or more with central divider,Straight road,,Fine,Unknown Vehicle,P.V,Minor,0
06.02.2015,9:05 PM,1342.6,RHS,Rural,Dagadarthi,Collision Brush/Side Wipe,Unknown  Vehicle hit    Pedestrian,Unknown,Fatal,Over speed,Four lanes or more with central divider,Straight road,,Fine,Unknown Vehicle,P.V,Non injured ,0
06.02.2015,9:05 PM,1342.6,RHS,Rural,Dagadarthi,Collision Brush/Side Wipe,Unknown  Vehicle hit    Pedestrian,Unknown,Fatal,Over speed,Four lanes or more with central divider,Straight road,,Fine,Unknown Vehicle,P.V,Animals affected,0
06.02.2015,10:30 PM,1207.9,LHS,Rural,Reningavaram,Collision Brush/Side Wipe, Car hit CC Barriers,Car,Non injury,Over speed,Four lanes or more with central divider,Straight road,,Fine,AP16 BA 0511,P.V,Fatal,0
06.02.2015,10:30 PM,1207.9,LHS,Rural,Reningavaram,Collision Brush/Side Wipe, Car hit CC Barriers,Car,Non injury,Over speed,Four lanes or more with central divider,Straight road,,Fine,AP16 BA 0511,P.V,Grevious,0
06.02.2015,10:30 PM,1207.9,LHS,Rural,Reningavaram,Collision Brush/Side Wipe, Car hit CC Barriers,Car,Non injury,Over speed,Four lanes or more with central divider,Straight road,,Fine,AP16 BA 0511,P.V,Minor,0
06.02.2015,10:30 PM,1207.9,LHS,Rural,Reningavaram,Collision Brush/Side Wipe, Car hit CC Barriers,Car,Non injury,Over speed,Four lanes or more with central divider,Straight road,,Fine,AP16 BA 0511,P.V,Non injured ,2
06.02.2015,10:30 PM,1207.9,LHS,Rural,Reningavaram,Collision Brush/Side Wipe, Car hit CC Barriers,Car,Non injury,Over speed,Four lanes or more with central divider,Straight road,,Fine,AP16 BA 0511,P.V,Animals affected,0
07.02.2015,7:15 AM,1239.6,LHS,Rural,Maddipadu,Collision Brush/Side Wipe, Car hit CC Barriers,Car,Non injury,Over speed,Four lanes or more with central divider,Straight road,,Mist/Fog,AP07BE     4226,P.V,Fatal,0
07.02.2015,7:15 AM,1239.6,LHS,Rural,Maddipadu,Collision Brush/Side Wipe, Car hit CC Barriers,Car,Non injury,Over speed,Four lanes or more with central divider,Straight road,,Mist/Fog,AP07BE     4226,P.V,Grevious,0
07.02.2015,7:15 AM,1239.6,LHS,Rural,Maddipadu,Collision Brush/Side Wipe, Car hit CC Barriers,Car,Non injury,Over speed,Four lanes or more with central divider,Straight road,,Mist/Fog,AP07BE     4226,P.V,Minor,0
07.02.2015,7:15 AM,1239.6,LHS,Rural,Maddipadu,Collision Brush/Side Wipe, Car hit CC Barriers,Car,Non injury,Over speed,Four lanes or more with central divider,Straight road,,Mist/Fog,AP07BE     4226,P.V,Non injured ,1
07.02.2015,7:15 AM,1239.6,LHS,Rural,Maddipadu,Collision Brush/Side Wipe, Car hit CC Barriers,Car,Non injury,Over speed,Four lanes or more with central divider,Straight road,,Mist/Fog,AP07BE     4226,P.V,Animals affected,0
07.02.2015,12:50 PM,1268.3,LHS,Rural,Jarugumalli,Collision Brush/Side Wipe,Tractor hit to bike,Tractor,Minor injury,Over speed,Four lanes or more with central divider,Straight road,Four arm junction,Fine,AP27TW 0503,P.V,Fatal,0
07.02.2015,12:50 PM,1268.3,LHS,Rural,Jarugumalli,Collision Brush/Side Wipe,Tractor hit to bike,Tractor,Minor injury,Over speed,Four lanes or more with central divider,Straight road,Four arm junction,Fine,AP27TW 0503,P.V,Grevious,0
07.02.2015,12:50 PM,1268.3,LHS,Rural,Jarugumalli,Collision Brush/Side Wipe,Tractor hit to bike,Tractor,Minor injury,Over speed,Four lanes or more with central divider,Straight road,Four arm junction,Fine,AP27TW 0503,P.V,Minor,1
07.02.2015,12:50 PM,1268.3,LHS,Rural,Jarugumalli,Collision Brush/Side Wipe,Tractor hit to bike,Tractor,Minor injury,Over speed,Four lanes or more with central divider,Straight road,Four arm junction,Fine,AP27TW 0503,P.V,Non injured ,2
07.02.2015,12:50 PM,1268.3,LHS,Rural,Jarugumalli,Collision Brush/Side Wipe,Tractor hit to bike,Tractor,Minor injury,Over speed,Four lanes or more with central divider,Straight road,Four arm junction,Fine,AP27TW 0503,P.V,Animals affected,0
07.02.2015,4:24 PM,1281.4,RHS,Rural,Singarayakonda,Head on collision,Bike hit to Bike,Bike,Grievious injury,Over speed,Four lanes or more with central divider,Straight road,,Fine,AP27AW 2691,P.V&AMB,Fatal,0
07.02.2015,4:24 PM,1281.4,RHS,Rural,Singarayakonda,Head on collision,Bike hit to Bike,Bike,Grievious injury,Over speed,Four lanes or more with central divider,Straight road,,Fine,AP27AW 2691,P.V&AMB,Grevious,1
07.02.2015,4:24 PM,1281.4,RHS,Rural,Singarayakonda,Head on collision,Bike hit to Bike,Bike,Grievious injury,Over speed,Four lanes or more with central divider,Straight road,,Fine,AP27AW 2691,P.V&AMB,Minor,1
07.02.2015,4:24 PM,1281.4,RHS,Rural,Singarayakonda,Head on collision,Bike hit to Bike,Bike,Grievious injury,Over speed,Four lanes or more with central divider,Straight road,,Fine,AP27AW 2691,P.V&AMB,Non injured ,3
07.02.2015,4:24 PM,1281.4,RHS,Rural,Singarayakonda,Head on collision,Bike hit to Bike,Bike,Grievious injury,Over speed,Four lanes or more with central divider,Straight road,,Fine,AP27AW 2691,P.V&AMB,Animals affected,0
07.02.2015,7:55 PM,1343.5,RHS,Rural,Dagadarthi,Rear End Collision,Unknown vehilcle hit to bike,Unknown,Grievious injury,Over speed,Three lanes or more without central divider(median),Straight road,T-Junction,Fine,Unknown vehicle,P.V &(108 AMB),Fatal,0
07.02.2015,7:55 PM,1343.5,RHS,Rural,Dagadarthi,Rear End Collision,Unknown vehilcle hit to bike,Unknown,Grievious injury,Over speed,Three lanes or more without central divider(median),Straight road,T-Junction,Fine,Unknown vehicle,P.V &(108 AMB),Grevious,3
07.02.2015,7:55 PM,1343.5,RHS,Rural,Dagadarthi,Rear End Collision,Unknown vehilcle hit to bike,Unknown,Grievious injury,Over speed,Three lanes or more without central divider(median),Straight road,T-Junction,Fine,Unknown vehicle,P.V &(108 AMB),Minor,0
07.02.2015,7:55 PM,1343.5,RHS,Rural,Dagadarthi,Rear End Collision,Unknown vehilcle hit to bike,Unknown,Grievious injury,Over speed,Three lanes or more without central divider(median),Straight road,T-Junction,Fine,Unknown vehicle,P.V &(108 AMB),Non injured ,0
07.02.2015,7:55 PM,1343.5,RHS,Rural,Dagadarthi,Rear End Collision,Unknown vehilcle hit to bike,Unknown,Grievious injury,Over speed,Three lanes or more without central divider(median),Straight road,T-Junction,Fine,Unknown vehicle,P.V &(108 AMB),Animals affected,0
07.02.2015,9:30 PM,1274,RHS,Rural,Singarayakonda, ,)Lorry hit to Lorry,Lorry,Non injury,Over speed,Four lanes or more with central divider,Straight road,,Fine,AP26Y    8568,P.V,Fatal,0
07.02.2015,9:30 PM,1274,RHS,Rural,Singarayakonda, ,)Lorry hit to Lorry,Lorry,Non injury,Over speed,Four lanes or more with central divider,Straight road,,Fine,AP26Y    8568,P.V,Grevious,0
07.02.2015,9:30 PM,1274,RHS,Rural,Singarayakonda, ,)Lorry hit to Lorry,Lorry,Non injury,Over speed,Four lanes or more with central divider,Straight road,,Fine,AP26Y    8568,P.V,Minor,0
07.02.2015,9:30 PM,1274,RHS,Rural,Singarayakonda, ,)Lorry hit to Lorry,Lorry,Non injury,Over speed,Four lanes or more with central divider,Straight road,,Fine,AP26Y    8568,P.V,Non injured ,2
07.02.2015,9:30 PM,1274,RHS,Rural,Singarayakonda, ,)Lorry hit to Lorry,Lorry,Non injury,Over speed,Four lanes or more with central divider,Straight road,,Fine,AP26Y    8568,P.V,Animals affected,0
08.02.2015,10:40 AM,1188.5,RHS,Rural,Martur,Rear End Collision,Container Vehicle  hit Unknown Vehicle,Container,Non injury,Over speed,Three lanes or more without central divider(median),Straight road,Four arm junction,Fine,NL01L    0068,P.V,Fatal,0
08.02.2015,10:40 AM,1188.5,RHS,Rural,Martur,Rear End Collision,Container Vehicle  hit Unknown Vehicle,Container,Non injury,Over speed,Three lanes or more without central divider(median),Straight road,Four arm junction,Fine,NL01L    0068,P.V,Grevious,0
08.02.2015,10:40 AM,1188.5,RHS,Rural,Martur,Rear End Collision,Container Vehicle  hit Unknown Vehicle,Container,Non injury,Over speed,Three lanes or more without central divider(median),Straight road,Four arm junction,Fine,NL01L    0068,P.V,Minor,0
08.02.2015,10:40 AM,1188.5,RHS,Rural,Martur,Rear End Collision,Container Vehicle  hit Unknown Vehicle,Container,Non injury,Over speed,Three lanes or more without central divider(median),Straight road,Four arm junction,Fine,NL01L    0068,P.V,Non injured ,2
08.02.2015,10:40 AM,1188.5,RHS,Rural,Martur,Rear End Collision,Container Vehicle  hit Unknown Vehicle,Container,Non injury,Over speed,Three lanes or more without central divider(median),Straight road,Four arm junction,Fine,NL01L    0068,P.V,Animals affected,0
09.02.2015,10:55 AM,1188.9,RHS,Rural,Martur,Head on collision,Tata Ace Vehicle hit  Lorry ,Tata Ace,Minor injury,Fault of driver of motor vehicle/driver of other vehicle/cyclist/pedestrian/passenger,Four lanes or more with central divider,Straight road,,Fine,AP27X     7256,P.V,Fatal,0
09.02.2015,10:55 AM,1188.9,RHS,Rural,Martur,Head on collision,Tata Ace Vehicle hit  Lorry ,Tata Ace,Minor injury,Fault of driver of motor vehicle/driver of other vehicle/cyclist/pedestrian/passenger,Four lanes or more with central divider,Straight road,,Fine,AP27X     7256,P.V,Grevious,0
09.02.2015,10:55 AM,1188.9,RHS,Rural,Martur,Head on collision,Tata Ace Vehicle hit  Lorry ,Tata Ace,Minor injury,Fault of driver of motor vehicle/driver of other vehicle/cyclist/pedestrian/passenger,Four lanes or more with central divider,Straight road,,Fine,AP27X     7256,P.V,Minor,1
09.02.2015,10:55 AM,1188.9,RHS,Rural,Martur,Head on collision,Tata Ace Vehicle hit  Lorry ,Tata Ace,Minor injury,Fault of driver of motor vehicle/driver of other vehicle/cyclist/pedestrian/passenger,Four lanes or more with central divider,Straight road,,Fine,AP27X     7256,P.V,Non injured ,2
09.02.2015,10:55 AM,1188.9,RHS,Rural,Martur,Head on collision,Tata Ace Vehicle hit  Lorry ,Tata Ace,Minor injury,Fault of driver of motor vehicle/driver of other vehicle/cyclist/pedestrian/passenger,Four lanes or more with central divider,Straight road,,Fine,AP27X     7256,P.V,Animals affected,0
09.02.2015,8:13 PM,1185.6,RHS,Rural,Martur,Collision Brush/Side Wipe, Bike hit Lorry,Bike,Grievious injury,Over speed,Four lanes or more with central divider,Straight road,Four arm junction,Fine,AP07AM    2846, A.M.B,Fatal,0
09.02.2015,8:13 PM,1185.6,RHS,Rural,Martur,Collision Brush/Side Wipe, Bike hit Lorry,Bike,Grievious injury,Over speed,Four lanes or more with central divider,Straight road,Four arm junction,Fine,AP07AM    2846, A.M.B,Grevious,1
09.02.2015,8:13 PM,1185.6,RHS,Rural,Martur,Collision Brush/Side Wipe, Bike hit Lorry,Bike,Grievious injury,Over speed,Four lanes or more with central divider,Straight road,Four arm junction,Fine,AP07AM    2846, A.M.B,Minor,0
09.02.2015,8:13 PM,1185.6,RHS,Rural,Martur,Collision Brush/Side Wipe, Bike hit Lorry,Bike,Grievious injury,Over speed,Four lanes or more with central divider,Straight road,Four arm junction,Fine,AP07AM    2846, A.M.B,Non injured ,1
09.02.2015,8:13 PM,1185.6,RHS,Rural,Martur,Collision Brush/Side Wipe, Bike hit Lorry,Bike,Grievious injury,Over speed,Four lanes or more with central divider,Straight road,Four arm junction,Fine,AP07AM    2846, A.M.B,Animals affected,0
10.02.2015,1:25 AM,1247.9,LHS,Urban,Ongole,Rear End Collision,  Bus hit to lorry,Bus,Grievious injury,Over speed,Four lanes or more with central divider,Straight road,T-Junction,Fine,AP16TX  5995,                 P.V& A.M.B                      ,Fatal,0
10.02.2015,1:25 AM,1247.9,LHS,Urban,Ongole,Rear End Collision,  Bus hit to lorry,Bus,Grievious injury,Over speed,Four lanes or more with central divider,Straight road,T-Junction,Fine,AP16TX  5995,                 P.V& A.M.B                      ,Grevious,1