Operational date,Time of Accident,KM && M,Position,Rural/Urban,Location,Nature of Accident Position,Nature of Accident,Vehicle Involved,Type of Accident,Causes,Road Feature,Road condition,Intersection Type And Control,Weather Condition,Vehicle Responsible,Help Provided by Ambulance/Patroling Vehicle,Classification of Accident,No of Affected Persons
10.02.2015,1:25 AM,1247.9,LHS,Urban,Ongole,Rear End Collision,  Bus hit to lorry,Bus,Grievious injury,Over speed,Four lanes or more with central divider,Straight road,T-Junction,Fine,AP16TX  5995,                 P.V& A.M.B                      ,Minor,4
10.02.2015,1:25 AM,1247.9,LHS,Urban,Ongole,Rear End Collision,  Bus hit to lorry,Bus,Grievious injury,Over speed,Four lanes or more with central divider,Straight road,T-Junction,Fine,AP16TX  5995,                 P.V& A.M.B                      ,Non injured ,34
10.02.2015,1:25 AM,1247.9,LHS,Urban,Ongole,Rear End Collision,  Bus hit to lorry,Bus,Grievious injury,Over speed,Four lanes or more with central divider,Straight road,T-Junction,Fine,AP16TX  5995,                 P.V& A.M.B                      ,Animals affected,0
10.02.2015,12:28 PM,1185.6,RHS,Rural,Martur,Head on collision, Bike hit Bike,Bike,Grievious injury,Fault of driver of motor vehicle/driver of other vehicle/cyclist/pedestrian/passenger,Four lanes or more with central divider,Straight road,Four arm junction,Fine,AP27AV 5336,P.V,Fatal,0
10.02.2015,12:28 PM,1185.6,RHS,Rural,Martur,Head on collision, Bike hit Bike,Bike,Grievious injury,Fault of driver of motor vehicle/driver of other vehicle/cyclist/pedestrian/passenger,Four lanes or more with central divider,Straight road,Four arm junction,Fine,AP27AV 5336,P.V,Grevious,1
10.02.2015,12:28 PM,1185.6,RHS,Rural,Martur,Head on collision, Bike hit Bike,Bike,Grievious injury,Fault of driver of motor vehicle/driver of other vehicle/cyclist/pedestrian/passenger,Four lanes or more with central divider,Straight road,Four arm junction,Fine,AP27AV 5336,P.V,Minor,0
10.02.2015,12:28 PM,1185.6,RHS,Rural,Martur,Head on collision, Bike hit Bike,Bike,Grievious injury,Fault of driver of motor vehicle/driver of other vehicle/cyclist/pedestrian/passenger,Four lanes or more with central divider,Straight road,Four arm junction,Fine,AP27AV 5336,P.V,Non injured ,0
10.02.2015,12:28 PM,1185.6,RHS,Rural,Martur,Head on collision, Bike hit Bike,Bike,Grievious injury,Fault of driver of motor vehicle/driver of other vehicle/cyclist/pedestrian/passenger,Four lanes or more with central divider,Straight road,Four arm junction,Fine,AP27AV 5336,P.V,Animals affected,0
13.02.2015,1:52 AM,1271.8,RHS,Rural,Jarugumalli,Rear End Collision,Car hit Unknown vehicle,Car,Fatal,Over speed,Four lanes or more with central divider,Straight road,,Fine,AP03AL    5485,P.V,Fatal,1
13.02.2015,1:52 AM,1271.8,RHS,Rural,Jarugumalli,Rear End Collision,Car hit Unknown vehicle,Car,Fatal,Over speed,Four lanes or more with central divider,Straight road,,Fine,AP03AL    5485,P.V,Grevious,2
13.02.2015,1:52 AM,1271.8,RHS,Rural,Jarugumalli,Rear End Collision,Car hit Unknown vehicle,Car,Fatal,Over speed,Four lanes or more with central divider,Straight road,,Fine,AP03AL    5485,P.V,Minor,2
13.02.2015,1:52 AM,1271.8,RHS,Rural,Jarugumalli,Rear End Collision,Car hit Unknown vehicle,Car,Fatal,Over speed,Four lanes or more with central divider,Straight road,,Fine,AP03AL    5485,P.V,Non injured ,0
13.02.2015,1:52 AM,1271.8,RHS,Rural,Jarugumalli,Rear End Collision,Car hit Unknown vehicle,Car,Fatal,Over speed,Four lanes or more with central divider,Straight road,,Fine,AP03AL    5485,P.V,Animals affected,0
14.02.2015,7:20 AM,1252.5,RHS,Rural,Ongole,Rear End Collision, Lorry hit to APSRTC Bus,Lorry,Non injury,Over speed,Four lanes or more with central divider,Straight road,,Fine,KA07    8809,P.V,Fatal,0
14.02.2015,7:20 AM,1252.5,RHS,Rural,Ongole,Rear End Collision, Lorry hit to APSRTC Bus,Lorry,Non injury,Over speed,Four lanes or more with central divider,Straight road,,Fine,KA07    8809,P.V,Grevious,0
14.02.2015,7:20 AM,1252.5,RHS,Rural,Ongole,Rear End Collision, Lorry hit to APSRTC Bus,Lorry,Non injury,Over speed,Four lanes or more with central divider,Straight road,,Fine,KA07    8809,P.V,Minor,0
14.02.2015,7:20 AM,1252.5,RHS,Rural,Ongole,Rear End Collision, Lorry hit to APSRTC Bus,Lorry,Non injury,Over speed,Four lanes or more with central divider,Straight road,,Fine,KA07    8809,P.V,Non injured ,20
14.02.2015,7:20 AM,1252.5,RHS,Rural,Ongole,Rear End Collision, Lorry hit to APSRTC Bus,Lorry,Non injury,Over speed,Four lanes or more with central divider,Straight road,,Fine,KA07    8809,P.V,Animals affected,0
14.02.2015,7:48 AM,1365.2,LHS,Rural,Kovuru,Rear End Collision,  Lorry hit toCar ,Lorry,Non injury,Over speed,Four lanes or more with central divider,Straight road,,Fine,AP16TV    2175,                 P.V                     ,Fatal,0
14.02.2015,7:48 AM,1365.2,LHS,Rural,Kovuru,Rear End Collision,  Lorry hit toCar ,Lorry,Non injury,Over speed,Four lanes or more with central divider,Straight road,,Fine,AP16TV    2175,                 P.V                     ,Grevious,0
14.02.2015,7:48 AM,1365.2,LHS,Rural,Kovuru,Rear End Collision,  Lorry hit toCar ,Lorry,Non injury,Over speed,Four lanes or more with central divider,Straight road,,Fine,AP16TV    2175,                 P.V                     ,Minor,0
14.02.2015,7:48 AM,1365.2,LHS,Rural,Kovuru,Rear End Collision,  Lorry hit toCar ,Lorry,Non injury,Over speed,Four lanes or more with central divider,Straight road,,Fine,AP16TV    2175,                 P.V                     ,Non injured ,1
14.02.2015,7:48 AM,1365.2,LHS,Rural,Kovuru,Rear End Collision,  Lorry hit toCar ,Lorry,Non injury,Over speed,Four lanes or more with central divider,Straight road,,Fine,AP16TV    2175,                 P.V                     ,Animals affected,0
15.02.2015,10:39 AM,1259.3,LHS,Rural,Tangutur,Collision Brush/Side Wipe, Car hit to pedestrian,Car,Grievious injury,Over speed,Four lanes or more with central divider,Straight road,,Fine,AP07AZ 0077,A.M.B,Fatal,0
15.02.2015,10:39 AM,1259.3,LHS,Rural,Tangutur,Collision Brush/Side Wipe, Car hit to pedestrian,Car,Grievious injury,Over speed,Four lanes or more with central divider,Straight road,,Fine,AP07AZ 0077,A.M.B,Grevious,1
15.02.2015,10:39 AM,1259.3,LHS,Rural,Tangutur,Collision Brush/Side Wipe, Car hit to pedestrian,Car,Grievious injury,Over speed,Four lanes or more with central divider,Straight road,,Fine,AP07AZ 0077,A.M.B,Minor,0
15.02.2015,10:39 AM,1259.3,LHS,Rural,Tangutur,Collision Brush/Side Wipe, Car hit to pedestrian,Car,Grievious injury,Over speed,Four lanes or more with central divider,Straight road,,Fine,AP07AZ 0077,A.M.B,Non injured ,1
15.02.2015,10:39 AM,1259.3,LHS,Rural,Tangutur,Collision Brush/Side Wipe, Car hit to pedestrian,Car,Grievious injury,Over speed,Four lanes or more with central divider,Straight road,,Fine,AP07AZ 0077,A.M.B,Animals affected,0
16.02.2015,3:30 AM,1187,RHS,Rural,Martur,Collision Brush/Side Wipe, unknown vehicle hit to pedestrian,unknown,Fatal,Over speed,Four lanes or more with central divider,Straight road,,Fine,Unknown vehicle,P.V,Fatal,1
16.02.2015,3:30 AM,1187,RHS,Rural,Martur,Collision Brush/Side Wipe, unknown vehicle hit to pedestrian,unknown,Fatal,Over speed,Four lanes or more with central divider,Straight road,,Fine,Unknown vehicle,P.V,Grevious,0
16.02.2015,3:30 AM,1187,RHS,Rural,Martur,Collision Brush/Side Wipe, unknown vehicle hit to pedestrian,unknown,Fatal,Over speed,Four lanes or more with central divider,Straight road,,Fine,Unknown vehicle,P.V,Minor,0
16.02.2015,3:30 AM,1187,RHS,Rural,Martur,Collision Brush/Side Wipe, unknown vehicle hit to pedestrian,unknown,Fatal,Over speed,Four lanes or more with central divider,Straight road,,Fine,Unknown vehicle,P.V,Non injured ,0
16.02.2015,3:30 AM,1187,RHS,Rural,Martur,Collision Brush/Side Wipe, unknown vehicle hit to pedestrian,unknown,Fatal,Over speed,Four lanes or more with central divider,Straight road,,Fine,Unknown vehicle,P.V,Animals affected,0
17.02.2015,9:30 AM,1341.3,RHS,Rural,Dagadarthi,Rear End Collision, Container hit  to Car ,Container,Non injury,Fault of driver of motor vehicle/driver of other vehicle/cyclist/pedestrian/passenger,Four lanes or more with central divider,Straight road,,Fine,UK06CA 6122,P.V,Fatal,0
17.02.2015,9:30 AM,1341.3,RHS,Rural,Dagadarthi,Rear End Collision, Container hit  to Car ,Container,Non injury,Fault of driver of motor vehicle/driver of other vehicle/cyclist/pedestrian/passenger,Four lanes or more with central divider,Straight road,,Fine,UK06CA 6122,P.V,Grevious,0
17.02.2015,9:30 AM,1341.3,RHS,Rural,Dagadarthi,Rear End Collision, Container hit  to Car ,Container,Non injury,Fault of driver of motor vehicle/driver of other vehicle/cyclist/pedestrian/passenger,Four lanes or more with central divider,Straight road,,Fine,UK06CA 6122,P.V,Minor,0
17.02.2015,9:30 AM,1341.3,RHS,Rural,Dagadarthi,Rear End Collision, Container hit  to Car ,Container,Non injury,Fault of driver of motor vehicle/driver of other vehicle/cyclist/pedestrian/passenger,Four lanes or more with central divider,Straight road,,Fine,UK06CA 6122,P.V,Non injured ,5
17.02.2015,9:30 AM,1341.3,RHS,Rural,Dagadarthi,Rear End Collision, Container hit  to Car ,Container,Non injury,Fault of driver of motor vehicle/driver of other vehicle/cyclist/pedestrian/passenger,Four lanes or more with central divider,Straight road,,Fine,UK06CA 6122,P.V,Animals affected,0
17.02.2015,11:48 AM,1252.5,RHS,Rural,Ongole,Rear End Collision, Tata Ace Truck  Vehicle hit to  Car ,Tata Ace,Non injury,Over speed,Four lanes or more with central divider,Straight road,,Fine,AP07BJ   1826,P.V,Fatal,0
17.02.2015,11:48 AM,1252.5,RHS,Rural,Ongole,Rear End Collision, Tata Ace Truck  Vehicle hit to  Car ,Tata Ace,Non injury,Over speed,Four lanes or more with central divider,Straight road,,Fine,AP07BJ   1826,P.V,Grevious,0
17.02.2015,11:48 AM,1252.5,RHS,Rural,Ongole,Rear End Collision, Tata Ace Truck  Vehicle hit to  Car ,Tata Ace,Non injury,Over speed,Four lanes or more with central divider,Straight road,,Fine,AP07BJ   1826,P.V,Minor,0
17.02.2015,11:48 AM,1252.5,RHS,Rural,Ongole,Rear End Collision, Tata Ace Truck  Vehicle hit to  Car ,Tata Ace,Non injury,Over speed,Four lanes or more with central divider,Straight road,,Fine,AP07BJ   1826,P.V,Non injured ,4
17.02.2015,11:48 AM,1252.5,RHS,Rural,Ongole,Rear End Collision, Tata Ace Truck  Vehicle hit to  Car ,Tata Ace,Non injury,Over speed,Four lanes or more with central divider,Straight road,,Fine,AP07BJ   1826,P.V,Animals affected,0
18.02.2015,7:00 AM,1199.5,RHS,Rural,Reningavaram,Skidding,Bike Skidding,Bike,Minor injury,Over speed,Four lanes or more with central divider,Straight road,,Fine,AP24L     5473,P.V& A.M.B,Fatal,0
18.02.2015,7:00 AM,1199.5,RHS,Rural,Reningavaram,Skidding,Bike Skidding,Bike,Minor injury,Over speed,Four lanes or more with central divider,Straight road,,Fine,AP24L     5473,P.V& A.M.B,Grevious,0
18.02.2015,7:00 AM,1199.5,RHS,Rural,Reningavaram,Skidding,Bike Skidding,Bike,Minor injury,Over speed,Four lanes or more with central divider,Straight road,,Fine,AP24L     5473,P.V& A.M.B,Minor,2
18.02.2015,7:00 AM,1199.5,RHS,Rural,Reningavaram,Skidding,Bike Skidding,Bike,Minor injury,Over speed,Four lanes or more with central divider,Straight road,,Fine,AP24L     5473,P.V& A.M.B,Non injured ,0
18.02.2015,7:00 AM,1199.5,RHS,Rural,Reningavaram,Skidding,Bike Skidding,Bike,Minor injury,Over speed,Four lanes or more with central divider,Straight road,,Fine,AP24L     5473,P.V& A.M.B,Animals affected,0
18.02.2015,5:07 PM,1256.9,RHS,Rural,Tangutur,Collision Brush/Side Wipe, Bolero pikup Van hit Pedestrian,Car,Grievious injury,Over speed,Four lanes or more with central divider,Straight road,,Fine,AP27TX   1475,P.V& A.M.B,Fatal,0
18.02.2015,5:07 PM,1256.9,RHS,Rural,Tangutur,Collision Brush/Side Wipe, Bolero pikup Van hit Pedestrian,Car,Grievious injury,Over speed,Four lanes or more with central divider,Straight road,,Fine,AP27TX   1475,P.V& A.M.B,Grevious,1
18.02.2015,5:07 PM,1256.9,RHS,Rural,Tangutur,Collision Brush/Side Wipe, Bolero pikup Van hit Pedestrian,Car,Grievious injury,Over speed,Four lanes or more with central divider,Straight road,,Fine,AP27TX   1475,P.V& A.M.B,Minor,0
18.02.2015,5:07 PM,1256.9,RHS,Rural,Tangutur,Collision Brush/Side Wipe, Bolero pikup Van hit Pedestrian,Car,Grievious injury,Over speed,Four lanes or more with central divider,Straight road,,Fine,AP27TX   1475,P.V& A.M.B,Non injured ,1
18.02.2015,5:07 PM,1256.9,RHS,Rural,Tangutur,Collision Brush/Side Wipe, Bolero pikup Van hit Pedestrian,Car,Grievious injury,Over speed,Four lanes or more with central divider,Straight road,,Fine,AP27TX   1475,P.V& A.M.B,Animals affected,0
19.02.2015,2:20 AM,1346.9,RHS,Rural,Dagadarthi,Collision Brush/Side Wipe,Unknown  Vehicle hit    Pedestrian,Unknown,Fatal,Over speed,Four lanes or more with central divider,Straight road,,Fine,Unknown Vehicle,P.V,Fatal,1
19.02.2015,2:20 AM,1346.9,RHS,Rural,Dagadarthi,Collision Brush/Side Wipe,Unknown  Vehicle hit    Pedestrian,Unknown,Fatal,Over speed,Four lanes or more with central divider,Straight road,,Fine,Unknown Vehicle,P.V,Grevious,0
19.02.2015,2:20 AM,1346.9,RHS,Rural,Dagadarthi,Collision Brush/Side Wipe,Unknown  Vehicle hit    Pedestrian,Unknown,Fatal,Over speed,Four lanes or more with central divider,Straight road,,Fine,Unknown Vehicle,P.V,Minor,0
19.02.2015,2:20 AM,1346.9,RHS,Rural,Dagadarthi,Collision Brush/Side Wipe,Unknown  Vehicle hit    Pedestrian,Unknown,Fatal,Over speed,Four lanes or more with central divider,Straight road,,Fine,Unknown Vehicle,P.V,Non injured ,0
19.02.2015,2:20 AM,1346.9,RHS,Rural,Dagadarthi,Collision Brush/Side Wipe,Unknown  Vehicle hit    Pedestrian,Unknown,Fatal,Over speed,Four lanes or more with central divider,Straight road,,Fine,Unknown Vehicle,P.V,Animals affected,0
19.02.2015,4:45 AM,1201.3,RHS,Rural,Reningavaram,Rear End Collision,Lorry  hit Unknown Vehicle,Lorry,Non injury,Over speed,Four lanes or more with central divider,Straight road,,Fine,OR01S    4575,P.V,Fatal,0
19.02.2015,4:45 AM,1201.3,RHS,Rural,Reningavaram,Rear End Collision,Lorry  hit Unknown Vehicle,Lorry,Non injury,Over speed,Four lanes or more with central divider,Straight road,,Fine,OR01S    4575,P.V,Grevious,0
19.02.2015,4:45 AM,1201.3,RHS,Rural,Reningavaram,Rear End Collision,Lorry  hit Unknown Vehicle,Lorry,Non injury,Over speed,Four lanes or more with central divider,Straight road,,Fine,OR01S    4575,P.V,Minor,0
19.02.2015,4:45 AM,1201.3,RHS,Rural,Reningavaram,Rear End Collision,Lorry  hit Unknown Vehicle,Lorry,Non injury,Over speed,Four lanes or more with central divider,Straight road,,Fine,OR01S    4575,P.V,Non injured ,2
19.02.2015,4:45 AM,1201.3,RHS,Rural,Reningavaram,Rear End Collision,Lorry  hit Unknown Vehicle,Lorry,Non injury,Over speed,Four lanes or more with central divider,Straight road,,Fine,OR01S    4575,P.V,Animals affected,0
19.02.2015,9:23 AM,1193.4,LHS,Rural,Martur,Rear End Collision,Lorry  hit Water tanker,Lorry,Grievious injury,Over speed,Four lanes or more with central divider,Straight road,,Fine,TN47S    5134,P.V& A.M.B,Fatal,0
19.02.2015,9:23 AM,1193.4,LHS,Rural,Martur,Rear End Collision,Lorry  hit Water tanker,Lorry,Grievious injury,Over speed,Four lanes or more with central divider,Straight road,,Fine,TN47S    5134,P.V& A.M.B,Grevious,1
19.02.2015,9:23 AM,1193.4,LHS,Rural,Martur,Rear End Collision,Lorry  hit Water tanker,Lorry,Grievious injury,Over speed,Four lanes or more with central divider,Straight road,,Fine,TN47S    5134,P.V& A.M.B,Minor,0
19.02.2015,9:23 AM,1193.4,LHS,Rural,Martur,Rear End Collision,Lorry  hit Water tanker,Lorry,Grievious injury,Over speed,Four lanes or more with central divider,Straight road,,Fine,TN47S    5134,P.V& A.M.B,Non injured ,1
19.02.2015,9:23 AM,1193.4,LHS,Rural,Martur,Rear End Collision,Lorry  hit Water tanker,Lorry,Grievious injury,Over speed,Four lanes or more with central divider,Straight road,,Fine,TN47S    5134,P.V& A.M.B,Animals affected,0
21.02.2015,3:00 AM,1362.9,LHS,Rural,Kovuru,Overturning,Lorry Overturned,Lorry,Non injury,Fault of driver of motor vehicle/driver of other vehicle/cyclist/pedestrian/passenger,Four lanes or more with central divider,Straight road,,Fine,AP31Y    0747,P.V,Fatal,0
21.02.2015,3:00 AM,1362.9,LHS,Rural,Kovuru,Overturning,Lorry Overturned,Lorry,Non injury,Fault of driver of motor vehicle/driver of other vehicle/cyclist/pedestrian/passenger,Four lanes or more with central divider,Straight road,,Fine,AP31Y    0747,P.V,Grevious,0
21.02.2015,3:00 AM,1362.9,LHS,Rural,Kovuru,Overturning,Lorry Overturned,Lorry,Non injury,Fault of driver of motor vehicle/driver of other vehicle/cyclist/pedestrian/passenger,Four lanes or more with central divider,Straight road,,Fine,AP31Y    0747,P.V,Minor,0
21.02.2015,3:00 AM,1362.9,LHS,Rural,Kovuru,Overturning,Lorry Overturned,Lorry,Non injury,Fault of driver of motor vehicle/driver of other vehicle/cyclist/pedestrian/passenger,Four lanes or more with central divider,Straight road,,Fine,AP31Y    0747,P.V,Non injured ,2
21.02.2015,3:00 AM,1362.9,LHS,Rural,Kovuru,Overturning,Lorry Overturned,Lorry,Non injury,Fault of driver of motor vehicle/driver of other vehicle/cyclist/pedestrian/passenger,Four lanes or more with central divider,Straight road,,Fine,AP31Y    0747,P.V,Animals affected,0
21.02.2015,5:50 AM,1273.6,LHS,Rural,Singarayakonda,Rear End Collision,Lorry  hit VUP Bridge Wall,Lorry,Non injury,Fault of driver of motor vehicle/driver of other vehicle/cyclist/pedestrian/passenger,Four lanes or more with central divider,Straight road,,Fine,AP07TA  6239,P.V,Fatal,0
21.02.2015,5:50 AM,1273.6,LHS,Rural,Singarayakonda,Rear End Collision,Lorry  hit VUP Bridge Wall,Lorry,Non injury,Fault of driver of motor vehicle/driver of other vehicle/cyclist/pedestrian/passenger,Four lanes or more with central divider,Straight road,,Fine,AP07TA  6239,P.V,Grevious,0
21.02.2015,5:50 AM,1273.6,LHS,Rural,Singarayakonda,Rear End Collision,Lorry  hit VUP Bridge Wall,Lorry,Non injury,Fault of driver of motor vehicle/driver of other vehicle/cyclist/pedestrian/passenger,Four lanes or more with central divider,Straight road,,Fine,AP07TA  6239,P.V,Minor,0
21.02.2015,5:50 AM,1273.6,LHS,Rural,Singarayakonda,Rear End Collision,Lorry  hit VUP Bridge Wall,Lorry,Non injury,Fault of driver of motor vehicle/driver of other vehicle/cyclist/pedestrian/passenger,Four lanes or more with central divider,Straight road,,Fine,AP07TA  6239,P.V,Non injured ,1
21.02.2015,5:50 AM,1273.6,LHS,Rural,Singarayakonda,Rear End Collision,Lorry  hit VUP Bridge Wall,Lorry,Non injury,Fault of driver of motor vehicle/driver of other vehicle/cyclist/pedestrian/passenger,Four lanes or more with central divider,Straight road,,Fine,AP07TA  6239,P.V,Animals affected,0
22.02.2015,1:15 AM,1255.4,RHS,Rural,Tangutur,Collision Brush/Side Wipe, Car hit Unknown Vehicle,Car,Non injury,Over speed,Four lanes or more with central divider,Straight road,,Fine,AP27AS   3006,P.V,Fatal,0
22.02.2015,1:15 AM,1255.4,RHS,Rural,Tangutur,Collision Brush/Side Wipe, Car hit Unknown Vehicle,Car,Non injury,Over speed,Four lanes or more with central divider,Straight road,,Fine,AP27AS   3006,P.V,Grevious,0
22.02.2015,1:15 AM,1255.4,RHS,Rural,Tangutur,Collision Brush/Side Wipe, Car hit Unknown Vehicle,Car,Non injury,Over speed,Four lanes or more with central divider,Straight road,,Fine,AP27AS   3006,P.V,Minor,0
22.02.2015,1:15 AM,1255.4,RHS,Rural,Tangutur,Collision Brush/Side Wipe, Car hit Unknown Vehicle,Car,Non injury,Over speed,Four lanes or more with central divider,Straight road,,Fine,AP27AS   3006,P.V,Non injured ,2
22.02.2015,1:15 AM,1255.4,RHS,Rural,Tangutur,Collision Brush/Side Wipe, Car hit Unknown Vehicle,Car,Non injury,Over speed,Four lanes or more with central divider,Straight road,,Fine,AP27AS   3006,P.V,Animals affected,0
22.02.2015,3:15 AM,1233.3,LHS,Rural,Maddipadu,Collision Brush/Side Wipe, Lorry hit Lorry,Lorry,Non injury,Vehicle out of control,Four lanes or more with central divider,Straight road,,Fine,AP27TW 2277,P.V,Fatal,0
22.02.2015,3:15 AM,1233.3,LHS,Rural,Maddipadu,Collision Brush/Side Wipe, Lorry hit Lorry,Lorry,Non injury,Vehicle out of control,Four lanes or more with central divider,Straight road,,Fine,AP27TW 2277,P.V,Grevious,0
22.02.2015,3:15 AM,1233.3,LHS,Rural,Maddipadu,Collision Brush/Side Wipe, Lorry hit Lorry,Lorry,Non injury,Vehicle out of control,Four lanes or more with central divider,Straight road,,Fine,AP27TW 2277,P.V,Minor,0
22.02.2015,3:15 AM,1233.3,LHS,Rural,Maddipadu,Collision Brush/Side Wipe, Lorry hit Lorry,Lorry,Non injury,Vehicle out of control,Four lanes or more with central divider,Straight road,,Fine,AP27TW 2277,P.V,Non injured ,4
22.02.2015,3:15 AM,1233.3,LHS,Rural,Maddipadu,Collision Brush/Side Wipe, Lorry hit Lorry,Lorry,Non injury,Vehicle out of control,Four lanes or more with central divider,Straight road,,Fine,AP27TW 2277,P.V,Animals affected,0
22.02.2015,5:45 PM,1262,LHS,Rural,Tangutur,Collision Brush/Side Wipe, Bike hit Bridge - Wall,Bike,Fatal,Druken,Four lanes or more with central divider,Straight road,,Fine,AP27BB   4986,"P.V,Ongole 108 ",Fatal,1
22.02.2015,5:45 PM,1262,LHS,Rural,Tangutur,Collision Brush/Side Wipe, Bike hit Bridge - Wall,Bike,Fatal,Druken,Four lanes or more with central divider,Straight road,,Fine,AP27BB   4986,"P.V,Ongole 108 ",Grevious,0
22.02.2015,5:45 PM,1262,LHS,Rural,Tangutur,Collision Brush/Side Wipe, Bike hit Bridge - Wall,Bike,Fatal,Druken,Four lanes or more with central divider,Straight road,,Fine,AP27BB   4986,"P.V,Ongole 108 ",Minor,2
22.02.2015,5:45 PM,1262,LHS,Rural,Tangutur,Collision Brush/Side Wipe, Bike hit Bridge - Wall,Bike,Fatal,Druken,Four lanes or more with central divider,Straight road,,Fine,AP27BB   4986,"P.V,Ongole 108 ",Non injured ,0
22.02.2015,5:45 PM,1262,LHS,Rural,Tangutur,Collision Brush/Side Wipe, Bike hit Bridge - Wall,Bike,Fatal,Druken,Four lanes or more with central divider,Straight road,,Fine,AP27BB   4986,"P.V,Ongole 108 ",Animals affected,0
22.02.2015,8:15 PM,1307.2,RHS,Rural,Gudluru,Rear End Collision, Car hit Unknown Vehicle,Car,Non injury,Over speed,Four lanes or more with central divider,Straight road,,Fine,AP28BP   7471,P.V,Fatal,0
22.02.2015,8:15 PM,1307.2,RHS,Rural,Gudluru,Rear End Collision, Car hit Unknown Vehicle,Car,Non injury,Over speed,Four lanes or more with central divider,Straight road,,Fine,AP28BP   7471,P.V,Grevious,0
22.02.2015,8:15 PM,1307.2,RHS,Rural,Gudluru,Rear End Collision, Car hit Unknown Vehicle,Car,Non injury,Over speed,Four lanes or more with central divider,Straight road,,Fine,AP28BP   7471,P.V,Minor,0
22.02.2015,8:15 PM,1307.2,RHS,Rural,Gudluru,Rear End Collision, Car hit Unknown Vehicle,Car,Non injury,Over speed,Four lanes or more with central divider,Straight road,,Fine,AP28BP   7471,P.V,Non injured ,4
22.02.2015,8:15 PM,1307.2,RHS,Rural,Gudluru,Rear End Collision, Car hit Unknown Vehicle,Car,Non injury,Over speed,Four lanes or more with central divider,Straight road,,Fine,AP28BP   7471,P.V,Animals affected,0
22.02.2015,10:45 PM,1247.9,LHS,Urban,Ongole,Rear End Collision, Lorry hit APSRTC Bus,Lorry,Minor injury,Over speed,Four lanes or more with central divider,Straight road,T-Junction,Fine,TN28AC 3393,"P.V,AMB & Ongole 108",Fatal,0
22.02.2015,10:45 PM,1247.9,LHS,Urban,Ongole,Rear End Collision, Lorry hit APSRTC Bus,Lorry,Minor injury,Over speed,Four lanes or more with central divider,Straight road,T-Junction,Fine,TN28AC 3393,"P.V,AMB & Ongole 108",Grevious,0
22.02.2015,10:45 PM,1247.9,LHS,Urban,Ongole,Rear End Collision, Lorry hit APSRTC Bus,Lorry,Minor injury,Over speed,Four lanes or more with central divider,Straight road,T-Junction,Fine,TN28AC 3393,"P.V,AMB & Ongole 108",Minor,7
22.02.2015,10:45 PM,1247.9,LHS,Urban,Ongole,Rear End Collision, Lorry hit APSRTC Bus,Lorry,Minor injury,Over speed,Four lanes or more with central divider,Straight road,T-Junction,Fine,TN28AC 3393,"P.V,AMB & Ongole 108",Non injured ,38
22.02.2015,10:45 PM,1247.9,LHS,Urban,Ongole,Rear End Collision, Lorry hit APSRTC Bus,Lorry,Minor injury,Over speed,Four lanes or more with central divider,Straight road,T-Junction,Fine,TN28AC 3393,"P.V,AMB & Ongole 108",Animals affected,0
23.02.2015,5:20 PM,1296.2,LHS,Rural,Ulavapadu,Rear End Collision, Car hit to water tanker,Car,Non injury,Over speed,Four lanes or more with central divider,Straight road,,Fine,AP26AU  4279,P.V,Fatal,0
23.02.2015,5:20 PM,1296.2,LHS,Rural,Ulavapadu,Rear End Collision, Car hit to water tanker,Car,Non injury,Over speed,Four lanes or more with central divider,Straight road,,Fine,AP26AU  4279,P.V,Grevious,0
23.02.2015,5:20 PM,1296.2,LHS,Rural,Ulavapadu,Rear End Collision, Car hit to water tanker,Car,Non injury,Over speed,Four lanes or more with central divider,Straight road,,Fine,AP26AU  4279,P.V,Minor,0
23.02.2015,5:20 PM,1296.2,LHS,Rural,Ulavapadu,Rear End Collision, Car hit to water tanker,Car,Non injury,Over speed,Four lanes or more with central divider,Straight road,,Fine,AP26AU  4279,P.V,Non injured ,3
23.02.2015,5:20 PM,1296.2,LHS,Rural,Ulavapadu,Rear End Collision, Car hit to water tanker,Car,Non injury,Over speed,Four lanes or more with central divider,Straight road,,Fine,AP26AU  4279,P.V,Animals affected,0
25.02.2015,5:40 AM,1229.5,RHS,Rural,Maddipadu,Rear End Collision, Unknown Vehicle hit Ape Auto,Unknown,Grievious injury,Over speed,Three lanes or more without central divider(median),Straight road,T-Junction,Fine,AP27TU  6278,P.V,Fatal,0
25.02.2015,5:40 AM,1229.5,RHS,Rural,Maddipadu,Rear End Collision, Unknown Vehicle hit Ape Auto,Unknown,Grievious injury,Over speed,Three lanes or more without central divider(median),Straight road,T-Junction,Fine,AP27TU  6278,P.V,Grevious,3
25.02.2015,5:40 AM,1229.5,RHS,Rural,Maddipadu,Rear End Collision, Unknown Vehicle hit Ape Auto,Unknown,Grievious injury,Over speed,Three lanes or more without central divider(median),Straight road,T-Junction,Fine,AP27TU  6278,P.V,Minor,1
25.02.2015,5:40 AM,1229.5,RHS,Rural,Maddipadu,Rear End Collision, Unknown Vehicle hit Ape Auto,Unknown,Grievious injury,Over speed,Three lanes or more without central divider(median),Straight road,T-Junction,Fine,AP27TU  6278,P.V,Non injured ,0
25.02.2015,5:40 AM,1229.5,RHS,Rural,Maddipadu,Rear End Collision, Unknown Vehicle hit Ape Auto,Unknown,Grievious injury,Over speed,Three lanes or more without central divider(median),Straight road,T-Junction,Fine,AP27TU  6278,P.V,Animals affected,0
25.02.2015,5:55 AM,1230,LHS,Rural,Maddipadu,Collision Brush/Side Wipe, Tanker hit Unknown Vehicle,Tanker,Non injury,Over speed,Three lanes or more without central divider(median),Straight road,T-Junction,Fine,AP16TY  0281,P.V,Fatal,0