Operational date,Time of Accident,KM && M,Position,Rural/Urban,Location,Nature of Accident Position,Nature of Accident,Vehicle Involved,Type of Accident,Causes,Road Feature,Road condition,Intersection Type And Control,Weather Condition,Vehicle Responsible,Help Provided by Ambulance/Patroling Vehicle,Classification of Accident,No of Affected Persons
25.02.2015,5:55 AM,1230,LHS,Rural,Maddipadu,Collision Brush/Side Wipe, Tanker hit Unknown Vehicle,Tanker,Non injury,Over speed,Three lanes or more without central divider(median),Straight road,T-Junction,Fine,AP16TY  0281,P.V,Grevious,0
25.02.2015,5:55 AM,1230,LHS,Rural,Maddipadu,Collision Brush/Side Wipe, Tanker hit Unknown Vehicle,Tanker,Non injury,Over speed,Three lanes or more without central divider(median),Straight road,T-Junction,Fine,AP16TY  0281,P.V,Minor,0
25.02.2015,5:55 AM,1230,LHS,Rural,Maddipadu,Collision Brush/Side Wipe, Tanker hit Unknown Vehicle,Tanker,Non injury,Over speed,Three lanes or more without central divider(median),Straight road,T-Junction,Fine,AP16TY  0281,P.V,Non injured ,2
25.02.2015,5:55 AM,1230,LHS,Rural,Maddipadu,Collision Brush/Side Wipe, Tanker hit Unknown Vehicle,Tanker,Non injury,Over speed,Three lanes or more without central divider(median),Straight road,T-Junction,Fine,AP16TY  0281,P.V,Animals affected,0
25.02.2015,12:10 PM,1325.2,LHS,Rural,Kavali,Rear End Collision, Car hit         Auto,Car,Grievious injury,Over speed,Four lanes or more with central divider,Straight road,,Fine,TN58W    8075,P.V& A.M.B,Fatal,0
25.02.2015,12:10 PM,1325.2,LHS,Rural,Kavali,Rear End Collision, Car hit         Auto,Car,Grievious injury,Over speed,Four lanes or more with central divider,Straight road,,Fine,TN58W    8075,P.V& A.M.B,Grevious,3
25.02.2015,12:10 PM,1325.2,LHS,Rural,Kavali,Rear End Collision, Car hit         Auto,Car,Grievious injury,Over speed,Four lanes or more with central divider,Straight road,,Fine,TN58W    8075,P.V& A.M.B,Minor,8
25.02.2015,12:10 PM,1325.2,LHS,Rural,Kavali,Rear End Collision, Car hit         Auto,Car,Grievious injury,Over speed,Four lanes or more with central divider,Straight road,,Fine,TN58W    8075,P.V& A.M.B,Non injured ,0
25.02.2015,12:10 PM,1325.2,LHS,Rural,Kavali,Rear End Collision, Car hit         Auto,Car,Grievious injury,Over speed,Four lanes or more with central divider,Straight road,,Fine,TN58W    8075,P.V& A.M.B,Animals affected,0
25.02.2015,1:01 PM,1260.3,RHS,Rural,Tangutur,Collision Brush/Side Wipe, Car hit Car,Car,Non injury,Over speed,Four lanes or more with central divider,Straight road,,Fine,AP03AA          3969,P.V,Fatal,0
25.02.2015,1:01 PM,1260.3,RHS,Rural,Tangutur,Collision Brush/Side Wipe, Car hit Car,Car,Non injury,Over speed,Four lanes or more with central divider,Straight road,,Fine,AP03AA          3969,P.V,Grevious,0
25.02.2015,1:01 PM,1260.3,RHS,Rural,Tangutur,Collision Brush/Side Wipe, Car hit Car,Car,Non injury,Over speed,Four lanes or more with central divider,Straight road,,Fine,AP03AA          3969,P.V,Minor,0
25.02.2015,1:01 PM,1260.3,RHS,Rural,Tangutur,Collision Brush/Side Wipe, Car hit Car,Car,Non injury,Over speed,Four lanes or more with central divider,Straight road,,Fine,AP03AA          3969,P.V,Non injured ,4
25.02.2015,1:01 PM,1260.3,RHS,Rural,Tangutur,Collision Brush/Side Wipe, Car hit Car,Car,Non injury,Over speed,Four lanes or more with central divider,Straight road,,Fine,AP03AA          3969,P.V,Animals affected,0
26.02.2015,10:43 AM,1241.2,RHS,Rural,Ongole,Collision Brush/Side Wipe, Car hit        Lorry,Car,Non injury,Over speed,Four lanes or more with central divider,Straight road,,Fine,GJ23A     5557,P.V,Fatal,0
26.02.2015,10:43 AM,1241.2,RHS,Rural,Ongole,Collision Brush/Side Wipe, Car hit        Lorry,Car,Non injury,Over speed,Four lanes or more with central divider,Straight road,,Fine,GJ23A     5557,P.V,Grevious,0
26.02.2015,10:43 AM,1241.2,RHS,Rural,Ongole,Collision Brush/Side Wipe, Car hit        Lorry,Car,Non injury,Over speed,Four lanes or more with central divider,Straight road,,Fine,GJ23A     5557,P.V,Minor,0
26.02.2015,10:43 AM,1241.2,RHS,Rural,Ongole,Collision Brush/Side Wipe, Car hit        Lorry,Car,Non injury,Over speed,Four lanes or more with central divider,Straight road,,Fine,GJ23A     5557,P.V,Non injured ,5
26.02.2015,10:43 AM,1241.2,RHS,Rural,Ongole,Collision Brush/Side Wipe, Car hit        Lorry,Car,Non injury,Over speed,Four lanes or more with central divider,Straight road,,Fine,GJ23A     5557,P.V,Animals affected,0
26.02.2015,7:38 PM,1222.3,LHS,Rural,Medarametla,Head on collision, TVS XL Moped hit Bike,Bike,Grievious injury,Over speed,Four lanes or more with central divider,Straight road,,Fine,AP27CA  2789,P.V& A.M.B,Fatal,0
26.02.2015,7:38 PM,1222.3,LHS,Rural,Medarametla,Head on collision, TVS XL Moped hit Bike,Bike,Grievious injury,Over speed,Four lanes or more with central divider,Straight road,,Fine,AP27CA  2789,P.V& A.M.B,Grevious,1
26.02.2015,7:38 PM,1222.3,LHS,Rural,Medarametla,Head on collision, TVS XL Moped hit Bike,Bike,Grievious injury,Over speed,Four lanes or more with central divider,Straight road,,Fine,AP27CA  2789,P.V& A.M.B,Minor,1
26.02.2015,7:38 PM,1222.3,LHS,Rural,Medarametla,Head on collision, TVS XL Moped hit Bike,Bike,Grievious injury,Over speed,Four lanes or more with central divider,Straight road,,Fine,AP27CA  2789,P.V& A.M.B,Non injured ,0
26.02.2015,7:38 PM,1222.3,LHS,Rural,Medarametla,Head on collision, TVS XL Moped hit Bike,Bike,Grievious injury,Over speed,Four lanes or more with central divider,Straight road,,Fine,AP27CA  2789,P.V& A.M.B,Animals affected,0
26.02.2015,8:00 PM,1339.9,RHS,Rural,Dagadarthi,Collision Brush/Side Wipe, Car hit Pedestrians,Car,Grievious injury,Over speed,Three lanes or more without central divider(median),Straight road,T-Junction,Fine,AP16CJ     3609,"P.V,AMB & Allur 108",Fatal,0
26.02.2015,8:00 PM,1339.9,RHS,Rural,Dagadarthi,Collision Brush/Side Wipe, Car hit Pedestrians,Car,Grievious injury,Over speed,Three lanes or more without central divider(median),Straight road,T-Junction,Fine,AP16CJ     3609,"P.V,AMB & Allur 108",Grevious,2
26.02.2015,8:00 PM,1339.9,RHS,Rural,Dagadarthi,Collision Brush/Side Wipe, Car hit Pedestrians,Car,Grievious injury,Over speed,Three lanes or more without central divider(median),Straight road,T-Junction,Fine,AP16CJ     3609,"P.V,AMB & Allur 108",Minor,0
26.02.2015,8:00 PM,1339.9,RHS,Rural,Dagadarthi,Collision Brush/Side Wipe, Car hit Pedestrians,Car,Grievious injury,Over speed,Three lanes or more without central divider(median),Straight road,T-Junction,Fine,AP16CJ     3609,"P.V,AMB & Allur 108",Non injured ,1
26.02.2015,8:00 PM,1339.9,RHS,Rural,Dagadarthi,Collision Brush/Side Wipe, Car hit Pedestrians,Car,Grievious injury,Over speed,Three lanes or more without central divider(median),Straight road,T-Junction,Fine,AP16CJ     3609,"P.V,AMB & Allur 108",Animals affected,0
27.02.2015,12:30 PM,1242.2,RHS,Rural,Ongole,Rear End Collision,Lorry hit to Trailler vehicle,Lorry,Non injury,Over speed,Four lanes or more with central divider,Straight road,,Fine,WB41E           1676,P.V,Fatal,0
27.02.2015,12:30 PM,1242.2,RHS,Rural,Ongole,Rear End Collision,Lorry hit to Trailler vehicle,Lorry,Non injury,Over speed,Four lanes or more with central divider,Straight road,,Fine,WB41E           1676,P.V,Grevious,0
27.02.2015,12:30 PM,1242.2,RHS,Rural,Ongole,Rear End Collision,Lorry hit to Trailler vehicle,Lorry,Non injury,Over speed,Four lanes or more with central divider,Straight road,,Fine,WB41E           1676,P.V,Minor,0
27.02.2015,12:30 PM,1242.2,RHS,Rural,Ongole,Rear End Collision,Lorry hit to Trailler vehicle,Lorry,Non injury,Over speed,Four lanes or more with central divider,Straight road,,Fine,WB41E           1676,P.V,Non injured ,4
27.02.2015,12:30 PM,1242.2,RHS,Rural,Ongole,Rear End Collision,Lorry hit to Trailler vehicle,Lorry,Non injury,Over speed,Four lanes or more with central divider,Straight road,,Fine,WB41E           1676,P.V,Animals affected,0
28.02.2015,8:45 AM,1222.8,RHS,Rural,Medarametla,Rear End Collision,Auto hit Lorry,Auto,Minor injury,Druken,Four lanes or more with central divider,Slight curve,,Fine,AP27Y              2903,P.V,Fatal,0
28.02.2015,8:45 AM,1222.8,RHS,Rural,Medarametla,Rear End Collision,Auto hit Lorry,Auto,Minor injury,Druken,Four lanes or more with central divider,Slight curve,,Fine,AP27Y              2903,P.V,Grevious,0
28.02.2015,8:45 AM,1222.8,RHS,Rural,Medarametla,Rear End Collision,Auto hit Lorry,Auto,Minor injury,Druken,Four lanes or more with central divider,Slight curve,,Fine,AP27Y              2903,P.V,Minor,1
28.02.2015,8:45 AM,1222.8,RHS,Rural,Medarametla,Rear End Collision,Auto hit Lorry,Auto,Minor injury,Druken,Four lanes or more with central divider,Slight curve,,Fine,AP27Y              2903,P.V,Non injured ,1
28.02.2015,8:45 AM,1222.8,RHS,Rural,Medarametla,Rear End Collision,Auto hit Lorry,Auto,Minor injury,Druken,Four lanes or more with central divider,Slight curve,,Fine,AP27Y              2903,P.V,Animals affected,0
28.02.2015,3:02 PM,1261.7,LHS,Rural,Tangutur,Collision Brush/Side Wipe,  Ready mix Cement Tanker hit Unknown Ve,Tanker,Minor injury,Over speed,Four lanes or more with central divider,Straight road,,Fine,AP26TA  8469,P.V,Fatal,0
28.02.2015,3:02 PM,1261.7,LHS,Rural,Tangutur,Collision Brush/Side Wipe,  Ready mix Cement Tanker hit Unknown Ve,Tanker,Minor injury,Over speed,Four lanes or more with central divider,Straight road,,Fine,AP26TA  8469,P.V,Grevious,0
28.02.2015,3:02 PM,1261.7,LHS,Rural,Tangutur,Collision Brush/Side Wipe,  Ready mix Cement Tanker hit Unknown Ve,Tanker,Minor injury,Over speed,Four lanes or more with central divider,Straight road,,Fine,AP26TA  8469,P.V,Minor,0
28.02.2015,3:02 PM,1261.7,LHS,Rural,Tangutur,Collision Brush/Side Wipe,  Ready mix Cement Tanker hit Unknown Ve,Tanker,Minor injury,Over speed,Four lanes or more with central divider,Straight road,,Fine,AP26TA  8469,P.V,Non injured ,1
28.02.2015,3:02 PM,1261.7,LHS,Rural,Tangutur,Collision Brush/Side Wipe,  Ready mix Cement Tanker hit Unknown Ve,Tanker,Minor injury,Over speed,Four lanes or more with central divider,Straight road,,Fine,AP26TA  8469,P.V,Animals affected,0
01.03.2015,9:07 AM,1343.4,RHS,Rural,Dagadarthi,Collision Brush/Side Wipe,Lorry hit to pedestrians,Lorry,Fatal,Over speed,Four lanes or more with central divider,Straight road,,Fine,AP29V       7733,P.V,Fatal,1
01.03.2015,9:07 AM,1343.4,RHS,Rural,Dagadarthi,Collision Brush/Side Wipe,Lorry hit to pedestrians,Lorry,Fatal,Over speed,Four lanes or more with central divider,Straight road,,Fine,AP29V       7733,P.V,Grevious,1
01.03.2015,9:07 AM,1343.4,RHS,Rural,Dagadarthi,Collision Brush/Side Wipe,Lorry hit to pedestrians,Lorry,Fatal,Over speed,Four lanes or more with central divider,Straight road,,Fine,AP29V       7733,P.V,Minor,0
01.03.2015,9:07 AM,1343.4,RHS,Rural,Dagadarthi,Collision Brush/Side Wipe,Lorry hit to pedestrians,Lorry,Fatal,Over speed,Four lanes or more with central divider,Straight road,,Fine,AP29V       7733,P.V,Non injured ,2
01.03.2015,9:07 AM,1343.4,RHS,Rural,Dagadarthi,Collision Brush/Side Wipe,Lorry hit to pedestrians,Lorry,Fatal,Over speed,Four lanes or more with central divider,Straight road,,Fine,AP29V       7733,P.V,Animals affected,0
01.03.2015,7:20 AM,1263,LHS,Rural,Tangutur,Head on collision,Bike hit  to Bike,Bike,Grievious injury,Druken,Four lanes or more with central divider,Straight road,,Fine,AP27AR 3528,A.M.B,Fatal,0
01.03.2015,7:20 AM,1263,LHS,Rural,Tangutur,Head on collision,Bike hit  to Bike,Bike,Grievious injury,Druken,Four lanes or more with central divider,Straight road,,Fine,AP27AR 3528,A.M.B,Grevious,1
01.03.2015,7:20 AM,1263,LHS,Rural,Tangutur,Head on collision,Bike hit  to Bike,Bike,Grievious injury,Druken,Four lanes or more with central divider,Straight road,,Fine,AP27AR 3528,A.M.B,Minor,1
01.03.2015,7:20 AM,1263,LHS,Rural,Tangutur,Head on collision,Bike hit  to Bike,Bike,Grievious injury,Druken,Four lanes or more with central divider,Straight road,,Fine,AP27AR 3528,A.M.B,Non injured ,0
01.03.2015,7:20 AM,1263,LHS,Rural,Tangutur,Head on collision,Bike hit  to Bike,Bike,Grievious injury,Druken,Four lanes or more with central divider,Straight road,,Fine,AP27AR 3528,A.M.B,Animals affected,0
01.03.2015,9:40 AM,1324.1,RHS,Rural,Kavali,Skidding, Bike Skidding,Bike,Grievious injury,Over speed,Four lanes or more with central divider,Straight road,,Fine,AP26AP 8151,P.V& A.M.B,Fatal,0
01.03.2015,9:40 AM,1324.1,RHS,Rural,Kavali,Skidding, Bike Skidding,Bike,Grievious injury,Over speed,Four lanes or more with central divider,Straight road,,Fine,AP26AP 8151,P.V& A.M.B,Grevious,1
01.03.2015,9:40 AM,1324.1,RHS,Rural,Kavali,Skidding, Bike Skidding,Bike,Grievious injury,Over speed,Four lanes or more with central divider,Straight road,,Fine,AP26AP 8151,P.V& A.M.B,Minor,1
01.03.2015,9:40 AM,1324.1,RHS,Rural,Kavali,Skidding, Bike Skidding,Bike,Grievious injury,Over speed,Four lanes or more with central divider,Straight road,,Fine,AP26AP 8151,P.V& A.M.B,Non injured ,0
01.03.2015,9:40 AM,1324.1,RHS,Rural,Kavali,Skidding, Bike Skidding,Bike,Grievious injury,Over speed,Four lanes or more with central divider,Straight road,,Fine,AP26AP 8151,P.V& A.M.B,Animals affected,0
01.03.2015,12:50 PM,1257.4,LHS,Rural,Tangutur,Rear End Collision, Container Vehicle hit Lorry,Container,Non injury,Fault of driver of motor vehicle/driver of other vehicle/cyclist/pedestrian/passenger,Four lanes or more with central divider,Straight road,,Fine,RJ14ER    2105,P.V,Fatal,0
01.03.2015,12:50 PM,1257.4,LHS,Rural,Tangutur,Rear End Collision, Container Vehicle hit Lorry,Container,Non injury,Fault of driver of motor vehicle/driver of other vehicle/cyclist/pedestrian/passenger,Four lanes or more with central divider,Straight road,,Fine,RJ14ER    2105,P.V,Grevious,0
01.03.2015,12:50 PM,1257.4,LHS,Rural,Tangutur,Rear End Collision, Container Vehicle hit Lorry,Container,Non injury,Fault of driver of motor vehicle/driver of other vehicle/cyclist/pedestrian/passenger,Four lanes or more with central divider,Straight road,,Fine,RJ14ER    2105,P.V,Minor,0
01.03.2015,12:50 PM,1257.4,LHS,Rural,Tangutur,Rear End Collision, Container Vehicle hit Lorry,Container,Non injury,Fault of driver of motor vehicle/driver of other vehicle/cyclist/pedestrian/passenger,Four lanes or more with central divider,Straight road,,Fine,RJ14ER    2105,P.V,Non injured ,2
01.03.2015,12:50 PM,1257.4,LHS,Rural,Tangutur,Rear End Collision, Container Vehicle hit Lorry,Container,Non injury,Fault of driver of motor vehicle/driver of other vehicle/cyclist/pedestrian/passenger,Four lanes or more with central divider,Straight road,,Fine,RJ14ER    2105,P.V,Animals affected,0
02.03.2015,12:40 PM,1208.3,RHS,Rural,Reningavaram,Collision Brush/Side Wipe, Lorry hit Ape Auto,Lorry,Minor injury,Over speed,Four lanes or more with central divider,Straight road,,Fine,TN28 AH 3183,A.M.B,Fatal,0
02.03.2015,12:40 PM,1208.3,RHS,Rural,Reningavaram,Collision Brush/Side Wipe, Lorry hit Ape Auto,Lorry,Minor injury,Over speed,Four lanes or more with central divider,Straight road,,Fine,TN28 AH 3183,A.M.B,Grevious,0
02.03.2015,12:40 PM,1208.3,RHS,Rural,Reningavaram,Collision Brush/Side Wipe, Lorry hit Ape Auto,Lorry,Minor injury,Over speed,Four lanes or more with central divider,Straight road,,Fine,TN28 AH 3183,A.M.B,Minor,1
02.03.2015,12:40 PM,1208.3,RHS,Rural,Reningavaram,Collision Brush/Side Wipe, Lorry hit Ape Auto,Lorry,Minor injury,Over speed,Four lanes or more with central divider,Straight road,,Fine,TN28 AH 3183,A.M.B,Non injured ,0
02.03.2015,12:40 PM,1208.3,RHS,Rural,Reningavaram,Collision Brush/Side Wipe, Lorry hit Ape Auto,Lorry,Minor injury,Over speed,Four lanes or more with central divider,Straight road,,Fine,TN28 AH 3183,A.M.B,Animals affected,0
05.03.2015,2:43 AM,1207.1,RHS,Rural,Reningavaram,Collision Brush/Side Wipe, Car hit VUP Bridge wall,Car,Non injury,Fault of driver of motor vehicle/driver of other vehicle/cyclist/pedestrian/passenger,Four lanes or more with central divider,Slight curve,,Fine,AP27TU  5574,P.V,Fatal,0
05.03.2015,2:43 AM,1207.1,RHS,Rural,Reningavaram,Collision Brush/Side Wipe, Car hit VUP Bridge wall,Car,Non injury,Fault of driver of motor vehicle/driver of other vehicle/cyclist/pedestrian/passenger,Four lanes or more with central divider,Slight curve,,Fine,AP27TU  5574,P.V,Grevious,0
05.03.2015,2:43 AM,1207.1,RHS,Rural,Reningavaram,Collision Brush/Side Wipe, Car hit VUP Bridge wall,Car,Non injury,Fault of driver of motor vehicle/driver of other vehicle/cyclist/pedestrian/passenger,Four lanes or more with central divider,Slight curve,,Fine,AP27TU  5574,P.V,Minor,0
05.03.2015,2:43 AM,1207.1,RHS,Rural,Reningavaram,Collision Brush/Side Wipe, Car hit VUP Bridge wall,Car,Non injury,Fault of driver of motor vehicle/driver of other vehicle/cyclist/pedestrian/passenger,Four lanes or more with central divider,Slight curve,,Fine,AP27TU  5574,P.V,Non injured ,8
05.03.2015,2:43 AM,1207.1,RHS,Rural,Reningavaram,Collision Brush/Side Wipe, Car hit VUP Bridge wall,Car,Non injury,Fault of driver of motor vehicle/driver of other vehicle/cyclist/pedestrian/passenger,Four lanes or more with central divider,Slight curve,,Fine,AP27TU  5574,P.V,Animals affected,0
05.03.2015,3:39 AM,1301.8,RHS,Rural,Gudluru,Collision Brush/Side Wipe, Car hit     CC Barriers,Car,Non injury,Fault of driver of motor vehicle/driver of other vehicle/cyclist/pedestrian/passenger,Four lanes or more with central divider,Straight road,,Fine,AP03AM 4777,P.V,Fatal,0
05.03.2015,3:39 AM,1301.8,RHS,Rural,Gudluru,Collision Brush/Side Wipe, Car hit     CC Barriers,Car,Non injury,Fault of driver of motor vehicle/driver of other vehicle/cyclist/pedestrian/passenger,Four lanes or more with central divider,Straight road,,Fine,AP03AM 4777,P.V,Grevious,0
05.03.2015,3:39 AM,1301.8,RHS,Rural,Gudluru,Collision Brush/Side Wipe, Car hit     CC Barriers,Car,Non injury,Fault of driver of motor vehicle/driver of other vehicle/cyclist/pedestrian/passenger,Four lanes or more with central divider,Straight road,,Fine,AP03AM 4777,P.V,Minor,0
05.03.2015,3:39 AM,1301.8,RHS,Rural,Gudluru,Collision Brush/Side Wipe, Car hit     CC Barriers,Car,Non injury,Fault of driver of motor vehicle/driver of other vehicle/cyclist/pedestrian/passenger,Four lanes or more with central divider,Straight road,,Fine,AP03AM 4777,P.V,Non injured ,5
05.03.2015,3:39 AM,1301.8,RHS,Rural,Gudluru,Collision Brush/Side Wipe, Car hit     CC Barriers,Car,Non injury,Fault of driver of motor vehicle/driver of other vehicle/cyclist/pedestrian/passenger,Four lanes or more with central divider,Straight road,,Fine,AP03AM 4777,P.V,Animals affected,0
06.03.2015,6:35 AM,1263,RHS,Rural,Tangutur,Rear End Collision, Lorry hit  Lorry,Lorry,Non injury,Over speed,Four lanes or more with central divider,Straight road,,Fine,AP07TT 0579,P.V,Fatal,0
06.03.2015,6:35 AM,1263,RHS,Rural,Tangutur,Rear End Collision, Lorry hit  Lorry,Lorry,Non injury,Over speed,Four lanes or more with central divider,Straight road,,Fine,AP07TT 0579,P.V,Grevious,0
06.03.2015,6:35 AM,1263,RHS,Rural,Tangutur,Rear End Collision, Lorry hit  Lorry,Lorry,Non injury,Over speed,Four lanes or more with central divider,Straight road,,Fine,AP07TT 0579,P.V,Minor,0
06.03.2015,6:35 AM,1263,RHS,Rural,Tangutur,Rear End Collision, Lorry hit  Lorry,Lorry,Non injury,Over speed,Four lanes or more with central divider,Straight road,,Fine,AP07TT 0579,P.V,Non injured ,3
06.03.2015,6:35 AM,1263,RHS,Rural,Tangutur,Rear End Collision, Lorry hit  Lorry,Lorry,Non injury,Over speed,Four lanes or more with central divider,Straight road,,Fine,AP07TT 0579,P.V,Animals affected,0
08.03.2015,3:40 AM,1293.3,LHS,Rural,Ulavapadu,Collision Brush/Side Wipe, Trailler   hit       Culvert Wall,Trailler,Non injury,Fault of driver of motor vehicle/driver of other vehicle/cyclist/pedestrian/passenger,Four lanes or more with central divider,Straight road,,Fine,TN04Q 6289,P.V,Fatal,0
08.03.2015,3:40 AM,1293.3,LHS,Rural,Ulavapadu,Collision Brush/Side Wipe, Trailler   hit       Culvert Wall,Trailler,Non injury,Fault of driver of motor vehicle/driver of other vehicle/cyclist/pedestrian/passenger,Four lanes or more with central divider,Straight road,,Fine,TN04Q 6289,P.V,Grevious,0
08.03.2015,3:40 AM,1293.3,LHS,Rural,Ulavapadu,Collision Brush/Side Wipe, Trailler   hit       Culvert Wall,Trailler,Non injury,Fault of driver of motor vehicle/driver of other vehicle/cyclist/pedestrian/passenger,Four lanes or more with central divider,Straight road,,Fine,TN04Q 6289,P.V,Minor,0
08.03.2015,3:40 AM,1293.3,LHS,Rural,Ulavapadu,Collision Brush/Side Wipe, Trailler   hit       Culvert Wall,Trailler,Non injury,Fault of driver of motor vehicle/driver of other vehicle/cyclist/pedestrian/passenger,Four lanes or more with central divider,Straight road,,Fine,TN04Q 6289,P.V,Non injured ,1
08.03.2015,3:40 AM,1293.3,LHS,Rural,Ulavapadu,Collision Brush/Side Wipe, Trailler   hit       Culvert Wall,Trailler,Non injury,Fault of driver of motor vehicle/driver of other vehicle/cyclist/pedestrian/passenger,Four lanes or more with central divider,Straight road,,Fine,TN04Q 6289,P.V,Animals affected,0
08.03.2015,5:46 AM,1282,LHS,Rural,Singarayakonda,Collision Brush/Side Wipe, Car hit Bike,Car,Grievious injury,Over speed,Four lanes or more with central divider,Straight road,,Fine,AP31TC 3669,P.V&(108A.M.B),Fatal,0
08.03.2015,5:46 AM,1282,LHS,Rural,Singarayakonda,Collision Brush/Side Wipe, Car hit Bike,Car,Grievious injury,Over speed,Four lanes or more with central divider,Straight road,,Fine,AP31TC 3669,P.V&(108A.M.B),Grevious,2
08.03.2015,5:46 AM,1282,LHS,Rural,Singarayakonda,Collision Brush/Side Wipe, Car hit Bike,Car,Grievious injury,Over speed,Four lanes or more with central divider,Straight road,,Fine,AP31TC 3669,P.V&(108A.M.B),Minor,0
08.03.2015,5:46 AM,1282,LHS,Rural,Singarayakonda,Collision Brush/Side Wipe, Car hit Bike,Car,Grievious injury,Over speed,Four lanes or more with central divider,Straight road,,Fine,AP31TC 3669,P.V&(108A.M.B),Non injured ,1
08.03.2015,5:46 AM,1282,LHS,Rural,Singarayakonda,Collision Brush/Side Wipe, Car hit Bike,Car,Grievious injury,Over speed,Four lanes or more with central divider,Straight road,,Fine,AP31TC 3669,P.V&(108A.M.B),Animals affected,0
08.03.2015,7:25 AM,1217.3,RHS,Rural,Medarametla,Rear End Collision, Car hit Cyclist,Car,Grievious injury,Over speed,Four lanes or more with central divider,Straight road,,Fine,AP07BR 7227,P.V&(108A.M.B),Fatal,0
08.03.2015,7:25 AM,1217.3,RHS,Rural,Medarametla,Rear End Collision, Car hit Cyclist,Car,Grievious injury,Over speed,Four lanes or more with central divider,Straight road,,Fine,AP07BR 7227,P.V&(108A.M.B),Grevious,1
08.03.2015,7:25 AM,1217.3,RHS,Rural,Medarametla,Rear End Collision, Car hit Cyclist,Car,Grievious injury,Over speed,Four lanes or more with central divider,Straight road,,Fine,AP07BR 7227,P.V&(108A.M.B),Minor,0
08.03.2015,7:25 AM,1217.3,RHS,Rural,Medarametla,Rear End Collision, Car hit Cyclist,Car,Grievious injury,Over speed,Four lanes or more with central divider,Straight road,,Fine,AP07BR 7227,P.V&(108A.M.B),Non injured ,1
08.03.2015,7:25 AM,1217.3,RHS,Rural,Medarametla,Rear End Collision, Car hit Cyclist,Car,Grievious injury,Over speed,Four lanes or more with central divider,Straight road,,Fine,AP07BR 7227,P.V&(108A.M.B),Animals affected,0
08.03.2015,10:46 AM,1261.6,LHS,Rural,Tangutur,Skidding, Bike Skidding ,Bike,Minor injury,Over speed,Four lanes or more with central divider,Straight road,,Fine,AP27TS      0289,P.V&(108A.M.B),Fatal,0
08.03.2015,10:46 AM,1261.6,LHS,Rural,Tangutur,Skidding, Bike Skidding ,Bike,Minor injury,Over speed,Four lanes or more with central divider,Straight road,,Fine,AP27TS      0289,P.V&(108A.M.B),Grevious,0
08.03.2015,10:46 AM,1261.6,LHS,Rural,Tangutur,Skidding, Bike Skidding ,Bike,Minor injury,Over speed,Four lanes or more with central divider,Straight road,,Fine,AP27TS      0289,P.V&(108A.M.B),Minor,1
08.03.2015,10:46 AM,1261.6,LHS,Rural,Tangutur,Skidding, Bike Skidding ,Bike,Minor injury,Over speed,Four lanes or more with central divider,Straight road,,Fine,AP27TS      0289,P.V&(108A.M.B),Non injured ,0
08.03.2015,10:46 AM,1261.6,LHS,Rural,Tangutur,Skidding, Bike Skidding ,Bike,Minor injury,Over speed,Four lanes or more with central divider,Straight road,,Fine,AP27TS      0289,P.V&(108A.M.B),Animals affected,0
08.03.2015,5:02 PM,1264.3,LHS,Rural,Tangutur,Overturning, Ape auto overturned,Auto,Minor injury,Vehicle out of control,Four lanes or more with central divider,Straight road,,Fine,AP27TU 5449,P.V&A.M.B,Fatal,0
08.03.2015,5:02 PM,1264.3,LHS,Rural,Tangutur,Overturning, Ape auto overturned,Auto,Minor injury,Vehicle out of control,Four lanes or more with central divider,Straight road,,Fine,AP27TU 5449,P.V&A.M.B,Grevious,0
08.03.2015,5:02 PM,1264.3,LHS,Rural,Tangutur,Overturning, Ape auto overturned,Auto,Minor injury,Vehicle out of control,Four lanes or more with central divider,Straight road,,Fine,AP27TU 5449,P.V&A.M.B,Minor,5
08.03.2015,5:02 PM,1264.3,LHS,Rural,Tangutur,Overturning, Ape auto overturned,Auto,Minor injury,Vehicle out of control,Four lanes or more with central divider,Straight road,,Fine,AP27TU 5449,P.V&A.M.B,Non injured ,1
08.03.2015,5:02 PM,1264.3,LHS,Rural,Tangutur,Overturning, Ape auto overturned,Auto,Minor injury,Vehicle out of control,Four lanes or more with central divider,Straight road,,Fine,AP27TU 5449,P.V&A.M.B,Animals affected,0
08.03.2015,5:50 PM,1282.5,LHS,Rural,Singarayakonda,Rear End Collision, Car hit Car,Car,Non injury,Over speed,Two lanes,Straight road,,Fine,TN22BD 9673,P.V,Fatal,0
08.03.2015,5:50 PM,1282.5,LHS,Rural,Singarayakonda,Rear End Collision, Car hit Car,Car,Non injury,Over speed,Two lanes,Straight road,,Fine,TN22BD 9673,P.V,Grevious,0
08.03.2015,5:50 PM,1282.5,LHS,Rural,Singarayakonda,Rear End Collision, Car hit Car,Car,Non injury,Over speed,Two lanes,Straight road,,Fine,TN22BD 9673,P.V,Minor,0
08.03.2015,5:50 PM,1282.5,LHS,Rural,Singarayakonda,Rear End Collision, Car hit Car,Car,Non injury,Over speed,Two lanes,Straight road,,Fine,TN22BD 9673,P.V,Non injured ,9
08.03.2015,5:50 PM,1282.5,LHS,Rural,Singarayakonda,Rear End Collision, Car hit Car,Car,Non injury,Over speed,Two lanes,Straight road,,Fine,TN22BD 9673,P.V,Animals affected,0
09.03.2015,7:25 AM,1282.5,LHS,Rural,Singarayakonda,Rear End Collision, Tuffan van hit Lorry,Van,Minor injury,Over speed,Four lanes or more with central divider,Straight road,,Fine,AP07TD  1406,P.V&(108A.M.B),Fatal,0