Operational date,Time of Accident,KM && M,Position,Rural/Urban,Location,Nature of Accident Position,Nature of Accident,Vehicle Involved,Type of Accident,Causes,Road Feature,Road condition,Intersection Type And Control,Weather Condition,Vehicle Responsible,Help Provided by Ambulance/Patroling Vehicle,Classification of Accident,No of Affected Persons
09.03.2015,7:25 AM,1282.5,LHS,Rural,Singarayakonda,Rear End Collision, Tuffan van hit Lorry,Van,Minor injury,Over speed,Four lanes or more with central divider,Straight road,,Fine,AP07TD  1406,P.V&(108A.M.B),Grevious,0
09.03.2015,7:25 AM,1282.5,LHS,Rural,Singarayakonda,Rear End Collision, Tuffan van hit Lorry,Van,Minor injury,Over speed,Four lanes or more with central divider,Straight road,,Fine,AP07TD  1406,P.V&(108A.M.B),Minor,12
09.03.2015,7:25 AM,1282.5,LHS,Rural,Singarayakonda,Rear End Collision, Tuffan van hit Lorry,Van,Minor injury,Over speed,Four lanes or more with central divider,Straight road,,Fine,AP07TD  1406,P.V&(108A.M.B),Non injured ,4
09.03.2015,7:25 AM,1282.5,LHS,Rural,Singarayakonda,Rear End Collision, Tuffan van hit Lorry,Van,Minor injury,Over speed,Four lanes or more with central divider,Straight road,,Fine,AP07TD  1406,P.V&(108A.M.B),Animals affected,0
09.03.2015,9:12 AM,1345.8,LHS,Rural,Dagadarthi,Rear End Collision,  Ready mix Cement Tanker hit Container ,Tanker,Non injury,Over speed,Four lanes or more with central divider,Straight road,,Fine,AP24X         2119,P.V,Fatal,0
09.03.2015,9:12 AM,1345.8,LHS,Rural,Dagadarthi,Rear End Collision,  Ready mix Cement Tanker hit Container ,Tanker,Non injury,Over speed,Four lanes or more with central divider,Straight road,,Fine,AP24X         2119,P.V,Grevious,0
09.03.2015,9:12 AM,1345.8,LHS,Rural,Dagadarthi,Rear End Collision,  Ready mix Cement Tanker hit Container ,Tanker,Non injury,Over speed,Four lanes or more with central divider,Straight road,,Fine,AP24X         2119,P.V,Minor,0
09.03.2015,9:12 AM,1345.8,LHS,Rural,Dagadarthi,Rear End Collision,  Ready mix Cement Tanker hit Container ,Tanker,Non injury,Over speed,Four lanes or more with central divider,Straight road,,Fine,AP24X         2119,P.V,Non injured ,4
09.03.2015,9:12 AM,1345.8,LHS,Rural,Dagadarthi,Rear End Collision,  Ready mix Cement Tanker hit Container ,Tanker,Non injury,Over speed,Four lanes or more with central divider,Straight road,,Fine,AP24X         2119,P.V,Animals affected,0
09.03.2015,2:34 PM,1257.8,LHS,Rural,Tangutur,Collision Brush/Side Wipe, Bike hit Trailler Vehicle,Bike,Grievious injury,Druken,Four lanes or more with central divider,Straight road,,Fine,AP27AP 4652,"P.V,A.M.B",Fatal,0
09.03.2015,2:34 PM,1257.8,LHS,Rural,Tangutur,Collision Brush/Side Wipe, Bike hit Trailler Vehicle,Bike,Grievious injury,Druken,Four lanes or more with central divider,Straight road,,Fine,AP27AP 4652,"P.V,A.M.B",Grevious,1
09.03.2015,2:34 PM,1257.8,LHS,Rural,Tangutur,Collision Brush/Side Wipe, Bike hit Trailler Vehicle,Bike,Grievious injury,Druken,Four lanes or more with central divider,Straight road,,Fine,AP27AP 4652,"P.V,A.M.B",Minor,1
09.03.2015,2:34 PM,1257.8,LHS,Rural,Tangutur,Collision Brush/Side Wipe, Bike hit Trailler Vehicle,Bike,Grievious injury,Druken,Four lanes or more with central divider,Straight road,,Fine,AP27AP 4652,"P.V,A.M.B",Non injured ,0
09.03.2015,2:34 PM,1257.8,LHS,Rural,Tangutur,Collision Brush/Side Wipe, Bike hit Trailler Vehicle,Bike,Grievious injury,Druken,Four lanes or more with central divider,Straight road,,Fine,AP27AP 4652,"P.V,A.M.B",Animals affected,0
11.03.2015,2:10 AM,1231.1,LHS,Rural,Maddipadu,Rear End Collision, Lorry hit Car,Lorry,Non injury,Over speed,Four lanes or more with central divider,Straight road,,Fine,AP07TC  7389,P.V,Fatal,0
11.03.2015,2:10 AM,1231.1,LHS,Rural,Maddipadu,Rear End Collision, Lorry hit Car,Lorry,Non injury,Over speed,Four lanes or more with central divider,Straight road,,Fine,AP07TC  7389,P.V,Grevious,0
11.03.2015,2:10 AM,1231.1,LHS,Rural,Maddipadu,Rear End Collision, Lorry hit Car,Lorry,Non injury,Over speed,Four lanes or more with central divider,Straight road,,Fine,AP07TC  7389,P.V,Minor,0
11.03.2015,2:10 AM,1231.1,LHS,Rural,Maddipadu,Rear End Collision, Lorry hit Car,Lorry,Non injury,Over speed,Four lanes or more with central divider,Straight road,,Fine,AP07TC  7389,P.V,Non injured ,6
11.03.2015,2:10 AM,1231.1,LHS,Rural,Maddipadu,Rear End Collision, Lorry hit Car,Lorry,Non injury,Over speed,Four lanes or more with central divider,Straight road,,Fine,AP07TC  7389,P.V,Animals affected,0
11.03.2015,6:05 PM,1364.3,LHS,Rural,Kovuru,Collision Brush/Side Wipe,Car hit       Culvert Wall,Car,Fatal,Defect in mechanical condition of motor vehicle/road condition,Four lanes or more with central divider,Straight road,,Fine,AP26AM     4488,P.V,Fatal,1
11.03.2015,6:05 PM,1364.3,LHS,Rural,Kovuru,Collision Brush/Side Wipe,Car hit       Culvert Wall,Car,Fatal,Defect in mechanical condition of motor vehicle/road condition,Four lanes or more with central divider,Straight road,,Fine,AP26AM     4488,P.V,Grevious,0
11.03.2015,6:05 PM,1364.3,LHS,Rural,Kovuru,Collision Brush/Side Wipe,Car hit       Culvert Wall,Car,Fatal,Defect in mechanical condition of motor vehicle/road condition,Four lanes or more with central divider,Straight road,,Fine,AP26AM     4488,P.V,Minor,0
11.03.2015,6:05 PM,1364.3,LHS,Rural,Kovuru,Collision Brush/Side Wipe,Car hit       Culvert Wall,Car,Fatal,Defect in mechanical condition of motor vehicle/road condition,Four lanes or more with central divider,Straight road,,Fine,AP26AM     4488,P.V,Non injured ,2
11.03.2015,6:05 PM,1364.3,LHS,Rural,Kovuru,Collision Brush/Side Wipe,Car hit       Culvert Wall,Car,Fatal,Defect in mechanical condition of motor vehicle/road condition,Four lanes or more with central divider,Straight road,,Fine,AP26AM     4488,P.V,Animals affected,0
11.03.2015,7:30 PM,1196.6,LHS,Rural,Martur,Collision Brush/Side Wipe,Bike hit Pedestrian,Bike,Grievious injury,Over speed,Four lanes or more with central divider,Straight road,,Fine,AP27AK    9247,A.M.B,Fatal,0
11.03.2015,7:30 PM,1196.6,LHS,Rural,Martur,Collision Brush/Side Wipe,Bike hit Pedestrian,Bike,Grievious injury,Over speed,Four lanes or more with central divider,Straight road,,Fine,AP27AK    9247,A.M.B,Grevious,1
11.03.2015,7:30 PM,1196.6,LHS,Rural,Martur,Collision Brush/Side Wipe,Bike hit Pedestrian,Bike,Grievious injury,Over speed,Four lanes or more with central divider,Straight road,,Fine,AP27AK    9247,A.M.B,Minor,2
11.03.2015,7:30 PM,1196.6,LHS,Rural,Martur,Collision Brush/Side Wipe,Bike hit Pedestrian,Bike,Grievious injury,Over speed,Four lanes or more with central divider,Straight road,,Fine,AP27AK    9247,A.M.B,Non injured ,0
11.03.2015,7:30 PM,1196.6,LHS,Rural,Martur,Collision Brush/Side Wipe,Bike hit Pedestrian,Bike,Grievious injury,Over speed,Four lanes or more with central divider,Straight road,,Fine,AP27AK    9247,A.M.B,Animals affected,0
12.03.2015,9:05 AM,1295.6,LHS,Rural,Ulavapadu,Collision Brush/Side Wipe, Car hit Median,Car,Grievious injury,Over speed,Four lanes or more with central divider,Straight road,,Fine,AP10AQ  8749,P.V,Fatal,0
12.03.2015,9:05 AM,1295.6,LHS,Rural,Ulavapadu,Collision Brush/Side Wipe, Car hit Median,Car,Grievious injury,Over speed,Four lanes or more with central divider,Straight road,,Fine,AP10AQ  8749,P.V,Grevious,1
12.03.2015,9:05 AM,1295.6,LHS,Rural,Ulavapadu,Collision Brush/Side Wipe, Car hit Median,Car,Grievious injury,Over speed,Four lanes or more with central divider,Straight road,,Fine,AP10AQ  8749,P.V,Minor,2
12.03.2015,9:05 AM,1295.6,LHS,Rural,Ulavapadu,Collision Brush/Side Wipe, Car hit Median,Car,Grievious injury,Over speed,Four lanes or more with central divider,Straight road,,Fine,AP10AQ  8749,P.V,Non injured ,2
12.03.2015,9:05 AM,1295.6,LHS,Rural,Ulavapadu,Collision Brush/Side Wipe, Car hit Median,Car,Grievious injury,Over speed,Four lanes or more with central divider,Straight road,,Fine,AP10AQ  8749,P.V,Animals affected,0
12.03.2015,2:37 PM,1317.4,LHS,Rural,Kavali,Collision Brush/Side Wipe, Lorry hit CC Barriers,Lorry,Grievious injury,Vehicle out of control,Four lanes or more with central divider,Straight road,,Fine,KA51A      100,P.V,Fatal,0
12.03.2015,2:37 PM,1317.4,LHS,Rural,Kavali,Collision Brush/Side Wipe, Lorry hit CC Barriers,Lorry,Grievious injury,Vehicle out of control,Four lanes or more with central divider,Straight road,,Fine,KA51A      100,P.V,Grevious,1
12.03.2015,2:37 PM,1317.4,LHS,Rural,Kavali,Collision Brush/Side Wipe, Lorry hit CC Barriers,Lorry,Grievious injury,Vehicle out of control,Four lanes or more with central divider,Straight road,,Fine,KA51A      100,P.V,Minor,0
12.03.2015,2:37 PM,1317.4,LHS,Rural,Kavali,Collision Brush/Side Wipe, Lorry hit CC Barriers,Lorry,Grievious injury,Vehicle out of control,Four lanes or more with central divider,Straight road,,Fine,KA51A      100,P.V,Non injured ,0
12.03.2015,2:37 PM,1317.4,LHS,Rural,Kavali,Collision Brush/Side Wipe, Lorry hit CC Barriers,Lorry,Grievious injury,Vehicle out of control,Four lanes or more with central divider,Straight road,,Fine,KA51A      100,P.V,Animals affected,0
12.03.2015,8:00 PM,1356,LHS,Rural,Kodavaluru,Overturning, Ape auto overturned,Auto,Grievious injury,Fault of driver of motor vehicle/driver of other vehicle/cyclist/pedestrian/passenger,Four lanes or more with central divider,Straight road,,Fine,AP26TC   1917,P.V,Fatal,0
12.03.2015,8:00 PM,1356,LHS,Rural,Kodavaluru,Overturning, Ape auto overturned,Auto,Grievious injury,Fault of driver of motor vehicle/driver of other vehicle/cyclist/pedestrian/passenger,Four lanes or more with central divider,Straight road,,Fine,AP26TC   1917,P.V,Grevious,2
12.03.2015,8:00 PM,1356,LHS,Rural,Kodavaluru,Overturning, Ape auto overturned,Auto,Grievious injury,Fault of driver of motor vehicle/driver of other vehicle/cyclist/pedestrian/passenger,Four lanes or more with central divider,Straight road,,Fine,AP26TC   1917,P.V,Minor,1
12.03.2015,8:00 PM,1356,LHS,Rural,Kodavaluru,Overturning, Ape auto overturned,Auto,Grievious injury,Fault of driver of motor vehicle/driver of other vehicle/cyclist/pedestrian/passenger,Four lanes or more with central divider,Straight road,,Fine,AP26TC   1917,P.V,Non injured ,1
12.03.2015,8:00 PM,1356,LHS,Rural,Kodavaluru,Overturning, Ape auto overturned,Auto,Grievious injury,Fault of driver of motor vehicle/driver of other vehicle/cyclist/pedestrian/passenger,Four lanes or more with central divider,Straight road,,Fine,AP26TC   1917,P.V,Animals affected,0
13.03.2015,2:46 PM,1261.6,LHS,Rural,Tangutur,Rear End Collision, Car hit Car ,Car,Non injury,Over speed,Four lanes or more with central divider,Straight road,,Fine,AP27AM 4444,P.V,Fatal,0
13.03.2015,2:46 PM,1261.6,LHS,Rural,Tangutur,Rear End Collision, Car hit Car ,Car,Non injury,Over speed,Four lanes or more with central divider,Straight road,,Fine,AP27AM 4444,P.V,Grevious,0
13.03.2015,2:46 PM,1261.6,LHS,Rural,Tangutur,Rear End Collision, Car hit Car ,Car,Non injury,Over speed,Four lanes or more with central divider,Straight road,,Fine,AP27AM 4444,P.V,Minor,0
13.03.2015,2:46 PM,1261.6,LHS,Rural,Tangutur,Rear End Collision, Car hit Car ,Car,Non injury,Over speed,Four lanes or more with central divider,Straight road,,Fine,AP27AM 4444,P.V,Non injured ,4
13.03.2015,2:46 PM,1261.6,LHS,Rural,Tangutur,Rear End Collision, Car hit Car ,Car,Non injury,Over speed,Four lanes or more with central divider,Straight road,,Fine,AP27AM 4444,P.V,Animals affected,0
 15.03.2015,10:40 AM,1326,LHS,Rural,Kavali,Skidding, Bike Skidding,Bike,Minor injury,Over speed,Four lanes or more with central divider,Straight road,,Fine,AP26AF 5580,A.M.B,Fatal,0
 15.03.2015,10:40 AM,1326,LHS,Rural,Kavali,Skidding, Bike Skidding,Bike,Minor injury,Over speed,Four lanes or more with central divider,Straight road,,Fine,AP26AF 5580,A.M.B,Grevious,0
 15.03.2015,10:40 AM,1326,LHS,Rural,Kavali,Skidding, Bike Skidding,Bike,Minor injury,Over speed,Four lanes or more with central divider,Straight road,,Fine,AP26AF 5580,A.M.B,Minor,1
 15.03.2015,10:40 AM,1326,LHS,Rural,Kavali,Skidding, Bike Skidding,Bike,Minor injury,Over speed,Four lanes or more with central divider,Straight road,,Fine,AP26AF 5580,A.M.B,Non injured ,2
 15.03.2015,10:40 AM,1326,LHS,Rural,Kavali,Skidding, Bike Skidding,Bike,Minor injury,Over speed,Four lanes or more with central divider,Straight road,,Fine,AP26AF 5580,A.M.B,Animals affected,0
 15.03.2015,3:55 PM,1251.9,LHS,Rural,Ongole,Overturning,Tractor Overturned,Tractor,Non injury,Over speed,Four lanes or more with central divider,Straight road,,Fine,AP27C    5361,P.V,Fatal,0
 15.03.2015,3:55 PM,1251.9,LHS,Rural,Ongole,Overturning,Tractor Overturned,Tractor,Non injury,Over speed,Four lanes or more with central divider,Straight road,,Fine,AP27C    5361,P.V,Grevious,0
 15.03.2015,3:55 PM,1251.9,LHS,Rural,Ongole,Overturning,Tractor Overturned,Tractor,Non injury,Over speed,Four lanes or more with central divider,Straight road,,Fine,AP27C    5361,P.V,Minor,0
 15.03.2015,3:55 PM,1251.9,LHS,Rural,Ongole,Overturning,Tractor Overturned,Tractor,Non injury,Over speed,Four lanes or more with central divider,Straight road,,Fine,AP27C    5361,P.V,Non injured ,2
 15.03.2015,3:55 PM,1251.9,LHS,Rural,Ongole,Overturning,Tractor Overturned,Tractor,Non injury,Over speed,Four lanes or more with central divider,Straight road,,Fine,AP27C    5361,P.V,Animals affected,0
 15.03.2015,9:51 PM,1274,LHS,Rural,Singarayakonda,Rear End Collision,Car hit RTC Bus (AP07TU 5589),Car,Grievious injury,Fault of driver of motor vehicle/driver of other vehicle/cyclist/pedestrian/passenger,Four lanes or more with central divider,Straight road,,Fine,KA04ML 8775,P.V,Fatal,0
 15.03.2015,9:51 PM,1274,LHS,Rural,Singarayakonda,Rear End Collision,Car hit RTC Bus (AP07TU 5589),Car,Grievious injury,Fault of driver of motor vehicle/driver of other vehicle/cyclist/pedestrian/passenger,Four lanes or more with central divider,Straight road,,Fine,KA04ML 8775,P.V,Grevious,2
 15.03.2015,9:51 PM,1274,LHS,Rural,Singarayakonda,Rear End Collision,Car hit RTC Bus (AP07TU 5589),Car,Grievious injury,Fault of driver of motor vehicle/driver of other vehicle/cyclist/pedestrian/passenger,Four lanes or more with central divider,Straight road,,Fine,KA04ML 8775,P.V,Minor,1
 15.03.2015,9:51 PM,1274,LHS,Rural,Singarayakonda,Rear End Collision,Car hit RTC Bus (AP07TU 5589),Car,Grievious injury,Fault of driver of motor vehicle/driver of other vehicle/cyclist/pedestrian/passenger,Four lanes or more with central divider,Straight road,,Fine,KA04ML 8775,P.V,Non injured ,16
 15.03.2015,9:51 PM,1274,LHS,Rural,Singarayakonda,Rear End Collision,Car hit RTC Bus (AP07TU 5589),Car,Grievious injury,Fault of driver of motor vehicle/driver of other vehicle/cyclist/pedestrian/passenger,Four lanes or more with central divider,Straight road,,Fine,KA04ML 8775,P.V,Animals affected,0
16.03.2015,3:55 PM,1331.2,RHS,Rural,K.Tippa ,Collision Brush/Side Wipe, Tata Ape vehicle hit Tata Ace vehicle ,Auto,Grievious injury,Over speed,Four lanes or more with central divider,Straight road,,Fine,AP16TD 9233,P.V&A.M.B,Fatal,0
16.03.2015,3:55 PM,1331.2,RHS,Rural,K.Tippa ,Collision Brush/Side Wipe, Tata Ape vehicle hit Tata Ace vehicle ,Auto,Grievious injury,Over speed,Four lanes or more with central divider,Straight road,,Fine,AP16TD 9233,P.V&A.M.B,Grevious,1
16.03.2015,3:55 PM,1331.2,RHS,Rural,K.Tippa ,Collision Brush/Side Wipe, Tata Ape vehicle hit Tata Ace vehicle ,Auto,Grievious injury,Over speed,Four lanes or more with central divider,Straight road,,Fine,AP16TD 9233,P.V&A.M.B,Minor,0
16.03.2015,3:55 PM,1331.2,RHS,Rural,K.Tippa ,Collision Brush/Side Wipe, Tata Ape vehicle hit Tata Ace vehicle ,Auto,Grievious injury,Over speed,Four lanes or more with central divider,Straight road,,Fine,AP16TD 9233,P.V&A.M.B,Non injured ,2
16.03.2015,3:55 PM,1331.2,RHS,Rural,K.Tippa ,Collision Brush/Side Wipe, Tata Ape vehicle hit Tata Ace vehicle ,Auto,Grievious injury,Over speed,Four lanes or more with central divider,Straight road,,Fine,AP16TD 9233,P.V&A.M.B,Animals affected,0
18.03.2015,6:30 AM,1261.6,LHS,Rural,Tangutur,Rear End Collision, Lorry hit  unknown vehicle,Lorry,Grievious injury,Vehicle out of control,Four lanes or more with central divider,Straight road,,Mist/Fog,AP16X     1059,P.V&A.M.B,Fatal,0
18.03.2015,6:30 AM,1261.6,LHS,Rural,Tangutur,Rear End Collision, Lorry hit  unknown vehicle,Lorry,Grievious injury,Vehicle out of control,Four lanes or more with central divider,Straight road,,Mist/Fog,AP16X     1059,P.V&A.M.B,Grevious,1
18.03.2015,6:30 AM,1261.6,LHS,Rural,Tangutur,Rear End Collision, Lorry hit  unknown vehicle,Lorry,Grievious injury,Vehicle out of control,Four lanes or more with central divider,Straight road,,Mist/Fog,AP16X     1059,P.V&A.M.B,Minor,0
18.03.2015,6:30 AM,1261.6,LHS,Rural,Tangutur,Rear End Collision, Lorry hit  unknown vehicle,Lorry,Grievious injury,Vehicle out of control,Four lanes or more with central divider,Straight road,,Mist/Fog,AP16X     1059,P.V&A.M.B,Non injured ,1
18.03.2015,6:30 AM,1261.6,LHS,Rural,Tangutur,Rear End Collision, Lorry hit  unknown vehicle,Lorry,Grievious injury,Vehicle out of control,Four lanes or more with central divider,Straight road,,Mist/Fog,AP16X     1059,P.V&A.M.B,Animals affected,0
18.03.2015,10:32 AM,1269,LHS,Rural,Jarugumalli,Rear End Collision, Car hit mini  lorry,Car,Minor injury,Over speed,Four lanes or more with central divider,Straight road,,Fine,AP04AC  6663,P.V&A.M.B,Fatal,0
18.03.2015,10:32 AM,1269,LHS,Rural,Jarugumalli,Rear End Collision, Car hit mini  lorry,Car,Minor injury,Over speed,Four lanes or more with central divider,Straight road,,Fine,AP04AC  6663,P.V&A.M.B,Grevious,0
18.03.2015,10:32 AM,1269,LHS,Rural,Jarugumalli,Rear End Collision, Car hit mini  lorry,Car,Minor injury,Over speed,Four lanes or more with central divider,Straight road,,Fine,AP04AC  6663,P.V&A.M.B,Minor,2
18.03.2015,10:32 AM,1269,LHS,Rural,Jarugumalli,Rear End Collision, Car hit mini  lorry,Car,Minor injury,Over speed,Four lanes or more with central divider,Straight road,,Fine,AP04AC  6663,P.V&A.M.B,Non injured ,1
18.03.2015,10:32 AM,1269,LHS,Rural,Jarugumalli,Rear End Collision, Car hit mini  lorry,Car,Minor injury,Over speed,Four lanes or more with central divider,Straight road,,Fine,AP04AC  6663,P.V&A.M.B,Animals affected,0
19.03.2015,2:58 AM,1326.1,LHS,Rural,Kavali,Rear End Collision, Lorry hit Container Vehicle,Lorry,Grievious injury,Over speed,Four lanes or more with central divider,Straight road,,Fine,AP20TU    6179,P.V&A.M.B,Fatal,0
19.03.2015,2:58 AM,1326.1,LHS,Rural,Kavali,Rear End Collision, Lorry hit Container Vehicle,Lorry,Grievious injury,Over speed,Four lanes or more with central divider,Straight road,,Fine,AP20TU    6179,P.V&A.M.B,Grevious,1
19.03.2015,2:58 AM,1326.1,LHS,Rural,Kavali,Rear End Collision, Lorry hit Container Vehicle,Lorry,Grievious injury,Over speed,Four lanes or more with central divider,Straight road,,Fine,AP20TU    6179,P.V&A.M.B,Minor,1
19.03.2015,2:58 AM,1326.1,LHS,Rural,Kavali,Rear End Collision, Lorry hit Container Vehicle,Lorry,Grievious injury,Over speed,Four lanes or more with central divider,Straight road,,Fine,AP20TU    6179,P.V&A.M.B,Non injured ,2
19.03.2015,2:58 AM,1326.1,LHS,Rural,Kavali,Rear End Collision, Lorry hit Container Vehicle,Lorry,Grievious injury,Over speed,Four lanes or more with central divider,Straight road,,Fine,AP20TU    6179,P.V&A.M.B,Animals affected,0
19.03.2015,10:12 AM,1314,RHS,Rural,Kavali,Collision Brush/Side Wipe, Milk Tanker hit Pedestrian,Tanker,Fatal,Over speed,Four lanes or more with central divider,Straight road,,Fine,AP07TD  2815,P.V,Fatal,1
19.03.2015,10:12 AM,1314,RHS,Rural,Kavali,Collision Brush/Side Wipe, Milk Tanker hit Pedestrian,Tanker,Fatal,Over speed,Four lanes or more with central divider,Straight road,,Fine,AP07TD  2815,P.V,Grevious,0
19.03.2015,10:12 AM,1314,RHS,Rural,Kavali,Collision Brush/Side Wipe, Milk Tanker hit Pedestrian,Tanker,Fatal,Over speed,Four lanes or more with central divider,Straight road,,Fine,AP07TD  2815,P.V,Minor,0
19.03.2015,10:12 AM,1314,RHS,Rural,Kavali,Collision Brush/Side Wipe, Milk Tanker hit Pedestrian,Tanker,Fatal,Over speed,Four lanes or more with central divider,Straight road,,Fine,AP07TD  2815,P.V,Non injured ,2
19.03.2015,10:12 AM,1314,RHS,Rural,Kavali,Collision Brush/Side Wipe, Milk Tanker hit Pedestrian,Tanker,Fatal,Over speed,Four lanes or more with central divider,Straight road,,Fine,AP07TD  2815,P.V,Animals affected,0
19.03.2015,3:21 PM,1317.4,LHS,Rural,Kavali,Overturning, Lorry Over Turned,Lorry,Minor injury,Over speed,Four lanes or more with central divider,Straight road,,Fine,AP29TB   2430,P.V&A.M.B,Fatal,0
19.03.2015,3:21 PM,1317.4,LHS,Rural,Kavali,Overturning, Lorry Over Turned,Lorry,Minor injury,Over speed,Four lanes or more with central divider,Straight road,,Fine,AP29TB   2430,P.V&A.M.B,Grevious,0
19.03.2015,3:21 PM,1317.4,LHS,Rural,Kavali,Overturning, Lorry Over Turned,Lorry,Minor injury,Over speed,Four lanes or more with central divider,Straight road,,Fine,AP29TB   2430,P.V&A.M.B,Minor,1
19.03.2015,3:21 PM,1317.4,LHS,Rural,Kavali,Overturning, Lorry Over Turned,Lorry,Minor injury,Over speed,Four lanes or more with central divider,Straight road,,Fine,AP29TB   2430,P.V&A.M.B,Non injured ,0
19.03.2015,3:21 PM,1317.4,LHS,Rural,Kavali,Overturning, Lorry Over Turned,Lorry,Minor injury,Over speed,Four lanes or more with central divider,Straight road,,Fine,AP29TB   2430,P.V&A.M.B,Animals affected,0
20.03.2015,6:54 AM,1261.6,RHS,Rural,Tangutur,Rear End Collision, Private Bus hit Oil Tanker,Bus,Non injury,Over speed,Four lanes or more with central divider,Straight road,,Mist/Fog,AP27Y      4222,P.V,Fatal,0
20.03.2015,6:54 AM,1261.6,RHS,Rural,Tangutur,Rear End Collision, Private Bus hit Oil Tanker,Bus,Non injury,Over speed,Four lanes or more with central divider,Straight road,,Mist/Fog,AP27Y      4222,P.V,Grevious,0
20.03.2015,6:54 AM,1261.6,RHS,Rural,Tangutur,Rear End Collision, Private Bus hit Oil Tanker,Bus,Non injury,Over speed,Four lanes or more with central divider,Straight road,,Mist/Fog,AP27Y      4222,P.V,Minor,0
20.03.2015,6:54 AM,1261.6,RHS,Rural,Tangutur,Rear End Collision, Private Bus hit Oil Tanker,Bus,Non injury,Over speed,Four lanes or more with central divider,Straight road,,Mist/Fog,AP27Y      4222,P.V,Non injured ,30
20.03.2015,6:54 AM,1261.6,RHS,Rural,Tangutur,Rear End Collision, Private Bus hit Oil Tanker,Bus,Non injury,Over speed,Four lanes or more with central divider,Straight road,,Mist/Fog,AP27Y      4222,P.V,Animals affected,0
20.03.2015,8:30 AM,1255.5,RHS,Rural,Tangutur,Head on collision, RTC Bus hit Mini Lorry,Bus,Fatal,Fault of driver of motor vehicle/driver of other vehicle/cyclist/pedestrian/passenger,Four lanes or more with central divider,Straight road,,Fine,AP26Y      9699,P.V&A.M.B,Fatal,1
20.03.2015,8:30 AM,1255.5,RHS,Rural,Tangutur,Head on collision, RTC Bus hit Mini Lorry,Bus,Fatal,Fault of driver of motor vehicle/driver of other vehicle/cyclist/pedestrian/passenger,Four lanes or more with central divider,Straight road,,Fine,AP26Y      9699,P.V&A.M.B,Grevious,5
20.03.2015,8:30 AM,1255.5,RHS,Rural,Tangutur,Head on collision, RTC Bus hit Mini Lorry,Bus,Fatal,Fault of driver of motor vehicle/driver of other vehicle/cyclist/pedestrian/passenger,Four lanes or more with central divider,Straight road,,Fine,AP26Y      9699,P.V&A.M.B,Minor,11
20.03.2015,8:30 AM,1255.5,RHS,Rural,Tangutur,Head on collision, RTC Bus hit Mini Lorry,Bus,Fatal,Fault of driver of motor vehicle/driver of other vehicle/cyclist/pedestrian/passenger,Four lanes or more with central divider,Straight road,,Fine,AP26Y      9699,P.V&A.M.B,Non injured ,25
20.03.2015,8:30 AM,1255.5,RHS,Rural,Tangutur,Head on collision, RTC Bus hit Mini Lorry,Bus,Fatal,Fault of driver of motor vehicle/driver of other vehicle/cyclist/pedestrian/passenger,Four lanes or more with central divider,Straight road,,Fine,AP26Y      9699,P.V&A.M.B,Animals affected,0
20.03.2015,8:06 PM,1200.6,LHS,Rural,Reningavaram,Collision Brush/Side Wipe, Unknown Vehicle hit pedestrian,Unknown,Fatal,Over speed,Four lanes or more with central divider,Straight road,,Fine,Unknown Vehicle,P.V&A.M.B,Fatal,1
20.03.2015,8:06 PM,1200.6,LHS,Rural,Reningavaram,Collision Brush/Side Wipe, Unknown Vehicle hit pedestrian,Unknown,Fatal,Over speed,Four lanes or more with central divider,Straight road,,Fine,Unknown Vehicle,P.V&A.M.B,Grevious,0
20.03.2015,8:06 PM,1200.6,LHS,Rural,Reningavaram,Collision Brush/Side Wipe, Unknown Vehicle hit pedestrian,Unknown,Fatal,Over speed,Four lanes or more with central divider,Straight road,,Fine,Unknown Vehicle,P.V&A.M.B,Minor,0
20.03.2015,8:06 PM,1200.6,LHS,Rural,Reningavaram,Collision Brush/Side Wipe, Unknown Vehicle hit pedestrian,Unknown,Fatal,Over speed,Four lanes or more with central divider,Straight road,,Fine,Unknown Vehicle,P.V&A.M.B,Non injured ,0
20.03.2015,8:06 PM,1200.6,LHS,Rural,Reningavaram,Collision Brush/Side Wipe, Unknown Vehicle hit pedestrian,Unknown,Fatal,Over speed,Four lanes or more with central divider,Straight road,,Fine,Unknown Vehicle,P.V&A.M.B,Animals affected,0
21.03.2015,11:24 AM,1365,LHS,Rural,Kovuru,Rear End Collision, Container vehicle hit Car,Container,Non injury,Over speed,Four lanes or more with central divider,Straight road,,Fine,AP31TT        8366,P.V,Fatal,0
21.03.2015,11:24 AM,1365,LHS,Rural,Kovuru,Rear End Collision, Container vehicle hit Car,Container,Non injury,Over speed,Four lanes or more with central divider,Straight road,,Fine,AP31TT        8366,P.V,Grevious,0
21.03.2015,11:24 AM,1365,LHS,Rural,Kovuru,Rear End Collision, Container vehicle hit Car,Container,Non injury,Over speed,Four lanes or more with central divider,Straight road,,Fine,AP31TT        8366,P.V,Minor,0
21.03.2015,11:24 AM,1365,LHS,Rural,Kovuru,Rear End Collision, Container vehicle hit Car,Container,Non injury,Over speed,Four lanes or more with central divider,Straight road,,Fine,AP31TT        8366,P.V,Non injured ,4
21.03.2015,11:24 AM,1365,LHS,Rural,Kovuru,Rear End Collision, Container vehicle hit Car,Container,Non injury,Over speed,Four lanes or more with central divider,Straight road,,Fine,AP31TT        8366,P.V,Animals affected,0
22.03.2015,4:30 AM,1185.6,RHS,Rural,Martur,Overturning, Lorry Over Turned,Lorry,Grievious injury,Over speed,Four lanes or more with central divider,Straight road,,Fine,AP21T     3705,P.V,Fatal,0
22.03.2015,4:30 AM,1185.6,RHS,Rural,Martur,Overturning, Lorry Over Turned,Lorry,Grievious injury,Over speed,Four lanes or more with central divider,Straight road,,Fine,AP21T     3705,P.V,Grevious,1
22.03.2015,4:30 AM,1185.6,RHS,Rural,Martur,Overturning, Lorry Over Turned,Lorry,Grievious injury,Over speed,Four lanes or more with central divider,Straight road,,Fine,AP21T     3705,P.V,Minor,0