Operational date,Time of Accident,KM && M,Position,Rural/Urban,Location,Nature of Accident Position,Nature of Accident,Vehicle Involved,Type of Accident,Causes,Road Feature,Road condition,Intersection Type And Control,Weather Condition,Vehicle Responsible,Help Provided by Ambulance/Patroling Vehicle,Classification of Accident,No of Affected Persons
22.03.2015,4:30 AM,1185.6,RHS,Rural,Martur,Overturning, Lorry Over Turned,Lorry,Grievious injury,Over speed,Four lanes or more with central divider,Straight road,,Fine,AP21T     3705,P.V,Non injured ,1
22.03.2015,4:30 AM,1185.6,RHS,Rural,Martur,Overturning, Lorry Over Turned,Lorry,Grievious injury,Over speed,Four lanes or more with central divider,Straight road,,Fine,AP21T     3705,P.V,Animals affected,0
22.03.2016,1:26 PM,1326.4,LHS,Rural,Kavali,Skidding, Bike Skidding,Bike,Minor injury,Over speed,Four lanes or more with central divider,Straight road,,Fine,AP26AT  6324,P.V&A.M.B,Fatal,0
22.03.2016,1:26 PM,1326.4,LHS,Rural,Kavali,Skidding, Bike Skidding,Bike,Minor injury,Over speed,Four lanes or more with central divider,Straight road,,Fine,AP26AT  6324,P.V&A.M.B,Grevious,0
22.03.2016,1:26 PM,1326.4,LHS,Rural,Kavali,Skidding, Bike Skidding,Bike,Minor injury,Over speed,Four lanes or more with central divider,Straight road,,Fine,AP26AT  6324,P.V&A.M.B,Minor,1
22.03.2016,1:26 PM,1326.4,LHS,Rural,Kavali,Skidding, Bike Skidding,Bike,Minor injury,Over speed,Four lanes or more with central divider,Straight road,,Fine,AP26AT  6324,P.V&A.M.B,Non injured ,1
22.03.2016,1:26 PM,1326.4,LHS,Rural,Kavali,Skidding, Bike Skidding,Bike,Minor injury,Over speed,Four lanes or more with central divider,Straight road,,Fine,AP26AT  6324,P.V&A.M.B,Animals affected,0
22.03.2017,6:00 PM,1364.2,LHS,Rural,Kovuru,Collision Brush/Side Wipe, Bike hit   Bike,Bike,Minor injury,Druken,Four lanes or more with central divider,Straight road,,Fine,AP26AT   5729,P.V,Fatal,0
22.03.2017,6:00 PM,1364.2,LHS,Rural,Kovuru,Collision Brush/Side Wipe, Bike hit   Bike,Bike,Minor injury,Druken,Four lanes or more with central divider,Straight road,,Fine,AP26AT   5729,P.V,Grevious,0
22.03.2017,6:00 PM,1364.2,LHS,Rural,Kovuru,Collision Brush/Side Wipe, Bike hit   Bike,Bike,Minor injury,Druken,Four lanes or more with central divider,Straight road,,Fine,AP26AT   5729,P.V,Minor,1
22.03.2017,6:00 PM,1364.2,LHS,Rural,Kovuru,Collision Brush/Side Wipe, Bike hit   Bike,Bike,Minor injury,Druken,Four lanes or more with central divider,Straight road,,Fine,AP26AT   5729,P.V,Non injured ,2
22.03.2017,6:00 PM,1364.2,LHS,Rural,Kovuru,Collision Brush/Side Wipe, Bike hit   Bike,Bike,Minor injury,Druken,Four lanes or more with central divider,Straight road,,Fine,AP26AT   5729,P.V,Animals affected,0
24.03.2015,1:55 AM,1360.1,LHS,Rural,Kodavaluru,Collision Brush/Side Wipe, Mini lorry hit bridge wall,Lorry,Non injury,Vehicle out of control,Four lanes or more with central divider,Straight road,,Fine,AP16TD          4182,P.V,Fatal,0
24.03.2015,1:55 AM,1360.1,LHS,Rural,Kodavaluru,Collision Brush/Side Wipe, Mini lorry hit bridge wall,Lorry,Non injury,Vehicle out of control,Four lanes or more with central divider,Straight road,,Fine,AP16TD          4182,P.V,Grevious,0
24.03.2015,1:55 AM,1360.1,LHS,Rural,Kodavaluru,Collision Brush/Side Wipe, Mini lorry hit bridge wall,Lorry,Non injury,Vehicle out of control,Four lanes or more with central divider,Straight road,,Fine,AP16TD          4182,P.V,Minor,0
24.03.2015,1:55 AM,1360.1,LHS,Rural,Kodavaluru,Collision Brush/Side Wipe, Mini lorry hit bridge wall,Lorry,Non injury,Vehicle out of control,Four lanes or more with central divider,Straight road,,Fine,AP16TD          4182,P.V,Non injured ,2
24.03.2015,1:55 AM,1360.1,LHS,Rural,Kodavaluru,Collision Brush/Side Wipe, Mini lorry hit bridge wall,Lorry,Non injury,Vehicle out of control,Four lanes or more with central divider,Straight road,,Fine,AP16TD          4182,P.V,Animals affected,0
24.03.2015,4:30 AM,1207.8,LHS,Rural,Reningavaram,Rear End Collision, Lorry hit lorry,Lorry,Non injury,Over speed,Four lanes or more with central divider,Straight road,,Fine,AP03Y             5409,P.V,Fatal,0
24.03.2015,4:30 AM,1207.8,LHS,Rural,Reningavaram,Rear End Collision, Lorry hit lorry,Lorry,Non injury,Over speed,Four lanes or more with central divider,Straight road,,Fine,AP03Y             5409,P.V,Grevious,0
24.03.2015,4:30 AM,1207.8,LHS,Rural,Reningavaram,Rear End Collision, Lorry hit lorry,Lorry,Non injury,Over speed,Four lanes or more with central divider,Straight road,,Fine,AP03Y             5409,P.V,Minor,0
24.03.2015,4:30 AM,1207.8,LHS,Rural,Reningavaram,Rear End Collision, Lorry hit lorry,Lorry,Non injury,Over speed,Four lanes or more with central divider,Straight road,,Fine,AP03Y             5409,P.V,Non injured ,2
24.03.2015,4:30 AM,1207.8,LHS,Rural,Reningavaram,Rear End Collision, Lorry hit lorry,Lorry,Non injury,Over speed,Four lanes or more with central divider,Straight road,,Fine,AP03Y             5409,P.V,Animals affected,0
24.03.2015,8:50 AM,1276.2,LHS,Rural,Singarayakonda,Rear End Collision, Bike hit bike,Bike,Minor injury,Fault of driver of motor vehicle/driver of other vehicle/cyclist/pedestrian/passenger,Four lanes or more with central divider,Straight road,,Fine,AP26AM          6753,A.M.B,Fatal,0
24.03.2015,8:50 AM,1276.2,LHS,Rural,Singarayakonda,Rear End Collision, Bike hit bike,Bike,Minor injury,Fault of driver of motor vehicle/driver of other vehicle/cyclist/pedestrian/passenger,Four lanes or more with central divider,Straight road,,Fine,AP26AM          6753,A.M.B,Grevious,0
24.03.2015,8:50 AM,1276.2,LHS,Rural,Singarayakonda,Rear End Collision, Bike hit bike,Bike,Minor injury,Fault of driver of motor vehicle/driver of other vehicle/cyclist/pedestrian/passenger,Four lanes or more with central divider,Straight road,,Fine,AP26AM          6753,A.M.B,Minor,2
24.03.2015,8:50 AM,1276.2,LHS,Rural,Singarayakonda,Rear End Collision, Bike hit bike,Bike,Minor injury,Fault of driver of motor vehicle/driver of other vehicle/cyclist/pedestrian/passenger,Four lanes or more with central divider,Straight road,,Fine,AP26AM          6753,A.M.B,Non injured ,1
24.03.2015,8:50 AM,1276.2,LHS,Rural,Singarayakonda,Rear End Collision, Bike hit bike,Bike,Minor injury,Fault of driver of motor vehicle/driver of other vehicle/cyclist/pedestrian/passenger,Four lanes or more with central divider,Straight road,,Fine,AP26AM          6753,A.M.B,Animals affected,0
24.03.2015,8:10 PM,1205.3,RHS,Rural,Reningavaram,Skidding, Bike skidding ,Bike,Grievious injury,Over speed,Four lanes or more with central divider,Straight road,,Fine,AP27AT           5827,A.M.B,Fatal,0
24.03.2015,8:10 PM,1205.3,RHS,Rural,Reningavaram,Skidding, Bike skidding ,Bike,Grievious injury,Over speed,Four lanes or more with central divider,Straight road,,Fine,AP27AT           5827,A.M.B,Grevious,1
24.03.2015,8:10 PM,1205.3,RHS,Rural,Reningavaram,Skidding, Bike skidding ,Bike,Grievious injury,Over speed,Four lanes or more with central divider,Straight road,,Fine,AP27AT           5827,A.M.B,Minor,1
24.03.2015,8:10 PM,1205.3,RHS,Rural,Reningavaram,Skidding, Bike skidding ,Bike,Grievious injury,Over speed,Four lanes or more with central divider,Straight road,,Fine,AP27AT           5827,A.M.B,Non injured ,0
24.03.2015,8:10 PM,1205.3,RHS,Rural,Reningavaram,Skidding, Bike skidding ,Bike,Grievious injury,Over speed,Four lanes or more with central divider,Straight road,,Fine,AP27AT           5827,A.M.B,Animals affected,0
25.03.2015,12:06 AM,1200,RHS,Rural,Martur,Collision Brush/Side Wipe, Lorry hit Lane assistant,Lorry,Grievious injury,Fault of driver of motor vehicle/driver of other vehicle/cyclist/pedestrian/passenger,Four lanes or more with central divider,Straight road,,Fine,HR38S         7958,A.M.B,Fatal,0
25.03.2015,12:06 AM,1200,RHS,Rural,Martur,Collision Brush/Side Wipe, Lorry hit Lane assistant,Lorry,Grievious injury,Fault of driver of motor vehicle/driver of other vehicle/cyclist/pedestrian/passenger,Four lanes or more with central divider,Straight road,,Fine,HR38S         7958,A.M.B,Grevious,1
25.03.2015,12:06 AM,1200,RHS,Rural,Martur,Collision Brush/Side Wipe, Lorry hit Lane assistant,Lorry,Grievious injury,Fault of driver of motor vehicle/driver of other vehicle/cyclist/pedestrian/passenger,Four lanes or more with central divider,Straight road,,Fine,HR38S         7958,A.M.B,Minor,0
25.03.2015,12:06 AM,1200,RHS,Rural,Martur,Collision Brush/Side Wipe, Lorry hit Lane assistant,Lorry,Grievious injury,Fault of driver of motor vehicle/driver of other vehicle/cyclist/pedestrian/passenger,Four lanes or more with central divider,Straight road,,Fine,HR38S         7958,A.M.B,Non injured ,0
25.03.2015,12:06 AM,1200,RHS,Rural,Martur,Collision Brush/Side Wipe, Lorry hit Lane assistant,Lorry,Grievious injury,Fault of driver of motor vehicle/driver of other vehicle/cyclist/pedestrian/passenger,Four lanes or more with central divider,Straight road,,Fine,HR38S         7958,A.M.B,Animals affected,0
26.03.2015,3:15 AM,1289.7,RHS,Rural,Ulavapadu,Overturning,Oil Tanker Overturned to wards ROW,Tanker,Minor injury,Fault of driver of motor vehicle/driver of other vehicle/cyclist/pedestrian/passenger,Four lanes or more with central divider,Straight road,,Fine,AP28V                       9290,P.V,Fatal,0
26.03.2015,3:15 AM,1289.7,RHS,Rural,Ulavapadu,Overturning,Oil Tanker Overturned to wards ROW,Tanker,Minor injury,Fault of driver of motor vehicle/driver of other vehicle/cyclist/pedestrian/passenger,Four lanes or more with central divider,Straight road,,Fine,AP28V                       9290,P.V,Grevious,0
26.03.2015,3:15 AM,1289.7,RHS,Rural,Ulavapadu,Overturning,Oil Tanker Overturned to wards ROW,Tanker,Minor injury,Fault of driver of motor vehicle/driver of other vehicle/cyclist/pedestrian/passenger,Four lanes or more with central divider,Straight road,,Fine,AP28V                       9290,P.V,Minor,1
26.03.2015,3:15 AM,1289.7,RHS,Rural,Ulavapadu,Overturning,Oil Tanker Overturned to wards ROW,Tanker,Minor injury,Fault of driver of motor vehicle/driver of other vehicle/cyclist/pedestrian/passenger,Four lanes or more with central divider,Straight road,,Fine,AP28V                       9290,P.V,Non injured ,1
26.03.2015,3:15 AM,1289.7,RHS,Rural,Ulavapadu,Overturning,Oil Tanker Overturned to wards ROW,Tanker,Minor injury,Fault of driver of motor vehicle/driver of other vehicle/cyclist/pedestrian/passenger,Four lanes or more with central divider,Straight road,,Fine,AP28V                       9290,P.V,Animals affected,0
26.03.2015,5:40 AM,1265,RHS,Rural,Tangutur,Overturning,Lorry Overturned ,Lorry,Minor injury,Fault of driver of motor vehicle/driver of other vehicle/cyclist/pedestrian/passenger,Four lanes or more with central divider,Straight road,,Fine,AP12U         2799,P.V& A.M.B,Fatal,0
26.03.2015,5:40 AM,1265,RHS,Rural,Tangutur,Overturning,Lorry Overturned ,Lorry,Minor injury,Fault of driver of motor vehicle/driver of other vehicle/cyclist/pedestrian/passenger,Four lanes or more with central divider,Straight road,,Fine,AP12U         2799,P.V& A.M.B,Grevious,0
26.03.2015,5:40 AM,1265,RHS,Rural,Tangutur,Overturning,Lorry Overturned ,Lorry,Minor injury,Fault of driver of motor vehicle/driver of other vehicle/cyclist/pedestrian/passenger,Four lanes or more with central divider,Straight road,,Fine,AP12U         2799,P.V& A.M.B,Minor,1
26.03.2015,5:40 AM,1265,RHS,Rural,Tangutur,Overturning,Lorry Overturned ,Lorry,Minor injury,Fault of driver of motor vehicle/driver of other vehicle/cyclist/pedestrian/passenger,Four lanes or more with central divider,Straight road,,Fine,AP12U         2799,P.V& A.M.B,Non injured ,1
26.03.2015,5:40 AM,1265,RHS,Rural,Tangutur,Overturning,Lorry Overturned ,Lorry,Minor injury,Fault of driver of motor vehicle/driver of other vehicle/cyclist/pedestrian/passenger,Four lanes or more with central divider,Straight road,,Fine,AP12U         2799,P.V& A.M.B,Animals affected,0
26.03.2015,11:05 PM,1240.2,RHS,Rural,Ongole,Rear End Collision, Bolero pikup Van hit Unknown Vehicle,Car,Minor injury,Over speed,Four lanes or more with central divider,Straight road,,Fine,AP07VC  T/R  5432,P.V,Fatal,0
26.03.2015,11:05 PM,1240.2,RHS,Rural,Ongole,Rear End Collision, Bolero pikup Van hit Unknown Vehicle,Car,Minor injury,Over speed,Four lanes or more with central divider,Straight road,,Fine,AP07VC  T/R  5432,P.V,Grevious,0
26.03.2015,11:05 PM,1240.2,RHS,Rural,Ongole,Rear End Collision, Bolero pikup Van hit Unknown Vehicle,Car,Minor injury,Over speed,Four lanes or more with central divider,Straight road,,Fine,AP07VC  T/R  5432,P.V,Minor,2
26.03.2015,11:05 PM,1240.2,RHS,Rural,Ongole,Rear End Collision, Bolero pikup Van hit Unknown Vehicle,Car,Minor injury,Over speed,Four lanes or more with central divider,Straight road,,Fine,AP07VC  T/R  5432,P.V,Non injured ,1
26.03.2015,11:05 PM,1240.2,RHS,Rural,Ongole,Rear End Collision, Bolero pikup Van hit Unknown Vehicle,Car,Minor injury,Over speed,Four lanes or more with central divider,Straight road,,Fine,AP07VC  T/R  5432,P.V,Animals affected,0
27.03.2015,1:00 AM,1235.1,RHS,Rural,Maddipadu,Rear End Collision, Mahindra Maxi Van hit Unknown Vehicle,Van,Grievious injury,Over speed,Four lanes or more with central divider,Straight road,,Fine,AP16TC   3593,P.V,Fatal,0
27.03.2015,1:00 AM,1235.1,RHS,Rural,Maddipadu,Rear End Collision, Mahindra Maxi Van hit Unknown Vehicle,Van,Grievious injury,Over speed,Four lanes or more with central divider,Straight road,,Fine,AP16TC   3593,P.V,Grevious,1
27.03.2015,1:00 AM,1235.1,RHS,Rural,Maddipadu,Rear End Collision, Mahindra Maxi Van hit Unknown Vehicle,Van,Grievious injury,Over speed,Four lanes or more with central divider,Straight road,,Fine,AP16TC   3593,P.V,Minor,0
27.03.2015,1:00 AM,1235.1,RHS,Rural,Maddipadu,Rear End Collision, Mahindra Maxi Van hit Unknown Vehicle,Van,Grievious injury,Over speed,Four lanes or more with central divider,Straight road,,Fine,AP16TC   3593,P.V,Non injured ,0
27.03.2015,1:00 AM,1235.1,RHS,Rural,Maddipadu,Rear End Collision, Mahindra Maxi Van hit Unknown Vehicle,Van,Grievious injury,Over speed,Four lanes or more with central divider,Straight road,,Fine,AP16TC   3593,P.V,Animals affected,0
27.03.2015,1:44 AM,1303.2,RHS,Rural,Gudluru,Rear End Collision, Container Vehicle hit Lorry,Container,Grievious injury,Over speed,Four lanes or more with central divider,Straight road,,Fine,AP16TT     5999,P.V,Fatal,0
27.03.2015,1:44 AM,1303.2,RHS,Rural,Gudluru,Rear End Collision, Container Vehicle hit Lorry,Container,Grievious injury,Over speed,Four lanes or more with central divider,Straight road,,Fine,AP16TT     5999,P.V,Grevious,1
27.03.2015,1:44 AM,1303.2,RHS,Rural,Gudluru,Rear End Collision, Container Vehicle hit Lorry,Container,Grievious injury,Over speed,Four lanes or more with central divider,Straight road,,Fine,AP16TT     5999,P.V,Minor,2
27.03.2015,1:44 AM,1303.2,RHS,Rural,Gudluru,Rear End Collision, Container Vehicle hit Lorry,Container,Grievious injury,Over speed,Four lanes or more with central divider,Straight road,,Fine,AP16TT     5999,P.V,Non injured ,0
27.03.2015,1:44 AM,1303.2,RHS,Rural,Gudluru,Rear End Collision, Container Vehicle hit Lorry,Container,Grievious injury,Over speed,Four lanes or more with central divider,Straight road,,Fine,AP16TT     5999,P.V,Animals affected,0
27.03.2015,2:34 PM,1325,LHS,Rural,Kavali,Overturning,Lorry Overturned to wards ROW,Lorry,Grievious injury,Vehicle out of control,Four lanes or more with central divider,Straight road,,Fine,OR19D      7877,P.V& A.M.B,Fatal,0
27.03.2015,2:34 PM,1325,LHS,Rural,Kavali,Overturning,Lorry Overturned to wards ROW,Lorry,Grievious injury,Vehicle out of control,Four lanes or more with central divider,Straight road,,Fine,OR19D      7877,P.V& A.M.B,Grevious,1
27.03.2015,2:34 PM,1325,LHS,Rural,Kavali,Overturning,Lorry Overturned to wards ROW,Lorry,Grievious injury,Vehicle out of control,Four lanes or more with central divider,Straight road,,Fine,OR19D      7877,P.V& A.M.B,Minor,1
27.03.2015,2:34 PM,1325,LHS,Rural,Kavali,Overturning,Lorry Overturned to wards ROW,Lorry,Grievious injury,Vehicle out of control,Four lanes or more with central divider,Straight road,,Fine,OR19D      7877,P.V& A.M.B,Non injured ,0
27.03.2015,2:34 PM,1325,LHS,Rural,Kavali,Overturning,Lorry Overturned to wards ROW,Lorry,Grievious injury,Vehicle out of control,Four lanes or more with central divider,Straight road,,Fine,OR19D      7877,P.V& A.M.B,Animals affected,0
27.03.2015,6:00 PM,1363.5,RHS,Rural,Kovuru,Collision Brush/Side Wipe, Bike hit Car,Bike,Grievious injury,Fault of driver of motor vehicle/driver of other vehicle/cyclist/pedestrian/passenger,Four lanes or more with central divider,Straight road,,Fine,AP26H       5677,P.V,Fatal,0
27.03.2015,6:00 PM,1363.5,RHS,Rural,Kovuru,Collision Brush/Side Wipe, Bike hit Car,Bike,Grievious injury,Fault of driver of motor vehicle/driver of other vehicle/cyclist/pedestrian/passenger,Four lanes or more with central divider,Straight road,,Fine,AP26H       5677,P.V,Grevious,1
27.03.2015,6:00 PM,1363.5,RHS,Rural,Kovuru,Collision Brush/Side Wipe, Bike hit Car,Bike,Grievious injury,Fault of driver of motor vehicle/driver of other vehicle/cyclist/pedestrian/passenger,Four lanes or more with central divider,Straight road,,Fine,AP26H       5677,P.V,Minor,0
27.03.2015,6:00 PM,1363.5,RHS,Rural,Kovuru,Collision Brush/Side Wipe, Bike hit Car,Bike,Grievious injury,Fault of driver of motor vehicle/driver of other vehicle/cyclist/pedestrian/passenger,Four lanes or more with central divider,Straight road,,Fine,AP26H       5677,P.V,Non injured ,0
27.03.2015,6:00 PM,1363.5,RHS,Rural,Kovuru,Collision Brush/Side Wipe, Bike hit Car,Bike,Grievious injury,Fault of driver of motor vehicle/driver of other vehicle/cyclist/pedestrian/passenger,Four lanes or more with central divider,Straight road,,Fine,AP26H       5677,P.V,Animals affected,0
28.03.2015,10:21 AM,1319.6,RHS,Rural,Kavali,Overturning, Tractor overturned,Tractor,Non injury,Over speed,Four lanes or more with central divider,Straight road,,Fine,AP20 AL  4226,P.V,Fatal,0
28.03.2015,10:21 AM,1319.6,RHS,Rural,Kavali,Overturning, Tractor overturned,Tractor,Non injury,Over speed,Four lanes or more with central divider,Straight road,,Fine,AP20 AL  4226,P.V,Grevious,0
28.03.2015,10:21 AM,1319.6,RHS,Rural,Kavali,Overturning, Tractor overturned,Tractor,Non injury,Over speed,Four lanes or more with central divider,Straight road,,Fine,AP20 AL  4226,P.V,Minor,0
28.03.2015,10:21 AM,1319.6,RHS,Rural,Kavali,Overturning, Tractor overturned,Tractor,Non injury,Over speed,Four lanes or more with central divider,Straight road,,Fine,AP20 AL  4226,P.V,Non injured ,2
28.03.2015,10:21 AM,1319.6,RHS,Rural,Kavali,Overturning, Tractor overturned,Tractor,Non injury,Over speed,Four lanes or more with central divider,Straight road,,Fine,AP20 AL  4226,P.V,Animals affected,0
28.03.2015,12:45 PM,1200,LHS,Rural,Martur,Collision Brush/Side Wipe, Bike hit pedestrian,Bike,Minor injury,Fault of driver of motor vehicle/driver of other vehicle/cyclist/pedestrian/passenger,Four lanes or more with central divider,Straight road,,Fine,AP27H       4883,P.V,Fatal,0
28.03.2015,12:45 PM,1200,LHS,Rural,Martur,Collision Brush/Side Wipe, Bike hit pedestrian,Bike,Minor injury,Fault of driver of motor vehicle/driver of other vehicle/cyclist/pedestrian/passenger,Four lanes or more with central divider,Straight road,,Fine,AP27H       4883,P.V,Grevious,0
28.03.2015,12:45 PM,1200,LHS,Rural,Martur,Collision Brush/Side Wipe, Bike hit pedestrian,Bike,Minor injury,Fault of driver of motor vehicle/driver of other vehicle/cyclist/pedestrian/passenger,Four lanes or more with central divider,Straight road,,Fine,AP27H       4883,P.V,Minor,1
28.03.2015,12:45 PM,1200,LHS,Rural,Martur,Collision Brush/Side Wipe, Bike hit pedestrian,Bike,Minor injury,Fault of driver of motor vehicle/driver of other vehicle/cyclist/pedestrian/passenger,Four lanes or more with central divider,Straight road,,Fine,AP27H       4883,P.V,Non injured ,2
28.03.2015,12:45 PM,1200,LHS,Rural,Martur,Collision Brush/Side Wipe, Bike hit pedestrian,Bike,Minor injury,Fault of driver of motor vehicle/driver of other vehicle/cyclist/pedestrian/passenger,Four lanes or more with central divider,Straight road,,Fine,AP27H       4883,P.V,Animals affected,0
29.03.2015,4:50 AM,1198.4,LHS,Rural,Martur,Rear End Collision, Lorry hit trailer vehicle,Lorry,Non injury,Fault of driver of motor vehicle/driver of other vehicle/cyclist/pedestrian/passenger,Four lanes or more with central divider,Straight road,,Fine,WB41G    0821,P.V,Fatal,0
29.03.2015,4:50 AM,1198.4,LHS,Rural,Martur,Rear End Collision, Lorry hit trailer vehicle,Lorry,Non injury,Fault of driver of motor vehicle/driver of other vehicle/cyclist/pedestrian/passenger,Four lanes or more with central divider,Straight road,,Fine,WB41G    0821,P.V,Grevious,0
29.03.2015,4:50 AM,1198.4,LHS,Rural,Martur,Rear End Collision, Lorry hit trailer vehicle,Lorry,Non injury,Fault of driver of motor vehicle/driver of other vehicle/cyclist/pedestrian/passenger,Four lanes or more with central divider,Straight road,,Fine,WB41G    0821,P.V,Minor,0
29.03.2015,4:50 AM,1198.4,LHS,Rural,Martur,Rear End Collision, Lorry hit trailer vehicle,Lorry,Non injury,Fault of driver of motor vehicle/driver of other vehicle/cyclist/pedestrian/passenger,Four lanes or more with central divider,Straight road,,Fine,WB41G    0821,P.V,Non injured ,2
29.03.2015,4:50 AM,1198.4,LHS,Rural,Martur,Rear End Collision, Lorry hit trailer vehicle,Lorry,Non injury,Fault of driver of motor vehicle/driver of other vehicle/cyclist/pedestrian/passenger,Four lanes or more with central divider,Straight road,,Fine,WB41G    0821,P.V,Animals affected,0
29.03.2015,10:00 PM,1328.6,RHS,Rural,Kavali,Collision Brush/Side Wipe, Car hit median,Car,Non injury,Over speed,Four lanes or more with central divider,Straight road,,Fine,AP02L      0129,P.V,Fatal,0
29.03.2015,10:00 PM,1328.6,RHS,Rural,Kavali,Collision Brush/Side Wipe, Car hit median,Car,Non injury,Over speed,Four lanes or more with central divider,Straight road,,Fine,AP02L      0129,P.V,Grevious,0
29.03.2015,10:00 PM,1328.6,RHS,Rural,Kavali,Collision Brush/Side Wipe, Car hit median,Car,Non injury,Over speed,Four lanes or more with central divider,Straight road,,Fine,AP02L      0129,P.V,Minor,0
29.03.2015,10:00 PM,1328.6,RHS,Rural,Kavali,Collision Brush/Side Wipe, Car hit median,Car,Non injury,Over speed,Four lanes or more with central divider,Straight road,,Fine,AP02L      0129,P.V,Non injured ,2
29.03.2015,10:00 PM,1328.6,RHS,Rural,Kavali,Collision Brush/Side Wipe, Car hit median,Car,Non injury,Over speed,Four lanes or more with central divider,Straight road,,Fine,AP02L      0129,P.V,Animals affected,0
30.03.2015,1:55 AM,1266.6,RHS,Rural,Tangutur,Collision Brush/Side Wipe, Car hit median,Car,Minor injury,Over speed,Four lanes or more with central divider,Straight road,,Fine,AP07CD   3601,P.V & A.M.B,Fatal,0
30.03.2015,1:55 AM,1266.6,RHS,Rural,Tangutur,Collision Brush/Side Wipe, Car hit median,Car,Minor injury,Over speed,Four lanes or more with central divider,Straight road,,Fine,AP07CD   3601,P.V & A.M.B,Grevious,0
30.03.2015,1:55 AM,1266.6,RHS,Rural,Tangutur,Collision Brush/Side Wipe, Car hit median,Car,Minor injury,Over speed,Four lanes or more with central divider,Straight road,,Fine,AP07CD   3601,P.V & A.M.B,Minor,3
30.03.2015,1:55 AM,1266.6,RHS,Rural,Tangutur,Collision Brush/Side Wipe, Car hit median,Car,Minor injury,Over speed,Four lanes or more with central divider,Straight road,,Fine,AP07CD   3601,P.V & A.M.B,Non injured ,3
30.03.2015,1:55 AM,1266.6,RHS,Rural,Tangutur,Collision Brush/Side Wipe, Car hit median,Car,Minor injury,Over speed,Four lanes or more with central divider,Straight road,,Fine,AP07CD   3601,P.V & A.M.B,Animals affected,0
30.03.2015,12:20 PM,1257,LHS,Rural,Tangutur,Rear End Collision, Ready mix cement tanker hit oil tanker,Ready,Minor injury,Fault of driver of motor vehicle/driver of other vehicle/cyclist/pedestrian/passenger,Four lanes or more with central divider,Straight road,,Fine,AP09Y      8359,P.V & A.M.B,Fatal,0
30.03.2015,12:20 PM,1257,LHS,Rural,Tangutur,Rear End Collision, Ready mix cement tanker hit oil tanker,Ready,Minor injury,Fault of driver of motor vehicle/driver of other vehicle/cyclist/pedestrian/passenger,Four lanes or more with central divider,Straight road,,Fine,AP09Y      8359,P.V & A.M.B,Grevious,0
30.03.2015,12:20 PM,1257,LHS,Rural,Tangutur,Rear End Collision, Ready mix cement tanker hit oil tanker,Ready,Minor injury,Fault of driver of motor vehicle/driver of other vehicle/cyclist/pedestrian/passenger,Four lanes or more with central divider,Straight road,,Fine,AP09Y      8359,P.V & A.M.B,Minor,1
30.03.2015,12:20 PM,1257,LHS,Rural,Tangutur,Rear End Collision, Ready mix cement tanker hit oil tanker,Ready,Minor injury,Fault of driver of motor vehicle/driver of other vehicle/cyclist/pedestrian/passenger,Four lanes or more with central divider,Straight road,,Fine,AP09Y      8359,P.V & A.M.B,Non injured ,3
30.03.2015,12:20 PM,1257,LHS,Rural,Tangutur,Rear End Collision, Ready mix cement tanker hit oil tanker,Ready,Minor injury,Fault of driver of motor vehicle/driver of other vehicle/cyclist/pedestrian/passenger,Four lanes or more with central divider,Straight road,,Fine,AP09Y      8359,P.V & A.M.B,Animals affected,0
30.03.2015,12:40 PM,1257,RHS,Rural,Tangutur,Rear End Collision, Lorry hit RTC bus,Lorry,Non injury,Over speed,Four lanes or more with central divider,Straight road,,Fine,AP29V       6160,P.V,Fatal,0
30.03.2015,12:40 PM,1257,RHS,Rural,Tangutur,Rear End Collision, Lorry hit RTC bus,Lorry,Non injury,Over speed,Four lanes or more with central divider,Straight road,,Fine,AP29V       6160,P.V,Grevious,0
30.03.2015,12:40 PM,1257,RHS,Rural,Tangutur,Rear End Collision, Lorry hit RTC bus,Lorry,Non injury,Over speed,Four lanes or more with central divider,Straight road,,Fine,AP29V       6160,P.V,Minor,0
30.03.2015,12:40 PM,1257,RHS,Rural,Tangutur,Rear End Collision, Lorry hit RTC bus,Lorry,Non injury,Over speed,Four lanes or more with central divider,Straight road,,Fine,AP29V       6160,P.V,Non injured ,25
30.03.2015,12:40 PM,1257,RHS,Rural,Tangutur,Rear End Collision, Lorry hit RTC bus,Lorry,Non injury,Over speed,Four lanes or more with central divider,Straight road,,Fine,AP29V       6160,P.V,Animals affected,0
30.03.2015,8:42 PM,1194.9,LHS,Rural,Martur,Collision Brush/Side Wipe, Unknown vehicle hit pedestrian,Unknown,Grievious injury,Over speed,Four lanes or more with central divider,Straight road,,Fine,Unknown vehicle,A.M.B,Fatal,0