Operational date,Time of Accident,KM && M,Position,Rural/Urban,Location,Nature of Accident Position,Nature of Accident,Vehicle Involved,Type of Accident,Causes,Road Feature,Road condition,Intersection Type And Control,Weather Condition,Vehicle Responsible,Help Provided by Ambulance/Patroling Vehicle,Classification of Accident,No of Affected Persons
30.03.2015,8:42 PM,1194.9,LHS,Rural,Martur,Collision Brush/Side Wipe, Unknown vehicle hit pedestrian,Unknown,Grievious injury,Over speed,Four lanes or more with central divider,Straight road,,Fine,Unknown vehicle,A.M.B,Grevious,1
30.03.2015,8:42 PM,1194.9,LHS,Rural,Martur,Collision Brush/Side Wipe, Unknown vehicle hit pedestrian,Unknown,Grievious injury,Over speed,Four lanes or more with central divider,Straight road,,Fine,Unknown vehicle,A.M.B,Minor,0
30.03.2015,8:42 PM,1194.9,LHS,Rural,Martur,Collision Brush/Side Wipe, Unknown vehicle hit pedestrian,Unknown,Grievious injury,Over speed,Four lanes or more with central divider,Straight road,,Fine,Unknown vehicle,A.M.B,Non injured ,0
30.03.2015,8:42 PM,1194.9,LHS,Rural,Martur,Collision Brush/Side Wipe, Unknown vehicle hit pedestrian,Unknown,Grievious injury,Over speed,Four lanes or more with central divider,Straight road,,Fine,Unknown vehicle,A.M.B,Animals affected,0
01.04.2015,2:00 AM,1354.3,LHS,Rural,Kodavaluru,Rear End Collision, Oil Tanker hit Unknown vehicle,Tanker,Non injury,Over speed,Four lanes or more with central divider,Straight road,,Fine,AP03T 2889,P.V,Fatal,0
01.04.2015,2:00 AM,1354.3,LHS,Rural,Kodavaluru,Rear End Collision, Oil Tanker hit Unknown vehicle,Tanker,Non injury,Over speed,Four lanes or more with central divider,Straight road,,Fine,AP03T 2889,P.V,Grevious,0
01.04.2015,2:00 AM,1354.3,LHS,Rural,Kodavaluru,Rear End Collision, Oil Tanker hit Unknown vehicle,Tanker,Non injury,Over speed,Four lanes or more with central divider,Straight road,,Fine,AP03T 2889,P.V,Minor,0
01.04.2015,2:00 AM,1354.3,LHS,Rural,Kodavaluru,Rear End Collision, Oil Tanker hit Unknown vehicle,Tanker,Non injury,Over speed,Four lanes or more with central divider,Straight road,,Fine,AP03T 2889,P.V,Non injured ,1
01.04.2015,2:00 AM,1354.3,LHS,Rural,Kodavaluru,Rear End Collision, Oil Tanker hit Unknown vehicle,Tanker,Non injury,Over speed,Four lanes or more with central divider,Straight road,,Fine,AP03T 2889,P.V,Animals affected,0
01.04.2015,11:40 AM,1334.9,RHS,Rural,K.Tippa ,Collision Brush/Side Wipe, Container vehicle hit Bike,Container,Fatal,Over speed,Two lanes,Straight road,,Fine,TN28AL  8802,P.V,Fatal,1
01.04.2015,11:40 AM,1334.9,RHS,Rural,K.Tippa ,Collision Brush/Side Wipe, Container vehicle hit Bike,Container,Fatal,Over speed,Two lanes,Straight road,,Fine,TN28AL  8802,P.V,Grevious,1
01.04.2015,11:40 AM,1334.9,RHS,Rural,K.Tippa ,Collision Brush/Side Wipe, Container vehicle hit Bike,Container,Fatal,Over speed,Two lanes,Straight road,,Fine,TN28AL  8802,P.V,Minor,0
01.04.2015,11:40 AM,1334.9,RHS,Rural,K.Tippa ,Collision Brush/Side Wipe, Container vehicle hit Bike,Container,Fatal,Over speed,Two lanes,Straight road,,Fine,TN28AL  8802,P.V,Non injured ,0
01.04.2015,11:40 AM,1334.9,RHS,Rural,K.Tippa ,Collision Brush/Side Wipe, Container vehicle hit Bike,Container,Fatal,Over speed,Two lanes,Straight road,,Fine,TN28AL  8802,P.V,Animals affected,0
03.04.2015,11:40 AM,1296.9,LHS,Rural,Ulavapadu,Overturning,Container Vehicle Overturned to wards RO,Container,Non injury,Over speed,Four lanes or more with central divider,Straight road,,Fine,AP9X         2390,P.V,Fatal,0
03.04.2015,11:40 AM,1296.9,LHS,Rural,Ulavapadu,Overturning,Container Vehicle Overturned to wards RO,Container,Non injury,Over speed,Four lanes or more with central divider,Straight road,,Fine,AP9X         2390,P.V,Grevious,0
03.04.2015,11:40 AM,1296.9,LHS,Rural,Ulavapadu,Overturning,Container Vehicle Overturned to wards RO,Container,Non injury,Over speed,Four lanes or more with central divider,Straight road,,Fine,AP9X         2390,P.V,Minor,0
03.04.2015,11:40 AM,1296.9,LHS,Rural,Ulavapadu,Overturning,Container Vehicle Overturned to wards RO,Container,Non injury,Over speed,Four lanes or more with central divider,Straight road,,Fine,AP9X         2390,P.V,Non injured ,1
03.04.2015,11:40 AM,1296.9,LHS,Rural,Ulavapadu,Overturning,Container Vehicle Overturned to wards RO,Container,Non injury,Over speed,Four lanes or more with central divider,Straight road,,Fine,AP9X         2390,P.V,Animals affected,0
03.04.2015,11:55 AM,1231.3,LHS,Rural,Maddipadu,Collision Brush/Side Wipe, Tractor hit Pedestrian,Tractor,Fatal,Fault of driver of motor vehicle/driver of other vehicle/cyclist/pedestrian/passenger,Four lanes or more with central divider,Straight road,Four arm junction,Fine,AP27V       2651,P.V,Fatal,1
03.04.2015,11:55 AM,1231.3,LHS,Rural,Maddipadu,Collision Brush/Side Wipe, Tractor hit Pedestrian,Tractor,Fatal,Fault of driver of motor vehicle/driver of other vehicle/cyclist/pedestrian/passenger,Four lanes or more with central divider,Straight road,Four arm junction,Fine,AP27V       2651,P.V,Grevious,0
03.04.2015,11:55 AM,1231.3,LHS,Rural,Maddipadu,Collision Brush/Side Wipe, Tractor hit Pedestrian,Tractor,Fatal,Fault of driver of motor vehicle/driver of other vehicle/cyclist/pedestrian/passenger,Four lanes or more with central divider,Straight road,Four arm junction,Fine,AP27V       2651,P.V,Minor,0
03.04.2015,11:55 AM,1231.3,LHS,Rural,Maddipadu,Collision Brush/Side Wipe, Tractor hit Pedestrian,Tractor,Fatal,Fault of driver of motor vehicle/driver of other vehicle/cyclist/pedestrian/passenger,Four lanes or more with central divider,Straight road,Four arm junction,Fine,AP27V       2651,P.V,Non injured ,0
03.04.2015,11:55 AM,1231.3,LHS,Rural,Maddipadu,Collision Brush/Side Wipe, Tractor hit Pedestrian,Tractor,Fatal,Fault of driver of motor vehicle/driver of other vehicle/cyclist/pedestrian/passenger,Four lanes or more with central divider,Straight road,Four arm junction,Fine,AP27V       2651,P.V,Animals affected,0
04.04.2015,12:58 PM,1267.1,RHS,Rural,Tangutur,Collision Brush/Side Wipe, Bike hit to Water Tanker,Bike,Grievious injury,Druken,Four lanes or more with central divider,Straight road,,Fine,TS07EE     4728,P.V,Fatal,0
04.04.2015,12:58 PM,1267.1,RHS,Rural,Tangutur,Collision Brush/Side Wipe, Bike hit to Water Tanker,Bike,Grievious injury,Druken,Four lanes or more with central divider,Straight road,,Fine,TS07EE     4728,P.V,Grevious,1
04.04.2015,12:58 PM,1267.1,RHS,Rural,Tangutur,Collision Brush/Side Wipe, Bike hit to Water Tanker,Bike,Grievious injury,Druken,Four lanes or more with central divider,Straight road,,Fine,TS07EE     4728,P.V,Minor,0
04.04.2015,12:58 PM,1267.1,RHS,Rural,Tangutur,Collision Brush/Side Wipe, Bike hit to Water Tanker,Bike,Grievious injury,Druken,Four lanes or more with central divider,Straight road,,Fine,TS07EE     4728,P.V,Non injured ,0
04.04.2015,12:58 PM,1267.1,RHS,Rural,Tangutur,Collision Brush/Side Wipe, Bike hit to Water Tanker,Bike,Grievious injury,Druken,Four lanes or more with central divider,Straight road,,Fine,TS07EE     4728,P.V,Animals affected,0
05.04.2015,12:58 PM,1317,RHS,Rural,Kavali,Rear End Collision, Lorry hit  to Lorry,Lorry,Grievious injury,Fault of driver of motor vehicle/driver of other vehicle/cyclist/pedestrian/passenger,Four lanes or more with central divider,Straight road,,Fine,TN67P       7041,"P.V, AMB",Fatal,0
05.04.2015,12:58 PM,1317,RHS,Rural,Kavali,Rear End Collision, Lorry hit  to Lorry,Lorry,Grievious injury,Fault of driver of motor vehicle/driver of other vehicle/cyclist/pedestrian/passenger,Four lanes or more with central divider,Straight road,,Fine,TN67P       7041,"P.V, AMB",Grevious,1
05.04.2015,12:58 PM,1317,RHS,Rural,Kavali,Rear End Collision, Lorry hit  to Lorry,Lorry,Grievious injury,Fault of driver of motor vehicle/driver of other vehicle/cyclist/pedestrian/passenger,Four lanes or more with central divider,Straight road,,Fine,TN67P       7041,"P.V, AMB",Minor,1
05.04.2015,12:58 PM,1317,RHS,Rural,Kavali,Rear End Collision, Lorry hit  to Lorry,Lorry,Grievious injury,Fault of driver of motor vehicle/driver of other vehicle/cyclist/pedestrian/passenger,Four lanes or more with central divider,Straight road,,Fine,TN67P       7041,"P.V, AMB",Non injured ,0
05.04.2015,12:58 PM,1317,RHS,Rural,Kavali,Rear End Collision, Lorry hit  to Lorry,Lorry,Grievious injury,Fault of driver of motor vehicle/driver of other vehicle/cyclist/pedestrian/passenger,Four lanes or more with central divider,Straight road,,Fine,TN67P       7041,"P.V, AMB",Animals affected,0
07.04.2015,4:50 AM,1288,LHS,Rural,Ulavapadu,Collision Brush/Side Wipe, Car hit to Safety Wall,Car,Non injury,Over speed,Two lanes,Straight road,,Fine,AP27BC        5,P.V,Fatal,0
07.04.2015,4:50 AM,1288,LHS,Rural,Ulavapadu,Collision Brush/Side Wipe, Car hit to Safety Wall,Car,Non injury,Over speed,Two lanes,Straight road,,Fine,AP27BC        5,P.V,Grevious,0
07.04.2015,4:50 AM,1288,LHS,Rural,Ulavapadu,Collision Brush/Side Wipe, Car hit to Safety Wall,Car,Non injury,Over speed,Two lanes,Straight road,,Fine,AP27BC        5,P.V,Minor,0
07.04.2015,4:50 AM,1288,LHS,Rural,Ulavapadu,Collision Brush/Side Wipe, Car hit to Safety Wall,Car,Non injury,Over speed,Two lanes,Straight road,,Fine,AP27BC        5,P.V,Non injured ,3
07.04.2015,4:50 AM,1288,LHS,Rural,Ulavapadu,Collision Brush/Side Wipe, Car hit to Safety Wall,Car,Non injury,Over speed,Two lanes,Straight road,,Fine,AP27BC        5,P.V,Animals affected,0
07.04.2015,8:45 AM,1239.1,LHS,Rural,Maddipadu,Right Turn Collision, Car hit to Tipper Lorry,Car,Non injury,Fault of driver of motor vehicle/driver of other vehicle/cyclist/pedestrian/passenger,Four lanes or more with central divider,Straight road,,Fine,AP16BS      9009,P.V,Fatal,0
07.04.2015,8:45 AM,1239.1,LHS,Rural,Maddipadu,Right Turn Collision, Car hit to Tipper Lorry,Car,Non injury,Fault of driver of motor vehicle/driver of other vehicle/cyclist/pedestrian/passenger,Four lanes or more with central divider,Straight road,,Fine,AP16BS      9009,P.V,Grevious,0
07.04.2015,8:45 AM,1239.1,LHS,Rural,Maddipadu,Right Turn Collision, Car hit to Tipper Lorry,Car,Non injury,Fault of driver of motor vehicle/driver of other vehicle/cyclist/pedestrian/passenger,Four lanes or more with central divider,Straight road,,Fine,AP16BS      9009,P.V,Minor,0
07.04.2015,8:45 AM,1239.1,LHS,Rural,Maddipadu,Right Turn Collision, Car hit to Tipper Lorry,Car,Non injury,Fault of driver of motor vehicle/driver of other vehicle/cyclist/pedestrian/passenger,Four lanes or more with central divider,Straight road,,Fine,AP16BS      9009,P.V,Non injured ,3
07.04.2015,8:45 AM,1239.1,LHS,Rural,Maddipadu,Right Turn Collision, Car hit to Tipper Lorry,Car,Non injury,Fault of driver of motor vehicle/driver of other vehicle/cyclist/pedestrian/passenger,Four lanes or more with central divider,Straight road,,Fine,AP16BS      9009,P.V,Animals affected,0
08.04.2015,10:25 AM,1305.4,LHS,Rural,Gudluru,Collision Brush/Side Wipe, Car hit Bike,Car,Fatal,Over speed,Four lanes or more with central divider,Straight road,,Fine,AP26AJ   8557,P.V,Fatal,1
08.04.2015,10:25 AM,1305.4,LHS,Rural,Gudluru,Collision Brush/Side Wipe, Car hit Bike,Car,Fatal,Over speed,Four lanes or more with central divider,Straight road,,Fine,AP26AJ   8557,P.V,Grevious,0
08.04.2015,10:25 AM,1305.4,LHS,Rural,Gudluru,Collision Brush/Side Wipe, Car hit Bike,Car,Fatal,Over speed,Four lanes or more with central divider,Straight road,,Fine,AP26AJ   8557,P.V,Minor,0
08.04.2015,10:25 AM,1305.4,LHS,Rural,Gudluru,Collision Brush/Side Wipe, Car hit Bike,Car,Fatal,Over speed,Four lanes or more with central divider,Straight road,,Fine,AP26AJ   8557,P.V,Non injured ,1
08.04.2015,10:25 AM,1305.4,LHS,Rural,Gudluru,Collision Brush/Side Wipe, Car hit Bike,Car,Fatal,Over speed,Four lanes or more with central divider,Straight road,,Fine,AP26AJ   8557,P.V,Animals affected,0
09.04.2015,2:30 AM,1366.5,RHS,Rural,Kovuru,Rear End Collision, Tempo Van hit Car,Van,Minor injury,Over speed,Four lanes or more with central divider,Straight road,Y-Junction,Fine,TN55AK   2156,P.V,Fatal,0
09.04.2015,2:30 AM,1366.5,RHS,Rural,Kovuru,Rear End Collision, Tempo Van hit Car,Van,Minor injury,Over speed,Four lanes or more with central divider,Straight road,Y-Junction,Fine,TN55AK   2156,P.V,Grevious,0
09.04.2015,2:30 AM,1366.5,RHS,Rural,Kovuru,Rear End Collision, Tempo Van hit Car,Van,Minor injury,Over speed,Four lanes or more with central divider,Straight road,Y-Junction,Fine,TN55AK   2156,P.V,Minor,3
09.04.2015,2:30 AM,1366.5,RHS,Rural,Kovuru,Rear End Collision, Tempo Van hit Car,Van,Minor injury,Over speed,Four lanes or more with central divider,Straight road,Y-Junction,Fine,TN55AK   2156,P.V,Non injured ,11
09.04.2015,2:30 AM,1366.5,RHS,Rural,Kovuru,Rear End Collision, Tempo Van hit Car,Van,Minor injury,Over speed,Four lanes or more with central divider,Straight road,Y-Junction,Fine,TN55AK   2156,P.V,Animals affected,0
09.04.2015,4:40 AM,1210.8,LHS,Rural,Reningavaram,Rear End Collision, Car hit Lorry,Car,Grievious injury,Over speed,Four lanes or more with central divider,Straight road,,Fine,PY01CD   9979,"P.V, AMB",Fatal,0
09.04.2015,4:40 AM,1210.8,LHS,Rural,Reningavaram,Rear End Collision, Car hit Lorry,Car,Grievious injury,Over speed,Four lanes or more with central divider,Straight road,,Fine,PY01CD   9979,"P.V, AMB",Grevious,2
09.04.2015,4:40 AM,1210.8,LHS,Rural,Reningavaram,Rear End Collision, Car hit Lorry,Car,Grievious injury,Over speed,Four lanes or more with central divider,Straight road,,Fine,PY01CD   9979,"P.V, AMB",Minor,2
09.04.2015,4:40 AM,1210.8,LHS,Rural,Reningavaram,Rear End Collision, Car hit Lorry,Car,Grievious injury,Over speed,Four lanes or more with central divider,Straight road,,Fine,PY01CD   9979,"P.V, AMB",Non injured ,1
09.04.2015,4:40 AM,1210.8,LHS,Rural,Reningavaram,Rear End Collision, Car hit Lorry,Car,Grievious injury,Over speed,Four lanes or more with central divider,Straight road,,Fine,PY01CD   9979,"P.V, AMB",Animals affected,0
09.04.2015,7:00 PM,1341.7,LHS,Rural,Dagadarthi,Collision Brush/Side Wipe,Bike hit Trailer Vehicle ,Bike,Grievious injury,Over speed,Four lanes or more with central divider,Straight road,,Fine,AP03AB    9791,P.V,Fatal,0
09.04.2015,7:00 PM,1341.7,LHS,Rural,Dagadarthi,Collision Brush/Side Wipe,Bike hit Trailer Vehicle ,Bike,Grievious injury,Over speed,Four lanes or more with central divider,Straight road,,Fine,AP03AB    9791,P.V,Grevious,1
09.04.2015,7:00 PM,1341.7,LHS,Rural,Dagadarthi,Collision Brush/Side Wipe,Bike hit Trailer Vehicle ,Bike,Grievious injury,Over speed,Four lanes or more with central divider,Straight road,,Fine,AP03AB    9791,P.V,Minor,0
09.04.2015,7:00 PM,1341.7,LHS,Rural,Dagadarthi,Collision Brush/Side Wipe,Bike hit Trailer Vehicle ,Bike,Grievious injury,Over speed,Four lanes or more with central divider,Straight road,,Fine,AP03AB    9791,P.V,Non injured ,0
09.04.2015,7:00 PM,1341.7,LHS,Rural,Dagadarthi,Collision Brush/Side Wipe,Bike hit Trailer Vehicle ,Bike,Grievious injury,Over speed,Four lanes or more with central divider,Straight road,,Fine,AP03AB    9791,P.V,Animals affected,0
10.04.2015,1:00 AM,1253.8,RHS,Rural,Ongole,Overturning,Lorry Overturned in Shoulder,Lorry,Minor injury,Druken,Four lanes or more with central divider,Slight curve,,Fine,AP24TB  1261,"P.V, AMB",Fatal,0
10.04.2015,1:00 AM,1253.8,RHS,Rural,Ongole,Overturning,Lorry Overturned in Shoulder,Lorry,Minor injury,Druken,Four lanes or more with central divider,Slight curve,,Fine,AP24TB  1261,"P.V, AMB",Grevious,0
10.04.2015,1:00 AM,1253.8,RHS,Rural,Ongole,Overturning,Lorry Overturned in Shoulder,Lorry,Minor injury,Druken,Four lanes or more with central divider,Slight curve,,Fine,AP24TB  1261,"P.V, AMB",Minor,1
10.04.2015,1:00 AM,1253.8,RHS,Rural,Ongole,Overturning,Lorry Overturned in Shoulder,Lorry,Minor injury,Druken,Four lanes or more with central divider,Slight curve,,Fine,AP24TB  1261,"P.V, AMB",Non injured ,0
10.04.2015,1:00 AM,1253.8,RHS,Rural,Ongole,Overturning,Lorry Overturned in Shoulder,Lorry,Minor injury,Druken,Four lanes or more with central divider,Slight curve,,Fine,AP24TB  1261,"P.V, AMB",Animals affected,0
10.04.2015,5:20 AM,1366.5,RHS,Rural,Kovuru,Rear End Collision,Container Vehicle hit Chemical Tanker,Container,Minor injury,Fault of driver of motor vehicle/driver of other vehicle/cyclist/pedestrian/passenger,Four lanes or more with central divider,Straight road,Y-Junction,Fine,TN04AM   3188,P.V,Fatal,0
10.04.2015,5:20 AM,1366.5,RHS,Rural,Kovuru,Rear End Collision,Container Vehicle hit Chemical Tanker,Container,Minor injury,Fault of driver of motor vehicle/driver of other vehicle/cyclist/pedestrian/passenger,Four lanes or more with central divider,Straight road,Y-Junction,Fine,TN04AM   3188,P.V,Grevious,0
10.04.2015,5:20 AM,1366.5,RHS,Rural,Kovuru,Rear End Collision,Container Vehicle hit Chemical Tanker,Container,Minor injury,Fault of driver of motor vehicle/driver of other vehicle/cyclist/pedestrian/passenger,Four lanes or more with central divider,Straight road,Y-Junction,Fine,TN04AM   3188,P.V,Minor,1
10.04.2015,5:20 AM,1366.5,RHS,Rural,Kovuru,Rear End Collision,Container Vehicle hit Chemical Tanker,Container,Minor injury,Fault of driver of motor vehicle/driver of other vehicle/cyclist/pedestrian/passenger,Four lanes or more with central divider,Straight road,Y-Junction,Fine,TN04AM   3188,P.V,Non injured ,1
10.04.2015,5:20 AM,1366.5,RHS,Rural,Kovuru,Rear End Collision,Container Vehicle hit Chemical Tanker,Container,Minor injury,Fault of driver of motor vehicle/driver of other vehicle/cyclist/pedestrian/passenger,Four lanes or more with central divider,Straight road,Y-Junction,Fine,TN04AM   3188,P.V,Animals affected,0
10.04.2015,9:15 AM,1203.6,RHS,Rural,Reningavaram,Collision Brush/Side Wipe, Car hit   Auto,Car,Grievious injury,Over speed,Four lanes or more with central divider,Straight road,,Fine,AP26T      7479,"P.V, AMB",Fatal,0
10.04.2015,9:15 AM,1203.6,RHS,Rural,Reningavaram,Collision Brush/Side Wipe, Car hit   Auto,Car,Grievious injury,Over speed,Four lanes or more with central divider,Straight road,,Fine,AP26T      7479,"P.V, AMB",Grevious,3
10.04.2015,9:15 AM,1203.6,RHS,Rural,Reningavaram,Collision Brush/Side Wipe, Car hit   Auto,Car,Grievious injury,Over speed,Four lanes or more with central divider,Straight road,,Fine,AP26T      7479,"P.V, AMB",Minor,3
10.04.2015,9:15 AM,1203.6,RHS,Rural,Reningavaram,Collision Brush/Side Wipe, Car hit   Auto,Car,Grievious injury,Over speed,Four lanes or more with central divider,Straight road,,Fine,AP26T      7479,"P.V, AMB",Non injured ,2
10.04.2015,9:15 AM,1203.6,RHS,Rural,Reningavaram,Collision Brush/Side Wipe, Car hit   Auto,Car,Grievious injury,Over speed,Four lanes or more with central divider,Straight road,,Fine,AP26T      7479,"P.V, AMB",Animals affected,0
11.04.2015,9:30 AM,1232.1,LHS,Rural,Maddipadu,Rear End Collision, Mini lorry hit container vehicle,Lorry,Grievious injury,Fault of driver of motor vehicle/driver of other vehicle/cyclist/pedestrian/passenger,Four lanes or more with central divider,Straight road,,Fine,KA04B  0799,P.V,Fatal,0
11.04.2015,9:30 AM,1232.1,LHS,Rural,Maddipadu,Rear End Collision, Mini lorry hit container vehicle,Lorry,Grievious injury,Fault of driver of motor vehicle/driver of other vehicle/cyclist/pedestrian/passenger,Four lanes or more with central divider,Straight road,,Fine,KA04B  0799,P.V,Grevious,1
11.04.2015,9:30 AM,1232.1,LHS,Rural,Maddipadu,Rear End Collision, Mini lorry hit container vehicle,Lorry,Grievious injury,Fault of driver of motor vehicle/driver of other vehicle/cyclist/pedestrian/passenger,Four lanes or more with central divider,Straight road,,Fine,KA04B  0799,P.V,Minor,0
11.04.2015,9:30 AM,1232.1,LHS,Rural,Maddipadu,Rear End Collision, Mini lorry hit container vehicle,Lorry,Grievious injury,Fault of driver of motor vehicle/driver of other vehicle/cyclist/pedestrian/passenger,Four lanes or more with central divider,Straight road,,Fine,KA04B  0799,P.V,Non injured ,1
11.04.2015,9:30 AM,1232.1,LHS,Rural,Maddipadu,Rear End Collision, Mini lorry hit container vehicle,Lorry,Grievious injury,Fault of driver of motor vehicle/driver of other vehicle/cyclist/pedestrian/passenger,Four lanes or more with central divider,Straight road,,Fine,KA04B  0799,P.V,Animals affected,0
12.04.2015,4:40 AM,1289.1,RHS,Rural,Ulavapadu,Head on collision, Car hit   Tipper,Car,Fatal,Fault of driver of motor vehicle/driver of other vehicle/cyclist/pedestrian/passenger,Four lanes or more with central divider,Straight road,,Fine,AP37AW  6460,"P.V, AMB",Fatal,2
12.04.2015,4:40 AM,1289.1,RHS,Rural,Ulavapadu,Head on collision, Car hit   Tipper,Car,Fatal,Fault of driver of motor vehicle/driver of other vehicle/cyclist/pedestrian/passenger,Four lanes or more with central divider,Straight road,,Fine,AP37AW  6460,"P.V, AMB",Grevious,0
12.04.2015,4:40 AM,1289.1,RHS,Rural,Ulavapadu,Head on collision, Car hit   Tipper,Car,Fatal,Fault of driver of motor vehicle/driver of other vehicle/cyclist/pedestrian/passenger,Four lanes or more with central divider,Straight road,,Fine,AP37AW  6460,"P.V, AMB",Minor,2
12.04.2015,4:40 AM,1289.1,RHS,Rural,Ulavapadu,Head on collision, Car hit   Tipper,Car,Fatal,Fault of driver of motor vehicle/driver of other vehicle/cyclist/pedestrian/passenger,Four lanes or more with central divider,Straight road,,Fine,AP37AW  6460,"P.V, AMB",Non injured ,1
12.04.2015,4:40 AM,1289.1,RHS,Rural,Ulavapadu,Head on collision, Car hit   Tipper,Car,Fatal,Fault of driver of motor vehicle/driver of other vehicle/cyclist/pedestrian/passenger,Four lanes or more with central divider,Straight road,,Fine,AP37AW  6460,"P.V, AMB",Animals affected,0
12.04.2015,8:30 AM,1315.7,RHS,Rural,Kavali,Collision Brush/Side Wipe, Car hit Container vehicle ,Car,Minor injury,Over speed,Four lanes or more with central divider,Straight road,,Fine,TN09BS   7068,"P.V, AMB",Fatal,0
12.04.2015,8:30 AM,1315.7,RHS,Rural,Kavali,Collision Brush/Side Wipe, Car hit Container vehicle ,Car,Minor injury,Over speed,Four lanes or more with central divider,Straight road,,Fine,TN09BS   7068,"P.V, AMB",Grevious,0
12.04.2015,8:30 AM,1315.7,RHS,Rural,Kavali,Collision Brush/Side Wipe, Car hit Container vehicle ,Car,Minor injury,Over speed,Four lanes or more with central divider,Straight road,,Fine,TN09BS   7068,"P.V, AMB",Minor,1
12.04.2015,8:30 AM,1315.7,RHS,Rural,Kavali,Collision Brush/Side Wipe, Car hit Container vehicle ,Car,Minor injury,Over speed,Four lanes or more with central divider,Straight road,,Fine,TN09BS   7068,"P.V, AMB",Non injured ,4
12.04.2015,8:30 AM,1315.7,RHS,Rural,Kavali,Collision Brush/Side Wipe, Car hit Container vehicle ,Car,Minor injury,Over speed,Four lanes or more with central divider,Straight road,,Fine,TN09BS   7068,"P.V, AMB",Animals affected,0
12.04.2015,8:55 AM,1267,LHS,Rural,Tangutur,Overturning, Bolero Car  hit Vup Bridge wall and  fa,Car,Grievious injury,Over speed,Four lanes or more with central divider,Straight road,,Fine,AP37BK   6813,"P.V, AMB",Fatal,0
12.04.2015,8:55 AM,1267,LHS,Rural,Tangutur,Overturning, Bolero Car  hit Vup Bridge wall and  fa,Car,Grievious injury,Over speed,Four lanes or more with central divider,Straight road,,Fine,AP37BK   6813,"P.V, AMB",Grevious,7
12.04.2015,8:55 AM,1267,LHS,Rural,Tangutur,Overturning, Bolero Car  hit Vup Bridge wall and  fa,Car,Grievious injury,Over speed,Four lanes or more with central divider,Straight road,,Fine,AP37BK   6813,"P.V, AMB",Minor,0
12.04.2015,8:55 AM,1267,LHS,Rural,Tangutur,Overturning, Bolero Car  hit Vup Bridge wall and  fa,Car,Grievious injury,Over speed,Four lanes or more with central divider,Straight road,,Fine,AP37BK   6813,"P.V, AMB",Non injured ,0
12.04.2015,8:55 AM,1267,LHS,Rural,Tangutur,Overturning, Bolero Car  hit Vup Bridge wall and  fa,Car,Grievious injury,Over speed,Four lanes or more with central divider,Straight road,,Fine,AP37BK   6813,"P.V, AMB",Animals affected,0
12.04.2015,11:55 AM,1330.7,RHS,Rural,Kavali,Collision Brush/Side Wipe, Unknown Vehicle hit Tractor,Unknown,Grievious injury,Fault of driver of motor vehicle/driver of other vehicle/cyclist/pedestrian/passenger,Four lanes or more with central divider,Straight road,,Fine,Unknown   Vehicle,P.V,Fatal,0
12.04.2015,11:55 AM,1330.7,RHS,Rural,Kavali,Collision Brush/Side Wipe, Unknown Vehicle hit Tractor,Unknown,Grievious injury,Fault of driver of motor vehicle/driver of other vehicle/cyclist/pedestrian/passenger,Four lanes or more with central divider,Straight road,,Fine,Unknown   Vehicle,P.V,Grevious,1
12.04.2015,11:55 AM,1330.7,RHS,Rural,Kavali,Collision Brush/Side Wipe, Unknown Vehicle hit Tractor,Unknown,Grievious injury,Fault of driver of motor vehicle/driver of other vehicle/cyclist/pedestrian/passenger,Four lanes or more with central divider,Straight road,,Fine,Unknown   Vehicle,P.V,Minor,2
12.04.2015,11:55 AM,1330.7,RHS,Rural,Kavali,Collision Brush/Side Wipe, Unknown Vehicle hit Tractor,Unknown,Grievious injury,Fault of driver of motor vehicle/driver of other vehicle/cyclist/pedestrian/passenger,Four lanes or more with central divider,Straight road,,Fine,Unknown   Vehicle,P.V,Non injured ,0
12.04.2015,11:55 AM,1330.7,RHS,Rural,Kavali,Collision Brush/Side Wipe, Unknown Vehicle hit Tractor,Unknown,Grievious injury,Fault of driver of motor vehicle/driver of other vehicle/cyclist/pedestrian/passenger,Four lanes or more with central divider,Straight road,,Fine,Unknown   Vehicle,P.V,Animals affected,0
12.04.2015,6:50 PM,1288,LHS,Rural,Ulavapadu,Collision Brush/Side Wipe, Car hit CC Barriers ,Car,Non injury,Over speed,Four lanes or more with central divider,Slight curve,,Fine,AP26AX   9250,P.V,Fatal,0
12.04.2015,6:50 PM,1288,LHS,Rural,Ulavapadu,Collision Brush/Side Wipe, Car hit CC Barriers ,Car,Non injury,Over speed,Four lanes or more with central divider,Slight curve,,Fine,AP26AX   9250,P.V,Grevious,0
12.04.2015,6:50 PM,1288,LHS,Rural,Ulavapadu,Collision Brush/Side Wipe, Car hit CC Barriers ,Car,Non injury,Over speed,Four lanes or more with central divider,Slight curve,,Fine,AP26AX   9250,P.V,Minor,0
12.04.2015,6:50 PM,1288,LHS,Rural,Ulavapadu,Collision Brush/Side Wipe, Car hit CC Barriers ,Car,Non injury,Over speed,Four lanes or more with central divider,Slight curve,,Fine,AP26AX   9250,P.V,Non injured ,4
12.04.2015,6:50 PM,1288,LHS,Rural,Ulavapadu,Collision Brush/Side Wipe, Car hit CC Barriers ,Car,Non injury,Over speed,Four lanes or more with central divider,Slight curve,,Fine,AP26AX   9250,P.V,Animals affected,0
12.04.2015,9:00 PM,1326.6,LHS,Rural,Kavali,Head on collision, Lorry hit   Lorry,Lorry,Non injury,Over speed,Four lanes or more with central divider,Straight road,,Fine,AP16TU   2769,P.V,Fatal,0