Operational date,Time of Accident,KM && M,Position,Rural/Urban,Location,Nature of Accident Position,Nature of Accident,Vehicle Involved,Type of Accident,Causes,Road Feature,Road condition,Intersection Type And Control,Weather Condition,Vehicle Responsible,Help Provided by Ambulance/Patroling Vehicle,Classification of Accident,No of Affected Persons
12.04.2015,9:00 PM,1326.6,LHS,Rural,Kavali,Head on collision, Lorry hit   Lorry,Lorry,Non injury,Over speed,Four lanes or more with central divider,Straight road,,Fine,AP16TU   2769,P.V,Grevious,0
12.04.2015,9:00 PM,1326.6,LHS,Rural,Kavali,Head on collision, Lorry hit   Lorry,Lorry,Non injury,Over speed,Four lanes or more with central divider,Straight road,,Fine,AP16TU   2769,P.V,Minor,0
12.04.2015,9:00 PM,1326.6,LHS,Rural,Kavali,Head on collision, Lorry hit   Lorry,Lorry,Non injury,Over speed,Four lanes or more with central divider,Straight road,,Fine,AP16TU   2769,P.V,Non injured ,2
12.04.2015,9:00 PM,1326.6,LHS,Rural,Kavali,Head on collision, Lorry hit   Lorry,Lorry,Non injury,Over speed,Four lanes or more with central divider,Straight road,,Fine,AP16TU   2769,P.V,Animals affected,0
13.04.2015,4:40 AM,1309.4,LHS,Rural,Kavali,Rear End Collision, Mini Lorry hit (207)Pickup Vehicle,Lorry,Non injury,Over speed,Four lanes or more with central divider,Straight road,,Fine,AP26TC     0171,P.V,Fatal,0
13.04.2015,4:40 AM,1309.4,LHS,Rural,Kavali,Rear End Collision, Mini Lorry hit (207)Pickup Vehicle,Lorry,Non injury,Over speed,Four lanes or more with central divider,Straight road,,Fine,AP26TC     0171,P.V,Grevious,0
13.04.2015,4:40 AM,1309.4,LHS,Rural,Kavali,Rear End Collision, Mini Lorry hit (207)Pickup Vehicle,Lorry,Non injury,Over speed,Four lanes or more with central divider,Straight road,,Fine,AP26TC     0171,P.V,Minor,0
13.04.2015,4:40 AM,1309.4,LHS,Rural,Kavali,Rear End Collision, Mini Lorry hit (207)Pickup Vehicle,Lorry,Non injury,Over speed,Four lanes or more with central divider,Straight road,,Fine,AP26TC     0171,P.V,Non injured ,2
13.04.2015,4:40 AM,1309.4,LHS,Rural,Kavali,Rear End Collision, Mini Lorry hit (207)Pickup Vehicle,Lorry,Non injury,Over speed,Four lanes or more with central divider,Straight road,,Fine,AP26TC     0171,P.V,Animals affected,0
13.04.2015,4:00 PM,1256.8,RHS,Rural,Tangutur,Collision Brush/Side Wipe,Unknown Vehicle hit Ape Auto,Unknown,Minor injury,Over speed,Four lanes or more with central divider,Straight road,,Fine,Unknown Vehicle,P.V & A.M.B,Fatal,0
13.04.2015,4:00 PM,1256.8,RHS,Rural,Tangutur,Collision Brush/Side Wipe,Unknown Vehicle hit Ape Auto,Unknown,Minor injury,Over speed,Four lanes or more with central divider,Straight road,,Fine,Unknown Vehicle,P.V & A.M.B,Grevious,0
13.04.2015,4:00 PM,1256.8,RHS,Rural,Tangutur,Collision Brush/Side Wipe,Unknown Vehicle hit Ape Auto,Unknown,Minor injury,Over speed,Four lanes or more with central divider,Straight road,,Fine,Unknown Vehicle,P.V & A.M.B,Minor,4
13.04.2015,4:00 PM,1256.8,RHS,Rural,Tangutur,Collision Brush/Side Wipe,Unknown Vehicle hit Ape Auto,Unknown,Minor injury,Over speed,Four lanes or more with central divider,Straight road,,Fine,Unknown Vehicle,P.V & A.M.B,Non injured ,0
13.04.2015,4:00 PM,1256.8,RHS,Rural,Tangutur,Collision Brush/Side Wipe,Unknown Vehicle hit Ape Auto,Unknown,Minor injury,Over speed,Four lanes or more with central divider,Straight road,,Fine,Unknown Vehicle,P.V & A.M.B,Animals affected,0
14.04.2015,3:50 AM,1209.5,LHS,Rural,Reningavaram,Head on collision,Mini Lorry hit to Mini Lorry,Lorry,Fatal,Over speed,Four lanes or more with central divider,Straight road,,Fine,AP16TC 5430,P.V & A.M.B,Fatal,1
14.04.2015,3:50 AM,1209.5,LHS,Rural,Reningavaram,Head on collision,Mini Lorry hit to Mini Lorry,Lorry,Fatal,Over speed,Four lanes or more with central divider,Straight road,,Fine,AP16TC 5430,P.V & A.M.B,Grevious,0
14.04.2015,3:50 AM,1209.5,LHS,Rural,Reningavaram,Head on collision,Mini Lorry hit to Mini Lorry,Lorry,Fatal,Over speed,Four lanes or more with central divider,Straight road,,Fine,AP16TC 5430,P.V & A.M.B,Minor,1
14.04.2015,3:50 AM,1209.5,LHS,Rural,Reningavaram,Head on collision,Mini Lorry hit to Mini Lorry,Lorry,Fatal,Over speed,Four lanes or more with central divider,Straight road,,Fine,AP16TC 5430,P.V & A.M.B,Non injured ,0
14.04.2015,3:50 AM,1209.5,LHS,Rural,Reningavaram,Head on collision,Mini Lorry hit to Mini Lorry,Lorry,Fatal,Over speed,Four lanes or more with central divider,Straight road,,Fine,AP16TC 5430,P.V & A.M.B,Animals affected,0
14.04.2015,5:00 AM,1257.1,RHS,Rural,Tangutur,Rear End Collision,Tipper Lorry hit to Car,Lorry,Fatal,Over speed,Four lanes or more with central divider,Straight road,,Fine,AP26TC 6556,P.V,Fatal,1
14.04.2015,5:00 AM,1257.1,RHS,Rural,Tangutur,Rear End Collision,Tipper Lorry hit to Car,Lorry,Fatal,Over speed,Four lanes or more with central divider,Straight road,,Fine,AP26TC 6556,P.V,Grevious,0
14.04.2015,5:00 AM,1257.1,RHS,Rural,Tangutur,Rear End Collision,Tipper Lorry hit to Car,Lorry,Fatal,Over speed,Four lanes or more with central divider,Straight road,,Fine,AP26TC 6556,P.V,Minor,6
14.04.2015,5:00 AM,1257.1,RHS,Rural,Tangutur,Rear End Collision,Tipper Lorry hit to Car,Lorry,Fatal,Over speed,Four lanes or more with central divider,Straight road,,Fine,AP26TC 6556,P.V,Non injured ,0
14.04.2015,5:00 AM,1257.1,RHS,Rural,Tangutur,Rear End Collision,Tipper Lorry hit to Car,Lorry,Fatal,Over speed,Four lanes or more with central divider,Straight road,,Fine,AP26TC 6556,P.V,Animals affected,0
16.04.2015,3:17 AM,1200.5,RHS,Rural,Reningavaram,Overturning, Lorry over turned on the road,Lorry,Non injury,Fault of driver of motor vehicle/driver of other vehicle/cyclist/pedestrian/passenger,Four lanes or more with central divider,Straight road,,Fine,AP26TB 9599,P.V ,Fatal,0
16.04.2015,3:17 AM,1200.5,RHS,Rural,Reningavaram,Overturning, Lorry over turned on the road,Lorry,Non injury,Fault of driver of motor vehicle/driver of other vehicle/cyclist/pedestrian/passenger,Four lanes or more with central divider,Straight road,,Fine,AP26TB 9599,P.V ,Grevious,0
16.04.2015,3:17 AM,1200.5,RHS,Rural,Reningavaram,Overturning, Lorry over turned on the road,Lorry,Non injury,Fault of driver of motor vehicle/driver of other vehicle/cyclist/pedestrian/passenger,Four lanes or more with central divider,Straight road,,Fine,AP26TB 9599,P.V ,Minor,0
16.04.2015,3:17 AM,1200.5,RHS,Rural,Reningavaram,Overturning, Lorry over turned on the road,Lorry,Non injury,Fault of driver of motor vehicle/driver of other vehicle/cyclist/pedestrian/passenger,Four lanes or more with central divider,Straight road,,Fine,AP26TB 9599,P.V ,Non injured ,1
16.04.2015,3:17 AM,1200.5,RHS,Rural,Reningavaram,Overturning, Lorry over turned on the road,Lorry,Non injury,Fault of driver of motor vehicle/driver of other vehicle/cyclist/pedestrian/passenger,Four lanes or more with central divider,Straight road,,Fine,AP26TB 9599,P.V ,Animals affected,0
16.04.2015,6:50 PM,1261.6,LHS,Rural,Tangutur,Skidding, Bike skidding,Bike,Grievious injury,Fault of driver of motor vehicle/driver of other vehicle/cyclist/pedestrian/passenger,Four lanes or more with central divider,Straight road,,Fine,AP27AP 4636,A.M.B,Fatal,0
16.04.2015,6:50 PM,1261.6,LHS,Rural,Tangutur,Skidding, Bike skidding,Bike,Grievious injury,Fault of driver of motor vehicle/driver of other vehicle/cyclist/pedestrian/passenger,Four lanes or more with central divider,Straight road,,Fine,AP27AP 4636,A.M.B,Grevious,1
16.04.2015,6:50 PM,1261.6,LHS,Rural,Tangutur,Skidding, Bike skidding,Bike,Grievious injury,Fault of driver of motor vehicle/driver of other vehicle/cyclist/pedestrian/passenger,Four lanes or more with central divider,Straight road,,Fine,AP27AP 4636,A.M.B,Minor,1
16.04.2015,6:50 PM,1261.6,LHS,Rural,Tangutur,Skidding, Bike skidding,Bike,Grievious injury,Fault of driver of motor vehicle/driver of other vehicle/cyclist/pedestrian/passenger,Four lanes or more with central divider,Straight road,,Fine,AP27AP 4636,A.M.B,Non injured ,0
16.04.2015,6:50 PM,1261.6,LHS,Rural,Tangutur,Skidding, Bike skidding,Bike,Grievious injury,Fault of driver of motor vehicle/driver of other vehicle/cyclist/pedestrian/passenger,Four lanes or more with central divider,Straight road,,Fine,AP27AP 4636,A.M.B,Animals affected,0
18.04.2015,4:00 PM,1267.9,LHS,Rural,Tangutur,Rear End Collision, Car hit car,Car,Non injury,Over speed,Four lanes or more with central divider,Straight road,,Fine,KA04MH 0854,P.V ,Fatal,0
18.04.2015,4:00 PM,1267.9,LHS,Rural,Tangutur,Rear End Collision, Car hit car,Car,Non injury,Over speed,Four lanes or more with central divider,Straight road,,Fine,KA04MH 0854,P.V ,Grevious,0
18.04.2015,4:00 PM,1267.9,LHS,Rural,Tangutur,Rear End Collision, Car hit car,Car,Non injury,Over speed,Four lanes or more with central divider,Straight road,,Fine,KA04MH 0854,P.V ,Minor,0
18.04.2015,4:00 PM,1267.9,LHS,Rural,Tangutur,Rear End Collision, Car hit car,Car,Non injury,Over speed,Four lanes or more with central divider,Straight road,,Fine,KA04MH 0854,P.V ,Non injured ,5
18.04.2015,4:00 PM,1267.9,LHS,Rural,Tangutur,Rear End Collision, Car hit car,Car,Non injury,Over speed,Four lanes or more with central divider,Straight road,,Fine,KA04MH 0854,P.V ,Animals affected,0
20.04.2015,12:30 AM,1190.8,LHS,Rural,Martur,Rear End Collision, Car hit Car,Car,Grievious injury,Over speed,Four lanes or more with central divider,Straight road,,Fine,AP27AC   2115,P.V ,Fatal,0
20.04.2015,12:30 AM,1190.8,LHS,Rural,Martur,Rear End Collision, Car hit Car,Car,Grievious injury,Over speed,Four lanes or more with central divider,Straight road,,Fine,AP27AC   2115,P.V ,Grevious,3
20.04.2015,12:30 AM,1190.8,LHS,Rural,Martur,Rear End Collision, Car hit Car,Car,Grievious injury,Over speed,Four lanes or more with central divider,Straight road,,Fine,AP27AC   2115,P.V ,Minor,0
20.04.2015,12:30 AM,1190.8,LHS,Rural,Martur,Rear End Collision, Car hit Car,Car,Grievious injury,Over speed,Four lanes or more with central divider,Straight road,,Fine,AP27AC   2115,P.V ,Non injured ,0
20.04.2015,12:30 AM,1190.8,LHS,Rural,Martur,Rear End Collision, Car hit Car,Car,Grievious injury,Over speed,Four lanes or more with central divider,Straight road,,Fine,AP27AC   2115,P.V ,Animals affected,0
20.04.2015,12:35 AM,1227.5,RHS,Rural,Maddipadu,Rear End Collision, Container Vehicle hit Trailer Vehicle,Container,Non injury,Fault of driver of motor vehicle/driver of other vehicle/cyclist/pedestrian/passenger,Four lanes or more with central divider,Straight road,,Fine,NL01K    5550,P.V ,Fatal,0
20.04.2015,12:35 AM,1227.5,RHS,Rural,Maddipadu,Rear End Collision, Container Vehicle hit Trailer Vehicle,Container,Non injury,Fault of driver of motor vehicle/driver of other vehicle/cyclist/pedestrian/passenger,Four lanes or more with central divider,Straight road,,Fine,NL01K    5550,P.V ,Grevious,0
20.04.2015,12:35 AM,1227.5,RHS,Rural,Maddipadu,Rear End Collision, Container Vehicle hit Trailer Vehicle,Container,Non injury,Fault of driver of motor vehicle/driver of other vehicle/cyclist/pedestrian/passenger,Four lanes or more with central divider,Straight road,,Fine,NL01K    5550,P.V ,Minor,0
20.04.2015,12:35 AM,1227.5,RHS,Rural,Maddipadu,Rear End Collision, Container Vehicle hit Trailer Vehicle,Container,Non injury,Fault of driver of motor vehicle/driver of other vehicle/cyclist/pedestrian/passenger,Four lanes or more with central divider,Straight road,,Fine,NL01K    5550,P.V ,Non injured ,4
20.04.2015,12:35 AM,1227.5,RHS,Rural,Maddipadu,Rear End Collision, Container Vehicle hit Trailer Vehicle,Container,Non injury,Fault of driver of motor vehicle/driver of other vehicle/cyclist/pedestrian/passenger,Four lanes or more with central divider,Straight road,,Fine,NL01K    5550,P.V ,Animals affected,0
20.04.2015,2:00 PM,1365.4,RHS,Rural,Kovuru,Head on collision, Lorry hit   Auto,Lorry,Fatal,Fault of driver of motor vehicle/driver of other vehicle/cyclist/pedestrian/passenger,Four lanes or more with central divider,Slight curve,,Fine,AP26TT    7313,P.V ,Fatal,2
20.04.2015,2:00 PM,1365.4,RHS,Rural,Kovuru,Head on collision, Lorry hit   Auto,Lorry,Fatal,Fault of driver of motor vehicle/driver of other vehicle/cyclist/pedestrian/passenger,Four lanes or more with central divider,Slight curve,,Fine,AP26TT    7313,P.V ,Grevious,4
20.04.2015,2:00 PM,1365.4,RHS,Rural,Kovuru,Head on collision, Lorry hit   Auto,Lorry,Fatal,Fault of driver of motor vehicle/driver of other vehicle/cyclist/pedestrian/passenger,Four lanes or more with central divider,Slight curve,,Fine,AP26TT    7313,P.V ,Minor,0
20.04.2015,2:00 PM,1365.4,RHS,Rural,Kovuru,Head on collision, Lorry hit   Auto,Lorry,Fatal,Fault of driver of motor vehicle/driver of other vehicle/cyclist/pedestrian/passenger,Four lanes or more with central divider,Slight curve,,Fine,AP26TT    7313,P.V ,Non injured ,0
20.04.2015,2:00 PM,1365.4,RHS,Rural,Kovuru,Head on collision, Lorry hit   Auto,Lorry,Fatal,Fault of driver of motor vehicle/driver of other vehicle/cyclist/pedestrian/passenger,Four lanes or more with central divider,Slight curve,,Fine,AP26TT    7313,P.V ,Animals affected,0
21.04.2015,7:00 PM,1328.1,RHS,Rural,Kavali,Skidding, Bike Skidding,Bike,Grievious injury,Over speed,Four lanes or more with central divider,Straight road,,Fine,AP26AX    6901,"P.V, AMB",Fatal,0
21.04.2015,7:00 PM,1328.1,RHS,Rural,Kavali,Skidding, Bike Skidding,Bike,Grievious injury,Over speed,Four lanes or more with central divider,Straight road,,Fine,AP26AX    6901,"P.V, AMB",Grevious,2
21.04.2015,7:00 PM,1328.1,RHS,Rural,Kavali,Skidding, Bike Skidding,Bike,Grievious injury,Over speed,Four lanes or more with central divider,Straight road,,Fine,AP26AX    6901,"P.V, AMB",Minor,1
21.04.2015,7:00 PM,1328.1,RHS,Rural,Kavali,Skidding, Bike Skidding,Bike,Grievious injury,Over speed,Four lanes or more with central divider,Straight road,,Fine,AP26AX    6901,"P.V, AMB",Non injured ,0
21.04.2015,7:00 PM,1328.1,RHS,Rural,Kavali,Skidding, Bike Skidding,Bike,Grievious injury,Over speed,Four lanes or more with central divider,Straight road,,Fine,AP26AX    6901,"P.V, AMB",Animals affected,0
22.04.2015,1:40 AM,1342.7,RHS,Rural,Dagadarthi,Rear End Collision, Bolero Pickup Vehicle  hit Oil Tanker,Car,Non injury,Over speed,Four lanes or more with central divider,Straight road,,Fine,AP37TA  8694,P.V ,Fatal,0
22.04.2015,1:40 AM,1342.7,RHS,Rural,Dagadarthi,Rear End Collision, Bolero Pickup Vehicle  hit Oil Tanker,Car,Non injury,Over speed,Four lanes or more with central divider,Straight road,,Fine,AP37TA  8694,P.V ,Grevious,0
22.04.2015,1:40 AM,1342.7,RHS,Rural,Dagadarthi,Rear End Collision, Bolero Pickup Vehicle  hit Oil Tanker,Car,Non injury,Over speed,Four lanes or more with central divider,Straight road,,Fine,AP37TA  8694,P.V ,Minor,0
22.04.2015,1:40 AM,1342.7,RHS,Rural,Dagadarthi,Rear End Collision, Bolero Pickup Vehicle  hit Oil Tanker,Car,Non injury,Over speed,Four lanes or more with central divider,Straight road,,Fine,AP37TA  8694,P.V ,Non injured ,1
22.04.2015,1:40 AM,1342.7,RHS,Rural,Dagadarthi,Rear End Collision, Bolero Pickup Vehicle  hit Oil Tanker,Car,Non injury,Over speed,Four lanes or more with central divider,Straight road,,Fine,AP37TA  8694,P.V ,Animals affected,0
22.04.2015,2:15 AM,1244.9,LHS,Rural,Ongole,Rear End Collision,Lorry hit Mini Lorry ,Lorry,Minor injury,Fault of driver of motor vehicle/driver of other vehicle/cyclist/pedestrian/passenger,Four lanes or more with central divider,Straight road,,Fine,KA09A    7445,P.V ,Fatal,0
22.04.2015,2:15 AM,1244.9,LHS,Rural,Ongole,Rear End Collision,Lorry hit Mini Lorry ,Lorry,Minor injury,Fault of driver of motor vehicle/driver of other vehicle/cyclist/pedestrian/passenger,Four lanes or more with central divider,Straight road,,Fine,KA09A    7445,P.V ,Grevious,0
22.04.2015,2:15 AM,1244.9,LHS,Rural,Ongole,Rear End Collision,Lorry hit Mini Lorry ,Lorry,Minor injury,Fault of driver of motor vehicle/driver of other vehicle/cyclist/pedestrian/passenger,Four lanes or more with central divider,Straight road,,Fine,KA09A    7445,P.V ,Minor,3
22.04.2015,2:15 AM,1244.9,LHS,Rural,Ongole,Rear End Collision,Lorry hit Mini Lorry ,Lorry,Minor injury,Fault of driver of motor vehicle/driver of other vehicle/cyclist/pedestrian/passenger,Four lanes or more with central divider,Straight road,,Fine,KA09A    7445,P.V ,Non injured ,1
22.04.2015,2:15 AM,1244.9,LHS,Rural,Ongole,Rear End Collision,Lorry hit Mini Lorry ,Lorry,Minor injury,Fault of driver of motor vehicle/driver of other vehicle/cyclist/pedestrian/passenger,Four lanes or more with central divider,Straight road,,Fine,KA09A    7445,P.V ,Animals affected,0
22.04.2015,11:40 AM,1191,RHS,Rural,Martur,Overturning,Ape Auto Overturned,Auto,Grievious injury,Over speed,Four lanes or more with central divider,Straight road,,Fine,AP27TW  1338,P.V ,Fatal,0
22.04.2015,11:40 AM,1191,RHS,Rural,Martur,Overturning,Ape Auto Overturned,Auto,Grievious injury,Over speed,Four lanes or more with central divider,Straight road,,Fine,AP27TW  1338,P.V ,Grevious,1
22.04.2015,11:40 AM,1191,RHS,Rural,Martur,Overturning,Ape Auto Overturned,Auto,Grievious injury,Over speed,Four lanes or more with central divider,Straight road,,Fine,AP27TW  1338,P.V ,Minor,0
22.04.2015,11:40 AM,1191,RHS,Rural,Martur,Overturning,Ape Auto Overturned,Auto,Grievious injury,Over speed,Four lanes or more with central divider,Straight road,,Fine,AP27TW  1338,P.V ,Non injured ,1
22.04.2015,11:40 AM,1191,RHS,Rural,Martur,Overturning,Ape Auto Overturned,Auto,Grievious injury,Over speed,Four lanes or more with central divider,Straight road,,Fine,AP27TW  1338,P.V ,Animals affected,0
22.04.2015,11:30 PM,1264.6,RHS,Rural,Tangutur,Rear End Collision,Mini Lorry hit Unknown Vehicle,Lorry,Minor injury,Over speed,Four lanes or more with central divider,Slight curve,,Fine,TN18D    7737 ,"P.V, AMB",Fatal,0
22.04.2015,11:30 PM,1264.6,RHS,Rural,Tangutur,Rear End Collision,Mini Lorry hit Unknown Vehicle,Lorry,Minor injury,Over speed,Four lanes or more with central divider,Slight curve,,Fine,TN18D    7737 ,"P.V, AMB",Grevious,0
22.04.2015,11:30 PM,1264.6,RHS,Rural,Tangutur,Rear End Collision,Mini Lorry hit Unknown Vehicle,Lorry,Minor injury,Over speed,Four lanes or more with central divider,Slight curve,,Fine,TN18D    7737 ,"P.V, AMB",Minor,2
22.04.2015,11:30 PM,1264.6,RHS,Rural,Tangutur,Rear End Collision,Mini Lorry hit Unknown Vehicle,Lorry,Minor injury,Over speed,Four lanes or more with central divider,Slight curve,,Fine,TN18D    7737 ,"P.V, AMB",Non injured ,0
22.04.2015,11:30 PM,1264.6,RHS,Rural,Tangutur,Rear End Collision,Mini Lorry hit Unknown Vehicle,Lorry,Minor injury,Over speed,Four lanes or more with central divider,Slight curve,,Fine,TN18D    7737 ,"P.V, AMB",Animals affected,0
23.04.2015,1:40 AM,1247.8,LHS,Urban,Ongole,Overturning, Lorry overturned to wards ROW,Lorry,Non injury,Fault of driver of motor vehicle/driver of other vehicle/cyclist/pedestrian/passenger,Four lanes or more with central divider,Straight road,,Fine,AP07TU  7799,P.V ,Fatal,0
23.04.2015,1:40 AM,1247.8,LHS,Urban,Ongole,Overturning, Lorry overturned to wards ROW,Lorry,Non injury,Fault of driver of motor vehicle/driver of other vehicle/cyclist/pedestrian/passenger,Four lanes or more with central divider,Straight road,,Fine,AP07TU  7799,P.V ,Grevious,0
23.04.2015,1:40 AM,1247.8,LHS,Urban,Ongole,Overturning, Lorry overturned to wards ROW,Lorry,Non injury,Fault of driver of motor vehicle/driver of other vehicle/cyclist/pedestrian/passenger,Four lanes or more with central divider,Straight road,,Fine,AP07TU  7799,P.V ,Minor,0
23.04.2015,1:40 AM,1247.8,LHS,Urban,Ongole,Overturning, Lorry overturned to wards ROW,Lorry,Non injury,Fault of driver of motor vehicle/driver of other vehicle/cyclist/pedestrian/passenger,Four lanes or more with central divider,Straight road,,Fine,AP07TU  7799,P.V ,Non injured ,3
23.04.2015,1:40 AM,1247.8,LHS,Urban,Ongole,Overturning, Lorry overturned to wards ROW,Lorry,Non injury,Fault of driver of motor vehicle/driver of other vehicle/cyclist/pedestrian/passenger,Four lanes or more with central divider,Straight road,,Fine,AP07TU  7799,P.V ,Animals affected,0
23.04.2015,8:43 AM,1206.4,RHS,Rural,Reningavaram,Rear End Collision, Bike hit bike,Bike,Grievious injury,Over speed,Four lanes or more with central divider,Straight road,,Fine,AP27AT 7300,AMB,Fatal,0
23.04.2015,8:43 AM,1206.4,RHS,Rural,Reningavaram,Rear End Collision, Bike hit bike,Bike,Grievious injury,Over speed,Four lanes or more with central divider,Straight road,,Fine,AP27AT 7300,AMB,Grevious,2
23.04.2015,8:43 AM,1206.4,RHS,Rural,Reningavaram,Rear End Collision, Bike hit bike,Bike,Grievious injury,Over speed,Four lanes or more with central divider,Straight road,,Fine,AP27AT 7300,AMB,Minor,1
23.04.2015,8:43 AM,1206.4,RHS,Rural,Reningavaram,Rear End Collision, Bike hit bike,Bike,Grievious injury,Over speed,Four lanes or more with central divider,Straight road,,Fine,AP27AT 7300,AMB,Non injured ,0
23.04.2015,8:43 AM,1206.4,RHS,Rural,Reningavaram,Rear End Collision, Bike hit bike,Bike,Grievious injury,Over speed,Four lanes or more with central divider,Straight road,,Fine,AP27AT 7300,AMB,Animals affected,0
23.04.2015,11:00 AM,1342.3,RHS,Rural,Dagadarthi,Others(p1.Specific), Car hit tipper,Car,Minor injury,Fault of driver of motor vehicle/driver of other vehicle/cyclist/pedestrian/passenger,Three lanes or more without central divider(median),Straight road,T-Junction,Fine,AP26AY  4050,"P.V, AMB",Fatal,0
23.04.2015,11:00 AM,1342.3,RHS,Rural,Dagadarthi,Others(p1.Specific), Car hit tipper,Car,Minor injury,Fault of driver of motor vehicle/driver of other vehicle/cyclist/pedestrian/passenger,Three lanes or more without central divider(median),Straight road,T-Junction,Fine,AP26AY  4050,"P.V, AMB",Grevious,0
23.04.2015,11:00 AM,1342.3,RHS,Rural,Dagadarthi,Others(p1.Specific), Car hit tipper,Car,Minor injury,Fault of driver of motor vehicle/driver of other vehicle/cyclist/pedestrian/passenger,Three lanes or more without central divider(median),Straight road,T-Junction,Fine,AP26AY  4050,"P.V, AMB",Minor,2
23.04.2015,11:00 AM,1342.3,RHS,Rural,Dagadarthi,Others(p1.Specific), Car hit tipper,Car,Minor injury,Fault of driver of motor vehicle/driver of other vehicle/cyclist/pedestrian/passenger,Three lanes or more without central divider(median),Straight road,T-Junction,Fine,AP26AY  4050,"P.V, AMB",Non injured ,0
23.04.2015,11:00 AM,1342.3,RHS,Rural,Dagadarthi,Others(p1.Specific), Car hit tipper,Car,Minor injury,Fault of driver of motor vehicle/driver of other vehicle/cyclist/pedestrian/passenger,Three lanes or more without central divider(median),Straight road,T-Junction,Fine,AP26AY  4050,"P.V, AMB",Animals affected,0
23.04.2015,11:10 AM,1296.6,LHS,Rural,Ulavapadu,Rear End Collision, Tanker hit trailer,Tanker,Non injury,Fault of driver of motor vehicle/driver of other vehicle/cyclist/pedestrian/passenger,Four lanes or more with central divider,Straight road,,Fine,AP05W 4167,P.V,Fatal,0
23.04.2015,11:10 AM,1296.6,LHS,Rural,Ulavapadu,Rear End Collision, Tanker hit trailer,Tanker,Non injury,Fault of driver of motor vehicle/driver of other vehicle/cyclist/pedestrian/passenger,Four lanes or more with central divider,Straight road,,Fine,AP05W 4167,P.V,Grevious,0
23.04.2015,11:10 AM,1296.6,LHS,Rural,Ulavapadu,Rear End Collision, Tanker hit trailer,Tanker,Non injury,Fault of driver of motor vehicle/driver of other vehicle/cyclist/pedestrian/passenger,Four lanes or more with central divider,Straight road,,Fine,AP05W 4167,P.V,Minor,0
23.04.2015,11:10 AM,1296.6,LHS,Rural,Ulavapadu,Rear End Collision, Tanker hit trailer,Tanker,Non injury,Fault of driver of motor vehicle/driver of other vehicle/cyclist/pedestrian/passenger,Four lanes or more with central divider,Straight road,,Fine,AP05W 4167,P.V,Non injured ,2
23.04.2015,11:10 AM,1296.6,LHS,Rural,Ulavapadu,Rear End Collision, Tanker hit trailer,Tanker,Non injury,Fault of driver of motor vehicle/driver of other vehicle/cyclist/pedestrian/passenger,Four lanes or more with central divider,Straight road,,Fine,AP05W 4167,P.V,Animals affected,0
24.04.2015,12:20 AM,1334.4,LHS,Rural,K.Tippa ,Rear End Collision, Lorry hit   Car ,Lorry,Non injury,Over speed,Four lanes or more with central divider,Straight road,,Fine,AP26Y   4959,P.V,Fatal,0
24.04.2015,12:20 AM,1334.4,LHS,Rural,K.Tippa ,Rear End Collision, Lorry hit   Car ,Lorry,Non injury,Over speed,Four lanes or more with central divider,Straight road,,Fine,AP26Y   4959,P.V,Grevious,0
24.04.2015,12:20 AM,1334.4,LHS,Rural,K.Tippa ,Rear End Collision, Lorry hit   Car ,Lorry,Non injury,Over speed,Four lanes or more with central divider,Straight road,,Fine,AP26Y   4959,P.V,Minor,0
24.04.2015,12:20 AM,1334.4,LHS,Rural,K.Tippa ,Rear End Collision, Lorry hit   Car ,Lorry,Non injury,Over speed,Four lanes or more with central divider,Straight road,,Fine,AP26Y   4959,P.V,Non injured ,7
24.04.2015,12:20 AM,1334.4,LHS,Rural,K.Tippa ,Rear End Collision, Lorry hit   Car ,Lorry,Non injury,Over speed,Four lanes or more with central divider,Straight road,,Fine,AP26Y   4959,P.V,Animals affected,0
24.04.2015,9:45 PM,1237.7,LHS,Rural,Maddipadu,Rear End Collision,Auto hit Container Vehicle ,Auto,Fatal,Over speed,Four lanes or more with central divider,Straight road,,Fine,AP27TW   8323 ,P.V,Fatal,1
24.04.2015,9:45 PM,1237.7,LHS,Rural,Maddipadu,Rear End Collision,Auto hit Container Vehicle ,Auto,Fatal,Over speed,Four lanes or more with central divider,Straight road,,Fine,AP27TW   8323 ,P.V,Grevious,1
24.04.2015,9:45 PM,1237.7,LHS,Rural,Maddipadu,Rear End Collision,Auto hit Container Vehicle ,Auto,Fatal,Over speed,Four lanes or more with central divider,Straight road,,Fine,AP27TW   8323 ,P.V,Minor,0
24.04.2015,9:45 PM,1237.7,LHS,Rural,Maddipadu,Rear End Collision,Auto hit Container Vehicle ,Auto,Fatal,Over speed,Four lanes or more with central divider,Straight road,,Fine,AP27TW   8323 ,P.V,Non injured ,2
24.04.2015,9:45 PM,1237.7,LHS,Rural,Maddipadu,Rear End Collision,Auto hit Container Vehicle ,Auto,Fatal,Over speed,Four lanes or more with central divider,Straight road,,Fine,AP27TW   8323 ,P.V,Animals affected,0
25.04.2015,2:20 AM,1328.2,LHS,Rural,Kavali,Rear End Collision, Lorry hit Lorry ,Lorry,Grievious injury,Over speed,Four lanes or more with central divider,Straight road,,Fine,HR47B 7010,P.V & A.M.B,Fatal,0
25.04.2015,2:20 AM,1328.2,LHS,Rural,Kavali,Rear End Collision, Lorry hit Lorry ,Lorry,Grievious injury,Over speed,Four lanes or more with central divider,Straight road,,Fine,HR47B 7010,P.V & A.M.B,Grevious,1
25.04.2015,2:20 AM,1328.2,LHS,Rural,Kavali,Rear End Collision, Lorry hit Lorry ,Lorry,Grievious injury,Over speed,Four lanes or more with central divider,Straight road,,Fine,HR47B 7010,P.V & A.M.B,Minor,0