Operational date,Time of Accident,KM && M,Position,Rural/Urban,Location,Nature of Accident Position,Nature of Accident,Vehicle Involved,Type of Accident,Causes,Road Feature,Road condition,Intersection Type And Control,Weather Condition,Vehicle Responsible,Help Provided by Ambulance/Patroling Vehicle,Classification of Accident,No of Affected Persons
25.04.2015,2:20 AM,1328.2,LHS,Rural,Kavali,Rear End Collision, Lorry hit Lorry ,Lorry,Grievious injury,Over speed,Four lanes or more with central divider,Straight road,,Fine,HR47B 7010,P.V & A.M.B,Non injured ,10
25.04.2015,2:20 AM,1328.2,LHS,Rural,Kavali,Rear End Collision, Lorry hit Lorry ,Lorry,Grievious injury,Over speed,Four lanes or more with central divider,Straight road,,Fine,HR47B 7010,P.V & A.M.B,Animals affected,0
25.04.2015,6:00 AM,1275.9,LHS,Rural,Singarayakonda,Rear End Collision, Car hit Lorry ,Car,Fatal,Over speed,Four lanes or more with central divider,Straight road,,Fine,AP26X 1899,P.V,Fatal,1
25.04.2015,6:00 AM,1275.9,LHS,Rural,Singarayakonda,Rear End Collision, Car hit Lorry ,Car,Fatal,Over speed,Four lanes or more with central divider,Straight road,,Fine,AP26X 1899,P.V,Grevious,1
25.04.2015,6:00 AM,1275.9,LHS,Rural,Singarayakonda,Rear End Collision, Car hit Lorry ,Car,Fatal,Over speed,Four lanes or more with central divider,Straight road,,Fine,AP26X 1899,P.V,Minor,0
25.04.2015,6:00 AM,1275.9,LHS,Rural,Singarayakonda,Rear End Collision, Car hit Lorry ,Car,Fatal,Over speed,Four lanes or more with central divider,Straight road,,Fine,AP26X 1899,P.V,Non injured ,0
25.04.2015,6:00 AM,1275.9,LHS,Rural,Singarayakonda,Rear End Collision, Car hit Lorry ,Car,Fatal,Over speed,Four lanes or more with central divider,Straight road,,Fine,AP26X 1899,P.V,Animals affected,0
25.04.2015,8:42 AM,1196.2,RHS,Rural,Martur,Overturning, Lorry Overturning,Lorry,Fatal,Over speed,Four lanes or more with central divider,Straight road,,Fine,AP26TT 7448,P.V & A.M.B,Fatal,1
25.04.2015,8:42 AM,1196.2,RHS,Rural,Martur,Overturning, Lorry Overturning,Lorry,Fatal,Over speed,Four lanes or more with central divider,Straight road,,Fine,AP26TT 7448,P.V & A.M.B,Grevious,1
25.04.2015,8:42 AM,1196.2,RHS,Rural,Martur,Overturning, Lorry Overturning,Lorry,Fatal,Over speed,Four lanes or more with central divider,Straight road,,Fine,AP26TT 7448,P.V & A.M.B,Minor,0
25.04.2015,8:42 AM,1196.2,RHS,Rural,Martur,Overturning, Lorry Overturning,Lorry,Fatal,Over speed,Four lanes or more with central divider,Straight road,,Fine,AP26TT 7448,P.V & A.M.B,Non injured ,0
25.04.2015,8:42 AM,1196.2,RHS,Rural,Martur,Overturning, Lorry Overturning,Lorry,Fatal,Over speed,Four lanes or more with central divider,Straight road,,Fine,AP26TT 7448,P.V & A.M.B,Animals affected,0
25.04.2015,12:40 PM,1191.7,LHS,Rural,Martur,Collision Brush/Side Wipe, Car hit Bike,Car,Minor injury,Fault of driver of motor vehicle/driver of other vehicle/cyclist/pedestrian/passenger,Four lanes or more with central divider,Straight road,T-Junction,Fine,AP05CP 4567,P.V,Fatal,0
25.04.2015,12:40 PM,1191.7,LHS,Rural,Martur,Collision Brush/Side Wipe, Car hit Bike,Car,Minor injury,Fault of driver of motor vehicle/driver of other vehicle/cyclist/pedestrian/passenger,Four lanes or more with central divider,Straight road,T-Junction,Fine,AP05CP 4567,P.V,Grevious,0
25.04.2015,12:40 PM,1191.7,LHS,Rural,Martur,Collision Brush/Side Wipe, Car hit Bike,Car,Minor injury,Fault of driver of motor vehicle/driver of other vehicle/cyclist/pedestrian/passenger,Four lanes or more with central divider,Straight road,T-Junction,Fine,AP05CP 4567,P.V,Minor,1
25.04.2015,12:40 PM,1191.7,LHS,Rural,Martur,Collision Brush/Side Wipe, Car hit Bike,Car,Minor injury,Fault of driver of motor vehicle/driver of other vehicle/cyclist/pedestrian/passenger,Four lanes or more with central divider,Straight road,T-Junction,Fine,AP05CP 4567,P.V,Non injured ,1
25.04.2015,12:40 PM,1191.7,LHS,Rural,Martur,Collision Brush/Side Wipe, Car hit Bike,Car,Minor injury,Fault of driver of motor vehicle/driver of other vehicle/cyclist/pedestrian/passenger,Four lanes or more with central divider,Straight road,T-Junction,Fine,AP05CP 4567,P.V,Animals affected,0
25.04.2015,9:44 PM,1301.7,RHS,Rural,Gudluru,Collision Brush/Side Wipe, Bike hit CC Barriers,Bike,Grievious injury,Vehicle out of control,Four lanes or more with central divider,Straight road,,Fine,AP26AT 8378,A.M.B,Fatal,0
25.04.2015,9:44 PM,1301.7,RHS,Rural,Gudluru,Collision Brush/Side Wipe, Bike hit CC Barriers,Bike,Grievious injury,Vehicle out of control,Four lanes or more with central divider,Straight road,,Fine,AP26AT 8378,A.M.B,Grevious,1
25.04.2015,9:44 PM,1301.7,RHS,Rural,Gudluru,Collision Brush/Side Wipe, Bike hit CC Barriers,Bike,Grievious injury,Vehicle out of control,Four lanes or more with central divider,Straight road,,Fine,AP26AT 8378,A.M.B,Minor,0
25.04.2015,9:44 PM,1301.7,RHS,Rural,Gudluru,Collision Brush/Side Wipe, Bike hit CC Barriers,Bike,Grievious injury,Vehicle out of control,Four lanes or more with central divider,Straight road,,Fine,AP26AT 8378,A.M.B,Non injured ,0
25.04.2015,9:44 PM,1301.7,RHS,Rural,Gudluru,Collision Brush/Side Wipe, Bike hit CC Barriers,Bike,Grievious injury,Vehicle out of control,Four lanes or more with central divider,Straight road,,Fine,AP26AT 8378,A.M.B,Animals affected,0
26.04.2015,9:30 AM,1232.2,RHS,Rural,Maddipadu,Rear End Collision, Oil Tanker    hit             Unknown V,Tanker,Non injury,Over speed,Four lanes or more with central divider,Straight road,,Fine,AP27TA 1229,P.V,Fatal,0
26.04.2015,9:30 AM,1232.2,RHS,Rural,Maddipadu,Rear End Collision, Oil Tanker    hit             Unknown V,Tanker,Non injury,Over speed,Four lanes or more with central divider,Straight road,,Fine,AP27TA 1229,P.V,Grevious,0
26.04.2015,9:30 AM,1232.2,RHS,Rural,Maddipadu,Rear End Collision, Oil Tanker    hit             Unknown V,Tanker,Non injury,Over speed,Four lanes or more with central divider,Straight road,,Fine,AP27TA 1229,P.V,Minor,0
26.04.2015,9:30 AM,1232.2,RHS,Rural,Maddipadu,Rear End Collision, Oil Tanker    hit             Unknown V,Tanker,Non injury,Over speed,Four lanes or more with central divider,Straight road,,Fine,AP27TA 1229,P.V,Non injured ,1
26.04.2015,9:30 AM,1232.2,RHS,Rural,Maddipadu,Rear End Collision, Oil Tanker    hit             Unknown V,Tanker,Non injury,Over speed,Four lanes or more with central divider,Straight road,,Fine,AP27TA 1229,P.V,Animals affected,0
26.04.2015,5:17 PM,1219.5,LHS,Rural,Medarametla,Others(p1.Specific), Car hit Bolero camper ,Car,Non injury,Over speed,Four lanes or more with central divider,Straight road,Four arm junction,Fine,TN18X 4573,P.V,Fatal,0
26.04.2015,5:17 PM,1219.5,LHS,Rural,Medarametla,Others(p1.Specific), Car hit Bolero camper ,Car,Non injury,Over speed,Four lanes or more with central divider,Straight road,Four arm junction,Fine,TN18X 4573,P.V,Grevious,0
26.04.2015,5:17 PM,1219.5,LHS,Rural,Medarametla,Others(p1.Specific), Car hit Bolero camper ,Car,Non injury,Over speed,Four lanes or more with central divider,Straight road,Four arm junction,Fine,TN18X 4573,P.V,Minor,0
26.04.2015,5:17 PM,1219.5,LHS,Rural,Medarametla,Others(p1.Specific), Car hit Bolero camper ,Car,Non injury,Over speed,Four lanes or more with central divider,Straight road,Four arm junction,Fine,TN18X 4573,P.V,Non injured ,7
26.04.2015,5:17 PM,1219.5,LHS,Rural,Medarametla,Others(p1.Specific), Car hit Bolero camper ,Car,Non injury,Over speed,Four lanes or more with central divider,Straight road,Four arm junction,Fine,TN18X 4573,P.V,Animals affected,0
26.04.2015,7:14 PM,1197.5,RHS,Rural,Martur,Rear End Collision, pickup Van hit   Bike,Van,Fatal,Over speed,Four lanes or more with central divider,Straight road,,Fine,AP07TC 0849,P.V&A.M.B,Fatal,1
26.04.2015,7:14 PM,1197.5,RHS,Rural,Martur,Rear End Collision, pickup Van hit   Bike,Van,Fatal,Over speed,Four lanes or more with central divider,Straight road,,Fine,AP07TC 0849,P.V&A.M.B,Grevious,0
26.04.2015,7:14 PM,1197.5,RHS,Rural,Martur,Rear End Collision, pickup Van hit   Bike,Van,Fatal,Over speed,Four lanes or more with central divider,Straight road,,Fine,AP07TC 0849,P.V&A.M.B,Minor,1
26.04.2015,7:14 PM,1197.5,RHS,Rural,Martur,Rear End Collision, pickup Van hit   Bike,Van,Fatal,Over speed,Four lanes or more with central divider,Straight road,,Fine,AP07TC 0849,P.V&A.M.B,Non injured ,0
26.04.2015,7:14 PM,1197.5,RHS,Rural,Martur,Rear End Collision, pickup Van hit   Bike,Van,Fatal,Over speed,Four lanes or more with central divider,Straight road,,Fine,AP07TC 0849,P.V&A.M.B,Animals affected,0
27.04.2015,12:20 AM,1205.9,LHS,Rural,Reningavaram,Overturning, Car Overturning,Car,Minor injury,Over speed,Four lanes or more with central divider,Straight road,,Fine,AP27BC     1160,P.V&A.M.B,Fatal,0
27.04.2015,12:20 AM,1205.9,LHS,Rural,Reningavaram,Overturning, Car Overturning,Car,Minor injury,Over speed,Four lanes or more with central divider,Straight road,,Fine,AP27BC     1160,P.V&A.M.B,Grevious,0
27.04.2015,12:20 AM,1205.9,LHS,Rural,Reningavaram,Overturning, Car Overturning,Car,Minor injury,Over speed,Four lanes or more with central divider,Straight road,,Fine,AP27BC     1160,P.V&A.M.B,Minor,4
27.04.2015,12:20 AM,1205.9,LHS,Rural,Reningavaram,Overturning, Car Overturning,Car,Minor injury,Over speed,Four lanes or more with central divider,Straight road,,Fine,AP27BC     1160,P.V&A.M.B,Non injured ,0
27.04.2015,12:20 AM,1205.9,LHS,Rural,Reningavaram,Overturning, Car Overturning,Car,Minor injury,Over speed,Four lanes or more with central divider,Straight road,,Fine,AP27BC     1160,P.V&A.M.B,Animals affected,0
28.04.2015,5:58 AM,1235.5,LHS,Rural,Maddipadu,Rear End Collision, Lorry hit Lorry ,Lorry,Fatal,Fault of driver of motor vehicle/driver of other vehicle/cyclist/pedestrian/passenger,Four lanes or more with central divider,Straight road,,Fine,AP16TX         9681,P.V,Fatal,2
28.04.2015,5:58 AM,1235.5,LHS,Rural,Maddipadu,Rear End Collision, Lorry hit Lorry ,Lorry,Fatal,Fault of driver of motor vehicle/driver of other vehicle/cyclist/pedestrian/passenger,Four lanes or more with central divider,Straight road,,Fine,AP16TX         9681,P.V,Grevious,0
28.04.2015,5:58 AM,1235.5,LHS,Rural,Maddipadu,Rear End Collision, Lorry hit Lorry ,Lorry,Fatal,Fault of driver of motor vehicle/driver of other vehicle/cyclist/pedestrian/passenger,Four lanes or more with central divider,Straight road,,Fine,AP16TX         9681,P.V,Minor,3
28.04.2015,5:58 AM,1235.5,LHS,Rural,Maddipadu,Rear End Collision, Lorry hit Lorry ,Lorry,Fatal,Fault of driver of motor vehicle/driver of other vehicle/cyclist/pedestrian/passenger,Four lanes or more with central divider,Straight road,,Fine,AP16TX         9681,P.V,Non injured ,1
28.04.2015,5:58 AM,1235.5,LHS,Rural,Maddipadu,Rear End Collision, Lorry hit Lorry ,Lorry,Fatal,Fault of driver of motor vehicle/driver of other vehicle/cyclist/pedestrian/passenger,Four lanes or more with central divider,Straight road,,Fine,AP16TX         9681,P.V,Animals affected,0
28.04.2015,6:33 AM,1334.4,LHS,Rural,K.Tippa ,Rear End Collision, Oil Tanker    hit             Unknown V,Tanker,Non injury,Over speed,Four lanes or more with central divider,Straight road,,Fine,AP26TC    5403,P.V,Fatal,0
28.04.2015,6:33 AM,1334.4,LHS,Rural,K.Tippa ,Rear End Collision, Oil Tanker    hit             Unknown V,Tanker,Non injury,Over speed,Four lanes or more with central divider,Straight road,,Fine,AP26TC    5403,P.V,Grevious,0
28.04.2015,6:33 AM,1334.4,LHS,Rural,K.Tippa ,Rear End Collision, Oil Tanker    hit             Unknown V,Tanker,Non injury,Over speed,Four lanes or more with central divider,Straight road,,Fine,AP26TC    5403,P.V,Minor,0
28.04.2015,6:33 AM,1334.4,LHS,Rural,K.Tippa ,Rear End Collision, Oil Tanker    hit             Unknown V,Tanker,Non injury,Over speed,Four lanes or more with central divider,Straight road,,Fine,AP26TC    5403,P.V,Non injured ,2
28.04.2015,6:33 AM,1334.4,LHS,Rural,K.Tippa ,Rear End Collision, Oil Tanker    hit             Unknown V,Tanker,Non injury,Over speed,Four lanes or more with central divider,Straight road,,Fine,AP26TC    5403,P.V,Animals affected,0
29.04.2015,3:00 AM,1282.4,LHS,Rural,Singarayakonda,Rear End Collision, Car  hit           Unknown Vehicle,Car,Minor injury,Fault of driver of motor vehicle/driver of other vehicle/cyclist/pedestrian/passenger,Four lanes or more with central divider,Straight road,,Fine,AP05W      9773,P.V,Fatal,0
29.04.2015,3:00 AM,1282.4,LHS,Rural,Singarayakonda,Rear End Collision, Car  hit           Unknown Vehicle,Car,Minor injury,Fault of driver of motor vehicle/driver of other vehicle/cyclist/pedestrian/passenger,Four lanes or more with central divider,Straight road,,Fine,AP05W      9773,P.V,Grevious,0
29.04.2015,3:00 AM,1282.4,LHS,Rural,Singarayakonda,Rear End Collision, Car  hit           Unknown Vehicle,Car,Minor injury,Fault of driver of motor vehicle/driver of other vehicle/cyclist/pedestrian/passenger,Four lanes or more with central divider,Straight road,,Fine,AP05W      9773,P.V,Minor,3
29.04.2015,3:00 AM,1282.4,LHS,Rural,Singarayakonda,Rear End Collision, Car  hit           Unknown Vehicle,Car,Minor injury,Fault of driver of motor vehicle/driver of other vehicle/cyclist/pedestrian/passenger,Four lanes or more with central divider,Straight road,,Fine,AP05W      9773,P.V,Non injured ,10
29.04.2015,3:00 AM,1282.4,LHS,Rural,Singarayakonda,Rear End Collision, Car  hit           Unknown Vehicle,Car,Minor injury,Fault of driver of motor vehicle/driver of other vehicle/cyclist/pedestrian/passenger,Four lanes or more with central divider,Straight road,,Fine,AP05W      9773,P.V,Animals affected,0
29.04.2015,8:45 AM,1273,LHS,Rural,Singarayakonda,Rear End Collision, Car hit    Bike ,Car,Grievious injury,Over speed,Four lanes or more with central divider,Straight road,,Fine,AP16CT       7272,P.V&A.M.B,Fatal,0
29.04.2015,8:45 AM,1273,LHS,Rural,Singarayakonda,Rear End Collision, Car hit    Bike ,Car,Grievious injury,Over speed,Four lanes or more with central divider,Straight road,,Fine,AP16CT       7272,P.V&A.M.B,Grevious,1
29.04.2015,8:45 AM,1273,LHS,Rural,Singarayakonda,Rear End Collision, Car hit    Bike ,Car,Grievious injury,Over speed,Four lanes or more with central divider,Straight road,,Fine,AP16CT       7272,P.V&A.M.B,Minor,3
29.04.2015,8:45 AM,1273,LHS,Rural,Singarayakonda,Rear End Collision, Car hit    Bike ,Car,Grievious injury,Over speed,Four lanes or more with central divider,Straight road,,Fine,AP16CT       7272,P.V&A.M.B,Non injured ,0
29.04.2015,8:45 AM,1273,LHS,Rural,Singarayakonda,Rear End Collision, Car hit    Bike ,Car,Grievious injury,Over speed,Four lanes or more with central divider,Straight road,,Fine,AP16CT       7272,P.V&A.M.B,Animals affected,0
29.04.2015,10:15 AM,1345.1,RHS,Rural,Dagadarthi,Rear End Collision, Mini Lorry hit Mini Lorry ,Lorry,Non injury,Over speed,Four lanes or more with central divider,Straight road,,Fine,AP05TX     5445,P.V,Fatal,0
29.04.2015,10:15 AM,1345.1,RHS,Rural,Dagadarthi,Rear End Collision, Mini Lorry hit Mini Lorry ,Lorry,Non injury,Over speed,Four lanes or more with central divider,Straight road,,Fine,AP05TX     5445,P.V,Grevious,0
29.04.2015,10:15 AM,1345.1,RHS,Rural,Dagadarthi,Rear End Collision, Mini Lorry hit Mini Lorry ,Lorry,Non injury,Over speed,Four lanes or more with central divider,Straight road,,Fine,AP05TX     5445,P.V,Minor,0
29.04.2015,10:15 AM,1345.1,RHS,Rural,Dagadarthi,Rear End Collision, Mini Lorry hit Mini Lorry ,Lorry,Non injury,Over speed,Four lanes or more with central divider,Straight road,,Fine,AP05TX     5445,P.V,Non injured ,4
29.04.2015,10:15 AM,1345.1,RHS,Rural,Dagadarthi,Rear End Collision, Mini Lorry hit Mini Lorry ,Lorry,Non injury,Over speed,Four lanes or more with central divider,Straight road,,Fine,AP05TX     5445,P.V,Animals affected,0
30.04.2015,12:05 AM,1299.2,LHS,Rural,Gudluru,Overturning, Mini Lorry Over Turned,Lorry,Grievious injury,Fault of driver of motor vehicle/driver of other vehicle/cyclist/pedestrian/passenger,Four lanes or more with central divider,Straight road,,Fine,AP26TV  3350,P.V,Fatal,0
30.04.2015,12:05 AM,1299.2,LHS,Rural,Gudluru,Overturning, Mini Lorry Over Turned,Lorry,Grievious injury,Fault of driver of motor vehicle/driver of other vehicle/cyclist/pedestrian/passenger,Four lanes or more with central divider,Straight road,,Fine,AP26TV  3350,P.V,Grevious,1
30.04.2015,12:05 AM,1299.2,LHS,Rural,Gudluru,Overturning, Mini Lorry Over Turned,Lorry,Grievious injury,Fault of driver of motor vehicle/driver of other vehicle/cyclist/pedestrian/passenger,Four lanes or more with central divider,Straight road,,Fine,AP26TV  3350,P.V,Minor,0
30.04.2015,12:05 AM,1299.2,LHS,Rural,Gudluru,Overturning, Mini Lorry Over Turned,Lorry,Grievious injury,Fault of driver of motor vehicle/driver of other vehicle/cyclist/pedestrian/passenger,Four lanes or more with central divider,Straight road,,Fine,AP26TV  3350,P.V,Non injured ,1
30.04.2015,12:05 AM,1299.2,LHS,Rural,Gudluru,Overturning, Mini Lorry Over Turned,Lorry,Grievious injury,Fault of driver of motor vehicle/driver of other vehicle/cyclist/pedestrian/passenger,Four lanes or more with central divider,Straight road,,Fine,AP26TV  3350,P.V,Animals affected,0
30.04.2015,2:35 AM,1219.8,RHS,Rural,Medarametla,Rear End Collision, Trailer Vehicle hit to Tanker Lorry,Trailler,Non injury,Druken,Four lanes or more with central divider,Straight road,,Fine,AP28TB   8384,P.V,Fatal,0
30.04.2015,2:35 AM,1219.8,RHS,Rural,Medarametla,Rear End Collision, Trailer Vehicle hit to Tanker Lorry,Trailler,Non injury,Druken,Four lanes or more with central divider,Straight road,,Fine,AP28TB   8384,P.V,Grevious,0
30.04.2015,2:35 AM,1219.8,RHS,Rural,Medarametla,Rear End Collision, Trailer Vehicle hit to Tanker Lorry,Trailler,Non injury,Druken,Four lanes or more with central divider,Straight road,,Fine,AP28TB   8384,P.V,Minor,0
30.04.2015,2:35 AM,1219.8,RHS,Rural,Medarametla,Rear End Collision, Trailer Vehicle hit to Tanker Lorry,Trailler,Non injury,Druken,Four lanes or more with central divider,Straight road,,Fine,AP28TB   8384,P.V,Non injured ,2
30.04.2015,2:35 AM,1219.8,RHS,Rural,Medarametla,Rear End Collision, Trailer Vehicle hit to Tanker Lorry,Trailler,Non injury,Druken,Four lanes or more with central divider,Straight road,,Fine,AP28TB   8384,P.V,Animals affected,0
30.04.2015,4:20 AM,1280.9,LHS,Rural,Singarayakonda,Collision Brush/Side Wipe, Auto hit to Unknown Vehicle,Auto,Grievious injury,Over speed,Four lanes or more with central divider,Straight road,,Fine,AP26TB   1019,P.V,Fatal,0
30.04.2015,4:20 AM,1280.9,LHS,Rural,Singarayakonda,Collision Brush/Side Wipe, Auto hit to Unknown Vehicle,Auto,Grievious injury,Over speed,Four lanes or more with central divider,Straight road,,Fine,AP26TB   1019,P.V,Grevious,2
30.04.2015,4:20 AM,1280.9,LHS,Rural,Singarayakonda,Collision Brush/Side Wipe, Auto hit to Unknown Vehicle,Auto,Grievious injury,Over speed,Four lanes or more with central divider,Straight road,,Fine,AP26TB   1019,P.V,Minor,1
30.04.2015,4:20 AM,1280.9,LHS,Rural,Singarayakonda,Collision Brush/Side Wipe, Auto hit to Unknown Vehicle,Auto,Grievious injury,Over speed,Four lanes or more with central divider,Straight road,,Fine,AP26TB   1019,P.V,Non injured ,0
30.04.2015,4:20 AM,1280.9,LHS,Rural,Singarayakonda,Collision Brush/Side Wipe, Auto hit to Unknown Vehicle,Auto,Grievious injury,Over speed,Four lanes or more with central divider,Straight road,,Fine,AP26TB   1019,P.V,Animals affected,0
30.04.2015,6:30 AM,1255,RHS,Rural,Ongole,Collision Brush/Side Wipe, Lorry hit to Bike,Lorry,Grievious injury,Over speed,Four lanes or more with central divider,Straight road,,Fine,TN21AZ   5882,P.V&A.M.B,Fatal,0
30.04.2015,6:30 AM,1255,RHS,Rural,Ongole,Collision Brush/Side Wipe, Lorry hit to Bike,Lorry,Grievious injury,Over speed,Four lanes or more with central divider,Straight road,,Fine,TN21AZ   5882,P.V&A.M.B,Grevious,1
30.04.2015,6:30 AM,1255,RHS,Rural,Ongole,Collision Brush/Side Wipe, Lorry hit to Bike,Lorry,Grievious injury,Over speed,Four lanes or more with central divider,Straight road,,Fine,TN21AZ   5882,P.V&A.M.B,Minor,0
30.04.2015,6:30 AM,1255,RHS,Rural,Ongole,Collision Brush/Side Wipe, Lorry hit to Bike,Lorry,Grievious injury,Over speed,Four lanes or more with central divider,Straight road,,Fine,TN21AZ   5882,P.V&A.M.B,Non injured ,0
30.04.2015,6:30 AM,1255,RHS,Rural,Ongole,Collision Brush/Side Wipe, Lorry hit to Bike,Lorry,Grievious injury,Over speed,Four lanes or more with central divider,Straight road,,Fine,TN21AZ   5882,P.V&A.M.B,Animals affected,0
30.04.2015,5:35 PM,1191,RHS,Rural,Martur,Skidding, Bike Skidding,Bike,Grievious injury,Vehicle out of control,Four lanes or more with central divider,Straight road,,Fine,AP07AW   1682,A.M.B,Fatal,0
30.04.2015,5:35 PM,1191,RHS,Rural,Martur,Skidding, Bike Skidding,Bike,Grievious injury,Vehicle out of control,Four lanes or more with central divider,Straight road,,Fine,AP07AW   1682,A.M.B,Grevious,1
30.04.2015,5:35 PM,1191,RHS,Rural,Martur,Skidding, Bike Skidding,Bike,Grievious injury,Vehicle out of control,Four lanes or more with central divider,Straight road,,Fine,AP07AW   1682,A.M.B,Minor,0
30.04.2015,5:35 PM,1191,RHS,Rural,Martur,Skidding, Bike Skidding,Bike,Grievious injury,Vehicle out of control,Four lanes or more with central divider,Straight road,,Fine,AP07AW   1682,A.M.B,Non injured ,1
30.04.2015,5:35 PM,1191,RHS,Rural,Martur,Skidding, Bike Skidding,Bike,Grievious injury,Vehicle out of control,Four lanes or more with central divider,Straight road,,Fine,AP07AW   1682,A.M.B,Animals affected,0
30.04.2015,7:05 PM,1228.6,LHS,Rural,Maddipadu,Collision Brush/Side Wipe, Car hit to Bike,Car,Grievious injury,Fault of driver of motor vehicle/driver of other vehicle/cyclist/pedestrian/passenger,Four lanes or more with central divider,Straight road,,Fine,AP16CE     1856,P.V,Fatal,0
30.04.2015,7:05 PM,1228.6,LHS,Rural,Maddipadu,Collision Brush/Side Wipe, Car hit to Bike,Car,Grievious injury,Fault of driver of motor vehicle/driver of other vehicle/cyclist/pedestrian/passenger,Four lanes or more with central divider,Straight road,,Fine,AP16CE     1856,P.V,Grevious,1
30.04.2015,7:05 PM,1228.6,LHS,Rural,Maddipadu,Collision Brush/Side Wipe, Car hit to Bike,Car,Grievious injury,Fault of driver of motor vehicle/driver of other vehicle/cyclist/pedestrian/passenger,Four lanes or more with central divider,Straight road,,Fine,AP16CE     1856,P.V,Minor,2
30.04.2015,7:05 PM,1228.6,LHS,Rural,Maddipadu,Collision Brush/Side Wipe, Car hit to Bike,Car,Grievious injury,Fault of driver of motor vehicle/driver of other vehicle/cyclist/pedestrian/passenger,Four lanes or more with central divider,Straight road,,Fine,AP16CE     1856,P.V,Non injured ,4
30.04.2015,7:05 PM,1228.6,LHS,Rural,Maddipadu,Collision Brush/Side Wipe, Car hit to Bike,Car,Grievious injury,Fault of driver of motor vehicle/driver of other vehicle/cyclist/pedestrian/passenger,Four lanes or more with central divider,Straight road,,Fine,AP16CE     1856,P.V,Animals affected,0
01.05.2015,3:15 AM,1322.4,RHS,Rural,Kavali,Collision Brush/Side Wipe, Car hit            Buffalo ,Car,Non injury,Over speed,Four lanes or more with central divider,Straight road,,Fine,AP16CB   3889,P.V,Fatal,0
01.05.2015,3:15 AM,1322.4,RHS,Rural,Kavali,Collision Brush/Side Wipe, Car hit            Buffalo ,Car,Non injury,Over speed,Four lanes or more with central divider,Straight road,,Fine,AP16CB   3889,P.V,Grevious,0
01.05.2015,3:15 AM,1322.4,RHS,Rural,Kavali,Collision Brush/Side Wipe, Car hit            Buffalo ,Car,Non injury,Over speed,Four lanes or more with central divider,Straight road,,Fine,AP16CB   3889,P.V,Minor,0
01.05.2015,3:15 AM,1322.4,RHS,Rural,Kavali,Collision Brush/Side Wipe, Car hit            Buffalo ,Car,Non injury,Over speed,Four lanes or more with central divider,Straight road,,Fine,AP16CB   3889,P.V,Non injured ,4
01.05.2015,3:15 AM,1322.4,RHS,Rural,Kavali,Collision Brush/Side Wipe, Car hit            Buffalo ,Car,Non injury,Over speed,Four lanes or more with central divider,Straight road,,Fine,AP16CB   3889,P.V,Animals affected,1
01.05.2015,8:20 AM,1302,RHS,Rural,Gudluru,Collision Brush/Side Wipe, Mini Lorry hit CC Barriers,Lorry,Non injury,Fault of driver of motor vehicle/driver of other vehicle/cyclist/pedestrian/passenger,Four lanes or more with central divider,Straight road,,Fine,AP16TE   0786,P.V,Fatal,0
01.05.2015,8:20 AM,1302,RHS,Rural,Gudluru,Collision Brush/Side Wipe, Mini Lorry hit CC Barriers,Lorry,Non injury,Fault of driver of motor vehicle/driver of other vehicle/cyclist/pedestrian/passenger,Four lanes or more with central divider,Straight road,,Fine,AP16TE   0786,P.V,Grevious,0
01.05.2015,8:20 AM,1302,RHS,Rural,Gudluru,Collision Brush/Side Wipe, Mini Lorry hit CC Barriers,Lorry,Non injury,Fault of driver of motor vehicle/driver of other vehicle/cyclist/pedestrian/passenger,Four lanes or more with central divider,Straight road,,Fine,AP16TE   0786,P.V,Minor,0
01.05.2015,8:20 AM,1302,RHS,Rural,Gudluru,Collision Brush/Side Wipe, Mini Lorry hit CC Barriers,Lorry,Non injury,Fault of driver of motor vehicle/driver of other vehicle/cyclist/pedestrian/passenger,Four lanes or more with central divider,Straight road,,Fine,AP16TE   0786,P.V,Non injured ,1
01.05.2015,8:20 AM,1302,RHS,Rural,Gudluru,Collision Brush/Side Wipe, Mini Lorry hit CC Barriers,Lorry,Non injury,Fault of driver of motor vehicle/driver of other vehicle/cyclist/pedestrian/passenger,Four lanes or more with central divider,Straight road,,Fine,AP16TE   0786,P.V,Animals affected,0
01.05.2015,7:06 PM,1199.1,LHS,Rural,Martur,Collision Brush/Side Wipe, Car hit            Bike,Car,Grievious injury,Fault of driver of motor vehicle/driver of other vehicle/cyclist/pedestrian/passenger,Four lanes or more with central divider,Straight road,,Fine,AP16CF   8589,"P.V, AMB",Fatal,0
01.05.2015,7:06 PM,1199.1,LHS,Rural,Martur,Collision Brush/Side Wipe, Car hit            Bike,Car,Grievious injury,Fault of driver of motor vehicle/driver of other vehicle/cyclist/pedestrian/passenger,Four lanes or more with central divider,Straight road,,Fine,AP16CF   8589,"P.V, AMB",Grevious,1
01.05.2015,7:06 PM,1199.1,LHS,Rural,Martur,Collision Brush/Side Wipe, Car hit            Bike,Car,Grievious injury,Fault of driver of motor vehicle/driver of other vehicle/cyclist/pedestrian/passenger,Four lanes or more with central divider,Straight road,,Fine,AP16CF   8589,"P.V, AMB",Minor,1
01.05.2015,7:06 PM,1199.1,LHS,Rural,Martur,Collision Brush/Side Wipe, Car hit            Bike,Car,Grievious injury,Fault of driver of motor vehicle/driver of other vehicle/cyclist/pedestrian/passenger,Four lanes or more with central divider,Straight road,,Fine,AP16CF   8589,"P.V, AMB",Non injured ,0