Operational date,Time of Accident,KM && M,Position,Rural/Urban,Location,Nature of Accident Position,Nature of Accident,Vehicle Involved,Type of Accident,Causes,Road Feature,Road condition,Intersection Type And Control,Weather Condition,Vehicle Responsible,Help Provided by Ambulance/Patroling Vehicle,Classification of Accident,No of Affected Persons
01.05.2015,7:06 PM,1199.1,LHS,Rural,Martur,Collision Brush/Side Wipe, Car hit            Bike,Car,Grievious injury,Fault of driver of motor vehicle/driver of other vehicle/cyclist/pedestrian/passenger,Four lanes or more with central divider,Straight road,,Fine,AP16CF   8589,"P.V, AMB",Animals affected,0
02.05.2015,2:50 AM,1346.2,RHS,Rural,Dagadarthi,Collision Brush/Side Wipe, Mini Lorry hit  drine wall,Lorry,Non injury,Fault of driver of motor vehicle/driver of other vehicle/cyclist/pedestrian/passenger,Four lanes or more with central divider,Straight road,,Fine,AP07TC 6391,P.V,Fatal,0
02.05.2015,2:50 AM,1346.2,RHS,Rural,Dagadarthi,Collision Brush/Side Wipe, Mini Lorry hit  drine wall,Lorry,Non injury,Fault of driver of motor vehicle/driver of other vehicle/cyclist/pedestrian/passenger,Four lanes or more with central divider,Straight road,,Fine,AP07TC 6391,P.V,Grevious,0
02.05.2015,2:50 AM,1346.2,RHS,Rural,Dagadarthi,Collision Brush/Side Wipe, Mini Lorry hit  drine wall,Lorry,Non injury,Fault of driver of motor vehicle/driver of other vehicle/cyclist/pedestrian/passenger,Four lanes or more with central divider,Straight road,,Fine,AP07TC 6391,P.V,Minor,0
02.05.2015,2:50 AM,1346.2,RHS,Rural,Dagadarthi,Collision Brush/Side Wipe, Mini Lorry hit  drine wall,Lorry,Non injury,Fault of driver of motor vehicle/driver of other vehicle/cyclist/pedestrian/passenger,Four lanes or more with central divider,Straight road,,Fine,AP07TC 6391,P.V,Non injured ,2
02.05.2015,2:50 AM,1346.2,RHS,Rural,Dagadarthi,Collision Brush/Side Wipe, Mini Lorry hit  drine wall,Lorry,Non injury,Fault of driver of motor vehicle/driver of other vehicle/cyclist/pedestrian/passenger,Four lanes or more with central divider,Straight road,,Fine,AP07TC 6391,P.V,Animals affected,0
02.05.2015,11:13 PM,1343.3,LHS,Rural,Dagadarthi,Overturning, Mini Lorry hit bridge wall,Lorry,Grievious injury,Over speed,Four lanes or more with central divider,Straight road,,Fine,AP07TC 6050,P.V&A.M.B,Fatal,0
02.05.2015,11:13 PM,1343.3,LHS,Rural,Dagadarthi,Overturning, Mini Lorry hit bridge wall,Lorry,Grievious injury,Over speed,Four lanes or more with central divider,Straight road,,Fine,AP07TC 6050,P.V&A.M.B,Grevious,1
02.05.2015,11:13 PM,1343.3,LHS,Rural,Dagadarthi,Overturning, Mini Lorry hit bridge wall,Lorry,Grievious injury,Over speed,Four lanes or more with central divider,Straight road,,Fine,AP07TC 6050,P.V&A.M.B,Minor,2
02.05.2015,11:13 PM,1343.3,LHS,Rural,Dagadarthi,Overturning, Mini Lorry hit bridge wall,Lorry,Grievious injury,Over speed,Four lanes or more with central divider,Straight road,,Fine,AP07TC 6050,P.V&A.M.B,Non injured ,1
02.05.2015,11:13 PM,1343.3,LHS,Rural,Dagadarthi,Overturning, Mini Lorry hit bridge wall,Lorry,Grievious injury,Over speed,Four lanes or more with central divider,Straight road,,Fine,AP07TC 6050,P.V&A.M.B,Animals affected,0
03.05.2015,7:10 AM,1312.4,LHS,Rural,Kavali,Rear End Collision, Lorry hit to Lorry,Lorry,Non injury,Over speed,Four lanes or more with central divider,Straight road,,Fine,AP27TT   3169,P.V,Fatal,0
03.05.2015,7:10 AM,1312.4,LHS,Rural,Kavali,Rear End Collision, Lorry hit to Lorry,Lorry,Non injury,Over speed,Four lanes or more with central divider,Straight road,,Fine,AP27TT   3169,P.V,Grevious,0
03.05.2015,7:10 AM,1312.4,LHS,Rural,Kavali,Rear End Collision, Lorry hit to Lorry,Lorry,Non injury,Over speed,Four lanes or more with central divider,Straight road,,Fine,AP27TT   3169,P.V,Minor,0
03.05.2015,7:10 AM,1312.4,LHS,Rural,Kavali,Rear End Collision, Lorry hit to Lorry,Lorry,Non injury,Over speed,Four lanes or more with central divider,Straight road,,Fine,AP27TT   3169,P.V,Non injured ,2
03.05.2015,7:10 AM,1312.4,LHS,Rural,Kavali,Rear End Collision, Lorry hit to Lorry,Lorry,Non injury,Over speed,Four lanes or more with central divider,Straight road,,Fine,AP27TT   3169,P.V,Animals affected,0
03.05.2015,7:09 PM,1333.4,RHS,Rural,K.Tippa ,Rear End Collision, APSRTC Bus hit to   Lorry,Bus,Grievious injury,Fault of driver of motor vehicle/driver of other vehicle/cyclist/pedestrian/passenger,Four lanes or more with central divider,Straight road,,Fine,AP16TA 2288,P.V&A.M.B,Fatal,0
03.05.2015,7:09 PM,1333.4,RHS,Rural,K.Tippa ,Rear End Collision, APSRTC Bus hit to   Lorry,Bus,Grievious injury,Fault of driver of motor vehicle/driver of other vehicle/cyclist/pedestrian/passenger,Four lanes or more with central divider,Straight road,,Fine,AP16TA 2288,P.V&A.M.B,Grevious,5
03.05.2015,7:09 PM,1333.4,RHS,Rural,K.Tippa ,Rear End Collision, APSRTC Bus hit to   Lorry,Bus,Grievious injury,Fault of driver of motor vehicle/driver of other vehicle/cyclist/pedestrian/passenger,Four lanes or more with central divider,Straight road,,Fine,AP16TA 2288,P.V&A.M.B,Minor,8
03.05.2015,7:09 PM,1333.4,RHS,Rural,K.Tippa ,Rear End Collision, APSRTC Bus hit to   Lorry,Bus,Grievious injury,Fault of driver of motor vehicle/driver of other vehicle/cyclist/pedestrian/passenger,Four lanes or more with central divider,Straight road,,Fine,AP16TA 2288,P.V&A.M.B,Non injured ,36
03.05.2015,7:09 PM,1333.4,RHS,Rural,K.Tippa ,Rear End Collision, APSRTC Bus hit to   Lorry,Bus,Grievious injury,Fault of driver of motor vehicle/driver of other vehicle/cyclist/pedestrian/passenger,Four lanes or more with central divider,Straight road,,Fine,AP16TA 2288,P.V&A.M.B,Animals affected,0
04.05.2015,6:35 AM,1223.1,RHS,Rural,Medarametla,Overturning, Lorry Overturning,Lorry,Non injury,Over speed,Four lanes or more with central divider,Straight road,T-Junction,Fine,AP16TX   6256,P.V,Fatal,0
04.05.2015,6:35 AM,1223.1,RHS,Rural,Medarametla,Overturning, Lorry Overturning,Lorry,Non injury,Over speed,Four lanes or more with central divider,Straight road,T-Junction,Fine,AP16TX   6256,P.V,Grevious,0
04.05.2015,6:35 AM,1223.1,RHS,Rural,Medarametla,Overturning, Lorry Overturning,Lorry,Non injury,Over speed,Four lanes or more with central divider,Straight road,T-Junction,Fine,AP16TX   6256,P.V,Minor,0
04.05.2015,6:35 AM,1223.1,RHS,Rural,Medarametla,Overturning, Lorry Overturning,Lorry,Non injury,Over speed,Four lanes or more with central divider,Straight road,T-Junction,Fine,AP16TX   6256,P.V,Non injured ,2
04.05.2015,6:35 AM,1223.1,RHS,Rural,Medarametla,Overturning, Lorry Overturning,Lorry,Non injury,Over speed,Four lanes or more with central divider,Straight road,T-Junction,Fine,AP16TX   6256,P.V,Animals affected,0
04.05.2015,10:15 AM,1335.2,RHS,Rural,K.Tippa ,Rear End Collision, Car hit CC Barriers,Car,Non injury,Over speed,Four lanes or more with central divider,Straight road,,Fine,TN10KE   4332,P.V,Fatal,0
04.05.2015,10:15 AM,1335.2,RHS,Rural,K.Tippa ,Rear End Collision, Car hit CC Barriers,Car,Non injury,Over speed,Four lanes or more with central divider,Straight road,,Fine,TN10KE   4332,P.V,Grevious,0
04.05.2015,10:15 AM,1335.2,RHS,Rural,K.Tippa ,Rear End Collision, Car hit CC Barriers,Car,Non injury,Over speed,Four lanes or more with central divider,Straight road,,Fine,TN10KE   4332,P.V,Minor,0
04.05.2015,10:15 AM,1335.2,RHS,Rural,K.Tippa ,Rear End Collision, Car hit CC Barriers,Car,Non injury,Over speed,Four lanes or more with central divider,Straight road,,Fine,TN10KE   4332,P.V,Non injured ,2
04.05.2015,10:15 AM,1335.2,RHS,Rural,K.Tippa ,Rear End Collision, Car hit CC Barriers,Car,Non injury,Over speed,Four lanes or more with central divider,Straight road,,Fine,TN10KE   4332,P.V,Animals affected,0
04.05.2015,1:10 PM,1228.7,LHS,Rural,Maddipadu,Collision Brush/Side Wipe, Car hit Road rollar,Car,Non injury,Over speed,Four lanes or more with central divider,Straight road,,Fine,AP27AJ     7887,P.V,Fatal,0
04.05.2015,1:10 PM,1228.7,LHS,Rural,Maddipadu,Collision Brush/Side Wipe, Car hit Road rollar,Car,Non injury,Over speed,Four lanes or more with central divider,Straight road,,Fine,AP27AJ     7887,P.V,Grevious,0
04.05.2015,1:10 PM,1228.7,LHS,Rural,Maddipadu,Collision Brush/Side Wipe, Car hit Road rollar,Car,Non injury,Over speed,Four lanes or more with central divider,Straight road,,Fine,AP27AJ     7887,P.V,Minor,0
04.05.2015,1:10 PM,1228.7,LHS,Rural,Maddipadu,Collision Brush/Side Wipe, Car hit Road rollar,Car,Non injury,Over speed,Four lanes or more with central divider,Straight road,,Fine,AP27AJ     7887,P.V,Non injured ,2
04.05.2015,1:10 PM,1228.7,LHS,Rural,Maddipadu,Collision Brush/Side Wipe, Car hit Road rollar,Car,Non injury,Over speed,Four lanes or more with central divider,Straight road,,Fine,AP27AJ     7887,P.V,Animals affected,0
05.05.2015,6:50 PM,1325.1,RHS,Rural,Kavali,Overturning, Ape Passenger Auto Over Turned,Auto,Minor injury,Over speed,Four lanes or more with central divider,Straight road,,Fine,AP26TC  1971,AMB,Fatal,0
05.05.2015,6:50 PM,1325.1,RHS,Rural,Kavali,Overturning, Ape Passenger Auto Over Turned,Auto,Minor injury,Over speed,Four lanes or more with central divider,Straight road,,Fine,AP26TC  1971,AMB,Grevious,0
05.05.2015,6:50 PM,1325.1,RHS,Rural,Kavali,Overturning, Ape Passenger Auto Over Turned,Auto,Minor injury,Over speed,Four lanes or more with central divider,Straight road,,Fine,AP26TC  1971,AMB,Minor,13
05.05.2015,6:50 PM,1325.1,RHS,Rural,Kavali,Overturning, Ape Passenger Auto Over Turned,Auto,Minor injury,Over speed,Four lanes or more with central divider,Straight road,,Fine,AP26TC  1971,AMB,Non injured ,0
05.05.2015,6:50 PM,1325.1,RHS,Rural,Kavali,Overturning, Ape Passenger Auto Over Turned,Auto,Minor injury,Over speed,Four lanes or more with central divider,Straight road,,Fine,AP26TC  1971,AMB,Animals affected,0
06.05.2015,8:33 AM,1326.5,LHS,Rural,Kavali,Head on collision, Unknown vehicle hit  Bike ,Unknown,Minor injury,Over speed,Two lanes,Straight road,,Fine,Unknown Vehicle,AMB,Fatal,0
06.05.2015,8:33 AM,1326.5,LHS,Rural,Kavali,Head on collision, Unknown vehicle hit  Bike ,Unknown,Minor injury,Over speed,Two lanes,Straight road,,Fine,Unknown Vehicle,AMB,Grevious,0
06.05.2015,8:33 AM,1326.5,LHS,Rural,Kavali,Head on collision, Unknown vehicle hit  Bike ,Unknown,Minor injury,Over speed,Two lanes,Straight road,,Fine,Unknown Vehicle,AMB,Minor,3
06.05.2015,8:33 AM,1326.5,LHS,Rural,Kavali,Head on collision, Unknown vehicle hit  Bike ,Unknown,Minor injury,Over speed,Two lanes,Straight road,,Fine,Unknown Vehicle,AMB,Non injured ,0
06.05.2015,8:33 AM,1326.5,LHS,Rural,Kavali,Head on collision, Unknown vehicle hit  Bike ,Unknown,Minor injury,Over speed,Two lanes,Straight road,,Fine,Unknown Vehicle,AMB,Animals affected,0
06.05.2015,9:29 AM,1194.4,RHS,Rural,Martur,Head on collision, Car hit Bike,Car,Grievious injury,Fault of driver of motor vehicle/driver of other vehicle/cyclist/pedestrian/passenger,Four lanes or more with central divider,Straight road,,Fine,AP27AG 4656,PV & AMB,Fatal,0
06.05.2015,9:29 AM,1194.4,RHS,Rural,Martur,Head on collision, Car hit Bike,Car,Grievious injury,Fault of driver of motor vehicle/driver of other vehicle/cyclist/pedestrian/passenger,Four lanes or more with central divider,Straight road,,Fine,AP27AG 4656,PV & AMB,Grevious,1
06.05.2015,9:29 AM,1194.4,RHS,Rural,Martur,Head on collision, Car hit Bike,Car,Grievious injury,Fault of driver of motor vehicle/driver of other vehicle/cyclist/pedestrian/passenger,Four lanes or more with central divider,Straight road,,Fine,AP27AG 4656,PV & AMB,Minor,1
06.05.2015,9:29 AM,1194.4,RHS,Rural,Martur,Head on collision, Car hit Bike,Car,Grievious injury,Fault of driver of motor vehicle/driver of other vehicle/cyclist/pedestrian/passenger,Four lanes or more with central divider,Straight road,,Fine,AP27AG 4656,PV & AMB,Non injured ,2
06.05.2015,9:29 AM,1194.4,RHS,Rural,Martur,Head on collision, Car hit Bike,Car,Grievious injury,Fault of driver of motor vehicle/driver of other vehicle/cyclist/pedestrian/passenger,Four lanes or more with central divider,Straight road,,Fine,AP27AG 4656,PV & AMB,Animals affected,0
07.05.2015,12:26 AM,1288,LHS,Rural,Ulavapadu,Collision Brush/Side Wipe, Car hit CC Barriers ,Car,Minor injury,Over speed,Four lanes or more with central divider,Straight road,,Fine,AP03AA   4242,A.M.B,Fatal,0
07.05.2015,12:26 AM,1288,LHS,Rural,Ulavapadu,Collision Brush/Side Wipe, Car hit CC Barriers ,Car,Minor injury,Over speed,Four lanes or more with central divider,Straight road,,Fine,AP03AA   4242,A.M.B,Grevious,0
07.05.2015,12:26 AM,1288,LHS,Rural,Ulavapadu,Collision Brush/Side Wipe, Car hit CC Barriers ,Car,Minor injury,Over speed,Four lanes or more with central divider,Straight road,,Fine,AP03AA   4242,A.M.B,Minor,2
07.05.2015,12:26 AM,1288,LHS,Rural,Ulavapadu,Collision Brush/Side Wipe, Car hit CC Barriers ,Car,Minor injury,Over speed,Four lanes or more with central divider,Straight road,,Fine,AP03AA   4242,A.M.B,Non injured ,1
07.05.2015,12:26 AM,1288,LHS,Rural,Ulavapadu,Collision Brush/Side Wipe, Car hit CC Barriers ,Car,Minor injury,Over speed,Four lanes or more with central divider,Straight road,,Fine,AP03AA   4242,A.M.B,Animals affected,0
08.05.2015,8:55 AM,1204.9,RHS,Rural,Reningavaram,Collision Brush/Side Wipe, Tipper hit Pedestrian ,Lorry,Fatal,Fault of driver of motor vehicle/driver of other vehicle/cyclist/pedestrian/passenger,Four lanes or more with central divider,Straight road,,Fine,AP27TU   4821,P.V,Fatal,1
08.05.2015,8:55 AM,1204.9,RHS,Rural,Reningavaram,Collision Brush/Side Wipe, Tipper hit Pedestrian ,Lorry,Fatal,Fault of driver of motor vehicle/driver of other vehicle/cyclist/pedestrian/passenger,Four lanes or more with central divider,Straight road,,Fine,AP27TU   4821,P.V,Grevious,0
08.05.2015,8:55 AM,1204.9,RHS,Rural,Reningavaram,Collision Brush/Side Wipe, Tipper hit Pedestrian ,Lorry,Fatal,Fault of driver of motor vehicle/driver of other vehicle/cyclist/pedestrian/passenger,Four lanes or more with central divider,Straight road,,Fine,AP27TU   4821,P.V,Minor,0
08.05.2015,8:55 AM,1204.9,RHS,Rural,Reningavaram,Collision Brush/Side Wipe, Tipper hit Pedestrian ,Lorry,Fatal,Fault of driver of motor vehicle/driver of other vehicle/cyclist/pedestrian/passenger,Four lanes or more with central divider,Straight road,,Fine,AP27TU   4821,P.V,Non injured ,0
08.05.2015,8:55 AM,1204.9,RHS,Rural,Reningavaram,Collision Brush/Side Wipe, Tipper hit Pedestrian ,Lorry,Fatal,Fault of driver of motor vehicle/driver of other vehicle/cyclist/pedestrian/passenger,Four lanes or more with central divider,Straight road,,Fine,AP27TU   4821,P.V,Animals affected,0
08.05.2015,3:27 PM,1266.6,RHS,Rural,Tangutur,Overturning, Dost Pickup Vehicle  Overturned,Dost,Non injury,Over speed,Four lanes or more with central divider,Straight road,,Fine,AP26TB   9268,P.V,Fatal,0
08.05.2015,3:27 PM,1266.6,RHS,Rural,Tangutur,Overturning, Dost Pickup Vehicle  Overturned,Dost,Non injury,Over speed,Four lanes or more with central divider,Straight road,,Fine,AP26TB   9268,P.V,Grevious,0
08.05.2015,3:27 PM,1266.6,RHS,Rural,Tangutur,Overturning, Dost Pickup Vehicle  Overturned,Dost,Non injury,Over speed,Four lanes or more with central divider,Straight road,,Fine,AP26TB   9268,P.V,Minor,0
08.05.2015,3:27 PM,1266.6,RHS,Rural,Tangutur,Overturning, Dost Pickup Vehicle  Overturned,Dost,Non injury,Over speed,Four lanes or more with central divider,Straight road,,Fine,AP26TB   9268,P.V,Non injured ,2
08.05.2015,3:27 PM,1266.6,RHS,Rural,Tangutur,Overturning, Dost Pickup Vehicle  Overturned,Dost,Non injury,Over speed,Four lanes or more with central divider,Straight road,,Fine,AP26TB   9268,P.V,Animals affected,0
09.05.2015,6:10 AM,1341.7,LHS,Rural,Dagadarthi,Collision Brush/Side Wipe, Car hit to CC Barrier,Car,Non injury,Over speed,Four lanes or more with central divider,Straight road,,Fine,AP05CW 3514,P.V,Fatal,0
09.05.2015,6:10 AM,1341.7,LHS,Rural,Dagadarthi,Collision Brush/Side Wipe, Car hit to CC Barrier,Car,Non injury,Over speed,Four lanes or more with central divider,Straight road,,Fine,AP05CW 3514,P.V,Grevious,0
09.05.2015,6:10 AM,1341.7,LHS,Rural,Dagadarthi,Collision Brush/Side Wipe, Car hit to CC Barrier,Car,Non injury,Over speed,Four lanes or more with central divider,Straight road,,Fine,AP05CW 3514,P.V,Minor,0
09.05.2015,6:10 AM,1341.7,LHS,Rural,Dagadarthi,Collision Brush/Side Wipe, Car hit to CC Barrier,Car,Non injury,Over speed,Four lanes or more with central divider,Straight road,,Fine,AP05CW 3514,P.V,Non injured ,4
09.05.2015,6:10 AM,1341.7,LHS,Rural,Dagadarthi,Collision Brush/Side Wipe, Car hit to CC Barrier,Car,Non injury,Over speed,Four lanes or more with central divider,Straight road,,Fine,AP05CW 3514,P.V,Animals affected,0
09.05.2015,3:55 PM,1288.3,RHS,Rural,Ulavapadu,Overturning, Tipper Vehicle Overturned,Lorry,Non injury,Over speed,Four lanes or more with central divider,Slight curve,,Fine,TN21W T/R 3057,P.V,Fatal,0
09.05.2015,3:55 PM,1288.3,RHS,Rural,Ulavapadu,Overturning, Tipper Vehicle Overturned,Lorry,Non injury,Over speed,Four lanes or more with central divider,Slight curve,,Fine,TN21W T/R 3057,P.V,Grevious,0
09.05.2015,3:55 PM,1288.3,RHS,Rural,Ulavapadu,Overturning, Tipper Vehicle Overturned,Lorry,Non injury,Over speed,Four lanes or more with central divider,Slight curve,,Fine,TN21W T/R 3057,P.V,Minor,0
09.05.2015,3:55 PM,1288.3,RHS,Rural,Ulavapadu,Overturning, Tipper Vehicle Overturned,Lorry,Non injury,Over speed,Four lanes or more with central divider,Slight curve,,Fine,TN21W T/R 3057,P.V,Non injured ,1
09.05.2015,3:55 PM,1288.3,RHS,Rural,Ulavapadu,Overturning, Tipper Vehicle Overturned,Lorry,Non injury,Over speed,Four lanes or more with central divider,Slight curve,,Fine,TN21W T/R 3057,P.V,Animals affected,0
09.05.2015,6:40 PM,1200,LHS,Rural,Martur,Collision Brush/Side Wipe, Lorry hit to Security guard,Lorry,Minor injury,Fault of driver of motor vehicle/driver of other vehicle/cyclist/pedestrian/passenger,Four lanes or more with central divider,Straight road,,Fine,AP26T   9853,A.M.B,Fatal,0
09.05.2015,6:40 PM,1200,LHS,Rural,Martur,Collision Brush/Side Wipe, Lorry hit to Security guard,Lorry,Minor injury,Fault of driver of motor vehicle/driver of other vehicle/cyclist/pedestrian/passenger,Four lanes or more with central divider,Straight road,,Fine,AP26T   9853,A.M.B,Grevious,0
09.05.2015,6:40 PM,1200,LHS,Rural,Martur,Collision Brush/Side Wipe, Lorry hit to Security guard,Lorry,Minor injury,Fault of driver of motor vehicle/driver of other vehicle/cyclist/pedestrian/passenger,Four lanes or more with central divider,Straight road,,Fine,AP26T   9853,A.M.B,Minor,1
09.05.2015,6:40 PM,1200,LHS,Rural,Martur,Collision Brush/Side Wipe, Lorry hit to Security guard,Lorry,Minor injury,Fault of driver of motor vehicle/driver of other vehicle/cyclist/pedestrian/passenger,Four lanes or more with central divider,Straight road,,Fine,AP26T   9853,A.M.B,Non injured ,0
09.05.2015,6:40 PM,1200,LHS,Rural,Martur,Collision Brush/Side Wipe, Lorry hit to Security guard,Lorry,Minor injury,Fault of driver of motor vehicle/driver of other vehicle/cyclist/pedestrian/passenger,Four lanes or more with central divider,Straight road,,Fine,AP26T   9853,A.M.B,Animals affected,0
09.05.2015,7:17 PM,1325.3,RHS,Rural,Kavali,Collision Brush/Side Wipe, Unknown vehicle hit to Cyclist,Unknown,Grievious injury,Over speed,Four lanes or more with central divider,Straight road,,Fine,Unknown Vehicle,P.V&A.M.B,Fatal,0
09.05.2015,7:17 PM,1325.3,RHS,Rural,Kavali,Collision Brush/Side Wipe, Unknown vehicle hit to Cyclist,Unknown,Grievious injury,Over speed,Four lanes or more with central divider,Straight road,,Fine,Unknown Vehicle,P.V&A.M.B,Grevious,1
09.05.2015,7:17 PM,1325.3,RHS,Rural,Kavali,Collision Brush/Side Wipe, Unknown vehicle hit to Cyclist,Unknown,Grievious injury,Over speed,Four lanes or more with central divider,Straight road,,Fine,Unknown Vehicle,P.V&A.M.B,Minor,0
09.05.2015,7:17 PM,1325.3,RHS,Rural,Kavali,Collision Brush/Side Wipe, Unknown vehicle hit to Cyclist,Unknown,Grievious injury,Over speed,Four lanes or more with central divider,Straight road,,Fine,Unknown Vehicle,P.V&A.M.B,Non injured ,0
09.05.2015,7:17 PM,1325.3,RHS,Rural,Kavali,Collision Brush/Side Wipe, Unknown vehicle hit to Cyclist,Unknown,Grievious injury,Over speed,Four lanes or more with central divider,Straight road,,Fine,Unknown Vehicle,P.V&A.M.B,Animals affected,0
09.05.2015,11:10 PM,1336.7,RHS,Rural,K.Tippa ,Rear End Collision, Car hit to Volva Bus,Car,Minor injury,Over speed,Four lanes or more with central divider,Straight road,,Fine,AP26AQ 6825,P.V,Fatal,0
09.05.2015,11:10 PM,1336.7,RHS,Rural,K.Tippa ,Rear End Collision, Car hit to Volva Bus,Car,Minor injury,Over speed,Four lanes or more with central divider,Straight road,,Fine,AP26AQ 6825,P.V,Grevious,0
09.05.2015,11:10 PM,1336.7,RHS,Rural,K.Tippa ,Rear End Collision, Car hit to Volva Bus,Car,Minor injury,Over speed,Four lanes or more with central divider,Straight road,,Fine,AP26AQ 6825,P.V,Minor,2
09.05.2015,11:10 PM,1336.7,RHS,Rural,K.Tippa ,Rear End Collision, Car hit to Volva Bus,Car,Minor injury,Over speed,Four lanes or more with central divider,Straight road,,Fine,AP26AQ 6825,P.V,Non injured ,0
09.05.2015,11:10 PM,1336.7,RHS,Rural,K.Tippa ,Rear End Collision, Car hit to Volva Bus,Car,Minor injury,Over speed,Four lanes or more with central divider,Straight road,,Fine,AP26AQ 6825,P.V,Animals affected,0
10.05.2015,2:56 AM,1202,RHS,Rural,Reningavaram,Rear End Collision, Car hit Unknown Vehicle,Car,Minor injury,Fault of driver of motor vehicle/driver of other vehicle/cyclist/pedestrian/passenger,Four lanes or more with central divider,Straight road,,Fine,AP37X  7689,P.V&A.M.B,Fatal,0
10.05.2015,2:56 AM,1202,RHS,Rural,Reningavaram,Rear End Collision, Car hit Unknown Vehicle,Car,Minor injury,Fault of driver of motor vehicle/driver of other vehicle/cyclist/pedestrian/passenger,Four lanes or more with central divider,Straight road,,Fine,AP37X  7689,P.V&A.M.B,Grevious,0
10.05.2015,2:56 AM,1202,RHS,Rural,Reningavaram,Rear End Collision, Car hit Unknown Vehicle,Car,Minor injury,Fault of driver of motor vehicle/driver of other vehicle/cyclist/pedestrian/passenger,Four lanes or more with central divider,Straight road,,Fine,AP37X  7689,P.V&A.M.B,Minor,2
10.05.2015,2:56 AM,1202,RHS,Rural,Reningavaram,Rear End Collision, Car hit Unknown Vehicle,Car,Minor injury,Fault of driver of motor vehicle/driver of other vehicle/cyclist/pedestrian/passenger,Four lanes or more with central divider,Straight road,,Fine,AP37X  7689,P.V&A.M.B,Non injured ,9
10.05.2015,2:56 AM,1202,RHS,Rural,Reningavaram,Rear End Collision, Car hit Unknown Vehicle,Car,Minor injury,Fault of driver of motor vehicle/driver of other vehicle/cyclist/pedestrian/passenger,Four lanes or more with central divider,Straight road,,Fine,AP37X  7689,P.V&A.M.B,Animals affected,0
10.05.2015,11:16 AM,1305.2,LHS,Rural,Gudluru,Overturning,Lorry Overturned to wards ROW,Lorry,Grievious injury,Druken,Four lanes or more with central divider,Straight road,,Fine,TN52U   7399,P.V&A.M.B,Fatal,0
10.05.2015,11:16 AM,1305.2,LHS,Rural,Gudluru,Overturning,Lorry Overturned to wards ROW,Lorry,Grievious injury,Druken,Four lanes or more with central divider,Straight road,,Fine,TN52U   7399,P.V&A.M.B,Grevious,2
10.05.2015,11:16 AM,1305.2,LHS,Rural,Gudluru,Overturning,Lorry Overturned to wards ROW,Lorry,Grievious injury,Druken,Four lanes or more with central divider,Straight road,,Fine,TN52U   7399,P.V&A.M.B,Minor,0
10.05.2015,11:16 AM,1305.2,LHS,Rural,Gudluru,Overturning,Lorry Overturned to wards ROW,Lorry,Grievious injury,Druken,Four lanes or more with central divider,Straight road,,Fine,TN52U   7399,P.V&A.M.B,Non injured ,0
10.05.2015,11:16 AM,1305.2,LHS,Rural,Gudluru,Overturning,Lorry Overturned to wards ROW,Lorry,Grievious injury,Druken,Four lanes or more with central divider,Straight road,,Fine,TN52U   7399,P.V&A.M.B,Animals affected,0
10.05.2015,9:20 PM,1326.6,LHS,Rural,Kavali,Head on collision, Cement Tanker hit Lorry,Tanker,Non injury,Fault of driver of motor vehicle/driver of other vehicle/cyclist/pedestrian/passenger,Four lanes or more with central divider,Straight road,,Fine,AP16TY    5724,P.V,Fatal,0
10.05.2015,9:20 PM,1326.6,LHS,Rural,Kavali,Head on collision, Cement Tanker hit Lorry,Tanker,Non injury,Fault of driver of motor vehicle/driver of other vehicle/cyclist/pedestrian/passenger,Four lanes or more with central divider,Straight road,,Fine,AP16TY    5724,P.V,Grevious,0
10.05.2015,9:20 PM,1326.6,LHS,Rural,Kavali,Head on collision, Cement Tanker hit Lorry,Tanker,Non injury,Fault of driver of motor vehicle/driver of other vehicle/cyclist/pedestrian/passenger,Four lanes or more with central divider,Straight road,,Fine,AP16TY    5724,P.V,Minor,0
10.05.2015,9:20 PM,1326.6,LHS,Rural,Kavali,Head on collision, Cement Tanker hit Lorry,Tanker,Non injury,Fault of driver of motor vehicle/driver of other vehicle/cyclist/pedestrian/passenger,Four lanes or more with central divider,Straight road,,Fine,AP16TY    5724,P.V,Non injured ,4
10.05.2015,9:20 PM,1326.6,LHS,Rural,Kavali,Head on collision, Cement Tanker hit Lorry,Tanker,Non injury,Fault of driver of motor vehicle/driver of other vehicle/cyclist/pedestrian/passenger,Four lanes or more with central divider,Straight road,,Fine,AP16TY    5724,P.V,Animals affected,0
11.05.2015,4:50 AM,1254.5,LHS,Rural,Ongole,Overturning, Lorry Overturning,Lorry,Non injury,Vehicle out of control,Four lanes or more with central divider,Straight road,,Fine,AP05V   3059,P.V,Fatal,0
11.05.2015,4:50 AM,1254.5,LHS,Rural,Ongole,Overturning, Lorry Overturning,Lorry,Non injury,Vehicle out of control,Four lanes or more with central divider,Straight road,,Fine,AP05V   3059,P.V,Grevious,0
11.05.2015,4:50 AM,1254.5,LHS,Rural,Ongole,Overturning, Lorry Overturning,Lorry,Non injury,Vehicle out of control,Four lanes or more with central divider,Straight road,,Fine,AP05V   3059,P.V,Minor,0
11.05.2015,4:50 AM,1254.5,LHS,Rural,Ongole,Overturning, Lorry Overturning,Lorry,Non injury,Vehicle out of control,Four lanes or more with central divider,Straight road,,Fine,AP05V   3059,P.V,Non injured ,2
11.05.2015,4:50 AM,1254.5,LHS,Rural,Ongole,Overturning, Lorry Overturning,Lorry,Non injury,Vehicle out of control,Four lanes or more with central divider,Straight road,,Fine,AP05V   3059,P.V,Animals affected,0
11.05.2015,1:40 PM,1326.1,LHS,Rural,Kavali,Skidding, Bike Skidding,Bike,Minor injury,Vehicle out of control,Four lanes or more with central divider,Straight road,,Fine,AP26G     6253,P.V&A.M.B,Fatal,0