Operational date,Time of Accident,KM && M,Position,Rural/Urban,Location,Nature of Accident Position,Nature of Accident,Vehicle Involved,Type of Accident,Causes,Road Feature,Road condition,Intersection Type And Control,Weather Condition,Vehicle Responsible,Help Provided by Ambulance/Patroling Vehicle,Classification of Accident,No of Affected Persons
11.05.2015,1:40 PM,1326.1,LHS,Rural,Kavali,Skidding, Bike Skidding,Bike,Minor injury,Vehicle out of control,Four lanes or more with central divider,Straight road,,Fine,AP26G     6253,P.V&A.M.B,Grevious,0
11.05.2015,1:40 PM,1326.1,LHS,Rural,Kavali,Skidding, Bike Skidding,Bike,Minor injury,Vehicle out of control,Four lanes or more with central divider,Straight road,,Fine,AP26G     6253,P.V&A.M.B,Minor,1
11.05.2015,1:40 PM,1326.1,LHS,Rural,Kavali,Skidding, Bike Skidding,Bike,Minor injury,Vehicle out of control,Four lanes or more with central divider,Straight road,,Fine,AP26G     6253,P.V&A.M.B,Non injured ,0
11.05.2015,1:40 PM,1326.1,LHS,Rural,Kavali,Skidding, Bike Skidding,Bike,Minor injury,Vehicle out of control,Four lanes or more with central divider,Straight road,,Fine,AP26G     6253,P.V&A.M.B,Animals affected,0
12.05.2015,11:35 AM,1213.8,LHS,Rural,Medarametla,Skidding, Bike Skidding,Bike,Grievious injury,Over speed,Four lanes or more with central divider,Sharp curve,,Fine,F/R        BIKE,AMB,Fatal,0
12.05.2015,11:35 AM,1213.8,LHS,Rural,Medarametla,Skidding, Bike Skidding,Bike,Grievious injury,Over speed,Four lanes or more with central divider,Sharp curve,,Fine,F/R        BIKE,AMB,Grevious,1
12.05.2015,11:35 AM,1213.8,LHS,Rural,Medarametla,Skidding, Bike Skidding,Bike,Grievious injury,Over speed,Four lanes or more with central divider,Sharp curve,,Fine,F/R        BIKE,AMB,Minor,1
12.05.2015,11:35 AM,1213.8,LHS,Rural,Medarametla,Skidding, Bike Skidding,Bike,Grievious injury,Over speed,Four lanes or more with central divider,Sharp curve,,Fine,F/R        BIKE,AMB,Non injured ,0
12.05.2015,11:35 AM,1213.8,LHS,Rural,Medarametla,Skidding, Bike Skidding,Bike,Grievious injury,Over speed,Four lanes or more with central divider,Sharp curve,,Fine,F/R        BIKE,AMB,Animals affected,0
13.05.2015,1:03 PM,1203,RHS,Rural,Reningavaram,Collision Brush/Side Wipe, Mahindra maxximo van vehicle hit to ped,van,Grievious injury,Over speed,Four lanes or more with central divider,Straight road,,Fine,AP27TV 1168,PV&AMB,Fatal,0
13.05.2015,1:03 PM,1203,RHS,Rural,Reningavaram,Collision Brush/Side Wipe, Mahindra maxximo van vehicle hit to ped,van,Grievious injury,Over speed,Four lanes or more with central divider,Straight road,,Fine,AP27TV 1168,PV&AMB,Grevious,1
13.05.2015,1:03 PM,1203,RHS,Rural,Reningavaram,Collision Brush/Side Wipe, Mahindra maxximo van vehicle hit to ped,van,Grievious injury,Over speed,Four lanes or more with central divider,Straight road,,Fine,AP27TV 1168,PV&AMB,Minor,0
13.05.2015,1:03 PM,1203,RHS,Rural,Reningavaram,Collision Brush/Side Wipe, Mahindra maxximo van vehicle hit to ped,van,Grievious injury,Over speed,Four lanes or more with central divider,Straight road,,Fine,AP27TV 1168,PV&AMB,Non injured ,1
13.05.2015,1:03 PM,1203,RHS,Rural,Reningavaram,Collision Brush/Side Wipe, Mahindra maxximo van vehicle hit to ped,van,Grievious injury,Over speed,Four lanes or more with central divider,Straight road,,Fine,AP27TV 1168,PV&AMB,Animals affected,0
14.05.2015,4:15 AM,1185.5,LHS,Rural,Martur,Overturning,Tempo Van hit Ape Auto and two Vehicles ,Van,Grievious injury,Over speed,Four lanes or more with central divider,Straight road,,Fine,AP05TC  6367,PV&AMB,Fatal,0
14.05.2015,4:15 AM,1185.5,LHS,Rural,Martur,Overturning,Tempo Van hit Ape Auto and two Vehicles ,Van,Grievious injury,Over speed,Four lanes or more with central divider,Straight road,,Fine,AP05TC  6367,PV&AMB,Grevious,6
14.05.2015,4:15 AM,1185.5,LHS,Rural,Martur,Overturning,Tempo Van hit Ape Auto and two Vehicles ,Van,Grievious injury,Over speed,Four lanes or more with central divider,Straight road,,Fine,AP05TC  6367,PV&AMB,Minor,5
14.05.2015,4:15 AM,1185.5,LHS,Rural,Martur,Overturning,Tempo Van hit Ape Auto and two Vehicles ,Van,Grievious injury,Over speed,Four lanes or more with central divider,Straight road,,Fine,AP05TC  6367,PV&AMB,Non injured ,20
14.05.2015,4:15 AM,1185.5,LHS,Rural,Martur,Overturning,Tempo Van hit Ape Auto and two Vehicles ,Van,Grievious injury,Over speed,Four lanes or more with central divider,Straight road,,Fine,AP05TC  6367,PV&AMB,Animals affected,0
14.05.2015,12:45 PM,1264.2,RHS,Rural,Tangutur,Skidding,TVS  XL Bike Skidding,Bike,Grievious injury,Over speed,Four lanes or more with central divider,Straight road,,Fine,AP27AX    6771,AMB,Fatal,0
14.05.2015,12:45 PM,1264.2,RHS,Rural,Tangutur,Skidding,TVS  XL Bike Skidding,Bike,Grievious injury,Over speed,Four lanes or more with central divider,Straight road,,Fine,AP27AX    6771,AMB,Grevious,1
14.05.2015,12:45 PM,1264.2,RHS,Rural,Tangutur,Skidding,TVS  XL Bike Skidding,Bike,Grievious injury,Over speed,Four lanes or more with central divider,Straight road,,Fine,AP27AX    6771,AMB,Minor,1
14.05.2015,12:45 PM,1264.2,RHS,Rural,Tangutur,Skidding,TVS  XL Bike Skidding,Bike,Grievious injury,Over speed,Four lanes or more with central divider,Straight road,,Fine,AP27AX    6771,AMB,Non injured ,0
14.05.2015,12:45 PM,1264.2,RHS,Rural,Tangutur,Skidding,TVS  XL Bike Skidding,Bike,Grievious injury,Over speed,Four lanes or more with central divider,Straight road,,Fine,AP27AX    6771,AMB,Animals affected,0
14.05.2015,2:15 PM,1278.6,RHS,Rural,Singarayakonda,Others(p1.Specific), Car hit Bike,Car,Fatal,Over speed,Three lanes or more without central divider(median),Straight road,Four arm junction,Fine,AP16AV 8999,P.V,Fatal,1
14.05.2015,2:15 PM,1278.6,RHS,Rural,Singarayakonda,Others(p1.Specific), Car hit Bike,Car,Fatal,Over speed,Three lanes or more without central divider(median),Straight road,Four arm junction,Fine,AP16AV 8999,P.V,Grevious,0
14.05.2015,2:15 PM,1278.6,RHS,Rural,Singarayakonda,Others(p1.Specific), Car hit Bike,Car,Fatal,Over speed,Three lanes or more without central divider(median),Straight road,Four arm junction,Fine,AP16AV 8999,P.V,Minor,1
14.05.2015,2:15 PM,1278.6,RHS,Rural,Singarayakonda,Others(p1.Specific), Car hit Bike,Car,Fatal,Over speed,Three lanes or more without central divider(median),Straight road,Four arm junction,Fine,AP16AV 8999,P.V,Non injured ,4
14.05.2015,2:15 PM,1278.6,RHS,Rural,Singarayakonda,Others(p1.Specific), Car hit Bike,Car,Fatal,Over speed,Three lanes or more without central divider(median),Straight road,Four arm junction,Fine,AP16AV 8999,P.V,Animals affected,0
14.05.2015,4:02 PM,1264.8,RHS,Rural,Tangutur,Collision Brush/Side Wipe, Ashok leyland pick up vehicle hit Lorry,Lorry,Non injury,Over speed,Four lanes or more with central divider,Straight road,,Fine,TS08 UB  1303,P.V,Fatal,0
14.05.2015,4:02 PM,1264.8,RHS,Rural,Tangutur,Collision Brush/Side Wipe, Ashok leyland pick up vehicle hit Lorry,Lorry,Non injury,Over speed,Four lanes or more with central divider,Straight road,,Fine,TS08 UB  1303,P.V,Grevious,0
14.05.2015,4:02 PM,1264.8,RHS,Rural,Tangutur,Collision Brush/Side Wipe, Ashok leyland pick up vehicle hit Lorry,Lorry,Non injury,Over speed,Four lanes or more with central divider,Straight road,,Fine,TS08 UB  1303,P.V,Minor,0
14.05.2015,4:02 PM,1264.8,RHS,Rural,Tangutur,Collision Brush/Side Wipe, Ashok leyland pick up vehicle hit Lorry,Lorry,Non injury,Over speed,Four lanes or more with central divider,Straight road,,Fine,TS08 UB  1303,P.V,Non injured ,4
14.05.2015,4:02 PM,1264.8,RHS,Rural,Tangutur,Collision Brush/Side Wipe, Ashok leyland pick up vehicle hit Lorry,Lorry,Non injury,Over speed,Four lanes or more with central divider,Straight road,,Fine,TS08 UB  1303,P.V,Animals affected,0
15.05.2015,1:40 AM,1205.1,RHS,Rural,Reningavaram,Collision Brush/Side Wipe, Bike hit to VUP bridge wall,Bike,Minor injury,Over speed,Four lanes or more with central divider,Straight road,,Fine,AP27AY 1733,PV&AMB,Fatal,0
15.05.2015,1:40 AM,1205.1,RHS,Rural,Reningavaram,Collision Brush/Side Wipe, Bike hit to VUP bridge wall,Bike,Minor injury,Over speed,Four lanes or more with central divider,Straight road,,Fine,AP27AY 1733,PV&AMB,Grevious,0
15.05.2015,1:40 AM,1205.1,RHS,Rural,Reningavaram,Collision Brush/Side Wipe, Bike hit to VUP bridge wall,Bike,Minor injury,Over speed,Four lanes or more with central divider,Straight road,,Fine,AP27AY 1733,PV&AMB,Minor,2
15.05.2015,1:40 AM,1205.1,RHS,Rural,Reningavaram,Collision Brush/Side Wipe, Bike hit to VUP bridge wall,Bike,Minor injury,Over speed,Four lanes or more with central divider,Straight road,,Fine,AP27AY 1733,PV&AMB,Non injured ,0
15.05.2015,1:40 AM,1205.1,RHS,Rural,Reningavaram,Collision Brush/Side Wipe, Bike hit to VUP bridge wall,Bike,Minor injury,Over speed,Four lanes or more with central divider,Straight road,,Fine,AP27AY 1733,PV&AMB,Animals affected,0
15.05.2015,5:25 AM,1231.5,LHS,Rural,Maddipadu,Rear End Collision, Car hit to lorry,Car,Non injury,Over speed,Four lanes or more with central divider,Straight road,,Fine,AP09TB 9882,P.V,Fatal,0
15.05.2015,5:25 AM,1231.5,LHS,Rural,Maddipadu,Rear End Collision, Car hit to lorry,Car,Non injury,Over speed,Four lanes or more with central divider,Straight road,,Fine,AP09TB 9882,P.V,Grevious,0
15.05.2015,5:25 AM,1231.5,LHS,Rural,Maddipadu,Rear End Collision, Car hit to lorry,Car,Non injury,Over speed,Four lanes or more with central divider,Straight road,,Fine,AP09TB 9882,P.V,Minor,0
15.05.2015,5:25 AM,1231.5,LHS,Rural,Maddipadu,Rear End Collision, Car hit to lorry,Car,Non injury,Over speed,Four lanes or more with central divider,Straight road,,Fine,AP09TB 9882,P.V,Non injured ,4
15.05.2015,5:25 AM,1231.5,LHS,Rural,Maddipadu,Rear End Collision, Car hit to lorry,Car,Non injury,Over speed,Four lanes or more with central divider,Straight road,,Fine,AP09TB 9882,P.V,Animals affected,0
15.05.2015,5:45 AM,1272.7,LHS,Rural,Jarugumalli,Rear End Collision, Ashoka leyland Pick up vehicle hit to c,Lorry,Fatal,Fault of driver of motor vehicle/driver of other vehicle/cyclist/pedestrian/passenger,Four lanes or more with central divider,Straight road,,Fine,AP03TV 8749,PV&AMB,Fatal,1
15.05.2015,5:45 AM,1272.7,LHS,Rural,Jarugumalli,Rear End Collision, Ashoka leyland Pick up vehicle hit to c,Lorry,Fatal,Fault of driver of motor vehicle/driver of other vehicle/cyclist/pedestrian/passenger,Four lanes or more with central divider,Straight road,,Fine,AP03TV 8749,PV&AMB,Grevious,1
15.05.2015,5:45 AM,1272.7,LHS,Rural,Jarugumalli,Rear End Collision, Ashoka leyland Pick up vehicle hit to c,Lorry,Fatal,Fault of driver of motor vehicle/driver of other vehicle/cyclist/pedestrian/passenger,Four lanes or more with central divider,Straight road,,Fine,AP03TV 8749,PV&AMB,Minor,1
15.05.2015,5:45 AM,1272.7,LHS,Rural,Jarugumalli,Rear End Collision, Ashoka leyland Pick up vehicle hit to c,Lorry,Fatal,Fault of driver of motor vehicle/driver of other vehicle/cyclist/pedestrian/passenger,Four lanes or more with central divider,Straight road,,Fine,AP03TV 8749,PV&AMB,Non injured ,0
15.05.2015,5:45 AM,1272.7,LHS,Rural,Jarugumalli,Rear End Collision, Ashoka leyland Pick up vehicle hit to c,Lorry,Fatal,Fault of driver of motor vehicle/driver of other vehicle/cyclist/pedestrian/passenger,Four lanes or more with central divider,Straight road,,Fine,AP03TV 8749,PV&AMB,Animals affected,0
15.05.2015,7:55 AM,1265.2,RHS,Rural,Tangutur,Overturning, Lorry over turned on the road,Lorry,Minor injury,Fault of driver of motor vehicle/driver of other vehicle/cyclist/pedestrian/passenger,Four lanes or more with central divider,Straight road,,Fine,HR55K  2533,P.V,Fatal,0
15.05.2015,7:55 AM,1265.2,RHS,Rural,Tangutur,Overturning, Lorry over turned on the road,Lorry,Minor injury,Fault of driver of motor vehicle/driver of other vehicle/cyclist/pedestrian/passenger,Four lanes or more with central divider,Straight road,,Fine,HR55K  2533,P.V,Grevious,0
15.05.2015,7:55 AM,1265.2,RHS,Rural,Tangutur,Overturning, Lorry over turned on the road,Lorry,Minor injury,Fault of driver of motor vehicle/driver of other vehicle/cyclist/pedestrian/passenger,Four lanes or more with central divider,Straight road,,Fine,HR55K  2533,P.V,Minor,2
15.05.2015,7:55 AM,1265.2,RHS,Rural,Tangutur,Overturning, Lorry over turned on the road,Lorry,Minor injury,Fault of driver of motor vehicle/driver of other vehicle/cyclist/pedestrian/passenger,Four lanes or more with central divider,Straight road,,Fine,HR55K  2533,P.V,Non injured ,2
15.05.2015,7:55 AM,1265.2,RHS,Rural,Tangutur,Overturning, Lorry over turned on the road,Lorry,Minor injury,Fault of driver of motor vehicle/driver of other vehicle/cyclist/pedestrian/passenger,Four lanes or more with central divider,Straight road,,Fine,HR55K  2533,P.V,Animals affected,0
15.05.2015,5:47 PM,1265.1,RHS,Rural,Tangutur,Collision Brush/Side Wipe, Unknown vehicle hit to bike,Unknown,Minor injury,Over speed,Four lanes or more with central divider,Straight road,,Fine,Unknown vehicle,A.M.B,Fatal,0
15.05.2015,5:47 PM,1265.1,RHS,Rural,Tangutur,Collision Brush/Side Wipe, Unknown vehicle hit to bike,Unknown,Minor injury,Over speed,Four lanes or more with central divider,Straight road,,Fine,Unknown vehicle,A.M.B,Grevious,0
15.05.2015,5:47 PM,1265.1,RHS,Rural,Tangutur,Collision Brush/Side Wipe, Unknown vehicle hit to bike,Unknown,Minor injury,Over speed,Four lanes or more with central divider,Straight road,,Fine,Unknown vehicle,A.M.B,Minor,3
15.05.2015,5:47 PM,1265.1,RHS,Rural,Tangutur,Collision Brush/Side Wipe, Unknown vehicle hit to bike,Unknown,Minor injury,Over speed,Four lanes or more with central divider,Straight road,,Fine,Unknown vehicle,A.M.B,Non injured ,0
15.05.2015,5:47 PM,1265.1,RHS,Rural,Tangutur,Collision Brush/Side Wipe, Unknown vehicle hit to bike,Unknown,Minor injury,Over speed,Four lanes or more with central divider,Straight road,,Fine,Unknown vehicle,A.M.B,Animals affected,0
16.05.2015,8:20 AM,1242.5,LHS,Rural,Ongole,Rear End Collision, Car hit to Unknown Vehicle,Car,Grievious injury,Over speed,Four lanes or more with central divider,Straight road,,Fine,AP09TV    9222,P.V,Fatal,0
16.05.2015,8:20 AM,1242.5,LHS,Rural,Ongole,Rear End Collision, Car hit to Unknown Vehicle,Car,Grievious injury,Over speed,Four lanes or more with central divider,Straight road,,Fine,AP09TV    9222,P.V,Grevious,2
16.05.2015,8:20 AM,1242.5,LHS,Rural,Ongole,Rear End Collision, Car hit to Unknown Vehicle,Car,Grievious injury,Over speed,Four lanes or more with central divider,Straight road,,Fine,AP09TV    9222,P.V,Minor,2
16.05.2015,8:20 AM,1242.5,LHS,Rural,Ongole,Rear End Collision, Car hit to Unknown Vehicle,Car,Grievious injury,Over speed,Four lanes or more with central divider,Straight road,,Fine,AP09TV    9222,P.V,Non injured ,1
16.05.2015,8:20 AM,1242.5,LHS,Rural,Ongole,Rear End Collision, Car hit to Unknown Vehicle,Car,Grievious injury,Over speed,Four lanes or more with central divider,Straight road,,Fine,AP09TV    9222,P.V,Animals affected,0
16.05.2015,8:57 AM,1353.2,LHS,Rural,Kodavaluru,Rear End Collision, Lorry hit to Unknown Vehicle,Lorry,Non injury,Over speed,Four lanes or more with central divider,Straight road,,Fine,AP16TE  1449,P.V,Fatal,0
16.05.2015,8:57 AM,1353.2,LHS,Rural,Kodavaluru,Rear End Collision, Lorry hit to Unknown Vehicle,Lorry,Non injury,Over speed,Four lanes or more with central divider,Straight road,,Fine,AP16TE  1449,P.V,Grevious,0
16.05.2015,8:57 AM,1353.2,LHS,Rural,Kodavaluru,Rear End Collision, Lorry hit to Unknown Vehicle,Lorry,Non injury,Over speed,Four lanes or more with central divider,Straight road,,Fine,AP16TE  1449,P.V,Minor,0
16.05.2015,8:57 AM,1353.2,LHS,Rural,Kodavaluru,Rear End Collision, Lorry hit to Unknown Vehicle,Lorry,Non injury,Over speed,Four lanes or more with central divider,Straight road,,Fine,AP16TE  1449,P.V,Non injured ,2
16.05.2015,8:57 AM,1353.2,LHS,Rural,Kodavaluru,Rear End Collision, Lorry hit to Unknown Vehicle,Lorry,Non injury,Over speed,Four lanes or more with central divider,Straight road,,Fine,AP16TE  1449,P.V,Animals affected,0
16.05.2015,12:40 PM,1186.5,LHS,Rural,Martur,Overturning, Lorry   overturned to wards Service Roa,Lorry,Non injury,Fault of driver of motor vehicle/driver of other vehicle/cyclist/pedestrian/passenger,Four lanes or more with central divider,Straight road,,Fine,AP24W  3368,P.V,Fatal,0
16.05.2015,12:40 PM,1186.5,LHS,Rural,Martur,Overturning, Lorry   overturned to wards Service Roa,Lorry,Non injury,Fault of driver of motor vehicle/driver of other vehicle/cyclist/pedestrian/passenger,Four lanes or more with central divider,Straight road,,Fine,AP24W  3368,P.V,Grevious,0
16.05.2015,12:40 PM,1186.5,LHS,Rural,Martur,Overturning, Lorry   overturned to wards Service Roa,Lorry,Non injury,Fault of driver of motor vehicle/driver of other vehicle/cyclist/pedestrian/passenger,Four lanes or more with central divider,Straight road,,Fine,AP24W  3368,P.V,Minor,0
16.05.2015,12:40 PM,1186.5,LHS,Rural,Martur,Overturning, Lorry   overturned to wards Service Roa,Lorry,Non injury,Fault of driver of motor vehicle/driver of other vehicle/cyclist/pedestrian/passenger,Four lanes or more with central divider,Straight road,,Fine,AP24W  3368,P.V,Non injured ,2
16.05.2015,12:40 PM,1186.5,LHS,Rural,Martur,Overturning, Lorry   overturned to wards Service Roa,Lorry,Non injury,Fault of driver of motor vehicle/driver of other vehicle/cyclist/pedestrian/passenger,Four lanes or more with central divider,Straight road,,Fine,AP24W  3368,P.V,Animals affected,0
16.05.2015,9:10 PM,1200.6,LHS,Rural,Reningavaram,Skidding, Bike Skidding,Bike,Grievious injury,Over speed,Four lanes or more with central divider,Straight road,T-Junction,Fine,AP27K 8843,AMB,Fatal,0
16.05.2015,9:10 PM,1200.6,LHS,Rural,Reningavaram,Skidding, Bike Skidding,Bike,Grievious injury,Over speed,Four lanes or more with central divider,Straight road,T-Junction,Fine,AP27K 8843,AMB,Grevious,1
16.05.2015,9:10 PM,1200.6,LHS,Rural,Reningavaram,Skidding, Bike Skidding,Bike,Grievious injury,Over speed,Four lanes or more with central divider,Straight road,T-Junction,Fine,AP27K 8843,AMB,Minor,0
16.05.2015,9:10 PM,1200.6,LHS,Rural,Reningavaram,Skidding, Bike Skidding,Bike,Grievious injury,Over speed,Four lanes or more with central divider,Straight road,T-Junction,Fine,AP27K 8843,AMB,Non injured ,0
16.05.2015,9:10 PM,1200.6,LHS,Rural,Reningavaram,Skidding, Bike Skidding,Bike,Grievious injury,Over speed,Four lanes or more with central divider,Straight road,T-Junction,Fine,AP27K 8843,AMB,Animals affected,0
17.05.2015,3:15 AM,1216.6,LHS,Rural,Medarametla,Collision Brush/Side Wipe, Bus hit to Median,Bus,Non injury,Fault of driver of motor vehicle/driver of other vehicle/cyclist/pedestrian/passenger,Four lanes or more with central divider,Slight curve,,Fine,AP02W 4914,P.V,Fatal,0
17.05.2015,3:15 AM,1216.6,LHS,Rural,Medarametla,Collision Brush/Side Wipe, Bus hit to Median,Bus,Non injury,Fault of driver of motor vehicle/driver of other vehicle/cyclist/pedestrian/passenger,Four lanes or more with central divider,Slight curve,,Fine,AP02W 4914,P.V,Grevious,0
17.05.2015,3:15 AM,1216.6,LHS,Rural,Medarametla,Collision Brush/Side Wipe, Bus hit to Median,Bus,Non injury,Fault of driver of motor vehicle/driver of other vehicle/cyclist/pedestrian/passenger,Four lanes or more with central divider,Slight curve,,Fine,AP02W 4914,P.V,Minor,0
17.05.2015,3:15 AM,1216.6,LHS,Rural,Medarametla,Collision Brush/Side Wipe, Bus hit to Median,Bus,Non injury,Fault of driver of motor vehicle/driver of other vehicle/cyclist/pedestrian/passenger,Four lanes or more with central divider,Slight curve,,Fine,AP02W 4914,P.V,Non injured ,40
17.05.2015,3:15 AM,1216.6,LHS,Rural,Medarametla,Collision Brush/Side Wipe, Bus hit to Median,Bus,Non injury,Fault of driver of motor vehicle/driver of other vehicle/cyclist/pedestrian/passenger,Four lanes or more with central divider,Slight curve,,Fine,AP02W 4914,P.V,Animals affected,0
17.05.2015,4:54 PM,1293.6,RHS,Rural,Ulavapadu,Collision Brush/Side Wipe, Car hit to Finishing pole,Car,Minor injury,Vehicle out of control,Four lanes or more with central divider,Straight road,,Fine,AP16CZ 3591,P.V,Fatal,0
17.05.2015,4:54 PM,1293.6,RHS,Rural,Ulavapadu,Collision Brush/Side Wipe, Car hit to Finishing pole,Car,Minor injury,Vehicle out of control,Four lanes or more with central divider,Straight road,,Fine,AP16CZ 3591,P.V,Grevious,0
17.05.2015,4:54 PM,1293.6,RHS,Rural,Ulavapadu,Collision Brush/Side Wipe, Car hit to Finishing pole,Car,Minor injury,Vehicle out of control,Four lanes or more with central divider,Straight road,,Fine,AP16CZ 3591,P.V,Minor,2
17.05.2015,4:54 PM,1293.6,RHS,Rural,Ulavapadu,Collision Brush/Side Wipe, Car hit to Finishing pole,Car,Minor injury,Vehicle out of control,Four lanes or more with central divider,Straight road,,Fine,AP16CZ 3591,P.V,Non injured ,0
17.05.2015,4:54 PM,1293.6,RHS,Rural,Ulavapadu,Collision Brush/Side Wipe, Car hit to Finishing pole,Car,Minor injury,Vehicle out of control,Four lanes or more with central divider,Straight road,,Fine,AP16CZ 3591,P.V,Animals affected,0
20.05.2015,1:20 AM,1270.8,RHS,Rural,Jarugumalli,Rear End Collision, Mini lorry hit to Mini lorry,Lorry,Grievious injury,Fault of driver of motor vehicle/driver of other vehicle/cyclist/pedestrian/passenger,Four lanes or more with central divider,Straight road,,Fine,AP26W 4892,P.V,Fatal,0
20.05.2015,1:20 AM,1270.8,RHS,Rural,Jarugumalli,Rear End Collision, Mini lorry hit to Mini lorry,Lorry,Grievious injury,Fault of driver of motor vehicle/driver of other vehicle/cyclist/pedestrian/passenger,Four lanes or more with central divider,Straight road,,Fine,AP26W 4892,P.V,Grevious,2
20.05.2015,1:20 AM,1270.8,RHS,Rural,Jarugumalli,Rear End Collision, Mini lorry hit to Mini lorry,Lorry,Grievious injury,Fault of driver of motor vehicle/driver of other vehicle/cyclist/pedestrian/passenger,Four lanes or more with central divider,Straight road,,Fine,AP26W 4892,P.V,Minor,0
20.05.2015,1:20 AM,1270.8,RHS,Rural,Jarugumalli,Rear End Collision, Mini lorry hit to Mini lorry,Lorry,Grievious injury,Fault of driver of motor vehicle/driver of other vehicle/cyclist/pedestrian/passenger,Four lanes or more with central divider,Straight road,,Fine,AP26W 4892,P.V,Non injured ,5
20.05.2015,1:20 AM,1270.8,RHS,Rural,Jarugumalli,Rear End Collision, Mini lorry hit to Mini lorry,Lorry,Grievious injury,Fault of driver of motor vehicle/driver of other vehicle/cyclist/pedestrian/passenger,Four lanes or more with central divider,Straight road,,Fine,AP26W 4892,P.V,Animals affected,0
20.05.2015,7:42 PM,1221.2,RHS,Rural,Medarametla,Head on collision, Bike hit to container lorry,Bike,Grievious injury,Fault of driver of motor vehicle/driver of other vehicle/cyclist/pedestrian/passenger,Four lanes or more with central divider,Straight road,,Fine,AP27AU 1557,P.V,Fatal,0
20.05.2015,7:42 PM,1221.2,RHS,Rural,Medarametla,Head on collision, Bike hit to container lorry,Bike,Grievious injury,Fault of driver of motor vehicle/driver of other vehicle/cyclist/pedestrian/passenger,Four lanes or more with central divider,Straight road,,Fine,AP27AU 1557,P.V,Grevious,1
20.05.2015,7:42 PM,1221.2,RHS,Rural,Medarametla,Head on collision, Bike hit to container lorry,Bike,Grievious injury,Fault of driver of motor vehicle/driver of other vehicle/cyclist/pedestrian/passenger,Four lanes or more with central divider,Straight road,,Fine,AP27AU 1557,P.V,Minor,0
20.05.2015,7:42 PM,1221.2,RHS,Rural,Medarametla,Head on collision, Bike hit to container lorry,Bike,Grievious injury,Fault of driver of motor vehicle/driver of other vehicle/cyclist/pedestrian/passenger,Four lanes or more with central divider,Straight road,,Fine,AP27AU 1557,P.V,Non injured ,2
20.05.2015,7:42 PM,1221.2,RHS,Rural,Medarametla,Head on collision, Bike hit to container lorry,Bike,Grievious injury,Fault of driver of motor vehicle/driver of other vehicle/cyclist/pedestrian/passenger,Four lanes or more with central divider,Straight road,,Fine,AP27AU 1557,P.V,Animals affected,0
22.05.2015,12:10 AM,1288,LHS,Rural,Ulavapadu,Collision Brush/Side Wipe, Private Bus hit to Safety Wall,Bus,Non injury,Vehicle out of control,Two lanes,Straight road,,Fine,KA01AD  0612,P.V,Fatal,0
22.05.2015,12:10 AM,1288,LHS,Rural,Ulavapadu,Collision Brush/Side Wipe, Private Bus hit to Safety Wall,Bus,Non injury,Vehicle out of control,Two lanes,Straight road,,Fine,KA01AD  0612,P.V,Grevious,0
22.05.2015,12:10 AM,1288,LHS,Rural,Ulavapadu,Collision Brush/Side Wipe, Private Bus hit to Safety Wall,Bus,Non injury,Vehicle out of control,Two lanes,Straight road,,Fine,KA01AD  0612,P.V,Minor,0
22.05.2015,12:10 AM,1288,LHS,Rural,Ulavapadu,Collision Brush/Side Wipe, Private Bus hit to Safety Wall,Bus,Non injury,Vehicle out of control,Two lanes,Straight road,,Fine,KA01AD  0612,P.V,Non injured ,28
22.05.2015,12:10 AM,1288,LHS,Rural,Ulavapadu,Collision Brush/Side Wipe, Private Bus hit to Safety Wall,Bus,Non injury,Vehicle out of control,Two lanes,Straight road,,Fine,KA01AD  0612,P.V,Animals affected,0
22.05.2015,5:55 AM,1351.7,LHS,Rural,Kodavaluru,Others(p1.Specific), Unknown Vehicle hit to Pedestrian,Unknown,Fatal,Over speed,Four lanes or more with central divider,Straight road,,Fine,Unknown Vehicle,P.V,Fatal,1
22.05.2015,5:55 AM,1351.7,LHS,Rural,Kodavaluru,Others(p1.Specific), Unknown Vehicle hit to Pedestrian,Unknown,Fatal,Over speed,Four lanes or more with central divider,Straight road,,Fine,Unknown Vehicle,P.V,Grevious,0
22.05.2015,5:55 AM,1351.7,LHS,Rural,Kodavaluru,Others(p1.Specific), Unknown Vehicle hit to Pedestrian,Unknown,Fatal,Over speed,Four lanes or more with central divider,Straight road,,Fine,Unknown Vehicle,P.V,Minor,0
22.05.2015,5:55 AM,1351.7,LHS,Rural,Kodavaluru,Others(p1.Specific), Unknown Vehicle hit to Pedestrian,Unknown,Fatal,Over speed,Four lanes or more with central divider,Straight road,,Fine,Unknown Vehicle,P.V,Non injured ,6
22.05.2015,5:55 AM,1351.7,LHS,Rural,Kodavaluru,Others(p1.Specific), Unknown Vehicle hit to Pedestrian,Unknown,Fatal,Over speed,Four lanes or more with central divider,Straight road,,Fine,Unknown Vehicle,P.V,Animals affected,0
22.05.2015,10:10 AM,1211.8,LHS,Rural,Reningavaram,Overturning, Car                        Over Turned,Car,Grievious injury,Defect in mechanical condition of motor vehicle/road condition,Four lanes or more with central divider,Straight road,,Fine,AP27AY  3699,PV&AMB,Fatal,0
22.05.2015,10:10 AM,1211.8,LHS,Rural,Reningavaram,Overturning, Car                        Over Turned,Car,Grievious injury,Defect in mechanical condition of motor vehicle/road condition,Four lanes or more with central divider,Straight road,,Fine,AP27AY  3699,PV&AMB,Grevious,1