Operational date,Time of Accident,KM && M,Position,Rural/Urban,Location,Nature of Accident Position,Nature of Accident,Vehicle Involved,Type of Accident,Causes,Road Feature,Road condition,Intersection Type And Control,Weather Condition,Vehicle Responsible,Help Provided by Ambulance/Patroling Vehicle,Classification of Accident,No of Affected Persons
22.05.2015,10:10 AM,1211.8,LHS,Rural,Reningavaram,Overturning, Car                        Over Turned,Car,Grievious injury,Defect in mechanical condition of motor vehicle/road condition,Four lanes or more with central divider,Straight road,,Fine,AP27AY  3699,PV&AMB,Minor,1
22.05.2015,10:10 AM,1211.8,LHS,Rural,Reningavaram,Overturning, Car                        Over Turned,Car,Grievious injury,Defect in mechanical condition of motor vehicle/road condition,Four lanes or more with central divider,Straight road,,Fine,AP27AY  3699,PV&AMB,Non injured ,0
22.05.2015,10:10 AM,1211.8,LHS,Rural,Reningavaram,Overturning, Car                        Over Turned,Car,Grievious injury,Defect in mechanical condition of motor vehicle/road condition,Four lanes or more with central divider,Straight road,,Fine,AP27AY  3699,PV&AMB,Animals affected,0
22.05.2015,3:10 PM,1229.8,RHS,Rural,Maddipadu,Overturning, Ape Passenger Auto Over Turned,Auto,Minor injury,Fault of driver of motor vehicle/driver of other vehicle/cyclist/pedestrian/passenger,Four lanes or more with central divider,Slight curve,,Fine,AP27TU   6364,P.V,Fatal,0
22.05.2015,3:10 PM,1229.8,RHS,Rural,Maddipadu,Overturning, Ape Passenger Auto Over Turned,Auto,Minor injury,Fault of driver of motor vehicle/driver of other vehicle/cyclist/pedestrian/passenger,Four lanes or more with central divider,Slight curve,,Fine,AP27TU   6364,P.V,Grevious,0
22.05.2015,3:10 PM,1229.8,RHS,Rural,Maddipadu,Overturning, Ape Passenger Auto Over Turned,Auto,Minor injury,Fault of driver of motor vehicle/driver of other vehicle/cyclist/pedestrian/passenger,Four lanes or more with central divider,Slight curve,,Fine,AP27TU   6364,P.V,Minor,7
22.05.2015,3:10 PM,1229.8,RHS,Rural,Maddipadu,Overturning, Ape Passenger Auto Over Turned,Auto,Minor injury,Fault of driver of motor vehicle/driver of other vehicle/cyclist/pedestrian/passenger,Four lanes or more with central divider,Slight curve,,Fine,AP27TU   6364,P.V,Non injured ,3
22.05.2015,3:10 PM,1229.8,RHS,Rural,Maddipadu,Overturning, Ape Passenger Auto Over Turned,Auto,Minor injury,Fault of driver of motor vehicle/driver of other vehicle/cyclist/pedestrian/passenger,Four lanes or more with central divider,Slight curve,,Fine,AP27TU   6364,P.V,Animals affected,0
22.05.2015,7:30 PM,1307.1,LHS,Rural,Gudluru,Rear End Collision, Car hit toTrailer Vehicle,Car,Grievious injury,Over speed,Three lanes or more without central divider(median),Straight road,Four arm junction,Fine,AP07BQ 1233,P.V,Fatal,0
22.05.2015,7:30 PM,1307.1,LHS,Rural,Gudluru,Rear End Collision, Car hit toTrailer Vehicle,Car,Grievious injury,Over speed,Three lanes or more without central divider(median),Straight road,Four arm junction,Fine,AP07BQ 1233,P.V,Grevious,1
22.05.2015,7:30 PM,1307.1,LHS,Rural,Gudluru,Rear End Collision, Car hit toTrailer Vehicle,Car,Grievious injury,Over speed,Three lanes or more without central divider(median),Straight road,Four arm junction,Fine,AP07BQ 1233,P.V,Minor,0
22.05.2015,7:30 PM,1307.1,LHS,Rural,Gudluru,Rear End Collision, Car hit toTrailer Vehicle,Car,Grievious injury,Over speed,Three lanes or more without central divider(median),Straight road,Four arm junction,Fine,AP07BQ 1233,P.V,Non injured ,0
22.05.2015,7:30 PM,1307.1,LHS,Rural,Gudluru,Rear End Collision, Car hit toTrailer Vehicle,Car,Grievious injury,Over speed,Three lanes or more without central divider(median),Straight road,Four arm junction,Fine,AP07BQ 1233,P.V,Animals affected,0
23.05.2015,4:45 PM,1237,LHS,Rural,Maddipadu,Overturning, Nano Car Over Turned,Car,Non injury,Defect in mechanical condition of motor vehicle/road condition,Four lanes or more with central divider,Straight road,,Fine,AP26AL   1931,P.V,Fatal,0
23.05.2015,4:45 PM,1237,LHS,Rural,Maddipadu,Overturning, Nano Car Over Turned,Car,Non injury,Defect in mechanical condition of motor vehicle/road condition,Four lanes or more with central divider,Straight road,,Fine,AP26AL   1931,P.V,Grevious,0
23.05.2015,4:45 PM,1237,LHS,Rural,Maddipadu,Overturning, Nano Car Over Turned,Car,Non injury,Defect in mechanical condition of motor vehicle/road condition,Four lanes or more with central divider,Straight road,,Fine,AP26AL   1931,P.V,Minor,0
23.05.2015,4:45 PM,1237,LHS,Rural,Maddipadu,Overturning, Nano Car Over Turned,Car,Non injury,Defect in mechanical condition of motor vehicle/road condition,Four lanes or more with central divider,Straight road,,Fine,AP26AL   1931,P.V,Non injured ,1
23.05.2015,4:45 PM,1237,LHS,Rural,Maddipadu,Overturning, Nano Car Over Turned,Car,Non injury,Defect in mechanical condition of motor vehicle/road condition,Four lanes or more with central divider,Straight road,,Fine,AP26AL   1931,P.V,Animals affected,0
23.05.2015,8:17 PM,1304.3,RHS,Rural,Gudluru,Collision Brush/Side Wipe, Lorry hit to Pedestrian,Lorry,Minor injury,Druken,Four lanes or more with central divider,Straight road,,Fine,AP03T    9649,P.V,Fatal,0
23.05.2015,8:17 PM,1304.3,RHS,Rural,Gudluru,Collision Brush/Side Wipe, Lorry hit to Pedestrian,Lorry,Minor injury,Druken,Four lanes or more with central divider,Straight road,,Fine,AP03T    9649,P.V,Grevious,0
23.05.2015,8:17 PM,1304.3,RHS,Rural,Gudluru,Collision Brush/Side Wipe, Lorry hit to Pedestrian,Lorry,Minor injury,Druken,Four lanes or more with central divider,Straight road,,Fine,AP03T    9649,P.V,Minor,1
23.05.2015,8:17 PM,1304.3,RHS,Rural,Gudluru,Collision Brush/Side Wipe, Lorry hit to Pedestrian,Lorry,Minor injury,Druken,Four lanes or more with central divider,Straight road,,Fine,AP03T    9649,P.V,Non injured ,0
23.05.2015,8:17 PM,1304.3,RHS,Rural,Gudluru,Collision Brush/Side Wipe, Lorry hit to Pedestrian,Lorry,Minor injury,Druken,Four lanes or more with central divider,Straight road,,Fine,AP03T    9649,P.V,Animals affected,0
24.05.2015,1:20 AM,1263.1,LHS,Rural,Tangutur,Rear End Collision, Volva Bus hit to Trailer vehicle,Bus,Minor injury,Fault of driver of motor vehicle/driver of other vehicle/cyclist/pedestrian/passenger,Four lanes or more with central divider,Straight road,,Fine,KA01AB 4582,P.V & A.M.B,Fatal,0
24.05.2015,1:20 AM,1263.1,LHS,Rural,Tangutur,Rear End Collision, Volva Bus hit to Trailer vehicle,Bus,Minor injury,Fault of driver of motor vehicle/driver of other vehicle/cyclist/pedestrian/passenger,Four lanes or more with central divider,Straight road,,Fine,KA01AB 4582,P.V & A.M.B,Grevious,0
24.05.2015,1:20 AM,1263.1,LHS,Rural,Tangutur,Rear End Collision, Volva Bus hit to Trailer vehicle,Bus,Minor injury,Fault of driver of motor vehicle/driver of other vehicle/cyclist/pedestrian/passenger,Four lanes or more with central divider,Straight road,,Fine,KA01AB 4582,P.V & A.M.B,Minor,1
24.05.2015,1:20 AM,1263.1,LHS,Rural,Tangutur,Rear End Collision, Volva Bus hit to Trailer vehicle,Bus,Minor injury,Fault of driver of motor vehicle/driver of other vehicle/cyclist/pedestrian/passenger,Four lanes or more with central divider,Straight road,,Fine,KA01AB 4582,P.V & A.M.B,Non injured ,46
24.05.2015,1:20 AM,1263.1,LHS,Rural,Tangutur,Rear End Collision, Volva Bus hit to Trailer vehicle,Bus,Minor injury,Fault of driver of motor vehicle/driver of other vehicle/cyclist/pedestrian/passenger,Four lanes or more with central divider,Straight road,,Fine,KA01AB 4582,P.V & A.M.B,Animals affected,0
24.05.2015,4:55 AM,1324.9,RHS,Rural,Kavali,Rear End Collision, Auto hit to Car ,Auto,Grievious injury,Over speed,Four lanes or more with central divider,Straight road,,Fine,AP26TA  4872,P.V,Fatal,0
24.05.2015,4:55 AM,1324.9,RHS,Rural,Kavali,Rear End Collision, Auto hit to Car ,Auto,Grievious injury,Over speed,Four lanes or more with central divider,Straight road,,Fine,AP26TA  4872,P.V,Grevious,1
24.05.2015,4:55 AM,1324.9,RHS,Rural,Kavali,Rear End Collision, Auto hit to Car ,Auto,Grievious injury,Over speed,Four lanes or more with central divider,Straight road,,Fine,AP26TA  4872,P.V,Minor,2
24.05.2015,4:55 AM,1324.9,RHS,Rural,Kavali,Rear End Collision, Auto hit to Car ,Auto,Grievious injury,Over speed,Four lanes or more with central divider,Straight road,,Fine,AP26TA  4872,P.V,Non injured ,4
24.05.2015,4:55 AM,1324.9,RHS,Rural,Kavali,Rear End Collision, Auto hit to Car ,Auto,Grievious injury,Over speed,Four lanes or more with central divider,Straight road,,Fine,AP26TA  4872,P.V,Animals affected,0
24.05.2015,6:25 AM,1210.9,RHS,Rural,Reningavaram,Overturning,  Mini van       Overturned,Lorry,Minor injury,Fault of driver of motor vehicle/driver of other vehicle/cyclist/pedestrian/passenger,Four lanes or more with central divider,Straight road,,Fine,AP03TC 4612,P.V & A.M.B,Fatal,0
24.05.2015,6:25 AM,1210.9,RHS,Rural,Reningavaram,Overturning,  Mini van       Overturned,Lorry,Minor injury,Fault of driver of motor vehicle/driver of other vehicle/cyclist/pedestrian/passenger,Four lanes or more with central divider,Straight road,,Fine,AP03TC 4612,P.V & A.M.B,Grevious,0
24.05.2015,6:25 AM,1210.9,RHS,Rural,Reningavaram,Overturning,  Mini van       Overturned,Lorry,Minor injury,Fault of driver of motor vehicle/driver of other vehicle/cyclist/pedestrian/passenger,Four lanes or more with central divider,Straight road,,Fine,AP03TC 4612,P.V & A.M.B,Minor,1
24.05.2015,6:25 AM,1210.9,RHS,Rural,Reningavaram,Overturning,  Mini van       Overturned,Lorry,Minor injury,Fault of driver of motor vehicle/driver of other vehicle/cyclist/pedestrian/passenger,Four lanes or more with central divider,Straight road,,Fine,AP03TC 4612,P.V & A.M.B,Non injured ,2
24.05.2015,6:25 AM,1210.9,RHS,Rural,Reningavaram,Overturning,  Mini van       Overturned,Lorry,Minor injury,Fault of driver of motor vehicle/driver of other vehicle/cyclist/pedestrian/passenger,Four lanes or more with central divider,Straight road,,Fine,AP03TC 4612,P.V & A.M.B,Animals affected,0
24.05.2015,6:31 AM,1334.4,LHS,Rural,K.Tippa ,Rear End Collision, Lorry hit  to Unknown Vehicle,Lorry,Minor injury,Over speed,Four lanes or more with central divider,Straight road,,Fine,AP37TC 4539,P.V,Fatal,0
24.05.2015,6:31 AM,1334.4,LHS,Rural,K.Tippa ,Rear End Collision, Lorry hit  to Unknown Vehicle,Lorry,Minor injury,Over speed,Four lanes or more with central divider,Straight road,,Fine,AP37TC 4539,P.V,Grevious,0
24.05.2015,6:31 AM,1334.4,LHS,Rural,K.Tippa ,Rear End Collision, Lorry hit  to Unknown Vehicle,Lorry,Minor injury,Over speed,Four lanes or more with central divider,Straight road,,Fine,AP37TC 4539,P.V,Minor,1
24.05.2015,6:31 AM,1334.4,LHS,Rural,K.Tippa ,Rear End Collision, Lorry hit  to Unknown Vehicle,Lorry,Minor injury,Over speed,Four lanes or more with central divider,Straight road,,Fine,AP37TC 4539,P.V,Non injured ,1
24.05.2015,6:31 AM,1334.4,LHS,Rural,K.Tippa ,Rear End Collision, Lorry hit  to Unknown Vehicle,Lorry,Minor injury,Over speed,Four lanes or more with central divider,Straight road,,Fine,AP37TC 4539,P.V,Animals affected,0
24.05.2015,10:40 AM,1281.6,LHS,Rural,Singarayakonda,Overturning, Lorry Overturned,Lorry,Non injury,Fault of driver of motor vehicle/driver of other vehicle/cyclist/pedestrian/passenger,Four lanes or more with central divider,Straight road,,Fine,AP16TW 6446,P.V,Fatal,0
24.05.2015,10:40 AM,1281.6,LHS,Rural,Singarayakonda,Overturning, Lorry Overturned,Lorry,Non injury,Fault of driver of motor vehicle/driver of other vehicle/cyclist/pedestrian/passenger,Four lanes or more with central divider,Straight road,,Fine,AP16TW 6446,P.V,Grevious,0
24.05.2015,10:40 AM,1281.6,LHS,Rural,Singarayakonda,Overturning, Lorry Overturned,Lorry,Non injury,Fault of driver of motor vehicle/driver of other vehicle/cyclist/pedestrian/passenger,Four lanes or more with central divider,Straight road,,Fine,AP16TW 6446,P.V,Minor,0
24.05.2015,10:40 AM,1281.6,LHS,Rural,Singarayakonda,Overturning, Lorry Overturned,Lorry,Non injury,Fault of driver of motor vehicle/driver of other vehicle/cyclist/pedestrian/passenger,Four lanes or more with central divider,Straight road,,Fine,AP16TW 6446,P.V,Non injured ,2
24.05.2015,10:40 AM,1281.6,LHS,Rural,Singarayakonda,Overturning, Lorry Overturned,Lorry,Non injury,Fault of driver of motor vehicle/driver of other vehicle/cyclist/pedestrian/passenger,Four lanes or more with central divider,Straight road,,Fine,AP16TW 6446,P.V,Animals affected,0
24.05.2015,12:38 PM,1308.8,LHS,Rural,Kavali,Rear End Collision, Car hit to Unknown Vehicle,Car,Grievious injury,Over speed,Four lanes or more with central divider,Slight curve,,Fine,AP26AE 2178,P.V,Fatal,0
24.05.2015,12:38 PM,1308.8,LHS,Rural,Kavali,Rear End Collision, Car hit to Unknown Vehicle,Car,Grievious injury,Over speed,Four lanes or more with central divider,Slight curve,,Fine,AP26AE 2178,P.V,Grevious,1
24.05.2015,12:38 PM,1308.8,LHS,Rural,Kavali,Rear End Collision, Car hit to Unknown Vehicle,Car,Grievious injury,Over speed,Four lanes or more with central divider,Slight curve,,Fine,AP26AE 2178,P.V,Minor,0
24.05.2015,12:38 PM,1308.8,LHS,Rural,Kavali,Rear End Collision, Car hit to Unknown Vehicle,Car,Grievious injury,Over speed,Four lanes or more with central divider,Slight curve,,Fine,AP26AE 2178,P.V,Non injured ,0
24.05.2015,12:38 PM,1308.8,LHS,Rural,Kavali,Rear End Collision, Car hit to Unknown Vehicle,Car,Grievious injury,Over speed,Four lanes or more with central divider,Slight curve,,Fine,AP26AE 2178,P.V,Animals affected,0
24.05.2015,12:40 PM,1216,LHS,Rural,Medarametla,Rear End Collision, Tata Winger vehicle  hit to Milk Tanker,Auto,Fatal,Over speed,Four lanes or more with central divider,Straight road,,Fine,AP31TD 6726,P.V & A.M.B,Fatal,3
24.05.2015,12:40 PM,1216,LHS,Rural,Medarametla,Rear End Collision, Tata Winger vehicle  hit to Milk Tanker,Auto,Fatal,Over speed,Four lanes or more with central divider,Straight road,,Fine,AP31TD 6726,P.V & A.M.B,Grevious,8
24.05.2015,12:40 PM,1216,LHS,Rural,Medarametla,Rear End Collision, Tata Winger vehicle  hit to Milk Tanker,Auto,Fatal,Over speed,Four lanes or more with central divider,Straight road,,Fine,AP31TD 6726,P.V & A.M.B,Minor,2
24.05.2015,12:40 PM,1216,LHS,Rural,Medarametla,Rear End Collision, Tata Winger vehicle  hit to Milk Tanker,Auto,Fatal,Over speed,Four lanes or more with central divider,Straight road,,Fine,AP31TD 6726,P.V & A.M.B,Non injured ,2
24.05.2015,12:40 PM,1216,LHS,Rural,Medarametla,Rear End Collision, Tata Winger vehicle  hit to Milk Tanker,Auto,Fatal,Over speed,Four lanes or more with central divider,Straight road,,Fine,AP31TD 6726,P.V & A.M.B,Animals affected,0
25.05.2015,8:05 AM,1183.8,LHS,Rural,Martur,Rear End Collision, Car hit to Unknown Vehicle,Car,Non injury,Defect in mechanical condition of motor vehicle/road condition,Four lanes or more with central divider,Straight road,,Fine,AP16CT    7019,P.V,Fatal,0
25.05.2015,8:05 AM,1183.8,LHS,Rural,Martur,Rear End Collision, Car hit to Unknown Vehicle,Car,Non injury,Defect in mechanical condition of motor vehicle/road condition,Four lanes or more with central divider,Straight road,,Fine,AP16CT    7019,P.V,Grevious,0
25.05.2015,8:05 AM,1183.8,LHS,Rural,Martur,Rear End Collision, Car hit to Unknown Vehicle,Car,Non injury,Defect in mechanical condition of motor vehicle/road condition,Four lanes or more with central divider,Straight road,,Fine,AP16CT    7019,P.V,Minor,0
25.05.2015,8:05 AM,1183.8,LHS,Rural,Martur,Rear End Collision, Car hit to Unknown Vehicle,Car,Non injury,Defect in mechanical condition of motor vehicle/road condition,Four lanes or more with central divider,Straight road,,Fine,AP16CT    7019,P.V,Non injured ,3
25.05.2015,8:05 AM,1183.8,LHS,Rural,Martur,Rear End Collision, Car hit to Unknown Vehicle,Car,Non injury,Defect in mechanical condition of motor vehicle/road condition,Four lanes or more with central divider,Straight road,,Fine,AP16CT    7019,P.V,Animals affected,0
26.05.2015,11:50 PM,1208.7,LHS,Rural,Reningavaram,Rear End Collision, Mahindra goods Auto hit to Tata magic V,Auto,Minor injury,Over speed,Four lanes or more with central divider,Straight road,,Fine,AP27TX 4609,P.V&A.M.B,Fatal,0
26.05.2015,11:50 PM,1208.7,LHS,Rural,Reningavaram,Rear End Collision, Mahindra goods Auto hit to Tata magic V,Auto,Minor injury,Over speed,Four lanes or more with central divider,Straight road,,Fine,AP27TX 4609,P.V&A.M.B,Grevious,0
26.05.2015,11:50 PM,1208.7,LHS,Rural,Reningavaram,Rear End Collision, Mahindra goods Auto hit to Tata magic V,Auto,Minor injury,Over speed,Four lanes or more with central divider,Straight road,,Fine,AP27TX 4609,P.V&A.M.B,Minor,1
26.05.2015,11:50 PM,1208.7,LHS,Rural,Reningavaram,Rear End Collision, Mahindra goods Auto hit to Tata magic V,Auto,Minor injury,Over speed,Four lanes or more with central divider,Straight road,,Fine,AP27TX 4609,P.V&A.M.B,Non injured ,0
26.05.2015,11:50 PM,1208.7,LHS,Rural,Reningavaram,Rear End Collision, Mahindra goods Auto hit to Tata magic V,Auto,Minor injury,Over speed,Four lanes or more with central divider,Straight road,,Fine,AP27TX 4609,P.V&A.M.B,Animals affected,0
27.05.2015,5:50 AM,1268.2,LHS,Rural,Jarugumalli,Collision Brush/Side Wipe, Terbo Lorry hit to Pedestrian,Lorry,Fatal,Over speed,Three lanes or more without central divider(median),Sharp curve,Y-Junction,Fine,WB23C 0908,P.V  ,Fatal,1
27.05.2015,5:50 AM,1268.2,LHS,Rural,Jarugumalli,Collision Brush/Side Wipe, Terbo Lorry hit to Pedestrian,Lorry,Fatal,Over speed,Three lanes or more without central divider(median),Sharp curve,Y-Junction,Fine,WB23C 0908,P.V  ,Grevious,0
27.05.2015,5:50 AM,1268.2,LHS,Rural,Jarugumalli,Collision Brush/Side Wipe, Terbo Lorry hit to Pedestrian,Lorry,Fatal,Over speed,Three lanes or more without central divider(median),Sharp curve,Y-Junction,Fine,WB23C 0908,P.V  ,Minor,0
27.05.2015,5:50 AM,1268.2,LHS,Rural,Jarugumalli,Collision Brush/Side Wipe, Terbo Lorry hit to Pedestrian,Lorry,Fatal,Over speed,Three lanes or more without central divider(median),Sharp curve,Y-Junction,Fine,WB23C 0908,P.V  ,Non injured ,2
27.05.2015,5:50 AM,1268.2,LHS,Rural,Jarugumalli,Collision Brush/Side Wipe, Terbo Lorry hit to Pedestrian,Lorry,Fatal,Over speed,Three lanes or more without central divider(median),Sharp curve,Y-Junction,Fine,WB23C 0908,P.V  ,Animals affected,0
27.05.2015,7:00 PM,1189.6,RHS,Rural,Martur,Collision Brush/Side Wipe, Car hit to Buffalo,Car,Non injury,Over speed,Four lanes or more with central divider,Straight road,,Fine,AP16TJ  7048,P.V  ,Fatal,0
27.05.2015,7:00 PM,1189.6,RHS,Rural,Martur,Collision Brush/Side Wipe, Car hit to Buffalo,Car,Non injury,Over speed,Four lanes or more with central divider,Straight road,,Fine,AP16TJ  7048,P.V  ,Grevious,0
27.05.2015,7:00 PM,1189.6,RHS,Rural,Martur,Collision Brush/Side Wipe, Car hit to Buffalo,Car,Non injury,Over speed,Four lanes or more with central divider,Straight road,,Fine,AP16TJ  7048,P.V  ,Minor,0
27.05.2015,7:00 PM,1189.6,RHS,Rural,Martur,Collision Brush/Side Wipe, Car hit to Buffalo,Car,Non injury,Over speed,Four lanes or more with central divider,Straight road,,Fine,AP16TJ  7048,P.V  ,Non injured ,2
27.05.2015,7:00 PM,1189.6,RHS,Rural,Martur,Collision Brush/Side Wipe, Car hit to Buffalo,Car,Non injury,Over speed,Four lanes or more with central divider,Straight road,,Fine,AP16TJ  7048,P.V  ,Animals affected,1
28.05.2015,6:00 PM,1217.7,LHS,Rural,Medarametla,Collision Brush/Side Wipe, Car hit to vup bridge wall ,Car,Non injury,Over speed,Four lanes or more with central divider,Straight road,,Fine,AP27AS 2345,P.V  ,Fatal,0
28.05.2015,6:00 PM,1217.7,LHS,Rural,Medarametla,Collision Brush/Side Wipe, Car hit to vup bridge wall ,Car,Non injury,Over speed,Four lanes or more with central divider,Straight road,,Fine,AP27AS 2345,P.V  ,Grevious,0
28.05.2015,6:00 PM,1217.7,LHS,Rural,Medarametla,Collision Brush/Side Wipe, Car hit to vup bridge wall ,Car,Non injury,Over speed,Four lanes or more with central divider,Straight road,,Fine,AP27AS 2345,P.V  ,Minor,0
28.05.2015,6:00 PM,1217.7,LHS,Rural,Medarametla,Collision Brush/Side Wipe, Car hit to vup bridge wall ,Car,Non injury,Over speed,Four lanes or more with central divider,Straight road,,Fine,AP27AS 2345,P.V  ,Non injured ,1
28.05.2015,6:00 PM,1217.7,LHS,Rural,Medarametla,Collision Brush/Side Wipe, Car hit to vup bridge wall ,Car,Non injury,Over speed,Four lanes or more with central divider,Straight road,,Fine,AP27AS 2345,P.V  ,Animals affected,0
29.05.2015,4:08 AM,1215,LHS,Rural,Medarametla,Rear End Collision, Tipper hit to Lorry,Lorry,Grievious injury,Fault of driver of motor vehicle/driver of other vehicle/cyclist/pedestrian/passenger,Four lanes or more with central divider,Straight road,,Fine,AP27TX 0236,P.V & A.M.B,Fatal,0
29.05.2015,4:08 AM,1215,LHS,Rural,Medarametla,Rear End Collision, Tipper hit to Lorry,Lorry,Grievious injury,Fault of driver of motor vehicle/driver of other vehicle/cyclist/pedestrian/passenger,Four lanes or more with central divider,Straight road,,Fine,AP27TX 0236,P.V & A.M.B,Grevious,1
29.05.2015,4:08 AM,1215,LHS,Rural,Medarametla,Rear End Collision, Tipper hit to Lorry,Lorry,Grievious injury,Fault of driver of motor vehicle/driver of other vehicle/cyclist/pedestrian/passenger,Four lanes or more with central divider,Straight road,,Fine,AP27TX 0236,P.V & A.M.B,Minor,0
29.05.2015,4:08 AM,1215,LHS,Rural,Medarametla,Rear End Collision, Tipper hit to Lorry,Lorry,Grievious injury,Fault of driver of motor vehicle/driver of other vehicle/cyclist/pedestrian/passenger,Four lanes or more with central divider,Straight road,,Fine,AP27TX 0236,P.V & A.M.B,Non injured ,0
29.05.2015,4:08 AM,1215,LHS,Rural,Medarametla,Rear End Collision, Tipper hit to Lorry,Lorry,Grievious injury,Fault of driver of motor vehicle/driver of other vehicle/cyclist/pedestrian/passenger,Four lanes or more with central divider,Straight road,,Fine,AP27TX 0236,P.V & A.M.B,Animals affected,0
29.05.2015,11:15 AM,1267.9,LHS,Rural,Tangutur,Overturning, Lorry hit to tipper ,Lorry,Minor injury,Druken,Four lanes or more with central divider,Straight road,,Fine,AP26W 5868,P.V,Fatal,0
29.05.2015,11:15 AM,1267.9,LHS,Rural,Tangutur,Overturning, Lorry hit to tipper ,Lorry,Minor injury,Druken,Four lanes or more with central divider,Straight road,,Fine,AP26W 5868,P.V,Grevious,0
29.05.2015,11:15 AM,1267.9,LHS,Rural,Tangutur,Overturning, Lorry hit to tipper ,Lorry,Minor injury,Druken,Four lanes or more with central divider,Straight road,,Fine,AP26W 5868,P.V,Minor,1
29.05.2015,11:15 AM,1267.9,LHS,Rural,Tangutur,Overturning, Lorry hit to tipper ,Lorry,Minor injury,Druken,Four lanes or more with central divider,Straight road,,Fine,AP26W 5868,P.V,Non injured ,2
29.05.2015,11:15 AM,1267.9,LHS,Rural,Tangutur,Overturning, Lorry hit to tipper ,Lorry,Minor injury,Druken,Four lanes or more with central divider,Straight road,,Fine,AP26W 5868,P.V,Animals affected,0
29.06.2015,5:35 PM,1272.7,RHS,Rural,Jarugumalli,Overturning, Lorry  overturned ,Lorry,Non injury,Fault of driver of motor vehicle/driver of other vehicle/cyclist/pedestrian/passenger,Four lanes or more with central divider,Straight road,,Fine,TN28AQ 5530 ,P.V ,Fatal,0
29.06.2015,5:35 PM,1272.7,RHS,Rural,Jarugumalli,Overturning, Lorry  overturned ,Lorry,Non injury,Fault of driver of motor vehicle/driver of other vehicle/cyclist/pedestrian/passenger,Four lanes or more with central divider,Straight road,,Fine,TN28AQ 5530 ,P.V ,Grevious,0
29.06.2015,5:35 PM,1272.7,RHS,Rural,Jarugumalli,Overturning, Lorry  overturned ,Lorry,Non injury,Fault of driver of motor vehicle/driver of other vehicle/cyclist/pedestrian/passenger,Four lanes or more with central divider,Straight road,,Fine,TN28AQ 5530 ,P.V ,Minor,0
29.06.2015,5:35 PM,1272.7,RHS,Rural,Jarugumalli,Overturning, Lorry  overturned ,Lorry,Non injury,Fault of driver of motor vehicle/driver of other vehicle/cyclist/pedestrian/passenger,Four lanes or more with central divider,Straight road,,Fine,TN28AQ 5530 ,P.V ,Non injured ,1
29.06.2015,5:35 PM,1272.7,RHS,Rural,Jarugumalli,Overturning, Lorry  overturned ,Lorry,Non injury,Fault of driver of motor vehicle/driver of other vehicle/cyclist/pedestrian/passenger,Four lanes or more with central divider,Straight road,,Fine,TN28AQ 5530 ,P.V ,Animals affected,0
30.05.2015,3:53 PM,1335.1,RHS,Rural,K.Tippa ,Rear End Collision, Car hit to   Lorry,Car,Grievious injury,Over speed,Four lanes or more with central divider,Straight road,,Fine,AP26AJ   2999,P.V ,Fatal,0
30.05.2015,3:53 PM,1335.1,RHS,Rural,K.Tippa ,Rear End Collision, Car hit to   Lorry,Car,Grievious injury,Over speed,Four lanes or more with central divider,Straight road,,Fine,AP26AJ   2999,P.V ,Grevious,1
30.05.2015,3:53 PM,1335.1,RHS,Rural,K.Tippa ,Rear End Collision, Car hit to   Lorry,Car,Grievious injury,Over speed,Four lanes or more with central divider,Straight road,,Fine,AP26AJ   2999,P.V ,Minor,0
30.05.2015,3:53 PM,1335.1,RHS,Rural,K.Tippa ,Rear End Collision, Car hit to   Lorry,Car,Grievious injury,Over speed,Four lanes or more with central divider,Straight road,,Fine,AP26AJ   2999,P.V ,Non injured ,2
30.05.2015,3:53 PM,1335.1,RHS,Rural,K.Tippa ,Rear End Collision, Car hit to   Lorry,Car,Grievious injury,Over speed,Four lanes or more with central divider,Straight road,,Fine,AP26AJ   2999,P.V ,Animals affected,0
31.05.2015,12:30 AM,1361.4,RHS,Rural,Kodavaluru,Rear End Collision, Lorry hit to   Lorry and Unknown Vehicl,Lorry,Grievious injury,Over speed,Four lanes or more with central divider,Straight road,,Fine,AP07TD   2608,P.V ,Fatal,0
31.05.2015,12:30 AM,1361.4,RHS,Rural,Kodavaluru,Rear End Collision, Lorry hit to   Lorry and Unknown Vehicl,Lorry,Grievious injury,Over speed,Four lanes or more with central divider,Straight road,,Fine,AP07TD   2608,P.V ,Grevious,1
31.05.2015,12:30 AM,1361.4,RHS,Rural,Kodavaluru,Rear End Collision, Lorry hit to   Lorry and Unknown Vehicl,Lorry,Grievious injury,Over speed,Four lanes or more with central divider,Straight road,,Fine,AP07TD   2608,P.V ,Minor,0
31.05.2015,12:30 AM,1361.4,RHS,Rural,Kodavaluru,Rear End Collision, Lorry hit to   Lorry and Unknown Vehicl,Lorry,Grievious injury,Over speed,Four lanes or more with central divider,Straight road,,Fine,AP07TD   2608,P.V ,Non injured ,2
31.05.2015,12:30 AM,1361.4,RHS,Rural,Kodavaluru,Rear End Collision, Lorry hit to   Lorry and Unknown Vehicl,Lorry,Grievious injury,Over speed,Four lanes or more with central divider,Straight road,,Fine,AP07TD   2608,P.V ,Animals affected,0
31.05.2015,1:25 PM,1263.3,RHS,Rural,Tangutur,Collision Brush/Side Wipe, Bike hit to Median wall,Bike,Minor injury,Druken,Four lanes or more with central divider,Straight road,,Fine,AP27BB    9476,P.V & A.M.B,Fatal,0