Operational date,Time of Accident,KM && M,Position,Rural/Urban,Location,Nature of Accident Position,Nature of Accident,Vehicle Involved,Type of Accident,Causes,Road Feature,Road condition,Intersection Type And Control,Weather Condition,Vehicle Responsible,Help Provided by Ambulance/Patroling Vehicle,Classification of Accident,No of Affected Persons
31.05.2015,1:25 PM,1263.3,RHS,Rural,Tangutur,Collision Brush/Side Wipe, Bike hit to Median wall,Bike,Minor injury,Druken,Four lanes or more with central divider,Straight road,,Fine,AP27BB    9476,P.V & A.M.B,Grevious,0
31.05.2015,1:25 PM,1263.3,RHS,Rural,Tangutur,Collision Brush/Side Wipe, Bike hit to Median wall,Bike,Minor injury,Druken,Four lanes or more with central divider,Straight road,,Fine,AP27BB    9476,P.V & A.M.B,Minor,1
31.05.2015,1:25 PM,1263.3,RHS,Rural,Tangutur,Collision Brush/Side Wipe, Bike hit to Median wall,Bike,Minor injury,Druken,Four lanes or more with central divider,Straight road,,Fine,AP27BB    9476,P.V & A.M.B,Non injured ,0
31.05.2015,1:25 PM,1263.3,RHS,Rural,Tangutur,Collision Brush/Side Wipe, Bike hit to Median wall,Bike,Minor injury,Druken,Four lanes or more with central divider,Straight road,,Fine,AP27BB    9476,P.V & A.M.B,Animals affected,0
03.06.2015,3:45 AM,1277.4,RHS,Rural,Singarayakonda,Overturning, Volva Bus  Overturned to wards ROW,Bus,Fatal,Fault of driver of motor vehicle/driver of other vehicle/cyclist/pedestrian/passenger,Four lanes or more with central divider,Straight road,,Fine,AP27TU 6117,P.V &A.M.B,Fatal,2
03.06.2015,3:45 AM,1277.4,RHS,Rural,Singarayakonda,Overturning, Volva Bus  Overturned to wards ROW,Bus,Fatal,Fault of driver of motor vehicle/driver of other vehicle/cyclist/pedestrian/passenger,Four lanes or more with central divider,Straight road,,Fine,AP27TU 6117,P.V &A.M.B,Grevious,6
03.06.2015,3:45 AM,1277.4,RHS,Rural,Singarayakonda,Overturning, Volva Bus  Overturned to wards ROW,Bus,Fatal,Fault of driver of motor vehicle/driver of other vehicle/cyclist/pedestrian/passenger,Four lanes or more with central divider,Straight road,,Fine,AP27TU 6117,P.V &A.M.B,Minor,15
03.06.2015,3:45 AM,1277.4,RHS,Rural,Singarayakonda,Overturning, Volva Bus  Overturned to wards ROW,Bus,Fatal,Fault of driver of motor vehicle/driver of other vehicle/cyclist/pedestrian/passenger,Four lanes or more with central divider,Straight road,,Fine,AP27TU 6117,P.V &A.M.B,Non injured ,25
03.06.2015,3:45 AM,1277.4,RHS,Rural,Singarayakonda,Overturning, Volva Bus  Overturned to wards ROW,Bus,Fatal,Fault of driver of motor vehicle/driver of other vehicle/cyclist/pedestrian/passenger,Four lanes or more with central divider,Straight road,,Fine,AP27TU 6117,P.V &A.M.B,Animals affected,0
04.06.2015,4:30 PM,1302.1,RHS,Rural,Gudluru,Collision Brush/Side Wipe, Container vehicle hit to Unknown vehicl,Container,Grievious injury,Druken,Four lanes or more with central divider,Straight road,,Fine,HR55R 6231,P.V ,Fatal,0
04.06.2015,4:30 PM,1302.1,RHS,Rural,Gudluru,Collision Brush/Side Wipe, Container vehicle hit to Unknown vehicl,Container,Grievious injury,Druken,Four lanes or more with central divider,Straight road,,Fine,HR55R 6231,P.V ,Grevious,1
04.06.2015,4:30 PM,1302.1,RHS,Rural,Gudluru,Collision Brush/Side Wipe, Container vehicle hit to Unknown vehicl,Container,Grievious injury,Druken,Four lanes or more with central divider,Straight road,,Fine,HR55R 6231,P.V ,Minor,0
04.06.2015,4:30 PM,1302.1,RHS,Rural,Gudluru,Collision Brush/Side Wipe, Container vehicle hit to Unknown vehicl,Container,Grievious injury,Druken,Four lanes or more with central divider,Straight road,,Fine,HR55R 6231,P.V ,Non injured ,1
04.06.2015,4:30 PM,1302.1,RHS,Rural,Gudluru,Collision Brush/Side Wipe, Container vehicle hit to Unknown vehicl,Container,Grievious injury,Druken,Four lanes or more with central divider,Straight road,,Fine,HR55R 6231,P.V ,Animals affected,0
06.06.2015,5:20 PM,1257.5,RHS,Rural,Tangutur,Collision Brush/Side Wipe, Mini lorry hit to Bike,Lorry,Grievious injury,Over speed,Three lanes or more without central divider(median),Straight road,Four arm junction,Fine,AP07TD  8725,P.V ,Fatal,0
06.06.2015,5:20 PM,1257.5,RHS,Rural,Tangutur,Collision Brush/Side Wipe, Mini lorry hit to Bike,Lorry,Grievious injury,Over speed,Three lanes or more without central divider(median),Straight road,Four arm junction,Fine,AP07TD  8725,P.V ,Grevious,1
06.06.2015,5:20 PM,1257.5,RHS,Rural,Tangutur,Collision Brush/Side Wipe, Mini lorry hit to Bike,Lorry,Grievious injury,Over speed,Three lanes or more without central divider(median),Straight road,Four arm junction,Fine,AP07TD  8725,P.V ,Minor,0
06.06.2015,5:20 PM,1257.5,RHS,Rural,Tangutur,Collision Brush/Side Wipe, Mini lorry hit to Bike,Lorry,Grievious injury,Over speed,Three lanes or more without central divider(median),Straight road,Four arm junction,Fine,AP07TD  8725,P.V ,Non injured ,8
06.06.2015,5:20 PM,1257.5,RHS,Rural,Tangutur,Collision Brush/Side Wipe, Mini lorry hit to Bike,Lorry,Grievious injury,Over speed,Three lanes or more without central divider(median),Straight road,Four arm junction,Fine,AP07TD  8725,P.V ,Animals affected,0
06.06.2015,6:50 PM,1288.5,RHS,Rural,Ulavapadu,Collision Brush/Side Wipe, Bike hit CC to Barriers,Bike,Fatal,Over speed,Four lanes or more with central divider,Slight curve,,Fine,AP26AL   2193  ,P.V ,Fatal,1
06.06.2015,6:50 PM,1288.5,RHS,Rural,Ulavapadu,Collision Brush/Side Wipe, Bike hit CC to Barriers,Bike,Fatal,Over speed,Four lanes or more with central divider,Slight curve,,Fine,AP26AL   2193  ,P.V ,Grevious,0
06.06.2015,6:50 PM,1288.5,RHS,Rural,Ulavapadu,Collision Brush/Side Wipe, Bike hit CC to Barriers,Bike,Fatal,Over speed,Four lanes or more with central divider,Slight curve,,Fine,AP26AL   2193  ,P.V ,Minor,0
06.06.2015,6:50 PM,1288.5,RHS,Rural,Ulavapadu,Collision Brush/Side Wipe, Bike hit CC to Barriers,Bike,Fatal,Over speed,Four lanes or more with central divider,Slight curve,,Fine,AP26AL   2193  ,P.V ,Non injured ,0
06.06.2015,6:50 PM,1288.5,RHS,Rural,Ulavapadu,Collision Brush/Side Wipe, Bike hit CC to Barriers,Bike,Fatal,Over speed,Four lanes or more with central divider,Slight curve,,Fine,AP26AL   2193  ,P.V ,Animals affected,0
07.06.2015,8:35 PM,1355.6,LHS,Rural,Kodavaluru,Rear End Collision, Oil Tanker hit to Unknown vehicle,Tanker,Minor injury,Fault of driver of motor vehicle/driver of other vehicle/cyclist/pedestrian/passenger,Four lanes or more with central divider,Straight road,,Fine,TN02AY 8295,P.V ,Fatal,0
07.06.2015,8:35 PM,1355.6,LHS,Rural,Kodavaluru,Rear End Collision, Oil Tanker hit to Unknown vehicle,Tanker,Minor injury,Fault of driver of motor vehicle/driver of other vehicle/cyclist/pedestrian/passenger,Four lanes or more with central divider,Straight road,,Fine,TN02AY 8295,P.V ,Grevious,0
07.06.2015,8:35 PM,1355.6,LHS,Rural,Kodavaluru,Rear End Collision, Oil Tanker hit to Unknown vehicle,Tanker,Minor injury,Fault of driver of motor vehicle/driver of other vehicle/cyclist/pedestrian/passenger,Four lanes or more with central divider,Straight road,,Fine,TN02AY 8295,P.V ,Minor,1
07.06.2015,8:35 PM,1355.6,LHS,Rural,Kodavaluru,Rear End Collision, Oil Tanker hit to Unknown vehicle,Tanker,Minor injury,Fault of driver of motor vehicle/driver of other vehicle/cyclist/pedestrian/passenger,Four lanes or more with central divider,Straight road,,Fine,TN02AY 8295,P.V ,Non injured ,0
07.06.2015,8:35 PM,1355.6,LHS,Rural,Kodavaluru,Rear End Collision, Oil Tanker hit to Unknown vehicle,Tanker,Minor injury,Fault of driver of motor vehicle/driver of other vehicle/cyclist/pedestrian/passenger,Four lanes or more with central divider,Straight road,,Fine,TN02AY 8295,P.V ,Animals affected,0
07.06.2015,9:30 PM,1204.1,RHS,Rural,Reningavaram,Skidding, Bike Skidding on the Road,Bike,Grievious injury,Druken,Four lanes or more with central divider,Straight road,,Fine,AP27AJ 5204,P.V &A.M.B,Fatal,0
07.06.2015,9:30 PM,1204.1,RHS,Rural,Reningavaram,Skidding, Bike Skidding on the Road,Bike,Grievious injury,Druken,Four lanes or more with central divider,Straight road,,Fine,AP27AJ 5204,P.V &A.M.B,Grevious,1
07.06.2015,9:30 PM,1204.1,RHS,Rural,Reningavaram,Skidding, Bike Skidding on the Road,Bike,Grievious injury,Druken,Four lanes or more with central divider,Straight road,,Fine,AP27AJ 5204,P.V &A.M.B,Minor,0
07.06.2015,9:30 PM,1204.1,RHS,Rural,Reningavaram,Skidding, Bike Skidding on the Road,Bike,Grievious injury,Druken,Four lanes or more with central divider,Straight road,,Fine,AP27AJ 5204,P.V &A.M.B,Non injured ,0
07.06.2015,9:30 PM,1204.1,RHS,Rural,Reningavaram,Skidding, Bike Skidding on the Road,Bike,Grievious injury,Druken,Four lanes or more with central divider,Straight road,,Fine,AP27AJ 5204,P.V &A.M.B,Animals affected,0
07.06.2015,10:45 PM,1255,LHS,Rural,Tangutur,Collision Brush/Side Wipe, Bike hit  Unknown vehicle,Bike,Grievious injury,Over speed,Four lanes or more with central divider,Straight road,,Fine,AP27AQ 1147,A.M.B,Fatal,0
07.06.2015,10:45 PM,1255,LHS,Rural,Tangutur,Collision Brush/Side Wipe, Bike hit  Unknown vehicle,Bike,Grievious injury,Over speed,Four lanes or more with central divider,Straight road,,Fine,AP27AQ 1147,A.M.B,Grevious,1
07.06.2015,10:45 PM,1255,LHS,Rural,Tangutur,Collision Brush/Side Wipe, Bike hit  Unknown vehicle,Bike,Grievious injury,Over speed,Four lanes or more with central divider,Straight road,,Fine,AP27AQ 1147,A.M.B,Minor,0
07.06.2015,10:45 PM,1255,LHS,Rural,Tangutur,Collision Brush/Side Wipe, Bike hit  Unknown vehicle,Bike,Grievious injury,Over speed,Four lanes or more with central divider,Straight road,,Fine,AP27AQ 1147,A.M.B,Non injured ,0
07.06.2015,10:45 PM,1255,LHS,Rural,Tangutur,Collision Brush/Side Wipe, Bike hit  Unknown vehicle,Bike,Grievious injury,Over speed,Four lanes or more with central divider,Straight road,,Fine,AP27AQ 1147,A.M.B,Animals affected,0
08.06.2015,1:50 AM,1241.5,RHS,Rural,Ongole,Rear End Collision, Private Bus hit  Container vehicle,Bus,Minor injury,Over speed,Four lanes or more with central divider,Straight road,,Heavy rain,AP28TA   9596,P.V ,Fatal,0
08.06.2015,1:50 AM,1241.5,RHS,Rural,Ongole,Rear End Collision, Private Bus hit  Container vehicle,Bus,Minor injury,Over speed,Four lanes or more with central divider,Straight road,,Heavy rain,AP28TA   9596,P.V ,Grevious,0
08.06.2015,1:50 AM,1241.5,RHS,Rural,Ongole,Rear End Collision, Private Bus hit  Container vehicle,Bus,Minor injury,Over speed,Four lanes or more with central divider,Straight road,,Heavy rain,AP28TA   9596,P.V ,Minor,1
08.06.2015,1:50 AM,1241.5,RHS,Rural,Ongole,Rear End Collision, Private Bus hit  Container vehicle,Bus,Minor injury,Over speed,Four lanes or more with central divider,Straight road,,Heavy rain,AP28TA   9596,P.V ,Non injured ,23
08.06.2015,1:50 AM,1241.5,RHS,Rural,Ongole,Rear End Collision, Private Bus hit  Container vehicle,Bus,Minor injury,Over speed,Four lanes or more with central divider,Straight road,,Heavy rain,AP28TA   9596,P.V ,Animals affected,0
08.06.2015,4:00 AM,1285.8,LHS,Rural,Ulavapadu,Collision Brush/Side Wipe, Car hit  Unknown vehicle,Car,Non injury,Over speed,Four lanes or more with central divider,Straight road,,Cloudy,AP26B    6566,P.V ,Fatal,0
08.06.2015,4:00 AM,1285.8,LHS,Rural,Ulavapadu,Collision Brush/Side Wipe, Car hit  Unknown vehicle,Car,Non injury,Over speed,Four lanes or more with central divider,Straight road,,Cloudy,AP26B    6566,P.V ,Grevious,0
08.06.2015,4:00 AM,1285.8,LHS,Rural,Ulavapadu,Collision Brush/Side Wipe, Car hit  Unknown vehicle,Car,Non injury,Over speed,Four lanes or more with central divider,Straight road,,Cloudy,AP26B    6566,P.V ,Minor,0
08.06.2015,4:00 AM,1285.8,LHS,Rural,Ulavapadu,Collision Brush/Side Wipe, Car hit  Unknown vehicle,Car,Non injury,Over speed,Four lanes or more with central divider,Straight road,,Cloudy,AP26B    6566,P.V ,Non injured ,1
08.06.2015,4:00 AM,1285.8,LHS,Rural,Ulavapadu,Collision Brush/Side Wipe, Car hit  Unknown vehicle,Car,Non injury,Over speed,Four lanes or more with central divider,Straight road,,Cloudy,AP26B    6566,P.V ,Animals affected,0
08.06.2015,6:45 AM,1245.5,RHS,Rural,Ongole,Rear End Collision, Private Bus hit  Milk Tanker,Bus,Minor injury,Over speed,Four lanes or more with central divider,Straight road,,Light rain,AP07 TC    3337,P.V ,Fatal,0
08.06.2015,6:45 AM,1245.5,RHS,Rural,Ongole,Rear End Collision, Private Bus hit  Milk Tanker,Bus,Minor injury,Over speed,Four lanes or more with central divider,Straight road,,Light rain,AP07 TC    3337,P.V ,Grevious,0
08.06.2015,6:45 AM,1245.5,RHS,Rural,Ongole,Rear End Collision, Private Bus hit  Milk Tanker,Bus,Minor injury,Over speed,Four lanes or more with central divider,Straight road,,Light rain,AP07 TC    3337,P.V ,Minor,1
08.06.2015,6:45 AM,1245.5,RHS,Rural,Ongole,Rear End Collision, Private Bus hit  Milk Tanker,Bus,Minor injury,Over speed,Four lanes or more with central divider,Straight road,,Light rain,AP07 TC    3337,P.V ,Non injured ,30
08.06.2015,6:45 AM,1245.5,RHS,Rural,Ongole,Rear End Collision, Private Bus hit  Milk Tanker,Bus,Minor injury,Over speed,Four lanes or more with central divider,Straight road,,Light rain,AP07 TC    3337,P.V ,Animals affected,0
08.06.2015,10:45 AM,1282.4,LHS,Rural,Singarayakonda,Collision Brush/Side Wipe, Car  hit CC  Barriers,Car,Non injury,Defect in mechanical condition of motor vehicle/road condition,Four lanes or more with central divider,Straight road,,Fine,AP31C   5577,P.V ,Fatal,0
08.06.2015,10:45 AM,1282.4,LHS,Rural,Singarayakonda,Collision Brush/Side Wipe, Car  hit CC  Barriers,Car,Non injury,Defect in mechanical condition of motor vehicle/road condition,Four lanes or more with central divider,Straight road,,Fine,AP31C   5577,P.V ,Grevious,0
08.06.2015,10:45 AM,1282.4,LHS,Rural,Singarayakonda,Collision Brush/Side Wipe, Car  hit CC  Barriers,Car,Non injury,Defect in mechanical condition of motor vehicle/road condition,Four lanes or more with central divider,Straight road,,Fine,AP31C   5577,P.V ,Minor,0
08.06.2015,10:45 AM,1282.4,LHS,Rural,Singarayakonda,Collision Brush/Side Wipe, Car  hit CC  Barriers,Car,Non injury,Defect in mechanical condition of motor vehicle/road condition,Four lanes or more with central divider,Straight road,,Fine,AP31C   5577,P.V ,Non injured ,4
08.06.2015,10:45 AM,1282.4,LHS,Rural,Singarayakonda,Collision Brush/Side Wipe, Car  hit CC  Barriers,Car,Non injury,Defect in mechanical condition of motor vehicle/road condition,Four lanes or more with central divider,Straight road,,Fine,AP31C   5577,P.V ,Animals affected,0
08.06.2015,11:37 PM,1328.1,LHS,Rural,Kavali,Collision Brush/Side Wipe, Car  hit     Median,Car,Non injury,Fault of driver of motor vehicle/driver of other vehicle/cyclist/pedestrian/passenger,Four lanes or more with central divider,Straight road,,Fine,AP37AZ   3366,P.V ,Fatal,0
08.06.2015,11:37 PM,1328.1,LHS,Rural,Kavali,Collision Brush/Side Wipe, Car  hit     Median,Car,Non injury,Fault of driver of motor vehicle/driver of other vehicle/cyclist/pedestrian/passenger,Four lanes or more with central divider,Straight road,,Fine,AP37AZ   3366,P.V ,Grevious,0
08.06.2015,11:37 PM,1328.1,LHS,Rural,Kavali,Collision Brush/Side Wipe, Car  hit     Median,Car,Non injury,Fault of driver of motor vehicle/driver of other vehicle/cyclist/pedestrian/passenger,Four lanes or more with central divider,Straight road,,Fine,AP37AZ   3366,P.V ,Minor,0
08.06.2015,11:37 PM,1328.1,LHS,Rural,Kavali,Collision Brush/Side Wipe, Car  hit     Median,Car,Non injury,Fault of driver of motor vehicle/driver of other vehicle/cyclist/pedestrian/passenger,Four lanes or more with central divider,Straight road,,Fine,AP37AZ   3366,P.V ,Non injured ,5
08.06.2015,11:37 PM,1328.1,LHS,Rural,Kavali,Collision Brush/Side Wipe, Car  hit     Median,Car,Non injury,Fault of driver of motor vehicle/driver of other vehicle/cyclist/pedestrian/passenger,Four lanes or more with central divider,Straight road,,Fine,AP37AZ   3366,P.V ,Animals affected,0
09.06.2015,1:40 AM,1365.4,LHS,Rural,Kovuru,Overturning, Volva Bus  Overturned to wards ROW,Bus,Grievious injury,Over speed,Two lanes,Straight road,,Fine,KA01AD   0660,P.V ,Fatal,0
09.06.2015,1:40 AM,1365.4,LHS,Rural,Kovuru,Overturning, Volva Bus  Overturned to wards ROW,Bus,Grievious injury,Over speed,Two lanes,Straight road,,Fine,KA01AD   0660,P.V ,Grevious,7
09.06.2015,1:40 AM,1365.4,LHS,Rural,Kovuru,Overturning, Volva Bus  Overturned to wards ROW,Bus,Grievious injury,Over speed,Two lanes,Straight road,,Fine,KA01AD   0660,P.V ,Minor,6
09.06.2015,1:40 AM,1365.4,LHS,Rural,Kovuru,Overturning, Volva Bus  Overturned to wards ROW,Bus,Grievious injury,Over speed,Two lanes,Straight road,,Fine,KA01AD   0660,P.V ,Non injured ,32
09.06.2015,1:40 AM,1365.4,LHS,Rural,Kovuru,Overturning, Volva Bus  Overturned to wards ROW,Bus,Grievious injury,Over speed,Two lanes,Straight road,,Fine,KA01AD   0660,P.V ,Animals affected,0
09.06.2015,4:30 AM,1319.2,LHS,Rural,Kavali,Collision Brush/Side Wipe, Lorry hit  Unknown vehicle,Lorry,Minor injury,Over speed,Four lanes or more with central divider,Straight road,,Fine,AP24TB  6769,P.V ,Fatal,0
09.06.2015,4:30 AM,1319.2,LHS,Rural,Kavali,Collision Brush/Side Wipe, Lorry hit  Unknown vehicle,Lorry,Minor injury,Over speed,Four lanes or more with central divider,Straight road,,Fine,AP24TB  6769,P.V ,Grevious,0
09.06.2015,4:30 AM,1319.2,LHS,Rural,Kavali,Collision Brush/Side Wipe, Lorry hit  Unknown vehicle,Lorry,Minor injury,Over speed,Four lanes or more with central divider,Straight road,,Fine,AP24TB  6769,P.V ,Minor,2
09.06.2015,4:30 AM,1319.2,LHS,Rural,Kavali,Collision Brush/Side Wipe, Lorry hit  Unknown vehicle,Lorry,Minor injury,Over speed,Four lanes or more with central divider,Straight road,,Fine,AP24TB  6769,P.V ,Non injured ,0
09.06.2015,4:30 AM,1319.2,LHS,Rural,Kavali,Collision Brush/Side Wipe, Lorry hit  Unknown vehicle,Lorry,Minor injury,Over speed,Four lanes or more with central divider,Straight road,,Fine,AP24TB  6769,P.V ,Animals affected,0
09.06.2015,10:46 AM,1188.4,RHS,Rural,Martur,Collision Brush/Side Wipe, Mini lorry hit  Bike,Lorry,Grievious injury,Over speed,Three lanes or more without central divider(median),Straight road,Four arm junction,Fine,AP27TU   4136,P.V ,Fatal,0
09.06.2015,10:46 AM,1188.4,RHS,Rural,Martur,Collision Brush/Side Wipe, Mini lorry hit  Bike,Lorry,Grievious injury,Over speed,Three lanes or more without central divider(median),Straight road,Four arm junction,Fine,AP27TU   4136,P.V ,Grevious,1
09.06.2015,10:46 AM,1188.4,RHS,Rural,Martur,Collision Brush/Side Wipe, Mini lorry hit  Bike,Lorry,Grievious injury,Over speed,Three lanes or more without central divider(median),Straight road,Four arm junction,Fine,AP27TU   4136,P.V ,Minor,0
09.06.2015,10:46 AM,1188.4,RHS,Rural,Martur,Collision Brush/Side Wipe, Mini lorry hit  Bike,Lorry,Grievious injury,Over speed,Three lanes or more without central divider(median),Straight road,Four arm junction,Fine,AP27TU   4136,P.V ,Non injured ,1
09.06.2015,10:46 AM,1188.4,RHS,Rural,Martur,Collision Brush/Side Wipe, Mini lorry hit  Bike,Lorry,Grievious injury,Over speed,Three lanes or more without central divider(median),Straight road,Four arm junction,Fine,AP27TU   4136,P.V ,Animals affected,0
10.06.2015,2:35 PM,1288.8,RHS,Rural,Ulavapadu,Collision Brush/Side Wipe, Car hit   Tractor,Car,Non injury,Over speed,Four lanes or more with central divider,Slight curve,,Fine,AP07BK  1359,P.V,Fatal,0
10.06.2015,2:35 PM,1288.8,RHS,Rural,Ulavapadu,Collision Brush/Side Wipe, Car hit   Tractor,Car,Non injury,Over speed,Four lanes or more with central divider,Slight curve,,Fine,AP07BK  1359,P.V,Grevious,0
10.06.2015,2:35 PM,1288.8,RHS,Rural,Ulavapadu,Collision Brush/Side Wipe, Car hit   Tractor,Car,Non injury,Over speed,Four lanes or more with central divider,Slight curve,,Fine,AP07BK  1359,P.V,Minor,0
10.06.2015,2:35 PM,1288.8,RHS,Rural,Ulavapadu,Collision Brush/Side Wipe, Car hit   Tractor,Car,Non injury,Over speed,Four lanes or more with central divider,Slight curve,,Fine,AP07BK  1359,P.V,Non injured ,3
10.06.2015,2:35 PM,1288.8,RHS,Rural,Ulavapadu,Collision Brush/Side Wipe, Car hit   Tractor,Car,Non injury,Over speed,Four lanes or more with central divider,Slight curve,,Fine,AP07BK  1359,P.V,Animals affected,0
11.06.2015,5:50 AM,1192,LHS,Rural,Martur,Collision Brush/Side Wipe, Unknown vehicle hit Pedestrian,Unknown,Fatal,Over speed,Four lanes or more with central divider,Straight road,,Fine,Unknown    Vehicle,P.V,Fatal,1
11.06.2015,5:50 AM,1192,LHS,Rural,Martur,Collision Brush/Side Wipe, Unknown vehicle hit Pedestrian,Unknown,Fatal,Over speed,Four lanes or more with central divider,Straight road,,Fine,Unknown    Vehicle,P.V,Grevious,0
11.06.2015,5:50 AM,1192,LHS,Rural,Martur,Collision Brush/Side Wipe, Unknown vehicle hit Pedestrian,Unknown,Fatal,Over speed,Four lanes or more with central divider,Straight road,,Fine,Unknown    Vehicle,P.V,Minor,0
11.06.2015,5:50 AM,1192,LHS,Rural,Martur,Collision Brush/Side Wipe, Unknown vehicle hit Pedestrian,Unknown,Fatal,Over speed,Four lanes or more with central divider,Straight road,,Fine,Unknown    Vehicle,P.V,Non injured ,0
11.06.2015,5:50 AM,1192,LHS,Rural,Martur,Collision Brush/Side Wipe, Unknown vehicle hit Pedestrian,Unknown,Fatal,Over speed,Four lanes or more with central divider,Straight road,,Fine,Unknown    Vehicle,P.V,Animals affected,0
11.06.2015,6:45 AM,1240.4,LHS,Rural,Ongole,Rear End Collision, Lorry hit   Lorry,Lorry,Non injury,Over speed,Four lanes or more with central divider,Straight road,,Fine,WB  23D   9596,P.V,Fatal,0
11.06.2015,6:45 AM,1240.4,LHS,Rural,Ongole,Rear End Collision, Lorry hit   Lorry,Lorry,Non injury,Over speed,Four lanes or more with central divider,Straight road,,Fine,WB  23D   9596,P.V,Grevious,0
11.06.2015,6:45 AM,1240.4,LHS,Rural,Ongole,Rear End Collision, Lorry hit   Lorry,Lorry,Non injury,Over speed,Four lanes or more with central divider,Straight road,,Fine,WB  23D   9596,P.V,Minor,0
11.06.2015,6:45 AM,1240.4,LHS,Rural,Ongole,Rear End Collision, Lorry hit   Lorry,Lorry,Non injury,Over speed,Four lanes or more with central divider,Straight road,,Fine,WB  23D   9596,P.V,Non injured ,2
11.06.2015,6:45 AM,1240.4,LHS,Rural,Ongole,Rear End Collision, Lorry hit   Lorry,Lorry,Non injury,Over speed,Four lanes or more with central divider,Straight road,,Fine,WB  23D   9596,P.V,Animals affected,0
11.06.2015,7:30 AM,1362.1,LHS,Rural,Kodavaluru,Collision Brush/Side Wipe, Tata Ace Vehicle hit  Median,Tata Ace,Minor injury,Vehicle out of control,Four lanes or more with central divider,Slight curve,,Fine,AP7TC     6314,P.V,Fatal,0
11.06.2015,7:30 AM,1362.1,LHS,Rural,Kodavaluru,Collision Brush/Side Wipe, Tata Ace Vehicle hit  Median,Tata Ace,Minor injury,Vehicle out of control,Four lanes or more with central divider,Slight curve,,Fine,AP7TC     6314,P.V,Grevious,0
11.06.2015,7:30 AM,1362.1,LHS,Rural,Kodavaluru,Collision Brush/Side Wipe, Tata Ace Vehicle hit  Median,Tata Ace,Minor injury,Vehicle out of control,Four lanes or more with central divider,Slight curve,,Fine,AP7TC     6314,P.V,Minor,5
11.06.2015,7:30 AM,1362.1,LHS,Rural,Kodavaluru,Collision Brush/Side Wipe, Tata Ace Vehicle hit  Median,Tata Ace,Minor injury,Vehicle out of control,Four lanes or more with central divider,Slight curve,,Fine,AP7TC     6314,P.V,Non injured ,6
11.06.2015,7:30 AM,1362.1,LHS,Rural,Kodavaluru,Collision Brush/Side Wipe, Tata Ace Vehicle hit  Median,Tata Ace,Minor injury,Vehicle out of control,Four lanes or more with central divider,Slight curve,,Fine,AP7TC     6314,P.V,Animals affected,0
11.06.2015,7:45 AM,1345.8,LHS,Rural,Dagadarthi,Rear End Collision, Container vehicle hit Lorry,Container,Non injury,Fault of driver of motor vehicle/driver of other vehicle/cyclist/pedestrian/passenger,Four lanes or more with central divider,Straight road,,Fine,TN04AK    89801,P.V,Fatal,0
11.06.2015,7:45 AM,1345.8,LHS,Rural,Dagadarthi,Rear End Collision, Container vehicle hit Lorry,Container,Non injury,Fault of driver of motor vehicle/driver of other vehicle/cyclist/pedestrian/passenger,Four lanes or more with central divider,Straight road,,Fine,TN04AK    89801,P.V,Grevious,0
11.06.2015,7:45 AM,1345.8,LHS,Rural,Dagadarthi,Rear End Collision, Container vehicle hit Lorry,Container,Non injury,Fault of driver of motor vehicle/driver of other vehicle/cyclist/pedestrian/passenger,Four lanes or more with central divider,Straight road,,Fine,TN04AK    89801,P.V,Minor,0
11.06.2015,7:45 AM,1345.8,LHS,Rural,Dagadarthi,Rear End Collision, Container vehicle hit Lorry,Container,Non injury,Fault of driver of motor vehicle/driver of other vehicle/cyclist/pedestrian/passenger,Four lanes or more with central divider,Straight road,,Fine,TN04AK    89801,P.V,Non injured ,1
11.06.2015,7:45 AM,1345.8,LHS,Rural,Dagadarthi,Rear End Collision, Container vehicle hit Lorry,Container,Non injury,Fault of driver of motor vehicle/driver of other vehicle/cyclist/pedestrian/passenger,Four lanes or more with central divider,Straight road,,Fine,TN04AK    89801,P.V,Animals affected,0
11.06.2015,5:00 PM,1222.4,LHS,Rural,Medarametla,Head on collision, Bike hit  Bike,Bike,Grievious injury,Fault of driver of motor vehicle/driver of other vehicle/cyclist/pedestrian/passenger,Four lanes or more with central divider,Straight road,,Fine,AP27E    5830,P.V,Fatal,0
11.06.2015,5:00 PM,1222.4,LHS,Rural,Medarametla,Head on collision, Bike hit  Bike,Bike,Grievious injury,Fault of driver of motor vehicle/driver of other vehicle/cyclist/pedestrian/passenger,Four lanes or more with central divider,Straight road,,Fine,AP27E    5830,P.V,Grevious,3
11.06.2015,5:00 PM,1222.4,LHS,Rural,Medarametla,Head on collision, Bike hit  Bike,Bike,Grievious injury,Fault of driver of motor vehicle/driver of other vehicle/cyclist/pedestrian/passenger,Four lanes or more with central divider,Straight road,,Fine,AP27E    5830,P.V,Minor,0
11.06.2015,5:00 PM,1222.4,LHS,Rural,Medarametla,Head on collision, Bike hit  Bike,Bike,Grievious injury,Fault of driver of motor vehicle/driver of other vehicle/cyclist/pedestrian/passenger,Four lanes or more with central divider,Straight road,,Fine,AP27E    5830,P.V,Non injured ,0
11.06.2015,5:00 PM,1222.4,LHS,Rural,Medarametla,Head on collision, Bike hit  Bike,Bike,Grievious injury,Fault of driver of motor vehicle/driver of other vehicle/cyclist/pedestrian/passenger,Four lanes or more with central divider,Straight road,,Fine,AP27E    5830,P.V,Animals affected,0
11.06.2015,7:10 PM,1211.5,LHS,Rural,Medarametla,Collision Brush/Side Wipe, Car hit       Bike,Car,Grievious injury,Over speed,Three lanes or more without central divider(median),Straight road,T-Junction,Fine,AP04L   7426,P.V &A.M.B,Fatal,0