Operational date,Time of Accident,KM && M,Position,Rural/Urban,Location,Nature of Accident Position,Nature of Accident,Vehicle Involved,Type of Accident,Causes,Road Feature,Road condition,Intersection Type And Control,Weather Condition,Vehicle Responsible,Help Provided by Ambulance/Patroling Vehicle,Classification of Accident,No of Affected Persons
11.06.2015,7:10 PM,1211.5,LHS,Rural,Medarametla,Collision Brush/Side Wipe, Car hit       Bike,Car,Grievious injury,Over speed,Three lanes or more without central divider(median),Straight road,T-Junction,Fine,AP04L   7426,P.V &A.M.B,Grevious,1
11.06.2015,7:10 PM,1211.5,LHS,Rural,Medarametla,Collision Brush/Side Wipe, Car hit       Bike,Car,Grievious injury,Over speed,Three lanes or more without central divider(median),Straight road,T-Junction,Fine,AP04L   7426,P.V &A.M.B,Minor,1
11.06.2015,7:10 PM,1211.5,LHS,Rural,Medarametla,Collision Brush/Side Wipe, Car hit       Bike,Car,Grievious injury,Over speed,Three lanes or more without central divider(median),Straight road,T-Junction,Fine,AP04L   7426,P.V &A.M.B,Non injured ,2
11.06.2015,7:10 PM,1211.5,LHS,Rural,Medarametla,Collision Brush/Side Wipe, Car hit       Bike,Car,Grievious injury,Over speed,Three lanes or more without central divider(median),Straight road,T-Junction,Fine,AP04L   7426,P.V &A.M.B,Animals affected,0
11.06.2015,7:25 PM,1290.6,RHS,Rural,Ulavapadu,Collision Brush/Side Wipe, Bike hit  Unknown vehicle,Bike,Minor injury,Over speed,Four lanes or more with central divider,Straight road,,Fine,F/R Bike,A.M.B,Fatal,0
11.06.2015,7:25 PM,1290.6,RHS,Rural,Ulavapadu,Collision Brush/Side Wipe, Bike hit  Unknown vehicle,Bike,Minor injury,Over speed,Four lanes or more with central divider,Straight road,,Fine,F/R Bike,A.M.B,Grevious,0
11.06.2015,7:25 PM,1290.6,RHS,Rural,Ulavapadu,Collision Brush/Side Wipe, Bike hit  Unknown vehicle,Bike,Minor injury,Over speed,Four lanes or more with central divider,Straight road,,Fine,F/R Bike,A.M.B,Minor,1
11.06.2015,7:25 PM,1290.6,RHS,Rural,Ulavapadu,Collision Brush/Side Wipe, Bike hit  Unknown vehicle,Bike,Minor injury,Over speed,Four lanes or more with central divider,Straight road,,Fine,F/R Bike,A.M.B,Non injured ,0
11.06.2015,7:25 PM,1290.6,RHS,Rural,Ulavapadu,Collision Brush/Side Wipe, Bike hit  Unknown vehicle,Bike,Minor injury,Over speed,Four lanes or more with central divider,Straight road,,Fine,F/R Bike,A.M.B,Animals affected,0
11.06.2015,8:25 PM,1261.6,LHS,Rural,Tangutur,Skidding, Bike Skidding,Bike,Minor injury,Over speed,Four lanes or more with central divider,Straight road,,Fine,AP27AS    2326,P.V,Fatal,0
11.06.2015,8:25 PM,1261.6,LHS,Rural,Tangutur,Skidding, Bike Skidding,Bike,Minor injury,Over speed,Four lanes or more with central divider,Straight road,,Fine,AP27AS    2326,P.V,Grevious,0
11.06.2015,8:25 PM,1261.6,LHS,Rural,Tangutur,Skidding, Bike Skidding,Bike,Minor injury,Over speed,Four lanes or more with central divider,Straight road,,Fine,AP27AS    2326,P.V,Minor,2
11.06.2015,8:25 PM,1261.6,LHS,Rural,Tangutur,Skidding, Bike Skidding,Bike,Minor injury,Over speed,Four lanes or more with central divider,Straight road,,Fine,AP27AS    2326,P.V,Non injured ,0
11.06.2015,8:25 PM,1261.6,LHS,Rural,Tangutur,Skidding, Bike Skidding,Bike,Minor injury,Over speed,Four lanes or more with central divider,Straight road,,Fine,AP27AS    2326,P.V,Animals affected,0
11.06.2015,8:55 PM,1249.5,LHS,Urban,Ongole,Overturning,Tractor Fall down in Drinege Canal,Tractor,Grievious injury,Fault of driver of motor vehicle/driver of other vehicle/cyclist/pedestrian/passenger,Four lanes or more with central divider,Straight road,,Fine,AP27AL    6792,P.V &A.M.B,Fatal,0
11.06.2015,8:55 PM,1249.5,LHS,Urban,Ongole,Overturning,Tractor Fall down in Drinege Canal,Tractor,Grievious injury,Fault of driver of motor vehicle/driver of other vehicle/cyclist/pedestrian/passenger,Four lanes or more with central divider,Straight road,,Fine,AP27AL    6792,P.V &A.M.B,Grevious,1
11.06.2015,8:55 PM,1249.5,LHS,Urban,Ongole,Overturning,Tractor Fall down in Drinege Canal,Tractor,Grievious injury,Fault of driver of motor vehicle/driver of other vehicle/cyclist/pedestrian/passenger,Four lanes or more with central divider,Straight road,,Fine,AP27AL    6792,P.V &A.M.B,Minor,0
11.06.2015,8:55 PM,1249.5,LHS,Urban,Ongole,Overturning,Tractor Fall down in Drinege Canal,Tractor,Grievious injury,Fault of driver of motor vehicle/driver of other vehicle/cyclist/pedestrian/passenger,Four lanes or more with central divider,Straight road,,Fine,AP27AL    6792,P.V &A.M.B,Non injured ,0
11.06.2015,8:55 PM,1249.5,LHS,Urban,Ongole,Overturning,Tractor Fall down in Drinege Canal,Tractor,Grievious injury,Fault of driver of motor vehicle/driver of other vehicle/cyclist/pedestrian/passenger,Four lanes or more with central divider,Straight road,,Fine,AP27AL    6792,P.V &A.M.B,Animals affected,0
13.06.2015,1:30 AM,1223.2,RHS,Rural,Medarametla,Rear End Collision, Car hit Unknown Vehicle,Car,Non injury,Over speed,Four lanes or more with central divider,Straight road,,Fine,AP16CD   2244,P.V,Fatal,0
13.06.2015,1:30 AM,1223.2,RHS,Rural,Medarametla,Rear End Collision, Car hit Unknown Vehicle,Car,Non injury,Over speed,Four lanes or more with central divider,Straight road,,Fine,AP16CD   2244,P.V,Grevious,0
13.06.2015,1:30 AM,1223.2,RHS,Rural,Medarametla,Rear End Collision, Car hit Unknown Vehicle,Car,Non injury,Over speed,Four lanes or more with central divider,Straight road,,Fine,AP16CD   2244,P.V,Minor,0
13.06.2015,1:30 AM,1223.2,RHS,Rural,Medarametla,Rear End Collision, Car hit Unknown Vehicle,Car,Non injury,Over speed,Four lanes or more with central divider,Straight road,,Fine,AP16CD   2244,P.V,Non injured ,2
13.06.2015,1:30 AM,1223.2,RHS,Rural,Medarametla,Rear End Collision, Car hit Unknown Vehicle,Car,Non injury,Over speed,Four lanes or more with central divider,Straight road,,Fine,AP16CD   2244,P.V,Animals affected,0
13.06.2015,5:18 PM,1334.1,LHS,Rural,K.Tippa ,Overturning, Auto Over Turned,Auto,Minor injury,Over speed,Four lanes or more with central divider,Straight road,,Fine,AP26TC    9243,P.V,Fatal,0
13.06.2015,5:18 PM,1334.1,LHS,Rural,K.Tippa ,Overturning, Auto Over Turned,Auto,Minor injury,Over speed,Four lanes or more with central divider,Straight road,,Fine,AP26TC    9243,P.V,Grevious,0
13.06.2015,5:18 PM,1334.1,LHS,Rural,K.Tippa ,Overturning, Auto Over Turned,Auto,Minor injury,Over speed,Four lanes or more with central divider,Straight road,,Fine,AP26TC    9243,P.V,Minor,2
13.06.2015,5:18 PM,1334.1,LHS,Rural,K.Tippa ,Overturning, Auto Over Turned,Auto,Minor injury,Over speed,Four lanes or more with central divider,Straight road,,Fine,AP26TC    9243,P.V,Non injured ,0
13.06.2015,5:18 PM,1334.1,LHS,Rural,K.Tippa ,Overturning, Auto Over Turned,Auto,Minor injury,Over speed,Four lanes or more with central divider,Straight road,,Fine,AP26TC    9243,P.V,Animals affected,0
14.06.2015,1:30 AM,1252.2,LHS,Rural,Ongole,Collision Brush/Side Wipe, Car hit to     CC Barrier,Car,Non injury,Fault of driver of motor vehicle/driver of other vehicle/cyclist/pedestrian/passenger,Four lanes or more with central divider,Straight road,,Fine,AP09CV 8535,P.V,Fatal,0
14.06.2015,1:30 AM,1252.2,LHS,Rural,Ongole,Collision Brush/Side Wipe, Car hit to     CC Barrier,Car,Non injury,Fault of driver of motor vehicle/driver of other vehicle/cyclist/pedestrian/passenger,Four lanes or more with central divider,Straight road,,Fine,AP09CV 8535,P.V,Grevious,0
14.06.2015,1:30 AM,1252.2,LHS,Rural,Ongole,Collision Brush/Side Wipe, Car hit to     CC Barrier,Car,Non injury,Fault of driver of motor vehicle/driver of other vehicle/cyclist/pedestrian/passenger,Four lanes or more with central divider,Straight road,,Fine,AP09CV 8535,P.V,Minor,0
14.06.2015,1:30 AM,1252.2,LHS,Rural,Ongole,Collision Brush/Side Wipe, Car hit to     CC Barrier,Car,Non injury,Fault of driver of motor vehicle/driver of other vehicle/cyclist/pedestrian/passenger,Four lanes or more with central divider,Straight road,,Fine,AP09CV 8535,P.V,Non injured ,7
14.06.2015,1:30 AM,1252.2,LHS,Rural,Ongole,Collision Brush/Side Wipe, Car hit to     CC Barrier,Car,Non injury,Fault of driver of motor vehicle/driver of other vehicle/cyclist/pedestrian/passenger,Four lanes or more with central divider,Straight road,,Fine,AP09CV 8535,P.V,Animals affected,0
14.06.2015,6:12 AM,1208,RHS,Rural,Reningavaram,Rear End Collision, Car hit to mini lorry,Car,Fatal,Fault of driver of motor vehicle/driver of other vehicle/cyclist/pedestrian/passenger,Four lanes or more with central divider,Sharp curve,,Fine,AP11D   8789,P.V & A.M.B,Fatal,2
14.06.2015,6:12 AM,1208,RHS,Rural,Reningavaram,Rear End Collision, Car hit to mini lorry,Car,Fatal,Fault of driver of motor vehicle/driver of other vehicle/cyclist/pedestrian/passenger,Four lanes or more with central divider,Sharp curve,,Fine,AP11D   8789,P.V & A.M.B,Grevious,2
14.06.2015,6:12 AM,1208,RHS,Rural,Reningavaram,Rear End Collision, Car hit to mini lorry,Car,Fatal,Fault of driver of motor vehicle/driver of other vehicle/cyclist/pedestrian/passenger,Four lanes or more with central divider,Sharp curve,,Fine,AP11D   8789,P.V & A.M.B,Minor,0
14.06.2015,6:12 AM,1208,RHS,Rural,Reningavaram,Rear End Collision, Car hit to mini lorry,Car,Fatal,Fault of driver of motor vehicle/driver of other vehicle/cyclist/pedestrian/passenger,Four lanes or more with central divider,Sharp curve,,Fine,AP11D   8789,P.V & A.M.B,Non injured ,1
14.06.2015,6:12 AM,1208,RHS,Rural,Reningavaram,Rear End Collision, Car hit to mini lorry,Car,Fatal,Fault of driver of motor vehicle/driver of other vehicle/cyclist/pedestrian/passenger,Four lanes or more with central divider,Sharp curve,,Fine,AP11D   8789,P.V & A.M.B,Animals affected,0
14.06.2015,12:30 PM,1222.9,LHS,Rural,Medarametla,Collision Brush/Side Wipe, Car went off  towords ROW,Car,Minor injury,Over speed,Four lanes or more with central divider,Slight curve,,Fine,AP16AP  0588,P.V,Fatal,0
14.06.2015,12:30 PM,1222.9,LHS,Rural,Medarametla,Collision Brush/Side Wipe, Car went off  towords ROW,Car,Minor injury,Over speed,Four lanes or more with central divider,Slight curve,,Fine,AP16AP  0588,P.V,Grevious,0
14.06.2015,12:30 PM,1222.9,LHS,Rural,Medarametla,Collision Brush/Side Wipe, Car went off  towords ROW,Car,Minor injury,Over speed,Four lanes or more with central divider,Slight curve,,Fine,AP16AP  0588,P.V,Minor,2
14.06.2015,12:30 PM,1222.9,LHS,Rural,Medarametla,Collision Brush/Side Wipe, Car went off  towords ROW,Car,Minor injury,Over speed,Four lanes or more with central divider,Slight curve,,Fine,AP16AP  0588,P.V,Non injured ,0
14.06.2015,12:30 PM,1222.9,LHS,Rural,Medarametla,Collision Brush/Side Wipe, Car went off  towords ROW,Car,Minor injury,Over speed,Four lanes or more with central divider,Slight curve,,Fine,AP16AP  0588,P.V,Animals affected,0
15.06.2015,3:20 PM,1242.5,RHS,Rural,Ongole,Rear End Collision,  Mini Lorry hit Unknown Vehicle,Lorry,Grievious injury,Over speed,Four lanes or more with central divider,Straight road,,Fine,AP26TC 9036,P.V,Fatal,0
15.06.2015,3:20 PM,1242.5,RHS,Rural,Ongole,Rear End Collision,  Mini Lorry hit Unknown Vehicle,Lorry,Grievious injury,Over speed,Four lanes or more with central divider,Straight road,,Fine,AP26TC 9036,P.V,Grevious,1
15.06.2015,3:20 PM,1242.5,RHS,Rural,Ongole,Rear End Collision,  Mini Lorry hit Unknown Vehicle,Lorry,Grievious injury,Over speed,Four lanes or more with central divider,Straight road,,Fine,AP26TC 9036,P.V,Minor,0
15.06.2015,3:20 PM,1242.5,RHS,Rural,Ongole,Rear End Collision,  Mini Lorry hit Unknown Vehicle,Lorry,Grievious injury,Over speed,Four lanes or more with central divider,Straight road,,Fine,AP26TC 9036,P.V,Non injured ,0
15.06.2015,3:20 PM,1242.5,RHS,Rural,Ongole,Rear End Collision,  Mini Lorry hit Unknown Vehicle,Lorry,Grievious injury,Over speed,Four lanes or more with central divider,Straight road,,Fine,AP26TC 9036,P.V,Animals affected,0
16.06.2015,3:20 PM,1336.1,RHS,Rural,K.Tippa ,Others(p1.Specific), Tractor person fall down on the Road ,Tractor,Fatal,Fault of driver of motor vehicle/driver of other vehicle/cyclist/pedestrian/passenger,Four lanes or more with central divider,Straight road,,Fine,AP26TC 8929,P.V,Fatal,1
16.06.2015,3:20 PM,1336.1,RHS,Rural,K.Tippa ,Others(p1.Specific), Tractor person fall down on the Road ,Tractor,Fatal,Fault of driver of motor vehicle/driver of other vehicle/cyclist/pedestrian/passenger,Four lanes or more with central divider,Straight road,,Fine,AP26TC 8929,P.V,Grevious,0
16.06.2015,3:20 PM,1336.1,RHS,Rural,K.Tippa ,Others(p1.Specific), Tractor person fall down on the Road ,Tractor,Fatal,Fault of driver of motor vehicle/driver of other vehicle/cyclist/pedestrian/passenger,Four lanes or more with central divider,Straight road,,Fine,AP26TC 8929,P.V,Minor,0
16.06.2015,3:20 PM,1336.1,RHS,Rural,K.Tippa ,Others(p1.Specific), Tractor person fall down on the Road ,Tractor,Fatal,Fault of driver of motor vehicle/driver of other vehicle/cyclist/pedestrian/passenger,Four lanes or more with central divider,Straight road,,Fine,AP26TC 8929,P.V,Non injured ,0
16.06.2015,3:20 PM,1336.1,RHS,Rural,K.Tippa ,Others(p1.Specific), Tractor person fall down on the Road ,Tractor,Fatal,Fault of driver of motor vehicle/driver of other vehicle/cyclist/pedestrian/passenger,Four lanes or more with central divider,Straight road,,Fine,AP26TC 8929,P.V,Animals affected,0
16.06.2015,8:15 AM,1320,RHS,Rural,Kavali,Right Turn Collision, Tractor hit Car,Tractor,Non injury,Fault of driver of motor vehicle/driver of other vehicle/cyclist/pedestrian/passenger,Four lanes or more with central divider,Straight road,,Fine,AP26AC 0276,P.V,Fatal,0
16.06.2015,8:15 AM,1320,RHS,Rural,Kavali,Right Turn Collision, Tractor hit Car,Tractor,Non injury,Fault of driver of motor vehicle/driver of other vehicle/cyclist/pedestrian/passenger,Four lanes or more with central divider,Straight road,,Fine,AP26AC 0276,P.V,Grevious,0
16.06.2015,8:15 AM,1320,RHS,Rural,Kavali,Right Turn Collision, Tractor hit Car,Tractor,Non injury,Fault of driver of motor vehicle/driver of other vehicle/cyclist/pedestrian/passenger,Four lanes or more with central divider,Straight road,,Fine,AP26AC 0276,P.V,Minor,0
16.06.2015,8:15 AM,1320,RHS,Rural,Kavali,Right Turn Collision, Tractor hit Car,Tractor,Non injury,Fault of driver of motor vehicle/driver of other vehicle/cyclist/pedestrian/passenger,Four lanes or more with central divider,Straight road,,Fine,AP26AC 0276,P.V,Non injured ,9
16.06.2015,8:15 AM,1320,RHS,Rural,Kavali,Right Turn Collision, Tractor hit Car,Tractor,Non injury,Fault of driver of motor vehicle/driver of other vehicle/cyclist/pedestrian/passenger,Four lanes or more with central divider,Straight road,,Fine,AP26AC 0276,P.V,Animals affected,0
17.06.2015,4:10 AM,1196.9,LHS,Rural,Martur,Collision Brush/Side Wipe, Unknown Vehicle hit Car,Unknown,Non injury,Over speed,Four lanes or more with central divider,Straight road,,Fine,Unknown Vehicle,P.V,Fatal,0
17.06.2015,4:10 AM,1196.9,LHS,Rural,Martur,Collision Brush/Side Wipe, Unknown Vehicle hit Car,Unknown,Non injury,Over speed,Four lanes or more with central divider,Straight road,,Fine,Unknown Vehicle,P.V,Grevious,0
17.06.2015,4:10 AM,1196.9,LHS,Rural,Martur,Collision Brush/Side Wipe, Unknown Vehicle hit Car,Unknown,Non injury,Over speed,Four lanes or more with central divider,Straight road,,Fine,Unknown Vehicle,P.V,Minor,0
17.06.2015,4:10 AM,1196.9,LHS,Rural,Martur,Collision Brush/Side Wipe, Unknown Vehicle hit Car,Unknown,Non injury,Over speed,Four lanes or more with central divider,Straight road,,Fine,Unknown Vehicle,P.V,Non injured ,2
17.06.2015,4:10 AM,1196.9,LHS,Rural,Martur,Collision Brush/Side Wipe, Unknown Vehicle hit Car,Unknown,Non injury,Over speed,Four lanes or more with central divider,Straight road,,Fine,Unknown Vehicle,P.V,Animals affected,0
17.06.2015,4:30 AM,1287.3,RHS,Rural,Singarayakonda,Collision Brush/Side Wipe, Car hit to CC Barrier,Car,Non injury,Fault of driver of motor vehicle/driver of other vehicle/cyclist/pedestrian/passenger,Four lanes or more with central divider,Straight road,,Fine,AP07TD 1122,P.V,Fatal,0
17.06.2015,4:30 AM,1287.3,RHS,Rural,Singarayakonda,Collision Brush/Side Wipe, Car hit to CC Barrier,Car,Non injury,Fault of driver of motor vehicle/driver of other vehicle/cyclist/pedestrian/passenger,Four lanes or more with central divider,Straight road,,Fine,AP07TD 1122,P.V,Grevious,0
17.06.2015,4:30 AM,1287.3,RHS,Rural,Singarayakonda,Collision Brush/Side Wipe, Car hit to CC Barrier,Car,Non injury,Fault of driver of motor vehicle/driver of other vehicle/cyclist/pedestrian/passenger,Four lanes or more with central divider,Straight road,,Fine,AP07TD 1122,P.V,Minor,0
17.06.2015,4:30 AM,1287.3,RHS,Rural,Singarayakonda,Collision Brush/Side Wipe, Car hit to CC Barrier,Car,Non injury,Fault of driver of motor vehicle/driver of other vehicle/cyclist/pedestrian/passenger,Four lanes or more with central divider,Straight road,,Fine,AP07TD 1122,P.V,Non injured ,8
17.06.2015,4:30 AM,1287.3,RHS,Rural,Singarayakonda,Collision Brush/Side Wipe, Car hit to CC Barrier,Car,Non injury,Fault of driver of motor vehicle/driver of other vehicle/cyclist/pedestrian/passenger,Four lanes or more with central divider,Straight road,,Fine,AP07TD 1122,P.V,Animals affected,0
18.06.2015,12:05 AM,1239.2,RHS,Rural,Ongole,Collision Brush/Side Wipe, Bolero Van  hit to CC Barrier,Car,Non injury,Over speed,Four lanes or more with central divider,Straight road,,Light rain,AP26TE   0691 ,P.V,Fatal,0
18.06.2015,12:05 AM,1239.2,RHS,Rural,Ongole,Collision Brush/Side Wipe, Bolero Van  hit to CC Barrier,Car,Non injury,Over speed,Four lanes or more with central divider,Straight road,,Light rain,AP26TE   0691 ,P.V,Grevious,0
18.06.2015,12:05 AM,1239.2,RHS,Rural,Ongole,Collision Brush/Side Wipe, Bolero Van  hit to CC Barrier,Car,Non injury,Over speed,Four lanes or more with central divider,Straight road,,Light rain,AP26TE   0691 ,P.V,Minor,0
18.06.2015,12:05 AM,1239.2,RHS,Rural,Ongole,Collision Brush/Side Wipe, Bolero Van  hit to CC Barrier,Car,Non injury,Over speed,Four lanes or more with central divider,Straight road,,Light rain,AP26TE   0691 ,P.V,Non injured ,2
18.06.2015,12:05 AM,1239.2,RHS,Rural,Ongole,Collision Brush/Side Wipe, Bolero Van  hit to CC Barrier,Car,Non injury,Over speed,Four lanes or more with central divider,Straight road,,Light rain,AP26TE   0691 ,P.V,Animals affected,0
18.06.2015,4:20 AM,1258.6,RHS,Rural,Tangutur,Head on collision, Car hit to Lorry,Car,Fatal,Over speed,Four lanes or more with central divider,Straight road,,Light rain,AP16DA    0045,P.V & A.M.B,Fatal,3
18.06.2015,4:20 AM,1258.6,RHS,Rural,Tangutur,Head on collision, Car hit to Lorry,Car,Fatal,Over speed,Four lanes or more with central divider,Straight road,,Light rain,AP16DA    0045,P.V & A.M.B,Grevious,2
18.06.2015,4:20 AM,1258.6,RHS,Rural,Tangutur,Head on collision, Car hit to Lorry,Car,Fatal,Over speed,Four lanes or more with central divider,Straight road,,Light rain,AP16DA    0045,P.V & A.M.B,Minor,2
18.06.2015,4:20 AM,1258.6,RHS,Rural,Tangutur,Head on collision, Car hit to Lorry,Car,Fatal,Over speed,Four lanes or more with central divider,Straight road,,Light rain,AP16DA    0045,P.V & A.M.B,Non injured ,0
18.06.2015,4:20 AM,1258.6,RHS,Rural,Tangutur,Head on collision, Car hit to Lorry,Car,Fatal,Over speed,Four lanes or more with central divider,Straight road,,Light rain,AP16DA    0045,P.V & A.M.B,Animals affected,0
18.06.2015,5:25 AM,1237.7,LHS,Rural,Maddipadu,Rear End Collision, Car hit to  Mini Lorry,Car,Fatal,Fault of driver of motor vehicle/driver of other vehicle/cyclist/pedestrian/passenger,Four lanes or more with central divider,Straight road,,Light rain,AP04P   2263,P.V,Fatal,2
18.06.2015,5:25 AM,1237.7,LHS,Rural,Maddipadu,Rear End Collision, Car hit to  Mini Lorry,Car,Fatal,Fault of driver of motor vehicle/driver of other vehicle/cyclist/pedestrian/passenger,Four lanes or more with central divider,Straight road,,Light rain,AP04P   2263,P.V,Grevious,4
18.06.2015,5:25 AM,1237.7,LHS,Rural,Maddipadu,Rear End Collision, Car hit to  Mini Lorry,Car,Fatal,Fault of driver of motor vehicle/driver of other vehicle/cyclist/pedestrian/passenger,Four lanes or more with central divider,Straight road,,Light rain,AP04P   2263,P.V,Minor,0
18.06.2015,5:25 AM,1237.7,LHS,Rural,Maddipadu,Rear End Collision, Car hit to  Mini Lorry,Car,Fatal,Fault of driver of motor vehicle/driver of other vehicle/cyclist/pedestrian/passenger,Four lanes or more with central divider,Straight road,,Light rain,AP04P   2263,P.V,Non injured ,0
18.06.2015,5:25 AM,1237.7,LHS,Rural,Maddipadu,Rear End Collision, Car hit to  Mini Lorry,Car,Fatal,Fault of driver of motor vehicle/driver of other vehicle/cyclist/pedestrian/passenger,Four lanes or more with central divider,Straight road,,Light rain,AP04P   2263,P.V,Animals affected,0
18.06.2015,7:00 AM,1323.8,RHS,Rural,Kavali,Overturning, Lorry Over Turned,Lorry,Minor injury,Fault of driver of motor vehicle/driver of other vehicle/cyclist/pedestrian/passenger,Four lanes or more with central divider,Straight road,,Light rain,AP20T   5535,P.V,Fatal,0
18.06.2015,7:00 AM,1323.8,RHS,Rural,Kavali,Overturning, Lorry Over Turned,Lorry,Minor injury,Fault of driver of motor vehicle/driver of other vehicle/cyclist/pedestrian/passenger,Four lanes or more with central divider,Straight road,,Light rain,AP20T   5535,P.V,Grevious,0
18.06.2015,7:00 AM,1323.8,RHS,Rural,Kavali,Overturning, Lorry Over Turned,Lorry,Minor injury,Fault of driver of motor vehicle/driver of other vehicle/cyclist/pedestrian/passenger,Four lanes or more with central divider,Straight road,,Light rain,AP20T   5535,P.V,Minor,2
18.06.2015,7:00 AM,1323.8,RHS,Rural,Kavali,Overturning, Lorry Over Turned,Lorry,Minor injury,Fault of driver of motor vehicle/driver of other vehicle/cyclist/pedestrian/passenger,Four lanes or more with central divider,Straight road,,Light rain,AP20T   5535,P.V,Non injured ,1
18.06.2015,7:00 AM,1323.8,RHS,Rural,Kavali,Overturning, Lorry Over Turned,Lorry,Minor injury,Fault of driver of motor vehicle/driver of other vehicle/cyclist/pedestrian/passenger,Four lanes or more with central divider,Straight road,,Light rain,AP20T   5535,P.V,Animals affected,0
19.06.2015,11:10 PM,1241.5,RHS,Rural,Ongole,Rear End Collision, wingger van  hit  tractor ,Bus,Non injury,Over speed,Four lanes or more with central divider,Straight road,,Light rain,AP27Q  7569,P.V,Fatal,0
19.06.2015,11:10 PM,1241.5,RHS,Rural,Ongole,Rear End Collision, wingger van  hit  tractor ,Bus,Non injury,Over speed,Four lanes or more with central divider,Straight road,,Light rain,AP27Q  7569,P.V,Grevious,0
19.06.2015,11:10 PM,1241.5,RHS,Rural,Ongole,Rear End Collision, wingger van  hit  tractor ,Bus,Non injury,Over speed,Four lanes or more with central divider,Straight road,,Light rain,AP27Q  7569,P.V,Minor,0
19.06.2015,11:10 PM,1241.5,RHS,Rural,Ongole,Rear End Collision, wingger van  hit  tractor ,Bus,Non injury,Over speed,Four lanes or more with central divider,Straight road,,Light rain,AP27Q  7569,P.V,Non injured ,7
19.06.2015,11:10 PM,1241.5,RHS,Rural,Ongole,Rear End Collision, wingger van  hit  tractor ,Bus,Non injury,Over speed,Four lanes or more with central divider,Straight road,,Light rain,AP27Q  7569,P.V,Animals affected,0
20.06.2015,7:40 AM,1302.3,RHS,Rural,Gudluru,Right Turn Collision, Car hit Lorry,Car,Grievious injury,Over speed,Three lanes or more without central divider(median),Straight road,T-Junction,Cloudy,AP26AD 3841,P.V,Fatal,0
20.06.2015,7:40 AM,1302.3,RHS,Rural,Gudluru,Right Turn Collision, Car hit Lorry,Car,Grievious injury,Over speed,Three lanes or more without central divider(median),Straight road,T-Junction,Cloudy,AP26AD 3841,P.V,Grevious,2
20.06.2015,7:40 AM,1302.3,RHS,Rural,Gudluru,Right Turn Collision, Car hit Lorry,Car,Grievious injury,Over speed,Three lanes or more without central divider(median),Straight road,T-Junction,Cloudy,AP26AD 3841,P.V,Minor,1
20.06.2015,7:40 AM,1302.3,RHS,Rural,Gudluru,Right Turn Collision, Car hit Lorry,Car,Grievious injury,Over speed,Three lanes or more without central divider(median),Straight road,T-Junction,Cloudy,AP26AD 3841,P.V,Non injured ,0
20.06.2015,7:40 AM,1302.3,RHS,Rural,Gudluru,Right Turn Collision, Car hit Lorry,Car,Grievious injury,Over speed,Three lanes or more without central divider(median),Straight road,T-Junction,Cloudy,AP26AD 3841,P.V,Animals affected,0
20.04.2015,7:55 PM,1343.5,RHS,Rural,Dagadarthi,Collision Brush/Side Wipe,Tata Ace Vehicle hit Buffalo and Bike ,Tata Ace,Grievious injury,Over speed,Four lanes or more with central divider,Straight road,,Fine,A26TC    1558,P.V&A.M.B,Fatal,0
20.04.2015,7:55 PM,1343.5,RHS,Rural,Dagadarthi,Collision Brush/Side Wipe,Tata Ace Vehicle hit Buffalo and Bike ,Tata Ace,Grievious injury,Over speed,Four lanes or more with central divider,Straight road,,Fine,A26TC    1558,P.V&A.M.B,Grevious,1
20.04.2015,7:55 PM,1343.5,RHS,Rural,Dagadarthi,Collision Brush/Side Wipe,Tata Ace Vehicle hit Buffalo and Bike ,Tata Ace,Grievious injury,Over speed,Four lanes or more with central divider,Straight road,,Fine,A26TC    1558,P.V&A.M.B,Minor,1
20.04.2015,7:55 PM,1343.5,RHS,Rural,Dagadarthi,Collision Brush/Side Wipe,Tata Ace Vehicle hit Buffalo and Bike ,Tata Ace,Grievious injury,Over speed,Four lanes or more with central divider,Straight road,,Fine,A26TC    1558,P.V&A.M.B,Non injured ,1
20.04.2015,7:55 PM,1343.5,RHS,Rural,Dagadarthi,Collision Brush/Side Wipe,Tata Ace Vehicle hit Buffalo and Bike ,Tata Ace,Grievious injury,Over speed,Four lanes or more with central divider,Straight road,,Fine,A26TC    1558,P.V&A.M.B,Animals affected,1
21.06.2015,7:00 AM,1310.6,LHS,Rural,Kavali,Overturning, Car overturned,Car,Grievious injury,Over speed,Four lanes or more with central divider,Straight road,,Fine,AP09TVA  1447,P.V,Fatal,0
21.06.2015,7:00 AM,1310.6,LHS,Rural,Kavali,Overturning, Car overturned,Car,Grievious injury,Over speed,Four lanes or more with central divider,Straight road,,Fine,AP09TVA  1447,P.V,Grevious,2
21.06.2015,7:00 AM,1310.6,LHS,Rural,Kavali,Overturning, Car overturned,Car,Grievious injury,Over speed,Four lanes or more with central divider,Straight road,,Fine,AP09TVA  1447,P.V,Minor,3
21.06.2015,7:00 AM,1310.6,LHS,Rural,Kavali,Overturning, Car overturned,Car,Grievious injury,Over speed,Four lanes or more with central divider,Straight road,,Fine,AP09TVA  1447,P.V,Non injured ,0
21.06.2015,7:00 AM,1310.6,LHS,Rural,Kavali,Overturning, Car overturned,Car,Grievious injury,Over speed,Four lanes or more with central divider,Straight road,,Fine,AP09TVA  1447,P.V,Animals affected,0