Operational date,Time of Accident,KM && M,Position,Rural/Urban,Location,Nature of Accident Position,Nature of Accident,Vehicle Involved,Type of Accident,Causes,Road Feature,Road condition,Intersection Type And Control,Weather Condition,Vehicle Responsible,Help Provided by Ambulance/Patroling Vehicle,Classification of Accident,No of Affected Persons
21.06.2015,10:55 AM,1283.2,RHS,Rural,Ulavapadu,Overturning, Lorry overturned to wards ROW,Lorry,Non injury,Fault of driver of motor vehicle/driver of other vehicle/cyclist/pedestrian/passenger,Four lanes or more with central divider,Slight curve,,Fine,AP07V  5729,P.V,Fatal,0
21.06.2015,10:55 AM,1283.2,RHS,Rural,Ulavapadu,Overturning, Lorry overturned to wards ROW,Lorry,Non injury,Fault of driver of motor vehicle/driver of other vehicle/cyclist/pedestrian/passenger,Four lanes or more with central divider,Slight curve,,Fine,AP07V  5729,P.V,Grevious,0
21.06.2015,10:55 AM,1283.2,RHS,Rural,Ulavapadu,Overturning, Lorry overturned to wards ROW,Lorry,Non injury,Fault of driver of motor vehicle/driver of other vehicle/cyclist/pedestrian/passenger,Four lanes or more with central divider,Slight curve,,Fine,AP07V  5729,P.V,Minor,0
21.06.2015,10:55 AM,1283.2,RHS,Rural,Ulavapadu,Overturning, Lorry overturned to wards ROW,Lorry,Non injury,Fault of driver of motor vehicle/driver of other vehicle/cyclist/pedestrian/passenger,Four lanes or more with central divider,Slight curve,,Fine,AP07V  5729,P.V,Non injured ,1
21.06.2015,10:55 AM,1283.2,RHS,Rural,Ulavapadu,Overturning, Lorry overturned to wards ROW,Lorry,Non injury,Fault of driver of motor vehicle/driver of other vehicle/cyclist/pedestrian/passenger,Four lanes or more with central divider,Slight curve,,Fine,AP07V  5729,P.V,Animals affected,0
22.06.2015,1:50 AM,1241.9,LHS,Rural,Ongole,Rear End Collision, Lorry hit Service Road Wall,Lorry,Non injury,Fault of driver of motor vehicle/driver of other vehicle/cyclist/pedestrian/passenger,Four lanes or more with central divider,Straight road,,Cloudy,AP27TT 7477,P.V,Fatal,0
22.06.2015,1:50 AM,1241.9,LHS,Rural,Ongole,Rear End Collision, Lorry hit Service Road Wall,Lorry,Non injury,Fault of driver of motor vehicle/driver of other vehicle/cyclist/pedestrian/passenger,Four lanes or more with central divider,Straight road,,Cloudy,AP27TT 7477,P.V,Grevious,0
22.06.2015,1:50 AM,1241.9,LHS,Rural,Ongole,Rear End Collision, Lorry hit Service Road Wall,Lorry,Non injury,Fault of driver of motor vehicle/driver of other vehicle/cyclist/pedestrian/passenger,Four lanes or more with central divider,Straight road,,Cloudy,AP27TT 7477,P.V,Minor,0
22.06.2015,1:50 AM,1241.9,LHS,Rural,Ongole,Rear End Collision, Lorry hit Service Road Wall,Lorry,Non injury,Fault of driver of motor vehicle/driver of other vehicle/cyclist/pedestrian/passenger,Four lanes or more with central divider,Straight road,,Cloudy,AP27TT 7477,P.V,Non injured ,1
22.06.2015,1:50 AM,1241.9,LHS,Rural,Ongole,Rear End Collision, Lorry hit Service Road Wall,Lorry,Non injury,Fault of driver of motor vehicle/driver of other vehicle/cyclist/pedestrian/passenger,Four lanes or more with central divider,Straight road,,Cloudy,AP27TT 7477,P.V,Animals affected,0
23.06.2015,1:45 AM,1225.4,RHS,Rural,Maddipadu,Collision Brush/Side Wipe, Lorry hit     Bike,Lorry,Fatal,Fault of driver of motor vehicle/driver of other vehicle/cyclist/pedestrian/passenger,Three lanes or more without central divider(median),Straight road,T-Junction,Fine,AP16TC    5357,P.V,Fatal,1
23.06.2015,1:45 AM,1225.4,RHS,Rural,Maddipadu,Collision Brush/Side Wipe, Lorry hit     Bike,Lorry,Fatal,Fault of driver of motor vehicle/driver of other vehicle/cyclist/pedestrian/passenger,Three lanes or more without central divider(median),Straight road,T-Junction,Fine,AP16TC    5357,P.V,Grevious,1
23.06.2015,1:45 AM,1225.4,RHS,Rural,Maddipadu,Collision Brush/Side Wipe, Lorry hit     Bike,Lorry,Fatal,Fault of driver of motor vehicle/driver of other vehicle/cyclist/pedestrian/passenger,Three lanes or more without central divider(median),Straight road,T-Junction,Fine,AP16TC    5357,P.V,Minor,1
23.06.2015,1:45 AM,1225.4,RHS,Rural,Maddipadu,Collision Brush/Side Wipe, Lorry hit     Bike,Lorry,Fatal,Fault of driver of motor vehicle/driver of other vehicle/cyclist/pedestrian/passenger,Three lanes or more without central divider(median),Straight road,T-Junction,Fine,AP16TC    5357,P.V,Non injured ,1
23.06.2015,1:45 AM,1225.4,RHS,Rural,Maddipadu,Collision Brush/Side Wipe, Lorry hit     Bike,Lorry,Fatal,Fault of driver of motor vehicle/driver of other vehicle/cyclist/pedestrian/passenger,Three lanes or more without central divider(median),Straight road,T-Junction,Fine,AP16TC    5357,P.V,Animals affected,0
23.06.2015,4:35 AM,1321.1,LHS,Rural,Kavali,Others(p1.Specific), Lorry second driver  fallen down on the,Lorry,Fatal,Druken,Four lanes or more with central divider,Straight road,,Fine,AP07TC   2033,P.V,Fatal,1
23.06.2015,4:35 AM,1321.1,LHS,Rural,Kavali,Others(p1.Specific), Lorry second driver  fallen down on the,Lorry,Fatal,Druken,Four lanes or more with central divider,Straight road,,Fine,AP07TC   2033,P.V,Grevious,0
23.06.2015,4:35 AM,1321.1,LHS,Rural,Kavali,Others(p1.Specific), Lorry second driver  fallen down on the,Lorry,Fatal,Druken,Four lanes or more with central divider,Straight road,,Fine,AP07TC   2033,P.V,Minor,0
23.06.2015,4:35 AM,1321.1,LHS,Rural,Kavali,Others(p1.Specific), Lorry second driver  fallen down on the,Lorry,Fatal,Druken,Four lanes or more with central divider,Straight road,,Fine,AP07TC   2033,P.V,Non injured ,2
23.06.2015,4:35 AM,1321.1,LHS,Rural,Kavali,Others(p1.Specific), Lorry second driver  fallen down on the,Lorry,Fatal,Druken,Four lanes or more with central divider,Straight road,,Fine,AP07TC   2033,P.V,Animals affected,0
23.06.2015,11:00 AM,1235.3,LHS,Rural,Maddipadu,Rear End Collision, Mini Lorry hit Lorry,Lorry,Non injury,Over speed,Three lanes or more without central divider(median),Straight road,Four arm junction,Fine,KA04C   9563,P.V,Fatal,0
23.06.2015,11:00 AM,1235.3,LHS,Rural,Maddipadu,Rear End Collision, Mini Lorry hit Lorry,Lorry,Non injury,Over speed,Three lanes or more without central divider(median),Straight road,Four arm junction,Fine,KA04C   9563,P.V,Grevious,0
23.06.2015,11:00 AM,1235.3,LHS,Rural,Maddipadu,Rear End Collision, Mini Lorry hit Lorry,Lorry,Non injury,Over speed,Three lanes or more without central divider(median),Straight road,Four arm junction,Fine,KA04C   9563,P.V,Minor,0
23.06.2015,11:00 AM,1235.3,LHS,Rural,Maddipadu,Rear End Collision, Mini Lorry hit Lorry,Lorry,Non injury,Over speed,Three lanes or more without central divider(median),Straight road,Four arm junction,Fine,KA04C   9563,P.V,Non injured ,2
23.06.2015,11:00 AM,1235.3,LHS,Rural,Maddipadu,Rear End Collision, Mini Lorry hit Lorry,Lorry,Non injury,Over speed,Three lanes or more without central divider(median),Straight road,Four arm junction,Fine,KA04C   9563,P.V,Animals affected,0
23.06.2015,6:50 PM,1184.9,RHS,Rural,Martur,Rear End Collision, Lorry hit   Lorry,Lorry,Non injury,Fault of driver of motor vehicle/driver of other vehicle/cyclist/pedestrian/passenger,Four lanes or more with central divider,Straight road,,Fine,TN28AR   9064,P.V,Fatal,0
23.06.2015,6:50 PM,1184.9,RHS,Rural,Martur,Rear End Collision, Lorry hit   Lorry,Lorry,Non injury,Fault of driver of motor vehicle/driver of other vehicle/cyclist/pedestrian/passenger,Four lanes or more with central divider,Straight road,,Fine,TN28AR   9064,P.V,Grevious,0
23.06.2015,6:50 PM,1184.9,RHS,Rural,Martur,Rear End Collision, Lorry hit   Lorry,Lorry,Non injury,Fault of driver of motor vehicle/driver of other vehicle/cyclist/pedestrian/passenger,Four lanes or more with central divider,Straight road,,Fine,TN28AR   9064,P.V,Minor,0
23.06.2015,6:50 PM,1184.9,RHS,Rural,Martur,Rear End Collision, Lorry hit   Lorry,Lorry,Non injury,Fault of driver of motor vehicle/driver of other vehicle/cyclist/pedestrian/passenger,Four lanes or more with central divider,Straight road,,Fine,TN28AR   9064,P.V,Non injured ,4
23.06.2015,6:50 PM,1184.9,RHS,Rural,Martur,Rear End Collision, Lorry hit   Lorry,Lorry,Non injury,Fault of driver of motor vehicle/driver of other vehicle/cyclist/pedestrian/passenger,Four lanes or more with central divider,Straight road,,Fine,TN28AR   9064,P.V,Animals affected,0
24.06.2015,5:52 AM,1225.5,RHS,Rural,Maddipadu,Overturning, Lorry Overturned ,Lorry,Non injury,Fault of driver of motor vehicle/driver of other vehicle/cyclist/pedestrian/passenger,Three lanes or more without central divider(median),Straight road,T-Junction,Fine,AP29TB    3492,P.V,Fatal,0
24.06.2015,5:52 AM,1225.5,RHS,Rural,Maddipadu,Overturning, Lorry Overturned ,Lorry,Non injury,Fault of driver of motor vehicle/driver of other vehicle/cyclist/pedestrian/passenger,Three lanes or more without central divider(median),Straight road,T-Junction,Fine,AP29TB    3492,P.V,Grevious,0
24.06.2015,5:52 AM,1225.5,RHS,Rural,Maddipadu,Overturning, Lorry Overturned ,Lorry,Non injury,Fault of driver of motor vehicle/driver of other vehicle/cyclist/pedestrian/passenger,Three lanes or more without central divider(median),Straight road,T-Junction,Fine,AP29TB    3492,P.V,Minor,0
24.06.2015,5:52 AM,1225.5,RHS,Rural,Maddipadu,Overturning, Lorry Overturned ,Lorry,Non injury,Fault of driver of motor vehicle/driver of other vehicle/cyclist/pedestrian/passenger,Three lanes or more without central divider(median),Straight road,T-Junction,Fine,AP29TB    3492,P.V,Non injured ,1
24.06.2015,5:52 AM,1225.5,RHS,Rural,Maddipadu,Overturning, Lorry Overturned ,Lorry,Non injury,Fault of driver of motor vehicle/driver of other vehicle/cyclist/pedestrian/passenger,Three lanes or more without central divider(median),Straight road,T-Junction,Fine,AP29TB    3492,P.V,Animals affected,0
24.06.2015,7:10 PM,1191,LHS,Rural,Martur,Collision Brush/Side Wipe, Bike hit Pedestrian,Bike,Grievious injury,Over speed,Four lanes or more with central divider,Straight road,,Fine,AP07AS   4550,P.V,Fatal,0
24.06.2015,7:10 PM,1191,LHS,Rural,Martur,Collision Brush/Side Wipe, Bike hit Pedestrian,Bike,Grievious injury,Over speed,Four lanes or more with central divider,Straight road,,Fine,AP07AS   4550,P.V,Grevious,1
24.06.2015,7:10 PM,1191,LHS,Rural,Martur,Collision Brush/Side Wipe, Bike hit Pedestrian,Bike,Grievious injury,Over speed,Four lanes or more with central divider,Straight road,,Fine,AP07AS   4550,P.V,Minor,3
24.06.2015,7:10 PM,1191,LHS,Rural,Martur,Collision Brush/Side Wipe, Bike hit Pedestrian,Bike,Grievious injury,Over speed,Four lanes or more with central divider,Straight road,,Fine,AP07AS   4550,P.V,Non injured ,0
24.06.2015,7:10 PM,1191,LHS,Rural,Martur,Collision Brush/Side Wipe, Bike hit Pedestrian,Bike,Grievious injury,Over speed,Four lanes or more with central divider,Straight road,,Fine,AP07AS   4550,P.V,Animals affected,0
25.06.2015,4:45 AM,1187.1,RHS,Rural,Martur,Skidding, Bike Skidding ,Bike,Grievious injury,Druken,Four lanes or more with central divider,Straight road,,Fine,AP07BX 1585,P.V&A.M.B,Fatal,0
25.06.2015,4:45 AM,1187.1,RHS,Rural,Martur,Skidding, Bike Skidding ,Bike,Grievious injury,Druken,Four lanes or more with central divider,Straight road,,Fine,AP07BX 1585,P.V&A.M.B,Grevious,1
25.06.2015,4:45 AM,1187.1,RHS,Rural,Martur,Skidding, Bike Skidding ,Bike,Grievious injury,Druken,Four lanes or more with central divider,Straight road,,Fine,AP07BX 1585,P.V&A.M.B,Minor,0
25.06.2015,4:45 AM,1187.1,RHS,Rural,Martur,Skidding, Bike Skidding ,Bike,Grievious injury,Druken,Four lanes or more with central divider,Straight road,,Fine,AP07BX 1585,P.V&A.M.B,Non injured ,0
25.06.2015,4:45 AM,1187.1,RHS,Rural,Martur,Skidding, Bike Skidding ,Bike,Grievious injury,Druken,Four lanes or more with central divider,Straight road,,Fine,AP07BX 1585,P.V&A.M.B,Animals affected,0
25.06.2015,6:45 AM,1247.8,LHS,Rural,Ongole,Rear End Collision, Car hit Unknown vehicle,Car,Non injury,Over speed,Three lanes or more without central divider(median),Straight road,Four arm junction,Fine,AP16CH 0322,P.V,Fatal,0
25.06.2015,6:45 AM,1247.8,LHS,Rural,Ongole,Rear End Collision, Car hit Unknown vehicle,Car,Non injury,Over speed,Three lanes or more without central divider(median),Straight road,Four arm junction,Fine,AP16CH 0322,P.V,Grevious,0
25.06.2015,6:45 AM,1247.8,LHS,Rural,Ongole,Rear End Collision, Car hit Unknown vehicle,Car,Non injury,Over speed,Three lanes or more without central divider(median),Straight road,Four arm junction,Fine,AP16CH 0322,P.V,Minor,0
25.06.2015,6:45 AM,1247.8,LHS,Rural,Ongole,Rear End Collision, Car hit Unknown vehicle,Car,Non injury,Over speed,Three lanes or more without central divider(median),Straight road,Four arm junction,Fine,AP16CH 0322,P.V,Non injured ,5
25.06.2015,6:45 AM,1247.8,LHS,Rural,Ongole,Rear End Collision, Car hit Unknown vehicle,Car,Non injury,Over speed,Three lanes or more without central divider(median),Straight road,Four arm junction,Fine,AP16CH 0322,P.V,Animals affected,0
25.06.2015,1:45 PM,1207.9,RHS,Rural,Reningavaram,Overturning, Lorry Overturned ,Lorry,Non injury,Over speed,Four lanes or more with central divider,Straight road,,Fine,AP31TW 3236,P.V,Fatal,0
25.06.2015,1:45 PM,1207.9,RHS,Rural,Reningavaram,Overturning, Lorry Overturned ,Lorry,Non injury,Over speed,Four lanes or more with central divider,Straight road,,Fine,AP31TW 3236,P.V,Grevious,0
25.06.2015,1:45 PM,1207.9,RHS,Rural,Reningavaram,Overturning, Lorry Overturned ,Lorry,Non injury,Over speed,Four lanes or more with central divider,Straight road,,Fine,AP31TW 3236,P.V,Minor,0
25.06.2015,1:45 PM,1207.9,RHS,Rural,Reningavaram,Overturning, Lorry Overturned ,Lorry,Non injury,Over speed,Four lanes or more with central divider,Straight road,,Fine,AP31TW 3236,P.V,Non injured ,1
25.06.2015,1:45 PM,1207.9,RHS,Rural,Reningavaram,Overturning, Lorry Overturned ,Lorry,Non injury,Over speed,Four lanes or more with central divider,Straight road,,Fine,AP31TW 3236,P.V,Animals affected,0
25.06.2015,6:45 PM,1326,LHS,Rural,Kavali,Collision Brush/Side Wipe, Car hit Tipper Vehicle,Car,Non injury,Fault of driver of motor vehicle/driver of other vehicle/cyclist/pedestrian/passenger,Four lanes or more with central divider,Straight road,,Fine,AP26AY 1482,P.V,Fatal,0
25.06.2015,6:45 PM,1326,LHS,Rural,Kavali,Collision Brush/Side Wipe, Car hit Tipper Vehicle,Car,Non injury,Fault of driver of motor vehicle/driver of other vehicle/cyclist/pedestrian/passenger,Four lanes or more with central divider,Straight road,,Fine,AP26AY 1482,P.V,Grevious,0
25.06.2015,6:45 PM,1326,LHS,Rural,Kavali,Collision Brush/Side Wipe, Car hit Tipper Vehicle,Car,Non injury,Fault of driver of motor vehicle/driver of other vehicle/cyclist/pedestrian/passenger,Four lanes or more with central divider,Straight road,,Fine,AP26AY 1482,P.V,Minor,0
25.06.2015,6:45 PM,1326,LHS,Rural,Kavali,Collision Brush/Side Wipe, Car hit Tipper Vehicle,Car,Non injury,Fault of driver of motor vehicle/driver of other vehicle/cyclist/pedestrian/passenger,Four lanes or more with central divider,Straight road,,Fine,AP26AY 1482,P.V,Non injured ,2
25.06.2015,6:45 PM,1326,LHS,Rural,Kavali,Collision Brush/Side Wipe, Car hit Tipper Vehicle,Car,Non injury,Fault of driver of motor vehicle/driver of other vehicle/cyclist/pedestrian/passenger,Four lanes or more with central divider,Straight road,,Fine,AP26AY 1482,P.V,Animals affected,0
26.06.2015,2:45 AM,1230.7,LHS,Rural,Maddipadu,Rear End Collision, Lorry hit unknown vehicle ,Lorry,Non injury,Over speed,Four lanes or more with central divider,Straight road,,Fine,AP28TA  7411,P.V,Fatal,0
26.06.2015,2:45 AM,1230.7,LHS,Rural,Maddipadu,Rear End Collision, Lorry hit unknown vehicle ,Lorry,Non injury,Over speed,Four lanes or more with central divider,Straight road,,Fine,AP28TA  7411,P.V,Grevious,0
26.06.2015,2:45 AM,1230.7,LHS,Rural,Maddipadu,Rear End Collision, Lorry hit unknown vehicle ,Lorry,Non injury,Over speed,Four lanes or more with central divider,Straight road,,Fine,AP28TA  7411,P.V,Minor,0
26.06.2015,2:45 AM,1230.7,LHS,Rural,Maddipadu,Rear End Collision, Lorry hit unknown vehicle ,Lorry,Non injury,Over speed,Four lanes or more with central divider,Straight road,,Fine,AP28TA  7411,P.V,Non injured ,2
26.06.2015,2:45 AM,1230.7,LHS,Rural,Maddipadu,Rear End Collision, Lorry hit unknown vehicle ,Lorry,Non injury,Over speed,Four lanes or more with central divider,Straight road,,Fine,AP28TA  7411,P.V,Animals affected,0
27.06.2015,1:50 AM,1290.1,RHS,Rural,Ulavapadu,Rear End Collision, Tanker hit unknown vehicle,Tanker,Minor injury,Fault of driver of motor vehicle/driver of other vehicle/cyclist/pedestrian/passenger,Four lanes or more with central divider,Straight road,,Fine,KA02AE  5829,P.V,Fatal,0
27.06.2015,1:50 AM,1290.1,RHS,Rural,Ulavapadu,Rear End Collision, Tanker hit unknown vehicle,Tanker,Minor injury,Fault of driver of motor vehicle/driver of other vehicle/cyclist/pedestrian/passenger,Four lanes or more with central divider,Straight road,,Fine,KA02AE  5829,P.V,Grevious,0
27.06.2015,1:50 AM,1290.1,RHS,Rural,Ulavapadu,Rear End Collision, Tanker hit unknown vehicle,Tanker,Minor injury,Fault of driver of motor vehicle/driver of other vehicle/cyclist/pedestrian/passenger,Four lanes or more with central divider,Straight road,,Fine,KA02AE  5829,P.V,Minor,1
27.06.2015,1:50 AM,1290.1,RHS,Rural,Ulavapadu,Rear End Collision, Tanker hit unknown vehicle,Tanker,Minor injury,Fault of driver of motor vehicle/driver of other vehicle/cyclist/pedestrian/passenger,Four lanes or more with central divider,Straight road,,Fine,KA02AE  5829,P.V,Non injured ,1
27.06.2015,1:50 AM,1290.1,RHS,Rural,Ulavapadu,Rear End Collision, Tanker hit unknown vehicle,Tanker,Minor injury,Fault of driver of motor vehicle/driver of other vehicle/cyclist/pedestrian/passenger,Four lanes or more with central divider,Straight road,,Fine,KA02AE  5829,P.V,Animals affected,0
28.06.2015,1:10 AM,1350.4,LHS,Rural,Kodavaluru,Collision Brush/Side Wipe, Lorry hit  Median,Lorry,Non injury,Fault of driver of motor vehicle/driver of other vehicle/cyclist/pedestrian/passenger,Four lanes or more with central divider,Straight road,,Fine,AP16TC  9828,P.V,Fatal,0
28.06.2015,1:10 AM,1350.4,LHS,Rural,Kodavaluru,Collision Brush/Side Wipe, Lorry hit  Median,Lorry,Non injury,Fault of driver of motor vehicle/driver of other vehicle/cyclist/pedestrian/passenger,Four lanes or more with central divider,Straight road,,Fine,AP16TC  9828,P.V,Grevious,0
28.06.2015,1:10 AM,1350.4,LHS,Rural,Kodavaluru,Collision Brush/Side Wipe, Lorry hit  Median,Lorry,Non injury,Fault of driver of motor vehicle/driver of other vehicle/cyclist/pedestrian/passenger,Four lanes or more with central divider,Straight road,,Fine,AP16TC  9828,P.V,Minor,0
28.06.2015,1:10 AM,1350.4,LHS,Rural,Kodavaluru,Collision Brush/Side Wipe, Lorry hit  Median,Lorry,Non injury,Fault of driver of motor vehicle/driver of other vehicle/cyclist/pedestrian/passenger,Four lanes or more with central divider,Straight road,,Fine,AP16TC  9828,P.V,Non injured ,2
28.06.2015,1:10 AM,1350.4,LHS,Rural,Kodavaluru,Collision Brush/Side Wipe, Lorry hit  Median,Lorry,Non injury,Fault of driver of motor vehicle/driver of other vehicle/cyclist/pedestrian/passenger,Four lanes or more with central divider,Straight road,,Fine,AP16TC  9828,P.V,Animals affected,0
28.06.2015,5:40 AM,1275.7,RHS,Rural,Singarayakonda,Overturning, Container Vehicle               Over Tu,Container,Non injury,Fault of driver of motor vehicle/driver of other vehicle/cyclist/pedestrian/passenger,Four lanes or more with central divider,Straight road,,Cloudy,AP27X   1923,P.V,Fatal,0
28.06.2015,5:40 AM,1275.7,RHS,Rural,Singarayakonda,Overturning, Container Vehicle               Over Tu,Container,Non injury,Fault of driver of motor vehicle/driver of other vehicle/cyclist/pedestrian/passenger,Four lanes or more with central divider,Straight road,,Cloudy,AP27X   1923,P.V,Grevious,0
28.06.2015,5:40 AM,1275.7,RHS,Rural,Singarayakonda,Overturning, Container Vehicle               Over Tu,Container,Non injury,Fault of driver of motor vehicle/driver of other vehicle/cyclist/pedestrian/passenger,Four lanes or more with central divider,Straight road,,Cloudy,AP27X   1923,P.V,Minor,0
28.06.2015,5:40 AM,1275.7,RHS,Rural,Singarayakonda,Overturning, Container Vehicle               Over Tu,Container,Non injury,Fault of driver of motor vehicle/driver of other vehicle/cyclist/pedestrian/passenger,Four lanes or more with central divider,Straight road,,Cloudy,AP27X   1923,P.V,Non injured ,2
28.06.2015,5:40 AM,1275.7,RHS,Rural,Singarayakonda,Overturning, Container Vehicle               Over Tu,Container,Non injury,Fault of driver of motor vehicle/driver of other vehicle/cyclist/pedestrian/passenger,Four lanes or more with central divider,Straight road,,Cloudy,AP27X   1923,P.V,Animals affected,0
28.06.2015,12:16 PM,1201.3,LHS,Rural,Reningavaram,Collision Brush/Side Wipe, Bike hit         Dog,Bike,Grievious injury,Over speed,Four lanes or more with central divider,Straight road,,Fine,AP07CA    4794,AMB,Fatal,0
28.06.2015,12:16 PM,1201.3,LHS,Rural,Reningavaram,Collision Brush/Side Wipe, Bike hit         Dog,Bike,Grievious injury,Over speed,Four lanes or more with central divider,Straight road,,Fine,AP07CA    4794,AMB,Grevious,1
28.06.2015,12:16 PM,1201.3,LHS,Rural,Reningavaram,Collision Brush/Side Wipe, Bike hit         Dog,Bike,Grievious injury,Over speed,Four lanes or more with central divider,Straight road,,Fine,AP07CA    4794,AMB,Minor,1
28.06.2015,12:16 PM,1201.3,LHS,Rural,Reningavaram,Collision Brush/Side Wipe, Bike hit         Dog,Bike,Grievious injury,Over speed,Four lanes or more with central divider,Straight road,,Fine,AP07CA    4794,AMB,Non injured ,0
28.06.2015,12:16 PM,1201.3,LHS,Rural,Reningavaram,Collision Brush/Side Wipe, Bike hit         Dog,Bike,Grievious injury,Over speed,Four lanes or more with central divider,Straight road,,Fine,AP07CA    4794,AMB,Animals affected,0
28.06.2015,4:52 PM,1272.2,RHS,Rural,Jarugumalli,Collision Brush/Side Wipe, Car hit Lorry,Car,Non injury,Over speed,Four lanes or more with central divider,Straight road,,Fine,AP27AX    8634,P.V,Fatal,0
28.06.2015,4:52 PM,1272.2,RHS,Rural,Jarugumalli,Collision Brush/Side Wipe, Car hit Lorry,Car,Non injury,Over speed,Four lanes or more with central divider,Straight road,,Fine,AP27AX    8634,P.V,Grevious,0
28.06.2015,4:52 PM,1272.2,RHS,Rural,Jarugumalli,Collision Brush/Side Wipe, Car hit Lorry,Car,Non injury,Over speed,Four lanes or more with central divider,Straight road,,Fine,AP27AX    8634,P.V,Minor,0
28.06.2015,4:52 PM,1272.2,RHS,Rural,Jarugumalli,Collision Brush/Side Wipe, Car hit Lorry,Car,Non injury,Over speed,Four lanes or more with central divider,Straight road,,Fine,AP27AX    8634,P.V,Non injured ,2
28.06.2015,4:52 PM,1272.2,RHS,Rural,Jarugumalli,Collision Brush/Side Wipe, Car hit Lorry,Car,Non injury,Over speed,Four lanes or more with central divider,Straight road,,Fine,AP27AX    8634,P.V,Animals affected,0
29.06.2015,2:15 AM,1362.6,RHS,Rural,Kovuru,Rear End Collision, Lorry hit Lorry,Lorry,Non injury,Fault of driver of motor vehicle/driver of other vehicle/cyclist/pedestrian/passenger,Four lanes or more with central divider,Straight road,,Fine,AP07TU 0013,P.V,Fatal,0
29.06.2015,2:15 AM,1362.6,RHS,Rural,Kovuru,Rear End Collision, Lorry hit Lorry,Lorry,Non injury,Fault of driver of motor vehicle/driver of other vehicle/cyclist/pedestrian/passenger,Four lanes or more with central divider,Straight road,,Fine,AP07TU 0013,P.V,Grevious,0
29.06.2015,2:15 AM,1362.6,RHS,Rural,Kovuru,Rear End Collision, Lorry hit Lorry,Lorry,Non injury,Fault of driver of motor vehicle/driver of other vehicle/cyclist/pedestrian/passenger,Four lanes or more with central divider,Straight road,,Fine,AP07TU 0013,P.V,Minor,0
29.06.2015,2:15 AM,1362.6,RHS,Rural,Kovuru,Rear End Collision, Lorry hit Lorry,Lorry,Non injury,Fault of driver of motor vehicle/driver of other vehicle/cyclist/pedestrian/passenger,Four lanes or more with central divider,Straight road,,Fine,AP07TU 0013,P.V,Non injured ,4
29.06.2015,2:15 AM,1362.6,RHS,Rural,Kovuru,Rear End Collision, Lorry hit Lorry,Lorry,Non injury,Fault of driver of motor vehicle/driver of other vehicle/cyclist/pedestrian/passenger,Four lanes or more with central divider,Straight road,,Fine,AP07TU 0013,P.V,Animals affected,0
29.06.2015,6:00 PM,1326,RHS,Rural,Kavali,Skidding, Bike Skidding,Bike,Minor injury,Over speed,Four lanes or more with central divider,Straight road,,Fine,AP27Q    7705,A.M.B,Fatal,0
29.06.2015,6:00 PM,1326,RHS,Rural,Kavali,Skidding, Bike Skidding,Bike,Minor injury,Over speed,Four lanes or more with central divider,Straight road,,Fine,AP27Q    7705,A.M.B,Grevious,0
29.06.2015,6:00 PM,1326,RHS,Rural,Kavali,Skidding, Bike Skidding,Bike,Minor injury,Over speed,Four lanes or more with central divider,Straight road,,Fine,AP27Q    7705,A.M.B,Minor,1
29.06.2015,6:00 PM,1326,RHS,Rural,Kavali,Skidding, Bike Skidding,Bike,Minor injury,Over speed,Four lanes or more with central divider,Straight road,,Fine,AP27Q    7705,A.M.B,Non injured ,0
29.06.2015,6:00 PM,1326,RHS,Rural,Kavali,Skidding, Bike Skidding,Bike,Minor injury,Over speed,Four lanes or more with central divider,Straight road,,Fine,AP27Q    7705,A.M.B,Animals affected,0
30.06.2015,5:05 AM,1300.5,LHS,Rural,Gudluru,Rear End Collision, Container Vehicle hit Unknown vehicle,Container,Minor injury,Fault of driver of motor vehicle/driver of other vehicle/cyclist/pedestrian/passenger,Four lanes or more with central divider,Straight road,,Fine,RJ11GA  2066,P.V&A.M.B,Fatal,0
30.06.2015,5:05 AM,1300.5,LHS,Rural,Gudluru,Rear End Collision, Container Vehicle hit Unknown vehicle,Container,Minor injury,Fault of driver of motor vehicle/driver of other vehicle/cyclist/pedestrian/passenger,Four lanes or more with central divider,Straight road,,Fine,RJ11GA  2066,P.V&A.M.B,Grevious,0
30.06.2015,5:05 AM,1300.5,LHS,Rural,Gudluru,Rear End Collision, Container Vehicle hit Unknown vehicle,Container,Minor injury,Fault of driver of motor vehicle/driver of other vehicle/cyclist/pedestrian/passenger,Four lanes or more with central divider,Straight road,,Fine,RJ11GA  2066,P.V&A.M.B,Minor,2
30.06.2015,5:05 AM,1300.5,LHS,Rural,Gudluru,Rear End Collision, Container Vehicle hit Unknown vehicle,Container,Minor injury,Fault of driver of motor vehicle/driver of other vehicle/cyclist/pedestrian/passenger,Four lanes or more with central divider,Straight road,,Fine,RJ11GA  2066,P.V&A.M.B,Non injured ,0
30.06.2015,5:05 AM,1300.5,LHS,Rural,Gudluru,Rear End Collision, Container Vehicle hit Unknown vehicle,Container,Minor injury,Fault of driver of motor vehicle/driver of other vehicle/cyclist/pedestrian/passenger,Four lanes or more with central divider,Straight road,,Fine,RJ11GA  2066,P.V&A.M.B,Animals affected,0