Operational date,Time of Accident,KM && M,Position,Rural/Urban,Location,Nature of Accident Position,Nature of Accident,Vehicle Involved,Type of Accident,Causes,Road Feature,Road condition,Intersection Type And Control,Weather Condition,Vehicle Responsible,Help Provided by Ambulance/Patroling Vehicle,Classification of Accident,No of Affected Persons
30.06.2015,5:20 AM,1204.9,RHS,Rural,Reningavaram,Collision Brush/Side Wipe, Oil Tanker hit Median,Tanker,Non injury,Fault of driver of motor vehicle/driver of other vehicle/cyclist/pedestrian/passenger,Three lanes or more without central divider(median),Straight road,Four arm junction,Fine,TN04AL    2233,P.V,Fatal,0
30.06.2015,5:20 AM,1204.9,RHS,Rural,Reningavaram,Collision Brush/Side Wipe, Oil Tanker hit Median,Tanker,Non injury,Fault of driver of motor vehicle/driver of other vehicle/cyclist/pedestrian/passenger,Three lanes or more without central divider(median),Straight road,Four arm junction,Fine,TN04AL    2233,P.V,Grevious,0
30.06.2015,5:20 AM,1204.9,RHS,Rural,Reningavaram,Collision Brush/Side Wipe, Oil Tanker hit Median,Tanker,Non injury,Fault of driver of motor vehicle/driver of other vehicle/cyclist/pedestrian/passenger,Three lanes or more without central divider(median),Straight road,Four arm junction,Fine,TN04AL    2233,P.V,Minor,0
30.06.2015,5:20 AM,1204.9,RHS,Rural,Reningavaram,Collision Brush/Side Wipe, Oil Tanker hit Median,Tanker,Non injury,Fault of driver of motor vehicle/driver of other vehicle/cyclist/pedestrian/passenger,Three lanes or more without central divider(median),Straight road,Four arm junction,Fine,TN04AL    2233,P.V,Non injured ,1
30.06.2015,5:20 AM,1204.9,RHS,Rural,Reningavaram,Collision Brush/Side Wipe, Oil Tanker hit Median,Tanker,Non injury,Fault of driver of motor vehicle/driver of other vehicle/cyclist/pedestrian/passenger,Three lanes or more without central divider(median),Straight road,Four arm junction,Fine,TN04AL    2233,P.V,Animals affected,0
30.06.2015,11:28 AM,1194.6,RHS,Rural,Martur,Rear End Collision, Ape Goods Auto hit Lorry,Auto,Minor injury,Vehicle out of control,Four lanes or more with central divider,Straight road,,Fine,AP26TB  6175,P.V&A.M.B,Fatal,0
30.06.2015,11:28 AM,1194.6,RHS,Rural,Martur,Rear End Collision, Ape Goods Auto hit Lorry,Auto,Minor injury,Vehicle out of control,Four lanes or more with central divider,Straight road,,Fine,AP26TB  6175,P.V&A.M.B,Grevious,0
30.06.2015,11:28 AM,1194.6,RHS,Rural,Martur,Rear End Collision, Ape Goods Auto hit Lorry,Auto,Minor injury,Vehicle out of control,Four lanes or more with central divider,Straight road,,Fine,AP26TB  6175,P.V&A.M.B,Minor,1
30.06.2015,11:28 AM,1194.6,RHS,Rural,Martur,Rear End Collision, Ape Goods Auto hit Lorry,Auto,Minor injury,Vehicle out of control,Four lanes or more with central divider,Straight road,,Fine,AP26TB  6175,P.V&A.M.B,Non injured ,2
30.06.2015,11:28 AM,1194.6,RHS,Rural,Martur,Rear End Collision, Ape Goods Auto hit Lorry,Auto,Minor injury,Vehicle out of control,Four lanes or more with central divider,Straight road,,Fine,AP26TB  6175,P.V&A.M.B,Animals affected,0
30.06.2015,12:12 PM,1317.7,LHS,Rural,Kavali,Collision Brush/Side Wipe, Bike hit Tipper,Bike,Minor injury,Over speed,Three lanes or more without central divider(median),Straight road,Four arm junction,Fine,AP26AC    9433,A.M.B,Fatal,0
30.06.2015,12:12 PM,1317.7,LHS,Rural,Kavali,Collision Brush/Side Wipe, Bike hit Tipper,Bike,Minor injury,Over speed,Three lanes or more without central divider(median),Straight road,Four arm junction,Fine,AP26AC    9433,A.M.B,Grevious,0
30.06.2015,12:12 PM,1317.7,LHS,Rural,Kavali,Collision Brush/Side Wipe, Bike hit Tipper,Bike,Minor injury,Over speed,Three lanes or more without central divider(median),Straight road,Four arm junction,Fine,AP26AC    9433,A.M.B,Minor,3
30.06.2015,12:12 PM,1317.7,LHS,Rural,Kavali,Collision Brush/Side Wipe, Bike hit Tipper,Bike,Minor injury,Over speed,Three lanes or more without central divider(median),Straight road,Four arm junction,Fine,AP26AC    9433,A.M.B,Non injured ,0
30.06.2015,12:12 PM,1317.7,LHS,Rural,Kavali,Collision Brush/Side Wipe, Bike hit Tipper,Bike,Minor injury,Over speed,Three lanes or more without central divider(median),Straight road,Four arm junction,Fine,AP26AC    9433,A.M.B,Animals affected,0
01.07.2015,4:10 AM,1274.1,RHS,Rural,Singarayakonda,Rear End Collision, Auto hit mini lorry,Auto,Fatal,Over speed,Four lanes or more with central divider,Straight road,,Fine,AP27TX  4365,P.V&A.M.B,Fatal,2
01.07.2015,4:10 AM,1274.1,RHS,Rural,Singarayakonda,Rear End Collision, Auto hit mini lorry,Auto,Fatal,Over speed,Four lanes or more with central divider,Straight road,,Fine,AP27TX  4365,P.V&A.M.B,Grevious,7
01.07.2015,4:10 AM,1274.1,RHS,Rural,Singarayakonda,Rear End Collision, Auto hit mini lorry,Auto,Fatal,Over speed,Four lanes or more with central divider,Straight road,,Fine,AP27TX  4365,P.V&A.M.B,Minor,4
01.07.2015,4:10 AM,1274.1,RHS,Rural,Singarayakonda,Rear End Collision, Auto hit mini lorry,Auto,Fatal,Over speed,Four lanes or more with central divider,Straight road,,Fine,AP27TX  4365,P.V&A.M.B,Non injured ,0
01.07.2015,4:10 AM,1274.1,RHS,Rural,Singarayakonda,Rear End Collision, Auto hit mini lorry,Auto,Fatal,Over speed,Four lanes or more with central divider,Straight road,,Fine,AP27TX  4365,P.V&A.M.B,Animals affected,0
01.07.2015,4:50 AM,1275.4,RHS,Rural,Singarayakonda,Collision Brush/Side Wipe, Unknown vehicle hit pedestrian,Unknown,Fatal,Over speed,Four lanes or more with central divider,Straight road,,Fine,Unknown vehicle,P.V,Fatal,1
01.07.2015,4:50 AM,1275.4,RHS,Rural,Singarayakonda,Collision Brush/Side Wipe, Unknown vehicle hit pedestrian,Unknown,Fatal,Over speed,Four lanes or more with central divider,Straight road,,Fine,Unknown vehicle,P.V,Grevious,0
01.07.2015,4:50 AM,1275.4,RHS,Rural,Singarayakonda,Collision Brush/Side Wipe, Unknown vehicle hit pedestrian,Unknown,Fatal,Over speed,Four lanes or more with central divider,Straight road,,Fine,Unknown vehicle,P.V,Minor,0
01.07.2015,4:50 AM,1275.4,RHS,Rural,Singarayakonda,Collision Brush/Side Wipe, Unknown vehicle hit pedestrian,Unknown,Fatal,Over speed,Four lanes or more with central divider,Straight road,,Fine,Unknown vehicle,P.V,Non injured ,0
01.07.2015,4:50 AM,1275.4,RHS,Rural,Singarayakonda,Collision Brush/Side Wipe, Unknown vehicle hit pedestrian,Unknown,Fatal,Over speed,Four lanes or more with central divider,Straight road,,Fine,Unknown vehicle,P.V,Animals affected,0
01.07.2015,8:27 AM,1243.2,LHS,Rural,Ongole,Collision Brush/Side Wipe, Container vehicle hit bike,Container,Grievious injury,Fault of driver of motor vehicle/driver of other vehicle/cyclist/pedestrian/passenger,Three lanes or more without central divider(median),Straight road,Four arm junction,Fine,NL01K  1392,P.V,Fatal,0
01.07.2015,8:27 AM,1243.2,LHS,Rural,Ongole,Collision Brush/Side Wipe, Container vehicle hit bike,Container,Grievious injury,Fault of driver of motor vehicle/driver of other vehicle/cyclist/pedestrian/passenger,Three lanes or more without central divider(median),Straight road,Four arm junction,Fine,NL01K  1392,P.V,Grevious,1
01.07.2015,8:27 AM,1243.2,LHS,Rural,Ongole,Collision Brush/Side Wipe, Container vehicle hit bike,Container,Grievious injury,Fault of driver of motor vehicle/driver of other vehicle/cyclist/pedestrian/passenger,Three lanes or more without central divider(median),Straight road,Four arm junction,Fine,NL01K  1392,P.V,Minor,0
01.07.2015,8:27 AM,1243.2,LHS,Rural,Ongole,Collision Brush/Side Wipe, Container vehicle hit bike,Container,Grievious injury,Fault of driver of motor vehicle/driver of other vehicle/cyclist/pedestrian/passenger,Three lanes or more without central divider(median),Straight road,Four arm junction,Fine,NL01K  1392,P.V,Non injured ,0
01.07.2015,8:27 AM,1243.2,LHS,Rural,Ongole,Collision Brush/Side Wipe, Container vehicle hit bike,Container,Grievious injury,Fault of driver of motor vehicle/driver of other vehicle/cyclist/pedestrian/passenger,Three lanes or more without central divider(median),Straight road,Four arm junction,Fine,NL01K  1392,P.V,Animals affected,0
03.07.2015,3:05 AM,1358.1,LHS,Rural,Kodavaluru,Rear End Collision, Mini Lorry hit Unknown vehicle,Lorry,Fatal,Over speed,Four lanes or more with central divider,Straight road,,Fine,AP03TA 3999,P.V,Fatal,1
03.07.2015,3:05 AM,1358.1,LHS,Rural,Kodavaluru,Rear End Collision, Mini Lorry hit Unknown vehicle,Lorry,Fatal,Over speed,Four lanes or more with central divider,Straight road,,Fine,AP03TA 3999,P.V,Grevious,0
03.07.2015,3:05 AM,1358.1,LHS,Rural,Kodavaluru,Rear End Collision, Mini Lorry hit Unknown vehicle,Lorry,Fatal,Over speed,Four lanes or more with central divider,Straight road,,Fine,AP03TA 3999,P.V,Minor,0
03.07.2015,3:05 AM,1358.1,LHS,Rural,Kodavaluru,Rear End Collision, Mini Lorry hit Unknown vehicle,Lorry,Fatal,Over speed,Four lanes or more with central divider,Straight road,,Fine,AP03TA 3999,P.V,Non injured ,1
03.07.2015,3:05 AM,1358.1,LHS,Rural,Kodavaluru,Rear End Collision, Mini Lorry hit Unknown vehicle,Lorry,Fatal,Over speed,Four lanes or more with central divider,Straight road,,Fine,AP03TA 3999,P.V,Animals affected,0
03.07.2015,5:40 AM,1312.7,RHS,Rural,Kavali,Collision Brush/Side Wipe, Unknown vehicle hit Pedestrian,Unknown,Fatal,Over speed,Four lanes or more with central divider,Straight road,,Fine,Unknown vehicle,P.V,Fatal,1
03.07.2015,5:40 AM,1312.7,RHS,Rural,Kavali,Collision Brush/Side Wipe, Unknown vehicle hit Pedestrian,Unknown,Fatal,Over speed,Four lanes or more with central divider,Straight road,,Fine,Unknown vehicle,P.V,Grevious,0
03.07.2015,5:40 AM,1312.7,RHS,Rural,Kavali,Collision Brush/Side Wipe, Unknown vehicle hit Pedestrian,Unknown,Fatal,Over speed,Four lanes or more with central divider,Straight road,,Fine,Unknown vehicle,P.V,Minor,0
03.07.2015,5:40 AM,1312.7,RHS,Rural,Kavali,Collision Brush/Side Wipe, Unknown vehicle hit Pedestrian,Unknown,Fatal,Over speed,Four lanes or more with central divider,Straight road,,Fine,Unknown vehicle,P.V,Non injured ,0
03.07.2015,5:40 AM,1312.7,RHS,Rural,Kavali,Collision Brush/Side Wipe, Unknown vehicle hit Pedestrian,Unknown,Fatal,Over speed,Four lanes or more with central divider,Straight road,,Fine,Unknown vehicle,P.V,Animals affected,0
03.07.2015,6:00 AM,1207,LHS,Rural,Reningavaram,Collision Brush/Side Wipe, Unknown vehicle hit Bike,Unknown,Grievious injury,Over speed,Four lanes or more with central divider,Straight road,,Fine,Unknown vehicle,P.V&A.M.B,Fatal,0
03.07.2015,6:00 AM,1207,LHS,Rural,Reningavaram,Collision Brush/Side Wipe, Unknown vehicle hit Bike,Unknown,Grievious injury,Over speed,Four lanes or more with central divider,Straight road,,Fine,Unknown vehicle,P.V&A.M.B,Grevious,1
03.07.2015,6:00 AM,1207,LHS,Rural,Reningavaram,Collision Brush/Side Wipe, Unknown vehicle hit Bike,Unknown,Grievious injury,Over speed,Four lanes or more with central divider,Straight road,,Fine,Unknown vehicle,P.V&A.M.B,Minor,0
03.07.2015,6:00 AM,1207,LHS,Rural,Reningavaram,Collision Brush/Side Wipe, Unknown vehicle hit Bike,Unknown,Grievious injury,Over speed,Four lanes or more with central divider,Straight road,,Fine,Unknown vehicle,P.V&A.M.B,Non injured ,0
03.07.2015,6:00 AM,1207,LHS,Rural,Reningavaram,Collision Brush/Side Wipe, Unknown vehicle hit Bike,Unknown,Grievious injury,Over speed,Four lanes or more with central divider,Straight road,,Fine,Unknown vehicle,P.V&A.M.B,Animals affected,0
04.07.2015,1:45 AM,1268.8,LHS,Rural,Jarugumalli,Overturning,  Lorry  Overturned to wards ROW,Lorry,Minor injury,Fault of driver of motor vehicle/driver of other vehicle/cyclist/pedestrian/passenger,Four lanes or more with central divider,Straight road,,Fine,AP16TU 3459,P.V&A.M.B,Fatal,0
04.07.2015,1:45 AM,1268.8,LHS,Rural,Jarugumalli,Overturning,  Lorry  Overturned to wards ROW,Lorry,Minor injury,Fault of driver of motor vehicle/driver of other vehicle/cyclist/pedestrian/passenger,Four lanes or more with central divider,Straight road,,Fine,AP16TU 3459,P.V&A.M.B,Grevious,0
04.07.2015,1:45 AM,1268.8,LHS,Rural,Jarugumalli,Overturning,  Lorry  Overturned to wards ROW,Lorry,Minor injury,Fault of driver of motor vehicle/driver of other vehicle/cyclist/pedestrian/passenger,Four lanes or more with central divider,Straight road,,Fine,AP16TU 3459,P.V&A.M.B,Minor,2
04.07.2015,1:45 AM,1268.8,LHS,Rural,Jarugumalli,Overturning,  Lorry  Overturned to wards ROW,Lorry,Minor injury,Fault of driver of motor vehicle/driver of other vehicle/cyclist/pedestrian/passenger,Four lanes or more with central divider,Straight road,,Fine,AP16TU 3459,P.V&A.M.B,Non injured ,0
04.07.2015,1:45 AM,1268.8,LHS,Rural,Jarugumalli,Overturning,  Lorry  Overturned to wards ROW,Lorry,Minor injury,Fault of driver of motor vehicle/driver of other vehicle/cyclist/pedestrian/passenger,Four lanes or more with central divider,Straight road,,Fine,AP16TU 3459,P.V&A.M.B,Animals affected,0
04.07.2015,11:20 AM,1226.9,RHS,Rural,Maddipadu,Rear End Collision, Bike hit APSRTC Bus,Bike,Minor injury,Over speed,Four lanes or more with central divider,Straight road,,Fine,AP27L 5721,P.V,Fatal,0
04.07.2015,11:20 AM,1226.9,RHS,Rural,Maddipadu,Rear End Collision, Bike hit APSRTC Bus,Bike,Minor injury,Over speed,Four lanes or more with central divider,Straight road,,Fine,AP27L 5721,P.V,Grevious,0
04.07.2015,11:20 AM,1226.9,RHS,Rural,Maddipadu,Rear End Collision, Bike hit APSRTC Bus,Bike,Minor injury,Over speed,Four lanes or more with central divider,Straight road,,Fine,AP27L 5721,P.V,Minor,1
04.07.2015,11:20 AM,1226.9,RHS,Rural,Maddipadu,Rear End Collision, Bike hit APSRTC Bus,Bike,Minor injury,Over speed,Four lanes or more with central divider,Straight road,,Fine,AP27L 5721,P.V,Non injured ,0
04.07.2015,11:20 AM,1226.9,RHS,Rural,Maddipadu,Rear End Collision, Bike hit APSRTC Bus,Bike,Minor injury,Over speed,Four lanes or more with central divider,Straight road,,Fine,AP27L 5721,P.V,Animals affected,0
06.07.2015,5:50 AM,1325.3,LHS,Rural,Kavali,Overturning,  Lorry  Overturned to wards ROW,Lorry,Minor injury,Fault of driver of motor vehicle/driver of other vehicle/cyclist/pedestrian/passenger,Four lanes or more with central divider,Straight road,,Fine,AP26TA 9669,P.V&A.M.B,Fatal,0
06.07.2015,5:50 AM,1325.3,LHS,Rural,Kavali,Overturning,  Lorry  Overturned to wards ROW,Lorry,Minor injury,Fault of driver of motor vehicle/driver of other vehicle/cyclist/pedestrian/passenger,Four lanes or more with central divider,Straight road,,Fine,AP26TA 9669,P.V&A.M.B,Grevious,0
06.07.2015,5:50 AM,1325.3,LHS,Rural,Kavali,Overturning,  Lorry  Overturned to wards ROW,Lorry,Minor injury,Fault of driver of motor vehicle/driver of other vehicle/cyclist/pedestrian/passenger,Four lanes or more with central divider,Straight road,,Fine,AP26TA 9669,P.V&A.M.B,Minor,1
06.07.2015,5:50 AM,1325.3,LHS,Rural,Kavali,Overturning,  Lorry  Overturned to wards ROW,Lorry,Minor injury,Fault of driver of motor vehicle/driver of other vehicle/cyclist/pedestrian/passenger,Four lanes or more with central divider,Straight road,,Fine,AP26TA 9669,P.V&A.M.B,Non injured ,1
06.07.2015,5:50 AM,1325.3,LHS,Rural,Kavali,Overturning,  Lorry  Overturned to wards ROW,Lorry,Minor injury,Fault of driver of motor vehicle/driver of other vehicle/cyclist/pedestrian/passenger,Four lanes or more with central divider,Straight road,,Fine,AP26TA 9669,P.V&A.M.B,Animals affected,0
07.07.2015,6:30 AM,1329.1,RHS,Rural,Kavali,Rear End Collision, Mini Lorry  hit Container Vehicle,Lorry,Grievious injury,Over speed,Four lanes or more with central divider,Straight road,,Fine,AP29TB 4953,P.V&A.M.B,Fatal,0
07.07.2015,6:30 AM,1329.1,RHS,Rural,Kavali,Rear End Collision, Mini Lorry  hit Container Vehicle,Lorry,Grievious injury,Over speed,Four lanes or more with central divider,Straight road,,Fine,AP29TB 4953,P.V&A.M.B,Grevious,1
07.07.2015,6:30 AM,1329.1,RHS,Rural,Kavali,Rear End Collision, Mini Lorry  hit Container Vehicle,Lorry,Grievious injury,Over speed,Four lanes or more with central divider,Straight road,,Fine,AP29TB 4953,P.V&A.M.B,Minor,0
07.07.2015,6:30 AM,1329.1,RHS,Rural,Kavali,Rear End Collision, Mini Lorry  hit Container Vehicle,Lorry,Grievious injury,Over speed,Four lanes or more with central divider,Straight road,,Fine,AP29TB 4953,P.V&A.M.B,Non injured ,2
07.07.2015,6:30 AM,1329.1,RHS,Rural,Kavali,Rear End Collision, Mini Lorry  hit Container Vehicle,Lorry,Grievious injury,Over speed,Four lanes or more with central divider,Straight road,,Fine,AP29TB 4953,P.V&A.M.B,Animals affected,0
07.07.2015,9:00 AM,1185.5,RHS,Rural,Martur,Right Turn Collision, Lorry hit Lorry,Lorry,Minor injury,Fault of driver of motor vehicle/driver of other vehicle/cyclist/pedestrian/passenger,Three lanes or more without central divider(median),Straight road,Four arm junction,Fine,WB41G 9050,P.V,Fatal,0
07.07.2015,9:00 AM,1185.5,RHS,Rural,Martur,Right Turn Collision, Lorry hit Lorry,Lorry,Minor injury,Fault of driver of motor vehicle/driver of other vehicle/cyclist/pedestrian/passenger,Three lanes or more without central divider(median),Straight road,Four arm junction,Fine,WB41G 9050,P.V,Grevious,0
07.07.2015,9:00 AM,1185.5,RHS,Rural,Martur,Right Turn Collision, Lorry hit Lorry,Lorry,Minor injury,Fault of driver of motor vehicle/driver of other vehicle/cyclist/pedestrian/passenger,Three lanes or more without central divider(median),Straight road,Four arm junction,Fine,WB41G 9050,P.V,Minor,1
07.07.2015,9:00 AM,1185.5,RHS,Rural,Martur,Right Turn Collision, Lorry hit Lorry,Lorry,Minor injury,Fault of driver of motor vehicle/driver of other vehicle/cyclist/pedestrian/passenger,Three lanes or more without central divider(median),Straight road,Four arm junction,Fine,WB41G 9050,P.V,Non injured ,3
07.07.2015,9:00 AM,1185.5,RHS,Rural,Martur,Right Turn Collision, Lorry hit Lorry,Lorry,Minor injury,Fault of driver of motor vehicle/driver of other vehicle/cyclist/pedestrian/passenger,Three lanes or more without central divider(median),Straight road,Four arm junction,Fine,WB41G 9050,P.V,Animals affected,0
07.07.2015,11:30 PM,1271.2,RHS,Rural,Jarugumalli,Overturning, Lorry  Overturned,Lorry,Non injury,Over speed,Four lanes or more with central divider,Straight road,,Fine,KA01C   2550,P.V,Fatal,0
07.07.2015,11:30 PM,1271.2,RHS,Rural,Jarugumalli,Overturning, Lorry  Overturned,Lorry,Non injury,Over speed,Four lanes or more with central divider,Straight road,,Fine,KA01C   2550,P.V,Grevious,0
07.07.2015,11:30 PM,1271.2,RHS,Rural,Jarugumalli,Overturning, Lorry  Overturned,Lorry,Non injury,Over speed,Four lanes or more with central divider,Straight road,,Fine,KA01C   2550,P.V,Minor,0
07.07.2015,11:30 PM,1271.2,RHS,Rural,Jarugumalli,Overturning, Lorry  Overturned,Lorry,Non injury,Over speed,Four lanes or more with central divider,Straight road,,Fine,KA01C   2550,P.V,Non injured ,2
07.07.2015,11:30 PM,1271.2,RHS,Rural,Jarugumalli,Overturning, Lorry  Overturned,Lorry,Non injury,Over speed,Four lanes or more with central divider,Straight road,,Fine,KA01C   2550,P.V,Animals affected,0
08.07.2015,3:50 AM,1320,LHS,Rural,Kavali,Skidding, Bike      Skidding,Bike,Grievious injury,Over speed,Four lanes or more with central divider,Straight road,,Fine,AP26Q   2424,P.V&A.M.B,Fatal,0
08.07.2015,3:50 AM,1320,LHS,Rural,Kavali,Skidding, Bike      Skidding,Bike,Grievious injury,Over speed,Four lanes or more with central divider,Straight road,,Fine,AP26Q   2424,P.V&A.M.B,Grevious,2
08.07.2015,3:50 AM,1320,LHS,Rural,Kavali,Skidding, Bike      Skidding,Bike,Grievious injury,Over speed,Four lanes or more with central divider,Straight road,,Fine,AP26Q   2424,P.V&A.M.B,Minor,0
08.07.2015,3:50 AM,1320,LHS,Rural,Kavali,Skidding, Bike      Skidding,Bike,Grievious injury,Over speed,Four lanes or more with central divider,Straight road,,Fine,AP26Q   2424,P.V&A.M.B,Non injured ,0
08.07.2015,3:50 AM,1320,LHS,Rural,Kavali,Skidding, Bike      Skidding,Bike,Grievious injury,Over speed,Four lanes or more with central divider,Straight road,,Fine,AP26Q   2424,P.V&A.M.B,Animals affected,0
08.07.2015,4:30 AM,1265.7,LHS,Rural,Tangutur,Collision Brush/Side Wipe, Trailler Vehicle hit Vup Bridge wall,Trailler,Minor injury,Fault of driver of motor vehicle/driver of other vehicle/cyclist/pedestrian/passenger,Four lanes or more with central divider,Slight curve,,Fine,AP37TA  4444,P.V,Fatal,0
08.07.2015,4:30 AM,1265.7,LHS,Rural,Tangutur,Collision Brush/Side Wipe, Trailler Vehicle hit Vup Bridge wall,Trailler,Minor injury,Fault of driver of motor vehicle/driver of other vehicle/cyclist/pedestrian/passenger,Four lanes or more with central divider,Slight curve,,Fine,AP37TA  4444,P.V,Grevious,0
08.07.2015,4:30 AM,1265.7,LHS,Rural,Tangutur,Collision Brush/Side Wipe, Trailler Vehicle hit Vup Bridge wall,Trailler,Minor injury,Fault of driver of motor vehicle/driver of other vehicle/cyclist/pedestrian/passenger,Four lanes or more with central divider,Slight curve,,Fine,AP37TA  4444,P.V,Minor,2
08.07.2015,4:30 AM,1265.7,LHS,Rural,Tangutur,Collision Brush/Side Wipe, Trailler Vehicle hit Vup Bridge wall,Trailler,Minor injury,Fault of driver of motor vehicle/driver of other vehicle/cyclist/pedestrian/passenger,Four lanes or more with central divider,Slight curve,,Fine,AP37TA  4444,P.V,Non injured ,0
08.07.2015,4:30 AM,1265.7,LHS,Rural,Tangutur,Collision Brush/Side Wipe, Trailler Vehicle hit Vup Bridge wall,Trailler,Minor injury,Fault of driver of motor vehicle/driver of other vehicle/cyclist/pedestrian/passenger,Four lanes or more with central divider,Slight curve,,Fine,AP37TA  4444,P.V,Animals affected,0
08.07.2015,5:05 AM,1184.7,LHS,Rural,Martur,Overturning, Car  Overturned to wards ROW,Car,Non injury,Fault of driver of motor vehicle/driver of other vehicle/cyclist/pedestrian/passenger,Four lanes or more with central divider,Straight road,,Fine,AP28AK 0257,P.V,Fatal,0
08.07.2015,5:05 AM,1184.7,LHS,Rural,Martur,Overturning, Car  Overturned to wards ROW,Car,Non injury,Fault of driver of motor vehicle/driver of other vehicle/cyclist/pedestrian/passenger,Four lanes or more with central divider,Straight road,,Fine,AP28AK 0257,P.V,Grevious,0
08.07.2015,5:05 AM,1184.7,LHS,Rural,Martur,Overturning, Car  Overturned to wards ROW,Car,Non injury,Fault of driver of motor vehicle/driver of other vehicle/cyclist/pedestrian/passenger,Four lanes or more with central divider,Straight road,,Fine,AP28AK 0257,P.V,Minor,0
08.07.2015,5:05 AM,1184.7,LHS,Rural,Martur,Overturning, Car  Overturned to wards ROW,Car,Non injury,Fault of driver of motor vehicle/driver of other vehicle/cyclist/pedestrian/passenger,Four lanes or more with central divider,Straight road,,Fine,AP28AK 0257,P.V,Non injured ,1
08.07.2015,5:05 AM,1184.7,LHS,Rural,Martur,Overturning, Car  Overturned to wards ROW,Car,Non injury,Fault of driver of motor vehicle/driver of other vehicle/cyclist/pedestrian/passenger,Four lanes or more with central divider,Straight road,,Fine,AP28AK 0257,P.V,Animals affected,0
08.07.2015,8:15 AM,1212.5,RHS,Rural,Reningavaram,Rear End Collision, Private Bus hit Lorry,Bus,Non injury,Over speed,Four lanes or more with central divider,Straight road,,Fine,AP16TA  777,P.V,Fatal,0
08.07.2015,8:15 AM,1212.5,RHS,Rural,Reningavaram,Rear End Collision, Private Bus hit Lorry,Bus,Non injury,Over speed,Four lanes or more with central divider,Straight road,,Fine,AP16TA  777,P.V,Grevious,0
08.07.2015,8:15 AM,1212.5,RHS,Rural,Reningavaram,Rear End Collision, Private Bus hit Lorry,Bus,Non injury,Over speed,Four lanes or more with central divider,Straight road,,Fine,AP16TA  777,P.V,Minor,0
08.07.2015,8:15 AM,1212.5,RHS,Rural,Reningavaram,Rear End Collision, Private Bus hit Lorry,Bus,Non injury,Over speed,Four lanes or more with central divider,Straight road,,Fine,AP16TA  777,P.V,Non injured ,38
08.07.2015,8:15 AM,1212.5,RHS,Rural,Reningavaram,Rear End Collision, Private Bus hit Lorry,Bus,Non injury,Over speed,Four lanes or more with central divider,Straight road,,Fine,AP16TA  777,P.V,Animals affected,0
08.07.2015,9:50 AM,1202.3,RHS,Rural,Reningavaram,Collision Brush/Side Wipe,TVS XL Moped hit drain wall,Bike,Grievious injury,Over speed,Four lanes or more with central divider,Straight road,,Fine,AP27AM 7730,P.V&A.M.B,Fatal,0
08.07.2015,9:50 AM,1202.3,RHS,Rural,Reningavaram,Collision Brush/Side Wipe,TVS XL Moped hit drain wall,Bike,Grievious injury,Over speed,Four lanes or more with central divider,Straight road,,Fine,AP27AM 7730,P.V&A.M.B,Grevious,2
08.07.2015,9:50 AM,1202.3,RHS,Rural,Reningavaram,Collision Brush/Side Wipe,TVS XL Moped hit drain wall,Bike,Grievious injury,Over speed,Four lanes or more with central divider,Straight road,,Fine,AP27AM 7730,P.V&A.M.B,Minor,2
08.07.2015,9:50 AM,1202.3,RHS,Rural,Reningavaram,Collision Brush/Side Wipe,TVS XL Moped hit drain wall,Bike,Grievious injury,Over speed,Four lanes or more with central divider,Straight road,,Fine,AP27AM 7730,P.V&A.M.B,Non injured ,0
08.07.2015,9:50 AM,1202.3,RHS,Rural,Reningavaram,Collision Brush/Side Wipe,TVS XL Moped hit drain wall,Bike,Grievious injury,Over speed,Four lanes or more with central divider,Straight road,,Fine,AP27AM 7730,P.V&A.M.B,Animals affected,0
08.07.2015,10:40 AM,1292.6,LHS,Rural,Ulavapadu,Rear End Collision, Lorry hit Oil Tanker,Lorry,Non injury,Over speed,Four lanes or more with central divider,Straight road,,Fine,AP16Y   2669,P.V,Fatal,0
08.07.2015,10:40 AM,1292.6,LHS,Rural,Ulavapadu,Rear End Collision, Lorry hit Oil Tanker,Lorry,Non injury,Over speed,Four lanes or more with central divider,Straight road,,Fine,AP16Y   2669,P.V,Grevious,0
08.07.2015,10:40 AM,1292.6,LHS,Rural,Ulavapadu,Rear End Collision, Lorry hit Oil Tanker,Lorry,Non injury,Over speed,Four lanes or more with central divider,Straight road,,Fine,AP16Y   2669,P.V,Minor,0
08.07.2015,10:40 AM,1292.6,LHS,Rural,Ulavapadu,Rear End Collision, Lorry hit Oil Tanker,Lorry,Non injury,Over speed,Four lanes or more with central divider,Straight road,,Fine,AP16Y   2669,P.V,Non injured ,2
08.07.2015,10:40 AM,1292.6,LHS,Rural,Ulavapadu,Rear End Collision, Lorry hit Oil Tanker,Lorry,Non injury,Over speed,Four lanes or more with central divider,Straight road,,Fine,AP16Y   2669,P.V,Animals affected,0
08.07.2015,12:55 PM,1346.4,LHS,Rural,Dagadarthi,Collision Brush/Side Wipe, Car hit Bike,Car,Minor injury,Over speed,Four lanes or more with central divider,Straight road,,Fine,AP28DF   1086,P.V,Fatal,0
08.07.2015,12:55 PM,1346.4,LHS,Rural,Dagadarthi,Collision Brush/Side Wipe, Car hit Bike,Car,Minor injury,Over speed,Four lanes or more with central divider,Straight road,,Fine,AP28DF   1086,P.V,Grevious,0
08.07.2015,12:55 PM,1346.4,LHS,Rural,Dagadarthi,Collision Brush/Side Wipe, Car hit Bike,Car,Minor injury,Over speed,Four lanes or more with central divider,Straight road,,Fine,AP28DF   1086,P.V,Minor,1