Operational date,Time of Accident,KM && M,Position,Rural/Urban,Location,Nature of Accident Position,Nature of Accident,Vehicle Involved,Type of Accident,Causes,Road Feature,Road condition,Intersection Type And Control,Weather Condition,Vehicle Responsible,Help Provided by Ambulance/Patroling Vehicle,Classification of Accident,No of Affected Persons
08.07.2015,12:55 PM,1346.4,LHS,Rural,Dagadarthi,Collision Brush/Side Wipe, Car hit Bike,Car,Minor injury,Over speed,Four lanes or more with central divider,Straight road,,Fine,AP28DF   1086,P.V,Non injured ,2
08.07.2015,12:55 PM,1346.4,LHS,Rural,Dagadarthi,Collision Brush/Side Wipe, Car hit Bike,Car,Minor injury,Over speed,Four lanes or more with central divider,Straight road,,Fine,AP28DF   1086,P.V,Animals affected,0
08.07.2015,11:45 PM,1341.6,LHS,Rural,Dagadarthi,Collision Brush/Side Wipe, Car hit to     CC Barrier,Car,Minor injury,Over speed,Four lanes or more with central divider,Straight road,,Fine,AP03AL    5 ,P.V,Fatal,0
08.07.2015,11:45 PM,1341.6,LHS,Rural,Dagadarthi,Collision Brush/Side Wipe, Car hit to     CC Barrier,Car,Minor injury,Over speed,Four lanes or more with central divider,Straight road,,Fine,AP03AL    5 ,P.V,Grevious,0
08.07.2015,11:45 PM,1341.6,LHS,Rural,Dagadarthi,Collision Brush/Side Wipe, Car hit to     CC Barrier,Car,Minor injury,Over speed,Four lanes or more with central divider,Straight road,,Fine,AP03AL    5 ,P.V,Minor,1
08.07.2015,11:45 PM,1341.6,LHS,Rural,Dagadarthi,Collision Brush/Side Wipe, Car hit to     CC Barrier,Car,Minor injury,Over speed,Four lanes or more with central divider,Straight road,,Fine,AP03AL    5 ,P.V,Non injured ,3
08.07.2015,11:45 PM,1341.6,LHS,Rural,Dagadarthi,Collision Brush/Side Wipe, Car hit to     CC Barrier,Car,Minor injury,Over speed,Four lanes or more with central divider,Straight road,,Fine,AP03AL    5 ,P.V,Animals affected,0
09.07.2015,3:30 AM,1297.2,LHS,Rural,Ulavapadu,Rear End Collision, Container Vehicle hit Lorry,Container,Non injury,Fault of driver of motor vehicle/driver of other vehicle/cyclist/pedestrian/passenger,Four lanes or more with central divider,Straight road,,Fine,AP26CA   1049,P.V,Fatal,0
09.07.2015,3:30 AM,1297.2,LHS,Rural,Ulavapadu,Rear End Collision, Container Vehicle hit Lorry,Container,Non injury,Fault of driver of motor vehicle/driver of other vehicle/cyclist/pedestrian/passenger,Four lanes or more with central divider,Straight road,,Fine,AP26CA   1049,P.V,Grevious,0
09.07.2015,3:30 AM,1297.2,LHS,Rural,Ulavapadu,Rear End Collision, Container Vehicle hit Lorry,Container,Non injury,Fault of driver of motor vehicle/driver of other vehicle/cyclist/pedestrian/passenger,Four lanes or more with central divider,Straight road,,Fine,AP26CA   1049,P.V,Minor,0
09.07.2015,3:30 AM,1297.2,LHS,Rural,Ulavapadu,Rear End Collision, Container Vehicle hit Lorry,Container,Non injury,Fault of driver of motor vehicle/driver of other vehicle/cyclist/pedestrian/passenger,Four lanes or more with central divider,Straight road,,Fine,AP26CA   1049,P.V,Non injured ,4
09.07.2015,3:30 AM,1297.2,LHS,Rural,Ulavapadu,Rear End Collision, Container Vehicle hit Lorry,Container,Non injury,Fault of driver of motor vehicle/driver of other vehicle/cyclist/pedestrian/passenger,Four lanes or more with central divider,Straight road,,Fine,AP26CA   1049,P.V,Animals affected,0
09.07.2015,4:40 PM,1211.1,RHS,Rural,Reningavaram,Collision Brush/Side Wipe, Bike hit Bike,Bike,Grievious injury,Fault of driver of motor vehicle/driver of other vehicle/cyclist/pedestrian/passenger,Four lanes or more with central divider,Straight road,,Fine,AP27AF   8310,P.V&A.M.B,Fatal,0
09.07.2015,4:40 PM,1211.1,RHS,Rural,Reningavaram,Collision Brush/Side Wipe, Bike hit Bike,Bike,Grievious injury,Fault of driver of motor vehicle/driver of other vehicle/cyclist/pedestrian/passenger,Four lanes or more with central divider,Straight road,,Fine,AP27AF   8310,P.V&A.M.B,Grevious,2
09.07.2015,4:40 PM,1211.1,RHS,Rural,Reningavaram,Collision Brush/Side Wipe, Bike hit Bike,Bike,Grievious injury,Fault of driver of motor vehicle/driver of other vehicle/cyclist/pedestrian/passenger,Four lanes or more with central divider,Straight road,,Fine,AP27AF   8310,P.V&A.M.B,Minor,0
09.07.2015,4:40 PM,1211.1,RHS,Rural,Reningavaram,Collision Brush/Side Wipe, Bike hit Bike,Bike,Grievious injury,Fault of driver of motor vehicle/driver of other vehicle/cyclist/pedestrian/passenger,Four lanes or more with central divider,Straight road,,Fine,AP27AF   8310,P.V&A.M.B,Non injured ,2
09.07.2015,4:40 PM,1211.1,RHS,Rural,Reningavaram,Collision Brush/Side Wipe, Bike hit Bike,Bike,Grievious injury,Fault of driver of motor vehicle/driver of other vehicle/cyclist/pedestrian/passenger,Four lanes or more with central divider,Straight road,,Fine,AP27AF   8310,P.V&A.M.B,Animals affected,0
10.07.2015,7:35 PM,1202.6,RHS,Rural,Reningavaram,Collision Brush/Side Wipe, Tata ACE Vehicle hit Sheep's,Tata Ace,Non injury,Over speed,Four lanes or more with central divider,Straight road,,Fine,AP27X  7001,P.V,Fatal,0
10.07.2015,7:35 PM,1202.6,RHS,Rural,Reningavaram,Collision Brush/Side Wipe, Tata ACE Vehicle hit Sheep's,Tata Ace,Non injury,Over speed,Four lanes or more with central divider,Straight road,,Fine,AP27X  7001,P.V,Grevious,0
10.07.2015,7:35 PM,1202.6,RHS,Rural,Reningavaram,Collision Brush/Side Wipe, Tata ACE Vehicle hit Sheep's,Tata Ace,Non injury,Over speed,Four lanes or more with central divider,Straight road,,Fine,AP27X  7001,P.V,Minor,0
10.07.2015,7:35 PM,1202.6,RHS,Rural,Reningavaram,Collision Brush/Side Wipe, Tata ACE Vehicle hit Sheep's,Tata Ace,Non injury,Over speed,Four lanes or more with central divider,Straight road,,Fine,AP27X  7001,P.V,Non injured ,1
10.07.2015,7:35 PM,1202.6,RHS,Rural,Reningavaram,Collision Brush/Side Wipe, Tata ACE Vehicle hit Sheep's,Tata Ace,Non injury,Over speed,Four lanes or more with central divider,Straight road,,Fine,AP27X  7001,P.V,Animals affected,9
11.07.2015,8:00 AM,1341.8,LHS,Rural,Dagadarthi,Rear End Collision, APSRTC Bus hit CC Barrier,Bus,Non injury,Over speed,Four lanes or more with central divider,Straight road,,Fine,AP16Z     0183,P.V,Fatal,0
11.07.2015,8:00 AM,1341.8,LHS,Rural,Dagadarthi,Rear End Collision, APSRTC Bus hit CC Barrier,Bus,Non injury,Over speed,Four lanes or more with central divider,Straight road,,Fine,AP16Z     0183,P.V,Grevious,0
11.07.2015,8:00 AM,1341.8,LHS,Rural,Dagadarthi,Rear End Collision, APSRTC Bus hit CC Barrier,Bus,Non injury,Over speed,Four lanes or more with central divider,Straight road,,Fine,AP16Z     0183,P.V,Minor,0
11.07.2015,8:00 AM,1341.8,LHS,Rural,Dagadarthi,Rear End Collision, APSRTC Bus hit CC Barrier,Bus,Non injury,Over speed,Four lanes or more with central divider,Straight road,,Fine,AP16Z     0183,P.V,Non injured ,15
11.07.2015,8:00 AM,1341.8,LHS,Rural,Dagadarthi,Rear End Collision, APSRTC Bus hit CC Barrier,Bus,Non injury,Over speed,Four lanes or more with central divider,Straight road,,Fine,AP16Z     0183,P.V,Animals affected,0
11.07.2015,10:55 AM,1252.4,RHS,Rural,Ongole,Collision Brush/Side Wipe, Tipper Lorry hit Car,Lorry,Non injury,Fault of driver of motor vehicle/driver of other vehicle/cyclist/pedestrian/passenger,Single lane,Straight road,,Fine,AP27TT   5558,P.V,Fatal,0
11.07.2015,10:55 AM,1252.4,RHS,Rural,Ongole,Collision Brush/Side Wipe, Tipper Lorry hit Car,Lorry,Non injury,Fault of driver of motor vehicle/driver of other vehicle/cyclist/pedestrian/passenger,Single lane,Straight road,,Fine,AP27TT   5558,P.V,Grevious,0
11.07.2015,10:55 AM,1252.4,RHS,Rural,Ongole,Collision Brush/Side Wipe, Tipper Lorry hit Car,Lorry,Non injury,Fault of driver of motor vehicle/driver of other vehicle/cyclist/pedestrian/passenger,Single lane,Straight road,,Fine,AP27TT   5558,P.V,Minor,0
11.07.2015,10:55 AM,1252.4,RHS,Rural,Ongole,Collision Brush/Side Wipe, Tipper Lorry hit Car,Lorry,Non injury,Fault of driver of motor vehicle/driver of other vehicle/cyclist/pedestrian/passenger,Single lane,Straight road,,Fine,AP27TT   5558,P.V,Non injured ,5
11.07.2015,10:55 AM,1252.4,RHS,Rural,Ongole,Collision Brush/Side Wipe, Tipper Lorry hit Car,Lorry,Non injury,Fault of driver of motor vehicle/driver of other vehicle/cyclist/pedestrian/passenger,Single lane,Straight road,,Fine,AP27TT   5558,P.V,Animals affected,0
11.07.2015,3:00 PM,1342.4,LHS,Rural,Dagadarthi,Collision Brush/Side Wipe, Tanker Lorry hit CC Barrier,Tanker,Non injury,Fault of driver of motor vehicle/driver of other vehicle/cyclist/pedestrian/passenger,Four lanes or more with central divider,Straight road,,Fine,TN04AC     6096,P.V,Fatal,0
11.07.2015,3:00 PM,1342.4,LHS,Rural,Dagadarthi,Collision Brush/Side Wipe, Tanker Lorry hit CC Barrier,Tanker,Non injury,Fault of driver of motor vehicle/driver of other vehicle/cyclist/pedestrian/passenger,Four lanes or more with central divider,Straight road,,Fine,TN04AC     6096,P.V,Grevious,0
11.07.2015,3:00 PM,1342.4,LHS,Rural,Dagadarthi,Collision Brush/Side Wipe, Tanker Lorry hit CC Barrier,Tanker,Non injury,Fault of driver of motor vehicle/driver of other vehicle/cyclist/pedestrian/passenger,Four lanes or more with central divider,Straight road,,Fine,TN04AC     6096,P.V,Minor,0
11.07.2015,3:00 PM,1342.4,LHS,Rural,Dagadarthi,Collision Brush/Side Wipe, Tanker Lorry hit CC Barrier,Tanker,Non injury,Fault of driver of motor vehicle/driver of other vehicle/cyclist/pedestrian/passenger,Four lanes or more with central divider,Straight road,,Fine,TN04AC     6096,P.V,Non injured ,2
11.07.2015,3:00 PM,1342.4,LHS,Rural,Dagadarthi,Collision Brush/Side Wipe, Tanker Lorry hit CC Barrier,Tanker,Non injury,Fault of driver of motor vehicle/driver of other vehicle/cyclist/pedestrian/passenger,Four lanes or more with central divider,Straight road,,Fine,TN04AC     6096,P.V,Animals affected,0
11.07.2015,8:55 PM,1186.1,RHS,Rural,Martur,Collision Brush/Side Wipe, Bike hit Bike,Bike,Fatal,Over speed,Four lanes or more with central divider,Straight road,,Fine,AP27G      2252,P.V,Fatal,1
11.07.2015,8:55 PM,1186.1,RHS,Rural,Martur,Collision Brush/Side Wipe, Bike hit Bike,Bike,Fatal,Over speed,Four lanes or more with central divider,Straight road,,Fine,AP27G      2252,P.V,Grevious,0
11.07.2015,8:55 PM,1186.1,RHS,Rural,Martur,Collision Brush/Side Wipe, Bike hit Bike,Bike,Fatal,Over speed,Four lanes or more with central divider,Straight road,,Fine,AP27G      2252,P.V,Minor,0
11.07.2015,8:55 PM,1186.1,RHS,Rural,Martur,Collision Brush/Side Wipe, Bike hit Bike,Bike,Fatal,Over speed,Four lanes or more with central divider,Straight road,,Fine,AP27G      2252,P.V,Non injured ,2
11.07.2015,8:55 PM,1186.1,RHS,Rural,Martur,Collision Brush/Side Wipe, Bike hit Bike,Bike,Fatal,Over speed,Four lanes or more with central divider,Straight road,,Fine,AP27G      2252,P.V,Animals affected,0
13.07.2015,3:30 AM,1295.1,RHS,Rural,Ulavapadu,Collision Brush/Side Wipe, car hit  Inter median,car,Non injury,Fault of driver of motor vehicle/driver of other vehicle/cyclist/pedestrian/passenger,Four lanes or more with central divider,Straight road,,Fine,AP26 AR 6939,P.V,Fatal,0
13.07.2015,3:30 AM,1295.1,RHS,Rural,Ulavapadu,Collision Brush/Side Wipe, car hit  Inter median,car,Non injury,Fault of driver of motor vehicle/driver of other vehicle/cyclist/pedestrian/passenger,Four lanes or more with central divider,Straight road,,Fine,AP26 AR 6939,P.V,Grevious,0
13.07.2015,3:30 AM,1295.1,RHS,Rural,Ulavapadu,Collision Brush/Side Wipe, car hit  Inter median,car,Non injury,Fault of driver of motor vehicle/driver of other vehicle/cyclist/pedestrian/passenger,Four lanes or more with central divider,Straight road,,Fine,AP26 AR 6939,P.V,Minor,0
13.07.2015,3:30 AM,1295.1,RHS,Rural,Ulavapadu,Collision Brush/Side Wipe, car hit  Inter median,car,Non injury,Fault of driver of motor vehicle/driver of other vehicle/cyclist/pedestrian/passenger,Four lanes or more with central divider,Straight road,,Fine,AP26 AR 6939,P.V,Non injured ,5
13.07.2015,3:30 AM,1295.1,RHS,Rural,Ulavapadu,Collision Brush/Side Wipe, car hit  Inter median,car,Non injury,Fault of driver of motor vehicle/driver of other vehicle/cyclist/pedestrian/passenger,Four lanes or more with central divider,Straight road,,Fine,AP26 AR 6939,P.V,Animals affected,0
13.07.2015,10:20 AM,1272.6,LHS,Rural,Jarugumalli,Rear End Collision, Bike hit  tipper,Bike,Grievious injury,Over speed,Four lanes or more with central divider,Straight road,,Fine,AP27BC 0984,AMB,Fatal,0
13.07.2015,10:20 AM,1272.6,LHS,Rural,Jarugumalli,Rear End Collision, Bike hit  tipper,Bike,Grievious injury,Over speed,Four lanes or more with central divider,Straight road,,Fine,AP27BC 0984,AMB,Grevious,1
13.07.2015,10:20 AM,1272.6,LHS,Rural,Jarugumalli,Rear End Collision, Bike hit  tipper,Bike,Grievious injury,Over speed,Four lanes or more with central divider,Straight road,,Fine,AP27BC 0984,AMB,Minor,0
13.07.2015,10:20 AM,1272.6,LHS,Rural,Jarugumalli,Rear End Collision, Bike hit  tipper,Bike,Grievious injury,Over speed,Four lanes or more with central divider,Straight road,,Fine,AP27BC 0984,AMB,Non injured ,0
13.07.2015,10:20 AM,1272.6,LHS,Rural,Jarugumalli,Rear End Collision, Bike hit  tipper,Bike,Grievious injury,Over speed,Four lanes or more with central divider,Straight road,,Fine,AP27BC 0984,AMB,Animals affected,0
13.07.2015,1:00 PM,1268.1,RHS,Rural,Jarugumalli,Collision Brush/Side Wipe, Unknown vehicle hit bike,Unknown,Minor injury,Over speed,Four lanes or more with central divider,Straight road,,Fine,Unknown vehicle,AMB,Fatal,0
13.07.2015,1:00 PM,1268.1,RHS,Rural,Jarugumalli,Collision Brush/Side Wipe, Unknown vehicle hit bike,Unknown,Minor injury,Over speed,Four lanes or more with central divider,Straight road,,Fine,Unknown vehicle,AMB,Grevious,0
13.07.2015,1:00 PM,1268.1,RHS,Rural,Jarugumalli,Collision Brush/Side Wipe, Unknown vehicle hit bike,Unknown,Minor injury,Over speed,Four lanes or more with central divider,Straight road,,Fine,Unknown vehicle,AMB,Minor,1
13.07.2015,1:00 PM,1268.1,RHS,Rural,Jarugumalli,Collision Brush/Side Wipe, Unknown vehicle hit bike,Unknown,Minor injury,Over speed,Four lanes or more with central divider,Straight road,,Fine,Unknown vehicle,AMB,Non injured ,0
13.07.2015,1:00 PM,1268.1,RHS,Rural,Jarugumalli,Collision Brush/Side Wipe, Unknown vehicle hit bike,Unknown,Minor injury,Over speed,Four lanes or more with central divider,Straight road,,Fine,Unknown vehicle,AMB,Animals affected,0
13.07.2015,3:39 PM,1247.8,LHS,Rural,Ongole,Collision Brush/Side Wipe, Lorry hit tractor,Lorry,Non injury,Over speed,Four lanes or more with central divider,Straight road,,Fine,AP24 TB 2124,P.V ,Fatal,0
13.07.2015,3:39 PM,1247.8,LHS,Rural,Ongole,Collision Brush/Side Wipe, Lorry hit tractor,Lorry,Non injury,Over speed,Four lanes or more with central divider,Straight road,,Fine,AP24 TB 2124,P.V ,Grevious,0
13.07.2015,3:39 PM,1247.8,LHS,Rural,Ongole,Collision Brush/Side Wipe, Lorry hit tractor,Lorry,Non injury,Over speed,Four lanes or more with central divider,Straight road,,Fine,AP24 TB 2124,P.V ,Minor,0
13.07.2015,3:39 PM,1247.8,LHS,Rural,Ongole,Collision Brush/Side Wipe, Lorry hit tractor,Lorry,Non injury,Over speed,Four lanes or more with central divider,Straight road,,Fine,AP24 TB 2124,P.V ,Non injured ,4
13.07.2015,3:39 PM,1247.8,LHS,Rural,Ongole,Collision Brush/Side Wipe, Lorry hit tractor,Lorry,Non injury,Over speed,Four lanes or more with central divider,Straight road,,Fine,AP24 TB 2124,P.V ,Animals affected,0
13.07.2015,8:10 PM,1328.1,LHS,Rural,Kavali,Rear End Collision,bike hit unknown vehicle,bike,Fatal,Over speed,Four lanes or more with central divider,Straight road,,Fine,AP26 AB 8539,P.V & AMB,Fatal,1
13.07.2015,8:10 PM,1328.1,LHS,Rural,Kavali,Rear End Collision,bike hit unknown vehicle,bike,Fatal,Over speed,Four lanes or more with central divider,Straight road,,Fine,AP26 AB 8539,P.V & AMB,Grevious,0
13.07.2015,8:10 PM,1328.1,LHS,Rural,Kavali,Rear End Collision,bike hit unknown vehicle,bike,Fatal,Over speed,Four lanes or more with central divider,Straight road,,Fine,AP26 AB 8539,P.V & AMB,Minor,0
13.07.2015,8:10 PM,1328.1,LHS,Rural,Kavali,Rear End Collision,bike hit unknown vehicle,bike,Fatal,Over speed,Four lanes or more with central divider,Straight road,,Fine,AP26 AB 8539,P.V & AMB,Non injured ,0
13.07.2015,8:10 PM,1328.1,LHS,Rural,Kavali,Rear End Collision,bike hit unknown vehicle,bike,Fatal,Over speed,Four lanes or more with central divider,Straight road,,Fine,AP26 AB 8539,P.V & AMB,Animals affected,0
13.07.2015,9:18 PM,1197.6,LHS,Rural,Martur,Collision Brush/Side Wipe,bike hit tractor,bike,Minor injury,Over speed,Four lanes or more with central divider,Straight road,T-Junction,Light rain,AP27AR 5614,P.V & AMB,Fatal,0
13.07.2015,9:18 PM,1197.6,LHS,Rural,Martur,Collision Brush/Side Wipe,bike hit tractor,bike,Minor injury,Over speed,Four lanes or more with central divider,Straight road,T-Junction,Light rain,AP27AR 5614,P.V & AMB,Grevious,0
13.07.2015,9:18 PM,1197.6,LHS,Rural,Martur,Collision Brush/Side Wipe,bike hit tractor,bike,Minor injury,Over speed,Four lanes or more with central divider,Straight road,T-Junction,Light rain,AP27AR 5614,P.V & AMB,Minor,1
13.07.2015,9:18 PM,1197.6,LHS,Rural,Martur,Collision Brush/Side Wipe,bike hit tractor,bike,Minor injury,Over speed,Four lanes or more with central divider,Straight road,T-Junction,Light rain,AP27AR 5614,P.V & AMB,Non injured ,0
13.07.2015,9:18 PM,1197.6,LHS,Rural,Martur,Collision Brush/Side Wipe,bike hit tractor,bike,Minor injury,Over speed,Four lanes or more with central divider,Straight road,T-Junction,Light rain,AP27AR 5614,P.V & AMB,Animals affected,0
13.07.2015,11:42 PM,1243.2,LHS,Rural,Ongole,Rear End Collision,Container vehicle hit unknown vehicle,Container,Minor injury,Over speed,Four lanes or more with central divider,Straight road,Four arm junction,Light rain,AP16 TF 4237,P.V ,Fatal,0
13.07.2015,11:42 PM,1243.2,LHS,Rural,Ongole,Rear End Collision,Container vehicle hit unknown vehicle,Container,Minor injury,Over speed,Four lanes or more with central divider,Straight road,Four arm junction,Light rain,AP16 TF 4237,P.V ,Grevious,0
13.07.2015,11:42 PM,1243.2,LHS,Rural,Ongole,Rear End Collision,Container vehicle hit unknown vehicle,Container,Minor injury,Over speed,Four lanes or more with central divider,Straight road,Four arm junction,Light rain,AP16 TF 4237,P.V ,Minor,1
13.07.2015,11:42 PM,1243.2,LHS,Rural,Ongole,Rear End Collision,Container vehicle hit unknown vehicle,Container,Minor injury,Over speed,Four lanes or more with central divider,Straight road,Four arm junction,Light rain,AP16 TF 4237,P.V ,Non injured ,0
13.07.2015,11:42 PM,1243.2,LHS,Rural,Ongole,Rear End Collision,Container vehicle hit unknown vehicle,Container,Minor injury,Over speed,Four lanes or more with central divider,Straight road,Four arm junction,Light rain,AP16 TF 4237,P.V ,Animals affected,0
14.07.2015,3:15 AM,1197.3,LHS,Rural,Martur,Collision Brush/Side Wipe, Car hit  unknown vehicle,Car,Minor injury,Over speed,Four lanes or more with central divider,Straight road,,Light rain,AP31 BH 9857,P.V,Fatal,0
14.07.2015,3:15 AM,1197.3,LHS,Rural,Martur,Collision Brush/Side Wipe, Car hit  unknown vehicle,Car,Minor injury,Over speed,Four lanes or more with central divider,Straight road,,Light rain,AP31 BH 9857,P.V,Grevious,0
14.07.2015,3:15 AM,1197.3,LHS,Rural,Martur,Collision Brush/Side Wipe, Car hit  unknown vehicle,Car,Minor injury,Over speed,Four lanes or more with central divider,Straight road,,Light rain,AP31 BH 9857,P.V,Minor,1
14.07.2015,3:15 AM,1197.3,LHS,Rural,Martur,Collision Brush/Side Wipe, Car hit  unknown vehicle,Car,Minor injury,Over speed,Four lanes or more with central divider,Straight road,,Light rain,AP31 BH 9857,P.V,Non injured ,0
14.07.2015,3:15 AM,1197.3,LHS,Rural,Martur,Collision Brush/Side Wipe, Car hit  unknown vehicle,Car,Minor injury,Over speed,Four lanes or more with central divider,Straight road,,Light rain,AP31 BH 9857,P.V,Animals affected,0
14.07.2015,2:05 PM,1242.1,RHS,Rural,Ongole,Overturning, Auto overturned,Auto,Minor injury,Over speed,Four lanes or more with central divider,Straight road,,Fine,AP27 TT 0432,P.V,Fatal,0
14.07.2015,2:05 PM,1242.1,RHS,Rural,Ongole,Overturning, Auto overturned,Auto,Minor injury,Over speed,Four lanes or more with central divider,Straight road,,Fine,AP27 TT 0432,P.V,Grevious,0
14.07.2015,2:05 PM,1242.1,RHS,Rural,Ongole,Overturning, Auto overturned,Auto,Minor injury,Over speed,Four lanes or more with central divider,Straight road,,Fine,AP27 TT 0432,P.V,Minor,2
14.07.2015,2:05 PM,1242.1,RHS,Rural,Ongole,Overturning, Auto overturned,Auto,Minor injury,Over speed,Four lanes or more with central divider,Straight road,,Fine,AP27 TT 0432,P.V,Non injured ,4
14.07.2015,2:05 PM,1242.1,RHS,Rural,Ongole,Overturning, Auto overturned,Auto,Minor injury,Over speed,Four lanes or more with central divider,Straight road,,Fine,AP27 TT 0432,P.V,Animals affected,0
14.07.2015,2:43 PM,1200.9,RHS,Rural,Reningavaram,Collision Brush/Side Wipe, Bolero pickup vehicle went out of Road ,Car,Non injury,Over speed,Four lanes or more with central divider,Straight road,,Fine,AP16 VG 4704,P.V,Fatal,0
14.07.2015,2:43 PM,1200.9,RHS,Rural,Reningavaram,Collision Brush/Side Wipe, Bolero pickup vehicle went out of Road ,Car,Non injury,Over speed,Four lanes or more with central divider,Straight road,,Fine,AP16 VG 4704,P.V,Grevious,0
14.07.2015,2:43 PM,1200.9,RHS,Rural,Reningavaram,Collision Brush/Side Wipe, Bolero pickup vehicle went out of Road ,Car,Non injury,Over speed,Four lanes or more with central divider,Straight road,,Fine,AP16 VG 4704,P.V,Minor,0
14.07.2015,2:43 PM,1200.9,RHS,Rural,Reningavaram,Collision Brush/Side Wipe, Bolero pickup vehicle went out of Road ,Car,Non injury,Over speed,Four lanes or more with central divider,Straight road,,Fine,AP16 VG 4704,P.V,Non injured ,1
14.07.2015,2:43 PM,1200.9,RHS,Rural,Reningavaram,Collision Brush/Side Wipe, Bolero pickup vehicle went out of Road ,Car,Non injury,Over speed,Four lanes or more with central divider,Straight road,,Fine,AP16 VG 4704,P.V,Animals affected,0
15.07.2015,12:50 AM,1234.3,LHS,Rural,Maddipadu,Rear End Collision, lorry hit lorry,lorry,Grievious injury,Over speed,Four lanes or more with central divider,Straight road,,Fine,TN47 S 4146,P.V,Fatal,0
15.07.2015,12:50 AM,1234.3,LHS,Rural,Maddipadu,Rear End Collision, lorry hit lorry,lorry,Grievious injury,Over speed,Four lanes or more with central divider,Straight road,,Fine,TN47 S 4146,P.V,Grevious,1
15.07.2015,12:50 AM,1234.3,LHS,Rural,Maddipadu,Rear End Collision, lorry hit lorry,lorry,Grievious injury,Over speed,Four lanes or more with central divider,Straight road,,Fine,TN47 S 4146,P.V,Minor,0
15.07.2015,12:50 AM,1234.3,LHS,Rural,Maddipadu,Rear End Collision, lorry hit lorry,lorry,Grievious injury,Over speed,Four lanes or more with central divider,Straight road,,Fine,TN47 S 4146,P.V,Non injured ,3
15.07.2015,12:50 AM,1234.3,LHS,Rural,Maddipadu,Rear End Collision, lorry hit lorry,lorry,Grievious injury,Over speed,Four lanes or more with central divider,Straight road,,Fine,TN47 S 4146,P.V,Animals affected,0
15.07.2015,5:00 AM,1321.5,LHS,Rural,Kavali,Collision Brush/Side Wipe, Lorry hit CC barrier,Lorry,Non injury,Fault of driver of motor vehicle/driver of other vehicle/cyclist/pedestrian/passenger,Four lanes or more with central divider,Straight road,,Fine,AP16 TW 6618,P.V,Fatal,0
15.07.2015,5:00 AM,1321.5,LHS,Rural,Kavali,Collision Brush/Side Wipe, Lorry hit CC barrier,Lorry,Non injury,Fault of driver of motor vehicle/driver of other vehicle/cyclist/pedestrian/passenger,Four lanes or more with central divider,Straight road,,Fine,AP16 TW 6618,P.V,Grevious,0
15.07.2015,5:00 AM,1321.5,LHS,Rural,Kavali,Collision Brush/Side Wipe, Lorry hit CC barrier,Lorry,Non injury,Fault of driver of motor vehicle/driver of other vehicle/cyclist/pedestrian/passenger,Four lanes or more with central divider,Straight road,,Fine,AP16 TW 6618,P.V,Minor,0
15.07.2015,5:00 AM,1321.5,LHS,Rural,Kavali,Collision Brush/Side Wipe, Lorry hit CC barrier,Lorry,Non injury,Fault of driver of motor vehicle/driver of other vehicle/cyclist/pedestrian/passenger,Four lanes or more with central divider,Straight road,,Fine,AP16 TW 6618,P.V,Non injured ,2
15.07.2015,5:00 AM,1321.5,LHS,Rural,Kavali,Collision Brush/Side Wipe, Lorry hit CC barrier,Lorry,Non injury,Fault of driver of motor vehicle/driver of other vehicle/cyclist/pedestrian/passenger,Four lanes or more with central divider,Straight road,,Fine,AP16 TW 6618,P.V,Animals affected,0
15.07.2015,7:10 AM,1242.1,RHS,Rural,Ongole,Collision Brush/Side Wipe, Lorry hit Median wall,Lorry,Non injury,Over speed,Four lanes or more with central divider,Straight road,,Fine,HR 55Q 0254,P.V,Fatal,0
15.07.2015,7:10 AM,1242.1,RHS,Rural,Ongole,Collision Brush/Side Wipe, Lorry hit Median wall,Lorry,Non injury,Over speed,Four lanes or more with central divider,Straight road,,Fine,HR 55Q 0254,P.V,Grevious,0
15.07.2015,7:10 AM,1242.1,RHS,Rural,Ongole,Collision Brush/Side Wipe, Lorry hit Median wall,Lorry,Non injury,Over speed,Four lanes or more with central divider,Straight road,,Fine,HR 55Q 0254,P.V,Minor,0
15.07.2015,7:10 AM,1242.1,RHS,Rural,Ongole,Collision Brush/Side Wipe, Lorry hit Median wall,Lorry,Non injury,Over speed,Four lanes or more with central divider,Straight road,,Fine,HR 55Q 0254,P.V,Non injured ,2
15.07.2015,7:10 AM,1242.1,RHS,Rural,Ongole,Collision Brush/Side Wipe, Lorry hit Median wall,Lorry,Non injury,Over speed,Four lanes or more with central divider,Straight road,,Fine,HR 55Q 0254,P.V,Animals affected,0
15.07.2015,2:55 PM,1355.7,LHS,Rural,Kodavaluru,Rear End Collision, Container vehicle hit Oil Tanker,Container,Non injury,Defect in mechanical condition of motor vehicle/road condition,Four lanes or more with central divider,Straight road,,Fine,MH 04 AR 6102,P.V,Fatal,0
15.07.2015,2:55 PM,1355.7,LHS,Rural,Kodavaluru,Rear End Collision, Container vehicle hit Oil Tanker,Container,Non injury,Defect in mechanical condition of motor vehicle/road condition,Four lanes or more with central divider,Straight road,,Fine,MH 04 AR 6102,P.V,Grevious,0
15.07.2015,2:55 PM,1355.7,LHS,Rural,Kodavaluru,Rear End Collision, Container vehicle hit Oil Tanker,Container,Non injury,Defect in mechanical condition of motor vehicle/road condition,Four lanes or more with central divider,Straight road,,Fine,MH 04 AR 6102,P.V,Minor,0
15.07.2015,2:55 PM,1355.7,LHS,Rural,Kodavaluru,Rear End Collision, Container vehicle hit Oil Tanker,Container,Non injury,Defect in mechanical condition of motor vehicle/road condition,Four lanes or more with central divider,Straight road,,Fine,MH 04 AR 6102,P.V,Non injured ,2