Operational date,Time of Accident,KM && M,Position,Rural/Urban,Location,Nature of Accident Position,Nature of Accident,Vehicle Involved,Type of Accident,Causes,Road Feature,Road condition,Intersection Type And Control,Weather Condition,Vehicle Responsible,Help Provided by Ambulance/Patroling Vehicle,Classification of Accident,No of Affected Persons
15.07.2015,2:55 PM,1355.7,LHS,Rural,Kodavaluru,Rear End Collision, Container vehicle hit Oil Tanker,Container,Non injury,Defect in mechanical condition of motor vehicle/road condition,Four lanes or more with central divider,Straight road,,Fine,MH 04 AR 6102,P.V,Animals affected,0
16.07.2015,7:20 AM,1225.5,LHS,Rural,Maddipadu,Collision Brush/Side Wipe, Lorry hit Cyclist,Lorry,Fatal,Over speed,Four lanes or more with central divider,Straight road,T-Junction,Fine,AP05X  6454,P.V,Fatal,1
16.07.2015,7:20 AM,1225.5,LHS,Rural,Maddipadu,Collision Brush/Side Wipe, Lorry hit Cyclist,Lorry,Fatal,Over speed,Four lanes or more with central divider,Straight road,T-Junction,Fine,AP05X  6454,P.V,Grevious,0
16.07.2015,7:20 AM,1225.5,LHS,Rural,Maddipadu,Collision Brush/Side Wipe, Lorry hit Cyclist,Lorry,Fatal,Over speed,Four lanes or more with central divider,Straight road,T-Junction,Fine,AP05X  6454,P.V,Minor,0
16.07.2015,7:20 AM,1225.5,LHS,Rural,Maddipadu,Collision Brush/Side Wipe, Lorry hit Cyclist,Lorry,Fatal,Over speed,Four lanes or more with central divider,Straight road,T-Junction,Fine,AP05X  6454,P.V,Non injured ,0
16.07.2015,7:20 AM,1225.5,LHS,Rural,Maddipadu,Collision Brush/Side Wipe, Lorry hit Cyclist,Lorry,Fatal,Over speed,Four lanes or more with central divider,Straight road,T-Junction,Fine,AP05X  6454,P.V,Animals affected,0
16.07.2015,11:20 AM,1345.6,LHS,Rural,Dagadarthi,Collision Brush/Side Wipe, Container vehicle hit  Bridge Wall,Container,Non injury,Defect in mechanical condition of motor vehicle/road condition,Four lanes or more with central divider,Straight road,,Fine,AP26 TB 1666,P.V,Fatal,0
16.07.2015,11:20 AM,1345.6,LHS,Rural,Dagadarthi,Collision Brush/Side Wipe, Container vehicle hit  Bridge Wall,Container,Non injury,Defect in mechanical condition of motor vehicle/road condition,Four lanes or more with central divider,Straight road,,Fine,AP26 TB 1666,P.V,Grevious,0
16.07.2015,11:20 AM,1345.6,LHS,Rural,Dagadarthi,Collision Brush/Side Wipe, Container vehicle hit  Bridge Wall,Container,Non injury,Defect in mechanical condition of motor vehicle/road condition,Four lanes or more with central divider,Straight road,,Fine,AP26 TB 1666,P.V,Minor,0
16.07.2015,11:20 AM,1345.6,LHS,Rural,Dagadarthi,Collision Brush/Side Wipe, Container vehicle hit  Bridge Wall,Container,Non injury,Defect in mechanical condition of motor vehicle/road condition,Four lanes or more with central divider,Straight road,,Fine,AP26 TB 1666,P.V,Non injured ,2
16.07.2015,11:20 AM,1345.6,LHS,Rural,Dagadarthi,Collision Brush/Side Wipe, Container vehicle hit  Bridge Wall,Container,Non injury,Defect in mechanical condition of motor vehicle/road condition,Four lanes or more with central divider,Straight road,,Fine,AP26 TB 1666,P.V,Animals affected,0
16.07.2015,12:50 PM,1240.6,RHS,Rural,Ongole,Rear End Collision, Lorry hit Tractor,Lorry,Non injury,Over speed,Four lanes or more with central divider,Straight road,,Fine,TN 45 BX 9363,P.V,Fatal,0
16.07.2015,12:50 PM,1240.6,RHS,Rural,Ongole,Rear End Collision, Lorry hit Tractor,Lorry,Non injury,Over speed,Four lanes or more with central divider,Straight road,,Fine,TN 45 BX 9363,P.V,Grevious,0
16.07.2015,12:50 PM,1240.6,RHS,Rural,Ongole,Rear End Collision, Lorry hit Tractor,Lorry,Non injury,Over speed,Four lanes or more with central divider,Straight road,,Fine,TN 45 BX 9363,P.V,Minor,0
16.07.2015,12:50 PM,1240.6,RHS,Rural,Ongole,Rear End Collision, Lorry hit Tractor,Lorry,Non injury,Over speed,Four lanes or more with central divider,Straight road,,Fine,TN 45 BX 9363,P.V,Non injured ,2
16.07.2015,12:50 PM,1240.6,RHS,Rural,Ongole,Rear End Collision, Lorry hit Tractor,Lorry,Non injury,Over speed,Four lanes or more with central divider,Straight road,,Fine,TN 45 BX 9363,P.V,Animals affected,0
16.07.2015,2:50 PM,1325.3,RHS,Rural,Kavali,Overturning, Lorry overturned,Lorry,Minor injury,Vehicle out of control,Four lanes or more with central divider,Straight road,,Fine,AP 16 TW 3697,P.V & AMB,Fatal,0
16.07.2015,2:50 PM,1325.3,RHS,Rural,Kavali,Overturning, Lorry overturned,Lorry,Minor injury,Vehicle out of control,Four lanes or more with central divider,Straight road,,Fine,AP 16 TW 3697,P.V & AMB,Grevious,0
16.07.2015,2:50 PM,1325.3,RHS,Rural,Kavali,Overturning, Lorry overturned,Lorry,Minor injury,Vehicle out of control,Four lanes or more with central divider,Straight road,,Fine,AP 16 TW 3697,P.V & AMB,Minor,1
16.07.2015,2:50 PM,1325.3,RHS,Rural,Kavali,Overturning, Lorry overturned,Lorry,Minor injury,Vehicle out of control,Four lanes or more with central divider,Straight road,,Fine,AP 16 TW 3697,P.V & AMB,Non injured ,1
16.07.2015,2:50 PM,1325.3,RHS,Rural,Kavali,Overturning, Lorry overturned,Lorry,Minor injury,Vehicle out of control,Four lanes or more with central divider,Straight road,,Fine,AP 16 TW 3697,P.V & AMB,Animals affected,0
17.07.2015,3:00 AM,1239.9,LHS,Rural,Ongole,Rear End Collision, Car hit RTC Bus,Car,Grievious injury,Over speed,Four lanes or more with central divider,Straight road,,Fine,AP 26 BC 4347,P.V,Fatal,0
17.07.2015,3:00 AM,1239.9,LHS,Rural,Ongole,Rear End Collision, Car hit RTC Bus,Car,Grievious injury,Over speed,Four lanes or more with central divider,Straight road,,Fine,AP 26 BC 4347,P.V,Grevious,4
17.07.2015,3:00 AM,1239.9,LHS,Rural,Ongole,Rear End Collision, Car hit RTC Bus,Car,Grievious injury,Over speed,Four lanes or more with central divider,Straight road,,Fine,AP 26 BC 4347,P.V,Minor,4
17.07.2015,3:00 AM,1239.9,LHS,Rural,Ongole,Rear End Collision, Car hit RTC Bus,Car,Grievious injury,Over speed,Four lanes or more with central divider,Straight road,,Fine,AP 26 BC 4347,P.V,Non injured ,53
17.07.2015,3:00 AM,1239.9,LHS,Rural,Ongole,Rear End Collision, Car hit RTC Bus,Car,Grievious injury,Over speed,Four lanes or more with central divider,Straight road,,Fine,AP 26 BC 4347,P.V,Animals affected,0
17.07.2015,4:20 AM,1324.9,LHS,Rural,Kavali,Collision Brush/Side Wipe,Car hit Car,Car,Minor injury,Over speed,Four lanes or more with central divider,Straight road,,Fine,AP 26 TV 1412,P.V & AMB,Fatal,0
17.07.2015,4:20 AM,1324.9,LHS,Rural,Kavali,Collision Brush/Side Wipe,Car hit Car,Car,Minor injury,Over speed,Four lanes or more with central divider,Straight road,,Fine,AP 26 TV 1412,P.V & AMB,Grevious,0
17.07.2015,4:20 AM,1324.9,LHS,Rural,Kavali,Collision Brush/Side Wipe,Car hit Car,Car,Minor injury,Over speed,Four lanes or more with central divider,Straight road,,Fine,AP 26 TV 1412,P.V & AMB,Minor,2
17.07.2015,4:20 AM,1324.9,LHS,Rural,Kavali,Collision Brush/Side Wipe,Car hit Car,Car,Minor injury,Over speed,Four lanes or more with central divider,Straight road,,Fine,AP 26 TV 1412,P.V & AMB,Non injured ,14
17.07.2015,4:20 AM,1324.9,LHS,Rural,Kavali,Collision Brush/Side Wipe,Car hit Car,Car,Minor injury,Over speed,Four lanes or more with central divider,Straight road,,Fine,AP 26 TV 1412,P.V & AMB,Animals affected,0
17.07.2015,8:05 PM,1190.9,RHS,Rural,Martur,Collision Brush/Side Wipe, Car hit Bike,Car,Minor injury,Over speed,Four lanes or more with central divider,Straight road,,Fine,TN 18 H 7913,AMB,Fatal,0
17.07.2015,8:05 PM,1190.9,RHS,Rural,Martur,Collision Brush/Side Wipe, Car hit Bike,Car,Minor injury,Over speed,Four lanes or more with central divider,Straight road,,Fine,TN 18 H 7913,AMB,Grevious,0
17.07.2015,8:05 PM,1190.9,RHS,Rural,Martur,Collision Brush/Side Wipe, Car hit Bike,Car,Minor injury,Over speed,Four lanes or more with central divider,Straight road,,Fine,TN 18 H 7913,AMB,Minor,2
17.07.2015,8:05 PM,1190.9,RHS,Rural,Martur,Collision Brush/Side Wipe, Car hit Bike,Car,Minor injury,Over speed,Four lanes or more with central divider,Straight road,,Fine,TN 18 H 7913,AMB,Non injured ,2
17.07.2015,8:05 PM,1190.9,RHS,Rural,Martur,Collision Brush/Side Wipe, Car hit Bike,Car,Minor injury,Over speed,Four lanes or more with central divider,Straight road,,Fine,TN 18 H 7913,AMB,Animals affected,0
17.07.2015,9:20 PM,1224.8,RHS,Rural,Medarametla,Overturning, Lorry overturned,Lorry,Non injury,Defect in mechanical condition of motor vehicle/road condition,Four lanes or more with central divider,Straight road,,Fine,AP 27V   4309,P.V ,Fatal,0
17.07.2015,9:20 PM,1224.8,RHS,Rural,Medarametla,Overturning, Lorry overturned,Lorry,Non injury,Defect in mechanical condition of motor vehicle/road condition,Four lanes or more with central divider,Straight road,,Fine,AP 27V   4309,P.V ,Grevious,0
17.07.2015,9:20 PM,1224.8,RHS,Rural,Medarametla,Overturning, Lorry overturned,Lorry,Non injury,Defect in mechanical condition of motor vehicle/road condition,Four lanes or more with central divider,Straight road,,Fine,AP 27V   4309,P.V ,Minor,0
17.07.2015,9:20 PM,1224.8,RHS,Rural,Medarametla,Overturning, Lorry overturned,Lorry,Non injury,Defect in mechanical condition of motor vehicle/road condition,Four lanes or more with central divider,Straight road,,Fine,AP 27V   4309,P.V ,Non injured ,1
17.07.2015,9:20 PM,1224.8,RHS,Rural,Medarametla,Overturning, Lorry overturned,Lorry,Non injury,Defect in mechanical condition of motor vehicle/road condition,Four lanes or more with central divider,Straight road,,Fine,AP 27V   4309,P.V ,Animals affected,0
18.07.2015,5:55 AM,1273.2,RHS,Rural,Singarayakonda,Rear End Collision, Unknown Vehicle hit Bike,Unknown,Fatal,Over speed,Four lanes or more with central divider,Straight road,,Fine,Unknown Vehicle,P.V,Fatal,1
18.07.2015,5:55 AM,1273.2,RHS,Rural,Singarayakonda,Rear End Collision, Unknown Vehicle hit Bike,Unknown,Fatal,Over speed,Four lanes or more with central divider,Straight road,,Fine,Unknown Vehicle,P.V,Grevious,0
18.07.2015,5:55 AM,1273.2,RHS,Rural,Singarayakonda,Rear End Collision, Unknown Vehicle hit Bike,Unknown,Fatal,Over speed,Four lanes or more with central divider,Straight road,,Fine,Unknown Vehicle,P.V,Minor,0
18.07.2015,5:55 AM,1273.2,RHS,Rural,Singarayakonda,Rear End Collision, Unknown Vehicle hit Bike,Unknown,Fatal,Over speed,Four lanes or more with central divider,Straight road,,Fine,Unknown Vehicle,P.V,Non injured ,0
18.07.2015,5:55 AM,1273.2,RHS,Rural,Singarayakonda,Rear End Collision, Unknown Vehicle hit Bike,Unknown,Fatal,Over speed,Four lanes or more with central divider,Straight road,,Fine,Unknown Vehicle,P.V,Animals affected,0
18.07.2015,9:04 AM,1210.7,RHS,Rural,Reningavaram,Collision Brush/Side Wipe,Car hit Bike,Car,Grievious injury,Over speed,Four lanes or more with central divider,Straight road,T-Junction,Fine,KA41   9176,P.V & AMB,Fatal,0
18.07.2015,9:04 AM,1210.7,RHS,Rural,Reningavaram,Collision Brush/Side Wipe,Car hit Bike,Car,Grievious injury,Over speed,Four lanes or more with central divider,Straight road,T-Junction,Fine,KA41   9176,P.V & AMB,Grevious,1
18.07.2015,9:04 AM,1210.7,RHS,Rural,Reningavaram,Collision Brush/Side Wipe,Car hit Bike,Car,Grievious injury,Over speed,Four lanes or more with central divider,Straight road,T-Junction,Fine,KA41   9176,P.V & AMB,Minor,1
18.07.2015,9:04 AM,1210.7,RHS,Rural,Reningavaram,Collision Brush/Side Wipe,Car hit Bike,Car,Grievious injury,Over speed,Four lanes or more with central divider,Straight road,T-Junction,Fine,KA41   9176,P.V & AMB,Non injured ,4
18.07.2015,9:04 AM,1210.7,RHS,Rural,Reningavaram,Collision Brush/Side Wipe,Car hit Bike,Car,Grievious injury,Over speed,Four lanes or more with central divider,Straight road,T-Junction,Fine,KA41   9176,P.V & AMB,Animals affected,0
18.07.2015,2:20 PM,1193.1,RHS,Rural,Martur,Overturning, Tempo Van Overturned,Van,Minor injury,Over speed,Four lanes or more with central divider,Straight road,,Fine,KA03AA 2017,P.V,Fatal,0
18.07.2015,2:20 PM,1193.1,RHS,Rural,Martur,Overturning, Tempo Van Overturned,Van,Minor injury,Over speed,Four lanes or more with central divider,Straight road,,Fine,KA03AA 2017,P.V,Grevious,0
18.07.2015,2:20 PM,1193.1,RHS,Rural,Martur,Overturning, Tempo Van Overturned,Van,Minor injury,Over speed,Four lanes or more with central divider,Straight road,,Fine,KA03AA 2017,P.V,Minor,3
18.07.2015,2:20 PM,1193.1,RHS,Rural,Martur,Overturning, Tempo Van Overturned,Van,Minor injury,Over speed,Four lanes or more with central divider,Straight road,,Fine,KA03AA 2017,P.V,Non injured ,9
18.07.2015,2:20 PM,1193.1,RHS,Rural,Martur,Overturning, Tempo Van Overturned,Van,Minor injury,Over speed,Four lanes or more with central divider,Straight road,,Fine,KA03AA 2017,P.V,Animals affected,0
19.07.2015,1:45 AM,1197.9,LHS,Rural,Martur,Overturning, Car  Overturned,Car,Grievious injury,Druken,Four lanes or more with central divider,Straight road,,Fine,AP21AE  3075,P.V,Fatal,0
19.07.2015,1:45 AM,1197.9,LHS,Rural,Martur,Overturning, Car  Overturned,Car,Grievious injury,Druken,Four lanes or more with central divider,Straight road,,Fine,AP21AE  3075,P.V,Grevious,1
19.07.2015,1:45 AM,1197.9,LHS,Rural,Martur,Overturning, Car  Overturned,Car,Grievious injury,Druken,Four lanes or more with central divider,Straight road,,Fine,AP21AE  3075,P.V,Minor,3
19.07.2015,1:45 AM,1197.9,LHS,Rural,Martur,Overturning, Car  Overturned,Car,Grievious injury,Druken,Four lanes or more with central divider,Straight road,,Fine,AP21AE  3075,P.V,Non injured ,1
19.07.2015,1:45 AM,1197.9,LHS,Rural,Martur,Overturning, Car  Overturned,Car,Grievious injury,Druken,Four lanes or more with central divider,Straight road,,Fine,AP21AE  3075,P.V,Animals affected,0
19.07.2015,2:55 AM,1297.2,LHS,Rural,Ulavapadu,Collision Brush/Side Wipe,Car hit Unknown Vehicle,Car,Minor injury,Fault of driver of motor vehicle/driver of other vehicle/cyclist/pedestrian/passenger,Four lanes or more with central divider,Straight road,,Fine,AP26 T/R,P.V,Fatal,0
19.07.2015,2:55 AM,1297.2,LHS,Rural,Ulavapadu,Collision Brush/Side Wipe,Car hit Unknown Vehicle,Car,Minor injury,Fault of driver of motor vehicle/driver of other vehicle/cyclist/pedestrian/passenger,Four lanes or more with central divider,Straight road,,Fine,AP26 T/R,P.V,Grevious,0
19.07.2015,2:55 AM,1297.2,LHS,Rural,Ulavapadu,Collision Brush/Side Wipe,Car hit Unknown Vehicle,Car,Minor injury,Fault of driver of motor vehicle/driver of other vehicle/cyclist/pedestrian/passenger,Four lanes or more with central divider,Straight road,,Fine,AP26 T/R,P.V,Minor,3
19.07.2015,2:55 AM,1297.2,LHS,Rural,Ulavapadu,Collision Brush/Side Wipe,Car hit Unknown Vehicle,Car,Minor injury,Fault of driver of motor vehicle/driver of other vehicle/cyclist/pedestrian/passenger,Four lanes or more with central divider,Straight road,,Fine,AP26 T/R,P.V,Non injured ,4
19.07.2015,2:55 AM,1297.2,LHS,Rural,Ulavapadu,Collision Brush/Side Wipe,Car hit Unknown Vehicle,Car,Minor injury,Fault of driver of motor vehicle/driver of other vehicle/cyclist/pedestrian/passenger,Four lanes or more with central divider,Straight road,,Fine,AP26 T/R,P.V,Animals affected,0
19.07.2015,4:02 AM,1265,RHS,Rural,Tangutur,Rear End Collision, Tata Magic  vehicle hit unknown vehicle,Auto,Fatal,Over speed,Four lanes or more with central divider,Straight road,,Fine,AP 26 TB 0831,P.V & AMB,Fatal,1
19.07.2015,4:02 AM,1265,RHS,Rural,Tangutur,Rear End Collision, Tata Magic  vehicle hit unknown vehicle,Auto,Fatal,Over speed,Four lanes or more with central divider,Straight road,,Fine,AP 26 TB 0831,P.V & AMB,Grevious,2
19.07.2015,4:02 AM,1265,RHS,Rural,Tangutur,Rear End Collision, Tata Magic  vehicle hit unknown vehicle,Auto,Fatal,Over speed,Four lanes or more with central divider,Straight road,,Fine,AP 26 TB 0831,P.V & AMB,Minor,3
19.07.2015,4:02 AM,1265,RHS,Rural,Tangutur,Rear End Collision, Tata Magic  vehicle hit unknown vehicle,Auto,Fatal,Over speed,Four lanes or more with central divider,Straight road,,Fine,AP 26 TB 0831,P.V & AMB,Non injured ,2
19.07.2015,4:02 AM,1265,RHS,Rural,Tangutur,Rear End Collision, Tata Magic  vehicle hit unknown vehicle,Auto,Fatal,Over speed,Four lanes or more with central divider,Straight road,,Fine,AP 26 TB 0831,P.V & AMB,Animals affected,0
19.07.2015,4:00 PM,1260.6,LHS,Rural,Tangutur,Collision Brush/Side Wipe, RTC Bus hit TVS Xl mopad,Bus,Grievious injury,Over speed,Four lanes or more with central divider,Straight road,,Fine,AP 07 Z 0041,P.V & AMB,Fatal,0
19.07.2015,4:00 PM,1260.6,LHS,Rural,Tangutur,Collision Brush/Side Wipe, RTC Bus hit TVS Xl mopad,Bus,Grievious injury,Over speed,Four lanes or more with central divider,Straight road,,Fine,AP 07 Z 0041,P.V & AMB,Grevious,1
19.07.2015,4:00 PM,1260.6,LHS,Rural,Tangutur,Collision Brush/Side Wipe, RTC Bus hit TVS Xl mopad,Bus,Grievious injury,Over speed,Four lanes or more with central divider,Straight road,,Fine,AP 07 Z 0041,P.V & AMB,Minor,0
19.07.2015,4:00 PM,1260.6,LHS,Rural,Tangutur,Collision Brush/Side Wipe, RTC Bus hit TVS Xl mopad,Bus,Grievious injury,Over speed,Four lanes or more with central divider,Straight road,,Fine,AP 07 Z 0041,P.V & AMB,Non injured ,20
19.07.2015,4:00 PM,1260.6,LHS,Rural,Tangutur,Collision Brush/Side Wipe, RTC Bus hit TVS Xl mopad,Bus,Grievious injury,Over speed,Four lanes or more with central divider,Straight road,,Fine,AP 07 Z 0041,P.V & AMB,Animals affected,0
20.07.2015,1:52 AM,1333.7,RHS,Rural,K.Tippa ,Rear End Collision, Container vehicle hit                  ,Container,Fatal,Over speed,Four lanes or more with central divider,Straight road,,Fine,AP03TB 3334,P.V&A.M.B,Fatal,3
20.07.2015,1:52 AM,1333.7,RHS,Rural,K.Tippa ,Rear End Collision, Container vehicle hit                  ,Container,Fatal,Over speed,Four lanes or more with central divider,Straight road,,Fine,AP03TB 3334,P.V&A.M.B,Grevious,6
20.07.2015,1:52 AM,1333.7,RHS,Rural,K.Tippa ,Rear End Collision, Container vehicle hit                  ,Container,Fatal,Over speed,Four lanes or more with central divider,Straight road,,Fine,AP03TB 3334,P.V&A.M.B,Minor,1
20.07.2015,1:52 AM,1333.7,RHS,Rural,K.Tippa ,Rear End Collision, Container vehicle hit                  ,Container,Fatal,Over speed,Four lanes or more with central divider,Straight road,,Fine,AP03TB 3334,P.V&A.M.B,Non injured ,46
20.07.2015,1:52 AM,1333.7,RHS,Rural,K.Tippa ,Rear End Collision, Container vehicle hit                  ,Container,Fatal,Over speed,Four lanes or more with central divider,Straight road,,Fine,AP03TB 3334,P.V&A.M.B,Animals affected,0
20.07.2015,11:10 AM,1358.9,LHS,Rural,Kodavaluru,Rear End Collision, Lorry hit CC Barriers,Lorry,Non injury,Over speed,Four lanes or more with central divider,Straight road,,Fine,AP27TT 5769,P.V,Fatal,0
20.07.2015,11:10 AM,1358.9,LHS,Rural,Kodavaluru,Rear End Collision, Lorry hit CC Barriers,Lorry,Non injury,Over speed,Four lanes or more with central divider,Straight road,,Fine,AP27TT 5769,P.V,Grevious,0
20.07.2015,11:10 AM,1358.9,LHS,Rural,Kodavaluru,Rear End Collision, Lorry hit CC Barriers,Lorry,Non injury,Over speed,Four lanes or more with central divider,Straight road,,Fine,AP27TT 5769,P.V,Minor,0
20.07.2015,11:10 AM,1358.9,LHS,Rural,Kodavaluru,Rear End Collision, Lorry hit CC Barriers,Lorry,Non injury,Over speed,Four lanes or more with central divider,Straight road,,Fine,AP27TT 5769,P.V,Non injured ,2
20.07.2015,11:10 AM,1358.9,LHS,Rural,Kodavaluru,Rear End Collision, Lorry hit CC Barriers,Lorry,Non injury,Over speed,Four lanes or more with central divider,Straight road,,Fine,AP27TT 5769,P.V,Animals affected,0
20.07.2015,5:50 PM,1245.1,LHS,Rural,Ongole,Collision Brush/Side Wipe, Bolero vehicle hit            Unknown v,Car,Non injury,Over speed,Four lanes or more with central divider,Straight road,,Fine,AP27AW 5166,P.V,Fatal,0
20.07.2015,5:50 PM,1245.1,LHS,Rural,Ongole,Collision Brush/Side Wipe, Bolero vehicle hit            Unknown v,Car,Non injury,Over speed,Four lanes or more with central divider,Straight road,,Fine,AP27AW 5166,P.V,Grevious,0
20.07.2015,5:50 PM,1245.1,LHS,Rural,Ongole,Collision Brush/Side Wipe, Bolero vehicle hit            Unknown v,Car,Non injury,Over speed,Four lanes or more with central divider,Straight road,,Fine,AP27AW 5166,P.V,Minor,0
20.07.2015,5:50 PM,1245.1,LHS,Rural,Ongole,Collision Brush/Side Wipe, Bolero vehicle hit            Unknown v,Car,Non injury,Over speed,Four lanes or more with central divider,Straight road,,Fine,AP27AW 5166,P.V,Non injured ,6
20.07.2015,5:50 PM,1245.1,LHS,Rural,Ongole,Collision Brush/Side Wipe, Bolero vehicle hit            Unknown v,Car,Non injury,Over speed,Four lanes or more with central divider,Straight road,,Fine,AP27AW 5166,P.V,Animals affected,0
21.07.2015,12:20 AM,1317.1,LHS,Rural,Kavali,Collision Brush/Side Wipe, APSRTC Bus hit  Median,Bus,Non injury,Fault of driver of motor vehicle/driver of other vehicle/cyclist/pedestrian/passenger,Four lanes or more with central divider,Straight road,,Fine,AP29Z      0743,P.V,Fatal,0
21.07.2015,12:20 AM,1317.1,LHS,Rural,Kavali,Collision Brush/Side Wipe, APSRTC Bus hit  Median,Bus,Non injury,Fault of driver of motor vehicle/driver of other vehicle/cyclist/pedestrian/passenger,Four lanes or more with central divider,Straight road,,Fine,AP29Z      0743,P.V,Grevious,0
21.07.2015,12:20 AM,1317.1,LHS,Rural,Kavali,Collision Brush/Side Wipe, APSRTC Bus hit  Median,Bus,Non injury,Fault of driver of motor vehicle/driver of other vehicle/cyclist/pedestrian/passenger,Four lanes or more with central divider,Straight road,,Fine,AP29Z      0743,P.V,Minor,0
21.07.2015,12:20 AM,1317.1,LHS,Rural,Kavali,Collision Brush/Side Wipe, APSRTC Bus hit  Median,Bus,Non injury,Fault of driver of motor vehicle/driver of other vehicle/cyclist/pedestrian/passenger,Four lanes or more with central divider,Straight road,,Fine,AP29Z      0743,P.V,Non injured ,29
21.07.2015,12:20 AM,1317.1,LHS,Rural,Kavali,Collision Brush/Side Wipe, APSRTC Bus hit  Median,Bus,Non injury,Fault of driver of motor vehicle/driver of other vehicle/cyclist/pedestrian/passenger,Four lanes or more with central divider,Straight road,,Fine,AP29Z      0743,P.V,Animals affected,0
21.07.2015,2:10 AM,1251.6,LHS,Rural,Ongole,Overturning, Mahindra Van Overturned,Van,Minor injury,Over speed,Four lanes or more with central divider,Straight road,,Fine,AP27TB 8343,P.V,Fatal,0
21.07.2015,2:10 AM,1251.6,LHS,Rural,Ongole,Overturning, Mahindra Van Overturned,Van,Minor injury,Over speed,Four lanes or more with central divider,Straight road,,Fine,AP27TB 8343,P.V,Grevious,0
21.07.2015,2:10 AM,1251.6,LHS,Rural,Ongole,Overturning, Mahindra Van Overturned,Van,Minor injury,Over speed,Four lanes or more with central divider,Straight road,,Fine,AP27TB 8343,P.V,Minor,4
21.07.2015,2:10 AM,1251.6,LHS,Rural,Ongole,Overturning, Mahindra Van Overturned,Van,Minor injury,Over speed,Four lanes or more with central divider,Straight road,,Fine,AP27TB 8343,P.V,Non injured ,6
21.07.2015,2:10 AM,1251.6,LHS,Rural,Ongole,Overturning, Mahindra Van Overturned,Van,Minor injury,Over speed,Four lanes or more with central divider,Straight road,,Fine,AP27TB 8343,P.V,Animals affected,0
21.07.2015,2:15 AM,1217,LHS,Rural,Medarametla,Collision Brush/Side Wipe, Car hit CC Barriers,Car,Non injury,Over speed,Four lanes or more with central divider,Straight road,,Fine,KA53B     5892,P.V,Fatal,0
21.07.2015,2:15 AM,1217,LHS,Rural,Medarametla,Collision Brush/Side Wipe, Car hit CC Barriers,Car,Non injury,Over speed,Four lanes or more with central divider,Straight road,,Fine,KA53B     5892,P.V,Grevious,0
21.07.2015,2:15 AM,1217,LHS,Rural,Medarametla,Collision Brush/Side Wipe, Car hit CC Barriers,Car,Non injury,Over speed,Four lanes or more with central divider,Straight road,,Fine,KA53B     5892,P.V,Minor,0
21.07.2015,2:15 AM,1217,LHS,Rural,Medarametla,Collision Brush/Side Wipe, Car hit CC Barriers,Car,Non injury,Over speed,Four lanes or more with central divider,Straight road,,Fine,KA53B     5892,P.V,Non injured ,7
21.07.2015,2:15 AM,1217,LHS,Rural,Medarametla,Collision Brush/Side Wipe, Car hit CC Barriers,Car,Non injury,Over speed,Four lanes or more with central divider,Straight road,,Fine,KA53B     5892,P.V,Animals affected,0
21.07.2015,5:40 AM,1212.4,RHS,Rural,Reningavaram,Collision Brush/Side Wipe, Tata Sumo vehicle hit Unknown vehicle ,Car,Grievious injury,Fault of driver of motor vehicle/driver of other vehicle/cyclist/pedestrian/passenger,Four lanes or more with central divider,Straight road,,Fine,KA05D    0939,P.V&A.M.B,Fatal,0
21.07.2015,5:40 AM,1212.4,RHS,Rural,Reningavaram,Collision Brush/Side Wipe, Tata Sumo vehicle hit Unknown vehicle ,Car,Grievious injury,Fault of driver of motor vehicle/driver of other vehicle/cyclist/pedestrian/passenger,Four lanes or more with central divider,Straight road,,Fine,KA05D    0939,P.V&A.M.B,Grevious,1
21.07.2015,5:40 AM,1212.4,RHS,Rural,Reningavaram,Collision Brush/Side Wipe, Tata Sumo vehicle hit Unknown vehicle ,Car,Grievious injury,Fault of driver of motor vehicle/driver of other vehicle/cyclist/pedestrian/passenger,Four lanes or more with central divider,Straight road,,Fine,KA05D    0939,P.V&A.M.B,Minor,5
21.07.2015,5:40 AM,1212.4,RHS,Rural,Reningavaram,Collision Brush/Side Wipe, Tata Sumo vehicle hit Unknown vehicle ,Car,Grievious injury,Fault of driver of motor vehicle/driver of other vehicle/cyclist/pedestrian/passenger,Four lanes or more with central divider,Straight road,,Fine,KA05D    0939,P.V&A.M.B,Non injured ,5
21.07.2015,5:40 AM,1212.4,RHS,Rural,Reningavaram,Collision Brush/Side Wipe, Tata Sumo vehicle hit Unknown vehicle ,Car,Grievious injury,Fault of driver of motor vehicle/driver of other vehicle/cyclist/pedestrian/passenger,Four lanes or more with central divider,Straight road,,Fine,KA05D    0939,P.V&A.M.B,Animals affected,0
22.07.2015,12:01 AM,1197.4,LHS,Rural,Martur,Rear End Collision, Lorry hit Car,Lorry,Minor injury,Fault of driver of motor vehicle/driver of other vehicle/cyclist/pedestrian/passenger,Four lanes or more with central divider,Straight road,,Fine,AP26TT 7209,P.V&A.M.B,Fatal,0
22.07.2015,12:01 AM,1197.4,LHS,Rural,Martur,Rear End Collision, Lorry hit Car,Lorry,Minor injury,Fault of driver of motor vehicle/driver of other vehicle/cyclist/pedestrian/passenger,Four lanes or more with central divider,Straight road,,Fine,AP26TT 7209,P.V&A.M.B,Grevious,0
22.07.2015,12:01 AM,1197.4,LHS,Rural,Martur,Rear End Collision, Lorry hit Car,Lorry,Minor injury,Fault of driver of motor vehicle/driver of other vehicle/cyclist/pedestrian/passenger,Four lanes or more with central divider,Straight road,,Fine,AP26TT 7209,P.V&A.M.B,Minor,1
22.07.2015,12:01 AM,1197.4,LHS,Rural,Martur,Rear End Collision, Lorry hit Car,Lorry,Minor injury,Fault of driver of motor vehicle/driver of other vehicle/cyclist/pedestrian/passenger,Four lanes or more with central divider,Straight road,,Fine,AP26TT 7209,P.V&A.M.B,Non injured ,0