Operational date,Time of Accident,KM && M,Position,Rural/Urban,Location,Nature of Accident Position,Nature of Accident,Vehicle Involved,Type of Accident,Causes,Road Feature,Road condition,Intersection Type And Control,Weather Condition,Vehicle Responsible,Help Provided by Ambulance/Patroling Vehicle,Classification of Accident,No of Affected Persons
22.07.2015,12:01 AM,1197.4,LHS,Rural,Martur,Rear End Collision, Lorry hit Car,Lorry,Minor injury,Fault of driver of motor vehicle/driver of other vehicle/cyclist/pedestrian/passenger,Four lanes or more with central divider,Straight road,,Fine,AP26TT 7209,P.V&A.M.B,Animals affected,0
22.07.2015,3:30 AM,1191.8,LHS,Rural,Martur,Collision Brush/Side Wipe, Tempo Van hit Median ,Van,Non injury,Fault of driver of motor vehicle/driver of other vehicle/cyclist/pedestrian/passenger,Four lanes or more with central divider,Sharp curve,,Fine,AP26W 7037,P.V,Fatal,0
22.07.2015,3:30 AM,1191.8,LHS,Rural,Martur,Collision Brush/Side Wipe, Tempo Van hit Median ,Van,Non injury,Fault of driver of motor vehicle/driver of other vehicle/cyclist/pedestrian/passenger,Four lanes or more with central divider,Sharp curve,,Fine,AP26W 7037,P.V,Grevious,0
22.07.2015,3:30 AM,1191.8,LHS,Rural,Martur,Collision Brush/Side Wipe, Tempo Van hit Median ,Van,Non injury,Fault of driver of motor vehicle/driver of other vehicle/cyclist/pedestrian/passenger,Four lanes or more with central divider,Sharp curve,,Fine,AP26W 7037,P.V,Minor,0
22.07.2015,3:30 AM,1191.8,LHS,Rural,Martur,Collision Brush/Side Wipe, Tempo Van hit Median ,Van,Non injury,Fault of driver of motor vehicle/driver of other vehicle/cyclist/pedestrian/passenger,Four lanes or more with central divider,Sharp curve,,Fine,AP26W 7037,P.V,Non injured ,10
22.07.2015,3:30 AM,1191.8,LHS,Rural,Martur,Collision Brush/Side Wipe, Tempo Van hit Median ,Van,Non injury,Fault of driver of motor vehicle/driver of other vehicle/cyclist/pedestrian/passenger,Four lanes or more with central divider,Sharp curve,,Fine,AP26W 7037,P.V,Animals affected,0
22.07.2015,4:40 AM,1306.2,RHS,Rural,Gudluru,Rear End Collision, Car hit Unknown vehicle,Car,Non injury,Over speed,Four lanes or more with central divider,Straight road,,Fine,AP31AW 747,P.V,Fatal,0
22.07.2015,4:40 AM,1306.2,RHS,Rural,Gudluru,Rear End Collision, Car hit Unknown vehicle,Car,Non injury,Over speed,Four lanes or more with central divider,Straight road,,Fine,AP31AW 747,P.V,Grevious,0
22.07.2015,4:40 AM,1306.2,RHS,Rural,Gudluru,Rear End Collision, Car hit Unknown vehicle,Car,Non injury,Over speed,Four lanes or more with central divider,Straight road,,Fine,AP31AW 747,P.V,Minor,0
22.07.2015,4:40 AM,1306.2,RHS,Rural,Gudluru,Rear End Collision, Car hit Unknown vehicle,Car,Non injury,Over speed,Four lanes or more with central divider,Straight road,,Fine,AP31AW 747,P.V,Non injured ,1
22.07.2015,4:40 AM,1306.2,RHS,Rural,Gudluru,Rear End Collision, Car hit Unknown vehicle,Car,Non injury,Over speed,Four lanes or more with central divider,Straight road,,Fine,AP31AW 747,P.V,Animals affected,0
22.07.2015,8:55 AM,1190.5,RHS,Rural,Martur,Collision Brush/Side Wipe, Unknown vehicle hit Pedestrian,Unknown,Grievious injury,Over speed,Four lanes or more with central divider,Straight road,,Fine,Unknown vehicle,A.M.B,Fatal,0
22.07.2015,8:55 AM,1190.5,RHS,Rural,Martur,Collision Brush/Side Wipe, Unknown vehicle hit Pedestrian,Unknown,Grievious injury,Over speed,Four lanes or more with central divider,Straight road,,Fine,Unknown vehicle,A.M.B,Grevious,1
22.07.2015,8:55 AM,1190.5,RHS,Rural,Martur,Collision Brush/Side Wipe, Unknown vehicle hit Pedestrian,Unknown,Grievious injury,Over speed,Four lanes or more with central divider,Straight road,,Fine,Unknown vehicle,A.M.B,Minor,0
22.07.2015,8:55 AM,1190.5,RHS,Rural,Martur,Collision Brush/Side Wipe, Unknown vehicle hit Pedestrian,Unknown,Grievious injury,Over speed,Four lanes or more with central divider,Straight road,,Fine,Unknown vehicle,A.M.B,Non injured ,0
22.07.2015,8:55 AM,1190.5,RHS,Rural,Martur,Collision Brush/Side Wipe, Unknown vehicle hit Pedestrian,Unknown,Grievious injury,Over speed,Four lanes or more with central divider,Straight road,,Fine,Unknown vehicle,A.M.B,Animals affected,0
22.07.2015,11:45 PM,1255.8,LHS,Rural,Tangutur,Collision Brush/Side Wipe, Car hit CC Barriers,Car,Non injury,Fault of driver of motor vehicle/driver of other vehicle/cyclist/pedestrian/passenger,Four lanes or more with central divider,Straight road,,Fine,AP26P      8796,P.V,Fatal,0
22.07.2015,11:45 PM,1255.8,LHS,Rural,Tangutur,Collision Brush/Side Wipe, Car hit CC Barriers,Car,Non injury,Fault of driver of motor vehicle/driver of other vehicle/cyclist/pedestrian/passenger,Four lanes or more with central divider,Straight road,,Fine,AP26P      8796,P.V,Grevious,0
22.07.2015,11:45 PM,1255.8,LHS,Rural,Tangutur,Collision Brush/Side Wipe, Car hit CC Barriers,Car,Non injury,Fault of driver of motor vehicle/driver of other vehicle/cyclist/pedestrian/passenger,Four lanes or more with central divider,Straight road,,Fine,AP26P      8796,P.V,Minor,0
22.07.2015,11:45 PM,1255.8,LHS,Rural,Tangutur,Collision Brush/Side Wipe, Car hit CC Barriers,Car,Non injury,Fault of driver of motor vehicle/driver of other vehicle/cyclist/pedestrian/passenger,Four lanes or more with central divider,Straight road,,Fine,AP26P      8796,P.V,Non injured ,7
22.07.2015,11:45 PM,1255.8,LHS,Rural,Tangutur,Collision Brush/Side Wipe, Car hit CC Barriers,Car,Non injury,Fault of driver of motor vehicle/driver of other vehicle/cyclist/pedestrian/passenger,Four lanes or more with central divider,Straight road,,Fine,AP26P      8796,P.V,Animals affected,0
23.07.2015,5:00 AM,1257.5,RHS,Rural,Tangutur,Collision Brush/Side Wipe, Mini Lorry hit Car,Lorry,Fatal,Over speed,Four lanes or more with central divider,Straight road,,Fine,AP16W 4491,P.V,Fatal,1
23.07.2015,5:00 AM,1257.5,RHS,Rural,Tangutur,Collision Brush/Side Wipe, Mini Lorry hit Car,Lorry,Fatal,Over speed,Four lanes or more with central divider,Straight road,,Fine,AP16W 4491,P.V,Grevious,1
23.07.2015,5:00 AM,1257.5,RHS,Rural,Tangutur,Collision Brush/Side Wipe, Mini Lorry hit Car,Lorry,Fatal,Over speed,Four lanes or more with central divider,Straight road,,Fine,AP16W 4491,P.V,Minor,2
23.07.2015,5:00 AM,1257.5,RHS,Rural,Tangutur,Collision Brush/Side Wipe, Mini Lorry hit Car,Lorry,Fatal,Over speed,Four lanes or more with central divider,Straight road,,Fine,AP16W 4491,P.V,Non injured ,7
23.07.2015,5:00 AM,1257.5,RHS,Rural,Tangutur,Collision Brush/Side Wipe, Mini Lorry hit Car,Lorry,Fatal,Over speed,Four lanes or more with central divider,Straight road,,Fine,AP16W 4491,P.V,Animals affected,0
23.07.2015,7:30 AM,1310.4,LHS,Rural,Kavali,Rear End Collision, Car hit Lorry,Car,Minor injury,Over speed,Four lanes or more with central divider,Slight curve,,Fine,AP04Q     3999,P.V,Fatal,0
23.07.2015,7:30 AM,1310.4,LHS,Rural,Kavali,Rear End Collision, Car hit Lorry,Car,Minor injury,Over speed,Four lanes or more with central divider,Slight curve,,Fine,AP04Q     3999,P.V,Grevious,0
23.07.2015,7:30 AM,1310.4,LHS,Rural,Kavali,Rear End Collision, Car hit Lorry,Car,Minor injury,Over speed,Four lanes or more with central divider,Slight curve,,Fine,AP04Q     3999,P.V,Minor,5
23.07.2015,7:30 AM,1310.4,LHS,Rural,Kavali,Rear End Collision, Car hit Lorry,Car,Minor injury,Over speed,Four lanes or more with central divider,Slight curve,,Fine,AP04Q     3999,P.V,Non injured ,3
23.07.2015,7:30 AM,1310.4,LHS,Rural,Kavali,Rear End Collision, Car hit Lorry,Car,Minor injury,Over speed,Four lanes or more with central divider,Slight curve,,Fine,AP04Q     3999,P.V,Animals affected,0
23.07.2015,11:50 AM,1245.1,RHS,Rural,Ongole,Collision Brush/Side Wipe, Container vehicle hit Car,Container,Minor injury,Over speed,Four lanes or more with central divider,Straight road,,Fine,HR55J      7030,P.V,Fatal,0
23.07.2015,11:50 AM,1245.1,RHS,Rural,Ongole,Collision Brush/Side Wipe, Container vehicle hit Car,Container,Minor injury,Over speed,Four lanes or more with central divider,Straight road,,Fine,HR55J      7030,P.V,Grevious,0
23.07.2015,11:50 AM,1245.1,RHS,Rural,Ongole,Collision Brush/Side Wipe, Container vehicle hit Car,Container,Minor injury,Over speed,Four lanes or more with central divider,Straight road,,Fine,HR55J      7030,P.V,Minor,2
23.07.2015,11:50 AM,1245.1,RHS,Rural,Ongole,Collision Brush/Side Wipe, Container vehicle hit Car,Container,Minor injury,Over speed,Four lanes or more with central divider,Straight road,,Fine,HR55J      7030,P.V,Non injured ,2
23.07.2015,11:50 AM,1245.1,RHS,Rural,Ongole,Collision Brush/Side Wipe, Container vehicle hit Car,Container,Minor injury,Over speed,Four lanes or more with central divider,Straight road,,Fine,HR55J      7030,P.V,Animals affected,0
23.07.2015,7:32 PM,1287.8,RHS,Rural,Ulavapadu,Collision Brush/Side Wipe, Lorry hit Sheep,Lorry,Non injury,Over speed,Four lanes or more with central divider,Straight road,,Fine,TN52B     1044,P.V,Fatal,0
23.07.2015,7:32 PM,1287.8,RHS,Rural,Ulavapadu,Collision Brush/Side Wipe, Lorry hit Sheep,Lorry,Non injury,Over speed,Four lanes or more with central divider,Straight road,,Fine,TN52B     1044,P.V,Grevious,0
23.07.2015,7:32 PM,1287.8,RHS,Rural,Ulavapadu,Collision Brush/Side Wipe, Lorry hit Sheep,Lorry,Non injury,Over speed,Four lanes or more with central divider,Straight road,,Fine,TN52B     1044,P.V,Minor,0
23.07.2015,7:32 PM,1287.8,RHS,Rural,Ulavapadu,Collision Brush/Side Wipe, Lorry hit Sheep,Lorry,Non injury,Over speed,Four lanes or more with central divider,Straight road,,Fine,TN52B     1044,P.V,Non injured ,2
23.07.2015,7:32 PM,1287.8,RHS,Rural,Ulavapadu,Collision Brush/Side Wipe, Lorry hit Sheep,Lorry,Non injury,Over speed,Four lanes or more with central divider,Straight road,,Fine,TN52B     1044,P.V,Animals affected,8
24.07.2015,12:02 AM,1252.9,RHS,Rural,Ongole,Collision Brush/Side Wipe, Tata sumo vehicle hit CC Barriers,Car,Non injury,Over speed,Two lanes,Sharp curve,,Fine,AP03BB 6290,P.V,Fatal,0
24.07.2015,12:02 AM,1252.9,RHS,Rural,Ongole,Collision Brush/Side Wipe, Tata sumo vehicle hit CC Barriers,Car,Non injury,Over speed,Two lanes,Sharp curve,,Fine,AP03BB 6290,P.V,Grevious,0
24.07.2015,12:02 AM,1252.9,RHS,Rural,Ongole,Collision Brush/Side Wipe, Tata sumo vehicle hit CC Barriers,Car,Non injury,Over speed,Two lanes,Sharp curve,,Fine,AP03BB 6290,P.V,Minor,0
24.07.2015,12:02 AM,1252.9,RHS,Rural,Ongole,Collision Brush/Side Wipe, Tata sumo vehicle hit CC Barriers,Car,Non injury,Over speed,Two lanes,Sharp curve,,Fine,AP03BB 6290,P.V,Non injured ,9
24.07.2015,12:02 AM,1252.9,RHS,Rural,Ongole,Collision Brush/Side Wipe, Tata sumo vehicle hit CC Barriers,Car,Non injury,Over speed,Two lanes,Sharp curve,,Fine,AP03BB 6290,P.V,Animals affected,0
24.07.2015,12:10 AM,1277.6,LHS,Rural,Singarayakonda,Overturning, Car Overturned,Car,Minor injury,Fault of driver of motor vehicle/driver of other vehicle/cyclist/pedestrian/passenger,Four lanes or more with central divider,Straight road,,Fine,TN22CF    1179,P.V&A.M.B,Fatal,0
24.07.2015,12:10 AM,1277.6,LHS,Rural,Singarayakonda,Overturning, Car Overturned,Car,Minor injury,Fault of driver of motor vehicle/driver of other vehicle/cyclist/pedestrian/passenger,Four lanes or more with central divider,Straight road,,Fine,TN22CF    1179,P.V&A.M.B,Grevious,0
24.07.2015,12:10 AM,1277.6,LHS,Rural,Singarayakonda,Overturning, Car Overturned,Car,Minor injury,Fault of driver of motor vehicle/driver of other vehicle/cyclist/pedestrian/passenger,Four lanes or more with central divider,Straight road,,Fine,TN22CF    1179,P.V&A.M.B,Minor,4
24.07.2015,12:10 AM,1277.6,LHS,Rural,Singarayakonda,Overturning, Car Overturned,Car,Minor injury,Fault of driver of motor vehicle/driver of other vehicle/cyclist/pedestrian/passenger,Four lanes or more with central divider,Straight road,,Fine,TN22CF    1179,P.V&A.M.B,Non injured ,1
24.07.2015,12:10 AM,1277.6,LHS,Rural,Singarayakonda,Overturning, Car Overturned,Car,Minor injury,Fault of driver of motor vehicle/driver of other vehicle/cyclist/pedestrian/passenger,Four lanes or more with central divider,Straight road,,Fine,TN22CF    1179,P.V&A.M.B,Animals affected,0
24.07.2015,1:20 AM,1273.4,RHS,Rural,Singarayakonda,Collision Brush/Side Wipe, Car hit Buffalos ,Car,Non injury,Over speed,Four lanes or more with central divider,Slight curve,,Fine,AP13N    5771,P.V,Fatal,0
24.07.2015,1:20 AM,1273.4,RHS,Rural,Singarayakonda,Collision Brush/Side Wipe, Car hit Buffalos ,Car,Non injury,Over speed,Four lanes or more with central divider,Slight curve,,Fine,AP13N    5771,P.V,Grevious,0
24.07.2015,1:20 AM,1273.4,RHS,Rural,Singarayakonda,Collision Brush/Side Wipe, Car hit Buffalos ,Car,Non injury,Over speed,Four lanes or more with central divider,Slight curve,,Fine,AP13N    5771,P.V,Minor,0
24.07.2015,1:20 AM,1273.4,RHS,Rural,Singarayakonda,Collision Brush/Side Wipe, Car hit Buffalos ,Car,Non injury,Over speed,Four lanes or more with central divider,Slight curve,,Fine,AP13N    5771,P.V,Non injured ,8
24.07.2015,1:20 AM,1273.4,RHS,Rural,Singarayakonda,Collision Brush/Side Wipe, Car hit Buffalos ,Car,Non injury,Over speed,Four lanes or more with central divider,Slight curve,,Fine,AP13N    5771,P.V,Animals affected,2
24.07.2015,6:52 AM,1312.8,LHS,Rural,Kavali,Collision Brush/Side Wipe, Car hit Electrical pole,Car,Minor injury,Over speed,Four lanes or more with central divider,Straight road,,Fine,TN07AQ 2820,P.V,Fatal,0
24.07.2015,6:52 AM,1312.8,LHS,Rural,Kavali,Collision Brush/Side Wipe, Car hit Electrical pole,Car,Minor injury,Over speed,Four lanes or more with central divider,Straight road,,Fine,TN07AQ 2820,P.V,Grevious,0
24.07.2015,6:52 AM,1312.8,LHS,Rural,Kavali,Collision Brush/Side Wipe, Car hit Electrical pole,Car,Minor injury,Over speed,Four lanes or more with central divider,Straight road,,Fine,TN07AQ 2820,P.V,Minor,4
24.07.2015,6:52 AM,1312.8,LHS,Rural,Kavali,Collision Brush/Side Wipe, Car hit Electrical pole,Car,Minor injury,Over speed,Four lanes or more with central divider,Straight road,,Fine,TN07AQ 2820,P.V,Non injured ,4
24.07.2015,6:52 AM,1312.8,LHS,Rural,Kavali,Collision Brush/Side Wipe, Car hit Electrical pole,Car,Minor injury,Over speed,Four lanes or more with central divider,Straight road,,Fine,TN07AQ 2820,P.V,Animals affected,0
24.07.2015,10:15 AM,1225.6,RHS,Rural,Maddipadu,Rear End Collision, APSRTC Bus hit Lorry,Bus,Minor injury,Over speed,Four lanes or more with central divider,Straight road,,Fine,AP11Z     2411,P.V,Fatal,0
24.07.2015,10:15 AM,1225.6,RHS,Rural,Maddipadu,Rear End Collision, APSRTC Bus hit Lorry,Bus,Minor injury,Over speed,Four lanes or more with central divider,Straight road,,Fine,AP11Z     2411,P.V,Grevious,0
24.07.2015,10:15 AM,1225.6,RHS,Rural,Maddipadu,Rear End Collision, APSRTC Bus hit Lorry,Bus,Minor injury,Over speed,Four lanes or more with central divider,Straight road,,Fine,AP11Z     2411,P.V,Minor,1
24.07.2015,10:15 AM,1225.6,RHS,Rural,Maddipadu,Rear End Collision, APSRTC Bus hit Lorry,Bus,Minor injury,Over speed,Four lanes or more with central divider,Straight road,,Fine,AP11Z     2411,P.V,Non injured ,8
24.07.2015,10:15 AM,1225.6,RHS,Rural,Maddipadu,Rear End Collision, APSRTC Bus hit Lorry,Bus,Minor injury,Over speed,Four lanes or more with central divider,Straight road,,Fine,AP11Z     2411,P.V,Animals affected,0
24.07.2015,12:50 PM,1205.5,RHS,Rural,Reningavaram,Rear End Collision, Car hit Car,Car,Non injury,Over speed,Four lanes or more with central divider,Slight curve,,Fine,AP02AY 6203,P.V,Fatal,0
24.07.2015,12:50 PM,1205.5,RHS,Rural,Reningavaram,Rear End Collision, Car hit Car,Car,Non injury,Over speed,Four lanes or more with central divider,Slight curve,,Fine,AP02AY 6203,P.V,Grevious,0
24.07.2015,12:50 PM,1205.5,RHS,Rural,Reningavaram,Rear End Collision, Car hit Car,Car,Non injury,Over speed,Four lanes or more with central divider,Slight curve,,Fine,AP02AY 6203,P.V,Minor,0
24.07.2015,12:50 PM,1205.5,RHS,Rural,Reningavaram,Rear End Collision, Car hit Car,Car,Non injury,Over speed,Four lanes or more with central divider,Slight curve,,Fine,AP02AY 6203,P.V,Non injured ,4
24.07.2015,12:50 PM,1205.5,RHS,Rural,Reningavaram,Rear End Collision, Car hit Car,Car,Non injury,Over speed,Four lanes or more with central divider,Slight curve,,Fine,AP02AY 6203,P.V,Animals affected,0
24.07.2015,8:10 PM,1307,RHS,Rural,Gudluru,Collision Brush/Side Wipe, Unknown vehicle hit Car,Unknown,Non injury,Over speed,Three lanes or more without central divider(median),Straight road,Four arm junction,Fine,Unknown vehicle,p.v,Fatal,0
24.07.2015,8:10 PM,1307,RHS,Rural,Gudluru,Collision Brush/Side Wipe, Unknown vehicle hit Car,Unknown,Non injury,Over speed,Three lanes or more without central divider(median),Straight road,Four arm junction,Fine,Unknown vehicle,p.v,Grevious,0
24.07.2015,8:10 PM,1307,RHS,Rural,Gudluru,Collision Brush/Side Wipe, Unknown vehicle hit Car,Unknown,Non injury,Over speed,Three lanes or more without central divider(median),Straight road,Four arm junction,Fine,Unknown vehicle,p.v,Minor,0
24.07.2015,8:10 PM,1307,RHS,Rural,Gudluru,Collision Brush/Side Wipe, Unknown vehicle hit Car,Unknown,Non injury,Over speed,Three lanes or more without central divider(median),Straight road,Four arm junction,Fine,Unknown vehicle,p.v,Non injured ,2
24.07.2015,8:10 PM,1307,RHS,Rural,Gudluru,Collision Brush/Side Wipe, Unknown vehicle hit Car,Unknown,Non injury,Over speed,Three lanes or more without central divider(median),Straight road,Four arm junction,Fine,Unknown vehicle,p.v,Animals affected,0
25.07.2015,4:20 AM,1305.5,LHS,Rural,Gudluru,Collision Brush/Side Wipe, Car hit ROB Wall,Car,Non injury,Fault of driver of motor vehicle/driver of other vehicle/cyclist/pedestrian/passenger,Four lanes or more with central divider,Slight curve,,Fine,AP26TB 5277,P.V,Fatal,0
25.07.2015,4:20 AM,1305.5,LHS,Rural,Gudluru,Collision Brush/Side Wipe, Car hit ROB Wall,Car,Non injury,Fault of driver of motor vehicle/driver of other vehicle/cyclist/pedestrian/passenger,Four lanes or more with central divider,Slight curve,,Fine,AP26TB 5277,P.V,Grevious,0
25.07.2015,4:20 AM,1305.5,LHS,Rural,Gudluru,Collision Brush/Side Wipe, Car hit ROB Wall,Car,Non injury,Fault of driver of motor vehicle/driver of other vehicle/cyclist/pedestrian/passenger,Four lanes or more with central divider,Slight curve,,Fine,AP26TB 5277,P.V,Minor,0
25.07.2015,4:20 AM,1305.5,LHS,Rural,Gudluru,Collision Brush/Side Wipe, Car hit ROB Wall,Car,Non injury,Fault of driver of motor vehicle/driver of other vehicle/cyclist/pedestrian/passenger,Four lanes or more with central divider,Slight curve,,Fine,AP26TB 5277,P.V,Non injured ,4
25.07.2015,4:20 AM,1305.5,LHS,Rural,Gudluru,Collision Brush/Side Wipe, Car hit ROB Wall,Car,Non injury,Fault of driver of motor vehicle/driver of other vehicle/cyclist/pedestrian/passenger,Four lanes or more with central divider,Slight curve,,Fine,AP26TB 5277,P.V,Animals affected,0
25.07.2015,5:00 AM,1348.1,LHS,Rural,Dagadarthi,Rear End Collision, Lorry hit Lorry,Lorry,Grievious injury,Over speed,Four lanes or more with central divider,Straight road,,Fine,TN30M    3985,P.V&A.M.B,Fatal,0
25.07.2015,5:00 AM,1348.1,LHS,Rural,Dagadarthi,Rear End Collision, Lorry hit Lorry,Lorry,Grievious injury,Over speed,Four lanes or more with central divider,Straight road,,Fine,TN30M    3985,P.V&A.M.B,Grevious,1
25.07.2015,5:00 AM,1348.1,LHS,Rural,Dagadarthi,Rear End Collision, Lorry hit Lorry,Lorry,Grievious injury,Over speed,Four lanes or more with central divider,Straight road,,Fine,TN30M    3985,P.V&A.M.B,Minor,0
25.07.2015,5:00 AM,1348.1,LHS,Rural,Dagadarthi,Rear End Collision, Lorry hit Lorry,Lorry,Grievious injury,Over speed,Four lanes or more with central divider,Straight road,,Fine,TN30M    3985,P.V&A.M.B,Non injured ,1
25.07.2015,5:00 AM,1348.1,LHS,Rural,Dagadarthi,Rear End Collision, Lorry hit Lorry,Lorry,Grievious injury,Over speed,Four lanes or more with central divider,Straight road,,Fine,TN30M    3985,P.V&A.M.B,Animals affected,0
25.07.2015,5:05 AM,1355.3,LHS,Rural,Kodavaluru,Collision Brush/Side Wipe, Car hit CC Barriers,Car,Non injury,Over speed,Four lanes or more with central divider,Straight road,,Fine,AP26AU 7707,P.V,Fatal,0
25.07.2015,5:05 AM,1355.3,LHS,Rural,Kodavaluru,Collision Brush/Side Wipe, Car hit CC Barriers,Car,Non injury,Over speed,Four lanes or more with central divider,Straight road,,Fine,AP26AU 7707,P.V,Grevious,0
25.07.2015,5:05 AM,1355.3,LHS,Rural,Kodavaluru,Collision Brush/Side Wipe, Car hit CC Barriers,Car,Non injury,Over speed,Four lanes or more with central divider,Straight road,,Fine,AP26AU 7707,P.V,Minor,0
25.07.2015,5:05 AM,1355.3,LHS,Rural,Kodavaluru,Collision Brush/Side Wipe, Car hit CC Barriers,Car,Non injury,Over speed,Four lanes or more with central divider,Straight road,,Fine,AP26AU 7707,P.V,Non injured ,6
25.07.2015,5:05 AM,1355.3,LHS,Rural,Kodavaluru,Collision Brush/Side Wipe, Car hit CC Barriers,Car,Non injury,Over speed,Four lanes or more with central divider,Straight road,,Fine,AP26AU 7707,P.V,Animals affected,0
25.07.2015,6:35 AM,1334.5,RHS,Rural,K.Tippa ,Collision Brush/Side Wipe, Mini Lorry hit CC Barriers,Lorry,Non injury,Over speed,Four lanes or more with central divider,Straight road,,Fine,AP27TX 2947,P.V,Fatal,0
25.07.2015,6:35 AM,1334.5,RHS,Rural,K.Tippa ,Collision Brush/Side Wipe, Mini Lorry hit CC Barriers,Lorry,Non injury,Over speed,Four lanes or more with central divider,Straight road,,Fine,AP27TX 2947,P.V,Grevious,0
25.07.2015,6:35 AM,1334.5,RHS,Rural,K.Tippa ,Collision Brush/Side Wipe, Mini Lorry hit CC Barriers,Lorry,Non injury,Over speed,Four lanes or more with central divider,Straight road,,Fine,AP27TX 2947,P.V,Minor,0
25.07.2015,6:35 AM,1334.5,RHS,Rural,K.Tippa ,Collision Brush/Side Wipe, Mini Lorry hit CC Barriers,Lorry,Non injury,Over speed,Four lanes or more with central divider,Straight road,,Fine,AP27TX 2947,P.V,Non injured ,1
25.07.2015,6:35 AM,1334.5,RHS,Rural,K.Tippa ,Collision Brush/Side Wipe, Mini Lorry hit CC Barriers,Lorry,Non injury,Over speed,Four lanes or more with central divider,Straight road,,Fine,AP27TX 2947,P.V,Animals affected,0
25.07.2015,11:37 AM,1210.3,LHS,Rural,Reningavaram,Skidding, Bike skidding ,Bike,Minor injury,Over speed,Four lanes or more with central divider,Straight road,,Fine,AP27AM 9554,A.M.B,Fatal,0
25.07.2015,11:37 AM,1210.3,LHS,Rural,Reningavaram,Skidding, Bike skidding ,Bike,Minor injury,Over speed,Four lanes or more with central divider,Straight road,,Fine,AP27AM 9554,A.M.B,Grevious,0
25.07.2015,11:37 AM,1210.3,LHS,Rural,Reningavaram,Skidding, Bike skidding ,Bike,Minor injury,Over speed,Four lanes or more with central divider,Straight road,,Fine,AP27AM 9554,A.M.B,Minor,1
25.07.2015,11:37 AM,1210.3,LHS,Rural,Reningavaram,Skidding, Bike skidding ,Bike,Minor injury,Over speed,Four lanes or more with central divider,Straight road,,Fine,AP27AM 9554,A.M.B,Non injured ,0
25.07.2015,11:37 AM,1210.3,LHS,Rural,Reningavaram,Skidding, Bike skidding ,Bike,Minor injury,Over speed,Four lanes or more with central divider,Straight road,,Fine,AP27AM 9554,A.M.B,Animals affected,0
25.07.2015,9:10 PM,1329.6,RHS,Rural,Kavali,Collision Brush/Side Wipe, Bike hit Median,Bike,Minor injury,Druken,Four lanes or more with central divider,Straight road,,Fine,AP07BC 3626,A.M.B,Fatal,0
25.07.2015,9:10 PM,1329.6,RHS,Rural,Kavali,Collision Brush/Side Wipe, Bike hit Median,Bike,Minor injury,Druken,Four lanes or more with central divider,Straight road,,Fine,AP07BC 3626,A.M.B,Grevious,0
25.07.2015,9:10 PM,1329.6,RHS,Rural,Kavali,Collision Brush/Side Wipe, Bike hit Median,Bike,Minor injury,Druken,Four lanes or more with central divider,Straight road,,Fine,AP07BC 3626,A.M.B,Minor,1
25.07.2015,9:10 PM,1329.6,RHS,Rural,Kavali,Collision Brush/Side Wipe, Bike hit Median,Bike,Minor injury,Druken,Four lanes or more with central divider,Straight road,,Fine,AP07BC 3626,A.M.B,Non injured ,0
25.07.2015,9:10 PM,1329.6,RHS,Rural,Kavali,Collision Brush/Side Wipe, Bike hit Median,Bike,Minor injury,Druken,Four lanes or more with central divider,Straight road,,Fine,AP07BC 3626,A.M.B,Animals affected,0
26.07.2015,4:30 AM,1309.5,LHS,Rural,Kavali,Overturning,Lorry overturned,Lorry,Non injury,Fault of driver of motor vehicle/driver of other vehicle/cyclist/pedestrian/passenger,Four lanes or more with central divider,Straight road,,Fine,AP27 X 3123,P.V,Fatal,0
26.07.2015,4:30 AM,1309.5,LHS,Rural,Kavali,Overturning,Lorry overturned,Lorry,Non injury,Fault of driver of motor vehicle/driver of other vehicle/cyclist/pedestrian/passenger,Four lanes or more with central divider,Straight road,,Fine,AP27 X 3123,P.V,Grevious,0
26.07.2015,4:30 AM,1309.5,LHS,Rural,Kavali,Overturning,Lorry overturned,Lorry,Non injury,Fault of driver of motor vehicle/driver of other vehicle/cyclist/pedestrian/passenger,Four lanes or more with central divider,Straight road,,Fine,AP27 X 3123,P.V,Minor,0
26.07.2015,4:30 AM,1309.5,LHS,Rural,Kavali,Overturning,Lorry overturned,Lorry,Non injury,Fault of driver of motor vehicle/driver of other vehicle/cyclist/pedestrian/passenger,Four lanes or more with central divider,Straight road,,Fine,AP27 X 3123,P.V,Non injured ,1
26.07.2015,4:30 AM,1309.5,LHS,Rural,Kavali,Overturning,Lorry overturned,Lorry,Non injury,Fault of driver of motor vehicle/driver of other vehicle/cyclist/pedestrian/passenger,Four lanes or more with central divider,Straight road,,Fine,AP27 X 3123,P.V,Animals affected,0
26.07.2015,10:35 AM,1282.4,LHS,Rural,Singarayakonda,Rear End Collision, Car hIt Container Vehicle,Car,Grievious injury,Vehicle out of control,Four lanes or more with central divider,Straight road,,Fine,AP9 AS 117,P.V,Fatal,0
26.07.2015,10:35 AM,1282.4,LHS,Rural,Singarayakonda,Rear End Collision, Car hIt Container Vehicle,Car,Grievious injury,Vehicle out of control,Four lanes or more with central divider,Straight road,,Fine,AP9 AS 117,P.V,Grevious,2
26.07.2015,10:35 AM,1282.4,LHS,Rural,Singarayakonda,Rear End Collision, Car hIt Container Vehicle,Car,Grievious injury,Vehicle out of control,Four lanes or more with central divider,Straight road,,Fine,AP9 AS 117,P.V,Minor,3
26.07.2015,10:35 AM,1282.4,LHS,Rural,Singarayakonda,Rear End Collision, Car hIt Container Vehicle,Car,Grievious injury,Vehicle out of control,Four lanes or more with central divider,Straight road,,Fine,AP9 AS 117,P.V,Non injured ,2
26.07.2015,10:35 AM,1282.4,LHS,Rural,Singarayakonda,Rear End Collision, Car hIt Container Vehicle,Car,Grievious injury,Vehicle out of control,Four lanes or more with central divider,Straight road,,Fine,AP9 AS 117,P.V,Animals affected,0