Operational date,Time of Accident,KM && M,Position,Rural/Urban,Location,Nature of Accident Position,Nature of Accident,Vehicle Involved,Type of Accident,Causes,Road Feature,Road condition,Intersection Type And Control,Weather Condition,Vehicle Responsible,Help Provided by Ambulance/Patroling Vehicle,Classification of Accident,No of Affected Persons
26.07.2015,11:50 PM,1206.7,LHS,Rural,Reningavaram,Collision Brush/Side Wipe, Car hit VUP Bridge Wall,Car,Grievious injury,Defect in mechanical condition of motor vehicle/road condition,Four lanes or more with central divider,Straight road,,Fine,AP 11 AK 7133,P.V & AMB,Fatal,0
26.07.2015,11:50 PM,1206.7,LHS,Rural,Reningavaram,Collision Brush/Side Wipe, Car hit VUP Bridge Wall,Car,Grievious injury,Defect in mechanical condition of motor vehicle/road condition,Four lanes or more with central divider,Straight road,,Fine,AP 11 AK 7133,P.V & AMB,Grevious,1
26.07.2015,11:50 PM,1206.7,LHS,Rural,Reningavaram,Collision Brush/Side Wipe, Car hit VUP Bridge Wall,Car,Grievious injury,Defect in mechanical condition of motor vehicle/road condition,Four lanes or more with central divider,Straight road,,Fine,AP 11 AK 7133,P.V & AMB,Minor,2
26.07.2015,11:50 PM,1206.7,LHS,Rural,Reningavaram,Collision Brush/Side Wipe, Car hit VUP Bridge Wall,Car,Grievious injury,Defect in mechanical condition of motor vehicle/road condition,Four lanes or more with central divider,Straight road,,Fine,AP 11 AK 7133,P.V & AMB,Non injured ,6
26.07.2015,11:50 PM,1206.7,LHS,Rural,Reningavaram,Collision Brush/Side Wipe, Car hit VUP Bridge Wall,Car,Grievious injury,Defect in mechanical condition of motor vehicle/road condition,Four lanes or more with central divider,Straight road,,Fine,AP 11 AK 7133,P.V & AMB,Animals affected,0
27.07.2015,12:58 PM,1259.2,LHS,Rural,Tangutur,Rear End Collision,  Oil Tanker hit APSRTC Bus,Tanker,Non injury,Over speed,Four lanes or more with central divider,Straight road,,Fine,AP16TB  3589,P.V,Fatal,0
27.07.2015,12:58 PM,1259.2,LHS,Rural,Tangutur,Rear End Collision,  Oil Tanker hit APSRTC Bus,Tanker,Non injury,Over speed,Four lanes or more with central divider,Straight road,,Fine,AP16TB  3589,P.V,Grevious,0
27.07.2015,12:58 PM,1259.2,LHS,Rural,Tangutur,Rear End Collision,  Oil Tanker hit APSRTC Bus,Tanker,Non injury,Over speed,Four lanes or more with central divider,Straight road,,Fine,AP16TB  3589,P.V,Minor,0
27.07.2015,12:58 PM,1259.2,LHS,Rural,Tangutur,Rear End Collision,  Oil Tanker hit APSRTC Bus,Tanker,Non injury,Over speed,Four lanes or more with central divider,Straight road,,Fine,AP16TB  3589,P.V,Non injured ,23
27.07.2015,12:58 PM,1259.2,LHS,Rural,Tangutur,Rear End Collision,  Oil Tanker hit APSRTC Bus,Tanker,Non injury,Over speed,Four lanes or more with central divider,Straight road,,Fine,AP16TB  3589,P.V,Animals affected,0
27.07.2015,4:45 PM,1305.2,LHS,Rural,Gudluru,Collision Brush/Side Wipe, Car hit CC Barriers,Car,Non injury,Vehicle out of control,Four lanes or more with central divider,Sharp curve,,Fine,AP26AP  5678,P.V,Fatal,0
27.07.2015,4:45 PM,1305.2,LHS,Rural,Gudluru,Collision Brush/Side Wipe, Car hit CC Barriers,Car,Non injury,Vehicle out of control,Four lanes or more with central divider,Sharp curve,,Fine,AP26AP  5678,P.V,Grevious,0
27.07.2015,4:45 PM,1305.2,LHS,Rural,Gudluru,Collision Brush/Side Wipe, Car hit CC Barriers,Car,Non injury,Vehicle out of control,Four lanes or more with central divider,Sharp curve,,Fine,AP26AP  5678,P.V,Minor,0
27.07.2015,4:45 PM,1305.2,LHS,Rural,Gudluru,Collision Brush/Side Wipe, Car hit CC Barriers,Car,Non injury,Vehicle out of control,Four lanes or more with central divider,Sharp curve,,Fine,AP26AP  5678,P.V,Non injured ,3
27.07.2015,4:45 PM,1305.2,LHS,Rural,Gudluru,Collision Brush/Side Wipe, Car hit CC Barriers,Car,Non injury,Vehicle out of control,Four lanes or more with central divider,Sharp curve,,Fine,AP26AP  5678,P.V,Animals affected,0
27.07.2015,10:45 PM,1196.4,LHS,Rural,Martur,Rear End Collision, Car hit Unknown Vehicle,Car,Grievious injury,Over speed,Four lanes or more with central divider,Straight road,,Fine,AP04AJ  8092,"P.V,AMB",Fatal,0
27.07.2015,10:45 PM,1196.4,LHS,Rural,Martur,Rear End Collision, Car hit Unknown Vehicle,Car,Grievious injury,Over speed,Four lanes or more with central divider,Straight road,,Fine,AP04AJ  8092,"P.V,AMB",Grevious,1
27.07.2015,10:45 PM,1196.4,LHS,Rural,Martur,Rear End Collision, Car hit Unknown Vehicle,Car,Grievious injury,Over speed,Four lanes or more with central divider,Straight road,,Fine,AP04AJ  8092,"P.V,AMB",Minor,2
27.07.2015,10:45 PM,1196.4,LHS,Rural,Martur,Rear End Collision, Car hit Unknown Vehicle,Car,Grievious injury,Over speed,Four lanes or more with central divider,Straight road,,Fine,AP04AJ  8092,"P.V,AMB",Non injured ,8
27.07.2015,10:45 PM,1196.4,LHS,Rural,Martur,Rear End Collision, Car hit Unknown Vehicle,Car,Grievious injury,Over speed,Four lanes or more with central divider,Straight road,,Fine,AP04AJ  8092,"P.V,AMB",Animals affected,0
28.07.2015,3:30 AM,1315.6,LHS,Rural,Kavali,Rear End Collision, Car hit Unknown Vehicle,Car,Grievious injury,Over speed,Four lanes or more with central divider,Straight road,,Fine,TS11EA     5972,P.V&AMB,Fatal,0
28.07.2015,3:30 AM,1315.6,LHS,Rural,Kavali,Rear End Collision, Car hit Unknown Vehicle,Car,Grievious injury,Over speed,Four lanes or more with central divider,Straight road,,Fine,TS11EA     5972,P.V&AMB,Grevious,1
28.07.2015,3:30 AM,1315.6,LHS,Rural,Kavali,Rear End Collision, Car hit Unknown Vehicle,Car,Grievious injury,Over speed,Four lanes or more with central divider,Straight road,,Fine,TS11EA     5972,P.V&AMB,Minor,1
28.07.2015,3:30 AM,1315.6,LHS,Rural,Kavali,Rear End Collision, Car hit Unknown Vehicle,Car,Grievious injury,Over speed,Four lanes or more with central divider,Straight road,,Fine,TS11EA     5972,P.V&AMB,Non injured ,2
28.07.2015,3:30 AM,1315.6,LHS,Rural,Kavali,Rear End Collision, Car hit Unknown Vehicle,Car,Grievious injury,Over speed,Four lanes or more with central divider,Straight road,,Fine,TS11EA     5972,P.V&AMB,Animals affected,0
28.07.2015,6:35 AM,1258.4,LHS,Rural,Tangutur,Collision Brush/Side Wipe, Tata Ace vehicle went out of Road towar,Tata Ace,Minor injury,Over speed,Four lanes or more with central divider,Straight road,,Fine,AP27 TX  2328 ,P.V,Fatal,0
28.07.2015,6:35 AM,1258.4,LHS,Rural,Tangutur,Collision Brush/Side Wipe, Tata Ace vehicle went out of Road towar,Tata Ace,Minor injury,Over speed,Four lanes or more with central divider,Straight road,,Fine,AP27 TX  2328 ,P.V,Grevious,0
28.07.2015,6:35 AM,1258.4,LHS,Rural,Tangutur,Collision Brush/Side Wipe, Tata Ace vehicle went out of Road towar,Tata Ace,Minor injury,Over speed,Four lanes or more with central divider,Straight road,,Fine,AP27 TX  2328 ,P.V,Minor,1
28.07.2015,6:35 AM,1258.4,LHS,Rural,Tangutur,Collision Brush/Side Wipe, Tata Ace vehicle went out of Road towar,Tata Ace,Minor injury,Over speed,Four lanes or more with central divider,Straight road,,Fine,AP27 TX  2328 ,P.V,Non injured ,0
28.07.2015,6:35 AM,1258.4,LHS,Rural,Tangutur,Collision Brush/Side Wipe, Tata Ace vehicle went out of Road towar,Tata Ace,Minor injury,Over speed,Four lanes or more with central divider,Straight road,,Fine,AP27 TX  2328 ,P.V,Animals affected,0
28.07.2015,7:10 AM,1253.2,LHS,Rural,Ongole,Rear End Collision, Lorry hit Lorry,Lorry,Non injury,Over speed,Four lanes or more with central divider,Straight road,,Fine,AP07T   4356  ,P.V,Fatal,0
28.07.2015,7:10 AM,1253.2,LHS,Rural,Ongole,Rear End Collision, Lorry hit Lorry,Lorry,Non injury,Over speed,Four lanes or more with central divider,Straight road,,Fine,AP07T   4356  ,P.V,Grevious,0
28.07.2015,7:10 AM,1253.2,LHS,Rural,Ongole,Rear End Collision, Lorry hit Lorry,Lorry,Non injury,Over speed,Four lanes or more with central divider,Straight road,,Fine,AP07T   4356  ,P.V,Minor,0
28.07.2015,7:10 AM,1253.2,LHS,Rural,Ongole,Rear End Collision, Lorry hit Lorry,Lorry,Non injury,Over speed,Four lanes or more with central divider,Straight road,,Fine,AP07T   4356  ,P.V,Non injured ,4
28.07.2015,7:10 AM,1253.2,LHS,Rural,Ongole,Rear End Collision, Lorry hit Lorry,Lorry,Non injury,Over speed,Four lanes or more with central divider,Straight road,,Fine,AP07T   4356  ,P.V,Animals affected,0
28.07.2015,7:35 AM,1239.5,LHS,Rural,Ongole,Rear End Collision, Lorry hit Trailer vehicle,Lorry,Grievious injury,Fault of driver of motor vehicle/driver of other vehicle/cyclist/pedestrian/passenger,Four lanes or more with central divider,Straight road,,Fine,TN52H  3085,P.V,Fatal,0
28.07.2015,7:35 AM,1239.5,LHS,Rural,Ongole,Rear End Collision, Lorry hit Trailer vehicle,Lorry,Grievious injury,Fault of driver of motor vehicle/driver of other vehicle/cyclist/pedestrian/passenger,Four lanes or more with central divider,Straight road,,Fine,TN52H  3085,P.V,Grevious,1
28.07.2015,7:35 AM,1239.5,LHS,Rural,Ongole,Rear End Collision, Lorry hit Trailer vehicle,Lorry,Grievious injury,Fault of driver of motor vehicle/driver of other vehicle/cyclist/pedestrian/passenger,Four lanes or more with central divider,Straight road,,Fine,TN52H  3085,P.V,Minor,0
28.07.2015,7:35 AM,1239.5,LHS,Rural,Ongole,Rear End Collision, Lorry hit Trailer vehicle,Lorry,Grievious injury,Fault of driver of motor vehicle/driver of other vehicle/cyclist/pedestrian/passenger,Four lanes or more with central divider,Straight road,,Fine,TN52H  3085,P.V,Non injured ,2
28.07.2015,7:35 AM,1239.5,LHS,Rural,Ongole,Rear End Collision, Lorry hit Trailer vehicle,Lorry,Grievious injury,Fault of driver of motor vehicle/driver of other vehicle/cyclist/pedestrian/passenger,Four lanes or more with central divider,Straight road,,Fine,TN52H  3085,P.V,Animals affected,0
29.07.2015,2:42 PM,1348.9,RHS,Rural,Kodavaluru,Head on collision, Car hit Car,Car,Grievious injury,Over speed,Four lanes or more with central divider,Straight road,,Fine,TN05AR 1119,P.V,Fatal,0
29.07.2015,2:42 PM,1348.9,RHS,Rural,Kodavaluru,Head on collision, Car hit Car,Car,Grievious injury,Over speed,Four lanes or more with central divider,Straight road,,Fine,TN05AR 1119,P.V,Grevious,1
29.07.2015,2:42 PM,1348.9,RHS,Rural,Kodavaluru,Head on collision, Car hit Car,Car,Grievious injury,Over speed,Four lanes or more with central divider,Straight road,,Fine,TN05AR 1119,P.V,Minor,1
29.07.2015,2:42 PM,1348.9,RHS,Rural,Kodavaluru,Head on collision, Car hit Car,Car,Grievious injury,Over speed,Four lanes or more with central divider,Straight road,,Fine,TN05AR 1119,P.V,Non injured ,2
29.07.2015,2:42 PM,1348.9,RHS,Rural,Kodavaluru,Head on collision, Car hit Car,Car,Grievious injury,Over speed,Four lanes or more with central divider,Straight road,,Fine,TN05AR 1119,P.V,Animals affected,0
29.07.2015,7:40 PM,1192.8,RHS,Rural,Martur,Collision Brush/Side Wipe, TVS Xl mopad hit                   Brid,Bike,Grievious injury,Druken,Two lanes,Straight road,,Fine,F/R ,P.V&A.M.B,Fatal,0
29.07.2015,7:40 PM,1192.8,RHS,Rural,Martur,Collision Brush/Side Wipe, TVS Xl mopad hit                   Brid,Bike,Grievious injury,Druken,Two lanes,Straight road,,Fine,F/R ,P.V&A.M.B,Grevious,2
29.07.2015,7:40 PM,1192.8,RHS,Rural,Martur,Collision Brush/Side Wipe, TVS Xl mopad hit                   Brid,Bike,Grievious injury,Druken,Two lanes,Straight road,,Fine,F/R ,P.V&A.M.B,Minor,0
29.07.2015,7:40 PM,1192.8,RHS,Rural,Martur,Collision Brush/Side Wipe, TVS Xl mopad hit                   Brid,Bike,Grievious injury,Druken,Two lanes,Straight road,,Fine,F/R ,P.V&A.M.B,Non injured ,0
29.07.2015,7:40 PM,1192.8,RHS,Rural,Martur,Collision Brush/Side Wipe, TVS Xl mopad hit                   Brid,Bike,Grievious injury,Druken,Two lanes,Straight road,,Fine,F/R ,P.V&A.M.B,Animals affected,0
30.07.2015,5:10 AM,1271.8,RHS,Rural,Jarugumalli,Skidding, Bike skidding,Bike,Minor injury,Fault of driver of motor vehicle/driver of other vehicle/cyclist/pedestrian/passenger,Four lanes or more with central divider,Straight road,,Fine,AP27G     2276,P.V&A.M.B,Fatal,0
30.07.2015,5:10 AM,1271.8,RHS,Rural,Jarugumalli,Skidding, Bike skidding,Bike,Minor injury,Fault of driver of motor vehicle/driver of other vehicle/cyclist/pedestrian/passenger,Four lanes or more with central divider,Straight road,,Fine,AP27G     2276,P.V&A.M.B,Grevious,0
30.07.2015,5:10 AM,1271.8,RHS,Rural,Jarugumalli,Skidding, Bike skidding,Bike,Minor injury,Fault of driver of motor vehicle/driver of other vehicle/cyclist/pedestrian/passenger,Four lanes or more with central divider,Straight road,,Fine,AP27G     2276,P.V&A.M.B,Minor,1
30.07.2015,5:10 AM,1271.8,RHS,Rural,Jarugumalli,Skidding, Bike skidding,Bike,Minor injury,Fault of driver of motor vehicle/driver of other vehicle/cyclist/pedestrian/passenger,Four lanes or more with central divider,Straight road,,Fine,AP27G     2276,P.V&A.M.B,Non injured ,0
30.07.2015,5:10 AM,1271.8,RHS,Rural,Jarugumalli,Skidding, Bike skidding,Bike,Minor injury,Fault of driver of motor vehicle/driver of other vehicle/cyclist/pedestrian/passenger,Four lanes or more with central divider,Straight road,,Fine,AP27G     2276,P.V&A.M.B,Animals affected,0
30.07.2015,5:15 AM,1208.8,RHS,Rural,Reningavaram,Collision Brush/Side Wipe, Mini lorry hit Median,Lorry,Minor injury,Fault of driver of motor vehicle/driver of other vehicle/cyclist/pedestrian/passenger,Four lanes or more with central divider,Straight road,,Fine,AP07TC 5067,P.V&A.M.B,Fatal,0
30.07.2015,5:15 AM,1208.8,RHS,Rural,Reningavaram,Collision Brush/Side Wipe, Mini lorry hit Median,Lorry,Minor injury,Fault of driver of motor vehicle/driver of other vehicle/cyclist/pedestrian/passenger,Four lanes or more with central divider,Straight road,,Fine,AP07TC 5067,P.V&A.M.B,Grevious,0
30.07.2015,5:15 AM,1208.8,RHS,Rural,Reningavaram,Collision Brush/Side Wipe, Mini lorry hit Median,Lorry,Minor injury,Fault of driver of motor vehicle/driver of other vehicle/cyclist/pedestrian/passenger,Four lanes or more with central divider,Straight road,,Fine,AP07TC 5067,P.V&A.M.B,Minor,2
30.07.2015,5:15 AM,1208.8,RHS,Rural,Reningavaram,Collision Brush/Side Wipe, Mini lorry hit Median,Lorry,Minor injury,Fault of driver of motor vehicle/driver of other vehicle/cyclist/pedestrian/passenger,Four lanes or more with central divider,Straight road,,Fine,AP07TC 5067,P.V&A.M.B,Non injured ,0
30.07.2015,5:15 AM,1208.8,RHS,Rural,Reningavaram,Collision Brush/Side Wipe, Mini lorry hit Median,Lorry,Minor injury,Fault of driver of motor vehicle/driver of other vehicle/cyclist/pedestrian/passenger,Four lanes or more with central divider,Straight road,,Fine,AP07TC 5067,P.V&A.M.B,Animals affected,0
30.07.2015,5:50 AM,1362.4,LHS,Rural,Kodavaluru,Rear End Collision, Car hit Lorry,Car,Grievious injury,Over speed,Four lanes or more with central divider,Straight road,,Fine,AP03BP  7387,P.V,Fatal,0
30.07.2015,5:50 AM,1362.4,LHS,Rural,Kodavaluru,Rear End Collision, Car hit Lorry,Car,Grievious injury,Over speed,Four lanes or more with central divider,Straight road,,Fine,AP03BP  7387,P.V,Grevious,1
30.07.2015,5:50 AM,1362.4,LHS,Rural,Kodavaluru,Rear End Collision, Car hit Lorry,Car,Grievious injury,Over speed,Four lanes or more with central divider,Straight road,,Fine,AP03BP  7387,P.V,Minor,1
30.07.2015,5:50 AM,1362.4,LHS,Rural,Kodavaluru,Rear End Collision, Car hit Lorry,Car,Grievious injury,Over speed,Four lanes or more with central divider,Straight road,,Fine,AP03BP  7387,P.V,Non injured ,2
30.07.2015,5:50 AM,1362.4,LHS,Rural,Kodavaluru,Rear End Collision, Car hit Lorry,Car,Grievious injury,Over speed,Four lanes or more with central divider,Straight road,,Fine,AP03BP  7387,P.V,Animals affected,0
30.07.2015,12:35 PM,1353.6,LHS,Rural,Kodavaluru,Rear End Collision, Tipper  hit Car,Lorry,Non injury,Over speed,Four lanes or more with central divider,Straight road,,Fine,AP26TT 8384,P.V,Fatal,0
30.07.2015,12:35 PM,1353.6,LHS,Rural,Kodavaluru,Rear End Collision, Tipper  hit Car,Lorry,Non injury,Over speed,Four lanes or more with central divider,Straight road,,Fine,AP26TT 8384,P.V,Grevious,0
30.07.2015,12:35 PM,1353.6,LHS,Rural,Kodavaluru,Rear End Collision, Tipper  hit Car,Lorry,Non injury,Over speed,Four lanes or more with central divider,Straight road,,Fine,AP26TT 8384,P.V,Minor,0
30.07.2015,12:35 PM,1353.6,LHS,Rural,Kodavaluru,Rear End Collision, Tipper  hit Car,Lorry,Non injury,Over speed,Four lanes or more with central divider,Straight road,,Fine,AP26TT 8384,P.V,Non injured ,4
30.07.2015,12:35 PM,1353.6,LHS,Rural,Kodavaluru,Rear End Collision, Tipper  hit Car,Lorry,Non injury,Over speed,Four lanes or more with central divider,Straight road,,Fine,AP26TT 8384,P.V,Animals affected,0
31.07.2015,5:20 AM,1308.6,RHS,Rural,Kavali,Overturning,Lorry overturned,Lorry,Non injury,Fault of driver of motor vehicle/driver of other vehicle/cyclist/pedestrian/passenger,Four lanes or more with central divider,Slight curve,,Fine,TS07 UA   3741,P.V,Fatal,0
31.07.2015,5:20 AM,1308.6,RHS,Rural,Kavali,Overturning,Lorry overturned,Lorry,Non injury,Fault of driver of motor vehicle/driver of other vehicle/cyclist/pedestrian/passenger,Four lanes or more with central divider,Slight curve,,Fine,TS07 UA   3741,P.V,Grevious,0
31.07.2015,5:20 AM,1308.6,RHS,Rural,Kavali,Overturning,Lorry overturned,Lorry,Non injury,Fault of driver of motor vehicle/driver of other vehicle/cyclist/pedestrian/passenger,Four lanes or more with central divider,Slight curve,,Fine,TS07 UA   3741,P.V,Minor,0
31.07.2015,5:20 AM,1308.6,RHS,Rural,Kavali,Overturning,Lorry overturned,Lorry,Non injury,Fault of driver of motor vehicle/driver of other vehicle/cyclist/pedestrian/passenger,Four lanes or more with central divider,Slight curve,,Fine,TS07 UA   3741,P.V,Non injured ,2
31.07.2015,5:20 AM,1308.6,RHS,Rural,Kavali,Overturning,Lorry overturned,Lorry,Non injury,Fault of driver of motor vehicle/driver of other vehicle/cyclist/pedestrian/passenger,Four lanes or more with central divider,Slight curve,,Fine,TS07 UA   3741,P.V,Animals affected,0
31.07.2015,10:55 AM,1298.6,LHS,Rural,Ulavapadu,Collision Brush/Side Wipe, Unknown vehicle hit Buffalo's,Unknown,Non injury,Over speed,Four lanes or more with central divider,Straight road,,Fine,Unknown vehicle,P.V,Fatal,0
31.07.2015,10:55 AM,1298.6,LHS,Rural,Ulavapadu,Collision Brush/Side Wipe, Unknown vehicle hit Buffalo's,Unknown,Non injury,Over speed,Four lanes or more with central divider,Straight road,,Fine,Unknown vehicle,P.V,Grevious,0
31.07.2015,10:55 AM,1298.6,LHS,Rural,Ulavapadu,Collision Brush/Side Wipe, Unknown vehicle hit Buffalo's,Unknown,Non injury,Over speed,Four lanes or more with central divider,Straight road,,Fine,Unknown vehicle,P.V,Minor,0
31.07.2015,10:55 AM,1298.6,LHS,Rural,Ulavapadu,Collision Brush/Side Wipe, Unknown vehicle hit Buffalo's,Unknown,Non injury,Over speed,Four lanes or more with central divider,Straight road,,Fine,Unknown vehicle,P.V,Non injured ,0
31.07.2015,10:55 AM,1298.6,LHS,Rural,Ulavapadu,Collision Brush/Side Wipe, Unknown vehicle hit Buffalo's,Unknown,Non injury,Over speed,Four lanes or more with central divider,Straight road,,Fine,Unknown vehicle,P.V,Animals affected,2
31.07.2015,11:00 AM,1280.3,RHS,Rural,Singarayakonda,Collision Brush/Side Wipe, Crane hit Mahindra  Mini van,Crane,Grievious injury,Fault of driver of motor vehicle/driver of other vehicle/cyclist/pedestrian/passenger,Four lanes or more with central divider,Slight curve,,Fine,AP27TU 9497,P.V&A.M.B,Fatal,0
31.07.2015,11:00 AM,1280.3,RHS,Rural,Singarayakonda,Collision Brush/Side Wipe, Crane hit Mahindra  Mini van,Crane,Grievious injury,Fault of driver of motor vehicle/driver of other vehicle/cyclist/pedestrian/passenger,Four lanes or more with central divider,Slight curve,,Fine,AP27TU 9497,P.V&A.M.B,Grevious,1
31.07.2015,11:00 AM,1280.3,RHS,Rural,Singarayakonda,Collision Brush/Side Wipe, Crane hit Mahindra  Mini van,Crane,Grievious injury,Fault of driver of motor vehicle/driver of other vehicle/cyclist/pedestrian/passenger,Four lanes or more with central divider,Slight curve,,Fine,AP27TU 9497,P.V&A.M.B,Minor,0
31.07.2015,11:00 AM,1280.3,RHS,Rural,Singarayakonda,Collision Brush/Side Wipe, Crane hit Mahindra  Mini van,Crane,Grievious injury,Fault of driver of motor vehicle/driver of other vehicle/cyclist/pedestrian/passenger,Four lanes or more with central divider,Slight curve,,Fine,AP27TU 9497,P.V&A.M.B,Non injured ,2
31.07.2015,11:00 AM,1280.3,RHS,Rural,Singarayakonda,Collision Brush/Side Wipe, Crane hit Mahindra  Mini van,Crane,Grievious injury,Fault of driver of motor vehicle/driver of other vehicle/cyclist/pedestrian/passenger,Four lanes or more with central divider,Slight curve,,Fine,AP27TU 9497,P.V&A.M.B,Animals affected,0
31.07.2015,9:20 PM,1251.8,RHS,Rural,Ongole,Rear End Collision,Car hit Unknown Vehicle,Car,Minor injury,Over speed,Four lanes or more with central divider,Straight road,,Heavy rain,AP27AS   8181,P.V,Fatal,0
31.07.2015,9:20 PM,1251.8,RHS,Rural,Ongole,Rear End Collision,Car hit Unknown Vehicle,Car,Minor injury,Over speed,Four lanes or more with central divider,Straight road,,Heavy rain,AP27AS   8181,P.V,Grevious,0
31.07.2015,9:20 PM,1251.8,RHS,Rural,Ongole,Rear End Collision,Car hit Unknown Vehicle,Car,Minor injury,Over speed,Four lanes or more with central divider,Straight road,,Heavy rain,AP27AS   8181,P.V,Minor,1
31.07.2015,9:20 PM,1251.8,RHS,Rural,Ongole,Rear End Collision,Car hit Unknown Vehicle,Car,Minor injury,Over speed,Four lanes or more with central divider,Straight road,,Heavy rain,AP27AS   8181,P.V,Non injured ,0
31.07.2015,9:20 PM,1251.8,RHS,Rural,Ongole,Rear End Collision,Car hit Unknown Vehicle,Car,Minor injury,Over speed,Four lanes or more with central divider,Straight road,,Heavy rain,AP27AS   8181,P.V,Animals affected,0
31.07.2015,10:40 PM,1213.5,RHS,Rural,Medarametla,Collision Brush/Side Wipe, Unknown vehicle hit Pedestrian,Unknown,Fatal,Over speed,Four lanes or more with central divider,Straight road,,Light rain,Unknown vehicle,P.V,Fatal,1
31.07.2015,10:40 PM,1213.5,RHS,Rural,Medarametla,Collision Brush/Side Wipe, Unknown vehicle hit Pedestrian,Unknown,Fatal,Over speed,Four lanes or more with central divider,Straight road,,Light rain,Unknown vehicle,P.V,Grevious,0
31.07.2015,10:40 PM,1213.5,RHS,Rural,Medarametla,Collision Brush/Side Wipe, Unknown vehicle hit Pedestrian,Unknown,Fatal,Over speed,Four lanes or more with central divider,Straight road,,Light rain,Unknown vehicle,P.V,Minor,0
31.07.2015,10:40 PM,1213.5,RHS,Rural,Medarametla,Collision Brush/Side Wipe, Unknown vehicle hit Pedestrian,Unknown,Fatal,Over speed,Four lanes or more with central divider,Straight road,,Light rain,Unknown vehicle,P.V,Non injured ,0
31.07.2015,10:40 PM,1213.5,RHS,Rural,Medarametla,Collision Brush/Side Wipe, Unknown vehicle hit Pedestrian,Unknown,Fatal,Over speed,Four lanes or more with central divider,Straight road,,Light rain,Unknown vehicle,P.V,Animals affected,0
31.07.2015,11:35 PM,1256.5,LHS,Rural,Tangutur,Others(p1.Specific),Car Burnt,Car,Non injury,Defect in mechanical condition of motor vehicle/road condition,Two lanes,Straight road,,Light rain,AP27AD  1779,P.V,Fatal,0
31.07.2015,11:35 PM,1256.5,LHS,Rural,Tangutur,Others(p1.Specific),Car Burnt,Car,Non injury,Defect in mechanical condition of motor vehicle/road condition,Two lanes,Straight road,,Light rain,AP27AD  1779,P.V,Grevious,0
31.07.2015,11:35 PM,1256.5,LHS,Rural,Tangutur,Others(p1.Specific),Car Burnt,Car,Non injury,Defect in mechanical condition of motor vehicle/road condition,Two lanes,Straight road,,Light rain,AP27AD  1779,P.V,Minor,0
31.07.2015,11:35 PM,1256.5,LHS,Rural,Tangutur,Others(p1.Specific),Car Burnt,Car,Non injury,Defect in mechanical condition of motor vehicle/road condition,Two lanes,Straight road,,Light rain,AP27AD  1779,P.V,Non injured ,2
31.07.2015,11:35 PM,1256.5,LHS,Rural,Tangutur,Others(p1.Specific),Car Burnt,Car,Non injury,Defect in mechanical condition of motor vehicle/road condition,Two lanes,Straight road,,Light rain,AP27AD  1779,P.V,Animals affected,0
01.08.2015,12:25 AM,1191.7,RHS,Rural,Martur,Rear End Collision,Lorry hit Trailler vehicle,Lorry,Grievious injury,Over speed,Four lanes or more with central divider,Straight road,T-Junction,Light rain,AP07 TU   8679,P.V&A.M.B,Fatal,0
01.08.2015,12:25 AM,1191.7,RHS,Rural,Martur,Rear End Collision,Lorry hit Trailler vehicle,Lorry,Grievious injury,Over speed,Four lanes or more with central divider,Straight road,T-Junction,Light rain,AP07 TU   8679,P.V&A.M.B,Grevious,1
01.08.2015,12:25 AM,1191.7,RHS,Rural,Martur,Rear End Collision,Lorry hit Trailler vehicle,Lorry,Grievious injury,Over speed,Four lanes or more with central divider,Straight road,T-Junction,Light rain,AP07 TU   8679,P.V&A.M.B,Minor,0
01.08.2015,12:25 AM,1191.7,RHS,Rural,Martur,Rear End Collision,Lorry hit Trailler vehicle,Lorry,Grievious injury,Over speed,Four lanes or more with central divider,Straight road,T-Junction,Light rain,AP07 TU   8679,P.V&A.M.B,Non injured ,1
01.08.2015,12:25 AM,1191.7,RHS,Rural,Martur,Rear End Collision,Lorry hit Trailler vehicle,Lorry,Grievious injury,Over speed,Four lanes or more with central divider,Straight road,T-Junction,Light rain,AP07 TU   8679,P.V&A.M.B,Animals affected,0
01.08.2015,2:50 AM,1236.1,LHS,Rural,Maddipadu,Rear End Collision, Tata Ace vehicle hit unknown vehicle,Tata Ace,Fatal,Fault of driver of motor vehicle/driver of other vehicle/cyclist/pedestrian/passenger,Four lanes or more with central divider,Straight road,,Light rain,AP27TX  4749,P.V,Fatal,1
01.08.2015,2:50 AM,1236.1,LHS,Rural,Maddipadu,Rear End Collision, Tata Ace vehicle hit unknown vehicle,Tata Ace,Fatal,Fault of driver of motor vehicle/driver of other vehicle/cyclist/pedestrian/passenger,Four lanes or more with central divider,Straight road,,Light rain,AP27TX  4749,P.V,Grevious,1
01.08.2015,2:50 AM,1236.1,LHS,Rural,Maddipadu,Rear End Collision, Tata Ace vehicle hit unknown vehicle,Tata Ace,Fatal,Fault of driver of motor vehicle/driver of other vehicle/cyclist/pedestrian/passenger,Four lanes or more with central divider,Straight road,,Light rain,AP27TX  4749,P.V,Minor,0
01.08.2015,2:50 AM,1236.1,LHS,Rural,Maddipadu,Rear End Collision, Tata Ace vehicle hit unknown vehicle,Tata Ace,Fatal,Fault of driver of motor vehicle/driver of other vehicle/cyclist/pedestrian/passenger,Four lanes or more with central divider,Straight road,,Light rain,AP27TX  4749,P.V,Non injured ,0
01.08.2015,2:50 AM,1236.1,LHS,Rural,Maddipadu,Rear End Collision, Tata Ace vehicle hit unknown vehicle,Tata Ace,Fatal,Fault of driver of motor vehicle/driver of other vehicle/cyclist/pedestrian/passenger,Four lanes or more with central divider,Straight road,,Light rain,AP27TX  4749,P.V,Animals affected,0