Operational date,Time of Accident,KM && M,Position,Rural/Urban,Location,Nature of Accident Position,Nature of Accident,Vehicle Involved,Type of Accident,Causes,Road Feature,Road condition,Intersection Type And Control,Weather Condition,Vehicle Responsible,Help Provided by Ambulance/Patroling Vehicle,Classification of Accident,No of Affected Persons
01.08.2015,3:10 AM,1332.1,RHS,Rural,K.Tippa ,Collision Brush/Side Wipe,APSRTC Bus hit Electrical transformer ,Bus,Minor injury,Fault of driver of motor vehicle/driver of other vehicle/cyclist/pedestrian/passenger,Four lanes or more with central divider,Straight road,,Fine,AP29Z    832,P.V&A.M.B,Fatal,0
01.08.2015,3:10 AM,1332.1,RHS,Rural,K.Tippa ,Collision Brush/Side Wipe,APSRTC Bus hit Electrical transformer ,Bus,Minor injury,Fault of driver of motor vehicle/driver of other vehicle/cyclist/pedestrian/passenger,Four lanes or more with central divider,Straight road,,Fine,AP29Z    832,P.V&A.M.B,Grevious,0
01.08.2015,3:10 AM,1332.1,RHS,Rural,K.Tippa ,Collision Brush/Side Wipe,APSRTC Bus hit Electrical transformer ,Bus,Minor injury,Fault of driver of motor vehicle/driver of other vehicle/cyclist/pedestrian/passenger,Four lanes or more with central divider,Straight road,,Fine,AP29Z    832,P.V&A.M.B,Minor,2
01.08.2015,3:10 AM,1332.1,RHS,Rural,K.Tippa ,Collision Brush/Side Wipe,APSRTC Bus hit Electrical transformer ,Bus,Minor injury,Fault of driver of motor vehicle/driver of other vehicle/cyclist/pedestrian/passenger,Four lanes or more with central divider,Straight road,,Fine,AP29Z    832,P.V&A.M.B,Non injured ,13
01.08.2015,3:10 AM,1332.1,RHS,Rural,K.Tippa ,Collision Brush/Side Wipe,APSRTC Bus hit Electrical transformer ,Bus,Minor injury,Fault of driver of motor vehicle/driver of other vehicle/cyclist/pedestrian/passenger,Four lanes or more with central divider,Straight road,,Fine,AP29Z    832,P.V&A.M.B,Animals affected,0
01.08.2015,4:00 AM,1279.4,LHS,Rural,Singarayakonda,Overturning, Lorry overturned,Lorry,Non injury,Fault of driver of motor vehicle/driver of other vehicle/cyclist/pedestrian/passenger,Four lanes or more with central divider,Straight road,,Fine,AP24 Y    7259,P.V,Fatal,0
01.08.2015,4:00 AM,1279.4,LHS,Rural,Singarayakonda,Overturning, Lorry overturned,Lorry,Non injury,Fault of driver of motor vehicle/driver of other vehicle/cyclist/pedestrian/passenger,Four lanes or more with central divider,Straight road,,Fine,AP24 Y    7259,P.V,Grevious,0
01.08.2015,4:00 AM,1279.4,LHS,Rural,Singarayakonda,Overturning, Lorry overturned,Lorry,Non injury,Fault of driver of motor vehicle/driver of other vehicle/cyclist/pedestrian/passenger,Four lanes or more with central divider,Straight road,,Fine,AP24 Y    7259,P.V,Minor,0
01.08.2015,4:00 AM,1279.4,LHS,Rural,Singarayakonda,Overturning, Lorry overturned,Lorry,Non injury,Fault of driver of motor vehicle/driver of other vehicle/cyclist/pedestrian/passenger,Four lanes or more with central divider,Straight road,,Fine,AP24 Y    7259,P.V,Non injured ,2
01.08.2015,4:00 AM,1279.4,LHS,Rural,Singarayakonda,Overturning, Lorry overturned,Lorry,Non injury,Fault of driver of motor vehicle/driver of other vehicle/cyclist/pedestrian/passenger,Four lanes or more with central divider,Straight road,,Fine,AP24 Y    7259,P.V,Animals affected,0
02.08.2015,12:15 AM,1282,LHS,Rural,Singarayakonda,Rear End Collision, Car hit lorry,Car,Non injury,Vehicle out of control,Three lanes or more without central divider(median),Straight road,T-Junction,Fine,AP 16 T/R  5440,P.V,Fatal,0
02.08.2015,12:15 AM,1282,LHS,Rural,Singarayakonda,Rear End Collision, Car hit lorry,Car,Non injury,Vehicle out of control,Three lanes or more without central divider(median),Straight road,T-Junction,Fine,AP 16 T/R  5440,P.V,Grevious,0
02.08.2015,12:15 AM,1282,LHS,Rural,Singarayakonda,Rear End Collision, Car hit lorry,Car,Non injury,Vehicle out of control,Three lanes or more without central divider(median),Straight road,T-Junction,Fine,AP 16 T/R  5440,P.V,Minor,0
02.08.2015,12:15 AM,1282,LHS,Rural,Singarayakonda,Rear End Collision, Car hit lorry,Car,Non injury,Vehicle out of control,Three lanes or more without central divider(median),Straight road,T-Junction,Fine,AP 16 T/R  5440,P.V,Non injured ,4
02.08.2015,12:15 AM,1282,LHS,Rural,Singarayakonda,Rear End Collision, Car hit lorry,Car,Non injury,Vehicle out of control,Three lanes or more without central divider(median),Straight road,T-Junction,Fine,AP 16 T/R  5440,P.V,Animals affected,0
02.08.2015,1:00 AM,1313.3,LHS,Rural,Kavali,Rear End Collision, Lorry hit unknown vehicle,Lorry,Non injury,Fault of driver of motor vehicle/driver of other vehicle/cyclist/pedestrian/passenger,Four lanes or more with central divider,Straight road,,Fine,TN 52 A  4358,P.V,Fatal,0
02.08.2015,1:00 AM,1313.3,LHS,Rural,Kavali,Rear End Collision, Lorry hit unknown vehicle,Lorry,Non injury,Fault of driver of motor vehicle/driver of other vehicle/cyclist/pedestrian/passenger,Four lanes or more with central divider,Straight road,,Fine,TN 52 A  4358,P.V,Grevious,0
02.08.2015,1:00 AM,1313.3,LHS,Rural,Kavali,Rear End Collision, Lorry hit unknown vehicle,Lorry,Non injury,Fault of driver of motor vehicle/driver of other vehicle/cyclist/pedestrian/passenger,Four lanes or more with central divider,Straight road,,Fine,TN 52 A  4358,P.V,Minor,0
02.08.2015,1:00 AM,1313.3,LHS,Rural,Kavali,Rear End Collision, Lorry hit unknown vehicle,Lorry,Non injury,Fault of driver of motor vehicle/driver of other vehicle/cyclist/pedestrian/passenger,Four lanes or more with central divider,Straight road,,Fine,TN 52 A  4358,P.V,Non injured ,2
02.08.2015,1:00 AM,1313.3,LHS,Rural,Kavali,Rear End Collision, Lorry hit unknown vehicle,Lorry,Non injury,Fault of driver of motor vehicle/driver of other vehicle/cyclist/pedestrian/passenger,Four lanes or more with central divider,Straight road,,Fine,TN 52 A  4358,P.V,Animals affected,0
03.08.2015,6:40 AM,1324,LHS,Rural,Kavali,Collision Brush/Side Wipe, Private Bus hit CC Barriers,Bus,Non injury,Over speed,Two lanes,Straight road,,Fine,OD21 9821,P.V,Fatal,0
03.08.2015,6:40 AM,1324,LHS,Rural,Kavali,Collision Brush/Side Wipe, Private Bus hit CC Barriers,Bus,Non injury,Over speed,Two lanes,Straight road,,Fine,OD21 9821,P.V,Grevious,0
03.08.2015,6:40 AM,1324,LHS,Rural,Kavali,Collision Brush/Side Wipe, Private Bus hit CC Barriers,Bus,Non injury,Over speed,Two lanes,Straight road,,Fine,OD21 9821,P.V,Minor,0
03.08.2015,6:40 AM,1324,LHS,Rural,Kavali,Collision Brush/Side Wipe, Private Bus hit CC Barriers,Bus,Non injury,Over speed,Two lanes,Straight road,,Fine,OD21 9821,P.V,Non injured ,8
03.08.2015,6:40 AM,1324,LHS,Rural,Kavali,Collision Brush/Side Wipe, Private Bus hit CC Barriers,Bus,Non injury,Over speed,Two lanes,Straight road,,Fine,OD21 9821,P.V,Animals affected,0
04.08.2015,2:15 AM,1229.3,LHS,Rural,Maddipadu,Overturning, Mini Lorry  Overturned,Lorry,Non injury,Fault of driver of motor vehicle/driver of other vehicle/cyclist/pedestrian/passenger,Four lanes or more with central divider,Straight road,,Fine,AP26TT   8140,P.V,Fatal,0
04.08.2015,2:15 AM,1229.3,LHS,Rural,Maddipadu,Overturning, Mini Lorry  Overturned,Lorry,Non injury,Fault of driver of motor vehicle/driver of other vehicle/cyclist/pedestrian/passenger,Four lanes or more with central divider,Straight road,,Fine,AP26TT   8140,P.V,Grevious,0
04.08.2015,2:15 AM,1229.3,LHS,Rural,Maddipadu,Overturning, Mini Lorry  Overturned,Lorry,Non injury,Fault of driver of motor vehicle/driver of other vehicle/cyclist/pedestrian/passenger,Four lanes or more with central divider,Straight road,,Fine,AP26TT   8140,P.V,Minor,0
04.08.2015,2:15 AM,1229.3,LHS,Rural,Maddipadu,Overturning, Mini Lorry  Overturned,Lorry,Non injury,Fault of driver of motor vehicle/driver of other vehicle/cyclist/pedestrian/passenger,Four lanes or more with central divider,Straight road,,Fine,AP26TT   8140,P.V,Non injured ,2
04.08.2015,2:15 AM,1229.3,LHS,Rural,Maddipadu,Overturning, Mini Lorry  Overturned,Lorry,Non injury,Fault of driver of motor vehicle/driver of other vehicle/cyclist/pedestrian/passenger,Four lanes or more with central divider,Straight road,,Fine,AP26TT   8140,P.V,Animals affected,0
04.08.2015,5:20 AM,1269.7,LHS,Rural,Jarugumalli,Collision Brush/Side Wipe, Lorry hit Median,Lorry,Non injury,Fault of driver of motor vehicle/driver of other vehicle/cyclist/pedestrian/passenger,Four lanes or more with central divider,Slight curve,,Fine,AP24TA 3359,P.V,Fatal,0
04.08.2015,5:20 AM,1269.7,LHS,Rural,Jarugumalli,Collision Brush/Side Wipe, Lorry hit Median,Lorry,Non injury,Fault of driver of motor vehicle/driver of other vehicle/cyclist/pedestrian/passenger,Four lanes or more with central divider,Slight curve,,Fine,AP24TA 3359,P.V,Grevious,0
04.08.2015,5:20 AM,1269.7,LHS,Rural,Jarugumalli,Collision Brush/Side Wipe, Lorry hit Median,Lorry,Non injury,Fault of driver of motor vehicle/driver of other vehicle/cyclist/pedestrian/passenger,Four lanes or more with central divider,Slight curve,,Fine,AP24TA 3359,P.V,Minor,0
04.08.2015,5:20 AM,1269.7,LHS,Rural,Jarugumalli,Collision Brush/Side Wipe, Lorry hit Median,Lorry,Non injury,Fault of driver of motor vehicle/driver of other vehicle/cyclist/pedestrian/passenger,Four lanes or more with central divider,Slight curve,,Fine,AP24TA 3359,P.V,Non injured ,2
04.08.2015,5:20 AM,1269.7,LHS,Rural,Jarugumalli,Collision Brush/Side Wipe, Lorry hit Median,Lorry,Non injury,Fault of driver of motor vehicle/driver of other vehicle/cyclist/pedestrian/passenger,Four lanes or more with central divider,Slight curve,,Fine,AP24TA 3359,P.V,Animals affected,0
04.08.2015,11:30 AM,1362.5,RHS,Rural,Kovuru,Rear End Collision, Container vehicle hit Tractor,Container,Minor injury,Over speed,Four lanes or more with central divider,Straight road,,Fine,TN04AD 8624,P.V,Fatal,0
04.08.2015,11:30 AM,1362.5,RHS,Rural,Kovuru,Rear End Collision, Container vehicle hit Tractor,Container,Minor injury,Over speed,Four lanes or more with central divider,Straight road,,Fine,TN04AD 8624,P.V,Grevious,0
04.08.2015,11:30 AM,1362.5,RHS,Rural,Kovuru,Rear End Collision, Container vehicle hit Tractor,Container,Minor injury,Over speed,Four lanes or more with central divider,Straight road,,Fine,TN04AD 8624,P.V,Minor,1
04.08.2015,11:30 AM,1362.5,RHS,Rural,Kovuru,Rear End Collision, Container vehicle hit Tractor,Container,Minor injury,Over speed,Four lanes or more with central divider,Straight road,,Fine,TN04AD 8624,P.V,Non injured ,1
04.08.2015,11:30 AM,1362.5,RHS,Rural,Kovuru,Rear End Collision, Container vehicle hit Tractor,Container,Minor injury,Over speed,Four lanes or more with central divider,Straight road,,Fine,TN04AD 8624,P.V,Animals affected,0
05.08.2015,8:55 AM,1332.4,RHS,Rural,K.Tippa ,Collision Brush/Side Wipe, Car hit Tvs xl Moped,Car,Grievious injury,Over speed,Three lanes or more without central divider(median),Straight road,Four arm junction,Fine,AP26AK  1199,P.V,Fatal,0
05.08.2015,8:55 AM,1332.4,RHS,Rural,K.Tippa ,Collision Brush/Side Wipe, Car hit Tvs xl Moped,Car,Grievious injury,Over speed,Three lanes or more without central divider(median),Straight road,Four arm junction,Fine,AP26AK  1199,P.V,Grevious,1
05.08.2015,8:55 AM,1332.4,RHS,Rural,K.Tippa ,Collision Brush/Side Wipe, Car hit Tvs xl Moped,Car,Grievious injury,Over speed,Three lanes or more without central divider(median),Straight road,Four arm junction,Fine,AP26AK  1199,P.V,Minor,0
05.08.2015,8:55 AM,1332.4,RHS,Rural,K.Tippa ,Collision Brush/Side Wipe, Car hit Tvs xl Moped,Car,Grievious injury,Over speed,Three lanes or more without central divider(median),Straight road,Four arm junction,Fine,AP26AK  1199,P.V,Non injured ,3
05.08.2015,8:55 AM,1332.4,RHS,Rural,K.Tippa ,Collision Brush/Side Wipe, Car hit Tvs xl Moped,Car,Grievious injury,Over speed,Three lanes or more without central divider(median),Straight road,Four arm junction,Fine,AP26AK  1199,P.V,Animals affected,0
05.08.2015,4:40 PM,1324.5,RHS,Rural,Kavali,Collision Brush/Side Wipe, Unknown Vehicle hit Cyclist,Unknown,Grievious injury,Over speed,Three lanes or more without central divider(median),Slight curve,Four arm junction,Fine,Unknown Vehicle,A.M.B,Fatal,0
05.08.2015,4:40 PM,1324.5,RHS,Rural,Kavali,Collision Brush/Side Wipe, Unknown Vehicle hit Cyclist,Unknown,Grievious injury,Over speed,Three lanes or more without central divider(median),Slight curve,Four arm junction,Fine,Unknown Vehicle,A.M.B,Grevious,1
05.08.2015,4:40 PM,1324.5,RHS,Rural,Kavali,Collision Brush/Side Wipe, Unknown Vehicle hit Cyclist,Unknown,Grievious injury,Over speed,Three lanes or more without central divider(median),Slight curve,Four arm junction,Fine,Unknown Vehicle,A.M.B,Minor,0
05.08.2015,4:40 PM,1324.5,RHS,Rural,Kavali,Collision Brush/Side Wipe, Unknown Vehicle hit Cyclist,Unknown,Grievious injury,Over speed,Three lanes or more without central divider(median),Slight curve,Four arm junction,Fine,Unknown Vehicle,A.M.B,Non injured ,1
05.08.2015,4:40 PM,1324.5,RHS,Rural,Kavali,Collision Brush/Side Wipe, Unknown Vehicle hit Cyclist,Unknown,Grievious injury,Over speed,Three lanes or more without central divider(median),Slight curve,Four arm junction,Fine,Unknown Vehicle,A.M.B,Animals affected,0
06.08.2015,3:20 AM,1205.4,LHS,Rural,Reningavaram,Rear End Collision, Lorry hit     Lorry,Lorry,Minor injury,Fault of driver of motor vehicle/driver of other vehicle/cyclist/pedestrian/passenger,Four lanes or more with central divider,Straight road,,Fine,OD04A   9315,P.V,Fatal,0
06.08.2015,3:20 AM,1205.4,LHS,Rural,Reningavaram,Rear End Collision, Lorry hit     Lorry,Lorry,Minor injury,Fault of driver of motor vehicle/driver of other vehicle/cyclist/pedestrian/passenger,Four lanes or more with central divider,Straight road,,Fine,OD04A   9315,P.V,Grevious,0
06.08.2015,3:20 AM,1205.4,LHS,Rural,Reningavaram,Rear End Collision, Lorry hit     Lorry,Lorry,Minor injury,Fault of driver of motor vehicle/driver of other vehicle/cyclist/pedestrian/passenger,Four lanes or more with central divider,Straight road,,Fine,OD04A   9315,P.V,Minor,1
06.08.2015,3:20 AM,1205.4,LHS,Rural,Reningavaram,Rear End Collision, Lorry hit     Lorry,Lorry,Minor injury,Fault of driver of motor vehicle/driver of other vehicle/cyclist/pedestrian/passenger,Four lanes or more with central divider,Straight road,,Fine,OD04A   9315,P.V,Non injured ,2
06.08.2015,3:20 AM,1205.4,LHS,Rural,Reningavaram,Rear End Collision, Lorry hit     Lorry,Lorry,Minor injury,Fault of driver of motor vehicle/driver of other vehicle/cyclist/pedestrian/passenger,Four lanes or more with central divider,Straight road,,Fine,OD04A   9315,P.V,Animals affected,0
06.08.2015,6:50 AM,1332.4,RHS,Rural,K.Tippa ,Rear End Collision, Container vehicle hit Lorry,Container,Grievious injury,Over speed,Three lanes or more without central divider(median),Straight road,Four arm junction,Fine,HR47T   0993,"A.M.B, P.V",Fatal,0
06.08.2015,6:50 AM,1332.4,RHS,Rural,K.Tippa ,Rear End Collision, Container vehicle hit Lorry,Container,Grievious injury,Over speed,Three lanes or more without central divider(median),Straight road,Four arm junction,Fine,HR47T   0993,"A.M.B, P.V",Grevious,1
06.08.2015,6:50 AM,1332.4,RHS,Rural,K.Tippa ,Rear End Collision, Container vehicle hit Lorry,Container,Grievious injury,Over speed,Three lanes or more without central divider(median),Straight road,Four arm junction,Fine,HR47T   0993,"A.M.B, P.V",Minor,1
06.08.2015,6:50 AM,1332.4,RHS,Rural,K.Tippa ,Rear End Collision, Container vehicle hit Lorry,Container,Grievious injury,Over speed,Three lanes or more without central divider(median),Straight road,Four arm junction,Fine,HR47T   0993,"A.M.B, P.V",Non injured ,2
06.08.2015,6:50 AM,1332.4,RHS,Rural,K.Tippa ,Rear End Collision, Container vehicle hit Lorry,Container,Grievious injury,Over speed,Three lanes or more without central divider(median),Straight road,Four arm junction,Fine,HR47T   0993,"A.M.B, P.V",Animals affected,0
06.08.2015,11:20 PM,1355.3,LHS,Rural,Kodavaluru,Rear End Collision, Container vehicle hit CC Barriers,Container,Non injury,Druken,Four lanes or more with central divider,Straight road,,Fine,TAI 1855,P.V,Fatal,0
06.08.2015,11:20 PM,1355.3,LHS,Rural,Kodavaluru,Rear End Collision, Container vehicle hit CC Barriers,Container,Non injury,Druken,Four lanes or more with central divider,Straight road,,Fine,TAI 1855,P.V,Grevious,0
06.08.2015,11:20 PM,1355.3,LHS,Rural,Kodavaluru,Rear End Collision, Container vehicle hit CC Barriers,Container,Non injury,Druken,Four lanes or more with central divider,Straight road,,Fine,TAI 1855,P.V,Minor,0
06.08.2015,11:20 PM,1355.3,LHS,Rural,Kodavaluru,Rear End Collision, Container vehicle hit CC Barriers,Container,Non injury,Druken,Four lanes or more with central divider,Straight road,,Fine,TAI 1855,P.V,Non injured ,2
06.08.2015,11:20 PM,1355.3,LHS,Rural,Kodavaluru,Rear End Collision, Container vehicle hit CC Barriers,Container,Non injury,Druken,Four lanes or more with central divider,Straight road,,Fine,TAI 1855,P.V,Animals affected,0
08.08.2015,4:25 AM,1190.1,LHS,Rural,Martur,Collision Brush/Side Wipe, Car hit Drine wall,Car,Non injury,Fault of driver of motor vehicle/driver of other vehicle/cyclist/pedestrian/passenger,Four lanes or more with central divider,Straight road,,Fine,AP20AS  6996,P.V,Fatal,0
08.08.2015,4:25 AM,1190.1,LHS,Rural,Martur,Collision Brush/Side Wipe, Car hit Drine wall,Car,Non injury,Fault of driver of motor vehicle/driver of other vehicle/cyclist/pedestrian/passenger,Four lanes or more with central divider,Straight road,,Fine,AP20AS  6996,P.V,Grevious,0
08.08.2015,4:25 AM,1190.1,LHS,Rural,Martur,Collision Brush/Side Wipe, Car hit Drine wall,Car,Non injury,Fault of driver of motor vehicle/driver of other vehicle/cyclist/pedestrian/passenger,Four lanes or more with central divider,Straight road,,Fine,AP20AS  6996,P.V,Minor,0
08.08.2015,4:25 AM,1190.1,LHS,Rural,Martur,Collision Brush/Side Wipe, Car hit Drine wall,Car,Non injury,Fault of driver of motor vehicle/driver of other vehicle/cyclist/pedestrian/passenger,Four lanes or more with central divider,Straight road,,Fine,AP20AS  6996,P.V,Non injured ,2
08.08.2015,4:25 AM,1190.1,LHS,Rural,Martur,Collision Brush/Side Wipe, Car hit Drine wall,Car,Non injury,Fault of driver of motor vehicle/driver of other vehicle/cyclist/pedestrian/passenger,Four lanes or more with central divider,Straight road,,Fine,AP20AS  6996,P.V,Animals affected,0
09.08.2015,2:50 PM,1328.6,RHS,Rural,Kavali,Collision Brush/Side Wipe, Unknown vehicle hit container vehicle,Unknown,Non injury,Over speed,Four lanes or more with central divider,Straight road,,Fine,Unknown vehicle,P.V,Fatal,0
09.08.2015,2:50 PM,1328.6,RHS,Rural,Kavali,Collision Brush/Side Wipe, Unknown vehicle hit container vehicle,Unknown,Non injury,Over speed,Four lanes or more with central divider,Straight road,,Fine,Unknown vehicle,P.V,Grevious,0
09.08.2015,2:50 PM,1328.6,RHS,Rural,Kavali,Collision Brush/Side Wipe, Unknown vehicle hit container vehicle,Unknown,Non injury,Over speed,Four lanes or more with central divider,Straight road,,Fine,Unknown vehicle,P.V,Minor,0
09.08.2015,2:50 PM,1328.6,RHS,Rural,Kavali,Collision Brush/Side Wipe, Unknown vehicle hit container vehicle,Unknown,Non injury,Over speed,Four lanes or more with central divider,Straight road,,Fine,Unknown vehicle,P.V,Non injured ,2
09.08.2015,2:50 PM,1328.6,RHS,Rural,Kavali,Collision Brush/Side Wipe, Unknown vehicle hit container vehicle,Unknown,Non injury,Over speed,Four lanes or more with central divider,Straight road,,Fine,Unknown vehicle,P.V,Animals affected,0
09.08.2015,7:45 PM,1222.4,RHS,Rural,Medarametla,Skidding, Bike skidding,Bike,Minor injury,Druken,Four lanes or more with central divider,Straight road,,Fine,AP27AU  1243,P.V & A.M.B,Fatal,0
09.08.2015,7:45 PM,1222.4,RHS,Rural,Medarametla,Skidding, Bike skidding,Bike,Minor injury,Druken,Four lanes or more with central divider,Straight road,,Fine,AP27AU  1243,P.V & A.M.B,Grevious,0
09.08.2015,7:45 PM,1222.4,RHS,Rural,Medarametla,Skidding, Bike skidding,Bike,Minor injury,Druken,Four lanes or more with central divider,Straight road,,Fine,AP27AU  1243,P.V & A.M.B,Minor,2
09.08.2015,7:45 PM,1222.4,RHS,Rural,Medarametla,Skidding, Bike skidding,Bike,Minor injury,Druken,Four lanes or more with central divider,Straight road,,Fine,AP27AU  1243,P.V & A.M.B,Non injured ,0
09.08.2015,7:45 PM,1222.4,RHS,Rural,Medarametla,Skidding, Bike skidding,Bike,Minor injury,Druken,Four lanes or more with central divider,Straight road,,Fine,AP27AU  1243,P.V & A.M.B,Animals affected,0
09.08.2015,11:30 PM,1273.7,RHS,Rural,Singarayakonda,Rear End Collision, Trailer vehicle hit Lorry,Trailler,Grievious injury,Over speed,Four lanes or more with central divider,Straight road,,Fine,TN04AK  2599,P.V & A.M.B,Fatal,0
09.08.2015,11:30 PM,1273.7,RHS,Rural,Singarayakonda,Rear End Collision, Trailer vehicle hit Lorry,Trailler,Grievious injury,Over speed,Four lanes or more with central divider,Straight road,,Fine,TN04AK  2599,P.V & A.M.B,Grevious,2
09.08.2015,11:30 PM,1273.7,RHS,Rural,Singarayakonda,Rear End Collision, Trailer vehicle hit Lorry,Trailler,Grievious injury,Over speed,Four lanes or more with central divider,Straight road,,Fine,TN04AK  2599,P.V & A.M.B,Minor,1
09.08.2015,11:30 PM,1273.7,RHS,Rural,Singarayakonda,Rear End Collision, Trailer vehicle hit Lorry,Trailler,Grievious injury,Over speed,Four lanes or more with central divider,Straight road,,Fine,TN04AK  2599,P.V & A.M.B,Non injured ,1
09.08.2015,11:30 PM,1273.7,RHS,Rural,Singarayakonda,Rear End Collision, Trailer vehicle hit Lorry,Trailler,Grievious injury,Over speed,Four lanes or more with central divider,Straight road,,Fine,TN04AK  2599,P.V & A.M.B,Animals affected,0
10.08.2015,4:00 AM,1195.4,LHS,Rural,Martur,Collision Brush/Side Wipe, Lorry hit Bridge wall,Lorry,Non injury,Fault of driver of motor vehicle/driver of other vehicle/cyclist/pedestrian/passenger,Four lanes or more with central divider,Straight road,,Fine,WB57B    3251,P.V,Fatal,0
10.08.2015,4:00 AM,1195.4,LHS,Rural,Martur,Collision Brush/Side Wipe, Lorry hit Bridge wall,Lorry,Non injury,Fault of driver of motor vehicle/driver of other vehicle/cyclist/pedestrian/passenger,Four lanes or more with central divider,Straight road,,Fine,WB57B    3251,P.V,Grevious,0
10.08.2015,4:00 AM,1195.4,LHS,Rural,Martur,Collision Brush/Side Wipe, Lorry hit Bridge wall,Lorry,Non injury,Fault of driver of motor vehicle/driver of other vehicle/cyclist/pedestrian/passenger,Four lanes or more with central divider,Straight road,,Fine,WB57B    3251,P.V,Minor,0
10.08.2015,4:00 AM,1195.4,LHS,Rural,Martur,Collision Brush/Side Wipe, Lorry hit Bridge wall,Lorry,Non injury,Fault of driver of motor vehicle/driver of other vehicle/cyclist/pedestrian/passenger,Four lanes or more with central divider,Straight road,,Fine,WB57B    3251,P.V,Non injured ,2
10.08.2015,4:00 AM,1195.4,LHS,Rural,Martur,Collision Brush/Side Wipe, Lorry hit Bridge wall,Lorry,Non injury,Fault of driver of motor vehicle/driver of other vehicle/cyclist/pedestrian/passenger,Four lanes or more with central divider,Straight road,,Fine,WB57B    3251,P.V,Animals affected,0
10.08.2015,5:50 AM,1203.2,LHS,Rural,Reningavaram,Collision Brush/Side Wipe, Unknown Vehicle hit Pedestrian ,Unknown,Grievious injury,Over speed,Four lanes or more with central divider,Straight road,,Fine,Unknown Vehicle, A.M.B,Fatal,0
10.08.2015,5:50 AM,1203.2,LHS,Rural,Reningavaram,Collision Brush/Side Wipe, Unknown Vehicle hit Pedestrian ,Unknown,Grievious injury,Over speed,Four lanes or more with central divider,Straight road,,Fine,Unknown Vehicle, A.M.B,Grevious,1
10.08.2015,5:50 AM,1203.2,LHS,Rural,Reningavaram,Collision Brush/Side Wipe, Unknown Vehicle hit Pedestrian ,Unknown,Grievious injury,Over speed,Four lanes or more with central divider,Straight road,,Fine,Unknown Vehicle, A.M.B,Minor,0
10.08.2015,5:50 AM,1203.2,LHS,Rural,Reningavaram,Collision Brush/Side Wipe, Unknown Vehicle hit Pedestrian ,Unknown,Grievious injury,Over speed,Four lanes or more with central divider,Straight road,,Fine,Unknown Vehicle, A.M.B,Non injured ,0
10.08.2015,5:50 AM,1203.2,LHS,Rural,Reningavaram,Collision Brush/Side Wipe, Unknown Vehicle hit Pedestrian ,Unknown,Grievious injury,Over speed,Four lanes or more with central divider,Straight road,,Fine,Unknown Vehicle, A.M.B,Animals affected,0
10.08.2015,11:20 AM,1311.8,RHS,Urban,Kavali,Rear End Collision, Lorry hit RTC Bus and Car,Lorry,Non injury,Over speed,Four lanes or more with central divider,Straight road,,Fine,AP27Y    0819,P.V ,Fatal,0
10.08.2015,11:20 AM,1311.8,RHS,Urban,Kavali,Rear End Collision, Lorry hit RTC Bus and Car,Lorry,Non injury,Over speed,Four lanes or more with central divider,Straight road,,Fine,AP27Y    0819,P.V ,Grevious,0
10.08.2015,11:20 AM,1311.8,RHS,Urban,Kavali,Rear End Collision, Lorry hit RTC Bus and Car,Lorry,Non injury,Over speed,Four lanes or more with central divider,Straight road,,Fine,AP27Y    0819,P.V ,Minor,0
10.08.2015,11:20 AM,1311.8,RHS,Urban,Kavali,Rear End Collision, Lorry hit RTC Bus and Car,Lorry,Non injury,Over speed,Four lanes or more with central divider,Straight road,,Fine,AP27Y    0819,P.V ,Non injured ,34
10.08.2015,11:20 AM,1311.8,RHS,Urban,Kavali,Rear End Collision, Lorry hit RTC Bus and Car,Lorry,Non injury,Over speed,Four lanes or more with central divider,Straight road,,Fine,AP27Y    0819,P.V ,Animals affected,0
10.08.2015,1:00 PM,1191.8,LHS,Rural,Martur,Collision Brush/Side Wipe, Car hit Bike,Car,Grievious injury,Over speed,Four lanes or more with central divider,Straight road,T-Junction,Fine,AP29AU  8188,P.V & A.M.B,Fatal,0
10.08.2015,1:00 PM,1191.8,LHS,Rural,Martur,Collision Brush/Side Wipe, Car hit Bike,Car,Grievious injury,Over speed,Four lanes or more with central divider,Straight road,T-Junction,Fine,AP29AU  8188,P.V & A.M.B,Grevious,1
10.08.2015,1:00 PM,1191.8,LHS,Rural,Martur,Collision Brush/Side Wipe, Car hit Bike,Car,Grievious injury,Over speed,Four lanes or more with central divider,Straight road,T-Junction,Fine,AP29AU  8188,P.V & A.M.B,Minor,0
10.08.2015,1:00 PM,1191.8,LHS,Rural,Martur,Collision Brush/Side Wipe, Car hit Bike,Car,Grievious injury,Over speed,Four lanes or more with central divider,Straight road,T-Junction,Fine,AP29AU  8188,P.V & A.M.B,Non injured ,3
10.08.2015,1:00 PM,1191.8,LHS,Rural,Martur,Collision Brush/Side Wipe, Car hit Bike,Car,Grievious injury,Over speed,Four lanes or more with central divider,Straight road,T-Junction,Fine,AP29AU  8188,P.V & A.M.B,Animals affected,0
11.08.2015,3:35 AM,1322.7,LHS,Rural,Kavali,Overturning, Mini Lorry Overturned,Lorry,Non injury,Fault of driver of motor vehicle/driver of other vehicle/cyclist/pedestrian/passenger,Four lanes or more with central divider,Straight road,,Fine,AP07TC 3009,P.V,Fatal,0