Operational date,Time of Accident,KM && M,Position,Rural/Urban,Location,Nature of Accident Position,Nature of Accident,Vehicle Involved,Type of Accident,Causes,Road Feature,Road condition,Intersection Type And Control,Weather Condition,Vehicle Responsible,Help Provided by Ambulance/Patroling Vehicle,Classification of Accident,No of Affected Persons
11.08.2015,3:35 AM,1322.7,LHS,Rural,Kavali,Overturning, Mini Lorry Overturned,Lorry,Non injury,Fault of driver of motor vehicle/driver of other vehicle/cyclist/pedestrian/passenger,Four lanes or more with central divider,Straight road,,Fine,AP07TC 3009,P.V,Grevious,0
11.08.2015,3:35 AM,1322.7,LHS,Rural,Kavali,Overturning, Mini Lorry Overturned,Lorry,Non injury,Fault of driver of motor vehicle/driver of other vehicle/cyclist/pedestrian/passenger,Four lanes or more with central divider,Straight road,,Fine,AP07TC 3009,P.V,Minor,0
11.08.2015,3:35 AM,1322.7,LHS,Rural,Kavali,Overturning, Mini Lorry Overturned,Lorry,Non injury,Fault of driver of motor vehicle/driver of other vehicle/cyclist/pedestrian/passenger,Four lanes or more with central divider,Straight road,,Fine,AP07TC 3009,P.V,Non injured ,2
11.08.2015,3:35 AM,1322.7,LHS,Rural,Kavali,Overturning, Mini Lorry Overturned,Lorry,Non injury,Fault of driver of motor vehicle/driver of other vehicle/cyclist/pedestrian/passenger,Four lanes or more with central divider,Straight road,,Fine,AP07TC 3009,P.V,Animals affected,0
11.08.2015,1:00 PM,1337.8,RHS,Rural,K.Tippa ,Rear End Collision, Lorry hit  Tractor,Lorry,Minor injury,Over speed,Four lanes or more with central divider,Straight road,,Fine,AP27TX 5299,P.V&A.M.B,Fatal,0
11.08.2015,1:00 PM,1337.8,RHS,Rural,K.Tippa ,Rear End Collision, Lorry hit  Tractor,Lorry,Minor injury,Over speed,Four lanes or more with central divider,Straight road,,Fine,AP27TX 5299,P.V&A.M.B,Grevious,0
11.08.2015,1:00 PM,1337.8,RHS,Rural,K.Tippa ,Rear End Collision, Lorry hit  Tractor,Lorry,Minor injury,Over speed,Four lanes or more with central divider,Straight road,,Fine,AP27TX 5299,P.V&A.M.B,Minor,1
11.08.2015,1:00 PM,1337.8,RHS,Rural,K.Tippa ,Rear End Collision, Lorry hit  Tractor,Lorry,Minor injury,Over speed,Four lanes or more with central divider,Straight road,,Fine,AP27TX 5299,P.V&A.M.B,Non injured ,3
11.08.2015,1:00 PM,1337.8,RHS,Rural,K.Tippa ,Rear End Collision, Lorry hit  Tractor,Lorry,Minor injury,Over speed,Four lanes or more with central divider,Straight road,,Fine,AP27TX 5299,P.V&A.M.B,Animals affected,0
11.08.2015,4:30 PM,1271.2,RHS,Rural,Jarugumalli,Collision Brush/Side Wipe, Car hit Buffalo,Car,Non injury,Over speed,Four lanes or more with central divider,Straight road,,Fine,AP20R      5424,P.V,Fatal,0
11.08.2015,4:30 PM,1271.2,RHS,Rural,Jarugumalli,Collision Brush/Side Wipe, Car hit Buffalo,Car,Non injury,Over speed,Four lanes or more with central divider,Straight road,,Fine,AP20R      5424,P.V,Grevious,0
11.08.2015,4:30 PM,1271.2,RHS,Rural,Jarugumalli,Collision Brush/Side Wipe, Car hit Buffalo,Car,Non injury,Over speed,Four lanes or more with central divider,Straight road,,Fine,AP20R      5424,P.V,Minor,0
11.08.2015,4:30 PM,1271.2,RHS,Rural,Jarugumalli,Collision Brush/Side Wipe, Car hit Buffalo,Car,Non injury,Over speed,Four lanes or more with central divider,Straight road,,Fine,AP20R      5424,P.V,Non injured ,3
11.08.2015,4:30 PM,1271.2,RHS,Rural,Jarugumalli,Collision Brush/Side Wipe, Car hit Buffalo,Car,Non injury,Over speed,Four lanes or more with central divider,Straight road,,Fine,AP20R      5424,P.V,Animals affected,1
12.08.2015,5:05 AM,1288,LHS,Rural,Ulavapadu,Collision Brush/Side Wipe, Mini Lorry hit  CC Barriers,Lorry,Minor injury,Fault of driver of motor vehicle/driver of other vehicle/cyclist/pedestrian/passenger,Two lanes,Straight road,,Fine,AP26 T/R,P.V,Fatal,0
12.08.2015,5:05 AM,1288,LHS,Rural,Ulavapadu,Collision Brush/Side Wipe, Mini Lorry hit  CC Barriers,Lorry,Minor injury,Fault of driver of motor vehicle/driver of other vehicle/cyclist/pedestrian/passenger,Two lanes,Straight road,,Fine,AP26 T/R,P.V,Grevious,0
12.08.2015,5:05 AM,1288,LHS,Rural,Ulavapadu,Collision Brush/Side Wipe, Mini Lorry hit  CC Barriers,Lorry,Minor injury,Fault of driver of motor vehicle/driver of other vehicle/cyclist/pedestrian/passenger,Two lanes,Straight road,,Fine,AP26 T/R,P.V,Minor,3
12.08.2015,5:05 AM,1288,LHS,Rural,Ulavapadu,Collision Brush/Side Wipe, Mini Lorry hit  CC Barriers,Lorry,Minor injury,Fault of driver of motor vehicle/driver of other vehicle/cyclist/pedestrian/passenger,Two lanes,Straight road,,Fine,AP26 T/R,P.V,Non injured ,0
12.08.2015,5:05 AM,1288,LHS,Rural,Ulavapadu,Collision Brush/Side Wipe, Mini Lorry hit  CC Barriers,Lorry,Minor injury,Fault of driver of motor vehicle/driver of other vehicle/cyclist/pedestrian/passenger,Two lanes,Straight road,,Fine,AP26 T/R,P.V,Animals affected,0
12.08.2015,10:55 AM,1332.2,LHS,Rural,K.Tippa ,Collision Brush/Side Wipe, Lorry hit Pedestrian,Lorry,Fatal,Over speed,Four lanes or more with central divider,Straight road,,Fine,AP07TT 3636,P.V,Fatal,1
12.08.2015,10:55 AM,1332.2,LHS,Rural,K.Tippa ,Collision Brush/Side Wipe, Lorry hit Pedestrian,Lorry,Fatal,Over speed,Four lanes or more with central divider,Straight road,,Fine,AP07TT 3636,P.V,Grevious,0
12.08.2015,10:55 AM,1332.2,LHS,Rural,K.Tippa ,Collision Brush/Side Wipe, Lorry hit Pedestrian,Lorry,Fatal,Over speed,Four lanes or more with central divider,Straight road,,Fine,AP07TT 3636,P.V,Minor,0
12.08.2015,10:55 AM,1332.2,LHS,Rural,K.Tippa ,Collision Brush/Side Wipe, Lorry hit Pedestrian,Lorry,Fatal,Over speed,Four lanes or more with central divider,Straight road,,Fine,AP07TT 3636,P.V,Non injured ,0
12.08.2015,10:55 AM,1332.2,LHS,Rural,K.Tippa ,Collision Brush/Side Wipe, Lorry hit Pedestrian,Lorry,Fatal,Over speed,Four lanes or more with central divider,Straight road,,Fine,AP07TT 3636,P.V,Animals affected,0
12.08.2015,4:53 PM,1282.5,RHS,Rural,Singarayakonda,Rear End Collision, Car hit Ape auto,Car,Grievious injury,Over speed,Four lanes or more with central divider,Straight road,,Fine,AP27BC 0822,P.V,Fatal,0
12.08.2015,4:53 PM,1282.5,RHS,Rural,Singarayakonda,Rear End Collision, Car hit Ape auto,Car,Grievious injury,Over speed,Four lanes or more with central divider,Straight road,,Fine,AP27BC 0822,P.V,Grevious,1
12.08.2015,4:53 PM,1282.5,RHS,Rural,Singarayakonda,Rear End Collision, Car hit Ape auto,Car,Grievious injury,Over speed,Four lanes or more with central divider,Straight road,,Fine,AP27BC 0822,P.V,Minor,2
12.08.2015,4:53 PM,1282.5,RHS,Rural,Singarayakonda,Rear End Collision, Car hit Ape auto,Car,Grievious injury,Over speed,Four lanes or more with central divider,Straight road,,Fine,AP27BC 0822,P.V,Non injured ,6
12.08.2015,4:53 PM,1282.5,RHS,Rural,Singarayakonda,Rear End Collision, Car hit Ape auto,Car,Grievious injury,Over speed,Four lanes or more with central divider,Straight road,,Fine,AP27BC 0822,P.V,Animals affected,0
12.08.2015,5:05 PM,1316.4,RHS,Rural,Kavali,Rear End Collision, Lorry hit Lorry,Lorry,Non injury,Defect in mechanical condition of motor vehicle/road condition,Four lanes or more with central divider,Straight road,,Fine,TN33AW 9959,P.V,Fatal,0
12.08.2015,5:05 PM,1316.4,RHS,Rural,Kavali,Rear End Collision, Lorry hit Lorry,Lorry,Non injury,Defect in mechanical condition of motor vehicle/road condition,Four lanes or more with central divider,Straight road,,Fine,TN33AW 9959,P.V,Grevious,0
12.08.2015,5:05 PM,1316.4,RHS,Rural,Kavali,Rear End Collision, Lorry hit Lorry,Lorry,Non injury,Defect in mechanical condition of motor vehicle/road condition,Four lanes or more with central divider,Straight road,,Fine,TN33AW 9959,P.V,Minor,0
12.08.2015,5:05 PM,1316.4,RHS,Rural,Kavali,Rear End Collision, Lorry hit Lorry,Lorry,Non injury,Defect in mechanical condition of motor vehicle/road condition,Four lanes or more with central divider,Straight road,,Fine,TN33AW 9959,P.V,Non injured ,2
12.08.2015,5:05 PM,1316.4,RHS,Rural,Kavali,Rear End Collision, Lorry hit Lorry,Lorry,Non injury,Defect in mechanical condition of motor vehicle/road condition,Four lanes or more with central divider,Straight road,,Fine,TN33AW 9959,P.V,Animals affected,0
12.08.2015,5:50 PM,1255,LHS,Rural,Tangutur,Collision Brush/Side Wipe, Bike hit Bike,Bike,Grievious injury,Over speed,Four lanes or more with central divider,Straight road,,Fine,T/R Bike,A.M.B,Fatal,0
12.08.2015,5:50 PM,1255,LHS,Rural,Tangutur,Collision Brush/Side Wipe, Bike hit Bike,Bike,Grievious injury,Over speed,Four lanes or more with central divider,Straight road,,Fine,T/R Bike,A.M.B,Grevious,1
12.08.2015,5:50 PM,1255,LHS,Rural,Tangutur,Collision Brush/Side Wipe, Bike hit Bike,Bike,Grievious injury,Over speed,Four lanes or more with central divider,Straight road,,Fine,T/R Bike,A.M.B,Minor,1
12.08.2015,5:50 PM,1255,LHS,Rural,Tangutur,Collision Brush/Side Wipe, Bike hit Bike,Bike,Grievious injury,Over speed,Four lanes or more with central divider,Straight road,,Fine,T/R Bike,A.M.B,Non injured ,0
12.08.2015,5:50 PM,1255,LHS,Rural,Tangutur,Collision Brush/Side Wipe, Bike hit Bike,Bike,Grievious injury,Over speed,Four lanes or more with central divider,Straight road,,Fine,T/R Bike,A.M.B,Animals affected,0
13.08.2015,11:45 PM,1318.8,RHS,Rural,Kavali,Overturning, Car Over   Turned,Car,Non injury,Over speed,Four lanes or more with central divider,Slight curve,,Fine,TS11VD              0448,P.V,Fatal,0
13.08.2015,11:45 PM,1318.8,RHS,Rural,Kavali,Overturning, Car Over   Turned,Car,Non injury,Over speed,Four lanes or more with central divider,Slight curve,,Fine,TS11VD              0448,P.V,Grevious,0
13.08.2015,11:45 PM,1318.8,RHS,Rural,Kavali,Overturning, Car Over   Turned,Car,Non injury,Over speed,Four lanes or more with central divider,Slight curve,,Fine,TS11VD              0448,P.V,Minor,0
13.08.2015,11:45 PM,1318.8,RHS,Rural,Kavali,Overturning, Car Over   Turned,Car,Non injury,Over speed,Four lanes or more with central divider,Slight curve,,Fine,TS11VD              0448,P.V,Non injured ,2
13.08.2015,11:45 PM,1318.8,RHS,Rural,Kavali,Overturning, Car Over   Turned,Car,Non injury,Over speed,Four lanes or more with central divider,Slight curve,,Fine,TS11VD              0448,P.V,Animals affected,0
14.08.2015,1:15 PM,1206.3,LHS,Rural,Reningavaram,Rear End Collision, Lorry hit Container vehicle,Lorry,Grievious injury,Fault of driver of motor vehicle/driver of other vehicle/cyclist/pedestrian/passenger,Four lanes or more with central divider,Straight road,,Fine,TN 32 AY  9815,P.V & A.M.B,Fatal,0
14.08.2015,1:15 PM,1206.3,LHS,Rural,Reningavaram,Rear End Collision, Lorry hit Container vehicle,Lorry,Grievious injury,Fault of driver of motor vehicle/driver of other vehicle/cyclist/pedestrian/passenger,Four lanes or more with central divider,Straight road,,Fine,TN 32 AY  9815,P.V & A.M.B,Grevious,2
14.08.2015,1:15 PM,1206.3,LHS,Rural,Reningavaram,Rear End Collision, Lorry hit Container vehicle,Lorry,Grievious injury,Fault of driver of motor vehicle/driver of other vehicle/cyclist/pedestrian/passenger,Four lanes or more with central divider,Straight road,,Fine,TN 32 AY  9815,P.V & A.M.B,Minor,0
14.08.2015,1:15 PM,1206.3,LHS,Rural,Reningavaram,Rear End Collision, Lorry hit Container vehicle,Lorry,Grievious injury,Fault of driver of motor vehicle/driver of other vehicle/cyclist/pedestrian/passenger,Four lanes or more with central divider,Straight road,,Fine,TN 32 AY  9815,P.V & A.M.B,Non injured ,1
14.08.2015,1:15 PM,1206.3,LHS,Rural,Reningavaram,Rear End Collision, Lorry hit Container vehicle,Lorry,Grievious injury,Fault of driver of motor vehicle/driver of other vehicle/cyclist/pedestrian/passenger,Four lanes or more with central divider,Straight road,,Fine,TN 32 AY  9815,P.V & A.M.B,Animals affected,0
14.08.2015,2:50 PM,1191.7,RHS,Rural,Martur,Rear End Collision, Car hit Unknown vehicle,Car,Minor injury,Over speed,Four lanes or more with central divider,Straight road,,Fine,AP07BY 6688,P.V,Fatal,0
14.08.2015,2:50 PM,1191.7,RHS,Rural,Martur,Rear End Collision, Car hit Unknown vehicle,Car,Minor injury,Over speed,Four lanes or more with central divider,Straight road,,Fine,AP07BY 6688,P.V,Grevious,0
14.08.2015,2:50 PM,1191.7,RHS,Rural,Martur,Rear End Collision, Car hit Unknown vehicle,Car,Minor injury,Over speed,Four lanes or more with central divider,Straight road,,Fine,AP07BY 6688,P.V,Minor,4
14.08.2015,2:50 PM,1191.7,RHS,Rural,Martur,Rear End Collision, Car hit Unknown vehicle,Car,Minor injury,Over speed,Four lanes or more with central divider,Straight road,,Fine,AP07BY 6688,P.V,Non injured ,0
14.08.2015,2:50 PM,1191.7,RHS,Rural,Martur,Rear End Collision, Car hit Unknown vehicle,Car,Minor injury,Over speed,Four lanes or more with central divider,Straight road,,Fine,AP07BY 6688,P.V,Animals affected,0
14.08.2015,6:55 PM,1235.1,LHS,Rural,Maddipadu,Head on collision, Bike hit bike,Bike,Grievious injury,Druken,Four lanes or more with central divider,Straight road,,Fine,AP13 J   5475,P.V,Fatal,0
14.08.2015,6:55 PM,1235.1,LHS,Rural,Maddipadu,Head on collision, Bike hit bike,Bike,Grievious injury,Druken,Four lanes or more with central divider,Straight road,,Fine,AP13 J   5475,P.V,Grevious,2
14.08.2015,6:55 PM,1235.1,LHS,Rural,Maddipadu,Head on collision, Bike hit bike,Bike,Grievious injury,Druken,Four lanes or more with central divider,Straight road,,Fine,AP13 J   5475,P.V,Minor,0
14.08.2015,6:55 PM,1235.1,LHS,Rural,Maddipadu,Head on collision, Bike hit bike,Bike,Grievious injury,Druken,Four lanes or more with central divider,Straight road,,Fine,AP13 J   5475,P.V,Non injured ,0
14.08.2015,6:55 PM,1235.1,LHS,Rural,Maddipadu,Head on collision, Bike hit bike,Bike,Grievious injury,Druken,Four lanes or more with central divider,Straight road,,Fine,AP13 J   5475,P.V,Animals affected,0
15.08.2015,12:30 AM,1361.4,LHS,Rural,Kodavaluru,Rear End Collision, Mini lorry hit unknown vehicle,Lorry,Non injury,Over speed,Four lanes or more with central divider,Straight road,,Fine,AP28TC  2961,P.V,Fatal,0
15.08.2015,12:30 AM,1361.4,LHS,Rural,Kodavaluru,Rear End Collision, Mini lorry hit unknown vehicle,Lorry,Non injury,Over speed,Four lanes or more with central divider,Straight road,,Fine,AP28TC  2961,P.V,Grevious,0
15.08.2015,12:30 AM,1361.4,LHS,Rural,Kodavaluru,Rear End Collision, Mini lorry hit unknown vehicle,Lorry,Non injury,Over speed,Four lanes or more with central divider,Straight road,,Fine,AP28TC  2961,P.V,Minor,0
15.08.2015,12:30 AM,1361.4,LHS,Rural,Kodavaluru,Rear End Collision, Mini lorry hit unknown vehicle,Lorry,Non injury,Over speed,Four lanes or more with central divider,Straight road,,Fine,AP28TC  2961,P.V,Non injured ,1
15.08.2015,12:30 AM,1361.4,LHS,Rural,Kodavaluru,Rear End Collision, Mini lorry hit unknown vehicle,Lorry,Non injury,Over speed,Four lanes or more with central divider,Straight road,,Fine,AP28TC  2961,P.V,Animals affected,0
15.08.2015,12:40 AM,1281.8,LHS,Rural,Singarayakonda,Rear End Collision, Trailer vehicle hit Mini lorry,Trailler,Non injury,Fault of driver of motor vehicle/driver of other vehicle/cyclist/pedestrian/passenger,Four lanes or more with central divider,Straight road,,Fine,AP27TT  3915,P.V,Fatal,0
15.08.2015,12:40 AM,1281.8,LHS,Rural,Singarayakonda,Rear End Collision, Trailer vehicle hit Mini lorry,Trailler,Non injury,Fault of driver of motor vehicle/driver of other vehicle/cyclist/pedestrian/passenger,Four lanes or more with central divider,Straight road,,Fine,AP27TT  3915,P.V,Grevious,0
15.08.2015,12:40 AM,1281.8,LHS,Rural,Singarayakonda,Rear End Collision, Trailer vehicle hit Mini lorry,Trailler,Non injury,Fault of driver of motor vehicle/driver of other vehicle/cyclist/pedestrian/passenger,Four lanes or more with central divider,Straight road,,Fine,AP27TT  3915,P.V,Minor,0
15.08.2015,12:40 AM,1281.8,LHS,Rural,Singarayakonda,Rear End Collision, Trailer vehicle hit Mini lorry,Trailler,Non injury,Fault of driver of motor vehicle/driver of other vehicle/cyclist/pedestrian/passenger,Four lanes or more with central divider,Straight road,,Fine,AP27TT  3915,P.V,Non injured ,2
15.08.2015,12:40 AM,1281.8,LHS,Rural,Singarayakonda,Rear End Collision, Trailer vehicle hit Mini lorry,Trailler,Non injury,Fault of driver of motor vehicle/driver of other vehicle/cyclist/pedestrian/passenger,Four lanes or more with central divider,Straight road,,Fine,AP27TT  3915,P.V,Animals affected,6
15.08.2015,1:20 AM,1281.7,LHS,Rural,Singarayakonda,Rear End Collision, Container vehicle hit Tipper,Container,Fatal,Fault of driver of motor vehicle/driver of other vehicle/cyclist/pedestrian/passenger,Four lanes or more with central divider,Straight road,,Fine,AP31TV  2250,P.V&A.M.B,Fatal,1
15.08.2015,1:20 AM,1281.7,LHS,Rural,Singarayakonda,Rear End Collision, Container vehicle hit Tipper,Container,Fatal,Fault of driver of motor vehicle/driver of other vehicle/cyclist/pedestrian/passenger,Four lanes or more with central divider,Straight road,,Fine,AP31TV  2250,P.V&A.M.B,Grevious,1
15.08.2015,1:20 AM,1281.7,LHS,Rural,Singarayakonda,Rear End Collision, Container vehicle hit Tipper,Container,Fatal,Fault of driver of motor vehicle/driver of other vehicle/cyclist/pedestrian/passenger,Four lanes or more with central divider,Straight road,,Fine,AP31TV  2250,P.V&A.M.B,Minor,0
15.08.2015,1:20 AM,1281.7,LHS,Rural,Singarayakonda,Rear End Collision, Container vehicle hit Tipper,Container,Fatal,Fault of driver of motor vehicle/driver of other vehicle/cyclist/pedestrian/passenger,Four lanes or more with central divider,Straight road,,Fine,AP31TV  2250,P.V&A.M.B,Non injured ,1
15.08.2015,1:20 AM,1281.7,LHS,Rural,Singarayakonda,Rear End Collision, Container vehicle hit Tipper,Container,Fatal,Fault of driver of motor vehicle/driver of other vehicle/cyclist/pedestrian/passenger,Four lanes or more with central divider,Straight road,,Fine,AP31TV  2250,P.V&A.M.B,Animals affected,0
15.08.2015,12:30 PM,1282.5,LHS,Rural,Singarayakonda,Collision Brush/Side Wipe, Tipper vehicle hit Car,Lorry,Non injury,Over speed,Four lanes or more with central divider,Straight road,,Fine,AP26TC  6556,P.V,Fatal,0
15.08.2015,12:30 PM,1282.5,LHS,Rural,Singarayakonda,Collision Brush/Side Wipe, Tipper vehicle hit Car,Lorry,Non injury,Over speed,Four lanes or more with central divider,Straight road,,Fine,AP26TC  6556,P.V,Grevious,0
15.08.2015,12:30 PM,1282.5,LHS,Rural,Singarayakonda,Collision Brush/Side Wipe, Tipper vehicle hit Car,Lorry,Non injury,Over speed,Four lanes or more with central divider,Straight road,,Fine,AP26TC  6556,P.V,Minor,0
15.08.2015,12:30 PM,1282.5,LHS,Rural,Singarayakonda,Collision Brush/Side Wipe, Tipper vehicle hit Car,Lorry,Non injury,Over speed,Four lanes or more with central divider,Straight road,,Fine,AP26TC  6556,P.V,Non injured ,6
15.08.2015,12:30 PM,1282.5,LHS,Rural,Singarayakonda,Collision Brush/Side Wipe, Tipper vehicle hit Car,Lorry,Non injury,Over speed,Four lanes or more with central divider,Straight road,,Fine,AP26TC  6556,P.V,Animals affected,0
16.08.2015,1:43 AM,1254.8,LHS,Rural,Ongole,Collision Brush/Side Wipe, Trailer vehicle hit Tipper,Trailler,Non injury,Fault of driver of motor vehicle/driver of other vehicle/cyclist/pedestrian/passenger,Four lanes or more with central divider,Straight road,,Cloudy,NL01L  0619,P.V,Fatal,0
16.08.2015,1:43 AM,1254.8,LHS,Rural,Ongole,Collision Brush/Side Wipe, Trailer vehicle hit Tipper,Trailler,Non injury,Fault of driver of motor vehicle/driver of other vehicle/cyclist/pedestrian/passenger,Four lanes or more with central divider,Straight road,,Cloudy,NL01L  0619,P.V,Grevious,0
16.08.2015,1:43 AM,1254.8,LHS,Rural,Ongole,Collision Brush/Side Wipe, Trailer vehicle hit Tipper,Trailler,Non injury,Fault of driver of motor vehicle/driver of other vehicle/cyclist/pedestrian/passenger,Four lanes or more with central divider,Straight road,,Cloudy,NL01L  0619,P.V,Minor,0
16.08.2015,1:43 AM,1254.8,LHS,Rural,Ongole,Collision Brush/Side Wipe, Trailer vehicle hit Tipper,Trailler,Non injury,Fault of driver of motor vehicle/driver of other vehicle/cyclist/pedestrian/passenger,Four lanes or more with central divider,Straight road,,Cloudy,NL01L  0619,P.V,Non injured ,2
16.08.2015,1:43 AM,1254.8,LHS,Rural,Ongole,Collision Brush/Side Wipe, Trailer vehicle hit Tipper,Trailler,Non injury,Fault of driver of motor vehicle/driver of other vehicle/cyclist/pedestrian/passenger,Four lanes or more with central divider,Straight road,,Cloudy,NL01L  0619,P.V,Animals affected,0
16.08.2015,4:25 AM,1186.2,LHS,Rural,Martur,Collision Brush/Side Wipe, Lorry hit Tipper,Lorry,Grievious injury,Fault of driver of motor vehicle/driver of other vehicle/cyclist/pedestrian/passenger,Four lanes or more with central divider,Straight road,,Fine,AP27TT 4466,P.V&A.M.B,Fatal,0
16.08.2015,4:25 AM,1186.2,LHS,Rural,Martur,Collision Brush/Side Wipe, Lorry hit Tipper,Lorry,Grievious injury,Fault of driver of motor vehicle/driver of other vehicle/cyclist/pedestrian/passenger,Four lanes or more with central divider,Straight road,,Fine,AP27TT 4466,P.V&A.M.B,Grevious,1
16.08.2015,4:25 AM,1186.2,LHS,Rural,Martur,Collision Brush/Side Wipe, Lorry hit Tipper,Lorry,Grievious injury,Fault of driver of motor vehicle/driver of other vehicle/cyclist/pedestrian/passenger,Four lanes or more with central divider,Straight road,,Fine,AP27TT 4466,P.V&A.M.B,Minor,1
16.08.2015,4:25 AM,1186.2,LHS,Rural,Martur,Collision Brush/Side Wipe, Lorry hit Tipper,Lorry,Grievious injury,Fault of driver of motor vehicle/driver of other vehicle/cyclist/pedestrian/passenger,Four lanes or more with central divider,Straight road,,Fine,AP27TT 4466,P.V&A.M.B,Non injured ,0
16.08.2015,4:25 AM,1186.2,LHS,Rural,Martur,Collision Brush/Side Wipe, Lorry hit Tipper,Lorry,Grievious injury,Fault of driver of motor vehicle/driver of other vehicle/cyclist/pedestrian/passenger,Four lanes or more with central divider,Straight road,,Fine,AP27TT 4466,P.V&A.M.B,Animals affected,0
16.08.2015,5:45 AM,1247.8,RHS,Urban,Ongole,Overturning, Lorry overturned,Lorry,Non injury,Vehicle out of control,Three lanes or more without central divider(median),Straight road,T-Junction,Heavy rain,WB25E 1684,P.V,Fatal,0
16.08.2015,5:45 AM,1247.8,RHS,Urban,Ongole,Overturning, Lorry overturned,Lorry,Non injury,Vehicle out of control,Three lanes or more without central divider(median),Straight road,T-Junction,Heavy rain,WB25E 1684,P.V,Grevious,0
16.08.2015,5:45 AM,1247.8,RHS,Urban,Ongole,Overturning, Lorry overturned,Lorry,Non injury,Vehicle out of control,Three lanes or more without central divider(median),Straight road,T-Junction,Heavy rain,WB25E 1684,P.V,Minor,0
16.08.2015,5:45 AM,1247.8,RHS,Urban,Ongole,Overturning, Lorry overturned,Lorry,Non injury,Vehicle out of control,Three lanes or more without central divider(median),Straight road,T-Junction,Heavy rain,WB25E 1684,P.V,Non injured ,2
16.08.2015,5:45 AM,1247.8,RHS,Urban,Ongole,Overturning, Lorry overturned,Lorry,Non injury,Vehicle out of control,Three lanes or more without central divider(median),Straight road,T-Junction,Heavy rain,WB25E 1684,P.V,Animals affected,0
16.08.2015,12:50 PM,1200,LHS,Rural,Martur,Collision Brush/Side Wipe, Car hit Iron pole,Car,Non injury,Fault of driver of motor vehicle/driver of other vehicle/cyclist/pedestrian/passenger,Four lanes or more with central divider,Straight road,,Fine,AP09AZ 4144,P.V,Fatal,0
16.08.2015,12:50 PM,1200,LHS,Rural,Martur,Collision Brush/Side Wipe, Car hit Iron pole,Car,Non injury,Fault of driver of motor vehicle/driver of other vehicle/cyclist/pedestrian/passenger,Four lanes or more with central divider,Straight road,,Fine,AP09AZ 4144,P.V,Grevious,0
16.08.2015,12:50 PM,1200,LHS,Rural,Martur,Collision Brush/Side Wipe, Car hit Iron pole,Car,Non injury,Fault of driver of motor vehicle/driver of other vehicle/cyclist/pedestrian/passenger,Four lanes or more with central divider,Straight road,,Fine,AP09AZ 4144,P.V,Minor,0
16.08.2015,12:50 PM,1200,LHS,Rural,Martur,Collision Brush/Side Wipe, Car hit Iron pole,Car,Non injury,Fault of driver of motor vehicle/driver of other vehicle/cyclist/pedestrian/passenger,Four lanes or more with central divider,Straight road,,Fine,AP09AZ 4144,P.V,Non injured ,10
16.08.2015,12:50 PM,1200,LHS,Rural,Martur,Collision Brush/Side Wipe, Car hit Iron pole,Car,Non injury,Fault of driver of motor vehicle/driver of other vehicle/cyclist/pedestrian/passenger,Four lanes or more with central divider,Straight road,,Fine,AP09AZ 4144,P.V,Animals affected,0
17.08.2015,5:00 AM,1252.4,LHS,Rural,Ongole,Collision Brush/Side Wipe, Lorry hit CC Barriers,Lorry,Non injury,Over speed,Two lanes,Straight road,,Fine,AP16TE 3223,P.V,Fatal,0
17.08.2015,5:00 AM,1252.4,LHS,Rural,Ongole,Collision Brush/Side Wipe, Lorry hit CC Barriers,Lorry,Non injury,Over speed,Two lanes,Straight road,,Fine,AP16TE 3223,P.V,Grevious,0
17.08.2015,5:00 AM,1252.4,LHS,Rural,Ongole,Collision Brush/Side Wipe, Lorry hit CC Barriers,Lorry,Non injury,Over speed,Two lanes,Straight road,,Fine,AP16TE 3223,P.V,Minor,0
17.08.2015,5:00 AM,1252.4,LHS,Rural,Ongole,Collision Brush/Side Wipe, Lorry hit CC Barriers,Lorry,Non injury,Over speed,Two lanes,Straight road,,Fine,AP16TE 3223,P.V,Non injured ,2
17.08.2015,5:00 AM,1252.4,LHS,Rural,Ongole,Collision Brush/Side Wipe, Lorry hit CC Barriers,Lorry,Non injury,Over speed,Two lanes,Straight road,,Fine,AP16TE 3223,P.V,Animals affected,0
17.08.2015,8:40 AM,1355.3,LHS,Rural,Kodavaluru,Overturning, Bolero pickup vehicle Overturned,Car,Non injury,Over speed,Four lanes or more with central divider,Straight road,,Fine,AP37TC 4991,P.V,Fatal,0
17.08.2015,8:40 AM,1355.3,LHS,Rural,Kodavaluru,Overturning, Bolero pickup vehicle Overturned,Car,Non injury,Over speed,Four lanes or more with central divider,Straight road,,Fine,AP37TC 4991,P.V,Grevious,0
17.08.2015,8:40 AM,1355.3,LHS,Rural,Kodavaluru,Overturning, Bolero pickup vehicle Overturned,Car,Non injury,Over speed,Four lanes or more with central divider,Straight road,,Fine,AP37TC 4991,P.V,Minor,0
17.08.2015,8:40 AM,1355.3,LHS,Rural,Kodavaluru,Overturning, Bolero pickup vehicle Overturned,Car,Non injury,Over speed,Four lanes or more with central divider,Straight road,,Fine,AP37TC 4991,P.V,Non injured ,2
17.08.2015,8:40 AM,1355.3,LHS,Rural,Kodavaluru,Overturning, Bolero pickup vehicle Overturned,Car,Non injury,Over speed,Four lanes or more with central divider,Straight road,,Fine,AP37TC 4991,P.V,Animals affected,0
18.08.2015,5:55 AM,1188.5,RHS,Rural,Martur,Rear End Collision, Car hit Oil Tanker,Car,Non injury,Over speed,Three lanes or more without central divider(median),Straight road,T-Junction,Fine,AP16CJ   4433,P.V,Fatal,0
18.08.2015,5:55 AM,1188.5,RHS,Rural,Martur,Rear End Collision, Car hit Oil Tanker,Car,Non injury,Over speed,Three lanes or more without central divider(median),Straight road,T-Junction,Fine,AP16CJ   4433,P.V,Grevious,0