Operational date,Time of Accident,KM && M,Position,Rural/Urban,Location,Nature of Accident Position,Nature of Accident,Vehicle Involved,Type of Accident,Causes,Road Feature,Road condition,Intersection Type And Control,Weather Condition,Vehicle Responsible,Help Provided by Ambulance/Patroling Vehicle,Classification of Accident,No of Affected Persons
18.08.2015,5:55 AM,1188.5,RHS,Rural,Martur,Rear End Collision, Car hit Oil Tanker,Car,Non injury,Over speed,Three lanes or more without central divider(median),Straight road,T-Junction,Fine,AP16CJ   4433,P.V,Minor,0
18.08.2015,5:55 AM,1188.5,RHS,Rural,Martur,Rear End Collision, Car hit Oil Tanker,Car,Non injury,Over speed,Three lanes or more without central divider(median),Straight road,T-Junction,Fine,AP16CJ   4433,P.V,Non injured ,7
18.08.2015,5:55 AM,1188.5,RHS,Rural,Martur,Rear End Collision, Car hit Oil Tanker,Car,Non injury,Over speed,Three lanes or more without central divider(median),Straight road,T-Junction,Fine,AP16CJ   4433,P.V,Animals affected,0
19.08.2015,12:53 AM,1291.3,RHS,Rural,Ulavapadu,Rear End Collision, Toofan van hit Trailer vehicle,Van,Grievious injury,Fault of driver of motor vehicle/driver of other vehicle/cyclist/pedestrian/passenger,Four lanes or more with central divider,Straight road,,Fine,AP07TF   1158,P.V,Fatal,0
19.08.2015,12:53 AM,1291.3,RHS,Rural,Ulavapadu,Rear End Collision, Toofan van hit Trailer vehicle,Van,Grievious injury,Fault of driver of motor vehicle/driver of other vehicle/cyclist/pedestrian/passenger,Four lanes or more with central divider,Straight road,,Fine,AP07TF   1158,P.V,Grevious,2
19.08.2015,12:53 AM,1291.3,RHS,Rural,Ulavapadu,Rear End Collision, Toofan van hit Trailer vehicle,Van,Grievious injury,Fault of driver of motor vehicle/driver of other vehicle/cyclist/pedestrian/passenger,Four lanes or more with central divider,Straight road,,Fine,AP07TF   1158,P.V,Minor,3
19.08.2015,12:53 AM,1291.3,RHS,Rural,Ulavapadu,Rear End Collision, Toofan van hit Trailer vehicle,Van,Grievious injury,Fault of driver of motor vehicle/driver of other vehicle/cyclist/pedestrian/passenger,Four lanes or more with central divider,Straight road,,Fine,AP07TF   1158,P.V,Non injured ,5
19.08.2015,12:53 AM,1291.3,RHS,Rural,Ulavapadu,Rear End Collision, Toofan van hit Trailer vehicle,Van,Grievious injury,Fault of driver of motor vehicle/driver of other vehicle/cyclist/pedestrian/passenger,Four lanes or more with central divider,Straight road,,Fine,AP07TF   1158,P.V,Animals affected,0
19.08.2015,6:28 PM,1205.7,RHS,Rural,Reningavaram,Collision Brush/Side Wipe, Bike hit Buffalo,Bike,Minor injury,Druken,Four lanes or more with central divider,Sharp curve,,Fine,AP27D 283,A.M.B,Fatal,0
19.08.2015,6:28 PM,1205.7,RHS,Rural,Reningavaram,Collision Brush/Side Wipe, Bike hit Buffalo,Bike,Minor injury,Druken,Four lanes or more with central divider,Sharp curve,,Fine,AP27D 283,A.M.B,Grevious,0
19.08.2015,6:28 PM,1205.7,RHS,Rural,Reningavaram,Collision Brush/Side Wipe, Bike hit Buffalo,Bike,Minor injury,Druken,Four lanes or more with central divider,Sharp curve,,Fine,AP27D 283,A.M.B,Minor,1
19.08.2015,6:28 PM,1205.7,RHS,Rural,Reningavaram,Collision Brush/Side Wipe, Bike hit Buffalo,Bike,Minor injury,Druken,Four lanes or more with central divider,Sharp curve,,Fine,AP27D 283,A.M.B,Non injured ,0
19.08.2015,6:28 PM,1205.7,RHS,Rural,Reningavaram,Collision Brush/Side Wipe, Bike hit Buffalo,Bike,Minor injury,Druken,Four lanes or more with central divider,Sharp curve,,Fine,AP27D 283,A.M.B,Animals affected,0
20.08.2015,4:45 AM,1217.3,LHS,Rural,Medarametla,Collision Brush/Side Wipe, Lorry hit        Lorry,Lorry,Grievious injury,Over speed,Four lanes or more with central divider,Straight road,,Fine,TN42U    7476,"P.V, AMB",Fatal,0
20.08.2015,4:45 AM,1217.3,LHS,Rural,Medarametla,Collision Brush/Side Wipe, Lorry hit        Lorry,Lorry,Grievious injury,Over speed,Four lanes or more with central divider,Straight road,,Fine,TN42U    7476,"P.V, AMB",Grevious,2
20.08.2015,4:45 AM,1217.3,LHS,Rural,Medarametla,Collision Brush/Side Wipe, Lorry hit        Lorry,Lorry,Grievious injury,Over speed,Four lanes or more with central divider,Straight road,,Fine,TN42U    7476,"P.V, AMB",Minor,0
20.08.2015,4:45 AM,1217.3,LHS,Rural,Medarametla,Collision Brush/Side Wipe, Lorry hit        Lorry,Lorry,Grievious injury,Over speed,Four lanes or more with central divider,Straight road,,Fine,TN42U    7476,"P.V, AMB",Non injured ,1
20.08.2015,4:45 AM,1217.3,LHS,Rural,Medarametla,Collision Brush/Side Wipe, Lorry hit        Lorry,Lorry,Grievious injury,Over speed,Four lanes or more with central divider,Straight road,,Fine,TN42U    7476,"P.V, AMB",Animals affected,0
20.08.2015,6:50 AM,1271.3,LHS,Rural,Jarugumalli,Collision Brush/Side Wipe, APSRTC Bus      hit Bike,Bus,Grievious injury,Over speed,Four lanes or more with central divider,Straight road,,Fine,AP28Z    1911,A.M.B,Fatal,0
20.08.2015,6:50 AM,1271.3,LHS,Rural,Jarugumalli,Collision Brush/Side Wipe, APSRTC Bus      hit Bike,Bus,Grievious injury,Over speed,Four lanes or more with central divider,Straight road,,Fine,AP28Z    1911,A.M.B,Grevious,1
20.08.2015,6:50 AM,1271.3,LHS,Rural,Jarugumalli,Collision Brush/Side Wipe, APSRTC Bus      hit Bike,Bus,Grievious injury,Over speed,Four lanes or more with central divider,Straight road,,Fine,AP28Z    1911,A.M.B,Minor,1
20.08.2015,6:50 AM,1271.3,LHS,Rural,Jarugumalli,Collision Brush/Side Wipe, APSRTC Bus      hit Bike,Bus,Grievious injury,Over speed,Four lanes or more with central divider,Straight road,,Fine,AP28Z    1911,A.M.B,Non injured ,20
20.08.2015,6:50 AM,1271.3,LHS,Rural,Jarugumalli,Collision Brush/Side Wipe, APSRTC Bus      hit Bike,Bus,Grievious injury,Over speed,Four lanes or more with central divider,Straight road,,Fine,AP28Z    1911,A.M.B,Animals affected,0
20.08.2015,12:55 PM,1275.5,LHS,Rural,Singarayakonda,Rear End Collision, Lorry hit  Car,Lorry,Non injury,Fault of driver of motor vehicle/driver of other vehicle/cyclist/pedestrian/passenger,Four lanes or more with central divider,Straight road,,Fine,TN32B     3532,P.V,Fatal,0
20.08.2015,12:55 PM,1275.5,LHS,Rural,Singarayakonda,Rear End Collision, Lorry hit  Car,Lorry,Non injury,Fault of driver of motor vehicle/driver of other vehicle/cyclist/pedestrian/passenger,Four lanes or more with central divider,Straight road,,Fine,TN32B     3532,P.V,Grevious,0
20.08.2015,12:55 PM,1275.5,LHS,Rural,Singarayakonda,Rear End Collision, Lorry hit  Car,Lorry,Non injury,Fault of driver of motor vehicle/driver of other vehicle/cyclist/pedestrian/passenger,Four lanes or more with central divider,Straight road,,Fine,TN32B     3532,P.V,Minor,0
20.08.2015,12:55 PM,1275.5,LHS,Rural,Singarayakonda,Rear End Collision, Lorry hit  Car,Lorry,Non injury,Fault of driver of motor vehicle/driver of other vehicle/cyclist/pedestrian/passenger,Four lanes or more with central divider,Straight road,,Fine,TN32B     3532,P.V,Non injured ,5
20.08.2015,12:55 PM,1275.5,LHS,Rural,Singarayakonda,Rear End Collision, Lorry hit  Car,Lorry,Non injury,Fault of driver of motor vehicle/driver of other vehicle/cyclist/pedestrian/passenger,Four lanes or more with central divider,Straight road,,Fine,TN32B     3532,P.V,Animals affected,0
21.08.2015,2:30 AM,1331.3,RHS,Rural,Kavali,Overturning,Mini Lorry                            Ov,Lorry,Non injury,Over speed,Three lanes or more without central divider(median),Straight road,Four arm junction,Light rain,AP03TA   9025,P.V,Fatal,0
21.08.2015,2:30 AM,1331.3,RHS,Rural,Kavali,Overturning,Mini Lorry                            Ov,Lorry,Non injury,Over speed,Three lanes or more without central divider(median),Straight road,Four arm junction,Light rain,AP03TA   9025,P.V,Grevious,0
21.08.2015,2:30 AM,1331.3,RHS,Rural,Kavali,Overturning,Mini Lorry                            Ov,Lorry,Non injury,Over speed,Three lanes or more without central divider(median),Straight road,Four arm junction,Light rain,AP03TA   9025,P.V,Minor,0
21.08.2015,2:30 AM,1331.3,RHS,Rural,Kavali,Overturning,Mini Lorry                            Ov,Lorry,Non injury,Over speed,Three lanes or more without central divider(median),Straight road,Four arm junction,Light rain,AP03TA   9025,P.V,Non injured ,3
21.08.2015,2:30 AM,1331.3,RHS,Rural,Kavali,Overturning,Mini Lorry                            Ov,Lorry,Non injury,Over speed,Three lanes or more without central divider(median),Straight road,Four arm junction,Light rain,AP03TA   9025,P.V,Animals affected,0
21.08.2015,3:00 AM,1290.9,LHS,Rural,Ulavapadu,Collision Brush/Side Wipe, Lorry went out of Road towards Row,Lorry,Non injury,Fault of driver of motor vehicle/driver of other vehicle/cyclist/pedestrian/passenger,Four lanes or more with central divider,Straight road,,Light rain,MH04MR   5192,P.V,Fatal,0
21.08.2015,3:00 AM,1290.9,LHS,Rural,Ulavapadu,Collision Brush/Side Wipe, Lorry went out of Road towards Row,Lorry,Non injury,Fault of driver of motor vehicle/driver of other vehicle/cyclist/pedestrian/passenger,Four lanes or more with central divider,Straight road,,Light rain,MH04MR   5192,P.V,Grevious,0
21.08.2015,3:00 AM,1290.9,LHS,Rural,Ulavapadu,Collision Brush/Side Wipe, Lorry went out of Road towards Row,Lorry,Non injury,Fault of driver of motor vehicle/driver of other vehicle/cyclist/pedestrian/passenger,Four lanes or more with central divider,Straight road,,Light rain,MH04MR   5192,P.V,Minor,0
21.08.2015,3:00 AM,1290.9,LHS,Rural,Ulavapadu,Collision Brush/Side Wipe, Lorry went out of Road towards Row,Lorry,Non injury,Fault of driver of motor vehicle/driver of other vehicle/cyclist/pedestrian/passenger,Four lanes or more with central divider,Straight road,,Light rain,MH04MR   5192,P.V,Non injured ,2
21.08.2015,3:00 AM,1290.9,LHS,Rural,Ulavapadu,Collision Brush/Side Wipe, Lorry went out of Road towards Row,Lorry,Non injury,Fault of driver of motor vehicle/driver of other vehicle/cyclist/pedestrian/passenger,Four lanes or more with central divider,Straight road,,Light rain,MH04MR   5192,P.V,Animals affected,0
21.08.2015,4:00 AM,1196.9,LHS,Rural,Martur,Overturning, Lorry  Overturned towards ROW,Lorry,Non injury,Over speed,Four lanes or more with central divider,Straight road,,Fine,AP27TW   8778,P.V,Fatal,0
21.08.2015,4:00 AM,1196.9,LHS,Rural,Martur,Overturning, Lorry  Overturned towards ROW,Lorry,Non injury,Over speed,Four lanes or more with central divider,Straight road,,Fine,AP27TW   8778,P.V,Grevious,0
21.08.2015,4:00 AM,1196.9,LHS,Rural,Martur,Overturning, Lorry  Overturned towards ROW,Lorry,Non injury,Over speed,Four lanes or more with central divider,Straight road,,Fine,AP27TW   8778,P.V,Minor,0
21.08.2015,4:00 AM,1196.9,LHS,Rural,Martur,Overturning, Lorry  Overturned towards ROW,Lorry,Non injury,Over speed,Four lanes or more with central divider,Straight road,,Fine,AP27TW   8778,P.V,Non injured ,2
21.08.2015,4:00 AM,1196.9,LHS,Rural,Martur,Overturning, Lorry  Overturned towards ROW,Lorry,Non injury,Over speed,Four lanes or more with central divider,Straight road,,Fine,AP27TW   8778,P.V,Animals affected,0
21.08.2015,6:16 AM,1197,RHS,Rural,Martur,Overturning,Mini Lorry                            Ov,Lorry,Non injury,Over speed,Four lanes or more with central divider,Straight road,,Fine,AP02X      7763,P.V,Fatal,0
21.08.2015,6:16 AM,1197,RHS,Rural,Martur,Overturning,Mini Lorry                            Ov,Lorry,Non injury,Over speed,Four lanes or more with central divider,Straight road,,Fine,AP02X      7763,P.V,Grevious,0
21.08.2015,6:16 AM,1197,RHS,Rural,Martur,Overturning,Mini Lorry                            Ov,Lorry,Non injury,Over speed,Four lanes or more with central divider,Straight road,,Fine,AP02X      7763,P.V,Minor,0
21.08.2015,6:16 AM,1197,RHS,Rural,Martur,Overturning,Mini Lorry                            Ov,Lorry,Non injury,Over speed,Four lanes or more with central divider,Straight road,,Fine,AP02X      7763,P.V,Non injured ,2
21.08.2015,6:16 AM,1197,RHS,Rural,Martur,Overturning,Mini Lorry                            Ov,Lorry,Non injury,Over speed,Four lanes or more with central divider,Straight road,,Fine,AP02X      7763,P.V,Animals affected,0
21.08.2015,11:50 AM,1242.7,RHS,Rural,Ongole,Rear End Collision, Ape auto hit Mini Lorry,Auto,Minor injury,Over speed,Four lanes or more with central divider,Straight road,,Fine,AP27TU 8127,A.M.B,Fatal,0
21.08.2015,11:50 AM,1242.7,RHS,Rural,Ongole,Rear End Collision, Ape auto hit Mini Lorry,Auto,Minor injury,Over speed,Four lanes or more with central divider,Straight road,,Fine,AP27TU 8127,A.M.B,Grevious,0
21.08.2015,11:50 AM,1242.7,RHS,Rural,Ongole,Rear End Collision, Ape auto hit Mini Lorry,Auto,Minor injury,Over speed,Four lanes or more with central divider,Straight road,,Fine,AP27TU 8127,A.M.B,Minor,1
21.08.2015,11:50 AM,1242.7,RHS,Rural,Ongole,Rear End Collision, Ape auto hit Mini Lorry,Auto,Minor injury,Over speed,Four lanes or more with central divider,Straight road,,Fine,AP27TU 8127,A.M.B,Non injured ,2
21.08.2015,11:50 AM,1242.7,RHS,Rural,Ongole,Rear End Collision, Ape auto hit Mini Lorry,Auto,Minor injury,Over speed,Four lanes or more with central divider,Straight road,,Fine,AP27TU 8127,A.M.B,Animals affected,0
22.08.2015,4:50 AM,1302.3,RHS,Rural,Gudluru,Collision Brush/Side Wipe, Unknown vehicle hit Pedestrian,Unknown,Fatal,Over speed,Four lanes or more with central divider,Straight road,,Fine,Unknown vehicle,P.V,Fatal,1
22.08.2015,4:50 AM,1302.3,RHS,Rural,Gudluru,Collision Brush/Side Wipe, Unknown vehicle hit Pedestrian,Unknown,Fatal,Over speed,Four lanes or more with central divider,Straight road,,Fine,Unknown vehicle,P.V,Grevious,0
22.08.2015,4:50 AM,1302.3,RHS,Rural,Gudluru,Collision Brush/Side Wipe, Unknown vehicle hit Pedestrian,Unknown,Fatal,Over speed,Four lanes or more with central divider,Straight road,,Fine,Unknown vehicle,P.V,Minor,0
22.08.2015,4:50 AM,1302.3,RHS,Rural,Gudluru,Collision Brush/Side Wipe, Unknown vehicle hit Pedestrian,Unknown,Fatal,Over speed,Four lanes or more with central divider,Straight road,,Fine,Unknown vehicle,P.V,Non injured ,0
22.08.2015,4:50 AM,1302.3,RHS,Rural,Gudluru,Collision Brush/Side Wipe, Unknown vehicle hit Pedestrian,Unknown,Fatal,Over speed,Four lanes or more with central divider,Straight road,,Fine,Unknown vehicle,P.V,Animals affected,0
22.08.2015,4:11 PM,1208.6,LHS,Rural,Reningavaram,Rear End Collision, Bike hit Tata magic vehicle,Bike,Grievious injury,Over speed,Four lanes or more with central divider,Straight road,,Fine,AP07 T/R,P.V&A.M.B,Fatal,0
22.08.2015,4:11 PM,1208.6,LHS,Rural,Reningavaram,Rear End Collision, Bike hit Tata magic vehicle,Bike,Grievious injury,Over speed,Four lanes or more with central divider,Straight road,,Fine,AP07 T/R,P.V&A.M.B,Grevious,1
22.08.2015,4:11 PM,1208.6,LHS,Rural,Reningavaram,Rear End Collision, Bike hit Tata magic vehicle,Bike,Grievious injury,Over speed,Four lanes or more with central divider,Straight road,,Fine,AP07 T/R,P.V&A.M.B,Minor,1
22.08.2015,4:11 PM,1208.6,LHS,Rural,Reningavaram,Rear End Collision, Bike hit Tata magic vehicle,Bike,Grievious injury,Over speed,Four lanes or more with central divider,Straight road,,Fine,AP07 T/R,P.V&A.M.B,Non injured ,0
22.08.2015,4:11 PM,1208.6,LHS,Rural,Reningavaram,Rear End Collision, Bike hit Tata magic vehicle,Bike,Grievious injury,Over speed,Four lanes or more with central divider,Straight road,,Fine,AP07 T/R,P.V&A.M.B,Animals affected,0
23.08.2015,7:10 PM,1266.8,LHS,Rural,Tangutur,Rear End Collision, Car hit Buffalo,Car,Non injury,Vehicle out of control,Four lanes or more with central divider,Straight road,,Fine,TN04CC  2234,P.V,Fatal,0
23.08.2015,7:10 PM,1266.8,LHS,Rural,Tangutur,Rear End Collision, Car hit Buffalo,Car,Non injury,Vehicle out of control,Four lanes or more with central divider,Straight road,,Fine,TN04CC  2234,P.V,Grevious,0
23.08.2015,7:10 PM,1266.8,LHS,Rural,Tangutur,Rear End Collision, Car hit Buffalo,Car,Non injury,Vehicle out of control,Four lanes or more with central divider,Straight road,,Fine,TN04CC  2234,P.V,Minor,0
23.08.2015,7:10 PM,1266.8,LHS,Rural,Tangutur,Rear End Collision, Car hit Buffalo,Car,Non injury,Vehicle out of control,Four lanes or more with central divider,Straight road,,Fine,TN04CC  2234,P.V,Non injured ,1
23.08.2015,7:10 PM,1266.8,LHS,Rural,Tangutur,Rear End Collision, Car hit Buffalo,Car,Non injury,Vehicle out of control,Four lanes or more with central divider,Straight road,,Fine,TN04CC  2234,P.V,Animals affected,1
24.08.2015,5:20 PM,1282,LHS,Rural,Singarayakonda,Rear End Collision, Car hit Car,Car,Non injury,Over speed,Four lanes or more with central divider,Straight road,,Fine,AP28TU 5282,P.V,Fatal,0
24.08.2015,5:20 PM,1282,LHS,Rural,Singarayakonda,Rear End Collision, Car hit Car,Car,Non injury,Over speed,Four lanes or more with central divider,Straight road,,Fine,AP28TU 5282,P.V,Grevious,0
24.08.2015,5:20 PM,1282,LHS,Rural,Singarayakonda,Rear End Collision, Car hit Car,Car,Non injury,Over speed,Four lanes or more with central divider,Straight road,,Fine,AP28TU 5282,P.V,Minor,0
24.08.2015,5:20 PM,1282,LHS,Rural,Singarayakonda,Rear End Collision, Car hit Car,Car,Non injury,Over speed,Four lanes or more with central divider,Straight road,,Fine,AP28TU 5282,P.V,Non injured ,7
24.08.2015,5:20 PM,1282,LHS,Rural,Singarayakonda,Rear End Collision, Car hit Car,Car,Non injury,Over speed,Four lanes or more with central divider,Straight road,,Fine,AP28TU 5282,P.V,Animals affected,0
24.08.2015,9:20 PM,1198.4,RHS,Rural,Martur,Skidding, Bike Skidding,Bike,Grievious injury,Druken,Four lanes or more with central divider,Straight road,,Fine,AP27AN 2131,P.V&A.M.B,Fatal,0
24.08.2015,9:20 PM,1198.4,RHS,Rural,Martur,Skidding, Bike Skidding,Bike,Grievious injury,Druken,Four lanes or more with central divider,Straight road,,Fine,AP27AN 2131,P.V&A.M.B,Grevious,1
24.08.2015,9:20 PM,1198.4,RHS,Rural,Martur,Skidding, Bike Skidding,Bike,Grievious injury,Druken,Four lanes or more with central divider,Straight road,,Fine,AP27AN 2131,P.V&A.M.B,Minor,0
24.08.2015,9:20 PM,1198.4,RHS,Rural,Martur,Skidding, Bike Skidding,Bike,Grievious injury,Druken,Four lanes or more with central divider,Straight road,,Fine,AP27AN 2131,P.V&A.M.B,Non injured ,0
24.08.2015,9:20 PM,1198.4,RHS,Rural,Martur,Skidding, Bike Skidding,Bike,Grievious injury,Druken,Four lanes or more with central divider,Straight road,,Fine,AP27AN 2131,P.V&A.M.B,Animals affected,0
25.08.2015,11:10 AM,1302.5,RHS,Rural,Gudluru,Collision Brush/Side Wipe, Car hit Bike,Car,Minor injury,Fault of driver of motor vehicle/driver of other vehicle/cyclist/pedestrian/passenger,Four lanes or more with central divider,Straight road,,Fine,AP09CS     6876,P.V,Fatal,0
25.08.2015,11:10 AM,1302.5,RHS,Rural,Gudluru,Collision Brush/Side Wipe, Car hit Bike,Car,Minor injury,Fault of driver of motor vehicle/driver of other vehicle/cyclist/pedestrian/passenger,Four lanes or more with central divider,Straight road,,Fine,AP09CS     6876,P.V,Grevious,0
25.08.2015,11:10 AM,1302.5,RHS,Rural,Gudluru,Collision Brush/Side Wipe, Car hit Bike,Car,Minor injury,Fault of driver of motor vehicle/driver of other vehicle/cyclist/pedestrian/passenger,Four lanes or more with central divider,Straight road,,Fine,AP09CS     6876,P.V,Minor,1
25.08.2015,11:10 AM,1302.5,RHS,Rural,Gudluru,Collision Brush/Side Wipe, Car hit Bike,Car,Minor injury,Fault of driver of motor vehicle/driver of other vehicle/cyclist/pedestrian/passenger,Four lanes or more with central divider,Straight road,,Fine,AP09CS     6876,P.V,Non injured ,5
25.08.2015,11:10 AM,1302.5,RHS,Rural,Gudluru,Collision Brush/Side Wipe, Car hit Bike,Car,Minor injury,Fault of driver of motor vehicle/driver of other vehicle/cyclist/pedestrian/passenger,Four lanes or more with central divider,Straight road,,Fine,AP09CS     6876,P.V,Animals affected,0
26.08.2015,3:30 PM,1342.7,RHS,Rural,Dagadarthi,Collision Brush/Side Wipe, Lorry hit Car,Lorry,Grievious injury,Over speed,Four lanes or more with central divider,Straight road,,Fine,AP03TC 5267,P.V,Fatal,0
26.08.2015,3:30 PM,1342.7,RHS,Rural,Dagadarthi,Collision Brush/Side Wipe, Lorry hit Car,Lorry,Grievious injury,Over speed,Four lanes or more with central divider,Straight road,,Fine,AP03TC 5267,P.V,Grevious,1
26.08.2015,3:30 PM,1342.7,RHS,Rural,Dagadarthi,Collision Brush/Side Wipe, Lorry hit Car,Lorry,Grievious injury,Over speed,Four lanes or more with central divider,Straight road,,Fine,AP03TC 5267,P.V,Minor,1
26.08.2015,3:30 PM,1342.7,RHS,Rural,Dagadarthi,Collision Brush/Side Wipe, Lorry hit Car,Lorry,Grievious injury,Over speed,Four lanes or more with central divider,Straight road,,Fine,AP03TC 5267,P.V,Non injured ,2
26.08.2015,3:30 PM,1342.7,RHS,Rural,Dagadarthi,Collision Brush/Side Wipe, Lorry hit Car,Lorry,Grievious injury,Over speed,Four lanes or more with central divider,Straight road,,Fine,AP03TC 5267,P.V,Animals affected,0
27.08.2015,5:40 AM,1273.7,RHS,Rural,Singarayakonda,Overturning, Lorry                            Overtu,Lorry,Non injury,Fault of driver of motor vehicle/driver of other vehicle/cyclist/pedestrian/passenger,Four lanes or more with central divider,Slight curve,,Fine,WB33C   4179,P.V,Fatal,0
27.08.2015,5:40 AM,1273.7,RHS,Rural,Singarayakonda,Overturning, Lorry                            Overtu,Lorry,Non injury,Fault of driver of motor vehicle/driver of other vehicle/cyclist/pedestrian/passenger,Four lanes or more with central divider,Slight curve,,Fine,WB33C   4179,P.V,Grevious,0
27.08.2015,5:40 AM,1273.7,RHS,Rural,Singarayakonda,Overturning, Lorry                            Overtu,Lorry,Non injury,Fault of driver of motor vehicle/driver of other vehicle/cyclist/pedestrian/passenger,Four lanes or more with central divider,Slight curve,,Fine,WB33C   4179,P.V,Minor,0
27.08.2015,5:40 AM,1273.7,RHS,Rural,Singarayakonda,Overturning, Lorry                            Overtu,Lorry,Non injury,Fault of driver of motor vehicle/driver of other vehicle/cyclist/pedestrian/passenger,Four lanes or more with central divider,Slight curve,,Fine,WB33C   4179,P.V,Non injured ,1
27.08.2015,5:40 AM,1273.7,RHS,Rural,Singarayakonda,Overturning, Lorry                            Overtu,Lorry,Non injury,Fault of driver of motor vehicle/driver of other vehicle/cyclist/pedestrian/passenger,Four lanes or more with central divider,Slight curve,,Fine,WB33C   4179,P.V,Animals affected,0
27.08.2015,10:35 AM,1356.7,LHS,Rural,Kodavaluru,Rear End Collision, Mini Lorry hit Lorry,Lorry,Non injury,Over speed,Four lanes or more with central divider,Straight road,,Fine,AP16VE  6852,P.V,Fatal,0
27.08.2015,10:35 AM,1356.7,LHS,Rural,Kodavaluru,Rear End Collision, Mini Lorry hit Lorry,Lorry,Non injury,Over speed,Four lanes or more with central divider,Straight road,,Fine,AP16VE  6852,P.V,Grevious,0
27.08.2015,10:35 AM,1356.7,LHS,Rural,Kodavaluru,Rear End Collision, Mini Lorry hit Lorry,Lorry,Non injury,Over speed,Four lanes or more with central divider,Straight road,,Fine,AP16VE  6852,P.V,Minor,0
27.08.2015,10:35 AM,1356.7,LHS,Rural,Kodavaluru,Rear End Collision, Mini Lorry hit Lorry,Lorry,Non injury,Over speed,Four lanes or more with central divider,Straight road,,Fine,AP16VE  6852,P.V,Non injured ,4
27.08.2015,10:35 AM,1356.7,LHS,Rural,Kodavaluru,Rear End Collision, Mini Lorry hit Lorry,Lorry,Non injury,Over speed,Four lanes or more with central divider,Straight road,,Fine,AP16VE  6852,P.V,Animals affected,0
29.08.2015,6:40 AM,1253,RHS,Rural,Ongole,Collision Brush/Side Wipe, Car hit CC Barriers,Car,Non injury,Over speed,Four lanes or more with central divider,Slight curve,,Fine,AP27AS  6799,P.V,Fatal,0
29.08.2015,6:40 AM,1253,RHS,Rural,Ongole,Collision Brush/Side Wipe, Car hit CC Barriers,Car,Non injury,Over speed,Four lanes or more with central divider,Slight curve,,Fine,AP27AS  6799,P.V,Grevious,0
29.08.2015,6:40 AM,1253,RHS,Rural,Ongole,Collision Brush/Side Wipe, Car hit CC Barriers,Car,Non injury,Over speed,Four lanes or more with central divider,Slight curve,,Fine,AP27AS  6799,P.V,Minor,0
29.08.2015,6:40 AM,1253,RHS,Rural,Ongole,Collision Brush/Side Wipe, Car hit CC Barriers,Car,Non injury,Over speed,Four lanes or more with central divider,Slight curve,,Fine,AP27AS  6799,P.V,Non injured ,2
29.08.2015,6:40 AM,1253,RHS,Rural,Ongole,Collision Brush/Side Wipe, Car hit CC Barriers,Car,Non injury,Over speed,Four lanes or more with central divider,Slight curve,,Fine,AP27AS  6799,P.V,Animals affected,0
29.08.2015,7:38 AM,1228.8,RHS,Rural,Maddipadu,Overturning, Container vehicle Overturned,Container,Non injury,Over speed,Four lanes or more with central divider,Straight road,,Fine,AP28TE  0694,P.V,Fatal,0
29.08.2015,7:38 AM,1228.8,RHS,Rural,Maddipadu,Overturning, Container vehicle Overturned,Container,Non injury,Over speed,Four lanes or more with central divider,Straight road,,Fine,AP28TE  0694,P.V,Grevious,0
29.08.2015,7:38 AM,1228.8,RHS,Rural,Maddipadu,Overturning, Container vehicle Overturned,Container,Non injury,Over speed,Four lanes or more with central divider,Straight road,,Fine,AP28TE  0694,P.V,Minor,0
29.08.2015,7:38 AM,1228.8,RHS,Rural,Maddipadu,Overturning, Container vehicle Overturned,Container,Non injury,Over speed,Four lanes or more with central divider,Straight road,,Fine,AP28TE  0694,P.V,Non injured ,1
29.08.2015,7:38 AM,1228.8,RHS,Rural,Maddipadu,Overturning, Container vehicle Overturned,Container,Non injury,Over speed,Four lanes or more with central divider,Straight road,,Fine,AP28TE  0694,P.V,Animals affected,0
29.08.2015,8:26 AM,1237.1,LHS,Rural,Maddipadu,Collision Brush/Side Wipe, Container vehicle hit Median,Container,Minor injury,Fault of driver of motor vehicle/driver of other vehicle/cyclist/pedestrian/passenger,Four lanes or more with central divider,Straight road,,Fine,TN05U    6113,P.V,Fatal,0
29.08.2015,8:26 AM,1237.1,LHS,Rural,Maddipadu,Collision Brush/Side Wipe, Container vehicle hit Median,Container,Minor injury,Fault of driver of motor vehicle/driver of other vehicle/cyclist/pedestrian/passenger,Four lanes or more with central divider,Straight road,,Fine,TN05U    6113,P.V,Grevious,0
29.08.2015,8:26 AM,1237.1,LHS,Rural,Maddipadu,Collision Brush/Side Wipe, Container vehicle hit Median,Container,Minor injury,Fault of driver of motor vehicle/driver of other vehicle/cyclist/pedestrian/passenger,Four lanes or more with central divider,Straight road,,Fine,TN05U    6113,P.V,Minor,1
29.08.2015,8:26 AM,1237.1,LHS,Rural,Maddipadu,Collision Brush/Side Wipe, Container vehicle hit Median,Container,Minor injury,Fault of driver of motor vehicle/driver of other vehicle/cyclist/pedestrian/passenger,Four lanes or more with central divider,Straight road,,Fine,TN05U    6113,P.V,Non injured ,1