Operational date,Time of Accident,KM && M,Position,Rural/Urban,Location,Nature of Accident Position,Nature of Accident,Vehicle Involved,Type of Accident,Causes,Road Feature,Road condition,Intersection Type And Control,Weather Condition,Vehicle Responsible,Help Provided by Ambulance/Patroling Vehicle,Classification of Accident,No of Affected Persons
29.08.2015,8:26 AM,1237.1,LHS,Rural,Maddipadu,Collision Brush/Side Wipe, Container vehicle hit Median,Container,Minor injury,Fault of driver of motor vehicle/driver of other vehicle/cyclist/pedestrian/passenger,Four lanes or more with central divider,Straight road,,Fine,TN05U    6113,P.V,Animals affected,0
31.08.2015,7:56 PM,1331.1,RHS,Rural,K.Tippa ,Collision Brush/Side Wipe,  Unknown vehicle hit Bike,Unknown,Grievious injury,Over speed,Four lanes or more with central divider,Straight road,,Fine,Unknown vehicle,A.M.B,Fatal,0
31.08.2015,7:56 PM,1331.1,RHS,Rural,K.Tippa ,Collision Brush/Side Wipe,  Unknown vehicle hit Bike,Unknown,Grievious injury,Over speed,Four lanes or more with central divider,Straight road,,Fine,Unknown vehicle,A.M.B,Grevious,2
31.08.2015,7:56 PM,1331.1,RHS,Rural,K.Tippa ,Collision Brush/Side Wipe,  Unknown vehicle hit Bike,Unknown,Grievious injury,Over speed,Four lanes or more with central divider,Straight road,,Fine,Unknown vehicle,A.M.B,Minor,0
31.08.2015,7:56 PM,1331.1,RHS,Rural,K.Tippa ,Collision Brush/Side Wipe,  Unknown vehicle hit Bike,Unknown,Grievious injury,Over speed,Four lanes or more with central divider,Straight road,,Fine,Unknown vehicle,A.M.B,Non injured ,0
31.08.2015,7:56 PM,1331.1,RHS,Rural,K.Tippa ,Collision Brush/Side Wipe,  Unknown vehicle hit Bike,Unknown,Grievious injury,Over speed,Four lanes or more with central divider,Straight road,,Fine,Unknown vehicle,A.M.B,Animals affected,0
01.09.2015,11:16 AM,1295.2,LHS,Rural,Ulavapadu,Rear End Collision, Trailer Vehicle hit Unknown Vehicle ,Trailler,Non injury,Defect in mechanical condition of motor vehicle/road condition,Four lanes or more with central divider,Straight road,,Fine,AP20W   1282,P.V,Fatal,0
01.09.2015,11:16 AM,1295.2,LHS,Rural,Ulavapadu,Rear End Collision, Trailer Vehicle hit Unknown Vehicle ,Trailler,Non injury,Defect in mechanical condition of motor vehicle/road condition,Four lanes or more with central divider,Straight road,,Fine,AP20W   1282,P.V,Grevious,0
01.09.2015,11:16 AM,1295.2,LHS,Rural,Ulavapadu,Rear End Collision, Trailer Vehicle hit Unknown Vehicle ,Trailler,Non injury,Defect in mechanical condition of motor vehicle/road condition,Four lanes or more with central divider,Straight road,,Fine,AP20W   1282,P.V,Minor,0
01.09.2015,11:16 AM,1295.2,LHS,Rural,Ulavapadu,Rear End Collision, Trailer Vehicle hit Unknown Vehicle ,Trailler,Non injury,Defect in mechanical condition of motor vehicle/road condition,Four lanes or more with central divider,Straight road,,Fine,AP20W   1282,P.V,Non injured ,2
01.09.2015,11:16 AM,1295.2,LHS,Rural,Ulavapadu,Rear End Collision, Trailer Vehicle hit Unknown Vehicle ,Trailler,Non injury,Defect in mechanical condition of motor vehicle/road condition,Four lanes or more with central divider,Straight road,,Fine,AP20W   1282,P.V,Animals affected,0
01.09.2015,11:18 AM,1361.1,RHS,Rural,Kodavaluru,Rear End Collision, Car hit TVS XL Moped,Car,Fatal,Over speed,Four lanes or more with central divider,Straight road,,Fine,TY01BP   5697,P.V,Fatal,1
01.09.2015,11:18 AM,1361.1,RHS,Rural,Kodavaluru,Rear End Collision, Car hit TVS XL Moped,Car,Fatal,Over speed,Four lanes or more with central divider,Straight road,,Fine,TY01BP   5697,P.V,Grevious,1
01.09.2015,11:18 AM,1361.1,RHS,Rural,Kodavaluru,Rear End Collision, Car hit TVS XL Moped,Car,Fatal,Over speed,Four lanes or more with central divider,Straight road,,Fine,TY01BP   5697,P.V,Minor,0
01.09.2015,11:18 AM,1361.1,RHS,Rural,Kodavaluru,Rear End Collision, Car hit TVS XL Moped,Car,Fatal,Over speed,Four lanes or more with central divider,Straight road,,Fine,TY01BP   5697,P.V,Non injured ,1
01.09.2015,11:18 AM,1361.1,RHS,Rural,Kodavaluru,Rear End Collision, Car hit TVS XL Moped,Car,Fatal,Over speed,Four lanes or more with central divider,Straight road,,Fine,TY01BP   5697,P.V,Animals affected,0
01.09.2015,11:38 PM,1185.5,LHS,Rural,Martur,Collision Brush/Side Wipe,  Unknown vehicle hit Bike,Unknown,Minor injury,Over speed,Four lanes or more with central divider,Straight road,T-Junction,Fine,Unknown vehicle,A.M.B,Fatal,0
01.09.2015,11:38 PM,1185.5,LHS,Rural,Martur,Collision Brush/Side Wipe,  Unknown vehicle hit Bike,Unknown,Minor injury,Over speed,Four lanes or more with central divider,Straight road,T-Junction,Fine,Unknown vehicle,A.M.B,Grevious,0
01.09.2015,11:38 PM,1185.5,LHS,Rural,Martur,Collision Brush/Side Wipe,  Unknown vehicle hit Bike,Unknown,Minor injury,Over speed,Four lanes or more with central divider,Straight road,T-Junction,Fine,Unknown vehicle,A.M.B,Minor,2
01.09.2015,11:38 PM,1185.5,LHS,Rural,Martur,Collision Brush/Side Wipe,  Unknown vehicle hit Bike,Unknown,Minor injury,Over speed,Four lanes or more with central divider,Straight road,T-Junction,Fine,Unknown vehicle,A.M.B,Non injured ,0
01.09.2015,11:38 PM,1185.5,LHS,Rural,Martur,Collision Brush/Side Wipe,  Unknown vehicle hit Bike,Unknown,Minor injury,Over speed,Four lanes or more with central divider,Straight road,T-Junction,Fine,Unknown vehicle,A.M.B,Animals affected,0
02.09.2015,7:50 PM,1209.9,LHS,Rural,Reningavaram,Collision Brush/Side Wipe, Car hit Buffalo,Car,Non injury,Over speed,Four lanes or more with central divider,Straight road,,Fine,AP27AH    3456,P.V,Fatal,0
02.09.2015,7:50 PM,1209.9,LHS,Rural,Reningavaram,Collision Brush/Side Wipe, Car hit Buffalo,Car,Non injury,Over speed,Four lanes or more with central divider,Straight road,,Fine,AP27AH    3456,P.V,Grevious,0
02.09.2015,7:50 PM,1209.9,LHS,Rural,Reningavaram,Collision Brush/Side Wipe, Car hit Buffalo,Car,Non injury,Over speed,Four lanes or more with central divider,Straight road,,Fine,AP27AH    3456,P.V,Minor,0
02.09.2015,7:50 PM,1209.9,LHS,Rural,Reningavaram,Collision Brush/Side Wipe, Car hit Buffalo,Car,Non injury,Over speed,Four lanes or more with central divider,Straight road,,Fine,AP27AH    3456,P.V,Non injured ,5
02.09.2015,7:50 PM,1209.9,LHS,Rural,Reningavaram,Collision Brush/Side Wipe, Car hit Buffalo,Car,Non injury,Over speed,Four lanes or more with central divider,Straight road,,Fine,AP27AH    3456,P.V,Animals affected,1
03.09.2015,5:00 AM,1275.4,LHS,Rural,Singarayakonda,Rear End Collision, Lorry hit Lorry,Lorry,Non injury,Fault of driver of motor vehicle/driver of other vehicle/cyclist/pedestrian/passenger,Four lanes or more with central divider,Straight road,,Fine,TN52B     0766,P.V,Fatal,0
03.09.2015,5:00 AM,1275.4,LHS,Rural,Singarayakonda,Rear End Collision, Lorry hit Lorry,Lorry,Non injury,Fault of driver of motor vehicle/driver of other vehicle/cyclist/pedestrian/passenger,Four lanes or more with central divider,Straight road,,Fine,TN52B     0766,P.V,Grevious,0
03.09.2015,5:00 AM,1275.4,LHS,Rural,Singarayakonda,Rear End Collision, Lorry hit Lorry,Lorry,Non injury,Fault of driver of motor vehicle/driver of other vehicle/cyclist/pedestrian/passenger,Four lanes or more with central divider,Straight road,,Fine,TN52B     0766,P.V,Minor,0
03.09.2015,5:00 AM,1275.4,LHS,Rural,Singarayakonda,Rear End Collision, Lorry hit Lorry,Lorry,Non injury,Fault of driver of motor vehicle/driver of other vehicle/cyclist/pedestrian/passenger,Four lanes or more with central divider,Straight road,,Fine,TN52B     0766,P.V,Non injured ,2
03.09.2015,5:00 AM,1275.4,LHS,Rural,Singarayakonda,Rear End Collision, Lorry hit Lorry,Lorry,Non injury,Fault of driver of motor vehicle/driver of other vehicle/cyclist/pedestrian/passenger,Four lanes or more with central divider,Straight road,,Fine,TN52B     0766,P.V,Animals affected,0
04.09.2015,2:10 AM,1233.6,LHS,Rural,Maddipadu,Collision Brush/Side Wipe,  Unknown vehicle hit Bike,Unknown,Fatal,Over speed,Four lanes or more with central divider,Straight road,,Fine,Unknown vehicle,P.V,Fatal,1
04.09.2015,2:10 AM,1233.6,LHS,Rural,Maddipadu,Collision Brush/Side Wipe,  Unknown vehicle hit Bike,Unknown,Fatal,Over speed,Four lanes or more with central divider,Straight road,,Fine,Unknown vehicle,P.V,Grevious,0
04.09.2015,2:10 AM,1233.6,LHS,Rural,Maddipadu,Collision Brush/Side Wipe,  Unknown vehicle hit Bike,Unknown,Fatal,Over speed,Four lanes or more with central divider,Straight road,,Fine,Unknown vehicle,P.V,Minor,0
04.09.2015,2:10 AM,1233.6,LHS,Rural,Maddipadu,Collision Brush/Side Wipe,  Unknown vehicle hit Bike,Unknown,Fatal,Over speed,Four lanes or more with central divider,Straight road,,Fine,Unknown vehicle,P.V,Non injured ,0
04.09.2015,2:10 AM,1233.6,LHS,Rural,Maddipadu,Collision Brush/Side Wipe,  Unknown vehicle hit Bike,Unknown,Fatal,Over speed,Four lanes or more with central divider,Straight road,,Fine,Unknown vehicle,P.V,Animals affected,0
04.09.2015,4:10 AM,1224.8,RHS,Rural,Maddipadu,Rear End Collision, Oil Tanker hit Tata Ace vehicle ,Tanker,Minor injury,Fault of driver of motor vehicle/driver of other vehicle/cyclist/pedestrian/passenger,Four lanes or more with central divider,Straight road,,Fine,AP16TV  2135,P.V,Fatal,0
04.09.2015,4:10 AM,1224.8,RHS,Rural,Maddipadu,Rear End Collision, Oil Tanker hit Tata Ace vehicle ,Tanker,Minor injury,Fault of driver of motor vehicle/driver of other vehicle/cyclist/pedestrian/passenger,Four lanes or more with central divider,Straight road,,Fine,AP16TV  2135,P.V,Grevious,0
04.09.2015,4:10 AM,1224.8,RHS,Rural,Maddipadu,Rear End Collision, Oil Tanker hit Tata Ace vehicle ,Tanker,Minor injury,Fault of driver of motor vehicle/driver of other vehicle/cyclist/pedestrian/passenger,Four lanes or more with central divider,Straight road,,Fine,AP16TV  2135,P.V,Minor,3
04.09.2015,4:10 AM,1224.8,RHS,Rural,Maddipadu,Rear End Collision, Oil Tanker hit Tata Ace vehicle ,Tanker,Minor injury,Fault of driver of motor vehicle/driver of other vehicle/cyclist/pedestrian/passenger,Four lanes or more with central divider,Straight road,,Fine,AP16TV  2135,P.V,Non injured ,2
04.09.2015,4:10 AM,1224.8,RHS,Rural,Maddipadu,Rear End Collision, Oil Tanker hit Tata Ace vehicle ,Tanker,Minor injury,Fault of driver of motor vehicle/driver of other vehicle/cyclist/pedestrian/passenger,Four lanes or more with central divider,Straight road,,Fine,AP16TV  2135,P.V,Animals affected,0
04.09.2015,11:40 AM,1251.8,RHS,Rural,Ongole,Rear End Collision, Mini Lorry hit Bike ,Lorry,Grievious injury,Over speed,Four lanes or more with central divider,Straight road,,Fine,AP27TA      5709,P.V,Fatal,0
04.09.2015,11:40 AM,1251.8,RHS,Rural,Ongole,Rear End Collision, Mini Lorry hit Bike ,Lorry,Grievious injury,Over speed,Four lanes or more with central divider,Straight road,,Fine,AP27TA      5709,P.V,Grevious,1
04.09.2015,11:40 AM,1251.8,RHS,Rural,Ongole,Rear End Collision, Mini Lorry hit Bike ,Lorry,Grievious injury,Over speed,Four lanes or more with central divider,Straight road,,Fine,AP27TA      5709,P.V,Minor,0
04.09.2015,11:40 AM,1251.8,RHS,Rural,Ongole,Rear End Collision, Mini Lorry hit Bike ,Lorry,Grievious injury,Over speed,Four lanes or more with central divider,Straight road,,Fine,AP27TA      5709,P.V,Non injured ,2
04.09.2015,11:40 AM,1251.8,RHS,Rural,Ongole,Rear End Collision, Mini Lorry hit Bike ,Lorry,Grievious injury,Over speed,Four lanes or more with central divider,Straight road,,Fine,AP27TA      5709,P.V,Animals affected,0
05.09.2015,3:50 AM,1311.1,LHS,Rural,Kavali,Rear End Collision, Lorry hit Tractor,Lorry,Non injury,Fault of driver of motor vehicle/driver of other vehicle/cyclist/pedestrian/passenger,Four lanes or more with central divider,Straight road,,Fine,AP05TA 4095,P.V,Fatal,0
05.09.2015,3:50 AM,1311.1,LHS,Rural,Kavali,Rear End Collision, Lorry hit Tractor,Lorry,Non injury,Fault of driver of motor vehicle/driver of other vehicle/cyclist/pedestrian/passenger,Four lanes or more with central divider,Straight road,,Fine,AP05TA 4095,P.V,Grevious,0
05.09.2015,3:50 AM,1311.1,LHS,Rural,Kavali,Rear End Collision, Lorry hit Tractor,Lorry,Non injury,Fault of driver of motor vehicle/driver of other vehicle/cyclist/pedestrian/passenger,Four lanes or more with central divider,Straight road,,Fine,AP05TA 4095,P.V,Minor,0
05.09.2015,3:50 AM,1311.1,LHS,Rural,Kavali,Rear End Collision, Lorry hit Tractor,Lorry,Non injury,Fault of driver of motor vehicle/driver of other vehicle/cyclist/pedestrian/passenger,Four lanes or more with central divider,Straight road,,Fine,AP05TA 4095,P.V,Non injured ,2
05.09.2015,3:50 AM,1311.1,LHS,Rural,Kavali,Rear End Collision, Lorry hit Tractor,Lorry,Non injury,Fault of driver of motor vehicle/driver of other vehicle/cyclist/pedestrian/passenger,Four lanes or more with central divider,Straight road,,Fine,AP05TA 4095,P.V,Animals affected,0
05.09.2015,4:35 AM,1185.1,LHS,Rural,Martur,Rear End Collision, Lorry hit Unknown vehicle,Lorry,Fatal,Over speed,Four lanes or more with central divider,Straight road,,Fine,AP07TG 0949,P.V,Fatal,1
05.09.2015,4:35 AM,1185.1,LHS,Rural,Martur,Rear End Collision, Lorry hit Unknown vehicle,Lorry,Fatal,Over speed,Four lanes or more with central divider,Straight road,,Fine,AP07TG 0949,P.V,Grevious,0
05.09.2015,4:35 AM,1185.1,LHS,Rural,Martur,Rear End Collision, Lorry hit Unknown vehicle,Lorry,Fatal,Over speed,Four lanes or more with central divider,Straight road,,Fine,AP07TG 0949,P.V,Minor,0
05.09.2015,4:35 AM,1185.1,LHS,Rural,Martur,Rear End Collision, Lorry hit Unknown vehicle,Lorry,Fatal,Over speed,Four lanes or more with central divider,Straight road,,Fine,AP07TG 0949,P.V,Non injured ,0
05.09.2015,4:35 AM,1185.1,LHS,Rural,Martur,Rear End Collision, Lorry hit Unknown vehicle,Lorry,Fatal,Over speed,Four lanes or more with central divider,Straight road,,Fine,AP07TG 0949,P.V,Animals affected,0
05.09.2015,7:13 PM,1199.7,LHS,Rural,Martur,Skidding, Bike skidding,Bike,Minor injury,Druken,Four lanes or more with central divider,Straight road,,Fine,AP07BC 0700,A.M.B,Fatal,0
05.09.2015,7:13 PM,1199.7,LHS,Rural,Martur,Skidding, Bike skidding,Bike,Minor injury,Druken,Four lanes or more with central divider,Straight road,,Fine,AP07BC 0700,A.M.B,Grevious,0
05.09.2015,7:13 PM,1199.7,LHS,Rural,Martur,Skidding, Bike skidding,Bike,Minor injury,Druken,Four lanes or more with central divider,Straight road,,Fine,AP07BC 0700,A.M.B,Minor,1
05.09.2015,7:13 PM,1199.7,LHS,Rural,Martur,Skidding, Bike skidding,Bike,Minor injury,Druken,Four lanes or more with central divider,Straight road,,Fine,AP07BC 0700,A.M.B,Non injured ,0
05.09.2015,7:13 PM,1199.7,LHS,Rural,Martur,Skidding, Bike skidding,Bike,Minor injury,Druken,Four lanes or more with central divider,Straight road,,Fine,AP07BC 0700,A.M.B,Animals affected,0
05.09.2015,10:50 PM,1263.1,RHS,Rural,Tangutur,Overturning, Bolero pickup Van Overturned,Car,Non injury,Over speed,Four lanes or more with central divider,Straight road,,Fine,TN20BK 6617,P.V,Fatal,0
05.09.2015,10:50 PM,1263.1,RHS,Rural,Tangutur,Overturning, Bolero pickup Van Overturned,Car,Non injury,Over speed,Four lanes or more with central divider,Straight road,,Fine,TN20BK 6617,P.V,Grevious,0
05.09.2015,10:50 PM,1263.1,RHS,Rural,Tangutur,Overturning, Bolero pickup Van Overturned,Car,Non injury,Over speed,Four lanes or more with central divider,Straight road,,Fine,TN20BK 6617,P.V,Minor,0
05.09.2015,10:50 PM,1263.1,RHS,Rural,Tangutur,Overturning, Bolero pickup Van Overturned,Car,Non injury,Over speed,Four lanes or more with central divider,Straight road,,Fine,TN20BK 6617,P.V,Non injured ,2
05.09.2015,10:50 PM,1263.1,RHS,Rural,Tangutur,Overturning, Bolero pickup Van Overturned,Car,Non injury,Over speed,Four lanes or more with central divider,Straight road,,Fine,TN20BK 6617,P.V,Animals affected,0
06.09.2015,5:40 PM,1324,RHS,Rural,Kavali,Collision Brush/Side Wipe, Oil Tanker hit CC Barriers,Tanker,Non injury,Over speed,Four lanes or more with central divider,Straight road,,Fine,TN02AQ  9300,P.V,Fatal,0
06.09.2015,5:40 PM,1324,RHS,Rural,Kavali,Collision Brush/Side Wipe, Oil Tanker hit CC Barriers,Tanker,Non injury,Over speed,Four lanes or more with central divider,Straight road,,Fine,TN02AQ  9300,P.V,Grevious,0
06.09.2015,5:40 PM,1324,RHS,Rural,Kavali,Collision Brush/Side Wipe, Oil Tanker hit CC Barriers,Tanker,Non injury,Over speed,Four lanes or more with central divider,Straight road,,Fine,TN02AQ  9300,P.V,Minor,0
06.09.2015,5:40 PM,1324,RHS,Rural,Kavali,Collision Brush/Side Wipe, Oil Tanker hit CC Barriers,Tanker,Non injury,Over speed,Four lanes or more with central divider,Straight road,,Fine,TN02AQ  9300,P.V,Non injured ,2
06.09.2015,5:40 PM,1324,RHS,Rural,Kavali,Collision Brush/Side Wipe, Oil Tanker hit CC Barriers,Tanker,Non injury,Over speed,Four lanes or more with central divider,Straight road,,Fine,TN02AQ  9300,P.V,Animals affected,0
07.09.2015,7:00 PM,1283.9,LHS,Rural,Ulavapadu,Collision Brush/Side Wipe, Bike hit Pedestrian,Bike,Fatal,Over speed,Four lanes or more with central divider,Straight road,,Fine,AP27BD 0366,P.V,Fatal,1
07.09.2015,7:00 PM,1283.9,LHS,Rural,Ulavapadu,Collision Brush/Side Wipe, Bike hit Pedestrian,Bike,Fatal,Over speed,Four lanes or more with central divider,Straight road,,Fine,AP27BD 0366,P.V,Grevious,0
07.09.2015,7:00 PM,1283.9,LHS,Rural,Ulavapadu,Collision Brush/Side Wipe, Bike hit Pedestrian,Bike,Fatal,Over speed,Four lanes or more with central divider,Straight road,,Fine,AP27BD 0366,P.V,Minor,1
07.09.2015,7:00 PM,1283.9,LHS,Rural,Ulavapadu,Collision Brush/Side Wipe, Bike hit Pedestrian,Bike,Fatal,Over speed,Four lanes or more with central divider,Straight road,,Fine,AP27BD 0366,P.V,Non injured ,2
07.09.2015,7:00 PM,1283.9,LHS,Rural,Ulavapadu,Collision Brush/Side Wipe, Bike hit Pedestrian,Bike,Fatal,Over speed,Four lanes or more with central divider,Straight road,,Fine,AP27BD 0366,P.V,Animals affected,0
08.09.2015,9:55 PM,1324.7,RHS,Rural,Kavali,Collision Brush/Side Wipe, Unknown vehicle hit Pedestrian,Unknown,Fatal,Over speed,Four lanes or more with central divider,Straight road,,Fine,Unknown vehicle,P.V,Fatal,1
08.09.2015,9:55 PM,1324.7,RHS,Rural,Kavali,Collision Brush/Side Wipe, Unknown vehicle hit Pedestrian,Unknown,Fatal,Over speed,Four lanes or more with central divider,Straight road,,Fine,Unknown vehicle,P.V,Grevious,0
08.09.2015,9:55 PM,1324.7,RHS,Rural,Kavali,Collision Brush/Side Wipe, Unknown vehicle hit Pedestrian,Unknown,Fatal,Over speed,Four lanes or more with central divider,Straight road,,Fine,Unknown vehicle,P.V,Minor,0
08.09.2015,9:55 PM,1324.7,RHS,Rural,Kavali,Collision Brush/Side Wipe, Unknown vehicle hit Pedestrian,Unknown,Fatal,Over speed,Four lanes or more with central divider,Straight road,,Fine,Unknown vehicle,P.V,Non injured ,0
08.09.2015,9:55 PM,1324.7,RHS,Rural,Kavali,Collision Brush/Side Wipe, Unknown vehicle hit Pedestrian,Unknown,Fatal,Over speed,Four lanes or more with central divider,Straight road,,Fine,Unknown vehicle,P.V,Animals affected,0
09.09.2015,4:00 AM,1282.8,RHS,Rural,Singarayakonda,Overturning, Lorry Overturned,Lorry,Non injury,Fault of driver of motor vehicle/driver of other vehicle/cyclist/pedestrian/passenger,Four lanes or more with central divider,Straight road,,Fine,AP16T       7677,P.V,Fatal,0
09.09.2015,4:00 AM,1282.8,RHS,Rural,Singarayakonda,Overturning, Lorry Overturned,Lorry,Non injury,Fault of driver of motor vehicle/driver of other vehicle/cyclist/pedestrian/passenger,Four lanes or more with central divider,Straight road,,Fine,AP16T       7677,P.V,Grevious,0
09.09.2015,4:00 AM,1282.8,RHS,Rural,Singarayakonda,Overturning, Lorry Overturned,Lorry,Non injury,Fault of driver of motor vehicle/driver of other vehicle/cyclist/pedestrian/passenger,Four lanes or more with central divider,Straight road,,Fine,AP16T       7677,P.V,Minor,0
09.09.2015,4:00 AM,1282.8,RHS,Rural,Singarayakonda,Overturning, Lorry Overturned,Lorry,Non injury,Fault of driver of motor vehicle/driver of other vehicle/cyclist/pedestrian/passenger,Four lanes or more with central divider,Straight road,,Fine,AP16T       7677,P.V,Non injured ,2
09.09.2015,4:00 AM,1282.8,RHS,Rural,Singarayakonda,Overturning, Lorry Overturned,Lorry,Non injury,Fault of driver of motor vehicle/driver of other vehicle/cyclist/pedestrian/passenger,Four lanes or more with central divider,Straight road,,Fine,AP16T       7677,P.V,Animals affected,0
09.09.2015,11:05 AM,1237.7,LHS,Rural,Maddipadu,Collision Brush/Side Wipe, Unknown vehicle hit Pedestrian,Unknown,Grievious injury,Over speed,Four lanes or more with central divider,Straight road,,Fine,Unknown vehicle,P.V,Fatal,0
09.09.2015,11:05 AM,1237.7,LHS,Rural,Maddipadu,Collision Brush/Side Wipe, Unknown vehicle hit Pedestrian,Unknown,Grievious injury,Over speed,Four lanes or more with central divider,Straight road,,Fine,Unknown vehicle,P.V,Grevious,1
09.09.2015,11:05 AM,1237.7,LHS,Rural,Maddipadu,Collision Brush/Side Wipe, Unknown vehicle hit Pedestrian,Unknown,Grievious injury,Over speed,Four lanes or more with central divider,Straight road,,Fine,Unknown vehicle,P.V,Minor,0
09.09.2015,11:05 AM,1237.7,LHS,Rural,Maddipadu,Collision Brush/Side Wipe, Unknown vehicle hit Pedestrian,Unknown,Grievious injury,Over speed,Four lanes or more with central divider,Straight road,,Fine,Unknown vehicle,P.V,Non injured ,0
09.09.2015,11:05 AM,1237.7,LHS,Rural,Maddipadu,Collision Brush/Side Wipe, Unknown vehicle hit Pedestrian,Unknown,Grievious injury,Over speed,Four lanes or more with central divider,Straight road,,Fine,Unknown vehicle,P.V,Animals affected,0
09.09.2015,6:45 PM,1272,RHS,Rural,Jarugumalli,Collision Brush/Side Wipe, Bike hit Auto,Bike,Grievious injury,Fault of driver of motor vehicle/driver of other vehicle/cyclist/pedestrian/passenger,Four lanes or more with central divider,Straight road,,Fine,AP27AR 1845,P.V&A.M.B,Fatal,0
09.09.2015,6:45 PM,1272,RHS,Rural,Jarugumalli,Collision Brush/Side Wipe, Bike hit Auto,Bike,Grievious injury,Fault of driver of motor vehicle/driver of other vehicle/cyclist/pedestrian/passenger,Four lanes or more with central divider,Straight road,,Fine,AP27AR 1845,P.V&A.M.B,Grevious,1
09.09.2015,6:45 PM,1272,RHS,Rural,Jarugumalli,Collision Brush/Side Wipe, Bike hit Auto,Bike,Grievious injury,Fault of driver of motor vehicle/driver of other vehicle/cyclist/pedestrian/passenger,Four lanes or more with central divider,Straight road,,Fine,AP27AR 1845,P.V&A.M.B,Minor,1
09.09.2015,6:45 PM,1272,RHS,Rural,Jarugumalli,Collision Brush/Side Wipe, Bike hit Auto,Bike,Grievious injury,Fault of driver of motor vehicle/driver of other vehicle/cyclist/pedestrian/passenger,Four lanes or more with central divider,Straight road,,Fine,AP27AR 1845,P.V&A.M.B,Non injured ,17
09.09.2015,6:45 PM,1272,RHS,Rural,Jarugumalli,Collision Brush/Side Wipe, Bike hit Auto,Bike,Grievious injury,Fault of driver of motor vehicle/driver of other vehicle/cyclist/pedestrian/passenger,Four lanes or more with central divider,Straight road,,Fine,AP27AR 1845,P.V&A.M.B,Animals affected,0
10.09.2015,2:15 PM,1243.2,LHS,Rural,Ongole,Rear End Collision,Tipper Lorry hit  Crane,Lorry,Non injury,Over speed,Three lanes or more without central divider(median),Straight road,T-Junction,Fine,APK       9199,P.V,Fatal,0
10.09.2015,2:15 PM,1243.2,LHS,Rural,Ongole,Rear End Collision,Tipper Lorry hit  Crane,Lorry,Non injury,Over speed,Three lanes or more without central divider(median),Straight road,T-Junction,Fine,APK       9199,P.V,Grevious,0
10.09.2015,2:15 PM,1243.2,LHS,Rural,Ongole,Rear End Collision,Tipper Lorry hit  Crane,Lorry,Non injury,Over speed,Three lanes or more without central divider(median),Straight road,T-Junction,Fine,APK       9199,P.V,Minor,0
10.09.2015,2:15 PM,1243.2,LHS,Rural,Ongole,Rear End Collision,Tipper Lorry hit  Crane,Lorry,Non injury,Over speed,Three lanes or more without central divider(median),Straight road,T-Junction,Fine,APK       9199,P.V,Non injured ,6
10.09.2015,2:15 PM,1243.2,LHS,Rural,Ongole,Rear End Collision,Tipper Lorry hit  Crane,Lorry,Non injury,Over speed,Three lanes or more without central divider(median),Straight road,T-Junction,Fine,APK       9199,P.V,Animals affected,0
11.09.2015,1:16 PM,1206.3,RHS,Rural,Reningavaram,Rear End Collision,Lorry hit                 Lorry,Lorry,Minor injury,Fault of driver of motor vehicle/driver of other vehicle/cyclist/pedestrian/passenger,Four lanes or more with central divider,Straight road,,Fine,AP16TW    4203,P.V&A.M.B,Fatal,0
11.09.2015,1:16 PM,1206.3,RHS,Rural,Reningavaram,Rear End Collision,Lorry hit                 Lorry,Lorry,Minor injury,Fault of driver of motor vehicle/driver of other vehicle/cyclist/pedestrian/passenger,Four lanes or more with central divider,Straight road,,Fine,AP16TW    4203,P.V&A.M.B,Grevious,0
11.09.2015,1:16 PM,1206.3,RHS,Rural,Reningavaram,Rear End Collision,Lorry hit                 Lorry,Lorry,Minor injury,Fault of driver of motor vehicle/driver of other vehicle/cyclist/pedestrian/passenger,Four lanes or more with central divider,Straight road,,Fine,AP16TW    4203,P.V&A.M.B,Minor,1
11.09.2015,1:16 PM,1206.3,RHS,Rural,Reningavaram,Rear End Collision,Lorry hit                 Lorry,Lorry,Minor injury,Fault of driver of motor vehicle/driver of other vehicle/cyclist/pedestrian/passenger,Four lanes or more with central divider,Straight road,,Fine,AP16TW    4203,P.V&A.M.B,Non injured ,3
11.09.2015,1:16 PM,1206.3,RHS,Rural,Reningavaram,Rear End Collision,Lorry hit                 Lorry,Lorry,Minor injury,Fault of driver of motor vehicle/driver of other vehicle/cyclist/pedestrian/passenger,Four lanes or more with central divider,Straight road,,Fine,AP16TW    4203,P.V&A.M.B,Animals affected,0
12.09.2015,3:40 AM,1267.9,RHS,Rural,Tangutur,Head on collision, Oil Tanker hit                 Lorry,Tanker,Non injury,Druken,Four lanes or more with central divider,Straight road,,Fine,AP26TA  6327,P.V,Fatal,0
12.09.2015,3:40 AM,1267.9,RHS,Rural,Tangutur,Head on collision, Oil Tanker hit                 Lorry,Tanker,Non injury,Druken,Four lanes or more with central divider,Straight road,,Fine,AP26TA  6327,P.V,Grevious,0
12.09.2015,3:40 AM,1267.9,RHS,Rural,Tangutur,Head on collision, Oil Tanker hit                 Lorry,Tanker,Non injury,Druken,Four lanes or more with central divider,Straight road,,Fine,AP26TA  6327,P.V,Minor,0
12.09.2015,3:40 AM,1267.9,RHS,Rural,Tangutur,Head on collision, Oil Tanker hit                 Lorry,Tanker,Non injury,Druken,Four lanes or more with central divider,Straight road,,Fine,AP26TA  6327,P.V,Non injured ,3
12.09.2015,3:40 AM,1267.9,RHS,Rural,Tangutur,Head on collision, Oil Tanker hit                 Lorry,Tanker,Non injury,Druken,Four lanes or more with central divider,Straight road,,Fine,AP26TA  6327,P.V,Animals affected,0