Operational date,Time of Accident,KM && M,Position,Rural/Urban,Location,Nature of Accident Position,Nature of Accident,Vehicle Involved,Type of Accident,Causes,Road Feature,Road condition,Intersection Type And Control,Weather Condition,Vehicle Responsible,Help Provided by Ambulance/Patroling Vehicle,Classification of Accident,No of Affected Persons
12.09.2015,2:24 PM,1186.2,RHS,Rural,Martur,Collision Brush/Side Wipe, Bike hit                 Lorry,Bike,Grievious injury,Druken,Four lanes or more with central divider,Straight road,,Fine,AP27AM 8254,P.V,Fatal,0
12.09.2015,2:24 PM,1186.2,RHS,Rural,Martur,Collision Brush/Side Wipe, Bike hit                 Lorry,Bike,Grievious injury,Druken,Four lanes or more with central divider,Straight road,,Fine,AP27AM 8254,P.V,Grevious,1
12.09.2015,2:24 PM,1186.2,RHS,Rural,Martur,Collision Brush/Side Wipe, Bike hit                 Lorry,Bike,Grievious injury,Druken,Four lanes or more with central divider,Straight road,,Fine,AP27AM 8254,P.V,Minor,0
12.09.2015,2:24 PM,1186.2,RHS,Rural,Martur,Collision Brush/Side Wipe, Bike hit                 Lorry,Bike,Grievious injury,Druken,Four lanes or more with central divider,Straight road,,Fine,AP27AM 8254,P.V,Non injured ,0
12.09.2015,2:24 PM,1186.2,RHS,Rural,Martur,Collision Brush/Side Wipe, Bike hit                 Lorry,Bike,Grievious injury,Druken,Four lanes or more with central divider,Straight road,,Fine,AP27AM 8254,P.V,Animals affected,0
13.09.2015,7:25 PM,1239.1,LHS,Rural,Maddipadu,Rear End Collision, Lorry hit unknown vehicle     ,Lorry,Grievious injury,Over speed,Four lanes or more with central divider,Straight road,,Fine,WB41E   2625,P.V,Fatal,0
13.09.2015,7:25 PM,1239.1,LHS,Rural,Maddipadu,Rear End Collision, Lorry hit unknown vehicle     ,Lorry,Grievious injury,Over speed,Four lanes or more with central divider,Straight road,,Fine,WB41E   2625,P.V,Grevious,1
13.09.2015,7:25 PM,1239.1,LHS,Rural,Maddipadu,Rear End Collision, Lorry hit unknown vehicle     ,Lorry,Grievious injury,Over speed,Four lanes or more with central divider,Straight road,,Fine,WB41E   2625,P.V,Minor,0
13.09.2015,7:25 PM,1239.1,LHS,Rural,Maddipadu,Rear End Collision, Lorry hit unknown vehicle     ,Lorry,Grievious injury,Over speed,Four lanes or more with central divider,Straight road,,Fine,WB41E   2625,P.V,Non injured ,0
13.09.2015,7:25 PM,1239.1,LHS,Rural,Maddipadu,Rear End Collision, Lorry hit unknown vehicle     ,Lorry,Grievious injury,Over speed,Four lanes or more with central divider,Straight road,,Fine,WB41E   2625,P.V,Animals affected,0
14.09.2015,4:40 AM,1211.2,RHS,Rural,Reningavaram,Overturning, Lorry Overturned     ,Lorry,Non injury,Fault of driver of motor vehicle/driver of other vehicle/cyclist/pedestrian/passenger,Four lanes or more with central divider,Straight road,,Fine,KA01C 1128,P.V,Fatal,0
14.09.2015,4:40 AM,1211.2,RHS,Rural,Reningavaram,Overturning, Lorry Overturned     ,Lorry,Non injury,Fault of driver of motor vehicle/driver of other vehicle/cyclist/pedestrian/passenger,Four lanes or more with central divider,Straight road,,Fine,KA01C 1128,P.V,Grevious,0
14.09.2015,4:40 AM,1211.2,RHS,Rural,Reningavaram,Overturning, Lorry Overturned     ,Lorry,Non injury,Fault of driver of motor vehicle/driver of other vehicle/cyclist/pedestrian/passenger,Four lanes or more with central divider,Straight road,,Fine,KA01C 1128,P.V,Minor,0
14.09.2015,4:40 AM,1211.2,RHS,Rural,Reningavaram,Overturning, Lorry Overturned     ,Lorry,Non injury,Fault of driver of motor vehicle/driver of other vehicle/cyclist/pedestrian/passenger,Four lanes or more with central divider,Straight road,,Fine,KA01C 1128,P.V,Non injured ,2
14.09.2015,4:40 AM,1211.2,RHS,Rural,Reningavaram,Overturning, Lorry Overturned     ,Lorry,Non injury,Fault of driver of motor vehicle/driver of other vehicle/cyclist/pedestrian/passenger,Four lanes or more with central divider,Straight road,,Fine,KA01C 1128,P.V,Animals affected,0
14.09.2015,10:13 PM,1255.4,LHS,Rural,Tangutur,Collision Brush/Side Wipe, Unknown vehicle hit Pedestrian     ,Unknown,Grievious injury,Fault of driver of motor vehicle/driver of other vehicle/cyclist/pedestrian/passenger,Four lanes or more with central divider,Straight road,,Fine,Unknown vehicle,P.V&A.M.B,Fatal,0
14.09.2015,10:13 PM,1255.4,LHS,Rural,Tangutur,Collision Brush/Side Wipe, Unknown vehicle hit Pedestrian     ,Unknown,Grievious injury,Fault of driver of motor vehicle/driver of other vehicle/cyclist/pedestrian/passenger,Four lanes or more with central divider,Straight road,,Fine,Unknown vehicle,P.V&A.M.B,Grevious,1
14.09.2015,10:13 PM,1255.4,LHS,Rural,Tangutur,Collision Brush/Side Wipe, Unknown vehicle hit Pedestrian     ,Unknown,Grievious injury,Fault of driver of motor vehicle/driver of other vehicle/cyclist/pedestrian/passenger,Four lanes or more with central divider,Straight road,,Fine,Unknown vehicle,P.V&A.M.B,Minor,0
14.09.2015,10:13 PM,1255.4,LHS,Rural,Tangutur,Collision Brush/Side Wipe, Unknown vehicle hit Pedestrian     ,Unknown,Grievious injury,Fault of driver of motor vehicle/driver of other vehicle/cyclist/pedestrian/passenger,Four lanes or more with central divider,Straight road,,Fine,Unknown vehicle,P.V&A.M.B,Non injured ,1
14.09.2015,10:13 PM,1255.4,LHS,Rural,Tangutur,Collision Brush/Side Wipe, Unknown vehicle hit Pedestrian     ,Unknown,Grievious injury,Fault of driver of motor vehicle/driver of other vehicle/cyclist/pedestrian/passenger,Four lanes or more with central divider,Straight road,,Fine,Unknown vehicle,P.V&A.M.B,Animals affected,0
15.09.2015,3:25 AM,1297.5,LHS,Rural,Ulavapadu,Rear End Collision, Container vehicle hit                Un,Container,Non injury,Fault of driver of motor vehicle/driver of other vehicle/cyclist/pedestrian/passenger,Four lanes or more with central divider,Straight road,,Fine,TN04AK 8723,P.V,Fatal,0
15.09.2015,3:25 AM,1297.5,LHS,Rural,Ulavapadu,Rear End Collision, Container vehicle hit                Un,Container,Non injury,Fault of driver of motor vehicle/driver of other vehicle/cyclist/pedestrian/passenger,Four lanes or more with central divider,Straight road,,Fine,TN04AK 8723,P.V,Grevious,0
15.09.2015,3:25 AM,1297.5,LHS,Rural,Ulavapadu,Rear End Collision, Container vehicle hit                Un,Container,Non injury,Fault of driver of motor vehicle/driver of other vehicle/cyclist/pedestrian/passenger,Four lanes or more with central divider,Straight road,,Fine,TN04AK 8723,P.V,Minor,0
15.09.2015,3:25 AM,1297.5,LHS,Rural,Ulavapadu,Rear End Collision, Container vehicle hit                Un,Container,Non injury,Fault of driver of motor vehicle/driver of other vehicle/cyclist/pedestrian/passenger,Four lanes or more with central divider,Straight road,,Fine,TN04AK 8723,P.V,Non injured ,1
15.09.2015,3:25 AM,1297.5,LHS,Rural,Ulavapadu,Rear End Collision, Container vehicle hit                Un,Container,Non injury,Fault of driver of motor vehicle/driver of other vehicle/cyclist/pedestrian/passenger,Four lanes or more with central divider,Straight road,,Fine,TN04AK 8723,P.V,Animals affected,0
15.09.2015,4:20 PM,1225.7,RHS,Rural,Maddipadu,Overturning, Tata ace vehicle Overturned ,Tata Ace,Non injury,Defect in mechanical condition of motor vehicle/road condition,Four lanes or more with central divider,Straight road,,Fine,AP27TW 4315,P.V,Fatal,0
15.09.2015,4:20 PM,1225.7,RHS,Rural,Maddipadu,Overturning, Tata ace vehicle Overturned ,Tata Ace,Non injury,Defect in mechanical condition of motor vehicle/road condition,Four lanes or more with central divider,Straight road,,Fine,AP27TW 4315,P.V,Grevious,0
15.09.2015,4:20 PM,1225.7,RHS,Rural,Maddipadu,Overturning, Tata ace vehicle Overturned ,Tata Ace,Non injury,Defect in mechanical condition of motor vehicle/road condition,Four lanes or more with central divider,Straight road,,Fine,AP27TW 4315,P.V,Minor,0
15.09.2015,4:20 PM,1225.7,RHS,Rural,Maddipadu,Overturning, Tata ace vehicle Overturned ,Tata Ace,Non injury,Defect in mechanical condition of motor vehicle/road condition,Four lanes or more with central divider,Straight road,,Fine,AP27TW 4315,P.V,Non injured ,2
15.09.2015,4:20 PM,1225.7,RHS,Rural,Maddipadu,Overturning, Tata ace vehicle Overturned ,Tata Ace,Non injury,Defect in mechanical condition of motor vehicle/road condition,Four lanes or more with central divider,Straight road,,Fine,AP27TW 4315,P.V,Animals affected,0
15.09.2015,6:58 PM,1268.8,LHS,Rural,Jarugumalli,Skidding, Bike Skidding     ,Bike,Minor injury,Defect in mechanical condition of motor vehicle/road condition,Four lanes or more with central divider,Straight road,,Fine,F/R,P.V,Fatal,0
15.09.2015,6:58 PM,1268.8,LHS,Rural,Jarugumalli,Skidding, Bike Skidding     ,Bike,Minor injury,Defect in mechanical condition of motor vehicle/road condition,Four lanes or more with central divider,Straight road,,Fine,F/R,P.V,Grevious,0
15.09.2015,6:58 PM,1268.8,LHS,Rural,Jarugumalli,Skidding, Bike Skidding     ,Bike,Minor injury,Defect in mechanical condition of motor vehicle/road condition,Four lanes or more with central divider,Straight road,,Fine,F/R,P.V,Minor,1
15.09.2015,6:58 PM,1268.8,LHS,Rural,Jarugumalli,Skidding, Bike Skidding     ,Bike,Minor injury,Defect in mechanical condition of motor vehicle/road condition,Four lanes or more with central divider,Straight road,,Fine,F/R,P.V,Non injured ,0
15.09.2015,6:58 PM,1268.8,LHS,Rural,Jarugumalli,Skidding, Bike Skidding     ,Bike,Minor injury,Defect in mechanical condition of motor vehicle/road condition,Four lanes or more with central divider,Straight road,,Fine,F/R,P.V,Animals affected,0
15.09.2015,10:15 PM,1245.4,LHS,Urban,Ongole,Rear End Collision,Mini truck hit Unknown vehicle    ,Lorry,Minor injury,Over speed,Four lanes or more with central divider,Straight road,,Fine,AP27TU 4349,P.V,Fatal,0
15.09.2015,10:15 PM,1245.4,LHS,Urban,Ongole,Rear End Collision,Mini truck hit Unknown vehicle    ,Lorry,Minor injury,Over speed,Four lanes or more with central divider,Straight road,,Fine,AP27TU 4349,P.V,Grevious,0
15.09.2015,10:15 PM,1245.4,LHS,Urban,Ongole,Rear End Collision,Mini truck hit Unknown vehicle    ,Lorry,Minor injury,Over speed,Four lanes or more with central divider,Straight road,,Fine,AP27TU 4349,P.V,Minor,1
15.09.2015,10:15 PM,1245.4,LHS,Urban,Ongole,Rear End Collision,Mini truck hit Unknown vehicle    ,Lorry,Minor injury,Over speed,Four lanes or more with central divider,Straight road,,Fine,AP27TU 4349,P.V,Non injured ,0
15.09.2015,10:15 PM,1245.4,LHS,Urban,Ongole,Rear End Collision,Mini truck hit Unknown vehicle    ,Lorry,Minor injury,Over speed,Four lanes or more with central divider,Straight road,,Fine,AP27TU 4349,P.V,Animals affected,0
16.09.2015,1:00 AM,1312.4,LHS,Rural,Kavali,Rear End Collision, Eicher Lorry                  hit  Unkn,Eicher,Grievious injury,Fault of driver of motor vehicle/driver of other vehicle/cyclist/pedestrian/passenger,Four lanes or more with central divider,Straight road,,Fine,TS12UA  0274,P.V,Fatal,0
16.09.2015,1:00 AM,1312.4,LHS,Rural,Kavali,Rear End Collision, Eicher Lorry                  hit  Unkn,Eicher,Grievious injury,Fault of driver of motor vehicle/driver of other vehicle/cyclist/pedestrian/passenger,Four lanes or more with central divider,Straight road,,Fine,TS12UA  0274,P.V,Grevious,1
16.09.2015,1:00 AM,1312.4,LHS,Rural,Kavali,Rear End Collision, Eicher Lorry                  hit  Unkn,Eicher,Grievious injury,Fault of driver of motor vehicle/driver of other vehicle/cyclist/pedestrian/passenger,Four lanes or more with central divider,Straight road,,Fine,TS12UA  0274,P.V,Minor,0
16.09.2015,1:00 AM,1312.4,LHS,Rural,Kavali,Rear End Collision, Eicher Lorry                  hit  Unkn,Eicher,Grievious injury,Fault of driver of motor vehicle/driver of other vehicle/cyclist/pedestrian/passenger,Four lanes or more with central divider,Straight road,,Fine,TS12UA  0274,P.V,Non injured ,1
16.09.2015,1:00 AM,1312.4,LHS,Rural,Kavali,Rear End Collision, Eicher Lorry                  hit  Unkn,Eicher,Grievious injury,Fault of driver of motor vehicle/driver of other vehicle/cyclist/pedestrian/passenger,Four lanes or more with central divider,Straight road,,Fine,TS12UA  0274,P.V,Animals affected,0
17.09.2015,12:05 AM,1282.4,LHS,Rural,Singarayakonda,Rear End Collision, Lorry hit          Lorry,Lorry,Non injury,Over speed,Four lanes or more with central divider,Straight road,,Fine,TN52A    8993,P.V,Fatal,0
17.09.2015,12:05 AM,1282.4,LHS,Rural,Singarayakonda,Rear End Collision, Lorry hit          Lorry,Lorry,Non injury,Over speed,Four lanes or more with central divider,Straight road,,Fine,TN52A    8993,P.V,Grevious,0
17.09.2015,12:05 AM,1282.4,LHS,Rural,Singarayakonda,Rear End Collision, Lorry hit          Lorry,Lorry,Non injury,Over speed,Four lanes or more with central divider,Straight road,,Fine,TN52A    8993,P.V,Minor,0
17.09.2015,12:05 AM,1282.4,LHS,Rural,Singarayakonda,Rear End Collision, Lorry hit          Lorry,Lorry,Non injury,Over speed,Four lanes or more with central divider,Straight road,,Fine,TN52A    8993,P.V,Non injured ,2
17.09.2015,12:05 AM,1282.4,LHS,Rural,Singarayakonda,Rear End Collision, Lorry hit          Lorry,Lorry,Non injury,Over speed,Four lanes or more with central divider,Straight road,,Fine,TN52A    8993,P.V,Animals affected,0
17.09.2015,6:20 AM,1267.9,RHS,Rural,Tangutur,Rear End Collision, Lorry hit          Lorry,Lorry,Non injury,Over speed,Four lanes or more with central divider,Straight road,,Fine,AP26TE    1449,P.V,Fatal,0
17.09.2015,6:20 AM,1267.9,RHS,Rural,Tangutur,Rear End Collision, Lorry hit          Lorry,Lorry,Non injury,Over speed,Four lanes or more with central divider,Straight road,,Fine,AP26TE    1449,P.V,Grevious,0
17.09.2015,6:20 AM,1267.9,RHS,Rural,Tangutur,Rear End Collision, Lorry hit          Lorry,Lorry,Non injury,Over speed,Four lanes or more with central divider,Straight road,,Fine,AP26TE    1449,P.V,Minor,0
17.09.2015,6:20 AM,1267.9,RHS,Rural,Tangutur,Rear End Collision, Lorry hit          Lorry,Lorry,Non injury,Over speed,Four lanes or more with central divider,Straight road,,Fine,AP26TE    1449,P.V,Non injured ,3
17.09.2015,6:20 AM,1267.9,RHS,Rural,Tangutur,Rear End Collision, Lorry hit          Lorry,Lorry,Non injury,Over speed,Four lanes or more with central divider,Straight road,,Fine,AP26TE    1449,P.V,Animals affected,0
17.09.2015,3:00 PM,1208.5,RHS,Rural,Reningavaram,Collision Brush/Side Wipe, Bike hit     Fencing Pole,Bike,Minor injury,Vehicle out of control,Four lanes or more with central divider,Straight road,,Fine,F/R Bike,AMB & P.V,Fatal,0
17.09.2015,3:00 PM,1208.5,RHS,Rural,Reningavaram,Collision Brush/Side Wipe, Bike hit     Fencing Pole,Bike,Minor injury,Vehicle out of control,Four lanes or more with central divider,Straight road,,Fine,F/R Bike,AMB & P.V,Grevious,0
17.09.2015,3:00 PM,1208.5,RHS,Rural,Reningavaram,Collision Brush/Side Wipe, Bike hit     Fencing Pole,Bike,Minor injury,Vehicle out of control,Four lanes or more with central divider,Straight road,,Fine,F/R Bike,AMB & P.V,Minor,1
17.09.2015,3:00 PM,1208.5,RHS,Rural,Reningavaram,Collision Brush/Side Wipe, Bike hit     Fencing Pole,Bike,Minor injury,Vehicle out of control,Four lanes or more with central divider,Straight road,,Fine,F/R Bike,AMB & P.V,Non injured ,2
17.09.2015,3:00 PM,1208.5,RHS,Rural,Reningavaram,Collision Brush/Side Wipe, Bike hit     Fencing Pole,Bike,Minor injury,Vehicle out of control,Four lanes or more with central divider,Straight road,,Fine,F/R Bike,AMB & P.V,Animals affected,0
17.09.2015,7:10 PM,1199.4,LHS,Rural,Martur,Skidding, Bike               Skidding,Bike,Minor injury,Over speed,Four lanes or more with central divider,Straight road,,Fine,AP26AP   2339,AMB ,Fatal,0
17.09.2015,7:10 PM,1199.4,LHS,Rural,Martur,Skidding, Bike               Skidding,Bike,Minor injury,Over speed,Four lanes or more with central divider,Straight road,,Fine,AP26AP   2339,AMB ,Grevious,0
17.09.2015,7:10 PM,1199.4,LHS,Rural,Martur,Skidding, Bike               Skidding,Bike,Minor injury,Over speed,Four lanes or more with central divider,Straight road,,Fine,AP26AP   2339,AMB ,Minor,3
17.09.2015,7:10 PM,1199.4,LHS,Rural,Martur,Skidding, Bike               Skidding,Bike,Minor injury,Over speed,Four lanes or more with central divider,Straight road,,Fine,AP26AP   2339,AMB ,Non injured ,0
17.09.2015,7:10 PM,1199.4,LHS,Rural,Martur,Skidding, Bike               Skidding,Bike,Minor injury,Over speed,Four lanes or more with central divider,Straight road,,Fine,AP26AP   2339,AMB ,Animals affected,0
18.09.2015,8:00 AM,1282.4,LHS,Rural,Singarayakonda,Rear End Collision, Trailer Vehicle hit Lorry,Trailler,Non injury,Over speed,Four lanes or more with central divider,Straight road,,Fine,OR04C   0695,P.V,Fatal,0
18.09.2015,8:00 AM,1282.4,LHS,Rural,Singarayakonda,Rear End Collision, Trailer Vehicle hit Lorry,Trailler,Non injury,Over speed,Four lanes or more with central divider,Straight road,,Fine,OR04C   0695,P.V,Grevious,0
18.09.2015,8:00 AM,1282.4,LHS,Rural,Singarayakonda,Rear End Collision, Trailer Vehicle hit Lorry,Trailler,Non injury,Over speed,Four lanes or more with central divider,Straight road,,Fine,OR04C   0695,P.V,Minor,0
18.09.2015,8:00 AM,1282.4,LHS,Rural,Singarayakonda,Rear End Collision, Trailer Vehicle hit Lorry,Trailler,Non injury,Over speed,Four lanes or more with central divider,Straight road,,Fine,OR04C   0695,P.V,Non injured ,2
18.09.2015,8:00 AM,1282.4,LHS,Rural,Singarayakonda,Rear End Collision, Trailer Vehicle hit Lorry,Trailler,Non injury,Over speed,Four lanes or more with central divider,Straight road,,Fine,OR04C   0695,P.V,Animals affected,0
18.09.2015,11:35 AM,1225.4,LHS,Rural,Maddipadu,Collision Brush/Side Wipe, Tvs xl Moped hit Tractor,Bike,Minor injury,Over speed,Three lanes or more without central divider(median),Straight road,T-Junction,Fine,AP27AU 0835,P.V&A.M.B,Fatal,0
18.09.2015,11:35 AM,1225.4,LHS,Rural,Maddipadu,Collision Brush/Side Wipe, Tvs xl Moped hit Tractor,Bike,Minor injury,Over speed,Three lanes or more without central divider(median),Straight road,T-Junction,Fine,AP27AU 0835,P.V&A.M.B,Grevious,0
18.09.2015,11:35 AM,1225.4,LHS,Rural,Maddipadu,Collision Brush/Side Wipe, Tvs xl Moped hit Tractor,Bike,Minor injury,Over speed,Three lanes or more without central divider(median),Straight road,T-Junction,Fine,AP27AU 0835,P.V&A.M.B,Minor,1
18.09.2015,11:35 AM,1225.4,LHS,Rural,Maddipadu,Collision Brush/Side Wipe, Tvs xl Moped hit Tractor,Bike,Minor injury,Over speed,Three lanes or more without central divider(median),Straight road,T-Junction,Fine,AP27AU 0835,P.V&A.M.B,Non injured ,1
18.09.2015,11:35 AM,1225.4,LHS,Rural,Maddipadu,Collision Brush/Side Wipe, Tvs xl Moped hit Tractor,Bike,Minor injury,Over speed,Three lanes or more without central divider(median),Straight road,T-Junction,Fine,AP27AU 0835,P.V&A.M.B,Animals affected,0
20.09.2015,6:45 AM,1247.9,RHS,Urban,Ongole,Rear End Collision, Car hit Unknown vehicle,Car,Minor injury,Over speed,Four lanes or more with central divider,Straight road,,Fine,AP20 AN  1211,P.V,Fatal,0
20.09.2015,6:45 AM,1247.9,RHS,Urban,Ongole,Rear End Collision, Car hit Unknown vehicle,Car,Minor injury,Over speed,Four lanes or more with central divider,Straight road,,Fine,AP20 AN  1211,P.V,Grevious,0
20.09.2015,6:45 AM,1247.9,RHS,Urban,Ongole,Rear End Collision, Car hit Unknown vehicle,Car,Minor injury,Over speed,Four lanes or more with central divider,Straight road,,Fine,AP20 AN  1211,P.V,Minor,1
20.09.2015,6:45 AM,1247.9,RHS,Urban,Ongole,Rear End Collision, Car hit Unknown vehicle,Car,Minor injury,Over speed,Four lanes or more with central divider,Straight road,,Fine,AP20 AN  1211,P.V,Non injured ,3
20.09.2015,6:45 AM,1247.9,RHS,Urban,Ongole,Rear End Collision, Car hit Unknown vehicle,Car,Minor injury,Over speed,Four lanes or more with central divider,Straight road,,Fine,AP20 AN  1211,P.V,Animals affected,0
21.09.2015,4:40 AM,1247.4,LHS,Urban,Ongole,Rear End Collision, Lorry hit Container vehicle,Lorry,Fatal,Over speed,Four lanes or more with central divider,Straight road,,Fine,HR55J       9447,P.V,Fatal,1
21.09.2015,4:40 AM,1247.4,LHS,Urban,Ongole,Rear End Collision, Lorry hit Container vehicle,Lorry,Fatal,Over speed,Four lanes or more with central divider,Straight road,,Fine,HR55J       9447,P.V,Grevious,0
21.09.2015,4:40 AM,1247.4,LHS,Urban,Ongole,Rear End Collision, Lorry hit Container vehicle,Lorry,Fatal,Over speed,Four lanes or more with central divider,Straight road,,Fine,HR55J       9447,P.V,Minor,0
21.09.2015,4:40 AM,1247.4,LHS,Urban,Ongole,Rear End Collision, Lorry hit Container vehicle,Lorry,Fatal,Over speed,Four lanes or more with central divider,Straight road,,Fine,HR55J       9447,P.V,Non injured ,3
21.09.2015,4:40 AM,1247.4,LHS,Urban,Ongole,Rear End Collision, Lorry hit Container vehicle,Lorry,Fatal,Over speed,Four lanes or more with central divider,Straight road,,Fine,HR55J       9447,P.V,Animals affected,0
22.09.2015,8:55 AM,1189.7,RHS,Rural,Martur,Collision Brush/Side Wipe, Car hit Tipper Lorry,Car,Minor injury,Fault of driver of motor vehicle/driver of other vehicle/cyclist/pedestrian/passenger,Three lanes or more without central divider(median),Straight road,T-Junction,Fine,AP27AK 9827,P.V,Fatal,0
22.09.2015,8:55 AM,1189.7,RHS,Rural,Martur,Collision Brush/Side Wipe, Car hit Tipper Lorry,Car,Minor injury,Fault of driver of motor vehicle/driver of other vehicle/cyclist/pedestrian/passenger,Three lanes or more without central divider(median),Straight road,T-Junction,Fine,AP27AK 9827,P.V,Grevious,0
22.09.2015,8:55 AM,1189.7,RHS,Rural,Martur,Collision Brush/Side Wipe, Car hit Tipper Lorry,Car,Minor injury,Fault of driver of motor vehicle/driver of other vehicle/cyclist/pedestrian/passenger,Three lanes or more without central divider(median),Straight road,T-Junction,Fine,AP27AK 9827,P.V,Minor,5
22.09.2015,8:55 AM,1189.7,RHS,Rural,Martur,Collision Brush/Side Wipe, Car hit Tipper Lorry,Car,Minor injury,Fault of driver of motor vehicle/driver of other vehicle/cyclist/pedestrian/passenger,Three lanes or more without central divider(median),Straight road,T-Junction,Fine,AP27AK 9827,P.V,Non injured ,1
22.09.2015,8:55 AM,1189.7,RHS,Rural,Martur,Collision Brush/Side Wipe, Car hit Tipper Lorry,Car,Minor injury,Fault of driver of motor vehicle/driver of other vehicle/cyclist/pedestrian/passenger,Three lanes or more without central divider(median),Straight road,T-Junction,Fine,AP27AK 9827,P.V,Animals affected,0
23.09.2015,12:30 AM,1223.2,LHS,Rural,Medarametla,Collision Brush/Side Wipe, Container vehicle hit Tata Ace Vehicle,Container,Grievious injury,Fault of driver of motor vehicle/driver of other vehicle/cyclist/pedestrian/passenger,Four lanes or more with central divider,Straight road,,Fine,TN28 AD   7583,P.V & A.M.B,Fatal,0
23.09.2015,12:30 AM,1223.2,LHS,Rural,Medarametla,Collision Brush/Side Wipe, Container vehicle hit Tata Ace Vehicle,Container,Grievious injury,Fault of driver of motor vehicle/driver of other vehicle/cyclist/pedestrian/passenger,Four lanes or more with central divider,Straight road,,Fine,TN28 AD   7583,P.V & A.M.B,Grevious,1
23.09.2015,12:30 AM,1223.2,LHS,Rural,Medarametla,Collision Brush/Side Wipe, Container vehicle hit Tata Ace Vehicle,Container,Grievious injury,Fault of driver of motor vehicle/driver of other vehicle/cyclist/pedestrian/passenger,Four lanes or more with central divider,Straight road,,Fine,TN28 AD   7583,P.V & A.M.B,Minor,0
23.09.2015,12:30 AM,1223.2,LHS,Rural,Medarametla,Collision Brush/Side Wipe, Container vehicle hit Tata Ace Vehicle,Container,Grievious injury,Fault of driver of motor vehicle/driver of other vehicle/cyclist/pedestrian/passenger,Four lanes or more with central divider,Straight road,,Fine,TN28 AD   7583,P.V & A.M.B,Non injured ,9
23.09.2015,12:30 AM,1223.2,LHS,Rural,Medarametla,Collision Brush/Side Wipe, Container vehicle hit Tata Ace Vehicle,Container,Grievious injury,Fault of driver of motor vehicle/driver of other vehicle/cyclist/pedestrian/passenger,Four lanes or more with central divider,Straight road,,Fine,TN28 AD   7583,P.V & A.M.B,Animals affected,0
23.09.2015,3:00 PM,1334.9,LHS,Rural,K.Tippa ,Overturning,  Trailler vehicle Overturned,Trailler,Minor injury,Fault of driver of motor vehicle/driver of other vehicle/cyclist/pedestrian/passenger,Four lanes or more with central divider,Straight road,,Fine,AP16 TD  0839,P.V,Fatal,0
23.09.2015,3:00 PM,1334.9,LHS,Rural,K.Tippa ,Overturning,  Trailler vehicle Overturned,Trailler,Minor injury,Fault of driver of motor vehicle/driver of other vehicle/cyclist/pedestrian/passenger,Four lanes or more with central divider,Straight road,,Fine,AP16 TD  0839,P.V,Grevious,0
23.09.2015,3:00 PM,1334.9,LHS,Rural,K.Tippa ,Overturning,  Trailler vehicle Overturned,Trailler,Minor injury,Fault of driver of motor vehicle/driver of other vehicle/cyclist/pedestrian/passenger,Four lanes or more with central divider,Straight road,,Fine,AP16 TD  0839,P.V,Minor,2
23.09.2015,3:00 PM,1334.9,LHS,Rural,K.Tippa ,Overturning,  Trailler vehicle Overturned,Trailler,Minor injury,Fault of driver of motor vehicle/driver of other vehicle/cyclist/pedestrian/passenger,Four lanes or more with central divider,Straight road,,Fine,AP16 TD  0839,P.V,Non injured ,0
23.09.2015,3:00 PM,1334.9,LHS,Rural,K.Tippa ,Overturning,  Trailler vehicle Overturned,Trailler,Minor injury,Fault of driver of motor vehicle/driver of other vehicle/cyclist/pedestrian/passenger,Four lanes or more with central divider,Straight road,,Fine,AP16 TD  0839,P.V,Animals affected,0
24.09.2015,2:00 AM,1284.5,RHS,Rural,Ulavapadu,Overturning, Car Overturned,Car,Non injury,Fault of driver of motor vehicle/driver of other vehicle/cyclist/pedestrian/passenger,Four lanes or more with central divider,Straight road,,Fine,TN10 AJ 08160,P.V,Fatal,0
24.09.2015,2:00 AM,1284.5,RHS,Rural,Ulavapadu,Overturning, Car Overturned,Car,Non injury,Fault of driver of motor vehicle/driver of other vehicle/cyclist/pedestrian/passenger,Four lanes or more with central divider,Straight road,,Fine,TN10 AJ 08160,P.V,Grevious,0
24.09.2015,2:00 AM,1284.5,RHS,Rural,Ulavapadu,Overturning, Car Overturned,Car,Non injury,Fault of driver of motor vehicle/driver of other vehicle/cyclist/pedestrian/passenger,Four lanes or more with central divider,Straight road,,Fine,TN10 AJ 08160,P.V,Minor,0
24.09.2015,2:00 AM,1284.5,RHS,Rural,Ulavapadu,Overturning, Car Overturned,Car,Non injury,Fault of driver of motor vehicle/driver of other vehicle/cyclist/pedestrian/passenger,Four lanes or more with central divider,Straight road,,Fine,TN10 AJ 08160,P.V,Non injured ,2
24.09.2015,2:00 AM,1284.5,RHS,Rural,Ulavapadu,Overturning, Car Overturned,Car,Non injury,Fault of driver of motor vehicle/driver of other vehicle/cyclist/pedestrian/passenger,Four lanes or more with central divider,Straight road,,Fine,TN10 AJ 08160,P.V,Animals affected,0