Operational date,Time of Accident,KM && M,Position,Rural/Urban,Location,Nature of Accident Position,Nature of Accident,Vehicle Involved,Type of Accident,Causes,Road Feature,Road condition,Intersection Type And Control,Weather Condition,Vehicle Responsible,Help Provided by Ambulance/Patroling Vehicle,Classification of Accident,No of Affected Persons
24.09.2015,4:10 AM,1214.9,LHS,Rural,Medarametla,Overturning, Container vehicle Overturned,Container,Non injury,Fault of driver of motor vehicle/driver of other vehicle/cyclist/pedestrian/passenger,Four lanes or more with central divider,Straight road,,Fine,HR55 T   0760,P.V,Fatal,0
24.09.2015,4:10 AM,1214.9,LHS,Rural,Medarametla,Overturning, Container vehicle Overturned,Container,Non injury,Fault of driver of motor vehicle/driver of other vehicle/cyclist/pedestrian/passenger,Four lanes or more with central divider,Straight road,,Fine,HR55 T   0760,P.V,Grevious,0
24.09.2015,4:10 AM,1214.9,LHS,Rural,Medarametla,Overturning, Container vehicle Overturned,Container,Non injury,Fault of driver of motor vehicle/driver of other vehicle/cyclist/pedestrian/passenger,Four lanes or more with central divider,Straight road,,Fine,HR55 T   0760,P.V,Minor,0
24.09.2015,4:10 AM,1214.9,LHS,Rural,Medarametla,Overturning, Container vehicle Overturned,Container,Non injury,Fault of driver of motor vehicle/driver of other vehicle/cyclist/pedestrian/passenger,Four lanes or more with central divider,Straight road,,Fine,HR55 T   0760,P.V,Non injured ,1
24.09.2015,4:10 AM,1214.9,LHS,Rural,Medarametla,Overturning, Container vehicle Overturned,Container,Non injury,Fault of driver of motor vehicle/driver of other vehicle/cyclist/pedestrian/passenger,Four lanes or more with central divider,Straight road,,Fine,HR55 T   0760,P.V,Animals affected,0
25.09.2015,1:10 PM,1247.8,LHS,Urban,Ongole,Rear End Collision, Car hit Car,Car,Non injury,Over speed,Four lanes or more with central divider,Straight road,,Fine,AP29 AY  8271,P.V,Fatal,0
25.09.2015,1:10 PM,1247.8,LHS,Urban,Ongole,Rear End Collision, Car hit Car,Car,Non injury,Over speed,Four lanes or more with central divider,Straight road,,Fine,AP29 AY  8271,P.V,Grevious,0
25.09.2015,1:10 PM,1247.8,LHS,Urban,Ongole,Rear End Collision, Car hit Car,Car,Non injury,Over speed,Four lanes or more with central divider,Straight road,,Fine,AP29 AY  8271,P.V,Minor,0
25.09.2015,1:10 PM,1247.8,LHS,Urban,Ongole,Rear End Collision, Car hit Car,Car,Non injury,Over speed,Four lanes or more with central divider,Straight road,,Fine,AP29 AY  8271,P.V,Non injured ,6
25.09.2015,1:10 PM,1247.8,LHS,Urban,Ongole,Rear End Collision, Car hit Car,Car,Non injury,Over speed,Four lanes or more with central divider,Straight road,,Fine,AP29 AY  8271,P.V,Animals affected,0
25.09.2015,4:55 PM,1262.2,LHS,Rural,Tangutur,Rear End Collision, car hit mini truck,car,Non injury,Over speed,Four lanes or more with central divider,Straight road,,Fine,KA36 M  1987,P.V,Fatal,0
25.09.2015,4:55 PM,1262.2,LHS,Rural,Tangutur,Rear End Collision, car hit mini truck,car,Non injury,Over speed,Four lanes or more with central divider,Straight road,,Fine,KA36 M  1987,P.V,Grevious,0
25.09.2015,4:55 PM,1262.2,LHS,Rural,Tangutur,Rear End Collision, car hit mini truck,car,Non injury,Over speed,Four lanes or more with central divider,Straight road,,Fine,KA36 M  1987,P.V,Minor,0
25.09.2015,4:55 PM,1262.2,LHS,Rural,Tangutur,Rear End Collision, car hit mini truck,car,Non injury,Over speed,Four lanes or more with central divider,Straight road,,Fine,KA36 M  1987,P.V,Non injured ,5
25.09.2015,4:55 PM,1262.2,LHS,Rural,Tangutur,Rear End Collision, car hit mini truck,car,Non injury,Over speed,Four lanes or more with central divider,Straight road,,Fine,KA36 M  1987,P.V,Animals affected,0
26.09.2015,12:30 PM,1301.8,RHS,Rural,Gudluru,Rear End Collision, Lorry hit Unknown vehicle,Lorry,Non injury,Over speed,Two lanes,Straight road,,Fine,AP16 Y  9929,P.V,Fatal,0
26.09.2015,12:30 PM,1301.8,RHS,Rural,Gudluru,Rear End Collision, Lorry hit Unknown vehicle,Lorry,Non injury,Over speed,Two lanes,Straight road,,Fine,AP16 Y  9929,P.V,Grevious,0
26.09.2015,12:30 PM,1301.8,RHS,Rural,Gudluru,Rear End Collision, Lorry hit Unknown vehicle,Lorry,Non injury,Over speed,Two lanes,Straight road,,Fine,AP16 Y  9929,P.V,Minor,0
26.09.2015,12:30 PM,1301.8,RHS,Rural,Gudluru,Rear End Collision, Lorry hit Unknown vehicle,Lorry,Non injury,Over speed,Two lanes,Straight road,,Fine,AP16 Y  9929,P.V,Non injured ,2
26.09.2015,12:30 PM,1301.8,RHS,Rural,Gudluru,Rear End Collision, Lorry hit Unknown vehicle,Lorry,Non injury,Over speed,Two lanes,Straight road,,Fine,AP16 Y  9929,P.V,Animals affected,0
26.09.2015,3:23 PM,1200,LHS,Rural,Reningavaram,Skidding, Bike skidding,Bike,Grievious injury,Over speed,Four lanes or more with central divider,Straight road,,Fine,AP26 BE  1241,A.M.B,Fatal,0
26.09.2015,3:23 PM,1200,LHS,Rural,Reningavaram,Skidding, Bike skidding,Bike,Grievious injury,Over speed,Four lanes or more with central divider,Straight road,,Fine,AP26 BE  1241,A.M.B,Grevious,1
26.09.2015,3:23 PM,1200,LHS,Rural,Reningavaram,Skidding, Bike skidding,Bike,Grievious injury,Over speed,Four lanes or more with central divider,Straight road,,Fine,AP26 BE  1241,A.M.B,Minor,0
26.09.2015,3:23 PM,1200,LHS,Rural,Reningavaram,Skidding, Bike skidding,Bike,Grievious injury,Over speed,Four lanes or more with central divider,Straight road,,Fine,AP26 BE  1241,A.M.B,Non injured ,0
26.09.2015,3:23 PM,1200,LHS,Rural,Reningavaram,Skidding, Bike skidding,Bike,Grievious injury,Over speed,Four lanes or more with central divider,Straight road,,Fine,AP26 BE  1241,A.M.B,Animals affected,0
26.09.2015,5:14 PM,1207.1,RHS,Rural,Reningavaram,Collision Brush/Side Wipe, Car hit Median,Car,Non injury,Over speed,Four lanes or more with central divider,Straight road,,Heavy rain,AP30 H   3699,P.V,Fatal,0
26.09.2015,5:14 PM,1207.1,RHS,Rural,Reningavaram,Collision Brush/Side Wipe, Car hit Median,Car,Non injury,Over speed,Four lanes or more with central divider,Straight road,,Heavy rain,AP30 H   3699,P.V,Grevious,0
26.09.2015,5:14 PM,1207.1,RHS,Rural,Reningavaram,Collision Brush/Side Wipe, Car hit Median,Car,Non injury,Over speed,Four lanes or more with central divider,Straight road,,Heavy rain,AP30 H   3699,P.V,Minor,0
26.09.2015,5:14 PM,1207.1,RHS,Rural,Reningavaram,Collision Brush/Side Wipe, Car hit Median,Car,Non injury,Over speed,Four lanes or more with central divider,Straight road,,Heavy rain,AP30 H   3699,P.V,Non injured ,3
26.09.2015,5:14 PM,1207.1,RHS,Rural,Reningavaram,Collision Brush/Side Wipe, Car hit Median,Car,Non injury,Over speed,Four lanes or more with central divider,Straight road,,Heavy rain,AP30 H   3699,P.V,Animals affected,0
27.09.2015,5:45 PM,1284.7,LHS,Rural,Ulavapadu,Overturning, Car Overturned,Car,Grievious injury,Over speed,Four lanes or more with central divider,Straight road,,Fine,AP04 AR 2345,P.V,Fatal,0
27.09.2015,5:45 PM,1284.7,LHS,Rural,Ulavapadu,Overturning, Car Overturned,Car,Grievious injury,Over speed,Four lanes or more with central divider,Straight road,,Fine,AP04 AR 2345,P.V,Grevious,2
27.09.2015,5:45 PM,1284.7,LHS,Rural,Ulavapadu,Overturning, Car Overturned,Car,Grievious injury,Over speed,Four lanes or more with central divider,Straight road,,Fine,AP04 AR 2345,P.V,Minor,4
27.09.2015,5:45 PM,1284.7,LHS,Rural,Ulavapadu,Overturning, Car Overturned,Car,Grievious injury,Over speed,Four lanes or more with central divider,Straight road,,Fine,AP04 AR 2345,P.V,Non injured ,0
27.09.2015,5:45 PM,1284.7,LHS,Rural,Ulavapadu,Overturning, Car Overturned,Car,Grievious injury,Over speed,Four lanes or more with central divider,Straight road,,Fine,AP04 AR 2345,P.V,Animals affected,0
28.09.2015,5:50 AM,1258.7,RHS,Rural,Tangutur,Rear End Collision, Car hit Mini lorry,Car,Fatal,Fault of driver of motor vehicle/driver of other vehicle/cyclist/pedestrian/passenger,Four lanes or more with central divider,Straight road,,Fine,AP27AW 1919,P.V,Fatal,1
28.09.2015,5:50 AM,1258.7,RHS,Rural,Tangutur,Rear End Collision, Car hit Mini lorry,Car,Fatal,Fault of driver of motor vehicle/driver of other vehicle/cyclist/pedestrian/passenger,Four lanes or more with central divider,Straight road,,Fine,AP27AW 1919,P.V,Grevious,0
28.09.2015,5:50 AM,1258.7,RHS,Rural,Tangutur,Rear End Collision, Car hit Mini lorry,Car,Fatal,Fault of driver of motor vehicle/driver of other vehicle/cyclist/pedestrian/passenger,Four lanes or more with central divider,Straight road,,Fine,AP27AW 1919,P.V,Minor,0
28.09.2015,5:50 AM,1258.7,RHS,Rural,Tangutur,Rear End Collision, Car hit Mini lorry,Car,Fatal,Fault of driver of motor vehicle/driver of other vehicle/cyclist/pedestrian/passenger,Four lanes or more with central divider,Straight road,,Fine,AP27AW 1919,P.V,Non injured ,1
28.09.2015,5:50 AM,1258.7,RHS,Rural,Tangutur,Rear End Collision, Car hit Mini lorry,Car,Fatal,Fault of driver of motor vehicle/driver of other vehicle/cyclist/pedestrian/passenger,Four lanes or more with central divider,Straight road,,Fine,AP27AW 1919,P.V,Animals affected,0
30.09.2015,4:19 AM,1261.6,RHS,Rural,Tangutur,Rear End Collision, Lorry hit             Mini lorry,Lorry,Non injury,Fault of driver of motor vehicle/driver of other vehicle/cyclist/pedestrian/passenger,Four lanes or more with central divider,Straight road,,Fine,TN29AY   0266,P.V,Fatal,0
30.09.2015,4:19 AM,1261.6,RHS,Rural,Tangutur,Rear End Collision, Lorry hit             Mini lorry,Lorry,Non injury,Fault of driver of motor vehicle/driver of other vehicle/cyclist/pedestrian/passenger,Four lanes or more with central divider,Straight road,,Fine,TN29AY   0266,P.V,Grevious,0
30.09.2015,4:19 AM,1261.6,RHS,Rural,Tangutur,Rear End Collision, Lorry hit             Mini lorry,Lorry,Non injury,Fault of driver of motor vehicle/driver of other vehicle/cyclist/pedestrian/passenger,Four lanes or more with central divider,Straight road,,Fine,TN29AY   0266,P.V,Minor,0
30.09.2015,4:19 AM,1261.6,RHS,Rural,Tangutur,Rear End Collision, Lorry hit             Mini lorry,Lorry,Non injury,Fault of driver of motor vehicle/driver of other vehicle/cyclist/pedestrian/passenger,Four lanes or more with central divider,Straight road,,Fine,TN29AY   0266,P.V,Non injured ,2
30.09.2015,4:19 AM,1261.6,RHS,Rural,Tangutur,Rear End Collision, Lorry hit             Mini lorry,Lorry,Non injury,Fault of driver of motor vehicle/driver of other vehicle/cyclist/pedestrian/passenger,Four lanes or more with central divider,Straight road,,Fine,TN29AY   0266,P.V,Animals affected,0
30.09.2015,3:50 PM,1210.8,LHS,Rural,Reningavaram,Collision Brush/Side Wipe, Car hit Bike,Car,Fatal,Over speed,Three lanes or more without central divider(median),Straight road,T-Junction,Fine,AP16BE   4949,P.V & A.M.B,Fatal,1
30.09.2015,3:50 PM,1210.8,LHS,Rural,Reningavaram,Collision Brush/Side Wipe, Car hit Bike,Car,Fatal,Over speed,Three lanes or more without central divider(median),Straight road,T-Junction,Fine,AP16BE   4949,P.V & A.M.B,Grevious,1
30.09.2015,3:50 PM,1210.8,LHS,Rural,Reningavaram,Collision Brush/Side Wipe, Car hit Bike,Car,Fatal,Over speed,Three lanes or more without central divider(median),Straight road,T-Junction,Fine,AP16BE   4949,P.V & A.M.B,Minor,0
30.09.2015,3:50 PM,1210.8,LHS,Rural,Reningavaram,Collision Brush/Side Wipe, Car hit Bike,Car,Fatal,Over speed,Three lanes or more without central divider(median),Straight road,T-Junction,Fine,AP16BE   4949,P.V & A.M.B,Non injured ,0
30.09.2015,3:50 PM,1210.8,LHS,Rural,Reningavaram,Collision Brush/Side Wipe, Car hit Bike,Car,Fatal,Over speed,Three lanes or more without central divider(median),Straight road,T-Junction,Fine,AP16BE   4949,P.V & A.M.B,Animals affected,0
01.10.2015,1:50 AM,1322.3,LHS,Rural,Kavali,Overturning, Container vehicle Overturned,Container,Minor injury,Over speed,Four lanes or more with central divider,Straight road,,Light rain,TN04Q   6257,P.V & A.M.B,Fatal,0
01.10.2015,1:50 AM,1322.3,LHS,Rural,Kavali,Overturning, Container vehicle Overturned,Container,Minor injury,Over speed,Four lanes or more with central divider,Straight road,,Light rain,TN04Q   6257,P.V & A.M.B,Grevious,0
01.10.2015,1:50 AM,1322.3,LHS,Rural,Kavali,Overturning, Container vehicle Overturned,Container,Minor injury,Over speed,Four lanes or more with central divider,Straight road,,Light rain,TN04Q   6257,P.V & A.M.B,Minor,1
01.10.2015,1:50 AM,1322.3,LHS,Rural,Kavali,Overturning, Container vehicle Overturned,Container,Minor injury,Over speed,Four lanes or more with central divider,Straight road,,Light rain,TN04Q   6257,P.V & A.M.B,Non injured ,0
01.10.2015,1:50 AM,1322.3,LHS,Rural,Kavali,Overturning, Container vehicle Overturned,Container,Minor injury,Over speed,Four lanes or more with central divider,Straight road,,Light rain,TN04Q   6257,P.V & A.M.B,Animals affected,0
01.10.2015,2:35 AM,1235.8,RHS,Rural,Maddipadu,Rear End Collision, Lorry hit Container vehicle,Lorry,Non injury,Over speed,Four lanes or more with central divider,Straight road,,Fine,TN52B 9618,P.V ,Fatal,0
01.10.2015,2:35 AM,1235.8,RHS,Rural,Maddipadu,Rear End Collision, Lorry hit Container vehicle,Lorry,Non injury,Over speed,Four lanes or more with central divider,Straight road,,Fine,TN52B 9618,P.V ,Grevious,0
01.10.2015,2:35 AM,1235.8,RHS,Rural,Maddipadu,Rear End Collision, Lorry hit Container vehicle,Lorry,Non injury,Over speed,Four lanes or more with central divider,Straight road,,Fine,TN52B 9618,P.V ,Minor,0
01.10.2015,2:35 AM,1235.8,RHS,Rural,Maddipadu,Rear End Collision, Lorry hit Container vehicle,Lorry,Non injury,Over speed,Four lanes or more with central divider,Straight road,,Fine,TN52B 9618,P.V ,Non injured ,4
01.10.2015,2:35 AM,1235.8,RHS,Rural,Maddipadu,Rear End Collision, Lorry hit Container vehicle,Lorry,Non injury,Over speed,Four lanes or more with central divider,Straight road,,Fine,TN52B 9618,P.V ,Animals affected,0
01.10.2015,11:45 AM,1324.8,LHS,Rural,Kavali,Overturning, Auto Overturned,Auto,Grievious injury,Vehicle out of control,Four lanes or more with central divider,Straight road,,Heavy rain,AP26Y 5775,A.M.B,Fatal,0
01.10.2015,11:45 AM,1324.8,LHS,Rural,Kavali,Overturning, Auto Overturned,Auto,Grievious injury,Vehicle out of control,Four lanes or more with central divider,Straight road,,Heavy rain,AP26Y 5775,A.M.B,Grevious,1
01.10.2015,11:45 AM,1324.8,LHS,Rural,Kavali,Overturning, Auto Overturned,Auto,Grievious injury,Vehicle out of control,Four lanes or more with central divider,Straight road,,Heavy rain,AP26Y 5775,A.M.B,Minor,1
01.10.2015,11:45 AM,1324.8,LHS,Rural,Kavali,Overturning, Auto Overturned,Auto,Grievious injury,Vehicle out of control,Four lanes or more with central divider,Straight road,,Heavy rain,AP26Y 5775,A.M.B,Non injured ,0
01.10.2015,11:45 AM,1324.8,LHS,Rural,Kavali,Overturning, Auto Overturned,Auto,Grievious injury,Vehicle out of control,Four lanes or more with central divider,Straight road,,Heavy rain,AP26Y 5775,A.M.B,Animals affected,0
01.10.2015,5:50 PM,1282.5,LHS,Rural,Singarayakonda,Rear End Collision, Lorry hit Unknown vehicle,Lorry,Non injury,Over speed,Four lanes or more with central divider,Straight road,,Fine,AP26TT 2529,P.V,Fatal,0
01.10.2015,5:50 PM,1282.5,LHS,Rural,Singarayakonda,Rear End Collision, Lorry hit Unknown vehicle,Lorry,Non injury,Over speed,Four lanes or more with central divider,Straight road,,Fine,AP26TT 2529,P.V,Grevious,0
01.10.2015,5:50 PM,1282.5,LHS,Rural,Singarayakonda,Rear End Collision, Lorry hit Unknown vehicle,Lorry,Non injury,Over speed,Four lanes or more with central divider,Straight road,,Fine,AP26TT 2529,P.V,Minor,0
01.10.2015,5:50 PM,1282.5,LHS,Rural,Singarayakonda,Rear End Collision, Lorry hit Unknown vehicle,Lorry,Non injury,Over speed,Four lanes or more with central divider,Straight road,,Fine,AP26TT 2529,P.V,Non injured ,1
01.10.2015,5:50 PM,1282.5,LHS,Rural,Singarayakonda,Rear End Collision, Lorry hit Unknown vehicle,Lorry,Non injury,Over speed,Four lanes or more with central divider,Straight road,,Fine,AP26TT 2529,P.V,Animals affected,0
01.10.2015,11:25 PM,1277.1,LHS,Rural,Singarayakonda,Collision Brush/Side Wipe, Trailer vehicle hit Median,Trailler,Non injury,Over speed,Four lanes or more with central divider,Straight road,,Fine,AP16TU 9727,P.V,Fatal,0
01.10.2015,11:25 PM,1277.1,LHS,Rural,Singarayakonda,Collision Brush/Side Wipe, Trailer vehicle hit Median,Trailler,Non injury,Over speed,Four lanes or more with central divider,Straight road,,Fine,AP16TU 9727,P.V,Grevious,0
01.10.2015,11:25 PM,1277.1,LHS,Rural,Singarayakonda,Collision Brush/Side Wipe, Trailer vehicle hit Median,Trailler,Non injury,Over speed,Four lanes or more with central divider,Straight road,,Fine,AP16TU 9727,P.V,Minor,0
01.10.2015,11:25 PM,1277.1,LHS,Rural,Singarayakonda,Collision Brush/Side Wipe, Trailer vehicle hit Median,Trailler,Non injury,Over speed,Four lanes or more with central divider,Straight road,,Fine,AP16TU 9727,P.V,Non injured ,2
01.10.2015,11:25 PM,1277.1,LHS,Rural,Singarayakonda,Collision Brush/Side Wipe, Trailer vehicle hit Median,Trailler,Non injury,Over speed,Four lanes or more with central divider,Straight road,,Fine,AP16TU 9727,P.V,Animals affected,0
04.10.2015,2:50 AM,1302.2,RHS,Rural,Gudluru,Rear End Collision, Oil Tanker hit Tractor,Tanker,Non injury,Fault of driver of motor vehicle/driver of other vehicle/cyclist/pedestrian/passenger,Four lanes or more with central divider,Straight road,,Fine,AP26TE    1445,P.V,Fatal,0
04.10.2015,2:50 AM,1302.2,RHS,Rural,Gudluru,Rear End Collision, Oil Tanker hit Tractor,Tanker,Non injury,Fault of driver of motor vehicle/driver of other vehicle/cyclist/pedestrian/passenger,Four lanes or more with central divider,Straight road,,Fine,AP26TE    1445,P.V,Grevious,0
04.10.2015,2:50 AM,1302.2,RHS,Rural,Gudluru,Rear End Collision, Oil Tanker hit Tractor,Tanker,Non injury,Fault of driver of motor vehicle/driver of other vehicle/cyclist/pedestrian/passenger,Four lanes or more with central divider,Straight road,,Fine,AP26TE    1445,P.V,Minor,0
04.10.2015,2:50 AM,1302.2,RHS,Rural,Gudluru,Rear End Collision, Oil Tanker hit Tractor,Tanker,Non injury,Fault of driver of motor vehicle/driver of other vehicle/cyclist/pedestrian/passenger,Four lanes or more with central divider,Straight road,,Fine,AP26TE    1445,P.V,Non injured ,2
04.10.2015,2:50 AM,1302.2,RHS,Rural,Gudluru,Rear End Collision, Oil Tanker hit Tractor,Tanker,Non injury,Fault of driver of motor vehicle/driver of other vehicle/cyclist/pedestrian/passenger,Four lanes or more with central divider,Straight road,,Fine,AP26TE    1445,P.V,Animals affected,0
05.10.2015,1:07 AM,1326,LHS,Rural,Kavali,Collision Brush/Side Wipe,  Unknown vehicle hit Buffalo,Unknown,Non injury,Over speed,Four lanes or more with central divider,Straight road,,Fine,Unknown vehicle,P.V,Fatal,0
05.10.2015,1:07 AM,1326,LHS,Rural,Kavali,Collision Brush/Side Wipe,  Unknown vehicle hit Buffalo,Unknown,Non injury,Over speed,Four lanes or more with central divider,Straight road,,Fine,Unknown vehicle,P.V,Grevious,0
05.10.2015,1:07 AM,1326,LHS,Rural,Kavali,Collision Brush/Side Wipe,  Unknown vehicle hit Buffalo,Unknown,Non injury,Over speed,Four lanes or more with central divider,Straight road,,Fine,Unknown vehicle,P.V,Minor,0
05.10.2015,1:07 AM,1326,LHS,Rural,Kavali,Collision Brush/Side Wipe,  Unknown vehicle hit Buffalo,Unknown,Non injury,Over speed,Four lanes or more with central divider,Straight road,,Fine,Unknown vehicle,P.V,Non injured ,0
05.10.2015,1:07 AM,1326,LHS,Rural,Kavali,Collision Brush/Side Wipe,  Unknown vehicle hit Buffalo,Unknown,Non injury,Over speed,Four lanes or more with central divider,Straight road,,Fine,Unknown vehicle,P.V,Animals affected,3
05.10.2015,11:25 PM,1190.6,RHS,Rural,Martur,Collision Brush/Side Wipe, Car hit Pedestrian,Car,Fatal,Over speed,Four lanes or more with central divider,Straight road,,Fine,AP16Z    0263,P.V,Fatal,1
05.10.2015,11:25 PM,1190.6,RHS,Rural,Martur,Collision Brush/Side Wipe, Car hit Pedestrian,Car,Fatal,Over speed,Four lanes or more with central divider,Straight road,,Fine,AP16Z    0263,P.V,Grevious,0
05.10.2015,11:25 PM,1190.6,RHS,Rural,Martur,Collision Brush/Side Wipe, Car hit Pedestrian,Car,Fatal,Over speed,Four lanes or more with central divider,Straight road,,Fine,AP16Z    0263,P.V,Minor,0
05.10.2015,11:25 PM,1190.6,RHS,Rural,Martur,Collision Brush/Side Wipe, Car hit Pedestrian,Car,Fatal,Over speed,Four lanes or more with central divider,Straight road,,Fine,AP16Z    0263,P.V,Non injured ,3
05.10.2015,11:25 PM,1190.6,RHS,Rural,Martur,Collision Brush/Side Wipe, Car hit Pedestrian,Car,Fatal,Over speed,Four lanes or more with central divider,Straight road,,Fine,AP16Z    0263,P.V,Animals affected,0
06.10.2015,6:45 AM,1321.5,RHS,Rural,Kavali,Rear End Collision,  Container vehicle hit Lorry,Container,Grievious injury,Druken,Four lanes or more with central divider,Straight road,,Fine,AP27 X  6570,P.V,Fatal,0
06.10.2015,6:45 AM,1321.5,RHS,Rural,Kavali,Rear End Collision,  Container vehicle hit Lorry,Container,Grievious injury,Druken,Four lanes or more with central divider,Straight road,,Fine,AP27 X  6570,P.V,Grevious,1
06.10.2015,6:45 AM,1321.5,RHS,Rural,Kavali,Rear End Collision,  Container vehicle hit Lorry,Container,Grievious injury,Druken,Four lanes or more with central divider,Straight road,,Fine,AP27 X  6570,P.V,Minor,0
06.10.2015,6:45 AM,1321.5,RHS,Rural,Kavali,Rear End Collision,  Container vehicle hit Lorry,Container,Grievious injury,Druken,Four lanes or more with central divider,Straight road,,Fine,AP27 X  6570,P.V,Non injured ,2
06.10.2015,6:45 AM,1321.5,RHS,Rural,Kavali,Rear End Collision,  Container vehicle hit Lorry,Container,Grievious injury,Druken,Four lanes or more with central divider,Straight road,,Fine,AP27 X  6570,P.V,Animals affected,0
07.10.2015,11:50 AM,1191.5,RHS,Rural,Martur,Collision Brush/Side Wipe, Tipper hit Car,Lorry,Non injury,Fault of driver of motor vehicle/driver of other vehicle/cyclist/pedestrian/passenger,Four lanes or more with central divider,Straight road,,Fine,AP07T 8088,P.V,Fatal,0
07.10.2015,11:50 AM,1191.5,RHS,Rural,Martur,Collision Brush/Side Wipe, Tipper hit Car,Lorry,Non injury,Fault of driver of motor vehicle/driver of other vehicle/cyclist/pedestrian/passenger,Four lanes or more with central divider,Straight road,,Fine,AP07T 8088,P.V,Grevious,0
07.10.2015,11:50 AM,1191.5,RHS,Rural,Martur,Collision Brush/Side Wipe, Tipper hit Car,Lorry,Non injury,Fault of driver of motor vehicle/driver of other vehicle/cyclist/pedestrian/passenger,Four lanes or more with central divider,Straight road,,Fine,AP07T 8088,P.V,Minor,0
07.10.2015,11:50 AM,1191.5,RHS,Rural,Martur,Collision Brush/Side Wipe, Tipper hit Car,Lorry,Non injury,Fault of driver of motor vehicle/driver of other vehicle/cyclist/pedestrian/passenger,Four lanes or more with central divider,Straight road,,Fine,AP07T 8088,P.V,Non injured ,4
07.10.2015,11:50 AM,1191.5,RHS,Rural,Martur,Collision Brush/Side Wipe, Tipper hit Car,Lorry,Non injury,Fault of driver of motor vehicle/driver of other vehicle/cyclist/pedestrian/passenger,Four lanes or more with central divider,Straight road,,Fine,AP07T 8088,P.V,Animals affected,0
07.10.2015,10:50 PM,1232.6,RHS,Rural,Maddipadu,Collision Brush/Side Wipe, Tipper hit Unknown vehicle,Lorry,Non injury,Over speed,Four lanes or more with central divider,Straight road,,Fine,AP27TX 0235,P.V,Fatal,0
07.10.2015,10:50 PM,1232.6,RHS,Rural,Maddipadu,Collision Brush/Side Wipe, Tipper hit Unknown vehicle,Lorry,Non injury,Over speed,Four lanes or more with central divider,Straight road,,Fine,AP27TX 0235,P.V,Grevious,0
07.10.2015,10:50 PM,1232.6,RHS,Rural,Maddipadu,Collision Brush/Side Wipe, Tipper hit Unknown vehicle,Lorry,Non injury,Over speed,Four lanes or more with central divider,Straight road,,Fine,AP27TX 0235,P.V,Minor,0
07.10.2015,10:50 PM,1232.6,RHS,Rural,Maddipadu,Collision Brush/Side Wipe, Tipper hit Unknown vehicle,Lorry,Non injury,Over speed,Four lanes or more with central divider,Straight road,,Fine,AP27TX 0235,P.V,Non injured ,1
07.10.2015,10:50 PM,1232.6,RHS,Rural,Maddipadu,Collision Brush/Side Wipe, Tipper hit Unknown vehicle,Lorry,Non injury,Over speed,Four lanes or more with central divider,Straight road,,Fine,AP27TX 0235,P.V,Animals affected,0
09.10.2015,5:15 AM,1344.6,LHS,Rural,Dagadarthi,Rear End Collision, Car hit Unknown vehicle,Car,Grievious injury,Fault of driver of motor vehicle/driver of other vehicle/cyclist/pedestrian/passenger,Four lanes or more with central divider,Straight road,,Fine,KA51N 0909,P.V,Fatal,0
09.10.2015,5:15 AM,1344.6,LHS,Rural,Dagadarthi,Rear End Collision, Car hit Unknown vehicle,Car,Grievious injury,Fault of driver of motor vehicle/driver of other vehicle/cyclist/pedestrian/passenger,Four lanes or more with central divider,Straight road,,Fine,KA51N 0909,P.V,Grevious,1
09.10.2015,5:15 AM,1344.6,LHS,Rural,Dagadarthi,Rear End Collision, Car hit Unknown vehicle,Car,Grievious injury,Fault of driver of motor vehicle/driver of other vehicle/cyclist/pedestrian/passenger,Four lanes or more with central divider,Straight road,,Fine,KA51N 0909,P.V,Minor,0
09.10.2015,5:15 AM,1344.6,LHS,Rural,Dagadarthi,Rear End Collision, Car hit Unknown vehicle,Car,Grievious injury,Fault of driver of motor vehicle/driver of other vehicle/cyclist/pedestrian/passenger,Four lanes or more with central divider,Straight road,,Fine,KA51N 0909,P.V,Non injured ,7
09.10.2015,5:15 AM,1344.6,LHS,Rural,Dagadarthi,Rear End Collision, Car hit Unknown vehicle,Car,Grievious injury,Fault of driver of motor vehicle/driver of other vehicle/cyclist/pedestrian/passenger,Four lanes or more with central divider,Straight road,,Fine,KA51N 0909,P.V,Animals affected,0
09.10.2015,9:20 PM,1249.8,RHS,Urban,Ongole,Rear End Collision, Container vehicle hit Lorry,Container,Non injury,Fault of driver of motor vehicle/driver of other vehicle/cyclist/pedestrian/passenger,Four lanes or more with central divider,Straight road,T-Junction,Fine,AP16TC 6147,P.V,Fatal,0
09.10.2015,9:20 PM,1249.8,RHS,Urban,Ongole,Rear End Collision, Container vehicle hit Lorry,Container,Non injury,Fault of driver of motor vehicle/driver of other vehicle/cyclist/pedestrian/passenger,Four lanes or more with central divider,Straight road,T-Junction,Fine,AP16TC 6147,P.V,Grevious,0
09.10.2015,9:20 PM,1249.8,RHS,Urban,Ongole,Rear End Collision, Container vehicle hit Lorry,Container,Non injury,Fault of driver of motor vehicle/driver of other vehicle/cyclist/pedestrian/passenger,Four lanes or more with central divider,Straight road,T-Junction,Fine,AP16TC 6147,P.V,Minor,0
09.10.2015,9:20 PM,1249.8,RHS,Urban,Ongole,Rear End Collision, Container vehicle hit Lorry,Container,Non injury,Fault of driver of motor vehicle/driver of other vehicle/cyclist/pedestrian/passenger,Four lanes or more with central divider,Straight road,T-Junction,Fine,AP16TC 6147,P.V,Non injured ,3