Operational date,Time of Accident,KM && M,Position,Rural/Urban,Location,Nature of Accident Position,Nature of Accident,Vehicle Involved,Type of Accident,Causes,Road Feature,Road condition,Intersection Type And Control,Weather Condition,Vehicle Responsible,Help Provided by Ambulance/Patroling Vehicle,Classification of Accident,No of Affected Persons
09.10.2015,9:20 PM,1249.8,RHS,Urban,Ongole,Rear End Collision, Container vehicle hit Lorry,Container,Non injury,Fault of driver of motor vehicle/driver of other vehicle/cyclist/pedestrian/passenger,Four lanes or more with central divider,Straight road,T-Junction,Fine,AP16TC 6147,P.V,Animals affected,0
11.10.2015,8:36 AM,1201.4,LHS,Rural,Reningavaram,Skidding, Bike skidding,Bike,Grievious injury,Druken,Four lanes or more with central divider,Straight road,,Fine,AP27AJ  3930,A.M.B,Fatal,0
11.10.2015,8:36 AM,1201.4,LHS,Rural,Reningavaram,Skidding, Bike skidding,Bike,Grievious injury,Druken,Four lanes or more with central divider,Straight road,,Fine,AP27AJ  3930,A.M.B,Grevious,1
11.10.2015,8:36 AM,1201.4,LHS,Rural,Reningavaram,Skidding, Bike skidding,Bike,Grievious injury,Druken,Four lanes or more with central divider,Straight road,,Fine,AP27AJ  3930,A.M.B,Minor,0
11.10.2015,8:36 AM,1201.4,LHS,Rural,Reningavaram,Skidding, Bike skidding,Bike,Grievious injury,Druken,Four lanes or more with central divider,Straight road,,Fine,AP27AJ  3930,A.M.B,Non injured ,0
11.10.2015,8:36 AM,1201.4,LHS,Rural,Reningavaram,Skidding, Bike skidding,Bike,Grievious injury,Druken,Four lanes or more with central divider,Straight road,,Fine,AP27AJ  3930,A.M.B,Animals affected,0
11.10.2015,2:52 PM,1344.5,RHS,Rural,Dagadarthi,Collision Brush/Side Wipe, RTC Bus hit Bike,Bus,Grievious injury,Over speed,Four lanes or more with central divider,Straight road,,Fine,AP26Y   2969,P.V,Fatal,0
11.10.2015,2:52 PM,1344.5,RHS,Rural,Dagadarthi,Collision Brush/Side Wipe, RTC Bus hit Bike,Bus,Grievious injury,Over speed,Four lanes or more with central divider,Straight road,,Fine,AP26Y   2969,P.V,Grevious,1
11.10.2015,2:52 PM,1344.5,RHS,Rural,Dagadarthi,Collision Brush/Side Wipe, RTC Bus hit Bike,Bus,Grievious injury,Over speed,Four lanes or more with central divider,Straight road,,Fine,AP26Y   2969,P.V,Minor,0
11.10.2015,2:52 PM,1344.5,RHS,Rural,Dagadarthi,Collision Brush/Side Wipe, RTC Bus hit Bike,Bus,Grievious injury,Over speed,Four lanes or more with central divider,Straight road,,Fine,AP26Y   2969,P.V,Non injured ,30
11.10.2015,2:52 PM,1344.5,RHS,Rural,Dagadarthi,Collision Brush/Side Wipe, RTC Bus hit Bike,Bus,Grievious injury,Over speed,Four lanes or more with central divider,Straight road,,Fine,AP26Y   2969,P.V,Animals affected,0
12.10.2015,1:15 AM,1214.2,RHS,Rural,Reningavaram,Rear End Collision, Lorry hit Lorry,Lorry,Non injury,Fault of driver of motor vehicle/driver of other vehicle/cyclist/pedestrian/passenger,Four lanes or more with central divider,Straight road,,Fine,AP07TU   1479,P.V,Fatal,0
12.10.2015,1:15 AM,1214.2,RHS,Rural,Reningavaram,Rear End Collision, Lorry hit Lorry,Lorry,Non injury,Fault of driver of motor vehicle/driver of other vehicle/cyclist/pedestrian/passenger,Four lanes or more with central divider,Straight road,,Fine,AP07TU   1479,P.V,Grevious,0
12.10.2015,1:15 AM,1214.2,RHS,Rural,Reningavaram,Rear End Collision, Lorry hit Lorry,Lorry,Non injury,Fault of driver of motor vehicle/driver of other vehicle/cyclist/pedestrian/passenger,Four lanes or more with central divider,Straight road,,Fine,AP07TU   1479,P.V,Minor,0
12.10.2015,1:15 AM,1214.2,RHS,Rural,Reningavaram,Rear End Collision, Lorry hit Lorry,Lorry,Non injury,Fault of driver of motor vehicle/driver of other vehicle/cyclist/pedestrian/passenger,Four lanes or more with central divider,Straight road,,Fine,AP07TU   1479,P.V,Non injured ,3
12.10.2015,1:15 AM,1214.2,RHS,Rural,Reningavaram,Rear End Collision, Lorry hit Lorry,Lorry,Non injury,Fault of driver of motor vehicle/driver of other vehicle/cyclist/pedestrian/passenger,Four lanes or more with central divider,Straight road,,Fine,AP07TU   1479,P.V,Animals affected,0
12.10.2015,5:05 AM,1284.4,LHS,Rural,Ulavapadu,Rear End Collision, Lorry hit Lorry,Lorry,Minor injury,Defect in mechanical condition of motor vehicle/road condition,Four lanes or more with central divider,Straight road,,Fine,WB41C     2416,P.V,Fatal,0
12.10.2015,5:05 AM,1284.4,LHS,Rural,Ulavapadu,Rear End Collision, Lorry hit Lorry,Lorry,Minor injury,Defect in mechanical condition of motor vehicle/road condition,Four lanes or more with central divider,Straight road,,Fine,WB41C     2416,P.V,Grevious,0
12.10.2015,5:05 AM,1284.4,LHS,Rural,Ulavapadu,Rear End Collision, Lorry hit Lorry,Lorry,Minor injury,Defect in mechanical condition of motor vehicle/road condition,Four lanes or more with central divider,Straight road,,Fine,WB41C     2416,P.V,Minor,1
12.10.2015,5:05 AM,1284.4,LHS,Rural,Ulavapadu,Rear End Collision, Lorry hit Lorry,Lorry,Minor injury,Defect in mechanical condition of motor vehicle/road condition,Four lanes or more with central divider,Straight road,,Fine,WB41C     2416,P.V,Non injured ,1
12.10.2015,5:05 AM,1284.4,LHS,Rural,Ulavapadu,Rear End Collision, Lorry hit Lorry,Lorry,Minor injury,Defect in mechanical condition of motor vehicle/road condition,Four lanes or more with central divider,Straight road,,Fine,WB41C     2416,P.V,Animals affected,0
13.10.2015,5:33 PM,1198.4,RHS,Rural,Martur,Head on collision, Bike hit Bike,Bike,Grievious injury,Over speed,Four lanes or more with central divider,Straight road,,Fine,AP27 T/R 18,A.M.B,Fatal,0
13.10.2015,5:33 PM,1198.4,RHS,Rural,Martur,Head on collision, Bike hit Bike,Bike,Grievious injury,Over speed,Four lanes or more with central divider,Straight road,,Fine,AP27 T/R 18,A.M.B,Grevious,5
13.10.2015,5:33 PM,1198.4,RHS,Rural,Martur,Head on collision, Bike hit Bike,Bike,Grievious injury,Over speed,Four lanes or more with central divider,Straight road,,Fine,AP27 T/R 18,A.M.B,Minor,0
13.10.2015,5:33 PM,1198.4,RHS,Rural,Martur,Head on collision, Bike hit Bike,Bike,Grievious injury,Over speed,Four lanes or more with central divider,Straight road,,Fine,AP27 T/R 18,A.M.B,Non injured ,0
13.10.2015,5:33 PM,1198.4,RHS,Rural,Martur,Head on collision, Bike hit Bike,Bike,Grievious injury,Over speed,Four lanes or more with central divider,Straight road,,Fine,AP27 T/R 18,A.M.B,Animals affected,0
13.10.2015,11:15 PM,1199.1,LHS,Rural,Martur,Overturning, Lorry went out of road towards ROW,Lorry,Non injury,Over speed,Four lanes or more with central divider,Straight road,,Fine,AP16TV 5497,P.V,Fatal,0
13.10.2015,11:15 PM,1199.1,LHS,Rural,Martur,Overturning, Lorry went out of road towards ROW,Lorry,Non injury,Over speed,Four lanes or more with central divider,Straight road,,Fine,AP16TV 5497,P.V,Grevious,0
13.10.2015,11:15 PM,1199.1,LHS,Rural,Martur,Overturning, Lorry went out of road towards ROW,Lorry,Non injury,Over speed,Four lanes or more with central divider,Straight road,,Fine,AP16TV 5497,P.V,Minor,0
13.10.2015,11:15 PM,1199.1,LHS,Rural,Martur,Overturning, Lorry went out of road towards ROW,Lorry,Non injury,Over speed,Four lanes or more with central divider,Straight road,,Fine,AP16TV 5497,P.V,Non injured ,2
13.10.2015,11:15 PM,1199.1,LHS,Rural,Martur,Overturning, Lorry went out of road towards ROW,Lorry,Non injury,Over speed,Four lanes or more with central divider,Straight road,,Fine,AP16TV 5497,P.V,Animals affected,0
15.10.2015,1:00 AM,1278.9,RHS,Rural,Singarayakonda,Collision Brush/Side Wipe, Lorry hit Tractor,Lorry,Non injury,Over speed,Four lanes or more with central divider,Straight road,,Fine,AP16TE 2898,P.V,Fatal,0
15.10.2015,1:00 AM,1278.9,RHS,Rural,Singarayakonda,Collision Brush/Side Wipe, Lorry hit Tractor,Lorry,Non injury,Over speed,Four lanes or more with central divider,Straight road,,Fine,AP16TE 2898,P.V,Grevious,0
15.10.2015,1:00 AM,1278.9,RHS,Rural,Singarayakonda,Collision Brush/Side Wipe, Lorry hit Tractor,Lorry,Non injury,Over speed,Four lanes or more with central divider,Straight road,,Fine,AP16TE 2898,P.V,Minor,0
15.10.2015,1:00 AM,1278.9,RHS,Rural,Singarayakonda,Collision Brush/Side Wipe, Lorry hit Tractor,Lorry,Non injury,Over speed,Four lanes or more with central divider,Straight road,,Fine,AP16TE 2898,P.V,Non injured ,6
15.10.2015,1:00 AM,1278.9,RHS,Rural,Singarayakonda,Collision Brush/Side Wipe, Lorry hit Tractor,Lorry,Non injury,Over speed,Four lanes or more with central divider,Straight road,,Fine,AP16TE 2898,P.V,Animals affected,0
15.10.2015,7:00 AM,1251.5,LHS,Rural,Ongole,Collision Brush/Side Wipe, Unknown vehicle hit Pedestrian,Unknown,Fatal,Over speed,Four lanes or more with central divider,Straight road,,Fine,Unknown vehicle,P.V,Fatal,1
15.10.2015,7:00 AM,1251.5,LHS,Rural,Ongole,Collision Brush/Side Wipe, Unknown vehicle hit Pedestrian,Unknown,Fatal,Over speed,Four lanes or more with central divider,Straight road,,Fine,Unknown vehicle,P.V,Grevious,0
15.10.2015,7:00 AM,1251.5,LHS,Rural,Ongole,Collision Brush/Side Wipe, Unknown vehicle hit Pedestrian,Unknown,Fatal,Over speed,Four lanes or more with central divider,Straight road,,Fine,Unknown vehicle,P.V,Minor,0
15.10.2015,7:00 AM,1251.5,LHS,Rural,Ongole,Collision Brush/Side Wipe, Unknown vehicle hit Pedestrian,Unknown,Fatal,Over speed,Four lanes or more with central divider,Straight road,,Fine,Unknown vehicle,P.V,Non injured ,0
15.10.2015,7:00 AM,1251.5,LHS,Rural,Ongole,Collision Brush/Side Wipe, Unknown vehicle hit Pedestrian,Unknown,Fatal,Over speed,Four lanes or more with central divider,Straight road,,Fine,Unknown vehicle,P.V,Animals affected,0
15.10.2015,4:30 PM,1256.6,RHS,Rural,Tangutur,Rear End Collision, Ashok leyland  Mini truck hit Mini lorr,Lorry,Grievious injury,Over speed,Four lanes or more with central divider,Straight road,,Fine,AP26TB 7132,P.V&A.M.B,Fatal,0
15.10.2015,4:30 PM,1256.6,RHS,Rural,Tangutur,Rear End Collision, Ashok leyland  Mini truck hit Mini lorr,Lorry,Grievious injury,Over speed,Four lanes or more with central divider,Straight road,,Fine,AP26TB 7132,P.V&A.M.B,Grevious,1
15.10.2015,4:30 PM,1256.6,RHS,Rural,Tangutur,Rear End Collision, Ashok leyland  Mini truck hit Mini lorr,Lorry,Grievious injury,Over speed,Four lanes or more with central divider,Straight road,,Fine,AP26TB 7132,P.V&A.M.B,Minor,0
15.10.2015,4:30 PM,1256.6,RHS,Rural,Tangutur,Rear End Collision, Ashok leyland  Mini truck hit Mini lorr,Lorry,Grievious injury,Over speed,Four lanes or more with central divider,Straight road,,Fine,AP26TB 7132,P.V&A.M.B,Non injured ,1
15.10.2015,4:30 PM,1256.6,RHS,Rural,Tangutur,Rear End Collision, Ashok leyland  Mini truck hit Mini lorr,Lorry,Grievious injury,Over speed,Four lanes or more with central divider,Straight road,,Fine,AP26TB 7132,P.V&A.M.B,Animals affected,0
15.10.2015,7:30 PM,1228,LHS,Rural,Maddipadu,Collision Brush/Side Wipe, Car hit Bike,Car,Grievious injury,Over speed,Four lanes or more with central divider,Straight road,T-Junction,Fine,AP16BB 3435,P.V,Fatal,0
15.10.2015,7:30 PM,1228,LHS,Rural,Maddipadu,Collision Brush/Side Wipe, Car hit Bike,Car,Grievious injury,Over speed,Four lanes or more with central divider,Straight road,T-Junction,Fine,AP16BB 3435,P.V,Grevious,2
15.10.2015,7:30 PM,1228,LHS,Rural,Maddipadu,Collision Brush/Side Wipe, Car hit Bike,Car,Grievious injury,Over speed,Four lanes or more with central divider,Straight road,T-Junction,Fine,AP16BB 3435,P.V,Minor,0
15.10.2015,7:30 PM,1228,LHS,Rural,Maddipadu,Collision Brush/Side Wipe, Car hit Bike,Car,Grievious injury,Over speed,Four lanes or more with central divider,Straight road,T-Junction,Fine,AP16BB 3435,P.V,Non injured ,7
15.10.2015,7:30 PM,1228,LHS,Rural,Maddipadu,Collision Brush/Side Wipe, Car hit Bike,Car,Grievious injury,Over speed,Four lanes or more with central divider,Straight road,T-Junction,Fine,AP16BB 3435,P.V,Animals affected,0
16.10.2015,11:55 AM,1297.5,RHS,Rural,Ulavapadu,Rear End Collision, Container vehicle hit Lorry,Container,Minor injury,Over speed,Four lanes or more with central divider,Straight road,,Fine,AP27TT  5355,P.V&A.M.B,Fatal,0
16.10.2015,11:55 AM,1297.5,RHS,Rural,Ulavapadu,Rear End Collision, Container vehicle hit Lorry,Container,Minor injury,Over speed,Four lanes or more with central divider,Straight road,,Fine,AP27TT  5355,P.V&A.M.B,Grevious,0
16.10.2015,11:55 AM,1297.5,RHS,Rural,Ulavapadu,Rear End Collision, Container vehicle hit Lorry,Container,Minor injury,Over speed,Four lanes or more with central divider,Straight road,,Fine,AP27TT  5355,P.V&A.M.B,Minor,1
16.10.2015,11:55 AM,1297.5,RHS,Rural,Ulavapadu,Rear End Collision, Container vehicle hit Lorry,Container,Minor injury,Over speed,Four lanes or more with central divider,Straight road,,Fine,AP27TT  5355,P.V&A.M.B,Non injured ,0
16.10.2015,11:55 AM,1297.5,RHS,Rural,Ulavapadu,Rear End Collision, Container vehicle hit Lorry,Container,Minor injury,Over speed,Four lanes or more with central divider,Straight road,,Fine,AP27TT  5355,P.V&A.M.B,Animals affected,0
17.10.2015,6:46 AM,1204.5,RHS,Rural,Reningavaram,Collision Brush/Side Wipe, Bike hit Lorry,Bike,Grievious injury,Vehicle out of control,Four lanes or more with central divider,Straight road,,Fine,AP07AL 1928,P.V&A.M.B,Fatal,0
17.10.2015,6:46 AM,1204.5,RHS,Rural,Reningavaram,Collision Brush/Side Wipe, Bike hit Lorry,Bike,Grievious injury,Vehicle out of control,Four lanes or more with central divider,Straight road,,Fine,AP07AL 1928,P.V&A.M.B,Grevious,1
17.10.2015,6:46 AM,1204.5,RHS,Rural,Reningavaram,Collision Brush/Side Wipe, Bike hit Lorry,Bike,Grievious injury,Vehicle out of control,Four lanes or more with central divider,Straight road,,Fine,AP07AL 1928,P.V&A.M.B,Minor,1
17.10.2015,6:46 AM,1204.5,RHS,Rural,Reningavaram,Collision Brush/Side Wipe, Bike hit Lorry,Bike,Grievious injury,Vehicle out of control,Four lanes or more with central divider,Straight road,,Fine,AP07AL 1928,P.V&A.M.B,Non injured ,0
17.10.2015,6:46 AM,1204.5,RHS,Rural,Reningavaram,Collision Brush/Side Wipe, Bike hit Lorry,Bike,Grievious injury,Vehicle out of control,Four lanes or more with central divider,Straight road,,Fine,AP07AL 1928,P.V&A.M.B,Animals affected,0
17.10.2015,11:05 AM,1231.6,RHS,Rural,Maddipadu,Rear End Collision, Container vehicle hit Unknown vehicle,Container,Minor injury,Over speed,Four lanes or more with central divider,Straight road,,Fine,TN05AL 6878,P.V,Fatal,0
17.10.2015,11:05 AM,1231.6,RHS,Rural,Maddipadu,Rear End Collision, Container vehicle hit Unknown vehicle,Container,Minor injury,Over speed,Four lanes or more with central divider,Straight road,,Fine,TN05AL 6878,P.V,Grevious,0
17.10.2015,11:05 AM,1231.6,RHS,Rural,Maddipadu,Rear End Collision, Container vehicle hit Unknown vehicle,Container,Minor injury,Over speed,Four lanes or more with central divider,Straight road,,Fine,TN05AL 6878,P.V,Minor,1
17.10.2015,11:05 AM,1231.6,RHS,Rural,Maddipadu,Rear End Collision, Container vehicle hit Unknown vehicle,Container,Minor injury,Over speed,Four lanes or more with central divider,Straight road,,Fine,TN05AL 6878,P.V,Non injured ,0
17.10.2015,11:05 AM,1231.6,RHS,Rural,Maddipadu,Rear End Collision, Container vehicle hit Unknown vehicle,Container,Minor injury,Over speed,Four lanes or more with central divider,Straight road,,Fine,TN05AL 6878,P.V,Animals affected,0
17.10.2015,11:10 AM,1254,LHS,Rural,Ongole,Overturning, Ape auto Overturned,Auto,Grievious injury,Vehicle out of control,Four lanes or more with central divider,Straight road,,Fine,AP27TX 2480,P.V&A.M.B,Fatal,0
17.10.2015,11:10 AM,1254,LHS,Rural,Ongole,Overturning, Ape auto Overturned,Auto,Grievious injury,Vehicle out of control,Four lanes or more with central divider,Straight road,,Fine,AP27TX 2480,P.V&A.M.B,Grevious,1
17.10.2015,11:10 AM,1254,LHS,Rural,Ongole,Overturning, Ape auto Overturned,Auto,Grievious injury,Vehicle out of control,Four lanes or more with central divider,Straight road,,Fine,AP27TX 2480,P.V&A.M.B,Minor,2
17.10.2015,11:10 AM,1254,LHS,Rural,Ongole,Overturning, Ape auto Overturned,Auto,Grievious injury,Vehicle out of control,Four lanes or more with central divider,Straight road,,Fine,AP27TX 2480,P.V&A.M.B,Non injured ,4
17.10.2015,11:10 AM,1254,LHS,Rural,Ongole,Overturning, Ape auto Overturned,Auto,Grievious injury,Vehicle out of control,Four lanes or more with central divider,Straight road,,Fine,AP27TX 2480,P.V&A.M.B,Animals affected,0
18.10.2015,2:00 PM,1263.7,RHS,Rural,Tangutur,Others(p1.Specific),Car Burnt,Car,Non injury,Defect in mechanical condition of motor vehicle/road condition,Four lanes or more with central divider,Straight road,,Fine,AP26N   2259,P.V,Fatal,0
18.10.2015,2:00 PM,1263.7,RHS,Rural,Tangutur,Others(p1.Specific),Car Burnt,Car,Non injury,Defect in mechanical condition of motor vehicle/road condition,Four lanes or more with central divider,Straight road,,Fine,AP26N   2259,P.V,Grevious,0
18.10.2015,2:00 PM,1263.7,RHS,Rural,Tangutur,Others(p1.Specific),Car Burnt,Car,Non injury,Defect in mechanical condition of motor vehicle/road condition,Four lanes or more with central divider,Straight road,,Fine,AP26N   2259,P.V,Minor,0
18.10.2015,2:00 PM,1263.7,RHS,Rural,Tangutur,Others(p1.Specific),Car Burnt,Car,Non injury,Defect in mechanical condition of motor vehicle/road condition,Four lanes or more with central divider,Straight road,,Fine,AP26N   2259,P.V,Non injured ,3
18.10.2015,2:00 PM,1263.7,RHS,Rural,Tangutur,Others(p1.Specific),Car Burnt,Car,Non injury,Defect in mechanical condition of motor vehicle/road condition,Four lanes or more with central divider,Straight road,,Fine,AP26N   2259,P.V,Animals affected,0
19.10.2015,6:54 AM,1330.3,RHS,Rural,Kavali,Collision Brush/Side Wipe, Tvs xl Moped hit Lorry,Bike,Fatal,Vehicle out of control,Four lanes or more with central divider,Straight road,,Fine,AP26AH   7015,P.V,Fatal,2
19.10.2015,6:54 AM,1330.3,RHS,Rural,Kavali,Collision Brush/Side Wipe, Tvs xl Moped hit Lorry,Bike,Fatal,Vehicle out of control,Four lanes or more with central divider,Straight road,,Fine,AP26AH   7015,P.V,Grevious,0
19.10.2015,6:54 AM,1330.3,RHS,Rural,Kavali,Collision Brush/Side Wipe, Tvs xl Moped hit Lorry,Bike,Fatal,Vehicle out of control,Four lanes or more with central divider,Straight road,,Fine,AP26AH   7015,P.V,Minor,0
19.10.2015,6:54 AM,1330.3,RHS,Rural,Kavali,Collision Brush/Side Wipe, Tvs xl Moped hit Lorry,Bike,Fatal,Vehicle out of control,Four lanes or more with central divider,Straight road,,Fine,AP26AH   7015,P.V,Non injured ,1
19.10.2015,6:54 AM,1330.3,RHS,Rural,Kavali,Collision Brush/Side Wipe, Tvs xl Moped hit Lorry,Bike,Fatal,Vehicle out of control,Four lanes or more with central divider,Straight road,,Fine,AP26AH   7015,P.V,Animals affected,0
19.10.2015,10:40 AM,1282.4,LHS,Rural,Singarayakonda,Rear End Collision, Lorry hit Unknown Vehicle,Lorry,Non injury,Fault of driver of motor vehicle/driver of other vehicle/cyclist/pedestrian/passenger,Four lanes or more with central divider,Straight road,,Fine,AP07TU 2599,P.V,Fatal,0
19.10.2015,10:40 AM,1282.4,LHS,Rural,Singarayakonda,Rear End Collision, Lorry hit Unknown Vehicle,Lorry,Non injury,Fault of driver of motor vehicle/driver of other vehicle/cyclist/pedestrian/passenger,Four lanes or more with central divider,Straight road,,Fine,AP07TU 2599,P.V,Grevious,0
19.10.2015,10:40 AM,1282.4,LHS,Rural,Singarayakonda,Rear End Collision, Lorry hit Unknown Vehicle,Lorry,Non injury,Fault of driver of motor vehicle/driver of other vehicle/cyclist/pedestrian/passenger,Four lanes or more with central divider,Straight road,,Fine,AP07TU 2599,P.V,Minor,0
19.10.2015,10:40 AM,1282.4,LHS,Rural,Singarayakonda,Rear End Collision, Lorry hit Unknown Vehicle,Lorry,Non injury,Fault of driver of motor vehicle/driver of other vehicle/cyclist/pedestrian/passenger,Four lanes or more with central divider,Straight road,,Fine,AP07TU 2599,P.V,Non injured ,1
19.10.2015,10:40 AM,1282.4,LHS,Rural,Singarayakonda,Rear End Collision, Lorry hit Unknown Vehicle,Lorry,Non injury,Fault of driver of motor vehicle/driver of other vehicle/cyclist/pedestrian/passenger,Four lanes or more with central divider,Straight road,,Fine,AP07TU 2599,P.V,Animals affected,0
20.10.2015,4:10 AM,1335.8,LHS,Rural,K.Tippa ,Rear End Collision, Lorry hit Container vehicle,Lorry,Non injury,Fault of driver of motor vehicle/driver of other vehicle/cyclist/pedestrian/passenger,Four lanes or more with central divider,Straight road,,Fine,KA07 B  6379,P.V,Fatal,0
20.10.2015,4:10 AM,1335.8,LHS,Rural,K.Tippa ,Rear End Collision, Lorry hit Container vehicle,Lorry,Non injury,Fault of driver of motor vehicle/driver of other vehicle/cyclist/pedestrian/passenger,Four lanes or more with central divider,Straight road,,Fine,KA07 B  6379,P.V,Grevious,0
20.10.2015,4:10 AM,1335.8,LHS,Rural,K.Tippa ,Rear End Collision, Lorry hit Container vehicle,Lorry,Non injury,Fault of driver of motor vehicle/driver of other vehicle/cyclist/pedestrian/passenger,Four lanes or more with central divider,Straight road,,Fine,KA07 B  6379,P.V,Minor,0
20.10.2015,4:10 AM,1335.8,LHS,Rural,K.Tippa ,Rear End Collision, Lorry hit Container vehicle,Lorry,Non injury,Fault of driver of motor vehicle/driver of other vehicle/cyclist/pedestrian/passenger,Four lanes or more with central divider,Straight road,,Fine,KA07 B  6379,P.V,Non injured ,2
20.10.2015,4:10 AM,1335.8,LHS,Rural,K.Tippa ,Rear End Collision, Lorry hit Container vehicle,Lorry,Non injury,Fault of driver of motor vehicle/driver of other vehicle/cyclist/pedestrian/passenger,Four lanes or more with central divider,Straight road,,Fine,KA07 B  6379,P.V,Animals affected,0
20.10.2015,7:00 PM,1276.7,RHS,Rural,Singarayakonda,Collision Brush/Side Wipe, Car went out of road towards ROW,Car,Non injury,Over speed,Four lanes or more with central divider,Straight road,,Fine,TN02 AB 7033,P.V,Fatal,0
20.10.2015,7:00 PM,1276.7,RHS,Rural,Singarayakonda,Collision Brush/Side Wipe, Car went out of road towards ROW,Car,Non injury,Over speed,Four lanes or more with central divider,Straight road,,Fine,TN02 AB 7033,P.V,Grevious,0
20.10.2015,7:00 PM,1276.7,RHS,Rural,Singarayakonda,Collision Brush/Side Wipe, Car went out of road towards ROW,Car,Non injury,Over speed,Four lanes or more with central divider,Straight road,,Fine,TN02 AB 7033,P.V,Minor,0
20.10.2015,7:00 PM,1276.7,RHS,Rural,Singarayakonda,Collision Brush/Side Wipe, Car went out of road towards ROW,Car,Non injury,Over speed,Four lanes or more with central divider,Straight road,,Fine,TN02 AB 7033,P.V,Non injured ,5
20.10.2015,7:00 PM,1276.7,RHS,Rural,Singarayakonda,Collision Brush/Side Wipe, Car went out of road towards ROW,Car,Non injury,Over speed,Four lanes or more with central divider,Straight road,,Fine,TN02 AB 7033,P.V,Animals affected,0
20.10.2015,9:30 PM,1338.3,LHS,Rural,Dagadarthi,Overturning, Car Overrurned went out of road towards,Car,Non injury,Vehicle out of control,Four lanes or more with central divider,Straight road,,Fine,AP27BB 1256,P.V,Fatal,0
20.10.2015,9:30 PM,1338.3,LHS,Rural,Dagadarthi,Overturning, Car Overrurned went out of road towards,Car,Non injury,Vehicle out of control,Four lanes or more with central divider,Straight road,,Fine,AP27BB 1256,P.V,Grevious,0
20.10.2015,9:30 PM,1338.3,LHS,Rural,Dagadarthi,Overturning, Car Overrurned went out of road towards,Car,Non injury,Vehicle out of control,Four lanes or more with central divider,Straight road,,Fine,AP27BB 1256,P.V,Minor,0
20.10.2015,9:30 PM,1338.3,LHS,Rural,Dagadarthi,Overturning, Car Overrurned went out of road towards,Car,Non injury,Vehicle out of control,Four lanes or more with central divider,Straight road,,Fine,AP27BB 1256,P.V,Non injured ,1
20.10.2015,9:30 PM,1338.3,LHS,Rural,Dagadarthi,Overturning, Car Overrurned went out of road towards,Car,Non injury,Vehicle out of control,Four lanes or more with central divider,Straight road,,Fine,AP27BB 1256,P.V,Animals affected,0
21.10.2015,2:15 AM,1300.3,LHS,Rural,Gudluru,Collision Brush/Side Wipe, Private Bus hit Electrical pole,Bus,Non injury,Fault of driver of motor vehicle/driver of other vehicle/cyclist/pedestrian/passenger,Four lanes or more with central divider,Straight road,,Fine,AP16TA 777,P.V,Fatal,0
21.10.2015,2:15 AM,1300.3,LHS,Rural,Gudluru,Collision Brush/Side Wipe, Private Bus hit Electrical pole,Bus,Non injury,Fault of driver of motor vehicle/driver of other vehicle/cyclist/pedestrian/passenger,Four lanes or more with central divider,Straight road,,Fine,AP16TA 777,P.V,Grevious,0
21.10.2015,2:15 AM,1300.3,LHS,Rural,Gudluru,Collision Brush/Side Wipe, Private Bus hit Electrical pole,Bus,Non injury,Fault of driver of motor vehicle/driver of other vehicle/cyclist/pedestrian/passenger,Four lanes or more with central divider,Straight road,,Fine,AP16TA 777,P.V,Minor,0
21.10.2015,2:15 AM,1300.3,LHS,Rural,Gudluru,Collision Brush/Side Wipe, Private Bus hit Electrical pole,Bus,Non injury,Fault of driver of motor vehicle/driver of other vehicle/cyclist/pedestrian/passenger,Four lanes or more with central divider,Straight road,,Fine,AP16TA 777,P.V,Non injured ,27
21.10.2015,2:15 AM,1300.3,LHS,Rural,Gudluru,Collision Brush/Side Wipe, Private Bus hit Electrical pole,Bus,Non injury,Fault of driver of motor vehicle/driver of other vehicle/cyclist/pedestrian/passenger,Four lanes or more with central divider,Straight road,,Fine,AP16TA 777,P.V,Animals affected,0
21.10.2015,7:00 AM,1297.5,LHS,Rural,Ulavapadu,Collision Brush/Side Wipe, Tempo van hit Bike,Van,Fatal,Over speed,Four lanes or more with central divider,Straight road,,Fine,AP03TB 0266,P.V,Fatal,1
21.10.2015,7:00 AM,1297.5,LHS,Rural,Ulavapadu,Collision Brush/Side Wipe, Tempo van hit Bike,Van,Fatal,Over speed,Four lanes or more with central divider,Straight road,,Fine,AP03TB 0266,P.V,Grevious,1
21.10.2015,7:00 AM,1297.5,LHS,Rural,Ulavapadu,Collision Brush/Side Wipe, Tempo van hit Bike,Van,Fatal,Over speed,Four lanes or more with central divider,Straight road,,Fine,AP03TB 0266,P.V,Minor,0
21.10.2015,7:00 AM,1297.5,LHS,Rural,Ulavapadu,Collision Brush/Side Wipe, Tempo van hit Bike,Van,Fatal,Over speed,Four lanes or more with central divider,Straight road,,Fine,AP03TB 0266,P.V,Non injured ,0
21.10.2015,7:00 AM,1297.5,LHS,Rural,Ulavapadu,Collision Brush/Side Wipe, Tempo van hit Bike,Van,Fatal,Over speed,Four lanes or more with central divider,Straight road,,Fine,AP03TB 0266,P.V,Animals affected,0
21.10.2015,2:00 PM,1288,LHS,Rural,Ulavapadu,Overturning, Container vehicle Overturned towards Ro,Container,Minor injury,Druken,Four lanes or more with central divider,Straight road,,Fine,KA51B 2895,P.V,Fatal,0