Operational date,Time of Accident,KM && M,Position,Rural/Urban,Location,Nature of Accident Position,Nature of Accident,Vehicle Involved,Type of Accident,Causes,Road Feature,Road condition,Intersection Type And Control,Weather Condition,Vehicle Responsible,Help Provided by Ambulance/Patroling Vehicle,Classification of Accident,No of Affected Persons
21.10.2015,2:00 PM,1288,LHS,Rural,Ulavapadu,Overturning, Container vehicle Overturned towards Ro,Container,Minor injury,Druken,Four lanes or more with central divider,Straight road,,Fine,KA51B 2895,P.V,Grevious,0
21.10.2015,2:00 PM,1288,LHS,Rural,Ulavapadu,Overturning, Container vehicle Overturned towards Ro,Container,Minor injury,Druken,Four lanes or more with central divider,Straight road,,Fine,KA51B 2895,P.V,Minor,1
21.10.2015,2:00 PM,1288,LHS,Rural,Ulavapadu,Overturning, Container vehicle Overturned towards Ro,Container,Minor injury,Druken,Four lanes or more with central divider,Straight road,,Fine,KA51B 2895,P.V,Non injured ,0
21.10.2015,2:00 PM,1288,LHS,Rural,Ulavapadu,Overturning, Container vehicle Overturned towards Ro,Container,Minor injury,Druken,Four lanes or more with central divider,Straight road,,Fine,KA51B 2895,P.V,Animals affected,0
21.10.2015,7:30 PM,1212,RHS,Rural,Medarametla,Overturning, Car Overturned ,Car,Grievious injury,Over speed,Four lanes or more with central divider,Straight road,,Fine,AP7AU 6839,P.V&A.M.B,Fatal,0
21.10.2015,7:30 PM,1212,RHS,Rural,Medarametla,Overturning, Car Overturned ,Car,Grievious injury,Over speed,Four lanes or more with central divider,Straight road,,Fine,AP7AU 6839,P.V&A.M.B,Grevious,1
21.10.2015,7:30 PM,1212,RHS,Rural,Medarametla,Overturning, Car Overturned ,Car,Grievious injury,Over speed,Four lanes or more with central divider,Straight road,,Fine,AP7AU 6839,P.V&A.M.B,Minor,3
21.10.2015,7:30 PM,1212,RHS,Rural,Medarametla,Overturning, Car Overturned ,Car,Grievious injury,Over speed,Four lanes or more with central divider,Straight road,,Fine,AP7AU 6839,P.V&A.M.B,Non injured ,0
21.10.2015,7:30 PM,1212,RHS,Rural,Medarametla,Overturning, Car Overturned ,Car,Grievious injury,Over speed,Four lanes or more with central divider,Straight road,,Fine,AP7AU 6839,P.V&A.M.B,Animals affected,0
21.10.2015,7:50 PM,1263.2,RHS,Rural,Tangutur,Collision Brush/Side Wipe, Bike hit Pedestrian ,Bike,Grievious injury,Over speed,Four lanes or more with central divider,Straight road,,Fine,AP27AW 1403,P.V&A.M.B,Fatal,0
21.10.2015,7:50 PM,1263.2,RHS,Rural,Tangutur,Collision Brush/Side Wipe, Bike hit Pedestrian ,Bike,Grievious injury,Over speed,Four lanes or more with central divider,Straight road,,Fine,AP27AW 1403,P.V&A.M.B,Grevious,1
21.10.2015,7:50 PM,1263.2,RHS,Rural,Tangutur,Collision Brush/Side Wipe, Bike hit Pedestrian ,Bike,Grievious injury,Over speed,Four lanes or more with central divider,Straight road,,Fine,AP27AW 1403,P.V&A.M.B,Minor,1
21.10.2015,7:50 PM,1263.2,RHS,Rural,Tangutur,Collision Brush/Side Wipe, Bike hit Pedestrian ,Bike,Grievious injury,Over speed,Four lanes or more with central divider,Straight road,,Fine,AP27AW 1403,P.V&A.M.B,Non injured ,0
21.10.2015,7:50 PM,1263.2,RHS,Rural,Tangutur,Collision Brush/Side Wipe, Bike hit Pedestrian ,Bike,Grievious injury,Over speed,Four lanes or more with central divider,Straight road,,Fine,AP27AW 1403,P.V&A.M.B,Animals affected,0
22.10.2015,1:10 AM,1227.8,RHS,Rural,Maddipadu,Collision Brush/Side Wipe, Unknown vehicle hit Tata Ace vehicle,Unknown,Fatal,Over speed,Four lanes or more with central divider,Straight road,,Fine,Unknown vehicle,P.V,Fatal,1
22.10.2015,1:10 AM,1227.8,RHS,Rural,Maddipadu,Collision Brush/Side Wipe, Unknown vehicle hit Tata Ace vehicle,Unknown,Fatal,Over speed,Four lanes or more with central divider,Straight road,,Fine,Unknown vehicle,P.V,Grevious,2
22.10.2015,1:10 AM,1227.8,RHS,Rural,Maddipadu,Collision Brush/Side Wipe, Unknown vehicle hit Tata Ace vehicle,Unknown,Fatal,Over speed,Four lanes or more with central divider,Straight road,,Fine,Unknown vehicle,P.V,Minor,1
22.10.2015,1:10 AM,1227.8,RHS,Rural,Maddipadu,Collision Brush/Side Wipe, Unknown vehicle hit Tata Ace vehicle,Unknown,Fatal,Over speed,Four lanes or more with central divider,Straight road,,Fine,Unknown vehicle,P.V,Non injured ,0
22.10.2015,1:10 AM,1227.8,RHS,Rural,Maddipadu,Collision Brush/Side Wipe, Unknown vehicle hit Tata Ace vehicle,Unknown,Fatal,Over speed,Four lanes or more with central divider,Straight road,,Fine,Unknown vehicle,P.V,Animals affected,0
22.10.2015,5:30 AM,1188.2,LHS,Rural,Martur,Overturning, Tata Ace vehicle hit CC Barriers,Tata Ace,Non injury,Over speed,Four lanes or more with central divider,Straight road,,Fine,AP16TD 2935,P.V,Fatal,0
22.10.2015,5:30 AM,1188.2,LHS,Rural,Martur,Overturning, Tata Ace vehicle hit CC Barriers,Tata Ace,Non injury,Over speed,Four lanes or more with central divider,Straight road,,Fine,AP16TD 2935,P.V,Grevious,0
22.10.2015,5:30 AM,1188.2,LHS,Rural,Martur,Overturning, Tata Ace vehicle hit CC Barriers,Tata Ace,Non injury,Over speed,Four lanes or more with central divider,Straight road,,Fine,AP16TD 2935,P.V,Minor,0
22.10.2015,5:30 AM,1188.2,LHS,Rural,Martur,Overturning, Tata Ace vehicle hit CC Barriers,Tata Ace,Non injury,Over speed,Four lanes or more with central divider,Straight road,,Fine,AP16TD 2935,P.V,Non injured ,1
22.10.2015,5:30 AM,1188.2,LHS,Rural,Martur,Overturning, Tata Ace vehicle hit CC Barriers,Tata Ace,Non injury,Over speed,Four lanes or more with central divider,Straight road,,Fine,AP16TD 2935,P.V,Animals affected,0
22.10.2015,11:15 AM,1212.2,RHS,Rural,Medarametla,Overturning, Ape auto Overturned,Auto,Fatal,Druken,Four lanes or more with central divider,Straight road,,Fine,AP27TW 0316,P.V&A.M.B,Fatal,1
22.10.2015,11:15 AM,1212.2,RHS,Rural,Medarametla,Overturning, Ape auto Overturned,Auto,Fatal,Druken,Four lanes or more with central divider,Straight road,,Fine,AP27TW 0316,P.V&A.M.B,Grevious,3
22.10.2015,11:15 AM,1212.2,RHS,Rural,Medarametla,Overturning, Ape auto Overturned,Auto,Fatal,Druken,Four lanes or more with central divider,Straight road,,Fine,AP27TW 0316,P.V&A.M.B,Minor,3
22.10.2015,11:15 AM,1212.2,RHS,Rural,Medarametla,Overturning, Ape auto Overturned,Auto,Fatal,Druken,Four lanes or more with central divider,Straight road,,Fine,AP27TW 0316,P.V&A.M.B,Non injured ,0
22.10.2015,11:15 AM,1212.2,RHS,Rural,Medarametla,Overturning, Ape auto Overturned,Auto,Fatal,Druken,Four lanes or more with central divider,Straight road,,Fine,AP27TW 0316,P.V&A.M.B,Animals affected,0
22.10.2015,1:00 PM,1326,RHS,Rural,Kavali,Skidding, Bike skidding,Bike,Minor injury,Over speed,Four lanes or more with central divider,Straight road,,Fine,AP26G 3582,A.M.B,Fatal,0
22.10.2015,1:00 PM,1326,RHS,Rural,Kavali,Skidding, Bike skidding,Bike,Minor injury,Over speed,Four lanes or more with central divider,Straight road,,Fine,AP26G 3582,A.M.B,Grevious,0
22.10.2015,1:00 PM,1326,RHS,Rural,Kavali,Skidding, Bike skidding,Bike,Minor injury,Over speed,Four lanes or more with central divider,Straight road,,Fine,AP26G 3582,A.M.B,Minor,1
22.10.2015,1:00 PM,1326,RHS,Rural,Kavali,Skidding, Bike skidding,Bike,Minor injury,Over speed,Four lanes or more with central divider,Straight road,,Fine,AP26G 3582,A.M.B,Non injured ,0
22.10.2015,1:00 PM,1326,RHS,Rural,Kavali,Skidding, Bike skidding,Bike,Minor injury,Over speed,Four lanes or more with central divider,Straight road,,Fine,AP26G 3582,A.M.B,Animals affected,0
23.10.2015,7:20 PM,1239.8,RHS,Rural,Ongole,Collision Brush/Side Wipe, Car hit Bike,Car,Grievious injury,Over speed,Four lanes or more with central divider,Straight road,,Fine,AP27AN 7889,P.V,Fatal,0
23.10.2015,7:20 PM,1239.8,RHS,Rural,Ongole,Collision Brush/Side Wipe, Car hit Bike,Car,Grievious injury,Over speed,Four lanes or more with central divider,Straight road,,Fine,AP27AN 7889,P.V,Grevious,1
23.10.2015,7:20 PM,1239.8,RHS,Rural,Ongole,Collision Brush/Side Wipe, Car hit Bike,Car,Grievious injury,Over speed,Four lanes or more with central divider,Straight road,,Fine,AP27AN 7889,P.V,Minor,1
23.10.2015,7:20 PM,1239.8,RHS,Rural,Ongole,Collision Brush/Side Wipe, Car hit Bike,Car,Grievious injury,Over speed,Four lanes or more with central divider,Straight road,,Fine,AP27AN 7889,P.V,Non injured ,0
23.10.2015,7:20 PM,1239.8,RHS,Rural,Ongole,Collision Brush/Side Wipe, Car hit Bike,Car,Grievious injury,Over speed,Four lanes or more with central divider,Straight road,,Fine,AP27AN 7889,P.V,Animals affected,0
23.10.2015,11:35 PM,1327.9,RHS,Rural,Kavali,Overturning, Lorry Overturned,Lorry,Non injury,Fault of driver of motor vehicle/driver of other vehicle/cyclist/pedestrian/passenger,Four lanes or more with central divider,Straight road,,Fine,WB15C 0531,P.V,Fatal,0
23.10.2015,11:35 PM,1327.9,RHS,Rural,Kavali,Overturning, Lorry Overturned,Lorry,Non injury,Fault of driver of motor vehicle/driver of other vehicle/cyclist/pedestrian/passenger,Four lanes or more with central divider,Straight road,,Fine,WB15C 0531,P.V,Grevious,0
23.10.2015,11:35 PM,1327.9,RHS,Rural,Kavali,Overturning, Lorry Overturned,Lorry,Non injury,Fault of driver of motor vehicle/driver of other vehicle/cyclist/pedestrian/passenger,Four lanes or more with central divider,Straight road,,Fine,WB15C 0531,P.V,Minor,0
23.10.2015,11:35 PM,1327.9,RHS,Rural,Kavali,Overturning, Lorry Overturned,Lorry,Non injury,Fault of driver of motor vehicle/driver of other vehicle/cyclist/pedestrian/passenger,Four lanes or more with central divider,Straight road,,Fine,WB15C 0531,P.V,Non injured ,1
23.10.2015,11:35 PM,1327.9,RHS,Rural,Kavali,Overturning, Lorry Overturned,Lorry,Non injury,Fault of driver of motor vehicle/driver of other vehicle/cyclist/pedestrian/passenger,Four lanes or more with central divider,Straight road,,Fine,WB15C 0531,P.V,Animals affected,0
25.10.2015,3:23 AM,1247.9,LHS,Urban,Ongole,Rear End Collision, Car hit Van,Car,Non injury,Over speed,Three lanes or more without central divider(median),Straight road,Four arm junction,Fine,AP07X     1414,P.V,Fatal,0
25.10.2015,3:23 AM,1247.9,LHS,Urban,Ongole,Rear End Collision, Car hit Van,Car,Non injury,Over speed,Three lanes or more without central divider(median),Straight road,Four arm junction,Fine,AP07X     1414,P.V,Grevious,0
25.10.2015,3:23 AM,1247.9,LHS,Urban,Ongole,Rear End Collision, Car hit Van,Car,Non injury,Over speed,Three lanes or more without central divider(median),Straight road,Four arm junction,Fine,AP07X     1414,P.V,Minor,0
25.10.2015,3:23 AM,1247.9,LHS,Urban,Ongole,Rear End Collision, Car hit Van,Car,Non injury,Over speed,Three lanes or more without central divider(median),Straight road,Four arm junction,Fine,AP07X     1414,P.V,Non injured ,18
25.10.2015,3:23 AM,1247.9,LHS,Urban,Ongole,Rear End Collision, Car hit Van,Car,Non injury,Over speed,Three lanes or more without central divider(median),Straight road,Four arm junction,Fine,AP07X     1414,P.V,Animals affected,0
25.10.2015,2:35 PM,1193.9,LHS,Rural,Martur,Rear End Collision, Car hit Lorry,Car,Minor injury,Over speed,Four lanes or more with central divider,Straight road,,Fine,AP27R  8028,P.V,Fatal,0
25.10.2015,2:35 PM,1193.9,LHS,Rural,Martur,Rear End Collision, Car hit Lorry,Car,Minor injury,Over speed,Four lanes or more with central divider,Straight road,,Fine,AP27R  8028,P.V,Grevious,0
25.10.2015,2:35 PM,1193.9,LHS,Rural,Martur,Rear End Collision, Car hit Lorry,Car,Minor injury,Over speed,Four lanes or more with central divider,Straight road,,Fine,AP27R  8028,P.V,Minor,2
25.10.2015,2:35 PM,1193.9,LHS,Rural,Martur,Rear End Collision, Car hit Lorry,Car,Minor injury,Over speed,Four lanes or more with central divider,Straight road,,Fine,AP27R  8028,P.V,Non injured ,1
25.10.2015,2:35 PM,1193.9,LHS,Rural,Martur,Rear End Collision, Car hit Lorry,Car,Minor injury,Over speed,Four lanes or more with central divider,Straight road,,Fine,AP27R  8028,P.V,Animals affected,0
25.10.2015,8:25 PM,1271.1,RHS,Rural,Jarugumalli,Skidding, Bike skidding,Bike,Grievious injury,Over speed,Four lanes or more with central divider,Straight road,,Fine,AP27AX 7276,A.M.B,Fatal,0
25.10.2015,8:25 PM,1271.1,RHS,Rural,Jarugumalli,Skidding, Bike skidding,Bike,Grievious injury,Over speed,Four lanes or more with central divider,Straight road,,Fine,AP27AX 7276,A.M.B,Grevious,1
25.10.2015,8:25 PM,1271.1,RHS,Rural,Jarugumalli,Skidding, Bike skidding,Bike,Grievious injury,Over speed,Four lanes or more with central divider,Straight road,,Fine,AP27AX 7276,A.M.B,Minor,0
25.10.2015,8:25 PM,1271.1,RHS,Rural,Jarugumalli,Skidding, Bike skidding,Bike,Grievious injury,Over speed,Four lanes or more with central divider,Straight road,,Fine,AP27AX 7276,A.M.B,Non injured ,0
25.10.2015,8:25 PM,1271.1,RHS,Rural,Jarugumalli,Skidding, Bike skidding,Bike,Grievious injury,Over speed,Four lanes or more with central divider,Straight road,,Fine,AP27AX 7276,A.M.B,Animals affected,0
25.10.2015,9:50 PM,1364.9,RHS,Rural,Kovuru,Collision Brush/Side Wipe, Car hit Bike,Car,Fatal,Over speed,Four lanes or more with central divider,Slight curve,,Fine,KA01MC  3633,P.V,Fatal,1
25.10.2015,9:50 PM,1364.9,RHS,Rural,Kovuru,Collision Brush/Side Wipe, Car hit Bike,Car,Fatal,Over speed,Four lanes or more with central divider,Slight curve,,Fine,KA01MC  3633,P.V,Grevious,1
25.10.2015,9:50 PM,1364.9,RHS,Rural,Kovuru,Collision Brush/Side Wipe, Car hit Bike,Car,Fatal,Over speed,Four lanes or more with central divider,Slight curve,,Fine,KA01MC  3633,P.V,Minor,0
25.10.2015,9:50 PM,1364.9,RHS,Rural,Kovuru,Collision Brush/Side Wipe, Car hit Bike,Car,Fatal,Over speed,Four lanes or more with central divider,Slight curve,,Fine,KA01MC  3633,P.V,Non injured ,1
25.10.2015,9:50 PM,1364.9,RHS,Rural,Kovuru,Collision Brush/Side Wipe, Car hit Bike,Car,Fatal,Over speed,Four lanes or more with central divider,Slight curve,,Fine,KA01MC  3633,P.V,Animals affected,0
26.10.2015,6:20 PM,1196.3,LHS,Rural,Martur,Overturning, Ape Auto Overturned,Auto,Grievious injury,Vehicle out of control,Four lanes or more with central divider,Straight road,,Fine,AP27 TW     1030,A.M.B,Fatal,0
26.10.2015,6:20 PM,1196.3,LHS,Rural,Martur,Overturning, Ape Auto Overturned,Auto,Grievious injury,Vehicle out of control,Four lanes or more with central divider,Straight road,,Fine,AP27 TW     1030,A.M.B,Grevious,1
26.10.2015,6:20 PM,1196.3,LHS,Rural,Martur,Overturning, Ape Auto Overturned,Auto,Grievious injury,Vehicle out of control,Four lanes or more with central divider,Straight road,,Fine,AP27 TW     1030,A.M.B,Minor,2
26.10.2015,6:20 PM,1196.3,LHS,Rural,Martur,Overturning, Ape Auto Overturned,Auto,Grievious injury,Vehicle out of control,Four lanes or more with central divider,Straight road,,Fine,AP27 TW     1030,A.M.B,Non injured ,2
26.10.2015,6:20 PM,1196.3,LHS,Rural,Martur,Overturning, Ape Auto Overturned,Auto,Grievious injury,Vehicle out of control,Four lanes or more with central divider,Straight road,,Fine,AP27 TW     1030,A.M.B,Animals affected,0
27.10.2015,1:15 PM,1331.3,RHS,Rural,Kavali,Collision Brush/Side Wipe, Car hit Bike,Car,Grievious injury,Over speed,Four lanes or more with central divider,Straight road,,Fine,AP30 AB 3699,P.V,Fatal,0
27.10.2015,1:15 PM,1331.3,RHS,Rural,Kavali,Collision Brush/Side Wipe, Car hit Bike,Car,Grievious injury,Over speed,Four lanes or more with central divider,Straight road,,Fine,AP30 AB 3699,P.V,Grevious,1
27.10.2015,1:15 PM,1331.3,RHS,Rural,Kavali,Collision Brush/Side Wipe, Car hit Bike,Car,Grievious injury,Over speed,Four lanes or more with central divider,Straight road,,Fine,AP30 AB 3699,P.V,Minor,0
27.10.2015,1:15 PM,1331.3,RHS,Rural,Kavali,Collision Brush/Side Wipe, Car hit Bike,Car,Grievious injury,Over speed,Four lanes or more with central divider,Straight road,,Fine,AP30 AB 3699,P.V,Non injured ,4
27.10.2015,1:15 PM,1331.3,RHS,Rural,Kavali,Collision Brush/Side Wipe, Car hit Bike,Car,Grievious injury,Over speed,Four lanes or more with central divider,Straight road,,Fine,AP30 AB 3699,P.V,Animals affected,0
28.10.2015,9:40 AM,1332.1,RHS,Rural,Kavali,Collision Brush/Side Wipe, Auto hit Car,Auto,Minor injury,Over speed,Four lanes or more with central divider,Straight road,,Light rain,AP26TC 9117,P.V&A.M.B,Fatal,0
28.10.2015,9:40 AM,1332.1,RHS,Rural,Kavali,Collision Brush/Side Wipe, Auto hit Car,Auto,Minor injury,Over speed,Four lanes or more with central divider,Straight road,,Light rain,AP26TC 9117,P.V&A.M.B,Grevious,0
28.10.2015,9:40 AM,1332.1,RHS,Rural,Kavali,Collision Brush/Side Wipe, Auto hit Car,Auto,Minor injury,Over speed,Four lanes or more with central divider,Straight road,,Light rain,AP26TC 9117,P.V&A.M.B,Minor,2
28.10.2015,9:40 AM,1332.1,RHS,Rural,Kavali,Collision Brush/Side Wipe, Auto hit Car,Auto,Minor injury,Over speed,Four lanes or more with central divider,Straight road,,Light rain,AP26TC 9117,P.V&A.M.B,Non injured ,9
28.10.2015,9:40 AM,1332.1,RHS,Rural,Kavali,Collision Brush/Side Wipe, Auto hit Car,Auto,Minor injury,Over speed,Four lanes or more with central divider,Straight road,,Light rain,AP26TC 9117,P.V&A.M.B,Animals affected,0
29.10.2015,2:40 AM,1210.9,LHS,Rural,Reningavaram,Collision Brush/Side Wipe, Car hit Median,Car,Non injury,Fault of driver of motor vehicle/driver of other vehicle/cyclist/pedestrian/passenger,Four lanes or more with central divider,Straight road,,Fine,AP26BB 2126,P.V,Fatal,0
29.10.2015,2:40 AM,1210.9,LHS,Rural,Reningavaram,Collision Brush/Side Wipe, Car hit Median,Car,Non injury,Fault of driver of motor vehicle/driver of other vehicle/cyclist/pedestrian/passenger,Four lanes or more with central divider,Straight road,,Fine,AP26BB 2126,P.V,Grevious,0
29.10.2015,2:40 AM,1210.9,LHS,Rural,Reningavaram,Collision Brush/Side Wipe, Car hit Median,Car,Non injury,Fault of driver of motor vehicle/driver of other vehicle/cyclist/pedestrian/passenger,Four lanes or more with central divider,Straight road,,Fine,AP26BB 2126,P.V,Minor,0
29.10.2015,2:40 AM,1210.9,LHS,Rural,Reningavaram,Collision Brush/Side Wipe, Car hit Median,Car,Non injury,Fault of driver of motor vehicle/driver of other vehicle/cyclist/pedestrian/passenger,Four lanes or more with central divider,Straight road,,Fine,AP26BB 2126,P.V,Non injured ,1
29.10.2015,2:40 AM,1210.9,LHS,Rural,Reningavaram,Collision Brush/Side Wipe, Car hit Median,Car,Non injury,Fault of driver of motor vehicle/driver of other vehicle/cyclist/pedestrian/passenger,Four lanes or more with central divider,Straight road,,Fine,AP26BB 2126,P.V,Animals affected,0
29.10.2015,11:10 AM,1319.5,LHS,Rural,Kavali,Rear End Collision, Ready mix Cement Tanker hit Lorry,Ready,Minor injury,Over speed,Four lanes or more with central divider,Straight road,,Fine,TN21AV 0434,P.V,Fatal,0
29.10.2015,11:10 AM,1319.5,LHS,Rural,Kavali,Rear End Collision, Ready mix Cement Tanker hit Lorry,Ready,Minor injury,Over speed,Four lanes or more with central divider,Straight road,,Fine,TN21AV 0434,P.V,Grevious,0
29.10.2015,11:10 AM,1319.5,LHS,Rural,Kavali,Rear End Collision, Ready mix Cement Tanker hit Lorry,Ready,Minor injury,Over speed,Four lanes or more with central divider,Straight road,,Fine,TN21AV 0434,P.V,Minor,1
29.10.2015,11:10 AM,1319.5,LHS,Rural,Kavali,Rear End Collision, Ready mix Cement Tanker hit Lorry,Ready,Minor injury,Over speed,Four lanes or more with central divider,Straight road,,Fine,TN21AV 0434,P.V,Non injured ,1
29.10.2015,11:10 AM,1319.5,LHS,Rural,Kavali,Rear End Collision, Ready mix Cement Tanker hit Lorry,Ready,Minor injury,Over speed,Four lanes or more with central divider,Straight road,,Fine,TN21AV 0434,P.V,Animals affected,0
30.10.2015,10:20 AM,1191,LHS,Rural,Martur,Collision Brush/Side Wipe, Car hit Pedestrian,Car,Grievious injury,Over speed,Four lanes or more with central divider,Straight road,,Fine,AP27A    0077,P.V,Fatal,0
30.10.2015,10:20 AM,1191,LHS,Rural,Martur,Collision Brush/Side Wipe, Car hit Pedestrian,Car,Grievious injury,Over speed,Four lanes or more with central divider,Straight road,,Fine,AP27A    0077,P.V,Grevious,1
30.10.2015,10:20 AM,1191,LHS,Rural,Martur,Collision Brush/Side Wipe, Car hit Pedestrian,Car,Grievious injury,Over speed,Four lanes or more with central divider,Straight road,,Fine,AP27A    0077,P.V,Minor,0
30.10.2015,10:20 AM,1191,LHS,Rural,Martur,Collision Brush/Side Wipe, Car hit Pedestrian,Car,Grievious injury,Over speed,Four lanes or more with central divider,Straight road,,Fine,AP27A    0077,P.V,Non injured ,1
30.10.2015,10:20 AM,1191,LHS,Rural,Martur,Collision Brush/Side Wipe, Car hit Pedestrian,Car,Grievious injury,Over speed,Four lanes or more with central divider,Straight road,,Fine,AP27A    0077,P.V,Animals affected,0
30.10.2015,6:50 PM,1227.6,LHS,Rural,Maddipadu,Collision Brush/Side Wipe, Unknown vehicle hit Pedestrian,Unknown,Fatal,Over speed,Four lanes or more with central divider,Straight road,,Fine,Unknown vehicle,P.V,Fatal,1
30.10.2015,6:50 PM,1227.6,LHS,Rural,Maddipadu,Collision Brush/Side Wipe, Unknown vehicle hit Pedestrian,Unknown,Fatal,Over speed,Four lanes or more with central divider,Straight road,,Fine,Unknown vehicle,P.V,Grevious,0
30.10.2015,6:50 PM,1227.6,LHS,Rural,Maddipadu,Collision Brush/Side Wipe, Unknown vehicle hit Pedestrian,Unknown,Fatal,Over speed,Four lanes or more with central divider,Straight road,,Fine,Unknown vehicle,P.V,Minor,0
30.10.2015,6:50 PM,1227.6,LHS,Rural,Maddipadu,Collision Brush/Side Wipe, Unknown vehicle hit Pedestrian,Unknown,Fatal,Over speed,Four lanes or more with central divider,Straight road,,Fine,Unknown vehicle,P.V,Non injured ,0
30.10.2015,6:50 PM,1227.6,LHS,Rural,Maddipadu,Collision Brush/Side Wipe, Unknown vehicle hit Pedestrian,Unknown,Fatal,Over speed,Four lanes or more with central divider,Straight road,,Fine,Unknown vehicle,P.V,Animals affected,0
31.10.2015,1:04 AM,1200,LHS,Rural,Reningavaram,Skidding, Bike skidding,Bike,Grievious injury,Over speed,Four lanes or more with central divider,Straight road,,Fine,AP04AE    7864,A.M.B,Fatal,0
31.10.2015,1:04 AM,1200,LHS,Rural,Reningavaram,Skidding, Bike skidding,Bike,Grievious injury,Over speed,Four lanes or more with central divider,Straight road,,Fine,AP04AE    7864,A.M.B,Grevious,1
31.10.2015,1:04 AM,1200,LHS,Rural,Reningavaram,Skidding, Bike skidding,Bike,Grievious injury,Over speed,Four lanes or more with central divider,Straight road,,Fine,AP04AE    7864,A.M.B,Minor,0
31.10.2015,1:04 AM,1200,LHS,Rural,Reningavaram,Skidding, Bike skidding,Bike,Grievious injury,Over speed,Four lanes or more with central divider,Straight road,,Fine,AP04AE    7864,A.M.B,Non injured ,0
31.10.2015,1:04 AM,1200,LHS,Rural,Reningavaram,Skidding, Bike skidding,Bike,Grievious injury,Over speed,Four lanes or more with central divider,Straight road,,Fine,AP04AE    7864,A.M.B,Animals affected,0
01.11.2015,2:50 PM,1334.4,RHS,Rural,K.Tippa ,Overturning, Lorry               Over Turned,Lorry,Non injury,Over speed,Four lanes or more with central divider,Straight road,,Fine,AP24TB 7819,P.V,Fatal,0
01.11.2015,2:50 PM,1334.4,RHS,Rural,K.Tippa ,Overturning, Lorry               Over Turned,Lorry,Non injury,Over speed,Four lanes or more with central divider,Straight road,,Fine,AP24TB 7819,P.V,Grevious,0
01.11.2015,2:50 PM,1334.4,RHS,Rural,K.Tippa ,Overturning, Lorry               Over Turned,Lorry,Non injury,Over speed,Four lanes or more with central divider,Straight road,,Fine,AP24TB 7819,P.V,Minor,0
01.11.2015,2:50 PM,1334.4,RHS,Rural,K.Tippa ,Overturning, Lorry               Over Turned,Lorry,Non injury,Over speed,Four lanes or more with central divider,Straight road,,Fine,AP24TB 7819,P.V,Non injured ,1
01.11.2015,2:50 PM,1334.4,RHS,Rural,K.Tippa ,Overturning, Lorry               Over Turned,Lorry,Non injury,Over speed,Four lanes or more with central divider,Straight road,,Fine,AP24TB 7819,P.V,Animals affected,0
01.11.2015,3:45 PM,1190.7,LHS,Rural,Martur,Collision Brush/Side Wipe, Unknown Vehicle hit Bike,Unknown,Grievious injury,Over speed,Four lanes or more with central divider,Straight road,,Fine,Unknown Vehicle,"AMB, P.V",Fatal,0
01.11.2015,3:45 PM,1190.7,LHS,Rural,Martur,Collision Brush/Side Wipe, Unknown Vehicle hit Bike,Unknown,Grievious injury,Over speed,Four lanes or more with central divider,Straight road,,Fine,Unknown Vehicle,"AMB, P.V",Grevious,1
01.11.2015,3:45 PM,1190.7,LHS,Rural,Martur,Collision Brush/Side Wipe, Unknown Vehicle hit Bike,Unknown,Grievious injury,Over speed,Four lanes or more with central divider,Straight road,,Fine,Unknown Vehicle,"AMB, P.V",Minor,3
01.11.2015,3:45 PM,1190.7,LHS,Rural,Martur,Collision Brush/Side Wipe, Unknown Vehicle hit Bike,Unknown,Grievious injury,Over speed,Four lanes or more with central divider,Straight road,,Fine,Unknown Vehicle,"AMB, P.V",Non injured ,0
01.11.2015,3:45 PM,1190.7,LHS,Rural,Martur,Collision Brush/Side Wipe, Unknown Vehicle hit Bike,Unknown,Grievious injury,Over speed,Four lanes or more with central divider,Straight road,,Fine,Unknown Vehicle,"AMB, P.V",Animals affected,0
02.11.2015,12:10 AM,1261.6,LHS,Rural,Tangutur,Overturning, Car Overturned,Car,Non injury,Druken,Four lanes or more with central divider,Straight road,,Fine,AP27BB 6768,P.V,Fatal,0
02.11.2015,12:10 AM,1261.6,LHS,Rural,Tangutur,Overturning, Car Overturned,Car,Non injury,Druken,Four lanes or more with central divider,Straight road,,Fine,AP27BB 6768,P.V,Grevious,0
02.11.2015,12:10 AM,1261.6,LHS,Rural,Tangutur,Overturning, Car Overturned,Car,Non injury,Druken,Four lanes or more with central divider,Straight road,,Fine,AP27BB 6768,P.V,Minor,0
02.11.2015,12:10 AM,1261.6,LHS,Rural,Tangutur,Overturning, Car Overturned,Car,Non injury,Druken,Four lanes or more with central divider,Straight road,,Fine,AP27BB 6768,P.V,Non injured ,1
02.11.2015,12:10 AM,1261.6,LHS,Rural,Tangutur,Overturning, Car Overturned,Car,Non injury,Druken,Four lanes or more with central divider,Straight road,,Fine,AP27BB 6768,P.V,Animals affected,0
02.11.2015,4:05 AM,1322.4,LHS,Rural,Kavali,Overturning, Lorry Overturned,Lorry,Non injury,Fault of driver of motor vehicle/driver of other vehicle/cyclist/pedestrian/passenger,Four lanes or more with central divider,Straight road,,Fine,AP16TX 4128,P.V,Fatal,0
02.11.2015,4:05 AM,1322.4,LHS,Rural,Kavali,Overturning, Lorry Overturned,Lorry,Non injury,Fault of driver of motor vehicle/driver of other vehicle/cyclist/pedestrian/passenger,Four lanes or more with central divider,Straight road,,Fine,AP16TX 4128,P.V,Grevious,0
02.11.2015,4:05 AM,1322.4,LHS,Rural,Kavali,Overturning, Lorry Overturned,Lorry,Non injury,Fault of driver of motor vehicle/driver of other vehicle/cyclist/pedestrian/passenger,Four lanes or more with central divider,Straight road,,Fine,AP16TX 4128,P.V,Minor,0
02.11.2015,4:05 AM,1322.4,LHS,Rural,Kavali,Overturning, Lorry Overturned,Lorry,Non injury,Fault of driver of motor vehicle/driver of other vehicle/cyclist/pedestrian/passenger,Four lanes or more with central divider,Straight road,,Fine,AP16TX 4128,P.V,Non injured ,2