Operational date,Time of Accident,KM && M,Position,Rural/Urban,Location,Nature of Accident Position,Nature of Accident,Vehicle Involved,Type of Accident,Causes,Road Feature,Road condition,Intersection Type And Control,Weather Condition,Vehicle Responsible,Help Provided by Ambulance/Patroling Vehicle,Classification of Accident,No of Affected Persons
02.11.2015,4:05 AM,1322.4,LHS,Rural,Kavali,Overturning, Lorry Overturned,Lorry,Non injury,Fault of driver of motor vehicle/driver of other vehicle/cyclist/pedestrian/passenger,Four lanes or more with central divider,Straight road,,Fine,AP16TX 4128,P.V,Animals affected,0
02.11.2015,3:55 AM,1303.5,RHS,Rural,Gudluru,Overturning, Car Overturned,Car,Non injury,Vehicle out of control,Four lanes or more with central divider,Straight road,,Fine,AP09CF 0036,P.V,Fatal,0
02.11.2015,3:55 AM,1303.5,RHS,Rural,Gudluru,Overturning, Car Overturned,Car,Non injury,Vehicle out of control,Four lanes or more with central divider,Straight road,,Fine,AP09CF 0036,P.V,Grevious,0
02.11.2015,3:55 AM,1303.5,RHS,Rural,Gudluru,Overturning, Car Overturned,Car,Non injury,Vehicle out of control,Four lanes or more with central divider,Straight road,,Fine,AP09CF 0036,P.V,Minor,0
02.11.2015,3:55 AM,1303.5,RHS,Rural,Gudluru,Overturning, Car Overturned,Car,Non injury,Vehicle out of control,Four lanes or more with central divider,Straight road,,Fine,AP09CF 0036,P.V,Non injured ,2
02.11.2015,3:55 AM,1303.5,RHS,Rural,Gudluru,Overturning, Car Overturned,Car,Non injury,Vehicle out of control,Four lanes or more with central divider,Straight road,,Fine,AP09CF 0036,P.V,Animals affected,0
03.11.2015,5:30 AM,1183.8,RHS,Rural,Martur,Collision Brush/Side Wipe, Unknown vehicle hit pedestrian,Unknown,Grievious injury,Over speed,Four lanes or more with central divider,Straight road,,Fine,Unknown vehicle,P.V & A.M.B,Fatal,0
03.11.2015,5:30 AM,1183.8,RHS,Rural,Martur,Collision Brush/Side Wipe, Unknown vehicle hit pedestrian,Unknown,Grievious injury,Over speed,Four lanes or more with central divider,Straight road,,Fine,Unknown vehicle,P.V & A.M.B,Grevious,1
03.11.2015,5:30 AM,1183.8,RHS,Rural,Martur,Collision Brush/Side Wipe, Unknown vehicle hit pedestrian,Unknown,Grievious injury,Over speed,Four lanes or more with central divider,Straight road,,Fine,Unknown vehicle,P.V & A.M.B,Minor,0
03.11.2015,5:30 AM,1183.8,RHS,Rural,Martur,Collision Brush/Side Wipe, Unknown vehicle hit pedestrian,Unknown,Grievious injury,Over speed,Four lanes or more with central divider,Straight road,,Fine,Unknown vehicle,P.V & A.M.B,Non injured ,0
03.11.2015,5:30 AM,1183.8,RHS,Rural,Martur,Collision Brush/Side Wipe, Unknown vehicle hit pedestrian,Unknown,Grievious injury,Over speed,Four lanes or more with central divider,Straight road,,Fine,Unknown vehicle,P.V & A.M.B,Animals affected,0
04.11.2015,12:00 PM,1192.7,RHS,Rural,Martur,Collision Brush/Side Wipe, Car hit Unknown vehicle ,Car,Grievious injury,Over speed,Four lanes or more with central divider,Straight road,,Fine,AP16BU 0851,P.V & A.M.B,Fatal,0
04.11.2015,12:00 PM,1192.7,RHS,Rural,Martur,Collision Brush/Side Wipe, Car hit Unknown vehicle ,Car,Grievious injury,Over speed,Four lanes or more with central divider,Straight road,,Fine,AP16BU 0851,P.V & A.M.B,Grevious,1
04.11.2015,12:00 PM,1192.7,RHS,Rural,Martur,Collision Brush/Side Wipe, Car hit Unknown vehicle ,Car,Grievious injury,Over speed,Four lanes or more with central divider,Straight road,,Fine,AP16BU 0851,P.V & A.M.B,Minor,2
04.11.2015,12:00 PM,1192.7,RHS,Rural,Martur,Collision Brush/Side Wipe, Car hit Unknown vehicle ,Car,Grievious injury,Over speed,Four lanes or more with central divider,Straight road,,Fine,AP16BU 0851,P.V & A.M.B,Non injured ,1
04.11.2015,12:00 PM,1192.7,RHS,Rural,Martur,Collision Brush/Side Wipe, Car hit Unknown vehicle ,Car,Grievious injury,Over speed,Four lanes or more with central divider,Straight road,,Fine,AP16BU 0851,P.V & A.M.B,Animals affected,0
04.11.2015,3:55 PM,1272,RHS,Rural,Jarugumalli,Rear End Collision, Container Vehicle hit Unknown vehicle ,Container,Non injury,Fault of driver of motor vehicle/driver of other vehicle/cyclist/pedestrian/passenger,Four lanes or more with central divider,Straight road,,Fine,TN04M 7327,P.V ,Fatal,0
04.11.2015,3:55 PM,1272,RHS,Rural,Jarugumalli,Rear End Collision, Container Vehicle hit Unknown vehicle ,Container,Non injury,Fault of driver of motor vehicle/driver of other vehicle/cyclist/pedestrian/passenger,Four lanes or more with central divider,Straight road,,Fine,TN04M 7327,P.V ,Grevious,0
04.11.2015,3:55 PM,1272,RHS,Rural,Jarugumalli,Rear End Collision, Container Vehicle hit Unknown vehicle ,Container,Non injury,Fault of driver of motor vehicle/driver of other vehicle/cyclist/pedestrian/passenger,Four lanes or more with central divider,Straight road,,Fine,TN04M 7327,P.V ,Minor,0
04.11.2015,3:55 PM,1272,RHS,Rural,Jarugumalli,Rear End Collision, Container Vehicle hit Unknown vehicle ,Container,Non injury,Fault of driver of motor vehicle/driver of other vehicle/cyclist/pedestrian/passenger,Four lanes or more with central divider,Straight road,,Fine,TN04M 7327,P.V ,Non injured ,1
04.11.2015,3:55 PM,1272,RHS,Rural,Jarugumalli,Rear End Collision, Container Vehicle hit Unknown vehicle ,Container,Non injury,Fault of driver of motor vehicle/driver of other vehicle/cyclist/pedestrian/passenger,Four lanes or more with central divider,Straight road,,Fine,TN04M 7327,P.V ,Animals affected,0
05.11.2015,3:30 AM,1321.3,RHS,Rural,Kavali,Collision Brush/Side Wipe, Bolero Pick up vehicle hit      Buffalo,Car,Non injury,Over speed,Four lanes or more with central divider,Straight road,,Fine,AP03TB   1611,P.V,Fatal,0
05.11.2015,3:30 AM,1321.3,RHS,Rural,Kavali,Collision Brush/Side Wipe, Bolero Pick up vehicle hit      Buffalo,Car,Non injury,Over speed,Four lanes or more with central divider,Straight road,,Fine,AP03TB   1611,P.V,Grevious,0
05.11.2015,3:30 AM,1321.3,RHS,Rural,Kavali,Collision Brush/Side Wipe, Bolero Pick up vehicle hit      Buffalo,Car,Non injury,Over speed,Four lanes or more with central divider,Straight road,,Fine,AP03TB   1611,P.V,Minor,0
05.11.2015,3:30 AM,1321.3,RHS,Rural,Kavali,Collision Brush/Side Wipe, Bolero Pick up vehicle hit      Buffalo,Car,Non injury,Over speed,Four lanes or more with central divider,Straight road,,Fine,AP03TB   1611,P.V,Non injured ,3
05.11.2015,3:30 AM,1321.3,RHS,Rural,Kavali,Collision Brush/Side Wipe, Bolero Pick up vehicle hit      Buffalo,Car,Non injury,Over speed,Four lanes or more with central divider,Straight road,,Fine,AP03TB   1611,P.V,Animals affected,1
06.11.2015,6:15 AM,1270.2,RHS,Rural,Jarugumalli,Rear End Collision, Container Vehicle hit Lorry,Container,Fatal,Fault of driver of motor vehicle/driver of other vehicle/cyclist/pedestrian/passenger,Four lanes or more with central divider,Straight road,,Fine,TS08UB 3071,P.V,Fatal,1
06.11.2015,6:15 AM,1270.2,RHS,Rural,Jarugumalli,Rear End Collision, Container Vehicle hit Lorry,Container,Fatal,Fault of driver of motor vehicle/driver of other vehicle/cyclist/pedestrian/passenger,Four lanes or more with central divider,Straight road,,Fine,TS08UB 3071,P.V,Grevious,0
06.11.2015,6:15 AM,1270.2,RHS,Rural,Jarugumalli,Rear End Collision, Container Vehicle hit Lorry,Container,Fatal,Fault of driver of motor vehicle/driver of other vehicle/cyclist/pedestrian/passenger,Four lanes or more with central divider,Straight road,,Fine,TS08UB 3071,P.V,Minor,1
06.11.2015,6:15 AM,1270.2,RHS,Rural,Jarugumalli,Rear End Collision, Container Vehicle hit Lorry,Container,Fatal,Fault of driver of motor vehicle/driver of other vehicle/cyclist/pedestrian/passenger,Four lanes or more with central divider,Straight road,,Fine,TS08UB 3071,P.V,Non injured ,1
06.11.2015,6:15 AM,1270.2,RHS,Rural,Jarugumalli,Rear End Collision, Container Vehicle hit Lorry,Container,Fatal,Fault of driver of motor vehicle/driver of other vehicle/cyclist/pedestrian/passenger,Four lanes or more with central divider,Straight road,,Fine,TS08UB 3071,P.V,Animals affected,0
06.11.2015,11:42 AM,1290.1,RHS,Rural,Ulavapadu,Collision Brush/Side Wipe, Lorry hit Water tanker,Lorry,Grievious injury,Over speed,Four lanes or more with central divider,Straight road,,Fine,TN46K  0648,P.V,Fatal,0
06.11.2015,11:42 AM,1290.1,RHS,Rural,Ulavapadu,Collision Brush/Side Wipe, Lorry hit Water tanker,Lorry,Grievious injury,Over speed,Four lanes or more with central divider,Straight road,,Fine,TN46K  0648,P.V,Grevious,1
06.11.2015,11:42 AM,1290.1,RHS,Rural,Ulavapadu,Collision Brush/Side Wipe, Lorry hit Water tanker,Lorry,Grievious injury,Over speed,Four lanes or more with central divider,Straight road,,Fine,TN46K  0648,P.V,Minor,1
06.11.2015,11:42 AM,1290.1,RHS,Rural,Ulavapadu,Collision Brush/Side Wipe, Lorry hit Water tanker,Lorry,Grievious injury,Over speed,Four lanes or more with central divider,Straight road,,Fine,TN46K  0648,P.V,Non injured ,2
06.11.2015,11:42 AM,1290.1,RHS,Rural,Ulavapadu,Collision Brush/Side Wipe, Lorry hit Water tanker,Lorry,Grievious injury,Over speed,Four lanes or more with central divider,Straight road,,Fine,TN46K  0648,P.V,Animals affected,0
07.11.2015,4:30 AM,1199.4,LHS,Rural,Martur,Rear End Collision, Container Vehicle hit Trailer vehicle,Container,Minor injury,Fault of driver of motor vehicle/driver of other vehicle/cyclist/pedestrian/passenger,Four lanes or more with central divider,Straight road,,Fine,AP29TA 8543,P.V,Fatal,0
07.11.2015,4:30 AM,1199.4,LHS,Rural,Martur,Rear End Collision, Container Vehicle hit Trailer vehicle,Container,Minor injury,Fault of driver of motor vehicle/driver of other vehicle/cyclist/pedestrian/passenger,Four lanes or more with central divider,Straight road,,Fine,AP29TA 8543,P.V,Grevious,0
07.11.2015,4:30 AM,1199.4,LHS,Rural,Martur,Rear End Collision, Container Vehicle hit Trailer vehicle,Container,Minor injury,Fault of driver of motor vehicle/driver of other vehicle/cyclist/pedestrian/passenger,Four lanes or more with central divider,Straight road,,Fine,AP29TA 8543,P.V,Minor,1
07.11.2015,4:30 AM,1199.4,LHS,Rural,Martur,Rear End Collision, Container Vehicle hit Trailer vehicle,Container,Minor injury,Fault of driver of motor vehicle/driver of other vehicle/cyclist/pedestrian/passenger,Four lanes or more with central divider,Straight road,,Fine,AP29TA 8543,P.V,Non injured ,0
07.11.2015,4:30 AM,1199.4,LHS,Rural,Martur,Rear End Collision, Container Vehicle hit Trailer vehicle,Container,Minor injury,Fault of driver of motor vehicle/driver of other vehicle/cyclist/pedestrian/passenger,Four lanes or more with central divider,Straight road,,Fine,AP29TA 8543,P.V,Animals affected,0
08.11.2015,9:45 AM,1333.4,RHS,Rural,K.Tippa ,Rear End Collision, Car hit Unknown vehicle,Car,Grievious injury,Over speed,Four lanes or more with central divider,Straight road,,Fine,AP07CD 9618,P.V,Fatal,0
08.11.2015,9:45 AM,1333.4,RHS,Rural,K.Tippa ,Rear End Collision, Car hit Unknown vehicle,Car,Grievious injury,Over speed,Four lanes or more with central divider,Straight road,,Fine,AP07CD 9618,P.V,Grevious,1
08.11.2015,9:45 AM,1333.4,RHS,Rural,K.Tippa ,Rear End Collision, Car hit Unknown vehicle,Car,Grievious injury,Over speed,Four lanes or more with central divider,Straight road,,Fine,AP07CD 9618,P.V,Minor,2
08.11.2015,9:45 AM,1333.4,RHS,Rural,K.Tippa ,Rear End Collision, Car hit Unknown vehicle,Car,Grievious injury,Over speed,Four lanes or more with central divider,Straight road,,Fine,AP07CD 9618,P.V,Non injured ,0
08.11.2015,9:45 AM,1333.4,RHS,Rural,K.Tippa ,Rear End Collision, Car hit Unknown vehicle,Car,Grievious injury,Over speed,Four lanes or more with central divider,Straight road,,Fine,AP07CD 9618,P.V,Animals affected,0
08.11.2015,10:40 PM,1239.5,LHS,Rural,Ongole,Rear End Collision, Trailer vehicle hit Unknown vehicle,Trailler,Non injury,Over speed,Four lanes or more with central divider,Straight road,,Fine,CG07C   9277,P.V,Fatal,0
08.11.2015,10:40 PM,1239.5,LHS,Rural,Ongole,Rear End Collision, Trailer vehicle hit Unknown vehicle,Trailler,Non injury,Over speed,Four lanes or more with central divider,Straight road,,Fine,CG07C   9277,P.V,Grevious,0
08.11.2015,10:40 PM,1239.5,LHS,Rural,Ongole,Rear End Collision, Trailer vehicle hit Unknown vehicle,Trailler,Non injury,Over speed,Four lanes or more with central divider,Straight road,,Fine,CG07C   9277,P.V,Minor,0
08.11.2015,10:40 PM,1239.5,LHS,Rural,Ongole,Rear End Collision, Trailer vehicle hit Unknown vehicle,Trailler,Non injury,Over speed,Four lanes or more with central divider,Straight road,,Fine,CG07C   9277,P.V,Non injured ,2
08.11.2015,10:40 PM,1239.5,LHS,Rural,Ongole,Rear End Collision, Trailer vehicle hit Unknown vehicle,Trailler,Non injury,Over speed,Four lanes or more with central divider,Straight road,,Fine,CG07C   9277,P.V,Animals affected,0
09.11.2015,3:40 AM,1201.4,RHS,Rural,Reningavaram,Collision Brush/Side Wipe, Lorry hit Container vehicle,Lorry,Non injury,Fault of driver of motor vehicle/driver of other vehicle/cyclist/pedestrian/passenger,Four lanes or more with central divider,Straight road,,Fine,AP04V   1452,P.V,Fatal,0
09.11.2015,3:40 AM,1201.4,RHS,Rural,Reningavaram,Collision Brush/Side Wipe, Lorry hit Container vehicle,Lorry,Non injury,Fault of driver of motor vehicle/driver of other vehicle/cyclist/pedestrian/passenger,Four lanes or more with central divider,Straight road,,Fine,AP04V   1452,P.V,Grevious,0
09.11.2015,3:40 AM,1201.4,RHS,Rural,Reningavaram,Collision Brush/Side Wipe, Lorry hit Container vehicle,Lorry,Non injury,Fault of driver of motor vehicle/driver of other vehicle/cyclist/pedestrian/passenger,Four lanes or more with central divider,Straight road,,Fine,AP04V   1452,P.V,Minor,0
09.11.2015,3:40 AM,1201.4,RHS,Rural,Reningavaram,Collision Brush/Side Wipe, Lorry hit Container vehicle,Lorry,Non injury,Fault of driver of motor vehicle/driver of other vehicle/cyclist/pedestrian/passenger,Four lanes or more with central divider,Straight road,,Fine,AP04V   1452,P.V,Non injured ,2
09.11.2015,3:40 AM,1201.4,RHS,Rural,Reningavaram,Collision Brush/Side Wipe, Lorry hit Container vehicle,Lorry,Non injury,Fault of driver of motor vehicle/driver of other vehicle/cyclist/pedestrian/passenger,Four lanes or more with central divider,Straight road,,Fine,AP04V   1452,P.V,Animals affected,0
09.11.2015,6:30 PM,1342.3,LHS,Rural,Dagadarthi,Collision Brush/Side Wipe, Lorry hit Median,Lorry,Non injury,Vehicle out of control,Four lanes or more with central divider,Straight road,,Heavy rain,AP29TA 6823,P.V,Fatal,0
09.11.2015,6:30 PM,1342.3,LHS,Rural,Dagadarthi,Collision Brush/Side Wipe, Lorry hit Median,Lorry,Non injury,Vehicle out of control,Four lanes or more with central divider,Straight road,,Heavy rain,AP29TA 6823,P.V,Grevious,0
09.11.2015,6:30 PM,1342.3,LHS,Rural,Dagadarthi,Collision Brush/Side Wipe, Lorry hit Median,Lorry,Non injury,Vehicle out of control,Four lanes or more with central divider,Straight road,,Heavy rain,AP29TA 6823,P.V,Minor,0
09.11.2015,6:30 PM,1342.3,LHS,Rural,Dagadarthi,Collision Brush/Side Wipe, Lorry hit Median,Lorry,Non injury,Vehicle out of control,Four lanes or more with central divider,Straight road,,Heavy rain,AP29TA 6823,P.V,Non injured ,2
09.11.2015,6:30 PM,1342.3,LHS,Rural,Dagadarthi,Collision Brush/Side Wipe, Lorry hit Median,Lorry,Non injury,Vehicle out of control,Four lanes or more with central divider,Straight road,,Heavy rain,AP29TA 6823,P.V,Animals affected,0
11.11.2015,10:50 AM,1282.9,RHS,Rural,Singarayakonda,Collision Brush/Side Wipe, Container vehicle hit Median ,Container,Non injury,Fault of driver of motor vehicle/driver of other vehicle/cyclist/pedestrian/passenger,Four lanes or more with central divider,Slight curve,,Cloudy,KA01AC  0921,P.V ,Fatal,0
11.11.2015,10:50 AM,1282.9,RHS,Rural,Singarayakonda,Collision Brush/Side Wipe, Container vehicle hit Median ,Container,Non injury,Fault of driver of motor vehicle/driver of other vehicle/cyclist/pedestrian/passenger,Four lanes or more with central divider,Slight curve,,Cloudy,KA01AC  0921,P.V ,Grevious,0
11.11.2015,10:50 AM,1282.9,RHS,Rural,Singarayakonda,Collision Brush/Side Wipe, Container vehicle hit Median ,Container,Non injury,Fault of driver of motor vehicle/driver of other vehicle/cyclist/pedestrian/passenger,Four lanes or more with central divider,Slight curve,,Cloudy,KA01AC  0921,P.V ,Minor,0
11.11.2015,10:50 AM,1282.9,RHS,Rural,Singarayakonda,Collision Brush/Side Wipe, Container vehicle hit Median ,Container,Non injury,Fault of driver of motor vehicle/driver of other vehicle/cyclist/pedestrian/passenger,Four lanes or more with central divider,Slight curve,,Cloudy,KA01AC  0921,P.V ,Non injured ,2
11.11.2015,10:50 AM,1282.9,RHS,Rural,Singarayakonda,Collision Brush/Side Wipe, Container vehicle hit Median ,Container,Non injury,Fault of driver of motor vehicle/driver of other vehicle/cyclist/pedestrian/passenger,Four lanes or more with central divider,Slight curve,,Cloudy,KA01AC  0921,P.V ,Animals affected,0
12.11.2015,12:10 AM,1281.6,LHS,Rural,Singarayakonda,Collision Brush/Side Wipe, Bike hit    Buffalo      ,Bike,Minor injury,Over speed,Four lanes or more with central divider,Straight road,,Fine,T/R Bike,P.V ,Fatal,0
12.11.2015,12:10 AM,1281.6,LHS,Rural,Singarayakonda,Collision Brush/Side Wipe, Bike hit    Buffalo      ,Bike,Minor injury,Over speed,Four lanes or more with central divider,Straight road,,Fine,T/R Bike,P.V ,Grevious,0
12.11.2015,12:10 AM,1281.6,LHS,Rural,Singarayakonda,Collision Brush/Side Wipe, Bike hit    Buffalo      ,Bike,Minor injury,Over speed,Four lanes or more with central divider,Straight road,,Fine,T/R Bike,P.V ,Minor,1
12.11.2015,12:10 AM,1281.6,LHS,Rural,Singarayakonda,Collision Brush/Side Wipe, Bike hit    Buffalo      ,Bike,Minor injury,Over speed,Four lanes or more with central divider,Straight road,,Fine,T/R Bike,P.V ,Non injured ,0
12.11.2015,12:10 AM,1281.6,LHS,Rural,Singarayakonda,Collision Brush/Side Wipe, Bike hit    Buffalo      ,Bike,Minor injury,Over speed,Four lanes or more with central divider,Straight road,,Fine,T/R Bike,P.V ,Animals affected,1
12.11.2015,12:25 AM,1288.8,RHS,Rural,Ulavapadu,Collision Brush/Side Wipe, RTC Bus hit          CC Barriers,Bus,Non injury,Over speed,Four lanes or more with central divider,Straight road,,Fine,AP29Z 0949,P.V ,Fatal,0
12.11.2015,12:25 AM,1288.8,RHS,Rural,Ulavapadu,Collision Brush/Side Wipe, RTC Bus hit          CC Barriers,Bus,Non injury,Over speed,Four lanes or more with central divider,Straight road,,Fine,AP29Z 0949,P.V ,Grevious,0
12.11.2015,12:25 AM,1288.8,RHS,Rural,Ulavapadu,Collision Brush/Side Wipe, RTC Bus hit          CC Barriers,Bus,Non injury,Over speed,Four lanes or more with central divider,Straight road,,Fine,AP29Z 0949,P.V ,Minor,0
12.11.2015,12:25 AM,1288.8,RHS,Rural,Ulavapadu,Collision Brush/Side Wipe, RTC Bus hit          CC Barriers,Bus,Non injury,Over speed,Four lanes or more with central divider,Straight road,,Fine,AP29Z 0949,P.V ,Non injured ,22
12.11.2015,12:25 AM,1288.8,RHS,Rural,Ulavapadu,Collision Brush/Side Wipe, RTC Bus hit          CC Barriers,Bus,Non injury,Over speed,Four lanes or more with central divider,Straight road,,Fine,AP29Z 0949,P.V ,Animals affected,0
13.11.2015,12:55 AM,1266.3,RHS,Rural,Tangutur,Overturning, Goods Carrier Minivan   Overturned,Lorry,Non injury,Over speed,Four lanes or more with central divider,Straight road,,Cloudy,AP27TX   7853,P.V,Fatal,0
13.11.2015,12:55 AM,1266.3,RHS,Rural,Tangutur,Overturning, Goods Carrier Minivan   Overturned,Lorry,Non injury,Over speed,Four lanes or more with central divider,Straight road,,Cloudy,AP27TX   7853,P.V,Grevious,0
13.11.2015,12:55 AM,1266.3,RHS,Rural,Tangutur,Overturning, Goods Carrier Minivan   Overturned,Lorry,Non injury,Over speed,Four lanes or more with central divider,Straight road,,Cloudy,AP27TX   7853,P.V,Minor,0
13.11.2015,12:55 AM,1266.3,RHS,Rural,Tangutur,Overturning, Goods Carrier Minivan   Overturned,Lorry,Non injury,Over speed,Four lanes or more with central divider,Straight road,,Cloudy,AP27TX   7853,P.V,Non injured ,1
13.11.2015,12:55 AM,1266.3,RHS,Rural,Tangutur,Overturning, Goods Carrier Minivan   Overturned,Lorry,Non injury,Over speed,Four lanes or more with central divider,Straight road,,Cloudy,AP27TX   7853,P.V,Animals affected,0
13.11.2015,2:00 AM,1297.7,LHS,Rural,Ulavapadu,Collision Brush/Side Wipe, Car hit        Buffalo,Car,Non injury,Over speed,Four lanes or more with central divider,Straight road,,Cloudy,AP26TB  2591,P.V,Fatal,0
13.11.2015,2:00 AM,1297.7,LHS,Rural,Ulavapadu,Collision Brush/Side Wipe, Car hit        Buffalo,Car,Non injury,Over speed,Four lanes or more with central divider,Straight road,,Cloudy,AP26TB  2591,P.V,Grevious,0
13.11.2015,2:00 AM,1297.7,LHS,Rural,Ulavapadu,Collision Brush/Side Wipe, Car hit        Buffalo,Car,Non injury,Over speed,Four lanes or more with central divider,Straight road,,Cloudy,AP26TB  2591,P.V,Minor,0
13.11.2015,2:00 AM,1297.7,LHS,Rural,Ulavapadu,Collision Brush/Side Wipe, Car hit        Buffalo,Car,Non injury,Over speed,Four lanes or more with central divider,Straight road,,Cloudy,AP26TB  2591,P.V,Non injured ,2
13.11.2015,2:00 AM,1297.7,LHS,Rural,Ulavapadu,Collision Brush/Side Wipe, Car hit        Buffalo,Car,Non injury,Over speed,Four lanes or more with central divider,Straight road,,Cloudy,AP26TB  2591,P.V,Animals affected,2
13.11.2015,7:10 PM,1255.8,RHS,Rural,Tangutur,Overturning, Ape Auto Overturned,Auto,Minor injury,Vehicle out of control,Four lanes or more with central divider,Straight road,,Fine,AP29TU    7556,"AMB, P.V",Fatal,0
13.11.2015,7:10 PM,1255.8,RHS,Rural,Tangutur,Overturning, Ape Auto Overturned,Auto,Minor injury,Vehicle out of control,Four lanes or more with central divider,Straight road,,Fine,AP29TU    7556,"AMB, P.V",Grevious,0
13.11.2015,7:10 PM,1255.8,RHS,Rural,Tangutur,Overturning, Ape Auto Overturned,Auto,Minor injury,Vehicle out of control,Four lanes or more with central divider,Straight road,,Fine,AP29TU    7556,"AMB, P.V",Minor,5
13.11.2015,7:10 PM,1255.8,RHS,Rural,Tangutur,Overturning, Ape Auto Overturned,Auto,Minor injury,Vehicle out of control,Four lanes or more with central divider,Straight road,,Fine,AP29TU    7556,"AMB, P.V",Non injured ,0
13.11.2015,7:10 PM,1255.8,RHS,Rural,Tangutur,Overturning, Ape Auto Overturned,Auto,Minor injury,Vehicle out of control,Four lanes or more with central divider,Straight road,,Fine,AP29TU    7556,"AMB, P.V",Animals affected,0
14.11.2015,12:50 AM,1294.9,LHS,Rural,Ulavapadu,Overturning, Mahindra pickup vehicle Overturned,Mahindra,Minor injury,Fault of driver of motor vehicle/driver of other vehicle/cyclist/pedestrian/passenger,Four lanes or more with central divider,Slight curve,,Fine,KA19AA 3903,P.V,Fatal,0
14.11.2015,12:50 AM,1294.9,LHS,Rural,Ulavapadu,Overturning, Mahindra pickup vehicle Overturned,Mahindra,Minor injury,Fault of driver of motor vehicle/driver of other vehicle/cyclist/pedestrian/passenger,Four lanes or more with central divider,Slight curve,,Fine,KA19AA 3903,P.V,Grevious,0
14.11.2015,12:50 AM,1294.9,LHS,Rural,Ulavapadu,Overturning, Mahindra pickup vehicle Overturned,Mahindra,Minor injury,Fault of driver of motor vehicle/driver of other vehicle/cyclist/pedestrian/passenger,Four lanes or more with central divider,Slight curve,,Fine,KA19AA 3903,P.V,Minor,3
14.11.2015,12:50 AM,1294.9,LHS,Rural,Ulavapadu,Overturning, Mahindra pickup vehicle Overturned,Mahindra,Minor injury,Fault of driver of motor vehicle/driver of other vehicle/cyclist/pedestrian/passenger,Four lanes or more with central divider,Slight curve,,Fine,KA19AA 3903,P.V,Non injured ,0
14.11.2015,12:50 AM,1294.9,LHS,Rural,Ulavapadu,Overturning, Mahindra pickup vehicle Overturned,Mahindra,Minor injury,Fault of driver of motor vehicle/driver of other vehicle/cyclist/pedestrian/passenger,Four lanes or more with central divider,Slight curve,,Fine,KA19AA 3903,P.V,Animals affected,0
14.11.2015,5:09 AM,1203.9,LHS,Rural,Reningavaram,Collision Brush/Side Wipe, Bike hit Service Road Wall,Bike,Grievious injury,Druken,Four lanes or more with central divider,Straight road,,Fine,AP07AF 7520,P.V&AMB,Fatal,0
14.11.2015,5:09 AM,1203.9,LHS,Rural,Reningavaram,Collision Brush/Side Wipe, Bike hit Service Road Wall,Bike,Grievious injury,Druken,Four lanes or more with central divider,Straight road,,Fine,AP07AF 7520,P.V&AMB,Grevious,1
14.11.2015,5:09 AM,1203.9,LHS,Rural,Reningavaram,Collision Brush/Side Wipe, Bike hit Service Road Wall,Bike,Grievious injury,Druken,Four lanes or more with central divider,Straight road,,Fine,AP07AF 7520,P.V&AMB,Minor,0
14.11.2015,5:09 AM,1203.9,LHS,Rural,Reningavaram,Collision Brush/Side Wipe, Bike hit Service Road Wall,Bike,Grievious injury,Druken,Four lanes or more with central divider,Straight road,,Fine,AP07AF 7520,P.V&AMB,Non injured ,1
14.11.2015,5:09 AM,1203.9,LHS,Rural,Reningavaram,Collision Brush/Side Wipe, Bike hit Service Road Wall,Bike,Grievious injury,Druken,Four lanes or more with central divider,Straight road,,Fine,AP07AF 7520,P.V&AMB,Animals affected,0
14.11.2015,5:55 PM,1282,LHS,Rural,Singarayakonda,Rear End Collision, Car hit Water tanker,Car,Minor injury,Over speed,Three lanes or more without central divider(median),Straight road,Four arm junction,Fine,AP26AU 0456,P.V&AMB,Fatal,0
14.11.2015,5:55 PM,1282,LHS,Rural,Singarayakonda,Rear End Collision, Car hit Water tanker,Car,Minor injury,Over speed,Three lanes or more without central divider(median),Straight road,Four arm junction,Fine,AP26AU 0456,P.V&AMB,Grevious,0
14.11.2015,5:55 PM,1282,LHS,Rural,Singarayakonda,Rear End Collision, Car hit Water tanker,Car,Minor injury,Over speed,Three lanes or more without central divider(median),Straight road,Four arm junction,Fine,AP26AU 0456,P.V&AMB,Minor,2
14.11.2015,5:55 PM,1282,LHS,Rural,Singarayakonda,Rear End Collision, Car hit Water tanker,Car,Minor injury,Over speed,Three lanes or more without central divider(median),Straight road,Four arm junction,Fine,AP26AU 0456,P.V&AMB,Non injured ,1
14.11.2015,5:55 PM,1282,LHS,Rural,Singarayakonda,Rear End Collision, Car hit Water tanker,Car,Minor injury,Over speed,Three lanes or more without central divider(median),Straight road,Four arm junction,Fine,AP26AU 0456,P.V&AMB,Animals affected,0
14.11.2015,7:26 PM,1252.2,LHS,Rural,Tangutur,Collision Brush/Side Wipe, Car hit CC Barriers,Car,Non injury,Druken,Four lanes or more with central divider,Straight road,,Fine,AP29BF 8739,P.V,Fatal,0
14.11.2015,7:26 PM,1252.2,LHS,Rural,Tangutur,Collision Brush/Side Wipe, Car hit CC Barriers,Car,Non injury,Druken,Four lanes or more with central divider,Straight road,,Fine,AP29BF 8739,P.V,Grevious,0