Operational date,Time of Accident,KM && M,Position,Rural/Urban,Location,Nature of Accident Position,Nature of Accident,Vehicle Involved,Type of Accident,Causes,Road Feature,Road condition,Intersection Type And Control,Weather Condition,Vehicle Responsible,Help Provided by Ambulance/Patroling Vehicle,Classification of Accident,No of Affected Persons
14.11.2015,7:26 PM,1252.2,LHS,Rural,Tangutur,Collision Brush/Side Wipe, Car hit CC Barriers,Car,Non injury,Druken,Four lanes or more with central divider,Straight road,,Fine,AP29BF 8739,P.V,Minor,0
14.11.2015,7:26 PM,1252.2,LHS,Rural,Tangutur,Collision Brush/Side Wipe, Car hit CC Barriers,Car,Non injury,Druken,Four lanes or more with central divider,Straight road,,Fine,AP29BF 8739,P.V,Non injured ,1
14.11.2015,7:26 PM,1252.2,LHS,Rural,Tangutur,Collision Brush/Side Wipe, Car hit CC Barriers,Car,Non injury,Druken,Four lanes or more with central divider,Straight road,,Fine,AP29BF 8739,P.V,Animals affected,0
16.11.2015,9:00 AM,1324.3,LHS,Rural,Kavali,Others(p1.Specific), Lorry strucked on Service Road,Lorry,Non injury,Vehicle out of control,Two lanes,Straight road,,Heavy rain,AP37X  2109,P.V,Fatal,0
16.11.2015,9:00 AM,1324.3,LHS,Rural,Kavali,Others(p1.Specific), Lorry strucked on Service Road,Lorry,Non injury,Vehicle out of control,Two lanes,Straight road,,Heavy rain,AP37X  2109,P.V,Grevious,0
16.11.2015,9:00 AM,1324.3,LHS,Rural,Kavali,Others(p1.Specific), Lorry strucked on Service Road,Lorry,Non injury,Vehicle out of control,Two lanes,Straight road,,Heavy rain,AP37X  2109,P.V,Minor,0
16.11.2015,9:00 AM,1324.3,LHS,Rural,Kavali,Others(p1.Specific), Lorry strucked on Service Road,Lorry,Non injury,Vehicle out of control,Two lanes,Straight road,,Heavy rain,AP37X  2109,P.V,Non injured ,2
16.11.2015,9:00 AM,1324.3,LHS,Rural,Kavali,Others(p1.Specific), Lorry strucked on Service Road,Lorry,Non injury,Vehicle out of control,Two lanes,Straight road,,Heavy rain,AP37X  2109,P.V,Animals affected,0
16.11.2015,10:40 AM,1293.9,RHS,Rural,Ulavapadu,Collision Brush/Side Wipe, Car hit Median,Car,Non injury,Over speed,Four lanes or more with central divider,Straight road,,Light rain,AP27BB 7749,P.V,Fatal,0
16.11.2015,10:40 AM,1293.9,RHS,Rural,Ulavapadu,Collision Brush/Side Wipe, Car hit Median,Car,Non injury,Over speed,Four lanes or more with central divider,Straight road,,Light rain,AP27BB 7749,P.V,Grevious,0
16.11.2015,10:40 AM,1293.9,RHS,Rural,Ulavapadu,Collision Brush/Side Wipe, Car hit Median,Car,Non injury,Over speed,Four lanes or more with central divider,Straight road,,Light rain,AP27BB 7749,P.V,Minor,0
16.11.2015,10:40 AM,1293.9,RHS,Rural,Ulavapadu,Collision Brush/Side Wipe, Car hit Median,Car,Non injury,Over speed,Four lanes or more with central divider,Straight road,,Light rain,AP27BB 7749,P.V,Non injured ,1
16.11.2015,10:40 AM,1293.9,RHS,Rural,Ulavapadu,Collision Brush/Side Wipe, Car hit Median,Car,Non injury,Over speed,Four lanes or more with central divider,Straight road,,Light rain,AP27BB 7749,P.V,Animals affected,0
16.11.2015,6:30 PM,1256,LHS,Rural,Tangutur,Overturning, Tractor Overturned,Tractor,Non injury,Vehicle out of control,Two lanes,Slight curve,,Heavy rain,AP27TT  6758,P.V,Fatal,0
16.11.2015,6:30 PM,1256,LHS,Rural,Tangutur,Overturning, Tractor Overturned,Tractor,Non injury,Vehicle out of control,Two lanes,Slight curve,,Heavy rain,AP27TT  6758,P.V,Grevious,0
16.11.2015,6:30 PM,1256,LHS,Rural,Tangutur,Overturning, Tractor Overturned,Tractor,Non injury,Vehicle out of control,Two lanes,Slight curve,,Heavy rain,AP27TT  6758,P.V,Minor,0
16.11.2015,6:30 PM,1256,LHS,Rural,Tangutur,Overturning, Tractor Overturned,Tractor,Non injury,Vehicle out of control,Two lanes,Slight curve,,Heavy rain,AP27TT  6758,P.V,Non injured ,1
16.11.2015,6:30 PM,1256,LHS,Rural,Tangutur,Overturning, Tractor Overturned,Tractor,Non injury,Vehicle out of control,Two lanes,Slight curve,,Heavy rain,AP27TT  6758,P.V,Animals affected,0
16.11.2015,11:30 PM,1288.8,LHS,Rural,Ulavapadu,Others(p1.Specific), Ashok leyland pick up vehicle stucked o,Lorry,Non injury,Vehicle out of control,Two lanes,Straight road,,Heavy rain,AP07TF  1793,P.V,Fatal,0
16.11.2015,11:30 PM,1288.8,LHS,Rural,Ulavapadu,Others(p1.Specific), Ashok leyland pick up vehicle stucked o,Lorry,Non injury,Vehicle out of control,Two lanes,Straight road,,Heavy rain,AP07TF  1793,P.V,Grevious,0
16.11.2015,11:30 PM,1288.8,LHS,Rural,Ulavapadu,Others(p1.Specific), Ashok leyland pick up vehicle stucked o,Lorry,Non injury,Vehicle out of control,Two lanes,Straight road,,Heavy rain,AP07TF  1793,P.V,Minor,0
16.11.2015,11:30 PM,1288.8,LHS,Rural,Ulavapadu,Others(p1.Specific), Ashok leyland pick up vehicle stucked o,Lorry,Non injury,Vehicle out of control,Two lanes,Straight road,,Heavy rain,AP07TF  1793,P.V,Non injured ,2
16.11.2015,11:30 PM,1288.8,LHS,Rural,Ulavapadu,Others(p1.Specific), Ashok leyland pick up vehicle stucked o,Lorry,Non injury,Vehicle out of control,Two lanes,Straight road,,Heavy rain,AP07TF  1793,P.V,Animals affected,0
17.11.2015,12:50 AM,1312.3,RHS,Rural,Kavali,Others(p1.Specific),Travels Bus strucked on Service Road,Bus,Non injury,Vehicle out of control,Two lanes,Straight road,,Heavy rain,AP27TX  6466,P.V,Fatal,0
17.11.2015,12:50 AM,1312.3,RHS,Rural,Kavali,Others(p1.Specific),Travels Bus strucked on Service Road,Bus,Non injury,Vehicle out of control,Two lanes,Straight road,,Heavy rain,AP27TX  6466,P.V,Grevious,0
17.11.2015,12:50 AM,1312.3,RHS,Rural,Kavali,Others(p1.Specific),Travels Bus strucked on Service Road,Bus,Non injury,Vehicle out of control,Two lanes,Straight road,,Heavy rain,AP27TX  6466,P.V,Minor,0
17.11.2015,12:50 AM,1312.3,RHS,Rural,Kavali,Others(p1.Specific),Travels Bus strucked on Service Road,Bus,Non injury,Vehicle out of control,Two lanes,Straight road,,Heavy rain,AP27TX  6466,P.V,Non injured ,23
17.11.2015,12:50 AM,1312.3,RHS,Rural,Kavali,Others(p1.Specific),Travels Bus strucked on Service Road,Bus,Non injury,Vehicle out of control,Two lanes,Straight road,,Heavy rain,AP27TX  6466,P.V,Animals affected,0
18.11.2015,8:15 PM,1252.7,RHS,Rural,Ongole,Collision Brush/Side Wipe, Car hit CC Barriers,Car,Non injury,Defect in mechanical condition of motor vehicle/road condition,Four lanes or more with central divider,Straight road,,Cloudy,AP07TV  1083,P.V,Fatal,0
18.11.2015,8:15 PM,1252.7,RHS,Rural,Ongole,Collision Brush/Side Wipe, Car hit CC Barriers,Car,Non injury,Defect in mechanical condition of motor vehicle/road condition,Four lanes or more with central divider,Straight road,,Cloudy,AP07TV  1083,P.V,Grevious,0
18.11.2015,8:15 PM,1252.7,RHS,Rural,Ongole,Collision Brush/Side Wipe, Car hit CC Barriers,Car,Non injury,Defect in mechanical condition of motor vehicle/road condition,Four lanes or more with central divider,Straight road,,Cloudy,AP07TV  1083,P.V,Minor,0
18.11.2015,8:15 PM,1252.7,RHS,Rural,Ongole,Collision Brush/Side Wipe, Car hit CC Barriers,Car,Non injury,Defect in mechanical condition of motor vehicle/road condition,Four lanes or more with central divider,Straight road,,Cloudy,AP07TV  1083,P.V,Non injured ,2
18.11.2015,8:15 PM,1252.7,RHS,Rural,Ongole,Collision Brush/Side Wipe, Car hit CC Barriers,Car,Non injury,Defect in mechanical condition of motor vehicle/road condition,Four lanes or more with central divider,Straight road,,Cloudy,AP07TV  1083,P.V,Animals affected,0
19.11.2015,10:05 AM,1277.4,RHS,Rural,Singarayakonda,Overturning, Car Overturned,Car,Minor injury,Over speed,Four lanes or more with central divider,Straight road,,Light rain,AP26BA 8733,P.V,Fatal,0
19.11.2015,10:05 AM,1277.4,RHS,Rural,Singarayakonda,Overturning, Car Overturned,Car,Minor injury,Over speed,Four lanes or more with central divider,Straight road,,Light rain,AP26BA 8733,P.V,Grevious,0
19.11.2015,10:05 AM,1277.4,RHS,Rural,Singarayakonda,Overturning, Car Overturned,Car,Minor injury,Over speed,Four lanes or more with central divider,Straight road,,Light rain,AP26BA 8733,P.V,Minor,1
19.11.2015,10:05 AM,1277.4,RHS,Rural,Singarayakonda,Overturning, Car Overturned,Car,Minor injury,Over speed,Four lanes or more with central divider,Straight road,,Light rain,AP26BA 8733,P.V,Non injured ,2
19.11.2015,10:05 AM,1277.4,RHS,Rural,Singarayakonda,Overturning, Car Overturned,Car,Minor injury,Over speed,Four lanes or more with central divider,Straight road,,Light rain,AP26BA 8733,P.V,Animals affected,0
20.11.2015,1:33 AM,1241.6,RHS,Rural,Ongole,Collision Brush/Side Wipe, Car hit Container Vehicle,Car,Grievious injury,Druken,Four lanes or more with central divider,Straight road,T-Junction,Fine,AP11TV  1382,P.V,Fatal,0
20.11.2015,1:33 AM,1241.6,RHS,Rural,Ongole,Collision Brush/Side Wipe, Car hit Container Vehicle,Car,Grievious injury,Druken,Four lanes or more with central divider,Straight road,T-Junction,Fine,AP11TV  1382,P.V,Grevious,1
20.11.2015,1:33 AM,1241.6,RHS,Rural,Ongole,Collision Brush/Side Wipe, Car hit Container Vehicle,Car,Grievious injury,Druken,Four lanes or more with central divider,Straight road,T-Junction,Fine,AP11TV  1382,P.V,Minor,1
20.11.2015,1:33 AM,1241.6,RHS,Rural,Ongole,Collision Brush/Side Wipe, Car hit Container Vehicle,Car,Grievious injury,Druken,Four lanes or more with central divider,Straight road,T-Junction,Fine,AP11TV  1382,P.V,Non injured ,1
20.11.2015,1:33 AM,1241.6,RHS,Rural,Ongole,Collision Brush/Side Wipe, Car hit Container Vehicle,Car,Grievious injury,Druken,Four lanes or more with central divider,Straight road,T-Junction,Fine,AP11TV  1382,P.V,Animals affected,0
20.11.2015,2:50 PM,1240.8,RHS,Rural,Ongole,Collision Brush/Side Wipe, Lorry hit Bike,Lorry,Fatal,Over speed,Four lanes or more with central divider,Straight road,,Fine,KA56    1410,P.V,Fatal,1
20.11.2015,2:50 PM,1240.8,RHS,Rural,Ongole,Collision Brush/Side Wipe, Lorry hit Bike,Lorry,Fatal,Over speed,Four lanes or more with central divider,Straight road,,Fine,KA56    1410,P.V,Grevious,0
20.11.2015,2:50 PM,1240.8,RHS,Rural,Ongole,Collision Brush/Side Wipe, Lorry hit Bike,Lorry,Fatal,Over speed,Four lanes or more with central divider,Straight road,,Fine,KA56    1410,P.V,Minor,0
20.11.2015,2:50 PM,1240.8,RHS,Rural,Ongole,Collision Brush/Side Wipe, Lorry hit Bike,Lorry,Fatal,Over speed,Four lanes or more with central divider,Straight road,,Fine,KA56    1410,P.V,Non injured ,0
20.11.2015,2:50 PM,1240.8,RHS,Rural,Ongole,Collision Brush/Side Wipe, Lorry hit Bike,Lorry,Fatal,Over speed,Four lanes or more with central divider,Straight road,,Fine,KA56    1410,P.V,Animals affected,0
21.11.2015,4:55 AM,1351,RHS,Rural,Kodavaluru,Overturning, Mini van Overturned,Lorry,Non injury,Defect in mechanical condition of motor vehicle/road condition,Four lanes or more with central divider,Straight road,,Light rain,AP26TC   4127,P.V,Fatal,0
21.11.2015,4:55 AM,1351,RHS,Rural,Kodavaluru,Overturning, Mini van Overturned,Lorry,Non injury,Defect in mechanical condition of motor vehicle/road condition,Four lanes or more with central divider,Straight road,,Light rain,AP26TC   4127,P.V,Grevious,0
21.11.2015,4:55 AM,1351,RHS,Rural,Kodavaluru,Overturning, Mini van Overturned,Lorry,Non injury,Defect in mechanical condition of motor vehicle/road condition,Four lanes or more with central divider,Straight road,,Light rain,AP26TC   4127,P.V,Minor,0
21.11.2015,4:55 AM,1351,RHS,Rural,Kodavaluru,Overturning, Mini van Overturned,Lorry,Non injury,Defect in mechanical condition of motor vehicle/road condition,Four lanes or more with central divider,Straight road,,Light rain,AP26TC   4127,P.V,Non injured ,1
21.11.2015,4:55 AM,1351,RHS,Rural,Kodavaluru,Overturning, Mini van Overturned,Lorry,Non injury,Defect in mechanical condition of motor vehicle/road condition,Four lanes or more with central divider,Straight road,,Light rain,AP26TC   4127,P.V,Animals affected,0
22.11.2015,3:40 AM,1204.1,LHS,Rural,Reningavaram,Collision Brush/Side Wipe, Tata Ace vehicle hit Unknown vehicle,Tata Ace,Grievious injury,Fault of driver of motor vehicle/driver of other vehicle/cyclist/pedestrian/passenger,Four lanes or more with central divider,Straight road,,Cloudy,AP27TT 1549,P.V&AMB,Fatal,0
22.11.2015,3:40 AM,1204.1,LHS,Rural,Reningavaram,Collision Brush/Side Wipe, Tata Ace vehicle hit Unknown vehicle,Tata Ace,Grievious injury,Fault of driver of motor vehicle/driver of other vehicle/cyclist/pedestrian/passenger,Four lanes or more with central divider,Straight road,,Cloudy,AP27TT 1549,P.V&AMB,Grevious,1
22.11.2015,3:40 AM,1204.1,LHS,Rural,Reningavaram,Collision Brush/Side Wipe, Tata Ace vehicle hit Unknown vehicle,Tata Ace,Grievious injury,Fault of driver of motor vehicle/driver of other vehicle/cyclist/pedestrian/passenger,Four lanes or more with central divider,Straight road,,Cloudy,AP27TT 1549,P.V&AMB,Minor,0
22.11.2015,3:40 AM,1204.1,LHS,Rural,Reningavaram,Collision Brush/Side Wipe, Tata Ace vehicle hit Unknown vehicle,Tata Ace,Grievious injury,Fault of driver of motor vehicle/driver of other vehicle/cyclist/pedestrian/passenger,Four lanes or more with central divider,Straight road,,Cloudy,AP27TT 1549,P.V&AMB,Non injured ,0
22.11.2015,3:40 AM,1204.1,LHS,Rural,Reningavaram,Collision Brush/Side Wipe, Tata Ace vehicle hit Unknown vehicle,Tata Ace,Grievious injury,Fault of driver of motor vehicle/driver of other vehicle/cyclist/pedestrian/passenger,Four lanes or more with central divider,Straight road,,Cloudy,AP27TT 1549,P.V&AMB,Animals affected,0
22.11.2015,4:55 AM,1323,LHS,Rural,Kavali,Collision Brush/Side Wipe, Lorry hit Median,Lorry,Non injury,Fault of driver of motor vehicle/driver of other vehicle/cyclist/pedestrian/passenger,Four lanes or more with central divider,Straight road,,Cloudy,AP31T    2278,P.V,Fatal,0
22.11.2015,4:55 AM,1323,LHS,Rural,Kavali,Collision Brush/Side Wipe, Lorry hit Median,Lorry,Non injury,Fault of driver of motor vehicle/driver of other vehicle/cyclist/pedestrian/passenger,Four lanes or more with central divider,Straight road,,Cloudy,AP31T    2278,P.V,Grevious,0
22.11.2015,4:55 AM,1323,LHS,Rural,Kavali,Collision Brush/Side Wipe, Lorry hit Median,Lorry,Non injury,Fault of driver of motor vehicle/driver of other vehicle/cyclist/pedestrian/passenger,Four lanes or more with central divider,Straight road,,Cloudy,AP31T    2278,P.V,Minor,0
22.11.2015,4:55 AM,1323,LHS,Rural,Kavali,Collision Brush/Side Wipe, Lorry hit Median,Lorry,Non injury,Fault of driver of motor vehicle/driver of other vehicle/cyclist/pedestrian/passenger,Four lanes or more with central divider,Straight road,,Cloudy,AP31T    2278,P.V,Non injured ,1
22.11.2015,4:55 AM,1323,LHS,Rural,Kavali,Collision Brush/Side Wipe, Lorry hit Median,Lorry,Non injury,Fault of driver of motor vehicle/driver of other vehicle/cyclist/pedestrian/passenger,Four lanes or more with central divider,Straight road,,Cloudy,AP31T    2278,P.V,Animals affected,0
22.11.2015,6:10 PM,1357.7,LHS,Rural,Kodavaluru,Skidding, Bike skidding,Bike,Minor injury,Druken,Four lanes or more with central divider,Straight road,,Fine,AP26P   9142,P.V,Fatal,0
22.11.2015,6:10 PM,1357.7,LHS,Rural,Kodavaluru,Skidding, Bike skidding,Bike,Minor injury,Druken,Four lanes or more with central divider,Straight road,,Fine,AP26P   9142,P.V,Grevious,0
22.11.2015,6:10 PM,1357.7,LHS,Rural,Kodavaluru,Skidding, Bike skidding,Bike,Minor injury,Druken,Four lanes or more with central divider,Straight road,,Fine,AP26P   9142,P.V,Minor,1
22.11.2015,6:10 PM,1357.7,LHS,Rural,Kodavaluru,Skidding, Bike skidding,Bike,Minor injury,Druken,Four lanes or more with central divider,Straight road,,Fine,AP26P   9142,P.V,Non injured ,0
22.11.2015,6:10 PM,1357.7,LHS,Rural,Kodavaluru,Skidding, Bike skidding,Bike,Minor injury,Druken,Four lanes or more with central divider,Straight road,,Fine,AP26P   9142,P.V,Animals affected,0
22.11.2015,8:10 PM,1317.9,LHS,Rural,Kavali,Collision Brush/Side Wipe, Car hit Median,Car,Non injury,Vehicle out of control,Four lanes or more with central divider,Straight road,,Fine,AP26BA 6009,P.V,Fatal,0
22.11.2015,8:10 PM,1317.9,LHS,Rural,Kavali,Collision Brush/Side Wipe, Car hit Median,Car,Non injury,Vehicle out of control,Four lanes or more with central divider,Straight road,,Fine,AP26BA 6009,P.V,Grevious,0
22.11.2015,8:10 PM,1317.9,LHS,Rural,Kavali,Collision Brush/Side Wipe, Car hit Median,Car,Non injury,Vehicle out of control,Four lanes or more with central divider,Straight road,,Fine,AP26BA 6009,P.V,Minor,0
22.11.2015,8:10 PM,1317.9,LHS,Rural,Kavali,Collision Brush/Side Wipe, Car hit Median,Car,Non injury,Vehicle out of control,Four lanes or more with central divider,Straight road,,Fine,AP26BA 6009,P.V,Non injured ,2
22.11.2015,8:10 PM,1317.9,LHS,Rural,Kavali,Collision Brush/Side Wipe, Car hit Median,Car,Non injury,Vehicle out of control,Four lanes or more with central divider,Straight road,,Fine,AP26BA 6009,P.V,Animals affected,0
25.11.2015,4:30 AM,1211.5,RHS,Rural,Reningavaram,Rear End Collision, Mini Lorry hit Lorry,Lorry,Minor injury,Fault of driver of motor vehicle/driver of other vehicle/cyclist/pedestrian/passenger,Four lanes or more with central divider,Straight road,,Fine,TN02BC 0654,P.V,Fatal,0
25.11.2015,4:30 AM,1211.5,RHS,Rural,Reningavaram,Rear End Collision, Mini Lorry hit Lorry,Lorry,Minor injury,Fault of driver of motor vehicle/driver of other vehicle/cyclist/pedestrian/passenger,Four lanes or more with central divider,Straight road,,Fine,TN02BC 0654,P.V,Grevious,0
25.11.2015,4:30 AM,1211.5,RHS,Rural,Reningavaram,Rear End Collision, Mini Lorry hit Lorry,Lorry,Minor injury,Fault of driver of motor vehicle/driver of other vehicle/cyclist/pedestrian/passenger,Four lanes or more with central divider,Straight road,,Fine,TN02BC 0654,P.V,Minor,1
25.11.2015,4:30 AM,1211.5,RHS,Rural,Reningavaram,Rear End Collision, Mini Lorry hit Lorry,Lorry,Minor injury,Fault of driver of motor vehicle/driver of other vehicle/cyclist/pedestrian/passenger,Four lanes or more with central divider,Straight road,,Fine,TN02BC 0654,P.V,Non injured ,1
25.11.2015,4:30 AM,1211.5,RHS,Rural,Reningavaram,Rear End Collision, Mini Lorry hit Lorry,Lorry,Minor injury,Fault of driver of motor vehicle/driver of other vehicle/cyclist/pedestrian/passenger,Four lanes or more with central divider,Straight road,,Fine,TN02BC 0654,P.V,Animals affected,0
25.11.2015,9:10 AM,1249,LHS,Urban,Ongole,Rear End Collision, Lorry hit Mini Lorry,Lorry,Non injury,Over speed,Four lanes or more with central divider,Straight road,,Fine,TNM 6459,P.V,Fatal,0
25.11.2015,9:10 AM,1249,LHS,Urban,Ongole,Rear End Collision, Lorry hit Mini Lorry,Lorry,Non injury,Over speed,Four lanes or more with central divider,Straight road,,Fine,TNM 6459,P.V,Grevious,0
25.11.2015,9:10 AM,1249,LHS,Urban,Ongole,Rear End Collision, Lorry hit Mini Lorry,Lorry,Non injury,Over speed,Four lanes or more with central divider,Straight road,,Fine,TNM 6459,P.V,Minor,0
25.11.2015,9:10 AM,1249,LHS,Urban,Ongole,Rear End Collision, Lorry hit Mini Lorry,Lorry,Non injury,Over speed,Four lanes or more with central divider,Straight road,,Fine,TNM 6459,P.V,Non injured ,3
25.11.2015,9:10 AM,1249,LHS,Urban,Ongole,Rear End Collision, Lorry hit Mini Lorry,Lorry,Non injury,Over speed,Four lanes or more with central divider,Straight road,,Fine,TNM 6459,P.V,Animals affected,0
25.11.2015,9:45 AM,1243.7,RHS,Urban,Ongole,Rear End Collision, Tata Ace vehicle hit Lorry,Tata Ace,Non injury,Over speed,Three lanes or more without central divider(median),Straight road,Four arm junction,Fine,AP27TW 6317,P.V,Fatal,0
25.11.2015,9:45 AM,1243.7,RHS,Urban,Ongole,Rear End Collision, Tata Ace vehicle hit Lorry,Tata Ace,Non injury,Over speed,Three lanes or more without central divider(median),Straight road,Four arm junction,Fine,AP27TW 6317,P.V,Grevious,0
25.11.2015,9:45 AM,1243.7,RHS,Urban,Ongole,Rear End Collision, Tata Ace vehicle hit Lorry,Tata Ace,Non injury,Over speed,Three lanes or more without central divider(median),Straight road,Four arm junction,Fine,AP27TW 6317,P.V,Minor,0
25.11.2015,9:45 AM,1243.7,RHS,Urban,Ongole,Rear End Collision, Tata Ace vehicle hit Lorry,Tata Ace,Non injury,Over speed,Three lanes or more without central divider(median),Straight road,Four arm junction,Fine,AP27TW 6317,P.V,Non injured ,3
25.11.2015,9:45 AM,1243.7,RHS,Urban,Ongole,Rear End Collision, Tata Ace vehicle hit Lorry,Tata Ace,Non injury,Over speed,Three lanes or more without central divider(median),Straight road,Four arm junction,Fine,AP27TW 6317,P.V,Animals affected,0
28.11.2015,9:00 PM,1259.2,LHS,Rural,Tangutur,Collision Brush/Side Wipe, Unknown Vehicle hit Pedestrian,Unknown,Grievious injury,Over speed,Four lanes or more with central divider,Straight road,,Fine,Unknown Vehicle,P.V & A.M.B,Fatal,0
28.11.2015,9:00 PM,1259.2,LHS,Rural,Tangutur,Collision Brush/Side Wipe, Unknown Vehicle hit Pedestrian,Unknown,Grievious injury,Over speed,Four lanes or more with central divider,Straight road,,Fine,Unknown Vehicle,P.V & A.M.B,Grevious,1
28.11.2015,9:00 PM,1259.2,LHS,Rural,Tangutur,Collision Brush/Side Wipe, Unknown Vehicle hit Pedestrian,Unknown,Grievious injury,Over speed,Four lanes or more with central divider,Straight road,,Fine,Unknown Vehicle,P.V & A.M.B,Minor,0
28.11.2015,9:00 PM,1259.2,LHS,Rural,Tangutur,Collision Brush/Side Wipe, Unknown Vehicle hit Pedestrian,Unknown,Grievious injury,Over speed,Four lanes or more with central divider,Straight road,,Fine,Unknown Vehicle,P.V & A.M.B,Non injured ,0
28.11.2015,9:00 PM,1259.2,LHS,Rural,Tangutur,Collision Brush/Side Wipe, Unknown Vehicle hit Pedestrian,Unknown,Grievious injury,Over speed,Four lanes or more with central divider,Straight road,,Fine,Unknown Vehicle,P.V & A.M.B,Animals affected,0
29.11.2015,2:00 AM,1187.2,RHS,Rural,Martur,Collision Brush/Side Wipe, Car hit                CC Barrier,Car,Non injury,Over speed,Four lanes or more with central divider,Straight road,,Fine,TN38BM  3858,P.V ,Fatal,0
29.11.2015,2:00 AM,1187.2,RHS,Rural,Martur,Collision Brush/Side Wipe, Car hit                CC Barrier,Car,Non injury,Over speed,Four lanes or more with central divider,Straight road,,Fine,TN38BM  3858,P.V ,Grevious,0
29.11.2015,2:00 AM,1187.2,RHS,Rural,Martur,Collision Brush/Side Wipe, Car hit                CC Barrier,Car,Non injury,Over speed,Four lanes or more with central divider,Straight road,,Fine,TN38BM  3858,P.V ,Minor,0
29.11.2015,2:00 AM,1187.2,RHS,Rural,Martur,Collision Brush/Side Wipe, Car hit                CC Barrier,Car,Non injury,Over speed,Four lanes or more with central divider,Straight road,,Fine,TN38BM  3858,P.V ,Non injured ,3
29.11.2015,2:00 AM,1187.2,RHS,Rural,Martur,Collision Brush/Side Wipe, Car hit                CC Barrier,Car,Non injury,Over speed,Four lanes or more with central divider,Straight road,,Fine,TN38BM  3858,P.V ,Animals affected,0
29.11.2015,6:00 PM,1300.6,LHS,Rural,Gudluru,Rear End Collision, APSRTC Bus hit Lorry,Bus,Minor injury,Over speed,Four lanes or more with central divider,Straight road,T-Junction,Light rain,AP26Z  0139,P.V ,Fatal,0
29.11.2015,6:00 PM,1300.6,LHS,Rural,Gudluru,Rear End Collision, APSRTC Bus hit Lorry,Bus,Minor injury,Over speed,Four lanes or more with central divider,Straight road,T-Junction,Light rain,AP26Z  0139,P.V ,Grevious,0
29.11.2015,6:00 PM,1300.6,LHS,Rural,Gudluru,Rear End Collision, APSRTC Bus hit Lorry,Bus,Minor injury,Over speed,Four lanes or more with central divider,Straight road,T-Junction,Light rain,AP26Z  0139,P.V ,Minor,13
29.11.2015,6:00 PM,1300.6,LHS,Rural,Gudluru,Rear End Collision, APSRTC Bus hit Lorry,Bus,Minor injury,Over speed,Four lanes or more with central divider,Straight road,T-Junction,Light rain,AP26Z  0139,P.V ,Non injured ,15
29.11.2015,6:00 PM,1300.6,LHS,Rural,Gudluru,Rear End Collision, APSRTC Bus hit Lorry,Bus,Minor injury,Over speed,Four lanes or more with central divider,Straight road,T-Junction,Light rain,AP26Z  0139,P.V ,Animals affected,0
30.11.2015,2:40 AM,1334.3,LHS,Rural,K.Tippa ,Overturning, Car Overrurned went out of road towards,Car,Minor injury,Fault of driver of motor vehicle/driver of other vehicle/cyclist/pedestrian/passenger,Four lanes or more with central divider,Straight road,,Heavy rain,AP29AQ  0345,A.M.B,Fatal,0
30.11.2015,2:40 AM,1334.3,LHS,Rural,K.Tippa ,Overturning, Car Overrurned went out of road towards,Car,Minor injury,Fault of driver of motor vehicle/driver of other vehicle/cyclist/pedestrian/passenger,Four lanes or more with central divider,Straight road,,Heavy rain,AP29AQ  0345,A.M.B,Grevious,0
30.11.2015,2:40 AM,1334.3,LHS,Rural,K.Tippa ,Overturning, Car Overrurned went out of road towards,Car,Minor injury,Fault of driver of motor vehicle/driver of other vehicle/cyclist/pedestrian/passenger,Four lanes or more with central divider,Straight road,,Heavy rain,AP29AQ  0345,A.M.B,Minor,5
30.11.2015,2:40 AM,1334.3,LHS,Rural,K.Tippa ,Overturning, Car Overrurned went out of road towards,Car,Minor injury,Fault of driver of motor vehicle/driver of other vehicle/cyclist/pedestrian/passenger,Four lanes or more with central divider,Straight road,,Heavy rain,AP29AQ  0345,A.M.B,Non injured ,0
30.11.2015,2:40 AM,1334.3,LHS,Rural,K.Tippa ,Overturning, Car Overrurned went out of road towards,Car,Minor injury,Fault of driver of motor vehicle/driver of other vehicle/cyclist/pedestrian/passenger,Four lanes or more with central divider,Straight road,,Heavy rain,AP29AQ  0345,A.M.B,Animals affected,0
30.11.2015,8:15 AM,1241.5,LHS,Rural,Ongole,Collision Brush/Side Wipe, School Bus hit Lorry ,Bus,Grievious injury,Fault of driver of motor vehicle/driver of other vehicle/cyclist/pedestrian/passenger,Four lanes or more with central divider,Straight road,,Fine,AP27TW  7425,P.V,Fatal,0
30.11.2015,8:15 AM,1241.5,LHS,Rural,Ongole,Collision Brush/Side Wipe, School Bus hit Lorry ,Bus,Grievious injury,Fault of driver of motor vehicle/driver of other vehicle/cyclist/pedestrian/passenger,Four lanes or more with central divider,Straight road,,Fine,AP27TW  7425,P.V,Grevious,1
30.11.2015,8:15 AM,1241.5,LHS,Rural,Ongole,Collision Brush/Side Wipe, School Bus hit Lorry ,Bus,Grievious injury,Fault of driver of motor vehicle/driver of other vehicle/cyclist/pedestrian/passenger,Four lanes or more with central divider,Straight road,,Fine,AP27TW  7425,P.V,Minor,0
30.11.2015,8:15 AM,1241.5,LHS,Rural,Ongole,Collision Brush/Side Wipe, School Bus hit Lorry ,Bus,Grievious injury,Fault of driver of motor vehicle/driver of other vehicle/cyclist/pedestrian/passenger,Four lanes or more with central divider,Straight road,,Fine,AP27TW  7425,P.V,Non injured ,40
30.11.2015,8:15 AM,1241.5,LHS,Rural,Ongole,Collision Brush/Side Wipe, School Bus hit Lorry ,Bus,Grievious injury,Fault of driver of motor vehicle/driver of other vehicle/cyclist/pedestrian/passenger,Four lanes or more with central divider,Straight road,,Fine,AP27TW  7425,P.V,Animals affected,0