Operational date,Time of Accident,KM && M,Position,Rural/Urban,Location,Nature of Accident Position,Nature of Accident,Vehicle Involved,Type of Accident,Causes,Road Feature,Road condition,Intersection Type And Control,Weather Condition,Vehicle Responsible,Help Provided by Ambulance/Patroling Vehicle,Classification of Accident,No of Affected Persons
30.11.2015,9:30 AM,1348.4,RHS,Rural,Kodavaluru,Collision Brush/Side Wipe, Car hit Unknown Vehicle,Car,Minor injury,Fault of driver of motor vehicle/driver of other vehicle/cyclist/pedestrian/passenger,Four lanes or more with central divider,Straight road,,Light rain,TN60X   6606,P.V,Fatal,0
30.11.2015,9:30 AM,1348.4,RHS,Rural,Kodavaluru,Collision Brush/Side Wipe, Car hit Unknown Vehicle,Car,Minor injury,Fault of driver of motor vehicle/driver of other vehicle/cyclist/pedestrian/passenger,Four lanes or more with central divider,Straight road,,Light rain,TN60X   6606,P.V,Grevious,0
30.11.2015,9:30 AM,1348.4,RHS,Rural,Kodavaluru,Collision Brush/Side Wipe, Car hit Unknown Vehicle,Car,Minor injury,Fault of driver of motor vehicle/driver of other vehicle/cyclist/pedestrian/passenger,Four lanes or more with central divider,Straight road,,Light rain,TN60X   6606,P.V,Minor,2
30.11.2015,9:30 AM,1348.4,RHS,Rural,Kodavaluru,Collision Brush/Side Wipe, Car hit Unknown Vehicle,Car,Minor injury,Fault of driver of motor vehicle/driver of other vehicle/cyclist/pedestrian/passenger,Four lanes or more with central divider,Straight road,,Light rain,TN60X   6606,P.V,Non injured ,1
30.11.2015,9:30 AM,1348.4,RHS,Rural,Kodavaluru,Collision Brush/Side Wipe, Car hit Unknown Vehicle,Car,Minor injury,Fault of driver of motor vehicle/driver of other vehicle/cyclist/pedestrian/passenger,Four lanes or more with central divider,Straight road,,Light rain,TN60X   6606,P.V,Animals affected,0
30.11.2015,5:10 PM,1205.2,LHS,Rural,Reningavaram,Overturning, Ape Auto Overturned,Auto,Minor injury,Vehicle out of control,Four lanes or more with central divider,Straight road,,Cloudy,AP27TT 3558,P.V & A.M.B,Fatal,0
30.11.2015,5:10 PM,1205.2,LHS,Rural,Reningavaram,Overturning, Ape Auto Overturned,Auto,Minor injury,Vehicle out of control,Four lanes or more with central divider,Straight road,,Cloudy,AP27TT 3558,P.V & A.M.B,Grevious,0
30.11.2015,5:10 PM,1205.2,LHS,Rural,Reningavaram,Overturning, Ape Auto Overturned,Auto,Minor injury,Vehicle out of control,Four lanes or more with central divider,Straight road,,Cloudy,AP27TT 3558,P.V & A.M.B,Minor,2
30.11.2015,5:10 PM,1205.2,LHS,Rural,Reningavaram,Overturning, Ape Auto Overturned,Auto,Minor injury,Vehicle out of control,Four lanes or more with central divider,Straight road,,Cloudy,AP27TT 3558,P.V & A.M.B,Non injured ,1
30.11.2015,5:10 PM,1205.2,LHS,Rural,Reningavaram,Overturning, Ape Auto Overturned,Auto,Minor injury,Vehicle out of control,Four lanes or more with central divider,Straight road,,Cloudy,AP27TT 3558,P.V & A.M.B,Animals affected,0
01.12.2015,7:40 PM,1197,RHS,Rural,Martur,Rear End Collision, Bike hit Unknown vehicle,Bike,Grievious injury,Druken,Four lanes or more with central divider,Straight road,,Fine,AP27B 9103,PV&A.M.B,Fatal,0
01.12.2015,7:40 PM,1197,RHS,Rural,Martur,Rear End Collision, Bike hit Unknown vehicle,Bike,Grievious injury,Druken,Four lanes or more with central divider,Straight road,,Fine,AP27B 9103,PV&A.M.B,Grevious,2
01.12.2015,7:40 PM,1197,RHS,Rural,Martur,Rear End Collision, Bike hit Unknown vehicle,Bike,Grievious injury,Druken,Four lanes or more with central divider,Straight road,,Fine,AP27B 9103,PV&A.M.B,Minor,0
01.12.2015,7:40 PM,1197,RHS,Rural,Martur,Rear End Collision, Bike hit Unknown vehicle,Bike,Grievious injury,Druken,Four lanes or more with central divider,Straight road,,Fine,AP27B 9103,PV&A.M.B,Non injured ,0
01.12.2015,7:40 PM,1197,RHS,Rural,Martur,Rear End Collision, Bike hit Unknown vehicle,Bike,Grievious injury,Druken,Four lanes or more with central divider,Straight road,,Fine,AP27B 9103,PV&A.M.B,Animals affected,0
02.12.2015,8:55 AM,1348.4,RHS,Rural,Kodavaluru,Collision Brush/Side Wipe, Unknown vehicle hit Pedestrian,Unknown,Fatal,Over speed,Four lanes or more with central divider,Straight road,,Light rain,Unknown Vehicle,P.V,Fatal,1
02.12.2015,8:55 AM,1348.4,RHS,Rural,Kodavaluru,Collision Brush/Side Wipe, Unknown vehicle hit Pedestrian,Unknown,Fatal,Over speed,Four lanes or more with central divider,Straight road,,Light rain,Unknown Vehicle,P.V,Grevious,0
02.12.2015,8:55 AM,1348.4,RHS,Rural,Kodavaluru,Collision Brush/Side Wipe, Unknown vehicle hit Pedestrian,Unknown,Fatal,Over speed,Four lanes or more with central divider,Straight road,,Light rain,Unknown Vehicle,P.V,Minor,0
02.12.2015,8:55 AM,1348.4,RHS,Rural,Kodavaluru,Collision Brush/Side Wipe, Unknown vehicle hit Pedestrian,Unknown,Fatal,Over speed,Four lanes or more with central divider,Straight road,,Light rain,Unknown Vehicle,P.V,Non injured ,0
02.12.2015,8:55 AM,1348.4,RHS,Rural,Kodavaluru,Collision Brush/Side Wipe, Unknown vehicle hit Pedestrian,Unknown,Fatal,Over speed,Four lanes or more with central divider,Straight road,,Light rain,Unknown Vehicle,P.V,Animals affected,0
03.12.2015,9:30 AM,1273.9,RHS,Rural,Singarayakonda,Collision Brush/Side Wipe, Container vehicle hit Median,Container,Non injury,Over speed,Four lanes or more with central divider,Straight road,,Fine,TN04AP 0445,P.V,Fatal,0
03.12.2015,9:30 AM,1273.9,RHS,Rural,Singarayakonda,Collision Brush/Side Wipe, Container vehicle hit Median,Container,Non injury,Over speed,Four lanes or more with central divider,Straight road,,Fine,TN04AP 0445,P.V,Grevious,0
03.12.2015,9:30 AM,1273.9,RHS,Rural,Singarayakonda,Collision Brush/Side Wipe, Container vehicle hit Median,Container,Non injury,Over speed,Four lanes or more with central divider,Straight road,,Fine,TN04AP 0445,P.V,Minor,0
03.12.2015,9:30 AM,1273.9,RHS,Rural,Singarayakonda,Collision Brush/Side Wipe, Container vehicle hit Median,Container,Non injury,Over speed,Four lanes or more with central divider,Straight road,,Fine,TN04AP 0445,P.V,Non injured ,1
03.12.2015,9:30 AM,1273.9,RHS,Rural,Singarayakonda,Collision Brush/Side Wipe, Container vehicle hit Median,Container,Non injury,Over speed,Four lanes or more with central divider,Straight road,,Fine,TN04AP 0445,P.V,Animals affected,0
06.12.2015,12:20 PM,1260.3,LHS,Rural,Tangutur,Collision Brush/Side Wipe, Bike hit Lorry,Bike,Grievious injury,Over speed,Four lanes or more with central divider,Slight curve,,Fine,F/R Bike,P.V,Fatal,0
06.12.2015,12:20 PM,1260.3,LHS,Rural,Tangutur,Collision Brush/Side Wipe, Bike hit Lorry,Bike,Grievious injury,Over speed,Four lanes or more with central divider,Slight curve,,Fine,F/R Bike,P.V,Grevious,1
06.12.2015,12:20 PM,1260.3,LHS,Rural,Tangutur,Collision Brush/Side Wipe, Bike hit Lorry,Bike,Grievious injury,Over speed,Four lanes or more with central divider,Slight curve,,Fine,F/R Bike,P.V,Minor,0
06.12.2015,12:20 PM,1260.3,LHS,Rural,Tangutur,Collision Brush/Side Wipe, Bike hit Lorry,Bike,Grievious injury,Over speed,Four lanes or more with central divider,Slight curve,,Fine,F/R Bike,P.V,Non injured ,0
06.12.2015,12:20 PM,1260.3,LHS,Rural,Tangutur,Collision Brush/Side Wipe, Bike hit Lorry,Bike,Grievious injury,Over speed,Four lanes or more with central divider,Slight curve,,Fine,F/R Bike,P.V,Animals affected,0
07.12.2015,3:15 PM,1282.9,LHS,Rural,Ulavapadu,Collision Brush/Side Wipe, Mini Lorry hit    Bike ,Lorry,Minor injury,Druken,Four lanes or more with central divider,Straight road,,Fine,KA01C  7382,PV&A.M.B,Fatal,0
07.12.2015,3:15 PM,1282.9,LHS,Rural,Ulavapadu,Collision Brush/Side Wipe, Mini Lorry hit    Bike ,Lorry,Minor injury,Druken,Four lanes or more with central divider,Straight road,,Fine,KA01C  7382,PV&A.M.B,Grevious,0
07.12.2015,3:15 PM,1282.9,LHS,Rural,Ulavapadu,Collision Brush/Side Wipe, Mini Lorry hit    Bike ,Lorry,Minor injury,Druken,Four lanes or more with central divider,Straight road,,Fine,KA01C  7382,PV&A.M.B,Minor,1
07.12.2015,3:15 PM,1282.9,LHS,Rural,Ulavapadu,Collision Brush/Side Wipe, Mini Lorry hit    Bike ,Lorry,Minor injury,Druken,Four lanes or more with central divider,Straight road,,Fine,KA01C  7382,PV&A.M.B,Non injured ,1
07.12.2015,3:15 PM,1282.9,LHS,Rural,Ulavapadu,Collision Brush/Side Wipe, Mini Lorry hit    Bike ,Lorry,Minor injury,Druken,Four lanes or more with central divider,Straight road,,Fine,KA01C  7382,PV&A.M.B,Animals affected,0
07.12.2015,3:25 PM,1316.2,LHS,Rural,Kavali,Collision Brush/Side Wipe, Car hit        Buffalo,Car,Minor injury,Over speed,Four lanes or more with central divider,Straight road,,Fine,TN02AX   3560,PV&A.M.B,Fatal,0
07.12.2015,3:25 PM,1316.2,LHS,Rural,Kavali,Collision Brush/Side Wipe, Car hit        Buffalo,Car,Minor injury,Over speed,Four lanes or more with central divider,Straight road,,Fine,TN02AX   3560,PV&A.M.B,Grevious,0
07.12.2015,3:25 PM,1316.2,LHS,Rural,Kavali,Collision Brush/Side Wipe, Car hit        Buffalo,Car,Minor injury,Over speed,Four lanes or more with central divider,Straight road,,Fine,TN02AX   3560,PV&A.M.B,Minor,2
07.12.2015,3:25 PM,1316.2,LHS,Rural,Kavali,Collision Brush/Side Wipe, Car hit        Buffalo,Car,Minor injury,Over speed,Four lanes or more with central divider,Straight road,,Fine,TN02AX   3560,PV&A.M.B,Non injured ,0
07.12.2015,3:25 PM,1316.2,LHS,Rural,Kavali,Collision Brush/Side Wipe, Car hit        Buffalo,Car,Minor injury,Over speed,Four lanes or more with central divider,Straight road,,Fine,TN02AX   3560,PV&A.M.B,Animals affected,1
09.12.2015,3:55 AM,1321,LHS,Rural,Kavali,Collision Brush/Side Wipe, Lorry hit Trailer Vehicle,Lorry,Non injury,Fault of driver of motor vehicle/driver of other vehicle/cyclist/pedestrian/passenger,Four lanes or more with central divider,Straight road,,Fine,AP05TT 0139,P.V,Fatal,0
09.12.2015,3:55 AM,1321,LHS,Rural,Kavali,Collision Brush/Side Wipe, Lorry hit Trailer Vehicle,Lorry,Non injury,Fault of driver of motor vehicle/driver of other vehicle/cyclist/pedestrian/passenger,Four lanes or more with central divider,Straight road,,Fine,AP05TT 0139,P.V,Grevious,0
09.12.2015,3:55 AM,1321,LHS,Rural,Kavali,Collision Brush/Side Wipe, Lorry hit Trailer Vehicle,Lorry,Non injury,Fault of driver of motor vehicle/driver of other vehicle/cyclist/pedestrian/passenger,Four lanes or more with central divider,Straight road,,Fine,AP05TT 0139,P.V,Minor,0
09.12.2015,3:55 AM,1321,LHS,Rural,Kavali,Collision Brush/Side Wipe, Lorry hit Trailer Vehicle,Lorry,Non injury,Fault of driver of motor vehicle/driver of other vehicle/cyclist/pedestrian/passenger,Four lanes or more with central divider,Straight road,,Fine,AP05TT 0139,P.V,Non injured ,4
09.12.2015,3:55 AM,1321,LHS,Rural,Kavali,Collision Brush/Side Wipe, Lorry hit Trailer Vehicle,Lorry,Non injury,Fault of driver of motor vehicle/driver of other vehicle/cyclist/pedestrian/passenger,Four lanes or more with central divider,Straight road,,Fine,AP05TT 0139,P.V,Animals affected,0
09.12.2015,9:50 PM,1252.2,LHS,Rural,Ongole,Collision Brush/Side Wipe, Unknown vehicle hit Pedestrian,Unknown,Grievious injury,Over speed,Four lanes or more with central divider,Straight road,,Fine,Unknown Vehicle,P.V,Fatal,0
09.12.2015,9:50 PM,1252.2,LHS,Rural,Ongole,Collision Brush/Side Wipe, Unknown vehicle hit Pedestrian,Unknown,Grievious injury,Over speed,Four lanes or more with central divider,Straight road,,Fine,Unknown Vehicle,P.V,Grevious,1
09.12.2015,9:50 PM,1252.2,LHS,Rural,Ongole,Collision Brush/Side Wipe, Unknown vehicle hit Pedestrian,Unknown,Grievious injury,Over speed,Four lanes or more with central divider,Straight road,,Fine,Unknown Vehicle,P.V,Minor,0
09.12.2015,9:50 PM,1252.2,LHS,Rural,Ongole,Collision Brush/Side Wipe, Unknown vehicle hit Pedestrian,Unknown,Grievious injury,Over speed,Four lanes or more with central divider,Straight road,,Fine,Unknown Vehicle,P.V,Non injured ,0
09.12.2015,9:50 PM,1252.2,LHS,Rural,Ongole,Collision Brush/Side Wipe, Unknown vehicle hit Pedestrian,Unknown,Grievious injury,Over speed,Four lanes or more with central divider,Straight road,,Fine,Unknown Vehicle,P.V,Animals affected,0
10.12.2015,4:40 AM,1264.7,RHS,Rural,Tangutur,Collision Brush/Side Wipe, Private Bus hit Container vehicle,Bus,Non injury,Over speed,Four lanes or more with central divider,Straight road,,Fine,KA25C  9346,P.V,Fatal,0
10.12.2015,4:40 AM,1264.7,RHS,Rural,Tangutur,Collision Brush/Side Wipe, Private Bus hit Container vehicle,Bus,Non injury,Over speed,Four lanes or more with central divider,Straight road,,Fine,KA25C  9346,P.V,Grevious,0
10.12.2015,4:40 AM,1264.7,RHS,Rural,Tangutur,Collision Brush/Side Wipe, Private Bus hit Container vehicle,Bus,Non injury,Over speed,Four lanes or more with central divider,Straight road,,Fine,KA25C  9346,P.V,Minor,0
10.12.2015,4:40 AM,1264.7,RHS,Rural,Tangutur,Collision Brush/Side Wipe, Private Bus hit Container vehicle,Bus,Non injury,Over speed,Four lanes or more with central divider,Straight road,,Fine,KA25C  9346,P.V,Non injured ,48
10.12.2015,4:40 AM,1264.7,RHS,Rural,Tangutur,Collision Brush/Side Wipe, Private Bus hit Container vehicle,Bus,Non injury,Over speed,Four lanes or more with central divider,Straight road,,Fine,KA25C  9346,P.V,Animals affected,0
11.12.2015,7:55 AM,1313.8,LHS,Rural,Kavali,Rear End Collision, Mini Lorry hit Lorry,Lorry,Non injury,Fault of driver of motor vehicle/driver of other vehicle/cyclist/pedestrian/passenger,Four lanes or more with central divider,Slight curve,,Fine,AP16TB  8786,P.V,Fatal,0
11.12.2015,7:55 AM,1313.8,LHS,Rural,Kavali,Rear End Collision, Mini Lorry hit Lorry,Lorry,Non injury,Fault of driver of motor vehicle/driver of other vehicle/cyclist/pedestrian/passenger,Four lanes or more with central divider,Slight curve,,Fine,AP16TB  8786,P.V,Grevious,0
11.12.2015,7:55 AM,1313.8,LHS,Rural,Kavali,Rear End Collision, Mini Lorry hit Lorry,Lorry,Non injury,Fault of driver of motor vehicle/driver of other vehicle/cyclist/pedestrian/passenger,Four lanes or more with central divider,Slight curve,,Fine,AP16TB  8786,P.V,Minor,0
11.12.2015,7:55 AM,1313.8,LHS,Rural,Kavali,Rear End Collision, Mini Lorry hit Lorry,Lorry,Non injury,Fault of driver of motor vehicle/driver of other vehicle/cyclist/pedestrian/passenger,Four lanes or more with central divider,Slight curve,,Fine,AP16TB  8786,P.V,Non injured ,2
11.12.2015,7:55 AM,1313.8,LHS,Rural,Kavali,Rear End Collision, Mini Lorry hit Lorry,Lorry,Non injury,Fault of driver of motor vehicle/driver of other vehicle/cyclist/pedestrian/passenger,Four lanes or more with central divider,Slight curve,,Fine,AP16TB  8786,P.V,Animals affected,0
11.12.2015,10:16 AM,1278.6,RHS,Rural,Singarayakonda,Collision Brush/Side Wipe, Unknown vehicle hit Pedestrian,Unknown,Minor injury,Over speed,Four lanes or more with central divider,Straight road,,Fine,Unknown vehicle,A.M.B,Fatal,0
11.12.2015,10:16 AM,1278.6,RHS,Rural,Singarayakonda,Collision Brush/Side Wipe, Unknown vehicle hit Pedestrian,Unknown,Minor injury,Over speed,Four lanes or more with central divider,Straight road,,Fine,Unknown vehicle,A.M.B,Grevious,0
11.12.2015,10:16 AM,1278.6,RHS,Rural,Singarayakonda,Collision Brush/Side Wipe, Unknown vehicle hit Pedestrian,Unknown,Minor injury,Over speed,Four lanes or more with central divider,Straight road,,Fine,Unknown vehicle,A.M.B,Minor,1
11.12.2015,10:16 AM,1278.6,RHS,Rural,Singarayakonda,Collision Brush/Side Wipe, Unknown vehicle hit Pedestrian,Unknown,Minor injury,Over speed,Four lanes or more with central divider,Straight road,,Fine,Unknown vehicle,A.M.B,Non injured ,0
11.12.2015,10:16 AM,1278.6,RHS,Rural,Singarayakonda,Collision Brush/Side Wipe, Unknown vehicle hit Pedestrian,Unknown,Minor injury,Over speed,Four lanes or more with central divider,Straight road,,Fine,Unknown vehicle,A.M.B,Animals affected,0
12.12.2015,3:05 PM,1261.2,LHS,Rural,Tangutur,Collision Brush/Side Wipe, Bike hit        Bike,Bike,Grievious injury,Over speed,Four lanes or more with central divider,Straight road,,Fine,AP27AJ  7938,PV&A.M.B,Fatal,0
12.12.2015,3:05 PM,1261.2,LHS,Rural,Tangutur,Collision Brush/Side Wipe, Bike hit        Bike,Bike,Grievious injury,Over speed,Four lanes or more with central divider,Straight road,,Fine,AP27AJ  7938,PV&A.M.B,Grevious,1
12.12.2015,3:05 PM,1261.2,LHS,Rural,Tangutur,Collision Brush/Side Wipe, Bike hit        Bike,Bike,Grievious injury,Over speed,Four lanes or more with central divider,Straight road,,Fine,AP27AJ  7938,PV&A.M.B,Minor,1
12.12.2015,3:05 PM,1261.2,LHS,Rural,Tangutur,Collision Brush/Side Wipe, Bike hit        Bike,Bike,Grievious injury,Over speed,Four lanes or more with central divider,Straight road,,Fine,AP27AJ  7938,PV&A.M.B,Non injured ,1
12.12.2015,3:05 PM,1261.2,LHS,Rural,Tangutur,Collision Brush/Side Wipe, Bike hit        Bike,Bike,Grievious injury,Over speed,Four lanes or more with central divider,Straight road,,Fine,AP27AJ  7938,PV&A.M.B,Animals affected,0
13.12.2015,9:25 PM,1260.2,LHS,Rural,Tangutur,Collision Brush/Side Wipe, Unknown vehicle hit Bike,Unknown,Grievious injury,Over speed,Four lanes or more with central divider,Straight road,,Fine,Unknown vehicle,PV,Fatal,0
13.12.2015,9:25 PM,1260.2,LHS,Rural,Tangutur,Collision Brush/Side Wipe, Unknown vehicle hit Bike,Unknown,Grievious injury,Over speed,Four lanes or more with central divider,Straight road,,Fine,Unknown vehicle,PV,Grevious,1
13.12.2015,9:25 PM,1260.2,LHS,Rural,Tangutur,Collision Brush/Side Wipe, Unknown vehicle hit Bike,Unknown,Grievious injury,Over speed,Four lanes or more with central divider,Straight road,,Fine,Unknown vehicle,PV,Minor,0
13.12.2015,9:25 PM,1260.2,LHS,Rural,Tangutur,Collision Brush/Side Wipe, Unknown vehicle hit Bike,Unknown,Grievious injury,Over speed,Four lanes or more with central divider,Straight road,,Fine,Unknown vehicle,PV,Non injured ,0
13.12.2015,9:25 PM,1260.2,LHS,Rural,Tangutur,Collision Brush/Side Wipe, Unknown vehicle hit Bike,Unknown,Grievious injury,Over speed,Four lanes or more with central divider,Straight road,,Fine,Unknown vehicle,PV,Animals affected,0
14.12.2015,12:05 AM,1198.5,LHS,Rural,Martur,Collision Brush/Side Wipe, Car hit        Buffalo,Car,Non injury,Over speed,Four lanes or more with central divider,Straight road,,Fine,AP27AW  4344,P.V,Fatal,0
14.12.2015,12:05 AM,1198.5,LHS,Rural,Martur,Collision Brush/Side Wipe, Car hit        Buffalo,Car,Non injury,Over speed,Four lanes or more with central divider,Straight road,,Fine,AP27AW  4344,P.V,Grevious,0
14.12.2015,12:05 AM,1198.5,LHS,Rural,Martur,Collision Brush/Side Wipe, Car hit        Buffalo,Car,Non injury,Over speed,Four lanes or more with central divider,Straight road,,Fine,AP27AW  4344,P.V,Minor,0
14.12.2015,12:05 AM,1198.5,LHS,Rural,Martur,Collision Brush/Side Wipe, Car hit        Buffalo,Car,Non injury,Over speed,Four lanes or more with central divider,Straight road,,Fine,AP27AW  4344,P.V,Non injured ,1
14.12.2015,12:05 AM,1198.5,LHS,Rural,Martur,Collision Brush/Side Wipe, Car hit        Buffalo,Car,Non injury,Over speed,Four lanes or more with central divider,Straight road,,Fine,AP27AW  4344,P.V,Animals affected,1
14.12.2015,1:05 PM,1206.8,RHS,Rural,Reningavaram,Collision Brush/Side Wipe, Unknown Vehicle hit Car,Unknown,Minor injury,Over speed,Four lanes or more with central divider,Straight road,,Fine,Unknown Vehicle,PV&A.M.B,Fatal,0
14.12.2015,1:05 PM,1206.8,RHS,Rural,Reningavaram,Collision Brush/Side Wipe, Unknown Vehicle hit Car,Unknown,Minor injury,Over speed,Four lanes or more with central divider,Straight road,,Fine,Unknown Vehicle,PV&A.M.B,Grevious,0
14.12.2015,1:05 PM,1206.8,RHS,Rural,Reningavaram,Collision Brush/Side Wipe, Unknown Vehicle hit Car,Unknown,Minor injury,Over speed,Four lanes or more with central divider,Straight road,,Fine,Unknown Vehicle,PV&A.M.B,Minor,2
14.12.2015,1:05 PM,1206.8,RHS,Rural,Reningavaram,Collision Brush/Side Wipe, Unknown Vehicle hit Car,Unknown,Minor injury,Over speed,Four lanes or more with central divider,Straight road,,Fine,Unknown Vehicle,PV&A.M.B,Non injured ,3
14.12.2015,1:05 PM,1206.8,RHS,Rural,Reningavaram,Collision Brush/Side Wipe, Unknown Vehicle hit Car,Unknown,Minor injury,Over speed,Four lanes or more with central divider,Straight road,,Fine,Unknown Vehicle,PV&A.M.B,Animals affected,0
15.12.2015,3:00 AM,1277.6,RHS,Rural,Singarayakonda,Collision Brush/Side Wipe, Unknown vehicle hit Pedestrian,Unknown,Fatal,Over speed,Four lanes or more with central divider,Straight road,,Fine,Unknown Vehicle,P.V,Fatal,1
15.12.2015,3:00 AM,1277.6,RHS,Rural,Singarayakonda,Collision Brush/Side Wipe, Unknown vehicle hit Pedestrian,Unknown,Fatal,Over speed,Four lanes or more with central divider,Straight road,,Fine,Unknown Vehicle,P.V,Grevious,0
15.12.2015,3:00 AM,1277.6,RHS,Rural,Singarayakonda,Collision Brush/Side Wipe, Unknown vehicle hit Pedestrian,Unknown,Fatal,Over speed,Four lanes or more with central divider,Straight road,,Fine,Unknown Vehicle,P.V,Minor,0
15.12.2015,3:00 AM,1277.6,RHS,Rural,Singarayakonda,Collision Brush/Side Wipe, Unknown vehicle hit Pedestrian,Unknown,Fatal,Over speed,Four lanes or more with central divider,Straight road,,Fine,Unknown Vehicle,P.V,Non injured ,0
15.12.2015,3:00 AM,1277.6,RHS,Rural,Singarayakonda,Collision Brush/Side Wipe, Unknown vehicle hit Pedestrian,Unknown,Fatal,Over speed,Four lanes or more with central divider,Straight road,,Fine,Unknown Vehicle,P.V,Animals affected,0
15.12.2015,7:15 PM,1229.4,RHS,Rural,Maddipadu,Collision Brush/Side Wipe, Tipper Lorry hit Pedestrian,Lorry,Minor injury,Fault of driver of motor vehicle/driver of other vehicle/cyclist/pedestrian/passenger,Four lanes or more with central divider,Straight road,,Fine,AP27TU  0539,A.M.B,Fatal,0
15.12.2015,7:15 PM,1229.4,RHS,Rural,Maddipadu,Collision Brush/Side Wipe, Tipper Lorry hit Pedestrian,Lorry,Minor injury,Fault of driver of motor vehicle/driver of other vehicle/cyclist/pedestrian/passenger,Four lanes or more with central divider,Straight road,,Fine,AP27TU  0539,A.M.B,Grevious,0
15.12.2015,7:15 PM,1229.4,RHS,Rural,Maddipadu,Collision Brush/Side Wipe, Tipper Lorry hit Pedestrian,Lorry,Minor injury,Fault of driver of motor vehicle/driver of other vehicle/cyclist/pedestrian/passenger,Four lanes or more with central divider,Straight road,,Fine,AP27TU  0539,A.M.B,Minor,1
15.12.2015,7:15 PM,1229.4,RHS,Rural,Maddipadu,Collision Brush/Side Wipe, Tipper Lorry hit Pedestrian,Lorry,Minor injury,Fault of driver of motor vehicle/driver of other vehicle/cyclist/pedestrian/passenger,Four lanes or more with central divider,Straight road,,Fine,AP27TU  0539,A.M.B,Non injured ,0
15.12.2015,7:15 PM,1229.4,RHS,Rural,Maddipadu,Collision Brush/Side Wipe, Tipper Lorry hit Pedestrian,Lorry,Minor injury,Fault of driver of motor vehicle/driver of other vehicle/cyclist/pedestrian/passenger,Four lanes or more with central divider,Straight road,,Fine,AP27TU  0539,A.M.B,Animals affected,0
16.12.2015,4:45 AM,1300.1,RHS,Rural,Gudluru,Collision Brush/Side Wipe, Car hit Pedestrian,Car,Minor injury,Fault of driver of motor vehicle/driver of other vehicle/cyclist/pedestrian/passenger,Four lanes or more with central divider,Straight road,,Fine,AP37CJ    6054,P.V,Fatal,0
16.12.2015,4:45 AM,1300.1,RHS,Rural,Gudluru,Collision Brush/Side Wipe, Car hit Pedestrian,Car,Minor injury,Fault of driver of motor vehicle/driver of other vehicle/cyclist/pedestrian/passenger,Four lanes or more with central divider,Straight road,,Fine,AP37CJ    6054,P.V,Grevious,0
16.12.2015,4:45 AM,1300.1,RHS,Rural,Gudluru,Collision Brush/Side Wipe, Car hit Pedestrian,Car,Minor injury,Fault of driver of motor vehicle/driver of other vehicle/cyclist/pedestrian/passenger,Four lanes or more with central divider,Straight road,,Fine,AP37CJ    6054,P.V,Minor,1
16.12.2015,4:45 AM,1300.1,RHS,Rural,Gudluru,Collision Brush/Side Wipe, Car hit Pedestrian,Car,Minor injury,Fault of driver of motor vehicle/driver of other vehicle/cyclist/pedestrian/passenger,Four lanes or more with central divider,Straight road,,Fine,AP37CJ    6054,P.V,Non injured ,0
16.12.2015,4:45 AM,1300.1,RHS,Rural,Gudluru,Collision Brush/Side Wipe, Car hit Pedestrian,Car,Minor injury,Fault of driver of motor vehicle/driver of other vehicle/cyclist/pedestrian/passenger,Four lanes or more with central divider,Straight road,,Fine,AP37CJ    6054,P.V,Animals affected,0
16.12.2015,9:00 AM,1329,RHS,Rural,Kavali,Rear End Collision, Lorry hit Bike,Lorry,Minor injury,Over speed,Three lanes or more without central divider(median),Slight curve,T-Junction,Fine,OR 19H    3535,A.M.B,Fatal,0
16.12.2015,9:00 AM,1329,RHS,Rural,Kavali,Rear End Collision, Lorry hit Bike,Lorry,Minor injury,Over speed,Three lanes or more without central divider(median),Slight curve,T-Junction,Fine,OR 19H    3535,A.M.B,Grevious,0
16.12.2015,9:00 AM,1329,RHS,Rural,Kavali,Rear End Collision, Lorry hit Bike,Lorry,Minor injury,Over speed,Three lanes or more without central divider(median),Slight curve,T-Junction,Fine,OR 19H    3535,A.M.B,Minor,1
16.12.2015,9:00 AM,1329,RHS,Rural,Kavali,Rear End Collision, Lorry hit Bike,Lorry,Minor injury,Over speed,Three lanes or more without central divider(median),Slight curve,T-Junction,Fine,OR 19H    3535,A.M.B,Non injured ,2
16.12.2015,9:00 AM,1329,RHS,Rural,Kavali,Rear End Collision, Lorry hit Bike,Lorry,Minor injury,Over speed,Three lanes or more without central divider(median),Slight curve,T-Junction,Fine,OR 19H    3535,A.M.B,Animals affected,0
17.12.2015,3:20 AM,1315.9,LHS,Rural,Kavali,Collision Brush/Side Wipe, Unknown vehicle hit Security  guard,Unknown,Fatal,Over speed,Four lanes or more with central divider,Slight curve,,Fine,Unknown vehicle,P.V,Fatal,1
17.12.2015,3:20 AM,1315.9,LHS,Rural,Kavali,Collision Brush/Side Wipe, Unknown vehicle hit Security  guard,Unknown,Fatal,Over speed,Four lanes or more with central divider,Slight curve,,Fine,Unknown vehicle,P.V,Grevious,0
17.12.2015,3:20 AM,1315.9,LHS,Rural,Kavali,Collision Brush/Side Wipe, Unknown vehicle hit Security  guard,Unknown,Fatal,Over speed,Four lanes or more with central divider,Slight curve,,Fine,Unknown vehicle,P.V,Minor,0
17.12.2015,3:20 AM,1315.9,LHS,Rural,Kavali,Collision Brush/Side Wipe, Unknown vehicle hit Security  guard,Unknown,Fatal,Over speed,Four lanes or more with central divider,Slight curve,,Fine,Unknown vehicle,P.V,Non injured ,0
17.12.2015,3:20 AM,1315.9,LHS,Rural,Kavali,Collision Brush/Side Wipe, Unknown vehicle hit Security  guard,Unknown,Fatal,Over speed,Four lanes or more with central divider,Slight curve,,Fine,Unknown vehicle,P.V,Animals affected,0
18.12.2015,5:20 AM,1275.3,RHS,Rural,Singarayakonda,Rear End Collision, Lorry hit Tractor,Lorry,Minor injury,Fault of driver of motor vehicle/driver of other vehicle/cyclist/pedestrian/passenger,Four lanes or more with central divider,Straight road,,Fine,AP29TB  1133,P.V,Fatal,0