Operational date,Time of Accident,KM && M,Position,Rural/Urban,Location,Nature of Accident Position,Nature of Accident,Vehicle Involved,Type of Accident,Causes,Road Feature,Road condition,Intersection Type And Control,Weather Condition,Vehicle Responsible,Help Provided by Ambulance/Patroling Vehicle,Classification of Accident,No of Affected Persons
18.12.2015,5:20 AM,1275.3,RHS,Rural,Singarayakonda,Rear End Collision, Lorry hit Tractor,Lorry,Minor injury,Fault of driver of motor vehicle/driver of other vehicle/cyclist/pedestrian/passenger,Four lanes or more with central divider,Straight road,,Fine,AP29TB  1133,P.V,Grevious,0
18.12.2015,5:20 AM,1275.3,RHS,Rural,Singarayakonda,Rear End Collision, Lorry hit Tractor,Lorry,Minor injury,Fault of driver of motor vehicle/driver of other vehicle/cyclist/pedestrian/passenger,Four lanes or more with central divider,Straight road,,Fine,AP29TB  1133,P.V,Minor,2
18.12.2015,5:20 AM,1275.3,RHS,Rural,Singarayakonda,Rear End Collision, Lorry hit Tractor,Lorry,Minor injury,Fault of driver of motor vehicle/driver of other vehicle/cyclist/pedestrian/passenger,Four lanes or more with central divider,Straight road,,Fine,AP29TB  1133,P.V,Non injured ,1
18.12.2015,5:20 AM,1275.3,RHS,Rural,Singarayakonda,Rear End Collision, Lorry hit Tractor,Lorry,Minor injury,Fault of driver of motor vehicle/driver of other vehicle/cyclist/pedestrian/passenger,Four lanes or more with central divider,Straight road,,Fine,AP29TB  1133,P.V,Animals affected,0
18.12.2015,6:00 AM,1207.8,RHS,Rural,Reningavaram,Overturning, Container vehicle overturned,Container,Non injury,Defect in mechanical condition of motor vehicle/road condition,Two lanes,Straight road,,Fine,NL01D  6776,P.V,Fatal,0
18.12.2015,6:00 AM,1207.8,RHS,Rural,Reningavaram,Overturning, Container vehicle overturned,Container,Non injury,Defect in mechanical condition of motor vehicle/road condition,Two lanes,Straight road,,Fine,NL01D  6776,P.V,Grevious,0
18.12.2015,6:00 AM,1207.8,RHS,Rural,Reningavaram,Overturning, Container vehicle overturned,Container,Non injury,Defect in mechanical condition of motor vehicle/road condition,Two lanes,Straight road,,Fine,NL01D  6776,P.V,Minor,0
18.12.2015,6:00 AM,1207.8,RHS,Rural,Reningavaram,Overturning, Container vehicle overturned,Container,Non injury,Defect in mechanical condition of motor vehicle/road condition,Two lanes,Straight road,,Fine,NL01D  6776,P.V,Non injured ,2
18.12.2015,6:00 AM,1207.8,RHS,Rural,Reningavaram,Overturning, Container vehicle overturned,Container,Non injury,Defect in mechanical condition of motor vehicle/road condition,Two lanes,Straight road,,Fine,NL01D  6776,P.V,Animals affected,0
20.12.2015,12:20 PM,1259.5,LHS,Rural,Tangutur,Collision Brush/Side Wipe, Container Vehicle hit Tractor,Container,Non injury,Fault of driver of motor vehicle/driver of other vehicle/cyclist/pedestrian/passenger,Four lanes or more with central divider,Straight road,,Fine,HR46C  2886,P.V,Fatal,0
20.12.2015,12:20 PM,1259.5,LHS,Rural,Tangutur,Collision Brush/Side Wipe, Container Vehicle hit Tractor,Container,Non injury,Fault of driver of motor vehicle/driver of other vehicle/cyclist/pedestrian/passenger,Four lanes or more with central divider,Straight road,,Fine,HR46C  2886,P.V,Grevious,0
20.12.2015,12:20 PM,1259.5,LHS,Rural,Tangutur,Collision Brush/Side Wipe, Container Vehicle hit Tractor,Container,Non injury,Fault of driver of motor vehicle/driver of other vehicle/cyclist/pedestrian/passenger,Four lanes or more with central divider,Straight road,,Fine,HR46C  2886,P.V,Minor,0
20.12.2015,12:20 PM,1259.5,LHS,Rural,Tangutur,Collision Brush/Side Wipe, Container Vehicle hit Tractor,Container,Non injury,Fault of driver of motor vehicle/driver of other vehicle/cyclist/pedestrian/passenger,Four lanes or more with central divider,Straight road,,Fine,HR46C  2886,P.V,Non injured ,2
20.12.2015,12:20 PM,1259.5,LHS,Rural,Tangutur,Collision Brush/Side Wipe, Container Vehicle hit Tractor,Container,Non injury,Fault of driver of motor vehicle/driver of other vehicle/cyclist/pedestrian/passenger,Four lanes or more with central divider,Straight road,,Fine,HR46C  2886,P.V,Animals affected,0
20.12.2015,4:30 PM,1332.4,LHS,Rural,K.Tippa ,Collision Brush/Side Wipe, Bolero Maxi Truck hit TVS XL Moped,Car,Fatal,Over speed,Three lanes or more without central divider(median),Straight road,Four arm junction,Fine,AP27TX    7322,P.V,Fatal,1
20.12.2015,4:30 PM,1332.4,LHS,Rural,K.Tippa ,Collision Brush/Side Wipe, Bolero Maxi Truck hit TVS XL Moped,Car,Fatal,Over speed,Three lanes or more without central divider(median),Straight road,Four arm junction,Fine,AP27TX    7322,P.V,Grevious,0
20.12.2015,4:30 PM,1332.4,LHS,Rural,K.Tippa ,Collision Brush/Side Wipe, Bolero Maxi Truck hit TVS XL Moped,Car,Fatal,Over speed,Three lanes or more without central divider(median),Straight road,Four arm junction,Fine,AP27TX    7322,P.V,Minor,0
20.12.2015,4:30 PM,1332.4,LHS,Rural,K.Tippa ,Collision Brush/Side Wipe, Bolero Maxi Truck hit TVS XL Moped,Car,Fatal,Over speed,Three lanes or more without central divider(median),Straight road,Four arm junction,Fine,AP27TX    7322,P.V,Non injured ,1
20.12.2015,4:30 PM,1332.4,LHS,Rural,K.Tippa ,Collision Brush/Side Wipe, Bolero Maxi Truck hit TVS XL Moped,Car,Fatal,Over speed,Three lanes or more without central divider(median),Straight road,Four arm junction,Fine,AP27TX    7322,P.V,Animals affected,0
21.12.2015,6:55 AM,1241.4,LHS,Rural,Ongole,Collision Brush/Side Wipe, Tata ace Pick-up Vehicle went out of Ro,Tata Ace,Non injury,Fault of driver of motor vehicle/driver of other vehicle/cyclist/pedestrian/passenger,Four lanes or more with central divider,Straight road,,Fine,TS05UA    2306,P.V,Fatal,0
21.12.2015,6:55 AM,1241.4,LHS,Rural,Ongole,Collision Brush/Side Wipe, Tata ace Pick-up Vehicle went out of Ro,Tata Ace,Non injury,Fault of driver of motor vehicle/driver of other vehicle/cyclist/pedestrian/passenger,Four lanes or more with central divider,Straight road,,Fine,TS05UA    2306,P.V,Grevious,0
21.12.2015,6:55 AM,1241.4,LHS,Rural,Ongole,Collision Brush/Side Wipe, Tata ace Pick-up Vehicle went out of Ro,Tata Ace,Non injury,Fault of driver of motor vehicle/driver of other vehicle/cyclist/pedestrian/passenger,Four lanes or more with central divider,Straight road,,Fine,TS05UA    2306,P.V,Minor,0
21.12.2015,6:55 AM,1241.4,LHS,Rural,Ongole,Collision Brush/Side Wipe, Tata ace Pick-up Vehicle went out of Ro,Tata Ace,Non injury,Fault of driver of motor vehicle/driver of other vehicle/cyclist/pedestrian/passenger,Four lanes or more with central divider,Straight road,,Fine,TS05UA    2306,P.V,Non injured ,1
21.12.2015,6:55 AM,1241.4,LHS,Rural,Ongole,Collision Brush/Side Wipe, Tata ace Pick-up Vehicle went out of Ro,Tata Ace,Non injury,Fault of driver of motor vehicle/driver of other vehicle/cyclist/pedestrian/passenger,Four lanes or more with central divider,Straight road,,Fine,TS05UA    2306,P.V,Animals affected,0
21.12.2015,2:10 PM,1284.6,RHS,Rural,Ulavapadu,Collision Brush/Side Wipe, Unknown vehicle hit Pedestrian,Unknown,Fatal,Over speed,Four lanes or more with central divider,Straight road,,Fine,Unknown Vehicle,P.V,Fatal,1
21.12.2015,2:10 PM,1284.6,RHS,Rural,Ulavapadu,Collision Brush/Side Wipe, Unknown vehicle hit Pedestrian,Unknown,Fatal,Over speed,Four lanes or more with central divider,Straight road,,Fine,Unknown Vehicle,P.V,Grevious,0
21.12.2015,2:10 PM,1284.6,RHS,Rural,Ulavapadu,Collision Brush/Side Wipe, Unknown vehicle hit Pedestrian,Unknown,Fatal,Over speed,Four lanes or more with central divider,Straight road,,Fine,Unknown Vehicle,P.V,Minor,0
21.12.2015,2:10 PM,1284.6,RHS,Rural,Ulavapadu,Collision Brush/Side Wipe, Unknown vehicle hit Pedestrian,Unknown,Fatal,Over speed,Four lanes or more with central divider,Straight road,,Fine,Unknown Vehicle,P.V,Non injured ,0
21.12.2015,2:10 PM,1284.6,RHS,Rural,Ulavapadu,Collision Brush/Side Wipe, Unknown vehicle hit Pedestrian,Unknown,Fatal,Over speed,Four lanes or more with central divider,Straight road,,Fine,Unknown Vehicle,P.V,Animals affected,0
22.12.2015,11:59 AM,1331.2,RHS,Rural,Kavali,Collision Brush/Side Wipe, APSRTC Bus hit Tavera Car,Bus,Non injury,Over speed,Four lanes or more with central divider,Straight road,,Fine,AP26V     9559,P.V,Fatal,0
22.12.2015,11:59 AM,1331.2,RHS,Rural,Kavali,Collision Brush/Side Wipe, APSRTC Bus hit Tavera Car,Bus,Non injury,Over speed,Four lanes or more with central divider,Straight road,,Fine,AP26V     9559,P.V,Grevious,0
22.12.2015,11:59 AM,1331.2,RHS,Rural,Kavali,Collision Brush/Side Wipe, APSRTC Bus hit Tavera Car,Bus,Non injury,Over speed,Four lanes or more with central divider,Straight road,,Fine,AP26V     9559,P.V,Minor,0
22.12.2015,11:59 AM,1331.2,RHS,Rural,Kavali,Collision Brush/Side Wipe, APSRTC Bus hit Tavera Car,Bus,Non injury,Over speed,Four lanes or more with central divider,Straight road,,Fine,AP26V     9559,P.V,Non injured ,13
22.12.2015,11:59 AM,1331.2,RHS,Rural,Kavali,Collision Brush/Side Wipe, APSRTC Bus hit Tavera Car,Bus,Non injury,Over speed,Four lanes or more with central divider,Straight road,,Fine,AP26V     9559,P.V,Animals affected,0
23.12.2015,6:30 AM,1263.1,RHS,Rural,Tangutur,Collision Brush/Side Wipe, Car hit CC Barriers,Car,Non injury,Fault of driver of motor vehicle/driver of other vehicle/cyclist/pedestrian/passenger,Four lanes or more with central divider,Straight road,,Fine,PY01BZ 4567,P.V,Fatal,0
23.12.2015,6:30 AM,1263.1,RHS,Rural,Tangutur,Collision Brush/Side Wipe, Car hit CC Barriers,Car,Non injury,Fault of driver of motor vehicle/driver of other vehicle/cyclist/pedestrian/passenger,Four lanes or more with central divider,Straight road,,Fine,PY01BZ 4567,P.V,Grevious,0
23.12.2015,6:30 AM,1263.1,RHS,Rural,Tangutur,Collision Brush/Side Wipe, Car hit CC Barriers,Car,Non injury,Fault of driver of motor vehicle/driver of other vehicle/cyclist/pedestrian/passenger,Four lanes or more with central divider,Straight road,,Fine,PY01BZ 4567,P.V,Minor,0
23.12.2015,6:30 AM,1263.1,RHS,Rural,Tangutur,Collision Brush/Side Wipe, Car hit CC Barriers,Car,Non injury,Fault of driver of motor vehicle/driver of other vehicle/cyclist/pedestrian/passenger,Four lanes or more with central divider,Straight road,,Fine,PY01BZ 4567,P.V,Non injured ,5
23.12.2015,6:30 AM,1263.1,RHS,Rural,Tangutur,Collision Brush/Side Wipe, Car hit CC Barriers,Car,Non injury,Fault of driver of motor vehicle/driver of other vehicle/cyclist/pedestrian/passenger,Four lanes or more with central divider,Straight road,,Fine,PY01BZ 4567,P.V,Animals affected,0
23.12.2015,4:01 PM,1326,LHS,Rural,Kavali,Skidding, Bike Skidding,Bike,Minor injury,Druken,Four lanes or more with central divider,Straight road,,Fine,AP26 1765,AMB,Fatal,0
23.12.2015,4:01 PM,1326,LHS,Rural,Kavali,Skidding, Bike Skidding,Bike,Minor injury,Druken,Four lanes or more with central divider,Straight road,,Fine,AP26 1765,AMB,Grevious,0
23.12.2015,4:01 PM,1326,LHS,Rural,Kavali,Skidding, Bike Skidding,Bike,Minor injury,Druken,Four lanes or more with central divider,Straight road,,Fine,AP26 1765,AMB,Minor,1
23.12.2015,4:01 PM,1326,LHS,Rural,Kavali,Skidding, Bike Skidding,Bike,Minor injury,Druken,Four lanes or more with central divider,Straight road,,Fine,AP26 1765,AMB,Non injured ,1
23.12.2015,4:01 PM,1326,LHS,Rural,Kavali,Skidding, Bike Skidding,Bike,Minor injury,Druken,Four lanes or more with central divider,Straight road,,Fine,AP26 1765,AMB,Animals affected,0
24.12.2015,1:40 AM,1250.6,RHS,Rural,Ongole,Rear End Collision, Tipper hit Lorry,Lorry,Grievious injury,Over speed,Four lanes or more with central divider,Straight road,,Fine,AP27TW 3336,P.V,Fatal,0
24.12.2015,1:40 AM,1250.6,RHS,Rural,Ongole,Rear End Collision, Tipper hit Lorry,Lorry,Grievious injury,Over speed,Four lanes or more with central divider,Straight road,,Fine,AP27TW 3336,P.V,Grevious,1
24.12.2015,1:40 AM,1250.6,RHS,Rural,Ongole,Rear End Collision, Tipper hit Lorry,Lorry,Grievious injury,Over speed,Four lanes or more with central divider,Straight road,,Fine,AP27TW 3336,P.V,Minor,0
24.12.2015,1:40 AM,1250.6,RHS,Rural,Ongole,Rear End Collision, Tipper hit Lorry,Lorry,Grievious injury,Over speed,Four lanes or more with central divider,Straight road,,Fine,AP27TW 3336,P.V,Non injured ,0
24.12.2015,1:40 AM,1250.6,RHS,Rural,Ongole,Rear End Collision, Tipper hit Lorry,Lorry,Grievious injury,Over speed,Four lanes or more with central divider,Straight road,,Fine,AP27TW 3336,P.V,Animals affected,0
24.12.2015,4:30 AM,1208.2,RHS,Rural,Reningavaram,Rear End Collision, Private Bus hit Lorry,Bus,Fatal,Over speed,Four lanes or more with central divider,Straight road,,Fine,AP27Y  7211,P.V&AMB,Fatal,1
24.12.2015,4:30 AM,1208.2,RHS,Rural,Reningavaram,Rear End Collision, Private Bus hit Lorry,Bus,Fatal,Over speed,Four lanes or more with central divider,Straight road,,Fine,AP27Y  7211,P.V&AMB,Grevious,2
24.12.2015,4:30 AM,1208.2,RHS,Rural,Reningavaram,Rear End Collision, Private Bus hit Lorry,Bus,Fatal,Over speed,Four lanes or more with central divider,Straight road,,Fine,AP27Y  7211,P.V&AMB,Minor,18
24.12.2015,4:30 AM,1208.2,RHS,Rural,Reningavaram,Rear End Collision, Private Bus hit Lorry,Bus,Fatal,Over speed,Four lanes or more with central divider,Straight road,,Fine,AP27Y  7211,P.V&AMB,Non injured ,19
24.12.2015,4:30 AM,1208.2,RHS,Rural,Reningavaram,Rear End Collision, Private Bus hit Lorry,Bus,Fatal,Over speed,Four lanes or more with central divider,Straight road,,Fine,AP27Y  7211,P.V&AMB,Animals affected,0
24.12.2015,1:56 PM,1320.8,LHS,Rural,Kavali,Collision Brush/Side Wipe, Car hit Bike,Car,Grievious injury,Over speed,Four lanes or more with central divider,Straight road,,Fine,KA05MR 4229,P.V,Fatal,0
24.12.2015,1:56 PM,1320.8,LHS,Rural,Kavali,Collision Brush/Side Wipe, Car hit Bike,Car,Grievious injury,Over speed,Four lanes or more with central divider,Straight road,,Fine,KA05MR 4229,P.V,Grevious,2
24.12.2015,1:56 PM,1320.8,LHS,Rural,Kavali,Collision Brush/Side Wipe, Car hit Bike,Car,Grievious injury,Over speed,Four lanes or more with central divider,Straight road,,Fine,KA05MR 4229,P.V,Minor,0
24.12.2015,1:56 PM,1320.8,LHS,Rural,Kavali,Collision Brush/Side Wipe, Car hit Bike,Car,Grievious injury,Over speed,Four lanes or more with central divider,Straight road,,Fine,KA05MR 4229,P.V,Non injured ,0
24.12.2015,1:56 PM,1320.8,LHS,Rural,Kavali,Collision Brush/Side Wipe, Car hit Bike,Car,Grievious injury,Over speed,Four lanes or more with central divider,Straight road,,Fine,KA05MR 4229,P.V,Animals affected,0
24.12.2015,2:40 PM,1260.4,RHS,Rural,Tangutur,Rear End Collision, Car hit APSRTC Bus,Car,Non injury,Over speed,Four lanes or more with central divider,Straight road,,Fine,TN02AP 9096,P.V,Fatal,0
24.12.2015,2:40 PM,1260.4,RHS,Rural,Tangutur,Rear End Collision, Car hit APSRTC Bus,Car,Non injury,Over speed,Four lanes or more with central divider,Straight road,,Fine,TN02AP 9096,P.V,Grevious,0
24.12.2015,2:40 PM,1260.4,RHS,Rural,Tangutur,Rear End Collision, Car hit APSRTC Bus,Car,Non injury,Over speed,Four lanes or more with central divider,Straight road,,Fine,TN02AP 9096,P.V,Minor,0
24.12.2015,2:40 PM,1260.4,RHS,Rural,Tangutur,Rear End Collision, Car hit APSRTC Bus,Car,Non injury,Over speed,Four lanes or more with central divider,Straight road,,Fine,TN02AP 9096,P.V,Non injured ,40
24.12.2015,2:40 PM,1260.4,RHS,Rural,Tangutur,Rear End Collision, Car hit APSRTC Bus,Car,Non injury,Over speed,Four lanes or more with central divider,Straight road,,Fine,TN02AP 9096,P.V,Animals affected,0
25.12.2015,12:05 AM,1287.3,LHS,Rural,Ulavapadu,Rear End Collision, Lorry hit Unknown vehicle,Lorry,Minor injury,Over speed,Four lanes or more with central divider,Straight road,,Fine,AP16TY 5226,P.V,Fatal,0
25.12.2015,12:05 AM,1287.3,LHS,Rural,Ulavapadu,Rear End Collision, Lorry hit Unknown vehicle,Lorry,Minor injury,Over speed,Four lanes or more with central divider,Straight road,,Fine,AP16TY 5226,P.V,Grevious,0
25.12.2015,12:05 AM,1287.3,LHS,Rural,Ulavapadu,Rear End Collision, Lorry hit Unknown vehicle,Lorry,Minor injury,Over speed,Four lanes or more with central divider,Straight road,,Fine,AP16TY 5226,P.V,Minor,1
25.12.2015,12:05 AM,1287.3,LHS,Rural,Ulavapadu,Rear End Collision, Lorry hit Unknown vehicle,Lorry,Minor injury,Over speed,Four lanes or more with central divider,Straight road,,Fine,AP16TY 5226,P.V,Non injured ,1
25.12.2015,12:05 AM,1287.3,LHS,Rural,Ulavapadu,Rear End Collision, Lorry hit Unknown vehicle,Lorry,Minor injury,Over speed,Four lanes or more with central divider,Straight road,,Fine,AP16TY 5226,P.V,Animals affected,0
26.12.2015,7:00 AM,1298.4,RHS,Rural,Ulavapadu,Overturning, Container vehicle hit median ,Container,Non injury,Fault of driver of motor vehicle/driver of other vehicle/cyclist/pedestrian/passenger,Four lanes or more with central divider,Straight road,,Fine,HR38Q  8554,P.V,Fatal,0
26.12.2015,7:00 AM,1298.4,RHS,Rural,Ulavapadu,Overturning, Container vehicle hit median ,Container,Non injury,Fault of driver of motor vehicle/driver of other vehicle/cyclist/pedestrian/passenger,Four lanes or more with central divider,Straight road,,Fine,HR38Q  8554,P.V,Grevious,0
26.12.2015,7:00 AM,1298.4,RHS,Rural,Ulavapadu,Overturning, Container vehicle hit median ,Container,Non injury,Fault of driver of motor vehicle/driver of other vehicle/cyclist/pedestrian/passenger,Four lanes or more with central divider,Straight road,,Fine,HR38Q  8554,P.V,Minor,0
26.12.2015,7:00 AM,1298.4,RHS,Rural,Ulavapadu,Overturning, Container vehicle hit median ,Container,Non injury,Fault of driver of motor vehicle/driver of other vehicle/cyclist/pedestrian/passenger,Four lanes or more with central divider,Straight road,,Fine,HR38Q  8554,P.V,Non injured ,2
26.12.2015,7:00 AM,1298.4,RHS,Rural,Ulavapadu,Overturning, Container vehicle hit median ,Container,Non injury,Fault of driver of motor vehicle/driver of other vehicle/cyclist/pedestrian/passenger,Four lanes or more with central divider,Straight road,,Fine,HR38Q  8554,P.V,Animals affected,0
26.12.2015,8:32 AM,1200.6,LHS,Rural,Reningavaram,Skidding, Bike skidding,Bike,Grievious injury,Over speed,Three lanes or more without central divider(median),Straight road,T-Junction,Fine,AP27BD  2225,A.M.B,Fatal,0
26.12.2015,8:32 AM,1200.6,LHS,Rural,Reningavaram,Skidding, Bike skidding,Bike,Grievious injury,Over speed,Three lanes or more without central divider(median),Straight road,T-Junction,Fine,AP27BD  2225,A.M.B,Grevious,1
26.12.2015,8:32 AM,1200.6,LHS,Rural,Reningavaram,Skidding, Bike skidding,Bike,Grievious injury,Over speed,Three lanes or more without central divider(median),Straight road,T-Junction,Fine,AP27BD  2225,A.M.B,Minor,0
26.12.2015,8:32 AM,1200.6,LHS,Rural,Reningavaram,Skidding, Bike skidding,Bike,Grievious injury,Over speed,Three lanes or more without central divider(median),Straight road,T-Junction,Fine,AP27BD  2225,A.M.B,Non injured ,1
26.12.2015,8:32 AM,1200.6,LHS,Rural,Reningavaram,Skidding, Bike skidding,Bike,Grievious injury,Over speed,Three lanes or more without central divider(median),Straight road,T-Junction,Fine,AP27BD  2225,A.M.B,Animals affected,0
26.12.2015,4:30 PM,1263.5,RHS,Rural,Tangutur,Rear End Collision, Bike hit bike,Bike,Grievious injury,Over speed,Four lanes or more with central divider,Straight road,,Fine,AP27AC  5762,A.M.B,Fatal,0
26.12.2015,4:30 PM,1263.5,RHS,Rural,Tangutur,Rear End Collision, Bike hit bike,Bike,Grievious injury,Over speed,Four lanes or more with central divider,Straight road,,Fine,AP27AC  5762,A.M.B,Grevious,1
26.12.2015,4:30 PM,1263.5,RHS,Rural,Tangutur,Rear End Collision, Bike hit bike,Bike,Grievious injury,Over speed,Four lanes or more with central divider,Straight road,,Fine,AP27AC  5762,A.M.B,Minor,1
26.12.2015,4:30 PM,1263.5,RHS,Rural,Tangutur,Rear End Collision, Bike hit bike,Bike,Grievious injury,Over speed,Four lanes or more with central divider,Straight road,,Fine,AP27AC  5762,A.M.B,Non injured ,0
26.12.2015,4:30 PM,1263.5,RHS,Rural,Tangutur,Rear End Collision, Bike hit bike,Bike,Grievious injury,Over speed,Four lanes or more with central divider,Straight road,,Fine,AP27AC  5762,A.M.B,Animals affected,0
26.12.2015,6:00 PM,1361.6,RHS,Rural,Kodavaluru,Collision Brush/Side Wipe, Car hit bike,Car,Fatal,Fault of driver of motor vehicle/driver of other vehicle/cyclist/pedestrian/passenger,Four lanes or more with central divider,Straight road,,Fine,AP24AT  5139,P.V,Fatal,1
26.12.2015,6:00 PM,1361.6,RHS,Rural,Kodavaluru,Collision Brush/Side Wipe, Car hit bike,Car,Fatal,Fault of driver of motor vehicle/driver of other vehicle/cyclist/pedestrian/passenger,Four lanes or more with central divider,Straight road,,Fine,AP24AT  5139,P.V,Grevious,0
26.12.2015,6:00 PM,1361.6,RHS,Rural,Kodavaluru,Collision Brush/Side Wipe, Car hit bike,Car,Fatal,Fault of driver of motor vehicle/driver of other vehicle/cyclist/pedestrian/passenger,Four lanes or more with central divider,Straight road,,Fine,AP24AT  5139,P.V,Minor,0
26.12.2015,6:00 PM,1361.6,RHS,Rural,Kodavaluru,Collision Brush/Side Wipe, Car hit bike,Car,Fatal,Fault of driver of motor vehicle/driver of other vehicle/cyclist/pedestrian/passenger,Four lanes or more with central divider,Straight road,,Fine,AP24AT  5139,P.V,Non injured ,5
26.12.2015,6:00 PM,1361.6,RHS,Rural,Kodavaluru,Collision Brush/Side Wipe, Car hit bike,Car,Fatal,Fault of driver of motor vehicle/driver of other vehicle/cyclist/pedestrian/passenger,Four lanes or more with central divider,Straight road,,Fine,AP24AT  5139,P.V,Animals affected,0
27.12.2015,2:50 PM,1261.5,LHS,Rural,Tangutur,Collision Brush/Side Wipe, Bike hit         CC barrier,Bike,Minor injury,Druken,Four lanes or more with central divider,Straight road,,Fine,AP09BA 9045,A.M.B,Fatal,0
27.12.2015,2:50 PM,1261.5,LHS,Rural,Tangutur,Collision Brush/Side Wipe, Bike hit         CC barrier,Bike,Minor injury,Druken,Four lanes or more with central divider,Straight road,,Fine,AP09BA 9045,A.M.B,Grevious,0
27.12.2015,2:50 PM,1261.5,LHS,Rural,Tangutur,Collision Brush/Side Wipe, Bike hit         CC barrier,Bike,Minor injury,Druken,Four lanes or more with central divider,Straight road,,Fine,AP09BA 9045,A.M.B,Minor,1
27.12.2015,2:50 PM,1261.5,LHS,Rural,Tangutur,Collision Brush/Side Wipe, Bike hit         CC barrier,Bike,Minor injury,Druken,Four lanes or more with central divider,Straight road,,Fine,AP09BA 9045,A.M.B,Non injured ,0
27.12.2015,2:50 PM,1261.5,LHS,Rural,Tangutur,Collision Brush/Side Wipe, Bike hit         CC barrier,Bike,Minor injury,Druken,Four lanes or more with central divider,Straight road,,Fine,AP09BA 9045,A.M.B,Animals affected,0
28.12.2015,10:15 PM,1285.4,LHS,Rural,Ulavapadu,Collision Brush/Side Wipe, Car hit Unknown vehicle ,Car,Minor injury,Over speed,Four lanes or more with central divider,Straight road,,Fine,KA04MF  3661,P.V,Fatal,0
28.12.2015,10:15 PM,1285.4,LHS,Rural,Ulavapadu,Collision Brush/Side Wipe, Car hit Unknown vehicle ,Car,Minor injury,Over speed,Four lanes or more with central divider,Straight road,,Fine,KA04MF  3661,P.V,Grevious,0
28.12.2015,10:15 PM,1285.4,LHS,Rural,Ulavapadu,Collision Brush/Side Wipe, Car hit Unknown vehicle ,Car,Minor injury,Over speed,Four lanes or more with central divider,Straight road,,Fine,KA04MF  3661,P.V,Minor,4
28.12.2015,10:15 PM,1285.4,LHS,Rural,Ulavapadu,Collision Brush/Side Wipe, Car hit Unknown vehicle ,Car,Minor injury,Over speed,Four lanes or more with central divider,Straight road,,Fine,KA04MF  3661,P.V,Non injured ,0
28.12.2015,10:15 PM,1285.4,LHS,Rural,Ulavapadu,Collision Brush/Side Wipe, Car hit Unknown vehicle ,Car,Minor injury,Over speed,Four lanes or more with central divider,Straight road,,Fine,KA04MF  3661,P.V,Animals affected,0
31.12.2015,7:50 AM,1314.9,RHS,Rural,Kavali,Overturning, Car overturned,Car,Grievious injury,Defect in mechanical condition of motor vehicle/road condition,Four lanes or more with central divider,Straight road,,Mist/Fog,AP03AJ 7789,P.V,Fatal,0
31.12.2015,7:50 AM,1314.9,RHS,Rural,Kavali,Overturning, Car overturned,Car,Grievious injury,Defect in mechanical condition of motor vehicle/road condition,Four lanes or more with central divider,Straight road,,Mist/Fog,AP03AJ 7789,P.V,Grevious,1
31.12.2015,7:50 AM,1314.9,RHS,Rural,Kavali,Overturning, Car overturned,Car,Grievious injury,Defect in mechanical condition of motor vehicle/road condition,Four lanes or more with central divider,Straight road,,Mist/Fog,AP03AJ 7789,P.V,Minor,4
31.12.2015,7:50 AM,1314.9,RHS,Rural,Kavali,Overturning, Car overturned,Car,Grievious injury,Defect in mechanical condition of motor vehicle/road condition,Four lanes or more with central divider,Straight road,,Mist/Fog,AP03AJ 7789,P.V,Non injured ,1
31.12.2015,7:50 AM,1314.9,RHS,Rural,Kavali,Overturning, Car overturned,Car,Grievious injury,Defect in mechanical condition of motor vehicle/road condition,Four lanes or more with central divider,Straight road,,Mist/Fog,AP03AJ 7789,P.V,Animals affected,0
01.01.2016,1:10 PM,1252.6,RHS,Rural,Ongole,Collision Brush/Side Wipe, Bike hit Lorry,Bike,Fatal,Fault of driver of motor vehicle/driver of other vehicle/cyclist/pedestrian/passenger,Two lanes,Straight road,,Fine,AP27AB  3802,P.V,Fatal,1
01.01.2016,1:10 PM,1252.6,RHS,Rural,Ongole,Collision Brush/Side Wipe, Bike hit Lorry,Bike,Fatal,Fault of driver of motor vehicle/driver of other vehicle/cyclist/pedestrian/passenger,Two lanes,Straight road,,Fine,AP27AB  3802,P.V,Grevious,2
01.01.2016,1:10 PM,1252.6,RHS,Rural,Ongole,Collision Brush/Side Wipe, Bike hit Lorry,Bike,Fatal,Fault of driver of motor vehicle/driver of other vehicle/cyclist/pedestrian/passenger,Two lanes,Straight road,,Fine,AP27AB  3802,P.V,Minor,0
01.01.2016,1:10 PM,1252.6,RHS,Rural,Ongole,Collision Brush/Side Wipe, Bike hit Lorry,Bike,Fatal,Fault of driver of motor vehicle/driver of other vehicle/cyclist/pedestrian/passenger,Two lanes,Straight road,,Fine,AP27AB  3802,P.V,Non injured ,0
01.01.2016,1:10 PM,1252.6,RHS,Rural,Ongole,Collision Brush/Side Wipe, Bike hit Lorry,Bike,Fatal,Fault of driver of motor vehicle/driver of other vehicle/cyclist/pedestrian/passenger,Two lanes,Straight road,,Fine,AP27AB  3802,P.V,Animals affected,0
02.01.2016,3:40 AM,1268.5,RHS,Rural,Jarugumalli,Collision Brush/Side Wipe, APSRTC Bus hit Median,Bus,Non injury,Defect in mechanical condition of motor vehicle/road condition,Four lanes or more with central divider,Straight road,,Fine,AP16Z   0156,P.V,Fatal,0
02.01.2016,3:40 AM,1268.5,RHS,Rural,Jarugumalli,Collision Brush/Side Wipe, APSRTC Bus hit Median,Bus,Non injury,Defect in mechanical condition of motor vehicle/road condition,Four lanes or more with central divider,Straight road,,Fine,AP16Z   0156,P.V,Grevious,0