Operational date,Time of Accident,KM && M,Position,Rural/Urban,Location,Nature of Accident Position,Nature of Accident,Vehicle Involved,Type of Accident,Causes,Road Feature,Road condition,Intersection Type And Control,Weather Condition,Vehicle Responsible,Help Provided by Ambulance/Patroling Vehicle,Classification of Accident,No of Affected Persons
02.01.2016,3:40 AM,1268.5,RHS,Rural,Jarugumalli,Collision Brush/Side Wipe, APSRTC Bus hit Median,Bus,Non injury,Defect in mechanical condition of motor vehicle/road condition,Four lanes or more with central divider,Straight road,,Fine,AP16Z   0156,P.V,Minor,0
02.01.2016,3:40 AM,1268.5,RHS,Rural,Jarugumalli,Collision Brush/Side Wipe, APSRTC Bus hit Median,Bus,Non injury,Defect in mechanical condition of motor vehicle/road condition,Four lanes or more with central divider,Straight road,,Fine,AP16Z   0156,P.V,Non injured ,34
02.01.2016,3:40 AM,1268.5,RHS,Rural,Jarugumalli,Collision Brush/Side Wipe, APSRTC Bus hit Median,Bus,Non injury,Defect in mechanical condition of motor vehicle/road condition,Four lanes or more with central divider,Straight road,,Fine,AP16Z   0156,P.V,Animals affected,0
03.01.2016,6:30 AM,1200.5,RHS,Rural,Reningavaram,Head on collision, Tractor hit              Bike,Tractor,Grievious injury,Fault of driver of motor vehicle/driver of other vehicle/cyclist/pedestrian/passenger,Four lanes or more with central divider,Straight road,,Fine,AP27TX    6509,PV&A.M.B,Fatal,0
03.01.2016,6:30 AM,1200.5,RHS,Rural,Reningavaram,Head on collision, Tractor hit              Bike,Tractor,Grievious injury,Fault of driver of motor vehicle/driver of other vehicle/cyclist/pedestrian/passenger,Four lanes or more with central divider,Straight road,,Fine,AP27TX    6509,PV&A.M.B,Grevious,1
03.01.2016,6:30 AM,1200.5,RHS,Rural,Reningavaram,Head on collision, Tractor hit              Bike,Tractor,Grievious injury,Fault of driver of motor vehicle/driver of other vehicle/cyclist/pedestrian/passenger,Four lanes or more with central divider,Straight road,,Fine,AP27TX    6509,PV&A.M.B,Minor,0
03.01.2016,6:30 AM,1200.5,RHS,Rural,Reningavaram,Head on collision, Tractor hit              Bike,Tractor,Grievious injury,Fault of driver of motor vehicle/driver of other vehicle/cyclist/pedestrian/passenger,Four lanes or more with central divider,Straight road,,Fine,AP27TX    6509,PV&A.M.B,Non injured ,0
03.01.2016,6:30 AM,1200.5,RHS,Rural,Reningavaram,Head on collision, Tractor hit              Bike,Tractor,Grievious injury,Fault of driver of motor vehicle/driver of other vehicle/cyclist/pedestrian/passenger,Four lanes or more with central divider,Straight road,,Fine,AP27TX    6509,PV&A.M.B,Animals affected,0
03.01.2016,12:17 PM,1219,RHS,Rural,Medarametla,Collision Brush/Side Wipe, Lorry hit              Omni Van,Lorry,Non injury,Over speed,Four lanes or more with central divider,Slight curve,,Fine,AP02U  8263,PV,Fatal,0
03.01.2016,12:17 PM,1219,RHS,Rural,Medarametla,Collision Brush/Side Wipe, Lorry hit              Omni Van,Lorry,Non injury,Over speed,Four lanes or more with central divider,Slight curve,,Fine,AP02U  8263,PV,Grevious,0
03.01.2016,12:17 PM,1219,RHS,Rural,Medarametla,Collision Brush/Side Wipe, Lorry hit              Omni Van,Lorry,Non injury,Over speed,Four lanes or more with central divider,Slight curve,,Fine,AP02U  8263,PV,Minor,0
03.01.2016,12:17 PM,1219,RHS,Rural,Medarametla,Collision Brush/Side Wipe, Lorry hit              Omni Van,Lorry,Non injury,Over speed,Four lanes or more with central divider,Slight curve,,Fine,AP02U  8263,PV,Non injured ,3
03.01.2016,12:17 PM,1219,RHS,Rural,Medarametla,Collision Brush/Side Wipe, Lorry hit              Omni Van,Lorry,Non injury,Over speed,Four lanes or more with central divider,Slight curve,,Fine,AP02U  8263,PV,Animals affected,0
04.01.2016,4:50 AM,1199.1,LHS,Rural,Martur,Collision Brush/Side Wipe, Car hit Median,Car,Non injury,Fault of driver of motor vehicle/driver of other vehicle/cyclist/pedestrian/passenger,Four lanes or more with central divider,Straight road,,Mist/Fog,AP27BB 9783,PV,Fatal,0
04.01.2016,4:50 AM,1199.1,LHS,Rural,Martur,Collision Brush/Side Wipe, Car hit Median,Car,Non injury,Fault of driver of motor vehicle/driver of other vehicle/cyclist/pedestrian/passenger,Four lanes or more with central divider,Straight road,,Mist/Fog,AP27BB 9783,PV,Grevious,0
04.01.2016,4:50 AM,1199.1,LHS,Rural,Martur,Collision Brush/Side Wipe, Car hit Median,Car,Non injury,Fault of driver of motor vehicle/driver of other vehicle/cyclist/pedestrian/passenger,Four lanes or more with central divider,Straight road,,Mist/Fog,AP27BB 9783,PV,Minor,0
04.01.2016,4:50 AM,1199.1,LHS,Rural,Martur,Collision Brush/Side Wipe, Car hit Median,Car,Non injury,Fault of driver of motor vehicle/driver of other vehicle/cyclist/pedestrian/passenger,Four lanes or more with central divider,Straight road,,Mist/Fog,AP27BB 9783,PV,Non injured ,1
04.01.2016,4:50 AM,1199.1,LHS,Rural,Martur,Collision Brush/Side Wipe, Car hit Median,Car,Non injury,Fault of driver of motor vehicle/driver of other vehicle/cyclist/pedestrian/passenger,Four lanes or more with central divider,Straight road,,Mist/Fog,AP27BB 9783,PV,Animals affected,0
05.01.2016,7:10 AM,1280.2,LHS,Rural,Singarayakonda,Collision Brush/Side Wipe, Unknown vehicle hit buffalo,Unknown,Non injury,Over speed,Four lanes or more with central divider,Straight road,,Fine,Unknown vehicle,PV,Fatal,0
05.01.2016,7:10 AM,1280.2,LHS,Rural,Singarayakonda,Collision Brush/Side Wipe, Unknown vehicle hit buffalo,Unknown,Non injury,Over speed,Four lanes or more with central divider,Straight road,,Fine,Unknown vehicle,PV,Grevious,0
05.01.2016,7:10 AM,1280.2,LHS,Rural,Singarayakonda,Collision Brush/Side Wipe, Unknown vehicle hit buffalo,Unknown,Non injury,Over speed,Four lanes or more with central divider,Straight road,,Fine,Unknown vehicle,PV,Minor,0
05.01.2016,7:10 AM,1280.2,LHS,Rural,Singarayakonda,Collision Brush/Side Wipe, Unknown vehicle hit buffalo,Unknown,Non injury,Over speed,Four lanes or more with central divider,Straight road,,Fine,Unknown vehicle,PV,Non injured ,0
05.01.2016,7:10 AM,1280.2,LHS,Rural,Singarayakonda,Collision Brush/Side Wipe, Unknown vehicle hit buffalo,Unknown,Non injury,Over speed,Four lanes or more with central divider,Straight road,,Fine,Unknown vehicle,PV,Animals affected,2
06.01.2016,9:35 AM,1200.6,LHS,Rural,Reningavaram,Collision Brush/Side Wipe, Unknown vehicle hit Cyclist,Unknown,Grievious injury,Over speed,Three lanes or more without central divider(median),Straight road,T-Junction,Fine,Unknown vehicle,AMB,Fatal,0
06.01.2016,9:35 AM,1200.6,LHS,Rural,Reningavaram,Collision Brush/Side Wipe, Unknown vehicle hit Cyclist,Unknown,Grievious injury,Over speed,Three lanes or more without central divider(median),Straight road,T-Junction,Fine,Unknown vehicle,AMB,Grevious,1
06.01.2016,9:35 AM,1200.6,LHS,Rural,Reningavaram,Collision Brush/Side Wipe, Unknown vehicle hit Cyclist,Unknown,Grievious injury,Over speed,Three lanes or more without central divider(median),Straight road,T-Junction,Fine,Unknown vehicle,AMB,Minor,0
06.01.2016,9:35 AM,1200.6,LHS,Rural,Reningavaram,Collision Brush/Side Wipe, Unknown vehicle hit Cyclist,Unknown,Grievious injury,Over speed,Three lanes or more without central divider(median),Straight road,T-Junction,Fine,Unknown vehicle,AMB,Non injured ,0
06.01.2016,9:35 AM,1200.6,LHS,Rural,Reningavaram,Collision Brush/Side Wipe, Unknown vehicle hit Cyclist,Unknown,Grievious injury,Over speed,Three lanes or more without central divider(median),Straight road,T-Junction,Fine,Unknown vehicle,AMB,Animals affected,0
06.01.2016,11:00 AM,1307.6,RHS,Rural,Gudluru,Collision Brush/Side Wipe, Car hit Lorry,Car,Minor injury,Over speed,Four lanes or more with central divider,Straight road,,Fine,TN22CT 1014,P.V,Fatal,0
06.01.2016,11:00 AM,1307.6,RHS,Rural,Gudluru,Collision Brush/Side Wipe, Car hit Lorry,Car,Minor injury,Over speed,Four lanes or more with central divider,Straight road,,Fine,TN22CT 1014,P.V,Grevious,0
06.01.2016,11:00 AM,1307.6,RHS,Rural,Gudluru,Collision Brush/Side Wipe, Car hit Lorry,Car,Minor injury,Over speed,Four lanes or more with central divider,Straight road,,Fine,TN22CT 1014,P.V,Minor,1
06.01.2016,11:00 AM,1307.6,RHS,Rural,Gudluru,Collision Brush/Side Wipe, Car hit Lorry,Car,Minor injury,Over speed,Four lanes or more with central divider,Straight road,,Fine,TN22CT 1014,P.V,Non injured ,2
06.01.2016,11:00 AM,1307.6,RHS,Rural,Gudluru,Collision Brush/Side Wipe, Car hit Lorry,Car,Minor injury,Over speed,Four lanes or more with central divider,Straight road,,Fine,TN22CT 1014,P.V,Animals affected,0
06.01.2016,1:40 PM,1243.7,RHS,Urban,Ongole,Rear End Collision, Mini Lorry hit Lorry,Lorry,Minor injury,Over speed,Four lanes or more with central divider,Straight road,,Fine,AP7TW 8856,P.V,Fatal,0
06.01.2016,1:40 PM,1243.7,RHS,Urban,Ongole,Rear End Collision, Mini Lorry hit Lorry,Lorry,Minor injury,Over speed,Four lanes or more with central divider,Straight road,,Fine,AP7TW 8856,P.V,Grevious,0
06.01.2016,1:40 PM,1243.7,RHS,Urban,Ongole,Rear End Collision, Mini Lorry hit Lorry,Lorry,Minor injury,Over speed,Four lanes or more with central divider,Straight road,,Fine,AP7TW 8856,P.V,Minor,1
06.01.2016,1:40 PM,1243.7,RHS,Urban,Ongole,Rear End Collision, Mini Lorry hit Lorry,Lorry,Minor injury,Over speed,Four lanes or more with central divider,Straight road,,Fine,AP7TW 8856,P.V,Non injured ,1
06.01.2016,1:40 PM,1243.7,RHS,Urban,Ongole,Rear End Collision, Mini Lorry hit Lorry,Lorry,Minor injury,Over speed,Four lanes or more with central divider,Straight road,,Fine,AP7TW 8856,P.V,Animals affected,0
07.01.2016,12:25 AM,1351.9,RHS,Rural,Kodavaluru,Overturning, Car   Over Turned,Car,Non injury,Fault of driver of motor vehicle/driver of other vehicle/cyclist/pedestrian/passenger,Four lanes or more with central divider,Straight road,,Fine,TS04EG   1025,P.V,Fatal,0
07.01.2016,12:25 AM,1351.9,RHS,Rural,Kodavaluru,Overturning, Car   Over Turned,Car,Non injury,Fault of driver of motor vehicle/driver of other vehicle/cyclist/pedestrian/passenger,Four lanes or more with central divider,Straight road,,Fine,TS04EG   1025,P.V,Grevious,0
07.01.2016,12:25 AM,1351.9,RHS,Rural,Kodavaluru,Overturning, Car   Over Turned,Car,Non injury,Fault of driver of motor vehicle/driver of other vehicle/cyclist/pedestrian/passenger,Four lanes or more with central divider,Straight road,,Fine,TS04EG   1025,P.V,Minor,0
07.01.2016,12:25 AM,1351.9,RHS,Rural,Kodavaluru,Overturning, Car   Over Turned,Car,Non injury,Fault of driver of motor vehicle/driver of other vehicle/cyclist/pedestrian/passenger,Four lanes or more with central divider,Straight road,,Fine,TS04EG   1025,P.V,Non injured ,4
07.01.2016,12:25 AM,1351.9,RHS,Rural,Kodavaluru,Overturning, Car   Over Turned,Car,Non injury,Fault of driver of motor vehicle/driver of other vehicle/cyclist/pedestrian/passenger,Four lanes or more with central divider,Straight road,,Fine,TS04EG   1025,P.V,Animals affected,0
07.01.2016,8:35 AM,1207.4,RHS,Rural,Reningavaram,Skidding, Bike Skidding,Bike,Grievious injury,Over speed,Four lanes or more with central divider,Straight road,,Fine,AP27AD   4342,PV&A.M.B,Fatal,0
07.01.2016,8:35 AM,1207.4,RHS,Rural,Reningavaram,Skidding, Bike Skidding,Bike,Grievious injury,Over speed,Four lanes or more with central divider,Straight road,,Fine,AP27AD   4342,PV&A.M.B,Grevious,1
07.01.2016,8:35 AM,1207.4,RHS,Rural,Reningavaram,Skidding, Bike Skidding,Bike,Grievious injury,Over speed,Four lanes or more with central divider,Straight road,,Fine,AP27AD   4342,PV&A.M.B,Minor,0
07.01.2016,8:35 AM,1207.4,RHS,Rural,Reningavaram,Skidding, Bike Skidding,Bike,Grievious injury,Over speed,Four lanes or more with central divider,Straight road,,Fine,AP27AD   4342,PV&A.M.B,Non injured ,0
07.01.2016,8:35 AM,1207.4,RHS,Rural,Reningavaram,Skidding, Bike Skidding,Bike,Grievious injury,Over speed,Four lanes or more with central divider,Straight road,,Fine,AP27AD   4342,PV&A.M.B,Animals affected,0
07.01.2016,10:00 AM,1239.5,LHS,Rural,Ongole,Rear End Collision, Car hit  Unknown Vehicle,Car,Non injury,Over speed,Four lanes or more with central divider,Straight road,,Fine,KL07BG   976,P.V,Fatal,0
07.01.2016,10:00 AM,1239.5,LHS,Rural,Ongole,Rear End Collision, Car hit  Unknown Vehicle,Car,Non injury,Over speed,Four lanes or more with central divider,Straight road,,Fine,KL07BG   976,P.V,Grevious,0
07.01.2016,10:00 AM,1239.5,LHS,Rural,Ongole,Rear End Collision, Car hit  Unknown Vehicle,Car,Non injury,Over speed,Four lanes or more with central divider,Straight road,,Fine,KL07BG   976,P.V,Minor,0
07.01.2016,10:00 AM,1239.5,LHS,Rural,Ongole,Rear End Collision, Car hit  Unknown Vehicle,Car,Non injury,Over speed,Four lanes or more with central divider,Straight road,,Fine,KL07BG   976,P.V,Non injured ,2
07.01.2016,10:00 AM,1239.5,LHS,Rural,Ongole,Rear End Collision, Car hit  Unknown Vehicle,Car,Non injury,Over speed,Four lanes or more with central divider,Straight road,,Fine,KL07BG   976,P.V,Animals affected,0
09.01.2016,3:37 PM,1240.1,LHS,Rural,Ongole,Collision Brush/Side Wipe, Lorry hit Car,Lorry,Non injury,Over speed,Four lanes or more with central divider,Straight road,,Fine,UP21BN 1883,P.V,Fatal,0
09.01.2016,3:37 PM,1240.1,LHS,Rural,Ongole,Collision Brush/Side Wipe, Lorry hit Car,Lorry,Non injury,Over speed,Four lanes or more with central divider,Straight road,,Fine,UP21BN 1883,P.V,Grevious,0
09.01.2016,3:37 PM,1240.1,LHS,Rural,Ongole,Collision Brush/Side Wipe, Lorry hit Car,Lorry,Non injury,Over speed,Four lanes or more with central divider,Straight road,,Fine,UP21BN 1883,P.V,Minor,0
09.01.2016,3:37 PM,1240.1,LHS,Rural,Ongole,Collision Brush/Side Wipe, Lorry hit Car,Lorry,Non injury,Over speed,Four lanes or more with central divider,Straight road,,Fine,UP21BN 1883,P.V,Non injured ,4
09.01.2016,3:37 PM,1240.1,LHS,Rural,Ongole,Collision Brush/Side Wipe, Lorry hit Car,Lorry,Non injury,Over speed,Four lanes or more with central divider,Straight road,,Fine,UP21BN 1883,P.V,Animals affected,0
10.01.2016,11:55 AM,1219.5,LHS,Rural,Medarametla,Collision Brush/Side Wipe, Trailler vehicle hit Pedestrian,Trailler,Fatal,Fault of driver of motor vehicle/driver of other vehicle/cyclist/pedestrian/passenger,Three lanes or more without central divider(median),Sharp curve,Four arm junction,Fine,RJ02GA       1685,P.V,Fatal,1
10.01.2016,11:55 AM,1219.5,LHS,Rural,Medarametla,Collision Brush/Side Wipe, Trailler vehicle hit Pedestrian,Trailler,Fatal,Fault of driver of motor vehicle/driver of other vehicle/cyclist/pedestrian/passenger,Three lanes or more without central divider(median),Sharp curve,Four arm junction,Fine,RJ02GA       1685,P.V,Grevious,0
10.01.2016,11:55 AM,1219.5,LHS,Rural,Medarametla,Collision Brush/Side Wipe, Trailler vehicle hit Pedestrian,Trailler,Fatal,Fault of driver of motor vehicle/driver of other vehicle/cyclist/pedestrian/passenger,Three lanes or more without central divider(median),Sharp curve,Four arm junction,Fine,RJ02GA       1685,P.V,Minor,0
10.01.2016,11:55 AM,1219.5,LHS,Rural,Medarametla,Collision Brush/Side Wipe, Trailler vehicle hit Pedestrian,Trailler,Fatal,Fault of driver of motor vehicle/driver of other vehicle/cyclist/pedestrian/passenger,Three lanes or more without central divider(median),Sharp curve,Four arm junction,Fine,RJ02GA       1685,P.V,Non injured ,0
10.01.2016,11:55 AM,1219.5,LHS,Rural,Medarametla,Collision Brush/Side Wipe, Trailler vehicle hit Pedestrian,Trailler,Fatal,Fault of driver of motor vehicle/driver of other vehicle/cyclist/pedestrian/passenger,Three lanes or more without central divider(median),Sharp curve,Four arm junction,Fine,RJ02GA       1685,P.V,Animals affected,0
10.01.2016,2:20 PM,1269.8,RHS,Rural,Jarugumalli,Collision Brush/Side Wipe, Trailler vehicle hit Bike,Trailler,Grievious injury,Fault of driver of motor vehicle/driver of other vehicle/cyclist/pedestrian/passenger,Four lanes or more with central divider,Slight curve,,Fine,AP16TY    9696,P.V,Fatal,0
10.01.2016,2:20 PM,1269.8,RHS,Rural,Jarugumalli,Collision Brush/Side Wipe, Trailler vehicle hit Bike,Trailler,Grievious injury,Fault of driver of motor vehicle/driver of other vehicle/cyclist/pedestrian/passenger,Four lanes or more with central divider,Slight curve,,Fine,AP16TY    9696,P.V,Grevious,1
10.01.2016,2:20 PM,1269.8,RHS,Rural,Jarugumalli,Collision Brush/Side Wipe, Trailler vehicle hit Bike,Trailler,Grievious injury,Fault of driver of motor vehicle/driver of other vehicle/cyclist/pedestrian/passenger,Four lanes or more with central divider,Slight curve,,Fine,AP16TY    9696,P.V,Minor,0
10.01.2016,2:20 PM,1269.8,RHS,Rural,Jarugumalli,Collision Brush/Side Wipe, Trailler vehicle hit Bike,Trailler,Grievious injury,Fault of driver of motor vehicle/driver of other vehicle/cyclist/pedestrian/passenger,Four lanes or more with central divider,Slight curve,,Fine,AP16TY    9696,P.V,Non injured ,0
10.01.2016,2:20 PM,1269.8,RHS,Rural,Jarugumalli,Collision Brush/Side Wipe, Trailler vehicle hit Bike,Trailler,Grievious injury,Fault of driver of motor vehicle/driver of other vehicle/cyclist/pedestrian/passenger,Four lanes or more with central divider,Slight curve,,Fine,AP16TY    9696,P.V,Animals affected,0
12.01.2016,5:50 PM,1349.8,RHS,Rural,Kodavaluru,Collision Brush/Side Wipe, Car hit tipper,Car,Minor injury,Fault of driver of motor vehicle/driver of other vehicle/cyclist/pedestrian/passenger,Four lanes or more with central divider,Slight curve,,Fine,AP26TV 1973,P.V,Fatal,0
12.01.2016,5:50 PM,1349.8,RHS,Rural,Kodavaluru,Collision Brush/Side Wipe, Car hit tipper,Car,Minor injury,Fault of driver of motor vehicle/driver of other vehicle/cyclist/pedestrian/passenger,Four lanes or more with central divider,Slight curve,,Fine,AP26TV 1973,P.V,Grevious,0
12.01.2016,5:50 PM,1349.8,RHS,Rural,Kodavaluru,Collision Brush/Side Wipe, Car hit tipper,Car,Minor injury,Fault of driver of motor vehicle/driver of other vehicle/cyclist/pedestrian/passenger,Four lanes or more with central divider,Slight curve,,Fine,AP26TV 1973,P.V,Minor,2
12.01.2016,5:50 PM,1349.8,RHS,Rural,Kodavaluru,Collision Brush/Side Wipe, Car hit tipper,Car,Minor injury,Fault of driver of motor vehicle/driver of other vehicle/cyclist/pedestrian/passenger,Four lanes or more with central divider,Slight curve,,Fine,AP26TV 1973,P.V,Non injured ,1
12.01.2016,5:50 PM,1349.8,RHS,Rural,Kodavaluru,Collision Brush/Side Wipe, Car hit tipper,Car,Minor injury,Fault of driver of motor vehicle/driver of other vehicle/cyclist/pedestrian/passenger,Four lanes or more with central divider,Slight curve,,Fine,AP26TV 1973,P.V,Animals affected,0
13.01.2016,12:37 AM,1182.9,RHS,Rural,Martur,Rear End Collision, Container vehicle hit Trailler vehicle,Container,Non injury,Fault of driver of motor vehicle/driver of other vehicle/cyclist/pedestrian/passenger,Four lanes or more with central divider,Straight road,,Fine,TN33AB 9299,P.V,Fatal,0
13.01.2016,12:37 AM,1182.9,RHS,Rural,Martur,Rear End Collision, Container vehicle hit Trailler vehicle,Container,Non injury,Fault of driver of motor vehicle/driver of other vehicle/cyclist/pedestrian/passenger,Four lanes or more with central divider,Straight road,,Fine,TN33AB 9299,P.V,Grevious,0
13.01.2016,12:37 AM,1182.9,RHS,Rural,Martur,Rear End Collision, Container vehicle hit Trailler vehicle,Container,Non injury,Fault of driver of motor vehicle/driver of other vehicle/cyclist/pedestrian/passenger,Four lanes or more with central divider,Straight road,,Fine,TN33AB 9299,P.V,Minor,0
13.01.2016,12:37 AM,1182.9,RHS,Rural,Martur,Rear End Collision, Container vehicle hit Trailler vehicle,Container,Non injury,Fault of driver of motor vehicle/driver of other vehicle/cyclist/pedestrian/passenger,Four lanes or more with central divider,Straight road,,Fine,TN33AB 9299,P.V,Non injured ,4
13.01.2016,12:37 AM,1182.9,RHS,Rural,Martur,Rear End Collision, Container vehicle hit Trailler vehicle,Container,Non injury,Fault of driver of motor vehicle/driver of other vehicle/cyclist/pedestrian/passenger,Four lanes or more with central divider,Straight road,,Fine,TN33AB 9299,P.V,Animals affected,0
13.01.2016,4:12 PM,1285.9,LHS,Rural,Ulavapadu,Collision Brush/Side Wipe, Car hit Cyclist,Car,Grievious injury,Over speed,Three lanes or more without central divider(median),Straight road,T-Junction,Fine,AP26AS 0135,P.V,Fatal,0
13.01.2016,4:12 PM,1285.9,LHS,Rural,Ulavapadu,Collision Brush/Side Wipe, Car hit Cyclist,Car,Grievious injury,Over speed,Three lanes or more without central divider(median),Straight road,T-Junction,Fine,AP26AS 0135,P.V,Grevious,1
13.01.2016,4:12 PM,1285.9,LHS,Rural,Ulavapadu,Collision Brush/Side Wipe, Car hit Cyclist,Car,Grievious injury,Over speed,Three lanes or more without central divider(median),Straight road,T-Junction,Fine,AP26AS 0135,P.V,Minor,0
13.01.2016,4:12 PM,1285.9,LHS,Rural,Ulavapadu,Collision Brush/Side Wipe, Car hit Cyclist,Car,Grievious injury,Over speed,Three lanes or more without central divider(median),Straight road,T-Junction,Fine,AP26AS 0135,P.V,Non injured ,1
13.01.2016,4:12 PM,1285.9,LHS,Rural,Ulavapadu,Collision Brush/Side Wipe, Car hit Cyclist,Car,Grievious injury,Over speed,Three lanes or more without central divider(median),Straight road,T-Junction,Fine,AP26AS 0135,P.V,Animals affected,0
15.01.2016,12:25 PM,1270.5,RHS,Rural,Jarugumalli,Rear End Collision, Ape auto hit unknown vehicle,Auto,Minor injury,Over speed,Four lanes or more with central divider,Straight road,,Fine,AP27TX  8684,P.V,Fatal,0
15.01.2016,12:25 PM,1270.5,RHS,Rural,Jarugumalli,Rear End Collision, Ape auto hit unknown vehicle,Auto,Minor injury,Over speed,Four lanes or more with central divider,Straight road,,Fine,AP27TX  8684,P.V,Grevious,0
15.01.2016,12:25 PM,1270.5,RHS,Rural,Jarugumalli,Rear End Collision, Ape auto hit unknown vehicle,Auto,Minor injury,Over speed,Four lanes or more with central divider,Straight road,,Fine,AP27TX  8684,P.V,Minor,1
15.01.2016,12:25 PM,1270.5,RHS,Rural,Jarugumalli,Rear End Collision, Ape auto hit unknown vehicle,Auto,Minor injury,Over speed,Four lanes or more with central divider,Straight road,,Fine,AP27TX  8684,P.V,Non injured ,0
15.01.2016,12:25 PM,1270.5,RHS,Rural,Jarugumalli,Rear End Collision, Ape auto hit unknown vehicle,Auto,Minor injury,Over speed,Four lanes or more with central divider,Straight road,,Fine,AP27TX  8684,P.V,Animals affected,0
16.01.2016,5:30 AM,1221.6,LHS,Rural,Medarametla,Head on collision, RTC Bus hit Car,Bus,Grievious injury,Fault of driver of motor vehicle/driver of other vehicle/cyclist/pedestrian/passenger,Four lanes or more with central divider,Straight road,,Fine,AP16Z   0216,P.V,Fatal,0
16.01.2016,5:30 AM,1221.6,LHS,Rural,Medarametla,Head on collision, RTC Bus hit Car,Bus,Grievious injury,Fault of driver of motor vehicle/driver of other vehicle/cyclist/pedestrian/passenger,Four lanes or more with central divider,Straight road,,Fine,AP16Z   0216,P.V,Grevious,1
16.01.2016,5:30 AM,1221.6,LHS,Rural,Medarametla,Head on collision, RTC Bus hit Car,Bus,Grievious injury,Fault of driver of motor vehicle/driver of other vehicle/cyclist/pedestrian/passenger,Four lanes or more with central divider,Straight road,,Fine,AP16Z   0216,P.V,Minor,0
16.01.2016,5:30 AM,1221.6,LHS,Rural,Medarametla,Head on collision, RTC Bus hit Car,Bus,Grievious injury,Fault of driver of motor vehicle/driver of other vehicle/cyclist/pedestrian/passenger,Four lanes or more with central divider,Straight road,,Fine,AP16Z   0216,P.V,Non injured ,11
16.01.2016,5:30 AM,1221.6,LHS,Rural,Medarametla,Head on collision, RTC Bus hit Car,Bus,Grievious injury,Fault of driver of motor vehicle/driver of other vehicle/cyclist/pedestrian/passenger,Four lanes or more with central divider,Straight road,,Fine,AP16Z   0216,P.V,Animals affected,0
17.01.2016,10:30 AM,1279.6,LHS,Rural,Singarayakonda,Collision Brush/Side Wipe, Car hit Pedestrian,Car,Grievious injury,Over speed,Four lanes or more with central divider,Straight road,,Fine,KA53 MA   570,P.V,Fatal,0
17.01.2016,10:30 AM,1279.6,LHS,Rural,Singarayakonda,Collision Brush/Side Wipe, Car hit Pedestrian,Car,Grievious injury,Over speed,Four lanes or more with central divider,Straight road,,Fine,KA53 MA   570,P.V,Grevious,1
17.01.2016,10:30 AM,1279.6,LHS,Rural,Singarayakonda,Collision Brush/Side Wipe, Car hit Pedestrian,Car,Grievious injury,Over speed,Four lanes or more with central divider,Straight road,,Fine,KA53 MA   570,P.V,Minor,0
17.01.2016,10:30 AM,1279.6,LHS,Rural,Singarayakonda,Collision Brush/Side Wipe, Car hit Pedestrian,Car,Grievious injury,Over speed,Four lanes or more with central divider,Straight road,,Fine,KA53 MA   570,P.V,Non injured ,2
17.01.2016,10:30 AM,1279.6,LHS,Rural,Singarayakonda,Collision Brush/Side Wipe, Car hit Pedestrian,Car,Grievious injury,Over speed,Four lanes or more with central divider,Straight road,,Fine,KA53 MA   570,P.V,Animals affected,0
19.01.2016,6:52 AM,1209.7,RHS,Rural,Reningavaram,Collision Brush/Side Wipe, Unknown vehicle hit car,Unknown,Non injury,Over speed,Four lanes or more with central divider,Straight road,,Fine,Unknown vehicle,P.V,Fatal,0
19.01.2016,6:52 AM,1209.7,RHS,Rural,Reningavaram,Collision Brush/Side Wipe, Unknown vehicle hit car,Unknown,Non injury,Over speed,Four lanes or more with central divider,Straight road,,Fine,Unknown vehicle,P.V,Grevious,0
19.01.2016,6:52 AM,1209.7,RHS,Rural,Reningavaram,Collision Brush/Side Wipe, Unknown vehicle hit car,Unknown,Non injury,Over speed,Four lanes or more with central divider,Straight road,,Fine,Unknown vehicle,P.V,Minor,0
19.01.2016,6:52 AM,1209.7,RHS,Rural,Reningavaram,Collision Brush/Side Wipe, Unknown vehicle hit car,Unknown,Non injury,Over speed,Four lanes or more with central divider,Straight road,,Fine,Unknown vehicle,P.V,Non injured ,5
19.01.2016,6:52 AM,1209.7,RHS,Rural,Reningavaram,Collision Brush/Side Wipe, Unknown vehicle hit car,Unknown,Non injury,Over speed,Four lanes or more with central divider,Straight road,,Fine,Unknown vehicle,P.V,Animals affected,0
19.01.2016,9:55 AM,1266.2,LHS,Rural,Tangutur,Skidding, Bike skidding,Bike,Minor injury,Vehicle out of control,Four lanes or more with central divider,Straight road,,Fine,AP26M  7689,A.M.B,Fatal,0
19.01.2016,9:55 AM,1266.2,LHS,Rural,Tangutur,Skidding, Bike skidding,Bike,Minor injury,Vehicle out of control,Four lanes or more with central divider,Straight road,,Fine,AP26M  7689,A.M.B,Grevious,0
19.01.2016,9:55 AM,1266.2,LHS,Rural,Tangutur,Skidding, Bike skidding,Bike,Minor injury,Vehicle out of control,Four lanes or more with central divider,Straight road,,Fine,AP26M  7689,A.M.B,Minor,1
19.01.2016,9:55 AM,1266.2,LHS,Rural,Tangutur,Skidding, Bike skidding,Bike,Minor injury,Vehicle out of control,Four lanes or more with central divider,Straight road,,Fine,AP26M  7689,A.M.B,Non injured ,0