Operational date,Time of Accident,KM && M,Position,Rural/Urban,Location,Nature of Accident Position,Nature of Accident,Vehicle Involved,Type of Accident,Causes,Road Feature,Road condition,Intersection Type And Control,Weather Condition,Vehicle Responsible,Help Provided by Ambulance/Patroling Vehicle,Classification of Accident,No of Affected Persons
19.01.2016,9:55 AM,1266.2,LHS,Rural,Tangutur,Skidding, Bike skidding,Bike,Minor injury,Vehicle out of control,Four lanes or more with central divider,Straight road,,Fine,AP26M  7689,A.M.B,Animals affected,0
19.01.2016,5:45 PM,1222.8,LHS,Rural,Medarametla,Head on collision, Bike hit unknown vehicle,Bike,Minor injury,Fault of driver of motor vehicle/driver of other vehicle/cyclist/pedestrian/passenger,Four lanes or more with central divider,Slight curve,,Fine,AP27AL  1992,P.V,Fatal,0
19.01.2016,5:45 PM,1222.8,LHS,Rural,Medarametla,Head on collision, Bike hit unknown vehicle,Bike,Minor injury,Fault of driver of motor vehicle/driver of other vehicle/cyclist/pedestrian/passenger,Four lanes or more with central divider,Slight curve,,Fine,AP27AL  1992,P.V,Grevious,0
19.01.2016,5:45 PM,1222.8,LHS,Rural,Medarametla,Head on collision, Bike hit unknown vehicle,Bike,Minor injury,Fault of driver of motor vehicle/driver of other vehicle/cyclist/pedestrian/passenger,Four lanes or more with central divider,Slight curve,,Fine,AP27AL  1992,P.V,Minor,4
19.01.2016,5:45 PM,1222.8,LHS,Rural,Medarametla,Head on collision, Bike hit unknown vehicle,Bike,Minor injury,Fault of driver of motor vehicle/driver of other vehicle/cyclist/pedestrian/passenger,Four lanes or more with central divider,Slight curve,,Fine,AP27AL  1992,P.V,Non injured ,1
19.01.2016,5:45 PM,1222.8,LHS,Rural,Medarametla,Head on collision, Bike hit unknown vehicle,Bike,Minor injury,Fault of driver of motor vehicle/driver of other vehicle/cyclist/pedestrian/passenger,Four lanes or more with central divider,Slight curve,,Fine,AP27AL  1992,P.V,Animals affected,0
21.01.2016,5:25 AM,1217.6,LHS,Rural,Medarametla,Collision Brush/Side Wipe, Tipper hit         CC barrier,Lorry,Non injury,Over speed,Two lanes,Straight road,,Fine,AP07TE 8088 ,P.V,Fatal,0
21.01.2016,5:25 AM,1217.6,LHS,Rural,Medarametla,Collision Brush/Side Wipe, Tipper hit         CC barrier,Lorry,Non injury,Over speed,Two lanes,Straight road,,Fine,AP07TE 8088 ,P.V,Grevious,0
21.01.2016,5:25 AM,1217.6,LHS,Rural,Medarametla,Collision Brush/Side Wipe, Tipper hit         CC barrier,Lorry,Non injury,Over speed,Two lanes,Straight road,,Fine,AP07TE 8088 ,P.V,Minor,0
21.01.2016,5:25 AM,1217.6,LHS,Rural,Medarametla,Collision Brush/Side Wipe, Tipper hit         CC barrier,Lorry,Non injury,Over speed,Two lanes,Straight road,,Fine,AP07TE 8088 ,P.V,Non injured ,1
21.01.2016,5:25 AM,1217.6,LHS,Rural,Medarametla,Collision Brush/Side Wipe, Tipper hit         CC barrier,Lorry,Non injury,Over speed,Two lanes,Straight road,,Fine,AP07TE 8088 ,P.V,Animals affected,0
21.01.2016,1:10 PM,1260.2,RHS,Rural,Tangutur,Collision Brush/Side Wipe, Container Vehicle hit VUP Bridge wall,Container,Non injury,Druken,Four lanes or more with central divider,Straight road,,Fine,AP27TU   8502,P.V,Fatal,0
21.01.2016,1:10 PM,1260.2,RHS,Rural,Tangutur,Collision Brush/Side Wipe, Container Vehicle hit VUP Bridge wall,Container,Non injury,Druken,Four lanes or more with central divider,Straight road,,Fine,AP27TU   8502,P.V,Grevious,0
21.01.2016,1:10 PM,1260.2,RHS,Rural,Tangutur,Collision Brush/Side Wipe, Container Vehicle hit VUP Bridge wall,Container,Non injury,Druken,Four lanes or more with central divider,Straight road,,Fine,AP27TU   8502,P.V,Minor,0
21.01.2016,1:10 PM,1260.2,RHS,Rural,Tangutur,Collision Brush/Side Wipe, Container Vehicle hit VUP Bridge wall,Container,Non injury,Druken,Four lanes or more with central divider,Straight road,,Fine,AP27TU   8502,P.V,Non injured ,1
21.01.2016,1:10 PM,1260.2,RHS,Rural,Tangutur,Collision Brush/Side Wipe, Container Vehicle hit VUP Bridge wall,Container,Non injury,Druken,Four lanes or more with central divider,Straight road,,Fine,AP27TU   8502,P.V,Animals affected,0
22.01.2016,5:11 AM,1275.1,LHS,Rural,Singarayakonda,Others(p1.Specific), Car burnt,Car,Non injury,Defect in mechanical condition of motor vehicle/road condition,Four lanes or more with central divider,Straight road,,Fine,Unknown number,P.V,Fatal,0
22.01.2016,5:11 AM,1275.1,LHS,Rural,Singarayakonda,Others(p1.Specific), Car burnt,Car,Non injury,Defect in mechanical condition of motor vehicle/road condition,Four lanes or more with central divider,Straight road,,Fine,Unknown number,P.V,Grevious,0
22.01.2016,5:11 AM,1275.1,LHS,Rural,Singarayakonda,Others(p1.Specific), Car burnt,Car,Non injury,Defect in mechanical condition of motor vehicle/road condition,Four lanes or more with central divider,Straight road,,Fine,Unknown number,P.V,Minor,0
22.01.2016,5:11 AM,1275.1,LHS,Rural,Singarayakonda,Others(p1.Specific), Car burnt,Car,Non injury,Defect in mechanical condition of motor vehicle/road condition,Four lanes or more with central divider,Straight road,,Fine,Unknown number,P.V,Non injured ,1
22.01.2016,5:11 AM,1275.1,LHS,Rural,Singarayakonda,Others(p1.Specific), Car burnt,Car,Non injury,Defect in mechanical condition of motor vehicle/road condition,Four lanes or more with central divider,Straight road,,Fine,Unknown number,P.V,Animals affected,0
23.01.2016,5:00 AM,1348.7,LHS,Rural,Dagadarthi,Overturning, Container vehicle Overturned,Container,Minor injury,Fault of driver of motor vehicle/driver of other vehicle/cyclist/pedestrian/passenger,Four lanes or more with central divider,Straight road,,Fine,AP10W 9171,P.V,Fatal,0
23.01.2016,5:00 AM,1348.7,LHS,Rural,Dagadarthi,Overturning, Container vehicle Overturned,Container,Minor injury,Fault of driver of motor vehicle/driver of other vehicle/cyclist/pedestrian/passenger,Four lanes or more with central divider,Straight road,,Fine,AP10W 9171,P.V,Grevious,0
23.01.2016,5:00 AM,1348.7,LHS,Rural,Dagadarthi,Overturning, Container vehicle Overturned,Container,Minor injury,Fault of driver of motor vehicle/driver of other vehicle/cyclist/pedestrian/passenger,Four lanes or more with central divider,Straight road,,Fine,AP10W 9171,P.V,Minor,1
23.01.2016,5:00 AM,1348.7,LHS,Rural,Dagadarthi,Overturning, Container vehicle Overturned,Container,Minor injury,Fault of driver of motor vehicle/driver of other vehicle/cyclist/pedestrian/passenger,Four lanes or more with central divider,Straight road,,Fine,AP10W 9171,P.V,Non injured ,1
23.01.2016,5:00 AM,1348.7,LHS,Rural,Dagadarthi,Overturning, Container vehicle Overturned,Container,Minor injury,Fault of driver of motor vehicle/driver of other vehicle/cyclist/pedestrian/passenger,Four lanes or more with central divider,Straight road,,Fine,AP10W 9171,P.V,Animals affected,0
23.01.2016,10:35 PM,1349.1,LHS,Rural,Kodavaluru,Rear End Collision, Lorry hit Mini Lorry,Lorry,Minor injury,Over speed,Four lanes or more with central divider,Straight road,,Fine,AP16T   9759,P.V,Fatal,0
23.01.2016,10:35 PM,1349.1,LHS,Rural,Kodavaluru,Rear End Collision, Lorry hit Mini Lorry,Lorry,Minor injury,Over speed,Four lanes or more with central divider,Straight road,,Fine,AP16T   9759,P.V,Grevious,0
23.01.2016,10:35 PM,1349.1,LHS,Rural,Kodavaluru,Rear End Collision, Lorry hit Mini Lorry,Lorry,Minor injury,Over speed,Four lanes or more with central divider,Straight road,,Fine,AP16T   9759,P.V,Minor,1
23.01.2016,10:35 PM,1349.1,LHS,Rural,Kodavaluru,Rear End Collision, Lorry hit Mini Lorry,Lorry,Minor injury,Over speed,Four lanes or more with central divider,Straight road,,Fine,AP16T   9759,P.V,Non injured ,2
23.01.2016,10:35 PM,1349.1,LHS,Rural,Kodavaluru,Rear End Collision, Lorry hit Mini Lorry,Lorry,Minor injury,Over speed,Four lanes or more with central divider,Straight road,,Fine,AP16T   9759,P.V,Animals affected,0
23.01.2016,11:35 PM,1276.7,RHS,Rural,Singarayakonda,Overturning, Oil Tanker Overturned,Tanker,Minor injury,Druken,Four lanes or more with central divider,Straight road,,Fine,AP37TB  0599,P.V,Fatal,0
23.01.2016,11:35 PM,1276.7,RHS,Rural,Singarayakonda,Overturning, Oil Tanker Overturned,Tanker,Minor injury,Druken,Four lanes or more with central divider,Straight road,,Fine,AP37TB  0599,P.V,Grevious,0
23.01.2016,11:35 PM,1276.7,RHS,Rural,Singarayakonda,Overturning, Oil Tanker Overturned,Tanker,Minor injury,Druken,Four lanes or more with central divider,Straight road,,Fine,AP37TB  0599,P.V,Minor,1
23.01.2016,11:35 PM,1276.7,RHS,Rural,Singarayakonda,Overturning, Oil Tanker Overturned,Tanker,Minor injury,Druken,Four lanes or more with central divider,Straight road,,Fine,AP37TB  0599,P.V,Non injured ,0
23.01.2016,11:35 PM,1276.7,RHS,Rural,Singarayakonda,Overturning, Oil Tanker Overturned,Tanker,Minor injury,Druken,Four lanes or more with central divider,Straight road,,Fine,AP37TB  0599,P.V,Animals affected,0
24.01.2016,12:05 AM,1349.1,LHS,Rural,Kodavaluru,Collision Brush/Side Wipe, Car hit Lorry,Car,Non injury,Over speed,Four lanes or more with central divider,Straight road,,Fine,AP26BG 0571,P.V,Fatal,0
24.01.2016,12:05 AM,1349.1,LHS,Rural,Kodavaluru,Collision Brush/Side Wipe, Car hit Lorry,Car,Non injury,Over speed,Four lanes or more with central divider,Straight road,,Fine,AP26BG 0571,P.V,Grevious,0
24.01.2016,12:05 AM,1349.1,LHS,Rural,Kodavaluru,Collision Brush/Side Wipe, Car hit Lorry,Car,Non injury,Over speed,Four lanes or more with central divider,Straight road,,Fine,AP26BG 0571,P.V,Minor,0
24.01.2016,12:05 AM,1349.1,LHS,Rural,Kodavaluru,Collision Brush/Side Wipe, Car hit Lorry,Car,Non injury,Over speed,Four lanes or more with central divider,Straight road,,Fine,AP26BG 0571,P.V,Non injured ,3
24.01.2016,12:05 AM,1349.1,LHS,Rural,Kodavaluru,Collision Brush/Side Wipe, Car hit Lorry,Car,Non injury,Over speed,Four lanes or more with central divider,Straight road,,Fine,AP26BG 0571,P.V,Animals affected,0
24.01.2016,10:45 AM,1291.8,LHS,Rural,Ulavapadu,Collision Brush/Side Wipe, Car hit Lorry,Car,Minor injury,Over speed,Four lanes or more with central divider,Straight road,,Fine,TS09EC     9779,P.V,Fatal,0
24.01.2016,10:45 AM,1291.8,LHS,Rural,Ulavapadu,Collision Brush/Side Wipe, Car hit Lorry,Car,Minor injury,Over speed,Four lanes or more with central divider,Straight road,,Fine,TS09EC     9779,P.V,Grevious,0
24.01.2016,10:45 AM,1291.8,LHS,Rural,Ulavapadu,Collision Brush/Side Wipe, Car hit Lorry,Car,Minor injury,Over speed,Four lanes or more with central divider,Straight road,,Fine,TS09EC     9779,P.V,Minor,4
24.01.2016,10:45 AM,1291.8,LHS,Rural,Ulavapadu,Collision Brush/Side Wipe, Car hit Lorry,Car,Minor injury,Over speed,Four lanes or more with central divider,Straight road,,Fine,TS09EC     9779,P.V,Non injured ,0
24.01.2016,10:45 AM,1291.8,LHS,Rural,Ulavapadu,Collision Brush/Side Wipe, Car hit Lorry,Car,Minor injury,Over speed,Four lanes or more with central divider,Straight road,,Fine,TS09EC     9779,P.V,Animals affected,0
25.01.2016,9:45 AM,1287.4,LHS,Rural,Ulavapadu,Collision Brush/Side Wipe, Lorry hit        CC Barrier,Lorry,Non injury,Over speed,Two lanes,Straight road,,Fine,AP09V  5878,P.V,Fatal,0
25.01.2016,9:45 AM,1287.4,LHS,Rural,Ulavapadu,Collision Brush/Side Wipe, Lorry hit        CC Barrier,Lorry,Non injury,Over speed,Two lanes,Straight road,,Fine,AP09V  5878,P.V,Grevious,0
25.01.2016,9:45 AM,1287.4,LHS,Rural,Ulavapadu,Collision Brush/Side Wipe, Lorry hit        CC Barrier,Lorry,Non injury,Over speed,Two lanes,Straight road,,Fine,AP09V  5878,P.V,Minor,0
25.01.2016,9:45 AM,1287.4,LHS,Rural,Ulavapadu,Collision Brush/Side Wipe, Lorry hit        CC Barrier,Lorry,Non injury,Over speed,Two lanes,Straight road,,Fine,AP09V  5878,P.V,Non injured ,1
25.01.2016,9:45 AM,1287.4,LHS,Rural,Ulavapadu,Collision Brush/Side Wipe, Lorry hit        CC Barrier,Lorry,Non injury,Over speed,Two lanes,Straight road,,Fine,AP09V  5878,P.V,Animals affected,0
25.01.2016,4:57 PM,1257,RHS,Rural,Tangutur,Collision Brush/Side Wipe, RTC Bus hit water tanker,Bus,Non injury,Over speed,Four lanes or more with central divider,Straight road,,Fine,AP16Z   0227,P.V,Fatal,0
25.01.2016,4:57 PM,1257,RHS,Rural,Tangutur,Collision Brush/Side Wipe, RTC Bus hit water tanker,Bus,Non injury,Over speed,Four lanes or more with central divider,Straight road,,Fine,AP16Z   0227,P.V,Grevious,0
25.01.2016,4:57 PM,1257,RHS,Rural,Tangutur,Collision Brush/Side Wipe, RTC Bus hit water tanker,Bus,Non injury,Over speed,Four lanes or more with central divider,Straight road,,Fine,AP16Z   0227,P.V,Minor,0
25.01.2016,4:57 PM,1257,RHS,Rural,Tangutur,Collision Brush/Side Wipe, RTC Bus hit water tanker,Bus,Non injury,Over speed,Four lanes or more with central divider,Straight road,,Fine,AP16Z   0227,P.V,Non injured ,30
25.01.2016,4:57 PM,1257,RHS,Rural,Tangutur,Collision Brush/Side Wipe, RTC Bus hit water tanker,Bus,Non injury,Over speed,Four lanes or more with central divider,Straight road,,Fine,AP16Z   0227,P.V,Animals affected,0
26.01.2016,1:30 AM,1258.7,LHS,Rural,Tangutur,Others(p1.Specific), Car went out of  towards Row,Car,Grievious injury,Fault of driver of motor vehicle/driver of other vehicle/cyclist/pedestrian/passenger,Four lanes or more with central divider,Straight road,,Fine,AP27BC  7778,P.V,Fatal,0
26.01.2016,1:30 AM,1258.7,LHS,Rural,Tangutur,Others(p1.Specific), Car went out of  towards Row,Car,Grievious injury,Fault of driver of motor vehicle/driver of other vehicle/cyclist/pedestrian/passenger,Four lanes or more with central divider,Straight road,,Fine,AP27BC  7778,P.V,Grevious,2
26.01.2016,1:30 AM,1258.7,LHS,Rural,Tangutur,Others(p1.Specific), Car went out of  towards Row,Car,Grievious injury,Fault of driver of motor vehicle/driver of other vehicle/cyclist/pedestrian/passenger,Four lanes or more with central divider,Straight road,,Fine,AP27BC  7778,P.V,Minor,2
26.01.2016,1:30 AM,1258.7,LHS,Rural,Tangutur,Others(p1.Specific), Car went out of  towards Row,Car,Grievious injury,Fault of driver of motor vehicle/driver of other vehicle/cyclist/pedestrian/passenger,Four lanes or more with central divider,Straight road,,Fine,AP27BC  7778,P.V,Non injured ,0
26.01.2016,1:30 AM,1258.7,LHS,Rural,Tangutur,Others(p1.Specific), Car went out of  towards Row,Car,Grievious injury,Fault of driver of motor vehicle/driver of other vehicle/cyclist/pedestrian/passenger,Four lanes or more with central divider,Straight road,,Fine,AP27BC  7778,P.V,Animals affected,0
26.01.2016,1:30 AM,1264.2,RHS,Rural,Tangutur,Collision Brush/Side Wipe, Car hit Electrical pole,Car,Grievious injury,Over speed,Four lanes or more with central divider,Straight road,,Fine,AP37TH  8588,P.V & A.M.B,Fatal,0
26.01.2016,1:30 AM,1264.2,RHS,Rural,Tangutur,Collision Brush/Side Wipe, Car hit Electrical pole,Car,Grievious injury,Over speed,Four lanes or more with central divider,Straight road,,Fine,AP37TH  8588,P.V & A.M.B,Grevious,2
26.01.2016,1:30 AM,1264.2,RHS,Rural,Tangutur,Collision Brush/Side Wipe, Car hit Electrical pole,Car,Grievious injury,Over speed,Four lanes or more with central divider,Straight road,,Fine,AP37TH  8588,P.V & A.M.B,Minor,2
26.01.2016,1:30 AM,1264.2,RHS,Rural,Tangutur,Collision Brush/Side Wipe, Car hit Electrical pole,Car,Grievious injury,Over speed,Four lanes or more with central divider,Straight road,,Fine,AP37TH  8588,P.V & A.M.B,Non injured ,2
26.01.2016,1:30 AM,1264.2,RHS,Rural,Tangutur,Collision Brush/Side Wipe, Car hit Electrical pole,Car,Grievious injury,Over speed,Four lanes or more with central divider,Straight road,,Fine,AP37TH  8588,P.V & A.M.B,Animals affected,0
27.01.2016,1:09 AM,1218,RHS,Rural,Medarametla,Head on collision, Lorry hit Lorry,Lorry,Non injury,Over speed,Three lanes or more without central divider(median),Straight road,Junction with more than 4 arms,Fine,AP26TB 1519,P.V,Fatal,0
27.01.2016,1:09 AM,1218,RHS,Rural,Medarametla,Head on collision, Lorry hit Lorry,Lorry,Non injury,Over speed,Three lanes or more without central divider(median),Straight road,Junction with more than 4 arms,Fine,AP26TB 1519,P.V,Grevious,0
27.01.2016,1:09 AM,1218,RHS,Rural,Medarametla,Head on collision, Lorry hit Lorry,Lorry,Non injury,Over speed,Three lanes or more without central divider(median),Straight road,Junction with more than 4 arms,Fine,AP26TB 1519,P.V,Minor,0
27.01.2016,1:09 AM,1218,RHS,Rural,Medarametla,Head on collision, Lorry hit Lorry,Lorry,Non injury,Over speed,Three lanes or more without central divider(median),Straight road,Junction with more than 4 arms,Fine,AP26TB 1519,P.V,Non injured ,4
27.01.2016,1:09 AM,1218,RHS,Rural,Medarametla,Head on collision, Lorry hit Lorry,Lorry,Non injury,Over speed,Three lanes or more without central divider(median),Straight road,Junction with more than 4 arms,Fine,AP26TB 1519,P.V,Animals affected,0
28.01.2016,1:40 AM,1304,LHS,Rural,Gudluru,Collision Brush/Side Wipe,  Bus hit Electrical pole,Bus,Non injury,Fault of driver of motor vehicle/driver of other vehicle/cyclist/pedestrian/passenger,Four lanes or more with central divider,Straight road,,Fine,AP04TX  1489,P.V,Fatal,0
28.01.2016,1:40 AM,1304,LHS,Rural,Gudluru,Collision Brush/Side Wipe,  Bus hit Electrical pole,Bus,Non injury,Fault of driver of motor vehicle/driver of other vehicle/cyclist/pedestrian/passenger,Four lanes or more with central divider,Straight road,,Fine,AP04TX  1489,P.V,Grevious,0
28.01.2016,1:40 AM,1304,LHS,Rural,Gudluru,Collision Brush/Side Wipe,  Bus hit Electrical pole,Bus,Non injury,Fault of driver of motor vehicle/driver of other vehicle/cyclist/pedestrian/passenger,Four lanes or more with central divider,Straight road,,Fine,AP04TX  1489,P.V,Minor,0
28.01.2016,1:40 AM,1304,LHS,Rural,Gudluru,Collision Brush/Side Wipe,  Bus hit Electrical pole,Bus,Non injury,Fault of driver of motor vehicle/driver of other vehicle/cyclist/pedestrian/passenger,Four lanes or more with central divider,Straight road,,Fine,AP04TX  1489,P.V,Non injured ,25
28.01.2016,1:40 AM,1304,LHS,Rural,Gudluru,Collision Brush/Side Wipe,  Bus hit Electrical pole,Bus,Non injury,Fault of driver of motor vehicle/driver of other vehicle/cyclist/pedestrian/passenger,Four lanes or more with central divider,Straight road,,Fine,AP04TX  1489,P.V,Animals affected,0
28.01.2016,4:50 PM,1257.8,LHS,Rural,Tangutur,Collision Brush/Side Wipe, Car hit bike,Car,Minor injury,Druken,Four lanes or more with central divider,Straight road,,Fine,AP27AX  6633,P.V & A.M.B,Fatal,0
28.01.2016,4:50 PM,1257.8,LHS,Rural,Tangutur,Collision Brush/Side Wipe, Car hit bike,Car,Minor injury,Druken,Four lanes or more with central divider,Straight road,,Fine,AP27AX  6633,P.V & A.M.B,Grevious,0
28.01.2016,4:50 PM,1257.8,LHS,Rural,Tangutur,Collision Brush/Side Wipe, Car hit bike,Car,Minor injury,Druken,Four lanes or more with central divider,Straight road,,Fine,AP27AX  6633,P.V & A.M.B,Minor,1
28.01.2016,4:50 PM,1257.8,LHS,Rural,Tangutur,Collision Brush/Side Wipe, Car hit bike,Car,Minor injury,Druken,Four lanes or more with central divider,Straight road,,Fine,AP27AX  6633,P.V & A.M.B,Non injured ,4
28.01.2016,4:50 PM,1257.8,LHS,Rural,Tangutur,Collision Brush/Side Wipe, Car hit bike,Car,Minor injury,Druken,Four lanes or more with central divider,Straight road,,Fine,AP27AX  6633,P.V & A.M.B,Animals affected,0
30.01.2016,8:20 AM,1364.5,LHS,Rural,Kovuru,Overturning, Oil Tanker Overturned,Tanker,Non injury,Fault of driver of motor vehicle/driver of other vehicle/cyclist/pedestrian/passenger,Four lanes or more with central divider,Straight road,,Fine,AP28TA 0563,P.V,Fatal,0
30.01.2016,8:20 AM,1364.5,LHS,Rural,Kovuru,Overturning, Oil Tanker Overturned,Tanker,Non injury,Fault of driver of motor vehicle/driver of other vehicle/cyclist/pedestrian/passenger,Four lanes or more with central divider,Straight road,,Fine,AP28TA 0563,P.V,Grevious,0
30.01.2016,8:20 AM,1364.5,LHS,Rural,Kovuru,Overturning, Oil Tanker Overturned,Tanker,Non injury,Fault of driver of motor vehicle/driver of other vehicle/cyclist/pedestrian/passenger,Four lanes or more with central divider,Straight road,,Fine,AP28TA 0563,P.V,Minor,0
30.01.2016,8:20 AM,1364.5,LHS,Rural,Kovuru,Overturning, Oil Tanker Overturned,Tanker,Non injury,Fault of driver of motor vehicle/driver of other vehicle/cyclist/pedestrian/passenger,Four lanes or more with central divider,Straight road,,Fine,AP28TA 0563,P.V,Non injured ,2
30.01.2016,8:20 AM,1364.5,LHS,Rural,Kovuru,Overturning, Oil Tanker Overturned,Tanker,Non injury,Fault of driver of motor vehicle/driver of other vehicle/cyclist/pedestrian/passenger,Four lanes or more with central divider,Straight road,,Fine,AP28TA 0563,P.V,Animals affected,0
30.01.2016,2:20 PM,1234.6,LHS,Rural,Maddipadu,Collision Brush/Side Wipe, Bike hit Median,Bike,Fatal,Druken,Four lanes or more with central divider,Straight road,,Fine,AP27BC 1734,P.V,Fatal,1
30.01.2016,2:20 PM,1234.6,LHS,Rural,Maddipadu,Collision Brush/Side Wipe, Bike hit Median,Bike,Fatal,Druken,Four lanes or more with central divider,Straight road,,Fine,AP27BC 1734,P.V,Grevious,0
30.01.2016,2:20 PM,1234.6,LHS,Rural,Maddipadu,Collision Brush/Side Wipe, Bike hit Median,Bike,Fatal,Druken,Four lanes or more with central divider,Straight road,,Fine,AP27BC 1734,P.V,Minor,1
30.01.2016,2:20 PM,1234.6,LHS,Rural,Maddipadu,Collision Brush/Side Wipe, Bike hit Median,Bike,Fatal,Druken,Four lanes or more with central divider,Straight road,,Fine,AP27BC 1734,P.V,Non injured ,0
30.01.2016,2:20 PM,1234.6,LHS,Rural,Maddipadu,Collision Brush/Side Wipe, Bike hit Median,Bike,Fatal,Druken,Four lanes or more with central divider,Straight road,,Fine,AP27BC 1734,P.V,Animals affected,0
30.01.2016,4:30 PM,1220,RHS,Rural,Medarametla,Overturning, Car Overturned,Car,Minor injury,Over speed,Four lanes or more with central divider,Straight road,,Fine,AP16TF 3777,P.V,Fatal,0
30.01.2016,4:30 PM,1220,RHS,Rural,Medarametla,Overturning, Car Overturned,Car,Minor injury,Over speed,Four lanes or more with central divider,Straight road,,Fine,AP16TF 3777,P.V,Grevious,0
30.01.2016,4:30 PM,1220,RHS,Rural,Medarametla,Overturning, Car Overturned,Car,Minor injury,Over speed,Four lanes or more with central divider,Straight road,,Fine,AP16TF 3777,P.V,Minor,5
30.01.2016,4:30 PM,1220,RHS,Rural,Medarametla,Overturning, Car Overturned,Car,Minor injury,Over speed,Four lanes or more with central divider,Straight road,,Fine,AP16TF 3777,P.V,Non injured ,0
30.01.2016,4:30 PM,1220,RHS,Rural,Medarametla,Overturning, Car Overturned,Car,Minor injury,Over speed,Four lanes or more with central divider,Straight road,,Fine,AP16TF 3777,P.V,Animals affected,0
01.02.2016,12:40 AM,1297.6,RHS,Rural,Ulavapadu,Overturning, Car Overturned,Car,Grievious injury,Vehicle out of control,Four lanes or more with central divider,Straight road,,Fine,TS04EC 6994,P.V,Fatal,0
01.02.2016,12:40 AM,1297.6,RHS,Rural,Ulavapadu,Overturning, Car Overturned,Car,Grievious injury,Vehicle out of control,Four lanes or more with central divider,Straight road,,Fine,TS04EC 6994,P.V,Grevious,1
01.02.2016,12:40 AM,1297.6,RHS,Rural,Ulavapadu,Overturning, Car Overturned,Car,Grievious injury,Vehicle out of control,Four lanes or more with central divider,Straight road,,Fine,TS04EC 6994,P.V,Minor,3
01.02.2016,12:40 AM,1297.6,RHS,Rural,Ulavapadu,Overturning, Car Overturned,Car,Grievious injury,Vehicle out of control,Four lanes or more with central divider,Straight road,,Fine,TS04EC 6994,P.V,Non injured ,1
01.02.2016,12:40 AM,1297.6,RHS,Rural,Ulavapadu,Overturning, Car Overturned,Car,Grievious injury,Vehicle out of control,Four lanes or more with central divider,Straight road,,Fine,TS04EC 6994,P.V,Animals affected,0
01.02.2016,6:30 AM,1274.6,RHS,Rural,Singarayakonda,Rear End Collision, Car hit Trailer vehicle,Car,Fatal,Over speed,Four lanes or more with central divider,Straight road,,Mist/Fog,TN07BY 9757,P.V&AMB,Fatal,1
01.02.2016,6:30 AM,1274.6,RHS,Rural,Singarayakonda,Rear End Collision, Car hit Trailer vehicle,Car,Fatal,Over speed,Four lanes or more with central divider,Straight road,,Mist/Fog,TN07BY 9757,P.V&AMB,Grevious,1
01.02.2016,6:30 AM,1274.6,RHS,Rural,Singarayakonda,Rear End Collision, Car hit Trailer vehicle,Car,Fatal,Over speed,Four lanes or more with central divider,Straight road,,Mist/Fog,TN07BY 9757,P.V&AMB,Minor,0
01.02.2016,6:30 AM,1274.6,RHS,Rural,Singarayakonda,Rear End Collision, Car hit Trailer vehicle,Car,Fatal,Over speed,Four lanes or more with central divider,Straight road,,Mist/Fog,TN07BY 9757,P.V&AMB,Non injured ,2
01.02.2016,6:30 AM,1274.6,RHS,Rural,Singarayakonda,Rear End Collision, Car hit Trailer vehicle,Car,Fatal,Over speed,Four lanes or more with central divider,Straight road,,Mist/Fog,TN07BY 9757,P.V&AMB,Animals affected,0
02.02.2016,5:00 AM,1261.6,LHS,Rural,Tangutur,Rear End Collision, Oil Tanker hit Trailer vehicle,Tanker,Non injury,Over speed,Two lanes,Straight road,,Fine,TN52V   9696,P.V,Fatal,0
02.02.2016,5:00 AM,1261.6,LHS,Rural,Tangutur,Rear End Collision, Oil Tanker hit Trailer vehicle,Tanker,Non injury,Over speed,Two lanes,Straight road,,Fine,TN52V   9696,P.V,Grevious,0
02.02.2016,5:00 AM,1261.6,LHS,Rural,Tangutur,Rear End Collision, Oil Tanker hit Trailer vehicle,Tanker,Non injury,Over speed,Two lanes,Straight road,,Fine,TN52V   9696,P.V,Minor,0
02.02.2016,5:00 AM,1261.6,LHS,Rural,Tangutur,Rear End Collision, Oil Tanker hit Trailer vehicle,Tanker,Non injury,Over speed,Two lanes,Straight road,,Fine,TN52V   9696,P.V,Non injured ,4
02.02.2016,5:00 AM,1261.6,LHS,Rural,Tangutur,Rear End Collision, Oil Tanker hit Trailer vehicle,Tanker,Non injury,Over speed,Two lanes,Straight road,,Fine,TN52V   9696,P.V,Animals affected,0
02.02.2016,6:30 AM,1211.8,RHS,Rural,Reningavaram,Overturning, Tipper Overturned,Lorry,Non injury,Fault of driver of motor vehicle/driver of other vehicle/cyclist/pedestrian/passenger,Four lanes or more with central divider,Straight road,,Fine,AP07TC 1368,P.V,Fatal,0
02.02.2016,6:30 AM,1211.8,RHS,Rural,Reningavaram,Overturning, Tipper Overturned,Lorry,Non injury,Fault of driver of motor vehicle/driver of other vehicle/cyclist/pedestrian/passenger,Four lanes or more with central divider,Straight road,,Fine,AP07TC 1368,P.V,Grevious,0
02.02.2016,6:30 AM,1211.8,RHS,Rural,Reningavaram,Overturning, Tipper Overturned,Lorry,Non injury,Fault of driver of motor vehicle/driver of other vehicle/cyclist/pedestrian/passenger,Four lanes or more with central divider,Straight road,,Fine,AP07TC 1368,P.V,Minor,0
02.02.2016,6:30 AM,1211.8,RHS,Rural,Reningavaram,Overturning, Tipper Overturned,Lorry,Non injury,Fault of driver of motor vehicle/driver of other vehicle/cyclist/pedestrian/passenger,Four lanes or more with central divider,Straight road,,Fine,AP07TC 1368,P.V,Non injured ,1