Operational date,Time of Accident,KM && M,Position,Rural/Urban,Location,Nature of Accident Position,Nature of Accident,Vehicle Involved,Type of Accident,Causes,Road Feature,Road condition,Intersection Type And Control,Weather Condition,Vehicle Responsible,Help Provided by Ambulance/Patroling Vehicle,Classification of Accident,No of Affected Persons
02.02.2016,6:30 AM,1211.8,RHS,Rural,Reningavaram,Overturning, Tipper Overturned,Lorry,Non injury,Fault of driver of motor vehicle/driver of other vehicle/cyclist/pedestrian/passenger,Four lanes or more with central divider,Straight road,,Fine,AP07TC 1368,P.V,Animals affected,0
02.02.2016,5:50 PM,1362.9,RHS,Rural,Kovuru,Collision Brush/Side Wipe, Bike hit Car,Bike,Minor injury,Over speed,Three lanes or more without central divider(median),Straight road,T-Junction,Fine,AP26AT 7328,P.V,Fatal,0
02.02.2016,5:50 PM,1362.9,RHS,Rural,Kovuru,Collision Brush/Side Wipe, Bike hit Car,Bike,Minor injury,Over speed,Three lanes or more without central divider(median),Straight road,T-Junction,Fine,AP26AT 7328,P.V,Grevious,0
02.02.2016,5:50 PM,1362.9,RHS,Rural,Kovuru,Collision Brush/Side Wipe, Bike hit Car,Bike,Minor injury,Over speed,Three lanes or more without central divider(median),Straight road,T-Junction,Fine,AP26AT 7328,P.V,Minor,1
02.02.2016,5:50 PM,1362.9,RHS,Rural,Kovuru,Collision Brush/Side Wipe, Bike hit Car,Bike,Minor injury,Over speed,Three lanes or more without central divider(median),Straight road,T-Junction,Fine,AP26AT 7328,P.V,Non injured ,2
02.02.2016,5:50 PM,1362.9,RHS,Rural,Kovuru,Collision Brush/Side Wipe, Bike hit Car,Bike,Minor injury,Over speed,Three lanes or more without central divider(median),Straight road,T-Junction,Fine,AP26AT 7328,P.V,Animals affected,0
03.02.2016,3:40 PM,1239.5,LHS,Rural,Ongole,Rear End Collision, Lorry hit Car,Lorry,Non injury,Fault of driver of motor vehicle/driver of other vehicle/cyclist/pedestrian/passenger,Two lanes,Straight road,,Fine,AP27W 8999,P.V,Fatal,0
03.02.2016,3:40 PM,1239.5,LHS,Rural,Ongole,Rear End Collision, Lorry hit Car,Lorry,Non injury,Fault of driver of motor vehicle/driver of other vehicle/cyclist/pedestrian/passenger,Two lanes,Straight road,,Fine,AP27W 8999,P.V,Grevious,0
03.02.2016,3:40 PM,1239.5,LHS,Rural,Ongole,Rear End Collision, Lorry hit Car,Lorry,Non injury,Fault of driver of motor vehicle/driver of other vehicle/cyclist/pedestrian/passenger,Two lanes,Straight road,,Fine,AP27W 8999,P.V,Minor,0
03.02.2016,3:40 PM,1239.5,LHS,Rural,Ongole,Rear End Collision, Lorry hit Car,Lorry,Non injury,Fault of driver of motor vehicle/driver of other vehicle/cyclist/pedestrian/passenger,Two lanes,Straight road,,Fine,AP27W 8999,P.V,Non injured ,3
03.02.2016,3:40 PM,1239.5,LHS,Rural,Ongole,Rear End Collision, Lorry hit Car,Lorry,Non injury,Fault of driver of motor vehicle/driver of other vehicle/cyclist/pedestrian/passenger,Two lanes,Straight road,,Fine,AP27W 8999,P.V,Animals affected,0
03.02.2016,4:09 PM,1199.3,LHS,Rural,Martur,Skidding, Bike skidding,Bike,Minor injury,Over speed,Four lanes or more with central divider,Straight road,,Fine,AP07TP 3857,A.M.B,Fatal,0
03.02.2016,4:09 PM,1199.3,LHS,Rural,Martur,Skidding, Bike skidding,Bike,Minor injury,Over speed,Four lanes or more with central divider,Straight road,,Fine,AP07TP 3857,A.M.B,Grevious,0
03.02.2016,4:09 PM,1199.3,LHS,Rural,Martur,Skidding, Bike skidding,Bike,Minor injury,Over speed,Four lanes or more with central divider,Straight road,,Fine,AP07TP 3857,A.M.B,Minor,1
03.02.2016,4:09 PM,1199.3,LHS,Rural,Martur,Skidding, Bike skidding,Bike,Minor injury,Over speed,Four lanes or more with central divider,Straight road,,Fine,AP07TP 3857,A.M.B,Non injured ,0
03.02.2016,4:09 PM,1199.3,LHS,Rural,Martur,Skidding, Bike skidding,Bike,Minor injury,Over speed,Four lanes or more with central divider,Straight road,,Fine,AP07TP 3857,A.M.B,Animals affected,0
05.02.2016,5:35 PM,1356.7,RHS,Rural,Kodavaluru,Skidding, Bike skidding,Bike,Minor injury,Druken,Two lanes,Straight road,,Fine,AP27AW 3425,P.V,Fatal,0
05.02.2016,5:35 PM,1356.7,RHS,Rural,Kodavaluru,Skidding, Bike skidding,Bike,Minor injury,Druken,Two lanes,Straight road,,Fine,AP27AW 3425,P.V,Grevious,0
05.02.2016,5:35 PM,1356.7,RHS,Rural,Kodavaluru,Skidding, Bike skidding,Bike,Minor injury,Druken,Two lanes,Straight road,,Fine,AP27AW 3425,P.V,Minor,1
05.02.2016,5:35 PM,1356.7,RHS,Rural,Kodavaluru,Skidding, Bike skidding,Bike,Minor injury,Druken,Two lanes,Straight road,,Fine,AP27AW 3425,P.V,Non injured ,0
05.02.2016,5:35 PM,1356.7,RHS,Rural,Kodavaluru,Skidding, Bike skidding,Bike,Minor injury,Druken,Two lanes,Straight road,,Fine,AP27AW 3425,P.V,Animals affected,0
05.02.2016,8:00 PM,1315.3,LHS,Rural,Kavali,Others(p1.Specific), Lorry went out of road towards ROW,Lorry,Non injury,Over speed,Four lanes or more with central divider,Straight road,,Fine,AP16TC 6077,P.V,Fatal,0
05.02.2016,8:00 PM,1315.3,LHS,Rural,Kavali,Others(p1.Specific), Lorry went out of road towards ROW,Lorry,Non injury,Over speed,Four lanes or more with central divider,Straight road,,Fine,AP16TC 6077,P.V,Grevious,0
05.02.2016,8:00 PM,1315.3,LHS,Rural,Kavali,Others(p1.Specific), Lorry went out of road towards ROW,Lorry,Non injury,Over speed,Four lanes or more with central divider,Straight road,,Fine,AP16TC 6077,P.V,Minor,0
05.02.2016,8:00 PM,1315.3,LHS,Rural,Kavali,Others(p1.Specific), Lorry went out of road towards ROW,Lorry,Non injury,Over speed,Four lanes or more with central divider,Straight road,,Fine,AP16TC 6077,P.V,Non injured ,2
05.02.2016,8:00 PM,1315.3,LHS,Rural,Kavali,Others(p1.Specific), Lorry went out of road towards ROW,Lorry,Non injury,Over speed,Four lanes or more with central divider,Straight road,,Fine,AP16TC 6077,P.V,Animals affected,0
05.02.2016,10:15 PM,1198.4,LHS,Rural,Martur,Overturning, Mini van Overturned,Lorry,Non injury,Defect in mechanical condition of motor vehicle/road condition,Four lanes or more with central divider,Straight road,,Fine,AP07TF 2757,P.V,Fatal,0
05.02.2016,10:15 PM,1198.4,LHS,Rural,Martur,Overturning, Mini van Overturned,Lorry,Non injury,Defect in mechanical condition of motor vehicle/road condition,Four lanes or more with central divider,Straight road,,Fine,AP07TF 2757,P.V,Grevious,0
05.02.2016,10:15 PM,1198.4,LHS,Rural,Martur,Overturning, Mini van Overturned,Lorry,Non injury,Defect in mechanical condition of motor vehicle/road condition,Four lanes or more with central divider,Straight road,,Fine,AP07TF 2757,P.V,Minor,0
05.02.2016,10:15 PM,1198.4,LHS,Rural,Martur,Overturning, Mini van Overturned,Lorry,Non injury,Defect in mechanical condition of motor vehicle/road condition,Four lanes or more with central divider,Straight road,,Fine,AP07TF 2757,P.V,Non injured ,2
05.02.2016,10:15 PM,1198.4,LHS,Rural,Martur,Overturning, Mini van Overturned,Lorry,Non injury,Defect in mechanical condition of motor vehicle/road condition,Four lanes or more with central divider,Straight road,,Fine,AP07TF 2757,P.V,Animals affected,0
07.02.2016,5:40 AM,1196.7,RHS,Rural,Martur,Rear End Collision, Van hit Unknown vehicle,Van,Minor injury,Over speed,Four lanes or more with central divider,Straight road,,Fine,AP05W    9773,P.V,Fatal,0
07.02.2016,5:40 AM,1196.7,RHS,Rural,Martur,Rear End Collision, Van hit Unknown vehicle,Van,Minor injury,Over speed,Four lanes or more with central divider,Straight road,,Fine,AP05W    9773,P.V,Grevious,0
07.02.2016,5:40 AM,1196.7,RHS,Rural,Martur,Rear End Collision, Van hit Unknown vehicle,Van,Minor injury,Over speed,Four lanes or more with central divider,Straight road,,Fine,AP05W    9773,P.V,Minor,3
07.02.2016,5:40 AM,1196.7,RHS,Rural,Martur,Rear End Collision, Van hit Unknown vehicle,Van,Minor injury,Over speed,Four lanes or more with central divider,Straight road,,Fine,AP05W    9773,P.V,Non injured ,8
07.02.2016,5:40 AM,1196.7,RHS,Rural,Martur,Rear End Collision, Van hit Unknown vehicle,Van,Minor injury,Over speed,Four lanes or more with central divider,Straight road,,Fine,AP05W    9773,P.V,Animals affected,0
07.02.2016,4:45 PM,1265.9,LHS,Rural,Tangutur,Rear End Collision, Unknown vehicle hit Bike,Unknown,Fatal,Over speed,Four lanes or more with central divider,Slight curve,,Fine,Unknown vehicle,P.V & A.M.B,Fatal,1
07.02.2016,4:45 PM,1265.9,LHS,Rural,Tangutur,Rear End Collision, Unknown vehicle hit Bike,Unknown,Fatal,Over speed,Four lanes or more with central divider,Slight curve,,Fine,Unknown vehicle,P.V & A.M.B,Grevious,1
07.02.2016,4:45 PM,1265.9,LHS,Rural,Tangutur,Rear End Collision, Unknown vehicle hit Bike,Unknown,Fatal,Over speed,Four lanes or more with central divider,Slight curve,,Fine,Unknown vehicle,P.V & A.M.B,Minor,0
07.02.2016,4:45 PM,1265.9,LHS,Rural,Tangutur,Rear End Collision, Unknown vehicle hit Bike,Unknown,Fatal,Over speed,Four lanes or more with central divider,Slight curve,,Fine,Unknown vehicle,P.V & A.M.B,Non injured ,0
07.02.2016,4:45 PM,1265.9,LHS,Rural,Tangutur,Rear End Collision, Unknown vehicle hit Bike,Unknown,Fatal,Over speed,Four lanes or more with central divider,Slight curve,,Fine,Unknown vehicle,P.V & A.M.B,Animals affected,0
08.02.2016,5:10 AM,1200.2,RHS,Rural,Reningavaram,Overturning, Mini Lorry Overturned,Lorry,Non injury,Over speed,Four lanes or more with central divider,Straight road,,Fine,AP16TG 4488,P.V,Fatal,0
08.02.2016,5:10 AM,1200.2,RHS,Rural,Reningavaram,Overturning, Mini Lorry Overturned,Lorry,Non injury,Over speed,Four lanes or more with central divider,Straight road,,Fine,AP16TG 4488,P.V,Grevious,0
08.02.2016,5:10 AM,1200.2,RHS,Rural,Reningavaram,Overturning, Mini Lorry Overturned,Lorry,Non injury,Over speed,Four lanes or more with central divider,Straight road,,Fine,AP16TG 4488,P.V,Minor,0
08.02.2016,5:10 AM,1200.2,RHS,Rural,Reningavaram,Overturning, Mini Lorry Overturned,Lorry,Non injury,Over speed,Four lanes or more with central divider,Straight road,,Fine,AP16TG 4488,P.V,Non injured ,1
08.02.2016,5:10 AM,1200.2,RHS,Rural,Reningavaram,Overturning, Mini Lorry Overturned,Lorry,Non injury,Over speed,Four lanes or more with central divider,Straight road,,Fine,AP16TG 4488,P.V,Animals affected,0
08.02.2016,12:35 PM,1203.2,RHS,Rural,Reningavaram,Rear End Collision, Bike hit Bike,Bike,Minor injury,Over speed,Four lanes or more with central divider,Straight road,,Fine,AP07BR 4676,P.V & A.M.B,Fatal,0
08.02.2016,12:35 PM,1203.2,RHS,Rural,Reningavaram,Rear End Collision, Bike hit Bike,Bike,Minor injury,Over speed,Four lanes or more with central divider,Straight road,,Fine,AP07BR 4676,P.V & A.M.B,Grevious,0
08.02.2016,12:35 PM,1203.2,RHS,Rural,Reningavaram,Rear End Collision, Bike hit Bike,Bike,Minor injury,Over speed,Four lanes or more with central divider,Straight road,,Fine,AP07BR 4676,P.V & A.M.B,Minor,2
08.02.2016,12:35 PM,1203.2,RHS,Rural,Reningavaram,Rear End Collision, Bike hit Bike,Bike,Minor injury,Over speed,Four lanes or more with central divider,Straight road,,Fine,AP07BR 4676,P.V & A.M.B,Non injured ,1
08.02.2016,12:35 PM,1203.2,RHS,Rural,Reningavaram,Rear End Collision, Bike hit Bike,Bike,Minor injury,Over speed,Four lanes or more with central divider,Straight road,,Fine,AP07BR 4676,P.V & A.M.B,Animals affected,0
09.02.2016,1:54 AM,1252.5,LHS,Rural,Ongole,Overturning, Tipper             Overturned towards R,Lorry,Non injury,Druken,Two lanes,Straight road,,Fine,AP26TB   9387,P.V,Fatal,0
09.02.2016,1:54 AM,1252.5,LHS,Rural,Ongole,Overturning, Tipper             Overturned towards R,Lorry,Non injury,Druken,Two lanes,Straight road,,Fine,AP26TB   9387,P.V,Grevious,0
09.02.2016,1:54 AM,1252.5,LHS,Rural,Ongole,Overturning, Tipper             Overturned towards R,Lorry,Non injury,Druken,Two lanes,Straight road,,Fine,AP26TB   9387,P.V,Minor,0
09.02.2016,1:54 AM,1252.5,LHS,Rural,Ongole,Overturning, Tipper             Overturned towards R,Lorry,Non injury,Druken,Two lanes,Straight road,,Fine,AP26TB   9387,P.V,Non injured ,2
09.02.2016,1:54 AM,1252.5,LHS,Rural,Ongole,Overturning, Tipper             Overturned towards R,Lorry,Non injury,Druken,Two lanes,Straight road,,Fine,AP26TB   9387,P.V,Animals affected,0
09.02.2016,10:40 AM,1198.5,LHS,Rural,Martur,Collision Brush/Side Wipe, Bike hit Median,Bike,Grievious injury,Druken,Four lanes or more with central divider,Straight road,,Fine,AP28CK  8635, A.M.B,Fatal,0
09.02.2016,10:40 AM,1198.5,LHS,Rural,Martur,Collision Brush/Side Wipe, Bike hit Median,Bike,Grievious injury,Druken,Four lanes or more with central divider,Straight road,,Fine,AP28CK  8635, A.M.B,Grevious,1
09.02.2016,10:40 AM,1198.5,LHS,Rural,Martur,Collision Brush/Side Wipe, Bike hit Median,Bike,Grievious injury,Druken,Four lanes or more with central divider,Straight road,,Fine,AP28CK  8635, A.M.B,Minor,0
09.02.2016,10:40 AM,1198.5,LHS,Rural,Martur,Collision Brush/Side Wipe, Bike hit Median,Bike,Grievious injury,Druken,Four lanes or more with central divider,Straight road,,Fine,AP28CK  8635, A.M.B,Non injured ,0
09.02.2016,10:40 AM,1198.5,LHS,Rural,Martur,Collision Brush/Side Wipe, Bike hit Median,Bike,Grievious injury,Druken,Four lanes or more with central divider,Straight road,,Fine,AP28CK  8635, A.M.B,Animals affected,0
10.02.2016,1:20 AM,1318.8,LHS,Rural,Kavali,Overturning, Lorry Overturned,Lorry,Non injury,Fault of driver of motor vehicle/driver of other vehicle/cyclist/pedestrian/passenger,Four lanes or more with central divider,Straight road,,Fine,AP24TA 5789,P.V,Fatal,0
10.02.2016,1:20 AM,1318.8,LHS,Rural,Kavali,Overturning, Lorry Overturned,Lorry,Non injury,Fault of driver of motor vehicle/driver of other vehicle/cyclist/pedestrian/passenger,Four lanes or more with central divider,Straight road,,Fine,AP24TA 5789,P.V,Grevious,0
10.02.2016,1:20 AM,1318.8,LHS,Rural,Kavali,Overturning, Lorry Overturned,Lorry,Non injury,Fault of driver of motor vehicle/driver of other vehicle/cyclist/pedestrian/passenger,Four lanes or more with central divider,Straight road,,Fine,AP24TA 5789,P.V,Minor,0
10.02.2016,1:20 AM,1318.8,LHS,Rural,Kavali,Overturning, Lorry Overturned,Lorry,Non injury,Fault of driver of motor vehicle/driver of other vehicle/cyclist/pedestrian/passenger,Four lanes or more with central divider,Straight road,,Fine,AP24TA 5789,P.V,Non injured ,2
10.02.2016,1:20 AM,1318.8,LHS,Rural,Kavali,Overturning, Lorry Overturned,Lorry,Non injury,Fault of driver of motor vehicle/driver of other vehicle/cyclist/pedestrian/passenger,Four lanes or more with central divider,Straight road,,Fine,AP24TA 5789,P.V,Animals affected,0
10.02.2016,8:21 AM,1338.9,RHS,Rural,Dagadarthi,Rear End Collision,Lorry hit Unknown vehicle ,Lorry,Non injury,Over speed,Four lanes or more with central divider,Straight road,,Fine,AP27TB      7859,P.V,Fatal,0
10.02.2016,8:21 AM,1338.9,RHS,Rural,Dagadarthi,Rear End Collision,Lorry hit Unknown vehicle ,Lorry,Non injury,Over speed,Four lanes or more with central divider,Straight road,,Fine,AP27TB      7859,P.V,Grevious,0
10.02.2016,8:21 AM,1338.9,RHS,Rural,Dagadarthi,Rear End Collision,Lorry hit Unknown vehicle ,Lorry,Non injury,Over speed,Four lanes or more with central divider,Straight road,,Fine,AP27TB      7859,P.V,Minor,0
10.02.2016,8:21 AM,1338.9,RHS,Rural,Dagadarthi,Rear End Collision,Lorry hit Unknown vehicle ,Lorry,Non injury,Over speed,Four lanes or more with central divider,Straight road,,Fine,AP27TB      7859,P.V,Non injured ,2
10.02.2016,8:21 AM,1338.9,RHS,Rural,Dagadarthi,Rear End Collision,Lorry hit Unknown vehicle ,Lorry,Non injury,Over speed,Four lanes or more with central divider,Straight road,,Fine,AP27TB      7859,P.V,Animals affected,0
10.02.2016,1:25 PM,1288.4,LHS,Rural,Ulavapadu,Collision Brush/Side Wipe, Lorry hit   Median,Lorry,Non injury,Over speed,Four lanes or more with central divider,Straight road,,Fine,AP07TT     4865,P.V,Fatal,0
10.02.2016,1:25 PM,1288.4,LHS,Rural,Ulavapadu,Collision Brush/Side Wipe, Lorry hit   Median,Lorry,Non injury,Over speed,Four lanes or more with central divider,Straight road,,Fine,AP07TT     4865,P.V,Grevious,0
10.02.2016,1:25 PM,1288.4,LHS,Rural,Ulavapadu,Collision Brush/Side Wipe, Lorry hit   Median,Lorry,Non injury,Over speed,Four lanes or more with central divider,Straight road,,Fine,AP07TT     4865,P.V,Minor,0
10.02.2016,1:25 PM,1288.4,LHS,Rural,Ulavapadu,Collision Brush/Side Wipe, Lorry hit   Median,Lorry,Non injury,Over speed,Four lanes or more with central divider,Straight road,,Fine,AP07TT     4865,P.V,Non injured ,2
10.02.2016,1:25 PM,1288.4,LHS,Rural,Ulavapadu,Collision Brush/Side Wipe, Lorry hit   Median,Lorry,Non injury,Over speed,Four lanes or more with central divider,Straight road,,Fine,AP07TT     4865,P.V,Animals affected,0
11.02.2016,5:30 AM,1280.8,RHS,Rural,Singarayakonda,Rear End Collision, Car hit lorry ,Car,Non injury,Over speed,Four lanes or more with central divider,Straight road,,Mist/Fog,AP26TV  2200,P.V,Fatal,0
11.02.2016,5:30 AM,1280.8,RHS,Rural,Singarayakonda,Rear End Collision, Car hit lorry ,Car,Non injury,Over speed,Four lanes or more with central divider,Straight road,,Mist/Fog,AP26TV  2200,P.V,Grevious,0
11.02.2016,5:30 AM,1280.8,RHS,Rural,Singarayakonda,Rear End Collision, Car hit lorry ,Car,Non injury,Over speed,Four lanes or more with central divider,Straight road,,Mist/Fog,AP26TV  2200,P.V,Minor,0
11.02.2016,5:30 AM,1280.8,RHS,Rural,Singarayakonda,Rear End Collision, Car hit lorry ,Car,Non injury,Over speed,Four lanes or more with central divider,Straight road,,Mist/Fog,AP26TV  2200,P.V,Non injured ,2
11.02.2016,5:30 AM,1280.8,RHS,Rural,Singarayakonda,Rear End Collision, Car hit lorry ,Car,Non injury,Over speed,Four lanes or more with central divider,Straight road,,Mist/Fog,AP26TV  2200,P.V,Animals affected,0
13.02.2016,8:05 AM,1264.2,RHS,Rural,Tangutur,Collision Brush/Side Wipe, Car hit bike ,Car,Grievious injury,Fault of driver of motor vehicle/driver of other vehicle/cyclist/pedestrian/passenger,Four lanes or more with central divider,Straight road,,Fine,AP05W   4877,P.V & A.M.B,Fatal,0
13.02.2016,8:05 AM,1264.2,RHS,Rural,Tangutur,Collision Brush/Side Wipe, Car hit bike ,Car,Grievious injury,Fault of driver of motor vehicle/driver of other vehicle/cyclist/pedestrian/passenger,Four lanes or more with central divider,Straight road,,Fine,AP05W   4877,P.V & A.M.B,Grevious,1
13.02.2016,8:05 AM,1264.2,RHS,Rural,Tangutur,Collision Brush/Side Wipe, Car hit bike ,Car,Grievious injury,Fault of driver of motor vehicle/driver of other vehicle/cyclist/pedestrian/passenger,Four lanes or more with central divider,Straight road,,Fine,AP05W   4877,P.V & A.M.B,Minor,0
13.02.2016,8:05 AM,1264.2,RHS,Rural,Tangutur,Collision Brush/Side Wipe, Car hit bike ,Car,Grievious injury,Fault of driver of motor vehicle/driver of other vehicle/cyclist/pedestrian/passenger,Four lanes or more with central divider,Straight road,,Fine,AP05W   4877,P.V & A.M.B,Non injured ,1
13.02.2016,8:05 AM,1264.2,RHS,Rural,Tangutur,Collision Brush/Side Wipe, Car hit bike ,Car,Grievious injury,Fault of driver of motor vehicle/driver of other vehicle/cyclist/pedestrian/passenger,Four lanes or more with central divider,Straight road,,Fine,AP05W   4877,P.V & A.M.B,Animals affected,0
13.02.2016,3:27 PM,1348.2,LHS,Rural,Kodavaluru,Collision Brush/Side Wipe, Bike hit lorry,Bike,Grievious injury,Vehicle out of control,Four lanes or more with central divider,Slight curve,,Fine,AP26AK  0196,P.V,Fatal,0
13.02.2016,3:27 PM,1348.2,LHS,Rural,Kodavaluru,Collision Brush/Side Wipe, Bike hit lorry,Bike,Grievious injury,Vehicle out of control,Four lanes or more with central divider,Slight curve,,Fine,AP26AK  0196,P.V,Grevious,1
13.02.2016,3:27 PM,1348.2,LHS,Rural,Kodavaluru,Collision Brush/Side Wipe, Bike hit lorry,Bike,Grievious injury,Vehicle out of control,Four lanes or more with central divider,Slight curve,,Fine,AP26AK  0196,P.V,Minor,0
13.02.2016,3:27 PM,1348.2,LHS,Rural,Kodavaluru,Collision Brush/Side Wipe, Bike hit lorry,Bike,Grievious injury,Vehicle out of control,Four lanes or more with central divider,Slight curve,,Fine,AP26AK  0196,P.V,Non injured ,2
13.02.2016,3:27 PM,1348.2,LHS,Rural,Kodavaluru,Collision Brush/Side Wipe, Bike hit lorry,Bike,Grievious injury,Vehicle out of control,Four lanes or more with central divider,Slight curve,,Fine,AP26AK  0196,P.V,Animals affected,0
14.02.2016,5:20 AM,1281.3,RHS,Rural,Singarayakonda,Collision Brush/Side Wipe, Lorry hit Median,Lorry,Non injury,Druken,Four lanes or more with central divider,Straight road,,Fine,AP27TT  8487,P.V,Fatal,0
14.02.2016,5:20 AM,1281.3,RHS,Rural,Singarayakonda,Collision Brush/Side Wipe, Lorry hit Median,Lorry,Non injury,Druken,Four lanes or more with central divider,Straight road,,Fine,AP27TT  8487,P.V,Grevious,0
14.02.2016,5:20 AM,1281.3,RHS,Rural,Singarayakonda,Collision Brush/Side Wipe, Lorry hit Median,Lorry,Non injury,Druken,Four lanes or more with central divider,Straight road,,Fine,AP27TT  8487,P.V,Minor,0
14.02.2016,5:20 AM,1281.3,RHS,Rural,Singarayakonda,Collision Brush/Side Wipe, Lorry hit Median,Lorry,Non injury,Druken,Four lanes or more with central divider,Straight road,,Fine,AP27TT  8487,P.V,Non injured ,2
14.02.2016,5:20 AM,1281.3,RHS,Rural,Singarayakonda,Collision Brush/Side Wipe, Lorry hit Median,Lorry,Non injury,Druken,Four lanes or more with central divider,Straight road,,Fine,AP27TT  8487,P.V,Animals affected,0
14.02.2016,8:15 AM,1245.4,LHS,Urban,Ongole,Rear End Collision, Lorry hit unknown vehicle,Lorry,Non injury,Over speed,Four lanes or more with central divider,Straight road,,Fine,AP16TB  6049,P.V,Fatal,0
14.02.2016,8:15 AM,1245.4,LHS,Urban,Ongole,Rear End Collision, Lorry hit unknown vehicle,Lorry,Non injury,Over speed,Four lanes or more with central divider,Straight road,,Fine,AP16TB  6049,P.V,Grevious,0
14.02.2016,8:15 AM,1245.4,LHS,Urban,Ongole,Rear End Collision, Lorry hit unknown vehicle,Lorry,Non injury,Over speed,Four lanes or more with central divider,Straight road,,Fine,AP16TB  6049,P.V,Minor,0
14.02.2016,8:15 AM,1245.4,LHS,Urban,Ongole,Rear End Collision, Lorry hit unknown vehicle,Lorry,Non injury,Over speed,Four lanes or more with central divider,Straight road,,Fine,AP16TB  6049,P.V,Non injured ,2
14.02.2016,8:15 AM,1245.4,LHS,Urban,Ongole,Rear End Collision, Lorry hit unknown vehicle,Lorry,Non injury,Over speed,Four lanes or more with central divider,Straight road,,Fine,AP16TB  6049,P.V,Animals affected,0
17.02.2016,3:15 AM,1217.5,LHS,Rural,Medarametla,Collision Brush/Side Wipe, Car hit CC Barriers ,Car,Non injury,Over speed,Four lanes or more with central divider,Straight road,,Fine,AP27BC 7826,P.V,Fatal,0
17.02.2016,3:15 AM,1217.5,LHS,Rural,Medarametla,Collision Brush/Side Wipe, Car hit CC Barriers ,Car,Non injury,Over speed,Four lanes or more with central divider,Straight road,,Fine,AP27BC 7826,P.V,Grevious,0
17.02.2016,3:15 AM,1217.5,LHS,Rural,Medarametla,Collision Brush/Side Wipe, Car hit CC Barriers ,Car,Non injury,Over speed,Four lanes or more with central divider,Straight road,,Fine,AP27BC 7826,P.V,Minor,0
17.02.2016,3:15 AM,1217.5,LHS,Rural,Medarametla,Collision Brush/Side Wipe, Car hit CC Barriers ,Car,Non injury,Over speed,Four lanes or more with central divider,Straight road,,Fine,AP27BC 7826,P.V,Non injured ,2
17.02.2016,3:15 AM,1217.5,LHS,Rural,Medarametla,Collision Brush/Side Wipe, Car hit CC Barriers ,Car,Non injury,Over speed,Four lanes or more with central divider,Straight road,,Fine,AP27BC 7826,P.V,Animals affected,0
17.02.2016,7:30 PM,1270.2,LHS,Rural,Jarugumalli,Collision Brush/Side Wipe, Container vehicle hit APSRTC Bus,Container,Non injury,Over speed,Four lanes or more with central divider,Straight road,,Fine,AP27V    7170,P.V,Fatal,0
17.02.2016,7:30 PM,1270.2,LHS,Rural,Jarugumalli,Collision Brush/Side Wipe, Container vehicle hit APSRTC Bus,Container,Non injury,Over speed,Four lanes or more with central divider,Straight road,,Fine,AP27V    7170,P.V,Grevious,0
17.02.2016,7:30 PM,1270.2,LHS,Rural,Jarugumalli,Collision Brush/Side Wipe, Container vehicle hit APSRTC Bus,Container,Non injury,Over speed,Four lanes or more with central divider,Straight road,,Fine,AP27V    7170,P.V,Minor,0
17.02.2016,7:30 PM,1270.2,LHS,Rural,Jarugumalli,Collision Brush/Side Wipe, Container vehicle hit APSRTC Bus,Container,Non injury,Over speed,Four lanes or more with central divider,Straight road,,Fine,AP27V    7170,P.V,Non injured ,17
17.02.2016,7:30 PM,1270.2,LHS,Rural,Jarugumalli,Collision Brush/Side Wipe, Container vehicle hit APSRTC Bus,Container,Non injury,Over speed,Four lanes or more with central divider,Straight road,,Fine,AP27V    7170,P.V,Animals affected,0
18.02.2016,6:50 AM,1223,LHS,Rural,Medarametla,Head on collision, Unknown vehicle hit Tata Ace vehicle,Unknown,Minor injury,Fault of driver of motor vehicle/driver of other vehicle/cyclist/pedestrian/passenger,Four lanes or more with central divider,Straight road,,Fine,Unknown vehicle,P.V & A.M.B,Fatal,0
18.02.2016,6:50 AM,1223,LHS,Rural,Medarametla,Head on collision, Unknown vehicle hit Tata Ace vehicle,Unknown,Minor injury,Fault of driver of motor vehicle/driver of other vehicle/cyclist/pedestrian/passenger,Four lanes or more with central divider,Straight road,,Fine,Unknown vehicle,P.V & A.M.B,Grevious,0
18.02.2016,6:50 AM,1223,LHS,Rural,Medarametla,Head on collision, Unknown vehicle hit Tata Ace vehicle,Unknown,Minor injury,Fault of driver of motor vehicle/driver of other vehicle/cyclist/pedestrian/passenger,Four lanes or more with central divider,Straight road,,Fine,Unknown vehicle,P.V & A.M.B,Minor,1
18.02.2016,6:50 AM,1223,LHS,Rural,Medarametla,Head on collision, Unknown vehicle hit Tata Ace vehicle,Unknown,Minor injury,Fault of driver of motor vehicle/driver of other vehicle/cyclist/pedestrian/passenger,Four lanes or more with central divider,Straight road,,Fine,Unknown vehicle,P.V & A.M.B,Non injured ,2
18.02.2016,6:50 AM,1223,LHS,Rural,Medarametla,Head on collision, Unknown vehicle hit Tata Ace vehicle,Unknown,Minor injury,Fault of driver of motor vehicle/driver of other vehicle/cyclist/pedestrian/passenger,Four lanes or more with central divider,Straight road,,Fine,Unknown vehicle,P.V & A.M.B,Animals affected,0
19.02.2016,4:35 AM,1297.1,RHS,Rural,Ulavapadu,Rear End Collision, Car hit Unknown vehicle,Car,Non injury,Over speed,Four lanes or more with central divider,Straight road,,Fine,AP27TU 5559,P.V,Fatal,0
19.02.2016,4:35 AM,1297.1,RHS,Rural,Ulavapadu,Rear End Collision, Car hit Unknown vehicle,Car,Non injury,Over speed,Four lanes or more with central divider,Straight road,,Fine,AP27TU 5559,P.V,Grevious,0
19.02.2016,4:35 AM,1297.1,RHS,Rural,Ulavapadu,Rear End Collision, Car hit Unknown vehicle,Car,Non injury,Over speed,Four lanes or more with central divider,Straight road,,Fine,AP27TU 5559,P.V,Minor,0
19.02.2016,4:35 AM,1297.1,RHS,Rural,Ulavapadu,Rear End Collision, Car hit Unknown vehicle,Car,Non injury,Over speed,Four lanes or more with central divider,Straight road,,Fine,AP27TU 5559,P.V,Non injured ,2