Operational date,Time of Accident,KM && M,Position,Rural/Urban,Location,Nature of Accident Position,Nature of Accident,Vehicle Involved,Type of Accident,Causes,Road Feature,Road condition,Intersection Type And Control,Weather Condition,Vehicle Responsible,Help Provided by Ambulance/Patroling Vehicle,Classification of Accident,No of Affected Persons
19.02.2016,4:35 AM,1297.1,RHS,Rural,Ulavapadu,Rear End Collision, Car hit Unknown vehicle,Car,Non injury,Over speed,Four lanes or more with central divider,Straight road,,Fine,AP27TU 5559,P.V,Animals affected,0
19.02.2016,1:19 PM,1186.6,LHS,Rural,Martur,Collision Brush/Side Wipe, Car hit Pedestrian,Car,Grievious injury,Over speed,Four lanes or more with central divider,Straight road,,Fine,AP23G    0322,P.V,Fatal,0
19.02.2016,1:19 PM,1186.6,LHS,Rural,Martur,Collision Brush/Side Wipe, Car hit Pedestrian,Car,Grievious injury,Over speed,Four lanes or more with central divider,Straight road,,Fine,AP23G    0322,P.V,Grevious,1
19.02.2016,1:19 PM,1186.6,LHS,Rural,Martur,Collision Brush/Side Wipe, Car hit Pedestrian,Car,Grievious injury,Over speed,Four lanes or more with central divider,Straight road,,Fine,AP23G    0322,P.V,Minor,0
19.02.2016,1:19 PM,1186.6,LHS,Rural,Martur,Collision Brush/Side Wipe, Car hit Pedestrian,Car,Grievious injury,Over speed,Four lanes or more with central divider,Straight road,,Fine,AP23G    0322,P.V,Non injured ,4
19.02.2016,1:19 PM,1186.6,LHS,Rural,Martur,Collision Brush/Side Wipe, Car hit Pedestrian,Car,Grievious injury,Over speed,Four lanes or more with central divider,Straight road,,Fine,AP23G    0322,P.V,Animals affected,0
19.02.2016,4:30 PM,1316,LHS,Rural,Kavali,Overturning, Mini Lorry Overturned,Lorry,Non injury,Over speed,Four lanes or more with central divider,Straight road,,Fine,AP16TD 4292,P.V,Fatal,0
19.02.2016,4:30 PM,1316,LHS,Rural,Kavali,Overturning, Mini Lorry Overturned,Lorry,Non injury,Over speed,Four lanes or more with central divider,Straight road,,Fine,AP16TD 4292,P.V,Grevious,0
19.02.2016,4:30 PM,1316,LHS,Rural,Kavali,Overturning, Mini Lorry Overturned,Lorry,Non injury,Over speed,Four lanes or more with central divider,Straight road,,Fine,AP16TD 4292,P.V,Minor,0
19.02.2016,4:30 PM,1316,LHS,Rural,Kavali,Overturning, Mini Lorry Overturned,Lorry,Non injury,Over speed,Four lanes or more with central divider,Straight road,,Fine,AP16TD 4292,P.V,Non injured ,1
19.02.2016,4:30 PM,1316,LHS,Rural,Kavali,Overturning, Mini Lorry Overturned,Lorry,Non injury,Over speed,Four lanes or more with central divider,Straight road,,Fine,AP16TD 4292,P.V,Animals affected,0
20.02.2016,8:45 AM,1240.3,LHS,Rural,Ongole,Collision Brush/Side Wipe, Lorry hit bridge wall,Lorry,Non injury,Fault of driver of motor vehicle/driver of other vehicle/cyclist/pedestrian/passenger,Four lanes or more with central divider,Straight road,,Fine,TN52D   9063,P.V,Fatal,0
20.02.2016,8:45 AM,1240.3,LHS,Rural,Ongole,Collision Brush/Side Wipe, Lorry hit bridge wall,Lorry,Non injury,Fault of driver of motor vehicle/driver of other vehicle/cyclist/pedestrian/passenger,Four lanes or more with central divider,Straight road,,Fine,TN52D   9063,P.V,Grevious,0
20.02.2016,8:45 AM,1240.3,LHS,Rural,Ongole,Collision Brush/Side Wipe, Lorry hit bridge wall,Lorry,Non injury,Fault of driver of motor vehicle/driver of other vehicle/cyclist/pedestrian/passenger,Four lanes or more with central divider,Straight road,,Fine,TN52D   9063,P.V,Minor,0
20.02.2016,8:45 AM,1240.3,LHS,Rural,Ongole,Collision Brush/Side Wipe, Lorry hit bridge wall,Lorry,Non injury,Fault of driver of motor vehicle/driver of other vehicle/cyclist/pedestrian/passenger,Four lanes or more with central divider,Straight road,,Fine,TN52D   9063,P.V,Non injured ,2
20.02.2016,8:45 AM,1240.3,LHS,Rural,Ongole,Collision Brush/Side Wipe, Lorry hit bridge wall,Lorry,Non injury,Fault of driver of motor vehicle/driver of other vehicle/cyclist/pedestrian/passenger,Four lanes or more with central divider,Straight road,,Fine,TN52D   9063,P.V,Animals affected,0
20.02.2016,1:03 PM,1302.2,RHS,Rural,Gudluru,Rear End Collision, Car hit RTC bus,Car,Grievious injury,Over speed,Four lanes or more with central divider,Straight road,T-Junction,Fine,AP26AM 1458,P.V,Fatal,0
20.02.2016,1:03 PM,1302.2,RHS,Rural,Gudluru,Rear End Collision, Car hit RTC bus,Car,Grievious injury,Over speed,Four lanes or more with central divider,Straight road,T-Junction,Fine,AP26AM 1458,P.V,Grevious,2
20.02.2016,1:03 PM,1302.2,RHS,Rural,Gudluru,Rear End Collision, Car hit RTC bus,Car,Grievious injury,Over speed,Four lanes or more with central divider,Straight road,T-Junction,Fine,AP26AM 1458,P.V,Minor,0
20.02.2016,1:03 PM,1302.2,RHS,Rural,Gudluru,Rear End Collision, Car hit RTC bus,Car,Grievious injury,Over speed,Four lanes or more with central divider,Straight road,T-Junction,Fine,AP26AM 1458,P.V,Non injured ,20
20.02.2016,1:03 PM,1302.2,RHS,Rural,Gudluru,Rear End Collision, Car hit RTC bus,Car,Grievious injury,Over speed,Four lanes or more with central divider,Straight road,T-Junction,Fine,AP26AM 1458,P.V,Animals affected,0
20.02.2016,5:30 PM,1228,LHS,Rural,Maddipadu,Overturning, Tipper overturned,Lorry,Non injury,Vehicle out of control,Four lanes or more with central divider,Straight road,Four arm junction,Fine,AP24X  2507,P.V,Fatal,0
20.02.2016,5:30 PM,1228,LHS,Rural,Maddipadu,Overturning, Tipper overturned,Lorry,Non injury,Vehicle out of control,Four lanes or more with central divider,Straight road,Four arm junction,Fine,AP24X  2507,P.V,Grevious,0
20.02.2016,5:30 PM,1228,LHS,Rural,Maddipadu,Overturning, Tipper overturned,Lorry,Non injury,Vehicle out of control,Four lanes or more with central divider,Straight road,Four arm junction,Fine,AP24X  2507,P.V,Minor,0
20.02.2016,5:30 PM,1228,LHS,Rural,Maddipadu,Overturning, Tipper overturned,Lorry,Non injury,Vehicle out of control,Four lanes or more with central divider,Straight road,Four arm junction,Fine,AP24X  2507,P.V,Non injured ,1
20.02.2016,5:30 PM,1228,LHS,Rural,Maddipadu,Overturning, Tipper overturned,Lorry,Non injury,Vehicle out of control,Four lanes or more with central divider,Straight road,Four arm junction,Fine,AP24X  2507,P.V,Animals affected,0
21.02.2016,2:30 PM,1330.8,RHS,Rural,Kavali,Overturning, Ape auto overturned,Auto,Grievious injury,Fault of driver of motor vehicle/driver of other vehicle/cyclist/pedestrian/passenger,Four lanes or more with central divider,Straight road,,Fine,AP26TC 8776,P.V & A.M.B,Fatal,0
21.02.2016,2:30 PM,1330.8,RHS,Rural,Kavali,Overturning, Ape auto overturned,Auto,Grievious injury,Fault of driver of motor vehicle/driver of other vehicle/cyclist/pedestrian/passenger,Four lanes or more with central divider,Straight road,,Fine,AP26TC 8776,P.V & A.M.B,Grevious,3
21.02.2016,2:30 PM,1330.8,RHS,Rural,Kavali,Overturning, Ape auto overturned,Auto,Grievious injury,Fault of driver of motor vehicle/driver of other vehicle/cyclist/pedestrian/passenger,Four lanes or more with central divider,Straight road,,Fine,AP26TC 8776,P.V & A.M.B,Minor,5
21.02.2016,2:30 PM,1330.8,RHS,Rural,Kavali,Overturning, Ape auto overturned,Auto,Grievious injury,Fault of driver of motor vehicle/driver of other vehicle/cyclist/pedestrian/passenger,Four lanes or more with central divider,Straight road,,Fine,AP26TC 8776,P.V & A.M.B,Non injured ,3
21.02.2016,2:30 PM,1330.8,RHS,Rural,Kavali,Overturning, Ape auto overturned,Auto,Grievious injury,Fault of driver of motor vehicle/driver of other vehicle/cyclist/pedestrian/passenger,Four lanes or more with central divider,Straight road,,Fine,AP26TC 8776,P.V & A.M.B,Animals affected,0
21.02.2016,5:40 PM,1281.9,LHS,Rural,Singarayakonda,Rear End Collision, Car hit unknown vehicle,Car,Non injury,Druken,Four lanes or more with central divider,Straight road,T-Junction,Fine,AP16BT 8687,P.V,Fatal,0
21.02.2016,5:40 PM,1281.9,LHS,Rural,Singarayakonda,Rear End Collision, Car hit unknown vehicle,Car,Non injury,Druken,Four lanes or more with central divider,Straight road,T-Junction,Fine,AP16BT 8687,P.V,Grevious,0
21.02.2016,5:40 PM,1281.9,LHS,Rural,Singarayakonda,Rear End Collision, Car hit unknown vehicle,Car,Non injury,Druken,Four lanes or more with central divider,Straight road,T-Junction,Fine,AP16BT 8687,P.V,Minor,0
21.02.2016,5:40 PM,1281.9,LHS,Rural,Singarayakonda,Rear End Collision, Car hit unknown vehicle,Car,Non injury,Druken,Four lanes or more with central divider,Straight road,T-Junction,Fine,AP16BT 8687,P.V,Non injured ,2
21.02.2016,5:40 PM,1281.9,LHS,Rural,Singarayakonda,Rear End Collision, Car hit unknown vehicle,Car,Non injury,Druken,Four lanes or more with central divider,Straight road,T-Junction,Fine,AP16BT 8687,P.V,Animals affected,0
21.02.2016,6:45 PM,1274.4,RHS,Rural,Singarayakonda,Head on collision, Car hit bike,Car,Non injury,Druken,Four lanes or more with central divider,Straight road,,Fine,F/R Car,P.V,Fatal,0
21.02.2016,6:45 PM,1274.4,RHS,Rural,Singarayakonda,Head on collision, Car hit bike,Car,Non injury,Druken,Four lanes or more with central divider,Straight road,,Fine,F/R Car,P.V,Grevious,0
21.02.2016,6:45 PM,1274.4,RHS,Rural,Singarayakonda,Head on collision, Car hit bike,Car,Non injury,Druken,Four lanes or more with central divider,Straight road,,Fine,F/R Car,P.V,Minor,0
21.02.2016,6:45 PM,1274.4,RHS,Rural,Singarayakonda,Head on collision, Car hit bike,Car,Non injury,Druken,Four lanes or more with central divider,Straight road,,Fine,F/R Car,P.V,Non injured ,2
21.02.2016,6:45 PM,1274.4,RHS,Rural,Singarayakonda,Head on collision, Car hit bike,Car,Non injury,Druken,Four lanes or more with central divider,Straight road,,Fine,F/R Car,P.V,Animals affected,0
22.02.2016,5:30 AM,1288.4,RHS,Rural,Ulavapadu,Overturning, Lorry Overturned,Lorry,Non injury,Fault of driver of motor vehicle/driver of other vehicle/cyclist/pedestrian/passenger,Four lanes or more with central divider,Straight road,,Fine,TN30A  1523,P.V,Fatal,0
22.02.2016,5:30 AM,1288.4,RHS,Rural,Ulavapadu,Overturning, Lorry Overturned,Lorry,Non injury,Fault of driver of motor vehicle/driver of other vehicle/cyclist/pedestrian/passenger,Four lanes or more with central divider,Straight road,,Fine,TN30A  1523,P.V,Grevious,0
22.02.2016,5:30 AM,1288.4,RHS,Rural,Ulavapadu,Overturning, Lorry Overturned,Lorry,Non injury,Fault of driver of motor vehicle/driver of other vehicle/cyclist/pedestrian/passenger,Four lanes or more with central divider,Straight road,,Fine,TN30A  1523,P.V,Minor,0
22.02.2016,5:30 AM,1288.4,RHS,Rural,Ulavapadu,Overturning, Lorry Overturned,Lorry,Non injury,Fault of driver of motor vehicle/driver of other vehicle/cyclist/pedestrian/passenger,Four lanes or more with central divider,Straight road,,Fine,TN30A  1523,P.V,Non injured ,2
22.02.2016,5:30 AM,1288.4,RHS,Rural,Ulavapadu,Overturning, Lorry Overturned,Lorry,Non injury,Fault of driver of motor vehicle/driver of other vehicle/cyclist/pedestrian/passenger,Four lanes or more with central divider,Straight road,,Fine,TN30A  1523,P.V,Animals affected,0
22.02.2016,5:35 AM,1199.5,LHS,Rural,Martur,Overturning, Car Overturned,Car,Minor injury,Over speed,Four lanes or more with central divider,Straight road,,Fine,AP03AA 0799,P.V&AMB,Fatal,0
22.02.2016,5:35 AM,1199.5,LHS,Rural,Martur,Overturning, Car Overturned,Car,Minor injury,Over speed,Four lanes or more with central divider,Straight road,,Fine,AP03AA 0799,P.V&AMB,Grevious,0
22.02.2016,5:35 AM,1199.5,LHS,Rural,Martur,Overturning, Car Overturned,Car,Minor injury,Over speed,Four lanes or more with central divider,Straight road,,Fine,AP03AA 0799,P.V&AMB,Minor,1
22.02.2016,5:35 AM,1199.5,LHS,Rural,Martur,Overturning, Car Overturned,Car,Minor injury,Over speed,Four lanes or more with central divider,Straight road,,Fine,AP03AA 0799,P.V&AMB,Non injured ,4
22.02.2016,5:35 AM,1199.5,LHS,Rural,Martur,Overturning, Car Overturned,Car,Minor injury,Over speed,Four lanes or more with central divider,Straight road,,Fine,AP03AA 0799,P.V&AMB,Animals affected,0
22.02.2016,5:06 PM,1354.1,LHS,Rural,Kodavaluru,Collision Brush/Side Wipe, Ambulance vehicle hit Ape auto,Ambulance,Grievious injury,Over speed,Three lanes or more without central divider(median),Straight road,T-Junction,Fine,TN23BJ  7341,P.V,Fatal,0
22.02.2016,5:06 PM,1354.1,LHS,Rural,Kodavaluru,Collision Brush/Side Wipe, Ambulance vehicle hit Ape auto,Ambulance,Grievious injury,Over speed,Three lanes or more without central divider(median),Straight road,T-Junction,Fine,TN23BJ  7341,P.V,Grevious,3
22.02.2016,5:06 PM,1354.1,LHS,Rural,Kodavaluru,Collision Brush/Side Wipe, Ambulance vehicle hit Ape auto,Ambulance,Grievious injury,Over speed,Three lanes or more without central divider(median),Straight road,T-Junction,Fine,TN23BJ  7341,P.V,Minor,0
22.02.2016,5:06 PM,1354.1,LHS,Rural,Kodavaluru,Collision Brush/Side Wipe, Ambulance vehicle hit Ape auto,Ambulance,Grievious injury,Over speed,Three lanes or more without central divider(median),Straight road,T-Junction,Fine,TN23BJ  7341,P.V,Non injured ,2
22.02.2016,5:06 PM,1354.1,LHS,Rural,Kodavaluru,Collision Brush/Side Wipe, Ambulance vehicle hit Ape auto,Ambulance,Grievious injury,Over speed,Three lanes or more without central divider(median),Straight road,T-Junction,Fine,TN23BJ  7341,P.V,Animals affected,0
22.02.2016,5:50 PM,1328.4,LHS,Rural,Kavali,Rear End Collision, Bike hit Trailler vehicle,Bike,Grievious injury,Over speed,Two lanes,Straight road,,Fine,AP23L   8749,P.V,Fatal,0
22.02.2016,5:50 PM,1328.4,LHS,Rural,Kavali,Rear End Collision, Bike hit Trailler vehicle,Bike,Grievious injury,Over speed,Two lanes,Straight road,,Fine,AP23L   8749,P.V,Grevious,1
22.02.2016,5:50 PM,1328.4,LHS,Rural,Kavali,Rear End Collision, Bike hit Trailler vehicle,Bike,Grievious injury,Over speed,Two lanes,Straight road,,Fine,AP23L   8749,P.V,Minor,1
22.02.2016,5:50 PM,1328.4,LHS,Rural,Kavali,Rear End Collision, Bike hit Trailler vehicle,Bike,Grievious injury,Over speed,Two lanes,Straight road,,Fine,AP23L   8749,P.V,Non injured ,2
22.02.2016,5:50 PM,1328.4,LHS,Rural,Kavali,Rear End Collision, Bike hit Trailler vehicle,Bike,Grievious injury,Over speed,Two lanes,Straight road,,Fine,AP23L   8749,P.V,Animals affected,0
23.02.2016,3:40 AM,1245.1,LHS,Urban,Ongole,Rear End Collision, Lorry hit     Lorry,Lorry,Non injury,Fault of driver of motor vehicle/driver of other vehicle/cyclist/pedestrian/passenger,Four lanes or more with central divider,Straight road,,Fine,TN05AY    6810,P.V,Fatal,0
23.02.2016,3:40 AM,1245.1,LHS,Urban,Ongole,Rear End Collision, Lorry hit     Lorry,Lorry,Non injury,Fault of driver of motor vehicle/driver of other vehicle/cyclist/pedestrian/passenger,Four lanes or more with central divider,Straight road,,Fine,TN05AY    6810,P.V,Grevious,0
23.02.2016,3:40 AM,1245.1,LHS,Urban,Ongole,Rear End Collision, Lorry hit     Lorry,Lorry,Non injury,Fault of driver of motor vehicle/driver of other vehicle/cyclist/pedestrian/passenger,Four lanes or more with central divider,Straight road,,Fine,TN05AY    6810,P.V,Minor,0
23.02.2016,3:40 AM,1245.1,LHS,Urban,Ongole,Rear End Collision, Lorry hit     Lorry,Lorry,Non injury,Fault of driver of motor vehicle/driver of other vehicle/cyclist/pedestrian/passenger,Four lanes or more with central divider,Straight road,,Fine,TN05AY    6810,P.V,Non injured ,7
23.02.2016,3:40 AM,1245.1,LHS,Urban,Ongole,Rear End Collision, Lorry hit     Lorry,Lorry,Non injury,Fault of driver of motor vehicle/driver of other vehicle/cyclist/pedestrian/passenger,Four lanes or more with central divider,Straight road,,Fine,TN05AY    6810,P.V,Animals affected,0
25.02.2016,1:30 AM,1242.9,LHS,Rural,Ongole,Collision Brush/Side Wipe, Lorry hit    service road  wall,Lorry,Non injury,Fault of driver of motor vehicle/driver of other vehicle/cyclist/pedestrian/passenger,Four lanes or more with central divider,Straight road,,Fine,AP16TH   1388,P.V,Fatal,0
25.02.2016,1:30 AM,1242.9,LHS,Rural,Ongole,Collision Brush/Side Wipe, Lorry hit    service road  wall,Lorry,Non injury,Fault of driver of motor vehicle/driver of other vehicle/cyclist/pedestrian/passenger,Four lanes or more with central divider,Straight road,,Fine,AP16TH   1388,P.V,Grevious,0
25.02.2016,1:30 AM,1242.9,LHS,Rural,Ongole,Collision Brush/Side Wipe, Lorry hit    service road  wall,Lorry,Non injury,Fault of driver of motor vehicle/driver of other vehicle/cyclist/pedestrian/passenger,Four lanes or more with central divider,Straight road,,Fine,AP16TH   1388,P.V,Minor,0
25.02.2016,1:30 AM,1242.9,LHS,Rural,Ongole,Collision Brush/Side Wipe, Lorry hit    service road  wall,Lorry,Non injury,Fault of driver of motor vehicle/driver of other vehicle/cyclist/pedestrian/passenger,Four lanes or more with central divider,Straight road,,Fine,AP16TH   1388,P.V,Non injured ,2
25.02.2016,1:30 AM,1242.9,LHS,Rural,Ongole,Collision Brush/Side Wipe, Lorry hit    service road  wall,Lorry,Non injury,Fault of driver of motor vehicle/driver of other vehicle/cyclist/pedestrian/passenger,Four lanes or more with central divider,Straight road,,Fine,AP16TH   1388,P.V,Animals affected,0
26.02.2016,6:30 AM,1287.1,LHS,Rural,Ulavapadu,Rear End Collision, Mini truck hit Unknown vehicle    ,Lorry,Fatal,Fault of driver of motor vehicle/driver of other vehicle/cyclist/pedestrian/passenger,Four lanes or more with central divider,Straight road,,Fine,AP07TC 8581,P.V,Fatal,1
26.02.2016,6:30 AM,1287.1,LHS,Rural,Ulavapadu,Rear End Collision, Mini truck hit Unknown vehicle    ,Lorry,Fatal,Fault of driver of motor vehicle/driver of other vehicle/cyclist/pedestrian/passenger,Four lanes or more with central divider,Straight road,,Fine,AP07TC 8581,P.V,Grevious,0
26.02.2016,6:30 AM,1287.1,LHS,Rural,Ulavapadu,Rear End Collision, Mini truck hit Unknown vehicle    ,Lorry,Fatal,Fault of driver of motor vehicle/driver of other vehicle/cyclist/pedestrian/passenger,Four lanes or more with central divider,Straight road,,Fine,AP07TC 8581,P.V,Minor,0
26.02.2016,6:30 AM,1287.1,LHS,Rural,Ulavapadu,Rear End Collision, Mini truck hit Unknown vehicle    ,Lorry,Fatal,Fault of driver of motor vehicle/driver of other vehicle/cyclist/pedestrian/passenger,Four lanes or more with central divider,Straight road,,Fine,AP07TC 8581,P.V,Non injured ,1
26.02.2016,6:30 AM,1287.1,LHS,Rural,Ulavapadu,Rear End Collision, Mini truck hit Unknown vehicle    ,Lorry,Fatal,Fault of driver of motor vehicle/driver of other vehicle/cyclist/pedestrian/passenger,Four lanes or more with central divider,Straight road,,Fine,AP07TC 8581,P.V,Animals affected,0
27.02.2016,4:20 PM,1275.4,LHS,Rural,Singarayakonda,Collision Brush/Side Wipe, Bike hit bike,Bike,Grievious injury,Fault of driver of motor vehicle/driver of other vehicle/cyclist/pedestrian/passenger,Four lanes or more with central divider,Straight road,,Fine,AP27AR  6657,P.V & A.M.B,Fatal,0
27.02.2016,4:20 PM,1275.4,LHS,Rural,Singarayakonda,Collision Brush/Side Wipe, Bike hit bike,Bike,Grievious injury,Fault of driver of motor vehicle/driver of other vehicle/cyclist/pedestrian/passenger,Four lanes or more with central divider,Straight road,,Fine,AP27AR  6657,P.V & A.M.B,Grevious,1
27.02.2016,4:20 PM,1275.4,LHS,Rural,Singarayakonda,Collision Brush/Side Wipe, Bike hit bike,Bike,Grievious injury,Fault of driver of motor vehicle/driver of other vehicle/cyclist/pedestrian/passenger,Four lanes or more with central divider,Straight road,,Fine,AP27AR  6657,P.V & A.M.B,Minor,2
27.02.2016,4:20 PM,1275.4,LHS,Rural,Singarayakonda,Collision Brush/Side Wipe, Bike hit bike,Bike,Grievious injury,Fault of driver of motor vehicle/driver of other vehicle/cyclist/pedestrian/passenger,Four lanes or more with central divider,Straight road,,Fine,AP27AR  6657,P.V & A.M.B,Non injured ,2
27.02.2016,4:20 PM,1275.4,LHS,Rural,Singarayakonda,Collision Brush/Side Wipe, Bike hit bike,Bike,Grievious injury,Fault of driver of motor vehicle/driver of other vehicle/cyclist/pedestrian/passenger,Four lanes or more with central divider,Straight road,,Fine,AP27AR  6657,P.V & A.M.B,Animals affected,0
28.02.2016,1:50 PM,1328.1,RHS,Rural,Kavali,Overturning, Container vehicle overturned,Container,Non injury,Fault of driver of motor vehicle/driver of other vehicle/cyclist/pedestrian/passenger,Four lanes or more with central divider,Straight road,,Fine,AP03TC  8400,P.V ,Fatal,0
28.02.2016,1:50 PM,1328.1,RHS,Rural,Kavali,Overturning, Container vehicle overturned,Container,Non injury,Fault of driver of motor vehicle/driver of other vehicle/cyclist/pedestrian/passenger,Four lanes or more with central divider,Straight road,,Fine,AP03TC  8400,P.V ,Grevious,0
28.02.2016,1:50 PM,1328.1,RHS,Rural,Kavali,Overturning, Container vehicle overturned,Container,Non injury,Fault of driver of motor vehicle/driver of other vehicle/cyclist/pedestrian/passenger,Four lanes or more with central divider,Straight road,,Fine,AP03TC  8400,P.V ,Minor,0
28.02.2016,1:50 PM,1328.1,RHS,Rural,Kavali,Overturning, Container vehicle overturned,Container,Non injury,Fault of driver of motor vehicle/driver of other vehicle/cyclist/pedestrian/passenger,Four lanes or more with central divider,Straight road,,Fine,AP03TC  8400,P.V ,Non injured ,1
28.02.2016,1:50 PM,1328.1,RHS,Rural,Kavali,Overturning, Container vehicle overturned,Container,Non injury,Fault of driver of motor vehicle/driver of other vehicle/cyclist/pedestrian/passenger,Four lanes or more with central divider,Straight road,,Fine,AP03TC  8400,P.V ,Animals affected,0
29.02.2016,10:45 AM,1198.8,LHS,Rural,Martur,Others(p1.Specific), Pillion rider saree got entangled in re,Pillion rider,Fatal,Fault of driver of motor vehicle/driver of other vehicle/cyclist/pedestrian/passenger,Four lanes or more with central divider,Straight road,,Fine,F/R Bike,A.M.B,Fatal,1
29.02.2016,10:45 AM,1198.8,LHS,Rural,Martur,Others(p1.Specific), Pillion rider saree got entangled in re,Pillion rider,Fatal,Fault of driver of motor vehicle/driver of other vehicle/cyclist/pedestrian/passenger,Four lanes or more with central divider,Straight road,,Fine,F/R Bike,A.M.B,Grevious,0
29.02.2016,10:45 AM,1198.8,LHS,Rural,Martur,Others(p1.Specific), Pillion rider saree got entangled in re,Pillion rider,Fatal,Fault of driver of motor vehicle/driver of other vehicle/cyclist/pedestrian/passenger,Four lanes or more with central divider,Straight road,,Fine,F/R Bike,A.M.B,Minor,0
29.02.2016,10:45 AM,1198.8,LHS,Rural,Martur,Others(p1.Specific), Pillion rider saree got entangled in re,Pillion rider,Fatal,Fault of driver of motor vehicle/driver of other vehicle/cyclist/pedestrian/passenger,Four lanes or more with central divider,Straight road,,Fine,F/R Bike,A.M.B,Non injured ,1
29.02.2016,10:45 AM,1198.8,LHS,Rural,Martur,Others(p1.Specific), Pillion rider saree got entangled in re,Pillion rider,Fatal,Fault of driver of motor vehicle/driver of other vehicle/cyclist/pedestrian/passenger,Four lanes or more with central divider,Straight road,,Fine,F/R Bike,A.M.B,Animals affected,0
01.03.2016,4:55 AM,1209.4,LHS,Rural,Reningavaram,Rear End Collision, Tata ace vehicle hit lorry,Tata Ace,Minor injury,Fault of driver of motor vehicle/driver of other vehicle/cyclist/pedestrian/passenger,Four lanes or more with central divider,Straight road,,Fine,AP07TB  3947,P.V,Fatal,0
01.03.2016,4:55 AM,1209.4,LHS,Rural,Reningavaram,Rear End Collision, Tata ace vehicle hit lorry,Tata Ace,Minor injury,Fault of driver of motor vehicle/driver of other vehicle/cyclist/pedestrian/passenger,Four lanes or more with central divider,Straight road,,Fine,AP07TB  3947,P.V,Grevious,0
01.03.2016,4:55 AM,1209.4,LHS,Rural,Reningavaram,Rear End Collision, Tata ace vehicle hit lorry,Tata Ace,Minor injury,Fault of driver of motor vehicle/driver of other vehicle/cyclist/pedestrian/passenger,Four lanes or more with central divider,Straight road,,Fine,AP07TB  3947,P.V,Minor,1
01.03.2016,4:55 AM,1209.4,LHS,Rural,Reningavaram,Rear End Collision, Tata ace vehicle hit lorry,Tata Ace,Minor injury,Fault of driver of motor vehicle/driver of other vehicle/cyclist/pedestrian/passenger,Four lanes or more with central divider,Straight road,,Fine,AP07TB  3947,P.V,Non injured ,2
01.03.2016,4:55 AM,1209.4,LHS,Rural,Reningavaram,Rear End Collision, Tata ace vehicle hit lorry,Tata Ace,Minor injury,Fault of driver of motor vehicle/driver of other vehicle/cyclist/pedestrian/passenger,Four lanes or more with central divider,Straight road,,Fine,AP07TB  3947,P.V,Animals affected,0
02.03.2016,3:12 AM,1275.4,RHS,Rural,Singarayakonda,Rear End Collision, Trailler vehicle hit oil tanker,Trailler,Minor injury,Over speed,Four lanes or more with central divider,Straight road,,Fine,AP27TT 5656,P.V,Fatal,0
02.03.2016,3:12 AM,1275.4,RHS,Rural,Singarayakonda,Rear End Collision, Trailler vehicle hit oil tanker,Trailler,Minor injury,Over speed,Four lanes or more with central divider,Straight road,,Fine,AP27TT 5656,P.V,Grevious,0
02.03.2016,3:12 AM,1275.4,RHS,Rural,Singarayakonda,Rear End Collision, Trailler vehicle hit oil tanker,Trailler,Minor injury,Over speed,Four lanes or more with central divider,Straight road,,Fine,AP27TT 5656,P.V,Minor,2
02.03.2016,3:12 AM,1275.4,RHS,Rural,Singarayakonda,Rear End Collision, Trailler vehicle hit oil tanker,Trailler,Minor injury,Over speed,Four lanes or more with central divider,Straight road,,Fine,AP27TT 5656,P.V,Non injured ,2
02.03.2016,3:12 AM,1275.4,RHS,Rural,Singarayakonda,Rear End Collision, Trailler vehicle hit oil tanker,Trailler,Minor injury,Over speed,Four lanes or more with central divider,Straight road,,Fine,AP27TT 5656,P.V,Animals affected,0
02.03.2016,5:17 AM,1233.4,LHS,Rural,Maddipadu,Rear End Collision, Mini lorry hit unknown vehicle,Lorry,Non injury,Fault of driver of motor vehicle/driver of other vehicle/cyclist/pedestrian/passenger,Four lanes or more with central divider,Straight road,,Fine,AP26TE 4726,P.V,Fatal,0
02.03.2016,5:17 AM,1233.4,LHS,Rural,Maddipadu,Rear End Collision, Mini lorry hit unknown vehicle,Lorry,Non injury,Fault of driver of motor vehicle/driver of other vehicle/cyclist/pedestrian/passenger,Four lanes or more with central divider,Straight road,,Fine,AP26TE 4726,P.V,Grevious,0
02.03.2016,5:17 AM,1233.4,LHS,Rural,Maddipadu,Rear End Collision, Mini lorry hit unknown vehicle,Lorry,Non injury,Fault of driver of motor vehicle/driver of other vehicle/cyclist/pedestrian/passenger,Four lanes or more with central divider,Straight road,,Fine,AP26TE 4726,P.V,Minor,0
02.03.2016,5:17 AM,1233.4,LHS,Rural,Maddipadu,Rear End Collision, Mini lorry hit unknown vehicle,Lorry,Non injury,Fault of driver of motor vehicle/driver of other vehicle/cyclist/pedestrian/passenger,Four lanes or more with central divider,Straight road,,Fine,AP26TE 4726,P.V,Non injured ,2