Operational date,Time of Accident,KM && M,Position,Rural/Urban,Location,Nature of Accident Position,Nature of Accident,Vehicle Involved,Type of Accident,Causes,Road Feature,Road condition,Intersection Type And Control,Weather Condition,Vehicle Responsible,Help Provided by Ambulance/Patroling Vehicle,Classification of Accident,No of Affected Persons
02.03.2016,5:17 AM,1233.4,LHS,Rural,Maddipadu,Rear End Collision, Mini lorry hit unknown vehicle,Lorry,Non injury,Fault of driver of motor vehicle/driver of other vehicle/cyclist/pedestrian/passenger,Four lanes or more with central divider,Straight road,,Fine,AP26TE 4726,P.V,Animals affected,0
04.03.2016,9:15 AM,1300.5,LHS,Rural,Gudluru,Collision Brush/Side Wipe, Tata ace vehicle  hit auto,Tata Ace,Grievious injury,Over speed,Four lanes or more with central divider,Straight road,,Fine,AP27TU  4171,P.V,Fatal,0
04.03.2016,9:15 AM,1300.5,LHS,Rural,Gudluru,Collision Brush/Side Wipe, Tata ace vehicle  hit auto,Tata Ace,Grievious injury,Over speed,Four lanes or more with central divider,Straight road,,Fine,AP27TU  4171,P.V,Grevious,1
04.03.2016,9:15 AM,1300.5,LHS,Rural,Gudluru,Collision Brush/Side Wipe, Tata ace vehicle  hit auto,Tata Ace,Grievious injury,Over speed,Four lanes or more with central divider,Straight road,,Fine,AP27TU  4171,P.V,Minor,2
04.03.2016,9:15 AM,1300.5,LHS,Rural,Gudluru,Collision Brush/Side Wipe, Tata ace vehicle  hit auto,Tata Ace,Grievious injury,Over speed,Four lanes or more with central divider,Straight road,,Fine,AP27TU  4171,P.V,Non injured ,0
04.03.2016,9:15 AM,1300.5,LHS,Rural,Gudluru,Collision Brush/Side Wipe, Tata ace vehicle  hit auto,Tata Ace,Grievious injury,Over speed,Four lanes or more with central divider,Straight road,,Fine,AP27TU  4171,P.V,Animals affected,0
06.03.2016,10:40 AM,1314.2,RHS,Rural,Kavali,Overturning, Container vehicle Overturned,Container,Non injury,Over speed,Four lanes or more with central divider,Straight road,,Fine,HR38Q 8450,P.V,Fatal,0
06.03.2016,10:40 AM,1314.2,RHS,Rural,Kavali,Overturning, Container vehicle Overturned,Container,Non injury,Over speed,Four lanes or more with central divider,Straight road,,Fine,HR38Q 8450,P.V,Grevious,0
06.03.2016,10:40 AM,1314.2,RHS,Rural,Kavali,Overturning, Container vehicle Overturned,Container,Non injury,Over speed,Four lanes or more with central divider,Straight road,,Fine,HR38Q 8450,P.V,Minor,0
06.03.2016,10:40 AM,1314.2,RHS,Rural,Kavali,Overturning, Container vehicle Overturned,Container,Non injury,Over speed,Four lanes or more with central divider,Straight road,,Fine,HR38Q 8450,P.V,Non injured ,2
06.03.2016,10:40 AM,1314.2,RHS,Rural,Kavali,Overturning, Container vehicle Overturned,Container,Non injury,Over speed,Four lanes or more with central divider,Straight road,,Fine,HR38Q 8450,P.V,Animals affected,0
06.03.2016,11:05 AM,1325.6,RHS,Rural,Kavali,Overturning, Tractor Overturned to wards Row,Tractor,Minor injury,Over speed,Four lanes or more with central divider,Straight road,,Fine,AP26TC 9407,A.M.B,Fatal,0
06.03.2016,11:05 AM,1325.6,RHS,Rural,Kavali,Overturning, Tractor Overturned to wards Row,Tractor,Minor injury,Over speed,Four lanes or more with central divider,Straight road,,Fine,AP26TC 9407,A.M.B,Grevious,0
06.03.2016,11:05 AM,1325.6,RHS,Rural,Kavali,Overturning, Tractor Overturned to wards Row,Tractor,Minor injury,Over speed,Four lanes or more with central divider,Straight road,,Fine,AP26TC 9407,A.M.B,Minor,1
06.03.2016,11:05 AM,1325.6,RHS,Rural,Kavali,Overturning, Tractor Overturned to wards Row,Tractor,Minor injury,Over speed,Four lanes or more with central divider,Straight road,,Fine,AP26TC 9407,A.M.B,Non injured ,0
06.03.2016,11:05 AM,1325.6,RHS,Rural,Kavali,Overturning, Tractor Overturned to wards Row,Tractor,Minor injury,Over speed,Four lanes or more with central divider,Straight road,,Fine,AP26TC 9407,A.M.B,Animals affected,0
06.03.2016,7:06 PM,1208.1,LHS,Rural,Reningavaram,Skidding, Bike skidding,Bike,Grievious injury,Over speed,Four lanes or more with central divider,Straight road,,Fine,AP07CE    5610, A.M.B,Fatal,0
06.03.2016,7:06 PM,1208.1,LHS,Rural,Reningavaram,Skidding, Bike skidding,Bike,Grievious injury,Over speed,Four lanes or more with central divider,Straight road,,Fine,AP07CE    5610, A.M.B,Grevious,1
06.03.2016,7:06 PM,1208.1,LHS,Rural,Reningavaram,Skidding, Bike skidding,Bike,Grievious injury,Over speed,Four lanes or more with central divider,Straight road,,Fine,AP07CE    5610, A.M.B,Minor,0
06.03.2016,7:06 PM,1208.1,LHS,Rural,Reningavaram,Skidding, Bike skidding,Bike,Grievious injury,Over speed,Four lanes or more with central divider,Straight road,,Fine,AP07CE    5610, A.M.B,Non injured ,1
06.03.2016,7:06 PM,1208.1,LHS,Rural,Reningavaram,Skidding, Bike skidding,Bike,Grievious injury,Over speed,Four lanes or more with central divider,Straight road,,Fine,AP07CE    5610, A.M.B,Animals affected,0
07.03.2016,4:05 AM,1318.5,LHS,Rural,Kavali,Rear End Collision, Container vehicle hit Lorry,Container,Non injury,Fault of driver of motor vehicle/driver of other vehicle/cyclist/pedestrian/passenger,Four lanes or more with central divider,Straight road,,Fine,AP12U  5768,P.V,Fatal,0
07.03.2016,4:05 AM,1318.5,LHS,Rural,Kavali,Rear End Collision, Container vehicle hit Lorry,Container,Non injury,Fault of driver of motor vehicle/driver of other vehicle/cyclist/pedestrian/passenger,Four lanes or more with central divider,Straight road,,Fine,AP12U  5768,P.V,Grevious,0
07.03.2016,4:05 AM,1318.5,LHS,Rural,Kavali,Rear End Collision, Container vehicle hit Lorry,Container,Non injury,Fault of driver of motor vehicle/driver of other vehicle/cyclist/pedestrian/passenger,Four lanes or more with central divider,Straight road,,Fine,AP12U  5768,P.V,Minor,0
07.03.2016,4:05 AM,1318.5,LHS,Rural,Kavali,Rear End Collision, Container vehicle hit Lorry,Container,Non injury,Fault of driver of motor vehicle/driver of other vehicle/cyclist/pedestrian/passenger,Four lanes or more with central divider,Straight road,,Fine,AP12U  5768,P.V,Non injured ,3
07.03.2016,4:05 AM,1318.5,LHS,Rural,Kavali,Rear End Collision, Container vehicle hit Lorry,Container,Non injury,Fault of driver of motor vehicle/driver of other vehicle/cyclist/pedestrian/passenger,Four lanes or more with central divider,Straight road,,Fine,AP12U  5768,P.V,Animals affected,0
07.03.2016,4:10 AM,1318.5,LHS,Rural,Kavali,Rear End Collision, Lorry hit Container vehicle ,Lorry,Non injury,Over speed,Four lanes or more with central divider,Straight road,,Fine,TN52D   1113,P.V,Fatal,0
07.03.2016,4:10 AM,1318.5,LHS,Rural,Kavali,Rear End Collision, Lorry hit Container vehicle ,Lorry,Non injury,Over speed,Four lanes or more with central divider,Straight road,,Fine,TN52D   1113,P.V,Grevious,0
07.03.2016,4:10 AM,1318.5,LHS,Rural,Kavali,Rear End Collision, Lorry hit Container vehicle ,Lorry,Non injury,Over speed,Four lanes or more with central divider,Straight road,,Fine,TN52D   1113,P.V,Minor,0
07.03.2016,4:10 AM,1318.5,LHS,Rural,Kavali,Rear End Collision, Lorry hit Container vehicle ,Lorry,Non injury,Over speed,Four lanes or more with central divider,Straight road,,Fine,TN52D   1113,P.V,Non injured ,3
07.03.2016,4:10 AM,1318.5,LHS,Rural,Kavali,Rear End Collision, Lorry hit Container vehicle ,Lorry,Non injury,Over speed,Four lanes or more with central divider,Straight road,,Fine,TN52D   1113,P.V,Animals affected,0
08.03.2016,12:00 PM,1243.2,LHS,Urban,Ongole,Rear End Collision, Tata ace vehicle hit APSRTC Bus,Tata Ace,Minor injury,Over speed,Four lanes or more with central divider,Straight road,,Fine,AP27TT 5359,P.V,Fatal,0
08.03.2016,12:00 PM,1243.2,LHS,Urban,Ongole,Rear End Collision, Tata ace vehicle hit APSRTC Bus,Tata Ace,Minor injury,Over speed,Four lanes or more with central divider,Straight road,,Fine,AP27TT 5359,P.V,Grevious,0
08.03.2016,12:00 PM,1243.2,LHS,Urban,Ongole,Rear End Collision, Tata ace vehicle hit APSRTC Bus,Tata Ace,Minor injury,Over speed,Four lanes or more with central divider,Straight road,,Fine,AP27TT 5359,P.V,Minor,2
08.03.2016,12:00 PM,1243.2,LHS,Urban,Ongole,Rear End Collision, Tata ace vehicle hit APSRTC Bus,Tata Ace,Minor injury,Over speed,Four lanes or more with central divider,Straight road,,Fine,AP27TT 5359,P.V,Non injured ,15
08.03.2016,12:00 PM,1243.2,LHS,Urban,Ongole,Rear End Collision, Tata ace vehicle hit APSRTC Bus,Tata Ace,Minor injury,Over speed,Four lanes or more with central divider,Straight road,,Fine,AP27TT 5359,P.V,Animals affected,0
08.03.2016,2:15 PM,1262.3,LHS,Rural,Tangutur,Overturning, Tractor Overturned,Tractor,Non injury,Over speed,Four lanes or more with central divider,Straight road,,Fine,AP27TW 5212,P.V,Fatal,0
08.03.2016,2:15 PM,1262.3,LHS,Rural,Tangutur,Overturning, Tractor Overturned,Tractor,Non injury,Over speed,Four lanes or more with central divider,Straight road,,Fine,AP27TW 5212,P.V,Grevious,0
08.03.2016,2:15 PM,1262.3,LHS,Rural,Tangutur,Overturning, Tractor Overturned,Tractor,Non injury,Over speed,Four lanes or more with central divider,Straight road,,Fine,AP27TW 5212,P.V,Minor,0
08.03.2016,2:15 PM,1262.3,LHS,Rural,Tangutur,Overturning, Tractor Overturned,Tractor,Non injury,Over speed,Four lanes or more with central divider,Straight road,,Fine,AP27TW 5212,P.V,Non injured ,1
08.03.2016,2:15 PM,1262.3,LHS,Rural,Tangutur,Overturning, Tractor Overturned,Tractor,Non injury,Over speed,Four lanes or more with central divider,Straight road,,Fine,AP27TW 5212,P.V,Animals affected,0
09.03.2016,6:35 AM,1223.7,RHS,Rural,Medarametla,Collision Brush/Side Wipe, Unknown vehicle hit pedestrian,Unknown,Grievious injury,Over speed,Four lanes or more with central divider,Straight road,,Fine,Unknown vehicle ,P.V,Fatal,0
09.03.2016,6:35 AM,1223.7,RHS,Rural,Medarametla,Collision Brush/Side Wipe, Unknown vehicle hit pedestrian,Unknown,Grievious injury,Over speed,Four lanes or more with central divider,Straight road,,Fine,Unknown vehicle ,P.V,Grevious,1
09.03.2016,6:35 AM,1223.7,RHS,Rural,Medarametla,Collision Brush/Side Wipe, Unknown vehicle hit pedestrian,Unknown,Grievious injury,Over speed,Four lanes or more with central divider,Straight road,,Fine,Unknown vehicle ,P.V,Minor,0
09.03.2016,6:35 AM,1223.7,RHS,Rural,Medarametla,Collision Brush/Side Wipe, Unknown vehicle hit pedestrian,Unknown,Grievious injury,Over speed,Four lanes or more with central divider,Straight road,,Fine,Unknown vehicle ,P.V,Non injured ,0
09.03.2016,6:35 AM,1223.7,RHS,Rural,Medarametla,Collision Brush/Side Wipe, Unknown vehicle hit pedestrian,Unknown,Grievious injury,Over speed,Four lanes or more with central divider,Straight road,,Fine,Unknown vehicle ,P.V,Animals affected,0
09.03.2016,11:15 AM,1339.7,RHS,Rural,Dagadarthi,Rear End Collision, Car hit trailler vehicle,Car,Non injury,Over speed,Four lanes or more with central divider,Straight road,,Fine,MH14 FC 1057,P.V,Fatal,0
09.03.2016,11:15 AM,1339.7,RHS,Rural,Dagadarthi,Rear End Collision, Car hit trailler vehicle,Car,Non injury,Over speed,Four lanes or more with central divider,Straight road,,Fine,MH14 FC 1057,P.V,Grevious,0
09.03.2016,11:15 AM,1339.7,RHS,Rural,Dagadarthi,Rear End Collision, Car hit trailler vehicle,Car,Non injury,Over speed,Four lanes or more with central divider,Straight road,,Fine,MH14 FC 1057,P.V,Minor,0
09.03.2016,11:15 AM,1339.7,RHS,Rural,Dagadarthi,Rear End Collision, Car hit trailler vehicle,Car,Non injury,Over speed,Four lanes or more with central divider,Straight road,,Fine,MH14 FC 1057,P.V,Non injured ,3
09.03.2016,11:15 AM,1339.7,RHS,Rural,Dagadarthi,Rear End Collision, Car hit trailler vehicle,Car,Non injury,Over speed,Four lanes or more with central divider,Straight road,,Fine,MH14 FC 1057,P.V,Animals affected,0
09.03.2016,1:35 PM,1200,RHS,Rural,Martur,Collision Brush/Side Wipe, Trailler vehicle hit median,Trailler,Non injury,Over speed,Four lanes or more with central divider,Straight road,,Fine,AP27TW 5778,P.V,Fatal,0
09.03.2016,1:35 PM,1200,RHS,Rural,Martur,Collision Brush/Side Wipe, Trailler vehicle hit median,Trailler,Non injury,Over speed,Four lanes or more with central divider,Straight road,,Fine,AP27TW 5778,P.V,Grevious,0
09.03.2016,1:35 PM,1200,RHS,Rural,Martur,Collision Brush/Side Wipe, Trailler vehicle hit median,Trailler,Non injury,Over speed,Four lanes or more with central divider,Straight road,,Fine,AP27TW 5778,P.V,Minor,0
09.03.2016,1:35 PM,1200,RHS,Rural,Martur,Collision Brush/Side Wipe, Trailler vehicle hit median,Trailler,Non injury,Over speed,Four lanes or more with central divider,Straight road,,Fine,AP27TW 5778,P.V,Non injured ,1
09.03.2016,1:35 PM,1200,RHS,Rural,Martur,Collision Brush/Side Wipe, Trailler vehicle hit median,Trailler,Non injury,Over speed,Four lanes or more with central divider,Straight road,,Fine,AP27TW 5778,P.V,Animals affected,0
09.03.2016,7:55 PM,1250,LHS,Urban,Ongole,Rear End Collision, Oil tanker hit unknown vehicle,Tanker,Non injury,Defect in mechanical condition of motor vehicle/road condition,Four lanes or more with central divider,Straight road,T-Junction,Fine,RJ23 GA 4000,P.V,Fatal,0
09.03.2016,7:55 PM,1250,LHS,Urban,Ongole,Rear End Collision, Oil tanker hit unknown vehicle,Tanker,Non injury,Defect in mechanical condition of motor vehicle/road condition,Four lanes or more with central divider,Straight road,T-Junction,Fine,RJ23 GA 4000,P.V,Grevious,0
09.03.2016,7:55 PM,1250,LHS,Urban,Ongole,Rear End Collision, Oil tanker hit unknown vehicle,Tanker,Non injury,Defect in mechanical condition of motor vehicle/road condition,Four lanes or more with central divider,Straight road,T-Junction,Fine,RJ23 GA 4000,P.V,Minor,0
09.03.2016,7:55 PM,1250,LHS,Urban,Ongole,Rear End Collision, Oil tanker hit unknown vehicle,Tanker,Non injury,Defect in mechanical condition of motor vehicle/road condition,Four lanes or more with central divider,Straight road,T-Junction,Fine,RJ23 GA 4000,P.V,Non injured ,1
09.03.2016,7:55 PM,1250,LHS,Urban,Ongole,Rear End Collision, Oil tanker hit unknown vehicle,Tanker,Non injury,Defect in mechanical condition of motor vehicle/road condition,Four lanes or more with central divider,Straight road,T-Junction,Fine,RJ23 GA 4000,P.V,Animals affected,0
10.03.2016,3:50 PM,1300.2,LHS,Rural,Gudluru,Overturning, Lorry overturned,Lorry,Non injury,Over speed,Four lanes or more with central divider,Straight road,,Fine,AP09U  1516,P.V,Fatal,0
10.03.2016,3:50 PM,1300.2,LHS,Rural,Gudluru,Overturning, Lorry overturned,Lorry,Non injury,Over speed,Four lanes or more with central divider,Straight road,,Fine,AP09U  1516,P.V,Grevious,0
10.03.2016,3:50 PM,1300.2,LHS,Rural,Gudluru,Overturning, Lorry overturned,Lorry,Non injury,Over speed,Four lanes or more with central divider,Straight road,,Fine,AP09U  1516,P.V,Minor,0
10.03.2016,3:50 PM,1300.2,LHS,Rural,Gudluru,Overturning, Lorry overturned,Lorry,Non injury,Over speed,Four lanes or more with central divider,Straight road,,Fine,AP09U  1516,P.V,Non injured ,2
10.03.2016,3:50 PM,1300.2,LHS,Rural,Gudluru,Overturning, Lorry overturned,Lorry,Non injury,Over speed,Four lanes or more with central divider,Straight road,,Fine,AP09U  1516,P.V,Animals affected,0
10.03.2016,11:25 PM,1310.4,LHS,Rural,Kavali,Overturning, Jeep  overturned,Jeep,Minor injury,Over speed,Four lanes or more with central divider,Slight curve,,Fine,AP37Q  0993,P.V,Fatal,0
10.03.2016,11:25 PM,1310.4,LHS,Rural,Kavali,Overturning, Jeep  overturned,Jeep,Minor injury,Over speed,Four lanes or more with central divider,Slight curve,,Fine,AP37Q  0993,P.V,Grevious,0
10.03.2016,11:25 PM,1310.4,LHS,Rural,Kavali,Overturning, Jeep  overturned,Jeep,Minor injury,Over speed,Four lanes or more with central divider,Slight curve,,Fine,AP37Q  0993,P.V,Minor,1
10.03.2016,11:25 PM,1310.4,LHS,Rural,Kavali,Overturning, Jeep  overturned,Jeep,Minor injury,Over speed,Four lanes or more with central divider,Slight curve,,Fine,AP37Q  0993,P.V,Non injured ,2
10.03.2016,11:25 PM,1310.4,LHS,Rural,Kavali,Overturning, Jeep  overturned,Jeep,Minor injury,Over speed,Four lanes or more with central divider,Slight curve,,Fine,AP37Q  0993,P.V,Animals affected,0
11.03.2016,6:30 AM,1307.4,LHS,Rural,Gudluru,Rear End Collision, Lorry hit Container vehicle ,Lorry,Minor injury,Fault of driver of motor vehicle/driver of other vehicle/cyclist/pedestrian/passenger,Four lanes or more with central divider,Straight road,,Fine,AP27TA 1448,P.V,Fatal,0
11.03.2016,6:30 AM,1307.4,LHS,Rural,Gudluru,Rear End Collision, Lorry hit Container vehicle ,Lorry,Minor injury,Fault of driver of motor vehicle/driver of other vehicle/cyclist/pedestrian/passenger,Four lanes or more with central divider,Straight road,,Fine,AP27TA 1448,P.V,Grevious,0
11.03.2016,6:30 AM,1307.4,LHS,Rural,Gudluru,Rear End Collision, Lorry hit Container vehicle ,Lorry,Minor injury,Fault of driver of motor vehicle/driver of other vehicle/cyclist/pedestrian/passenger,Four lanes or more with central divider,Straight road,,Fine,AP27TA 1448,P.V,Minor,1
11.03.2016,6:30 AM,1307.4,LHS,Rural,Gudluru,Rear End Collision, Lorry hit Container vehicle ,Lorry,Minor injury,Fault of driver of motor vehicle/driver of other vehicle/cyclist/pedestrian/passenger,Four lanes or more with central divider,Straight road,,Fine,AP27TA 1448,P.V,Non injured ,1
11.03.2016,6:30 AM,1307.4,LHS,Rural,Gudluru,Rear End Collision, Lorry hit Container vehicle ,Lorry,Minor injury,Fault of driver of motor vehicle/driver of other vehicle/cyclist/pedestrian/passenger,Four lanes or more with central divider,Straight road,,Fine,AP27TA 1448,P.V,Animals affected,0
12.03.2016,1:30 AM,1268.2,RHS,Rural,Jarugumalli,Rear End Collision, Unknown Vehicle hit Bike,Unknown,Fatal,Over speed,Four lanes or more with central divider,Straight road,,Fine,Unknown vehicle ,P.V,Fatal,1
12.03.2016,1:30 AM,1268.2,RHS,Rural,Jarugumalli,Rear End Collision, Unknown Vehicle hit Bike,Unknown,Fatal,Over speed,Four lanes or more with central divider,Straight road,,Fine,Unknown vehicle ,P.V,Grevious,0
12.03.2016,1:30 AM,1268.2,RHS,Rural,Jarugumalli,Rear End Collision, Unknown Vehicle hit Bike,Unknown,Fatal,Over speed,Four lanes or more with central divider,Straight road,,Fine,Unknown vehicle ,P.V,Minor,0
12.03.2016,1:30 AM,1268.2,RHS,Rural,Jarugumalli,Rear End Collision, Unknown Vehicle hit Bike,Unknown,Fatal,Over speed,Four lanes or more with central divider,Straight road,,Fine,Unknown vehicle ,P.V,Non injured ,0
12.03.2016,1:30 AM,1268.2,RHS,Rural,Jarugumalli,Rear End Collision, Unknown Vehicle hit Bike,Unknown,Fatal,Over speed,Four lanes or more with central divider,Straight road,,Fine,Unknown vehicle ,P.V,Animals affected,0
13.03.2016,1:50 AM,1235.1,RHS,Rural,Maddipadu,Rear End Collision, Bike hit Harvester,Bike,Grievious injury,Over speed,Four lanes or more with central divider,Straight road,,Fine,AP27AV   9681,P.V,Fatal,0
13.03.2016,1:50 AM,1235.1,RHS,Rural,Maddipadu,Rear End Collision, Bike hit Harvester,Bike,Grievious injury,Over speed,Four lanes or more with central divider,Straight road,,Fine,AP27AV   9681,P.V,Grevious,1
13.03.2016,1:50 AM,1235.1,RHS,Rural,Maddipadu,Rear End Collision, Bike hit Harvester,Bike,Grievious injury,Over speed,Four lanes or more with central divider,Straight road,,Fine,AP27AV   9681,P.V,Minor,1
13.03.2016,1:50 AM,1235.1,RHS,Rural,Maddipadu,Rear End Collision, Bike hit Harvester,Bike,Grievious injury,Over speed,Four lanes or more with central divider,Straight road,,Fine,AP27AV   9681,P.V,Non injured ,0
13.03.2016,1:50 AM,1235.1,RHS,Rural,Maddipadu,Rear End Collision, Bike hit Harvester,Bike,Grievious injury,Over speed,Four lanes or more with central divider,Straight road,,Fine,AP27AV   9681,P.V,Animals affected,0
13.03.2016,4:33 PM,1200.6,LHS,Rural,Reningavaram,Head on collision, Bike hit Car,Bike,Grievious injury,Fault of driver of motor vehicle/driver of other vehicle/cyclist/pedestrian/passenger,Three lanes or more without central divider(median),Straight road,T-Junction,Fine,AP27E    8299,A.M.B &          P.V,Fatal,0
13.03.2016,4:33 PM,1200.6,LHS,Rural,Reningavaram,Head on collision, Bike hit Car,Bike,Grievious injury,Fault of driver of motor vehicle/driver of other vehicle/cyclist/pedestrian/passenger,Three lanes or more without central divider(median),Straight road,T-Junction,Fine,AP27E    8299,A.M.B &          P.V,Grevious,2
13.03.2016,4:33 PM,1200.6,LHS,Rural,Reningavaram,Head on collision, Bike hit Car,Bike,Grievious injury,Fault of driver of motor vehicle/driver of other vehicle/cyclist/pedestrian/passenger,Three lanes or more without central divider(median),Straight road,T-Junction,Fine,AP27E    8299,A.M.B &          P.V,Minor,0
13.03.2016,4:33 PM,1200.6,LHS,Rural,Reningavaram,Head on collision, Bike hit Car,Bike,Grievious injury,Fault of driver of motor vehicle/driver of other vehicle/cyclist/pedestrian/passenger,Three lanes or more without central divider(median),Straight road,T-Junction,Fine,AP27E    8299,A.M.B &          P.V,Non injured ,2
13.03.2016,4:33 PM,1200.6,LHS,Rural,Reningavaram,Head on collision, Bike hit Car,Bike,Grievious injury,Fault of driver of motor vehicle/driver of other vehicle/cyclist/pedestrian/passenger,Three lanes or more without central divider(median),Straight road,T-Junction,Fine,AP27E    8299,A.M.B &          P.V,Animals affected,0
14.03.2016,1:55 AM,1315.9,LHS,Rural,Kavali,Rear End Collision, Container vehicle hit Lorry,Container,Non injury,Over speed,Four lanes or more with central divider,Straight road,,Fine,KA51A 3893,P.V,Fatal,0
14.03.2016,1:55 AM,1315.9,LHS,Rural,Kavali,Rear End Collision, Container vehicle hit Lorry,Container,Non injury,Over speed,Four lanes or more with central divider,Straight road,,Fine,KA51A 3893,P.V,Grevious,0
14.03.2016,1:55 AM,1315.9,LHS,Rural,Kavali,Rear End Collision, Container vehicle hit Lorry,Container,Non injury,Over speed,Four lanes or more with central divider,Straight road,,Fine,KA51A 3893,P.V,Minor,0
14.03.2016,1:55 AM,1315.9,LHS,Rural,Kavali,Rear End Collision, Container vehicle hit Lorry,Container,Non injury,Over speed,Four lanes or more with central divider,Straight road,,Fine,KA51A 3893,P.V,Non injured ,3
14.03.2016,1:55 AM,1315.9,LHS,Rural,Kavali,Rear End Collision, Container vehicle hit Lorry,Container,Non injury,Over speed,Four lanes or more with central divider,Straight road,,Fine,KA51A 3893,P.V,Animals affected,0
14.03.2016,2:40 PM,1193.2,RHS,Rural,Martur,Skidding, Bike Skidding,Bike,Grievious injury,Over speed,Four lanes or more with central divider,Straight road,,Fine,AP07AN 6942,P.V,Fatal,0
14.03.2016,2:40 PM,1193.2,RHS,Rural,Martur,Skidding, Bike Skidding,Bike,Grievious injury,Over speed,Four lanes or more with central divider,Straight road,,Fine,AP07AN 6942,P.V,Grevious,1
14.03.2016,2:40 PM,1193.2,RHS,Rural,Martur,Skidding, Bike Skidding,Bike,Grievious injury,Over speed,Four lanes or more with central divider,Straight road,,Fine,AP07AN 6942,P.V,Minor,0
14.03.2016,2:40 PM,1193.2,RHS,Rural,Martur,Skidding, Bike Skidding,Bike,Grievious injury,Over speed,Four lanes or more with central divider,Straight road,,Fine,AP07AN 6942,P.V,Non injured ,1
14.03.2016,2:40 PM,1193.2,RHS,Rural,Martur,Skidding, Bike Skidding,Bike,Grievious injury,Over speed,Four lanes or more with central divider,Straight road,,Fine,AP07AN 6942,P.V,Animals affected,0
15.03.2016,10:00 PM,1310.8,LHS,Rural,Kavali,Overturning, Tata pick up vehicle overturned,Van,Non injury,Over speed,Four lanes or more with central divider,Straight road,,Fine,AP27TX 5039,P.V,Fatal,0
15.03.2016,10:00 PM,1310.8,LHS,Rural,Kavali,Overturning, Tata pick up vehicle overturned,Van,Non injury,Over speed,Four lanes or more with central divider,Straight road,,Fine,AP27TX 5039,P.V,Grevious,0
15.03.2016,10:00 PM,1310.8,LHS,Rural,Kavali,Overturning, Tata pick up vehicle overturned,Van,Non injury,Over speed,Four lanes or more with central divider,Straight road,,Fine,AP27TX 5039,P.V,Minor,0
15.03.2016,10:00 PM,1310.8,LHS,Rural,Kavali,Overturning, Tata pick up vehicle overturned,Van,Non injury,Over speed,Four lanes or more with central divider,Straight road,,Fine,AP27TX 5039,P.V,Non injured ,2
15.03.2016,10:00 PM,1310.8,LHS,Rural,Kavali,Overturning, Tata pick up vehicle overturned,Van,Non injury,Over speed,Four lanes or more with central divider,Straight road,,Fine,AP27TX 5039,P.V,Animals affected,0
16.03.2016,3:20 PM,1290.1,RHS,Rural,Ulavapadu,Rear End Collision, Container vehicle hit Water Tanker,Container,Fatal,Druken,Four lanes or more with central divider,Straight road,,Fine,TN04AE 7364,P.V,Fatal,2
16.03.2016,3:20 PM,1290.1,RHS,Rural,Ulavapadu,Rear End Collision, Container vehicle hit Water Tanker,Container,Fatal,Druken,Four lanes or more with central divider,Straight road,,Fine,TN04AE 7364,P.V,Grevious,0
16.03.2016,3:20 PM,1290.1,RHS,Rural,Ulavapadu,Rear End Collision, Container vehicle hit Water Tanker,Container,Fatal,Druken,Four lanes or more with central divider,Straight road,,Fine,TN04AE 7364,P.V,Minor,0
16.03.2016,3:20 PM,1290.1,RHS,Rural,Ulavapadu,Rear End Collision, Container vehicle hit Water Tanker,Container,Fatal,Druken,Four lanes or more with central divider,Straight road,,Fine,TN04AE 7364,P.V,Non injured ,0
16.03.2016,3:20 PM,1290.1,RHS,Rural,Ulavapadu,Rear End Collision, Container vehicle hit Water Tanker,Container,Fatal,Druken,Four lanes or more with central divider,Straight road,,Fine,TN04AE 7364,P.V,Animals affected,0
17.03.2016,5:47 PM,1198.7,LHS,Rural,Martur,Collision Brush/Side Wipe, Car hit baffalo,Car,Non injury,Over speed,Four lanes or more with central divider,Straight road,,Fine,AP31BW  0025,P.V,Fatal,0
17.03.2016,5:47 PM,1198.7,LHS,Rural,Martur,Collision Brush/Side Wipe, Car hit baffalo,Car,Non injury,Over speed,Four lanes or more with central divider,Straight road,,Fine,AP31BW  0025,P.V,Grevious,0
17.03.2016,5:47 PM,1198.7,LHS,Rural,Martur,Collision Brush/Side Wipe, Car hit baffalo,Car,Non injury,Over speed,Four lanes or more with central divider,Straight road,,Fine,AP31BW  0025,P.V,Minor,0
17.03.2016,5:47 PM,1198.7,LHS,Rural,Martur,Collision Brush/Side Wipe, Car hit baffalo,Car,Non injury,Over speed,Four lanes or more with central divider,Straight road,,Fine,AP31BW  0025,P.V,Non injured ,2
17.03.2016,5:47 PM,1198.7,LHS,Rural,Martur,Collision Brush/Side Wipe, Car hit baffalo,Car,Non injury,Over speed,Four lanes or more with central divider,Straight road,,Fine,AP31BW  0025,P.V,Animals affected,0
18.03.2016,1:10 PM,1262,RHS,Rural,Tangutur,Head on collision, Tractor hit Lorry,Tractor,Non injury,Druken,Four lanes or more with central divider,Straight road,,Fine,AP27TU   1732,P.V,Fatal,0
18.03.2016,1:10 PM,1262,RHS,Rural,Tangutur,Head on collision, Tractor hit Lorry,Tractor,Non injury,Druken,Four lanes or more with central divider,Straight road,,Fine,AP27TU   1732,P.V,Grevious,0
18.03.2016,1:10 PM,1262,RHS,Rural,Tangutur,Head on collision, Tractor hit Lorry,Tractor,Non injury,Druken,Four lanes or more with central divider,Straight road,,Fine,AP27TU   1732,P.V,Minor,0