Operational date,Time of Accident,KM && M,Position,Rural/Urban,Location,Nature of Accident Position,Nature of Accident,Vehicle Involved,Type of Accident,Causes,Road Feature,Road condition,Intersection Type And Control,Weather Condition,Vehicle Responsible,Help Provided by Ambulance/Patroling Vehicle,Classification of Accident,No of Affected Persons
18.03.2016,1:10 PM,1262,RHS,Rural,Tangutur,Head on collision, Tractor hit Lorry,Tractor,Non injury,Druken,Four lanes or more with central divider,Straight road,,Fine,AP27TU   1732,P.V,Non injured ,3
18.03.2016,1:10 PM,1262,RHS,Rural,Tangutur,Head on collision, Tractor hit Lorry,Tractor,Non injury,Druken,Four lanes or more with central divider,Straight road,,Fine,AP27TU   1732,P.V,Animals affected,0
18.03.2016,2:00 PM,1267.3,LHS,Rural,Tangutur,Collision Brush/Side Wipe, Ape auto hit Car,Auto,Grievious injury,Fault of driver of motor vehicle/driver of other vehicle/cyclist/pedestrian/passenger,Four lanes or more with central divider,Straight road,,Fine,AP26TE  5563,P.V,Fatal,0
18.03.2016,2:00 PM,1267.3,LHS,Rural,Tangutur,Collision Brush/Side Wipe, Ape auto hit Car,Auto,Grievious injury,Fault of driver of motor vehicle/driver of other vehicle/cyclist/pedestrian/passenger,Four lanes or more with central divider,Straight road,,Fine,AP26TE  5563,P.V,Grevious,2
18.03.2016,2:00 PM,1267.3,LHS,Rural,Tangutur,Collision Brush/Side Wipe, Ape auto hit Car,Auto,Grievious injury,Fault of driver of motor vehicle/driver of other vehicle/cyclist/pedestrian/passenger,Four lanes or more with central divider,Straight road,,Fine,AP26TE  5563,P.V,Minor,1
18.03.2016,2:00 PM,1267.3,LHS,Rural,Tangutur,Collision Brush/Side Wipe, Ape auto hit Car,Auto,Grievious injury,Fault of driver of motor vehicle/driver of other vehicle/cyclist/pedestrian/passenger,Four lanes or more with central divider,Straight road,,Fine,AP26TE  5563,P.V,Non injured ,4
18.03.2016,2:00 PM,1267.3,LHS,Rural,Tangutur,Collision Brush/Side Wipe, Ape auto hit Car,Auto,Grievious injury,Fault of driver of motor vehicle/driver of other vehicle/cyclist/pedestrian/passenger,Four lanes or more with central divider,Straight road,,Fine,AP26TE  5563,P.V,Animals affected,0
20.03.2016,1:45 PM,1235.3,LHS,Rural,Maddipadu,Rear End Collision, Car hit Ready mix cement Tanker,Car,Grievious injury,Over speed,Four lanes or more with central divider,Straight road,T-Junction,Fine,AP16TM 2260,P.V,Fatal,0
20.03.2016,1:45 PM,1235.3,LHS,Rural,Maddipadu,Rear End Collision, Car hit Ready mix cement Tanker,Car,Grievious injury,Over speed,Four lanes or more with central divider,Straight road,T-Junction,Fine,AP16TM 2260,P.V,Grevious,1
20.03.2016,1:45 PM,1235.3,LHS,Rural,Maddipadu,Rear End Collision, Car hit Ready mix cement Tanker,Car,Grievious injury,Over speed,Four lanes or more with central divider,Straight road,T-Junction,Fine,AP16TM 2260,P.V,Minor,1
20.03.2016,1:45 PM,1235.3,LHS,Rural,Maddipadu,Rear End Collision, Car hit Ready mix cement Tanker,Car,Grievious injury,Over speed,Four lanes or more with central divider,Straight road,T-Junction,Fine,AP16TM 2260,P.V,Non injured ,2
20.03.2016,1:45 PM,1235.3,LHS,Rural,Maddipadu,Rear End Collision, Car hit Ready mix cement Tanker,Car,Grievious injury,Over speed,Four lanes or more with central divider,Straight road,T-Junction,Fine,AP16TM 2260,P.V,Animals affected,0
21.03.2016,9:10 AM,1277.2,LHS,Rural,Singarayakonda,Collision Brush/Side Wipe, Car hit Lorry,Car,Minor injury,Over speed,Four lanes or more with central divider,Straight road,,Fine,AP27M 1838,P.V&AMB,Fatal,0
21.03.2016,9:10 AM,1277.2,LHS,Rural,Singarayakonda,Collision Brush/Side Wipe, Car hit Lorry,Car,Minor injury,Over speed,Four lanes or more with central divider,Straight road,,Fine,AP27M 1838,P.V&AMB,Grevious,0
21.03.2016,9:10 AM,1277.2,LHS,Rural,Singarayakonda,Collision Brush/Side Wipe, Car hit Lorry,Car,Minor injury,Over speed,Four lanes or more with central divider,Straight road,,Fine,AP27M 1838,P.V&AMB,Minor,2
21.03.2016,9:10 AM,1277.2,LHS,Rural,Singarayakonda,Collision Brush/Side Wipe, Car hit Lorry,Car,Minor injury,Over speed,Four lanes or more with central divider,Straight road,,Fine,AP27M 1838,P.V&AMB,Non injured ,1
21.03.2016,9:10 AM,1277.2,LHS,Rural,Singarayakonda,Collision Brush/Side Wipe, Car hit Lorry,Car,Minor injury,Over speed,Four lanes or more with central divider,Straight road,,Fine,AP27M 1838,P.V&AMB,Animals affected,0
21.03.2016,11:16 PM,1320.3,LHS,Rural,Kavali,Rear End Collision, Lorry hit Trailler vehicle ,Lorry,Minor injury,Fault of driver of motor vehicle/driver of other vehicle/cyclist/pedestrian/passenger,Four lanes or more with central divider,Straight road,,Fine,AP27TW 2622,P.V&AMB,Fatal,0
21.03.2016,11:16 PM,1320.3,LHS,Rural,Kavali,Rear End Collision, Lorry hit Trailler vehicle ,Lorry,Minor injury,Fault of driver of motor vehicle/driver of other vehicle/cyclist/pedestrian/passenger,Four lanes or more with central divider,Straight road,,Fine,AP27TW 2622,P.V&AMB,Grevious,0
21.03.2016,11:16 PM,1320.3,LHS,Rural,Kavali,Rear End Collision, Lorry hit Trailler vehicle ,Lorry,Minor injury,Fault of driver of motor vehicle/driver of other vehicle/cyclist/pedestrian/passenger,Four lanes or more with central divider,Straight road,,Fine,AP27TW 2622,P.V&AMB,Minor,1
21.03.2016,11:16 PM,1320.3,LHS,Rural,Kavali,Rear End Collision, Lorry hit Trailler vehicle ,Lorry,Minor injury,Fault of driver of motor vehicle/driver of other vehicle/cyclist/pedestrian/passenger,Four lanes or more with central divider,Straight road,,Fine,AP27TW 2622,P.V&AMB,Non injured ,2
21.03.2016,11:16 PM,1320.3,LHS,Rural,Kavali,Rear End Collision, Lorry hit Trailler vehicle ,Lorry,Minor injury,Fault of driver of motor vehicle/driver of other vehicle/cyclist/pedestrian/passenger,Four lanes or more with central divider,Straight road,,Fine,AP27TW 2622,P.V&AMB,Animals affected,0
22.03.2016,5:45 AM,1313.9,RHS,Rural,Kavali,Rear End Collision, Mini Lorry hit Unknown Vehicle ,Lorry,Non injury,Fault of driver of motor vehicle/driver of other vehicle/cyclist/pedestrian/passenger,Four lanes or more with central divider,Slight curve,,Fine,TN12C 8227,P.V,Fatal,0
22.03.2016,5:45 AM,1313.9,RHS,Rural,Kavali,Rear End Collision, Mini Lorry hit Unknown Vehicle ,Lorry,Non injury,Fault of driver of motor vehicle/driver of other vehicle/cyclist/pedestrian/passenger,Four lanes or more with central divider,Slight curve,,Fine,TN12C 8227,P.V,Grevious,0
22.03.2016,5:45 AM,1313.9,RHS,Rural,Kavali,Rear End Collision, Mini Lorry hit Unknown Vehicle ,Lorry,Non injury,Fault of driver of motor vehicle/driver of other vehicle/cyclist/pedestrian/passenger,Four lanes or more with central divider,Slight curve,,Fine,TN12C 8227,P.V,Minor,0
22.03.2016,5:45 AM,1313.9,RHS,Rural,Kavali,Rear End Collision, Mini Lorry hit Unknown Vehicle ,Lorry,Non injury,Fault of driver of motor vehicle/driver of other vehicle/cyclist/pedestrian/passenger,Four lanes or more with central divider,Slight curve,,Fine,TN12C 8227,P.V,Non injured ,1
22.03.2016,5:45 AM,1313.9,RHS,Rural,Kavali,Rear End Collision, Mini Lorry hit Unknown Vehicle ,Lorry,Non injury,Fault of driver of motor vehicle/driver of other vehicle/cyclist/pedestrian/passenger,Four lanes or more with central divider,Slight curve,,Fine,TN12C 8227,P.V,Animals affected,0
24.03.2016,5:20 AM,1275.5,LHS,Rural,Singarayakonda,Collision Brush/Side Wipe, Lorry hit Lorry,Lorry,Non injury,Over speed,Four lanes or more with central divider,Straight road,,Fine,TN23AZ 4377,P.V,Fatal,0
24.03.2016,5:20 AM,1275.5,LHS,Rural,Singarayakonda,Collision Brush/Side Wipe, Lorry hit Lorry,Lorry,Non injury,Over speed,Four lanes or more with central divider,Straight road,,Fine,TN23AZ 4377,P.V,Grevious,0
24.03.2016,5:20 AM,1275.5,LHS,Rural,Singarayakonda,Collision Brush/Side Wipe, Lorry hit Lorry,Lorry,Non injury,Over speed,Four lanes or more with central divider,Straight road,,Fine,TN23AZ 4377,P.V,Minor,0
24.03.2016,5:20 AM,1275.5,LHS,Rural,Singarayakonda,Collision Brush/Side Wipe, Lorry hit Lorry,Lorry,Non injury,Over speed,Four lanes or more with central divider,Straight road,,Fine,TN23AZ 4377,P.V,Non injured ,4
24.03.2016,5:20 AM,1275.5,LHS,Rural,Singarayakonda,Collision Brush/Side Wipe, Lorry hit Lorry,Lorry,Non injury,Over speed,Four lanes or more with central divider,Straight road,,Fine,TN23AZ 4377,P.V,Animals affected,0
24.03.2016,6:35 AM,1340,LHS,Rural,Dagadarthi,Collision Brush/Side Wipe, Mini Lorry hit Unknown Vehicle ,Lorry,Non injury,Over speed,Three lanes or more without central divider(median),Straight road,T-Junction,Fine,AP27W     3906,P.V,Fatal,0
24.03.2016,6:35 AM,1340,LHS,Rural,Dagadarthi,Collision Brush/Side Wipe, Mini Lorry hit Unknown Vehicle ,Lorry,Non injury,Over speed,Three lanes or more without central divider(median),Straight road,T-Junction,Fine,AP27W     3906,P.V,Grevious,0
24.03.2016,6:35 AM,1340,LHS,Rural,Dagadarthi,Collision Brush/Side Wipe, Mini Lorry hit Unknown Vehicle ,Lorry,Non injury,Over speed,Three lanes or more without central divider(median),Straight road,T-Junction,Fine,AP27W     3906,P.V,Minor,0
24.03.2016,6:35 AM,1340,LHS,Rural,Dagadarthi,Collision Brush/Side Wipe, Mini Lorry hit Unknown Vehicle ,Lorry,Non injury,Over speed,Three lanes or more without central divider(median),Straight road,T-Junction,Fine,AP27W     3906,P.V,Non injured ,1
24.03.2016,6:35 AM,1340,LHS,Rural,Dagadarthi,Collision Brush/Side Wipe, Mini Lorry hit Unknown Vehicle ,Lorry,Non injury,Over speed,Three lanes or more without central divider(median),Straight road,T-Junction,Fine,AP27W     3906,P.V,Animals affected,0
25.03.2016,6:15 PM,1270.5,LHS,Rural,Jarugumalli,Collision Brush/Side Wipe, Trailler vehicle hit Unknown vehicle,Trailler,Non injury,Fault of driver of motor vehicle/driver of other vehicle/cyclist/pedestrian/passenger,Four lanes or more with central divider,Straight road,,Fine,AP27TU  5789,P.V,Fatal,0
25.03.2016,6:15 PM,1270.5,LHS,Rural,Jarugumalli,Collision Brush/Side Wipe, Trailler vehicle hit Unknown vehicle,Trailler,Non injury,Fault of driver of motor vehicle/driver of other vehicle/cyclist/pedestrian/passenger,Four lanes or more with central divider,Straight road,,Fine,AP27TU  5789,P.V,Grevious,0
25.03.2016,6:15 PM,1270.5,LHS,Rural,Jarugumalli,Collision Brush/Side Wipe, Trailler vehicle hit Unknown vehicle,Trailler,Non injury,Fault of driver of motor vehicle/driver of other vehicle/cyclist/pedestrian/passenger,Four lanes or more with central divider,Straight road,,Fine,AP27TU  5789,P.V,Minor,0
25.03.2016,6:15 PM,1270.5,LHS,Rural,Jarugumalli,Collision Brush/Side Wipe, Trailler vehicle hit Unknown vehicle,Trailler,Non injury,Fault of driver of motor vehicle/driver of other vehicle/cyclist/pedestrian/passenger,Four lanes or more with central divider,Straight road,,Fine,AP27TU  5789,P.V,Non injured ,1
25.03.2016,6:15 PM,1270.5,LHS,Rural,Jarugumalli,Collision Brush/Side Wipe, Trailler vehicle hit Unknown vehicle,Trailler,Non injury,Fault of driver of motor vehicle/driver of other vehicle/cyclist/pedestrian/passenger,Four lanes or more with central divider,Straight road,,Fine,AP27TU  5789,P.V,Animals affected,0
25.03.2016,11:00 PM,1326,RHS,Rural,Kavali,Others(p1.Specific), Bike hit Toll-booth emergency lane gate,Bike,Minor injury,Druken,Four lanes or more with central divider,Straight road,,Fine,AP13A    778,AMB,Fatal,0
25.03.2016,11:00 PM,1326,RHS,Rural,Kavali,Others(p1.Specific), Bike hit Toll-booth emergency lane gate,Bike,Minor injury,Druken,Four lanes or more with central divider,Straight road,,Fine,AP13A    778,AMB,Grevious,0
25.03.2016,11:00 PM,1326,RHS,Rural,Kavali,Others(p1.Specific), Bike hit Toll-booth emergency lane gate,Bike,Minor injury,Druken,Four lanes or more with central divider,Straight road,,Fine,AP13A    778,AMB,Minor,1
25.03.2016,11:00 PM,1326,RHS,Rural,Kavali,Others(p1.Specific), Bike hit Toll-booth emergency lane gate,Bike,Minor injury,Druken,Four lanes or more with central divider,Straight road,,Fine,AP13A    778,AMB,Non injured ,0
25.03.2016,11:00 PM,1326,RHS,Rural,Kavali,Others(p1.Specific), Bike hit Toll-booth emergency lane gate,Bike,Minor injury,Druken,Four lanes or more with central divider,Straight road,,Fine,AP13A    778,AMB,Animals affected,0
26.03.2016,8:36 AM,1233.1,LHS,Rural,Maddipadu,Rear End Collision,Car hit  Container vehicle,Car,Minor injury,Over speed,Four lanes or more with central divider,Straight road,,Fine,TS10EE   6915,P.V,Fatal,0
26.03.2016,8:36 AM,1233.1,LHS,Rural,Maddipadu,Rear End Collision,Car hit  Container vehicle,Car,Minor injury,Over speed,Four lanes or more with central divider,Straight road,,Fine,TS10EE   6915,P.V,Grevious,0
26.03.2016,8:36 AM,1233.1,LHS,Rural,Maddipadu,Rear End Collision,Car hit  Container vehicle,Car,Minor injury,Over speed,Four lanes or more with central divider,Straight road,,Fine,TS10EE   6915,P.V,Minor,3
26.03.2016,8:36 AM,1233.1,LHS,Rural,Maddipadu,Rear End Collision,Car hit  Container vehicle,Car,Minor injury,Over speed,Four lanes or more with central divider,Straight road,,Fine,TS10EE   6915,P.V,Non injured ,4
26.03.2016,8:36 AM,1233.1,LHS,Rural,Maddipadu,Rear End Collision,Car hit  Container vehicle,Car,Minor injury,Over speed,Four lanes or more with central divider,Straight road,,Fine,TS10EE   6915,P.V,Animals affected,0
27.03.2016,2:30 AM,1276.5,LHS,Rural,Singarayakonda,Rear End Collision, Car hit Unknown vehicle,Car,Non injury,Fault of driver of motor vehicle/driver of other vehicle/cyclist/pedestrian/passenger,Four lanes or more with central divider,Straight road,,Fine,TN38BT 6666,P.V,Fatal,0
27.03.2016,2:30 AM,1276.5,LHS,Rural,Singarayakonda,Rear End Collision, Car hit Unknown vehicle,Car,Non injury,Fault of driver of motor vehicle/driver of other vehicle/cyclist/pedestrian/passenger,Four lanes or more with central divider,Straight road,,Fine,TN38BT 6666,P.V,Grevious,0
27.03.2016,2:30 AM,1276.5,LHS,Rural,Singarayakonda,Rear End Collision, Car hit Unknown vehicle,Car,Non injury,Fault of driver of motor vehicle/driver of other vehicle/cyclist/pedestrian/passenger,Four lanes or more with central divider,Straight road,,Fine,TN38BT 6666,P.V,Minor,0
27.03.2016,2:30 AM,1276.5,LHS,Rural,Singarayakonda,Rear End Collision, Car hit Unknown vehicle,Car,Non injury,Fault of driver of motor vehicle/driver of other vehicle/cyclist/pedestrian/passenger,Four lanes or more with central divider,Straight road,,Fine,TN38BT 6666,P.V,Non injured ,1
27.03.2016,2:30 AM,1276.5,LHS,Rural,Singarayakonda,Rear End Collision, Car hit Unknown vehicle,Car,Non injury,Fault of driver of motor vehicle/driver of other vehicle/cyclist/pedestrian/passenger,Four lanes or more with central divider,Straight road,,Fine,TN38BT 6666,P.V,Animals affected,0
27.03.2016,6:30 AM,1346.6,RHS,Rural,Dagadarthi,Overturning, Lorry Overturned,Lorry,Non injury,Fault of driver of motor vehicle/driver of other vehicle/cyclist/pedestrian/passenger,Four lanes or more with central divider,Straight road,,Fine,AP16TX  5319,P.V,Fatal,0
27.03.2016,6:30 AM,1346.6,RHS,Rural,Dagadarthi,Overturning, Lorry Overturned,Lorry,Non injury,Fault of driver of motor vehicle/driver of other vehicle/cyclist/pedestrian/passenger,Four lanes or more with central divider,Straight road,,Fine,AP16TX  5319,P.V,Grevious,0
27.03.2016,6:30 AM,1346.6,RHS,Rural,Dagadarthi,Overturning, Lorry Overturned,Lorry,Non injury,Fault of driver of motor vehicle/driver of other vehicle/cyclist/pedestrian/passenger,Four lanes or more with central divider,Straight road,,Fine,AP16TX  5319,P.V,Minor,0
27.03.2016,6:30 AM,1346.6,RHS,Rural,Dagadarthi,Overturning, Lorry Overturned,Lorry,Non injury,Fault of driver of motor vehicle/driver of other vehicle/cyclist/pedestrian/passenger,Four lanes or more with central divider,Straight road,,Fine,AP16TX  5319,P.V,Non injured ,2
27.03.2016,6:30 AM,1346.6,RHS,Rural,Dagadarthi,Overturning, Lorry Overturned,Lorry,Non injury,Fault of driver of motor vehicle/driver of other vehicle/cyclist/pedestrian/passenger,Four lanes or more with central divider,Straight road,,Fine,AP16TX  5319,P.V,Animals affected,0
27.03.2016,6:50 AM,1364.3,RHS,Rural,Kovuru,Collision Brush/Side Wipe, Unknown Vehicle hit Bike,Unknown,Fatal,Over speed,Four lanes or more with central divider,Straight road,,Fine,Unknown Vehicle,P.V,Fatal,1
27.03.2016,6:50 AM,1364.3,RHS,Rural,Kovuru,Collision Brush/Side Wipe, Unknown Vehicle hit Bike,Unknown,Fatal,Over speed,Four lanes or more with central divider,Straight road,,Fine,Unknown Vehicle,P.V,Grevious,0
27.03.2016,6:50 AM,1364.3,RHS,Rural,Kovuru,Collision Brush/Side Wipe, Unknown Vehicle hit Bike,Unknown,Fatal,Over speed,Four lanes or more with central divider,Straight road,,Fine,Unknown Vehicle,P.V,Minor,0
27.03.2016,6:50 AM,1364.3,RHS,Rural,Kovuru,Collision Brush/Side Wipe, Unknown Vehicle hit Bike,Unknown,Fatal,Over speed,Four lanes or more with central divider,Straight road,,Fine,Unknown Vehicle,P.V,Non injured ,0
27.03.2016,6:50 AM,1364.3,RHS,Rural,Kovuru,Collision Brush/Side Wipe, Unknown Vehicle hit Bike,Unknown,Fatal,Over speed,Four lanes or more with central divider,Straight road,,Fine,Unknown Vehicle,P.V,Animals affected,0
28.03.2016,7:08 PM,1194.6,LHS,Rural,Martur,Collision Brush/Side Wipe, Car hit Pedestrian,Car,Grievious injury,Over speed,Four lanes or more with central divider,Straight road,,Fine,AP27AW  7586,AMB,Fatal,0
28.03.2016,7:08 PM,1194.6,LHS,Rural,Martur,Collision Brush/Side Wipe, Car hit Pedestrian,Car,Grievious injury,Over speed,Four lanes or more with central divider,Straight road,,Fine,AP27AW  7586,AMB,Grevious,1
28.03.2016,7:08 PM,1194.6,LHS,Rural,Martur,Collision Brush/Side Wipe, Car hit Pedestrian,Car,Grievious injury,Over speed,Four lanes or more with central divider,Straight road,,Fine,AP27AW  7586,AMB,Minor,0
28.03.2016,7:08 PM,1194.6,LHS,Rural,Martur,Collision Brush/Side Wipe, Car hit Pedestrian,Car,Grievious injury,Over speed,Four lanes or more with central divider,Straight road,,Fine,AP27AW  7586,AMB,Non injured ,0
28.03.2016,7:08 PM,1194.6,LHS,Rural,Martur,Collision Brush/Side Wipe, Car hit Pedestrian,Car,Grievious injury,Over speed,Four lanes or more with central divider,Straight road,,Fine,AP27AW  7586,AMB,Animals affected,0
29.03.2016,3:30 AM,1300.7,RHS,Rural,Gudluru,Overturning, Ashok leyland Pickup vehicle Overturned,Lorry,Non injury,Fault of driver of motor vehicle/driver of other vehicle/cyclist/pedestrian/passenger,Four lanes or more with central divider,Straight road,,Fine,AP07TG 7328,P.V,Fatal,0
29.03.2016,3:30 AM,1300.7,RHS,Rural,Gudluru,Overturning, Ashok leyland Pickup vehicle Overturned,Lorry,Non injury,Fault of driver of motor vehicle/driver of other vehicle/cyclist/pedestrian/passenger,Four lanes or more with central divider,Straight road,,Fine,AP07TG 7328,P.V,Grevious,0
29.03.2016,3:30 AM,1300.7,RHS,Rural,Gudluru,Overturning, Ashok leyland Pickup vehicle Overturned,Lorry,Non injury,Fault of driver of motor vehicle/driver of other vehicle/cyclist/pedestrian/passenger,Four lanes or more with central divider,Straight road,,Fine,AP07TG 7328,P.V,Minor,0
29.03.2016,3:30 AM,1300.7,RHS,Rural,Gudluru,Overturning, Ashok leyland Pickup vehicle Overturned,Lorry,Non injury,Fault of driver of motor vehicle/driver of other vehicle/cyclist/pedestrian/passenger,Four lanes or more with central divider,Straight road,,Fine,AP07TG 7328,P.V,Non injured ,1
29.03.2016,3:30 AM,1300.7,RHS,Rural,Gudluru,Overturning, Ashok leyland Pickup vehicle Overturned,Lorry,Non injury,Fault of driver of motor vehicle/driver of other vehicle/cyclist/pedestrian/passenger,Four lanes or more with central divider,Straight road,,Fine,AP07TG 7328,P.V,Animals affected,0
29.03.2016,1:10 PM,1209.8,RHS,Rural,Reningavaram,Rear End Collision, APSRTC Bus hit Water Tanker,Bus,Minor injury,Over speed,Four lanes or more with central divider,Straight road,,Fine,AP29Z    2230,P.V&AMB,Fatal,0
29.03.2016,1:10 PM,1209.8,RHS,Rural,Reningavaram,Rear End Collision, APSRTC Bus hit Water Tanker,Bus,Minor injury,Over speed,Four lanes or more with central divider,Straight road,,Fine,AP29Z    2230,P.V&AMB,Grevious,0
29.03.2016,1:10 PM,1209.8,RHS,Rural,Reningavaram,Rear End Collision, APSRTC Bus hit Water Tanker,Bus,Minor injury,Over speed,Four lanes or more with central divider,Straight road,,Fine,AP29Z    2230,P.V&AMB,Minor,3
29.03.2016,1:10 PM,1209.8,RHS,Rural,Reningavaram,Rear End Collision, APSRTC Bus hit Water Tanker,Bus,Minor injury,Over speed,Four lanes or more with central divider,Straight road,,Fine,AP29Z    2230,P.V&AMB,Non injured ,23
29.03.2016,1:10 PM,1209.8,RHS,Rural,Reningavaram,Rear End Collision, APSRTC Bus hit Water Tanker,Bus,Minor injury,Over speed,Four lanes or more with central divider,Straight road,,Fine,AP29Z    2230,P.V&AMB,Animals affected,0
30.03.2016,3:00 AM,1234.5,LHS,Rural,Maddipadu,Rear End Collision, Mini Lorry hit Lorry,Lorry,Minor injury,Fault of driver of motor vehicle/driver of other vehicle/cyclist/pedestrian/passenger,Four lanes or more with central divider,Straight road,,Fine,AP28X 8076,P.V,Fatal,0
30.03.2016,3:00 AM,1234.5,LHS,Rural,Maddipadu,Rear End Collision, Mini Lorry hit Lorry,Lorry,Minor injury,Fault of driver of motor vehicle/driver of other vehicle/cyclist/pedestrian/passenger,Four lanes or more with central divider,Straight road,,Fine,AP28X 8076,P.V,Grevious,0
30.03.2016,3:00 AM,1234.5,LHS,Rural,Maddipadu,Rear End Collision, Mini Lorry hit Lorry,Lorry,Minor injury,Fault of driver of motor vehicle/driver of other vehicle/cyclist/pedestrian/passenger,Four lanes or more with central divider,Straight road,,Fine,AP28X 8076,P.V,Minor,2
30.03.2016,3:00 AM,1234.5,LHS,Rural,Maddipadu,Rear End Collision, Mini Lorry hit Lorry,Lorry,Minor injury,Fault of driver of motor vehicle/driver of other vehicle/cyclist/pedestrian/passenger,Four lanes or more with central divider,Straight road,,Fine,AP28X 8076,P.V,Non injured ,2
30.03.2016,3:00 AM,1234.5,LHS,Rural,Maddipadu,Rear End Collision, Mini Lorry hit Lorry,Lorry,Minor injury,Fault of driver of motor vehicle/driver of other vehicle/cyclist/pedestrian/passenger,Four lanes or more with central divider,Straight road,,Fine,AP28X 8076,P.V,Animals affected,0
30.03.2016,11:00 AM,1239.4,LHS,Rural,Ongole,Rear End Collision,  Lorry hit Lorry,Lorry,Non injury,Defect in mechanical condition of motor vehicle/road condition,Four lanes or more with central divider,Straight road,,Fine,AP26BB  1199,P.V,Fatal,0
30.03.2016,11:00 AM,1239.4,LHS,Rural,Ongole,Rear End Collision,  Lorry hit Lorry,Lorry,Non injury,Defect in mechanical condition of motor vehicle/road condition,Four lanes or more with central divider,Straight road,,Fine,AP26BB  1199,P.V,Grevious,0
30.03.2016,11:00 AM,1239.4,LHS,Rural,Ongole,Rear End Collision,  Lorry hit Lorry,Lorry,Non injury,Defect in mechanical condition of motor vehicle/road condition,Four lanes or more with central divider,Straight road,,Fine,AP26BB  1199,P.V,Minor,0
30.03.2016,11:00 AM,1239.4,LHS,Rural,Ongole,Rear End Collision,  Lorry hit Lorry,Lorry,Non injury,Defect in mechanical condition of motor vehicle/road condition,Four lanes or more with central divider,Straight road,,Fine,AP26BB  1199,P.V,Non injured ,2
30.03.2016,11:00 AM,1239.4,LHS,Rural,Ongole,Rear End Collision,  Lorry hit Lorry,Lorry,Non injury,Defect in mechanical condition of motor vehicle/road condition,Four lanes or more with central divider,Straight road,,Fine,AP26BB  1199,P.V,Animals affected,0
31.03.2016,6:40 AM,1256.9,RHS,Rural,Tangutur,Rear End Collision, Lorry hit Lorry,Lorry,Non injury,Over speed,Four lanes or more with central divider,Straight road,,Fine,TS05UA 9919,P.V,Fatal,0
31.03.2016,6:40 AM,1256.9,RHS,Rural,Tangutur,Rear End Collision, Lorry hit Lorry,Lorry,Non injury,Over speed,Four lanes or more with central divider,Straight road,,Fine,TS05UA 9919,P.V,Grevious,0
31.03.2016,6:40 AM,1256.9,RHS,Rural,Tangutur,Rear End Collision, Lorry hit Lorry,Lorry,Non injury,Over speed,Four lanes or more with central divider,Straight road,,Fine,TS05UA 9919,P.V,Minor,0
31.03.2016,6:40 AM,1256.9,RHS,Rural,Tangutur,Rear End Collision, Lorry hit Lorry,Lorry,Non injury,Over speed,Four lanes or more with central divider,Straight road,,Fine,TS05UA 9919,P.V,Non injured ,4
31.03.2016,6:40 AM,1256.9,RHS,Rural,Tangutur,Rear End Collision, Lorry hit Lorry,Lorry,Non injury,Over speed,Four lanes or more with central divider,Straight road,,Fine,TS05UA 9919,P.V,Animals affected,0
31.03.2016,3:00 PM,1195.9,LHS,Rural,Martur,Skidding, Bike skidding,Bike,Grievious injury,Druken,Four lanes or more with central divider,Straight road,,Fine,AP27Q    0996,P.V&AMB,Fatal,0
31.03.2016,3:00 PM,1195.9,LHS,Rural,Martur,Skidding, Bike skidding,Bike,Grievious injury,Druken,Four lanes or more with central divider,Straight road,,Fine,AP27Q    0996,P.V&AMB,Grevious,1
31.03.2016,3:00 PM,1195.9,LHS,Rural,Martur,Skidding, Bike skidding,Bike,Grievious injury,Druken,Four lanes or more with central divider,Straight road,,Fine,AP27Q    0996,P.V&AMB,Minor,0
31.03.2016,3:00 PM,1195.9,LHS,Rural,Martur,Skidding, Bike skidding,Bike,Grievious injury,Druken,Four lanes or more with central divider,Straight road,,Fine,AP27Q    0996,P.V&AMB,Non injured ,0
31.03.2016,3:00 PM,1195.9,LHS,Rural,Martur,Skidding, Bike skidding,Bike,Grievious injury,Druken,Four lanes or more with central divider,Straight road,,Fine,AP27Q    0996,P.V&AMB,Animals affected,0
31.03.2016,2:35 PM,1264.8,RHS,Rural,Tangutur,Rear End Collision, Container vehicle hit Unknown vehicle,Container,Minor injury,Vehicle out of control,Four lanes or more with central divider,Straight road,,Fine,AP27X   0599,P.V,Fatal,0
31.03.2016,2:35 PM,1264.8,RHS,Rural,Tangutur,Rear End Collision, Container vehicle hit Unknown vehicle,Container,Minor injury,Vehicle out of control,Four lanes or more with central divider,Straight road,,Fine,AP27X   0599,P.V,Grevious,0
31.03.2016,2:35 PM,1264.8,RHS,Rural,Tangutur,Rear End Collision, Container vehicle hit Unknown vehicle,Container,Minor injury,Vehicle out of control,Four lanes or more with central divider,Straight road,,Fine,AP27X   0599,P.V,Minor,1
31.03.2016,2:35 PM,1264.8,RHS,Rural,Tangutur,Rear End Collision, Container vehicle hit Unknown vehicle,Container,Minor injury,Vehicle out of control,Four lanes or more with central divider,Straight road,,Fine,AP27X   0599,P.V,Non injured ,1
31.03.2016,2:35 PM,1264.8,RHS,Rural,Tangutur,Rear End Collision, Container vehicle hit Unknown vehicle,Container,Minor injury,Vehicle out of control,Four lanes or more with central divider,Straight road,,Fine,AP27X   0599,P.V,Animals affected,0
01.04.2016,7:35 AM,1192.3,RHS,Rural,Martur,Rear End Collision, Car hit Mini Lorry,Car,Grievious injury,Over speed,Four lanes or more with central divider,Straight road,,Fine,GJ01KF 3622,P.V&AMB,Fatal,0