Operational date,Time of Accident,KM && M,Position,Rural/Urban,Location,Nature of Accident Position,Nature of Accident,Vehicle Involved,Type of Accident,Causes,Road Feature,Road condition,Intersection Type And Control,Weather Condition,Vehicle Responsible,Help Provided by Ambulance/Patroling Vehicle,Classification of Accident,No of Affected Persons
01.04.2016,7:35 AM,1192.3,RHS,Rural,Martur,Rear End Collision, Car hit Mini Lorry,Car,Grievious injury,Over speed,Four lanes or more with central divider,Straight road,,Fine,GJ01KF 3622,P.V&AMB,Grevious,3
01.04.2016,7:35 AM,1192.3,RHS,Rural,Martur,Rear End Collision, Car hit Mini Lorry,Car,Grievious injury,Over speed,Four lanes or more with central divider,Straight road,,Fine,GJ01KF 3622,P.V&AMB,Minor,10
01.04.2016,7:35 AM,1192.3,RHS,Rural,Martur,Rear End Collision, Car hit Mini Lorry,Car,Grievious injury,Over speed,Four lanes or more with central divider,Straight road,,Fine,GJ01KF 3622,P.V&AMB,Non injured ,0
01.04.2016,7:35 AM,1192.3,RHS,Rural,Martur,Rear End Collision, Car hit Mini Lorry,Car,Grievious injury,Over speed,Four lanes or more with central divider,Straight road,,Fine,GJ01KF 3622,P.V&AMB,Animals affected,0
02.04.2016,4:53 AM,1280,RHS,Rural,Singarayakonda,Rear End Collision, Bike hit Unknown vehicle,Bike,Fatal,Over speed,Four lanes or more with central divider,Slight curve,,Fine,AP27AW 3443,P.V,Fatal,1
02.04.2016,4:53 AM,1280,RHS,Rural,Singarayakonda,Rear End Collision, Bike hit Unknown vehicle,Bike,Fatal,Over speed,Four lanes or more with central divider,Slight curve,,Fine,AP27AW 3443,P.V,Grevious,0
02.04.2016,4:53 AM,1280,RHS,Rural,Singarayakonda,Rear End Collision, Bike hit Unknown vehicle,Bike,Fatal,Over speed,Four lanes or more with central divider,Slight curve,,Fine,AP27AW 3443,P.V,Minor,0
02.04.2016,4:53 AM,1280,RHS,Rural,Singarayakonda,Rear End Collision, Bike hit Unknown vehicle,Bike,Fatal,Over speed,Four lanes or more with central divider,Slight curve,,Fine,AP27AW 3443,P.V,Non injured ,0
02.04.2016,4:53 AM,1280,RHS,Rural,Singarayakonda,Rear End Collision, Bike hit Unknown vehicle,Bike,Fatal,Over speed,Four lanes or more with central divider,Slight curve,,Fine,AP27AW 3443,P.V,Animals affected,0
03.04.2016,1:00 AM,1223.3,RHS,Rural,Medarametla,Collision Brush/Side Wipe, Mini lorry hit CC Barriers,Lorry,Non injury,Fault of driver of motor vehicle/driver of other vehicle/cyclist/pedestrian/passenger,Four lanes or more with central divider,Straight road,,Fine,AP16TC 4288,P.V,Fatal,0
03.04.2016,1:00 AM,1223.3,RHS,Rural,Medarametla,Collision Brush/Side Wipe, Mini lorry hit CC Barriers,Lorry,Non injury,Fault of driver of motor vehicle/driver of other vehicle/cyclist/pedestrian/passenger,Four lanes or more with central divider,Straight road,,Fine,AP16TC 4288,P.V,Grevious,0
03.04.2016,1:00 AM,1223.3,RHS,Rural,Medarametla,Collision Brush/Side Wipe, Mini lorry hit CC Barriers,Lorry,Non injury,Fault of driver of motor vehicle/driver of other vehicle/cyclist/pedestrian/passenger,Four lanes or more with central divider,Straight road,,Fine,AP16TC 4288,P.V,Minor,0
03.04.2016,1:00 AM,1223.3,RHS,Rural,Medarametla,Collision Brush/Side Wipe, Mini lorry hit CC Barriers,Lorry,Non injury,Fault of driver of motor vehicle/driver of other vehicle/cyclist/pedestrian/passenger,Four lanes or more with central divider,Straight road,,Fine,AP16TC 4288,P.V,Non injured ,1
03.04.2016,1:00 AM,1223.3,RHS,Rural,Medarametla,Collision Brush/Side Wipe, Mini lorry hit CC Barriers,Lorry,Non injury,Fault of driver of motor vehicle/driver of other vehicle/cyclist/pedestrian/passenger,Four lanes or more with central divider,Straight road,,Fine,AP16TC 4288,P.V,Animals affected,0
03.04.2016,6:05 AM,1310.1,LHS,Rural,Kavali,Rear End Collision, Car hit Lorry,Car,Minor injury,Fault of driver of motor vehicle/driver of other vehicle/cyclist/pedestrian/passenger,Four lanes or more with central divider,Straight road,,Fine,AP27AY 5544,P.V,Fatal,0
03.04.2016,6:05 AM,1310.1,LHS,Rural,Kavali,Rear End Collision, Car hit Lorry,Car,Minor injury,Fault of driver of motor vehicle/driver of other vehicle/cyclist/pedestrian/passenger,Four lanes or more with central divider,Straight road,,Fine,AP27AY 5544,P.V,Grevious,0
03.04.2016,6:05 AM,1310.1,LHS,Rural,Kavali,Rear End Collision, Car hit Lorry,Car,Minor injury,Fault of driver of motor vehicle/driver of other vehicle/cyclist/pedestrian/passenger,Four lanes or more with central divider,Straight road,,Fine,AP27AY 5544,P.V,Minor,1
03.04.2016,6:05 AM,1310.1,LHS,Rural,Kavali,Rear End Collision, Car hit Lorry,Car,Minor injury,Fault of driver of motor vehicle/driver of other vehicle/cyclist/pedestrian/passenger,Four lanes or more with central divider,Straight road,,Fine,AP27AY 5544,P.V,Non injured ,0
03.04.2016,6:05 AM,1310.1,LHS,Rural,Kavali,Rear End Collision, Car hit Lorry,Car,Minor injury,Fault of driver of motor vehicle/driver of other vehicle/cyclist/pedestrian/passenger,Four lanes or more with central divider,Straight road,,Fine,AP27AY 5544,P.V,Animals affected,0
03.04.2016,4:45 PM,1354.2,LHS,Rural,Kodavaluru,Overturning, Container vehicle Overturned,Container,Non injury,Fault of driver of motor vehicle/driver of other vehicle/cyclist/pedestrian/passenger,Four lanes or more with central divider,Straight road,,Fine,TN32AF 1293,P.V,Fatal,0
03.04.2016,4:45 PM,1354.2,LHS,Rural,Kodavaluru,Overturning, Container vehicle Overturned,Container,Non injury,Fault of driver of motor vehicle/driver of other vehicle/cyclist/pedestrian/passenger,Four lanes or more with central divider,Straight road,,Fine,TN32AF 1293,P.V,Grevious,0
03.04.2016,4:45 PM,1354.2,LHS,Rural,Kodavaluru,Overturning, Container vehicle Overturned,Container,Non injury,Fault of driver of motor vehicle/driver of other vehicle/cyclist/pedestrian/passenger,Four lanes or more with central divider,Straight road,,Fine,TN32AF 1293,P.V,Minor,0
03.04.2016,4:45 PM,1354.2,LHS,Rural,Kodavaluru,Overturning, Container vehicle Overturned,Container,Non injury,Fault of driver of motor vehicle/driver of other vehicle/cyclist/pedestrian/passenger,Four lanes or more with central divider,Straight road,,Fine,TN32AF 1293,P.V,Non injured ,1
03.04.2016,4:45 PM,1354.2,LHS,Rural,Kodavaluru,Overturning, Container vehicle Overturned,Container,Non injury,Fault of driver of motor vehicle/driver of other vehicle/cyclist/pedestrian/passenger,Four lanes or more with central divider,Straight road,,Fine,TN32AF 1293,P.V,Animals affected,0
04.04.2016,4:45 AM,1211.6,RHS,Rural,Reningavaram,Rear End Collision,Unknown Vehicle hit Ape Auto,Unknown,Grievious injury,Over speed,Four lanes or more with central divider,Straight road,,Fine,Unknown Vehicle ,P.V&AMB,Fatal,0
04.04.2016,4:45 AM,1211.6,RHS,Rural,Reningavaram,Rear End Collision,Unknown Vehicle hit Ape Auto,Unknown,Grievious injury,Over speed,Four lanes or more with central divider,Straight road,,Fine,Unknown Vehicle ,P.V&AMB,Grevious,1
04.04.2016,4:45 AM,1211.6,RHS,Rural,Reningavaram,Rear End Collision,Unknown Vehicle hit Ape Auto,Unknown,Grievious injury,Over speed,Four lanes or more with central divider,Straight road,,Fine,Unknown Vehicle ,P.V&AMB,Minor,0
04.04.2016,4:45 AM,1211.6,RHS,Rural,Reningavaram,Rear End Collision,Unknown Vehicle hit Ape Auto,Unknown,Grievious injury,Over speed,Four lanes or more with central divider,Straight road,,Fine,Unknown Vehicle ,P.V&AMB,Non injured ,0
04.04.2016,4:45 AM,1211.6,RHS,Rural,Reningavaram,Rear End Collision,Unknown Vehicle hit Ape Auto,Unknown,Grievious injury,Over speed,Four lanes or more with central divider,Straight road,,Fine,Unknown Vehicle ,P.V&AMB,Animals affected,0
05.04.2016,8:10 AM,1264,LHS,Rural,Tangutur,Collision Brush/Side Wipe, Car hit Bike,Car,Minor injury,Fault of driver of motor vehicle/driver of other vehicle/cyclist/pedestrian/passenger,Four lanes or more with central divider,Straight road,,Fine,AP16VB   2070,AMB,Fatal,0
05.04.2016,8:10 AM,1264,LHS,Rural,Tangutur,Collision Brush/Side Wipe, Car hit Bike,Car,Minor injury,Fault of driver of motor vehicle/driver of other vehicle/cyclist/pedestrian/passenger,Four lanes or more with central divider,Straight road,,Fine,AP16VB   2070,AMB,Grevious,0
05.04.2016,8:10 AM,1264,LHS,Rural,Tangutur,Collision Brush/Side Wipe, Car hit Bike,Car,Minor injury,Fault of driver of motor vehicle/driver of other vehicle/cyclist/pedestrian/passenger,Four lanes or more with central divider,Straight road,,Fine,AP16VB   2070,AMB,Minor,1
05.04.2016,8:10 AM,1264,LHS,Rural,Tangutur,Collision Brush/Side Wipe, Car hit Bike,Car,Minor injury,Fault of driver of motor vehicle/driver of other vehicle/cyclist/pedestrian/passenger,Four lanes or more with central divider,Straight road,,Fine,AP16VB   2070,AMB,Non injured ,2
05.04.2016,8:10 AM,1264,LHS,Rural,Tangutur,Collision Brush/Side Wipe, Car hit Bike,Car,Minor injury,Fault of driver of motor vehicle/driver of other vehicle/cyclist/pedestrian/passenger,Four lanes or more with central divider,Straight road,,Fine,AP16VB   2070,AMB,Animals affected,0
05.04.2016,5:35 PM,1200.2,LHS,Rural,Reningavaram,Rear End Collision, Bike hit Lorry,Bike,Grievious injury,Over speed,Four lanes or more with central divider,Straight road,,Fine,F/R BIKE,AMB,Fatal,0
05.04.2016,5:35 PM,1200.2,LHS,Rural,Reningavaram,Rear End Collision, Bike hit Lorry,Bike,Grievious injury,Over speed,Four lanes or more with central divider,Straight road,,Fine,F/R BIKE,AMB,Grevious,1
05.04.2016,5:35 PM,1200.2,LHS,Rural,Reningavaram,Rear End Collision, Bike hit Lorry,Bike,Grievious injury,Over speed,Four lanes or more with central divider,Straight road,,Fine,F/R BIKE,AMB,Minor,0
05.04.2016,5:35 PM,1200.2,LHS,Rural,Reningavaram,Rear End Collision, Bike hit Lorry,Bike,Grievious injury,Over speed,Four lanes or more with central divider,Straight road,,Fine,F/R BIKE,AMB,Non injured ,1
05.04.2016,5:35 PM,1200.2,LHS,Rural,Reningavaram,Rear End Collision, Bike hit Lorry,Bike,Grievious injury,Over speed,Four lanes or more with central divider,Straight road,,Fine,F/R BIKE,AMB,Animals affected,0
06.04.2016,9:25 AM,1348.7,LHS,Rural,Kodavaluru,Collision Brush/Side Wipe, Car hit lorry,Car,Minor injury,Fault of driver of motor vehicle/driver of other vehicle/cyclist/pedestrian/passenger,Four lanes or more with central divider,Slight curve,,Fine,AP07BV  6913,P.V,Fatal,0
06.04.2016,9:25 AM,1348.7,LHS,Rural,Kodavaluru,Collision Brush/Side Wipe, Car hit lorry,Car,Minor injury,Fault of driver of motor vehicle/driver of other vehicle/cyclist/pedestrian/passenger,Four lanes or more with central divider,Slight curve,,Fine,AP07BV  6913,P.V,Grevious,0
06.04.2016,9:25 AM,1348.7,LHS,Rural,Kodavaluru,Collision Brush/Side Wipe, Car hit lorry,Car,Minor injury,Fault of driver of motor vehicle/driver of other vehicle/cyclist/pedestrian/passenger,Four lanes or more with central divider,Slight curve,,Fine,AP07BV  6913,P.V,Minor,1
06.04.2016,9:25 AM,1348.7,LHS,Rural,Kodavaluru,Collision Brush/Side Wipe, Car hit lorry,Car,Minor injury,Fault of driver of motor vehicle/driver of other vehicle/cyclist/pedestrian/passenger,Four lanes or more with central divider,Slight curve,,Fine,AP07BV  6913,P.V,Non injured ,2
06.04.2016,9:25 AM,1348.7,LHS,Rural,Kodavaluru,Collision Brush/Side Wipe, Car hit lorry,Car,Minor injury,Fault of driver of motor vehicle/driver of other vehicle/cyclist/pedestrian/passenger,Four lanes or more with central divider,Slight curve,,Fine,AP07BV  6913,P.V,Animals affected,0
06.04.2016,3:16 PM,1311.8,LHS,Rural,Kavali,Collision Brush/Side Wipe, Lorry hit unknown vehicle,Lorry,Non injury,Over speed,Four lanes or more with central divider,Straight road,,Fine,AP24Y  2268,P.V,Fatal,0
06.04.2016,3:16 PM,1311.8,LHS,Rural,Kavali,Collision Brush/Side Wipe, Lorry hit unknown vehicle,Lorry,Non injury,Over speed,Four lanes or more with central divider,Straight road,,Fine,AP24Y  2268,P.V,Grevious,0
06.04.2016,3:16 PM,1311.8,LHS,Rural,Kavali,Collision Brush/Side Wipe, Lorry hit unknown vehicle,Lorry,Non injury,Over speed,Four lanes or more with central divider,Straight road,,Fine,AP24Y  2268,P.V,Minor,0
06.04.2016,3:16 PM,1311.8,LHS,Rural,Kavali,Collision Brush/Side Wipe, Lorry hit unknown vehicle,Lorry,Non injury,Over speed,Four lanes or more with central divider,Straight road,,Fine,AP24Y  2268,P.V,Non injured ,2
06.04.2016,3:16 PM,1311.8,LHS,Rural,Kavali,Collision Brush/Side Wipe, Lorry hit unknown vehicle,Lorry,Non injury,Over speed,Four lanes or more with central divider,Straight road,,Fine,AP24Y  2268,P.V,Animals affected,0
06.04.2016,3:45 PM,1198.3,LHS,Rural,Martur,Rear End Collision, Car hit mini lorry,Car,Grievious injury,Fault of driver of motor vehicle/driver of other vehicle/cyclist/pedestrian/passenger,Four lanes or more with central divider,Straight road,,Fine,AP27AR  3456,P.V,Fatal,0
06.04.2016,3:45 PM,1198.3,LHS,Rural,Martur,Rear End Collision, Car hit mini lorry,Car,Grievious injury,Fault of driver of motor vehicle/driver of other vehicle/cyclist/pedestrian/passenger,Four lanes or more with central divider,Straight road,,Fine,AP27AR  3456,P.V,Grevious,1
06.04.2016,3:45 PM,1198.3,LHS,Rural,Martur,Rear End Collision, Car hit mini lorry,Car,Grievious injury,Fault of driver of motor vehicle/driver of other vehicle/cyclist/pedestrian/passenger,Four lanes or more with central divider,Straight road,,Fine,AP27AR  3456,P.V,Minor,0
06.04.2016,3:45 PM,1198.3,LHS,Rural,Martur,Rear End Collision, Car hit mini lorry,Car,Grievious injury,Fault of driver of motor vehicle/driver of other vehicle/cyclist/pedestrian/passenger,Four lanes or more with central divider,Straight road,,Fine,AP27AR  3456,P.V,Non injured ,2
06.04.2016,3:45 PM,1198.3,LHS,Rural,Martur,Rear End Collision, Car hit mini lorry,Car,Grievious injury,Fault of driver of motor vehicle/driver of other vehicle/cyclist/pedestrian/passenger,Four lanes or more with central divider,Straight road,,Fine,AP27AR  3456,P.V,Animals affected,0
06.04.2016,5:30 PM,1331,RHS,Rural,Kavali,Overturning, Long trailler vehicle overturned to war,Lorry,Minor injury,Fault of driver of motor vehicle/driver of other vehicle/cyclist/pedestrian/passenger,Four lanes or more with central divider,Straight road,,Fine,TN88   9032,P.V &A.M.B,Fatal,0
06.04.2016,5:30 PM,1331,RHS,Rural,Kavali,Overturning, Long trailler vehicle overturned to war,Lorry,Minor injury,Fault of driver of motor vehicle/driver of other vehicle/cyclist/pedestrian/passenger,Four lanes or more with central divider,Straight road,,Fine,TN88   9032,P.V &A.M.B,Grevious,0
06.04.2016,5:30 PM,1331,RHS,Rural,Kavali,Overturning, Long trailler vehicle overturned to war,Lorry,Minor injury,Fault of driver of motor vehicle/driver of other vehicle/cyclist/pedestrian/passenger,Four lanes or more with central divider,Straight road,,Fine,TN88   9032,P.V &A.M.B,Minor,1
06.04.2016,5:30 PM,1331,RHS,Rural,Kavali,Overturning, Long trailler vehicle overturned to war,Lorry,Minor injury,Fault of driver of motor vehicle/driver of other vehicle/cyclist/pedestrian/passenger,Four lanes or more with central divider,Straight road,,Fine,TN88   9032,P.V &A.M.B,Non injured ,0
06.04.2016,5:30 PM,1331,RHS,Rural,Kavali,Overturning, Long trailler vehicle overturned to war,Lorry,Minor injury,Fault of driver of motor vehicle/driver of other vehicle/cyclist/pedestrian/passenger,Four lanes or more with central divider,Straight road,,Fine,TN88   9032,P.V &A.M.B,Animals affected,0
07.04.2016,12:15 AM,1257.5,LHS,Rural,Tangutur,Rear End Collision, Trailler Vehicle hit Unknown Vehicle,Trailler,Minor injury,Over speed,Two lanes,Straight road,,Fine,TN01Z     4124,P.V &A.M.B,Fatal,0
07.04.2016,12:15 AM,1257.5,LHS,Rural,Tangutur,Rear End Collision, Trailler Vehicle hit Unknown Vehicle,Trailler,Minor injury,Over speed,Two lanes,Straight road,,Fine,TN01Z     4124,P.V &A.M.B,Grevious,0
07.04.2016,12:15 AM,1257.5,LHS,Rural,Tangutur,Rear End Collision, Trailler Vehicle hit Unknown Vehicle,Trailler,Minor injury,Over speed,Two lanes,Straight road,,Fine,TN01Z     4124,P.V &A.M.B,Minor,1
07.04.2016,12:15 AM,1257.5,LHS,Rural,Tangutur,Rear End Collision, Trailler Vehicle hit Unknown Vehicle,Trailler,Minor injury,Over speed,Two lanes,Straight road,,Fine,TN01Z     4124,P.V &A.M.B,Non injured ,1
07.04.2016,12:15 AM,1257.5,LHS,Rural,Tangutur,Rear End Collision, Trailler Vehicle hit Unknown Vehicle,Trailler,Minor injury,Over speed,Two lanes,Straight road,,Fine,TN01Z     4124,P.V &A.M.B,Animals affected,0
07.04.2016,12:30 AM,1216.3,LHS,Rural,Medarametla,Rear End Collision, APSRTC Bus hit Unknown Vehicle,Bus,Minor injury,Fault of driver of motor vehicle/driver of other vehicle/cyclist/pedestrian/passenger,Four lanes or more with central divider,Straight road,,Fine,AP27TY  0971,P.V,Fatal,0
07.04.2016,12:30 AM,1216.3,LHS,Rural,Medarametla,Rear End Collision, APSRTC Bus hit Unknown Vehicle,Bus,Minor injury,Fault of driver of motor vehicle/driver of other vehicle/cyclist/pedestrian/passenger,Four lanes or more with central divider,Straight road,,Fine,AP27TY  0971,P.V,Grevious,0
07.04.2016,12:30 AM,1216.3,LHS,Rural,Medarametla,Rear End Collision, APSRTC Bus hit Unknown Vehicle,Bus,Minor injury,Fault of driver of motor vehicle/driver of other vehicle/cyclist/pedestrian/passenger,Four lanes or more with central divider,Straight road,,Fine,AP27TY  0971,P.V,Minor,5
07.04.2016,12:30 AM,1216.3,LHS,Rural,Medarametla,Rear End Collision, APSRTC Bus hit Unknown Vehicle,Bus,Minor injury,Fault of driver of motor vehicle/driver of other vehicle/cyclist/pedestrian/passenger,Four lanes or more with central divider,Straight road,,Fine,AP27TY  0971,P.V,Non injured ,31
07.04.2016,12:30 AM,1216.3,LHS,Rural,Medarametla,Rear End Collision, APSRTC Bus hit Unknown Vehicle,Bus,Minor injury,Fault of driver of motor vehicle/driver of other vehicle/cyclist/pedestrian/passenger,Four lanes or more with central divider,Straight road,,Fine,AP27TY  0971,P.V,Animals affected,0
07.04.2016,1:10 AM,1285.8,RHS,Rural,Ulavapadu,Rear End Collision, Lorry hit     Lorry,Lorry,Non injury,Fault of driver of motor vehicle/driver of other vehicle/cyclist/pedestrian/passenger,Four lanes or more with central divider,Straight road,,Fine,AP04TU    3186,P.V,Fatal,0
07.04.2016,1:10 AM,1285.8,RHS,Rural,Ulavapadu,Rear End Collision, Lorry hit     Lorry,Lorry,Non injury,Fault of driver of motor vehicle/driver of other vehicle/cyclist/pedestrian/passenger,Four lanes or more with central divider,Straight road,,Fine,AP04TU    3186,P.V,Grevious,0
07.04.2016,1:10 AM,1285.8,RHS,Rural,Ulavapadu,Rear End Collision, Lorry hit     Lorry,Lorry,Non injury,Fault of driver of motor vehicle/driver of other vehicle/cyclist/pedestrian/passenger,Four lanes or more with central divider,Straight road,,Fine,AP04TU    3186,P.V,Minor,0
07.04.2016,1:10 AM,1285.8,RHS,Rural,Ulavapadu,Rear End Collision, Lorry hit     Lorry,Lorry,Non injury,Fault of driver of motor vehicle/driver of other vehicle/cyclist/pedestrian/passenger,Four lanes or more with central divider,Straight road,,Fine,AP04TU    3186,P.V,Non injured ,4
07.04.2016,1:10 AM,1285.8,RHS,Rural,Ulavapadu,Rear End Collision, Lorry hit     Lorry,Lorry,Non injury,Fault of driver of motor vehicle/driver of other vehicle/cyclist/pedestrian/passenger,Four lanes or more with central divider,Straight road,,Fine,AP04TU    3186,P.V,Animals affected,0
07.04.2016,11:10 AM,1315.4,LHS,Rural,Kavali,Rear End Collision, Mini Lorry hit Unknown Vehicle,Lorry,Minor injury,Over speed,Four lanes or more with central divider,Straight road,,Fine,AP37TD   1777,P.V,Fatal,0
07.04.2016,11:10 AM,1315.4,LHS,Rural,Kavali,Rear End Collision, Mini Lorry hit Unknown Vehicle,Lorry,Minor injury,Over speed,Four lanes or more with central divider,Straight road,,Fine,AP37TD   1777,P.V,Grevious,0
07.04.2016,11:10 AM,1315.4,LHS,Rural,Kavali,Rear End Collision, Mini Lorry hit Unknown Vehicle,Lorry,Minor injury,Over speed,Four lanes or more with central divider,Straight road,,Fine,AP37TD   1777,P.V,Minor,1
07.04.2016,11:10 AM,1315.4,LHS,Rural,Kavali,Rear End Collision, Mini Lorry hit Unknown Vehicle,Lorry,Minor injury,Over speed,Four lanes or more with central divider,Straight road,,Fine,AP37TD   1777,P.V,Non injured ,1
07.04.2016,11:10 AM,1315.4,LHS,Rural,Kavali,Rear End Collision, Mini Lorry hit Unknown Vehicle,Lorry,Minor injury,Over speed,Four lanes or more with central divider,Straight road,,Fine,AP37TD   1777,P.V,Animals affected,0
07.04.2016,4:10 PM,1257.6,LHS,Rural,Tangutur,Collision Brush/Side Wipe, APSRTC Bus hit Tractor,Bus,Non injury,Fault of driver of motor vehicle/driver of other vehicle/cyclist/pedestrian/passenger,Four lanes or more with central divider,Straight road,,Fine,AP27W      9672,P.V,Fatal,0
07.04.2016,4:10 PM,1257.6,LHS,Rural,Tangutur,Collision Brush/Side Wipe, APSRTC Bus hit Tractor,Bus,Non injury,Fault of driver of motor vehicle/driver of other vehicle/cyclist/pedestrian/passenger,Four lanes or more with central divider,Straight road,,Fine,AP27W      9672,P.V,Grevious,0
07.04.2016,4:10 PM,1257.6,LHS,Rural,Tangutur,Collision Brush/Side Wipe, APSRTC Bus hit Tractor,Bus,Non injury,Fault of driver of motor vehicle/driver of other vehicle/cyclist/pedestrian/passenger,Four lanes or more with central divider,Straight road,,Fine,AP27W      9672,P.V,Minor,0
07.04.2016,4:10 PM,1257.6,LHS,Rural,Tangutur,Collision Brush/Side Wipe, APSRTC Bus hit Tractor,Bus,Non injury,Fault of driver of motor vehicle/driver of other vehicle/cyclist/pedestrian/passenger,Four lanes or more with central divider,Straight road,,Fine,AP27W      9672,P.V,Non injured ,30
07.04.2016,4:10 PM,1257.6,LHS,Rural,Tangutur,Collision Brush/Side Wipe, APSRTC Bus hit Tractor,Bus,Non injury,Fault of driver of motor vehicle/driver of other vehicle/cyclist/pedestrian/passenger,Four lanes or more with central divider,Straight road,,Fine,AP27W      9672,P.V,Animals affected,0
08.04.2016,2:22 AM,1308.1,RHS,Rural,Kavali,Rear End Collision, Container Vehicle hit Unknown Vehicle,Container,Minor injury,Fault of driver of motor vehicle/driver of other vehicle/cyclist/pedestrian/passenger,Four lanes or more with central divider,Straight road,,Fine,AP31TE    1143,P.V,Fatal,0
08.04.2016,2:22 AM,1308.1,RHS,Rural,Kavali,Rear End Collision, Container Vehicle hit Unknown Vehicle,Container,Minor injury,Fault of driver of motor vehicle/driver of other vehicle/cyclist/pedestrian/passenger,Four lanes or more with central divider,Straight road,,Fine,AP31TE    1143,P.V,Grevious,0
08.04.2016,2:22 AM,1308.1,RHS,Rural,Kavali,Rear End Collision, Container Vehicle hit Unknown Vehicle,Container,Minor injury,Fault of driver of motor vehicle/driver of other vehicle/cyclist/pedestrian/passenger,Four lanes or more with central divider,Straight road,,Fine,AP31TE    1143,P.V,Minor,1
08.04.2016,2:22 AM,1308.1,RHS,Rural,Kavali,Rear End Collision, Container Vehicle hit Unknown Vehicle,Container,Minor injury,Fault of driver of motor vehicle/driver of other vehicle/cyclist/pedestrian/passenger,Four lanes or more with central divider,Straight road,,Fine,AP31TE    1143,P.V,Non injured ,0
08.04.2016,2:22 AM,1308.1,RHS,Rural,Kavali,Rear End Collision, Container Vehicle hit Unknown Vehicle,Container,Minor injury,Fault of driver of motor vehicle/driver of other vehicle/cyclist/pedestrian/passenger,Four lanes or more with central divider,Straight road,,Fine,AP31TE    1143,P.V,Animals affected,0
08.04.2016,9:40 PM,1224.5,RHS,Rural,Maddipadu,Collision Brush/Side Wipe, Unknown Vehicle hit Pedestrian,Unknown,Fatal,Over speed,Four lanes or more with central divider,Straight road,,Fine,Unknown Vehicle ,P.V,Fatal,1
08.04.2016,9:40 PM,1224.5,RHS,Rural,Maddipadu,Collision Brush/Side Wipe, Unknown Vehicle hit Pedestrian,Unknown,Fatal,Over speed,Four lanes or more with central divider,Straight road,,Fine,Unknown Vehicle ,P.V,Grevious,0
08.04.2016,9:40 PM,1224.5,RHS,Rural,Maddipadu,Collision Brush/Side Wipe, Unknown Vehicle hit Pedestrian,Unknown,Fatal,Over speed,Four lanes or more with central divider,Straight road,,Fine,Unknown Vehicle ,P.V,Minor,0
08.04.2016,9:40 PM,1224.5,RHS,Rural,Maddipadu,Collision Brush/Side Wipe, Unknown Vehicle hit Pedestrian,Unknown,Fatal,Over speed,Four lanes or more with central divider,Straight road,,Fine,Unknown Vehicle ,P.V,Non injured ,0
08.04.2016,9:40 PM,1224.5,RHS,Rural,Maddipadu,Collision Brush/Side Wipe, Unknown Vehicle hit Pedestrian,Unknown,Fatal,Over speed,Four lanes or more with central divider,Straight road,,Fine,Unknown Vehicle ,P.V,Animals affected,0
09.04.2016,3:10 AM,1323.3,RHS,Rural,Kavali,Overturning, Container Vehicle Overturned ,Container,Non injury,Fault of driver of motor vehicle/driver of other vehicle/cyclist/pedestrian/passenger,Four lanes or more with central divider,Straight road,,Fine,AP16T  1093,P.V,Fatal,0
09.04.2016,3:10 AM,1323.3,RHS,Rural,Kavali,Overturning, Container Vehicle Overturned ,Container,Non injury,Fault of driver of motor vehicle/driver of other vehicle/cyclist/pedestrian/passenger,Four lanes or more with central divider,Straight road,,Fine,AP16T  1093,P.V,Grevious,0
09.04.2016,3:10 AM,1323.3,RHS,Rural,Kavali,Overturning, Container Vehicle Overturned ,Container,Non injury,Fault of driver of motor vehicle/driver of other vehicle/cyclist/pedestrian/passenger,Four lanes or more with central divider,Straight road,,Fine,AP16T  1093,P.V,Minor,0
09.04.2016,3:10 AM,1323.3,RHS,Rural,Kavali,Overturning, Container Vehicle Overturned ,Container,Non injury,Fault of driver of motor vehicle/driver of other vehicle/cyclist/pedestrian/passenger,Four lanes or more with central divider,Straight road,,Fine,AP16T  1093,P.V,Non injured ,2
09.04.2016,3:10 AM,1323.3,RHS,Rural,Kavali,Overturning, Container Vehicle Overturned ,Container,Non injury,Fault of driver of motor vehicle/driver of other vehicle/cyclist/pedestrian/passenger,Four lanes or more with central divider,Straight road,,Fine,AP16T  1093,P.V,Animals affected,0
10.04.2016,11:28 PM,1263.6,LHS,Rural,Tangutur,Skidding, Bike Skidding,Bike,Minor injury,Fault of driver of motor vehicle/driver of other vehicle/cyclist/pedestrian/passenger,Four lanes or more with central divider,Straight road,,Fine,AP27AW  6400,AMB,Fatal,0
10.04.2016,11:28 PM,1263.6,LHS,Rural,Tangutur,Skidding, Bike Skidding,Bike,Minor injury,Fault of driver of motor vehicle/driver of other vehicle/cyclist/pedestrian/passenger,Four lanes or more with central divider,Straight road,,Fine,AP27AW  6400,AMB,Grevious,0
10.04.2016,11:28 PM,1263.6,LHS,Rural,Tangutur,Skidding, Bike Skidding,Bike,Minor injury,Fault of driver of motor vehicle/driver of other vehicle/cyclist/pedestrian/passenger,Four lanes or more with central divider,Straight road,,Fine,AP27AW  6400,AMB,Minor,1