Operational date,Time of Accident,KM && M,Position,Rural/Urban,Location,Nature of Accident Position,Nature of Accident,Vehicle Involved,Type of Accident,Causes,Road Feature,Road condition,Intersection Type And Control,Weather Condition,Vehicle Responsible,Help Provided by Ambulance/Patroling Vehicle,Classification of Accident,No of Affected Persons
10.04.2016,11:28 PM,1263.6,LHS,Rural,Tangutur,Skidding, Bike Skidding,Bike,Minor injury,Fault of driver of motor vehicle/driver of other vehicle/cyclist/pedestrian/passenger,Four lanes or more with central divider,Straight road,,Fine,AP27AW  6400,AMB,Non injured ,1
10.04.2016,11:28 PM,1263.6,LHS,Rural,Tangutur,Skidding, Bike Skidding,Bike,Minor injury,Fault of driver of motor vehicle/driver of other vehicle/cyclist/pedestrian/passenger,Four lanes or more with central divider,Straight road,,Fine,AP27AW  6400,AMB,Animals affected,0
11.04.2016,6:04 PM,1206.4,RHS,Rural,Reningavaram,Collision Brush/Side Wipe, Unknown Vehicle hit Pedestrian,Unknown,Grievious injury,Over speed,Four lanes or more with central divider,Straight road,,Fine,Unknown Vehicle ,AMB,Fatal,0
11.04.2016,6:04 PM,1206.4,RHS,Rural,Reningavaram,Collision Brush/Side Wipe, Unknown Vehicle hit Pedestrian,Unknown,Grievious injury,Over speed,Four lanes or more with central divider,Straight road,,Fine,Unknown Vehicle ,AMB,Grevious,1
11.04.2016,6:04 PM,1206.4,RHS,Rural,Reningavaram,Collision Brush/Side Wipe, Unknown Vehicle hit Pedestrian,Unknown,Grievious injury,Over speed,Four lanes or more with central divider,Straight road,,Fine,Unknown Vehicle ,AMB,Minor,0
11.04.2016,6:04 PM,1206.4,RHS,Rural,Reningavaram,Collision Brush/Side Wipe, Unknown Vehicle hit Pedestrian,Unknown,Grievious injury,Over speed,Four lanes or more with central divider,Straight road,,Fine,Unknown Vehicle ,AMB,Non injured ,0
11.04.2016,6:04 PM,1206.4,RHS,Rural,Reningavaram,Collision Brush/Side Wipe, Unknown Vehicle hit Pedestrian,Unknown,Grievious injury,Over speed,Four lanes or more with central divider,Straight road,,Fine,Unknown Vehicle ,AMB,Animals affected,0
11.04.2016,11:20 PM,1358.5,RHS,Rural,Kodavaluru,Collision Brush/Side Wipe, Ape Auto hit Unknown Vehicle,Auto,Grievious injury,Over speed,Four lanes or more with central divider,Straight road,,Fine,AP26W   9500,P.V,Fatal,0
11.04.2016,11:20 PM,1358.5,RHS,Rural,Kodavaluru,Collision Brush/Side Wipe, Ape Auto hit Unknown Vehicle,Auto,Grievious injury,Over speed,Four lanes or more with central divider,Straight road,,Fine,AP26W   9500,P.V,Grevious,1
11.04.2016,11:20 PM,1358.5,RHS,Rural,Kodavaluru,Collision Brush/Side Wipe, Ape Auto hit Unknown Vehicle,Auto,Grievious injury,Over speed,Four lanes or more with central divider,Straight road,,Fine,AP26W   9500,P.V,Minor,0
11.04.2016,11:20 PM,1358.5,RHS,Rural,Kodavaluru,Collision Brush/Side Wipe, Ape Auto hit Unknown Vehicle,Auto,Grievious injury,Over speed,Four lanes or more with central divider,Straight road,,Fine,AP26W   9500,P.V,Non injured ,0
11.04.2016,11:20 PM,1358.5,RHS,Rural,Kodavaluru,Collision Brush/Side Wipe, Ape Auto hit Unknown Vehicle,Auto,Grievious injury,Over speed,Four lanes or more with central divider,Straight road,,Fine,AP26W   9500,P.V,Animals affected,0
11.04.2016,11:45 PM,1204.1,LHS,Rural,Reningavaram,Rear End Collision, Lorry hit Containr Vehicle,Lorry,Minor injury,Over speed,Four lanes or more with central divider,Straight road,,Fine,AP16TX  4955,P.V &A.M.B,Fatal,0
11.04.2016,11:45 PM,1204.1,LHS,Rural,Reningavaram,Rear End Collision, Lorry hit Containr Vehicle,Lorry,Minor injury,Over speed,Four lanes or more with central divider,Straight road,,Fine,AP16TX  4955,P.V &A.M.B,Grevious,0
11.04.2016,11:45 PM,1204.1,LHS,Rural,Reningavaram,Rear End Collision, Lorry hit Containr Vehicle,Lorry,Minor injury,Over speed,Four lanes or more with central divider,Straight road,,Fine,AP16TX  4955,P.V &A.M.B,Minor,2
11.04.2016,11:45 PM,1204.1,LHS,Rural,Reningavaram,Rear End Collision, Lorry hit Containr Vehicle,Lorry,Minor injury,Over speed,Four lanes or more with central divider,Straight road,,Fine,AP16TX  4955,P.V &A.M.B,Non injured ,2
11.04.2016,11:45 PM,1204.1,LHS,Rural,Reningavaram,Rear End Collision, Lorry hit Containr Vehicle,Lorry,Minor injury,Over speed,Four lanes or more with central divider,Straight road,,Fine,AP16TX  4955,P.V &A.M.B,Animals affected,0
12.04.2016,10:15 PM,1193.1,RHS,Rural,Martur,Collision Brush/Side Wipe, Container vehicle hit Tata ace vehicle ,Container,Non injury,Fault of driver of motor vehicle/driver of other vehicle/cyclist/pedestrian/passenger,Four lanes or more with central divider,Straight road,,Fine,TN85A  1431,P.V,Fatal,0
12.04.2016,10:15 PM,1193.1,RHS,Rural,Martur,Collision Brush/Side Wipe, Container vehicle hit Tata ace vehicle ,Container,Non injury,Fault of driver of motor vehicle/driver of other vehicle/cyclist/pedestrian/passenger,Four lanes or more with central divider,Straight road,,Fine,TN85A  1431,P.V,Grevious,0
12.04.2016,10:15 PM,1193.1,RHS,Rural,Martur,Collision Brush/Side Wipe, Container vehicle hit Tata ace vehicle ,Container,Non injury,Fault of driver of motor vehicle/driver of other vehicle/cyclist/pedestrian/passenger,Four lanes or more with central divider,Straight road,,Fine,TN85A  1431,P.V,Minor,0
12.04.2016,10:15 PM,1193.1,RHS,Rural,Martur,Collision Brush/Side Wipe, Container vehicle hit Tata ace vehicle ,Container,Non injury,Fault of driver of motor vehicle/driver of other vehicle/cyclist/pedestrian/passenger,Four lanes or more with central divider,Straight road,,Fine,TN85A  1431,P.V,Non injured ,2
12.04.2016,10:15 PM,1193.1,RHS,Rural,Martur,Collision Brush/Side Wipe, Container vehicle hit Tata ace vehicle ,Container,Non injury,Fault of driver of motor vehicle/driver of other vehicle/cyclist/pedestrian/passenger,Four lanes or more with central divider,Straight road,,Fine,TN85A  1431,P.V,Animals affected,0
13.04.2016,5:30 AM,1214.7,LHS,Rural,Medarametla,Rear End Collision, Container vehicle hit Lorry ,Container,Minor injury,Fault of driver of motor vehicle/driver of other vehicle/cyclist/pedestrian/passenger,Four lanes or more with central divider,Straight road,,Fine,AP37TA 4646,P.V,Fatal,0
13.04.2016,5:30 AM,1214.7,LHS,Rural,Medarametla,Rear End Collision, Container vehicle hit Lorry ,Container,Minor injury,Fault of driver of motor vehicle/driver of other vehicle/cyclist/pedestrian/passenger,Four lanes or more with central divider,Straight road,,Fine,AP37TA 4646,P.V,Grevious,0
13.04.2016,5:30 AM,1214.7,LHS,Rural,Medarametla,Rear End Collision, Container vehicle hit Lorry ,Container,Minor injury,Fault of driver of motor vehicle/driver of other vehicle/cyclist/pedestrian/passenger,Four lanes or more with central divider,Straight road,,Fine,AP37TA 4646,P.V,Minor,2
13.04.2016,5:30 AM,1214.7,LHS,Rural,Medarametla,Rear End Collision, Container vehicle hit Lorry ,Container,Minor injury,Fault of driver of motor vehicle/driver of other vehicle/cyclist/pedestrian/passenger,Four lanes or more with central divider,Straight road,,Fine,AP37TA 4646,P.V,Non injured ,1
13.04.2016,5:30 AM,1214.7,LHS,Rural,Medarametla,Rear End Collision, Container vehicle hit Lorry ,Container,Minor injury,Fault of driver of motor vehicle/driver of other vehicle/cyclist/pedestrian/passenger,Four lanes or more with central divider,Straight road,,Fine,AP37TA 4646,P.V,Animals affected,0
13.04.2016,10:40 AM,1296.5,RHS,Rural,Ulavapadu,Rear End Collision, Container Vehicle hit Unknown Vehicle,Container,Non injury,Over speed,Four lanes or more with central divider,Straight road,,Fine,AP28TA  7465,P.V,Fatal,0
13.04.2016,10:40 AM,1296.5,RHS,Rural,Ulavapadu,Rear End Collision, Container Vehicle hit Unknown Vehicle,Container,Non injury,Over speed,Four lanes or more with central divider,Straight road,,Fine,AP28TA  7465,P.V,Grevious,0
13.04.2016,10:40 AM,1296.5,RHS,Rural,Ulavapadu,Rear End Collision, Container Vehicle hit Unknown Vehicle,Container,Non injury,Over speed,Four lanes or more with central divider,Straight road,,Fine,AP28TA  7465,P.V,Minor,0
13.04.2016,10:40 AM,1296.5,RHS,Rural,Ulavapadu,Rear End Collision, Container Vehicle hit Unknown Vehicle,Container,Non injury,Over speed,Four lanes or more with central divider,Straight road,,Fine,AP28TA  7465,P.V,Non injured ,1
13.04.2016,10:40 AM,1296.5,RHS,Rural,Ulavapadu,Rear End Collision, Container Vehicle hit Unknown Vehicle,Container,Non injury,Over speed,Four lanes or more with central divider,Straight road,,Fine,AP28TA  7465,P.V,Animals affected,0
13.04.2016,7:45 PM,1273.8,RHS,Rural,Singarayakonda,Collision Brush/Side Wipe, Bike hit Pedestrian,Bike,Grievious injury,Over speed,Four lanes or more with central divider,Straight road,,Fine,AP26AH     9111,P.V &A.M.B,Fatal,0
13.04.2016,7:45 PM,1273.8,RHS,Rural,Singarayakonda,Collision Brush/Side Wipe, Bike hit Pedestrian,Bike,Grievious injury,Over speed,Four lanes or more with central divider,Straight road,,Fine,AP26AH     9111,P.V &A.M.B,Grevious,1
13.04.2016,7:45 PM,1273.8,RHS,Rural,Singarayakonda,Collision Brush/Side Wipe, Bike hit Pedestrian,Bike,Grievious injury,Over speed,Four lanes or more with central divider,Straight road,,Fine,AP26AH     9111,P.V &A.M.B,Minor,0
13.04.2016,7:45 PM,1273.8,RHS,Rural,Singarayakonda,Collision Brush/Side Wipe, Bike hit Pedestrian,Bike,Grievious injury,Over speed,Four lanes or more with central divider,Straight road,,Fine,AP26AH     9111,P.V &A.M.B,Non injured ,1
13.04.2016,7:45 PM,1273.8,RHS,Rural,Singarayakonda,Collision Brush/Side Wipe, Bike hit Pedestrian,Bike,Grievious injury,Over speed,Four lanes or more with central divider,Straight road,,Fine,AP26AH     9111,P.V &A.M.B,Animals affected,0
14.04.2016,5:05 AM,1264.6,RHS,Rural,Tangutur,Rear End Collision, Car hit Lorry ,Car,Fatal,Fault of driver of motor vehicle/driver of other vehicle/cyclist/pedestrian/passenger,Four lanes or more with central divider,Slight curve,,Fine,TN47X 9399,P.V&AMB,Fatal,4
14.04.2016,5:05 AM,1264.6,RHS,Rural,Tangutur,Rear End Collision, Car hit Lorry ,Car,Fatal,Fault of driver of motor vehicle/driver of other vehicle/cyclist/pedestrian/passenger,Four lanes or more with central divider,Slight curve,,Fine,TN47X 9399,P.V&AMB,Grevious,0
14.04.2016,5:05 AM,1264.6,RHS,Rural,Tangutur,Rear End Collision, Car hit Lorry ,Car,Fatal,Fault of driver of motor vehicle/driver of other vehicle/cyclist/pedestrian/passenger,Four lanes or more with central divider,Slight curve,,Fine,TN47X 9399,P.V&AMB,Minor,0
14.04.2016,5:05 AM,1264.6,RHS,Rural,Tangutur,Rear End Collision, Car hit Lorry ,Car,Fatal,Fault of driver of motor vehicle/driver of other vehicle/cyclist/pedestrian/passenger,Four lanes or more with central divider,Slight curve,,Fine,TN47X 9399,P.V&AMB,Non injured ,1
14.04.2016,5:05 AM,1264.6,RHS,Rural,Tangutur,Rear End Collision, Car hit Lorry ,Car,Fatal,Fault of driver of motor vehicle/driver of other vehicle/cyclist/pedestrian/passenger,Four lanes or more with central divider,Slight curve,,Fine,TN47X 9399,P.V&AMB,Animals affected,0
16.04.2016,4:15 AM,1185.8,LHS,Rural,Martur,Rear End Collision, Lorry hit     Lorry,Lorry,Grievious injury,Fault of driver of motor vehicle/driver of other vehicle/cyclist/pedestrian/passenger,Four lanes or more with central divider,Straight road,,Fine,AP16TB    8133,P.V,Fatal,0
16.04.2016,4:15 AM,1185.8,LHS,Rural,Martur,Rear End Collision, Lorry hit     Lorry,Lorry,Grievious injury,Fault of driver of motor vehicle/driver of other vehicle/cyclist/pedestrian/passenger,Four lanes or more with central divider,Straight road,,Fine,AP16TB    8133,P.V,Grevious,1
16.04.2016,4:15 AM,1185.8,LHS,Rural,Martur,Rear End Collision, Lorry hit     Lorry,Lorry,Grievious injury,Fault of driver of motor vehicle/driver of other vehicle/cyclist/pedestrian/passenger,Four lanes or more with central divider,Straight road,,Fine,AP16TB    8133,P.V,Minor,0
16.04.2016,4:15 AM,1185.8,LHS,Rural,Martur,Rear End Collision, Lorry hit     Lorry,Lorry,Grievious injury,Fault of driver of motor vehicle/driver of other vehicle/cyclist/pedestrian/passenger,Four lanes or more with central divider,Straight road,,Fine,AP16TB    8133,P.V,Non injured ,3
16.04.2016,4:15 AM,1185.8,LHS,Rural,Martur,Rear End Collision, Lorry hit     Lorry,Lorry,Grievious injury,Fault of driver of motor vehicle/driver of other vehicle/cyclist/pedestrian/passenger,Four lanes or more with central divider,Straight road,,Fine,AP16TB    8133,P.V,Animals affected,0
16.04.2016,11:02 AM,1230,RHS,Rural,Maddipadu,Rear End Collision, Car hit    Tractor,Car,Non injury,Over speed,Four lanes or more with central divider,Straight road,,Fine,TN09BP    1451,P.V,Fatal,0
16.04.2016,11:02 AM,1230,RHS,Rural,Maddipadu,Rear End Collision, Car hit    Tractor,Car,Non injury,Over speed,Four lanes or more with central divider,Straight road,,Fine,TN09BP    1451,P.V,Grevious,0
16.04.2016,11:02 AM,1230,RHS,Rural,Maddipadu,Rear End Collision, Car hit    Tractor,Car,Non injury,Over speed,Four lanes or more with central divider,Straight road,,Fine,TN09BP    1451,P.V,Minor,0
16.04.2016,11:02 AM,1230,RHS,Rural,Maddipadu,Rear End Collision, Car hit    Tractor,Car,Non injury,Over speed,Four lanes or more with central divider,Straight road,,Fine,TN09BP    1451,P.V,Non injured ,2
16.04.2016,11:02 AM,1230,RHS,Rural,Maddipadu,Rear End Collision, Car hit    Tractor,Car,Non injury,Over speed,Four lanes or more with central divider,Straight road,,Fine,TN09BP    1451,P.V,Animals affected,0
16.04.2016,7:00 PM,1241.5,RHS,Rural,Ongole,Collision Brush/Side Wipe, Bike hit Container Vehicle,Bike,Minor injury,Fault of driver of motor vehicle/driver of other vehicle/cyclist/pedestrian/passenger,Four lanes or more with central divider,Straight road,,Fine,AP27BD  5721,P.V,Fatal,0
16.04.2016,7:00 PM,1241.5,RHS,Rural,Ongole,Collision Brush/Side Wipe, Bike hit Container Vehicle,Bike,Minor injury,Fault of driver of motor vehicle/driver of other vehicle/cyclist/pedestrian/passenger,Four lanes or more with central divider,Straight road,,Fine,AP27BD  5721,P.V,Grevious,0
16.04.2016,7:00 PM,1241.5,RHS,Rural,Ongole,Collision Brush/Side Wipe, Bike hit Container Vehicle,Bike,Minor injury,Fault of driver of motor vehicle/driver of other vehicle/cyclist/pedestrian/passenger,Four lanes or more with central divider,Straight road,,Fine,AP27BD  5721,P.V,Minor,1
16.04.2016,7:00 PM,1241.5,RHS,Rural,Ongole,Collision Brush/Side Wipe, Bike hit Container Vehicle,Bike,Minor injury,Fault of driver of motor vehicle/driver of other vehicle/cyclist/pedestrian/passenger,Four lanes or more with central divider,Straight road,,Fine,AP27BD  5721,P.V,Non injured ,0
16.04.2016,7:00 PM,1241.5,RHS,Rural,Ongole,Collision Brush/Side Wipe, Bike hit Container Vehicle,Bike,Minor injury,Fault of driver of motor vehicle/driver of other vehicle/cyclist/pedestrian/passenger,Four lanes or more with central divider,Straight road,,Fine,AP27BD  5721,P.V,Animals affected,0
16.04.2016,10:20 PM,1201.4,LHS,Rural,Reningavaram,Skidding, Bike     Skidding,Bike,Minor injury,Over speed,Four lanes or more with central divider,Straight road,,Fine,AP27Q   2175,AMB,Fatal,0
16.04.2016,10:20 PM,1201.4,LHS,Rural,Reningavaram,Skidding, Bike     Skidding,Bike,Minor injury,Over speed,Four lanes or more with central divider,Straight road,,Fine,AP27Q   2175,AMB,Grevious,0
16.04.2016,10:20 PM,1201.4,LHS,Rural,Reningavaram,Skidding, Bike     Skidding,Bike,Minor injury,Over speed,Four lanes or more with central divider,Straight road,,Fine,AP27Q   2175,AMB,Minor,1
16.04.2016,10:20 PM,1201.4,LHS,Rural,Reningavaram,Skidding, Bike     Skidding,Bike,Minor injury,Over speed,Four lanes or more with central divider,Straight road,,Fine,AP27Q   2175,AMB,Non injured ,1
16.04.2016,10:20 PM,1201.4,LHS,Rural,Reningavaram,Skidding, Bike     Skidding,Bike,Minor injury,Over speed,Four lanes or more with central divider,Straight road,,Fine,AP27Q   2175,AMB,Animals affected,0
17.04.2016,8:05 AM,1328.7,RHS,Rural,Kavali,Collision Brush/Side Wipe, Container Vehicle hit Car,Container,Non injury,Fault of driver of motor vehicle/driver of other vehicle/cyclist/pedestrian/passenger,Two lanes,Straight road,,Fine,RJ 11GA   1268,P.V,Fatal,0
17.04.2016,8:05 AM,1328.7,RHS,Rural,Kavali,Collision Brush/Side Wipe, Container Vehicle hit Car,Container,Non injury,Fault of driver of motor vehicle/driver of other vehicle/cyclist/pedestrian/passenger,Two lanes,Straight road,,Fine,RJ 11GA   1268,P.V,Grevious,0
17.04.2016,8:05 AM,1328.7,RHS,Rural,Kavali,Collision Brush/Side Wipe, Container Vehicle hit Car,Container,Non injury,Fault of driver of motor vehicle/driver of other vehicle/cyclist/pedestrian/passenger,Two lanes,Straight road,,Fine,RJ 11GA   1268,P.V,Minor,0
17.04.2016,8:05 AM,1328.7,RHS,Rural,Kavali,Collision Brush/Side Wipe, Container Vehicle hit Car,Container,Non injury,Fault of driver of motor vehicle/driver of other vehicle/cyclist/pedestrian/passenger,Two lanes,Straight road,,Fine,RJ 11GA   1268,P.V,Non injured ,5
17.04.2016,8:05 AM,1328.7,RHS,Rural,Kavali,Collision Brush/Side Wipe, Container Vehicle hit Car,Container,Non injury,Fault of driver of motor vehicle/driver of other vehicle/cyclist/pedestrian/passenger,Two lanes,Straight road,,Fine,RJ 11GA   1268,P.V,Animals affected,0
17.04.2016,4:30 PM,1185.7,RHS,Rural,Martur,Collision Brush/Side Wipe, APSRTC Bus hit Bike,Bus,Minor injury,Over speed,Four lanes or more with central divider,Straight road,Four arm junction,Fine,AP29Z   0770,P.V,Fatal,0
17.04.2016,4:30 PM,1185.7,RHS,Rural,Martur,Collision Brush/Side Wipe, APSRTC Bus hit Bike,Bus,Minor injury,Over speed,Four lanes or more with central divider,Straight road,Four arm junction,Fine,AP29Z   0770,P.V,Grevious,0
17.04.2016,4:30 PM,1185.7,RHS,Rural,Martur,Collision Brush/Side Wipe, APSRTC Bus hit Bike,Bus,Minor injury,Over speed,Four lanes or more with central divider,Straight road,Four arm junction,Fine,AP29Z   0770,P.V,Minor,2
17.04.2016,4:30 PM,1185.7,RHS,Rural,Martur,Collision Brush/Side Wipe, APSRTC Bus hit Bike,Bus,Minor injury,Over speed,Four lanes or more with central divider,Straight road,Four arm junction,Fine,AP29Z   0770,P.V,Non injured ,20
17.04.2016,4:30 PM,1185.7,RHS,Rural,Martur,Collision Brush/Side Wipe, APSRTC Bus hit Bike,Bus,Minor injury,Over speed,Four lanes or more with central divider,Straight road,Four arm junction,Fine,AP29Z   0770,P.V,Animals affected,0
17.04.2016,6:20 PM,1185.8,LHS,Rural,Martur,Head on collision, Bike hit      TVS Moped,Bike,Grievious injury,Fault of driver of motor vehicle/driver of other vehicle/cyclist/pedestrian/passenger,Four lanes or more with central divider,Straight road,,Fine,AP07CF    8282,P.V,Fatal,0
17.04.2016,6:20 PM,1185.8,LHS,Rural,Martur,Head on collision, Bike hit      TVS Moped,Bike,Grievious injury,Fault of driver of motor vehicle/driver of other vehicle/cyclist/pedestrian/passenger,Four lanes or more with central divider,Straight road,,Fine,AP07CF    8282,P.V,Grevious,1
17.04.2016,6:20 PM,1185.8,LHS,Rural,Martur,Head on collision, Bike hit      TVS Moped,Bike,Grievious injury,Fault of driver of motor vehicle/driver of other vehicle/cyclist/pedestrian/passenger,Four lanes or more with central divider,Straight road,,Fine,AP07CF    8282,P.V,Minor,0
17.04.2016,6:20 PM,1185.8,LHS,Rural,Martur,Head on collision, Bike hit      TVS Moped,Bike,Grievious injury,Fault of driver of motor vehicle/driver of other vehicle/cyclist/pedestrian/passenger,Four lanes or more with central divider,Straight road,,Fine,AP07CF    8282,P.V,Non injured ,2
17.04.2016,6:20 PM,1185.8,LHS,Rural,Martur,Head on collision, Bike hit      TVS Moped,Bike,Grievious injury,Fault of driver of motor vehicle/driver of other vehicle/cyclist/pedestrian/passenger,Four lanes or more with central divider,Straight road,,Fine,AP07CF    8282,P.V,Animals affected,0
17.04.2016,8:13 PM,1269,RHS,Rural,Jarugumalli,Collision Brush/Side Wipe, Car hit    Median,Car,Non injury,Over speed,Four lanes or more with central divider,Straight road,,Fine,AP05CK    8999,P.V,Fatal,0
17.04.2016,8:13 PM,1269,RHS,Rural,Jarugumalli,Collision Brush/Side Wipe, Car hit    Median,Car,Non injury,Over speed,Four lanes or more with central divider,Straight road,,Fine,AP05CK    8999,P.V,Grevious,0
17.04.2016,8:13 PM,1269,RHS,Rural,Jarugumalli,Collision Brush/Side Wipe, Car hit    Median,Car,Non injury,Over speed,Four lanes or more with central divider,Straight road,,Fine,AP05CK    8999,P.V,Minor,0
17.04.2016,8:13 PM,1269,RHS,Rural,Jarugumalli,Collision Brush/Side Wipe, Car hit    Median,Car,Non injury,Over speed,Four lanes or more with central divider,Straight road,,Fine,AP05CK    8999,P.V,Non injured ,2
17.04.2016,8:13 PM,1269,RHS,Rural,Jarugumalli,Collision Brush/Side Wipe, Car hit    Median,Car,Non injury,Over speed,Four lanes or more with central divider,Straight road,,Fine,AP05CK    8999,P.V,Animals affected,0
18.04.2016,7:55 AM,1197.6,RHS,Rural,Martur,Collision Brush/Side Wipe, Car hit Container Vehicle,Car,Non injury,Fault of driver of motor vehicle/driver of other vehicle/cyclist/pedestrian/passenger,Four lanes or more with central divider,Straight road,T-Junction,Fine,AP27AW 2340,P.V,Fatal,0
18.04.2016,7:55 AM,1197.6,RHS,Rural,Martur,Collision Brush/Side Wipe, Car hit Container Vehicle,Car,Non injury,Fault of driver of motor vehicle/driver of other vehicle/cyclist/pedestrian/passenger,Four lanes or more with central divider,Straight road,T-Junction,Fine,AP27AW 2340,P.V,Grevious,0
18.04.2016,7:55 AM,1197.6,RHS,Rural,Martur,Collision Brush/Side Wipe, Car hit Container Vehicle,Car,Non injury,Fault of driver of motor vehicle/driver of other vehicle/cyclist/pedestrian/passenger,Four lanes or more with central divider,Straight road,T-Junction,Fine,AP27AW 2340,P.V,Minor,0
18.04.2016,7:55 AM,1197.6,RHS,Rural,Martur,Collision Brush/Side Wipe, Car hit Container Vehicle,Car,Non injury,Fault of driver of motor vehicle/driver of other vehicle/cyclist/pedestrian/passenger,Four lanes or more with central divider,Straight road,T-Junction,Fine,AP27AW 2340,P.V,Non injured ,4
18.04.2016,7:55 AM,1197.6,RHS,Rural,Martur,Collision Brush/Side Wipe, Car hit Container Vehicle,Car,Non injury,Fault of driver of motor vehicle/driver of other vehicle/cyclist/pedestrian/passenger,Four lanes or more with central divider,Straight road,T-Junction,Fine,AP27AW 2340,P.V,Animals affected,0
18.04.2016,5:55 PM,1307.2,RHS,Rural,Gudluru,Collision Brush/Side Wipe, Car hit TVS XL Moped,Car,Minor injury,Fault of driver of motor vehicle/driver of other vehicle/cyclist/pedestrian/passenger,Four lanes or more with central divider,Straight road,Four arm junction,Fine,AP27AF 7888,P.V,Fatal,0
18.04.2016,5:55 PM,1307.2,RHS,Rural,Gudluru,Collision Brush/Side Wipe, Car hit TVS XL Moped,Car,Minor injury,Fault of driver of motor vehicle/driver of other vehicle/cyclist/pedestrian/passenger,Four lanes or more with central divider,Straight road,Four arm junction,Fine,AP27AF 7888,P.V,Grevious,0
18.04.2016,5:55 PM,1307.2,RHS,Rural,Gudluru,Collision Brush/Side Wipe, Car hit TVS XL Moped,Car,Minor injury,Fault of driver of motor vehicle/driver of other vehicle/cyclist/pedestrian/passenger,Four lanes or more with central divider,Straight road,Four arm junction,Fine,AP27AF 7888,P.V,Minor,1
18.04.2016,5:55 PM,1307.2,RHS,Rural,Gudluru,Collision Brush/Side Wipe, Car hit TVS XL Moped,Car,Minor injury,Fault of driver of motor vehicle/driver of other vehicle/cyclist/pedestrian/passenger,Four lanes or more with central divider,Straight road,Four arm junction,Fine,AP27AF 7888,P.V,Non injured ,4
18.04.2016,5:55 PM,1307.2,RHS,Rural,Gudluru,Collision Brush/Side Wipe, Car hit TVS XL Moped,Car,Minor injury,Fault of driver of motor vehicle/driver of other vehicle/cyclist/pedestrian/passenger,Four lanes or more with central divider,Straight road,Four arm junction,Fine,AP27AF 7888,P.V,Animals affected,0
19.04.2016,10:30 AM,1217.6,RHS,Rural,Medarametla,Collision Brush/Side Wipe,JCB Vehicle hit Bike ,JCB,Grievious injury,Over speed,Four lanes or more with central divider,Straight road,,Fine,AP27AW  2042,P.V &A.M.B,Fatal,0
19.04.2016,10:30 AM,1217.6,RHS,Rural,Medarametla,Collision Brush/Side Wipe,JCB Vehicle hit Bike ,JCB,Grievious injury,Over speed,Four lanes or more with central divider,Straight road,,Fine,AP27AW  2042,P.V &A.M.B,Grevious,2
19.04.2016,10:30 AM,1217.6,RHS,Rural,Medarametla,Collision Brush/Side Wipe,JCB Vehicle hit Bike ,JCB,Grievious injury,Over speed,Four lanes or more with central divider,Straight road,,Fine,AP27AW  2042,P.V &A.M.B,Minor,0
19.04.2016,10:30 AM,1217.6,RHS,Rural,Medarametla,Collision Brush/Side Wipe,JCB Vehicle hit Bike ,JCB,Grievious injury,Over speed,Four lanes or more with central divider,Straight road,,Fine,AP27AW  2042,P.V &A.M.B,Non injured ,0
19.04.2016,10:30 AM,1217.6,RHS,Rural,Medarametla,Collision Brush/Side Wipe,JCB Vehicle hit Bike ,JCB,Grievious injury,Over speed,Four lanes or more with central divider,Straight road,,Fine,AP27AW  2042,P.V &A.M.B,Animals affected,0
19.04.2016,1:33 PM,1264.1,RHS,Rural,Tangutur,Overturning, Tata Ace Vehicle overturned,Tata Ace,Grievious injury,Over speed,Four lanes or more with central divider,Straight road,,Fine,AP16TC 1129,P.V &A.M.B,Fatal,0
19.04.2016,1:33 PM,1264.1,RHS,Rural,Tangutur,Overturning, Tata Ace Vehicle overturned,Tata Ace,Grievious injury,Over speed,Four lanes or more with central divider,Straight road,,Fine,AP16TC 1129,P.V &A.M.B,Grevious,1
19.04.2016,1:33 PM,1264.1,RHS,Rural,Tangutur,Overturning, Tata Ace Vehicle overturned,Tata Ace,Grievious injury,Over speed,Four lanes or more with central divider,Straight road,,Fine,AP16TC 1129,P.V &A.M.B,Minor,0
19.04.2016,1:33 PM,1264.1,RHS,Rural,Tangutur,Overturning, Tata Ace Vehicle overturned,Tata Ace,Grievious injury,Over speed,Four lanes or more with central divider,Straight road,,Fine,AP16TC 1129,P.V &A.M.B,Non injured ,0
19.04.2016,1:33 PM,1264.1,RHS,Rural,Tangutur,Overturning, Tata Ace Vehicle overturned,Tata Ace,Grievious injury,Over speed,Four lanes or more with central divider,Straight road,,Fine,AP16TC 1129,P.V &A.M.B,Animals affected,0
20.04.2016,7:50 PM,1326,LHS,Rural,Kavali,Collision Brush/Side Wipe, RTC Bus hit Safety pole,Bus,Grievious injury,Fault of driver of motor vehicle/driver of other vehicle/cyclist/pedestrian/passenger,Four lanes or more with central divider,Straight road,,Fine,AP26Z  0118,A.M.B,Fatal,0
20.04.2016,7:50 PM,1326,LHS,Rural,Kavali,Collision Brush/Side Wipe, RTC Bus hit Safety pole,Bus,Grievious injury,Fault of driver of motor vehicle/driver of other vehicle/cyclist/pedestrian/passenger,Four lanes or more with central divider,Straight road,,Fine,AP26Z  0118,A.M.B,Grevious,1