Operational date,Time of Accident,KM && M,Position,Rural/Urban,Location,Nature of Accident Position,Nature of Accident,Vehicle Involved,Type of Accident,Causes,Road Feature,Road condition,Intersection Type And Control,Weather Condition,Vehicle Responsible,Help Provided by Ambulance/Patroling Vehicle,Classification of Accident,No of Affected Persons
20.04.2016,7:50 PM,1326,LHS,Rural,Kavali,Collision Brush/Side Wipe, RTC Bus hit Safety pole,Bus,Grievious injury,Fault of driver of motor vehicle/driver of other vehicle/cyclist/pedestrian/passenger,Four lanes or more with central divider,Straight road,,Fine,AP26Z  0118,A.M.B,Minor,0
20.04.2016,7:50 PM,1326,LHS,Rural,Kavali,Collision Brush/Side Wipe, RTC Bus hit Safety pole,Bus,Grievious injury,Fault of driver of motor vehicle/driver of other vehicle/cyclist/pedestrian/passenger,Four lanes or more with central divider,Straight road,,Fine,AP26Z  0118,A.M.B,Non injured ,25
20.04.2016,7:50 PM,1326,LHS,Rural,Kavali,Collision Brush/Side Wipe, RTC Bus hit Safety pole,Bus,Grievious injury,Fault of driver of motor vehicle/driver of other vehicle/cyclist/pedestrian/passenger,Four lanes or more with central divider,Straight road,,Fine,AP26Z  0118,A.M.B,Animals affected,0
22.04.2016,2:15 AM,1363.1,LHS,Rural,Kovuru,Rear End Collision, Unknown Vehicle hit Car,Unknown,Grievious injury,Over speed,Four lanes or more with central divider,Straight road,,Fine,Unknown vehicle ,P.V,Fatal,0
22.04.2016,2:15 AM,1363.1,LHS,Rural,Kovuru,Rear End Collision, Unknown Vehicle hit Car,Unknown,Grievious injury,Over speed,Four lanes or more with central divider,Straight road,,Fine,Unknown vehicle ,P.V,Grevious,1
22.04.2016,2:15 AM,1363.1,LHS,Rural,Kovuru,Rear End Collision, Unknown Vehicle hit Car,Unknown,Grievious injury,Over speed,Four lanes or more with central divider,Straight road,,Fine,Unknown vehicle ,P.V,Minor,0
22.04.2016,2:15 AM,1363.1,LHS,Rural,Kovuru,Rear End Collision, Unknown Vehicle hit Car,Unknown,Grievious injury,Over speed,Four lanes or more with central divider,Straight road,,Fine,Unknown vehicle ,P.V,Non injured ,8
22.04.2016,2:15 AM,1363.1,LHS,Rural,Kovuru,Rear End Collision, Unknown Vehicle hit Car,Unknown,Grievious injury,Over speed,Four lanes or more with central divider,Straight road,,Fine,Unknown vehicle ,P.V,Animals affected,0
22.04.2016,3:12 PM,1239.3,RHS,Rural,Maddipadu,Rear End Collision, Lorry hit RTC Bus ,Lorry,Grievious injury,Fault of driver of motor vehicle/driver of other vehicle/cyclist/pedestrian/passenger,Two lanes,Straight road,,Fine,TN18L 1768,P.V,Fatal,0
22.04.2016,3:12 PM,1239.3,RHS,Rural,Maddipadu,Rear End Collision, Lorry hit RTC Bus ,Lorry,Grievious injury,Fault of driver of motor vehicle/driver of other vehicle/cyclist/pedestrian/passenger,Two lanes,Straight road,,Fine,TN18L 1768,P.V,Grevious,3
22.04.2016,3:12 PM,1239.3,RHS,Rural,Maddipadu,Rear End Collision, Lorry hit RTC Bus ,Lorry,Grievious injury,Fault of driver of motor vehicle/driver of other vehicle/cyclist/pedestrian/passenger,Two lanes,Straight road,,Fine,TN18L 1768,P.V,Minor,1
22.04.2016,3:12 PM,1239.3,RHS,Rural,Maddipadu,Rear End Collision, Lorry hit RTC Bus ,Lorry,Grievious injury,Fault of driver of motor vehicle/driver of other vehicle/cyclist/pedestrian/passenger,Two lanes,Straight road,,Fine,TN18L 1768,P.V,Non injured ,50
22.04.2016,3:12 PM,1239.3,RHS,Rural,Maddipadu,Rear End Collision, Lorry hit RTC Bus ,Lorry,Grievious injury,Fault of driver of motor vehicle/driver of other vehicle/cyclist/pedestrian/passenger,Two lanes,Straight road,,Fine,TN18L 1768,P.V,Animals affected,0
22.04.2016,10:45 PM,1202,RHS,Rural,Reningavaram,Skidding, Bike skidding,Bike,Grievious injury,Fault of driver of motor vehicle/driver of other vehicle/cyclist/pedestrian/passenger,Four lanes or more with central divider,Straight road,,Fine,AP24A  1621,P.V&AMB,Fatal,0
22.04.2016,10:45 PM,1202,RHS,Rural,Reningavaram,Skidding, Bike skidding,Bike,Grievious injury,Fault of driver of motor vehicle/driver of other vehicle/cyclist/pedestrian/passenger,Four lanes or more with central divider,Straight road,,Fine,AP24A  1621,P.V&AMB,Grevious,1
22.04.2016,10:45 PM,1202,RHS,Rural,Reningavaram,Skidding, Bike skidding,Bike,Grievious injury,Fault of driver of motor vehicle/driver of other vehicle/cyclist/pedestrian/passenger,Four lanes or more with central divider,Straight road,,Fine,AP24A  1621,P.V&AMB,Minor,2
22.04.2016,10:45 PM,1202,RHS,Rural,Reningavaram,Skidding, Bike skidding,Bike,Grievious injury,Fault of driver of motor vehicle/driver of other vehicle/cyclist/pedestrian/passenger,Four lanes or more with central divider,Straight road,,Fine,AP24A  1621,P.V&AMB,Non injured ,0
22.04.2016,10:45 PM,1202,RHS,Rural,Reningavaram,Skidding, Bike skidding,Bike,Grievious injury,Fault of driver of motor vehicle/driver of other vehicle/cyclist/pedestrian/passenger,Four lanes or more with central divider,Straight road,,Fine,AP24A  1621,P.V&AMB,Animals affected,0
23.04.2016,5:40 AM,1196.7,LHS,Rural,Martur,Overturning, Tata Ace mini truk overturned,Tata Ace,Minor injury,Fault of driver of motor vehicle/driver of other vehicle/cyclist/pedestrian/passenger,Four lanes or more with central divider,Straight road,,Fine,AP16TG 0785,P.V & A.M.B,Fatal,0
23.04.2016,5:40 AM,1196.7,LHS,Rural,Martur,Overturning, Tata Ace mini truk overturned,Tata Ace,Minor injury,Fault of driver of motor vehicle/driver of other vehicle/cyclist/pedestrian/passenger,Four lanes or more with central divider,Straight road,,Fine,AP16TG 0785,P.V & A.M.B,Grevious,0
23.04.2016,5:40 AM,1196.7,LHS,Rural,Martur,Overturning, Tata Ace mini truk overturned,Tata Ace,Minor injury,Fault of driver of motor vehicle/driver of other vehicle/cyclist/pedestrian/passenger,Four lanes or more with central divider,Straight road,,Fine,AP16TG 0785,P.V & A.M.B,Minor,1
23.04.2016,5:40 AM,1196.7,LHS,Rural,Martur,Overturning, Tata Ace mini truk overturned,Tata Ace,Minor injury,Fault of driver of motor vehicle/driver of other vehicle/cyclist/pedestrian/passenger,Four lanes or more with central divider,Straight road,,Fine,AP16TG 0785,P.V & A.M.B,Non injured ,0
23.04.2016,5:40 AM,1196.7,LHS,Rural,Martur,Overturning, Tata Ace mini truk overturned,Tata Ace,Minor injury,Fault of driver of motor vehicle/driver of other vehicle/cyclist/pedestrian/passenger,Four lanes or more with central divider,Straight road,,Fine,AP16TG 0785,P.V & A.M.B,Animals affected,0
23.04.2016,5:40 AM,1334.4,LHS,Rural,K.Tippa ,Collision Brush/Side Wipe, Mini Truk hit Inter Median,Lorry,Minor injury,Fault of driver of motor vehicle/driver of other vehicle/cyclist/pedestrian/passenger,Two lanes,Straight road,,Fine,AP07TG  2895,P.V,Fatal,0
23.04.2016,5:40 AM,1334.4,LHS,Rural,K.Tippa ,Collision Brush/Side Wipe, Mini Truk hit Inter Median,Lorry,Minor injury,Fault of driver of motor vehicle/driver of other vehicle/cyclist/pedestrian/passenger,Two lanes,Straight road,,Fine,AP07TG  2895,P.V,Grevious,0
23.04.2016,5:40 AM,1334.4,LHS,Rural,K.Tippa ,Collision Brush/Side Wipe, Mini Truk hit Inter Median,Lorry,Minor injury,Fault of driver of motor vehicle/driver of other vehicle/cyclist/pedestrian/passenger,Two lanes,Straight road,,Fine,AP07TG  2895,P.V,Minor,3
23.04.2016,5:40 AM,1334.4,LHS,Rural,K.Tippa ,Collision Brush/Side Wipe, Mini Truk hit Inter Median,Lorry,Minor injury,Fault of driver of motor vehicle/driver of other vehicle/cyclist/pedestrian/passenger,Two lanes,Straight road,,Fine,AP07TG  2895,P.V,Non injured ,0
23.04.2016,5:40 AM,1334.4,LHS,Rural,K.Tippa ,Collision Brush/Side Wipe, Mini Truk hit Inter Median,Lorry,Minor injury,Fault of driver of motor vehicle/driver of other vehicle/cyclist/pedestrian/passenger,Two lanes,Straight road,,Fine,AP07TG  2895,P.V,Animals affected,0
23.04.2016,12:20 PM,1281,LHS,Rural,Singarayakonda,Overturning, Car overturned,Car,Non injury,Druken,Four lanes or more with central divider,Straight road,,Fine,AP26AB 4628,P.V,Fatal,0
23.04.2016,12:20 PM,1281,LHS,Rural,Singarayakonda,Overturning, Car overturned,Car,Non injury,Druken,Four lanes or more with central divider,Straight road,,Fine,AP26AB 4628,P.V,Grevious,0
23.04.2016,12:20 PM,1281,LHS,Rural,Singarayakonda,Overturning, Car overturned,Car,Non injury,Druken,Four lanes or more with central divider,Straight road,,Fine,AP26AB 4628,P.V,Minor,0
23.04.2016,12:20 PM,1281,LHS,Rural,Singarayakonda,Overturning, Car overturned,Car,Non injury,Druken,Four lanes or more with central divider,Straight road,,Fine,AP26AB 4628,P.V,Non injured ,2
23.04.2016,12:20 PM,1281,LHS,Rural,Singarayakonda,Overturning, Car overturned,Car,Non injury,Druken,Four lanes or more with central divider,Straight road,,Fine,AP26AB 4628,P.V,Animals affected,0
23.04.2016,3:43 PM,1185.6,LHS,Rural,Martur,Collision Brush/Side Wipe, Unknown vehicle hit Ape Auto,Unknown,Minor injury,Over speed,Three lanes or more without central divider(median),Straight road,Four arm junction,Fine,Unknown vehicle,P.V&AMB,Fatal,0
23.04.2016,3:43 PM,1185.6,LHS,Rural,Martur,Collision Brush/Side Wipe, Unknown vehicle hit Ape Auto,Unknown,Minor injury,Over speed,Three lanes or more without central divider(median),Straight road,Four arm junction,Fine,Unknown vehicle,P.V&AMB,Grevious,0
23.04.2016,3:43 PM,1185.6,LHS,Rural,Martur,Collision Brush/Side Wipe, Unknown vehicle hit Ape Auto,Unknown,Minor injury,Over speed,Three lanes or more without central divider(median),Straight road,Four arm junction,Fine,Unknown vehicle,P.V&AMB,Minor,1
23.04.2016,3:43 PM,1185.6,LHS,Rural,Martur,Collision Brush/Side Wipe, Unknown vehicle hit Ape Auto,Unknown,Minor injury,Over speed,Three lanes or more without central divider(median),Straight road,Four arm junction,Fine,Unknown vehicle,P.V&AMB,Non injured ,1
23.04.2016,3:43 PM,1185.6,LHS,Rural,Martur,Collision Brush/Side Wipe, Unknown vehicle hit Ape Auto,Unknown,Minor injury,Over speed,Three lanes or more without central divider(median),Straight road,Four arm junction,Fine,Unknown vehicle,P.V&AMB,Animals affected,0
25.04.2016,4:15 AM,1285.4,LHS,Rural,Ulavapadu,Rear End Collision, Tempo Traveller hit Lorry,Van,Minor injury,Over speed,Four lanes or more with central divider,Straight road,,Fine,AP07TF   3339,P.V,Fatal,0
25.04.2016,4:15 AM,1285.4,LHS,Rural,Ulavapadu,Rear End Collision, Tempo Traveller hit Lorry,Van,Minor injury,Over speed,Four lanes or more with central divider,Straight road,,Fine,AP07TF   3339,P.V,Grevious,0
25.04.2016,4:15 AM,1285.4,LHS,Rural,Ulavapadu,Rear End Collision, Tempo Traveller hit Lorry,Van,Minor injury,Over speed,Four lanes or more with central divider,Straight road,,Fine,AP07TF   3339,P.V,Minor,3
25.04.2016,4:15 AM,1285.4,LHS,Rural,Ulavapadu,Rear End Collision, Tempo Traveller hit Lorry,Van,Minor injury,Over speed,Four lanes or more with central divider,Straight road,,Fine,AP07TF   3339,P.V,Non injured ,8
25.04.2016,4:15 AM,1285.4,LHS,Rural,Ulavapadu,Rear End Collision, Tempo Traveller hit Lorry,Van,Minor injury,Over speed,Four lanes or more with central divider,Straight road,,Fine,AP07TF   3339,P.V,Animals affected,0
25.04.2016,6:58 PM,1326.7,RHS,Rural,Kavali,Collision Brush/Side Wipe, Bike hit Pedestrian,Bike,Grievious injury,Over speed,Four lanes or more with central divider,Straight road,,Fine,AP26BB   2566,P.V&AMB,Fatal,0
25.04.2016,6:58 PM,1326.7,RHS,Rural,Kavali,Collision Brush/Side Wipe, Bike hit Pedestrian,Bike,Grievious injury,Over speed,Four lanes or more with central divider,Straight road,,Fine,AP26BB   2566,P.V&AMB,Grevious,1
25.04.2016,6:58 PM,1326.7,RHS,Rural,Kavali,Collision Brush/Side Wipe, Bike hit Pedestrian,Bike,Grievious injury,Over speed,Four lanes or more with central divider,Straight road,,Fine,AP26BB   2566,P.V&AMB,Minor,1
25.04.2016,6:58 PM,1326.7,RHS,Rural,Kavali,Collision Brush/Side Wipe, Bike hit Pedestrian,Bike,Grievious injury,Over speed,Four lanes or more with central divider,Straight road,,Fine,AP26BB   2566,P.V&AMB,Non injured ,0
25.04.2016,6:58 PM,1326.7,RHS,Rural,Kavali,Collision Brush/Side Wipe, Bike hit Pedestrian,Bike,Grievious injury,Over speed,Four lanes or more with central divider,Straight road,,Fine,AP26BB   2566,P.V&AMB,Animals affected,0
25.04.2016,11:05 PM,1330,LHS,Rural,Kavali,Collision Brush/Side Wipe, APSRTC Bus hit Lorry,Bus,Fatal,Defect in mechanical condition of motor vehicle/road condition,Four lanes or more with central divider,Straight road,,Fine,AP26Z   0176,P.V&AMB,Fatal,2
25.04.2016,11:05 PM,1330,LHS,Rural,Kavali,Collision Brush/Side Wipe, APSRTC Bus hit Lorry,Bus,Fatal,Defect in mechanical condition of motor vehicle/road condition,Four lanes or more with central divider,Straight road,,Fine,AP26Z   0176,P.V&AMB,Grevious,2
25.04.2016,11:05 PM,1330,LHS,Rural,Kavali,Collision Brush/Side Wipe, APSRTC Bus hit Lorry,Bus,Fatal,Defect in mechanical condition of motor vehicle/road condition,Four lanes or more with central divider,Straight road,,Fine,AP26Z   0176,P.V&AMB,Minor,4
25.04.2016,11:05 PM,1330,LHS,Rural,Kavali,Collision Brush/Side Wipe, APSRTC Bus hit Lorry,Bus,Fatal,Defect in mechanical condition of motor vehicle/road condition,Four lanes or more with central divider,Straight road,,Fine,AP26Z   0176,P.V&AMB,Non injured ,40
25.04.2016,11:05 PM,1330,LHS,Rural,Kavali,Collision Brush/Side Wipe, APSRTC Bus hit Lorry,Bus,Fatal,Defect in mechanical condition of motor vehicle/road condition,Four lanes or more with central divider,Straight road,,Fine,AP26Z   0176,P.V&AMB,Animals affected,0
26.04.2016,6:05 PM,1325.1,RHS,Rural,Kavali,Collision Brush/Side Wipe, Unknown Vehicle hit Scooter,Unknown,Grievious injury,Over speed,Four lanes or more with central divider,Straight road,,Fine,Unknown Vehicle,P.V&AMB,Fatal,0
26.04.2016,6:05 PM,1325.1,RHS,Rural,Kavali,Collision Brush/Side Wipe, Unknown Vehicle hit Scooter,Unknown,Grievious injury,Over speed,Four lanes or more with central divider,Straight road,,Fine,Unknown Vehicle,P.V&AMB,Grevious,1
26.04.2016,6:05 PM,1325.1,RHS,Rural,Kavali,Collision Brush/Side Wipe, Unknown Vehicle hit Scooter,Unknown,Grievious injury,Over speed,Four lanes or more with central divider,Straight road,,Fine,Unknown Vehicle,P.V&AMB,Minor,0
26.04.2016,6:05 PM,1325.1,RHS,Rural,Kavali,Collision Brush/Side Wipe, Unknown Vehicle hit Scooter,Unknown,Grievious injury,Over speed,Four lanes or more with central divider,Straight road,,Fine,Unknown Vehicle,P.V&AMB,Non injured ,0
26.04.2016,6:05 PM,1325.1,RHS,Rural,Kavali,Collision Brush/Side Wipe, Unknown Vehicle hit Scooter,Unknown,Grievious injury,Over speed,Four lanes or more with central divider,Straight road,,Fine,Unknown Vehicle,P.V&AMB,Animals affected,0
27.04.2016,5:30 PM,1207.9,RHS,Rural,Reningavaram,Collision Brush/Side Wipe, Unknown Vehicle hit Car,Unknown,Fatal,Over speed,Four lanes or more with central divider,Sharp curve,,Fine,Unknown Vehicle,P.V&AMB,Fatal,1
27.04.2016,5:30 PM,1207.9,RHS,Rural,Reningavaram,Collision Brush/Side Wipe, Unknown Vehicle hit Car,Unknown,Fatal,Over speed,Four lanes or more with central divider,Sharp curve,,Fine,Unknown Vehicle,P.V&AMB,Grevious,3
27.04.2016,5:30 PM,1207.9,RHS,Rural,Reningavaram,Collision Brush/Side Wipe, Unknown Vehicle hit Car,Unknown,Fatal,Over speed,Four lanes or more with central divider,Sharp curve,,Fine,Unknown Vehicle,P.V&AMB,Minor,0
27.04.2016,5:30 PM,1207.9,RHS,Rural,Reningavaram,Collision Brush/Side Wipe, Unknown Vehicle hit Car,Unknown,Fatal,Over speed,Four lanes or more with central divider,Sharp curve,,Fine,Unknown Vehicle,P.V&AMB,Non injured ,1
27.04.2016,5:30 PM,1207.9,RHS,Rural,Reningavaram,Collision Brush/Side Wipe, Unknown Vehicle hit Car,Unknown,Fatal,Over speed,Four lanes or more with central divider,Sharp curve,,Fine,Unknown Vehicle,P.V&AMB,Animals affected,0
28.04.2016,6:55 AM,1359.7,RHS,Rural,Kodavaluru,Rear End Collision, Car hit Ape Auto ,Car,Grievious injury,Over speed,Four lanes or more with central divider,Straight road,,Fine,TN01AF 1308,P.V&AMB,Fatal,0
28.04.2016,6:55 AM,1359.7,RHS,Rural,Kodavaluru,Rear End Collision, Car hit Ape Auto ,Car,Grievious injury,Over speed,Four lanes or more with central divider,Straight road,,Fine,TN01AF 1308,P.V&AMB,Grevious,4
28.04.2016,6:55 AM,1359.7,RHS,Rural,Kodavaluru,Rear End Collision, Car hit Ape Auto ,Car,Grievious injury,Over speed,Four lanes or more with central divider,Straight road,,Fine,TN01AF 1308,P.V&AMB,Minor,5
28.04.2016,6:55 AM,1359.7,RHS,Rural,Kodavaluru,Rear End Collision, Car hit Ape Auto ,Car,Grievious injury,Over speed,Four lanes or more with central divider,Straight road,,Fine,TN01AF 1308,P.V&AMB,Non injured ,0
28.04.2016,6:55 AM,1359.7,RHS,Rural,Kodavaluru,Rear End Collision, Car hit Ape Auto ,Car,Grievious injury,Over speed,Four lanes or more with central divider,Straight road,,Fine,TN01AF 1308,P.V&AMB,Animals affected,0
29.04.2016,12:50 AM,1306.1,LHS,Rural,Gudluru,Collision Brush/Side Wipe, Unknown Vehicle hit Pedestrian,Unknown,Fatal,Over speed,Four lanes or more with central divider,Straight road,,Fine,Unknown Vehicle,P.V,Fatal,1
29.04.2016,12:50 AM,1306.1,LHS,Rural,Gudluru,Collision Brush/Side Wipe, Unknown Vehicle hit Pedestrian,Unknown,Fatal,Over speed,Four lanes or more with central divider,Straight road,,Fine,Unknown Vehicle,P.V,Grevious,0
29.04.2016,12:50 AM,1306.1,LHS,Rural,Gudluru,Collision Brush/Side Wipe, Unknown Vehicle hit Pedestrian,Unknown,Fatal,Over speed,Four lanes or more with central divider,Straight road,,Fine,Unknown Vehicle,P.V,Minor,0
29.04.2016,12:50 AM,1306.1,LHS,Rural,Gudluru,Collision Brush/Side Wipe, Unknown Vehicle hit Pedestrian,Unknown,Fatal,Over speed,Four lanes or more with central divider,Straight road,,Fine,Unknown Vehicle,P.V,Non injured ,0
29.04.2016,12:50 AM,1306.1,LHS,Rural,Gudluru,Collision Brush/Side Wipe, Unknown Vehicle hit Pedestrian,Unknown,Fatal,Over speed,Four lanes or more with central divider,Straight road,,Fine,Unknown Vehicle,P.V,Animals affected,0
30.04.2016,4:26 AM,1314.5,LHS,Rural,Kavali,Rear End Collision, Car hit Lorry,Car,Fatal,Fault of driver of motor vehicle/driver of other vehicle/cyclist/pedestrian/passenger,Four lanes or more with central divider,Straight road,,Fine,AP16TD  5888,P.V&AMB,Fatal,2
30.04.2016,4:26 AM,1314.5,LHS,Rural,Kavali,Rear End Collision, Car hit Lorry,Car,Fatal,Fault of driver of motor vehicle/driver of other vehicle/cyclist/pedestrian/passenger,Four lanes or more with central divider,Straight road,,Fine,AP16TD  5888,P.V&AMB,Grevious,4
30.04.2016,4:26 AM,1314.5,LHS,Rural,Kavali,Rear End Collision, Car hit Lorry,Car,Fatal,Fault of driver of motor vehicle/driver of other vehicle/cyclist/pedestrian/passenger,Four lanes or more with central divider,Straight road,,Fine,AP16TD  5888,P.V&AMB,Minor,0
30.04.2016,4:26 AM,1314.5,LHS,Rural,Kavali,Rear End Collision, Car hit Lorry,Car,Fatal,Fault of driver of motor vehicle/driver of other vehicle/cyclist/pedestrian/passenger,Four lanes or more with central divider,Straight road,,Fine,AP16TD  5888,P.V&AMB,Non injured ,1
30.04.2016,4:26 AM,1314.5,LHS,Rural,Kavali,Rear End Collision, Car hit Lorry,Car,Fatal,Fault of driver of motor vehicle/driver of other vehicle/cyclist/pedestrian/passenger,Four lanes or more with central divider,Straight road,,Fine,AP16TD  5888,P.V&AMB,Animals affected,0
30.04.2016,11:17 PM,1224.3,RHS,Rural,Maddipadu,Rear End Collision, Container Vehicle  hit Harvester,Container,Non injury,Over speed,Three lanes or more without central divider(median),Straight road,Four arm junction,Fine,NL02G 9004,P.V,Fatal,0
30.04.2016,11:17 PM,1224.3,RHS,Rural,Maddipadu,Rear End Collision, Container Vehicle  hit Harvester,Container,Non injury,Over speed,Three lanes or more without central divider(median),Straight road,Four arm junction,Fine,NL02G 9004,P.V,Grevious,0
30.04.2016,11:17 PM,1224.3,RHS,Rural,Maddipadu,Rear End Collision, Container Vehicle  hit Harvester,Container,Non injury,Over speed,Three lanes or more without central divider(median),Straight road,Four arm junction,Fine,NL02G 9004,P.V,Minor,0
30.04.2016,11:17 PM,1224.3,RHS,Rural,Maddipadu,Rear End Collision, Container Vehicle  hit Harvester,Container,Non injury,Over speed,Three lanes or more without central divider(median),Straight road,Four arm junction,Fine,NL02G 9004,P.V,Non injured ,3
30.04.2016,11:17 PM,1224.3,RHS,Rural,Maddipadu,Rear End Collision, Container Vehicle  hit Harvester,Container,Non injury,Over speed,Three lanes or more without central divider(median),Straight road,Four arm junction,Fine,NL02G 9004,P.V,Animals affected,0
01.05.2016,8:30 AM,1348.3,LHS,Rural,Dagadarthi,Rear End Collision,Mini Lorry hit Trailler Vehicle ,Lorry,Minor injury,Over speed,Four lanes or more with central divider,Straight road,,Fine,TN48T   2793,P.V &A.M.B,Fatal,0
01.05.2016,8:30 AM,1348.3,LHS,Rural,Dagadarthi,Rear End Collision,Mini Lorry hit Trailler Vehicle ,Lorry,Minor injury,Over speed,Four lanes or more with central divider,Straight road,,Fine,TN48T   2793,P.V &A.M.B,Grevious,0
01.05.2016,8:30 AM,1348.3,LHS,Rural,Dagadarthi,Rear End Collision,Mini Lorry hit Trailler Vehicle ,Lorry,Minor injury,Over speed,Four lanes or more with central divider,Straight road,,Fine,TN48T   2793,P.V &A.M.B,Minor,5
01.05.2016,8:30 AM,1348.3,LHS,Rural,Dagadarthi,Rear End Collision,Mini Lorry hit Trailler Vehicle ,Lorry,Minor injury,Over speed,Four lanes or more with central divider,Straight road,,Fine,TN48T   2793,P.V &A.M.B,Non injured ,1
01.05.2016,8:30 AM,1348.3,LHS,Rural,Dagadarthi,Rear End Collision,Mini Lorry hit Trailler Vehicle ,Lorry,Minor injury,Over speed,Four lanes or more with central divider,Straight road,,Fine,TN48T   2793,P.V &A.M.B,Animals affected,0
01.05.2016,9:40 AM,1279.9,RHS,Rural,Singarayakonda,Overturning,Car Overturned towards Row ,Car,Non injury,Over speed,Four lanes or more with central divider,Straight road,,Fine,AP29AJ 4445,P.V,Fatal,0
01.05.2016,9:40 AM,1279.9,RHS,Rural,Singarayakonda,Overturning,Car Overturned towards Row ,Car,Non injury,Over speed,Four lanes or more with central divider,Straight road,,Fine,AP29AJ 4445,P.V,Grevious,0
01.05.2016,9:40 AM,1279.9,RHS,Rural,Singarayakonda,Overturning,Car Overturned towards Row ,Car,Non injury,Over speed,Four lanes or more with central divider,Straight road,,Fine,AP29AJ 4445,P.V,Minor,0
01.05.2016,9:40 AM,1279.9,RHS,Rural,Singarayakonda,Overturning,Car Overturned towards Row ,Car,Non injury,Over speed,Four lanes or more with central divider,Straight road,,Fine,AP29AJ 4445,P.V,Non injured ,2
01.05.2016,9:40 AM,1279.9,RHS,Rural,Singarayakonda,Overturning,Car Overturned towards Row ,Car,Non injury,Over speed,Four lanes or more with central divider,Straight road,,Fine,AP29AJ 4445,P.V,Animals affected,0
01.05.2016,1:35 PM,1305.4,LHS,Rural,Gudluru,Collision Brush/Side Wipe,Car hit CC Barriers ,Car,Non injury,Vehicle out of control,Four lanes or more with central divider,Straight road,,Fine,AP37BV 1745,P.V,Fatal,0
01.05.2016,1:35 PM,1305.4,LHS,Rural,Gudluru,Collision Brush/Side Wipe,Car hit CC Barriers ,Car,Non injury,Vehicle out of control,Four lanes or more with central divider,Straight road,,Fine,AP37BV 1745,P.V,Grevious,0
01.05.2016,1:35 PM,1305.4,LHS,Rural,Gudluru,Collision Brush/Side Wipe,Car hit CC Barriers ,Car,Non injury,Vehicle out of control,Four lanes or more with central divider,Straight road,,Fine,AP37BV 1745,P.V,Minor,0
01.05.2016,1:35 PM,1305.4,LHS,Rural,Gudluru,Collision Brush/Side Wipe,Car hit CC Barriers ,Car,Non injury,Vehicle out of control,Four lanes or more with central divider,Straight road,,Fine,AP37BV 1745,P.V,Non injured ,8
01.05.2016,1:35 PM,1305.4,LHS,Rural,Gudluru,Collision Brush/Side Wipe,Car hit CC Barriers ,Car,Non injury,Vehicle out of control,Four lanes or more with central divider,Straight road,,Fine,AP37BV 1745,P.V,Animals affected,0
02.05.2016,12:36 AM,1227.4,LHS,Rural,Maddipadu,Rear End Collision, Trailler vehicle hit Lorry,Trailler,Grievious injury,Over speed,Four lanes or more with central divider,Straight road,,Fine,TN18AD  2399,P.V,Fatal,0
02.05.2016,12:36 AM,1227.4,LHS,Rural,Maddipadu,Rear End Collision, Trailler vehicle hit Lorry,Trailler,Grievious injury,Over speed,Four lanes or more with central divider,Straight road,,Fine,TN18AD  2399,P.V,Grevious,1
02.05.2016,12:36 AM,1227.4,LHS,Rural,Maddipadu,Rear End Collision, Trailler vehicle hit Lorry,Trailler,Grievious injury,Over speed,Four lanes or more with central divider,Straight road,,Fine,TN18AD  2399,P.V,Minor,1
02.05.2016,12:36 AM,1227.4,LHS,Rural,Maddipadu,Rear End Collision, Trailler vehicle hit Lorry,Trailler,Grievious injury,Over speed,Four lanes or more with central divider,Straight road,,Fine,TN18AD  2399,P.V,Non injured ,0
02.05.2016,12:36 AM,1227.4,LHS,Rural,Maddipadu,Rear End Collision, Trailler vehicle hit Lorry,Trailler,Grievious injury,Over speed,Four lanes or more with central divider,Straight road,,Fine,TN18AD  2399,P.V,Animals affected,0
02.05.2016,1:00 AM,1326.8,LHS,Rural,Kavali,Overturning, Lorry overturned to wards  ROW,Lorry,Minor injury,Fault of driver of motor vehicle/driver of other vehicle/cyclist/pedestrian/passenger,Four lanes or more with central divider,Straight road,,Fine,AP07TW 1599,P.V & A.M.B,Fatal,0
02.05.2016,1:00 AM,1326.8,LHS,Rural,Kavali,Overturning, Lorry overturned to wards  ROW,Lorry,Minor injury,Fault of driver of motor vehicle/driver of other vehicle/cyclist/pedestrian/passenger,Four lanes or more with central divider,Straight road,,Fine,AP07TW 1599,P.V & A.M.B,Grevious,0
02.05.2016,1:00 AM,1326.8,LHS,Rural,Kavali,Overturning, Lorry overturned to wards  ROW,Lorry,Minor injury,Fault of driver of motor vehicle/driver of other vehicle/cyclist/pedestrian/passenger,Four lanes or more with central divider,Straight road,,Fine,AP07TW 1599,P.V & A.M.B,Minor,1
02.05.2016,1:00 AM,1326.8,LHS,Rural,Kavali,Overturning, Lorry overturned to wards  ROW,Lorry,Minor injury,Fault of driver of motor vehicle/driver of other vehicle/cyclist/pedestrian/passenger,Four lanes or more with central divider,Straight road,,Fine,AP07TW 1599,P.V & A.M.B,Non injured ,1
02.05.2016,1:00 AM,1326.8,LHS,Rural,Kavali,Overturning, Lorry overturned to wards  ROW,Lorry,Minor injury,Fault of driver of motor vehicle/driver of other vehicle/cyclist/pedestrian/passenger,Four lanes or more with central divider,Straight road,,Fine,AP07TW 1599,P.V & A.M.B,Animals affected,0
02.05.2016,4:35 PM,1331.8,RHS,Rural,Kavali,Rear End Collision, Bike hit lorry,Bike,Fatal,Over speed,Four lanes or more with central divider,Straight road,,Fine,F/R Bike,P.V,Fatal,1
02.05.2016,4:35 PM,1331.8,RHS,Rural,Kavali,Rear End Collision, Bike hit lorry,Bike,Fatal,Over speed,Four lanes or more with central divider,Straight road,,Fine,F/R Bike,P.V,Grevious,0
02.05.2016,4:35 PM,1331.8,RHS,Rural,Kavali,Rear End Collision, Bike hit lorry,Bike,Fatal,Over speed,Four lanes or more with central divider,Straight road,,Fine,F/R Bike,P.V,Minor,0