Operational date,Time of Accident,KM && M,Position,Rural/Urban,Location,Nature of Accident Position,Nature of Accident,Vehicle Involved,Type of Accident,Causes,Road Feature,Road condition,Intersection Type And Control,Weather Condition,Vehicle Responsible,Help Provided by Ambulance/Patroling Vehicle,Classification of Accident,No of Affected Persons
02.05.2016,4:35 PM,1331.8,RHS,Rural,Kavali,Rear End Collision, Bike hit lorry,Bike,Fatal,Over speed,Four lanes or more with central divider,Straight road,,Fine,F/R Bike,P.V,Non injured ,1
02.05.2016,4:35 PM,1331.8,RHS,Rural,Kavali,Rear End Collision, Bike hit lorry,Bike,Fatal,Over speed,Four lanes or more with central divider,Straight road,,Fine,F/R Bike,P.V,Animals affected,0
03.05.2016,9:04 AM,1261.7,RHS,Rural,Tangutur,Collision Brush/Side Wipe, Car hit Bike,Car,Grievious injury,Fault of driver of motor vehicle/driver of other vehicle/cyclist/pedestrian/passenger,Four lanes or more with central divider,Straight road,,Fine,AP16CJ 7476,P.V&AMB,Fatal,0
03.05.2016,9:04 AM,1261.7,RHS,Rural,Tangutur,Collision Brush/Side Wipe, Car hit Bike,Car,Grievious injury,Fault of driver of motor vehicle/driver of other vehicle/cyclist/pedestrian/passenger,Four lanes or more with central divider,Straight road,,Fine,AP16CJ 7476,P.V&AMB,Grevious,1
03.05.2016,9:04 AM,1261.7,RHS,Rural,Tangutur,Collision Brush/Side Wipe, Car hit Bike,Car,Grievious injury,Fault of driver of motor vehicle/driver of other vehicle/cyclist/pedestrian/passenger,Four lanes or more with central divider,Straight road,,Fine,AP16CJ 7476,P.V&AMB,Minor,0
03.05.2016,9:04 AM,1261.7,RHS,Rural,Tangutur,Collision Brush/Side Wipe, Car hit Bike,Car,Grievious injury,Fault of driver of motor vehicle/driver of other vehicle/cyclist/pedestrian/passenger,Four lanes or more with central divider,Straight road,,Fine,AP16CJ 7476,P.V&AMB,Non injured ,2
03.05.2016,9:04 AM,1261.7,RHS,Rural,Tangutur,Collision Brush/Side Wipe, Car hit Bike,Car,Grievious injury,Fault of driver of motor vehicle/driver of other vehicle/cyclist/pedestrian/passenger,Four lanes or more with central divider,Straight road,,Fine,AP16CJ 7476,P.V&AMB,Animals affected,0
03.05.2016,9:39 AM,1333.8,RHS,Rural,K.Tippa ,Overturning, Car Overturned,Car,Non injury,Fault of driver of motor vehicle/driver of other vehicle/cyclist/pedestrian/passenger,Four lanes or more with central divider,Straight road,,Fine,AP07UPTR 1674,P.V,Fatal,0
03.05.2016,9:39 AM,1333.8,RHS,Rural,K.Tippa ,Overturning, Car Overturned,Car,Non injury,Fault of driver of motor vehicle/driver of other vehicle/cyclist/pedestrian/passenger,Four lanes or more with central divider,Straight road,,Fine,AP07UPTR 1674,P.V,Grevious,0
03.05.2016,9:39 AM,1333.8,RHS,Rural,K.Tippa ,Overturning, Car Overturned,Car,Non injury,Fault of driver of motor vehicle/driver of other vehicle/cyclist/pedestrian/passenger,Four lanes or more with central divider,Straight road,,Fine,AP07UPTR 1674,P.V,Minor,0
03.05.2016,9:39 AM,1333.8,RHS,Rural,K.Tippa ,Overturning, Car Overturned,Car,Non injury,Fault of driver of motor vehicle/driver of other vehicle/cyclist/pedestrian/passenger,Four lanes or more with central divider,Straight road,,Fine,AP07UPTR 1674,P.V,Non injured ,1
03.05.2016,9:39 AM,1333.8,RHS,Rural,K.Tippa ,Overturning, Car Overturned,Car,Non injury,Fault of driver of motor vehicle/driver of other vehicle/cyclist/pedestrian/passenger,Four lanes or more with central divider,Straight road,,Fine,AP07UPTR 1674,P.V,Animals affected,0
03.05.2016,4:05 PM,1289.1,RHS,Rural,Ulavapadu,Overturning, Lorry Overturned,Lorry,Non injury,Over speed,Four lanes or more with central divider,Slight curve,,Fine,AP25X 3112,P.V,Fatal,0
03.05.2016,4:05 PM,1289.1,RHS,Rural,Ulavapadu,Overturning, Lorry Overturned,Lorry,Non injury,Over speed,Four lanes or more with central divider,Slight curve,,Fine,AP25X 3112,P.V,Grevious,0
03.05.2016,4:05 PM,1289.1,RHS,Rural,Ulavapadu,Overturning, Lorry Overturned,Lorry,Non injury,Over speed,Four lanes or more with central divider,Slight curve,,Fine,AP25X 3112,P.V,Minor,0
03.05.2016,4:05 PM,1289.1,RHS,Rural,Ulavapadu,Overturning, Lorry Overturned,Lorry,Non injury,Over speed,Four lanes or more with central divider,Slight curve,,Fine,AP25X 3112,P.V,Non injured ,2
03.05.2016,4:05 PM,1289.1,RHS,Rural,Ulavapadu,Overturning, Lorry Overturned,Lorry,Non injury,Over speed,Four lanes or more with central divider,Slight curve,,Fine,AP25X 3112,P.V,Animals affected,0
04.05.2016,1:10 AM,1305.6,RHS,Rural,Gudluru,Collision Brush/Side Wipe, Lorry hit       Car,Lorry,Minor injury,Fault of driver of motor vehicle/driver of other vehicle/cyclist/pedestrian/passenger,Four lanes or more with central divider,Straight road,,Fine,AP16TW  1968,P.V,Fatal,0
04.05.2016,1:10 AM,1305.6,RHS,Rural,Gudluru,Collision Brush/Side Wipe, Lorry hit       Car,Lorry,Minor injury,Fault of driver of motor vehicle/driver of other vehicle/cyclist/pedestrian/passenger,Four lanes or more with central divider,Straight road,,Fine,AP16TW  1968,P.V,Grevious,0
04.05.2016,1:10 AM,1305.6,RHS,Rural,Gudluru,Collision Brush/Side Wipe, Lorry hit       Car,Lorry,Minor injury,Fault of driver of motor vehicle/driver of other vehicle/cyclist/pedestrian/passenger,Four lanes or more with central divider,Straight road,,Fine,AP16TW  1968,P.V,Minor,1
04.05.2016,1:10 AM,1305.6,RHS,Rural,Gudluru,Collision Brush/Side Wipe, Lorry hit       Car,Lorry,Minor injury,Fault of driver of motor vehicle/driver of other vehicle/cyclist/pedestrian/passenger,Four lanes or more with central divider,Straight road,,Fine,AP16TW  1968,P.V,Non injured ,4
04.05.2016,1:10 AM,1305.6,RHS,Rural,Gudluru,Collision Brush/Side Wipe, Lorry hit       Car,Lorry,Minor injury,Fault of driver of motor vehicle/driver of other vehicle/cyclist/pedestrian/passenger,Four lanes or more with central divider,Straight road,,Fine,AP16TW  1968,P.V,Animals affected,0
04.05.2016,2:30 AM,1221.4,RHS,Rural,Medarametla,Rear End Collision, Tempo Van hit Lorry,Van,Non injury,Fault of driver of motor vehicle/driver of other vehicle/cyclist/pedestrian/passenger,Four lanes or more with central divider,Straight road,,Fine,AP36TV    0396,P.V,Fatal,0
04.05.2016,2:30 AM,1221.4,RHS,Rural,Medarametla,Rear End Collision, Tempo Van hit Lorry,Van,Non injury,Fault of driver of motor vehicle/driver of other vehicle/cyclist/pedestrian/passenger,Four lanes or more with central divider,Straight road,,Fine,AP36TV    0396,P.V,Grevious,0
04.05.2016,2:30 AM,1221.4,RHS,Rural,Medarametla,Rear End Collision, Tempo Van hit Lorry,Van,Non injury,Fault of driver of motor vehicle/driver of other vehicle/cyclist/pedestrian/passenger,Four lanes or more with central divider,Straight road,,Fine,AP36TV    0396,P.V,Minor,0
04.05.2016,2:30 AM,1221.4,RHS,Rural,Medarametla,Rear End Collision, Tempo Van hit Lorry,Van,Non injury,Fault of driver of motor vehicle/driver of other vehicle/cyclist/pedestrian/passenger,Four lanes or more with central divider,Straight road,,Fine,AP36TV    0396,P.V,Non injured ,9
04.05.2016,2:30 AM,1221.4,RHS,Rural,Medarametla,Rear End Collision, Tempo Van hit Lorry,Van,Non injury,Fault of driver of motor vehicle/driver of other vehicle/cyclist/pedestrian/passenger,Four lanes or more with central divider,Straight road,,Fine,AP36TV    0396,P.V,Animals affected,0
04.05.2016,5:35 AM,1311.5,LHS,Rural,Kavali,Overturning, Lorry Over Turned,Lorry,Non injury,Over speed,Four lanes or more with central divider,Straight road,,Fine,AP28TU   4349,P.V,Fatal,0
04.05.2016,5:35 AM,1311.5,LHS,Rural,Kavali,Overturning, Lorry Over Turned,Lorry,Non injury,Over speed,Four lanes or more with central divider,Straight road,,Fine,AP28TU   4349,P.V,Grevious,0
04.05.2016,5:35 AM,1311.5,LHS,Rural,Kavali,Overturning, Lorry Over Turned,Lorry,Non injury,Over speed,Four lanes or more with central divider,Straight road,,Fine,AP28TU   4349,P.V,Minor,0
04.05.2016,5:35 AM,1311.5,LHS,Rural,Kavali,Overturning, Lorry Over Turned,Lorry,Non injury,Over speed,Four lanes or more with central divider,Straight road,,Fine,AP28TU   4349,P.V,Non injured ,2
04.05.2016,5:35 AM,1311.5,LHS,Rural,Kavali,Overturning, Lorry Over Turned,Lorry,Non injury,Over speed,Four lanes or more with central divider,Straight road,,Fine,AP28TU   4349,P.V,Animals affected,0
05.05.2016,12:50 AM,1210.3,RHS,Rural,Reningavaram,Collision Brush/Side Wipe, Unknown vehicle hit pedestrian,Unknown,Fatal,Over speed,Four lanes or more with central divider,Straight road,,Fine,Unknown vehicle,P.V,Fatal,1
05.05.2016,12:50 AM,1210.3,RHS,Rural,Reningavaram,Collision Brush/Side Wipe, Unknown vehicle hit pedestrian,Unknown,Fatal,Over speed,Four lanes or more with central divider,Straight road,,Fine,Unknown vehicle,P.V,Grevious,0
05.05.2016,12:50 AM,1210.3,RHS,Rural,Reningavaram,Collision Brush/Side Wipe, Unknown vehicle hit pedestrian,Unknown,Fatal,Over speed,Four lanes or more with central divider,Straight road,,Fine,Unknown vehicle,P.V,Minor,0
05.05.2016,12:50 AM,1210.3,RHS,Rural,Reningavaram,Collision Brush/Side Wipe, Unknown vehicle hit pedestrian,Unknown,Fatal,Over speed,Four lanes or more with central divider,Straight road,,Fine,Unknown vehicle,P.V,Non injured ,0
05.05.2016,12:50 AM,1210.3,RHS,Rural,Reningavaram,Collision Brush/Side Wipe, Unknown vehicle hit pedestrian,Unknown,Fatal,Over speed,Four lanes or more with central divider,Straight road,,Fine,Unknown vehicle,P.V,Animals affected,0
05.05.2016,3:55 AM,1271.9,LHS,Rural,Jarugumalli,Rear End Collision, Trailler vehicle hit Container vehicle,Trailler,Non injury,Fault of driver of motor vehicle/driver of other vehicle/cyclist/pedestrian/passenger,Four lanes or more with central divider,Straight road,,Fine,TN28AJ 5565,P.V,Fatal,0
05.05.2016,3:55 AM,1271.9,LHS,Rural,Jarugumalli,Rear End Collision, Trailler vehicle hit Container vehicle,Trailler,Non injury,Fault of driver of motor vehicle/driver of other vehicle/cyclist/pedestrian/passenger,Four lanes or more with central divider,Straight road,,Fine,TN28AJ 5565,P.V,Grevious,0
05.05.2016,3:55 AM,1271.9,LHS,Rural,Jarugumalli,Rear End Collision, Trailler vehicle hit Container vehicle,Trailler,Non injury,Fault of driver of motor vehicle/driver of other vehicle/cyclist/pedestrian/passenger,Four lanes or more with central divider,Straight road,,Fine,TN28AJ 5565,P.V,Minor,0
05.05.2016,3:55 AM,1271.9,LHS,Rural,Jarugumalli,Rear End Collision, Trailler vehicle hit Container vehicle,Trailler,Non injury,Fault of driver of motor vehicle/driver of other vehicle/cyclist/pedestrian/passenger,Four lanes or more with central divider,Straight road,,Fine,TN28AJ 5565,P.V,Non injured ,4
05.05.2016,3:55 AM,1271.9,LHS,Rural,Jarugumalli,Rear End Collision, Trailler vehicle hit Container vehicle,Trailler,Non injury,Fault of driver of motor vehicle/driver of other vehicle/cyclist/pedestrian/passenger,Four lanes or more with central divider,Straight road,,Fine,TN28AJ 5565,P.V,Animals affected,0
06.05.2016,6:15 AM,1259.7,LHS,Rural,Tangutur,Collision Brush/Side Wipe, Lorry hit Unknown Vehicle ,Lorry,Non injury,Fault of driver of motor vehicle/driver of other vehicle/cyclist/pedestrian/passenger,Four lanes or more with central divider,Straight road,,Fine,AP16TD  2277,P.V,Fatal,0
06.05.2016,6:15 AM,1259.7,LHS,Rural,Tangutur,Collision Brush/Side Wipe, Lorry hit Unknown Vehicle ,Lorry,Non injury,Fault of driver of motor vehicle/driver of other vehicle/cyclist/pedestrian/passenger,Four lanes or more with central divider,Straight road,,Fine,AP16TD  2277,P.V,Grevious,0
06.05.2016,6:15 AM,1259.7,LHS,Rural,Tangutur,Collision Brush/Side Wipe, Lorry hit Unknown Vehicle ,Lorry,Non injury,Fault of driver of motor vehicle/driver of other vehicle/cyclist/pedestrian/passenger,Four lanes or more with central divider,Straight road,,Fine,AP16TD  2277,P.V,Minor,0
06.05.2016,6:15 AM,1259.7,LHS,Rural,Tangutur,Collision Brush/Side Wipe, Lorry hit Unknown Vehicle ,Lorry,Non injury,Fault of driver of motor vehicle/driver of other vehicle/cyclist/pedestrian/passenger,Four lanes or more with central divider,Straight road,,Fine,AP16TD  2277,P.V,Non injured ,2
06.05.2016,6:15 AM,1259.7,LHS,Rural,Tangutur,Collision Brush/Side Wipe, Lorry hit Unknown Vehicle ,Lorry,Non injury,Fault of driver of motor vehicle/driver of other vehicle/cyclist/pedestrian/passenger,Four lanes or more with central divider,Straight road,,Fine,AP16TD  2277,P.V,Animals affected,0
06.05.2016,10:57 AM,1197.7,LHS,Rural,Martur,Rear End Collision, Lorry hit Water Tanker ,Lorry,Fatal,Fault of driver of motor vehicle/driver of other vehicle/cyclist/pedestrian/passenger,Four lanes or more with central divider,Straight road,,Fine,TN28AA 3595,P.V&AMB,Fatal,2
06.05.2016,10:57 AM,1197.7,LHS,Rural,Martur,Rear End Collision, Lorry hit Water Tanker ,Lorry,Fatal,Fault of driver of motor vehicle/driver of other vehicle/cyclist/pedestrian/passenger,Four lanes or more with central divider,Straight road,,Fine,TN28AA 3595,P.V&AMB,Grevious,1
06.05.2016,10:57 AM,1197.7,LHS,Rural,Martur,Rear End Collision, Lorry hit Water Tanker ,Lorry,Fatal,Fault of driver of motor vehicle/driver of other vehicle/cyclist/pedestrian/passenger,Four lanes or more with central divider,Straight road,,Fine,TN28AA 3595,P.V&AMB,Minor,1
06.05.2016,10:57 AM,1197.7,LHS,Rural,Martur,Rear End Collision, Lorry hit Water Tanker ,Lorry,Fatal,Fault of driver of motor vehicle/driver of other vehicle/cyclist/pedestrian/passenger,Four lanes or more with central divider,Straight road,,Fine,TN28AA 3595,P.V&AMB,Non injured ,0
06.05.2016,10:57 AM,1197.7,LHS,Rural,Martur,Rear End Collision, Lorry hit Water Tanker ,Lorry,Fatal,Fault of driver of motor vehicle/driver of other vehicle/cyclist/pedestrian/passenger,Four lanes or more with central divider,Straight road,,Fine,TN28AA 3595,P.V&AMB,Animals affected,0
07.05.2016,4:30 AM,1247.8,LHS,Urban,Ongole,Rear End Collision, Lorry hit Container Vehicle ,Lorry,Minor injury,Over speed,Four lanes or more with central divider,Straight road,Four arm junction,Fine,OR19H  6493,P.V,Fatal,0
07.05.2016,4:30 AM,1247.8,LHS,Urban,Ongole,Rear End Collision, Lorry hit Container Vehicle ,Lorry,Minor injury,Over speed,Four lanes or more with central divider,Straight road,Four arm junction,Fine,OR19H  6493,P.V,Grevious,0
07.05.2016,4:30 AM,1247.8,LHS,Urban,Ongole,Rear End Collision, Lorry hit Container Vehicle ,Lorry,Minor injury,Over speed,Four lanes or more with central divider,Straight road,Four arm junction,Fine,OR19H  6493,P.V,Minor,1
07.05.2016,4:30 AM,1247.8,LHS,Urban,Ongole,Rear End Collision, Lorry hit Container Vehicle ,Lorry,Minor injury,Over speed,Four lanes or more with central divider,Straight road,Four arm junction,Fine,OR19H  6493,P.V,Non injured ,3
07.05.2016,4:30 AM,1247.8,LHS,Urban,Ongole,Rear End Collision, Lorry hit Container Vehicle ,Lorry,Minor injury,Over speed,Four lanes or more with central divider,Straight road,Four arm junction,Fine,OR19H  6493,P.V,Animals affected,0
07.05.2016,3:40 PM,1201.1,RHS,Rural,Reningavaram,Skidding, Bike skidding,Bike,Minor injury,Druken,Four lanes or more with central divider,Straight road,,Fine,AP27AT 6780,AMB,Fatal,0
07.05.2016,3:40 PM,1201.1,RHS,Rural,Reningavaram,Skidding, Bike skidding,Bike,Minor injury,Druken,Four lanes or more with central divider,Straight road,,Fine,AP27AT 6780,AMB,Grevious,0
07.05.2016,3:40 PM,1201.1,RHS,Rural,Reningavaram,Skidding, Bike skidding,Bike,Minor injury,Druken,Four lanes or more with central divider,Straight road,,Fine,AP27AT 6780,AMB,Minor,1
07.05.2016,3:40 PM,1201.1,RHS,Rural,Reningavaram,Skidding, Bike skidding,Bike,Minor injury,Druken,Four lanes or more with central divider,Straight road,,Fine,AP27AT 6780,AMB,Non injured ,0
07.05.2016,3:40 PM,1201.1,RHS,Rural,Reningavaram,Skidding, Bike skidding,Bike,Minor injury,Druken,Four lanes or more with central divider,Straight road,,Fine,AP27AT 6780,AMB,Animals affected,0
08.05.2016,1:20 PM,1264,RHS,Rural,Tangutur,Skidding, Bike skidding,Bike,Minor injury,Fault of driver of motor vehicle/driver of other vehicle/cyclist/pedestrian/passenger,Four lanes or more with central divider,Straight road,,Fine,AP27AX 0727,A.M.B,Fatal,0
08.05.2016,1:20 PM,1264,RHS,Rural,Tangutur,Skidding, Bike skidding,Bike,Minor injury,Fault of driver of motor vehicle/driver of other vehicle/cyclist/pedestrian/passenger,Four lanes or more with central divider,Straight road,,Fine,AP27AX 0727,A.M.B,Grevious,0
08.05.2016,1:20 PM,1264,RHS,Rural,Tangutur,Skidding, Bike skidding,Bike,Minor injury,Fault of driver of motor vehicle/driver of other vehicle/cyclist/pedestrian/passenger,Four lanes or more with central divider,Straight road,,Fine,AP27AX 0727,A.M.B,Minor,2
08.05.2016,1:20 PM,1264,RHS,Rural,Tangutur,Skidding, Bike skidding,Bike,Minor injury,Fault of driver of motor vehicle/driver of other vehicle/cyclist/pedestrian/passenger,Four lanes or more with central divider,Straight road,,Fine,AP27AX 0727,A.M.B,Non injured ,1
08.05.2016,1:20 PM,1264,RHS,Rural,Tangutur,Skidding, Bike skidding,Bike,Minor injury,Fault of driver of motor vehicle/driver of other vehicle/cyclist/pedestrian/passenger,Four lanes or more with central divider,Straight road,,Fine,AP27AX 0727,A.M.B,Animals affected,0
08.05.2016,1:30 PM,1204.4,RHS,Rural,Reningavaram,Collision Brush/Side Wipe, Car hit pedestrian,Car,Fatal,Druken,Four lanes or more with central divider,Straight road,,Fine,AP27AS 1035,P.V,Fatal,1
08.05.2016,1:30 PM,1204.4,RHS,Rural,Reningavaram,Collision Brush/Side Wipe, Car hit pedestrian,Car,Fatal,Druken,Four lanes or more with central divider,Straight road,,Fine,AP27AS 1035,P.V,Grevious,0
08.05.2016,1:30 PM,1204.4,RHS,Rural,Reningavaram,Collision Brush/Side Wipe, Car hit pedestrian,Car,Fatal,Druken,Four lanes or more with central divider,Straight road,,Fine,AP27AS 1035,P.V,Minor,0
08.05.2016,1:30 PM,1204.4,RHS,Rural,Reningavaram,Collision Brush/Side Wipe, Car hit pedestrian,Car,Fatal,Druken,Four lanes or more with central divider,Straight road,,Fine,AP27AS 1035,P.V,Non injured ,2
08.05.2016,1:30 PM,1204.4,RHS,Rural,Reningavaram,Collision Brush/Side Wipe, Car hit pedestrian,Car,Fatal,Druken,Four lanes or more with central divider,Straight road,,Fine,AP27AS 1035,P.V,Animals affected,0
08.05.2016,4:23 PM,1278.6,LHS,Rural,Singarayakonda,Rear End Collision, Lorry hit Water Tanker ,Lorry,Grievious injury,Over speed,Four lanes or more with central divider,Straight road,,Fine,AP16TC 8379 ,P.V,Fatal,0
08.05.2016,4:23 PM,1278.6,LHS,Rural,Singarayakonda,Rear End Collision, Lorry hit Water Tanker ,Lorry,Grievious injury,Over speed,Four lanes or more with central divider,Straight road,,Fine,AP16TC 8379 ,P.V,Grevious,1
08.05.2016,4:23 PM,1278.6,LHS,Rural,Singarayakonda,Rear End Collision, Lorry hit Water Tanker ,Lorry,Grievious injury,Over speed,Four lanes or more with central divider,Straight road,,Fine,AP16TC 8379 ,P.V,Minor,0
08.05.2016,4:23 PM,1278.6,LHS,Rural,Singarayakonda,Rear End Collision, Lorry hit Water Tanker ,Lorry,Grievious injury,Over speed,Four lanes or more with central divider,Straight road,,Fine,AP16TC 8379 ,P.V,Non injured ,4
08.05.2016,4:23 PM,1278.6,LHS,Rural,Singarayakonda,Rear End Collision, Lorry hit Water Tanker ,Lorry,Grievious injury,Over speed,Four lanes or more with central divider,Straight road,,Fine,AP16TC 8379 ,P.V,Animals affected,0
09.05.2016,4:30 PM,1252.2,RHS,Rural,Ongole,Overturning, Car Overturned,Car,Minor injury,Over speed,Four lanes or more with central divider,Straight road,T-Junction,Fine,AP16CY 6869,PV&A.M.B,Fatal,0
09.05.2016,4:30 PM,1252.2,RHS,Rural,Ongole,Overturning, Car Overturned,Car,Minor injury,Over speed,Four lanes or more with central divider,Straight road,T-Junction,Fine,AP16CY 6869,PV&A.M.B,Grevious,0
09.05.2016,4:30 PM,1252.2,RHS,Rural,Ongole,Overturning, Car Overturned,Car,Minor injury,Over speed,Four lanes or more with central divider,Straight road,T-Junction,Fine,AP16CY 6869,PV&A.M.B,Minor,2
09.05.2016,4:30 PM,1252.2,RHS,Rural,Ongole,Overturning, Car Overturned,Car,Minor injury,Over speed,Four lanes or more with central divider,Straight road,T-Junction,Fine,AP16CY 6869,PV&A.M.B,Non injured ,3
09.05.2016,4:30 PM,1252.2,RHS,Rural,Ongole,Overturning, Car Overturned,Car,Minor injury,Over speed,Four lanes or more with central divider,Straight road,T-Junction,Fine,AP16CY 6869,PV&A.M.B,Animals affected,0
10.05.2016,11:25 AM,1200,LHS,Rural,Martur,Collision Brush/Side Wipe, RTC Bus Passenger injured due to impact,Bus,Grievious injury,Fault of driver of motor vehicle/driver of other vehicle/cyclist/pedestrian/passenger,Four lanes or more with central divider,Straight road,,Fine,AP27Z 0028,A.M.B,Fatal,0
10.05.2016,11:25 AM,1200,LHS,Rural,Martur,Collision Brush/Side Wipe, RTC Bus Passenger injured due to impact,Bus,Grievious injury,Fault of driver of motor vehicle/driver of other vehicle/cyclist/pedestrian/passenger,Four lanes or more with central divider,Straight road,,Fine,AP27Z 0028,A.M.B,Grevious,1
10.05.2016,11:25 AM,1200,LHS,Rural,Martur,Collision Brush/Side Wipe, RTC Bus Passenger injured due to impact,Bus,Grievious injury,Fault of driver of motor vehicle/driver of other vehicle/cyclist/pedestrian/passenger,Four lanes or more with central divider,Straight road,,Fine,AP27Z 0028,A.M.B,Minor,0
10.05.2016,11:25 AM,1200,LHS,Rural,Martur,Collision Brush/Side Wipe, RTC Bus Passenger injured due to impact,Bus,Grievious injury,Fault of driver of motor vehicle/driver of other vehicle/cyclist/pedestrian/passenger,Four lanes or more with central divider,Straight road,,Fine,AP27Z 0028,A.M.B,Non injured ,29
10.05.2016,11:25 AM,1200,LHS,Rural,Martur,Collision Brush/Side Wipe, RTC Bus Passenger injured due to impact,Bus,Grievious injury,Fault of driver of motor vehicle/driver of other vehicle/cyclist/pedestrian/passenger,Four lanes or more with central divider,Straight road,,Fine,AP27Z 0028,A.M.B,Animals affected,0
11.05.2016,3:00 AM,1336.2,RHS,Rural,K.Tippa ,Rear End Collision,  Tata Ace Vehicle hit Unknown Vehicle ,Tata Ace,Minor injury,Fault of driver of motor vehicle/driver of other vehicle/cyclist/pedestrian/passenger,Two lanes,Straight road,,Fine,AP26TB 9354,P.V,Fatal,0
11.05.2016,3:00 AM,1336.2,RHS,Rural,K.Tippa ,Rear End Collision,  Tata Ace Vehicle hit Unknown Vehicle ,Tata Ace,Minor injury,Fault of driver of motor vehicle/driver of other vehicle/cyclist/pedestrian/passenger,Two lanes,Straight road,,Fine,AP26TB 9354,P.V,Grevious,0
11.05.2016,3:00 AM,1336.2,RHS,Rural,K.Tippa ,Rear End Collision,  Tata Ace Vehicle hit Unknown Vehicle ,Tata Ace,Minor injury,Fault of driver of motor vehicle/driver of other vehicle/cyclist/pedestrian/passenger,Two lanes,Straight road,,Fine,AP26TB 9354,P.V,Minor,2
11.05.2016,3:00 AM,1336.2,RHS,Rural,K.Tippa ,Rear End Collision,  Tata Ace Vehicle hit Unknown Vehicle ,Tata Ace,Minor injury,Fault of driver of motor vehicle/driver of other vehicle/cyclist/pedestrian/passenger,Two lanes,Straight road,,Fine,AP26TB 9354,P.V,Non injured ,0
11.05.2016,3:00 AM,1336.2,RHS,Rural,K.Tippa ,Rear End Collision,  Tata Ace Vehicle hit Unknown Vehicle ,Tata Ace,Minor injury,Fault of driver of motor vehicle/driver of other vehicle/cyclist/pedestrian/passenger,Two lanes,Straight road,,Fine,AP26TB 9354,P.V,Animals affected,0
12.05.2016,6:30 AM,1247.8,LHS,Urban,Ongole,Rear End Collision, Tanker hit Unknown Vehicle ,Tanker,Grievious injury,Over speed,Three lanes or more without central divider(median),Straight road,Four arm junction,Fine,TN16C  3177,P.V,Fatal,0
12.05.2016,6:30 AM,1247.8,LHS,Urban,Ongole,Rear End Collision, Tanker hit Unknown Vehicle ,Tanker,Grievious injury,Over speed,Three lanes or more without central divider(median),Straight road,Four arm junction,Fine,TN16C  3177,P.V,Grevious,1
12.05.2016,6:30 AM,1247.8,LHS,Urban,Ongole,Rear End Collision, Tanker hit Unknown Vehicle ,Tanker,Grievious injury,Over speed,Three lanes or more without central divider(median),Straight road,Four arm junction,Fine,TN16C  3177,P.V,Minor,0
12.05.2016,6:30 AM,1247.8,LHS,Urban,Ongole,Rear End Collision, Tanker hit Unknown Vehicle ,Tanker,Grievious injury,Over speed,Three lanes or more without central divider(median),Straight road,Four arm junction,Fine,TN16C  3177,P.V,Non injured ,0
12.05.2016,6:30 AM,1247.8,LHS,Urban,Ongole,Rear End Collision, Tanker hit Unknown Vehicle ,Tanker,Grievious injury,Over speed,Three lanes or more without central divider(median),Straight road,Four arm junction,Fine,TN16C  3177,P.V,Animals affected,0
12.05.2016,6:40 AM,1264,RHS,Rural,Tangutur,Collision Brush/Side Wipe, Lorry hit Pedestrian,Lorry,Grievious injury,Druken,Four lanes or more with central divider,Straight road,,Fine,KA01AD 0433,AMB,Fatal,0
12.05.2016,6:40 AM,1264,RHS,Rural,Tangutur,Collision Brush/Side Wipe, Lorry hit Pedestrian,Lorry,Grievious injury,Druken,Four lanes or more with central divider,Straight road,,Fine,KA01AD 0433,AMB,Grevious,1
12.05.2016,6:40 AM,1264,RHS,Rural,Tangutur,Collision Brush/Side Wipe, Lorry hit Pedestrian,Lorry,Grievious injury,Druken,Four lanes or more with central divider,Straight road,,Fine,KA01AD 0433,AMB,Minor,0
12.05.2016,6:40 AM,1264,RHS,Rural,Tangutur,Collision Brush/Side Wipe, Lorry hit Pedestrian,Lorry,Grievious injury,Druken,Four lanes or more with central divider,Straight road,,Fine,KA01AD 0433,AMB,Non injured ,0
12.05.2016,6:40 AM,1264,RHS,Rural,Tangutur,Collision Brush/Side Wipe, Lorry hit Pedestrian,Lorry,Grievious injury,Druken,Four lanes or more with central divider,Straight road,,Fine,KA01AD 0433,AMB,Animals affected,0
12.05.2016,1:30 PM,1310.2,RHS,Rural,Kavali,Overturning, Lorry Overturned,Lorry,Non injury,Over speed,Four lanes or more with central divider,Straight road,,Fine,TN08UB 1799,P.V,Fatal,0
12.05.2016,1:30 PM,1310.2,RHS,Rural,Kavali,Overturning, Lorry Overturned,Lorry,Non injury,Over speed,Four lanes or more with central divider,Straight road,,Fine,TN08UB 1799,P.V,Grevious,0
12.05.2016,1:30 PM,1310.2,RHS,Rural,Kavali,Overturning, Lorry Overturned,Lorry,Non injury,Over speed,Four lanes or more with central divider,Straight road,,Fine,TN08UB 1799,P.V,Minor,0
12.05.2016,1:30 PM,1310.2,RHS,Rural,Kavali,Overturning, Lorry Overturned,Lorry,Non injury,Over speed,Four lanes or more with central divider,Straight road,,Fine,TN08UB 1799,P.V,Non injured ,2
12.05.2016,1:30 PM,1310.2,RHS,Rural,Kavali,Overturning, Lorry Overturned,Lorry,Non injury,Over speed,Four lanes or more with central divider,Straight road,,Fine,TN08UB 1799,P.V,Animals affected,0
13.05.2016,1:28 AM,1294.7,RHS,Rural,Ulavapadu,Collision Brush/Side Wipe, Lorry hit    Lorry,Lorry,Fatal,Fault of driver of motor vehicle/driver of other vehicle/cyclist/pedestrian/passenger,Four lanes or more with central divider,Straight road,,Fine,MH12FC    9793,P.V,Fatal,1