Operational date,Time of Accident,KM && M,Position,Rural/Urban,Location,Nature of Accident Position,Nature of Accident,Vehicle Involved,Type of Accident,Causes,Road Feature,Road condition,Intersection Type And Control,Weather Condition,Vehicle Responsible,Help Provided by Ambulance/Patroling Vehicle,Classification of Accident,No of Affected Persons
13.05.2016,1:28 AM,1294.7,RHS,Rural,Ulavapadu,Collision Brush/Side Wipe, Lorry hit    Lorry,Lorry,Fatal,Fault of driver of motor vehicle/driver of other vehicle/cyclist/pedestrian/passenger,Four lanes or more with central divider,Straight road,,Fine,MH12FC    9793,P.V,Grevious,1
13.05.2016,1:28 AM,1294.7,RHS,Rural,Ulavapadu,Collision Brush/Side Wipe, Lorry hit    Lorry,Lorry,Fatal,Fault of driver of motor vehicle/driver of other vehicle/cyclist/pedestrian/passenger,Four lanes or more with central divider,Straight road,,Fine,MH12FC    9793,P.V,Minor,1
13.05.2016,1:28 AM,1294.7,RHS,Rural,Ulavapadu,Collision Brush/Side Wipe, Lorry hit    Lorry,Lorry,Fatal,Fault of driver of motor vehicle/driver of other vehicle/cyclist/pedestrian/passenger,Four lanes or more with central divider,Straight road,,Fine,MH12FC    9793,P.V,Non injured ,2
13.05.2016,1:28 AM,1294.7,RHS,Rural,Ulavapadu,Collision Brush/Side Wipe, Lorry hit    Lorry,Lorry,Fatal,Fault of driver of motor vehicle/driver of other vehicle/cyclist/pedestrian/passenger,Four lanes or more with central divider,Straight road,,Fine,MH12FC    9793,P.V,Animals affected,0
13.05.2016,10:00 PM,1223.4,LHS,Rural,Medarametla,Others(p1.Specific), Lorry Burnt,Lorry,Non injury,Defect in mechanical condition of motor vehicle/road condition,Four lanes or more with central divider,Straight road,,Fine,AP09Y   3934,P.V,Fatal,0
13.05.2016,10:00 PM,1223.4,LHS,Rural,Medarametla,Others(p1.Specific), Lorry Burnt,Lorry,Non injury,Defect in mechanical condition of motor vehicle/road condition,Four lanes or more with central divider,Straight road,,Fine,AP09Y   3934,P.V,Grevious,0
13.05.2016,10:00 PM,1223.4,LHS,Rural,Medarametla,Others(p1.Specific), Lorry Burnt,Lorry,Non injury,Defect in mechanical condition of motor vehicle/road condition,Four lanes or more with central divider,Straight road,,Fine,AP09Y   3934,P.V,Minor,0
13.05.2016,10:00 PM,1223.4,LHS,Rural,Medarametla,Others(p1.Specific), Lorry Burnt,Lorry,Non injury,Defect in mechanical condition of motor vehicle/road condition,Four lanes or more with central divider,Straight road,,Fine,AP09Y   3934,P.V,Non injured ,1
13.05.2016,10:00 PM,1223.4,LHS,Rural,Medarametla,Others(p1.Specific), Lorry Burnt,Lorry,Non injury,Defect in mechanical condition of motor vehicle/road condition,Four lanes or more with central divider,Straight road,,Fine,AP09Y   3934,P.V,Animals affected,0
14.05.2016,12:10 AM,1321.3,RHS,Rural,Kavali,Collision Brush/Side Wipe, Car hit Median ,Car,Non injury,Fault of driver of motor vehicle/driver of other vehicle/cyclist/pedestrian/passenger,Four lanes or more with central divider,Straight road,,Fine,AP26K   3456,P.V,Fatal,0
14.05.2016,12:10 AM,1321.3,RHS,Rural,Kavali,Collision Brush/Side Wipe, Car hit Median ,Car,Non injury,Fault of driver of motor vehicle/driver of other vehicle/cyclist/pedestrian/passenger,Four lanes or more with central divider,Straight road,,Fine,AP26K   3456,P.V,Grevious,0
14.05.2016,12:10 AM,1321.3,RHS,Rural,Kavali,Collision Brush/Side Wipe, Car hit Median ,Car,Non injury,Fault of driver of motor vehicle/driver of other vehicle/cyclist/pedestrian/passenger,Four lanes or more with central divider,Straight road,,Fine,AP26K   3456,P.V,Minor,0
14.05.2016,12:10 AM,1321.3,RHS,Rural,Kavali,Collision Brush/Side Wipe, Car hit Median ,Car,Non injury,Fault of driver of motor vehicle/driver of other vehicle/cyclist/pedestrian/passenger,Four lanes or more with central divider,Straight road,,Fine,AP26K   3456,P.V,Non injured ,1
14.05.2016,12:10 AM,1321.3,RHS,Rural,Kavali,Collision Brush/Side Wipe, Car hit Median ,Car,Non injury,Fault of driver of motor vehicle/driver of other vehicle/cyclist/pedestrian/passenger,Four lanes or more with central divider,Straight road,,Fine,AP26K   3456,P.V,Animals affected,0
14.05.2016,3:30 AM,1204.9,LHS,Rural,Reningavaram,Collision Brush/Side Wipe, Car hit Unknown vehicle,Car,Fatal,Fault of driver of motor vehicle/driver of other vehicle/cyclist/pedestrian/passenger,Four lanes or more with central divider,Straight road,,Fine,AP28DB 7171,PV&AMB,Fatal,1
14.05.2016,3:30 AM,1204.9,LHS,Rural,Reningavaram,Collision Brush/Side Wipe, Car hit Unknown vehicle,Car,Fatal,Fault of driver of motor vehicle/driver of other vehicle/cyclist/pedestrian/passenger,Four lanes or more with central divider,Straight road,,Fine,AP28DB 7171,PV&AMB,Grevious,0
14.05.2016,3:30 AM,1204.9,LHS,Rural,Reningavaram,Collision Brush/Side Wipe, Car hit Unknown vehicle,Car,Fatal,Fault of driver of motor vehicle/driver of other vehicle/cyclist/pedestrian/passenger,Four lanes or more with central divider,Straight road,,Fine,AP28DB 7171,PV&AMB,Minor,1
14.05.2016,3:30 AM,1204.9,LHS,Rural,Reningavaram,Collision Brush/Side Wipe, Car hit Unknown vehicle,Car,Fatal,Fault of driver of motor vehicle/driver of other vehicle/cyclist/pedestrian/passenger,Four lanes or more with central divider,Straight road,,Fine,AP28DB 7171,PV&AMB,Non injured ,0
14.05.2016,3:30 AM,1204.9,LHS,Rural,Reningavaram,Collision Brush/Side Wipe, Car hit Unknown vehicle,Car,Fatal,Fault of driver of motor vehicle/driver of other vehicle/cyclist/pedestrian/passenger,Four lanes or more with central divider,Straight road,,Fine,AP28DB 7171,PV&AMB,Animals affected,0
14.05.2016,8:40 AM,1328.1,RHS,Rural,Kavali,Skidding, Bike skidding,Bike,Minor injury,Over speed,Four lanes or more with central divider,Straight road,,Fine,AP27AF 7952,AMB,Fatal,0
14.05.2016,8:40 AM,1328.1,RHS,Rural,Kavali,Skidding, Bike skidding,Bike,Minor injury,Over speed,Four lanes or more with central divider,Straight road,,Fine,AP27AF 7952,AMB,Grevious,0
14.05.2016,8:40 AM,1328.1,RHS,Rural,Kavali,Skidding, Bike skidding,Bike,Minor injury,Over speed,Four lanes or more with central divider,Straight road,,Fine,AP27AF 7952,AMB,Minor,1
14.05.2016,8:40 AM,1328.1,RHS,Rural,Kavali,Skidding, Bike skidding,Bike,Minor injury,Over speed,Four lanes or more with central divider,Straight road,,Fine,AP27AF 7952,AMB,Non injured ,0
14.05.2016,8:40 AM,1328.1,RHS,Rural,Kavali,Skidding, Bike skidding,Bike,Minor injury,Over speed,Four lanes or more with central divider,Straight road,,Fine,AP27AF 7952,AMB,Animals affected,0
15.05.2016,6:35 AM,1185.9,RHS,Rural,Martur,Rear End Collision, Private Bus hit Lorry,Bus,Non injury,Fault of driver of motor vehicle/driver of other vehicle/cyclist/pedestrian/passenger,Four lanes or more with central divider,Straight road,,Fine,AP07TE 6677,P.V,Fatal,0
15.05.2016,6:35 AM,1185.9,RHS,Rural,Martur,Rear End Collision, Private Bus hit Lorry,Bus,Non injury,Fault of driver of motor vehicle/driver of other vehicle/cyclist/pedestrian/passenger,Four lanes or more with central divider,Straight road,,Fine,AP07TE 6677,P.V,Grevious,0
15.05.2016,6:35 AM,1185.9,RHS,Rural,Martur,Rear End Collision, Private Bus hit Lorry,Bus,Non injury,Fault of driver of motor vehicle/driver of other vehicle/cyclist/pedestrian/passenger,Four lanes or more with central divider,Straight road,,Fine,AP07TE 6677,P.V,Minor,0
15.05.2016,6:35 AM,1185.9,RHS,Rural,Martur,Rear End Collision, Private Bus hit Lorry,Bus,Non injury,Fault of driver of motor vehicle/driver of other vehicle/cyclist/pedestrian/passenger,Four lanes or more with central divider,Straight road,,Fine,AP07TE 6677,P.V,Non injured ,32
15.05.2016,6:35 AM,1185.9,RHS,Rural,Martur,Rear End Collision, Private Bus hit Lorry,Bus,Non injury,Fault of driver of motor vehicle/driver of other vehicle/cyclist/pedestrian/passenger,Four lanes or more with central divider,Straight road,,Fine,AP07TE 6677,P.V,Animals affected,0
15.05.2016,1:40 PM,1201.2,RHS,Rural,Reningavaram,Collision Brush/Side Wipe, Mini lorry hit Unknown vehicle,Lorry,Minor injury,Over speed,Four lanes or more with central divider,Straight road,,Fine,AP16TD 1567,P.V,Fatal,0
15.05.2016,1:40 PM,1201.2,RHS,Rural,Reningavaram,Collision Brush/Side Wipe, Mini lorry hit Unknown vehicle,Lorry,Minor injury,Over speed,Four lanes or more with central divider,Straight road,,Fine,AP16TD 1567,P.V,Grevious,0
15.05.2016,1:40 PM,1201.2,RHS,Rural,Reningavaram,Collision Brush/Side Wipe, Mini lorry hit Unknown vehicle,Lorry,Minor injury,Over speed,Four lanes or more with central divider,Straight road,,Fine,AP16TD 1567,P.V,Minor,2
15.05.2016,1:40 PM,1201.2,RHS,Rural,Reningavaram,Collision Brush/Side Wipe, Mini lorry hit Unknown vehicle,Lorry,Minor injury,Over speed,Four lanes or more with central divider,Straight road,,Fine,AP16TD 1567,P.V,Non injured ,0
15.05.2016,1:40 PM,1201.2,RHS,Rural,Reningavaram,Collision Brush/Side Wipe, Mini lorry hit Unknown vehicle,Lorry,Minor injury,Over speed,Four lanes or more with central divider,Straight road,,Fine,AP16TD 1567,P.V,Animals affected,0
15.05.2016,1:50 PM,1317.4,LHS,Rural,Kavali,Overturning, Container vehicle Overturned to wards R,Container,Minor injury,Fault of driver of motor vehicle/driver of other vehicle/cyclist/pedestrian/passenger,Four lanes or more with central divider,Straight road,,Fine,TN34C    3335,P.V,Fatal,0
15.05.2016,1:50 PM,1317.4,LHS,Rural,Kavali,Overturning, Container vehicle Overturned to wards R,Container,Minor injury,Fault of driver of motor vehicle/driver of other vehicle/cyclist/pedestrian/passenger,Four lanes or more with central divider,Straight road,,Fine,TN34C    3335,P.V,Grevious,0
15.05.2016,1:50 PM,1317.4,LHS,Rural,Kavali,Overturning, Container vehicle Overturned to wards R,Container,Minor injury,Fault of driver of motor vehicle/driver of other vehicle/cyclist/pedestrian/passenger,Four lanes or more with central divider,Straight road,,Fine,TN34C    3335,P.V,Minor,2
15.05.2016,1:50 PM,1317.4,LHS,Rural,Kavali,Overturning, Container vehicle Overturned to wards R,Container,Minor injury,Fault of driver of motor vehicle/driver of other vehicle/cyclist/pedestrian/passenger,Four lanes or more with central divider,Straight road,,Fine,TN34C    3335,P.V,Non injured ,0
15.05.2016,1:50 PM,1317.4,LHS,Rural,Kavali,Overturning, Container vehicle Overturned to wards R,Container,Minor injury,Fault of driver of motor vehicle/driver of other vehicle/cyclist/pedestrian/passenger,Four lanes or more with central divider,Straight road,,Fine,TN34C    3335,P.V,Animals affected,0
16.05.2016,3:45 AM,1306.6,RHS,Rural,Gudluru,Overturning, Ape Auto    Over Turned,Auto,Minor injury,Fault of driver of motor vehicle/driver of other vehicle/cyclist/pedestrian/passenger,Four lanes or more with central divider,Straight road,,Fine,AP26TE  2607,P.V,Fatal,0
16.05.2016,3:45 AM,1306.6,RHS,Rural,Gudluru,Overturning, Ape Auto    Over Turned,Auto,Minor injury,Fault of driver of motor vehicle/driver of other vehicle/cyclist/pedestrian/passenger,Four lanes or more with central divider,Straight road,,Fine,AP26TE  2607,P.V,Grevious,0
16.05.2016,3:45 AM,1306.6,RHS,Rural,Gudluru,Overturning, Ape Auto    Over Turned,Auto,Minor injury,Fault of driver of motor vehicle/driver of other vehicle/cyclist/pedestrian/passenger,Four lanes or more with central divider,Straight road,,Fine,AP26TE  2607,P.V,Minor,2
16.05.2016,3:45 AM,1306.6,RHS,Rural,Gudluru,Overturning, Ape Auto    Over Turned,Auto,Minor injury,Fault of driver of motor vehicle/driver of other vehicle/cyclist/pedestrian/passenger,Four lanes or more with central divider,Straight road,,Fine,AP26TE  2607,P.V,Non injured ,2
16.05.2016,3:45 AM,1306.6,RHS,Rural,Gudluru,Overturning, Ape Auto    Over Turned,Auto,Minor injury,Fault of driver of motor vehicle/driver of other vehicle/cyclist/pedestrian/passenger,Four lanes or more with central divider,Straight road,,Fine,AP26TE  2607,P.V,Animals affected,0
17.05.2016,11:30 AM,1256.3,LHS,Rural,Tangutur,Overturning, Car  Over Turned,Car,Non injury,Defect in mechanical condition of motor vehicle/road condition,Four lanes or more with central divider,Straight road,,Fine,F/R Vehicle,P.V,Fatal,0
17.05.2016,11:30 AM,1256.3,LHS,Rural,Tangutur,Overturning, Car  Over Turned,Car,Non injury,Defect in mechanical condition of motor vehicle/road condition,Four lanes or more with central divider,Straight road,,Fine,F/R Vehicle,P.V,Grevious,0
17.05.2016,11:30 AM,1256.3,LHS,Rural,Tangutur,Overturning, Car  Over Turned,Car,Non injury,Defect in mechanical condition of motor vehicle/road condition,Four lanes or more with central divider,Straight road,,Fine,F/R Vehicle,P.V,Minor,0
17.05.2016,11:30 AM,1256.3,LHS,Rural,Tangutur,Overturning, Car  Over Turned,Car,Non injury,Defect in mechanical condition of motor vehicle/road condition,Four lanes or more with central divider,Straight road,,Fine,F/R Vehicle,P.V,Non injured ,6
17.05.2016,11:30 AM,1256.3,LHS,Rural,Tangutur,Overturning, Car  Over Turned,Car,Non injury,Defect in mechanical condition of motor vehicle/road condition,Four lanes or more with central divider,Straight road,,Fine,F/R Vehicle,P.V,Animals affected,0
18.05.2016,8:35 AM,1317.9,RHS,Rural,Kavali,Collision Brush/Side Wipe, Unknown vehicle hit Bike,Unknown,Fatal,Over speed,Two lanes,Straight road,,Fine,Unknown vehicle,P.V,Fatal,1
18.05.2016,8:35 AM,1317.9,RHS,Rural,Kavali,Collision Brush/Side Wipe, Unknown vehicle hit Bike,Unknown,Fatal,Over speed,Two lanes,Straight road,,Fine,Unknown vehicle,P.V,Grevious,0
18.05.2016,8:35 AM,1317.9,RHS,Rural,Kavali,Collision Brush/Side Wipe, Unknown vehicle hit Bike,Unknown,Fatal,Over speed,Two lanes,Straight road,,Fine,Unknown vehicle,P.V,Minor,0
18.05.2016,8:35 AM,1317.9,RHS,Rural,Kavali,Collision Brush/Side Wipe, Unknown vehicle hit Bike,Unknown,Fatal,Over speed,Two lanes,Straight road,,Fine,Unknown vehicle,P.V,Non injured ,0
18.05.2016,8:35 AM,1317.9,RHS,Rural,Kavali,Collision Brush/Side Wipe, Unknown vehicle hit Bike,Unknown,Fatal,Over speed,Two lanes,Straight road,,Fine,Unknown vehicle,P.V,Animals affected,0
19.05.2016,2:33 PM,1222.9,LHS,Rural,Medarametla,Overturning, Car  Over Turned,Car,Minor injury,Over speed,Four lanes or more with central divider,Slight curve,,Cloudy,TN09 BR  2361,PV&AMB,Fatal,0
19.05.2016,2:33 PM,1222.9,LHS,Rural,Medarametla,Overturning, Car  Over Turned,Car,Minor injury,Over speed,Four lanes or more with central divider,Slight curve,,Cloudy,TN09 BR  2361,PV&AMB,Grevious,0
19.05.2016,2:33 PM,1222.9,LHS,Rural,Medarametla,Overturning, Car  Over Turned,Car,Minor injury,Over speed,Four lanes or more with central divider,Slight curve,,Cloudy,TN09 BR  2361,PV&AMB,Minor,3
19.05.2016,2:33 PM,1222.9,LHS,Rural,Medarametla,Overturning, Car  Over Turned,Car,Minor injury,Over speed,Four lanes or more with central divider,Slight curve,,Cloudy,TN09 BR  2361,PV&AMB,Non injured ,3
19.05.2016,2:33 PM,1222.9,LHS,Rural,Medarametla,Overturning, Car  Over Turned,Car,Minor injury,Over speed,Four lanes or more with central divider,Slight curve,,Cloudy,TN09 BR  2361,PV&AMB,Animals affected,0
20.05.2016,6:05 PM,1355.6,LHS,Rural,Kodavaluru,Rear End Collision, Car hit Lorry,Car,Grievious injury,Over speed,Four lanes or more with central divider,Straight road,,Fine,AP26AS  3023,P.V ,Fatal,0
20.05.2016,6:05 PM,1355.6,LHS,Rural,Kodavaluru,Rear End Collision, Car hit Lorry,Car,Grievious injury,Over speed,Four lanes or more with central divider,Straight road,,Fine,AP26AS  3023,P.V ,Grevious,2
20.05.2016,6:05 PM,1355.6,LHS,Rural,Kodavaluru,Rear End Collision, Car hit Lorry,Car,Grievious injury,Over speed,Four lanes or more with central divider,Straight road,,Fine,AP26AS  3023,P.V ,Minor,3
20.05.2016,6:05 PM,1355.6,LHS,Rural,Kodavaluru,Rear End Collision, Car hit Lorry,Car,Grievious injury,Over speed,Four lanes or more with central divider,Straight road,,Fine,AP26AS  3023,P.V ,Non injured ,0
20.05.2016,6:05 PM,1355.6,LHS,Rural,Kodavaluru,Rear End Collision, Car hit Lorry,Car,Grievious injury,Over speed,Four lanes or more with central divider,Straight road,,Fine,AP26AS  3023,P.V ,Animals affected,0
20.05.2016,6:15 PM,1306,RHS,Rural,Gudluru,Collision Brush/Side Wipe, Lorry hit Bike,Lorry,Grievious injury,Fault of driver of motor vehicle/driver of other vehicle/cyclist/pedestrian/passenger,Four lanes or more with central divider,Straight road,,Fine,TN41P  1562,P.V ,Fatal,0
20.05.2016,6:15 PM,1306,RHS,Rural,Gudluru,Collision Brush/Side Wipe, Lorry hit Bike,Lorry,Grievious injury,Fault of driver of motor vehicle/driver of other vehicle/cyclist/pedestrian/passenger,Four lanes or more with central divider,Straight road,,Fine,TN41P  1562,P.V ,Grevious,1
20.05.2016,6:15 PM,1306,RHS,Rural,Gudluru,Collision Brush/Side Wipe, Lorry hit Bike,Lorry,Grievious injury,Fault of driver of motor vehicle/driver of other vehicle/cyclist/pedestrian/passenger,Four lanes or more with central divider,Straight road,,Fine,TN41P  1562,P.V ,Minor,0
20.05.2016,6:15 PM,1306,RHS,Rural,Gudluru,Collision Brush/Side Wipe, Lorry hit Bike,Lorry,Grievious injury,Fault of driver of motor vehicle/driver of other vehicle/cyclist/pedestrian/passenger,Four lanes or more with central divider,Straight road,,Fine,TN41P  1562,P.V ,Non injured ,0
20.05.2016,6:15 PM,1306,RHS,Rural,Gudluru,Collision Brush/Side Wipe, Lorry hit Bike,Lorry,Grievious injury,Fault of driver of motor vehicle/driver of other vehicle/cyclist/pedestrian/passenger,Four lanes or more with central divider,Straight road,,Fine,TN41P  1562,P.V ,Animals affected,0
22.05.2016,7:00 AM,1271.7,RHS,Rural,Jarugumalli,Collision Brush/Side Wipe, Ape Auto hit Pedestrian,Auto,Minor injury,Fault of driver of motor vehicle/driver of other vehicle/cyclist/pedestrian/passenger,Four lanes or more with central divider,Straight road,,Fine,AP27X 9424,AMB,Fatal,0
22.05.2016,7:00 AM,1271.7,RHS,Rural,Jarugumalli,Collision Brush/Side Wipe, Ape Auto hit Pedestrian,Auto,Minor injury,Fault of driver of motor vehicle/driver of other vehicle/cyclist/pedestrian/passenger,Four lanes or more with central divider,Straight road,,Fine,AP27X 9424,AMB,Grevious,0
22.05.2016,7:00 AM,1271.7,RHS,Rural,Jarugumalli,Collision Brush/Side Wipe, Ape Auto hit Pedestrian,Auto,Minor injury,Fault of driver of motor vehicle/driver of other vehicle/cyclist/pedestrian/passenger,Four lanes or more with central divider,Straight road,,Fine,AP27X 9424,AMB,Minor,1
22.05.2016,7:00 AM,1271.7,RHS,Rural,Jarugumalli,Collision Brush/Side Wipe, Ape Auto hit Pedestrian,Auto,Minor injury,Fault of driver of motor vehicle/driver of other vehicle/cyclist/pedestrian/passenger,Four lanes or more with central divider,Straight road,,Fine,AP27X 9424,AMB,Non injured ,1
22.05.2016,7:00 AM,1271.7,RHS,Rural,Jarugumalli,Collision Brush/Side Wipe, Ape Auto hit Pedestrian,Auto,Minor injury,Fault of driver of motor vehicle/driver of other vehicle/cyclist/pedestrian/passenger,Four lanes or more with central divider,Straight road,,Fine,AP27X 9424,AMB,Animals affected,0
22.05.2016,7:15 AM,1239.2,RHS,Rural,Ongole,Rear End Collision,Container Vehicle hit Car,Container,Non injury,Fault of driver of motor vehicle/driver of other vehicle/cyclist/pedestrian/passenger,Two lanes,Straight road,,Fine,NL01N  5221,P.V ,Fatal,0
22.05.2016,7:15 AM,1239.2,RHS,Rural,Ongole,Rear End Collision,Container Vehicle hit Car,Container,Non injury,Fault of driver of motor vehicle/driver of other vehicle/cyclist/pedestrian/passenger,Two lanes,Straight road,,Fine,NL01N  5221,P.V ,Grevious,0
22.05.2016,7:15 AM,1239.2,RHS,Rural,Ongole,Rear End Collision,Container Vehicle hit Car,Container,Non injury,Fault of driver of motor vehicle/driver of other vehicle/cyclist/pedestrian/passenger,Two lanes,Straight road,,Fine,NL01N  5221,P.V ,Minor,0
22.05.2016,7:15 AM,1239.2,RHS,Rural,Ongole,Rear End Collision,Container Vehicle hit Car,Container,Non injury,Fault of driver of motor vehicle/driver of other vehicle/cyclist/pedestrian/passenger,Two lanes,Straight road,,Fine,NL01N  5221,P.V ,Non injured ,3
22.05.2016,7:15 AM,1239.2,RHS,Rural,Ongole,Rear End Collision,Container Vehicle hit Car,Container,Non injury,Fault of driver of motor vehicle/driver of other vehicle/cyclist/pedestrian/passenger,Two lanes,Straight road,,Fine,NL01N  5221,P.V ,Animals affected,0
22.05.2016,11:50 AM,1288.5,RHS,Rural,Ulavapadu,Overturning,  Mini Lorry Overturned to wards ROW,Lorry,Minor injury,Over speed,Two lanes,Straight road,,Fine,AP03TA  7999,P.V ,Fatal,0
22.05.2016,11:50 AM,1288.5,RHS,Rural,Ulavapadu,Overturning,  Mini Lorry Overturned to wards ROW,Lorry,Minor injury,Over speed,Two lanes,Straight road,,Fine,AP03TA  7999,P.V ,Grevious,0
22.05.2016,11:50 AM,1288.5,RHS,Rural,Ulavapadu,Overturning,  Mini Lorry Overturned to wards ROW,Lorry,Minor injury,Over speed,Two lanes,Straight road,,Fine,AP03TA  7999,P.V ,Minor,2
22.05.2016,11:50 AM,1288.5,RHS,Rural,Ulavapadu,Overturning,  Mini Lorry Overturned to wards ROW,Lorry,Minor injury,Over speed,Two lanes,Straight road,,Fine,AP03TA  7999,P.V ,Non injured ,0
22.05.2016,11:50 AM,1288.5,RHS,Rural,Ulavapadu,Overturning,  Mini Lorry Overturned to wards ROW,Lorry,Minor injury,Over speed,Two lanes,Straight road,,Fine,AP03TA  7999,P.V ,Animals affected,0
23.05.2016,9:30 AM,1255.5,RHS,Rural,Tangutur,Collision Brush/Side Wipe, Bike hit Bike,Bike,Grievious injury,Over speed,Four lanes or more with central divider,Straight road,,Fine,AP27BG 3533,P.V ,Fatal,0
23.05.2016,9:30 AM,1255.5,RHS,Rural,Tangutur,Collision Brush/Side Wipe, Bike hit Bike,Bike,Grievious injury,Over speed,Four lanes or more with central divider,Straight road,,Fine,AP27BG 3533,P.V ,Grevious,1
23.05.2016,9:30 AM,1255.5,RHS,Rural,Tangutur,Collision Brush/Side Wipe, Bike hit Bike,Bike,Grievious injury,Over speed,Four lanes or more with central divider,Straight road,,Fine,AP27BG 3533,P.V ,Minor,0
23.05.2016,9:30 AM,1255.5,RHS,Rural,Tangutur,Collision Brush/Side Wipe, Bike hit Bike,Bike,Grievious injury,Over speed,Four lanes or more with central divider,Straight road,,Fine,AP27BG 3533,P.V ,Non injured ,1
23.05.2016,9:30 AM,1255.5,RHS,Rural,Tangutur,Collision Brush/Side Wipe, Bike hit Bike,Bike,Grievious injury,Over speed,Four lanes or more with central divider,Straight road,,Fine,AP27BG 3533,P.V ,Animals affected,0
23.05.2016,7:30 PM,1225.4,RHS,Rural,Maddipadu,Collision Brush/Side Wipe, Car hit Lorry,Car,Grievious injury,Over speed,Three lanes or more without central divider(median),Straight road,T-Junction,Fine,AP7CS  9259,P.V ,Fatal,0
23.05.2016,7:30 PM,1225.4,RHS,Rural,Maddipadu,Collision Brush/Side Wipe, Car hit Lorry,Car,Grievious injury,Over speed,Three lanes or more without central divider(median),Straight road,T-Junction,Fine,AP7CS  9259,P.V ,Grevious,2
23.05.2016,7:30 PM,1225.4,RHS,Rural,Maddipadu,Collision Brush/Side Wipe, Car hit Lorry,Car,Grievious injury,Over speed,Three lanes or more without central divider(median),Straight road,T-Junction,Fine,AP7CS  9259,P.V ,Minor,0
23.05.2016,7:30 PM,1225.4,RHS,Rural,Maddipadu,Collision Brush/Side Wipe, Car hit Lorry,Car,Grievious injury,Over speed,Three lanes or more without central divider(median),Straight road,T-Junction,Fine,AP7CS  9259,P.V ,Non injured ,0
23.05.2016,7:30 PM,1225.4,RHS,Rural,Maddipadu,Collision Brush/Side Wipe, Car hit Lorry,Car,Grievious injury,Over speed,Three lanes or more without central divider(median),Straight road,T-Junction,Fine,AP7CS  9259,P.V ,Animals affected,0
24.05.2016,5:00 AM,1218.5,LHS,Rural,Medarametla,Rear End Collision, APSRTC Bus hit Lorry,Bus,Minor injury,Fault of driver of motor vehicle/driver of other vehicle/cyclist/pedestrian/passenger,Four lanes or more with central divider,Straight road,,Fine,AP29Z 3060,P.V ,Fatal,0
24.05.2016,5:00 AM,1218.5,LHS,Rural,Medarametla,Rear End Collision, APSRTC Bus hit Lorry,Bus,Minor injury,Fault of driver of motor vehicle/driver of other vehicle/cyclist/pedestrian/passenger,Four lanes or more with central divider,Straight road,,Fine,AP29Z 3060,P.V ,Grevious,0
24.05.2016,5:00 AM,1218.5,LHS,Rural,Medarametla,Rear End Collision, APSRTC Bus hit Lorry,Bus,Minor injury,Fault of driver of motor vehicle/driver of other vehicle/cyclist/pedestrian/passenger,Four lanes or more with central divider,Straight road,,Fine,AP29Z 3060,P.V ,Minor,4
24.05.2016,5:00 AM,1218.5,LHS,Rural,Medarametla,Rear End Collision, APSRTC Bus hit Lorry,Bus,Minor injury,Fault of driver of motor vehicle/driver of other vehicle/cyclist/pedestrian/passenger,Four lanes or more with central divider,Straight road,,Fine,AP29Z 3060,P.V ,Non injured ,21
24.05.2016,5:00 AM,1218.5,LHS,Rural,Medarametla,Rear End Collision, APSRTC Bus hit Lorry,Bus,Minor injury,Fault of driver of motor vehicle/driver of other vehicle/cyclist/pedestrian/passenger,Four lanes or more with central divider,Straight road,,Fine,AP29Z 3060,P.V ,Animals affected,0
24.05.2016,6:10 AM,1361.3,LHS,Rural,Kovuru,Rear End Collision, Lorry hit Container vehicle,Lorry,Grievious injury,Over speed,Four lanes or more with central divider,Straight road,,Fine,AP07TU 0276,P.V ,Fatal,0
24.05.2016,6:10 AM,1361.3,LHS,Rural,Kovuru,Rear End Collision, Lorry hit Container vehicle,Lorry,Grievious injury,Over speed,Four lanes or more with central divider,Straight road,,Fine,AP07TU 0276,P.V ,Grevious,1
24.05.2016,6:10 AM,1361.3,LHS,Rural,Kovuru,Rear End Collision, Lorry hit Container vehicle,Lorry,Grievious injury,Over speed,Four lanes or more with central divider,Straight road,,Fine,AP07TU 0276,P.V ,Minor,1
24.05.2016,6:10 AM,1361.3,LHS,Rural,Kovuru,Rear End Collision, Lorry hit Container vehicle,Lorry,Grievious injury,Over speed,Four lanes or more with central divider,Straight road,,Fine,AP07TU 0276,P.V ,Non injured ,2
24.05.2016,6:10 AM,1361.3,LHS,Rural,Kovuru,Rear End Collision, Lorry hit Container vehicle,Lorry,Grievious injury,Over speed,Four lanes or more with central divider,Straight road,,Fine,AP07TU 0276,P.V ,Animals affected,0
24.05.2016,10:20 AM,1355.4,LHS,Rural,Kodavaluru,Rear End Collision, Lorry hit Container vehicle,Lorry,Fatal,Over speed,Four lanes or more with central divider,Straight road,,Fine,AP26TE 0138,P.V ,Fatal,1
24.05.2016,10:20 AM,1355.4,LHS,Rural,Kodavaluru,Rear End Collision, Lorry hit Container vehicle,Lorry,Fatal,Over speed,Four lanes or more with central divider,Straight road,,Fine,AP26TE 0138,P.V ,Grevious,0
24.05.2016,10:20 AM,1355.4,LHS,Rural,Kodavaluru,Rear End Collision, Lorry hit Container vehicle,Lorry,Fatal,Over speed,Four lanes or more with central divider,Straight road,,Fine,AP26TE 0138,P.V ,Minor,0
24.05.2016,10:20 AM,1355.4,LHS,Rural,Kodavaluru,Rear End Collision, Lorry hit Container vehicle,Lorry,Fatal,Over speed,Four lanes or more with central divider,Straight road,,Fine,AP26TE 0138,P.V ,Non injured ,1
24.05.2016,10:20 AM,1355.4,LHS,Rural,Kodavaluru,Rear End Collision, Lorry hit Container vehicle,Lorry,Fatal,Over speed,Four lanes or more with central divider,Straight road,,Fine,AP26TE 0138,P.V ,Animals affected,0