Operational date,Time of Accident,KM && M,Position,Rural/Urban,Location,Nature of Accident Position,Nature of Accident,Vehicle Involved,Type of Accident,Causes,Road Feature,Road condition,Intersection Type And Control,Weather Condition,Vehicle Responsible,Help Provided by Ambulance/Patroling Vehicle,Classification of Accident,No of Affected Persons
03.06.2016,5:00 PM,1314.2,RHS,Rural,Kavali,Overturning, Car overturned,Car,Minor injury,Over speed,Four lanes or more with central divider,Straight road,,Fine,AP02AJ 4466,P.V,Animals affected,0
03.06.2016,9:45 PM,1279.5,LHS,Rural,Singarayakonda,Rear End Collision, Container vehicle hit unknown vehicle,Container,Non injury,Fault of driver of motor vehicle/driver of other vehicle/cyclist/pedestrian/passenger,Four lanes or more with central divider,Slight curve,,Fine,HR55P  0492,P.V,Fatal,0
03.06.2016,9:45 PM,1279.5,LHS,Rural,Singarayakonda,Rear End Collision, Container vehicle hit unknown vehicle,Container,Non injury,Fault of driver of motor vehicle/driver of other vehicle/cyclist/pedestrian/passenger,Four lanes or more with central divider,Slight curve,,Fine,HR55P  0492,P.V,Grevious,0
03.06.2016,9:45 PM,1279.5,LHS,Rural,Singarayakonda,Rear End Collision, Container vehicle hit unknown vehicle,Container,Non injury,Fault of driver of motor vehicle/driver of other vehicle/cyclist/pedestrian/passenger,Four lanes or more with central divider,Slight curve,,Fine,HR55P  0492,P.V,Minor,0
03.06.2016,9:45 PM,1279.5,LHS,Rural,Singarayakonda,Rear End Collision, Container vehicle hit unknown vehicle,Container,Non injury,Fault of driver of motor vehicle/driver of other vehicle/cyclist/pedestrian/passenger,Four lanes or more with central divider,Slight curve,,Fine,HR55P  0492,P.V,Non injured ,1
03.06.2016,9:45 PM,1279.5,LHS,Rural,Singarayakonda,Rear End Collision, Container vehicle hit unknown vehicle,Container,Non injury,Fault of driver of motor vehicle/driver of other vehicle/cyclist/pedestrian/passenger,Four lanes or more with central divider,Slight curve,,Fine,HR55P  0492,P.V,Animals affected,0
04.06.2016,3:40 AM,1348.2,LHS,Rural,Dagadarthi,Rear End Collision,Private Bus hit Unknown Vehicle,Bus,Grievious injury,Over speed,Four lanes or more with central divider,Straight road,,Fine,AP31TC 0858,P.V,Fatal,0
04.06.2016,3:40 AM,1348.2,LHS,Rural,Dagadarthi,Rear End Collision,Private Bus hit Unknown Vehicle,Bus,Grievious injury,Over speed,Four lanes or more with central divider,Straight road,,Fine,AP31TC 0858,P.V,Grevious,1
04.06.2016,3:40 AM,1348.2,LHS,Rural,Dagadarthi,Rear End Collision,Private Bus hit Unknown Vehicle,Bus,Grievious injury,Over speed,Four lanes or more with central divider,Straight road,,Fine,AP31TC 0858,P.V,Minor,2
04.06.2016,3:40 AM,1348.2,LHS,Rural,Dagadarthi,Rear End Collision,Private Bus hit Unknown Vehicle,Bus,Grievious injury,Over speed,Four lanes or more with central divider,Straight road,,Fine,AP31TC 0858,P.V,Non injured ,14
04.06.2016,3:40 AM,1348.2,LHS,Rural,Dagadarthi,Rear End Collision,Private Bus hit Unknown Vehicle,Bus,Grievious injury,Over speed,Four lanes or more with central divider,Straight road,,Fine,AP31TC 0858,P.V,Animals affected,0
04.06.2016,8:30 AM,1235.3,LHS,Rural,Maddipadu,Collision Brush/Side Wipe, Car hit Lorry,Car,Non injury,Over speed,Four lanes or more with central divider,Straight road,Four arm junction,Fine,AP28BX  3611,P.V ,Fatal,0
04.06.2016,8:30 AM,1235.3,LHS,Rural,Maddipadu,Collision Brush/Side Wipe, Car hit Lorry,Car,Non injury,Over speed,Four lanes or more with central divider,Straight road,Four arm junction,Fine,AP28BX  3611,P.V ,Grevious,0
04.06.2016,8:30 AM,1235.3,LHS,Rural,Maddipadu,Collision Brush/Side Wipe, Car hit Lorry,Car,Non injury,Over speed,Four lanes or more with central divider,Straight road,Four arm junction,Fine,AP28BX  3611,P.V ,Minor,0
04.06.2016,8:30 AM,1235.3,LHS,Rural,Maddipadu,Collision Brush/Side Wipe, Car hit Lorry,Car,Non injury,Over speed,Four lanes or more with central divider,Straight road,Four arm junction,Fine,AP28BX  3611,P.V ,Non injured ,4
04.06.2016,8:30 AM,1235.3,LHS,Rural,Maddipadu,Collision Brush/Side Wipe, Car hit Lorry,Car,Non injury,Over speed,Four lanes or more with central divider,Straight road,Four arm junction,Fine,AP28BX  3611,P.V ,Animals affected,0
05.06.2016,9:50 AM,1254.9,LHS,Rural,Tangutur,Overturning, Car overturned,Car,Minor injury,Over speed,Four lanes or more with central divider,Straight road,,Fine,AP28TQ  0359,P.V,Fatal,0
05.06.2016,9:50 AM,1254.9,LHS,Rural,Tangutur,Overturning, Car overturned,Car,Minor injury,Over speed,Four lanes or more with central divider,Straight road,,Fine,AP28TQ  0359,P.V,Grevious,0
05.06.2016,9:50 AM,1254.9,LHS,Rural,Tangutur,Overturning, Car overturned,Car,Minor injury,Over speed,Four lanes or more with central divider,Straight road,,Fine,AP28TQ  0359,P.V,Minor,3
05.06.2016,9:50 AM,1254.9,LHS,Rural,Tangutur,Overturning, Car overturned,Car,Minor injury,Over speed,Four lanes or more with central divider,Straight road,,Fine,AP28TQ  0359,P.V,Non injured ,5
05.06.2016,9:50 AM,1254.9,LHS,Rural,Tangutur,Overturning, Car overturned,Car,Minor injury,Over speed,Four lanes or more with central divider,Straight road,,Fine,AP28TQ  0359,P.V,Animals affected,0
05.06.2016,4:50 PM,1222,LHS,Rural,Medarametla,Overturning, Car overturned,Car,Non injury,Defect in mechanical condition of motor vehicle/road condition,Four lanes or more with central divider,Straight road,,Fine,AP26AC  4763,P.V,Fatal,0
05.06.2016,4:50 PM,1222,LHS,Rural,Medarametla,Overturning, Car overturned,Car,Non injury,Defect in mechanical condition of motor vehicle/road condition,Four lanes or more with central divider,Straight road,,Fine,AP26AC  4763,P.V,Grevious,0
05.06.2016,4:50 PM,1222,LHS,Rural,Medarametla,Overturning, Car overturned,Car,Non injury,Defect in mechanical condition of motor vehicle/road condition,Four lanes or more with central divider,Straight road,,Fine,AP26AC  4763,P.V,Minor,0
05.06.2016,4:50 PM,1222,LHS,Rural,Medarametla,Overturning, Car overturned,Car,Non injury,Defect in mechanical condition of motor vehicle/road condition,Four lanes or more with central divider,Straight road,,Fine,AP26AC  4763,P.V,Non injured ,2
05.06.2016,4:50 PM,1222,LHS,Rural,Medarametla,Overturning, Car overturned,Car,Non injury,Defect in mechanical condition of motor vehicle/road condition,Four lanes or more with central divider,Straight road,,Fine,AP26AC  4763,P.V,Animals affected,0
05.06.2016,6:20 PM,1187.2,RHS,Rural,Martur,Collision Brush/Side Wipe, Bike hit Pedestrian,Bike,Grievious injury,Druken,Four lanes or more with central divider,Straight road,,Fine,AP07BE  3322,AMB,Fatal,0
05.06.2016,6:20 PM,1187.2,RHS,Rural,Martur,Collision Brush/Side Wipe, Bike hit Pedestrian,Bike,Grievious injury,Druken,Four lanes or more with central divider,Straight road,,Fine,AP07BE  3322,AMB,Grevious,2
05.06.2016,6:20 PM,1187.2,RHS,Rural,Martur,Collision Brush/Side Wipe, Bike hit Pedestrian,Bike,Grievious injury,Druken,Four lanes or more with central divider,Straight road,,Fine,AP07BE  3322,AMB,Minor,0
05.06.2016,6:20 PM,1187.2,RHS,Rural,Martur,Collision Brush/Side Wipe, Bike hit Pedestrian,Bike,Grievious injury,Druken,Four lanes or more with central divider,Straight road,,Fine,AP07BE  3322,AMB,Non injured ,0
05.06.2016,6:20 PM,1187.2,RHS,Rural,Martur,Collision Brush/Side Wipe, Bike hit Pedestrian,Bike,Grievious injury,Druken,Four lanes or more with central divider,Straight road,,Fine,AP07BE  3322,AMB,Animals affected,0
06.06.2016,3:00 AM,1229.2,LHS,Rural,Maddipadu,Collision Brush/Side Wipe, APSRTC Bus hit CC Barriers,Bus,Grievious injury,Defect in mechanical condition of motor vehicle/road condition,Four lanes or more with central divider,Straight road,,Fine,AP26TE   6630,P.V,Fatal,0
06.06.2016,3:00 AM,1229.2,LHS,Rural,Maddipadu,Collision Brush/Side Wipe, APSRTC Bus hit CC Barriers,Bus,Grievious injury,Defect in mechanical condition of motor vehicle/road condition,Four lanes or more with central divider,Straight road,,Fine,AP26TE   6630,P.V,Grevious,1
06.06.2016,3:00 AM,1229.2,LHS,Rural,Maddipadu,Collision Brush/Side Wipe, APSRTC Bus hit CC Barriers,Bus,Grievious injury,Defect in mechanical condition of motor vehicle/road condition,Four lanes or more with central divider,Straight road,,Fine,AP26TE   6630,P.V,Minor,0
06.06.2016,3:00 AM,1229.2,LHS,Rural,Maddipadu,Collision Brush/Side Wipe, APSRTC Bus hit CC Barriers,Bus,Grievious injury,Defect in mechanical condition of motor vehicle/road condition,Four lanes or more with central divider,Straight road,,Fine,AP26TE   6630,P.V,Non injured ,36
06.06.2016,3:00 AM,1229.2,LHS,Rural,Maddipadu,Collision Brush/Side Wipe, APSRTC Bus hit CC Barriers,Bus,Grievious injury,Defect in mechanical condition of motor vehicle/road condition,Four lanes or more with central divider,Straight road,,Fine,AP26TE   6630,P.V,Animals affected,0
06.06.2016,11:30 PM,1221.6,LHS,Rural,Medarametla,Head on collision, Tata Ace Vehicle hit Car,Tata Ace,Minor injury,Fault of driver of motor vehicle/driver of other vehicle/cyclist/pedestrian/passenger,Four lanes or more with central divider,Slight curve,,Fine,AP27TT   5290,P.V,Fatal,0
06.06.2016,11:30 PM,1221.6,LHS,Rural,Medarametla,Head on collision, Tata Ace Vehicle hit Car,Tata Ace,Minor injury,Fault of driver of motor vehicle/driver of other vehicle/cyclist/pedestrian/passenger,Four lanes or more with central divider,Slight curve,,Fine,AP27TT   5290,P.V,Grevious,0
06.06.2016,11:30 PM,1221.6,LHS,Rural,Medarametla,Head on collision, Tata Ace Vehicle hit Car,Tata Ace,Minor injury,Fault of driver of motor vehicle/driver of other vehicle/cyclist/pedestrian/passenger,Four lanes or more with central divider,Slight curve,,Fine,AP27TT   5290,P.V,Minor,1
06.06.2016,11:30 PM,1221.6,LHS,Rural,Medarametla,Head on collision, Tata Ace Vehicle hit Car,Tata Ace,Minor injury,Fault of driver of motor vehicle/driver of other vehicle/cyclist/pedestrian/passenger,Four lanes or more with central divider,Slight curve,,Fine,AP27TT   5290,P.V,Non injured ,6
06.06.2016,11:30 PM,1221.6,LHS,Rural,Medarametla,Head on collision, Tata Ace Vehicle hit Car,Tata Ace,Minor injury,Fault of driver of motor vehicle/driver of other vehicle/cyclist/pedestrian/passenger,Four lanes or more with central divider,Slight curve,,Fine,AP27TT   5290,P.V,Animals affected,0
08.06.2016,4:40 AM,1247.6,LHS,Rural,Urban,Rear End Collision, Lorry hit Unknown vehicle,Lorry,Non injury,Fault of driver of motor vehicle/driver of other vehicle/cyclist/pedestrian/passenger,Four lanes or more with central divider,Straight road,,Fine,TN48J 2718,P.V,Fatal,0
08.06.2016,4:40 AM,1247.6,LHS,Rural,Urban,Rear End Collision, Lorry hit Unknown vehicle,Lorry,Non injury,Fault of driver of motor vehicle/driver of other vehicle/cyclist/pedestrian/passenger,Four lanes or more with central divider,Straight road,,Fine,TN48J 2718,P.V,Grevious,0
08.06.2016,4:40 AM,1247.6,LHS,Rural,Urban,Rear End Collision, Lorry hit Unknown vehicle,Lorry,Non injury,Fault of driver of motor vehicle/driver of other vehicle/cyclist/pedestrian/passenger,Four lanes or more with central divider,Straight road,,Fine,TN48J 2718,P.V,Minor,0
08.06.2016,4:40 AM,1247.6,LHS,Rural,Urban,Rear End Collision, Lorry hit Unknown vehicle,Lorry,Non injury,Fault of driver of motor vehicle/driver of other vehicle/cyclist/pedestrian/passenger,Four lanes or more with central divider,Straight road,,Fine,TN48J 2718,P.V,Non injured ,2
08.06.2016,4:40 AM,1247.6,LHS,Rural,Urban,Rear End Collision, Lorry hit Unknown vehicle,Lorry,Non injury,Fault of driver of motor vehicle/driver of other vehicle/cyclist/pedestrian/passenger,Four lanes or more with central divider,Straight road,,Fine,TN48J 2718,P.V,Animals affected,0
10.06.2016,12:50 PM,1313.5,LHS,Rural,Kavali,Rear End Collision, Lorry hit Tipper,Lorry,Grievious injury,Over speed,Four lanes or more with central divider,Straight road,,Fine,AP16TY 6485,P.V&AMB,Fatal,0
10.06.2016,12:50 PM,1313.5,LHS,Rural,Kavali,Rear End Collision, Lorry hit Tipper,Lorry,Grievious injury,Over speed,Four lanes or more with central divider,Straight road,,Fine,AP16TY 6485,P.V&AMB,Grevious,4
10.06.2016,12:50 PM,1313.5,LHS,Rural,Kavali,Rear End Collision, Lorry hit Tipper,Lorry,Grievious injury,Over speed,Four lanes or more with central divider,Straight road,,Fine,AP16TY 6485,P.V&AMB,Minor,0
10.06.2016,12:50 PM,1313.5,LHS,Rural,Kavali,Rear End Collision, Lorry hit Tipper,Lorry,Grievious injury,Over speed,Four lanes or more with central divider,Straight road,,Fine,AP16TY 6485,P.V&AMB,Non injured ,1
10.06.2016,12:50 PM,1313.5,LHS,Rural,Kavali,Rear End Collision, Lorry hit Tipper,Lorry,Grievious injury,Over speed,Four lanes or more with central divider,Straight road,,Fine,AP16TY 6485,P.V&AMB,Animals affected,0
11.06.2016,7:55 AM,1225.5,RHS,Rural,Maddipadu,Collision Brush/Side Wipe, Unknown vehicle hit Pedestrian,Unknown,Fatal,Over speed,Four lanes or more with central divider,Straight road,,Fine,Unknown vehicle,P.V,Fatal,1
11.06.2016,7:55 AM,1225.5,RHS,Rural,Maddipadu,Collision Brush/Side Wipe, Unknown vehicle hit Pedestrian,Unknown,Fatal,Over speed,Four lanes or more with central divider,Straight road,,Fine,Unknown vehicle,P.V,Grevious,0
11.06.2016,7:55 AM,1225.5,RHS,Rural,Maddipadu,Collision Brush/Side Wipe, Unknown vehicle hit Pedestrian,Unknown,Fatal,Over speed,Four lanes or more with central divider,Straight road,,Fine,Unknown vehicle,P.V,Minor,0
11.06.2016,7:55 AM,1225.5,RHS,Rural,Maddipadu,Collision Brush/Side Wipe, Unknown vehicle hit Pedestrian,Unknown,Fatal,Over speed,Four lanes or more with central divider,Straight road,,Fine,Unknown vehicle,P.V,Non injured ,0
11.06.2016,7:55 AM,1225.5,RHS,Rural,Maddipadu,Collision Brush/Side Wipe, Unknown vehicle hit Pedestrian,Unknown,Fatal,Over speed,Four lanes or more with central divider,Straight road,,Fine,Unknown vehicle,P.V,Animals affected,0
11.06.2016,10:00 AM,1268.3,LHS,Rural,Jarugumalli,Skidding, Bike skidding,Bike,Grievious injury,Over speed,Two lanes,Straight road,,Fine,AP27BH 0865,AMB,Fatal,0
11.06.2016,10:00 AM,1268.3,LHS,Rural,Jarugumalli,Skidding, Bike skidding,Bike,Grievious injury,Over speed,Two lanes,Straight road,,Fine,AP27BH 0865,AMB,Grevious,1
11.06.2016,10:00 AM,1268.3,LHS,Rural,Jarugumalli,Skidding, Bike skidding,Bike,Grievious injury,Over speed,Two lanes,Straight road,,Fine,AP27BH 0865,AMB,Minor,0
11.06.2016,10:00 AM,1268.3,LHS,Rural,Jarugumalli,Skidding, Bike skidding,Bike,Grievious injury,Over speed,Two lanes,Straight road,,Fine,AP27BH 0865,AMB,Non injured ,0
11.06.2016,10:00 AM,1268.3,LHS,Rural,Jarugumalli,Skidding, Bike skidding,Bike,Grievious injury,Over speed,Two lanes,Straight road,,Fine,AP27BH 0865,AMB,Animals affected,0
12.06.2016,4:20 AM,1207.4,RHS,Rural,Reningavaram,Rear End Collision, Lorry hit Median,Lorry,Non injury,Fault of driver of motor vehicle/driver of other vehicle/cyclist/pedestrian/passenger,Four lanes or more with central divider,Straight road,,Fine,TN16B 9393,P.V,Fatal,0
12.06.2016,4:20 AM,1207.4,RHS,Rural,Reningavaram,Rear End Collision, Lorry hit Median,Lorry,Non injury,Fault of driver of motor vehicle/driver of other vehicle/cyclist/pedestrian/passenger,Four lanes or more with central divider,Straight road,,Fine,TN16B 9393,P.V,Grevious,0
12.06.2016,4:20 AM,1207.4,RHS,Rural,Reningavaram,Rear End Collision, Lorry hit Median,Lorry,Non injury,Fault of driver of motor vehicle/driver of other vehicle/cyclist/pedestrian/passenger,Four lanes or more with central divider,Straight road,,Fine,TN16B 9393,P.V,Minor,0
12.06.2016,4:20 AM,1207.4,RHS,Rural,Reningavaram,Rear End Collision, Lorry hit Median,Lorry,Non injury,Fault of driver of motor vehicle/driver of other vehicle/cyclist/pedestrian/passenger,Four lanes or more with central divider,Straight road,,Fine,TN16B 9393,P.V,Non injured ,1
12.06.2016,4:20 AM,1207.4,RHS,Rural,Reningavaram,Rear End Collision, Lorry hit Median,Lorry,Non injury,Fault of driver of motor vehicle/driver of other vehicle/cyclist/pedestrian/passenger,Four lanes or more with central divider,Straight road,,Fine,TN16B 9393,P.V,Animals affected,0
13.06.2016,3:05 AM,1196.2,RHS,Rural,Martur,Skidding, Bike Skidding,Bike,Fatal,Over speed,Four lanes or more with central divider,Straight road,,Fine,AP27AW 8468,P.V,Fatal,1
13.06.2016,3:05 AM,1196.2,RHS,Rural,Martur,Skidding, Bike Skidding,Bike,Fatal,Over speed,Four lanes or more with central divider,Straight road,,Fine,AP27AW 8468,P.V,Grevious,0
13.06.2016,3:05 AM,1196.2,RHS,Rural,Martur,Skidding, Bike Skidding,Bike,Fatal,Over speed,Four lanes or more with central divider,Straight road,,Fine,AP27AW 8468,P.V,Minor,0
13.06.2016,3:05 AM,1196.2,RHS,Rural,Martur,Skidding, Bike Skidding,Bike,Fatal,Over speed,Four lanes or more with central divider,Straight road,,Fine,AP27AW 8468,P.V,Non injured ,0
13.06.2016,3:05 AM,1196.2,RHS,Rural,Martur,Skidding, Bike Skidding,Bike,Fatal,Over speed,Four lanes or more with central divider,Straight road,,Fine,AP27AW 8468,P.V,Animals affected,0
13.06.2016,3:30 AM,1317.1,LHS,Rural,Kavali,Collision Brush/Side Wipe, Container Vehicle hit  Median,Container,Non injury,Fault of driver of motor vehicle/driver of other vehicle/cyclist/pedestrian/passenger,Four lanes or more with central divider,Straight road,,Fine,AP31TE 4888,P.V,Fatal,0
13.06.2016,3:30 AM,1317.1,LHS,Rural,Kavali,Collision Brush/Side Wipe, Container Vehicle hit  Median,Container,Non injury,Fault of driver of motor vehicle/driver of other vehicle/cyclist/pedestrian/passenger,Four lanes or more with central divider,Straight road,,Fine,AP31TE 4888,P.V,Grevious,0
13.06.2016,3:30 AM,1317.1,LHS,Rural,Kavali,Collision Brush/Side Wipe, Container Vehicle hit  Median,Container,Non injury,Fault of driver of motor vehicle/driver of other vehicle/cyclist/pedestrian/passenger,Four lanes or more with central divider,Straight road,,Fine,AP31TE 4888,P.V,Minor,0
13.06.2016,3:30 AM,1317.1,LHS,Rural,Kavali,Collision Brush/Side Wipe, Container Vehicle hit  Median,Container,Non injury,Fault of driver of motor vehicle/driver of other vehicle/cyclist/pedestrian/passenger,Four lanes or more with central divider,Straight road,,Fine,AP31TE 4888,P.V,Non injured ,1
13.06.2016,3:30 AM,1317.1,LHS,Rural,Kavali,Collision Brush/Side Wipe, Container Vehicle hit  Median,Container,Non injury,Fault of driver of motor vehicle/driver of other vehicle/cyclist/pedestrian/passenger,Four lanes or more with central divider,Straight road,,Fine,AP31TE 4888,P.V,Animals affected,0
13.06.2016,5:50 PM,1203,RHS,Rural,Reningavaram,Skidding, Bike Skidding,Bike,Grievious injury,Druken,Four lanes or more with central divider,Straight road,,Fine,AP16BG      7206,AMB,Fatal,0
13.06.2016,5:50 PM,1203,RHS,Rural,Reningavaram,Skidding, Bike Skidding,Bike,Grievious injury,Druken,Four lanes or more with central divider,Straight road,,Fine,AP16BG      7206,AMB,Grevious,1
13.06.2016,5:50 PM,1203,RHS,Rural,Reningavaram,Skidding, Bike Skidding,Bike,Grievious injury,Druken,Four lanes or more with central divider,Straight road,,Fine,AP16BG      7206,AMB,Minor,0
13.06.2016,5:50 PM,1203,RHS,Rural,Reningavaram,Skidding, Bike Skidding,Bike,Grievious injury,Druken,Four lanes or more with central divider,Straight road,,Fine,AP16BG      7206,AMB,Non injured ,0
13.06.2016,5:50 PM,1203,RHS,Rural,Reningavaram,Skidding, Bike Skidding,Bike,Grievious injury,Druken,Four lanes or more with central divider,Straight road,,Fine,AP16BG      7206,AMB,Animals affected,0
14.06.2016,6:30 AM,1287.2,RHS,Rural,Ulavapadu,Rear End Collision, Lorry hit Container Vehicle,Lorry,Non injury,Fault of driver of motor vehicle/driver of other vehicle/cyclist/pedestrian/passenger,Four lanes or more with central divider,Straight road,,Fine,AP16TG  6199,P.V,Fatal,0
14.06.2016,6:30 AM,1287.2,RHS,Rural,Ulavapadu,Rear End Collision, Lorry hit Container Vehicle,Lorry,Non injury,Fault of driver of motor vehicle/driver of other vehicle/cyclist/pedestrian/passenger,Four lanes or more with central divider,Straight road,,Fine,AP16TG  6199,P.V,Grevious,0
14.06.2016,6:30 AM,1287.2,RHS,Rural,Ulavapadu,Rear End Collision, Lorry hit Container Vehicle,Lorry,Non injury,Fault of driver of motor vehicle/driver of other vehicle/cyclist/pedestrian/passenger,Four lanes or more with central divider,Straight road,,Fine,AP16TG  6199,P.V,Minor,0
14.06.2016,6:30 AM,1287.2,RHS,Rural,Ulavapadu,Rear End Collision, Lorry hit Container Vehicle,Lorry,Non injury,Fault of driver of motor vehicle/driver of other vehicle/cyclist/pedestrian/passenger,Four lanes or more with central divider,Straight road,,Fine,AP16TG  6199,P.V,Non injured ,4
14.06.2016,6:30 AM,1287.2,RHS,Rural,Ulavapadu,Rear End Collision, Lorry hit Container Vehicle,Lorry,Non injury,Fault of driver of motor vehicle/driver of other vehicle/cyclist/pedestrian/passenger,Four lanes or more with central divider,Straight road,,Fine,AP16TG  6199,P.V,Animals affected,0
15.06.2016,9:40 PM,1187.8,RHS,Rural,Martur,Skidding, Bike skidding,Bike,Grievious injury,Over speed,Four lanes or more with central divider,Straight road,,Fine,AP16AM 7174,P.V,Fatal,0
15.06.2016,9:40 PM,1187.8,RHS,Rural,Martur,Skidding, Bike skidding,Bike,Grievious injury,Over speed,Four lanes or more with central divider,Straight road,,Fine,AP16AM 7174,P.V,Grevious,2
15.06.2016,9:40 PM,1187.8,RHS,Rural,Martur,Skidding, Bike skidding,Bike,Grievious injury,Over speed,Four lanes or more with central divider,Straight road,,Fine,AP16AM 7174,P.V,Minor,0
15.06.2016,9:40 PM,1187.8,RHS,Rural,Martur,Skidding, Bike skidding,Bike,Grievious injury,Over speed,Four lanes or more with central divider,Straight road,,Fine,AP16AM 7174,P.V,Non injured ,0
15.06.2016,9:40 PM,1187.8,RHS,Rural,Martur,Skidding, Bike skidding,Bike,Grievious injury,Over speed,Four lanes or more with central divider,Straight road,,Fine,AP16AM 7174,P.V,Animals affected,0
15.06.2016,10:35 PM,1218.6,LHS,Rural,Medarametla,Collision Brush/Side Wipe, Tempo Van hit median,Van,Non injury,Fault of driver of motor vehicle/driver of other vehicle/cyclist/pedestrian/passenger,Four lanes or more with central divider,Straight road,,Fine,TN23CC  3652,P.V,Fatal,0
15.06.2016,10:35 PM,1218.6,LHS,Rural,Medarametla,Collision Brush/Side Wipe, Tempo Van hit median,Van,Non injury,Fault of driver of motor vehicle/driver of other vehicle/cyclist/pedestrian/passenger,Four lanes or more with central divider,Straight road,,Fine,TN23CC  3652,P.V,Grevious,0
15.06.2016,10:35 PM,1218.6,LHS,Rural,Medarametla,Collision Brush/Side Wipe, Tempo Van hit median,Van,Non injury,Fault of driver of motor vehicle/driver of other vehicle/cyclist/pedestrian/passenger,Four lanes or more with central divider,Straight road,,Fine,TN23CC  3652,P.V,Minor,0
15.06.2016,10:35 PM,1218.6,LHS,Rural,Medarametla,Collision Brush/Side Wipe, Tempo Van hit median,Van,Non injury,Fault of driver of motor vehicle/driver of other vehicle/cyclist/pedestrian/passenger,Four lanes or more with central divider,Straight road,,Fine,TN23CC  3652,P.V,Non injured ,1
15.06.2016,10:35 PM,1218.6,LHS,Rural,Medarametla,Collision Brush/Side Wipe, Tempo Van hit median,Van,Non injury,Fault of driver of motor vehicle/driver of other vehicle/cyclist/pedestrian/passenger,Four lanes or more with central divider,Straight road,,Fine,TN23CC  3652,P.V,Animals affected,0
16.06.2016,7:20 AM,1264.4,RHS,Rural,Tangutur,Head on collision, TVSXL  Moped hit Car,BikeXL,Minor injury,Druken,Four lanes or more with central divider,Straight road,,Fine,AP27UR   6873,AMB,Fatal,0
16.06.2016,7:20 AM,1264.4,RHS,Rural,Tangutur,Head on collision, TVSXL  Moped hit Car,BikeXL,Minor injury,Druken,Four lanes or more with central divider,Straight road,,Fine,AP27UR   6873,AMB,Grevious,0
16.06.2016,7:20 AM,1264.4,RHS,Rural,Tangutur,Head on collision, TVSXL  Moped hit Car,BikeXL,Minor injury,Druken,Four lanes or more with central divider,Straight road,,Fine,AP27UR   6873,AMB,Minor,1
16.06.2016,7:20 AM,1264.4,RHS,Rural,Tangutur,Head on collision, TVSXL  Moped hit Car,BikeXL,Minor injury,Druken,Four lanes or more with central divider,Straight road,,Fine,AP27UR   6873,AMB,Non injured ,0
16.06.2016,7:20 AM,1264.4,RHS,Rural,Tangutur,Head on collision, TVSXL  Moped hit Car,BikeXL,Minor injury,Druken,Four lanes or more with central divider,Straight road,,Fine,AP27UR   6873,AMB,Animals affected,0
17.06.2016,12:30 AM,1222.9,LHS,Rural,Medarametla,Skidding, Bike Skidding,Bike,Minor injury,Druken,Four lanes or more with central divider,Straight road,,Fine,AP27AU  7747,P.V,Fatal,0
17.06.2016,12:30 AM,1222.9,LHS,Rural,Medarametla,Skidding, Bike Skidding,Bike,Minor injury,Druken,Four lanes or more with central divider,Straight road,,Fine,AP27AU  7747,P.V,Grevious,0
17.06.2016,12:30 AM,1222.9,LHS,Rural,Medarametla,Skidding, Bike Skidding,Bike,Minor injury,Druken,Four lanes or more with central divider,Straight road,,Fine,AP27AU  7747,P.V,Minor,1
17.06.2016,12:30 AM,1222.9,LHS,Rural,Medarametla,Skidding, Bike Skidding,Bike,Minor injury,Druken,Four lanes or more with central divider,Straight road,,Fine,AP27AU  7747,P.V,Non injured ,0
17.06.2016,12:30 AM,1222.9,LHS,Rural,Medarametla,Skidding, Bike Skidding,Bike,Minor injury,Druken,Four lanes or more with central divider,Straight road,,Fine,AP27AU  7747,P.V,Animals affected,0
17.06.2016,1:30 AM,1238.7,LHS,Rural,Ongole,Rear End Collision, Mini Truck hit Lorry,Lorry,Minor injury,Fault of driver of motor vehicle/driver of other vehicle/cyclist/pedestrian/passenger,Four lanes or more with central divider,Straight road,,Fine,TN20BM   6949,P.V,Fatal,0
17.06.2016,1:30 AM,1238.7,LHS,Rural,Ongole,Rear End Collision, Mini Truck hit Lorry,Lorry,Minor injury,Fault of driver of motor vehicle/driver of other vehicle/cyclist/pedestrian/passenger,Four lanes or more with central divider,Straight road,,Fine,TN20BM   6949,P.V,Grevious,0
17.06.2016,1:30 AM,1238.7,LHS,Rural,Ongole,Rear End Collision, Mini Truck hit Lorry,Lorry,Minor injury,Fault of driver of motor vehicle/driver of other vehicle/cyclist/pedestrian/passenger,Four lanes or more with central divider,Straight road,,Fine,TN20BM   6949,P.V,Minor,1
17.06.2016,1:30 AM,1238.7,LHS,Rural,Ongole,Rear End Collision, Mini Truck hit Lorry,Lorry,Minor injury,Fault of driver of motor vehicle/driver of other vehicle/cyclist/pedestrian/passenger,Four lanes or more with central divider,Straight road,,Fine,TN20BM   6949,P.V,Non injured ,0
17.06.2016,1:30 AM,1238.7,LHS,Rural,Ongole,Rear End Collision, Mini Truck hit Lorry,Lorry,Minor injury,Fault of driver of motor vehicle/driver of other vehicle/cyclist/pedestrian/passenger,Four lanes or more with central divider,Straight road,,Fine,TN20BM   6949,P.V,Animals affected,0