Operational date,Time of Accident,KM && M,Position,Rural/Urban,Location,Nature of Accident Position,Nature of Accident,Vehicle Involved,Type of Accident,Causes,Road Feature,Road condition,Intersection Type And Control,Weather Condition,Vehicle Responsible,Help Provided by Ambulance/Patroling Vehicle,Classification of Accident,No of Affected Persons
17.06.2016,10:41 AM,1203.4,LHS,Rural,Reningavaram,Head on collision, Tractor hit   Bike,Tractor,Grievious injury,Fault of driver of motor vehicle/driver of other vehicle/cyclist/pedestrian/passenger,Four lanes or more with central divider,Straight road,,Fine,F/R Number,AMB,Fatal,0
17.06.2016,10:41 AM,1203.4,LHS,Rural,Reningavaram,Head on collision, Tractor hit   Bike,Tractor,Grievious injury,Fault of driver of motor vehicle/driver of other vehicle/cyclist/pedestrian/passenger,Four lanes or more with central divider,Straight road,,Fine,F/R Number,AMB,Grevious,1
17.06.2016,10:41 AM,1203.4,LHS,Rural,Reningavaram,Head on collision, Tractor hit   Bike,Tractor,Grievious injury,Fault of driver of motor vehicle/driver of other vehicle/cyclist/pedestrian/passenger,Four lanes or more with central divider,Straight road,,Fine,F/R Number,AMB,Minor,2
17.06.2016,10:41 AM,1203.4,LHS,Rural,Reningavaram,Head on collision, Tractor hit   Bike,Tractor,Grievious injury,Fault of driver of motor vehicle/driver of other vehicle/cyclist/pedestrian/passenger,Four lanes or more with central divider,Straight road,,Fine,F/R Number,AMB,Non injured ,0
17.06.2016,10:41 AM,1203.4,LHS,Rural,Reningavaram,Head on collision, Tractor hit   Bike,Tractor,Grievious injury,Fault of driver of motor vehicle/driver of other vehicle/cyclist/pedestrian/passenger,Four lanes or more with central divider,Straight road,,Fine,F/R Number,AMB,Animals affected,0
17.06.2016,8:48 PM,1183.6,LHS,Rural,Chilakaluripeta,Collision Brush/Side Wipe, APSRTC Garuda Bus hit Buffalo,Bus,Non injury,Vehicle out of control,Four lanes or more with central divider,Straight road,,Fine,AP29Z    2643,P.V,Fatal,0
17.06.2016,8:48 PM,1183.6,LHS,Rural,Chilakaluripeta,Collision Brush/Side Wipe, APSRTC Garuda Bus hit Buffalo,Bus,Non injury,Vehicle out of control,Four lanes or more with central divider,Straight road,,Fine,AP29Z    2643,P.V,Grevious,0
17.06.2016,8:48 PM,1183.6,LHS,Rural,Chilakaluripeta,Collision Brush/Side Wipe, APSRTC Garuda Bus hit Buffalo,Bus,Non injury,Vehicle out of control,Four lanes or more with central divider,Straight road,,Fine,AP29Z    2643,P.V,Minor,0
17.06.2016,8:48 PM,1183.6,LHS,Rural,Chilakaluripeta,Collision Brush/Side Wipe, APSRTC Garuda Bus hit Buffalo,Bus,Non injury,Vehicle out of control,Four lanes or more with central divider,Straight road,,Fine,AP29Z    2643,P.V,Non injured ,35
17.06.2016,8:48 PM,1183.6,LHS,Rural,Chilakaluripeta,Collision Brush/Side Wipe, APSRTC Garuda Bus hit Buffalo,Bus,Non injury,Vehicle out of control,Four lanes or more with central divider,Straight road,,Fine,AP29Z    2643,P.V,Animals affected,2
18.06.2016,4:55 PM,1249.6,RHS,Urban,Ongole,Head on collision, Cargo Auto hit   Scooty,Auto,Grievious injury,Fault of driver of motor vehicle/driver of other vehicle/cyclist/pedestrian/passenger,Four lanes or more with central divider,Slight curve,,Fine,AP07TX  3044,AMB,Fatal,0
18.06.2016,4:55 PM,1249.6,RHS,Urban,Ongole,Head on collision, Cargo Auto hit   Scooty,Auto,Grievious injury,Fault of driver of motor vehicle/driver of other vehicle/cyclist/pedestrian/passenger,Four lanes or more with central divider,Slight curve,,Fine,AP07TX  3044,AMB,Grevious,2
18.06.2016,4:55 PM,1249.6,RHS,Urban,Ongole,Head on collision, Cargo Auto hit   Scooty,Auto,Grievious injury,Fault of driver of motor vehicle/driver of other vehicle/cyclist/pedestrian/passenger,Four lanes or more with central divider,Slight curve,,Fine,AP07TX  3044,AMB,Minor,0
18.06.2016,4:55 PM,1249.6,RHS,Urban,Ongole,Head on collision, Cargo Auto hit   Scooty,Auto,Grievious injury,Fault of driver of motor vehicle/driver of other vehicle/cyclist/pedestrian/passenger,Four lanes or more with central divider,Slight curve,,Fine,AP07TX  3044,AMB,Non injured ,1
18.06.2016,4:55 PM,1249.6,RHS,Urban,Ongole,Head on collision, Cargo Auto hit   Scooty,Auto,Grievious injury,Fault of driver of motor vehicle/driver of other vehicle/cyclist/pedestrian/passenger,Four lanes or more with central divider,Slight curve,,Fine,AP07TX  3044,AMB,Animals affected,0
19.06.2016,3:30 AM,1223.3,RHS,Rural,Medarametla,Rear End Collision, Lorry hit Container Vehicle,Lorry,Non injury,Vehicle out of control,Four lanes or more with central divider,Straight road,,Heavy rain,AP16TH 0929,P.V,Fatal,0
19.06.2016,3:30 AM,1223.3,RHS,Rural,Medarametla,Rear End Collision, Lorry hit Container Vehicle,Lorry,Non injury,Vehicle out of control,Four lanes or more with central divider,Straight road,,Heavy rain,AP16TH 0929,P.V,Grevious,0
19.06.2016,3:30 AM,1223.3,RHS,Rural,Medarametla,Rear End Collision, Lorry hit Container Vehicle,Lorry,Non injury,Vehicle out of control,Four lanes or more with central divider,Straight road,,Heavy rain,AP16TH 0929,P.V,Minor,0
19.06.2016,3:30 AM,1223.3,RHS,Rural,Medarametla,Rear End Collision, Lorry hit Container Vehicle,Lorry,Non injury,Vehicle out of control,Four lanes or more with central divider,Straight road,,Heavy rain,AP16TH 0929,P.V,Non injured ,4
19.06.2016,3:30 AM,1223.3,RHS,Rural,Medarametla,Rear End Collision, Lorry hit Container Vehicle,Lorry,Non injury,Vehicle out of control,Four lanes or more with central divider,Straight road,,Heavy rain,AP16TH 0929,P.V,Animals affected,0
19.06.2016,5:20 AM,1279.5,LHS,Rural,Singarayakonda,Overturning,Ape Auto Overturned towards Row ,Auto,Grievious injury,Over speed,Four lanes or more with central divider,Straight road,,Fine,AP26Y 5809,P.V ,Fatal,0
19.06.2016,5:20 AM,1279.5,LHS,Rural,Singarayakonda,Overturning,Ape Auto Overturned towards Row ,Auto,Grievious injury,Over speed,Four lanes or more with central divider,Straight road,,Fine,AP26Y 5809,P.V ,Grevious,3
19.06.2016,5:20 AM,1279.5,LHS,Rural,Singarayakonda,Overturning,Ape Auto Overturned towards Row ,Auto,Grievious injury,Over speed,Four lanes or more with central divider,Straight road,,Fine,AP26Y 5809,P.V ,Minor,9
19.06.2016,5:20 AM,1279.5,LHS,Rural,Singarayakonda,Overturning,Ape Auto Overturned towards Row ,Auto,Grievious injury,Over speed,Four lanes or more with central divider,Straight road,,Fine,AP26Y 5809,P.V ,Non injured ,0
19.06.2016,5:20 AM,1279.5,LHS,Rural,Singarayakonda,Overturning,Ape Auto Overturned towards Row ,Auto,Grievious injury,Over speed,Four lanes or more with central divider,Straight road,,Fine,AP26Y 5809,P.V ,Animals affected,0
19.06.2016,6:40 AM,1184.1,RHS,Rural,Martur,Overturning,Lorry Overturned towards Row ,Lorry,Non injury,Fault of driver of motor vehicle/driver of other vehicle/cyclist/pedestrian/passenger,Four lanes or more with central divider,Straight road,,Fine,AP07TU 8939,P.V,Fatal,0
19.06.2016,6:40 AM,1184.1,RHS,Rural,Martur,Overturning,Lorry Overturned towards Row ,Lorry,Non injury,Fault of driver of motor vehicle/driver of other vehicle/cyclist/pedestrian/passenger,Four lanes or more with central divider,Straight road,,Fine,AP07TU 8939,P.V,Grevious,0
19.06.2016,6:40 AM,1184.1,RHS,Rural,Martur,Overturning,Lorry Overturned towards Row ,Lorry,Non injury,Fault of driver of motor vehicle/driver of other vehicle/cyclist/pedestrian/passenger,Four lanes or more with central divider,Straight road,,Fine,AP07TU 8939,P.V,Minor,0
19.06.2016,6:40 AM,1184.1,RHS,Rural,Martur,Overturning,Lorry Overturned towards Row ,Lorry,Non injury,Fault of driver of motor vehicle/driver of other vehicle/cyclist/pedestrian/passenger,Four lanes or more with central divider,Straight road,,Fine,AP07TU 8939,P.V,Non injured ,2
19.06.2016,6:40 AM,1184.1,RHS,Rural,Martur,Overturning,Lorry Overturned towards Row ,Lorry,Non injury,Fault of driver of motor vehicle/driver of other vehicle/cyclist/pedestrian/passenger,Four lanes or more with central divider,Straight road,,Fine,AP07TU 8939,P.V,Animals affected,0
19.06.2016,9:52 AM,1252.2,LHS,Rural,Ongole,Rear End Collision,  Container Vehicle hit Bike,Container,Fatal,Fault of driver of motor vehicle/driver of other vehicle/cyclist/pedestrian/passenger,Four lanes or more with central divider,Straight road,,Fine,OR05AA    3849,P.V,Fatal,1
19.06.2016,9:52 AM,1252.2,LHS,Rural,Ongole,Rear End Collision,  Container Vehicle hit Bike,Container,Fatal,Fault of driver of motor vehicle/driver of other vehicle/cyclist/pedestrian/passenger,Four lanes or more with central divider,Straight road,,Fine,OR05AA    3849,P.V,Grevious,0
19.06.2016,9:52 AM,1252.2,LHS,Rural,Ongole,Rear End Collision,  Container Vehicle hit Bike,Container,Fatal,Fault of driver of motor vehicle/driver of other vehicle/cyclist/pedestrian/passenger,Four lanes or more with central divider,Straight road,,Fine,OR05AA    3849,P.V,Minor,0
19.06.2016,9:52 AM,1252.2,LHS,Rural,Ongole,Rear End Collision,  Container Vehicle hit Bike,Container,Fatal,Fault of driver of motor vehicle/driver of other vehicle/cyclist/pedestrian/passenger,Four lanes or more with central divider,Straight road,,Fine,OR05AA    3849,P.V,Non injured ,1
19.06.2016,9:52 AM,1252.2,LHS,Rural,Ongole,Rear End Collision,  Container Vehicle hit Bike,Container,Fatal,Fault of driver of motor vehicle/driver of other vehicle/cyclist/pedestrian/passenger,Four lanes or more with central divider,Straight road,,Fine,OR05AA    3849,P.V,Animals affected,0
20.06.2016,1:25 AM,1220.7,RHS,Rural,Medarametla,Rear End Collision, Lorry hit    Lorry,Lorry,Non injury,Druken,Four lanes or more with central divider,Straight road,,Fine,AP26TB   1159,P.V,Fatal,0
20.06.2016,1:25 AM,1220.7,RHS,Rural,Medarametla,Rear End Collision, Lorry hit    Lorry,Lorry,Non injury,Druken,Four lanes or more with central divider,Straight road,,Fine,AP26TB   1159,P.V,Grevious,0
20.06.2016,1:25 AM,1220.7,RHS,Rural,Medarametla,Rear End Collision, Lorry hit    Lorry,Lorry,Non injury,Druken,Four lanes or more with central divider,Straight road,,Fine,AP26TB   1159,P.V,Minor,0
20.06.2016,1:25 AM,1220.7,RHS,Rural,Medarametla,Rear End Collision, Lorry hit    Lorry,Lorry,Non injury,Druken,Four lanes or more with central divider,Straight road,,Fine,AP26TB   1159,P.V,Non injured ,4
20.06.2016,1:25 AM,1220.7,RHS,Rural,Medarametla,Rear End Collision, Lorry hit    Lorry,Lorry,Non injury,Druken,Four lanes or more with central divider,Straight road,,Fine,AP26TB   1159,P.V,Animals affected,0
21.06.2016,7:55 AM,1322.4,LHS,Rural,Kavali,Overturning, Bolero Camper Vehicle Over Turned,Car,Minor injury,Vehicle out of control,Four lanes or more with central divider,Sharp curve,,Fine,AP26TC    4982,P.V,Fatal,0
21.06.2016,7:55 AM,1322.4,LHS,Rural,Kavali,Overturning, Bolero Camper Vehicle Over Turned,Car,Minor injury,Vehicle out of control,Four lanes or more with central divider,Sharp curve,,Fine,AP26TC    4982,P.V,Grevious,0
21.06.2016,7:55 AM,1322.4,LHS,Rural,Kavali,Overturning, Bolero Camper Vehicle Over Turned,Car,Minor injury,Vehicle out of control,Four lanes or more with central divider,Sharp curve,,Fine,AP26TC    4982,P.V,Minor,1
21.06.2016,7:55 AM,1322.4,LHS,Rural,Kavali,Overturning, Bolero Camper Vehicle Over Turned,Car,Minor injury,Vehicle out of control,Four lanes or more with central divider,Sharp curve,,Fine,AP26TC    4982,P.V,Non injured ,1
21.06.2016,7:55 AM,1322.4,LHS,Rural,Kavali,Overturning, Bolero Camper Vehicle Over Turned,Car,Minor injury,Vehicle out of control,Four lanes or more with central divider,Sharp curve,,Fine,AP26TC    4982,P.V,Animals affected,0
22.06.2016,6:40 PM,1273,LHS,Rural,Jarugumalli,Rear End Collision, Car hit        Lorry,Car,Minor injury,Over speed,Four lanes or more with central divider,Straight road,,Fine,AP27BB   6399,AMB,Fatal,0
22.06.2016,6:40 PM,1273,LHS,Rural,Jarugumalli,Rear End Collision, Car hit        Lorry,Car,Minor injury,Over speed,Four lanes or more with central divider,Straight road,,Fine,AP27BB   6399,AMB,Grevious,0
22.06.2016,6:40 PM,1273,LHS,Rural,Jarugumalli,Rear End Collision, Car hit        Lorry,Car,Minor injury,Over speed,Four lanes or more with central divider,Straight road,,Fine,AP27BB   6399,AMB,Minor,2
22.06.2016,6:40 PM,1273,LHS,Rural,Jarugumalli,Rear End Collision, Car hit        Lorry,Car,Minor injury,Over speed,Four lanes or more with central divider,Straight road,,Fine,AP27BB   6399,AMB,Non injured ,4
22.06.2016,6:40 PM,1273,LHS,Rural,Jarugumalli,Rear End Collision, Car hit        Lorry,Car,Minor injury,Over speed,Four lanes or more with central divider,Straight road,,Fine,AP27BB   6399,AMB,Animals affected,0
22.06.2016,7:11 PM,1339,RHS,Rural,Dagadarthi,Collision Brush/Side Wipe, Unknown vehicle hit          Bike,Unknown,Minor injury,Over speed,Four lanes or more with central divider,Straight road,,Fine,Unknown vehicle,AMB,Fatal,0
22.06.2016,7:11 PM,1339,RHS,Rural,Dagadarthi,Collision Brush/Side Wipe, Unknown vehicle hit          Bike,Unknown,Minor injury,Over speed,Four lanes or more with central divider,Straight road,,Fine,Unknown vehicle,AMB,Grevious,0
22.06.2016,7:11 PM,1339,RHS,Rural,Dagadarthi,Collision Brush/Side Wipe, Unknown vehicle hit          Bike,Unknown,Minor injury,Over speed,Four lanes or more with central divider,Straight road,,Fine,Unknown vehicle,AMB,Minor,1
22.06.2016,7:11 PM,1339,RHS,Rural,Dagadarthi,Collision Brush/Side Wipe, Unknown vehicle hit          Bike,Unknown,Minor injury,Over speed,Four lanes or more with central divider,Straight road,,Fine,Unknown vehicle,AMB,Non injured ,0
22.06.2016,7:11 PM,1339,RHS,Rural,Dagadarthi,Collision Brush/Side Wipe, Unknown vehicle hit          Bike,Unknown,Minor injury,Over speed,Four lanes or more with central divider,Straight road,,Fine,Unknown vehicle,AMB,Animals affected,0
23.06.2016,7:20 AM,1295.8,LHS,Rural,Ulavapadu,Collision Brush/Side Wipe, Car hit trailler vehicle ,Car,Grievious injury,Over speed,Four lanes or more with central divider,Straight road,,Fine,AP26R    2555,P.V,Fatal,0
23.06.2016,7:20 AM,1295.8,LHS,Rural,Ulavapadu,Collision Brush/Side Wipe, Car hit trailler vehicle ,Car,Grievious injury,Over speed,Four lanes or more with central divider,Straight road,,Fine,AP26R    2555,P.V,Grevious,1
23.06.2016,7:20 AM,1295.8,LHS,Rural,Ulavapadu,Collision Brush/Side Wipe, Car hit trailler vehicle ,Car,Grievious injury,Over speed,Four lanes or more with central divider,Straight road,,Fine,AP26R    2555,P.V,Minor,0
23.06.2016,7:20 AM,1295.8,LHS,Rural,Ulavapadu,Collision Brush/Side Wipe, Car hit trailler vehicle ,Car,Grievious injury,Over speed,Four lanes or more with central divider,Straight road,,Fine,AP26R    2555,P.V,Non injured ,2
23.06.2016,7:20 AM,1295.8,LHS,Rural,Ulavapadu,Collision Brush/Side Wipe, Car hit trailler vehicle ,Car,Grievious injury,Over speed,Four lanes or more with central divider,Straight road,,Fine,AP26R    2555,P.V,Animals affected,0
23.06.2016,9:55 AM,1200.6,LHS,Rural,Reningavaram,Skidding, Bike skidding,Bike,Minor injury,Over speed,Three lanes or more without central divider(median),Straight road,T-Junction,Fine,AP10AN  2436,AMB,Fatal,0
23.06.2016,9:55 AM,1200.6,LHS,Rural,Reningavaram,Skidding, Bike skidding,Bike,Minor injury,Over speed,Three lanes or more without central divider(median),Straight road,T-Junction,Fine,AP10AN  2436,AMB,Grevious,0
23.06.2016,9:55 AM,1200.6,LHS,Rural,Reningavaram,Skidding, Bike skidding,Bike,Minor injury,Over speed,Three lanes or more without central divider(median),Straight road,T-Junction,Fine,AP10AN  2436,AMB,Minor,1
23.06.2016,9:55 AM,1200.6,LHS,Rural,Reningavaram,Skidding, Bike skidding,Bike,Minor injury,Over speed,Three lanes or more without central divider(median),Straight road,T-Junction,Fine,AP10AN  2436,AMB,Non injured ,1
23.06.2016,9:55 AM,1200.6,LHS,Rural,Reningavaram,Skidding, Bike skidding,Bike,Minor injury,Over speed,Three lanes or more without central divider(median),Straight road,T-Junction,Fine,AP10AN  2436,AMB,Animals affected,0
24.06.2016,11:40 PM,1312.1,RHS,Rural,Kavali,Rear End Collision, Lorry hit        Unknown Vehicle,Lorry,Non injury,Fault of driver of motor vehicle/driver of other vehicle/cyclist/pedestrian/passenger,Four lanes or more with central divider,Straight road,,Light rain,AP07TF 4916,P.V,Fatal,0
24.06.2016,11:40 PM,1312.1,RHS,Rural,Kavali,Rear End Collision, Lorry hit        Unknown Vehicle,Lorry,Non injury,Fault of driver of motor vehicle/driver of other vehicle/cyclist/pedestrian/passenger,Four lanes or more with central divider,Straight road,,Light rain,AP07TF 4916,P.V,Grevious,0
24.06.2016,11:40 PM,1312.1,RHS,Rural,Kavali,Rear End Collision, Lorry hit        Unknown Vehicle,Lorry,Non injury,Fault of driver of motor vehicle/driver of other vehicle/cyclist/pedestrian/passenger,Four lanes or more with central divider,Straight road,,Light rain,AP07TF 4916,P.V,Minor,0
24.06.2016,11:40 PM,1312.1,RHS,Rural,Kavali,Rear End Collision, Lorry hit        Unknown Vehicle,Lorry,Non injury,Fault of driver of motor vehicle/driver of other vehicle/cyclist/pedestrian/passenger,Four lanes or more with central divider,Straight road,,Light rain,AP07TF 4916,P.V,Non injured ,1
24.06.2016,11:40 PM,1312.1,RHS,Rural,Kavali,Rear End Collision, Lorry hit        Unknown Vehicle,Lorry,Non injury,Fault of driver of motor vehicle/driver of other vehicle/cyclist/pedestrian/passenger,Four lanes or more with central divider,Straight road,,Light rain,AP07TF 4916,P.V,Animals affected,0
25.06.2016,4:50 AM,1290.6,RHS,Rural,Ulavapadu,Collision Brush/Side Wipe, Unknown Vehicle hit Pedestrian,Unknown,Fatal,Over speed,Four lanes or more with central divider,Straight road,,Fine,Unknown vehicle,P.V,Fatal,1
25.06.2016,4:50 AM,1290.6,RHS,Rural,Ulavapadu,Collision Brush/Side Wipe, Unknown Vehicle hit Pedestrian,Unknown,Fatal,Over speed,Four lanes or more with central divider,Straight road,,Fine,Unknown vehicle,P.V,Grevious,0
25.06.2016,4:50 AM,1290.6,RHS,Rural,Ulavapadu,Collision Brush/Side Wipe, Unknown Vehicle hit Pedestrian,Unknown,Fatal,Over speed,Four lanes or more with central divider,Straight road,,Fine,Unknown vehicle,P.V,Minor,0
25.06.2016,4:50 AM,1290.6,RHS,Rural,Ulavapadu,Collision Brush/Side Wipe, Unknown Vehicle hit Pedestrian,Unknown,Fatal,Over speed,Four lanes or more with central divider,Straight road,,Fine,Unknown vehicle,P.V,Non injured ,0
25.06.2016,4:50 AM,1290.6,RHS,Rural,Ulavapadu,Collision Brush/Side Wipe, Unknown Vehicle hit Pedestrian,Unknown,Fatal,Over speed,Four lanes or more with central divider,Straight road,,Fine,Unknown vehicle,P.V,Animals affected,0
25.06.2016,8:33 AM,1241.4,LHS,Rural,Ongole,Collision Brush/Side Wipe, Car went   towards Row,Car,Minor injury,Over speed,Four lanes or more with central divider,Straight road,,Fine,TN18AF 6455 ,P.V,Fatal,0
25.06.2016,8:33 AM,1241.4,LHS,Rural,Ongole,Collision Brush/Side Wipe, Car went   towards Row,Car,Minor injury,Over speed,Four lanes or more with central divider,Straight road,,Fine,TN18AF 6455 ,P.V,Grevious,0
25.06.2016,8:33 AM,1241.4,LHS,Rural,Ongole,Collision Brush/Side Wipe, Car went   towards Row,Car,Minor injury,Over speed,Four lanes or more with central divider,Straight road,,Fine,TN18AF 6455 ,P.V,Minor,3
25.06.2016,8:33 AM,1241.4,LHS,Rural,Ongole,Collision Brush/Side Wipe, Car went   towards Row,Car,Minor injury,Over speed,Four lanes or more with central divider,Straight road,,Fine,TN18AF 6455 ,P.V,Non injured ,1
25.06.2016,8:33 AM,1241.4,LHS,Rural,Ongole,Collision Brush/Side Wipe, Car went   towards Row,Car,Minor injury,Over speed,Four lanes or more with central divider,Straight road,,Fine,TN18AF 6455 ,P.V,Animals affected,0
26.06.2016,5:15 AM,1279,LHS,Rural,Singarayakonda,Others(p1.Specific), Lorry Burnt,Lorry,Non injury,Defect in mechanical condition of motor vehicle/road condition,Four lanes or more with central divider,Straight road,,Fine,AP16T  7115,P.V ,Fatal,0
26.06.2016,5:15 AM,1279,LHS,Rural,Singarayakonda,Others(p1.Specific), Lorry Burnt,Lorry,Non injury,Defect in mechanical condition of motor vehicle/road condition,Four lanes or more with central divider,Straight road,,Fine,AP16T  7115,P.V ,Grevious,0
26.06.2016,5:15 AM,1279,LHS,Rural,Singarayakonda,Others(p1.Specific), Lorry Burnt,Lorry,Non injury,Defect in mechanical condition of motor vehicle/road condition,Four lanes or more with central divider,Straight road,,Fine,AP16T  7115,P.V ,Minor,0
26.06.2016,5:15 AM,1279,LHS,Rural,Singarayakonda,Others(p1.Specific), Lorry Burnt,Lorry,Non injury,Defect in mechanical condition of motor vehicle/road condition,Four lanes or more with central divider,Straight road,,Fine,AP16T  7115,P.V ,Non injured ,1
26.06.2016,5:15 AM,1279,LHS,Rural,Singarayakonda,Others(p1.Specific), Lorry Burnt,Lorry,Non injury,Defect in mechanical condition of motor vehicle/road condition,Four lanes or more with central divider,Straight road,,Fine,AP16T  7115,P.V ,Animals affected,0
26.06.2016,9:45 AM,1239.2,LHS,Rural,Maddipadu,Overturning,Lorry Overturned towards Row ,Lorry,Grievious injury,Fault of driver of motor vehicle/driver of other vehicle/cyclist/pedestrian/passenger,Two lanes,Straight road,,Fine,WB67A    7864,P.V,Fatal,0
26.06.2016,9:45 AM,1239.2,LHS,Rural,Maddipadu,Overturning,Lorry Overturned towards Row ,Lorry,Grievious injury,Fault of driver of motor vehicle/driver of other vehicle/cyclist/pedestrian/passenger,Two lanes,Straight road,,Fine,WB67A    7864,P.V,Grevious,1
26.06.2016,9:45 AM,1239.2,LHS,Rural,Maddipadu,Overturning,Lorry Overturned towards Row ,Lorry,Grievious injury,Fault of driver of motor vehicle/driver of other vehicle/cyclist/pedestrian/passenger,Two lanes,Straight road,,Fine,WB67A    7864,P.V,Minor,0
26.06.2016,9:45 AM,1239.2,LHS,Rural,Maddipadu,Overturning,Lorry Overturned towards Row ,Lorry,Grievious injury,Fault of driver of motor vehicle/driver of other vehicle/cyclist/pedestrian/passenger,Two lanes,Straight road,,Fine,WB67A    7864,P.V,Non injured ,0
26.06.2016,9:45 AM,1239.2,LHS,Rural,Maddipadu,Overturning,Lorry Overturned towards Row ,Lorry,Grievious injury,Fault of driver of motor vehicle/driver of other vehicle/cyclist/pedestrian/passenger,Two lanes,Straight road,,Fine,WB67A    7864,P.V,Animals affected,0
27.06.2016,1:42 AM,1249,RHS,Urban,Ongole,Rear End Collision, Mini Lorry       hit  Concrete  Mixer ,Lorry,Non injury,Over speed,Four lanes or more with central divider,Straight road,,Fine,AP26TC  8699,P.V,Fatal,0
27.06.2016,1:42 AM,1249,RHS,Urban,Ongole,Rear End Collision, Mini Lorry       hit  Concrete  Mixer ,Lorry,Non injury,Over speed,Four lanes or more with central divider,Straight road,,Fine,AP26TC  8699,P.V,Grevious,0
27.06.2016,1:42 AM,1249,RHS,Urban,Ongole,Rear End Collision, Mini Lorry       hit  Concrete  Mixer ,Lorry,Non injury,Over speed,Four lanes or more with central divider,Straight road,,Fine,AP26TC  8699,P.V,Minor,0
27.06.2016,1:42 AM,1249,RHS,Urban,Ongole,Rear End Collision, Mini Lorry       hit  Concrete  Mixer ,Lorry,Non injury,Over speed,Four lanes or more with central divider,Straight road,,Fine,AP26TC  8699,P.V,Non injured ,3
27.06.2016,1:42 AM,1249,RHS,Urban,Ongole,Rear End Collision, Mini Lorry       hit  Concrete  Mixer ,Lorry,Non injury,Over speed,Four lanes or more with central divider,Straight road,,Fine,AP26TC  8699,P.V,Animals affected,0
27.06.2016,8:30 PM,1245.7,RHS,Urban,Ongole,Collision Brush/Side Wipe, Bike hit       Long Trailer Vehicle,Bike,Grievious injury,Druken,Three lanes or more without central divider(median),Straight road,Four arm junction,Fine,AP27AP  4084,P.V,Fatal,0
27.06.2016,8:30 PM,1245.7,RHS,Urban,Ongole,Collision Brush/Side Wipe, Bike hit       Long Trailer Vehicle,Bike,Grievious injury,Druken,Three lanes or more without central divider(median),Straight road,Four arm junction,Fine,AP27AP  4084,P.V,Grevious,1
27.06.2016,8:30 PM,1245.7,RHS,Urban,Ongole,Collision Brush/Side Wipe, Bike hit       Long Trailer Vehicle,Bike,Grievious injury,Druken,Three lanes or more without central divider(median),Straight road,Four arm junction,Fine,AP27AP  4084,P.V,Minor,0
27.06.2016,8:30 PM,1245.7,RHS,Urban,Ongole,Collision Brush/Side Wipe, Bike hit       Long Trailer Vehicle,Bike,Grievious injury,Druken,Three lanes or more without central divider(median),Straight road,Four arm junction,Fine,AP27AP  4084,P.V,Non injured ,1
27.06.2016,8:30 PM,1245.7,RHS,Urban,Ongole,Collision Brush/Side Wipe, Bike hit       Long Trailer Vehicle,Bike,Grievious injury,Druken,Three lanes or more without central divider(median),Straight road,Four arm junction,Fine,AP27AP  4084,P.V,Animals affected,0
29.06.2016,2:20 AM,1287.6,LHS,Rural,Ulavapadu,Overturning, Lorry          Over Turned,Lorry,Non injury,Fault of driver of motor vehicle/driver of other vehicle/cyclist/pedestrian/passenger,Two lanes,Straight road,,Light rain,KA07      9257,P.V,Fatal,0
29.06.2016,2:20 AM,1287.6,LHS,Rural,Ulavapadu,Overturning, Lorry          Over Turned,Lorry,Non injury,Fault of driver of motor vehicle/driver of other vehicle/cyclist/pedestrian/passenger,Two lanes,Straight road,,Light rain,KA07      9257,P.V,Grevious,0
29.06.2016,2:20 AM,1287.6,LHS,Rural,Ulavapadu,Overturning, Lorry          Over Turned,Lorry,Non injury,Fault of driver of motor vehicle/driver of other vehicle/cyclist/pedestrian/passenger,Two lanes,Straight road,,Light rain,KA07      9257,P.V,Minor,0
29.06.2016,2:20 AM,1287.6,LHS,Rural,Ulavapadu,Overturning, Lorry          Over Turned,Lorry,Non injury,Fault of driver of motor vehicle/driver of other vehicle/cyclist/pedestrian/passenger,Two lanes,Straight road,,Light rain,KA07      9257,P.V,Non injured ,2
29.06.2016,2:20 AM,1287.6,LHS,Rural,Ulavapadu,Overturning, Lorry          Over Turned,Lorry,Non injury,Fault of driver of motor vehicle/driver of other vehicle/cyclist/pedestrian/passenger,Two lanes,Straight road,,Light rain,KA07      9257,P.V,Animals affected,0
29.06.2016,1:25 PM,1240.7,RHS,Rural,Ongole,Collision Brush/Side Wipe, Long Trailer Vehicle hit Bike,Lorry,Grievious injury,Fault of driver of motor vehicle/driver of other vehicle/cyclist/pedestrian/passenger,Four lanes or more with central divider,Straight road,,Cloudy,AP27TX   6989,AMB,Fatal,0
29.06.2016,1:25 PM,1240.7,RHS,Rural,Ongole,Collision Brush/Side Wipe, Long Trailer Vehicle hit Bike,Lorry,Grievious injury,Fault of driver of motor vehicle/driver of other vehicle/cyclist/pedestrian/passenger,Four lanes or more with central divider,Straight road,,Cloudy,AP27TX   6989,AMB,Grevious,1
29.06.2016,1:25 PM,1240.7,RHS,Rural,Ongole,Collision Brush/Side Wipe, Long Trailer Vehicle hit Bike,Lorry,Grievious injury,Fault of driver of motor vehicle/driver of other vehicle/cyclist/pedestrian/passenger,Four lanes or more with central divider,Straight road,,Cloudy,AP27TX   6989,AMB,Minor,0