Operational date,Time of Accident,KM && M,Position,Rural/Urban,Location,Nature of Accident Position,Nature of Accident,Vehicle Involved,Type of Accident,Causes,Road Feature,Road condition,Intersection Type And Control,Weather Condition,Vehicle Responsible,Help Provided by Ambulance/Patroling Vehicle,Classification of Accident,No of Affected Persons
29.06.2016,1:25 PM,1240.7,RHS,Rural,Ongole,Collision Brush/Side Wipe, Long Trailer Vehicle hit Bike,Lorry,Grievious injury,Fault of driver of motor vehicle/driver of other vehicle/cyclist/pedestrian/passenger,Four lanes or more with central divider,Straight road,,Cloudy,AP27TX   6989,AMB,Non injured ,2
29.06.2016,1:25 PM,1240.7,RHS,Rural,Ongole,Collision Brush/Side Wipe, Long Trailer Vehicle hit Bike,Lorry,Grievious injury,Fault of driver of motor vehicle/driver of other vehicle/cyclist/pedestrian/passenger,Four lanes or more with central divider,Straight road,,Cloudy,AP27TX   6989,AMB,Animals affected,0
29.06.2016,7:00 PM,1302.3,RHS,Rural,Gudluru,Rear End Collision, Lorry hit    Lorry,Lorry,Non injury,Over speed,Four lanes or more with central divider,Straight road,,Fine,TN24TB   1576,P.V,Fatal,0
29.06.2016,7:00 PM,1302.3,RHS,Rural,Gudluru,Rear End Collision, Lorry hit    Lorry,Lorry,Non injury,Over speed,Four lanes or more with central divider,Straight road,,Fine,TN24TB   1576,P.V,Grevious,0
29.06.2016,7:00 PM,1302.3,RHS,Rural,Gudluru,Rear End Collision, Lorry hit    Lorry,Lorry,Non injury,Over speed,Four lanes or more with central divider,Straight road,,Fine,TN24TB   1576,P.V,Minor,0
29.06.2016,7:00 PM,1302.3,RHS,Rural,Gudluru,Rear End Collision, Lorry hit    Lorry,Lorry,Non injury,Over speed,Four lanes or more with central divider,Straight road,,Fine,TN24TB   1576,P.V,Non injured ,2
29.06.2016,7:00 PM,1302.3,RHS,Rural,Gudluru,Rear End Collision, Lorry hit    Lorry,Lorry,Non injury,Over speed,Four lanes or more with central divider,Straight road,,Fine,TN24TB   1576,P.V,Animals affected,0
30.06.2016,12:48 AM,1208.6,RHS,Rural,Reningavaram,Rear End Collision, Car hit        Unknown Vehicle,Car,Fatal,Fault of driver of motor vehicle/driver of other vehicle/cyclist/pedestrian/passenger,Four lanes or more with central divider,Straight road,,Fine,TS04UA 1233,P.V&AMB,Fatal,1
30.06.2016,12:48 AM,1208.6,RHS,Rural,Reningavaram,Rear End Collision, Car hit        Unknown Vehicle,Car,Fatal,Fault of driver of motor vehicle/driver of other vehicle/cyclist/pedestrian/passenger,Four lanes or more with central divider,Straight road,,Fine,TS04UA 1233,P.V&AMB,Grevious,5
30.06.2016,12:48 AM,1208.6,RHS,Rural,Reningavaram,Rear End Collision, Car hit        Unknown Vehicle,Car,Fatal,Fault of driver of motor vehicle/driver of other vehicle/cyclist/pedestrian/passenger,Four lanes or more with central divider,Straight road,,Fine,TS04UA 1233,P.V&AMB,Minor,4
30.06.2016,12:48 AM,1208.6,RHS,Rural,Reningavaram,Rear End Collision, Car hit        Unknown Vehicle,Car,Fatal,Fault of driver of motor vehicle/driver of other vehicle/cyclist/pedestrian/passenger,Four lanes or more with central divider,Straight road,,Fine,TS04UA 1233,P.V&AMB,Non injured ,0
30.06.2016,12:48 AM,1208.6,RHS,Rural,Reningavaram,Rear End Collision, Car hit        Unknown Vehicle,Car,Fatal,Fault of driver of motor vehicle/driver of other vehicle/cyclist/pedestrian/passenger,Four lanes or more with central divider,Straight road,,Fine,TS04UA 1233,P.V&AMB,Animals affected,0
30.06.2016,8:50 PM,1221.1,RHS,Rural,Medarametla,Rear End Collision, Tipper  hit   Car,Lorry,Fatal,Fault of driver of motor vehicle/driver of other vehicle/cyclist/pedestrian/passenger,Four lanes or more with central divider,Straight road,,Fine,AP27TU 0652,P.V&AMB,Fatal,5
30.06.2016,8:50 PM,1221.1,RHS,Rural,Medarametla,Rear End Collision, Tipper  hit   Car,Lorry,Fatal,Fault of driver of motor vehicle/driver of other vehicle/cyclist/pedestrian/passenger,Four lanes or more with central divider,Straight road,,Fine,AP27TU 0652,P.V&AMB,Grevious,5
30.06.2016,8:50 PM,1221.1,RHS,Rural,Medarametla,Rear End Collision, Tipper  hit   Car,Lorry,Fatal,Fault of driver of motor vehicle/driver of other vehicle/cyclist/pedestrian/passenger,Four lanes or more with central divider,Straight road,,Fine,AP27TU 0652,P.V&AMB,Minor,0
30.06.2016,8:50 PM,1221.1,RHS,Rural,Medarametla,Rear End Collision, Tipper  hit   Car,Lorry,Fatal,Fault of driver of motor vehicle/driver of other vehicle/cyclist/pedestrian/passenger,Four lanes or more with central divider,Straight road,,Fine,AP27TU 0652,P.V&AMB,Non injured ,3
30.06.2016,8:50 PM,1221.1,RHS,Rural,Medarametla,Rear End Collision, Tipper  hit   Car,Lorry,Fatal,Fault of driver of motor vehicle/driver of other vehicle/cyclist/pedestrian/passenger,Four lanes or more with central divider,Straight road,,Fine,AP27TU 0652,P.V&AMB,Animals affected,0
01.07.2016,6:00 AM,1200.1,RHS,Rural,Reningavaram,Rear End Collision, Mini Lorry hit unknown vehicle,Lorry,Grievious injury,Fault of driver of motor vehicle/driver of other vehicle/cyclist/pedestrian/passenger,Four lanes or more with central divider,Straight road,,Fine,AP29TA   7995,P.V&A.M.B,Fatal,0
01.07.2016,6:00 AM,1200.1,RHS,Rural,Reningavaram,Rear End Collision, Mini Lorry hit unknown vehicle,Lorry,Grievious injury,Fault of driver of motor vehicle/driver of other vehicle/cyclist/pedestrian/passenger,Four lanes or more with central divider,Straight road,,Fine,AP29TA   7995,P.V&A.M.B,Grevious,1
01.07.2016,6:00 AM,1200.1,RHS,Rural,Reningavaram,Rear End Collision, Mini Lorry hit unknown vehicle,Lorry,Grievious injury,Fault of driver of motor vehicle/driver of other vehicle/cyclist/pedestrian/passenger,Four lanes or more with central divider,Straight road,,Fine,AP29TA   7995,P.V&A.M.B,Minor,0
01.07.2016,6:00 AM,1200.1,RHS,Rural,Reningavaram,Rear End Collision, Mini Lorry hit unknown vehicle,Lorry,Grievious injury,Fault of driver of motor vehicle/driver of other vehicle/cyclist/pedestrian/passenger,Four lanes or more with central divider,Straight road,,Fine,AP29TA   7995,P.V&A.M.B,Non injured ,0
01.07.2016,6:00 AM,1200.1,RHS,Rural,Reningavaram,Rear End Collision, Mini Lorry hit unknown vehicle,Lorry,Grievious injury,Fault of driver of motor vehicle/driver of other vehicle/cyclist/pedestrian/passenger,Four lanes or more with central divider,Straight road,,Fine,AP29TA   7995,P.V&A.M.B,Animals affected,0
02.07.2016,12:35 AM,1252.6,RHS,Rural,Ongole,Overturning, Bolero Camper Over Turned,Car,Grievious injury,Over speed,Four lanes or more with central divider,Straight road,,Fine,TN12L   6631,P.V,Fatal,0
02.07.2016,12:35 AM,1252.6,RHS,Rural,Ongole,Overturning, Bolero Camper Over Turned,Car,Grievious injury,Over speed,Four lanes or more with central divider,Straight road,,Fine,TN12L   6631,P.V,Grevious,1
02.07.2016,12:35 AM,1252.6,RHS,Rural,Ongole,Overturning, Bolero Camper Over Turned,Car,Grievious injury,Over speed,Four lanes or more with central divider,Straight road,,Fine,TN12L   6631,P.V,Minor,0
02.07.2016,12:35 AM,1252.6,RHS,Rural,Ongole,Overturning, Bolero Camper Over Turned,Car,Grievious injury,Over speed,Four lanes or more with central divider,Straight road,,Fine,TN12L   6631,P.V,Non injured ,1
02.07.2016,12:35 AM,1252.6,RHS,Rural,Ongole,Overturning, Bolero Camper Over Turned,Car,Grievious injury,Over speed,Four lanes or more with central divider,Straight road,,Fine,TN12L   6631,P.V,Animals affected,0
02.07.2016,11:10 AM,1260.6,RHS,Rural,Tangutur,Collision Brush/Side Wipe, Gas Tanker Vehicle hit Bike,Tanker,Fatal,Over speed,Four lanes or more with central divider,Straight road,,Fine,AP29T    6289,P.V,Fatal,1
02.07.2016,11:10 AM,1260.6,RHS,Rural,Tangutur,Collision Brush/Side Wipe, Gas Tanker Vehicle hit Bike,Tanker,Fatal,Over speed,Four lanes or more with central divider,Straight road,,Fine,AP29T    6289,P.V,Grevious,0
02.07.2016,11:10 AM,1260.6,RHS,Rural,Tangutur,Collision Brush/Side Wipe, Gas Tanker Vehicle hit Bike,Tanker,Fatal,Over speed,Four lanes or more with central divider,Straight road,,Fine,AP29T    6289,P.V,Minor,0
02.07.2016,11:10 AM,1260.6,RHS,Rural,Tangutur,Collision Brush/Side Wipe, Gas Tanker Vehicle hit Bike,Tanker,Fatal,Over speed,Four lanes or more with central divider,Straight road,,Fine,AP29T    6289,P.V,Non injured ,2
02.07.2016,11:10 AM,1260.6,RHS,Rural,Tangutur,Collision Brush/Side Wipe, Gas Tanker Vehicle hit Bike,Tanker,Fatal,Over speed,Four lanes or more with central divider,Straight road,,Fine,AP29T    6289,P.V,Animals affected,0
02.07.2016,3:00 PM,1263.6,LHS,Rural,Tangutur,Collision Brush/Side Wipe, APSRTC Bus hit Mini Lorry,Bus,Minor injury,Over speed,Four lanes or more with central divider,Straight road,,Fine,AP16TG  6246,P.V,Fatal,0
02.07.2016,3:00 PM,1263.6,LHS,Rural,Tangutur,Collision Brush/Side Wipe, APSRTC Bus hit Mini Lorry,Bus,Minor injury,Over speed,Four lanes or more with central divider,Straight road,,Fine,AP16TG  6246,P.V,Grevious,0
02.07.2016,3:00 PM,1263.6,LHS,Rural,Tangutur,Collision Brush/Side Wipe, APSRTC Bus hit Mini Lorry,Bus,Minor injury,Over speed,Four lanes or more with central divider,Straight road,,Fine,AP16TG  6246,P.V,Minor,4
02.07.2016,3:00 PM,1263.6,LHS,Rural,Tangutur,Collision Brush/Side Wipe, APSRTC Bus hit Mini Lorry,Bus,Minor injury,Over speed,Four lanes or more with central divider,Straight road,,Fine,AP16TG  6246,P.V,Non injured ,15
02.07.2016,3:00 PM,1263.6,LHS,Rural,Tangutur,Collision Brush/Side Wipe, APSRTC Bus hit Mini Lorry,Bus,Minor injury,Over speed,Four lanes or more with central divider,Straight road,,Fine,AP16TG  6246,P.V,Animals affected,0
02.07.2016,11:55 PM,1288.5,RHS,Rural,Ulavapadu,Collision Brush/Side Wipe, Readymix Tanker hit Recovery Van,tanker,Non injury,Fault of driver of motor vehicle/driver of other vehicle/cyclist/pedestrian/passenger,Two lanes,Straight road,,Fine,GJ3HE     0889,P.V,Fatal,0
02.07.2016,11:55 PM,1288.5,RHS,Rural,Ulavapadu,Collision Brush/Side Wipe, Readymix Tanker hit Recovery Van,tanker,Non injury,Fault of driver of motor vehicle/driver of other vehicle/cyclist/pedestrian/passenger,Two lanes,Straight road,,Fine,GJ3HE     0889,P.V,Grevious,0
02.07.2016,11:55 PM,1288.5,RHS,Rural,Ulavapadu,Collision Brush/Side Wipe, Readymix Tanker hit Recovery Van,tanker,Non injury,Fault of driver of motor vehicle/driver of other vehicle/cyclist/pedestrian/passenger,Two lanes,Straight road,,Fine,GJ3HE     0889,P.V,Minor,0
02.07.2016,11:55 PM,1288.5,RHS,Rural,Ulavapadu,Collision Brush/Side Wipe, Readymix Tanker hit Recovery Van,tanker,Non injury,Fault of driver of motor vehicle/driver of other vehicle/cyclist/pedestrian/passenger,Two lanes,Straight road,,Fine,GJ3HE     0889,P.V,Non injured ,2
02.07.2016,11:55 PM,1288.5,RHS,Rural,Ulavapadu,Collision Brush/Side Wipe, Readymix Tanker hit Recovery Van,tanker,Non injury,Fault of driver of motor vehicle/driver of other vehicle/cyclist/pedestrian/passenger,Two lanes,Straight road,,Fine,GJ3HE     0889,P.V,Animals affected,0
03.07.2016,12:45 AM,1366.4,RHS,Rural,Kovuru,Overturning, Container Vehicle Over Turned,Container,Minor injury,Fault of driver of motor vehicle/driver of other vehicle/cyclist/pedestrian/passenger,Two lanes,Straight road,,Fine,TN05AZ  7417,P.V,Fatal,0
03.07.2016,12:45 AM,1366.4,RHS,Rural,Kovuru,Overturning, Container Vehicle Over Turned,Container,Minor injury,Fault of driver of motor vehicle/driver of other vehicle/cyclist/pedestrian/passenger,Two lanes,Straight road,,Fine,TN05AZ  7417,P.V,Grevious,0
03.07.2016,12:45 AM,1366.4,RHS,Rural,Kovuru,Overturning, Container Vehicle Over Turned,Container,Minor injury,Fault of driver of motor vehicle/driver of other vehicle/cyclist/pedestrian/passenger,Two lanes,Straight road,,Fine,TN05AZ  7417,P.V,Minor,1
03.07.2016,12:45 AM,1366.4,RHS,Rural,Kovuru,Overturning, Container Vehicle Over Turned,Container,Minor injury,Fault of driver of motor vehicle/driver of other vehicle/cyclist/pedestrian/passenger,Two lanes,Straight road,,Fine,TN05AZ  7417,P.V,Non injured ,0
03.07.2016,12:45 AM,1366.4,RHS,Rural,Kovuru,Overturning, Container Vehicle Over Turned,Container,Minor injury,Fault of driver of motor vehicle/driver of other vehicle/cyclist/pedestrian/passenger,Two lanes,Straight road,,Fine,TN05AZ  7417,P.V,Animals affected,0
03.07.2016,4:35 AM,1254.7,LHS,Rural,Ongole,Overturning, Lorry Over Turned,Lorry,Non injury,Fault of driver of motor vehicle/driver of other vehicle/cyclist/pedestrian/passenger,Four lanes or more with central divider,Straight road,,Fine,TN60X   1922,P.V,Fatal,0
03.07.2016,4:35 AM,1254.7,LHS,Rural,Ongole,Overturning, Lorry Over Turned,Lorry,Non injury,Fault of driver of motor vehicle/driver of other vehicle/cyclist/pedestrian/passenger,Four lanes or more with central divider,Straight road,,Fine,TN60X   1922,P.V,Grevious,0
03.07.2016,4:35 AM,1254.7,LHS,Rural,Ongole,Overturning, Lorry Over Turned,Lorry,Non injury,Fault of driver of motor vehicle/driver of other vehicle/cyclist/pedestrian/passenger,Four lanes or more with central divider,Straight road,,Fine,TN60X   1922,P.V,Minor,0
03.07.2016,4:35 AM,1254.7,LHS,Rural,Ongole,Overturning, Lorry Over Turned,Lorry,Non injury,Fault of driver of motor vehicle/driver of other vehicle/cyclist/pedestrian/passenger,Four lanes or more with central divider,Straight road,,Fine,TN60X   1922,P.V,Non injured ,1
03.07.2016,4:35 AM,1254.7,LHS,Rural,Ongole,Overturning, Lorry Over Turned,Lorry,Non injury,Fault of driver of motor vehicle/driver of other vehicle/cyclist/pedestrian/passenger,Four lanes or more with central divider,Straight road,,Fine,TN60X   1922,P.V,Animals affected,0
03.07.2016,5:12 AM,1279.5,LHS,Rural,Singarayakonda,Rear End Collision, Long Trailer Vehicle hit Lorry,Lorry,Non injury,Over speed,Four lanes or more with central divider,Straight road,,Fine,AP27TW  9797,P.V,Fatal,0
03.07.2016,5:12 AM,1279.5,LHS,Rural,Singarayakonda,Rear End Collision, Long Trailer Vehicle hit Lorry,Lorry,Non injury,Over speed,Four lanes or more with central divider,Straight road,,Fine,AP27TW  9797,P.V,Grevious,0
03.07.2016,5:12 AM,1279.5,LHS,Rural,Singarayakonda,Rear End Collision, Long Trailer Vehicle hit Lorry,Lorry,Non injury,Over speed,Four lanes or more with central divider,Straight road,,Fine,AP27TW  9797,P.V,Minor,0
03.07.2016,5:12 AM,1279.5,LHS,Rural,Singarayakonda,Rear End Collision, Long Trailer Vehicle hit Lorry,Lorry,Non injury,Over speed,Four lanes or more with central divider,Straight road,,Fine,AP27TW  9797,P.V,Non injured ,2
03.07.2016,5:12 AM,1279.5,LHS,Rural,Singarayakonda,Rear End Collision, Long Trailer Vehicle hit Lorry,Lorry,Non injury,Over speed,Four lanes or more with central divider,Straight road,,Fine,AP27TW  9797,P.V,Animals affected,0
03.07.2016,3:50 PM,1300.6,RHS,Rural,Gudluru,Collision Brush/Side Wipe, Container Vehicle hit Median,Container,Non injury,Over speed,Four lanes or more with central divider,Straight road,,Fine,HR38T    3683,P.V,Fatal,0
03.07.2016,3:50 PM,1300.6,RHS,Rural,Gudluru,Collision Brush/Side Wipe, Container Vehicle hit Median,Container,Non injury,Over speed,Four lanes or more with central divider,Straight road,,Fine,HR38T    3683,P.V,Grevious,0
03.07.2016,3:50 PM,1300.6,RHS,Rural,Gudluru,Collision Brush/Side Wipe, Container Vehicle hit Median,Container,Non injury,Over speed,Four lanes or more with central divider,Straight road,,Fine,HR38T    3683,P.V,Minor,0
03.07.2016,3:50 PM,1300.6,RHS,Rural,Gudluru,Collision Brush/Side Wipe, Container Vehicle hit Median,Container,Non injury,Over speed,Four lanes or more with central divider,Straight road,,Fine,HR38T    3683,P.V,Non injured ,1
03.07.2016,3:50 PM,1300.6,RHS,Rural,Gudluru,Collision Brush/Side Wipe, Container Vehicle hit Median,Container,Non injury,Over speed,Four lanes or more with central divider,Straight road,,Fine,HR38T    3683,P.V,Animals affected,0
03.07.2016,5:00 PM,1205.1,LHS,Rural,Reningavaram,Collision Brush/Side Wipe, Car hit    Median,Car,Non injury,Over speed,Four lanes or more with central divider,Straight road,,Fine,AP16TV  0522,P.V,Fatal,0
03.07.2016,5:00 PM,1205.1,LHS,Rural,Reningavaram,Collision Brush/Side Wipe, Car hit    Median,Car,Non injury,Over speed,Four lanes or more with central divider,Straight road,,Fine,AP16TV  0522,P.V,Grevious,0
03.07.2016,5:00 PM,1205.1,LHS,Rural,Reningavaram,Collision Brush/Side Wipe, Car hit    Median,Car,Non injury,Over speed,Four lanes or more with central divider,Straight road,,Fine,AP16TV  0522,P.V,Minor,0
03.07.2016,5:00 PM,1205.1,LHS,Rural,Reningavaram,Collision Brush/Side Wipe, Car hit    Median,Car,Non injury,Over speed,Four lanes or more with central divider,Straight road,,Fine,AP16TV  0522,P.V,Non injured ,6
03.07.2016,5:00 PM,1205.1,LHS,Rural,Reningavaram,Collision Brush/Side Wipe, Car hit    Median,Car,Non injury,Over speed,Four lanes or more with central divider,Straight road,,Fine,AP16TV  0522,P.V,Animals affected,0
04.07.2016,5:30 AM,1276.7,RHS,Rural,Singarayakonda,Rear End Collision, Container Vehicle hit unknown vehicle,Container,Grievious injury,Vehicle out of control,Four lanes or more with central divider,Straight road,,Fine,TN22Y   4656,P.V& A.M.B,Fatal,0
04.07.2016,5:30 AM,1276.7,RHS,Rural,Singarayakonda,Rear End Collision, Container Vehicle hit unknown vehicle,Container,Grievious injury,Vehicle out of control,Four lanes or more with central divider,Straight road,,Fine,TN22Y   4656,P.V& A.M.B,Grevious,1
04.07.2016,5:30 AM,1276.7,RHS,Rural,Singarayakonda,Rear End Collision, Container Vehicle hit unknown vehicle,Container,Grievious injury,Vehicle out of control,Four lanes or more with central divider,Straight road,,Fine,TN22Y   4656,P.V& A.M.B,Minor,0
04.07.2016,5:30 AM,1276.7,RHS,Rural,Singarayakonda,Rear End Collision, Container Vehicle hit unknown vehicle,Container,Grievious injury,Vehicle out of control,Four lanes or more with central divider,Straight road,,Fine,TN22Y   4656,P.V& A.M.B,Non injured ,0
04.07.2016,5:30 AM,1276.7,RHS,Rural,Singarayakonda,Rear End Collision, Container Vehicle hit unknown vehicle,Container,Grievious injury,Vehicle out of control,Four lanes or more with central divider,Straight road,,Fine,TN22Y   4656,P.V& A.M.B,Animals affected,0
04.07.2016,12:25 PM,1240.1,LHS,Rural,Ongole,Rear End Collision, Milk Tanker hit unknown vehicle,Tanker,Non injury,Over speed,Four lanes or more with central divider,Straight road,,Fine,AP16TD  1566,P.V,Fatal,0
04.07.2016,12:25 PM,1240.1,LHS,Rural,Ongole,Rear End Collision, Milk Tanker hit unknown vehicle,Tanker,Non injury,Over speed,Four lanes or more with central divider,Straight road,,Fine,AP16TD  1566,P.V,Grevious,0
04.07.2016,12:25 PM,1240.1,LHS,Rural,Ongole,Rear End Collision, Milk Tanker hit unknown vehicle,Tanker,Non injury,Over speed,Four lanes or more with central divider,Straight road,,Fine,AP16TD  1566,P.V,Minor,0
04.07.2016,12:25 PM,1240.1,LHS,Rural,Ongole,Rear End Collision, Milk Tanker hit unknown vehicle,Tanker,Non injury,Over speed,Four lanes or more with central divider,Straight road,,Fine,AP16TD  1566,P.V,Non injured ,1
04.07.2016,12:25 PM,1240.1,LHS,Rural,Ongole,Rear End Collision, Milk Tanker hit unknown vehicle,Tanker,Non injury,Over speed,Four lanes or more with central divider,Straight road,,Fine,AP16TD  1566,P.V,Animals affected,0
05.07.2016,5:10 AM,1344.5,LHS,Rural,Dagadarthi,Skidding, Bike skidding,Bike,Fatal,Druken,Four lanes or more with central divider,Straight road,,Fine,TS07EN    7418,P.V& A.M.B,Fatal,1
05.07.2016,5:10 AM,1344.5,LHS,Rural,Dagadarthi,Skidding, Bike skidding,Bike,Fatal,Druken,Four lanes or more with central divider,Straight road,,Fine,TS07EN    7418,P.V& A.M.B,Grevious,0
05.07.2016,5:10 AM,1344.5,LHS,Rural,Dagadarthi,Skidding, Bike skidding,Bike,Fatal,Druken,Four lanes or more with central divider,Straight road,,Fine,TS07EN    7418,P.V& A.M.B,Minor,1
05.07.2016,5:10 AM,1344.5,LHS,Rural,Dagadarthi,Skidding, Bike skidding,Bike,Fatal,Druken,Four lanes or more with central divider,Straight road,,Fine,TS07EN    7418,P.V& A.M.B,Non injured ,0
05.07.2016,5:10 AM,1344.5,LHS,Rural,Dagadarthi,Skidding, Bike skidding,Bike,Fatal,Druken,Four lanes or more with central divider,Straight road,,Fine,TS07EN    7418,P.V& A.M.B,Animals affected,0
07.07.2016,4:45 AM,1273.7,RHS,Rural,Singarayakonda,Rear End Collision, Lorry hit Unknown Vehicle,Lorry,Grievious injury,Over speed,Four lanes or more with central divider,Straight road,,Fine,AP05TC   0019,P.V,Fatal,0
07.07.2016,4:45 AM,1273.7,RHS,Rural,Singarayakonda,Rear End Collision, Lorry hit Unknown Vehicle,Lorry,Grievious injury,Over speed,Four lanes or more with central divider,Straight road,,Fine,AP05TC   0019,P.V,Grevious,1
07.07.2016,4:45 AM,1273.7,RHS,Rural,Singarayakonda,Rear End Collision, Lorry hit Unknown Vehicle,Lorry,Grievious injury,Over speed,Four lanes or more with central divider,Straight road,,Fine,AP05TC   0019,P.V,Minor,1
07.07.2016,4:45 AM,1273.7,RHS,Rural,Singarayakonda,Rear End Collision, Lorry hit Unknown Vehicle,Lorry,Grievious injury,Over speed,Four lanes or more with central divider,Straight road,,Fine,AP05TC   0019,P.V,Non injured ,0
07.07.2016,4:45 AM,1273.7,RHS,Rural,Singarayakonda,Rear End Collision, Lorry hit Unknown Vehicle,Lorry,Grievious injury,Over speed,Four lanes or more with central divider,Straight road,,Fine,AP05TC   0019,P.V,Animals affected,0
07.07.2016,3:35 PM,1233.6,LHS,Rural,Maddipadu,Collision Brush/Side Wipe, Lorry hit     Bike,Lorry,Fatal,Fault of driver of motor vehicle/driver of other vehicle/cyclist/pedestrian/passenger,Three lanes or more without central divider(median),Straight road,T-Junction,Fine,AP31CB   2789,P.V,Fatal,1
07.07.2016,3:35 PM,1233.6,LHS,Rural,Maddipadu,Collision Brush/Side Wipe, Lorry hit     Bike,Lorry,Fatal,Fault of driver of motor vehicle/driver of other vehicle/cyclist/pedestrian/passenger,Three lanes or more without central divider(median),Straight road,T-Junction,Fine,AP31CB   2789,P.V,Grevious,0
07.07.2016,3:35 PM,1233.6,LHS,Rural,Maddipadu,Collision Brush/Side Wipe, Lorry hit     Bike,Lorry,Fatal,Fault of driver of motor vehicle/driver of other vehicle/cyclist/pedestrian/passenger,Three lanes or more without central divider(median),Straight road,T-Junction,Fine,AP31CB   2789,P.V,Minor,0
07.07.2016,3:35 PM,1233.6,LHS,Rural,Maddipadu,Collision Brush/Side Wipe, Lorry hit     Bike,Lorry,Fatal,Fault of driver of motor vehicle/driver of other vehicle/cyclist/pedestrian/passenger,Three lanes or more without central divider(median),Straight road,T-Junction,Fine,AP31CB   2789,P.V,Non injured ,0
07.07.2016,3:35 PM,1233.6,LHS,Rural,Maddipadu,Collision Brush/Side Wipe, Lorry hit     Bike,Lorry,Fatal,Fault of driver of motor vehicle/driver of other vehicle/cyclist/pedestrian/passenger,Three lanes or more without central divider(median),Straight road,T-Junction,Fine,AP31CB   2789,P.V,Animals affected,0
08.07.2016,6:15 AM,1335.9,RHS,Rural,K.Tippa ,Rear End Collision, Lorry hit Oil Tanker,Lorry,Non injury,Fault of driver of motor vehicle/driver of other vehicle/cyclist/pedestrian/passenger,Two lanes,Straight road,,Fine,AP30Y    6111,P.V,Fatal,0
08.07.2016,6:15 AM,1335.9,RHS,Rural,K.Tippa ,Rear End Collision, Lorry hit Oil Tanker,Lorry,Non injury,Fault of driver of motor vehicle/driver of other vehicle/cyclist/pedestrian/passenger,Two lanes,Straight road,,Fine,AP30Y    6111,P.V,Grevious,0
08.07.2016,6:15 AM,1335.9,RHS,Rural,K.Tippa ,Rear End Collision, Lorry hit Oil Tanker,Lorry,Non injury,Fault of driver of motor vehicle/driver of other vehicle/cyclist/pedestrian/passenger,Two lanes,Straight road,,Fine,AP30Y    6111,P.V,Minor,0
08.07.2016,6:15 AM,1335.9,RHS,Rural,K.Tippa ,Rear End Collision, Lorry hit Oil Tanker,Lorry,Non injury,Fault of driver of motor vehicle/driver of other vehicle/cyclist/pedestrian/passenger,Two lanes,Straight road,,Fine,AP30Y    6111,P.V,Non injured ,3
08.07.2016,6:15 AM,1335.9,RHS,Rural,K.Tippa ,Rear End Collision, Lorry hit Oil Tanker,Lorry,Non injury,Fault of driver of motor vehicle/driver of other vehicle/cyclist/pedestrian/passenger,Two lanes,Straight road,,Fine,AP30Y    6111,P.V,Animals affected,0
08.07.2016,6:45 AM,1279.8,LHS,Rural,Singarayakonda,Overturning, Lorry Over Turned,Lorry,Non injury,Fault of driver of motor vehicle/driver of other vehicle/cyclist/pedestrian/passenger,Four lanes or more with central divider,Slight curve,,Fine,AP31TE    0733,P.V,Fatal,0
08.07.2016,6:45 AM,1279.8,LHS,Rural,Singarayakonda,Overturning, Lorry Over Turned,Lorry,Non injury,Fault of driver of motor vehicle/driver of other vehicle/cyclist/pedestrian/passenger,Four lanes or more with central divider,Slight curve,,Fine,AP31TE    0733,P.V,Grevious,0
08.07.2016,6:45 AM,1279.8,LHS,Rural,Singarayakonda,Overturning, Lorry Over Turned,Lorry,Non injury,Fault of driver of motor vehicle/driver of other vehicle/cyclist/pedestrian/passenger,Four lanes or more with central divider,Slight curve,,Fine,AP31TE    0733,P.V,Minor,0
08.07.2016,6:45 AM,1279.8,LHS,Rural,Singarayakonda,Overturning, Lorry Over Turned,Lorry,Non injury,Fault of driver of motor vehicle/driver of other vehicle/cyclist/pedestrian/passenger,Four lanes or more with central divider,Slight curve,,Fine,AP31TE    0733,P.V,Non injured ,3
08.07.2016,6:45 AM,1279.8,LHS,Rural,Singarayakonda,Overturning, Lorry Over Turned,Lorry,Non injury,Fault of driver of motor vehicle/driver of other vehicle/cyclist/pedestrian/passenger,Four lanes or more with central divider,Slight curve,,Fine,AP31TE    0733,P.V,Animals affected,0
08.07.2016,2:00 PM,1186.7,RHS,Rural,Martur,Overturning, Mini Lorry  Over Turnd,Lorry,Non injury,Vehicle out of control,Four lanes or more with central divider,Straight road,,Fine,AP27TB  5295,P.V,Fatal,0
08.07.2016,2:00 PM,1186.7,RHS,Rural,Martur,Overturning, Mini Lorry  Over Turnd,Lorry,Non injury,Vehicle out of control,Four lanes or more with central divider,Straight road,,Fine,AP27TB  5295,P.V,Grevious,0
08.07.2016,2:00 PM,1186.7,RHS,Rural,Martur,Overturning, Mini Lorry  Over Turnd,Lorry,Non injury,Vehicle out of control,Four lanes or more with central divider,Straight road,,Fine,AP27TB  5295,P.V,Minor,0
08.07.2016,2:00 PM,1186.7,RHS,Rural,Martur,Overturning, Mini Lorry  Over Turnd,Lorry,Non injury,Vehicle out of control,Four lanes or more with central divider,Straight road,,Fine,AP27TB  5295,P.V,Non injured ,1
08.07.2016,2:00 PM,1186.7,RHS,Rural,Martur,Overturning, Mini Lorry  Over Turnd,Lorry,Non injury,Vehicle out of control,Four lanes or more with central divider,Straight road,,Fine,AP27TB  5295,P.V,Animals affected,0
09.07.2016,3:00 PM,1344.6,LHS,Rural,Dagadarthi,Rear End Collision, Auto hit Car,Auto,Grievious injury,Over speed,Four lanes or more with central divider,Straight road,,Fine,AP26TE   5820,P.V&A.M.B,Fatal,0
09.07.2016,3:00 PM,1344.6,LHS,Rural,Dagadarthi,Rear End Collision, Auto hit Car,Auto,Grievious injury,Over speed,Four lanes or more with central divider,Straight road,,Fine,AP26TE   5820,P.V&A.M.B,Grevious,6