Operational date,Time of Accident,KM && M,Position,Rural/Urban,Location,Nature of Accident Position,Nature of Accident,Vehicle Involved,Type of Accident,Causes,Road Feature,Road condition,Intersection Type And Control,Weather Condition,Vehicle Responsible,Help Provided by Ambulance/Patroling Vehicle,Classification of Accident,No of Affected Persons
09.07.2016,3:00 PM,1344.6,LHS,Rural,Dagadarthi,Rear End Collision, Auto hit Car,Auto,Grievious injury,Over speed,Four lanes or more with central divider,Straight road,,Fine,AP26TE   5820,P.V&A.M.B,Minor,7
09.07.2016,3:00 PM,1344.6,LHS,Rural,Dagadarthi,Rear End Collision, Auto hit Car,Auto,Grievious injury,Over speed,Four lanes or more with central divider,Straight road,,Fine,AP26TE   5820,P.V&A.M.B,Non injured ,5
09.07.2016,3:00 PM,1344.6,LHS,Rural,Dagadarthi,Rear End Collision, Auto hit Car,Auto,Grievious injury,Over speed,Four lanes or more with central divider,Straight road,,Fine,AP26TE   5820,P.V&A.M.B,Animals affected,0
09.07.2016,6:25 PM,1238.4,LHS,Rural,Maddipadu,Collision Brush/Side Wipe, Bike hit Bike,Bike,Grievious injury,Druken,Four lanes or more with central divider,Slight curve,,Fine,AP20AN  3746,P.V,Fatal,0
09.07.2016,6:25 PM,1238.4,LHS,Rural,Maddipadu,Collision Brush/Side Wipe, Bike hit Bike,Bike,Grievious injury,Druken,Four lanes or more with central divider,Slight curve,,Fine,AP20AN  3746,P.V,Grevious,2
09.07.2016,6:25 PM,1238.4,LHS,Rural,Maddipadu,Collision Brush/Side Wipe, Bike hit Bike,Bike,Grievious injury,Druken,Four lanes or more with central divider,Slight curve,,Fine,AP20AN  3746,P.V,Minor,1
09.07.2016,6:25 PM,1238.4,LHS,Rural,Maddipadu,Collision Brush/Side Wipe, Bike hit Bike,Bike,Grievious injury,Druken,Four lanes or more with central divider,Slight curve,,Fine,AP20AN  3746,P.V,Non injured ,1
09.07.2016,6:25 PM,1238.4,LHS,Rural,Maddipadu,Collision Brush/Side Wipe, Bike hit Bike,Bike,Grievious injury,Druken,Four lanes or more with central divider,Slight curve,,Fine,AP20AN  3746,P.V,Animals affected,0
10.07.2016,3:30 AM,1315.3,LHS,Rural,Kavali,Collision Brush/Side Wipe, Car hit Tankar,Car,Fatal,Over speed,Four lanes or more with central divider,Straight road,,Fine,AP28CD  2326,P.V&A.M.B,Fatal,1
10.07.2016,3:30 AM,1315.3,LHS,Rural,Kavali,Collision Brush/Side Wipe, Car hit Tankar,Car,Fatal,Over speed,Four lanes or more with central divider,Straight road,,Fine,AP28CD  2326,P.V&A.M.B,Grevious,2
10.07.2016,3:30 AM,1315.3,LHS,Rural,Kavali,Collision Brush/Side Wipe, Car hit Tankar,Car,Fatal,Over speed,Four lanes or more with central divider,Straight road,,Fine,AP28CD  2326,P.V&A.M.B,Minor,4
10.07.2016,3:30 AM,1315.3,LHS,Rural,Kavali,Collision Brush/Side Wipe, Car hit Tankar,Car,Fatal,Over speed,Four lanes or more with central divider,Straight road,,Fine,AP28CD  2326,P.V&A.M.B,Non injured ,2
10.07.2016,3:30 AM,1315.3,LHS,Rural,Kavali,Collision Brush/Side Wipe, Car hit Tankar,Car,Fatal,Over speed,Four lanes or more with central divider,Straight road,,Fine,AP28CD  2326,P.V&A.M.B,Animals affected,0
10.07.2016,11:45 PM,1293.9,RHS,Rural,Ulavapadu,Rear End Collision, Lorry hit Unknown vehicle,Lorry,Non injury,Fault of driver of motor vehicle/driver of other vehicle/cyclist/pedestrian/passenger,Four lanes or more with central divider,Straight road,,Fine,OR19T   2601,P.V,Fatal,0
10.07.2016,11:45 PM,1293.9,RHS,Rural,Ulavapadu,Rear End Collision, Lorry hit Unknown vehicle,Lorry,Non injury,Fault of driver of motor vehicle/driver of other vehicle/cyclist/pedestrian/passenger,Four lanes or more with central divider,Straight road,,Fine,OR19T   2601,P.V,Grevious,0
10.07.2016,11:45 PM,1293.9,RHS,Rural,Ulavapadu,Rear End Collision, Lorry hit Unknown vehicle,Lorry,Non injury,Fault of driver of motor vehicle/driver of other vehicle/cyclist/pedestrian/passenger,Four lanes or more with central divider,Straight road,,Fine,OR19T   2601,P.V,Minor,0
10.07.2016,11:45 PM,1293.9,RHS,Rural,Ulavapadu,Rear End Collision, Lorry hit Unknown vehicle,Lorry,Non injury,Fault of driver of motor vehicle/driver of other vehicle/cyclist/pedestrian/passenger,Four lanes or more with central divider,Straight road,,Fine,OR19T   2601,P.V,Non injured ,1
10.07.2016,11:45 PM,1293.9,RHS,Rural,Ulavapadu,Rear End Collision, Lorry hit Unknown vehicle,Lorry,Non injury,Fault of driver of motor vehicle/driver of other vehicle/cyclist/pedestrian/passenger,Four lanes or more with central divider,Straight road,,Fine,OR19T   2601,P.V,Animals affected,0
12.07.2016,4:20 AM,1328.2,LHS,Rural,Kavali,Overturning, Car overturned,Car,Minor injury,Fault of driver of motor vehicle/driver of other vehicle/cyclist/pedestrian/passenger,Two lanes,Straight road,,Fine,AP27F  5999,P.V&A.M.B,Fatal,0
12.07.2016,4:20 AM,1328.2,LHS,Rural,Kavali,Overturning, Car overturned,Car,Minor injury,Fault of driver of motor vehicle/driver of other vehicle/cyclist/pedestrian/passenger,Two lanes,Straight road,,Fine,AP27F  5999,P.V&A.M.B,Grevious,0
12.07.2016,4:20 AM,1328.2,LHS,Rural,Kavali,Overturning, Car overturned,Car,Minor injury,Fault of driver of motor vehicle/driver of other vehicle/cyclist/pedestrian/passenger,Two lanes,Straight road,,Fine,AP27F  5999,P.V&A.M.B,Minor,3
12.07.2016,4:20 AM,1328.2,LHS,Rural,Kavali,Overturning, Car overturned,Car,Minor injury,Fault of driver of motor vehicle/driver of other vehicle/cyclist/pedestrian/passenger,Two lanes,Straight road,,Fine,AP27F  5999,P.V&A.M.B,Non injured ,0
12.07.2016,4:20 AM,1328.2,LHS,Rural,Kavali,Overturning, Car overturned,Car,Minor injury,Fault of driver of motor vehicle/driver of other vehicle/cyclist/pedestrian/passenger,Two lanes,Straight road,,Fine,AP27F  5999,P.V&A.M.B,Animals affected,0
12.07.2016,7:35 AM,1204.6,RHS,Rural,Reningavaram,Collision Brush/Side Wipe, Car hit VUP bridge wall,Car,Non injury,Fault of driver of motor vehicle/driver of other vehicle/cyclist/pedestrian/passenger,Four lanes or more with central divider,Straight road,,Fine,AP26BB  0044,P.V,Fatal,0
12.07.2016,7:35 AM,1204.6,RHS,Rural,Reningavaram,Collision Brush/Side Wipe, Car hit VUP bridge wall,Car,Non injury,Fault of driver of motor vehicle/driver of other vehicle/cyclist/pedestrian/passenger,Four lanes or more with central divider,Straight road,,Fine,AP26BB  0044,P.V,Grevious,0
12.07.2016,7:35 AM,1204.6,RHS,Rural,Reningavaram,Collision Brush/Side Wipe, Car hit VUP bridge wall,Car,Non injury,Fault of driver of motor vehicle/driver of other vehicle/cyclist/pedestrian/passenger,Four lanes or more with central divider,Straight road,,Fine,AP26BB  0044,P.V,Minor,0
12.07.2016,7:35 AM,1204.6,RHS,Rural,Reningavaram,Collision Brush/Side Wipe, Car hit VUP bridge wall,Car,Non injury,Fault of driver of motor vehicle/driver of other vehicle/cyclist/pedestrian/passenger,Four lanes or more with central divider,Straight road,,Fine,AP26BB  0044,P.V,Non injured ,1
12.07.2016,7:35 AM,1204.6,RHS,Rural,Reningavaram,Collision Brush/Side Wipe, Car hit VUP bridge wall,Car,Non injury,Fault of driver of motor vehicle/driver of other vehicle/cyclist/pedestrian/passenger,Four lanes or more with central divider,Straight road,,Fine,AP26BB  0044,P.V,Animals affected,0
12.07.2016,10:18 AM,1223,LHS,Rural,Medarametla,Collision Brush/Side Wipe, Bike hit Pedestrian,Bike,Fatal,Over speed,Four lanes or more with central divider,Straight road,,Fine,AP27AF  4805,P.V,Fatal,1
12.07.2016,10:18 AM,1223,LHS,Rural,Medarametla,Collision Brush/Side Wipe, Bike hit Pedestrian,Bike,Fatal,Over speed,Four lanes or more with central divider,Straight road,,Fine,AP27AF  4805,P.V,Grevious,1
12.07.2016,10:18 AM,1223,LHS,Rural,Medarametla,Collision Brush/Side Wipe, Bike hit Pedestrian,Bike,Fatal,Over speed,Four lanes or more with central divider,Straight road,,Fine,AP27AF  4805,P.V,Minor,0
12.07.2016,10:18 AM,1223,LHS,Rural,Medarametla,Collision Brush/Side Wipe, Bike hit Pedestrian,Bike,Fatal,Over speed,Four lanes or more with central divider,Straight road,,Fine,AP27AF  4805,P.V,Non injured ,0
12.07.2016,10:18 AM,1223,LHS,Rural,Medarametla,Collision Brush/Side Wipe, Bike hit Pedestrian,Bike,Fatal,Over speed,Four lanes or more with central divider,Straight road,,Fine,AP27AF  4805,P.V,Animals affected,0
12.07.2016,2:40 PM,1330,LHS,Rural,Kavali,Rear End Collision, RTC Bus hit Lorry,Bus,Grievious injury,Over speed,Four lanes or more with central divider,Straight road,,Fine,AP28Z  2103,P.V&A.M.B,Fatal,0
12.07.2016,2:40 PM,1330,LHS,Rural,Kavali,Rear End Collision, RTC Bus hit Lorry,Bus,Grievious injury,Over speed,Four lanes or more with central divider,Straight road,,Fine,AP28Z  2103,P.V&A.M.B,Grevious,2
12.07.2016,2:40 PM,1330,LHS,Rural,Kavali,Rear End Collision, RTC Bus hit Lorry,Bus,Grievious injury,Over speed,Four lanes or more with central divider,Straight road,,Fine,AP28Z  2103,P.V&A.M.B,Minor,5
12.07.2016,2:40 PM,1330,LHS,Rural,Kavali,Rear End Collision, RTC Bus hit Lorry,Bus,Grievious injury,Over speed,Four lanes or more with central divider,Straight road,,Fine,AP28Z  2103,P.V&A.M.B,Non injured ,15
12.07.2016,2:40 PM,1330,LHS,Rural,Kavali,Rear End Collision, RTC Bus hit Lorry,Bus,Grievious injury,Over speed,Four lanes or more with central divider,Straight road,,Fine,AP28Z  2103,P.V&A.M.B,Animals affected,0
13.07.2016,4:06 PM,1229.6,LHS,Rural,Maddipadu,Collision Brush/Side Wipe,  RTC Bus hit Pedestrian,Bus,Minor injury,Fault of driver of motor vehicle/driver of other vehicle/cyclist/pedestrian/passenger,Four lanes or more with central divider,Straight road,,Fine,AP27TX 8555,P.V,Fatal,0
13.07.2016,4:06 PM,1229.6,LHS,Rural,Maddipadu,Collision Brush/Side Wipe,  RTC Bus hit Pedestrian,Bus,Minor injury,Fault of driver of motor vehicle/driver of other vehicle/cyclist/pedestrian/passenger,Four lanes or more with central divider,Straight road,,Fine,AP27TX 8555,P.V,Grevious,0
13.07.2016,4:06 PM,1229.6,LHS,Rural,Maddipadu,Collision Brush/Side Wipe,  RTC Bus hit Pedestrian,Bus,Minor injury,Fault of driver of motor vehicle/driver of other vehicle/cyclist/pedestrian/passenger,Four lanes or more with central divider,Straight road,,Fine,AP27TX 8555,P.V,Minor,1
13.07.2016,4:06 PM,1229.6,LHS,Rural,Maddipadu,Collision Brush/Side Wipe,  RTC Bus hit Pedestrian,Bus,Minor injury,Fault of driver of motor vehicle/driver of other vehicle/cyclist/pedestrian/passenger,Four lanes or more with central divider,Straight road,,Fine,AP27TX 8555,P.V,Non injured ,27
13.07.2016,4:06 PM,1229.6,LHS,Rural,Maddipadu,Collision Brush/Side Wipe,  RTC Bus hit Pedestrian,Bus,Minor injury,Fault of driver of motor vehicle/driver of other vehicle/cyclist/pedestrian/passenger,Four lanes or more with central divider,Straight road,,Fine,AP27TX 8555,P.V,Animals affected,0
14.07.2016,3:15 AM,1306,LHS,Rural,Gudluru,Collision Brush/Side Wipe, Car hit Lorry,Car,Grievious injury,Over speed,Four lanes or more with central divider,Straight road,,Fine,AP36AC 8045,P.V,Fatal,0
14.07.2016,3:15 AM,1306,LHS,Rural,Gudluru,Collision Brush/Side Wipe, Car hit Lorry,Car,Grievious injury,Over speed,Four lanes or more with central divider,Straight road,,Fine,AP36AC 8045,P.V,Grevious,1
14.07.2016,3:15 AM,1306,LHS,Rural,Gudluru,Collision Brush/Side Wipe, Car hit Lorry,Car,Grievious injury,Over speed,Four lanes or more with central divider,Straight road,,Fine,AP36AC 8045,P.V,Minor,1
14.07.2016,3:15 AM,1306,LHS,Rural,Gudluru,Collision Brush/Side Wipe, Car hit Lorry,Car,Grievious injury,Over speed,Four lanes or more with central divider,Straight road,,Fine,AP36AC 8045,P.V,Non injured ,6
14.07.2016,3:15 AM,1306,LHS,Rural,Gudluru,Collision Brush/Side Wipe, Car hit Lorry,Car,Grievious injury,Over speed,Four lanes or more with central divider,Straight road,,Fine,AP36AC 8045,P.V,Animals affected,0
15.07.2016,1:00 PM,1250.7,RHS,Rural,Ongole,Rear End Collision, Omini Van hit Unknown vehicle,Van,Grievious injury,Over speed,Four lanes or more with central divider,Straight road,,Fine,AP10U 2241,P.V,Fatal,0
15.07.2016,1:00 PM,1250.7,RHS,Rural,Ongole,Rear End Collision, Omini Van hit Unknown vehicle,Van,Grievious injury,Over speed,Four lanes or more with central divider,Straight road,,Fine,AP10U 2241,P.V,Grevious,1
15.07.2016,1:00 PM,1250.7,RHS,Rural,Ongole,Rear End Collision, Omini Van hit Unknown vehicle,Van,Grievious injury,Over speed,Four lanes or more with central divider,Straight road,,Fine,AP10U 2241,P.V,Minor,3
15.07.2016,1:00 PM,1250.7,RHS,Rural,Ongole,Rear End Collision, Omini Van hit Unknown vehicle,Van,Grievious injury,Over speed,Four lanes or more with central divider,Straight road,,Fine,AP10U 2241,P.V,Non injured ,0
15.07.2016,1:00 PM,1250.7,RHS,Rural,Ongole,Rear End Collision, Omini Van hit Unknown vehicle,Van,Grievious injury,Over speed,Four lanes or more with central divider,Straight road,,Fine,AP10U 2241,P.V,Animals affected,0
15.07.2016,7:45 PM,1319.1,LHS,Rural,Kavali,Rear End Collision, Lorry hit Lorry,Lorry,Grievious injury,Fault of driver of motor vehicle/driver of other vehicle/cyclist/pedestrian/passenger,Four lanes or more with central divider,Straight road,,Fine,AP16TV  2564,P.V&A.M.B,Fatal,0
15.07.2016,7:45 PM,1319.1,LHS,Rural,Kavali,Rear End Collision, Lorry hit Lorry,Lorry,Grievious injury,Fault of driver of motor vehicle/driver of other vehicle/cyclist/pedestrian/passenger,Four lanes or more with central divider,Straight road,,Fine,AP16TV  2564,P.V&A.M.B,Grevious,1
15.07.2016,7:45 PM,1319.1,LHS,Rural,Kavali,Rear End Collision, Lorry hit Lorry,Lorry,Grievious injury,Fault of driver of motor vehicle/driver of other vehicle/cyclist/pedestrian/passenger,Four lanes or more with central divider,Straight road,,Fine,AP16TV  2564,P.V&A.M.B,Minor,0
15.07.2016,7:45 PM,1319.1,LHS,Rural,Kavali,Rear End Collision, Lorry hit Lorry,Lorry,Grievious injury,Fault of driver of motor vehicle/driver of other vehicle/cyclist/pedestrian/passenger,Four lanes or more with central divider,Straight road,,Fine,AP16TV  2564,P.V&A.M.B,Non injured ,1
15.07.2016,7:45 PM,1319.1,LHS,Rural,Kavali,Rear End Collision, Lorry hit Lorry,Lorry,Grievious injury,Fault of driver of motor vehicle/driver of other vehicle/cyclist/pedestrian/passenger,Four lanes or more with central divider,Straight road,,Fine,AP16TV  2564,P.V&A.M.B,Animals affected,0
17.07.2016,3:00 AM,1255.7,LHS,Rural,Tangutur,Collision Brush/Side Wipe, Car hit CC Barrier,Car,Minor injury,Fault of driver of motor vehicle/driver of other vehicle/cyclist/pedestrian/passenger,Four lanes or more with central divider,Straight road,,Fine,AP16CU  6179,A.M.B,Fatal,0
17.07.2016,3:00 AM,1255.7,LHS,Rural,Tangutur,Collision Brush/Side Wipe, Car hit CC Barrier,Car,Minor injury,Fault of driver of motor vehicle/driver of other vehicle/cyclist/pedestrian/passenger,Four lanes or more with central divider,Straight road,,Fine,AP16CU  6179,A.M.B,Grevious,0
17.07.2016,3:00 AM,1255.7,LHS,Rural,Tangutur,Collision Brush/Side Wipe, Car hit CC Barrier,Car,Minor injury,Fault of driver of motor vehicle/driver of other vehicle/cyclist/pedestrian/passenger,Four lanes or more with central divider,Straight road,,Fine,AP16CU  6179,A.M.B,Minor,1
17.07.2016,3:00 AM,1255.7,LHS,Rural,Tangutur,Collision Brush/Side Wipe, Car hit CC Barrier,Car,Minor injury,Fault of driver of motor vehicle/driver of other vehicle/cyclist/pedestrian/passenger,Four lanes or more with central divider,Straight road,,Fine,AP16CU  6179,A.M.B,Non injured ,4
17.07.2016,3:00 AM,1255.7,LHS,Rural,Tangutur,Collision Brush/Side Wipe, Car hit CC Barrier,Car,Minor injury,Fault of driver of motor vehicle/driver of other vehicle/cyclist/pedestrian/passenger,Four lanes or more with central divider,Straight road,,Fine,AP16CU  6179,A.M.B,Animals affected,0
17.07.2016,12:22 PM,1183,LHS,Rural,Chilakaluripeta,Overturning, Auto overturned,Auto,Minor injury,Vehicle out of control,Four lanes or more with central divider,Straight road,,Fine,AP07TE  5236,A.M.B,Fatal,0
17.07.2016,12:22 PM,1183,LHS,Rural,Chilakaluripeta,Overturning, Auto overturned,Auto,Minor injury,Vehicle out of control,Four lanes or more with central divider,Straight road,,Fine,AP07TE  5236,A.M.B,Grevious,0
17.07.2016,12:22 PM,1183,LHS,Rural,Chilakaluripeta,Overturning, Auto overturned,Auto,Minor injury,Vehicle out of control,Four lanes or more with central divider,Straight road,,Fine,AP07TE  5236,A.M.B,Minor,1
17.07.2016,12:22 PM,1183,LHS,Rural,Chilakaluripeta,Overturning, Auto overturned,Auto,Minor injury,Vehicle out of control,Four lanes or more with central divider,Straight road,,Fine,AP07TE  5236,A.M.B,Non injured ,1
17.07.2016,12:22 PM,1183,LHS,Rural,Chilakaluripeta,Overturning, Auto overturned,Auto,Minor injury,Vehicle out of control,Four lanes or more with central divider,Straight road,,Fine,AP07TE  5236,A.M.B,Animals affected,0
17.07.2016,12:40 PM,1216,RHS,Rural,Medarametla,Rear End Collision, Car hit RTC Bus ,Car,Minor injury,Fault of driver of motor vehicle/driver of other vehicle/cyclist/pedestrian/passenger,Four lanes or more with central divider,Straight road,,Fine,TN03A  2345,P.V,Fatal,0
17.07.2016,12:40 PM,1216,RHS,Rural,Medarametla,Rear End Collision, Car hit RTC Bus ,Car,Minor injury,Fault of driver of motor vehicle/driver of other vehicle/cyclist/pedestrian/passenger,Four lanes or more with central divider,Straight road,,Fine,TN03A  2345,P.V,Grevious,0
17.07.2016,12:40 PM,1216,RHS,Rural,Medarametla,Rear End Collision, Car hit RTC Bus ,Car,Minor injury,Fault of driver of motor vehicle/driver of other vehicle/cyclist/pedestrian/passenger,Four lanes or more with central divider,Straight road,,Fine,TN03A  2345,P.V,Minor,1
17.07.2016,12:40 PM,1216,RHS,Rural,Medarametla,Rear End Collision, Car hit RTC Bus ,Car,Minor injury,Fault of driver of motor vehicle/driver of other vehicle/cyclist/pedestrian/passenger,Four lanes or more with central divider,Straight road,,Fine,TN03A  2345,P.V,Non injured ,18
17.07.2016,12:40 PM,1216,RHS,Rural,Medarametla,Rear End Collision, Car hit RTC Bus ,Car,Minor injury,Fault of driver of motor vehicle/driver of other vehicle/cyclist/pedestrian/passenger,Four lanes or more with central divider,Straight road,,Fine,TN03A  2345,P.V,Animals affected,0
18.07.2016,5:10 AM,1281.3,RHS,Rural,Singarayakonda,Skidding, Bike skidding,Bike,Minor injury,Over speed,Four lanes or more with central divider,Straight road,,Fine,AP26BC  8842,P.V,Fatal,0
18.07.2016,5:10 AM,1281.3,RHS,Rural,Singarayakonda,Skidding, Bike skidding,Bike,Minor injury,Over speed,Four lanes or more with central divider,Straight road,,Fine,AP26BC  8842,P.V,Grevious,0
18.07.2016,5:10 AM,1281.3,RHS,Rural,Singarayakonda,Skidding, Bike skidding,Bike,Minor injury,Over speed,Four lanes or more with central divider,Straight road,,Fine,AP26BC  8842,P.V,Minor,1
18.07.2016,5:10 AM,1281.3,RHS,Rural,Singarayakonda,Skidding, Bike skidding,Bike,Minor injury,Over speed,Four lanes or more with central divider,Straight road,,Fine,AP26BC  8842,P.V,Non injured ,0
18.07.2016,5:10 AM,1281.3,RHS,Rural,Singarayakonda,Skidding, Bike skidding,Bike,Minor injury,Over speed,Four lanes or more with central divider,Straight road,,Fine,AP26BC  8842,P.V,Animals affected,0
18.07.2016,4:50 PM,1291.6,RHS,Rural,Ulavapadu,Collision Brush/Side Wipe, Ambulance(Tata Sumo)  hit  lorry,Ambulance,Non injury,Over speed,Four lanes or more with central divider,Straight road,T-Junction,Fine,TN21K  2981,P.V,Fatal,0
18.07.2016,4:50 PM,1291.6,RHS,Rural,Ulavapadu,Collision Brush/Side Wipe, Ambulance(Tata Sumo)  hit  lorry,Ambulance,Non injury,Over speed,Four lanes or more with central divider,Straight road,T-Junction,Fine,TN21K  2981,P.V,Grevious,0
18.07.2016,4:50 PM,1291.6,RHS,Rural,Ulavapadu,Collision Brush/Side Wipe, Ambulance(Tata Sumo)  hit  lorry,Ambulance,Non injury,Over speed,Four lanes or more with central divider,Straight road,T-Junction,Fine,TN21K  2981,P.V,Minor,0
18.07.2016,4:50 PM,1291.6,RHS,Rural,Ulavapadu,Collision Brush/Side Wipe, Ambulance(Tata Sumo)  hit  lorry,Ambulance,Non injury,Over speed,Four lanes or more with central divider,Straight road,T-Junction,Fine,TN21K  2981,P.V,Non injured ,6
18.07.2016,4:50 PM,1291.6,RHS,Rural,Ulavapadu,Collision Brush/Side Wipe, Ambulance(Tata Sumo)  hit  lorry,Ambulance,Non injury,Over speed,Four lanes or more with central divider,Straight road,T-Junction,Fine,TN21K  2981,P.V,Animals affected,0
18.07.2016,4:59 PM,1233,RHS,Rural,Maddipadu,Overturning, Lorry overturned towards ROW,Lorry,Minor injury,Druken,Four lanes or more with central divider,Straight road,,Fine,AP27X  1818,P.V,Fatal,0
18.07.2016,4:59 PM,1233,RHS,Rural,Maddipadu,Overturning, Lorry overturned towards ROW,Lorry,Minor injury,Druken,Four lanes or more with central divider,Straight road,,Fine,AP27X  1818,P.V,Grevious,0
18.07.2016,4:59 PM,1233,RHS,Rural,Maddipadu,Overturning, Lorry overturned towards ROW,Lorry,Minor injury,Druken,Four lanes or more with central divider,Straight road,,Fine,AP27X  1818,P.V,Minor,1
18.07.2016,4:59 PM,1233,RHS,Rural,Maddipadu,Overturning, Lorry overturned towards ROW,Lorry,Minor injury,Druken,Four lanes or more with central divider,Straight road,,Fine,AP27X  1818,P.V,Non injured ,0
18.07.2016,4:59 PM,1233,RHS,Rural,Maddipadu,Overturning, Lorry overturned towards ROW,Lorry,Minor injury,Druken,Four lanes or more with central divider,Straight road,,Fine,AP27X  1818,P.V,Animals affected,0
19.07.2016,11:15 PM,1327.4,LHS,Rural,Kavali,Collision Brush/Side Wipe, Unknown vehicle hit pedestrian,Unknown,Fatal,Over speed,Four lanes or more with central divider,Straight road,,Fine,Unknown vehicle,P.V,Fatal,1
19.07.2016,11:15 PM,1327.4,LHS,Rural,Kavali,Collision Brush/Side Wipe, Unknown vehicle hit pedestrian,Unknown,Fatal,Over speed,Four lanes or more with central divider,Straight road,,Fine,Unknown vehicle,P.V,Grevious,0
19.07.2016,11:15 PM,1327.4,LHS,Rural,Kavali,Collision Brush/Side Wipe, Unknown vehicle hit pedestrian,Unknown,Fatal,Over speed,Four lanes or more with central divider,Straight road,,Fine,Unknown vehicle,P.V,Minor,0
19.07.2016,11:15 PM,1327.4,LHS,Rural,Kavali,Collision Brush/Side Wipe, Unknown vehicle hit pedestrian,Unknown,Fatal,Over speed,Four lanes or more with central divider,Straight road,,Fine,Unknown vehicle,P.V,Non injured ,0
19.07.2016,11:15 PM,1327.4,LHS,Rural,Kavali,Collision Brush/Side Wipe, Unknown vehicle hit pedestrian,Unknown,Fatal,Over speed,Four lanes or more with central divider,Straight road,,Fine,Unknown vehicle,P.V,Animals affected,0
20.07.2016,7:00 AM,1191.1,RHS,Rural,Martur,Rear End Collision, Lorry hit Median,Lorry,Non injury,Fault of driver of motor vehicle/driver of other vehicle/cyclist/pedestrian/passenger,Four lanes or more with central divider,Straight road,,Fine,KA09A     7447,P.V,Fatal,0
20.07.2016,7:00 AM,1191.1,RHS,Rural,Martur,Rear End Collision, Lorry hit Median,Lorry,Non injury,Fault of driver of motor vehicle/driver of other vehicle/cyclist/pedestrian/passenger,Four lanes or more with central divider,Straight road,,Fine,KA09A     7447,P.V,Grevious,0
20.07.2016,7:00 AM,1191.1,RHS,Rural,Martur,Rear End Collision, Lorry hit Median,Lorry,Non injury,Fault of driver of motor vehicle/driver of other vehicle/cyclist/pedestrian/passenger,Four lanes or more with central divider,Straight road,,Fine,KA09A     7447,P.V,Minor,0
20.07.2016,7:00 AM,1191.1,RHS,Rural,Martur,Rear End Collision, Lorry hit Median,Lorry,Non injury,Fault of driver of motor vehicle/driver of other vehicle/cyclist/pedestrian/passenger,Four lanes or more with central divider,Straight road,,Fine,KA09A     7447,P.V,Non injured ,1
20.07.2016,7:00 AM,1191.1,RHS,Rural,Martur,Rear End Collision, Lorry hit Median,Lorry,Non injury,Fault of driver of motor vehicle/driver of other vehicle/cyclist/pedestrian/passenger,Four lanes or more with central divider,Straight road,,Fine,KA09A     7447,P.V,Animals affected,0
20.07.2016,8:45 PM,1335.6,RHS,Rural,K.Tippa ,Collision Brush/Side Wipe, Container Vehicle hit Unknown Vehicle,Container,Minor injury,Druken,Four lanes or more with central divider,Straight road,,Fine,NLO1K   8134,P.V&A.M.B,Fatal,0
20.07.2016,8:45 PM,1335.6,RHS,Rural,K.Tippa ,Collision Brush/Side Wipe, Container Vehicle hit Unknown Vehicle,Container,Minor injury,Druken,Four lanes or more with central divider,Straight road,,Fine,NLO1K   8134,P.V&A.M.B,Grevious,0
20.07.2016,8:45 PM,1335.6,RHS,Rural,K.Tippa ,Collision Brush/Side Wipe, Container Vehicle hit Unknown Vehicle,Container,Minor injury,Druken,Four lanes or more with central divider,Straight road,,Fine,NLO1K   8134,P.V&A.M.B,Minor,1
20.07.2016,8:45 PM,1335.6,RHS,Rural,K.Tippa ,Collision Brush/Side Wipe, Container Vehicle hit Unknown Vehicle,Container,Minor injury,Druken,Four lanes or more with central divider,Straight road,,Fine,NLO1K   8134,P.V&A.M.B,Non injured ,0
20.07.2016,8:45 PM,1335.6,RHS,Rural,K.Tippa ,Collision Brush/Side Wipe, Container Vehicle hit Unknown Vehicle,Container,Minor injury,Druken,Four lanes or more with central divider,Straight road,,Fine,NLO1K   8134,P.V&A.M.B,Animals affected,0
21.07.2016,5:15 PM,1328.5,LHS,Rural,Kavali,Rear End Collision, Lorry hit Lorry,Lorry,Non injury,Over speed,Two lanes,Straight road,,Fine,KA01AE 366,P.V,Fatal,0
21.07.2016,5:15 PM,1328.5,LHS,Rural,Kavali,Rear End Collision, Lorry hit Lorry,Lorry,Non injury,Over speed,Two lanes,Straight road,,Fine,KA01AE 366,P.V,Grevious,0
21.07.2016,5:15 PM,1328.5,LHS,Rural,Kavali,Rear End Collision, Lorry hit Lorry,Lorry,Non injury,Over speed,Two lanes,Straight road,,Fine,KA01AE 366,P.V,Minor,0
21.07.2016,5:15 PM,1328.5,LHS,Rural,Kavali,Rear End Collision, Lorry hit Lorry,Lorry,Non injury,Over speed,Two lanes,Straight road,,Fine,KA01AE 366,P.V,Non injured ,1
21.07.2016,5:15 PM,1328.5,LHS,Rural,Kavali,Rear End Collision, Lorry hit Lorry,Lorry,Non injury,Over speed,Two lanes,Straight road,,Fine,KA01AE 366,P.V,Animals affected,0
22.07.2016,4:30 AM,1208.6,RHS,Rural,Reningavaram,Collision Brush/Side Wipe, Car hit Trailer Vehicle,Car,Non injury,Fault of driver of motor vehicle/driver of other vehicle/cyclist/pedestrian/passenger,Four lanes or more with central divider,Straight road,,Fine,F/R CAR,P.V,Fatal,0
22.07.2016,4:30 AM,1208.6,RHS,Rural,Reningavaram,Collision Brush/Side Wipe, Car hit Trailer Vehicle,Car,Non injury,Fault of driver of motor vehicle/driver of other vehicle/cyclist/pedestrian/passenger,Four lanes or more with central divider,Straight road,,Fine,F/R CAR,P.V,Grevious,0
22.07.2016,4:30 AM,1208.6,RHS,Rural,Reningavaram,Collision Brush/Side Wipe, Car hit Trailer Vehicle,Car,Non injury,Fault of driver of motor vehicle/driver of other vehicle/cyclist/pedestrian/passenger,Four lanes or more with central divider,Straight road,,Fine,F/R CAR,P.V,Minor,0