Operational date,Time of Accident,KM && M,Position,Rural/Urban,Location,Nature of Accident Position,Nature of Accident,Vehicle Involved,Type of Accident,Causes,Road Feature,Road condition,Intersection Type And Control,Weather Condition,Vehicle Responsible,Help Provided by Ambulance/Patroling Vehicle,Classification of Accident,No of Affected Persons
22.07.2016,4:30 AM,1208.6,RHS,Rural,Reningavaram,Collision Brush/Side Wipe, Car hit Trailer Vehicle,Car,Non injury,Fault of driver of motor vehicle/driver of other vehicle/cyclist/pedestrian/passenger,Four lanes or more with central divider,Straight road,,Fine,F/R CAR,P.V,Non injured ,5
22.07.2016,4:30 AM,1208.6,RHS,Rural,Reningavaram,Collision Brush/Side Wipe, Car hit Trailer Vehicle,Car,Non injury,Fault of driver of motor vehicle/driver of other vehicle/cyclist/pedestrian/passenger,Four lanes or more with central divider,Straight road,,Fine,F/R CAR,P.V,Animals affected,0
22.07.2016,8:25 PM,1201.8,RHS,Rural,Reningavaram,Overturning, Ape Auto          Over Turned,Auto,Grievious injury,Druken,Four lanes or more with central divider,Straight road,,Fine,AP27TW 8753,P.V&A.M.B,Fatal,0
22.07.2016,8:25 PM,1201.8,RHS,Rural,Reningavaram,Overturning, Ape Auto          Over Turned,Auto,Grievious injury,Druken,Four lanes or more with central divider,Straight road,,Fine,AP27TW 8753,P.V&A.M.B,Grevious,1
22.07.2016,8:25 PM,1201.8,RHS,Rural,Reningavaram,Overturning, Ape Auto          Over Turned,Auto,Grievious injury,Druken,Four lanes or more with central divider,Straight road,,Fine,AP27TW 8753,P.V&A.M.B,Minor,0
22.07.2016,8:25 PM,1201.8,RHS,Rural,Reningavaram,Overturning, Ape Auto          Over Turned,Auto,Grievious injury,Druken,Four lanes or more with central divider,Straight road,,Fine,AP27TW 8753,P.V&A.M.B,Non injured ,0
22.07.2016,8:25 PM,1201.8,RHS,Rural,Reningavaram,Overturning, Ape Auto          Over Turned,Auto,Grievious injury,Druken,Four lanes or more with central divider,Straight road,,Fine,AP27TW 8753,P.V&A.M.B,Animals affected,0
23.07.2016,1:00 AM,1227.7,LHS,Rural,Maddipadu,Rear End Collision, Lorry hit RTC Bus,Lorry,Grievious injury,Over speed,Four lanes or more with central divider,Straight road,,Fine,TN52J  1883,P.V,Fatal,0
23.07.2016,1:00 AM,1227.7,LHS,Rural,Maddipadu,Rear End Collision, Lorry hit RTC Bus,Lorry,Grievious injury,Over speed,Four lanes or more with central divider,Straight road,,Fine,TN52J  1883,P.V,Grevious,3
23.07.2016,1:00 AM,1227.7,LHS,Rural,Maddipadu,Rear End Collision, Lorry hit RTC Bus,Lorry,Grievious injury,Over speed,Four lanes or more with central divider,Straight road,,Fine,TN52J  1883,P.V,Minor,1
23.07.2016,1:00 AM,1227.7,LHS,Rural,Maddipadu,Rear End Collision, Lorry hit RTC Bus,Lorry,Grievious injury,Over speed,Four lanes or more with central divider,Straight road,,Fine,TN52J  1883,P.V,Non injured ,35
23.07.2016,1:00 AM,1227.7,LHS,Rural,Maddipadu,Rear End Collision, Lorry hit RTC Bus,Lorry,Grievious injury,Over speed,Four lanes or more with central divider,Straight road,,Fine,TN52J  1883,P.V,Animals affected,0
23.07.2016,6:30 AM,1255.7,LHS,Rural,Tangutur,Collision Brush/Side Wipe, Lorry hit Median,Lorry,Non injury,Fault of driver of motor vehicle/driver of other vehicle/cyclist/pedestrian/passenger,Four lanes or more with central divider,Straight road,,Fine,HR38U  7401,P.V,Fatal,0
23.07.2016,6:30 AM,1255.7,LHS,Rural,Tangutur,Collision Brush/Side Wipe, Lorry hit Median,Lorry,Non injury,Fault of driver of motor vehicle/driver of other vehicle/cyclist/pedestrian/passenger,Four lanes or more with central divider,Straight road,,Fine,HR38U  7401,P.V,Grevious,0
23.07.2016,6:30 AM,1255.7,LHS,Rural,Tangutur,Collision Brush/Side Wipe, Lorry hit Median,Lorry,Non injury,Fault of driver of motor vehicle/driver of other vehicle/cyclist/pedestrian/passenger,Four lanes or more with central divider,Straight road,,Fine,HR38U  7401,P.V,Minor,0
23.07.2016,6:30 AM,1255.7,LHS,Rural,Tangutur,Collision Brush/Side Wipe, Lorry hit Median,Lorry,Non injury,Fault of driver of motor vehicle/driver of other vehicle/cyclist/pedestrian/passenger,Four lanes or more with central divider,Straight road,,Fine,HR38U  7401,P.V,Non injured ,1
23.07.2016,6:30 AM,1255.7,LHS,Rural,Tangutur,Collision Brush/Side Wipe, Lorry hit Median,Lorry,Non injury,Fault of driver of motor vehicle/driver of other vehicle/cyclist/pedestrian/passenger,Four lanes or more with central divider,Straight road,,Fine,HR38U  7401,P.V,Animals affected,0
24.07.2016,11:30 AM,1356,LHS,Rural,Kodavaluru,Collision Brush/Side Wipe, Long Trailler Vehicle hit Bike ,Lorry,Fatal,Fault of driver of motor vehicle/driver of other vehicle/cyclist/pedestrian/passenger,Four lanes or more with central divider,Straight road,,Fine,NL01K   0281 ,P.V,Fatal,2
24.07.2016,11:30 AM,1356,LHS,Rural,Kodavaluru,Collision Brush/Side Wipe, Long Trailler Vehicle hit Bike ,Lorry,Fatal,Fault of driver of motor vehicle/driver of other vehicle/cyclist/pedestrian/passenger,Four lanes or more with central divider,Straight road,,Fine,NL01K   0281 ,P.V,Grevious,0
24.07.2016,11:30 AM,1356,LHS,Rural,Kodavaluru,Collision Brush/Side Wipe, Long Trailler Vehicle hit Bike ,Lorry,Fatal,Fault of driver of motor vehicle/driver of other vehicle/cyclist/pedestrian/passenger,Four lanes or more with central divider,Straight road,,Fine,NL01K   0281 ,P.V,Minor,0
24.07.2016,11:30 AM,1356,LHS,Rural,Kodavaluru,Collision Brush/Side Wipe, Long Trailler Vehicle hit Bike ,Lorry,Fatal,Fault of driver of motor vehicle/driver of other vehicle/cyclist/pedestrian/passenger,Four lanes or more with central divider,Straight road,,Fine,NL01K   0281 ,P.V,Non injured ,1
24.07.2016,11:30 AM,1356,LHS,Rural,Kodavaluru,Collision Brush/Side Wipe, Long Trailler Vehicle hit Bike ,Lorry,Fatal,Fault of driver of motor vehicle/driver of other vehicle/cyclist/pedestrian/passenger,Four lanes or more with central divider,Straight road,,Fine,NL01K   0281 ,P.V,Animals affected,0
24.07.2016,8:20 PM,1247.1,RHS,Urban,Ongole,Collision Brush/Side Wipe, Unknown Vehicle hit Pedestrian ,Unknown,Grievious injury,Over speed,Four lanes or more with central divider,Sharp curve,,Fine,Unknown Vehicle,P.V,Fatal,0
24.07.2016,8:20 PM,1247.1,RHS,Urban,Ongole,Collision Brush/Side Wipe, Unknown Vehicle hit Pedestrian ,Unknown,Grievious injury,Over speed,Four lanes or more with central divider,Sharp curve,,Fine,Unknown Vehicle,P.V,Grevious,1
24.07.2016,8:20 PM,1247.1,RHS,Urban,Ongole,Collision Brush/Side Wipe, Unknown Vehicle hit Pedestrian ,Unknown,Grievious injury,Over speed,Four lanes or more with central divider,Sharp curve,,Fine,Unknown Vehicle,P.V,Minor,0
24.07.2016,8:20 PM,1247.1,RHS,Urban,Ongole,Collision Brush/Side Wipe, Unknown Vehicle hit Pedestrian ,Unknown,Grievious injury,Over speed,Four lanes or more with central divider,Sharp curve,,Fine,Unknown Vehicle,P.V,Non injured ,0
24.07.2016,8:20 PM,1247.1,RHS,Urban,Ongole,Collision Brush/Side Wipe, Unknown Vehicle hit Pedestrian ,Unknown,Grievious injury,Over speed,Four lanes or more with central divider,Sharp curve,,Fine,Unknown Vehicle,P.V,Animals affected,0
25.07.2016,12:10 AM,1239.4,LHS,Rural,Ongole,Rear End Collision, Lorry hit unknown vehicle,Lorry,Minor injury,Over speed,Two lanes,Straight road,,Fine,AP16TG 3649,P.V,Fatal,0
25.07.2016,12:10 AM,1239.4,LHS,Rural,Ongole,Rear End Collision, Lorry hit unknown vehicle,Lorry,Minor injury,Over speed,Two lanes,Straight road,,Fine,AP16TG 3649,P.V,Grevious,0
25.07.2016,12:10 AM,1239.4,LHS,Rural,Ongole,Rear End Collision, Lorry hit unknown vehicle,Lorry,Minor injury,Over speed,Two lanes,Straight road,,Fine,AP16TG 3649,P.V,Minor,1
25.07.2016,12:10 AM,1239.4,LHS,Rural,Ongole,Rear End Collision, Lorry hit unknown vehicle,Lorry,Minor injury,Over speed,Two lanes,Straight road,,Fine,AP16TG 3649,P.V,Non injured ,0
25.07.2016,12:10 AM,1239.4,LHS,Rural,Ongole,Rear End Collision, Lorry hit unknown vehicle,Lorry,Minor injury,Over speed,Two lanes,Straight road,,Fine,AP16TG 3649,P.V,Animals affected,0
25.07.2016,1:00 PM,1235.2,LHS,Rural,Maddipadu,Collision Brush/Side Wipe, Unknown vehicle hit scooty,Unknown,Grievious injury,Over speed,Four lanes or more with central divider,Straight road,,Fine,Unknown vehicle,P.V,Fatal,0
25.07.2016,1:00 PM,1235.2,LHS,Rural,Maddipadu,Collision Brush/Side Wipe, Unknown vehicle hit scooty,Unknown,Grievious injury,Over speed,Four lanes or more with central divider,Straight road,,Fine,Unknown vehicle,P.V,Grevious,1
25.07.2016,1:00 PM,1235.2,LHS,Rural,Maddipadu,Collision Brush/Side Wipe, Unknown vehicle hit scooty,Unknown,Grievious injury,Over speed,Four lanes or more with central divider,Straight road,,Fine,Unknown vehicle,P.V,Minor,0
25.07.2016,1:00 PM,1235.2,LHS,Rural,Maddipadu,Collision Brush/Side Wipe, Unknown vehicle hit scooty,Unknown,Grievious injury,Over speed,Four lanes or more with central divider,Straight road,,Fine,Unknown vehicle,P.V,Non injured ,0
25.07.2016,1:00 PM,1235.2,LHS,Rural,Maddipadu,Collision Brush/Side Wipe, Unknown vehicle hit scooty,Unknown,Grievious injury,Over speed,Four lanes or more with central divider,Straight road,,Fine,Unknown vehicle,P.V,Animals affected,0
25.07.2016,3:00 PM,1338.1,RHS,Rural,K.Tippa ,Rear End Collision, Lorry hit RTC Bus,Lorry,Minor injury,Over speed,Four lanes or more with central divider,Straight road,,Fine,AP03TC  0691,P.V & A.M.B,Fatal,0
25.07.2016,3:00 PM,1338.1,RHS,Rural,K.Tippa ,Rear End Collision, Lorry hit RTC Bus,Lorry,Minor injury,Over speed,Four lanes or more with central divider,Straight road,,Fine,AP03TC  0691,P.V & A.M.B,Grevious,0
25.07.2016,3:00 PM,1338.1,RHS,Rural,K.Tippa ,Rear End Collision, Lorry hit RTC Bus,Lorry,Minor injury,Over speed,Four lanes or more with central divider,Straight road,,Fine,AP03TC  0691,P.V & A.M.B,Minor,2
25.07.2016,3:00 PM,1338.1,RHS,Rural,K.Tippa ,Rear End Collision, Lorry hit RTC Bus,Lorry,Minor injury,Over speed,Four lanes or more with central divider,Straight road,,Fine,AP03TC  0691,P.V & A.M.B,Non injured ,35
25.07.2016,3:00 PM,1338.1,RHS,Rural,K.Tippa ,Rear End Collision, Lorry hit RTC Bus,Lorry,Minor injury,Over speed,Four lanes or more with central divider,Straight road,,Fine,AP03TC  0691,P.V & A.M.B,Animals affected,0
27.07.2016,6:25 AM,1298.6,LHS,Rural,Ulavapadu,Rear End Collision, Orange Sleeper Bus hit long container v,Bus,Minor injury,Over speed,Four lanes or more with central divider,Straight road,,Fine,AP28TD  1412,P.V,Fatal,0
27.07.2016,6:25 AM,1298.6,LHS,Rural,Ulavapadu,Rear End Collision, Orange Sleeper Bus hit long container v,Bus,Minor injury,Over speed,Four lanes or more with central divider,Straight road,,Fine,AP28TD  1412,P.V,Grevious,0
27.07.2016,6:25 AM,1298.6,LHS,Rural,Ulavapadu,Rear End Collision, Orange Sleeper Bus hit long container v,Bus,Minor injury,Over speed,Four lanes or more with central divider,Straight road,,Fine,AP28TD  1412,P.V,Minor,1
27.07.2016,6:25 AM,1298.6,LHS,Rural,Ulavapadu,Rear End Collision, Orange Sleeper Bus hit long container v,Bus,Minor injury,Over speed,Four lanes or more with central divider,Straight road,,Fine,AP28TD  1412,P.V,Non injured ,18
27.07.2016,6:25 AM,1298.6,LHS,Rural,Ulavapadu,Rear End Collision, Orange Sleeper Bus hit long container v,Bus,Minor injury,Over speed,Four lanes or more with central divider,Straight road,,Fine,AP28TD  1412,P.V,Animals affected,0
29.07.2016,6:35 AM,1325.9,RHS,Rural,Kavali,Collision Brush/Side Wipe, Bike hit lorry ,Bike,Minor injury,Fault of driver of motor vehicle/driver of other vehicle/cyclist/pedestrian/passenger,Four lanes or more with central divider,Straight road,,Fine,F/R Bike,P.V & A.M.B,Fatal,0
29.07.2016,6:35 AM,1325.9,RHS,Rural,Kavali,Collision Brush/Side Wipe, Bike hit lorry ,Bike,Minor injury,Fault of driver of motor vehicle/driver of other vehicle/cyclist/pedestrian/passenger,Four lanes or more with central divider,Straight road,,Fine,F/R Bike,P.V & A.M.B,Grevious,0
29.07.2016,6:35 AM,1325.9,RHS,Rural,Kavali,Collision Brush/Side Wipe, Bike hit lorry ,Bike,Minor injury,Fault of driver of motor vehicle/driver of other vehicle/cyclist/pedestrian/passenger,Four lanes or more with central divider,Straight road,,Fine,F/R Bike,P.V & A.M.B,Minor,1
29.07.2016,6:35 AM,1325.9,RHS,Rural,Kavali,Collision Brush/Side Wipe, Bike hit lorry ,Bike,Minor injury,Fault of driver of motor vehicle/driver of other vehicle/cyclist/pedestrian/passenger,Four lanes or more with central divider,Straight road,,Fine,F/R Bike,P.V & A.M.B,Non injured ,0
29.07.2016,6:35 AM,1325.9,RHS,Rural,Kavali,Collision Brush/Side Wipe, Bike hit lorry ,Bike,Minor injury,Fault of driver of motor vehicle/driver of other vehicle/cyclist/pedestrian/passenger,Four lanes or more with central divider,Straight road,,Fine,F/R Bike,P.V & A.M.B,Animals affected,0
29.07.2016,3:15 PM,1231.4,RHS,Rural,Maddipadu,Collision Brush/Side Wipe, Car hit lorry,Car,Non injury,Defect in mechanical condition of motor vehicle/road condition,Four lanes or more with central divider,Straight road,,Fine,F/R Car,P.V,Fatal,0
29.07.2016,3:15 PM,1231.4,RHS,Rural,Maddipadu,Collision Brush/Side Wipe, Car hit lorry,Car,Non injury,Defect in mechanical condition of motor vehicle/road condition,Four lanes or more with central divider,Straight road,,Fine,F/R Car,P.V,Grevious,0
29.07.2016,3:15 PM,1231.4,RHS,Rural,Maddipadu,Collision Brush/Side Wipe, Car hit lorry,Car,Non injury,Defect in mechanical condition of motor vehicle/road condition,Four lanes or more with central divider,Straight road,,Fine,F/R Car,P.V,Minor,0
29.07.2016,3:15 PM,1231.4,RHS,Rural,Maddipadu,Collision Brush/Side Wipe, Car hit lorry,Car,Non injury,Defect in mechanical condition of motor vehicle/road condition,Four lanes or more with central divider,Straight road,,Fine,F/R Car,P.V,Non injured ,3
29.07.2016,3:15 PM,1231.4,RHS,Rural,Maddipadu,Collision Brush/Side Wipe, Car hit lorry,Car,Non injury,Defect in mechanical condition of motor vehicle/road condition,Four lanes or more with central divider,Straight road,,Fine,F/R Car,P.V,Animals affected,0
29.07.2016,3:35 PM,1257.5,LHS,Rural,Tangutur,Rear End Collision, Oil tanker hit lorry,Tanker,Non injury,Over speed,Two lanes,Straight road,,Fine,TN20Q   8699,P.V,Fatal,0
29.07.2016,3:35 PM,1257.5,LHS,Rural,Tangutur,Rear End Collision, Oil tanker hit lorry,Tanker,Non injury,Over speed,Two lanes,Straight road,,Fine,TN20Q   8699,P.V,Grevious,0
29.07.2016,3:35 PM,1257.5,LHS,Rural,Tangutur,Rear End Collision, Oil tanker hit lorry,Tanker,Non injury,Over speed,Two lanes,Straight road,,Fine,TN20Q   8699,P.V,Minor,0
29.07.2016,3:35 PM,1257.5,LHS,Rural,Tangutur,Rear End Collision, Oil tanker hit lorry,Tanker,Non injury,Over speed,Two lanes,Straight road,,Fine,TN20Q   8699,P.V,Non injured ,1
29.07.2016,3:35 PM,1257.5,LHS,Rural,Tangutur,Rear End Collision, Oil tanker hit lorry,Tanker,Non injury,Over speed,Two lanes,Straight road,,Fine,TN20Q   8699,P.V,Animals affected,0
30.07.2016,8:24 AM,1236,LHS,Rural,Maddipadu,Rear End Collision, Car hit Collage Bus,Car,Fatal,Fault of driver of motor vehicle/driver of other vehicle/cyclist/pedestrian/passenger,Four lanes or more with central divider,Straight road,,Fine,AP26AL 5895,P.V,Fatal,3
30.07.2016,8:24 AM,1236,LHS,Rural,Maddipadu,Rear End Collision, Car hit Collage Bus,Car,Fatal,Fault of driver of motor vehicle/driver of other vehicle/cyclist/pedestrian/passenger,Four lanes or more with central divider,Straight road,,Fine,AP26AL 5895,P.V,Grevious,1
30.07.2016,8:24 AM,1236,LHS,Rural,Maddipadu,Rear End Collision, Car hit Collage Bus,Car,Fatal,Fault of driver of motor vehicle/driver of other vehicle/cyclist/pedestrian/passenger,Four lanes or more with central divider,Straight road,,Fine,AP26AL 5895,P.V,Minor,0
30.07.2016,8:24 AM,1236,LHS,Rural,Maddipadu,Rear End Collision, Car hit Collage Bus,Car,Fatal,Fault of driver of motor vehicle/driver of other vehicle/cyclist/pedestrian/passenger,Four lanes or more with central divider,Straight road,,Fine,AP26AL 5895,P.V,Non injured ,40
30.07.2016,8:24 AM,1236,LHS,Rural,Maddipadu,Rear End Collision, Car hit Collage Bus,Car,Fatal,Fault of driver of motor vehicle/driver of other vehicle/cyclist/pedestrian/passenger,Four lanes or more with central divider,Straight road,,Fine,AP26AL 5895,P.V,Animals affected,0
31.07.2016,9:00 AM,1336.9,LHS,Rural,K.Tippa ,Rear End Collision, Eicher truck hit Road side Tea Stall,Eicher,Fatal,Over speed,Two lanes,Straight road,,Fine,KA03C 0610,P.V,Fatal,2
31.07.2016,9:00 AM,1336.9,LHS,Rural,K.Tippa ,Rear End Collision, Eicher truck hit Road side Tea Stall,Eicher,Fatal,Over speed,Two lanes,Straight road,,Fine,KA03C 0610,P.V,Grevious,0
31.07.2016,9:00 AM,1336.9,LHS,Rural,K.Tippa ,Rear End Collision, Eicher truck hit Road side Tea Stall,Eicher,Fatal,Over speed,Two lanes,Straight road,,Fine,KA03C 0610,P.V,Minor,0
31.07.2016,9:00 AM,1336.9,LHS,Rural,K.Tippa ,Rear End Collision, Eicher truck hit Road side Tea Stall,Eicher,Fatal,Over speed,Two lanes,Straight road,,Fine,KA03C 0610,P.V,Non injured ,2
31.07.2016,9:00 AM,1336.9,LHS,Rural,K.Tippa ,Rear End Collision, Eicher truck hit Road side Tea Stall,Eicher,Fatal,Over speed,Two lanes,Straight road,,Fine,KA03C 0610,P.V,Animals affected,0
31.07.2016,9:50 AM,1363.6,LHS,Rural,Kovuru,Rear End Collision, Tata Winger Van hit Lorry,Van,Minor injury,Over speed,Four lanes or more with central divider,Straight road,,Fine,AP07TC 0121,P.V,Fatal,0
31.07.2016,9:50 AM,1363.6,LHS,Rural,Kovuru,Rear End Collision, Tata Winger Van hit Lorry,Van,Minor injury,Over speed,Four lanes or more with central divider,Straight road,,Fine,AP07TC 0121,P.V,Grevious,0
31.07.2016,9:50 AM,1363.6,LHS,Rural,Kovuru,Rear End Collision, Tata Winger Van hit Lorry,Van,Minor injury,Over speed,Four lanes or more with central divider,Straight road,,Fine,AP07TC 0121,P.V,Minor,7
31.07.2016,9:50 AM,1363.6,LHS,Rural,Kovuru,Rear End Collision, Tata Winger Van hit Lorry,Van,Minor injury,Over speed,Four lanes or more with central divider,Straight road,,Fine,AP07TC 0121,P.V,Non injured ,2
31.07.2016,9:50 AM,1363.6,LHS,Rural,Kovuru,Rear End Collision, Tata Winger Van hit Lorry,Van,Minor injury,Over speed,Four lanes or more with central divider,Straight road,,Fine,AP07TC 0121,P.V,Animals affected,0
01.08.2016,1:00 AM,1349.4,RHS,Rural,Kodavaluru,Collision Brush/Side Wipe, Bolero camper vehicle hit median,Car,Minor injury,Fault of driver of motor vehicle/driver of other vehicle/cyclist/pedestrian/passenger,Four lanes or more with central divider,Straight road,,Fine,AP03TD  5171,P.V,Fatal,0
01.08.2016,1:00 AM,1349.4,RHS,Rural,Kodavaluru,Collision Brush/Side Wipe, Bolero camper vehicle hit median,Car,Minor injury,Fault of driver of motor vehicle/driver of other vehicle/cyclist/pedestrian/passenger,Four lanes or more with central divider,Straight road,,Fine,AP03TD  5171,P.V,Grevious,0
01.08.2016,1:00 AM,1349.4,RHS,Rural,Kodavaluru,Collision Brush/Side Wipe, Bolero camper vehicle hit median,Car,Minor injury,Fault of driver of motor vehicle/driver of other vehicle/cyclist/pedestrian/passenger,Four lanes or more with central divider,Straight road,,Fine,AP03TD  5171,P.V,Minor,1
01.08.2016,1:00 AM,1349.4,RHS,Rural,Kodavaluru,Collision Brush/Side Wipe, Bolero camper vehicle hit median,Car,Minor injury,Fault of driver of motor vehicle/driver of other vehicle/cyclist/pedestrian/passenger,Four lanes or more with central divider,Straight road,,Fine,AP03TD  5171,P.V,Non injured ,0
01.08.2016,1:00 AM,1349.4,RHS,Rural,Kodavaluru,Collision Brush/Side Wipe, Bolero camper vehicle hit median,Car,Minor injury,Fault of driver of motor vehicle/driver of other vehicle/cyclist/pedestrian/passenger,Four lanes or more with central divider,Straight road,,Fine,AP03TD  5171,P.V,Animals affected,0
02.08.2016,3:40 AM,1223,LHS,Rural,Medarametla,Overturning, Mini lorry overturned towards ROW,Lorry,Minor injury,Fault of driver of motor vehicle/driver of other vehicle/cyclist/pedestrian/passenger,Four lanes or more with central divider,Slight curve,,Fine,AP04TW  2168,P.V,Fatal,0
02.08.2016,3:40 AM,1223,LHS,Rural,Medarametla,Overturning, Mini lorry overturned towards ROW,Lorry,Minor injury,Fault of driver of motor vehicle/driver of other vehicle/cyclist/pedestrian/passenger,Four lanes or more with central divider,Slight curve,,Fine,AP04TW  2168,P.V,Grevious,0
02.08.2016,3:40 AM,1223,LHS,Rural,Medarametla,Overturning, Mini lorry overturned towards ROW,Lorry,Minor injury,Fault of driver of motor vehicle/driver of other vehicle/cyclist/pedestrian/passenger,Four lanes or more with central divider,Slight curve,,Fine,AP04TW  2168,P.V,Minor,5
02.08.2016,3:40 AM,1223,LHS,Rural,Medarametla,Overturning, Mini lorry overturned towards ROW,Lorry,Minor injury,Fault of driver of motor vehicle/driver of other vehicle/cyclist/pedestrian/passenger,Four lanes or more with central divider,Slight curve,,Fine,AP04TW  2168,P.V,Non injured ,1
02.08.2016,3:40 AM,1223,LHS,Rural,Medarametla,Overturning, Mini lorry overturned towards ROW,Lorry,Minor injury,Fault of driver of motor vehicle/driver of other vehicle/cyclist/pedestrian/passenger,Four lanes or more with central divider,Slight curve,,Fine,AP04TW  2168,P.V,Animals affected,0
02.08.2016,2:40 PM,1199,LHS,Rural,Martur,Collision Brush/Side Wipe, Bike hit Pedestrian,Bike,Grievious injury,Over speed,Four lanes or more with central divider,Straight road,,Fine,AP27AL  3807,P.V&A.M.B,Fatal,0
02.08.2016,2:40 PM,1199,LHS,Rural,Martur,Collision Brush/Side Wipe, Bike hit Pedestrian,Bike,Grievious injury,Over speed,Four lanes or more with central divider,Straight road,,Fine,AP27AL  3807,P.V&A.M.B,Grevious,1
02.08.2016,2:40 PM,1199,LHS,Rural,Martur,Collision Brush/Side Wipe, Bike hit Pedestrian,Bike,Grievious injury,Over speed,Four lanes or more with central divider,Straight road,,Fine,AP27AL  3807,P.V&A.M.B,Minor,1
02.08.2016,2:40 PM,1199,LHS,Rural,Martur,Collision Brush/Side Wipe, Bike hit Pedestrian,Bike,Grievious injury,Over speed,Four lanes or more with central divider,Straight road,,Fine,AP27AL  3807,P.V&A.M.B,Non injured ,0
02.08.2016,2:40 PM,1199,LHS,Rural,Martur,Collision Brush/Side Wipe, Bike hit Pedestrian,Bike,Grievious injury,Over speed,Four lanes or more with central divider,Straight road,,Fine,AP27AL  3807,P.V&A.M.B,Animals affected,0
03.08.2016,6:27 AM,1268.8,LHS,Rural,Jarugumalli,Rear End Collision, Bike hit tipper,Bike,Grievious injury,Over speed,Four lanes or more with central divider,Straight road,,Fine,AP27BG   3441,P.V & A.M.B,Fatal,0
03.08.2016,6:27 AM,1268.8,LHS,Rural,Jarugumalli,Rear End Collision, Bike hit tipper,Bike,Grievious injury,Over speed,Four lanes or more with central divider,Straight road,,Fine,AP27BG   3441,P.V & A.M.B,Grevious,1
03.08.2016,6:27 AM,1268.8,LHS,Rural,Jarugumalli,Rear End Collision, Bike hit tipper,Bike,Grievious injury,Over speed,Four lanes or more with central divider,Straight road,,Fine,AP27BG   3441,P.V & A.M.B,Minor,0
03.08.2016,6:27 AM,1268.8,LHS,Rural,Jarugumalli,Rear End Collision, Bike hit tipper,Bike,Grievious injury,Over speed,Four lanes or more with central divider,Straight road,,Fine,AP27BG   3441,P.V & A.M.B,Non injured ,0
03.08.2016,6:27 AM,1268.8,LHS,Rural,Jarugumalli,Rear End Collision, Bike hit tipper,Bike,Grievious injury,Over speed,Four lanes or more with central divider,Straight road,,Fine,AP27BG   3441,P.V & A.M.B,Animals affected,0
03.08.2016,7:00 AM,1243.2,LHS,Rural,Ongole,Collision Brush/Side Wipe, Lorry hit RTC Bus,Lorry,Minor injury,Over speed,Four lanes or more with central divider,Straight road,T-Junction,Fine,AP21TY  9316,P.V,Fatal,0
03.08.2016,7:00 AM,1243.2,LHS,Rural,Ongole,Collision Brush/Side Wipe, Lorry hit RTC Bus,Lorry,Minor injury,Over speed,Four lanes or more with central divider,Straight road,T-Junction,Fine,AP21TY  9316,P.V,Grevious,0
03.08.2016,7:00 AM,1243.2,LHS,Rural,Ongole,Collision Brush/Side Wipe, Lorry hit RTC Bus,Lorry,Minor injury,Over speed,Four lanes or more with central divider,Straight road,T-Junction,Fine,AP21TY  9316,P.V,Minor,7
03.08.2016,7:00 AM,1243.2,LHS,Rural,Ongole,Collision Brush/Side Wipe, Lorry hit RTC Bus,Lorry,Minor injury,Over speed,Four lanes or more with central divider,Straight road,T-Junction,Fine,AP21TY  9316,P.V,Non injured ,11
03.08.2016,7:00 AM,1243.2,LHS,Rural,Ongole,Collision Brush/Side Wipe, Lorry hit RTC Bus,Lorry,Minor injury,Over speed,Four lanes or more with central divider,Straight road,T-Junction,Fine,AP21TY  9316,P.V,Animals affected,0
04.08.2016,12:45 PM,1252.2,RHS,Rural,Ongole,Collision Brush/Side Wipe, Car hit Car,Car,Non injury,Fault of driver of motor vehicle/driver of other vehicle/cyclist/pedestrian/passenger,Four lanes or more with central divider,Straight road,,Fine,AP09BY  1516,P.V,Fatal,0
04.08.2016,12:45 PM,1252.2,RHS,Rural,Ongole,Collision Brush/Side Wipe, Car hit Car,Car,Non injury,Fault of driver of motor vehicle/driver of other vehicle/cyclist/pedestrian/passenger,Four lanes or more with central divider,Straight road,,Fine,AP09BY  1516,P.V,Grevious,0
04.08.2016,12:45 PM,1252.2,RHS,Rural,Ongole,Collision Brush/Side Wipe, Car hit Car,Car,Non injury,Fault of driver of motor vehicle/driver of other vehicle/cyclist/pedestrian/passenger,Four lanes or more with central divider,Straight road,,Fine,AP09BY  1516,P.V,Minor,0
04.08.2016,12:45 PM,1252.2,RHS,Rural,Ongole,Collision Brush/Side Wipe, Car hit Car,Car,Non injury,Fault of driver of motor vehicle/driver of other vehicle/cyclist/pedestrian/passenger,Four lanes or more with central divider,Straight road,,Fine,AP09BY  1516,P.V,Non injured ,5
04.08.2016,12:45 PM,1252.2,RHS,Rural,Ongole,Collision Brush/Side Wipe, Car hit Car,Car,Non injury,Fault of driver of motor vehicle/driver of other vehicle/cyclist/pedestrian/passenger,Four lanes or more with central divider,Straight road,,Fine,AP09BY  1516,P.V,Animals affected,0
05.08.2016,8:05 PM,1199.1,LHS,Rural,Martur,Collision Brush/Side Wipe, Car hit Bike,Car,Grievious injury,Fault of driver of motor vehicle/driver of other vehicle/cyclist/pedestrian/passenger,Four lanes or more with central divider,Straight road,,Fine,AP27BC 3009,P.V&A.M.B,Fatal,0
05.08.2016,8:05 PM,1199.1,LHS,Rural,Martur,Collision Brush/Side Wipe, Car hit Bike,Car,Grievious injury,Fault of driver of motor vehicle/driver of other vehicle/cyclist/pedestrian/passenger,Four lanes or more with central divider,Straight road,,Fine,AP27BC 3009,P.V&A.M.B,Grevious,1
05.08.2016,8:05 PM,1199.1,LHS,Rural,Martur,Collision Brush/Side Wipe, Car hit Bike,Car,Grievious injury,Fault of driver of motor vehicle/driver of other vehicle/cyclist/pedestrian/passenger,Four lanes or more with central divider,Straight road,,Fine,AP27BC 3009,P.V&A.M.B,Minor,3
05.08.2016,8:05 PM,1199.1,LHS,Rural,Martur,Collision Brush/Side Wipe, Car hit Bike,Car,Grievious injury,Fault of driver of motor vehicle/driver of other vehicle/cyclist/pedestrian/passenger,Four lanes or more with central divider,Straight road,,Fine,AP27BC 3009,P.V&A.M.B,Non injured ,1