Operational date,Time of Accident,KM && M,Position,Rural/Urban,Location,Nature of Accident Position,Nature of Accident,Vehicle Involved,Type of Accident,Causes,Road Feature,Road condition,Intersection Type And Control,Weather Condition,Vehicle Responsible,Help Provided by Ambulance/Patroling Vehicle,Classification of Accident,No of Affected Persons
05.08.2016,8:05 PM,1199.1,LHS,Rural,Martur,Collision Brush/Side Wipe, Car hit Bike,Car,Grievious injury,Fault of driver of motor vehicle/driver of other vehicle/cyclist/pedestrian/passenger,Four lanes or more with central divider,Straight road,,Fine,AP27BC 3009,P.V&A.M.B,Animals affected,0
06.08.2016,3:35 AM,1322.6,LHS,Rural,Kavali,Overturning, Mini Lorry hit median and overturned,Lorry,Minor injury,Fault of driver of motor vehicle/driver of other vehicle/cyclist/pedestrian/passenger,Four lanes or more with central divider,Slight curve,,Fine,AP03TE  2529,P.V ,Fatal,0
06.08.2016,3:35 AM,1322.6,LHS,Rural,Kavali,Overturning, Mini Lorry hit median and overturned,Lorry,Minor injury,Fault of driver of motor vehicle/driver of other vehicle/cyclist/pedestrian/passenger,Four lanes or more with central divider,Slight curve,,Fine,AP03TE  2529,P.V ,Grevious,0
06.08.2016,3:35 AM,1322.6,LHS,Rural,Kavali,Overturning, Mini Lorry hit median and overturned,Lorry,Minor injury,Fault of driver of motor vehicle/driver of other vehicle/cyclist/pedestrian/passenger,Four lanes or more with central divider,Slight curve,,Fine,AP03TE  2529,P.V ,Minor,1
06.08.2016,3:35 AM,1322.6,LHS,Rural,Kavali,Overturning, Mini Lorry hit median and overturned,Lorry,Minor injury,Fault of driver of motor vehicle/driver of other vehicle/cyclist/pedestrian/passenger,Four lanes or more with central divider,Slight curve,,Fine,AP03TE  2529,P.V ,Non injured ,3
06.08.2016,3:35 AM,1322.6,LHS,Rural,Kavali,Overturning, Mini Lorry hit median and overturned,Lorry,Minor injury,Fault of driver of motor vehicle/driver of other vehicle/cyclist/pedestrian/passenger,Four lanes or more with central divider,Slight curve,,Fine,AP03TE  2529,P.V ,Animals affected,0
06.08.2016,8:15 AM,1340.6,RHS,Rural,Dagadarthi,Collision Brush/Side Wipe, Car hit median,Car,Minor injury,Defect in mechanical condition of motor vehicle/road condition,Four lanes or more with central divider,Straight road,,Fine,TN09BB  5569,P.V & A.M.B ,Fatal,0
06.08.2016,8:15 AM,1340.6,RHS,Rural,Dagadarthi,Collision Brush/Side Wipe, Car hit median,Car,Minor injury,Defect in mechanical condition of motor vehicle/road condition,Four lanes or more with central divider,Straight road,,Fine,TN09BB  5569,P.V & A.M.B ,Grevious,0
06.08.2016,8:15 AM,1340.6,RHS,Rural,Dagadarthi,Collision Brush/Side Wipe, Car hit median,Car,Minor injury,Defect in mechanical condition of motor vehicle/road condition,Four lanes or more with central divider,Straight road,,Fine,TN09BB  5569,P.V & A.M.B ,Minor,3
06.08.2016,8:15 AM,1340.6,RHS,Rural,Dagadarthi,Collision Brush/Side Wipe, Car hit median,Car,Minor injury,Defect in mechanical condition of motor vehicle/road condition,Four lanes or more with central divider,Straight road,,Fine,TN09BB  5569,P.V & A.M.B ,Non injured ,0
06.08.2016,8:15 AM,1340.6,RHS,Rural,Dagadarthi,Collision Brush/Side Wipe, Car hit median,Car,Minor injury,Defect in mechanical condition of motor vehicle/road condition,Four lanes or more with central divider,Straight road,,Fine,TN09BB  5569,P.V & A.M.B ,Animals affected,0
06.08.2016,11:25 PM,1203,RHS,Rural,Reningavaram,Skidding, Bike skidding,Bike,Grievious injury,Over speed,Four lanes or more with central divider,Straight road,,Fine,AP07BA  6313,A.M.B,Fatal,0
06.08.2016,11:25 PM,1203,RHS,Rural,Reningavaram,Skidding, Bike skidding,Bike,Grievious injury,Over speed,Four lanes or more with central divider,Straight road,,Fine,AP07BA  6313,A.M.B,Grevious,1
06.08.2016,11:25 PM,1203,RHS,Rural,Reningavaram,Skidding, Bike skidding,Bike,Grievious injury,Over speed,Four lanes or more with central divider,Straight road,,Fine,AP07BA  6313,A.M.B,Minor,1
06.08.2016,11:25 PM,1203,RHS,Rural,Reningavaram,Skidding, Bike skidding,Bike,Grievious injury,Over speed,Four lanes or more with central divider,Straight road,,Fine,AP07BA  6313,A.M.B,Non injured ,0
06.08.2016,11:25 PM,1203,RHS,Rural,Reningavaram,Skidding, Bike skidding,Bike,Grievious injury,Over speed,Four lanes or more with central divider,Straight road,,Fine,AP07BA  6313,A.M.B,Animals affected,0
07.08.2016,4:53 AM,1348.7,LHS,Rural,Kodavaluru,Rear End Collision, Container vehicle hit Lorry,Container,Fatal,Fault of driver of motor vehicle/driver of other vehicle/cyclist/pedestrian/passenger,Four lanes or more with central divider,Straight road,,Fine,AP26TC 8803,P.V ,Fatal,1
07.08.2016,4:53 AM,1348.7,LHS,Rural,Kodavaluru,Rear End Collision, Container vehicle hit Lorry,Container,Fatal,Fault of driver of motor vehicle/driver of other vehicle/cyclist/pedestrian/passenger,Four lanes or more with central divider,Straight road,,Fine,AP26TC 8803,P.V ,Grevious,1
07.08.2016,4:53 AM,1348.7,LHS,Rural,Kodavaluru,Rear End Collision, Container vehicle hit Lorry,Container,Fatal,Fault of driver of motor vehicle/driver of other vehicle/cyclist/pedestrian/passenger,Four lanes or more with central divider,Straight road,,Fine,AP26TC 8803,P.V ,Minor,0
07.08.2016,4:53 AM,1348.7,LHS,Rural,Kodavaluru,Rear End Collision, Container vehicle hit Lorry,Container,Fatal,Fault of driver of motor vehicle/driver of other vehicle/cyclist/pedestrian/passenger,Four lanes or more with central divider,Straight road,,Fine,AP26TC 8803,P.V ,Non injured ,0
07.08.2016,4:53 AM,1348.7,LHS,Rural,Kodavaluru,Rear End Collision, Container vehicle hit Lorry,Container,Fatal,Fault of driver of motor vehicle/driver of other vehicle/cyclist/pedestrian/passenger,Four lanes or more with central divider,Straight road,,Fine,AP26TC 8803,P.V ,Animals affected,0
07.08.2016,9:50 AM,1253.1,RHS,Rural,Ongole,Head on collision, Car hit bike,Car,Grievious injury,Fault of driver of motor vehicle/driver of other vehicle/cyclist/pedestrian/passenger,Four lanes or more with central divider,Slight curve,,Fine,AP29BF 8913 ,P.V ,Fatal,0
07.08.2016,9:50 AM,1253.1,RHS,Rural,Ongole,Head on collision, Car hit bike,Car,Grievious injury,Fault of driver of motor vehicle/driver of other vehicle/cyclist/pedestrian/passenger,Four lanes or more with central divider,Slight curve,,Fine,AP29BF 8913 ,P.V ,Grevious,1
07.08.2016,9:50 AM,1253.1,RHS,Rural,Ongole,Head on collision, Car hit bike,Car,Grievious injury,Fault of driver of motor vehicle/driver of other vehicle/cyclist/pedestrian/passenger,Four lanes or more with central divider,Slight curve,,Fine,AP29BF 8913 ,P.V ,Minor,1
07.08.2016,9:50 AM,1253.1,RHS,Rural,Ongole,Head on collision, Car hit bike,Car,Grievious injury,Fault of driver of motor vehicle/driver of other vehicle/cyclist/pedestrian/passenger,Four lanes or more with central divider,Slight curve,,Fine,AP29BF 8913 ,P.V ,Non injured ,2
07.08.2016,9:50 AM,1253.1,RHS,Rural,Ongole,Head on collision, Car hit bike,Car,Grievious injury,Fault of driver of motor vehicle/driver of other vehicle/cyclist/pedestrian/passenger,Four lanes or more with central divider,Slight curve,,Fine,AP29BF 8913 ,P.V ,Animals affected,0
07.08.2016,4:10 PM,1362,RHS,Rural,Kodavaluru,Collision Brush/Side Wipe, Bike hit Milk Tanker,Bike,Minor injury,Over speed,Four lanes or more with central divider,Straight road,,Fine,AP26BK  0518,P.V ,Fatal,0
07.08.2016,4:10 PM,1362,RHS,Rural,Kodavaluru,Collision Brush/Side Wipe, Bike hit Milk Tanker,Bike,Minor injury,Over speed,Four lanes or more with central divider,Straight road,,Fine,AP26BK  0518,P.V ,Grevious,0
07.08.2016,4:10 PM,1362,RHS,Rural,Kodavaluru,Collision Brush/Side Wipe, Bike hit Milk Tanker,Bike,Minor injury,Over speed,Four lanes or more with central divider,Straight road,,Fine,AP26BK  0518,P.V ,Minor,1
07.08.2016,4:10 PM,1362,RHS,Rural,Kodavaluru,Collision Brush/Side Wipe, Bike hit Milk Tanker,Bike,Minor injury,Over speed,Four lanes or more with central divider,Straight road,,Fine,AP26BK  0518,P.V ,Non injured ,0
07.08.2016,4:10 PM,1362,RHS,Rural,Kodavaluru,Collision Brush/Side Wipe, Bike hit Milk Tanker,Bike,Minor injury,Over speed,Four lanes or more with central divider,Straight road,,Fine,AP26BK  0518,P.V ,Animals affected,0
07.08.2016,4:45 PM,1197.5,RHS,Rural,Martur,Collision Brush/Side Wipe, Car hit median,Car,Non injury,Over speed,Four lanes or more with central divider,Straight road,Four arm junction,Fine,AP26BB  4920,P.V ,Fatal,0
07.08.2016,4:45 PM,1197.5,RHS,Rural,Martur,Collision Brush/Side Wipe, Car hit median,Car,Non injury,Over speed,Four lanes or more with central divider,Straight road,Four arm junction,Fine,AP26BB  4920,P.V ,Grevious,0
07.08.2016,4:45 PM,1197.5,RHS,Rural,Martur,Collision Brush/Side Wipe, Car hit median,Car,Non injury,Over speed,Four lanes or more with central divider,Straight road,Four arm junction,Fine,AP26BB  4920,P.V ,Minor,0
07.08.2016,4:45 PM,1197.5,RHS,Rural,Martur,Collision Brush/Side Wipe, Car hit median,Car,Non injury,Over speed,Four lanes or more with central divider,Straight road,Four arm junction,Fine,AP26BB  4920,P.V ,Non injured ,3
07.08.2016,4:45 PM,1197.5,RHS,Rural,Martur,Collision Brush/Side Wipe, Car hit median,Car,Non injury,Over speed,Four lanes or more with central divider,Straight road,Four arm junction,Fine,AP26BB  4920,P.V ,Animals affected,0
07.08.2016,5:24 PM,1339.8,RHS,Rural,Dagadarthi,Others(p1.Specific),  Passenger fell down while climbing RTC,Passenger,Fatal,Fault of driver of motor vehicle/driver of other vehicle/cyclist/pedestrian/passenger,Four lanes or more with central divider,Straight road,,Fine,AP27X   0463,P.V ,Fatal,1
07.08.2016,5:24 PM,1339.8,RHS,Rural,Dagadarthi,Others(p1.Specific),  Passenger fell down while climbing RTC,Passenger,Fatal,Fault of driver of motor vehicle/driver of other vehicle/cyclist/pedestrian/passenger,Four lanes or more with central divider,Straight road,,Fine,AP27X   0463,P.V ,Grevious,0
07.08.2016,5:24 PM,1339.8,RHS,Rural,Dagadarthi,Others(p1.Specific),  Passenger fell down while climbing RTC,Passenger,Fatal,Fault of driver of motor vehicle/driver of other vehicle/cyclist/pedestrian/passenger,Four lanes or more with central divider,Straight road,,Fine,AP27X   0463,P.V ,Minor,0
07.08.2016,5:24 PM,1339.8,RHS,Rural,Dagadarthi,Others(p1.Specific),  Passenger fell down while climbing RTC,Passenger,Fatal,Fault of driver of motor vehicle/driver of other vehicle/cyclist/pedestrian/passenger,Four lanes or more with central divider,Straight road,,Fine,AP27X   0463,P.V ,Non injured ,15
07.08.2016,5:24 PM,1339.8,RHS,Rural,Dagadarthi,Others(p1.Specific),  Passenger fell down while climbing RTC,Passenger,Fatal,Fault of driver of motor vehicle/driver of other vehicle/cyclist/pedestrian/passenger,Four lanes or more with central divider,Straight road,,Fine,AP27X   0463,P.V ,Animals affected,0
07.08.2016,10:10 PM,1196.7,LHS,Rural,Martur,Head on collision, Bike hit Bike ,Bike,Grievious injury,Fault of driver of motor vehicle/driver of other vehicle/cyclist/pedestrian/passenger,Four lanes or more with central divider,Straight road,,Fine,F/R Bike,P.V & A.M.B,Fatal,0
07.08.2016,10:10 PM,1196.7,LHS,Rural,Martur,Head on collision, Bike hit Bike ,Bike,Grievious injury,Fault of driver of motor vehicle/driver of other vehicle/cyclist/pedestrian/passenger,Four lanes or more with central divider,Straight road,,Fine,F/R Bike,P.V & A.M.B,Grevious,2
07.08.2016,10:10 PM,1196.7,LHS,Rural,Martur,Head on collision, Bike hit Bike ,Bike,Grievious injury,Fault of driver of motor vehicle/driver of other vehicle/cyclist/pedestrian/passenger,Four lanes or more with central divider,Straight road,,Fine,F/R Bike,P.V & A.M.B,Minor,1
07.08.2016,10:10 PM,1196.7,LHS,Rural,Martur,Head on collision, Bike hit Bike ,Bike,Grievious injury,Fault of driver of motor vehicle/driver of other vehicle/cyclist/pedestrian/passenger,Four lanes or more with central divider,Straight road,,Fine,F/R Bike,P.V & A.M.B,Non injured ,1
07.08.2016,10:10 PM,1196.7,LHS,Rural,Martur,Head on collision, Bike hit Bike ,Bike,Grievious injury,Fault of driver of motor vehicle/driver of other vehicle/cyclist/pedestrian/passenger,Four lanes or more with central divider,Straight road,,Fine,F/R Bike,P.V & A.M.B,Animals affected,0
09.08.2016,1:10 AM,1355.3,LHS,Rural,Kodavaluru,Overturning, Trailler vehicle overturned,Trailler,Non injury,Fault of driver of motor vehicle/driver of other vehicle/cyclist/pedestrian/passenger,Four lanes or more with central divider,Straight road,,Fine,AP27X  0747,P.V ,Fatal,0
09.08.2016,1:10 AM,1355.3,LHS,Rural,Kodavaluru,Overturning, Trailler vehicle overturned,Trailler,Non injury,Fault of driver of motor vehicle/driver of other vehicle/cyclist/pedestrian/passenger,Four lanes or more with central divider,Straight road,,Fine,AP27X  0747,P.V ,Grevious,0
09.08.2016,1:10 AM,1355.3,LHS,Rural,Kodavaluru,Overturning, Trailler vehicle overturned,Trailler,Non injury,Fault of driver of motor vehicle/driver of other vehicle/cyclist/pedestrian/passenger,Four lanes or more with central divider,Straight road,,Fine,AP27X  0747,P.V ,Minor,0
09.08.2016,1:10 AM,1355.3,LHS,Rural,Kodavaluru,Overturning, Trailler vehicle overturned,Trailler,Non injury,Fault of driver of motor vehicle/driver of other vehicle/cyclist/pedestrian/passenger,Four lanes or more with central divider,Straight road,,Fine,AP27X  0747,P.V ,Non injured ,2
09.08.2016,1:10 AM,1355.3,LHS,Rural,Kodavaluru,Overturning, Trailler vehicle overturned,Trailler,Non injury,Fault of driver of motor vehicle/driver of other vehicle/cyclist/pedestrian/passenger,Four lanes or more with central divider,Straight road,,Fine,AP27X  0747,P.V ,Animals affected,0
09.08.2016,1:35 AM,1198.7,LHS,Rural,Martur,Rear End Collision, Lorry hit Lorry,Lorry,Non injury,Fault of driver of motor vehicle/driver of other vehicle/cyclist/pedestrian/passenger,Four lanes or more with central divider,Straight road,,Fine,TN52    5436,P.V,Fatal,0
09.08.2016,1:35 AM,1198.7,LHS,Rural,Martur,Rear End Collision, Lorry hit Lorry,Lorry,Non injury,Fault of driver of motor vehicle/driver of other vehicle/cyclist/pedestrian/passenger,Four lanes or more with central divider,Straight road,,Fine,TN52    5436,P.V,Grevious,0
09.08.2016,1:35 AM,1198.7,LHS,Rural,Martur,Rear End Collision, Lorry hit Lorry,Lorry,Non injury,Fault of driver of motor vehicle/driver of other vehicle/cyclist/pedestrian/passenger,Four lanes or more with central divider,Straight road,,Fine,TN52    5436,P.V,Minor,0
09.08.2016,1:35 AM,1198.7,LHS,Rural,Martur,Rear End Collision, Lorry hit Lorry,Lorry,Non injury,Fault of driver of motor vehicle/driver of other vehicle/cyclist/pedestrian/passenger,Four lanes or more with central divider,Straight road,,Fine,TN52    5436,P.V,Non injured ,4
09.08.2016,1:35 AM,1198.7,LHS,Rural,Martur,Rear End Collision, Lorry hit Lorry,Lorry,Non injury,Fault of driver of motor vehicle/driver of other vehicle/cyclist/pedestrian/passenger,Four lanes or more with central divider,Straight road,,Fine,TN52    5436,P.V,Animals affected,0
10.08.2016,1:10 AM,1360.3,LHS,Rural,Kodavaluru,Collision Brush/Side Wipe, Unknown Vehicle hit Car,Unknown,Minor injury,Over speed,Four lanes or more with central divider,Straight road,,Fine,Unknown Vehilce,P.V,Fatal,0
10.08.2016,1:10 AM,1360.3,LHS,Rural,Kodavaluru,Collision Brush/Side Wipe, Unknown Vehicle hit Car,Unknown,Minor injury,Over speed,Four lanes or more with central divider,Straight road,,Fine,Unknown Vehilce,P.V,Grevious,0
10.08.2016,1:10 AM,1360.3,LHS,Rural,Kodavaluru,Collision Brush/Side Wipe, Unknown Vehicle hit Car,Unknown,Minor injury,Over speed,Four lanes or more with central divider,Straight road,,Fine,Unknown Vehilce,P.V,Minor,2
10.08.2016,1:10 AM,1360.3,LHS,Rural,Kodavaluru,Collision Brush/Side Wipe, Unknown Vehicle hit Car,Unknown,Minor injury,Over speed,Four lanes or more with central divider,Straight road,,Fine,Unknown Vehilce,P.V,Non injured ,2
10.08.2016,1:10 AM,1360.3,LHS,Rural,Kodavaluru,Collision Brush/Side Wipe, Unknown Vehicle hit Car,Unknown,Minor injury,Over speed,Four lanes or more with central divider,Straight road,,Fine,Unknown Vehilce,P.V,Animals affected,0
10.08.2016,1:35 AM,1230.5,LHS,Rural,Maddipadu,Rear End Collision, Car hit Unknown Vehicle,Car,Minor injury,Over speed,Four lanes or more with central divider,Straight road,,Fine,AP16TC    7617,P.V,Fatal,0
10.08.2016,1:35 AM,1230.5,LHS,Rural,Maddipadu,Rear End Collision, Car hit Unknown Vehicle,Car,Minor injury,Over speed,Four lanes or more with central divider,Straight road,,Fine,AP16TC    7617,P.V,Grevious,0
10.08.2016,1:35 AM,1230.5,LHS,Rural,Maddipadu,Rear End Collision, Car hit Unknown Vehicle,Car,Minor injury,Over speed,Four lanes or more with central divider,Straight road,,Fine,AP16TC    7617,P.V,Minor,1
10.08.2016,1:35 AM,1230.5,LHS,Rural,Maddipadu,Rear End Collision, Car hit Unknown Vehicle,Car,Minor injury,Over speed,Four lanes or more with central divider,Straight road,,Fine,AP16TC    7617,P.V,Non injured ,9
10.08.2016,1:35 AM,1230.5,LHS,Rural,Maddipadu,Rear End Collision, Car hit Unknown Vehicle,Car,Minor injury,Over speed,Four lanes or more with central divider,Straight road,,Fine,AP16TC    7617,P.V,Animals affected,0
10.08.2016,12:07 PM,1354.5,LHS,Rural,Kodavaluru,Collision Brush/Side Wipe, Car hit Bike,Car,Minor injury,Over speed,Four lanes or more with central divider,Straight road,,Fine,TS07EF   1726,P.V,Fatal,0
10.08.2016,12:07 PM,1354.5,LHS,Rural,Kodavaluru,Collision Brush/Side Wipe, Car hit Bike,Car,Minor injury,Over speed,Four lanes or more with central divider,Straight road,,Fine,TS07EF   1726,P.V,Grevious,0
10.08.2016,12:07 PM,1354.5,LHS,Rural,Kodavaluru,Collision Brush/Side Wipe, Car hit Bike,Car,Minor injury,Over speed,Four lanes or more with central divider,Straight road,,Fine,TS07EF   1726,P.V,Minor,2
10.08.2016,12:07 PM,1354.5,LHS,Rural,Kodavaluru,Collision Brush/Side Wipe, Car hit Bike,Car,Minor injury,Over speed,Four lanes or more with central divider,Straight road,,Fine,TS07EF   1726,P.V,Non injured ,2
10.08.2016,12:07 PM,1354.5,LHS,Rural,Kodavaluru,Collision Brush/Side Wipe, Car hit Bike,Car,Minor injury,Over speed,Four lanes or more with central divider,Straight road,,Fine,TS07EF   1726,P.V,Animals affected,0
13.08.2016,12:30 AM,1223.3,RHS,Rural,Medarametla,Collision Brush/Side Wipe, Car hit to Median,Car,Minor injury,Vehicle out of control,Four lanes or more with central divider,Straight road,,Fine,AP07TF  0988,P.V,Fatal,0
13.08.2016,12:30 AM,1223.3,RHS,Rural,Medarametla,Collision Brush/Side Wipe, Car hit to Median,Car,Minor injury,Vehicle out of control,Four lanes or more with central divider,Straight road,,Fine,AP07TF  0988,P.V,Grevious,0
13.08.2016,12:30 AM,1223.3,RHS,Rural,Medarametla,Collision Brush/Side Wipe, Car hit to Median,Car,Minor injury,Vehicle out of control,Four lanes or more with central divider,Straight road,,Fine,AP07TF  0988,P.V,Minor,1
13.08.2016,12:30 AM,1223.3,RHS,Rural,Medarametla,Collision Brush/Side Wipe, Car hit to Median,Car,Minor injury,Vehicle out of control,Four lanes or more with central divider,Straight road,,Fine,AP07TF  0988,P.V,Non injured ,0
13.08.2016,12:30 AM,1223.3,RHS,Rural,Medarametla,Collision Brush/Side Wipe, Car hit to Median,Car,Minor injury,Vehicle out of control,Four lanes or more with central divider,Straight road,,Fine,AP07TF  0988,P.V,Animals affected,0
13.08.2016,1:45 PM,1229,LHS,Rural,Maddipadu,Collision Brush/Side Wipe, Unknown vehicle hit  Ape Auto,Unknown,Minor injury,Over speed,Four lanes or more with central divider,Straight road,,Fine,Unknown Vehilce,A.M.B & P.V,Fatal,0
13.08.2016,1:45 PM,1229,LHS,Rural,Maddipadu,Collision Brush/Side Wipe, Unknown vehicle hit  Ape Auto,Unknown,Minor injury,Over speed,Four lanes or more with central divider,Straight road,,Fine,Unknown Vehilce,A.M.B & P.V,Grevious,0
13.08.2016,1:45 PM,1229,LHS,Rural,Maddipadu,Collision Brush/Side Wipe, Unknown vehicle hit  Ape Auto,Unknown,Minor injury,Over speed,Four lanes or more with central divider,Straight road,,Fine,Unknown Vehilce,A.M.B & P.V,Minor,1
13.08.2016,1:45 PM,1229,LHS,Rural,Maddipadu,Collision Brush/Side Wipe, Unknown vehicle hit  Ape Auto,Unknown,Minor injury,Over speed,Four lanes or more with central divider,Straight road,,Fine,Unknown Vehilce,A.M.B & P.V,Non injured ,0
13.08.2016,1:45 PM,1229,LHS,Rural,Maddipadu,Collision Brush/Side Wipe, Unknown vehicle hit  Ape Auto,Unknown,Minor injury,Over speed,Four lanes or more with central divider,Straight road,,Fine,Unknown Vehilce,A.M.B & P.V,Animals affected,0
14.08.2016,3:30 AM,1227.4,RHS,Rural,Maddipadu,Collision Brush/Side Wipe, Lorry hit Unknown Vehicle,Lorry,Minor injury,Fault of driver of motor vehicle/driver of other vehicle/cyclist/pedestrian/passenger,Four lanes or more with central divider,Straight road,,Fine,TN28AA 0382,P.V,Fatal,0
14.08.2016,3:30 AM,1227.4,RHS,Rural,Maddipadu,Collision Brush/Side Wipe, Lorry hit Unknown Vehicle,Lorry,Minor injury,Fault of driver of motor vehicle/driver of other vehicle/cyclist/pedestrian/passenger,Four lanes or more with central divider,Straight road,,Fine,TN28AA 0382,P.V,Grevious,0
14.08.2016,3:30 AM,1227.4,RHS,Rural,Maddipadu,Collision Brush/Side Wipe, Lorry hit Unknown Vehicle,Lorry,Minor injury,Fault of driver of motor vehicle/driver of other vehicle/cyclist/pedestrian/passenger,Four lanes or more with central divider,Straight road,,Fine,TN28AA 0382,P.V,Minor,1
14.08.2016,3:30 AM,1227.4,RHS,Rural,Maddipadu,Collision Brush/Side Wipe, Lorry hit Unknown Vehicle,Lorry,Minor injury,Fault of driver of motor vehicle/driver of other vehicle/cyclist/pedestrian/passenger,Four lanes or more with central divider,Straight road,,Fine,TN28AA 0382,P.V,Non injured ,0
14.08.2016,3:30 AM,1227.4,RHS,Rural,Maddipadu,Collision Brush/Side Wipe, Lorry hit Unknown Vehicle,Lorry,Minor injury,Fault of driver of motor vehicle/driver of other vehicle/cyclist/pedestrian/passenger,Four lanes or more with central divider,Straight road,,Fine,TN28AA 0382,P.V,Animals affected,0
14.08.2016,4:40 AM,1241.3,RHS,Rural,Ongole,Rear End Collision, Lorry hit private travels Bus,Lorry,Minor injury,Fault of driver of motor vehicle/driver of other vehicle/cyclist/pedestrian/passenger,Four lanes or more with central divider,Straight road,,Fine,AP04V 5007,P.V,Fatal,0
14.08.2016,4:40 AM,1241.3,RHS,Rural,Ongole,Rear End Collision, Lorry hit private travels Bus,Lorry,Minor injury,Fault of driver of motor vehicle/driver of other vehicle/cyclist/pedestrian/passenger,Four lanes or more with central divider,Straight road,,Fine,AP04V 5007,P.V,Grevious,0
14.08.2016,4:40 AM,1241.3,RHS,Rural,Ongole,Rear End Collision, Lorry hit private travels Bus,Lorry,Minor injury,Fault of driver of motor vehicle/driver of other vehicle/cyclist/pedestrian/passenger,Four lanes or more with central divider,Straight road,,Fine,AP04V 5007,P.V,Minor,2
14.08.2016,4:40 AM,1241.3,RHS,Rural,Ongole,Rear End Collision, Lorry hit private travels Bus,Lorry,Minor injury,Fault of driver of motor vehicle/driver of other vehicle/cyclist/pedestrian/passenger,Four lanes or more with central divider,Straight road,,Fine,AP04V 5007,P.V,Non injured ,40
14.08.2016,4:40 AM,1241.3,RHS,Rural,Ongole,Rear End Collision, Lorry hit private travels Bus,Lorry,Minor injury,Fault of driver of motor vehicle/driver of other vehicle/cyclist/pedestrian/passenger,Four lanes or more with central divider,Straight road,,Fine,AP04V 5007,P.V,Animals affected,0
15.08.2016,3:00 AM,1288.5,RHS,Rural,Ulavapadu,Collision Brush/Side Wipe, Car hit CC Barrier,Car,Non injury,Fault of driver of motor vehicle/driver of other vehicle/cyclist/pedestrian/passenger,Four lanes or more with central divider,Sharp curve,,Fine,KA20Z   9624,P.V,Fatal,0
15.08.2016,3:00 AM,1288.5,RHS,Rural,Ulavapadu,Collision Brush/Side Wipe, Car hit CC Barrier,Car,Non injury,Fault of driver of motor vehicle/driver of other vehicle/cyclist/pedestrian/passenger,Four lanes or more with central divider,Sharp curve,,Fine,KA20Z   9624,P.V,Grevious,0
15.08.2016,3:00 AM,1288.5,RHS,Rural,Ulavapadu,Collision Brush/Side Wipe, Car hit CC Barrier,Car,Non injury,Fault of driver of motor vehicle/driver of other vehicle/cyclist/pedestrian/passenger,Four lanes or more with central divider,Sharp curve,,Fine,KA20Z   9624,P.V,Minor,0
15.08.2016,3:00 AM,1288.5,RHS,Rural,Ulavapadu,Collision Brush/Side Wipe, Car hit CC Barrier,Car,Non injury,Fault of driver of motor vehicle/driver of other vehicle/cyclist/pedestrian/passenger,Four lanes or more with central divider,Sharp curve,,Fine,KA20Z   9624,P.V,Non injured ,5
15.08.2016,3:00 AM,1288.5,RHS,Rural,Ulavapadu,Collision Brush/Side Wipe, Car hit CC Barrier,Car,Non injury,Fault of driver of motor vehicle/driver of other vehicle/cyclist/pedestrian/passenger,Four lanes or more with central divider,Sharp curve,,Fine,KA20Z   9624,P.V,Animals affected,0
15.08.2016,6:35 AM,1249.7,RHS,Rural,Ongole,Rear End Collision, Lorry hit Ready mix cement Tanker,Lorry,Non injury,Fault of driver of motor vehicle/driver of other vehicle/cyclist/pedestrian/passenger,Four lanes or more with central divider,Slight curve,,Fine,TN34X  2463,P.V,Fatal,0
15.08.2016,6:35 AM,1249.7,RHS,Rural,Ongole,Rear End Collision, Lorry hit Ready mix cement Tanker,Lorry,Non injury,Fault of driver of motor vehicle/driver of other vehicle/cyclist/pedestrian/passenger,Four lanes or more with central divider,Slight curve,,Fine,TN34X  2463,P.V,Grevious,0
15.08.2016,6:35 AM,1249.7,RHS,Rural,Ongole,Rear End Collision, Lorry hit Ready mix cement Tanker,Lorry,Non injury,Fault of driver of motor vehicle/driver of other vehicle/cyclist/pedestrian/passenger,Four lanes or more with central divider,Slight curve,,Fine,TN34X  2463,P.V,Minor,0
15.08.2016,6:35 AM,1249.7,RHS,Rural,Ongole,Rear End Collision, Lorry hit Ready mix cement Tanker,Lorry,Non injury,Fault of driver of motor vehicle/driver of other vehicle/cyclist/pedestrian/passenger,Four lanes or more with central divider,Slight curve,,Fine,TN34X  2463,P.V,Non injured ,4
15.08.2016,6:35 AM,1249.7,RHS,Rural,Ongole,Rear End Collision, Lorry hit Ready mix cement Tanker,Lorry,Non injury,Fault of driver of motor vehicle/driver of other vehicle/cyclist/pedestrian/passenger,Four lanes or more with central divider,Slight curve,,Fine,TN34X  2463,P.V,Animals affected,0
16.08.2016,5:45 AM,1186.3,RHS,Rural,Martur,Collision Brush/Side Wipe, Eicher truck hit Tractor,Eicher,Grievious injury,Fault of driver of motor vehicle/driver of other vehicle/cyclist/pedestrian/passenger,Four lanes or more with central divider,Straight road,,Fine,AP22X 7787,P.V,Fatal,0