Operational date,Time of Accident,KM && M,Position,Rural/Urban,Location,Nature of Accident Position,Nature of Accident,Vehicle Involved,Type of Accident,Causes,Road Feature,Road condition,Intersection Type And Control,Weather Condition,Vehicle Responsible,Help Provided by Ambulance/Patroling Vehicle,Classification of Accident,No of Affected Persons
16.08.2016,5:45 AM,1186.3,RHS,Rural,Martur,Collision Brush/Side Wipe, Eicher truck hit Tractor,Eicher,Grievious injury,Fault of driver of motor vehicle/driver of other vehicle/cyclist/pedestrian/passenger,Four lanes or more with central divider,Straight road,,Fine,AP22X 7787,P.V,Grevious,1
16.08.2016,5:45 AM,1186.3,RHS,Rural,Martur,Collision Brush/Side Wipe, Eicher truck hit Tractor,Eicher,Grievious injury,Fault of driver of motor vehicle/driver of other vehicle/cyclist/pedestrian/passenger,Four lanes or more with central divider,Straight road,,Fine,AP22X 7787,P.V,Minor,2
16.08.2016,5:45 AM,1186.3,RHS,Rural,Martur,Collision Brush/Side Wipe, Eicher truck hit Tractor,Eicher,Grievious injury,Fault of driver of motor vehicle/driver of other vehicle/cyclist/pedestrian/passenger,Four lanes or more with central divider,Straight road,,Fine,AP22X 7787,P.V,Non injured ,1
16.08.2016,5:45 AM,1186.3,RHS,Rural,Martur,Collision Brush/Side Wipe, Eicher truck hit Tractor,Eicher,Grievious injury,Fault of driver of motor vehicle/driver of other vehicle/cyclist/pedestrian/passenger,Four lanes or more with central divider,Straight road,,Fine,AP22X 7787,P.V,Animals affected,0
17.08.2016,6:35 AM,1341.1,LHS,Rural,Dagadarthi,Collision Brush/Side Wipe, APSRTC Bus hit Bike,Bus,Grievious injury,Fault of driver of motor vehicle/driver of other vehicle/cyclist/pedestrian/passenger,Two lanes,Straight road,,Fine,AP27X   0451,AMB & P.V,Fatal,0
17.08.2016,6:35 AM,1341.1,LHS,Rural,Dagadarthi,Collision Brush/Side Wipe, APSRTC Bus hit Bike,Bus,Grievious injury,Fault of driver of motor vehicle/driver of other vehicle/cyclist/pedestrian/passenger,Two lanes,Straight road,,Fine,AP27X   0451,AMB & P.V,Grevious,1
17.08.2016,6:35 AM,1341.1,LHS,Rural,Dagadarthi,Collision Brush/Side Wipe, APSRTC Bus hit Bike,Bus,Grievious injury,Fault of driver of motor vehicle/driver of other vehicle/cyclist/pedestrian/passenger,Two lanes,Straight road,,Fine,AP27X   0451,AMB & P.V,Minor,0
17.08.2016,6:35 AM,1341.1,LHS,Rural,Dagadarthi,Collision Brush/Side Wipe, APSRTC Bus hit Bike,Bus,Grievious injury,Fault of driver of motor vehicle/driver of other vehicle/cyclist/pedestrian/passenger,Two lanes,Straight road,,Fine,AP27X   0451,AMB & P.V,Non injured ,24
17.08.2016,6:35 AM,1341.1,LHS,Rural,Dagadarthi,Collision Brush/Side Wipe, APSRTC Bus hit Bike,Bus,Grievious injury,Fault of driver of motor vehicle/driver of other vehicle/cyclist/pedestrian/passenger,Two lanes,Straight road,,Fine,AP27X   0451,AMB & P.V,Animals affected,0
17.08.2016,10:18 AM,1332.9,LHS,Rural,K.Tippa ,Rear End Collision, Bike hit Readymix Tanker,Bike,Grievious injury,Druken,Four lanes or more with central divider,Straight road,,Fine,AP26BC  3235,AMB & P.V,Fatal,0
17.08.2016,10:18 AM,1332.9,LHS,Rural,K.Tippa ,Rear End Collision, Bike hit Readymix Tanker,Bike,Grievious injury,Druken,Four lanes or more with central divider,Straight road,,Fine,AP26BC  3235,AMB & P.V,Grevious,1
17.08.2016,10:18 AM,1332.9,LHS,Rural,K.Tippa ,Rear End Collision, Bike hit Readymix Tanker,Bike,Grievious injury,Druken,Four lanes or more with central divider,Straight road,,Fine,AP26BC  3235,AMB & P.V,Minor,0
17.08.2016,10:18 AM,1332.9,LHS,Rural,K.Tippa ,Rear End Collision, Bike hit Readymix Tanker,Bike,Grievious injury,Druken,Four lanes or more with central divider,Straight road,,Fine,AP26BC  3235,AMB & P.V,Non injured ,1
17.08.2016,10:18 AM,1332.9,LHS,Rural,K.Tippa ,Rear End Collision, Bike hit Readymix Tanker,Bike,Grievious injury,Druken,Four lanes or more with central divider,Straight road,,Fine,AP26BC  3235,AMB & P.V,Animals affected,0
17.08.2016,7:50 PM,1263.4,LHS,Rural,Tangutur,Collision Brush/Side Wipe, Bike hit     Median,Bike,Minor injury,Druken,Four lanes or more with central divider,Straight road,,Fine,AP27M    1159,AMB ,Fatal,0
17.08.2016,7:50 PM,1263.4,LHS,Rural,Tangutur,Collision Brush/Side Wipe, Bike hit     Median,Bike,Minor injury,Druken,Four lanes or more with central divider,Straight road,,Fine,AP27M    1159,AMB ,Grevious,0
17.08.2016,7:50 PM,1263.4,LHS,Rural,Tangutur,Collision Brush/Side Wipe, Bike hit     Median,Bike,Minor injury,Druken,Four lanes or more with central divider,Straight road,,Fine,AP27M    1159,AMB ,Minor,1
17.08.2016,7:50 PM,1263.4,LHS,Rural,Tangutur,Collision Brush/Side Wipe, Bike hit     Median,Bike,Minor injury,Druken,Four lanes or more with central divider,Straight road,,Fine,AP27M    1159,AMB ,Non injured ,0
17.08.2016,7:50 PM,1263.4,LHS,Rural,Tangutur,Collision Brush/Side Wipe, Bike hit     Median,Bike,Minor injury,Druken,Four lanes or more with central divider,Straight road,,Fine,AP27M    1159,AMB ,Animals affected,0
18.08.2016,6:18 AM,1198,LHS,Rural,Martur,Collision Brush/Side Wipe, container vehicle overturned towards RO,Container,Minor injury,Fault of driver of motor vehicle/driver of other vehicle/cyclist/pedestrian/passenger,Four lanes or more with central divider,Straight road,,Fine,AP26TB  9929,AMB & P.V,Fatal,0
18.08.2016,6:18 AM,1198,LHS,Rural,Martur,Collision Brush/Side Wipe, container vehicle overturned towards RO,Container,Minor injury,Fault of driver of motor vehicle/driver of other vehicle/cyclist/pedestrian/passenger,Four lanes or more with central divider,Straight road,,Fine,AP26TB  9929,AMB & P.V,Grevious,0
18.08.2016,6:18 AM,1198,LHS,Rural,Martur,Collision Brush/Side Wipe, container vehicle overturned towards RO,Container,Minor injury,Fault of driver of motor vehicle/driver of other vehicle/cyclist/pedestrian/passenger,Four lanes or more with central divider,Straight road,,Fine,AP26TB  9929,AMB & P.V,Minor,2
18.08.2016,6:18 AM,1198,LHS,Rural,Martur,Collision Brush/Side Wipe, container vehicle overturned towards RO,Container,Minor injury,Fault of driver of motor vehicle/driver of other vehicle/cyclist/pedestrian/passenger,Four lanes or more with central divider,Straight road,,Fine,AP26TB  9929,AMB & P.V,Non injured ,0
18.08.2016,6:18 AM,1198,LHS,Rural,Martur,Collision Brush/Side Wipe, container vehicle overturned towards RO,Container,Minor injury,Fault of driver of motor vehicle/driver of other vehicle/cyclist/pedestrian/passenger,Four lanes or more with central divider,Straight road,,Fine,AP26TB  9929,AMB & P.V,Animals affected,0
18.08.2016,10:25 AM,1353.5,LHS,Rural,Kodavaluru,Collision Brush/Side Wipe, Bike hit Highway  patrolling vehicle,Bike,Fatal,Over speed,Four lanes or more with central divider,Straight road,,Fine,AP26 T/R 3778,AMB & P.V,Fatal,1
18.08.2016,10:25 AM,1353.5,LHS,Rural,Kodavaluru,Collision Brush/Side Wipe, Bike hit Highway  patrolling vehicle,Bike,Fatal,Over speed,Four lanes or more with central divider,Straight road,,Fine,AP26 T/R 3778,AMB & P.V,Grevious,0
18.08.2016,10:25 AM,1353.5,LHS,Rural,Kodavaluru,Collision Brush/Side Wipe, Bike hit Highway  patrolling vehicle,Bike,Fatal,Over speed,Four lanes or more with central divider,Straight road,,Fine,AP26 T/R 3778,AMB & P.V,Minor,0
18.08.2016,10:25 AM,1353.5,LHS,Rural,Kodavaluru,Collision Brush/Side Wipe, Bike hit Highway  patrolling vehicle,Bike,Fatal,Over speed,Four lanes or more with central divider,Straight road,,Fine,AP26 T/R 3778,AMB & P.V,Non injured ,3
18.08.2016,10:25 AM,1353.5,LHS,Rural,Kodavaluru,Collision Brush/Side Wipe, Bike hit Highway  patrolling vehicle,Bike,Fatal,Over speed,Four lanes or more with central divider,Straight road,,Fine,AP26 T/R 3778,AMB & P.V,Animals affected,0
19.08.2016,6:40 AM,1252.6,RHS,Rural,Ongole,Overturning, Car   Overturned,Car,Grievious injury,Over speed,Four lanes or more with central divider,Straight road,,Fine,AP26AR 4814,AMB & P.V,Fatal,0
19.08.2016,6:40 AM,1252.6,RHS,Rural,Ongole,Overturning, Car   Overturned,Car,Grievious injury,Over speed,Four lanes or more with central divider,Straight road,,Fine,AP26AR 4814,AMB & P.V,Grevious,5
19.08.2016,6:40 AM,1252.6,RHS,Rural,Ongole,Overturning, Car   Overturned,Car,Grievious injury,Over speed,Four lanes or more with central divider,Straight road,,Fine,AP26AR 4814,AMB & P.V,Minor,1
19.08.2016,6:40 AM,1252.6,RHS,Rural,Ongole,Overturning, Car   Overturned,Car,Grievious injury,Over speed,Four lanes or more with central divider,Straight road,,Fine,AP26AR 4814,AMB & P.V,Non injured ,6
19.08.2016,6:40 AM,1252.6,RHS,Rural,Ongole,Overturning, Car   Overturned,Car,Grievious injury,Over speed,Four lanes or more with central divider,Straight road,,Fine,AP26AR 4814,AMB & P.V,Animals affected,0
19.08.2016,9:20 AM,1277.1,LHS,Rural,Singarayakonda,Collision Brush/Side Wipe, Car hit Unknown Bike,Car,Minor injury,Over speed,Four lanes or more with central divider,Straight road,,Fine,AP26AQ  9669,P.V,Fatal,0
19.08.2016,9:20 AM,1277.1,LHS,Rural,Singarayakonda,Collision Brush/Side Wipe, Car hit Unknown Bike,Car,Minor injury,Over speed,Four lanes or more with central divider,Straight road,,Fine,AP26AQ  9669,P.V,Grevious,0
19.08.2016,9:20 AM,1277.1,LHS,Rural,Singarayakonda,Collision Brush/Side Wipe, Car hit Unknown Bike,Car,Minor injury,Over speed,Four lanes or more with central divider,Straight road,,Fine,AP26AQ  9669,P.V,Minor,1
19.08.2016,9:20 AM,1277.1,LHS,Rural,Singarayakonda,Collision Brush/Side Wipe, Car hit Unknown Bike,Car,Minor injury,Over speed,Four lanes or more with central divider,Straight road,,Fine,AP26AQ  9669,P.V,Non injured ,2
19.08.2016,9:20 AM,1277.1,LHS,Rural,Singarayakonda,Collision Brush/Side Wipe, Car hit Unknown Bike,Car,Minor injury,Over speed,Four lanes or more with central divider,Straight road,,Fine,AP26AQ  9669,P.V,Animals affected,0
20.08.2016,12:15 AM,1273.4,LHS,Rural,Singarayakonda,Collision Brush/Side Wipe, RTC Bus hit Bulk Cement Tanker,Bus,Grievious injury,Over speed,Four lanes or more with central divider,Slight curve,,Fine,TS05Z  0133,A.M.B & P.V,Fatal,0
20.08.2016,12:15 AM,1273.4,LHS,Rural,Singarayakonda,Collision Brush/Side Wipe, RTC Bus hit Bulk Cement Tanker,Bus,Grievious injury,Over speed,Four lanes or more with central divider,Slight curve,,Fine,TS05Z  0133,A.M.B & P.V,Grevious,3
20.08.2016,12:15 AM,1273.4,LHS,Rural,Singarayakonda,Collision Brush/Side Wipe, RTC Bus hit Bulk Cement Tanker,Bus,Grievious injury,Over speed,Four lanes or more with central divider,Slight curve,,Fine,TS05Z  0133,A.M.B & P.V,Minor,26
20.08.2016,12:15 AM,1273.4,LHS,Rural,Singarayakonda,Collision Brush/Side Wipe, RTC Bus hit Bulk Cement Tanker,Bus,Grievious injury,Over speed,Four lanes or more with central divider,Slight curve,,Fine,TS05Z  0133,A.M.B & P.V,Non injured ,8
20.08.2016,12:15 AM,1273.4,LHS,Rural,Singarayakonda,Collision Brush/Side Wipe, RTC Bus hit Bulk Cement Tanker,Bus,Grievious injury,Over speed,Four lanes or more with central divider,Slight curve,,Fine,TS05Z  0133,A.M.B & P.V,Animals affected,0
20.08.2016,3:53 PM,1305.7,LHS,Rural,Gudluru,Others(p1.Specific), Car burnt,Car,Non injury,Defect in mechanical condition of motor vehicle/road condition,Four lanes or more with central divider,Straight road,,Fine,AP07CA   6057,P.V,Fatal,0
20.08.2016,3:53 PM,1305.7,LHS,Rural,Gudluru,Others(p1.Specific), Car burnt,Car,Non injury,Defect in mechanical condition of motor vehicle/road condition,Four lanes or more with central divider,Straight road,,Fine,AP07CA   6057,P.V,Grevious,0
20.08.2016,3:53 PM,1305.7,LHS,Rural,Gudluru,Others(p1.Specific), Car burnt,Car,Non injury,Defect in mechanical condition of motor vehicle/road condition,Four lanes or more with central divider,Straight road,,Fine,AP07CA   6057,P.V,Minor,0
20.08.2016,3:53 PM,1305.7,LHS,Rural,Gudluru,Others(p1.Specific), Car burnt,Car,Non injury,Defect in mechanical condition of motor vehicle/road condition,Four lanes or more with central divider,Straight road,,Fine,AP07CA   6057,P.V,Non injured ,1
20.08.2016,3:53 PM,1305.7,LHS,Rural,Gudluru,Others(p1.Specific), Car burnt,Car,Non injury,Defect in mechanical condition of motor vehicle/road condition,Four lanes or more with central divider,Straight road,,Fine,AP07CA   6057,P.V,Animals affected,0
20.08.2016,4:45 PM,1328.4,LHS,Rural,Kavali,Collision Brush/Side Wipe, Bike hit CC Barrier,Bike,Minor injury,Druken,Four lanes or more with central divider,Straight road,,Fine,AP27BH   8438,A.M.B,Fatal,0
20.08.2016,4:45 PM,1328.4,LHS,Rural,Kavali,Collision Brush/Side Wipe, Bike hit CC Barrier,Bike,Minor injury,Druken,Four lanes or more with central divider,Straight road,,Fine,AP27BH   8438,A.M.B,Grevious,0
20.08.2016,4:45 PM,1328.4,LHS,Rural,Kavali,Collision Brush/Side Wipe, Bike hit CC Barrier,Bike,Minor injury,Druken,Four lanes or more with central divider,Straight road,,Fine,AP27BH   8438,A.M.B,Minor,1
20.08.2016,4:45 PM,1328.4,LHS,Rural,Kavali,Collision Brush/Side Wipe, Bike hit CC Barrier,Bike,Minor injury,Druken,Four lanes or more with central divider,Straight road,,Fine,AP27BH   8438,A.M.B,Non injured ,0
20.08.2016,4:45 PM,1328.4,LHS,Rural,Kavali,Collision Brush/Side Wipe, Bike hit CC Barrier,Bike,Minor injury,Druken,Four lanes or more with central divider,Straight road,,Fine,AP27BH   8438,A.M.B,Animals affected,0
20.08.2016,5:11 PM,1239.5,LHS,Rural,Ongole,Skidding, Bike skidding,Bike,Grievious injury,Over speed,Two lanes,Straight road,,Fine,AP27AD  2661,P.V,Fatal,0
20.08.2016,5:11 PM,1239.5,LHS,Rural,Ongole,Skidding, Bike skidding,Bike,Grievious injury,Over speed,Two lanes,Straight road,,Fine,AP27AD  2661,P.V,Grevious,1
20.08.2016,5:11 PM,1239.5,LHS,Rural,Ongole,Skidding, Bike skidding,Bike,Grievious injury,Over speed,Two lanes,Straight road,,Fine,AP27AD  2661,P.V,Minor,2
20.08.2016,5:11 PM,1239.5,LHS,Rural,Ongole,Skidding, Bike skidding,Bike,Grievious injury,Over speed,Two lanes,Straight road,,Fine,AP27AD  2661,P.V,Non injured ,0
20.08.2016,5:11 PM,1239.5,LHS,Rural,Ongole,Skidding, Bike skidding,Bike,Grievious injury,Over speed,Two lanes,Straight road,,Fine,AP27AD  2661,P.V,Animals affected,0
21.08.2016,8:00 AM,1355.6,LHS,Rural,Kodavaluru,Overturning, Lorry          Overturned,Lorry,Minor injury,Vehicle out of control,Four lanes or more with central divider,Straight road,,Fine,AP07TW   9505,P.V,Fatal,0
21.08.2016,8:00 AM,1355.6,LHS,Rural,Kodavaluru,Overturning, Lorry          Overturned,Lorry,Minor injury,Vehicle out of control,Four lanes or more with central divider,Straight road,,Fine,AP07TW   9505,P.V,Grevious,0
21.08.2016,8:00 AM,1355.6,LHS,Rural,Kodavaluru,Overturning, Lorry          Overturned,Lorry,Minor injury,Vehicle out of control,Four lanes or more with central divider,Straight road,,Fine,AP07TW   9505,P.V,Minor,1
21.08.2016,8:00 AM,1355.6,LHS,Rural,Kodavaluru,Overturning, Lorry          Overturned,Lorry,Minor injury,Vehicle out of control,Four lanes or more with central divider,Straight road,,Fine,AP07TW   9505,P.V,Non injured ,1
21.08.2016,8:00 AM,1355.6,LHS,Rural,Kodavaluru,Overturning, Lorry          Overturned,Lorry,Minor injury,Vehicle out of control,Four lanes or more with central divider,Straight road,,Fine,AP07TW   9505,P.V,Animals affected,0
21.08.2016,6:20 AM,1233.6,LHS,Rural,Maddipadu,Others(p1.Specific), Unknown vehicle hit Bike,Unknown,Fatal,Fault of driver of motor vehicle/driver of other vehicle/cyclist/pedestrian/passenger,Three lanes or more without central divider(median),Straight road,Four arm junction,Fine,Unknown vehicle,P.V,Fatal,1
21.08.2016,6:20 AM,1233.6,LHS,Rural,Maddipadu,Others(p1.Specific), Unknown vehicle hit Bike,Unknown,Fatal,Fault of driver of motor vehicle/driver of other vehicle/cyclist/pedestrian/passenger,Three lanes or more without central divider(median),Straight road,Four arm junction,Fine,Unknown vehicle,P.V,Grevious,0
21.08.2016,6:20 AM,1233.6,LHS,Rural,Maddipadu,Others(p1.Specific), Unknown vehicle hit Bike,Unknown,Fatal,Fault of driver of motor vehicle/driver of other vehicle/cyclist/pedestrian/passenger,Three lanes or more without central divider(median),Straight road,Four arm junction,Fine,Unknown vehicle,P.V,Minor,0
21.08.2016,6:20 AM,1233.6,LHS,Rural,Maddipadu,Others(p1.Specific), Unknown vehicle hit Bike,Unknown,Fatal,Fault of driver of motor vehicle/driver of other vehicle/cyclist/pedestrian/passenger,Three lanes or more without central divider(median),Straight road,Four arm junction,Fine,Unknown vehicle,P.V,Non injured ,0
21.08.2016,6:20 AM,1233.6,LHS,Rural,Maddipadu,Others(p1.Specific), Unknown vehicle hit Bike,Unknown,Fatal,Fault of driver of motor vehicle/driver of other vehicle/cyclist/pedestrian/passenger,Three lanes or more without central divider(median),Straight road,Four arm junction,Fine,Unknown vehicle,P.V,Animals affected,0
22.08.2016,12:35 AM,1275.9,RHS,Rural,Singarayakonda,Rear End Collision, Lorry hit Lorry,Lorry,Grievious injury,Fault of driver of motor vehicle/driver of other vehicle/cyclist/pedestrian/passenger,Four lanes or more with central divider,Straight road,,Fine,TN52B  2929, P.V,Fatal,0
22.08.2016,12:35 AM,1275.9,RHS,Rural,Singarayakonda,Rear End Collision, Lorry hit Lorry,Lorry,Grievious injury,Fault of driver of motor vehicle/driver of other vehicle/cyclist/pedestrian/passenger,Four lanes or more with central divider,Straight road,,Fine,TN52B  2929, P.V,Grevious,1
22.08.2016,12:35 AM,1275.9,RHS,Rural,Singarayakonda,Rear End Collision, Lorry hit Lorry,Lorry,Grievious injury,Fault of driver of motor vehicle/driver of other vehicle/cyclist/pedestrian/passenger,Four lanes or more with central divider,Straight road,,Fine,TN52B  2929, P.V,Minor,1
22.08.2016,12:35 AM,1275.9,RHS,Rural,Singarayakonda,Rear End Collision, Lorry hit Lorry,Lorry,Grievious injury,Fault of driver of motor vehicle/driver of other vehicle/cyclist/pedestrian/passenger,Four lanes or more with central divider,Straight road,,Fine,TN52B  2929, P.V,Non injured ,2
22.08.2016,12:35 AM,1275.9,RHS,Rural,Singarayakonda,Rear End Collision, Lorry hit Lorry,Lorry,Grievious injury,Fault of driver of motor vehicle/driver of other vehicle/cyclist/pedestrian/passenger,Four lanes or more with central divider,Straight road,,Fine,TN52B  2929, P.V,Animals affected,0
22.08.2016,3:00 AM,1288.5,RHS,Rural,Ulavapadu,Collision Brush/Side Wipe, Car hit CC Barrier,Car,Non injury,Fault of driver of motor vehicle/driver of other vehicle/cyclist/pedestrian/passenger,Two lanes,Straight road,,Fine,PY01BE 0739,P.V,Fatal,0
22.08.2016,3:00 AM,1288.5,RHS,Rural,Ulavapadu,Collision Brush/Side Wipe, Car hit CC Barrier,Car,Non injury,Fault of driver of motor vehicle/driver of other vehicle/cyclist/pedestrian/passenger,Two lanes,Straight road,,Fine,PY01BE 0739,P.V,Grevious,0
22.08.2016,3:00 AM,1288.5,RHS,Rural,Ulavapadu,Collision Brush/Side Wipe, Car hit CC Barrier,Car,Non injury,Fault of driver of motor vehicle/driver of other vehicle/cyclist/pedestrian/passenger,Two lanes,Straight road,,Fine,PY01BE 0739,P.V,Minor,0
22.08.2016,3:00 AM,1288.5,RHS,Rural,Ulavapadu,Collision Brush/Side Wipe, Car hit CC Barrier,Car,Non injury,Fault of driver of motor vehicle/driver of other vehicle/cyclist/pedestrian/passenger,Two lanes,Straight road,,Fine,PY01BE 0739,P.V,Non injured ,5
22.08.2016,3:00 AM,1288.5,RHS,Rural,Ulavapadu,Collision Brush/Side Wipe, Car hit CC Barrier,Car,Non injury,Fault of driver of motor vehicle/driver of other vehicle/cyclist/pedestrian/passenger,Two lanes,Straight road,,Fine,PY01BE 0739,P.V,Animals affected,0
22.08.2016,10:55 AM,1270.2,RHS,Rural,Jarugumalli,Collision Brush/Side Wipe, Car hit       Median,Car,Minor injury,Defect in mechanical condition of motor vehicle/road condition,Four lanes or more with central divider,Straight road,,Fine,AP26BA 6633,AMB & P.V,Fatal,0
22.08.2016,10:55 AM,1270.2,RHS,Rural,Jarugumalli,Collision Brush/Side Wipe, Car hit       Median,Car,Minor injury,Defect in mechanical condition of motor vehicle/road condition,Four lanes or more with central divider,Straight road,,Fine,AP26BA 6633,AMB & P.V,Grevious,0
22.08.2016,10:55 AM,1270.2,RHS,Rural,Jarugumalli,Collision Brush/Side Wipe, Car hit       Median,Car,Minor injury,Defect in mechanical condition of motor vehicle/road condition,Four lanes or more with central divider,Straight road,,Fine,AP26BA 6633,AMB & P.V,Minor,4
22.08.2016,10:55 AM,1270.2,RHS,Rural,Jarugumalli,Collision Brush/Side Wipe, Car hit       Median,Car,Minor injury,Defect in mechanical condition of motor vehicle/road condition,Four lanes or more with central divider,Straight road,,Fine,AP26BA 6633,AMB & P.V,Non injured ,3
22.08.2016,10:55 AM,1270.2,RHS,Rural,Jarugumalli,Collision Brush/Side Wipe, Car hit       Median,Car,Minor injury,Defect in mechanical condition of motor vehicle/road condition,Four lanes or more with central divider,Straight road,,Fine,AP26BA 6633,AMB & P.V,Animals affected,0
22.08.2016,3:00 PM,1354,LHS,Rural,Kodavaluru,Head on collision, Bike hit Lorry,Bike,Grievious injury,Druken,Four lanes or more with central divider,Straight road,,Fine,F/R Bike,P.V,Fatal,0
22.08.2016,3:00 PM,1354,LHS,Rural,Kodavaluru,Head on collision, Bike hit Lorry,Bike,Grievious injury,Druken,Four lanes or more with central divider,Straight road,,Fine,F/R Bike,P.V,Grevious,1
22.08.2016,3:00 PM,1354,LHS,Rural,Kodavaluru,Head on collision, Bike hit Lorry,Bike,Grievious injury,Druken,Four lanes or more with central divider,Straight road,,Fine,F/R Bike,P.V,Minor,0
22.08.2016,3:00 PM,1354,LHS,Rural,Kodavaluru,Head on collision, Bike hit Lorry,Bike,Grievious injury,Druken,Four lanes or more with central divider,Straight road,,Fine,F/R Bike,P.V,Non injured ,0
22.08.2016,3:00 PM,1354,LHS,Rural,Kodavaluru,Head on collision, Bike hit Lorry,Bike,Grievious injury,Druken,Four lanes or more with central divider,Straight road,,Fine,F/R Bike,P.V,Animals affected,0
22.08.2016,9:10 PM,1223.2,RHS,Rural,Medarametla,Collision Brush/Side Wipe, Car hit CC Barrier,Car,Non injury,Druken,Four lanes or more with central divider,Straight road,,Fine,AP27AW 4288,P.V,Fatal,0
22.08.2016,9:10 PM,1223.2,RHS,Rural,Medarametla,Collision Brush/Side Wipe, Car hit CC Barrier,Car,Non injury,Druken,Four lanes or more with central divider,Straight road,,Fine,AP27AW 4288,P.V,Grevious,0
22.08.2016,9:10 PM,1223.2,RHS,Rural,Medarametla,Collision Brush/Side Wipe, Car hit CC Barrier,Car,Non injury,Druken,Four lanes or more with central divider,Straight road,,Fine,AP27AW 4288,P.V,Minor,0
22.08.2016,9:10 PM,1223.2,RHS,Rural,Medarametla,Collision Brush/Side Wipe, Car hit CC Barrier,Car,Non injury,Druken,Four lanes or more with central divider,Straight road,,Fine,AP27AW 4288,P.V,Non injured ,1
22.08.2016,9:10 PM,1223.2,RHS,Rural,Medarametla,Collision Brush/Side Wipe, Car hit CC Barrier,Car,Non injury,Druken,Four lanes or more with central divider,Straight road,,Fine,AP27AW 4288,P.V,Animals affected,0
23.08.2016,6:40 AM,1200,RHS,Rural,Martur,Skidding, Bike     Skidding,Bike,Grievious injury,Over speed,Four lanes or more with central divider,Straight road,,Fine,AP37CD  3673,AMB,Fatal,0
23.08.2016,6:40 AM,1200,RHS,Rural,Martur,Skidding, Bike     Skidding,Bike,Grievious injury,Over speed,Four lanes or more with central divider,Straight road,,Fine,AP37CD  3673,AMB,Grevious,1
23.08.2016,6:40 AM,1200,RHS,Rural,Martur,Skidding, Bike     Skidding,Bike,Grievious injury,Over speed,Four lanes or more with central divider,Straight road,,Fine,AP37CD  3673,AMB,Minor,0
23.08.2016,6:40 AM,1200,RHS,Rural,Martur,Skidding, Bike     Skidding,Bike,Grievious injury,Over speed,Four lanes or more with central divider,Straight road,,Fine,AP37CD  3673,AMB,Non injured ,0
23.08.2016,6:40 AM,1200,RHS,Rural,Martur,Skidding, Bike     Skidding,Bike,Grievious injury,Over speed,Four lanes or more with central divider,Straight road,,Fine,AP37CD  3673,AMB,Animals affected,0
23.08.2016,2:50 PM,1197.5,LHS,Rural,Martur,Overturning, Mini Truck Over Turned,Lorry,Non injury,Defect in mechanical condition of motor vehicle/road condition,Four lanes or more with central divider,Straight road,,Fine,AP07TE   7767,P.V,Fatal,0
23.08.2016,2:50 PM,1197.5,LHS,Rural,Martur,Overturning, Mini Truck Over Turned,Lorry,Non injury,Defect in mechanical condition of motor vehicle/road condition,Four lanes or more with central divider,Straight road,,Fine,AP07TE   7767,P.V,Grevious,0
23.08.2016,2:50 PM,1197.5,LHS,Rural,Martur,Overturning, Mini Truck Over Turned,Lorry,Non injury,Defect in mechanical condition of motor vehicle/road condition,Four lanes or more with central divider,Straight road,,Fine,AP07TE   7767,P.V,Minor,0
23.08.2016,2:50 PM,1197.5,LHS,Rural,Martur,Overturning, Mini Truck Over Turned,Lorry,Non injury,Defect in mechanical condition of motor vehicle/road condition,Four lanes or more with central divider,Straight road,,Fine,AP07TE   7767,P.V,Non injured ,1
23.08.2016,2:50 PM,1197.5,LHS,Rural,Martur,Overturning, Mini Truck Over Turned,Lorry,Non injury,Defect in mechanical condition of motor vehicle/road condition,Four lanes or more with central divider,Straight road,,Fine,AP07TE   7767,P.V,Animals affected,0
23.08.2016,5:00 PM,1192.7,LHS,Rural,Martur,Rear End Collision, Car hit Tata Ace Vehicle,Car,Minor injury,Over speed,Four lanes or more with central divider,Straight road,,Fine,F/R CAR,P.V,Fatal,0
23.08.2016,5:00 PM,1192.7,LHS,Rural,Martur,Rear End Collision, Car hit Tata Ace Vehicle,Car,Minor injury,Over speed,Four lanes or more with central divider,Straight road,,Fine,F/R CAR,P.V,Grevious,0
23.08.2016,5:00 PM,1192.7,LHS,Rural,Martur,Rear End Collision, Car hit Tata Ace Vehicle,Car,Minor injury,Over speed,Four lanes or more with central divider,Straight road,,Fine,F/R CAR,P.V,Minor,3
23.08.2016,5:00 PM,1192.7,LHS,Rural,Martur,Rear End Collision, Car hit Tata Ace Vehicle,Car,Minor injury,Over speed,Four lanes or more with central divider,Straight road,,Fine,F/R CAR,P.V,Non injured ,5
23.08.2016,5:00 PM,1192.7,LHS,Rural,Martur,Rear End Collision, Car hit Tata Ace Vehicle,Car,Minor injury,Over speed,Four lanes or more with central divider,Straight road,,Fine,F/R CAR,P.V,Animals affected,0
23.08.2016,11:50 PM,1201.6,LHS,Rural,Reningavaram,Collision Brush/Side Wipe, Unknown vehicle hit Pedestrian,Unknown,Grievious injury,Over speed,Four lanes or more with central divider,Straight road,,Fine,Unknown Vehicle,AMB,Fatal,0
23.08.2016,11:50 PM,1201.6,LHS,Rural,Reningavaram,Collision Brush/Side Wipe, Unknown vehicle hit Pedestrian,Unknown,Grievious injury,Over speed,Four lanes or more with central divider,Straight road,,Fine,Unknown Vehicle,AMB,Grevious,1
23.08.2016,11:50 PM,1201.6,LHS,Rural,Reningavaram,Collision Brush/Side Wipe, Unknown vehicle hit Pedestrian,Unknown,Grievious injury,Over speed,Four lanes or more with central divider,Straight road,,Fine,Unknown Vehicle,AMB,Minor,0