Operational date,Time of Accident,KM && M,Position,Rural/Urban,Location,Nature of Accident Position,Nature of Accident,Vehicle Involved,Type of Accident,Causes,Road Feature,Road condition,Intersection Type And Control,Weather Condition,Vehicle Responsible,Help Provided by Ambulance/Patroling Vehicle,Classification of Accident,No of Affected Persons
23.08.2016,11:50 PM,1201.6,LHS,Rural,Reningavaram,Collision Brush/Side Wipe, Unknown vehicle hit Pedestrian,Unknown,Grievious injury,Over speed,Four lanes or more with central divider,Straight road,,Fine,Unknown Vehicle,AMB,Non injured ,0
23.08.2016,11:50 PM,1201.6,LHS,Rural,Reningavaram,Collision Brush/Side Wipe, Unknown vehicle hit Pedestrian,Unknown,Grievious injury,Over speed,Four lanes or more with central divider,Straight road,,Fine,Unknown Vehicle,AMB,Animals affected,0
24.08.2016,6:45 PM,1253.3,RHS,Rural,Ongole,Collision Brush/Side Wipe, Unknown vehicle hit Pedestrian,Unknown,Grievious injury,Fault of driver of motor vehicle/driver of other vehicle/cyclist/pedestrian/passenger,Four lanes or more with central divider,Straight road,,Fine,Unknown vehicle,A.M.B,Fatal,0
24.08.2016,6:45 PM,1253.3,RHS,Rural,Ongole,Collision Brush/Side Wipe, Unknown vehicle hit Pedestrian,Unknown,Grievious injury,Fault of driver of motor vehicle/driver of other vehicle/cyclist/pedestrian/passenger,Four lanes or more with central divider,Straight road,,Fine,Unknown vehicle,A.M.B,Grevious,1
24.08.2016,6:45 PM,1253.3,RHS,Rural,Ongole,Collision Brush/Side Wipe, Unknown vehicle hit Pedestrian,Unknown,Grievious injury,Fault of driver of motor vehicle/driver of other vehicle/cyclist/pedestrian/passenger,Four lanes or more with central divider,Straight road,,Fine,Unknown vehicle,A.M.B,Minor,0
24.08.2016,6:45 PM,1253.3,RHS,Rural,Ongole,Collision Brush/Side Wipe, Unknown vehicle hit Pedestrian,Unknown,Grievious injury,Fault of driver of motor vehicle/driver of other vehicle/cyclist/pedestrian/passenger,Four lanes or more with central divider,Straight road,,Fine,Unknown vehicle,A.M.B,Non injured ,0
24.08.2016,6:45 PM,1253.3,RHS,Rural,Ongole,Collision Brush/Side Wipe, Unknown vehicle hit Pedestrian,Unknown,Grievious injury,Fault of driver of motor vehicle/driver of other vehicle/cyclist/pedestrian/passenger,Four lanes or more with central divider,Straight road,,Fine,Unknown vehicle,A.M.B,Animals affected,0
25.08.2016,6:45 AM,1266.3,RHS,Rural,Tangutur,Overturning, Orange travels Bus hit Lorry  and overt,Bus,Grievious injury,Over speed,Four lanes or more with central divider,Straight road,,Light rain,AR01H    7819,A.M.B & P.V,Fatal,0
25.08.2016,6:45 AM,1266.3,RHS,Rural,Tangutur,Overturning, Orange travels Bus hit Lorry  and overt,Bus,Grievious injury,Over speed,Four lanes or more with central divider,Straight road,,Light rain,AR01H    7819,A.M.B & P.V,Grevious,1
25.08.2016,6:45 AM,1266.3,RHS,Rural,Tangutur,Overturning, Orange travels Bus hit Lorry  and overt,Bus,Grievious injury,Over speed,Four lanes or more with central divider,Straight road,,Light rain,AR01H    7819,A.M.B & P.V,Minor,8
25.08.2016,6:45 AM,1266.3,RHS,Rural,Tangutur,Overturning, Orange travels Bus hit Lorry  and overt,Bus,Grievious injury,Over speed,Four lanes or more with central divider,Straight road,,Light rain,AR01H    7819,A.M.B & P.V,Non injured ,21
25.08.2016,6:45 AM,1266.3,RHS,Rural,Tangutur,Overturning, Orange travels Bus hit Lorry  and overt,Bus,Grievious injury,Over speed,Four lanes or more with central divider,Straight road,,Light rain,AR01H    7819,A.M.B & P.V,Animals affected,0
25..08.2016,7:45 AM,1200.5,RHS,Rural,Reningavaram,Rear End Collision, Lorry hit Tractor,Lorry,Grievious injury,Over speed,Four lanes or more with central divider,Straight road,,Light rain,AP16X   3928,A.M.B & P.V,Fatal,0
25..08.2016,7:45 AM,1200.5,RHS,Rural,Reningavaram,Rear End Collision, Lorry hit Tractor,Lorry,Grievious injury,Over speed,Four lanes or more with central divider,Straight road,,Light rain,AP16X   3928,A.M.B & P.V,Grevious,1
25..08.2016,7:45 AM,1200.5,RHS,Rural,Reningavaram,Rear End Collision, Lorry hit Tractor,Lorry,Grievious injury,Over speed,Four lanes or more with central divider,Straight road,,Light rain,AP16X   3928,A.M.B & P.V,Minor,2
25..08.2016,7:45 AM,1200.5,RHS,Rural,Reningavaram,Rear End Collision, Lorry hit Tractor,Lorry,Grievious injury,Over speed,Four lanes or more with central divider,Straight road,,Light rain,AP16X   3928,A.M.B & P.V,Non injured ,1
25..08.2016,7:45 AM,1200.5,RHS,Rural,Reningavaram,Rear End Collision, Lorry hit Tractor,Lorry,Grievious injury,Over speed,Four lanes or more with central divider,Straight road,,Light rain,AP16X   3928,A.M.B & P.V,Animals affected,0
25.08.2016,11:30 AM,1282,LHS,Rural,Singarayakonda,Right Turn Collision, Car hit Lorry,Car,Grievious injury,Over speed,Four lanes or more with central divider,Straight road,,Light rain,AP35N   6556,P.V,Fatal,0
25.08.2016,11:30 AM,1282,LHS,Rural,Singarayakonda,Right Turn Collision, Car hit Lorry,Car,Grievious injury,Over speed,Four lanes or more with central divider,Straight road,,Light rain,AP35N   6556,P.V,Grevious,1
25.08.2016,11:30 AM,1282,LHS,Rural,Singarayakonda,Right Turn Collision, Car hit Lorry,Car,Grievious injury,Over speed,Four lanes or more with central divider,Straight road,,Light rain,AP35N   6556,P.V,Minor,5
25.08.2016,11:30 AM,1282,LHS,Rural,Singarayakonda,Right Turn Collision, Car hit Lorry,Car,Grievious injury,Over speed,Four lanes or more with central divider,Straight road,,Light rain,AP35N   6556,P.V,Non injured ,1
25.08.2016,11:30 AM,1282,LHS,Rural,Singarayakonda,Right Turn Collision, Car hit Lorry,Car,Grievious injury,Over speed,Four lanes or more with central divider,Straight road,,Light rain,AP35N   6556,P.V,Animals affected,0
25.08.2016,1:00 PM,1206.9,LHS,Rural,Reningavaram,Overturning, Car hit median and overturned,Car,Non injury,Vehicle out of control,Four lanes or more with central divider,Straight road,,Fine,AP05DF  6525,P.V,Fatal,0
25.08.2016,1:00 PM,1206.9,LHS,Rural,Reningavaram,Overturning, Car hit median and overturned,Car,Non injury,Vehicle out of control,Four lanes or more with central divider,Straight road,,Fine,AP05DF  6525,P.V,Grevious,0
25.08.2016,1:00 PM,1206.9,LHS,Rural,Reningavaram,Overturning, Car hit median and overturned,Car,Non injury,Vehicle out of control,Four lanes or more with central divider,Straight road,,Fine,AP05DF  6525,P.V,Minor,0
25.08.2016,1:00 PM,1206.9,LHS,Rural,Reningavaram,Overturning, Car hit median and overturned,Car,Non injury,Vehicle out of control,Four lanes or more with central divider,Straight road,,Fine,AP05DF  6525,P.V,Non injured ,1
25.08.2016,1:00 PM,1206.9,LHS,Rural,Reningavaram,Overturning, Car hit median and overturned,Car,Non injury,Vehicle out of control,Four lanes or more with central divider,Straight road,,Fine,AP05DF  6525,P.V,Animals affected,0
26.08.2016,5:20 AM,1273.5,LHS,Rural,Singarayakonda,Rear End Collision, Private travels Bus hit Lorry,Bus,Minor injury,Over speed,Four lanes or more with central divider,Straight road,,Light rain,AP26TC  9525,A.M.B & P.V,Fatal,0
26.08.2016,5:20 AM,1273.5,LHS,Rural,Singarayakonda,Rear End Collision, Private travels Bus hit Lorry,Bus,Minor injury,Over speed,Four lanes or more with central divider,Straight road,,Light rain,AP26TC  9525,A.M.B & P.V,Grevious,0
26.08.2016,5:20 AM,1273.5,LHS,Rural,Singarayakonda,Rear End Collision, Private travels Bus hit Lorry,Bus,Minor injury,Over speed,Four lanes or more with central divider,Straight road,,Light rain,AP26TC  9525,A.M.B & P.V,Minor,1
26.08.2016,5:20 AM,1273.5,LHS,Rural,Singarayakonda,Rear End Collision, Private travels Bus hit Lorry,Bus,Minor injury,Over speed,Four lanes or more with central divider,Straight road,,Light rain,AP26TC  9525,A.M.B & P.V,Non injured ,29
26.08.2016,5:20 AM,1273.5,LHS,Rural,Singarayakonda,Rear End Collision, Private travels Bus hit Lorry,Bus,Minor injury,Over speed,Four lanes or more with central divider,Straight road,,Light rain,AP26TC  9525,A.M.B & P.V,Animals affected,0
26.08.2016,12:02 PM,1332.4,LHS,Rural,K.Tippa ,Left Turn Collision, Car hit Tractor,Car,Grievious injury,Fault of driver of motor vehicle/driver of other vehicle/cyclist/pedestrian/passenger,Three lanes or more without central divider(median),Straight road,,Light rain,AP26AX  6777,A.M.B & P.V,Fatal,0
26.08.2016,12:02 PM,1332.4,LHS,Rural,K.Tippa ,Left Turn Collision, Car hit Tractor,Car,Grievious injury,Fault of driver of motor vehicle/driver of other vehicle/cyclist/pedestrian/passenger,Three lanes or more without central divider(median),Straight road,,Light rain,AP26AX  6777,A.M.B & P.V,Grevious,8
26.08.2016,12:02 PM,1332.4,LHS,Rural,K.Tippa ,Left Turn Collision, Car hit Tractor,Car,Grievious injury,Fault of driver of motor vehicle/driver of other vehicle/cyclist/pedestrian/passenger,Three lanes or more without central divider(median),Straight road,,Light rain,AP26AX  6777,A.M.B & P.V,Minor,8
26.08.2016,12:02 PM,1332.4,LHS,Rural,K.Tippa ,Left Turn Collision, Car hit Tractor,Car,Grievious injury,Fault of driver of motor vehicle/driver of other vehicle/cyclist/pedestrian/passenger,Three lanes or more without central divider(median),Straight road,,Light rain,AP26AX  6777,A.M.B & P.V,Non injured ,8
26.08.2016,12:02 PM,1332.4,LHS,Rural,K.Tippa ,Left Turn Collision, Car hit Tractor,Car,Grievious injury,Fault of driver of motor vehicle/driver of other vehicle/cyclist/pedestrian/passenger,Three lanes or more without central divider(median),Straight road,,Light rain,AP26AX  6777,A.M.B & P.V,Animals affected,0
27.08.2016,9:50 PM,1270.3,LHS,Rural,Jarugumalli,Collision Brush/Side Wipe, Unknown vehicle hit Pedestrian,Unknown,Grievious injury,Over speed,Four lanes or more with central divider,Straight road,,Light rain,Unknown vehicle,A.M.B,Fatal,0
27.08.2016,9:50 PM,1270.3,LHS,Rural,Jarugumalli,Collision Brush/Side Wipe, Unknown vehicle hit Pedestrian,Unknown,Grievious injury,Over speed,Four lanes or more with central divider,Straight road,,Light rain,Unknown vehicle,A.M.B,Grevious,1
27.08.2016,9:50 PM,1270.3,LHS,Rural,Jarugumalli,Collision Brush/Side Wipe, Unknown vehicle hit Pedestrian,Unknown,Grievious injury,Over speed,Four lanes or more with central divider,Straight road,,Light rain,Unknown vehicle,A.M.B,Minor,0
27.08.2016,9:50 PM,1270.3,LHS,Rural,Jarugumalli,Collision Brush/Side Wipe, Unknown vehicle hit Pedestrian,Unknown,Grievious injury,Over speed,Four lanes or more with central divider,Straight road,,Light rain,Unknown vehicle,A.M.B,Non injured ,0
27.08.2016,9:50 PM,1270.3,LHS,Rural,Jarugumalli,Collision Brush/Side Wipe, Unknown vehicle hit Pedestrian,Unknown,Grievious injury,Over speed,Four lanes or more with central divider,Straight road,,Light rain,Unknown vehicle,A.M.B,Animals affected,0
27.08.2016,11:40 PM,1225.3,RHS,Rural,Maddipadu,Rear End Collision, Eicher truck hit Unknown Vehicle,Eicher,Grievious injury,Fault of driver of motor vehicle/driver of other vehicle/cyclist/pedestrian/passenger,Four lanes or more with central divider,Straight road,,Light rain,F/R,P.V,Fatal,0
27.08.2016,11:40 PM,1225.3,RHS,Rural,Maddipadu,Rear End Collision, Eicher truck hit Unknown Vehicle,Eicher,Grievious injury,Fault of driver of motor vehicle/driver of other vehicle/cyclist/pedestrian/passenger,Four lanes or more with central divider,Straight road,,Light rain,F/R,P.V,Grevious,1
27.08.2016,11:40 PM,1225.3,RHS,Rural,Maddipadu,Rear End Collision, Eicher truck hit Unknown Vehicle,Eicher,Grievious injury,Fault of driver of motor vehicle/driver of other vehicle/cyclist/pedestrian/passenger,Four lanes or more with central divider,Straight road,,Light rain,F/R,P.V,Minor,0
27.08.2016,11:40 PM,1225.3,RHS,Rural,Maddipadu,Rear End Collision, Eicher truck hit Unknown Vehicle,Eicher,Grievious injury,Fault of driver of motor vehicle/driver of other vehicle/cyclist/pedestrian/passenger,Four lanes or more with central divider,Straight road,,Light rain,F/R,P.V,Non injured ,0
27.08.2016,11:40 PM,1225.3,RHS,Rural,Maddipadu,Rear End Collision, Eicher truck hit Unknown Vehicle,Eicher,Grievious injury,Fault of driver of motor vehicle/driver of other vehicle/cyclist/pedestrian/passenger,Four lanes or more with central divider,Straight road,,Light rain,F/R,P.V,Animals affected,0
29.08.2016,12:36 PM,1194.8,LHS,Rural,Martur,Overturning, Car Over Turned,Car,Grievious injury,Over speed,Four lanes or more with central divider,Straight road,,Fine,AP27AN  5999,A.M.B & P.V,Fatal,0
29.08.2016,12:36 PM,1194.8,LHS,Rural,Martur,Overturning, Car Over Turned,Car,Grievious injury,Over speed,Four lanes or more with central divider,Straight road,,Fine,AP27AN  5999,A.M.B & P.V,Grevious,1
29.08.2016,12:36 PM,1194.8,LHS,Rural,Martur,Overturning, Car Over Turned,Car,Grievious injury,Over speed,Four lanes or more with central divider,Straight road,,Fine,AP27AN  5999,A.M.B & P.V,Minor,1
29.08.2016,12:36 PM,1194.8,LHS,Rural,Martur,Overturning, Car Over Turned,Car,Grievious injury,Over speed,Four lanes or more with central divider,Straight road,,Fine,AP27AN  5999,A.M.B & P.V,Non injured ,0
29.08.2016,12:36 PM,1194.8,LHS,Rural,Martur,Overturning, Car Over Turned,Car,Grievious injury,Over speed,Four lanes or more with central divider,Straight road,,Fine,AP27AN  5999,A.M.B & P.V,Animals affected,0
30.08.2016,6:00 AM,1247.9,LHS,Urban,Ongole,Rear End Collision, Bolero pick up vehicle hit Unknown vehi,Car,Non injury,Over speed,Four lanes or more with central divider,Straight road,,Heavy rain,AP05TC 7147,P.V,Fatal,0
30.08.2016,6:00 AM,1247.9,LHS,Urban,Ongole,Rear End Collision, Bolero pick up vehicle hit Unknown vehi,Car,Non injury,Over speed,Four lanes or more with central divider,Straight road,,Heavy rain,AP05TC 7147,P.V,Grevious,0
30.08.2016,6:00 AM,1247.9,LHS,Urban,Ongole,Rear End Collision, Bolero pick up vehicle hit Unknown vehi,Car,Non injury,Over speed,Four lanes or more with central divider,Straight road,,Heavy rain,AP05TC 7147,P.V,Minor,0
30.08.2016,6:00 AM,1247.9,LHS,Urban,Ongole,Rear End Collision, Bolero pick up vehicle hit Unknown vehi,Car,Non injury,Over speed,Four lanes or more with central divider,Straight road,,Heavy rain,AP05TC 7147,P.V,Non injured ,2
30.08.2016,6:00 AM,1247.9,LHS,Urban,Ongole,Rear End Collision, Bolero pick up vehicle hit Unknown vehi,Car,Non injury,Over speed,Four lanes or more with central divider,Straight road,,Heavy rain,AP05TC 7147,P.V,Animals affected,0
30.08.2016,9:10 AM,1265.4,RHS,Rural,Tangutur,Collision Brush/Side Wipe, Car hit median,Car,Non injury,Vehicle out of control,Four lanes or more with central divider,Straight road,,Heavy rain,AP30M   1008,P.V,Fatal,0
30.08.2016,9:10 AM,1265.4,RHS,Rural,Tangutur,Collision Brush/Side Wipe, Car hit median,Car,Non injury,Vehicle out of control,Four lanes or more with central divider,Straight road,,Heavy rain,AP30M   1008,P.V,Grevious,0
30.08.2016,9:10 AM,1265.4,RHS,Rural,Tangutur,Collision Brush/Side Wipe, Car hit median,Car,Non injury,Vehicle out of control,Four lanes or more with central divider,Straight road,,Heavy rain,AP30M   1008,P.V,Minor,0
30.08.2016,9:10 AM,1265.4,RHS,Rural,Tangutur,Collision Brush/Side Wipe, Car hit median,Car,Non injury,Vehicle out of control,Four lanes or more with central divider,Straight road,,Heavy rain,AP30M   1008,P.V,Non injured ,5
30.08.2016,9:10 AM,1265.4,RHS,Rural,Tangutur,Collision Brush/Side Wipe, Car hit median,Car,Non injury,Vehicle out of control,Four lanes or more with central divider,Straight road,,Heavy rain,AP30M   1008,P.V,Animals affected,0
30.08.2016,8:15 PM,1252.5,RHS,Rural,Ongole,Collision Brush/Side Wipe, Car hit buffalow,Car,Non injury,Over speed,Four lanes or more with central divider,Straight road,,Fine,AP27AW 0055,P.V,Fatal,0
30.08.2016,8:15 PM,1252.5,RHS,Rural,Ongole,Collision Brush/Side Wipe, Car hit buffalow,Car,Non injury,Over speed,Four lanes or more with central divider,Straight road,,Fine,AP27AW 0055,P.V,Grevious,0
30.08.2016,8:15 PM,1252.5,RHS,Rural,Ongole,Collision Brush/Side Wipe, Car hit buffalow,Car,Non injury,Over speed,Four lanes or more with central divider,Straight road,,Fine,AP27AW 0055,P.V,Minor,0
30.08.2016,8:15 PM,1252.5,RHS,Rural,Ongole,Collision Brush/Side Wipe, Car hit buffalow,Car,Non injury,Over speed,Four lanes or more with central divider,Straight road,,Fine,AP27AW 0055,P.V,Non injured ,3
30.08.2016,8:15 PM,1252.5,RHS,Rural,Ongole,Collision Brush/Side Wipe, Car hit buffalow,Car,Non injury,Over speed,Four lanes or more with central divider,Straight road,,Fine,AP27AW 0055,P.V,Animals affected,2
30.08.2016,10:11 PM,1254.8,LHS,Rural,Ongole,Collision Brush/Side Wipe, RTC Bus hit Pedestrian,Bus,Fatal,Fault of driver of motor vehicle/driver of other vehicle/cyclist/pedestrian/passenger,Four lanes or more with central divider,Straight road,,Fine,AP03Z    5149,P.V,Fatal,1
30.08.2016,10:11 PM,1254.8,LHS,Rural,Ongole,Collision Brush/Side Wipe, RTC Bus hit Pedestrian,Bus,Fatal,Fault of driver of motor vehicle/driver of other vehicle/cyclist/pedestrian/passenger,Four lanes or more with central divider,Straight road,,Fine,AP03Z    5149,P.V,Grevious,0
30.08.2016,10:11 PM,1254.8,LHS,Rural,Ongole,Collision Brush/Side Wipe, RTC Bus hit Pedestrian,Bus,Fatal,Fault of driver of motor vehicle/driver of other vehicle/cyclist/pedestrian/passenger,Four lanes or more with central divider,Straight road,,Fine,AP03Z    5149,P.V,Minor,0
30.08.2016,10:11 PM,1254.8,LHS,Rural,Ongole,Collision Brush/Side Wipe, RTC Bus hit Pedestrian,Bus,Fatal,Fault of driver of motor vehicle/driver of other vehicle/cyclist/pedestrian/passenger,Four lanes or more with central divider,Straight road,,Fine,AP03Z    5149,P.V,Non injured ,16
30.08.2016,10:11 PM,1254.8,LHS,Rural,Ongole,Collision Brush/Side Wipe, RTC Bus hit Pedestrian,Bus,Fatal,Fault of driver of motor vehicle/driver of other vehicle/cyclist/pedestrian/passenger,Four lanes or more with central divider,Straight road,,Fine,AP03Z    5149,P.V,Animals affected,0
31.08.2016,8:35 AM,1229.5,RHS,Rural,Maddipadu,Right Turn Collision, Mini Lorry hit APSRTC Bus,Lorry,Non injury,Druken,Three lanes or more without central divider(median),Straight road,T-Junction,Fine,AP22TA   7184,P.V,Fatal,0
31.08.2016,8:35 AM,1229.5,RHS,Rural,Maddipadu,Right Turn Collision, Mini Lorry hit APSRTC Bus,Lorry,Non injury,Druken,Three lanes or more without central divider(median),Straight road,T-Junction,Fine,AP22TA   7184,P.V,Grevious,0
31.08.2016,8:35 AM,1229.5,RHS,Rural,Maddipadu,Right Turn Collision, Mini Lorry hit APSRTC Bus,Lorry,Non injury,Druken,Three lanes or more without central divider(median),Straight road,T-Junction,Fine,AP22TA   7184,P.V,Minor,0
31.08.2016,8:35 AM,1229.5,RHS,Rural,Maddipadu,Right Turn Collision, Mini Lorry hit APSRTC Bus,Lorry,Non injury,Druken,Three lanes or more without central divider(median),Straight road,T-Junction,Fine,AP22TA   7184,P.V,Non injured ,41
31.08.2016,8:35 AM,1229.5,RHS,Rural,Maddipadu,Right Turn Collision, Mini Lorry hit APSRTC Bus,Lorry,Non injury,Druken,Three lanes or more without central divider(median),Straight road,T-Junction,Fine,AP22TA   7184,P.V,Animals affected,0
31.08.2016,11:20 AM,1238.8,RHS,Rural,Ongole,Collision Brush/Side Wipe, Car hit TVS Moped,Car,Minor injury,Vehicle out of control,Four lanes or more with central divider,Straight road,,Fine,AP27AP 1449,P.V,Fatal,0
31.08.2016,11:20 AM,1238.8,RHS,Rural,Ongole,Collision Brush/Side Wipe, Car hit TVS Moped,Car,Minor injury,Vehicle out of control,Four lanes or more with central divider,Straight road,,Fine,AP27AP 1449,P.V,Grevious,0
31.08.2016,11:20 AM,1238.8,RHS,Rural,Ongole,Collision Brush/Side Wipe, Car hit TVS Moped,Car,Minor injury,Vehicle out of control,Four lanes or more with central divider,Straight road,,Fine,AP27AP 1449,P.V,Minor,2
31.08.2016,11:20 AM,1238.8,RHS,Rural,Ongole,Collision Brush/Side Wipe, Car hit TVS Moped,Car,Minor injury,Vehicle out of control,Four lanes or more with central divider,Straight road,,Fine,AP27AP 1449,P.V,Non injured ,2
31.08.2016,11:20 AM,1238.8,RHS,Rural,Ongole,Collision Brush/Side Wipe, Car hit TVS Moped,Car,Minor injury,Vehicle out of control,Four lanes or more with central divider,Straight road,,Fine,AP27AP 1449,P.V,Animals affected,0
01.09.2016,4:40 AM,1293.3,LHS,Rural,Ulavapadu,Rear End Collision, Car hit Lorry,Car,Minor injury,Over speed,Four lanes or more with central divider,Straight road,,Fine,AP16Z    9446,P.V,Fatal,0
01.09.2016,4:40 AM,1293.3,LHS,Rural,Ulavapadu,Rear End Collision, Car hit Lorry,Car,Minor injury,Over speed,Four lanes or more with central divider,Straight road,,Fine,AP16Z    9446,P.V,Grevious,0
01.09.2016,4:40 AM,1293.3,LHS,Rural,Ulavapadu,Rear End Collision, Car hit Lorry,Car,Minor injury,Over speed,Four lanes or more with central divider,Straight road,,Fine,AP16Z    9446,P.V,Minor,1
01.09.2016,4:40 AM,1293.3,LHS,Rural,Ulavapadu,Rear End Collision, Car hit Lorry,Car,Minor injury,Over speed,Four lanes or more with central divider,Straight road,,Fine,AP16Z    9446,P.V,Non injured ,4
01.09.2016,4:40 AM,1293.3,LHS,Rural,Ulavapadu,Rear End Collision, Car hit Lorry,Car,Minor injury,Over speed,Four lanes or more with central divider,Straight road,,Fine,AP16Z    9446,P.V,Animals affected,0
01.09.2016,6:50 PM,1318.9,RHS,Rural,Kavali,Head on collision, Container Lorry hit Bike,Container,Fatal,Fault of driver of motor vehicle/driver of other vehicle/cyclist/pedestrian/passenger,Four lanes or more with central divider,Straight road,,Fine,NL01D    4601,P.V,Fatal,2
01.09.2016,6:50 PM,1318.9,RHS,Rural,Kavali,Head on collision, Container Lorry hit Bike,Container,Fatal,Fault of driver of motor vehicle/driver of other vehicle/cyclist/pedestrian/passenger,Four lanes or more with central divider,Straight road,,Fine,NL01D    4601,P.V,Grevious,0
01.09.2016,6:50 PM,1318.9,RHS,Rural,Kavali,Head on collision, Container Lorry hit Bike,Container,Fatal,Fault of driver of motor vehicle/driver of other vehicle/cyclist/pedestrian/passenger,Four lanes or more with central divider,Straight road,,Fine,NL01D    4601,P.V,Minor,0
01.09.2016,6:50 PM,1318.9,RHS,Rural,Kavali,Head on collision, Container Lorry hit Bike,Container,Fatal,Fault of driver of motor vehicle/driver of other vehicle/cyclist/pedestrian/passenger,Four lanes or more with central divider,Straight road,,Fine,NL01D    4601,P.V,Non injured ,0
01.09.2016,6:50 PM,1318.9,RHS,Rural,Kavali,Head on collision, Container Lorry hit Bike,Container,Fatal,Fault of driver of motor vehicle/driver of other vehicle/cyclist/pedestrian/passenger,Four lanes or more with central divider,Straight road,,Fine,NL01D    4601,P.V,Animals affected,0
03.09.2016,5:15 AM,1282.1,LHS,Rural,Singarayakonda,Rear End Collision, Lorry hit Lorry,Lorry,Non injury,Over speed,Four lanes or more with central divider,Straight road,,Fine,TN24AD  6688,P.V,Fatal,0
03.09.2016,5:15 AM,1282.1,LHS,Rural,Singarayakonda,Rear End Collision, Lorry hit Lorry,Lorry,Non injury,Over speed,Four lanes or more with central divider,Straight road,,Fine,TN24AD  6688,P.V,Grevious,0
03.09.2016,5:15 AM,1282.1,LHS,Rural,Singarayakonda,Rear End Collision, Lorry hit Lorry,Lorry,Non injury,Over speed,Four lanes or more with central divider,Straight road,,Fine,TN24AD  6688,P.V,Minor,0
03.09.2016,5:15 AM,1282.1,LHS,Rural,Singarayakonda,Rear End Collision, Lorry hit Lorry,Lorry,Non injury,Over speed,Four lanes or more with central divider,Straight road,,Fine,TN24AD  6688,P.V,Non injured ,2
03.09.2016,5:15 AM,1282.1,LHS,Rural,Singarayakonda,Rear End Collision, Lorry hit Lorry,Lorry,Non injury,Over speed,Four lanes or more with central divider,Straight road,,Fine,TN24AD  6688,P.V,Animals affected,0
03.09.2016,10:20 PM,1336.6,LHS,Rural,K.Tippa ,Overturning, Lorry overturned,Lorry,Minor injury,Over speed,Two lanes,Straight road,,Fine,AP16V   3866,P.V & A.M.B,Fatal,0
03.09.2016,10:20 PM,1336.6,LHS,Rural,K.Tippa ,Overturning, Lorry overturned,Lorry,Minor injury,Over speed,Two lanes,Straight road,,Fine,AP16V   3866,P.V & A.M.B,Grevious,0
03.09.2016,10:20 PM,1336.6,LHS,Rural,K.Tippa ,Overturning, Lorry overturned,Lorry,Minor injury,Over speed,Two lanes,Straight road,,Fine,AP16V   3866,P.V & A.M.B,Minor,2
03.09.2016,10:20 PM,1336.6,LHS,Rural,K.Tippa ,Overturning, Lorry overturned,Lorry,Minor injury,Over speed,Two lanes,Straight road,,Fine,AP16V   3866,P.V & A.M.B,Non injured ,2
03.09.2016,10:20 PM,1336.6,LHS,Rural,K.Tippa ,Overturning, Lorry overturned,Lorry,Minor injury,Over speed,Two lanes,Straight road,,Fine,AP16V   3866,P.V & A.M.B,Animals affected,0
04.09.2016,12:25 AM,1279,LHS,Rural,Singarayakonda,Rear End Collision, Container vehicle hit Lorry,Container,Minor injury,Fault of driver of motor vehicle/driver of other vehicle/cyclist/pedestrian/passenger,Four lanes or more with central divider,Straight road,,Fine,TN24L   4390,P.V,Fatal,0
04.09.2016,12:25 AM,1279,LHS,Rural,Singarayakonda,Rear End Collision, Container vehicle hit Lorry,Container,Minor injury,Fault of driver of motor vehicle/driver of other vehicle/cyclist/pedestrian/passenger,Four lanes or more with central divider,Straight road,,Fine,TN24L   4390,P.V,Grevious,0
04.09.2016,12:25 AM,1279,LHS,Rural,Singarayakonda,Rear End Collision, Container vehicle hit Lorry,Container,Minor injury,Fault of driver of motor vehicle/driver of other vehicle/cyclist/pedestrian/passenger,Four lanes or more with central divider,Straight road,,Fine,TN24L   4390,P.V,Minor,1
04.09.2016,12:25 AM,1279,LHS,Rural,Singarayakonda,Rear End Collision, Container vehicle hit Lorry,Container,Minor injury,Fault of driver of motor vehicle/driver of other vehicle/cyclist/pedestrian/passenger,Four lanes or more with central divider,Straight road,,Fine,TN24L   4390,P.V,Non injured ,2
04.09.2016,12:25 AM,1279,LHS,Rural,Singarayakonda,Rear End Collision, Container vehicle hit Lorry,Container,Minor injury,Fault of driver of motor vehicle/driver of other vehicle/cyclist/pedestrian/passenger,Four lanes or more with central divider,Straight road,,Fine,TN24L   4390,P.V,Animals affected,0
04.09.2016,6:05 AM,1270.1,RHS,Rural,Jarugumalli,Collision Brush/Side Wipe, Lorry hit SRS Travels Bus ,Lorry,Non injury,Vehicle out of control,Four lanes or more with central divider,Straight road,,Fine,AP27TY 1289,P.V,Fatal,0
04.09.2016,6:05 AM,1270.1,RHS,Rural,Jarugumalli,Collision Brush/Side Wipe, Lorry hit SRS Travels Bus ,Lorry,Non injury,Vehicle out of control,Four lanes or more with central divider,Straight road,,Fine,AP27TY 1289,P.V,Grevious,0
04.09.2016,6:05 AM,1270.1,RHS,Rural,Jarugumalli,Collision Brush/Side Wipe, Lorry hit SRS Travels Bus ,Lorry,Non injury,Vehicle out of control,Four lanes or more with central divider,Straight road,,Fine,AP27TY 1289,P.V,Minor,0