Operational date,Time of Accident,KM && M,Position,Rural/Urban,Location,Nature of Accident Position,Nature of Accident,Vehicle Involved,Type of Accident,Causes,Road Feature,Road condition,Intersection Type And Control,Weather Condition,Vehicle Responsible,Help Provided by Ambulance/Patroling Vehicle,Classification of Accident,No of Affected Persons
04.09.2016,6:05 AM,1270.1,RHS,Rural,Jarugumalli,Collision Brush/Side Wipe, Lorry hit SRS Travels Bus ,Lorry,Non injury,Vehicle out of control,Four lanes or more with central divider,Straight road,,Fine,AP27TY 1289,P.V,Non injured ,29
04.09.2016,6:05 AM,1270.1,RHS,Rural,Jarugumalli,Collision Brush/Side Wipe, Lorry hit SRS Travels Bus ,Lorry,Non injury,Vehicle out of control,Four lanes or more with central divider,Straight road,,Fine,AP27TY 1289,P.V,Animals affected,0
04.09.2016,5:00 PM,1355,LHS,Rural,Kodavaluru,Collision Brush/Side Wipe, Container vehicle hit Lorry and Car,Container,Minor injury,Defect in mechanical condition of motor vehicle/road condition,Four lanes or more with central divider,Straight road,,Fine,AP16TF 2277,P.V,Fatal,0
04.09.2016,5:00 PM,1355,LHS,Rural,Kodavaluru,Collision Brush/Side Wipe, Container vehicle hit Lorry and Car,Container,Minor injury,Defect in mechanical condition of motor vehicle/road condition,Four lanes or more with central divider,Straight road,,Fine,AP16TF 2277,P.V,Grevious,0
04.09.2016,5:00 PM,1355,LHS,Rural,Kodavaluru,Collision Brush/Side Wipe, Container vehicle hit Lorry and Car,Container,Minor injury,Defect in mechanical condition of motor vehicle/road condition,Four lanes or more with central divider,Straight road,,Fine,AP16TF 2277,P.V,Minor,2
04.09.2016,5:00 PM,1355,LHS,Rural,Kodavaluru,Collision Brush/Side Wipe, Container vehicle hit Lorry and Car,Container,Minor injury,Defect in mechanical condition of motor vehicle/road condition,Four lanes or more with central divider,Straight road,,Fine,AP16TF 2277,P.V,Non injured ,2
04.09.2016,5:00 PM,1355,LHS,Rural,Kodavaluru,Collision Brush/Side Wipe, Container vehicle hit Lorry and Car,Container,Minor injury,Defect in mechanical condition of motor vehicle/road condition,Four lanes or more with central divider,Straight road,,Fine,AP16TF 2277,P.V,Animals affected,0
04.09.2016,6:31 PM,1261.7,LHS,Rural,Tangutur,Collision Brush/Side Wipe, Car hit CC Barrier,Car,Non injury,Over speed,Two lanes,Straight road,,Fine,TN05BB 6727,P.V,Fatal,0
04.09.2016,6:31 PM,1261.7,LHS,Rural,Tangutur,Collision Brush/Side Wipe, Car hit CC Barrier,Car,Non injury,Over speed,Two lanes,Straight road,,Fine,TN05BB 6727,P.V,Grevious,0
04.09.2016,6:31 PM,1261.7,LHS,Rural,Tangutur,Collision Brush/Side Wipe, Car hit CC Barrier,Car,Non injury,Over speed,Two lanes,Straight road,,Fine,TN05BB 6727,P.V,Minor,0
04.09.2016,6:31 PM,1261.7,LHS,Rural,Tangutur,Collision Brush/Side Wipe, Car hit CC Barrier,Car,Non injury,Over speed,Two lanes,Straight road,,Fine,TN05BB 6727,P.V,Non injured ,3
04.09.2016,6:31 PM,1261.7,LHS,Rural,Tangutur,Collision Brush/Side Wipe, Car hit CC Barrier,Car,Non injury,Over speed,Two lanes,Straight road,,Fine,TN05BB 6727,P.V,Animals affected,0
07.09.2016,2:10 AM,1228.8,LHS,Rural,Maddipadu,Collision Brush/Side Wipe, Bike hit CC Barriers,Bike,Minor injury,Over speed,Four lanes or more with central divider,Straight road,,Fine,AP16CC  5597,P.V,Fatal,0
07.09.2016,2:10 AM,1228.8,LHS,Rural,Maddipadu,Collision Brush/Side Wipe, Bike hit CC Barriers,Bike,Minor injury,Over speed,Four lanes or more with central divider,Straight road,,Fine,AP16CC  5597,P.V,Grevious,0
07.09.2016,2:10 AM,1228.8,LHS,Rural,Maddipadu,Collision Brush/Side Wipe, Bike hit CC Barriers,Bike,Minor injury,Over speed,Four lanes or more with central divider,Straight road,,Fine,AP16CC  5597,P.V,Minor,1
07.09.2016,2:10 AM,1228.8,LHS,Rural,Maddipadu,Collision Brush/Side Wipe, Bike hit CC Barriers,Bike,Minor injury,Over speed,Four lanes or more with central divider,Straight road,,Fine,AP16CC  5597,P.V,Non injured ,0
07.09.2016,2:10 AM,1228.8,LHS,Rural,Maddipadu,Collision Brush/Side Wipe, Bike hit CC Barriers,Bike,Minor injury,Over speed,Four lanes or more with central divider,Straight road,,Fine,AP16CC  5597,P.V,Animals affected,0
07.09.2016,8:25 PM,1222.2,LHS,Rural,Medarametla,Collision Brush/Side Wipe, Mini Truck  Over Turned,Lorry,Non injury,Defect in mechanical condition of motor vehicle/road condition,Four lanes or more with central divider,Straight road,,Fine,AP35W  6400,P.V,Fatal,0
07.09.2016,8:25 PM,1222.2,LHS,Rural,Medarametla,Collision Brush/Side Wipe, Mini Truck  Over Turned,Lorry,Non injury,Defect in mechanical condition of motor vehicle/road condition,Four lanes or more with central divider,Straight road,,Fine,AP35W  6400,P.V,Grevious,0
07.09.2016,8:25 PM,1222.2,LHS,Rural,Medarametla,Collision Brush/Side Wipe, Mini Truck  Over Turned,Lorry,Non injury,Defect in mechanical condition of motor vehicle/road condition,Four lanes or more with central divider,Straight road,,Fine,AP35W  6400,P.V,Minor,0
07.09.2016,8:25 PM,1222.2,LHS,Rural,Medarametla,Collision Brush/Side Wipe, Mini Truck  Over Turned,Lorry,Non injury,Defect in mechanical condition of motor vehicle/road condition,Four lanes or more with central divider,Straight road,,Fine,AP35W  6400,P.V,Non injured ,3
07.09.2016,8:25 PM,1222.2,LHS,Rural,Medarametla,Collision Brush/Side Wipe, Mini Truck  Over Turned,Lorry,Non injury,Defect in mechanical condition of motor vehicle/road condition,Four lanes or more with central divider,Straight road,,Fine,AP35W  6400,P.V,Animals affected,0
07.09.2016,10:45 PM,1267.4,LHS,Rural,Tangutur,Rear End Collision, Lorry hit Long Trailer Vehicle,Lorry,Grievious injury,Fault of driver of motor vehicle/driver of other vehicle/cyclist/pedestrian/passenger,Four lanes or more with central divider,Straight road,,Fine,AP07TF  1557,AMB & P.V,Fatal,0
07.09.2016,10:45 PM,1267.4,LHS,Rural,Tangutur,Rear End Collision, Lorry hit Long Trailer Vehicle,Lorry,Grievious injury,Fault of driver of motor vehicle/driver of other vehicle/cyclist/pedestrian/passenger,Four lanes or more with central divider,Straight road,,Fine,AP07TF  1557,AMB & P.V,Grevious,1
07.09.2016,10:45 PM,1267.4,LHS,Rural,Tangutur,Rear End Collision, Lorry hit Long Trailer Vehicle,Lorry,Grievious injury,Fault of driver of motor vehicle/driver of other vehicle/cyclist/pedestrian/passenger,Four lanes or more with central divider,Straight road,,Fine,AP07TF  1557,AMB & P.V,Minor,0
07.09.2016,10:45 PM,1267.4,LHS,Rural,Tangutur,Rear End Collision, Lorry hit Long Trailer Vehicle,Lorry,Grievious injury,Fault of driver of motor vehicle/driver of other vehicle/cyclist/pedestrian/passenger,Four lanes or more with central divider,Straight road,,Fine,AP07TF  1557,AMB & P.V,Non injured ,1
07.09.2016,10:45 PM,1267.4,LHS,Rural,Tangutur,Rear End Collision, Lorry hit Long Trailer Vehicle,Lorry,Grievious injury,Fault of driver of motor vehicle/driver of other vehicle/cyclist/pedestrian/passenger,Four lanes or more with central divider,Straight road,,Fine,AP07TF  1557,AMB & P.V,Animals affected,0
08.09.2016,9:40 AM,1268.2,RHS,Rural,Jarugumalli,Collision Brush/Side Wipe, Car hit Unknown Vehicle,Car,Minor injury,Fault of driver of motor vehicle/driver of other vehicle/cyclist/pedestrian/passenger,Three lanes or more without central divider(median),Straight road,T-Junction,Fine,AP26T   2882,P.V,Fatal,0
08.09.2016,9:40 AM,1268.2,RHS,Rural,Jarugumalli,Collision Brush/Side Wipe, Car hit Unknown Vehicle,Car,Minor injury,Fault of driver of motor vehicle/driver of other vehicle/cyclist/pedestrian/passenger,Three lanes or more without central divider(median),Straight road,T-Junction,Fine,AP26T   2882,P.V,Grevious,0
08.09.2016,9:40 AM,1268.2,RHS,Rural,Jarugumalli,Collision Brush/Side Wipe, Car hit Unknown Vehicle,Car,Minor injury,Fault of driver of motor vehicle/driver of other vehicle/cyclist/pedestrian/passenger,Three lanes or more without central divider(median),Straight road,T-Junction,Fine,AP26T   2882,P.V,Minor,1
08.09.2016,9:40 AM,1268.2,RHS,Rural,Jarugumalli,Collision Brush/Side Wipe, Car hit Unknown Vehicle,Car,Minor injury,Fault of driver of motor vehicle/driver of other vehicle/cyclist/pedestrian/passenger,Three lanes or more without central divider(median),Straight road,T-Junction,Fine,AP26T   2882,P.V,Non injured ,3
08.09.2016,9:40 AM,1268.2,RHS,Rural,Jarugumalli,Collision Brush/Side Wipe, Car hit Unknown Vehicle,Car,Minor injury,Fault of driver of motor vehicle/driver of other vehicle/cyclist/pedestrian/passenger,Three lanes or more without central divider(median),Straight road,T-Junction,Fine,AP26T   2882,P.V,Animals affected,0
10.09.2016,2:20 AM,1228.9,LHS,Rural,Maddipadu,Collision Brush/Side Wipe, RTC Bus hit CC Barrier,Bus,Non injury,Vehicle out of control,Four lanes or more with central divider,Straight road,,Fine,AP16Z   0214,P.V,Fatal,0
10.09.2016,2:20 AM,1228.9,LHS,Rural,Maddipadu,Collision Brush/Side Wipe, RTC Bus hit CC Barrier,Bus,Non injury,Vehicle out of control,Four lanes or more with central divider,Straight road,,Fine,AP16Z   0214,P.V,Grevious,0
10.09.2016,2:20 AM,1228.9,LHS,Rural,Maddipadu,Collision Brush/Side Wipe, RTC Bus hit CC Barrier,Bus,Non injury,Vehicle out of control,Four lanes or more with central divider,Straight road,,Fine,AP16Z   0214,P.V,Minor,0
10.09.2016,2:20 AM,1228.9,LHS,Rural,Maddipadu,Collision Brush/Side Wipe, RTC Bus hit CC Barrier,Bus,Non injury,Vehicle out of control,Four lanes or more with central divider,Straight road,,Fine,AP16Z   0214,P.V,Non injured ,35
10.09.2016,2:20 AM,1228.9,LHS,Rural,Maddipadu,Collision Brush/Side Wipe, RTC Bus hit CC Barrier,Bus,Non injury,Vehicle out of control,Four lanes or more with central divider,Straight road,,Fine,AP16Z   0214,P.V,Animals affected,0
10.09.2016,3:25 AM,1224.9,RHS,Rural,Maddipadu,Rear End Collision, Car hit Lorry,Car,Grievious injury,Over speed,Four lanes or more with central divider,Straight road,,Fine,TS02UB 1959,P.V,Fatal,0
10.09.2016,3:25 AM,1224.9,RHS,Rural,Maddipadu,Rear End Collision, Car hit Lorry,Car,Grievious injury,Over speed,Four lanes or more with central divider,Straight road,,Fine,TS02UB 1959,P.V,Grevious,1
10.09.2016,3:25 AM,1224.9,RHS,Rural,Maddipadu,Rear End Collision, Car hit Lorry,Car,Grievious injury,Over speed,Four lanes or more with central divider,Straight road,,Fine,TS02UB 1959,P.V,Minor,4
10.09.2016,3:25 AM,1224.9,RHS,Rural,Maddipadu,Rear End Collision, Car hit Lorry,Car,Grievious injury,Over speed,Four lanes or more with central divider,Straight road,,Fine,TS02UB 1959,P.V,Non injured ,1
10.09.2016,3:25 AM,1224.9,RHS,Rural,Maddipadu,Rear End Collision, Car hit Lorry,Car,Grievious injury,Over speed,Four lanes or more with central divider,Straight road,,Fine,TS02UB 1959,P.V,Animals affected,0
12.09.2016,3:29 AM,1352.8,RHS,Rural,Kodavaluru,Rear End Collision, Lorry hit Tractor,Lorry,Non injury,Fault of driver of motor vehicle/driver of other vehicle/cyclist/pedestrian/passenger,Four lanes or more with central divider,Straight road,,Fine,TN34P   4965,P.V,Fatal,0
12.09.2016,3:29 AM,1352.8,RHS,Rural,Kodavaluru,Rear End Collision, Lorry hit Tractor,Lorry,Non injury,Fault of driver of motor vehicle/driver of other vehicle/cyclist/pedestrian/passenger,Four lanes or more with central divider,Straight road,,Fine,TN34P   4965,P.V,Grevious,0
12.09.2016,3:29 AM,1352.8,RHS,Rural,Kodavaluru,Rear End Collision, Lorry hit Tractor,Lorry,Non injury,Fault of driver of motor vehicle/driver of other vehicle/cyclist/pedestrian/passenger,Four lanes or more with central divider,Straight road,,Fine,TN34P   4965,P.V,Minor,0
12.09.2016,3:29 AM,1352.8,RHS,Rural,Kodavaluru,Rear End Collision, Lorry hit Tractor,Lorry,Non injury,Fault of driver of motor vehicle/driver of other vehicle/cyclist/pedestrian/passenger,Four lanes or more with central divider,Straight road,,Fine,TN34P   4965,P.V,Non injured ,1
12.09.2016,3:29 AM,1352.8,RHS,Rural,Kodavaluru,Rear End Collision, Lorry hit Tractor,Lorry,Non injury,Fault of driver of motor vehicle/driver of other vehicle/cyclist/pedestrian/passenger,Four lanes or more with central divider,Straight road,,Fine,TN34P   4965,P.V,Animals affected,0
12.09.2016,3:15 PM,1363.3,RHS,Rural,Kovuru,Collision Brush/Side Wipe, Unknown vehicle hit pedestrian,Unknown,Fatal,Over speed,Four lanes or more with central divider,Straight road,,Fine,Unknown Vehicle,P.V,Fatal,1
12.09.2016,3:15 PM,1363.3,RHS,Rural,Kovuru,Collision Brush/Side Wipe, Unknown vehicle hit pedestrian,Unknown,Fatal,Over speed,Four lanes or more with central divider,Straight road,,Fine,Unknown Vehicle,P.V,Grevious,0
12.09.2016,3:15 PM,1363.3,RHS,Rural,Kovuru,Collision Brush/Side Wipe, Unknown vehicle hit pedestrian,Unknown,Fatal,Over speed,Four lanes or more with central divider,Straight road,,Fine,Unknown Vehicle,P.V,Minor,0
12.09.2016,3:15 PM,1363.3,RHS,Rural,Kovuru,Collision Brush/Side Wipe, Unknown vehicle hit pedestrian,Unknown,Fatal,Over speed,Four lanes or more with central divider,Straight road,,Fine,Unknown Vehicle,P.V,Non injured ,0
12.09.2016,3:15 PM,1363.3,RHS,Rural,Kovuru,Collision Brush/Side Wipe, Unknown vehicle hit pedestrian,Unknown,Fatal,Over speed,Four lanes or more with central divider,Straight road,,Fine,Unknown Vehicle,P.V,Animals affected,0
13.09.2016,1:55 PM,1242.9,LHS,Rural,Ongole,Overturning, Lorry Overturned,Lorry,Non injury,Fault of driver of motor vehicle/driver of other vehicle/cyclist/pedestrian/passenger,Four lanes or more with central divider,Straight road,,Cloudy,OR05U 6872,P.V,Fatal,0
13.09.2016,1:55 PM,1242.9,LHS,Rural,Ongole,Overturning, Lorry Overturned,Lorry,Non injury,Fault of driver of motor vehicle/driver of other vehicle/cyclist/pedestrian/passenger,Four lanes or more with central divider,Straight road,,Cloudy,OR05U 6872,P.V,Grevious,0
13.09.2016,1:55 PM,1242.9,LHS,Rural,Ongole,Overturning, Lorry Overturned,Lorry,Non injury,Fault of driver of motor vehicle/driver of other vehicle/cyclist/pedestrian/passenger,Four lanes or more with central divider,Straight road,,Cloudy,OR05U 6872,P.V,Minor,0
13.09.2016,1:55 PM,1242.9,LHS,Rural,Ongole,Overturning, Lorry Overturned,Lorry,Non injury,Fault of driver of motor vehicle/driver of other vehicle/cyclist/pedestrian/passenger,Four lanes or more with central divider,Straight road,,Cloudy,OR05U 6872,P.V,Non injured ,1
13.09.2016,1:55 PM,1242.9,LHS,Rural,Ongole,Overturning, Lorry Overturned,Lorry,Non injury,Fault of driver of motor vehicle/driver of other vehicle/cyclist/pedestrian/passenger,Four lanes or more with central divider,Straight road,,Cloudy,OR05U 6872,P.V,Animals affected,0
14.09.2016,10:45 AM,1295.6,LHS,Rural,Ulavapadu,Overturning, Lorry Overturned,Lorry,Non injury,Fault of driver of motor vehicle/driver of other vehicle/cyclist/pedestrian/passenger,Four lanes or more with central divider,Straight road,,Cloudy,OD04C      0990,P.V,Fatal,0
14.09.2016,10:45 AM,1295.6,LHS,Rural,Ulavapadu,Overturning, Lorry Overturned,Lorry,Non injury,Fault of driver of motor vehicle/driver of other vehicle/cyclist/pedestrian/passenger,Four lanes or more with central divider,Straight road,,Cloudy,OD04C      0990,P.V,Grevious,0
14.09.2016,10:45 AM,1295.6,LHS,Rural,Ulavapadu,Overturning, Lorry Overturned,Lorry,Non injury,Fault of driver of motor vehicle/driver of other vehicle/cyclist/pedestrian/passenger,Four lanes or more with central divider,Straight road,,Cloudy,OD04C      0990,P.V,Minor,0
14.09.2016,10:45 AM,1295.6,LHS,Rural,Ulavapadu,Overturning, Lorry Overturned,Lorry,Non injury,Fault of driver of motor vehicle/driver of other vehicle/cyclist/pedestrian/passenger,Four lanes or more with central divider,Straight road,,Cloudy,OD04C      0990,P.V,Non injured ,1
14.09.2016,10:45 AM,1295.6,LHS,Rural,Ulavapadu,Overturning, Lorry Overturned,Lorry,Non injury,Fault of driver of motor vehicle/driver of other vehicle/cyclist/pedestrian/passenger,Four lanes or more with central divider,Straight road,,Cloudy,OD04C      0990,P.V,Animals affected,0
14.09.2016,7:45 PM,1320,RHS,Rural,Kavali,Collision Brush/Side Wipe, Car hit Buffalo,Car,Non injury,Over speed,Four lanes or more with central divider,Straight road,,Fine,AP16DC 2277,P.V,Fatal,0
14.09.2016,7:45 PM,1320,RHS,Rural,Kavali,Collision Brush/Side Wipe, Car hit Buffalo,Car,Non injury,Over speed,Four lanes or more with central divider,Straight road,,Fine,AP16DC 2277,P.V,Grevious,0
14.09.2016,7:45 PM,1320,RHS,Rural,Kavali,Collision Brush/Side Wipe, Car hit Buffalo,Car,Non injury,Over speed,Four lanes or more with central divider,Straight road,,Fine,AP16DC 2277,P.V,Minor,0
14.09.2016,7:45 PM,1320,RHS,Rural,Kavali,Collision Brush/Side Wipe, Car hit Buffalo,Car,Non injury,Over speed,Four lanes or more with central divider,Straight road,,Fine,AP16DC 2277,P.V,Non injured ,2
14.09.2016,7:45 PM,1320,RHS,Rural,Kavali,Collision Brush/Side Wipe, Car hit Buffalo,Car,Non injury,Over speed,Four lanes or more with central divider,Straight road,,Fine,AP16DC 2277,P.V,Animals affected,1
15.09.2016,4:40 AM,1287.4,LHS,Rural,Ulavapadu,Collision Brush/Side Wipe, Lorry hit CC Barriers,Lorry,Fatal,Fault of driver of motor vehicle/driver of other vehicle/cyclist/pedestrian/passenger,Two lanes,Straight road,,Fine,AP16TY   9956,P.V,Fatal,1
15.09.2016,4:40 AM,1287.4,LHS,Rural,Ulavapadu,Collision Brush/Side Wipe, Lorry hit CC Barriers,Lorry,Fatal,Fault of driver of motor vehicle/driver of other vehicle/cyclist/pedestrian/passenger,Two lanes,Straight road,,Fine,AP16TY   9956,P.V,Grevious,0
15.09.2016,4:40 AM,1287.4,LHS,Rural,Ulavapadu,Collision Brush/Side Wipe, Lorry hit CC Barriers,Lorry,Fatal,Fault of driver of motor vehicle/driver of other vehicle/cyclist/pedestrian/passenger,Two lanes,Straight road,,Fine,AP16TY   9956,P.V,Minor,0
15.09.2016,4:40 AM,1287.4,LHS,Rural,Ulavapadu,Collision Brush/Side Wipe, Lorry hit CC Barriers,Lorry,Fatal,Fault of driver of motor vehicle/driver of other vehicle/cyclist/pedestrian/passenger,Two lanes,Straight road,,Fine,AP16TY   9956,P.V,Non injured ,4
15.09.2016,4:40 AM,1287.4,LHS,Rural,Ulavapadu,Collision Brush/Side Wipe, Lorry hit CC Barriers,Lorry,Fatal,Fault of driver of motor vehicle/driver of other vehicle/cyclist/pedestrian/passenger,Two lanes,Straight road,,Fine,AP16TY   9956,P.V,Animals affected,0
15.09.2016,6:17 AM,1211.4,RHS,Rural,Reningavaram,Overturning, Container Vehicle Over Turned,Container,Non injury,Fault of driver of motor vehicle/driver of other vehicle/cyclist/pedestrian/passenger,Four lanes or more with central divider,Straight road,,Fine,NL01L  5045,P.V,Fatal,0
15.09.2016,6:17 AM,1211.4,RHS,Rural,Reningavaram,Overturning, Container Vehicle Over Turned,Container,Non injury,Fault of driver of motor vehicle/driver of other vehicle/cyclist/pedestrian/passenger,Four lanes or more with central divider,Straight road,,Fine,NL01L  5045,P.V,Grevious,0
15.09.2016,6:17 AM,1211.4,RHS,Rural,Reningavaram,Overturning, Container Vehicle Over Turned,Container,Non injury,Fault of driver of motor vehicle/driver of other vehicle/cyclist/pedestrian/passenger,Four lanes or more with central divider,Straight road,,Fine,NL01L  5045,P.V,Minor,0
15.09.2016,6:17 AM,1211.4,RHS,Rural,Reningavaram,Overturning, Container Vehicle Over Turned,Container,Non injury,Fault of driver of motor vehicle/driver of other vehicle/cyclist/pedestrian/passenger,Four lanes or more with central divider,Straight road,,Fine,NL01L  5045,P.V,Non injured ,2
15.09.2016,6:17 AM,1211.4,RHS,Rural,Reningavaram,Overturning, Container Vehicle Over Turned,Container,Non injury,Fault of driver of motor vehicle/driver of other vehicle/cyclist/pedestrian/passenger,Four lanes or more with central divider,Straight road,,Fine,NL01L  5045,P.V,Animals affected,0
15.09.2016,3:00 PM,1207.9,LHS,Rural,Reningavaram,Overturning, Pick-up Van Over Turned,Van,Non injury,Defect in mechanical condition of motor vehicle/road condition,Four lanes or more with central divider,Sharp curve,,Fine,AP26TE   3927,P.V,Fatal,0
15.09.2016,3:00 PM,1207.9,LHS,Rural,Reningavaram,Overturning, Pick-up Van Over Turned,Van,Non injury,Defect in mechanical condition of motor vehicle/road condition,Four lanes or more with central divider,Sharp curve,,Fine,AP26TE   3927,P.V,Grevious,0
15.09.2016,3:00 PM,1207.9,LHS,Rural,Reningavaram,Overturning, Pick-up Van Over Turned,Van,Non injury,Defect in mechanical condition of motor vehicle/road condition,Four lanes or more with central divider,Sharp curve,,Fine,AP26TE   3927,P.V,Minor,0
15.09.2016,3:00 PM,1207.9,LHS,Rural,Reningavaram,Overturning, Pick-up Van Over Turned,Van,Non injury,Defect in mechanical condition of motor vehicle/road condition,Four lanes or more with central divider,Sharp curve,,Fine,AP26TE   3927,P.V,Non injured ,2
15.09.2016,3:00 PM,1207.9,LHS,Rural,Reningavaram,Overturning, Pick-up Van Over Turned,Van,Non injury,Defect in mechanical condition of motor vehicle/road condition,Four lanes or more with central divider,Sharp curve,,Fine,AP26TE   3927,P.V,Animals affected,0
16.09.2016,4:46 PM,1324.7,LHS,Rural,Kavali,Overturning, Unknown Ape Auto hit CC Barrier and Ove,Unknown,Minor injury,Vehicle out of control,Four lanes or more with central divider,Straight road,,Light rain,Unknown Ape Auto,A.M.B ,Fatal,0
16.09.2016,4:46 PM,1324.7,LHS,Rural,Kavali,Overturning, Unknown Ape Auto hit CC Barrier and Ove,Unknown,Minor injury,Vehicle out of control,Four lanes or more with central divider,Straight road,,Light rain,Unknown Ape Auto,A.M.B ,Grevious,0
16.09.2016,4:46 PM,1324.7,LHS,Rural,Kavali,Overturning, Unknown Ape Auto hit CC Barrier and Ove,Unknown,Minor injury,Vehicle out of control,Four lanes or more with central divider,Straight road,,Light rain,Unknown Ape Auto,A.M.B ,Minor,2
16.09.2016,4:46 PM,1324.7,LHS,Rural,Kavali,Overturning, Unknown Ape Auto hit CC Barrier and Ove,Unknown,Minor injury,Vehicle out of control,Four lanes or more with central divider,Straight road,,Light rain,Unknown Ape Auto,A.M.B ,Non injured ,8
16.09.2016,4:46 PM,1324.7,LHS,Rural,Kavali,Overturning, Unknown Ape Auto hit CC Barrier and Ove,Unknown,Minor injury,Vehicle out of control,Four lanes or more with central divider,Straight road,,Light rain,Unknown Ape Auto,A.M.B ,Animals affected,0
18.09.2016,5:20 AM,1265.1,LHS,Rural,Tangutur,Rear End Collision, Eicher Truck hit Unknown Vehicle,Eicher,Non injury,Over speed,Four lanes or more with central divider,Straight road,,Fine,AP03TE 1435,P.V ,Fatal,0
18.09.2016,5:20 AM,1265.1,LHS,Rural,Tangutur,Rear End Collision, Eicher Truck hit Unknown Vehicle,Eicher,Non injury,Over speed,Four lanes or more with central divider,Straight road,,Fine,AP03TE 1435,P.V ,Grevious,0
18.09.2016,5:20 AM,1265.1,LHS,Rural,Tangutur,Rear End Collision, Eicher Truck hit Unknown Vehicle,Eicher,Non injury,Over speed,Four lanes or more with central divider,Straight road,,Fine,AP03TE 1435,P.V ,Minor,0
18.09.2016,5:20 AM,1265.1,LHS,Rural,Tangutur,Rear End Collision, Eicher Truck hit Unknown Vehicle,Eicher,Non injury,Over speed,Four lanes or more with central divider,Straight road,,Fine,AP03TE 1435,P.V ,Non injured ,2
18.09.2016,5:20 AM,1265.1,LHS,Rural,Tangutur,Rear End Collision, Eicher Truck hit Unknown Vehicle,Eicher,Non injury,Over speed,Four lanes or more with central divider,Straight road,,Fine,AP03TE 1435,P.V ,Animals affected,0
18.09.2016,6:53 AM,1251.6,LHS,Rural,Ongole,Overturning, Container Vehicle hit TVS XL Moped and ,Container,Grievious injury,Vehicle out of control,Four lanes or more with central divider,Straight road,,Fine,NL01Q   0588,AMB & P.V,Fatal,0
18.09.2016,6:53 AM,1251.6,LHS,Rural,Ongole,Overturning, Container Vehicle hit TVS XL Moped and ,Container,Grievious injury,Vehicle out of control,Four lanes or more with central divider,Straight road,,Fine,NL01Q   0588,AMB & P.V,Grevious,1
18.09.2016,6:53 AM,1251.6,LHS,Rural,Ongole,Overturning, Container Vehicle hit TVS XL Moped and ,Container,Grievious injury,Vehicle out of control,Four lanes or more with central divider,Straight road,,Fine,NL01Q   0588,AMB & P.V,Minor,0
18.09.2016,6:53 AM,1251.6,LHS,Rural,Ongole,Overturning, Container Vehicle hit TVS XL Moped and ,Container,Grievious injury,Vehicle out of control,Four lanes or more with central divider,Straight road,,Fine,NL01Q   0588,AMB & P.V,Non injured ,2
18.09.2016,6:53 AM,1251.6,LHS,Rural,Ongole,Overturning, Container Vehicle hit TVS XL Moped and ,Container,Grievious injury,Vehicle out of control,Four lanes or more with central divider,Straight road,,Fine,NL01Q   0588,AMB & P.V,Animals affected,0
18.09.2016,8:35 AM,1318,RHS,Rural,Kavali,Collision Brush/Side Wipe, Lorry hit Car,Lorry,Non injury,Fault of driver of motor vehicle/driver of other vehicle/cyclist/pedestrian/passenger,Two lanes,Straight road,,Fine,WB33C          1479,P.V ,Fatal,0
18.09.2016,8:35 AM,1318,RHS,Rural,Kavali,Collision Brush/Side Wipe, Lorry hit Car,Lorry,Non injury,Fault of driver of motor vehicle/driver of other vehicle/cyclist/pedestrian/passenger,Two lanes,Straight road,,Fine,WB33C          1479,P.V ,Grevious,0
18.09.2016,8:35 AM,1318,RHS,Rural,Kavali,Collision Brush/Side Wipe, Lorry hit Car,Lorry,Non injury,Fault of driver of motor vehicle/driver of other vehicle/cyclist/pedestrian/passenger,Two lanes,Straight road,,Fine,WB33C          1479,P.V ,Minor,0
18.09.2016,8:35 AM,1318,RHS,Rural,Kavali,Collision Brush/Side Wipe, Lorry hit Car,Lorry,Non injury,Fault of driver of motor vehicle/driver of other vehicle/cyclist/pedestrian/passenger,Two lanes,Straight road,,Fine,WB33C          1479,P.V ,Non injured ,5
18.09.2016,8:35 AM,1318,RHS,Rural,Kavali,Collision Brush/Side Wipe, Lorry hit Car,Lorry,Non injury,Fault of driver of motor vehicle/driver of other vehicle/cyclist/pedestrian/passenger,Two lanes,Straight road,,Fine,WB33C          1479,P.V ,Animals affected,0
18.09.2016,3:30 PM,1357.6,RHS,Rural,Kodavaluru,Rear End Collision, Lorry hit     Lorry,Lorry,Non injury,Over speed,Four lanes or more with central divider,Straight road,,Fine,TN51H   3517,P.V ,Fatal,0
18.09.2016,3:30 PM,1357.6,RHS,Rural,Kodavaluru,Rear End Collision, Lorry hit     Lorry,Lorry,Non injury,Over speed,Four lanes or more with central divider,Straight road,,Fine,TN51H   3517,P.V ,Grevious,0
18.09.2016,3:30 PM,1357.6,RHS,Rural,Kodavaluru,Rear End Collision, Lorry hit     Lorry,Lorry,Non injury,Over speed,Four lanes or more with central divider,Straight road,,Fine,TN51H   3517,P.V ,Minor,0
18.09.2016,3:30 PM,1357.6,RHS,Rural,Kodavaluru,Rear End Collision, Lorry hit     Lorry,Lorry,Non injury,Over speed,Four lanes or more with central divider,Straight road,,Fine,TN51H   3517,P.V ,Non injured ,2
18.09.2016,3:30 PM,1357.6,RHS,Rural,Kodavaluru,Rear End Collision, Lorry hit     Lorry,Lorry,Non injury,Over speed,Four lanes or more with central divider,Straight road,,Fine,TN51H   3517,P.V ,Animals affected,0