Operational date,Time of Accident,KM && M,Position,Rural/Urban,Location,Nature of Accident Position,Nature of Accident,Vehicle Involved,Type of Accident,Causes,Road Feature,Road condition,Intersection Type And Control,Weather Condition,Vehicle Responsible,Help Provided by Ambulance/Patroling Vehicle,Classification of Accident,No of Affected Persons
20.09.2016,3:40 AM,1225,RHS,Rural,Maddipadu,Collision Brush/Side Wipe, Container Vehicle hit Tanker,Container,Non injury,Fault of driver of motor vehicle/driver of other vehicle/cyclist/pedestrian/passenger,Four lanes or more with central divider,Straight road,,Fine,NL01K   7086,P.V ,Fatal,0
20.09.2016,3:40 AM,1225,RHS,Rural,Maddipadu,Collision Brush/Side Wipe, Container Vehicle hit Tanker,Container,Non injury,Fault of driver of motor vehicle/driver of other vehicle/cyclist/pedestrian/passenger,Four lanes or more with central divider,Straight road,,Fine,NL01K   7086,P.V ,Grevious,0
20.09.2016,3:40 AM,1225,RHS,Rural,Maddipadu,Collision Brush/Side Wipe, Container Vehicle hit Tanker,Container,Non injury,Fault of driver of motor vehicle/driver of other vehicle/cyclist/pedestrian/passenger,Four lanes or more with central divider,Straight road,,Fine,NL01K   7086,P.V ,Minor,0
20.09.2016,3:40 AM,1225,RHS,Rural,Maddipadu,Collision Brush/Side Wipe, Container Vehicle hit Tanker,Container,Non injury,Fault of driver of motor vehicle/driver of other vehicle/cyclist/pedestrian/passenger,Four lanes or more with central divider,Straight road,,Fine,NL01K   7086,P.V ,Non injured ,3
20.09.2016,3:40 AM,1225,RHS,Rural,Maddipadu,Collision Brush/Side Wipe, Container Vehicle hit Tanker,Container,Non injury,Fault of driver of motor vehicle/driver of other vehicle/cyclist/pedestrian/passenger,Four lanes or more with central divider,Straight road,,Fine,NL01K   7086,P.V ,Animals affected,0
20.09.2016,5:05 AM,1273.4,RHS,Rural,Singarayakonda,Collision Brush/Side Wipe, Lorry hit Yamani Travels Bus ,Lorry,Grievious injury,Over speed,Four lanes or more with central divider,Straight road,,Fine,AP27TX    3129,P.V ,Fatal,0
20.09.2016,5:05 AM,1273.4,RHS,Rural,Singarayakonda,Collision Brush/Side Wipe, Lorry hit Yamani Travels Bus ,Lorry,Grievious injury,Over speed,Four lanes or more with central divider,Straight road,,Fine,AP27TX    3129,P.V ,Grevious,1
20.09.2016,5:05 AM,1273.4,RHS,Rural,Singarayakonda,Collision Brush/Side Wipe, Lorry hit Yamani Travels Bus ,Lorry,Grievious injury,Over speed,Four lanes or more with central divider,Straight road,,Fine,AP27TX    3129,P.V ,Minor,1
20.09.2016,5:05 AM,1273.4,RHS,Rural,Singarayakonda,Collision Brush/Side Wipe, Lorry hit Yamani Travels Bus ,Lorry,Grievious injury,Over speed,Four lanes or more with central divider,Straight road,,Fine,AP27TX    3129,P.V ,Non injured ,36
20.09.2016,5:05 AM,1273.4,RHS,Rural,Singarayakonda,Collision Brush/Side Wipe, Lorry hit Yamani Travels Bus ,Lorry,Grievious injury,Over speed,Four lanes or more with central divider,Straight road,,Fine,AP27TX    3129,P.V ,Animals affected,0
20.09.2016,11:42 PM,1228,LHS,Rural,Maddipadu,Collision Brush/Side Wipe, Unknown Vehicle hit Bike,Unknown,Fatal,Over speed,Three lanes or more without central divider(median),Straight road,T-Junction,Cloudy,Unknown Vehicle,P.V ,Fatal,2
20.09.2016,11:42 PM,1228,LHS,Rural,Maddipadu,Collision Brush/Side Wipe, Unknown Vehicle hit Bike,Unknown,Fatal,Over speed,Three lanes or more without central divider(median),Straight road,T-Junction,Cloudy,Unknown Vehicle,P.V ,Grevious,0
20.09.2016,11:42 PM,1228,LHS,Rural,Maddipadu,Collision Brush/Side Wipe, Unknown Vehicle hit Bike,Unknown,Fatal,Over speed,Three lanes or more without central divider(median),Straight road,T-Junction,Cloudy,Unknown Vehicle,P.V ,Minor,0
20.09.2016,11:42 PM,1228,LHS,Rural,Maddipadu,Collision Brush/Side Wipe, Unknown Vehicle hit Bike,Unknown,Fatal,Over speed,Three lanes or more without central divider(median),Straight road,T-Junction,Cloudy,Unknown Vehicle,P.V ,Non injured ,0
20.09.2016,11:42 PM,1228,LHS,Rural,Maddipadu,Collision Brush/Side Wipe, Unknown Vehicle hit Bike,Unknown,Fatal,Over speed,Three lanes or more without central divider(median),Straight road,T-Junction,Cloudy,Unknown Vehicle,P.V ,Animals affected,0
21.09.2016,3:15 AM,1247.9,RHS,Urban,Ongole,Rear End Collision, Lorry hit Unknown Vehicle,Lorry,Grievious injury,Over speed,Three lanes or more without central divider(median),Straight road,Four arm junction,Light rain,AP29TA 6639,P.V,Fatal,0
21.09.2016,3:15 AM,1247.9,RHS,Urban,Ongole,Rear End Collision, Lorry hit Unknown Vehicle,Lorry,Grievious injury,Over speed,Three lanes or more without central divider(median),Straight road,Four arm junction,Light rain,AP29TA 6639,P.V,Grevious,1
21.09.2016,3:15 AM,1247.9,RHS,Urban,Ongole,Rear End Collision, Lorry hit Unknown Vehicle,Lorry,Grievious injury,Over speed,Three lanes or more without central divider(median),Straight road,Four arm junction,Light rain,AP29TA 6639,P.V,Minor,0
21.09.2016,3:15 AM,1247.9,RHS,Urban,Ongole,Rear End Collision, Lorry hit Unknown Vehicle,Lorry,Grievious injury,Over speed,Three lanes or more without central divider(median),Straight road,Four arm junction,Light rain,AP29TA 6639,P.V,Non injured ,1
21.09.2016,3:15 AM,1247.9,RHS,Urban,Ongole,Rear End Collision, Lorry hit Unknown Vehicle,Lorry,Grievious injury,Over speed,Three lanes or more without central divider(median),Straight road,Four arm junction,Light rain,AP29TA 6639,P.V,Animals affected,0
21.09.2016,10:40 PM,1305.8,RHS,Rural,Gudluru,Overturning, Tata Ace Vehicle Over Turned,Tata Ace,Non injury,Over speed,Four lanes or more with central divider,Straight road,,Fine,AP16TD  3118,P.V,Fatal,0
21.09.2016,10:40 PM,1305.8,RHS,Rural,Gudluru,Overturning, Tata Ace Vehicle Over Turned,Tata Ace,Non injury,Over speed,Four lanes or more with central divider,Straight road,,Fine,AP16TD  3118,P.V,Grevious,0
21.09.2016,10:40 PM,1305.8,RHS,Rural,Gudluru,Overturning, Tata Ace Vehicle Over Turned,Tata Ace,Non injury,Over speed,Four lanes or more with central divider,Straight road,,Fine,AP16TD  3118,P.V,Minor,0
21.09.2016,10:40 PM,1305.8,RHS,Rural,Gudluru,Overturning, Tata Ace Vehicle Over Turned,Tata Ace,Non injury,Over speed,Four lanes or more with central divider,Straight road,,Fine,AP16TD  3118,P.V,Non injured ,2
21.09.2016,10:40 PM,1305.8,RHS,Rural,Gudluru,Overturning, Tata Ace Vehicle Over Turned,Tata Ace,Non injury,Over speed,Four lanes or more with central divider,Straight road,,Fine,AP16TD  3118,P.V,Animals affected,0
22.09.2016,8:00 PM,1201.2,RHS,Rural,Reningavaram,Rear End Collision, Lorry hit Trailer Vehicle,Lorry,Non injury,Druken,Four lanes or more with central divider,Straight road,,Fine,KA01AC   9137,P.V,Fatal,0
22.09.2016,8:00 PM,1201.2,RHS,Rural,Reningavaram,Rear End Collision, Lorry hit Trailer Vehicle,Lorry,Non injury,Druken,Four lanes or more with central divider,Straight road,,Fine,KA01AC   9137,P.V,Grevious,0
22.09.2016,8:00 PM,1201.2,RHS,Rural,Reningavaram,Rear End Collision, Lorry hit Trailer Vehicle,Lorry,Non injury,Druken,Four lanes or more with central divider,Straight road,,Fine,KA01AC   9137,P.V,Minor,0
22.09.2016,8:00 PM,1201.2,RHS,Rural,Reningavaram,Rear End Collision, Lorry hit Trailer Vehicle,Lorry,Non injury,Druken,Four lanes or more with central divider,Straight road,,Fine,KA01AC   9137,P.V,Non injured ,3
22.09.2016,8:00 PM,1201.2,RHS,Rural,Reningavaram,Rear End Collision, Lorry hit Trailer Vehicle,Lorry,Non injury,Druken,Four lanes or more with central divider,Straight road,,Fine,KA01AC   9137,P.V,Animals affected,0
24.09.2016,8:15 AM,1257.1,LHS,Rural,Tangutur,Overturning, Lorry Overturned towards Row,Lorry,Non injury,Fault of driver of motor vehicle/driver of other vehicle/cyclist/pedestrian/passenger,Two lanes,Straight road,,Fine,WB23C  4815,P.V,Fatal,0
24.09.2016,8:15 AM,1257.1,LHS,Rural,Tangutur,Overturning, Lorry Overturned towards Row,Lorry,Non injury,Fault of driver of motor vehicle/driver of other vehicle/cyclist/pedestrian/passenger,Two lanes,Straight road,,Fine,WB23C  4815,P.V,Grevious,0
24.09.2016,8:15 AM,1257.1,LHS,Rural,Tangutur,Overturning, Lorry Overturned towards Row,Lorry,Non injury,Fault of driver of motor vehicle/driver of other vehicle/cyclist/pedestrian/passenger,Two lanes,Straight road,,Fine,WB23C  4815,P.V,Minor,0
24.09.2016,8:15 AM,1257.1,LHS,Rural,Tangutur,Overturning, Lorry Overturned towards Row,Lorry,Non injury,Fault of driver of motor vehicle/driver of other vehicle/cyclist/pedestrian/passenger,Two lanes,Straight road,,Fine,WB23C  4815,P.V,Non injured ,2
24.09.2016,8:15 AM,1257.1,LHS,Rural,Tangutur,Overturning, Lorry Overturned towards Row,Lorry,Non injury,Fault of driver of motor vehicle/driver of other vehicle/cyclist/pedestrian/passenger,Two lanes,Straight road,,Fine,WB23C  4815,P.V,Animals affected,0
25.09.2016,7:17 PM,1196.3,RHS,Rural,Martur,Overturning, Mini Truck Overturned,Lorry,Grievious injury,Defect in mechanical condition of motor vehicle/road condition,Four lanes or more with central divider,Straight road,,Fine,AP27TY  1727,AMB & P.V,Fatal,0
25.09.2016,7:17 PM,1196.3,RHS,Rural,Martur,Overturning, Mini Truck Overturned,Lorry,Grievious injury,Defect in mechanical condition of motor vehicle/road condition,Four lanes or more with central divider,Straight road,,Fine,AP27TY  1727,AMB & P.V,Grevious,1
25.09.2016,7:17 PM,1196.3,RHS,Rural,Martur,Overturning, Mini Truck Overturned,Lorry,Grievious injury,Defect in mechanical condition of motor vehicle/road condition,Four lanes or more with central divider,Straight road,,Fine,AP27TY  1727,AMB & P.V,Minor,1
25.09.2016,7:17 PM,1196.3,RHS,Rural,Martur,Overturning, Mini Truck Overturned,Lorry,Grievious injury,Defect in mechanical condition of motor vehicle/road condition,Four lanes or more with central divider,Straight road,,Fine,AP27TY  1727,AMB & P.V,Non injured ,2
25.09.2016,7:17 PM,1196.3,RHS,Rural,Martur,Overturning, Mini Truck Overturned,Lorry,Grievious injury,Defect in mechanical condition of motor vehicle/road condition,Four lanes or more with central divider,Straight road,,Fine,AP27TY  1727,AMB & P.V,Animals affected,0
25.09.2016,9:00 PM,1326,RHS,Rural,Kavali,Collision Brush/Side Wipe, Bike hit Pedestrian,Bike,Minor injury,Druken,Four lanes or more with central divider,Straight road,,Fine,AP27H   2426,AMB ,Fatal,0
25.09.2016,9:00 PM,1326,RHS,Rural,Kavali,Collision Brush/Side Wipe, Bike hit Pedestrian,Bike,Minor injury,Druken,Four lanes or more with central divider,Straight road,,Fine,AP27H   2426,AMB ,Grevious,0
25.09.2016,9:00 PM,1326,RHS,Rural,Kavali,Collision Brush/Side Wipe, Bike hit Pedestrian,Bike,Minor injury,Druken,Four lanes or more with central divider,Straight road,,Fine,AP27H   2426,AMB ,Minor,2
25.09.2016,9:00 PM,1326,RHS,Rural,Kavali,Collision Brush/Side Wipe, Bike hit Pedestrian,Bike,Minor injury,Druken,Four lanes or more with central divider,Straight road,,Fine,AP27H   2426,AMB ,Non injured ,0
25.09.2016,9:00 PM,1326,RHS,Rural,Kavali,Collision Brush/Side Wipe, Bike hit Pedestrian,Bike,Minor injury,Druken,Four lanes or more with central divider,Straight road,,Fine,AP27H   2426,AMB ,Animals affected,0
26.09.2016,10:45 AM,1248.7,RHS,Urban,Ongole,Collision Brush/Side Wipe, Car hit Buffalo,Car,Minor injury,Over speed,Four lanes or more with central divider,Straight road,,Fine,AP27TC 4599, P.V,Fatal,0
26.09.2016,10:45 AM,1248.7,RHS,Urban,Ongole,Collision Brush/Side Wipe, Car hit Buffalo,Car,Minor injury,Over speed,Four lanes or more with central divider,Straight road,,Fine,AP27TC 4599, P.V,Grevious,0
26.09.2016,10:45 AM,1248.7,RHS,Urban,Ongole,Collision Brush/Side Wipe, Car hit Buffalo,Car,Minor injury,Over speed,Four lanes or more with central divider,Straight road,,Fine,AP27TC 4599, P.V,Minor,1
26.09.2016,10:45 AM,1248.7,RHS,Urban,Ongole,Collision Brush/Side Wipe, Car hit Buffalo,Car,Minor injury,Over speed,Four lanes or more with central divider,Straight road,,Fine,AP27TC 4599, P.V,Non injured ,2
26.09.2016,10:45 AM,1248.7,RHS,Urban,Ongole,Collision Brush/Side Wipe, Car hit Buffalo,Car,Minor injury,Over speed,Four lanes or more with central divider,Straight road,,Fine,AP27TC 4599, P.V,Animals affected,1
26.09.2016,9:15 PM,1276.4,RHS,Rural,Singarayakonda,Rear End Collision, Mini Truck  hit Lorry,Lorry,Grievious injury,Over speed,Four lanes or more with central divider,Straight road,,Fine,AP07TG 8629,P.V & A.M.B,Fatal,0
26.09.2016,9:15 PM,1276.4,RHS,Rural,Singarayakonda,Rear End Collision, Mini Truck  hit Lorry,Lorry,Grievious injury,Over speed,Four lanes or more with central divider,Straight road,,Fine,AP07TG 8629,P.V & A.M.B,Grevious,1
26.09.2016,9:15 PM,1276.4,RHS,Rural,Singarayakonda,Rear End Collision, Mini Truck  hit Lorry,Lorry,Grievious injury,Over speed,Four lanes or more with central divider,Straight road,,Fine,AP07TG 8629,P.V & A.M.B,Minor,1
26.09.2016,9:15 PM,1276.4,RHS,Rural,Singarayakonda,Rear End Collision, Mini Truck  hit Lorry,Lorry,Grievious injury,Over speed,Four lanes or more with central divider,Straight road,,Fine,AP07TG 8629,P.V & A.M.B,Non injured ,2
26.09.2016,9:15 PM,1276.4,RHS,Rural,Singarayakonda,Rear End Collision, Mini Truck  hit Lorry,Lorry,Grievious injury,Over speed,Four lanes or more with central divider,Straight road,,Fine,AP07TG 8629,P.V & A.M.B,Animals affected,0
27.09.2016,7:44 AM,1362.6,LHS,Rural,Kodavaluru,Overturning, Lorry Overturned towards Row,Lorry,Grievious injury,Defect in mechanical condition of motor vehicle/road condition,Four lanes or more with central divider,Slight curve,,Fine,AP04T   6489, P.V,Fatal,0
27.09.2016,7:44 AM,1362.6,LHS,Rural,Kodavaluru,Overturning, Lorry Overturned towards Row,Lorry,Grievious injury,Defect in mechanical condition of motor vehicle/road condition,Four lanes or more with central divider,Slight curve,,Fine,AP04T   6489, P.V,Grevious,1
27.09.2016,7:44 AM,1362.6,LHS,Rural,Kodavaluru,Overturning, Lorry Overturned towards Row,Lorry,Grievious injury,Defect in mechanical condition of motor vehicle/road condition,Four lanes or more with central divider,Slight curve,,Fine,AP04T   6489, P.V,Minor,2
27.09.2016,7:44 AM,1362.6,LHS,Rural,Kodavaluru,Overturning, Lorry Overturned towards Row,Lorry,Grievious injury,Defect in mechanical condition of motor vehicle/road condition,Four lanes or more with central divider,Slight curve,,Fine,AP04T   6489, P.V,Non injured ,0
27.09.2016,7:44 AM,1362.6,LHS,Rural,Kodavaluru,Overturning, Lorry Overturned towards Row,Lorry,Grievious injury,Defect in mechanical condition of motor vehicle/road condition,Four lanes or more with central divider,Slight curve,,Fine,AP04T   6489, P.V,Animals affected,0
27.09.2016,6:28 PM,1324.3,LHS,Rural,Kavali,Collision Brush/Side Wipe, RTC Bus hit Median,Bus,Non injury,Defect in mechanical condition of motor vehicle/road condition,Four lanes or more with central divider,Straight road,,Fine,AP07TG 8484, P.V,Fatal,0
27.09.2016,6:28 PM,1324.3,LHS,Rural,Kavali,Collision Brush/Side Wipe, RTC Bus hit Median,Bus,Non injury,Defect in mechanical condition of motor vehicle/road condition,Four lanes or more with central divider,Straight road,,Fine,AP07TG 8484, P.V,Grevious,0
27.09.2016,6:28 PM,1324.3,LHS,Rural,Kavali,Collision Brush/Side Wipe, RTC Bus hit Median,Bus,Non injury,Defect in mechanical condition of motor vehicle/road condition,Four lanes or more with central divider,Straight road,,Fine,AP07TG 8484, P.V,Minor,0
27.09.2016,6:28 PM,1324.3,LHS,Rural,Kavali,Collision Brush/Side Wipe, RTC Bus hit Median,Bus,Non injury,Defect in mechanical condition of motor vehicle/road condition,Four lanes or more with central divider,Straight road,,Fine,AP07TG 8484, P.V,Non injured ,18
27.09.2016,6:28 PM,1324.3,LHS,Rural,Kavali,Collision Brush/Side Wipe, RTC Bus hit Median,Bus,Non injury,Defect in mechanical condition of motor vehicle/road condition,Four lanes or more with central divider,Straight road,,Fine,AP07TG 8484, P.V,Animals affected,0
28.09.2016,5:05 AM,1187.7,RHS,Rural,Martur,Rear End Collision, Car hit Unknown Vehicle,Car,Minor injury,Over speed,Four lanes or more with central divider,Straight road,,Fine,AP37TE  5566,P.V,Fatal,0
28.09.2016,5:05 AM,1187.7,RHS,Rural,Martur,Rear End Collision, Car hit Unknown Vehicle,Car,Minor injury,Over speed,Four lanes or more with central divider,Straight road,,Fine,AP37TE  5566,P.V,Grevious,0
28.09.2016,5:05 AM,1187.7,RHS,Rural,Martur,Rear End Collision, Car hit Unknown Vehicle,Car,Minor injury,Over speed,Four lanes or more with central divider,Straight road,,Fine,AP37TE  5566,P.V,Minor,2
28.09.2016,5:05 AM,1187.7,RHS,Rural,Martur,Rear End Collision, Car hit Unknown Vehicle,Car,Minor injury,Over speed,Four lanes or more with central divider,Straight road,,Fine,AP37TE  5566,P.V,Non injured ,0
28.09.2016,5:05 AM,1187.7,RHS,Rural,Martur,Rear End Collision, Car hit Unknown Vehicle,Car,Minor injury,Over speed,Four lanes or more with central divider,Straight road,,Fine,AP37TE  5566,P.V,Animals affected,0
29.09.2016,2:00 PM,1211.8,LHS,Rural,Medarametla,Rear End Collision, Tanker Lorry Hit Car,Tanker,Non injury,Over speed,Four lanes or more with central divider,Straight road,,Fine,AP04V  6521,P.V,Fatal,0
29.09.2016,2:00 PM,1211.8,LHS,Rural,Medarametla,Rear End Collision, Tanker Lorry Hit Car,Tanker,Non injury,Over speed,Four lanes or more with central divider,Straight road,,Fine,AP04V  6521,P.V,Grevious,0
29.09.2016,2:00 PM,1211.8,LHS,Rural,Medarametla,Rear End Collision, Tanker Lorry Hit Car,Tanker,Non injury,Over speed,Four lanes or more with central divider,Straight road,,Fine,AP04V  6521,P.V,Minor,0
29.09.2016,2:00 PM,1211.8,LHS,Rural,Medarametla,Rear End Collision, Tanker Lorry Hit Car,Tanker,Non injury,Over speed,Four lanes or more with central divider,Straight road,,Fine,AP04V  6521,P.V,Non injured ,5
29.09.2016,2:00 PM,1211.8,LHS,Rural,Medarametla,Rear End Collision, Tanker Lorry Hit Car,Tanker,Non injury,Over speed,Four lanes or more with central divider,Straight road,,Fine,AP04V  6521,P.V,Animals affected,0
29.09.2016,8:50 PM,1332.3,RHS,Rural,K.Tippa ,Overturning, Truck Over Turned,Truck,Minor injury,Over speed,Four lanes or more with central divider,Straight road,,Fine,AP26TE 6299,P.V,Fatal,0
29.09.2016,8:50 PM,1332.3,RHS,Rural,K.Tippa ,Overturning, Truck Over Turned,Truck,Minor injury,Over speed,Four lanes or more with central divider,Straight road,,Fine,AP26TE 6299,P.V,Grevious,0
29.09.2016,8:50 PM,1332.3,RHS,Rural,K.Tippa ,Overturning, Truck Over Turned,Truck,Minor injury,Over speed,Four lanes or more with central divider,Straight road,,Fine,AP26TE 6299,P.V,Minor,1
29.09.2016,8:50 PM,1332.3,RHS,Rural,K.Tippa ,Overturning, Truck Over Turned,Truck,Minor injury,Over speed,Four lanes or more with central divider,Straight road,,Fine,AP26TE 6299,P.V,Non injured ,0
29.09.2016,8:50 PM,1332.3,RHS,Rural,K.Tippa ,Overturning, Truck Over Turned,Truck,Minor injury,Over speed,Four lanes or more with central divider,Straight road,,Fine,AP26TE 6299,P.V,Animals affected,0
29.09.2016,10:00 PM,1202.5,RHS,Rural,Reningavaram,Skidding, Bike        Skidding,Bike,Minor injury,Fault of driver of motor vehicle/driver of other vehicle/cyclist/pedestrian/passenger,Two lanes,Straight road,,Fine,AP27Q   8081,AMB,Fatal,0
29.09.2016,10:00 PM,1202.5,RHS,Rural,Reningavaram,Skidding, Bike        Skidding,Bike,Minor injury,Fault of driver of motor vehicle/driver of other vehicle/cyclist/pedestrian/passenger,Two lanes,Straight road,,Fine,AP27Q   8081,AMB,Grevious,0
29.09.2016,10:00 PM,1202.5,RHS,Rural,Reningavaram,Skidding, Bike        Skidding,Bike,Minor injury,Fault of driver of motor vehicle/driver of other vehicle/cyclist/pedestrian/passenger,Two lanes,Straight road,,Fine,AP27Q   8081,AMB,Minor,1
29.09.2016,10:00 PM,1202.5,RHS,Rural,Reningavaram,Skidding, Bike        Skidding,Bike,Minor injury,Fault of driver of motor vehicle/driver of other vehicle/cyclist/pedestrian/passenger,Two lanes,Straight road,,Fine,AP27Q   8081,AMB,Non injured ,1
29.09.2016,10:00 PM,1202.5,RHS,Rural,Reningavaram,Skidding, Bike        Skidding,Bike,Minor injury,Fault of driver of motor vehicle/driver of other vehicle/cyclist/pedestrian/passenger,Two lanes,Straight road,,Fine,AP27Q   8081,AMB,Animals affected,0
30.09.2016,11:15 AM,1254.8,LHS,Rural,Ongole,Collision Brush/Side Wipe, Car hit Tractor,Car,Grievious injury,Over speed,Four lanes or more with central divider,Straight road,,Fine,AP26 F/R Car,AMB,Fatal,0
30.09.2016,11:15 AM,1254.8,LHS,Rural,Ongole,Collision Brush/Side Wipe, Car hit Tractor,Car,Grievious injury,Over speed,Four lanes or more with central divider,Straight road,,Fine,AP26 F/R Car,AMB,Grevious,1
30.09.2016,11:15 AM,1254.8,LHS,Rural,Ongole,Collision Brush/Side Wipe, Car hit Tractor,Car,Grievious injury,Over speed,Four lanes or more with central divider,Straight road,,Fine,AP26 F/R Car,AMB,Minor,2
30.09.2016,11:15 AM,1254.8,LHS,Rural,Ongole,Collision Brush/Side Wipe, Car hit Tractor,Car,Grievious injury,Over speed,Four lanes or more with central divider,Straight road,,Fine,AP26 F/R Car,AMB,Non injured ,1
30.09.2016,11:15 AM,1254.8,LHS,Rural,Ongole,Collision Brush/Side Wipe, Car hit Tractor,Car,Grievious injury,Over speed,Four lanes or more with central divider,Straight road,,Fine,AP26 F/R Car,AMB,Animals affected,0
30.09.2016,1:50 PM,1339,RHS,Rural,Dagadarthi,Skidding, Bike        Skidding,Bike,Minor injury,Druken,Four lanes or more with central divider,Straight road,,Fine,AP26AA   8406,AMB,Fatal,0
30.09.2016,1:50 PM,1339,RHS,Rural,Dagadarthi,Skidding, Bike        Skidding,Bike,Minor injury,Druken,Four lanes or more with central divider,Straight road,,Fine,AP26AA   8406,AMB,Grevious,0
30.09.2016,1:50 PM,1339,RHS,Rural,Dagadarthi,Skidding, Bike        Skidding,Bike,Minor injury,Druken,Four lanes or more with central divider,Straight road,,Fine,AP26AA   8406,AMB,Minor,1
30.09.2016,1:50 PM,1339,RHS,Rural,Dagadarthi,Skidding, Bike        Skidding,Bike,Minor injury,Druken,Four lanes or more with central divider,Straight road,,Fine,AP26AA   8406,AMB,Non injured ,0
30.09.2016,1:50 PM,1339,RHS,Rural,Dagadarthi,Skidding, Bike        Skidding,Bike,Minor injury,Druken,Four lanes or more with central divider,Straight road,,Fine,AP26AA   8406,AMB,Animals affected,0
01.10.2016,11:30 AM,1200,LHS,Rural,Martur,Rear End Collision, Lorry hit Car,Lorry,Non injury,Defect in mechanical condition of motor vehicle/road condition,Four lanes or more with central divider,Straight road,,Fine,AP35V       8484,P.V,Fatal,0
01.10.2016,11:30 AM,1200,LHS,Rural,Martur,Rear End Collision, Lorry hit Car,Lorry,Non injury,Defect in mechanical condition of motor vehicle/road condition,Four lanes or more with central divider,Straight road,,Fine,AP35V       8484,P.V,Grevious,0
01.10.2016,11:30 AM,1200,LHS,Rural,Martur,Rear End Collision, Lorry hit Car,Lorry,Non injury,Defect in mechanical condition of motor vehicle/road condition,Four lanes or more with central divider,Straight road,,Fine,AP35V       8484,P.V,Minor,0
01.10.2016,11:30 AM,1200,LHS,Rural,Martur,Rear End Collision, Lorry hit Car,Lorry,Non injury,Defect in mechanical condition of motor vehicle/road condition,Four lanes or more with central divider,Straight road,,Fine,AP35V       8484,P.V,Non injured ,5
01.10.2016,11:30 AM,1200,LHS,Rural,Martur,Rear End Collision, Lorry hit Car,Lorry,Non injury,Defect in mechanical condition of motor vehicle/road condition,Four lanes or more with central divider,Straight road,,Fine,AP35V       8484,P.V,Animals affected,0
02.10.2016,3:45 AM,1290.6,LHS,Rural,Ulavapadu,Collision Brush/Side Wipe, Container Vehicle hit Lorry,Container,Non injury,Fault of driver of motor vehicle/driver of other vehicle/cyclist/pedestrian/passenger,Four lanes or more with central divider,Straight road,,Fine,AP27X    6570,P.V,Fatal,0
02.10.2016,3:45 AM,1290.6,LHS,Rural,Ulavapadu,Collision Brush/Side Wipe, Container Vehicle hit Lorry,Container,Non injury,Fault of driver of motor vehicle/driver of other vehicle/cyclist/pedestrian/passenger,Four lanes or more with central divider,Straight road,,Fine,AP27X    6570,P.V,Grevious,0
02.10.2016,3:45 AM,1290.6,LHS,Rural,Ulavapadu,Collision Brush/Side Wipe, Container Vehicle hit Lorry,Container,Non injury,Fault of driver of motor vehicle/driver of other vehicle/cyclist/pedestrian/passenger,Four lanes or more with central divider,Straight road,,Fine,AP27X    6570,P.V,Minor,0
02.10.2016,3:45 AM,1290.6,LHS,Rural,Ulavapadu,Collision Brush/Side Wipe, Container Vehicle hit Lorry,Container,Non injury,Fault of driver of motor vehicle/driver of other vehicle/cyclist/pedestrian/passenger,Four lanes or more with central divider,Straight road,,Fine,AP27X    6570,P.V,Non injured ,2
02.10.2016,3:45 AM,1290.6,LHS,Rural,Ulavapadu,Collision Brush/Side Wipe, Container Vehicle hit Lorry,Container,Non injury,Fault of driver of motor vehicle/driver of other vehicle/cyclist/pedestrian/passenger,Four lanes or more with central divider,Straight road,,Fine,AP27X    6570,P.V,Animals affected,0
02.10.2016,3:50 AM,1315.4,LHS,Rural,Kavali,Rear End Collision, Container Vehicle hit Lorry,Container,Non injury,Fault of driver of motor vehicle/driver of other vehicle/cyclist/pedestrian/passenger,Four lanes or more with central divider,Straight road,,Fine,AP27TU   4757,P.V,Fatal,0
02.10.2016,3:50 AM,1315.4,LHS,Rural,Kavali,Rear End Collision, Container Vehicle hit Lorry,Container,Non injury,Fault of driver of motor vehicle/driver of other vehicle/cyclist/pedestrian/passenger,Four lanes or more with central divider,Straight road,,Fine,AP27TU   4757,P.V,Grevious,0
02.10.2016,3:50 AM,1315.4,LHS,Rural,Kavali,Rear End Collision, Container Vehicle hit Lorry,Container,Non injury,Fault of driver of motor vehicle/driver of other vehicle/cyclist/pedestrian/passenger,Four lanes or more with central divider,Straight road,,Fine,AP27TU   4757,P.V,Minor,0
02.10.2016,3:50 AM,1315.4,LHS,Rural,Kavali,Rear End Collision, Container Vehicle hit Lorry,Container,Non injury,Fault of driver of motor vehicle/driver of other vehicle/cyclist/pedestrian/passenger,Four lanes or more with central divider,Straight road,,Fine,AP27TU   4757,P.V,Non injured ,3
02.10.2016,3:50 AM,1315.4,LHS,Rural,Kavali,Rear End Collision, Container Vehicle hit Lorry,Container,Non injury,Fault of driver of motor vehicle/driver of other vehicle/cyclist/pedestrian/passenger,Four lanes or more with central divider,Straight road,,Fine,AP27TU   4757,P.V,Animals affected,0
02.10.2016,8:40 PM,1281.4,LHS,Rural,Singarayakonda,Collision Brush/Side Wipe, Lorry hit Lorry,Lorry,Grievious injury,Over speed,Four lanes or more with central divider,Straight road,,Fine,TN18C   3874,P.V,Fatal,0
02.10.2016,8:40 PM,1281.4,LHS,Rural,Singarayakonda,Collision Brush/Side Wipe, Lorry hit Lorry,Lorry,Grievious injury,Over speed,Four lanes or more with central divider,Straight road,,Fine,TN18C   3874,P.V,Grevious,1