Operational date,Time of Accident,KM && M,Position,Rural/Urban,Location,Nature of Accident Position,Nature of Accident,Vehicle Involved,Type of Accident,Causes,Road Feature,Road condition,Intersection Type And Control,Weather Condition,Vehicle Responsible,Help Provided by Ambulance/Patroling Vehicle,Classification of Accident,No of Affected Persons
02.10.2016,8:40 PM,1281.4,LHS,Rural,Singarayakonda,Collision Brush/Side Wipe, Lorry hit Lorry,Lorry,Grievious injury,Over speed,Four lanes or more with central divider,Straight road,,Fine,TN18C   3874,P.V,Minor,1
02.10.2016,8:40 PM,1281.4,LHS,Rural,Singarayakonda,Collision Brush/Side Wipe, Lorry hit Lorry,Lorry,Grievious injury,Over speed,Four lanes or more with central divider,Straight road,,Fine,TN18C   3874,P.V,Non injured ,4
02.10.2016,8:40 PM,1281.4,LHS,Rural,Singarayakonda,Collision Brush/Side Wipe, Lorry hit Lorry,Lorry,Grievious injury,Over speed,Four lanes or more with central divider,Straight road,,Fine,TN18C   3874,P.V,Animals affected,0
03.10.2016,2:45 AM,1234.4,LHS,Rural,Maddipadu,Collision Brush/Side Wipe, Lorry hit RTC Bus,Lorry,Grievious injury,Fault of driver of motor vehicle/driver of other vehicle/cyclist/pedestrian/passenger,Four lanes or more with central divider,Straight road,,Fine,WB33C  3304,A.M.B & P.V,Fatal,0
03.10.2016,2:45 AM,1234.4,LHS,Rural,Maddipadu,Collision Brush/Side Wipe, Lorry hit RTC Bus,Lorry,Grievious injury,Fault of driver of motor vehicle/driver of other vehicle/cyclist/pedestrian/passenger,Four lanes or more with central divider,Straight road,,Fine,WB33C  3304,A.M.B & P.V,Grevious,4
03.10.2016,2:45 AM,1234.4,LHS,Rural,Maddipadu,Collision Brush/Side Wipe, Lorry hit RTC Bus,Lorry,Grievious injury,Fault of driver of motor vehicle/driver of other vehicle/cyclist/pedestrian/passenger,Four lanes or more with central divider,Straight road,,Fine,WB33C  3304,A.M.B & P.V,Minor,1
03.10.2016,2:45 AM,1234.4,LHS,Rural,Maddipadu,Collision Brush/Side Wipe, Lorry hit RTC Bus,Lorry,Grievious injury,Fault of driver of motor vehicle/driver of other vehicle/cyclist/pedestrian/passenger,Four lanes or more with central divider,Straight road,,Fine,WB33C  3304,A.M.B & P.V,Non injured ,39
03.10.2016,2:45 AM,1234.4,LHS,Rural,Maddipadu,Collision Brush/Side Wipe, Lorry hit RTC Bus,Lorry,Grievious injury,Fault of driver of motor vehicle/driver of other vehicle/cyclist/pedestrian/passenger,Four lanes or more with central divider,Straight road,,Fine,WB33C  3304,A.M.B & P.V,Animals affected,0
03.10.2016,6:10 AM,1236.3,LHS,Rural,Maddipadu,Rear End Collision, Lorry hit Lorry,Lorry,Non injury,Fault of driver of motor vehicle/driver of other vehicle/cyclist/pedestrian/passenger,Four lanes or more with central divider,Straight road,,Fine,AP26TD 4017,P.V,Fatal,0
03.10.2016,6:10 AM,1236.3,LHS,Rural,Maddipadu,Rear End Collision, Lorry hit Lorry,Lorry,Non injury,Fault of driver of motor vehicle/driver of other vehicle/cyclist/pedestrian/passenger,Four lanes or more with central divider,Straight road,,Fine,AP26TD 4017,P.V,Grevious,0
03.10.2016,6:10 AM,1236.3,LHS,Rural,Maddipadu,Rear End Collision, Lorry hit Lorry,Lorry,Non injury,Fault of driver of motor vehicle/driver of other vehicle/cyclist/pedestrian/passenger,Four lanes or more with central divider,Straight road,,Fine,AP26TD 4017,P.V,Minor,0
03.10.2016,6:10 AM,1236.3,LHS,Rural,Maddipadu,Rear End Collision, Lorry hit Lorry,Lorry,Non injury,Fault of driver of motor vehicle/driver of other vehicle/cyclist/pedestrian/passenger,Four lanes or more with central divider,Straight road,,Fine,AP26TD 4017,P.V,Non injured ,3
03.10.2016,6:10 AM,1236.3,LHS,Rural,Maddipadu,Rear End Collision, Lorry hit Lorry,Lorry,Non injury,Fault of driver of motor vehicle/driver of other vehicle/cyclist/pedestrian/passenger,Four lanes or more with central divider,Straight road,,Fine,AP26TD 4017,P.V,Animals affected,0
03.10.2016,6:25 AM,1352.6,LHS,Rural,Kodavaluru,Rear End Collision,RTC Bus hit  Container vehicle ,Bus,Grievious injury,Over speed,Four lanes or more with central divider,Straight road,,Fine,AP26TE   3249,A.M.B & P.V,Fatal,0
03.10.2016,6:25 AM,1352.6,LHS,Rural,Kodavaluru,Rear End Collision,RTC Bus hit  Container vehicle ,Bus,Grievious injury,Over speed,Four lanes or more with central divider,Straight road,,Fine,AP26TE   3249,A.M.B & P.V,Grevious,2
03.10.2016,6:25 AM,1352.6,LHS,Rural,Kodavaluru,Rear End Collision,RTC Bus hit  Container vehicle ,Bus,Grievious injury,Over speed,Four lanes or more with central divider,Straight road,,Fine,AP26TE   3249,A.M.B & P.V,Minor,3
03.10.2016,6:25 AM,1352.6,LHS,Rural,Kodavaluru,Rear End Collision,RTC Bus hit  Container vehicle ,Bus,Grievious injury,Over speed,Four lanes or more with central divider,Straight road,,Fine,AP26TE   3249,A.M.B & P.V,Non injured ,0
03.10.2016,6:25 AM,1352.6,LHS,Rural,Kodavaluru,Rear End Collision,RTC Bus hit  Container vehicle ,Bus,Grievious injury,Over speed,Four lanes or more with central divider,Straight road,,Fine,AP26TE   3249,A.M.B & P.V,Animals affected,0
03.10.2016,12:00 PM,1201.8,LHS,Rural,Reningavaram,Overturning, Mini Truck  Over Turned,Lorry,Minor injury,Vehicle out of control,Four lanes or more with central divider,Straight road,,Heavy rain,AP26TE   0289,A.M.B & P.V,Fatal,0
03.10.2016,12:00 PM,1201.8,LHS,Rural,Reningavaram,Overturning, Mini Truck  Over Turned,Lorry,Minor injury,Vehicle out of control,Four lanes or more with central divider,Straight road,,Heavy rain,AP26TE   0289,A.M.B & P.V,Grevious,0
03.10.2016,12:00 PM,1201.8,LHS,Rural,Reningavaram,Overturning, Mini Truck  Over Turned,Lorry,Minor injury,Vehicle out of control,Four lanes or more with central divider,Straight road,,Heavy rain,AP26TE   0289,A.M.B & P.V,Minor,1
03.10.2016,12:00 PM,1201.8,LHS,Rural,Reningavaram,Overturning, Mini Truck  Over Turned,Lorry,Minor injury,Vehicle out of control,Four lanes or more with central divider,Straight road,,Heavy rain,AP26TE   0289,A.M.B & P.V,Non injured ,0
03.10.2016,12:00 PM,1201.8,LHS,Rural,Reningavaram,Overturning, Mini Truck  Over Turned,Lorry,Minor injury,Vehicle out of control,Four lanes or more with central divider,Straight road,,Heavy rain,AP26TE   0289,A.M.B & P.V,Animals affected,0
05.10.2016,4:10 AM,1292.6,LHS,Rural,Ulavapadu,Rear End Collision, Mini Truck  hit Unknown Vehicle,Lorry,Fatal,Fault of driver of motor vehicle/driver of other vehicle/cyclist/pedestrian/passenger,Four lanes or more with central divider,Slight curve,,Fine,AP29TB 5928,P.V,Fatal,1
05.10.2016,4:10 AM,1292.6,LHS,Rural,Ulavapadu,Rear End Collision, Mini Truck  hit Unknown Vehicle,Lorry,Fatal,Fault of driver of motor vehicle/driver of other vehicle/cyclist/pedestrian/passenger,Four lanes or more with central divider,Slight curve,,Fine,AP29TB 5928,P.V,Grevious,0
05.10.2016,4:10 AM,1292.6,LHS,Rural,Ulavapadu,Rear End Collision, Mini Truck  hit Unknown Vehicle,Lorry,Fatal,Fault of driver of motor vehicle/driver of other vehicle/cyclist/pedestrian/passenger,Four lanes or more with central divider,Slight curve,,Fine,AP29TB 5928,P.V,Minor,0
05.10.2016,4:10 AM,1292.6,LHS,Rural,Ulavapadu,Rear End Collision, Mini Truck  hit Unknown Vehicle,Lorry,Fatal,Fault of driver of motor vehicle/driver of other vehicle/cyclist/pedestrian/passenger,Four lanes or more with central divider,Slight curve,,Fine,AP29TB 5928,P.V,Non injured ,4
05.10.2016,4:10 AM,1292.6,LHS,Rural,Ulavapadu,Rear End Collision, Mini Truck  hit Unknown Vehicle,Lorry,Fatal,Fault of driver of motor vehicle/driver of other vehicle/cyclist/pedestrian/passenger,Four lanes or more with central divider,Slight curve,,Fine,AP29TB 5928,P.V,Animals affected,0
05.10.2016,6:15 AM,1294.2,LHS,Rural,Ulavapadu,Collision Brush/Side Wipe, Unknown Vehicle hit Pedestrian,Unknown,Fatal,Over speed,Four lanes or more with central divider,Straight road,,Fine,Unknown Vehicle,P.V,Fatal,1
05.10.2016,6:15 AM,1294.2,LHS,Rural,Ulavapadu,Collision Brush/Side Wipe, Unknown Vehicle hit Pedestrian,Unknown,Fatal,Over speed,Four lanes or more with central divider,Straight road,,Fine,Unknown Vehicle,P.V,Grevious,0
05.10.2016,6:15 AM,1294.2,LHS,Rural,Ulavapadu,Collision Brush/Side Wipe, Unknown Vehicle hit Pedestrian,Unknown,Fatal,Over speed,Four lanes or more with central divider,Straight road,,Fine,Unknown Vehicle,P.V,Minor,0
05.10.2016,6:15 AM,1294.2,LHS,Rural,Ulavapadu,Collision Brush/Side Wipe, Unknown Vehicle hit Pedestrian,Unknown,Fatal,Over speed,Four lanes or more with central divider,Straight road,,Fine,Unknown Vehicle,P.V,Non injured ,0
05.10.2016,6:15 AM,1294.2,LHS,Rural,Ulavapadu,Collision Brush/Side Wipe, Unknown Vehicle hit Pedestrian,Unknown,Fatal,Over speed,Four lanes or more with central divider,Straight road,,Fine,Unknown Vehicle,P.V,Animals affected,0
06.10.2016,5:45 AM,1204.5,RHS,Rural,Reningavaram,Skidding, Bike skidding,Bike,Grievious injury,Over speed,Four lanes or more with central divider,Straight road,,Light rain,AP27L  5701,A.M.B & P.V,Fatal,0
06.10.2016,5:45 AM,1204.5,RHS,Rural,Reningavaram,Skidding, Bike skidding,Bike,Grievious injury,Over speed,Four lanes or more with central divider,Straight road,,Light rain,AP27L  5701,A.M.B & P.V,Grevious,1
06.10.2016,5:45 AM,1204.5,RHS,Rural,Reningavaram,Skidding, Bike skidding,Bike,Grievious injury,Over speed,Four lanes or more with central divider,Straight road,,Light rain,AP27L  5701,A.M.B & P.V,Minor,0
06.10.2016,5:45 AM,1204.5,RHS,Rural,Reningavaram,Skidding, Bike skidding,Bike,Grievious injury,Over speed,Four lanes or more with central divider,Straight road,,Light rain,AP27L  5701,A.M.B & P.V,Non injured ,0
06.10.2016,5:45 AM,1204.5,RHS,Rural,Reningavaram,Skidding, Bike skidding,Bike,Grievious injury,Over speed,Four lanes or more with central divider,Straight road,,Light rain,AP27L  5701,A.M.B & P.V,Animals affected,0
06.10.2016,11:25 AM,1365.8,RHS,Rural,Kovuru,Rear End Collision, Lorry hit Lorry,Lorry,Grievious injury,Over speed,Four lanes or more with central divider,Straight road,,Fine,AP26Y  8269,P.V,Fatal,0
06.10.2016,11:25 AM,1365.8,RHS,Rural,Kovuru,Rear End Collision, Lorry hit Lorry,Lorry,Grievious injury,Over speed,Four lanes or more with central divider,Straight road,,Fine,AP26Y  8269,P.V,Grevious,1
06.10.2016,11:25 AM,1365.8,RHS,Rural,Kovuru,Rear End Collision, Lorry hit Lorry,Lorry,Grievious injury,Over speed,Four lanes or more with central divider,Straight road,,Fine,AP26Y  8269,P.V,Minor,0
06.10.2016,11:25 AM,1365.8,RHS,Rural,Kovuru,Rear End Collision, Lorry hit Lorry,Lorry,Grievious injury,Over speed,Four lanes or more with central divider,Straight road,,Fine,AP26Y  8269,P.V,Non injured ,1
06.10.2016,11:25 AM,1365.8,RHS,Rural,Kovuru,Rear End Collision, Lorry hit Lorry,Lorry,Grievious injury,Over speed,Four lanes or more with central divider,Straight road,,Fine,AP26Y  8269,P.V,Animals affected,0
06.10.2016,1:15 PM,1236.5,RHS,Rural,Maddipadu,Others(p1.Specific), Pillion rider saree got entangled in re,Pillion rider,Fatal,Fault of driver of motor vehicle/driver of other vehicle/cyclist/pedestrian/passenger,Four lanes or more with central divider,Straight road,,Fine,AP27BA  2103,P.V,Fatal,1
06.10.2016,1:15 PM,1236.5,RHS,Rural,Maddipadu,Others(p1.Specific), Pillion rider saree got entangled in re,Pillion rider,Fatal,Fault of driver of motor vehicle/driver of other vehicle/cyclist/pedestrian/passenger,Four lanes or more with central divider,Straight road,,Fine,AP27BA  2103,P.V,Grevious,0
06.10.2016,1:15 PM,1236.5,RHS,Rural,Maddipadu,Others(p1.Specific), Pillion rider saree got entangled in re,Pillion rider,Fatal,Fault of driver of motor vehicle/driver of other vehicle/cyclist/pedestrian/passenger,Four lanes or more with central divider,Straight road,,Fine,AP27BA  2103,P.V,Minor,0
06.10.2016,1:15 PM,1236.5,RHS,Rural,Maddipadu,Others(p1.Specific), Pillion rider saree got entangled in re,Pillion rider,Fatal,Fault of driver of motor vehicle/driver of other vehicle/cyclist/pedestrian/passenger,Four lanes or more with central divider,Straight road,,Fine,AP27BA  2103,P.V,Non injured ,1
06.10.2016,1:15 PM,1236.5,RHS,Rural,Maddipadu,Others(p1.Specific), Pillion rider saree got entangled in re,Pillion rider,Fatal,Fault of driver of motor vehicle/driver of other vehicle/cyclist/pedestrian/passenger,Four lanes or more with central divider,Straight road,,Fine,AP27BA  2103,P.V,Animals affected,0
07.10.2016,2:30 PM,1241.7,LHS,Rural,Ongole,Collision Brush/Side Wipe, Bike hit Median,Bike,Fatal,Over speed,Four lanes or more with central divider,Straight road,,Fine,AP27BG  2831, P.V,Fatal,1
07.10.2016,2:30 PM,1241.7,LHS,Rural,Ongole,Collision Brush/Side Wipe, Bike hit Median,Bike,Fatal,Over speed,Four lanes or more with central divider,Straight road,,Fine,AP27BG  2831, P.V,Grevious,1
07.10.2016,2:30 PM,1241.7,LHS,Rural,Ongole,Collision Brush/Side Wipe, Bike hit Median,Bike,Fatal,Over speed,Four lanes or more with central divider,Straight road,,Fine,AP27BG  2831, P.V,Minor,0
07.10.2016,2:30 PM,1241.7,LHS,Rural,Ongole,Collision Brush/Side Wipe, Bike hit Median,Bike,Fatal,Over speed,Four lanes or more with central divider,Straight road,,Fine,AP27BG  2831, P.V,Non injured ,0
07.10.2016,2:30 PM,1241.7,LHS,Rural,Ongole,Collision Brush/Side Wipe, Bike hit Median,Bike,Fatal,Over speed,Four lanes or more with central divider,Straight road,,Fine,AP27BG  2831, P.V,Animals affected,0
08.10.2016,2:35 AM,1318.3,RHS,Rural,Kavali,Overturning, Lorry Overturned towards Row,Lorry,Minor injury,Fault of driver of motor vehicle/driver of other vehicle/cyclist/pedestrian/passenger,Four lanes or more with central divider,Straight road,,Fine,TN29AV 4281,A.M.B & P.V,Fatal,0
08.10.2016,2:35 AM,1318.3,RHS,Rural,Kavali,Overturning, Lorry Overturned towards Row,Lorry,Minor injury,Fault of driver of motor vehicle/driver of other vehicle/cyclist/pedestrian/passenger,Four lanes or more with central divider,Straight road,,Fine,TN29AV 4281,A.M.B & P.V,Grevious,0
08.10.2016,2:35 AM,1318.3,RHS,Rural,Kavali,Overturning, Lorry Overturned towards Row,Lorry,Minor injury,Fault of driver of motor vehicle/driver of other vehicle/cyclist/pedestrian/passenger,Four lanes or more with central divider,Straight road,,Fine,TN29AV 4281,A.M.B & P.V,Minor,1
08.10.2016,2:35 AM,1318.3,RHS,Rural,Kavali,Overturning, Lorry Overturned towards Row,Lorry,Minor injury,Fault of driver of motor vehicle/driver of other vehicle/cyclist/pedestrian/passenger,Four lanes or more with central divider,Straight road,,Fine,TN29AV 4281,A.M.B & P.V,Non injured ,1
08.10.2016,2:35 AM,1318.3,RHS,Rural,Kavali,Overturning, Lorry Overturned towards Row,Lorry,Minor injury,Fault of driver of motor vehicle/driver of other vehicle/cyclist/pedestrian/passenger,Four lanes or more with central divider,Straight road,,Fine,TN29AV 4281,A.M.B & P.V,Animals affected,0
08.10.2016,4:10 AM,1306.1,RHS,Rural,Gudluru,Collision Brush/Side Wipe, Bike  hit Unknown Vehicle,Bike,Minor injury,Over speed,Four lanes or more with central divider,Straight road,,Fine,TN05AV 4068,P.V,Fatal,0
08.10.2016,4:10 AM,1306.1,RHS,Rural,Gudluru,Collision Brush/Side Wipe, Bike  hit Unknown Vehicle,Bike,Minor injury,Over speed,Four lanes or more with central divider,Straight road,,Fine,TN05AV 4068,P.V,Grevious,0
08.10.2016,4:10 AM,1306.1,RHS,Rural,Gudluru,Collision Brush/Side Wipe, Bike  hit Unknown Vehicle,Bike,Minor injury,Over speed,Four lanes or more with central divider,Straight road,,Fine,TN05AV 4068,P.V,Minor,2
08.10.2016,4:10 AM,1306.1,RHS,Rural,Gudluru,Collision Brush/Side Wipe, Bike  hit Unknown Vehicle,Bike,Minor injury,Over speed,Four lanes or more with central divider,Straight road,,Fine,TN05AV 4068,P.V,Non injured ,0
08.10.2016,4:10 AM,1306.1,RHS,Rural,Gudluru,Collision Brush/Side Wipe, Bike  hit Unknown Vehicle,Bike,Minor injury,Over speed,Four lanes or more with central divider,Straight road,,Fine,TN05AV 4068,P.V,Animals affected,0
08.10.2016,6:35 PM,1202.4,LHS,Rural,Reningavaram,Collision Brush/Side Wipe, Unknown Vehicle hit Sheeps,Unknown,Non injury,Over speed,Four lanes or more with central divider,Straight road,,Fine,Unknown Vehicle,P.V,Fatal,0
08.10.2016,6:35 PM,1202.4,LHS,Rural,Reningavaram,Collision Brush/Side Wipe, Unknown Vehicle hit Sheeps,Unknown,Non injury,Over speed,Four lanes or more with central divider,Straight road,,Fine,Unknown Vehicle,P.V,Grevious,0
08.10.2016,6:35 PM,1202.4,LHS,Rural,Reningavaram,Collision Brush/Side Wipe, Unknown Vehicle hit Sheeps,Unknown,Non injury,Over speed,Four lanes or more with central divider,Straight road,,Fine,Unknown Vehicle,P.V,Minor,0
08.10.2016,6:35 PM,1202.4,LHS,Rural,Reningavaram,Collision Brush/Side Wipe, Unknown Vehicle hit Sheeps,Unknown,Non injury,Over speed,Four lanes or more with central divider,Straight road,,Fine,Unknown Vehicle,P.V,Non injured ,0
08.10.2016,6:35 PM,1202.4,LHS,Rural,Reningavaram,Collision Brush/Side Wipe, Unknown Vehicle hit Sheeps,Unknown,Non injury,Over speed,Four lanes or more with central divider,Straight road,,Fine,Unknown Vehicle,P.V,Animals affected,13
08.10.2016,9:05 PM,1269.2,LHS,Rural,Tangutur,Collision Brush/Side Wipe, Unknown Vehicle hit Bike,Unknown,Grievious injury,Over speed,Four lanes or more with central divider,Straight road,,Fine,Unknown Vehicle,A.M.B ,Fatal,0
08.10.2016,9:05 PM,1269.2,LHS,Rural,Tangutur,Collision Brush/Side Wipe, Unknown Vehicle hit Bike,Unknown,Grievious injury,Over speed,Four lanes or more with central divider,Straight road,,Fine,Unknown Vehicle,A.M.B ,Grevious,1
08.10.2016,9:05 PM,1269.2,LHS,Rural,Tangutur,Collision Brush/Side Wipe, Unknown Vehicle hit Bike,Unknown,Grievious injury,Over speed,Four lanes or more with central divider,Straight road,,Fine,Unknown Vehicle,A.M.B ,Minor,0
08.10.2016,9:05 PM,1269.2,LHS,Rural,Tangutur,Collision Brush/Side Wipe, Unknown Vehicle hit Bike,Unknown,Grievious injury,Over speed,Four lanes or more with central divider,Straight road,,Fine,Unknown Vehicle,A.M.B ,Non injured ,0
08.10.2016,9:05 PM,1269.2,LHS,Rural,Tangutur,Collision Brush/Side Wipe, Unknown Vehicle hit Bike,Unknown,Grievious injury,Over speed,Four lanes or more with central divider,Straight road,,Fine,Unknown Vehicle,A.M.B ,Animals affected,0
10.10.2016,12:02 AM,1342,RHS,Rural,Dagadarthi,Rear End Collision, Lorry hit ROB bridge wall,Lorry,Non injury,Fault of driver of motor vehicle/driver of other vehicle/cyclist/pedestrian/passenger,Four lanes or more with central divider,Straight road,,Fine,TN52X  3728, P.V,Fatal,0
10.10.2016,12:02 AM,1342,RHS,Rural,Dagadarthi,Rear End Collision, Lorry hit ROB bridge wall,Lorry,Non injury,Fault of driver of motor vehicle/driver of other vehicle/cyclist/pedestrian/passenger,Four lanes or more with central divider,Straight road,,Fine,TN52X  3728, P.V,Grevious,0
10.10.2016,12:02 AM,1342,RHS,Rural,Dagadarthi,Rear End Collision, Lorry hit ROB bridge wall,Lorry,Non injury,Fault of driver of motor vehicle/driver of other vehicle/cyclist/pedestrian/passenger,Four lanes or more with central divider,Straight road,,Fine,TN52X  3728, P.V,Minor,0
10.10.2016,12:02 AM,1342,RHS,Rural,Dagadarthi,Rear End Collision, Lorry hit ROB bridge wall,Lorry,Non injury,Fault of driver of motor vehicle/driver of other vehicle/cyclist/pedestrian/passenger,Four lanes or more with central divider,Straight road,,Fine,TN52X  3728, P.V,Non injured ,2
10.10.2016,12:02 AM,1342,RHS,Rural,Dagadarthi,Rear End Collision, Lorry hit ROB bridge wall,Lorry,Non injury,Fault of driver of motor vehicle/driver of other vehicle/cyclist/pedestrian/passenger,Four lanes or more with central divider,Straight road,,Fine,TN52X  3728, P.V,Animals affected,0
10.10.2016,3:30 PM,1223,LHS,Rural,Medarametla,Others(p1.Specific), Car burnt,Car,Non injury,Defect in mechanical condition of motor vehicle/road condition,Two lanes,Straight road,,Fine,AP09TX  2233,P.V,Fatal,0
10.10.2016,3:30 PM,1223,LHS,Rural,Medarametla,Others(p1.Specific), Car burnt,Car,Non injury,Defect in mechanical condition of motor vehicle/road condition,Two lanes,Straight road,,Fine,AP09TX  2233,P.V,Grevious,0
10.10.2016,3:30 PM,1223,LHS,Rural,Medarametla,Others(p1.Specific), Car burnt,Car,Non injury,Defect in mechanical condition of motor vehicle/road condition,Two lanes,Straight road,,Fine,AP09TX  2233,P.V,Minor,0
10.10.2016,3:30 PM,1223,LHS,Rural,Medarametla,Others(p1.Specific), Car burnt,Car,Non injury,Defect in mechanical condition of motor vehicle/road condition,Two lanes,Straight road,,Fine,AP09TX  2233,P.V,Non injured ,3
10.10.2016,3:30 PM,1223,LHS,Rural,Medarametla,Others(p1.Specific), Car burnt,Car,Non injury,Defect in mechanical condition of motor vehicle/road condition,Two lanes,Straight road,,Fine,AP09TX  2233,P.V,Animals affected,0
10.10.2016,9:25 PM,1210.9,LHS,Rural,Reningavaram,Overturning, Mini Lorry Overturned,Lorry,Minor injury,Over speed,Four lanes or more with central divider,Straight road,,Fine,AP16TG  3408,P.V,Fatal,0
10.10.2016,9:25 PM,1210.9,LHS,Rural,Reningavaram,Overturning, Mini Lorry Overturned,Lorry,Minor injury,Over speed,Four lanes or more with central divider,Straight road,,Fine,AP16TG  3408,P.V,Grevious,0
10.10.2016,9:25 PM,1210.9,LHS,Rural,Reningavaram,Overturning, Mini Lorry Overturned,Lorry,Minor injury,Over speed,Four lanes or more with central divider,Straight road,,Fine,AP16TG  3408,P.V,Minor,1
10.10.2016,9:25 PM,1210.9,LHS,Rural,Reningavaram,Overturning, Mini Lorry Overturned,Lorry,Minor injury,Over speed,Four lanes or more with central divider,Straight road,,Fine,AP16TG  3408,P.V,Non injured ,1
10.10.2016,9:25 PM,1210.9,LHS,Rural,Reningavaram,Overturning, Mini Lorry Overturned,Lorry,Minor injury,Over speed,Four lanes or more with central divider,Straight road,,Fine,AP16TG  3408,P.V,Animals affected,0
10.10.2016,11:28 PM,1220.8,RHS,Rural,Medarametla,Overturning, Lorry             Overturned towards RO,Lorry,Minor injury,Over speed,Four lanes or more with central divider,Straight road,,Fine,AP16TC  2337,A.M.B & P.V,Fatal,0
10.10.2016,11:28 PM,1220.8,RHS,Rural,Medarametla,Overturning, Lorry             Overturned towards RO,Lorry,Minor injury,Over speed,Four lanes or more with central divider,Straight road,,Fine,AP16TC  2337,A.M.B & P.V,Grevious,0
10.10.2016,11:28 PM,1220.8,RHS,Rural,Medarametla,Overturning, Lorry             Overturned towards RO,Lorry,Minor injury,Over speed,Four lanes or more with central divider,Straight road,,Fine,AP16TC  2337,A.M.B & P.V,Minor,1
10.10.2016,11:28 PM,1220.8,RHS,Rural,Medarametla,Overturning, Lorry             Overturned towards RO,Lorry,Minor injury,Over speed,Four lanes or more with central divider,Straight road,,Fine,AP16TC  2337,A.M.B & P.V,Non injured ,1
10.10.2016,11:28 PM,1220.8,RHS,Rural,Medarametla,Overturning, Lorry             Overturned towards RO,Lorry,Minor injury,Over speed,Four lanes or more with central divider,Straight road,,Fine,AP16TC  2337,A.M.B & P.V,Animals affected,0
11.10.2016,2:40 AM,1228.8,LHS,Rural,Maddipadu,Collision Brush/Side Wipe, Car hit CC Barrier,Car,Non injury,Over speed,Four lanes or more with central divider,Straight road,,Fine,AP07CM  6525,P.V,Fatal,0
11.10.2016,2:40 AM,1228.8,LHS,Rural,Maddipadu,Collision Brush/Side Wipe, Car hit CC Barrier,Car,Non injury,Over speed,Four lanes or more with central divider,Straight road,,Fine,AP07CM  6525,P.V,Grevious,0
11.10.2016,2:40 AM,1228.8,LHS,Rural,Maddipadu,Collision Brush/Side Wipe, Car hit CC Barrier,Car,Non injury,Over speed,Four lanes or more with central divider,Straight road,,Fine,AP07CM  6525,P.V,Minor,0
11.10.2016,2:40 AM,1228.8,LHS,Rural,Maddipadu,Collision Brush/Side Wipe, Car hit CC Barrier,Car,Non injury,Over speed,Four lanes or more with central divider,Straight road,,Fine,AP07CM  6525,P.V,Non injured ,5
11.10.2016,2:40 AM,1228.8,LHS,Rural,Maddipadu,Collision Brush/Side Wipe, Car hit CC Barrier,Car,Non injury,Over speed,Four lanes or more with central divider,Straight road,,Fine,AP07CM  6525,P.V,Animals affected,0
11.10.2016,4:10 PM,1352.6,RHS,Rural,Kodavaluru,Collision Brush/Side Wipe, Bike  hit median,Bike,Grievious injury,Druken,Four lanes or more with central divider,Straight road,,Fine,F/R Bike,A.M.B & P.V,Fatal,0
11.10.2016,4:10 PM,1352.6,RHS,Rural,Kodavaluru,Collision Brush/Side Wipe, Bike  hit median,Bike,Grievious injury,Druken,Four lanes or more with central divider,Straight road,,Fine,F/R Bike,A.M.B & P.V,Grevious,1
11.10.2016,4:10 PM,1352.6,RHS,Rural,Kodavaluru,Collision Brush/Side Wipe, Bike  hit median,Bike,Grievious injury,Druken,Four lanes or more with central divider,Straight road,,Fine,F/R Bike,A.M.B & P.V,Minor,0
11.10.2016,4:10 PM,1352.6,RHS,Rural,Kodavaluru,Collision Brush/Side Wipe, Bike  hit median,Bike,Grievious injury,Druken,Four lanes or more with central divider,Straight road,,Fine,F/R Bike,A.M.B & P.V,Non injured ,0
11.10.2016,4:10 PM,1352.6,RHS,Rural,Kodavaluru,Collision Brush/Side Wipe, Bike  hit median,Bike,Grievious injury,Druken,Four lanes or more with central divider,Straight road,,Fine,F/R Bike,A.M.B & P.V,Animals affected,0
12.10.2016,4:45 AM,1300.4,RHS,Rural,Gudluru,Collision Brush/Side Wipe, Unknown Vehile hit     Buffelo,Unknown,Non injury,Over speed,Four lanes or more with central divider,Straight road,,Fine,Unknown Vehicle,P.V,Fatal,0
12.10.2016,4:45 AM,1300.4,RHS,Rural,Gudluru,Collision Brush/Side Wipe, Unknown Vehile hit     Buffelo,Unknown,Non injury,Over speed,Four lanes or more with central divider,Straight road,,Fine,Unknown Vehicle,P.V,Grevious,0
12.10.2016,4:45 AM,1300.4,RHS,Rural,Gudluru,Collision Brush/Side Wipe, Unknown Vehile hit     Buffelo,Unknown,Non injury,Over speed,Four lanes or more with central divider,Straight road,,Fine,Unknown Vehicle,P.V,Minor,0
12.10.2016,4:45 AM,1300.4,RHS,Rural,Gudluru,Collision Brush/Side Wipe, Unknown Vehile hit     Buffelo,Unknown,Non injury,Over speed,Four lanes or more with central divider,Straight road,,Fine,Unknown Vehicle,P.V,Non injured ,0
12.10.2016,4:45 AM,1300.4,RHS,Rural,Gudluru,Collision Brush/Side Wipe, Unknown Vehile hit     Buffelo,Unknown,Non injury,Over speed,Four lanes or more with central divider,Straight road,,Fine,Unknown Vehicle,P.V,Animals affected,1
12.10.2016,6:32 PM,1264,LHS,Rural,Tangutur,Head on collision, Bike hit        Bike,Bike,Minor injury,Fault of driver of motor vehicle/driver of other vehicle/cyclist/pedestrian/passenger,Four lanes or more with central divider,Straight road,,Fine,AP27AL   2670,AMB,Fatal,0
12.10.2016,6:32 PM,1264,LHS,Rural,Tangutur,Head on collision, Bike hit        Bike,Bike,Minor injury,Fault of driver of motor vehicle/driver of other vehicle/cyclist/pedestrian/passenger,Four lanes or more with central divider,Straight road,,Fine,AP27AL   2670,AMB,Grevious,0