Operational date,Time of Accident,KM && M,Position,Rural/Urban,Location,Nature of Accident Position,Nature of Accident,Vehicle Involved,Type of Accident,Causes,Road Feature,Road condition,Intersection Type And Control,Weather Condition,Vehicle Responsible,Help Provided by Ambulance/Patroling Vehicle,Classification of Accident,No of Affected Persons
12.10.2016,6:32 PM,1264,LHS,Rural,Tangutur,Head on collision, Bike hit        Bike,Bike,Minor injury,Fault of driver of motor vehicle/driver of other vehicle/cyclist/pedestrian/passenger,Four lanes or more with central divider,Straight road,,Fine,AP27AL   2670,AMB,Minor,3
12.10.2016,6:32 PM,1264,LHS,Rural,Tangutur,Head on collision, Bike hit        Bike,Bike,Minor injury,Fault of driver of motor vehicle/driver of other vehicle/cyclist/pedestrian/passenger,Four lanes or more with central divider,Straight road,,Fine,AP27AL   2670,AMB,Non injured ,0
12.10.2016,6:32 PM,1264,LHS,Rural,Tangutur,Head on collision, Bike hit        Bike,Bike,Minor injury,Fault of driver of motor vehicle/driver of other vehicle/cyclist/pedestrian/passenger,Four lanes or more with central divider,Straight road,,Fine,AP27AL   2670,AMB,Animals affected,0
12.10.2016,7:00 PM,1354.1,RHS,Rural,Kodavaluru,Collision Brush/Side Wipe, Car hit Bike,Car,Minor injury,Over speed,Four lanes or more with central divider,Straight road,,Fine,AP27BC  0145,AMB,Fatal,0
12.10.2016,7:00 PM,1354.1,RHS,Rural,Kodavaluru,Collision Brush/Side Wipe, Car hit Bike,Car,Minor injury,Over speed,Four lanes or more with central divider,Straight road,,Fine,AP27BC  0145,AMB,Grevious,1
12.10.2016,7:00 PM,1354.1,RHS,Rural,Kodavaluru,Collision Brush/Side Wipe, Car hit Bike,Car,Minor injury,Over speed,Four lanes or more with central divider,Straight road,,Fine,AP27BC  0145,AMB,Minor,0
12.10.2016,7:00 PM,1354.1,RHS,Rural,Kodavaluru,Collision Brush/Side Wipe, Car hit Bike,Car,Minor injury,Over speed,Four lanes or more with central divider,Straight road,,Fine,AP27BC  0145,AMB,Non injured ,2
12.10.2016,7:00 PM,1354.1,RHS,Rural,Kodavaluru,Collision Brush/Side Wipe, Car hit Bike,Car,Minor injury,Over speed,Four lanes or more with central divider,Straight road,,Fine,AP27BC  0145,AMB,Animals affected,0
12.10.2016,8:15 PM,1254.6,LHS,Rural,Ongole,Head on collision, Car hit Jeep,Car,Minor injury,Fault of driver of motor vehicle/driver of other vehicle/cyclist/pedestrian/passenger,Four lanes or more with central divider,Straight road,,Fine,AP11AK  6444,P.V,Fatal,0
12.10.2016,8:15 PM,1254.6,LHS,Rural,Ongole,Head on collision, Car hit Jeep,Car,Minor injury,Fault of driver of motor vehicle/driver of other vehicle/cyclist/pedestrian/passenger,Four lanes or more with central divider,Straight road,,Fine,AP11AK  6444,P.V,Grevious,0
12.10.2016,8:15 PM,1254.6,LHS,Rural,Ongole,Head on collision, Car hit Jeep,Car,Minor injury,Fault of driver of motor vehicle/driver of other vehicle/cyclist/pedestrian/passenger,Four lanes or more with central divider,Straight road,,Fine,AP11AK  6444,P.V,Minor,1
12.10.2016,8:15 PM,1254.6,LHS,Rural,Ongole,Head on collision, Car hit Jeep,Car,Minor injury,Fault of driver of motor vehicle/driver of other vehicle/cyclist/pedestrian/passenger,Four lanes or more with central divider,Straight road,,Fine,AP11AK  6444,P.V,Non injured ,5
12.10.2016,8:15 PM,1254.6,LHS,Rural,Ongole,Head on collision, Car hit Jeep,Car,Minor injury,Fault of driver of motor vehicle/driver of other vehicle/cyclist/pedestrian/passenger,Four lanes or more with central divider,Straight road,,Fine,AP11AK  6444,P.V,Animals affected,0
12.10.2016,10:00 PM,1273,RHS,Rural,Singarayakonda,Others(p1.Specific), Car burnt,Car,Non injury,Defect in mechanical condition of motor vehicle/road condition,Four lanes or more with central divider,Straight road,,Fine,AP09BX  7031,P.V,Fatal,0
12.10.2016,10:00 PM,1273,RHS,Rural,Singarayakonda,Others(p1.Specific), Car burnt,Car,Non injury,Defect in mechanical condition of motor vehicle/road condition,Four lanes or more with central divider,Straight road,,Fine,AP09BX  7031,P.V,Grevious,0
12.10.2016,10:00 PM,1273,RHS,Rural,Singarayakonda,Others(p1.Specific), Car burnt,Car,Non injury,Defect in mechanical condition of motor vehicle/road condition,Four lanes or more with central divider,Straight road,,Fine,AP09BX  7031,P.V,Minor,0
12.10.2016,10:00 PM,1273,RHS,Rural,Singarayakonda,Others(p1.Specific), Car burnt,Car,Non injury,Defect in mechanical condition of motor vehicle/road condition,Four lanes or more with central divider,Straight road,,Fine,AP09BX  7031,P.V,Non injured ,3
12.10.2016,10:00 PM,1273,RHS,Rural,Singarayakonda,Others(p1.Specific), Car burnt,Car,Non injury,Defect in mechanical condition of motor vehicle/road condition,Four lanes or more with central divider,Straight road,,Fine,AP09BX  7031,P.V,Animals affected,0
13.10.2016,7:30 AM,1203.8,LHS,Rural,Reningavaram,Collision Brush/Side Wipe, Highway Police patrolling Car hit Lorry,Car,Non injury,Fault of driver of motor vehicle/driver of other vehicle/cyclist/pedestrian/passenger,Four lanes or more with central divider,Straight road,,Fine,AP18P   0745, P.V,Fatal,0
13.10.2016,7:30 AM,1203.8,LHS,Rural,Reningavaram,Collision Brush/Side Wipe, Highway Police patrolling Car hit Lorry,Car,Non injury,Fault of driver of motor vehicle/driver of other vehicle/cyclist/pedestrian/passenger,Four lanes or more with central divider,Straight road,,Fine,AP18P   0745, P.V,Grevious,0
13.10.2016,7:30 AM,1203.8,LHS,Rural,Reningavaram,Collision Brush/Side Wipe, Highway Police patrolling Car hit Lorry,Car,Non injury,Fault of driver of motor vehicle/driver of other vehicle/cyclist/pedestrian/passenger,Four lanes or more with central divider,Straight road,,Fine,AP18P   0745, P.V,Minor,0
13.10.2016,7:30 AM,1203.8,LHS,Rural,Reningavaram,Collision Brush/Side Wipe, Highway Police patrolling Car hit Lorry,Car,Non injury,Fault of driver of motor vehicle/driver of other vehicle/cyclist/pedestrian/passenger,Four lanes or more with central divider,Straight road,,Fine,AP18P   0745, P.V,Non injured ,3
13.10.2016,7:30 AM,1203.8,LHS,Rural,Reningavaram,Collision Brush/Side Wipe, Highway Police patrolling Car hit Lorry,Car,Non injury,Fault of driver of motor vehicle/driver of other vehicle/cyclist/pedestrian/passenger,Four lanes or more with central divider,Straight road,,Fine,AP18P   0745, P.V,Animals affected,0
15.10.2016,4:49 AM,1247.8,LHS,Urban,Ongole,Rear End Collision, Lorry hit Unknown Vehile ,Lorry,Grievious injury,Fault of driver of motor vehicle/driver of other vehicle/cyclist/pedestrian/passenger,Four lanes or more with central divider,Straight road,Four arm junction,Fine,TN52C    4071,P.V,Fatal,0
15.10.2016,4:49 AM,1247.8,LHS,Urban,Ongole,Rear End Collision, Lorry hit Unknown Vehile ,Lorry,Grievious injury,Fault of driver of motor vehicle/driver of other vehicle/cyclist/pedestrian/passenger,Four lanes or more with central divider,Straight road,Four arm junction,Fine,TN52C    4071,P.V,Grevious,1
15.10.2016,4:49 AM,1247.8,LHS,Urban,Ongole,Rear End Collision, Lorry hit Unknown Vehile ,Lorry,Grievious injury,Fault of driver of motor vehicle/driver of other vehicle/cyclist/pedestrian/passenger,Four lanes or more with central divider,Straight road,Four arm junction,Fine,TN52C    4071,P.V,Minor,0
15.10.2016,4:49 AM,1247.8,LHS,Urban,Ongole,Rear End Collision, Lorry hit Unknown Vehile ,Lorry,Grievious injury,Fault of driver of motor vehicle/driver of other vehicle/cyclist/pedestrian/passenger,Four lanes or more with central divider,Straight road,Four arm junction,Fine,TN52C    4071,P.V,Non injured ,0
15.10.2016,4:49 AM,1247.8,LHS,Urban,Ongole,Rear End Collision, Lorry hit Unknown Vehile ,Lorry,Grievious injury,Fault of driver of motor vehicle/driver of other vehicle/cyclist/pedestrian/passenger,Four lanes or more with central divider,Straight road,Four arm junction,Fine,TN52C    4071,P.V,Animals affected,0
15.10.2016,1:55 PM,1366.4,RHS,Rural,Kovuru,Collision Brush/Side Wipe, Lorry hit      Bike ,Lorry,Fatal,Fault of driver of motor vehicle/driver of other vehicle/cyclist/pedestrian/passenger,Four lanes or more with central divider,Straight road,T-Junction,Fine,TN37CW 1532,P.V,Fatal,1
15.10.2016,1:55 PM,1366.4,RHS,Rural,Kovuru,Collision Brush/Side Wipe, Lorry hit      Bike ,Lorry,Fatal,Fault of driver of motor vehicle/driver of other vehicle/cyclist/pedestrian/passenger,Four lanes or more with central divider,Straight road,T-Junction,Fine,TN37CW 1532,P.V,Grevious,0
15.10.2016,1:55 PM,1366.4,RHS,Rural,Kovuru,Collision Brush/Side Wipe, Lorry hit      Bike ,Lorry,Fatal,Fault of driver of motor vehicle/driver of other vehicle/cyclist/pedestrian/passenger,Four lanes or more with central divider,Straight road,T-Junction,Fine,TN37CW 1532,P.V,Minor,0
15.10.2016,1:55 PM,1366.4,RHS,Rural,Kovuru,Collision Brush/Side Wipe, Lorry hit      Bike ,Lorry,Fatal,Fault of driver of motor vehicle/driver of other vehicle/cyclist/pedestrian/passenger,Four lanes or more with central divider,Straight road,T-Junction,Fine,TN37CW 1532,P.V,Non injured ,1
15.10.2016,1:55 PM,1366.4,RHS,Rural,Kovuru,Collision Brush/Side Wipe, Lorry hit      Bike ,Lorry,Fatal,Fault of driver of motor vehicle/driver of other vehicle/cyclist/pedestrian/passenger,Four lanes or more with central divider,Straight road,T-Junction,Fine,TN37CW 1532,P.V,Animals affected,0
16.10.2016,4:45 PM,1354.5,RHS,Rural,Kodavaluru,Overturning, Car  Over Turned,Car,Non injury,Over speed,Four lanes or more with central divider,Slight curve,,Fine,AP07BV 1314,P.V,Fatal,0
16.10.2016,4:45 PM,1354.5,RHS,Rural,Kodavaluru,Overturning, Car  Over Turned,Car,Non injury,Over speed,Four lanes or more with central divider,Slight curve,,Fine,AP07BV 1314,P.V,Grevious,0
16.10.2016,4:45 PM,1354.5,RHS,Rural,Kodavaluru,Overturning, Car  Over Turned,Car,Non injury,Over speed,Four lanes or more with central divider,Slight curve,,Fine,AP07BV 1314,P.V,Minor,0
16.10.2016,4:45 PM,1354.5,RHS,Rural,Kodavaluru,Overturning, Car  Over Turned,Car,Non injury,Over speed,Four lanes or more with central divider,Slight curve,,Fine,AP07BV 1314,P.V,Non injured ,5
16.10.2016,4:45 PM,1354.5,RHS,Rural,Kodavaluru,Overturning, Car  Over Turned,Car,Non injury,Over speed,Four lanes or more with central divider,Slight curve,,Fine,AP07BV 1314,P.V,Animals affected,0
16.10.2016,5:55 PM,1343.6,RHS,Rural,Dagadarthi,Collision Brush/Side Wipe, Unknown Vehicle hit Village Girl,Unknown,Fatal,Over speed,Four lanes or more with central divider,Straight road,T-Junction,Fine,Unknown Vehicle,P.V,Fatal,1
16.10.2016,5:55 PM,1343.6,RHS,Rural,Dagadarthi,Collision Brush/Side Wipe, Unknown Vehicle hit Village Girl,Unknown,Fatal,Over speed,Four lanes or more with central divider,Straight road,T-Junction,Fine,Unknown Vehicle,P.V,Grevious,0
16.10.2016,5:55 PM,1343.6,RHS,Rural,Dagadarthi,Collision Brush/Side Wipe, Unknown Vehicle hit Village Girl,Unknown,Fatal,Over speed,Four lanes or more with central divider,Straight road,T-Junction,Fine,Unknown Vehicle,P.V,Minor,0
16.10.2016,5:55 PM,1343.6,RHS,Rural,Dagadarthi,Collision Brush/Side Wipe, Unknown Vehicle hit Village Girl,Unknown,Fatal,Over speed,Four lanes or more with central divider,Straight road,T-Junction,Fine,Unknown Vehicle,P.V,Non injured ,0
16.10.2016,5:55 PM,1343.6,RHS,Rural,Dagadarthi,Collision Brush/Side Wipe, Unknown Vehicle hit Village Girl,Unknown,Fatal,Over speed,Four lanes or more with central divider,Straight road,T-Junction,Fine,Unknown Vehicle,P.V,Animals affected,0
17.10.2016,10:50 AM,1326,LHS,Rural,Kavali,Collision Brush/Side Wipe, Car hit         Bike ,Car,Minor injury,Over speed,Four lanes or more with central divider,Straight road,,Fine,AP03AE  3690,AMB,Fatal,0
17.10.2016,10:50 AM,1326,LHS,Rural,Kavali,Collision Brush/Side Wipe, Car hit         Bike ,Car,Minor injury,Over speed,Four lanes or more with central divider,Straight road,,Fine,AP03AE  3690,AMB,Grevious,0
17.10.2016,10:50 AM,1326,LHS,Rural,Kavali,Collision Brush/Side Wipe, Car hit         Bike ,Car,Minor injury,Over speed,Four lanes or more with central divider,Straight road,,Fine,AP03AE  3690,AMB,Minor,2
17.10.2016,10:50 AM,1326,LHS,Rural,Kavali,Collision Brush/Side Wipe, Car hit         Bike ,Car,Minor injury,Over speed,Four lanes or more with central divider,Straight road,,Fine,AP03AE  3690,AMB,Non injured ,1
17.10.2016,10:50 AM,1326,LHS,Rural,Kavali,Collision Brush/Side Wipe, Car hit         Bike ,Car,Minor injury,Over speed,Four lanes or more with central divider,Straight road,,Fine,AP03AE  3690,AMB,Animals affected,0
17.10.2016,6:00 PM,1228.9,LHS,Rural,Maddipadu,Collision Brush/Side Wipe, Car hit CC Barrier,Car,Non injury,Over speed,Four lanes or more with central divider,Straight road,,Fine,AP07 BD  5313,P.V,Fatal,0
17.10.2016,6:00 PM,1228.9,LHS,Rural,Maddipadu,Collision Brush/Side Wipe, Car hit CC Barrier,Car,Non injury,Over speed,Four lanes or more with central divider,Straight road,,Fine,AP07 BD  5313,P.V,Grevious,0
17.10.2016,6:00 PM,1228.9,LHS,Rural,Maddipadu,Collision Brush/Side Wipe, Car hit CC Barrier,Car,Non injury,Over speed,Four lanes or more with central divider,Straight road,,Fine,AP07 BD  5313,P.V,Minor,0
17.10.2016,6:00 PM,1228.9,LHS,Rural,Maddipadu,Collision Brush/Side Wipe, Car hit CC Barrier,Car,Non injury,Over speed,Four lanes or more with central divider,Straight road,,Fine,AP07 BD  5313,P.V,Non injured ,1
17.10.2016,6:00 PM,1228.9,LHS,Rural,Maddipadu,Collision Brush/Side Wipe, Car hit CC Barrier,Car,Non injury,Over speed,Four lanes or more with central divider,Straight road,,Fine,AP07 BD  5313,P.V,Animals affected,0
18.10.2016,7:33 AM,1206.4,RHS,Rural,Reningavaram,Head on collision, Bike hit        TVSXL  Moped,Bike,Grievious injury,Fault of driver of motor vehicle/driver of other vehicle/cyclist/pedestrian/passenger,Four lanes or more with central divider,Straight road,,Fine,RJ 02CS  4367,A.M.B & P.V,Fatal,0
18.10.2016,7:33 AM,1206.4,RHS,Rural,Reningavaram,Head on collision, Bike hit        TVSXL  Moped,Bike,Grievious injury,Fault of driver of motor vehicle/driver of other vehicle/cyclist/pedestrian/passenger,Four lanes or more with central divider,Straight road,,Fine,RJ 02CS  4367,A.M.B & P.V,Grevious,1
18.10.2016,7:33 AM,1206.4,RHS,Rural,Reningavaram,Head on collision, Bike hit        TVSXL  Moped,Bike,Grievious injury,Fault of driver of motor vehicle/driver of other vehicle/cyclist/pedestrian/passenger,Four lanes or more with central divider,Straight road,,Fine,RJ 02CS  4367,A.M.B & P.V,Minor,1
18.10.2016,7:33 AM,1206.4,RHS,Rural,Reningavaram,Head on collision, Bike hit        TVSXL  Moped,Bike,Grievious injury,Fault of driver of motor vehicle/driver of other vehicle/cyclist/pedestrian/passenger,Four lanes or more with central divider,Straight road,,Fine,RJ 02CS  4367,A.M.B & P.V,Non injured ,0
18.10.2016,7:33 AM,1206.4,RHS,Rural,Reningavaram,Head on collision, Bike hit        TVSXL  Moped,Bike,Grievious injury,Fault of driver of motor vehicle/driver of other vehicle/cyclist/pedestrian/passenger,Four lanes or more with central divider,Straight road,,Fine,RJ 02CS  4367,A.M.B & P.V,Animals affected,0
19.10.2016,7:32 AM,1346.7,LHS,Rural,Dagadarthi,Rear End Collision, Lorry hit Unknown vehicle,Lorry,Grievious injury,Over speed,Four lanes or more with central divider,Straight road,,Fine,AP16TD  9159,A.M.B & P.V,Fatal,0
19.10.2016,7:32 AM,1346.7,LHS,Rural,Dagadarthi,Rear End Collision, Lorry hit Unknown vehicle,Lorry,Grievious injury,Over speed,Four lanes or more with central divider,Straight road,,Fine,AP16TD  9159,A.M.B & P.V,Grevious,1
19.10.2016,7:32 AM,1346.7,LHS,Rural,Dagadarthi,Rear End Collision, Lorry hit Unknown vehicle,Lorry,Grievious injury,Over speed,Four lanes or more with central divider,Straight road,,Fine,AP16TD  9159,A.M.B & P.V,Minor,0
19.10.2016,7:32 AM,1346.7,LHS,Rural,Dagadarthi,Rear End Collision, Lorry hit Unknown vehicle,Lorry,Grievious injury,Over speed,Four lanes or more with central divider,Straight road,,Fine,AP16TD  9159,A.M.B & P.V,Non injured ,1
19.10.2016,7:32 AM,1346.7,LHS,Rural,Dagadarthi,Rear End Collision, Lorry hit Unknown vehicle,Lorry,Grievious injury,Over speed,Four lanes or more with central divider,Straight road,,Fine,AP16TD  9159,A.M.B & P.V,Animals affected,0
19.10.2016,4:15 PM,1192,LHS,Rural,Martur,Collision Brush/Side Wipe, Lorry hit School Bus,Lorry,Non injury,Fault of driver of motor vehicle/driver of other vehicle/cyclist/pedestrian/passenger,Two lanes,Straight road,,Fine,GJ03BT  1055,P.V,Fatal,0
19.10.2016,4:15 PM,1192,LHS,Rural,Martur,Collision Brush/Side Wipe, Lorry hit School Bus,Lorry,Non injury,Fault of driver of motor vehicle/driver of other vehicle/cyclist/pedestrian/passenger,Two lanes,Straight road,,Fine,GJ03BT  1055,P.V,Grevious,0
19.10.2016,4:15 PM,1192,LHS,Rural,Martur,Collision Brush/Side Wipe, Lorry hit School Bus,Lorry,Non injury,Fault of driver of motor vehicle/driver of other vehicle/cyclist/pedestrian/passenger,Two lanes,Straight road,,Fine,GJ03BT  1055,P.V,Minor,0
19.10.2016,4:15 PM,1192,LHS,Rural,Martur,Collision Brush/Side Wipe, Lorry hit School Bus,Lorry,Non injury,Fault of driver of motor vehicle/driver of other vehicle/cyclist/pedestrian/passenger,Two lanes,Straight road,,Fine,GJ03BT  1055,P.V,Non injured ,2
19.10.2016,4:15 PM,1192,LHS,Rural,Martur,Collision Brush/Side Wipe, Lorry hit School Bus,Lorry,Non injury,Fault of driver of motor vehicle/driver of other vehicle/cyclist/pedestrian/passenger,Two lanes,Straight road,,Fine,GJ03BT  1055,P.V,Animals affected,0
20.10.2016,12:35 AM,1222.9,LHS,Rural,Medarametla,Collision Brush/Side Wipe, Lorry hit  Median,Lorry,Non injury,Fault of driver of motor vehicle/driver of other vehicle/cyclist/pedestrian/passenger,Four lanes or more with central divider,Slight curve,,Fine,AP26TA 4888, P.V,Fatal,0
20.10.2016,12:35 AM,1222.9,LHS,Rural,Medarametla,Collision Brush/Side Wipe, Lorry hit  Median,Lorry,Non injury,Fault of driver of motor vehicle/driver of other vehicle/cyclist/pedestrian/passenger,Four lanes or more with central divider,Slight curve,,Fine,AP26TA 4888, P.V,Grevious,0
20.10.2016,12:35 AM,1222.9,LHS,Rural,Medarametla,Collision Brush/Side Wipe, Lorry hit  Median,Lorry,Non injury,Fault of driver of motor vehicle/driver of other vehicle/cyclist/pedestrian/passenger,Four lanes or more with central divider,Slight curve,,Fine,AP26TA 4888, P.V,Minor,0
20.10.2016,12:35 AM,1222.9,LHS,Rural,Medarametla,Collision Brush/Side Wipe, Lorry hit  Median,Lorry,Non injury,Fault of driver of motor vehicle/driver of other vehicle/cyclist/pedestrian/passenger,Four lanes or more with central divider,Slight curve,,Fine,AP26TA 4888, P.V,Non injured ,2
20.10.2016,12:35 AM,1222.9,LHS,Rural,Medarametla,Collision Brush/Side Wipe, Lorry hit  Median,Lorry,Non injury,Fault of driver of motor vehicle/driver of other vehicle/cyclist/pedestrian/passenger,Four lanes or more with central divider,Slight curve,,Fine,AP26TA 4888, P.V,Animals affected,0
21.10.2016,12:10 AM,1338.4,RHS,Rural,K.Tippa ,Rear End Collision, Oil Tanker hit Container,Tanker,Minor injury,Over speed,Four lanes or more with central divider,Straight road,,Fine,AP26TV  4777, P.V& AMB,Fatal,0
21.10.2016,12:10 AM,1338.4,RHS,Rural,K.Tippa ,Rear End Collision, Oil Tanker hit Container,Tanker,Minor injury,Over speed,Four lanes or more with central divider,Straight road,,Fine,AP26TV  4777, P.V& AMB,Grevious,0
21.10.2016,12:10 AM,1338.4,RHS,Rural,K.Tippa ,Rear End Collision, Oil Tanker hit Container,Tanker,Minor injury,Over speed,Four lanes or more with central divider,Straight road,,Fine,AP26TV  4777, P.V& AMB,Minor,2
21.10.2016,12:10 AM,1338.4,RHS,Rural,K.Tippa ,Rear End Collision, Oil Tanker hit Container,Tanker,Minor injury,Over speed,Four lanes or more with central divider,Straight road,,Fine,AP26TV  4777, P.V& AMB,Non injured ,1
21.10.2016,12:10 AM,1338.4,RHS,Rural,K.Tippa ,Rear End Collision, Oil Tanker hit Container,Tanker,Minor injury,Over speed,Four lanes or more with central divider,Straight road,,Fine,AP26TV  4777, P.V& AMB,Animals affected,0
22.10.2016,6:55 AM,1223.1,LHS,Rural,Medarametla,Collision Brush/Side Wipe, Container Vehicle hit Culvart wall,Container,Minor injury,Fault of driver of motor vehicle/driver of other vehicle/cyclist/pedestrian/passenger,Four lanes or more with central divider,Straight road,,Fine,AP07TG 3861,P.V,Fatal,0
22.10.2016,6:55 AM,1223.1,LHS,Rural,Medarametla,Collision Brush/Side Wipe, Container Vehicle hit Culvart wall,Container,Minor injury,Fault of driver of motor vehicle/driver of other vehicle/cyclist/pedestrian/passenger,Four lanes or more with central divider,Straight road,,Fine,AP07TG 3861,P.V,Grevious,0
22.10.2016,6:55 AM,1223.1,LHS,Rural,Medarametla,Collision Brush/Side Wipe, Container Vehicle hit Culvart wall,Container,Minor injury,Fault of driver of motor vehicle/driver of other vehicle/cyclist/pedestrian/passenger,Four lanes or more with central divider,Straight road,,Fine,AP07TG 3861,P.V,Minor,1
22.10.2016,6:55 AM,1223.1,LHS,Rural,Medarametla,Collision Brush/Side Wipe, Container Vehicle hit Culvart wall,Container,Minor injury,Fault of driver of motor vehicle/driver of other vehicle/cyclist/pedestrian/passenger,Four lanes or more with central divider,Straight road,,Fine,AP07TG 3861,P.V,Non injured ,0
22.10.2016,6:55 AM,1223.1,LHS,Rural,Medarametla,Collision Brush/Side Wipe, Container Vehicle hit Culvart wall,Container,Minor injury,Fault of driver of motor vehicle/driver of other vehicle/cyclist/pedestrian/passenger,Four lanes or more with central divider,Straight road,,Fine,AP07TG 3861,P.V,Animals affected,0
22.10.2016,9:20 AM,1299.3,LHS,Rural,Gudluru,Collision Brush/Side Wipe, Lorry hit Unknown vehicle,Lorry,Non injury,Over speed,Four lanes or more with central divider,Straight road,,Fine,AP29TB 3799,P.V,Fatal,0
22.10.2016,9:20 AM,1299.3,LHS,Rural,Gudluru,Collision Brush/Side Wipe, Lorry hit Unknown vehicle,Lorry,Non injury,Over speed,Four lanes or more with central divider,Straight road,,Fine,AP29TB 3799,P.V,Grevious,0
22.10.2016,9:20 AM,1299.3,LHS,Rural,Gudluru,Collision Brush/Side Wipe, Lorry hit Unknown vehicle,Lorry,Non injury,Over speed,Four lanes or more with central divider,Straight road,,Fine,AP29TB 3799,P.V,Minor,0
22.10.2016,9:20 AM,1299.3,LHS,Rural,Gudluru,Collision Brush/Side Wipe, Lorry hit Unknown vehicle,Lorry,Non injury,Over speed,Four lanes or more with central divider,Straight road,,Fine,AP29TB 3799,P.V,Non injured ,2
22.10.2016,9:20 AM,1299.3,LHS,Rural,Gudluru,Collision Brush/Side Wipe, Lorry hit Unknown vehicle,Lorry,Non injury,Over speed,Four lanes or more with central divider,Straight road,,Fine,AP29TB 3799,P.V,Animals affected,0
22.10.2016,4:05 PM,1358.8,LHS,Rural,Kodavaluru,Rear End Collision, Mini Truck  hit Unknown Vehicle,Lorry,Grievious injury,Over speed,Four lanes or more with central divider,Slight curve,,Fine,AP29TB 6397,P.V,Fatal,0
22.10.2016,4:05 PM,1358.8,LHS,Rural,Kodavaluru,Rear End Collision, Mini Truck  hit Unknown Vehicle,Lorry,Grievious injury,Over speed,Four lanes or more with central divider,Slight curve,,Fine,AP29TB 6397,P.V,Grevious,1
22.10.2016,4:05 PM,1358.8,LHS,Rural,Kodavaluru,Rear End Collision, Mini Truck  hit Unknown Vehicle,Lorry,Grievious injury,Over speed,Four lanes or more with central divider,Slight curve,,Fine,AP29TB 6397,P.V,Minor,0
22.10.2016,4:05 PM,1358.8,LHS,Rural,Kodavaluru,Rear End Collision, Mini Truck  hit Unknown Vehicle,Lorry,Grievious injury,Over speed,Four lanes or more with central divider,Slight curve,,Fine,AP29TB 6397,P.V,Non injured ,0
22.10.2016,4:05 PM,1358.8,LHS,Rural,Kodavaluru,Rear End Collision, Mini Truck  hit Unknown Vehicle,Lorry,Grievious injury,Over speed,Four lanes or more with central divider,Slight curve,,Fine,AP29TB 6397,P.V,Animals affected,0
22.10.2016,11:45 PM,1274.6,LHS,Rural,Singarayakonda,Collision Brush/Side Wipe, Bolero Goods Vehicle hit Median,Car,Non injury,Defect in mechanical condition of motor vehicle/road condition,Four lanes or more with central divider,Sharp curve,,Fine,AP07TE 7365,P.V,Fatal,0
22.10.2016,11:45 PM,1274.6,LHS,Rural,Singarayakonda,Collision Brush/Side Wipe, Bolero Goods Vehicle hit Median,Car,Non injury,Defect in mechanical condition of motor vehicle/road condition,Four lanes or more with central divider,Sharp curve,,Fine,AP07TE 7365,P.V,Grevious,0
22.10.2016,11:45 PM,1274.6,LHS,Rural,Singarayakonda,Collision Brush/Side Wipe, Bolero Goods Vehicle hit Median,Car,Non injury,Defect in mechanical condition of motor vehicle/road condition,Four lanes or more with central divider,Sharp curve,,Fine,AP07TE 7365,P.V,Minor,0
22.10.2016,11:45 PM,1274.6,LHS,Rural,Singarayakonda,Collision Brush/Side Wipe, Bolero Goods Vehicle hit Median,Car,Non injury,Defect in mechanical condition of motor vehicle/road condition,Four lanes or more with central divider,Sharp curve,,Fine,AP07TE 7365,P.V,Non injured ,1
22.10.2016,11:45 PM,1274.6,LHS,Rural,Singarayakonda,Collision Brush/Side Wipe, Bolero Goods Vehicle hit Median,Car,Non injury,Defect in mechanical condition of motor vehicle/road condition,Four lanes or more with central divider,Sharp curve,,Fine,AP07TE 7365,P.V,Animals affected,0
23.10.2016,7:00 AM,1216.3,LHS,Rural,Medarametla,Collision Brush/Side Wipe, Lorry hit  Median,Lorry,Non injury,Fault of driver of motor vehicle/driver of other vehicle/cyclist/pedestrian/passenger,Four lanes or more with central divider,Straight road,,Fine,TN52D  6078, P.V,Fatal,0
23.10.2016,7:00 AM,1216.3,LHS,Rural,Medarametla,Collision Brush/Side Wipe, Lorry hit  Median,Lorry,Non injury,Fault of driver of motor vehicle/driver of other vehicle/cyclist/pedestrian/passenger,Four lanes or more with central divider,Straight road,,Fine,TN52D  6078, P.V,Grevious,0
23.10.2016,7:00 AM,1216.3,LHS,Rural,Medarametla,Collision Brush/Side Wipe, Lorry hit  Median,Lorry,Non injury,Fault of driver of motor vehicle/driver of other vehicle/cyclist/pedestrian/passenger,Four lanes or more with central divider,Straight road,,Fine,TN52D  6078, P.V,Minor,0
23.10.2016,7:00 AM,1216.3,LHS,Rural,Medarametla,Collision Brush/Side Wipe, Lorry hit  Median,Lorry,Non injury,Fault of driver of motor vehicle/driver of other vehicle/cyclist/pedestrian/passenger,Four lanes or more with central divider,Straight road,,Fine,TN52D  6078, P.V,Non injured ,2
23.10.2016,7:00 AM,1216.3,LHS,Rural,Medarametla,Collision Brush/Side Wipe, Lorry hit  Median,Lorry,Non injury,Fault of driver of motor vehicle/driver of other vehicle/cyclist/pedestrian/passenger,Four lanes or more with central divider,Straight road,,Fine,TN52D  6078, P.V,Animals affected,0
24.10.2016,4:15 AM,1242.8,LHS,Rural,Ongole,Collision Brush/Side Wipe, APSRTC Bus hit             CC Wall,Bus,Non injury,Fault of driver of motor vehicle/driver of other vehicle/cyclist/pedestrian/passenger,Two lanes,Straight road,,Fine,AP16TH   3578,P.V,Fatal,0