Operational date,Time of Accident,KM && M,Position,Rural/Urban,Location,Nature of Accident Position,Nature of Accident,Vehicle Involved,Type of Accident,Causes,Road Feature,Road condition,Intersection Type And Control,Weather Condition,Vehicle Responsible,Help Provided by Ambulance/Patroling Vehicle,Classification of Accident,No of Affected Persons
24.10.2016,4:15 AM,1242.8,LHS,Rural,Ongole,Collision Brush/Side Wipe, APSRTC Bus hit             CC Wall,Bus,Non injury,Fault of driver of motor vehicle/driver of other vehicle/cyclist/pedestrian/passenger,Two lanes,Straight road,,Fine,AP16TH   3578,P.V,Grevious,0
24.10.2016,4:15 AM,1242.8,LHS,Rural,Ongole,Collision Brush/Side Wipe, APSRTC Bus hit             CC Wall,Bus,Non injury,Fault of driver of motor vehicle/driver of other vehicle/cyclist/pedestrian/passenger,Two lanes,Straight road,,Fine,AP16TH   3578,P.V,Minor,0
24.10.2016,4:15 AM,1242.8,LHS,Rural,Ongole,Collision Brush/Side Wipe, APSRTC Bus hit             CC Wall,Bus,Non injury,Fault of driver of motor vehicle/driver of other vehicle/cyclist/pedestrian/passenger,Two lanes,Straight road,,Fine,AP16TH   3578,P.V,Non injured ,16
24.10.2016,4:15 AM,1242.8,LHS,Rural,Ongole,Collision Brush/Side Wipe, APSRTC Bus hit             CC Wall,Bus,Non injury,Fault of driver of motor vehicle/driver of other vehicle/cyclist/pedestrian/passenger,Two lanes,Straight road,,Fine,AP16TH   3578,P.V,Animals affected,0
25.10.2016,1:40 AM,1236.7,LHS,Rural,Maddipadu,Overturning, Tipper Overturned,Lorry,Minor injury,Over speed,Four lanes or more with central divider,Straight road,,Fine,AP27TU 0650,P.V,Fatal,0
25.10.2016,1:40 AM,1236.7,LHS,Rural,Maddipadu,Overturning, Tipper Overturned,Lorry,Minor injury,Over speed,Four lanes or more with central divider,Straight road,,Fine,AP27TU 0650,P.V,Grevious,0
25.10.2016,1:40 AM,1236.7,LHS,Rural,Maddipadu,Overturning, Tipper Overturned,Lorry,Minor injury,Over speed,Four lanes or more with central divider,Straight road,,Fine,AP27TU 0650,P.V,Minor,1
25.10.2016,1:40 AM,1236.7,LHS,Rural,Maddipadu,Overturning, Tipper Overturned,Lorry,Minor injury,Over speed,Four lanes or more with central divider,Straight road,,Fine,AP27TU 0650,P.V,Non injured ,0
25.10.2016,1:40 AM,1236.7,LHS,Rural,Maddipadu,Overturning, Tipper Overturned,Lorry,Minor injury,Over speed,Four lanes or more with central divider,Straight road,,Fine,AP27TU 0650,P.V,Animals affected,0
26.10.2016,7:10 PM,1208.4,RHS,Rural,Reningavaram,Collision Brush/Side Wipe, Unknown vehicle hit Bike,Unknown,Grievious injury,Over speed,Four lanes or more with central divider,Straight road,,Fine,Unknown vehicle,A.M.B & P.V,Fatal,0
26.10.2016,7:10 PM,1208.4,RHS,Rural,Reningavaram,Collision Brush/Side Wipe, Unknown vehicle hit Bike,Unknown,Grievious injury,Over speed,Four lanes or more with central divider,Straight road,,Fine,Unknown vehicle,A.M.B & P.V,Grevious,1
26.10.2016,7:10 PM,1208.4,RHS,Rural,Reningavaram,Collision Brush/Side Wipe, Unknown vehicle hit Bike,Unknown,Grievious injury,Over speed,Four lanes or more with central divider,Straight road,,Fine,Unknown vehicle,A.M.B & P.V,Minor,0
26.10.2016,7:10 PM,1208.4,RHS,Rural,Reningavaram,Collision Brush/Side Wipe, Unknown vehicle hit Bike,Unknown,Grievious injury,Over speed,Four lanes or more with central divider,Straight road,,Fine,Unknown vehicle,A.M.B & P.V,Non injured ,0
26.10.2016,7:10 PM,1208.4,RHS,Rural,Reningavaram,Collision Brush/Side Wipe, Unknown vehicle hit Bike,Unknown,Grievious injury,Over speed,Four lanes or more with central divider,Straight road,,Fine,Unknown vehicle,A.M.B & P.V,Animals affected,0
27.10.2016,7:20 AM,1319.3,RHS,Rural,Kavali,Rear End Collision, Trailler vehicle hit Car,Trailler,Non injury,Fault of driver of motor vehicle/driver of other vehicle/cyclist/pedestrian/passenger,Four lanes or more with central divider,Straight road,,Fine,TN28AB  3343,P.V,Fatal,0
27.10.2016,7:20 AM,1319.3,RHS,Rural,Kavali,Rear End Collision, Trailler vehicle hit Car,Trailler,Non injury,Fault of driver of motor vehicle/driver of other vehicle/cyclist/pedestrian/passenger,Four lanes or more with central divider,Straight road,,Fine,TN28AB  3343,P.V,Grevious,0
27.10.2016,7:20 AM,1319.3,RHS,Rural,Kavali,Rear End Collision, Trailler vehicle hit Car,Trailler,Non injury,Fault of driver of motor vehicle/driver of other vehicle/cyclist/pedestrian/passenger,Four lanes or more with central divider,Straight road,,Fine,TN28AB  3343,P.V,Minor,0
27.10.2016,7:20 AM,1319.3,RHS,Rural,Kavali,Rear End Collision, Trailler vehicle hit Car,Trailler,Non injury,Fault of driver of motor vehicle/driver of other vehicle/cyclist/pedestrian/passenger,Four lanes or more with central divider,Straight road,,Fine,TN28AB  3343,P.V,Non injured ,5
27.10.2016,7:20 AM,1319.3,RHS,Rural,Kavali,Rear End Collision, Trailler vehicle hit Car,Trailler,Non injury,Fault of driver of motor vehicle/driver of other vehicle/cyclist/pedestrian/passenger,Four lanes or more with central divider,Straight road,,Fine,TN28AB  3343,P.V,Animals affected,0
27.10.2016,9:30 AM,1329.8,RHS,Rural,Kavali,Overturning, Long container  vehicle hit median and ,Lorry,Minor injury,Over speed,Single lane,Straight road,,Fine,TN01AD  9079,A.M.B & P.V,Fatal,0
27.10.2016,9:30 AM,1329.8,RHS,Rural,Kavali,Overturning, Long container  vehicle hit median and ,Lorry,Minor injury,Over speed,Single lane,Straight road,,Fine,TN01AD  9079,A.M.B & P.V,Grevious,0
27.10.2016,9:30 AM,1329.8,RHS,Rural,Kavali,Overturning, Long container  vehicle hit median and ,Lorry,Minor injury,Over speed,Single lane,Straight road,,Fine,TN01AD  9079,A.M.B & P.V,Minor,1
27.10.2016,9:30 AM,1329.8,RHS,Rural,Kavali,Overturning, Long container  vehicle hit median and ,Lorry,Minor injury,Over speed,Single lane,Straight road,,Fine,TN01AD  9079,A.M.B & P.V,Non injured ,0
27.10.2016,9:30 AM,1329.8,RHS,Rural,Kavali,Overturning, Long container  vehicle hit median and ,Lorry,Minor injury,Over speed,Single lane,Straight road,,Fine,TN01AD  9079,A.M.B & P.V,Animals affected,0
27.10.2016,2:30 PM,1200,LHS,Rural,Reningavaram,Skidding, Bike skidding,Bike,Minor injury,Druken,Four lanes or more with central divider,Straight road,,Fine,F/R Bike,A.M.B,Fatal,0
27.10.2016,2:30 PM,1200,LHS,Rural,Reningavaram,Skidding, Bike skidding,Bike,Minor injury,Druken,Four lanes or more with central divider,Straight road,,Fine,F/R Bike,A.M.B,Grevious,0
27.10.2016,2:30 PM,1200,LHS,Rural,Reningavaram,Skidding, Bike skidding,Bike,Minor injury,Druken,Four lanes or more with central divider,Straight road,,Fine,F/R Bike,A.M.B,Minor,1
27.10.2016,2:30 PM,1200,LHS,Rural,Reningavaram,Skidding, Bike skidding,Bike,Minor injury,Druken,Four lanes or more with central divider,Straight road,,Fine,F/R Bike,A.M.B,Non injured ,0
27.10.2016,2:30 PM,1200,LHS,Rural,Reningavaram,Skidding, Bike skidding,Bike,Minor injury,Druken,Four lanes or more with central divider,Straight road,,Fine,F/R Bike,A.M.B,Animals affected,0
27.10.2016,5:50 PM,1343,RHS,Rural,Dagadarthi,Collision Brush/Side Wipe, Car hit Bike,Car,Minor injury,Over speed,Four lanes or more with central divider,Straight road,,Fine,AP26BH 0875,A.M.B & P.V,Fatal,0
27.10.2016,5:50 PM,1343,RHS,Rural,Dagadarthi,Collision Brush/Side Wipe, Car hit Bike,Car,Minor injury,Over speed,Four lanes or more with central divider,Straight road,,Fine,AP26BH 0875,A.M.B & P.V,Grevious,0
27.10.2016,5:50 PM,1343,RHS,Rural,Dagadarthi,Collision Brush/Side Wipe, Car hit Bike,Car,Minor injury,Over speed,Four lanes or more with central divider,Straight road,,Fine,AP26BH 0875,A.M.B & P.V,Minor,2
27.10.2016,5:50 PM,1343,RHS,Rural,Dagadarthi,Collision Brush/Side Wipe, Car hit Bike,Car,Minor injury,Over speed,Four lanes or more with central divider,Straight road,,Fine,AP26BH 0875,A.M.B & P.V,Non injured ,0
27.10.2016,5:50 PM,1343,RHS,Rural,Dagadarthi,Collision Brush/Side Wipe, Car hit Bike,Car,Minor injury,Over speed,Four lanes or more with central divider,Straight road,,Fine,AP26BH 0875,A.M.B & P.V,Animals affected,0
27.10.2016,9:20 PM,1281.3,LHS,Rural,Singarayakonda,Overturning, Car hit median and overturned,Car,Non injury,Over speed,Four lanes or more with central divider,Straight road,,Fine,AP07BJ  8015,P.V,Fatal,0
27.10.2016,9:20 PM,1281.3,LHS,Rural,Singarayakonda,Overturning, Car hit median and overturned,Car,Non injury,Over speed,Four lanes or more with central divider,Straight road,,Fine,AP07BJ  8015,P.V,Grevious,0
27.10.2016,9:20 PM,1281.3,LHS,Rural,Singarayakonda,Overturning, Car hit median and overturned,Car,Non injury,Over speed,Four lanes or more with central divider,Straight road,,Fine,AP07BJ  8015,P.V,Minor,0
27.10.2016,9:20 PM,1281.3,LHS,Rural,Singarayakonda,Overturning, Car hit median and overturned,Car,Non injury,Over speed,Four lanes or more with central divider,Straight road,,Fine,AP07BJ  8015,P.V,Non injured ,3
27.10.2016,9:20 PM,1281.3,LHS,Rural,Singarayakonda,Overturning, Car hit median and overturned,Car,Non injury,Over speed,Four lanes or more with central divider,Straight road,,Fine,AP07BJ  8015,P.V,Animals affected,0
28.10.2016,1:30 AM,1354.7,LHS,Rural,Kodavaluru,Overturning, Car hit median and overturned,Car,Non injury,Over speed,Four lanes or more with central divider,Sharp curve,,Fine,AP03BL  3841,P.V,Fatal,0
28.10.2016,1:30 AM,1354.7,LHS,Rural,Kodavaluru,Overturning, Car hit median and overturned,Car,Non injury,Over speed,Four lanes or more with central divider,Sharp curve,,Fine,AP03BL  3841,P.V,Grevious,0
28.10.2016,1:30 AM,1354.7,LHS,Rural,Kodavaluru,Overturning, Car hit median and overturned,Car,Non injury,Over speed,Four lanes or more with central divider,Sharp curve,,Fine,AP03BL  3841,P.V,Minor,0
28.10.2016,1:30 AM,1354.7,LHS,Rural,Kodavaluru,Overturning, Car hit median and overturned,Car,Non injury,Over speed,Four lanes or more with central divider,Sharp curve,,Fine,AP03BL  3841,P.V,Non injured ,1
28.10.2016,1:30 AM,1354.7,LHS,Rural,Kodavaluru,Overturning, Car hit median and overturned,Car,Non injury,Over speed,Four lanes or more with central divider,Sharp curve,,Fine,AP03BL  3841,P.V,Animals affected,0
28.10.2016,1:25 PM,1269.7,LHS,Rural,Jarugumalli,Skidding, Bike skidding,Bike,Grievious injury,Over speed,Four lanes or more with central divider,Straight road,,Fine,AP27BD  5383,A.M.B,Fatal,0
28.10.2016,1:25 PM,1269.7,LHS,Rural,Jarugumalli,Skidding, Bike skidding,Bike,Grievious injury,Over speed,Four lanes or more with central divider,Straight road,,Fine,AP27BD  5383,A.M.B,Grevious,1
28.10.2016,1:25 PM,1269.7,LHS,Rural,Jarugumalli,Skidding, Bike skidding,Bike,Grievious injury,Over speed,Four lanes or more with central divider,Straight road,,Fine,AP27BD  5383,A.M.B,Minor,0
28.10.2016,1:25 PM,1269.7,LHS,Rural,Jarugumalli,Skidding, Bike skidding,Bike,Grievious injury,Over speed,Four lanes or more with central divider,Straight road,,Fine,AP27BD  5383,A.M.B,Non injured ,0
28.10.2016,1:25 PM,1269.7,LHS,Rural,Jarugumalli,Skidding, Bike skidding,Bike,Grievious injury,Over speed,Four lanes or more with central divider,Straight road,,Fine,AP27BD  5383,A.M.B,Animals affected,0
29.10.2016,1:25 AM,1287.4,LHS,Rural,Ulavapadu,Collision Brush/Side Wipe, Bike hit CC Barrier,Bike,Fatal,Over speed,Two lanes,Straight road,,Fine,AP03BK 1330,P.V,Fatal,1
29.10.2016,1:25 AM,1287.4,LHS,Rural,Ulavapadu,Collision Brush/Side Wipe, Bike hit CC Barrier,Bike,Fatal,Over speed,Two lanes,Straight road,,Fine,AP03BK 1330,P.V,Grevious,0
29.10.2016,1:25 AM,1287.4,LHS,Rural,Ulavapadu,Collision Brush/Side Wipe, Bike hit CC Barrier,Bike,Fatal,Over speed,Two lanes,Straight road,,Fine,AP03BK 1330,P.V,Minor,0
29.10.2016,1:25 AM,1287.4,LHS,Rural,Ulavapadu,Collision Brush/Side Wipe, Bike hit CC Barrier,Bike,Fatal,Over speed,Two lanes,Straight road,,Fine,AP03BK 1330,P.V,Non injured ,0
29.10.2016,1:25 AM,1287.4,LHS,Rural,Ulavapadu,Collision Brush/Side Wipe, Bike hit CC Barrier,Bike,Fatal,Over speed,Two lanes,Straight road,,Fine,AP03BK 1330,P.V,Animals affected,0
29.10.2016,2:10 AM,1353.9,RHS,Rural,Kodavaluru,Collision Brush/Side Wipe, Lorry  hit Unknown Vehicle,Lorry,Non injury,Over speed,Four lanes or more with central divider,Straight road,,Fine,TN28AJ 4021,P.V,Fatal,0
29.10.2016,2:10 AM,1353.9,RHS,Rural,Kodavaluru,Collision Brush/Side Wipe, Lorry  hit Unknown Vehicle,Lorry,Non injury,Over speed,Four lanes or more with central divider,Straight road,,Fine,TN28AJ 4021,P.V,Grevious,0
29.10.2016,2:10 AM,1353.9,RHS,Rural,Kodavaluru,Collision Brush/Side Wipe, Lorry  hit Unknown Vehicle,Lorry,Non injury,Over speed,Four lanes or more with central divider,Straight road,,Fine,TN28AJ 4021,P.V,Minor,0
29.10.2016,2:10 AM,1353.9,RHS,Rural,Kodavaluru,Collision Brush/Side Wipe, Lorry  hit Unknown Vehicle,Lorry,Non injury,Over speed,Four lanes or more with central divider,Straight road,,Fine,TN28AJ 4021,P.V,Non injured ,1
29.10.2016,2:10 AM,1353.9,RHS,Rural,Kodavaluru,Collision Brush/Side Wipe, Lorry  hit Unknown Vehicle,Lorry,Non injury,Over speed,Four lanes or more with central divider,Straight road,,Fine,TN28AJ 4021,P.V,Animals affected,0
29.10.2016,4:10 PM,1195.1,RHS,Rural,Martur,Collision Brush/Side Wipe, Bike hit        TVS XL Moped,Bike,Grievious injury,Over speed,Four lanes or more with central divider,Straight road,,Fine,AP27BF 3653,A.M.B & P.V,Fatal,0
29.10.2016,4:10 PM,1195.1,RHS,Rural,Martur,Collision Brush/Side Wipe, Bike hit        TVS XL Moped,Bike,Grievious injury,Over speed,Four lanes or more with central divider,Straight road,,Fine,AP27BF 3653,A.M.B & P.V,Grevious,1
29.10.2016,4:10 PM,1195.1,RHS,Rural,Martur,Collision Brush/Side Wipe, Bike hit        TVS XL Moped,Bike,Grievious injury,Over speed,Four lanes or more with central divider,Straight road,,Fine,AP27BF 3653,A.M.B & P.V,Minor,0
29.10.2016,4:10 PM,1195.1,RHS,Rural,Martur,Collision Brush/Side Wipe, Bike hit        TVS XL Moped,Bike,Grievious injury,Over speed,Four lanes or more with central divider,Straight road,,Fine,AP27BF 3653,A.M.B & P.V,Non injured ,1
29.10.2016,4:10 PM,1195.1,RHS,Rural,Martur,Collision Brush/Side Wipe, Bike hit        TVS XL Moped,Bike,Grievious injury,Over speed,Four lanes or more with central divider,Straight road,,Fine,AP27BF 3653,A.M.B & P.V,Animals affected,0
31.10.2016,2:30 AM,1355.6,LHS,Rural,Kodavaluru,Rear End Collision, Lorry  hit Unknown Vehicle,Lorry,Non injury,Fault of driver of motor vehicle/driver of other vehicle/cyclist/pedestrian/passenger,Four lanes or more with central divider,Straight road,,Fine,KA25B 1018,P.V,Fatal,0
31.10.2016,2:30 AM,1355.6,LHS,Rural,Kodavaluru,Rear End Collision, Lorry  hit Unknown Vehicle,Lorry,Non injury,Fault of driver of motor vehicle/driver of other vehicle/cyclist/pedestrian/passenger,Four lanes or more with central divider,Straight road,,Fine,KA25B 1018,P.V,Grevious,0
31.10.2016,2:30 AM,1355.6,LHS,Rural,Kodavaluru,Rear End Collision, Lorry  hit Unknown Vehicle,Lorry,Non injury,Fault of driver of motor vehicle/driver of other vehicle/cyclist/pedestrian/passenger,Four lanes or more with central divider,Straight road,,Fine,KA25B 1018,P.V,Minor,0
31.10.2016,2:30 AM,1355.6,LHS,Rural,Kodavaluru,Rear End Collision, Lorry  hit Unknown Vehicle,Lorry,Non injury,Fault of driver of motor vehicle/driver of other vehicle/cyclist/pedestrian/passenger,Four lanes or more with central divider,Straight road,,Fine,KA25B 1018,P.V,Non injured ,2
31.10.2016,2:30 AM,1355.6,LHS,Rural,Kodavaluru,Rear End Collision, Lorry  hit Unknown Vehicle,Lorry,Non injury,Fault of driver of motor vehicle/driver of other vehicle/cyclist/pedestrian/passenger,Four lanes or more with central divider,Straight road,,Fine,KA25B 1018,P.V,Animals affected,0
01.11.2016,4:25 PM,1276.8,LHS,Rural,Singarayakonda,Collision Brush/Side Wipe, Unknown Vehicle hit car ,Unknown,Non injury,Fault of driver of motor vehicle/driver of other vehicle/cyclist/pedestrian/passenger,Four lanes or more with central divider,Straight road,,Fine,Unknown vehicle,P.V,Fatal,0
01.11.2016,4:25 PM,1276.8,LHS,Rural,Singarayakonda,Collision Brush/Side Wipe, Unknown Vehicle hit car ,Unknown,Non injury,Fault of driver of motor vehicle/driver of other vehicle/cyclist/pedestrian/passenger,Four lanes or more with central divider,Straight road,,Fine,Unknown vehicle,P.V,Grevious,0
01.11.2016,4:25 PM,1276.8,LHS,Rural,Singarayakonda,Collision Brush/Side Wipe, Unknown Vehicle hit car ,Unknown,Non injury,Fault of driver of motor vehicle/driver of other vehicle/cyclist/pedestrian/passenger,Four lanes or more with central divider,Straight road,,Fine,Unknown vehicle,P.V,Minor,0
01.11.2016,4:25 PM,1276.8,LHS,Rural,Singarayakonda,Collision Brush/Side Wipe, Unknown Vehicle hit car ,Unknown,Non injury,Fault of driver of motor vehicle/driver of other vehicle/cyclist/pedestrian/passenger,Four lanes or more with central divider,Straight road,,Fine,Unknown vehicle,P.V,Non injured ,2
01.11.2016,4:25 PM,1276.8,LHS,Rural,Singarayakonda,Collision Brush/Side Wipe, Unknown Vehicle hit car ,Unknown,Non injury,Fault of driver of motor vehicle/driver of other vehicle/cyclist/pedestrian/passenger,Four lanes or more with central divider,Straight road,,Fine,Unknown vehicle,P.V,Animals affected,0
02.11.2016,4:02 PM,1293.8,RHS,Rural,Ulavapadu,Collision Brush/Side Wipe, Bike hit Median,Bike,Grievious injury,Over speed,Four lanes or more with central divider,Straight road,,Fine,AP27AF 4811,P.V&AMB,Fatal,0
02.11.2016,4:02 PM,1293.8,RHS,Rural,Ulavapadu,Collision Brush/Side Wipe, Bike hit Median,Bike,Grievious injury,Over speed,Four lanes or more with central divider,Straight road,,Fine,AP27AF 4811,P.V&AMB,Grevious,1
02.11.2016,4:02 PM,1293.8,RHS,Rural,Ulavapadu,Collision Brush/Side Wipe, Bike hit Median,Bike,Grievious injury,Over speed,Four lanes or more with central divider,Straight road,,Fine,AP27AF 4811,P.V&AMB,Minor,2
02.11.2016,4:02 PM,1293.8,RHS,Rural,Ulavapadu,Collision Brush/Side Wipe, Bike hit Median,Bike,Grievious injury,Over speed,Four lanes or more with central divider,Straight road,,Fine,AP27AF 4811,P.V&AMB,Non injured ,0
02.11.2016,4:02 PM,1293.8,RHS,Rural,Ulavapadu,Collision Brush/Side Wipe, Bike hit Median,Bike,Grievious injury,Over speed,Four lanes or more with central divider,Straight road,,Fine,AP27AF 4811,P.V&AMB,Animals affected,0
02.11.2016,6:31 PM,1247.8,LHS,Urban,Ongole,Collision Brush/Side Wipe, Bike hit Bike,Bike,Grievious injury,Druken,Four lanes or more with central divider,Straight road,,Fine,No Bike Number,P.V,Fatal,0
02.11.2016,6:31 PM,1247.8,LHS,Urban,Ongole,Collision Brush/Side Wipe, Bike hit Bike,Bike,Grievious injury,Druken,Four lanes or more with central divider,Straight road,,Fine,No Bike Number,P.V,Grevious,1
02.11.2016,6:31 PM,1247.8,LHS,Urban,Ongole,Collision Brush/Side Wipe, Bike hit Bike,Bike,Grievious injury,Druken,Four lanes or more with central divider,Straight road,,Fine,No Bike Number,P.V,Minor,2
02.11.2016,6:31 PM,1247.8,LHS,Urban,Ongole,Collision Brush/Side Wipe, Bike hit Bike,Bike,Grievious injury,Druken,Four lanes or more with central divider,Straight road,,Fine,No Bike Number,P.V,Non injured ,2
02.11.2016,6:31 PM,1247.8,LHS,Urban,Ongole,Collision Brush/Side Wipe, Bike hit Bike,Bike,Grievious injury,Druken,Four lanes or more with central divider,Straight road,,Fine,No Bike Number,P.V,Animals affected,0
03.11.2016,2:10 AM,1295.2,RHS,Rural,Ulavapadu,Rear End Collision, APSRTC Bus hit Lorry,Bus,Minor injury,Fault of driver of motor vehicle/driver of other vehicle/cyclist/pedestrian/passenger,Four lanes or more with central divider,Straight road,,Fine,AP07TG  8844,P.V,Fatal,0
03.11.2016,2:10 AM,1295.2,RHS,Rural,Ulavapadu,Rear End Collision, APSRTC Bus hit Lorry,Bus,Minor injury,Fault of driver of motor vehicle/driver of other vehicle/cyclist/pedestrian/passenger,Four lanes or more with central divider,Straight road,,Fine,AP07TG  8844,P.V,Grevious,0
03.11.2016,2:10 AM,1295.2,RHS,Rural,Ulavapadu,Rear End Collision, APSRTC Bus hit Lorry,Bus,Minor injury,Fault of driver of motor vehicle/driver of other vehicle/cyclist/pedestrian/passenger,Four lanes or more with central divider,Straight road,,Fine,AP07TG  8844,P.V,Minor,2
03.11.2016,2:10 AM,1295.2,RHS,Rural,Ulavapadu,Rear End Collision, APSRTC Bus hit Lorry,Bus,Minor injury,Fault of driver of motor vehicle/driver of other vehicle/cyclist/pedestrian/passenger,Four lanes or more with central divider,Straight road,,Fine,AP07TG  8844,P.V,Non injured ,31
03.11.2016,2:10 AM,1295.2,RHS,Rural,Ulavapadu,Rear End Collision, APSRTC Bus hit Lorry,Bus,Minor injury,Fault of driver of motor vehicle/driver of other vehicle/cyclist/pedestrian/passenger,Four lanes or more with central divider,Straight road,,Fine,AP07TG  8844,P.V,Animals affected,0
04.11.2016,7:59 PM,1202.7,LHS,Rural,Reningavaram,Collision Brush/Side Wipe, Car hit Bike,Car,Grievious injury,Over speed,Four lanes or more with central divider,Straight road,,Fine,AP27BB 7330,P.V& AMB,Fatal,0
04.11.2016,7:59 PM,1202.7,LHS,Rural,Reningavaram,Collision Brush/Side Wipe, Car hit Bike,Car,Grievious injury,Over speed,Four lanes or more with central divider,Straight road,,Fine,AP27BB 7330,P.V& AMB,Grevious,1
04.11.2016,7:59 PM,1202.7,LHS,Rural,Reningavaram,Collision Brush/Side Wipe, Car hit Bike,Car,Grievious injury,Over speed,Four lanes or more with central divider,Straight road,,Fine,AP27BB 7330,P.V& AMB,Minor,1
04.11.2016,7:59 PM,1202.7,LHS,Rural,Reningavaram,Collision Brush/Side Wipe, Car hit Bike,Car,Grievious injury,Over speed,Four lanes or more with central divider,Straight road,,Fine,AP27BB 7330,P.V& AMB,Non injured ,3
04.11.2016,7:59 PM,1202.7,LHS,Rural,Reningavaram,Collision Brush/Side Wipe, Car hit Bike,Car,Grievious injury,Over speed,Four lanes or more with central divider,Straight road,,Fine,AP27BB 7330,P.V& AMB,Animals affected,0
05.11.2016,2:25 AM,1275.5,RHS,Rural,Singarayakonda,Overturning, Lorry Overturned towards Row,Lorry,Minor injury,Fault of driver of motor vehicle/driver of other vehicle/cyclist/pedestrian/passenger,Four lanes or more with central divider,Straight road,,Fine,MP06HC 1770,P.V,Fatal,0
05.11.2016,2:25 AM,1275.5,RHS,Rural,Singarayakonda,Overturning, Lorry Overturned towards Row,Lorry,Minor injury,Fault of driver of motor vehicle/driver of other vehicle/cyclist/pedestrian/passenger,Four lanes or more with central divider,Straight road,,Fine,MP06HC 1770,P.V,Grevious,0
05.11.2016,2:25 AM,1275.5,RHS,Rural,Singarayakonda,Overturning, Lorry Overturned towards Row,Lorry,Minor injury,Fault of driver of motor vehicle/driver of other vehicle/cyclist/pedestrian/passenger,Four lanes or more with central divider,Straight road,,Fine,MP06HC 1770,P.V,Minor,1
05.11.2016,2:25 AM,1275.5,RHS,Rural,Singarayakonda,Overturning, Lorry Overturned towards Row,Lorry,Minor injury,Fault of driver of motor vehicle/driver of other vehicle/cyclist/pedestrian/passenger,Four lanes or more with central divider,Straight road,,Fine,MP06HC 1770,P.V,Non injured ,1
05.11.2016,2:25 AM,1275.5,RHS,Rural,Singarayakonda,Overturning, Lorry Overturned towards Row,Lorry,Minor injury,Fault of driver of motor vehicle/driver of other vehicle/cyclist/pedestrian/passenger,Four lanes or more with central divider,Straight road,,Fine,MP06HC 1770,P.V,Animals affected,0
05.11.2016,3:00 AM,1232.9,RHS,Rural,Maddipadu,Collision Brush/Side Wipe, Pamoil Tanker hit Lorry,Tanker,Fatal,Fault of driver of motor vehicle/driver of other vehicle/cyclist/pedestrian/passenger,Four lanes or more with central divider,Straight road,,Fine,AP26TE 1445,P.V,Fatal,1
05.11.2016,3:00 AM,1232.9,RHS,Rural,Maddipadu,Collision Brush/Side Wipe, Pamoil Tanker hit Lorry,Tanker,Fatal,Fault of driver of motor vehicle/driver of other vehicle/cyclist/pedestrian/passenger,Four lanes or more with central divider,Straight road,,Fine,AP26TE 1445,P.V,Grevious,0
05.11.2016,3:00 AM,1232.9,RHS,Rural,Maddipadu,Collision Brush/Side Wipe, Pamoil Tanker hit Lorry,Tanker,Fatal,Fault of driver of motor vehicle/driver of other vehicle/cyclist/pedestrian/passenger,Four lanes or more with central divider,Straight road,,Fine,AP26TE 1445,P.V,Minor,1
05.11.2016,3:00 AM,1232.9,RHS,Rural,Maddipadu,Collision Brush/Side Wipe, Pamoil Tanker hit Lorry,Tanker,Fatal,Fault of driver of motor vehicle/driver of other vehicle/cyclist/pedestrian/passenger,Four lanes or more with central divider,Straight road,,Fine,AP26TE 1445,P.V,Non injured ,0
05.11.2016,3:00 AM,1232.9,RHS,Rural,Maddipadu,Collision Brush/Side Wipe, Pamoil Tanker hit Lorry,Tanker,Fatal,Fault of driver of motor vehicle/driver of other vehicle/cyclist/pedestrian/passenger,Four lanes or more with central divider,Straight road,,Fine,AP26TE 1445,P.V,Animals affected,0
06.11.2016,9:40 PM,1280.6,LHS,Rural,Singarayakonda,Collision Brush/Side Wipe, Car hit Pedestrian,Car,Fatal,Over speed,Four lanes or more with central divider,Slight curve,,Fine,AP10AX 4356,P.V,Fatal,1
06.11.2016,9:40 PM,1280.6,LHS,Rural,Singarayakonda,Collision Brush/Side Wipe, Car hit Pedestrian,Car,Fatal,Over speed,Four lanes or more with central divider,Slight curve,,Fine,AP10AX 4356,P.V,Grevious,0
06.11.2016,9:40 PM,1280.6,LHS,Rural,Singarayakonda,Collision Brush/Side Wipe, Car hit Pedestrian,Car,Fatal,Over speed,Four lanes or more with central divider,Slight curve,,Fine,AP10AX 4356,P.V,Minor,0
06.11.2016,9:40 PM,1280.6,LHS,Rural,Singarayakonda,Collision Brush/Side Wipe, Car hit Pedestrian,Car,Fatal,Over speed,Four lanes or more with central divider,Slight curve,,Fine,AP10AX 4356,P.V,Non injured ,2
06.11.2016,9:40 PM,1280.6,LHS,Rural,Singarayakonda,Collision Brush/Side Wipe, Car hit Pedestrian,Car,Fatal,Over speed,Four lanes or more with central divider,Slight curve,,Fine,AP10AX 4356,P.V,Animals affected,0
07.11.2016,9:05 PM,1263.2,LHS,Rural,Tangutur,Collision Brush/Side Wipe,Water tanker hit Bike ,Tanker,Fatal,Fault of driver of motor vehicle/driver of other vehicle/cyclist/pedestrian/passenger,Four lanes or more with central divider,Straight road,,Fine,AP27TW 9684,P.V,Fatal,1
07.11.2016,9:05 PM,1263.2,LHS,Rural,Tangutur,Collision Brush/Side Wipe,Water tanker hit Bike ,Tanker,Fatal,Fault of driver of motor vehicle/driver of other vehicle/cyclist/pedestrian/passenger,Four lanes or more with central divider,Straight road,,Fine,AP27TW 9684,P.V,Grevious,0
07.11.2016,9:05 PM,1263.2,LHS,Rural,Tangutur,Collision Brush/Side Wipe,Water tanker hit Bike ,Tanker,Fatal,Fault of driver of motor vehicle/driver of other vehicle/cyclist/pedestrian/passenger,Four lanes or more with central divider,Straight road,,Fine,AP27TW 9684,P.V,Minor,0
07.11.2016,9:05 PM,1263.2,LHS,Rural,Tangutur,Collision Brush/Side Wipe,Water tanker hit Bike ,Tanker,Fatal,Fault of driver of motor vehicle/driver of other vehicle/cyclist/pedestrian/passenger,Four lanes or more with central divider,Straight road,,Fine,AP27TW 9684,P.V,Non injured ,1