Operational date,Time of Accident,KM && M,Position,Rural/Urban,Location,Nature of Accident Position,Nature of Accident,Vehicle Involved,Type of Accident,Causes,Road Feature,Road condition,Intersection Type And Control,Weather Condition,Vehicle Responsible,Help Provided by Ambulance/Patroling Vehicle,Classification of Accident,No of Affected Persons
07.11.2016,9:05 PM,1263.2,LHS,Rural,Tangutur,Collision Brush/Side Wipe,Water tanker hit Bike ,Tanker,Fatal,Fault of driver of motor vehicle/driver of other vehicle/cyclist/pedestrian/passenger,Four lanes or more with central divider,Straight road,,Fine,AP27TW 9684,P.V,Animals affected,0
08.11.2016,2:10 AM,1338.6,LHS,Rural,Dagadarthi,Rear End Collision, Tipper hit Trailler vehicle,Lorry,Minor injury,Fault of driver of motor vehicle/driver of other vehicle/cyclist/pedestrian/passenger,Four lanes or more with central divider,Straight road,,Fine,AP16TY  1606,A.M.B & P.V,Fatal,0
08.11.2016,2:10 AM,1338.6,LHS,Rural,Dagadarthi,Rear End Collision, Tipper hit Trailler vehicle,Lorry,Minor injury,Fault of driver of motor vehicle/driver of other vehicle/cyclist/pedestrian/passenger,Four lanes or more with central divider,Straight road,,Fine,AP16TY  1606,A.M.B & P.V,Grevious,0
08.11.2016,2:10 AM,1338.6,LHS,Rural,Dagadarthi,Rear End Collision, Tipper hit Trailler vehicle,Lorry,Minor injury,Fault of driver of motor vehicle/driver of other vehicle/cyclist/pedestrian/passenger,Four lanes or more with central divider,Straight road,,Fine,AP16TY  1606,A.M.B & P.V,Minor,1
08.11.2016,2:10 AM,1338.6,LHS,Rural,Dagadarthi,Rear End Collision, Tipper hit Trailler vehicle,Lorry,Minor injury,Fault of driver of motor vehicle/driver of other vehicle/cyclist/pedestrian/passenger,Four lanes or more with central divider,Straight road,,Fine,AP16TY  1606,A.M.B & P.V,Non injured ,3
08.11.2016,2:10 AM,1338.6,LHS,Rural,Dagadarthi,Rear End Collision, Tipper hit Trailler vehicle,Lorry,Minor injury,Fault of driver of motor vehicle/driver of other vehicle/cyclist/pedestrian/passenger,Four lanes or more with central divider,Straight road,,Fine,AP16TY  1606,A.M.B & P.V,Animals affected,0
08.11.2016,2:15 AM,1207.3,LHS,Rural,Reningavaram,Overturning, Lorry overturned,Lorry,Minor injury,Fault of driver of motor vehicle/driver of other vehicle/cyclist/pedestrian/passenger,Four lanes or more with central divider,Straight road,,Fine,AP16TG   2728,A.M.B & P.V,Fatal,0
08.11.2016,2:15 AM,1207.3,LHS,Rural,Reningavaram,Overturning, Lorry overturned,Lorry,Minor injury,Fault of driver of motor vehicle/driver of other vehicle/cyclist/pedestrian/passenger,Four lanes or more with central divider,Straight road,,Fine,AP16TG   2728,A.M.B & P.V,Grevious,0
08.11.2016,2:15 AM,1207.3,LHS,Rural,Reningavaram,Overturning, Lorry overturned,Lorry,Minor injury,Fault of driver of motor vehicle/driver of other vehicle/cyclist/pedestrian/passenger,Four lanes or more with central divider,Straight road,,Fine,AP16TG   2728,A.M.B & P.V,Minor,1
08.11.2016,2:15 AM,1207.3,LHS,Rural,Reningavaram,Overturning, Lorry overturned,Lorry,Minor injury,Fault of driver of motor vehicle/driver of other vehicle/cyclist/pedestrian/passenger,Four lanes or more with central divider,Straight road,,Fine,AP16TG   2728,A.M.B & P.V,Non injured ,2
08.11.2016,2:15 AM,1207.3,LHS,Rural,Reningavaram,Overturning, Lorry overturned,Lorry,Minor injury,Fault of driver of motor vehicle/driver of other vehicle/cyclist/pedestrian/passenger,Four lanes or more with central divider,Straight road,,Fine,AP16TG   2728,A.M.B & P.V,Animals affected,0
08.11.2016,5:16 AM,1276.3,LHS,Rural,Singarayakonda,Rear End Collision, Lorry hit Lorry,Lorry,Non injury,Fault of driver of motor vehicle/driver of other vehicle/cyclist/pedestrian/passenger,Four lanes or more with central divider,Straight road,,Fine,AP29TB   4037,P.V,Fatal,0
08.11.2016,5:16 AM,1276.3,LHS,Rural,Singarayakonda,Rear End Collision, Lorry hit Lorry,Lorry,Non injury,Fault of driver of motor vehicle/driver of other vehicle/cyclist/pedestrian/passenger,Four lanes or more with central divider,Straight road,,Fine,AP29TB   4037,P.V,Grevious,0
08.11.2016,5:16 AM,1276.3,LHS,Rural,Singarayakonda,Rear End Collision, Lorry hit Lorry,Lorry,Non injury,Fault of driver of motor vehicle/driver of other vehicle/cyclist/pedestrian/passenger,Four lanes or more with central divider,Straight road,,Fine,AP29TB   4037,P.V,Minor,0
08.11.2016,5:16 AM,1276.3,LHS,Rural,Singarayakonda,Rear End Collision, Lorry hit Lorry,Lorry,Non injury,Fault of driver of motor vehicle/driver of other vehicle/cyclist/pedestrian/passenger,Four lanes or more with central divider,Straight road,,Fine,AP29TB   4037,P.V,Non injured ,4
08.11.2016,5:16 AM,1276.3,LHS,Rural,Singarayakonda,Rear End Collision, Lorry hit Lorry,Lorry,Non injury,Fault of driver of motor vehicle/driver of other vehicle/cyclist/pedestrian/passenger,Four lanes or more with central divider,Straight road,,Fine,AP29TB   4037,P.V,Animals affected,0
10.11.2016,3:40 PM,1251.3,LHS,Rural,Ongole,Collision Brush/Side Wipe, Lorry hit car,Lorry,Non injury,Fault of driver of motor vehicle/driver of other vehicle/cyclist/pedestrian/passenger,Two lanes,Slight curve,,Fine,AP27TX   3879,P.V,Fatal,0
10.11.2016,3:40 PM,1251.3,LHS,Rural,Ongole,Collision Brush/Side Wipe, Lorry hit car,Lorry,Non injury,Fault of driver of motor vehicle/driver of other vehicle/cyclist/pedestrian/passenger,Two lanes,Slight curve,,Fine,AP27TX   3879,P.V,Grevious,0
10.11.2016,3:40 PM,1251.3,LHS,Rural,Ongole,Collision Brush/Side Wipe, Lorry hit car,Lorry,Non injury,Fault of driver of motor vehicle/driver of other vehicle/cyclist/pedestrian/passenger,Two lanes,Slight curve,,Fine,AP27TX   3879,P.V,Minor,0
10.11.2016,3:40 PM,1251.3,LHS,Rural,Ongole,Collision Brush/Side Wipe, Lorry hit car,Lorry,Non injury,Fault of driver of motor vehicle/driver of other vehicle/cyclist/pedestrian/passenger,Two lanes,Slight curve,,Fine,AP27TX   3879,P.V,Non injured ,3
10.11.2016,3:40 PM,1251.3,LHS,Rural,Ongole,Collision Brush/Side Wipe, Lorry hit car,Lorry,Non injury,Fault of driver of motor vehicle/driver of other vehicle/cyclist/pedestrian/passenger,Two lanes,Slight curve,,Fine,AP27TX   3879,P.V,Animals affected,0
10.11.2016,4:50 PM,1302.7,RHS,Rural,Gudluru,Overturning, Car hit median and overturned,Car,Minor injury,Defect in mechanical condition of motor vehicle/road condition,Four lanes or more with central divider,Straight road,,Fine,AP10AJ  2995,P.V,Fatal,0
10.11.2016,4:50 PM,1302.7,RHS,Rural,Gudluru,Overturning, Car hit median and overturned,Car,Minor injury,Defect in mechanical condition of motor vehicle/road condition,Four lanes or more with central divider,Straight road,,Fine,AP10AJ  2995,P.V,Grevious,0
10.11.2016,4:50 PM,1302.7,RHS,Rural,Gudluru,Overturning, Car hit median and overturned,Car,Minor injury,Defect in mechanical condition of motor vehicle/road condition,Four lanes or more with central divider,Straight road,,Fine,AP10AJ  2995,P.V,Minor,1
10.11.2016,4:50 PM,1302.7,RHS,Rural,Gudluru,Overturning, Car hit median and overturned,Car,Minor injury,Defect in mechanical condition of motor vehicle/road condition,Four lanes or more with central divider,Straight road,,Fine,AP10AJ  2995,P.V,Non injured ,1
10.11.2016,4:50 PM,1302.7,RHS,Rural,Gudluru,Overturning, Car hit median and overturned,Car,Minor injury,Defect in mechanical condition of motor vehicle/road condition,Four lanes or more with central divider,Straight road,,Fine,AP10AJ  2995,P.V,Animals affected,0
11.11.2016,1:40 AM,1252.5,LHS,Rural,Ongole,Rear End Collision, Lorry hit Lorry,Lorry,Grievious injury,Fault of driver of motor vehicle/driver of other vehicle/cyclist/pedestrian/passenger,Four lanes or more with central divider,Straight road,,Fine,AP07TF  4889,P.V & A.M.B,Fatal,0
11.11.2016,1:40 AM,1252.5,LHS,Rural,Ongole,Rear End Collision, Lorry hit Lorry,Lorry,Grievious injury,Fault of driver of motor vehicle/driver of other vehicle/cyclist/pedestrian/passenger,Four lanes or more with central divider,Straight road,,Fine,AP07TF  4889,P.V & A.M.B,Grevious,2
11.11.2016,1:40 AM,1252.5,LHS,Rural,Ongole,Rear End Collision, Lorry hit Lorry,Lorry,Grievious injury,Fault of driver of motor vehicle/driver of other vehicle/cyclist/pedestrian/passenger,Four lanes or more with central divider,Straight road,,Fine,AP07TF  4889,P.V & A.M.B,Minor,0
11.11.2016,1:40 AM,1252.5,LHS,Rural,Ongole,Rear End Collision, Lorry hit Lorry,Lorry,Grievious injury,Fault of driver of motor vehicle/driver of other vehicle/cyclist/pedestrian/passenger,Four lanes or more with central divider,Straight road,,Fine,AP07TF  4889,P.V & A.M.B,Non injured ,2
11.11.2016,1:40 AM,1252.5,LHS,Rural,Ongole,Rear End Collision, Lorry hit Lorry,Lorry,Grievious injury,Fault of driver of motor vehicle/driver of other vehicle/cyclist/pedestrian/passenger,Four lanes or more with central divider,Straight road,,Fine,AP07TF  4889,P.V & A.M.B,Animals affected,0
11.11.2016,6:32 AM,1214.7,LHS,Rural,Medarametla,Rear End Collision, Car hit Milk Tanker,Car,Fatal,Fault of driver of motor vehicle/driver of other vehicle/cyclist/pedestrian/passenger,Four lanes or more with central divider,Straight road,,Fine,AP27TW  5677,P.V & A.M.B,Fatal,1
11.11.2016,6:32 AM,1214.7,LHS,Rural,Medarametla,Rear End Collision, Car hit Milk Tanker,Car,Fatal,Fault of driver of motor vehicle/driver of other vehicle/cyclist/pedestrian/passenger,Four lanes or more with central divider,Straight road,,Fine,AP27TW  5677,P.V & A.M.B,Grevious,0
11.11.2016,6:32 AM,1214.7,LHS,Rural,Medarametla,Rear End Collision, Car hit Milk Tanker,Car,Fatal,Fault of driver of motor vehicle/driver of other vehicle/cyclist/pedestrian/passenger,Four lanes or more with central divider,Straight road,,Fine,AP27TW  5677,P.V & A.M.B,Minor,5
11.11.2016,6:32 AM,1214.7,LHS,Rural,Medarametla,Rear End Collision, Car hit Milk Tanker,Car,Fatal,Fault of driver of motor vehicle/driver of other vehicle/cyclist/pedestrian/passenger,Four lanes or more with central divider,Straight road,,Fine,AP27TW  5677,P.V & A.M.B,Non injured ,1
11.11.2016,6:32 AM,1214.7,LHS,Rural,Medarametla,Rear End Collision, Car hit Milk Tanker,Car,Fatal,Fault of driver of motor vehicle/driver of other vehicle/cyclist/pedestrian/passenger,Four lanes or more with central divider,Straight road,,Fine,AP27TW  5677,P.V & A.M.B,Animals affected,0
11.11.2016,11:00 AM,1330.9,RHS,Rural,Kavali,Collision Brush/Side Wipe, Lorry hit Tractor and went out of road ,Lorry,Minor injury,Fault of driver of motor vehicle/driver of other vehicle/cyclist/pedestrian/passenger,Four lanes or more with central divider,Straight road,,Fine,AP24Y  7218,A.M.B,Fatal,0
11.11.2016,11:00 AM,1330.9,RHS,Rural,Kavali,Collision Brush/Side Wipe, Lorry hit Tractor and went out of road ,Lorry,Minor injury,Fault of driver of motor vehicle/driver of other vehicle/cyclist/pedestrian/passenger,Four lanes or more with central divider,Straight road,,Fine,AP24Y  7218,A.M.B,Grevious,0
11.11.2016,11:00 AM,1330.9,RHS,Rural,Kavali,Collision Brush/Side Wipe, Lorry hit Tractor and went out of road ,Lorry,Minor injury,Fault of driver of motor vehicle/driver of other vehicle/cyclist/pedestrian/passenger,Four lanes or more with central divider,Straight road,,Fine,AP24Y  7218,A.M.B,Minor,2
11.11.2016,11:00 AM,1330.9,RHS,Rural,Kavali,Collision Brush/Side Wipe, Lorry hit Tractor and went out of road ,Lorry,Minor injury,Fault of driver of motor vehicle/driver of other vehicle/cyclist/pedestrian/passenger,Four lanes or more with central divider,Straight road,,Fine,AP24Y  7218,A.M.B,Non injured ,1
11.11.2016,11:00 AM,1330.9,RHS,Rural,Kavali,Collision Brush/Side Wipe, Lorry hit Tractor and went out of road ,Lorry,Minor injury,Fault of driver of motor vehicle/driver of other vehicle/cyclist/pedestrian/passenger,Four lanes or more with central divider,Straight road,,Fine,AP24Y  7218,A.M.B,Animals affected,0
13.11.2016,12:55 AM,1361.5,RHS,Rural,Kodavaluru,Rear End Collision, Milk Tanker hit Lorry,Tanker,Minor injury,Over speed,Four lanes or more with central divider,Straight road,,Fine,TN30P   1177,P.V ,Fatal,0
13.11.2016,12:55 AM,1361.5,RHS,Rural,Kodavaluru,Rear End Collision, Milk Tanker hit Lorry,Tanker,Minor injury,Over speed,Four lanes or more with central divider,Straight road,,Fine,TN30P   1177,P.V ,Grevious,0
13.11.2016,12:55 AM,1361.5,RHS,Rural,Kodavaluru,Rear End Collision, Milk Tanker hit Lorry,Tanker,Minor injury,Over speed,Four lanes or more with central divider,Straight road,,Fine,TN30P   1177,P.V ,Minor,1
13.11.2016,12:55 AM,1361.5,RHS,Rural,Kodavaluru,Rear End Collision, Milk Tanker hit Lorry,Tanker,Minor injury,Over speed,Four lanes or more with central divider,Straight road,,Fine,TN30P   1177,P.V ,Non injured ,2
13.11.2016,12:55 AM,1361.5,RHS,Rural,Kodavaluru,Rear End Collision, Milk Tanker hit Lorry,Tanker,Minor injury,Over speed,Four lanes or more with central divider,Straight road,,Fine,TN30P   1177,P.V ,Animals affected,0
13.11.2016,4:10 AM,1316.8,LHS,Rural,Kavali,Overturning, Mini Truck Overturned towards ROW,Lorry,Grievious injury,Fault of driver of motor vehicle/driver of other vehicle/cyclist/pedestrian/passenger,Four lanes or more with central divider,Straight road,,Fine,AP07TE 2632,P.V ,Fatal,0
13.11.2016,4:10 AM,1316.8,LHS,Rural,Kavali,Overturning, Mini Truck Overturned towards ROW,Lorry,Grievious injury,Fault of driver of motor vehicle/driver of other vehicle/cyclist/pedestrian/passenger,Four lanes or more with central divider,Straight road,,Fine,AP07TE 2632,P.V ,Grevious,1
13.11.2016,4:10 AM,1316.8,LHS,Rural,Kavali,Overturning, Mini Truck Overturned towards ROW,Lorry,Grievious injury,Fault of driver of motor vehicle/driver of other vehicle/cyclist/pedestrian/passenger,Four lanes or more with central divider,Straight road,,Fine,AP07TE 2632,P.V ,Minor,0
13.11.2016,4:10 AM,1316.8,LHS,Rural,Kavali,Overturning, Mini Truck Overturned towards ROW,Lorry,Grievious injury,Fault of driver of motor vehicle/driver of other vehicle/cyclist/pedestrian/passenger,Four lanes or more with central divider,Straight road,,Fine,AP07TE 2632,P.V ,Non injured ,0
13.11.2016,4:10 AM,1316.8,LHS,Rural,Kavali,Overturning, Mini Truck Overturned towards ROW,Lorry,Grievious injury,Fault of driver of motor vehicle/driver of other vehicle/cyclist/pedestrian/passenger,Four lanes or more with central divider,Straight road,,Fine,AP07TE 2632,P.V ,Animals affected,0
13.11.2016,6:55 AM,1282,LHS,Rural,Singarayakonda,Collision Brush/Side Wipe, Mini Truck hit Lorry,Lorry,Minor injury,Fault of driver of motor vehicle/driver of other vehicle/cyclist/pedestrian/passenger,Four lanes or more with central divider,Straight road,,Fine,TN16C   2263,P.V ,Fatal,0
13.11.2016,6:55 AM,1282,LHS,Rural,Singarayakonda,Collision Brush/Side Wipe, Mini Truck hit Lorry,Lorry,Minor injury,Fault of driver of motor vehicle/driver of other vehicle/cyclist/pedestrian/passenger,Four lanes or more with central divider,Straight road,,Fine,TN16C   2263,P.V ,Grevious,0
13.11.2016,6:55 AM,1282,LHS,Rural,Singarayakonda,Collision Brush/Side Wipe, Mini Truck hit Lorry,Lorry,Minor injury,Fault of driver of motor vehicle/driver of other vehicle/cyclist/pedestrian/passenger,Four lanes or more with central divider,Straight road,,Fine,TN16C   2263,P.V ,Minor,1
13.11.2016,6:55 AM,1282,LHS,Rural,Singarayakonda,Collision Brush/Side Wipe, Mini Truck hit Lorry,Lorry,Minor injury,Fault of driver of motor vehicle/driver of other vehicle/cyclist/pedestrian/passenger,Four lanes or more with central divider,Straight road,,Fine,TN16C   2263,P.V ,Non injured ,1
13.11.2016,6:55 AM,1282,LHS,Rural,Singarayakonda,Collision Brush/Side Wipe, Mini Truck hit Lorry,Lorry,Minor injury,Fault of driver of motor vehicle/driver of other vehicle/cyclist/pedestrian/passenger,Four lanes or more with central divider,Straight road,,Fine,TN16C   2263,P.V ,Animals affected,0
13.11.2016,8:00 AM,1262.8,LHS,Rural,Tangutur,Skidding, Bike Skidding,Bike,Minor injury,Over speed,Four lanes or more with central divider,Straight road,,Fine,AP27AM 4623,A.M.B,Fatal,0
13.11.2016,8:00 AM,1262.8,LHS,Rural,Tangutur,Skidding, Bike Skidding,Bike,Minor injury,Over speed,Four lanes or more with central divider,Straight road,,Fine,AP27AM 4623,A.M.B,Grevious,0
13.11.2016,8:00 AM,1262.8,LHS,Rural,Tangutur,Skidding, Bike Skidding,Bike,Minor injury,Over speed,Four lanes or more with central divider,Straight road,,Fine,AP27AM 4623,A.M.B,Minor,1
13.11.2016,8:00 AM,1262.8,LHS,Rural,Tangutur,Skidding, Bike Skidding,Bike,Minor injury,Over speed,Four lanes or more with central divider,Straight road,,Fine,AP27AM 4623,A.M.B,Non injured ,0
13.11.2016,8:00 AM,1262.8,LHS,Rural,Tangutur,Skidding, Bike Skidding,Bike,Minor injury,Over speed,Four lanes or more with central divider,Straight road,,Fine,AP27AM 4623,A.M.B,Animals affected,0
13.11.2016,6:20 PM,1237.4,RHS,Rural,Maddipadu,Collision Brush/Side Wipe,Bike went out of road towards ROW,Bike,Minor injury,Druken,Four lanes or more with central divider,Straight road,,Fine,AP27AU  4549,P.V ,Fatal,0
13.11.2016,6:20 PM,1237.4,RHS,Rural,Maddipadu,Collision Brush/Side Wipe,Bike went out of road towards ROW,Bike,Minor injury,Druken,Four lanes or more with central divider,Straight road,,Fine,AP27AU  4549,P.V ,Grevious,0
13.11.2016,6:20 PM,1237.4,RHS,Rural,Maddipadu,Collision Brush/Side Wipe,Bike went out of road towards ROW,Bike,Minor injury,Druken,Four lanes or more with central divider,Straight road,,Fine,AP27AU  4549,P.V ,Minor,2
13.11.2016,6:20 PM,1237.4,RHS,Rural,Maddipadu,Collision Brush/Side Wipe,Bike went out of road towards ROW,Bike,Minor injury,Druken,Four lanes or more with central divider,Straight road,,Fine,AP27AU  4549,P.V ,Non injured ,1
13.11.2016,6:20 PM,1237.4,RHS,Rural,Maddipadu,Collision Brush/Side Wipe,Bike went out of road towards ROW,Bike,Minor injury,Druken,Four lanes or more with central divider,Straight road,,Fine,AP27AU  4549,P.V ,Animals affected,0
14.11.2016,2:50 AM,1295.2,RHS,Rural,Ulavapadu,Collision Brush/Side Wipe, Unknown Vehicle hit Pedestrian ,Unknown,Fatal,Over speed,Four lanes or more with central divider,Straight road,,Fine,Unknown Vehicle,P.V ,Fatal,1
14.11.2016,2:50 AM,1295.2,RHS,Rural,Ulavapadu,Collision Brush/Side Wipe, Unknown Vehicle hit Pedestrian ,Unknown,Fatal,Over speed,Four lanes or more with central divider,Straight road,,Fine,Unknown Vehicle,P.V ,Grevious,0
14.11.2016,2:50 AM,1295.2,RHS,Rural,Ulavapadu,Collision Brush/Side Wipe, Unknown Vehicle hit Pedestrian ,Unknown,Fatal,Over speed,Four lanes or more with central divider,Straight road,,Fine,Unknown Vehicle,P.V ,Minor,0
14.11.2016,2:50 AM,1295.2,RHS,Rural,Ulavapadu,Collision Brush/Side Wipe, Unknown Vehicle hit Pedestrian ,Unknown,Fatal,Over speed,Four lanes or more with central divider,Straight road,,Fine,Unknown Vehicle,P.V ,Non injured ,0
14.11.2016,2:50 AM,1295.2,RHS,Rural,Ulavapadu,Collision Brush/Side Wipe, Unknown Vehicle hit Pedestrian ,Unknown,Fatal,Over speed,Four lanes or more with central divider,Straight road,,Fine,Unknown Vehicle,P.V ,Animals affected,0
14.11.2016,5:30 AM,1292.3,LHS,Rural,Ulavapadu,Rear End Collision, Car hit Lorry,Car,Grievious injury,Over speed,Four lanes or more with central divider,Straight road,,Fine,AP16BB 8768,P.V ,Fatal,0
14.11.2016,5:30 AM,1292.3,LHS,Rural,Ulavapadu,Rear End Collision, Car hit Lorry,Car,Grievious injury,Over speed,Four lanes or more with central divider,Straight road,,Fine,AP16BB 8768,P.V ,Grevious,1
14.11.2016,5:30 AM,1292.3,LHS,Rural,Ulavapadu,Rear End Collision, Car hit Lorry,Car,Grievious injury,Over speed,Four lanes or more with central divider,Straight road,,Fine,AP16BB 8768,P.V ,Minor,0
14.11.2016,5:30 AM,1292.3,LHS,Rural,Ulavapadu,Rear End Collision, Car hit Lorry,Car,Grievious injury,Over speed,Four lanes or more with central divider,Straight road,,Fine,AP16BB 8768,P.V ,Non injured ,1
14.11.2016,5:30 AM,1292.3,LHS,Rural,Ulavapadu,Rear End Collision, Car hit Lorry,Car,Grievious injury,Over speed,Four lanes or more with central divider,Straight road,,Fine,AP16BB 8768,P.V ,Animals affected,0
14.11.2016,12:10 PM,1260.6,LHS,Rural,Tangutur,Collision Brush/Side Wipe, Bike hit RTC Bus,Bike,Minor injury,Over speed,Four lanes or more with central divider,Straight road,,Fine,AP27AA  2999,A.M.B,Fatal,0
14.11.2016,12:10 PM,1260.6,LHS,Rural,Tangutur,Collision Brush/Side Wipe, Bike hit RTC Bus,Bike,Minor injury,Over speed,Four lanes or more with central divider,Straight road,,Fine,AP27AA  2999,A.M.B,Grevious,0
14.11.2016,12:10 PM,1260.6,LHS,Rural,Tangutur,Collision Brush/Side Wipe, Bike hit RTC Bus,Bike,Minor injury,Over speed,Four lanes or more with central divider,Straight road,,Fine,AP27AA  2999,A.M.B,Minor,1
14.11.2016,12:10 PM,1260.6,LHS,Rural,Tangutur,Collision Brush/Side Wipe, Bike hit RTC Bus,Bike,Minor injury,Over speed,Four lanes or more with central divider,Straight road,,Fine,AP27AA  2999,A.M.B,Non injured ,0
14.11.2016,12:10 PM,1260.6,LHS,Rural,Tangutur,Collision Brush/Side Wipe, Bike hit RTC Bus,Bike,Minor injury,Over speed,Four lanes or more with central divider,Straight road,,Fine,AP27AA  2999,A.M.B,Animals affected,0
14.11.2016,5:30 PM,1242.6,RHS,Rural,Ongole,Collision Brush/Side Wipe, Bike hit median,Bike,Minor injury,Druken,Four lanes or more with central divider,Straight road,,Fine,AP27BK  4930,P.V ,Fatal,0
14.11.2016,5:30 PM,1242.6,RHS,Rural,Ongole,Collision Brush/Side Wipe, Bike hit median,Bike,Minor injury,Druken,Four lanes or more with central divider,Straight road,,Fine,AP27BK  4930,P.V ,Grevious,0
14.11.2016,5:30 PM,1242.6,RHS,Rural,Ongole,Collision Brush/Side Wipe, Bike hit median,Bike,Minor injury,Druken,Four lanes or more with central divider,Straight road,,Fine,AP27BK  4930,P.V ,Minor,2
14.11.2016,5:30 PM,1242.6,RHS,Rural,Ongole,Collision Brush/Side Wipe, Bike hit median,Bike,Minor injury,Druken,Four lanes or more with central divider,Straight road,,Fine,AP27BK  4930,P.V ,Non injured ,0
14.11.2016,5:30 PM,1242.6,RHS,Rural,Ongole,Collision Brush/Side Wipe, Bike hit median,Bike,Minor injury,Druken,Four lanes or more with central divider,Straight road,,Fine,AP27BK  4930,P.V ,Animals affected,0
15.11.2016,4:15 AM,1212.1,RHS,Rural,Medarametla,Overturning, Lorry overturned towards Row,Lorry,Non injury,Fault of driver of motor vehicle/driver of other vehicle/cyclist/pedestrian/passenger,Four lanes or more with central divider,Straight road,,Fine,WB25E 4668,P.V ,Fatal,0
15.11.2016,4:15 AM,1212.1,RHS,Rural,Medarametla,Overturning, Lorry overturned towards Row,Lorry,Non injury,Fault of driver of motor vehicle/driver of other vehicle/cyclist/pedestrian/passenger,Four lanes or more with central divider,Straight road,,Fine,WB25E 4668,P.V ,Grevious,0
15.11.2016,4:15 AM,1212.1,RHS,Rural,Medarametla,Overturning, Lorry overturned towards Row,Lorry,Non injury,Fault of driver of motor vehicle/driver of other vehicle/cyclist/pedestrian/passenger,Four lanes or more with central divider,Straight road,,Fine,WB25E 4668,P.V ,Minor,0
15.11.2016,4:15 AM,1212.1,RHS,Rural,Medarametla,Overturning, Lorry overturned towards Row,Lorry,Non injury,Fault of driver of motor vehicle/driver of other vehicle/cyclist/pedestrian/passenger,Four lanes or more with central divider,Straight road,,Fine,WB25E 4668,P.V ,Non injured ,2
15.11.2016,4:15 AM,1212.1,RHS,Rural,Medarametla,Overturning, Lorry overturned towards Row,Lorry,Non injury,Fault of driver of motor vehicle/driver of other vehicle/cyclist/pedestrian/passenger,Four lanes or more with central divider,Straight road,,Fine,WB25E 4668,P.V ,Animals affected,0
16.11.2016,3:40 AM,1321.6,RHS,Rural,Kavali,Rear End Collision,Container Vehicle hit Unknown Vehicle ,Container,Minor injury,Fault of driver of motor vehicle/driver of other vehicle/cyclist/pedestrian/passenger,Four lanes or more with central divider,Straight road,,Fine,TN04AR 9426,P.V ,Fatal,0
16.11.2016,3:40 AM,1321.6,RHS,Rural,Kavali,Rear End Collision,Container Vehicle hit Unknown Vehicle ,Container,Minor injury,Fault of driver of motor vehicle/driver of other vehicle/cyclist/pedestrian/passenger,Four lanes or more with central divider,Straight road,,Fine,TN04AR 9426,P.V ,Grevious,0
16.11.2016,3:40 AM,1321.6,RHS,Rural,Kavali,Rear End Collision,Container Vehicle hit Unknown Vehicle ,Container,Minor injury,Fault of driver of motor vehicle/driver of other vehicle/cyclist/pedestrian/passenger,Four lanes or more with central divider,Straight road,,Fine,TN04AR 9426,P.V ,Minor,1
16.11.2016,3:40 AM,1321.6,RHS,Rural,Kavali,Rear End Collision,Container Vehicle hit Unknown Vehicle ,Container,Minor injury,Fault of driver of motor vehicle/driver of other vehicle/cyclist/pedestrian/passenger,Four lanes or more with central divider,Straight road,,Fine,TN04AR 9426,P.V ,Non injured ,1
16.11.2016,3:40 AM,1321.6,RHS,Rural,Kavali,Rear End Collision,Container Vehicle hit Unknown Vehicle ,Container,Minor injury,Fault of driver of motor vehicle/driver of other vehicle/cyclist/pedestrian/passenger,Four lanes or more with central divider,Straight road,,Fine,TN04AR 9426,P.V ,Animals affected,0
16.11.2016,5:20 AM,1277.6,LHS,Rural,Singarayakonda,Overturning, Mini Truck hit Bridge wall and overturn,Lorry,Non injury,Fault of driver of motor vehicle/driver of other vehicle/cyclist/pedestrian/passenger,Four lanes or more with central divider,Straight road,,Fine,AP07TF 2757,P.V ,Fatal,0
16.11.2016,5:20 AM,1277.6,LHS,Rural,Singarayakonda,Overturning, Mini Truck hit Bridge wall and overturn,Lorry,Non injury,Fault of driver of motor vehicle/driver of other vehicle/cyclist/pedestrian/passenger,Four lanes or more with central divider,Straight road,,Fine,AP07TF 2757,P.V ,Grevious,0
16.11.2016,5:20 AM,1277.6,LHS,Rural,Singarayakonda,Overturning, Mini Truck hit Bridge wall and overturn,Lorry,Non injury,Fault of driver of motor vehicle/driver of other vehicle/cyclist/pedestrian/passenger,Four lanes or more with central divider,Straight road,,Fine,AP07TF 2757,P.V ,Minor,0
16.11.2016,5:20 AM,1277.6,LHS,Rural,Singarayakonda,Overturning, Mini Truck hit Bridge wall and overturn,Lorry,Non injury,Fault of driver of motor vehicle/driver of other vehicle/cyclist/pedestrian/passenger,Four lanes or more with central divider,Straight road,,Fine,AP07TF 2757,P.V ,Non injured ,3
16.11.2016,5:20 AM,1277.6,LHS,Rural,Singarayakonda,Overturning, Mini Truck hit Bridge wall and overturn,Lorry,Non injury,Fault of driver of motor vehicle/driver of other vehicle/cyclist/pedestrian/passenger,Four lanes or more with central divider,Straight road,,Fine,AP07TF 2757,P.V ,Animals affected,0
16.11.2016,7:05 AM,1313.7,RHS,Rural,Kavali,Collision Brush/Side Wipe, Car hit VUP Bridge wall ,Car,Grievious injury,Fault of driver of motor vehicle/driver of other vehicle/cyclist/pedestrian/passenger,Four lanes or more with central divider,Straight road,,Fine,AP27AH 7374,P.V ,Fatal,0