Operational date,Time of Accident,KM && M,Position,Rural/Urban,Location,Nature of Accident Position,Nature of Accident,Vehicle Involved,Type of Accident,Causes,Road Feature,Road condition,Intersection Type And Control,Weather Condition,Vehicle Responsible,Help Provided by Ambulance/Patroling Vehicle,Classification of Accident,No of Affected Persons
16.11.2016,7:05 AM,1313.7,RHS,Rural,Kavali,Collision Brush/Side Wipe, Car hit VUP Bridge wall ,Car,Grievious injury,Fault of driver of motor vehicle/driver of other vehicle/cyclist/pedestrian/passenger,Four lanes or more with central divider,Straight road,,Fine,AP27AH 7374,P.V ,Grevious,1
16.11.2016,7:05 AM,1313.7,RHS,Rural,Kavali,Collision Brush/Side Wipe, Car hit VUP Bridge wall ,Car,Grievious injury,Fault of driver of motor vehicle/driver of other vehicle/cyclist/pedestrian/passenger,Four lanes or more with central divider,Straight road,,Fine,AP27AH 7374,P.V ,Minor,2
16.11.2016,7:05 AM,1313.7,RHS,Rural,Kavali,Collision Brush/Side Wipe, Car hit VUP Bridge wall ,Car,Grievious injury,Fault of driver of motor vehicle/driver of other vehicle/cyclist/pedestrian/passenger,Four lanes or more with central divider,Straight road,,Fine,AP27AH 7374,P.V ,Non injured ,0
16.11.2016,7:05 AM,1313.7,RHS,Rural,Kavali,Collision Brush/Side Wipe, Car hit VUP Bridge wall ,Car,Grievious injury,Fault of driver of motor vehicle/driver of other vehicle/cyclist/pedestrian/passenger,Four lanes or more with central divider,Straight road,,Fine,AP27AH 7374,P.V ,Animals affected,0
16.11.2016,4:45 PM,1350.5,RHS,Rural,Kodavaluru,Rear End Collision, Bike hit     Tractor,Bike,Grievious injury,Over speed,Four lanes or more with central divider,Straight road,,Fine,AP26BE 6852,P.V ,Fatal,0
16.11.2016,4:45 PM,1350.5,RHS,Rural,Kodavaluru,Rear End Collision, Bike hit     Tractor,Bike,Grievious injury,Over speed,Four lanes or more with central divider,Straight road,,Fine,AP26BE 6852,P.V ,Grevious,1
16.11.2016,4:45 PM,1350.5,RHS,Rural,Kodavaluru,Rear End Collision, Bike hit     Tractor,Bike,Grievious injury,Over speed,Four lanes or more with central divider,Straight road,,Fine,AP26BE 6852,P.V ,Minor,0
16.11.2016,4:45 PM,1350.5,RHS,Rural,Kodavaluru,Rear End Collision, Bike hit     Tractor,Bike,Grievious injury,Over speed,Four lanes or more with central divider,Straight road,,Fine,AP26BE 6852,P.V ,Non injured ,1
16.11.2016,4:45 PM,1350.5,RHS,Rural,Kodavaluru,Rear End Collision, Bike hit     Tractor,Bike,Grievious injury,Over speed,Four lanes or more with central divider,Straight road,,Fine,AP26BE 6852,P.V ,Animals affected,0
19.11.2016,1:15 AM,1277.6,LHS,Rural,Singarayakonda,Overturning, Milk Tanker Overturned,Tanker,Non injury,Fault of driver of motor vehicle/driver of other vehicle/cyclist/pedestrian/passenger,Four lanes or more with central divider,Straight road,,Fine,TN36AW  9495,P.V ,Fatal,0
19.11.2016,1:15 AM,1277.6,LHS,Rural,Singarayakonda,Overturning, Milk Tanker Overturned,Tanker,Non injury,Fault of driver of motor vehicle/driver of other vehicle/cyclist/pedestrian/passenger,Four lanes or more with central divider,Straight road,,Fine,TN36AW  9495,P.V ,Grevious,0
19.11.2016,1:15 AM,1277.6,LHS,Rural,Singarayakonda,Overturning, Milk Tanker Overturned,Tanker,Non injury,Fault of driver of motor vehicle/driver of other vehicle/cyclist/pedestrian/passenger,Four lanes or more with central divider,Straight road,,Fine,TN36AW  9495,P.V ,Minor,0
19.11.2016,1:15 AM,1277.6,LHS,Rural,Singarayakonda,Overturning, Milk Tanker Overturned,Tanker,Non injury,Fault of driver of motor vehicle/driver of other vehicle/cyclist/pedestrian/passenger,Four lanes or more with central divider,Straight road,,Fine,TN36AW  9495,P.V ,Non injured ,2
19.11.2016,1:15 AM,1277.6,LHS,Rural,Singarayakonda,Overturning, Milk Tanker Overturned,Tanker,Non injury,Fault of driver of motor vehicle/driver of other vehicle/cyclist/pedestrian/passenger,Four lanes or more with central divider,Straight road,,Fine,TN36AW  9495,P.V ,Animals affected,0
19.11.2016,7:20 AM,1246.7,LHS,Urban,Ongole,Collision Brush/Side Wipe, Lorry hit Car,Lorry,Grievious injury,Over speed,Four lanes or more with central divider,Straight road,,Fine,TN34Q   8489,P.V ,Fatal,0
19.11.2016,7:20 AM,1246.7,LHS,Urban,Ongole,Collision Brush/Side Wipe, Lorry hit Car,Lorry,Grievious injury,Over speed,Four lanes or more with central divider,Straight road,,Fine,TN34Q   8489,P.V ,Grevious,1
19.11.2016,7:20 AM,1246.7,LHS,Urban,Ongole,Collision Brush/Side Wipe, Lorry hit Car,Lorry,Grievious injury,Over speed,Four lanes or more with central divider,Straight road,,Fine,TN34Q   8489,P.V ,Minor,4
19.11.2016,7:20 AM,1246.7,LHS,Urban,Ongole,Collision Brush/Side Wipe, Lorry hit Car,Lorry,Grievious injury,Over speed,Four lanes or more with central divider,Straight road,,Fine,TN34Q   8489,P.V ,Non injured ,0
19.11.2016,7:20 AM,1246.7,LHS,Urban,Ongole,Collision Brush/Side Wipe, Lorry hit Car,Lorry,Grievious injury,Over speed,Four lanes or more with central divider,Straight road,,Fine,TN34Q   8489,P.V ,Animals affected,0
19.11.2016,9:35 AM,1234.8,RHS,Rural,Maddipadu,Rear End Collision, Container Vehicle hit Lorry ,Container,Non injury,Fault of driver of motor vehicle/driver of other vehicle/cyclist/pedestrian/passenger,Four lanes or more with central divider,Straight road,,Fine,NL01L   5036,P.V ,Fatal,0
19.11.2016,9:35 AM,1234.8,RHS,Rural,Maddipadu,Rear End Collision, Container Vehicle hit Lorry ,Container,Non injury,Fault of driver of motor vehicle/driver of other vehicle/cyclist/pedestrian/passenger,Four lanes or more with central divider,Straight road,,Fine,NL01L   5036,P.V ,Grevious,0
19.11.2016,9:35 AM,1234.8,RHS,Rural,Maddipadu,Rear End Collision, Container Vehicle hit Lorry ,Container,Non injury,Fault of driver of motor vehicle/driver of other vehicle/cyclist/pedestrian/passenger,Four lanes or more with central divider,Straight road,,Fine,NL01L   5036,P.V ,Minor,0
19.11.2016,9:35 AM,1234.8,RHS,Rural,Maddipadu,Rear End Collision, Container Vehicle hit Lorry ,Container,Non injury,Fault of driver of motor vehicle/driver of other vehicle/cyclist/pedestrian/passenger,Four lanes or more with central divider,Straight road,,Fine,NL01L   5036,P.V ,Non injured ,2
19.11.2016,9:35 AM,1234.8,RHS,Rural,Maddipadu,Rear End Collision, Container Vehicle hit Lorry ,Container,Non injury,Fault of driver of motor vehicle/driver of other vehicle/cyclist/pedestrian/passenger,Four lanes or more with central divider,Straight road,,Fine,NL01L   5036,P.V ,Animals affected,0
19.11.2016,11:50 AM,1310.4,RHS,Rural,Kavali,Head on collision, Unknown Vehicle hit TVS XL Moped ,Unknown,Fatal,Over speed,Four lanes or more with central divider,Straight road,,Fine,Unknown Vehicle,P.V ,Fatal,1
19.11.2016,11:50 AM,1310.4,RHS,Rural,Kavali,Head on collision, Unknown Vehicle hit TVS XL Moped ,Unknown,Fatal,Over speed,Four lanes or more with central divider,Straight road,,Fine,Unknown Vehicle,P.V ,Grevious,0
19.11.2016,11:50 AM,1310.4,RHS,Rural,Kavali,Head on collision, Unknown Vehicle hit TVS XL Moped ,Unknown,Fatal,Over speed,Four lanes or more with central divider,Straight road,,Fine,Unknown Vehicle,P.V ,Minor,0
19.11.2016,11:50 AM,1310.4,RHS,Rural,Kavali,Head on collision, Unknown Vehicle hit TVS XL Moped ,Unknown,Fatal,Over speed,Four lanes or more with central divider,Straight road,,Fine,Unknown Vehicle,P.V ,Non injured ,0
19.11.2016,11:50 AM,1310.4,RHS,Rural,Kavali,Head on collision, Unknown Vehicle hit TVS XL Moped ,Unknown,Fatal,Over speed,Four lanes or more with central divider,Straight road,,Fine,Unknown Vehicle,P.V ,Animals affected,0
19.11.2016,3:05 PM,1332.8,RHS,Rural,K.Tippa ,Collision Brush/Side Wipe, Car hit Cow,Car,Non injury,Over speed,Four lanes or more with central divider,Straight road,,Fine,AP26AD 0117,P.V ,Fatal,0
19.11.2016,3:05 PM,1332.8,RHS,Rural,K.Tippa ,Collision Brush/Side Wipe, Car hit Cow,Car,Non injury,Over speed,Four lanes or more with central divider,Straight road,,Fine,AP26AD 0117,P.V ,Grevious,0
19.11.2016,3:05 PM,1332.8,RHS,Rural,K.Tippa ,Collision Brush/Side Wipe, Car hit Cow,Car,Non injury,Over speed,Four lanes or more with central divider,Straight road,,Fine,AP26AD 0117,P.V ,Minor,0
19.11.2016,3:05 PM,1332.8,RHS,Rural,K.Tippa ,Collision Brush/Side Wipe, Car hit Cow,Car,Non injury,Over speed,Four lanes or more with central divider,Straight road,,Fine,AP26AD 0117,P.V ,Non injured ,2
19.11.2016,3:05 PM,1332.8,RHS,Rural,K.Tippa ,Collision Brush/Side Wipe, Car hit Cow,Car,Non injury,Over speed,Four lanes or more with central divider,Straight road,,Fine,AP26AD 0117,P.V ,Animals affected,0
19.11.2016,10:40 PM,1346.4,LHS,Rural,Dagadarthi,Rear End Collision, Yatro Geni Travels Volvo Bus hit Mini B,Bus,Non injury,Over speed,Four lanes or more with central divider,Straight road,,Fine,KA01A  0662,P.V ,Fatal,0
19.11.2016,10:40 PM,1346.4,LHS,Rural,Dagadarthi,Rear End Collision, Yatro Geni Travels Volvo Bus hit Mini B,Bus,Non injury,Over speed,Four lanes or more with central divider,Straight road,,Fine,KA01A  0662,P.V ,Grevious,0
19.11.2016,10:40 PM,1346.4,LHS,Rural,Dagadarthi,Rear End Collision, Yatro Geni Travels Volvo Bus hit Mini B,Bus,Non injury,Over speed,Four lanes or more with central divider,Straight road,,Fine,KA01A  0662,P.V ,Minor,0
19.11.2016,10:40 PM,1346.4,LHS,Rural,Dagadarthi,Rear End Collision, Yatro Geni Travels Volvo Bus hit Mini B,Bus,Non injury,Over speed,Four lanes or more with central divider,Straight road,,Fine,KA01A  0662,P.V ,Non injured ,44
19.11.2016,10:40 PM,1346.4,LHS,Rural,Dagadarthi,Rear End Collision, Yatro Geni Travels Volvo Bus hit Mini B,Bus,Non injury,Over speed,Four lanes or more with central divider,Straight road,,Fine,KA01A  0662,P.V ,Animals affected,0
20.11.2016,9:30 PM,1290.9,LHS,Rural,Ulavapadu,Rear End Collision,)Lorry hit Unknown Vehicle ,Lorry,Non injury,Druken,Four lanes or more with central divider,Straight road,,Fine,AP26TE 6959,P.V ,Fatal,0
20.11.2016,9:30 PM,1290.9,LHS,Rural,Ulavapadu,Rear End Collision,)Lorry hit Unknown Vehicle ,Lorry,Non injury,Druken,Four lanes or more with central divider,Straight road,,Fine,AP26TE 6959,P.V ,Grevious,0
20.11.2016,9:30 PM,1290.9,LHS,Rural,Ulavapadu,Rear End Collision,)Lorry hit Unknown Vehicle ,Lorry,Non injury,Druken,Four lanes or more with central divider,Straight road,,Fine,AP26TE 6959,P.V ,Minor,0
20.11.2016,9:30 PM,1290.9,LHS,Rural,Ulavapadu,Rear End Collision,)Lorry hit Unknown Vehicle ,Lorry,Non injury,Druken,Four lanes or more with central divider,Straight road,,Fine,AP26TE 6959,P.V ,Non injured ,3
20.11.2016,9:30 PM,1290.9,LHS,Rural,Ulavapadu,Rear End Collision,)Lorry hit Unknown Vehicle ,Lorry,Non injury,Druken,Four lanes or more with central divider,Straight road,,Fine,AP26TE 6959,P.V ,Animals affected,0
22.11.2016,5:50 AM,1261.7,LHS,Rural,Tangutur,Overturning, Tata Ace Vehicle hit CC barrier and ove,Tata Ace,Non injury,Over speed,Four lanes or more with central divider,Straight road,,Fine,AP16TD 2445,P.V ,Fatal,0
22.11.2016,5:50 AM,1261.7,LHS,Rural,Tangutur,Overturning, Tata Ace Vehicle hit CC barrier and ove,Tata Ace,Non injury,Over speed,Four lanes or more with central divider,Straight road,,Fine,AP16TD 2445,P.V ,Grevious,0
22.11.2016,5:50 AM,1261.7,LHS,Rural,Tangutur,Overturning, Tata Ace Vehicle hit CC barrier and ove,Tata Ace,Non injury,Over speed,Four lanes or more with central divider,Straight road,,Fine,AP16TD 2445,P.V ,Minor,0
22.11.2016,5:50 AM,1261.7,LHS,Rural,Tangutur,Overturning, Tata Ace Vehicle hit CC barrier and ove,Tata Ace,Non injury,Over speed,Four lanes or more with central divider,Straight road,,Fine,AP16TD 2445,P.V ,Non injured ,2
22.11.2016,5:50 AM,1261.7,LHS,Rural,Tangutur,Overturning, Tata Ace Vehicle hit CC barrier and ove,Tata Ace,Non injury,Over speed,Four lanes or more with central divider,Straight road,,Fine,AP16TD 2445,P.V ,Animals affected,0
22.11.2016,11:40 PM,1223.8,LHS,Rural,Medarametla,Collision Brush/Side Wipe, Unknown vehicle hit Pedestrian,Unknown,Grievious injury,Over speed,Four lanes or more with central divider,Straight road,,Fine,Unknown Vehicle,P.V& AMB ,Fatal,0
22.11.2016,11:40 PM,1223.8,LHS,Rural,Medarametla,Collision Brush/Side Wipe, Unknown vehicle hit Pedestrian,Unknown,Grievious injury,Over speed,Four lanes or more with central divider,Straight road,,Fine,Unknown Vehicle,P.V& AMB ,Grevious,1
22.11.2016,11:40 PM,1223.8,LHS,Rural,Medarametla,Collision Brush/Side Wipe, Unknown vehicle hit Pedestrian,Unknown,Grievious injury,Over speed,Four lanes or more with central divider,Straight road,,Fine,Unknown Vehicle,P.V& AMB ,Minor,0
22.11.2016,11:40 PM,1223.8,LHS,Rural,Medarametla,Collision Brush/Side Wipe, Unknown vehicle hit Pedestrian,Unknown,Grievious injury,Over speed,Four lanes or more with central divider,Straight road,,Fine,Unknown Vehicle,P.V& AMB ,Non injured ,0
22.11.2016,11:40 PM,1223.8,LHS,Rural,Medarametla,Collision Brush/Side Wipe, Unknown vehicle hit Pedestrian,Unknown,Grievious injury,Over speed,Four lanes or more with central divider,Straight road,,Fine,Unknown Vehicle,P.V& AMB ,Animals affected,0
23.11.2016,12:30 AM,1235.2,RHS,Rural,Maddipadu,Collision Brush/Side Wipe, Bike hit Lorry,Bike,Grievious injury,Fault of driver of motor vehicle/driver of other vehicle/cyclist/pedestrian/passenger,Four lanes or more with central divider,Straight road,,Fine,AP07BS  6235,P.V ,Fatal,0
23.11.2016,12:30 AM,1235.2,RHS,Rural,Maddipadu,Collision Brush/Side Wipe, Bike hit Lorry,Bike,Grievious injury,Fault of driver of motor vehicle/driver of other vehicle/cyclist/pedestrian/passenger,Four lanes or more with central divider,Straight road,,Fine,AP07BS  6235,P.V ,Grevious,1
23.11.2016,12:30 AM,1235.2,RHS,Rural,Maddipadu,Collision Brush/Side Wipe, Bike hit Lorry,Bike,Grievious injury,Fault of driver of motor vehicle/driver of other vehicle/cyclist/pedestrian/passenger,Four lanes or more with central divider,Straight road,,Fine,AP07BS  6235,P.V ,Minor,0
23.11.2016,12:30 AM,1235.2,RHS,Rural,Maddipadu,Collision Brush/Side Wipe, Bike hit Lorry,Bike,Grievious injury,Fault of driver of motor vehicle/driver of other vehicle/cyclist/pedestrian/passenger,Four lanes or more with central divider,Straight road,,Fine,AP07BS  6235,P.V ,Non injured ,0
23.11.2016,12:30 AM,1235.2,RHS,Rural,Maddipadu,Collision Brush/Side Wipe, Bike hit Lorry,Bike,Grievious injury,Fault of driver of motor vehicle/driver of other vehicle/cyclist/pedestrian/passenger,Four lanes or more with central divider,Straight road,,Fine,AP07BS  6235,P.V ,Animals affected,0
25.11.2016,3:55 PM,1287.5,RHS,Rural,Ulavapadu,Overturning, Lorry hit Median and Overturned,Lorry,Non injury,Defect in mechanical condition of motor vehicle/road condition,Four lanes or more with central divider,Straight road,,Fine,WB65C  1810,P.V ,Fatal,0
25.11.2016,3:55 PM,1287.5,RHS,Rural,Ulavapadu,Overturning, Lorry hit Median and Overturned,Lorry,Non injury,Defect in mechanical condition of motor vehicle/road condition,Four lanes or more with central divider,Straight road,,Fine,WB65C  1810,P.V ,Grevious,0
25.11.2016,3:55 PM,1287.5,RHS,Rural,Ulavapadu,Overturning, Lorry hit Median and Overturned,Lorry,Non injury,Defect in mechanical condition of motor vehicle/road condition,Four lanes or more with central divider,Straight road,,Fine,WB65C  1810,P.V ,Minor,0
25.11.2016,3:55 PM,1287.5,RHS,Rural,Ulavapadu,Overturning, Lorry hit Median and Overturned,Lorry,Non injury,Defect in mechanical condition of motor vehicle/road condition,Four lanes or more with central divider,Straight road,,Fine,WB65C  1810,P.V ,Non injured ,3
25.11.2016,3:55 PM,1287.5,RHS,Rural,Ulavapadu,Overturning, Lorry hit Median and Overturned,Lorry,Non injury,Defect in mechanical condition of motor vehicle/road condition,Four lanes or more with central divider,Straight road,,Fine,WB65C  1810,P.V ,Animals affected,0
25.11.2016,7:00 PM,1244.5,RHS,Urban,Ongole,Rear End Collision,)Lorry hit Unknown Vehicle ,Lorry,Non injury,Fault of driver of motor vehicle/driver of other vehicle/cyclist/pedestrian/passenger,Four lanes or more with central divider,Straight road,,Fine,AP07X     1447,P.V ,Fatal,0
25.11.2016,7:00 PM,1244.5,RHS,Urban,Ongole,Rear End Collision,)Lorry hit Unknown Vehicle ,Lorry,Non injury,Fault of driver of motor vehicle/driver of other vehicle/cyclist/pedestrian/passenger,Four lanes or more with central divider,Straight road,,Fine,AP07X     1447,P.V ,Grevious,0
25.11.2016,7:00 PM,1244.5,RHS,Urban,Ongole,Rear End Collision,)Lorry hit Unknown Vehicle ,Lorry,Non injury,Fault of driver of motor vehicle/driver of other vehicle/cyclist/pedestrian/passenger,Four lanes or more with central divider,Straight road,,Fine,AP07X     1447,P.V ,Minor,0
25.11.2016,7:00 PM,1244.5,RHS,Urban,Ongole,Rear End Collision,)Lorry hit Unknown Vehicle ,Lorry,Non injury,Fault of driver of motor vehicle/driver of other vehicle/cyclist/pedestrian/passenger,Four lanes or more with central divider,Straight road,,Fine,AP07X     1447,P.V ,Non injured ,1
25.11.2016,7:00 PM,1244.5,RHS,Urban,Ongole,Rear End Collision,)Lorry hit Unknown Vehicle ,Lorry,Non injury,Fault of driver of motor vehicle/driver of other vehicle/cyclist/pedestrian/passenger,Four lanes or more with central divider,Straight road,,Fine,AP07X     1447,P.V ,Animals affected,0
26.11.2016,3:45 AM,1204.1,RHS,Rural,Reningavaram,Rear End Collision, Lorry hit Lorry,Lorry,Non injury,Fault of driver of motor vehicle/driver of other vehicle/cyclist/pedestrian/passenger,Four lanes or more with central divider,Straight road,,Fine,TN43D    4181,P.V ,Fatal,0
26.11.2016,3:45 AM,1204.1,RHS,Rural,Reningavaram,Rear End Collision, Lorry hit Lorry,Lorry,Non injury,Fault of driver of motor vehicle/driver of other vehicle/cyclist/pedestrian/passenger,Four lanes or more with central divider,Straight road,,Fine,TN43D    4181,P.V ,Grevious,0
26.11.2016,3:45 AM,1204.1,RHS,Rural,Reningavaram,Rear End Collision, Lorry hit Lorry,Lorry,Non injury,Fault of driver of motor vehicle/driver of other vehicle/cyclist/pedestrian/passenger,Four lanes or more with central divider,Straight road,,Fine,TN43D    4181,P.V ,Minor,0
26.11.2016,3:45 AM,1204.1,RHS,Rural,Reningavaram,Rear End Collision, Lorry hit Lorry,Lorry,Non injury,Fault of driver of motor vehicle/driver of other vehicle/cyclist/pedestrian/passenger,Four lanes or more with central divider,Straight road,,Fine,TN43D    4181,P.V ,Non injured ,3
26.11.2016,3:45 AM,1204.1,RHS,Rural,Reningavaram,Rear End Collision, Lorry hit Lorry,Lorry,Non injury,Fault of driver of motor vehicle/driver of other vehicle/cyclist/pedestrian/passenger,Four lanes or more with central divider,Straight road,,Fine,TN43D    4181,P.V ,Animals affected,0
27.11.2016,11:30 AM,1237.2,LHS,Rural,Ongole,Collision Brush/Side Wipe,Car went out of road towards ROW,Car,Grievious injury,Fault of driver of motor vehicle/driver of other vehicle/cyclist/pedestrian/passenger,Four lanes or more with central divider,Straight road,,Fine,KA03 MR   2005,P.V ,Fatal,0
27.11.2016,11:30 AM,1237.2,LHS,Rural,Ongole,Collision Brush/Side Wipe,Car went out of road towards ROW,Car,Grievious injury,Fault of driver of motor vehicle/driver of other vehicle/cyclist/pedestrian/passenger,Four lanes or more with central divider,Straight road,,Fine,KA03 MR   2005,P.V ,Grevious,2
27.11.2016,11:30 AM,1237.2,LHS,Rural,Ongole,Collision Brush/Side Wipe,Car went out of road towards ROW,Car,Grievious injury,Fault of driver of motor vehicle/driver of other vehicle/cyclist/pedestrian/passenger,Four lanes or more with central divider,Straight road,,Fine,KA03 MR   2005,P.V ,Minor,2
27.11.2016,11:30 AM,1237.2,LHS,Rural,Ongole,Collision Brush/Side Wipe,Car went out of road towards ROW,Car,Grievious injury,Fault of driver of motor vehicle/driver of other vehicle/cyclist/pedestrian/passenger,Four lanes or more with central divider,Straight road,,Fine,KA03 MR   2005,P.V ,Non injured ,1
27.11.2016,11:30 AM,1237.2,LHS,Rural,Ongole,Collision Brush/Side Wipe,Car went out of road towards ROW,Car,Grievious injury,Fault of driver of motor vehicle/driver of other vehicle/cyclist/pedestrian/passenger,Four lanes or more with central divider,Straight road,,Fine,KA03 MR   2005,P.V ,Animals affected,0
29.11.2016,9:33 AM,1210.8,RHS,Rural,Reningavaram,Collision Brush/Side Wipe, Mini van hit Bike,Lorry,Minor injury,Over speed,Four lanes or more with central divider,Straight road,,Fine,AP07TC 9353,AMB ,Fatal,0
29.11.2016,9:33 AM,1210.8,RHS,Rural,Reningavaram,Collision Brush/Side Wipe, Mini van hit Bike,Lorry,Minor injury,Over speed,Four lanes or more with central divider,Straight road,,Fine,AP07TC 9353,AMB ,Grevious,1
29.11.2016,9:33 AM,1210.8,RHS,Rural,Reningavaram,Collision Brush/Side Wipe, Mini van hit Bike,Lorry,Minor injury,Over speed,Four lanes or more with central divider,Straight road,,Fine,AP07TC 9353,AMB ,Minor,0
29.11.2016,9:33 AM,1210.8,RHS,Rural,Reningavaram,Collision Brush/Side Wipe, Mini van hit Bike,Lorry,Minor injury,Over speed,Four lanes or more with central divider,Straight road,,Fine,AP07TC 9353,AMB ,Non injured ,0
29.11.2016,9:33 AM,1210.8,RHS,Rural,Reningavaram,Collision Brush/Side Wipe, Mini van hit Bike,Lorry,Minor injury,Over speed,Four lanes or more with central divider,Straight road,,Fine,AP07TC 9353,AMB ,Animals affected,0
30.11.2016,3:50 AM,1261.7,RHS,Rural,Tangutur,Rear End Collision, Lorry hit Mini Bus and Lorry,Lorry,Grievious injury,Fault of driver of motor vehicle/driver of other vehicle/cyclist/pedestrian/passenger,Four lanes or more with central divider,Straight road,,Fine,WB441G 9496,P.V& AMB ,Fatal,0
30.11.2016,3:50 AM,1261.7,RHS,Rural,Tangutur,Rear End Collision, Lorry hit Mini Bus and Lorry,Lorry,Grievious injury,Fault of driver of motor vehicle/driver of other vehicle/cyclist/pedestrian/passenger,Four lanes or more with central divider,Straight road,,Fine,WB441G 9496,P.V& AMB ,Grevious,2
30.11.2016,3:50 AM,1261.7,RHS,Rural,Tangutur,Rear End Collision, Lorry hit Mini Bus and Lorry,Lorry,Grievious injury,Fault of driver of motor vehicle/driver of other vehicle/cyclist/pedestrian/passenger,Four lanes or more with central divider,Straight road,,Fine,WB441G 9496,P.V& AMB ,Minor,6
30.11.2016,3:50 AM,1261.7,RHS,Rural,Tangutur,Rear End Collision, Lorry hit Mini Bus and Lorry,Lorry,Grievious injury,Fault of driver of motor vehicle/driver of other vehicle/cyclist/pedestrian/passenger,Four lanes or more with central divider,Straight road,,Fine,WB441G 9496,P.V& AMB ,Non injured ,14
30.11.2016,3:50 AM,1261.7,RHS,Rural,Tangutur,Rear End Collision, Lorry hit Mini Bus and Lorry,Lorry,Grievious injury,Fault of driver of motor vehicle/driver of other vehicle/cyclist/pedestrian/passenger,Four lanes or more with central divider,Straight road,,Fine,WB441G 9496,P.V& AMB ,Animals affected,0
30.11.2016,6:24 PM,1233.6,LHS,Rural,Maddipadu,Overturning, Tanker hit RTC Bus and Overturned,Tanker,Minor injury,Fault of driver of motor vehicle/driver of other vehicle/cyclist/pedestrian/passenger,Four lanes or more with central divider,Straight road,,Fine,AP27TT 6377,P.V,Fatal,0
30.11.2016,6:24 PM,1233.6,LHS,Rural,Maddipadu,Overturning, Tanker hit RTC Bus and Overturned,Tanker,Minor injury,Fault of driver of motor vehicle/driver of other vehicle/cyclist/pedestrian/passenger,Four lanes or more with central divider,Straight road,,Fine,AP27TT 6377,P.V,Grevious,0
30.11.2016,6:24 PM,1233.6,LHS,Rural,Maddipadu,Overturning, Tanker hit RTC Bus and Overturned,Tanker,Minor injury,Fault of driver of motor vehicle/driver of other vehicle/cyclist/pedestrian/passenger,Four lanes or more with central divider,Straight road,,Fine,AP27TT 6377,P.V,Minor,2
30.11.2016,6:24 PM,1233.6,LHS,Rural,Maddipadu,Overturning, Tanker hit RTC Bus and Overturned,Tanker,Minor injury,Fault of driver of motor vehicle/driver of other vehicle/cyclist/pedestrian/passenger,Four lanes or more with central divider,Straight road,,Fine,AP27TT 6377,P.V,Non injured ,45
30.11.2016,6:24 PM,1233.6,LHS,Rural,Maddipadu,Overturning, Tanker hit RTC Bus and Overturned,Tanker,Minor injury,Fault of driver of motor vehicle/driver of other vehicle/cyclist/pedestrian/passenger,Four lanes or more with central divider,Straight road,,Fine,AP27TT 6377,P.V,Animals affected,0
02.12.2016,1:50 AM,1324.1,LHS,Rural,Kavali,Collision Brush/Side Wipe, Car hit Median,Car,Minor injury,Fault of driver of motor vehicle/driver of other vehicle/cyclist/pedestrian/passenger,Four lanes or more with central divider,Straight road,,Light rain,AP26M  3789,P.V & A.M.B,Fatal,0
02.12.2016,1:50 AM,1324.1,LHS,Rural,Kavali,Collision Brush/Side Wipe, Car hit Median,Car,Minor injury,Fault of driver of motor vehicle/driver of other vehicle/cyclist/pedestrian/passenger,Four lanes or more with central divider,Straight road,,Light rain,AP26M  3789,P.V & A.M.B,Grevious,0
02.12.2016,1:50 AM,1324.1,LHS,Rural,Kavali,Collision Brush/Side Wipe, Car hit Median,Car,Minor injury,Fault of driver of motor vehicle/driver of other vehicle/cyclist/pedestrian/passenger,Four lanes or more with central divider,Straight road,,Light rain,AP26M  3789,P.V & A.M.B,Minor,2
02.12.2016,1:50 AM,1324.1,LHS,Rural,Kavali,Collision Brush/Side Wipe, Car hit Median,Car,Minor injury,Fault of driver of motor vehicle/driver of other vehicle/cyclist/pedestrian/passenger,Four lanes or more with central divider,Straight road,,Light rain,AP26M  3789,P.V & A.M.B,Non injured ,3
02.12.2016,1:50 AM,1324.1,LHS,Rural,Kavali,Collision Brush/Side Wipe, Car hit Median,Car,Minor injury,Fault of driver of motor vehicle/driver of other vehicle/cyclist/pedestrian/passenger,Four lanes or more with central divider,Straight road,,Light rain,AP26M  3789,P.V & A.M.B,Animals affected,0
02.12.2016,7:10 PM,1343.8,LHS,Rural,Dagadarthi,Collision Brush/Side Wipe, APSRTC Bus hit  Pedestrian,Bus,Fatal,Over speed,Four lanes or more with central divider,Straight road,,Fine,AP26TE 3969,P.V,Fatal,1
02.12.2016,7:10 PM,1343.8,LHS,Rural,Dagadarthi,Collision Brush/Side Wipe, APSRTC Bus hit  Pedestrian,Bus,Fatal,Over speed,Four lanes or more with central divider,Straight road,,Fine,AP26TE 3969,P.V,Grevious,0
02.12.2016,7:10 PM,1343.8,LHS,Rural,Dagadarthi,Collision Brush/Side Wipe, APSRTC Bus hit  Pedestrian,Bus,Fatal,Over speed,Four lanes or more with central divider,Straight road,,Fine,AP26TE 3969,P.V,Minor,0
02.12.2016,7:10 PM,1343.8,LHS,Rural,Dagadarthi,Collision Brush/Side Wipe, APSRTC Bus hit  Pedestrian,Bus,Fatal,Over speed,Four lanes or more with central divider,Straight road,,Fine,AP26TE 3969,P.V,Non injured ,18
02.12.2016,7:10 PM,1343.8,LHS,Rural,Dagadarthi,Collision Brush/Side Wipe, APSRTC Bus hit  Pedestrian,Bus,Fatal,Over speed,Four lanes or more with central divider,Straight road,,Fine,AP26TE 3969,P.V,Animals affected,0