Operational date,Time of Accident,KM && M,Position,Rural/Urban,Location,Nature of Accident Position,Nature of Accident,Vehicle Involved,Type of Accident,Causes,Road Feature,Road condition,Intersection Type And Control,Weather Condition,Vehicle Responsible,Help Provided by Ambulance/Patroling Vehicle,Classification of Accident,No of Affected Persons
03.12.2016,4:40 PM,1357.5,LHS,Rural,Kodavaluru,Collision Brush/Side Wipe, Car hit Container Vehicle,Car,Non injury,Over speed,Four lanes or more with central divider,Straight road,,Fine,AP07BN  8488,P.V,Fatal,0
03.12.2016,4:40 PM,1357.5,LHS,Rural,Kodavaluru,Collision Brush/Side Wipe, Car hit Container Vehicle,Car,Non injury,Over speed,Four lanes or more with central divider,Straight road,,Fine,AP07BN  8488,P.V,Grevious,0
03.12.2016,4:40 PM,1357.5,LHS,Rural,Kodavaluru,Collision Brush/Side Wipe, Car hit Container Vehicle,Car,Non injury,Over speed,Four lanes or more with central divider,Straight road,,Fine,AP07BN  8488,P.V,Minor,0
03.12.2016,4:40 PM,1357.5,LHS,Rural,Kodavaluru,Collision Brush/Side Wipe, Car hit Container Vehicle,Car,Non injury,Over speed,Four lanes or more with central divider,Straight road,,Fine,AP07BN  8488,P.V,Non injured ,5
03.12.2016,4:40 PM,1357.5,LHS,Rural,Kodavaluru,Collision Brush/Side Wipe, Car hit Container Vehicle,Car,Non injury,Over speed,Four lanes or more with central divider,Straight road,,Fine,AP07BN  8488,P.V,Animals affected,0
04.12.2016,6:40 AM,1272.3,RHS,Rural,Jarugumalli,Head on collision, Lorry hit Bike,Lorry,Fatal,Fault of driver of motor vehicle/driver of other vehicle/cyclist/pedestrian/passenger,Four lanes or more with central divider,Straight road,,Cloudy,AP27Y    9567,P.V,Fatal,2
04.12.2016,6:40 AM,1272.3,RHS,Rural,Jarugumalli,Head on collision, Lorry hit Bike,Lorry,Fatal,Fault of driver of motor vehicle/driver of other vehicle/cyclist/pedestrian/passenger,Four lanes or more with central divider,Straight road,,Cloudy,AP27Y    9567,P.V,Grevious,0
04.12.2016,6:40 AM,1272.3,RHS,Rural,Jarugumalli,Head on collision, Lorry hit Bike,Lorry,Fatal,Fault of driver of motor vehicle/driver of other vehicle/cyclist/pedestrian/passenger,Four lanes or more with central divider,Straight road,,Cloudy,AP27Y    9567,P.V,Minor,0
04.12.2016,6:40 AM,1272.3,RHS,Rural,Jarugumalli,Head on collision, Lorry hit Bike,Lorry,Fatal,Fault of driver of motor vehicle/driver of other vehicle/cyclist/pedestrian/passenger,Four lanes or more with central divider,Straight road,,Cloudy,AP27Y    9567,P.V,Non injured ,1
04.12.2016,6:40 AM,1272.3,RHS,Rural,Jarugumalli,Head on collision, Lorry hit Bike,Lorry,Fatal,Fault of driver of motor vehicle/driver of other vehicle/cyclist/pedestrian/passenger,Four lanes or more with central divider,Straight road,,Cloudy,AP27Y    9567,P.V,Animals affected,0
04.12.2016,6:50 AM,1315.5,LHS,Rural,Kavali,Rear End Collision, Car hit Unknown Vehicle,Car,Non injury,Over speed,Four lanes or more with central divider,Straight road,,Fine,AP26AZ 4446,P.V,Fatal,0
04.12.2016,6:50 AM,1315.5,LHS,Rural,Kavali,Rear End Collision, Car hit Unknown Vehicle,Car,Non injury,Over speed,Four lanes or more with central divider,Straight road,,Fine,AP26AZ 4446,P.V,Grevious,0
04.12.2016,6:50 AM,1315.5,LHS,Rural,Kavali,Rear End Collision, Car hit Unknown Vehicle,Car,Non injury,Over speed,Four lanes or more with central divider,Straight road,,Fine,AP26AZ 4446,P.V,Minor,0
04.12.2016,6:50 AM,1315.5,LHS,Rural,Kavali,Rear End Collision, Car hit Unknown Vehicle,Car,Non injury,Over speed,Four lanes or more with central divider,Straight road,,Fine,AP26AZ 4446,P.V,Non injured ,2
04.12.2016,6:50 AM,1315.5,LHS,Rural,Kavali,Rear End Collision, Car hit Unknown Vehicle,Car,Non injury,Over speed,Four lanes or more with central divider,Straight road,,Fine,AP26AZ 4446,P.V,Animals affected,0
04.12.2016,11:40 PM,1254.4,RHS,Rural,Ongole,Rear End Collision, Tipper hit Unknown vehicle,Lorry,Minor injury,Over speed,Four lanes or more with central divider,Straight road,,Fine,AP27TY    1246,P.V,Fatal,0
04.12.2016,11:40 PM,1254.4,RHS,Rural,Ongole,Rear End Collision, Tipper hit Unknown vehicle,Lorry,Minor injury,Over speed,Four lanes or more with central divider,Straight road,,Fine,AP27TY    1246,P.V,Grevious,0
04.12.2016,11:40 PM,1254.4,RHS,Rural,Ongole,Rear End Collision, Tipper hit Unknown vehicle,Lorry,Minor injury,Over speed,Four lanes or more with central divider,Straight road,,Fine,AP27TY    1246,P.V,Minor,1
04.12.2016,11:40 PM,1254.4,RHS,Rural,Ongole,Rear End Collision, Tipper hit Unknown vehicle,Lorry,Minor injury,Over speed,Four lanes or more with central divider,Straight road,,Fine,AP27TY    1246,P.V,Non injured ,0
04.12.2016,11:40 PM,1254.4,RHS,Rural,Ongole,Rear End Collision, Tipper hit Unknown vehicle,Lorry,Minor injury,Over speed,Four lanes or more with central divider,Straight road,,Fine,AP27TY    1246,P.V,Animals affected,0
05.12.2016,4:50 AM,1328.1,RHS,Rural,Kavali,Overturning, Lorry Overturned,Lorry,Non injury,Fault of driver of motor vehicle/driver of other vehicle/cyclist/pedestrian/passenger,Two lanes,Slight curve,,Cloudy,TN28P    5362,P.V,Fatal,0
05.12.2016,4:50 AM,1328.1,RHS,Rural,Kavali,Overturning, Lorry Overturned,Lorry,Non injury,Fault of driver of motor vehicle/driver of other vehicle/cyclist/pedestrian/passenger,Two lanes,Slight curve,,Cloudy,TN28P    5362,P.V,Grevious,0
05.12.2016,4:50 AM,1328.1,RHS,Rural,Kavali,Overturning, Lorry Overturned,Lorry,Non injury,Fault of driver of motor vehicle/driver of other vehicle/cyclist/pedestrian/passenger,Two lanes,Slight curve,,Cloudy,TN28P    5362,P.V,Minor,0
05.12.2016,4:50 AM,1328.1,RHS,Rural,Kavali,Overturning, Lorry Overturned,Lorry,Non injury,Fault of driver of motor vehicle/driver of other vehicle/cyclist/pedestrian/passenger,Two lanes,Slight curve,,Cloudy,TN28P    5362,P.V,Non injured ,2
05.12.2016,4:50 AM,1328.1,RHS,Rural,Kavali,Overturning, Lorry Overturned,Lorry,Non injury,Fault of driver of motor vehicle/driver of other vehicle/cyclist/pedestrian/passenger,Two lanes,Slight curve,,Cloudy,TN28P    5362,P.V,Animals affected,0
05.12.2016,11:20 PM,1361.5,RHS,Rural,Kodavaluru,Rear End Collision, Container Vehicle hit Lorry,Container,Minor injury,Over speed,Four lanes or more with central divider,Straight road,,Fine,HR55P   9315,P.V,Fatal,0
05.12.2016,11:20 PM,1361.5,RHS,Rural,Kodavaluru,Rear End Collision, Container Vehicle hit Lorry,Container,Minor injury,Over speed,Four lanes or more with central divider,Straight road,,Fine,HR55P   9315,P.V,Grevious,0
05.12.2016,11:20 PM,1361.5,RHS,Rural,Kodavaluru,Rear End Collision, Container Vehicle hit Lorry,Container,Minor injury,Over speed,Four lanes or more with central divider,Straight road,,Fine,HR55P   9315,P.V,Minor,2
05.12.2016,11:20 PM,1361.5,RHS,Rural,Kodavaluru,Rear End Collision, Container Vehicle hit Lorry,Container,Minor injury,Over speed,Four lanes or more with central divider,Straight road,,Fine,HR55P   9315,P.V,Non injured ,2
05.12.2016,11:20 PM,1361.5,RHS,Rural,Kodavaluru,Rear End Collision, Container Vehicle hit Lorry,Container,Minor injury,Over speed,Four lanes or more with central divider,Straight road,,Fine,HR55P   9315,P.V,Animals affected,0
06.12.2016,4:50 AM,1183.2,LHS,Rural,Chilakaluripeta,Overturning, Long container vehicle Overturned towar,Lorry,Non injury,Fault of driver of motor vehicle/driver of other vehicle/cyclist/pedestrian/passenger,Four lanes or more with central divider,Straight road,,Fine,WB15B  7536,P.V,Fatal,0
06.12.2016,4:50 AM,1183.2,LHS,Rural,Chilakaluripeta,Overturning, Long container vehicle Overturned towar,Lorry,Non injury,Fault of driver of motor vehicle/driver of other vehicle/cyclist/pedestrian/passenger,Four lanes or more with central divider,Straight road,,Fine,WB15B  7536,P.V,Grevious,0
06.12.2016,4:50 AM,1183.2,LHS,Rural,Chilakaluripeta,Overturning, Long container vehicle Overturned towar,Lorry,Non injury,Fault of driver of motor vehicle/driver of other vehicle/cyclist/pedestrian/passenger,Four lanes or more with central divider,Straight road,,Fine,WB15B  7536,P.V,Minor,0
06.12.2016,4:50 AM,1183.2,LHS,Rural,Chilakaluripeta,Overturning, Long container vehicle Overturned towar,Lorry,Non injury,Fault of driver of motor vehicle/driver of other vehicle/cyclist/pedestrian/passenger,Four lanes or more with central divider,Straight road,,Fine,WB15B  7536,P.V,Non injured ,1
06.12.2016,4:50 AM,1183.2,LHS,Rural,Chilakaluripeta,Overturning, Long container vehicle Overturned towar,Lorry,Non injury,Fault of driver of motor vehicle/driver of other vehicle/cyclist/pedestrian/passenger,Four lanes or more with central divider,Straight road,,Fine,WB15B  7536,P.V,Animals affected,0
06.12.2016,2:20 PM,1324.4,RHS,Rural,Kavali,Others(p1.Specific), Pillion rider fell down on road,Pillion rider,Grievious injury,Fault of driver of motor vehicle/driver of other vehicle/cyclist/pedestrian/passenger,Four lanes or more with central divider,Straight road,,Fine,AP26AF  7986,A.M.B,Fatal,0
06.12.2016,2:20 PM,1324.4,RHS,Rural,Kavali,Others(p1.Specific), Pillion rider fell down on road,Pillion rider,Grievious injury,Fault of driver of motor vehicle/driver of other vehicle/cyclist/pedestrian/passenger,Four lanes or more with central divider,Straight road,,Fine,AP26AF  7986,A.M.B,Grevious,1
06.12.2016,2:20 PM,1324.4,RHS,Rural,Kavali,Others(p1.Specific), Pillion rider fell down on road,Pillion rider,Grievious injury,Fault of driver of motor vehicle/driver of other vehicle/cyclist/pedestrian/passenger,Four lanes or more with central divider,Straight road,,Fine,AP26AF  7986,A.M.B,Minor,0
06.12.2016,2:20 PM,1324.4,RHS,Rural,Kavali,Others(p1.Specific), Pillion rider fell down on road,Pillion rider,Grievious injury,Fault of driver of motor vehicle/driver of other vehicle/cyclist/pedestrian/passenger,Four lanes or more with central divider,Straight road,,Fine,AP26AF  7986,A.M.B,Non injured ,1
06.12.2016,2:20 PM,1324.4,RHS,Rural,Kavali,Others(p1.Specific), Pillion rider fell down on road,Pillion rider,Grievious injury,Fault of driver of motor vehicle/driver of other vehicle/cyclist/pedestrian/passenger,Four lanes or more with central divider,Straight road,,Fine,AP26AF  7986,A.M.B,Animals affected,0
07.12.2016,1:40 AM,1217.7,LHS,Rural,Medarametla,Collision Brush/Side Wipe, Container Vehicle hit Median,Container,Non injury,Fault of driver of motor vehicle/driver of other vehicle/cyclist/pedestrian/passenger,Four lanes or more with central divider,Straight road,,Fine,TN04AL    7795,P.V,Fatal,0
07.12.2016,1:40 AM,1217.7,LHS,Rural,Medarametla,Collision Brush/Side Wipe, Container Vehicle hit Median,Container,Non injury,Fault of driver of motor vehicle/driver of other vehicle/cyclist/pedestrian/passenger,Four lanes or more with central divider,Straight road,,Fine,TN04AL    7795,P.V,Grevious,0
07.12.2016,1:40 AM,1217.7,LHS,Rural,Medarametla,Collision Brush/Side Wipe, Container Vehicle hit Median,Container,Non injury,Fault of driver of motor vehicle/driver of other vehicle/cyclist/pedestrian/passenger,Four lanes or more with central divider,Straight road,,Fine,TN04AL    7795,P.V,Minor,0
07.12.2016,1:40 AM,1217.7,LHS,Rural,Medarametla,Collision Brush/Side Wipe, Container Vehicle hit Median,Container,Non injury,Fault of driver of motor vehicle/driver of other vehicle/cyclist/pedestrian/passenger,Four lanes or more with central divider,Straight road,,Fine,TN04AL    7795,P.V,Non injured ,1
07.12.2016,1:40 AM,1217.7,LHS,Rural,Medarametla,Collision Brush/Side Wipe, Container Vehicle hit Median,Container,Non injury,Fault of driver of motor vehicle/driver of other vehicle/cyclist/pedestrian/passenger,Four lanes or more with central divider,Straight road,,Fine,TN04AL    7795,P.V,Animals affected,0
07.12.2016,11:30 AM,1301.6,LHS,Rural,Gudluru,Overturning, Lorry Overturned,Lorry,Non injury,Defect in mechanical condition of motor vehicle/road condition,Four lanes or more with central divider,Straight road,,Fine,AP27U     7905,P.V,Fatal,0
07.12.2016,11:30 AM,1301.6,LHS,Rural,Gudluru,Overturning, Lorry Overturned,Lorry,Non injury,Defect in mechanical condition of motor vehicle/road condition,Four lanes or more with central divider,Straight road,,Fine,AP27U     7905,P.V,Grevious,0
07.12.2016,11:30 AM,1301.6,LHS,Rural,Gudluru,Overturning, Lorry Overturned,Lorry,Non injury,Defect in mechanical condition of motor vehicle/road condition,Four lanes or more with central divider,Straight road,,Fine,AP27U     7905,P.V,Minor,0
07.12.2016,11:30 AM,1301.6,LHS,Rural,Gudluru,Overturning, Lorry Overturned,Lorry,Non injury,Defect in mechanical condition of motor vehicle/road condition,Four lanes or more with central divider,Straight road,,Fine,AP27U     7905,P.V,Non injured ,1
07.12.2016,11:30 AM,1301.6,LHS,Rural,Gudluru,Overturning, Lorry Overturned,Lorry,Non injury,Defect in mechanical condition of motor vehicle/road condition,Four lanes or more with central divider,Straight road,,Fine,AP27U     7905,P.V,Animals affected,0
08.12.2016,6:15 PM,1321.8,LHS,Rural,Kavali,Collision Brush/Side Wipe, Car hit Buffalo,Car,Non injury,Over speed,Four lanes or more with central divider,Straight road,,Fine,TS07EV 9088,P.V,Fatal,0
08.12.2016,6:15 PM,1321.8,LHS,Rural,Kavali,Collision Brush/Side Wipe, Car hit Buffalo,Car,Non injury,Over speed,Four lanes or more with central divider,Straight road,,Fine,TS07EV 9088,P.V,Grevious,0
08.12.2016,6:15 PM,1321.8,LHS,Rural,Kavali,Collision Brush/Side Wipe, Car hit Buffalo,Car,Non injury,Over speed,Four lanes or more with central divider,Straight road,,Fine,TS07EV 9088,P.V,Minor,0
08.12.2016,6:15 PM,1321.8,LHS,Rural,Kavali,Collision Brush/Side Wipe, Car hit Buffalo,Car,Non injury,Over speed,Four lanes or more with central divider,Straight road,,Fine,TS07EV 9088,P.V,Non injured ,1
08.12.2016,6:15 PM,1321.8,LHS,Rural,Kavali,Collision Brush/Side Wipe, Car hit Buffalo,Car,Non injury,Over speed,Four lanes or more with central divider,Straight road,,Fine,TS07EV 9088,P.V,Animals affected,0
08.12.2016,6:40 PM,1194.6,LHS,Rural,Martur,Collision Brush/Side Wipe, Car hit Pedestrian,Car,Fatal,Over speed,Four lanes or more with central divider,Straight road,,Fine,AP27BB 0949,P.V,Fatal,1
08.12.2016,6:40 PM,1194.6,LHS,Rural,Martur,Collision Brush/Side Wipe, Car hit Pedestrian,Car,Fatal,Over speed,Four lanes or more with central divider,Straight road,,Fine,AP27BB 0949,P.V,Grevious,0
08.12.2016,6:40 PM,1194.6,LHS,Rural,Martur,Collision Brush/Side Wipe, Car hit Pedestrian,Car,Fatal,Over speed,Four lanes or more with central divider,Straight road,,Fine,AP27BB 0949,P.V,Minor,0
08.12.2016,6:40 PM,1194.6,LHS,Rural,Martur,Collision Brush/Side Wipe, Car hit Pedestrian,Car,Fatal,Over speed,Four lanes or more with central divider,Straight road,,Fine,AP27BB 0949,P.V,Non injured ,1
08.12.2016,6:40 PM,1194.6,LHS,Rural,Martur,Collision Brush/Side Wipe, Car hit Pedestrian,Car,Fatal,Over speed,Four lanes or more with central divider,Straight road,,Fine,AP27BB 0949,P.V,Animals affected,0
09.12.2016,7:55 PM,1205,LHS,Rural,Reningavaram,Skidding, Bike Skidding,Bike,Minor injury,Over speed,Four lanes or more with central divider,Straight road,,Fine,AP27TF   9748,A.M.B,Fatal,0
09.12.2016,7:55 PM,1205,LHS,Rural,Reningavaram,Skidding, Bike Skidding,Bike,Minor injury,Over speed,Four lanes or more with central divider,Straight road,,Fine,AP27TF   9748,A.M.B,Grevious,0
09.12.2016,7:55 PM,1205,LHS,Rural,Reningavaram,Skidding, Bike Skidding,Bike,Minor injury,Over speed,Four lanes or more with central divider,Straight road,,Fine,AP27TF   9748,A.M.B,Minor,1
09.12.2016,7:55 PM,1205,LHS,Rural,Reningavaram,Skidding, Bike Skidding,Bike,Minor injury,Over speed,Four lanes or more with central divider,Straight road,,Fine,AP27TF   9748,A.M.B,Non injured ,0
09.12.2016,7:55 PM,1205,LHS,Rural,Reningavaram,Skidding, Bike Skidding,Bike,Minor injury,Over speed,Four lanes or more with central divider,Straight road,,Fine,AP27TF   9748,A.M.B,Animals affected,0
10.12.2016,6:40 AM,1261.7,LHS,Rural,Tangutur,Overturning, Lorry hit CCbarrier and Overturned,Lorry,Non injury,Fault of driver of motor vehicle/driver of other vehicle/cyclist/pedestrian/passenger,Four lanes or more with central divider,Straight road,,Fine,AP07TT    9059,P.V,Fatal,0
10.12.2016,6:40 AM,1261.7,LHS,Rural,Tangutur,Overturning, Lorry hit CCbarrier and Overturned,Lorry,Non injury,Fault of driver of motor vehicle/driver of other vehicle/cyclist/pedestrian/passenger,Four lanes or more with central divider,Straight road,,Fine,AP07TT    9059,P.V,Grevious,0
10.12.2016,6:40 AM,1261.7,LHS,Rural,Tangutur,Overturning, Lorry hit CCbarrier and Overturned,Lorry,Non injury,Fault of driver of motor vehicle/driver of other vehicle/cyclist/pedestrian/passenger,Four lanes or more with central divider,Straight road,,Fine,AP07TT    9059,P.V,Minor,0
10.12.2016,6:40 AM,1261.7,LHS,Rural,Tangutur,Overturning, Lorry hit CCbarrier and Overturned,Lorry,Non injury,Fault of driver of motor vehicle/driver of other vehicle/cyclist/pedestrian/passenger,Four lanes or more with central divider,Straight road,,Fine,AP07TT    9059,P.V,Non injured ,1
10.12.2016,6:40 AM,1261.7,LHS,Rural,Tangutur,Overturning, Lorry hit CCbarrier and Overturned,Lorry,Non injury,Fault of driver of motor vehicle/driver of other vehicle/cyclist/pedestrian/passenger,Four lanes or more with central divider,Straight road,,Fine,AP07TT    9059,P.V,Animals affected,0
10.12.2016,9:10 AM,1288.8,LHS,Rural,Ulavapadu,Overturning, Lorry Overturned,Lorry,Minor injury,Fault of driver of motor vehicle/driver of other vehicle/cyclist/pedestrian/passenger,Four lanes or more with central divider,Sharp curve,,Fine,TN69AM    7423,P.V,Fatal,0
10.12.2016,9:10 AM,1288.8,LHS,Rural,Ulavapadu,Overturning, Lorry Overturned,Lorry,Minor injury,Fault of driver of motor vehicle/driver of other vehicle/cyclist/pedestrian/passenger,Four lanes or more with central divider,Sharp curve,,Fine,TN69AM    7423,P.V,Grevious,0
10.12.2016,9:10 AM,1288.8,LHS,Rural,Ulavapadu,Overturning, Lorry Overturned,Lorry,Minor injury,Fault of driver of motor vehicle/driver of other vehicle/cyclist/pedestrian/passenger,Four lanes or more with central divider,Sharp curve,,Fine,TN69AM    7423,P.V,Minor,1
10.12.2016,9:10 AM,1288.8,LHS,Rural,Ulavapadu,Overturning, Lorry Overturned,Lorry,Minor injury,Fault of driver of motor vehicle/driver of other vehicle/cyclist/pedestrian/passenger,Four lanes or more with central divider,Sharp curve,,Fine,TN69AM    7423,P.V,Non injured ,0
10.12.2016,9:10 AM,1288.8,LHS,Rural,Ulavapadu,Overturning, Lorry Overturned,Lorry,Minor injury,Fault of driver of motor vehicle/driver of other vehicle/cyclist/pedestrian/passenger,Four lanes or more with central divider,Sharp curve,,Fine,TN69AM    7423,P.V,Animals affected,0
10.12.2016,10:00 AM,1221.2,RHS,Rural,Medarametla,Others(p1.Specific), Tata Ace Vehicle Burnt,Tata Ace,Non injury,Defect in mechanical condition of motor vehicle/road condition,Four lanes or more with central divider,Straight road,,Fine,AP27TT   8636,P.V,Fatal,0
10.12.2016,10:00 AM,1221.2,RHS,Rural,Medarametla,Others(p1.Specific), Tata Ace Vehicle Burnt,Tata Ace,Non injury,Defect in mechanical condition of motor vehicle/road condition,Four lanes or more with central divider,Straight road,,Fine,AP27TT   8636,P.V,Grevious,0
10.12.2016,10:00 AM,1221.2,RHS,Rural,Medarametla,Others(p1.Specific), Tata Ace Vehicle Burnt,Tata Ace,Non injury,Defect in mechanical condition of motor vehicle/road condition,Four lanes or more with central divider,Straight road,,Fine,AP27TT   8636,P.V,Minor,0
10.12.2016,10:00 AM,1221.2,RHS,Rural,Medarametla,Others(p1.Specific), Tata Ace Vehicle Burnt,Tata Ace,Non injury,Defect in mechanical condition of motor vehicle/road condition,Four lanes or more with central divider,Straight road,,Fine,AP27TT   8636,P.V,Non injured ,2
10.12.2016,10:00 AM,1221.2,RHS,Rural,Medarametla,Others(p1.Specific), Tata Ace Vehicle Burnt,Tata Ace,Non injury,Defect in mechanical condition of motor vehicle/road condition,Four lanes or more with central divider,Straight road,,Fine,AP27TT   8636,P.V,Animals affected,0
10.12.2016,11:46 AM,1327,LHS,Rural,Kavali,Rear End Collision, Bike hit Tipper,Bike,Grievious injury,Over speed,Four lanes or more with central divider,Straight road,,Fine,AP26BJ 0500,PV&A.M.B,Fatal,0
10.12.2016,11:46 AM,1327,LHS,Rural,Kavali,Rear End Collision, Bike hit Tipper,Bike,Grievious injury,Over speed,Four lanes or more with central divider,Straight road,,Fine,AP26BJ 0500,PV&A.M.B,Grevious,2
10.12.2016,11:46 AM,1327,LHS,Rural,Kavali,Rear End Collision, Bike hit Tipper,Bike,Grievious injury,Over speed,Four lanes or more with central divider,Straight road,,Fine,AP26BJ 0500,PV&A.M.B,Minor,0
10.12.2016,11:46 AM,1327,LHS,Rural,Kavali,Rear End Collision, Bike hit Tipper,Bike,Grievious injury,Over speed,Four lanes or more with central divider,Straight road,,Fine,AP26BJ 0500,PV&A.M.B,Non injured ,0
10.12.2016,11:46 AM,1327,LHS,Rural,Kavali,Rear End Collision, Bike hit Tipper,Bike,Grievious injury,Over speed,Four lanes or more with central divider,Straight road,,Fine,AP26BJ 0500,PV&A.M.B,Animals affected,0
11.12.2016,1:20 AM,1357.6,LHS,Rural,Kodavaluru,Overturning, Long Trailer Vehicle hit Median and Ove,Lorry,Non injury,Fault of driver of motor vehicle/driver of other vehicle/cyclist/pedestrian/passenger,Four lanes or more with central divider,Slight curve,,Fine,AP27TW 9259,P.V,Fatal,0
11.12.2016,1:20 AM,1357.6,LHS,Rural,Kodavaluru,Overturning, Long Trailer Vehicle hit Median and Ove,Lorry,Non injury,Fault of driver of motor vehicle/driver of other vehicle/cyclist/pedestrian/passenger,Four lanes or more with central divider,Slight curve,,Fine,AP27TW 9259,P.V,Grevious,0
11.12.2016,1:20 AM,1357.6,LHS,Rural,Kodavaluru,Overturning, Long Trailer Vehicle hit Median and Ove,Lorry,Non injury,Fault of driver of motor vehicle/driver of other vehicle/cyclist/pedestrian/passenger,Four lanes or more with central divider,Slight curve,,Fine,AP27TW 9259,P.V,Minor,0
11.12.2016,1:20 AM,1357.6,LHS,Rural,Kodavaluru,Overturning, Long Trailer Vehicle hit Median and Ove,Lorry,Non injury,Fault of driver of motor vehicle/driver of other vehicle/cyclist/pedestrian/passenger,Four lanes or more with central divider,Slight curve,,Fine,AP27TW 9259,P.V,Non injured ,1
11.12.2016,1:20 AM,1357.6,LHS,Rural,Kodavaluru,Overturning, Long Trailer Vehicle hit Median and Ove,Lorry,Non injury,Fault of driver of motor vehicle/driver of other vehicle/cyclist/pedestrian/passenger,Four lanes or more with central divider,Slight curve,,Fine,AP27TW 9259,P.V,Animals affected,0
11.12.2016,2:45 AM,1231.4,LHS,Rural,Maddipadu,Collision Brush/Side Wipe, Car hit Median,Car,Minor injury,Defect in mechanical condition of motor vehicle/road condition,Four lanes or more with central divider,Straight road,,Fine,AP37BW 6699,P.V,Fatal,0
11.12.2016,2:45 AM,1231.4,LHS,Rural,Maddipadu,Collision Brush/Side Wipe, Car hit Median,Car,Minor injury,Defect in mechanical condition of motor vehicle/road condition,Four lanes or more with central divider,Straight road,,Fine,AP37BW 6699,P.V,Grevious,0
11.12.2016,2:45 AM,1231.4,LHS,Rural,Maddipadu,Collision Brush/Side Wipe, Car hit Median,Car,Minor injury,Defect in mechanical condition of motor vehicle/road condition,Four lanes or more with central divider,Straight road,,Fine,AP37BW 6699,P.V,Minor,2
11.12.2016,2:45 AM,1231.4,LHS,Rural,Maddipadu,Collision Brush/Side Wipe, Car hit Median,Car,Minor injury,Defect in mechanical condition of motor vehicle/road condition,Four lanes or more with central divider,Straight road,,Fine,AP37BW 6699,P.V,Non injured ,0
11.12.2016,2:45 AM,1231.4,LHS,Rural,Maddipadu,Collision Brush/Side Wipe, Car hit Median,Car,Minor injury,Defect in mechanical condition of motor vehicle/road condition,Four lanes or more with central divider,Straight road,,Fine,AP37BW 6699,P.V,Animals affected,0
11.12.2016,1:25 PM,1287.4,RHS,Rural,Ulavapadu,Rear End Collision, Lorry hit Car,Lorry,Minor injury,Over speed,Four lanes or more with central divider,Straight road,,Fine,AP07TT 9689,P.V,Fatal,0
11.12.2016,1:25 PM,1287.4,RHS,Rural,Ulavapadu,Rear End Collision, Lorry hit Car,Lorry,Minor injury,Over speed,Four lanes or more with central divider,Straight road,,Fine,AP07TT 9689,P.V,Grevious,0
11.12.2016,1:25 PM,1287.4,RHS,Rural,Ulavapadu,Rear End Collision, Lorry hit Car,Lorry,Minor injury,Over speed,Four lanes or more with central divider,Straight road,,Fine,AP07TT 9689,P.V,Minor,3
11.12.2016,1:25 PM,1287.4,RHS,Rural,Ulavapadu,Rear End Collision, Lorry hit Car,Lorry,Minor injury,Over speed,Four lanes or more with central divider,Straight road,,Fine,AP07TT 9689,P.V,Non injured ,0
11.12.2016,1:25 PM,1287.4,RHS,Rural,Ulavapadu,Rear End Collision, Lorry hit Car,Lorry,Minor injury,Over speed,Four lanes or more with central divider,Straight road,,Fine,AP07TT 9689,P.V,Animals affected,0
13.12.2016,10:35 AM,1201,RHS,Rural,Reningavaram,Collision Brush/Side Wipe, Bike hit Static Bike,Bike,Minor injury,Fault of driver of motor vehicle/driver of other vehicle/cyclist/pedestrian/passenger,Four lanes or more with central divider,Straight road,,Fine,AP27B   3009,A.M.B,Fatal,0
13.12.2016,10:35 AM,1201,RHS,Rural,Reningavaram,Collision Brush/Side Wipe, Bike hit Static Bike,Bike,Minor injury,Fault of driver of motor vehicle/driver of other vehicle/cyclist/pedestrian/passenger,Four lanes or more with central divider,Straight road,,Fine,AP27B   3009,A.M.B,Grevious,0
13.12.2016,10:35 AM,1201,RHS,Rural,Reningavaram,Collision Brush/Side Wipe, Bike hit Static Bike,Bike,Minor injury,Fault of driver of motor vehicle/driver of other vehicle/cyclist/pedestrian/passenger,Four lanes or more with central divider,Straight road,,Fine,AP27B   3009,A.M.B,Minor,1
13.12.2016,10:35 AM,1201,RHS,Rural,Reningavaram,Collision Brush/Side Wipe, Bike hit Static Bike,Bike,Minor injury,Fault of driver of motor vehicle/driver of other vehicle/cyclist/pedestrian/passenger,Four lanes or more with central divider,Straight road,,Fine,AP27B   3009,A.M.B,Non injured ,0
13.12.2016,10:35 AM,1201,RHS,Rural,Reningavaram,Collision Brush/Side Wipe, Bike hit Static Bike,Bike,Minor injury,Fault of driver of motor vehicle/driver of other vehicle/cyclist/pedestrian/passenger,Four lanes or more with central divider,Straight road,,Fine,AP27B   3009,A.M.B,Animals affected,0
15.12.2016,2:10 PM,1258.2,LHS,Rural,Tangutur,Head on collision, Bike hit Car,Bike,Grievious injury,Fault of driver of motor vehicle/driver of other vehicle/cyclist/pedestrian/passenger,Four lanes or more with central divider,Straight road,,Fine,AP27Q   6252,P.V & A.M.B,Fatal,0