Operational date,Time of Accident,KM && M,Position,Rural/Urban,Location,Nature of Accident Position,Nature of Accident,Vehicle Involved,Type of Accident,Causes,Road Feature,Road condition,Intersection Type And Control,Weather Condition,Vehicle Responsible,Help Provided by Ambulance/Patroling Vehicle,Classification of Accident,No of Affected Persons
15.12.2016,2:10 PM,1258.2,LHS,Rural,Tangutur,Head on collision, Bike hit Car,Bike,Grievious injury,Fault of driver of motor vehicle/driver of other vehicle/cyclist/pedestrian/passenger,Four lanes or more with central divider,Straight road,,Fine,AP27Q   6252,P.V & A.M.B,Grevious,1
15.12.2016,2:10 PM,1258.2,LHS,Rural,Tangutur,Head on collision, Bike hit Car,Bike,Grievious injury,Fault of driver of motor vehicle/driver of other vehicle/cyclist/pedestrian/passenger,Four lanes or more with central divider,Straight road,,Fine,AP27Q   6252,P.V & A.M.B,Minor,1
15.12.2016,2:10 PM,1258.2,LHS,Rural,Tangutur,Head on collision, Bike hit Car,Bike,Grievious injury,Fault of driver of motor vehicle/driver of other vehicle/cyclist/pedestrian/passenger,Four lanes or more with central divider,Straight road,,Fine,AP27Q   6252,P.V & A.M.B,Non injured ,3
15.12.2016,2:10 PM,1258.2,LHS,Rural,Tangutur,Head on collision, Bike hit Car,Bike,Grievious injury,Fault of driver of motor vehicle/driver of other vehicle/cyclist/pedestrian/passenger,Four lanes or more with central divider,Straight road,,Fine,AP27Q   6252,P.V & A.M.B,Animals affected,0
15.12.2016,11:00 PM,1187.8,RHS,Rural,Martur,Collision Brush/Side Wipe, Car hit Pig  went towards 0 Shoulder,Car,Non injury,Over speed,Four lanes or more with central divider,Straight road,,Fine,AP07TV  1320,P.V,Fatal,0
15.12.2016,11:00 PM,1187.8,RHS,Rural,Martur,Collision Brush/Side Wipe, Car hit Pig  went towards 0 Shoulder,Car,Non injury,Over speed,Four lanes or more with central divider,Straight road,,Fine,AP07TV  1320,P.V,Grevious,0
15.12.2016,11:00 PM,1187.8,RHS,Rural,Martur,Collision Brush/Side Wipe, Car hit Pig  went towards 0 Shoulder,Car,Non injury,Over speed,Four lanes or more with central divider,Straight road,,Fine,AP07TV  1320,P.V,Minor,0
15.12.2016,11:00 PM,1187.8,RHS,Rural,Martur,Collision Brush/Side Wipe, Car hit Pig  went towards 0 Shoulder,Car,Non injury,Over speed,Four lanes or more with central divider,Straight road,,Fine,AP07TV  1320,P.V,Non injured ,1
15.12.2016,11:00 PM,1187.8,RHS,Rural,Martur,Collision Brush/Side Wipe, Car hit Pig  went towards 0 Shoulder,Car,Non injury,Over speed,Four lanes or more with central divider,Straight road,,Fine,AP07TV  1320,P.V,Animals affected,1
16.12.2016,4:30 PM,1272.9,RHS,Rural,Singarayakonda,Rear End Collision, Eicher Vehicle hit Culvert Wall ,Eicher,Grievious injury,Over speed,Four lanes or more with central divider,Straight road,,Fine,KA63C    2367,P.V ,Fatal,0
16.12.2016,4:30 PM,1272.9,RHS,Rural,Singarayakonda,Rear End Collision, Eicher Vehicle hit Culvert Wall ,Eicher,Grievious injury,Over speed,Four lanes or more with central divider,Straight road,,Fine,KA63C    2367,P.V ,Grevious,1
16.12.2016,4:30 PM,1272.9,RHS,Rural,Singarayakonda,Rear End Collision, Eicher Vehicle hit Culvert Wall ,Eicher,Grievious injury,Over speed,Four lanes or more with central divider,Straight road,,Fine,KA63C    2367,P.V ,Minor,0
16.12.2016,4:30 PM,1272.9,RHS,Rural,Singarayakonda,Rear End Collision, Eicher Vehicle hit Culvert Wall ,Eicher,Grievious injury,Over speed,Four lanes or more with central divider,Straight road,,Fine,KA63C    2367,P.V ,Non injured ,0
16.12.2016,4:30 PM,1272.9,RHS,Rural,Singarayakonda,Rear End Collision, Eicher Vehicle hit Culvert Wall ,Eicher,Grievious injury,Over speed,Four lanes or more with central divider,Straight road,,Fine,KA63C    2367,P.V ,Animals affected,0
17.12.2016,1:10 PM,1275.4,LHS,Rural,Singarayakonda,Rear End Collision, Bike hit Bike,Bike,Grievious injury,Over speed,Four lanes or more with central divider,Straight road,,Fine,AP27BC 5754,A.M.B,Fatal,0
17.12.2016,1:10 PM,1275.4,LHS,Rural,Singarayakonda,Rear End Collision, Bike hit Bike,Bike,Grievious injury,Over speed,Four lanes or more with central divider,Straight road,,Fine,AP27BC 5754,A.M.B,Grevious,1
17.12.2016,1:10 PM,1275.4,LHS,Rural,Singarayakonda,Rear End Collision, Bike hit Bike,Bike,Grievious injury,Over speed,Four lanes or more with central divider,Straight road,,Fine,AP27BC 5754,A.M.B,Minor,2
17.12.2016,1:10 PM,1275.4,LHS,Rural,Singarayakonda,Rear End Collision, Bike hit Bike,Bike,Grievious injury,Over speed,Four lanes or more with central divider,Straight road,,Fine,AP27BC 5754,A.M.B,Non injured ,0
17.12.2016,1:10 PM,1275.4,LHS,Rural,Singarayakonda,Rear End Collision, Bike hit Bike,Bike,Grievious injury,Over speed,Four lanes or more with central divider,Straight road,,Fine,AP27BC 5754,A.M.B,Animals affected,0
17.12.2016,1:45 PM,1223.9,RHS,Rural,Medarametla,Collision Brush/Side Wipe, Container vehicle hit Pedestrian,Container,Fatal,Over speed,Four lanes or more with central divider,Straight road,,Fine,TN04AH  6959,P.V ,Fatal,1
17.12.2016,1:45 PM,1223.9,RHS,Rural,Medarametla,Collision Brush/Side Wipe, Container vehicle hit Pedestrian,Container,Fatal,Over speed,Four lanes or more with central divider,Straight road,,Fine,TN04AH  6959,P.V ,Grevious,0
17.12.2016,1:45 PM,1223.9,RHS,Rural,Medarametla,Collision Brush/Side Wipe, Container vehicle hit Pedestrian,Container,Fatal,Over speed,Four lanes or more with central divider,Straight road,,Fine,TN04AH  6959,P.V ,Minor,0
17.12.2016,1:45 PM,1223.9,RHS,Rural,Medarametla,Collision Brush/Side Wipe, Container vehicle hit Pedestrian,Container,Fatal,Over speed,Four lanes or more with central divider,Straight road,,Fine,TN04AH  6959,P.V ,Non injured ,0
17.12.2016,1:45 PM,1223.9,RHS,Rural,Medarametla,Collision Brush/Side Wipe, Container vehicle hit Pedestrian,Container,Fatal,Over speed,Four lanes or more with central divider,Straight road,,Fine,TN04AH  6959,P.V ,Animals affected,0
18.12.2016,4:40 PM,1359.7,LHS,Rural,Kodavaluru,Rear End Collision, Lorry hit Unknown vehicle,Lorry,Minor injury,Over speed,Four lanes or more with central divider,Straight road,,Fine,AP16TB 6731,P.V ,Fatal,0
18.12.2016,4:40 PM,1359.7,LHS,Rural,Kodavaluru,Rear End Collision, Lorry hit Unknown vehicle,Lorry,Minor injury,Over speed,Four lanes or more with central divider,Straight road,,Fine,AP16TB 6731,P.V ,Grevious,0
18.12.2016,4:40 PM,1359.7,LHS,Rural,Kodavaluru,Rear End Collision, Lorry hit Unknown vehicle,Lorry,Minor injury,Over speed,Four lanes or more with central divider,Straight road,,Fine,AP16TB 6731,P.V ,Minor,1
18.12.2016,4:40 PM,1359.7,LHS,Rural,Kodavaluru,Rear End Collision, Lorry hit Unknown vehicle,Lorry,Minor injury,Over speed,Four lanes or more with central divider,Straight road,,Fine,AP16TB 6731,P.V ,Non injured ,0
18.12.2016,4:40 PM,1359.7,LHS,Rural,Kodavaluru,Rear End Collision, Lorry hit Unknown vehicle,Lorry,Minor injury,Over speed,Four lanes or more with central divider,Straight road,,Fine,AP16TB 6731,P.V ,Animals affected,0
18.12.2016,6:23 PM,1211.6,RHS,Rural,Reningavaram,Skidding, Bike skidding,Bike,Grievious injury,Druken,Four lanes or more with central divider,Straight road,,Fine,AP07CV  8112,A.M.B,Fatal,0
18.12.2016,6:23 PM,1211.6,RHS,Rural,Reningavaram,Skidding, Bike skidding,Bike,Grievious injury,Druken,Four lanes or more with central divider,Straight road,,Fine,AP07CV  8112,A.M.B,Grevious,1
18.12.2016,6:23 PM,1211.6,RHS,Rural,Reningavaram,Skidding, Bike skidding,Bike,Grievious injury,Druken,Four lanes or more with central divider,Straight road,,Fine,AP07CV  8112,A.M.B,Minor,0
18.12.2016,6:23 PM,1211.6,RHS,Rural,Reningavaram,Skidding, Bike skidding,Bike,Grievious injury,Druken,Four lanes or more with central divider,Straight road,,Fine,AP07CV  8112,A.M.B,Non injured ,0
18.12.2016,6:23 PM,1211.6,RHS,Rural,Reningavaram,Skidding, Bike skidding,Bike,Grievious injury,Druken,Four lanes or more with central divider,Straight road,,Fine,AP07CV  8112,A.M.B,Animals affected,0
19.12.2016,2:43 PM,1261.9,LHS,Rural,Tangutur,Collision Brush/Side Wipe, Bike hit Culvert,Bike,Minor injury,Druken,Four lanes or more with central divider,Straight road,,Fine,AP27M  4086,A.M.B,Fatal,0
19.12.2016,2:43 PM,1261.9,LHS,Rural,Tangutur,Collision Brush/Side Wipe, Bike hit Culvert,Bike,Minor injury,Druken,Four lanes or more with central divider,Straight road,,Fine,AP27M  4086,A.M.B,Grevious,0
19.12.2016,2:43 PM,1261.9,LHS,Rural,Tangutur,Collision Brush/Side Wipe, Bike hit Culvert,Bike,Minor injury,Druken,Four lanes or more with central divider,Straight road,,Fine,AP27M  4086,A.M.B,Minor,1
19.12.2016,2:43 PM,1261.9,LHS,Rural,Tangutur,Collision Brush/Side Wipe, Bike hit Culvert,Bike,Minor injury,Druken,Four lanes or more with central divider,Straight road,,Fine,AP27M  4086,A.M.B,Non injured ,0
19.12.2016,2:43 PM,1261.9,LHS,Rural,Tangutur,Collision Brush/Side Wipe, Bike hit Culvert,Bike,Minor injury,Druken,Four lanes or more with central divider,Straight road,,Fine,AP27M  4086,A.M.B,Animals affected,0
19.12.2016,7:25 PM,1331.2,RHS,Rural,K.Tippa ,Collision Brush/Side Wipe, Container vehicle hit Bike ,Container,Minor injury,Druken,Four lanes or more with central divider,Straight road,,Fine,TN99    6987,A.M.B & P.V,Fatal,0
19.12.2016,7:25 PM,1331.2,RHS,Rural,K.Tippa ,Collision Brush/Side Wipe, Container vehicle hit Bike ,Container,Minor injury,Druken,Four lanes or more with central divider,Straight road,,Fine,TN99    6987,A.M.B & P.V,Grevious,0
19.12.2016,7:25 PM,1331.2,RHS,Rural,K.Tippa ,Collision Brush/Side Wipe, Container vehicle hit Bike ,Container,Minor injury,Druken,Four lanes or more with central divider,Straight road,,Fine,TN99    6987,A.M.B & P.V,Minor,2
19.12.2016,7:25 PM,1331.2,RHS,Rural,K.Tippa ,Collision Brush/Side Wipe, Container vehicle hit Bike ,Container,Minor injury,Druken,Four lanes or more with central divider,Straight road,,Fine,TN99    6987,A.M.B & P.V,Non injured ,1
19.12.2016,7:25 PM,1331.2,RHS,Rural,K.Tippa ,Collision Brush/Side Wipe, Container vehicle hit Bike ,Container,Minor injury,Druken,Four lanes or more with central divider,Straight road,,Fine,TN99    6987,A.M.B & P.V,Animals affected,0
20.12.2016,4:50 AM,1235,LHS,Rural,Maddipadu,Overturning, Container Vehicle hit Median and Overtu,Container,Non injury,Fault of driver of motor vehicle/driver of other vehicle/cyclist/pedestrian/passenger,Four lanes or more with central divider,Straight road,,Fine,TN84W  1888,P.V ,Fatal,0
20.12.2016,4:50 AM,1235,LHS,Rural,Maddipadu,Overturning, Container Vehicle hit Median and Overtu,Container,Non injury,Fault of driver of motor vehicle/driver of other vehicle/cyclist/pedestrian/passenger,Four lanes or more with central divider,Straight road,,Fine,TN84W  1888,P.V ,Grevious,0
20.12.2016,4:50 AM,1235,LHS,Rural,Maddipadu,Overturning, Container Vehicle hit Median and Overtu,Container,Non injury,Fault of driver of motor vehicle/driver of other vehicle/cyclist/pedestrian/passenger,Four lanes or more with central divider,Straight road,,Fine,TN84W  1888,P.V ,Minor,0
20.12.2016,4:50 AM,1235,LHS,Rural,Maddipadu,Overturning, Container Vehicle hit Median and Overtu,Container,Non injury,Fault of driver of motor vehicle/driver of other vehicle/cyclist/pedestrian/passenger,Four lanes or more with central divider,Straight road,,Fine,TN84W  1888,P.V ,Non injured ,2
20.12.2016,4:50 AM,1235,LHS,Rural,Maddipadu,Overturning, Container Vehicle hit Median and Overtu,Container,Non injury,Fault of driver of motor vehicle/driver of other vehicle/cyclist/pedestrian/passenger,Four lanes or more with central divider,Straight road,,Fine,TN84W  1888,P.V ,Animals affected,0
20.12.2016,1:05 PM,1357.5,LHS,Rural,Kodavaluru,Rear End Collision, Lorry hit Lorry,Lorry,Grievious injury,Over speed,Four lanes or more with central divider,Straight road,,Fine,AP16TH 1794,P.V ,Fatal,0
20.12.2016,1:05 PM,1357.5,LHS,Rural,Kodavaluru,Rear End Collision, Lorry hit Lorry,Lorry,Grievious injury,Over speed,Four lanes or more with central divider,Straight road,,Fine,AP16TH 1794,P.V ,Grevious,1
20.12.2016,1:05 PM,1357.5,LHS,Rural,Kodavaluru,Rear End Collision, Lorry hit Lorry,Lorry,Grievious injury,Over speed,Four lanes or more with central divider,Straight road,,Fine,AP16TH 1794,P.V ,Minor,1
20.12.2016,1:05 PM,1357.5,LHS,Rural,Kodavaluru,Rear End Collision, Lorry hit Lorry,Lorry,Grievious injury,Over speed,Four lanes or more with central divider,Straight road,,Fine,AP16TH 1794,P.V ,Non injured ,1
20.12.2016,1:05 PM,1357.5,LHS,Rural,Kodavaluru,Rear End Collision, Lorry hit Lorry,Lorry,Grievious injury,Over speed,Four lanes or more with central divider,Straight road,,Fine,AP16TH 1794,P.V ,Animals affected,0
20.12.2016,3:35 PM,1265.3,LHS,Rural,Tangutur,Collision Brush/Side Wipe, Bike hit Median,Bike,Minor injury,Druken,Four lanes or more with central divider,Straight road,,Fine,F/R Bike,A.M.B & P.V,Fatal,0
20.12.2016,3:35 PM,1265.3,LHS,Rural,Tangutur,Collision Brush/Side Wipe, Bike hit Median,Bike,Minor injury,Druken,Four lanes or more with central divider,Straight road,,Fine,F/R Bike,A.M.B & P.V,Grevious,0
20.12.2016,3:35 PM,1265.3,LHS,Rural,Tangutur,Collision Brush/Side Wipe, Bike hit Median,Bike,Minor injury,Druken,Four lanes or more with central divider,Straight road,,Fine,F/R Bike,A.M.B & P.V,Minor,1
20.12.2016,3:35 PM,1265.3,LHS,Rural,Tangutur,Collision Brush/Side Wipe, Bike hit Median,Bike,Minor injury,Druken,Four lanes or more with central divider,Straight road,,Fine,F/R Bike,A.M.B & P.V,Non injured ,0
20.12.2016,3:35 PM,1265.3,LHS,Rural,Tangutur,Collision Brush/Side Wipe, Bike hit Median,Bike,Minor injury,Druken,Four lanes or more with central divider,Straight road,,Fine,F/R Bike,A.M.B & P.V,Animals affected,0
21.12.2016,11:55 AM,1302.2,RHS,Rural,Gudluru,Collision Brush/Side Wipe,Car hit Bike,Car,Grievious injury,Over speed,Four lanes or more with central divider,Straight road,,Fine,AP07UUTR 6995,P.V,Fatal,0
21.12.2016,11:55 AM,1302.2,RHS,Rural,Gudluru,Collision Brush/Side Wipe,Car hit Bike,Car,Grievious injury,Over speed,Four lanes or more with central divider,Straight road,,Fine,AP07UUTR 6995,P.V,Grevious,2
21.12.2016,11:55 AM,1302.2,RHS,Rural,Gudluru,Collision Brush/Side Wipe,Car hit Bike,Car,Grievious injury,Over speed,Four lanes or more with central divider,Straight road,,Fine,AP07UUTR 6995,P.V,Minor,0
21.12.2016,11:55 AM,1302.2,RHS,Rural,Gudluru,Collision Brush/Side Wipe,Car hit Bike,Car,Grievious injury,Over speed,Four lanes or more with central divider,Straight road,,Fine,AP07UUTR 6995,P.V,Non injured ,4
21.12.2016,11:55 AM,1302.2,RHS,Rural,Gudluru,Collision Brush/Side Wipe,Car hit Bike,Car,Grievious injury,Over speed,Four lanes or more with central divider,Straight road,,Fine,AP07UUTR 6995,P.V,Animals affected,0
21.12.2016,12:34 PM,1257.5,RHS,Rural,Tangutur,Rear End Collision, Car hit Lorry,Car,Non injury,Over speed,Four lanes or more with central divider,Straight road,,Fine,AP07TG 9740,P.V,Fatal,0
21.12.2016,12:34 PM,1257.5,RHS,Rural,Tangutur,Rear End Collision, Car hit Lorry,Car,Non injury,Over speed,Four lanes or more with central divider,Straight road,,Fine,AP07TG 9740,P.V,Grevious,0
21.12.2016,12:34 PM,1257.5,RHS,Rural,Tangutur,Rear End Collision, Car hit Lorry,Car,Non injury,Over speed,Four lanes or more with central divider,Straight road,,Fine,AP07TG 9740,P.V,Minor,0
21.12.2016,12:34 PM,1257.5,RHS,Rural,Tangutur,Rear End Collision, Car hit Lorry,Car,Non injury,Over speed,Four lanes or more with central divider,Straight road,,Fine,AP07TG 9740,P.V,Non injured ,1
21.12.2016,12:34 PM,1257.5,RHS,Rural,Tangutur,Rear End Collision, Car hit Lorry,Car,Non injury,Over speed,Four lanes or more with central divider,Straight road,,Fine,AP07TG 9740,P.V,Animals affected,0
21.12.2016,5:20 PM,1199.6,LHS,Rural,Martur,Collision Brush/Side Wipe,Car hit Tvs xl Moped ,Car,Minor injury,Over speed,Four lanes or more with central divider,Straight road,,Fine,AP31TD 0975,A.M.B,Fatal,0
21.12.2016,5:20 PM,1199.6,LHS,Rural,Martur,Collision Brush/Side Wipe,Car hit Tvs xl Moped ,Car,Minor injury,Over speed,Four lanes or more with central divider,Straight road,,Fine,AP31TD 0975,A.M.B,Grevious,0
21.12.2016,5:20 PM,1199.6,LHS,Rural,Martur,Collision Brush/Side Wipe,Car hit Tvs xl Moped ,Car,Minor injury,Over speed,Four lanes or more with central divider,Straight road,,Fine,AP31TD 0975,A.M.B,Minor,1
21.12.2016,5:20 PM,1199.6,LHS,Rural,Martur,Collision Brush/Side Wipe,Car hit Tvs xl Moped ,Car,Minor injury,Over speed,Four lanes or more with central divider,Straight road,,Fine,AP31TD 0975,A.M.B,Non injured ,0
21.12.2016,5:20 PM,1199.6,LHS,Rural,Martur,Collision Brush/Side Wipe,Car hit Tvs xl Moped ,Car,Minor injury,Over speed,Four lanes or more with central divider,Straight road,,Fine,AP31TD 0975,A.M.B,Animals affected,0
23.12.2016,6:35 AM,1236.2,RHS,Rural,Maddipadu,Rear End Collision, Container Vehicle hit Unknown Vehicle,Container,Non injury,Over speed,Four lanes or more with central divider,Straight road,,Fine,TN05BD     8478,P.V,Fatal,0
23.12.2016,6:35 AM,1236.2,RHS,Rural,Maddipadu,Rear End Collision, Container Vehicle hit Unknown Vehicle,Container,Non injury,Over speed,Four lanes or more with central divider,Straight road,,Fine,TN05BD     8478,P.V,Grevious,0
23.12.2016,6:35 AM,1236.2,RHS,Rural,Maddipadu,Rear End Collision, Container Vehicle hit Unknown Vehicle,Container,Non injury,Over speed,Four lanes or more with central divider,Straight road,,Fine,TN05BD     8478,P.V,Minor,0
23.12.2016,6:35 AM,1236.2,RHS,Rural,Maddipadu,Rear End Collision, Container Vehicle hit Unknown Vehicle,Container,Non injury,Over speed,Four lanes or more with central divider,Straight road,,Fine,TN05BD     8478,P.V,Non injured ,1
23.12.2016,6:35 AM,1236.2,RHS,Rural,Maddipadu,Rear End Collision, Container Vehicle hit Unknown Vehicle,Container,Non injury,Over speed,Four lanes or more with central divider,Straight road,,Fine,TN05BD     8478,P.V,Animals affected,0
23.12.2016,4:30 PM,1269.6,LHS,Rural,Jarugumalli,Overturning, Ape Auto Overturned,Auto,Minor injury,Defect in mechanical condition of motor vehicle/road condition,Four lanes or more with central divider,Straight road,,Fine,AP27TY 1093,A.M.B & P.V,Fatal,0
23.12.2016,4:30 PM,1269.6,LHS,Rural,Jarugumalli,Overturning, Ape Auto Overturned,Auto,Minor injury,Defect in mechanical condition of motor vehicle/road condition,Four lanes or more with central divider,Straight road,,Fine,AP27TY 1093,A.M.B & P.V,Grevious,0
23.12.2016,4:30 PM,1269.6,LHS,Rural,Jarugumalli,Overturning, Ape Auto Overturned,Auto,Minor injury,Defect in mechanical condition of motor vehicle/road condition,Four lanes or more with central divider,Straight road,,Fine,AP27TY 1093,A.M.B & P.V,Minor,1
23.12.2016,4:30 PM,1269.6,LHS,Rural,Jarugumalli,Overturning, Ape Auto Overturned,Auto,Minor injury,Defect in mechanical condition of motor vehicle/road condition,Four lanes or more with central divider,Straight road,,Fine,AP27TY 1093,A.M.B & P.V,Non injured ,1
23.12.2016,4:30 PM,1269.6,LHS,Rural,Jarugumalli,Overturning, Ape Auto Overturned,Auto,Minor injury,Defect in mechanical condition of motor vehicle/road condition,Four lanes or more with central divider,Straight road,,Fine,AP27TY 1093,A.M.B & P.V,Animals affected,0
25.12.2016,12:50 AM,1295.6,LHS,Rural,Ulavapadu,Collision Brush/Side Wipe,  Lorry  hit Unknown Vehicle,Lorry,Minor injury,Over speed,Four lanes or more with central divider,Straight road,,Fine,AP29TC 1719,P.V&A.M.B,Fatal,0
25.12.2016,12:50 AM,1295.6,LHS,Rural,Ulavapadu,Collision Brush/Side Wipe,  Lorry  hit Unknown Vehicle,Lorry,Minor injury,Over speed,Four lanes or more with central divider,Straight road,,Fine,AP29TC 1719,P.V&A.M.B,Grevious,0
25.12.2016,12:50 AM,1295.6,LHS,Rural,Ulavapadu,Collision Brush/Side Wipe,  Lorry  hit Unknown Vehicle,Lorry,Minor injury,Over speed,Four lanes or more with central divider,Straight road,,Fine,AP29TC 1719,P.V&A.M.B,Minor,1
25.12.2016,12:50 AM,1295.6,LHS,Rural,Ulavapadu,Collision Brush/Side Wipe,  Lorry  hit Unknown Vehicle,Lorry,Minor injury,Over speed,Four lanes or more with central divider,Straight road,,Fine,AP29TC 1719,P.V&A.M.B,Non injured ,0
25.12.2016,12:50 AM,1295.6,LHS,Rural,Ulavapadu,Collision Brush/Side Wipe,  Lorry  hit Unknown Vehicle,Lorry,Minor injury,Over speed,Four lanes or more with central divider,Straight road,,Fine,AP29TC 1719,P.V&A.M.B,Animals affected,0
25.12.2016,2:18 AM,1224.5,LHS,Rural,Medarametla,Overturning, Car hit Median,Car,Minor injury,Over speed,Four lanes or more with central divider,Straight road,,Fine,AP37CS 1900, P.V,Fatal,0
25.12.2016,2:18 AM,1224.5,LHS,Rural,Medarametla,Overturning, Car hit Median,Car,Minor injury,Over speed,Four lanes or more with central divider,Straight road,,Fine,AP37CS 1900, P.V,Grevious,0
25.12.2016,2:18 AM,1224.5,LHS,Rural,Medarametla,Overturning, Car hit Median,Car,Minor injury,Over speed,Four lanes or more with central divider,Straight road,,Fine,AP37CS 1900, P.V,Minor,5
25.12.2016,2:18 AM,1224.5,LHS,Rural,Medarametla,Overturning, Car hit Median,Car,Minor injury,Over speed,Four lanes or more with central divider,Straight road,,Fine,AP37CS 1900, P.V,Non injured ,0
25.12.2016,2:18 AM,1224.5,LHS,Rural,Medarametla,Overturning, Car hit Median,Car,Minor injury,Over speed,Four lanes or more with central divider,Straight road,,Fine,AP37CS 1900, P.V,Animals affected,0
25.12.2016,8:30 AM,1229.5,RHS,Rural,Maddipadu,Head on collision, Car hit Bike,Car,Fatal,Fault of driver of motor vehicle/driver of other vehicle/cyclist/pedestrian/passenger,Four lanes or more with central divider,Straight road,T-Junction,Fine,AP31BP  5878,P.V,Fatal,1
25.12.2016,8:30 AM,1229.5,RHS,Rural,Maddipadu,Head on collision, Car hit Bike,Car,Fatal,Fault of driver of motor vehicle/driver of other vehicle/cyclist/pedestrian/passenger,Four lanes or more with central divider,Straight road,T-Junction,Fine,AP31BP  5878,P.V,Grevious,0
25.12.2016,8:30 AM,1229.5,RHS,Rural,Maddipadu,Head on collision, Car hit Bike,Car,Fatal,Fault of driver of motor vehicle/driver of other vehicle/cyclist/pedestrian/passenger,Four lanes or more with central divider,Straight road,T-Junction,Fine,AP31BP  5878,P.V,Minor,1
25.12.2016,8:30 AM,1229.5,RHS,Rural,Maddipadu,Head on collision, Car hit Bike,Car,Fatal,Fault of driver of motor vehicle/driver of other vehicle/cyclist/pedestrian/passenger,Four lanes or more with central divider,Straight road,T-Junction,Fine,AP31BP  5878,P.V,Non injured ,3
25.12.2016,8:30 AM,1229.5,RHS,Rural,Maddipadu,Head on collision, Car hit Bike,Car,Fatal,Fault of driver of motor vehicle/driver of other vehicle/cyclist/pedestrian/passenger,Four lanes or more with central divider,Straight road,T-Junction,Fine,AP31BP  5878,P.V,Animals affected,0
27.12.2016,4:00 PM,1218.5,RHS,Rural,Medarametla,Rear End Collision,  Lorry  hit Unknown Vehicle,Lorry,Non injury,Fault of driver of motor vehicle/driver of other vehicle/cyclist/pedestrian/passenger,Four lanes or more with central divider,Slight curve,,Fine,AP16TV 3427,P.V,Fatal,0
27.12.2016,4:00 PM,1218.5,RHS,Rural,Medarametla,Rear End Collision,  Lorry  hit Unknown Vehicle,Lorry,Non injury,Fault of driver of motor vehicle/driver of other vehicle/cyclist/pedestrian/passenger,Four lanes or more with central divider,Slight curve,,Fine,AP16TV 3427,P.V,Grevious,0
27.12.2016,4:00 PM,1218.5,RHS,Rural,Medarametla,Rear End Collision,  Lorry  hit Unknown Vehicle,Lorry,Non injury,Fault of driver of motor vehicle/driver of other vehicle/cyclist/pedestrian/passenger,Four lanes or more with central divider,Slight curve,,Fine,AP16TV 3427,P.V,Minor,0
27.12.2016,4:00 PM,1218.5,RHS,Rural,Medarametla,Rear End Collision,  Lorry  hit Unknown Vehicle,Lorry,Non injury,Fault of driver of motor vehicle/driver of other vehicle/cyclist/pedestrian/passenger,Four lanes or more with central divider,Slight curve,,Fine,AP16TV 3427,P.V,Non injured ,6
27.12.2016,4:00 PM,1218.5,RHS,Rural,Medarametla,Rear End Collision,  Lorry  hit Unknown Vehicle,Lorry,Non injury,Fault of driver of motor vehicle/driver of other vehicle/cyclist/pedestrian/passenger,Four lanes or more with central divider,Slight curve,,Fine,AP16TV 3427,P.V,Animals affected,0
27.12.2016,8:40 PM,1351.4,RHS,Rural,Kodavaluru,Collision Brush/Side Wipe, Bike hit Buffalo,Bike,Grievious injury,Over speed,Four lanes or more with central divider,Straight road,,Fine,AP26BK 7281, P.V,Fatal,0
27.12.2016,8:40 PM,1351.4,RHS,Rural,Kodavaluru,Collision Brush/Side Wipe, Bike hit Buffalo,Bike,Grievious injury,Over speed,Four lanes or more with central divider,Straight road,,Fine,AP26BK 7281, P.V,Grevious,1
27.12.2016,8:40 PM,1351.4,RHS,Rural,Kodavaluru,Collision Brush/Side Wipe, Bike hit Buffalo,Bike,Grievious injury,Over speed,Four lanes or more with central divider,Straight road,,Fine,AP26BK 7281, P.V,Minor,0
27.12.2016,8:40 PM,1351.4,RHS,Rural,Kodavaluru,Collision Brush/Side Wipe, Bike hit Buffalo,Bike,Grievious injury,Over speed,Four lanes or more with central divider,Straight road,,Fine,AP26BK 7281, P.V,Non injured ,0
27.12.2016,8:40 PM,1351.4,RHS,Rural,Kodavaluru,Collision Brush/Side Wipe, Bike hit Buffalo,Bike,Grievious injury,Over speed,Four lanes or more with central divider,Straight road,,Fine,AP26BK 7281, P.V,Animals affected,1
28.12.2016,4:20 AM,1300.5,LHS,Rural,Gudluru,Collision Brush/Side Wipe, Lorry hit Median Street light,Lorry,Non injury,Fault of driver of motor vehicle/driver of other vehicle/cyclist/pedestrian/passenger,Four lanes or more with central divider,Straight road,,Fine,TN34W 2669,P.V,Fatal,0
28.12.2016,4:20 AM,1300.5,LHS,Rural,Gudluru,Collision Brush/Side Wipe, Lorry hit Median Street light,Lorry,Non injury,Fault of driver of motor vehicle/driver of other vehicle/cyclist/pedestrian/passenger,Four lanes or more with central divider,Straight road,,Fine,TN34W 2669,P.V,Grevious,0
28.12.2016,4:20 AM,1300.5,LHS,Rural,Gudluru,Collision Brush/Side Wipe, Lorry hit Median Street light,Lorry,Non injury,Fault of driver of motor vehicle/driver of other vehicle/cyclist/pedestrian/passenger,Four lanes or more with central divider,Straight road,,Fine,TN34W 2669,P.V,Minor,0
28.12.2016,4:20 AM,1300.5,LHS,Rural,Gudluru,Collision Brush/Side Wipe, Lorry hit Median Street light,Lorry,Non injury,Fault of driver of motor vehicle/driver of other vehicle/cyclist/pedestrian/passenger,Four lanes or more with central divider,Straight road,,Fine,TN34W 2669,P.V,Non injured ,2
28.12.2016,4:20 AM,1300.5,LHS,Rural,Gudluru,Collision Brush/Side Wipe, Lorry hit Median Street light,Lorry,Non injury,Fault of driver of motor vehicle/driver of other vehicle/cyclist/pedestrian/passenger,Four lanes or more with central divider,Straight road,,Fine,TN34W 2669,P.V,Animals affected,0