Operational date,Time of Accident,KM && M,Position,Rural/Urban,Location,Nature of Accident Position,Nature of Accident,Vehicle Involved,Type of Accident,Causes,Road Feature,Road condition,Intersection Type And Control,Weather Condition,Vehicle Responsible,Help Provided by Ambulance/Patroling Vehicle,Classification of Accident,No of Affected Persons
29.12.2016,12:05 AM,1348,RHS,Rural,Kodavaluru,Collision Brush/Side Wipe, Unknown Vehicle hit Buffalos,Unknown,Non injury,Over speed,Four lanes or more with central divider,Straight road,,Fine,Unknown Vehicle,P.V,Fatal,0
29.12.2016,12:05 AM,1348,RHS,Rural,Kodavaluru,Collision Brush/Side Wipe, Unknown Vehicle hit Buffalos,Unknown,Non injury,Over speed,Four lanes or more with central divider,Straight road,,Fine,Unknown Vehicle,P.V,Grevious,0
29.12.2016,12:05 AM,1348,RHS,Rural,Kodavaluru,Collision Brush/Side Wipe, Unknown Vehicle hit Buffalos,Unknown,Non injury,Over speed,Four lanes or more with central divider,Straight road,,Fine,Unknown Vehicle,P.V,Minor,0
29.12.2016,12:05 AM,1348,RHS,Rural,Kodavaluru,Collision Brush/Side Wipe, Unknown Vehicle hit Buffalos,Unknown,Non injury,Over speed,Four lanes or more with central divider,Straight road,,Fine,Unknown Vehicle,P.V,Non injured ,0
29.12.2016,12:05 AM,1348,RHS,Rural,Kodavaluru,Collision Brush/Side Wipe, Unknown Vehicle hit Buffalos,Unknown,Non injury,Over speed,Four lanes or more with central divider,Straight road,,Fine,Unknown Vehicle,P.V,Animals affected,6
29.12.2016,10:45 AM,1228.8,LHS,Rural,Maddipadu,Collision Brush/Side Wipe, Bike hit Container vehicle ,Bike,Minor injury,Over speed,Four lanes or more with central divider,Straight road,,Fine,AP27BA 3138,P.V,Fatal,0
29.12.2016,10:45 AM,1228.8,LHS,Rural,Maddipadu,Collision Brush/Side Wipe, Bike hit Container vehicle ,Bike,Minor injury,Over speed,Four lanes or more with central divider,Straight road,,Fine,AP27BA 3138,P.V,Grevious,0
29.12.2016,10:45 AM,1228.8,LHS,Rural,Maddipadu,Collision Brush/Side Wipe, Bike hit Container vehicle ,Bike,Minor injury,Over speed,Four lanes or more with central divider,Straight road,,Fine,AP27BA 3138,P.V,Minor,1
29.12.2016,10:45 AM,1228.8,LHS,Rural,Maddipadu,Collision Brush/Side Wipe, Bike hit Container vehicle ,Bike,Minor injury,Over speed,Four lanes or more with central divider,Straight road,,Fine,AP27BA 3138,P.V,Non injured ,1
29.12.2016,10:45 AM,1228.8,LHS,Rural,Maddipadu,Collision Brush/Side Wipe, Bike hit Container vehicle ,Bike,Minor injury,Over speed,Four lanes or more with central divider,Straight road,,Fine,AP27BA 3138,P.V,Animals affected,0
31.12.2016,3:15 AM,1313.2,RHS,Rural,Kavali,Rear End Collision, Car hit Lorry,Car,Minor injury,Fault of driver of motor vehicle/driver of other vehicle/cyclist/pedestrian/passenger,Four lanes or more with central divider,Straight road,,Fine,TS02TG 0005,P.V,Fatal,0
31.12.2016,3:15 AM,1313.2,RHS,Rural,Kavali,Rear End Collision, Car hit Lorry,Car,Minor injury,Fault of driver of motor vehicle/driver of other vehicle/cyclist/pedestrian/passenger,Four lanes or more with central divider,Straight road,,Fine,TS02TG 0005,P.V,Grevious,0
31.12.2016,3:15 AM,1313.2,RHS,Rural,Kavali,Rear End Collision, Car hit Lorry,Car,Minor injury,Fault of driver of motor vehicle/driver of other vehicle/cyclist/pedestrian/passenger,Four lanes or more with central divider,Straight road,,Fine,TS02TG 0005,P.V,Minor,1
31.12.2016,3:15 AM,1313.2,RHS,Rural,Kavali,Rear End Collision, Car hit Lorry,Car,Minor injury,Fault of driver of motor vehicle/driver of other vehicle/cyclist/pedestrian/passenger,Four lanes or more with central divider,Straight road,,Fine,TS02TG 0005,P.V,Non injured ,3
31.12.2016,3:15 AM,1313.2,RHS,Rural,Kavali,Rear End Collision, Car hit Lorry,Car,Minor injury,Fault of driver of motor vehicle/driver of other vehicle/cyclist/pedestrian/passenger,Four lanes or more with central divider,Straight road,,Fine,TS02TG 0005,P.V,Animals affected,0
01.01.2017,7:35 AM,1350,LHS,Rural,Kodavaluru,Rear End Collision, Car hit bridge safety wall,Car,Fatal,Druken,Four lanes or more with central divider,Straight road,,Fine,AP16BG  8249,A.M.B & P.V,Fatal,1
01.01.2017,7:35 AM,1350,LHS,Rural,Kodavaluru,Rear End Collision, Car hit bridge safety wall,Car,Fatal,Druken,Four lanes or more with central divider,Straight road,,Fine,AP16BG  8249,A.M.B & P.V,Grevious,2
01.01.2017,7:35 AM,1350,LHS,Rural,Kodavaluru,Rear End Collision, Car hit bridge safety wall,Car,Fatal,Druken,Four lanes or more with central divider,Straight road,,Fine,AP16BG  8249,A.M.B & P.V,Minor,0
01.01.2017,7:35 AM,1350,LHS,Rural,Kodavaluru,Rear End Collision, Car hit bridge safety wall,Car,Fatal,Druken,Four lanes or more with central divider,Straight road,,Fine,AP16BG  8249,A.M.B & P.V,Non injured ,0
01.01.2017,7:35 AM,1350,LHS,Rural,Kodavaluru,Rear End Collision, Car hit bridge safety wall,Car,Fatal,Druken,Four lanes or more with central divider,Straight road,,Fine,AP16BG  8249,A.M.B & P.V,Animals affected,0
01.01.2017,2:42 PM,1186.4,RHS,Rural,Martur,Overturning, Lorry overturned,Lorry,Minor injury,Fault of driver of motor vehicle/driver of other vehicle/cyclist/pedestrian/passenger,Four lanes or more with central divider,Straight road,,Fine,AP16TY  5389,P.V,Fatal,0
01.01.2017,2:42 PM,1186.4,RHS,Rural,Martur,Overturning, Lorry overturned,Lorry,Minor injury,Fault of driver of motor vehicle/driver of other vehicle/cyclist/pedestrian/passenger,Four lanes or more with central divider,Straight road,,Fine,AP16TY  5389,P.V,Grevious,0
01.01.2017,2:42 PM,1186.4,RHS,Rural,Martur,Overturning, Lorry overturned,Lorry,Minor injury,Fault of driver of motor vehicle/driver of other vehicle/cyclist/pedestrian/passenger,Four lanes or more with central divider,Straight road,,Fine,AP16TY  5389,P.V,Minor,2
01.01.2017,2:42 PM,1186.4,RHS,Rural,Martur,Overturning, Lorry overturned,Lorry,Minor injury,Fault of driver of motor vehicle/driver of other vehicle/cyclist/pedestrian/passenger,Four lanes or more with central divider,Straight road,,Fine,AP16TY  5389,P.V,Non injured ,0
01.01.2017,2:42 PM,1186.4,RHS,Rural,Martur,Overturning, Lorry overturned,Lorry,Minor injury,Fault of driver of motor vehicle/driver of other vehicle/cyclist/pedestrian/passenger,Four lanes or more with central divider,Straight road,,Fine,AP16TY  5389,P.V,Animals affected,0
01.01.2017,8:45 PM,1264,LHS,Rural,Tangutur,Rear End Collision, Bike hit Lorry ,Bike,Minor injury,Druken,Four lanes or more with central divider,Straight road,,Fine,AP27AK  9943,A.M.B ,Fatal,0
01.01.2017,8:45 PM,1264,LHS,Rural,Tangutur,Rear End Collision, Bike hit Lorry ,Bike,Minor injury,Druken,Four lanes or more with central divider,Straight road,,Fine,AP27AK  9943,A.M.B ,Grevious,0
01.01.2017,8:45 PM,1264,LHS,Rural,Tangutur,Rear End Collision, Bike hit Lorry ,Bike,Minor injury,Druken,Four lanes or more with central divider,Straight road,,Fine,AP27AK  9943,A.M.B ,Minor,1
01.01.2017,8:45 PM,1264,LHS,Rural,Tangutur,Rear End Collision, Bike hit Lorry ,Bike,Minor injury,Druken,Four lanes or more with central divider,Straight road,,Fine,AP27AK  9943,A.M.B ,Non injured ,0
01.01.2017,8:45 PM,1264,LHS,Rural,Tangutur,Rear End Collision, Bike hit Lorry ,Bike,Minor injury,Druken,Four lanes or more with central divider,Straight road,,Fine,AP27AK  9943,A.M.B ,Animals affected,0
02.01.2017,5:25 PM,1239.7,LHS,Rural,Ongole,Overturning, Car overturned,Car,Minor injury,Fault of driver of motor vehicle/driver of other vehicle/cyclist/pedestrian/passenger,Two lanes,Straight road,,Fine,TN10AR  3394,P.V,Fatal,0
02.01.2017,5:25 PM,1239.7,LHS,Rural,Ongole,Overturning, Car overturned,Car,Minor injury,Fault of driver of motor vehicle/driver of other vehicle/cyclist/pedestrian/passenger,Two lanes,Straight road,,Fine,TN10AR  3394,P.V,Grevious,0
02.01.2017,5:25 PM,1239.7,LHS,Rural,Ongole,Overturning, Car overturned,Car,Minor injury,Fault of driver of motor vehicle/driver of other vehicle/cyclist/pedestrian/passenger,Two lanes,Straight road,,Fine,TN10AR  3394,P.V,Minor,2
02.01.2017,5:25 PM,1239.7,LHS,Rural,Ongole,Overturning, Car overturned,Car,Minor injury,Fault of driver of motor vehicle/driver of other vehicle/cyclist/pedestrian/passenger,Two lanes,Straight road,,Fine,TN10AR  3394,P.V,Non injured ,3
02.01.2017,5:25 PM,1239.7,LHS,Rural,Ongole,Overturning, Car overturned,Car,Minor injury,Fault of driver of motor vehicle/driver of other vehicle/cyclist/pedestrian/passenger,Two lanes,Straight road,,Fine,TN10AR  3394,P.V,Animals affected,0
03.01.2017,8:25 PM,1204,LHS,Rural,Reningavaram,Collision Brush/Side Wipe, Unknown Vehicle hit Pedestrian,Unknown,Grievious injury,Over speed,Four lanes or more with central divider,Straight road,,Fine,Unknown Vehicle,A.M.B,Fatal,0
03.01.2017,8:25 PM,1204,LHS,Rural,Reningavaram,Collision Brush/Side Wipe, Unknown Vehicle hit Pedestrian,Unknown,Grievious injury,Over speed,Four lanes or more with central divider,Straight road,,Fine,Unknown Vehicle,A.M.B,Grevious,1
03.01.2017,8:25 PM,1204,LHS,Rural,Reningavaram,Collision Brush/Side Wipe, Unknown Vehicle hit Pedestrian,Unknown,Grievious injury,Over speed,Four lanes or more with central divider,Straight road,,Fine,Unknown Vehicle,A.M.B,Minor,0
03.01.2017,8:25 PM,1204,LHS,Rural,Reningavaram,Collision Brush/Side Wipe, Unknown Vehicle hit Pedestrian,Unknown,Grievious injury,Over speed,Four lanes or more with central divider,Straight road,,Fine,Unknown Vehicle,A.M.B,Non injured ,0
03.01.2017,8:25 PM,1204,LHS,Rural,Reningavaram,Collision Brush/Side Wipe, Unknown Vehicle hit Pedestrian,Unknown,Grievious injury,Over speed,Four lanes or more with central divider,Straight road,,Fine,Unknown Vehicle,A.M.B,Animals affected,0
04.01.2017,8:00 PM,1200.6,RHS,Rural,Reningavaram,Right Turn Collision, Car hit Unknown vehicle,Car,Minor injury,Over speed,Four lanes or more with central divider,Straight road,,Fine,AP09AX  5958,A.M.B & P.V,Fatal,0
04.01.2017,8:00 PM,1200.6,RHS,Rural,Reningavaram,Right Turn Collision, Car hit Unknown vehicle,Car,Minor injury,Over speed,Four lanes or more with central divider,Straight road,,Fine,AP09AX  5958,A.M.B & P.V,Grevious,0
04.01.2017,8:00 PM,1200.6,RHS,Rural,Reningavaram,Right Turn Collision, Car hit Unknown vehicle,Car,Minor injury,Over speed,Four lanes or more with central divider,Straight road,,Fine,AP09AX  5958,A.M.B & P.V,Minor,3
04.01.2017,8:00 PM,1200.6,RHS,Rural,Reningavaram,Right Turn Collision, Car hit Unknown vehicle,Car,Minor injury,Over speed,Four lanes or more with central divider,Straight road,,Fine,AP09AX  5958,A.M.B & P.V,Non injured ,0
04.01.2017,8:00 PM,1200.6,RHS,Rural,Reningavaram,Right Turn Collision, Car hit Unknown vehicle,Car,Minor injury,Over speed,Four lanes or more with central divider,Straight road,,Fine,AP09AX  5958,A.M.B & P.V,Animals affected,0
07.01.2017,5:05 AM,1286.8,LHS,Rural,Ulavapadu,Collision Brush/Side Wipe, Bus hit CC Barriers ,Bus,Non injury,Over speed,Four lanes or more with central divider,Sharp curve,T-Junction,Fine,AP16TB  6200, P.V,Fatal,0
07.01.2017,5:05 AM,1286.8,LHS,Rural,Ulavapadu,Collision Brush/Side Wipe, Bus hit CC Barriers ,Bus,Non injury,Over speed,Four lanes or more with central divider,Sharp curve,T-Junction,Fine,AP16TB  6200, P.V,Grevious,0
07.01.2017,5:05 AM,1286.8,LHS,Rural,Ulavapadu,Collision Brush/Side Wipe, Bus hit CC Barriers ,Bus,Non injury,Over speed,Four lanes or more with central divider,Sharp curve,T-Junction,Fine,AP16TB  6200, P.V,Minor,0
07.01.2017,5:05 AM,1286.8,LHS,Rural,Ulavapadu,Collision Brush/Side Wipe, Bus hit CC Barriers ,Bus,Non injury,Over speed,Four lanes or more with central divider,Sharp curve,T-Junction,Fine,AP16TB  6200, P.V,Non injured ,30
07.01.2017,5:05 AM,1286.8,LHS,Rural,Ulavapadu,Collision Brush/Side Wipe, Bus hit CC Barriers ,Bus,Non injury,Over speed,Four lanes or more with central divider,Sharp curve,T-Junction,Fine,AP16TB  6200, P.V,Animals affected,0
07.01.2017,6:30 AM,1328.2,RHS,Rural,Kavali,Overturning,Ape Auto  Overturned,Auto,Minor injury,Vehicle out of control,Four lanes or more with central divider,Straight road,,Fine,AP27TX 4082, P.V,Fatal,0
07.01.2017,6:30 AM,1328.2,RHS,Rural,Kavali,Overturning,Ape Auto  Overturned,Auto,Minor injury,Vehicle out of control,Four lanes or more with central divider,Straight road,,Fine,AP27TX 4082, P.V,Grevious,0
07.01.2017,6:30 AM,1328.2,RHS,Rural,Kavali,Overturning,Ape Auto  Overturned,Auto,Minor injury,Vehicle out of control,Four lanes or more with central divider,Straight road,,Fine,AP27TX 4082, P.V,Minor,1
07.01.2017,6:30 AM,1328.2,RHS,Rural,Kavali,Overturning,Ape Auto  Overturned,Auto,Minor injury,Vehicle out of control,Four lanes or more with central divider,Straight road,,Fine,AP27TX 4082, P.V,Non injured ,0
07.01.2017,6:30 AM,1328.2,RHS,Rural,Kavali,Overturning,Ape Auto  Overturned,Auto,Minor injury,Vehicle out of control,Four lanes or more with central divider,Straight road,,Fine,AP27TX 4082, P.V,Animals affected,0
07.01.2017,12:02 PM,1202.2,LHS,Rural,Reningavaram,Collision Brush/Side Wipe, Unknown vehicle hit Bike ,Unknown,Minor injury,Over speed,Four lanes or more with central divider,Straight road,,Fine,Unknown vehicle,A.M.B,Fatal,0
07.01.2017,12:02 PM,1202.2,LHS,Rural,Reningavaram,Collision Brush/Side Wipe, Unknown vehicle hit Bike ,Unknown,Minor injury,Over speed,Four lanes or more with central divider,Straight road,,Fine,Unknown vehicle,A.M.B,Grevious,0
07.01.2017,12:02 PM,1202.2,LHS,Rural,Reningavaram,Collision Brush/Side Wipe, Unknown vehicle hit Bike ,Unknown,Minor injury,Over speed,Four lanes or more with central divider,Straight road,,Fine,Unknown vehicle,A.M.B,Minor,1
07.01.2017,12:02 PM,1202.2,LHS,Rural,Reningavaram,Collision Brush/Side Wipe, Unknown vehicle hit Bike ,Unknown,Minor injury,Over speed,Four lanes or more with central divider,Straight road,,Fine,Unknown vehicle,A.M.B,Non injured ,0
07.01.2017,12:02 PM,1202.2,LHS,Rural,Reningavaram,Collision Brush/Side Wipe, Unknown vehicle hit Bike ,Unknown,Minor injury,Over speed,Four lanes or more with central divider,Straight road,,Fine,Unknown vehicle,A.M.B,Animals affected,0
09.01.2017,7:10 PM,1329.8,RHS,Rural,Kavali,Skidding, Bike skidding,Bike,Minor injury,Vehicle out of control,Four lanes or more with central divider,Straight road,,Fine,AP26AC   4763,A.M.B,Fatal,0
09.01.2017,7:10 PM,1329.8,RHS,Rural,Kavali,Skidding, Bike skidding,Bike,Minor injury,Vehicle out of control,Four lanes or more with central divider,Straight road,,Fine,AP26AC   4763,A.M.B,Grevious,0
09.01.2017,7:10 PM,1329.8,RHS,Rural,Kavali,Skidding, Bike skidding,Bike,Minor injury,Vehicle out of control,Four lanes or more with central divider,Straight road,,Fine,AP26AC   4763,A.M.B,Minor,1
09.01.2017,7:10 PM,1329.8,RHS,Rural,Kavali,Skidding, Bike skidding,Bike,Minor injury,Vehicle out of control,Four lanes or more with central divider,Straight road,,Fine,AP26AC   4763,A.M.B,Non injured ,0
09.01.2017,7:10 PM,1329.8,RHS,Rural,Kavali,Skidding, Bike skidding,Bike,Minor injury,Vehicle out of control,Four lanes or more with central divider,Straight road,,Fine,AP26AC   4763,A.M.B,Animals affected,0
12.01.2017,7:00 AM,1200.4,RHS,Rural,Reningavaram,Overturning, Car Overturned towards ROW,Car,Non injury,Fault of driver of motor vehicle/driver of other vehicle/cyclist/pedestrian/passenger,Four lanes or more with central divider,Straight road,,Fine,TS08UA 5187,P.V,Fatal,0
12.01.2017,7:00 AM,1200.4,RHS,Rural,Reningavaram,Overturning, Car Overturned towards ROW,Car,Non injury,Fault of driver of motor vehicle/driver of other vehicle/cyclist/pedestrian/passenger,Four lanes or more with central divider,Straight road,,Fine,TS08UA 5187,P.V,Grevious,0
12.01.2017,7:00 AM,1200.4,RHS,Rural,Reningavaram,Overturning, Car Overturned towards ROW,Car,Non injury,Fault of driver of motor vehicle/driver of other vehicle/cyclist/pedestrian/passenger,Four lanes or more with central divider,Straight road,,Fine,TS08UA 5187,P.V,Minor,0
12.01.2017,7:00 AM,1200.4,RHS,Rural,Reningavaram,Overturning, Car Overturned towards ROW,Car,Non injury,Fault of driver of motor vehicle/driver of other vehicle/cyclist/pedestrian/passenger,Four lanes or more with central divider,Straight road,,Fine,TS08UA 5187,P.V,Non injured ,6
12.01.2017,7:00 AM,1200.4,RHS,Rural,Reningavaram,Overturning, Car Overturned towards ROW,Car,Non injury,Fault of driver of motor vehicle/driver of other vehicle/cyclist/pedestrian/passenger,Four lanes or more with central divider,Straight road,,Fine,TS08UA 5187,P.V,Animals affected,0
12.01.2017,7:25 AM,1316.2,LHS,Rural,Kavali,Collision Brush/Side Wipe, Car hit Median,Car,Non injury,Over speed,Four lanes or more with central divider,Straight road,,Fine,TS29AH 0297,P.V,Fatal,0
12.01.2017,7:25 AM,1316.2,LHS,Rural,Kavali,Collision Brush/Side Wipe, Car hit Median,Car,Non injury,Over speed,Four lanes or more with central divider,Straight road,,Fine,TS29AH 0297,P.V,Grevious,0
12.01.2017,7:25 AM,1316.2,LHS,Rural,Kavali,Collision Brush/Side Wipe, Car hit Median,Car,Non injury,Over speed,Four lanes or more with central divider,Straight road,,Fine,TS29AH 0297,P.V,Minor,0
12.01.2017,7:25 AM,1316.2,LHS,Rural,Kavali,Collision Brush/Side Wipe, Car hit Median,Car,Non injury,Over speed,Four lanes or more with central divider,Straight road,,Fine,TS29AH 0297,P.V,Non injured ,6
12.01.2017,7:25 AM,1316.2,LHS,Rural,Kavali,Collision Brush/Side Wipe, Car hit Median,Car,Non injury,Over speed,Four lanes or more with central divider,Straight road,,Fine,TS29AH 0297,P.V,Animals affected,0
12.01.2017,11:00 AM,1220.9,LHS,Rural,Medarametla,Overturning, Lorry  Overturned towards ROW,Lorry,Non injury,Fault of driver of motor vehicle/driver of other vehicle/cyclist/pedestrian/passenger,Four lanes or more with central divider,Straight road,,Fine,AP04Y    6201,P.V,Fatal,0
12.01.2017,11:00 AM,1220.9,LHS,Rural,Medarametla,Overturning, Lorry  Overturned towards ROW,Lorry,Non injury,Fault of driver of motor vehicle/driver of other vehicle/cyclist/pedestrian/passenger,Four lanes or more with central divider,Straight road,,Fine,AP04Y    6201,P.V,Grevious,0
12.01.2017,11:00 AM,1220.9,LHS,Rural,Medarametla,Overturning, Lorry  Overturned towards ROW,Lorry,Non injury,Fault of driver of motor vehicle/driver of other vehicle/cyclist/pedestrian/passenger,Four lanes or more with central divider,Straight road,,Fine,AP04Y    6201,P.V,Minor,0
12.01.2017,11:00 AM,1220.9,LHS,Rural,Medarametla,Overturning, Lorry  Overturned towards ROW,Lorry,Non injury,Fault of driver of motor vehicle/driver of other vehicle/cyclist/pedestrian/passenger,Four lanes or more with central divider,Straight road,,Fine,AP04Y    6201,P.V,Non injured ,1
12.01.2017,11:00 AM,1220.9,LHS,Rural,Medarametla,Overturning, Lorry  Overturned towards ROW,Lorry,Non injury,Fault of driver of motor vehicle/driver of other vehicle/cyclist/pedestrian/passenger,Four lanes or more with central divider,Straight road,,Fine,AP04Y    6201,P.V,Animals affected,0
13.01.2017,5:40 AM,1214.5,LHS,Rural,Medarametla,Overturning, Appe Auto Overtuned,Auto,Minor injury,Over speed,Two lanes,Straight road,,Fine,AP27TW  6095,P.V& AMB,Fatal,0
13.01.2017,5:40 AM,1214.5,LHS,Rural,Medarametla,Overturning, Appe Auto Overtuned,Auto,Minor injury,Over speed,Two lanes,Straight road,,Fine,AP27TW  6095,P.V& AMB,Grevious,0
13.01.2017,5:40 AM,1214.5,LHS,Rural,Medarametla,Overturning, Appe Auto Overtuned,Auto,Minor injury,Over speed,Two lanes,Straight road,,Fine,AP27TW  6095,P.V& AMB,Minor,1
13.01.2017,5:40 AM,1214.5,LHS,Rural,Medarametla,Overturning, Appe Auto Overtuned,Auto,Minor injury,Over speed,Two lanes,Straight road,,Fine,AP27TW  6095,P.V& AMB,Non injured ,0
13.01.2017,5:40 AM,1214.5,LHS,Rural,Medarametla,Overturning, Appe Auto Overtuned,Auto,Minor injury,Over speed,Two lanes,Straight road,,Fine,AP27TW  6095,P.V& AMB,Animals affected,0
13.01.2017,3:56 AM,1272.6,LHS,Rural,Jarugumalli,Rear End Collision, Tanker hit Lorry,Tanker,Grievious injury,Fault of driver of motor vehicle/driver of other vehicle/cyclist/pedestrian/passenger,Four lanes or more with central divider,Straight road,,Fine,TN31BB 8974,P.V,Fatal,0
13.01.2017,3:56 AM,1272.6,LHS,Rural,Jarugumalli,Rear End Collision, Tanker hit Lorry,Tanker,Grievious injury,Fault of driver of motor vehicle/driver of other vehicle/cyclist/pedestrian/passenger,Four lanes or more with central divider,Straight road,,Fine,TN31BB 8974,P.V,Grevious,1
13.01.2017,3:56 AM,1272.6,LHS,Rural,Jarugumalli,Rear End Collision, Tanker hit Lorry,Tanker,Grievious injury,Fault of driver of motor vehicle/driver of other vehicle/cyclist/pedestrian/passenger,Four lanes or more with central divider,Straight road,,Fine,TN31BB 8974,P.V,Minor,0
13.01.2017,3:56 AM,1272.6,LHS,Rural,Jarugumalli,Rear End Collision, Tanker hit Lorry,Tanker,Grievious injury,Fault of driver of motor vehicle/driver of other vehicle/cyclist/pedestrian/passenger,Four lanes or more with central divider,Straight road,,Fine,TN31BB 8974,P.V,Non injured ,2
13.01.2017,3:56 AM,1272.6,LHS,Rural,Jarugumalli,Rear End Collision, Tanker hit Lorry,Tanker,Grievious injury,Fault of driver of motor vehicle/driver of other vehicle/cyclist/pedestrian/passenger,Four lanes or more with central divider,Straight road,,Fine,TN31BB 8974,P.V,Animals affected,0
13.01.2017,7:15 AM,1247.9,RHS,Urban,Ongole,Rear End Collision, Car hit Car,Car,Non injury,Over speed,Four lanes or more with central divider,Straight road,Four arm junction,Fine,TN09BA 2251,P.V,Fatal,0
13.01.2017,7:15 AM,1247.9,RHS,Urban,Ongole,Rear End Collision, Car hit Car,Car,Non injury,Over speed,Four lanes or more with central divider,Straight road,Four arm junction,Fine,TN09BA 2251,P.V,Grevious,0
13.01.2017,7:15 AM,1247.9,RHS,Urban,Ongole,Rear End Collision, Car hit Car,Car,Non injury,Over speed,Four lanes or more with central divider,Straight road,Four arm junction,Fine,TN09BA 2251,P.V,Minor,0
13.01.2017,7:15 AM,1247.9,RHS,Urban,Ongole,Rear End Collision, Car hit Car,Car,Non injury,Over speed,Four lanes or more with central divider,Straight road,Four arm junction,Fine,TN09BA 2251,P.V,Non injured ,2
13.01.2017,7:15 AM,1247.9,RHS,Urban,Ongole,Rear End Collision, Car hit Car,Car,Non injury,Over speed,Four lanes or more with central divider,Straight road,Four arm junction,Fine,TN09BA 2251,P.V,Animals affected,0
13.01.2017,2:53 PM,1203.2,LHS,Rural,Reningavaram,Skidding, Bike Skidding,Bike,Grievious injury,Over speed,Four lanes or more with central divider,Straight road,,Fine,AP27BD  0085,AMB,Fatal,0
13.01.2017,2:53 PM,1203.2,LHS,Rural,Reningavaram,Skidding, Bike Skidding,Bike,Grievious injury,Over speed,Four lanes or more with central divider,Straight road,,Fine,AP27BD  0085,AMB,Grevious,2
13.01.2017,2:53 PM,1203.2,LHS,Rural,Reningavaram,Skidding, Bike Skidding,Bike,Grievious injury,Over speed,Four lanes or more with central divider,Straight road,,Fine,AP27BD  0085,AMB,Minor,0
13.01.2017,2:53 PM,1203.2,LHS,Rural,Reningavaram,Skidding, Bike Skidding,Bike,Grievious injury,Over speed,Four lanes or more with central divider,Straight road,,Fine,AP27BD  0085,AMB,Non injured ,0
13.01.2017,2:53 PM,1203.2,LHS,Rural,Reningavaram,Skidding, Bike Skidding,Bike,Grievious injury,Over speed,Four lanes or more with central divider,Straight road,,Fine,AP27BD  0085,AMB,Animals affected,0
13.01.2017,8:10 PM,1310.5,LHS,Rural,Kavali,Rear End Collision, Car hit Bike,Car,Grievious injury,Over speed,Four lanes or more with central divider,Straight road,,Fine,AP16BE 2288,P.V,Fatal,0
13.01.2017,8:10 PM,1310.5,LHS,Rural,Kavali,Rear End Collision, Car hit Bike,Car,Grievious injury,Over speed,Four lanes or more with central divider,Straight road,,Fine,AP16BE 2288,P.V,Grevious,1
13.01.2017,8:10 PM,1310.5,LHS,Rural,Kavali,Rear End Collision, Car hit Bike,Car,Grievious injury,Over speed,Four lanes or more with central divider,Straight road,,Fine,AP16BE 2288,P.V,Minor,0
13.01.2017,8:10 PM,1310.5,LHS,Rural,Kavali,Rear End Collision, Car hit Bike,Car,Grievious injury,Over speed,Four lanes or more with central divider,Straight road,,Fine,AP16BE 2288,P.V,Non injured ,0
13.01.2017,8:10 PM,1310.5,LHS,Rural,Kavali,Rear End Collision, Car hit Bike,Car,Grievious injury,Over speed,Four lanes or more with central divider,Straight road,,Fine,AP16BE 2288,P.V,Animals affected,0
14.01.2017,12:55 PM,1188.8,LHS,Rural,Martur,Skidding, Bike Skidding,Bike,Grievious injury,Over speed,Four lanes or more with central divider,Straight road,,Fine,AP27BC 6552,AMB,Fatal,0
14.01.2017,12:55 PM,1188.8,LHS,Rural,Martur,Skidding, Bike Skidding,Bike,Grievious injury,Over speed,Four lanes or more with central divider,Straight road,,Fine,AP27BC 6552,AMB,Grevious,1
14.01.2017,12:55 PM,1188.8,LHS,Rural,Martur,Skidding, Bike Skidding,Bike,Grievious injury,Over speed,Four lanes or more with central divider,Straight road,,Fine,AP27BC 6552,AMB,Minor,1
14.01.2017,12:55 PM,1188.8,LHS,Rural,Martur,Skidding, Bike Skidding,Bike,Grievious injury,Over speed,Four lanes or more with central divider,Straight road,,Fine,AP27BC 6552,AMB,Non injured ,0
14.01.2017,12:55 PM,1188.8,LHS,Rural,Martur,Skidding, Bike Skidding,Bike,Grievious injury,Over speed,Four lanes or more with central divider,Straight road,,Fine,AP27BC 6552,AMB,Animals affected,0
14.01.2017,7:00 PM,1353.6,LHS,Rural,Kodavaluru,Collision Brush/Side Wipe, Car hit Buffalow,Car,Non injury,Over speed,Four lanes or more with central divider,Straight road,,Fine,AP26BR   111,P.V,Fatal,0
14.01.2017,7:00 PM,1353.6,LHS,Rural,Kodavaluru,Collision Brush/Side Wipe, Car hit Buffalow,Car,Non injury,Over speed,Four lanes or more with central divider,Straight road,,Fine,AP26BR   111,P.V,Grevious,0
14.01.2017,7:00 PM,1353.6,LHS,Rural,Kodavaluru,Collision Brush/Side Wipe, Car hit Buffalow,Car,Non injury,Over speed,Four lanes or more with central divider,Straight road,,Fine,AP26BR   111,P.V,Minor,0
14.01.2017,7:00 PM,1353.6,LHS,Rural,Kodavaluru,Collision Brush/Side Wipe, Car hit Buffalow,Car,Non injury,Over speed,Four lanes or more with central divider,Straight road,,Fine,AP26BR   111,P.V,Non injured ,3
14.01.2017,7:00 PM,1353.6,LHS,Rural,Kodavaluru,Collision Brush/Side Wipe, Car hit Buffalow,Car,Non injury,Over speed,Four lanes or more with central divider,Straight road,,Fine,AP26BR   111,P.V,Animals affected,1
16.01.2017,10:08 AM,1222.6,RHS,Rural,Medarametla,Collision Brush/Side Wipe, Bike hit Pedestrian,Bike,Minor injury,Fault of driver of motor vehicle/driver of other vehicle/cyclist/pedestrian/passenger,Four lanes or more with central divider,Straight road,,Fine,AP27AX  6616,AMB & P.V,Fatal,0
16.01.2017,10:08 AM,1222.6,RHS,Rural,Medarametla,Collision Brush/Side Wipe, Bike hit Pedestrian,Bike,Minor injury,Fault of driver of motor vehicle/driver of other vehicle/cyclist/pedestrian/passenger,Four lanes or more with central divider,Straight road,,Fine,AP27AX  6616,AMB & P.V,Grevious,0