Operational date,Time of Accident,KM && M,Position,Rural/Urban,Location,Nature of Accident Position,Nature of Accident,Vehicle Involved,Type of Accident,Causes,Road Feature,Road condition,Intersection Type And Control,Weather Condition,Vehicle Responsible,Help Provided by Ambulance/Patroling Vehicle,Classification of Accident,No of Affected Persons
16.01.2017,10:08 AM,1222.6,RHS,Rural,Medarametla,Collision Brush/Side Wipe, Bike hit Pedestrian,Bike,Minor injury,Fault of driver of motor vehicle/driver of other vehicle/cyclist/pedestrian/passenger,Four lanes or more with central divider,Straight road,,Fine,AP27AX  6616,AMB & P.V,Minor,2
16.01.2017,10:08 AM,1222.6,RHS,Rural,Medarametla,Collision Brush/Side Wipe, Bike hit Pedestrian,Bike,Minor injury,Fault of driver of motor vehicle/driver of other vehicle/cyclist/pedestrian/passenger,Four lanes or more with central divider,Straight road,,Fine,AP27AX  6616,AMB & P.V,Non injured ,1
16.01.2017,10:08 AM,1222.6,RHS,Rural,Medarametla,Collision Brush/Side Wipe, Bike hit Pedestrian,Bike,Minor injury,Fault of driver of motor vehicle/driver of other vehicle/cyclist/pedestrian/passenger,Four lanes or more with central divider,Straight road,,Fine,AP27AX  6616,AMB & P.V,Animals affected,0
16.01.2017,3:32 PM,1327.3,RHS,Rural,Kavali,Skidding, Bike skidding,Bike,Minor injury,Over speed,Four lanes or more with central divider,Straight road,,Fine,AP26AT  1865,AMB,Fatal,0
16.01.2017,3:32 PM,1327.3,RHS,Rural,Kavali,Skidding, Bike skidding,Bike,Minor injury,Over speed,Four lanes or more with central divider,Straight road,,Fine,AP26AT  1865,AMB,Grevious,0
16.01.2017,3:32 PM,1327.3,RHS,Rural,Kavali,Skidding, Bike skidding,Bike,Minor injury,Over speed,Four lanes or more with central divider,Straight road,,Fine,AP26AT  1865,AMB,Minor,1
16.01.2017,3:32 PM,1327.3,RHS,Rural,Kavali,Skidding, Bike skidding,Bike,Minor injury,Over speed,Four lanes or more with central divider,Straight road,,Fine,AP26AT  1865,AMB,Non injured ,1
16.01.2017,3:32 PM,1327.3,RHS,Rural,Kavali,Skidding, Bike skidding,Bike,Minor injury,Over speed,Four lanes or more with central divider,Straight road,,Fine,AP26AT  1865,AMB,Animals affected,0
17.01.2017,7:36 AM,1228.8,LHS,Rural,Maddipadu,Collision Brush/Side Wipe, Car hit CCbarrier,Car,Non injury,Over speed,Two lanes,Straight road,,Fine,AP16BU  7000, P.V,Fatal,0
17.01.2017,7:36 AM,1228.8,LHS,Rural,Maddipadu,Collision Brush/Side Wipe, Car hit CCbarrier,Car,Non injury,Over speed,Two lanes,Straight road,,Fine,AP16BU  7000, P.V,Grevious,0
17.01.2017,7:36 AM,1228.8,LHS,Rural,Maddipadu,Collision Brush/Side Wipe, Car hit CCbarrier,Car,Non injury,Over speed,Two lanes,Straight road,,Fine,AP16BU  7000, P.V,Minor,0
17.01.2017,7:36 AM,1228.8,LHS,Rural,Maddipadu,Collision Brush/Side Wipe, Car hit CCbarrier,Car,Non injury,Over speed,Two lanes,Straight road,,Fine,AP16BU  7000, P.V,Non injured ,2
17.01.2017,7:36 AM,1228.8,LHS,Rural,Maddipadu,Collision Brush/Side Wipe, Car hit CCbarrier,Car,Non injury,Over speed,Two lanes,Straight road,,Fine,AP16BU  7000, P.V,Animals affected,0
18.01.2017,10:21 AM,1202.5,RHS,Rural,Reningavaram,Rear End Collision, Bike hit Dog,Bike,Minor injury,Over speed,Four lanes or more with central divider,Straight road,,Fine,F/R Bike, A.M.B,Fatal,0
18.01.2017,10:21 AM,1202.5,RHS,Rural,Reningavaram,Rear End Collision, Bike hit Dog,Bike,Minor injury,Over speed,Four lanes or more with central divider,Straight road,,Fine,F/R Bike, A.M.B,Grevious,0
18.01.2017,10:21 AM,1202.5,RHS,Rural,Reningavaram,Rear End Collision, Bike hit Dog,Bike,Minor injury,Over speed,Four lanes or more with central divider,Straight road,,Fine,F/R Bike, A.M.B,Minor,1
18.01.2017,10:21 AM,1202.5,RHS,Rural,Reningavaram,Rear End Collision, Bike hit Dog,Bike,Minor injury,Over speed,Four lanes or more with central divider,Straight road,,Fine,F/R Bike, A.M.B,Non injured ,0
18.01.2017,10:21 AM,1202.5,RHS,Rural,Reningavaram,Rear End Collision, Bike hit Dog,Bike,Minor injury,Over speed,Four lanes or more with central divider,Straight road,,Fine,F/R Bike, A.M.B,Animals affected,1
18.01.2017,5:10 PM,1219.5,LHS,Rural,Medarametla,Collision Brush/Side Wipe, Car hit RTC Bus,Car,Minor injury,Over speed,Four lanes or more with central divider,Straight road,Four arm junction,Fine,AP31BB  4419,P.V,Fatal,0
18.01.2017,5:10 PM,1219.5,LHS,Rural,Medarametla,Collision Brush/Side Wipe, Car hit RTC Bus,Car,Minor injury,Over speed,Four lanes or more with central divider,Straight road,Four arm junction,Fine,AP31BB  4419,P.V,Grevious,0
18.01.2017,5:10 PM,1219.5,LHS,Rural,Medarametla,Collision Brush/Side Wipe, Car hit RTC Bus,Car,Minor injury,Over speed,Four lanes or more with central divider,Straight road,Four arm junction,Fine,AP31BB  4419,P.V,Minor,1
18.01.2017,5:10 PM,1219.5,LHS,Rural,Medarametla,Collision Brush/Side Wipe, Car hit RTC Bus,Car,Minor injury,Over speed,Four lanes or more with central divider,Straight road,Four arm junction,Fine,AP31BB  4419,P.V,Non injured ,55
18.01.2017,5:10 PM,1219.5,LHS,Rural,Medarametla,Collision Brush/Side Wipe, Car hit RTC Bus,Car,Minor injury,Over speed,Four lanes or more with central divider,Straight road,Four arm junction,Fine,AP31BB  4419,P.V,Animals affected,0
19.01.2017,12:02 AM,1252.5,RHS,Rural,Ongole,Rear End Collision, Lorry hit Unknown vehicle ,Lorry,Non injury,Over speed,Four lanes or more with central divider,Straight road,,Fine,AP07TE 6569,P.V,Fatal,0
19.01.2017,12:02 AM,1252.5,RHS,Rural,Ongole,Rear End Collision, Lorry hit Unknown vehicle ,Lorry,Non injury,Over speed,Four lanes or more with central divider,Straight road,,Fine,AP07TE 6569,P.V,Grevious,0
19.01.2017,12:02 AM,1252.5,RHS,Rural,Ongole,Rear End Collision, Lorry hit Unknown vehicle ,Lorry,Non injury,Over speed,Four lanes or more with central divider,Straight road,,Fine,AP07TE 6569,P.V,Minor,0
19.01.2017,12:02 AM,1252.5,RHS,Rural,Ongole,Rear End Collision, Lorry hit Unknown vehicle ,Lorry,Non injury,Over speed,Four lanes or more with central divider,Straight road,,Fine,AP07TE 6569,P.V,Non injured ,1
19.01.2017,12:02 AM,1252.5,RHS,Rural,Ongole,Rear End Collision, Lorry hit Unknown vehicle ,Lorry,Non injury,Over speed,Four lanes or more with central divider,Straight road,,Fine,AP07TE 6569,P.V,Animals affected,0
19.01.2017,3:45 AM,1308.8,RHS,Rural,Kavali,Overturning, Mahindra Pickup Vehicle Overturned ,Van,Non injury,Fault of driver of motor vehicle/driver of other vehicle/cyclist/pedestrian/passenger,Four lanes or more with central divider,Slight curve,,Fine,AP26TB   7717,P.V,Fatal,0
19.01.2017,3:45 AM,1308.8,RHS,Rural,Kavali,Overturning, Mahindra Pickup Vehicle Overturned ,Van,Non injury,Fault of driver of motor vehicle/driver of other vehicle/cyclist/pedestrian/passenger,Four lanes or more with central divider,Slight curve,,Fine,AP26TB   7717,P.V,Grevious,0
19.01.2017,3:45 AM,1308.8,RHS,Rural,Kavali,Overturning, Mahindra Pickup Vehicle Overturned ,Van,Non injury,Fault of driver of motor vehicle/driver of other vehicle/cyclist/pedestrian/passenger,Four lanes or more with central divider,Slight curve,,Fine,AP26TB   7717,P.V,Minor,0
19.01.2017,3:45 AM,1308.8,RHS,Rural,Kavali,Overturning, Mahindra Pickup Vehicle Overturned ,Van,Non injury,Fault of driver of motor vehicle/driver of other vehicle/cyclist/pedestrian/passenger,Four lanes or more with central divider,Slight curve,,Fine,AP26TB   7717,P.V,Non injured ,2
19.01.2017,3:45 AM,1308.8,RHS,Rural,Kavali,Overturning, Mahindra Pickup Vehicle Overturned ,Van,Non injury,Fault of driver of motor vehicle/driver of other vehicle/cyclist/pedestrian/passenger,Four lanes or more with central divider,Slight curve,,Fine,AP26TB   7717,P.V,Animals affected,0
19.01.2017,9:35 AM,1276.4,LHS,Rural,Singarayakonda,Rear End Collision, Bike hit Unknown vehicle ,Bike,Fatal,Fault of driver of motor vehicle/driver of other vehicle/cyclist/pedestrian/passenger,Four lanes or more with central divider,Straight road,,Fine,AP27BB 4625, P.V,Fatal,1
19.01.2017,9:35 AM,1276.4,LHS,Rural,Singarayakonda,Rear End Collision, Bike hit Unknown vehicle ,Bike,Fatal,Fault of driver of motor vehicle/driver of other vehicle/cyclist/pedestrian/passenger,Four lanes or more with central divider,Straight road,,Fine,AP27BB 4625, P.V,Grevious,0
19.01.2017,9:35 AM,1276.4,LHS,Rural,Singarayakonda,Rear End Collision, Bike hit Unknown vehicle ,Bike,Fatal,Fault of driver of motor vehicle/driver of other vehicle/cyclist/pedestrian/passenger,Four lanes or more with central divider,Straight road,,Fine,AP27BB 4625, P.V,Minor,0
19.01.2017,9:35 AM,1276.4,LHS,Rural,Singarayakonda,Rear End Collision, Bike hit Unknown vehicle ,Bike,Fatal,Fault of driver of motor vehicle/driver of other vehicle/cyclist/pedestrian/passenger,Four lanes or more with central divider,Straight road,,Fine,AP27BB 4625, P.V,Non injured ,0
19.01.2017,9:35 AM,1276.4,LHS,Rural,Singarayakonda,Rear End Collision, Bike hit Unknown vehicle ,Bike,Fatal,Fault of driver of motor vehicle/driver of other vehicle/cyclist/pedestrian/passenger,Four lanes or more with central divider,Straight road,,Fine,AP27BB 4625, P.V,Animals affected,0
19.01.2017,12:55 PM,1329.6,LHS,Rural,Kavali,Collision Brush/Side Wipe, Lorry hit Bike,Lorry,Non injury,Druken,Four lanes or more with central divider,Straight road,,Fine,AP26W   6588,AMB & P.V,Fatal,0
19.01.2017,12:55 PM,1329.6,LHS,Rural,Kavali,Collision Brush/Side Wipe, Lorry hit Bike,Lorry,Non injury,Druken,Four lanes or more with central divider,Straight road,,Fine,AP26W   6588,AMB & P.V,Grevious,0
19.01.2017,12:55 PM,1329.6,LHS,Rural,Kavali,Collision Brush/Side Wipe, Lorry hit Bike,Lorry,Non injury,Druken,Four lanes or more with central divider,Straight road,,Fine,AP26W   6588,AMB & P.V,Minor,0
19.01.2017,12:55 PM,1329.6,LHS,Rural,Kavali,Collision Brush/Side Wipe, Lorry hit Bike,Lorry,Non injury,Druken,Four lanes or more with central divider,Straight road,,Fine,AP26W   6588,AMB & P.V,Non injured ,2
19.01.2017,12:55 PM,1329.6,LHS,Rural,Kavali,Collision Brush/Side Wipe, Lorry hit Bike,Lorry,Non injury,Druken,Four lanes or more with central divider,Straight road,,Fine,AP26W   6588,AMB & P.V,Animals affected,0
19.01.2017,5:25 PM,1239.8,LHS,Rural,Ongole,Collision Brush/Side Wipe, Lorry hit Bike,Lorry,Fatal,Fault of driver of motor vehicle/driver of other vehicle/cyclist/pedestrian/passenger,Four lanes or more with central divider,Straight road,,Fine,AP24AQ 6410,P.V,Fatal,1
19.01.2017,5:25 PM,1239.8,LHS,Rural,Ongole,Collision Brush/Side Wipe, Lorry hit Bike,Lorry,Fatal,Fault of driver of motor vehicle/driver of other vehicle/cyclist/pedestrian/passenger,Four lanes or more with central divider,Straight road,,Fine,AP24AQ 6410,P.V,Grevious,0
19.01.2017,5:25 PM,1239.8,LHS,Rural,Ongole,Collision Brush/Side Wipe, Lorry hit Bike,Lorry,Fatal,Fault of driver of motor vehicle/driver of other vehicle/cyclist/pedestrian/passenger,Four lanes or more with central divider,Straight road,,Fine,AP24AQ 6410,P.V,Minor,0
19.01.2017,5:25 PM,1239.8,LHS,Rural,Ongole,Collision Brush/Side Wipe, Lorry hit Bike,Lorry,Fatal,Fault of driver of motor vehicle/driver of other vehicle/cyclist/pedestrian/passenger,Four lanes or more with central divider,Straight road,,Fine,AP24AQ 6410,P.V,Non injured ,0
19.01.2017,5:25 PM,1239.8,LHS,Rural,Ongole,Collision Brush/Side Wipe, Lorry hit Bike,Lorry,Fatal,Fault of driver of motor vehicle/driver of other vehicle/cyclist/pedestrian/passenger,Four lanes or more with central divider,Straight road,,Fine,AP24AQ 6410,P.V,Animals affected,0
19.01.2017,8:15 PM,1225.5,RHS,Rural,Maddipadu,Head on collision, Bike hit Bike,Bike,Grievious injury,Fault of driver of motor vehicle/driver of other vehicle/cyclist/pedestrian/passenger,Four lanes or more with central divider,Straight road,,Fine,AP27H 0538,P.V,Fatal,0
19.01.2017,8:15 PM,1225.5,RHS,Rural,Maddipadu,Head on collision, Bike hit Bike,Bike,Grievious injury,Fault of driver of motor vehicle/driver of other vehicle/cyclist/pedestrian/passenger,Four lanes or more with central divider,Straight road,,Fine,AP27H 0538,P.V,Grevious,1
19.01.2017,8:15 PM,1225.5,RHS,Rural,Maddipadu,Head on collision, Bike hit Bike,Bike,Grievious injury,Fault of driver of motor vehicle/driver of other vehicle/cyclist/pedestrian/passenger,Four lanes or more with central divider,Straight road,,Fine,AP27H 0538,P.V,Minor,1
19.01.2017,8:15 PM,1225.5,RHS,Rural,Maddipadu,Head on collision, Bike hit Bike,Bike,Grievious injury,Fault of driver of motor vehicle/driver of other vehicle/cyclist/pedestrian/passenger,Four lanes or more with central divider,Straight road,,Fine,AP27H 0538,P.V,Non injured ,0
19.01.2017,8:15 PM,1225.5,RHS,Rural,Maddipadu,Head on collision, Bike hit Bike,Bike,Grievious injury,Fault of driver of motor vehicle/driver of other vehicle/cyclist/pedestrian/passenger,Four lanes or more with central divider,Straight road,,Fine,AP27H 0538,P.V,Animals affected,0
20.01.2017,6:10 PM,1263.2,LHS,Rural,Tangutur,Skidding, Bike Skidding ,Bike,Minor injury,Over speed,Four lanes or more with central divider,Straight road,,Fine,TN 10 Z 6442, A.M.B,Fatal,0
20.01.2017,6:10 PM,1263.2,LHS,Rural,Tangutur,Skidding, Bike Skidding ,Bike,Minor injury,Over speed,Four lanes or more with central divider,Straight road,,Fine,TN 10 Z 6442, A.M.B,Grevious,0
20.01.2017,6:10 PM,1263.2,LHS,Rural,Tangutur,Skidding, Bike Skidding ,Bike,Minor injury,Over speed,Four lanes or more with central divider,Straight road,,Fine,TN 10 Z 6442, A.M.B,Minor,1
20.01.2017,6:10 PM,1263.2,LHS,Rural,Tangutur,Skidding, Bike Skidding ,Bike,Minor injury,Over speed,Four lanes or more with central divider,Straight road,,Fine,TN 10 Z 6442, A.M.B,Non injured ,0
20.01.2017,6:10 PM,1263.2,LHS,Rural,Tangutur,Skidding, Bike Skidding ,Bike,Minor injury,Over speed,Four lanes or more with central divider,Straight road,,Fine,TN 10 Z 6442, A.M.B,Animals affected,0
21.01.2017,12:30 AM,1216.3,RHS,Rural,Medarametla,Rear End Collision, Lorry hit Oil tanker,Lorry,Non injury,Over speed,Four lanes or more with central divider,Slight curve,,Fine,TN30Q   1230,P.V,Fatal,0
21.01.2017,12:30 AM,1216.3,RHS,Rural,Medarametla,Rear End Collision, Lorry hit Oil tanker,Lorry,Non injury,Over speed,Four lanes or more with central divider,Slight curve,,Fine,TN30Q   1230,P.V,Grevious,0
21.01.2017,12:30 AM,1216.3,RHS,Rural,Medarametla,Rear End Collision, Lorry hit Oil tanker,Lorry,Non injury,Over speed,Four lanes or more with central divider,Slight curve,,Fine,TN30Q   1230,P.V,Minor,0
21.01.2017,12:30 AM,1216.3,RHS,Rural,Medarametla,Rear End Collision, Lorry hit Oil tanker,Lorry,Non injury,Over speed,Four lanes or more with central divider,Slight curve,,Fine,TN30Q   1230,P.V,Non injured ,4
21.01.2017,12:30 AM,1216.3,RHS,Rural,Medarametla,Rear End Collision, Lorry hit Oil tanker,Lorry,Non injury,Over speed,Four lanes or more with central divider,Slight curve,,Fine,TN30Q   1230,P.V,Animals affected,0
21.01.2017,5:00 AM,1317.7,RHS,Rural,Kavali,Rear End Collision, Lorry hit unknown vehicle,Lorry,Non injury,Fault of driver of motor vehicle/driver of other vehicle/cyclist/pedestrian/passenger,Two lanes,Straight road,,Fine,AP16TX  5245,P.V,Fatal,0
21.01.2017,5:00 AM,1317.7,RHS,Rural,Kavali,Rear End Collision, Lorry hit unknown vehicle,Lorry,Non injury,Fault of driver of motor vehicle/driver of other vehicle/cyclist/pedestrian/passenger,Two lanes,Straight road,,Fine,AP16TX  5245,P.V,Grevious,0
21.01.2017,5:00 AM,1317.7,RHS,Rural,Kavali,Rear End Collision, Lorry hit unknown vehicle,Lorry,Non injury,Fault of driver of motor vehicle/driver of other vehicle/cyclist/pedestrian/passenger,Two lanes,Straight road,,Fine,AP16TX  5245,P.V,Minor,0
21.01.2017,5:00 AM,1317.7,RHS,Rural,Kavali,Rear End Collision, Lorry hit unknown vehicle,Lorry,Non injury,Fault of driver of motor vehicle/driver of other vehicle/cyclist/pedestrian/passenger,Two lanes,Straight road,,Fine,AP16TX  5245,P.V,Non injured ,2
21.01.2017,5:00 AM,1317.7,RHS,Rural,Kavali,Rear End Collision, Lorry hit unknown vehicle,Lorry,Non injury,Fault of driver of motor vehicle/driver of other vehicle/cyclist/pedestrian/passenger,Two lanes,Straight road,,Fine,AP16TX  5245,P.V,Animals affected,0
22.01.2017,4:40 AM,1282.5,LHS,Rural,Singarayakonda,Collision Brush/Side Wipe, Car hit CC Barrier,Car,Non injury,Fault of driver of motor vehicle/driver of other vehicle/cyclist/pedestrian/passenger,Four lanes or more with central divider,Straight road,,Fine,AP27AQ  9898,P.V,Fatal,0
22.01.2017,4:40 AM,1282.5,LHS,Rural,Singarayakonda,Collision Brush/Side Wipe, Car hit CC Barrier,Car,Non injury,Fault of driver of motor vehicle/driver of other vehicle/cyclist/pedestrian/passenger,Four lanes or more with central divider,Straight road,,Fine,AP27AQ  9898,P.V,Grevious,0
22.01.2017,4:40 AM,1282.5,LHS,Rural,Singarayakonda,Collision Brush/Side Wipe, Car hit CC Barrier,Car,Non injury,Fault of driver of motor vehicle/driver of other vehicle/cyclist/pedestrian/passenger,Four lanes or more with central divider,Straight road,,Fine,AP27AQ  9898,P.V,Minor,0
22.01.2017,4:40 AM,1282.5,LHS,Rural,Singarayakonda,Collision Brush/Side Wipe, Car hit CC Barrier,Car,Non injury,Fault of driver of motor vehicle/driver of other vehicle/cyclist/pedestrian/passenger,Four lanes or more with central divider,Straight road,,Fine,AP27AQ  9898,P.V,Non injured ,2
22.01.2017,4:40 AM,1282.5,LHS,Rural,Singarayakonda,Collision Brush/Side Wipe, Car hit CC Barrier,Car,Non injury,Fault of driver of motor vehicle/driver of other vehicle/cyclist/pedestrian/passenger,Four lanes or more with central divider,Straight road,,Fine,AP27AQ  9898,P.V,Animals affected,0
23.01.2017,6:35 PM,1198.5,LHS,Rural,Martur,Head on collision, Bike hit Bike,Bike,Minor injury,Fault of driver of motor vehicle/driver of other vehicle/cyclist/pedestrian/passenger,Four lanes or more with central divider,Straight road,,Fine,F/R Bike,A.M.B,Fatal,0
23.01.2017,6:35 PM,1198.5,LHS,Rural,Martur,Head on collision, Bike hit Bike,Bike,Minor injury,Fault of driver of motor vehicle/driver of other vehicle/cyclist/pedestrian/passenger,Four lanes or more with central divider,Straight road,,Fine,F/R Bike,A.M.B,Grevious,0
23.01.2017,6:35 PM,1198.5,LHS,Rural,Martur,Head on collision, Bike hit Bike,Bike,Minor injury,Fault of driver of motor vehicle/driver of other vehicle/cyclist/pedestrian/passenger,Four lanes or more with central divider,Straight road,,Fine,F/R Bike,A.M.B,Minor,3
23.01.2017,6:35 PM,1198.5,LHS,Rural,Martur,Head on collision, Bike hit Bike,Bike,Minor injury,Fault of driver of motor vehicle/driver of other vehicle/cyclist/pedestrian/passenger,Four lanes or more with central divider,Straight road,,Fine,F/R Bike,A.M.B,Non injured ,0
23.01.2017,6:35 PM,1198.5,LHS,Rural,Martur,Head on collision, Bike hit Bike,Bike,Minor injury,Fault of driver of motor vehicle/driver of other vehicle/cyclist/pedestrian/passenger,Four lanes or more with central divider,Straight road,,Fine,F/R Bike,A.M.B,Animals affected,0
24.01.2017,11:34 PM,1267.9,RHS,Rural,Tangutur,Collision Brush/Side Wipe, Bike hit                         Unknow,Bike,Fatal,Over speed,Four lanes or more with central divider,Straight road,,Fine,AP27BK 2544,P.V,Fatal,1
24.01.2017,11:34 PM,1267.9,RHS,Rural,Tangutur,Collision Brush/Side Wipe, Bike hit                         Unknow,Bike,Fatal,Over speed,Four lanes or more with central divider,Straight road,,Fine,AP27BK 2544,P.V,Grevious,0
24.01.2017,11:34 PM,1267.9,RHS,Rural,Tangutur,Collision Brush/Side Wipe, Bike hit                         Unknow,Bike,Fatal,Over speed,Four lanes or more with central divider,Straight road,,Fine,AP27BK 2544,P.V,Minor,0
24.01.2017,11:34 PM,1267.9,RHS,Rural,Tangutur,Collision Brush/Side Wipe, Bike hit                         Unknow,Bike,Fatal,Over speed,Four lanes or more with central divider,Straight road,,Fine,AP27BK 2544,P.V,Non injured ,0
24.01.2017,11:34 PM,1267.9,RHS,Rural,Tangutur,Collision Brush/Side Wipe, Bike hit                         Unknow,Bike,Fatal,Over speed,Four lanes or more with central divider,Straight road,,Fine,AP27BK 2544,P.V,Animals affected,0
25.01.2017,9:25 AM,1365.9,RHS,Rural,Kovuru,Overturning, Car Overturned,Car,Non injury,Fault of driver of motor vehicle/driver of other vehicle/cyclist/pedestrian/passenger,Two lanes,Straight road,,Fine,PY01CD 9419,P.V,Fatal,0
25.01.2017,9:25 AM,1365.9,RHS,Rural,Kovuru,Overturning, Car Overturned,Car,Non injury,Fault of driver of motor vehicle/driver of other vehicle/cyclist/pedestrian/passenger,Two lanes,Straight road,,Fine,PY01CD 9419,P.V,Grevious,0
25.01.2017,9:25 AM,1365.9,RHS,Rural,Kovuru,Overturning, Car Overturned,Car,Non injury,Fault of driver of motor vehicle/driver of other vehicle/cyclist/pedestrian/passenger,Two lanes,Straight road,,Fine,PY01CD 9419,P.V,Minor,0
25.01.2017,9:25 AM,1365.9,RHS,Rural,Kovuru,Overturning, Car Overturned,Car,Non injury,Fault of driver of motor vehicle/driver of other vehicle/cyclist/pedestrian/passenger,Two lanes,Straight road,,Fine,PY01CD 9419,P.V,Non injured ,2
25.01.2017,9:25 AM,1365.9,RHS,Rural,Kovuru,Overturning, Car Overturned,Car,Non injury,Fault of driver of motor vehicle/driver of other vehicle/cyclist/pedestrian/passenger,Two lanes,Straight road,,Fine,PY01CD 9419,P.V,Animals affected,0
26.01.2017,6:00 AM,1311.8,LHS,Rural,Kavali,Rear End Collision, Eicher truck hit Unknown Vehicle,Eicher,Non injury,Over speed,Four lanes or more with central divider,Straight road,,Fine,AP03TC 2910,P.V,Fatal,0
26.01.2017,6:00 AM,1311.8,LHS,Rural,Kavali,Rear End Collision, Eicher truck hit Unknown Vehicle,Eicher,Non injury,Over speed,Four lanes or more with central divider,Straight road,,Fine,AP03TC 2910,P.V,Grevious,0
26.01.2017,6:00 AM,1311.8,LHS,Rural,Kavali,Rear End Collision, Eicher truck hit Unknown Vehicle,Eicher,Non injury,Over speed,Four lanes or more with central divider,Straight road,,Fine,AP03TC 2910,P.V,Minor,0
26.01.2017,6:00 AM,1311.8,LHS,Rural,Kavali,Rear End Collision, Eicher truck hit Unknown Vehicle,Eicher,Non injury,Over speed,Four lanes or more with central divider,Straight road,,Fine,AP03TC 2910,P.V,Non injured ,1
26.01.2017,6:00 AM,1311.8,LHS,Rural,Kavali,Rear End Collision, Eicher truck hit Unknown Vehicle,Eicher,Non injury,Over speed,Four lanes or more with central divider,Straight road,,Fine,AP03TC 2910,P.V,Animals affected,0
27.01.2017,12:01 AM,1321.8,LHS,Rural,Kavali,Collision Brush/Side Wipe, Mini Truck hit Lorry,Lorry,Grievious injury,Over speed,Four lanes or more with central divider,Straight road,,Fine,TN37CB  5454,P.V,Fatal,0
27.01.2017,12:01 AM,1321.8,LHS,Rural,Kavali,Collision Brush/Side Wipe, Mini Truck hit Lorry,Lorry,Grievious injury,Over speed,Four lanes or more with central divider,Straight road,,Fine,TN37CB  5454,P.V,Grevious,1
27.01.2017,12:01 AM,1321.8,LHS,Rural,Kavali,Collision Brush/Side Wipe, Mini Truck hit Lorry,Lorry,Grievious injury,Over speed,Four lanes or more with central divider,Straight road,,Fine,TN37CB  5454,P.V,Minor,0
27.01.2017,12:01 AM,1321.8,LHS,Rural,Kavali,Collision Brush/Side Wipe, Mini Truck hit Lorry,Lorry,Grievious injury,Over speed,Four lanes or more with central divider,Straight road,,Fine,TN37CB  5454,P.V,Non injured ,0
27.01.2017,12:01 AM,1321.8,LHS,Rural,Kavali,Collision Brush/Side Wipe, Mini Truck hit Lorry,Lorry,Grievious injury,Over speed,Four lanes or more with central divider,Straight road,,Fine,TN37CB  5454,P.V,Animals affected,0
27.01.2017,7:05 AM,1200.8,LHS,Rural,Reningavaram,Overturning, Ape Auto overturned,Auto,Grievious injury,Vehicle out of control,Four lanes or more with central divider,Straight road,,Fine,AP27TX  5875,A.M.B & P.V ,Fatal,0
27.01.2017,7:05 AM,1200.8,LHS,Rural,Reningavaram,Overturning, Ape Auto overturned,Auto,Grievious injury,Vehicle out of control,Four lanes or more with central divider,Straight road,,Fine,AP27TX  5875,A.M.B & P.V ,Grevious,6
27.01.2017,7:05 AM,1200.8,LHS,Rural,Reningavaram,Overturning, Ape Auto overturned,Auto,Grievious injury,Vehicle out of control,Four lanes or more with central divider,Straight road,,Fine,AP27TX  5875,A.M.B & P.V ,Minor,1
27.01.2017,7:05 AM,1200.8,LHS,Rural,Reningavaram,Overturning, Ape Auto overturned,Auto,Grievious injury,Vehicle out of control,Four lanes or more with central divider,Straight road,,Fine,AP27TX  5875,A.M.B & P.V ,Non injured ,0
27.01.2017,7:05 AM,1200.8,LHS,Rural,Reningavaram,Overturning, Ape Auto overturned,Auto,Grievious injury,Vehicle out of control,Four lanes or more with central divider,Straight road,,Fine,AP27TX  5875,A.M.B & P.V ,Animals affected,0
28.01.2017,6:20 AM,1284.5,LHS,Rural,Ulavapadu,Rear End Collision,  Volvo Bus hit Trailler vehicle,Bus,Fatal,Over speed,Four lanes or more with central divider,Straight road,,Mist/Fog,AR01G   6888,P.V,Fatal,1
28.01.2017,6:20 AM,1284.5,LHS,Rural,Ulavapadu,Rear End Collision,  Volvo Bus hit Trailler vehicle,Bus,Fatal,Over speed,Four lanes or more with central divider,Straight road,,Mist/Fog,AR01G   6888,P.V,Grevious,0
28.01.2017,6:20 AM,1284.5,LHS,Rural,Ulavapadu,Rear End Collision,  Volvo Bus hit Trailler vehicle,Bus,Fatal,Over speed,Four lanes or more with central divider,Straight road,,Mist/Fog,AR01G   6888,P.V,Minor,0
28.01.2017,6:20 AM,1284.5,LHS,Rural,Ulavapadu,Rear End Collision,  Volvo Bus hit Trailler vehicle,Bus,Fatal,Over speed,Four lanes or more with central divider,Straight road,,Mist/Fog,AR01G   6888,P.V,Non injured ,30
28.01.2017,6:20 AM,1284.5,LHS,Rural,Ulavapadu,Rear End Collision,  Volvo Bus hit Trailler vehicle,Bus,Fatal,Over speed,Four lanes or more with central divider,Straight road,,Mist/Fog,AR01G   6888,P.V,Animals affected,0
31.01.2017,9:30 AM,1352.3,LHS,Rural,Kodavaluru,Overturning, Eicher Containeer Vehicle Overturned,Eicher,Non injury,Fault of driver of motor vehicle/driver of other vehicle/cyclist/pedestrian/passenger,Four lanes or more with central divider,Straight road,,Fine,AP 37TD 7788,P.V,Fatal,0
31.01.2017,9:30 AM,1352.3,LHS,Rural,Kodavaluru,Overturning, Eicher Containeer Vehicle Overturned,Eicher,Non injury,Fault of driver of motor vehicle/driver of other vehicle/cyclist/pedestrian/passenger,Four lanes or more with central divider,Straight road,,Fine,AP 37TD 7788,P.V,Grevious,0
31.01.2017,9:30 AM,1352.3,LHS,Rural,Kodavaluru,Overturning, Eicher Containeer Vehicle Overturned,Eicher,Non injury,Fault of driver of motor vehicle/driver of other vehicle/cyclist/pedestrian/passenger,Four lanes or more with central divider,Straight road,,Fine,AP 37TD 7788,P.V,Minor,0
31.01.2017,9:30 AM,1352.3,LHS,Rural,Kodavaluru,Overturning, Eicher Containeer Vehicle Overturned,Eicher,Non injury,Fault of driver of motor vehicle/driver of other vehicle/cyclist/pedestrian/passenger,Four lanes or more with central divider,Straight road,,Fine,AP 37TD 7788,P.V,Non injured ,1