Operational date,Time of Accident,KM && M,Position,Rural/Urban,Location,Nature of Accident Position,Nature of Accident,Vehicle Involved,Type of Accident,Causes,Road Feature,Road condition,Intersection Type And Control,Weather Condition,Vehicle Responsible,Help Provided by Ambulance/Patroling Vehicle,Classification of Accident,No of Affected Persons
31.01.2017,9:30 AM,1352.3,LHS,Rural,Kodavaluru,Overturning, Eicher Containeer Vehicle Overturned,Eicher,Non injury,Fault of driver of motor vehicle/driver of other vehicle/cyclist/pedestrian/passenger,Four lanes or more with central divider,Straight road,,Fine,AP 37TD 7788,P.V,Animals affected,0
01.02.2017,8:25 PM,1328.7,RHS,Rural,Kavali,Collision Brush/Side Wipe, Unknown Vehicle hit Pedestrian,Unknown,Grievious injury,Over speed,Four lanes or more with central divider,Straight road,,Fine,Unknown Vehicle,A.M.B,Fatal,0
01.02.2017,8:25 PM,1328.7,RHS,Rural,Kavali,Collision Brush/Side Wipe, Unknown Vehicle hit Pedestrian,Unknown,Grievious injury,Over speed,Four lanes or more with central divider,Straight road,,Fine,Unknown Vehicle,A.M.B,Grevious,1
01.02.2017,8:25 PM,1328.7,RHS,Rural,Kavali,Collision Brush/Side Wipe, Unknown Vehicle hit Pedestrian,Unknown,Grievious injury,Over speed,Four lanes or more with central divider,Straight road,,Fine,Unknown Vehicle,A.M.B,Minor,0
01.02.2017,8:25 PM,1328.7,RHS,Rural,Kavali,Collision Brush/Side Wipe, Unknown Vehicle hit Pedestrian,Unknown,Grievious injury,Over speed,Four lanes or more with central divider,Straight road,,Fine,Unknown Vehicle,A.M.B,Non injured ,0
01.02.2017,8:25 PM,1328.7,RHS,Rural,Kavali,Collision Brush/Side Wipe, Unknown Vehicle hit Pedestrian,Unknown,Grievious injury,Over speed,Four lanes or more with central divider,Straight road,,Fine,Unknown Vehicle,A.M.B,Animals affected,0
04.02.2017,5:30 AM,1240.2,RHS,Rural,Ongole,Collision Brush/Side Wipe, Bike hit CC Barrier,Bike,Fatal,Fault of driver of motor vehicle/driver of other vehicle/cyclist/pedestrian/passenger,Two lanes,Straight road,,Fine,AP27BK  1973,P.V,Fatal,1
04.02.2017,5:30 AM,1240.2,RHS,Rural,Ongole,Collision Brush/Side Wipe, Bike hit CC Barrier,Bike,Fatal,Fault of driver of motor vehicle/driver of other vehicle/cyclist/pedestrian/passenger,Two lanes,Straight road,,Fine,AP27BK  1973,P.V,Grevious,0
04.02.2017,5:30 AM,1240.2,RHS,Rural,Ongole,Collision Brush/Side Wipe, Bike hit CC Barrier,Bike,Fatal,Fault of driver of motor vehicle/driver of other vehicle/cyclist/pedestrian/passenger,Two lanes,Straight road,,Fine,AP27BK  1973,P.V,Minor,0
04.02.2017,5:30 AM,1240.2,RHS,Rural,Ongole,Collision Brush/Side Wipe, Bike hit CC Barrier,Bike,Fatal,Fault of driver of motor vehicle/driver of other vehicle/cyclist/pedestrian/passenger,Two lanes,Straight road,,Fine,AP27BK  1973,P.V,Non injured ,1
04.02.2017,5:30 AM,1240.2,RHS,Rural,Ongole,Collision Brush/Side Wipe, Bike hit CC Barrier,Bike,Fatal,Fault of driver of motor vehicle/driver of other vehicle/cyclist/pedestrian/passenger,Two lanes,Straight road,,Fine,AP27BK  1973,P.V,Animals affected,0
04.02.2017,10:10 AM,1263.9,RHS,Rural,Tangutur,Right Turn Collision, Car hit Bike,Car,Minor injury,Fault of driver of motor vehicle/driver of other vehicle/cyclist/pedestrian/passenger,Four lanes or more with central divider,Straight road,,Fine,AP27AH   1337,A.M.B,Fatal,0
04.02.2017,10:10 AM,1263.9,RHS,Rural,Tangutur,Right Turn Collision, Car hit Bike,Car,Minor injury,Fault of driver of motor vehicle/driver of other vehicle/cyclist/pedestrian/passenger,Four lanes or more with central divider,Straight road,,Fine,AP27AH   1337,A.M.B,Grevious,0
04.02.2017,10:10 AM,1263.9,RHS,Rural,Tangutur,Right Turn Collision, Car hit Bike,Car,Minor injury,Fault of driver of motor vehicle/driver of other vehicle/cyclist/pedestrian/passenger,Four lanes or more with central divider,Straight road,,Fine,AP27AH   1337,A.M.B,Minor,1
04.02.2017,10:10 AM,1263.9,RHS,Rural,Tangutur,Right Turn Collision, Car hit Bike,Car,Minor injury,Fault of driver of motor vehicle/driver of other vehicle/cyclist/pedestrian/passenger,Four lanes or more with central divider,Straight road,,Fine,AP27AH   1337,A.M.B,Non injured ,3
04.02.2017,10:10 AM,1263.9,RHS,Rural,Tangutur,Right Turn Collision, Car hit Bike,Car,Minor injury,Fault of driver of motor vehicle/driver of other vehicle/cyclist/pedestrian/passenger,Four lanes or more with central divider,Straight road,,Fine,AP27AH   1337,A.M.B,Animals affected,0
04.02.2017,11:25 AM,1213.2,RHS,Rural,Medarametla,Rear End Collision, Lorry hit Lorry,Lorry,Minor injury,Over speed,Four lanes or more with central divider,Straight road,,Fine,TN52C   3229,A.M.B & P.V,Fatal,0
04.02.2017,11:25 AM,1213.2,RHS,Rural,Medarametla,Rear End Collision, Lorry hit Lorry,Lorry,Minor injury,Over speed,Four lanes or more with central divider,Straight road,,Fine,TN52C   3229,A.M.B & P.V,Grevious,0
04.02.2017,11:25 AM,1213.2,RHS,Rural,Medarametla,Rear End Collision, Lorry hit Lorry,Lorry,Minor injury,Over speed,Four lanes or more with central divider,Straight road,,Fine,TN52C   3229,A.M.B & P.V,Minor,1
04.02.2017,11:25 AM,1213.2,RHS,Rural,Medarametla,Rear End Collision, Lorry hit Lorry,Lorry,Minor injury,Over speed,Four lanes or more with central divider,Straight road,,Fine,TN52C   3229,A.M.B & P.V,Non injured ,3
04.02.2017,11:25 AM,1213.2,RHS,Rural,Medarametla,Rear End Collision, Lorry hit Lorry,Lorry,Minor injury,Over speed,Four lanes or more with central divider,Straight road,,Fine,TN52C   3229,A.M.B & P.V,Animals affected,0
04.02.2017,12:55 PM,1335,RHS,Rural,K.Tippa ,Rear End Collision, Car hit Bike,Car,Fatal,Over speed,Four lanes or more with central divider,Straight road,,Fine,AP16AZ   8586,A.M.B & P.V,Fatal,1
04.02.2017,12:55 PM,1335,RHS,Rural,K.Tippa ,Rear End Collision, Car hit Bike,Car,Fatal,Over speed,Four lanes or more with central divider,Straight road,,Fine,AP16AZ   8586,A.M.B & P.V,Grevious,3
04.02.2017,12:55 PM,1335,RHS,Rural,K.Tippa ,Rear End Collision, Car hit Bike,Car,Fatal,Over speed,Four lanes or more with central divider,Straight road,,Fine,AP16AZ   8586,A.M.B & P.V,Minor,0
04.02.2017,12:55 PM,1335,RHS,Rural,K.Tippa ,Rear End Collision, Car hit Bike,Car,Fatal,Over speed,Four lanes or more with central divider,Straight road,,Fine,AP16AZ   8586,A.M.B & P.V,Non injured ,2
04.02.2017,12:55 PM,1335,RHS,Rural,K.Tippa ,Rear End Collision, Car hit Bike,Car,Fatal,Over speed,Four lanes or more with central divider,Straight road,,Fine,AP16AZ   8586,A.M.B & P.V,Animals affected,0
05.02.2017,3:45 AM,1235.3,LHS,Rural,Maddipadu,Collision Brush/Side Wipe, Travels Bus hit Tipper,Bus,Non injury,Fault of driver of motor vehicle/driver of other vehicle/cyclist/pedestrian/passenger,Four lanes or more with central divider,Straight road,T-Junction,Fine,AP03TB   0007,P.V,Fatal,0
05.02.2017,3:45 AM,1235.3,LHS,Rural,Maddipadu,Collision Brush/Side Wipe, Travels Bus hit Tipper,Bus,Non injury,Fault of driver of motor vehicle/driver of other vehicle/cyclist/pedestrian/passenger,Four lanes or more with central divider,Straight road,T-Junction,Fine,AP03TB   0007,P.V,Grevious,0
05.02.2017,3:45 AM,1235.3,LHS,Rural,Maddipadu,Collision Brush/Side Wipe, Travels Bus hit Tipper,Bus,Non injury,Fault of driver of motor vehicle/driver of other vehicle/cyclist/pedestrian/passenger,Four lanes or more with central divider,Straight road,T-Junction,Fine,AP03TB   0007,P.V,Minor,0
05.02.2017,3:45 AM,1235.3,LHS,Rural,Maddipadu,Collision Brush/Side Wipe, Travels Bus hit Tipper,Bus,Non injury,Fault of driver of motor vehicle/driver of other vehicle/cyclist/pedestrian/passenger,Four lanes or more with central divider,Straight road,T-Junction,Fine,AP03TB   0007,P.V,Non injured ,14
05.02.2017,3:45 AM,1235.3,LHS,Rural,Maddipadu,Collision Brush/Side Wipe, Travels Bus hit Tipper,Bus,Non injury,Fault of driver of motor vehicle/driver of other vehicle/cyclist/pedestrian/passenger,Four lanes or more with central divider,Straight road,T-Junction,Fine,AP03TB   0007,P.V,Animals affected,0
05.02.2017,6:10 AM,1254.3,LHS,Rural,Ongole,Collision Brush/Side Wipe, Car hit Lorry,Car,Non injury,Over speed,Four lanes or more with central divider,Straight road,,Fine,AP26BE 9485,P.V,Fatal,0
05.02.2017,6:10 AM,1254.3,LHS,Rural,Ongole,Collision Brush/Side Wipe, Car hit Lorry,Car,Non injury,Over speed,Four lanes or more with central divider,Straight road,,Fine,AP26BE 9485,P.V,Grevious,0
05.02.2017,6:10 AM,1254.3,LHS,Rural,Ongole,Collision Brush/Side Wipe, Car hit Lorry,Car,Non injury,Over speed,Four lanes or more with central divider,Straight road,,Fine,AP26BE 9485,P.V,Minor,0
05.02.2017,6:10 AM,1254.3,LHS,Rural,Ongole,Collision Brush/Side Wipe, Car hit Lorry,Car,Non injury,Over speed,Four lanes or more with central divider,Straight road,,Fine,AP26BE 9485,P.V,Non injured ,4
05.02.2017,6:10 AM,1254.3,LHS,Rural,Ongole,Collision Brush/Side Wipe, Car hit Lorry,Car,Non injury,Over speed,Four lanes or more with central divider,Straight road,,Fine,AP26BE 9485,P.V,Animals affected,0
06.02.2017,5:35 PM,1211.5,LHS,Rural,Medarametla,Rear End Collision, Car hit Bike,Car,Fatal,Fault of driver of motor vehicle/driver of other vehicle/cyclist/pedestrian/passenger,Four lanes or more with central divider,Straight road,T-Junction,Fine,AP16DX   0360,P.V,Fatal,1
06.02.2017,5:35 PM,1211.5,LHS,Rural,Medarametla,Rear End Collision, Car hit Bike,Car,Fatal,Fault of driver of motor vehicle/driver of other vehicle/cyclist/pedestrian/passenger,Four lanes or more with central divider,Straight road,T-Junction,Fine,AP16DX   0360,P.V,Grevious,0
06.02.2017,5:35 PM,1211.5,LHS,Rural,Medarametla,Rear End Collision, Car hit Bike,Car,Fatal,Fault of driver of motor vehicle/driver of other vehicle/cyclist/pedestrian/passenger,Four lanes or more with central divider,Straight road,T-Junction,Fine,AP16DX   0360,P.V,Minor,0
06.02.2017,5:35 PM,1211.5,LHS,Rural,Medarametla,Rear End Collision, Car hit Bike,Car,Fatal,Fault of driver of motor vehicle/driver of other vehicle/cyclist/pedestrian/passenger,Four lanes or more with central divider,Straight road,T-Junction,Fine,AP16DX   0360,P.V,Non injured ,1
06.02.2017,5:35 PM,1211.5,LHS,Rural,Medarametla,Rear End Collision, Car hit Bike,Car,Fatal,Fault of driver of motor vehicle/driver of other vehicle/cyclist/pedestrian/passenger,Four lanes or more with central divider,Straight road,T-Junction,Fine,AP16DX   0360,P.V,Animals affected,0
08.02.2017,9:00 AM,1280.9,LHS,Rural,Singarayakonda,Others(p1.Specific), Tanker Burnt and Electrical short circu,Tanker,Non injury,Defect in mechanical condition of motor vehicle/road condition,Four lanes or more with central divider,Straight road,,Fine,AP31TF 3334,P.V,Fatal,0
08.02.2017,9:00 AM,1280.9,LHS,Rural,Singarayakonda,Others(p1.Specific), Tanker Burnt and Electrical short circu,Tanker,Non injury,Defect in mechanical condition of motor vehicle/road condition,Four lanes or more with central divider,Straight road,,Fine,AP31TF 3334,P.V,Grevious,0
08.02.2017,9:00 AM,1280.9,LHS,Rural,Singarayakonda,Others(p1.Specific), Tanker Burnt and Electrical short circu,Tanker,Non injury,Defect in mechanical condition of motor vehicle/road condition,Four lanes or more with central divider,Straight road,,Fine,AP31TF 3334,P.V,Minor,0
08.02.2017,9:00 AM,1280.9,LHS,Rural,Singarayakonda,Others(p1.Specific), Tanker Burnt and Electrical short circu,Tanker,Non injury,Defect in mechanical condition of motor vehicle/road condition,Four lanes or more with central divider,Straight road,,Fine,AP31TF 3334,P.V,Non injured ,2
08.02.2017,9:00 AM,1280.9,LHS,Rural,Singarayakonda,Others(p1.Specific), Tanker Burnt and Electrical short circu,Tanker,Non injury,Defect in mechanical condition of motor vehicle/road condition,Four lanes or more with central divider,Straight road,,Fine,AP31TF 3334,P.V,Animals affected,0
08.02.2017,3:15 PM,1325.2,LHS,Rural,Kavali,Rear End Collision, Contanier Vehicle hit Ape Auto,Container,Minor injury,Over speed,Four lanes or more with central divider,Straight road,,Fine,AP03Y   0507,A.M.B & P.V,Fatal,0
08.02.2017,3:15 PM,1325.2,LHS,Rural,Kavali,Rear End Collision, Contanier Vehicle hit Ape Auto,Container,Minor injury,Over speed,Four lanes or more with central divider,Straight road,,Fine,AP03Y   0507,A.M.B & P.V,Grevious,0
08.02.2017,3:15 PM,1325.2,LHS,Rural,Kavali,Rear End Collision, Contanier Vehicle hit Ape Auto,Container,Minor injury,Over speed,Four lanes or more with central divider,Straight road,,Fine,AP03Y   0507,A.M.B & P.V,Minor,2
08.02.2017,3:15 PM,1325.2,LHS,Rural,Kavali,Rear End Collision, Contanier Vehicle hit Ape Auto,Container,Minor injury,Over speed,Four lanes or more with central divider,Straight road,,Fine,AP03Y   0507,A.M.B & P.V,Non injured ,2
08.02.2017,3:15 PM,1325.2,LHS,Rural,Kavali,Rear End Collision, Contanier Vehicle hit Ape Auto,Container,Minor injury,Over speed,Four lanes or more with central divider,Straight road,,Fine,AP03Y   0507,A.M.B & P.V,Animals affected,0
08.02.2017,7:50 PM,1217.5,LHS,Rural,Medarametla,Collision Brush/Side Wipe, Unknown Vehicle hit Pedestrian,Unknown,Grievious injury,Over speed,Four lanes or more with central divider,Straight road,,Fine,Unknown Vehicle,A.M.B,Fatal,0
08.02.2017,7:50 PM,1217.5,LHS,Rural,Medarametla,Collision Brush/Side Wipe, Unknown Vehicle hit Pedestrian,Unknown,Grievious injury,Over speed,Four lanes or more with central divider,Straight road,,Fine,Unknown Vehicle,A.M.B,Grevious,1
08.02.2017,7:50 PM,1217.5,LHS,Rural,Medarametla,Collision Brush/Side Wipe, Unknown Vehicle hit Pedestrian,Unknown,Grievious injury,Over speed,Four lanes or more with central divider,Straight road,,Fine,Unknown Vehicle,A.M.B,Minor,0
08.02.2017,7:50 PM,1217.5,LHS,Rural,Medarametla,Collision Brush/Side Wipe, Unknown Vehicle hit Pedestrian,Unknown,Grievious injury,Over speed,Four lanes or more with central divider,Straight road,,Fine,Unknown Vehicle,A.M.B,Non injured ,0
08.02.2017,7:50 PM,1217.5,LHS,Rural,Medarametla,Collision Brush/Side Wipe, Unknown Vehicle hit Pedestrian,Unknown,Grievious injury,Over speed,Four lanes or more with central divider,Straight road,,Fine,Unknown Vehicle,A.M.B,Animals affected,0
09.02.2017,3:30 AM,1187,LHS,Rural,Martur,Rear End Collision, Mini truck hit Median street light pole,Lorry,Non injury,Fault of driver of motor vehicle/driver of other vehicle/cyclist/pedestrian/passenger,Four lanes or more with central divider,Straight road,,Fine,AP27TY  1787,P.V,Fatal,0
09.02.2017,3:30 AM,1187,LHS,Rural,Martur,Rear End Collision, Mini truck hit Median street light pole,Lorry,Non injury,Fault of driver of motor vehicle/driver of other vehicle/cyclist/pedestrian/passenger,Four lanes or more with central divider,Straight road,,Fine,AP27TY  1787,P.V,Grevious,0
09.02.2017,3:30 AM,1187,LHS,Rural,Martur,Rear End Collision, Mini truck hit Median street light pole,Lorry,Non injury,Fault of driver of motor vehicle/driver of other vehicle/cyclist/pedestrian/passenger,Four lanes or more with central divider,Straight road,,Fine,AP27TY  1787,P.V,Minor,0
09.02.2017,3:30 AM,1187,LHS,Rural,Martur,Rear End Collision, Mini truck hit Median street light pole,Lorry,Non injury,Fault of driver of motor vehicle/driver of other vehicle/cyclist/pedestrian/passenger,Four lanes or more with central divider,Straight road,,Fine,AP27TY  1787,P.V,Non injured ,2
09.02.2017,3:30 AM,1187,LHS,Rural,Martur,Rear End Collision, Mini truck hit Median street light pole,Lorry,Non injury,Fault of driver of motor vehicle/driver of other vehicle/cyclist/pedestrian/passenger,Four lanes or more with central divider,Straight road,,Fine,AP27TY  1787,P.V,Animals affected,0
10.02.2017,1:30 AM,1210.8,RHS,Rural,Reningavaram,Rear End Collision, Lorry hit Lorry,Lorry,Grievious injury,Fault of driver of motor vehicle/driver of other vehicle/cyclist/pedestrian/passenger,Four lanes or more with central divider,Straight road,,Fine,AP16TY  3249,P.V& A.M.B,Fatal,0
10.02.2017,1:30 AM,1210.8,RHS,Rural,Reningavaram,Rear End Collision, Lorry hit Lorry,Lorry,Grievious injury,Fault of driver of motor vehicle/driver of other vehicle/cyclist/pedestrian/passenger,Four lanes or more with central divider,Straight road,,Fine,AP16TY  3249,P.V& A.M.B,Grevious,1
10.02.2017,1:30 AM,1210.8,RHS,Rural,Reningavaram,Rear End Collision, Lorry hit Lorry,Lorry,Grievious injury,Fault of driver of motor vehicle/driver of other vehicle/cyclist/pedestrian/passenger,Four lanes or more with central divider,Straight road,,Fine,AP16TY  3249,P.V& A.M.B,Minor,0
10.02.2017,1:30 AM,1210.8,RHS,Rural,Reningavaram,Rear End Collision, Lorry hit Lorry,Lorry,Grievious injury,Fault of driver of motor vehicle/driver of other vehicle/cyclist/pedestrian/passenger,Four lanes or more with central divider,Straight road,,Fine,AP16TY  3249,P.V& A.M.B,Non injured ,3
10.02.2017,1:30 AM,1210.8,RHS,Rural,Reningavaram,Rear End Collision, Lorry hit Lorry,Lorry,Grievious injury,Fault of driver of motor vehicle/driver of other vehicle/cyclist/pedestrian/passenger,Four lanes or more with central divider,Straight road,,Fine,AP16TY  3249,P.V& A.M.B,Animals affected,0
10.02.2017,3:30 AM,1297.2,LHS,Rural,Ulavapadu,Rear End Collision, Lorry hit Unknown Vehicle,Lorry,Non injury,Fault of driver of motor vehicle/driver of other vehicle/cyclist/pedestrian/passenger,Four lanes or more with central divider,Straight road,,Fine,TN73H  8587,P.V,Fatal,0
10.02.2017,3:30 AM,1297.2,LHS,Rural,Ulavapadu,Rear End Collision, Lorry hit Unknown Vehicle,Lorry,Non injury,Fault of driver of motor vehicle/driver of other vehicle/cyclist/pedestrian/passenger,Four lanes or more with central divider,Straight road,,Fine,TN73H  8587,P.V,Grevious,0
10.02.2017,3:30 AM,1297.2,LHS,Rural,Ulavapadu,Rear End Collision, Lorry hit Unknown Vehicle,Lorry,Non injury,Fault of driver of motor vehicle/driver of other vehicle/cyclist/pedestrian/passenger,Four lanes or more with central divider,Straight road,,Fine,TN73H  8587,P.V,Minor,0
10.02.2017,3:30 AM,1297.2,LHS,Rural,Ulavapadu,Rear End Collision, Lorry hit Unknown Vehicle,Lorry,Non injury,Fault of driver of motor vehicle/driver of other vehicle/cyclist/pedestrian/passenger,Four lanes or more with central divider,Straight road,,Fine,TN73H  8587,P.V,Non injured ,2
10.02.2017,3:30 AM,1297.2,LHS,Rural,Ulavapadu,Rear End Collision, Lorry hit Unknown Vehicle,Lorry,Non injury,Fault of driver of motor vehicle/driver of other vehicle/cyclist/pedestrian/passenger,Four lanes or more with central divider,Straight road,,Fine,TN73H  8587,P.V,Animals affected,0
11.02.2017,8:30 AM,1214.7,LHS,Rural,Medarametla,Rear End Collision, Bike hit Bike,Bike,Minor injury,Fault of driver of motor vehicle/driver of other vehicle/cyclist/pedestrian/passenger,Four lanes or more with central divider,Straight road,,Fine,AP 27 P 3502,A.M.B,Fatal,0
11.02.2017,8:30 AM,1214.7,LHS,Rural,Medarametla,Rear End Collision, Bike hit Bike,Bike,Minor injury,Fault of driver of motor vehicle/driver of other vehicle/cyclist/pedestrian/passenger,Four lanes or more with central divider,Straight road,,Fine,AP 27 P 3502,A.M.B,Grevious,0
11.02.2017,8:30 AM,1214.7,LHS,Rural,Medarametla,Rear End Collision, Bike hit Bike,Bike,Minor injury,Fault of driver of motor vehicle/driver of other vehicle/cyclist/pedestrian/passenger,Four lanes or more with central divider,Straight road,,Fine,AP 27 P 3502,A.M.B,Minor,4
11.02.2017,8:30 AM,1214.7,LHS,Rural,Medarametla,Rear End Collision, Bike hit Bike,Bike,Minor injury,Fault of driver of motor vehicle/driver of other vehicle/cyclist/pedestrian/passenger,Four lanes or more with central divider,Straight road,,Fine,AP 27 P 3502,A.M.B,Non injured ,1
11.02.2017,8:30 AM,1214.7,LHS,Rural,Medarametla,Rear End Collision, Bike hit Bike,Bike,Minor injury,Fault of driver of motor vehicle/driver of other vehicle/cyclist/pedestrian/passenger,Four lanes or more with central divider,Straight road,,Fine,AP 27 P 3502,A.M.B,Animals affected,0
13.02.2017,1:10 AM,1288.5,RHS,Rural,Ulavapadu,Rear End Collision, Lorry hit  CC Barrier,Lorry,Non injury,Fault of driver of motor vehicle/driver of other vehicle/cyclist/pedestrian/passenger,Four lanes or more with central divider,Straight road,,Fine,AP16TW  6987,P.V,Fatal,0
13.02.2017,1:10 AM,1288.5,RHS,Rural,Ulavapadu,Rear End Collision, Lorry hit  CC Barrier,Lorry,Non injury,Fault of driver of motor vehicle/driver of other vehicle/cyclist/pedestrian/passenger,Four lanes or more with central divider,Straight road,,Fine,AP16TW  6987,P.V,Grevious,0
13.02.2017,1:10 AM,1288.5,RHS,Rural,Ulavapadu,Rear End Collision, Lorry hit  CC Barrier,Lorry,Non injury,Fault of driver of motor vehicle/driver of other vehicle/cyclist/pedestrian/passenger,Four lanes or more with central divider,Straight road,,Fine,AP16TW  6987,P.V,Minor,0
13.02.2017,1:10 AM,1288.5,RHS,Rural,Ulavapadu,Rear End Collision, Lorry hit  CC Barrier,Lorry,Non injury,Fault of driver of motor vehicle/driver of other vehicle/cyclist/pedestrian/passenger,Four lanes or more with central divider,Straight road,,Fine,AP16TW  6987,P.V,Non injured ,2
13.02.2017,1:10 AM,1288.5,RHS,Rural,Ulavapadu,Rear End Collision, Lorry hit  CC Barrier,Lorry,Non injury,Fault of driver of motor vehicle/driver of other vehicle/cyclist/pedestrian/passenger,Four lanes or more with central divider,Straight road,,Fine,AP16TW  6987,P.V,Animals affected,0
15.02.2017,2:50 AM,1340.8,RHS,Rural,Dagadarthi,Overturning, Ape Auto hit Median and Overturned.,Auto,Grievious injury,Fault of driver of motor vehicle/driver of other vehicle/cyclist/pedestrian/passenger,Four lanes or more with central divider,Straight road,,Fine,AP26TE 7075,P.V,Fatal,0
15.02.2017,2:50 AM,1340.8,RHS,Rural,Dagadarthi,Overturning, Ape Auto hit Median and Overturned.,Auto,Grievious injury,Fault of driver of motor vehicle/driver of other vehicle/cyclist/pedestrian/passenger,Four lanes or more with central divider,Straight road,,Fine,AP26TE 7075,P.V,Grevious,1
15.02.2017,2:50 AM,1340.8,RHS,Rural,Dagadarthi,Overturning, Ape Auto hit Median and Overturned.,Auto,Grievious injury,Fault of driver of motor vehicle/driver of other vehicle/cyclist/pedestrian/passenger,Four lanes or more with central divider,Straight road,,Fine,AP26TE 7075,P.V,Minor,2
15.02.2017,2:50 AM,1340.8,RHS,Rural,Dagadarthi,Overturning, Ape Auto hit Median and Overturned.,Auto,Grievious injury,Fault of driver of motor vehicle/driver of other vehicle/cyclist/pedestrian/passenger,Four lanes or more with central divider,Straight road,,Fine,AP26TE 7075,P.V,Non injured ,6
15.02.2017,2:50 AM,1340.8,RHS,Rural,Dagadarthi,Overturning, Ape Auto hit Median and Overturned.,Auto,Grievious injury,Fault of driver of motor vehicle/driver of other vehicle/cyclist/pedestrian/passenger,Four lanes or more with central divider,Straight road,,Fine,AP26TE 7075,P.V,Animals affected,0
16.02.2017,1:30 AM,1347.7,LHS,Rural,Dagadarthi,Rear End Collision, Volvo Bus hit Containeer Vehicle,Bus,Fatal,Over speed,Four lanes or more with central divider,Straight road,,Fine,AP23Y 4455,P.V,Fatal,1
16.02.2017,1:30 AM,1347.7,LHS,Rural,Dagadarthi,Rear End Collision, Volvo Bus hit Containeer Vehicle,Bus,Fatal,Over speed,Four lanes or more with central divider,Straight road,,Fine,AP23Y 4455,P.V,Grevious,0
16.02.2017,1:30 AM,1347.7,LHS,Rural,Dagadarthi,Rear End Collision, Volvo Bus hit Containeer Vehicle,Bus,Fatal,Over speed,Four lanes or more with central divider,Straight road,,Fine,AP23Y 4455,P.V,Minor,0
16.02.2017,1:30 AM,1347.7,LHS,Rural,Dagadarthi,Rear End Collision, Volvo Bus hit Containeer Vehicle,Bus,Fatal,Over speed,Four lanes or more with central divider,Straight road,,Fine,AP23Y 4455,P.V,Non injured ,33
16.02.2017,1:30 AM,1347.7,LHS,Rural,Dagadarthi,Rear End Collision, Volvo Bus hit Containeer Vehicle,Bus,Fatal,Over speed,Four lanes or more with central divider,Straight road,,Fine,AP23Y 4455,P.V,Animals affected,0
16.02.2017,7:11 PM,1189.6,RHS,Rural,Martur,Skidding, Bike Skidding,Bike,Grievious injury,Fault of driver of motor vehicle/driver of other vehicle/cyclist/pedestrian/passenger,Four lanes or more with central divider,Straight road,,Fine,AP27AT 4531,A.M.B,Fatal,0
16.02.2017,7:11 PM,1189.6,RHS,Rural,Martur,Skidding, Bike Skidding,Bike,Grievious injury,Fault of driver of motor vehicle/driver of other vehicle/cyclist/pedestrian/passenger,Four lanes or more with central divider,Straight road,,Fine,AP27AT 4531,A.M.B,Grevious,1
16.02.2017,7:11 PM,1189.6,RHS,Rural,Martur,Skidding, Bike Skidding,Bike,Grievious injury,Fault of driver of motor vehicle/driver of other vehicle/cyclist/pedestrian/passenger,Four lanes or more with central divider,Straight road,,Fine,AP27AT 4531,A.M.B,Minor,1
16.02.2017,7:11 PM,1189.6,RHS,Rural,Martur,Skidding, Bike Skidding,Bike,Grievious injury,Fault of driver of motor vehicle/driver of other vehicle/cyclist/pedestrian/passenger,Four lanes or more with central divider,Straight road,,Fine,AP27AT 4531,A.M.B,Non injured ,0
16.02.2017,7:11 PM,1189.6,RHS,Rural,Martur,Skidding, Bike Skidding,Bike,Grievious injury,Fault of driver of motor vehicle/driver of other vehicle/cyclist/pedestrian/passenger,Four lanes or more with central divider,Straight road,,Fine,AP27AT 4531,A.M.B,Animals affected,0
17.02.2017,4:35 AM,1198.7,LHS,Rural,Martur,Rear End Collision, Container Vehicle hit Lorry,Container,Minor injury,Fault of driver of motor vehicle/driver of other vehicle/cyclist/pedestrian/passenger,Four lanes or more with central divider,Straight road,,Fine,MH43Y  5256,A.M.B & P.V,Fatal,0
17.02.2017,4:35 AM,1198.7,LHS,Rural,Martur,Rear End Collision, Container Vehicle hit Lorry,Container,Minor injury,Fault of driver of motor vehicle/driver of other vehicle/cyclist/pedestrian/passenger,Four lanes or more with central divider,Straight road,,Fine,MH43Y  5256,A.M.B & P.V,Grevious,0
17.02.2017,4:35 AM,1198.7,LHS,Rural,Martur,Rear End Collision, Container Vehicle hit Lorry,Container,Minor injury,Fault of driver of motor vehicle/driver of other vehicle/cyclist/pedestrian/passenger,Four lanes or more with central divider,Straight road,,Fine,MH43Y  5256,A.M.B & P.V,Minor,1
17.02.2017,4:35 AM,1198.7,LHS,Rural,Martur,Rear End Collision, Container Vehicle hit Lorry,Container,Minor injury,Fault of driver of motor vehicle/driver of other vehicle/cyclist/pedestrian/passenger,Four lanes or more with central divider,Straight road,,Fine,MH43Y  5256,A.M.B & P.V,Non injured ,2
17.02.2017,4:35 AM,1198.7,LHS,Rural,Martur,Rear End Collision, Container Vehicle hit Lorry,Container,Minor injury,Fault of driver of motor vehicle/driver of other vehicle/cyclist/pedestrian/passenger,Four lanes or more with central divider,Straight road,,Fine,MH43Y  5256,A.M.B & P.V,Animals affected,0