Operational date,Time of Accident,KM && M,Position,Rural/Urban,Location,Nature of Accident Position,Nature of Accident,Vehicle Involved,Type of Accident,Causes,Road Feature,Road condition,Intersection Type And Control,Weather Condition,Vehicle Responsible,Help Provided by Ambulance/Patroling Vehicle,Classification of Accident,No of Affected Persons
17.02.2017,8:04 PM,1194.3,RHS,Rural,Martur,Collision Brush/Side Wipe, Unknown Vehicle hit Pedestrian,Unknown,Grievious injury,Fault of driver of motor vehicle/driver of other vehicle/cyclist/pedestrian/passenger,Four lanes or more with central divider,Straight road,,Fine,Unknown Vehicle,A.M.B,Fatal,0
17.02.2017,8:04 PM,1194.3,RHS,Rural,Martur,Collision Brush/Side Wipe, Unknown Vehicle hit Pedestrian,Unknown,Grievious injury,Fault of driver of motor vehicle/driver of other vehicle/cyclist/pedestrian/passenger,Four lanes or more with central divider,Straight road,,Fine,Unknown Vehicle,A.M.B,Grevious,1
17.02.2017,8:04 PM,1194.3,RHS,Rural,Martur,Collision Brush/Side Wipe, Unknown Vehicle hit Pedestrian,Unknown,Grievious injury,Fault of driver of motor vehicle/driver of other vehicle/cyclist/pedestrian/passenger,Four lanes or more with central divider,Straight road,,Fine,Unknown Vehicle,A.M.B,Minor,0
17.02.2017,8:04 PM,1194.3,RHS,Rural,Martur,Collision Brush/Side Wipe, Unknown Vehicle hit Pedestrian,Unknown,Grievious injury,Fault of driver of motor vehicle/driver of other vehicle/cyclist/pedestrian/passenger,Four lanes or more with central divider,Straight road,,Fine,Unknown Vehicle,A.M.B,Non injured ,0
17.02.2017,8:04 PM,1194.3,RHS,Rural,Martur,Collision Brush/Side Wipe, Unknown Vehicle hit Pedestrian,Unknown,Grievious injury,Fault of driver of motor vehicle/driver of other vehicle/cyclist/pedestrian/passenger,Four lanes or more with central divider,Straight road,,Fine,Unknown Vehicle,A.M.B,Animals affected,0
19.02.2017,8:55 PM,1187.9,RHS,Rural,Martur,Overturning, Car hit VUP side wall and Overtured,Car,Non injury,Druken,Four lanes or more with central divider,Straight road,,Fine,AP16CH 8808, P.V,Fatal,0
19.02.2017,8:55 PM,1187.9,RHS,Rural,Martur,Overturning, Car hit VUP side wall and Overtured,Car,Non injury,Druken,Four lanes or more with central divider,Straight road,,Fine,AP16CH 8808, P.V,Grevious,0
19.02.2017,8:55 PM,1187.9,RHS,Rural,Martur,Overturning, Car hit VUP side wall and Overtured,Car,Non injury,Druken,Four lanes or more with central divider,Straight road,,Fine,AP16CH 8808, P.V,Minor,0
19.02.2017,8:55 PM,1187.9,RHS,Rural,Martur,Overturning, Car hit VUP side wall and Overtured,Car,Non injury,Druken,Four lanes or more with central divider,Straight road,,Fine,AP16CH 8808, P.V,Non injured ,1
19.02.2017,8:55 PM,1187.9,RHS,Rural,Martur,Overturning, Car hit VUP side wall and Overtured,Car,Non injury,Druken,Four lanes or more with central divider,Straight road,,Fine,AP16CH 8808, P.V,Animals affected,0
20.02.2017,4:20 PM,1233.1,LHS,Rural,Maddipadu,Rear End Collision, Bike hit water Tanker,Bike,Fatal,Fault of driver of motor vehicle/driver of other vehicle/cyclist/pedestrian/passenger,Four lanes or more with central divider,Straight road,,Fine,AP07CS  6971,P.V,Fatal,1
20.02.2017,4:20 PM,1233.1,LHS,Rural,Maddipadu,Rear End Collision, Bike hit water Tanker,Bike,Fatal,Fault of driver of motor vehicle/driver of other vehicle/cyclist/pedestrian/passenger,Four lanes or more with central divider,Straight road,,Fine,AP07CS  6971,P.V,Grevious,1
20.02.2017,4:20 PM,1233.1,LHS,Rural,Maddipadu,Rear End Collision, Bike hit water Tanker,Bike,Fatal,Fault of driver of motor vehicle/driver of other vehicle/cyclist/pedestrian/passenger,Four lanes or more with central divider,Straight road,,Fine,AP07CS  6971,P.V,Minor,0
20.02.2017,4:20 PM,1233.1,LHS,Rural,Maddipadu,Rear End Collision, Bike hit water Tanker,Bike,Fatal,Fault of driver of motor vehicle/driver of other vehicle/cyclist/pedestrian/passenger,Four lanes or more with central divider,Straight road,,Fine,AP07CS  6971,P.V,Non injured ,0
20.02.2017,4:20 PM,1233.1,LHS,Rural,Maddipadu,Rear End Collision, Bike hit water Tanker,Bike,Fatal,Fault of driver of motor vehicle/driver of other vehicle/cyclist/pedestrian/passenger,Four lanes or more with central divider,Straight road,,Fine,AP07CS  6971,P.V,Animals affected,0
21.02.2017,2:30 AM,1211,RHS,Rural,Medarametla,Overturning, Car hit Median and Overtured,Car,Grievious injury,Over speed,Four lanes or more with central divider,Straight road,,Fine,MH03AL 0900,A.M.B & P.V,Fatal,0
21.02.2017,2:30 AM,1211,RHS,Rural,Medarametla,Overturning, Car hit Median and Overtured,Car,Grievious injury,Over speed,Four lanes or more with central divider,Straight road,,Fine,MH03AL 0900,A.M.B & P.V,Grevious,2
21.02.2017,2:30 AM,1211,RHS,Rural,Medarametla,Overturning, Car hit Median and Overtured,Car,Grievious injury,Over speed,Four lanes or more with central divider,Straight road,,Fine,MH03AL 0900,A.M.B & P.V,Minor,3
21.02.2017,2:30 AM,1211,RHS,Rural,Medarametla,Overturning, Car hit Median and Overtured,Car,Grievious injury,Over speed,Four lanes or more with central divider,Straight road,,Fine,MH03AL 0900,A.M.B & P.V,Non injured ,2
21.02.2017,2:30 AM,1211,RHS,Rural,Medarametla,Overturning, Car hit Median and Overtured,Car,Grievious injury,Over speed,Four lanes or more with central divider,Straight road,,Fine,MH03AL 0900,A.M.B & P.V,Animals affected,0
22.02.2017,11:02 AM,1294.7,LHS,Rural,Ulavapadu,Collision Brush/Side Wipe, Mini Bus hit VUP side wall ,Lorry,Minor injury,Vehicle out of control,Four lanes or more with central divider,Straight road,,Fine,AP27TU 5754,P.V& A.M.B,Fatal,0
22.02.2017,11:02 AM,1294.7,LHS,Rural,Ulavapadu,Collision Brush/Side Wipe, Mini Bus hit VUP side wall ,Lorry,Minor injury,Vehicle out of control,Four lanes or more with central divider,Straight road,,Fine,AP27TU 5754,P.V& A.M.B,Grevious,0
22.02.2017,11:02 AM,1294.7,LHS,Rural,Ulavapadu,Collision Brush/Side Wipe, Mini Bus hit VUP side wall ,Lorry,Minor injury,Vehicle out of control,Four lanes or more with central divider,Straight road,,Fine,AP27TU 5754,P.V& A.M.B,Minor,2
22.02.2017,11:02 AM,1294.7,LHS,Rural,Ulavapadu,Collision Brush/Side Wipe, Mini Bus hit VUP side wall ,Lorry,Minor injury,Vehicle out of control,Four lanes or more with central divider,Straight road,,Fine,AP27TU 5754,P.V& A.M.B,Non injured ,0
22.02.2017,11:02 AM,1294.7,LHS,Rural,Ulavapadu,Collision Brush/Side Wipe, Mini Bus hit VUP side wall ,Lorry,Minor injury,Vehicle out of control,Four lanes or more with central divider,Straight road,,Fine,AP27TU 5754,P.V& A.M.B,Animals affected,0
23.02.2017,3:50 AM,1300.7,LHS,Rural,Gudluru,Collision Brush/Side Wipe, Lorry hit CC Barrier,Lorry,Non injury,Fault of driver of motor vehicle/driver of other vehicle/cyclist/pedestrian/passenger,Four lanes or more with central divider,Straight road,,Fine,AP16TH  6259,P.V,Fatal,0
23.02.2017,3:50 AM,1300.7,LHS,Rural,Gudluru,Collision Brush/Side Wipe, Lorry hit CC Barrier,Lorry,Non injury,Fault of driver of motor vehicle/driver of other vehicle/cyclist/pedestrian/passenger,Four lanes or more with central divider,Straight road,,Fine,AP16TH  6259,P.V,Grevious,0
23.02.2017,3:50 AM,1300.7,LHS,Rural,Gudluru,Collision Brush/Side Wipe, Lorry hit CC Barrier,Lorry,Non injury,Fault of driver of motor vehicle/driver of other vehicle/cyclist/pedestrian/passenger,Four lanes or more with central divider,Straight road,,Fine,AP16TH  6259,P.V,Minor,0
23.02.2017,3:50 AM,1300.7,LHS,Rural,Gudluru,Collision Brush/Side Wipe, Lorry hit CC Barrier,Lorry,Non injury,Fault of driver of motor vehicle/driver of other vehicle/cyclist/pedestrian/passenger,Four lanes or more with central divider,Straight road,,Fine,AP16TH  6259,P.V,Non injured ,2
23.02.2017,3:50 AM,1300.7,LHS,Rural,Gudluru,Collision Brush/Side Wipe, Lorry hit CC Barrier,Lorry,Non injury,Fault of driver of motor vehicle/driver of other vehicle/cyclist/pedestrian/passenger,Four lanes or more with central divider,Straight road,,Fine,AP16TH  6259,P.V,Animals affected,0
23.02.2017,5:00 AM,1184.7,RHS,Rural,Martur,Rear End Collision, Mini Truck hit Lorry,Lorry,Non injury,Over speed,Four lanes or more with central divider,Straight road,,Fine,AP07TT 8009,P.V,Fatal,0
23.02.2017,5:00 AM,1184.7,RHS,Rural,Martur,Rear End Collision, Mini Truck hit Lorry,Lorry,Non injury,Over speed,Four lanes or more with central divider,Straight road,,Fine,AP07TT 8009,P.V,Grevious,0
23.02.2017,5:00 AM,1184.7,RHS,Rural,Martur,Rear End Collision, Mini Truck hit Lorry,Lorry,Non injury,Over speed,Four lanes or more with central divider,Straight road,,Fine,AP07TT 8009,P.V,Minor,0
23.02.2017,5:00 AM,1184.7,RHS,Rural,Martur,Rear End Collision, Mini Truck hit Lorry,Lorry,Non injury,Over speed,Four lanes or more with central divider,Straight road,,Fine,AP07TT 8009,P.V,Non injured ,2
23.02.2017,5:00 AM,1184.7,RHS,Rural,Martur,Rear End Collision, Mini Truck hit Lorry,Lorry,Non injury,Over speed,Four lanes or more with central divider,Straight road,,Fine,AP07TT 8009,P.V,Animals affected,0
23.02.2017,4:35 PM,1270.5,LHS,Rural,Jarugumalli,Rear End Collision, RTC Bus hit Trailler vehicle,Bus,Grievious injury,Over speed,Four lanes or more with central divider,Straight road,,Fine,AP26TE  3969,P.V,Fatal,0
23.02.2017,4:35 PM,1270.5,LHS,Rural,Jarugumalli,Rear End Collision, RTC Bus hit Trailler vehicle,Bus,Grievious injury,Over speed,Four lanes or more with central divider,Straight road,,Fine,AP26TE  3969,P.V,Grevious,1
23.02.2017,4:35 PM,1270.5,LHS,Rural,Jarugumalli,Rear End Collision, RTC Bus hit Trailler vehicle,Bus,Grievious injury,Over speed,Four lanes or more with central divider,Straight road,,Fine,AP26TE  3969,P.V,Minor,2
23.02.2017,4:35 PM,1270.5,LHS,Rural,Jarugumalli,Rear End Collision, RTC Bus hit Trailler vehicle,Bus,Grievious injury,Over speed,Four lanes or more with central divider,Straight road,,Fine,AP26TE  3969,P.V,Non injured ,19
23.02.2017,4:35 PM,1270.5,LHS,Rural,Jarugumalli,Rear End Collision, RTC Bus hit Trailler vehicle,Bus,Grievious injury,Over speed,Four lanes or more with central divider,Straight road,,Fine,AP26TE  3969,P.V,Animals affected,0
26.02.2017,2:06 PM,1205.6,LHS,Rural,Reningavaram,Overturning, Ape Auto Overturned,Auto,Minor injury,Druken,Four lanes or more with central divider,Straight road,,Fine,AP27TW  1658,A.M.B,Fatal,0
26.02.2017,2:06 PM,1205.6,LHS,Rural,Reningavaram,Overturning, Ape Auto Overturned,Auto,Minor injury,Druken,Four lanes or more with central divider,Straight road,,Fine,AP27TW  1658,A.M.B,Grevious,0
26.02.2017,2:06 PM,1205.6,LHS,Rural,Reningavaram,Overturning, Ape Auto Overturned,Auto,Minor injury,Druken,Four lanes or more with central divider,Straight road,,Fine,AP27TW  1658,A.M.B,Minor,1
26.02.2017,2:06 PM,1205.6,LHS,Rural,Reningavaram,Overturning, Ape Auto Overturned,Auto,Minor injury,Druken,Four lanes or more with central divider,Straight road,,Fine,AP27TW  1658,A.M.B,Non injured ,0
26.02.2017,2:06 PM,1205.6,LHS,Rural,Reningavaram,Overturning, Ape Auto Overturned,Auto,Minor injury,Druken,Four lanes or more with central divider,Straight road,,Fine,AP27TW  1658,A.M.B,Animals affected,0
27.02.2017,8:05 PM,1268,RHS,Rural,Jarugumalli,Skidding, Tvs xl moped skidding,Bike,Minor injury,Over speed,Four lanes or more with central divider,Straight road,,Fine,AP27AQ   9867,A.M.B & P.V,Fatal,0
27.02.2017,8:05 PM,1268,RHS,Rural,Jarugumalli,Skidding, Tvs xl moped skidding,Bike,Minor injury,Over speed,Four lanes or more with central divider,Straight road,,Fine,AP27AQ   9867,A.M.B & P.V,Grevious,0
27.02.2017,8:05 PM,1268,RHS,Rural,Jarugumalli,Skidding, Tvs xl moped skidding,Bike,Minor injury,Over speed,Four lanes or more with central divider,Straight road,,Fine,AP27AQ   9867,A.M.B & P.V,Minor,1
27.02.2017,8:05 PM,1268,RHS,Rural,Jarugumalli,Skidding, Tvs xl moped skidding,Bike,Minor injury,Over speed,Four lanes or more with central divider,Straight road,,Fine,AP27AQ   9867,A.M.B & P.V,Non injured ,0
27.02.2017,8:05 PM,1268,RHS,Rural,Jarugumalli,Skidding, Tvs xl moped skidding,Bike,Minor injury,Over speed,Four lanes or more with central divider,Straight road,,Fine,AP27AQ   9867,A.M.B & P.V,Animals affected,0
28.02.2017,12:30 AM,1228.8,LHS,Rural,Maddipadu,Collision Brush/Side Wipe, Lorry hit CC Barrier,Lorry,Non injury,Fault of driver of motor vehicle/driver of other vehicle/cyclist/pedestrian/passenger,Four lanes or more with central divider,Straight road,,Fine,AP16TE   8877,P.V,Fatal,0
28.02.2017,12:30 AM,1228.8,LHS,Rural,Maddipadu,Collision Brush/Side Wipe, Lorry hit CC Barrier,Lorry,Non injury,Fault of driver of motor vehicle/driver of other vehicle/cyclist/pedestrian/passenger,Four lanes or more with central divider,Straight road,,Fine,AP16TE   8877,P.V,Grevious,0
28.02.2017,12:30 AM,1228.8,LHS,Rural,Maddipadu,Collision Brush/Side Wipe, Lorry hit CC Barrier,Lorry,Non injury,Fault of driver of motor vehicle/driver of other vehicle/cyclist/pedestrian/passenger,Four lanes or more with central divider,Straight road,,Fine,AP16TE   8877,P.V,Minor,0
28.02.2017,12:30 AM,1228.8,LHS,Rural,Maddipadu,Collision Brush/Side Wipe, Lorry hit CC Barrier,Lorry,Non injury,Fault of driver of motor vehicle/driver of other vehicle/cyclist/pedestrian/passenger,Four lanes or more with central divider,Straight road,,Fine,AP16TE   8877,P.V,Non injured ,1
28.02.2017,12:30 AM,1228.8,LHS,Rural,Maddipadu,Collision Brush/Side Wipe, Lorry hit CC Barrier,Lorry,Non injury,Fault of driver of motor vehicle/driver of other vehicle/cyclist/pedestrian/passenger,Four lanes or more with central divider,Straight road,,Fine,AP16TE   8877,P.V,Animals affected,0
28.02.2017,2:30 AM,1306.1,RHS,Rural,Gudluru,Collision Brush/Side Wipe, Lorry hit Unknown Vehicle,Lorry,Minor injury,Over speed,Four lanes or more with central divider,Straight road,,Fine,TN01AY  5217,P.V,Fatal,0
28.02.2017,2:30 AM,1306.1,RHS,Rural,Gudluru,Collision Brush/Side Wipe, Lorry hit Unknown Vehicle,Lorry,Minor injury,Over speed,Four lanes or more with central divider,Straight road,,Fine,TN01AY  5217,P.V,Grevious,0
28.02.2017,2:30 AM,1306.1,RHS,Rural,Gudluru,Collision Brush/Side Wipe, Lorry hit Unknown Vehicle,Lorry,Minor injury,Over speed,Four lanes or more with central divider,Straight road,,Fine,TN01AY  5217,P.V,Minor,2
28.02.2017,2:30 AM,1306.1,RHS,Rural,Gudluru,Collision Brush/Side Wipe, Lorry hit Unknown Vehicle,Lorry,Minor injury,Over speed,Four lanes or more with central divider,Straight road,,Fine,TN01AY  5217,P.V,Non injured ,0
28.02.2017,2:30 AM,1306.1,RHS,Rural,Gudluru,Collision Brush/Side Wipe, Lorry hit Unknown Vehicle,Lorry,Minor injury,Over speed,Four lanes or more with central divider,Straight road,,Fine,TN01AY  5217,P.V,Animals affected,0
01.03.2017,11:15 AM,1326,RHS,Rural,Kavali,Others(p1.Specific), Passenger felldown from ApeAuto.,Passenger,Minor injury,Fault of driver of motor vehicle/driver of other vehicle/cyclist/pedestrian/passenger,Four lanes or more with central divider,Straight road,,Fine,AP26TE   0008,A.M.B,Fatal,0
01.03.2017,11:15 AM,1326,RHS,Rural,Kavali,Others(p1.Specific), Passenger felldown from ApeAuto.,Passenger,Minor injury,Fault of driver of motor vehicle/driver of other vehicle/cyclist/pedestrian/passenger,Four lanes or more with central divider,Straight road,,Fine,AP26TE   0008,A.M.B,Grevious,0
01.03.2017,11:15 AM,1326,RHS,Rural,Kavali,Others(p1.Specific), Passenger felldown from ApeAuto.,Passenger,Minor injury,Fault of driver of motor vehicle/driver of other vehicle/cyclist/pedestrian/passenger,Four lanes or more with central divider,Straight road,,Fine,AP26TE   0008,A.M.B,Minor,1
01.03.2017,11:15 AM,1326,RHS,Rural,Kavali,Others(p1.Specific), Passenger felldown from ApeAuto.,Passenger,Minor injury,Fault of driver of motor vehicle/driver of other vehicle/cyclist/pedestrian/passenger,Four lanes or more with central divider,Straight road,,Fine,AP26TE   0008,A.M.B,Non injured ,3
01.03.2017,11:15 AM,1326,RHS,Rural,Kavali,Others(p1.Specific), Passenger felldown from ApeAuto.,Passenger,Minor injury,Fault of driver of motor vehicle/driver of other vehicle/cyclist/pedestrian/passenger,Four lanes or more with central divider,Straight road,,Fine,AP26TE   0008,A.M.B,Animals affected,0
01.03.2017,2:30 PM,1334,LHS,Rural,K.Tippa ,Skidding, Bike Skidding,Bike,Minor injury,Fault of driver of motor vehicle/driver of other vehicle/cyclist/pedestrian/passenger,Four lanes or more with central divider,Straight road,,Fine,AP11 5141,P.V & A.M.B,Fatal,0
01.03.2017,2:30 PM,1334,LHS,Rural,K.Tippa ,Skidding, Bike Skidding,Bike,Minor injury,Fault of driver of motor vehicle/driver of other vehicle/cyclist/pedestrian/passenger,Four lanes or more with central divider,Straight road,,Fine,AP11 5141,P.V & A.M.B,Grevious,0
01.03.2017,2:30 PM,1334,LHS,Rural,K.Tippa ,Skidding, Bike Skidding,Bike,Minor injury,Fault of driver of motor vehicle/driver of other vehicle/cyclist/pedestrian/passenger,Four lanes or more with central divider,Straight road,,Fine,AP11 5141,P.V & A.M.B,Minor,1
01.03.2017,2:30 PM,1334,LHS,Rural,K.Tippa ,Skidding, Bike Skidding,Bike,Minor injury,Fault of driver of motor vehicle/driver of other vehicle/cyclist/pedestrian/passenger,Four lanes or more with central divider,Straight road,,Fine,AP11 5141,P.V & A.M.B,Non injured ,0
01.03.2017,2:30 PM,1334,LHS,Rural,K.Tippa ,Skidding, Bike Skidding,Bike,Minor injury,Fault of driver of motor vehicle/driver of other vehicle/cyclist/pedestrian/passenger,Four lanes or more with central divider,Straight road,,Fine,AP11 5141,P.V & A.M.B,Animals affected,0
01.03.2017,4:25 PM,1196.4,LHS,Rural,Martur,Overturning, Ashok Leyland Dost Vehicle Overturned,Lorry,Non injury,Defect in mechanical condition of motor vehicle/road condition,Four lanes or more with central divider,Straight road,,Fine,AP26TE 6573,P.V,Fatal,0
01.03.2017,4:25 PM,1196.4,LHS,Rural,Martur,Overturning, Ashok Leyland Dost Vehicle Overturned,Lorry,Non injury,Defect in mechanical condition of motor vehicle/road condition,Four lanes or more with central divider,Straight road,,Fine,AP26TE 6573,P.V,Grevious,0
01.03.2017,4:25 PM,1196.4,LHS,Rural,Martur,Overturning, Ashok Leyland Dost Vehicle Overturned,Lorry,Non injury,Defect in mechanical condition of motor vehicle/road condition,Four lanes or more with central divider,Straight road,,Fine,AP26TE 6573,P.V,Minor,0
01.03.2017,4:25 PM,1196.4,LHS,Rural,Martur,Overturning, Ashok Leyland Dost Vehicle Overturned,Lorry,Non injury,Defect in mechanical condition of motor vehicle/road condition,Four lanes or more with central divider,Straight road,,Fine,AP26TE 6573,P.V,Non injured ,1
01.03.2017,4:25 PM,1196.4,LHS,Rural,Martur,Overturning, Ashok Leyland Dost Vehicle Overturned,Lorry,Non injury,Defect in mechanical condition of motor vehicle/road condition,Four lanes or more with central divider,Straight road,,Fine,AP26TE 6573,P.V,Animals affected,0
02.03.2017,4:00 AM,1243.9,LHS,Rural,Ongole,Collision Brush/Side Wipe, Container Vehicle hit Lorry.,Container,Minor injury,Fault of driver of motor vehicle/driver of other vehicle/cyclist/pedestrian/passenger,Four lanes or more with central divider,Straight road,,Mist/Fog,TN28AH 9843,P.V,Fatal,0
02.03.2017,4:00 AM,1243.9,LHS,Rural,Ongole,Collision Brush/Side Wipe, Container Vehicle hit Lorry.,Container,Minor injury,Fault of driver of motor vehicle/driver of other vehicle/cyclist/pedestrian/passenger,Four lanes or more with central divider,Straight road,,Mist/Fog,TN28AH 9843,P.V,Grevious,0
02.03.2017,4:00 AM,1243.9,LHS,Rural,Ongole,Collision Brush/Side Wipe, Container Vehicle hit Lorry.,Container,Minor injury,Fault of driver of motor vehicle/driver of other vehicle/cyclist/pedestrian/passenger,Four lanes or more with central divider,Straight road,,Mist/Fog,TN28AH 9843,P.V,Minor,1
02.03.2017,4:00 AM,1243.9,LHS,Rural,Ongole,Collision Brush/Side Wipe, Container Vehicle hit Lorry.,Container,Minor injury,Fault of driver of motor vehicle/driver of other vehicle/cyclist/pedestrian/passenger,Four lanes or more with central divider,Straight road,,Mist/Fog,TN28AH 9843,P.V,Non injured ,1
02.03.2017,4:00 AM,1243.9,LHS,Rural,Ongole,Collision Brush/Side Wipe, Container Vehicle hit Lorry.,Container,Minor injury,Fault of driver of motor vehicle/driver of other vehicle/cyclist/pedestrian/passenger,Four lanes or more with central divider,Straight road,,Mist/Fog,TN28AH 9843,P.V,Animals affected,0
02.03.2017,2:40 PM,1200.6,RHS,Rural,Reningavaram,Collision Brush/Side Wipe, Bike hit Lorry.,Bike,Minor injury,Fault of driver of motor vehicle/driver of other vehicle/cyclist/pedestrian/passenger,Four lanes or more with central divider,Straight road,,Fine,AP27AY 8497,P.V & A.M.B,Fatal,0
02.03.2017,2:40 PM,1200.6,RHS,Rural,Reningavaram,Collision Brush/Side Wipe, Bike hit Lorry.,Bike,Minor injury,Fault of driver of motor vehicle/driver of other vehicle/cyclist/pedestrian/passenger,Four lanes or more with central divider,Straight road,,Fine,AP27AY 8497,P.V & A.M.B,Grevious,0
02.03.2017,2:40 PM,1200.6,RHS,Rural,Reningavaram,Collision Brush/Side Wipe, Bike hit Lorry.,Bike,Minor injury,Fault of driver of motor vehicle/driver of other vehicle/cyclist/pedestrian/passenger,Four lanes or more with central divider,Straight road,,Fine,AP27AY 8497,P.V & A.M.B,Minor,2
02.03.2017,2:40 PM,1200.6,RHS,Rural,Reningavaram,Collision Brush/Side Wipe, Bike hit Lorry.,Bike,Minor injury,Fault of driver of motor vehicle/driver of other vehicle/cyclist/pedestrian/passenger,Four lanes or more with central divider,Straight road,,Fine,AP27AY 8497,P.V & A.M.B,Non injured ,0
02.03.2017,2:40 PM,1200.6,RHS,Rural,Reningavaram,Collision Brush/Side Wipe, Bike hit Lorry.,Bike,Minor injury,Fault of driver of motor vehicle/driver of other vehicle/cyclist/pedestrian/passenger,Four lanes or more with central divider,Straight road,,Fine,AP27AY 8497,P.V & A.M.B,Animals affected,0
02.03.2017,8:35 PM,1295.1,RHS,Rural,Ulavapadu,Collision Brush/Side Wipe, Unknown Vehicle hit Pedestrian.,Unknown,Fatal,Fault of driver of motor vehicle/driver of other vehicle/cyclist/pedestrian/passenger,Four lanes or more with central divider,Straight road,,Fine,Unknown Vehicle,P.V,Fatal,1
02.03.2017,8:35 PM,1295.1,RHS,Rural,Ulavapadu,Collision Brush/Side Wipe, Unknown Vehicle hit Pedestrian.,Unknown,Fatal,Fault of driver of motor vehicle/driver of other vehicle/cyclist/pedestrian/passenger,Four lanes or more with central divider,Straight road,,Fine,Unknown Vehicle,P.V,Grevious,0
02.03.2017,8:35 PM,1295.1,RHS,Rural,Ulavapadu,Collision Brush/Side Wipe, Unknown Vehicle hit Pedestrian.,Unknown,Fatal,Fault of driver of motor vehicle/driver of other vehicle/cyclist/pedestrian/passenger,Four lanes or more with central divider,Straight road,,Fine,Unknown Vehicle,P.V,Minor,0
02.03.2017,8:35 PM,1295.1,RHS,Rural,Ulavapadu,Collision Brush/Side Wipe, Unknown Vehicle hit Pedestrian.,Unknown,Fatal,Fault of driver of motor vehicle/driver of other vehicle/cyclist/pedestrian/passenger,Four lanes or more with central divider,Straight road,,Fine,Unknown Vehicle,P.V,Non injured ,1
02.03.2017,8:35 PM,1295.1,RHS,Rural,Ulavapadu,Collision Brush/Side Wipe, Unknown Vehicle hit Pedestrian.,Unknown,Fatal,Fault of driver of motor vehicle/driver of other vehicle/cyclist/pedestrian/passenger,Four lanes or more with central divider,Straight road,,Fine,Unknown Vehicle,P.V,Animals affected,0
03.03.2017,7:05 AM,1199.1,LHS,Rural,Martur,Collision Brush/Side Wipe, Bike hit TVS XL Moped.,Bike,Grievious injury,Druken,Four lanes or more with central divider,Straight road,,Fine,AP07BX 0806,P.V & A.M.B,Fatal,0
03.03.2017,7:05 AM,1199.1,LHS,Rural,Martur,Collision Brush/Side Wipe, Bike hit TVS XL Moped.,Bike,Grievious injury,Druken,Four lanes or more with central divider,Straight road,,Fine,AP07BX 0806,P.V & A.M.B,Grevious,1
03.03.2017,7:05 AM,1199.1,LHS,Rural,Martur,Collision Brush/Side Wipe, Bike hit TVS XL Moped.,Bike,Grievious injury,Druken,Four lanes or more with central divider,Straight road,,Fine,AP07BX 0806,P.V & A.M.B,Minor,0
03.03.2017,7:05 AM,1199.1,LHS,Rural,Martur,Collision Brush/Side Wipe, Bike hit TVS XL Moped.,Bike,Grievious injury,Druken,Four lanes or more with central divider,Straight road,,Fine,AP07BX 0806,P.V & A.M.B,Non injured ,1
03.03.2017,7:05 AM,1199.1,LHS,Rural,Martur,Collision Brush/Side Wipe, Bike hit TVS XL Moped.,Bike,Grievious injury,Druken,Four lanes or more with central divider,Straight road,,Fine,AP07BX 0806,P.V & A.M.B,Animals affected,0
04.03.2017,3:15 AM,1223.5,RHS,Rural,Medarametla,Collision Brush/Side Wipe, Lorry hit Trailler vehicle,Lorry,Non injury,Fault of driver of motor vehicle/driver of other vehicle/cyclist/pedestrian/passenger,Four lanes or more with central divider,Straight road,,Fine,AP07TF  1289,P.V,Fatal,0
04.03.2017,3:15 AM,1223.5,RHS,Rural,Medarametla,Collision Brush/Side Wipe, Lorry hit Trailler vehicle,Lorry,Non injury,Fault of driver of motor vehicle/driver of other vehicle/cyclist/pedestrian/passenger,Four lanes or more with central divider,Straight road,,Fine,AP07TF  1289,P.V,Grevious,0
04.03.2017,3:15 AM,1223.5,RHS,Rural,Medarametla,Collision Brush/Side Wipe, Lorry hit Trailler vehicle,Lorry,Non injury,Fault of driver of motor vehicle/driver of other vehicle/cyclist/pedestrian/passenger,Four lanes or more with central divider,Straight road,,Fine,AP07TF  1289,P.V,Minor,0
04.03.2017,3:15 AM,1223.5,RHS,Rural,Medarametla,Collision Brush/Side Wipe, Lorry hit Trailler vehicle,Lorry,Non injury,Fault of driver of motor vehicle/driver of other vehicle/cyclist/pedestrian/passenger,Four lanes or more with central divider,Straight road,,Fine,AP07TF  1289,P.V,Non injured ,2
04.03.2017,3:15 AM,1223.5,RHS,Rural,Medarametla,Collision Brush/Side Wipe, Lorry hit Trailler vehicle,Lorry,Non injury,Fault of driver of motor vehicle/driver of other vehicle/cyclist/pedestrian/passenger,Four lanes or more with central divider,Straight road,,Fine,AP07TF  1289,P.V,Animals affected,0
05.03.2017,5:00 AM,1225.3,LHS,Rural,Maddipadu,Collision Brush/Side Wipe, Travels Bus hit Unknown vehicle,Bus,Minor injury,Over speed,Four lanes or more with central divider,Straight road,,Fine,AP27TT   7337,P.V,Fatal,0
05.03.2017,5:00 AM,1225.3,LHS,Rural,Maddipadu,Collision Brush/Side Wipe, Travels Bus hit Unknown vehicle,Bus,Minor injury,Over speed,Four lanes or more with central divider,Straight road,,Fine,AP27TT   7337,P.V,Grevious,0
05.03.2017,5:00 AM,1225.3,LHS,Rural,Maddipadu,Collision Brush/Side Wipe, Travels Bus hit Unknown vehicle,Bus,Minor injury,Over speed,Four lanes or more with central divider,Straight road,,Fine,AP27TT   7337,P.V,Minor,4
05.03.2017,5:00 AM,1225.3,LHS,Rural,Maddipadu,Collision Brush/Side Wipe, Travels Bus hit Unknown vehicle,Bus,Minor injury,Over speed,Four lanes or more with central divider,Straight road,,Fine,AP27TT   7337,P.V,Non injured ,40