Operational date,Time of Accident,KM && M,Position,Rural/Urban,Location,Nature of Accident Position,Nature of Accident,Vehicle Involved,Type of Accident,Causes,Road Feature,Road condition,Intersection Type And Control,Weather Condition,Vehicle Responsible,Help Provided by Ambulance/Patroling Vehicle,Classification of Accident,No of Affected Persons
05.03.2017,5:00 AM,1225.3,LHS,Rural,Maddipadu,Collision Brush/Side Wipe, Travels Bus hit Unknown vehicle,Bus,Minor injury,Over speed,Four lanes or more with central divider,Straight road,,Fine,AP27TT   7337,P.V,Animals affected,0
05.03.2017,7:27 AM,1233.8,LHS,Rural,Maddipadu,Collision Brush/Side Wipe, Car hit Unknown vehicle,Car,Grievious injury,Over speed,Four lanes or more with central divider,Straight road,,Fine,AP29BV   1097 ,P.V,Fatal,0
05.03.2017,7:27 AM,1233.8,LHS,Rural,Maddipadu,Collision Brush/Side Wipe, Car hit Unknown vehicle,Car,Grievious injury,Over speed,Four lanes or more with central divider,Straight road,,Fine,AP29BV   1097 ,P.V,Grevious,1
05.03.2017,7:27 AM,1233.8,LHS,Rural,Maddipadu,Collision Brush/Side Wipe, Car hit Unknown vehicle,Car,Grievious injury,Over speed,Four lanes or more with central divider,Straight road,,Fine,AP29BV   1097 ,P.V,Minor,1
05.03.2017,7:27 AM,1233.8,LHS,Rural,Maddipadu,Collision Brush/Side Wipe, Car hit Unknown vehicle,Car,Grievious injury,Over speed,Four lanes or more with central divider,Straight road,,Fine,AP29BV   1097 ,P.V,Non injured ,0
05.03.2017,7:27 AM,1233.8,LHS,Rural,Maddipadu,Collision Brush/Side Wipe, Car hit Unknown vehicle,Car,Grievious injury,Over speed,Four lanes or more with central divider,Straight road,,Fine,AP29BV   1097 ,P.V,Animals affected,0
06.03.2017,3:45 AM,1231.1,LHS,Rural,Maddipadu,Collision Brush/Side Wipe, Lorry hit Tipper,Lorry,Non injury,Fault of driver of motor vehicle/driver of other vehicle/cyclist/pedestrian/passenger,Four lanes or more with central divider,Straight road,,Fine,RJ14GB  3791,P.V,Fatal,0
06.03.2017,3:45 AM,1231.1,LHS,Rural,Maddipadu,Collision Brush/Side Wipe, Lorry hit Tipper,Lorry,Non injury,Fault of driver of motor vehicle/driver of other vehicle/cyclist/pedestrian/passenger,Four lanes or more with central divider,Straight road,,Fine,RJ14GB  3791,P.V,Grevious,0
06.03.2017,3:45 AM,1231.1,LHS,Rural,Maddipadu,Collision Brush/Side Wipe, Lorry hit Tipper,Lorry,Non injury,Fault of driver of motor vehicle/driver of other vehicle/cyclist/pedestrian/passenger,Four lanes or more with central divider,Straight road,,Fine,RJ14GB  3791,P.V,Minor,0
06.03.2017,3:45 AM,1231.1,LHS,Rural,Maddipadu,Collision Brush/Side Wipe, Lorry hit Tipper,Lorry,Non injury,Fault of driver of motor vehicle/driver of other vehicle/cyclist/pedestrian/passenger,Four lanes or more with central divider,Straight road,,Fine,RJ14GB  3791,P.V,Non injured ,3
06.03.2017,3:45 AM,1231.1,LHS,Rural,Maddipadu,Collision Brush/Side Wipe, Lorry hit Tipper,Lorry,Non injury,Fault of driver of motor vehicle/driver of other vehicle/cyclist/pedestrian/passenger,Four lanes or more with central divider,Straight road,,Fine,RJ14GB  3791,P.V,Animals affected,0
06.03.2017,5:00 AM,1225.9,RHS,Rural,Maddipadu,Collision Brush/Side Wipe, Unknown vehicle hit Pedestrian,Unknown,Fatal,Over speed,Four lanes or more with central divider,Straight road,,Fine,Unknown vehicle,P.V,Fatal,1
06.03.2017,5:00 AM,1225.9,RHS,Rural,Maddipadu,Collision Brush/Side Wipe, Unknown vehicle hit Pedestrian,Unknown,Fatal,Over speed,Four lanes or more with central divider,Straight road,,Fine,Unknown vehicle,P.V,Grevious,0
06.03.2017,5:00 AM,1225.9,RHS,Rural,Maddipadu,Collision Brush/Side Wipe, Unknown vehicle hit Pedestrian,Unknown,Fatal,Over speed,Four lanes or more with central divider,Straight road,,Fine,Unknown vehicle,P.V,Minor,0
06.03.2017,5:00 AM,1225.9,RHS,Rural,Maddipadu,Collision Brush/Side Wipe, Unknown vehicle hit Pedestrian,Unknown,Fatal,Over speed,Four lanes or more with central divider,Straight road,,Fine,Unknown vehicle,P.V,Non injured ,0
06.03.2017,5:00 AM,1225.9,RHS,Rural,Maddipadu,Collision Brush/Side Wipe, Unknown vehicle hit Pedestrian,Unknown,Fatal,Over speed,Four lanes or more with central divider,Straight road,,Fine,Unknown vehicle,P.V,Animals affected,0
07.03.2017,11:20 AM,1326,LHS,Rural,Kavali,Rear End Collision, Bike hit  Appe Auto,Bike,Minor injury,Over speed,Four lanes or more with central divider,Straight road,,Fine,AP26C  7938,A.M.B,Fatal,0
07.03.2017,11:20 AM,1326,LHS,Rural,Kavali,Rear End Collision, Bike hit  Appe Auto,Bike,Minor injury,Over speed,Four lanes or more with central divider,Straight road,,Fine,AP26C  7938,A.M.B,Grevious,0
07.03.2017,11:20 AM,1326,LHS,Rural,Kavali,Rear End Collision, Bike hit  Appe Auto,Bike,Minor injury,Over speed,Four lanes or more with central divider,Straight road,,Fine,AP26C  7938,A.M.B,Minor,1
07.03.2017,11:20 AM,1326,LHS,Rural,Kavali,Rear End Collision, Bike hit  Appe Auto,Bike,Minor injury,Over speed,Four lanes or more with central divider,Straight road,,Fine,AP26C  7938,A.M.B,Non injured ,4
07.03.2017,11:20 AM,1326,LHS,Rural,Kavali,Rear End Collision, Bike hit  Appe Auto,Bike,Minor injury,Over speed,Four lanes or more with central divider,Straight road,,Fine,AP26C  7938,A.M.B,Animals affected,0
08.03.2017,4:00 AM,1278.5,RHS,Rural,Singarayakonda,Collision Brush/Side Wipe, Lorry hit VUP  Safety wall,Lorry,Non injury,Fault of driver of motor vehicle/driver of other vehicle/cyclist/pedestrian/passenger,Two lanes,Straight road,,Fine,AP24W 6288,P.V,Fatal,0
08.03.2017,4:00 AM,1278.5,RHS,Rural,Singarayakonda,Collision Brush/Side Wipe, Lorry hit VUP  Safety wall,Lorry,Non injury,Fault of driver of motor vehicle/driver of other vehicle/cyclist/pedestrian/passenger,Two lanes,Straight road,,Fine,AP24W 6288,P.V,Grevious,0
08.03.2017,4:00 AM,1278.5,RHS,Rural,Singarayakonda,Collision Brush/Side Wipe, Lorry hit VUP  Safety wall,Lorry,Non injury,Fault of driver of motor vehicle/driver of other vehicle/cyclist/pedestrian/passenger,Two lanes,Straight road,,Fine,AP24W 6288,P.V,Minor,0
08.03.2017,4:00 AM,1278.5,RHS,Rural,Singarayakonda,Collision Brush/Side Wipe, Lorry hit VUP  Safety wall,Lorry,Non injury,Fault of driver of motor vehicle/driver of other vehicle/cyclist/pedestrian/passenger,Two lanes,Straight road,,Fine,AP24W 6288,P.V,Non injured ,1
08.03.2017,4:00 AM,1278.5,RHS,Rural,Singarayakonda,Collision Brush/Side Wipe, Lorry hit VUP  Safety wall,Lorry,Non injury,Fault of driver of motor vehicle/driver of other vehicle/cyclist/pedestrian/passenger,Two lanes,Straight road,,Fine,AP24W 6288,P.V,Animals affected,0
09.03.2017,10:40 AM,1341.3,LHS,Rural,Dagadarthi,Rear End Collision, Lorry hit Unknown Vehicle.,Lorry,Minor injury,Fault of driver of motor vehicle/driver of other vehicle/cyclist/pedestrian/passenger,Four lanes or more with central divider,Straight road,,Fine,AP07TU 7289,P.V,Fatal,0
09.03.2017,10:40 AM,1341.3,LHS,Rural,Dagadarthi,Rear End Collision, Lorry hit Unknown Vehicle.,Lorry,Minor injury,Fault of driver of motor vehicle/driver of other vehicle/cyclist/pedestrian/passenger,Four lanes or more with central divider,Straight road,,Fine,AP07TU 7289,P.V,Grevious,0
09.03.2017,10:40 AM,1341.3,LHS,Rural,Dagadarthi,Rear End Collision, Lorry hit Unknown Vehicle.,Lorry,Minor injury,Fault of driver of motor vehicle/driver of other vehicle/cyclist/pedestrian/passenger,Four lanes or more with central divider,Straight road,,Fine,AP07TU 7289,P.V,Minor,1
09.03.2017,10:40 AM,1341.3,LHS,Rural,Dagadarthi,Rear End Collision, Lorry hit Unknown Vehicle.,Lorry,Minor injury,Fault of driver of motor vehicle/driver of other vehicle/cyclist/pedestrian/passenger,Four lanes or more with central divider,Straight road,,Fine,AP07TU 7289,P.V,Non injured ,1
09.03.2017,10:40 AM,1341.3,LHS,Rural,Dagadarthi,Rear End Collision, Lorry hit Unknown Vehicle.,Lorry,Minor injury,Fault of driver of motor vehicle/driver of other vehicle/cyclist/pedestrian/passenger,Four lanes or more with central divider,Straight road,,Fine,AP07TU 7289,P.V,Animals affected,0
10.03.2017,5:50 AM,1343.5,RHS,Rural,Dagadarthi,Rear End Collision,Car hit Lorry ,Car,Minor injury,Over speed,Four lanes or more with central divider,Straight road,,Fine,AP09BH 7999,P.V,Fatal,0
10.03.2017,5:50 AM,1343.5,RHS,Rural,Dagadarthi,Rear End Collision,Car hit Lorry ,Car,Minor injury,Over speed,Four lanes or more with central divider,Straight road,,Fine,AP09BH 7999,P.V,Grevious,0
10.03.2017,5:50 AM,1343.5,RHS,Rural,Dagadarthi,Rear End Collision,Car hit Lorry ,Car,Minor injury,Over speed,Four lanes or more with central divider,Straight road,,Fine,AP09BH 7999,P.V,Minor,2
10.03.2017,5:50 AM,1343.5,RHS,Rural,Dagadarthi,Rear End Collision,Car hit Lorry ,Car,Minor injury,Over speed,Four lanes or more with central divider,Straight road,,Fine,AP09BH 7999,P.V,Non injured ,3
10.03.2017,5:50 AM,1343.5,RHS,Rural,Dagadarthi,Rear End Collision,Car hit Lorry ,Car,Minor injury,Over speed,Four lanes or more with central divider,Straight road,,Fine,AP09BH 7999,P.V,Animals affected,0
10.03.2017,8:40 AM,1208.6,RHS,Rural,Reningavaram,Collision Brush/Side Wipe,Car hit Median,Car,Minor injury,Fault of driver of motor vehicle/driver of other vehicle/cyclist/pedestrian/passenger,Four lanes or more with central divider,Straight road,,Fine,AP26AH 9028              ,P.V & A.M.B,Fatal,0
10.03.2017,8:40 AM,1208.6,RHS,Rural,Reningavaram,Collision Brush/Side Wipe,Car hit Median,Car,Minor injury,Fault of driver of motor vehicle/driver of other vehicle/cyclist/pedestrian/passenger,Four lanes or more with central divider,Straight road,,Fine,AP26AH 9028              ,P.V & A.M.B,Grevious,0
10.03.2017,8:40 AM,1208.6,RHS,Rural,Reningavaram,Collision Brush/Side Wipe,Car hit Median,Car,Minor injury,Fault of driver of motor vehicle/driver of other vehicle/cyclist/pedestrian/passenger,Four lanes or more with central divider,Straight road,,Fine,AP26AH 9028              ,P.V & A.M.B,Minor,1
10.03.2017,8:40 AM,1208.6,RHS,Rural,Reningavaram,Collision Brush/Side Wipe,Car hit Median,Car,Minor injury,Fault of driver of motor vehicle/driver of other vehicle/cyclist/pedestrian/passenger,Four lanes or more with central divider,Straight road,,Fine,AP26AH 9028              ,P.V & A.M.B,Non injured ,0
10.03.2017,8:40 AM,1208.6,RHS,Rural,Reningavaram,Collision Brush/Side Wipe,Car hit Median,Car,Minor injury,Fault of driver of motor vehicle/driver of other vehicle/cyclist/pedestrian/passenger,Four lanes or more with central divider,Straight road,,Fine,AP26AH 9028              ,P.V & A.M.B,Animals affected,0
10.03.2017,8:41 AM,1208.5,LHS,Rural,Reningavaram,Collision Brush/Side Wipe,Car hit Median,Car,Minor injury,Fault of driver of motor vehicle/driver of other vehicle/cyclist/pedestrian/passenger,Four lanes or more with central divider,Straight road,,Fine,AP09D 1121,P.V & A.M.B,Fatal,0
10.03.2017,8:41 AM,1208.5,LHS,Rural,Reningavaram,Collision Brush/Side Wipe,Car hit Median,Car,Minor injury,Fault of driver of motor vehicle/driver of other vehicle/cyclist/pedestrian/passenger,Four lanes or more with central divider,Straight road,,Fine,AP09D 1121,P.V & A.M.B,Grevious,0
10.03.2017,8:41 AM,1208.5,LHS,Rural,Reningavaram,Collision Brush/Side Wipe,Car hit Median,Car,Minor injury,Fault of driver of motor vehicle/driver of other vehicle/cyclist/pedestrian/passenger,Four lanes or more with central divider,Straight road,,Fine,AP09D 1121,P.V & A.M.B,Minor,1
10.03.2017,8:41 AM,1208.5,LHS,Rural,Reningavaram,Collision Brush/Side Wipe,Car hit Median,Car,Minor injury,Fault of driver of motor vehicle/driver of other vehicle/cyclist/pedestrian/passenger,Four lanes or more with central divider,Straight road,,Fine,AP09D 1121,P.V & A.M.B,Non injured ,0
10.03.2017,8:41 AM,1208.5,LHS,Rural,Reningavaram,Collision Brush/Side Wipe,Car hit Median,Car,Minor injury,Fault of driver of motor vehicle/driver of other vehicle/cyclist/pedestrian/passenger,Four lanes or more with central divider,Straight road,,Fine,AP09D 1121,P.V & A.M.B,Animals affected,0
11.03.2017,3:10 PM,1353,RHS,Rural,Kodavaluru,Rear End Collision, Trailler vehicle hit Tractor ,Trailler,Minor injury,Over speed,Four lanes or more with central divider,Straight road,,Fine,AP27TU  9299,P.V,Fatal,0
11.03.2017,3:10 PM,1353,RHS,Rural,Kodavaluru,Rear End Collision, Trailler vehicle hit Tractor ,Trailler,Minor injury,Over speed,Four lanes or more with central divider,Straight road,,Fine,AP27TU  9299,P.V,Grevious,0
11.03.2017,3:10 PM,1353,RHS,Rural,Kodavaluru,Rear End Collision, Trailler vehicle hit Tractor ,Trailler,Minor injury,Over speed,Four lanes or more with central divider,Straight road,,Fine,AP27TU  9299,P.V,Minor,1
11.03.2017,3:10 PM,1353,RHS,Rural,Kodavaluru,Rear End Collision, Trailler vehicle hit Tractor ,Trailler,Minor injury,Over speed,Four lanes or more with central divider,Straight road,,Fine,AP27TU  9299,P.V,Non injured ,3
11.03.2017,3:10 PM,1353,RHS,Rural,Kodavaluru,Rear End Collision, Trailler vehicle hit Tractor ,Trailler,Minor injury,Over speed,Four lanes or more with central divider,Straight road,,Fine,AP27TU  9299,P.V,Animals affected,0
11.03.2017,10:45 PM,1338.2,RHS,Rural,Dagadarthi,Rear End Collision, Travels Bus hit Unknown vehicle,Bus,Minor injury,Over speed,Four lanes or more with central divider,Straight road,,Fine,AP26TC  9529,P.V & A.M.B,Fatal,0
11.03.2017,10:45 PM,1338.2,RHS,Rural,Dagadarthi,Rear End Collision, Travels Bus hit Unknown vehicle,Bus,Minor injury,Over speed,Four lanes or more with central divider,Straight road,,Fine,AP26TC  9529,P.V & A.M.B,Grevious,0
11.03.2017,10:45 PM,1338.2,RHS,Rural,Dagadarthi,Rear End Collision, Travels Bus hit Unknown vehicle,Bus,Minor injury,Over speed,Four lanes or more with central divider,Straight road,,Fine,AP26TC  9529,P.V & A.M.B,Minor,4
11.03.2017,10:45 PM,1338.2,RHS,Rural,Dagadarthi,Rear End Collision, Travels Bus hit Unknown vehicle,Bus,Minor injury,Over speed,Four lanes or more with central divider,Straight road,,Fine,AP26TC  9529,P.V & A.M.B,Non injured ,19
11.03.2017,10:45 PM,1338.2,RHS,Rural,Dagadarthi,Rear End Collision, Travels Bus hit Unknown vehicle,Bus,Minor injury,Over speed,Four lanes or more with central divider,Straight road,,Fine,AP26TC  9529,P.V & A.M.B,Animals affected,0
13.03.2017,5:35 PM,1199.7,LHS,Rural,Reningavaram,Collision Brush/Side Wipe, Bike hit CC Barrier,Bike,Minor injury,Druken,Four lanes or more with central divider,Straight road,,Fine,F/R Bike ,A.M.B,Fatal,0
13.03.2017,5:35 PM,1199.7,LHS,Rural,Reningavaram,Collision Brush/Side Wipe, Bike hit CC Barrier,Bike,Minor injury,Druken,Four lanes or more with central divider,Straight road,,Fine,F/R Bike ,A.M.B,Grevious,0
13.03.2017,5:35 PM,1199.7,LHS,Rural,Reningavaram,Collision Brush/Side Wipe, Bike hit CC Barrier,Bike,Minor injury,Druken,Four lanes or more with central divider,Straight road,,Fine,F/R Bike ,A.M.B,Minor,1
13.03.2017,5:35 PM,1199.7,LHS,Rural,Reningavaram,Collision Brush/Side Wipe, Bike hit CC Barrier,Bike,Minor injury,Druken,Four lanes or more with central divider,Straight road,,Fine,F/R Bike ,A.M.B,Non injured ,0
13.03.2017,5:35 PM,1199.7,LHS,Rural,Reningavaram,Collision Brush/Side Wipe, Bike hit CC Barrier,Bike,Minor injury,Druken,Four lanes or more with central divider,Straight road,,Fine,F/R Bike ,A.M.B,Animals affected,0
13.03.2017,6:05 PM,1252.7,RHS,Rural,Ongole,Collision Brush/Side Wipe, Lorry hit Car,Lorry,Non injury,Fault of driver of motor vehicle/driver of other vehicle/cyclist/pedestrian/passenger,Four lanes or more with central divider,Straight road,,Fine,AP27TT 2499,P.V,Fatal,0
13.03.2017,6:05 PM,1252.7,RHS,Rural,Ongole,Collision Brush/Side Wipe, Lorry hit Car,Lorry,Non injury,Fault of driver of motor vehicle/driver of other vehicle/cyclist/pedestrian/passenger,Four lanes or more with central divider,Straight road,,Fine,AP27TT 2499,P.V,Grevious,0
13.03.2017,6:05 PM,1252.7,RHS,Rural,Ongole,Collision Brush/Side Wipe, Lorry hit Car,Lorry,Non injury,Fault of driver of motor vehicle/driver of other vehicle/cyclist/pedestrian/passenger,Four lanes or more with central divider,Straight road,,Fine,AP27TT 2499,P.V,Minor,0
13.03.2017,6:05 PM,1252.7,RHS,Rural,Ongole,Collision Brush/Side Wipe, Lorry hit Car,Lorry,Non injury,Fault of driver of motor vehicle/driver of other vehicle/cyclist/pedestrian/passenger,Four lanes or more with central divider,Straight road,,Fine,AP27TT 2499,P.V,Non injured ,3
13.03.2017,6:05 PM,1252.7,RHS,Rural,Ongole,Collision Brush/Side Wipe, Lorry hit Car,Lorry,Non injury,Fault of driver of motor vehicle/driver of other vehicle/cyclist/pedestrian/passenger,Four lanes or more with central divider,Straight road,,Fine,AP27TT 2499,P.V,Animals affected,0
16.03.2017,11:45 AM,1203.1,RHS,Rural,Reningavaram,Head on collision,TVS XL  Moped hit Bike.,Bike,Grievious injury,Fault of driver of motor vehicle/driver of other vehicle/cyclist/pedestrian/passenger,Four lanes or more with central divider,Straight road,,Fine,AP27AT 5699,A.M.B,Fatal,0
16.03.2017,11:45 AM,1203.1,RHS,Rural,Reningavaram,Head on collision,TVS XL  Moped hit Bike.,Bike,Grievious injury,Fault of driver of motor vehicle/driver of other vehicle/cyclist/pedestrian/passenger,Four lanes or more with central divider,Straight road,,Fine,AP27AT 5699,A.M.B,Grevious,2
16.03.2017,11:45 AM,1203.1,RHS,Rural,Reningavaram,Head on collision,TVS XL  Moped hit Bike.,Bike,Grievious injury,Fault of driver of motor vehicle/driver of other vehicle/cyclist/pedestrian/passenger,Four lanes or more with central divider,Straight road,,Fine,AP27AT 5699,A.M.B,Minor,0
16.03.2017,11:45 AM,1203.1,RHS,Rural,Reningavaram,Head on collision,TVS XL  Moped hit Bike.,Bike,Grievious injury,Fault of driver of motor vehicle/driver of other vehicle/cyclist/pedestrian/passenger,Four lanes or more with central divider,Straight road,,Fine,AP27AT 5699,A.M.B,Non injured ,0
16.03.2017,11:45 AM,1203.1,RHS,Rural,Reningavaram,Head on collision,TVS XL  Moped hit Bike.,Bike,Grievious injury,Fault of driver of motor vehicle/driver of other vehicle/cyclist/pedestrian/passenger,Four lanes or more with central divider,Straight road,,Fine,AP27AT 5699,A.M.B,Animals affected,0
16.03.2017,3:10 PM,1353.9,RHS,Rural,Kodavaluru,Collision Brush/Side Wipe,Car hit Trailer Lorry. ,Car,Grievious injury,Fault of driver of motor vehicle/driver of other vehicle/cyclist/pedestrian/passenger,Four lanes or more with central divider,Straight road,,Fine,AP27TX 3944,P.V,Fatal,0
16.03.2017,3:10 PM,1353.9,RHS,Rural,Kodavaluru,Collision Brush/Side Wipe,Car hit Trailer Lorry. ,Car,Grievious injury,Fault of driver of motor vehicle/driver of other vehicle/cyclist/pedestrian/passenger,Four lanes or more with central divider,Straight road,,Fine,AP27TX 3944,P.V,Grevious,1
16.03.2017,3:10 PM,1353.9,RHS,Rural,Kodavaluru,Collision Brush/Side Wipe,Car hit Trailer Lorry. ,Car,Grievious injury,Fault of driver of motor vehicle/driver of other vehicle/cyclist/pedestrian/passenger,Four lanes or more with central divider,Straight road,,Fine,AP27TX 3944,P.V,Minor,0
16.03.2017,3:10 PM,1353.9,RHS,Rural,Kodavaluru,Collision Brush/Side Wipe,Car hit Trailer Lorry. ,Car,Grievious injury,Fault of driver of motor vehicle/driver of other vehicle/cyclist/pedestrian/passenger,Four lanes or more with central divider,Straight road,,Fine,AP27TX 3944,P.V,Non injured ,6
16.03.2017,3:10 PM,1353.9,RHS,Rural,Kodavaluru,Collision Brush/Side Wipe,Car hit Trailer Lorry. ,Car,Grievious injury,Fault of driver of motor vehicle/driver of other vehicle/cyclist/pedestrian/passenger,Four lanes or more with central divider,Straight road,,Fine,AP27TX 3944,P.V,Animals affected,0
17.03.2017,1:56 AM,1198.1,LHS,Rural,Martur,Rear End Collision,Lorry hit Lorry,Lorry,Grievious injury,Over speed,Four lanes or more with central divider,Straight road,,Fine,AP29TB 3648,P.V & A.M.B,Fatal,0
17.03.2017,1:56 AM,1198.1,LHS,Rural,Martur,Rear End Collision,Lorry hit Lorry,Lorry,Grievious injury,Over speed,Four lanes or more with central divider,Straight road,,Fine,AP29TB 3648,P.V & A.M.B,Grevious,2
17.03.2017,1:56 AM,1198.1,LHS,Rural,Martur,Rear End Collision,Lorry hit Lorry,Lorry,Grievious injury,Over speed,Four lanes or more with central divider,Straight road,,Fine,AP29TB 3648,P.V & A.M.B,Minor,0
17.03.2017,1:56 AM,1198.1,LHS,Rural,Martur,Rear End Collision,Lorry hit Lorry,Lorry,Grievious injury,Over speed,Four lanes or more with central divider,Straight road,,Fine,AP29TB 3648,P.V & A.M.B,Non injured ,2
17.03.2017,1:56 AM,1198.1,LHS,Rural,Martur,Rear End Collision,Lorry hit Lorry,Lorry,Grievious injury,Over speed,Four lanes or more with central divider,Straight road,,Fine,AP29TB 3648,P.V & A.M.B,Animals affected,0
17.03.2017,2:30 AM,1313.3,LHS,Rural,Kavali,Collision Brush/Side Wipe,RTC Bus  hit Container Lorry. ,Bus,Non injury,Fault of driver of motor vehicle/driver of other vehicle/cyclist/pedestrian/passenger,Four lanes or more with central divider,Straight road,,Fine,AP04Z 2121,P.V,Fatal,0
17.03.2017,2:30 AM,1313.3,LHS,Rural,Kavali,Collision Brush/Side Wipe,RTC Bus  hit Container Lorry. ,Bus,Non injury,Fault of driver of motor vehicle/driver of other vehicle/cyclist/pedestrian/passenger,Four lanes or more with central divider,Straight road,,Fine,AP04Z 2121,P.V,Grevious,0
17.03.2017,2:30 AM,1313.3,LHS,Rural,Kavali,Collision Brush/Side Wipe,RTC Bus  hit Container Lorry. ,Bus,Non injury,Fault of driver of motor vehicle/driver of other vehicle/cyclist/pedestrian/passenger,Four lanes or more with central divider,Straight road,,Fine,AP04Z 2121,P.V,Minor,0
17.03.2017,2:30 AM,1313.3,LHS,Rural,Kavali,Collision Brush/Side Wipe,RTC Bus  hit Container Lorry. ,Bus,Non injury,Fault of driver of motor vehicle/driver of other vehicle/cyclist/pedestrian/passenger,Four lanes or more with central divider,Straight road,,Fine,AP04Z 2121,P.V,Non injured ,36
17.03.2017,2:30 AM,1313.3,LHS,Rural,Kavali,Collision Brush/Side Wipe,RTC Bus  hit Container Lorry. ,Bus,Non injury,Fault of driver of motor vehicle/driver of other vehicle/cyclist/pedestrian/passenger,Four lanes or more with central divider,Straight road,,Fine,AP04Z 2121,P.V,Animals affected,0
17.03.2017,4:10 AM,1224,RHS,Rural,Medarametla,Rear End Collision,Lorry hit Lorry,Lorry,Grievious injury,Fault of driver of motor vehicle/driver of other vehicle/cyclist/pedestrian/passenger,Four lanes or more with central divider,Straight road,,Fine,AP37 TA 5799,P.V & A.M.B,Fatal,0
17.03.2017,4:10 AM,1224,RHS,Rural,Medarametla,Rear End Collision,Lorry hit Lorry,Lorry,Grievious injury,Fault of driver of motor vehicle/driver of other vehicle/cyclist/pedestrian/passenger,Four lanes or more with central divider,Straight road,,Fine,AP37 TA 5799,P.V & A.M.B,Grevious,1
17.03.2017,4:10 AM,1224,RHS,Rural,Medarametla,Rear End Collision,Lorry hit Lorry,Lorry,Grievious injury,Fault of driver of motor vehicle/driver of other vehicle/cyclist/pedestrian/passenger,Four lanes or more with central divider,Straight road,,Fine,AP37 TA 5799,P.V & A.M.B,Minor,1
17.03.2017,4:10 AM,1224,RHS,Rural,Medarametla,Rear End Collision,Lorry hit Lorry,Lorry,Grievious injury,Fault of driver of motor vehicle/driver of other vehicle/cyclist/pedestrian/passenger,Four lanes or more with central divider,Straight road,,Fine,AP37 TA 5799,P.V & A.M.B,Non injured ,2
17.03.2017,4:10 AM,1224,RHS,Rural,Medarametla,Rear End Collision,Lorry hit Lorry,Lorry,Grievious injury,Fault of driver of motor vehicle/driver of other vehicle/cyclist/pedestrian/passenger,Four lanes or more with central divider,Straight road,,Fine,AP37 TA 5799,P.V & A.M.B,Animals affected,0
18.03.2017,12:01 AM,1239.6,LHS,Rural,Ongole,Collision Brush/Side Wipe, Lorry hit Bike,Lorry,Fatal,Fault of driver of motor vehicle/driver of other vehicle/cyclist/pedestrian/passenger,Four lanes or more with central divider,Straight road,,Fine,AP05TF 0145,P.V,Fatal,1
18.03.2017,12:01 AM,1239.6,LHS,Rural,Ongole,Collision Brush/Side Wipe, Lorry hit Bike,Lorry,Fatal,Fault of driver of motor vehicle/driver of other vehicle/cyclist/pedestrian/passenger,Four lanes or more with central divider,Straight road,,Fine,AP05TF 0145,P.V,Grevious,0
18.03.2017,12:01 AM,1239.6,LHS,Rural,Ongole,Collision Brush/Side Wipe, Lorry hit Bike,Lorry,Fatal,Fault of driver of motor vehicle/driver of other vehicle/cyclist/pedestrian/passenger,Four lanes or more with central divider,Straight road,,Fine,AP05TF 0145,P.V,Minor,0
18.03.2017,12:01 AM,1239.6,LHS,Rural,Ongole,Collision Brush/Side Wipe, Lorry hit Bike,Lorry,Fatal,Fault of driver of motor vehicle/driver of other vehicle/cyclist/pedestrian/passenger,Four lanes or more with central divider,Straight road,,Fine,AP05TF 0145,P.V,Non injured ,0
18.03.2017,12:01 AM,1239.6,LHS,Rural,Ongole,Collision Brush/Side Wipe, Lorry hit Bike,Lorry,Fatal,Fault of driver of motor vehicle/driver of other vehicle/cyclist/pedestrian/passenger,Four lanes or more with central divider,Straight road,,Fine,AP05TF 0145,P.V,Animals affected,0
18.03.2017,4:40 PM,1358.4,RHS,Rural,Kodavaluru,Collision Brush/Side Wipe, Tractor hit Ape Auto,Tractor,Grievious injury,Fault of driver of motor vehicle/driver of other vehicle/cyclist/pedestrian/passenger,Four lanes or more with central divider,Straight road,,Fine,AP04W  0873,P.V,Fatal,0
18.03.2017,4:40 PM,1358.4,RHS,Rural,Kodavaluru,Collision Brush/Side Wipe, Tractor hit Ape Auto,Tractor,Grievious injury,Fault of driver of motor vehicle/driver of other vehicle/cyclist/pedestrian/passenger,Four lanes or more with central divider,Straight road,,Fine,AP04W  0873,P.V,Grevious,1
18.03.2017,4:40 PM,1358.4,RHS,Rural,Kodavaluru,Collision Brush/Side Wipe, Tractor hit Ape Auto,Tractor,Grievious injury,Fault of driver of motor vehicle/driver of other vehicle/cyclist/pedestrian/passenger,Four lanes or more with central divider,Straight road,,Fine,AP04W  0873,P.V,Minor,1
18.03.2017,4:40 PM,1358.4,RHS,Rural,Kodavaluru,Collision Brush/Side Wipe, Tractor hit Ape Auto,Tractor,Grievious injury,Fault of driver of motor vehicle/driver of other vehicle/cyclist/pedestrian/passenger,Four lanes or more with central divider,Straight road,,Fine,AP04W  0873,P.V,Non injured ,0
18.03.2017,4:40 PM,1358.4,RHS,Rural,Kodavaluru,Collision Brush/Side Wipe, Tractor hit Ape Auto,Tractor,Grievious injury,Fault of driver of motor vehicle/driver of other vehicle/cyclist/pedestrian/passenger,Four lanes or more with central divider,Straight road,,Fine,AP04W  0873,P.V,Animals affected,0
19.03.2017,4:30 PM,1356.9,LHS,Rural,Kodavaluru,Rear End Collision, Bolero Camper Vehicle hit Gas Tanker ,Car,Non injury,Over speed,Four lanes or more with central divider,Straight road,,Fine,AP21TU 9348,P.V,Fatal,0
19.03.2017,4:30 PM,1356.9,LHS,Rural,Kodavaluru,Rear End Collision, Bolero Camper Vehicle hit Gas Tanker ,Car,Non injury,Over speed,Four lanes or more with central divider,Straight road,,Fine,AP21TU 9348,P.V,Grevious,0