Operational date,Time of Accident,KM && M,Position,Rural/Urban,Location,Nature of Accident Position,Nature of Accident,Vehicle Involved,Type of Accident,Causes,Road Feature,Road condition,Intersection Type And Control,Weather Condition,Vehicle Responsible,Help Provided by Ambulance/Patroling Vehicle,Classification of Accident,No of Affected Persons
19.03.2017,4:30 PM,1356.9,LHS,Rural,Kodavaluru,Rear End Collision, Bolero Camper Vehicle hit Gas Tanker ,Car,Non injury,Over speed,Four lanes or more with central divider,Straight road,,Fine,AP21TU 9348,P.V,Minor,0
19.03.2017,4:30 PM,1356.9,LHS,Rural,Kodavaluru,Rear End Collision, Bolero Camper Vehicle hit Gas Tanker ,Car,Non injury,Over speed,Four lanes or more with central divider,Straight road,,Fine,AP21TU 9348,P.V,Non injured ,2
19.03.2017,4:30 PM,1356.9,LHS,Rural,Kodavaluru,Rear End Collision, Bolero Camper Vehicle hit Gas Tanker ,Car,Non injury,Over speed,Four lanes or more with central divider,Straight road,,Fine,AP21TU 9348,P.V,Animals affected,0
20.03.2017,2:30 AM,1204.1,RHS,Rural,Reningavaram,Rear End Collision, Lorry hit Lorry ,Lorry,Grievious injury,Fault of driver of motor vehicle/driver of other vehicle/cyclist/pedestrian/passenger,Four lanes or more with central divider,Straight road,,Fine,TN47AH   5643,A.M.B & P.V,Fatal,0
20.03.2017,2:30 AM,1204.1,RHS,Rural,Reningavaram,Rear End Collision, Lorry hit Lorry ,Lorry,Grievious injury,Fault of driver of motor vehicle/driver of other vehicle/cyclist/pedestrian/passenger,Four lanes or more with central divider,Straight road,,Fine,TN47AH   5643,A.M.B & P.V,Grevious,1
20.03.2017,2:30 AM,1204.1,RHS,Rural,Reningavaram,Rear End Collision, Lorry hit Lorry ,Lorry,Grievious injury,Fault of driver of motor vehicle/driver of other vehicle/cyclist/pedestrian/passenger,Four lanes or more with central divider,Straight road,,Fine,TN47AH   5643,A.M.B & P.V,Minor,0
20.03.2017,2:30 AM,1204.1,RHS,Rural,Reningavaram,Rear End Collision, Lorry hit Lorry ,Lorry,Grievious injury,Fault of driver of motor vehicle/driver of other vehicle/cyclist/pedestrian/passenger,Four lanes or more with central divider,Straight road,,Fine,TN47AH   5643,A.M.B & P.V,Non injured ,0
20.03.2017,2:30 AM,1204.1,RHS,Rural,Reningavaram,Rear End Collision, Lorry hit Lorry ,Lorry,Grievious injury,Fault of driver of motor vehicle/driver of other vehicle/cyclist/pedestrian/passenger,Four lanes or more with central divider,Straight road,,Fine,TN47AH   5643,A.M.B & P.V,Animals affected,0
20.03.2017,4:30 AM,1316.5,LHS,Rural,Kavali,Overturning, Lorry overturned,Lorry,Grievious injury,Fault of driver of motor vehicle/driver of other vehicle/cyclist/pedestrian/passenger,Four lanes or more with central divider,Straight road,,Fine,TN69AL   0594,P.V,Fatal,0
20.03.2017,4:30 AM,1316.5,LHS,Rural,Kavali,Overturning, Lorry overturned,Lorry,Grievious injury,Fault of driver of motor vehicle/driver of other vehicle/cyclist/pedestrian/passenger,Four lanes or more with central divider,Straight road,,Fine,TN69AL   0594,P.V,Grevious,1
20.03.2017,4:30 AM,1316.5,LHS,Rural,Kavali,Overturning, Lorry overturned,Lorry,Grievious injury,Fault of driver of motor vehicle/driver of other vehicle/cyclist/pedestrian/passenger,Four lanes or more with central divider,Straight road,,Fine,TN69AL   0594,P.V,Minor,0
20.03.2017,4:30 AM,1316.5,LHS,Rural,Kavali,Overturning, Lorry overturned,Lorry,Grievious injury,Fault of driver of motor vehicle/driver of other vehicle/cyclist/pedestrian/passenger,Four lanes or more with central divider,Straight road,,Fine,TN69AL   0594,P.V,Non injured ,0
20.03.2017,4:30 AM,1316.5,LHS,Rural,Kavali,Overturning, Lorry overturned,Lorry,Grievious injury,Fault of driver of motor vehicle/driver of other vehicle/cyclist/pedestrian/passenger,Four lanes or more with central divider,Straight road,,Fine,TN69AL   0594,P.V,Animals affected,0
20.03.2017,6:50 AM,1206.9,RHS,Rural,Reningavaram,Collision Brush/Side Wipe, Bike hit median,Bike,Grievious injury,Over speed,Four lanes or more with central divider,Straight road,,Fine,AP07BD  1137,A.M.B & P.V,Fatal,0
20.03.2017,6:50 AM,1206.9,RHS,Rural,Reningavaram,Collision Brush/Side Wipe, Bike hit median,Bike,Grievious injury,Over speed,Four lanes or more with central divider,Straight road,,Fine,AP07BD  1137,A.M.B & P.V,Grevious,1
20.03.2017,6:50 AM,1206.9,RHS,Rural,Reningavaram,Collision Brush/Side Wipe, Bike hit median,Bike,Grievious injury,Over speed,Four lanes or more with central divider,Straight road,,Fine,AP07BD  1137,A.M.B & P.V,Minor,2
20.03.2017,6:50 AM,1206.9,RHS,Rural,Reningavaram,Collision Brush/Side Wipe, Bike hit median,Bike,Grievious injury,Over speed,Four lanes or more with central divider,Straight road,,Fine,AP07BD  1137,A.M.B & P.V,Non injured ,0
20.03.2017,6:50 AM,1206.9,RHS,Rural,Reningavaram,Collision Brush/Side Wipe, Bike hit median,Bike,Grievious injury,Over speed,Four lanes or more with central divider,Straight road,,Fine,AP07BD  1137,A.M.B & P.V,Animals affected,0
21.03.2017,1:25 AM,1277.6,LHS,Rural,Singarayakonda,Collision Brush/Side Wipe, Car hit VUP Safety wall,Car,Grievious injury,Fault of driver of motor vehicle/driver of other vehicle/cyclist/pedestrian/passenger,Four lanes or more with central divider,Straight road,,Fine,AP07DA 3565 ,P.V,Fatal,0
21.03.2017,1:25 AM,1277.6,LHS,Rural,Singarayakonda,Collision Brush/Side Wipe, Car hit VUP Safety wall,Car,Grievious injury,Fault of driver of motor vehicle/driver of other vehicle/cyclist/pedestrian/passenger,Four lanes or more with central divider,Straight road,,Fine,AP07DA 3565 ,P.V,Grevious,2
21.03.2017,1:25 AM,1277.6,LHS,Rural,Singarayakonda,Collision Brush/Side Wipe, Car hit VUP Safety wall,Car,Grievious injury,Fault of driver of motor vehicle/driver of other vehicle/cyclist/pedestrian/passenger,Four lanes or more with central divider,Straight road,,Fine,AP07DA 3565 ,P.V,Minor,0
21.03.2017,1:25 AM,1277.6,LHS,Rural,Singarayakonda,Collision Brush/Side Wipe, Car hit VUP Safety wall,Car,Grievious injury,Fault of driver of motor vehicle/driver of other vehicle/cyclist/pedestrian/passenger,Four lanes or more with central divider,Straight road,,Fine,AP07DA 3565 ,P.V,Non injured ,3
21.03.2017,1:25 AM,1277.6,LHS,Rural,Singarayakonda,Collision Brush/Side Wipe, Car hit VUP Safety wall,Car,Grievious injury,Fault of driver of motor vehicle/driver of other vehicle/cyclist/pedestrian/passenger,Four lanes or more with central divider,Straight road,,Fine,AP07DA 3565 ,P.V,Animals affected,0
22.03.2017,5:10 AM,1277.6,LHS,Rural,Singarayakonda,Collision Brush/Side Wipe, Car hit VUP Safety wall,Car,Non injury,Fault of driver of motor vehicle/driver of other vehicle/cyclist/pedestrian/passenger,Four lanes or more with central divider,Straight road,,Fine,AP16TX 5373,P.V,Fatal,0
22.03.2017,5:10 AM,1277.6,LHS,Rural,Singarayakonda,Collision Brush/Side Wipe, Car hit VUP Safety wall,Car,Non injury,Fault of driver of motor vehicle/driver of other vehicle/cyclist/pedestrian/passenger,Four lanes or more with central divider,Straight road,,Fine,AP16TX 5373,P.V,Grevious,0
22.03.2017,5:10 AM,1277.6,LHS,Rural,Singarayakonda,Collision Brush/Side Wipe, Car hit VUP Safety wall,Car,Non injury,Fault of driver of motor vehicle/driver of other vehicle/cyclist/pedestrian/passenger,Four lanes or more with central divider,Straight road,,Fine,AP16TX 5373,P.V,Minor,0
22.03.2017,5:10 AM,1277.6,LHS,Rural,Singarayakonda,Collision Brush/Side Wipe, Car hit VUP Safety wall,Car,Non injury,Fault of driver of motor vehicle/driver of other vehicle/cyclist/pedestrian/passenger,Four lanes or more with central divider,Straight road,,Fine,AP16TX 5373,P.V,Non injured ,2
22.03.2017,5:10 AM,1277.6,LHS,Rural,Singarayakonda,Collision Brush/Side Wipe, Car hit VUP Safety wall,Car,Non injury,Fault of driver of motor vehicle/driver of other vehicle/cyclist/pedestrian/passenger,Four lanes or more with central divider,Straight road,,Fine,AP16TX 5373,P.V,Animals affected,0
22.03.2017,6:25 AM,1273.3,RHS,Rural,Singarayakonda,Collision Brush/Side Wipe, Unknown Vehicle hit Pedestrian ,Unknown,Fatal,Over speed,Four lanes or more with central divider,Straight road,,Fine,Unknown Vehicle,P.V,Fatal,1
22.03.2017,6:25 AM,1273.3,RHS,Rural,Singarayakonda,Collision Brush/Side Wipe, Unknown Vehicle hit Pedestrian ,Unknown,Fatal,Over speed,Four lanes or more with central divider,Straight road,,Fine,Unknown Vehicle,P.V,Grevious,0
22.03.2017,6:25 AM,1273.3,RHS,Rural,Singarayakonda,Collision Brush/Side Wipe, Unknown Vehicle hit Pedestrian ,Unknown,Fatal,Over speed,Four lanes or more with central divider,Straight road,,Fine,Unknown Vehicle,P.V,Minor,0
22.03.2017,6:25 AM,1273.3,RHS,Rural,Singarayakonda,Collision Brush/Side Wipe, Unknown Vehicle hit Pedestrian ,Unknown,Fatal,Over speed,Four lanes or more with central divider,Straight road,,Fine,Unknown Vehicle,P.V,Non injured ,0
22.03.2017,6:25 AM,1273.3,RHS,Rural,Singarayakonda,Collision Brush/Side Wipe, Unknown Vehicle hit Pedestrian ,Unknown,Fatal,Over speed,Four lanes or more with central divider,Straight road,,Fine,Unknown Vehicle,P.V,Animals affected,0
22.03.2017,6:50 PM,1244.9,LHS,Urban,Ongole,Collision Brush/Side Wipe, Trailer Vehicle hit Tractor,Trailler,Non injury,Fault of driver of motor vehicle/driver of other vehicle/cyclist/pedestrian/passenger,Four lanes or more with central divider,Straight road,,Fine,NL01Q   6739,P.V,Fatal,0
22.03.2017,6:50 PM,1244.9,LHS,Urban,Ongole,Collision Brush/Side Wipe, Trailer Vehicle hit Tractor,Trailler,Non injury,Fault of driver of motor vehicle/driver of other vehicle/cyclist/pedestrian/passenger,Four lanes or more with central divider,Straight road,,Fine,NL01Q   6739,P.V,Grevious,0
22.03.2017,6:50 PM,1244.9,LHS,Urban,Ongole,Collision Brush/Side Wipe, Trailer Vehicle hit Tractor,Trailler,Non injury,Fault of driver of motor vehicle/driver of other vehicle/cyclist/pedestrian/passenger,Four lanes or more with central divider,Straight road,,Fine,NL01Q   6739,P.V,Minor,0
22.03.2017,6:50 PM,1244.9,LHS,Urban,Ongole,Collision Brush/Side Wipe, Trailer Vehicle hit Tractor,Trailler,Non injury,Fault of driver of motor vehicle/driver of other vehicle/cyclist/pedestrian/passenger,Four lanes or more with central divider,Straight road,,Fine,NL01Q   6739,P.V,Non injured ,2
22.03.2017,6:50 PM,1244.9,LHS,Urban,Ongole,Collision Brush/Side Wipe, Trailer Vehicle hit Tractor,Trailler,Non injury,Fault of driver of motor vehicle/driver of other vehicle/cyclist/pedestrian/passenger,Four lanes or more with central divider,Straight road,,Fine,NL01Q   6739,P.V,Animals affected,0
23.03.2017,11:35 AM,1337.2,RHS,Rural,K.Tippa ,Rear End Collision, Lorry  hit RTC Bus,Lorry,Non injury,Fault of driver of motor vehicle/driver of other vehicle/cyclist/pedestrian/passenger,Four lanes or more with central divider,Straight road,,Fine,TS02UA 2349,P.V,Fatal,0
23.03.2017,11:35 AM,1337.2,RHS,Rural,K.Tippa ,Rear End Collision, Lorry  hit RTC Bus,Lorry,Non injury,Fault of driver of motor vehicle/driver of other vehicle/cyclist/pedestrian/passenger,Four lanes or more with central divider,Straight road,,Fine,TS02UA 2349,P.V,Grevious,0
23.03.2017,11:35 AM,1337.2,RHS,Rural,K.Tippa ,Rear End Collision, Lorry  hit RTC Bus,Lorry,Non injury,Fault of driver of motor vehicle/driver of other vehicle/cyclist/pedestrian/passenger,Four lanes or more with central divider,Straight road,,Fine,TS02UA 2349,P.V,Minor,0
23.03.2017,11:35 AM,1337.2,RHS,Rural,K.Tippa ,Rear End Collision, Lorry  hit RTC Bus,Lorry,Non injury,Fault of driver of motor vehicle/driver of other vehicle/cyclist/pedestrian/passenger,Four lanes or more with central divider,Straight road,,Fine,TS02UA 2349,P.V,Non injured ,32
23.03.2017,11:35 AM,1337.2,RHS,Rural,K.Tippa ,Rear End Collision, Lorry  hit RTC Bus,Lorry,Non injury,Fault of driver of motor vehicle/driver of other vehicle/cyclist/pedestrian/passenger,Four lanes or more with central divider,Straight road,,Fine,TS02UA 2349,P.V,Animals affected,0
23.03.2017,11:42 AM,1249.1,RHS,Urban,Ongole,Collision Brush/Side Wipe, Milk Van hit Pedestrian ,Tanker,Grievious injury,Fault of driver of motor vehicle/driver of other vehicle/cyclist/pedestrian/passenger,Four lanes or more with central divider,Straight road,,Fine,AP27TW 0163,P.V,Fatal,0
23.03.2017,11:42 AM,1249.1,RHS,Urban,Ongole,Collision Brush/Side Wipe, Milk Van hit Pedestrian ,Tanker,Grievious injury,Fault of driver of motor vehicle/driver of other vehicle/cyclist/pedestrian/passenger,Four lanes or more with central divider,Straight road,,Fine,AP27TW 0163,P.V,Grevious,1
23.03.2017,11:42 AM,1249.1,RHS,Urban,Ongole,Collision Brush/Side Wipe, Milk Van hit Pedestrian ,Tanker,Grievious injury,Fault of driver of motor vehicle/driver of other vehicle/cyclist/pedestrian/passenger,Four lanes or more with central divider,Straight road,,Fine,AP27TW 0163,P.V,Minor,0
23.03.2017,11:42 AM,1249.1,RHS,Urban,Ongole,Collision Brush/Side Wipe, Milk Van hit Pedestrian ,Tanker,Grievious injury,Fault of driver of motor vehicle/driver of other vehicle/cyclist/pedestrian/passenger,Four lanes or more with central divider,Straight road,,Fine,AP27TW 0163,P.V,Non injured ,1
23.03.2017,11:42 AM,1249.1,RHS,Urban,Ongole,Collision Brush/Side Wipe, Milk Van hit Pedestrian ,Tanker,Grievious injury,Fault of driver of motor vehicle/driver of other vehicle/cyclist/pedestrian/passenger,Four lanes or more with central divider,Straight road,,Fine,AP27TW 0163,P.V,Animals affected,0
25.03.2017,5:30 AM,1320.8,RHS,Rural,Kavali,Rear End Collision, Lorry hit Cutting machine,Lorry,Non injury,Fault of driver of motor vehicle/driver of other vehicle/cyclist/pedestrian/passenger,Two lanes,Straight road,,Fine,AP16TY  6778,P.V,Fatal,0
25.03.2017,5:30 AM,1320.8,RHS,Rural,Kavali,Rear End Collision, Lorry hit Cutting machine,Lorry,Non injury,Fault of driver of motor vehicle/driver of other vehicle/cyclist/pedestrian/passenger,Two lanes,Straight road,,Fine,AP16TY  6778,P.V,Grevious,0
25.03.2017,5:30 AM,1320.8,RHS,Rural,Kavali,Rear End Collision, Lorry hit Cutting machine,Lorry,Non injury,Fault of driver of motor vehicle/driver of other vehicle/cyclist/pedestrian/passenger,Two lanes,Straight road,,Fine,AP16TY  6778,P.V,Minor,0
25.03.2017,5:30 AM,1320.8,RHS,Rural,Kavali,Rear End Collision, Lorry hit Cutting machine,Lorry,Non injury,Fault of driver of motor vehicle/driver of other vehicle/cyclist/pedestrian/passenger,Two lanes,Straight road,,Fine,AP16TY  6778,P.V,Non injured ,2
25.03.2017,5:30 AM,1320.8,RHS,Rural,Kavali,Rear End Collision, Lorry hit Cutting machine,Lorry,Non injury,Fault of driver of motor vehicle/driver of other vehicle/cyclist/pedestrian/passenger,Two lanes,Straight road,,Fine,AP16TY  6778,P.V,Animals affected,0
25.03.2017,6:10 AM,1243.1,LHS,Rural,Ongole,Overturning,  Mini Lorry overturned,Lorry,Non injury,Defect in mechanical condition of motor vehicle/road condition,Four lanes or more with central divider,Slight curve,,Fine,AP26TF  4325,P.V,Fatal,0
25.03.2017,6:10 AM,1243.1,LHS,Rural,Ongole,Overturning,  Mini Lorry overturned,Lorry,Non injury,Defect in mechanical condition of motor vehicle/road condition,Four lanes or more with central divider,Slight curve,,Fine,AP26TF  4325,P.V,Grevious,0
25.03.2017,6:10 AM,1243.1,LHS,Rural,Ongole,Overturning,  Mini Lorry overturned,Lorry,Non injury,Defect in mechanical condition of motor vehicle/road condition,Four lanes or more with central divider,Slight curve,,Fine,AP26TF  4325,P.V,Minor,0
25.03.2017,6:10 AM,1243.1,LHS,Rural,Ongole,Overturning,  Mini Lorry overturned,Lorry,Non injury,Defect in mechanical condition of motor vehicle/road condition,Four lanes or more with central divider,Slight curve,,Fine,AP26TF  4325,P.V,Non injured ,2
25.03.2017,6:10 AM,1243.1,LHS,Rural,Ongole,Overturning,  Mini Lorry overturned,Lorry,Non injury,Defect in mechanical condition of motor vehicle/road condition,Four lanes or more with central divider,Slight curve,,Fine,AP26TF  4325,P.V,Animals affected,0
25.03.2017,4:20 PM,1235.2,RHS,Rural,Maddipadu,Overturning, Lorry hit Lorry and overturned ,Lorry,Non injury,Over speed,Four lanes or more with central divider,Straight road,T-Junction,Fine,AP24TB  6769,P.V,Fatal,0
25.03.2017,4:20 PM,1235.2,RHS,Rural,Maddipadu,Overturning, Lorry hit Lorry and overturned ,Lorry,Non injury,Over speed,Four lanes or more with central divider,Straight road,T-Junction,Fine,AP24TB  6769,P.V,Grevious,0
25.03.2017,4:20 PM,1235.2,RHS,Rural,Maddipadu,Overturning, Lorry hit Lorry and overturned ,Lorry,Non injury,Over speed,Four lanes or more with central divider,Straight road,T-Junction,Fine,AP24TB  6769,P.V,Minor,0
25.03.2017,4:20 PM,1235.2,RHS,Rural,Maddipadu,Overturning, Lorry hit Lorry and overturned ,Lorry,Non injury,Over speed,Four lanes or more with central divider,Straight road,T-Junction,Fine,AP24TB  6769,P.V,Non injured ,2
25.03.2017,4:20 PM,1235.2,RHS,Rural,Maddipadu,Overturning, Lorry hit Lorry and overturned ,Lorry,Non injury,Over speed,Four lanes or more with central divider,Straight road,T-Junction,Fine,AP24TB  6769,P.V,Animals affected,0
26.03.2017,5:45 AM,1271,RHS,Rural,Jarugumalli,Rear End Collision, Mini Lorry  hit Trally Genarator,Lorry,Non injury,Over speed,Four lanes or more with central divider,Straight road,,Fine,AP16TC  0132,P.V,Fatal,0
26.03.2017,5:45 AM,1271,RHS,Rural,Jarugumalli,Rear End Collision, Mini Lorry  hit Trally Genarator,Lorry,Non injury,Over speed,Four lanes or more with central divider,Straight road,,Fine,AP16TC  0132,P.V,Grevious,0
26.03.2017,5:45 AM,1271,RHS,Rural,Jarugumalli,Rear End Collision, Mini Lorry  hit Trally Genarator,Lorry,Non injury,Over speed,Four lanes or more with central divider,Straight road,,Fine,AP16TC  0132,P.V,Minor,0
26.03.2017,5:45 AM,1271,RHS,Rural,Jarugumalli,Rear End Collision, Mini Lorry  hit Trally Genarator,Lorry,Non injury,Over speed,Four lanes or more with central divider,Straight road,,Fine,AP16TC  0132,P.V,Non injured ,2
26.03.2017,5:45 AM,1271,RHS,Rural,Jarugumalli,Rear End Collision, Mini Lorry  hit Trally Genarator,Lorry,Non injury,Over speed,Four lanes or more with central divider,Straight road,,Fine,AP16TC  0132,P.V,Animals affected,0
26.03.2017,9:00 PM,1214.5,LHS,Rural,Medarametla,Collision Brush/Side Wipe, Bike hit Pedestrian ,Bike,Minor injury,Druken,Four lanes or more with central divider,Straight road,,Fine,AP07BA  9340,A.M.B,Fatal,0
26.03.2017,9:00 PM,1214.5,LHS,Rural,Medarametla,Collision Brush/Side Wipe, Bike hit Pedestrian ,Bike,Minor injury,Druken,Four lanes or more with central divider,Straight road,,Fine,AP07BA  9340,A.M.B,Grevious,0
26.03.2017,9:00 PM,1214.5,LHS,Rural,Medarametla,Collision Brush/Side Wipe, Bike hit Pedestrian ,Bike,Minor injury,Druken,Four lanes or more with central divider,Straight road,,Fine,AP07BA  9340,A.M.B,Minor,1
26.03.2017,9:00 PM,1214.5,LHS,Rural,Medarametla,Collision Brush/Side Wipe, Bike hit Pedestrian ,Bike,Minor injury,Druken,Four lanes or more with central divider,Straight road,,Fine,AP07BA  9340,A.M.B,Non injured ,1
26.03.2017,9:00 PM,1214.5,LHS,Rural,Medarametla,Collision Brush/Side Wipe, Bike hit Pedestrian ,Bike,Minor injury,Druken,Four lanes or more with central divider,Straight road,,Fine,AP07BA  9340,A.M.B,Animals affected,0
27.03.2017,12:01 AM,1340,LHS,Rural,Dagadarthi,Skidding, Bike skidding,Bike,Fatal,Over speed,Four lanes or more with central divider,Straight road,,Fine,AP07AJ   9486,P.V,Fatal,1
27.03.2017,12:01 AM,1340,LHS,Rural,Dagadarthi,Skidding, Bike skidding,Bike,Fatal,Over speed,Four lanes or more with central divider,Straight road,,Fine,AP07AJ   9486,P.V,Grevious,0
27.03.2017,12:01 AM,1340,LHS,Rural,Dagadarthi,Skidding, Bike skidding,Bike,Fatal,Over speed,Four lanes or more with central divider,Straight road,,Fine,AP07AJ   9486,P.V,Minor,0
27.03.2017,12:01 AM,1340,LHS,Rural,Dagadarthi,Skidding, Bike skidding,Bike,Fatal,Over speed,Four lanes or more with central divider,Straight road,,Fine,AP07AJ   9486,P.V,Non injured ,0
27.03.2017,12:01 AM,1340,LHS,Rural,Dagadarthi,Skidding, Bike skidding,Bike,Fatal,Over speed,Four lanes or more with central divider,Straight road,,Fine,AP07AJ   9486,P.V,Animals affected,0
27.03.2017,11:00 AM,1324.3,LHS,Rural,Kavali,Collision Brush/Side Wipe, Unknown vehicle hit Bike,Unknown,Fatal,Over speed,Four lanes or more with central divider,Slight curve,,Fine,Unknown vehicle,P.V,Fatal,1
27.03.2017,11:00 AM,1324.3,LHS,Rural,Kavali,Collision Brush/Side Wipe, Unknown vehicle hit Bike,Unknown,Fatal,Over speed,Four lanes or more with central divider,Slight curve,,Fine,Unknown vehicle,P.V,Grevious,1
27.03.2017,11:00 AM,1324.3,LHS,Rural,Kavali,Collision Brush/Side Wipe, Unknown vehicle hit Bike,Unknown,Fatal,Over speed,Four lanes or more with central divider,Slight curve,,Fine,Unknown vehicle,P.V,Minor,0
27.03.2017,11:00 AM,1324.3,LHS,Rural,Kavali,Collision Brush/Side Wipe, Unknown vehicle hit Bike,Unknown,Fatal,Over speed,Four lanes or more with central divider,Slight curve,,Fine,Unknown vehicle,P.V,Non injured ,0
27.03.2017,11:00 AM,1324.3,LHS,Rural,Kavali,Collision Brush/Side Wipe, Unknown vehicle hit Bike,Unknown,Fatal,Over speed,Four lanes or more with central divider,Slight curve,,Fine,Unknown vehicle,P.V,Animals affected,0
27.03.2017,7:35 PM,1272.6,LHS,Rural,Jarugumalli,Rear End Collision, Lorry hit Ape Auto,Lorry,Grievious injury,Fault of driver of motor vehicle/driver of other vehicle/cyclist/pedestrian/passenger,Four lanes or more with central divider,Straight road,,Fine,AP16TG 2369,A.M.B & P.V,Fatal,0
27.03.2017,7:35 PM,1272.6,LHS,Rural,Jarugumalli,Rear End Collision, Lorry hit Ape Auto,Lorry,Grievious injury,Fault of driver of motor vehicle/driver of other vehicle/cyclist/pedestrian/passenger,Four lanes or more with central divider,Straight road,,Fine,AP16TG 2369,A.M.B & P.V,Grevious,4
27.03.2017,7:35 PM,1272.6,LHS,Rural,Jarugumalli,Rear End Collision, Lorry hit Ape Auto,Lorry,Grievious injury,Fault of driver of motor vehicle/driver of other vehicle/cyclist/pedestrian/passenger,Four lanes or more with central divider,Straight road,,Fine,AP16TG 2369,A.M.B & P.V,Minor,3
27.03.2017,7:35 PM,1272.6,LHS,Rural,Jarugumalli,Rear End Collision, Lorry hit Ape Auto,Lorry,Grievious injury,Fault of driver of motor vehicle/driver of other vehicle/cyclist/pedestrian/passenger,Four lanes or more with central divider,Straight road,,Fine,AP16TG 2369,A.M.B & P.V,Non injured ,1
27.03.2017,7:35 PM,1272.6,LHS,Rural,Jarugumalli,Rear End Collision, Lorry hit Ape Auto,Lorry,Grievious injury,Fault of driver of motor vehicle/driver of other vehicle/cyclist/pedestrian/passenger,Four lanes or more with central divider,Straight road,,Fine,AP16TG 2369,A.M.B & P.V,Animals affected,0
28.03.2017,2:40 PM,1254,RHS,Rural,Ongole,Collision Brush/Side Wipe, APSRTC Bus hit Lorry,Bus,Non injury,Over speed,Four lanes or more with central divider,Straight road,,Fine,AP27TY   2016,P.V,Fatal,0
28.03.2017,2:40 PM,1254,RHS,Rural,Ongole,Collision Brush/Side Wipe, APSRTC Bus hit Lorry,Bus,Non injury,Over speed,Four lanes or more with central divider,Straight road,,Fine,AP27TY   2016,P.V,Grevious,0
28.03.2017,2:40 PM,1254,RHS,Rural,Ongole,Collision Brush/Side Wipe, APSRTC Bus hit Lorry,Bus,Non injury,Over speed,Four lanes or more with central divider,Straight road,,Fine,AP27TY   2016,P.V,Minor,0
28.03.2017,2:40 PM,1254,RHS,Rural,Ongole,Collision Brush/Side Wipe, APSRTC Bus hit Lorry,Bus,Non injury,Over speed,Four lanes or more with central divider,Straight road,,Fine,AP27TY   2016,P.V,Non injured ,38
28.03.2017,2:40 PM,1254,RHS,Rural,Ongole,Collision Brush/Side Wipe, APSRTC Bus hit Lorry,Bus,Non injury,Over speed,Four lanes or more with central divider,Straight road,,Fine,AP27TY   2016,P.V,Animals affected,0
28.03.2017,10:03 PM,1347.3,LHS,Rural,Dagadarthi,Rear End Collision, Lorry hit Lorry ,Lorry,Grievious injury,Over speed,Four lanes or more with central divider,Straight road,,Fine,OD05C 0858,P.V,Fatal,0
28.03.2017,10:03 PM,1347.3,LHS,Rural,Dagadarthi,Rear End Collision, Lorry hit Lorry ,Lorry,Grievious injury,Over speed,Four lanes or more with central divider,Straight road,,Fine,OD05C 0858,P.V,Grevious,1
28.03.2017,10:03 PM,1347.3,LHS,Rural,Dagadarthi,Rear End Collision, Lorry hit Lorry ,Lorry,Grievious injury,Over speed,Four lanes or more with central divider,Straight road,,Fine,OD05C 0858,P.V,Minor,0
28.03.2017,10:03 PM,1347.3,LHS,Rural,Dagadarthi,Rear End Collision, Lorry hit Lorry ,Lorry,Grievious injury,Over speed,Four lanes or more with central divider,Straight road,,Fine,OD05C 0858,P.V,Non injured ,2
28.03.2017,10:03 PM,1347.3,LHS,Rural,Dagadarthi,Rear End Collision, Lorry hit Lorry ,Lorry,Grievious injury,Over speed,Four lanes or more with central divider,Straight road,,Fine,OD05C 0858,P.V,Animals affected,0
30.03.2017,5:15 AM,1303,LHS,Rural,Gudluru,Rear End Collision, Mini Containeer vehicle hit Lorry,Lorry,Non injury,Fault of driver of motor vehicle/driver of other vehicle/cyclist/pedestrian/passenger,Four lanes or more with central divider,Straight road,,Fine,AP07TG  3260,P.V,Fatal,0
30.03.2017,5:15 AM,1303,LHS,Rural,Gudluru,Rear End Collision, Mini Containeer vehicle hit Lorry,Lorry,Non injury,Fault of driver of motor vehicle/driver of other vehicle/cyclist/pedestrian/passenger,Four lanes or more with central divider,Straight road,,Fine,AP07TG  3260,P.V,Grevious,0
30.03.2017,5:15 AM,1303,LHS,Rural,Gudluru,Rear End Collision, Mini Containeer vehicle hit Lorry,Lorry,Non injury,Fault of driver of motor vehicle/driver of other vehicle/cyclist/pedestrian/passenger,Four lanes or more with central divider,Straight road,,Fine,AP07TG  3260,P.V,Minor,0
30.03.2017,5:15 AM,1303,LHS,Rural,Gudluru,Rear End Collision, Mini Containeer vehicle hit Lorry,Lorry,Non injury,Fault of driver of motor vehicle/driver of other vehicle/cyclist/pedestrian/passenger,Four lanes or more with central divider,Straight road,,Fine,AP07TG  3260,P.V,Non injured ,2
30.03.2017,5:15 AM,1303,LHS,Rural,Gudluru,Rear End Collision, Mini Containeer vehicle hit Lorry,Lorry,Non injury,Fault of driver of motor vehicle/driver of other vehicle/cyclist/pedestrian/passenger,Four lanes or more with central divider,Straight road,,Fine,AP07TG  3260,P.V,Animals affected,0
31.03.2017,1:00 AM,1229.2,LHS,Rural,Maddipadu,Rear End Collision, Lorry hit  CC Barriers,Lorry,Non injury,Fault of driver of motor vehicle/driver of other vehicle/cyclist/pedestrian/passenger,Four lanes or more with central divider,Straight road,,Fine,TN34W   8866,P.V,Fatal,0
31.03.2017,1:00 AM,1229.2,LHS,Rural,Maddipadu,Rear End Collision, Lorry hit  CC Barriers,Lorry,Non injury,Fault of driver of motor vehicle/driver of other vehicle/cyclist/pedestrian/passenger,Four lanes or more with central divider,Straight road,,Fine,TN34W   8866,P.V,Grevious,0