Operational date,Time of Accident,KM && M,Position,Rural/Urban,Location,Nature of Accident Position,Nature of Accident,Vehicle Involved,Type of Accident,Causes,Road Feature,Road condition,Intersection Type And Control,Weather Condition,Vehicle Responsible,Help Provided by Ambulance/Patroling Vehicle,Classification of Accident,No of Affected Persons
31.03.2017,1:00 AM,1229.2,LHS,Rural,Maddipadu,Rear End Collision, Lorry hit  CC Barriers,Lorry,Non injury,Fault of driver of motor vehicle/driver of other vehicle/cyclist/pedestrian/passenger,Four lanes or more with central divider,Straight road,,Fine,TN34W   8866,P.V,Minor,0
31.03.2017,1:00 AM,1229.2,LHS,Rural,Maddipadu,Rear End Collision, Lorry hit  CC Barriers,Lorry,Non injury,Fault of driver of motor vehicle/driver of other vehicle/cyclist/pedestrian/passenger,Four lanes or more with central divider,Straight road,,Fine,TN34W   8866,P.V,Non injured ,1
31.03.2017,1:00 AM,1229.2,LHS,Rural,Maddipadu,Rear End Collision, Lorry hit  CC Barriers,Lorry,Non injury,Fault of driver of motor vehicle/driver of other vehicle/cyclist/pedestrian/passenger,Four lanes or more with central divider,Straight road,,Fine,TN34W   8866,P.V,Animals affected,0
31.03.2017,7:35 AM,1199.9,RHS,Rural,Reningavaram,Others(p1.Specific), Tempo Van (Ambulance) hit Toll both sid,Van,Minor injury,Defect in mechanical condition of motor vehicle/road condition,Four lanes or more with central divider,Straight road,,Fine,TN75K  9000,A.M.B,Fatal,0
31.03.2017,7:35 AM,1199.9,RHS,Rural,Reningavaram,Others(p1.Specific), Tempo Van (Ambulance) hit Toll both sid,Van,Minor injury,Defect in mechanical condition of motor vehicle/road condition,Four lanes or more with central divider,Straight road,,Fine,TN75K  9000,A.M.B,Grevious,0
31.03.2017,7:35 AM,1199.9,RHS,Rural,Reningavaram,Others(p1.Specific), Tempo Van (Ambulance) hit Toll both sid,Van,Minor injury,Defect in mechanical condition of motor vehicle/road condition,Four lanes or more with central divider,Straight road,,Fine,TN75K  9000,A.M.B,Minor,1
31.03.2017,7:35 AM,1199.9,RHS,Rural,Reningavaram,Others(p1.Specific), Tempo Van (Ambulance) hit Toll both sid,Van,Minor injury,Defect in mechanical condition of motor vehicle/road condition,Four lanes or more with central divider,Straight road,,Fine,TN75K  9000,A.M.B,Non injured ,0
31.03.2017,7:35 AM,1199.9,RHS,Rural,Reningavaram,Others(p1.Specific), Tempo Van (Ambulance) hit Toll both sid,Van,Minor injury,Defect in mechanical condition of motor vehicle/road condition,Four lanes or more with central divider,Straight road,,Fine,TN75K  9000,A.M.B,Animals affected,0
31.03.2017,12:47 PM,1260.4,RHS,Rural,Tangutur,Collision Brush/Side Wipe, Bike hit Median,Bike,Grievious injury,Fault of driver of motor vehicle/driver of other vehicle/cyclist/pedestrian/passenger,Four lanes or more with central divider,Slight curve,,Fine,AP27AF 1084,P.V & A.M.B,Fatal,0
31.03.2017,12:47 PM,1260.4,RHS,Rural,Tangutur,Collision Brush/Side Wipe, Bike hit Median,Bike,Grievious injury,Fault of driver of motor vehicle/driver of other vehicle/cyclist/pedestrian/passenger,Four lanes or more with central divider,Slight curve,,Fine,AP27AF 1084,P.V & A.M.B,Grevious,1
31.03.2017,12:47 PM,1260.4,RHS,Rural,Tangutur,Collision Brush/Side Wipe, Bike hit Median,Bike,Grievious injury,Fault of driver of motor vehicle/driver of other vehicle/cyclist/pedestrian/passenger,Four lanes or more with central divider,Slight curve,,Fine,AP27AF 1084,P.V & A.M.B,Minor,0
31.03.2017,12:47 PM,1260.4,RHS,Rural,Tangutur,Collision Brush/Side Wipe, Bike hit Median,Bike,Grievious injury,Fault of driver of motor vehicle/driver of other vehicle/cyclist/pedestrian/passenger,Four lanes or more with central divider,Slight curve,,Fine,AP27AF 1084,P.V & A.M.B,Non injured ,0
31.03.2017,12:47 PM,1260.4,RHS,Rural,Tangutur,Collision Brush/Side Wipe, Bike hit Median,Bike,Grievious injury,Fault of driver of motor vehicle/driver of other vehicle/cyclist/pedestrian/passenger,Four lanes or more with central divider,Slight curve,,Fine,AP27AF 1084,P.V & A.M.B,Animals affected,0
31.03.2017,1:30 PM,1222.7,LHS,Rural,Medarametla,Collision Brush/Side Wipe, Car hit Tractor,Car,Minor injury,Over speed,Four lanes or more with central divider,Straight road,,Fine,TS09TC   360,P.V,Fatal,0
31.03.2017,1:30 PM,1222.7,LHS,Rural,Medarametla,Collision Brush/Side Wipe, Car hit Tractor,Car,Minor injury,Over speed,Four lanes or more with central divider,Straight road,,Fine,TS09TC   360,P.V,Grevious,0
31.03.2017,1:30 PM,1222.7,LHS,Rural,Medarametla,Collision Brush/Side Wipe, Car hit Tractor,Car,Minor injury,Over speed,Four lanes or more with central divider,Straight road,,Fine,TS09TC   360,P.V,Minor,1
31.03.2017,1:30 PM,1222.7,LHS,Rural,Medarametla,Collision Brush/Side Wipe, Car hit Tractor,Car,Minor injury,Over speed,Four lanes or more with central divider,Straight road,,Fine,TS09TC   360,P.V,Non injured ,1
31.03.2017,1:30 PM,1222.7,LHS,Rural,Medarametla,Collision Brush/Side Wipe, Car hit Tractor,Car,Minor injury,Over speed,Four lanes or more with central divider,Straight road,,Fine,TS09TC   360,P.V,Animals affected,0
31.03.2017,3:40 PM,1266.6,RHS,Rural,Tangutur,Collision Brush/Side Wipe, Bike hit Median,Bike,Minor injury,Druken,Four lanes or more with central divider,Straight road,,Fine,AP27BK 2665,A.M.B,Fatal,0
31.03.2017,3:40 PM,1266.6,RHS,Rural,Tangutur,Collision Brush/Side Wipe, Bike hit Median,Bike,Minor injury,Druken,Four lanes or more with central divider,Straight road,,Fine,AP27BK 2665,A.M.B,Grevious,0
31.03.2017,3:40 PM,1266.6,RHS,Rural,Tangutur,Collision Brush/Side Wipe, Bike hit Median,Bike,Minor injury,Druken,Four lanes or more with central divider,Straight road,,Fine,AP27BK 2665,A.M.B,Minor,1
31.03.2017,3:40 PM,1266.6,RHS,Rural,Tangutur,Collision Brush/Side Wipe, Bike hit Median,Bike,Minor injury,Druken,Four lanes or more with central divider,Straight road,,Fine,AP27BK 2665,A.M.B,Non injured ,0
31.03.2017,3:40 PM,1266.6,RHS,Rural,Tangutur,Collision Brush/Side Wipe, Bike hit Median,Bike,Minor injury,Druken,Four lanes or more with central divider,Straight road,,Fine,AP27BK 2665,A.M.B,Animals affected,0
31.03.2017,4:00 PM,1334,RHS,Rural,K.Tippa ,Rear End Collision, Container Vehicle hit Lorry.,Container,Fatal,Over speed,Four lanes or more with central divider,Straight road,,Fine,RJ07 GT 6917,P.V,Fatal,2
31.03.2017,4:00 PM,1334,RHS,Rural,K.Tippa ,Rear End Collision, Container Vehicle hit Lorry.,Container,Fatal,Over speed,Four lanes or more with central divider,Straight road,,Fine,RJ07 GT 6917,P.V,Grevious,0
31.03.2017,4:00 PM,1334,RHS,Rural,K.Tippa ,Rear End Collision, Container Vehicle hit Lorry.,Container,Fatal,Over speed,Four lanes or more with central divider,Straight road,,Fine,RJ07 GT 6917,P.V,Minor,0
31.03.2017,4:00 PM,1334,RHS,Rural,K.Tippa ,Rear End Collision, Container Vehicle hit Lorry.,Container,Fatal,Over speed,Four lanes or more with central divider,Straight road,,Fine,RJ07 GT 6917,P.V,Non injured ,3
31.03.2017,4:00 PM,1334,RHS,Rural,K.Tippa ,Rear End Collision, Container Vehicle hit Lorry.,Container,Fatal,Over speed,Four lanes or more with central divider,Straight road,,Fine,RJ07 GT 6917,P.V,Animals affected,0
31.03.2017,4:20 PM,1321.3,LHS,Rural,Kavali,Rear End Collision, Mini Lorry hit Container Vehicle ,Lorry,Fatal,Fault of driver of motor vehicle/driver of other vehicle/cyclist/pedestrian/passenger,Four lanes or more with central divider,Straight road,,Fine,AP05TD 3535,P.V,Fatal,1
31.03.2017,4:20 PM,1321.3,LHS,Rural,Kavali,Rear End Collision, Mini Lorry hit Container Vehicle ,Lorry,Fatal,Fault of driver of motor vehicle/driver of other vehicle/cyclist/pedestrian/passenger,Four lanes or more with central divider,Straight road,,Fine,AP05TD 3535,P.V,Grevious,0
31.03.2017,4:20 PM,1321.3,LHS,Rural,Kavali,Rear End Collision, Mini Lorry hit Container Vehicle ,Lorry,Fatal,Fault of driver of motor vehicle/driver of other vehicle/cyclist/pedestrian/passenger,Four lanes or more with central divider,Straight road,,Fine,AP05TD 3535,P.V,Minor,0
31.03.2017,4:20 PM,1321.3,LHS,Rural,Kavali,Rear End Collision, Mini Lorry hit Container Vehicle ,Lorry,Fatal,Fault of driver of motor vehicle/driver of other vehicle/cyclist/pedestrian/passenger,Four lanes or more with central divider,Straight road,,Fine,AP05TD 3535,P.V,Non injured ,1
31.03.2017,4:20 PM,1321.3,LHS,Rural,Kavali,Rear End Collision, Mini Lorry hit Container Vehicle ,Lorry,Fatal,Fault of driver of motor vehicle/driver of other vehicle/cyclist/pedestrian/passenger,Four lanes or more with central divider,Straight road,,Fine,AP05TD 3535,P.V,Animals affected,0
31.03.2017,10:35 PM,1334,LHS,Rural,K.Tippa ,Skidding, Bike Skidding,Bike,Grievious injury,Druken,Four lanes or more with central divider,Straight road,,Fine,AP26G   6062,P.V & A.M.B,Fatal,0
31.03.2017,10:35 PM,1334,LHS,Rural,K.Tippa ,Skidding, Bike Skidding,Bike,Grievious injury,Druken,Four lanes or more with central divider,Straight road,,Fine,AP26G   6062,P.V & A.M.B,Grevious,1
31.03.2017,10:35 PM,1334,LHS,Rural,K.Tippa ,Skidding, Bike Skidding,Bike,Grievious injury,Druken,Four lanes or more with central divider,Straight road,,Fine,AP26G   6062,P.V & A.M.B,Minor,1
31.03.2017,10:35 PM,1334,LHS,Rural,K.Tippa ,Skidding, Bike Skidding,Bike,Grievious injury,Druken,Four lanes or more with central divider,Straight road,,Fine,AP26G   6062,P.V & A.M.B,Non injured ,0
31.03.2017,10:35 PM,1334,LHS,Rural,K.Tippa ,Skidding, Bike Skidding,Bike,Grievious injury,Druken,Four lanes or more with central divider,Straight road,,Fine,AP26G   6062,P.V & A.M.B,Animals affected,0
01.04.2017,4:45 AM,1237.3,LHS,Rural,Maddipadu,Overturning, Tipper Overturned,Lorry,Non injury,Fault of driver of motor vehicle/driver of other vehicle/cyclist/pedestrian/passenger,Four lanes or more with central divider,Straight road,,Fine,AP26TF  2310,P.V,Fatal,0
01.04.2017,4:45 AM,1237.3,LHS,Rural,Maddipadu,Overturning, Tipper Overturned,Lorry,Non injury,Fault of driver of motor vehicle/driver of other vehicle/cyclist/pedestrian/passenger,Four lanes or more with central divider,Straight road,,Fine,AP26TF  2310,P.V,Grevious,0
01.04.2017,4:45 AM,1237.3,LHS,Rural,Maddipadu,Overturning, Tipper Overturned,Lorry,Non injury,Fault of driver of motor vehicle/driver of other vehicle/cyclist/pedestrian/passenger,Four lanes or more with central divider,Straight road,,Fine,AP26TF  2310,P.V,Minor,0
01.04.2017,4:45 AM,1237.3,LHS,Rural,Maddipadu,Overturning, Tipper Overturned,Lorry,Non injury,Fault of driver of motor vehicle/driver of other vehicle/cyclist/pedestrian/passenger,Four lanes or more with central divider,Straight road,,Fine,AP26TF  2310,P.V,Non injured ,1
01.04.2017,4:45 AM,1237.3,LHS,Rural,Maddipadu,Overturning, Tipper Overturned,Lorry,Non injury,Fault of driver of motor vehicle/driver of other vehicle/cyclist/pedestrian/passenger,Four lanes or more with central divider,Straight road,,Fine,AP26TF  2310,P.V,Animals affected,0
01.04.2017,7:25 PM,1279.6,RHS,Rural,Singarayakonda,Rear End Collision, Mini Truck hit Lorry,Lorry,Grievious injury,Over speed,Four lanes or more with central divider,Straight road,,Fine,AP07TB 9740,P.V,Fatal,0
01.04.2017,7:25 PM,1279.6,RHS,Rural,Singarayakonda,Rear End Collision, Mini Truck hit Lorry,Lorry,Grievious injury,Over speed,Four lanes or more with central divider,Straight road,,Fine,AP07TB 9740,P.V,Grevious,1
01.04.2017,7:25 PM,1279.6,RHS,Rural,Singarayakonda,Rear End Collision, Mini Truck hit Lorry,Lorry,Grievious injury,Over speed,Four lanes or more with central divider,Straight road,,Fine,AP07TB 9740,P.V,Minor,0
01.04.2017,7:25 PM,1279.6,RHS,Rural,Singarayakonda,Rear End Collision, Mini Truck hit Lorry,Lorry,Grievious injury,Over speed,Four lanes or more with central divider,Straight road,,Fine,AP07TB 9740,P.V,Non injured ,1
01.04.2017,7:25 PM,1279.6,RHS,Rural,Singarayakonda,Rear End Collision, Mini Truck hit Lorry,Lorry,Grievious injury,Over speed,Four lanes or more with central divider,Straight road,,Fine,AP07TB 9740,P.V,Animals affected,0
02.04.2017,5:40 AM,1315.7,LHS,Rural,Kavali,Collision Brush/Side Wipe, Bike hit ROW Fencing poll,Bike,Grievious injury,Druken,Four lanes or more with central divider,Straight road,,Fine,AP27BQ   0965,A.M.B,Fatal,0
02.04.2017,5:40 AM,1315.7,LHS,Rural,Kavali,Collision Brush/Side Wipe, Bike hit ROW Fencing poll,Bike,Grievious injury,Druken,Four lanes or more with central divider,Straight road,,Fine,AP27BQ   0965,A.M.B,Grevious,1
02.04.2017,5:40 AM,1315.7,LHS,Rural,Kavali,Collision Brush/Side Wipe, Bike hit ROW Fencing poll,Bike,Grievious injury,Druken,Four lanes or more with central divider,Straight road,,Fine,AP27BQ   0965,A.M.B,Minor,0
02.04.2017,5:40 AM,1315.7,LHS,Rural,Kavali,Collision Brush/Side Wipe, Bike hit ROW Fencing poll,Bike,Grievious injury,Druken,Four lanes or more with central divider,Straight road,,Fine,AP27BQ   0965,A.M.B,Non injured ,0
02.04.2017,5:40 AM,1315.7,LHS,Rural,Kavali,Collision Brush/Side Wipe, Bike hit ROW Fencing poll,Bike,Grievious injury,Druken,Four lanes or more with central divider,Straight road,,Fine,AP27BQ   0965,A.M.B,Animals affected,0
02.04.2017,2:34 PM,1203,RHS,Rural,Reningavaram,Others(p1.Specific), Person felldown from Lorry.,Person,Minor injury,Fault of driver of motor vehicle/driver of other vehicle/cyclist/pedestrian/passenger,Four lanes or more with central divider,Straight road,,Fine,AP16E 1278,A.M.B,Fatal,0
02.04.2017,2:34 PM,1203,RHS,Rural,Reningavaram,Others(p1.Specific), Person felldown from Lorry.,Person,Minor injury,Fault of driver of motor vehicle/driver of other vehicle/cyclist/pedestrian/passenger,Four lanes or more with central divider,Straight road,,Fine,AP16E 1278,A.M.B,Grevious,0
02.04.2017,2:34 PM,1203,RHS,Rural,Reningavaram,Others(p1.Specific), Person felldown from Lorry.,Person,Minor injury,Fault of driver of motor vehicle/driver of other vehicle/cyclist/pedestrian/passenger,Four lanes or more with central divider,Straight road,,Fine,AP16E 1278,A.M.B,Minor,1
02.04.2017,2:34 PM,1203,RHS,Rural,Reningavaram,Others(p1.Specific), Person felldown from Lorry.,Person,Minor injury,Fault of driver of motor vehicle/driver of other vehicle/cyclist/pedestrian/passenger,Four lanes or more with central divider,Straight road,,Fine,AP16E 1278,A.M.B,Non injured ,0
02.04.2017,2:34 PM,1203,RHS,Rural,Reningavaram,Others(p1.Specific), Person felldown from Lorry.,Person,Minor injury,Fault of driver of motor vehicle/driver of other vehicle/cyclist/pedestrian/passenger,Four lanes or more with central divider,Straight road,,Fine,AP16E 1278,A.M.B,Animals affected,0
02.04.2017,2:35 PM,1195.4,RHS,Rural,Martur,Overturning, Mahindra Alfa Auto truck Overturned,Auto,Fatal,Fault of driver of motor vehicle/driver of other vehicle/cyclist/pedestrian/passenger,Four lanes or more with central divider,Straight road,,Fine,AP16TH  7381,P.V,Fatal,1
02.04.2017,2:35 PM,1195.4,RHS,Rural,Martur,Overturning, Mahindra Alfa Auto truck Overturned,Auto,Fatal,Fault of driver of motor vehicle/driver of other vehicle/cyclist/pedestrian/passenger,Four lanes or more with central divider,Straight road,,Fine,AP16TH  7381,P.V,Grevious,0
02.04.2017,2:35 PM,1195.4,RHS,Rural,Martur,Overturning, Mahindra Alfa Auto truck Overturned,Auto,Fatal,Fault of driver of motor vehicle/driver of other vehicle/cyclist/pedestrian/passenger,Four lanes or more with central divider,Straight road,,Fine,AP16TH  7381,P.V,Minor,1
02.04.2017,2:35 PM,1195.4,RHS,Rural,Martur,Overturning, Mahindra Alfa Auto truck Overturned,Auto,Fatal,Fault of driver of motor vehicle/driver of other vehicle/cyclist/pedestrian/passenger,Four lanes or more with central divider,Straight road,,Fine,AP16TH  7381,P.V,Non injured ,0
02.04.2017,2:35 PM,1195.4,RHS,Rural,Martur,Overturning, Mahindra Alfa Auto truck Overturned,Auto,Fatal,Fault of driver of motor vehicle/driver of other vehicle/cyclist/pedestrian/passenger,Four lanes or more with central divider,Straight road,,Fine,AP16TH  7381,P.V,Animals affected,0
04.04.2017,2:30 PM,1338,RHS,Rural,Dagadarthi,Collision Brush/Side Wipe, Lorry hit culvert wall,Lorry,Minor injury,Fault of driver of motor vehicle/driver of other vehicle/cyclist/pedestrian/passenger,Four lanes or more with central divider,Straight road,,Fine,AP09V   0501,P.V,Fatal,0
04.04.2017,2:30 PM,1338,RHS,Rural,Dagadarthi,Collision Brush/Side Wipe, Lorry hit culvert wall,Lorry,Minor injury,Fault of driver of motor vehicle/driver of other vehicle/cyclist/pedestrian/passenger,Four lanes or more with central divider,Straight road,,Fine,AP09V   0501,P.V,Grevious,0
04.04.2017,2:30 PM,1338,RHS,Rural,Dagadarthi,Collision Brush/Side Wipe, Lorry hit culvert wall,Lorry,Minor injury,Fault of driver of motor vehicle/driver of other vehicle/cyclist/pedestrian/passenger,Four lanes or more with central divider,Straight road,,Fine,AP09V   0501,P.V,Minor,1
04.04.2017,2:30 PM,1338,RHS,Rural,Dagadarthi,Collision Brush/Side Wipe, Lorry hit culvert wall,Lorry,Minor injury,Fault of driver of motor vehicle/driver of other vehicle/cyclist/pedestrian/passenger,Four lanes or more with central divider,Straight road,,Fine,AP09V   0501,P.V,Non injured ,0
04.04.2017,2:30 PM,1338,RHS,Rural,Dagadarthi,Collision Brush/Side Wipe, Lorry hit culvert wall,Lorry,Minor injury,Fault of driver of motor vehicle/driver of other vehicle/cyclist/pedestrian/passenger,Four lanes or more with central divider,Straight road,,Fine,AP09V   0501,P.V,Animals affected,0
04.04.2017,4:45 PM,1365.3,LHS,Rural,Kovuru,Collision Brush/Side Wipe, Lorry hit median,Lorry,Non injury,Over speed,Four lanes or more with central divider,Straight road,,Fine,TS05UB  8989,P.V,Fatal,0
04.04.2017,4:45 PM,1365.3,LHS,Rural,Kovuru,Collision Brush/Side Wipe, Lorry hit median,Lorry,Non injury,Over speed,Four lanes or more with central divider,Straight road,,Fine,TS05UB  8989,P.V,Grevious,0
04.04.2017,4:45 PM,1365.3,LHS,Rural,Kovuru,Collision Brush/Side Wipe, Lorry hit median,Lorry,Non injury,Over speed,Four lanes or more with central divider,Straight road,,Fine,TS05UB  8989,P.V,Minor,0
04.04.2017,4:45 PM,1365.3,LHS,Rural,Kovuru,Collision Brush/Side Wipe, Lorry hit median,Lorry,Non injury,Over speed,Four lanes or more with central divider,Straight road,,Fine,TS05UB  8989,P.V,Non injured ,2
04.04.2017,4:45 PM,1365.3,LHS,Rural,Kovuru,Collision Brush/Side Wipe, Lorry hit median,Lorry,Non injury,Over speed,Four lanes or more with central divider,Straight road,,Fine,TS05UB  8989,P.V,Animals affected,0
05.04.2017,2:00 AM,1192.8,LHS,Rural,Martur,Collision Brush/Side Wipe, Lorry hit Unknown vehicle,Lorry,Minor injury,Fault of driver of motor vehicle/driver of other vehicle/cyclist/pedestrian/passenger,Four lanes or more with central divider,Straight road,,Fine,AP07X   9693,P.V,Fatal,0
05.04.2017,2:00 AM,1192.8,LHS,Rural,Martur,Collision Brush/Side Wipe, Lorry hit Unknown vehicle,Lorry,Minor injury,Fault of driver of motor vehicle/driver of other vehicle/cyclist/pedestrian/passenger,Four lanes or more with central divider,Straight road,,Fine,AP07X   9693,P.V,Grevious,0
05.04.2017,2:00 AM,1192.8,LHS,Rural,Martur,Collision Brush/Side Wipe, Lorry hit Unknown vehicle,Lorry,Minor injury,Fault of driver of motor vehicle/driver of other vehicle/cyclist/pedestrian/passenger,Four lanes or more with central divider,Straight road,,Fine,AP07X   9693,P.V,Minor,1
05.04.2017,2:00 AM,1192.8,LHS,Rural,Martur,Collision Brush/Side Wipe, Lorry hit Unknown vehicle,Lorry,Minor injury,Fault of driver of motor vehicle/driver of other vehicle/cyclist/pedestrian/passenger,Four lanes or more with central divider,Straight road,,Fine,AP07X   9693,P.V,Non injured ,1
05.04.2017,2:00 AM,1192.8,LHS,Rural,Martur,Collision Brush/Side Wipe, Lorry hit Unknown vehicle,Lorry,Minor injury,Fault of driver of motor vehicle/driver of other vehicle/cyclist/pedestrian/passenger,Four lanes or more with central divider,Straight road,,Fine,AP07X   9693,P.V,Animals affected,0
05.04.2017,1:23 PM,1199.1,LHS,Rural,Reningavaram,Collision Brush/Side Wipe, Unknown vehicle hit Bike,Unknown,Minor injury,Fault of driver of motor vehicle/driver of other vehicle/cyclist/pedestrian/passenger,Four lanes or more with central divider,Straight road,,Fine,Unknown vehicle,A.M.B,Fatal,0
05.04.2017,1:23 PM,1199.1,LHS,Rural,Reningavaram,Collision Brush/Side Wipe, Unknown vehicle hit Bike,Unknown,Minor injury,Fault of driver of motor vehicle/driver of other vehicle/cyclist/pedestrian/passenger,Four lanes or more with central divider,Straight road,,Fine,Unknown vehicle,A.M.B,Grevious,0
05.04.2017,1:23 PM,1199.1,LHS,Rural,Reningavaram,Collision Brush/Side Wipe, Unknown vehicle hit Bike,Unknown,Minor injury,Fault of driver of motor vehicle/driver of other vehicle/cyclist/pedestrian/passenger,Four lanes or more with central divider,Straight road,,Fine,Unknown vehicle,A.M.B,Minor,1
05.04.2017,1:23 PM,1199.1,LHS,Rural,Reningavaram,Collision Brush/Side Wipe, Unknown vehicle hit Bike,Unknown,Minor injury,Fault of driver of motor vehicle/driver of other vehicle/cyclist/pedestrian/passenger,Four lanes or more with central divider,Straight road,,Fine,Unknown vehicle,A.M.B,Non injured ,0
05.04.2017,1:23 PM,1199.1,LHS,Rural,Reningavaram,Collision Brush/Side Wipe, Unknown vehicle hit Bike,Unknown,Minor injury,Fault of driver of motor vehicle/driver of other vehicle/cyclist/pedestrian/passenger,Four lanes or more with central divider,Straight road,,Fine,Unknown vehicle,A.M.B,Animals affected,0
06.04.2017,6:00 AM,1268.5,LHS,Rural,Jarugumalli,Rear End Collision, Tanker hit Unknown vehicle,Tanker,Grievious injury,Fault of driver of motor vehicle/driver of other vehicle/cyclist/pedestrian/passenger,Four lanes or more with central divider,Slight curve,,Fine,AP35V   3159,P.V& A.M.B,Fatal,0
06.04.2017,6:00 AM,1268.5,LHS,Rural,Jarugumalli,Rear End Collision, Tanker hit Unknown vehicle,Tanker,Grievious injury,Fault of driver of motor vehicle/driver of other vehicle/cyclist/pedestrian/passenger,Four lanes or more with central divider,Slight curve,,Fine,AP35V   3159,P.V& A.M.B,Grevious,1
06.04.2017,6:00 AM,1268.5,LHS,Rural,Jarugumalli,Rear End Collision, Tanker hit Unknown vehicle,Tanker,Grievious injury,Fault of driver of motor vehicle/driver of other vehicle/cyclist/pedestrian/passenger,Four lanes or more with central divider,Slight curve,,Fine,AP35V   3159,P.V& A.M.B,Minor,1
06.04.2017,6:00 AM,1268.5,LHS,Rural,Jarugumalli,Rear End Collision, Tanker hit Unknown vehicle,Tanker,Grievious injury,Fault of driver of motor vehicle/driver of other vehicle/cyclist/pedestrian/passenger,Four lanes or more with central divider,Slight curve,,Fine,AP35V   3159,P.V& A.M.B,Non injured ,0
06.04.2017,6:00 AM,1268.5,LHS,Rural,Jarugumalli,Rear End Collision, Tanker hit Unknown vehicle,Tanker,Grievious injury,Fault of driver of motor vehicle/driver of other vehicle/cyclist/pedestrian/passenger,Four lanes or more with central divider,Slight curve,,Fine,AP35V   3159,P.V& A.M.B,Animals affected,0
06.04.2017,6:00 AM,1345.6,LHS,Rural,Dagadarthi,Rear End Collision, Lorry hit Trailer vehicle ,Lorry,Minor injury,Over speed,Four lanes or more with central divider,Straight road,,Fine,AP26TD  4012,P.V& A.M.B,Fatal,0
06.04.2017,6:00 AM,1345.6,LHS,Rural,Dagadarthi,Rear End Collision, Lorry hit Trailer vehicle ,Lorry,Minor injury,Over speed,Four lanes or more with central divider,Straight road,,Fine,AP26TD  4012,P.V& A.M.B,Grevious,0
06.04.2017,6:00 AM,1345.6,LHS,Rural,Dagadarthi,Rear End Collision, Lorry hit Trailer vehicle ,Lorry,Minor injury,Over speed,Four lanes or more with central divider,Straight road,,Fine,AP26TD  4012,P.V& A.M.B,Minor,1
06.04.2017,6:00 AM,1345.6,LHS,Rural,Dagadarthi,Rear End Collision, Lorry hit Trailer vehicle ,Lorry,Minor injury,Over speed,Four lanes or more with central divider,Straight road,,Fine,AP26TD  4012,P.V& A.M.B,Non injured ,1
06.04.2017,6:00 AM,1345.6,LHS,Rural,Dagadarthi,Rear End Collision, Lorry hit Trailer vehicle ,Lorry,Minor injury,Over speed,Four lanes or more with central divider,Straight road,,Fine,AP26TD  4012,P.V& A.M.B,Animals affected,0
07.04.2017,3:20 AM,1257.2,RHS,Rural,Tangutur,Overturning, Mini Lorry Overturned.,Lorry,Non injury,Fault of driver of motor vehicle/driver of other vehicle/cyclist/pedestrian/passenger,Four lanes or more with central divider,Straight road,,Fine,AP16TW  8099,P.V.,Fatal,0
07.04.2017,3:20 AM,1257.2,RHS,Rural,Tangutur,Overturning, Mini Lorry Overturned.,Lorry,Non injury,Fault of driver of motor vehicle/driver of other vehicle/cyclist/pedestrian/passenger,Four lanes or more with central divider,Straight road,,Fine,AP16TW  8099,P.V.,Grevious,0
07.04.2017,3:20 AM,1257.2,RHS,Rural,Tangutur,Overturning, Mini Lorry Overturned.,Lorry,Non injury,Fault of driver of motor vehicle/driver of other vehicle/cyclist/pedestrian/passenger,Four lanes or more with central divider,Straight road,,Fine,AP16TW  8099,P.V.,Minor,0
07.04.2017,3:20 AM,1257.2,RHS,Rural,Tangutur,Overturning, Mini Lorry Overturned.,Lorry,Non injury,Fault of driver of motor vehicle/driver of other vehicle/cyclist/pedestrian/passenger,Four lanes or more with central divider,Straight road,,Fine,AP16TW  8099,P.V.,Non injured ,1
07.04.2017,3:20 AM,1257.2,RHS,Rural,Tangutur,Overturning, Mini Lorry Overturned.,Lorry,Non injury,Fault of driver of motor vehicle/driver of other vehicle/cyclist/pedestrian/passenger,Four lanes or more with central divider,Straight road,,Fine,AP16TW  8099,P.V.,Animals affected,0
07.04.2017,5:00 AM,1226.1,LHS,Rural,Maddipadu,Collision Brush/Side Wipe, Container Vehicle hit Lorry. ,Container,Grievious injury,Fault of driver of motor vehicle/driver of other vehicle/cyclist/pedestrian/passenger,Four lanes or more with central divider,Straight road,,Fine,AP07TC 8570,P.V& A.M.B,Fatal,0
07.04.2017,5:00 AM,1226.1,LHS,Rural,Maddipadu,Collision Brush/Side Wipe, Container Vehicle hit Lorry. ,Container,Grievious injury,Fault of driver of motor vehicle/driver of other vehicle/cyclist/pedestrian/passenger,Four lanes or more with central divider,Straight road,,Fine,AP07TC 8570,P.V& A.M.B,Grevious,3
07.04.2017,5:00 AM,1226.1,LHS,Rural,Maddipadu,Collision Brush/Side Wipe, Container Vehicle hit Lorry. ,Container,Grievious injury,Fault of driver of motor vehicle/driver of other vehicle/cyclist/pedestrian/passenger,Four lanes or more with central divider,Straight road,,Fine,AP07TC 8570,P.V& A.M.B,Minor,0
07.04.2017,5:00 AM,1226.1,LHS,Rural,Maddipadu,Collision Brush/Side Wipe, Container Vehicle hit Lorry. ,Container,Grievious injury,Fault of driver of motor vehicle/driver of other vehicle/cyclist/pedestrian/passenger,Four lanes or more with central divider,Straight road,,Fine,AP07TC 8570,P.V& A.M.B,Non injured ,0