Operational date,Time of Accident,KM && M,Position,Rural/Urban,Location,Nature of Accident Position,Nature of Accident,Vehicle Involved,Type of Accident,Causes,Road Feature,Road condition,Intersection Type And Control,Weather Condition,Vehicle Responsible,Help Provided by Ambulance/Patroling Vehicle,Classification of Accident,No of Affected Persons
07.04.2017,5:00 AM,1226.1,LHS,Rural,Maddipadu,Collision Brush/Side Wipe, Container Vehicle hit Lorry. ,Container,Grievious injury,Fault of driver of motor vehicle/driver of other vehicle/cyclist/pedestrian/passenger,Four lanes or more with central divider,Straight road,,Fine,AP07TC 8570,P.V& A.M.B,Animals affected,0
08.04.2017,1:25 AM,1257.2,RHS,Rural,Tangutur,Rear End Collision, Bolero Car hit Unknown Vehicle.,Car,Grievious injury,Fault of driver of motor vehicle/driver of other vehicle/cyclist/pedestrian/passenger,Four lanes or more with central divider,Straight road,,Fine,AP16BZ  4356,A.M.B,Fatal,0
08.04.2017,1:25 AM,1257.2,RHS,Rural,Tangutur,Rear End Collision, Bolero Car hit Unknown Vehicle.,Car,Grievious injury,Fault of driver of motor vehicle/driver of other vehicle/cyclist/pedestrian/passenger,Four lanes or more with central divider,Straight road,,Fine,AP16BZ  4356,A.M.B,Grevious,1
08.04.2017,1:25 AM,1257.2,RHS,Rural,Tangutur,Rear End Collision, Bolero Car hit Unknown Vehicle.,Car,Grievious injury,Fault of driver of motor vehicle/driver of other vehicle/cyclist/pedestrian/passenger,Four lanes or more with central divider,Straight road,,Fine,AP16BZ  4356,A.M.B,Minor,2
08.04.2017,1:25 AM,1257.2,RHS,Rural,Tangutur,Rear End Collision, Bolero Car hit Unknown Vehicle.,Car,Grievious injury,Fault of driver of motor vehicle/driver of other vehicle/cyclist/pedestrian/passenger,Four lanes or more with central divider,Straight road,,Fine,AP16BZ  4356,A.M.B,Non injured ,2
08.04.2017,1:25 AM,1257.2,RHS,Rural,Tangutur,Rear End Collision, Bolero Car hit Unknown Vehicle.,Car,Grievious injury,Fault of driver of motor vehicle/driver of other vehicle/cyclist/pedestrian/passenger,Four lanes or more with central divider,Straight road,,Fine,AP16BZ  4356,A.M.B,Animals affected,0
08.04.2017,8:35 AM,1189.7,LHS,Rural,Martur,Collision Brush/Side Wipe, Car hit Tractor.,Car,Minor injury,Over speed,Four lanes or more with central divider,Straight road,,Fine,AP03BQ 3535,P.V.,Fatal,0
08.04.2017,8:35 AM,1189.7,LHS,Rural,Martur,Collision Brush/Side Wipe, Car hit Tractor.,Car,Minor injury,Over speed,Four lanes or more with central divider,Straight road,,Fine,AP03BQ 3535,P.V.,Grevious,0
08.04.2017,8:35 AM,1189.7,LHS,Rural,Martur,Collision Brush/Side Wipe, Car hit Tractor.,Car,Minor injury,Over speed,Four lanes or more with central divider,Straight road,,Fine,AP03BQ 3535,P.V.,Minor,1
08.04.2017,8:35 AM,1189.7,LHS,Rural,Martur,Collision Brush/Side Wipe, Car hit Tractor.,Car,Minor injury,Over speed,Four lanes or more with central divider,Straight road,,Fine,AP03BQ 3535,P.V.,Non injured ,2
08.04.2017,8:35 AM,1189.7,LHS,Rural,Martur,Collision Brush/Side Wipe, Car hit Tractor.,Car,Minor injury,Over speed,Four lanes or more with central divider,Straight road,,Fine,AP03BQ 3535,P.V.,Animals affected,0
09.04.2017,3:03 PM,1315.9,RHS,Rural,Kavali,Rear End Collision, Mini Truck hit Water Tanker.,Lorry,Fatal,Over speed,Four lanes or more with central divider,Slight curve,,Fine,AP16TX 4409,P.V.,Fatal,1
09.04.2017,3:03 PM,1315.9,RHS,Rural,Kavali,Rear End Collision, Mini Truck hit Water Tanker.,Lorry,Fatal,Over speed,Four lanes or more with central divider,Slight curve,,Fine,AP16TX 4409,P.V.,Grevious,0
09.04.2017,3:03 PM,1315.9,RHS,Rural,Kavali,Rear End Collision, Mini Truck hit Water Tanker.,Lorry,Fatal,Over speed,Four lanes or more with central divider,Slight curve,,Fine,AP16TX 4409,P.V.,Minor,0
09.04.2017,3:03 PM,1315.9,RHS,Rural,Kavali,Rear End Collision, Mini Truck hit Water Tanker.,Lorry,Fatal,Over speed,Four lanes or more with central divider,Slight curve,,Fine,AP16TX 4409,P.V.,Non injured ,1
09.04.2017,3:03 PM,1315.9,RHS,Rural,Kavali,Rear End Collision, Mini Truck hit Water Tanker.,Lorry,Fatal,Over speed,Four lanes or more with central divider,Slight curve,,Fine,AP16TX 4409,P.V.,Animals affected,0
09.04.2017,3:45 PM,1212.7,RHS,Rural,Medarametla,Collision Brush/Side Wipe, Bolero camper vehicle hit Unknown Vehic,Car,Minor injury,Over speed,Four lanes or more with central divider,Straight road,,Fine,AP15TB 3405,P.V&A.M.B,Fatal,0
09.04.2017,3:45 PM,1212.7,RHS,Rural,Medarametla,Collision Brush/Side Wipe, Bolero camper vehicle hit Unknown Vehic,Car,Minor injury,Over speed,Four lanes or more with central divider,Straight road,,Fine,AP15TB 3405,P.V&A.M.B,Grevious,0
09.04.2017,3:45 PM,1212.7,RHS,Rural,Medarametla,Collision Brush/Side Wipe, Bolero camper vehicle hit Unknown Vehic,Car,Minor injury,Over speed,Four lanes or more with central divider,Straight road,,Fine,AP15TB 3405,P.V&A.M.B,Minor,2
09.04.2017,3:45 PM,1212.7,RHS,Rural,Medarametla,Collision Brush/Side Wipe, Bolero camper vehicle hit Unknown Vehic,Car,Minor injury,Over speed,Four lanes or more with central divider,Straight road,,Fine,AP15TB 3405,P.V&A.M.B,Non injured ,0
09.04.2017,3:45 PM,1212.7,RHS,Rural,Medarametla,Collision Brush/Side Wipe, Bolero camper vehicle hit Unknown Vehic,Car,Minor injury,Over speed,Four lanes or more with central divider,Straight road,,Fine,AP15TB 3405,P.V&A.M.B,Animals affected,0
10.04.2017,4:50 AM,1203.8,LHS,Rural,Reningavaram,Collision Brush/Side Wipe, Bike hit Pedestrian,Bike,Grievious injury,Fault of driver of motor vehicle/driver of other vehicle/cyclist/pedestrian/passenger,Four lanes or more with central divider,Straight road,,Fine,AP27B   2141,A.M.B,Fatal,0
10.04.2017,4:50 AM,1203.8,LHS,Rural,Reningavaram,Collision Brush/Side Wipe, Bike hit Pedestrian,Bike,Grievious injury,Fault of driver of motor vehicle/driver of other vehicle/cyclist/pedestrian/passenger,Four lanes or more with central divider,Straight road,,Fine,AP27B   2141,A.M.B,Grevious,1
10.04.2017,4:50 AM,1203.8,LHS,Rural,Reningavaram,Collision Brush/Side Wipe, Bike hit Pedestrian,Bike,Grievious injury,Fault of driver of motor vehicle/driver of other vehicle/cyclist/pedestrian/passenger,Four lanes or more with central divider,Straight road,,Fine,AP27B   2141,A.M.B,Minor,4
10.04.2017,4:50 AM,1203.8,LHS,Rural,Reningavaram,Collision Brush/Side Wipe, Bike hit Pedestrian,Bike,Grievious injury,Fault of driver of motor vehicle/driver of other vehicle/cyclist/pedestrian/passenger,Four lanes or more with central divider,Straight road,,Fine,AP27B   2141,A.M.B,Non injured ,0
10.04.2017,4:50 AM,1203.8,LHS,Rural,Reningavaram,Collision Brush/Side Wipe, Bike hit Pedestrian,Bike,Grievious injury,Fault of driver of motor vehicle/driver of other vehicle/cyclist/pedestrian/passenger,Four lanes or more with central divider,Straight road,,Fine,AP27B   2141,A.M.B,Animals affected,0
11.04.2017,3:00 AM,1273.6,RHS,Rural,Singarayakonda,Overturning, Ashok Leyland Dost vehicle overturned,Lorry,Non injury,Defect in mechanical condition of motor vehicle/road condition,Four lanes or more with central divider,Straight road,,Fine,AP26TB   8032,P.V,Fatal,0
11.04.2017,3:00 AM,1273.6,RHS,Rural,Singarayakonda,Overturning, Ashok Leyland Dost vehicle overturned,Lorry,Non injury,Defect in mechanical condition of motor vehicle/road condition,Four lanes or more with central divider,Straight road,,Fine,AP26TB   8032,P.V,Grevious,0
11.04.2017,3:00 AM,1273.6,RHS,Rural,Singarayakonda,Overturning, Ashok Leyland Dost vehicle overturned,Lorry,Non injury,Defect in mechanical condition of motor vehicle/road condition,Four lanes or more with central divider,Straight road,,Fine,AP26TB   8032,P.V,Minor,0
11.04.2017,3:00 AM,1273.6,RHS,Rural,Singarayakonda,Overturning, Ashok Leyland Dost vehicle overturned,Lorry,Non injury,Defect in mechanical condition of motor vehicle/road condition,Four lanes or more with central divider,Straight road,,Fine,AP26TB   8032,P.V,Non injured ,1
11.04.2017,3:00 AM,1273.6,RHS,Rural,Singarayakonda,Overturning, Ashok Leyland Dost vehicle overturned,Lorry,Non injury,Defect in mechanical condition of motor vehicle/road condition,Four lanes or more with central divider,Straight road,,Fine,AP26TB   8032,P.V,Animals affected,0
11.04.2017,12:25 PM,1352.1,RHS,Rural,Kodavaluru,Collision Brush/Side Wipe, Lorry hit Car,Lorry,Non injury,Fault of driver of motor vehicle/driver of other vehicle/cyclist/pedestrian/passenger,Four lanes or more with central divider,Straight road,,Fine,AP07TU  8438,P.V,Fatal,0
11.04.2017,12:25 PM,1352.1,RHS,Rural,Kodavaluru,Collision Brush/Side Wipe, Lorry hit Car,Lorry,Non injury,Fault of driver of motor vehicle/driver of other vehicle/cyclist/pedestrian/passenger,Four lanes or more with central divider,Straight road,,Fine,AP07TU  8438,P.V,Grevious,0
11.04.2017,12:25 PM,1352.1,RHS,Rural,Kodavaluru,Collision Brush/Side Wipe, Lorry hit Car,Lorry,Non injury,Fault of driver of motor vehicle/driver of other vehicle/cyclist/pedestrian/passenger,Four lanes or more with central divider,Straight road,,Fine,AP07TU  8438,P.V,Minor,0
11.04.2017,12:25 PM,1352.1,RHS,Rural,Kodavaluru,Collision Brush/Side Wipe, Lorry hit Car,Lorry,Non injury,Fault of driver of motor vehicle/driver of other vehicle/cyclist/pedestrian/passenger,Four lanes or more with central divider,Straight road,,Fine,AP07TU  8438,P.V,Non injured ,2
11.04.2017,12:25 PM,1352.1,RHS,Rural,Kodavaluru,Collision Brush/Side Wipe, Lorry hit Car,Lorry,Non injury,Fault of driver of motor vehicle/driver of other vehicle/cyclist/pedestrian/passenger,Four lanes or more with central divider,Straight road,,Fine,AP07TU  8438,P.V,Animals affected,0
11.04.2017,1:30 PM,1257.1,LHS,Rural,Tangutur,Rear End Collision, Milk Tanker hit Tractor,Tanker,Minor injury,Over speed,Four lanes or more with central divider,Straight road,,Fine,TS08UB  7732,P.V.,Fatal,0
11.04.2017,1:30 PM,1257.1,LHS,Rural,Tangutur,Rear End Collision, Milk Tanker hit Tractor,Tanker,Minor injury,Over speed,Four lanes or more with central divider,Straight road,,Fine,TS08UB  7732,P.V.,Grevious,0
11.04.2017,1:30 PM,1257.1,LHS,Rural,Tangutur,Rear End Collision, Milk Tanker hit Tractor,Tanker,Minor injury,Over speed,Four lanes or more with central divider,Straight road,,Fine,TS08UB  7732,P.V.,Minor,2
11.04.2017,1:30 PM,1257.1,LHS,Rural,Tangutur,Rear End Collision, Milk Tanker hit Tractor,Tanker,Minor injury,Over speed,Four lanes or more with central divider,Straight road,,Fine,TS08UB  7732,P.V.,Non injured ,0
11.04.2017,1:30 PM,1257.1,LHS,Rural,Tangutur,Rear End Collision, Milk Tanker hit Tractor,Tanker,Minor injury,Over speed,Four lanes or more with central divider,Straight road,,Fine,TS08UB  7732,P.V.,Animals affected,0
12.04.2017,3:00 AM,1326.7,RHS,Rural,Kavali,Rear End Collision, Lorry hit Lorry,Lorry,Grievious injury,Fault of driver of motor vehicle/driver of other vehicle/cyclist/pedestrian/passenger,Four lanes or more with central divider,Straight road,,Fine,AP16TW   6451,P.V& AMB,Fatal,0
12.04.2017,3:00 AM,1326.7,RHS,Rural,Kavali,Rear End Collision, Lorry hit Lorry,Lorry,Grievious injury,Fault of driver of motor vehicle/driver of other vehicle/cyclist/pedestrian/passenger,Four lanes or more with central divider,Straight road,,Fine,AP16TW   6451,P.V& AMB,Grevious,1
12.04.2017,3:00 AM,1326.7,RHS,Rural,Kavali,Rear End Collision, Lorry hit Lorry,Lorry,Grievious injury,Fault of driver of motor vehicle/driver of other vehicle/cyclist/pedestrian/passenger,Four lanes or more with central divider,Straight road,,Fine,AP16TW   6451,P.V& AMB,Minor,0
12.04.2017,3:00 AM,1326.7,RHS,Rural,Kavali,Rear End Collision, Lorry hit Lorry,Lorry,Grievious injury,Fault of driver of motor vehicle/driver of other vehicle/cyclist/pedestrian/passenger,Four lanes or more with central divider,Straight road,,Fine,AP16TW   6451,P.V& AMB,Non injured ,0
12.04.2017,3:00 AM,1326.7,RHS,Rural,Kavali,Rear End Collision, Lorry hit Lorry,Lorry,Grievious injury,Fault of driver of motor vehicle/driver of other vehicle/cyclist/pedestrian/passenger,Four lanes or more with central divider,Straight road,,Fine,AP16TW   6451,P.V& AMB,Animals affected,0
13.04.2017,12:05 AM,1232.1,LHS,Rural,Maddipadu,Rear End Collision, Container vehicle hit Unknown vehicle,Container,Minor injury,Over speed,Four lanes or more with central divider,Straight road,,Fine,HR38U   5252   ,P.V,Fatal,0
13.04.2017,12:05 AM,1232.1,LHS,Rural,Maddipadu,Rear End Collision, Container vehicle hit Unknown vehicle,Container,Minor injury,Over speed,Four lanes or more with central divider,Straight road,,Fine,HR38U   5252   ,P.V,Grevious,0
13.04.2017,12:05 AM,1232.1,LHS,Rural,Maddipadu,Rear End Collision, Container vehicle hit Unknown vehicle,Container,Minor injury,Over speed,Four lanes or more with central divider,Straight road,,Fine,HR38U   5252   ,P.V,Minor,1
13.04.2017,12:05 AM,1232.1,LHS,Rural,Maddipadu,Rear End Collision, Container vehicle hit Unknown vehicle,Container,Minor injury,Over speed,Four lanes or more with central divider,Straight road,,Fine,HR38U   5252   ,P.V,Non injured ,4
13.04.2017,12:05 AM,1232.1,LHS,Rural,Maddipadu,Rear End Collision, Container vehicle hit Unknown vehicle,Container,Minor injury,Over speed,Four lanes or more with central divider,Straight road,,Fine,HR38U   5252   ,P.V,Animals affected,0
14.04.2017,8:00 AM,1309.6,RHS,Rural,Kavali,Rear End Collision,  Car hit Ape Auto.,Car,Grievious injury,Over speed,Four lanes or more with central divider,Straight road,,Fine,AP27TW   5959   ,P.V,Fatal,0
14.04.2017,8:00 AM,1309.6,RHS,Rural,Kavali,Rear End Collision,  Car hit Ape Auto.,Car,Grievious injury,Over speed,Four lanes or more with central divider,Straight road,,Fine,AP27TW   5959   ,P.V,Grevious,1
14.04.2017,8:00 AM,1309.6,RHS,Rural,Kavali,Rear End Collision,  Car hit Ape Auto.,Car,Grievious injury,Over speed,Four lanes or more with central divider,Straight road,,Fine,AP27TW   5959   ,P.V,Minor,0
14.04.2017,8:00 AM,1309.6,RHS,Rural,Kavali,Rear End Collision,  Car hit Ape Auto.,Car,Grievious injury,Over speed,Four lanes or more with central divider,Straight road,,Fine,AP27TW   5959   ,P.V,Non injured ,15
14.04.2017,8:00 AM,1309.6,RHS,Rural,Kavali,Rear End Collision,  Car hit Ape Auto.,Car,Grievious injury,Over speed,Four lanes or more with central divider,Straight road,,Fine,AP27TW   5959   ,P.V,Animals affected,0
14.04.2017,8:50 PM,1348,LHS,Rural,Dagadarthi,Rear End Collision,  Car hit Lorry,Car,Minor injury,Fault of driver of motor vehicle/driver of other vehicle/cyclist/pedestrian/passenger,Four lanes or more with central divider,Straight road,,Fine,AP03TE 7207,P.V,Fatal,0
14.04.2017,8:50 PM,1348,LHS,Rural,Dagadarthi,Rear End Collision,  Car hit Lorry,Car,Minor injury,Fault of driver of motor vehicle/driver of other vehicle/cyclist/pedestrian/passenger,Four lanes or more with central divider,Straight road,,Fine,AP03TE 7207,P.V,Grevious,0
14.04.2017,8:50 PM,1348,LHS,Rural,Dagadarthi,Rear End Collision,  Car hit Lorry,Car,Minor injury,Fault of driver of motor vehicle/driver of other vehicle/cyclist/pedestrian/passenger,Four lanes or more with central divider,Straight road,,Fine,AP03TE 7207,P.V,Minor,0
14.04.2017,8:50 PM,1348,LHS,Rural,Dagadarthi,Rear End Collision,  Car hit Lorry,Car,Minor injury,Fault of driver of motor vehicle/driver of other vehicle/cyclist/pedestrian/passenger,Four lanes or more with central divider,Straight road,,Fine,AP03TE 7207,P.V,Non injured ,1
14.04.2017,8:50 PM,1348,LHS,Rural,Dagadarthi,Rear End Collision,  Car hit Lorry,Car,Minor injury,Fault of driver of motor vehicle/driver of other vehicle/cyclist/pedestrian/passenger,Four lanes or more with central divider,Straight road,,Fine,AP03TE 7207,P.V,Animals affected,0
15.04.2017,3:47 PM,1202.2,LHS,Rural,Reningavaram,Skidding, Bike Skidding,Bike,Grievious injury,Fault of driver of motor vehicle/driver of other vehicle/cyclist/pedestrian/passenger,Four lanes or more with central divider,Straight road,,Fine,AP27AP 8762,P.V& AMB,Fatal,0
15.04.2017,3:47 PM,1202.2,LHS,Rural,Reningavaram,Skidding, Bike Skidding,Bike,Grievious injury,Fault of driver of motor vehicle/driver of other vehicle/cyclist/pedestrian/passenger,Four lanes or more with central divider,Straight road,,Fine,AP27AP 8762,P.V& AMB,Grevious,1
15.04.2017,3:47 PM,1202.2,LHS,Rural,Reningavaram,Skidding, Bike Skidding,Bike,Grievious injury,Fault of driver of motor vehicle/driver of other vehicle/cyclist/pedestrian/passenger,Four lanes or more with central divider,Straight road,,Fine,AP27AP 8762,P.V& AMB,Minor,0
15.04.2017,3:47 PM,1202.2,LHS,Rural,Reningavaram,Skidding, Bike Skidding,Bike,Grievious injury,Fault of driver of motor vehicle/driver of other vehicle/cyclist/pedestrian/passenger,Four lanes or more with central divider,Straight road,,Fine,AP27AP 8762,P.V& AMB,Non injured ,0
15.04.2017,3:47 PM,1202.2,LHS,Rural,Reningavaram,Skidding, Bike Skidding,Bike,Grievious injury,Fault of driver of motor vehicle/driver of other vehicle/cyclist/pedestrian/passenger,Four lanes or more with central divider,Straight road,,Fine,AP27AP 8762,P.V& AMB,Animals affected,0
16.04.2017,11:50 AM,1362.6,LHS,Rural,Kovuru,Rear End Collision, Lorry hit Water Tanker,Lorry,Grievious injury,Fault of driver of motor vehicle/driver of other vehicle/cyclist/pedestrian/passenger,Four lanes or more with central divider,Straight road,,Fine,TN68L   0707,P.V,Fatal,0
16.04.2017,11:50 AM,1362.6,LHS,Rural,Kovuru,Rear End Collision, Lorry hit Water Tanker,Lorry,Grievious injury,Fault of driver of motor vehicle/driver of other vehicle/cyclist/pedestrian/passenger,Four lanes or more with central divider,Straight road,,Fine,TN68L   0707,P.V,Grevious,1
16.04.2017,11:50 AM,1362.6,LHS,Rural,Kovuru,Rear End Collision, Lorry hit Water Tanker,Lorry,Grievious injury,Fault of driver of motor vehicle/driver of other vehicle/cyclist/pedestrian/passenger,Four lanes or more with central divider,Straight road,,Fine,TN68L   0707,P.V,Minor,1
16.04.2017,11:50 AM,1362.6,LHS,Rural,Kovuru,Rear End Collision, Lorry hit Water Tanker,Lorry,Grievious injury,Fault of driver of motor vehicle/driver of other vehicle/cyclist/pedestrian/passenger,Four lanes or more with central divider,Straight road,,Fine,TN68L   0707,P.V,Non injured ,2
16.04.2017,11:50 AM,1362.6,LHS,Rural,Kovuru,Rear End Collision, Lorry hit Water Tanker,Lorry,Grievious injury,Fault of driver of motor vehicle/driver of other vehicle/cyclist/pedestrian/passenger,Four lanes or more with central divider,Straight road,,Fine,TN68L   0707,P.V,Animals affected,0
16.04.2017,5:00 PM,1240.4,LHS,Rural,Ongole,Rear End Collision, Lorry hit Unknown Vehicle,Lorry,Minor injury,Fault of driver of motor vehicle/driver of other vehicle/cyclist/pedestrian/passenger,Four lanes or more with central divider,Straight road,,Fine,AP16TX    4626,P.V,Fatal,0
16.04.2017,5:00 PM,1240.4,LHS,Rural,Ongole,Rear End Collision, Lorry hit Unknown Vehicle,Lorry,Minor injury,Fault of driver of motor vehicle/driver of other vehicle/cyclist/pedestrian/passenger,Four lanes or more with central divider,Straight road,,Fine,AP16TX    4626,P.V,Grevious,0
16.04.2017,5:00 PM,1240.4,LHS,Rural,Ongole,Rear End Collision, Lorry hit Unknown Vehicle,Lorry,Minor injury,Fault of driver of motor vehicle/driver of other vehicle/cyclist/pedestrian/passenger,Four lanes or more with central divider,Straight road,,Fine,AP16TX    4626,P.V,Minor,1
16.04.2017,5:00 PM,1240.4,LHS,Rural,Ongole,Rear End Collision, Lorry hit Unknown Vehicle,Lorry,Minor injury,Fault of driver of motor vehicle/driver of other vehicle/cyclist/pedestrian/passenger,Four lanes or more with central divider,Straight road,,Fine,AP16TX    4626,P.V,Non injured ,1
16.04.2017,5:00 PM,1240.4,LHS,Rural,Ongole,Rear End Collision, Lorry hit Unknown Vehicle,Lorry,Minor injury,Fault of driver of motor vehicle/driver of other vehicle/cyclist/pedestrian/passenger,Four lanes or more with central divider,Straight road,,Fine,AP16TX    4626,P.V,Animals affected,0
17.04.2017,4:30 AM,1205.9,LHS,Rural,Reningavaram,Collision Brush/Side Wipe, Unknown Vehicle hit Bike,Unknown,Fatal,Over speed,Four lanes or more with central divider,Straight road,,Fine,Unknown Vehicle,P.V,Fatal,1
17.04.2017,4:30 AM,1205.9,LHS,Rural,Reningavaram,Collision Brush/Side Wipe, Unknown Vehicle hit Bike,Unknown,Fatal,Over speed,Four lanes or more with central divider,Straight road,,Fine,Unknown Vehicle,P.V,Grevious,0
17.04.2017,4:30 AM,1205.9,LHS,Rural,Reningavaram,Collision Brush/Side Wipe, Unknown Vehicle hit Bike,Unknown,Fatal,Over speed,Four lanes or more with central divider,Straight road,,Fine,Unknown Vehicle,P.V,Minor,0
17.04.2017,4:30 AM,1205.9,LHS,Rural,Reningavaram,Collision Brush/Side Wipe, Unknown Vehicle hit Bike,Unknown,Fatal,Over speed,Four lanes or more with central divider,Straight road,,Fine,Unknown Vehicle,P.V,Non injured ,0
17.04.2017,4:30 AM,1205.9,LHS,Rural,Reningavaram,Collision Brush/Side Wipe, Unknown Vehicle hit Bike,Unknown,Fatal,Over speed,Four lanes or more with central divider,Straight road,,Fine,Unknown Vehicle,P.V,Animals affected,0
17.04.2017,6:10 AM,1251.4,LHS,Rural,Ongole,Collision Brush/Side Wipe, Lorry hit CC Barriers ,Lorry,Non injury,Fault of driver of motor vehicle/driver of other vehicle/cyclist/pedestrian/passenger,Two lanes,Slight curve,,Fine,WB67A         3100,P.V,Fatal,0
17.04.2017,6:10 AM,1251.4,LHS,Rural,Ongole,Collision Brush/Side Wipe, Lorry hit CC Barriers ,Lorry,Non injury,Fault of driver of motor vehicle/driver of other vehicle/cyclist/pedestrian/passenger,Two lanes,Slight curve,,Fine,WB67A         3100,P.V,Grevious,0
17.04.2017,6:10 AM,1251.4,LHS,Rural,Ongole,Collision Brush/Side Wipe, Lorry hit CC Barriers ,Lorry,Non injury,Fault of driver of motor vehicle/driver of other vehicle/cyclist/pedestrian/passenger,Two lanes,Slight curve,,Fine,WB67A         3100,P.V,Minor,0
17.04.2017,6:10 AM,1251.4,LHS,Rural,Ongole,Collision Brush/Side Wipe, Lorry hit CC Barriers ,Lorry,Non injury,Fault of driver of motor vehicle/driver of other vehicle/cyclist/pedestrian/passenger,Two lanes,Slight curve,,Fine,WB67A         3100,P.V,Non injured ,1
17.04.2017,6:10 AM,1251.4,LHS,Rural,Ongole,Collision Brush/Side Wipe, Lorry hit CC Barriers ,Lorry,Non injury,Fault of driver of motor vehicle/driver of other vehicle/cyclist/pedestrian/passenger,Two lanes,Slight curve,,Fine,WB67A         3100,P.V,Animals affected,0
18.04.2017,1:20 AM,1213.7,LHS,Rural,Medarametla,Collision Brush/Side Wipe, Car hit median,Car,Minor injury,Over speed,Four lanes or more with central divider,Straight road,,Fine,AP09BC  4555,P.V,Fatal,0
18.04.2017,1:20 AM,1213.7,LHS,Rural,Medarametla,Collision Brush/Side Wipe, Car hit median,Car,Minor injury,Over speed,Four lanes or more with central divider,Straight road,,Fine,AP09BC  4555,P.V,Grevious,0
18.04.2017,1:20 AM,1213.7,LHS,Rural,Medarametla,Collision Brush/Side Wipe, Car hit median,Car,Minor injury,Over speed,Four lanes or more with central divider,Straight road,,Fine,AP09BC  4555,P.V,Minor,1
18.04.2017,1:20 AM,1213.7,LHS,Rural,Medarametla,Collision Brush/Side Wipe, Car hit median,Car,Minor injury,Over speed,Four lanes or more with central divider,Straight road,,Fine,AP09BC  4555,P.V,Non injured ,0
18.04.2017,1:20 AM,1213.7,LHS,Rural,Medarametla,Collision Brush/Side Wipe, Car hit median,Car,Minor injury,Over speed,Four lanes or more with central divider,Straight road,,Fine,AP09BC  4555,P.V,Animals affected,0
18.04.2017,10:40 AM,1284.4,LHS,Rural,Ulavapadu,Collision Brush/Side Wipe, Car hit median,Car,Minor injury,Over speed,Four lanes or more with central divider,Straight road,,Fine,AP37BV   4779,A.M.B  &  P.V,Fatal,0
18.04.2017,10:40 AM,1284.4,LHS,Rural,Ulavapadu,Collision Brush/Side Wipe, Car hit median,Car,Minor injury,Over speed,Four lanes or more with central divider,Straight road,,Fine,AP37BV   4779,A.M.B  &  P.V,Grevious,0
18.04.2017,10:40 AM,1284.4,LHS,Rural,Ulavapadu,Collision Brush/Side Wipe, Car hit median,Car,Minor injury,Over speed,Four lanes or more with central divider,Straight road,,Fine,AP37BV   4779,A.M.B  &  P.V,Minor,4
18.04.2017,10:40 AM,1284.4,LHS,Rural,Ulavapadu,Collision Brush/Side Wipe, Car hit median,Car,Minor injury,Over speed,Four lanes or more with central divider,Straight road,,Fine,AP37BV   4779,A.M.B  &  P.V,Non injured ,3
18.04.2017,10:40 AM,1284.4,LHS,Rural,Ulavapadu,Collision Brush/Side Wipe, Car hit median,Car,Minor injury,Over speed,Four lanes or more with central divider,Straight road,,Fine,AP37BV   4779,A.M.B  &  P.V,Animals affected,0
18.04.2017,3:00 PM,1305.4,LHS,Rural,Gudluru,Collision Brush/Side Wipe, Lorry hit ROB safety wall,Lorry,Non injury,Fault of driver of motor vehicle/driver of other vehicle/cyclist/pedestrian/passenger,Two lanes,Slight curve,,Fine,AP07TF  5009,P.V,Fatal,0
18.04.2017,3:00 PM,1305.4,LHS,Rural,Gudluru,Collision Brush/Side Wipe, Lorry hit ROB safety wall,Lorry,Non injury,Fault of driver of motor vehicle/driver of other vehicle/cyclist/pedestrian/passenger,Two lanes,Slight curve,,Fine,AP07TF  5009,P.V,Grevious,0
18.04.2017,3:00 PM,1305.4,LHS,Rural,Gudluru,Collision Brush/Side Wipe, Lorry hit ROB safety wall,Lorry,Non injury,Fault of driver of motor vehicle/driver of other vehicle/cyclist/pedestrian/passenger,Two lanes,Slight curve,,Fine,AP07TF  5009,P.V,Minor,0
18.04.2017,3:00 PM,1305.4,LHS,Rural,Gudluru,Collision Brush/Side Wipe, Lorry hit ROB safety wall,Lorry,Non injury,Fault of driver of motor vehicle/driver of other vehicle/cyclist/pedestrian/passenger,Two lanes,Slight curve,,Fine,AP07TF  5009,P.V,Non injured ,2
18.04.2017,3:00 PM,1305.4,LHS,Rural,Gudluru,Collision Brush/Side Wipe, Lorry hit ROB safety wall,Lorry,Non injury,Fault of driver of motor vehicle/driver of other vehicle/cyclist/pedestrian/passenger,Two lanes,Slight curve,,Fine,AP07TF  5009,P.V,Animals affected,0
21.04.2017,6:30 AM,1282.6,LHS,Rural,Singarayakonda,Collision Brush/Side Wipe, Lorry hit TVS XL Moped.,Lorry,Grievious injury,Fault of driver of motor vehicle/driver of other vehicle/cyclist/pedestrian/passenger,Four lanes or more with central divider,Straight road,,Fine,AP16TF 8592, A.M.B,Fatal,0
21.04.2017,6:30 AM,1282.6,LHS,Rural,Singarayakonda,Collision Brush/Side Wipe, Lorry hit TVS XL Moped.,Lorry,Grievious injury,Fault of driver of motor vehicle/driver of other vehicle/cyclist/pedestrian/passenger,Four lanes or more with central divider,Straight road,,Fine,AP16TF 8592, A.M.B,Grevious,1
21.04.2017,6:30 AM,1282.6,LHS,Rural,Singarayakonda,Collision Brush/Side Wipe, Lorry hit TVS XL Moped.,Lorry,Grievious injury,Fault of driver of motor vehicle/driver of other vehicle/cyclist/pedestrian/passenger,Four lanes or more with central divider,Straight road,,Fine,AP16TF 8592, A.M.B,Minor,1