Operational date,Time of Accident,KM && M,Position,Rural/Urban,Location,Nature of Accident Position,Nature of Accident,Vehicle Involved,Type of Accident,Causes,Road Feature,Road condition,Intersection Type And Control,Weather Condition,Vehicle Responsible,Help Provided by Ambulance/Patroling Vehicle,Classification of Accident,No of Affected Persons
21.04.2017,6:30 AM,1282.6,LHS,Rural,Singarayakonda,Collision Brush/Side Wipe, Lorry hit TVS XL Moped.,Lorry,Grievious injury,Fault of driver of motor vehicle/driver of other vehicle/cyclist/pedestrian/passenger,Four lanes or more with central divider,Straight road,,Fine,AP16TF 8592, A.M.B,Non injured ,0
21.04.2017,6:30 AM,1282.6,LHS,Rural,Singarayakonda,Collision Brush/Side Wipe, Lorry hit TVS XL Moped.,Lorry,Grievious injury,Fault of driver of motor vehicle/driver of other vehicle/cyclist/pedestrian/passenger,Four lanes or more with central divider,Straight road,,Fine,AP16TF 8592, A.M.B,Animals affected,0
22.04.2017,12:30 AM,1224.5,LHS,Rural,Maddipadu,Collision Brush/Side Wipe, Car hit Bike,Car,Minor injury,Over speed,Four lanes or more with central divider,Straight road,,Fine,AP26BE  4863,P.V,Fatal,0
22.04.2017,12:30 AM,1224.5,LHS,Rural,Maddipadu,Collision Brush/Side Wipe, Car hit Bike,Car,Minor injury,Over speed,Four lanes or more with central divider,Straight road,,Fine,AP26BE  4863,P.V,Grevious,0
22.04.2017,12:30 AM,1224.5,LHS,Rural,Maddipadu,Collision Brush/Side Wipe, Car hit Bike,Car,Minor injury,Over speed,Four lanes or more with central divider,Straight road,,Fine,AP26BE  4863,P.V,Minor,1
22.04.2017,12:30 AM,1224.5,LHS,Rural,Maddipadu,Collision Brush/Side Wipe, Car hit Bike,Car,Minor injury,Over speed,Four lanes or more with central divider,Straight road,,Fine,AP26BE  4863,P.V,Non injured ,4
22.04.2017,12:30 AM,1224.5,LHS,Rural,Maddipadu,Collision Brush/Side Wipe, Car hit Bike,Car,Minor injury,Over speed,Four lanes or more with central divider,Straight road,,Fine,AP26BE  4863,P.V,Animals affected,0
22.04.2017,7:20 AM,1240.5,LHS,Rural,Ongole,Collision Brush/Side Wipe, Car hit Bike,Car,Minor injury,Over speed,Four lanes or more with central divider,Straight road,,Fine,AP27AM 1286,P.V,Fatal,0
22.04.2017,7:20 AM,1240.5,LHS,Rural,Ongole,Collision Brush/Side Wipe, Car hit Bike,Car,Minor injury,Over speed,Four lanes or more with central divider,Straight road,,Fine,AP27AM 1286,P.V,Grevious,0
22.04.2017,7:20 AM,1240.5,LHS,Rural,Ongole,Collision Brush/Side Wipe, Car hit Bike,Car,Minor injury,Over speed,Four lanes or more with central divider,Straight road,,Fine,AP27AM 1286,P.V,Minor,2
22.04.2017,7:20 AM,1240.5,LHS,Rural,Ongole,Collision Brush/Side Wipe, Car hit Bike,Car,Minor injury,Over speed,Four lanes or more with central divider,Straight road,,Fine,AP27AM 1286,P.V,Non injured ,0
22.04.2017,7:20 AM,1240.5,LHS,Rural,Ongole,Collision Brush/Side Wipe, Car hit Bike,Car,Minor injury,Over speed,Four lanes or more with central divider,Straight road,,Fine,AP27AM 1286,P.V,Animals affected,0
22.04.2017,8:00 AM,1279.7,RHS,Rural,Singarayakonda,Overturning, Lorry Overturned towards Row,Lorry,Minor injury,Fault of driver of motor vehicle/driver of other vehicle/cyclist/pedestrian/passenger,Four lanes or more with central divider,Slight curve,,Fine,MH34AB 4032,P.V,Fatal,0
22.04.2017,8:00 AM,1279.7,RHS,Rural,Singarayakonda,Overturning, Lorry Overturned towards Row,Lorry,Minor injury,Fault of driver of motor vehicle/driver of other vehicle/cyclist/pedestrian/passenger,Four lanes or more with central divider,Slight curve,,Fine,MH34AB 4032,P.V,Grevious,0
22.04.2017,8:00 AM,1279.7,RHS,Rural,Singarayakonda,Overturning, Lorry Overturned towards Row,Lorry,Minor injury,Fault of driver of motor vehicle/driver of other vehicle/cyclist/pedestrian/passenger,Four lanes or more with central divider,Slight curve,,Fine,MH34AB 4032,P.V,Minor,0
22.04.2017,8:00 AM,1279.7,RHS,Rural,Singarayakonda,Overturning, Lorry Overturned towards Row,Lorry,Minor injury,Fault of driver of motor vehicle/driver of other vehicle/cyclist/pedestrian/passenger,Four lanes or more with central divider,Slight curve,,Fine,MH34AB 4032,P.V,Non injured ,1
22.04.2017,8:00 AM,1279.7,RHS,Rural,Singarayakonda,Overturning, Lorry Overturned towards Row,Lorry,Minor injury,Fault of driver of motor vehicle/driver of other vehicle/cyclist/pedestrian/passenger,Four lanes or more with central divider,Slight curve,,Fine,MH34AB 4032,P.V,Animals affected,0
22.04.2017,10:00 PM,1189.7,LHS,Rural,Martur,Rear End Collision, Car hit Bike,Car,Grievious injury,Over speed,Four lanes or more with central divider,Straight road,,Fine,AP03TD 9599,P.V,Fatal,0
22.04.2017,10:00 PM,1189.7,LHS,Rural,Martur,Rear End Collision, Car hit Bike,Car,Grievious injury,Over speed,Four lanes or more with central divider,Straight road,,Fine,AP03TD 9599,P.V,Grevious,1
22.04.2017,10:00 PM,1189.7,LHS,Rural,Martur,Rear End Collision, Car hit Bike,Car,Grievious injury,Over speed,Four lanes or more with central divider,Straight road,,Fine,AP03TD 9599,P.V,Minor,0
22.04.2017,10:00 PM,1189.7,LHS,Rural,Martur,Rear End Collision, Car hit Bike,Car,Grievious injury,Over speed,Four lanes or more with central divider,Straight road,,Fine,AP03TD 9599,P.V,Non injured ,3
22.04.2017,10:00 PM,1189.7,LHS,Rural,Martur,Rear End Collision, Car hit Bike,Car,Grievious injury,Over speed,Four lanes or more with central divider,Straight road,,Fine,AP03TD 9599,P.V,Animals affected,0
23.04.2017,2:30 AM,1194.6,LHS,Rural,Martur,Rear End Collision, Mini Truck hit Unknown Vehicle,Lorry,Non injury,Fault of driver of motor vehicle/driver of other vehicle/cyclist/pedestrian/passenger,Four lanes or more with central divider,Straight road,,Fine,AP26TF 2001,P.V.,Fatal,0
23.04.2017,2:30 AM,1194.6,LHS,Rural,Martur,Rear End Collision, Mini Truck hit Unknown Vehicle,Lorry,Non injury,Fault of driver of motor vehicle/driver of other vehicle/cyclist/pedestrian/passenger,Four lanes or more with central divider,Straight road,,Fine,AP26TF 2001,P.V.,Grevious,0
23.04.2017,2:30 AM,1194.6,LHS,Rural,Martur,Rear End Collision, Mini Truck hit Unknown Vehicle,Lorry,Non injury,Fault of driver of motor vehicle/driver of other vehicle/cyclist/pedestrian/passenger,Four lanes or more with central divider,Straight road,,Fine,AP26TF 2001,P.V.,Minor,0
23.04.2017,2:30 AM,1194.6,LHS,Rural,Martur,Rear End Collision, Mini Truck hit Unknown Vehicle,Lorry,Non injury,Fault of driver of motor vehicle/driver of other vehicle/cyclist/pedestrian/passenger,Four lanes or more with central divider,Straight road,,Fine,AP26TF 2001,P.V.,Non injured ,1
23.04.2017,2:30 AM,1194.6,LHS,Rural,Martur,Rear End Collision, Mini Truck hit Unknown Vehicle,Lorry,Non injury,Fault of driver of motor vehicle/driver of other vehicle/cyclist/pedestrian/passenger,Four lanes or more with central divider,Straight road,,Fine,AP26TF 2001,P.V.,Animals affected,0
23.04.2017,5:45 AM,1272.8,RHS,Rural,Jarugumalli,Collision Brush/Side Wipe, Mini Truck hit Tractor,Lorry,Minor injury,Fault of driver of motor vehicle/driver of other vehicle/cyclist/pedestrian/passenger,Four lanes or more with central divider,Straight road,,Fine,AP27X   2888,P.V.,Fatal,0
23.04.2017,5:45 AM,1272.8,RHS,Rural,Jarugumalli,Collision Brush/Side Wipe, Mini Truck hit Tractor,Lorry,Minor injury,Fault of driver of motor vehicle/driver of other vehicle/cyclist/pedestrian/passenger,Four lanes or more with central divider,Straight road,,Fine,AP27X   2888,P.V.,Grevious,0
23.04.2017,5:45 AM,1272.8,RHS,Rural,Jarugumalli,Collision Brush/Side Wipe, Mini Truck hit Tractor,Lorry,Minor injury,Fault of driver of motor vehicle/driver of other vehicle/cyclist/pedestrian/passenger,Four lanes or more with central divider,Straight road,,Fine,AP27X   2888,P.V.,Minor,2
23.04.2017,5:45 AM,1272.8,RHS,Rural,Jarugumalli,Collision Brush/Side Wipe, Mini Truck hit Tractor,Lorry,Minor injury,Fault of driver of motor vehicle/driver of other vehicle/cyclist/pedestrian/passenger,Four lanes or more with central divider,Straight road,,Fine,AP27X   2888,P.V.,Non injured ,0
23.04.2017,5:45 AM,1272.8,RHS,Rural,Jarugumalli,Collision Brush/Side Wipe, Mini Truck hit Tractor,Lorry,Minor injury,Fault of driver of motor vehicle/driver of other vehicle/cyclist/pedestrian/passenger,Four lanes or more with central divider,Straight road,,Fine,AP27X   2888,P.V.,Animals affected,0
23.04.2017,11:20 AM,1351.1,LHS,Rural,Kodavaluru,Collision Brush/Side Wipe, Lorry hit Car,Lorry,Grievious injury,Fault of driver of motor vehicle/driver of other vehicle/cyclist/pedestrian/passenger,Four lanes or more with central divider,Straight road,,Fine,AP05TG  2659,P.V.,Fatal,0
23.04.2017,11:20 AM,1351.1,LHS,Rural,Kodavaluru,Collision Brush/Side Wipe, Lorry hit Car,Lorry,Grievious injury,Fault of driver of motor vehicle/driver of other vehicle/cyclist/pedestrian/passenger,Four lanes or more with central divider,Straight road,,Fine,AP05TG  2659,P.V.,Grevious,1
23.04.2017,11:20 AM,1351.1,LHS,Rural,Kodavaluru,Collision Brush/Side Wipe, Lorry hit Car,Lorry,Grievious injury,Fault of driver of motor vehicle/driver of other vehicle/cyclist/pedestrian/passenger,Four lanes or more with central divider,Straight road,,Fine,AP05TG  2659,P.V.,Minor,0
23.04.2017,11:20 AM,1351.1,LHS,Rural,Kodavaluru,Collision Brush/Side Wipe, Lorry hit Car,Lorry,Grievious injury,Fault of driver of motor vehicle/driver of other vehicle/cyclist/pedestrian/passenger,Four lanes or more with central divider,Straight road,,Fine,AP05TG  2659,P.V.,Non injured ,5
23.04.2017,11:20 AM,1351.1,LHS,Rural,Kodavaluru,Collision Brush/Side Wipe, Lorry hit Car,Lorry,Grievious injury,Fault of driver of motor vehicle/driver of other vehicle/cyclist/pedestrian/passenger,Four lanes or more with central divider,Straight road,,Fine,AP05TG  2659,P.V.,Animals affected,0
24.04.2017,10:10 AM,1193.4,RHS,Rural,Martur,Collision Brush/Side Wipe, Bike hit TVS XL Moped,Bike,Minor injury,Fault of driver of motor vehicle/driver of other vehicle/cyclist/pedestrian/passenger,Four lanes or more with central divider,Straight road,,Fine,AP26AT  9708,A.M.B & P.V.,Fatal,0
24.04.2017,10:10 AM,1193.4,RHS,Rural,Martur,Collision Brush/Side Wipe, Bike hit TVS XL Moped,Bike,Minor injury,Fault of driver of motor vehicle/driver of other vehicle/cyclist/pedestrian/passenger,Four lanes or more with central divider,Straight road,,Fine,AP26AT  9708,A.M.B & P.V.,Grevious,0
24.04.2017,10:10 AM,1193.4,RHS,Rural,Martur,Collision Brush/Side Wipe, Bike hit TVS XL Moped,Bike,Minor injury,Fault of driver of motor vehicle/driver of other vehicle/cyclist/pedestrian/passenger,Four lanes or more with central divider,Straight road,,Fine,AP26AT  9708,A.M.B & P.V.,Minor,2
24.04.2017,10:10 AM,1193.4,RHS,Rural,Martur,Collision Brush/Side Wipe, Bike hit TVS XL Moped,Bike,Minor injury,Fault of driver of motor vehicle/driver of other vehicle/cyclist/pedestrian/passenger,Four lanes or more with central divider,Straight road,,Fine,AP26AT  9708,A.M.B & P.V.,Non injured ,1
24.04.2017,10:10 AM,1193.4,RHS,Rural,Martur,Collision Brush/Side Wipe, Bike hit TVS XL Moped,Bike,Minor injury,Fault of driver of motor vehicle/driver of other vehicle/cyclist/pedestrian/passenger,Four lanes or more with central divider,Straight road,,Fine,AP26AT  9708,A.M.B & P.V.,Animals affected,0
24.04.2017,7:10 PM,1269.7,LHS,Rural,Jarugumalli,Collision Brush/Side Wipe, Car hit unknown vehicle,Car,Non injury,Over speed,Four lanes or more with central divider,Slight curve,,Fine,DD03J   1556,P.V.,Fatal,0
24.04.2017,7:10 PM,1269.7,LHS,Rural,Jarugumalli,Collision Brush/Side Wipe, Car hit unknown vehicle,Car,Non injury,Over speed,Four lanes or more with central divider,Slight curve,,Fine,DD03J   1556,P.V.,Grevious,0
24.04.2017,7:10 PM,1269.7,LHS,Rural,Jarugumalli,Collision Brush/Side Wipe, Car hit unknown vehicle,Car,Non injury,Over speed,Four lanes or more with central divider,Slight curve,,Fine,DD03J   1556,P.V.,Minor,0
24.04.2017,7:10 PM,1269.7,LHS,Rural,Jarugumalli,Collision Brush/Side Wipe, Car hit unknown vehicle,Car,Non injury,Over speed,Four lanes or more with central divider,Slight curve,,Fine,DD03J   1556,P.V.,Non injured ,7
24.04.2017,7:10 PM,1269.7,LHS,Rural,Jarugumalli,Collision Brush/Side Wipe, Car hit unknown vehicle,Car,Non injury,Over speed,Four lanes or more with central divider,Slight curve,,Fine,DD03J   1556,P.V.,Animals affected,0
25.04.2017,3:30 AM,1207.5,RHS,Rural,Reningavaram,Collision Brush/Side Wipe, Car hit median,Car,Minor injury,Fault of driver of motor vehicle/driver of other vehicle/cyclist/pedestrian/passenger,Four lanes or more with central divider,Straight road,,Fine,AP27TX  5112,A.M.B & P.V,Fatal,0
25.04.2017,3:30 AM,1207.5,RHS,Rural,Reningavaram,Collision Brush/Side Wipe, Car hit median,Car,Minor injury,Fault of driver of motor vehicle/driver of other vehicle/cyclist/pedestrian/passenger,Four lanes or more with central divider,Straight road,,Fine,AP27TX  5112,A.M.B & P.V,Grevious,0
25.04.2017,3:30 AM,1207.5,RHS,Rural,Reningavaram,Collision Brush/Side Wipe, Car hit median,Car,Minor injury,Fault of driver of motor vehicle/driver of other vehicle/cyclist/pedestrian/passenger,Four lanes or more with central divider,Straight road,,Fine,AP27TX  5112,A.M.B & P.V,Minor,1
25.04.2017,3:30 AM,1207.5,RHS,Rural,Reningavaram,Collision Brush/Side Wipe, Car hit median,Car,Minor injury,Fault of driver of motor vehicle/driver of other vehicle/cyclist/pedestrian/passenger,Four lanes or more with central divider,Straight road,,Fine,AP27TX  5112,A.M.B & P.V,Non injured ,0
25.04.2017,3:30 AM,1207.5,RHS,Rural,Reningavaram,Collision Brush/Side Wipe, Car hit median,Car,Minor injury,Fault of driver of motor vehicle/driver of other vehicle/cyclist/pedestrian/passenger,Four lanes or more with central divider,Straight road,,Fine,AP27TX  5112,A.M.B & P.V,Animals affected,0
26.04.2017,1:45 AM,1237.9,LHS,Rural,Maddipadu,Collision Brush/Side Wipe, Unknown vehicle hit Pedestrian,Unknown,Fatal,Over speed,Four lanes or more with central divider,Straight road,,Fine,Unknown vehicle,P.V,Fatal,1
26.04.2017,1:45 AM,1237.9,LHS,Rural,Maddipadu,Collision Brush/Side Wipe, Unknown vehicle hit Pedestrian,Unknown,Fatal,Over speed,Four lanes or more with central divider,Straight road,,Fine,Unknown vehicle,P.V,Grevious,0
26.04.2017,1:45 AM,1237.9,LHS,Rural,Maddipadu,Collision Brush/Side Wipe, Unknown vehicle hit Pedestrian,Unknown,Fatal,Over speed,Four lanes or more with central divider,Straight road,,Fine,Unknown vehicle,P.V,Minor,0
26.04.2017,1:45 AM,1237.9,LHS,Rural,Maddipadu,Collision Brush/Side Wipe, Unknown vehicle hit Pedestrian,Unknown,Fatal,Over speed,Four lanes or more with central divider,Straight road,,Fine,Unknown vehicle,P.V,Non injured ,0
26.04.2017,1:45 AM,1237.9,LHS,Rural,Maddipadu,Collision Brush/Side Wipe, Unknown vehicle hit Pedestrian,Unknown,Fatal,Over speed,Four lanes or more with central divider,Straight road,,Fine,Unknown vehicle,P.V,Animals affected,0
27.04.2017,12:40 AM,1356.7,LHS,Rural,Kodavaluru,Rear End Collision, Bike hit Unknown vehicle,Bike,Fatal,Over speed,Four lanes or more with central divider,Straight road,,Fine,AP27BK 4996,P.V,Fatal,1
27.04.2017,12:40 AM,1356.7,LHS,Rural,Kodavaluru,Rear End Collision, Bike hit Unknown vehicle,Bike,Fatal,Over speed,Four lanes or more with central divider,Straight road,,Fine,AP27BK 4996,P.V,Grevious,0
27.04.2017,12:40 AM,1356.7,LHS,Rural,Kodavaluru,Rear End Collision, Bike hit Unknown vehicle,Bike,Fatal,Over speed,Four lanes or more with central divider,Straight road,,Fine,AP27BK 4996,P.V,Minor,0
27.04.2017,12:40 AM,1356.7,LHS,Rural,Kodavaluru,Rear End Collision, Bike hit Unknown vehicle,Bike,Fatal,Over speed,Four lanes or more with central divider,Straight road,,Fine,AP27BK 4996,P.V,Non injured ,0
27.04.2017,12:40 AM,1356.7,LHS,Rural,Kodavaluru,Rear End Collision, Bike hit Unknown vehicle,Bike,Fatal,Over speed,Four lanes or more with central divider,Straight road,,Fine,AP27BK 4996,P.V,Animals affected,0
27.04.2017,6:50 AM,1276.4,RHS,Rural,Singarayakonda,Rear End Collision, Car hit JCB,Car,Minor injury,Over speed,Four lanes or more with central divider,Straight road,,Fine,TS11EH 8175,P.V& A.M.B,Fatal,0
27.04.2017,6:50 AM,1276.4,RHS,Rural,Singarayakonda,Rear End Collision, Car hit JCB,Car,Minor injury,Over speed,Four lanes or more with central divider,Straight road,,Fine,TS11EH 8175,P.V& A.M.B,Grevious,0
27.04.2017,6:50 AM,1276.4,RHS,Rural,Singarayakonda,Rear End Collision, Car hit JCB,Car,Minor injury,Over speed,Four lanes or more with central divider,Straight road,,Fine,TS11EH 8175,P.V& A.M.B,Minor,2
27.04.2017,6:50 AM,1276.4,RHS,Rural,Singarayakonda,Rear End Collision, Car hit JCB,Car,Minor injury,Over speed,Four lanes or more with central divider,Straight road,,Fine,TS11EH 8175,P.V& A.M.B,Non injured ,0
27.04.2017,6:50 AM,1276.4,RHS,Rural,Singarayakonda,Rear End Collision, Car hit JCB,Car,Minor injury,Over speed,Four lanes or more with central divider,Straight road,,Fine,TS11EH 8175,P.V& A.M.B,Animals affected,0
27.04.2017,7:00 AM,1297,LHS,Rural,Ulavapadu,Overturning, Long Containeer Vehicle Overturned,Lorry,Non injury,Fault of driver of motor vehicle/driver of other vehicle/cyclist/pedestrian/passenger,Four lanes or more with central divider,Straight road,,Fine,HR74 3534,P.V,Fatal,0
27.04.2017,7:00 AM,1297,LHS,Rural,Ulavapadu,Overturning, Long Containeer Vehicle Overturned,Lorry,Non injury,Fault of driver of motor vehicle/driver of other vehicle/cyclist/pedestrian/passenger,Four lanes or more with central divider,Straight road,,Fine,HR74 3534,P.V,Grevious,0
27.04.2017,7:00 AM,1297,LHS,Rural,Ulavapadu,Overturning, Long Containeer Vehicle Overturned,Lorry,Non injury,Fault of driver of motor vehicle/driver of other vehicle/cyclist/pedestrian/passenger,Four lanes or more with central divider,Straight road,,Fine,HR74 3534,P.V,Minor,0
27.04.2017,7:00 AM,1297,LHS,Rural,Ulavapadu,Overturning, Long Containeer Vehicle Overturned,Lorry,Non injury,Fault of driver of motor vehicle/driver of other vehicle/cyclist/pedestrian/passenger,Four lanes or more with central divider,Straight road,,Fine,HR74 3534,P.V,Non injured ,2
27.04.2017,7:00 AM,1297,LHS,Rural,Ulavapadu,Overturning, Long Containeer Vehicle Overturned,Lorry,Non injury,Fault of driver of motor vehicle/driver of other vehicle/cyclist/pedestrian/passenger,Four lanes or more with central divider,Straight road,,Fine,HR74 3534,P.V,Animals affected,0
28.04.2017,9:44 AM,1293.6,RHS,Rural,Ulavapadu,Rear End Collision, Long Trailer Vehicle hit Oil Tanker,Lorry,Non injury,Over speed,Four lanes or more with central divider,Straight road,,Fine,AP27TB 5577,P.V,Fatal,0
28.04.2017,9:44 AM,1293.6,RHS,Rural,Ulavapadu,Rear End Collision, Long Trailer Vehicle hit Oil Tanker,Lorry,Non injury,Over speed,Four lanes or more with central divider,Straight road,,Fine,AP27TB 5577,P.V,Grevious,0
28.04.2017,9:44 AM,1293.6,RHS,Rural,Ulavapadu,Rear End Collision, Long Trailer Vehicle hit Oil Tanker,Lorry,Non injury,Over speed,Four lanes or more with central divider,Straight road,,Fine,AP27TB 5577,P.V,Minor,0
28.04.2017,9:44 AM,1293.6,RHS,Rural,Ulavapadu,Rear End Collision, Long Trailer Vehicle hit Oil Tanker,Lorry,Non injury,Over speed,Four lanes or more with central divider,Straight road,,Fine,AP27TB 5577,P.V,Non injured ,4
28.04.2017,9:44 AM,1293.6,RHS,Rural,Ulavapadu,Rear End Collision, Long Trailer Vehicle hit Oil Tanker,Lorry,Non injury,Over speed,Four lanes or more with central divider,Straight road,,Fine,AP27TB 5577,P.V,Animals affected,0
28.04.2017,10:40 AM,1222.1,RHS,Rural,Medarametla,Overturning, Ape Auto overturned,Auto,Minor injury,Vehicle out of control,Four lanes or more with central divider,Straight road,,Fine,AP27V   3761,P.V,Fatal,0
28.04.2017,10:40 AM,1222.1,RHS,Rural,Medarametla,Overturning, Ape Auto overturned,Auto,Minor injury,Vehicle out of control,Four lanes or more with central divider,Straight road,,Fine,AP27V   3761,P.V,Grevious,0
28.04.2017,10:40 AM,1222.1,RHS,Rural,Medarametla,Overturning, Ape Auto overturned,Auto,Minor injury,Vehicle out of control,Four lanes or more with central divider,Straight road,,Fine,AP27V   3761,P.V,Minor,1
28.04.2017,10:40 AM,1222.1,RHS,Rural,Medarametla,Overturning, Ape Auto overturned,Auto,Minor injury,Vehicle out of control,Four lanes or more with central divider,Straight road,,Fine,AP27V   3761,P.V,Non injured ,0
28.04.2017,10:40 AM,1222.1,RHS,Rural,Medarametla,Overturning, Ape Auto overturned,Auto,Minor injury,Vehicle out of control,Four lanes or more with central divider,Straight road,,Fine,AP27V   3761,P.V,Animals affected,0
29.04.2017,1:20 AM,1263.5,LHS,Rural,Tangutur,Skidding, Bike went out of towards Row,Bike,Minor injury,Over speed,Four lanes or more with central divider,Straight road,,Fine,AP26D   8201,A.M.B,Fatal,0
29.04.2017,1:20 AM,1263.5,LHS,Rural,Tangutur,Skidding, Bike went out of towards Row,Bike,Minor injury,Over speed,Four lanes or more with central divider,Straight road,,Fine,AP26D   8201,A.M.B,Grevious,0
29.04.2017,1:20 AM,1263.5,LHS,Rural,Tangutur,Skidding, Bike went out of towards Row,Bike,Minor injury,Over speed,Four lanes or more with central divider,Straight road,,Fine,AP26D   8201,A.M.B,Minor,1
29.04.2017,1:20 AM,1263.5,LHS,Rural,Tangutur,Skidding, Bike went out of towards Row,Bike,Minor injury,Over speed,Four lanes or more with central divider,Straight road,,Fine,AP26D   8201,A.M.B,Non injured ,0
29.04.2017,1:20 AM,1263.5,LHS,Rural,Tangutur,Skidding, Bike went out of towards Row,Bike,Minor injury,Over speed,Four lanes or more with central divider,Straight road,,Fine,AP26D   8201,A.M.B,Animals affected,0
29.04.2017,12:00 PM,1239.4,LHS,Rural,Ongole,Collision Brush/Side Wipe, Trailer Vehicle hit Scooty,Trailler,Grievious injury,Fault of driver of motor vehicle/driver of other vehicle/cyclist/pedestrian/passenger,Two lanes,Slight curve,,Fine,AP27TX  3663,P.V,Fatal,0
29.04.2017,12:00 PM,1239.4,LHS,Rural,Ongole,Collision Brush/Side Wipe, Trailer Vehicle hit Scooty,Trailler,Grievious injury,Fault of driver of motor vehicle/driver of other vehicle/cyclist/pedestrian/passenger,Two lanes,Slight curve,,Fine,AP27TX  3663,P.V,Grevious,1
29.04.2017,12:00 PM,1239.4,LHS,Rural,Ongole,Collision Brush/Side Wipe, Trailer Vehicle hit Scooty,Trailler,Grievious injury,Fault of driver of motor vehicle/driver of other vehicle/cyclist/pedestrian/passenger,Two lanes,Slight curve,,Fine,AP27TX  3663,P.V,Minor,0
29.04.2017,12:00 PM,1239.4,LHS,Rural,Ongole,Collision Brush/Side Wipe, Trailer Vehicle hit Scooty,Trailler,Grievious injury,Fault of driver of motor vehicle/driver of other vehicle/cyclist/pedestrian/passenger,Two lanes,Slight curve,,Fine,AP27TX  3663,P.V,Non injured ,2
29.04.2017,12:00 PM,1239.4,LHS,Rural,Ongole,Collision Brush/Side Wipe, Trailer Vehicle hit Scooty,Trailler,Grievious injury,Fault of driver of motor vehicle/driver of other vehicle/cyclist/pedestrian/passenger,Two lanes,Slight curve,,Fine,AP27TX  3663,P.V,Animals affected,0
29.04.2017,1:25 PM,1359,LHS,Rural,Kodavaluru,Collision Brush/Side Wipe, Container Vehicle hit Vup safety wall,Container,Non injury,Fault of driver of motor vehicle/driver of other vehicle/cyclist/pedestrian/passenger,Four lanes or more with central divider,Straight road,,Fine,HR55S   7061,P.V,Fatal,0
29.04.2017,1:25 PM,1359,LHS,Rural,Kodavaluru,Collision Brush/Side Wipe, Container Vehicle hit Vup safety wall,Container,Non injury,Fault of driver of motor vehicle/driver of other vehicle/cyclist/pedestrian/passenger,Four lanes or more with central divider,Straight road,,Fine,HR55S   7061,P.V,Grevious,0
29.04.2017,1:25 PM,1359,LHS,Rural,Kodavaluru,Collision Brush/Side Wipe, Container Vehicle hit Vup safety wall,Container,Non injury,Fault of driver of motor vehicle/driver of other vehicle/cyclist/pedestrian/passenger,Four lanes or more with central divider,Straight road,,Fine,HR55S   7061,P.V,Minor,0
29.04.2017,1:25 PM,1359,LHS,Rural,Kodavaluru,Collision Brush/Side Wipe, Container Vehicle hit Vup safety wall,Container,Non injury,Fault of driver of motor vehicle/driver of other vehicle/cyclist/pedestrian/passenger,Four lanes or more with central divider,Straight road,,Fine,HR55S   7061,P.V,Non injured ,1
29.04.2017,1:25 PM,1359,LHS,Rural,Kodavaluru,Collision Brush/Side Wipe, Container Vehicle hit Vup safety wall,Container,Non injury,Fault of driver of motor vehicle/driver of other vehicle/cyclist/pedestrian/passenger,Four lanes or more with central divider,Straight road,,Fine,HR55S   7061,P.V,Animals affected,0
29.04.2017,2:30 PM,1294.7,RHS,Rural,Ulavapadu,Collision Brush/Side Wipe, Container Vehicle hit Mini Truck,Container,Minor injury,Fault of driver of motor vehicle/driver of other vehicle/cyclist/pedestrian/passenger,Four lanes or more with central divider,Straight road,,Fine,AP31TU   2821,P.V,Fatal,0
29.04.2017,2:30 PM,1294.7,RHS,Rural,Ulavapadu,Collision Brush/Side Wipe, Container Vehicle hit Mini Truck,Container,Minor injury,Fault of driver of motor vehicle/driver of other vehicle/cyclist/pedestrian/passenger,Four lanes or more with central divider,Straight road,,Fine,AP31TU   2821,P.V,Grevious,0
29.04.2017,2:30 PM,1294.7,RHS,Rural,Ulavapadu,Collision Brush/Side Wipe, Container Vehicle hit Mini Truck,Container,Minor injury,Fault of driver of motor vehicle/driver of other vehicle/cyclist/pedestrian/passenger,Four lanes or more with central divider,Straight road,,Fine,AP31TU   2821,P.V,Minor,1
29.04.2017,2:30 PM,1294.7,RHS,Rural,Ulavapadu,Collision Brush/Side Wipe, Container Vehicle hit Mini Truck,Container,Minor injury,Fault of driver of motor vehicle/driver of other vehicle/cyclist/pedestrian/passenger,Four lanes or more with central divider,Straight road,,Fine,AP31TU   2821,P.V,Non injured ,2
29.04.2017,2:30 PM,1294.7,RHS,Rural,Ulavapadu,Collision Brush/Side Wipe, Container Vehicle hit Mini Truck,Container,Minor injury,Fault of driver of motor vehicle/driver of other vehicle/cyclist/pedestrian/passenger,Four lanes or more with central divider,Straight road,,Fine,AP31TU   2821,P.V,Animals affected,0
29.04.2017,8:16 PM,1204.3,RHS,Rural,Reningavaram,Rear End Collision, Bike hit Unknown vehicle,Bike,Grievious injury,Druken,Four lanes or more with central divider,Straight road,,Fine,AP27AP 5355,A.M.B,Fatal,0
29.04.2017,8:16 PM,1204.3,RHS,Rural,Reningavaram,Rear End Collision, Bike hit Unknown vehicle,Bike,Grievious injury,Druken,Four lanes or more with central divider,Straight road,,Fine,AP27AP 5355,A.M.B,Grevious,1
29.04.2017,8:16 PM,1204.3,RHS,Rural,Reningavaram,Rear End Collision, Bike hit Unknown vehicle,Bike,Grievious injury,Druken,Four lanes or more with central divider,Straight road,,Fine,AP27AP 5355,A.M.B,Minor,0
29.04.2017,8:16 PM,1204.3,RHS,Rural,Reningavaram,Rear End Collision, Bike hit Unknown vehicle,Bike,Grievious injury,Druken,Four lanes or more with central divider,Straight road,,Fine,AP27AP 5355,A.M.B,Non injured ,0