Operational date,Time of Accident,KM && M,Position,Rural/Urban,Location,Nature of Accident Position,Nature of Accident,Vehicle Involved,Type of Accident,Causes,Road Feature,Road condition,Intersection Type And Control,Weather Condition,Vehicle Responsible,Help Provided by Ambulance/Patroling Vehicle,Classification of Accident,No of Affected Persons
29.04.2017,8:16 PM,1204.3,RHS,Rural,Reningavaram,Rear End Collision, Bike hit Unknown vehicle,Bike,Grievious injury,Druken,Four lanes or more with central divider,Straight road,,Fine,AP27AP 5355,A.M.B,Animals affected,0
30.04.2017,1:35 AM,1317.7,RHS,Rural,Kavali,Rear End Collision, Lorry hit  Container Vehicle ,Lorry,Minor injury,Fault of driver of motor vehicle/driver of other vehicle/cyclist/pedestrian/passenger,Two lanes,Straight road,,Fine,AP27TY  8766,P.V,Fatal,0
30.04.2017,1:35 AM,1317.7,RHS,Rural,Kavali,Rear End Collision, Lorry hit  Container Vehicle ,Lorry,Minor injury,Fault of driver of motor vehicle/driver of other vehicle/cyclist/pedestrian/passenger,Two lanes,Straight road,,Fine,AP27TY  8766,P.V,Grevious,0
30.04.2017,1:35 AM,1317.7,RHS,Rural,Kavali,Rear End Collision, Lorry hit  Container Vehicle ,Lorry,Minor injury,Fault of driver of motor vehicle/driver of other vehicle/cyclist/pedestrian/passenger,Two lanes,Straight road,,Fine,AP27TY  8766,P.V,Minor,1
30.04.2017,1:35 AM,1317.7,RHS,Rural,Kavali,Rear End Collision, Lorry hit  Container Vehicle ,Lorry,Minor injury,Fault of driver of motor vehicle/driver of other vehicle/cyclist/pedestrian/passenger,Two lanes,Straight road,,Fine,AP27TY  8766,P.V,Non injured ,2
30.04.2017,1:35 AM,1317.7,RHS,Rural,Kavali,Rear End Collision, Lorry hit  Container Vehicle ,Lorry,Minor injury,Fault of driver of motor vehicle/driver of other vehicle/cyclist/pedestrian/passenger,Two lanes,Straight road,,Fine,AP27TY  8766,P.V,Animals affected,0
30.04.2017,3:35 AM,1293.2,RHS,Rural,Ulavapadu,Collision Brush/Side Wipe, Bolero pickup vehicle hit Median,Car,Non injury,Fault of driver of motor vehicle/driver of other vehicle/cyclist/pedestrian/passenger,Four lanes or more with central divider,Straight road,,Fine,AP07TE 5389,P.V,Fatal,0
30.04.2017,3:35 AM,1293.2,RHS,Rural,Ulavapadu,Collision Brush/Side Wipe, Bolero pickup vehicle hit Median,Car,Non injury,Fault of driver of motor vehicle/driver of other vehicle/cyclist/pedestrian/passenger,Four lanes or more with central divider,Straight road,,Fine,AP07TE 5389,P.V,Grevious,0
30.04.2017,3:35 AM,1293.2,RHS,Rural,Ulavapadu,Collision Brush/Side Wipe, Bolero pickup vehicle hit Median,Car,Non injury,Fault of driver of motor vehicle/driver of other vehicle/cyclist/pedestrian/passenger,Four lanes or more with central divider,Straight road,,Fine,AP07TE 5389,P.V,Minor,0
30.04.2017,3:35 AM,1293.2,RHS,Rural,Ulavapadu,Collision Brush/Side Wipe, Bolero pickup vehicle hit Median,Car,Non injury,Fault of driver of motor vehicle/driver of other vehicle/cyclist/pedestrian/passenger,Four lanes or more with central divider,Straight road,,Fine,AP07TE 5389,P.V,Non injured ,4
30.04.2017,3:35 AM,1293.2,RHS,Rural,Ulavapadu,Collision Brush/Side Wipe, Bolero pickup vehicle hit Median,Car,Non injury,Fault of driver of motor vehicle/driver of other vehicle/cyclist/pedestrian/passenger,Four lanes or more with central divider,Straight road,,Fine,AP07TE 5389,P.V,Animals affected,0
30.04.2017,7:09 AM,1211.2,RHS,Rural,Medarametla,Rear End Collision, Bike hit Bus shelter grills,Bike,Fatal,Fault of driver of motor vehicle/driver of other vehicle/cyclist/pedestrian/passenger,Four lanes or more with central divider,Straight road,,Fine,AP07CJ 2136,P.V& A.M.B,Fatal,1
30.04.2017,7:09 AM,1211.2,RHS,Rural,Medarametla,Rear End Collision, Bike hit Bus shelter grills,Bike,Fatal,Fault of driver of motor vehicle/driver of other vehicle/cyclist/pedestrian/passenger,Four lanes or more with central divider,Straight road,,Fine,AP07CJ 2136,P.V& A.M.B,Grevious,1
30.04.2017,7:09 AM,1211.2,RHS,Rural,Medarametla,Rear End Collision, Bike hit Bus shelter grills,Bike,Fatal,Fault of driver of motor vehicle/driver of other vehicle/cyclist/pedestrian/passenger,Four lanes or more with central divider,Straight road,,Fine,AP07CJ 2136,P.V& A.M.B,Minor,1
30.04.2017,7:09 AM,1211.2,RHS,Rural,Medarametla,Rear End Collision, Bike hit Bus shelter grills,Bike,Fatal,Fault of driver of motor vehicle/driver of other vehicle/cyclist/pedestrian/passenger,Four lanes or more with central divider,Straight road,,Fine,AP07CJ 2136,P.V& A.M.B,Non injured ,0
30.04.2017,7:09 AM,1211.2,RHS,Rural,Medarametla,Rear End Collision, Bike hit Bus shelter grills,Bike,Fatal,Fault of driver of motor vehicle/driver of other vehicle/cyclist/pedestrian/passenger,Four lanes or more with central divider,Straight road,,Fine,AP07CJ 2136,P.V& A.M.B,Animals affected,0
30.04.2017,4:15 PM,1189.7,LHS,Rural,Martur,Collision Brush/Side Wipe, Car hit TVS XL Moped,Car,Minor injury,Fault of driver of motor vehicle/driver of other vehicle/cyclist/pedestrian/passenger,Four lanes or more with central divider,Straight road,,Fine,AP16TVC  1295,P.V,Fatal,0
30.04.2017,4:15 PM,1189.7,LHS,Rural,Martur,Collision Brush/Side Wipe, Car hit TVS XL Moped,Car,Minor injury,Fault of driver of motor vehicle/driver of other vehicle/cyclist/pedestrian/passenger,Four lanes or more with central divider,Straight road,,Fine,AP16TVC  1295,P.V,Grevious,0
30.04.2017,4:15 PM,1189.7,LHS,Rural,Martur,Collision Brush/Side Wipe, Car hit TVS XL Moped,Car,Minor injury,Fault of driver of motor vehicle/driver of other vehicle/cyclist/pedestrian/passenger,Four lanes or more with central divider,Straight road,,Fine,AP16TVC  1295,P.V,Minor,2
30.04.2017,4:15 PM,1189.7,LHS,Rural,Martur,Collision Brush/Side Wipe, Car hit TVS XL Moped,Car,Minor injury,Fault of driver of motor vehicle/driver of other vehicle/cyclist/pedestrian/passenger,Four lanes or more with central divider,Straight road,,Fine,AP16TVC  1295,P.V,Non injured ,0
30.04.2017,4:15 PM,1189.7,LHS,Rural,Martur,Collision Brush/Side Wipe, Car hit TVS XL Moped,Car,Minor injury,Fault of driver of motor vehicle/driver of other vehicle/cyclist/pedestrian/passenger,Four lanes or more with central divider,Straight road,,Fine,AP16TVC  1295,P.V,Animals affected,0
30.04.2017,8:15 PM,1277.1,LHS,Rural,Singarayakonda,Head on collision, Oil Tanker hit Lorry ,Tanker,Grievious injury,Over speed,Four lanes or more with central divider,Straight road,,Fine,GJ12AU  5145,P.V& A.M.B,Fatal,0
30.04.2017,8:15 PM,1277.1,LHS,Rural,Singarayakonda,Head on collision, Oil Tanker hit Lorry ,Tanker,Grievious injury,Over speed,Four lanes or more with central divider,Straight road,,Fine,GJ12AU  5145,P.V& A.M.B,Grevious,1
30.04.2017,8:15 PM,1277.1,LHS,Rural,Singarayakonda,Head on collision, Oil Tanker hit Lorry ,Tanker,Grievious injury,Over speed,Four lanes or more with central divider,Straight road,,Fine,GJ12AU  5145,P.V& A.M.B,Minor,1
30.04.2017,8:15 PM,1277.1,LHS,Rural,Singarayakonda,Head on collision, Oil Tanker hit Lorry ,Tanker,Grievious injury,Over speed,Four lanes or more with central divider,Straight road,,Fine,GJ12AU  5145,P.V& A.M.B,Non injured ,1
30.04.2017,8:15 PM,1277.1,LHS,Rural,Singarayakonda,Head on collision, Oil Tanker hit Lorry ,Tanker,Grievious injury,Over speed,Four lanes or more with central divider,Straight road,,Fine,GJ12AU  5145,P.V& A.M.B,Animals affected,0
01.05.2017,1:45 AM,1324.5,LHS,Rural,Kavali,Overturning, Car Overturned,Car,Non injury,Over speed,Four lanes or more with central divider,Sharp curve,,Fine,AP26Q   0909,P.V,Fatal,0
01.05.2017,1:45 AM,1324.5,LHS,Rural,Kavali,Overturning, Car Overturned,Car,Non injury,Over speed,Four lanes or more with central divider,Sharp curve,,Fine,AP26Q   0909,P.V,Grevious,0
01.05.2017,1:45 AM,1324.5,LHS,Rural,Kavali,Overturning, Car Overturned,Car,Non injury,Over speed,Four lanes or more with central divider,Sharp curve,,Fine,AP26Q   0909,P.V,Minor,0
01.05.2017,1:45 AM,1324.5,LHS,Rural,Kavali,Overturning, Car Overturned,Car,Non injury,Over speed,Four lanes or more with central divider,Sharp curve,,Fine,AP26Q   0909,P.V,Non injured ,1
01.05.2017,1:45 AM,1324.5,LHS,Rural,Kavali,Overturning, Car Overturned,Car,Non injury,Over speed,Four lanes or more with central divider,Sharp curve,,Fine,AP26Q   0909,P.V,Animals affected,0
01.05.2017,12:45 PM,1303,LHS,Rural,Gudluru,Rear End Collision, Lorry hit Paddy cutting machine,Lorry,Fatal,Over speed,Four lanes or more with central divider,Straight road,,Fine,AP16TE  4750,A.M.B & P.V,Fatal,1
01.05.2017,12:45 PM,1303,LHS,Rural,Gudluru,Rear End Collision, Lorry hit Paddy cutting machine,Lorry,Fatal,Over speed,Four lanes or more with central divider,Straight road,,Fine,AP16TE  4750,A.M.B & P.V,Grevious,2
01.05.2017,12:45 PM,1303,LHS,Rural,Gudluru,Rear End Collision, Lorry hit Paddy cutting machine,Lorry,Fatal,Over speed,Four lanes or more with central divider,Straight road,,Fine,AP16TE  4750,A.M.B & P.V,Minor,0
01.05.2017,12:45 PM,1303,LHS,Rural,Gudluru,Rear End Collision, Lorry hit Paddy cutting machine,Lorry,Fatal,Over speed,Four lanes or more with central divider,Straight road,,Fine,AP16TE  4750,A.M.B & P.V,Non injured ,1
01.05.2017,12:45 PM,1303,LHS,Rural,Gudluru,Rear End Collision, Lorry hit Paddy cutting machine,Lorry,Fatal,Over speed,Four lanes or more with central divider,Straight road,,Fine,AP16TE  4750,A.M.B & P.V,Animals affected,0
02.05.2017,4:50 PM,1312.6,LHS,Rural,Kavali,Collision Brush/Side Wipe, Car hit median and went out of  road to,Car,Fatal,Over speed,Four lanes or more with central divider,Straight road,,Fine,TS08FD  0318,P.V,Fatal,1
02.05.2017,4:50 PM,1312.6,LHS,Rural,Kavali,Collision Brush/Side Wipe, Car hit median and went out of  road to,Car,Fatal,Over speed,Four lanes or more with central divider,Straight road,,Fine,TS08FD  0318,P.V,Grevious,1
02.05.2017,4:50 PM,1312.6,LHS,Rural,Kavali,Collision Brush/Side Wipe, Car hit median and went out of  road to,Car,Fatal,Over speed,Four lanes or more with central divider,Straight road,,Fine,TS08FD  0318,P.V,Minor,1
02.05.2017,4:50 PM,1312.6,LHS,Rural,Kavali,Collision Brush/Side Wipe, Car hit median and went out of  road to,Car,Fatal,Over speed,Four lanes or more with central divider,Straight road,,Fine,TS08FD  0318,P.V,Non injured ,0
02.05.2017,4:50 PM,1312.6,LHS,Rural,Kavali,Collision Brush/Side Wipe, Car hit median and went out of  road to,Car,Fatal,Over speed,Four lanes or more with central divider,Straight road,,Fine,TS08FD  0318,P.V,Animals affected,0
03.05.2017,2:10 PM,1187.1,LHS,Rural,Martur,Rear End Collision, Car hit Buffalows,Car,Minor injury,Over speed,Four lanes or more with central divider,Straight road,,Fine,AP07CH 8676,P.V,Fatal,0
03.05.2017,2:10 PM,1187.1,LHS,Rural,Martur,Rear End Collision, Car hit Buffalows,Car,Minor injury,Over speed,Four lanes or more with central divider,Straight road,,Fine,AP07CH 8676,P.V,Grevious,0
03.05.2017,2:10 PM,1187.1,LHS,Rural,Martur,Rear End Collision, Car hit Buffalows,Car,Minor injury,Over speed,Four lanes or more with central divider,Straight road,,Fine,AP07CH 8676,P.V,Minor,1
03.05.2017,2:10 PM,1187.1,LHS,Rural,Martur,Rear End Collision, Car hit Buffalows,Car,Minor injury,Over speed,Four lanes or more with central divider,Straight road,,Fine,AP07CH 8676,P.V,Non injured ,2
03.05.2017,2:10 PM,1187.1,LHS,Rural,Martur,Rear End Collision, Car hit Buffalows,Car,Minor injury,Over speed,Four lanes or more with central divider,Straight road,,Fine,AP07CH 8676,P.V,Animals affected,2
03.05.2017,9:28 PM,1251.7,RHS,Rural,Ongole,Collision Brush/Side Wipe, Bike hit  CCBarrier,Bike,Grievious injury,Druken,Four lanes or more with central divider,Straight road,,Fine,F/R Bike,,Fatal,0
03.05.2017,9:28 PM,1251.7,RHS,Rural,Ongole,Collision Brush/Side Wipe, Bike hit  CCBarrier,Bike,Grievious injury,Druken,Four lanes or more with central divider,Straight road,,Fine,F/R Bike,,Grevious,1
03.05.2017,9:28 PM,1251.7,RHS,Rural,Ongole,Collision Brush/Side Wipe, Bike hit  CCBarrier,Bike,Grievious injury,Druken,Four lanes or more with central divider,Straight road,,Fine,F/R Bike,,Minor,1
03.05.2017,9:28 PM,1251.7,RHS,Rural,Ongole,Collision Brush/Side Wipe, Bike hit  CCBarrier,Bike,Grievious injury,Druken,Four lanes or more with central divider,Straight road,,Fine,F/R Bike,,Non injured ,0
03.05.2017,9:28 PM,1251.7,RHS,Rural,Ongole,Collision Brush/Side Wipe, Bike hit  CCBarrier,Bike,Grievious injury,Druken,Four lanes or more with central divider,Straight road,,Fine,F/R Bike,,Animals affected,0
04.05.2017,3:00 AM,1251.5,LHS,Rural,Ongole,Collision Brush/Side Wipe, Tanker  hit  CCBarrier,Tanker,Non injury,Fault of driver of motor vehicle/driver of other vehicle/cyclist/pedestrian/passenger,Four lanes or more with central divider,Straight road,,Fine,TN52V   5907,P.V.,Fatal,0
04.05.2017,3:00 AM,1251.5,LHS,Rural,Ongole,Collision Brush/Side Wipe, Tanker  hit  CCBarrier,Tanker,Non injury,Fault of driver of motor vehicle/driver of other vehicle/cyclist/pedestrian/passenger,Four lanes or more with central divider,Straight road,,Fine,TN52V   5907,P.V.,Grevious,0
04.05.2017,3:00 AM,1251.5,LHS,Rural,Ongole,Collision Brush/Side Wipe, Tanker  hit  CCBarrier,Tanker,Non injury,Fault of driver of motor vehicle/driver of other vehicle/cyclist/pedestrian/passenger,Four lanes or more with central divider,Straight road,,Fine,TN52V   5907,P.V.,Minor,0
04.05.2017,3:00 AM,1251.5,LHS,Rural,Ongole,Collision Brush/Side Wipe, Tanker  hit  CCBarrier,Tanker,Non injury,Fault of driver of motor vehicle/driver of other vehicle/cyclist/pedestrian/passenger,Four lanes or more with central divider,Straight road,,Fine,TN52V   5907,P.V.,Non injured ,2
04.05.2017,3:00 AM,1251.5,LHS,Rural,Ongole,Collision Brush/Side Wipe, Tanker  hit  CCBarrier,Tanker,Non injury,Fault of driver of motor vehicle/driver of other vehicle/cyclist/pedestrian/passenger,Four lanes or more with central divider,Straight road,,Fine,TN52V   5907,P.V.,Animals affected,0
05.05.2017,4:00 AM,1242.9,LHS,Rural,Ongole,Overturning, Lorry Overturned,Lorry,Non injury,Fault of driver of motor vehicle/driver of other vehicle/cyclist/pedestrian/passenger,Two lanes,Slight curve,,Fine,AP27W  2237,P.V.,Fatal,0
05.05.2017,4:00 AM,1242.9,LHS,Rural,Ongole,Overturning, Lorry Overturned,Lorry,Non injury,Fault of driver of motor vehicle/driver of other vehicle/cyclist/pedestrian/passenger,Two lanes,Slight curve,,Fine,AP27W  2237,P.V.,Grevious,0
05.05.2017,4:00 AM,1242.9,LHS,Rural,Ongole,Overturning, Lorry Overturned,Lorry,Non injury,Fault of driver of motor vehicle/driver of other vehicle/cyclist/pedestrian/passenger,Two lanes,Slight curve,,Fine,AP27W  2237,P.V.,Minor,0
05.05.2017,4:00 AM,1242.9,LHS,Rural,Ongole,Overturning, Lorry Overturned,Lorry,Non injury,Fault of driver of motor vehicle/driver of other vehicle/cyclist/pedestrian/passenger,Two lanes,Slight curve,,Fine,AP27W  2237,P.V.,Non injured ,1
05.05.2017,4:00 AM,1242.9,LHS,Rural,Ongole,Overturning, Lorry Overturned,Lorry,Non injury,Fault of driver of motor vehicle/driver of other vehicle/cyclist/pedestrian/passenger,Two lanes,Slight curve,,Fine,AP27W  2237,P.V.,Animals affected,0
06.05.2017,2:50 AM,1275,RHS,Rural,Singarayakonda,Rear End Collision, Lorry hit Lorry.,Lorry,Fatal,Fault of driver of motor vehicle/driver of other vehicle/cyclist/pedestrian/passenger,Four lanes or more with central divider,Straight road,,Fine,AP16TV 3787,P.V.,Fatal,1
06.05.2017,2:50 AM,1275,RHS,Rural,Singarayakonda,Rear End Collision, Lorry hit Lorry.,Lorry,Fatal,Fault of driver of motor vehicle/driver of other vehicle/cyclist/pedestrian/passenger,Four lanes or more with central divider,Straight road,,Fine,AP16TV 3787,P.V.,Grevious,0
06.05.2017,2:50 AM,1275,RHS,Rural,Singarayakonda,Rear End Collision, Lorry hit Lorry.,Lorry,Fatal,Fault of driver of motor vehicle/driver of other vehicle/cyclist/pedestrian/passenger,Four lanes or more with central divider,Straight road,,Fine,AP16TV 3787,P.V.,Minor,0
06.05.2017,2:50 AM,1275,RHS,Rural,Singarayakonda,Rear End Collision, Lorry hit Lorry.,Lorry,Fatal,Fault of driver of motor vehicle/driver of other vehicle/cyclist/pedestrian/passenger,Four lanes or more with central divider,Straight road,,Fine,AP16TV 3787,P.V.,Non injured ,2
06.05.2017,2:50 AM,1275,RHS,Rural,Singarayakonda,Rear End Collision, Lorry hit Lorry.,Lorry,Fatal,Fault of driver of motor vehicle/driver of other vehicle/cyclist/pedestrian/passenger,Four lanes or more with central divider,Straight road,,Fine,AP16TV 3787,P.V.,Animals affected,0
06.05.2017,3:00 AM,1254.5,RHS,Rural,Ongole,Rear End Collision, Lorry hit Unknown Vehicle.,Lorry,Minor injury,Fault of driver of motor vehicle/driver of other vehicle/cyclist/pedestrian/passenger,Four lanes or more with central divider,Straight road,,Fine,TN28BA 2566,P.V.,Fatal,0
06.05.2017,3:00 AM,1254.5,RHS,Rural,Ongole,Rear End Collision, Lorry hit Unknown Vehicle.,Lorry,Minor injury,Fault of driver of motor vehicle/driver of other vehicle/cyclist/pedestrian/passenger,Four lanes or more with central divider,Straight road,,Fine,TN28BA 2566,P.V.,Grevious,0
06.05.2017,3:00 AM,1254.5,RHS,Rural,Ongole,Rear End Collision, Lorry hit Unknown Vehicle.,Lorry,Minor injury,Fault of driver of motor vehicle/driver of other vehicle/cyclist/pedestrian/passenger,Four lanes or more with central divider,Straight road,,Fine,TN28BA 2566,P.V.,Minor,1
06.05.2017,3:00 AM,1254.5,RHS,Rural,Ongole,Rear End Collision, Lorry hit Unknown Vehicle.,Lorry,Minor injury,Fault of driver of motor vehicle/driver of other vehicle/cyclist/pedestrian/passenger,Four lanes or more with central divider,Straight road,,Fine,TN28BA 2566,P.V.,Non injured ,1
06.05.2017,3:00 AM,1254.5,RHS,Rural,Ongole,Rear End Collision, Lorry hit Unknown Vehicle.,Lorry,Minor injury,Fault of driver of motor vehicle/driver of other vehicle/cyclist/pedestrian/passenger,Four lanes or more with central divider,Straight road,,Fine,TN28BA 2566,P.V.,Animals affected,0
06.05.2017,9:55 AM,1225.4,LHS,Rural,Maddipadu,Collision Brush/Side Wipe, Car hit Lorry.,Car,Non injury,Over speed,Four lanes or more with central divider,Straight road,,Fine,AP28CG 1459,P.V.,Fatal,0
06.05.2017,9:55 AM,1225.4,LHS,Rural,Maddipadu,Collision Brush/Side Wipe, Car hit Lorry.,Car,Non injury,Over speed,Four lanes or more with central divider,Straight road,,Fine,AP28CG 1459,P.V.,Grevious,0
06.05.2017,9:55 AM,1225.4,LHS,Rural,Maddipadu,Collision Brush/Side Wipe, Car hit Lorry.,Car,Non injury,Over speed,Four lanes or more with central divider,Straight road,,Fine,AP28CG 1459,P.V.,Minor,0
06.05.2017,9:55 AM,1225.4,LHS,Rural,Maddipadu,Collision Brush/Side Wipe, Car hit Lorry.,Car,Non injury,Over speed,Four lanes or more with central divider,Straight road,,Fine,AP28CG 1459,P.V.,Non injured ,2
06.05.2017,9:55 AM,1225.4,LHS,Rural,Maddipadu,Collision Brush/Side Wipe, Car hit Lorry.,Car,Non injury,Over speed,Four lanes or more with central divider,Straight road,,Fine,AP28CG 1459,P.V.,Animals affected,0
06.05.2017,12:00 PM,1302.2,RHS,Rural,Gudluru,Collision Brush/Side Wipe, Car hit Car.,Car,Minor injury,Over speed,Four lanes or more with central divider,Straight road,T-Junction,Fine,AP21AQ 1010,P.V.,Fatal,0
06.05.2017,12:00 PM,1302.2,RHS,Rural,Gudluru,Collision Brush/Side Wipe, Car hit Car.,Car,Minor injury,Over speed,Four lanes or more with central divider,Straight road,T-Junction,Fine,AP21AQ 1010,P.V.,Grevious,0
06.05.2017,12:00 PM,1302.2,RHS,Rural,Gudluru,Collision Brush/Side Wipe, Car hit Car.,Car,Minor injury,Over speed,Four lanes or more with central divider,Straight road,T-Junction,Fine,AP21AQ 1010,P.V.,Minor,1
06.05.2017,12:00 PM,1302.2,RHS,Rural,Gudluru,Collision Brush/Side Wipe, Car hit Car.,Car,Minor injury,Over speed,Four lanes or more with central divider,Straight road,T-Junction,Fine,AP21AQ 1010,P.V.,Non injured ,1
06.05.2017,12:00 PM,1302.2,RHS,Rural,Gudluru,Collision Brush/Side Wipe, Car hit Car.,Car,Minor injury,Over speed,Four lanes or more with central divider,Straight road,T-Junction,Fine,AP21AQ 1010,P.V.,Animals affected,0
07.05.2017,4:10 AM,1236.8,RHS,Rural,Maddipadu,Rear End Collision, LCV Lorry hit Unknown Vehicle.,Van,Minor injury,Fault of driver of motor vehicle/driver of other vehicle/cyclist/pedestrian/passenger,Four lanes or more with central divider,Straight road,,Fine,KA46 4988,P.V.,Fatal,0
07.05.2017,4:10 AM,1236.8,RHS,Rural,Maddipadu,Rear End Collision, LCV Lorry hit Unknown Vehicle.,Van,Minor injury,Fault of driver of motor vehicle/driver of other vehicle/cyclist/pedestrian/passenger,Four lanes or more with central divider,Straight road,,Fine,KA46 4988,P.V.,Grevious,0
07.05.2017,4:10 AM,1236.8,RHS,Rural,Maddipadu,Rear End Collision, LCV Lorry hit Unknown Vehicle.,Van,Minor injury,Fault of driver of motor vehicle/driver of other vehicle/cyclist/pedestrian/passenger,Four lanes or more with central divider,Straight road,,Fine,KA46 4988,P.V.,Minor,2
07.05.2017,4:10 AM,1236.8,RHS,Rural,Maddipadu,Rear End Collision, LCV Lorry hit Unknown Vehicle.,Van,Minor injury,Fault of driver of motor vehicle/driver of other vehicle/cyclist/pedestrian/passenger,Four lanes or more with central divider,Straight road,,Fine,KA46 4988,P.V.,Non injured ,0
07.05.2017,4:10 AM,1236.8,RHS,Rural,Maddipadu,Rear End Collision, LCV Lorry hit Unknown Vehicle.,Van,Minor injury,Fault of driver of motor vehicle/driver of other vehicle/cyclist/pedestrian/passenger,Four lanes or more with central divider,Straight road,,Fine,KA46 4988,P.V.,Animals affected,0
07.05.2017,4:25 AM,1234.3,RHS,Rural,Maddipadu,Rear End Collision, Lorry hit Oil Tanker.,Lorry,Grievious injury,Fault of driver of motor vehicle/driver of other vehicle/cyclist/pedestrian/passenger,Four lanes or more with central divider,Straight road,,Fine,AP16TV 1319,P.V.,Fatal,0
07.05.2017,4:25 AM,1234.3,RHS,Rural,Maddipadu,Rear End Collision, Lorry hit Oil Tanker.,Lorry,Grievious injury,Fault of driver of motor vehicle/driver of other vehicle/cyclist/pedestrian/passenger,Four lanes or more with central divider,Straight road,,Fine,AP16TV 1319,P.V.,Grevious,1
07.05.2017,4:25 AM,1234.3,RHS,Rural,Maddipadu,Rear End Collision, Lorry hit Oil Tanker.,Lorry,Grievious injury,Fault of driver of motor vehicle/driver of other vehicle/cyclist/pedestrian/passenger,Four lanes or more with central divider,Straight road,,Fine,AP16TV 1319,P.V.,Minor,0
07.05.2017,4:25 AM,1234.3,RHS,Rural,Maddipadu,Rear End Collision, Lorry hit Oil Tanker.,Lorry,Grievious injury,Fault of driver of motor vehicle/driver of other vehicle/cyclist/pedestrian/passenger,Four lanes or more with central divider,Straight road,,Fine,AP16TV 1319,P.V.,Non injured ,2
07.05.2017,4:25 AM,1234.3,RHS,Rural,Maddipadu,Rear End Collision, Lorry hit Oil Tanker.,Lorry,Grievious injury,Fault of driver of motor vehicle/driver of other vehicle/cyclist/pedestrian/passenger,Four lanes or more with central divider,Straight road,,Fine,AP16TV 1319,P.V.,Animals affected,0
07.05.2017,8:10 AM,1221.6,LHS,Rural,Medarametla,Collision Brush/Side Wipe,Car hit Travels Bus.,Car,Fatal,Over speed,Four lanes or more with central divider,Slight curve,,Fine,KA51MG 5885,P.V.,Fatal,1
07.05.2017,8:10 AM,1221.6,LHS,Rural,Medarametla,Collision Brush/Side Wipe,Car hit Travels Bus.,Car,Fatal,Over speed,Four lanes or more with central divider,Slight curve,,Fine,KA51MG 5885,P.V.,Grevious,0
07.05.2017,8:10 AM,1221.6,LHS,Rural,Medarametla,Collision Brush/Side Wipe,Car hit Travels Bus.,Car,Fatal,Over speed,Four lanes or more with central divider,Slight curve,,Fine,KA51MG 5885,P.V.,Minor,1
07.05.2017,8:10 AM,1221.6,LHS,Rural,Medarametla,Collision Brush/Side Wipe,Car hit Travels Bus.,Car,Fatal,Over speed,Four lanes or more with central divider,Slight curve,,Fine,KA51MG 5885,P.V.,Non injured ,1
07.05.2017,8:10 AM,1221.6,LHS,Rural,Medarametla,Collision Brush/Side Wipe,Car hit Travels Bus.,Car,Fatal,Over speed,Four lanes or more with central divider,Slight curve,,Fine,KA51MG 5885,P.V.,Animals affected,0
07.05.2017,2:50 PM,1282.3,LHS,Rural,Singarayakonda,Collision Brush/Side Wipe,Unknown Vehicle hit  Bike.,Unknown,Grievious injury,Over speed,Four lanes or more with central divider,Straight road,,Fine,Unknown Vehicle,P.V & A.M.B,Fatal,0
07.05.2017,2:50 PM,1282.3,LHS,Rural,Singarayakonda,Collision Brush/Side Wipe,Unknown Vehicle hit  Bike.,Unknown,Grievious injury,Over speed,Four lanes or more with central divider,Straight road,,Fine,Unknown Vehicle,P.V & A.M.B,Grevious,1
07.05.2017,2:50 PM,1282.3,LHS,Rural,Singarayakonda,Collision Brush/Side Wipe,Unknown Vehicle hit  Bike.,Unknown,Grievious injury,Over speed,Four lanes or more with central divider,Straight road,,Fine,Unknown Vehicle,P.V & A.M.B,Minor,2
07.05.2017,2:50 PM,1282.3,LHS,Rural,Singarayakonda,Collision Brush/Side Wipe,Unknown Vehicle hit  Bike.,Unknown,Grievious injury,Over speed,Four lanes or more with central divider,Straight road,,Fine,Unknown Vehicle,P.V & A.M.B,Non injured ,0
07.05.2017,2:50 PM,1282.3,LHS,Rural,Singarayakonda,Collision Brush/Side Wipe,Unknown Vehicle hit  Bike.,Unknown,Grievious injury,Over speed,Four lanes or more with central divider,Straight road,,Fine,Unknown Vehicle,P.V & A.M.B,Animals affected,0
07.05.2017,8:45 PM,1338.1,LHS,Rural,K.Tippa ,Others(p1.Specific), Lorry hit Culvert.,Lorry,Non injury,Defect in mechanical condition of motor vehicle/road condition,Four lanes or more with central divider,Straight road,,Fine,Unknown Number,P.V.,Fatal,0
07.05.2017,8:45 PM,1338.1,LHS,Rural,K.Tippa ,Others(p1.Specific), Lorry hit Culvert.,Lorry,Non injury,Defect in mechanical condition of motor vehicle/road condition,Four lanes or more with central divider,Straight road,,Fine,Unknown Number,P.V.,Grevious,0
07.05.2017,8:45 PM,1338.1,LHS,Rural,K.Tippa ,Others(p1.Specific), Lorry hit Culvert.,Lorry,Non injury,Defect in mechanical condition of motor vehicle/road condition,Four lanes or more with central divider,Straight road,,Fine,Unknown Number,P.V.,Minor,0
07.05.2017,8:45 PM,1338.1,LHS,Rural,K.Tippa ,Others(p1.Specific), Lorry hit Culvert.,Lorry,Non injury,Defect in mechanical condition of motor vehicle/road condition,Four lanes or more with central divider,Straight road,,Fine,Unknown Number,P.V.,Non injured ,1
07.05.2017,8:45 PM,1338.1,LHS,Rural,K.Tippa ,Others(p1.Specific), Lorry hit Culvert.,Lorry,Non injury,Defect in mechanical condition of motor vehicle/road condition,Four lanes or more with central divider,Straight road,,Fine,Unknown Number,P.V.,Animals affected,0
08.05.2017,6:40 AM,1220.2,RHS,Rural,Medarametla,Collision Brush/Side Wipe, Car hit Unknown Vehicle,Car,Minor injury,Over speed,Four lanes or more with central divider,Straight road,,Fine,TN22BR 2462,P.V.,Fatal,0