Operational date,Time of Accident,KM && M,Position,Rural/Urban,Location,Nature of Accident Position,Nature of Accident,Vehicle Involved,Type of Accident,Causes,Road Feature,Road condition,Intersection Type And Control,Weather Condition,Vehicle Responsible,Help Provided by Ambulance/Patroling Vehicle,Classification of Accident,No of Affected Persons
08.05.2017,6:40 AM,1220.2,RHS,Rural,Medarametla,Collision Brush/Side Wipe, Car hit Unknown Vehicle,Car,Minor injury,Over speed,Four lanes or more with central divider,Straight road,,Fine,TN22BR 2462,P.V.,Grevious,0
08.05.2017,6:40 AM,1220.2,RHS,Rural,Medarametla,Collision Brush/Side Wipe, Car hit Unknown Vehicle,Car,Minor injury,Over speed,Four lanes or more with central divider,Straight road,,Fine,TN22BR 2462,P.V.,Minor,1
08.05.2017,6:40 AM,1220.2,RHS,Rural,Medarametla,Collision Brush/Side Wipe, Car hit Unknown Vehicle,Car,Minor injury,Over speed,Four lanes or more with central divider,Straight road,,Fine,TN22BR 2462,P.V.,Non injured ,3
08.05.2017,6:40 AM,1220.2,RHS,Rural,Medarametla,Collision Brush/Side Wipe, Car hit Unknown Vehicle,Car,Minor injury,Over speed,Four lanes or more with central divider,Straight road,,Fine,TN22BR 2462,P.V.,Animals affected,0
08.05.2017,2:40 PM,1219.5,LHS,Rural,Medarametla,Collision Brush/Side Wipe, Car hit RTC Bus,Car,Grievious injury,Over speed,Four lanes or more with central divider,Slight curve,Four arm junction,Fine,TS03EF  9262,P.V.,Fatal,0
08.05.2017,2:40 PM,1219.5,LHS,Rural,Medarametla,Collision Brush/Side Wipe, Car hit RTC Bus,Car,Grievious injury,Over speed,Four lanes or more with central divider,Slight curve,Four arm junction,Fine,TS03EF  9262,P.V.,Grevious,1
08.05.2017,2:40 PM,1219.5,LHS,Rural,Medarametla,Collision Brush/Side Wipe, Car hit RTC Bus,Car,Grievious injury,Over speed,Four lanes or more with central divider,Slight curve,Four arm junction,Fine,TS03EF  9262,P.V.,Minor,2
08.05.2017,2:40 PM,1219.5,LHS,Rural,Medarametla,Collision Brush/Side Wipe, Car hit RTC Bus,Car,Grievious injury,Over speed,Four lanes or more with central divider,Slight curve,Four arm junction,Fine,TS03EF  9262,P.V.,Non injured ,49
08.05.2017,2:40 PM,1219.5,LHS,Rural,Medarametla,Collision Brush/Side Wipe, Car hit RTC Bus,Car,Grievious injury,Over speed,Four lanes or more with central divider,Slight curve,Four arm junction,Fine,TS03EF  9262,P.V.,Animals affected,0
10.05.2017,5:30 PM,1243.5,RHS,Rural,Ongole,Collision Brush/Side Wipe, Unknown Vehicle hit Cyclist.,Unknown,Grievious injury,Fault of driver of motor vehicle/driver of other vehicle/cyclist/pedestrian/passenger,Four lanes or more with central divider,Straight road,,Fine,Unknown Vehicle,P.V.,Fatal,0
10.05.2017,5:30 PM,1243.5,RHS,Rural,Ongole,Collision Brush/Side Wipe, Unknown Vehicle hit Cyclist.,Unknown,Grievious injury,Fault of driver of motor vehicle/driver of other vehicle/cyclist/pedestrian/passenger,Four lanes or more with central divider,Straight road,,Fine,Unknown Vehicle,P.V.,Grevious,1
10.05.2017,5:30 PM,1243.5,RHS,Rural,Ongole,Collision Brush/Side Wipe, Unknown Vehicle hit Cyclist.,Unknown,Grievious injury,Fault of driver of motor vehicle/driver of other vehicle/cyclist/pedestrian/passenger,Four lanes or more with central divider,Straight road,,Fine,Unknown Vehicle,P.V.,Minor,0
10.05.2017,5:30 PM,1243.5,RHS,Rural,Ongole,Collision Brush/Side Wipe, Unknown Vehicle hit Cyclist.,Unknown,Grievious injury,Fault of driver of motor vehicle/driver of other vehicle/cyclist/pedestrian/passenger,Four lanes or more with central divider,Straight road,,Fine,Unknown Vehicle,P.V.,Non injured ,0
10.05.2017,5:30 PM,1243.5,RHS,Rural,Ongole,Collision Brush/Side Wipe, Unknown Vehicle hit Cyclist.,Unknown,Grievious injury,Fault of driver of motor vehicle/driver of other vehicle/cyclist/pedestrian/passenger,Four lanes or more with central divider,Straight road,,Fine,Unknown Vehicle,P.V.,Animals affected,0
11.05.2017,12:20 AM,1188.1,RHS,Rural,Martur,Overturning, Car Overturned,Car,Non injury,Over speed,Four lanes or more with central divider,Straight road,,Fine,KA01P   8626,P.V.,Fatal,0
11.05.2017,12:20 AM,1188.1,RHS,Rural,Martur,Overturning, Car Overturned,Car,Non injury,Over speed,Four lanes or more with central divider,Straight road,,Fine,KA01P   8626,P.V.,Grevious,0
11.05.2017,12:20 AM,1188.1,RHS,Rural,Martur,Overturning, Car Overturned,Car,Non injury,Over speed,Four lanes or more with central divider,Straight road,,Fine,KA01P   8626,P.V.,Minor,0
11.05.2017,12:20 AM,1188.1,RHS,Rural,Martur,Overturning, Car Overturned,Car,Non injury,Over speed,Four lanes or more with central divider,Straight road,,Fine,KA01P   8626,P.V.,Non injured ,1
11.05.2017,12:20 AM,1188.1,RHS,Rural,Martur,Overturning, Car Overturned,Car,Non injury,Over speed,Four lanes or more with central divider,Straight road,,Fine,KA01P   8626,P.V.,Animals affected,0
12.05.2017,5:10 AM,1280.7,RHS,Rural,Singarayakonda,Overturning, Lorry Overturned,Lorry,Non injury,Fault of driver of motor vehicle/driver of other vehicle/cyclist/pedestrian/passenger,Four lanes or more with central divider,Straight road,,Fine,AP07TT 1215,P.V.,Fatal,0
12.05.2017,5:10 AM,1280.7,RHS,Rural,Singarayakonda,Overturning, Lorry Overturned,Lorry,Non injury,Fault of driver of motor vehicle/driver of other vehicle/cyclist/pedestrian/passenger,Four lanes or more with central divider,Straight road,,Fine,AP07TT 1215,P.V.,Grevious,0
12.05.2017,5:10 AM,1280.7,RHS,Rural,Singarayakonda,Overturning, Lorry Overturned,Lorry,Non injury,Fault of driver of motor vehicle/driver of other vehicle/cyclist/pedestrian/passenger,Four lanes or more with central divider,Straight road,,Fine,AP07TT 1215,P.V.,Minor,0
12.05.2017,5:10 AM,1280.7,RHS,Rural,Singarayakonda,Overturning, Lorry Overturned,Lorry,Non injury,Fault of driver of motor vehicle/driver of other vehicle/cyclist/pedestrian/passenger,Four lanes or more with central divider,Straight road,,Fine,AP07TT 1215,P.V.,Non injured ,2
12.05.2017,5:10 AM,1280.7,RHS,Rural,Singarayakonda,Overturning, Lorry Overturned,Lorry,Non injury,Fault of driver of motor vehicle/driver of other vehicle/cyclist/pedestrian/passenger,Four lanes or more with central divider,Straight road,,Fine,AP07TT 1215,P.V.,Animals affected,0
13.05.2017,3:25 AM,1261.7,LHS,Rural,Tangutur,Collision Brush/Side Wipe, Car hit          CCbarrier,Car,Non injury,Fault of driver of motor vehicle/driver of other vehicle/cyclist/pedestrian/passenger,Two lanes,Straight road,,Fine,AP31BT 3994,A.M.B,Fatal,0
13.05.2017,3:25 AM,1261.7,LHS,Rural,Tangutur,Collision Brush/Side Wipe, Car hit          CCbarrier,Car,Non injury,Fault of driver of motor vehicle/driver of other vehicle/cyclist/pedestrian/passenger,Two lanes,Straight road,,Fine,AP31BT 3994,A.M.B,Grevious,0
13.05.2017,3:25 AM,1261.7,LHS,Rural,Tangutur,Collision Brush/Side Wipe, Car hit          CCbarrier,Car,Non injury,Fault of driver of motor vehicle/driver of other vehicle/cyclist/pedestrian/passenger,Two lanes,Straight road,,Fine,AP31BT 3994,A.M.B,Minor,0
13.05.2017,3:25 AM,1261.7,LHS,Rural,Tangutur,Collision Brush/Side Wipe, Car hit          CCbarrier,Car,Non injury,Fault of driver of motor vehicle/driver of other vehicle/cyclist/pedestrian/passenger,Two lanes,Straight road,,Fine,AP31BT 3994,A.M.B,Non injured ,4
13.05.2017,3:25 AM,1261.7,LHS,Rural,Tangutur,Collision Brush/Side Wipe, Car hit          CCbarrier,Car,Non injury,Fault of driver of motor vehicle/driver of other vehicle/cyclist/pedestrian/passenger,Two lanes,Straight road,,Fine,AP31BT 3994,A.M.B,Animals affected,0
13.05.2017,12:20 AM,1291.3,RHS,Rural,Ulavapadu,Rear End Collision, Tipper hit Car,Lorry,Minor injury,Fault of driver of motor vehicle/driver of other vehicle/cyclist/pedestrian/passenger,Four lanes or more with central divider,Straight road,,Fine,AP27TX 1799,P.V.,Fatal,0
13.05.2017,12:20 AM,1291.3,RHS,Rural,Ulavapadu,Rear End Collision, Tipper hit Car,Lorry,Minor injury,Fault of driver of motor vehicle/driver of other vehicle/cyclist/pedestrian/passenger,Four lanes or more with central divider,Straight road,,Fine,AP27TX 1799,P.V.,Grevious,0
13.05.2017,12:20 AM,1291.3,RHS,Rural,Ulavapadu,Rear End Collision, Tipper hit Car,Lorry,Minor injury,Fault of driver of motor vehicle/driver of other vehicle/cyclist/pedestrian/passenger,Four lanes or more with central divider,Straight road,,Fine,AP27TX 1799,P.V.,Minor,1
13.05.2017,12:20 AM,1291.3,RHS,Rural,Ulavapadu,Rear End Collision, Tipper hit Car,Lorry,Minor injury,Fault of driver of motor vehicle/driver of other vehicle/cyclist/pedestrian/passenger,Four lanes or more with central divider,Straight road,,Fine,AP27TX 1799,P.V.,Non injured ,4
13.05.2017,12:20 AM,1291.3,RHS,Rural,Ulavapadu,Rear End Collision, Tipper hit Car,Lorry,Minor injury,Fault of driver of motor vehicle/driver of other vehicle/cyclist/pedestrian/passenger,Four lanes or more with central divider,Straight road,,Fine,AP27TX 1799,P.V.,Animals affected,0
13.05.2017,6:10 AM,1264.6,RHS,Rural,Tangutur,Rear End Collision, Car hit Unknown Vehicle,Car,Minor injury,Fault of driver of motor vehicle/driver of other vehicle/cyclist/pedestrian/passenger,Four lanes or more with central divider,Straight road,,Fine,AP29G   2993,P.V& A.M.B,Fatal,0
13.05.2017,6:10 AM,1264.6,RHS,Rural,Tangutur,Rear End Collision, Car hit Unknown Vehicle,Car,Minor injury,Fault of driver of motor vehicle/driver of other vehicle/cyclist/pedestrian/passenger,Four lanes or more with central divider,Straight road,,Fine,AP29G   2993,P.V& A.M.B,Grevious,0
13.05.2017,6:10 AM,1264.6,RHS,Rural,Tangutur,Rear End Collision, Car hit Unknown Vehicle,Car,Minor injury,Fault of driver of motor vehicle/driver of other vehicle/cyclist/pedestrian/passenger,Four lanes or more with central divider,Straight road,,Fine,AP29G   2993,P.V& A.M.B,Minor,1
13.05.2017,6:10 AM,1264.6,RHS,Rural,Tangutur,Rear End Collision, Car hit Unknown Vehicle,Car,Minor injury,Fault of driver of motor vehicle/driver of other vehicle/cyclist/pedestrian/passenger,Four lanes or more with central divider,Straight road,,Fine,AP29G   2993,P.V& A.M.B,Non injured ,2
13.05.2017,6:10 AM,1264.6,RHS,Rural,Tangutur,Rear End Collision, Car hit Unknown Vehicle,Car,Minor injury,Fault of driver of motor vehicle/driver of other vehicle/cyclist/pedestrian/passenger,Four lanes or more with central divider,Straight road,,Fine,AP29G   2993,P.V& A.M.B,Animals affected,0
13.05.2017,12:20 PM,1324,RHS,Rural,Kavali,Collision Brush/Side Wipe, Unknown Vehicle hit Pedestrian,Unknown,Grievious injury,Over speed,Four lanes or more with central divider,Straight road,Four arm junction,Fine,Unknown Vehicle,A.M.B,Fatal,0
13.05.2017,12:20 PM,1324,RHS,Rural,Kavali,Collision Brush/Side Wipe, Unknown Vehicle hit Pedestrian,Unknown,Grievious injury,Over speed,Four lanes or more with central divider,Straight road,Four arm junction,Fine,Unknown Vehicle,A.M.B,Grevious,1
13.05.2017,12:20 PM,1324,RHS,Rural,Kavali,Collision Brush/Side Wipe, Unknown Vehicle hit Pedestrian,Unknown,Grievious injury,Over speed,Four lanes or more with central divider,Straight road,Four arm junction,Fine,Unknown Vehicle,A.M.B,Minor,0
13.05.2017,12:20 PM,1324,RHS,Rural,Kavali,Collision Brush/Side Wipe, Unknown Vehicle hit Pedestrian,Unknown,Grievious injury,Over speed,Four lanes or more with central divider,Straight road,Four arm junction,Fine,Unknown Vehicle,A.M.B,Non injured ,0
13.05.2017,12:20 PM,1324,RHS,Rural,Kavali,Collision Brush/Side Wipe, Unknown Vehicle hit Pedestrian,Unknown,Grievious injury,Over speed,Four lanes or more with central divider,Straight road,Four arm junction,Fine,Unknown Vehicle,A.M.B,Animals affected,0
13.05.2017,2:45 PM,1324.3,RHS,Rural,Kavali,Collision Brush/Side Wipe, Bike hit          Ccbarrier,Bike,Grievious injury,Fault of driver of motor vehicle/driver of other vehicle/cyclist/pedestrian/passenger,Two lanes,Straight road,,Fine,AP26Q   0674,P.V& A.M.B,Fatal,0
13.05.2017,2:45 PM,1324.3,RHS,Rural,Kavali,Collision Brush/Side Wipe, Bike hit          Ccbarrier,Bike,Grievious injury,Fault of driver of motor vehicle/driver of other vehicle/cyclist/pedestrian/passenger,Two lanes,Straight road,,Fine,AP26Q   0674,P.V& A.M.B,Grevious,1
13.05.2017,2:45 PM,1324.3,RHS,Rural,Kavali,Collision Brush/Side Wipe, Bike hit          Ccbarrier,Bike,Grievious injury,Fault of driver of motor vehicle/driver of other vehicle/cyclist/pedestrian/passenger,Two lanes,Straight road,,Fine,AP26Q   0674,P.V& A.M.B,Minor,0
13.05.2017,2:45 PM,1324.3,RHS,Rural,Kavali,Collision Brush/Side Wipe, Bike hit          Ccbarrier,Bike,Grievious injury,Fault of driver of motor vehicle/driver of other vehicle/cyclist/pedestrian/passenger,Two lanes,Straight road,,Fine,AP26Q   0674,P.V& A.M.B,Non injured ,0
13.05.2017,2:45 PM,1324.3,RHS,Rural,Kavali,Collision Brush/Side Wipe, Bike hit          Ccbarrier,Bike,Grievious injury,Fault of driver of motor vehicle/driver of other vehicle/cyclist/pedestrian/passenger,Two lanes,Straight road,,Fine,AP26Q   0674,P.V& A.M.B,Animals affected,0
13.05.2017,5:00 PM,1197.9,LHS,Rural,Martur,Collision Brush/Side Wipe, Car hit Median,Car,Non injury,Druken,Four lanes or more with central divider,Straight road,,Fine,AP28CG 7171,P.V.,Fatal,0
13.05.2017,5:00 PM,1197.9,LHS,Rural,Martur,Collision Brush/Side Wipe, Car hit Median,Car,Non injury,Druken,Four lanes or more with central divider,Straight road,,Fine,AP28CG 7171,P.V.,Grevious,0
13.05.2017,5:00 PM,1197.9,LHS,Rural,Martur,Collision Brush/Side Wipe, Car hit Median,Car,Non injury,Druken,Four lanes or more with central divider,Straight road,,Fine,AP28CG 7171,P.V.,Minor,0
13.05.2017,5:00 PM,1197.9,LHS,Rural,Martur,Collision Brush/Side Wipe, Car hit Median,Car,Non injury,Druken,Four lanes or more with central divider,Straight road,,Fine,AP28CG 7171,P.V.,Non injured ,3
13.05.2017,5:00 PM,1197.9,LHS,Rural,Martur,Collision Brush/Side Wipe, Car hit Median,Car,Non injury,Druken,Four lanes or more with central divider,Straight road,,Fine,AP28CG 7171,P.V.,Animals affected,0
13.05.2017,7:00 PM,1310.8,LHS,Rural,Kavali,Rear End Collision, Eicher Vehicle hit Lorry Cleaner,Eicher,Fatal,Over speed,Four lanes or more with central divider,Straight road,,Fine,TS05UB 3733,P.V.,Fatal,1
13.05.2017,7:00 PM,1310.8,LHS,Rural,Kavali,Rear End Collision, Eicher Vehicle hit Lorry Cleaner,Eicher,Fatal,Over speed,Four lanes or more with central divider,Straight road,,Fine,TS05UB 3733,P.V.,Grevious,0
13.05.2017,7:00 PM,1310.8,LHS,Rural,Kavali,Rear End Collision, Eicher Vehicle hit Lorry Cleaner,Eicher,Fatal,Over speed,Four lanes or more with central divider,Straight road,,Fine,TS05UB 3733,P.V.,Minor,0
13.05.2017,7:00 PM,1310.8,LHS,Rural,Kavali,Rear End Collision, Eicher Vehicle hit Lorry Cleaner,Eicher,Fatal,Over speed,Four lanes or more with central divider,Straight road,,Fine,TS05UB 3733,P.V.,Non injured ,2
13.05.2017,7:00 PM,1310.8,LHS,Rural,Kavali,Rear End Collision, Eicher Vehicle hit Lorry Cleaner,Eicher,Fatal,Over speed,Four lanes or more with central divider,Straight road,,Fine,TS05UB 3733,P.V.,Animals affected,0
14.05.2017,4:10 AM,1329.4,RHS,Rural,Kavali,Collision Brush/Side Wipe, Trailler vehicle hit CCbarrier,Trailler,Grievious injury,Fault of driver of motor vehicle/driver of other vehicle/cyclist/pedestrian/passenger,Four lanes or more with central divider,Straight road,,Fine,AP31TA   8299,P.V& A.M.B,Fatal,0
14.05.2017,4:10 AM,1329.4,RHS,Rural,Kavali,Collision Brush/Side Wipe, Trailler vehicle hit CCbarrier,Trailler,Grievious injury,Fault of driver of motor vehicle/driver of other vehicle/cyclist/pedestrian/passenger,Four lanes or more with central divider,Straight road,,Fine,AP31TA   8299,P.V& A.M.B,Grevious,1
14.05.2017,4:10 AM,1329.4,RHS,Rural,Kavali,Collision Brush/Side Wipe, Trailler vehicle hit CCbarrier,Trailler,Grievious injury,Fault of driver of motor vehicle/driver of other vehicle/cyclist/pedestrian/passenger,Four lanes or more with central divider,Straight road,,Fine,AP31TA   8299,P.V& A.M.B,Minor,1
14.05.2017,4:10 AM,1329.4,RHS,Rural,Kavali,Collision Brush/Side Wipe, Trailler vehicle hit CCbarrier,Trailler,Grievious injury,Fault of driver of motor vehicle/driver of other vehicle/cyclist/pedestrian/passenger,Four lanes or more with central divider,Straight road,,Fine,AP31TA   8299,P.V& A.M.B,Non injured ,0
14.05.2017,4:10 AM,1329.4,RHS,Rural,Kavali,Collision Brush/Side Wipe, Trailler vehicle hit CCbarrier,Trailler,Grievious injury,Fault of driver of motor vehicle/driver of other vehicle/cyclist/pedestrian/passenger,Four lanes or more with central divider,Straight road,,Fine,AP31TA   8299,P.V& A.M.B,Animals affected,0
14.05.2017,7:30 PM,1187.1,RHS,Rural,Martur,Rear End Collision, Bike hit Lorry,Bike,Minor injury,Druken,Two lanes,Straight road,,Fine,AP27B   8745,A.M.B,Fatal,0
14.05.2017,7:30 PM,1187.1,RHS,Rural,Martur,Rear End Collision, Bike hit Lorry,Bike,Minor injury,Druken,Two lanes,Straight road,,Fine,AP27B   8745,A.M.B,Grevious,0
14.05.2017,7:30 PM,1187.1,RHS,Rural,Martur,Rear End Collision, Bike hit Lorry,Bike,Minor injury,Druken,Two lanes,Straight road,,Fine,AP27B   8745,A.M.B,Minor,1
14.05.2017,7:30 PM,1187.1,RHS,Rural,Martur,Rear End Collision, Bike hit Lorry,Bike,Minor injury,Druken,Two lanes,Straight road,,Fine,AP27B   8745,A.M.B,Non injured ,0
14.05.2017,7:30 PM,1187.1,RHS,Rural,Martur,Rear End Collision, Bike hit Lorry,Bike,Minor injury,Druken,Two lanes,Straight road,,Fine,AP27B   8745,A.M.B,Animals affected,0
15.05.2017,5:15 AM,1360.6,RHS,Rural,Kodavaluru,Rear End Collision, Vinayaka Travels Bus hit Lorry,Bus,Fatal,Over speed,Four lanes or more with central divider,Straight road,,Fine,KA01AF   4433,P.V,Fatal,1
15.05.2017,5:15 AM,1360.6,RHS,Rural,Kodavaluru,Rear End Collision, Vinayaka Travels Bus hit Lorry,Bus,Fatal,Over speed,Four lanes or more with central divider,Straight road,,Fine,KA01AF   4433,P.V,Grevious,1
15.05.2017,5:15 AM,1360.6,RHS,Rural,Kodavaluru,Rear End Collision, Vinayaka Travels Bus hit Lorry,Bus,Fatal,Over speed,Four lanes or more with central divider,Straight road,,Fine,KA01AF   4433,P.V,Minor,0
15.05.2017,5:15 AM,1360.6,RHS,Rural,Kodavaluru,Rear End Collision, Vinayaka Travels Bus hit Lorry,Bus,Fatal,Over speed,Four lanes or more with central divider,Straight road,,Fine,KA01AF   4433,P.V,Non injured ,40
15.05.2017,5:15 AM,1360.6,RHS,Rural,Kodavaluru,Rear End Collision, Vinayaka Travels Bus hit Lorry,Bus,Fatal,Over speed,Four lanes or more with central divider,Straight road,,Fine,KA01AF   4433,P.V,Animals affected,0
15.05.2017,10:50 AM,1295.7,LHS,Rural,Ulavapadu,Rear End Collision, Car hit Ape Auto,Car,Grievious injury,Fault of driver of motor vehicle/driver of other vehicle/cyclist/pedestrian/passenger,Four lanes or more with central divider,Straight road,,Fine,AP27AM  8882,P.V,Fatal,0
15.05.2017,10:50 AM,1295.7,LHS,Rural,Ulavapadu,Rear End Collision, Car hit Ape Auto,Car,Grievious injury,Fault of driver of motor vehicle/driver of other vehicle/cyclist/pedestrian/passenger,Four lanes or more with central divider,Straight road,,Fine,AP27AM  8882,P.V,Grevious,1
15.05.2017,10:50 AM,1295.7,LHS,Rural,Ulavapadu,Rear End Collision, Car hit Ape Auto,Car,Grievious injury,Fault of driver of motor vehicle/driver of other vehicle/cyclist/pedestrian/passenger,Four lanes or more with central divider,Straight road,,Fine,AP27AM  8882,P.V,Minor,1
15.05.2017,10:50 AM,1295.7,LHS,Rural,Ulavapadu,Rear End Collision, Car hit Ape Auto,Car,Grievious injury,Fault of driver of motor vehicle/driver of other vehicle/cyclist/pedestrian/passenger,Four lanes or more with central divider,Straight road,,Fine,AP27AM  8882,P.V,Non injured ,3
15.05.2017,10:50 AM,1295.7,LHS,Rural,Ulavapadu,Rear End Collision, Car hit Ape Auto,Car,Grievious injury,Fault of driver of motor vehicle/driver of other vehicle/cyclist/pedestrian/passenger,Four lanes or more with central divider,Straight road,,Fine,AP27AM  8882,P.V,Animals affected,0
17.05.2017,3:00 AM,1189.1,RHS,Rural,Martur,Rear End Collision, Lorry hit Lorry,Lorry,Minor injury,Fault of driver of motor vehicle/driver of other vehicle/cyclist/pedestrian/passenger,Four lanes or more with central divider,Straight road,,Fine,AP07TG   5679,P.V& A.M.B,Fatal,0
17.05.2017,3:00 AM,1189.1,RHS,Rural,Martur,Rear End Collision, Lorry hit Lorry,Lorry,Minor injury,Fault of driver of motor vehicle/driver of other vehicle/cyclist/pedestrian/passenger,Four lanes or more with central divider,Straight road,,Fine,AP07TG   5679,P.V& A.M.B,Grevious,0
17.05.2017,3:00 AM,1189.1,RHS,Rural,Martur,Rear End Collision, Lorry hit Lorry,Lorry,Minor injury,Fault of driver of motor vehicle/driver of other vehicle/cyclist/pedestrian/passenger,Four lanes or more with central divider,Straight road,,Fine,AP07TG   5679,P.V& A.M.B,Minor,1
17.05.2017,3:00 AM,1189.1,RHS,Rural,Martur,Rear End Collision, Lorry hit Lorry,Lorry,Minor injury,Fault of driver of motor vehicle/driver of other vehicle/cyclist/pedestrian/passenger,Four lanes or more with central divider,Straight road,,Fine,AP07TG   5679,P.V& A.M.B,Non injured ,0
17.05.2017,3:00 AM,1189.1,RHS,Rural,Martur,Rear End Collision, Lorry hit Lorry,Lorry,Minor injury,Fault of driver of motor vehicle/driver of other vehicle/cyclist/pedestrian/passenger,Four lanes or more with central divider,Straight road,,Fine,AP07TG   5679,P.V& A.M.B,Animals affected,0
17.05.2017,10:00 AM,1262.1,LHS,Rural,Tangutur,Collision Brush/Side Wipe, Lorry hit Median,Lorry,Non injury,Fault of driver of motor vehicle/driver of other vehicle/cyclist/pedestrian/passenger,Four lanes or more with central divider,Straight road,,Fine,MP04HE  1069,P.V,Fatal,0
17.05.2017,10:00 AM,1262.1,LHS,Rural,Tangutur,Collision Brush/Side Wipe, Lorry hit Median,Lorry,Non injury,Fault of driver of motor vehicle/driver of other vehicle/cyclist/pedestrian/passenger,Four lanes or more with central divider,Straight road,,Fine,MP04HE  1069,P.V,Grevious,0
17.05.2017,10:00 AM,1262.1,LHS,Rural,Tangutur,Collision Brush/Side Wipe, Lorry hit Median,Lorry,Non injury,Fault of driver of motor vehicle/driver of other vehicle/cyclist/pedestrian/passenger,Four lanes or more with central divider,Straight road,,Fine,MP04HE  1069,P.V,Minor,0
17.05.2017,10:00 AM,1262.1,LHS,Rural,Tangutur,Collision Brush/Side Wipe, Lorry hit Median,Lorry,Non injury,Fault of driver of motor vehicle/driver of other vehicle/cyclist/pedestrian/passenger,Four lanes or more with central divider,Straight road,,Fine,MP04HE  1069,P.V,Non injured ,2
17.05.2017,10:00 AM,1262.1,LHS,Rural,Tangutur,Collision Brush/Side Wipe, Lorry hit Median,Lorry,Non injury,Fault of driver of motor vehicle/driver of other vehicle/cyclist/pedestrian/passenger,Four lanes or more with central divider,Straight road,,Fine,MP04HE  1069,P.V,Animals affected,0
18.05.2017,12:20 AM,1315,RHS,Rural,Kavali,Collision Brush/Side Wipe, Containeer vehicle hit Lorry,Container,Non injury,Fault of driver of motor vehicle/driver of other vehicle/cyclist/pedestrian/passenger,Four lanes or more with central divider,Straight road,,Fine,AP07TG 6629,P.V,Fatal,0
18.05.2017,12:20 AM,1315,RHS,Rural,Kavali,Collision Brush/Side Wipe, Containeer vehicle hit Lorry,Container,Non injury,Fault of driver of motor vehicle/driver of other vehicle/cyclist/pedestrian/passenger,Four lanes or more with central divider,Straight road,,Fine,AP07TG 6629,P.V,Grevious,0
18.05.2017,12:20 AM,1315,RHS,Rural,Kavali,Collision Brush/Side Wipe, Containeer vehicle hit Lorry,Container,Non injury,Fault of driver of motor vehicle/driver of other vehicle/cyclist/pedestrian/passenger,Four lanes or more with central divider,Straight road,,Fine,AP07TG 6629,P.V,Minor,0
18.05.2017,12:20 AM,1315,RHS,Rural,Kavali,Collision Brush/Side Wipe, Containeer vehicle hit Lorry,Container,Non injury,Fault of driver of motor vehicle/driver of other vehicle/cyclist/pedestrian/passenger,Four lanes or more with central divider,Straight road,,Fine,AP07TG 6629,P.V,Non injured ,3
18.05.2017,12:20 AM,1315,RHS,Rural,Kavali,Collision Brush/Side Wipe, Containeer vehicle hit Lorry,Container,Non injury,Fault of driver of motor vehicle/driver of other vehicle/cyclist/pedestrian/passenger,Four lanes or more with central divider,Straight road,,Fine,AP07TG 6629,P.V,Animals affected,0
18.05.2017,1:30 AM,1295.2,RHS,Rural,Ulavapadu,Collision Brush/Side Wipe, Lorry hit Long Containeer Vehicle,Lorry,Minor injury,Fault of driver of motor vehicle/driver of other vehicle/cyclist/pedestrian/passenger,Four lanes or more with central divider,Straight road,,Fine,MP06HC 1440,P.V.,Fatal,0
18.05.2017,1:30 AM,1295.2,RHS,Rural,Ulavapadu,Collision Brush/Side Wipe, Lorry hit Long Containeer Vehicle,Lorry,Minor injury,Fault of driver of motor vehicle/driver of other vehicle/cyclist/pedestrian/passenger,Four lanes or more with central divider,Straight road,,Fine,MP06HC 1440,P.V.,Grevious,0
18.05.2017,1:30 AM,1295.2,RHS,Rural,Ulavapadu,Collision Brush/Side Wipe, Lorry hit Long Containeer Vehicle,Lorry,Minor injury,Fault of driver of motor vehicle/driver of other vehicle/cyclist/pedestrian/passenger,Four lanes or more with central divider,Straight road,,Fine,MP06HC 1440,P.V.,Minor,2
18.05.2017,1:30 AM,1295.2,RHS,Rural,Ulavapadu,Collision Brush/Side Wipe, Lorry hit Long Containeer Vehicle,Lorry,Minor injury,Fault of driver of motor vehicle/driver of other vehicle/cyclist/pedestrian/passenger,Four lanes or more with central divider,Straight road,,Fine,MP06HC 1440,P.V.,Non injured ,1
18.05.2017,1:30 AM,1295.2,RHS,Rural,Ulavapadu,Collision Brush/Side Wipe, Lorry hit Long Containeer Vehicle,Lorry,Minor injury,Fault of driver of motor vehicle/driver of other vehicle/cyclist/pedestrian/passenger,Four lanes or more with central divider,Straight road,,Fine,MP06HC 1440,P.V.,Animals affected,0
18.05.2017,6:00 AM,1243.9,LHS,Rural,Ongole,Collision Brush/Side Wipe, Milk Tanker hit Safety Wall ,Tanker,Non injury,Fault of driver of motor vehicle/driver of other vehicle/cyclist/pedestrian/passenger,Four lanes or more with central divider,Straight road,,Fine,AP07TG   9378,P.V,Fatal,0
18.05.2017,6:00 AM,1243.9,LHS,Rural,Ongole,Collision Brush/Side Wipe, Milk Tanker hit Safety Wall ,Tanker,Non injury,Fault of driver of motor vehicle/driver of other vehicle/cyclist/pedestrian/passenger,Four lanes or more with central divider,Straight road,,Fine,AP07TG   9378,P.V,Grevious,0
18.05.2017,6:00 AM,1243.9,LHS,Rural,Ongole,Collision Brush/Side Wipe, Milk Tanker hit Safety Wall ,Tanker,Non injury,Fault of driver of motor vehicle/driver of other vehicle/cyclist/pedestrian/passenger,Four lanes or more with central divider,Straight road,,Fine,AP07TG   9378,P.V,Minor,0
18.05.2017,6:00 AM,1243.9,LHS,Rural,Ongole,Collision Brush/Side Wipe, Milk Tanker hit Safety Wall ,Tanker,Non injury,Fault of driver of motor vehicle/driver of other vehicle/cyclist/pedestrian/passenger,Four lanes or more with central divider,Straight road,,Fine,AP07TG   9378,P.V,Non injured ,1