Operational date,Time of Accident,KM && M,Position,Rural/Urban,Location,Nature of Accident Position,Nature of Accident,Vehicle Involved,Type of Accident,Causes,Road Feature,Road condition,Intersection Type And Control,Weather Condition,Vehicle Responsible,Help Provided by Ambulance/Patroling Vehicle,Classification of Accident,No of Affected Persons
18.05.2017,6:00 AM,1243.9,LHS,Rural,Ongole,Collision Brush/Side Wipe, Milk Tanker hit Safety Wall ,Tanker,Non injury,Fault of driver of motor vehicle/driver of other vehicle/cyclist/pedestrian/passenger,Four lanes or more with central divider,Straight road,,Fine,AP07TG   9378,P.V,Animals affected,0
18.05.2017,8:15 AM,1200.6,RHS,Rural,Reningavaram,Collision Brush/Side Wipe, Ashokleyland dost hit Bike,Lorry,Fatal,Fault of driver of motor vehicle/driver of other vehicle/cyclist/pedestrian/passenger,Four lanes or more with central divider,Straight road,,Fine,AP27TX 4934,P.V&A.M.B,Fatal,1
18.05.2017,8:15 AM,1200.6,RHS,Rural,Reningavaram,Collision Brush/Side Wipe, Ashokleyland dost hit Bike,Lorry,Fatal,Fault of driver of motor vehicle/driver of other vehicle/cyclist/pedestrian/passenger,Four lanes or more with central divider,Straight road,,Fine,AP27TX 4934,P.V&A.M.B,Grevious,1
18.05.2017,8:15 AM,1200.6,RHS,Rural,Reningavaram,Collision Brush/Side Wipe, Ashokleyland dost hit Bike,Lorry,Fatal,Fault of driver of motor vehicle/driver of other vehicle/cyclist/pedestrian/passenger,Four lanes or more with central divider,Straight road,,Fine,AP27TX 4934,P.V&A.M.B,Minor,0
18.05.2017,8:15 AM,1200.6,RHS,Rural,Reningavaram,Collision Brush/Side Wipe, Ashokleyland dost hit Bike,Lorry,Fatal,Fault of driver of motor vehicle/driver of other vehicle/cyclist/pedestrian/passenger,Four lanes or more with central divider,Straight road,,Fine,AP27TX 4934,P.V&A.M.B,Non injured ,5
18.05.2017,8:15 AM,1200.6,RHS,Rural,Reningavaram,Collision Brush/Side Wipe, Ashokleyland dost hit Bike,Lorry,Fatal,Fault of driver of motor vehicle/driver of other vehicle/cyclist/pedestrian/passenger,Four lanes or more with central divider,Straight road,,Fine,AP27TX 4934,P.V&A.M.B,Animals affected,0
18.05.2017,12:45 PM,1326,RHS,Rural,Kavali,Rear End Collision, Bike hit Plaza Gate,Bike,Minor injury,Fault of driver of motor vehicle/driver of other vehicle/cyclist/pedestrian/passenger,Four lanes or more with central divider,Straight road,,Fine,AP26AS     2263, A.M.B,Fatal,0
18.05.2017,12:45 PM,1326,RHS,Rural,Kavali,Rear End Collision, Bike hit Plaza Gate,Bike,Minor injury,Fault of driver of motor vehicle/driver of other vehicle/cyclist/pedestrian/passenger,Four lanes or more with central divider,Straight road,,Fine,AP26AS     2263, A.M.B,Grevious,0
18.05.2017,12:45 PM,1326,RHS,Rural,Kavali,Rear End Collision, Bike hit Plaza Gate,Bike,Minor injury,Fault of driver of motor vehicle/driver of other vehicle/cyclist/pedestrian/passenger,Four lanes or more with central divider,Straight road,,Fine,AP26AS     2263, A.M.B,Minor,1
18.05.2017,12:45 PM,1326,RHS,Rural,Kavali,Rear End Collision, Bike hit Plaza Gate,Bike,Minor injury,Fault of driver of motor vehicle/driver of other vehicle/cyclist/pedestrian/passenger,Four lanes or more with central divider,Straight road,,Fine,AP26AS     2263, A.M.B,Non injured ,1
18.05.2017,12:45 PM,1326,RHS,Rural,Kavali,Rear End Collision, Bike hit Plaza Gate,Bike,Minor injury,Fault of driver of motor vehicle/driver of other vehicle/cyclist/pedestrian/passenger,Four lanes or more with central divider,Straight road,,Fine,AP26AS     2263, A.M.B,Animals affected,0
19.05.2017,2:46 AM,1217.9,LHS,Rural,Medarametla,Rear End Collision, APS RTC Garuda Bus hit Lorry,Bus,Non injury,Fault of driver of motor vehicle/driver of other vehicle/cyclist/pedestrian/passenger,Four lanes or more with central divider,Straight road,,Fine,AP16Z     0481,P.V,Fatal,0
19.05.2017,2:46 AM,1217.9,LHS,Rural,Medarametla,Rear End Collision, APS RTC Garuda Bus hit Lorry,Bus,Non injury,Fault of driver of motor vehicle/driver of other vehicle/cyclist/pedestrian/passenger,Four lanes or more with central divider,Straight road,,Fine,AP16Z     0481,P.V,Grevious,0
19.05.2017,2:46 AM,1217.9,LHS,Rural,Medarametla,Rear End Collision, APS RTC Garuda Bus hit Lorry,Bus,Non injury,Fault of driver of motor vehicle/driver of other vehicle/cyclist/pedestrian/passenger,Four lanes or more with central divider,Straight road,,Fine,AP16Z     0481,P.V,Minor,0
19.05.2017,2:46 AM,1217.9,LHS,Rural,Medarametla,Rear End Collision, APS RTC Garuda Bus hit Lorry,Bus,Non injury,Fault of driver of motor vehicle/driver of other vehicle/cyclist/pedestrian/passenger,Four lanes or more with central divider,Straight road,,Fine,AP16Z     0481,P.V,Non injured ,42
19.05.2017,2:46 AM,1217.9,LHS,Rural,Medarametla,Rear End Collision, APS RTC Garuda Bus hit Lorry,Bus,Non injury,Fault of driver of motor vehicle/driver of other vehicle/cyclist/pedestrian/passenger,Four lanes or more with central divider,Straight road,,Fine,AP16Z     0481,P.V,Animals affected,0
19.05.2017,2:50 AM,1217.9,LHS,Rural,Medarametla,Rear End Collision, Container Vehicle hit APS RTC Gardu Bus,Container,Non injury,Fault of driver of motor vehicle/driver of other vehicle/cyclist/pedestrian/passenger,Four lanes or more with central divider,Straight road,,Fine,MH43Y 0305,P.V.,Fatal,0
19.05.2017,2:50 AM,1217.9,LHS,Rural,Medarametla,Rear End Collision, Container Vehicle hit APS RTC Gardu Bus,Container,Non injury,Fault of driver of motor vehicle/driver of other vehicle/cyclist/pedestrian/passenger,Four lanes or more with central divider,Straight road,,Fine,MH43Y 0305,P.V.,Grevious,0
19.05.2017,2:50 AM,1217.9,LHS,Rural,Medarametla,Rear End Collision, Container Vehicle hit APS RTC Gardu Bus,Container,Non injury,Fault of driver of motor vehicle/driver of other vehicle/cyclist/pedestrian/passenger,Four lanes or more with central divider,Straight road,,Fine,MH43Y 0305,P.V.,Minor,0
19.05.2017,2:50 AM,1217.9,LHS,Rural,Medarametla,Rear End Collision, Container Vehicle hit APS RTC Gardu Bus,Container,Non injury,Fault of driver of motor vehicle/driver of other vehicle/cyclist/pedestrian/passenger,Four lanes or more with central divider,Straight road,,Fine,MH43Y 0305,P.V.,Non injured ,2
19.05.2017,2:50 AM,1217.9,LHS,Rural,Medarametla,Rear End Collision, Container Vehicle hit APS RTC Gardu Bus,Container,Non injury,Fault of driver of motor vehicle/driver of other vehicle/cyclist/pedestrian/passenger,Four lanes or more with central divider,Straight road,,Fine,MH43Y 0305,P.V.,Animals affected,0
19.05.2017,5:10 AM,1272,RHS,Rural,Jarugumalli,Rear End Collision, Long Containeer Vehicle hit Unknown Veh,Lorry,Non injury,Over speed,Four lanes or more with central divider,Straight road,,Fine,AP16TH 9983,P.V.,Fatal,0
19.05.2017,5:10 AM,1272,RHS,Rural,Jarugumalli,Rear End Collision, Long Containeer Vehicle hit Unknown Veh,Lorry,Non injury,Over speed,Four lanes or more with central divider,Straight road,,Fine,AP16TH 9983,P.V.,Grevious,0
19.05.2017,5:10 AM,1272,RHS,Rural,Jarugumalli,Rear End Collision, Long Containeer Vehicle hit Unknown Veh,Lorry,Non injury,Over speed,Four lanes or more with central divider,Straight road,,Fine,AP16TH 9983,P.V.,Minor,0
19.05.2017,5:10 AM,1272,RHS,Rural,Jarugumalli,Rear End Collision, Long Containeer Vehicle hit Unknown Veh,Lorry,Non injury,Over speed,Four lanes or more with central divider,Straight road,,Fine,AP16TH 9983,P.V.,Non injured ,2
19.05.2017,5:10 AM,1272,RHS,Rural,Jarugumalli,Rear End Collision, Long Containeer Vehicle hit Unknown Veh,Lorry,Non injury,Over speed,Four lanes or more with central divider,Straight road,,Fine,AP16TH 9983,P.V.,Animals affected,0
19.05.2017,5:36 AM,1193.8,LHS,Rural,Martur,Rear End Collision, Car hit Lorry,Car,Minor injury,Over speed,Four lanes or more with central divider,Straight road,,Fine,TN76AE 9099,P.V.,Fatal,0
19.05.2017,5:36 AM,1193.8,LHS,Rural,Martur,Rear End Collision, Car hit Lorry,Car,Minor injury,Over speed,Four lanes or more with central divider,Straight road,,Fine,TN76AE 9099,P.V.,Grevious,0
19.05.2017,5:36 AM,1193.8,LHS,Rural,Martur,Rear End Collision, Car hit Lorry,Car,Minor injury,Over speed,Four lanes or more with central divider,Straight road,,Fine,TN76AE 9099,P.V.,Minor,3
19.05.2017,5:36 AM,1193.8,LHS,Rural,Martur,Rear End Collision, Car hit Lorry,Car,Minor injury,Over speed,Four lanes or more with central divider,Straight road,,Fine,TN76AE 9099,P.V.,Non injured ,1
19.05.2017,5:36 AM,1193.8,LHS,Rural,Martur,Rear End Collision, Car hit Lorry,Car,Minor injury,Over speed,Four lanes or more with central divider,Straight road,,Fine,TN76AE 9099,P.V.,Animals affected,0
19.05.2017,2:10 PM,1330.8,RHS,Rural,Kavali,Rear End Collision, Ape Truck Auto hit Lorry,Auto,Minor injury,Fault of driver of motor vehicle/driver of other vehicle/cyclist/pedestrian/passenger,Four lanes or more with central divider,Straight road,,Fine,AP27TX  8480,P.V.,Fatal,0
19.05.2017,2:10 PM,1330.8,RHS,Rural,Kavali,Rear End Collision, Ape Truck Auto hit Lorry,Auto,Minor injury,Fault of driver of motor vehicle/driver of other vehicle/cyclist/pedestrian/passenger,Four lanes or more with central divider,Straight road,,Fine,AP27TX  8480,P.V.,Grevious,0
19.05.2017,2:10 PM,1330.8,RHS,Rural,Kavali,Rear End Collision, Ape Truck Auto hit Lorry,Auto,Minor injury,Fault of driver of motor vehicle/driver of other vehicle/cyclist/pedestrian/passenger,Four lanes or more with central divider,Straight road,,Fine,AP27TX  8480,P.V.,Minor,1
19.05.2017,2:10 PM,1330.8,RHS,Rural,Kavali,Rear End Collision, Ape Truck Auto hit Lorry,Auto,Minor injury,Fault of driver of motor vehicle/driver of other vehicle/cyclist/pedestrian/passenger,Four lanes or more with central divider,Straight road,,Fine,AP27TX  8480,P.V.,Non injured ,0
19.05.2017,2:10 PM,1330.8,RHS,Rural,Kavali,Rear End Collision, Ape Truck Auto hit Lorry,Auto,Minor injury,Fault of driver of motor vehicle/driver of other vehicle/cyclist/pedestrian/passenger,Four lanes or more with central divider,Straight road,,Fine,AP27TX  8480,P.V.,Animals affected,0
20.05.2017,1:16 AM,1211.8,LHS,Rural,Medarametla,Collision Brush/Side Wipe, Car hit Unknown vehicle.,Car,Grievious injury,Fault of driver of motor vehicle/driver of other vehicle/cyclist/pedestrian/passenger,Four lanes or more with central divider,Straight road,,Fine,AP16CU    0983,P.V & A.M.B,Fatal,0
20.05.2017,1:16 AM,1211.8,LHS,Rural,Medarametla,Collision Brush/Side Wipe, Car hit Unknown vehicle.,Car,Grievious injury,Fault of driver of motor vehicle/driver of other vehicle/cyclist/pedestrian/passenger,Four lanes or more with central divider,Straight road,,Fine,AP16CU    0983,P.V & A.M.B,Grevious,1
20.05.2017,1:16 AM,1211.8,LHS,Rural,Medarametla,Collision Brush/Side Wipe, Car hit Unknown vehicle.,Car,Grievious injury,Fault of driver of motor vehicle/driver of other vehicle/cyclist/pedestrian/passenger,Four lanes or more with central divider,Straight road,,Fine,AP16CU    0983,P.V & A.M.B,Minor,2
20.05.2017,1:16 AM,1211.8,LHS,Rural,Medarametla,Collision Brush/Side Wipe, Car hit Unknown vehicle.,Car,Grievious injury,Fault of driver of motor vehicle/driver of other vehicle/cyclist/pedestrian/passenger,Four lanes or more with central divider,Straight road,,Fine,AP16CU    0983,P.V & A.M.B,Non injured ,2
20.05.2017,1:16 AM,1211.8,LHS,Rural,Medarametla,Collision Brush/Side Wipe, Car hit Unknown vehicle.,Car,Grievious injury,Fault of driver of motor vehicle/driver of other vehicle/cyclist/pedestrian/passenger,Four lanes or more with central divider,Straight road,,Fine,AP16CU    0983,P.V & A.M.B,Animals affected,0
21.05.2017,8:00 AM,1329.1,RHS,Rural,Kavali,Collision Brush/Side Wipe, LCV Container vehicle  hit Bike.,Van,Grievious injury,Fault of driver of motor vehicle/driver of other vehicle/cyclist/pedestrian/passenger,Four lanes or more with central divider,Straight road,,Fine,AP28TA   2552,P.V& A.M.B,Fatal,0
21.05.2017,8:00 AM,1329.1,RHS,Rural,Kavali,Collision Brush/Side Wipe, LCV Container vehicle  hit Bike.,Van,Grievious injury,Fault of driver of motor vehicle/driver of other vehicle/cyclist/pedestrian/passenger,Four lanes or more with central divider,Straight road,,Fine,AP28TA   2552,P.V& A.M.B,Grevious,1
21.05.2017,8:00 AM,1329.1,RHS,Rural,Kavali,Collision Brush/Side Wipe, LCV Container vehicle  hit Bike.,Van,Grievious injury,Fault of driver of motor vehicle/driver of other vehicle/cyclist/pedestrian/passenger,Four lanes or more with central divider,Straight road,,Fine,AP28TA   2552,P.V& A.M.B,Minor,0
21.05.2017,8:00 AM,1329.1,RHS,Rural,Kavali,Collision Brush/Side Wipe, LCV Container vehicle  hit Bike.,Van,Grievious injury,Fault of driver of motor vehicle/driver of other vehicle/cyclist/pedestrian/passenger,Four lanes or more with central divider,Straight road,,Fine,AP28TA   2552,P.V& A.M.B,Non injured ,2
21.05.2017,8:00 AM,1329.1,RHS,Rural,Kavali,Collision Brush/Side Wipe, LCV Container vehicle  hit Bike.,Van,Grievious injury,Fault of driver of motor vehicle/driver of other vehicle/cyclist/pedestrian/passenger,Four lanes or more with central divider,Straight road,,Fine,AP28TA   2552,P.V& A.M.B,Animals affected,0
21.05.2017,1:24 PM,1305.1,LHS,Rural,Gudluru,Collision Brush/Side Wipe, Container vehicle  hit Car.,Container,Non injury,Druken,Four lanes or more with central divider,Sharp curve,,Fine,AP07TH  2136,P.V,Fatal,0
21.05.2017,1:24 PM,1305.1,LHS,Rural,Gudluru,Collision Brush/Side Wipe, Container vehicle  hit Car.,Container,Non injury,Druken,Four lanes or more with central divider,Sharp curve,,Fine,AP07TH  2136,P.V,Grevious,0
21.05.2017,1:24 PM,1305.1,LHS,Rural,Gudluru,Collision Brush/Side Wipe, Container vehicle  hit Car.,Container,Non injury,Druken,Four lanes or more with central divider,Sharp curve,,Fine,AP07TH  2136,P.V,Minor,0
21.05.2017,1:24 PM,1305.1,LHS,Rural,Gudluru,Collision Brush/Side Wipe, Container vehicle  hit Car.,Container,Non injury,Druken,Four lanes or more with central divider,Sharp curve,,Fine,AP07TH  2136,P.V,Non injured ,4
21.05.2017,1:24 PM,1305.1,LHS,Rural,Gudluru,Collision Brush/Side Wipe, Container vehicle  hit Car.,Container,Non injury,Druken,Four lanes or more with central divider,Sharp curve,,Fine,AP07TH  2136,P.V,Animals affected,0
21.05.2017,2:55 PM,1195.5,LHS,Rural,Martur,Collision Brush/Side Wipe, Car hit Tractor.,Car,Grievious injury,Over speed,Four lanes or more with central divider,Straight road,,Fine,AP07CY  1003,P.V& A.M.B,Fatal,0
21.05.2017,2:55 PM,1195.5,LHS,Rural,Martur,Collision Brush/Side Wipe, Car hit Tractor.,Car,Grievious injury,Over speed,Four lanes or more with central divider,Straight road,,Fine,AP07CY  1003,P.V& A.M.B,Grevious,1
21.05.2017,2:55 PM,1195.5,LHS,Rural,Martur,Collision Brush/Side Wipe, Car hit Tractor.,Car,Grievious injury,Over speed,Four lanes or more with central divider,Straight road,,Fine,AP07CY  1003,P.V& A.M.B,Minor,0
21.05.2017,2:55 PM,1195.5,LHS,Rural,Martur,Collision Brush/Side Wipe, Car hit Tractor.,Car,Grievious injury,Over speed,Four lanes or more with central divider,Straight road,,Fine,AP07CY  1003,P.V& A.M.B,Non injured ,4
21.05.2017,2:55 PM,1195.5,LHS,Rural,Martur,Collision Brush/Side Wipe, Car hit Tractor.,Car,Grievious injury,Over speed,Four lanes or more with central divider,Straight road,,Fine,AP07CY  1003,P.V& A.M.B,Animals affected,0
22.05.2017,6:20 AM,1348.7,LHS,Rural,Kodavaluru,Rear End Collision, Container vehicle hit Container vehicle,Container,Grievious injury,Fault of driver of motor vehicle/driver of other vehicle/cyclist/pedestrian/passenger,Four lanes or more with central divider,Straight road,,Fine,AP09Y   4462,P.V& A.M.B,Fatal,0
22.05.2017,6:20 AM,1348.7,LHS,Rural,Kodavaluru,Rear End Collision, Container vehicle hit Container vehicle,Container,Grievious injury,Fault of driver of motor vehicle/driver of other vehicle/cyclist/pedestrian/passenger,Four lanes or more with central divider,Straight road,,Fine,AP09Y   4462,P.V& A.M.B,Grevious,1
22.05.2017,6:20 AM,1348.7,LHS,Rural,Kodavaluru,Rear End Collision, Container vehicle hit Container vehicle,Container,Grievious injury,Fault of driver of motor vehicle/driver of other vehicle/cyclist/pedestrian/passenger,Four lanes or more with central divider,Straight road,,Fine,AP09Y   4462,P.V& A.M.B,Minor,0
22.05.2017,6:20 AM,1348.7,LHS,Rural,Kodavaluru,Rear End Collision, Container vehicle hit Container vehicle,Container,Grievious injury,Fault of driver of motor vehicle/driver of other vehicle/cyclist/pedestrian/passenger,Four lanes or more with central divider,Straight road,,Fine,AP09Y   4462,P.V& A.M.B,Non injured ,0
22.05.2017,6:20 AM,1348.7,LHS,Rural,Kodavaluru,Rear End Collision, Container vehicle hit Container vehicle,Container,Grievious injury,Fault of driver of motor vehicle/driver of other vehicle/cyclist/pedestrian/passenger,Four lanes or more with central divider,Straight road,,Fine,AP09Y   4462,P.V& A.M.B,Animals affected,0
22.05.2017,7:30 AM,1212.9,LHS,Rural,Reningavaram,Collision Brush/Side Wipe, Lorry hit Tractor,Lorry,Non injury,Fault of driver of motor vehicle/driver of other vehicle/cyclist/pedestrian/passenger,Four lanes or more with central divider,Straight road,,Fine,TN18P   9054,P.V,Fatal,0
22.05.2017,7:30 AM,1212.9,LHS,Rural,Reningavaram,Collision Brush/Side Wipe, Lorry hit Tractor,Lorry,Non injury,Fault of driver of motor vehicle/driver of other vehicle/cyclist/pedestrian/passenger,Four lanes or more with central divider,Straight road,,Fine,TN18P   9054,P.V,Grevious,0
22.05.2017,7:30 AM,1212.9,LHS,Rural,Reningavaram,Collision Brush/Side Wipe, Lorry hit Tractor,Lorry,Non injury,Fault of driver of motor vehicle/driver of other vehicle/cyclist/pedestrian/passenger,Four lanes or more with central divider,Straight road,,Fine,TN18P   9054,P.V,Minor,0
22.05.2017,7:30 AM,1212.9,LHS,Rural,Reningavaram,Collision Brush/Side Wipe, Lorry hit Tractor,Lorry,Non injury,Fault of driver of motor vehicle/driver of other vehicle/cyclist/pedestrian/passenger,Four lanes or more with central divider,Straight road,,Fine,TN18P   9054,P.V,Non injured ,1
22.05.2017,7:30 AM,1212.9,LHS,Rural,Reningavaram,Collision Brush/Side Wipe, Lorry hit Tractor,Lorry,Non injury,Fault of driver of motor vehicle/driver of other vehicle/cyclist/pedestrian/passenger,Four lanes or more with central divider,Straight road,,Fine,TN18P   9054,P.V,Animals affected,0
23.05.2017,5:00 AM,1259.1,RHS,Rural,Tangutur,Rear End Collision, Car hit Lorry,Car,Fatal,Fault of driver of motor vehicle/driver of other vehicle/cyclist/pedestrian/passenger,Four lanes or more with central divider,Straight road,,Fine,AP37AP   8291,P.V,Fatal,2
23.05.2017,5:00 AM,1259.1,RHS,Rural,Tangutur,Rear End Collision, Car hit Lorry,Car,Fatal,Fault of driver of motor vehicle/driver of other vehicle/cyclist/pedestrian/passenger,Four lanes or more with central divider,Straight road,,Fine,AP37AP   8291,P.V,Grevious,6
23.05.2017,5:00 AM,1259.1,RHS,Rural,Tangutur,Rear End Collision, Car hit Lorry,Car,Fatal,Fault of driver of motor vehicle/driver of other vehicle/cyclist/pedestrian/passenger,Four lanes or more with central divider,Straight road,,Fine,AP37AP   8291,P.V,Minor,0
23.05.2017,5:00 AM,1259.1,RHS,Rural,Tangutur,Rear End Collision, Car hit Lorry,Car,Fatal,Fault of driver of motor vehicle/driver of other vehicle/cyclist/pedestrian/passenger,Four lanes or more with central divider,Straight road,,Fine,AP37AP   8291,P.V,Non injured ,0
23.05.2017,5:00 AM,1259.1,RHS,Rural,Tangutur,Rear End Collision, Car hit Lorry,Car,Fatal,Fault of driver of motor vehicle/driver of other vehicle/cyclist/pedestrian/passenger,Four lanes or more with central divider,Straight road,,Fine,AP37AP   8291,P.V,Animals affected,0
23.05.2017,8:20 AM,1201,RHS,Rural,Reningavaram,Collision Brush/Side Wipe, Car hit Lorry,Car,Minor injury,Fault of driver of motor vehicle/driver of other vehicle/cyclist/pedestrian/passenger,Four lanes or more with central divider,Straight road,,Fine,AP05CY  0449,A.M.B & P.V,Fatal,0
23.05.2017,8:20 AM,1201,RHS,Rural,Reningavaram,Collision Brush/Side Wipe, Car hit Lorry,Car,Minor injury,Fault of driver of motor vehicle/driver of other vehicle/cyclist/pedestrian/passenger,Four lanes or more with central divider,Straight road,,Fine,AP05CY  0449,A.M.B & P.V,Grevious,0
23.05.2017,8:20 AM,1201,RHS,Rural,Reningavaram,Collision Brush/Side Wipe, Car hit Lorry,Car,Minor injury,Fault of driver of motor vehicle/driver of other vehicle/cyclist/pedestrian/passenger,Four lanes or more with central divider,Straight road,,Fine,AP05CY  0449,A.M.B & P.V,Minor,1
23.05.2017,8:20 AM,1201,RHS,Rural,Reningavaram,Collision Brush/Side Wipe, Car hit Lorry,Car,Minor injury,Fault of driver of motor vehicle/driver of other vehicle/cyclist/pedestrian/passenger,Four lanes or more with central divider,Straight road,,Fine,AP05CY  0449,A.M.B & P.V,Non injured ,0
23.05.2017,8:20 AM,1201,RHS,Rural,Reningavaram,Collision Brush/Side Wipe, Car hit Lorry,Car,Minor injury,Fault of driver of motor vehicle/driver of other vehicle/cyclist/pedestrian/passenger,Four lanes or more with central divider,Straight road,,Fine,AP05CY  0449,A.M.B & P.V,Animals affected,0
23.05.2017,5:45 PM,1315.9,LHS,Rural,Kavali,Rear End Collision, Car hit Buffalow,Car,Non injury,Over speed,Four lanes or more with central divider,Straight road,,Fine,OD02S   1364,P.V,Fatal,0
23.05.2017,5:45 PM,1315.9,LHS,Rural,Kavali,Rear End Collision, Car hit Buffalow,Car,Non injury,Over speed,Four lanes or more with central divider,Straight road,,Fine,OD02S   1364,P.V,Grevious,0
23.05.2017,5:45 PM,1315.9,LHS,Rural,Kavali,Rear End Collision, Car hit Buffalow,Car,Non injury,Over speed,Four lanes or more with central divider,Straight road,,Fine,OD02S   1364,P.V,Minor,0
23.05.2017,5:45 PM,1315.9,LHS,Rural,Kavali,Rear End Collision, Car hit Buffalow,Car,Non injury,Over speed,Four lanes or more with central divider,Straight road,,Fine,OD02S   1364,P.V,Non injured ,1
23.05.2017,5:45 PM,1315.9,LHS,Rural,Kavali,Rear End Collision, Car hit Buffalow,Car,Non injury,Over speed,Four lanes or more with central divider,Straight road,,Fine,OD02S   1364,P.V,Animals affected,1
24.05.2017,12:35 AM,1358.3,LHS,Rural,Kodavaluru,Overturning, Car Overturned,Car,Grievious injury,Over speed,Four lanes or more with central divider,Straight road,,Fine,AP28TV   2048,P.V,Fatal,0
24.05.2017,12:35 AM,1358.3,LHS,Rural,Kodavaluru,Overturning, Car Overturned,Car,Grievious injury,Over speed,Four lanes or more with central divider,Straight road,,Fine,AP28TV   2048,P.V,Grevious,2
24.05.2017,12:35 AM,1358.3,LHS,Rural,Kodavaluru,Overturning, Car Overturned,Car,Grievious injury,Over speed,Four lanes or more with central divider,Straight road,,Fine,AP28TV   2048,P.V,Minor,1
24.05.2017,12:35 AM,1358.3,LHS,Rural,Kodavaluru,Overturning, Car Overturned,Car,Grievious injury,Over speed,Four lanes or more with central divider,Straight road,,Fine,AP28TV   2048,P.V,Non injured ,4
24.05.2017,12:35 AM,1358.3,LHS,Rural,Kodavaluru,Overturning, Car Overturned,Car,Grievious injury,Over speed,Four lanes or more with central divider,Straight road,,Fine,AP28TV   2048,P.V,Animals affected,0
24.05.2017,3:30 AM,1197.5,LHS,Rural,Martur,Collision Brush/Side Wipe, Unknown Vehicle hit Containeer Vehicle ,Unknown,Minor injury,Fault of driver of motor vehicle/driver of other vehicle/cyclist/pedestrian/passenger,Four lanes or more with central divider,Straight road,,Fine,Unknown Vehicle,A.M.B & P.V,Fatal,0
24.05.2017,3:30 AM,1197.5,LHS,Rural,Martur,Collision Brush/Side Wipe, Unknown Vehicle hit Containeer Vehicle ,Unknown,Minor injury,Fault of driver of motor vehicle/driver of other vehicle/cyclist/pedestrian/passenger,Four lanes or more with central divider,Straight road,,Fine,Unknown Vehicle,A.M.B & P.V,Grevious,0
24.05.2017,3:30 AM,1197.5,LHS,Rural,Martur,Collision Brush/Side Wipe, Unknown Vehicle hit Containeer Vehicle ,Unknown,Minor injury,Fault of driver of motor vehicle/driver of other vehicle/cyclist/pedestrian/passenger,Four lanes or more with central divider,Straight road,,Fine,Unknown Vehicle,A.M.B & P.V,Minor,1
24.05.2017,3:30 AM,1197.5,LHS,Rural,Martur,Collision Brush/Side Wipe, Unknown Vehicle hit Containeer Vehicle ,Unknown,Minor injury,Fault of driver of motor vehicle/driver of other vehicle/cyclist/pedestrian/passenger,Four lanes or more with central divider,Straight road,,Fine,Unknown Vehicle,A.M.B & P.V,Non injured ,1
24.05.2017,3:30 AM,1197.5,LHS,Rural,Martur,Collision Brush/Side Wipe, Unknown Vehicle hit Containeer Vehicle ,Unknown,Minor injury,Fault of driver of motor vehicle/driver of other vehicle/cyclist/pedestrian/passenger,Four lanes or more with central divider,Straight road,,Fine,Unknown Vehicle,A.M.B & P.V,Animals affected,0
24.05.2017,7:35 PM,1199.1,LHS,Rural,Reningavaram,Collision Brush/Side Wipe, Bike hit Pedestrian,Bike,Minor injury,Fault of driver of motor vehicle/driver of other vehicle/cyclist/pedestrian/passenger,Four lanes or more with central divider,Straight road,,Fine,AP27AY 7304,A.M.B,Fatal,0
24.05.2017,7:35 PM,1199.1,LHS,Rural,Reningavaram,Collision Brush/Side Wipe, Bike hit Pedestrian,Bike,Minor injury,Fault of driver of motor vehicle/driver of other vehicle/cyclist/pedestrian/passenger,Four lanes or more with central divider,Straight road,,Fine,AP27AY 7304,A.M.B,Grevious,0
24.05.2017,7:35 PM,1199.1,LHS,Rural,Reningavaram,Collision Brush/Side Wipe, Bike hit Pedestrian,Bike,Minor injury,Fault of driver of motor vehicle/driver of other vehicle/cyclist/pedestrian/passenger,Four lanes or more with central divider,Straight road,,Fine,AP27AY 7304,A.M.B,Minor,3
24.05.2017,7:35 PM,1199.1,LHS,Rural,Reningavaram,Collision Brush/Side Wipe, Bike hit Pedestrian,Bike,Minor injury,Fault of driver of motor vehicle/driver of other vehicle/cyclist/pedestrian/passenger,Four lanes or more with central divider,Straight road,,Fine,AP27AY 7304,A.M.B,Non injured ,0
24.05.2017,7:35 PM,1199.1,LHS,Rural,Reningavaram,Collision Brush/Side Wipe, Bike hit Pedestrian,Bike,Minor injury,Fault of driver of motor vehicle/driver of other vehicle/cyclist/pedestrian/passenger,Four lanes or more with central divider,Straight road,,Fine,AP27AY 7304,A.M.B,Animals affected,0
25.05.2017,2:30 AM,1264.5,RHS,Rural,Tangutur,Overturning, Car hit Median and Overturned,Car,Non injury,Fault of driver of motor vehicle/driver of other vehicle/cyclist/pedestrian/passenger,Four lanes or more with central divider,Straight road,,Fine,AP07CV  6131,A.M.B,Fatal,0
25.05.2017,2:30 AM,1264.5,RHS,Rural,Tangutur,Overturning, Car hit Median and Overturned,Car,Non injury,Fault of driver of motor vehicle/driver of other vehicle/cyclist/pedestrian/passenger,Four lanes or more with central divider,Straight road,,Fine,AP07CV  6131,A.M.B,Grevious,0