Operational date,Time of Accident,KM && M,Position,Rural/Urban,Location,Nature of Accident Position,Nature of Accident,Vehicle Involved,Type of Accident,Causes,Road Feature,Road condition,Intersection Type And Control,Weather Condition,Vehicle Responsible,Help Provided by Ambulance/Patroling Vehicle,Classification of Accident,No of Affected Persons
25.05.2017,2:30 AM,1264.5,RHS,Rural,Tangutur,Overturning, Car hit Median and Overturned,Car,Non injury,Fault of driver of motor vehicle/driver of other vehicle/cyclist/pedestrian/passenger,Four lanes or more with central divider,Straight road,,Fine,AP07CV  6131,A.M.B,Minor,0
25.05.2017,2:30 AM,1264.5,RHS,Rural,Tangutur,Overturning, Car hit Median and Overturned,Car,Non injury,Fault of driver of motor vehicle/driver of other vehicle/cyclist/pedestrian/passenger,Four lanes or more with central divider,Straight road,,Fine,AP07CV  6131,A.M.B,Non injured ,8
25.05.2017,2:30 AM,1264.5,RHS,Rural,Tangutur,Overturning, Car hit Median and Overturned,Car,Non injury,Fault of driver of motor vehicle/driver of other vehicle/cyclist/pedestrian/passenger,Four lanes or more with central divider,Straight road,,Fine,AP07CV  6131,A.M.B,Animals affected,0
25.05.2017,11:00 PM,1328.3,RHS,Rural,Kavali,Collision Brush/Side Wipe, Car hit CC Barrier,Car,Non injury,Defect in mechanical condition of motor vehicle/road condition,Four lanes or more with central divider,Straight road,,Fine,AP26AP  6267,P.V,Fatal,0
25.05.2017,11:00 PM,1328.3,RHS,Rural,Kavali,Collision Brush/Side Wipe, Car hit CC Barrier,Car,Non injury,Defect in mechanical condition of motor vehicle/road condition,Four lanes or more with central divider,Straight road,,Fine,AP26AP  6267,P.V,Grevious,0
25.05.2017,11:00 PM,1328.3,RHS,Rural,Kavali,Collision Brush/Side Wipe, Car hit CC Barrier,Car,Non injury,Defect in mechanical condition of motor vehicle/road condition,Four lanes or more with central divider,Straight road,,Fine,AP26AP  6267,P.V,Minor,0
25.05.2017,11:00 PM,1328.3,RHS,Rural,Kavali,Collision Brush/Side Wipe, Car hit CC Barrier,Car,Non injury,Defect in mechanical condition of motor vehicle/road condition,Four lanes or more with central divider,Straight road,,Fine,AP26AP  6267,P.V,Non injured ,1
25.05.2017,11:00 PM,1328.3,RHS,Rural,Kavali,Collision Brush/Side Wipe, Car hit CC Barrier,Car,Non injury,Defect in mechanical condition of motor vehicle/road condition,Four lanes or more with central divider,Straight road,,Fine,AP26AP  6267,P.V,Animals affected,0
26.05.2017,3:50 AM,1251.6,RHS,Rural,Ongole,Collision Brush/Side Wipe, Car hit CC Barrier ,Car,Non injury,Defect in mechanical condition of motor vehicle/road condition,Two lanes,Straight road,,Fine,AP03AN 8662,P.V,Fatal,0
26.05.2017,3:50 AM,1251.6,RHS,Rural,Ongole,Collision Brush/Side Wipe, Car hit CC Barrier ,Car,Non injury,Defect in mechanical condition of motor vehicle/road condition,Two lanes,Straight road,,Fine,AP03AN 8662,P.V,Grevious,0
26.05.2017,3:50 AM,1251.6,RHS,Rural,Ongole,Collision Brush/Side Wipe, Car hit CC Barrier ,Car,Non injury,Defect in mechanical condition of motor vehicle/road condition,Two lanes,Straight road,,Fine,AP03AN 8662,P.V,Minor,0
26.05.2017,3:50 AM,1251.6,RHS,Rural,Ongole,Collision Brush/Side Wipe, Car hit CC Barrier ,Car,Non injury,Defect in mechanical condition of motor vehicle/road condition,Two lanes,Straight road,,Fine,AP03AN 8662,P.V,Non injured ,1
26.05.2017,3:50 AM,1251.6,RHS,Rural,Ongole,Collision Brush/Side Wipe, Car hit CC Barrier ,Car,Non injury,Defect in mechanical condition of motor vehicle/road condition,Two lanes,Straight road,,Fine,AP03AN 8662,P.V,Animals affected,0
26.05.2017,9:44 AM,1191.7,RHS,Rural,Martur,Collision Brush/Side Wipe, Bike hit Service Road CC Wall,Bike,Grievious injury,Fault of driver of motor vehicle/driver of other vehicle/cyclist/pedestrian/passenger,Four lanes or more with central divider,Straight road,,Fine,AP27BD 8078,A.M.B,Fatal,0
26.05.2017,9:44 AM,1191.7,RHS,Rural,Martur,Collision Brush/Side Wipe, Bike hit Service Road CC Wall,Bike,Grievious injury,Fault of driver of motor vehicle/driver of other vehicle/cyclist/pedestrian/passenger,Four lanes or more with central divider,Straight road,,Fine,AP27BD 8078,A.M.B,Grevious,1
26.05.2017,9:44 AM,1191.7,RHS,Rural,Martur,Collision Brush/Side Wipe, Bike hit Service Road CC Wall,Bike,Grievious injury,Fault of driver of motor vehicle/driver of other vehicle/cyclist/pedestrian/passenger,Four lanes or more with central divider,Straight road,,Fine,AP27BD 8078,A.M.B,Minor,0
26.05.2017,9:44 AM,1191.7,RHS,Rural,Martur,Collision Brush/Side Wipe, Bike hit Service Road CC Wall,Bike,Grievious injury,Fault of driver of motor vehicle/driver of other vehicle/cyclist/pedestrian/passenger,Four lanes or more with central divider,Straight road,,Fine,AP27BD 8078,A.M.B,Non injured ,0
26.05.2017,9:44 AM,1191.7,RHS,Rural,Martur,Collision Brush/Side Wipe, Bike hit Service Road CC Wall,Bike,Grievious injury,Fault of driver of motor vehicle/driver of other vehicle/cyclist/pedestrian/passenger,Four lanes or more with central divider,Straight road,,Fine,AP27BD 8078,A.M.B,Animals affected,0
27.05.2017,2:00 AM,1349.3,RHS,Rural,Kodavaluru,Rear End Collision, Ready Mixer cement tanker hit Lorry.,Tanker,Grievious injury,Fault of driver of motor vehicle/driver of other vehicle/cyclist/pedestrian/passenger,Four lanes or more with central divider,Straight road,,Fine,TN01AV  8201,P.V,Fatal,0
27.05.2017,2:00 AM,1349.3,RHS,Rural,Kodavaluru,Rear End Collision, Ready Mixer cement tanker hit Lorry.,Tanker,Grievious injury,Fault of driver of motor vehicle/driver of other vehicle/cyclist/pedestrian/passenger,Four lanes or more with central divider,Straight road,,Fine,TN01AV  8201,P.V,Grevious,2
27.05.2017,2:00 AM,1349.3,RHS,Rural,Kodavaluru,Rear End Collision, Ready Mixer cement tanker hit Lorry.,Tanker,Grievious injury,Fault of driver of motor vehicle/driver of other vehicle/cyclist/pedestrian/passenger,Four lanes or more with central divider,Straight road,,Fine,TN01AV  8201,P.V,Minor,0
27.05.2017,2:00 AM,1349.3,RHS,Rural,Kodavaluru,Rear End Collision, Ready Mixer cement tanker hit Lorry.,Tanker,Grievious injury,Fault of driver of motor vehicle/driver of other vehicle/cyclist/pedestrian/passenger,Four lanes or more with central divider,Straight road,,Fine,TN01AV  8201,P.V,Non injured ,2
27.05.2017,2:00 AM,1349.3,RHS,Rural,Kodavaluru,Rear End Collision, Ready Mixer cement tanker hit Lorry.,Tanker,Grievious injury,Fault of driver of motor vehicle/driver of other vehicle/cyclist/pedestrian/passenger,Four lanes or more with central divider,Straight road,,Fine,TN01AV  8201,P.V,Animals affected,0
27.05.2017,7:40 AM,1276,LHS,Rural,Singarayakonda,Collision Brush/Side Wipe, Lorry hit Containeer vehicle ,Lorry,Fatal,Fault of driver of motor vehicle/driver of other vehicle/cyclist/pedestrian/passenger,Four lanes or more with central divider,Straight road,,Fine,AP7TF   8859  ,P.V,Fatal,1
27.05.2017,7:40 AM,1276,LHS,Rural,Singarayakonda,Collision Brush/Side Wipe, Lorry hit Containeer vehicle ,Lorry,Fatal,Fault of driver of motor vehicle/driver of other vehicle/cyclist/pedestrian/passenger,Four lanes or more with central divider,Straight road,,Fine,AP7TF   8859  ,P.V,Grevious,0
27.05.2017,7:40 AM,1276,LHS,Rural,Singarayakonda,Collision Brush/Side Wipe, Lorry hit Containeer vehicle ,Lorry,Fatal,Fault of driver of motor vehicle/driver of other vehicle/cyclist/pedestrian/passenger,Four lanes or more with central divider,Straight road,,Fine,AP7TF   8859  ,P.V,Minor,0
27.05.2017,7:40 AM,1276,LHS,Rural,Singarayakonda,Collision Brush/Side Wipe, Lorry hit Containeer vehicle ,Lorry,Fatal,Fault of driver of motor vehicle/driver of other vehicle/cyclist/pedestrian/passenger,Four lanes or more with central divider,Straight road,,Fine,AP7TF   8859  ,P.V,Non injured ,1
27.05.2017,7:40 AM,1276,LHS,Rural,Singarayakonda,Collision Brush/Side Wipe, Lorry hit Containeer vehicle ,Lorry,Fatal,Fault of driver of motor vehicle/driver of other vehicle/cyclist/pedestrian/passenger,Four lanes or more with central divider,Straight road,,Fine,AP7TF   8859  ,P.V,Animals affected,0
27.05.2017,2:40 PM,1193,RHS,Rural,Martur,Skidding,Bike Skidding ,Bike,Minor injury,Druken,Four lanes or more with central divider,Straight road,,Fine,AP29AG 4569,P.V & A.M.B,Fatal,0
27.05.2017,2:40 PM,1193,RHS,Rural,Martur,Skidding,Bike Skidding ,Bike,Minor injury,Druken,Four lanes or more with central divider,Straight road,,Fine,AP29AG 4569,P.V & A.M.B,Grevious,0
27.05.2017,2:40 PM,1193,RHS,Rural,Martur,Skidding,Bike Skidding ,Bike,Minor injury,Druken,Four lanes or more with central divider,Straight road,,Fine,AP29AG 4569,P.V & A.M.B,Minor,2
27.05.2017,2:40 PM,1193,RHS,Rural,Martur,Skidding,Bike Skidding ,Bike,Minor injury,Druken,Four lanes or more with central divider,Straight road,,Fine,AP29AG 4569,P.V & A.M.B,Non injured ,0
27.05.2017,2:40 PM,1193,RHS,Rural,Martur,Skidding,Bike Skidding ,Bike,Minor injury,Druken,Four lanes or more with central divider,Straight road,,Fine,AP29AG 4569,P.V & A.M.B,Animals affected,0
27.05.2017,3:00 PM,1188.6,RHS,Rural,Martur,Collision Brush/Side Wipe, Bike hit Car,Bike,Grievious injury,Fault of driver of motor vehicle/driver of other vehicle/cyclist/pedestrian/passenger,Four lanes or more with central divider,Straight road,,Fine,AP07BY 4635,P.V,Fatal,0
27.05.2017,3:00 PM,1188.6,RHS,Rural,Martur,Collision Brush/Side Wipe, Bike hit Car,Bike,Grievious injury,Fault of driver of motor vehicle/driver of other vehicle/cyclist/pedestrian/passenger,Four lanes or more with central divider,Straight road,,Fine,AP07BY 4635,P.V,Grevious,2
27.05.2017,3:00 PM,1188.6,RHS,Rural,Martur,Collision Brush/Side Wipe, Bike hit Car,Bike,Grievious injury,Fault of driver of motor vehicle/driver of other vehicle/cyclist/pedestrian/passenger,Four lanes or more with central divider,Straight road,,Fine,AP07BY 4635,P.V,Minor,0
27.05.2017,3:00 PM,1188.6,RHS,Rural,Martur,Collision Brush/Side Wipe, Bike hit Car,Bike,Grievious injury,Fault of driver of motor vehicle/driver of other vehicle/cyclist/pedestrian/passenger,Four lanes or more with central divider,Straight road,,Fine,AP07BY 4635,P.V,Non injured ,1
27.05.2017,3:00 PM,1188.6,RHS,Rural,Martur,Collision Brush/Side Wipe, Bike hit Car,Bike,Grievious injury,Fault of driver of motor vehicle/driver of other vehicle/cyclist/pedestrian/passenger,Four lanes or more with central divider,Straight road,,Fine,AP07BY 4635,P.V,Animals affected,0
28.05.2017,6:28 AM,1337.9,LHS,Rural,K.Tippa ,Collision Brush/Side Wipe, Car hit Trailer Vehicle. ,Car,Grievious injury,Over speed,Four lanes or more with central divider,Straight road,,Fine,AP20AR 9779,P.V & A.M.B,Fatal,0
28.05.2017,6:28 AM,1337.9,LHS,Rural,K.Tippa ,Collision Brush/Side Wipe, Car hit Trailer Vehicle. ,Car,Grievious injury,Over speed,Four lanes or more with central divider,Straight road,,Fine,AP20AR 9779,P.V & A.M.B,Grevious,2
28.05.2017,6:28 AM,1337.9,LHS,Rural,K.Tippa ,Collision Brush/Side Wipe, Car hit Trailer Vehicle. ,Car,Grievious injury,Over speed,Four lanes or more with central divider,Straight road,,Fine,AP20AR 9779,P.V & A.M.B,Minor,2
28.05.2017,6:28 AM,1337.9,LHS,Rural,K.Tippa ,Collision Brush/Side Wipe, Car hit Trailer Vehicle. ,Car,Grievious injury,Over speed,Four lanes or more with central divider,Straight road,,Fine,AP20AR 9779,P.V & A.M.B,Non injured ,6
28.05.2017,6:28 AM,1337.9,LHS,Rural,K.Tippa ,Collision Brush/Side Wipe, Car hit Trailer Vehicle. ,Car,Grievious injury,Over speed,Four lanes or more with central divider,Straight road,,Fine,AP20AR 9779,P.V & A.M.B,Animals affected,0
28.05.2017,9:00 AM,1194,RHS,Rural,Martur,Collision Brush/Side Wipe, LCV Vehicle hit Median. ,Van,Grievious injury,Fault of driver of motor vehicle/driver of other vehicle/cyclist/pedestrian/passenger,Four lanes or more with central divider,Straight road,,Fine,AP07TG 9405,P.V,Fatal,0
28.05.2017,9:00 AM,1194,RHS,Rural,Martur,Collision Brush/Side Wipe, LCV Vehicle hit Median. ,Van,Grievious injury,Fault of driver of motor vehicle/driver of other vehicle/cyclist/pedestrian/passenger,Four lanes or more with central divider,Straight road,,Fine,AP07TG 9405,P.V,Grevious,1
28.05.2017,9:00 AM,1194,RHS,Rural,Martur,Collision Brush/Side Wipe, LCV Vehicle hit Median. ,Van,Grievious injury,Fault of driver of motor vehicle/driver of other vehicle/cyclist/pedestrian/passenger,Four lanes or more with central divider,Straight road,,Fine,AP07TG 9405,P.V,Minor,1
28.05.2017,9:00 AM,1194,RHS,Rural,Martur,Collision Brush/Side Wipe, LCV Vehicle hit Median. ,Van,Grievious injury,Fault of driver of motor vehicle/driver of other vehicle/cyclist/pedestrian/passenger,Four lanes or more with central divider,Straight road,,Fine,AP07TG 9405,P.V,Non injured ,0
28.05.2017,9:00 AM,1194,RHS,Rural,Martur,Collision Brush/Side Wipe, LCV Vehicle hit Median. ,Van,Grievious injury,Fault of driver of motor vehicle/driver of other vehicle/cyclist/pedestrian/passenger,Four lanes or more with central divider,Straight road,,Fine,AP07TG 9405,P.V,Animals affected,0
29.05.2017,10:32 PM,1328.8,LHS,Rural,Kavali,Skidding, Bike Skidding. ,Bike,Grievious injury,Druken,Four lanes or more with central divider,Straight road,,Fine,AP07AK 0609, A.M.B,Fatal,0
29.05.2017,10:32 PM,1328.8,LHS,Rural,Kavali,Skidding, Bike Skidding. ,Bike,Grievious injury,Druken,Four lanes or more with central divider,Straight road,,Fine,AP07AK 0609, A.M.B,Grevious,1
29.05.2017,10:32 PM,1328.8,LHS,Rural,Kavali,Skidding, Bike Skidding. ,Bike,Grievious injury,Druken,Four lanes or more with central divider,Straight road,,Fine,AP07AK 0609, A.M.B,Minor,0
29.05.2017,10:32 PM,1328.8,LHS,Rural,Kavali,Skidding, Bike Skidding. ,Bike,Grievious injury,Druken,Four lanes or more with central divider,Straight road,,Fine,AP07AK 0609, A.M.B,Non injured ,0
29.05.2017,10:32 PM,1328.8,LHS,Rural,Kavali,Skidding, Bike Skidding. ,Bike,Grievious injury,Druken,Four lanes or more with central divider,Straight road,,Fine,AP07AK 0609, A.M.B,Animals affected,0
30.05.2017,2:15 AM,1305.3,LHS,Rural,Gudluru,Collision Brush/Side Wipe, Car hit CC Barriers.,Car,Non injury,Fault of driver of motor vehicle/driver of other vehicle/cyclist/pedestrian/passenger,Four lanes or more with central divider,Straight road,,Fine,AP27TX 1115,P.V,Fatal,0
30.05.2017,2:15 AM,1305.3,LHS,Rural,Gudluru,Collision Brush/Side Wipe, Car hit CC Barriers.,Car,Non injury,Fault of driver of motor vehicle/driver of other vehicle/cyclist/pedestrian/passenger,Four lanes or more with central divider,Straight road,,Fine,AP27TX 1115,P.V,Grevious,0
30.05.2017,2:15 AM,1305.3,LHS,Rural,Gudluru,Collision Brush/Side Wipe, Car hit CC Barriers.,Car,Non injury,Fault of driver of motor vehicle/driver of other vehicle/cyclist/pedestrian/passenger,Four lanes or more with central divider,Straight road,,Fine,AP27TX 1115,P.V,Minor,0
30.05.2017,2:15 AM,1305.3,LHS,Rural,Gudluru,Collision Brush/Side Wipe, Car hit CC Barriers.,Car,Non injury,Fault of driver of motor vehicle/driver of other vehicle/cyclist/pedestrian/passenger,Four lanes or more with central divider,Straight road,,Fine,AP27TX 1115,P.V,Non injured ,16
30.05.2017,2:15 AM,1305.3,LHS,Rural,Gudluru,Collision Brush/Side Wipe, Car hit CC Barriers.,Car,Non injury,Fault of driver of motor vehicle/driver of other vehicle/cyclist/pedestrian/passenger,Four lanes or more with central divider,Straight road,,Fine,AP27TX 1115,P.V,Animals affected,0
31.05.2017,12:45 PM,1244.7,LHS,Urban,Ongole,Collision Brush/Side Wipe, Container Vehicle hit Car,Container,Non injury,Fault of driver of motor vehicle/driver of other vehicle/cyclist/pedestrian/passenger,Four lanes or more with central divider,Straight road,,Fine,KA51T   4974,P.V,Fatal,0
31.05.2017,12:45 PM,1244.7,LHS,Urban,Ongole,Collision Brush/Side Wipe, Container Vehicle hit Car,Container,Non injury,Fault of driver of motor vehicle/driver of other vehicle/cyclist/pedestrian/passenger,Four lanes or more with central divider,Straight road,,Fine,KA51T   4974,P.V,Grevious,0
31.05.2017,12:45 PM,1244.7,LHS,Urban,Ongole,Collision Brush/Side Wipe, Container Vehicle hit Car,Container,Non injury,Fault of driver of motor vehicle/driver of other vehicle/cyclist/pedestrian/passenger,Four lanes or more with central divider,Straight road,,Fine,KA51T   4974,P.V,Minor,0
31.05.2017,12:45 PM,1244.7,LHS,Urban,Ongole,Collision Brush/Side Wipe, Container Vehicle hit Car,Container,Non injury,Fault of driver of motor vehicle/driver of other vehicle/cyclist/pedestrian/passenger,Four lanes or more with central divider,Straight road,,Fine,KA51T   4974,P.V,Non injured ,2
31.05.2017,12:45 PM,1244.7,LHS,Urban,Ongole,Collision Brush/Side Wipe, Container Vehicle hit Car,Container,Non injury,Fault of driver of motor vehicle/driver of other vehicle/cyclist/pedestrian/passenger,Four lanes or more with central divider,Straight road,,Fine,KA51T   4974,P.V,Animals affected,0
01.06.2017,1:20 AM,1277.6,RHS,Rural,Singarayakonda,Collision Brush/Side Wipe, Car hit Unknown vehicle,Car,Grievious injury,Fault of driver of motor vehicle/driver of other vehicle/cyclist/pedestrian/passenger,Four lanes or more with central divider,Straight road,,Fine,AP27BG   5459,A.M.B,Fatal,0
01.06.2017,1:20 AM,1277.6,RHS,Rural,Singarayakonda,Collision Brush/Side Wipe, Car hit Unknown vehicle,Car,Grievious injury,Fault of driver of motor vehicle/driver of other vehicle/cyclist/pedestrian/passenger,Four lanes or more with central divider,Straight road,,Fine,AP27BG   5459,A.M.B,Grevious,1
01.06.2017,1:20 AM,1277.6,RHS,Rural,Singarayakonda,Collision Brush/Side Wipe, Car hit Unknown vehicle,Car,Grievious injury,Fault of driver of motor vehicle/driver of other vehicle/cyclist/pedestrian/passenger,Four lanes or more with central divider,Straight road,,Fine,AP27BG   5459,A.M.B,Minor,1
01.06.2017,1:20 AM,1277.6,RHS,Rural,Singarayakonda,Collision Brush/Side Wipe, Car hit Unknown vehicle,Car,Grievious injury,Fault of driver of motor vehicle/driver of other vehicle/cyclist/pedestrian/passenger,Four lanes or more with central divider,Straight road,,Fine,AP27BG   5459,A.M.B,Non injured ,0
01.06.2017,1:20 AM,1277.6,RHS,Rural,Singarayakonda,Collision Brush/Side Wipe, Car hit Unknown vehicle,Car,Grievious injury,Fault of driver of motor vehicle/driver of other vehicle/cyclist/pedestrian/passenger,Four lanes or more with central divider,Straight road,,Fine,AP27BG   5459,A.M.B,Animals affected,0
01.06.2017,5:00 AM,1210.8,LHS,Rural,Reningavaram,Collision Brush/Side Wipe, Lorry hit Lorry,Lorry,Non injury,Fault of driver of motor vehicle/driver of other vehicle/cyclist/pedestrian/passenger,Four lanes or more with central divider,Straight road,,Fine,AP07X    8817,P.V,Fatal,0
01.06.2017,5:00 AM,1210.8,LHS,Rural,Reningavaram,Collision Brush/Side Wipe, Lorry hit Lorry,Lorry,Non injury,Fault of driver of motor vehicle/driver of other vehicle/cyclist/pedestrian/passenger,Four lanes or more with central divider,Straight road,,Fine,AP07X    8817,P.V,Grevious,0
01.06.2017,5:00 AM,1210.8,LHS,Rural,Reningavaram,Collision Brush/Side Wipe, Lorry hit Lorry,Lorry,Non injury,Fault of driver of motor vehicle/driver of other vehicle/cyclist/pedestrian/passenger,Four lanes or more with central divider,Straight road,,Fine,AP07X    8817,P.V,Minor,0
01.06.2017,5:00 AM,1210.8,LHS,Rural,Reningavaram,Collision Brush/Side Wipe, Lorry hit Lorry,Lorry,Non injury,Fault of driver of motor vehicle/driver of other vehicle/cyclist/pedestrian/passenger,Four lanes or more with central divider,Straight road,,Fine,AP07X    8817,P.V,Non injured ,3
01.06.2017,5:00 AM,1210.8,LHS,Rural,Reningavaram,Collision Brush/Side Wipe, Lorry hit Lorry,Lorry,Non injury,Fault of driver of motor vehicle/driver of other vehicle/cyclist/pedestrian/passenger,Four lanes or more with central divider,Straight road,,Fine,AP07X    8817,P.V,Animals affected,0
02.06.2017,4:40 AM,1324,LHS,Rural,Kavali,Rear End Collision, Gas Cyclinder Lorry  hit Containeer Veh,Tanker,Fatal,Fault of driver of motor vehicle/driver of other vehicle/cyclist/pedestrian/passenger,Four lanes or more with central divider,Slight curve,,Fine,AP26TD 3882,A.M.B & P.V,Fatal,1
02.06.2017,4:40 AM,1324,LHS,Rural,Kavali,Rear End Collision, Gas Cyclinder Lorry  hit Containeer Veh,Tanker,Fatal,Fault of driver of motor vehicle/driver of other vehicle/cyclist/pedestrian/passenger,Four lanes or more with central divider,Slight curve,,Fine,AP26TD 3882,A.M.B & P.V,Grevious,1
02.06.2017,4:40 AM,1324,LHS,Rural,Kavali,Rear End Collision, Gas Cyclinder Lorry  hit Containeer Veh,Tanker,Fatal,Fault of driver of motor vehicle/driver of other vehicle/cyclist/pedestrian/passenger,Four lanes or more with central divider,Slight curve,,Fine,AP26TD 3882,A.M.B & P.V,Minor,0
02.06.2017,4:40 AM,1324,LHS,Rural,Kavali,Rear End Collision, Gas Cyclinder Lorry  hit Containeer Veh,Tanker,Fatal,Fault of driver of motor vehicle/driver of other vehicle/cyclist/pedestrian/passenger,Four lanes or more with central divider,Slight curve,,Fine,AP26TD 3882,A.M.B & P.V,Non injured ,0
02.06.2017,4:40 AM,1324,LHS,Rural,Kavali,Rear End Collision, Gas Cyclinder Lorry  hit Containeer Veh,Tanker,Fatal,Fault of driver of motor vehicle/driver of other vehicle/cyclist/pedestrian/passenger,Four lanes or more with central divider,Slight curve,,Fine,AP26TD 3882,A.M.B & P.V,Animals affected,0
04.06.2017,12:40 AM,1192.3,LHS,Rural,Martur,Overturning, Lorry hit Median and Overtuned,Lorry,Non injury,Fault of driver of motor vehicle/driver of other vehicle/cyclist/pedestrian/passenger,Four lanes or more with central divider,Straight road,,Fine,AP27Y   8748,P.V,Fatal,0
04.06.2017,12:40 AM,1192.3,LHS,Rural,Martur,Overturning, Lorry hit Median and Overtuned,Lorry,Non injury,Fault of driver of motor vehicle/driver of other vehicle/cyclist/pedestrian/passenger,Four lanes or more with central divider,Straight road,,Fine,AP27Y   8748,P.V,Grevious,0
04.06.2017,12:40 AM,1192.3,LHS,Rural,Martur,Overturning, Lorry hit Median and Overtuned,Lorry,Non injury,Fault of driver of motor vehicle/driver of other vehicle/cyclist/pedestrian/passenger,Four lanes or more with central divider,Straight road,,Fine,AP27Y   8748,P.V,Minor,0
04.06.2017,12:40 AM,1192.3,LHS,Rural,Martur,Overturning, Lorry hit Median and Overtuned,Lorry,Non injury,Fault of driver of motor vehicle/driver of other vehicle/cyclist/pedestrian/passenger,Four lanes or more with central divider,Straight road,,Fine,AP27Y   8748,P.V,Non injured ,2
04.06.2017,12:40 AM,1192.3,LHS,Rural,Martur,Overturning, Lorry hit Median and Overtuned,Lorry,Non injury,Fault of driver of motor vehicle/driver of other vehicle/cyclist/pedestrian/passenger,Four lanes or more with central divider,Straight road,,Fine,AP27Y   8748,P.V,Animals affected,0
04.06.2017,4:12 PM,1195,RHS,Rural,Martur,Overturning, Car hit median and Overturned,Car,Non injury,Over speed,Four lanes or more with central divider,Straight road,,Fine,AP10AS  9559,P.V,Fatal,0
04.06.2017,4:12 PM,1195,RHS,Rural,Martur,Overturning, Car hit median and Overturned,Car,Non injury,Over speed,Four lanes or more with central divider,Straight road,,Fine,AP10AS  9559,P.V,Grevious,0
04.06.2017,4:12 PM,1195,RHS,Rural,Martur,Overturning, Car hit median and Overturned,Car,Non injury,Over speed,Four lanes or more with central divider,Straight road,,Fine,AP10AS  9559,P.V,Minor,0
04.06.2017,4:12 PM,1195,RHS,Rural,Martur,Overturning, Car hit median and Overturned,Car,Non injury,Over speed,Four lanes or more with central divider,Straight road,,Fine,AP10AS  9559,P.V,Non injured ,3
04.06.2017,4:12 PM,1195,RHS,Rural,Martur,Overturning, Car hit median and Overturned,Car,Non injury,Over speed,Four lanes or more with central divider,Straight road,,Fine,AP10AS  9559,P.V,Animals affected,0
05.06.2017,3:30 AM,1228.8,LHS,Rural,Maddipadu,Collision Brush/Side Wipe, RTC Bus hit CC Barriers,Bus,Non injury,Fault of driver of motor vehicle/driver of other vehicle/cyclist/pedestrian/passenger,Four lanes or more with central divider,Straight road,,Fine,AP26TE 1589,P.V,Fatal,0
05.06.2017,3:30 AM,1228.8,LHS,Rural,Maddipadu,Collision Brush/Side Wipe, RTC Bus hit CC Barriers,Bus,Non injury,Fault of driver of motor vehicle/driver of other vehicle/cyclist/pedestrian/passenger,Four lanes or more with central divider,Straight road,,Fine,AP26TE 1589,P.V,Grevious,0
05.06.2017,3:30 AM,1228.8,LHS,Rural,Maddipadu,Collision Brush/Side Wipe, RTC Bus hit CC Barriers,Bus,Non injury,Fault of driver of motor vehicle/driver of other vehicle/cyclist/pedestrian/passenger,Four lanes or more with central divider,Straight road,,Fine,AP26TE 1589,P.V,Minor,0
05.06.2017,3:30 AM,1228.8,LHS,Rural,Maddipadu,Collision Brush/Side Wipe, RTC Bus hit CC Barriers,Bus,Non injury,Fault of driver of motor vehicle/driver of other vehicle/cyclist/pedestrian/passenger,Four lanes or more with central divider,Straight road,,Fine,AP26TE 1589,P.V,Non injured ,35
05.06.2017,3:30 AM,1228.8,LHS,Rural,Maddipadu,Collision Brush/Side Wipe, RTC Bus hit CC Barriers,Bus,Non injury,Fault of driver of motor vehicle/driver of other vehicle/cyclist/pedestrian/passenger,Four lanes or more with central divider,Straight road,,Fine,AP26TE 1589,P.V,Animals affected,0
05.06.2017,7:40 AM,1337,RHS,Rural,K.Tippa ,Collision Brush/Side Wipe, Car hit median,Car,Non injury,Over speed,Four lanes or more with central divider,Straight road,,Fine,AP26AN  5335,P.V,Fatal,0
05.06.2017,7:40 AM,1337,RHS,Rural,K.Tippa ,Collision Brush/Side Wipe, Car hit median,Car,Non injury,Over speed,Four lanes or more with central divider,Straight road,,Fine,AP26AN  5335,P.V,Grevious,0
05.06.2017,7:40 AM,1337,RHS,Rural,K.Tippa ,Collision Brush/Side Wipe, Car hit median,Car,Non injury,Over speed,Four lanes or more with central divider,Straight road,,Fine,AP26AN  5335,P.V,Minor,0
05.06.2017,7:40 AM,1337,RHS,Rural,K.Tippa ,Collision Brush/Side Wipe, Car hit median,Car,Non injury,Over speed,Four lanes or more with central divider,Straight road,,Fine,AP26AN  5335,P.V,Non injured ,2
05.06.2017,7:40 AM,1337,RHS,Rural,K.Tippa ,Collision Brush/Side Wipe, Car hit median,Car,Non injury,Over speed,Four lanes or more with central divider,Straight road,,Fine,AP26AN  5335,P.V,Animals affected,0
05.06.2017,8:00 AM,1289.7,RHS,Rural,Ulavapadu,Collision Brush/Side Wipe, Car hit Ape Auto and went out of road t,Car,Minor injury,Over speed,Four lanes or more with central divider,Straight road,,Fine,TN04AQ   1094,P.V,Fatal,0
05.06.2017,8:00 AM,1289.7,RHS,Rural,Ulavapadu,Collision Brush/Side Wipe, Car hit Ape Auto and went out of road t,Car,Minor injury,Over speed,Four lanes or more with central divider,Straight road,,Fine,TN04AQ   1094,P.V,Grevious,0