Operational date,Time of Accident,KM && M,Position,Rural/Urban,Location,Nature of Accident Position,Nature of Accident,Vehicle Involved,Type of Accident,Causes,Road Feature,Road condition,Intersection Type And Control,Weather Condition,Vehicle Responsible,Help Provided by Ambulance/Patroling Vehicle,Classification of Accident,No of Affected Persons
05.06.2017,8:00 AM,1289.7,RHS,Rural,Ulavapadu,Collision Brush/Side Wipe, Car hit Ape Auto and went out of road t,Car,Minor injury,Over speed,Four lanes or more with central divider,Straight road,,Fine,TN04AQ   1094,P.V,Minor,1
05.06.2017,8:00 AM,1289.7,RHS,Rural,Ulavapadu,Collision Brush/Side Wipe, Car hit Ape Auto and went out of road t,Car,Minor injury,Over speed,Four lanes or more with central divider,Straight road,,Fine,TN04AQ   1094,P.V,Non injured ,6
05.06.2017,8:00 AM,1289.7,RHS,Rural,Ulavapadu,Collision Brush/Side Wipe, Car hit Ape Auto and went out of road t,Car,Minor injury,Over speed,Four lanes or more with central divider,Straight road,,Fine,TN04AQ   1094,P.V,Animals affected,0
05.06.2017,12:00 PM,1333.4,LHS,Rural,K.Tippa ,Collision Brush/Side Wipe, TVS XL Moped hit Car,Bike,Minor injury,Fault of driver of motor vehicle/driver of other vehicle/cyclist/pedestrian/passenger,Four lanes or more with central divider,Straight road,,Fine,AP26BJ  0654,AMB ,Fatal,0
05.06.2017,12:00 PM,1333.4,LHS,Rural,K.Tippa ,Collision Brush/Side Wipe, TVS XL Moped hit Car,Bike,Minor injury,Fault of driver of motor vehicle/driver of other vehicle/cyclist/pedestrian/passenger,Four lanes or more with central divider,Straight road,,Fine,AP26BJ  0654,AMB ,Grevious,0
05.06.2017,12:00 PM,1333.4,LHS,Rural,K.Tippa ,Collision Brush/Side Wipe, TVS XL Moped hit Car,Bike,Minor injury,Fault of driver of motor vehicle/driver of other vehicle/cyclist/pedestrian/passenger,Four lanes or more with central divider,Straight road,,Fine,AP26BJ  0654,AMB ,Minor,1
05.06.2017,12:00 PM,1333.4,LHS,Rural,K.Tippa ,Collision Brush/Side Wipe, TVS XL Moped hit Car,Bike,Minor injury,Fault of driver of motor vehicle/driver of other vehicle/cyclist/pedestrian/passenger,Four lanes or more with central divider,Straight road,,Fine,AP26BJ  0654,AMB ,Non injured ,0
05.06.2017,12:00 PM,1333.4,LHS,Rural,K.Tippa ,Collision Brush/Side Wipe, TVS XL Moped hit Car,Bike,Minor injury,Fault of driver of motor vehicle/driver of other vehicle/cyclist/pedestrian/passenger,Four lanes or more with central divider,Straight road,,Fine,AP26BJ  0654,AMB ,Animals affected,0
06.06.2017,7:55 AM,1275.4,LHS,Rural,Singarayakonda,Collision Brush/Side Wipe, Bike hit Median,Bike,Minor injury,Druken,Four lanes or more with central divider,Straight road,,Fine,AP27BQ 2402,A.M.B,Fatal,0
06.06.2017,7:55 AM,1275.4,LHS,Rural,Singarayakonda,Collision Brush/Side Wipe, Bike hit Median,Bike,Minor injury,Druken,Four lanes or more with central divider,Straight road,,Fine,AP27BQ 2402,A.M.B,Grevious,0
06.06.2017,7:55 AM,1275.4,LHS,Rural,Singarayakonda,Collision Brush/Side Wipe, Bike hit Median,Bike,Minor injury,Druken,Four lanes or more with central divider,Straight road,,Fine,AP27BQ 2402,A.M.B,Minor,1
06.06.2017,7:55 AM,1275.4,LHS,Rural,Singarayakonda,Collision Brush/Side Wipe, Bike hit Median,Bike,Minor injury,Druken,Four lanes or more with central divider,Straight road,,Fine,AP27BQ 2402,A.M.B,Non injured ,0
06.06.2017,7:55 AM,1275.4,LHS,Rural,Singarayakonda,Collision Brush/Side Wipe, Bike hit Median,Bike,Minor injury,Druken,Four lanes or more with central divider,Straight road,,Fine,AP27BQ 2402,A.M.B,Animals affected,0
06.06.2017,8:20 AM,1326,LHS,Rural,Kavali,Others(p1.Specific), RTC Bus Passenger fell down on the Road,Bus,Minor injury,Fault of driver of motor vehicle/driver of other vehicle/cyclist/pedestrian/passenger,Four lanes or more with central divider,Straight road,,Fine,AP26TP  1330,A.M.B,Fatal,0
06.06.2017,8:20 AM,1326,LHS,Rural,Kavali,Others(p1.Specific), RTC Bus Passenger fell down on the Road,Bus,Minor injury,Fault of driver of motor vehicle/driver of other vehicle/cyclist/pedestrian/passenger,Four lanes or more with central divider,Straight road,,Fine,AP26TP  1330,A.M.B,Grevious,0
06.06.2017,8:20 AM,1326,LHS,Rural,Kavali,Others(p1.Specific), RTC Bus Passenger fell down on the Road,Bus,Minor injury,Fault of driver of motor vehicle/driver of other vehicle/cyclist/pedestrian/passenger,Four lanes or more with central divider,Straight road,,Fine,AP26TP  1330,A.M.B,Minor,1
06.06.2017,8:20 AM,1326,LHS,Rural,Kavali,Others(p1.Specific), RTC Bus Passenger fell down on the Road,Bus,Minor injury,Fault of driver of motor vehicle/driver of other vehicle/cyclist/pedestrian/passenger,Four lanes or more with central divider,Straight road,,Fine,AP26TP  1330,A.M.B,Non injured ,0
06.06.2017,8:20 AM,1326,LHS,Rural,Kavali,Others(p1.Specific), RTC Bus Passenger fell down on the Road,Bus,Minor injury,Fault of driver of motor vehicle/driver of other vehicle/cyclist/pedestrian/passenger,Four lanes or more with central divider,Straight road,,Fine,AP26TP  1330,A.M.B,Animals affected,0
07.06.2017,12:45 AM,1197.1,LHS,Rural,Martur,Rear End Collision, Mini Lorry hit Containeer Vehicle,Lorry,Fatal,Fault of driver of motor vehicle/driver of other vehicle/cyclist/pedestrian/passenger,Four lanes or more with central divider,Straight road,,Fine,AP28TE   4603,P.V,Fatal,1
07.06.2017,12:45 AM,1197.1,LHS,Rural,Martur,Rear End Collision, Mini Lorry hit Containeer Vehicle,Lorry,Fatal,Fault of driver of motor vehicle/driver of other vehicle/cyclist/pedestrian/passenger,Four lanes or more with central divider,Straight road,,Fine,AP28TE   4603,P.V,Grevious,0
07.06.2017,12:45 AM,1197.1,LHS,Rural,Martur,Rear End Collision, Mini Lorry hit Containeer Vehicle,Lorry,Fatal,Fault of driver of motor vehicle/driver of other vehicle/cyclist/pedestrian/passenger,Four lanes or more with central divider,Straight road,,Fine,AP28TE   4603,P.V,Minor,0
07.06.2017,12:45 AM,1197.1,LHS,Rural,Martur,Rear End Collision, Mini Lorry hit Containeer Vehicle,Lorry,Fatal,Fault of driver of motor vehicle/driver of other vehicle/cyclist/pedestrian/passenger,Four lanes or more with central divider,Straight road,,Fine,AP28TE   4603,P.V,Non injured ,2
07.06.2017,12:45 AM,1197.1,LHS,Rural,Martur,Rear End Collision, Mini Lorry hit Containeer Vehicle,Lorry,Fatal,Fault of driver of motor vehicle/driver of other vehicle/cyclist/pedestrian/passenger,Four lanes or more with central divider,Straight road,,Fine,AP28TE   4603,P.V,Animals affected,0
08.06.2017,7:50 AM,1264.1,RHS,Rural,Tangutur,Overturning, Containeer Vehicle  Fall down in Culver,Container,Minor injury,Druken,Four lanes or more with central divider,Straight road,,Fine,TN04AE 0264,A.M.B& P.V,Fatal,0
08.06.2017,7:50 AM,1264.1,RHS,Rural,Tangutur,Overturning, Containeer Vehicle  Fall down in Culver,Container,Minor injury,Druken,Four lanes or more with central divider,Straight road,,Fine,TN04AE 0264,A.M.B& P.V,Grevious,0
08.06.2017,7:50 AM,1264.1,RHS,Rural,Tangutur,Overturning, Containeer Vehicle  Fall down in Culver,Container,Minor injury,Druken,Four lanes or more with central divider,Straight road,,Fine,TN04AE 0264,A.M.B& P.V,Minor,2
08.06.2017,7:50 AM,1264.1,RHS,Rural,Tangutur,Overturning, Containeer Vehicle  Fall down in Culver,Container,Minor injury,Druken,Four lanes or more with central divider,Straight road,,Fine,TN04AE 0264,A.M.B& P.V,Non injured ,0
08.06.2017,7:50 AM,1264.1,RHS,Rural,Tangutur,Overturning, Containeer Vehicle  Fall down in Culver,Container,Minor injury,Druken,Four lanes or more with central divider,Straight road,,Fine,TN04AE 0264,A.M.B& P.V,Animals affected,0
08.06.2017,1:35 PM,1223.3,RHS,Rural,Medarametla,Collision Brush/Side Wipe, Car hit Lorry,Car,Grievious injury,Defect in mechanical condition of motor vehicle/road condition,Four lanes or more with central divider,Straight road,,Fine,AP05DB   0468,P.V,Fatal,0
08.06.2017,1:35 PM,1223.3,RHS,Rural,Medarametla,Collision Brush/Side Wipe, Car hit Lorry,Car,Grievious injury,Defect in mechanical condition of motor vehicle/road condition,Four lanes or more with central divider,Straight road,,Fine,AP05DB   0468,P.V,Grevious,1
08.06.2017,1:35 PM,1223.3,RHS,Rural,Medarametla,Collision Brush/Side Wipe, Car hit Lorry,Car,Grievious injury,Defect in mechanical condition of motor vehicle/road condition,Four lanes or more with central divider,Straight road,,Fine,AP05DB   0468,P.V,Minor,2
08.06.2017,1:35 PM,1223.3,RHS,Rural,Medarametla,Collision Brush/Side Wipe, Car hit Lorry,Car,Grievious injury,Defect in mechanical condition of motor vehicle/road condition,Four lanes or more with central divider,Straight road,,Fine,AP05DB   0468,P.V,Non injured ,2
08.06.2017,1:35 PM,1223.3,RHS,Rural,Medarametla,Collision Brush/Side Wipe, Car hit Lorry,Car,Grievious injury,Defect in mechanical condition of motor vehicle/road condition,Four lanes or more with central divider,Straight road,,Fine,AP05DB   0468,P.V,Animals affected,0
09.06.2017,8:25 PM,1239,LHS,Rural,Ongole,Collision Brush/Side Wipe, Unknown Vehicle hit Pedestrian,Unknown,Fatal,Over speed,Four lanes or more with central divider,Straight road,,Fine,Unknown Vehicle, P.V,Fatal,1
09.06.2017,8:25 PM,1239,LHS,Rural,Ongole,Collision Brush/Side Wipe, Unknown Vehicle hit Pedestrian,Unknown,Fatal,Over speed,Four lanes or more with central divider,Straight road,,Fine,Unknown Vehicle, P.V,Grevious,0
09.06.2017,8:25 PM,1239,LHS,Rural,Ongole,Collision Brush/Side Wipe, Unknown Vehicle hit Pedestrian,Unknown,Fatal,Over speed,Four lanes or more with central divider,Straight road,,Fine,Unknown Vehicle, P.V,Minor,0
09.06.2017,8:25 PM,1239,LHS,Rural,Ongole,Collision Brush/Side Wipe, Unknown Vehicle hit Pedestrian,Unknown,Fatal,Over speed,Four lanes or more with central divider,Straight road,,Fine,Unknown Vehicle, P.V,Non injured ,0
09.06.2017,8:25 PM,1239,LHS,Rural,Ongole,Collision Brush/Side Wipe, Unknown Vehicle hit Pedestrian,Unknown,Fatal,Over speed,Four lanes or more with central divider,Straight road,,Fine,Unknown Vehicle, P.V,Animals affected,0
09.06.2017,9:00 PM,1252.2,RHS,Rural,Ongole,Collision Brush/Side Wipe, Containeer Vehicle hit Containeer Vehic,Container,Non injury,Fault of driver of motor vehicle/driver of other vehicle/cyclist/pedestrian/passenger,Four lanes or more with central divider,Straight road,T-Junction,Fine,HR55T   9171,P.V,Fatal,0
09.06.2017,9:00 PM,1252.2,RHS,Rural,Ongole,Collision Brush/Side Wipe, Containeer Vehicle hit Containeer Vehic,Container,Non injury,Fault of driver of motor vehicle/driver of other vehicle/cyclist/pedestrian/passenger,Four lanes or more with central divider,Straight road,T-Junction,Fine,HR55T   9171,P.V,Grevious,0
09.06.2017,9:00 PM,1252.2,RHS,Rural,Ongole,Collision Brush/Side Wipe, Containeer Vehicle hit Containeer Vehic,Container,Non injury,Fault of driver of motor vehicle/driver of other vehicle/cyclist/pedestrian/passenger,Four lanes or more with central divider,Straight road,T-Junction,Fine,HR55T   9171,P.V,Minor,0
09.06.2017,9:00 PM,1252.2,RHS,Rural,Ongole,Collision Brush/Side Wipe, Containeer Vehicle hit Containeer Vehic,Container,Non injury,Fault of driver of motor vehicle/driver of other vehicle/cyclist/pedestrian/passenger,Four lanes or more with central divider,Straight road,T-Junction,Fine,HR55T   9171,P.V,Non injured ,2
09.06.2017,9:00 PM,1252.2,RHS,Rural,Ongole,Collision Brush/Side Wipe, Containeer Vehicle hit Containeer Vehic,Container,Non injury,Fault of driver of motor vehicle/driver of other vehicle/cyclist/pedestrian/passenger,Four lanes or more with central divider,Straight road,T-Junction,Fine,HR55T   9171,P.V,Animals affected,0
10.06.2017,4:15 AM,1191.8,LHS,Rural,Martur,Collision Brush/Side Wipe, Lorry hit Median,Lorry,Non injury,Fault of driver of motor vehicle/driver of other vehicle/cyclist/pedestrian/passenger,Four lanes or more with central divider,Straight road,T-Junction,Fine,WB23D   1297,P.V,Fatal,0
10.06.2017,4:15 AM,1191.8,LHS,Rural,Martur,Collision Brush/Side Wipe, Lorry hit Median,Lorry,Non injury,Fault of driver of motor vehicle/driver of other vehicle/cyclist/pedestrian/passenger,Four lanes or more with central divider,Straight road,T-Junction,Fine,WB23D   1297,P.V,Grevious,0
10.06.2017,4:15 AM,1191.8,LHS,Rural,Martur,Collision Brush/Side Wipe, Lorry hit Median,Lorry,Non injury,Fault of driver of motor vehicle/driver of other vehicle/cyclist/pedestrian/passenger,Four lanes or more with central divider,Straight road,T-Junction,Fine,WB23D   1297,P.V,Minor,0
10.06.2017,4:15 AM,1191.8,LHS,Rural,Martur,Collision Brush/Side Wipe, Lorry hit Median,Lorry,Non injury,Fault of driver of motor vehicle/driver of other vehicle/cyclist/pedestrian/passenger,Four lanes or more with central divider,Straight road,T-Junction,Fine,WB23D   1297,P.V,Non injured ,2
10.06.2017,4:15 AM,1191.8,LHS,Rural,Martur,Collision Brush/Side Wipe, Lorry hit Median,Lorry,Non injury,Fault of driver of motor vehicle/driver of other vehicle/cyclist/pedestrian/passenger,Four lanes or more with central divider,Straight road,T-Junction,Fine,WB23D   1297,P.V,Animals affected,0
10.06.2017,`04:40,1317.5,LHS,Rural,Kavali,Rear End Collision, Lorry hit Containeer Vehicle,Lorry,Non injury,Fault of driver of motor vehicle/driver of other vehicle/cyclist/pedestrian/passenger,Two lanes,Straight road,,Fine,TN34Q   5878,P.V,Fatal,0
10.06.2017,`04:40,1317.5,LHS,Rural,Kavali,Rear End Collision, Lorry hit Containeer Vehicle,Lorry,Non injury,Fault of driver of motor vehicle/driver of other vehicle/cyclist/pedestrian/passenger,Two lanes,Straight road,,Fine,TN34Q   5878,P.V,Grevious,0
10.06.2017,`04:40,1317.5,LHS,Rural,Kavali,Rear End Collision, Lorry hit Containeer Vehicle,Lorry,Non injury,Fault of driver of motor vehicle/driver of other vehicle/cyclist/pedestrian/passenger,Two lanes,Straight road,,Fine,TN34Q   5878,P.V,Minor,0
10.06.2017,`04:40,1317.5,LHS,Rural,Kavali,Rear End Collision, Lorry hit Containeer Vehicle,Lorry,Non injury,Fault of driver of motor vehicle/driver of other vehicle/cyclist/pedestrian/passenger,Two lanes,Straight road,,Fine,TN34Q   5878,P.V,Non injured ,4
10.06.2017,`04:40,1317.5,LHS,Rural,Kavali,Rear End Collision, Lorry hit Containeer Vehicle,Lorry,Non injury,Fault of driver of motor vehicle/driver of other vehicle/cyclist/pedestrian/passenger,Two lanes,Straight road,,Fine,TN34Q   5878,P.V,Animals affected,0
10.06.2017,11:50 AM,1291.1,RHS,Rural,Ulavapadu,Rear End Collision, Tanker hit Lorry,Tanker,Grievious injury,Over speed,Four lanes or more with central divider,Straight road,,Fine,TN34K   5386,P.V,Fatal,0
10.06.2017,11:50 AM,1291.1,RHS,Rural,Ulavapadu,Rear End Collision, Tanker hit Lorry,Tanker,Grievious injury,Over speed,Four lanes or more with central divider,Straight road,,Fine,TN34K   5386,P.V,Grevious,1
10.06.2017,11:50 AM,1291.1,RHS,Rural,Ulavapadu,Rear End Collision, Tanker hit Lorry,Tanker,Grievious injury,Over speed,Four lanes or more with central divider,Straight road,,Fine,TN34K   5386,P.V,Minor,0
10.06.2017,11:50 AM,1291.1,RHS,Rural,Ulavapadu,Rear End Collision, Tanker hit Lorry,Tanker,Grievious injury,Over speed,Four lanes or more with central divider,Straight road,,Fine,TN34K   5386,P.V,Non injured ,3
10.06.2017,11:50 AM,1291.1,RHS,Rural,Ulavapadu,Rear End Collision, Tanker hit Lorry,Tanker,Grievious injury,Over speed,Four lanes or more with central divider,Straight road,,Fine,TN34K   5386,P.V,Animals affected,0
10.06.2017,8:15 PM,1194.5,RHS,Rural,Martur,Rear End Collision, Bike hit Pedestrian,Bike,Minor injury,Druken,Four lanes or more with central divider,Straight road,,Fine,AP07BH  2055,P.V&A.M.B,Fatal,0
10.06.2017,8:15 PM,1194.5,RHS,Rural,Martur,Rear End Collision, Bike hit Pedestrian,Bike,Minor injury,Druken,Four lanes or more with central divider,Straight road,,Fine,AP07BH  2055,P.V&A.M.B,Grevious,0
10.06.2017,8:15 PM,1194.5,RHS,Rural,Martur,Rear End Collision, Bike hit Pedestrian,Bike,Minor injury,Druken,Four lanes or more with central divider,Straight road,,Fine,AP07BH  2055,P.V&A.M.B,Minor,3
10.06.2017,8:15 PM,1194.5,RHS,Rural,Martur,Rear End Collision, Bike hit Pedestrian,Bike,Minor injury,Druken,Four lanes or more with central divider,Straight road,,Fine,AP07BH  2055,P.V&A.M.B,Non injured ,0
10.06.2017,8:15 PM,1194.5,RHS,Rural,Martur,Rear End Collision, Bike hit Pedestrian,Bike,Minor injury,Druken,Four lanes or more with central divider,Straight road,,Fine,AP07BH  2055,P.V&A.M.B,Animals affected,0
11.06.2017,7:00 AM,1261.1,RHS,Rural,Tangutur,Skidding, Bike skidding,Bike,Grievious injury,Fault of driver of motor vehicle/driver of other vehicle/cyclist/pedestrian/passenger,Four lanes or more with central divider,Straight road,,Fine,AP05EA   3338,A.M.B,Fatal,0
11.06.2017,7:00 AM,1261.1,RHS,Rural,Tangutur,Skidding, Bike skidding,Bike,Grievious injury,Fault of driver of motor vehicle/driver of other vehicle/cyclist/pedestrian/passenger,Four lanes or more with central divider,Straight road,,Fine,AP05EA   3338,A.M.B,Grevious,1
11.06.2017,7:00 AM,1261.1,RHS,Rural,Tangutur,Skidding, Bike skidding,Bike,Grievious injury,Fault of driver of motor vehicle/driver of other vehicle/cyclist/pedestrian/passenger,Four lanes or more with central divider,Straight road,,Fine,AP05EA   3338,A.M.B,Minor,1
11.06.2017,7:00 AM,1261.1,RHS,Rural,Tangutur,Skidding, Bike skidding,Bike,Grievious injury,Fault of driver of motor vehicle/driver of other vehicle/cyclist/pedestrian/passenger,Four lanes or more with central divider,Straight road,,Fine,AP05EA   3338,A.M.B,Non injured ,0
11.06.2017,7:00 AM,1261.1,RHS,Rural,Tangutur,Skidding, Bike skidding,Bike,Grievious injury,Fault of driver of motor vehicle/driver of other vehicle/cyclist/pedestrian/passenger,Four lanes or more with central divider,Straight road,,Fine,AP05EA   3338,A.M.B,Animals affected,0
11.06.2017,8:30 PM,1278.4,RHS,Rural,Singarayakonda,Rear End Collision, Milk Tanker hit Long Container Vehicle,Tanker,Non injury,Over speed,Four lanes or more with central divider,Straight road,,Fine,AP03X    7979,P.V,Fatal,0
11.06.2017,8:30 PM,1278.4,RHS,Rural,Singarayakonda,Rear End Collision, Milk Tanker hit Long Container Vehicle,Tanker,Non injury,Over speed,Four lanes or more with central divider,Straight road,,Fine,AP03X    7979,P.V,Grevious,0
11.06.2017,8:30 PM,1278.4,RHS,Rural,Singarayakonda,Rear End Collision, Milk Tanker hit Long Container Vehicle,Tanker,Non injury,Over speed,Four lanes or more with central divider,Straight road,,Fine,AP03X    7979,P.V,Minor,0
11.06.2017,8:30 PM,1278.4,RHS,Rural,Singarayakonda,Rear End Collision, Milk Tanker hit Long Container Vehicle,Tanker,Non injury,Over speed,Four lanes or more with central divider,Straight road,,Fine,AP03X    7979,P.V,Non injured ,4
11.06.2017,8:30 PM,1278.4,RHS,Rural,Singarayakonda,Rear End Collision, Milk Tanker hit Long Container Vehicle,Tanker,Non injury,Over speed,Four lanes or more with central divider,Straight road,,Fine,AP03X    7979,P.V,Animals affected,0
12.06.2017,6:30 AM,1202.8,RHS,Rural,Reningavaram,Overturning, Car hit median and Overturned,Car,Grievious injury,Fault of driver of motor vehicle/driver of other vehicle/cyclist/pedestrian/passenger,Four lanes or more with central divider,Straight road,,Fine,AP20AD  1233,A.M.B & P.V,Fatal,0
12.06.2017,6:30 AM,1202.8,RHS,Rural,Reningavaram,Overturning, Car hit median and Overturned,Car,Grievious injury,Fault of driver of motor vehicle/driver of other vehicle/cyclist/pedestrian/passenger,Four lanes or more with central divider,Straight road,,Fine,AP20AD  1233,A.M.B & P.V,Grevious,2
12.06.2017,6:30 AM,1202.8,RHS,Rural,Reningavaram,Overturning, Car hit median and Overturned,Car,Grievious injury,Fault of driver of motor vehicle/driver of other vehicle/cyclist/pedestrian/passenger,Four lanes or more with central divider,Straight road,,Fine,AP20AD  1233,A.M.B & P.V,Minor,2
12.06.2017,6:30 AM,1202.8,RHS,Rural,Reningavaram,Overturning, Car hit median and Overturned,Car,Grievious injury,Fault of driver of motor vehicle/driver of other vehicle/cyclist/pedestrian/passenger,Four lanes or more with central divider,Straight road,,Fine,AP20AD  1233,A.M.B & P.V,Non injured ,1
12.06.2017,6:30 AM,1202.8,RHS,Rural,Reningavaram,Overturning, Car hit median and Overturned,Car,Grievious injury,Fault of driver of motor vehicle/driver of other vehicle/cyclist/pedestrian/passenger,Four lanes or more with central divider,Straight road,,Fine,AP20AD  1233,A.M.B & P.V,Animals affected,0
12.06.2017,6:40 AM,1195.4,LHS,Rural,Martur,Collision Brush/Side Wipe, Car hit Bike ,Car,Grievious injury,Over speed,Four lanes or more with central divider,Straight road,,Fine,AP16AD  2219,P.V,Fatal,0
12.06.2017,6:40 AM,1195.4,LHS,Rural,Martur,Collision Brush/Side Wipe, Car hit Bike ,Car,Grievious injury,Over speed,Four lanes or more with central divider,Straight road,,Fine,AP16AD  2219,P.V,Grevious,1
12.06.2017,6:40 AM,1195.4,LHS,Rural,Martur,Collision Brush/Side Wipe, Car hit Bike ,Car,Grievious injury,Over speed,Four lanes or more with central divider,Straight road,,Fine,AP16AD  2219,P.V,Minor,0
12.06.2017,6:40 AM,1195.4,LHS,Rural,Martur,Collision Brush/Side Wipe, Car hit Bike ,Car,Grievious injury,Over speed,Four lanes or more with central divider,Straight road,,Fine,AP16AD  2219,P.V,Non injured ,0
12.06.2017,6:40 AM,1195.4,LHS,Rural,Martur,Collision Brush/Side Wipe, Car hit Bike ,Car,Grievious injury,Over speed,Four lanes or more with central divider,Straight road,,Fine,AP16AD  2219,P.V,Animals affected,0
12.06.2017,10:20 PM,1328.1,LHS,Rural,Kavali,Collision Brush/Side Wipe, Bike hit CC Barrier,Bike,Minor injury,Druken,Two lanes,Straight road,,Fine,TN01AA   9979,A.M.B & P.V,Fatal,0
12.06.2017,10:20 PM,1328.1,LHS,Rural,Kavali,Collision Brush/Side Wipe, Bike hit CC Barrier,Bike,Minor injury,Druken,Two lanes,Straight road,,Fine,TN01AA   9979,A.M.B & P.V,Grevious,0
12.06.2017,10:20 PM,1328.1,LHS,Rural,Kavali,Collision Brush/Side Wipe, Bike hit CC Barrier,Bike,Minor injury,Druken,Two lanes,Straight road,,Fine,TN01AA   9979,A.M.B & P.V,Minor,1
12.06.2017,10:20 PM,1328.1,LHS,Rural,Kavali,Collision Brush/Side Wipe, Bike hit CC Barrier,Bike,Minor injury,Druken,Two lanes,Straight road,,Fine,TN01AA   9979,A.M.B & P.V,Non injured ,0
12.06.2017,10:20 PM,1328.1,LHS,Rural,Kavali,Collision Brush/Side Wipe, Bike hit CC Barrier,Bike,Minor injury,Druken,Two lanes,Straight road,,Fine,TN01AA   9979,A.M.B & P.V,Animals affected,0
13.06.2017,12:10 AM,1313.4,LHS,Rural,Kavali,Collision Brush/Side Wipe, Lorry hit Oil Tanker,Lorry,Non injury,Fault of driver of motor vehicle/driver of other vehicle/cyclist/pedestrian/passenger,Four lanes or more with central divider,Straight road,,Fine,MH34AV   0343,P.V,Fatal,0
13.06.2017,12:10 AM,1313.4,LHS,Rural,Kavali,Collision Brush/Side Wipe, Lorry hit Oil Tanker,Lorry,Non injury,Fault of driver of motor vehicle/driver of other vehicle/cyclist/pedestrian/passenger,Four lanes or more with central divider,Straight road,,Fine,MH34AV   0343,P.V,Grevious,0
13.06.2017,12:10 AM,1313.4,LHS,Rural,Kavali,Collision Brush/Side Wipe, Lorry hit Oil Tanker,Lorry,Non injury,Fault of driver of motor vehicle/driver of other vehicle/cyclist/pedestrian/passenger,Four lanes or more with central divider,Straight road,,Fine,MH34AV   0343,P.V,Minor,0
13.06.2017,12:10 AM,1313.4,LHS,Rural,Kavali,Collision Brush/Side Wipe, Lorry hit Oil Tanker,Lorry,Non injury,Fault of driver of motor vehicle/driver of other vehicle/cyclist/pedestrian/passenger,Four lanes or more with central divider,Straight road,,Fine,MH34AV   0343,P.V,Non injured ,3
13.06.2017,12:10 AM,1313.4,LHS,Rural,Kavali,Collision Brush/Side Wipe, Lorry hit Oil Tanker,Lorry,Non injury,Fault of driver of motor vehicle/driver of other vehicle/cyclist/pedestrian/passenger,Four lanes or more with central divider,Straight road,,Fine,MH34AV   0343,P.V,Animals affected,0
13.06.2017,12:20 AM,1295.5,LHS,Rural,Ulavapadu,Overturning, Lorry Overturned   towards ROW,Lorry,Minor injury,Fault of driver of motor vehicle/driver of other vehicle/cyclist/pedestrian/passenger,Four lanes or more with central divider,Straight road,,Fine,AP27TX   9629,P.V,Fatal,0
13.06.2017,12:20 AM,1295.5,LHS,Rural,Ulavapadu,Overturning, Lorry Overturned   towards ROW,Lorry,Minor injury,Fault of driver of motor vehicle/driver of other vehicle/cyclist/pedestrian/passenger,Four lanes or more with central divider,Straight road,,Fine,AP27TX   9629,P.V,Grevious,0
13.06.2017,12:20 AM,1295.5,LHS,Rural,Ulavapadu,Overturning, Lorry Overturned   towards ROW,Lorry,Minor injury,Fault of driver of motor vehicle/driver of other vehicle/cyclist/pedestrian/passenger,Four lanes or more with central divider,Straight road,,Fine,AP27TX   9629,P.V,Minor,1
13.06.2017,12:20 AM,1295.5,LHS,Rural,Ulavapadu,Overturning, Lorry Overturned   towards ROW,Lorry,Minor injury,Fault of driver of motor vehicle/driver of other vehicle/cyclist/pedestrian/passenger,Four lanes or more with central divider,Straight road,,Fine,AP27TX   9629,P.V,Non injured ,0
13.06.2017,12:20 AM,1295.5,LHS,Rural,Ulavapadu,Overturning, Lorry Overturned   towards ROW,Lorry,Minor injury,Fault of driver of motor vehicle/driver of other vehicle/cyclist/pedestrian/passenger,Four lanes or more with central divider,Straight road,,Fine,AP27TX   9629,P.V,Animals affected,0
13.06.2017,12:30 AM,1268,RHS,Rural,Jarugumalli,Collision Brush/Side Wipe, Travels Bus hit Pedestrian,Bus,Fatal,Over speed,Four lanes or more with central divider,Straight road,,Fine,AP26TC  9525,P.V,Fatal,1
13.06.2017,12:30 AM,1268,RHS,Rural,Jarugumalli,Collision Brush/Side Wipe, Travels Bus hit Pedestrian,Bus,Fatal,Over speed,Four lanes or more with central divider,Straight road,,Fine,AP26TC  9525,P.V,Grevious,0
13.06.2017,12:30 AM,1268,RHS,Rural,Jarugumalli,Collision Brush/Side Wipe, Travels Bus hit Pedestrian,Bus,Fatal,Over speed,Four lanes or more with central divider,Straight road,,Fine,AP26TC  9525,P.V,Minor,0
13.06.2017,12:30 AM,1268,RHS,Rural,Jarugumalli,Collision Brush/Side Wipe, Travels Bus hit Pedestrian,Bus,Fatal,Over speed,Four lanes or more with central divider,Straight road,,Fine,AP26TC  9525,P.V,Non injured ,35
13.06.2017,12:30 AM,1268,RHS,Rural,Jarugumalli,Collision Brush/Side Wipe, Travels Bus hit Pedestrian,Bus,Fatal,Over speed,Four lanes or more with central divider,Straight road,,Fine,AP26TC  9525,P.V,Animals affected,0
13.06.2017,1:00 AM,1331.3,RHS,Rural,K.Tippa ,Rear End Collision, Lorry hit Lorry,Lorry,Minor injury,Fault of driver of motor vehicle/driver of other vehicle/cyclist/pedestrian/passenger,Four lanes or more with central divider,Straight road,,Fine,AP27TX  5899,P.V,Fatal,0