Operational date,Time of Accident,KM && M,Position,Rural/Urban,Location,Nature of Accident Position,Nature of Accident,Vehicle Involved,Type of Accident,Causes,Road Feature,Road condition,Intersection Type And Control,Weather Condition,Vehicle Responsible,Help Provided by Ambulance/Patroling Vehicle,Classification of Accident,No of Affected Persons
13.06.2017,1:00 AM,1331.3,RHS,Rural,K.Tippa ,Rear End Collision, Lorry hit Lorry,Lorry,Minor injury,Fault of driver of motor vehicle/driver of other vehicle/cyclist/pedestrian/passenger,Four lanes or more with central divider,Straight road,,Fine,AP27TX  5899,P.V,Grevious,0
13.06.2017,1:00 AM,1331.3,RHS,Rural,K.Tippa ,Rear End Collision, Lorry hit Lorry,Lorry,Minor injury,Fault of driver of motor vehicle/driver of other vehicle/cyclist/pedestrian/passenger,Four lanes or more with central divider,Straight road,,Fine,AP27TX  5899,P.V,Minor,2
13.06.2017,1:00 AM,1331.3,RHS,Rural,K.Tippa ,Rear End Collision, Lorry hit Lorry,Lorry,Minor injury,Fault of driver of motor vehicle/driver of other vehicle/cyclist/pedestrian/passenger,Four lanes or more with central divider,Straight road,,Fine,AP27TX  5899,P.V,Non injured ,2
13.06.2017,1:00 AM,1331.3,RHS,Rural,K.Tippa ,Rear End Collision, Lorry hit Lorry,Lorry,Minor injury,Fault of driver of motor vehicle/driver of other vehicle/cyclist/pedestrian/passenger,Four lanes or more with central divider,Straight road,,Fine,AP27TX  5899,P.V,Animals affected,0
13.06.2017,4:30 AM,1183.9,LHS,Rural,Martur,Collision Brush/Side Wipe, Car went out of road towards ROW,Car,Grievious injury,Over speed,Four lanes or more with central divider,Straight road,,Fine,AP16DH 4444,P.V,Fatal,0
13.06.2017,4:30 AM,1183.9,LHS,Rural,Martur,Collision Brush/Side Wipe, Car went out of road towards ROW,Car,Grievious injury,Over speed,Four lanes or more with central divider,Straight road,,Fine,AP16DH 4444,P.V,Grevious,2
13.06.2017,4:30 AM,1183.9,LHS,Rural,Martur,Collision Brush/Side Wipe, Car went out of road towards ROW,Car,Grievious injury,Over speed,Four lanes or more with central divider,Straight road,,Fine,AP16DH 4444,P.V,Minor,2
13.06.2017,4:30 AM,1183.9,LHS,Rural,Martur,Collision Brush/Side Wipe, Car went out of road towards ROW,Car,Grievious injury,Over speed,Four lanes or more with central divider,Straight road,,Fine,AP16DH 4444,P.V,Non injured ,0
13.06.2017,4:30 AM,1183.9,LHS,Rural,Martur,Collision Brush/Side Wipe, Car went out of road towards ROW,Car,Grievious injury,Over speed,Four lanes or more with central divider,Straight road,,Fine,AP16DH 4444,P.V,Animals affected,0
13.06.2017,6:18 AM,1228.8,LHS,Rural,Maddipadu,Collision Brush/Side Wipe, Travels Bus hit CC Barrier,Bus,Minor injury,Over speed,Two lanes,Straight road,,Fine,AP27TX  2666,P.V,Fatal,0
13.06.2017,6:18 AM,1228.8,LHS,Rural,Maddipadu,Collision Brush/Side Wipe, Travels Bus hit CC Barrier,Bus,Minor injury,Over speed,Two lanes,Straight road,,Fine,AP27TX  2666,P.V,Grevious,0
13.06.2017,6:18 AM,1228.8,LHS,Rural,Maddipadu,Collision Brush/Side Wipe, Travels Bus hit CC Barrier,Bus,Minor injury,Over speed,Two lanes,Straight road,,Fine,AP27TX  2666,P.V,Minor,2
13.06.2017,6:18 AM,1228.8,LHS,Rural,Maddipadu,Collision Brush/Side Wipe, Travels Bus hit CC Barrier,Bus,Minor injury,Over speed,Two lanes,Straight road,,Fine,AP27TX  2666,P.V,Non injured ,36
13.06.2017,6:18 AM,1228.8,LHS,Rural,Maddipadu,Collision Brush/Side Wipe, Travels Bus hit CC Barrier,Bus,Minor injury,Over speed,Two lanes,Straight road,,Fine,AP27TX  2666,P.V,Animals affected,0
15.06.2017,2:00 AM,1348.9,LHS,Rural,Kodavaluru,Overturning, Mini Truck Overturned towards Row,Lorry,Non injury,Defect in mechanical condition of motor vehicle/road condition,Four lanes or more with central divider,Straight road,,Fine,AP16CH   5166, P.V,Fatal,0
15.06.2017,2:00 AM,1348.9,LHS,Rural,Kodavaluru,Overturning, Mini Truck Overturned towards Row,Lorry,Non injury,Defect in mechanical condition of motor vehicle/road condition,Four lanes or more with central divider,Straight road,,Fine,AP16CH   5166, P.V,Grevious,0
15.06.2017,2:00 AM,1348.9,LHS,Rural,Kodavaluru,Overturning, Mini Truck Overturned towards Row,Lorry,Non injury,Defect in mechanical condition of motor vehicle/road condition,Four lanes or more with central divider,Straight road,,Fine,AP16CH   5166, P.V,Minor,0
15.06.2017,2:00 AM,1348.9,LHS,Rural,Kodavaluru,Overturning, Mini Truck Overturned towards Row,Lorry,Non injury,Defect in mechanical condition of motor vehicle/road condition,Four lanes or more with central divider,Straight road,,Fine,AP16CH   5166, P.V,Non injured ,2
15.06.2017,2:00 AM,1348.9,LHS,Rural,Kodavaluru,Overturning, Mini Truck Overturned towards Row,Lorry,Non injury,Defect in mechanical condition of motor vehicle/road condition,Four lanes or more with central divider,Straight road,,Fine,AP16CH   5166, P.V,Animals affected,0
15.06.2017,9:00 AM,1275.6,RHS,Rural,Singarayakonda,Overturning, Bolero pickup vehicle hit Unknown Vehic,Car,Grievious injury,Over speed,Four lanes or more with central divider,Straight road,,Fine,AP26TE  3818, P.V,Fatal,0
15.06.2017,9:00 AM,1275.6,RHS,Rural,Singarayakonda,Overturning, Bolero pickup vehicle hit Unknown Vehic,Car,Grievious injury,Over speed,Four lanes or more with central divider,Straight road,,Fine,AP26TE  3818, P.V,Grevious,1
15.06.2017,9:00 AM,1275.6,RHS,Rural,Singarayakonda,Overturning, Bolero pickup vehicle hit Unknown Vehic,Car,Grievious injury,Over speed,Four lanes or more with central divider,Straight road,,Fine,AP26TE  3818, P.V,Minor,0
15.06.2017,9:00 AM,1275.6,RHS,Rural,Singarayakonda,Overturning, Bolero pickup vehicle hit Unknown Vehic,Car,Grievious injury,Over speed,Four lanes or more with central divider,Straight road,,Fine,AP26TE  3818, P.V,Non injured ,0
15.06.2017,9:00 AM,1275.6,RHS,Rural,Singarayakonda,Overturning, Bolero pickup vehicle hit Unknown Vehic,Car,Grievious injury,Over speed,Four lanes or more with central divider,Straight road,,Fine,AP26TE  3818, P.V,Animals affected,0
15.06.2017,11:40 AM,1348.9,LHS,Rural,Kodavaluru,Overturning, Mini Truck hit Lorry and Overturned tow,Lorry,Non injury,Over speed,Four lanes or more with central divider,Straight road,,Fine,TN22BE   9017, P.V,Fatal,0
15.06.2017,11:40 AM,1348.9,LHS,Rural,Kodavaluru,Overturning, Mini Truck hit Lorry and Overturned tow,Lorry,Non injury,Over speed,Four lanes or more with central divider,Straight road,,Fine,TN22BE   9017, P.V,Grevious,0
15.06.2017,11:40 AM,1348.9,LHS,Rural,Kodavaluru,Overturning, Mini Truck hit Lorry and Overturned tow,Lorry,Non injury,Over speed,Four lanes or more with central divider,Straight road,,Fine,TN22BE   9017, P.V,Minor,0
15.06.2017,11:40 AM,1348.9,LHS,Rural,Kodavaluru,Overturning, Mini Truck hit Lorry and Overturned tow,Lorry,Non injury,Over speed,Four lanes or more with central divider,Straight road,,Fine,TN22BE   9017, P.V,Non injured ,2
15.06.2017,11:40 AM,1348.9,LHS,Rural,Kodavaluru,Overturning, Mini Truck hit Lorry and Overturned tow,Lorry,Non injury,Over speed,Four lanes or more with central divider,Straight road,,Fine,TN22BE   9017, P.V,Animals affected,0
15.06.2017,1:25 PM,1216.7,LHS,Rural,Medarametla,Collision Brush/Side Wipe, Bike hit Lorry,Bike,Grievious injury,Druken,Four lanes or more with central divider,Straight road,,Fine,AP27AW   3367,A.M.B & P.V,Fatal,0
15.06.2017,1:25 PM,1216.7,LHS,Rural,Medarametla,Collision Brush/Side Wipe, Bike hit Lorry,Bike,Grievious injury,Druken,Four lanes or more with central divider,Straight road,,Fine,AP27AW   3367,A.M.B & P.V,Grevious,1
15.06.2017,1:25 PM,1216.7,LHS,Rural,Medarametla,Collision Brush/Side Wipe, Bike hit Lorry,Bike,Grievious injury,Druken,Four lanes or more with central divider,Straight road,,Fine,AP27AW   3367,A.M.B & P.V,Minor,0
15.06.2017,1:25 PM,1216.7,LHS,Rural,Medarametla,Collision Brush/Side Wipe, Bike hit Lorry,Bike,Grievious injury,Druken,Four lanes or more with central divider,Straight road,,Fine,AP27AW   3367,A.M.B & P.V,Non injured ,1
15.06.2017,1:25 PM,1216.7,LHS,Rural,Medarametla,Collision Brush/Side Wipe, Bike hit Lorry,Bike,Grievious injury,Druken,Four lanes or more with central divider,Straight road,,Fine,AP27AW   3367,A.M.B & P.V,Animals affected,0
15.06.2017,7:50 PM,1316.7,RHS,Rural,Kavali,Overturning, Milk Van Overturned towards Row,Tanker,Non injury,Fault of driver of motor vehicle/driver of other vehicle/cyclist/pedestrian/passenger,Four lanes or more with central divider,Straight road,,Fine,AP27TY   8749, P.V,Fatal,0
15.06.2017,7:50 PM,1316.7,RHS,Rural,Kavali,Overturning, Milk Van Overturned towards Row,Tanker,Non injury,Fault of driver of motor vehicle/driver of other vehicle/cyclist/pedestrian/passenger,Four lanes or more with central divider,Straight road,,Fine,AP27TY   8749, P.V,Grevious,0
15.06.2017,7:50 PM,1316.7,RHS,Rural,Kavali,Overturning, Milk Van Overturned towards Row,Tanker,Non injury,Fault of driver of motor vehicle/driver of other vehicle/cyclist/pedestrian/passenger,Four lanes or more with central divider,Straight road,,Fine,AP27TY   8749, P.V,Minor,0
15.06.2017,7:50 PM,1316.7,RHS,Rural,Kavali,Overturning, Milk Van Overturned towards Row,Tanker,Non injury,Fault of driver of motor vehicle/driver of other vehicle/cyclist/pedestrian/passenger,Four lanes or more with central divider,Straight road,,Fine,AP27TY   8749, P.V,Non injured ,1
15.06.2017,7:50 PM,1316.7,RHS,Rural,Kavali,Overturning, Milk Van Overturned towards Row,Tanker,Non injury,Fault of driver of motor vehicle/driver of other vehicle/cyclist/pedestrian/passenger,Four lanes or more with central divider,Straight road,,Fine,AP27TY   8749, P.V,Animals affected,0
16.06.2017,1:30 AM,1255.7,RHS,Rural,Tangutur,Others(p1.Specific), Lorry front left wheel broke away,Lorry,Minor injury,Defect in mechanical condition of motor vehicle/road condition,Four lanes or more with central divider,Straight road,,Cloudy,TN21R    3663,A.M.B & P.V,Fatal,0
16.06.2017,1:30 AM,1255.7,RHS,Rural,Tangutur,Others(p1.Specific), Lorry front left wheel broke away,Lorry,Minor injury,Defect in mechanical condition of motor vehicle/road condition,Four lanes or more with central divider,Straight road,,Cloudy,TN21R    3663,A.M.B & P.V,Grevious,0
16.06.2017,1:30 AM,1255.7,RHS,Rural,Tangutur,Others(p1.Specific), Lorry front left wheel broke away,Lorry,Minor injury,Defect in mechanical condition of motor vehicle/road condition,Four lanes or more with central divider,Straight road,,Cloudy,TN21R    3663,A.M.B & P.V,Minor,1
16.06.2017,1:30 AM,1255.7,RHS,Rural,Tangutur,Others(p1.Specific), Lorry front left wheel broke away,Lorry,Minor injury,Defect in mechanical condition of motor vehicle/road condition,Four lanes or more with central divider,Straight road,,Cloudy,TN21R    3663,A.M.B & P.V,Non injured ,1
16.06.2017,1:30 AM,1255.7,RHS,Rural,Tangutur,Others(p1.Specific), Lorry front left wheel broke away,Lorry,Minor injury,Defect in mechanical condition of motor vehicle/road condition,Four lanes or more with central divider,Straight road,,Cloudy,TN21R    3663,A.M.B & P.V,Animals affected,0
16.06.2017,5:10 AM,1294.9,LHS,Rural,Ulavapadu,Collision Brush/Side Wipe, Car hit Median,Car,Non injury,Defect in mechanical condition of motor vehicle/road condition,Four lanes or more with central divider,Straight road,,Cloudy,AP27AS 3958, P.V,Fatal,0
16.06.2017,5:10 AM,1294.9,LHS,Rural,Ulavapadu,Collision Brush/Side Wipe, Car hit Median,Car,Non injury,Defect in mechanical condition of motor vehicle/road condition,Four lanes or more with central divider,Straight road,,Cloudy,AP27AS 3958, P.V,Grevious,0
16.06.2017,5:10 AM,1294.9,LHS,Rural,Ulavapadu,Collision Brush/Side Wipe, Car hit Median,Car,Non injury,Defect in mechanical condition of motor vehicle/road condition,Four lanes or more with central divider,Straight road,,Cloudy,AP27AS 3958, P.V,Minor,0
16.06.2017,5:10 AM,1294.9,LHS,Rural,Ulavapadu,Collision Brush/Side Wipe, Car hit Median,Car,Non injury,Defect in mechanical condition of motor vehicle/road condition,Four lanes or more with central divider,Straight road,,Cloudy,AP27AS 3958, P.V,Non injured ,8
16.06.2017,5:10 AM,1294.9,LHS,Rural,Ulavapadu,Collision Brush/Side Wipe, Car hit Median,Car,Non injury,Defect in mechanical condition of motor vehicle/road condition,Four lanes or more with central divider,Straight road,,Cloudy,AP27AS 3958, P.V,Animals affected,0
16.06.2017,5:30 AM,1304.5,LHS,Rural,Gudluru,Collision Brush/Side Wipe, Lorry hit        Oil Tanker,Lorry,Fatal,Fault of driver of motor vehicle/driver of other vehicle/cyclist/pedestrian/passenger,Four lanes or more with central divider,Straight road,,Cloudy,AP24TA    7848, P.V,Fatal,1
16.06.2017,5:30 AM,1304.5,LHS,Rural,Gudluru,Collision Brush/Side Wipe, Lorry hit        Oil Tanker,Lorry,Fatal,Fault of driver of motor vehicle/driver of other vehicle/cyclist/pedestrian/passenger,Four lanes or more with central divider,Straight road,,Cloudy,AP24TA    7848, P.V,Grevious,0
16.06.2017,5:30 AM,1304.5,LHS,Rural,Gudluru,Collision Brush/Side Wipe, Lorry hit        Oil Tanker,Lorry,Fatal,Fault of driver of motor vehicle/driver of other vehicle/cyclist/pedestrian/passenger,Four lanes or more with central divider,Straight road,,Cloudy,AP24TA    7848, P.V,Minor,0
16.06.2017,5:30 AM,1304.5,LHS,Rural,Gudluru,Collision Brush/Side Wipe, Lorry hit        Oil Tanker,Lorry,Fatal,Fault of driver of motor vehicle/driver of other vehicle/cyclist/pedestrian/passenger,Four lanes or more with central divider,Straight road,,Cloudy,AP24TA    7848, P.V,Non injured ,3
16.06.2017,5:30 AM,1304.5,LHS,Rural,Gudluru,Collision Brush/Side Wipe, Lorry hit        Oil Tanker,Lorry,Fatal,Fault of driver of motor vehicle/driver of other vehicle/cyclist/pedestrian/passenger,Four lanes or more with central divider,Straight road,,Cloudy,AP24TA    7848, P.V,Animals affected,0
16.06.2017,2:10 PM,1338.1,RHS,Rural,Dagadarthi,Collision Brush/Side Wipe, Lorry hit Culvert wall,Lorry,Non injury,Over speed,Four lanes or more with central divider,Straight road,,Fine,AP26W  5877, P.V,Fatal,0
16.06.2017,2:10 PM,1338.1,RHS,Rural,Dagadarthi,Collision Brush/Side Wipe, Lorry hit Culvert wall,Lorry,Non injury,Over speed,Four lanes or more with central divider,Straight road,,Fine,AP26W  5877, P.V,Grevious,0
16.06.2017,2:10 PM,1338.1,RHS,Rural,Dagadarthi,Collision Brush/Side Wipe, Lorry hit Culvert wall,Lorry,Non injury,Over speed,Four lanes or more with central divider,Straight road,,Fine,AP26W  5877, P.V,Minor,0
16.06.2017,2:10 PM,1338.1,RHS,Rural,Dagadarthi,Collision Brush/Side Wipe, Lorry hit Culvert wall,Lorry,Non injury,Over speed,Four lanes or more with central divider,Straight road,,Fine,AP26W  5877, P.V,Non injured ,2
16.06.2017,2:10 PM,1338.1,RHS,Rural,Dagadarthi,Collision Brush/Side Wipe, Lorry hit Culvert wall,Lorry,Non injury,Over speed,Four lanes or more with central divider,Straight road,,Fine,AP26W  5877, P.V,Animals affected,0
17.06.2017,11:55 AM,1305.3,RHS,Rural,Gudluru,Collision Brush/Side Wipe, Bike hit CC Barrier,Bike,Grievious injury,Over speed,Four lanes or more with central divider,Sharp curve,,Fine,AP26AF   0997, P.V,Fatal,0
17.06.2017,11:55 AM,1305.3,RHS,Rural,Gudluru,Collision Brush/Side Wipe, Bike hit CC Barrier,Bike,Grievious injury,Over speed,Four lanes or more with central divider,Sharp curve,,Fine,AP26AF   0997, P.V,Grevious,1
17.06.2017,11:55 AM,1305.3,RHS,Rural,Gudluru,Collision Brush/Side Wipe, Bike hit CC Barrier,Bike,Grievious injury,Over speed,Four lanes or more with central divider,Sharp curve,,Fine,AP26AF   0997, P.V,Minor,1
17.06.2017,11:55 AM,1305.3,RHS,Rural,Gudluru,Collision Brush/Side Wipe, Bike hit CC Barrier,Bike,Grievious injury,Over speed,Four lanes or more with central divider,Sharp curve,,Fine,AP26AF   0997, P.V,Non injured ,0
17.06.2017,11:55 AM,1305.3,RHS,Rural,Gudluru,Collision Brush/Side Wipe, Bike hit CC Barrier,Bike,Grievious injury,Over speed,Four lanes or more with central divider,Sharp curve,,Fine,AP26AF   0997, P.V,Animals affected,0
17.06.2017,12:30 PM,1284,LHS,Rural,Ulavapadu,Collision Brush/Side Wipe, Pick up vehicle hit Pick up vehicle,Van,Grievious injury,Over speed,Four lanes or more with central divider,Straight road,,Fine,AP03TA   0030, P.V,Fatal,0
17.06.2017,12:30 PM,1284,LHS,Rural,Ulavapadu,Collision Brush/Side Wipe, Pick up vehicle hit Pick up vehicle,Van,Grievious injury,Over speed,Four lanes or more with central divider,Straight road,,Fine,AP03TA   0030, P.V,Grevious,1
17.06.2017,12:30 PM,1284,LHS,Rural,Ulavapadu,Collision Brush/Side Wipe, Pick up vehicle hit Pick up vehicle,Van,Grievious injury,Over speed,Four lanes or more with central divider,Straight road,,Fine,AP03TA   0030, P.V,Minor,4
17.06.2017,12:30 PM,1284,LHS,Rural,Ulavapadu,Collision Brush/Side Wipe, Pick up vehicle hit Pick up vehicle,Van,Grievious injury,Over speed,Four lanes or more with central divider,Straight road,,Fine,AP03TA   0030, P.V,Non injured ,1
17.06.2017,12:30 PM,1284,LHS,Rural,Ulavapadu,Collision Brush/Side Wipe, Pick up vehicle hit Pick up vehicle,Van,Grievious injury,Over speed,Four lanes or more with central divider,Straight road,,Fine,AP03TA   0030, P.V,Animals affected,0
18.06.2017,1:50 AM,1350,LHS,Rural,Kodavaluru,Overturning, Car hit median and Overturned,Car,Non injury,Fault of driver of motor vehicle/driver of other vehicle/cyclist/pedestrian/passenger,Four lanes or more with central divider,Straight road,,Fine,AP26BA   7082, P.V,Fatal,0
18.06.2017,1:50 AM,1350,LHS,Rural,Kodavaluru,Overturning, Car hit median and Overturned,Car,Non injury,Fault of driver of motor vehicle/driver of other vehicle/cyclist/pedestrian/passenger,Four lanes or more with central divider,Straight road,,Fine,AP26BA   7082, P.V,Grevious,0
18.06.2017,1:50 AM,1350,LHS,Rural,Kodavaluru,Overturning, Car hit median and Overturned,Car,Non injury,Fault of driver of motor vehicle/driver of other vehicle/cyclist/pedestrian/passenger,Four lanes or more with central divider,Straight road,,Fine,AP26BA   7082, P.V,Minor,0
18.06.2017,1:50 AM,1350,LHS,Rural,Kodavaluru,Overturning, Car hit median and Overturned,Car,Non injury,Fault of driver of motor vehicle/driver of other vehicle/cyclist/pedestrian/passenger,Four lanes or more with central divider,Straight road,,Fine,AP26BA   7082, P.V,Non injured ,3
18.06.2017,1:50 AM,1350,LHS,Rural,Kodavaluru,Overturning, Car hit median and Overturned,Car,Non injury,Fault of driver of motor vehicle/driver of other vehicle/cyclist/pedestrian/passenger,Four lanes or more with central divider,Straight road,,Fine,AP26BA   7082, P.V,Animals affected,0
18.06.2017,11:20 AM,1233.7,LHS,Rural,Maddipadu,Head on collision, Lorry hit Bike,Lorry,Grievious injury,Fault of driver of motor vehicle/driver of other vehicle/cyclist/pedestrian/passenger,Four lanes or more with central divider,Straight road,,Fine,AP07TT  8749,P.V,Fatal,0
18.06.2017,11:20 AM,1233.7,LHS,Rural,Maddipadu,Head on collision, Lorry hit Bike,Lorry,Grievious injury,Fault of driver of motor vehicle/driver of other vehicle/cyclist/pedestrian/passenger,Four lanes or more with central divider,Straight road,,Fine,AP07TT  8749,P.V,Grevious,1
18.06.2017,11:20 AM,1233.7,LHS,Rural,Maddipadu,Head on collision, Lorry hit Bike,Lorry,Grievious injury,Fault of driver of motor vehicle/driver of other vehicle/cyclist/pedestrian/passenger,Four lanes or more with central divider,Straight road,,Fine,AP07TT  8749,P.V,Minor,1
18.06.2017,11:20 AM,1233.7,LHS,Rural,Maddipadu,Head on collision, Lorry hit Bike,Lorry,Grievious injury,Fault of driver of motor vehicle/driver of other vehicle/cyclist/pedestrian/passenger,Four lanes or more with central divider,Straight road,,Fine,AP07TT  8749,P.V,Non injured ,2
18.06.2017,11:20 AM,1233.7,LHS,Rural,Maddipadu,Head on collision, Lorry hit Bike,Lorry,Grievious injury,Fault of driver of motor vehicle/driver of other vehicle/cyclist/pedestrian/passenger,Four lanes or more with central divider,Straight road,,Fine,AP07TT  8749,P.V,Animals affected,0
18.06.2017,4:30 PM,1306.6,RHS,Rural,Gudluru,Collision Brush/Side Wipe, Car hit Milk Van,Car,Minor injury,Over speed,Four lanes or more with central divider,Straight road,,Fine,AP29BX  1449,P.V,Fatal,0
18.06.2017,4:30 PM,1306.6,RHS,Rural,Gudluru,Collision Brush/Side Wipe, Car hit Milk Van,Car,Minor injury,Over speed,Four lanes or more with central divider,Straight road,,Fine,AP29BX  1449,P.V,Grevious,0
18.06.2017,4:30 PM,1306.6,RHS,Rural,Gudluru,Collision Brush/Side Wipe, Car hit Milk Van,Car,Minor injury,Over speed,Four lanes or more with central divider,Straight road,,Fine,AP29BX  1449,P.V,Minor,3
18.06.2017,4:30 PM,1306.6,RHS,Rural,Gudluru,Collision Brush/Side Wipe, Car hit Milk Van,Car,Minor injury,Over speed,Four lanes or more with central divider,Straight road,,Fine,AP29BX  1449,P.V,Non injured ,2
18.06.2017,4:30 PM,1306.6,RHS,Rural,Gudluru,Collision Brush/Side Wipe, Car hit Milk Van,Car,Minor injury,Over speed,Four lanes or more with central divider,Straight road,,Fine,AP29BX  1449,P.V,Animals affected,0
18.06.2017,8:25 PM,1328.2,RHS,Rural,Kavali,Rear End Collision,TSRTC Bus hit Car,Bus,Non injury,Over speed,Two lanes,Straight road,,Fine,TS15Z    0146,P.V,Fatal,0
18.06.2017,8:25 PM,1328.2,RHS,Rural,Kavali,Rear End Collision,TSRTC Bus hit Car,Bus,Non injury,Over speed,Two lanes,Straight road,,Fine,TS15Z    0146,P.V,Grevious,0
18.06.2017,8:25 PM,1328.2,RHS,Rural,Kavali,Rear End Collision,TSRTC Bus hit Car,Bus,Non injury,Over speed,Two lanes,Straight road,,Fine,TS15Z    0146,P.V,Minor,0
18.06.2017,8:25 PM,1328.2,RHS,Rural,Kavali,Rear End Collision,TSRTC Bus hit Car,Bus,Non injury,Over speed,Two lanes,Straight road,,Fine,TS15Z    0146,P.V,Non injured ,6
18.06.2017,8:25 PM,1328.2,RHS,Rural,Kavali,Rear End Collision,TSRTC Bus hit Car,Bus,Non injury,Over speed,Two lanes,Straight road,,Fine,TS15Z    0146,P.V,Animals affected,0
19.06.2017,7:35 AM,1343.5,RHS,Rural,Dagadarthi,Collision Brush/Side Wipe,  Bajaj Auto hit Ape Auto,Auto,Minor injury,Over speed,Four lanes or more with central divider,Straight road,,Fine,AP27X    7423,A.M.B,Fatal,0
19.06.2017,7:35 AM,1343.5,RHS,Rural,Dagadarthi,Collision Brush/Side Wipe,  Bajaj Auto hit Ape Auto,Auto,Minor injury,Over speed,Four lanes or more with central divider,Straight road,,Fine,AP27X    7423,A.M.B,Grevious,0
19.06.2017,7:35 AM,1343.5,RHS,Rural,Dagadarthi,Collision Brush/Side Wipe,  Bajaj Auto hit Ape Auto,Auto,Minor injury,Over speed,Four lanes or more with central divider,Straight road,,Fine,AP27X    7423,A.M.B,Minor,1
19.06.2017,7:35 AM,1343.5,RHS,Rural,Dagadarthi,Collision Brush/Side Wipe,  Bajaj Auto hit Ape Auto,Auto,Minor injury,Over speed,Four lanes or more with central divider,Straight road,,Fine,AP27X    7423,A.M.B,Non injured ,3
19.06.2017,7:35 AM,1343.5,RHS,Rural,Dagadarthi,Collision Brush/Side Wipe,  Bajaj Auto hit Ape Auto,Auto,Minor injury,Over speed,Four lanes or more with central divider,Straight road,,Fine,AP27X    7423,A.M.B,Animals affected,0
20.06.2017,2:25 AM,1319.1,RHS,Rural,Kavali,Collision Brush/Side Wipe, Trailler vehicle hit VUP safety wall,Trailler,Minor injury,Fault of driver of motor vehicle/driver of other vehicle/cyclist/pedestrian/passenger,Four lanes or more with central divider,Straight road,,Fine,TN33AW  7859, P.V,Fatal,0
20.06.2017,2:25 AM,1319.1,RHS,Rural,Kavali,Collision Brush/Side Wipe, Trailler vehicle hit VUP safety wall,Trailler,Minor injury,Fault of driver of motor vehicle/driver of other vehicle/cyclist/pedestrian/passenger,Four lanes or more with central divider,Straight road,,Fine,TN33AW  7859, P.V,Grevious,0
20.06.2017,2:25 AM,1319.1,RHS,Rural,Kavali,Collision Brush/Side Wipe, Trailler vehicle hit VUP safety wall,Trailler,Minor injury,Fault of driver of motor vehicle/driver of other vehicle/cyclist/pedestrian/passenger,Four lanes or more with central divider,Straight road,,Fine,TN33AW  7859, P.V,Minor,2
20.06.2017,2:25 AM,1319.1,RHS,Rural,Kavali,Collision Brush/Side Wipe, Trailler vehicle hit VUP safety wall,Trailler,Minor injury,Fault of driver of motor vehicle/driver of other vehicle/cyclist/pedestrian/passenger,Four lanes or more with central divider,Straight road,,Fine,TN33AW  7859, P.V,Non injured ,0
20.06.2017,2:25 AM,1319.1,RHS,Rural,Kavali,Collision Brush/Side Wipe, Trailler vehicle hit VUP safety wall,Trailler,Minor injury,Fault of driver of motor vehicle/driver of other vehicle/cyclist/pedestrian/passenger,Four lanes or more with central divider,Straight road,,Fine,TN33AW  7859, P.V,Animals affected,0
20.06.2017,4:00 AM,1290.6,LHS,Rural,Ulavapadu,Collision Brush/Side Wipe, Bolero pick up vehicle hit Lorry,Car,Fatal,Over speed,Four lanes or more with central divider,Straight road,,Fine,TS08UD  0753, P.V,Fatal,1
20.06.2017,4:00 AM,1290.6,LHS,Rural,Ulavapadu,Collision Brush/Side Wipe, Bolero pick up vehicle hit Lorry,Car,Fatal,Over speed,Four lanes or more with central divider,Straight road,,Fine,TS08UD  0753, P.V,Grevious,0
20.06.2017,4:00 AM,1290.6,LHS,Rural,Ulavapadu,Collision Brush/Side Wipe, Bolero pick up vehicle hit Lorry,Car,Fatal,Over speed,Four lanes or more with central divider,Straight road,,Fine,TS08UD  0753, P.V,Minor,0
20.06.2017,4:00 AM,1290.6,LHS,Rural,Ulavapadu,Collision Brush/Side Wipe, Bolero pick up vehicle hit Lorry,Car,Fatal,Over speed,Four lanes or more with central divider,Straight road,,Fine,TS08UD  0753, P.V,Non injured ,1
20.06.2017,4:00 AM,1290.6,LHS,Rural,Ulavapadu,Collision Brush/Side Wipe, Bolero pick up vehicle hit Lorry,Car,Fatal,Over speed,Four lanes or more with central divider,Straight road,,Fine,TS08UD  0753, P.V,Animals affected,0
20.06.2017,3:48 PM,1307.3,LHS,Rural,Gudluru,Overturning, Car hit median and Overturned,Car,Grievious injury,Over speed,Four lanes or more with central divider,Straight road,,Fine,AP05CD 9498, P.V,Fatal,0
20.06.2017,3:48 PM,1307.3,LHS,Rural,Gudluru,Overturning, Car hit median and Overturned,Car,Grievious injury,Over speed,Four lanes or more with central divider,Straight road,,Fine,AP05CD 9498, P.V,Grevious,2
20.06.2017,3:48 PM,1307.3,LHS,Rural,Gudluru,Overturning, Car hit median and Overturned,Car,Grievious injury,Over speed,Four lanes or more with central divider,Straight road,,Fine,AP05CD 9498, P.V,Minor,4
20.06.2017,3:48 PM,1307.3,LHS,Rural,Gudluru,Overturning, Car hit median and Overturned,Car,Grievious injury,Over speed,Four lanes or more with central divider,Straight road,,Fine,AP05CD 9498, P.V,Non injured ,0
20.06.2017,3:48 PM,1307.3,LHS,Rural,Gudluru,Overturning, Car hit median and Overturned,Car,Grievious injury,Over speed,Four lanes or more with central divider,Straight road,,Fine,AP05CD 9498, P.V,Animals affected,0
22.06.2017,5:55 AM,1352.9,RHS,Rural,Kodavaluru,Rear End Collision, Car hit  Trailler vehicle ,Car,Grievious injury,Fault of driver of motor vehicle/driver of other vehicle/cyclist/pedestrian/passenger,Four lanes or more with central divider,Straight road,,Fine,AP05TS 6762, P.V,Fatal,0