Operational date,Time of Accident,KM && M,Position,Rural/Urban,Location,Nature of Accident Position,Nature of Accident,Vehicle Involved,Type of Accident,Causes,Road Feature,Road condition,Intersection Type And Control,Weather Condition,Vehicle Responsible,Help Provided by Ambulance/Patroling Vehicle,Classification of Accident,No of Affected Persons
22.06.2017,5:55 AM,1352.9,RHS,Rural,Kodavaluru,Rear End Collision, Car hit  Trailler vehicle ,Car,Grievious injury,Fault of driver of motor vehicle/driver of other vehicle/cyclist/pedestrian/passenger,Four lanes or more with central divider,Straight road,,Fine,AP05TS 6762, P.V,Grevious,1
22.06.2017,5:55 AM,1352.9,RHS,Rural,Kodavaluru,Rear End Collision, Car hit  Trailler vehicle ,Car,Grievious injury,Fault of driver of motor vehicle/driver of other vehicle/cyclist/pedestrian/passenger,Four lanes or more with central divider,Straight road,,Fine,AP05TS 6762, P.V,Minor,2
22.06.2017,5:55 AM,1352.9,RHS,Rural,Kodavaluru,Rear End Collision, Car hit  Trailler vehicle ,Car,Grievious injury,Fault of driver of motor vehicle/driver of other vehicle/cyclist/pedestrian/passenger,Four lanes or more with central divider,Straight road,,Fine,AP05TS 6762, P.V,Non injured ,2
22.06.2017,5:55 AM,1352.9,RHS,Rural,Kodavaluru,Rear End Collision, Car hit  Trailler vehicle ,Car,Grievious injury,Fault of driver of motor vehicle/driver of other vehicle/cyclist/pedestrian/passenger,Four lanes or more with central divider,Straight road,,Fine,AP05TS 6762, P.V,Animals affected,0
23.06.2017,4:20 AM,1234.8,LHS,Rural,Maddipadu,Collision Brush/Side Wipe,  Unknown vehicle hit Tractor,Unknown,Minor injury,Over speed,Four lanes or more with central divider,Straight road,,Fine,Unknown vehicle,P.V,Fatal,0
23.06.2017,4:20 AM,1234.8,LHS,Rural,Maddipadu,Collision Brush/Side Wipe,  Unknown vehicle hit Tractor,Unknown,Minor injury,Over speed,Four lanes or more with central divider,Straight road,,Fine,Unknown vehicle,P.V,Grevious,0
23.06.2017,4:20 AM,1234.8,LHS,Rural,Maddipadu,Collision Brush/Side Wipe,  Unknown vehicle hit Tractor,Unknown,Minor injury,Over speed,Four lanes or more with central divider,Straight road,,Fine,Unknown vehicle,P.V,Minor,1
23.06.2017,4:20 AM,1234.8,LHS,Rural,Maddipadu,Collision Brush/Side Wipe,  Unknown vehicle hit Tractor,Unknown,Minor injury,Over speed,Four lanes or more with central divider,Straight road,,Fine,Unknown vehicle,P.V,Non injured ,0
23.06.2017,4:20 AM,1234.8,LHS,Rural,Maddipadu,Collision Brush/Side Wipe,  Unknown vehicle hit Tractor,Unknown,Minor injury,Over speed,Four lanes or more with central divider,Straight road,,Fine,Unknown vehicle,P.V,Animals affected,0
25.06.2017,6:30 AM,1188.8,RHS,Rural,Martur,Collision Brush/Side Wipe,  Bike Skidding on the Road and Lorry hi,Bike,Grievious injury,Fault of driver of motor vehicle/driver of other vehicle/cyclist/pedestrian/passenger,Four lanes or more with central divider,Straight road,,Fine,AP27AY 2501,PV &A.M.B,Fatal,0
25.06.2017,6:30 AM,1188.8,RHS,Rural,Martur,Collision Brush/Side Wipe,  Bike Skidding on the Road and Lorry hi,Bike,Grievious injury,Fault of driver of motor vehicle/driver of other vehicle/cyclist/pedestrian/passenger,Four lanes or more with central divider,Straight road,,Fine,AP27AY 2501,PV &A.M.B,Grevious,1
25.06.2017,6:30 AM,1188.8,RHS,Rural,Martur,Collision Brush/Side Wipe,  Bike Skidding on the Road and Lorry hi,Bike,Grievious injury,Fault of driver of motor vehicle/driver of other vehicle/cyclist/pedestrian/passenger,Four lanes or more with central divider,Straight road,,Fine,AP27AY 2501,PV &A.M.B,Minor,0
25.06.2017,6:30 AM,1188.8,RHS,Rural,Martur,Collision Brush/Side Wipe,  Bike Skidding on the Road and Lorry hi,Bike,Grievious injury,Fault of driver of motor vehicle/driver of other vehicle/cyclist/pedestrian/passenger,Four lanes or more with central divider,Straight road,,Fine,AP27AY 2501,PV &A.M.B,Non injured ,1
25.06.2017,6:30 AM,1188.8,RHS,Rural,Martur,Collision Brush/Side Wipe,  Bike Skidding on the Road and Lorry hi,Bike,Grievious injury,Fault of driver of motor vehicle/driver of other vehicle/cyclist/pedestrian/passenger,Four lanes or more with central divider,Straight road,,Fine,AP27AY 2501,PV &A.M.B,Animals affected,0
25.06.2017,1:00 PM,1324.2,RHS,Rural,Kavali,Rear End Collision, Car hit Car,Car,Minor injury,Over speed,Four lanes or more with central divider,Straight road,,Fine,AP27AP  9009,P.V,Fatal,0
25.06.2017,1:00 PM,1324.2,RHS,Rural,Kavali,Rear End Collision, Car hit Car,Car,Minor injury,Over speed,Four lanes or more with central divider,Straight road,,Fine,AP27AP  9009,P.V,Grevious,0
25.06.2017,1:00 PM,1324.2,RHS,Rural,Kavali,Rear End Collision, Car hit Car,Car,Minor injury,Over speed,Four lanes or more with central divider,Straight road,,Fine,AP27AP  9009,P.V,Minor,1
25.06.2017,1:00 PM,1324.2,RHS,Rural,Kavali,Rear End Collision, Car hit Car,Car,Minor injury,Over speed,Four lanes or more with central divider,Straight road,,Fine,AP27AP  9009,P.V,Non injured ,5
25.06.2017,1:00 PM,1324.2,RHS,Rural,Kavali,Rear End Collision, Car hit Car,Car,Minor injury,Over speed,Four lanes or more with central divider,Straight road,,Fine,AP27AP  9009,P.V,Animals affected,0
25.06.2017,9:50 PM,1330.6,RHS,Rural,Kavali,Collision Brush/Side Wipe, Car hit Unknown Vehicle,Car,Grievious injury,Over speed,Four lanes or more with central divider,Straight road,,Fine,AP16BQ  0034,P.V,Fatal,0
25.06.2017,9:50 PM,1330.6,RHS,Rural,Kavali,Collision Brush/Side Wipe, Car hit Unknown Vehicle,Car,Grievious injury,Over speed,Four lanes or more with central divider,Straight road,,Fine,AP16BQ  0034,P.V,Grevious,1
25.06.2017,9:50 PM,1330.6,RHS,Rural,Kavali,Collision Brush/Side Wipe, Car hit Unknown Vehicle,Car,Grievious injury,Over speed,Four lanes or more with central divider,Straight road,,Fine,AP16BQ  0034,P.V,Minor,0
25.06.2017,9:50 PM,1330.6,RHS,Rural,Kavali,Collision Brush/Side Wipe, Car hit Unknown Vehicle,Car,Grievious injury,Over speed,Four lanes or more with central divider,Straight road,,Fine,AP16BQ  0034,P.V,Non injured ,1
25.06.2017,9:50 PM,1330.6,RHS,Rural,Kavali,Collision Brush/Side Wipe, Car hit Unknown Vehicle,Car,Grievious injury,Over speed,Four lanes or more with central divider,Straight road,,Fine,AP16BQ  0034,P.V,Animals affected,0
25.06.2017,9:55 PM,1203.8,LHS,Rural,Reningavaram,Head on collision, Bike hit Bolero pickup Vehicle,Bike,Fatal,Druken,Four lanes or more with central divider,Straight road,,Heavy rain,AP27BQ  3294,P.V& A.M.B,Fatal,1
25.06.2017,9:55 PM,1203.8,LHS,Rural,Reningavaram,Head on collision, Bike hit Bolero pickup Vehicle,Bike,Fatal,Druken,Four lanes or more with central divider,Straight road,,Heavy rain,AP27BQ  3294,P.V& A.M.B,Grevious,1
25.06.2017,9:55 PM,1203.8,LHS,Rural,Reningavaram,Head on collision, Bike hit Bolero pickup Vehicle,Bike,Fatal,Druken,Four lanes or more with central divider,Straight road,,Heavy rain,AP27BQ  3294,P.V& A.M.B,Minor,0
25.06.2017,9:55 PM,1203.8,LHS,Rural,Reningavaram,Head on collision, Bike hit Bolero pickup Vehicle,Bike,Fatal,Druken,Four lanes or more with central divider,Straight road,,Heavy rain,AP27BQ  3294,P.V& A.M.B,Non injured ,3
25.06.2017,9:55 PM,1203.8,LHS,Rural,Reningavaram,Head on collision, Bike hit Bolero pickup Vehicle,Bike,Fatal,Druken,Four lanes or more with central divider,Straight road,,Heavy rain,AP27BQ  3294,P.V& A.M.B,Animals affected,0
25.06.2017,11:55 PM,1265.5,RHS,Rural,Tangutur,Rear End Collision,  Containeer vehicle hit Lorry,Container,Minor injury,Fault of driver of motor vehicle/driver of other vehicle/cyclist/pedestrian/passenger,Four lanes or more with central divider,Straight road,,Fine,TN04AB  7124,P.V& A.M.B,Fatal,0
25.06.2017,11:55 PM,1265.5,RHS,Rural,Tangutur,Rear End Collision,  Containeer vehicle hit Lorry,Container,Minor injury,Fault of driver of motor vehicle/driver of other vehicle/cyclist/pedestrian/passenger,Four lanes or more with central divider,Straight road,,Fine,TN04AB  7124,P.V& A.M.B,Grevious,0
25.06.2017,11:55 PM,1265.5,RHS,Rural,Tangutur,Rear End Collision,  Containeer vehicle hit Lorry,Container,Minor injury,Fault of driver of motor vehicle/driver of other vehicle/cyclist/pedestrian/passenger,Four lanes or more with central divider,Straight road,,Fine,TN04AB  7124,P.V& A.M.B,Minor,1
25.06.2017,11:55 PM,1265.5,RHS,Rural,Tangutur,Rear End Collision,  Containeer vehicle hit Lorry,Container,Minor injury,Fault of driver of motor vehicle/driver of other vehicle/cyclist/pedestrian/passenger,Four lanes or more with central divider,Straight road,,Fine,TN04AB  7124,P.V& A.M.B,Non injured ,2
25.06.2017,11:55 PM,1265.5,RHS,Rural,Tangutur,Rear End Collision,  Containeer vehicle hit Lorry,Container,Minor injury,Fault of driver of motor vehicle/driver of other vehicle/cyclist/pedestrian/passenger,Four lanes or more with central divider,Straight road,,Fine,TN04AB  7124,P.V& A.M.B,Animals affected,0
26.06.2017,5:00 AM,1288.4,RHS,Rural,Ulavapadu,Collision Brush/Side Wipe, APSRTC Bus hit Median,Bus,Non injury,Fault of driver of motor vehicle/driver of other vehicle/cyclist/pedestrian/passenger,Four lanes or more with central divider,Straight road,,Fine,AP07Z  0491,P.V,Fatal,0
26.06.2017,5:00 AM,1288.4,RHS,Rural,Ulavapadu,Collision Brush/Side Wipe, APSRTC Bus hit Median,Bus,Non injury,Fault of driver of motor vehicle/driver of other vehicle/cyclist/pedestrian/passenger,Four lanes or more with central divider,Straight road,,Fine,AP07Z  0491,P.V,Grevious,0
26.06.2017,5:00 AM,1288.4,RHS,Rural,Ulavapadu,Collision Brush/Side Wipe, APSRTC Bus hit Median,Bus,Non injury,Fault of driver of motor vehicle/driver of other vehicle/cyclist/pedestrian/passenger,Four lanes or more with central divider,Straight road,,Fine,AP07Z  0491,P.V,Minor,0
26.06.2017,5:00 AM,1288.4,RHS,Rural,Ulavapadu,Collision Brush/Side Wipe, APSRTC Bus hit Median,Bus,Non injury,Fault of driver of motor vehicle/driver of other vehicle/cyclist/pedestrian/passenger,Four lanes or more with central divider,Straight road,,Fine,AP07Z  0491,P.V,Non injured ,20
26.06.2017,5:00 AM,1288.4,RHS,Rural,Ulavapadu,Collision Brush/Side Wipe, APSRTC Bus hit Median,Bus,Non injury,Fault of driver of motor vehicle/driver of other vehicle/cyclist/pedestrian/passenger,Four lanes or more with central divider,Straight road,,Fine,AP07Z  0491,P.V,Animals affected,0
27.06.2017,9:10 AM,1267.1,RHS,Rural,Tangutur,Collision Brush/Side Wipe, Lorry hit car and Overturned,Lorry,Non injury,Over speed,Four lanes or more with central divider,Straight road,,Fine,TN62L   0720, P.V,Fatal,0
27.06.2017,9:10 AM,1267.1,RHS,Rural,Tangutur,Collision Brush/Side Wipe, Lorry hit car and Overturned,Lorry,Non injury,Over speed,Four lanes or more with central divider,Straight road,,Fine,TN62L   0720, P.V,Grevious,0
27.06.2017,9:10 AM,1267.1,RHS,Rural,Tangutur,Collision Brush/Side Wipe, Lorry hit car and Overturned,Lorry,Non injury,Over speed,Four lanes or more with central divider,Straight road,,Fine,TN62L   0720, P.V,Minor,0
27.06.2017,9:10 AM,1267.1,RHS,Rural,Tangutur,Collision Brush/Side Wipe, Lorry hit car and Overturned,Lorry,Non injury,Over speed,Four lanes or more with central divider,Straight road,,Fine,TN62L   0720, P.V,Non injured ,5
27.06.2017,9:10 AM,1267.1,RHS,Rural,Tangutur,Collision Brush/Side Wipe, Lorry hit car and Overturned,Lorry,Non injury,Over speed,Four lanes or more with central divider,Straight road,,Fine,TN62L   0720, P.V,Animals affected,0
27.06.2017,4:55 PM,1186.8,LHS,Rural,Martur,Rear End Collision, Lorry hit Lorry,Lorry,Non injury,Fault of driver of motor vehicle/driver of other vehicle/cyclist/pedestrian/passenger,Four lanes or more with central divider,Straight road,,Fine,AP16TE  2439, P.V,Fatal,0
27.06.2017,4:55 PM,1186.8,LHS,Rural,Martur,Rear End Collision, Lorry hit Lorry,Lorry,Non injury,Fault of driver of motor vehicle/driver of other vehicle/cyclist/pedestrian/passenger,Four lanes or more with central divider,Straight road,,Fine,AP16TE  2439, P.V,Grevious,0
27.06.2017,4:55 PM,1186.8,LHS,Rural,Martur,Rear End Collision, Lorry hit Lorry,Lorry,Non injury,Fault of driver of motor vehicle/driver of other vehicle/cyclist/pedestrian/passenger,Four lanes or more with central divider,Straight road,,Fine,AP16TE  2439, P.V,Minor,0
27.06.2017,4:55 PM,1186.8,LHS,Rural,Martur,Rear End Collision, Lorry hit Lorry,Lorry,Non injury,Fault of driver of motor vehicle/driver of other vehicle/cyclist/pedestrian/passenger,Four lanes or more with central divider,Straight road,,Fine,AP16TE  2439, P.V,Non injured ,2
27.06.2017,4:55 PM,1186.8,LHS,Rural,Martur,Rear End Collision, Lorry hit Lorry,Lorry,Non injury,Fault of driver of motor vehicle/driver of other vehicle/cyclist/pedestrian/passenger,Four lanes or more with central divider,Straight road,,Fine,AP16TE  2439, P.V,Animals affected,0
27.06.2017,8:52 PM,1211.4,RHS,Rural,Medarametla,Rear End Collision, Bike hit Lorry Cleaner,Bike,Fatal,Fault of driver of motor vehicle/driver of other vehicle/cyclist/pedestrian/passenger,Four lanes or more with central divider,Straight road,T-Junction,Fine,F/R BIKE,P.V& A.M.B,Fatal,1
27.06.2017,8:52 PM,1211.4,RHS,Rural,Medarametla,Rear End Collision, Bike hit Lorry Cleaner,Bike,Fatal,Fault of driver of motor vehicle/driver of other vehicle/cyclist/pedestrian/passenger,Four lanes or more with central divider,Straight road,T-Junction,Fine,F/R BIKE,P.V& A.M.B,Grevious,0
27.06.2017,8:52 PM,1211.4,RHS,Rural,Medarametla,Rear End Collision, Bike hit Lorry Cleaner,Bike,Fatal,Fault of driver of motor vehicle/driver of other vehicle/cyclist/pedestrian/passenger,Four lanes or more with central divider,Straight road,T-Junction,Fine,F/R BIKE,P.V& A.M.B,Minor,1
27.06.2017,8:52 PM,1211.4,RHS,Rural,Medarametla,Rear End Collision, Bike hit Lorry Cleaner,Bike,Fatal,Fault of driver of motor vehicle/driver of other vehicle/cyclist/pedestrian/passenger,Four lanes or more with central divider,Straight road,T-Junction,Fine,F/R BIKE,P.V& A.M.B,Non injured ,0
27.06.2017,8:52 PM,1211.4,RHS,Rural,Medarametla,Rear End Collision, Bike hit Lorry Cleaner,Bike,Fatal,Fault of driver of motor vehicle/driver of other vehicle/cyclist/pedestrian/passenger,Four lanes or more with central divider,Straight road,T-Junction,Fine,F/R BIKE,P.V& A.M.B,Animals affected,0
28.06.2017,6:10 AM,1203.7,RHS,Rural,Reningavaram,Overturning, Tata pickup vehicle hit median and over,Van,Non injury,Defect in mechanical condition of motor vehicle/road condition,Four lanes or more with central divider,Straight road,,Fine,AP26TC  2273,P.V,Fatal,0
28.06.2017,6:10 AM,1203.7,RHS,Rural,Reningavaram,Overturning, Tata pickup vehicle hit median and over,Van,Non injury,Defect in mechanical condition of motor vehicle/road condition,Four lanes or more with central divider,Straight road,,Fine,AP26TC  2273,P.V,Grevious,0
28.06.2017,6:10 AM,1203.7,RHS,Rural,Reningavaram,Overturning, Tata pickup vehicle hit median and over,Van,Non injury,Defect in mechanical condition of motor vehicle/road condition,Four lanes or more with central divider,Straight road,,Fine,AP26TC  2273,P.V,Minor,0
28.06.2017,6:10 AM,1203.7,RHS,Rural,Reningavaram,Overturning, Tata pickup vehicle hit median and over,Van,Non injury,Defect in mechanical condition of motor vehicle/road condition,Four lanes or more with central divider,Straight road,,Fine,AP26TC  2273,P.V,Non injured ,1
28.06.2017,6:10 AM,1203.7,RHS,Rural,Reningavaram,Overturning, Tata pickup vehicle hit median and over,Van,Non injury,Defect in mechanical condition of motor vehicle/road condition,Four lanes or more with central divider,Straight road,,Fine,AP26TC  2273,P.V,Animals affected,0
28.06.2017,12:32 PM,1330.3,LHS,Rural,Kavali,Collision Brush/Side Wipe, Unknown vehicle hit Bike,Unknown,Grievious injury,Over speed,Four lanes or more with central divider,Straight road,,Fine,Unknown vehicle,A.M.B,Fatal,0
28.06.2017,12:32 PM,1330.3,LHS,Rural,Kavali,Collision Brush/Side Wipe, Unknown vehicle hit Bike,Unknown,Grievious injury,Over speed,Four lanes or more with central divider,Straight road,,Fine,Unknown vehicle,A.M.B,Grevious,1
28.06.2017,12:32 PM,1330.3,LHS,Rural,Kavali,Collision Brush/Side Wipe, Unknown vehicle hit Bike,Unknown,Grievious injury,Over speed,Four lanes or more with central divider,Straight road,,Fine,Unknown vehicle,A.M.B,Minor,0
28.06.2017,12:32 PM,1330.3,LHS,Rural,Kavali,Collision Brush/Side Wipe, Unknown vehicle hit Bike,Unknown,Grievious injury,Over speed,Four lanes or more with central divider,Straight road,,Fine,Unknown vehicle,A.M.B,Non injured ,0
28.06.2017,12:32 PM,1330.3,LHS,Rural,Kavali,Collision Brush/Side Wipe, Unknown vehicle hit Bike,Unknown,Grievious injury,Over speed,Four lanes or more with central divider,Straight road,,Fine,Unknown vehicle,A.M.B,Animals affected,0
28.06.2017,6:21 PM,1257.1,LHS,Rural,Tangutur,Collision Brush/Side Wipe, Bike hit Lorry,Bike,Fatal,Over speed,Four lanes or more with central divider,Straight road,,Fine,AP27AW  5514,P.V&A.M.B,Fatal,1
28.06.2017,6:21 PM,1257.1,LHS,Rural,Tangutur,Collision Brush/Side Wipe, Bike hit Lorry,Bike,Fatal,Over speed,Four lanes or more with central divider,Straight road,,Fine,AP27AW  5514,P.V&A.M.B,Grevious,1
28.06.2017,6:21 PM,1257.1,LHS,Rural,Tangutur,Collision Brush/Side Wipe, Bike hit Lorry,Bike,Fatal,Over speed,Four lanes or more with central divider,Straight road,,Fine,AP27AW  5514,P.V&A.M.B,Minor,0
28.06.2017,6:21 PM,1257.1,LHS,Rural,Tangutur,Collision Brush/Side Wipe, Bike hit Lorry,Bike,Fatal,Over speed,Four lanes or more with central divider,Straight road,,Fine,AP27AW  5514,P.V&A.M.B,Non injured ,2
28.06.2017,6:21 PM,1257.1,LHS,Rural,Tangutur,Collision Brush/Side Wipe, Bike hit Lorry,Bike,Fatal,Over speed,Four lanes or more with central divider,Straight road,,Fine,AP27AW  5514,P.V&A.M.B,Animals affected,0
30.06.2017,1:00 AM,1236.9,LHS,Rural,Maddipadu,Rear End Collision, APSRTC Garuda Bus hit Unknown vehicle,Bus,Minor injury,Over speed,Four lanes or more with central divider,Straight road,,Fine,AP03Z   5289,P.V,Fatal,0
30.06.2017,1:00 AM,1236.9,LHS,Rural,Maddipadu,Rear End Collision, APSRTC Garuda Bus hit Unknown vehicle,Bus,Minor injury,Over speed,Four lanes or more with central divider,Straight road,,Fine,AP03Z   5289,P.V,Grevious,0
30.06.2017,1:00 AM,1236.9,LHS,Rural,Maddipadu,Rear End Collision, APSRTC Garuda Bus hit Unknown vehicle,Bus,Minor injury,Over speed,Four lanes or more with central divider,Straight road,,Fine,AP03Z   5289,P.V,Minor,1
30.06.2017,1:00 AM,1236.9,LHS,Rural,Maddipadu,Rear End Collision, APSRTC Garuda Bus hit Unknown vehicle,Bus,Minor injury,Over speed,Four lanes or more with central divider,Straight road,,Fine,AP03Z   5289,P.V,Non injured ,41
30.06.2017,1:00 AM,1236.9,LHS,Rural,Maddipadu,Rear End Collision, APSRTC Garuda Bus hit Unknown vehicle,Bus,Minor injury,Over speed,Four lanes or more with central divider,Straight road,,Fine,AP03Z   5289,P.V,Animals affected,0
30.06.2017,5:45 AM,1364.9,LHS,Rural,Kovuru,Rear End Collision, Eicher Vehicle hit Unknown Vehicle,Eicher,Non injury,Fault of driver of motor vehicle/driver of other vehicle/cyclist/pedestrian/passenger,Four lanes or more with central divider,Straight road,,Fine,AP16TB  8786,P.V,Fatal,0
30.06.2017,5:45 AM,1364.9,LHS,Rural,Kovuru,Rear End Collision, Eicher Vehicle hit Unknown Vehicle,Eicher,Non injury,Fault of driver of motor vehicle/driver of other vehicle/cyclist/pedestrian/passenger,Four lanes or more with central divider,Straight road,,Fine,AP16TB  8786,P.V,Grevious,0
30.06.2017,5:45 AM,1364.9,LHS,Rural,Kovuru,Rear End Collision, Eicher Vehicle hit Unknown Vehicle,Eicher,Non injury,Fault of driver of motor vehicle/driver of other vehicle/cyclist/pedestrian/passenger,Four lanes or more with central divider,Straight road,,Fine,AP16TB  8786,P.V,Minor,0
30.06.2017,5:45 AM,1364.9,LHS,Rural,Kovuru,Rear End Collision, Eicher Vehicle hit Unknown Vehicle,Eicher,Non injury,Fault of driver of motor vehicle/driver of other vehicle/cyclist/pedestrian/passenger,Four lanes or more with central divider,Straight road,,Fine,AP16TB  8786,P.V,Non injured ,1
30.06.2017,5:45 AM,1364.9,LHS,Rural,Kovuru,Rear End Collision, Eicher Vehicle hit Unknown Vehicle,Eicher,Non injury,Fault of driver of motor vehicle/driver of other vehicle/cyclist/pedestrian/passenger,Four lanes or more with central divider,Straight road,,Fine,AP16TB  8786,P.V,Animals affected,0
30.06.2017,6:30 PM,1267.9,RHS,Rural,Jarugumalli,Overturning, Car overturned,Car,Minor injury,Defect in mechanical condition of motor vehicle/road condition,Four lanes or more with central divider,Straight road,,Fine,AP07CA   8336,A.M.B,Fatal,0
30.06.2017,6:30 PM,1267.9,RHS,Rural,Jarugumalli,Overturning, Car overturned,Car,Minor injury,Defect in mechanical condition of motor vehicle/road condition,Four lanes or more with central divider,Straight road,,Fine,AP07CA   8336,A.M.B,Grevious,0
30.06.2017,6:30 PM,1267.9,RHS,Rural,Jarugumalli,Overturning, Car overturned,Car,Minor injury,Defect in mechanical condition of motor vehicle/road condition,Four lanes or more with central divider,Straight road,,Fine,AP07CA   8336,A.M.B,Minor,1
30.06.2017,6:30 PM,1267.9,RHS,Rural,Jarugumalli,Overturning, Car overturned,Car,Minor injury,Defect in mechanical condition of motor vehicle/road condition,Four lanes or more with central divider,Straight road,,Fine,AP07CA   8336,A.M.B,Non injured ,6
30.06.2017,6:30 PM,1267.9,RHS,Rural,Jarugumalli,Overturning, Car overturned,Car,Minor injury,Defect in mechanical condition of motor vehicle/road condition,Four lanes or more with central divider,Straight road,,Fine,AP07CA   8336,A.M.B,Animals affected,0
01.07.2017,3:38 PM,1195.5,LHS,Rural,Martur,Collision Brush/Side Wipe, Bike hit VUP Safety wall,Bike,Minor injury,Fault of driver of motor vehicle/driver of other vehicle/cyclist/pedestrian/passenger,Four lanes or more with central divider,Straight road,,Fine,AP07CF   3258,A.M.B& P.V,Fatal,0
01.07.2017,3:38 PM,1195.5,LHS,Rural,Martur,Collision Brush/Side Wipe, Bike hit VUP Safety wall,Bike,Minor injury,Fault of driver of motor vehicle/driver of other vehicle/cyclist/pedestrian/passenger,Four lanes or more with central divider,Straight road,,Fine,AP07CF   3258,A.M.B& P.V,Grevious,0
01.07.2017,3:38 PM,1195.5,LHS,Rural,Martur,Collision Brush/Side Wipe, Bike hit VUP Safety wall,Bike,Minor injury,Fault of driver of motor vehicle/driver of other vehicle/cyclist/pedestrian/passenger,Four lanes or more with central divider,Straight road,,Fine,AP07CF   3258,A.M.B& P.V,Minor,2
01.07.2017,3:38 PM,1195.5,LHS,Rural,Martur,Collision Brush/Side Wipe, Bike hit VUP Safety wall,Bike,Minor injury,Fault of driver of motor vehicle/driver of other vehicle/cyclist/pedestrian/passenger,Four lanes or more with central divider,Straight road,,Fine,AP07CF   3258,A.M.B& P.V,Non injured ,0
01.07.2017,3:38 PM,1195.5,LHS,Rural,Martur,Collision Brush/Side Wipe, Bike hit VUP Safety wall,Bike,Minor injury,Fault of driver of motor vehicle/driver of other vehicle/cyclist/pedestrian/passenger,Four lanes or more with central divider,Straight road,,Fine,AP07CF   3258,A.M.B& P.V,Animals affected,0
02.07.2017,8:30 AM,1268,RHS,Rural,Tangutur,Collision Brush/Side Wipe, Ashok leyland Truck hit Culvert wall,Truck,Non injury,Defect in mechanical condition of motor vehicle/road condition,Four lanes or more with central divider,Straight road,,Fine,HR38W  6759,P.V,Fatal,0
02.07.2017,8:30 AM,1268,RHS,Rural,Tangutur,Collision Brush/Side Wipe, Ashok leyland Truck hit Culvert wall,Truck,Non injury,Defect in mechanical condition of motor vehicle/road condition,Four lanes or more with central divider,Straight road,,Fine,HR38W  6759,P.V,Grevious,0
02.07.2017,8:30 AM,1268,RHS,Rural,Tangutur,Collision Brush/Side Wipe, Ashok leyland Truck hit Culvert wall,Truck,Non injury,Defect in mechanical condition of motor vehicle/road condition,Four lanes or more with central divider,Straight road,,Fine,HR38W  6759,P.V,Minor,0
02.07.2017,8:30 AM,1268,RHS,Rural,Tangutur,Collision Brush/Side Wipe, Ashok leyland Truck hit Culvert wall,Truck,Non injury,Defect in mechanical condition of motor vehicle/road condition,Four lanes or more with central divider,Straight road,,Fine,HR38W  6759,P.V,Non injured ,2
02.07.2017,8:30 AM,1268,RHS,Rural,Tangutur,Collision Brush/Side Wipe, Ashok leyland Truck hit Culvert wall,Truck,Non injury,Defect in mechanical condition of motor vehicle/road condition,Four lanes or more with central divider,Straight road,,Fine,HR38W  6759,P.V,Animals affected,0
02.07.2017,11:40 PM,1328.1,LHS,Rural,Kavali,Collision Brush/Side Wipe, Bike hit CC Barrier,Bike,Grievious injury,Over speed,Four lanes or more with central divider,Straight road,,Fine,AP20AR 7530,A.M.B & P.V,Fatal,0
02.07.2017,11:40 PM,1328.1,LHS,Rural,Kavali,Collision Brush/Side Wipe, Bike hit CC Barrier,Bike,Grievious injury,Over speed,Four lanes or more with central divider,Straight road,,Fine,AP20AR 7530,A.M.B & P.V,Grevious,1
02.07.2017,11:40 PM,1328.1,LHS,Rural,Kavali,Collision Brush/Side Wipe, Bike hit CC Barrier,Bike,Grievious injury,Over speed,Four lanes or more with central divider,Straight road,,Fine,AP20AR 7530,A.M.B & P.V,Minor,0
02.07.2017,11:40 PM,1328.1,LHS,Rural,Kavali,Collision Brush/Side Wipe, Bike hit CC Barrier,Bike,Grievious injury,Over speed,Four lanes or more with central divider,Straight road,,Fine,AP20AR 7530,A.M.B & P.V,Non injured ,0
02.07.2017,11:40 PM,1328.1,LHS,Rural,Kavali,Collision Brush/Side Wipe, Bike hit CC Barrier,Bike,Grievious injury,Over speed,Four lanes or more with central divider,Straight road,,Fine,AP20AR 7530,A.M.B & P.V,Animals affected,0
03.07.2017,6:15 AM,1332.5,RHS,Rural,K.Tippa ,Collision Brush/Side Wipe, Car hit Bike ,Car,Minor injury,Over speed,Four lanes or more with central divider,Straight road,,Fine,AP03AU  5359,P.V,Fatal,0
03.07.2017,6:15 AM,1332.5,RHS,Rural,K.Tippa ,Collision Brush/Side Wipe, Car hit Bike ,Car,Minor injury,Over speed,Four lanes or more with central divider,Straight road,,Fine,AP03AU  5359,P.V,Grevious,0
03.07.2017,6:15 AM,1332.5,RHS,Rural,K.Tippa ,Collision Brush/Side Wipe, Car hit Bike ,Car,Minor injury,Over speed,Four lanes or more with central divider,Straight road,,Fine,AP03AU  5359,P.V,Minor,1
03.07.2017,6:15 AM,1332.5,RHS,Rural,K.Tippa ,Collision Brush/Side Wipe, Car hit Bike ,Car,Minor injury,Over speed,Four lanes or more with central divider,Straight road,,Fine,AP03AU  5359,P.V,Non injured ,3
03.07.2017,6:15 AM,1332.5,RHS,Rural,K.Tippa ,Collision Brush/Side Wipe, Car hit Bike ,Car,Minor injury,Over speed,Four lanes or more with central divider,Straight road,,Fine,AP03AU  5359,P.V,Animals affected,0