Operational date,Time of Accident,KM && M,Position,Rural/Urban,Location,Nature of Accident Position,Nature of Accident,Vehicle Involved,Type of Accident,Causes,Road Feature,Road condition,Intersection Type And Control,Weather Condition,Vehicle Responsible,Help Provided by Ambulance/Patroling Vehicle,Classification of Accident,No of Affected Persons
03.07.2017,9:50 AM,1259.1,RHS,Rural,Tangutur,Collision Brush/Side Wipe, Cargo Auto hit Bike,Auto,Grievious injury,Over speed,Four lanes or more with central divider,Straight road,,Fine,AP27TY 7504,A.M.B,Fatal,0
03.07.2017,9:50 AM,1259.1,RHS,Rural,Tangutur,Collision Brush/Side Wipe, Cargo Auto hit Bike,Auto,Grievious injury,Over speed,Four lanes or more with central divider,Straight road,,Fine,AP27TY 7504,A.M.B,Grevious,1
03.07.2017,9:50 AM,1259.1,RHS,Rural,Tangutur,Collision Brush/Side Wipe, Cargo Auto hit Bike,Auto,Grievious injury,Over speed,Four lanes or more with central divider,Straight road,,Fine,AP27TY 7504,A.M.B,Minor,1
03.07.2017,9:50 AM,1259.1,RHS,Rural,Tangutur,Collision Brush/Side Wipe, Cargo Auto hit Bike,Auto,Grievious injury,Over speed,Four lanes or more with central divider,Straight road,,Fine,AP27TY 7504,A.M.B,Non injured ,1
03.07.2017,9:50 AM,1259.1,RHS,Rural,Tangutur,Collision Brush/Side Wipe, Cargo Auto hit Bike,Auto,Grievious injury,Over speed,Four lanes or more with central divider,Straight road,,Fine,AP27TY 7504,A.M.B,Animals affected,0
03.07.2017,11:48 AM,1280.6,LHS,Rural,Singarayakonda,Rear End Collision, Bike hit Ape Auto,Bike,Minor injury,Druken,Two lanes,Straight road,,Fine,F/R Bike,P.V,Fatal,0
03.07.2017,11:48 AM,1280.6,LHS,Rural,Singarayakonda,Rear End Collision, Bike hit Ape Auto,Bike,Minor injury,Druken,Two lanes,Straight road,,Fine,F/R Bike,P.V,Grevious,0
03.07.2017,11:48 AM,1280.6,LHS,Rural,Singarayakonda,Rear End Collision, Bike hit Ape Auto,Bike,Minor injury,Druken,Two lanes,Straight road,,Fine,F/R Bike,P.V,Minor,1
03.07.2017,11:48 AM,1280.6,LHS,Rural,Singarayakonda,Rear End Collision, Bike hit Ape Auto,Bike,Minor injury,Druken,Two lanes,Straight road,,Fine,F/R Bike,P.V,Non injured ,1
03.07.2017,11:48 AM,1280.6,LHS,Rural,Singarayakonda,Rear End Collision, Bike hit Ape Auto,Bike,Minor injury,Druken,Two lanes,Straight road,,Fine,F/R Bike,P.V,Animals affected,0
03.07.2017,6:54 PM,1268,LHS,Rural,Tangutur,Collision Brush/Side Wipe, Ape Auto hit Scooty,Auto,Minor injury,Over speed,Four lanes or more with central divider,Straight road,,Fine,AP27TX  9242,A.M.B,Fatal,0
03.07.2017,6:54 PM,1268,LHS,Rural,Tangutur,Collision Brush/Side Wipe, Ape Auto hit Scooty,Auto,Minor injury,Over speed,Four lanes or more with central divider,Straight road,,Fine,AP27TX  9242,A.M.B,Grevious,0
03.07.2017,6:54 PM,1268,LHS,Rural,Tangutur,Collision Brush/Side Wipe, Ape Auto hit Scooty,Auto,Minor injury,Over speed,Four lanes or more with central divider,Straight road,,Fine,AP27TX  9242,A.M.B,Minor,1
03.07.2017,6:54 PM,1268,LHS,Rural,Tangutur,Collision Brush/Side Wipe, Ape Auto hit Scooty,Auto,Minor injury,Over speed,Four lanes or more with central divider,Straight road,,Fine,AP27TX  9242,A.M.B,Non injured ,2
03.07.2017,6:54 PM,1268,LHS,Rural,Tangutur,Collision Brush/Side Wipe, Ape Auto hit Scooty,Auto,Minor injury,Over speed,Four lanes or more with central divider,Straight road,,Fine,AP27TX  9242,A.M.B,Animals affected,0
04.07.2017,4:15 AM,1298.8,RHS,Rural,Gudluru,Rear End Collision, Car hit Unknown vehicle,Car,Non injury,Over speed,Four lanes or more with central divider,Straight road,,Fine,AP27AG   5577,P.V,Fatal,0
04.07.2017,4:15 AM,1298.8,RHS,Rural,Gudluru,Rear End Collision, Car hit Unknown vehicle,Car,Non injury,Over speed,Four lanes or more with central divider,Straight road,,Fine,AP27AG   5577,P.V,Grevious,0
04.07.2017,4:15 AM,1298.8,RHS,Rural,Gudluru,Rear End Collision, Car hit Unknown vehicle,Car,Non injury,Over speed,Four lanes or more with central divider,Straight road,,Fine,AP27AG   5577,P.V,Minor,0
04.07.2017,4:15 AM,1298.8,RHS,Rural,Gudluru,Rear End Collision, Car hit Unknown vehicle,Car,Non injury,Over speed,Four lanes or more with central divider,Straight road,,Fine,AP27AG   5577,P.V,Non injured ,3
04.07.2017,4:15 AM,1298.8,RHS,Rural,Gudluru,Rear End Collision, Car hit Unknown vehicle,Car,Non injury,Over speed,Four lanes or more with central divider,Straight road,,Fine,AP27AG   5577,P.V,Animals affected,0
04.07.2017,4:55 PM,1256.3,RHS,Rural,Tangutur,Overturning, Cargo Auto hit PUP safety wall and over,Auto,Grievious injury,Fault of driver of motor vehicle/driver of other vehicle/cyclist/pedestrian/passenger,Four lanes or more with central divider,Straight road,,Fine,AP27TX   7864,A.M.B,Fatal,0
04.07.2017,4:55 PM,1256.3,RHS,Rural,Tangutur,Overturning, Cargo Auto hit PUP safety wall and over,Auto,Grievious injury,Fault of driver of motor vehicle/driver of other vehicle/cyclist/pedestrian/passenger,Four lanes or more with central divider,Straight road,,Fine,AP27TX   7864,A.M.B,Grevious,1
04.07.2017,4:55 PM,1256.3,RHS,Rural,Tangutur,Overturning, Cargo Auto hit PUP safety wall and over,Auto,Grievious injury,Fault of driver of motor vehicle/driver of other vehicle/cyclist/pedestrian/passenger,Four lanes or more with central divider,Straight road,,Fine,AP27TX   7864,A.M.B,Minor,0
04.07.2017,4:55 PM,1256.3,RHS,Rural,Tangutur,Overturning, Cargo Auto hit PUP safety wall and over,Auto,Grievious injury,Fault of driver of motor vehicle/driver of other vehicle/cyclist/pedestrian/passenger,Four lanes or more with central divider,Straight road,,Fine,AP27TX   7864,A.M.B,Non injured ,0
04.07.2017,4:55 PM,1256.3,RHS,Rural,Tangutur,Overturning, Cargo Auto hit PUP safety wall and over,Auto,Grievious injury,Fault of driver of motor vehicle/driver of other vehicle/cyclist/pedestrian/passenger,Four lanes or more with central divider,Straight road,,Fine,AP27TX   7864,A.M.B,Animals affected,0
05.07.2017,7:00 AM,1292.6,RHS,Rural,Ulavapadu,Collision Brush/Side Wipe, Lorry hit median,Lorry,Non injury,Fault of driver of motor vehicle/driver of other vehicle/cyclist/pedestrian/passenger,Four lanes or more with central divider,Slight curve,,Fine,TS05UA   5259,P.V,Fatal,0
05.07.2017,7:00 AM,1292.6,RHS,Rural,Ulavapadu,Collision Brush/Side Wipe, Lorry hit median,Lorry,Non injury,Fault of driver of motor vehicle/driver of other vehicle/cyclist/pedestrian/passenger,Four lanes or more with central divider,Slight curve,,Fine,TS05UA   5259,P.V,Grevious,0
05.07.2017,7:00 AM,1292.6,RHS,Rural,Ulavapadu,Collision Brush/Side Wipe, Lorry hit median,Lorry,Non injury,Fault of driver of motor vehicle/driver of other vehicle/cyclist/pedestrian/passenger,Four lanes or more with central divider,Slight curve,,Fine,TS05UA   5259,P.V,Minor,0
05.07.2017,7:00 AM,1292.6,RHS,Rural,Ulavapadu,Collision Brush/Side Wipe, Lorry hit median,Lorry,Non injury,Fault of driver of motor vehicle/driver of other vehicle/cyclist/pedestrian/passenger,Four lanes or more with central divider,Slight curve,,Fine,TS05UA   5259,P.V,Non injured ,1
05.07.2017,7:00 AM,1292.6,RHS,Rural,Ulavapadu,Collision Brush/Side Wipe, Lorry hit median,Lorry,Non injury,Fault of driver of motor vehicle/driver of other vehicle/cyclist/pedestrian/passenger,Four lanes or more with central divider,Slight curve,,Fine,TS05UA   5259,P.V,Animals affected,0
05.07.2017,6:00 PM,1191.3,RHS,Rural,Martur,Rear End Collision, Bike hit Bike,Bike,Grievious injury,Druken,Two lanes,Straight road,,Fine,AP27 3696,A.M.B,Fatal,0
05.07.2017,6:00 PM,1191.3,RHS,Rural,Martur,Rear End Collision, Bike hit Bike,Bike,Grievious injury,Druken,Two lanes,Straight road,,Fine,AP27 3696,A.M.B,Grevious,2
05.07.2017,6:00 PM,1191.3,RHS,Rural,Martur,Rear End Collision, Bike hit Bike,Bike,Grievious injury,Druken,Two lanes,Straight road,,Fine,AP27 3696,A.M.B,Minor,0
05.07.2017,6:00 PM,1191.3,RHS,Rural,Martur,Rear End Collision, Bike hit Bike,Bike,Grievious injury,Druken,Two lanes,Straight road,,Fine,AP27 3696,A.M.B,Non injured ,1
05.07.2017,6:00 PM,1191.3,RHS,Rural,Martur,Rear End Collision, Bike hit Bike,Bike,Grievious injury,Druken,Two lanes,Straight road,,Fine,AP27 3696,A.M.B,Animals affected,0
06.07.2017,5:00 AM,1228.1,RHS,Rural,Maddipadu,Overturning, Lorry overturned   towards ROW,Lorry,Non injury,Fault of driver of motor vehicle/driver of other vehicle/cyclist/pedestrian/passenger,Four lanes or more with central divider,Straight road,,Fine,OR07V  8595,P.V,Fatal,0
06.07.2017,5:00 AM,1228.1,RHS,Rural,Maddipadu,Overturning, Lorry overturned   towards ROW,Lorry,Non injury,Fault of driver of motor vehicle/driver of other vehicle/cyclist/pedestrian/passenger,Four lanes or more with central divider,Straight road,,Fine,OR07V  8595,P.V,Grevious,0
06.07.2017,5:00 AM,1228.1,RHS,Rural,Maddipadu,Overturning, Lorry overturned   towards ROW,Lorry,Non injury,Fault of driver of motor vehicle/driver of other vehicle/cyclist/pedestrian/passenger,Four lanes or more with central divider,Straight road,,Fine,OR07V  8595,P.V,Minor,0
06.07.2017,5:00 AM,1228.1,RHS,Rural,Maddipadu,Overturning, Lorry overturned   towards ROW,Lorry,Non injury,Fault of driver of motor vehicle/driver of other vehicle/cyclist/pedestrian/passenger,Four lanes or more with central divider,Straight road,,Fine,OR07V  8595,P.V,Non injured ,1
06.07.2017,5:00 AM,1228.1,RHS,Rural,Maddipadu,Overturning, Lorry overturned   towards ROW,Lorry,Non injury,Fault of driver of motor vehicle/driver of other vehicle/cyclist/pedestrian/passenger,Four lanes or more with central divider,Straight road,,Fine,OR07V  8595,P.V,Animals affected,0
07.07.2017,5:30 AM,1329.7,RHS,Rural,Kavali,Overturning, Mini Truck hit CC Barrier and Overturne,Lorry,Non injury,Over speed,Four lanes or more with central divider,Slight curve,,Fine,AP03TC 1429,P.V,Fatal,0
07.07.2017,5:30 AM,1329.7,RHS,Rural,Kavali,Overturning, Mini Truck hit CC Barrier and Overturne,Lorry,Non injury,Over speed,Four lanes or more with central divider,Slight curve,,Fine,AP03TC 1429,P.V,Grevious,0
07.07.2017,5:30 AM,1329.7,RHS,Rural,Kavali,Overturning, Mini Truck hit CC Barrier and Overturne,Lorry,Non injury,Over speed,Four lanes or more with central divider,Slight curve,,Fine,AP03TC 1429,P.V,Minor,0
07.07.2017,5:30 AM,1329.7,RHS,Rural,Kavali,Overturning, Mini Truck hit CC Barrier and Overturne,Lorry,Non injury,Over speed,Four lanes or more with central divider,Slight curve,,Fine,AP03TC 1429,P.V,Non injured ,2
07.07.2017,5:30 AM,1329.7,RHS,Rural,Kavali,Overturning, Mini Truck hit CC Barrier and Overturne,Lorry,Non injury,Over speed,Four lanes or more with central divider,Slight curve,,Fine,AP03TC 1429,P.V,Animals affected,0
07.07.2017,10:20 AM,1353,LHS,Rural,Kodavaluru,Collision Brush/Side Wipe, Bike hit Lorry,Bike,Grievious injury,Fault of driver of motor vehicle/driver of other vehicle/cyclist/pedestrian/passenger,Four lanes or more with central divider,Straight road,,Fine,AP26BF 4928,P.V,Fatal,0
07.07.2017,10:20 AM,1353,LHS,Rural,Kodavaluru,Collision Brush/Side Wipe, Bike hit Lorry,Bike,Grievious injury,Fault of driver of motor vehicle/driver of other vehicle/cyclist/pedestrian/passenger,Four lanes or more with central divider,Straight road,,Fine,AP26BF 4928,P.V,Grevious,2
07.07.2017,10:20 AM,1353,LHS,Rural,Kodavaluru,Collision Brush/Side Wipe, Bike hit Lorry,Bike,Grievious injury,Fault of driver of motor vehicle/driver of other vehicle/cyclist/pedestrian/passenger,Four lanes or more with central divider,Straight road,,Fine,AP26BF 4928,P.V,Minor,0
07.07.2017,10:20 AM,1353,LHS,Rural,Kodavaluru,Collision Brush/Side Wipe, Bike hit Lorry,Bike,Grievious injury,Fault of driver of motor vehicle/driver of other vehicle/cyclist/pedestrian/passenger,Four lanes or more with central divider,Straight road,,Fine,AP26BF 4928,P.V,Non injured ,0
07.07.2017,10:20 AM,1353,LHS,Rural,Kodavaluru,Collision Brush/Side Wipe, Bike hit Lorry,Bike,Grievious injury,Fault of driver of motor vehicle/driver of other vehicle/cyclist/pedestrian/passenger,Four lanes or more with central divider,Straight road,,Fine,AP26BF 4928,P.V,Animals affected,0
07.07.2017,10:40 AM,1201.7,RHS,Rural,Reningavaram,Rear End Collision, Car hit Car ,Car,Non injury,Over speed,Four lanes or more with central divider,Straight road,,Fine,AP26AQ  4545,P.V,Fatal,0
07.07.2017,10:40 AM,1201.7,RHS,Rural,Reningavaram,Rear End Collision, Car hit Car ,Car,Non injury,Over speed,Four lanes or more with central divider,Straight road,,Fine,AP26AQ  4545,P.V,Grevious,0
07.07.2017,10:40 AM,1201.7,RHS,Rural,Reningavaram,Rear End Collision, Car hit Car ,Car,Non injury,Over speed,Four lanes or more with central divider,Straight road,,Fine,AP26AQ  4545,P.V,Minor,0
07.07.2017,10:40 AM,1201.7,RHS,Rural,Reningavaram,Rear End Collision, Car hit Car ,Car,Non injury,Over speed,Four lanes or more with central divider,Straight road,,Fine,AP26AQ  4545,P.V,Non injured ,9
07.07.2017,10:40 AM,1201.7,RHS,Rural,Reningavaram,Rear End Collision, Car hit Car ,Car,Non injury,Over speed,Four lanes or more with central divider,Straight road,,Fine,AP26AQ  4545,P.V,Animals affected,0
07.07.2017,4:43 PM,1272.2,LHS,Rural,Jarugumalli,Overturning, Car Overturned   towards ROW,Car,Grievious injury,Druken,Four lanes or more with central divider,Straight road,,Fine,AP27BK   0012,P.V,Fatal,0
07.07.2017,4:43 PM,1272.2,LHS,Rural,Jarugumalli,Overturning, Car Overturned   towards ROW,Car,Grievious injury,Druken,Four lanes or more with central divider,Straight road,,Fine,AP27BK   0012,P.V,Grevious,2
07.07.2017,4:43 PM,1272.2,LHS,Rural,Jarugumalli,Overturning, Car Overturned   towards ROW,Car,Grievious injury,Druken,Four lanes or more with central divider,Straight road,,Fine,AP27BK   0012,P.V,Minor,1
07.07.2017,4:43 PM,1272.2,LHS,Rural,Jarugumalli,Overturning, Car Overturned   towards ROW,Car,Grievious injury,Druken,Four lanes or more with central divider,Straight road,,Fine,AP27BK   0012,P.V,Non injured ,1
07.07.2017,4:43 PM,1272.2,LHS,Rural,Jarugumalli,Overturning, Car Overturned   towards ROW,Car,Grievious injury,Druken,Four lanes or more with central divider,Straight road,,Fine,AP27BK   0012,P.V,Animals affected,0
08.07.2017,3:40 AM,1300.5,LHS,Rural,Gudluru,Rear End Collision, Car hit Unknown vehicle,Car,Fatal,Fault of driver of motor vehicle/driver of other vehicle/cyclist/pedestrian/passenger,Four lanes or more with central divider,Straight road,,Fine,AP09CM  5665,P.V&A.M.B,Fatal,3
08.07.2017,3:40 AM,1300.5,LHS,Rural,Gudluru,Rear End Collision, Car hit Unknown vehicle,Car,Fatal,Fault of driver of motor vehicle/driver of other vehicle/cyclist/pedestrian/passenger,Four lanes or more with central divider,Straight road,,Fine,AP09CM  5665,P.V&A.M.B,Grevious,5
08.07.2017,3:40 AM,1300.5,LHS,Rural,Gudluru,Rear End Collision, Car hit Unknown vehicle,Car,Fatal,Fault of driver of motor vehicle/driver of other vehicle/cyclist/pedestrian/passenger,Four lanes or more with central divider,Straight road,,Fine,AP09CM  5665,P.V&A.M.B,Minor,1
08.07.2017,3:40 AM,1300.5,LHS,Rural,Gudluru,Rear End Collision, Car hit Unknown vehicle,Car,Fatal,Fault of driver of motor vehicle/driver of other vehicle/cyclist/pedestrian/passenger,Four lanes or more with central divider,Straight road,,Fine,AP09CM  5665,P.V&A.M.B,Non injured ,1
08.07.2017,3:40 AM,1300.5,LHS,Rural,Gudluru,Rear End Collision, Car hit Unknown vehicle,Car,Fatal,Fault of driver of motor vehicle/driver of other vehicle/cyclist/pedestrian/passenger,Four lanes or more with central divider,Straight road,,Fine,AP09CM  5665,P.V&A.M.B,Animals affected,0
08.07.2017,10:05 AM,1336.8,RHS,Rural,K.Tippa ,Collision Brush/Side Wipe, Car hit Lorry,Car,Non injury,Over speed,Four lanes or more with central divider,Straight road,,Fine,AP07TC    70,P.V,Fatal,0
08.07.2017,10:05 AM,1336.8,RHS,Rural,K.Tippa ,Collision Brush/Side Wipe, Car hit Lorry,Car,Non injury,Over speed,Four lanes or more with central divider,Straight road,,Fine,AP07TC    70,P.V,Grevious,0
08.07.2017,10:05 AM,1336.8,RHS,Rural,K.Tippa ,Collision Brush/Side Wipe, Car hit Lorry,Car,Non injury,Over speed,Four lanes or more with central divider,Straight road,,Fine,AP07TC    70,P.V,Minor,0
08.07.2017,10:05 AM,1336.8,RHS,Rural,K.Tippa ,Collision Brush/Side Wipe, Car hit Lorry,Car,Non injury,Over speed,Four lanes or more with central divider,Straight road,,Fine,AP07TC    70,P.V,Non injured ,7
08.07.2017,10:05 AM,1336.8,RHS,Rural,K.Tippa ,Collision Brush/Side Wipe, Car hit Lorry,Car,Non injury,Over speed,Four lanes or more with central divider,Straight road,,Fine,AP07TC    70,P.V,Animals affected,0
08.07.2017,12:55 PM,1239.8,LHS,Rural,Ongole,Collision Brush/Side Wipe, Lorry hit Bike,Lorry,Grievious injury,Fault of driver of motor vehicle/driver of other vehicle/cyclist/pedestrian/passenger,Two lanes,Straight road,,Fine,TN88A   0668,P.V,Fatal,0
08.07.2017,12:55 PM,1239.8,LHS,Rural,Ongole,Collision Brush/Side Wipe, Lorry hit Bike,Lorry,Grievious injury,Fault of driver of motor vehicle/driver of other vehicle/cyclist/pedestrian/passenger,Two lanes,Straight road,,Fine,TN88A   0668,P.V,Grevious,1
08.07.2017,12:55 PM,1239.8,LHS,Rural,Ongole,Collision Brush/Side Wipe, Lorry hit Bike,Lorry,Grievious injury,Fault of driver of motor vehicle/driver of other vehicle/cyclist/pedestrian/passenger,Two lanes,Straight road,,Fine,TN88A   0668,P.V,Minor,0
08.07.2017,12:55 PM,1239.8,LHS,Rural,Ongole,Collision Brush/Side Wipe, Lorry hit Bike,Lorry,Grievious injury,Fault of driver of motor vehicle/driver of other vehicle/cyclist/pedestrian/passenger,Two lanes,Straight road,,Fine,TN88A   0668,P.V,Non injured ,2
08.07.2017,12:55 PM,1239.8,LHS,Rural,Ongole,Collision Brush/Side Wipe, Lorry hit Bike,Lorry,Grievious injury,Fault of driver of motor vehicle/driver of other vehicle/cyclist/pedestrian/passenger,Two lanes,Straight road,,Fine,TN88A   0668,P.V,Animals affected,0
08.07.2017,9:00 PM,1362,LHS,Rural,Kodavaluru,Collision Brush/Side Wipe, Lorry hit Bike,Lorry,Grievious injury,Over speed,Four lanes or more with central divider,Straight road,,Fine,KA01AB   6397,P.V,Fatal,0
08.07.2017,9:00 PM,1362,LHS,Rural,Kodavaluru,Collision Brush/Side Wipe, Lorry hit Bike,Lorry,Grievious injury,Over speed,Four lanes or more with central divider,Straight road,,Fine,KA01AB   6397,P.V,Grevious,1
08.07.2017,9:00 PM,1362,LHS,Rural,Kodavaluru,Collision Brush/Side Wipe, Lorry hit Bike,Lorry,Grievious injury,Over speed,Four lanes or more with central divider,Straight road,,Fine,KA01AB   6397,P.V,Minor,0
08.07.2017,9:00 PM,1362,LHS,Rural,Kodavaluru,Collision Brush/Side Wipe, Lorry hit Bike,Lorry,Grievious injury,Over speed,Four lanes or more with central divider,Straight road,,Fine,KA01AB   6397,P.V,Non injured ,1
08.07.2017,9:00 PM,1362,LHS,Rural,Kodavaluru,Collision Brush/Side Wipe, Lorry hit Bike,Lorry,Grievious injury,Over speed,Four lanes or more with central divider,Straight road,,Fine,KA01AB   6397,P.V,Animals affected,0
09.07.2017,3:03 AM,1199.9,RHS,Rural,Martur,Rear End Collision, Car hit Lorry,Car,Grievious injury,Fault of driver of motor vehicle/driver of other vehicle/cyclist/pedestrian/passenger,Four lanes or more with central divider,Straight road,,Fine,AP21AD   0045,A.M.B,Fatal,0
09.07.2017,3:03 AM,1199.9,RHS,Rural,Martur,Rear End Collision, Car hit Lorry,Car,Grievious injury,Fault of driver of motor vehicle/driver of other vehicle/cyclist/pedestrian/passenger,Four lanes or more with central divider,Straight road,,Fine,AP21AD   0045,A.M.B,Grevious,1
09.07.2017,3:03 AM,1199.9,RHS,Rural,Martur,Rear End Collision, Car hit Lorry,Car,Grievious injury,Fault of driver of motor vehicle/driver of other vehicle/cyclist/pedestrian/passenger,Four lanes or more with central divider,Straight road,,Fine,AP21AD   0045,A.M.B,Minor,0
09.07.2017,3:03 AM,1199.9,RHS,Rural,Martur,Rear End Collision, Car hit Lorry,Car,Grievious injury,Fault of driver of motor vehicle/driver of other vehicle/cyclist/pedestrian/passenger,Four lanes or more with central divider,Straight road,,Fine,AP21AD   0045,A.M.B,Non injured ,4
09.07.2017,3:03 AM,1199.9,RHS,Rural,Martur,Rear End Collision, Car hit Lorry,Car,Grievious injury,Fault of driver of motor vehicle/driver of other vehicle/cyclist/pedestrian/passenger,Four lanes or more with central divider,Straight road,,Fine,AP21AD   0045,A.M.B,Animals affected,0
09.07.2017,2:36 PM,1267.2,RHS,Rural,Tangutur,Skidding, Bike skidding,Bike,Grievious injury,Over speed,Four lanes or more with central divider,Straight road,,Fine,AP27AX   7825,P.V&A.M.B,Fatal,0
09.07.2017,2:36 PM,1267.2,RHS,Rural,Tangutur,Skidding, Bike skidding,Bike,Grievious injury,Over speed,Four lanes or more with central divider,Straight road,,Fine,AP27AX   7825,P.V&A.M.B,Grevious,1
09.07.2017,2:36 PM,1267.2,RHS,Rural,Tangutur,Skidding, Bike skidding,Bike,Grievious injury,Over speed,Four lanes or more with central divider,Straight road,,Fine,AP27AX   7825,P.V&A.M.B,Minor,0
09.07.2017,2:36 PM,1267.2,RHS,Rural,Tangutur,Skidding, Bike skidding,Bike,Grievious injury,Over speed,Four lanes or more with central divider,Straight road,,Fine,AP27AX   7825,P.V&A.M.B,Non injured ,0
09.07.2017,2:36 PM,1267.2,RHS,Rural,Tangutur,Skidding, Bike skidding,Bike,Grievious injury,Over speed,Four lanes or more with central divider,Straight road,,Fine,AP27AX   7825,P.V&A.M.B,Animals affected,0
10.07.2017,3:32 AM,1255.9,RHS,Rural,Tangutur,Collision Brush/Side Wipe, Tipper hit VUP safety wall,Lorry,Non injury,Over speed,Four lanes or more with central divider,Straight road,,Fine,AP27TU   2399,P.V,Fatal,0
10.07.2017,3:32 AM,1255.9,RHS,Rural,Tangutur,Collision Brush/Side Wipe, Tipper hit VUP safety wall,Lorry,Non injury,Over speed,Four lanes or more with central divider,Straight road,,Fine,AP27TU   2399,P.V,Grevious,0
10.07.2017,3:32 AM,1255.9,RHS,Rural,Tangutur,Collision Brush/Side Wipe, Tipper hit VUP safety wall,Lorry,Non injury,Over speed,Four lanes or more with central divider,Straight road,,Fine,AP27TU   2399,P.V,Minor,0
10.07.2017,3:32 AM,1255.9,RHS,Rural,Tangutur,Collision Brush/Side Wipe, Tipper hit VUP safety wall,Lorry,Non injury,Over speed,Four lanes or more with central divider,Straight road,,Fine,AP27TU   2399,P.V,Non injured ,2
10.07.2017,3:32 AM,1255.9,RHS,Rural,Tangutur,Collision Brush/Side Wipe, Tipper hit VUP safety wall,Lorry,Non injury,Over speed,Four lanes or more with central divider,Straight road,,Fine,AP27TU   2399,P.V,Animals affected,0
10.07.2017,4:30 AM,1226.2,RHS,Rural,Maddipadu,Overturning, Long container vehicle hit median and o,Lorry,Non injury,Over speed,Four lanes or more with central divider,Straight road,,Fine,AP27TY   1133,P.V,Fatal,0
10.07.2017,4:30 AM,1226.2,RHS,Rural,Maddipadu,Overturning, Long container vehicle hit median and o,Lorry,Non injury,Over speed,Four lanes or more with central divider,Straight road,,Fine,AP27TY   1133,P.V,Grevious,0
10.07.2017,4:30 AM,1226.2,RHS,Rural,Maddipadu,Overturning, Long container vehicle hit median and o,Lorry,Non injury,Over speed,Four lanes or more with central divider,Straight road,,Fine,AP27TY   1133,P.V,Minor,0
10.07.2017,4:30 AM,1226.2,RHS,Rural,Maddipadu,Overturning, Long container vehicle hit median and o,Lorry,Non injury,Over speed,Four lanes or more with central divider,Straight road,,Fine,AP27TY   1133,P.V,Non injured ,1
10.07.2017,4:30 AM,1226.2,RHS,Rural,Maddipadu,Overturning, Long container vehicle hit median and o,Lorry,Non injury,Over speed,Four lanes or more with central divider,Straight road,,Fine,AP27TY   1133,P.V,Animals affected,0
11.07.2017,2:30 AM,1187.8,RHS,Rural,Martur,Rear End Collision, Ape Auto hit Unknown vehicle,Auto,Grievious injury,Fault of driver of motor vehicle/driver of other vehicle/cyclist/pedestrian/passenger,Four lanes or more with central divider,Straight road,,Fine,AP27TY  2582,A.M.B&P.V,Fatal,0
11.07.2017,2:30 AM,1187.8,RHS,Rural,Martur,Rear End Collision, Ape Auto hit Unknown vehicle,Auto,Grievious injury,Fault of driver of motor vehicle/driver of other vehicle/cyclist/pedestrian/passenger,Four lanes or more with central divider,Straight road,,Fine,AP27TY  2582,A.M.B&P.V,Grevious,1
11.07.2017,2:30 AM,1187.8,RHS,Rural,Martur,Rear End Collision, Ape Auto hit Unknown vehicle,Auto,Grievious injury,Fault of driver of motor vehicle/driver of other vehicle/cyclist/pedestrian/passenger,Four lanes or more with central divider,Straight road,,Fine,AP27TY  2582,A.M.B&P.V,Minor,0
11.07.2017,2:30 AM,1187.8,RHS,Rural,Martur,Rear End Collision, Ape Auto hit Unknown vehicle,Auto,Grievious injury,Fault of driver of motor vehicle/driver of other vehicle/cyclist/pedestrian/passenger,Four lanes or more with central divider,Straight road,,Fine,AP27TY  2582,A.M.B&P.V,Non injured ,1
11.07.2017,2:30 AM,1187.8,RHS,Rural,Martur,Rear End Collision, Ape Auto hit Unknown vehicle,Auto,Grievious injury,Fault of driver of motor vehicle/driver of other vehicle/cyclist/pedestrian/passenger,Four lanes or more with central divider,Straight road,,Fine,AP27TY  2582,A.M.B&P.V,Animals affected,0
11.07.2017,6:35 AM,1272.6,RHS,Rural,Jarugumalli,Overturning, Car hit median and overturned,Car,Minor injury,Fault of driver of motor vehicle/driver of other vehicle/cyclist/pedestrian/passenger,Four lanes or more with central divider,Straight road,,Fine,WB24R   6670,A.M.B&P.V,Fatal,0
11.07.2017,6:35 AM,1272.6,RHS,Rural,Jarugumalli,Overturning, Car hit median and overturned,Car,Minor injury,Fault of driver of motor vehicle/driver of other vehicle/cyclist/pedestrian/passenger,Four lanes or more with central divider,Straight road,,Fine,WB24R   6670,A.M.B&P.V,Grevious,0
11.07.2017,6:35 AM,1272.6,RHS,Rural,Jarugumalli,Overturning, Car hit median and overturned,Car,Minor injury,Fault of driver of motor vehicle/driver of other vehicle/cyclist/pedestrian/passenger,Four lanes or more with central divider,Straight road,,Fine,WB24R   6670,A.M.B&P.V,Minor,1
11.07.2017,6:35 AM,1272.6,RHS,Rural,Jarugumalli,Overturning, Car hit median and overturned,Car,Minor injury,Fault of driver of motor vehicle/driver of other vehicle/cyclist/pedestrian/passenger,Four lanes or more with central divider,Straight road,,Fine,WB24R   6670,A.M.B&P.V,Non injured ,3
11.07.2017,6:35 AM,1272.6,RHS,Rural,Jarugumalli,Overturning, Car hit median and overturned,Car,Minor injury,Fault of driver of motor vehicle/driver of other vehicle/cyclist/pedestrian/passenger,Four lanes or more with central divider,Straight road,,Fine,WB24R   6670,A.M.B&P.V,Animals affected,0
11.07.2017,4:50 AM,1317.3,LHS,Rural,Kavali,Overturning, Long container vehicle overturned towar,Lorry,Non injury,Fault of driver of motor vehicle/driver of other vehicle/cyclist/pedestrian/passenger,Two lanes,Straight road,,Fine,NL01D    4881,P.V,Fatal,0
11.07.2017,4:50 AM,1317.3,LHS,Rural,Kavali,Overturning, Long container vehicle overturned towar,Lorry,Non injury,Fault of driver of motor vehicle/driver of other vehicle/cyclist/pedestrian/passenger,Two lanes,Straight road,,Fine,NL01D    4881,P.V,Grevious,0