Operational date,Time of Accident,KM && M,Position,Rural/Urban,Location,Nature of Accident Position,Nature of Accident,Vehicle Involved,Type of Accident,Causes,Road Feature,Road condition,Intersection Type And Control,Weather Condition,Vehicle Responsible,Help Provided by Ambulance/Patroling Vehicle,Classification of Accident,No of Affected Persons
11.07.2017,4:50 AM,1317.3,LHS,Rural,Kavali,Overturning, Long container vehicle overturned towar,Lorry,Non injury,Fault of driver of motor vehicle/driver of other vehicle/cyclist/pedestrian/passenger,Two lanes,Straight road,,Fine,NL01D    4881,P.V,Minor,0
11.07.2017,4:50 AM,1317.3,LHS,Rural,Kavali,Overturning, Long container vehicle overturned towar,Lorry,Non injury,Fault of driver of motor vehicle/driver of other vehicle/cyclist/pedestrian/passenger,Two lanes,Straight road,,Fine,NL01D    4881,P.V,Non injured ,1
11.07.2017,4:50 AM,1317.3,LHS,Rural,Kavali,Overturning, Long container vehicle overturned towar,Lorry,Non injury,Fault of driver of motor vehicle/driver of other vehicle/cyclist/pedestrian/passenger,Two lanes,Straight road,,Fine,NL01D    4881,P.V,Animals affected,0
11.07.2017,4:20 PM,1324,RHS,Rural,Kavali,Skidding, Bike skidding,Bike,Minor injury,Over speed,Four lanes or more with central divider,Straight road,,Fine,AP26BH  0727,P.V,Fatal,0
11.07.2017,4:20 PM,1324,RHS,Rural,Kavali,Skidding, Bike skidding,Bike,Minor injury,Over speed,Four lanes or more with central divider,Straight road,,Fine,AP26BH  0727,P.V,Grevious,0
11.07.2017,4:20 PM,1324,RHS,Rural,Kavali,Skidding, Bike skidding,Bike,Minor injury,Over speed,Four lanes or more with central divider,Straight road,,Fine,AP26BH  0727,P.V,Minor,1
11.07.2017,4:20 PM,1324,RHS,Rural,Kavali,Skidding, Bike skidding,Bike,Minor injury,Over speed,Four lanes or more with central divider,Straight road,,Fine,AP26BH  0727,P.V,Non injured ,0
11.07.2017,4:20 PM,1324,RHS,Rural,Kavali,Skidding, Bike skidding,Bike,Minor injury,Over speed,Four lanes or more with central divider,Straight road,,Fine,AP26BH  0727,P.V,Animals affected,0
12.07.2017,2:40 AM,1227.1,LHS,Rural,Maddipadu,Rear End Collision, Mini Truck hit Unknown vehicle,Lorry,Grievious injury,Fault of driver of motor vehicle/driver of other vehicle/cyclist/pedestrian/passenger,Four lanes or more with central divider,Straight road,,Fine,AP20TC 4076,P.V,Fatal,0
12.07.2017,2:40 AM,1227.1,LHS,Rural,Maddipadu,Rear End Collision, Mini Truck hit Unknown vehicle,Lorry,Grievious injury,Fault of driver of motor vehicle/driver of other vehicle/cyclist/pedestrian/passenger,Four lanes or more with central divider,Straight road,,Fine,AP20TC 4076,P.V,Grevious,1
12.07.2017,2:40 AM,1227.1,LHS,Rural,Maddipadu,Rear End Collision, Mini Truck hit Unknown vehicle,Lorry,Grievious injury,Fault of driver of motor vehicle/driver of other vehicle/cyclist/pedestrian/passenger,Four lanes or more with central divider,Straight road,,Fine,AP20TC 4076,P.V,Minor,1
12.07.2017,2:40 AM,1227.1,LHS,Rural,Maddipadu,Rear End Collision, Mini Truck hit Unknown vehicle,Lorry,Grievious injury,Fault of driver of motor vehicle/driver of other vehicle/cyclist/pedestrian/passenger,Four lanes or more with central divider,Straight road,,Fine,AP20TC 4076,P.V,Non injured ,3
12.07.2017,2:40 AM,1227.1,LHS,Rural,Maddipadu,Rear End Collision, Mini Truck hit Unknown vehicle,Lorry,Grievious injury,Fault of driver of motor vehicle/driver of other vehicle/cyclist/pedestrian/passenger,Four lanes or more with central divider,Straight road,,Fine,AP20TC 4076,P.V,Animals affected,0
12.07.2017,4:50 AM,1351.7,LHS,Rural,Kodavaluru,Rear End Collision, Travels Bus hit Lorry ,Bus,Minor injury,Over speed,Four lanes or more with central divider,Straight road,,Fine,AP07TH 3449,P.V&A.M.B,Fatal,0
12.07.2017,4:50 AM,1351.7,LHS,Rural,Kodavaluru,Rear End Collision, Travels Bus hit Lorry ,Bus,Minor injury,Over speed,Four lanes or more with central divider,Straight road,,Fine,AP07TH 3449,P.V&A.M.B,Grevious,0
12.07.2017,4:50 AM,1351.7,LHS,Rural,Kodavaluru,Rear End Collision, Travels Bus hit Lorry ,Bus,Minor injury,Over speed,Four lanes or more with central divider,Straight road,,Fine,AP07TH 3449,P.V&A.M.B,Minor,3
12.07.2017,4:50 AM,1351.7,LHS,Rural,Kodavaluru,Rear End Collision, Travels Bus hit Lorry ,Bus,Minor injury,Over speed,Four lanes or more with central divider,Straight road,,Fine,AP07TH 3449,P.V&A.M.B,Non injured ,40
12.07.2017,4:50 AM,1351.7,LHS,Rural,Kodavaluru,Rear End Collision, Travels Bus hit Lorry ,Bus,Minor injury,Over speed,Four lanes or more with central divider,Straight road,,Fine,AP07TH 3449,P.V&A.M.B,Animals affected,0
12.07.2017,5:00 AM,1202.9,RHS,Rural,Reningavaram,Overturning, Car hit Mahendra tempo vehicle and over,Car,Non injury,Over speed,Four lanes or more with central divider,Straight road,,Fine,TS05EK 0634,P.V,Fatal,0
12.07.2017,5:00 AM,1202.9,RHS,Rural,Reningavaram,Overturning, Car hit Mahendra tempo vehicle and over,Car,Non injury,Over speed,Four lanes or more with central divider,Straight road,,Fine,TS05EK 0634,P.V,Grevious,0
12.07.2017,5:00 AM,1202.9,RHS,Rural,Reningavaram,Overturning, Car hit Mahendra tempo vehicle and over,Car,Non injury,Over speed,Four lanes or more with central divider,Straight road,,Fine,TS05EK 0634,P.V,Minor,0
12.07.2017,5:00 AM,1202.9,RHS,Rural,Reningavaram,Overturning, Car hit Mahendra tempo vehicle and over,Car,Non injury,Over speed,Four lanes or more with central divider,Straight road,,Fine,TS05EK 0634,P.V,Non injured ,4
12.07.2017,5:00 AM,1202.9,RHS,Rural,Reningavaram,Overturning, Car hit Mahendra tempo vehicle and over,Car,Non injury,Over speed,Four lanes or more with central divider,Straight road,,Fine,TS05EK 0634,P.V,Animals affected,0
12.07.2017,1:15 PM,1361.5,LHS,Rural,Kodavaluru,Rear End Collision, Mini Truck hit Lorry,Lorry,Non injury,Over speed,Four lanes or more with central divider,Straight road,,Fine,AP16U    6956  ,P.V,Fatal,0
12.07.2017,1:15 PM,1361.5,LHS,Rural,Kodavaluru,Rear End Collision, Mini Truck hit Lorry,Lorry,Non injury,Over speed,Four lanes or more with central divider,Straight road,,Fine,AP16U    6956  ,P.V,Grevious,0
12.07.2017,1:15 PM,1361.5,LHS,Rural,Kodavaluru,Rear End Collision, Mini Truck hit Lorry,Lorry,Non injury,Over speed,Four lanes or more with central divider,Straight road,,Fine,AP16U    6956  ,P.V,Minor,0
12.07.2017,1:15 PM,1361.5,LHS,Rural,Kodavaluru,Rear End Collision, Mini Truck hit Lorry,Lorry,Non injury,Over speed,Four lanes or more with central divider,Straight road,,Fine,AP16U    6956  ,P.V,Non injured ,2
12.07.2017,1:15 PM,1361.5,LHS,Rural,Kodavaluru,Rear End Collision, Mini Truck hit Lorry,Lorry,Non injury,Over speed,Four lanes or more with central divider,Straight road,,Fine,AP16U    6956  ,P.V,Animals affected,0
12.07.2017,10:30 PM,1323.2,LHS,Rural,Kavali,Overturning, Ape Auto Overturned,Auto,Non injury,Fault of driver of motor vehicle/driver of other vehicle/cyclist/pedestrian/passenger,Four lanes or more with central divider,Straight road,,Fine,AP26TE 8566,P.V,Fatal,0
12.07.2017,10:30 PM,1323.2,LHS,Rural,Kavali,Overturning, Ape Auto Overturned,Auto,Non injury,Fault of driver of motor vehicle/driver of other vehicle/cyclist/pedestrian/passenger,Four lanes or more with central divider,Straight road,,Fine,AP26TE 8566,P.V,Grevious,0
12.07.2017,10:30 PM,1323.2,LHS,Rural,Kavali,Overturning, Ape Auto Overturned,Auto,Non injury,Fault of driver of motor vehicle/driver of other vehicle/cyclist/pedestrian/passenger,Four lanes or more with central divider,Straight road,,Fine,AP26TE 8566,P.V,Minor,0
12.07.2017,10:30 PM,1323.2,LHS,Rural,Kavali,Overturning, Ape Auto Overturned,Auto,Non injury,Fault of driver of motor vehicle/driver of other vehicle/cyclist/pedestrian/passenger,Four lanes or more with central divider,Straight road,,Fine,AP26TE 8566,P.V,Non injured ,1
12.07.2017,10:30 PM,1323.2,LHS,Rural,Kavali,Overturning, Ape Auto Overturned,Auto,Non injury,Fault of driver of motor vehicle/driver of other vehicle/cyclist/pedestrian/passenger,Four lanes or more with central divider,Straight road,,Fine,AP26TE 8566,P.V,Animals affected,0
13.07.2017,4:45 AM,1202.6,RHS,Rural,Reningavaram,Rear End Collision,Tata Ace Vehicle hit Culvert wall ,Tata Ace,Minor injury,Fault of driver of motor vehicle/driver of other vehicle/cyclist/pedestrian/passenger,Four lanes or more with central divider,Straight road,,Fine,AP07TF 8589,P.V&A.M.B,Fatal,0
13.07.2017,4:45 AM,1202.6,RHS,Rural,Reningavaram,Rear End Collision,Tata Ace Vehicle hit Culvert wall ,Tata Ace,Minor injury,Fault of driver of motor vehicle/driver of other vehicle/cyclist/pedestrian/passenger,Four lanes or more with central divider,Straight road,,Fine,AP07TF 8589,P.V&A.M.B,Grevious,0
13.07.2017,4:45 AM,1202.6,RHS,Rural,Reningavaram,Rear End Collision,Tata Ace Vehicle hit Culvert wall ,Tata Ace,Minor injury,Fault of driver of motor vehicle/driver of other vehicle/cyclist/pedestrian/passenger,Four lanes or more with central divider,Straight road,,Fine,AP07TF 8589,P.V&A.M.B,Minor,4
13.07.2017,4:45 AM,1202.6,RHS,Rural,Reningavaram,Rear End Collision,Tata Ace Vehicle hit Culvert wall ,Tata Ace,Minor injury,Fault of driver of motor vehicle/driver of other vehicle/cyclist/pedestrian/passenger,Four lanes or more with central divider,Straight road,,Fine,AP07TF 8589,P.V&A.M.B,Non injured ,0
13.07.2017,4:45 AM,1202.6,RHS,Rural,Reningavaram,Rear End Collision,Tata Ace Vehicle hit Culvert wall ,Tata Ace,Minor injury,Fault of driver of motor vehicle/driver of other vehicle/cyclist/pedestrian/passenger,Four lanes or more with central divider,Straight road,,Fine,AP07TF 8589,P.V&A.M.B,Animals affected,0
13.07.2017,7:28 AM,1261.9,LHS,Rural,Tangutur,Collision Brush/Side Wipe, Lorry hit CC Barriers,Lorry,Non injury,Fault of driver of motor vehicle/driver of other vehicle/cyclist/pedestrian/passenger,Two lanes,Straight road,,Fine,AP26TF  2779,P.V,Fatal,0
13.07.2017,7:28 AM,1261.9,LHS,Rural,Tangutur,Collision Brush/Side Wipe, Lorry hit CC Barriers,Lorry,Non injury,Fault of driver of motor vehicle/driver of other vehicle/cyclist/pedestrian/passenger,Two lanes,Straight road,,Fine,AP26TF  2779,P.V,Grevious,0
13.07.2017,7:28 AM,1261.9,LHS,Rural,Tangutur,Collision Brush/Side Wipe, Lorry hit CC Barriers,Lorry,Non injury,Fault of driver of motor vehicle/driver of other vehicle/cyclist/pedestrian/passenger,Two lanes,Straight road,,Fine,AP26TF  2779,P.V,Minor,0
13.07.2017,7:28 AM,1261.9,LHS,Rural,Tangutur,Collision Brush/Side Wipe, Lorry hit CC Barriers,Lorry,Non injury,Fault of driver of motor vehicle/driver of other vehicle/cyclist/pedestrian/passenger,Two lanes,Straight road,,Fine,AP26TF  2779,P.V,Non injured ,1
13.07.2017,7:28 AM,1261.9,LHS,Rural,Tangutur,Collision Brush/Side Wipe, Lorry hit CC Barriers,Lorry,Non injury,Fault of driver of motor vehicle/driver of other vehicle/cyclist/pedestrian/passenger,Two lanes,Straight road,,Fine,AP26TF  2779,P.V,Animals affected,0
15.07.2017,3:55 AM,1270.8,RHS,Rural,Jarugumalli,Rear End Collision, Tempo vehicle hit Unknown vehicle,Van,Grievious injury,Fault of driver of motor vehicle/driver of other vehicle/cyclist/pedestrian/passenger,Four lanes or more with central divider,Straight road,,Fine,AP07TD   6556,P.V&A.M.B,Fatal,0
15.07.2017,3:55 AM,1270.8,RHS,Rural,Jarugumalli,Rear End Collision, Tempo vehicle hit Unknown vehicle,Van,Grievious injury,Fault of driver of motor vehicle/driver of other vehicle/cyclist/pedestrian/passenger,Four lanes or more with central divider,Straight road,,Fine,AP07TD   6556,P.V&A.M.B,Grevious,1
15.07.2017,3:55 AM,1270.8,RHS,Rural,Jarugumalli,Rear End Collision, Tempo vehicle hit Unknown vehicle,Van,Grievious injury,Fault of driver of motor vehicle/driver of other vehicle/cyclist/pedestrian/passenger,Four lanes or more with central divider,Straight road,,Fine,AP07TD   6556,P.V&A.M.B,Minor,6
15.07.2017,3:55 AM,1270.8,RHS,Rural,Jarugumalli,Rear End Collision, Tempo vehicle hit Unknown vehicle,Van,Grievious injury,Fault of driver of motor vehicle/driver of other vehicle/cyclist/pedestrian/passenger,Four lanes or more with central divider,Straight road,,Fine,AP07TD   6556,P.V&A.M.B,Non injured ,6
15.07.2017,3:55 AM,1270.8,RHS,Rural,Jarugumalli,Rear End Collision, Tempo vehicle hit Unknown vehicle,Van,Grievious injury,Fault of driver of motor vehicle/driver of other vehicle/cyclist/pedestrian/passenger,Four lanes or more with central divider,Straight road,,Fine,AP07TD   6556,P.V&A.M.B,Animals affected,0
15.07.2017,7:00 AM,1252.9,RHS,Rural,Ongole,Collision Brush/Side Wipe, Ape Auto hit Containeer vehicle,Auto,Grievious injury,Fault of driver of motor vehicle/driver of other vehicle/cyclist/pedestrian/passenger,Four lanes or more with central divider,Straight road,,Fine,AP26TE   3722,P.V&A.M.B,Fatal,0
15.07.2017,7:00 AM,1252.9,RHS,Rural,Ongole,Collision Brush/Side Wipe, Ape Auto hit Containeer vehicle,Auto,Grievious injury,Fault of driver of motor vehicle/driver of other vehicle/cyclist/pedestrian/passenger,Four lanes or more with central divider,Straight road,,Fine,AP26TE   3722,P.V&A.M.B,Grevious,3
15.07.2017,7:00 AM,1252.9,RHS,Rural,Ongole,Collision Brush/Side Wipe, Ape Auto hit Containeer vehicle,Auto,Grievious injury,Fault of driver of motor vehicle/driver of other vehicle/cyclist/pedestrian/passenger,Four lanes or more with central divider,Straight road,,Fine,AP26TE   3722,P.V&A.M.B,Minor,6
15.07.2017,7:00 AM,1252.9,RHS,Rural,Ongole,Collision Brush/Side Wipe, Ape Auto hit Containeer vehicle,Auto,Grievious injury,Fault of driver of motor vehicle/driver of other vehicle/cyclist/pedestrian/passenger,Four lanes or more with central divider,Straight road,,Fine,AP26TE   3722,P.V&A.M.B,Non injured ,2
15.07.2017,7:00 AM,1252.9,RHS,Rural,Ongole,Collision Brush/Side Wipe, Ape Auto hit Containeer vehicle,Auto,Grievious injury,Fault of driver of motor vehicle/driver of other vehicle/cyclist/pedestrian/passenger,Four lanes or more with central divider,Straight road,,Fine,AP26TE   3722,P.V&A.M.B,Animals affected,0
16.07.2017,9:40 AM,1261.7,LHS,Rural,Tangutur,Overturning, Mini Lorry hit CC Barrier and Overturne,Lorry,Minor injury,Fault of driver of motor vehicle/driver of other vehicle/cyclist/pedestrian/passenger,Two lanes,Straight road,,Fine,AP16TD   7517,P.V,Fatal,0
16.07.2017,9:40 AM,1261.7,LHS,Rural,Tangutur,Overturning, Mini Lorry hit CC Barrier and Overturne,Lorry,Minor injury,Fault of driver of motor vehicle/driver of other vehicle/cyclist/pedestrian/passenger,Two lanes,Straight road,,Fine,AP16TD   7517,P.V,Grevious,0
16.07.2017,9:40 AM,1261.7,LHS,Rural,Tangutur,Overturning, Mini Lorry hit CC Barrier and Overturne,Lorry,Minor injury,Fault of driver of motor vehicle/driver of other vehicle/cyclist/pedestrian/passenger,Two lanes,Straight road,,Fine,AP16TD   7517,P.V,Minor,1
16.07.2017,9:40 AM,1261.7,LHS,Rural,Tangutur,Overturning, Mini Lorry hit CC Barrier and Overturne,Lorry,Minor injury,Fault of driver of motor vehicle/driver of other vehicle/cyclist/pedestrian/passenger,Two lanes,Straight road,,Fine,AP16TD   7517,P.V,Non injured ,0
16.07.2017,9:40 AM,1261.7,LHS,Rural,Tangutur,Overturning, Mini Lorry hit CC Barrier and Overturne,Lorry,Minor injury,Fault of driver of motor vehicle/driver of other vehicle/cyclist/pedestrian/passenger,Two lanes,Straight road,,Fine,AP16TD   7517,P.V,Animals affected,0
16.07.2017,10:25 AM,1253.4,RHS,Rural,Ongole,Rear End Collision, Ashok leyland dost hit Unknown Vehicle,Lorry,Minor injury,Fault of driver of motor vehicle/driver of other vehicle/cyclist/pedestrian/passenger,Four lanes or more with central divider,Straight road,,Fine,AP27TY 9749,,Fatal,0
16.07.2017,10:25 AM,1253.4,RHS,Rural,Ongole,Rear End Collision, Ashok leyland dost hit Unknown Vehicle,Lorry,Minor injury,Fault of driver of motor vehicle/driver of other vehicle/cyclist/pedestrian/passenger,Four lanes or more with central divider,Straight road,,Fine,AP27TY 9749,,Grevious,0
16.07.2017,10:25 AM,1253.4,RHS,Rural,Ongole,Rear End Collision, Ashok leyland dost hit Unknown Vehicle,Lorry,Minor injury,Fault of driver of motor vehicle/driver of other vehicle/cyclist/pedestrian/passenger,Four lanes or more with central divider,Straight road,,Fine,AP27TY 9749,,Minor,1
16.07.2017,10:25 AM,1253.4,RHS,Rural,Ongole,Rear End Collision, Ashok leyland dost hit Unknown Vehicle,Lorry,Minor injury,Fault of driver of motor vehicle/driver of other vehicle/cyclist/pedestrian/passenger,Four lanes or more with central divider,Straight road,,Fine,AP27TY 9749,,Non injured ,1
16.07.2017,10:25 AM,1253.4,RHS,Rural,Ongole,Rear End Collision, Ashok leyland dost hit Unknown Vehicle,Lorry,Minor injury,Fault of driver of motor vehicle/driver of other vehicle/cyclist/pedestrian/passenger,Four lanes or more with central divider,Straight road,,Fine,AP27TY 9749,,Animals affected,0
16.07.2017,3:30 PM,1257.6,RHS,Rural,Tangutur,Collision Brush/Side Wipe, Lorry hit Pedestrian,Lorry,Grievious injury,Fault of driver of motor vehicle/driver of other vehicle/cyclist/pedestrian/passenger,Two lanes,Straight road,,Fine,AP07X  2377,P.V&A.M.B,Fatal,0
16.07.2017,3:30 PM,1257.6,RHS,Rural,Tangutur,Collision Brush/Side Wipe, Lorry hit Pedestrian,Lorry,Grievious injury,Fault of driver of motor vehicle/driver of other vehicle/cyclist/pedestrian/passenger,Two lanes,Straight road,,Fine,AP07X  2377,P.V&A.M.B,Grevious,1
16.07.2017,3:30 PM,1257.6,RHS,Rural,Tangutur,Collision Brush/Side Wipe, Lorry hit Pedestrian,Lorry,Grievious injury,Fault of driver of motor vehicle/driver of other vehicle/cyclist/pedestrian/passenger,Two lanes,Straight road,,Fine,AP07X  2377,P.V&A.M.B,Minor,0
16.07.2017,3:30 PM,1257.6,RHS,Rural,Tangutur,Collision Brush/Side Wipe, Lorry hit Pedestrian,Lorry,Grievious injury,Fault of driver of motor vehicle/driver of other vehicle/cyclist/pedestrian/passenger,Two lanes,Straight road,,Fine,AP07X  2377,P.V&A.M.B,Non injured ,1
16.07.2017,3:30 PM,1257.6,RHS,Rural,Tangutur,Collision Brush/Side Wipe, Lorry hit Pedestrian,Lorry,Grievious injury,Fault of driver of motor vehicle/driver of other vehicle/cyclist/pedestrian/passenger,Two lanes,Straight road,,Fine,AP07X  2377,P.V&A.M.B,Animals affected,0
19.07.2017,1:00 AM,1311.4,LHS,Rural,Kavali,Rear End Collision, Lorry hit unknown vehicle,Lorry,Non injury,Fault of driver of motor vehicle/driver of other vehicle/cyclist/pedestrian/passenger,Four lanes or more with central divider,Straight road,,Fine,TN34C   8281,P.V,Fatal,0
19.07.2017,1:00 AM,1311.4,LHS,Rural,Kavali,Rear End Collision, Lorry hit unknown vehicle,Lorry,Non injury,Fault of driver of motor vehicle/driver of other vehicle/cyclist/pedestrian/passenger,Four lanes or more with central divider,Straight road,,Fine,TN34C   8281,P.V,Grevious,0
19.07.2017,1:00 AM,1311.4,LHS,Rural,Kavali,Rear End Collision, Lorry hit unknown vehicle,Lorry,Non injury,Fault of driver of motor vehicle/driver of other vehicle/cyclist/pedestrian/passenger,Four lanes or more with central divider,Straight road,,Fine,TN34C   8281,P.V,Minor,0
19.07.2017,1:00 AM,1311.4,LHS,Rural,Kavali,Rear End Collision, Lorry hit unknown vehicle,Lorry,Non injury,Fault of driver of motor vehicle/driver of other vehicle/cyclist/pedestrian/passenger,Four lanes or more with central divider,Straight road,,Fine,TN34C   8281,P.V,Non injured ,1
19.07.2017,1:00 AM,1311.4,LHS,Rural,Kavali,Rear End Collision, Lorry hit unknown vehicle,Lorry,Non injury,Fault of driver of motor vehicle/driver of other vehicle/cyclist/pedestrian/passenger,Four lanes or more with central divider,Straight road,,Fine,TN34C   8281,P.V,Animals affected,0
19.07.2017,9:35 AM,1207.9,LHS,Rural,Reningavaram,Collision Brush/Side Wipe, Bike hit Tata Ace vehicle,Bike,Grievious injury,Fault of driver of motor vehicle/driver of other vehicle/cyclist/pedestrian/passenger,Four lanes or more with central divider,Straight road,,Fine,AP27AM  5934,P.V,Fatal,0
19.07.2017,9:35 AM,1207.9,LHS,Rural,Reningavaram,Collision Brush/Side Wipe, Bike hit Tata Ace vehicle,Bike,Grievious injury,Fault of driver of motor vehicle/driver of other vehicle/cyclist/pedestrian/passenger,Four lanes or more with central divider,Straight road,,Fine,AP27AM  5934,P.V,Grevious,1
19.07.2017,9:35 AM,1207.9,LHS,Rural,Reningavaram,Collision Brush/Side Wipe, Bike hit Tata Ace vehicle,Bike,Grievious injury,Fault of driver of motor vehicle/driver of other vehicle/cyclist/pedestrian/passenger,Four lanes or more with central divider,Straight road,,Fine,AP27AM  5934,P.V,Minor,0
19.07.2017,9:35 AM,1207.9,LHS,Rural,Reningavaram,Collision Brush/Side Wipe, Bike hit Tata Ace vehicle,Bike,Grievious injury,Fault of driver of motor vehicle/driver of other vehicle/cyclist/pedestrian/passenger,Four lanes or more with central divider,Straight road,,Fine,AP27AM  5934,P.V,Non injured ,1
19.07.2017,9:35 AM,1207.9,LHS,Rural,Reningavaram,Collision Brush/Side Wipe, Bike hit Tata Ace vehicle,Bike,Grievious injury,Fault of driver of motor vehicle/driver of other vehicle/cyclist/pedestrian/passenger,Four lanes or more with central divider,Straight road,,Fine,AP27AM  5934,P.V,Animals affected,0
20.07.2017,8:06 AM,1199.2,RHS,Rural,Martur,Head on collision, Bike hit Bike,Bike,Minor injury,Fault of driver of motor vehicle/driver of other vehicle/cyclist/pedestrian/passenger,Four lanes or more with central divider,Straight road,,Fine,Unknown Bike No,A.M.B& P.V,Fatal,0
20.07.2017,8:06 AM,1199.2,RHS,Rural,Martur,Head on collision, Bike hit Bike,Bike,Minor injury,Fault of driver of motor vehicle/driver of other vehicle/cyclist/pedestrian/passenger,Four lanes or more with central divider,Straight road,,Fine,Unknown Bike No,A.M.B& P.V,Grevious,0
20.07.2017,8:06 AM,1199.2,RHS,Rural,Martur,Head on collision, Bike hit Bike,Bike,Minor injury,Fault of driver of motor vehicle/driver of other vehicle/cyclist/pedestrian/passenger,Four lanes or more with central divider,Straight road,,Fine,Unknown Bike No,A.M.B& P.V,Minor,1
20.07.2017,8:06 AM,1199.2,RHS,Rural,Martur,Head on collision, Bike hit Bike,Bike,Minor injury,Fault of driver of motor vehicle/driver of other vehicle/cyclist/pedestrian/passenger,Four lanes or more with central divider,Straight road,,Fine,Unknown Bike No,A.M.B& P.V,Non injured ,0
20.07.2017,8:06 AM,1199.2,RHS,Rural,Martur,Head on collision, Bike hit Bike,Bike,Minor injury,Fault of driver of motor vehicle/driver of other vehicle/cyclist/pedestrian/passenger,Four lanes or more with central divider,Straight road,,Fine,Unknown Bike No,A.M.B& P.V,Animals affected,0
20.07.2017,9:30 PM,1332.1,LHS,Rural,K.Tippa ,Skidding, Bike skidding,Bike,Minor injury,Druken,Four lanes or more with central divider,Straight road,,Fine,AP27BH 5913,A.M.B& P.V,Fatal,0
20.07.2017,9:30 PM,1332.1,LHS,Rural,K.Tippa ,Skidding, Bike skidding,Bike,Minor injury,Druken,Four lanes or more with central divider,Straight road,,Fine,AP27BH 5913,A.M.B& P.V,Grevious,0
20.07.2017,9:30 PM,1332.1,LHS,Rural,K.Tippa ,Skidding, Bike skidding,Bike,Minor injury,Druken,Four lanes or more with central divider,Straight road,,Fine,AP27BH 5913,A.M.B& P.V,Minor,1
20.07.2017,9:30 PM,1332.1,LHS,Rural,K.Tippa ,Skidding, Bike skidding,Bike,Minor injury,Druken,Four lanes or more with central divider,Straight road,,Fine,AP27BH 5913,A.M.B& P.V,Non injured ,0
20.07.2017,9:30 PM,1332.1,LHS,Rural,K.Tippa ,Skidding, Bike skidding,Bike,Minor injury,Druken,Four lanes or more with central divider,Straight road,,Fine,AP27BH 5913,A.M.B& P.V,Animals affected,0
21.07.2017,12:20 AM,1334.5,RHS,Rural,K.Tippa ,Collision Brush/Side Wipe, Car hit VUP safety wall,Car,Non injury,Over speed,Four lanes or more with central divider,Straight road,,Fine,TN10AV 2631,P.V,Fatal,0
21.07.2017,12:20 AM,1334.5,RHS,Rural,K.Tippa ,Collision Brush/Side Wipe, Car hit VUP safety wall,Car,Non injury,Over speed,Four lanes or more with central divider,Straight road,,Fine,TN10AV 2631,P.V,Grevious,0
21.07.2017,12:20 AM,1334.5,RHS,Rural,K.Tippa ,Collision Brush/Side Wipe, Car hit VUP safety wall,Car,Non injury,Over speed,Four lanes or more with central divider,Straight road,,Fine,TN10AV 2631,P.V,Minor,0
21.07.2017,12:20 AM,1334.5,RHS,Rural,K.Tippa ,Collision Brush/Side Wipe, Car hit VUP safety wall,Car,Non injury,Over speed,Four lanes or more with central divider,Straight road,,Fine,TN10AV 2631,P.V,Non injured ,2
21.07.2017,12:20 AM,1334.5,RHS,Rural,K.Tippa ,Collision Brush/Side Wipe, Car hit VUP safety wall,Car,Non injury,Over speed,Four lanes or more with central divider,Straight road,,Fine,TN10AV 2631,P.V,Animals affected,0
21.07.2017,5:00 AM,1269,LHS,Rural,Jarugumalli,Collision Brush/Side Wipe, Lorry hit CC Barriers,Lorry,Non injury,Fault of driver of motor vehicle/driver of other vehicle/cyclist/pedestrian/passenger,Four lanes or more with central divider,Straight road,,Fine,PB02BV 9860,P.V,Fatal,0
21.07.2017,5:00 AM,1269,LHS,Rural,Jarugumalli,Collision Brush/Side Wipe, Lorry hit CC Barriers,Lorry,Non injury,Fault of driver of motor vehicle/driver of other vehicle/cyclist/pedestrian/passenger,Four lanes or more with central divider,Straight road,,Fine,PB02BV 9860,P.V,Grevious,0
21.07.2017,5:00 AM,1269,LHS,Rural,Jarugumalli,Collision Brush/Side Wipe, Lorry hit CC Barriers,Lorry,Non injury,Fault of driver of motor vehicle/driver of other vehicle/cyclist/pedestrian/passenger,Four lanes or more with central divider,Straight road,,Fine,PB02BV 9860,P.V,Minor,0
21.07.2017,5:00 AM,1269,LHS,Rural,Jarugumalli,Collision Brush/Side Wipe, Lorry hit CC Barriers,Lorry,Non injury,Fault of driver of motor vehicle/driver of other vehicle/cyclist/pedestrian/passenger,Four lanes or more with central divider,Straight road,,Fine,PB02BV 9860,P.V,Non injured ,1
21.07.2017,5:00 AM,1269,LHS,Rural,Jarugumalli,Collision Brush/Side Wipe, Lorry hit CC Barriers,Lorry,Non injury,Fault of driver of motor vehicle/driver of other vehicle/cyclist/pedestrian/passenger,Four lanes or more with central divider,Straight road,,Fine,PB02BV 9860,P.V,Animals affected,0
21.07.2017,6:15 AM,1219.1,RHS,Rural,Medarametla,Overturning, Car hit median and Overturned,Car,Non injury,Over speed,Four lanes or more with central divider,Slight curve,,Fine,AP04BE 2903,P.V,Fatal,0
21.07.2017,6:15 AM,1219.1,RHS,Rural,Medarametla,Overturning, Car hit median and Overturned,Car,Non injury,Over speed,Four lanes or more with central divider,Slight curve,,Fine,AP04BE 2903,P.V,Grevious,0
21.07.2017,6:15 AM,1219.1,RHS,Rural,Medarametla,Overturning, Car hit median and Overturned,Car,Non injury,Over speed,Four lanes or more with central divider,Slight curve,,Fine,AP04BE 2903,P.V,Minor,0
21.07.2017,6:15 AM,1219.1,RHS,Rural,Medarametla,Overturning, Car hit median and Overturned,Car,Non injury,Over speed,Four lanes or more with central divider,Slight curve,,Fine,AP04BE 2903,P.V,Non injured ,2