Operational date,Time of Accident,KM && M,Position,Rural/Urban,Location,Nature of Accident Position,Nature of Accident,Vehicle Involved,Type of Accident,Causes,Road Feature,Road condition,Intersection Type And Control,Weather Condition,Vehicle Responsible,Help Provided by Ambulance/Patroling Vehicle,Classification of Accident,No of Affected Persons
21.07.2017,6:15 AM,1219.1,RHS,Rural,Medarametla,Overturning, Car hit median and Overturned,Car,Non injury,Over speed,Four lanes or more with central divider,Slight curve,,Fine,AP04BE 2903,P.V,Animals affected,0
21.07.2017,12:00 PM,1225.6,RHS,Rural,Maddipadu,Rear End Collision, Eicher Vehicle hit Water Tanker,Eicher,Minor injury,Fault of driver of motor vehicle/driver of other vehicle/cyclist/pedestrian/passenger,Four lanes or more with central divider,Straight road,,Fine,AP15TB 5501,P.V,Fatal,0
21.07.2017,12:00 PM,1225.6,RHS,Rural,Maddipadu,Rear End Collision, Eicher Vehicle hit Water Tanker,Eicher,Minor injury,Fault of driver of motor vehicle/driver of other vehicle/cyclist/pedestrian/passenger,Four lanes or more with central divider,Straight road,,Fine,AP15TB 5501,P.V,Grevious,0
21.07.2017,12:00 PM,1225.6,RHS,Rural,Maddipadu,Rear End Collision, Eicher Vehicle hit Water Tanker,Eicher,Minor injury,Fault of driver of motor vehicle/driver of other vehicle/cyclist/pedestrian/passenger,Four lanes or more with central divider,Straight road,,Fine,AP15TB 5501,P.V,Minor,1
21.07.2017,12:00 PM,1225.6,RHS,Rural,Maddipadu,Rear End Collision, Eicher Vehicle hit Water Tanker,Eicher,Minor injury,Fault of driver of motor vehicle/driver of other vehicle/cyclist/pedestrian/passenger,Four lanes or more with central divider,Straight road,,Fine,AP15TB 5501,P.V,Non injured ,3
21.07.2017,12:00 PM,1225.6,RHS,Rural,Maddipadu,Rear End Collision, Eicher Vehicle hit Water Tanker,Eicher,Minor injury,Fault of driver of motor vehicle/driver of other vehicle/cyclist/pedestrian/passenger,Four lanes or more with central divider,Straight road,,Fine,AP15TB 5501,P.V,Animals affected,0
21.07.2017,4:05 PM,1205.1,LHS,Rural,Medarametla,Collision Brush/Side Wipe, Car hit VUP safety wall,Car,Grievious injury,Defect in mechanical condition of motor vehicle/road condition,Four lanes or more with central divider,Straight road,,Fine,AP04AT  7201,A.M.B&P.V,Fatal,0
21.07.2017,4:05 PM,1205.1,LHS,Rural,Medarametla,Collision Brush/Side Wipe, Car hit VUP safety wall,Car,Grievious injury,Defect in mechanical condition of motor vehicle/road condition,Four lanes or more with central divider,Straight road,,Fine,AP04AT  7201,A.M.B&P.V,Grevious,1
21.07.2017,4:05 PM,1205.1,LHS,Rural,Medarametla,Collision Brush/Side Wipe, Car hit VUP safety wall,Car,Grievious injury,Defect in mechanical condition of motor vehicle/road condition,Four lanes or more with central divider,Straight road,,Fine,AP04AT  7201,A.M.B&P.V,Minor,1
21.07.2017,4:05 PM,1205.1,LHS,Rural,Medarametla,Collision Brush/Side Wipe, Car hit VUP safety wall,Car,Grievious injury,Defect in mechanical condition of motor vehicle/road condition,Four lanes or more with central divider,Straight road,,Fine,AP04AT  7201,A.M.B&P.V,Non injured ,1
21.07.2017,4:05 PM,1205.1,LHS,Rural,Medarametla,Collision Brush/Side Wipe, Car hit VUP safety wall,Car,Grievious injury,Defect in mechanical condition of motor vehicle/road condition,Four lanes or more with central divider,Straight road,,Fine,AP04AT  7201,A.M.B&P.V,Animals affected,0
21.07.2017,9:50 PM,1325.4,LHS,Rural,Kavali,Rear End Collision, Tata Ace vehicle hit Median and Overtur,Tata Ace,Minor injury,Over speed,Four lanes or more with central divider,Straight road,,Fine,AP27TY 5132,A.M.B&P.V,Fatal,0
21.07.2017,9:50 PM,1325.4,LHS,Rural,Kavali,Rear End Collision, Tata Ace vehicle hit Median and Overtur,Tata Ace,Minor injury,Over speed,Four lanes or more with central divider,Straight road,,Fine,AP27TY 5132,A.M.B&P.V,Grevious,0
21.07.2017,9:50 PM,1325.4,LHS,Rural,Kavali,Rear End Collision, Tata Ace vehicle hit Median and Overtur,Tata Ace,Minor injury,Over speed,Four lanes or more with central divider,Straight road,,Fine,AP27TY 5132,A.M.B&P.V,Minor,2
21.07.2017,9:50 PM,1325.4,LHS,Rural,Kavali,Rear End Collision, Tata Ace vehicle hit Median and Overtur,Tata Ace,Minor injury,Over speed,Four lanes or more with central divider,Straight road,,Fine,AP27TY 5132,A.M.B&P.V,Non injured ,0
21.07.2017,9:50 PM,1325.4,LHS,Rural,Kavali,Rear End Collision, Tata Ace vehicle hit Median and Overtur,Tata Ace,Minor injury,Over speed,Four lanes or more with central divider,Straight road,,Fine,AP27TY 5132,A.M.B&P.V,Animals affected,0
22.07.2017,12:05 PM,1275.9,LHS,Rural,Singarayakonda,Rear End Collision, Scooty hit Pedestrian,Bike,Fatal,Fault of driver of motor vehicle/driver of other vehicle/cyclist/pedestrian/passenger,Four lanes or more with central divider,Straight road,,Fine,AP27AL 9491,A.M.B& P.V,Fatal,1
22.07.2017,12:05 PM,1275.9,LHS,Rural,Singarayakonda,Rear End Collision, Scooty hit Pedestrian,Bike,Fatal,Fault of driver of motor vehicle/driver of other vehicle/cyclist/pedestrian/passenger,Four lanes or more with central divider,Straight road,,Fine,AP27AL 9491,A.M.B& P.V,Grevious,0
22.07.2017,12:05 PM,1275.9,LHS,Rural,Singarayakonda,Rear End Collision, Scooty hit Pedestrian,Bike,Fatal,Fault of driver of motor vehicle/driver of other vehicle/cyclist/pedestrian/passenger,Four lanes or more with central divider,Straight road,,Fine,AP27AL 9491,A.M.B& P.V,Minor,2
22.07.2017,12:05 PM,1275.9,LHS,Rural,Singarayakonda,Rear End Collision, Scooty hit Pedestrian,Bike,Fatal,Fault of driver of motor vehicle/driver of other vehicle/cyclist/pedestrian/passenger,Four lanes or more with central divider,Straight road,,Fine,AP27AL 9491,A.M.B& P.V,Non injured ,0
22.07.2017,12:05 PM,1275.9,LHS,Rural,Singarayakonda,Rear End Collision, Scooty hit Pedestrian,Bike,Fatal,Fault of driver of motor vehicle/driver of other vehicle/cyclist/pedestrian/passenger,Four lanes or more with central divider,Straight road,,Fine,AP27AL 9491,A.M.B& P.V,Animals affected,0
22.07.2017,12:10 PM,1345.5,RHS,Rural,Dagadarthi,Collision Brush/Side Wipe, Lorry hit Car,Lorry,Non injury,Over speed,Four lanes or more with central divider,Straight road,,Fine,AP07TU  1035, P.V,Fatal,0
22.07.2017,12:10 PM,1345.5,RHS,Rural,Dagadarthi,Collision Brush/Side Wipe, Lorry hit Car,Lorry,Non injury,Over speed,Four lanes or more with central divider,Straight road,,Fine,AP07TU  1035, P.V,Grevious,0
22.07.2017,12:10 PM,1345.5,RHS,Rural,Dagadarthi,Collision Brush/Side Wipe, Lorry hit Car,Lorry,Non injury,Over speed,Four lanes or more with central divider,Straight road,,Fine,AP07TU  1035, P.V,Minor,0
22.07.2017,12:10 PM,1345.5,RHS,Rural,Dagadarthi,Collision Brush/Side Wipe, Lorry hit Car,Lorry,Non injury,Over speed,Four lanes or more with central divider,Straight road,,Fine,AP07TU  1035, P.V,Non injured ,4
22.07.2017,12:10 PM,1345.5,RHS,Rural,Dagadarthi,Collision Brush/Side Wipe, Lorry hit Car,Lorry,Non injury,Over speed,Four lanes or more with central divider,Straight road,,Fine,AP07TU  1035, P.V,Animals affected,0
23.07.2017,3:00 AM,1315.6,LHS,Rural,Kavali,Collision Brush/Side Wipe, Car hit to Lorry,Car,Minor injury,Fault of driver of motor vehicle/driver of other vehicle/cyclist/pedestrian/passenger,Four lanes or more with central divider,Straight road,,Fine,TN59AR  1166,P.V,Fatal,0
23.07.2017,3:00 AM,1315.6,LHS,Rural,Kavali,Collision Brush/Side Wipe, Car hit to Lorry,Car,Minor injury,Fault of driver of motor vehicle/driver of other vehicle/cyclist/pedestrian/passenger,Four lanes or more with central divider,Straight road,,Fine,TN59AR  1166,P.V,Grevious,0
23.07.2017,3:00 AM,1315.6,LHS,Rural,Kavali,Collision Brush/Side Wipe, Car hit to Lorry,Car,Minor injury,Fault of driver of motor vehicle/driver of other vehicle/cyclist/pedestrian/passenger,Four lanes or more with central divider,Straight road,,Fine,TN59AR  1166,P.V,Minor,1
23.07.2017,3:00 AM,1315.6,LHS,Rural,Kavali,Collision Brush/Side Wipe, Car hit to Lorry,Car,Minor injury,Fault of driver of motor vehicle/driver of other vehicle/cyclist/pedestrian/passenger,Four lanes or more with central divider,Straight road,,Fine,TN59AR  1166,P.V,Non injured ,3
23.07.2017,3:00 AM,1315.6,LHS,Rural,Kavali,Collision Brush/Side Wipe, Car hit to Lorry,Car,Minor injury,Fault of driver of motor vehicle/driver of other vehicle/cyclist/pedestrian/passenger,Four lanes or more with central divider,Straight road,,Fine,TN59AR  1166,P.V,Animals affected,0
23.07.2017,5:40 AM,1315.6,LHS,Rural,Kavali,Overturning, Lorry Overturned,Lorry,Minor injury,Fault of driver of motor vehicle/driver of other vehicle/cyclist/pedestrian/passenger,Four lanes or more with central divider,Straight road,,Fine,AP36X   3599,P.V,Fatal,0
23.07.2017,5:40 AM,1315.6,LHS,Rural,Kavali,Overturning, Lorry Overturned,Lorry,Minor injury,Fault of driver of motor vehicle/driver of other vehicle/cyclist/pedestrian/passenger,Four lanes or more with central divider,Straight road,,Fine,AP36X   3599,P.V,Grevious,0
23.07.2017,5:40 AM,1315.6,LHS,Rural,Kavali,Overturning, Lorry Overturned,Lorry,Minor injury,Fault of driver of motor vehicle/driver of other vehicle/cyclist/pedestrian/passenger,Four lanes or more with central divider,Straight road,,Fine,AP36X   3599,P.V,Minor,1
23.07.2017,5:40 AM,1315.6,LHS,Rural,Kavali,Overturning, Lorry Overturned,Lorry,Minor injury,Fault of driver of motor vehicle/driver of other vehicle/cyclist/pedestrian/passenger,Four lanes or more with central divider,Straight road,,Fine,AP36X   3599,P.V,Non injured ,1
23.07.2017,5:40 AM,1315.6,LHS,Rural,Kavali,Overturning, Lorry Overturned,Lorry,Minor injury,Fault of driver of motor vehicle/driver of other vehicle/cyclist/pedestrian/passenger,Four lanes or more with central divider,Straight road,,Fine,AP36X   3599,P.V,Animals affected,0
23.07.2017,5:15 AM,1232.4,LHS,Rural,Maddipadu,Rear End Collision, Lorry hit Lorry,Lorry,Minor injury,Fault of driver of motor vehicle/driver of other vehicle/cyclist/pedestrian/passenger,Four lanes or more with central divider,Straight road,,Fine,AP31TW 0079,P.V,Fatal,0
23.07.2017,5:15 AM,1232.4,LHS,Rural,Maddipadu,Rear End Collision, Lorry hit Lorry,Lorry,Minor injury,Fault of driver of motor vehicle/driver of other vehicle/cyclist/pedestrian/passenger,Four lanes or more with central divider,Straight road,,Fine,AP31TW 0079,P.V,Grevious,0
23.07.2017,5:15 AM,1232.4,LHS,Rural,Maddipadu,Rear End Collision, Lorry hit Lorry,Lorry,Minor injury,Fault of driver of motor vehicle/driver of other vehicle/cyclist/pedestrian/passenger,Four lanes or more with central divider,Straight road,,Fine,AP31TW 0079,P.V,Minor,1
23.07.2017,5:15 AM,1232.4,LHS,Rural,Maddipadu,Rear End Collision, Lorry hit Lorry,Lorry,Minor injury,Fault of driver of motor vehicle/driver of other vehicle/cyclist/pedestrian/passenger,Four lanes or more with central divider,Straight road,,Fine,AP31TW 0079,P.V,Non injured ,2
23.07.2017,5:15 AM,1232.4,LHS,Rural,Maddipadu,Rear End Collision, Lorry hit Lorry,Lorry,Minor injury,Fault of driver of motor vehicle/driver of other vehicle/cyclist/pedestrian/passenger,Four lanes or more with central divider,Straight road,,Fine,AP31TW 0079,P.V,Animals affected,0
24.07.2017,2:50 PM,1294.2,LHS,Rural,Ulavapadu,Collision Brush/Side Wipe, Car hit Tractor,Car,Grievious injury,Druken,Four lanes or more with central divider,Straight road,,Fine,TN07P   5959,P.V,Fatal,0
24.07.2017,2:50 PM,1294.2,LHS,Rural,Ulavapadu,Collision Brush/Side Wipe, Car hit Tractor,Car,Grievious injury,Druken,Four lanes or more with central divider,Straight road,,Fine,TN07P   5959,P.V,Grevious,1
24.07.2017,2:50 PM,1294.2,LHS,Rural,Ulavapadu,Collision Brush/Side Wipe, Car hit Tractor,Car,Grievious injury,Druken,Four lanes or more with central divider,Straight road,,Fine,TN07P   5959,P.V,Minor,0
24.07.2017,2:50 PM,1294.2,LHS,Rural,Ulavapadu,Collision Brush/Side Wipe, Car hit Tractor,Car,Grievious injury,Druken,Four lanes or more with central divider,Straight road,,Fine,TN07P   5959,P.V,Non injured ,1
24.07.2017,2:50 PM,1294.2,LHS,Rural,Ulavapadu,Collision Brush/Side Wipe, Car hit Tractor,Car,Grievious injury,Druken,Four lanes or more with central divider,Straight road,,Fine,TN07P   5959,P.V,Animals affected,0
25.07.2017,3:35 AM,1306.1,RHS,Rural,Gudluru,Rear End Collision, Lorry hit Tanker,Lorry,Grievious injury,Over speed,Four lanes or more with central divider,Straight road,,Fine,AP16TD   4356,P.V,Fatal,0
25.07.2017,3:35 AM,1306.1,RHS,Rural,Gudluru,Rear End Collision, Lorry hit Tanker,Lorry,Grievious injury,Over speed,Four lanes or more with central divider,Straight road,,Fine,AP16TD   4356,P.V,Grevious,1
25.07.2017,3:35 AM,1306.1,RHS,Rural,Gudluru,Rear End Collision, Lorry hit Tanker,Lorry,Grievious injury,Over speed,Four lanes or more with central divider,Straight road,,Fine,AP16TD   4356,P.V,Minor,0
25.07.2017,3:35 AM,1306.1,RHS,Rural,Gudluru,Rear End Collision, Lorry hit Tanker,Lorry,Grievious injury,Over speed,Four lanes or more with central divider,Straight road,,Fine,AP16TD   4356,P.V,Non injured ,2
25.07.2017,3:35 AM,1306.1,RHS,Rural,Gudluru,Rear End Collision, Lorry hit Tanker,Lorry,Grievious injury,Over speed,Four lanes or more with central divider,Straight road,,Fine,AP16TD   4356,P.V,Animals affected,0
25.07.2017,11:19 PM,1330.8,LHS,Rural,Kavali,Rear End Collision, Lorry hit Unknown vehicle,Lorry,Non injury,Over speed,Four lanes or more with central divider,Straight road,,Fine,TS01UB   1241,P.V,Fatal,0
25.07.2017,11:19 PM,1330.8,LHS,Rural,Kavali,Rear End Collision, Lorry hit Unknown vehicle,Lorry,Non injury,Over speed,Four lanes or more with central divider,Straight road,,Fine,TS01UB   1241,P.V,Grevious,0
25.07.2017,11:19 PM,1330.8,LHS,Rural,Kavali,Rear End Collision, Lorry hit Unknown vehicle,Lorry,Non injury,Over speed,Four lanes or more with central divider,Straight road,,Fine,TS01UB   1241,P.V,Minor,0
25.07.2017,11:19 PM,1330.8,LHS,Rural,Kavali,Rear End Collision, Lorry hit Unknown vehicle,Lorry,Non injury,Over speed,Four lanes or more with central divider,Straight road,,Fine,TS01UB   1241,P.V,Non injured ,1
25.07.2017,11:19 PM,1330.8,LHS,Rural,Kavali,Rear End Collision, Lorry hit Unknown vehicle,Lorry,Non injury,Over speed,Four lanes or more with central divider,Straight road,,Fine,TS01UB   1241,P.V,Animals affected,0
26.07.2017,12:40 AM,1283.2,RHS,Rural,Ulavapadu,Overturning, Lorry overturned   towards ROW,Lorry,Minor injury,Fault of driver of motor vehicle/driver of other vehicle/cyclist/pedestrian/passenger,Four lanes or more with central divider,Straight road,,Fine,AP27TY   1647,P.V,Fatal,0
26.07.2017,12:40 AM,1283.2,RHS,Rural,Ulavapadu,Overturning, Lorry overturned   towards ROW,Lorry,Minor injury,Fault of driver of motor vehicle/driver of other vehicle/cyclist/pedestrian/passenger,Four lanes or more with central divider,Straight road,,Fine,AP27TY   1647,P.V,Grevious,0
26.07.2017,12:40 AM,1283.2,RHS,Rural,Ulavapadu,Overturning, Lorry overturned   towards ROW,Lorry,Minor injury,Fault of driver of motor vehicle/driver of other vehicle/cyclist/pedestrian/passenger,Four lanes or more with central divider,Straight road,,Fine,AP27TY   1647,P.V,Minor,2
26.07.2017,12:40 AM,1283.2,RHS,Rural,Ulavapadu,Overturning, Lorry overturned   towards ROW,Lorry,Minor injury,Fault of driver of motor vehicle/driver of other vehicle/cyclist/pedestrian/passenger,Four lanes or more with central divider,Straight road,,Fine,AP27TY   1647,P.V,Non injured ,0
26.07.2017,12:40 AM,1283.2,RHS,Rural,Ulavapadu,Overturning, Lorry overturned   towards ROW,Lorry,Minor injury,Fault of driver of motor vehicle/driver of other vehicle/cyclist/pedestrian/passenger,Four lanes or more with central divider,Straight road,,Fine,AP27TY   1647,P.V,Animals affected,0
27.07.2017,4:45 AM,1285.3,RHS,Rural,Ulavapadu,Collision Brush/Side Wipe, Lorry hit Containeer Vehicle,Lorry,Non injury,Fault of driver of motor vehicle/driver of other vehicle/cyclist/pedestrian/passenger,Four lanes or more with central divider,Straight road,,Fine,AP36X  4159, P.V,Fatal,0
27.07.2017,4:45 AM,1285.3,RHS,Rural,Ulavapadu,Collision Brush/Side Wipe, Lorry hit Containeer Vehicle,Lorry,Non injury,Fault of driver of motor vehicle/driver of other vehicle/cyclist/pedestrian/passenger,Four lanes or more with central divider,Straight road,,Fine,AP36X  4159, P.V,Grevious,0
27.07.2017,4:45 AM,1285.3,RHS,Rural,Ulavapadu,Collision Brush/Side Wipe, Lorry hit Containeer Vehicle,Lorry,Non injury,Fault of driver of motor vehicle/driver of other vehicle/cyclist/pedestrian/passenger,Four lanes or more with central divider,Straight road,,Fine,AP36X  4159, P.V,Minor,0
27.07.2017,4:45 AM,1285.3,RHS,Rural,Ulavapadu,Collision Brush/Side Wipe, Lorry hit Containeer Vehicle,Lorry,Non injury,Fault of driver of motor vehicle/driver of other vehicle/cyclist/pedestrian/passenger,Four lanes or more with central divider,Straight road,,Fine,AP36X  4159, P.V,Non injured ,2
27.07.2017,4:45 AM,1285.3,RHS,Rural,Ulavapadu,Collision Brush/Side Wipe, Lorry hit Containeer Vehicle,Lorry,Non injury,Fault of driver of motor vehicle/driver of other vehicle/cyclist/pedestrian/passenger,Four lanes or more with central divider,Straight road,,Fine,AP36X  4159, P.V,Animals affected,0
28.07.2017,5:40 PM,1268.2,RHS,Rural,Jarugumalli,Collision Brush/Side Wipe, Car hit Bike and long container vehicle,Car,Fatal,Fault of driver of motor vehicle/driver of other vehicle/cyclist/pedestrian/passenger,Four lanes or more with central divider,Straight road,T-Junction,Fine,AP26WT/R  2932,A.M.B & P.V,Fatal,1
28.07.2017,5:40 PM,1268.2,RHS,Rural,Jarugumalli,Collision Brush/Side Wipe, Car hit Bike and long container vehicle,Car,Fatal,Fault of driver of motor vehicle/driver of other vehicle/cyclist/pedestrian/passenger,Four lanes or more with central divider,Straight road,T-Junction,Fine,AP26WT/R  2932,A.M.B & P.V,Grevious,3
28.07.2017,5:40 PM,1268.2,RHS,Rural,Jarugumalli,Collision Brush/Side Wipe, Car hit Bike and long container vehicle,Car,Fatal,Fault of driver of motor vehicle/driver of other vehicle/cyclist/pedestrian/passenger,Four lanes or more with central divider,Straight road,T-Junction,Fine,AP26WT/R  2932,A.M.B & P.V,Minor,3
28.07.2017,5:40 PM,1268.2,RHS,Rural,Jarugumalli,Collision Brush/Side Wipe, Car hit Bike and long container vehicle,Car,Fatal,Fault of driver of motor vehicle/driver of other vehicle/cyclist/pedestrian/passenger,Four lanes or more with central divider,Straight road,T-Junction,Fine,AP26WT/R  2932,A.M.B & P.V,Non injured ,0
28.07.2017,5:40 PM,1268.2,RHS,Rural,Jarugumalli,Collision Brush/Side Wipe, Car hit Bike and long container vehicle,Car,Fatal,Fault of driver of motor vehicle/driver of other vehicle/cyclist/pedestrian/passenger,Four lanes or more with central divider,Straight road,T-Junction,Fine,AP26WT/R  2932,A.M.B & P.V,Animals affected,0
29.07.2017,5:30 AM,1203.9,RHS,Rural,Reningavaram,Rear End Collision, Car hit  Mini Truck ,Car,Grievious injury,Fault of driver of motor vehicle/driver of other vehicle/cyclist/pedestrian/passenger,Four lanes or more with central divider,Straight road,,Fine,AP07CV 4144,P.V&A.M.B,Fatal,0
29.07.2017,5:30 AM,1203.9,RHS,Rural,Reningavaram,Rear End Collision, Car hit  Mini Truck ,Car,Grievious injury,Fault of driver of motor vehicle/driver of other vehicle/cyclist/pedestrian/passenger,Four lanes or more with central divider,Straight road,,Fine,AP07CV 4144,P.V&A.M.B,Grevious,4
29.07.2017,5:30 AM,1203.9,RHS,Rural,Reningavaram,Rear End Collision, Car hit  Mini Truck ,Car,Grievious injury,Fault of driver of motor vehicle/driver of other vehicle/cyclist/pedestrian/passenger,Four lanes or more with central divider,Straight road,,Fine,AP07CV 4144,P.V&A.M.B,Minor,1
29.07.2017,5:30 AM,1203.9,RHS,Rural,Reningavaram,Rear End Collision, Car hit  Mini Truck ,Car,Grievious injury,Fault of driver of motor vehicle/driver of other vehicle/cyclist/pedestrian/passenger,Four lanes or more with central divider,Straight road,,Fine,AP07CV 4144,P.V&A.M.B,Non injured ,9
29.07.2017,5:30 AM,1203.9,RHS,Rural,Reningavaram,Rear End Collision, Car hit  Mini Truck ,Car,Grievious injury,Fault of driver of motor vehicle/driver of other vehicle/cyclist/pedestrian/passenger,Four lanes or more with central divider,Straight road,,Fine,AP07CV 4144,P.V&A.M.B,Animals affected,0
29.07.2017,7:45 PM,1232.5,RHS,Rural,Maddipadu,Collision Brush/Side Wipe, Containeer Vehicle hit Pedestrian,Container,Minor injury,Fault of driver of motor vehicle/driver of other vehicle/cyclist/pedestrian/passenger,Four lanes or more with central divider,Straight road,Four arm junction,Fine,NL01N   5674, P.V,Fatal,0
29.07.2017,7:45 PM,1232.5,RHS,Rural,Maddipadu,Collision Brush/Side Wipe, Containeer Vehicle hit Pedestrian,Container,Minor injury,Fault of driver of motor vehicle/driver of other vehicle/cyclist/pedestrian/passenger,Four lanes or more with central divider,Straight road,Four arm junction,Fine,NL01N   5674, P.V,Grevious,0
29.07.2017,7:45 PM,1232.5,RHS,Rural,Maddipadu,Collision Brush/Side Wipe, Containeer Vehicle hit Pedestrian,Container,Minor injury,Fault of driver of motor vehicle/driver of other vehicle/cyclist/pedestrian/passenger,Four lanes or more with central divider,Straight road,Four arm junction,Fine,NL01N   5674, P.V,Minor,1
29.07.2017,7:45 PM,1232.5,RHS,Rural,Maddipadu,Collision Brush/Side Wipe, Containeer Vehicle hit Pedestrian,Container,Minor injury,Fault of driver of motor vehicle/driver of other vehicle/cyclist/pedestrian/passenger,Four lanes or more with central divider,Straight road,Four arm junction,Fine,NL01N   5674, P.V,Non injured ,1
29.07.2017,7:45 PM,1232.5,RHS,Rural,Maddipadu,Collision Brush/Side Wipe, Containeer Vehicle hit Pedestrian,Container,Minor injury,Fault of driver of motor vehicle/driver of other vehicle/cyclist/pedestrian/passenger,Four lanes or more with central divider,Straight road,Four arm junction,Fine,NL01N   5674, P.V,Animals affected,0
30.07.2017,1:45 AM,1225,LHS,Rural,Maddipadu,Rear End Collision, Car hit Lorry,Car,Non injury,Over speed,Four lanes or more with central divider,Straight road,,Fine,AP10AD 6283, P.V,Fatal,0
30.07.2017,1:45 AM,1225,LHS,Rural,Maddipadu,Rear End Collision, Car hit Lorry,Car,Non injury,Over speed,Four lanes or more with central divider,Straight road,,Fine,AP10AD 6283, P.V,Grevious,0
30.07.2017,1:45 AM,1225,LHS,Rural,Maddipadu,Rear End Collision, Car hit Lorry,Car,Non injury,Over speed,Four lanes or more with central divider,Straight road,,Fine,AP10AD 6283, P.V,Minor,0
30.07.2017,1:45 AM,1225,LHS,Rural,Maddipadu,Rear End Collision, Car hit Lorry,Car,Non injury,Over speed,Four lanes or more with central divider,Straight road,,Fine,AP10AD 6283, P.V,Non injured ,3
30.07.2017,1:45 AM,1225,LHS,Rural,Maddipadu,Rear End Collision, Car hit Lorry,Car,Non injury,Over speed,Four lanes or more with central divider,Straight road,,Fine,AP10AD 6283, P.V,Animals affected,0
01.08.2017,9:50 AM,1198.3,LHS,Rural,Martur,Head on collision, Bike hit Bike,Bike,Minor injury,Fault of driver of motor vehicle/driver of other vehicle/cyclist/pedestrian/passenger,Four lanes or more with central divider,Straight road,,Fine,AP07BF  9163,A.M.B & P.V,Fatal,0
01.08.2017,9:50 AM,1198.3,LHS,Rural,Martur,Head on collision, Bike hit Bike,Bike,Minor injury,Fault of driver of motor vehicle/driver of other vehicle/cyclist/pedestrian/passenger,Four lanes or more with central divider,Straight road,,Fine,AP07BF  9163,A.M.B & P.V,Grevious,0
01.08.2017,9:50 AM,1198.3,LHS,Rural,Martur,Head on collision, Bike hit Bike,Bike,Minor injury,Fault of driver of motor vehicle/driver of other vehicle/cyclist/pedestrian/passenger,Four lanes or more with central divider,Straight road,,Fine,AP07BF  9163,A.M.B & P.V,Minor,2
01.08.2017,9:50 AM,1198.3,LHS,Rural,Martur,Head on collision, Bike hit Bike,Bike,Minor injury,Fault of driver of motor vehicle/driver of other vehicle/cyclist/pedestrian/passenger,Four lanes or more with central divider,Straight road,,Fine,AP07BF  9163,A.M.B & P.V,Non injured ,0
01.08.2017,9:50 AM,1198.3,LHS,Rural,Martur,Head on collision, Bike hit Bike,Bike,Minor injury,Fault of driver of motor vehicle/driver of other vehicle/cyclist/pedestrian/passenger,Four lanes or more with central divider,Straight road,,Fine,AP07BF  9163,A.M.B & P.V,Animals affected,0
02.08.2017,1:33 AM,1306.1,RHS,Rural,Gudluru,Rear End Collision, Long Trailer Vehicle hit Oil Tanker,Lorry,Non injury,Fault of driver of motor vehicle/driver of other vehicle/cyclist/pedestrian/passenger,Four lanes or more with central divider,Straight road,,Fine,AP27TW 9779,P.V,Fatal,0
02.08.2017,1:33 AM,1306.1,RHS,Rural,Gudluru,Rear End Collision, Long Trailer Vehicle hit Oil Tanker,Lorry,Non injury,Fault of driver of motor vehicle/driver of other vehicle/cyclist/pedestrian/passenger,Four lanes or more with central divider,Straight road,,Fine,AP27TW 9779,P.V,Grevious,0
02.08.2017,1:33 AM,1306.1,RHS,Rural,Gudluru,Rear End Collision, Long Trailer Vehicle hit Oil Tanker,Lorry,Non injury,Fault of driver of motor vehicle/driver of other vehicle/cyclist/pedestrian/passenger,Four lanes or more with central divider,Straight road,,Fine,AP27TW 9779,P.V,Minor,0
02.08.2017,1:33 AM,1306.1,RHS,Rural,Gudluru,Rear End Collision, Long Trailer Vehicle hit Oil Tanker,Lorry,Non injury,Fault of driver of motor vehicle/driver of other vehicle/cyclist/pedestrian/passenger,Four lanes or more with central divider,Straight road,,Fine,AP27TW 9779,P.V,Non injured ,2
02.08.2017,1:33 AM,1306.1,RHS,Rural,Gudluru,Rear End Collision, Long Trailer Vehicle hit Oil Tanker,Lorry,Non injury,Fault of driver of motor vehicle/driver of other vehicle/cyclist/pedestrian/passenger,Four lanes or more with central divider,Straight road,,Fine,AP27TW 9779,P.V,Animals affected,0
02.08.2017,3:20 AM,1287.6,RHS,Rural,Ulavapadu,Overturning, Lorry hit Median and Overturned,Lorry,Non injury,Fault of driver of motor vehicle/driver of other vehicle/cyclist/pedestrian/passenger,Four lanes or more with central divider,Slight curve,,Fine,WB33C   4596,P.V,Fatal,0
02.08.2017,3:20 AM,1287.6,RHS,Rural,Ulavapadu,Overturning, Lorry hit Median and Overturned,Lorry,Non injury,Fault of driver of motor vehicle/driver of other vehicle/cyclist/pedestrian/passenger,Four lanes or more with central divider,Slight curve,,Fine,WB33C   4596,P.V,Grevious,0
02.08.2017,3:20 AM,1287.6,RHS,Rural,Ulavapadu,Overturning, Lorry hit Median and Overturned,Lorry,Non injury,Fault of driver of motor vehicle/driver of other vehicle/cyclist/pedestrian/passenger,Four lanes or more with central divider,Slight curve,,Fine,WB33C   4596,P.V,Minor,0