Operational date,Time of Accident,KM && M,Position,Rural/Urban,Location,Nature of Accident Position,Nature of Accident,Vehicle Involved,Type of Accident,Causes,Road Feature,Road condition,Intersection Type And Control,Weather Condition,Vehicle Responsible,Help Provided by Ambulance/Patroling Vehicle,Classification of Accident,No of Affected Persons
02.08.2017,3:20 AM,1287.6,RHS,Rural,Ulavapadu,Overturning, Lorry hit Median and Overturned,Lorry,Non injury,Fault of driver of motor vehicle/driver of other vehicle/cyclist/pedestrian/passenger,Four lanes or more with central divider,Slight curve,,Fine,WB33C   4596,P.V,Non injured ,1
02.08.2017,3:20 AM,1287.6,RHS,Rural,Ulavapadu,Overturning, Lorry hit Median and Overturned,Lorry,Non injury,Fault of driver of motor vehicle/driver of other vehicle/cyclist/pedestrian/passenger,Four lanes or more with central divider,Slight curve,,Fine,WB33C   4596,P.V,Animals affected,0
02.08.2017,10:50 PM,1235.9,RHS,Rural,Maddipadu,Overturning, Car Overturned,Car,Fatal,Fault of driver of motor vehicle/driver of other vehicle/cyclist/pedestrian/passenger,Four lanes or more with central divider,Straight road,,Fine,AP24AM 6066,P.V,Fatal,1
02.08.2017,10:50 PM,1235.9,RHS,Rural,Maddipadu,Overturning, Car Overturned,Car,Fatal,Fault of driver of motor vehicle/driver of other vehicle/cyclist/pedestrian/passenger,Four lanes or more with central divider,Straight road,,Fine,AP24AM 6066,P.V,Grevious,1
02.08.2017,10:50 PM,1235.9,RHS,Rural,Maddipadu,Overturning, Car Overturned,Car,Fatal,Fault of driver of motor vehicle/driver of other vehicle/cyclist/pedestrian/passenger,Four lanes or more with central divider,Straight road,,Fine,AP24AM 6066,P.V,Minor,3
02.08.2017,10:50 PM,1235.9,RHS,Rural,Maddipadu,Overturning, Car Overturned,Car,Fatal,Fault of driver of motor vehicle/driver of other vehicle/cyclist/pedestrian/passenger,Four lanes or more with central divider,Straight road,,Fine,AP24AM 6066,P.V,Non injured ,0
02.08.2017,10:50 PM,1235.9,RHS,Rural,Maddipadu,Overturning, Car Overturned,Car,Fatal,Fault of driver of motor vehicle/driver of other vehicle/cyclist/pedestrian/passenger,Four lanes or more with central divider,Straight road,,Fine,AP24AM 6066,P.V,Animals affected,0
03.08.2017,4:30 AM,1220.3,RHS,Rural,Medarametla,Rear End Collision, Containeer Vehicle hit Unknown vehicle,Container,Non injury,Fault of driver of motor vehicle/driver of other vehicle/cyclist/pedestrian/passenger,Four lanes or more with central divider,Straight road,,Fine,TN03U  9340,P.V,Fatal,0
03.08.2017,4:30 AM,1220.3,RHS,Rural,Medarametla,Rear End Collision, Containeer Vehicle hit Unknown vehicle,Container,Non injury,Fault of driver of motor vehicle/driver of other vehicle/cyclist/pedestrian/passenger,Four lanes or more with central divider,Straight road,,Fine,TN03U  9340,P.V,Grevious,0
03.08.2017,4:30 AM,1220.3,RHS,Rural,Medarametla,Rear End Collision, Containeer Vehicle hit Unknown vehicle,Container,Non injury,Fault of driver of motor vehicle/driver of other vehicle/cyclist/pedestrian/passenger,Four lanes or more with central divider,Straight road,,Fine,TN03U  9340,P.V,Minor,0
03.08.2017,4:30 AM,1220.3,RHS,Rural,Medarametla,Rear End Collision, Containeer Vehicle hit Unknown vehicle,Container,Non injury,Fault of driver of motor vehicle/driver of other vehicle/cyclist/pedestrian/passenger,Four lanes or more with central divider,Straight road,,Fine,TN03U  9340,P.V,Non injured ,1
03.08.2017,4:30 AM,1220.3,RHS,Rural,Medarametla,Rear End Collision, Containeer Vehicle hit Unknown vehicle,Container,Non injury,Fault of driver of motor vehicle/driver of other vehicle/cyclist/pedestrian/passenger,Four lanes or more with central divider,Straight road,,Fine,TN03U  9340,P.V,Animals affected,0
03.08.2017,12:15 PM,1251.5,LHS,Rural,Ongole,Collision Brush/Side Wipe, Auto hit CC Barrier,Auto,Grievious injury,Fault of driver of motor vehicle/driver of other vehicle/cyclist/pedestrian/passenger,Two lanes,Slight curve,,Fine,AP27TW 5177,A.M.B & P.V,Fatal,0
03.08.2017,12:15 PM,1251.5,LHS,Rural,Ongole,Collision Brush/Side Wipe, Auto hit CC Barrier,Auto,Grievious injury,Fault of driver of motor vehicle/driver of other vehicle/cyclist/pedestrian/passenger,Two lanes,Slight curve,,Fine,AP27TW 5177,A.M.B & P.V,Grevious,1
03.08.2017,12:15 PM,1251.5,LHS,Rural,Ongole,Collision Brush/Side Wipe, Auto hit CC Barrier,Auto,Grievious injury,Fault of driver of motor vehicle/driver of other vehicle/cyclist/pedestrian/passenger,Two lanes,Slight curve,,Fine,AP27TW 5177,A.M.B & P.V,Minor,2
03.08.2017,12:15 PM,1251.5,LHS,Rural,Ongole,Collision Brush/Side Wipe, Auto hit CC Barrier,Auto,Grievious injury,Fault of driver of motor vehicle/driver of other vehicle/cyclist/pedestrian/passenger,Two lanes,Slight curve,,Fine,AP27TW 5177,A.M.B & P.V,Non injured ,7
03.08.2017,12:15 PM,1251.5,LHS,Rural,Ongole,Collision Brush/Side Wipe, Auto hit CC Barrier,Auto,Grievious injury,Fault of driver of motor vehicle/driver of other vehicle/cyclist/pedestrian/passenger,Two lanes,Slight curve,,Fine,AP27TW 5177,A.M.B & P.V,Animals affected,0
04.08.2017,12:10 AM,1226.5,LHS,Rural,Maddipadu,Skidding, Bike Skidding ,Bike,Minor injury,Druken,Four lanes or more with central divider,Straight road,,Fine,AP26BN 9584,P.V,Fatal,0
04.08.2017,12:10 AM,1226.5,LHS,Rural,Maddipadu,Skidding, Bike Skidding ,Bike,Minor injury,Druken,Four lanes or more with central divider,Straight road,,Fine,AP26BN 9584,P.V,Grevious,0
04.08.2017,12:10 AM,1226.5,LHS,Rural,Maddipadu,Skidding, Bike Skidding ,Bike,Minor injury,Druken,Four lanes or more with central divider,Straight road,,Fine,AP26BN 9584,P.V,Minor,1
04.08.2017,12:10 AM,1226.5,LHS,Rural,Maddipadu,Skidding, Bike Skidding ,Bike,Minor injury,Druken,Four lanes or more with central divider,Straight road,,Fine,AP26BN 9584,P.V,Non injured ,0
04.08.2017,12:10 AM,1226.5,LHS,Rural,Maddipadu,Skidding, Bike Skidding ,Bike,Minor injury,Druken,Four lanes or more with central divider,Straight road,,Fine,AP26BN 9584,P.V,Animals affected,0
04.08.2017,4:30 AM,1280.7,RHS,Rural,Singarayakonda,Rear End Collision, Travels Bus hit unknown vehicle ,Bus,Non injury,Over speed,Four lanes or more with central divider,Straight road,,Fine,AP31CB 6668,P.V,Fatal,0
04.08.2017,4:30 AM,1280.7,RHS,Rural,Singarayakonda,Rear End Collision, Travels Bus hit unknown vehicle ,Bus,Non injury,Over speed,Four lanes or more with central divider,Straight road,,Fine,AP31CB 6668,P.V,Grevious,0
04.08.2017,4:30 AM,1280.7,RHS,Rural,Singarayakonda,Rear End Collision, Travels Bus hit unknown vehicle ,Bus,Non injury,Over speed,Four lanes or more with central divider,Straight road,,Fine,AP31CB 6668,P.V,Minor,0
04.08.2017,4:30 AM,1280.7,RHS,Rural,Singarayakonda,Rear End Collision, Travels Bus hit unknown vehicle ,Bus,Non injury,Over speed,Four lanes or more with central divider,Straight road,,Fine,AP31CB 6668,P.V,Non injured ,1
04.08.2017,4:30 AM,1280.7,RHS,Rural,Singarayakonda,Rear End Collision, Travels Bus hit unknown vehicle ,Bus,Non injury,Over speed,Four lanes or more with central divider,Straight road,,Fine,AP31CB 6668,P.V,Animals affected,0
04.08.2017,1:20 PM,1251.1,LHS,Rural,Ongole,Collision Brush/Side Wipe, Car hit Bike,Car,Minor injury,Fault of driver of motor vehicle/driver of other vehicle/cyclist/pedestrian/passenger,Four lanes or more with central divider,Straight road,,Fine,AP27AS   3447,P.V,Fatal,0
04.08.2017,1:20 PM,1251.1,LHS,Rural,Ongole,Collision Brush/Side Wipe, Car hit Bike,Car,Minor injury,Fault of driver of motor vehicle/driver of other vehicle/cyclist/pedestrian/passenger,Four lanes or more with central divider,Straight road,,Fine,AP27AS   3447,P.V,Grevious,0
04.08.2017,1:20 PM,1251.1,LHS,Rural,Ongole,Collision Brush/Side Wipe, Car hit Bike,Car,Minor injury,Fault of driver of motor vehicle/driver of other vehicle/cyclist/pedestrian/passenger,Four lanes or more with central divider,Straight road,,Fine,AP27AS   3447,P.V,Minor,2
04.08.2017,1:20 PM,1251.1,LHS,Rural,Ongole,Collision Brush/Side Wipe, Car hit Bike,Car,Minor injury,Fault of driver of motor vehicle/driver of other vehicle/cyclist/pedestrian/passenger,Four lanes or more with central divider,Straight road,,Fine,AP27AS   3447,P.V,Non injured ,2
04.08.2017,1:20 PM,1251.1,LHS,Rural,Ongole,Collision Brush/Side Wipe, Car hit Bike,Car,Minor injury,Fault of driver of motor vehicle/driver of other vehicle/cyclist/pedestrian/passenger,Four lanes or more with central divider,Straight road,,Fine,AP27AS   3447,P.V,Animals affected,0
04.08.2017,1:20 PM,1328.3,RHS,Rural,Kavali,Collision Brush/Side Wipe, Car hit CC Barrier,Car,Non injury,Over speed,Four lanes or more with central divider,Straight road,,Fine,AP03CE   8609,P.V,Fatal,0
04.08.2017,1:20 PM,1328.3,RHS,Rural,Kavali,Collision Brush/Side Wipe, Car hit CC Barrier,Car,Non injury,Over speed,Four lanes or more with central divider,Straight road,,Fine,AP03CE   8609,P.V,Grevious,0
04.08.2017,1:20 PM,1328.3,RHS,Rural,Kavali,Collision Brush/Side Wipe, Car hit CC Barrier,Car,Non injury,Over speed,Four lanes or more with central divider,Straight road,,Fine,AP03CE   8609,P.V,Minor,0
04.08.2017,1:20 PM,1328.3,RHS,Rural,Kavali,Collision Brush/Side Wipe, Car hit CC Barrier,Car,Non injury,Over speed,Four lanes or more with central divider,Straight road,,Fine,AP03CE   8609,P.V,Non injured ,2
04.08.2017,1:20 PM,1328.3,RHS,Rural,Kavali,Collision Brush/Side Wipe, Car hit CC Barrier,Car,Non injury,Over speed,Four lanes or more with central divider,Straight road,,Fine,AP03CE   8609,P.V,Animals affected,0
04.08.2017,1:55 PM,1246,LHS,Urban,Ongole,Collision Brush/Side Wipe, Tipper hit Car,Lorry,Non injury,Over speed,Four lanes or more with central divider,Straight road,,Fine,AP27TX   6966,P.V,Fatal,0
04.08.2017,1:55 PM,1246,LHS,Urban,Ongole,Collision Brush/Side Wipe, Tipper hit Car,Lorry,Non injury,Over speed,Four lanes or more with central divider,Straight road,,Fine,AP27TX   6966,P.V,Grevious,0
04.08.2017,1:55 PM,1246,LHS,Urban,Ongole,Collision Brush/Side Wipe, Tipper hit Car,Lorry,Non injury,Over speed,Four lanes or more with central divider,Straight road,,Fine,AP27TX   6966,P.V,Minor,0
04.08.2017,1:55 PM,1246,LHS,Urban,Ongole,Collision Brush/Side Wipe, Tipper hit Car,Lorry,Non injury,Over speed,Four lanes or more with central divider,Straight road,,Fine,AP27TX   6966,P.V,Non injured ,3
04.08.2017,1:55 PM,1246,LHS,Urban,Ongole,Collision Brush/Side Wipe, Tipper hit Car,Lorry,Non injury,Over speed,Four lanes or more with central divider,Straight road,,Fine,AP27TX   6966,P.V,Animals affected,0
04.08.2017,4:30 PM,1363.8,RHS,Rural,Kovuru,Overturning, Car hit median and overturned,Car,Non injury,Vehicle out of control,Four lanes or more with central divider,Straight road,,Fine,AP26BR  5166,P.V,Fatal,0
04.08.2017,4:30 PM,1363.8,RHS,Rural,Kovuru,Overturning, Car hit median and overturned,Car,Non injury,Vehicle out of control,Four lanes or more with central divider,Straight road,,Fine,AP26BR  5166,P.V,Grevious,0
04.08.2017,4:30 PM,1363.8,RHS,Rural,Kovuru,Overturning, Car hit median and overturned,Car,Non injury,Vehicle out of control,Four lanes or more with central divider,Straight road,,Fine,AP26BR  5166,P.V,Minor,0
04.08.2017,4:30 PM,1363.8,RHS,Rural,Kovuru,Overturning, Car hit median and overturned,Car,Non injury,Vehicle out of control,Four lanes or more with central divider,Straight road,,Fine,AP26BR  5166,P.V,Non injured ,3
04.08.2017,4:30 PM,1363.8,RHS,Rural,Kovuru,Overturning, Car hit median and overturned,Car,Non injury,Vehicle out of control,Four lanes or more with central divider,Straight road,,Fine,AP26BR  5166,P.V,Animals affected,0
04.08.2017,9:33 PM,1260,RHS,Rural,Tangutur,Collision Brush/Side Wipe, Unknown Vehicle hit Pedestrian,Unknown,Minor injury,Over speed,Four lanes or more with central divider,Straight road,,Fine,Unknown Vehicle,A.M.B,Fatal,0
04.08.2017,9:33 PM,1260,RHS,Rural,Tangutur,Collision Brush/Side Wipe, Unknown Vehicle hit Pedestrian,Unknown,Minor injury,Over speed,Four lanes or more with central divider,Straight road,,Fine,Unknown Vehicle,A.M.B,Grevious,0
04.08.2017,9:33 PM,1260,RHS,Rural,Tangutur,Collision Brush/Side Wipe, Unknown Vehicle hit Pedestrian,Unknown,Minor injury,Over speed,Four lanes or more with central divider,Straight road,,Fine,Unknown Vehicle,A.M.B,Minor,1
04.08.2017,9:33 PM,1260,RHS,Rural,Tangutur,Collision Brush/Side Wipe, Unknown Vehicle hit Pedestrian,Unknown,Minor injury,Over speed,Four lanes or more with central divider,Straight road,,Fine,Unknown Vehicle,A.M.B,Non injured ,0
04.08.2017,9:33 PM,1260,RHS,Rural,Tangutur,Collision Brush/Side Wipe, Unknown Vehicle hit Pedestrian,Unknown,Minor injury,Over speed,Four lanes or more with central divider,Straight road,,Fine,Unknown Vehicle,A.M.B,Animals affected,0
05.08.2017,5:30 AM,1255.4,LHS,Rural,Tangutur,Collision Brush/Side Wipe, Unknown Vehicle hit Pedstrian,Unknown,Fatal,Over speed,Four lanes or more with central divider,Straight road,,Fine,Unknown Vehicle ,P.V,Fatal,1
05.08.2017,5:30 AM,1255.4,LHS,Rural,Tangutur,Collision Brush/Side Wipe, Unknown Vehicle hit Pedstrian,Unknown,Fatal,Over speed,Four lanes or more with central divider,Straight road,,Fine,Unknown Vehicle ,P.V,Grevious,0
05.08.2017,5:30 AM,1255.4,LHS,Rural,Tangutur,Collision Brush/Side Wipe, Unknown Vehicle hit Pedstrian,Unknown,Fatal,Over speed,Four lanes or more with central divider,Straight road,,Fine,Unknown Vehicle ,P.V,Minor,0
05.08.2017,5:30 AM,1255.4,LHS,Rural,Tangutur,Collision Brush/Side Wipe, Unknown Vehicle hit Pedstrian,Unknown,Fatal,Over speed,Four lanes or more with central divider,Straight road,,Fine,Unknown Vehicle ,P.V,Non injured ,0
05.08.2017,5:30 AM,1255.4,LHS,Rural,Tangutur,Collision Brush/Side Wipe, Unknown Vehicle hit Pedstrian,Unknown,Fatal,Over speed,Four lanes or more with central divider,Straight road,,Fine,Unknown Vehicle ,P.V,Animals affected,0
05.08.2017,6:20 AM,1212.4,RHS,Rural,Medarametla,Rear End Collision, Eicher vehicle hit  Lorry,Eicher,Fatal,Fault of driver of motor vehicle/driver of other vehicle/cyclist/pedestrian/passenger,Four lanes or more with central divider,Straight road,,Fine,KA0IAC 7709,P.V&A.M.B,Fatal,1
05.08.2017,6:20 AM,1212.4,RHS,Rural,Medarametla,Rear End Collision, Eicher vehicle hit  Lorry,Eicher,Fatal,Fault of driver of motor vehicle/driver of other vehicle/cyclist/pedestrian/passenger,Four lanes or more with central divider,Straight road,,Fine,KA0IAC 7709,P.V&A.M.B,Grevious,0
05.08.2017,6:20 AM,1212.4,RHS,Rural,Medarametla,Rear End Collision, Eicher vehicle hit  Lorry,Eicher,Fatal,Fault of driver of motor vehicle/driver of other vehicle/cyclist/pedestrian/passenger,Four lanes or more with central divider,Straight road,,Fine,KA0IAC 7709,P.V&A.M.B,Minor,2
05.08.2017,6:20 AM,1212.4,RHS,Rural,Medarametla,Rear End Collision, Eicher vehicle hit  Lorry,Eicher,Fatal,Fault of driver of motor vehicle/driver of other vehicle/cyclist/pedestrian/passenger,Four lanes or more with central divider,Straight road,,Fine,KA0IAC 7709,P.V&A.M.B,Non injured ,1
05.08.2017,6:20 AM,1212.4,RHS,Rural,Medarametla,Rear End Collision, Eicher vehicle hit  Lorry,Eicher,Fatal,Fault of driver of motor vehicle/driver of other vehicle/cyclist/pedestrian/passenger,Four lanes or more with central divider,Straight road,,Fine,KA0IAC 7709,P.V&A.M.B,Animals affected,0
05.08.2017,9:45 AM,1346.6,LHS,Rural,Dagadarthi,Rear End Collision, Lorry hit Unknown vehicle ,Lorry,Non injury,Fault of driver of motor vehicle/driver of other vehicle/cyclist/pedestrian/passenger,Four lanes or more with central divider,Straight road,,Fine,AP07TH 2333,P.V,Fatal,0
05.08.2017,9:45 AM,1346.6,LHS,Rural,Dagadarthi,Rear End Collision, Lorry hit Unknown vehicle ,Lorry,Non injury,Fault of driver of motor vehicle/driver of other vehicle/cyclist/pedestrian/passenger,Four lanes or more with central divider,Straight road,,Fine,AP07TH 2333,P.V,Grevious,0
05.08.2017,9:45 AM,1346.6,LHS,Rural,Dagadarthi,Rear End Collision, Lorry hit Unknown vehicle ,Lorry,Non injury,Fault of driver of motor vehicle/driver of other vehicle/cyclist/pedestrian/passenger,Four lanes or more with central divider,Straight road,,Fine,AP07TH 2333,P.V,Minor,0
05.08.2017,9:45 AM,1346.6,LHS,Rural,Dagadarthi,Rear End Collision, Lorry hit Unknown vehicle ,Lorry,Non injury,Fault of driver of motor vehicle/driver of other vehicle/cyclist/pedestrian/passenger,Four lanes or more with central divider,Straight road,,Fine,AP07TH 2333,P.V,Non injured ,1
05.08.2017,9:45 AM,1346.6,LHS,Rural,Dagadarthi,Rear End Collision, Lorry hit Unknown vehicle ,Lorry,Non injury,Fault of driver of motor vehicle/driver of other vehicle/cyclist/pedestrian/passenger,Four lanes or more with central divider,Straight road,,Fine,AP07TH 2333,P.V,Animals affected,0
07.08.2017,7:10 AM,1252.2,RHS,Rural,Ongole,Rear End Collision, Car hit Median and Culvert wall,Car,Non injury,Over speed,Four lanes or more with central divider,Straight road,,Fine,AP26BC  6993,P.V,Fatal,0
07.08.2017,7:10 AM,1252.2,RHS,Rural,Ongole,Rear End Collision, Car hit Median and Culvert wall,Car,Non injury,Over speed,Four lanes or more with central divider,Straight road,,Fine,AP26BC  6993,P.V,Grevious,0
07.08.2017,7:10 AM,1252.2,RHS,Rural,Ongole,Rear End Collision, Car hit Median and Culvert wall,Car,Non injury,Over speed,Four lanes or more with central divider,Straight road,,Fine,AP26BC  6993,P.V,Minor,0
07.08.2017,7:10 AM,1252.2,RHS,Rural,Ongole,Rear End Collision, Car hit Median and Culvert wall,Car,Non injury,Over speed,Four lanes or more with central divider,Straight road,,Fine,AP26BC  6993,P.V,Non injured ,4
07.08.2017,7:10 AM,1252.2,RHS,Rural,Ongole,Rear End Collision, Car hit Median and Culvert wall,Car,Non injury,Over speed,Four lanes or more with central divider,Straight road,,Fine,AP26BC  6993,P.V,Animals affected,0
07.08.2017,6:15 PM,1252.6,RHS,Rural,Ongole,Collision Brush/Side Wipe, Car hit Tipper,Car,Non injury,Over speed,Four lanes or more with central divider,Straight road,,Fine,AP27BK 7668,A.M.B,Fatal,0
07.08.2017,6:15 PM,1252.6,RHS,Rural,Ongole,Collision Brush/Side Wipe, Car hit Tipper,Car,Non injury,Over speed,Four lanes or more with central divider,Straight road,,Fine,AP27BK 7668,A.M.B,Grevious,0
07.08.2017,6:15 PM,1252.6,RHS,Rural,Ongole,Collision Brush/Side Wipe, Car hit Tipper,Car,Non injury,Over speed,Four lanes or more with central divider,Straight road,,Fine,AP27BK 7668,A.M.B,Minor,0
07.08.2017,6:15 PM,1252.6,RHS,Rural,Ongole,Collision Brush/Side Wipe, Car hit Tipper,Car,Non injury,Over speed,Four lanes or more with central divider,Straight road,,Fine,AP27BK 7668,A.M.B,Non injured ,4
07.08.2017,6:15 PM,1252.6,RHS,Rural,Ongole,Collision Brush/Side Wipe, Car hit Tipper,Car,Non injury,Over speed,Four lanes or more with central divider,Straight road,,Fine,AP27BK 7668,A.M.B,Animals affected,0
07.08.2017,6:20 PM,1183.7,LHS,Rural,Chilakaluripeta,Collision Brush/Side Wipe,Mahindra Commander Vehicle hit Culvert w,Car,Fatal,Over speed,Four lanes or more with central divider,Straight road,,Fine,AP9P     9284,P.V,Fatal,1
07.08.2017,6:20 PM,1183.7,LHS,Rural,Chilakaluripeta,Collision Brush/Side Wipe,Mahindra Commander Vehicle hit Culvert w,Car,Fatal,Over speed,Four lanes or more with central divider,Straight road,,Fine,AP9P     9284,P.V,Grevious,0
07.08.2017,6:20 PM,1183.7,LHS,Rural,Chilakaluripeta,Collision Brush/Side Wipe,Mahindra Commander Vehicle hit Culvert w,Car,Fatal,Over speed,Four lanes or more with central divider,Straight road,,Fine,AP9P     9284,P.V,Minor,0
07.08.2017,6:20 PM,1183.7,LHS,Rural,Chilakaluripeta,Collision Brush/Side Wipe,Mahindra Commander Vehicle hit Culvert w,Car,Fatal,Over speed,Four lanes or more with central divider,Straight road,,Fine,AP9P     9284,P.V,Non injured ,0
07.08.2017,6:20 PM,1183.7,LHS,Rural,Chilakaluripeta,Collision Brush/Side Wipe,Mahindra Commander Vehicle hit Culvert w,Car,Fatal,Over speed,Four lanes or more with central divider,Straight road,,Fine,AP9P     9284,P.V,Animals affected,0
08.08.2017,6:15 PM,1218.5,RHS,Rural,Medarametla,Skidding, Bike skidding,Bike,Grievious injury,Fault of driver of motor vehicle/driver of other vehicle/cyclist/pedestrian/passenger,Four lanes or more with central divider,Straight road,,Light rain,AP26AR 1026,A.M.B& P.V,Fatal,0
08.08.2017,6:15 PM,1218.5,RHS,Rural,Medarametla,Skidding, Bike skidding,Bike,Grievious injury,Fault of driver of motor vehicle/driver of other vehicle/cyclist/pedestrian/passenger,Four lanes or more with central divider,Straight road,,Light rain,AP26AR 1026,A.M.B& P.V,Grevious,1
08.08.2017,6:15 PM,1218.5,RHS,Rural,Medarametla,Skidding, Bike skidding,Bike,Grievious injury,Fault of driver of motor vehicle/driver of other vehicle/cyclist/pedestrian/passenger,Four lanes or more with central divider,Straight road,,Light rain,AP26AR 1026,A.M.B& P.V,Minor,1
08.08.2017,6:15 PM,1218.5,RHS,Rural,Medarametla,Skidding, Bike skidding,Bike,Grievious injury,Fault of driver of motor vehicle/driver of other vehicle/cyclist/pedestrian/passenger,Four lanes or more with central divider,Straight road,,Light rain,AP26AR 1026,A.M.B& P.V,Non injured ,0
08.08.2017,6:15 PM,1218.5,RHS,Rural,Medarametla,Skidding, Bike skidding,Bike,Grievious injury,Fault of driver of motor vehicle/driver of other vehicle/cyclist/pedestrian/passenger,Four lanes or more with central divider,Straight road,,Light rain,AP26AR 1026,A.M.B& P.V,Animals affected,0
08.08.2017,8:00 PM,1313.7,LHS,Rural,Kavali,Skidding, Bike skidding,Bike,Grievious injury,Over speed,Four lanes or more with central divider,Straight road,,Fine,AP26AP 8722,A.M.B& P.V,Fatal,0
08.08.2017,8:00 PM,1313.7,LHS,Rural,Kavali,Skidding, Bike skidding,Bike,Grievious injury,Over speed,Four lanes or more with central divider,Straight road,,Fine,AP26AP 8722,A.M.B& P.V,Grevious,1
08.08.2017,8:00 PM,1313.7,LHS,Rural,Kavali,Skidding, Bike skidding,Bike,Grievious injury,Over speed,Four lanes or more with central divider,Straight road,,Fine,AP26AP 8722,A.M.B& P.V,Minor,0
08.08.2017,8:00 PM,1313.7,LHS,Rural,Kavali,Skidding, Bike skidding,Bike,Grievious injury,Over speed,Four lanes or more with central divider,Straight road,,Fine,AP26AP 8722,A.M.B& P.V,Non injured ,0
08.08.2017,8:00 PM,1313.7,LHS,Rural,Kavali,Skidding, Bike skidding,Bike,Grievious injury,Over speed,Four lanes or more with central divider,Straight road,,Fine,AP26AP 8722,A.M.B& P.V,Animals affected,0
09.08.2017,1:00 AM,1189.5,LHS,Rural,Martur,Collision Brush/Side Wipe, Container Vehicle hit Grills,Container,Non injury,Fault of driver of motor vehicle/driver of other vehicle/cyclist/pedestrian/passenger,Four lanes or more with central divider,Straight road,,Cloudy,NL01N   5876,P.V,Fatal,0
09.08.2017,1:00 AM,1189.5,LHS,Rural,Martur,Collision Brush/Side Wipe, Container Vehicle hit Grills,Container,Non injury,Fault of driver of motor vehicle/driver of other vehicle/cyclist/pedestrian/passenger,Four lanes or more with central divider,Straight road,,Cloudy,NL01N   5876,P.V,Grevious,0
09.08.2017,1:00 AM,1189.5,LHS,Rural,Martur,Collision Brush/Side Wipe, Container Vehicle hit Grills,Container,Non injury,Fault of driver of motor vehicle/driver of other vehicle/cyclist/pedestrian/passenger,Four lanes or more with central divider,Straight road,,Cloudy,NL01N   5876,P.V,Minor,0
09.08.2017,1:00 AM,1189.5,LHS,Rural,Martur,Collision Brush/Side Wipe, Container Vehicle hit Grills,Container,Non injury,Fault of driver of motor vehicle/driver of other vehicle/cyclist/pedestrian/passenger,Four lanes or more with central divider,Straight road,,Cloudy,NL01N   5876,P.V,Non injured ,3
09.08.2017,1:00 AM,1189.5,LHS,Rural,Martur,Collision Brush/Side Wipe, Container Vehicle hit Grills,Container,Non injury,Fault of driver of motor vehicle/driver of other vehicle/cyclist/pedestrian/passenger,Four lanes or more with central divider,Straight road,,Cloudy,NL01N   5876,P.V,Animals affected,0
10.08.2017,2:46 AM,1205.7,RHS,Rural,Reningavaram,Overturning, Lorry Overturned,Lorry,Minor injury,Over speed,Four lanes or more with central divider,Straight road,,Fine,AP16TF   4619,A.M.B& P.V,Fatal,0
10.08.2017,2:46 AM,1205.7,RHS,Rural,Reningavaram,Overturning, Lorry Overturned,Lorry,Minor injury,Over speed,Four lanes or more with central divider,Straight road,,Fine,AP16TF   4619,A.M.B& P.V,Grevious,0
10.08.2017,2:46 AM,1205.7,RHS,Rural,Reningavaram,Overturning, Lorry Overturned,Lorry,Minor injury,Over speed,Four lanes or more with central divider,Straight road,,Fine,AP16TF   4619,A.M.B& P.V,Minor,1
10.08.2017,2:46 AM,1205.7,RHS,Rural,Reningavaram,Overturning, Lorry Overturned,Lorry,Minor injury,Over speed,Four lanes or more with central divider,Straight road,,Fine,AP16TF   4619,A.M.B& P.V,Non injured ,0
10.08.2017,2:46 AM,1205.7,RHS,Rural,Reningavaram,Overturning, Lorry Overturned,Lorry,Minor injury,Over speed,Four lanes or more with central divider,Straight road,,Fine,AP16TF   4619,A.M.B& P.V,Animals affected,0
10.08.2017,11:30 AM,1365.2,LHS,Rural,Kovuru,Rear End Collision, LCV Ecomet Vehicle hit Containeer Vehic,Van,Grievious injury,Over speed,Four lanes or more with central divider,Straight road,,Fine,AP16TH   4288,P.V,Fatal,0
10.08.2017,11:30 AM,1365.2,LHS,Rural,Kovuru,Rear End Collision, LCV Ecomet Vehicle hit Containeer Vehic,Van,Grievious injury,Over speed,Four lanes or more with central divider,Straight road,,Fine,AP16TH   4288,P.V,Grevious,1
10.08.2017,11:30 AM,1365.2,LHS,Rural,Kovuru,Rear End Collision, LCV Ecomet Vehicle hit Containeer Vehic,Van,Grievious injury,Over speed,Four lanes or more with central divider,Straight road,,Fine,AP16TH   4288,P.V,Minor,0
10.08.2017,11:30 AM,1365.2,LHS,Rural,Kovuru,Rear End Collision, LCV Ecomet Vehicle hit Containeer Vehic,Van,Grievious injury,Over speed,Four lanes or more with central divider,Straight road,,Fine,AP16TH   4288,P.V,Non injured ,0
10.08.2017,11:30 AM,1365.2,LHS,Rural,Kovuru,Rear End Collision, LCV Ecomet Vehicle hit Containeer Vehic,Van,Grievious injury,Over speed,Four lanes or more with central divider,Straight road,,Fine,AP16TH   4288,P.V,Animals affected,0
10.08.2017,1:10 PM,1199.7,LHS,Rural,Martur,Collision Brush/Side Wipe, Car hit Tipper,Car,Non injury,Fault of driver of motor vehicle/driver of other vehicle/cyclist/pedestrian/passenger,Four lanes or more with central divider,Straight road,,Fine,AP16BQ   1789,P.V,Fatal,0
10.08.2017,1:10 PM,1199.7,LHS,Rural,Martur,Collision Brush/Side Wipe, Car hit Tipper,Car,Non injury,Fault of driver of motor vehicle/driver of other vehicle/cyclist/pedestrian/passenger,Four lanes or more with central divider,Straight road,,Fine,AP16BQ   1789,P.V,Grevious,0
10.08.2017,1:10 PM,1199.7,LHS,Rural,Martur,Collision Brush/Side Wipe, Car hit Tipper,Car,Non injury,Fault of driver of motor vehicle/driver of other vehicle/cyclist/pedestrian/passenger,Four lanes or more with central divider,Straight road,,Fine,AP16BQ   1789,P.V,Minor,0