Operational date,Time of Accident,KM && M,Position,Rural/Urban,Location,Nature of Accident Position,Nature of Accident,Vehicle Involved,Type of Accident,Causes,Road Feature,Road condition,Intersection Type And Control,Weather Condition,Vehicle Responsible,Help Provided by Ambulance/Patroling Vehicle,Classification of Accident,No of Affected Persons
10.08.2017,1:10 PM,1199.7,LHS,Rural,Martur,Collision Brush/Side Wipe, Car hit Tipper,Car,Non injury,Fault of driver of motor vehicle/driver of other vehicle/cyclist/pedestrian/passenger,Four lanes or more with central divider,Straight road,,Fine,AP16BQ   1789,P.V,Non injured ,6
10.08.2017,1:10 PM,1199.7,LHS,Rural,Martur,Collision Brush/Side Wipe, Car hit Tipper,Car,Non injury,Fault of driver of motor vehicle/driver of other vehicle/cyclist/pedestrian/passenger,Four lanes or more with central divider,Straight road,,Fine,AP16BQ   1789,P.V,Animals affected,0
11.08.2017,5:40 AM,1236.9,LHS,Rural,Maddipadu,Collision Brush/Side Wipe, Tata  1109 Vehicle hit Unknown Vehicle,Tata Ace,Fatal,Fault of driver of motor vehicle/driver of other vehicle/cyclist/pedestrian/passenger,Four lanes or more with central divider,Straight road,,Fine,AP29TB   2051, P.V,Fatal,1
11.08.2017,5:40 AM,1236.9,LHS,Rural,Maddipadu,Collision Brush/Side Wipe, Tata  1109 Vehicle hit Unknown Vehicle,Tata Ace,Fatal,Fault of driver of motor vehicle/driver of other vehicle/cyclist/pedestrian/passenger,Four lanes or more with central divider,Straight road,,Fine,AP29TB   2051, P.V,Grevious,0
11.08.2017,5:40 AM,1236.9,LHS,Rural,Maddipadu,Collision Brush/Side Wipe, Tata  1109 Vehicle hit Unknown Vehicle,Tata Ace,Fatal,Fault of driver of motor vehicle/driver of other vehicle/cyclist/pedestrian/passenger,Four lanes or more with central divider,Straight road,,Fine,AP29TB   2051, P.V,Minor,0
11.08.2017,5:40 AM,1236.9,LHS,Rural,Maddipadu,Collision Brush/Side Wipe, Tata  1109 Vehicle hit Unknown Vehicle,Tata Ace,Fatal,Fault of driver of motor vehicle/driver of other vehicle/cyclist/pedestrian/passenger,Four lanes or more with central divider,Straight road,,Fine,AP29TB   2051, P.V,Non injured ,1
11.08.2017,5:40 AM,1236.9,LHS,Rural,Maddipadu,Collision Brush/Side Wipe, Tata  1109 Vehicle hit Unknown Vehicle,Tata Ace,Fatal,Fault of driver of motor vehicle/driver of other vehicle/cyclist/pedestrian/passenger,Four lanes or more with central divider,Straight road,,Fine,AP29TB   2051, P.V,Animals affected,0
11.08.2017,5:00 PM,1336.9,LHS,Rural,K.Tippa ,Collision Brush/Side Wipe, Bike hit Unknown Vehicle,Bike,Fatal,Druken,Four lanes or more with central divider,Straight road,,Fine,F/R Bike,P.V,Fatal,1
11.08.2017,5:00 PM,1336.9,LHS,Rural,K.Tippa ,Collision Brush/Side Wipe, Bike hit Unknown Vehicle,Bike,Fatal,Druken,Four lanes or more with central divider,Straight road,,Fine,F/R Bike,P.V,Grevious,0
11.08.2017,5:00 PM,1336.9,LHS,Rural,K.Tippa ,Collision Brush/Side Wipe, Bike hit Unknown Vehicle,Bike,Fatal,Druken,Four lanes or more with central divider,Straight road,,Fine,F/R Bike,P.V,Minor,0
11.08.2017,5:00 PM,1336.9,LHS,Rural,K.Tippa ,Collision Brush/Side Wipe, Bike hit Unknown Vehicle,Bike,Fatal,Druken,Four lanes or more with central divider,Straight road,,Fine,F/R Bike,P.V,Non injured ,1
11.08.2017,5:00 PM,1336.9,LHS,Rural,K.Tippa ,Collision Brush/Side Wipe, Bike hit Unknown Vehicle,Bike,Fatal,Druken,Four lanes or more with central divider,Straight road,,Fine,F/R Bike,P.V,Animals affected,0
12.08.2017,12:55 PM,1243.8,LHS,Rural,Ongole,Rear End Collision,  Long Containeer Vehicle hit Vandana Tr,Lorry,Non injury,Fault of driver of motor vehicle/driver of other vehicle/cyclist/pedestrian/passenger,Four lanes or more with central divider,Straight road,,Fine,MH15CK 4726,P.V,Fatal,0
12.08.2017,12:55 PM,1243.8,LHS,Rural,Ongole,Rear End Collision,  Long Containeer Vehicle hit Vandana Tr,Lorry,Non injury,Fault of driver of motor vehicle/driver of other vehicle/cyclist/pedestrian/passenger,Four lanes or more with central divider,Straight road,,Fine,MH15CK 4726,P.V,Grevious,0
12.08.2017,12:55 PM,1243.8,LHS,Rural,Ongole,Rear End Collision,  Long Containeer Vehicle hit Vandana Tr,Lorry,Non injury,Fault of driver of motor vehicle/driver of other vehicle/cyclist/pedestrian/passenger,Four lanes or more with central divider,Straight road,,Fine,MH15CK 4726,P.V,Minor,0
12.08.2017,12:55 PM,1243.8,LHS,Rural,Ongole,Rear End Collision,  Long Containeer Vehicle hit Vandana Tr,Lorry,Non injury,Fault of driver of motor vehicle/driver of other vehicle/cyclist/pedestrian/passenger,Four lanes or more with central divider,Straight road,,Fine,MH15CK 4726,P.V,Non injured ,41
12.08.2017,12:55 PM,1243.8,LHS,Rural,Ongole,Rear End Collision,  Long Containeer Vehicle hit Vandana Tr,Lorry,Non injury,Fault of driver of motor vehicle/driver of other vehicle/cyclist/pedestrian/passenger,Four lanes or more with central divider,Straight road,,Fine,MH15CK 4726,P.V,Animals affected,0
12.08.2017,2:40 PM,1249.7,LHS,Urban,Ongole,Rear End Collision, Car hit Tractor,Car,Non injury,Fault of driver of motor vehicle/driver of other vehicle/cyclist/pedestrian/passenger,Four lanes or more with central divider,Slight curve,,Fine,AP21AH 1587,P.V,Fatal,0
12.08.2017,2:40 PM,1249.7,LHS,Urban,Ongole,Rear End Collision, Car hit Tractor,Car,Non injury,Fault of driver of motor vehicle/driver of other vehicle/cyclist/pedestrian/passenger,Four lanes or more with central divider,Slight curve,,Fine,AP21AH 1587,P.V,Grevious,0
12.08.2017,2:40 PM,1249.7,LHS,Urban,Ongole,Rear End Collision, Car hit Tractor,Car,Non injury,Fault of driver of motor vehicle/driver of other vehicle/cyclist/pedestrian/passenger,Four lanes or more with central divider,Slight curve,,Fine,AP21AH 1587,P.V,Minor,0
12.08.2017,2:40 PM,1249.7,LHS,Urban,Ongole,Rear End Collision, Car hit Tractor,Car,Non injury,Fault of driver of motor vehicle/driver of other vehicle/cyclist/pedestrian/passenger,Four lanes or more with central divider,Slight curve,,Fine,AP21AH 1587,P.V,Non injured ,5
12.08.2017,2:40 PM,1249.7,LHS,Urban,Ongole,Rear End Collision, Car hit Tractor,Car,Non injury,Fault of driver of motor vehicle/driver of other vehicle/cyclist/pedestrian/passenger,Four lanes or more with central divider,Slight curve,,Fine,AP21AH 1587,P.V,Animals affected,0
12.08.2017,5:50 PM,1247.2,LHS,Urban,Ongole,Collision Brush/Side Wipe, Lorry hit Car,Lorry,Non injury,Fault of driver of motor vehicle/driver of other vehicle/cyclist/pedestrian/passenger,Four lanes or more with central divider,Straight road,,Fine,AP26TE 1789,P.V,Fatal,0
12.08.2017,5:50 PM,1247.2,LHS,Urban,Ongole,Collision Brush/Side Wipe, Lorry hit Car,Lorry,Non injury,Fault of driver of motor vehicle/driver of other vehicle/cyclist/pedestrian/passenger,Four lanes or more with central divider,Straight road,,Fine,AP26TE 1789,P.V,Grevious,0
12.08.2017,5:50 PM,1247.2,LHS,Urban,Ongole,Collision Brush/Side Wipe, Lorry hit Car,Lorry,Non injury,Fault of driver of motor vehicle/driver of other vehicle/cyclist/pedestrian/passenger,Four lanes or more with central divider,Straight road,,Fine,AP26TE 1789,P.V,Minor,0
12.08.2017,5:50 PM,1247.2,LHS,Urban,Ongole,Collision Brush/Side Wipe, Lorry hit Car,Lorry,Non injury,Fault of driver of motor vehicle/driver of other vehicle/cyclist/pedestrian/passenger,Four lanes or more with central divider,Straight road,,Fine,AP26TE 1789,P.V,Non injured ,2
12.08.2017,5:50 PM,1247.2,LHS,Urban,Ongole,Collision Brush/Side Wipe, Lorry hit Car,Lorry,Non injury,Fault of driver of motor vehicle/driver of other vehicle/cyclist/pedestrian/passenger,Four lanes or more with central divider,Straight road,,Fine,AP26TE 1789,P.V,Animals affected,0
12.08.2017,11:20 PM,1204.3,RHS,Rural,Reningavaram,Collision Brush/Side Wipe, Car hit Lorry,Car,Non injury,Fault of driver of motor vehicle/driver of other vehicle/cyclist/pedestrian/passenger,Four lanes or more with central divider,Straight road,,Fine,AP03Z   4444 ,P.V,Fatal,0
12.08.2017,11:20 PM,1204.3,RHS,Rural,Reningavaram,Collision Brush/Side Wipe, Car hit Lorry,Car,Non injury,Fault of driver of motor vehicle/driver of other vehicle/cyclist/pedestrian/passenger,Four lanes or more with central divider,Straight road,,Fine,AP03Z   4444 ,P.V,Grevious,0
12.08.2017,11:20 PM,1204.3,RHS,Rural,Reningavaram,Collision Brush/Side Wipe, Car hit Lorry,Car,Non injury,Fault of driver of motor vehicle/driver of other vehicle/cyclist/pedestrian/passenger,Four lanes or more with central divider,Straight road,,Fine,AP03Z   4444 ,P.V,Minor,0
12.08.2017,11:20 PM,1204.3,RHS,Rural,Reningavaram,Collision Brush/Side Wipe, Car hit Lorry,Car,Non injury,Fault of driver of motor vehicle/driver of other vehicle/cyclist/pedestrian/passenger,Four lanes or more with central divider,Straight road,,Fine,AP03Z   4444 ,P.V,Non injured ,6
12.08.2017,11:20 PM,1204.3,RHS,Rural,Reningavaram,Collision Brush/Side Wipe, Car hit Lorry,Car,Non injury,Fault of driver of motor vehicle/driver of other vehicle/cyclist/pedestrian/passenger,Four lanes or more with central divider,Straight road,,Fine,AP03Z   4444 ,P.V,Animals affected,0
13.08.2017,4:55 AM,1233.6,LHS,Rural,Maddipadu,Overturning, Car hit median and overturned,Car,Minor injury,Fault of driver of motor vehicle/driver of other vehicle/cyclist/pedestrian/passenger,Four lanes or more with central divider,Straight road,,Fine,AP24AN 2211, P.V,Fatal,0
13.08.2017,4:55 AM,1233.6,LHS,Rural,Maddipadu,Overturning, Car hit median and overturned,Car,Minor injury,Fault of driver of motor vehicle/driver of other vehicle/cyclist/pedestrian/passenger,Four lanes or more with central divider,Straight road,,Fine,AP24AN 2211, P.V,Grevious,0
13.08.2017,4:55 AM,1233.6,LHS,Rural,Maddipadu,Overturning, Car hit median and overturned,Car,Minor injury,Fault of driver of motor vehicle/driver of other vehicle/cyclist/pedestrian/passenger,Four lanes or more with central divider,Straight road,,Fine,AP24AN 2211, P.V,Minor,4
13.08.2017,4:55 AM,1233.6,LHS,Rural,Maddipadu,Overturning, Car hit median and overturned,Car,Minor injury,Fault of driver of motor vehicle/driver of other vehicle/cyclist/pedestrian/passenger,Four lanes or more with central divider,Straight road,,Fine,AP24AN 2211, P.V,Non injured ,0
13.08.2017,4:55 AM,1233.6,LHS,Rural,Maddipadu,Overturning, Car hit median and overturned,Car,Minor injury,Fault of driver of motor vehicle/driver of other vehicle/cyclist/pedestrian/passenger,Four lanes or more with central divider,Straight road,,Fine,AP24AN 2211, P.V,Animals affected,0
13.08.2017,5:00 AM,1290.6,LHS,Rural,Ulavapadu,Collision Brush/Side Wipe, Lorry hit Tipper,Lorry,Non injury,Fault of driver of motor vehicle/driver of other vehicle/cyclist/pedestrian/passenger,Four lanes or more with central divider,Straight road,,Fine,AP16TH 3539,P.V,Fatal,0
13.08.2017,5:00 AM,1290.6,LHS,Rural,Ulavapadu,Collision Brush/Side Wipe, Lorry hit Tipper,Lorry,Non injury,Fault of driver of motor vehicle/driver of other vehicle/cyclist/pedestrian/passenger,Four lanes or more with central divider,Straight road,,Fine,AP16TH 3539,P.V,Grevious,0
13.08.2017,5:00 AM,1290.6,LHS,Rural,Ulavapadu,Collision Brush/Side Wipe, Lorry hit Tipper,Lorry,Non injury,Fault of driver of motor vehicle/driver of other vehicle/cyclist/pedestrian/passenger,Four lanes or more with central divider,Straight road,,Fine,AP16TH 3539,P.V,Minor,0
13.08.2017,5:00 AM,1290.6,LHS,Rural,Ulavapadu,Collision Brush/Side Wipe, Lorry hit Tipper,Lorry,Non injury,Fault of driver of motor vehicle/driver of other vehicle/cyclist/pedestrian/passenger,Four lanes or more with central divider,Straight road,,Fine,AP16TH 3539,P.V,Non injured ,4
13.08.2017,5:00 AM,1290.6,LHS,Rural,Ulavapadu,Collision Brush/Side Wipe, Lorry hit Tipper,Lorry,Non injury,Fault of driver of motor vehicle/driver of other vehicle/cyclist/pedestrian/passenger,Four lanes or more with central divider,Straight road,,Fine,AP16TH 3539,P.V,Animals affected,0
14.08.2017,5:55 AM,1263.2,LHS,Rural,Tangutur,Collision Brush/Side Wipe, Bike hit Tvs xl Moped,Bike,Minor injury,Over speed,Four lanes or more with central divider,Straight road,,Fine,AP27AS 4914,A.M.B,Fatal,0
14.08.2017,5:55 AM,1263.2,LHS,Rural,Tangutur,Collision Brush/Side Wipe, Bike hit Tvs xl Moped,Bike,Minor injury,Over speed,Four lanes or more with central divider,Straight road,,Fine,AP27AS 4914,A.M.B,Grevious,0
14.08.2017,5:55 AM,1263.2,LHS,Rural,Tangutur,Collision Brush/Side Wipe, Bike hit Tvs xl Moped,Bike,Minor injury,Over speed,Four lanes or more with central divider,Straight road,,Fine,AP27AS 4914,A.M.B,Minor,2
14.08.2017,5:55 AM,1263.2,LHS,Rural,Tangutur,Collision Brush/Side Wipe, Bike hit Tvs xl Moped,Bike,Minor injury,Over speed,Four lanes or more with central divider,Straight road,,Fine,AP27AS 4914,A.M.B,Non injured ,0
14.08.2017,5:55 AM,1263.2,LHS,Rural,Tangutur,Collision Brush/Side Wipe, Bike hit Tvs xl Moped,Bike,Minor injury,Over speed,Four lanes or more with central divider,Straight road,,Fine,AP27AS 4914,A.M.B,Animals affected,0
14.08.2017,10:00 PM,1328.1,RHS,Rural,Kavali,Collision Brush/Side Wipe, Car hit CC Barrier and Overturned,Car,Non injury,Over speed,Four lanes or more with central divider,Straight road,,Fine,AP16CZ 6336,P.V,Fatal,0
14.08.2017,10:00 PM,1328.1,RHS,Rural,Kavali,Collision Brush/Side Wipe, Car hit CC Barrier and Overturned,Car,Non injury,Over speed,Four lanes or more with central divider,Straight road,,Fine,AP16CZ 6336,P.V,Grevious,0
14.08.2017,10:00 PM,1328.1,RHS,Rural,Kavali,Collision Brush/Side Wipe, Car hit CC Barrier and Overturned,Car,Non injury,Over speed,Four lanes or more with central divider,Straight road,,Fine,AP16CZ 6336,P.V,Minor,0
14.08.2017,10:00 PM,1328.1,RHS,Rural,Kavali,Collision Brush/Side Wipe, Car hit CC Barrier and Overturned,Car,Non injury,Over speed,Four lanes or more with central divider,Straight road,,Fine,AP16CZ 6336,P.V,Non injured ,1
14.08.2017,10:00 PM,1328.1,RHS,Rural,Kavali,Collision Brush/Side Wipe, Car hit CC Barrier and Overturned,Car,Non injury,Over speed,Four lanes or more with central divider,Straight road,,Fine,AP16CZ 6336,P.V,Animals affected,0
15.08.2017,5:30 AM,1272,LHS,Rural,Jarugumalli,Rear End Collision, Car hit Bitumen tanker truck,Car,Minor injury,Over speed,Four lanes or more with central divider,Straight road,,Fine,AP5W    3821 , P.V,Fatal,0
15.08.2017,5:30 AM,1272,LHS,Rural,Jarugumalli,Rear End Collision, Car hit Bitumen tanker truck,Car,Minor injury,Over speed,Four lanes or more with central divider,Straight road,,Fine,AP5W    3821 , P.V,Grevious,0
15.08.2017,5:30 AM,1272,LHS,Rural,Jarugumalli,Rear End Collision, Car hit Bitumen tanker truck,Car,Minor injury,Over speed,Four lanes or more with central divider,Straight road,,Fine,AP5W    3821 , P.V,Minor,1
15.08.2017,5:30 AM,1272,LHS,Rural,Jarugumalli,Rear End Collision, Car hit Bitumen tanker truck,Car,Minor injury,Over speed,Four lanes or more with central divider,Straight road,,Fine,AP5W    3821 , P.V,Non injured ,3
15.08.2017,5:30 AM,1272,LHS,Rural,Jarugumalli,Rear End Collision, Car hit Bitumen tanker truck,Car,Minor injury,Over speed,Four lanes or more with central divider,Straight road,,Fine,AP5W    3821 , P.V,Animals affected,0
17.08.2017,1:00 AM,1263.6,LHS,Rural,Tangutur,Collision Brush/Side Wipe, Ape Auto hit unknown vehicle,Auto,Grievious injury,Fault of driver of motor vehicle/driver of other vehicle/cyclist/pedestrian/passenger,Four lanes or more with central divider,Straight road,,Fine,AP27TX 3971,A.M.B,Fatal,0
17.08.2017,1:00 AM,1263.6,LHS,Rural,Tangutur,Collision Brush/Side Wipe, Ape Auto hit unknown vehicle,Auto,Grievious injury,Fault of driver of motor vehicle/driver of other vehicle/cyclist/pedestrian/passenger,Four lanes or more with central divider,Straight road,,Fine,AP27TX 3971,A.M.B,Grevious,1
17.08.2017,1:00 AM,1263.6,LHS,Rural,Tangutur,Collision Brush/Side Wipe, Ape Auto hit unknown vehicle,Auto,Grievious injury,Fault of driver of motor vehicle/driver of other vehicle/cyclist/pedestrian/passenger,Four lanes or more with central divider,Straight road,,Fine,AP27TX 3971,A.M.B,Minor,1
17.08.2017,1:00 AM,1263.6,LHS,Rural,Tangutur,Collision Brush/Side Wipe, Ape Auto hit unknown vehicle,Auto,Grievious injury,Fault of driver of motor vehicle/driver of other vehicle/cyclist/pedestrian/passenger,Four lanes or more with central divider,Straight road,,Fine,AP27TX 3971,A.M.B,Non injured ,0
17.08.2017,1:00 AM,1263.6,LHS,Rural,Tangutur,Collision Brush/Side Wipe, Ape Auto hit unknown vehicle,Auto,Grievious injury,Fault of driver of motor vehicle/driver of other vehicle/cyclist/pedestrian/passenger,Four lanes or more with central divider,Straight road,,Fine,AP27TX 3971,A.M.B,Animals affected,0
17.08.2017,1:22 AM,1308.1,RHS,Rural,Kavali,Collision Brush/Side Wipe, Eicher vehicle hit Tractor,Eicher,Grievious injury,Over speed,Four lanes or more with central divider,Straight road,,Light rain,TS08UB 6473,A.M.B&P.V,Fatal,0
17.08.2017,1:22 AM,1308.1,RHS,Rural,Kavali,Collision Brush/Side Wipe, Eicher vehicle hit Tractor,Eicher,Grievious injury,Over speed,Four lanes or more with central divider,Straight road,,Light rain,TS08UB 6473,A.M.B&P.V,Grevious,3
17.08.2017,1:22 AM,1308.1,RHS,Rural,Kavali,Collision Brush/Side Wipe, Eicher vehicle hit Tractor,Eicher,Grievious injury,Over speed,Four lanes or more with central divider,Straight road,,Light rain,TS08UB 6473,A.M.B&P.V,Minor,5
17.08.2017,1:22 AM,1308.1,RHS,Rural,Kavali,Collision Brush/Side Wipe, Eicher vehicle hit Tractor,Eicher,Grievious injury,Over speed,Four lanes or more with central divider,Straight road,,Light rain,TS08UB 6473,A.M.B&P.V,Non injured ,4
17.08.2017,1:22 AM,1308.1,RHS,Rural,Kavali,Collision Brush/Side Wipe, Eicher vehicle hit Tractor,Eicher,Grievious injury,Over speed,Four lanes or more with central divider,Straight road,,Light rain,TS08UB 6473,A.M.B&P.V,Animals affected,0
17.08.2017,4:58 AM,1268.9,LHS,Rural,Jarugumalli,Rear End Collision, Containeer  vehicle hit Unknown vehicle,Container,Non injury,Fault of driver of motor vehicle/driver of other vehicle/cyclist/pedestrian/passenger,Four lanes or more with central divider,Slight curve,,Light rain,TN34H   5054,P.V,Fatal,0
17.08.2017,4:58 AM,1268.9,LHS,Rural,Jarugumalli,Rear End Collision, Containeer  vehicle hit Unknown vehicle,Container,Non injury,Fault of driver of motor vehicle/driver of other vehicle/cyclist/pedestrian/passenger,Four lanes or more with central divider,Slight curve,,Light rain,TN34H   5054,P.V,Grevious,0
17.08.2017,4:58 AM,1268.9,LHS,Rural,Jarugumalli,Rear End Collision, Containeer  vehicle hit Unknown vehicle,Container,Non injury,Fault of driver of motor vehicle/driver of other vehicle/cyclist/pedestrian/passenger,Four lanes or more with central divider,Slight curve,,Light rain,TN34H   5054,P.V,Minor,0
17.08.2017,4:58 AM,1268.9,LHS,Rural,Jarugumalli,Rear End Collision, Containeer  vehicle hit Unknown vehicle,Container,Non injury,Fault of driver of motor vehicle/driver of other vehicle/cyclist/pedestrian/passenger,Four lanes or more with central divider,Slight curve,,Light rain,TN34H   5054,P.V,Non injured ,2
17.08.2017,4:58 AM,1268.9,LHS,Rural,Jarugumalli,Rear End Collision, Containeer  vehicle hit Unknown vehicle,Container,Non injury,Fault of driver of motor vehicle/driver of other vehicle/cyclist/pedestrian/passenger,Four lanes or more with central divider,Slight curve,,Light rain,TN34H   5054,P.V,Animals affected,0
17.08.2017,6:35 AM,1339.8,LHS,Rural,Dagadarthi,Rear End Collision, Car hit Unknown vehicle,Car,Minor injury,Fault of driver of motor vehicle/driver of other vehicle/cyclist/pedestrian/passenger,Four lanes or more with central divider,Straight road,,Light rain,AP07TE 3047,A.M.B&P.V,Fatal,0
17.08.2017,6:35 AM,1339.8,LHS,Rural,Dagadarthi,Rear End Collision, Car hit Unknown vehicle,Car,Minor injury,Fault of driver of motor vehicle/driver of other vehicle/cyclist/pedestrian/passenger,Four lanes or more with central divider,Straight road,,Light rain,AP07TE 3047,A.M.B&P.V,Grevious,0
17.08.2017,6:35 AM,1339.8,LHS,Rural,Dagadarthi,Rear End Collision, Car hit Unknown vehicle,Car,Minor injury,Fault of driver of motor vehicle/driver of other vehicle/cyclist/pedestrian/passenger,Four lanes or more with central divider,Straight road,,Light rain,AP07TE 3047,A.M.B&P.V,Minor,3
17.08.2017,6:35 AM,1339.8,LHS,Rural,Dagadarthi,Rear End Collision, Car hit Unknown vehicle,Car,Minor injury,Fault of driver of motor vehicle/driver of other vehicle/cyclist/pedestrian/passenger,Four lanes or more with central divider,Straight road,,Light rain,AP07TE 3047,A.M.B&P.V,Non injured ,6
17.08.2017,6:35 AM,1339.8,LHS,Rural,Dagadarthi,Rear End Collision, Car hit Unknown vehicle,Car,Minor injury,Fault of driver of motor vehicle/driver of other vehicle/cyclist/pedestrian/passenger,Four lanes or more with central divider,Straight road,,Light rain,AP07TE 3047,A.M.B&P.V,Animals affected,0
17.08.2017,10:15 PM,1188.6,LHS,Rural,Martur,Collision Brush/Side Wipe, Car hit Lorry,Car,Non injury,Fault of driver of motor vehicle/driver of other vehicle/cyclist/pedestrian/passenger,Four lanes or more with central divider,Straight road,,Fine,AP29BX 8107,P.V,Fatal,0
17.08.2017,10:15 PM,1188.6,LHS,Rural,Martur,Collision Brush/Side Wipe, Car hit Lorry,Car,Non injury,Fault of driver of motor vehicle/driver of other vehicle/cyclist/pedestrian/passenger,Four lanes or more with central divider,Straight road,,Fine,AP29BX 8107,P.V,Grevious,0
17.08.2017,10:15 PM,1188.6,LHS,Rural,Martur,Collision Brush/Side Wipe, Car hit Lorry,Car,Non injury,Fault of driver of motor vehicle/driver of other vehicle/cyclist/pedestrian/passenger,Four lanes or more with central divider,Straight road,,Fine,AP29BX 8107,P.V,Minor,0
17.08.2017,10:15 PM,1188.6,LHS,Rural,Martur,Collision Brush/Side Wipe, Car hit Lorry,Car,Non injury,Fault of driver of motor vehicle/driver of other vehicle/cyclist/pedestrian/passenger,Four lanes or more with central divider,Straight road,,Fine,AP29BX 8107,P.V,Non injured ,4
17.08.2017,10:15 PM,1188.6,LHS,Rural,Martur,Collision Brush/Side Wipe, Car hit Lorry,Car,Non injury,Fault of driver of motor vehicle/driver of other vehicle/cyclist/pedestrian/passenger,Four lanes or more with central divider,Straight road,,Fine,AP29BX 8107,P.V,Animals affected,0
18.08.2017,5:15 AM,1325.9,LHS,Rural,Kavali,Rear End Collision, Tanker hit Bolero pickup vehicle,Tanker,Grievious injury,Fault of driver of motor vehicle/driver of other vehicle/cyclist/pedestrian/passenger,Four lanes or more with central divider,Straight road,,Fine,TN90A    7391,A.M.B&P.V,Fatal,0
18.08.2017,5:15 AM,1325.9,LHS,Rural,Kavali,Rear End Collision, Tanker hit Bolero pickup vehicle,Tanker,Grievious injury,Fault of driver of motor vehicle/driver of other vehicle/cyclist/pedestrian/passenger,Four lanes or more with central divider,Straight road,,Fine,TN90A    7391,A.M.B&P.V,Grevious,1
18.08.2017,5:15 AM,1325.9,LHS,Rural,Kavali,Rear End Collision, Tanker hit Bolero pickup vehicle,Tanker,Grievious injury,Fault of driver of motor vehicle/driver of other vehicle/cyclist/pedestrian/passenger,Four lanes or more with central divider,Straight road,,Fine,TN90A    7391,A.M.B&P.V,Minor,0
18.08.2017,5:15 AM,1325.9,LHS,Rural,Kavali,Rear End Collision, Tanker hit Bolero pickup vehicle,Tanker,Grievious injury,Fault of driver of motor vehicle/driver of other vehicle/cyclist/pedestrian/passenger,Four lanes or more with central divider,Straight road,,Fine,TN90A    7391,A.M.B&P.V,Non injured ,3
18.08.2017,5:15 AM,1325.9,LHS,Rural,Kavali,Rear End Collision, Tanker hit Bolero pickup vehicle,Tanker,Grievious injury,Fault of driver of motor vehicle/driver of other vehicle/cyclist/pedestrian/passenger,Four lanes or more with central divider,Straight road,,Fine,TN90A    7391,A.M.B&P.V,Animals affected,0
18.08.2017,11:13 AM,1264.4,LHS,Rural,Tangutur,Rear End Collision, Tractor hit Car,Tractor,Minor injury,Fault of driver of motor vehicle/driver of other vehicle/cyclist/pedestrian/passenger,Four lanes or more with central divider,Straight road,,Fine,AP27TY  1744,A.M.B,Fatal,0
18.08.2017,11:13 AM,1264.4,LHS,Rural,Tangutur,Rear End Collision, Tractor hit Car,Tractor,Minor injury,Fault of driver of motor vehicle/driver of other vehicle/cyclist/pedestrian/passenger,Four lanes or more with central divider,Straight road,,Fine,AP27TY  1744,A.M.B,Grevious,0
18.08.2017,11:13 AM,1264.4,LHS,Rural,Tangutur,Rear End Collision, Tractor hit Car,Tractor,Minor injury,Fault of driver of motor vehicle/driver of other vehicle/cyclist/pedestrian/passenger,Four lanes or more with central divider,Straight road,,Fine,AP27TY  1744,A.M.B,Minor,2
18.08.2017,11:13 AM,1264.4,LHS,Rural,Tangutur,Rear End Collision, Tractor hit Car,Tractor,Minor injury,Fault of driver of motor vehicle/driver of other vehicle/cyclist/pedestrian/passenger,Four lanes or more with central divider,Straight road,,Fine,AP27TY  1744,A.M.B,Non injured ,1
18.08.2017,11:13 AM,1264.4,LHS,Rural,Tangutur,Rear End Collision, Tractor hit Car,Tractor,Minor injury,Fault of driver of motor vehicle/driver of other vehicle/cyclist/pedestrian/passenger,Four lanes or more with central divider,Straight road,,Fine,AP27TY  1744,A.M.B,Animals affected,0
19.08.2017,4:25 AM,1277.3,LHS,Rural,Singarayakonda,Rear End Collision, Unknown vehicle hit Pedestrian,Unknown,Fatal,Over speed,Four lanes or more with central divider,Straight road,,Fine,Unknown vehicle,P.V,Fatal,1
19.08.2017,4:25 AM,1277.3,LHS,Rural,Singarayakonda,Rear End Collision, Unknown vehicle hit Pedestrian,Unknown,Fatal,Over speed,Four lanes or more with central divider,Straight road,,Fine,Unknown vehicle,P.V,Grevious,0
19.08.2017,4:25 AM,1277.3,LHS,Rural,Singarayakonda,Rear End Collision, Unknown vehicle hit Pedestrian,Unknown,Fatal,Over speed,Four lanes or more with central divider,Straight road,,Fine,Unknown vehicle,P.V,Minor,0
19.08.2017,4:25 AM,1277.3,LHS,Rural,Singarayakonda,Rear End Collision, Unknown vehicle hit Pedestrian,Unknown,Fatal,Over speed,Four lanes or more with central divider,Straight road,,Fine,Unknown vehicle,P.V,Non injured ,0
19.08.2017,4:25 AM,1277.3,LHS,Rural,Singarayakonda,Rear End Collision, Unknown vehicle hit Pedestrian,Unknown,Fatal,Over speed,Four lanes or more with central divider,Straight road,,Fine,Unknown vehicle,P.V,Animals affected,0
19.08.2017,5:57 AM,1316.5,LHS,Rural,Kavali,Rear End Collision, Container vehicle hit Lorry,Container,Grievious injury,Fault of driver of motor vehicle/driver of other vehicle/cyclist/pedestrian/passenger,Four lanes or more with central divider,Straight road,,Fine,TS06UB   9589,A.M.B & P.V,Fatal,0