Operational date,Time of Accident,KM && M,Position,Rural/Urban,Location,Nature of Accident Position,Nature of Accident,Vehicle Involved,Type of Accident,Causes,Road Feature,Road condition,Intersection Type And Control,Weather Condition,Vehicle Responsible,Help Provided by Ambulance/Patroling Vehicle,Classification of Accident,No of Affected Persons
19.08.2017,5:57 AM,1316.5,LHS,Rural,Kavali,Rear End Collision, Container vehicle hit Lorry,Container,Grievious injury,Fault of driver of motor vehicle/driver of other vehicle/cyclist/pedestrian/passenger,Four lanes or more with central divider,Straight road,,Fine,TS06UB   9589,A.M.B & P.V,Grevious,1
19.08.2017,5:57 AM,1316.5,LHS,Rural,Kavali,Rear End Collision, Container vehicle hit Lorry,Container,Grievious injury,Fault of driver of motor vehicle/driver of other vehicle/cyclist/pedestrian/passenger,Four lanes or more with central divider,Straight road,,Fine,TS06UB   9589,A.M.B & P.V,Minor,1
19.08.2017,5:57 AM,1316.5,LHS,Rural,Kavali,Rear End Collision, Container vehicle hit Lorry,Container,Grievious injury,Fault of driver of motor vehicle/driver of other vehicle/cyclist/pedestrian/passenger,Four lanes or more with central divider,Straight road,,Fine,TS06UB   9589,A.M.B & P.V,Non injured ,2
19.08.2017,5:57 AM,1316.5,LHS,Rural,Kavali,Rear End Collision, Container vehicle hit Lorry,Container,Grievious injury,Fault of driver of motor vehicle/driver of other vehicle/cyclist/pedestrian/passenger,Four lanes or more with central divider,Straight road,,Fine,TS06UB   9589,A.M.B & P.V,Animals affected,0
19.08.2017,5:17 PM,1201.2,LHS,Rural,Reningavaram,Skidding, Bike skidding,Bike,Minor injury,Defect in mechanical condition of motor vehicle/road condition,Four lanes or more with central divider,Straight road,,Fine,AP27R   6912,A.M.B,Fatal,0
19.08.2017,5:17 PM,1201.2,LHS,Rural,Reningavaram,Skidding, Bike skidding,Bike,Minor injury,Defect in mechanical condition of motor vehicle/road condition,Four lanes or more with central divider,Straight road,,Fine,AP27R   6912,A.M.B,Grevious,0
19.08.2017,5:17 PM,1201.2,LHS,Rural,Reningavaram,Skidding, Bike skidding,Bike,Minor injury,Defect in mechanical condition of motor vehicle/road condition,Four lanes or more with central divider,Straight road,,Fine,AP27R   6912,A.M.B,Minor,2
19.08.2017,5:17 PM,1201.2,LHS,Rural,Reningavaram,Skidding, Bike skidding,Bike,Minor injury,Defect in mechanical condition of motor vehicle/road condition,Four lanes or more with central divider,Straight road,,Fine,AP27R   6912,A.M.B,Non injured ,0
19.08.2017,5:17 PM,1201.2,LHS,Rural,Reningavaram,Skidding, Bike skidding,Bike,Minor injury,Defect in mechanical condition of motor vehicle/road condition,Four lanes or more with central divider,Straight road,,Fine,AP27R   6912,A.M.B,Animals affected,0
20.08.2017,4:28 AM,1290.2,RHS,Rural,Ulavapadu,Rear End Collision, Toofan Car hit Unknown vehicle,Car,Grievious injury,Fault of driver of motor vehicle/driver of other vehicle/cyclist/pedestrian/passenger,Four lanes or more with central divider,Straight road,,Fine,AP26TX   7736,A.M.B & P.V,Fatal,0
20.08.2017,4:28 AM,1290.2,RHS,Rural,Ulavapadu,Rear End Collision, Toofan Car hit Unknown vehicle,Car,Grievious injury,Fault of driver of motor vehicle/driver of other vehicle/cyclist/pedestrian/passenger,Four lanes or more with central divider,Straight road,,Fine,AP26TX   7736,A.M.B & P.V,Grevious,2
20.08.2017,4:28 AM,1290.2,RHS,Rural,Ulavapadu,Rear End Collision, Toofan Car hit Unknown vehicle,Car,Grievious injury,Fault of driver of motor vehicle/driver of other vehicle/cyclist/pedestrian/passenger,Four lanes or more with central divider,Straight road,,Fine,AP26TX   7736,A.M.B & P.V,Minor,3
20.08.2017,4:28 AM,1290.2,RHS,Rural,Ulavapadu,Rear End Collision, Toofan Car hit Unknown vehicle,Car,Grievious injury,Fault of driver of motor vehicle/driver of other vehicle/cyclist/pedestrian/passenger,Four lanes or more with central divider,Straight road,,Fine,AP26TX   7736,A.M.B & P.V,Non injured ,13
20.08.2017,4:28 AM,1290.2,RHS,Rural,Ulavapadu,Rear End Collision, Toofan Car hit Unknown vehicle,Car,Grievious injury,Fault of driver of motor vehicle/driver of other vehicle/cyclist/pedestrian/passenger,Four lanes or more with central divider,Straight road,,Fine,AP26TX   7736,A.M.B & P.V,Animals affected,0
21.08.2017,2:30 AM,1202.8,RHS,Rural,Reningavaram,Collision Brush/Side Wipe, Car hit Saftey grills,Car,Grievious injury,Fault of driver of motor vehicle/driver of other vehicle/cyclist/pedestrian/passenger,Four lanes or more with central divider,Straight road,,Fine,AP37CU   6795,A.M.B & P.V,Fatal,0
21.08.2017,2:30 AM,1202.8,RHS,Rural,Reningavaram,Collision Brush/Side Wipe, Car hit Saftey grills,Car,Grievious injury,Fault of driver of motor vehicle/driver of other vehicle/cyclist/pedestrian/passenger,Four lanes or more with central divider,Straight road,,Fine,AP37CU   6795,A.M.B & P.V,Grevious,2
21.08.2017,2:30 AM,1202.8,RHS,Rural,Reningavaram,Collision Brush/Side Wipe, Car hit Saftey grills,Car,Grievious injury,Fault of driver of motor vehicle/driver of other vehicle/cyclist/pedestrian/passenger,Four lanes or more with central divider,Straight road,,Fine,AP37CU   6795,A.M.B & P.V,Minor,0
21.08.2017,2:30 AM,1202.8,RHS,Rural,Reningavaram,Collision Brush/Side Wipe, Car hit Saftey grills,Car,Grievious injury,Fault of driver of motor vehicle/driver of other vehicle/cyclist/pedestrian/passenger,Four lanes or more with central divider,Straight road,,Fine,AP37CU   6795,A.M.B & P.V,Non injured ,1
21.08.2017,2:30 AM,1202.8,RHS,Rural,Reningavaram,Collision Brush/Side Wipe, Car hit Saftey grills,Car,Grievious injury,Fault of driver of motor vehicle/driver of other vehicle/cyclist/pedestrian/passenger,Four lanes or more with central divider,Straight road,,Fine,AP37CU   6795,A.M.B & P.V,Animals affected,0
21.08.2017,11:02 AM,1200.3,RHS,Rural,Reningavaram,Collision Brush/Side Wipe, Tractor hit Bike,Tractor,Minor injury,Fault of driver of motor vehicle/driver of other vehicle/cyclist/pedestrian/passenger,Four lanes or more with central divider,Straight road,,Fine,AP27V   0991,A.M.B,Fatal,0
21.08.2017,11:02 AM,1200.3,RHS,Rural,Reningavaram,Collision Brush/Side Wipe, Tractor hit Bike,Tractor,Minor injury,Fault of driver of motor vehicle/driver of other vehicle/cyclist/pedestrian/passenger,Four lanes or more with central divider,Straight road,,Fine,AP27V   0991,A.M.B,Grevious,0
21.08.2017,11:02 AM,1200.3,RHS,Rural,Reningavaram,Collision Brush/Side Wipe, Tractor hit Bike,Tractor,Minor injury,Fault of driver of motor vehicle/driver of other vehicle/cyclist/pedestrian/passenger,Four lanes or more with central divider,Straight road,,Fine,AP27V   0991,A.M.B,Minor,1
21.08.2017,11:02 AM,1200.3,RHS,Rural,Reningavaram,Collision Brush/Side Wipe, Tractor hit Bike,Tractor,Minor injury,Fault of driver of motor vehicle/driver of other vehicle/cyclist/pedestrian/passenger,Four lanes or more with central divider,Straight road,,Fine,AP27V   0991,A.M.B,Non injured ,0
21.08.2017,11:02 AM,1200.3,RHS,Rural,Reningavaram,Collision Brush/Side Wipe, Tractor hit Bike,Tractor,Minor injury,Fault of driver of motor vehicle/driver of other vehicle/cyclist/pedestrian/passenger,Four lanes or more with central divider,Straight road,,Fine,AP27V   0991,A.M.B,Animals affected,0
21.08.2017,6:15 PM,1291.1,LHS,Rural,Ulavapadu,Rear End Collision, Ambulence hit Unknown vehicle,Ambulance,Grievious injury,Over speed,Four lanes or more with central divider,Straight road,,Fine,TN11C   9894,P.V,Fatal,0
21.08.2017,6:15 PM,1291.1,LHS,Rural,Ulavapadu,Rear End Collision, Ambulence hit Unknown vehicle,Ambulance,Grievious injury,Over speed,Four lanes or more with central divider,Straight road,,Fine,TN11C   9894,P.V,Grevious,1
21.08.2017,6:15 PM,1291.1,LHS,Rural,Ulavapadu,Rear End Collision, Ambulence hit Unknown vehicle,Ambulance,Grievious injury,Over speed,Four lanes or more with central divider,Straight road,,Fine,TN11C   9894,P.V,Minor,0
21.08.2017,6:15 PM,1291.1,LHS,Rural,Ulavapadu,Rear End Collision, Ambulence hit Unknown vehicle,Ambulance,Grievious injury,Over speed,Four lanes or more with central divider,Straight road,,Fine,TN11C   9894,P.V,Non injured ,1
21.08.2017,6:15 PM,1291.1,LHS,Rural,Ulavapadu,Rear End Collision, Ambulence hit Unknown vehicle,Ambulance,Grievious injury,Over speed,Four lanes or more with central divider,Straight road,,Fine,TN11C   9894,P.V,Animals affected,0
21.08.2017,11:23 PM,1206.2,LHS,Rural,Reningavaram,Collision Brush/Side Wipe, Container vehicle hit Lorry,Container,Fatal,Fault of driver of motor vehicle/driver of other vehicle/cyclist/pedestrian/passenger,Four lanes or more with central divider,Straight road,,Fine,TN04AQ   0913,P.V,Fatal,2
21.08.2017,11:23 PM,1206.2,LHS,Rural,Reningavaram,Collision Brush/Side Wipe, Container vehicle hit Lorry,Container,Fatal,Fault of driver of motor vehicle/driver of other vehicle/cyclist/pedestrian/passenger,Four lanes or more with central divider,Straight road,,Fine,TN04AQ   0913,P.V,Grevious,0
21.08.2017,11:23 PM,1206.2,LHS,Rural,Reningavaram,Collision Brush/Side Wipe, Container vehicle hit Lorry,Container,Fatal,Fault of driver of motor vehicle/driver of other vehicle/cyclist/pedestrian/passenger,Four lanes or more with central divider,Straight road,,Fine,TN04AQ   0913,P.V,Minor,0
21.08.2017,11:23 PM,1206.2,LHS,Rural,Reningavaram,Collision Brush/Side Wipe, Container vehicle hit Lorry,Container,Fatal,Fault of driver of motor vehicle/driver of other vehicle/cyclist/pedestrian/passenger,Four lanes or more with central divider,Straight road,,Fine,TN04AQ   0913,P.V,Non injured ,1
21.08.2017,11:23 PM,1206.2,LHS,Rural,Reningavaram,Collision Brush/Side Wipe, Container vehicle hit Lorry,Container,Fatal,Fault of driver of motor vehicle/driver of other vehicle/cyclist/pedestrian/passenger,Four lanes or more with central divider,Straight road,,Fine,TN04AQ   0913,P.V,Animals affected,0
22.08.2017,4:00 AM,1227.2,RHS,Rural,Maddipadu,Rear End Collision, Bharathi Travels Bus hit Unknown Vehicl,Bus,Non injury,Fault of driver of motor vehicle/driver of other vehicle/cyclist/pedestrian/passenger,Four lanes or more with central divider,Straight road,,Fine,AP03TF 2255,P.V,Fatal,0
22.08.2017,4:00 AM,1227.2,RHS,Rural,Maddipadu,Rear End Collision, Bharathi Travels Bus hit Unknown Vehicl,Bus,Non injury,Fault of driver of motor vehicle/driver of other vehicle/cyclist/pedestrian/passenger,Four lanes or more with central divider,Straight road,,Fine,AP03TF 2255,P.V,Grevious,0
22.08.2017,4:00 AM,1227.2,RHS,Rural,Maddipadu,Rear End Collision, Bharathi Travels Bus hit Unknown Vehicl,Bus,Non injury,Fault of driver of motor vehicle/driver of other vehicle/cyclist/pedestrian/passenger,Four lanes or more with central divider,Straight road,,Fine,AP03TF 2255,P.V,Minor,0
22.08.2017,4:00 AM,1227.2,RHS,Rural,Maddipadu,Rear End Collision, Bharathi Travels Bus hit Unknown Vehicl,Bus,Non injury,Fault of driver of motor vehicle/driver of other vehicle/cyclist/pedestrian/passenger,Four lanes or more with central divider,Straight road,,Fine,AP03TF 2255,P.V,Non injured ,40
22.08.2017,4:00 AM,1227.2,RHS,Rural,Maddipadu,Rear End Collision, Bharathi Travels Bus hit Unknown Vehicl,Bus,Non injury,Fault of driver of motor vehicle/driver of other vehicle/cyclist/pedestrian/passenger,Four lanes or more with central divider,Straight road,,Fine,AP03TF 2255,P.V,Animals affected,0
22.08.2017,1:10 PM,1232.8,RHS,Rural,Maddipadu,Collision Brush/Side Wipe, Car hit Containeer Vehicle,Car,Non injury,Over speed,Four lanes or more with central divider,Straight road,,Fine,AP27BN 0720,P.V,Fatal,0
22.08.2017,1:10 PM,1232.8,RHS,Rural,Maddipadu,Collision Brush/Side Wipe, Car hit Containeer Vehicle,Car,Non injury,Over speed,Four lanes or more with central divider,Straight road,,Fine,AP27BN 0720,P.V,Grevious,0
22.08.2017,1:10 PM,1232.8,RHS,Rural,Maddipadu,Collision Brush/Side Wipe, Car hit Containeer Vehicle,Car,Non injury,Over speed,Four lanes or more with central divider,Straight road,,Fine,AP27BN 0720,P.V,Minor,0
22.08.2017,1:10 PM,1232.8,RHS,Rural,Maddipadu,Collision Brush/Side Wipe, Car hit Containeer Vehicle,Car,Non injury,Over speed,Four lanes or more with central divider,Straight road,,Fine,AP27BN 0720,P.V,Non injured ,4
22.08.2017,1:10 PM,1232.8,RHS,Rural,Maddipadu,Collision Brush/Side Wipe, Car hit Containeer Vehicle,Car,Non injury,Over speed,Four lanes or more with central divider,Straight road,,Fine,AP27BN 0720,P.V,Animals affected,0
23.08.2017,12:05 AM,1356.1,LHS,Rural,Kodavaluru,Collision Brush/Side Wipe, Containeer Vehicle hit Unknown Vehicle,Container,Grievious injury,Fault of driver of motor vehicle/driver of other vehicle/cyclist/pedestrian/passenger,Four lanes or more with central divider,Straight road,,Fine,PB65AH 6617,A.M.B& P.V,Fatal,0
23.08.2017,12:05 AM,1356.1,LHS,Rural,Kodavaluru,Collision Brush/Side Wipe, Containeer Vehicle hit Unknown Vehicle,Container,Grievious injury,Fault of driver of motor vehicle/driver of other vehicle/cyclist/pedestrian/passenger,Four lanes or more with central divider,Straight road,,Fine,PB65AH 6617,A.M.B& P.V,Grevious,1
23.08.2017,12:05 AM,1356.1,LHS,Rural,Kodavaluru,Collision Brush/Side Wipe, Containeer Vehicle hit Unknown Vehicle,Container,Grievious injury,Fault of driver of motor vehicle/driver of other vehicle/cyclist/pedestrian/passenger,Four lanes or more with central divider,Straight road,,Fine,PB65AH 6617,A.M.B& P.V,Minor,0
23.08.2017,12:05 AM,1356.1,LHS,Rural,Kodavaluru,Collision Brush/Side Wipe, Containeer Vehicle hit Unknown Vehicle,Container,Grievious injury,Fault of driver of motor vehicle/driver of other vehicle/cyclist/pedestrian/passenger,Four lanes or more with central divider,Straight road,,Fine,PB65AH 6617,A.M.B& P.V,Non injured ,1
23.08.2017,12:05 AM,1356.1,LHS,Rural,Kodavaluru,Collision Brush/Side Wipe, Containeer Vehicle hit Unknown Vehicle,Container,Grievious injury,Fault of driver of motor vehicle/driver of other vehicle/cyclist/pedestrian/passenger,Four lanes or more with central divider,Straight road,,Fine,PB65AH 6617,A.M.B& P.V,Animals affected,0
23.08.2017,6:50 AM,1346.8,LHS,Rural,Dagadarthi,Rear End Collision, Super Luxury Bus hit Unknown Vehicle,Bus,Grievious injury,Fault of driver of motor vehicle/driver of other vehicle/cyclist/pedestrian/passenger,Four lanes or more with central divider,Straight road,,Fine,TS02Z 0304,P.V,Fatal,0
23.08.2017,6:50 AM,1346.8,LHS,Rural,Dagadarthi,Rear End Collision, Super Luxury Bus hit Unknown Vehicle,Bus,Grievious injury,Fault of driver of motor vehicle/driver of other vehicle/cyclist/pedestrian/passenger,Four lanes or more with central divider,Straight road,,Fine,TS02Z 0304,P.V,Grevious,1
23.08.2017,6:50 AM,1346.8,LHS,Rural,Dagadarthi,Rear End Collision, Super Luxury Bus hit Unknown Vehicle,Bus,Grievious injury,Fault of driver of motor vehicle/driver of other vehicle/cyclist/pedestrian/passenger,Four lanes or more with central divider,Straight road,,Fine,TS02Z 0304,P.V,Minor,0
23.08.2017,6:50 AM,1346.8,LHS,Rural,Dagadarthi,Rear End Collision, Super Luxury Bus hit Unknown Vehicle,Bus,Grievious injury,Fault of driver of motor vehicle/driver of other vehicle/cyclist/pedestrian/passenger,Four lanes or more with central divider,Straight road,,Fine,TS02Z 0304,P.V,Non injured ,18
23.08.2017,6:50 AM,1346.8,LHS,Rural,Dagadarthi,Rear End Collision, Super Luxury Bus hit Unknown Vehicle,Bus,Grievious injury,Fault of driver of motor vehicle/driver of other vehicle/cyclist/pedestrian/passenger,Four lanes or more with central divider,Straight road,,Fine,TS02Z 0304,P.V,Animals affected,0
23.08.2017,2:20 PM,1243.3,LHS,Urban,Ongole,Collision Brush/Side Wipe, Bolero Pickup Vehicle hit VUP Safety wa,Car,Fatal,Over speed,Four lanes or more with central divider,Straight road,,Fine,AP03X   1078,P.V,Fatal,2
23.08.2017,2:20 PM,1243.3,LHS,Urban,Ongole,Collision Brush/Side Wipe, Bolero Pickup Vehicle hit VUP Safety wa,Car,Fatal,Over speed,Four lanes or more with central divider,Straight road,,Fine,AP03X   1078,P.V,Grevious,0
23.08.2017,2:20 PM,1243.3,LHS,Urban,Ongole,Collision Brush/Side Wipe, Bolero Pickup Vehicle hit VUP Safety wa,Car,Fatal,Over speed,Four lanes or more with central divider,Straight road,,Fine,AP03X   1078,P.V,Minor,0
23.08.2017,2:20 PM,1243.3,LHS,Urban,Ongole,Collision Brush/Side Wipe, Bolero Pickup Vehicle hit VUP Safety wa,Car,Fatal,Over speed,Four lanes or more with central divider,Straight road,,Fine,AP03X   1078,P.V,Non injured ,0
23.08.2017,2:20 PM,1243.3,LHS,Urban,Ongole,Collision Brush/Side Wipe, Bolero Pickup Vehicle hit VUP Safety wa,Car,Fatal,Over speed,Four lanes or more with central divider,Straight road,,Fine,AP03X   1078,P.V,Animals affected,0
23.08.2017,3:40 PM,1269.7,RHS,Rural,Jarugumalli,Collision Brush/Side Wipe, Unknown Vehicle hit Bike,Unknown,Grievious injury,Over speed,Four lanes or more with central divider,Slight curve,,Fine,Unknown Vehicle,A.M.B& P.V,Fatal,0
23.08.2017,3:40 PM,1269.7,RHS,Rural,Jarugumalli,Collision Brush/Side Wipe, Unknown Vehicle hit Bike,Unknown,Grievious injury,Over speed,Four lanes or more with central divider,Slight curve,,Fine,Unknown Vehicle,A.M.B& P.V,Grevious,1
23.08.2017,3:40 PM,1269.7,RHS,Rural,Jarugumalli,Collision Brush/Side Wipe, Unknown Vehicle hit Bike,Unknown,Grievious injury,Over speed,Four lanes or more with central divider,Slight curve,,Fine,Unknown Vehicle,A.M.B& P.V,Minor,0
23.08.2017,3:40 PM,1269.7,RHS,Rural,Jarugumalli,Collision Brush/Side Wipe, Unknown Vehicle hit Bike,Unknown,Grievious injury,Over speed,Four lanes or more with central divider,Slight curve,,Fine,Unknown Vehicle,A.M.B& P.V,Non injured ,0
23.08.2017,3:40 PM,1269.7,RHS,Rural,Jarugumalli,Collision Brush/Side Wipe, Unknown Vehicle hit Bike,Unknown,Grievious injury,Over speed,Four lanes or more with central divider,Slight curve,,Fine,Unknown Vehicle,A.M.B& P.V,Animals affected,0
24.08.2017,2:50 AM,1222.9,LHS,Rural,Medarametla,Rear End Collision, YatraGenie Bus hit Unknown Vehicle,Bus,Fatal,Over speed,Four lanes or more with central divider,Slight curve,,Fine,KA01AF 5695,A.M.B& P.V,Fatal,1
24.08.2017,2:50 AM,1222.9,LHS,Rural,Medarametla,Rear End Collision, YatraGenie Bus hit Unknown Vehicle,Bus,Fatal,Over speed,Four lanes or more with central divider,Slight curve,,Fine,KA01AF 5695,A.M.B& P.V,Grevious,2
24.08.2017,2:50 AM,1222.9,LHS,Rural,Medarametla,Rear End Collision, YatraGenie Bus hit Unknown Vehicle,Bus,Fatal,Over speed,Four lanes or more with central divider,Slight curve,,Fine,KA01AF 5695,A.M.B& P.V,Minor,1
24.08.2017,2:50 AM,1222.9,LHS,Rural,Medarametla,Rear End Collision, YatraGenie Bus hit Unknown Vehicle,Bus,Fatal,Over speed,Four lanes or more with central divider,Slight curve,,Fine,KA01AF 5695,A.M.B& P.V,Non injured ,47
24.08.2017,2:50 AM,1222.9,LHS,Rural,Medarametla,Rear End Collision, YatraGenie Bus hit Unknown Vehicle,Bus,Fatal,Over speed,Four lanes or more with central divider,Slight curve,,Fine,KA01AF 5695,A.M.B& P.V,Animals affected,0
25.08.2017,3:10 AM,1354.7,RHS,Rural,Kodavaluru,Rear End Collision, Ashok Leyland Ecomet Vehicle hit Bolero,Lorry,Minor injury,Fault of driver of motor vehicle/driver of other vehicle/cyclist/pedestrian/passenger,Four lanes or more with central divider,Straight road,,Fine,TS05UC 1705,A.M.B& P.V,Fatal,0
25.08.2017,3:10 AM,1354.7,RHS,Rural,Kodavaluru,Rear End Collision, Ashok Leyland Ecomet Vehicle hit Bolero,Lorry,Minor injury,Fault of driver of motor vehicle/driver of other vehicle/cyclist/pedestrian/passenger,Four lanes or more with central divider,Straight road,,Fine,TS05UC 1705,A.M.B& P.V,Grevious,0
25.08.2017,3:10 AM,1354.7,RHS,Rural,Kodavaluru,Rear End Collision, Ashok Leyland Ecomet Vehicle hit Bolero,Lorry,Minor injury,Fault of driver of motor vehicle/driver of other vehicle/cyclist/pedestrian/passenger,Four lanes or more with central divider,Straight road,,Fine,TS05UC 1705,A.M.B& P.V,Minor,1
25.08.2017,3:10 AM,1354.7,RHS,Rural,Kodavaluru,Rear End Collision, Ashok Leyland Ecomet Vehicle hit Bolero,Lorry,Minor injury,Fault of driver of motor vehicle/driver of other vehicle/cyclist/pedestrian/passenger,Four lanes or more with central divider,Straight road,,Fine,TS05UC 1705,A.M.B& P.V,Non injured ,4
25.08.2017,3:10 AM,1354.7,RHS,Rural,Kodavaluru,Rear End Collision, Ashok Leyland Ecomet Vehicle hit Bolero,Lorry,Minor injury,Fault of driver of motor vehicle/driver of other vehicle/cyclist/pedestrian/passenger,Four lanes or more with central divider,Straight road,,Fine,TS05UC 1705,A.M.B& P.V,Animals affected,0
25.08.2017,7:45 AM,1269,RHS,Rural,Jarugumalli,Collision Brush/Side Wipe, Car hit Tractor,Car,Grievious injury,Over speed,Four lanes or more with central divider,Straight road,,Heavy rain,AP27AQ   0099,P.V,Fatal,0
25.08.2017,7:45 AM,1269,RHS,Rural,Jarugumalli,Collision Brush/Side Wipe, Car hit Tractor,Car,Grievious injury,Over speed,Four lanes or more with central divider,Straight road,,Heavy rain,AP27AQ   0099,P.V,Grevious,1
25.08.2017,7:45 AM,1269,RHS,Rural,Jarugumalli,Collision Brush/Side Wipe, Car hit Tractor,Car,Grievious injury,Over speed,Four lanes or more with central divider,Straight road,,Heavy rain,AP27AQ   0099,P.V,Minor,1
25.08.2017,7:45 AM,1269,RHS,Rural,Jarugumalli,Collision Brush/Side Wipe, Car hit Tractor,Car,Grievious injury,Over speed,Four lanes or more with central divider,Straight road,,Heavy rain,AP27AQ   0099,P.V,Non injured ,0
25.08.2017,7:45 AM,1269,RHS,Rural,Jarugumalli,Collision Brush/Side Wipe, Car hit Tractor,Car,Grievious injury,Over speed,Four lanes or more with central divider,Straight road,,Heavy rain,AP27AQ   0099,P.V,Animals affected,0
25.08.2017,12:20 PM,1352.4,LHS,Rural,Kodavaluru,Rear End Collision, Long container vehicle hit Tanker,Lorry,Grievious injury,Over speed,Four lanes or more with central divider,Straight road,,Heavy rain,TN04AJ   6170,P.V,Fatal,0
25.08.2017,12:20 PM,1352.4,LHS,Rural,Kodavaluru,Rear End Collision, Long container vehicle hit Tanker,Lorry,Grievious injury,Over speed,Four lanes or more with central divider,Straight road,,Heavy rain,TN04AJ   6170,P.V,Grevious,1
25.08.2017,12:20 PM,1352.4,LHS,Rural,Kodavaluru,Rear End Collision, Long container vehicle hit Tanker,Lorry,Grievious injury,Over speed,Four lanes or more with central divider,Straight road,,Heavy rain,TN04AJ   6170,P.V,Minor,0
25.08.2017,12:20 PM,1352.4,LHS,Rural,Kodavaluru,Rear End Collision, Long container vehicle hit Tanker,Lorry,Grievious injury,Over speed,Four lanes or more with central divider,Straight road,,Heavy rain,TN04AJ   6170,P.V,Non injured ,1
25.08.2017,12:20 PM,1352.4,LHS,Rural,Kodavaluru,Rear End Collision, Long container vehicle hit Tanker,Lorry,Grievious injury,Over speed,Four lanes or more with central divider,Straight road,,Heavy rain,TN04AJ   6170,P.V,Animals affected,0
26.08.2017,3:44 PM,1202.9,RHS,Rural,Reningavaram,Overturning, Auto hit Median and Overturned,Auto,Grievious injury,Druken,Four lanes or more with central divider,Straight road,,Fine,AP27TX  0784,A.M.B,Fatal,0
26.08.2017,3:44 PM,1202.9,RHS,Rural,Reningavaram,Overturning, Auto hit Median and Overturned,Auto,Grievious injury,Druken,Four lanes or more with central divider,Straight road,,Fine,AP27TX  0784,A.M.B,Grevious,1
26.08.2017,3:44 PM,1202.9,RHS,Rural,Reningavaram,Overturning, Auto hit Median and Overturned,Auto,Grievious injury,Druken,Four lanes or more with central divider,Straight road,,Fine,AP27TX  0784,A.M.B,Minor,2
26.08.2017,3:44 PM,1202.9,RHS,Rural,Reningavaram,Overturning, Auto hit Median and Overturned,Auto,Grievious injury,Druken,Four lanes or more with central divider,Straight road,,Fine,AP27TX  0784,A.M.B,Non injured ,0
26.08.2017,3:44 PM,1202.9,RHS,Rural,Reningavaram,Overturning, Auto hit Median and Overturned,Auto,Grievious injury,Druken,Four lanes or more with central divider,Straight road,,Fine,AP27TX  0784,A.M.B,Animals affected,0
26.08.2017,10:50 PM,1352.4,LHS,Rural,Kodavaluru,Rear End Collision, Unknown vehicle hit Pedestrian,Unknown,Fatal,Over speed,Four lanes or more with central divider,Straight road,,Fine,Unknown vehicle,P.V,Fatal,1
26.08.2017,10:50 PM,1352.4,LHS,Rural,Kodavaluru,Rear End Collision, Unknown vehicle hit Pedestrian,Unknown,Fatal,Over speed,Four lanes or more with central divider,Straight road,,Fine,Unknown vehicle,P.V,Grevious,0
26.08.2017,10:50 PM,1352.4,LHS,Rural,Kodavaluru,Rear End Collision, Unknown vehicle hit Pedestrian,Unknown,Fatal,Over speed,Four lanes or more with central divider,Straight road,,Fine,Unknown vehicle,P.V,Minor,0
26.08.2017,10:50 PM,1352.4,LHS,Rural,Kodavaluru,Rear End Collision, Unknown vehicle hit Pedestrian,Unknown,Fatal,Over speed,Four lanes or more with central divider,Straight road,,Fine,Unknown vehicle,P.V,Non injured ,0
26.08.2017,10:50 PM,1352.4,LHS,Rural,Kodavaluru,Rear End Collision, Unknown vehicle hit Pedestrian,Unknown,Fatal,Over speed,Four lanes or more with central divider,Straight road,,Fine,Unknown vehicle,P.V,Animals affected,0
26.08.2017,10:15 PM,1291.6,LHS,Rural,Ulavapadu,Collision Brush/Side Wipe, Mini Truck hit Water Tanker,Lorry,Non injury,Fault of driver of motor vehicle/driver of other vehicle/cyclist/pedestrian/passenger,Four lanes or more with central divider,Straight road,,Fine,TN06     9796,P.V,Fatal,0
26.08.2017,10:15 PM,1291.6,LHS,Rural,Ulavapadu,Collision Brush/Side Wipe, Mini Truck hit Water Tanker,Lorry,Non injury,Fault of driver of motor vehicle/driver of other vehicle/cyclist/pedestrian/passenger,Four lanes or more with central divider,Straight road,,Fine,TN06     9796,P.V,Grevious,0
26.08.2017,10:15 PM,1291.6,LHS,Rural,Ulavapadu,Collision Brush/Side Wipe, Mini Truck hit Water Tanker,Lorry,Non injury,Fault of driver of motor vehicle/driver of other vehicle/cyclist/pedestrian/passenger,Four lanes or more with central divider,Straight road,,Fine,TN06     9796,P.V,Minor,0
26.08.2017,10:15 PM,1291.6,LHS,Rural,Ulavapadu,Collision Brush/Side Wipe, Mini Truck hit Water Tanker,Lorry,Non injury,Fault of driver of motor vehicle/driver of other vehicle/cyclist/pedestrian/passenger,Four lanes or more with central divider,Straight road,,Fine,TN06     9796,P.V,Non injured ,2
26.08.2017,10:15 PM,1291.6,LHS,Rural,Ulavapadu,Collision Brush/Side Wipe, Mini Truck hit Water Tanker,Lorry,Non injury,Fault of driver of motor vehicle/driver of other vehicle/cyclist/pedestrian/passenger,Four lanes or more with central divider,Straight road,,Fine,TN06     9796,P.V,Animals affected,0
29.08.2017,8:15 PM,1323.2,LHS,Rural,Kavali,Rear End Collision, Container Vehicle hit CC Barrier,Container,Non injury,Fault of driver of motor vehicle/driver of other vehicle/cyclist/pedestrian/passenger,Four lanes or more with central divider,Straight road,,Fine,HR47B   5695,P.V,Fatal,0