Operational date,Time of Accident,KM && M,Position,Rural/Urban,Location,Nature of Accident Position,Nature of Accident,Vehicle Involved,Type of Accident,Causes,Road Feature,Road condition,Intersection Type And Control,Weather Condition,Vehicle Responsible,Help Provided by Ambulance/Patroling Vehicle,Classification of Accident,No of Affected Persons
29.08.2017,8:15 PM,1323.2,LHS,Rural,Kavali,Rear End Collision, Container Vehicle hit CC Barrier,Container,Non injury,Fault of driver of motor vehicle/driver of other vehicle/cyclist/pedestrian/passenger,Four lanes or more with central divider,Straight road,,Fine,HR47B   5695,P.V,Grevious,0
29.08.2017,8:15 PM,1323.2,LHS,Rural,Kavali,Rear End Collision, Container Vehicle hit CC Barrier,Container,Non injury,Fault of driver of motor vehicle/driver of other vehicle/cyclist/pedestrian/passenger,Four lanes or more with central divider,Straight road,,Fine,HR47B   5695,P.V,Minor,0
29.08.2017,8:15 PM,1323.2,LHS,Rural,Kavali,Rear End Collision, Container Vehicle hit CC Barrier,Container,Non injury,Fault of driver of motor vehicle/driver of other vehicle/cyclist/pedestrian/passenger,Four lanes or more with central divider,Straight road,,Fine,HR47B   5695,P.V,Non injured ,1
29.08.2017,8:15 PM,1323.2,LHS,Rural,Kavali,Rear End Collision, Container Vehicle hit CC Barrier,Container,Non injury,Fault of driver of motor vehicle/driver of other vehicle/cyclist/pedestrian/passenger,Four lanes or more with central divider,Straight road,,Fine,HR47B   5695,P.V,Animals affected,0
29.08.2017,9:54 PM,1239.1,LHS,Rural,Ongole,Collision Brush/Side Wipe, Container Vehicle hit CC Barrier,Container,Non injury,Fault of driver of motor vehicle/driver of other vehicle/cyclist/pedestrian/passenger,Four lanes or more with central divider,Straight road,,Fine,AP27TX  4555,P.V,Fatal,0
29.08.2017,9:54 PM,1239.1,LHS,Rural,Ongole,Collision Brush/Side Wipe, Container Vehicle hit CC Barrier,Container,Non injury,Fault of driver of motor vehicle/driver of other vehicle/cyclist/pedestrian/passenger,Four lanes or more with central divider,Straight road,,Fine,AP27TX  4555,P.V,Grevious,0
29.08.2017,9:54 PM,1239.1,LHS,Rural,Ongole,Collision Brush/Side Wipe, Container Vehicle hit CC Barrier,Container,Non injury,Fault of driver of motor vehicle/driver of other vehicle/cyclist/pedestrian/passenger,Four lanes or more with central divider,Straight road,,Fine,AP27TX  4555,P.V,Minor,0
29.08.2017,9:54 PM,1239.1,LHS,Rural,Ongole,Collision Brush/Side Wipe, Container Vehicle hit CC Barrier,Container,Non injury,Fault of driver of motor vehicle/driver of other vehicle/cyclist/pedestrian/passenger,Four lanes or more with central divider,Straight road,,Fine,AP27TX  4555,P.V,Non injured ,1
29.08.2017,9:54 PM,1239.1,LHS,Rural,Ongole,Collision Brush/Side Wipe, Container Vehicle hit CC Barrier,Container,Non injury,Fault of driver of motor vehicle/driver of other vehicle/cyclist/pedestrian/passenger,Four lanes or more with central divider,Straight road,,Fine,AP27TX  4555,P.V,Animals affected,0
30.08.2017,5:50 AM,1287.7,LHS,Rural,Ulavapadu,Rear End Collision, Ape Auto hit Unknown Vehicle,Auto,Minor injury,Fault of driver of motor vehicle/driver of other vehicle/cyclist/pedestrian/passenger,Four lanes or more with central divider,Straight road,,Fine,AP02Y   8121,P.V,Fatal,0
30.08.2017,5:50 AM,1287.7,LHS,Rural,Ulavapadu,Rear End Collision, Ape Auto hit Unknown Vehicle,Auto,Minor injury,Fault of driver of motor vehicle/driver of other vehicle/cyclist/pedestrian/passenger,Four lanes or more with central divider,Straight road,,Fine,AP02Y   8121,P.V,Grevious,0
30.08.2017,5:50 AM,1287.7,LHS,Rural,Ulavapadu,Rear End Collision, Ape Auto hit Unknown Vehicle,Auto,Minor injury,Fault of driver of motor vehicle/driver of other vehicle/cyclist/pedestrian/passenger,Four lanes or more with central divider,Straight road,,Fine,AP02Y   8121,P.V,Minor,1
30.08.2017,5:50 AM,1287.7,LHS,Rural,Ulavapadu,Rear End Collision, Ape Auto hit Unknown Vehicle,Auto,Minor injury,Fault of driver of motor vehicle/driver of other vehicle/cyclist/pedestrian/passenger,Four lanes or more with central divider,Straight road,,Fine,AP02Y   8121,P.V,Non injured ,0
30.08.2017,5:50 AM,1287.7,LHS,Rural,Ulavapadu,Rear End Collision, Ape Auto hit Unknown Vehicle,Auto,Minor injury,Fault of driver of motor vehicle/driver of other vehicle/cyclist/pedestrian/passenger,Four lanes or more with central divider,Straight road,,Fine,AP02Y   8121,P.V,Animals affected,0
31.08.2017,2:40 AM,1261.7,LHS,Rural,Tangutur,Rear End Collision, Long container vehicle hit CC Barriers,Lorry,Non injury,Fault of driver of motor vehicle/driver of other vehicle/cyclist/pedestrian/passenger,Four lanes or more with central divider,Straight road,,Fine,AP27TT   2759,P.V,Fatal,0
31.08.2017,2:40 AM,1261.7,LHS,Rural,Tangutur,Rear End Collision, Long container vehicle hit CC Barriers,Lorry,Non injury,Fault of driver of motor vehicle/driver of other vehicle/cyclist/pedestrian/passenger,Four lanes or more with central divider,Straight road,,Fine,AP27TT   2759,P.V,Grevious,0
31.08.2017,2:40 AM,1261.7,LHS,Rural,Tangutur,Rear End Collision, Long container vehicle hit CC Barriers,Lorry,Non injury,Fault of driver of motor vehicle/driver of other vehicle/cyclist/pedestrian/passenger,Four lanes or more with central divider,Straight road,,Fine,AP27TT   2759,P.V,Minor,0
31.08.2017,2:40 AM,1261.7,LHS,Rural,Tangutur,Rear End Collision, Long container vehicle hit CC Barriers,Lorry,Non injury,Fault of driver of motor vehicle/driver of other vehicle/cyclist/pedestrian/passenger,Four lanes or more with central divider,Straight road,,Fine,AP27TT   2759,P.V,Non injured ,1
31.08.2017,2:40 AM,1261.7,LHS,Rural,Tangutur,Rear End Collision, Long container vehicle hit CC Barriers,Lorry,Non injury,Fault of driver of motor vehicle/driver of other vehicle/cyclist/pedestrian/passenger,Four lanes or more with central divider,Straight road,,Fine,AP27TT   2759,P.V,Animals affected,0
31.08.2017,5:00 PM,1194.5,LHS,Rural,Martur,Collision Brush/Side Wipe, Lorry hit Bike,Lorry,Fatal,Over speed,Four lanes or more with central divider,Straight road,,Fine,AP04TT   6199,P.V,Fatal,2
31.08.2017,5:00 PM,1194.5,LHS,Rural,Martur,Collision Brush/Side Wipe, Lorry hit Bike,Lorry,Fatal,Over speed,Four lanes or more with central divider,Straight road,,Fine,AP04TT   6199,P.V,Grevious,0
31.08.2017,5:00 PM,1194.5,LHS,Rural,Martur,Collision Brush/Side Wipe, Lorry hit Bike,Lorry,Fatal,Over speed,Four lanes or more with central divider,Straight road,,Fine,AP04TT   6199,P.V,Minor,0
31.08.2017,5:00 PM,1194.5,LHS,Rural,Martur,Collision Brush/Side Wipe, Lorry hit Bike,Lorry,Fatal,Over speed,Four lanes or more with central divider,Straight road,,Fine,AP04TT   6199,P.V,Non injured ,1
31.08.2017,5:00 PM,1194.5,LHS,Rural,Martur,Collision Brush/Side Wipe, Lorry hit Bike,Lorry,Fatal,Over speed,Four lanes or more with central divider,Straight road,,Fine,AP04TT   6199,P.V,Animals affected,0
31.08.2017,6:50 PM,1301.8,RHS,Rural,Gudluru,Rear End Collision, Lorry hit Bike,Lorry,Fatal,Over speed,Four lanes or more with central divider,Straight road,,Fine,AP27U   9846,P.V,Fatal,2
31.08.2017,6:50 PM,1301.8,RHS,Rural,Gudluru,Rear End Collision, Lorry hit Bike,Lorry,Fatal,Over speed,Four lanes or more with central divider,Straight road,,Fine,AP27U   9846,P.V,Grevious,0
31.08.2017,6:50 PM,1301.8,RHS,Rural,Gudluru,Rear End Collision, Lorry hit Bike,Lorry,Fatal,Over speed,Four lanes or more with central divider,Straight road,,Fine,AP27U   9846,P.V,Minor,0
31.08.2017,6:50 PM,1301.8,RHS,Rural,Gudluru,Rear End Collision, Lorry hit Bike,Lorry,Fatal,Over speed,Four lanes or more with central divider,Straight road,,Fine,AP27U   9846,P.V,Non injured ,1
31.08.2017,6:50 PM,1301.8,RHS,Rural,Gudluru,Rear End Collision, Lorry hit Bike,Lorry,Fatal,Over speed,Four lanes or more with central divider,Straight road,,Fine,AP27U   9846,P.V,Animals affected,0
01.09.2017,3:55 PM,1218.1,LHS,Rural,Medarametla,Rear End Collision, RTC Bus hit Lorry,Bus,Non injury,Fault of driver of motor vehicle/driver of other vehicle/cyclist/pedestrian/passenger,Four lanes or more with central divider,Straight road,Four arm junction,Fine,AP27TX   8099,P.V,Fatal,0
01.09.2017,3:55 PM,1218.1,LHS,Rural,Medarametla,Rear End Collision, RTC Bus hit Lorry,Bus,Non injury,Fault of driver of motor vehicle/driver of other vehicle/cyclist/pedestrian/passenger,Four lanes or more with central divider,Straight road,Four arm junction,Fine,AP27TX   8099,P.V,Grevious,0
01.09.2017,3:55 PM,1218.1,LHS,Rural,Medarametla,Rear End Collision, RTC Bus hit Lorry,Bus,Non injury,Fault of driver of motor vehicle/driver of other vehicle/cyclist/pedestrian/passenger,Four lanes or more with central divider,Straight road,Four arm junction,Fine,AP27TX   8099,P.V,Minor,0
01.09.2017,3:55 PM,1218.1,LHS,Rural,Medarametla,Rear End Collision, RTC Bus hit Lorry,Bus,Non injury,Fault of driver of motor vehicle/driver of other vehicle/cyclist/pedestrian/passenger,Four lanes or more with central divider,Straight road,Four arm junction,Fine,AP27TX   8099,P.V,Non injured ,24
01.09.2017,3:55 PM,1218.1,LHS,Rural,Medarametla,Rear End Collision, RTC Bus hit Lorry,Bus,Non injury,Fault of driver of motor vehicle/driver of other vehicle/cyclist/pedestrian/passenger,Four lanes or more with central divider,Straight road,Four arm junction,Fine,AP27TX   8099,P.V,Animals affected,0
01.09.2017,8:00 PM,1257.4,RHS,Rural,Tangutur,Collision Brush/Side Wipe,Car hit Buffalo,Car,Non injury,Over speed,Four lanes or more with central divider,Straight road,,Fine,AP27AM 7997,P.V,Fatal,0
01.09.2017,8:00 PM,1257.4,RHS,Rural,Tangutur,Collision Brush/Side Wipe,Car hit Buffalo,Car,Non injury,Over speed,Four lanes or more with central divider,Straight road,,Fine,AP27AM 7997,P.V,Grevious,0
01.09.2017,8:00 PM,1257.4,RHS,Rural,Tangutur,Collision Brush/Side Wipe,Car hit Buffalo,Car,Non injury,Over speed,Four lanes or more with central divider,Straight road,,Fine,AP27AM 7997,P.V,Minor,0
01.09.2017,8:00 PM,1257.4,RHS,Rural,Tangutur,Collision Brush/Side Wipe,Car hit Buffalo,Car,Non injury,Over speed,Four lanes or more with central divider,Straight road,,Fine,AP27AM 7997,P.V,Non injured ,2
01.09.2017,8:00 PM,1257.4,RHS,Rural,Tangutur,Collision Brush/Side Wipe,Car hit Buffalo,Car,Non injury,Over speed,Four lanes or more with central divider,Straight road,,Fine,AP27AM 7997,P.V,Animals affected,1
02.09.2017,12:10 AM,1216,RHS,Rural,Medarametla,Overturning, Lorry Overturned   towards ROW,Lorry,Non injury,Fault of driver of motor vehicle/driver of other vehicle/cyclist/pedestrian/passenger,Four lanes or more with central divider,Straight road,,Fine,TN88Y   0560,P.V,Fatal,0
02.09.2017,12:10 AM,1216,RHS,Rural,Medarametla,Overturning, Lorry Overturned   towards ROW,Lorry,Non injury,Fault of driver of motor vehicle/driver of other vehicle/cyclist/pedestrian/passenger,Four lanes or more with central divider,Straight road,,Fine,TN88Y   0560,P.V,Grevious,0
02.09.2017,12:10 AM,1216,RHS,Rural,Medarametla,Overturning, Lorry Overturned   towards ROW,Lorry,Non injury,Fault of driver of motor vehicle/driver of other vehicle/cyclist/pedestrian/passenger,Four lanes or more with central divider,Straight road,,Fine,TN88Y   0560,P.V,Minor,0
02.09.2017,12:10 AM,1216,RHS,Rural,Medarametla,Overturning, Lorry Overturned   towards ROW,Lorry,Non injury,Fault of driver of motor vehicle/driver of other vehicle/cyclist/pedestrian/passenger,Four lanes or more with central divider,Straight road,,Fine,TN88Y   0560,P.V,Non injured ,2
02.09.2017,12:10 AM,1216,RHS,Rural,Medarametla,Overturning, Lorry Overturned   towards ROW,Lorry,Non injury,Fault of driver of motor vehicle/driver of other vehicle/cyclist/pedestrian/passenger,Four lanes or more with central divider,Straight road,,Fine,TN88Y   0560,P.V,Animals affected,0
02.09.2017,7:40 PM,1239.6,LHS,Rural,Maddipadu,Rear End Collision, Yatra Genie Bus hit Pedestrian,Bus,Fatal,Fault of driver of motor vehicle/driver of other vehicle/cyclist/pedestrian/passenger,Four lanes or more with central divider,Straight road,,Fine,KA01AD 0583,P.V,Fatal,1
02.09.2017,7:40 PM,1239.6,LHS,Rural,Maddipadu,Rear End Collision, Yatra Genie Bus hit Pedestrian,Bus,Fatal,Fault of driver of motor vehicle/driver of other vehicle/cyclist/pedestrian/passenger,Four lanes or more with central divider,Straight road,,Fine,KA01AD 0583,P.V,Grevious,0
02.09.2017,7:40 PM,1239.6,LHS,Rural,Maddipadu,Rear End Collision, Yatra Genie Bus hit Pedestrian,Bus,Fatal,Fault of driver of motor vehicle/driver of other vehicle/cyclist/pedestrian/passenger,Four lanes or more with central divider,Straight road,,Fine,KA01AD 0583,P.V,Minor,0
02.09.2017,7:40 PM,1239.6,LHS,Rural,Maddipadu,Rear End Collision, Yatra Genie Bus hit Pedestrian,Bus,Fatal,Fault of driver of motor vehicle/driver of other vehicle/cyclist/pedestrian/passenger,Four lanes or more with central divider,Straight road,,Fine,KA01AD 0583,P.V,Non injured ,17
02.09.2017,7:40 PM,1239.6,LHS,Rural,Maddipadu,Rear End Collision, Yatra Genie Bus hit Pedestrian,Bus,Fatal,Fault of driver of motor vehicle/driver of other vehicle/cyclist/pedestrian/passenger,Four lanes or more with central divider,Straight road,,Fine,KA01AD 0583,P.V,Animals affected,0
02.09.2017,9:50 PM,1365.9,RHS,Rural,Kovuru,Collision Brush/Side Wipe, Lorry hit CC Barrier,Lorry,Non injury,Over speed,Two lanes,Straight road,,Fine,AP04T  8709,P.V,Fatal,0
02.09.2017,9:50 PM,1365.9,RHS,Rural,Kovuru,Collision Brush/Side Wipe, Lorry hit CC Barrier,Lorry,Non injury,Over speed,Two lanes,Straight road,,Fine,AP04T  8709,P.V,Grevious,0
02.09.2017,9:50 PM,1365.9,RHS,Rural,Kovuru,Collision Brush/Side Wipe, Lorry hit CC Barrier,Lorry,Non injury,Over speed,Two lanes,Straight road,,Fine,AP04T  8709,P.V,Minor,0
02.09.2017,9:50 PM,1365.9,RHS,Rural,Kovuru,Collision Brush/Side Wipe, Lorry hit CC Barrier,Lorry,Non injury,Over speed,Two lanes,Straight road,,Fine,AP04T  8709,P.V,Non injured ,2
02.09.2017,9:50 PM,1365.9,RHS,Rural,Kovuru,Collision Brush/Side Wipe, Lorry hit CC Barrier,Lorry,Non injury,Over speed,Two lanes,Straight road,,Fine,AP04T  8709,P.V,Animals affected,0
04.09.2017,8:41 AM,1223.1,RHS,Rural,Medarametla,Head on collision, Bike hit Tvs xl Moped,Bike,Grievious injury,Fault of driver of motor vehicle/driver of other vehicle/cyclist/pedestrian/passenger,Four lanes or more with central divider,Straight road,,Fine,AP16BN 3262,A.M.B & P.V,Fatal,0
04.09.2017,8:41 AM,1223.1,RHS,Rural,Medarametla,Head on collision, Bike hit Tvs xl Moped,Bike,Grievious injury,Fault of driver of motor vehicle/driver of other vehicle/cyclist/pedestrian/passenger,Four lanes or more with central divider,Straight road,,Fine,AP16BN 3262,A.M.B & P.V,Grevious,1
04.09.2017,8:41 AM,1223.1,RHS,Rural,Medarametla,Head on collision, Bike hit Tvs xl Moped,Bike,Grievious injury,Fault of driver of motor vehicle/driver of other vehicle/cyclist/pedestrian/passenger,Four lanes or more with central divider,Straight road,,Fine,AP16BN 3262,A.M.B & P.V,Minor,0
04.09.2017,8:41 AM,1223.1,RHS,Rural,Medarametla,Head on collision, Bike hit Tvs xl Moped,Bike,Grievious injury,Fault of driver of motor vehicle/driver of other vehicle/cyclist/pedestrian/passenger,Four lanes or more with central divider,Straight road,,Fine,AP16BN 3262,A.M.B & P.V,Non injured ,1
04.09.2017,8:41 AM,1223.1,RHS,Rural,Medarametla,Head on collision, Bike hit Tvs xl Moped,Bike,Grievious injury,Fault of driver of motor vehicle/driver of other vehicle/cyclist/pedestrian/passenger,Four lanes or more with central divider,Straight road,,Fine,AP16BN 3262,A.M.B & P.V,Animals affected,0
04.09.2017,10:30 AM,1223.1,LHS,Rural,Medarametla,Rear End Collision, Bike hit Bike,Bike,Minor injury,Fault of driver of motor vehicle/driver of other vehicle/cyclist/pedestrian/passenger,Four lanes or more with central divider,Straight road,,Fine,AP27AY 1387,P.V,Fatal,0
04.09.2017,10:30 AM,1223.1,LHS,Rural,Medarametla,Rear End Collision, Bike hit Bike,Bike,Minor injury,Fault of driver of motor vehicle/driver of other vehicle/cyclist/pedestrian/passenger,Four lanes or more with central divider,Straight road,,Fine,AP27AY 1387,P.V,Grevious,0
04.09.2017,10:30 AM,1223.1,LHS,Rural,Medarametla,Rear End Collision, Bike hit Bike,Bike,Minor injury,Fault of driver of motor vehicle/driver of other vehicle/cyclist/pedestrian/passenger,Four lanes or more with central divider,Straight road,,Fine,AP27AY 1387,P.V,Minor,2
04.09.2017,10:30 AM,1223.1,LHS,Rural,Medarametla,Rear End Collision, Bike hit Bike,Bike,Minor injury,Fault of driver of motor vehicle/driver of other vehicle/cyclist/pedestrian/passenger,Four lanes or more with central divider,Straight road,,Fine,AP27AY 1387,P.V,Non injured ,1
04.09.2017,10:30 AM,1223.1,LHS,Rural,Medarametla,Rear End Collision, Bike hit Bike,Bike,Minor injury,Fault of driver of motor vehicle/driver of other vehicle/cyclist/pedestrian/passenger,Four lanes or more with central divider,Straight road,,Fine,AP27AY 1387,P.V,Animals affected,0
05.09.2017,4:25 AM,1305.4,LHS,Rural,Gudluru,Rear End Collision, Eicher vehicle hit ROB sefety wall,Eicher,Minor injury,Fault of driver of motor vehicle/driver of other vehicle/cyclist/pedestrian/passenger,Two lanes,Straight road,,Fine,TS12UA   3947,P.V,Fatal,0
05.09.2017,4:25 AM,1305.4,LHS,Rural,Gudluru,Rear End Collision, Eicher vehicle hit ROB sefety wall,Eicher,Minor injury,Fault of driver of motor vehicle/driver of other vehicle/cyclist/pedestrian/passenger,Two lanes,Straight road,,Fine,TS12UA   3947,P.V,Grevious,0
05.09.2017,4:25 AM,1305.4,LHS,Rural,Gudluru,Rear End Collision, Eicher vehicle hit ROB sefety wall,Eicher,Minor injury,Fault of driver of motor vehicle/driver of other vehicle/cyclist/pedestrian/passenger,Two lanes,Straight road,,Fine,TS12UA   3947,P.V,Minor,1
05.09.2017,4:25 AM,1305.4,LHS,Rural,Gudluru,Rear End Collision, Eicher vehicle hit ROB sefety wall,Eicher,Minor injury,Fault of driver of motor vehicle/driver of other vehicle/cyclist/pedestrian/passenger,Two lanes,Straight road,,Fine,TS12UA   3947,P.V,Non injured ,1
05.09.2017,4:25 AM,1305.4,LHS,Rural,Gudluru,Rear End Collision, Eicher vehicle hit ROB sefety wall,Eicher,Minor injury,Fault of driver of motor vehicle/driver of other vehicle/cyclist/pedestrian/passenger,Two lanes,Straight road,,Fine,TS12UA   3947,P.V,Animals affected,0
05.09.2017,10:05 AM,1309.2,LHS,Rural,Kavali,Rear End Collision, Car hit Bike and Cargo Auto,Car,Grievious injury,Over speed,Four lanes or more with central divider,Straight road,,Fine,AP10AZ  8778,P.V,Fatal,0
05.09.2017,10:05 AM,1309.2,LHS,Rural,Kavali,Rear End Collision, Car hit Bike and Cargo Auto,Car,Grievious injury,Over speed,Four lanes or more with central divider,Straight road,,Fine,AP10AZ  8778,P.V,Grevious,3
05.09.2017,10:05 AM,1309.2,LHS,Rural,Kavali,Rear End Collision, Car hit Bike and Cargo Auto,Car,Grievious injury,Over speed,Four lanes or more with central divider,Straight road,,Fine,AP10AZ  8778,P.V,Minor,0
05.09.2017,10:05 AM,1309.2,LHS,Rural,Kavali,Rear End Collision, Car hit Bike and Cargo Auto,Car,Grievious injury,Over speed,Four lanes or more with central divider,Straight road,,Fine,AP10AZ  8778,P.V,Non injured ,2
05.09.2017,10:05 AM,1309.2,LHS,Rural,Kavali,Rear End Collision, Car hit Bike and Cargo Auto,Car,Grievious injury,Over speed,Four lanes or more with central divider,Straight road,,Fine,AP10AZ  8778,P.V,Animals affected,0
05.09.2017,4:00 PM,1268.2,RHS,Rural,Jarugumalli,Rear End Collision, Car hit Unknown vehicle,Car,Grievious injury,Over speed,Four lanes or more with central divider,Slight curve,,Fine,AP31BR  2777,A.M.B&P.V,Fatal,0
05.09.2017,4:00 PM,1268.2,RHS,Rural,Jarugumalli,Rear End Collision, Car hit Unknown vehicle,Car,Grievious injury,Over speed,Four lanes or more with central divider,Slight curve,,Fine,AP31BR  2777,A.M.B&P.V,Grevious,1
05.09.2017,4:00 PM,1268.2,RHS,Rural,Jarugumalli,Rear End Collision, Car hit Unknown vehicle,Car,Grievious injury,Over speed,Four lanes or more with central divider,Slight curve,,Fine,AP31BR  2777,A.M.B&P.V,Minor,3
05.09.2017,4:00 PM,1268.2,RHS,Rural,Jarugumalli,Rear End Collision, Car hit Unknown vehicle,Car,Grievious injury,Over speed,Four lanes or more with central divider,Slight curve,,Fine,AP31BR  2777,A.M.B&P.V,Non injured ,0
05.09.2017,4:00 PM,1268.2,RHS,Rural,Jarugumalli,Rear End Collision, Car hit Unknown vehicle,Car,Grievious injury,Over speed,Four lanes or more with central divider,Slight curve,,Fine,AP31BR  2777,A.M.B&P.V,Animals affected,0
06.09.2017,1:30 AM,1217.6,LHS,Rural,Medarametla,Collision Brush/Side Wipe, Lorry hit CC Barrier,Lorry,Non injury,Fault of driver of motor vehicle/driver of other vehicle/cyclist/pedestrian/passenger,Four lanes or more with central divider,Straight road,,Fine,AP03TE   7515,P.V,Fatal,0
06.09.2017,1:30 AM,1217.6,LHS,Rural,Medarametla,Collision Brush/Side Wipe, Lorry hit CC Barrier,Lorry,Non injury,Fault of driver of motor vehicle/driver of other vehicle/cyclist/pedestrian/passenger,Four lanes or more with central divider,Straight road,,Fine,AP03TE   7515,P.V,Grevious,0
06.09.2017,1:30 AM,1217.6,LHS,Rural,Medarametla,Collision Brush/Side Wipe, Lorry hit CC Barrier,Lorry,Non injury,Fault of driver of motor vehicle/driver of other vehicle/cyclist/pedestrian/passenger,Four lanes or more with central divider,Straight road,,Fine,AP03TE   7515,P.V,Minor,0
06.09.2017,1:30 AM,1217.6,LHS,Rural,Medarametla,Collision Brush/Side Wipe, Lorry hit CC Barrier,Lorry,Non injury,Fault of driver of motor vehicle/driver of other vehicle/cyclist/pedestrian/passenger,Four lanes or more with central divider,Straight road,,Fine,AP03TE   7515,P.V,Non injured ,2
06.09.2017,1:30 AM,1217.6,LHS,Rural,Medarametla,Collision Brush/Side Wipe, Lorry hit CC Barrier,Lorry,Non injury,Fault of driver of motor vehicle/driver of other vehicle/cyclist/pedestrian/passenger,Four lanes or more with central divider,Straight road,,Fine,AP03TE   7515,P.V,Animals affected,0
06.09.2017,4:55 AM,1195.2,LHS,Rural,Martur,Rear End Collision, RTC Bus hit  Granite Long Trailler Vehi,Bus,Grievious injury,Fault of driver of motor vehicle/driver of other vehicle/cyclist/pedestrian/passenger,Four lanes or more with central divider,Straight road,,Fine,AP29Z   3403,A.M.B&P.V,Fatal,0
06.09.2017,4:55 AM,1195.2,LHS,Rural,Martur,Rear End Collision, RTC Bus hit  Granite Long Trailler Vehi,Bus,Grievious injury,Fault of driver of motor vehicle/driver of other vehicle/cyclist/pedestrian/passenger,Four lanes or more with central divider,Straight road,,Fine,AP29Z   3403,A.M.B&P.V,Grevious,2
06.09.2017,4:55 AM,1195.2,LHS,Rural,Martur,Rear End Collision, RTC Bus hit  Granite Long Trailler Vehi,Bus,Grievious injury,Fault of driver of motor vehicle/driver of other vehicle/cyclist/pedestrian/passenger,Four lanes or more with central divider,Straight road,,Fine,AP29Z   3403,A.M.B&P.V,Minor,2
06.09.2017,4:55 AM,1195.2,LHS,Rural,Martur,Rear End Collision, RTC Bus hit  Granite Long Trailler Vehi,Bus,Grievious injury,Fault of driver of motor vehicle/driver of other vehicle/cyclist/pedestrian/passenger,Four lanes or more with central divider,Straight road,,Fine,AP29Z   3403,A.M.B&P.V,Non injured ,15
06.09.2017,4:55 AM,1195.2,LHS,Rural,Martur,Rear End Collision, RTC Bus hit  Granite Long Trailler Vehi,Bus,Grievious injury,Fault of driver of motor vehicle/driver of other vehicle/cyclist/pedestrian/passenger,Four lanes or more with central divider,Straight road,,Fine,AP29Z   3403,A.M.B&P.V,Animals affected,0
06.09.2017,5:40 AM,1200,RHS,Rural,Reningavaram,Collision Brush/Side Wipe, Car hit Median ,Car,Minor injury,Defect in mechanical condition of motor vehicle/road condition,Four lanes or more with central divider,Straight road,,Fine,AP16T/R 6005,A.M.B&P.V,Fatal,0
06.09.2017,5:40 AM,1200,RHS,Rural,Reningavaram,Collision Brush/Side Wipe, Car hit Median ,Car,Minor injury,Defect in mechanical condition of motor vehicle/road condition,Four lanes or more with central divider,Straight road,,Fine,AP16T/R 6005,A.M.B&P.V,Grevious,0
06.09.2017,5:40 AM,1200,RHS,Rural,Reningavaram,Collision Brush/Side Wipe, Car hit Median ,Car,Minor injury,Defect in mechanical condition of motor vehicle/road condition,Four lanes or more with central divider,Straight road,,Fine,AP16T/R 6005,A.M.B&P.V,Minor,1
06.09.2017,5:40 AM,1200,RHS,Rural,Reningavaram,Collision Brush/Side Wipe, Car hit Median ,Car,Minor injury,Defect in mechanical condition of motor vehicle/road condition,Four lanes or more with central divider,Straight road,,Fine,AP16T/R 6005,A.M.B&P.V,Non injured ,1
06.09.2017,5:40 AM,1200,RHS,Rural,Reningavaram,Collision Brush/Side Wipe, Car hit Median ,Car,Minor injury,Defect in mechanical condition of motor vehicle/road condition,Four lanes or more with central divider,Straight road,,Fine,AP16T/R 6005,A.M.B&P.V,Animals affected,0
06.09.2017,5:27 PM,1191.8,LHS,Rural,Martur,Collision Brush/Side Wipe, Car hit Bike ,Car,Grievious injury,Fault of driver of motor vehicle/driver of other vehicle/cyclist/pedestrian/passenger,Four lanes or more with central divider,Straight road,Four arm junction,Fine,AP16TA 8877,A.M.B&P.V,Fatal,0
06.09.2017,5:27 PM,1191.8,LHS,Rural,Martur,Collision Brush/Side Wipe, Car hit Bike ,Car,Grievious injury,Fault of driver of motor vehicle/driver of other vehicle/cyclist/pedestrian/passenger,Four lanes or more with central divider,Straight road,Four arm junction,Fine,AP16TA 8877,A.M.B&P.V,Grevious,2
06.09.2017,5:27 PM,1191.8,LHS,Rural,Martur,Collision Brush/Side Wipe, Car hit Bike ,Car,Grievious injury,Fault of driver of motor vehicle/driver of other vehicle/cyclist/pedestrian/passenger,Four lanes or more with central divider,Straight road,Four arm junction,Fine,AP16TA 8877,A.M.B&P.V,Minor,1
06.09.2017,5:27 PM,1191.8,LHS,Rural,Martur,Collision Brush/Side Wipe, Car hit Bike ,Car,Grievious injury,Fault of driver of motor vehicle/driver of other vehicle/cyclist/pedestrian/passenger,Four lanes or more with central divider,Straight road,Four arm junction,Fine,AP16TA 8877,A.M.B&P.V,Non injured ,1
06.09.2017,5:27 PM,1191.8,LHS,Rural,Martur,Collision Brush/Side Wipe, Car hit Bike ,Car,Grievious injury,Fault of driver of motor vehicle/driver of other vehicle/cyclist/pedestrian/passenger,Four lanes or more with central divider,Straight road,Four arm junction,Fine,AP16TA 8877,A.M.B&P.V,Animals affected,0
07.09.2017,12:05 AM,1185.7,LHS,Rural,Martur,Rear End Collision, Container vehicle hit RTC Bus,Container,Non injury,Over speed,Four lanes or more with central divider,Straight road,,Fine,TN21AE  8059,P.V,Fatal,0
07.09.2017,12:05 AM,1185.7,LHS,Rural,Martur,Rear End Collision, Container vehicle hit RTC Bus,Container,Non injury,Over speed,Four lanes or more with central divider,Straight road,,Fine,TN21AE  8059,P.V,Grevious,0