Operational date,Time of Accident,KM && M,Position,Rural/Urban,Location,Nature of Accident Position,Nature of Accident,Vehicle Involved,Type of Accident,Causes,Road Feature,Road condition,Intersection Type And Control,Weather Condition,Vehicle Responsible,Help Provided by Ambulance/Patroling Vehicle,Classification of Accident,No of Affected Persons
07.09.2017,12:05 AM,1185.7,LHS,Rural,Martur,Rear End Collision, Container vehicle hit RTC Bus,Container,Non injury,Over speed,Four lanes or more with central divider,Straight road,,Fine,TN21AE  8059,P.V,Minor,0
07.09.2017,12:05 AM,1185.7,LHS,Rural,Martur,Rear End Collision, Container vehicle hit RTC Bus,Container,Non injury,Over speed,Four lanes or more with central divider,Straight road,,Fine,TN21AE  8059,P.V,Non injured ,25
07.09.2017,12:05 AM,1185.7,LHS,Rural,Martur,Rear End Collision, Container vehicle hit RTC Bus,Container,Non injury,Over speed,Four lanes or more with central divider,Straight road,,Fine,TN21AE  8059,P.V,Animals affected,0
07.09.2017,4:30 AM,1291,RHS,Rural,Ulavapadu,Collision Brush/Side Wipe, Unknown vehicle hit pedestrian,Unknown,Fatal,Over speed,Four lanes or more with central divider,Straight road,,Fine,Unknown vehicle,P.V,Fatal,1
07.09.2017,4:30 AM,1291,RHS,Rural,Ulavapadu,Collision Brush/Side Wipe, Unknown vehicle hit pedestrian,Unknown,Fatal,Over speed,Four lanes or more with central divider,Straight road,,Fine,Unknown vehicle,P.V,Grevious,0
07.09.2017,4:30 AM,1291,RHS,Rural,Ulavapadu,Collision Brush/Side Wipe, Unknown vehicle hit pedestrian,Unknown,Fatal,Over speed,Four lanes or more with central divider,Straight road,,Fine,Unknown vehicle,P.V,Minor,0
07.09.2017,4:30 AM,1291,RHS,Rural,Ulavapadu,Collision Brush/Side Wipe, Unknown vehicle hit pedestrian,Unknown,Fatal,Over speed,Four lanes or more with central divider,Straight road,,Fine,Unknown vehicle,P.V,Non injured ,0
07.09.2017,4:30 AM,1291,RHS,Rural,Ulavapadu,Collision Brush/Side Wipe, Unknown vehicle hit pedestrian,Unknown,Fatal,Over speed,Four lanes or more with central divider,Straight road,,Fine,Unknown vehicle,P.V,Animals affected,0
08.09.2017,4:00 AM,1295,LHS,Rural,Ulavapadu,Overturning, Mini Truck overturned,Lorry,Non injury,Over speed,Four lanes or more with central divider,Straight road,,Fine,TS24T     0762,P.V,Fatal,0
08.09.2017,4:00 AM,1295,LHS,Rural,Ulavapadu,Overturning, Mini Truck overturned,Lorry,Non injury,Over speed,Four lanes or more with central divider,Straight road,,Fine,TS24T     0762,P.V,Grevious,0
08.09.2017,4:00 AM,1295,LHS,Rural,Ulavapadu,Overturning, Mini Truck overturned,Lorry,Non injury,Over speed,Four lanes or more with central divider,Straight road,,Fine,TS24T     0762,P.V,Minor,0
08.09.2017,4:00 AM,1295,LHS,Rural,Ulavapadu,Overturning, Mini Truck overturned,Lorry,Non injury,Over speed,Four lanes or more with central divider,Straight road,,Fine,TS24T     0762,P.V,Non injured ,1
08.09.2017,4:00 AM,1295,LHS,Rural,Ulavapadu,Overturning, Mini Truck overturned,Lorry,Non injury,Over speed,Four lanes or more with central divider,Straight road,,Fine,TS24T     0762,P.V,Animals affected,0
08.09.2017,6:40 PM,1203.2,RHS,Rural,Reningavaram,Head on collision, Unknown vehicle hit Auto,Unknown,Minor injury,Fault of driver of motor vehicle/driver of other vehicle/cyclist/pedestrian/passenger,Four lanes or more with central divider,Straight road,,Fine,Unknown vehicle,A.M.B,Fatal,0
08.09.2017,6:40 PM,1203.2,RHS,Rural,Reningavaram,Head on collision, Unknown vehicle hit Auto,Unknown,Minor injury,Fault of driver of motor vehicle/driver of other vehicle/cyclist/pedestrian/passenger,Four lanes or more with central divider,Straight road,,Fine,Unknown vehicle,A.M.B,Grevious,0
08.09.2017,6:40 PM,1203.2,RHS,Rural,Reningavaram,Head on collision, Unknown vehicle hit Auto,Unknown,Minor injury,Fault of driver of motor vehicle/driver of other vehicle/cyclist/pedestrian/passenger,Four lanes or more with central divider,Straight road,,Fine,Unknown vehicle,A.M.B,Minor,1
08.09.2017,6:40 PM,1203.2,RHS,Rural,Reningavaram,Head on collision, Unknown vehicle hit Auto,Unknown,Minor injury,Fault of driver of motor vehicle/driver of other vehicle/cyclist/pedestrian/passenger,Four lanes or more with central divider,Straight road,,Fine,Unknown vehicle,A.M.B,Non injured ,1
08.09.2017,6:40 PM,1203.2,RHS,Rural,Reningavaram,Head on collision, Unknown vehicle hit Auto,Unknown,Minor injury,Fault of driver of motor vehicle/driver of other vehicle/cyclist/pedestrian/passenger,Four lanes or more with central divider,Straight road,,Fine,Unknown vehicle,A.M.B,Animals affected,0
09.09.2017,6:20 AM,1306.6,LHS,Rural,Gudluru,Rear End Collision, Lorry hit Unknown vehicle,Lorry,Grievious injury,Fault of driver of motor vehicle/driver of other vehicle/cyclist/pedestrian/passenger,Four lanes or more with central divider,Straight road,,Fine,TN31Z   3436,P.V,Fatal,0
09.09.2017,6:20 AM,1306.6,LHS,Rural,Gudluru,Rear End Collision, Lorry hit Unknown vehicle,Lorry,Grievious injury,Fault of driver of motor vehicle/driver of other vehicle/cyclist/pedestrian/passenger,Four lanes or more with central divider,Straight road,,Fine,TN31Z   3436,P.V,Grevious,1
09.09.2017,6:20 AM,1306.6,LHS,Rural,Gudluru,Rear End Collision, Lorry hit Unknown vehicle,Lorry,Grievious injury,Fault of driver of motor vehicle/driver of other vehicle/cyclist/pedestrian/passenger,Four lanes or more with central divider,Straight road,,Fine,TN31Z   3436,P.V,Minor,0
09.09.2017,6:20 AM,1306.6,LHS,Rural,Gudluru,Rear End Collision, Lorry hit Unknown vehicle,Lorry,Grievious injury,Fault of driver of motor vehicle/driver of other vehicle/cyclist/pedestrian/passenger,Four lanes or more with central divider,Straight road,,Fine,TN31Z   3436,P.V,Non injured ,1
09.09.2017,6:20 AM,1306.6,LHS,Rural,Gudluru,Rear End Collision, Lorry hit Unknown vehicle,Lorry,Grievious injury,Fault of driver of motor vehicle/driver of other vehicle/cyclist/pedestrian/passenger,Four lanes or more with central divider,Straight road,,Fine,TN31Z   3436,P.V,Animals affected,0
09.09.2017,3:10 PM,1257.6,LHS,Rural,Tangutur,Collision Brush/Side Wipe, Car hit Lorry,Car,Non injury,Over speed,Four lanes or more with central divider,Straight road,,Fine,AP26AY 4536,P.V,Fatal,0
09.09.2017,3:10 PM,1257.6,LHS,Rural,Tangutur,Collision Brush/Side Wipe, Car hit Lorry,Car,Non injury,Over speed,Four lanes or more with central divider,Straight road,,Fine,AP26AY 4536,P.V,Grevious,0
09.09.2017,3:10 PM,1257.6,LHS,Rural,Tangutur,Collision Brush/Side Wipe, Car hit Lorry,Car,Non injury,Over speed,Four lanes or more with central divider,Straight road,,Fine,AP26AY 4536,P.V,Minor,0
09.09.2017,3:10 PM,1257.6,LHS,Rural,Tangutur,Collision Brush/Side Wipe, Car hit Lorry,Car,Non injury,Over speed,Four lanes or more with central divider,Straight road,,Fine,AP26AY 4536,P.V,Non injured ,5
09.09.2017,3:10 PM,1257.6,LHS,Rural,Tangutur,Collision Brush/Side Wipe, Car hit Lorry,Car,Non injury,Over speed,Four lanes or more with central divider,Straight road,,Fine,AP26AY 4536,P.V,Animals affected,0
09.09.2017,7:12 PM,1353.4,RHS,Rural,Kodavaluru,Rear End Collision, Bike hit Buffalo,Bike,Fatal,Over speed,Four lanes or more with central divider,Straight road,,Fine,AP16DC  8189,A.M.B,Fatal,1
09.09.2017,7:12 PM,1353.4,RHS,Rural,Kodavaluru,Rear End Collision, Bike hit Buffalo,Bike,Fatal,Over speed,Four lanes or more with central divider,Straight road,,Fine,AP16DC  8189,A.M.B,Grevious,0
09.09.2017,7:12 PM,1353.4,RHS,Rural,Kodavaluru,Rear End Collision, Bike hit Buffalo,Bike,Fatal,Over speed,Four lanes or more with central divider,Straight road,,Fine,AP16DC  8189,A.M.B,Minor,1
09.09.2017,7:12 PM,1353.4,RHS,Rural,Kodavaluru,Rear End Collision, Bike hit Buffalo,Bike,Fatal,Over speed,Four lanes or more with central divider,Straight road,,Fine,AP16DC  8189,A.M.B,Non injured ,0
09.09.2017,7:12 PM,1353.4,RHS,Rural,Kodavaluru,Rear End Collision, Bike hit Buffalo,Bike,Fatal,Over speed,Four lanes or more with central divider,Straight road,,Fine,AP16DC  8189,A.M.B,Animals affected,1
10.09.2017,3:05 AM,1314,RHS,Rural,Kavali,Overturning, Bolero Pick up  vehicle Overturned,Car,Non injury,Defect in mechanical condition of motor vehicle/road condition,Four lanes or more with central divider,Sharp curve,,Light rain,AP03TE 0144,P.V,Fatal,0
10.09.2017,3:05 AM,1314,RHS,Rural,Kavali,Overturning, Bolero Pick up  vehicle Overturned,Car,Non injury,Defect in mechanical condition of motor vehicle/road condition,Four lanes or more with central divider,Sharp curve,,Light rain,AP03TE 0144,P.V,Grevious,0
10.09.2017,3:05 AM,1314,RHS,Rural,Kavali,Overturning, Bolero Pick up  vehicle Overturned,Car,Non injury,Defect in mechanical condition of motor vehicle/road condition,Four lanes or more with central divider,Sharp curve,,Light rain,AP03TE 0144,P.V,Minor,0
10.09.2017,3:05 AM,1314,RHS,Rural,Kavali,Overturning, Bolero Pick up  vehicle Overturned,Car,Non injury,Defect in mechanical condition of motor vehicle/road condition,Four lanes or more with central divider,Sharp curve,,Light rain,AP03TE 0144,P.V,Non injured ,2
10.09.2017,3:05 AM,1314,RHS,Rural,Kavali,Overturning, Bolero Pick up  vehicle Overturned,Car,Non injury,Defect in mechanical condition of motor vehicle/road condition,Four lanes or more with central divider,Sharp curve,,Light rain,AP03TE 0144,P.V,Animals affected,0
11.09.2017,12:25 PM,1229.6,RHS,Rural,Maddipadu,Collision Brush/Side Wipe, Car hit Tvs xl Moped,Car,Minor injury,Fault of driver of motor vehicle/driver of other vehicle/cyclist/pedestrian/passenger,Four lanes or more with central divider,Straight road,,Fine,AP27AP 8088,P.V,Fatal,0
11.09.2017,12:25 PM,1229.6,RHS,Rural,Maddipadu,Collision Brush/Side Wipe, Car hit Tvs xl Moped,Car,Minor injury,Fault of driver of motor vehicle/driver of other vehicle/cyclist/pedestrian/passenger,Four lanes or more with central divider,Straight road,,Fine,AP27AP 8088,P.V,Grevious,0
11.09.2017,12:25 PM,1229.6,RHS,Rural,Maddipadu,Collision Brush/Side Wipe, Car hit Tvs xl Moped,Car,Minor injury,Fault of driver of motor vehicle/driver of other vehicle/cyclist/pedestrian/passenger,Four lanes or more with central divider,Straight road,,Fine,AP27AP 8088,P.V,Minor,3
11.09.2017,12:25 PM,1229.6,RHS,Rural,Maddipadu,Collision Brush/Side Wipe, Car hit Tvs xl Moped,Car,Minor injury,Fault of driver of motor vehicle/driver of other vehicle/cyclist/pedestrian/passenger,Four lanes or more with central divider,Straight road,,Fine,AP27AP 8088,P.V,Non injured ,0
11.09.2017,12:25 PM,1229.6,RHS,Rural,Maddipadu,Collision Brush/Side Wipe, Car hit Tvs xl Moped,Car,Minor injury,Fault of driver of motor vehicle/driver of other vehicle/cyclist/pedestrian/passenger,Four lanes or more with central divider,Straight road,,Fine,AP27AP 8088,P.V,Animals affected,0
11.09.2017,7:30 PM,1257.6,LHS,Rural,Tangutur,Head on collision, Tractor hit RTC Bus,Tractor,Non injury,Fault of driver of motor vehicle/driver of other vehicle/cyclist/pedestrian/passenger,Four lanes or more with central divider,Straight road,,Fine,AP27AN   6044,P.V,Fatal,0
11.09.2017,7:30 PM,1257.6,LHS,Rural,Tangutur,Head on collision, Tractor hit RTC Bus,Tractor,Non injury,Fault of driver of motor vehicle/driver of other vehicle/cyclist/pedestrian/passenger,Four lanes or more with central divider,Straight road,,Fine,AP27AN   6044,P.V,Grevious,0
11.09.2017,7:30 PM,1257.6,LHS,Rural,Tangutur,Head on collision, Tractor hit RTC Bus,Tractor,Non injury,Fault of driver of motor vehicle/driver of other vehicle/cyclist/pedestrian/passenger,Four lanes or more with central divider,Straight road,,Fine,AP27AN   6044,P.V,Minor,0
11.09.2017,7:30 PM,1257.6,LHS,Rural,Tangutur,Head on collision, Tractor hit RTC Bus,Tractor,Non injury,Fault of driver of motor vehicle/driver of other vehicle/cyclist/pedestrian/passenger,Four lanes or more with central divider,Straight road,,Fine,AP27AN   6044,P.V,Non injured ,61
11.09.2017,7:30 PM,1257.6,LHS,Rural,Tangutur,Head on collision, Tractor hit RTC Bus,Tractor,Non injury,Fault of driver of motor vehicle/driver of other vehicle/cyclist/pedestrian/passenger,Four lanes or more with central divider,Straight road,,Fine,AP27AN   6044,P.V,Animals affected,0
12.09.2017,5:09 AM,1248.6,RHS,Urban,Ongole,Overturning, Car hit Median and Overturned,Car,Minor injury,Over speed,Four lanes or more with central divider,Straight road,,Fine,AP16EF 5499,P.V,Fatal,0
12.09.2017,5:09 AM,1248.6,RHS,Urban,Ongole,Overturning, Car hit Median and Overturned,Car,Minor injury,Over speed,Four lanes or more with central divider,Straight road,,Fine,AP16EF 5499,P.V,Grevious,0
12.09.2017,5:09 AM,1248.6,RHS,Urban,Ongole,Overturning, Car hit Median and Overturned,Car,Minor injury,Over speed,Four lanes or more with central divider,Straight road,,Fine,AP16EF 5499,P.V,Minor,1
12.09.2017,5:09 AM,1248.6,RHS,Urban,Ongole,Overturning, Car hit Median and Overturned,Car,Minor injury,Over speed,Four lanes or more with central divider,Straight road,,Fine,AP16EF 5499,P.V,Non injured ,5
12.09.2017,5:09 AM,1248.6,RHS,Urban,Ongole,Overturning, Car hit Median and Overturned,Car,Minor injury,Over speed,Four lanes or more with central divider,Straight road,,Fine,AP16EF 5499,P.V,Animals affected,0
12.09.2017,1:35 PM,1259.4,RHS,Rural,Tangutur,Head on collision, RTC Bus hit Pedestrian,Bus,Minor injury,Fault of driver of motor vehicle/driver of other vehicle/cyclist/pedestrian/passenger,Four lanes or more with central divider,Straight road,,Fine,AP29Z   1417,A.M.B&P.V,Fatal,0
12.09.2017,1:35 PM,1259.4,RHS,Rural,Tangutur,Head on collision, RTC Bus hit Pedestrian,Bus,Minor injury,Fault of driver of motor vehicle/driver of other vehicle/cyclist/pedestrian/passenger,Four lanes or more with central divider,Straight road,,Fine,AP29Z   1417,A.M.B&P.V,Grevious,0
12.09.2017,1:35 PM,1259.4,RHS,Rural,Tangutur,Head on collision, RTC Bus hit Pedestrian,Bus,Minor injury,Fault of driver of motor vehicle/driver of other vehicle/cyclist/pedestrian/passenger,Four lanes or more with central divider,Straight road,,Fine,AP29Z   1417,A.M.B&P.V,Minor,1
12.09.2017,1:35 PM,1259.4,RHS,Rural,Tangutur,Head on collision, RTC Bus hit Pedestrian,Bus,Minor injury,Fault of driver of motor vehicle/driver of other vehicle/cyclist/pedestrian/passenger,Four lanes or more with central divider,Straight road,,Fine,AP29Z   1417,A.M.B&P.V,Non injured ,45
12.09.2017,1:35 PM,1259.4,RHS,Rural,Tangutur,Head on collision, RTC Bus hit Pedestrian,Bus,Minor injury,Fault of driver of motor vehicle/driver of other vehicle/cyclist/pedestrian/passenger,Four lanes or more with central divider,Straight road,,Fine,AP29Z   1417,A.M.B&P.V,Animals affected,0
12.09.2017,7:30 PM,1328.1,RHS,Rural,Kavali,Collision Brush/Side Wipe, Bike hit CC Barrier,Bike,Grievious injury,Over speed,Four lanes or more with central divider,Slight curve,,Fine,KA02JE 8084,A.M.B&P.V,Fatal,0
12.09.2017,7:30 PM,1328.1,RHS,Rural,Kavali,Collision Brush/Side Wipe, Bike hit CC Barrier,Bike,Grievious injury,Over speed,Four lanes or more with central divider,Slight curve,,Fine,KA02JE 8084,A.M.B&P.V,Grevious,1
12.09.2017,7:30 PM,1328.1,RHS,Rural,Kavali,Collision Brush/Side Wipe, Bike hit CC Barrier,Bike,Grievious injury,Over speed,Four lanes or more with central divider,Slight curve,,Fine,KA02JE 8084,A.M.B&P.V,Minor,0
12.09.2017,7:30 PM,1328.1,RHS,Rural,Kavali,Collision Brush/Side Wipe, Bike hit CC Barrier,Bike,Grievious injury,Over speed,Four lanes or more with central divider,Slight curve,,Fine,KA02JE 8084,A.M.B&P.V,Non injured ,1
12.09.2017,7:30 PM,1328.1,RHS,Rural,Kavali,Collision Brush/Side Wipe, Bike hit CC Barrier,Bike,Grievious injury,Over speed,Four lanes or more with central divider,Slight curve,,Fine,KA02JE 8084,A.M.B&P.V,Animals affected,0
13.09.2017,12:15 AM,1217.7,LHS,Rural,Medarametla,Collision Brush/Side Wipe, Lorry hit Median ,Lorry,Non injury,Over speed,Four lanes or more with central divider,Straight road,,Fine,AP16TB 5755,P.V,Fatal,0
13.09.2017,12:15 AM,1217.7,LHS,Rural,Medarametla,Collision Brush/Side Wipe, Lorry hit Median ,Lorry,Non injury,Over speed,Four lanes or more with central divider,Straight road,,Fine,AP16TB 5755,P.V,Grevious,0
13.09.2017,12:15 AM,1217.7,LHS,Rural,Medarametla,Collision Brush/Side Wipe, Lorry hit Median ,Lorry,Non injury,Over speed,Four lanes or more with central divider,Straight road,,Fine,AP16TB 5755,P.V,Minor,0
13.09.2017,12:15 AM,1217.7,LHS,Rural,Medarametla,Collision Brush/Side Wipe, Lorry hit Median ,Lorry,Non injury,Over speed,Four lanes or more with central divider,Straight road,,Fine,AP16TB 5755,P.V,Non injured ,2
13.09.2017,12:15 AM,1217.7,LHS,Rural,Medarametla,Collision Brush/Side Wipe, Lorry hit Median ,Lorry,Non injury,Over speed,Four lanes or more with central divider,Straight road,,Fine,AP16TB 5755,P.V,Animals affected,0
13.09.2017,6:30 AM,1317.9,LHS,Rural,Kavali,Collision Brush/Side Wipe, Container vehicle hit Lorry,Container,Non injury,Fault of driver of motor vehicle/driver of other vehicle/cyclist/pedestrian/passenger,Two lanes,Straight road,,Fine,RJ14GE 5005,P.V,Fatal,0
13.09.2017,6:30 AM,1317.9,LHS,Rural,Kavali,Collision Brush/Side Wipe, Container vehicle hit Lorry,Container,Non injury,Fault of driver of motor vehicle/driver of other vehicle/cyclist/pedestrian/passenger,Two lanes,Straight road,,Fine,RJ14GE 5005,P.V,Grevious,0
13.09.2017,6:30 AM,1317.9,LHS,Rural,Kavali,Collision Brush/Side Wipe, Container vehicle hit Lorry,Container,Non injury,Fault of driver of motor vehicle/driver of other vehicle/cyclist/pedestrian/passenger,Two lanes,Straight road,,Fine,RJ14GE 5005,P.V,Minor,0
13.09.2017,6:30 AM,1317.9,LHS,Rural,Kavali,Collision Brush/Side Wipe, Container vehicle hit Lorry,Container,Non injury,Fault of driver of motor vehicle/driver of other vehicle/cyclist/pedestrian/passenger,Two lanes,Straight road,,Fine,RJ14GE 5005,P.V,Non injured ,2
13.09.2017,6:30 AM,1317.9,LHS,Rural,Kavali,Collision Brush/Side Wipe, Container vehicle hit Lorry,Container,Non injury,Fault of driver of motor vehicle/driver of other vehicle/cyclist/pedestrian/passenger,Two lanes,Straight road,,Fine,RJ14GE 5005,P.V,Animals affected,0
13.09.2017,8:16 AM,1202.8,LHS,Rural,Reningavaram,Collision Brush/Side Wipe, Unknown Vehicle hit Pedestrian,Unknown,Grievious injury,Over speed,Four lanes or more with central divider,Straight road,,Fine,Unknown Vehicle ,A.M.B,Fatal,0
13.09.2017,8:16 AM,1202.8,LHS,Rural,Reningavaram,Collision Brush/Side Wipe, Unknown Vehicle hit Pedestrian,Unknown,Grievious injury,Over speed,Four lanes or more with central divider,Straight road,,Fine,Unknown Vehicle ,A.M.B,Grevious,1
13.09.2017,8:16 AM,1202.8,LHS,Rural,Reningavaram,Collision Brush/Side Wipe, Unknown Vehicle hit Pedestrian,Unknown,Grievious injury,Over speed,Four lanes or more with central divider,Straight road,,Fine,Unknown Vehicle ,A.M.B,Minor,0
13.09.2017,8:16 AM,1202.8,LHS,Rural,Reningavaram,Collision Brush/Side Wipe, Unknown Vehicle hit Pedestrian,Unknown,Grievious injury,Over speed,Four lanes or more with central divider,Straight road,,Fine,Unknown Vehicle ,A.M.B,Non injured ,0
13.09.2017,8:16 AM,1202.8,LHS,Rural,Reningavaram,Collision Brush/Side Wipe, Unknown Vehicle hit Pedestrian,Unknown,Grievious injury,Over speed,Four lanes or more with central divider,Straight road,,Fine,Unknown Vehicle ,A.M.B,Animals affected,0
14.09.2017,6:20 AM,1210.7,RHS,Rural,Reningavaram,Rear End Collision, Car hit Lorry  ,Car,Grievious injury,Fault of driver of motor vehicle/driver of other vehicle/cyclist/pedestrian/passenger,Four lanes or more with central divider,Straight road,,Fine,AP10N  3511,A.M.B & P.V,Fatal,0
14.09.2017,6:20 AM,1210.7,RHS,Rural,Reningavaram,Rear End Collision, Car hit Lorry  ,Car,Grievious injury,Fault of driver of motor vehicle/driver of other vehicle/cyclist/pedestrian/passenger,Four lanes or more with central divider,Straight road,,Fine,AP10N  3511,A.M.B & P.V,Grevious,1
14.09.2017,6:20 AM,1210.7,RHS,Rural,Reningavaram,Rear End Collision, Car hit Lorry  ,Car,Grievious injury,Fault of driver of motor vehicle/driver of other vehicle/cyclist/pedestrian/passenger,Four lanes or more with central divider,Straight road,,Fine,AP10N  3511,A.M.B & P.V,Minor,1
14.09.2017,6:20 AM,1210.7,RHS,Rural,Reningavaram,Rear End Collision, Car hit Lorry  ,Car,Grievious injury,Fault of driver of motor vehicle/driver of other vehicle/cyclist/pedestrian/passenger,Four lanes or more with central divider,Straight road,,Fine,AP10N  3511,A.M.B & P.V,Non injured ,5
14.09.2017,6:20 AM,1210.7,RHS,Rural,Reningavaram,Rear End Collision, Car hit Lorry  ,Car,Grievious injury,Fault of driver of motor vehicle/driver of other vehicle/cyclist/pedestrian/passenger,Four lanes or more with central divider,Straight road,,Fine,AP10N  3511,A.M.B & P.V,Animals affected,0
14.09.2017,4:38 PM,1256.9,RHS,Rural,Tangutur,Collision Brush/Side Wipe, Container vehicle hit Kerb lane wall,Container,Non injury,Over speed,Four lanes or more with central divider,Straight road,,Fine,NLO1G  9578,P.V,Fatal,0
14.09.2017,4:38 PM,1256.9,RHS,Rural,Tangutur,Collision Brush/Side Wipe, Container vehicle hit Kerb lane wall,Container,Non injury,Over speed,Four lanes or more with central divider,Straight road,,Fine,NLO1G  9578,P.V,Grevious,0
14.09.2017,4:38 PM,1256.9,RHS,Rural,Tangutur,Collision Brush/Side Wipe, Container vehicle hit Kerb lane wall,Container,Non injury,Over speed,Four lanes or more with central divider,Straight road,,Fine,NLO1G  9578,P.V,Minor,0
14.09.2017,4:38 PM,1256.9,RHS,Rural,Tangutur,Collision Brush/Side Wipe, Container vehicle hit Kerb lane wall,Container,Non injury,Over speed,Four lanes or more with central divider,Straight road,,Fine,NLO1G  9578,P.V,Non injured ,1
14.09.2017,4:38 PM,1256.9,RHS,Rural,Tangutur,Collision Brush/Side Wipe, Container vehicle hit Kerb lane wall,Container,Non injury,Over speed,Four lanes or more with central divider,Straight road,,Fine,NLO1G  9578,P.V,Animals affected,0
14.09.2017,7:52 PM,1227.1,RHS,Rural,Maddipadu,Rear End Collision, Bike hit Unknown Vehicle,Bike,Minor injury,Over speed,Four lanes or more with central divider,Straight road,,Fine,AP27AD  3067,P.V,Fatal,0
14.09.2017,7:52 PM,1227.1,RHS,Rural,Maddipadu,Rear End Collision, Bike hit Unknown Vehicle,Bike,Minor injury,Over speed,Four lanes or more with central divider,Straight road,,Fine,AP27AD  3067,P.V,Grevious,0
14.09.2017,7:52 PM,1227.1,RHS,Rural,Maddipadu,Rear End Collision, Bike hit Unknown Vehicle,Bike,Minor injury,Over speed,Four lanes or more with central divider,Straight road,,Fine,AP27AD  3067,P.V,Minor,1
14.09.2017,7:52 PM,1227.1,RHS,Rural,Maddipadu,Rear End Collision, Bike hit Unknown Vehicle,Bike,Minor injury,Over speed,Four lanes or more with central divider,Straight road,,Fine,AP27AD  3067,P.V,Non injured ,0
14.09.2017,7:52 PM,1227.1,RHS,Rural,Maddipadu,Rear End Collision, Bike hit Unknown Vehicle,Bike,Minor injury,Over speed,Four lanes or more with central divider,Straight road,,Fine,AP27AD  3067,P.V,Animals affected,0
15.09.2017,4:00 AM,1226.1,RHS,Rural,Maddipadu,Rear End Collision, Car hit Lorry  ,Car,Grievious injury,Fault of driver of motor vehicle/driver of other vehicle/cyclist/pedestrian/passenger,Four lanes or more with central divider,Straight road,,Fine,AP16BU  7000,P.V,Fatal,0
15.09.2017,4:00 AM,1226.1,RHS,Rural,Maddipadu,Rear End Collision, Car hit Lorry  ,Car,Grievious injury,Fault of driver of motor vehicle/driver of other vehicle/cyclist/pedestrian/passenger,Four lanes or more with central divider,Straight road,,Fine,AP16BU  7000,P.V,Grevious,1
15.09.2017,4:00 AM,1226.1,RHS,Rural,Maddipadu,Rear End Collision, Car hit Lorry  ,Car,Grievious injury,Fault of driver of motor vehicle/driver of other vehicle/cyclist/pedestrian/passenger,Four lanes or more with central divider,Straight road,,Fine,AP16BU  7000,P.V,Minor,1
15.09.2017,4:00 AM,1226.1,RHS,Rural,Maddipadu,Rear End Collision, Car hit Lorry  ,Car,Grievious injury,Fault of driver of motor vehicle/driver of other vehicle/cyclist/pedestrian/passenger,Four lanes or more with central divider,Straight road,,Fine,AP16BU  7000,P.V,Non injured ,3
15.09.2017,4:00 AM,1226.1,RHS,Rural,Maddipadu,Rear End Collision, Car hit Lorry  ,Car,Grievious injury,Fault of driver of motor vehicle/driver of other vehicle/cyclist/pedestrian/passenger,Four lanes or more with central divider,Straight road,,Fine,AP16BU  7000,P.V,Animals affected,0
15.09.2017,5:05 AM,1283.3,RHS,Rural,Ulavapadu,Overturning, Oil Tanker went out of the road toward ,Tanker,Minor injury,Fault of driver of motor vehicle/driver of other vehicle/cyclist/pedestrian/passenger,Four lanes or more with central divider,Straight road,,Fine,AP04TT  2669,P.V,Fatal,0
15.09.2017,5:05 AM,1283.3,RHS,Rural,Ulavapadu,Overturning, Oil Tanker went out of the road toward ,Tanker,Minor injury,Fault of driver of motor vehicle/driver of other vehicle/cyclist/pedestrian/passenger,Four lanes or more with central divider,Straight road,,Fine,AP04TT  2669,P.V,Grevious,0
15.09.2017,5:05 AM,1283.3,RHS,Rural,Ulavapadu,Overturning, Oil Tanker went out of the road toward ,Tanker,Minor injury,Fault of driver of motor vehicle/driver of other vehicle/cyclist/pedestrian/passenger,Four lanes or more with central divider,Straight road,,Fine,AP04TT  2669,P.V,Minor,1
15.09.2017,5:05 AM,1283.3,RHS,Rural,Ulavapadu,Overturning, Oil Tanker went out of the road toward ,Tanker,Minor injury,Fault of driver of motor vehicle/driver of other vehicle/cyclist/pedestrian/passenger,Four lanes or more with central divider,Straight road,,Fine,AP04TT  2669,P.V,Non injured ,1
15.09.2017,5:05 AM,1283.3,RHS,Rural,Ulavapadu,Overturning, Oil Tanker went out of the road toward ,Tanker,Minor injury,Fault of driver of motor vehicle/driver of other vehicle/cyclist/pedestrian/passenger,Four lanes or more with central divider,Straight road,,Fine,AP04TT  2669,P.V,Animals affected,0
15.09.2017,4:00 AM,1317.6,LHS,Rural,Kavali,Rear End Collision, Car hit Mini truck,Car,Minor injury,Fault of driver of motor vehicle/driver of other vehicle/cyclist/pedestrian/passenger,Two lanes,Straight road,,Fine,AP27AF  5225,A.M.B&P.V,Fatal,0
15.09.2017,4:00 AM,1317.6,LHS,Rural,Kavali,Rear End Collision, Car hit Mini truck,Car,Minor injury,Fault of driver of motor vehicle/driver of other vehicle/cyclist/pedestrian/passenger,Two lanes,Straight road,,Fine,AP27AF  5225,A.M.B&P.V,Grevious,0
15.09.2017,4:00 AM,1317.6,LHS,Rural,Kavali,Rear End Collision, Car hit Mini truck,Car,Minor injury,Fault of driver of motor vehicle/driver of other vehicle/cyclist/pedestrian/passenger,Two lanes,Straight road,,Fine,AP27AF  5225,A.M.B&P.V,Minor,1