Operational date,Time of Accident,KM && M,Position,Rural/Urban,Location,Nature of Accident Position,Nature of Accident,Vehicle Involved,Type of Accident,Causes,Road Feature,Road condition,Intersection Type And Control,Weather Condition,Vehicle Responsible,Help Provided by Ambulance/Patroling Vehicle,Classification of Accident,No of Affected Persons
15.09.2017,4:00 AM,1317.6,LHS,Rural,Kavali,Rear End Collision, Car hit Mini truck,Car,Minor injury,Fault of driver of motor vehicle/driver of other vehicle/cyclist/pedestrian/passenger,Two lanes,Straight road,,Fine,AP27AF  5225,A.M.B&P.V,Non injured ,3
15.09.2017,4:00 AM,1317.6,LHS,Rural,Kavali,Rear End Collision, Car hit Mini truck,Car,Minor injury,Fault of driver of motor vehicle/driver of other vehicle/cyclist/pedestrian/passenger,Two lanes,Straight road,,Fine,AP27AF  5225,A.M.B&P.V,Animals affected,0
15.09.2017,5:00 PM,1284.3,RHS,Rural,Ulavapadu,Overturning, Car went out of the road toward ROW and,Car,Grievious injury,Defect in mechanical condition of motor vehicle/road condition,Four lanes or more with central divider,Straight road,,Fine,AP27AB  4470,P.V,Fatal,0
15.09.2017,5:00 PM,1284.3,RHS,Rural,Ulavapadu,Overturning, Car went out of the road toward ROW and,Car,Grievious injury,Defect in mechanical condition of motor vehicle/road condition,Four lanes or more with central divider,Straight road,,Fine,AP27AB  4470,P.V,Grevious,1
15.09.2017,5:00 PM,1284.3,RHS,Rural,Ulavapadu,Overturning, Car went out of the road toward ROW and,Car,Grievious injury,Defect in mechanical condition of motor vehicle/road condition,Four lanes or more with central divider,Straight road,,Fine,AP27AB  4470,P.V,Minor,3
15.09.2017,5:00 PM,1284.3,RHS,Rural,Ulavapadu,Overturning, Car went out of the road toward ROW and,Car,Grievious injury,Defect in mechanical condition of motor vehicle/road condition,Four lanes or more with central divider,Straight road,,Fine,AP27AB  4470,P.V,Non injured ,0
15.09.2017,5:00 PM,1284.3,RHS,Rural,Ulavapadu,Overturning, Car went out of the road toward ROW and,Car,Grievious injury,Defect in mechanical condition of motor vehicle/road condition,Four lanes or more with central divider,Straight road,,Fine,AP27AB  4470,P.V,Animals affected,0
16.09.2017,2:20 AM,1243.1,RHS,Urban,Ongole,Rear End Collision, Car hit Lorry  ,Car,Minor injury,Fault of driver of motor vehicle/driver of other vehicle/cyclist/pedestrian/passenger,Four lanes or more with central divider,Straight road,,Fine,AP16AM   2579,P.V,Fatal,0
16.09.2017,2:20 AM,1243.1,RHS,Urban,Ongole,Rear End Collision, Car hit Lorry  ,Car,Minor injury,Fault of driver of motor vehicle/driver of other vehicle/cyclist/pedestrian/passenger,Four lanes or more with central divider,Straight road,,Fine,AP16AM   2579,P.V,Grevious,0
16.09.2017,2:20 AM,1243.1,RHS,Urban,Ongole,Rear End Collision, Car hit Lorry  ,Car,Minor injury,Fault of driver of motor vehicle/driver of other vehicle/cyclist/pedestrian/passenger,Four lanes or more with central divider,Straight road,,Fine,AP16AM   2579,P.V,Minor,1
16.09.2017,2:20 AM,1243.1,RHS,Urban,Ongole,Rear End Collision, Car hit Lorry  ,Car,Minor injury,Fault of driver of motor vehicle/driver of other vehicle/cyclist/pedestrian/passenger,Four lanes or more with central divider,Straight road,,Fine,AP16AM   2579,P.V,Non injured ,6
16.09.2017,2:20 AM,1243.1,RHS,Urban,Ongole,Rear End Collision, Car hit Lorry  ,Car,Minor injury,Fault of driver of motor vehicle/driver of other vehicle/cyclist/pedestrian/passenger,Four lanes or more with central divider,Straight road,,Fine,AP16AM   2579,P.V,Animals affected,0
16.09.2017,5:30 AM,1325.9,LHS,Rural,Kavali,Collision Brush/Side Wipe, Lorry hit Lorry,Lorry,Minor injury,Fault of driver of motor vehicle/driver of other vehicle/cyclist/pedestrian/passenger,Four lanes or more with central divider,Straight road,,Heavy rain,PY03A     4711,P.V,Fatal,0
16.09.2017,5:30 AM,1325.9,LHS,Rural,Kavali,Collision Brush/Side Wipe, Lorry hit Lorry,Lorry,Minor injury,Fault of driver of motor vehicle/driver of other vehicle/cyclist/pedestrian/passenger,Four lanes or more with central divider,Straight road,,Heavy rain,PY03A     4711,P.V,Grevious,0
16.09.2017,5:30 AM,1325.9,LHS,Rural,Kavali,Collision Brush/Side Wipe, Lorry hit Lorry,Lorry,Minor injury,Fault of driver of motor vehicle/driver of other vehicle/cyclist/pedestrian/passenger,Four lanes or more with central divider,Straight road,,Heavy rain,PY03A     4711,P.V,Minor,1
16.09.2017,5:30 AM,1325.9,LHS,Rural,Kavali,Collision Brush/Side Wipe, Lorry hit Lorry,Lorry,Minor injury,Fault of driver of motor vehicle/driver of other vehicle/cyclist/pedestrian/passenger,Four lanes or more with central divider,Straight road,,Heavy rain,PY03A     4711,P.V,Non injured ,1
16.09.2017,5:30 AM,1325.9,LHS,Rural,Kavali,Collision Brush/Side Wipe, Lorry hit Lorry,Lorry,Minor injury,Fault of driver of motor vehicle/driver of other vehicle/cyclist/pedestrian/passenger,Four lanes or more with central divider,Straight road,,Heavy rain,PY03A     4711,P.V,Animals affected,0
17.09.2017,1:00 AM,1191.8,LHS,Rural,Martur,Skidding, Bike skidding,Bike,Fatal,Over speed,Four lanes or more with central divider,Straight road,Four arm junction,Fine,AP22N    8132,A.M.B & P.V,Fatal,1
17.09.2017,1:00 AM,1191.8,LHS,Rural,Martur,Skidding, Bike skidding,Bike,Fatal,Over speed,Four lanes or more with central divider,Straight road,Four arm junction,Fine,AP22N    8132,A.M.B & P.V,Grevious,0
17.09.2017,1:00 AM,1191.8,LHS,Rural,Martur,Skidding, Bike skidding,Bike,Fatal,Over speed,Four lanes or more with central divider,Straight road,Four arm junction,Fine,AP22N    8132,A.M.B & P.V,Minor,0
17.09.2017,1:00 AM,1191.8,LHS,Rural,Martur,Skidding, Bike skidding,Bike,Fatal,Over speed,Four lanes or more with central divider,Straight road,Four arm junction,Fine,AP22N    8132,A.M.B & P.V,Non injured ,0
17.09.2017,1:00 AM,1191.8,LHS,Rural,Martur,Skidding, Bike skidding,Bike,Fatal,Over speed,Four lanes or more with central divider,Straight road,Four arm junction,Fine,AP22N    8132,A.M.B & P.V,Animals affected,0
17.09.2017,7:30 AM,1229.5,RHS,Rural,Maddipadu,Head on collision, Car hit Bike,Car,Fatal,Fault of driver of motor vehicle/driver of other vehicle/cyclist/pedestrian/passenger,Four lanes or more with central divider,Straight road,Four arm junction,Fine,MH40KR   4904,P.V,Fatal,1
17.09.2017,7:30 AM,1229.5,RHS,Rural,Maddipadu,Head on collision, Car hit Bike,Car,Fatal,Fault of driver of motor vehicle/driver of other vehicle/cyclist/pedestrian/passenger,Four lanes or more with central divider,Straight road,Four arm junction,Fine,MH40KR   4904,P.V,Grevious,0
17.09.2017,7:30 AM,1229.5,RHS,Rural,Maddipadu,Head on collision, Car hit Bike,Car,Fatal,Fault of driver of motor vehicle/driver of other vehicle/cyclist/pedestrian/passenger,Four lanes or more with central divider,Straight road,Four arm junction,Fine,MH40KR   4904,P.V,Minor,0
17.09.2017,7:30 AM,1229.5,RHS,Rural,Maddipadu,Head on collision, Car hit Bike,Car,Fatal,Fault of driver of motor vehicle/driver of other vehicle/cyclist/pedestrian/passenger,Four lanes or more with central divider,Straight road,Four arm junction,Fine,MH40KR   4904,P.V,Non injured ,1
17.09.2017,7:30 AM,1229.5,RHS,Rural,Maddipadu,Head on collision, Car hit Bike,Car,Fatal,Fault of driver of motor vehicle/driver of other vehicle/cyclist/pedestrian/passenger,Four lanes or more with central divider,Straight road,Four arm junction,Fine,MH40KR   4904,P.V,Animals affected,0
17.09.2017,3:35 PM,1196.8,LHS,Rural,Martur,Collision Brush/Side Wipe, Lorry hit Baffalo,Lorry,Non injury,Vehicle out of control,Four lanes or more with central divider,Straight road,,Fine,KA51A   6636,P.V,Fatal,0
17.09.2017,3:35 PM,1196.8,LHS,Rural,Martur,Collision Brush/Side Wipe, Lorry hit Baffalo,Lorry,Non injury,Vehicle out of control,Four lanes or more with central divider,Straight road,,Fine,KA51A   6636,P.V,Grevious,0
17.09.2017,3:35 PM,1196.8,LHS,Rural,Martur,Collision Brush/Side Wipe, Lorry hit Baffalo,Lorry,Non injury,Vehicle out of control,Four lanes or more with central divider,Straight road,,Fine,KA51A   6636,P.V,Minor,0
17.09.2017,3:35 PM,1196.8,LHS,Rural,Martur,Collision Brush/Side Wipe, Lorry hit Baffalo,Lorry,Non injury,Vehicle out of control,Four lanes or more with central divider,Straight road,,Fine,KA51A   6636,P.V,Non injured ,1
17.09.2017,3:35 PM,1196.8,LHS,Rural,Martur,Collision Brush/Side Wipe, Lorry hit Baffalo,Lorry,Non injury,Vehicle out of control,Four lanes or more with central divider,Straight road,,Fine,KA51A   6636,P.V,Animals affected,1
17.09.2017,10:25 PM,1191.8,RHS,Rural,Martur,Collision Brush/Side Wipe, Unknown vehicle hit Bike,Unknown,Grievious injury,Over speed,Four lanes or more with central divider,Straight road,Four arm junction,Fine,Unknown vehicle,A.M.B & P.V,Fatal,0
17.09.2017,10:25 PM,1191.8,RHS,Rural,Martur,Collision Brush/Side Wipe, Unknown vehicle hit Bike,Unknown,Grievious injury,Over speed,Four lanes or more with central divider,Straight road,Four arm junction,Fine,Unknown vehicle,A.M.B & P.V,Grevious,1
17.09.2017,10:25 PM,1191.8,RHS,Rural,Martur,Collision Brush/Side Wipe, Unknown vehicle hit Bike,Unknown,Grievious injury,Over speed,Four lanes or more with central divider,Straight road,Four arm junction,Fine,Unknown vehicle,A.M.B & P.V,Minor,0
17.09.2017,10:25 PM,1191.8,RHS,Rural,Martur,Collision Brush/Side Wipe, Unknown vehicle hit Bike,Unknown,Grievious injury,Over speed,Four lanes or more with central divider,Straight road,Four arm junction,Fine,Unknown vehicle,A.M.B & P.V,Non injured ,0
17.09.2017,10:25 PM,1191.8,RHS,Rural,Martur,Collision Brush/Side Wipe, Unknown vehicle hit Bike,Unknown,Grievious injury,Over speed,Four lanes or more with central divider,Straight road,Four arm junction,Fine,Unknown vehicle,A.M.B & P.V,Animals affected,0
17.09.2017,10:30 PM,1191.8,RHS,Rural,Martur,Collision Brush/Side Wipe, Lorry hit Bike,Lorry,Grievious injury,Over speed,Four lanes or more with central divider,Straight road,Four arm junction,Fine,AP16TC   8759,P.V,Fatal,0
17.09.2017,10:30 PM,1191.8,RHS,Rural,Martur,Collision Brush/Side Wipe, Lorry hit Bike,Lorry,Grievious injury,Over speed,Four lanes or more with central divider,Straight road,Four arm junction,Fine,AP16TC   8759,P.V,Grevious,1
17.09.2017,10:30 PM,1191.8,RHS,Rural,Martur,Collision Brush/Side Wipe, Lorry hit Bike,Lorry,Grievious injury,Over speed,Four lanes or more with central divider,Straight road,Four arm junction,Fine,AP16TC   8759,P.V,Minor,0
17.09.2017,10:30 PM,1191.8,RHS,Rural,Martur,Collision Brush/Side Wipe, Lorry hit Bike,Lorry,Grievious injury,Over speed,Four lanes or more with central divider,Straight road,Four arm junction,Fine,AP16TC   8759,P.V,Non injured ,1
17.09.2017,10:30 PM,1191.8,RHS,Rural,Martur,Collision Brush/Side Wipe, Lorry hit Bike,Lorry,Grievious injury,Over speed,Four lanes or more with central divider,Straight road,Four arm junction,Fine,AP16TC   8759,P.V,Animals affected,0
18.09.2017,5:20 AM,1202.2,RHS,Rural,Reningavaram,Rear End Collision, Lorry hit Unknown Vehicle,Lorry,Minor injury,Fault of driver of motor vehicle/driver of other vehicle/cyclist/pedestrian/passenger,Four lanes or more with central divider,Straight road,,Fine,KA07A 38666,A.M.B & P.V,Fatal,0
18.09.2017,5:20 AM,1202.2,RHS,Rural,Reningavaram,Rear End Collision, Lorry hit Unknown Vehicle,Lorry,Minor injury,Fault of driver of motor vehicle/driver of other vehicle/cyclist/pedestrian/passenger,Four lanes or more with central divider,Straight road,,Fine,KA07A 38666,A.M.B & P.V,Grevious,0
18.09.2017,5:20 AM,1202.2,RHS,Rural,Reningavaram,Rear End Collision, Lorry hit Unknown Vehicle,Lorry,Minor injury,Fault of driver of motor vehicle/driver of other vehicle/cyclist/pedestrian/passenger,Four lanes or more with central divider,Straight road,,Fine,KA07A 38666,A.M.B & P.V,Minor,1
18.09.2017,5:20 AM,1202.2,RHS,Rural,Reningavaram,Rear End Collision, Lorry hit Unknown Vehicle,Lorry,Minor injury,Fault of driver of motor vehicle/driver of other vehicle/cyclist/pedestrian/passenger,Four lanes or more with central divider,Straight road,,Fine,KA07A 38666,A.M.B & P.V,Non injured ,0
18.09.2017,5:20 AM,1202.2,RHS,Rural,Reningavaram,Rear End Collision, Lorry hit Unknown Vehicle,Lorry,Minor injury,Fault of driver of motor vehicle/driver of other vehicle/cyclist/pedestrian/passenger,Four lanes or more with central divider,Straight road,,Fine,KA07A 38666,A.M.B & P.V,Animals affected,0
18.09.2017,9:05 AM,1200,LHS,Rural,Reningavaram,Skidding, Bike skidding,Bike,Grievious injury,Fault of driver of motor vehicle/driver of other vehicle/cyclist/pedestrian/passenger,Four lanes or more with central divider,Straight road,,Fine,AP27AB 5594,A.M.B ,Fatal,0
18.09.2017,9:05 AM,1200,LHS,Rural,Reningavaram,Skidding, Bike skidding,Bike,Grievious injury,Fault of driver of motor vehicle/driver of other vehicle/cyclist/pedestrian/passenger,Four lanes or more with central divider,Straight road,,Fine,AP27AB 5594,A.M.B ,Grevious,1
18.09.2017,9:05 AM,1200,LHS,Rural,Reningavaram,Skidding, Bike skidding,Bike,Grievious injury,Fault of driver of motor vehicle/driver of other vehicle/cyclist/pedestrian/passenger,Four lanes or more with central divider,Straight road,,Fine,AP27AB 5594,A.M.B ,Minor,0
18.09.2017,9:05 AM,1200,LHS,Rural,Reningavaram,Skidding, Bike skidding,Bike,Grievious injury,Fault of driver of motor vehicle/driver of other vehicle/cyclist/pedestrian/passenger,Four lanes or more with central divider,Straight road,,Fine,AP27AB 5594,A.M.B ,Non injured ,3
18.09.2017,9:05 AM,1200,LHS,Rural,Reningavaram,Skidding, Bike skidding,Bike,Grievious injury,Fault of driver of motor vehicle/driver of other vehicle/cyclist/pedestrian/passenger,Four lanes or more with central divider,Straight road,,Fine,AP27AB 5594,A.M.B ,Animals affected,0
18.09.2017,7:18 PM,1203.8,LHS,Rural,Reningavaram,Skidding, Bike skidding,Bike,Grievious injury,Druken,Four lanes or more with central divider,Straight road,,Fine,AP27AQ  5023,A.M.B & P.V,Fatal,0
18.09.2017,7:18 PM,1203.8,LHS,Rural,Reningavaram,Skidding, Bike skidding,Bike,Grievious injury,Druken,Four lanes or more with central divider,Straight road,,Fine,AP27AQ  5023,A.M.B & P.V,Grevious,1
18.09.2017,7:18 PM,1203.8,LHS,Rural,Reningavaram,Skidding, Bike skidding,Bike,Grievious injury,Druken,Four lanes or more with central divider,Straight road,,Fine,AP27AQ  5023,A.M.B & P.V,Minor,0
18.09.2017,7:18 PM,1203.8,LHS,Rural,Reningavaram,Skidding, Bike skidding,Bike,Grievious injury,Druken,Four lanes or more with central divider,Straight road,,Fine,AP27AQ  5023,A.M.B & P.V,Non injured ,0
18.09.2017,7:18 PM,1203.8,LHS,Rural,Reningavaram,Skidding, Bike skidding,Bike,Grievious injury,Druken,Four lanes or more with central divider,Straight road,,Fine,AP27AQ  5023,A.M.B & P.V,Animals affected,0
19.09.2017,4:20 AM,1316.2,LHS,Rural,Kavali,Rear End Collision, Mahindra Pickup Vehicle hit Tata Ace Ve,Van,Minor injury,Fault of driver of motor vehicle/driver of other vehicle/cyclist/pedestrian/passenger,Four lanes or more with central divider,Straight road,,Fine,TN52V   3749,A.M.B & P.V,Fatal,0
19.09.2017,4:20 AM,1316.2,LHS,Rural,Kavali,Rear End Collision, Mahindra Pickup Vehicle hit Tata Ace Ve,Van,Minor injury,Fault of driver of motor vehicle/driver of other vehicle/cyclist/pedestrian/passenger,Four lanes or more with central divider,Straight road,,Fine,TN52V   3749,A.M.B & P.V,Grevious,0
19.09.2017,4:20 AM,1316.2,LHS,Rural,Kavali,Rear End Collision, Mahindra Pickup Vehicle hit Tata Ace Ve,Van,Minor injury,Fault of driver of motor vehicle/driver of other vehicle/cyclist/pedestrian/passenger,Four lanes or more with central divider,Straight road,,Fine,TN52V   3749,A.M.B & P.V,Minor,10
19.09.2017,4:20 AM,1316.2,LHS,Rural,Kavali,Rear End Collision, Mahindra Pickup Vehicle hit Tata Ace Ve,Van,Minor injury,Fault of driver of motor vehicle/driver of other vehicle/cyclist/pedestrian/passenger,Four lanes or more with central divider,Straight road,,Fine,TN52V   3749,A.M.B & P.V,Non injured ,2
19.09.2017,4:20 AM,1316.2,LHS,Rural,Kavali,Rear End Collision, Mahindra Pickup Vehicle hit Tata Ace Ve,Van,Minor injury,Fault of driver of motor vehicle/driver of other vehicle/cyclist/pedestrian/passenger,Four lanes or more with central divider,Straight road,,Fine,TN52V   3749,A.M.B & P.V,Animals affected,0
21.09.2017,12:45 AM,1275.7,LHS,Rural,Singarayakonda,Overturning, Bolero pickup vehicle Overturning to th,Car,Non injury,Fault of driver of motor vehicle/driver of other vehicle/cyclist/pedestrian/passenger,Four lanes or more with central divider,Straight road,,Fine,AP03T9 0658,P.V,Fatal,0
21.09.2017,12:45 AM,1275.7,LHS,Rural,Singarayakonda,Overturning, Bolero pickup vehicle Overturning to th,Car,Non injury,Fault of driver of motor vehicle/driver of other vehicle/cyclist/pedestrian/passenger,Four lanes or more with central divider,Straight road,,Fine,AP03T9 0658,P.V,Grevious,0
21.09.2017,12:45 AM,1275.7,LHS,Rural,Singarayakonda,Overturning, Bolero pickup vehicle Overturning to th,Car,Non injury,Fault of driver of motor vehicle/driver of other vehicle/cyclist/pedestrian/passenger,Four lanes or more with central divider,Straight road,,Fine,AP03T9 0658,P.V,Minor,0
21.09.2017,12:45 AM,1275.7,LHS,Rural,Singarayakonda,Overturning, Bolero pickup vehicle Overturning to th,Car,Non injury,Fault of driver of motor vehicle/driver of other vehicle/cyclist/pedestrian/passenger,Four lanes or more with central divider,Straight road,,Fine,AP03T9 0658,P.V,Non injured ,3
21.09.2017,12:45 AM,1275.7,LHS,Rural,Singarayakonda,Overturning, Bolero pickup vehicle Overturning to th,Car,Non injury,Fault of driver of motor vehicle/driver of other vehicle/cyclist/pedestrian/passenger,Four lanes or more with central divider,Straight road,,Fine,AP03T9 0658,P.V,Animals affected,0
21.09.2017,4:30 AM,1361.1,RHS,Rural,Kodavaluru,Rear End Collision, Trailer hit Lorry,Trailler,Minor injury,Fault of driver of motor vehicle/driver of other vehicle/cyclist/pedestrian/passenger,Four lanes or more with central divider,Straight road,,Fine,AP27TY  9079,P.V,Fatal,0
21.09.2017,4:30 AM,1361.1,RHS,Rural,Kodavaluru,Rear End Collision, Trailer hit Lorry,Trailler,Minor injury,Fault of driver of motor vehicle/driver of other vehicle/cyclist/pedestrian/passenger,Four lanes or more with central divider,Straight road,,Fine,AP27TY  9079,P.V,Grevious,0
21.09.2017,4:30 AM,1361.1,RHS,Rural,Kodavaluru,Rear End Collision, Trailer hit Lorry,Trailler,Minor injury,Fault of driver of motor vehicle/driver of other vehicle/cyclist/pedestrian/passenger,Four lanes or more with central divider,Straight road,,Fine,AP27TY  9079,P.V,Minor,1
21.09.2017,4:30 AM,1361.1,RHS,Rural,Kodavaluru,Rear End Collision, Trailer hit Lorry,Trailler,Minor injury,Fault of driver of motor vehicle/driver of other vehicle/cyclist/pedestrian/passenger,Four lanes or more with central divider,Straight road,,Fine,AP27TY  9079,P.V,Non injured ,1
21.09.2017,4:30 AM,1361.1,RHS,Rural,Kodavaluru,Rear End Collision, Trailer hit Lorry,Trailler,Minor injury,Fault of driver of motor vehicle/driver of other vehicle/cyclist/pedestrian/passenger,Four lanes or more with central divider,Straight road,,Fine,AP27TY  9079,P.V,Animals affected,0
21.09.2017,3:35 PM,1340.4,LHS,Rural,Dagadarthi,Collision Brush/Side Wipe, Bike hit divder,Bike,Grievious injury,Fault of driver of motor vehicle/driver of other vehicle/cyclist/pedestrian/passenger,Four lanes or more with central divider,Straight road,,Fine,AP26F  1615,A.M.B & P.V,Fatal,0
21.09.2017,3:35 PM,1340.4,LHS,Rural,Dagadarthi,Collision Brush/Side Wipe, Bike hit divder,Bike,Grievious injury,Fault of driver of motor vehicle/driver of other vehicle/cyclist/pedestrian/passenger,Four lanes or more with central divider,Straight road,,Fine,AP26F  1615,A.M.B & P.V,Grevious,1
21.09.2017,3:35 PM,1340.4,LHS,Rural,Dagadarthi,Collision Brush/Side Wipe, Bike hit divder,Bike,Grievious injury,Fault of driver of motor vehicle/driver of other vehicle/cyclist/pedestrian/passenger,Four lanes or more with central divider,Straight road,,Fine,AP26F  1615,A.M.B & P.V,Minor,1
21.09.2017,3:35 PM,1340.4,LHS,Rural,Dagadarthi,Collision Brush/Side Wipe, Bike hit divder,Bike,Grievious injury,Fault of driver of motor vehicle/driver of other vehicle/cyclist/pedestrian/passenger,Four lanes or more with central divider,Straight road,,Fine,AP26F  1615,A.M.B & P.V,Non injured ,0
21.09.2017,3:35 PM,1340.4,LHS,Rural,Dagadarthi,Collision Brush/Side Wipe, Bike hit divder,Bike,Grievious injury,Fault of driver of motor vehicle/driver of other vehicle/cyclist/pedestrian/passenger,Four lanes or more with central divider,Straight road,,Fine,AP26F  1615,A.M.B & P.V,Animals affected,0
22.09.2017,3:00 AM,1365.4,LHS,Rural,Kovuru,Rear End Collision, Container Vehicle hit Unknown Vehicle,Container,Minor injury,Fault of driver of motor vehicle/driver of other vehicle/cyclist/pedestrian/passenger,Four lanes or more with central divider,Straight road,,Fine,AP07TD 3323,P.V,Fatal,0
22.09.2017,3:00 AM,1365.4,LHS,Rural,Kovuru,Rear End Collision, Container Vehicle hit Unknown Vehicle,Container,Minor injury,Fault of driver of motor vehicle/driver of other vehicle/cyclist/pedestrian/passenger,Four lanes or more with central divider,Straight road,,Fine,AP07TD 3323,P.V,Grevious,0
22.09.2017,3:00 AM,1365.4,LHS,Rural,Kovuru,Rear End Collision, Container Vehicle hit Unknown Vehicle,Container,Minor injury,Fault of driver of motor vehicle/driver of other vehicle/cyclist/pedestrian/passenger,Four lanes or more with central divider,Straight road,,Fine,AP07TD 3323,P.V,Minor,1
22.09.2017,3:00 AM,1365.4,LHS,Rural,Kovuru,Rear End Collision, Container Vehicle hit Unknown Vehicle,Container,Minor injury,Fault of driver of motor vehicle/driver of other vehicle/cyclist/pedestrian/passenger,Four lanes or more with central divider,Straight road,,Fine,AP07TD 3323,P.V,Non injured ,1
22.09.2017,3:00 AM,1365.4,LHS,Rural,Kovuru,Rear End Collision, Container Vehicle hit Unknown Vehicle,Container,Minor injury,Fault of driver of motor vehicle/driver of other vehicle/cyclist/pedestrian/passenger,Four lanes or more with central divider,Straight road,,Fine,AP07TD 3323,P.V,Animals affected,0
23.09.2017,7:45 AM,1362.8,RHS,Rural,Kodavaluru,Collision Brush/Side Wipe, Unknown Vehicle hit Bike ,Unknown,Grievious injury,Over speed,Four lanes or more with central divider,Straight road,,Fine,Unknown Vehicle,P.V,Fatal,0
23.09.2017,7:45 AM,1362.8,RHS,Rural,Kodavaluru,Collision Brush/Side Wipe, Unknown Vehicle hit Bike ,Unknown,Grievious injury,Over speed,Four lanes or more with central divider,Straight road,,Fine,Unknown Vehicle,P.V,Grevious,1
23.09.2017,7:45 AM,1362.8,RHS,Rural,Kodavaluru,Collision Brush/Side Wipe, Unknown Vehicle hit Bike ,Unknown,Grievious injury,Over speed,Four lanes or more with central divider,Straight road,,Fine,Unknown Vehicle,P.V,Minor,1
23.09.2017,7:45 AM,1362.8,RHS,Rural,Kodavaluru,Collision Brush/Side Wipe, Unknown Vehicle hit Bike ,Unknown,Grievious injury,Over speed,Four lanes or more with central divider,Straight road,,Fine,Unknown Vehicle,P.V,Non injured ,0
23.09.2017,7:45 AM,1362.8,RHS,Rural,Kodavaluru,Collision Brush/Side Wipe, Unknown Vehicle hit Bike ,Unknown,Grievious injury,Over speed,Four lanes or more with central divider,Straight road,,Fine,Unknown Vehicle,P.V,Animals affected,0
23.09.2017,12:10 PM,1334.5,RHS,Rural,K.Tippa ,Collision Brush/Side Wipe, Bike hit VDP Workers,Bike,Grievious injury,Over speed,Four lanes or more with central divider,Straight road,,Fine,KA03JL  1979,A.M.B& P.V,Fatal,0
23.09.2017,12:10 PM,1334.5,RHS,Rural,K.Tippa ,Collision Brush/Side Wipe, Bike hit VDP Workers,Bike,Grievious injury,Over speed,Four lanes or more with central divider,Straight road,,Fine,KA03JL  1979,A.M.B& P.V,Grevious,2
23.09.2017,12:10 PM,1334.5,RHS,Rural,K.Tippa ,Collision Brush/Side Wipe, Bike hit VDP Workers,Bike,Grievious injury,Over speed,Four lanes or more with central divider,Straight road,,Fine,KA03JL  1979,A.M.B& P.V,Minor,3
23.09.2017,12:10 PM,1334.5,RHS,Rural,K.Tippa ,Collision Brush/Side Wipe, Bike hit VDP Workers,Bike,Grievious injury,Over speed,Four lanes or more with central divider,Straight road,,Fine,KA03JL  1979,A.M.B& P.V,Non injured ,0
23.09.2017,12:10 PM,1334.5,RHS,Rural,K.Tippa ,Collision Brush/Side Wipe, Bike hit VDP Workers,Bike,Grievious injury,Over speed,Four lanes or more with central divider,Straight road,,Fine,KA03JL  1979,A.M.B& P.V,Animals affected,0
23.09.2017,9:15 PM,1267.8,LHS,Rural,Tangutur,Overturning, Ashok Leyand Dost Vehicle Overturned,Lorry,Minor injury,Over speed,Four lanes or more with central divider,Straight road,,Light rain,AP27TU  5948,AMB,Fatal,0
23.09.2017,9:15 PM,1267.8,LHS,Rural,Tangutur,Overturning, Ashok Leyand Dost Vehicle Overturned,Lorry,Minor injury,Over speed,Four lanes or more with central divider,Straight road,,Light rain,AP27TU  5948,AMB,Grevious,0
23.09.2017,9:15 PM,1267.8,LHS,Rural,Tangutur,Overturning, Ashok Leyand Dost Vehicle Overturned,Lorry,Minor injury,Over speed,Four lanes or more with central divider,Straight road,,Light rain,AP27TU  5948,AMB,Minor,1
23.09.2017,9:15 PM,1267.8,LHS,Rural,Tangutur,Overturning, Ashok Leyand Dost Vehicle Overturned,Lorry,Minor injury,Over speed,Four lanes or more with central divider,Straight road,,Light rain,AP27TU  5948,AMB,Non injured ,1
23.09.2017,9:15 PM,1267.8,LHS,Rural,Tangutur,Overturning, Ashok Leyand Dost Vehicle Overturned,Lorry,Minor injury,Over speed,Four lanes or more with central divider,Straight road,,Light rain,AP27TU  5948,AMB,Animals affected,0
23.09.2017,8:10 PM,1286.8,RHS,Rural,Ulavapadu,Collision Brush/Side Wipe, Long Trailer Vehicle hit Lorry,Van,Non injury,Over speed,Four lanes or more with central divider,Slight curve,Y-Junction,Light rain,AP27TX  0639,P.V,Fatal,0
23.09.2017,8:10 PM,1286.8,RHS,Rural,Ulavapadu,Collision Brush/Side Wipe, Long Trailer Vehicle hit Lorry,Van,Non injury,Over speed,Four lanes or more with central divider,Slight curve,Y-Junction,Light rain,AP27TX  0639,P.V,Grevious,0
23.09.2017,8:10 PM,1286.8,RHS,Rural,Ulavapadu,Collision Brush/Side Wipe, Long Trailer Vehicle hit Lorry,Van,Non injury,Over speed,Four lanes or more with central divider,Slight curve,Y-Junction,Light rain,AP27TX  0639,P.V,Minor,0
23.09.2017,8:10 PM,1286.8,RHS,Rural,Ulavapadu,Collision Brush/Side Wipe, Long Trailer Vehicle hit Lorry,Van,Non injury,Over speed,Four lanes or more with central divider,Slight curve,Y-Junction,Light rain,AP27TX  0639,P.V,Non injured ,1
23.09.2017,8:10 PM,1286.8,RHS,Rural,Ulavapadu,Collision Brush/Side Wipe, Long Trailer Vehicle hit Lorry,Van,Non injury,Over speed,Four lanes or more with central divider,Slight curve,Y-Junction,Light rain,AP27TX  0639,P.V,Animals affected,0