Operational date,Time of Accident,KM && M,Position,Rural/Urban,Location,Nature of Accident Position,Nature of Accident,Vehicle Involved,Type of Accident,Causes,Road Feature,Road condition,Intersection Type And Control,Weather Condition,Vehicle Responsible,Help Provided by Ambulance/Patroling Vehicle,Classification of Accident,No of Affected Persons
24.09.2017,5:20 AM,1198,LHS,Rural,Martur,Skidding, Bike Skidding,Bike,Non injury,Fault of driver of motor vehicle/driver of other vehicle/cyclist/pedestrian/passenger,Four lanes or more with central divider,Straight road,,Fine,AP27BK  8941,AMB,Fatal,0
24.09.2017,5:20 AM,1198,LHS,Rural,Martur,Skidding, Bike Skidding,Bike,Non injury,Fault of driver of motor vehicle/driver of other vehicle/cyclist/pedestrian/passenger,Four lanes or more with central divider,Straight road,,Fine,AP27BK  8941,AMB,Grevious,0
24.09.2017,5:20 AM,1198,LHS,Rural,Martur,Skidding, Bike Skidding,Bike,Non injury,Fault of driver of motor vehicle/driver of other vehicle/cyclist/pedestrian/passenger,Four lanes or more with central divider,Straight road,,Fine,AP27BK  8941,AMB,Minor,1
24.09.2017,5:20 AM,1198,LHS,Rural,Martur,Skidding, Bike Skidding,Bike,Non injury,Fault of driver of motor vehicle/driver of other vehicle/cyclist/pedestrian/passenger,Four lanes or more with central divider,Straight road,,Fine,AP27BK  8941,AMB,Non injured ,0
24.09.2017,5:20 AM,1198,LHS,Rural,Martur,Skidding, Bike Skidding,Bike,Non injury,Fault of driver of motor vehicle/driver of other vehicle/cyclist/pedestrian/passenger,Four lanes or more with central divider,Straight road,,Fine,AP27BK  8941,AMB,Animals affected,0
24.09.2017,12:45 PM,1279.6,LHS,Rural,Singarayakonda,Rear End Collision, Lorry hit Trailler Vehicle and Pedestri,Lorry,Fatal,Over speed,Four lanes or more with central divider,Straight road,,Fine,AP16TE 6589,A.M.B& P.V,Fatal,1
24.09.2017,12:45 PM,1279.6,LHS,Rural,Singarayakonda,Rear End Collision, Lorry hit Trailler Vehicle and Pedestri,Lorry,Fatal,Over speed,Four lanes or more with central divider,Straight road,,Fine,AP16TE 6589,A.M.B& P.V,Grevious,0
24.09.2017,12:45 PM,1279.6,LHS,Rural,Singarayakonda,Rear End Collision, Lorry hit Trailler Vehicle and Pedestri,Lorry,Fatal,Over speed,Four lanes or more with central divider,Straight road,,Fine,AP16TE 6589,A.M.B& P.V,Minor,1
24.09.2017,12:45 PM,1279.6,LHS,Rural,Singarayakonda,Rear End Collision, Lorry hit Trailler Vehicle and Pedestri,Lorry,Fatal,Over speed,Four lanes or more with central divider,Straight road,,Fine,AP16TE 6589,A.M.B& P.V,Non injured ,0
24.09.2017,12:45 PM,1279.6,LHS,Rural,Singarayakonda,Rear End Collision, Lorry hit Trailler Vehicle and Pedestri,Lorry,Fatal,Over speed,Four lanes or more with central divider,Straight road,,Fine,AP16TE 6589,A.M.B& P.V,Animals affected,0
25.09.2017,1:20 PM,1313.2,RHS,Rural,Kavali,Collision Brush/Side Wipe, Container Vehicle hit Cargo Auto ,Container,Non injury,Fault of driver of motor vehicle/driver of other vehicle/cyclist/pedestrian/passenger,Four lanes or more with central divider,Straight road,T-Junction,Heavy rain,HR 38Q 9349,P.V,Fatal,0
25.09.2017,1:20 PM,1313.2,RHS,Rural,Kavali,Collision Brush/Side Wipe, Container Vehicle hit Cargo Auto ,Container,Non injury,Fault of driver of motor vehicle/driver of other vehicle/cyclist/pedestrian/passenger,Four lanes or more with central divider,Straight road,T-Junction,Heavy rain,HR 38Q 9349,P.V,Grevious,0
25.09.2017,1:20 PM,1313.2,RHS,Rural,Kavali,Collision Brush/Side Wipe, Container Vehicle hit Cargo Auto ,Container,Non injury,Fault of driver of motor vehicle/driver of other vehicle/cyclist/pedestrian/passenger,Four lanes or more with central divider,Straight road,T-Junction,Heavy rain,HR 38Q 9349,P.V,Minor,0
25.09.2017,1:20 PM,1313.2,RHS,Rural,Kavali,Collision Brush/Side Wipe, Container Vehicle hit Cargo Auto ,Container,Non injury,Fault of driver of motor vehicle/driver of other vehicle/cyclist/pedestrian/passenger,Four lanes or more with central divider,Straight road,T-Junction,Heavy rain,HR 38Q 9349,P.V,Non injured ,2
25.09.2017,1:20 PM,1313.2,RHS,Rural,Kavali,Collision Brush/Side Wipe, Container Vehicle hit Cargo Auto ,Container,Non injury,Fault of driver of motor vehicle/driver of other vehicle/cyclist/pedestrian/passenger,Four lanes or more with central divider,Straight road,T-Junction,Heavy rain,HR 38Q 9349,P.V,Animals affected,0
25.09.2017,10:40 PM,1328.1,RHS,Rural,Kavali,Overturning, Car hit CC Barrier and Overturned,Car,Minor injury,Druken,Four lanes or more with central divider,Straight road,,Fine,AP9AM   2682,P.V&A.M.B,Fatal,0
25.09.2017,10:40 PM,1328.1,RHS,Rural,Kavali,Overturning, Car hit CC Barrier and Overturned,Car,Minor injury,Druken,Four lanes or more with central divider,Straight road,,Fine,AP9AM   2682,P.V&A.M.B,Grevious,0
25.09.2017,10:40 PM,1328.1,RHS,Rural,Kavali,Overturning, Car hit CC Barrier and Overturned,Car,Minor injury,Druken,Four lanes or more with central divider,Straight road,,Fine,AP9AM   2682,P.V&A.M.B,Minor,1
25.09.2017,10:40 PM,1328.1,RHS,Rural,Kavali,Overturning, Car hit CC Barrier and Overturned,Car,Minor injury,Druken,Four lanes or more with central divider,Straight road,,Fine,AP9AM   2682,P.V&A.M.B,Non injured ,0
25.09.2017,10:40 PM,1328.1,RHS,Rural,Kavali,Overturning, Car hit CC Barrier and Overturned,Car,Minor injury,Druken,Four lanes or more with central divider,Straight road,,Fine,AP9AM   2682,P.V&A.M.B,Animals affected,0
26.09.2017,12:50 AM,1293.3,RHS,Rural,Ulavapadu,Collision Brush/Side Wipe, Unknown vehicle hit  Kaveri Bus,Unknown,Grievious injury,Over speed,Four lanes or more with central divider,Straight road,,Fine,Unknown vehicle,P.V&A.M.B,Fatal,0
26.09.2017,12:50 AM,1293.3,RHS,Rural,Ulavapadu,Collision Brush/Side Wipe, Unknown vehicle hit  Kaveri Bus,Unknown,Grievious injury,Over speed,Four lanes or more with central divider,Straight road,,Fine,Unknown vehicle,P.V&A.M.B,Grevious,1
26.09.2017,12:50 AM,1293.3,RHS,Rural,Ulavapadu,Collision Brush/Side Wipe, Unknown vehicle hit  Kaveri Bus,Unknown,Grievious injury,Over speed,Four lanes or more with central divider,Straight road,,Fine,Unknown vehicle,P.V&A.M.B,Minor,2
26.09.2017,12:50 AM,1293.3,RHS,Rural,Ulavapadu,Collision Brush/Side Wipe, Unknown vehicle hit  Kaveri Bus,Unknown,Grievious injury,Over speed,Four lanes or more with central divider,Straight road,,Fine,Unknown vehicle,P.V&A.M.B,Non injured ,0
26.09.2017,12:50 AM,1293.3,RHS,Rural,Ulavapadu,Collision Brush/Side Wipe, Unknown vehicle hit  Kaveri Bus,Unknown,Grievious injury,Over speed,Four lanes or more with central divider,Straight road,,Fine,Unknown vehicle,P.V&A.M.B,Animals affected,0
26.09.2017,6:45 AM,1290.7,LHS,Rural,Ulavapadu,Rear End Collision, Bike hit Bike,Bike,Grievious injury,Over speed,Four lanes or more with central divider,Straight road,,Fine,AP07CQ  1232,A.M.B,Fatal,0
26.09.2017,6:45 AM,1290.7,LHS,Rural,Ulavapadu,Rear End Collision, Bike hit Bike,Bike,Grievious injury,Over speed,Four lanes or more with central divider,Straight road,,Fine,AP07CQ  1232,A.M.B,Grevious,1
26.09.2017,6:45 AM,1290.7,LHS,Rural,Ulavapadu,Rear End Collision, Bike hit Bike,Bike,Grievious injury,Over speed,Four lanes or more with central divider,Straight road,,Fine,AP07CQ  1232,A.M.B,Minor,0
26.09.2017,6:45 AM,1290.7,LHS,Rural,Ulavapadu,Rear End Collision, Bike hit Bike,Bike,Grievious injury,Over speed,Four lanes or more with central divider,Straight road,,Fine,AP07CQ  1232,A.M.B,Non injured ,2
26.09.2017,6:45 AM,1290.7,LHS,Rural,Ulavapadu,Rear End Collision, Bike hit Bike,Bike,Grievious injury,Over speed,Four lanes or more with central divider,Straight road,,Fine,AP07CQ  1232,A.M.B,Animals affected,0
26.09.2017,3:10 PM,1326,RHS,Rural,Kavali,Collision Brush/Side Wipe, Auto hit Lorry,Auto,Minor injury,Fault of driver of motor vehicle/driver of other vehicle/cyclist/pedestrian/passenger,Four lanes or more with central divider,Straight road,,Fine,AP26TE   8203,A.M.B,Fatal,0
26.09.2017,3:10 PM,1326,RHS,Rural,Kavali,Collision Brush/Side Wipe, Auto hit Lorry,Auto,Minor injury,Fault of driver of motor vehicle/driver of other vehicle/cyclist/pedestrian/passenger,Four lanes or more with central divider,Straight road,,Fine,AP26TE   8203,A.M.B,Grevious,0
26.09.2017,3:10 PM,1326,RHS,Rural,Kavali,Collision Brush/Side Wipe, Auto hit Lorry,Auto,Minor injury,Fault of driver of motor vehicle/driver of other vehicle/cyclist/pedestrian/passenger,Four lanes or more with central divider,Straight road,,Fine,AP26TE   8203,A.M.B,Minor,5
26.09.2017,3:10 PM,1326,RHS,Rural,Kavali,Collision Brush/Side Wipe, Auto hit Lorry,Auto,Minor injury,Fault of driver of motor vehicle/driver of other vehicle/cyclist/pedestrian/passenger,Four lanes or more with central divider,Straight road,,Fine,AP26TE   8203,A.M.B,Non injured ,1
26.09.2017,3:10 PM,1326,RHS,Rural,Kavali,Collision Brush/Side Wipe, Auto hit Lorry,Auto,Minor injury,Fault of driver of motor vehicle/driver of other vehicle/cyclist/pedestrian/passenger,Four lanes or more with central divider,Straight road,,Fine,AP26TE   8203,A.M.B,Animals affected,0
27.09.2017,12:24 AM,1187.4,LHS,Rural,Martur,Rear End Collision, Milk Tanker hit Lorry,Tanker,Grievious injury,Fault of driver of motor vehicle/driver of other vehicle/cyclist/pedestrian/passenger,Four lanes or more with central divider,Straight road,,Fine,AP27U   8848,P.V&A.M.B,Fatal,0
27.09.2017,12:24 AM,1187.4,LHS,Rural,Martur,Rear End Collision, Milk Tanker hit Lorry,Tanker,Grievious injury,Fault of driver of motor vehicle/driver of other vehicle/cyclist/pedestrian/passenger,Four lanes or more with central divider,Straight road,,Fine,AP27U   8848,P.V&A.M.B,Grevious,1
27.09.2017,12:24 AM,1187.4,LHS,Rural,Martur,Rear End Collision, Milk Tanker hit Lorry,Tanker,Grievious injury,Fault of driver of motor vehicle/driver of other vehicle/cyclist/pedestrian/passenger,Four lanes or more with central divider,Straight road,,Fine,AP27U   8848,P.V&A.M.B,Minor,0
27.09.2017,12:24 AM,1187.4,LHS,Rural,Martur,Rear End Collision, Milk Tanker hit Lorry,Tanker,Grievious injury,Fault of driver of motor vehicle/driver of other vehicle/cyclist/pedestrian/passenger,Four lanes or more with central divider,Straight road,,Fine,AP27U   8848,P.V&A.M.B,Non injured ,2
27.09.2017,12:24 AM,1187.4,LHS,Rural,Martur,Rear End Collision, Milk Tanker hit Lorry,Tanker,Grievious injury,Fault of driver of motor vehicle/driver of other vehicle/cyclist/pedestrian/passenger,Four lanes or more with central divider,Straight road,,Fine,AP27U   8848,P.V&A.M.B,Animals affected,0
28.09.2017,2:10 AM,1192.4,RHS,Rural,Martur,Overturning, Tata 407 Vehicle Overturned,Tata Ace,Non injury,Defect in mechanical condition of motor vehicle/road condition,Four lanes or more with central divider,Straight road,,Fine,AP03U    6109,P.V,Fatal,0
28.09.2017,2:10 AM,1192.4,RHS,Rural,Martur,Overturning, Tata 407 Vehicle Overturned,Tata Ace,Non injury,Defect in mechanical condition of motor vehicle/road condition,Four lanes or more with central divider,Straight road,,Fine,AP03U    6109,P.V,Grevious,0
28.09.2017,2:10 AM,1192.4,RHS,Rural,Martur,Overturning, Tata 407 Vehicle Overturned,Tata Ace,Non injury,Defect in mechanical condition of motor vehicle/road condition,Four lanes or more with central divider,Straight road,,Fine,AP03U    6109,P.V,Minor,0
28.09.2017,2:10 AM,1192.4,RHS,Rural,Martur,Overturning, Tata 407 Vehicle Overturned,Tata Ace,Non injury,Defect in mechanical condition of motor vehicle/road condition,Four lanes or more with central divider,Straight road,,Fine,AP03U    6109,P.V,Non injured ,1
28.09.2017,2:10 AM,1192.4,RHS,Rural,Martur,Overturning, Tata 407 Vehicle Overturned,Tata Ace,Non injury,Defect in mechanical condition of motor vehicle/road condition,Four lanes or more with central divider,Straight road,,Fine,AP03U    6109,P.V,Animals affected,0
28.09.2017,2:58 AM,1210,RHS,Rural,Reningavaram,Rear End Collision, Eicher vehicle hit  Lorry,Eicher,Grievious injury,Fault of driver of motor vehicle/driver of other vehicle/cyclist/pedestrian/passenger,Four lanes or more with central divider,Straight road,,Fine,KA08     9073,P.V&A.M.B,Fatal,0
28.09.2017,2:58 AM,1210,RHS,Rural,Reningavaram,Rear End Collision, Eicher vehicle hit  Lorry,Eicher,Grievious injury,Fault of driver of motor vehicle/driver of other vehicle/cyclist/pedestrian/passenger,Four lanes or more with central divider,Straight road,,Fine,KA08     9073,P.V&A.M.B,Grevious,1
28.09.2017,2:58 AM,1210,RHS,Rural,Reningavaram,Rear End Collision, Eicher vehicle hit  Lorry,Eicher,Grievious injury,Fault of driver of motor vehicle/driver of other vehicle/cyclist/pedestrian/passenger,Four lanes or more with central divider,Straight road,,Fine,KA08     9073,P.V&A.M.B,Minor,1
28.09.2017,2:58 AM,1210,RHS,Rural,Reningavaram,Rear End Collision, Eicher vehicle hit  Lorry,Eicher,Grievious injury,Fault of driver of motor vehicle/driver of other vehicle/cyclist/pedestrian/passenger,Four lanes or more with central divider,Straight road,,Fine,KA08     9073,P.V&A.M.B,Non injured ,2
28.09.2017,2:58 AM,1210,RHS,Rural,Reningavaram,Rear End Collision, Eicher vehicle hit  Lorry,Eicher,Grievious injury,Fault of driver of motor vehicle/driver of other vehicle/cyclist/pedestrian/passenger,Four lanes or more with central divider,Straight road,,Fine,KA08     9073,P.V&A.M.B,Animals affected,0
28.09.2017,10:15 AM,1270.6,LHS,Rural,Jarugumalli,Collision Brush/Side Wipe, Lorry hit Containeer Vehicle,Lorry,Minor injury,Over speed,Four lanes or more with central divider,Straight road,,Fine,TN56B  7273,P.V&A.M.B,Fatal,0
28.09.2017,10:15 AM,1270.6,LHS,Rural,Jarugumalli,Collision Brush/Side Wipe, Lorry hit Containeer Vehicle,Lorry,Minor injury,Over speed,Four lanes or more with central divider,Straight road,,Fine,TN56B  7273,P.V&A.M.B,Grevious,0
28.09.2017,10:15 AM,1270.6,LHS,Rural,Jarugumalli,Collision Brush/Side Wipe, Lorry hit Containeer Vehicle,Lorry,Minor injury,Over speed,Four lanes or more with central divider,Straight road,,Fine,TN56B  7273,P.V&A.M.B,Minor,2
28.09.2017,10:15 AM,1270.6,LHS,Rural,Jarugumalli,Collision Brush/Side Wipe, Lorry hit Containeer Vehicle,Lorry,Minor injury,Over speed,Four lanes or more with central divider,Straight road,,Fine,TN56B  7273,P.V&A.M.B,Non injured ,1
28.09.2017,10:15 AM,1270.6,LHS,Rural,Jarugumalli,Collision Brush/Side Wipe, Lorry hit Containeer Vehicle,Lorry,Minor injury,Over speed,Four lanes or more with central divider,Straight road,,Fine,TN56B  7273,P.V&A.M.B,Animals affected,0
29.09.2017,10:40 PM,1251.7,LHS,Rural,Tangutur,Collision Brush/Side Wipe, Trailer Vehicle  hit CC Barrier ,Trailler,Non injury,Fault of driver of motor vehicle/driver of other vehicle/cyclist/pedestrian/passenger,Two lanes,Slight curve,,Fine,AP27TY 8668,P.V,Fatal,0
29.09.2017,10:40 PM,1251.7,LHS,Rural,Tangutur,Collision Brush/Side Wipe, Trailer Vehicle  hit CC Barrier ,Trailler,Non injury,Fault of driver of motor vehicle/driver of other vehicle/cyclist/pedestrian/passenger,Two lanes,Slight curve,,Fine,AP27TY 8668,P.V,Grevious,0
29.09.2017,10:40 PM,1251.7,LHS,Rural,Tangutur,Collision Brush/Side Wipe, Trailer Vehicle  hit CC Barrier ,Trailler,Non injury,Fault of driver of motor vehicle/driver of other vehicle/cyclist/pedestrian/passenger,Two lanes,Slight curve,,Fine,AP27TY 8668,P.V,Minor,0
29.09.2017,10:40 PM,1251.7,LHS,Rural,Tangutur,Collision Brush/Side Wipe, Trailer Vehicle  hit CC Barrier ,Trailler,Non injury,Fault of driver of motor vehicle/driver of other vehicle/cyclist/pedestrian/passenger,Two lanes,Slight curve,,Fine,AP27TY 8668,P.V,Non injured ,1
29.09.2017,10:40 PM,1251.7,LHS,Rural,Tangutur,Collision Brush/Side Wipe, Trailer Vehicle  hit CC Barrier ,Trailler,Non injury,Fault of driver of motor vehicle/driver of other vehicle/cyclist/pedestrian/passenger,Two lanes,Slight curve,,Fine,AP27TY 8668,P.V,Animals affected,0
30.09.2017,9:48 AM,1324.5,RHS,Rural,Kavali,Overturning, Ape Auto Overturned,Auto,Grievious injury,Over speed,Four lanes or more with central divider,Straight road,,Fine,No Number,A.M.B,Fatal,0
30.09.2017,9:48 AM,1324.5,RHS,Rural,Kavali,Overturning, Ape Auto Overturned,Auto,Grievious injury,Over speed,Four lanes or more with central divider,Straight road,,Fine,No Number,A.M.B,Grevious,1
30.09.2017,9:48 AM,1324.5,RHS,Rural,Kavali,Overturning, Ape Auto Overturned,Auto,Grievious injury,Over speed,Four lanes or more with central divider,Straight road,,Fine,No Number,A.M.B,Minor,2
30.09.2017,9:48 AM,1324.5,RHS,Rural,Kavali,Overturning, Ape Auto Overturned,Auto,Grievious injury,Over speed,Four lanes or more with central divider,Straight road,,Fine,No Number,A.M.B,Non injured ,0
30.09.2017,9:48 AM,1324.5,RHS,Rural,Kavali,Overturning, Ape Auto Overturned,Auto,Grievious injury,Over speed,Four lanes or more with central divider,Straight road,,Fine,No Number,A.M.B,Animals affected,0
30.09.2017,8:45 PM,1324,RHS,Rural,Kavali,Collision Brush/Side Wipe, Bike hit CC Barrier ,Bike,Grievious injury,Druken,Four lanes or more with central divider,Straight road,,Fine,No Number,A.M.B,Fatal,0
30.09.2017,8:45 PM,1324,RHS,Rural,Kavali,Collision Brush/Side Wipe, Bike hit CC Barrier ,Bike,Grievious injury,Druken,Four lanes or more with central divider,Straight road,,Fine,No Number,A.M.B,Grevious,1
30.09.2017,8:45 PM,1324,RHS,Rural,Kavali,Collision Brush/Side Wipe, Bike hit CC Barrier ,Bike,Grievious injury,Druken,Four lanes or more with central divider,Straight road,,Fine,No Number,A.M.B,Minor,1
30.09.2017,8:45 PM,1324,RHS,Rural,Kavali,Collision Brush/Side Wipe, Bike hit CC Barrier ,Bike,Grievious injury,Druken,Four lanes or more with central divider,Straight road,,Fine,No Number,A.M.B,Non injured ,0
30.09.2017,8:45 PM,1324,RHS,Rural,Kavali,Collision Brush/Side Wipe, Bike hit CC Barrier ,Bike,Grievious injury,Druken,Four lanes or more with central divider,Straight road,,Fine,No Number,A.M.B,Animals affected,0
01.10.2017,10:20 PM,1328,LHS,Rural,Kavali,Overturning, Car hit CC Barrier and Overturned,Car,Minor injury,Over speed,Two lanes,Straight road,,Fine,KA10MG 1268,A.M.B& P.V,Fatal,0
01.10.2017,10:20 PM,1328,LHS,Rural,Kavali,Overturning, Car hit CC Barrier and Overturned,Car,Minor injury,Over speed,Two lanes,Straight road,,Fine,KA10MG 1268,A.M.B& P.V,Grevious,0
01.10.2017,10:20 PM,1328,LHS,Rural,Kavali,Overturning, Car hit CC Barrier and Overturned,Car,Minor injury,Over speed,Two lanes,Straight road,,Fine,KA10MG 1268,A.M.B& P.V,Minor,1
01.10.2017,10:20 PM,1328,LHS,Rural,Kavali,Overturning, Car hit CC Barrier and Overturned,Car,Minor injury,Over speed,Two lanes,Straight road,,Fine,KA10MG 1268,A.M.B& P.V,Non injured ,2
01.10.2017,10:20 PM,1328,LHS,Rural,Kavali,Overturning, Car hit CC Barrier and Overturned,Car,Minor injury,Over speed,Two lanes,Straight road,,Fine,KA10MG 1268,A.M.B& P.V,Animals affected,0
01.10.2017,11:00 PM,1352.8,RHS,Rural,Kodavaluru,Collision Brush/Side Wipe, Car hit Buffalo,Car,Non injury,Over speed,Four lanes or more with central divider,Straight road,,Fine,TS08FA 3603,P.V,Fatal,0
01.10.2017,11:00 PM,1352.8,RHS,Rural,Kodavaluru,Collision Brush/Side Wipe, Car hit Buffalo,Car,Non injury,Over speed,Four lanes or more with central divider,Straight road,,Fine,TS08FA 3603,P.V,Grevious,0
01.10.2017,11:00 PM,1352.8,RHS,Rural,Kodavaluru,Collision Brush/Side Wipe, Car hit Buffalo,Car,Non injury,Over speed,Four lanes or more with central divider,Straight road,,Fine,TS08FA 3603,P.V,Minor,0
01.10.2017,11:00 PM,1352.8,RHS,Rural,Kodavaluru,Collision Brush/Side Wipe, Car hit Buffalo,Car,Non injury,Over speed,Four lanes or more with central divider,Straight road,,Fine,TS08FA 3603,P.V,Non injured ,5
01.10.2017,11:00 PM,1352.8,RHS,Rural,Kodavaluru,Collision Brush/Side Wipe, Car hit Buffalo,Car,Non injury,Over speed,Four lanes or more with central divider,Straight road,,Fine,TS08FA 3603,P.V,Animals affected,1
01.10.2017,11:05 PM,1352.8,RHS,Rural,Kodavaluru,Collision Brush/Side Wipe, Car hit Buffalo,Car,Non injury,Over speed,Four lanes or more with central divider,Straight road,,Fine,AP27BS 2826,P.V,Fatal,0
01.10.2017,11:05 PM,1352.8,RHS,Rural,Kodavaluru,Collision Brush/Side Wipe, Car hit Buffalo,Car,Non injury,Over speed,Four lanes or more with central divider,Straight road,,Fine,AP27BS 2826,P.V,Grevious,0
01.10.2017,11:05 PM,1352.8,RHS,Rural,Kodavaluru,Collision Brush/Side Wipe, Car hit Buffalo,Car,Non injury,Over speed,Four lanes or more with central divider,Straight road,,Fine,AP27BS 2826,P.V,Minor,1
01.10.2017,11:05 PM,1352.8,RHS,Rural,Kodavaluru,Collision Brush/Side Wipe, Car hit Buffalo,Car,Non injury,Over speed,Four lanes or more with central divider,Straight road,,Fine,AP27BS 2826,P.V,Non injured ,1
01.10.2017,11:05 PM,1352.8,RHS,Rural,Kodavaluru,Collision Brush/Side Wipe, Car hit Buffalo,Car,Non injury,Over speed,Four lanes or more with central divider,Straight road,,Fine,AP27BS 2826,P.V,Animals affected,2
02.10.2017,2:55 PM,1272.1,RHS,Rural,Jarugumalli,Rear End Collision, Car hit Unknown vehicle,Car,Grievious injury,Over speed,Four lanes or more with central divider,Straight road,,Fine,AP07CX   0786,P.V,Fatal,0
02.10.2017,2:55 PM,1272.1,RHS,Rural,Jarugumalli,Rear End Collision, Car hit Unknown vehicle,Car,Grievious injury,Over speed,Four lanes or more with central divider,Straight road,,Fine,AP07CX   0786,P.V,Grevious,1
02.10.2017,2:55 PM,1272.1,RHS,Rural,Jarugumalli,Rear End Collision, Car hit Unknown vehicle,Car,Grievious injury,Over speed,Four lanes or more with central divider,Straight road,,Fine,AP07CX   0786,P.V,Minor,3
02.10.2017,2:55 PM,1272.1,RHS,Rural,Jarugumalli,Rear End Collision, Car hit Unknown vehicle,Car,Grievious injury,Over speed,Four lanes or more with central divider,Straight road,,Fine,AP07CX   0786,P.V,Non injured ,2
02.10.2017,2:55 PM,1272.1,RHS,Rural,Jarugumalli,Rear End Collision, Car hit Unknown vehicle,Car,Grievious injury,Over speed,Four lanes or more with central divider,Straight road,,Fine,AP07CX   0786,P.V,Animals affected,0
03.10.2017,12:23 AM,1247,RHS,Rural,Ongole,Collision Brush/Side Wipe, Car hit CC Barrier,Car,Minor injury,Over speed,Four lanes or more with central divider,Straight road,,Fine,AP16DL  1422,P.V,Fatal,0
03.10.2017,12:23 AM,1247,RHS,Rural,Ongole,Collision Brush/Side Wipe, Car hit CC Barrier,Car,Minor injury,Over speed,Four lanes or more with central divider,Straight road,,Fine,AP16DL  1422,P.V,Grevious,0
03.10.2017,12:23 AM,1247,RHS,Rural,Ongole,Collision Brush/Side Wipe, Car hit CC Barrier,Car,Minor injury,Over speed,Four lanes or more with central divider,Straight road,,Fine,AP16DL  1422,P.V,Minor,5
03.10.2017,12:23 AM,1247,RHS,Rural,Ongole,Collision Brush/Side Wipe, Car hit CC Barrier,Car,Minor injury,Over speed,Four lanes or more with central divider,Straight road,,Fine,AP16DL  1422,P.V,Non injured ,0
03.10.2017,12:23 AM,1247,RHS,Rural,Ongole,Collision Brush/Side Wipe, Car hit CC Barrier,Car,Minor injury,Over speed,Four lanes or more with central divider,Straight road,,Fine,AP16DL  1422,P.V,Animals affected,0
03.10.2017,1:20 AM,1188.7,RHS,Rural,Martur,Overturning, Car overturned on being hit by an unkno,Car,Grievious injury,Fault of driver of motor vehicle/driver of other vehicle/cyclist/pedestrian/passenger,Four lanes or more with central divider,Straight road,,Fine,Unknown vehicle,P.V,Fatal,0
03.10.2017,1:20 AM,1188.7,RHS,Rural,Martur,Overturning, Car overturned on being hit by an unkno,Car,Grievious injury,Fault of driver of motor vehicle/driver of other vehicle/cyclist/pedestrian/passenger,Four lanes or more with central divider,Straight road,,Fine,Unknown vehicle,P.V,Grevious,2
03.10.2017,1:20 AM,1188.7,RHS,Rural,Martur,Overturning, Car overturned on being hit by an unkno,Car,Grievious injury,Fault of driver of motor vehicle/driver of other vehicle/cyclist/pedestrian/passenger,Four lanes or more with central divider,Straight road,,Fine,Unknown vehicle,P.V,Minor,3
03.10.2017,1:20 AM,1188.7,RHS,Rural,Martur,Overturning, Car overturned on being hit by an unkno,Car,Grievious injury,Fault of driver of motor vehicle/driver of other vehicle/cyclist/pedestrian/passenger,Four lanes or more with central divider,Straight road,,Fine,Unknown vehicle,P.V,Non injured ,0
03.10.2017,1:20 AM,1188.7,RHS,Rural,Martur,Overturning, Car overturned on being hit by an unkno,Car,Grievious injury,Fault of driver of motor vehicle/driver of other vehicle/cyclist/pedestrian/passenger,Four lanes or more with central divider,Straight road,,Fine,Unknown vehicle,P.V,Animals affected,0
04.10.2017,6:00 AM,1315.7,LHS,Rural,Kavali,Overturning, Lorry hit median and overturned,Lorry,Fatal,Fault of driver of motor vehicle/driver of other vehicle/cyclist/pedestrian/passenger,Four lanes or more with central divider,Straight road,,Fine,AP16TC   8195,A.M.B& P.V,Fatal,1
04.10.2017,6:00 AM,1315.7,LHS,Rural,Kavali,Overturning, Lorry hit median and overturned,Lorry,Fatal,Fault of driver of motor vehicle/driver of other vehicle/cyclist/pedestrian/passenger,Four lanes or more with central divider,Straight road,,Fine,AP16TC   8195,A.M.B& P.V,Grevious,2
04.10.2017,6:00 AM,1315.7,LHS,Rural,Kavali,Overturning, Lorry hit median and overturned,Lorry,Fatal,Fault of driver of motor vehicle/driver of other vehicle/cyclist/pedestrian/passenger,Four lanes or more with central divider,Straight road,,Fine,AP16TC   8195,A.M.B& P.V,Minor,9
04.10.2017,6:00 AM,1315.7,LHS,Rural,Kavali,Overturning, Lorry hit median and overturned,Lorry,Fatal,Fault of driver of motor vehicle/driver of other vehicle/cyclist/pedestrian/passenger,Four lanes or more with central divider,Straight road,,Fine,AP16TC   8195,A.M.B& P.V,Non injured ,0
04.10.2017,6:00 AM,1315.7,LHS,Rural,Kavali,Overturning, Lorry hit median and overturned,Lorry,Fatal,Fault of driver of motor vehicle/driver of other vehicle/cyclist/pedestrian/passenger,Four lanes or more with central divider,Straight road,,Fine,AP16TC   8195,A.M.B& P.V,Animals affected,0
04.10.2017,10:45 AM,1343.9,LHS,Rural,Dagadarthi,Collision Brush/Side Wipe, Motorcycle rider fell on the road after,Bike,Fatal,Fault of driver of motor vehicle/driver of other vehicle/cyclist/pedestrian/passenger,Four lanes or more with central divider,Straight road,,Fine,Unknown Lorry,P.V,Fatal,1
04.10.2017,10:45 AM,1343.9,LHS,Rural,Dagadarthi,Collision Brush/Side Wipe, Motorcycle rider fell on the road after,Bike,Fatal,Fault of driver of motor vehicle/driver of other vehicle/cyclist/pedestrian/passenger,Four lanes or more with central divider,Straight road,,Fine,Unknown Lorry,P.V,Grevious,0
04.10.2017,10:45 AM,1343.9,LHS,Rural,Dagadarthi,Collision Brush/Side Wipe, Motorcycle rider fell on the road after,Bike,Fatal,Fault of driver of motor vehicle/driver of other vehicle/cyclist/pedestrian/passenger,Four lanes or more with central divider,Straight road,,Fine,Unknown Lorry,P.V,Minor,1