Operational date,Time of Accident,KM && M,Position,Rural/Urban,Location,Nature of Accident Position,Nature of Accident,Vehicle Involved,Type of Accident,Causes,Road Feature,Road condition,Intersection Type And Control,Weather Condition,Vehicle Responsible,Help Provided by Ambulance/Patroling Vehicle,Classification of Accident,No of Affected Persons
04.10.2017,10:45 AM,1343.9,LHS,Rural,Dagadarthi,Collision Brush/Side Wipe, Motorcycle rider fell on the road after,Bike,Fatal,Fault of driver of motor vehicle/driver of other vehicle/cyclist/pedestrian/passenger,Four lanes or more with central divider,Straight road,,Fine,Unknown Lorry,P.V,Non injured ,0
04.10.2017,10:45 AM,1343.9,LHS,Rural,Dagadarthi,Collision Brush/Side Wipe, Motorcycle rider fell on the road after,Bike,Fatal,Fault of driver of motor vehicle/driver of other vehicle/cyclist/pedestrian/passenger,Four lanes or more with central divider,Straight road,,Fine,Unknown Lorry,P.V,Animals affected,0
05.10.2017,4:40 AM,1317.2,LHS,Rural,Kavali,Collision Brush/Side Wipe, Tempo Vehicle hit CCBarrier,Van,Minor injury,Over speed,Four lanes or more with central divider,Straight road,,Light rain,AP05TB  1434,P.V,Fatal,0
05.10.2017,4:40 AM,1317.2,LHS,Rural,Kavali,Collision Brush/Side Wipe, Tempo Vehicle hit CCBarrier,Van,Minor injury,Over speed,Four lanes or more with central divider,Straight road,,Light rain,AP05TB  1434,P.V,Grevious,0
05.10.2017,4:40 AM,1317.2,LHS,Rural,Kavali,Collision Brush/Side Wipe, Tempo Vehicle hit CCBarrier,Van,Minor injury,Over speed,Four lanes or more with central divider,Straight road,,Light rain,AP05TB  1434,P.V,Minor,3
05.10.2017,4:40 AM,1317.2,LHS,Rural,Kavali,Collision Brush/Side Wipe, Tempo Vehicle hit CCBarrier,Van,Minor injury,Over speed,Four lanes or more with central divider,Straight road,,Light rain,AP05TB  1434,P.V,Non injured ,9
05.10.2017,4:40 AM,1317.2,LHS,Rural,Kavali,Collision Brush/Side Wipe, Tempo Vehicle hit CCBarrier,Van,Minor injury,Over speed,Four lanes or more with central divider,Straight road,,Light rain,AP05TB  1434,P.V,Animals affected,0
05.10.2017,1:30 PM,1255.5,LHS,Rural,Tangutur,Rear End Collision, Car hit Bike,Car,Grievious injury,Over speed,Four lanes or more with central divider,Straight road,,Fine,AP27BS  3132,P.V,Fatal,0
05.10.2017,1:30 PM,1255.5,LHS,Rural,Tangutur,Rear End Collision, Car hit Bike,Car,Grievious injury,Over speed,Four lanes or more with central divider,Straight road,,Fine,AP27BS  3132,P.V,Grevious,2
05.10.2017,1:30 PM,1255.5,LHS,Rural,Tangutur,Rear End Collision, Car hit Bike,Car,Grievious injury,Over speed,Four lanes or more with central divider,Straight road,,Fine,AP27BS  3132,P.V,Minor,0
05.10.2017,1:30 PM,1255.5,LHS,Rural,Tangutur,Rear End Collision, Car hit Bike,Car,Grievious injury,Over speed,Four lanes or more with central divider,Straight road,,Fine,AP27BS  3132,P.V,Non injured ,1
05.10.2017,1:30 PM,1255.5,LHS,Rural,Tangutur,Rear End Collision, Car hit Bike,Car,Grievious injury,Over speed,Four lanes or more with central divider,Straight road,,Fine,AP27BS  3132,P.V,Animals affected,0
05.10.2017,2:40 PM,1233.4,LHS,Rural,Maddipadu,Head on collision, Lorry hit BT Paver 1800-II Vehicle,Lorry,Non injury,Fault of driver of motor vehicle/driver of other vehicle/cyclist/pedestrian/passenger,Four lanes or more with central divider,Straight road,,Fine,AP21W  6189,P.V,Fatal,0
05.10.2017,2:40 PM,1233.4,LHS,Rural,Maddipadu,Head on collision, Lorry hit BT Paver 1800-II Vehicle,Lorry,Non injury,Fault of driver of motor vehicle/driver of other vehicle/cyclist/pedestrian/passenger,Four lanes or more with central divider,Straight road,,Fine,AP21W  6189,P.V,Grevious,0
05.10.2017,2:40 PM,1233.4,LHS,Rural,Maddipadu,Head on collision, Lorry hit BT Paver 1800-II Vehicle,Lorry,Non injury,Fault of driver of motor vehicle/driver of other vehicle/cyclist/pedestrian/passenger,Four lanes or more with central divider,Straight road,,Fine,AP21W  6189,P.V,Minor,0
05.10.2017,2:40 PM,1233.4,LHS,Rural,Maddipadu,Head on collision, Lorry hit BT Paver 1800-II Vehicle,Lorry,Non injury,Fault of driver of motor vehicle/driver of other vehicle/cyclist/pedestrian/passenger,Four lanes or more with central divider,Straight road,,Fine,AP21W  6189,P.V,Non injured ,2
05.10.2017,2:40 PM,1233.4,LHS,Rural,Maddipadu,Head on collision, Lorry hit BT Paver 1800-II Vehicle,Lorry,Non injury,Fault of driver of motor vehicle/driver of other vehicle/cyclist/pedestrian/passenger,Four lanes or more with central divider,Straight road,,Fine,AP21W  6189,P.V,Animals affected,0
07.10.2017,5:00 AM,1271.1,RHS,Rural,Jarugumalli,Collision Brush/Side Wipe,  Container Vehicle hit Tractor,Container,Minor injury,Fault of driver of motor vehicle/driver of other vehicle/cyclist/pedestrian/passenger,Four lanes or more with central divider,Straight road,,Fine,TN23CB  5148,P.V,Fatal,0
07.10.2017,5:00 AM,1271.1,RHS,Rural,Jarugumalli,Collision Brush/Side Wipe,  Container Vehicle hit Tractor,Container,Minor injury,Fault of driver of motor vehicle/driver of other vehicle/cyclist/pedestrian/passenger,Four lanes or more with central divider,Straight road,,Fine,TN23CB  5148,P.V,Grevious,1
07.10.2017,5:00 AM,1271.1,RHS,Rural,Jarugumalli,Collision Brush/Side Wipe,  Container Vehicle hit Tractor,Container,Minor injury,Fault of driver of motor vehicle/driver of other vehicle/cyclist/pedestrian/passenger,Four lanes or more with central divider,Straight road,,Fine,TN23CB  5148,P.V,Minor,0
07.10.2017,5:00 AM,1271.1,RHS,Rural,Jarugumalli,Collision Brush/Side Wipe,  Container Vehicle hit Tractor,Container,Minor injury,Fault of driver of motor vehicle/driver of other vehicle/cyclist/pedestrian/passenger,Four lanes or more with central divider,Straight road,,Fine,TN23CB  5148,P.V,Non injured ,3
07.10.2017,5:00 AM,1271.1,RHS,Rural,Jarugumalli,Collision Brush/Side Wipe,  Container Vehicle hit Tractor,Container,Minor injury,Fault of driver of motor vehicle/driver of other vehicle/cyclist/pedestrian/passenger,Four lanes or more with central divider,Straight road,,Fine,TN23CB  5148,P.V,Animals affected,0
07.10.2017,8:10 AM,1229.6,LHS,Rural,Maddipadu,Collision Brush/Side Wipe, Unknown Vehicle hit Pedestrian,Unknown,Minor injury,Fault of driver of motor vehicle/driver of other vehicle/cyclist/pedestrian/passenger,Four lanes or more with central divider,Straight road,,Fine,Unknown Vehicle,P.V&A.M.B,Fatal,0
07.10.2017,8:10 AM,1229.6,LHS,Rural,Maddipadu,Collision Brush/Side Wipe, Unknown Vehicle hit Pedestrian,Unknown,Minor injury,Fault of driver of motor vehicle/driver of other vehicle/cyclist/pedestrian/passenger,Four lanes or more with central divider,Straight road,,Fine,Unknown Vehicle,P.V&A.M.B,Grevious,0
07.10.2017,8:10 AM,1229.6,LHS,Rural,Maddipadu,Collision Brush/Side Wipe, Unknown Vehicle hit Pedestrian,Unknown,Minor injury,Fault of driver of motor vehicle/driver of other vehicle/cyclist/pedestrian/passenger,Four lanes or more with central divider,Straight road,,Fine,Unknown Vehicle,P.V&A.M.B,Minor,1
07.10.2017,8:10 AM,1229.6,LHS,Rural,Maddipadu,Collision Brush/Side Wipe, Unknown Vehicle hit Pedestrian,Unknown,Minor injury,Fault of driver of motor vehicle/driver of other vehicle/cyclist/pedestrian/passenger,Four lanes or more with central divider,Straight road,,Fine,Unknown Vehicle,P.V&A.M.B,Non injured ,0
07.10.2017,8:10 AM,1229.6,LHS,Rural,Maddipadu,Collision Brush/Side Wipe, Unknown Vehicle hit Pedestrian,Unknown,Minor injury,Fault of driver of motor vehicle/driver of other vehicle/cyclist/pedestrian/passenger,Four lanes or more with central divider,Straight road,,Fine,Unknown Vehicle,P.V&A.M.B,Animals affected,0
07.10.2017,5:00 PM,1291.8,LHS,Rural,Ulavapadu,Collision Brush/Side Wipe, Bolero pickup Vehicle went out of the r,Car,Non injury,Vehicle out of control,Four lanes or more with central divider,Straight road,,Fine,AP27TY 5721,P.V,Fatal,0
07.10.2017,5:00 PM,1291.8,LHS,Rural,Ulavapadu,Collision Brush/Side Wipe, Bolero pickup Vehicle went out of the r,Car,Non injury,Vehicle out of control,Four lanes or more with central divider,Straight road,,Fine,AP27TY 5721,P.V,Grevious,0
07.10.2017,5:00 PM,1291.8,LHS,Rural,Ulavapadu,Collision Brush/Side Wipe, Bolero pickup Vehicle went out of the r,Car,Non injury,Vehicle out of control,Four lanes or more with central divider,Straight road,,Fine,AP27TY 5721,P.V,Minor,0
07.10.2017,5:00 PM,1291.8,LHS,Rural,Ulavapadu,Collision Brush/Side Wipe, Bolero pickup Vehicle went out of the r,Car,Non injury,Vehicle out of control,Four lanes or more with central divider,Straight road,,Fine,AP27TY 5721,P.V,Non injured ,2
07.10.2017,5:00 PM,1291.8,LHS,Rural,Ulavapadu,Collision Brush/Side Wipe, Bolero pickup Vehicle went out of the r,Car,Non injury,Vehicle out of control,Four lanes or more with central divider,Straight road,,Fine,AP27TY 5721,P.V,Animals affected,0
08.10.2017,1:50 AM,1351.4,RHS,Rural,Kodavaluru,Collision Brush/Side Wipe, Car hit Lorry  ,Car,Non injury,Fault of driver of motor vehicle/driver of other vehicle/cyclist/pedestrian/passenger,Four lanes or more with central divider,Straight road,,Fine,AP07TC  2566,P.V,Fatal,0
08.10.2017,1:50 AM,1351.4,RHS,Rural,Kodavaluru,Collision Brush/Side Wipe, Car hit Lorry  ,Car,Non injury,Fault of driver of motor vehicle/driver of other vehicle/cyclist/pedestrian/passenger,Four lanes or more with central divider,Straight road,,Fine,AP07TC  2566,P.V,Grevious,0
08.10.2017,1:50 AM,1351.4,RHS,Rural,Kodavaluru,Collision Brush/Side Wipe, Car hit Lorry  ,Car,Non injury,Fault of driver of motor vehicle/driver of other vehicle/cyclist/pedestrian/passenger,Four lanes or more with central divider,Straight road,,Fine,AP07TC  2566,P.V,Minor,0
08.10.2017,1:50 AM,1351.4,RHS,Rural,Kodavaluru,Collision Brush/Side Wipe, Car hit Lorry  ,Car,Non injury,Fault of driver of motor vehicle/driver of other vehicle/cyclist/pedestrian/passenger,Four lanes or more with central divider,Straight road,,Fine,AP07TC  2566,P.V,Non injured ,8
08.10.2017,1:50 AM,1351.4,RHS,Rural,Kodavaluru,Collision Brush/Side Wipe, Car hit Lorry  ,Car,Non injury,Fault of driver of motor vehicle/driver of other vehicle/cyclist/pedestrian/passenger,Four lanes or more with central divider,Straight road,,Fine,AP07TC  2566,P.V,Animals affected,0
08.10.2017,9:00 PM,1354.1,LHS,Rural,Kodavaluru,Collision Brush/Side Wipe, Car hit Buffalo,Car,Non injury,Over speed,Four lanes or more with central divider,Straight road,,Fine,MH04 FA  7744,P.V,Fatal,0
08.10.2017,9:00 PM,1354.1,LHS,Rural,Kodavaluru,Collision Brush/Side Wipe, Car hit Buffalo,Car,Non injury,Over speed,Four lanes or more with central divider,Straight road,,Fine,MH04 FA  7744,P.V,Grevious,0
08.10.2017,9:00 PM,1354.1,LHS,Rural,Kodavaluru,Collision Brush/Side Wipe, Car hit Buffalo,Car,Non injury,Over speed,Four lanes or more with central divider,Straight road,,Fine,MH04 FA  7744,P.V,Minor,0
08.10.2017,9:00 PM,1354.1,LHS,Rural,Kodavaluru,Collision Brush/Side Wipe, Car hit Buffalo,Car,Non injury,Over speed,Four lanes or more with central divider,Straight road,,Fine,MH04 FA  7744,P.V,Non injured ,2
08.10.2017,9:00 PM,1354.1,LHS,Rural,Kodavaluru,Collision Brush/Side Wipe, Car hit Buffalo,Car,Non injury,Over speed,Four lanes or more with central divider,Straight road,,Fine,MH04 FA  7744,P.V,Animals affected,4
09.10.2017,1:00 AM,1237.2,LHS,Rural,Maddipadu,Rear End Collision, Mini truck hit Lorry,Lorry,Grievious injury,Fault of driver of motor vehicle/driver of other vehicle/cyclist/pedestrian/passenger,Four lanes or more with central divider,Straight road,,Fine,AP03TE  0654  ,P.V,Fatal,0
09.10.2017,1:00 AM,1237.2,LHS,Rural,Maddipadu,Rear End Collision, Mini truck hit Lorry,Lorry,Grievious injury,Fault of driver of motor vehicle/driver of other vehicle/cyclist/pedestrian/passenger,Four lanes or more with central divider,Straight road,,Fine,AP03TE  0654  ,P.V,Grevious,1
09.10.2017,1:00 AM,1237.2,LHS,Rural,Maddipadu,Rear End Collision, Mini truck hit Lorry,Lorry,Grievious injury,Fault of driver of motor vehicle/driver of other vehicle/cyclist/pedestrian/passenger,Four lanes or more with central divider,Straight road,,Fine,AP03TE  0654  ,P.V,Minor,0
09.10.2017,1:00 AM,1237.2,LHS,Rural,Maddipadu,Rear End Collision, Mini truck hit Lorry,Lorry,Grievious injury,Fault of driver of motor vehicle/driver of other vehicle/cyclist/pedestrian/passenger,Four lanes or more with central divider,Straight road,,Fine,AP03TE  0654  ,P.V,Non injured ,1
09.10.2017,1:00 AM,1237.2,LHS,Rural,Maddipadu,Rear End Collision, Mini truck hit Lorry,Lorry,Grievious injury,Fault of driver of motor vehicle/driver of other vehicle/cyclist/pedestrian/passenger,Four lanes or more with central divider,Straight road,,Fine,AP03TE  0654  ,P.V,Animals affected,0
09.10.2017,7:40 PM,1280.5,RHS,Rural,Singarayakonda,Rear End Collision, Bike hit Buffalo,Bike,Grievious injury,Over speed,Four lanes or more with central divider,Straight road,,Fine,No Number,A.M.B & P.V,Fatal,0
09.10.2017,7:40 PM,1280.5,RHS,Rural,Singarayakonda,Rear End Collision, Bike hit Buffalo,Bike,Grievious injury,Over speed,Four lanes or more with central divider,Straight road,,Fine,No Number,A.M.B & P.V,Grevious,1
09.10.2017,7:40 PM,1280.5,RHS,Rural,Singarayakonda,Rear End Collision, Bike hit Buffalo,Bike,Grievious injury,Over speed,Four lanes or more with central divider,Straight road,,Fine,No Number,A.M.B & P.V,Minor,0
09.10.2017,7:40 PM,1280.5,RHS,Rural,Singarayakonda,Rear End Collision, Bike hit Buffalo,Bike,Grievious injury,Over speed,Four lanes or more with central divider,Straight road,,Fine,No Number,A.M.B & P.V,Non injured ,1
09.10.2017,7:40 PM,1280.5,RHS,Rural,Singarayakonda,Rear End Collision, Bike hit Buffalo,Bike,Grievious injury,Over speed,Four lanes or more with central divider,Straight road,,Fine,No Number,A.M.B & P.V,Animals affected,1
10.10.2017,4:55 AM,1264,RHS,Rural,Tangutur,Overturning, Lorry hit Ape Auto and overturned,Lorry,Minor injury,Over speed,Four lanes or more with central divider,Straight road,,Fine,TN05AS   1203,A.M.B,Fatal,0
10.10.2017,4:55 AM,1264,RHS,Rural,Tangutur,Overturning, Lorry hit Ape Auto and overturned,Lorry,Minor injury,Over speed,Four lanes or more with central divider,Straight road,,Fine,TN05AS   1203,A.M.B,Grevious,0
10.10.2017,4:55 AM,1264,RHS,Rural,Tangutur,Overturning, Lorry hit Ape Auto and overturned,Lorry,Minor injury,Over speed,Four lanes or more with central divider,Straight road,,Fine,TN05AS   1203,A.M.B,Minor,2
10.10.2017,4:55 AM,1264,RHS,Rural,Tangutur,Overturning, Lorry hit Ape Auto and overturned,Lorry,Minor injury,Over speed,Four lanes or more with central divider,Straight road,,Fine,TN05AS   1203,A.M.B,Non injured ,2
10.10.2017,4:55 AM,1264,RHS,Rural,Tangutur,Overturning, Lorry hit Ape Auto and overturned,Lorry,Minor injury,Over speed,Four lanes or more with central divider,Straight road,,Fine,TN05AS   1203,A.M.B,Animals affected,0
11.10.2017,1:45 AM,1305.4,LHS,Rural,Gudluru,Rear End Collision, Eicher vehicle hit Unknown vehicle,Eicher,Minor injury,Fault of driver of motor vehicle/driver of other vehicle/cyclist/pedestrian/passenger,Two lanes,Straight road,,Fine,AP03TC  9234,P.V,Fatal,0
11.10.2017,1:45 AM,1305.4,LHS,Rural,Gudluru,Rear End Collision, Eicher vehicle hit Unknown vehicle,Eicher,Minor injury,Fault of driver of motor vehicle/driver of other vehicle/cyclist/pedestrian/passenger,Two lanes,Straight road,,Fine,AP03TC  9234,P.V,Grevious,0
11.10.2017,1:45 AM,1305.4,LHS,Rural,Gudluru,Rear End Collision, Eicher vehicle hit Unknown vehicle,Eicher,Minor injury,Fault of driver of motor vehicle/driver of other vehicle/cyclist/pedestrian/passenger,Two lanes,Straight road,,Fine,AP03TC  9234,P.V,Minor,1
11.10.2017,1:45 AM,1305.4,LHS,Rural,Gudluru,Rear End Collision, Eicher vehicle hit Unknown vehicle,Eicher,Minor injury,Fault of driver of motor vehicle/driver of other vehicle/cyclist/pedestrian/passenger,Two lanes,Straight road,,Fine,AP03TC  9234,P.V,Non injured ,0
11.10.2017,1:45 AM,1305.4,LHS,Rural,Gudluru,Rear End Collision, Eicher vehicle hit Unknown vehicle,Eicher,Minor injury,Fault of driver of motor vehicle/driver of other vehicle/cyclist/pedestrian/passenger,Two lanes,Straight road,,Fine,AP03TC  9234,P.V,Animals affected,0
11.10.2017,2:15 AM,1348.8,RHS,Rural,Kodavaluru,Rear End Collision, Container vehicle hit Travels Bus,Container,Minor injury,Fault of driver of motor vehicle/driver of other vehicle/cyclist/pedestrian/passenger,Four lanes or more with central divider,Straight road,,Fine,TN11M   3575,A.M.B & P.V,Fatal,0
11.10.2017,2:15 AM,1348.8,RHS,Rural,Kodavaluru,Rear End Collision, Container vehicle hit Travels Bus,Container,Minor injury,Fault of driver of motor vehicle/driver of other vehicle/cyclist/pedestrian/passenger,Four lanes or more with central divider,Straight road,,Fine,TN11M   3575,A.M.B & P.V,Grevious,0
11.10.2017,2:15 AM,1348.8,RHS,Rural,Kodavaluru,Rear End Collision, Container vehicle hit Travels Bus,Container,Minor injury,Fault of driver of motor vehicle/driver of other vehicle/cyclist/pedestrian/passenger,Four lanes or more with central divider,Straight road,,Fine,TN11M   3575,A.M.B & P.V,Minor,2
11.10.2017,2:15 AM,1348.8,RHS,Rural,Kodavaluru,Rear End Collision, Container vehicle hit Travels Bus,Container,Minor injury,Fault of driver of motor vehicle/driver of other vehicle/cyclist/pedestrian/passenger,Four lanes or more with central divider,Straight road,,Fine,TN11M   3575,A.M.B & P.V,Non injured ,18
11.10.2017,2:15 AM,1348.8,RHS,Rural,Kodavaluru,Rear End Collision, Container vehicle hit Travels Bus,Container,Minor injury,Fault of driver of motor vehicle/driver of other vehicle/cyclist/pedestrian/passenger,Four lanes or more with central divider,Straight road,,Fine,TN11M   3575,A.M.B & P.V,Animals affected,0
11.10.2017,5:20 PM,1343.6,RHS,Rural,Dagadarthi,Collision Brush/Side Wipe, Car hit Bike,Car,Minor injury,Fault of driver of motor vehicle/driver of other vehicle/cyclist/pedestrian/passenger,Four lanes or more with central divider,Straight road,Staggered jumction,Fine,AP29AM 7778,A.M.B & P.V,Fatal,0
11.10.2017,5:20 PM,1343.6,RHS,Rural,Dagadarthi,Collision Brush/Side Wipe, Car hit Bike,Car,Minor injury,Fault of driver of motor vehicle/driver of other vehicle/cyclist/pedestrian/passenger,Four lanes or more with central divider,Straight road,Staggered jumction,Fine,AP29AM 7778,A.M.B & P.V,Grevious,0
11.10.2017,5:20 PM,1343.6,RHS,Rural,Dagadarthi,Collision Brush/Side Wipe, Car hit Bike,Car,Minor injury,Fault of driver of motor vehicle/driver of other vehicle/cyclist/pedestrian/passenger,Four lanes or more with central divider,Straight road,Staggered jumction,Fine,AP29AM 7778,A.M.B & P.V,Minor,1
11.10.2017,5:20 PM,1343.6,RHS,Rural,Dagadarthi,Collision Brush/Side Wipe, Car hit Bike,Car,Minor injury,Fault of driver of motor vehicle/driver of other vehicle/cyclist/pedestrian/passenger,Four lanes or more with central divider,Straight road,Staggered jumction,Fine,AP29AM 7778,A.M.B & P.V,Non injured ,5
11.10.2017,5:20 PM,1343.6,RHS,Rural,Dagadarthi,Collision Brush/Side Wipe, Car hit Bike,Car,Minor injury,Fault of driver of motor vehicle/driver of other vehicle/cyclist/pedestrian/passenger,Four lanes or more with central divider,Straight road,Staggered jumction,Fine,AP29AM 7778,A.M.B & P.V,Animals affected,0
12.10.2017,12:30 AM,1281.2,RHS,Rural,Singarayakonda,Overturning, Lorry hit Mini truck overturned,Lorry,Non injury,Over speed,Four lanes or more with central divider,Straight road,,Fine,TN52D   0379,P.V,Fatal,0
12.10.2017,12:30 AM,1281.2,RHS,Rural,Singarayakonda,Overturning, Lorry hit Mini truck overturned,Lorry,Non injury,Over speed,Four lanes or more with central divider,Straight road,,Fine,TN52D   0379,P.V,Grevious,0
12.10.2017,12:30 AM,1281.2,RHS,Rural,Singarayakonda,Overturning, Lorry hit Mini truck overturned,Lorry,Non injury,Over speed,Four lanes or more with central divider,Straight road,,Fine,TN52D   0379,P.V,Minor,0
12.10.2017,12:30 AM,1281.2,RHS,Rural,Singarayakonda,Overturning, Lorry hit Mini truck overturned,Lorry,Non injury,Over speed,Four lanes or more with central divider,Straight road,,Fine,TN52D   0379,P.V,Non injured ,2
12.10.2017,12:30 AM,1281.2,RHS,Rural,Singarayakonda,Overturning, Lorry hit Mini truck overturned,Lorry,Non injury,Over speed,Four lanes or more with central divider,Straight road,,Fine,TN52D   0379,P.V,Animals affected,0
12.10.2017,1:12 AM,1251.8,LHS,Rural,Ongole,Rear End Collision, Container vehicle hit Container vehicle,Container,Minor injury,Over speed,Four lanes or more with central divider,Straight road,,Fine,TN04AK  8745,P.V,Fatal,0
12.10.2017,1:12 AM,1251.8,LHS,Rural,Ongole,Rear End Collision, Container vehicle hit Container vehicle,Container,Minor injury,Over speed,Four lanes or more with central divider,Straight road,,Fine,TN04AK  8745,P.V,Grevious,0
12.10.2017,1:12 AM,1251.8,LHS,Rural,Ongole,Rear End Collision, Container vehicle hit Container vehicle,Container,Minor injury,Over speed,Four lanes or more with central divider,Straight road,,Fine,TN04AK  8745,P.V,Minor,1
12.10.2017,1:12 AM,1251.8,LHS,Rural,Ongole,Rear End Collision, Container vehicle hit Container vehicle,Container,Minor injury,Over speed,Four lanes or more with central divider,Straight road,,Fine,TN04AK  8745,P.V,Non injured ,1
12.10.2017,1:12 AM,1251.8,LHS,Rural,Ongole,Rear End Collision, Container vehicle hit Container vehicle,Container,Minor injury,Over speed,Four lanes or more with central divider,Straight road,,Fine,TN04AK  8745,P.V,Animals affected,0
12.10.2017,4:55 AM,1300.4,LHS,Rural,Gudluru,Collision Brush/Side Wipe, Unknown vehicle hit Pedestrian,Unknown,Fatal,Over speed,Four lanes or more with central divider,Straight road,,Fine,Unknown vehicle,P.V,Fatal,1
12.10.2017,4:55 AM,1300.4,LHS,Rural,Gudluru,Collision Brush/Side Wipe, Unknown vehicle hit Pedestrian,Unknown,Fatal,Over speed,Four lanes or more with central divider,Straight road,,Fine,Unknown vehicle,P.V,Grevious,0
12.10.2017,4:55 AM,1300.4,LHS,Rural,Gudluru,Collision Brush/Side Wipe, Unknown vehicle hit Pedestrian,Unknown,Fatal,Over speed,Four lanes or more with central divider,Straight road,,Fine,Unknown vehicle,P.V,Minor,0
12.10.2017,4:55 AM,1300.4,LHS,Rural,Gudluru,Collision Brush/Side Wipe, Unknown vehicle hit Pedestrian,Unknown,Fatal,Over speed,Four lanes or more with central divider,Straight road,,Fine,Unknown vehicle,P.V,Non injured ,0
12.10.2017,4:55 AM,1300.4,LHS,Rural,Gudluru,Collision Brush/Side Wipe, Unknown vehicle hit Pedestrian,Unknown,Fatal,Over speed,Four lanes or more with central divider,Straight road,,Fine,Unknown vehicle,P.V,Animals affected,0
13.10.2017,8:50 AM,1261.6,RHS,Rural,Tangutur,Collision Brush/Side Wipe, Bike hit unknown vehicle ,Bike,Minor injury,Over speed,Four lanes or more with central divider,Straight road,,Fine,AP09Q  6617,P.V,Fatal,0
13.10.2017,8:50 AM,1261.6,RHS,Rural,Tangutur,Collision Brush/Side Wipe, Bike hit unknown vehicle ,Bike,Minor injury,Over speed,Four lanes or more with central divider,Straight road,,Fine,AP09Q  6617,P.V,Grevious,0
13.10.2017,8:50 AM,1261.6,RHS,Rural,Tangutur,Collision Brush/Side Wipe, Bike hit unknown vehicle ,Bike,Minor injury,Over speed,Four lanes or more with central divider,Straight road,,Fine,AP09Q  6617,P.V,Minor,1
13.10.2017,8:50 AM,1261.6,RHS,Rural,Tangutur,Collision Brush/Side Wipe, Bike hit unknown vehicle ,Bike,Minor injury,Over speed,Four lanes or more with central divider,Straight road,,Fine,AP09Q  6617,P.V,Non injured ,0
13.10.2017,8:50 AM,1261.6,RHS,Rural,Tangutur,Collision Brush/Side Wipe, Bike hit unknown vehicle ,Bike,Minor injury,Over speed,Four lanes or more with central divider,Straight road,,Fine,AP09Q  6617,P.V,Animals affected,0
13.10.2017,11:30 PM,1337,LHS,Rural,K.Tippa ,Collision Brush/Side Wipe, Unknown vehicle hit Pedestrain,Unknown,Fatal,Over speed,Four lanes or more with central divider,Straight road,,Fine,Unknown vehicle,P.V,Fatal,1
13.10.2017,11:30 PM,1337,LHS,Rural,K.Tippa ,Collision Brush/Side Wipe, Unknown vehicle hit Pedestrain,Unknown,Fatal,Over speed,Four lanes or more with central divider,Straight road,,Fine,Unknown vehicle,P.V,Grevious,0
13.10.2017,11:30 PM,1337,LHS,Rural,K.Tippa ,Collision Brush/Side Wipe, Unknown vehicle hit Pedestrain,Unknown,Fatal,Over speed,Four lanes or more with central divider,Straight road,,Fine,Unknown vehicle,P.V,Minor,0
13.10.2017,11:30 PM,1337,LHS,Rural,K.Tippa ,Collision Brush/Side Wipe, Unknown vehicle hit Pedestrain,Unknown,Fatal,Over speed,Four lanes or more with central divider,Straight road,,Fine,Unknown vehicle,P.V,Non injured ,0
13.10.2017,11:30 PM,1337,LHS,Rural,K.Tippa ,Collision Brush/Side Wipe, Unknown vehicle hit Pedestrain,Unknown,Fatal,Over speed,Four lanes or more with central divider,Straight road,,Fine,Unknown vehicle,P.V,Animals affected,0
14.10.2017,9:55 AM,1206.6,LHS,Rural,Reningavaram,Others(p1.Specific), Ape Auto Passenger Fall  down on the Ro,Auto,Grievious injury,Fault of driver of motor vehicle/driver of other vehicle/cyclist/pedestrian/passenger,Four lanes or more with central divider,Straight road,,Fine,AP27TV 4928,A.M.B,Fatal,0
14.10.2017,9:55 AM,1206.6,LHS,Rural,Reningavaram,Others(p1.Specific), Ape Auto Passenger Fall  down on the Ro,Auto,Grievious injury,Fault of driver of motor vehicle/driver of other vehicle/cyclist/pedestrian/passenger,Four lanes or more with central divider,Straight road,,Fine,AP27TV 4928,A.M.B,Grevious,1
14.10.2017,9:55 AM,1206.6,LHS,Rural,Reningavaram,Others(p1.Specific), Ape Auto Passenger Fall  down on the Ro,Auto,Grievious injury,Fault of driver of motor vehicle/driver of other vehicle/cyclist/pedestrian/passenger,Four lanes or more with central divider,Straight road,,Fine,AP27TV 4928,A.M.B,Minor,0
14.10.2017,9:55 AM,1206.6,LHS,Rural,Reningavaram,Others(p1.Specific), Ape Auto Passenger Fall  down on the Ro,Auto,Grievious injury,Fault of driver of motor vehicle/driver of other vehicle/cyclist/pedestrian/passenger,Four lanes or more with central divider,Straight road,,Fine,AP27TV 4928,A.M.B,Non injured ,0
14.10.2017,9:55 AM,1206.6,LHS,Rural,Reningavaram,Others(p1.Specific), Ape Auto Passenger Fall  down on the Ro,Auto,Grievious injury,Fault of driver of motor vehicle/driver of other vehicle/cyclist/pedestrian/passenger,Four lanes or more with central divider,Straight road,,Fine,AP27TV 4928,A.M.B,Animals affected,0
14.10.2017,11:50 AM,1211.4,LHS,Rural,Medarametla,Head on collision, Bolero Vehicle hit TVS XL Moped,Car,Minor injury,Fault of driver of motor vehicle/driver of other vehicle/cyclist/pedestrian/passenger,Four lanes or more with central divider,Straight road,,Fine,AP02TC 4663,P.V,Fatal,0