Operational date,Time of Accident,KM && M,Position,Rural/Urban,Location,Nature of Accident Position,Nature of Accident,Vehicle Involved,Type of Accident,Causes,Road Feature,Road condition,Intersection Type And Control,Weather Condition,Vehicle Responsible,Help Provided by Ambulance/Patroling Vehicle,Classification of Accident,No of Affected Persons
31.10.2017,3:29 AM,1332,LHS,Rural,Kavali,Rear End Collision, Container vehicle hit Unknown vehicle,Container,Grievious injury,Fault of driver of motor vehicle/driver of other vehicle/cyclist/pedestrian/passenger,Four lanes or more with central divider,Straight road,,Fine,TN37CM  3574  ,A.M.B& P.V,Non injured ,0
31.10.2017,3:29 AM,1332,LHS,Rural,Kavali,Rear End Collision, Container vehicle hit Unknown vehicle,Container,Grievious injury,Fault of driver of motor vehicle/driver of other vehicle/cyclist/pedestrian/passenger,Four lanes or more with central divider,Straight road,,Fine,TN37CM  3574  ,A.M.B& P.V,Animals affected,0
31.10.2017,7:25 AM,1248.3,LHS,Urban,Ongole,Rear End Collision, Long container vehicle hit Long contain,Lorry,Non injury,Fault of driver of motor vehicle/driver of other vehicle/cyclist/pedestrian/passenger,Four lanes or more with central divider,Straight road,,Fine,NL01L   1799,,Fatal,0
31.10.2017,7:25 AM,1248.3,LHS,Urban,Ongole,Rear End Collision, Long container vehicle hit Long contain,Lorry,Non injury,Fault of driver of motor vehicle/driver of other vehicle/cyclist/pedestrian/passenger,Four lanes or more with central divider,Straight road,,Fine,NL01L   1799,,Grevious,0
31.10.2017,7:25 AM,1248.3,LHS,Urban,Ongole,Rear End Collision, Long container vehicle hit Long contain,Lorry,Non injury,Fault of driver of motor vehicle/driver of other vehicle/cyclist/pedestrian/passenger,Four lanes or more with central divider,Straight road,,Fine,NL01L   1799,,Minor,0
31.10.2017,7:25 AM,1248.3,LHS,Urban,Ongole,Rear End Collision, Long container vehicle hit Long contain,Lorry,Non injury,Fault of driver of motor vehicle/driver of other vehicle/cyclist/pedestrian/passenger,Four lanes or more with central divider,Straight road,,Fine,NL01L   1799,,Non injured ,2
31.10.2017,7:25 AM,1248.3,LHS,Urban,Ongole,Rear End Collision, Long container vehicle hit Long contain,Lorry,Non injury,Fault of driver of motor vehicle/driver of other vehicle/cyclist/pedestrian/passenger,Four lanes or more with central divider,Straight road,,Fine,NL01L   1799,,Animals affected,0
01.11.2017,12:10 AM,1287,RHS,Rural,Ulavapadu,Overturning, Car hit dog and overturned  towards ROW,Car,Grievious injury,Over speed,Four lanes or more with central divider,Straight road,,Fine,TN14H    5667,P.V,Fatal,0
01.11.2017,12:10 AM,1287,RHS,Rural,Ulavapadu,Overturning, Car hit dog and overturned  towards ROW,Car,Grievious injury,Over speed,Four lanes or more with central divider,Straight road,,Fine,TN14H    5667,P.V,Grevious,1
01.11.2017,12:10 AM,1287,RHS,Rural,Ulavapadu,Overturning, Car hit dog and overturned  towards ROW,Car,Grievious injury,Over speed,Four lanes or more with central divider,Straight road,,Fine,TN14H    5667,P.V,Minor,1
01.11.2017,12:10 AM,1287,RHS,Rural,Ulavapadu,Overturning, Car hit dog and overturned  towards ROW,Car,Grievious injury,Over speed,Four lanes or more with central divider,Straight road,,Fine,TN14H    5667,P.V,Non injured ,1
01.11.2017,12:10 AM,1287,RHS,Rural,Ulavapadu,Overturning, Car hit dog and overturned  towards ROW,Car,Grievious injury,Over speed,Four lanes or more with central divider,Straight road,,Fine,TN14H    5667,P.V,Animals affected,1
03.11.2017,2:45 AM,1335.3,RHS,Rural,K.Tippa ,Collision Brush/Side Wipe, Long Container Vehicle hit Tipper,Lorry,Minor injury,Fault of driver of motor vehicle/driver of other vehicle/cyclist/pedestrian/passenger,Four lanes or more with central divider,Straight road,,Fine,NL01 AA 0169,P.V,Fatal,0
03.11.2017,2:45 AM,1335.3,RHS,Rural,K.Tippa ,Collision Brush/Side Wipe, Long Container Vehicle hit Tipper,Lorry,Minor injury,Fault of driver of motor vehicle/driver of other vehicle/cyclist/pedestrian/passenger,Four lanes or more with central divider,Straight road,,Fine,NL01 AA 0169,P.V,Grevious,0
03.11.2017,2:45 AM,1335.3,RHS,Rural,K.Tippa ,Collision Brush/Side Wipe, Long Container Vehicle hit Tipper,Lorry,Minor injury,Fault of driver of motor vehicle/driver of other vehicle/cyclist/pedestrian/passenger,Four lanes or more with central divider,Straight road,,Fine,NL01 AA 0169,P.V,Minor,1
03.11.2017,2:45 AM,1335.3,RHS,Rural,K.Tippa ,Collision Brush/Side Wipe, Long Container Vehicle hit Tipper,Lorry,Minor injury,Fault of driver of motor vehicle/driver of other vehicle/cyclist/pedestrian/passenger,Four lanes or more with central divider,Straight road,,Fine,NL01 AA 0169,P.V,Non injured ,1
03.11.2017,2:45 AM,1335.3,RHS,Rural,K.Tippa ,Collision Brush/Side Wipe, Long Container Vehicle hit Tipper,Lorry,Minor injury,Fault of driver of motor vehicle/driver of other vehicle/cyclist/pedestrian/passenger,Four lanes or more with central divider,Straight road,,Fine,NL01 AA 0169,P.V,Animals affected,0
04.11.2017,7:00 AM,1360.1,LHS,Rural,Kodavaluru,Collision Brush/Side Wipe, Lorry hit Median,Lorry,Non injury,Fault of driver of motor vehicle/driver of other vehicle/cyclist/pedestrian/passenger,Four lanes or more with central divider,Straight road,,Fine,AP03TA   7878,P.V,Fatal,0
04.11.2017,7:00 AM,1360.1,LHS,Rural,Kodavaluru,Collision Brush/Side Wipe, Lorry hit Median,Lorry,Non injury,Fault of driver of motor vehicle/driver of other vehicle/cyclist/pedestrian/passenger,Four lanes or more with central divider,Straight road,,Fine,AP03TA   7878,P.V,Grevious,0
04.11.2017,7:00 AM,1360.1,LHS,Rural,Kodavaluru,Collision Brush/Side Wipe, Lorry hit Median,Lorry,Non injury,Fault of driver of motor vehicle/driver of other vehicle/cyclist/pedestrian/passenger,Four lanes or more with central divider,Straight road,,Fine,AP03TA   7878,P.V,Minor,0
04.11.2017,7:00 AM,1360.1,LHS,Rural,Kodavaluru,Collision Brush/Side Wipe, Lorry hit Median,Lorry,Non injury,Fault of driver of motor vehicle/driver of other vehicle/cyclist/pedestrian/passenger,Four lanes or more with central divider,Straight road,,Fine,AP03TA   7878,P.V,Non injured ,2
04.11.2017,7:00 AM,1360.1,LHS,Rural,Kodavaluru,Collision Brush/Side Wipe, Lorry hit Median,Lorry,Non injury,Fault of driver of motor vehicle/driver of other vehicle/cyclist/pedestrian/passenger,Four lanes or more with central divider,Straight road,,Fine,AP03TA   7878,P.V,Animals affected,0
04.11.2017,2:15 PM,1268.2,LHS,Rural,Jarugumalli,Rear End Collision, RTC Bus hit Bike,Bus,Grievious injury,Over speed,Four lanes or more with central divider,Straight road,,Fine,AP29Z    1627,A.M.B & P.V,Fatal,0
04.11.2017,2:15 PM,1268.2,LHS,Rural,Jarugumalli,Rear End Collision, RTC Bus hit Bike,Bus,Grievious injury,Over speed,Four lanes or more with central divider,Straight road,,Fine,AP29Z    1627,A.M.B & P.V,Grevious,1
04.11.2017,2:15 PM,1268.2,LHS,Rural,Jarugumalli,Rear End Collision, RTC Bus hit Bike,Bus,Grievious injury,Over speed,Four lanes or more with central divider,Straight road,,Fine,AP29Z    1627,A.M.B & P.V,Minor,0
04.11.2017,2:15 PM,1268.2,LHS,Rural,Jarugumalli,Rear End Collision, RTC Bus hit Bike,Bus,Grievious injury,Over speed,Four lanes or more with central divider,Straight road,,Fine,AP29Z    1627,A.M.B & P.V,Non injured ,51
04.11.2017,2:15 PM,1268.2,LHS,Rural,Jarugumalli,Rear End Collision, RTC Bus hit Bike,Bus,Grievious injury,Over speed,Four lanes or more with central divider,Straight road,,Fine,AP29Z    1627,A.M.B & P.V,Animals affected,0
04.11.2017,3:40 PM,1183.6,LHS,Rural,Chilakaluripeta,Collision Brush/Side Wipe, Bike hit Trailler vehicle,Bike,Fatal,Over speed,Four lanes or more with central divider,Straight road,,Fine,AP07R    1798,P.V,Fatal,1
04.11.2017,3:40 PM,1183.6,LHS,Rural,Chilakaluripeta,Collision Brush/Side Wipe, Bike hit Trailler vehicle,Bike,Fatal,Over speed,Four lanes or more with central divider,Straight road,,Fine,AP07R    1798,P.V,Grevious,0
04.11.2017,3:40 PM,1183.6,LHS,Rural,Chilakaluripeta,Collision Brush/Side Wipe, Bike hit Trailler vehicle,Bike,Fatal,Over speed,Four lanes or more with central divider,Straight road,,Fine,AP07R    1798,P.V,Minor,0
04.11.2017,3:40 PM,1183.6,LHS,Rural,Chilakaluripeta,Collision Brush/Side Wipe, Bike hit Trailler vehicle,Bike,Fatal,Over speed,Four lanes or more with central divider,Straight road,,Fine,AP07R    1798,P.V,Non injured ,0
04.11.2017,3:40 PM,1183.6,LHS,Rural,Chilakaluripeta,Collision Brush/Side Wipe, Bike hit Trailler vehicle,Bike,Fatal,Over speed,Four lanes or more with central divider,Straight road,,Fine,AP07R    1798,P.V,Animals affected,0
05.11.2017,2:15 AM,1261.8,LHS,Rural,Tangutur,Collision Brush/Side Wipe, Car hit CC Barrier,Car,Non injury,Fault of driver of motor vehicle/driver of other vehicle/cyclist/pedestrian/passenger,Two lanes,Straight road,,Fine,AP27AS 3249,P.V,Fatal,0
05.11.2017,2:15 AM,1261.8,LHS,Rural,Tangutur,Collision Brush/Side Wipe, Car hit CC Barrier,Car,Non injury,Fault of driver of motor vehicle/driver of other vehicle/cyclist/pedestrian/passenger,Two lanes,Straight road,,Fine,AP27AS 3249,P.V,Grevious,0
05.11.2017,2:15 AM,1261.8,LHS,Rural,Tangutur,Collision Brush/Side Wipe, Car hit CC Barrier,Car,Non injury,Fault of driver of motor vehicle/driver of other vehicle/cyclist/pedestrian/passenger,Two lanes,Straight road,,Fine,AP27AS 3249,P.V,Minor,0
05.11.2017,2:15 AM,1261.8,LHS,Rural,Tangutur,Collision Brush/Side Wipe, Car hit CC Barrier,Car,Non injury,Fault of driver of motor vehicle/driver of other vehicle/cyclist/pedestrian/passenger,Two lanes,Straight road,,Fine,AP27AS 3249,P.V,Non injured ,1
05.11.2017,2:15 AM,1261.8,LHS,Rural,Tangutur,Collision Brush/Side Wipe, Car hit CC Barrier,Car,Non injury,Fault of driver of motor vehicle/driver of other vehicle/cyclist/pedestrian/passenger,Two lanes,Straight road,,Fine,AP27AS 3249,P.V,Animals affected,0
05.11.2017,11:00 AM,1328.4,LHS,Rural,Kavali,Collision Brush/Side Wipe, Lorry hit Car,Lorry,Non injury,Fault of driver of motor vehicle/driver of other vehicle/cyclist/pedestrian/passenger,Four lanes or more with central divider,Straight road,,Fine,AP20TB 5556,P.V,Fatal,0
05.11.2017,11:00 AM,1328.4,LHS,Rural,Kavali,Collision Brush/Side Wipe, Lorry hit Car,Lorry,Non injury,Fault of driver of motor vehicle/driver of other vehicle/cyclist/pedestrian/passenger,Four lanes or more with central divider,Straight road,,Fine,AP20TB 5556,P.V,Grevious,0
05.11.2017,11:00 AM,1328.4,LHS,Rural,Kavali,Collision Brush/Side Wipe, Lorry hit Car,Lorry,Non injury,Fault of driver of motor vehicle/driver of other vehicle/cyclist/pedestrian/passenger,Four lanes or more with central divider,Straight road,,Fine,AP20TB 5556,P.V,Minor,0
05.11.2017,11:00 AM,1328.4,LHS,Rural,Kavali,Collision Brush/Side Wipe, Lorry hit Car,Lorry,Non injury,Fault of driver of motor vehicle/driver of other vehicle/cyclist/pedestrian/passenger,Four lanes or more with central divider,Straight road,,Fine,AP20TB 5556,P.V,Non injured ,5
05.11.2017,11:00 AM,1328.4,LHS,Rural,Kavali,Collision Brush/Side Wipe, Lorry hit Car,Lorry,Non injury,Fault of driver of motor vehicle/driver of other vehicle/cyclist/pedestrian/passenger,Four lanes or more with central divider,Straight road,,Fine,AP20TB 5556,P.V,Animals affected,0
06.11.2017,8:45 AM,1211.4,LHS,Rural,Medarametla,Rear End Collision, Bike hit RTC Bus,Bike,Grievious injury,Over speed,Four lanes or more with central divider,Straight road,,Fine,F/R Bike,A.M.B & P.V,Fatal,0
06.11.2017,8:45 AM,1211.4,LHS,Rural,Medarametla,Rear End Collision, Bike hit RTC Bus,Bike,Grievious injury,Over speed,Four lanes or more with central divider,Straight road,,Fine,F/R Bike,A.M.B & P.V,Grevious,2
06.11.2017,8:45 AM,1211.4,LHS,Rural,Medarametla,Rear End Collision, Bike hit RTC Bus,Bike,Grievious injury,Over speed,Four lanes or more with central divider,Straight road,,Fine,F/R Bike,A.M.B & P.V,Minor,0
06.11.2017,8:45 AM,1211.4,LHS,Rural,Medarametla,Rear End Collision, Bike hit RTC Bus,Bike,Grievious injury,Over speed,Four lanes or more with central divider,Straight road,,Fine,F/R Bike,A.M.B & P.V,Non injured ,30
06.11.2017,8:45 AM,1211.4,LHS,Rural,Medarametla,Rear End Collision, Bike hit RTC Bus,Bike,Grievious injury,Over speed,Four lanes or more with central divider,Straight road,,Fine,F/R Bike,A.M.B & P.V,Animals affected,0
06.11.2017,10:00 AM,1274.2,LHS,Rural,Singarayakonda,Collision Brush/Side Wipe, Car hit Long trailer vehicle,Car,Grievious injury,Over speed,Four lanes or more with central divider,Straight road,,Fine,AP27BB  6186,P.V,Fatal,0
06.11.2017,10:00 AM,1274.2,LHS,Rural,Singarayakonda,Collision Brush/Side Wipe, Car hit Long trailer vehicle,Car,Grievious injury,Over speed,Four lanes or more with central divider,Straight road,,Fine,AP27BB  6186,P.V,Grevious,1
06.11.2017,10:00 AM,1274.2,LHS,Rural,Singarayakonda,Collision Brush/Side Wipe, Car hit Long trailer vehicle,Car,Grievious injury,Over speed,Four lanes or more with central divider,Straight road,,Fine,AP27BB  6186,P.V,Minor,1
06.11.2017,10:00 AM,1274.2,LHS,Rural,Singarayakonda,Collision Brush/Side Wipe, Car hit Long trailer vehicle,Car,Grievious injury,Over speed,Four lanes or more with central divider,Straight road,,Fine,AP27BB  6186,P.V,Non injured ,0
06.11.2017,10:00 AM,1274.2,LHS,Rural,Singarayakonda,Collision Brush/Side Wipe, Car hit Long trailer vehicle,Car,Grievious injury,Over speed,Four lanes or more with central divider,Straight road,,Fine,AP27BB  6186,P.V,Animals affected,0
06.11.2017,5:40 PM,1200,LHS,Rural,Reningavaram,Collision Brush/Side Wipe, Ape Auto hit Plaza Safety barrier,Auto,Grievious injury,Fault of driver of motor vehicle/driver of other vehicle/cyclist/pedestrian/passenger,Four lanes or more with central divider,Straight road,,Fine,AP27Y    5788,A.M.B ,Fatal,0
06.11.2017,5:40 PM,1200,LHS,Rural,Reningavaram,Collision Brush/Side Wipe, Ape Auto hit Plaza Safety barrier,Auto,Grievious injury,Fault of driver of motor vehicle/driver of other vehicle/cyclist/pedestrian/passenger,Four lanes or more with central divider,Straight road,,Fine,AP27Y    5788,A.M.B ,Grevious,1
06.11.2017,5:40 PM,1200,LHS,Rural,Reningavaram,Collision Brush/Side Wipe, Ape Auto hit Plaza Safety barrier,Auto,Grievious injury,Fault of driver of motor vehicle/driver of other vehicle/cyclist/pedestrian/passenger,Four lanes or more with central divider,Straight road,,Fine,AP27Y    5788,A.M.B ,Minor,0
06.11.2017,5:40 PM,1200,LHS,Rural,Reningavaram,Collision Brush/Side Wipe, Ape Auto hit Plaza Safety barrier,Auto,Grievious injury,Fault of driver of motor vehicle/driver of other vehicle/cyclist/pedestrian/passenger,Four lanes or more with central divider,Straight road,,Fine,AP27Y    5788,A.M.B ,Non injured ,6
06.11.2017,5:40 PM,1200,LHS,Rural,Reningavaram,Collision Brush/Side Wipe, Ape Auto hit Plaza Safety barrier,Auto,Grievious injury,Fault of driver of motor vehicle/driver of other vehicle/cyclist/pedestrian/passenger,Four lanes or more with central divider,Straight road,,Fine,AP27Y    5788,A.M.B ,Animals affected,0
06.11.2017,9:04 PM,1189.5,RHS,Rural,Martur,Collision Brush/Side Wipe, Bike hit Pedestrian,Bike,Grievious injury,Over speed,Two lanes,Straight road,,Fine,AP07S   0901,A.M.B ,Fatal,0
06.11.2017,9:04 PM,1189.5,RHS,Rural,Martur,Collision Brush/Side Wipe, Bike hit Pedestrian,Bike,Grievious injury,Over speed,Two lanes,Straight road,,Fine,AP07S   0901,A.M.B ,Grevious,1
06.11.2017,9:04 PM,1189.5,RHS,Rural,Martur,Collision Brush/Side Wipe, Bike hit Pedestrian,Bike,Grievious injury,Over speed,Two lanes,Straight road,,Fine,AP07S   0901,A.M.B ,Minor,1
06.11.2017,9:04 PM,1189.5,RHS,Rural,Martur,Collision Brush/Side Wipe, Bike hit Pedestrian,Bike,Grievious injury,Over speed,Two lanes,Straight road,,Fine,AP07S   0901,A.M.B ,Non injured ,0
06.11.2017,9:04 PM,1189.5,RHS,Rural,Martur,Collision Brush/Side Wipe, Bike hit Pedestrian,Bike,Grievious injury,Over speed,Two lanes,Straight road,,Fine,AP07S   0901,A.M.B ,Animals affected,0
07.11.2017,7:10 AM,1309.1,RHS,Rural,Kavali,Rear End Collision, Oil Tanker hit Trailer vehicle,Tanker,Non injury,Fault of driver of motor vehicle/driver of other vehicle/cyclist/pedestrian/passenger,Four lanes or more with central divider,Straight road,,Fine,TN59BE 4341,P.V,Fatal,0
07.11.2017,7:10 AM,1309.1,RHS,Rural,Kavali,Rear End Collision, Oil Tanker hit Trailer vehicle,Tanker,Non injury,Fault of driver of motor vehicle/driver of other vehicle/cyclist/pedestrian/passenger,Four lanes or more with central divider,Straight road,,Fine,TN59BE 4341,P.V,Grevious,0
07.11.2017,7:10 AM,1309.1,RHS,Rural,Kavali,Rear End Collision, Oil Tanker hit Trailer vehicle,Tanker,Non injury,Fault of driver of motor vehicle/driver of other vehicle/cyclist/pedestrian/passenger,Four lanes or more with central divider,Straight road,,Fine,TN59BE 4341,P.V,Minor,0
07.11.2017,7:10 AM,1309.1,RHS,Rural,Kavali,Rear End Collision, Oil Tanker hit Trailer vehicle,Tanker,Non injury,Fault of driver of motor vehicle/driver of other vehicle/cyclist/pedestrian/passenger,Four lanes or more with central divider,Straight road,,Fine,TN59BE 4341,P.V,Non injured ,2
07.11.2017,7:10 AM,1309.1,RHS,Rural,Kavali,Rear End Collision, Oil Tanker hit Trailer vehicle,Tanker,Non injury,Fault of driver of motor vehicle/driver of other vehicle/cyclist/pedestrian/passenger,Four lanes or more with central divider,Straight road,,Fine,TN59BE 4341,P.V,Animals affected,0
07.11.2017,11:50 AM,1268.6,RHS,Rural,Tangutur,Rear End Collision, RTC Bus hit Tractor ,Bus,Grievious injury,Over speed,Four lanes or more with central divider,Straight road,,Fine,AP27TT  9899,A.M.B & P.V,Fatal,0
07.11.2017,11:50 AM,1268.6,RHS,Rural,Tangutur,Rear End Collision, RTC Bus hit Tractor ,Bus,Grievious injury,Over speed,Four lanes or more with central divider,Straight road,,Fine,AP27TT  9899,A.M.B & P.V,Grevious,2
07.11.2017,11:50 AM,1268.6,RHS,Rural,Tangutur,Rear End Collision, RTC Bus hit Tractor ,Bus,Grievious injury,Over speed,Four lanes or more with central divider,Straight road,,Fine,AP27TT  9899,A.M.B & P.V,Minor,6
07.11.2017,11:50 AM,1268.6,RHS,Rural,Tangutur,Rear End Collision, RTC Bus hit Tractor ,Bus,Grievious injury,Over speed,Four lanes or more with central divider,Straight road,,Fine,AP27TT  9899,A.M.B & P.V,Non injured ,35
07.11.2017,11:50 AM,1268.6,RHS,Rural,Tangutur,Rear End Collision, RTC Bus hit Tractor ,Bus,Grievious injury,Over speed,Four lanes or more with central divider,Straight road,,Fine,AP27TT  9899,A.M.B & P.V,Animals affected,0
07.11.2017,4:10 PM,1257.5,LHS,Rural,Tangutur,Skidding, Bike Skidding,Bike,Minor injury,Druken,Four lanes or more with central divider,Straight road,,Fine,AP26AR 1683,A.M.B,Fatal,0
07.11.2017,4:10 PM,1257.5,LHS,Rural,Tangutur,Skidding, Bike Skidding,Bike,Minor injury,Druken,Four lanes or more with central divider,Straight road,,Fine,AP26AR 1683,A.M.B,Grevious,0
07.11.2017,4:10 PM,1257.5,LHS,Rural,Tangutur,Skidding, Bike Skidding,Bike,Minor injury,Druken,Four lanes or more with central divider,Straight road,,Fine,AP26AR 1683,A.M.B,Minor,1
07.11.2017,4:10 PM,1257.5,LHS,Rural,Tangutur,Skidding, Bike Skidding,Bike,Minor injury,Druken,Four lanes or more with central divider,Straight road,,Fine,AP26AR 1683,A.M.B,Non injured ,0
07.11.2017,4:10 PM,1257.5,LHS,Rural,Tangutur,Skidding, Bike Skidding,Bike,Minor injury,Druken,Four lanes or more with central divider,Straight road,,Fine,AP26AR 1683,A.M.B,Animals affected,0
09.11.2017,12:10 AM,1317,LHS,Rural,Kavali,Collision Brush/Side Wipe, Oil Tanker hit Buffalos,Tanker,Non injury,Over speed,Four lanes or more with central divider,Straight road,,Fine,AP26TE  2843,P.V,Fatal,0
09.11.2017,12:10 AM,1317,LHS,Rural,Kavali,Collision Brush/Side Wipe, Oil Tanker hit Buffalos,Tanker,Non injury,Over speed,Four lanes or more with central divider,Straight road,,Fine,AP26TE  2843,P.V,Grevious,0
09.11.2017,12:10 AM,1317,LHS,Rural,Kavali,Collision Brush/Side Wipe, Oil Tanker hit Buffalos,Tanker,Non injury,Over speed,Four lanes or more with central divider,Straight road,,Fine,AP26TE  2843,P.V,Minor,0
09.11.2017,12:10 AM,1317,LHS,Rural,Kavali,Collision Brush/Side Wipe, Oil Tanker hit Buffalos,Tanker,Non injury,Over speed,Four lanes or more with central divider,Straight road,,Fine,AP26TE  2843,P.V,Non injured ,1
09.11.2017,12:10 AM,1317,LHS,Rural,Kavali,Collision Brush/Side Wipe, Oil Tanker hit Buffalos,Tanker,Non injury,Over speed,Four lanes or more with central divider,Straight road,,Fine,AP26TE  2843,P.V,Animals affected,3
09.11.2017,12:15 AM,1316.9,LHS,Rural,Kavali,Collision Brush/Side Wipe, Car hit Buffalo,Car,Non injury,Over speed,Four lanes or more with central divider,Straight road,,Fine,AP5TR 7100,P.V,Fatal,0
09.11.2017,12:15 AM,1316.9,LHS,Rural,Kavali,Collision Brush/Side Wipe, Car hit Buffalo,Car,Non injury,Over speed,Four lanes or more with central divider,Straight road,,Fine,AP5TR 7100,P.V,Grevious,0
09.11.2017,12:15 AM,1316.9,LHS,Rural,Kavali,Collision Brush/Side Wipe, Car hit Buffalo,Car,Non injury,Over speed,Four lanes or more with central divider,Straight road,,Fine,AP5TR 7100,P.V,Minor,0
09.11.2017,12:15 AM,1316.9,LHS,Rural,Kavali,Collision Brush/Side Wipe, Car hit Buffalo,Car,Non injury,Over speed,Four lanes or more with central divider,Straight road,,Fine,AP5TR 7100,P.V,Non injured ,7
09.11.2017,12:15 AM,1316.9,LHS,Rural,Kavali,Collision Brush/Side Wipe, Car hit Buffalo,Car,Non injury,Over speed,Four lanes or more with central divider,Straight road,,Fine,AP5TR 7100,P.V,Animals affected,1
09.11.2017,6:00 AM,1350.4,RHS,Rural,Kodavaluru,Collision Brush/Side Wipe, Long container Vehicle hit Unknown vehi,Lorry,Fatal,Fault of driver of motor vehicle/driver of other vehicle/cyclist/pedestrian/passenger,Four lanes or more with central divider,Straight road,,Fine,TN12Q  6025,P.V,Fatal,1
09.11.2017,6:00 AM,1350.4,RHS,Rural,Kodavaluru,Collision Brush/Side Wipe, Long container Vehicle hit Unknown vehi,Lorry,Fatal,Fault of driver of motor vehicle/driver of other vehicle/cyclist/pedestrian/passenger,Four lanes or more with central divider,Straight road,,Fine,TN12Q  6025,P.V,Grevious,0
09.11.2017,6:00 AM,1350.4,RHS,Rural,Kodavaluru,Collision Brush/Side Wipe, Long container Vehicle hit Unknown vehi,Lorry,Fatal,Fault of driver of motor vehicle/driver of other vehicle/cyclist/pedestrian/passenger,Four lanes or more with central divider,Straight road,,Fine,TN12Q  6025,P.V,Minor,0
09.11.2017,6:00 AM,1350.4,RHS,Rural,Kodavaluru,Collision Brush/Side Wipe, Long container Vehicle hit Unknown vehi,Lorry,Fatal,Fault of driver of motor vehicle/driver of other vehicle/cyclist/pedestrian/passenger,Four lanes or more with central divider,Straight road,,Fine,TN12Q  6025,P.V,Non injured ,1
09.11.2017,6:00 AM,1350.4,RHS,Rural,Kodavaluru,Collision Brush/Side Wipe, Long container Vehicle hit Unknown vehi,Lorry,Fatal,Fault of driver of motor vehicle/driver of other vehicle/cyclist/pedestrian/passenger,Four lanes or more with central divider,Straight road,,Fine,TN12Q  6025,P.V,Animals affected,0
09.11.2017,6:30 AM,1365.5,LHS,Rural,Kovuru,Collision Brush/Side Wipe, Eicher vehicle hit Unknown vehicle,Eicher,Fatal,Over speed,Four lanes or more with central divider,Straight road,,Fine,AP16TD  5276,A.M.B& P.V,Fatal,1
09.11.2017,6:30 AM,1365.5,LHS,Rural,Kovuru,Collision Brush/Side Wipe, Eicher vehicle hit Unknown vehicle,Eicher,Fatal,Over speed,Four lanes or more with central divider,Straight road,,Fine,AP16TD  5276,A.M.B& P.V,Grevious,1
09.11.2017,6:30 AM,1365.5,LHS,Rural,Kovuru,Collision Brush/Side Wipe, Eicher vehicle hit Unknown vehicle,Eicher,Fatal,Over speed,Four lanes or more with central divider,Straight road,,Fine,AP16TD  5276,A.M.B& P.V,Minor,0
09.11.2017,6:30 AM,1365.5,LHS,Rural,Kovuru,Collision Brush/Side Wipe, Eicher vehicle hit Unknown vehicle,Eicher,Fatal,Over speed,Four lanes or more with central divider,Straight road,,Fine,AP16TD  5276,A.M.B& P.V,Non injured ,0
09.11.2017,6:30 AM,1365.5,LHS,Rural,Kovuru,Collision Brush/Side Wipe, Eicher vehicle hit Unknown vehicle,Eicher,Fatal,Over speed,Four lanes or more with central divider,Straight road,,Fine,AP16TD  5276,A.M.B& P.V,Animals affected,0
09.11.2017,6:50 AM,1356,RHS,Rural,Kodavaluru,Collision Brush/Side Wipe, Mahindra scorpio vehicle hit Unknown ve,Car,Grievious injury,Over speed,Four lanes or more with central divider,Straight road,,Fine,AP26TE 9486,P.V,Fatal,0
09.11.2017,6:50 AM,1356,RHS,Rural,Kodavaluru,Collision Brush/Side Wipe, Mahindra scorpio vehicle hit Unknown ve,Car,Grievious injury,Over speed,Four lanes or more with central divider,Straight road,,Fine,AP26TE 9486,P.V,Grevious,1
09.11.2017,6:50 AM,1356,RHS,Rural,Kodavaluru,Collision Brush/Side Wipe, Mahindra scorpio vehicle hit Unknown ve,Car,Grievious injury,Over speed,Four lanes or more with central divider,Straight road,,Fine,AP26TE 9486,P.V,Minor,0
09.11.2017,6:50 AM,1356,RHS,Rural,Kodavaluru,Collision Brush/Side Wipe, Mahindra scorpio vehicle hit Unknown ve,Car,Grievious injury,Over speed,Four lanes or more with central divider,Straight road,,Fine,AP26TE 9486,P.V,Non injured ,1
09.11.2017,6:50 AM,1356,RHS,Rural,Kodavaluru,Collision Brush/Side Wipe, Mahindra scorpio vehicle hit Unknown ve,Car,Grievious injury,Over speed,Four lanes or more with central divider,Straight road,,Fine,AP26TE 9486,P.V,Animals affected,0
09.11.2017,7:40 AM,1276.6,RHS,Rural,Singarayakonda,Overturning, Lorry Overturned  towards ROW  ,Lorry,Non injury,Fault of driver of motor vehicle/driver of other vehicle/cyclist/pedestrian/passenger,Four lanes or more with central divider,Straight road,,Fine,PS05UC  2345,P.V,Fatal,0
09.11.2017,7:40 AM,1276.6,RHS,Rural,Singarayakonda,Overturning, Lorry Overturned  towards ROW  ,Lorry,Non injury,Fault of driver of motor vehicle/driver of other vehicle/cyclist/pedestrian/passenger,Four lanes or more with central divider,Straight road,,Fine,PS05UC  2345,P.V,Grevious,0
09.11.2017,7:40 AM,1276.6,RHS,Rural,Singarayakonda,Overturning, Lorry Overturned  towards ROW  ,Lorry,Non injury,Fault of driver of motor vehicle/driver of other vehicle/cyclist/pedestrian/passenger,Four lanes or more with central divider,Straight road,,Fine,PS05UC  2345,P.V,Minor,0
09.11.2017,7:40 AM,1276.6,RHS,Rural,Singarayakonda,Overturning, Lorry Overturned  towards ROW  ,Lorry,Non injury,Fault of driver of motor vehicle/driver of other vehicle/cyclist/pedestrian/passenger,Four lanes or more with central divider,Straight road,,Fine,PS05UC  2345,P.V,Non injured ,2