Operational date,Time of Accident,KM && M,Position,Rural/Urban,Location,Nature of Accident Position,Nature of Accident,Vehicle Involved,Type of Accident,Causes,Road Feature,Road condition,Intersection Type And Control,Weather Condition,Vehicle Responsible,Help Provided by Ambulance/Patroling Vehicle,Classification of Accident,No of Affected Persons
09.11.2017,7:40 AM,1276.6,RHS,Rural,Singarayakonda,Overturning, Lorry Overturned  towards ROW  ,Lorry,Non injury,Fault of driver of motor vehicle/driver of other vehicle/cyclist/pedestrian/passenger,Four lanes or more with central divider,Straight road,,Fine,PS05UC  2345,P.V,Animals affected,0
09.11.2017,12:27 PM,1198.8,LHS,Rural,Martur,Skidding, Bike Skidding,Bike,Grievious injury,Over speed,Four lanes or more with central divider,Straight road,,Fine,AP27BP  0271,A.M.B ,Fatal,0
09.11.2017,12:27 PM,1198.8,LHS,Rural,Martur,Skidding, Bike Skidding,Bike,Grievious injury,Over speed,Four lanes or more with central divider,Straight road,,Fine,AP27BP  0271,A.M.B ,Grevious,1
09.11.2017,12:27 PM,1198.8,LHS,Rural,Martur,Skidding, Bike Skidding,Bike,Grievious injury,Over speed,Four lanes or more with central divider,Straight road,,Fine,AP27BP  0271,A.M.B ,Minor,1
09.11.2017,12:27 PM,1198.8,LHS,Rural,Martur,Skidding, Bike Skidding,Bike,Grievious injury,Over speed,Four lanes or more with central divider,Straight road,,Fine,AP27BP  0271,A.M.B ,Non injured ,0
09.11.2017,12:27 PM,1198.8,LHS,Rural,Martur,Skidding, Bike Skidding,Bike,Grievious injury,Over speed,Four lanes or more with central divider,Straight road,,Fine,AP27BP  0271,A.M.B ,Animals affected,0
10.11.2017,12:30 AM,1264.5,LHS,Rural,Tangutur,Skidding, Bike Skidding,Bike,Minor injury,Over speed,Four lanes or more with central divider,Straight road,,Fine,AP27BC 5375,A.M.B ,Fatal,0
10.11.2017,12:30 AM,1264.5,LHS,Rural,Tangutur,Skidding, Bike Skidding,Bike,Minor injury,Over speed,Four lanes or more with central divider,Straight road,,Fine,AP27BC 5375,A.M.B ,Grevious,0
10.11.2017,12:30 AM,1264.5,LHS,Rural,Tangutur,Skidding, Bike Skidding,Bike,Minor injury,Over speed,Four lanes or more with central divider,Straight road,,Fine,AP27BC 5375,A.M.B ,Minor,1
10.11.2017,12:30 AM,1264.5,LHS,Rural,Tangutur,Skidding, Bike Skidding,Bike,Minor injury,Over speed,Four lanes or more with central divider,Straight road,,Fine,AP27BC 5375,A.M.B ,Non injured ,1
10.11.2017,12:30 AM,1264.5,LHS,Rural,Tangutur,Skidding, Bike Skidding,Bike,Minor injury,Over speed,Four lanes or more with central divider,Straight road,,Fine,AP27BC 5375,A.M.B ,Animals affected,0
11.11.2017,7:00 AM,1317.1,RHS,Rural,Kavali,Overturning, Car hit median and overturned,Car,Fatal,Over speed,Four lanes or more with central divider,Straight road,,Fine,AP26AM   3581,P.V,Fatal,1
11.11.2017,7:00 AM,1317.1,RHS,Rural,Kavali,Overturning, Car hit median and overturned,Car,Fatal,Over speed,Four lanes or more with central divider,Straight road,,Fine,AP26AM   3581,P.V,Grevious,0
11.11.2017,7:00 AM,1317.1,RHS,Rural,Kavali,Overturning, Car hit median and overturned,Car,Fatal,Over speed,Four lanes or more with central divider,Straight road,,Fine,AP26AM   3581,P.V,Minor,0
11.11.2017,7:00 AM,1317.1,RHS,Rural,Kavali,Overturning, Car hit median and overturned,Car,Fatal,Over speed,Four lanes or more with central divider,Straight road,,Fine,AP26AM   3581,P.V,Non injured ,2
11.11.2017,7:00 AM,1317.1,RHS,Rural,Kavali,Overturning, Car hit median and overturned,Car,Fatal,Over speed,Four lanes or more with central divider,Straight road,,Fine,AP26AM   3581,P.V,Animals affected,0
12.11.2017,2:58 AM,1197,LHS,Rural,Martur,Overturning, Car overturned towards ROW,Car,Non injury,Druken,Four lanes or more with central divider,Straight road,,Fine,AP05CB   1495,A.M.B,Fatal,0
12.11.2017,2:58 AM,1197,LHS,Rural,Martur,Overturning, Car overturned towards ROW,Car,Non injury,Druken,Four lanes or more with central divider,Straight road,,Fine,AP05CB   1495,A.M.B,Grevious,0
12.11.2017,2:58 AM,1197,LHS,Rural,Martur,Overturning, Car overturned towards ROW,Car,Non injury,Druken,Four lanes or more with central divider,Straight road,,Fine,AP05CB   1495,A.M.B,Minor,0
12.11.2017,2:58 AM,1197,LHS,Rural,Martur,Overturning, Car overturned towards ROW,Car,Non injury,Druken,Four lanes or more with central divider,Straight road,,Fine,AP05CB   1495,A.M.B,Non injured ,2
12.11.2017,2:58 AM,1197,LHS,Rural,Martur,Overturning, Car overturned towards ROW,Car,Non injury,Druken,Four lanes or more with central divider,Straight road,,Fine,AP05CB   1495,A.M.B,Animals affected,0
12.11.2017,7:00 AM,1356.8,LHS,Rural,Kodavaluru,Overturning, Lorry hit median and overturned,Lorry,Minor injury,Fault of driver of motor vehicle/driver of other vehicle/cyclist/pedestrian/passenger,Four lanes or more with central divider,Straight road,,Fine,KA53     2458,P.V,Fatal,0
12.11.2017,7:00 AM,1356.8,LHS,Rural,Kodavaluru,Overturning, Lorry hit median and overturned,Lorry,Minor injury,Fault of driver of motor vehicle/driver of other vehicle/cyclist/pedestrian/passenger,Four lanes or more with central divider,Straight road,,Fine,KA53     2458,P.V,Grevious,0
12.11.2017,7:00 AM,1356.8,LHS,Rural,Kodavaluru,Overturning, Lorry hit median and overturned,Lorry,Minor injury,Fault of driver of motor vehicle/driver of other vehicle/cyclist/pedestrian/passenger,Four lanes or more with central divider,Straight road,,Fine,KA53     2458,P.V,Minor,1
12.11.2017,7:00 AM,1356.8,LHS,Rural,Kodavaluru,Overturning, Lorry hit median and overturned,Lorry,Minor injury,Fault of driver of motor vehicle/driver of other vehicle/cyclist/pedestrian/passenger,Four lanes or more with central divider,Straight road,,Fine,KA53     2458,P.V,Non injured ,1
12.11.2017,7:00 AM,1356.8,LHS,Rural,Kodavaluru,Overturning, Lorry hit median and overturned,Lorry,Minor injury,Fault of driver of motor vehicle/driver of other vehicle/cyclist/pedestrian/passenger,Four lanes or more with central divider,Straight road,,Fine,KA53     2458,P.V,Animals affected,0
12.11.2017,1:09 PM,1203.9,RHS,Rural,Reningavaram,Collision Brush/Side Wipe,Unknown vehicle hit Pedestrian,Unknown,Minor injury,Over speed,Four lanes or more with central divider,Straight road,,Fine,Unknown vehicle,A.M.B,Fatal,0
12.11.2017,1:09 PM,1203.9,RHS,Rural,Reningavaram,Collision Brush/Side Wipe,Unknown vehicle hit Pedestrian,Unknown,Minor injury,Over speed,Four lanes or more with central divider,Straight road,,Fine,Unknown vehicle,A.M.B,Grevious,0
12.11.2017,1:09 PM,1203.9,RHS,Rural,Reningavaram,Collision Brush/Side Wipe,Unknown vehicle hit Pedestrian,Unknown,Minor injury,Over speed,Four lanes or more with central divider,Straight road,,Fine,Unknown vehicle,A.M.B,Minor,1
12.11.2017,1:09 PM,1203.9,RHS,Rural,Reningavaram,Collision Brush/Side Wipe,Unknown vehicle hit Pedestrian,Unknown,Minor injury,Over speed,Four lanes or more with central divider,Straight road,,Fine,Unknown vehicle,A.M.B,Non injured ,1
12.11.2017,1:09 PM,1203.9,RHS,Rural,Reningavaram,Collision Brush/Side Wipe,Unknown vehicle hit Pedestrian,Unknown,Minor injury,Over speed,Four lanes or more with central divider,Straight road,,Fine,Unknown vehicle,A.M.B,Animals affected,0
13.11.2017,9:00 PM,1334,LHS,Rural,K.Tippa ,Rear End Collision, Car hit Buffalo,Car,Minor injury,Fault of driver of motor vehicle/driver of other vehicle/cyclist/pedestrian/passenger,Four lanes or more with central divider,Straight road,,Fine,AP26AC    4740,P.V,Fatal,0
13.11.2017,9:00 PM,1334,LHS,Rural,K.Tippa ,Rear End Collision, Car hit Buffalo,Car,Minor injury,Fault of driver of motor vehicle/driver of other vehicle/cyclist/pedestrian/passenger,Four lanes or more with central divider,Straight road,,Fine,AP26AC    4740,P.V,Grevious,0
13.11.2017,9:00 PM,1334,LHS,Rural,K.Tippa ,Rear End Collision, Car hit Buffalo,Car,Minor injury,Fault of driver of motor vehicle/driver of other vehicle/cyclist/pedestrian/passenger,Four lanes or more with central divider,Straight road,,Fine,AP26AC    4740,P.V,Minor,1
13.11.2017,9:00 PM,1334,LHS,Rural,K.Tippa ,Rear End Collision, Car hit Buffalo,Car,Minor injury,Fault of driver of motor vehicle/driver of other vehicle/cyclist/pedestrian/passenger,Four lanes or more with central divider,Straight road,,Fine,AP26AC    4740,P.V,Non injured ,0
13.11.2017,9:00 PM,1334,LHS,Rural,K.Tippa ,Rear End Collision, Car hit Buffalo,Car,Minor injury,Fault of driver of motor vehicle/driver of other vehicle/cyclist/pedestrian/passenger,Four lanes or more with central divider,Straight road,,Fine,AP26AC    4740,P.V,Animals affected,2
14.11.2017,12:10 AM,1331.2,LHS,Rural,Kavali,Rear End Collision, Travels BUS hit Lorry,Bus,Non injury,Over speed,Four lanes or more with central divider,Straight road,,Fine,KA01AF 4433,P.V,Fatal,0
14.11.2017,12:10 AM,1331.2,LHS,Rural,Kavali,Rear End Collision, Travels BUS hit Lorry,Bus,Non injury,Over speed,Four lanes or more with central divider,Straight road,,Fine,KA01AF 4433,P.V,Grevious,0
14.11.2017,12:10 AM,1331.2,LHS,Rural,Kavali,Rear End Collision, Travels BUS hit Lorry,Bus,Non injury,Over speed,Four lanes or more with central divider,Straight road,,Fine,KA01AF 4433,P.V,Minor,0
14.11.2017,12:10 AM,1331.2,LHS,Rural,Kavali,Rear End Collision, Travels BUS hit Lorry,Bus,Non injury,Over speed,Four lanes or more with central divider,Straight road,,Fine,KA01AF 4433,P.V,Non injured ,49
14.11.2017,12:10 AM,1331.2,LHS,Rural,Kavali,Rear End Collision, Travels BUS hit Lorry,Bus,Non injury,Over speed,Four lanes or more with central divider,Straight road,,Fine,KA01AF 4433,P.V,Animals affected,0
14.11.2017,2:00 AM,1321,RHS,Rural,Kavali,Rear End Collision, Unknown vehicle hit Pedestrian,Unknown,Fatal,Over speed,Four lanes or more with central divider,Straight road,,Fine,Unknown vehicle,P.V,Fatal,1
14.11.2017,2:00 AM,1321,RHS,Rural,Kavali,Rear End Collision, Unknown vehicle hit Pedestrian,Unknown,Fatal,Over speed,Four lanes or more with central divider,Straight road,,Fine,Unknown vehicle,P.V,Grevious,0
14.11.2017,2:00 AM,1321,RHS,Rural,Kavali,Rear End Collision, Unknown vehicle hit Pedestrian,Unknown,Fatal,Over speed,Four lanes or more with central divider,Straight road,,Fine,Unknown vehicle,P.V,Minor,0
14.11.2017,2:00 AM,1321,RHS,Rural,Kavali,Rear End Collision, Unknown vehicle hit Pedestrian,Unknown,Fatal,Over speed,Four lanes or more with central divider,Straight road,,Fine,Unknown vehicle,P.V,Non injured ,0
14.11.2017,2:00 AM,1321,RHS,Rural,Kavali,Rear End Collision, Unknown vehicle hit Pedestrian,Unknown,Fatal,Over speed,Four lanes or more with central divider,Straight road,,Fine,Unknown vehicle,P.V,Animals affected,0
14.11.2017,8:30 PM,1330,RHS,Rural,Kavali,Collision Brush/Side Wipe, Car hit Pedestrian,Car,Grievious injury,Fault of driver of motor vehicle/driver of other vehicle/cyclist/pedestrian/passenger,Four lanes or more with central divider,Straight road,,Fine,AP05CS   3528,A.M.B & P.V,Fatal,0
14.11.2017,8:30 PM,1330,RHS,Rural,Kavali,Collision Brush/Side Wipe, Car hit Pedestrian,Car,Grievious injury,Fault of driver of motor vehicle/driver of other vehicle/cyclist/pedestrian/passenger,Four lanes or more with central divider,Straight road,,Fine,AP05CS   3528,A.M.B & P.V,Grevious,1
14.11.2017,8:30 PM,1330,RHS,Rural,Kavali,Collision Brush/Side Wipe, Car hit Pedestrian,Car,Grievious injury,Fault of driver of motor vehicle/driver of other vehicle/cyclist/pedestrian/passenger,Four lanes or more with central divider,Straight road,,Fine,AP05CS   3528,A.M.B & P.V,Minor,0
14.11.2017,8:30 PM,1330,RHS,Rural,Kavali,Collision Brush/Side Wipe, Car hit Pedestrian,Car,Grievious injury,Fault of driver of motor vehicle/driver of other vehicle/cyclist/pedestrian/passenger,Four lanes or more with central divider,Straight road,,Fine,AP05CS   3528,A.M.B & P.V,Non injured ,1
14.11.2017,8:30 PM,1330,RHS,Rural,Kavali,Collision Brush/Side Wipe, Car hit Pedestrian,Car,Grievious injury,Fault of driver of motor vehicle/driver of other vehicle/cyclist/pedestrian/passenger,Four lanes or more with central divider,Straight road,,Fine,AP05CS   3528,A.M.B & P.V,Animals affected,0
16.11.2017,4:25 AM,1240.2,LHS,Rural,Ongole,Skidding, Bike Skidding,Bike,Minor injury,Fault of driver of motor vehicle/driver of other vehicle/cyclist/pedestrian/passenger,Four lanes or more with central divider,Straight road,,Fine,AP27M 8542,P.V,Fatal,0
16.11.2017,4:25 AM,1240.2,LHS,Rural,Ongole,Skidding, Bike Skidding,Bike,Minor injury,Fault of driver of motor vehicle/driver of other vehicle/cyclist/pedestrian/passenger,Four lanes or more with central divider,Straight road,,Fine,AP27M 8542,P.V,Grevious,0
16.11.2017,4:25 AM,1240.2,LHS,Rural,Ongole,Skidding, Bike Skidding,Bike,Minor injury,Fault of driver of motor vehicle/driver of other vehicle/cyclist/pedestrian/passenger,Four lanes or more with central divider,Straight road,,Fine,AP27M 8542,P.V,Minor,1
16.11.2017,4:25 AM,1240.2,LHS,Rural,Ongole,Skidding, Bike Skidding,Bike,Minor injury,Fault of driver of motor vehicle/driver of other vehicle/cyclist/pedestrian/passenger,Four lanes or more with central divider,Straight road,,Fine,AP27M 8542,P.V,Non injured ,0
16.11.2017,4:25 AM,1240.2,LHS,Rural,Ongole,Skidding, Bike Skidding,Bike,Minor injury,Fault of driver of motor vehicle/driver of other vehicle/cyclist/pedestrian/passenger,Four lanes or more with central divider,Straight road,,Fine,AP27M 8542,P.V,Animals affected,0
16.11.2017,8:40 PM,1300.6,LHS,Rural,Gudluru,Rear End Collision, Unknown vehicle hit to Bike,Unknown,Fatal,Over speed,Four lanes or more with central divider,Straight road,,Fine,Unknown vehicle,P.V,Fatal,1
16.11.2017,8:40 PM,1300.6,LHS,Rural,Gudluru,Rear End Collision, Unknown vehicle hit to Bike,Unknown,Fatal,Over speed,Four lanes or more with central divider,Straight road,,Fine,Unknown vehicle,P.V,Grevious,0
16.11.2017,8:40 PM,1300.6,LHS,Rural,Gudluru,Rear End Collision, Unknown vehicle hit to Bike,Unknown,Fatal,Over speed,Four lanes or more with central divider,Straight road,,Fine,Unknown vehicle,P.V,Minor,0
16.11.2017,8:40 PM,1300.6,LHS,Rural,Gudluru,Rear End Collision, Unknown vehicle hit to Bike,Unknown,Fatal,Over speed,Four lanes or more with central divider,Straight road,,Fine,Unknown vehicle,P.V,Non injured ,0
16.11.2017,8:40 PM,1300.6,LHS,Rural,Gudluru,Rear End Collision, Unknown vehicle hit to Bike,Unknown,Fatal,Over speed,Four lanes or more with central divider,Straight road,,Fine,Unknown vehicle,P.V,Animals affected,0
17.11.2017,3:30 PM,1189.7,LHS,Rural,Martur,Collision Brush/Side Wipe, Bike hit Kerb,Bike,Fatal,Fault of driver of motor vehicle/driver of other vehicle/cyclist/pedestrian/passenger,Four lanes or more with central divider,Straight road,,Fine,AP27AY 2669,P.V,Fatal,1
17.11.2017,3:30 PM,1189.7,LHS,Rural,Martur,Collision Brush/Side Wipe, Bike hit Kerb,Bike,Fatal,Fault of driver of motor vehicle/driver of other vehicle/cyclist/pedestrian/passenger,Four lanes or more with central divider,Straight road,,Fine,AP27AY 2669,P.V,Grevious,1
17.11.2017,3:30 PM,1189.7,LHS,Rural,Martur,Collision Brush/Side Wipe, Bike hit Kerb,Bike,Fatal,Fault of driver of motor vehicle/driver of other vehicle/cyclist/pedestrian/passenger,Four lanes or more with central divider,Straight road,,Fine,AP27AY 2669,P.V,Minor,0
17.11.2017,3:30 PM,1189.7,LHS,Rural,Martur,Collision Brush/Side Wipe, Bike hit Kerb,Bike,Fatal,Fault of driver of motor vehicle/driver of other vehicle/cyclist/pedestrian/passenger,Four lanes or more with central divider,Straight road,,Fine,AP27AY 2669,P.V,Non injured ,0
17.11.2017,3:30 PM,1189.7,LHS,Rural,Martur,Collision Brush/Side Wipe, Bike hit Kerb,Bike,Fatal,Fault of driver of motor vehicle/driver of other vehicle/cyclist/pedestrian/passenger,Four lanes or more with central divider,Straight road,,Fine,AP27AY 2669,P.V,Animals affected,0
18.11.2017,2:30 AM,1361.2,LHS,Rural,Kodavaluru,Overturning, Container vehicle hit ECB and overturne,Container,Non injury,Fault of driver of motor vehicle/driver of other vehicle/cyclist/pedestrian/passenger,Four lanes or more with central divider,Straight road,,Fine,HR55J    5599,P.V,Fatal,0
18.11.2017,2:30 AM,1361.2,LHS,Rural,Kodavaluru,Overturning, Container vehicle hit ECB and overturne,Container,Non injury,Fault of driver of motor vehicle/driver of other vehicle/cyclist/pedestrian/passenger,Four lanes or more with central divider,Straight road,,Fine,HR55J    5599,P.V,Grevious,0
18.11.2017,2:30 AM,1361.2,LHS,Rural,Kodavaluru,Overturning, Container vehicle hit ECB and overturne,Container,Non injury,Fault of driver of motor vehicle/driver of other vehicle/cyclist/pedestrian/passenger,Four lanes or more with central divider,Straight road,,Fine,HR55J    5599,P.V,Minor,0
18.11.2017,2:30 AM,1361.2,LHS,Rural,Kodavaluru,Overturning, Container vehicle hit ECB and overturne,Container,Non injury,Fault of driver of motor vehicle/driver of other vehicle/cyclist/pedestrian/passenger,Four lanes or more with central divider,Straight road,,Fine,HR55J    5599,P.V,Non injured ,2
18.11.2017,2:30 AM,1361.2,LHS,Rural,Kodavaluru,Overturning, Container vehicle hit ECB and overturne,Container,Non injury,Fault of driver of motor vehicle/driver of other vehicle/cyclist/pedestrian/passenger,Four lanes or more with central divider,Straight road,,Fine,HR55J    5599,P.V,Animals affected,0
18.11.2017,6:00 AM,1324.7,LHS,Rural,Kavali,Rear End Collision, Car hit Tractor,Car,Non injury,Fault of driver of motor vehicle/driver of other vehicle/cyclist/pedestrian/passenger,Four lanes or more with central divider,Straight road,,Fine,AP07BQ   0408,P.V,Fatal,0
18.11.2017,6:00 AM,1324.7,LHS,Rural,Kavali,Rear End Collision, Car hit Tractor,Car,Non injury,Fault of driver of motor vehicle/driver of other vehicle/cyclist/pedestrian/passenger,Four lanes or more with central divider,Straight road,,Fine,AP07BQ   0408,P.V,Grevious,0
18.11.2017,6:00 AM,1324.7,LHS,Rural,Kavali,Rear End Collision, Car hit Tractor,Car,Non injury,Fault of driver of motor vehicle/driver of other vehicle/cyclist/pedestrian/passenger,Four lanes or more with central divider,Straight road,,Fine,AP07BQ   0408,P.V,Minor,0
18.11.2017,6:00 AM,1324.7,LHS,Rural,Kavali,Rear End Collision, Car hit Tractor,Car,Non injury,Fault of driver of motor vehicle/driver of other vehicle/cyclist/pedestrian/passenger,Four lanes or more with central divider,Straight road,,Fine,AP07BQ   0408,P.V,Non injured ,2
18.11.2017,6:00 AM,1324.7,LHS,Rural,Kavali,Rear End Collision, Car hit Tractor,Car,Non injury,Fault of driver of motor vehicle/driver of other vehicle/cyclist/pedestrian/passenger,Four lanes or more with central divider,Straight road,,Fine,AP07BQ   0408,P.V,Animals affected,0
19.11.2017,2:15 AM,1241.4,RHS,Rural,Ongole,Collision Brush/Side Wipe, Long Trailer hit Unknown vehicle,Lorry,Minor injury,Over speed,Four lanes or more with central divider,Straight road,,Fine,TN47AE 2904,P.V,Fatal,0
19.11.2017,2:15 AM,1241.4,RHS,Rural,Ongole,Collision Brush/Side Wipe, Long Trailer hit Unknown vehicle,Lorry,Minor injury,Over speed,Four lanes or more with central divider,Straight road,,Fine,TN47AE 2904,P.V,Grevious,0
19.11.2017,2:15 AM,1241.4,RHS,Rural,Ongole,Collision Brush/Side Wipe, Long Trailer hit Unknown vehicle,Lorry,Minor injury,Over speed,Four lanes or more with central divider,Straight road,,Fine,TN47AE 2904,P.V,Minor,1
19.11.2017,2:15 AM,1241.4,RHS,Rural,Ongole,Collision Brush/Side Wipe, Long Trailer hit Unknown vehicle,Lorry,Minor injury,Over speed,Four lanes or more with central divider,Straight road,,Fine,TN47AE 2904,P.V,Non injured ,1
19.11.2017,2:15 AM,1241.4,RHS,Rural,Ongole,Collision Brush/Side Wipe, Long Trailer hit Unknown vehicle,Lorry,Minor injury,Over speed,Four lanes or more with central divider,Straight road,,Fine,TN47AE 2904,P.V,Animals affected,0
19.11.2017,3:50 AM,1308.7,LHS,Rural,Kavali,Rear End Collision, Car hit Unknown vehicle,Car,Non injury,Fault of driver of motor vehicle/driver of other vehicle/cyclist/pedestrian/passenger,Four lanes or more with central divider,Straight road,,Fine,AP27AY 4949,P.V,Fatal,0
19.11.2017,3:50 AM,1308.7,LHS,Rural,Kavali,Rear End Collision, Car hit Unknown vehicle,Car,Non injury,Fault of driver of motor vehicle/driver of other vehicle/cyclist/pedestrian/passenger,Four lanes or more with central divider,Straight road,,Fine,AP27AY 4949,P.V,Grevious,0
19.11.2017,3:50 AM,1308.7,LHS,Rural,Kavali,Rear End Collision, Car hit Unknown vehicle,Car,Non injury,Fault of driver of motor vehicle/driver of other vehicle/cyclist/pedestrian/passenger,Four lanes or more with central divider,Straight road,,Fine,AP27AY 4949,P.V,Minor,0
19.11.2017,3:50 AM,1308.7,LHS,Rural,Kavali,Rear End Collision, Car hit Unknown vehicle,Car,Non injury,Fault of driver of motor vehicle/driver of other vehicle/cyclist/pedestrian/passenger,Four lanes or more with central divider,Straight road,,Fine,AP27AY 4949,P.V,Non injured ,3
19.11.2017,3:50 AM,1308.7,LHS,Rural,Kavali,Rear End Collision, Car hit Unknown vehicle,Car,Non injury,Fault of driver of motor vehicle/driver of other vehicle/cyclist/pedestrian/passenger,Four lanes or more with central divider,Straight road,,Fine,AP27AY 4949,P.V,Animals affected,0
19.11.2017,6:10 AM,1351.4,LHS,Rural,Kodavaluru,Rear End Collision, Bike hit Culvert wall,Bike,Fatal,Druken,Four lanes or more with central divider,Straight road,,Fine,AP26BH 4424,A.M.B & P.V,Fatal,1
19.11.2017,6:10 AM,1351.4,LHS,Rural,Kodavaluru,Rear End Collision, Bike hit Culvert wall,Bike,Fatal,Druken,Four lanes or more with central divider,Straight road,,Fine,AP26BH 4424,A.M.B & P.V,Grevious,1
19.11.2017,6:10 AM,1351.4,LHS,Rural,Kodavaluru,Rear End Collision, Bike hit Culvert wall,Bike,Fatal,Druken,Four lanes or more with central divider,Straight road,,Fine,AP26BH 4424,A.M.B & P.V,Minor,0
19.11.2017,6:10 AM,1351.4,LHS,Rural,Kodavaluru,Rear End Collision, Bike hit Culvert wall,Bike,Fatal,Druken,Four lanes or more with central divider,Straight road,,Fine,AP26BH 4424,A.M.B & P.V,Non injured ,0
19.11.2017,6:10 AM,1351.4,LHS,Rural,Kodavaluru,Rear End Collision, Bike hit Culvert wall,Bike,Fatal,Druken,Four lanes or more with central divider,Straight road,,Fine,AP26BH 4424,A.M.B & P.V,Animals affected,0
19.11.2017,8:40 AM,1288.9,LHS,Rural,Ulavapadu,Rear End Collision, Lorry hit Tractor,Lorry,Non injury,Fault of driver of motor vehicle/driver of other vehicle/cyclist/pedestrian/passenger,Four lanes or more with central divider,Straight road,,Fine,AP07TF 9902,P.V,Fatal,0
19.11.2017,8:40 AM,1288.9,LHS,Rural,Ulavapadu,Rear End Collision, Lorry hit Tractor,Lorry,Non injury,Fault of driver of motor vehicle/driver of other vehicle/cyclist/pedestrian/passenger,Four lanes or more with central divider,Straight road,,Fine,AP07TF 9902,P.V,Grevious,0
19.11.2017,8:40 AM,1288.9,LHS,Rural,Ulavapadu,Rear End Collision, Lorry hit Tractor,Lorry,Non injury,Fault of driver of motor vehicle/driver of other vehicle/cyclist/pedestrian/passenger,Four lanes or more with central divider,Straight road,,Fine,AP07TF 9902,P.V,Minor,0
19.11.2017,8:40 AM,1288.9,LHS,Rural,Ulavapadu,Rear End Collision, Lorry hit Tractor,Lorry,Non injury,Fault of driver of motor vehicle/driver of other vehicle/cyclist/pedestrian/passenger,Four lanes or more with central divider,Straight road,,Fine,AP07TF 9902,P.V,Non injured ,2
19.11.2017,8:40 AM,1288.9,LHS,Rural,Ulavapadu,Rear End Collision, Lorry hit Tractor,Lorry,Non injury,Fault of driver of motor vehicle/driver of other vehicle/cyclist/pedestrian/passenger,Four lanes or more with central divider,Straight road,,Fine,AP07TF 9902,P.V,Animals affected,0
19.11.2017,10:40 AM,1280.1,LHS,Rural,Singarayakonda,Skidding, Scooty Skidding,Bike,Minor injury,Fault of driver of motor vehicle/driver of other vehicle/cyclist/pedestrian/passenger,Four lanes or more with central divider,Straight road,,Fine,AP27AX  2155, A.M.B,Fatal,0
19.11.2017,10:40 AM,1280.1,LHS,Rural,Singarayakonda,Skidding, Scooty Skidding,Bike,Minor injury,Fault of driver of motor vehicle/driver of other vehicle/cyclist/pedestrian/passenger,Four lanes or more with central divider,Straight road,,Fine,AP27AX  2155, A.M.B,Grevious,0
19.11.2017,10:40 AM,1280.1,LHS,Rural,Singarayakonda,Skidding, Scooty Skidding,Bike,Minor injury,Fault of driver of motor vehicle/driver of other vehicle/cyclist/pedestrian/passenger,Four lanes or more with central divider,Straight road,,Fine,AP27AX  2155, A.M.B,Minor,4
19.11.2017,10:40 AM,1280.1,LHS,Rural,Singarayakonda,Skidding, Scooty Skidding,Bike,Minor injury,Fault of driver of motor vehicle/driver of other vehicle/cyclist/pedestrian/passenger,Four lanes or more with central divider,Straight road,,Fine,AP27AX  2155, A.M.B,Non injured ,0
19.11.2017,10:40 AM,1280.1,LHS,Rural,Singarayakonda,Skidding, Scooty Skidding,Bike,Minor injury,Fault of driver of motor vehicle/driver of other vehicle/cyclist/pedestrian/passenger,Four lanes or more with central divider,Straight road,,Fine,AP27AX  2155, A.M.B,Animals affected,0
20.11.2017,12:20 AM,1365.4,LHS,Rural,Kovuru,Overturning, Lorry hit Ape Auto and overturned ,Lorry,Grievious injury,Over speed,Four lanes or more with central divider,Slight curve,,Fine,AP04X   0234,P.V,Fatal,0
20.11.2017,12:20 AM,1365.4,LHS,Rural,Kovuru,Overturning, Lorry hit Ape Auto and overturned ,Lorry,Grievious injury,Over speed,Four lanes or more with central divider,Slight curve,,Fine,AP04X   0234,P.V,Grevious,6
20.11.2017,12:20 AM,1365.4,LHS,Rural,Kovuru,Overturning, Lorry hit Ape Auto and overturned ,Lorry,Grievious injury,Over speed,Four lanes or more with central divider,Slight curve,,Fine,AP04X   0234,P.V,Minor,0
20.11.2017,12:20 AM,1365.4,LHS,Rural,Kovuru,Overturning, Lorry hit Ape Auto and overturned ,Lorry,Grievious injury,Over speed,Four lanes or more with central divider,Slight curve,,Fine,AP04X   0234,P.V,Non injured ,2
20.11.2017,12:20 AM,1365.4,LHS,Rural,Kovuru,Overturning, Lorry hit Ape Auto and overturned ,Lorry,Grievious injury,Over speed,Four lanes or more with central divider,Slight curve,,Fine,AP04X   0234,P.V,Animals affected,0
21.11.2017,6:25 AM,1209.9,LHS,Rural,Reningavaram,Overturning, Lorry hit Cargo Auto,Lorry,Grievious injury,Fault of driver of motor vehicle/driver of other vehicle/cyclist/pedestrian/passenger,Four lanes or more with central divider,Straight road,,Fine,TS05UA   9759,A.M.B & P.V,Fatal,0
21.11.2017,6:25 AM,1209.9,LHS,Rural,Reningavaram,Overturning, Lorry hit Cargo Auto,Lorry,Grievious injury,Fault of driver of motor vehicle/driver of other vehicle/cyclist/pedestrian/passenger,Four lanes or more with central divider,Straight road,,Fine,TS05UA   9759,A.M.B & P.V,Grevious,1
21.11.2017,6:25 AM,1209.9,LHS,Rural,Reningavaram,Overturning, Lorry hit Cargo Auto,Lorry,Grievious injury,Fault of driver of motor vehicle/driver of other vehicle/cyclist/pedestrian/passenger,Four lanes or more with central divider,Straight road,,Fine,TS05UA   9759,A.M.B & P.V,Minor,0