Operational date,Time of Accident,KM && M,Position,Rural/Urban,Location,Nature of Accident Position,Nature of Accident,Vehicle Involved,Type of Accident,Causes,Road Feature,Road condition,Intersection Type And Control,Weather Condition,Vehicle Responsible,Help Provided by Ambulance/Patroling Vehicle,Classification of Accident,No of Affected Persons
21.11.2017,6:25 AM,1209.9,LHS,Rural,Reningavaram,Overturning, Lorry hit Cargo Auto,Lorry,Grievious injury,Fault of driver of motor vehicle/driver of other vehicle/cyclist/pedestrian/passenger,Four lanes or more with central divider,Straight road,,Fine,TS05UA   9759,A.M.B & P.V,Non injured ,1
21.11.2017,6:25 AM,1209.9,LHS,Rural,Reningavaram,Overturning, Lorry hit Cargo Auto,Lorry,Grievious injury,Fault of driver of motor vehicle/driver of other vehicle/cyclist/pedestrian/passenger,Four lanes or more with central divider,Straight road,,Fine,TS05UA   9759,A.M.B & P.V,Animals affected,0
21.11.2017,7:20 AM,1198.9,LHS,Rural,Martur,Overturning, Mini Truck hit Lorry and overturned tow,Lorry,Fatal,Over speed,Four lanes or more with central divider,Straight road,,Fine,AP21TY   6270,P.V,Fatal,1
21.11.2017,7:20 AM,1198.9,LHS,Rural,Martur,Overturning, Mini Truck hit Lorry and overturned tow,Lorry,Fatal,Over speed,Four lanes or more with central divider,Straight road,,Fine,AP21TY   6270,P.V,Grevious,1
21.11.2017,7:20 AM,1198.9,LHS,Rural,Martur,Overturning, Mini Truck hit Lorry and overturned tow,Lorry,Fatal,Over speed,Four lanes or more with central divider,Straight road,,Fine,AP21TY   6270,P.V,Minor,0
21.11.2017,7:20 AM,1198.9,LHS,Rural,Martur,Overturning, Mini Truck hit Lorry and overturned tow,Lorry,Fatal,Over speed,Four lanes or more with central divider,Straight road,,Fine,AP21TY   6270,P.V,Non injured ,2
21.11.2017,7:20 AM,1198.9,LHS,Rural,Martur,Overturning, Mini Truck hit Lorry and overturned tow,Lorry,Fatal,Over speed,Four lanes or more with central divider,Straight road,,Fine,AP21TY   6270,P.V,Animals affected,0
23.11.2017,2:10 AM,1255.4,LHS,Rural,Tangutur,Rear End Collision, Container vehicle hit  Lorry,Container,Non injury,Over speed,Four lanes or more with central divider,Straight road,,Fine,HRSSW  8231,P.V,Fatal,0
23.11.2017,2:10 AM,1255.4,LHS,Rural,Tangutur,Rear End Collision, Container vehicle hit  Lorry,Container,Non injury,Over speed,Four lanes or more with central divider,Straight road,,Fine,HRSSW  8231,P.V,Grevious,0
23.11.2017,2:10 AM,1255.4,LHS,Rural,Tangutur,Rear End Collision, Container vehicle hit  Lorry,Container,Non injury,Over speed,Four lanes or more with central divider,Straight road,,Fine,HRSSW  8231,P.V,Minor,0
23.11.2017,2:10 AM,1255.4,LHS,Rural,Tangutur,Rear End Collision, Container vehicle hit  Lorry,Container,Non injury,Over speed,Four lanes or more with central divider,Straight road,,Fine,HRSSW  8231,P.V,Non injured ,2
23.11.2017,2:10 AM,1255.4,LHS,Rural,Tangutur,Rear End Collision, Container vehicle hit  Lorry,Container,Non injury,Over speed,Four lanes or more with central divider,Straight road,,Fine,HRSSW  8231,P.V,Animals affected,0
23.11.2017,5:50 AM,1242.7,LHS,Rural,Ongole,Rear End Collision, Lorry hit Lorry,Lorry,Fatal,Fault of driver of motor vehicle/driver of other vehicle/cyclist/pedestrian/passenger,Four lanes or more with central divider,Straight road,,Fine,AP26TE  3230,P.V,Fatal,1
23.11.2017,5:50 AM,1242.7,LHS,Rural,Ongole,Rear End Collision, Lorry hit Lorry,Lorry,Fatal,Fault of driver of motor vehicle/driver of other vehicle/cyclist/pedestrian/passenger,Four lanes or more with central divider,Straight road,,Fine,AP26TE  3230,P.V,Grevious,0
23.11.2017,5:50 AM,1242.7,LHS,Rural,Ongole,Rear End Collision, Lorry hit Lorry,Lorry,Fatal,Fault of driver of motor vehicle/driver of other vehicle/cyclist/pedestrian/passenger,Four lanes or more with central divider,Straight road,,Fine,AP26TE  3230,P.V,Minor,0
23.11.2017,5:50 AM,1242.7,LHS,Rural,Ongole,Rear End Collision, Lorry hit Lorry,Lorry,Fatal,Fault of driver of motor vehicle/driver of other vehicle/cyclist/pedestrian/passenger,Four lanes or more with central divider,Straight road,,Fine,AP26TE  3230,P.V,Non injured ,1
23.11.2017,5:50 AM,1242.7,LHS,Rural,Ongole,Rear End Collision, Lorry hit Lorry,Lorry,Fatal,Fault of driver of motor vehicle/driver of other vehicle/cyclist/pedestrian/passenger,Four lanes or more with central divider,Straight road,,Fine,AP26TE  3230,P.V,Animals affected,0
23.11.2017,8:00 AM,1198.7,LHS,Rural,Martur,Rear End Collision, Mini container hit Water tanker,Lorry,Minor injury,Fault of driver of motor vehicle/driver of other vehicle/cyclist/pedestrian/passenger,Four lanes or more with central divider,Straight road,,Fine,AP07TB  4259,A.M.B & P.V,Fatal,0
23.11.2017,8:00 AM,1198.7,LHS,Rural,Martur,Rear End Collision, Mini container hit Water tanker,Lorry,Minor injury,Fault of driver of motor vehicle/driver of other vehicle/cyclist/pedestrian/passenger,Four lanes or more with central divider,Straight road,,Fine,AP07TB  4259,A.M.B & P.V,Grevious,0
23.11.2017,8:00 AM,1198.7,LHS,Rural,Martur,Rear End Collision, Mini container hit Water tanker,Lorry,Minor injury,Fault of driver of motor vehicle/driver of other vehicle/cyclist/pedestrian/passenger,Four lanes or more with central divider,Straight road,,Fine,AP07TB  4259,A.M.B & P.V,Minor,1
23.11.2017,8:00 AM,1198.7,LHS,Rural,Martur,Rear End Collision, Mini container hit Water tanker,Lorry,Minor injury,Fault of driver of motor vehicle/driver of other vehicle/cyclist/pedestrian/passenger,Four lanes or more with central divider,Straight road,,Fine,AP07TB  4259,A.M.B & P.V,Non injured ,1
23.11.2017,8:00 AM,1198.7,LHS,Rural,Martur,Rear End Collision, Mini container hit Water tanker,Lorry,Minor injury,Fault of driver of motor vehicle/driver of other vehicle/cyclist/pedestrian/passenger,Four lanes or more with central divider,Straight road,,Fine,AP07TB  4259,A.M.B & P.V,Animals affected,0
23.11.2017,2:55 PM,1217.5,RHS,Rural,Medarametla,Rear End Collision, Lorry hit Lorry,Lorry,Minor injury,Over speed,Four lanes or more with central divider,Straight road,,Fine,TN33AA  4359,A.M.B & P.V,Fatal,0
23.11.2017,2:55 PM,1217.5,RHS,Rural,Medarametla,Rear End Collision, Lorry hit Lorry,Lorry,Minor injury,Over speed,Four lanes or more with central divider,Straight road,,Fine,TN33AA  4359,A.M.B & P.V,Grevious,0
23.11.2017,2:55 PM,1217.5,RHS,Rural,Medarametla,Rear End Collision, Lorry hit Lorry,Lorry,Minor injury,Over speed,Four lanes or more with central divider,Straight road,,Fine,TN33AA  4359,A.M.B & P.V,Minor,1
23.11.2017,2:55 PM,1217.5,RHS,Rural,Medarametla,Rear End Collision, Lorry hit Lorry,Lorry,Minor injury,Over speed,Four lanes or more with central divider,Straight road,,Fine,TN33AA  4359,A.M.B & P.V,Non injured ,1
23.11.2017,2:55 PM,1217.5,RHS,Rural,Medarametla,Rear End Collision, Lorry hit Lorry,Lorry,Minor injury,Over speed,Four lanes or more with central divider,Straight road,,Fine,TN33AA  4359,A.M.B & P.V,Animals affected,0
23.11.2017,2:55 PM,1330,LHS,Rural,Kavali,Collision Brush/Side Wipe, Car hit CC Barrier,Car,Minor injury,Over speed,Four lanes or more with central divider,Straight road,,Fine,AP26AJ  2082,A.M.B & P.V,Fatal,0
23.11.2017,2:55 PM,1330,LHS,Rural,Kavali,Collision Brush/Side Wipe, Car hit CC Barrier,Car,Minor injury,Over speed,Four lanes or more with central divider,Straight road,,Fine,AP26AJ  2082,A.M.B & P.V,Grevious,0
23.11.2017,2:55 PM,1330,LHS,Rural,Kavali,Collision Brush/Side Wipe, Car hit CC Barrier,Car,Minor injury,Over speed,Four lanes or more with central divider,Straight road,,Fine,AP26AJ  2082,A.M.B & P.V,Minor,1
23.11.2017,2:55 PM,1330,LHS,Rural,Kavali,Collision Brush/Side Wipe, Car hit CC Barrier,Car,Minor injury,Over speed,Four lanes or more with central divider,Straight road,,Fine,AP26AJ  2082,A.M.B & P.V,Non injured ,0
23.11.2017,2:55 PM,1330,LHS,Rural,Kavali,Collision Brush/Side Wipe, Car hit CC Barrier,Car,Minor injury,Over speed,Four lanes or more with central divider,Straight road,,Fine,AP26AJ  2082,A.M.B & P.V,Animals affected,0
24.11.2017,4:00 AM,1235.9,LHS,Rural,Maddipadu,Overturning, Tata Ace Vehicle overturned towards ROW,Tata Ace,Non injury,Fault of driver of motor vehicle/driver of other vehicle/cyclist/pedestrian/passenger,Four lanes or more with central divider,Straight road,,Fine,AP20TV 8954,P.V,Fatal,0
24.11.2017,4:00 AM,1235.9,LHS,Rural,Maddipadu,Overturning, Tata Ace Vehicle overturned towards ROW,Tata Ace,Non injury,Fault of driver of motor vehicle/driver of other vehicle/cyclist/pedestrian/passenger,Four lanes or more with central divider,Straight road,,Fine,AP20TV 8954,P.V,Grevious,0
24.11.2017,4:00 AM,1235.9,LHS,Rural,Maddipadu,Overturning, Tata Ace Vehicle overturned towards ROW,Tata Ace,Non injury,Fault of driver of motor vehicle/driver of other vehicle/cyclist/pedestrian/passenger,Four lanes or more with central divider,Straight road,,Fine,AP20TV 8954,P.V,Minor,0
24.11.2017,4:00 AM,1235.9,LHS,Rural,Maddipadu,Overturning, Tata Ace Vehicle overturned towards ROW,Tata Ace,Non injury,Fault of driver of motor vehicle/driver of other vehicle/cyclist/pedestrian/passenger,Four lanes or more with central divider,Straight road,,Fine,AP20TV 8954,P.V,Non injured ,1
24.11.2017,4:00 AM,1235.9,LHS,Rural,Maddipadu,Overturning, Tata Ace Vehicle overturned towards ROW,Tata Ace,Non injury,Fault of driver of motor vehicle/driver of other vehicle/cyclist/pedestrian/passenger,Four lanes or more with central divider,Straight road,,Fine,AP20TV 8954,P.V,Animals affected,0
24.11.2017,4:31 AM,1347.5,LHS,Rural,Dagadarthi,Overturning, Car hit Median and Overturned,Car,Grievious injury,Fault of driver of motor vehicle/driver of other vehicle/cyclist/pedestrian/passenger,Four lanes or more with central divider,Straight road,,Fine,T/R,A.M.B & P.V,Fatal,0
24.11.2017,4:31 AM,1347.5,LHS,Rural,Dagadarthi,Overturning, Car hit Median and Overturned,Car,Grievious injury,Fault of driver of motor vehicle/driver of other vehicle/cyclist/pedestrian/passenger,Four lanes or more with central divider,Straight road,,Fine,T/R,A.M.B & P.V,Grevious,1
24.11.2017,4:31 AM,1347.5,LHS,Rural,Dagadarthi,Overturning, Car hit Median and Overturned,Car,Grievious injury,Fault of driver of motor vehicle/driver of other vehicle/cyclist/pedestrian/passenger,Four lanes or more with central divider,Straight road,,Fine,T/R,A.M.B & P.V,Minor,1
24.11.2017,4:31 AM,1347.5,LHS,Rural,Dagadarthi,Overturning, Car hit Median and Overturned,Car,Grievious injury,Fault of driver of motor vehicle/driver of other vehicle/cyclist/pedestrian/passenger,Four lanes or more with central divider,Straight road,,Fine,T/R,A.M.B & P.V,Non injured ,0
24.11.2017,4:31 AM,1347.5,LHS,Rural,Dagadarthi,Overturning, Car hit Median and Overturned,Car,Grievious injury,Fault of driver of motor vehicle/driver of other vehicle/cyclist/pedestrian/passenger,Four lanes or more with central divider,Straight road,,Fine,T/R,A.M.B & P.V,Animals affected,0
25.11.2017,10:40 AM,1203.4,RHS,Rural,Reningavaram,Collision Brush/Side Wipe, Car went out of the road toward ROW ,Car,Minor injury,Over speed,Four lanes or more with central divider,Straight road,,Fine,AP16K   5499,A.M.B & P.V,Fatal,0
25.11.2017,10:40 AM,1203.4,RHS,Rural,Reningavaram,Collision Brush/Side Wipe, Car went out of the road toward ROW ,Car,Minor injury,Over speed,Four lanes or more with central divider,Straight road,,Fine,AP16K   5499,A.M.B & P.V,Grevious,0
25.11.2017,10:40 AM,1203.4,RHS,Rural,Reningavaram,Collision Brush/Side Wipe, Car went out of the road toward ROW ,Car,Minor injury,Over speed,Four lanes or more with central divider,Straight road,,Fine,AP16K   5499,A.M.B & P.V,Minor,3
25.11.2017,10:40 AM,1203.4,RHS,Rural,Reningavaram,Collision Brush/Side Wipe, Car went out of the road toward ROW ,Car,Minor injury,Over speed,Four lanes or more with central divider,Straight road,,Fine,AP16K   5499,A.M.B & P.V,Non injured ,2
25.11.2017,10:40 AM,1203.4,RHS,Rural,Reningavaram,Collision Brush/Side Wipe, Car went out of the road toward ROW ,Car,Minor injury,Over speed,Four lanes or more with central divider,Straight road,,Fine,AP16K   5499,A.M.B & P.V,Animals affected,0
26.11.2017,10:38 AM,1293.4,LHS,Rural,Ulavapadu,Overturning, Car Overturned toward ROW ,Car,Fatal,Over speed,Four lanes or more with central divider,Straight road,,Fine,AP37AS   0636,P.V,Fatal,1
26.11.2017,10:38 AM,1293.4,LHS,Rural,Ulavapadu,Overturning, Car Overturned toward ROW ,Car,Fatal,Over speed,Four lanes or more with central divider,Straight road,,Fine,AP37AS   0636,P.V,Grevious,0
26.11.2017,10:38 AM,1293.4,LHS,Rural,Ulavapadu,Overturning, Car Overturned toward ROW ,Car,Fatal,Over speed,Four lanes or more with central divider,Straight road,,Fine,AP37AS   0636,P.V,Minor,2
26.11.2017,10:38 AM,1293.4,LHS,Rural,Ulavapadu,Overturning, Car Overturned toward ROW ,Car,Fatal,Over speed,Four lanes or more with central divider,Straight road,,Fine,AP37AS   0636,P.V,Non injured ,1
26.11.2017,10:38 AM,1293.4,LHS,Rural,Ulavapadu,Overturning, Car Overturned toward ROW ,Car,Fatal,Over speed,Four lanes or more with central divider,Straight road,,Fine,AP37AS   0636,P.V,Animals affected,0
27.11.2017,3:20 AM,1296,LHS,Rural,Ulavapadu,Overturning, Bolero pickup Vehicle Overturned,Car,Non injury,Defect in mechanical condition of motor vehicle/road condition,Four lanes or more with central divider,Straight road,,Fine,AP37TE 4560,P.V,Fatal,0
27.11.2017,3:20 AM,1296,LHS,Rural,Ulavapadu,Overturning, Bolero pickup Vehicle Overturned,Car,Non injury,Defect in mechanical condition of motor vehicle/road condition,Four lanes or more with central divider,Straight road,,Fine,AP37TE 4560,P.V,Grevious,0
27.11.2017,3:20 AM,1296,LHS,Rural,Ulavapadu,Overturning, Bolero pickup Vehicle Overturned,Car,Non injury,Defect in mechanical condition of motor vehicle/road condition,Four lanes or more with central divider,Straight road,,Fine,AP37TE 4560,P.V,Minor,0
27.11.2017,3:20 AM,1296,LHS,Rural,Ulavapadu,Overturning, Bolero pickup Vehicle Overturned,Car,Non injury,Defect in mechanical condition of motor vehicle/road condition,Four lanes or more with central divider,Straight road,,Fine,AP37TE 4560,P.V,Non injured ,2
27.11.2017,3:20 AM,1296,LHS,Rural,Ulavapadu,Overturning, Bolero pickup Vehicle Overturned,Car,Non injury,Defect in mechanical condition of motor vehicle/road condition,Four lanes or more with central divider,Straight road,,Fine,AP37TE 4560,P.V,Animals affected,0
27.11.2017,6:19 PM,1211.4,RHS,Rural,Medarametla,Collision Brush/Side Wipe, Car hit Bike,Car,Grievious injury,Over speed,Four lanes or more with central divider,Straight road,Four arm junction,Fine,AP10AP 6675, A.M.B,Fatal,0
27.11.2017,6:19 PM,1211.4,RHS,Rural,Medarametla,Collision Brush/Side Wipe, Car hit Bike,Car,Grievious injury,Over speed,Four lanes or more with central divider,Straight road,Four arm junction,Fine,AP10AP 6675, A.M.B,Grevious,1
27.11.2017,6:19 PM,1211.4,RHS,Rural,Medarametla,Collision Brush/Side Wipe, Car hit Bike,Car,Grievious injury,Over speed,Four lanes or more with central divider,Straight road,Four arm junction,Fine,AP10AP 6675, A.M.B,Minor,0
27.11.2017,6:19 PM,1211.4,RHS,Rural,Medarametla,Collision Brush/Side Wipe, Car hit Bike,Car,Grievious injury,Over speed,Four lanes or more with central divider,Straight road,Four arm junction,Fine,AP10AP 6675, A.M.B,Non injured ,3
27.11.2017,6:19 PM,1211.4,RHS,Rural,Medarametla,Collision Brush/Side Wipe, Car hit Bike,Car,Grievious injury,Over speed,Four lanes or more with central divider,Straight road,Four arm junction,Fine,AP10AP 6675, A.M.B,Animals affected,0
27.11.2017,10:10 PM,1205,RHS,Rural,Reningavaram,Skidding, Bike Skidding,Bike,Minor injury,Over speed,Two lanes,Straight road,,Fine,AP27C     523, A.M.B,Fatal,0
27.11.2017,10:10 PM,1205,RHS,Rural,Reningavaram,Skidding, Bike Skidding,Bike,Minor injury,Over speed,Two lanes,Straight road,,Fine,AP27C     523, A.M.B,Grevious,0
27.11.2017,10:10 PM,1205,RHS,Rural,Reningavaram,Skidding, Bike Skidding,Bike,Minor injury,Over speed,Two lanes,Straight road,,Fine,AP27C     523, A.M.B,Minor,1
27.11.2017,10:10 PM,1205,RHS,Rural,Reningavaram,Skidding, Bike Skidding,Bike,Minor injury,Over speed,Two lanes,Straight road,,Fine,AP27C     523, A.M.B,Non injured ,0
27.11.2017,10:10 PM,1205,RHS,Rural,Reningavaram,Skidding, Bike Skidding,Bike,Minor injury,Over speed,Two lanes,Straight road,,Fine,AP27C     523, A.M.B,Animals affected,0
28.11.2017,7:00 AM,1275.3,LHS,Rural,Singarayakonda,Rear End Collision, Container vehicle hit Tanker,Container,Grievious injury,Over speed,Four lanes or more with central divider,Straight road,,Fine,NL01AA   6458,A.M.B & P.V,Fatal,0
28.11.2017,7:00 AM,1275.3,LHS,Rural,Singarayakonda,Rear End Collision, Container vehicle hit Tanker,Container,Grievious injury,Over speed,Four lanes or more with central divider,Straight road,,Fine,NL01AA   6458,A.M.B & P.V,Grevious,2
28.11.2017,7:00 AM,1275.3,LHS,Rural,Singarayakonda,Rear End Collision, Container vehicle hit Tanker,Container,Grievious injury,Over speed,Four lanes or more with central divider,Straight road,,Fine,NL01AA   6458,A.M.B & P.V,Minor,1
28.11.2017,7:00 AM,1275.3,LHS,Rural,Singarayakonda,Rear End Collision, Container vehicle hit Tanker,Container,Grievious injury,Over speed,Four lanes or more with central divider,Straight road,,Fine,NL01AA   6458,A.M.B & P.V,Non injured ,1
28.11.2017,7:00 AM,1275.3,LHS,Rural,Singarayakonda,Rear End Collision, Container vehicle hit Tanker,Container,Grievious injury,Over speed,Four lanes or more with central divider,Straight road,,Fine,NL01AA   6458,A.M.B & P.V,Animals affected,0
28.11.2017,11:10 AM,1285.9,LHS,Rural,Ulavapadu,Collision Brush/Side Wipe, Car hit Bike,Car,Non injury,Fault of driver of motor vehicle/driver of other vehicle/cyclist/pedestrian/passenger,Four lanes or more with central divider,Straight road,,Fine,AP27BH   0567,P.V,Fatal,0
28.11.2017,11:10 AM,1285.9,LHS,Rural,Ulavapadu,Collision Brush/Side Wipe, Car hit Bike,Car,Non injury,Fault of driver of motor vehicle/driver of other vehicle/cyclist/pedestrian/passenger,Four lanes or more with central divider,Straight road,,Fine,AP27BH   0567,P.V,Grevious,0
28.11.2017,11:10 AM,1285.9,LHS,Rural,Ulavapadu,Collision Brush/Side Wipe, Car hit Bike,Car,Non injury,Fault of driver of motor vehicle/driver of other vehicle/cyclist/pedestrian/passenger,Four lanes or more with central divider,Straight road,,Fine,AP27BH   0567,P.V,Minor,0
28.11.2017,11:10 AM,1285.9,LHS,Rural,Ulavapadu,Collision Brush/Side Wipe, Car hit Bike,Car,Non injury,Fault of driver of motor vehicle/driver of other vehicle/cyclist/pedestrian/passenger,Four lanes or more with central divider,Straight road,,Fine,AP27BH   0567,P.V,Non injured ,4
28.11.2017,11:10 AM,1285.9,LHS,Rural,Ulavapadu,Collision Brush/Side Wipe, Car hit Bike,Car,Non injury,Fault of driver of motor vehicle/driver of other vehicle/cyclist/pedestrian/passenger,Four lanes or more with central divider,Straight road,,Fine,AP27BH   0567,P.V,Animals affected,0
30.11.2017,12:15 AM,1257.4,LHS,Rural,Tangutur,Rear End Collision, Ashok leyland Dost Vehicle hit Unknown ,Lorry,Grievious injury,Over speed,Four lanes or more with central divider,Straight road,,Fine,AP27TY 4081,P.V,Fatal,0
30.11.2017,12:15 AM,1257.4,LHS,Rural,Tangutur,Rear End Collision, Ashok leyland Dost Vehicle hit Unknown ,Lorry,Grievious injury,Over speed,Four lanes or more with central divider,Straight road,,Fine,AP27TY 4081,P.V,Grevious,1
30.11.2017,12:15 AM,1257.4,LHS,Rural,Tangutur,Rear End Collision, Ashok leyland Dost Vehicle hit Unknown ,Lorry,Grievious injury,Over speed,Four lanes or more with central divider,Straight road,,Fine,AP27TY 4081,P.V,Minor,0
30.11.2017,12:15 AM,1257.4,LHS,Rural,Tangutur,Rear End Collision, Ashok leyland Dost Vehicle hit Unknown ,Lorry,Grievious injury,Over speed,Four lanes or more with central divider,Straight road,,Fine,AP27TY 4081,P.V,Non injured ,0
30.11.2017,12:15 AM,1257.4,LHS,Rural,Tangutur,Rear End Collision, Ashok leyland Dost Vehicle hit Unknown ,Lorry,Grievious injury,Over speed,Four lanes or more with central divider,Straight road,,Fine,AP27TY 4081,P.V,Animals affected,0
30.11.2017,12:25 AM,1257.4,LHS,Rural,Tangutur,Rear End Collision, Tanker hit Tractor,Tanker,Grievious injury,Fault of driver of motor vehicle/driver of other vehicle/cyclist/pedestrian/passenger,Four lanes or more with central divider,Straight road,,Fine,AP35T  7796,A.M.B & P.V,Fatal,0
30.11.2017,12:25 AM,1257.4,LHS,Rural,Tangutur,Rear End Collision, Tanker hit Tractor,Tanker,Grievious injury,Fault of driver of motor vehicle/driver of other vehicle/cyclist/pedestrian/passenger,Four lanes or more with central divider,Straight road,,Fine,AP35T  7796,A.M.B & P.V,Grevious,2
30.11.2017,12:25 AM,1257.4,LHS,Rural,Tangutur,Rear End Collision, Tanker hit Tractor,Tanker,Grievious injury,Fault of driver of motor vehicle/driver of other vehicle/cyclist/pedestrian/passenger,Four lanes or more with central divider,Straight road,,Fine,AP35T  7796,A.M.B & P.V,Minor,2
30.11.2017,12:25 AM,1257.4,LHS,Rural,Tangutur,Rear End Collision, Tanker hit Tractor,Tanker,Grievious injury,Fault of driver of motor vehicle/driver of other vehicle/cyclist/pedestrian/passenger,Four lanes or more with central divider,Straight road,,Fine,AP35T  7796,A.M.B & P.V,Non injured ,18
30.11.2017,12:25 AM,1257.4,LHS,Rural,Tangutur,Rear End Collision, Tanker hit Tractor,Tanker,Grievious injury,Fault of driver of motor vehicle/driver of other vehicle/cyclist/pedestrian/passenger,Four lanes or more with central divider,Straight road,,Fine,AP35T  7796,A.M.B & P.V,Animals affected,0
30.11.2017,4:30 PM,1324.1,RHS,Rural,Kavali,Collision Brush/Side Wipe, Car hit Lorry,Car,Grievious injury,Over speed,Four lanes or more with central divider,Sharp curve,,Fine,AP26AS  7986,A.M.B & P.V,Fatal,0
30.11.2017,4:30 PM,1324.1,RHS,Rural,Kavali,Collision Brush/Side Wipe, Car hit Lorry,Car,Grievious injury,Over speed,Four lanes or more with central divider,Sharp curve,,Fine,AP26AS  7986,A.M.B & P.V,Grevious,1
30.11.2017,4:30 PM,1324.1,RHS,Rural,Kavali,Collision Brush/Side Wipe, Car hit Lorry,Car,Grievious injury,Over speed,Four lanes or more with central divider,Sharp curve,,Fine,AP26AS  7986,A.M.B & P.V,Minor,3
30.11.2017,4:30 PM,1324.1,RHS,Rural,Kavali,Collision Brush/Side Wipe, Car hit Lorry,Car,Grievious injury,Over speed,Four lanes or more with central divider,Sharp curve,,Fine,AP26AS  7986,A.M.B & P.V,Non injured ,1
30.11.2017,4:30 PM,1324.1,RHS,Rural,Kavali,Collision Brush/Side Wipe, Car hit Lorry,Car,Grievious injury,Over speed,Four lanes or more with central divider,Sharp curve,,Fine,AP26AS  7986,A.M.B & P.V,Animals affected,0
02.12.2017,12:05 AM,1258.6,LHS,Rural,Tangutur,Collision Brush/Side Wipe, Unknown vehicle hit Car,Unknown,Non injury,Over speed,Four lanes or more with central divider,Straight road,,Fine,Unknown vehilce,P.V,Fatal,0
02.12.2017,12:05 AM,1258.6,LHS,Rural,Tangutur,Collision Brush/Side Wipe, Unknown vehicle hit Car,Unknown,Non injury,Over speed,Four lanes or more with central divider,Straight road,,Fine,Unknown vehilce,P.V,Grevious,0
02.12.2017,12:05 AM,1258.6,LHS,Rural,Tangutur,Collision Brush/Side Wipe, Unknown vehicle hit Car,Unknown,Non injury,Over speed,Four lanes or more with central divider,Straight road,,Fine,Unknown vehilce,P.V,Minor,0
02.12.2017,12:05 AM,1258.6,LHS,Rural,Tangutur,Collision Brush/Side Wipe, Unknown vehicle hit Car,Unknown,Non injury,Over speed,Four lanes or more with central divider,Straight road,,Fine,Unknown vehilce,P.V,Non injured ,2
02.12.2017,12:05 AM,1258.6,LHS,Rural,Tangutur,Collision Brush/Side Wipe, Unknown vehicle hit Car,Unknown,Non injury,Over speed,Four lanes or more with central divider,Straight road,,Fine,Unknown vehilce,P.V,Animals affected,0
02.12.2017,2:20 AM,1222.7,LHS,Rural,Medarametla,Collision Brush/Side Wipe, Car hit CC Barrier,Car,Non injury,Fault of driver of motor vehicle/driver of other vehicle/cyclist/pedestrian/passenger,Four lanes or more with central divider,Straight road,,Fine,AP16BL  0088,P.V,Fatal,0
02.12.2017,2:20 AM,1222.7,LHS,Rural,Medarametla,Collision Brush/Side Wipe, Car hit CC Barrier,Car,Non injury,Fault of driver of motor vehicle/driver of other vehicle/cyclist/pedestrian/passenger,Four lanes or more with central divider,Straight road,,Fine,AP16BL  0088,P.V,Grevious,0
02.12.2017,2:20 AM,1222.7,LHS,Rural,Medarametla,Collision Brush/Side Wipe, Car hit CC Barrier,Car,Non injury,Fault of driver of motor vehicle/driver of other vehicle/cyclist/pedestrian/passenger,Four lanes or more with central divider,Straight road,,Fine,AP16BL  0088,P.V,Minor,0
02.12.2017,2:20 AM,1222.7,LHS,Rural,Medarametla,Collision Brush/Side Wipe, Car hit CC Barrier,Car,Non injury,Fault of driver of motor vehicle/driver of other vehicle/cyclist/pedestrian/passenger,Four lanes or more with central divider,Straight road,,Fine,AP16BL  0088,P.V,Non injured ,4
02.12.2017,2:20 AM,1222.7,LHS,Rural,Medarametla,Collision Brush/Side Wipe, Car hit CC Barrier,Car,Non injury,Fault of driver of motor vehicle/driver of other vehicle/cyclist/pedestrian/passenger,Four lanes or more with central divider,Straight road,,Fine,AP16BL  0088,P.V,Animals affected,0
02.12.2017,5:35 AM,1222.7,LHS,Rural,Medarametla,Collision Brush/Side Wipe, Ape auto hit CC Barrier,Auto,Grievious injury,Fault of driver of motor vehicle/driver of other vehicle/cyclist/pedestrian/passenger,Four lanes or more with central divider,Straight road,,Fine,AP37TG  0021,A.M.B & P.V,Fatal,0
02.12.2017,5:35 AM,1222.7,LHS,Rural,Medarametla,Collision Brush/Side Wipe, Ape auto hit CC Barrier,Auto,Grievious injury,Fault of driver of motor vehicle/driver of other vehicle/cyclist/pedestrian/passenger,Four lanes or more with central divider,Straight road,,Fine,AP37TG  0021,A.M.B & P.V,Grevious,1
02.12.2017,5:35 AM,1222.7,LHS,Rural,Medarametla,Collision Brush/Side Wipe, Ape auto hit CC Barrier,Auto,Grievious injury,Fault of driver of motor vehicle/driver of other vehicle/cyclist/pedestrian/passenger,Four lanes or more with central divider,Straight road,,Fine,AP37TG  0021,A.M.B & P.V,Minor,1
02.12.2017,5:35 AM,1222.7,LHS,Rural,Medarametla,Collision Brush/Side Wipe, Ape auto hit CC Barrier,Auto,Grievious injury,Fault of driver of motor vehicle/driver of other vehicle/cyclist/pedestrian/passenger,Four lanes or more with central divider,Straight road,,Fine,AP37TG  0021,A.M.B & P.V,Non injured ,0
02.12.2017,5:35 AM,1222.7,LHS,Rural,Medarametla,Collision Brush/Side Wipe, Ape auto hit CC Barrier,Auto,Grievious injury,Fault of driver of motor vehicle/driver of other vehicle/cyclist/pedestrian/passenger,Four lanes or more with central divider,Straight road,,Fine,AP37TG  0021,A.M.B & P.V,Animals affected,0