Operational date,Time of Accident,KM && M,Position,Rural/Urban,Location,Nature of Accident Position,Nature of Accident,Vehicle Involved,Type of Accident,Causes,Road Feature,Road condition,Intersection Type And Control,Weather Condition,Vehicle Responsible,Help Provided by Ambulance/Patroling Vehicle,Classification of Accident,No of Affected Persons
02.12.2017,11:25 AM,1327,LHS,Rural,Kavali,Collision Brush/Side Wipe, Bike hit Sheeps,Bike,Minor injury,Vehicle out of control,Four lanes or more with central divider,Straight road,,Fine,AP09C   1355,A.M.B,Fatal,0
02.12.2017,11:25 AM,1327,LHS,Rural,Kavali,Collision Brush/Side Wipe, Bike hit Sheeps,Bike,Minor injury,Vehicle out of control,Four lanes or more with central divider,Straight road,,Fine,AP09C   1355,A.M.B,Grevious,0
02.12.2017,11:25 AM,1327,LHS,Rural,Kavali,Collision Brush/Side Wipe, Bike hit Sheeps,Bike,Minor injury,Vehicle out of control,Four lanes or more with central divider,Straight road,,Fine,AP09C   1355,A.M.B,Minor,1
02.12.2017,11:25 AM,1327,LHS,Rural,Kavali,Collision Brush/Side Wipe, Bike hit Sheeps,Bike,Minor injury,Vehicle out of control,Four lanes or more with central divider,Straight road,,Fine,AP09C   1355,A.M.B,Non injured ,0
02.12.2017,11:25 AM,1327,LHS,Rural,Kavali,Collision Brush/Side Wipe, Bike hit Sheeps,Bike,Minor injury,Vehicle out of control,Four lanes or more with central divider,Straight road,,Fine,AP09C   1355,A.M.B,Animals affected,0
02.12.2017,10:18 PM,1337.1,LHS,Rural,K.Tippa ,Collision Brush/Side Wipe, Bike hit Dog,Bike,Minor injury,Over speed,Two lanes,Straight road,,Fine,AP26BT  1605,A.M.B & P.V,Fatal,0
02.12.2017,10:18 PM,1337.1,LHS,Rural,K.Tippa ,Collision Brush/Side Wipe, Bike hit Dog,Bike,Minor injury,Over speed,Two lanes,Straight road,,Fine,AP26BT  1605,A.M.B & P.V,Grevious,0
02.12.2017,10:18 PM,1337.1,LHS,Rural,K.Tippa ,Collision Brush/Side Wipe, Bike hit Dog,Bike,Minor injury,Over speed,Two lanes,Straight road,,Fine,AP26BT  1605,A.M.B & P.V,Minor,1
02.12.2017,10:18 PM,1337.1,LHS,Rural,K.Tippa ,Collision Brush/Side Wipe, Bike hit Dog,Bike,Minor injury,Over speed,Two lanes,Straight road,,Fine,AP26BT  1605,A.M.B & P.V,Non injured ,2
02.12.2017,10:18 PM,1337.1,LHS,Rural,K.Tippa ,Collision Brush/Side Wipe, Bike hit Dog,Bike,Minor injury,Over speed,Two lanes,Straight road,,Fine,AP26BT  1605,A.M.B & P.V,Animals affected,0
03.12.2017,3:30 PM,1255.5,RHS,Rural,Tangutur,Rear End Collision, Car hit Container Vehicle,Car,Minor injury,Over speed,Four lanes or more with central divider,Straight road,,Fine,AP03BW  6722,P.V,Fatal,0
03.12.2017,3:30 PM,1255.5,RHS,Rural,Tangutur,Rear End Collision, Car hit Container Vehicle,Car,Minor injury,Over speed,Four lanes or more with central divider,Straight road,,Fine,AP03BW  6722,P.V,Grevious,0
03.12.2017,3:30 PM,1255.5,RHS,Rural,Tangutur,Rear End Collision, Car hit Container Vehicle,Car,Minor injury,Over speed,Four lanes or more with central divider,Straight road,,Fine,AP03BW  6722,P.V,Minor,2
03.12.2017,3:30 PM,1255.5,RHS,Rural,Tangutur,Rear End Collision, Car hit Container Vehicle,Car,Minor injury,Over speed,Four lanes or more with central divider,Straight road,,Fine,AP03BW  6722,P.V,Non injured ,1
03.12.2017,3:30 PM,1255.5,RHS,Rural,Tangutur,Rear End Collision, Car hit Container Vehicle,Car,Minor injury,Over speed,Four lanes or more with central divider,Straight road,,Fine,AP03BW  6722,P.V,Animals affected,0
04.12.2017,10:20 AM,1265.6,RHS,Rural,Tangutur,Collision Brush/Side Wipe, Lorry hit Gredar,Lorry,Grievious injury,Over speed,Four lanes or more with central divider,Straight road,,Fine,AP27X   4077,A.M.B & P.V,Fatal,0
04.12.2017,10:20 AM,1265.6,RHS,Rural,Tangutur,Collision Brush/Side Wipe, Lorry hit Gredar,Lorry,Grievious injury,Over speed,Four lanes or more with central divider,Straight road,,Fine,AP27X   4077,A.M.B & P.V,Grevious,1
04.12.2017,10:20 AM,1265.6,RHS,Rural,Tangutur,Collision Brush/Side Wipe, Lorry hit Gredar,Lorry,Grievious injury,Over speed,Four lanes or more with central divider,Straight road,,Fine,AP27X   4077,A.M.B & P.V,Minor,1
04.12.2017,10:20 AM,1265.6,RHS,Rural,Tangutur,Collision Brush/Side Wipe, Lorry hit Gredar,Lorry,Grievious injury,Over speed,Four lanes or more with central divider,Straight road,,Fine,AP27X   4077,A.M.B & P.V,Non injured ,0
04.12.2017,10:20 AM,1265.6,RHS,Rural,Tangutur,Collision Brush/Side Wipe, Lorry hit Gredar,Lorry,Grievious injury,Over speed,Four lanes or more with central divider,Straight road,,Fine,AP27X   4077,A.M.B & P.V,Animals affected,0
05.12.2017,1:00 AM,1229.3,RHS,Rural,Maddipadu,Rear End Collision, Container vehicle hit Lorry ,Container,Non injury,Fault of driver of motor vehicle/driver of other vehicle/cyclist/pedestrian/passenger,Four lanes or more with central divider,Straight road,,Fine,AP04TT  7792,P.V,Fatal,0
05.12.2017,1:00 AM,1229.3,RHS,Rural,Maddipadu,Rear End Collision, Container vehicle hit Lorry ,Container,Non injury,Fault of driver of motor vehicle/driver of other vehicle/cyclist/pedestrian/passenger,Four lanes or more with central divider,Straight road,,Fine,AP04TT  7792,P.V,Grevious,0
05.12.2017,1:00 AM,1229.3,RHS,Rural,Maddipadu,Rear End Collision, Container vehicle hit Lorry ,Container,Non injury,Fault of driver of motor vehicle/driver of other vehicle/cyclist/pedestrian/passenger,Four lanes or more with central divider,Straight road,,Fine,AP04TT  7792,P.V,Minor,0
05.12.2017,1:00 AM,1229.3,RHS,Rural,Maddipadu,Rear End Collision, Container vehicle hit Lorry ,Container,Non injury,Fault of driver of motor vehicle/driver of other vehicle/cyclist/pedestrian/passenger,Four lanes or more with central divider,Straight road,,Fine,AP04TT  7792,P.V,Non injured ,3
05.12.2017,1:00 AM,1229.3,RHS,Rural,Maddipadu,Rear End Collision, Container vehicle hit Lorry ,Container,Non injury,Fault of driver of motor vehicle/driver of other vehicle/cyclist/pedestrian/passenger,Four lanes or more with central divider,Straight road,,Fine,AP04TT  7792,P.V,Animals affected,0
05.12.2017,5:00 AM,1222.6,RHS,Rural,Medarametla,Collision Brush/Side Wipe, Lorry hit CC Barrier,Lorry,Non injury,Fault of driver of motor vehicle/driver of other vehicle/cyclist/pedestrian/passenger,Four lanes or more with central divider,Straight road,,Fine,AP26TB  1429,P.V,Fatal,0
05.12.2017,5:00 AM,1222.6,RHS,Rural,Medarametla,Collision Brush/Side Wipe, Lorry hit CC Barrier,Lorry,Non injury,Fault of driver of motor vehicle/driver of other vehicle/cyclist/pedestrian/passenger,Four lanes or more with central divider,Straight road,,Fine,AP26TB  1429,P.V,Grevious,0
05.12.2017,5:00 AM,1222.6,RHS,Rural,Medarametla,Collision Brush/Side Wipe, Lorry hit CC Barrier,Lorry,Non injury,Fault of driver of motor vehicle/driver of other vehicle/cyclist/pedestrian/passenger,Four lanes or more with central divider,Straight road,,Fine,AP26TB  1429,P.V,Minor,0
05.12.2017,5:00 AM,1222.6,RHS,Rural,Medarametla,Collision Brush/Side Wipe, Lorry hit CC Barrier,Lorry,Non injury,Fault of driver of motor vehicle/driver of other vehicle/cyclist/pedestrian/passenger,Four lanes or more with central divider,Straight road,,Fine,AP26TB  1429,P.V,Non injured ,2
05.12.2017,5:00 AM,1222.6,RHS,Rural,Medarametla,Collision Brush/Side Wipe, Lorry hit CC Barrier,Lorry,Non injury,Fault of driver of motor vehicle/driver of other vehicle/cyclist/pedestrian/passenger,Four lanes or more with central divider,Straight road,,Fine,AP26TB  1429,P.V,Animals affected,0
07.12.2017,6:35 AM,1328.3,LHS,Rural,Kavali,Overturning, Containeer vehicle hit CC barrier and O,Container,Non injury,Fault of driver of motor vehicle/driver of other vehicle/cyclist/pedestrian/passenger,Four lanes or more with central divider,Straight road,,Fine,AP31TH 6354,P.V,Fatal,0
07.12.2017,6:35 AM,1328.3,LHS,Rural,Kavali,Overturning, Containeer vehicle hit CC barrier and O,Container,Non injury,Fault of driver of motor vehicle/driver of other vehicle/cyclist/pedestrian/passenger,Four lanes or more with central divider,Straight road,,Fine,AP31TH 6354,P.V,Grevious,0
07.12.2017,6:35 AM,1328.3,LHS,Rural,Kavali,Overturning, Containeer vehicle hit CC barrier and O,Container,Non injury,Fault of driver of motor vehicle/driver of other vehicle/cyclist/pedestrian/passenger,Four lanes or more with central divider,Straight road,,Fine,AP31TH 6354,P.V,Minor,0
07.12.2017,6:35 AM,1328.3,LHS,Rural,Kavali,Overturning, Containeer vehicle hit CC barrier and O,Container,Non injury,Fault of driver of motor vehicle/driver of other vehicle/cyclist/pedestrian/passenger,Four lanes or more with central divider,Straight road,,Fine,AP31TH 6354,P.V,Non injured ,1
07.12.2017,6:35 AM,1328.3,LHS,Rural,Kavali,Overturning, Containeer vehicle hit CC barrier and O,Container,Non injury,Fault of driver of motor vehicle/driver of other vehicle/cyclist/pedestrian/passenger,Four lanes or more with central divider,Straight road,,Fine,AP31TH 6354,P.V,Animals affected,0
07.12.2017,6:30 AM,1363.7,RHS,Rural,Kovuru,Rear End Collision, Containeer Vehicle hit Eicher Vehicle a,Container,Minor injury,Fault of driver of motor vehicle/driver of other vehicle/cyclist/pedestrian/passenger,Four lanes or more with central divider,Straight road,,Fine,MH04HY 2047,P.V,Fatal,0
07.12.2017,6:30 AM,1363.7,RHS,Rural,Kovuru,Rear End Collision, Containeer Vehicle hit Eicher Vehicle a,Container,Minor injury,Fault of driver of motor vehicle/driver of other vehicle/cyclist/pedestrian/passenger,Four lanes or more with central divider,Straight road,,Fine,MH04HY 2047,P.V,Grevious,0
07.12.2017,6:30 AM,1363.7,RHS,Rural,Kovuru,Rear End Collision, Containeer Vehicle hit Eicher Vehicle a,Container,Minor injury,Fault of driver of motor vehicle/driver of other vehicle/cyclist/pedestrian/passenger,Four lanes or more with central divider,Straight road,,Fine,MH04HY 2047,P.V,Minor,1
07.12.2017,6:30 AM,1363.7,RHS,Rural,Kovuru,Rear End Collision, Containeer Vehicle hit Eicher Vehicle a,Container,Minor injury,Fault of driver of motor vehicle/driver of other vehicle/cyclist/pedestrian/passenger,Four lanes or more with central divider,Straight road,,Fine,MH04HY 2047,P.V,Non injured ,2
07.12.2017,6:30 AM,1363.7,RHS,Rural,Kovuru,Rear End Collision, Containeer Vehicle hit Eicher Vehicle a,Container,Minor injury,Fault of driver of motor vehicle/driver of other vehicle/cyclist/pedestrian/passenger,Four lanes or more with central divider,Straight road,,Fine,MH04HY 2047,P.V,Animals affected,0
07.12.2017,4:15 PM,1349.6,RHS,Rural,Kodavaluru,Overturning, Car hit median and Overturned,Car,Non injury,Over speed,Four lanes or more with central divider,Straight road,,Fine,AP26AJ 1868,P.V,Fatal,0
07.12.2017,4:15 PM,1349.6,RHS,Rural,Kodavaluru,Overturning, Car hit median and Overturned,Car,Non injury,Over speed,Four lanes or more with central divider,Straight road,,Fine,AP26AJ 1868,P.V,Grevious,0
07.12.2017,4:15 PM,1349.6,RHS,Rural,Kodavaluru,Overturning, Car hit median and Overturned,Car,Non injury,Over speed,Four lanes or more with central divider,Straight road,,Fine,AP26AJ 1868,P.V,Minor,0
07.12.2017,4:15 PM,1349.6,RHS,Rural,Kodavaluru,Overturning, Car hit median and Overturned,Car,Non injury,Over speed,Four lanes or more with central divider,Straight road,,Fine,AP26AJ 1868,P.V,Non injured ,3
07.12.2017,4:15 PM,1349.6,RHS,Rural,Kodavaluru,Overturning, Car hit median and Overturned,Car,Non injury,Over speed,Four lanes or more with central divider,Straight road,,Fine,AP26AJ 1868,P.V,Animals affected,0
07.12.2017,4:30 PM,1219.5,LHS,Rural,Medarametla,Collision Brush/Side Wipe, Car hit Bike,Car,Minor injury,Over speed,Four lanes or more with central divider,Slight curve,Four arm junction,Fine,AP07AS 2223,P.V,Fatal,0
07.12.2017,4:30 PM,1219.5,LHS,Rural,Medarametla,Collision Brush/Side Wipe, Car hit Bike,Car,Minor injury,Over speed,Four lanes or more with central divider,Slight curve,Four arm junction,Fine,AP07AS 2223,P.V,Grevious,0
07.12.2017,4:30 PM,1219.5,LHS,Rural,Medarametla,Collision Brush/Side Wipe, Car hit Bike,Car,Minor injury,Over speed,Four lanes or more with central divider,Slight curve,Four arm junction,Fine,AP07AS 2223,P.V,Minor,1
07.12.2017,4:30 PM,1219.5,LHS,Rural,Medarametla,Collision Brush/Side Wipe, Car hit Bike,Car,Minor injury,Over speed,Four lanes or more with central divider,Slight curve,Four arm junction,Fine,AP07AS 2223,P.V,Non injured ,1
07.12.2017,4:30 PM,1219.5,LHS,Rural,Medarametla,Collision Brush/Side Wipe, Car hit Bike,Car,Minor injury,Over speed,Four lanes or more with central divider,Slight curve,Four arm junction,Fine,AP07AS 2223,P.V,Animals affected,0
08.12.2017,8:15 PM,1210.8,RHS,Rural,Reningavaram,Collision Brush/Side Wipe, Unknown vehicle hit ECB,Unknown,Non injury,Over speed,Four lanes or more with central divider,Straight road,,Fine,Unknown vehicle,P.V,Fatal,0
08.12.2017,8:15 PM,1210.8,RHS,Rural,Reningavaram,Collision Brush/Side Wipe, Unknown vehicle hit ECB,Unknown,Non injury,Over speed,Four lanes or more with central divider,Straight road,,Fine,Unknown vehicle,P.V,Grevious,0
08.12.2017,8:15 PM,1210.8,RHS,Rural,Reningavaram,Collision Brush/Side Wipe, Unknown vehicle hit ECB,Unknown,Non injury,Over speed,Four lanes or more with central divider,Straight road,,Fine,Unknown vehicle,P.V,Minor,0
08.12.2017,8:15 PM,1210.8,RHS,Rural,Reningavaram,Collision Brush/Side Wipe, Unknown vehicle hit ECB,Unknown,Non injury,Over speed,Four lanes or more with central divider,Straight road,,Fine,Unknown vehicle,P.V,Non injured ,1
08.12.2017,8:15 PM,1210.8,RHS,Rural,Reningavaram,Collision Brush/Side Wipe, Unknown vehicle hit ECB,Unknown,Non injury,Over speed,Four lanes or more with central divider,Straight road,,Fine,Unknown vehicle,P.V,Animals affected,0
09.12.2017,5:25 AM,1220.3,LHS,Rural,Medarametla,Rear End Collision, Mini Truck hit Lorry,Lorry,Grievious injury,Fault of driver of motor vehicle/driver of other vehicle/cyclist/pedestrian/passenger,Four lanes or more with central divider,Straight road,,Fine,AP26TF 3048,P.V,Fatal,0
09.12.2017,5:25 AM,1220.3,LHS,Rural,Medarametla,Rear End Collision, Mini Truck hit Lorry,Lorry,Grievious injury,Fault of driver of motor vehicle/driver of other vehicle/cyclist/pedestrian/passenger,Four lanes or more with central divider,Straight road,,Fine,AP26TF 3048,P.V,Grevious,1
09.12.2017,5:25 AM,1220.3,LHS,Rural,Medarametla,Rear End Collision, Mini Truck hit Lorry,Lorry,Grievious injury,Fault of driver of motor vehicle/driver of other vehicle/cyclist/pedestrian/passenger,Four lanes or more with central divider,Straight road,,Fine,AP26TF 3048,P.V,Minor,0
09.12.2017,5:25 AM,1220.3,LHS,Rural,Medarametla,Rear End Collision, Mini Truck hit Lorry,Lorry,Grievious injury,Fault of driver of motor vehicle/driver of other vehicle/cyclist/pedestrian/passenger,Four lanes or more with central divider,Straight road,,Fine,AP26TF 3048,P.V,Non injured ,1
09.12.2017,5:25 AM,1220.3,LHS,Rural,Medarametla,Rear End Collision, Mini Truck hit Lorry,Lorry,Grievious injury,Fault of driver of motor vehicle/driver of other vehicle/cyclist/pedestrian/passenger,Four lanes or more with central divider,Straight road,,Fine,AP26TF 3048,P.V,Animals affected,0
09.12.2017,5:30 AM,1220.4,LHS,Rural,Medarametla,Rear End Collision, Lorry hit Mini Truck,Lorry,Minor injury,Fault of driver of motor vehicle/driver of other vehicle/cyclist/pedestrian/passenger,Four lanes or more with central divider,Straight road,,Fine,AP27Y   7119,A.M.B & P.V,Fatal,0
09.12.2017,5:30 AM,1220.4,LHS,Rural,Medarametla,Rear End Collision, Lorry hit Mini Truck,Lorry,Minor injury,Fault of driver of motor vehicle/driver of other vehicle/cyclist/pedestrian/passenger,Four lanes or more with central divider,Straight road,,Fine,AP27Y   7119,A.M.B & P.V,Grevious,0
09.12.2017,5:30 AM,1220.4,LHS,Rural,Medarametla,Rear End Collision, Lorry hit Mini Truck,Lorry,Minor injury,Fault of driver of motor vehicle/driver of other vehicle/cyclist/pedestrian/passenger,Four lanes or more with central divider,Straight road,,Fine,AP27Y   7119,A.M.B & P.V,Minor,1
09.12.2017,5:30 AM,1220.4,LHS,Rural,Medarametla,Rear End Collision, Lorry hit Mini Truck,Lorry,Minor injury,Fault of driver of motor vehicle/driver of other vehicle/cyclist/pedestrian/passenger,Four lanes or more with central divider,Straight road,,Fine,AP27Y   7119,A.M.B & P.V,Non injured ,1
09.12.2017,5:30 AM,1220.4,LHS,Rural,Medarametla,Rear End Collision, Lorry hit Mini Truck,Lorry,Minor injury,Fault of driver of motor vehicle/driver of other vehicle/cyclist/pedestrian/passenger,Four lanes or more with central divider,Straight road,,Fine,AP27Y   7119,A.M.B & P.V,Animals affected,0
10.12.2017,12:30 AM,1230.1,LHS,Rural,Maddipadu,Overturning, Tata Ace vehicle hit median and overtur,Tata Ace,Non injury,Fault of driver of motor vehicle/driver of other vehicle/cyclist/pedestrian/passenger,Four lanes or more with central divider,Straight road,,Fine,AP27TW    6036,P.V,Fatal,0
10.12.2017,12:30 AM,1230.1,LHS,Rural,Maddipadu,Overturning, Tata Ace vehicle hit median and overtur,Tata Ace,Non injury,Fault of driver of motor vehicle/driver of other vehicle/cyclist/pedestrian/passenger,Four lanes or more with central divider,Straight road,,Fine,AP27TW    6036,P.V,Grevious,0
10.12.2017,12:30 AM,1230.1,LHS,Rural,Maddipadu,Overturning, Tata Ace vehicle hit median and overtur,Tata Ace,Non injury,Fault of driver of motor vehicle/driver of other vehicle/cyclist/pedestrian/passenger,Four lanes or more with central divider,Straight road,,Fine,AP27TW    6036,P.V,Minor,0
10.12.2017,12:30 AM,1230.1,LHS,Rural,Maddipadu,Overturning, Tata Ace vehicle hit median and overtur,Tata Ace,Non injury,Fault of driver of motor vehicle/driver of other vehicle/cyclist/pedestrian/passenger,Four lanes or more with central divider,Straight road,,Fine,AP27TW    6036,P.V,Non injured ,1
10.12.2017,12:30 AM,1230.1,LHS,Rural,Maddipadu,Overturning, Tata Ace vehicle hit median and overtur,Tata Ace,Non injury,Fault of driver of motor vehicle/driver of other vehicle/cyclist/pedestrian/passenger,Four lanes or more with central divider,Straight road,,Fine,AP27TW    6036,P.V,Animals affected,0
10.12.2017,5:30 AM,1317.7,LHS,Rural,Kavali,Collision Brush/Side Wipe, Tanker hit metal beam crash barrier,Tanker,Non injury,Fault of driver of motor vehicle/driver of other vehicle/cyclist/pedestrian/passenger,Four lanes or more with central divider,Straight road,,Fine,AP26TE   6175,P.V,Fatal,0
10.12.2017,5:30 AM,1317.7,LHS,Rural,Kavali,Collision Brush/Side Wipe, Tanker hit metal beam crash barrier,Tanker,Non injury,Fault of driver of motor vehicle/driver of other vehicle/cyclist/pedestrian/passenger,Four lanes or more with central divider,Straight road,,Fine,AP26TE   6175,P.V,Grevious,0
10.12.2017,5:30 AM,1317.7,LHS,Rural,Kavali,Collision Brush/Side Wipe, Tanker hit metal beam crash barrier,Tanker,Non injury,Fault of driver of motor vehicle/driver of other vehicle/cyclist/pedestrian/passenger,Four lanes or more with central divider,Straight road,,Fine,AP26TE   6175,P.V,Minor,0
10.12.2017,5:30 AM,1317.7,LHS,Rural,Kavali,Collision Brush/Side Wipe, Tanker hit metal beam crash barrier,Tanker,Non injury,Fault of driver of motor vehicle/driver of other vehicle/cyclist/pedestrian/passenger,Four lanes or more with central divider,Straight road,,Fine,AP26TE   6175,P.V,Non injured ,2
10.12.2017,5:30 AM,1317.7,LHS,Rural,Kavali,Collision Brush/Side Wipe, Tanker hit metal beam crash barrier,Tanker,Non injury,Fault of driver of motor vehicle/driver of other vehicle/cyclist/pedestrian/passenger,Four lanes or more with central divider,Straight road,,Fine,AP26TE   6175,P.V,Animals affected,0
10.12.2017,12:55 PM,1307.5,LHS,Rural,Kavali,Collision Brush/Side Wipe, Bike hit Lorry,Bike,Minor injury,Druken,Four lanes or more with central divider,Straight road,,Fine,AP27M  3343,A.M.B ,Fatal,0
10.12.2017,12:55 PM,1307.5,LHS,Rural,Kavali,Collision Brush/Side Wipe, Bike hit Lorry,Bike,Minor injury,Druken,Four lanes or more with central divider,Straight road,,Fine,AP27M  3343,A.M.B ,Grevious,0
10.12.2017,12:55 PM,1307.5,LHS,Rural,Kavali,Collision Brush/Side Wipe, Bike hit Lorry,Bike,Minor injury,Druken,Four lanes or more with central divider,Straight road,,Fine,AP27M  3343,A.M.B ,Minor,1
10.12.2017,12:55 PM,1307.5,LHS,Rural,Kavali,Collision Brush/Side Wipe, Bike hit Lorry,Bike,Minor injury,Druken,Four lanes or more with central divider,Straight road,,Fine,AP27M  3343,A.M.B ,Non injured ,0
10.12.2017,12:55 PM,1307.5,LHS,Rural,Kavali,Collision Brush/Side Wipe, Bike hit Lorry,Bike,Minor injury,Druken,Four lanes or more with central divider,Straight road,,Fine,AP27M  3343,A.M.B ,Animals affected,0
10.12.2017,3:45 PM,1187.9,LHS,Rural,Martur,Collision Brush/Side Wipe, Bike hit Lorry,Bike,Grievious injury,Druken,Four lanes or more with central divider,Straight road,,Fine,AP07DE  0830,A.M.B & P.V,Fatal,0
10.12.2017,3:45 PM,1187.9,LHS,Rural,Martur,Collision Brush/Side Wipe, Bike hit Lorry,Bike,Grievious injury,Druken,Four lanes or more with central divider,Straight road,,Fine,AP07DE  0830,A.M.B & P.V,Grevious,1
10.12.2017,3:45 PM,1187.9,LHS,Rural,Martur,Collision Brush/Side Wipe, Bike hit Lorry,Bike,Grievious injury,Druken,Four lanes or more with central divider,Straight road,,Fine,AP07DE  0830,A.M.B & P.V,Minor,1
10.12.2017,3:45 PM,1187.9,LHS,Rural,Martur,Collision Brush/Side Wipe, Bike hit Lorry,Bike,Grievious injury,Druken,Four lanes or more with central divider,Straight road,,Fine,AP07DE  0830,A.M.B & P.V,Non injured ,1
10.12.2017,3:45 PM,1187.9,LHS,Rural,Martur,Collision Brush/Side Wipe, Bike hit Lorry,Bike,Grievious injury,Druken,Four lanes or more with central divider,Straight road,,Fine,AP07DE  0830,A.M.B & P.V,Animals affected,0
11.12.2017,12:45 AM,1269.3,RHS,Rural,Jarugumalli,Collision Brush/Side Wipe, Lorry hit Unknown vehicle,Lorry,Non injury,Fault of driver of motor vehicle/driver of other vehicle/cyclist/pedestrian/passenger,Four lanes or more with central divider,Straight road,,Fine,AP16CJ  2469,P.V,Fatal,0
11.12.2017,12:45 AM,1269.3,RHS,Rural,Jarugumalli,Collision Brush/Side Wipe, Lorry hit Unknown vehicle,Lorry,Non injury,Fault of driver of motor vehicle/driver of other vehicle/cyclist/pedestrian/passenger,Four lanes or more with central divider,Straight road,,Fine,AP16CJ  2469,P.V,Grevious,0
11.12.2017,12:45 AM,1269.3,RHS,Rural,Jarugumalli,Collision Brush/Side Wipe, Lorry hit Unknown vehicle,Lorry,Non injury,Fault of driver of motor vehicle/driver of other vehicle/cyclist/pedestrian/passenger,Four lanes or more with central divider,Straight road,,Fine,AP16CJ  2469,P.V,Minor,0
11.12.2017,12:45 AM,1269.3,RHS,Rural,Jarugumalli,Collision Brush/Side Wipe, Lorry hit Unknown vehicle,Lorry,Non injury,Fault of driver of motor vehicle/driver of other vehicle/cyclist/pedestrian/passenger,Four lanes or more with central divider,Straight road,,Fine,AP16CJ  2469,P.V,Non injured ,1
11.12.2017,12:45 AM,1269.3,RHS,Rural,Jarugumalli,Collision Brush/Side Wipe, Lorry hit Unknown vehicle,Lorry,Non injury,Fault of driver of motor vehicle/driver of other vehicle/cyclist/pedestrian/passenger,Four lanes or more with central divider,Straight road,,Fine,AP16CJ  2469,P.V,Animals affected,0
11.12.2017,4:10 AM,1348.5,RHS,Rural,Kodavaluru,Collision Brush/Side Wipe, Lorry went out of the road Toward ROW,Lorry,Non injury,Fault of driver of motor vehicle/driver of other vehicle/cyclist/pedestrian/passenger,Four lanes or more with central divider,Straight road,,Fine,TN54B  1904,P.V,Fatal,0
11.12.2017,4:10 AM,1348.5,RHS,Rural,Kodavaluru,Collision Brush/Side Wipe, Lorry went out of the road Toward ROW,Lorry,Non injury,Fault of driver of motor vehicle/driver of other vehicle/cyclist/pedestrian/passenger,Four lanes or more with central divider,Straight road,,Fine,TN54B  1904,P.V,Grevious,0
11.12.2017,4:10 AM,1348.5,RHS,Rural,Kodavaluru,Collision Brush/Side Wipe, Lorry went out of the road Toward ROW,Lorry,Non injury,Fault of driver of motor vehicle/driver of other vehicle/cyclist/pedestrian/passenger,Four lanes or more with central divider,Straight road,,Fine,TN54B  1904,P.V,Minor,0
11.12.2017,4:10 AM,1348.5,RHS,Rural,Kodavaluru,Collision Brush/Side Wipe, Lorry went out of the road Toward ROW,Lorry,Non injury,Fault of driver of motor vehicle/driver of other vehicle/cyclist/pedestrian/passenger,Four lanes or more with central divider,Straight road,,Fine,TN54B  1904,P.V,Non injured ,1
11.12.2017,4:10 AM,1348.5,RHS,Rural,Kodavaluru,Collision Brush/Side Wipe, Lorry went out of the road Toward ROW,Lorry,Non injury,Fault of driver of motor vehicle/driver of other vehicle/cyclist/pedestrian/passenger,Four lanes or more with central divider,Straight road,,Fine,TN54B  1904,P.V,Animals affected,0
11.12.2017,4:20 AM,1250.1,LHS,Rural,Ongole,Rear End Collision, Long container vehicle hit Long Traille,Lorry,Non injury,Over speed,Four lanes or more with central divider,Straight road,,Fine,PY03A  4790,P.V,Fatal,0
11.12.2017,4:20 AM,1250.1,LHS,Rural,Ongole,Rear End Collision, Long container vehicle hit Long Traille,Lorry,Non injury,Over speed,Four lanes or more with central divider,Straight road,,Fine,PY03A  4790,P.V,Grevious,0
11.12.2017,4:20 AM,1250.1,LHS,Rural,Ongole,Rear End Collision, Long container vehicle hit Long Traille,Lorry,Non injury,Over speed,Four lanes or more with central divider,Straight road,,Fine,PY03A  4790,P.V,Minor,0
11.12.2017,4:20 AM,1250.1,LHS,Rural,Ongole,Rear End Collision, Long container vehicle hit Long Traille,Lorry,Non injury,Over speed,Four lanes or more with central divider,Straight road,,Fine,PY03A  4790,P.V,Non injured ,2
11.12.2017,4:20 AM,1250.1,LHS,Rural,Ongole,Rear End Collision, Long container vehicle hit Long Traille,Lorry,Non injury,Over speed,Four lanes or more with central divider,Straight road,,Fine,PY03A  4790,P.V,Animals affected,0
11.12.2017,11:00 AM,1265,RHS,Rural,Tangutur,Collision Brush/Side Wipe, Lorry hit Car,Lorry,Minor injury,Over speed,Four lanes or more with central divider,Straight road,,Fine,HR38U  7914,A.M.B,Fatal,0
11.12.2017,11:00 AM,1265,RHS,Rural,Tangutur,Collision Brush/Side Wipe, Lorry hit Car,Lorry,Minor injury,Over speed,Four lanes or more with central divider,Straight road,,Fine,HR38U  7914,A.M.B,Grevious,0
11.12.2017,11:00 AM,1265,RHS,Rural,Tangutur,Collision Brush/Side Wipe, Lorry hit Car,Lorry,Minor injury,Over speed,Four lanes or more with central divider,Straight road,,Fine,HR38U  7914,A.M.B,Minor,1
11.12.2017,11:00 AM,1265,RHS,Rural,Tangutur,Collision Brush/Side Wipe, Lorry hit Car,Lorry,Minor injury,Over speed,Four lanes or more with central divider,Straight road,,Fine,HR38U  7914,A.M.B,Non injured ,2
11.12.2017,11:00 AM,1265,RHS,Rural,Tangutur,Collision Brush/Side Wipe, Lorry hit Car,Lorry,Minor injury,Over speed,Four lanes or more with central divider,Straight road,,Fine,HR38U  7914,A.M.B,Animals affected,0