Operational date,Time of Accident,KM && M,Position,Rural/Urban,Location,Nature of Accident Position,Nature of Accident,Vehicle Involved,Type of Accident,Causes,Road Feature,Road condition,Intersection Type And Control,Weather Condition,Vehicle Responsible,Help Provided by Ambulance/Patroling Vehicle,Classification of Accident,No of Affected Persons
11.12.2017,7:23 PM,1329.2,RHS,Rural,Kavali,Collision Brush/Side Wipe, Bike hit Median,Bike,Minor injury,Over speed,Four lanes or more with central divider,Straight road,,Fine,AP26AM  8440,A.M.B ,Fatal,0
11.12.2017,7:23 PM,1329.2,RHS,Rural,Kavali,Collision Brush/Side Wipe, Bike hit Median,Bike,Minor injury,Over speed,Four lanes or more with central divider,Straight road,,Fine,AP26AM  8440,A.M.B ,Grevious,0
11.12.2017,7:23 PM,1329.2,RHS,Rural,Kavali,Collision Brush/Side Wipe, Bike hit Median,Bike,Minor injury,Over speed,Four lanes or more with central divider,Straight road,,Fine,AP26AM  8440,A.M.B ,Minor,2
11.12.2017,7:23 PM,1329.2,RHS,Rural,Kavali,Collision Brush/Side Wipe, Bike hit Median,Bike,Minor injury,Over speed,Four lanes or more with central divider,Straight road,,Fine,AP26AM  8440,A.M.B ,Non injured ,0
11.12.2017,7:23 PM,1329.2,RHS,Rural,Kavali,Collision Brush/Side Wipe, Bike hit Median,Bike,Minor injury,Over speed,Four lanes or more with central divider,Straight road,,Fine,AP26AM  8440,A.M.B ,Animals affected,0
11.12.2017,10:38 PM,1237.7,RHS,Rural,Maddipadu,Rear End Collision, Bike hit Unknown vehicle,Bike,Fatal,Over speed,Four lanes or more with central divider,Straight road,,Fine,AP03VB  1143,P.V,Fatal,1
11.12.2017,10:38 PM,1237.7,RHS,Rural,Maddipadu,Rear End Collision, Bike hit Unknown vehicle,Bike,Fatal,Over speed,Four lanes or more with central divider,Straight road,,Fine,AP03VB  1143,P.V,Grevious,1
11.12.2017,10:38 PM,1237.7,RHS,Rural,Maddipadu,Rear End Collision, Bike hit Unknown vehicle,Bike,Fatal,Over speed,Four lanes or more with central divider,Straight road,,Fine,AP03VB  1143,P.V,Minor,0
11.12.2017,10:38 PM,1237.7,RHS,Rural,Maddipadu,Rear End Collision, Bike hit Unknown vehicle,Bike,Fatal,Over speed,Four lanes or more with central divider,Straight road,,Fine,AP03VB  1143,P.V,Non injured ,0
11.12.2017,10:38 PM,1237.7,RHS,Rural,Maddipadu,Rear End Collision, Bike hit Unknown vehicle,Bike,Fatal,Over speed,Four lanes or more with central divider,Straight road,,Fine,AP03VB  1143,P.V,Animals affected,0
12.12.2017,1:00 AM,1357.2,LHS,Rural,Kodavaluru,Collision Brush/Side Wipe, Lorry hit Travels bus,Lorry,Non injury,Fault of driver of motor vehicle/driver of other vehicle/cyclist/pedestrian/passenger,Four lanes or more with central divider,Straight road,,Mist/Fog,AP16TG  7557,P.V,Fatal,0
12.12.2017,1:00 AM,1357.2,LHS,Rural,Kodavaluru,Collision Brush/Side Wipe, Lorry hit Travels bus,Lorry,Non injury,Fault of driver of motor vehicle/driver of other vehicle/cyclist/pedestrian/passenger,Four lanes or more with central divider,Straight road,,Mist/Fog,AP16TG  7557,P.V,Grevious,0
12.12.2017,1:00 AM,1357.2,LHS,Rural,Kodavaluru,Collision Brush/Side Wipe, Lorry hit Travels bus,Lorry,Non injury,Fault of driver of motor vehicle/driver of other vehicle/cyclist/pedestrian/passenger,Four lanes or more with central divider,Straight road,,Mist/Fog,AP16TG  7557,P.V,Minor,0
12.12.2017,1:00 AM,1357.2,LHS,Rural,Kodavaluru,Collision Brush/Side Wipe, Lorry hit Travels bus,Lorry,Non injury,Fault of driver of motor vehicle/driver of other vehicle/cyclist/pedestrian/passenger,Four lanes or more with central divider,Straight road,,Mist/Fog,AP16TG  7557,P.V,Non injured ,4
12.12.2017,1:00 AM,1357.2,LHS,Rural,Kodavaluru,Collision Brush/Side Wipe, Lorry hit Travels bus,Lorry,Non injury,Fault of driver of motor vehicle/driver of other vehicle/cyclist/pedestrian/passenger,Four lanes or more with central divider,Straight road,,Mist/Fog,AP16TG  7557,P.V,Animals affected,0
12.12.2017,4:40 AM,1328.2,LHS,Rural,Kavali,Collision Brush/Side Wipe, Travels bus hit CC Barrier,Bus,Non injury,Fault of driver of motor vehicle/driver of other vehicle/cyclist/pedestrian/passenger,Four lanes or more with central divider,Straight road,,Mist/Fog,AP31TH  6069,P.V,Fatal,0
12.12.2017,4:40 AM,1328.2,LHS,Rural,Kavali,Collision Brush/Side Wipe, Travels bus hit CC Barrier,Bus,Non injury,Fault of driver of motor vehicle/driver of other vehicle/cyclist/pedestrian/passenger,Four lanes or more with central divider,Straight road,,Mist/Fog,AP31TH  6069,P.V,Grevious,0
12.12.2017,4:40 AM,1328.2,LHS,Rural,Kavali,Collision Brush/Side Wipe, Travels bus hit CC Barrier,Bus,Non injury,Fault of driver of motor vehicle/driver of other vehicle/cyclist/pedestrian/passenger,Four lanes or more with central divider,Straight road,,Mist/Fog,AP31TH  6069,P.V,Minor,0
12.12.2017,4:40 AM,1328.2,LHS,Rural,Kavali,Collision Brush/Side Wipe, Travels bus hit CC Barrier,Bus,Non injury,Fault of driver of motor vehicle/driver of other vehicle/cyclist/pedestrian/passenger,Four lanes or more with central divider,Straight road,,Mist/Fog,AP31TH  6069,P.V,Non injured ,30
12.12.2017,4:40 AM,1328.2,LHS,Rural,Kavali,Collision Brush/Side Wipe, Travels bus hit CC Barrier,Bus,Non injury,Fault of driver of motor vehicle/driver of other vehicle/cyclist/pedestrian/passenger,Four lanes or more with central divider,Straight road,,Mist/Fog,AP31TH  6069,P.V,Animals affected,0
12.12.2017,2:35 PM,1329.6,RHS,Rural,Kavali,Skidding, Bike Skidding ,Bike,Minor injury,Druken,Four lanes or more with central divider,Straight road,,Fine,AP26Q  2181,A.M.B & P.V,Fatal,0
12.12.2017,2:35 PM,1329.6,RHS,Rural,Kavali,Skidding, Bike Skidding ,Bike,Minor injury,Druken,Four lanes or more with central divider,Straight road,,Fine,AP26Q  2181,A.M.B & P.V,Grevious,0
12.12.2017,2:35 PM,1329.6,RHS,Rural,Kavali,Skidding, Bike Skidding ,Bike,Minor injury,Druken,Four lanes or more with central divider,Straight road,,Fine,AP26Q  2181,A.M.B & P.V,Minor,1
12.12.2017,2:35 PM,1329.6,RHS,Rural,Kavali,Skidding, Bike Skidding ,Bike,Minor injury,Druken,Four lanes or more with central divider,Straight road,,Fine,AP26Q  2181,A.M.B & P.V,Non injured ,0
12.12.2017,2:35 PM,1329.6,RHS,Rural,Kavali,Skidding, Bike Skidding ,Bike,Minor injury,Druken,Four lanes or more with central divider,Straight road,,Fine,AP26Q  2181,A.M.B & P.V,Animals affected,0
13.12.2017,7:00 AM,1332.2,RHS,Rural,K.Tippa ,Collision Brush/Side Wipe, Tractor hit Unknown vehicle,Tractor,Minor injury,Fault of driver of motor vehicle/driver of other vehicle/cyclist/pedestrian/passenger,Four lanes or more with central divider,Straight road,,Mist/Fog,AP26TV  8661,A.M.B & P.V,Fatal,0
13.12.2017,7:00 AM,1332.2,RHS,Rural,K.Tippa ,Collision Brush/Side Wipe, Tractor hit Unknown vehicle,Tractor,Minor injury,Fault of driver of motor vehicle/driver of other vehicle/cyclist/pedestrian/passenger,Four lanes or more with central divider,Straight road,,Mist/Fog,AP26TV  8661,A.M.B & P.V,Grevious,0
13.12.2017,7:00 AM,1332.2,RHS,Rural,K.Tippa ,Collision Brush/Side Wipe, Tractor hit Unknown vehicle,Tractor,Minor injury,Fault of driver of motor vehicle/driver of other vehicle/cyclist/pedestrian/passenger,Four lanes or more with central divider,Straight road,,Mist/Fog,AP26TV  8661,A.M.B & P.V,Minor,1
13.12.2017,7:00 AM,1332.2,RHS,Rural,K.Tippa ,Collision Brush/Side Wipe, Tractor hit Unknown vehicle,Tractor,Minor injury,Fault of driver of motor vehicle/driver of other vehicle/cyclist/pedestrian/passenger,Four lanes or more with central divider,Straight road,,Mist/Fog,AP26TV  8661,A.M.B & P.V,Non injured ,0
13.12.2017,7:00 AM,1332.2,RHS,Rural,K.Tippa ,Collision Brush/Side Wipe, Tractor hit Unknown vehicle,Tractor,Minor injury,Fault of driver of motor vehicle/driver of other vehicle/cyclist/pedestrian/passenger,Four lanes or more with central divider,Straight road,,Mist/Fog,AP26TV  8661,A.M.B & P.V,Animals affected,0
13.12.2017,7:12 PM,1200.7,RHS,Rural,Reningavaram,Skidding, Bike Skidding ,Bike,Minor injury,Fault of driver of motor vehicle/driver of other vehicle/cyclist/pedestrian/passenger,Four lanes or more with central divider,Straight road,,Fine,AP16AL  5287,A.M.B,Fatal,0
13.12.2017,7:12 PM,1200.7,RHS,Rural,Reningavaram,Skidding, Bike Skidding ,Bike,Minor injury,Fault of driver of motor vehicle/driver of other vehicle/cyclist/pedestrian/passenger,Four lanes or more with central divider,Straight road,,Fine,AP16AL  5287,A.M.B,Grevious,0
13.12.2017,7:12 PM,1200.7,RHS,Rural,Reningavaram,Skidding, Bike Skidding ,Bike,Minor injury,Fault of driver of motor vehicle/driver of other vehicle/cyclist/pedestrian/passenger,Four lanes or more with central divider,Straight road,,Fine,AP16AL  5287,A.M.B,Minor,1
13.12.2017,7:12 PM,1200.7,RHS,Rural,Reningavaram,Skidding, Bike Skidding ,Bike,Minor injury,Fault of driver of motor vehicle/driver of other vehicle/cyclist/pedestrian/passenger,Four lanes or more with central divider,Straight road,,Fine,AP16AL  5287,A.M.B,Non injured ,1
13.12.2017,7:12 PM,1200.7,RHS,Rural,Reningavaram,Skidding, Bike Skidding ,Bike,Minor injury,Fault of driver of motor vehicle/driver of other vehicle/cyclist/pedestrian/passenger,Four lanes or more with central divider,Straight road,,Fine,AP16AL  5287,A.M.B,Animals affected,0
15.12.2017,6:05 PM,1326,LHS,Urban,Kavali,Collision Brush/Side Wipe, Container vehicle hit ETC Line Safety P,Container,Non injury,Fault of driver of motor vehicle/driver of other vehicle/cyclist/pedestrian/passenger,Four lanes or more with central divider,Straight road,,Fine,AP26TE   8403, P.V,Fatal,0
15.12.2017,6:05 PM,1326,LHS,Urban,Kavali,Collision Brush/Side Wipe, Container vehicle hit ETC Line Safety P,Container,Non injury,Fault of driver of motor vehicle/driver of other vehicle/cyclist/pedestrian/passenger,Four lanes or more with central divider,Straight road,,Fine,AP26TE   8403, P.V,Grevious,0
15.12.2017,6:05 PM,1326,LHS,Urban,Kavali,Collision Brush/Side Wipe, Container vehicle hit ETC Line Safety P,Container,Non injury,Fault of driver of motor vehicle/driver of other vehicle/cyclist/pedestrian/passenger,Four lanes or more with central divider,Straight road,,Fine,AP26TE   8403, P.V,Minor,0
15.12.2017,6:05 PM,1326,LHS,Urban,Kavali,Collision Brush/Side Wipe, Container vehicle hit ETC Line Safety P,Container,Non injury,Fault of driver of motor vehicle/driver of other vehicle/cyclist/pedestrian/passenger,Four lanes or more with central divider,Straight road,,Fine,AP26TE   8403, P.V,Non injured ,1
15.12.2017,6:05 PM,1326,LHS,Urban,Kavali,Collision Brush/Side Wipe, Container vehicle hit ETC Line Safety P,Container,Non injury,Fault of driver of motor vehicle/driver of other vehicle/cyclist/pedestrian/passenger,Four lanes or more with central divider,Straight road,,Fine,AP26TE   8403, P.V,Animals affected,0
16.12.2017,2:25 PM,1200,LHS,Rural,Reningavaram,Collision Brush/Side Wipe, Car hit CC Barrier,Car,Minor injury,Fault of driver of motor vehicle/driver of other vehicle/cyclist/pedestrian/passenger,Four lanes or more with central divider,Straight road,,Fine,AP27AM  2223,A.M.B & P.V,Fatal,0
16.12.2017,2:25 PM,1200,LHS,Rural,Reningavaram,Collision Brush/Side Wipe, Car hit CC Barrier,Car,Minor injury,Fault of driver of motor vehicle/driver of other vehicle/cyclist/pedestrian/passenger,Four lanes or more with central divider,Straight road,,Fine,AP27AM  2223,A.M.B & P.V,Grevious,0
16.12.2017,2:25 PM,1200,LHS,Rural,Reningavaram,Collision Brush/Side Wipe, Car hit CC Barrier,Car,Minor injury,Fault of driver of motor vehicle/driver of other vehicle/cyclist/pedestrian/passenger,Four lanes or more with central divider,Straight road,,Fine,AP27AM  2223,A.M.B & P.V,Minor,2
16.12.2017,2:25 PM,1200,LHS,Rural,Reningavaram,Collision Brush/Side Wipe, Car hit CC Barrier,Car,Minor injury,Fault of driver of motor vehicle/driver of other vehicle/cyclist/pedestrian/passenger,Four lanes or more with central divider,Straight road,,Fine,AP27AM  2223,A.M.B & P.V,Non injured ,2
16.12.2017,2:25 PM,1200,LHS,Rural,Reningavaram,Collision Brush/Side Wipe, Car hit CC Barrier,Car,Minor injury,Fault of driver of motor vehicle/driver of other vehicle/cyclist/pedestrian/passenger,Four lanes or more with central divider,Straight road,,Fine,AP27AM  2223,A.M.B & P.V,Animals affected,0
16.12.2017,9:45 PM,1362.9,RHS,Rural,Kovuru,Collision Brush/Side Wipe, Bike hit Unknown vehicle,Bike,Minor injury,Druken,Four lanes or more with central divider,Straight road,,Fine,AP26AV  1029,P.V,Fatal,0
16.12.2017,9:45 PM,1362.9,RHS,Rural,Kovuru,Collision Brush/Side Wipe, Bike hit Unknown vehicle,Bike,Minor injury,Druken,Four lanes or more with central divider,Straight road,,Fine,AP26AV  1029,P.V,Grevious,0
16.12.2017,9:45 PM,1362.9,RHS,Rural,Kovuru,Collision Brush/Side Wipe, Bike hit Unknown vehicle,Bike,Minor injury,Druken,Four lanes or more with central divider,Straight road,,Fine,AP26AV  1029,P.V,Minor,1
16.12.2017,9:45 PM,1362.9,RHS,Rural,Kovuru,Collision Brush/Side Wipe, Bike hit Unknown vehicle,Bike,Minor injury,Druken,Four lanes or more with central divider,Straight road,,Fine,AP26AV  1029,P.V,Non injured ,0
16.12.2017,9:45 PM,1362.9,RHS,Rural,Kovuru,Collision Brush/Side Wipe, Bike hit Unknown vehicle,Bike,Minor injury,Druken,Four lanes or more with central divider,Straight road,,Fine,AP26AV  1029,P.V,Animals affected,0
17.12.2017,5:30 AM,1239.2,RHS,Rural,Maddipadu,Overturning, Lorry Overturned  towards ROW  ,Lorry,Non injury,Fault of driver of motor vehicle/driver of other vehicle/cyclist/pedestrian/passenger,Four lanes or more with central divider,Straight road,,Fine,TN52F  7372, P.V,Fatal,0
17.12.2017,5:30 AM,1239.2,RHS,Rural,Maddipadu,Overturning, Lorry Overturned  towards ROW  ,Lorry,Non injury,Fault of driver of motor vehicle/driver of other vehicle/cyclist/pedestrian/passenger,Four lanes or more with central divider,Straight road,,Fine,TN52F  7372, P.V,Grevious,0
17.12.2017,5:30 AM,1239.2,RHS,Rural,Maddipadu,Overturning, Lorry Overturned  towards ROW  ,Lorry,Non injury,Fault of driver of motor vehicle/driver of other vehicle/cyclist/pedestrian/passenger,Four lanes or more with central divider,Straight road,,Fine,TN52F  7372, P.V,Minor,0
17.12.2017,5:30 AM,1239.2,RHS,Rural,Maddipadu,Overturning, Lorry Overturned  towards ROW  ,Lorry,Non injury,Fault of driver of motor vehicle/driver of other vehicle/cyclist/pedestrian/passenger,Four lanes or more with central divider,Straight road,,Fine,TN52F  7372, P.V,Non injured ,2
17.12.2017,5:30 AM,1239.2,RHS,Rural,Maddipadu,Overturning, Lorry Overturned  towards ROW  ,Lorry,Non injury,Fault of driver of motor vehicle/driver of other vehicle/cyclist/pedestrian/passenger,Four lanes or more with central divider,Straight road,,Fine,TN52F  7372, P.V,Animals affected,0
18.12.2017,12:10 PM,1319.6,RHS,Rural,Kavali,Collision Brush/Side Wipe, Unknown vehicle hit Bike,Unknown,Minor injury,Over speed,Four lanes or more with central divider,Straight road,,Fine,Unknown vehicle,A.M.B,Fatal,0
18.12.2017,12:10 PM,1319.6,RHS,Rural,Kavali,Collision Brush/Side Wipe, Unknown vehicle hit Bike,Unknown,Minor injury,Over speed,Four lanes or more with central divider,Straight road,,Fine,Unknown vehicle,A.M.B,Grevious,0
18.12.2017,12:10 PM,1319.6,RHS,Rural,Kavali,Collision Brush/Side Wipe, Unknown vehicle hit Bike,Unknown,Minor injury,Over speed,Four lanes or more with central divider,Straight road,,Fine,Unknown vehicle,A.M.B,Minor,1
18.12.2017,12:10 PM,1319.6,RHS,Rural,Kavali,Collision Brush/Side Wipe, Unknown vehicle hit Bike,Unknown,Minor injury,Over speed,Four lanes or more with central divider,Straight road,,Fine,Unknown vehicle,A.M.B,Non injured ,1
18.12.2017,12:10 PM,1319.6,RHS,Rural,Kavali,Collision Brush/Side Wipe, Unknown vehicle hit Bike,Unknown,Minor injury,Over speed,Four lanes or more with central divider,Straight road,,Fine,Unknown vehicle,A.M.B,Animals affected,0
19.12.2017,8:25 PM,1239.1,RHS,Rural,Maddipadu,Collision Brush/Side Wipe, Lorry hit Lorry,Lorry,Minor injury,Fault of driver of motor vehicle/driver of other vehicle/cyclist/pedestrian/passenger,Four lanes or more with central divider,Straight road,,Fine,AP16TW  0959,A.M.B & P.V,Fatal,0
19.12.2017,8:25 PM,1239.1,RHS,Rural,Maddipadu,Collision Brush/Side Wipe, Lorry hit Lorry,Lorry,Minor injury,Fault of driver of motor vehicle/driver of other vehicle/cyclist/pedestrian/passenger,Four lanes or more with central divider,Straight road,,Fine,AP16TW  0959,A.M.B & P.V,Grevious,0
19.12.2017,8:25 PM,1239.1,RHS,Rural,Maddipadu,Collision Brush/Side Wipe, Lorry hit Lorry,Lorry,Minor injury,Fault of driver of motor vehicle/driver of other vehicle/cyclist/pedestrian/passenger,Four lanes or more with central divider,Straight road,,Fine,AP16TW  0959,A.M.B & P.V,Minor,1
19.12.2017,8:25 PM,1239.1,RHS,Rural,Maddipadu,Collision Brush/Side Wipe, Lorry hit Lorry,Lorry,Minor injury,Fault of driver of motor vehicle/driver of other vehicle/cyclist/pedestrian/passenger,Four lanes or more with central divider,Straight road,,Fine,AP16TW  0959,A.M.B & P.V,Non injured ,1
19.12.2017,8:25 PM,1239.1,RHS,Rural,Maddipadu,Collision Brush/Side Wipe, Lorry hit Lorry,Lorry,Minor injury,Fault of driver of motor vehicle/driver of other vehicle/cyclist/pedestrian/passenger,Four lanes or more with central divider,Straight road,,Fine,AP16TW  0959,A.M.B & P.V,Animals affected,0
20.12.2017,11:40 AM,1185.6,LHS,Rural,Martur,Collision Brush/Side Wipe, Car hit Bike,Car,Grievious injury,Fault of driver of motor vehicle/driver of other vehicle/cyclist/pedestrian/passenger,Four lanes or more with central divider,Straight road,,Fine,AP07DG 9779,A.M.B ,Fatal,0
20.12.2017,11:40 AM,1185.6,LHS,Rural,Martur,Collision Brush/Side Wipe, Car hit Bike,Car,Grievious injury,Fault of driver of motor vehicle/driver of other vehicle/cyclist/pedestrian/passenger,Four lanes or more with central divider,Straight road,,Fine,AP07DG 9779,A.M.B ,Grevious,1
20.12.2017,11:40 AM,1185.6,LHS,Rural,Martur,Collision Brush/Side Wipe, Car hit Bike,Car,Grievious injury,Fault of driver of motor vehicle/driver of other vehicle/cyclist/pedestrian/passenger,Four lanes or more with central divider,Straight road,,Fine,AP07DG 9779,A.M.B ,Minor,0
20.12.2017,11:40 AM,1185.6,LHS,Rural,Martur,Collision Brush/Side Wipe, Car hit Bike,Car,Grievious injury,Fault of driver of motor vehicle/driver of other vehicle/cyclist/pedestrian/passenger,Four lanes or more with central divider,Straight road,,Fine,AP07DG 9779,A.M.B ,Non injured ,2
20.12.2017,11:40 AM,1185.6,LHS,Rural,Martur,Collision Brush/Side Wipe, Car hit Bike,Car,Grievious injury,Fault of driver of motor vehicle/driver of other vehicle/cyclist/pedestrian/passenger,Four lanes or more with central divider,Straight road,,Fine,AP07DG 9779,A.M.B ,Animals affected,0
20.12.2017,5:45 PM,1199.4,LHS,Rural,Martur,Skidding, Bike Skidding,Bike,Minor injury,Over speed,Four lanes or more with central divider,Straight road,,Fine,AP27AC   6643,A.M.B ,Fatal,0
20.12.2017,5:45 PM,1199.4,LHS,Rural,Martur,Skidding, Bike Skidding,Bike,Minor injury,Over speed,Four lanes or more with central divider,Straight road,,Fine,AP27AC   6643,A.M.B ,Grevious,0
20.12.2017,5:45 PM,1199.4,LHS,Rural,Martur,Skidding, Bike Skidding,Bike,Minor injury,Over speed,Four lanes or more with central divider,Straight road,,Fine,AP27AC   6643,A.M.B ,Minor,1
20.12.2017,5:45 PM,1199.4,LHS,Rural,Martur,Skidding, Bike Skidding,Bike,Minor injury,Over speed,Four lanes or more with central divider,Straight road,,Fine,AP27AC   6643,A.M.B ,Non injured ,1
20.12.2017,5:45 PM,1199.4,LHS,Rural,Martur,Skidding, Bike Skidding,Bike,Minor injury,Over speed,Four lanes or more with central divider,Straight road,,Fine,AP27AC   6643,A.M.B ,Animals affected,0
21.12.2017,1:35 PM,1329.9,LHS,Rural,Kavali,Head on collision, Bike hit Bike,Bike,Minor injury,Fault of driver of motor vehicle/driver of other vehicle/cyclist/pedestrian/passenger,Four lanes or more with central divider,Straight road,,Fine,AP26BH 8011,A.M.B & P.V,Fatal,0
21.12.2017,1:35 PM,1329.9,LHS,Rural,Kavali,Head on collision, Bike hit Bike,Bike,Minor injury,Fault of driver of motor vehicle/driver of other vehicle/cyclist/pedestrian/passenger,Four lanes or more with central divider,Straight road,,Fine,AP26BH 8011,A.M.B & P.V,Grevious,0
21.12.2017,1:35 PM,1329.9,LHS,Rural,Kavali,Head on collision, Bike hit Bike,Bike,Minor injury,Fault of driver of motor vehicle/driver of other vehicle/cyclist/pedestrian/passenger,Four lanes or more with central divider,Straight road,,Fine,AP26BH 8011,A.M.B & P.V,Minor,2
21.12.2017,1:35 PM,1329.9,LHS,Rural,Kavali,Head on collision, Bike hit Bike,Bike,Minor injury,Fault of driver of motor vehicle/driver of other vehicle/cyclist/pedestrian/passenger,Four lanes or more with central divider,Straight road,,Fine,AP26BH 8011,A.M.B & P.V,Non injured ,1
21.12.2017,1:35 PM,1329.9,LHS,Rural,Kavali,Head on collision, Bike hit Bike,Bike,Minor injury,Fault of driver of motor vehicle/driver of other vehicle/cyclist/pedestrian/passenger,Four lanes or more with central divider,Straight road,,Fine,AP26BH 8011,A.M.B & P.V,Animals affected,0
21.12.2017,7:15 PM,1274,RHS,Rural,Singarayakonda,Collision Brush/Side Wipe, Unknown Vehicle hit Pedestrian,Unknown,Grievious injury,Over speed,Four lanes or more with central divider,Straight road,,Fine,Unknown Vehicle,A.M.B & P.V,Fatal,0
21.12.2017,7:15 PM,1274,RHS,Rural,Singarayakonda,Collision Brush/Side Wipe, Unknown Vehicle hit Pedestrian,Unknown,Grievious injury,Over speed,Four lanes or more with central divider,Straight road,,Fine,Unknown Vehicle,A.M.B & P.V,Grevious,1
21.12.2017,7:15 PM,1274,RHS,Rural,Singarayakonda,Collision Brush/Side Wipe, Unknown Vehicle hit Pedestrian,Unknown,Grievious injury,Over speed,Four lanes or more with central divider,Straight road,,Fine,Unknown Vehicle,A.M.B & P.V,Minor,0
21.12.2017,7:15 PM,1274,RHS,Rural,Singarayakonda,Collision Brush/Side Wipe, Unknown Vehicle hit Pedestrian,Unknown,Grievious injury,Over speed,Four lanes or more with central divider,Straight road,,Fine,Unknown Vehicle,A.M.B & P.V,Non injured ,0
21.12.2017,7:15 PM,1274,RHS,Rural,Singarayakonda,Collision Brush/Side Wipe, Unknown Vehicle hit Pedestrian,Unknown,Grievious injury,Over speed,Four lanes or more with central divider,Straight road,,Fine,Unknown Vehicle,A.M.B & P.V,Animals affected,0
21.12.2017,10:45 PM,1254.6,LHS,Rural,Ongole,Overturning, Car hit Median and Overturned,Car,Minor injury,Druken,Four lanes or more with central divider,Straight road,,Fine,AP26AF 9333,A.M.B & P.V,Fatal,0
21.12.2017,10:45 PM,1254.6,LHS,Rural,Ongole,Overturning, Car hit Median and Overturned,Car,Minor injury,Druken,Four lanes or more with central divider,Straight road,,Fine,AP26AF 9333,A.M.B & P.V,Grevious,0
21.12.2017,10:45 PM,1254.6,LHS,Rural,Ongole,Overturning, Car hit Median and Overturned,Car,Minor injury,Druken,Four lanes or more with central divider,Straight road,,Fine,AP26AF 9333,A.M.B & P.V,Minor,1
21.12.2017,10:45 PM,1254.6,LHS,Rural,Ongole,Overturning, Car hit Median and Overturned,Car,Minor injury,Druken,Four lanes or more with central divider,Straight road,,Fine,AP26AF 9333,A.M.B & P.V,Non injured ,1
21.12.2017,10:45 PM,1254.6,LHS,Rural,Ongole,Overturning, Car hit Median and Overturned,Car,Minor injury,Druken,Four lanes or more with central divider,Straight road,,Fine,AP26AF 9333,A.M.B & P.V,Animals affected,0
22.12.2017,3:00 PM,1353.6,RHS,Rural,Kodavaluru,Rear End Collision, Lorry hit Eicher Vehicle,Lorry,Minor injury,Druken,Four lanes or more with central divider,Straight road,,Fine,TN30U   5853, P.V,Fatal,0
22.12.2017,3:00 PM,1353.6,RHS,Rural,Kodavaluru,Rear End Collision, Lorry hit Eicher Vehicle,Lorry,Minor injury,Druken,Four lanes or more with central divider,Straight road,,Fine,TN30U   5853, P.V,Grevious,0
22.12.2017,3:00 PM,1353.6,RHS,Rural,Kodavaluru,Rear End Collision, Lorry hit Eicher Vehicle,Lorry,Minor injury,Druken,Four lanes or more with central divider,Straight road,,Fine,TN30U   5853, P.V,Minor,1
22.12.2017,3:00 PM,1353.6,RHS,Rural,Kodavaluru,Rear End Collision, Lorry hit Eicher Vehicle,Lorry,Minor injury,Druken,Four lanes or more with central divider,Straight road,,Fine,TN30U   5853, P.V,Non injured ,3
22.12.2017,3:00 PM,1353.6,RHS,Rural,Kodavaluru,Rear End Collision, Lorry hit Eicher Vehicle,Lorry,Minor injury,Druken,Four lanes or more with central divider,Straight road,,Fine,TN30U   5853, P.V,Animals affected,0
22.12.2017,8:00 PM,1210.5,LHS,Rural,Reningavaram,Head on collision, Unknown Vehicle hit Ape Auto,Unknown,Fatal,Over speed,Four lanes or more with central divider,Straight road,,Fine,AP27TT 4504, P.V,Fatal,1
22.12.2017,8:00 PM,1210.5,LHS,Rural,Reningavaram,Head on collision, Unknown Vehicle hit Ape Auto,Unknown,Fatal,Over speed,Four lanes or more with central divider,Straight road,,Fine,AP27TT 4504, P.V,Grevious,1
22.12.2017,8:00 PM,1210.5,LHS,Rural,Reningavaram,Head on collision, Unknown Vehicle hit Ape Auto,Unknown,Fatal,Over speed,Four lanes or more with central divider,Straight road,,Fine,AP27TT 4504, P.V,Minor,0
22.12.2017,8:00 PM,1210.5,LHS,Rural,Reningavaram,Head on collision, Unknown Vehicle hit Ape Auto,Unknown,Fatal,Over speed,Four lanes or more with central divider,Straight road,,Fine,AP27TT 4504, P.V,Non injured ,0
22.12.2017,8:00 PM,1210.5,LHS,Rural,Reningavaram,Head on collision, Unknown Vehicle hit Ape Auto,Unknown,Fatal,Over speed,Four lanes or more with central divider,Straight road,,Fine,AP27TT 4504, P.V,Animals affected,0
22.12.2017,8:13 PM,1223,RHS,Rural,Medarametla,Collision Brush/Side Wipe, RTC Bus hit Pedestrian,Bus,Fatal,Fault of driver of motor vehicle/driver of other vehicle/cyclist/pedestrian/passenger,Four lanes or more with central divider,Straight road,Four arm junction,Fine,AP27TY  2277,A.M.B & P.V,Fatal,1
22.12.2017,8:13 PM,1223,RHS,Rural,Medarametla,Collision Brush/Side Wipe, RTC Bus hit Pedestrian,Bus,Fatal,Fault of driver of motor vehicle/driver of other vehicle/cyclist/pedestrian/passenger,Four lanes or more with central divider,Straight road,Four arm junction,Fine,AP27TY  2277,A.M.B & P.V,Grevious,0
22.12.2017,8:13 PM,1223,RHS,Rural,Medarametla,Collision Brush/Side Wipe, RTC Bus hit Pedestrian,Bus,Fatal,Fault of driver of motor vehicle/driver of other vehicle/cyclist/pedestrian/passenger,Four lanes or more with central divider,Straight road,Four arm junction,Fine,AP27TY  2277,A.M.B & P.V,Minor,0
22.12.2017,8:13 PM,1223,RHS,Rural,Medarametla,Collision Brush/Side Wipe, RTC Bus hit Pedestrian,Bus,Fatal,Fault of driver of motor vehicle/driver of other vehicle/cyclist/pedestrian/passenger,Four lanes or more with central divider,Straight road,Four arm junction,Fine,AP27TY  2277,A.M.B & P.V,Non injured ,40