Operational date,Time of Accident,KM && M,Position,Rural/Urban,Location,Nature of Accident Position,Nature of Accident,Vehicle Involved,Type of Accident,Causes,Road Feature,Road condition,Intersection Type And Control,Weather Condition,Vehicle Responsible,Help Provided by Ambulance/Patroling Vehicle,Classification of Accident,No of Affected Persons
22.12.2017,8:13 PM,1223,RHS,Rural,Medarametla,Collision Brush/Side Wipe, RTC Bus hit Pedestrian,Bus,Fatal,Fault of driver of motor vehicle/driver of other vehicle/cyclist/pedestrian/passenger,Four lanes or more with central divider,Straight road,Four arm junction,Fine,AP27TY  2277,A.M.B & P.V,Animals affected,0
23.12.2017,2:50 PM,1255.3,LHS,Rural,Tangutur,Collision Brush/Side Wipe, Car hit Pedestrian,Car,Minor injury,Over speed,Four lanes or more with central divider,Straight road,,Fine,AP29BC  4444,A.M.B & P.V,Fatal,0
23.12.2017,2:50 PM,1255.3,LHS,Rural,Tangutur,Collision Brush/Side Wipe, Car hit Pedestrian,Car,Minor injury,Over speed,Four lanes or more with central divider,Straight road,,Fine,AP29BC  4444,A.M.B & P.V,Grevious,0
23.12.2017,2:50 PM,1255.3,LHS,Rural,Tangutur,Collision Brush/Side Wipe, Car hit Pedestrian,Car,Minor injury,Over speed,Four lanes or more with central divider,Straight road,,Fine,AP29BC  4444,A.M.B & P.V,Minor,1
23.12.2017,2:50 PM,1255.3,LHS,Rural,Tangutur,Collision Brush/Side Wipe, Car hit Pedestrian,Car,Minor injury,Over speed,Four lanes or more with central divider,Straight road,,Fine,AP29BC  4444,A.M.B & P.V,Non injured ,4
23.12.2017,2:50 PM,1255.3,LHS,Rural,Tangutur,Collision Brush/Side Wipe, Car hit Pedestrian,Car,Minor injury,Over speed,Four lanes or more with central divider,Straight road,,Fine,AP29BC  4444,A.M.B & P.V,Animals affected,0
24.12.2017,2:30 AM,1364.4,LHS,Rural,Kovuru,Overturning, Car hit culvert wall and overturned ROW,Car,Grievious injury,Fault of driver of motor vehicle/driver of other vehicle/cyclist/pedestrian/passenger,Four lanes or more with central divider,Straight road,,Mist/Fog,AP16CW  3341, P.V,Fatal,0
24.12.2017,2:30 AM,1364.4,LHS,Rural,Kovuru,Overturning, Car hit culvert wall and overturned ROW,Car,Grievious injury,Fault of driver of motor vehicle/driver of other vehicle/cyclist/pedestrian/passenger,Four lanes or more with central divider,Straight road,,Mist/Fog,AP16CW  3341, P.V,Grevious,1
24.12.2017,2:30 AM,1364.4,LHS,Rural,Kovuru,Overturning, Car hit culvert wall and overturned ROW,Car,Grievious injury,Fault of driver of motor vehicle/driver of other vehicle/cyclist/pedestrian/passenger,Four lanes or more with central divider,Straight road,,Mist/Fog,AP16CW  3341, P.V,Minor,2
24.12.2017,2:30 AM,1364.4,LHS,Rural,Kovuru,Overturning, Car hit culvert wall and overturned ROW,Car,Grievious injury,Fault of driver of motor vehicle/driver of other vehicle/cyclist/pedestrian/passenger,Four lanes or more with central divider,Straight road,,Mist/Fog,AP16CW  3341, P.V,Non injured ,0
24.12.2017,2:30 AM,1364.4,LHS,Rural,Kovuru,Overturning, Car hit culvert wall and overturned ROW,Car,Grievious injury,Fault of driver of motor vehicle/driver of other vehicle/cyclist/pedestrian/passenger,Four lanes or more with central divider,Straight road,,Mist/Fog,AP16CW  3341, P.V,Animals affected,0
24.12.2017,4:00 AM,1220.6,RHS,Rural,Medarametla,Overturning, Lorry  overturned towards ROW,Lorry,Minor injury,Fault of driver of motor vehicle/driver of other vehicle/cyclist/pedestrian/passenger,Four lanes or more with central divider,Straight road,,Mist/Fog,AP16TH  3677,A.M.B & P.V,Fatal,0
24.12.2017,4:00 AM,1220.6,RHS,Rural,Medarametla,Overturning, Lorry  overturned towards ROW,Lorry,Minor injury,Fault of driver of motor vehicle/driver of other vehicle/cyclist/pedestrian/passenger,Four lanes or more with central divider,Straight road,,Mist/Fog,AP16TH  3677,A.M.B & P.V,Grevious,0
24.12.2017,4:00 AM,1220.6,RHS,Rural,Medarametla,Overturning, Lorry  overturned towards ROW,Lorry,Minor injury,Fault of driver of motor vehicle/driver of other vehicle/cyclist/pedestrian/passenger,Four lanes or more with central divider,Straight road,,Mist/Fog,AP16TH  3677,A.M.B & P.V,Minor,1
24.12.2017,4:00 AM,1220.6,RHS,Rural,Medarametla,Overturning, Lorry  overturned towards ROW,Lorry,Minor injury,Fault of driver of motor vehicle/driver of other vehicle/cyclist/pedestrian/passenger,Four lanes or more with central divider,Straight road,,Mist/Fog,AP16TH  3677,A.M.B & P.V,Non injured ,1
24.12.2017,4:00 AM,1220.6,RHS,Rural,Medarametla,Overturning, Lorry  overturned towards ROW,Lorry,Minor injury,Fault of driver of motor vehicle/driver of other vehicle/cyclist/pedestrian/passenger,Four lanes or more with central divider,Straight road,,Mist/Fog,AP16TH  3677,A.M.B & P.V,Animals affected,0
24.12.2017,7:05 AM,1243.2,LHS,Rural,Ongole,Rear End Collision, Lorry hit Unknown Vehicle,Lorry,Minor injury,Fault of driver of motor vehicle/driver of other vehicle/cyclist/pedestrian/passenger,Four lanes or more with central divider,Straight road,,Mist/Fog,AP07TT 5598, P.V,Fatal,0
24.12.2017,7:05 AM,1243.2,LHS,Rural,Ongole,Rear End Collision, Lorry hit Unknown Vehicle,Lorry,Minor injury,Fault of driver of motor vehicle/driver of other vehicle/cyclist/pedestrian/passenger,Four lanes or more with central divider,Straight road,,Mist/Fog,AP07TT 5598, P.V,Grevious,0
24.12.2017,7:05 AM,1243.2,LHS,Rural,Ongole,Rear End Collision, Lorry hit Unknown Vehicle,Lorry,Minor injury,Fault of driver of motor vehicle/driver of other vehicle/cyclist/pedestrian/passenger,Four lanes or more with central divider,Straight road,,Mist/Fog,AP07TT 5598, P.V,Minor,2
24.12.2017,7:05 AM,1243.2,LHS,Rural,Ongole,Rear End Collision, Lorry hit Unknown Vehicle,Lorry,Minor injury,Fault of driver of motor vehicle/driver of other vehicle/cyclist/pedestrian/passenger,Four lanes or more with central divider,Straight road,,Mist/Fog,AP07TT 5598, P.V,Non injured ,0
24.12.2017,7:05 AM,1243.2,LHS,Rural,Ongole,Rear End Collision, Lorry hit Unknown Vehicle,Lorry,Minor injury,Fault of driver of motor vehicle/driver of other vehicle/cyclist/pedestrian/passenger,Four lanes or more with central divider,Straight road,,Mist/Fog,AP07TT 5598, P.V,Animals affected,0
24.12.2017,8:10 AM,1190.3,RHS,Rural,Martur,Collision Brush/Side Wipe, Mini Truck  hit Unknown vehicle,Lorry,Non injury,Fault of driver of motor vehicle/driver of other vehicle/cyclist/pedestrian/passenger,Four lanes or more with central divider,Straight road,,Fine,AP09TB  3071, P.V,Fatal,0
24.12.2017,8:10 AM,1190.3,RHS,Rural,Martur,Collision Brush/Side Wipe, Mini Truck  hit Unknown vehicle,Lorry,Non injury,Fault of driver of motor vehicle/driver of other vehicle/cyclist/pedestrian/passenger,Four lanes or more with central divider,Straight road,,Fine,AP09TB  3071, P.V,Grevious,0
24.12.2017,8:10 AM,1190.3,RHS,Rural,Martur,Collision Brush/Side Wipe, Mini Truck  hit Unknown vehicle,Lorry,Non injury,Fault of driver of motor vehicle/driver of other vehicle/cyclist/pedestrian/passenger,Four lanes or more with central divider,Straight road,,Fine,AP09TB  3071, P.V,Minor,0
24.12.2017,8:10 AM,1190.3,RHS,Rural,Martur,Collision Brush/Side Wipe, Mini Truck  hit Unknown vehicle,Lorry,Non injury,Fault of driver of motor vehicle/driver of other vehicle/cyclist/pedestrian/passenger,Four lanes or more with central divider,Straight road,,Fine,AP09TB  3071, P.V,Non injured ,2
24.12.2017,8:10 AM,1190.3,RHS,Rural,Martur,Collision Brush/Side Wipe, Mini Truck  hit Unknown vehicle,Lorry,Non injury,Fault of driver of motor vehicle/driver of other vehicle/cyclist/pedestrian/passenger,Four lanes or more with central divider,Straight road,,Fine,AP09TB  3071, P.V,Animals affected,0
24.12.2017,2:30 PM,1329,RHS,Rural,Kavali,Skidding, Bike Skidding,Bike,Minor injury,Over speed,Four lanes or more with central divider,Straight road,,Fine,AP26BN   8492,A.M.B,Fatal,0
24.12.2017,2:30 PM,1329,RHS,Rural,Kavali,Skidding, Bike Skidding,Bike,Minor injury,Over speed,Four lanes or more with central divider,Straight road,,Fine,AP26BN   8492,A.M.B,Grevious,0
24.12.2017,2:30 PM,1329,RHS,Rural,Kavali,Skidding, Bike Skidding,Bike,Minor injury,Over speed,Four lanes or more with central divider,Straight road,,Fine,AP26BN   8492,A.M.B,Minor,1
24.12.2017,2:30 PM,1329,RHS,Rural,Kavali,Skidding, Bike Skidding,Bike,Minor injury,Over speed,Four lanes or more with central divider,Straight road,,Fine,AP26BN   8492,A.M.B,Non injured ,1
24.12.2017,2:30 PM,1329,RHS,Rural,Kavali,Skidding, Bike Skidding,Bike,Minor injury,Over speed,Four lanes or more with central divider,Straight road,,Fine,AP26BN   8492,A.M.B,Animals affected,0
24.12.2017,6:19 PM,1190,LHS,Rural,Martur,Collision Brush/Side Wipe, Bike hit Median,Bike,Grievious injury,Over speed,Four lanes or more with central divider,Straight road,,Fine,AP27BP  0641,A.M.B,Fatal,0
24.12.2017,6:19 PM,1190,LHS,Rural,Martur,Collision Brush/Side Wipe, Bike hit Median,Bike,Grievious injury,Over speed,Four lanes or more with central divider,Straight road,,Fine,AP27BP  0641,A.M.B,Grevious,1
24.12.2017,6:19 PM,1190,LHS,Rural,Martur,Collision Brush/Side Wipe, Bike hit Median,Bike,Grievious injury,Over speed,Four lanes or more with central divider,Straight road,,Fine,AP27BP  0641,A.M.B,Minor,0
24.12.2017,6:19 PM,1190,LHS,Rural,Martur,Collision Brush/Side Wipe, Bike hit Median,Bike,Grievious injury,Over speed,Four lanes or more with central divider,Straight road,,Fine,AP27BP  0641,A.M.B,Non injured ,0
24.12.2017,6:19 PM,1190,LHS,Rural,Martur,Collision Brush/Side Wipe, Bike hit Median,Bike,Grievious injury,Over speed,Four lanes or more with central divider,Straight road,,Fine,AP27BP  0641,A.M.B,Animals affected,0
24.12.2017,6:35 PM,1324.5,LHS,Rural,Kavali,Collision Brush/Side Wipe, Car hit Bike,Car,Minor injury,Fault of driver of motor vehicle/driver of other vehicle/cyclist/pedestrian/passenger,Four lanes or more with central divider,Straight road,,Fine,AP26BN  4930, P.V,Fatal,0
24.12.2017,6:35 PM,1324.5,LHS,Rural,Kavali,Collision Brush/Side Wipe, Car hit Bike,Car,Minor injury,Fault of driver of motor vehicle/driver of other vehicle/cyclist/pedestrian/passenger,Four lanes or more with central divider,Straight road,,Fine,AP26BN  4930, P.V,Grevious,0
24.12.2017,6:35 PM,1324.5,LHS,Rural,Kavali,Collision Brush/Side Wipe, Car hit Bike,Car,Minor injury,Fault of driver of motor vehicle/driver of other vehicle/cyclist/pedestrian/passenger,Four lanes or more with central divider,Straight road,,Fine,AP26BN  4930, P.V,Minor,3
24.12.2017,6:35 PM,1324.5,LHS,Rural,Kavali,Collision Brush/Side Wipe, Car hit Bike,Car,Minor injury,Fault of driver of motor vehicle/driver of other vehicle/cyclist/pedestrian/passenger,Four lanes or more with central divider,Straight road,,Fine,AP26BN  4930, P.V,Non injured ,4
24.12.2017,6:35 PM,1324.5,LHS,Rural,Kavali,Collision Brush/Side Wipe, Car hit Bike,Car,Minor injury,Fault of driver of motor vehicle/driver of other vehicle/cyclist/pedestrian/passenger,Four lanes or more with central divider,Straight road,,Fine,AP26BN  4930, P.V,Animals affected,0
26.12.2017,2:00 AM,1247.2,LHS,Rural,Ongole,Collision Brush/Side Wipe, Lorry hit mini Lorry,Lorry,Minor injury,Fault of driver of motor vehicle/driver of other vehicle/cyclist/pedestrian/passenger,Four lanes or more with central divider,Straight road,,Fine,NL01N   0708,P.V,Fatal,0
26.12.2017,2:00 AM,1247.2,LHS,Rural,Ongole,Collision Brush/Side Wipe, Lorry hit mini Lorry,Lorry,Minor injury,Fault of driver of motor vehicle/driver of other vehicle/cyclist/pedestrian/passenger,Four lanes or more with central divider,Straight road,,Fine,NL01N   0708,P.V,Grevious,0
26.12.2017,2:00 AM,1247.2,LHS,Rural,Ongole,Collision Brush/Side Wipe, Lorry hit mini Lorry,Lorry,Minor injury,Fault of driver of motor vehicle/driver of other vehicle/cyclist/pedestrian/passenger,Four lanes or more with central divider,Straight road,,Fine,NL01N   0708,P.V,Minor,1
26.12.2017,2:00 AM,1247.2,LHS,Rural,Ongole,Collision Brush/Side Wipe, Lorry hit mini Lorry,Lorry,Minor injury,Fault of driver of motor vehicle/driver of other vehicle/cyclist/pedestrian/passenger,Four lanes or more with central divider,Straight road,,Fine,NL01N   0708,P.V,Non injured ,2
26.12.2017,2:00 AM,1247.2,LHS,Rural,Ongole,Collision Brush/Side Wipe, Lorry hit mini Lorry,Lorry,Minor injury,Fault of driver of motor vehicle/driver of other vehicle/cyclist/pedestrian/passenger,Four lanes or more with central divider,Straight road,,Fine,NL01N   0708,P.V,Animals affected,0
26.12.2017,1:01 PM,1263.9,RHS,Rural,Tangutur,Collision Brush/Side Wipe, RTC Bus hit Food plaza board,Bus,Minor injury,Fault of driver of motor vehicle/driver of other vehicle/cyclist/pedestrian/passenger,Four lanes or more with central divider,Straight road,,Fine,AP26TF  4139,A.M.B & P.V,Fatal,0
26.12.2017,1:01 PM,1263.9,RHS,Rural,Tangutur,Collision Brush/Side Wipe, RTC Bus hit Food plaza board,Bus,Minor injury,Fault of driver of motor vehicle/driver of other vehicle/cyclist/pedestrian/passenger,Four lanes or more with central divider,Straight road,,Fine,AP26TF  4139,A.M.B & P.V,Grevious,0
26.12.2017,1:01 PM,1263.9,RHS,Rural,Tangutur,Collision Brush/Side Wipe, RTC Bus hit Food plaza board,Bus,Minor injury,Fault of driver of motor vehicle/driver of other vehicle/cyclist/pedestrian/passenger,Four lanes or more with central divider,Straight road,,Fine,AP26TF  4139,A.M.B & P.V,Minor,1
26.12.2017,1:01 PM,1263.9,RHS,Rural,Tangutur,Collision Brush/Side Wipe, RTC Bus hit Food plaza board,Bus,Minor injury,Fault of driver of motor vehicle/driver of other vehicle/cyclist/pedestrian/passenger,Four lanes or more with central divider,Straight road,,Fine,AP26TF  4139,A.M.B & P.V,Non injured ,20
26.12.2017,1:01 PM,1263.9,RHS,Rural,Tangutur,Collision Brush/Side Wipe, RTC Bus hit Food plaza board,Bus,Minor injury,Fault of driver of motor vehicle/driver of other vehicle/cyclist/pedestrian/passenger,Four lanes or more with central divider,Straight road,,Fine,AP26TF  4139,A.M.B & P.V,Animals affected,0
27.12.2017,12:06 PM,1286.8,LHS,Rural,Ulavapadu,Collision Brush/Side Wipe, Car hit RTC Bus,Car,Non injury,Over speed,Four lanes or more with central divider,Slight curve,Y-Junction,Fine,AP27BG   3555,P.V,Fatal,0
27.12.2017,12:06 PM,1286.8,LHS,Rural,Ulavapadu,Collision Brush/Side Wipe, Car hit RTC Bus,Car,Non injury,Over speed,Four lanes or more with central divider,Slight curve,Y-Junction,Fine,AP27BG   3555,P.V,Grevious,0
27.12.2017,12:06 PM,1286.8,LHS,Rural,Ulavapadu,Collision Brush/Side Wipe, Car hit RTC Bus,Car,Non injury,Over speed,Four lanes or more with central divider,Slight curve,Y-Junction,Fine,AP27BG   3555,P.V,Minor,0
27.12.2017,12:06 PM,1286.8,LHS,Rural,Ulavapadu,Collision Brush/Side Wipe, Car hit RTC Bus,Car,Non injury,Over speed,Four lanes or more with central divider,Slight curve,Y-Junction,Fine,AP27BG   3555,P.V,Non injured ,20
27.12.2017,12:06 PM,1286.8,LHS,Rural,Ulavapadu,Collision Brush/Side Wipe, Car hit RTC Bus,Car,Non injury,Over speed,Four lanes or more with central divider,Slight curve,Y-Junction,Fine,AP27BG   3555,P.V,Animals affected,0
28.12.2017,4:29 AM,1315.2,LHS,Rural,Kavali,Overturning, Mahindra Bolero pickup Vehicle hit Medi,Car,Non injury,Over speed,Four lanes or more with central divider,Straight road,,Fine,TN93 7590,P.V,Fatal,0
28.12.2017,4:29 AM,1315.2,LHS,Rural,Kavali,Overturning, Mahindra Bolero pickup Vehicle hit Medi,Car,Non injury,Over speed,Four lanes or more with central divider,Straight road,,Fine,TN93 7590,P.V,Grevious,0
28.12.2017,4:29 AM,1315.2,LHS,Rural,Kavali,Overturning, Mahindra Bolero pickup Vehicle hit Medi,Car,Non injury,Over speed,Four lanes or more with central divider,Straight road,,Fine,TN93 7590,P.V,Minor,0
28.12.2017,4:29 AM,1315.2,LHS,Rural,Kavali,Overturning, Mahindra Bolero pickup Vehicle hit Medi,Car,Non injury,Over speed,Four lanes or more with central divider,Straight road,,Fine,TN93 7590,P.V,Non injured ,3
28.12.2017,4:29 AM,1315.2,LHS,Rural,Kavali,Overturning, Mahindra Bolero pickup Vehicle hit Medi,Car,Non injury,Over speed,Four lanes or more with central divider,Straight road,,Fine,TN93 7590,P.V,Animals affected,0
30.12.2017,1:50 AM,1323.4,LHS,Rural,Kavali,Rear End Collision, Long Trailler  vehicle hit Trailler veh,Lorry,Minor injury,Fault of driver of motor vehicle/driver of other vehicle/cyclist/pedestrian/passenger,Four lanes or more with central divider,Straight road,,Mist/Fog,PY03A   4851,A.M.B & P.V,Fatal,0
30.12.2017,1:50 AM,1323.4,LHS,Rural,Kavali,Rear End Collision, Long Trailler  vehicle hit Trailler veh,Lorry,Minor injury,Fault of driver of motor vehicle/driver of other vehicle/cyclist/pedestrian/passenger,Four lanes or more with central divider,Straight road,,Mist/Fog,PY03A   4851,A.M.B & P.V,Grevious,0
30.12.2017,1:50 AM,1323.4,LHS,Rural,Kavali,Rear End Collision, Long Trailler  vehicle hit Trailler veh,Lorry,Minor injury,Fault of driver of motor vehicle/driver of other vehicle/cyclist/pedestrian/passenger,Four lanes or more with central divider,Straight road,,Mist/Fog,PY03A   4851,A.M.B & P.V,Minor,1
30.12.2017,1:50 AM,1323.4,LHS,Rural,Kavali,Rear End Collision, Long Trailler  vehicle hit Trailler veh,Lorry,Minor injury,Fault of driver of motor vehicle/driver of other vehicle/cyclist/pedestrian/passenger,Four lanes or more with central divider,Straight road,,Mist/Fog,PY03A   4851,A.M.B & P.V,Non injured ,1
30.12.2017,1:50 AM,1323.4,LHS,Rural,Kavali,Rear End Collision, Long Trailler  vehicle hit Trailler veh,Lorry,Minor injury,Fault of driver of motor vehicle/driver of other vehicle/cyclist/pedestrian/passenger,Four lanes or more with central divider,Straight road,,Mist/Fog,PY03A   4851,A.M.B & P.V,Animals affected,0
31.12.2017,11:20 AM,1226.1,RHS,Rural,Maddipadu,Rear End Collision, Car hit Unknown vehicle,Car,Minor injury,Over speed,Four lanes or more with central divider,Straight road,,Fine,AP16DD 8181 , P.V,Fatal,0
31.12.2017,11:20 AM,1226.1,RHS,Rural,Maddipadu,Rear End Collision, Car hit Unknown vehicle,Car,Minor injury,Over speed,Four lanes or more with central divider,Straight road,,Fine,AP16DD 8181 , P.V,Grevious,0
31.12.2017,11:20 AM,1226.1,RHS,Rural,Maddipadu,Rear End Collision, Car hit Unknown vehicle,Car,Minor injury,Over speed,Four lanes or more with central divider,Straight road,,Fine,AP16DD 8181 , P.V,Minor,5
31.12.2017,11:20 AM,1226.1,RHS,Rural,Maddipadu,Rear End Collision, Car hit Unknown vehicle,Car,Minor injury,Over speed,Four lanes or more with central divider,Straight road,,Fine,AP16DD 8181 , P.V,Non injured ,1
31.12.2017,11:20 AM,1226.1,RHS,Rural,Maddipadu,Rear End Collision, Car hit Unknown vehicle,Car,Minor injury,Over speed,Four lanes or more with central divider,Straight road,,Fine,AP16DD 8181 , P.V,Animals affected,0
31.12.2017,12:15 PM,1194.7,RHS,Rural,Martur,Collision Brush/Side Wipe, Bike hit Tractor,Bike,Minor injury,Druken,Four lanes or more with central divider,Straight road,,Fine,Bike number unknown,A.M.B & P.V,Fatal,0
31.12.2017,12:15 PM,1194.7,RHS,Rural,Martur,Collision Brush/Side Wipe, Bike hit Tractor,Bike,Minor injury,Druken,Four lanes or more with central divider,Straight road,,Fine,Bike number unknown,A.M.B & P.V,Grevious,0
31.12.2017,12:15 PM,1194.7,RHS,Rural,Martur,Collision Brush/Side Wipe, Bike hit Tractor,Bike,Minor injury,Druken,Four lanes or more with central divider,Straight road,,Fine,Bike number unknown,A.M.B & P.V,Minor,1
31.12.2017,12:15 PM,1194.7,RHS,Rural,Martur,Collision Brush/Side Wipe, Bike hit Tractor,Bike,Minor injury,Druken,Four lanes or more with central divider,Straight road,,Fine,Bike number unknown,A.M.B & P.V,Non injured ,1
31.12.2017,12:15 PM,1194.7,RHS,Rural,Martur,Collision Brush/Side Wipe, Bike hit Tractor,Bike,Minor injury,Druken,Four lanes or more with central divider,Straight road,,Fine,Bike number unknown,A.M.B & P.V,Animals affected,0
31.12.2017,6:05 PM,1311.1,RHS,Rural,Kavali,Collision Brush/Side Wipe,  Oil Tanker hit Culvertwall,Tanker,Non injury,Over speed,Four lanes or more with central divider,Straight road,,Fine,AP21W 8299, P.V,Fatal,0
31.12.2017,6:05 PM,1311.1,RHS,Rural,Kavali,Collision Brush/Side Wipe,  Oil Tanker hit Culvertwall,Tanker,Non injury,Over speed,Four lanes or more with central divider,Straight road,,Fine,AP21W 8299, P.V,Grevious,0
31.12.2017,6:05 PM,1311.1,RHS,Rural,Kavali,Collision Brush/Side Wipe,  Oil Tanker hit Culvertwall,Tanker,Non injury,Over speed,Four lanes or more with central divider,Straight road,,Fine,AP21W 8299, P.V,Minor,0
31.12.2017,6:05 PM,1311.1,RHS,Rural,Kavali,Collision Brush/Side Wipe,  Oil Tanker hit Culvertwall,Tanker,Non injury,Over speed,Four lanes or more with central divider,Straight road,,Fine,AP21W 8299, P.V,Non injured ,1
31.12.2017,6:05 PM,1311.1,RHS,Rural,Kavali,Collision Brush/Side Wipe,  Oil Tanker hit Culvertwall,Tanker,Non injury,Over speed,Four lanes or more with central divider,Straight road,,Fine,AP21W 8299, P.V,Animals affected,0
01.01.2018,7:20 AM,1246.5,RHS,Rural,Ongole,Collision Brush/Side Wipe,,Truck,Non injury,Fault of driver of motor vehicle/driver of other vehicle/cyclist/pedestrian/passenger,Four lanes or more with central divider,Straight road,,Fine,AP16U  8738 ,P.V,Fatal,0
01.01.2018,7:20 AM,1246.5,RHS,Rural,Ongole,Collision Brush/Side Wipe,,Truck,Non injury,Fault of driver of motor vehicle/driver of other vehicle/cyclist/pedestrian/passenger,Four lanes or more with central divider,Straight road,,Fine,AP16U  8738 ,P.V,Grevious,0
01.01.2018,7:20 AM,1246.5,RHS,Rural,Ongole,Collision Brush/Side Wipe,,Truck,Non injury,Fault of driver of motor vehicle/driver of other vehicle/cyclist/pedestrian/passenger,Four lanes or more with central divider,Straight road,,Fine,AP16U  8738 ,P.V,Minor,1
01.01.2018,7:20 AM,1246.5,RHS,Rural,Ongole,Collision Brush/Side Wipe,,Truck,Non injury,Fault of driver of motor vehicle/driver of other vehicle/cyclist/pedestrian/passenger,Four lanes or more with central divider,Straight road,,Fine,AP16U  8738 ,P.V,Non injured,0
01.01.2018,7:20 AM,1246.5,RHS,Rural,Ongole,Collision Brush/Side Wipe,,Truck,Non injury,Fault of driver of motor vehicle/driver of other vehicle/cyclist/pedestrian/passenger,Four lanes or more with central divider,Straight road,,Fine,AP16U  8738 ,P.V,Animals affected,0
02.01.2018,2:10 AM,1353.1,RHS,Rural,Kodavaluru,Collision Brush/Side Wipe,,Bus,Grievious injury,Fault of driver of motor vehicle/driver of other vehicle/cyclist/pedestrian/passenger,Four lanes or more with central divider,Straight road,,Fine,KA01AE   2600,P.V,Fatal,0
02.01.2018,2:10 AM,1353.1,RHS,Rural,Kodavaluru,Collision Brush/Side Wipe,,Bus,Grievious injury,Fault of driver of motor vehicle/driver of other vehicle/cyclist/pedestrian/passenger,Four lanes or more with central divider,Straight road,,Fine,KA01AE   2600,P.V,Grevious,2
02.01.2018,2:10 AM,1353.1,RHS,Rural,Kodavaluru,Collision Brush/Side Wipe,,Bus,Grievious injury,Fault of driver of motor vehicle/driver of other vehicle/cyclist/pedestrian/passenger,Four lanes or more with central divider,Straight road,,Fine,KA01AE   2600,P.V,Minor,1
02.01.2018,2:10 AM,1353.1,RHS,Rural,Kodavaluru,Collision Brush/Side Wipe,,Bus,Grievious injury,Fault of driver of motor vehicle/driver of other vehicle/cyclist/pedestrian/passenger,Four lanes or more with central divider,Straight road,,Fine,KA01AE   2600,P.V,Non injured,20
02.01.2018,2:10 AM,1353.1,RHS,Rural,Kodavaluru,Collision Brush/Side Wipe,,Bus,Grievious injury,Fault of driver of motor vehicle/driver of other vehicle/cyclist/pedestrian/passenger,Four lanes or more with central divider,Straight road,,Fine,KA01AE   2600,P.V,Animals affected,0
02.01.2018,7:40 AM,1198.9,RHS,Rural,Martur,Collision Brush/Side Wipe,,Car,Grievious injury,Fault of driver of motor vehicle/driver of other vehicle/cyclist/pedestrian/passenger,Four lanes or more with central divider,Straight road,,Fine,AP27BG  2474,A.M.B & P.V,Fatal,0
02.01.2018,7:40 AM,1198.9,RHS,Rural,Martur,Collision Brush/Side Wipe,,Car,Grievious injury,Fault of driver of motor vehicle/driver of other vehicle/cyclist/pedestrian/passenger,Four lanes or more with central divider,Straight road,,Fine,AP27BG  2474,A.M.B & P.V,Grevious,3
02.01.2018,7:40 AM,1198.9,RHS,Rural,Martur,Collision Brush/Side Wipe,,Car,Grievious injury,Fault of driver of motor vehicle/driver of other vehicle/cyclist/pedestrian/passenger,Four lanes or more with central divider,Straight road,,Fine,AP27BG  2474,A.M.B & P.V,Minor,2
02.01.2018,7:40 AM,1198.9,RHS,Rural,Martur,Collision Brush/Side Wipe,,Car,Grievious injury,Fault of driver of motor vehicle/driver of other vehicle/cyclist/pedestrian/passenger,Four lanes or more with central divider,Straight road,,Fine,AP27BG  2474,A.M.B & P.V,Non injured,1
02.01.2018,7:40 AM,1198.9,RHS,Rural,Martur,Collision Brush/Side Wipe,,Car,Grievious injury,Fault of driver of motor vehicle/driver of other vehicle/cyclist/pedestrian/passenger,Four lanes or more with central divider,Straight road,,Fine,AP27BG  2474,A.M.B & P.V,Animals affected,0
02.01.2018,1:55 PM,1314.6,RHS,Rural,Kavali,Overturning,,Car,Minor injury,Over speed,Four lanes or more with central divider,Straight road,,Fine,KA45M  992,A.M.B & P.V,Fatal,0
02.01.2018,1:55 PM,1314.6,RHS,Rural,Kavali,Overturning,,Car,Minor injury,Over speed,Four lanes or more with central divider,Straight road,,Fine,KA45M  992,A.M.B & P.V,Grevious,0
02.01.2018,1:55 PM,1314.6,RHS,Rural,Kavali,Overturning,,Car,Minor injury,Over speed,Four lanes or more with central divider,Straight road,,Fine,KA45M  992,A.M.B & P.V,Minor,1
02.01.2018,1:55 PM,1314.6,RHS,Rural,Kavali,Overturning,,Car,Minor injury,Over speed,Four lanes or more with central divider,Straight road,,Fine,KA45M  992,A.M.B & P.V,Non injured,3
02.01.2018,1:55 PM,1314.6,RHS,Rural,Kavali,Overturning,,Car,Minor injury,Over speed,Four lanes or more with central divider,Straight road,,Fine,KA45M  992,A.M.B & P.V,Animals affected,0
03.01.2018,6:00 AM,1224.1,RHS,Rural,Maddipadu,Rear End Collision,,Car,Non injury,Over speed,Four lanes or more with central divider,Straight road,,Fine,AP07BD  1314,P.V,Fatal,0
03.01.2018,6:00 AM,1224.1,RHS,Rural,Maddipadu,Rear End Collision,,Car,Non injury,Over speed,Four lanes or more with central divider,Straight road,,Fine,AP07BD  1314,P.V,Grevious,0
03.01.2018,6:00 AM,1224.1,RHS,Rural,Maddipadu,Rear End Collision,,Car,Non injury,Over speed,Four lanes or more with central divider,Straight road,,Fine,AP07BD  1314,P.V,Minor,0
03.01.2018,6:00 AM,1224.1,RHS,Rural,Maddipadu,Rear End Collision,,Car,Non injury,Over speed,Four lanes or more with central divider,Straight road,,Fine,AP07BD  1314,P.V,Non injured,3
03.01.2018,6:00 AM,1224.1,RHS,Rural,Maddipadu,Rear End Collision,,Car,Non injury,Over speed,Four lanes or more with central divider,Straight road,,Fine,AP07BD  1314,P.V,Animals affected,0