Operational date,Time of Accident,KM && M,Position,Rural/Urban,Location,Nature of Accident Position,Nature of Accident,Vehicle Involved,Type of Accident,Causes,Road Feature,Road condition,Intersection Type And Control,Weather Condition,Vehicle Responsible,Help Provided by Ambulance/Patroling Vehicle,Classification of Accident,No of Affected Persons
03.01.2018,5:30 AM,1354.7,RHS,Rural,kodavaluru,Rear End Collision,,Trailler,Minor injury,Defect in mechanical condition of motor vehicle/road condition,Four lanes or more with central divider,Straight road,,Fine,AP16TW  7795,P.V,Fatal,0
03.01.2018,5:30 AM,1354.7,RHS,Rural,kodavaluru,Rear End Collision,,Trailler,Minor injury,Defect in mechanical condition of motor vehicle/road condition,Four lanes or more with central divider,Straight road,,Fine,AP16TW  7795,P.V,Grevious,0
03.01.2018,5:30 AM,1354.7,RHS,Rural,kodavaluru,Rear End Collision,,Trailler,Minor injury,Defect in mechanical condition of motor vehicle/road condition,Four lanes or more with central divider,Straight road,,Fine,AP16TW  7795,P.V,Minor,1
03.01.2018,5:30 AM,1354.7,RHS,Rural,kodavaluru,Rear End Collision,,Trailler,Minor injury,Defect in mechanical condition of motor vehicle/road condition,Four lanes or more with central divider,Straight road,,Fine,AP16TW  7795,P.V,Non injured,1
03.01.2018,5:30 AM,1354.7,RHS,Rural,kodavaluru,Rear End Collision,,Trailler,Minor injury,Defect in mechanical condition of motor vehicle/road condition,Four lanes or more with central divider,Straight road,,Fine,AP16TW  7795,P.V,Animals affected,0
03.01.2018,2:37 PM,1326.2,RHS,Rural,Kavali,Collision Brush/Side Wipe,,Truck,Non injury,Fault of driver of motor vehicle/driver of other vehicle/cyclist/pedestrian/passenger,Four lanes or more with central divider,Straight road,,Fine,AP26TD  8289,P.V,Fatal,0
03.01.2018,2:37 PM,1326.2,RHS,Rural,Kavali,Collision Brush/Side Wipe,,Truck,Non injury,Fault of driver of motor vehicle/driver of other vehicle/cyclist/pedestrian/passenger,Four lanes or more with central divider,Straight road,,Fine,AP26TD  8289,P.V,Grevious,0
03.01.2018,2:37 PM,1326.2,RHS,Rural,Kavali,Collision Brush/Side Wipe,,Truck,Non injury,Fault of driver of motor vehicle/driver of other vehicle/cyclist/pedestrian/passenger,Four lanes or more with central divider,Straight road,,Fine,AP26TD  8289,P.V,Minor,0
03.01.2018,2:37 PM,1326.2,RHS,Rural,Kavali,Collision Brush/Side Wipe,,Truck,Non injury,Fault of driver of motor vehicle/driver of other vehicle/cyclist/pedestrian/passenger,Four lanes or more with central divider,Straight road,,Fine,AP26TD  8289,P.V,Non injured,1
03.01.2018,2:37 PM,1326.2,RHS,Rural,Kavali,Collision Brush/Side Wipe,,Truck,Non injury,Fault of driver of motor vehicle/driver of other vehicle/cyclist/pedestrian/passenger,Four lanes or more with central divider,Straight road,,Fine,AP26TD  8289,P.V,Animals affected,0
06.01.2018,7:40 PM,1268,RHS,Rural,Jarugumalli,Collision Brush/Side Wipe,,Bike,Minor injury,Over speed,Four lanes or more with central divider,Straight road,,Fine,AP26BN  0078,P.V,Fatal,0
06.01.2018,7:40 PM,1268,RHS,Rural,Jarugumalli,Collision Brush/Side Wipe,,Bike,Minor injury,Over speed,Four lanes or more with central divider,Straight road,,Fine,AP26BN  0078,P.V,Grevious,0
06.01.2018,7:40 PM,1268,RHS,Rural,Jarugumalli,Collision Brush/Side Wipe,,Bike,Minor injury,Over speed,Four lanes or more with central divider,Straight road,,Fine,AP26BN  0078,P.V,Minor,1
06.01.2018,7:40 PM,1268,RHS,Rural,Jarugumalli,Collision Brush/Side Wipe,,Bike,Minor injury,Over speed,Four lanes or more with central divider,Straight road,,Fine,AP26BN  0078,P.V,Non injured,1
06.01.2018,7:40 PM,1268,RHS,Rural,Jarugumalli,Collision Brush/Side Wipe,,Bike,Minor injury,Over speed,Four lanes or more with central divider,Straight road,,Fine,AP26BN  0078,P.V,Animals affected,0
07.01.2018,12:20 AM,1235.9,RHS,Rural,Maddipadu,Collision Brush/Side Wipe,,Unknown vehicle,Non injury,Over speed,Four lanes or more with central divider,Straight road,,Fine,Unknown vehicle,P.V,Fatal,0
07.01.2018,12:20 AM,1235.9,RHS,Rural,Maddipadu,Collision Brush/Side Wipe,,Unknown vehicle,Non injury,Over speed,Four lanes or more with central divider,Straight road,,Fine,Unknown vehicle,P.V,Grevious,0
07.01.2018,12:20 AM,1235.9,RHS,Rural,Maddipadu,Collision Brush/Side Wipe,,Unknown vehicle,Non injury,Over speed,Four lanes or more with central divider,Straight road,,Fine,Unknown vehicle,P.V,Minor,0
07.01.2018,12:20 AM,1235.9,RHS,Rural,Maddipadu,Collision Brush/Side Wipe,,Unknown vehicle,Non injury,Over speed,Four lanes or more with central divider,Straight road,,Fine,Unknown vehicle,P.V,Non injured,4
07.01.2018,12:20 AM,1235.9,RHS,Rural,Maddipadu,Collision Brush/Side Wipe,,Unknown vehicle,Non injury,Over speed,Four lanes or more with central divider,Straight road,,Fine,Unknown vehicle,P.V,Animals affected,0
07.01.2018,4:00 AM,1351.5,RHS,Rural,Kodavaluru,Overturning,,Tanker,Minor injury,Fault of driver of motor vehicle/driver of other vehicle/cyclist/pedestrian/passenger,Four lanes or more with central divider,Straight road,,Fine,TN73     6759,A.M.B & P.V,Fatal,0
07.01.2018,4:00 AM,1351.5,RHS,Rural,Kodavaluru,Overturning,,Tanker,Minor injury,Fault of driver of motor vehicle/driver of other vehicle/cyclist/pedestrian/passenger,Four lanes or more with central divider,Straight road,,Fine,TN73     6759,A.M.B & P.V,Grevious,0
07.01.2018,4:00 AM,1351.5,RHS,Rural,Kodavaluru,Overturning,,Tanker,Minor injury,Fault of driver of motor vehicle/driver of other vehicle/cyclist/pedestrian/passenger,Four lanes or more with central divider,Straight road,,Fine,TN73     6759,A.M.B & P.V,Minor,2
07.01.2018,4:00 AM,1351.5,RHS,Rural,Kodavaluru,Overturning,,Tanker,Minor injury,Fault of driver of motor vehicle/driver of other vehicle/cyclist/pedestrian/passenger,Four lanes or more with central divider,Straight road,,Fine,TN73     6759,A.M.B & P.V,Non injured,0
07.01.2018,4:00 AM,1351.5,RHS,Rural,Kodavaluru,Overturning,,Tanker,Minor injury,Fault of driver of motor vehicle/driver of other vehicle/cyclist/pedestrian/passenger,Four lanes or more with central divider,Straight road,,Fine,TN73     6759,A.M.B & P.V,Animals affected,0
07.01.2018,6:00 AM,1360.9,RHS,Rural,Kodavaluru,Overturning,,Car,Non injury,Fault of driver of motor vehicle/driver of other vehicle/cyclist/pedestrian/passenger,Two lanes,Straight road,,Fine,PY01BP   6055,P.V,Fatal,0
07.01.2018,6:00 AM,1360.9,RHS,Rural,Kodavaluru,Overturning,,Car,Non injury,Fault of driver of motor vehicle/driver of other vehicle/cyclist/pedestrian/passenger,Two lanes,Straight road,,Fine,PY01BP   6055,P.V,Grevious,0
07.01.2018,6:00 AM,1360.9,RHS,Rural,Kodavaluru,Overturning,,Car,Non injury,Fault of driver of motor vehicle/driver of other vehicle/cyclist/pedestrian/passenger,Two lanes,Straight road,,Fine,PY01BP   6055,P.V,Minor,0
07.01.2018,6:00 AM,1360.9,RHS,Rural,Kodavaluru,Overturning,,Car,Non injury,Fault of driver of motor vehicle/driver of other vehicle/cyclist/pedestrian/passenger,Two lanes,Straight road,,Fine,PY01BP   6055,P.V,Non injured,2
07.01.2018,6:00 AM,1360.9,RHS,Rural,Kodavaluru,Overturning,,Car,Non injury,Fault of driver of motor vehicle/driver of other vehicle/cyclist/pedestrian/passenger,Two lanes,Straight road,,Fine,PY01BP   6055,P.V,Animals affected,0
10.01.2018,11:10 AM,1224.1,RHS,Rural,Maddipadu,Rear End Collision,,Bike,Fatal,Over speed,Four lanes or more with central divider,Straight road,,Fine,Bike number Unknown ,P.V,Fatal,1
10.01.2018,11:10 AM,1224.1,RHS,Rural,Maddipadu,Rear End Collision,,Bike,Fatal,Over speed,Four lanes or more with central divider,Straight road,,Fine,Bike number Unknown ,P.V,Grevious,0
10.01.2018,11:10 AM,1224.1,RHS,Rural,Maddipadu,Rear End Collision,,Bike,Fatal,Over speed,Four lanes or more with central divider,Straight road,,Fine,Bike number Unknown ,P.V,Minor,0
10.01.2018,11:10 AM,1224.1,RHS,Rural,Maddipadu,Rear End Collision,,Bike,Fatal,Over speed,Four lanes or more with central divider,Straight road,,Fine,Bike number Unknown ,P.V,Non injured,1
10.01.2018,11:10 AM,1224.1,RHS,Rural,Maddipadu,Rear End Collision,,Bike,Fatal,Over speed,Four lanes or more with central divider,Straight road,,Fine,Bike number Unknown ,P.V,Animals affected,0
10.01.2018,8:00 PM,1237,RHS,Rural,Maddipadu,Head on collision,,Bike,Fatal,Over speed,Four lanes or more with central divider,Straight road,,Fine,AP27AL 0420, P.V,Fatal,1
10.01.2018,8:00 PM,1237,RHS,Rural,Maddipadu,Head on collision,,Bike,Fatal,Over speed,Four lanes or more with central divider,Straight road,,Fine,AP27AL 0420, P.V,Grevious,1
10.01.2018,8:00 PM,1237,RHS,Rural,Maddipadu,Head on collision,,Bike,Fatal,Over speed,Four lanes or more with central divider,Straight road,,Fine,AP27AL 0420, P.V,Minor,1
10.01.2018,8:00 PM,1237,RHS,Rural,Maddipadu,Head on collision,,Bike,Fatal,Over speed,Four lanes or more with central divider,Straight road,,Fine,AP27AL 0420, P.V,Non injured,1
10.01.2018,8:00 PM,1237,RHS,Rural,Maddipadu,Head on collision,,Bike,Fatal,Over speed,Four lanes or more with central divider,Straight road,,Fine,AP27AL 0420, P.V,Animals affected,0
11.01.2018,12:50 AM,1220.1,RHS,Rural,Medarametla,Collision Brush/Side Wipe,,Bike,Fatal,Druken,Four lanes or more with central divider,Straight road,,Fine,AP07CQ 7805,P.V,Fatal,1
11.01.2018,12:50 AM,1220.1,RHS,Rural,Medarametla,Collision Brush/Side Wipe,,Bike,Fatal,Druken,Four lanes or more with central divider,Straight road,,Fine,AP07CQ 7805,P.V,Grevious,0
11.01.2018,12:50 AM,1220.1,RHS,Rural,Medarametla,Collision Brush/Side Wipe,,Bike,Fatal,Druken,Four lanes or more with central divider,Straight road,,Fine,AP07CQ 7805,P.V,Minor,0
11.01.2018,12:50 AM,1220.1,RHS,Rural,Medarametla,Collision Brush/Side Wipe,,Bike,Fatal,Druken,Four lanes or more with central divider,Straight road,,Fine,AP07CQ 7805,P.V,Non injured,0
11.01.2018,12:50 AM,1220.1,RHS,Rural,Medarametla,Collision Brush/Side Wipe,,Bike,Fatal,Druken,Four lanes or more with central divider,Straight road,,Fine,AP07CQ 7805,P.V,Animals affected,0
11.01.2018,1:20 AM,1209.4,RHS,Rural,Reningavaram,Collision Brush/Side Wipe,,Car,Non injury,Druken,Four lanes or more with central divider,Straight road,,Fine,AP31CN 2349, P.V,Fatal,0
11.01.2018,1:20 AM,1209.4,RHS,Rural,Reningavaram,Collision Brush/Side Wipe,,Car,Non injury,Druken,Four lanes or more with central divider,Straight road,,Fine,AP31CN 2349, P.V,Grevious,0
11.01.2018,1:20 AM,1209.4,RHS,Rural,Reningavaram,Collision Brush/Side Wipe,,Car,Non injury,Druken,Four lanes or more with central divider,Straight road,,Fine,AP31CN 2349, P.V,Minor,0
11.01.2018,1:20 AM,1209.4,RHS,Rural,Reningavaram,Collision Brush/Side Wipe,,Car,Non injury,Druken,Four lanes or more with central divider,Straight road,,Fine,AP31CN 2349, P.V,Non injured,5
11.01.2018,1:20 AM,1209.4,RHS,Rural,Reningavaram,Collision Brush/Side Wipe,,Car,Non injury,Druken,Four lanes or more with central divider,Straight road,,Fine,AP31CN 2349, P.V,Animals affected,0
12.01.2018,3:00 AM,1289.9,RHS,Rural,Ulavapadu,Collision Brush/Side Wipe,,Truck,Non injury,Fault of driver of motor vehicle/driver of other vehicle/cyclist/pedestrian/passenger,Four lanes or more with central divider,Straight road,,Fine,TS05UB   8884,P.V,Fatal,0
12.01.2018,3:00 AM,1289.9,RHS,Rural,Ulavapadu,Collision Brush/Side Wipe,,Truck,Non injury,Fault of driver of motor vehicle/driver of other vehicle/cyclist/pedestrian/passenger,Four lanes or more with central divider,Straight road,,Fine,TS05UB   8884,P.V,Grevious,0
12.01.2018,3:00 AM,1289.9,RHS,Rural,Ulavapadu,Collision Brush/Side Wipe,,Truck,Non injury,Fault of driver of motor vehicle/driver of other vehicle/cyclist/pedestrian/passenger,Four lanes or more with central divider,Straight road,,Fine,TS05UB   8884,P.V,Minor,0
12.01.2018,3:00 AM,1289.9,RHS,Rural,Ulavapadu,Collision Brush/Side Wipe,,Truck,Non injury,Fault of driver of motor vehicle/driver of other vehicle/cyclist/pedestrian/passenger,Four lanes or more with central divider,Straight road,,Fine,TS05UB   8884,P.V,Non injured,2
12.01.2018,3:00 AM,1289.9,RHS,Rural,Ulavapadu,Collision Brush/Side Wipe,,Truck,Non injury,Fault of driver of motor vehicle/driver of other vehicle/cyclist/pedestrian/passenger,Four lanes or more with central divider,Straight road,,Fine,TS05UB   8884,P.V,Animals affected,0
12.01.2018,3:30 AM,1228.6,RHS,Rural,Maddipadu,Rear End Collision,,Container,Minor injury,Fault of driver of motor vehicle/driver of other vehicle/cyclist/pedestrian/passenger,Four lanes or more with central divider,Straight road,,Fine,HR65V  7281,P.V,Fatal,0
12.01.2018,3:30 AM,1228.6,RHS,Rural,Maddipadu,Rear End Collision,,Container,Minor injury,Fault of driver of motor vehicle/driver of other vehicle/cyclist/pedestrian/passenger,Four lanes or more with central divider,Straight road,,Fine,HR65V  7281,P.V,Grevious,0
12.01.2018,3:30 AM,1228.6,RHS,Rural,Maddipadu,Rear End Collision,,Container,Minor injury,Fault of driver of motor vehicle/driver of other vehicle/cyclist/pedestrian/passenger,Four lanes or more with central divider,Straight road,,Fine,HR65V  7281,P.V,Minor,3
12.01.2018,3:30 AM,1228.6,RHS,Rural,Maddipadu,Rear End Collision,,Container,Minor injury,Fault of driver of motor vehicle/driver of other vehicle/cyclist/pedestrian/passenger,Four lanes or more with central divider,Straight road,,Fine,HR65V  7281,P.V,Non injured,0
12.01.2018,3:30 AM,1228.6,RHS,Rural,Maddipadu,Rear End Collision,,Container,Minor injury,Fault of driver of motor vehicle/driver of other vehicle/cyclist/pedestrian/passenger,Four lanes or more with central divider,Straight road,,Fine,HR65V  7281,P.V,Animals affected,0
12.01.2018,5:48 AM,1301.2,RHS,Rural,Gudluru,Rear End Collision,,Bus,Minor injury,Over speed,Four lanes or more with central divider,Straight road,,Fine,AP26TD   2850,A.M.B & P.V,Fatal,0
12.01.2018,5:48 AM,1301.2,RHS,Rural,Gudluru,Rear End Collision,,Bus,Minor injury,Over speed,Four lanes or more with central divider,Straight road,,Fine,AP26TD   2850,A.M.B & P.V,Grevious,0
12.01.2018,5:48 AM,1301.2,RHS,Rural,Gudluru,Rear End Collision,,Bus,Minor injury,Over speed,Four lanes or more with central divider,Straight road,,Fine,AP26TD   2850,A.M.B & P.V,Minor,1
12.01.2018,5:48 AM,1301.2,RHS,Rural,Gudluru,Rear End Collision,,Bus,Minor injury,Over speed,Four lanes or more with central divider,Straight road,,Fine,AP26TD   2850,A.M.B & P.V,Non injured,18
12.01.2018,5:48 AM,1301.2,RHS,Rural,Gudluru,Rear End Collision,,Bus,Minor injury,Over speed,Four lanes or more with central divider,Straight road,,Fine,AP26TD   2850,A.M.B & P.V,Animals affected,0
12.01.2018,2:50 PM,1349.7,RHS,Rural,Kodavaluru,Collision Brush/Side Wipe,,Bike,Fatal,Fault of driver of motor vehicle/driver of other vehicle/cyclist/pedestrian/passenger,Four lanes or more with central divider,Straight road,,Fine,AP07CQ  4657,A.M.B & P.V,Fatal,1
12.01.2018,2:50 PM,1349.7,RHS,Rural,Kodavaluru,Collision Brush/Side Wipe,,Bike,Fatal,Fault of driver of motor vehicle/driver of other vehicle/cyclist/pedestrian/passenger,Four lanes or more with central divider,Straight road,,Fine,AP07CQ  4657,A.M.B & P.V,Grevious,1
12.01.2018,2:50 PM,1349.7,RHS,Rural,Kodavaluru,Collision Brush/Side Wipe,,Bike,Fatal,Fault of driver of motor vehicle/driver of other vehicle/cyclist/pedestrian/passenger,Four lanes or more with central divider,Straight road,,Fine,AP07CQ  4657,A.M.B & P.V,Minor,0
12.01.2018,2:50 PM,1349.7,RHS,Rural,Kodavaluru,Collision Brush/Side Wipe,,Bike,Fatal,Fault of driver of motor vehicle/driver of other vehicle/cyclist/pedestrian/passenger,Four lanes or more with central divider,Straight road,,Fine,AP07CQ  4657,A.M.B & P.V,Non injured,7
12.01.2018,2:50 PM,1349.7,RHS,Rural,Kodavaluru,Collision Brush/Side Wipe,,Bike,Fatal,Fault of driver of motor vehicle/driver of other vehicle/cyclist/pedestrian/passenger,Four lanes or more with central divider,Straight road,,Fine,AP07CQ  4657,A.M.B & P.V,Animals affected,0
13.01.2018,4:20 AM,1230.2,RHS,Rural,Maddipadu,Rear End Collision,,Car,Minor injury,Fault of driver of motor vehicle/driver of other vehicle/cyclist/pedestrian/passenger,Four lanes or more with central divider,Straight road,,Mist/Fog,AP31AY  7677,P.V,Fatal,0
13.01.2018,4:20 AM,1230.2,RHS,Rural,Maddipadu,Rear End Collision,,Car,Minor injury,Fault of driver of motor vehicle/driver of other vehicle/cyclist/pedestrian/passenger,Four lanes or more with central divider,Straight road,,Mist/Fog,AP31AY  7677,P.V,Grevious,0
13.01.2018,4:20 AM,1230.2,RHS,Rural,Maddipadu,Rear End Collision,,Car,Minor injury,Fault of driver of motor vehicle/driver of other vehicle/cyclist/pedestrian/passenger,Four lanes or more with central divider,Straight road,,Mist/Fog,AP31AY  7677,P.V,Minor,2
13.01.2018,4:20 AM,1230.2,RHS,Rural,Maddipadu,Rear End Collision,,Car,Minor injury,Fault of driver of motor vehicle/driver of other vehicle/cyclist/pedestrian/passenger,Four lanes or more with central divider,Straight road,,Mist/Fog,AP31AY  7677,P.V,Non injured,94
13.01.2018,4:20 AM,1230.2,RHS,Rural,Maddipadu,Rear End Collision,,Car,Minor injury,Fault of driver of motor vehicle/driver of other vehicle/cyclist/pedestrian/passenger,Four lanes or more with central divider,Straight road,,Mist/Fog,AP31AY  7677,P.V,Animals affected,0
13.01.2018,5:20 AM,1288.4,RHS,Rural,Ulavapadu,Overturning,,Tanker,Non injury,Fault of driver of motor vehicle/driver of other vehicle/cyclist/pedestrian/passenger,Four lanes or more with central divider,Straight road,,Fine,AP31TF  6489,P.V,Fatal,0
13.01.2018,5:20 AM,1288.4,RHS,Rural,Ulavapadu,Overturning,,Tanker,Non injury,Fault of driver of motor vehicle/driver of other vehicle/cyclist/pedestrian/passenger,Four lanes or more with central divider,Straight road,,Fine,AP31TF  6489,P.V,Grevious,0
13.01.2018,5:20 AM,1288.4,RHS,Rural,Ulavapadu,Overturning,,Tanker,Non injury,Fault of driver of motor vehicle/driver of other vehicle/cyclist/pedestrian/passenger,Four lanes or more with central divider,Straight road,,Fine,AP31TF  6489,P.V,Minor,0
13.01.2018,5:20 AM,1288.4,RHS,Rural,Ulavapadu,Overturning,,Tanker,Non injury,Fault of driver of motor vehicle/driver of other vehicle/cyclist/pedestrian/passenger,Four lanes or more with central divider,Straight road,,Fine,AP31TF  6489,P.V,Non injured,2
13.01.2018,5:20 AM,1288.4,RHS,Rural,Ulavapadu,Overturning,,Tanker,Non injury,Fault of driver of motor vehicle/driver of other vehicle/cyclist/pedestrian/passenger,Four lanes or more with central divider,Straight road,,Fine,AP31TF  6489,P.V,Animals affected,0
13.01.2018,11:00 AM,1297.4,RHS,Rural,Ulavapadu,Rear End Collision,,Car,Grievious injury,Over speed,Four lanes or more with central divider,Straight road,T-Junction,Fine,AP09BN  4666,P.V,Fatal,0
13.01.2018,11:00 AM,1297.4,RHS,Rural,Ulavapadu,Rear End Collision,,Car,Grievious injury,Over speed,Four lanes or more with central divider,Straight road,T-Junction,Fine,AP09BN  4666,P.V,Grevious,2
13.01.2018,11:00 AM,1297.4,RHS,Rural,Ulavapadu,Rear End Collision,,Car,Grievious injury,Over speed,Four lanes or more with central divider,Straight road,T-Junction,Fine,AP09BN  4666,P.V,Minor,1
13.01.2018,11:00 AM,1297.4,RHS,Rural,Ulavapadu,Rear End Collision,,Car,Grievious injury,Over speed,Four lanes or more with central divider,Straight road,T-Junction,Fine,AP09BN  4666,P.V,Non injured,0
13.01.2018,11:00 AM,1297.4,RHS,Rural,Ulavapadu,Rear End Collision,,Car,Grievious injury,Over speed,Four lanes or more with central divider,Straight road,T-Junction,Fine,AP09BN  4666,P.V,Animals affected,0
13.01.2018,2:10 PM,1191.6,RHS,Rural,Martur,Rear End Collision,,Auto,Fatal,Over speed,Two lanes,Straight road,,Fine,AP27TW   2905,P.V,Fatal,1
13.01.2018,2:10 PM,1191.6,RHS,Rural,Martur,Rear End Collision,,Auto,Fatal,Over speed,Two lanes,Straight road,,Fine,AP27TW   2905,P.V,Grevious,0
13.01.2018,2:10 PM,1191.6,RHS,Rural,Martur,Rear End Collision,,Auto,Fatal,Over speed,Two lanes,Straight road,,Fine,AP27TW   2905,P.V,Minor,0
13.01.2018,2:10 PM,1191.6,RHS,Rural,Martur,Rear End Collision,,Auto,Fatal,Over speed,Two lanes,Straight road,,Fine,AP27TW   2905,P.V,Non injured,3
13.01.2018,2:10 PM,1191.6,RHS,Rural,Martur,Rear End Collision,,Auto,Fatal,Over speed,Two lanes,Straight road,,Fine,AP27TW   2905,P.V,Animals affected,0
14.01.2018,4:50 AM,1329.5,RHS,Rural,Kavali,Overturning,,Truck,Non injury,Fault of driver of motor vehicle/driver of other vehicle/cyclist/pedestrian/passenger,Four lanes or more with central divider,Sharp curve,,Fine,WB23D   4427,P.V,Fatal,0
14.01.2018,4:50 AM,1329.5,RHS,Rural,Kavali,Overturning,,Truck,Non injury,Fault of driver of motor vehicle/driver of other vehicle/cyclist/pedestrian/passenger,Four lanes or more with central divider,Sharp curve,,Fine,WB23D   4427,P.V,Grevious,0
14.01.2018,4:50 AM,1329.5,RHS,Rural,Kavali,Overturning,,Truck,Non injury,Fault of driver of motor vehicle/driver of other vehicle/cyclist/pedestrian/passenger,Four lanes or more with central divider,Sharp curve,,Fine,WB23D   4427,P.V,Minor,0
14.01.2018,4:50 AM,1329.5,RHS,Rural,Kavali,Overturning,,Truck,Non injury,Fault of driver of motor vehicle/driver of other vehicle/cyclist/pedestrian/passenger,Four lanes or more with central divider,Sharp curve,,Fine,WB23D   4427,P.V,Non injured,2
14.01.2018,4:50 AM,1329.5,RHS,Rural,Kavali,Overturning,,Truck,Non injury,Fault of driver of motor vehicle/driver of other vehicle/cyclist/pedestrian/passenger,Four lanes or more with central divider,Sharp curve,,Fine,WB23D   4427,P.V,Animals affected,0
14.01.2018,8:05 AM,1246.6,RHS,Rural,Ongole,Rear End Collision,,Container,Non injury,Over speed,Four lanes or more with central divider,Straight road,,Mist/Fog,TN02AD   5941,P.V,Fatal,0
14.01.2018,8:05 AM,1246.6,RHS,Rural,Ongole,Rear End Collision,,Container,Non injury,Over speed,Four lanes or more with central divider,Straight road,,Mist/Fog,TN02AD   5941,P.V,Grevious,0
14.01.2018,8:05 AM,1246.6,RHS,Rural,Ongole,Rear End Collision,,Container,Non injury,Over speed,Four lanes or more with central divider,Straight road,,Mist/Fog,TN02AD   5941,P.V,Minor,0
14.01.2018,8:05 AM,1246.6,RHS,Rural,Ongole,Rear End Collision,,Container,Non injury,Over speed,Four lanes or more with central divider,Straight road,,Mist/Fog,TN02AD   5941,P.V,Non injured,1
14.01.2018,8:05 AM,1246.6,RHS,Rural,Ongole,Rear End Collision,,Container,Non injury,Over speed,Four lanes or more with central divider,Straight road,,Mist/Fog,TN02AD   5941,P.V,Animals affected,0
14.01.2018,7:35 PM,1269.6,RHS,Rural,Jarugumalli,Rear End Collision,,Bike,Grievious injury,Druken,Four lanes or more with central divider,Straight road,,Fine,Bike number Unknown,A.M.B & P.V,Fatal,0
14.01.2018,7:35 PM,1269.6,RHS,Rural,Jarugumalli,Rear End Collision,,Bike,Grievious injury,Druken,Four lanes or more with central divider,Straight road,,Fine,Bike number Unknown,A.M.B & P.V,Grevious,1
14.01.2018,7:35 PM,1269.6,RHS,Rural,Jarugumalli,Rear End Collision,,Bike,Grievious injury,Druken,Four lanes or more with central divider,Straight road,,Fine,Bike number Unknown,A.M.B & P.V,Minor,1
14.01.2018,7:35 PM,1269.6,RHS,Rural,Jarugumalli,Rear End Collision,,Bike,Grievious injury,Druken,Four lanes or more with central divider,Straight road,,Fine,Bike number Unknown,A.M.B & P.V,Non injured,1
14.01.2018,7:35 PM,1269.6,RHS,Rural,Jarugumalli,Rear End Collision,,Bike,Grievious injury,Druken,Four lanes or more with central divider,Straight road,,Fine,Bike number Unknown,A.M.B & P.V,Animals affected,0
14.01.2018,11:30 PM,1248.5,RHS,Rural,Ongole,Collision Brush/Side Wipe,,Truck,Non injury,Fault of driver of motor vehicle/driver of other vehicle/cyclist/pedestrian/passenger,Four lanes or more with central divider,Straight road,,Fine,AP16TJ   0919,P.V,Fatal,0
14.01.2018,11:30 PM,1248.5,RHS,Rural,Ongole,Collision Brush/Side Wipe,,Truck,Non injury,Fault of driver of motor vehicle/driver of other vehicle/cyclist/pedestrian/passenger,Four lanes or more with central divider,Straight road,,Fine,AP16TJ   0919,P.V,Grevious,0
14.01.2018,11:30 PM,1248.5,RHS,Rural,Ongole,Collision Brush/Side Wipe,,Truck,Non injury,Fault of driver of motor vehicle/driver of other vehicle/cyclist/pedestrian/passenger,Four lanes or more with central divider,Straight road,,Fine,AP16TJ   0919,P.V,Minor,0
14.01.2018,11:30 PM,1248.5,RHS,Rural,Ongole,Collision Brush/Side Wipe,,Truck,Non injury,Fault of driver of motor vehicle/driver of other vehicle/cyclist/pedestrian/passenger,Four lanes or more with central divider,Straight road,,Fine,AP16TJ   0919,P.V,Non injured,3
14.01.2018,11:30 PM,1248.5,RHS,Rural,Ongole,Collision Brush/Side Wipe,,Truck,Non injury,Fault of driver of motor vehicle/driver of other vehicle/cyclist/pedestrian/passenger,Four lanes or more with central divider,Straight road,,Fine,AP16TJ   0919,P.V,Animals affected,0
15.01.2018,3:00 AM,1329.5,RHS,Rural,Kavali,Collision Brush/Side Wipe,,Bike,Grievious injury,Druken,Four lanes or more with central divider,Straight road,,Fine,TN03V   7114,A.M.B & P.V,Fatal,0
15.01.2018,3:00 AM,1329.5,RHS,Rural,Kavali,Collision Brush/Side Wipe,,Bike,Grievious injury,Druken,Four lanes or more with central divider,Straight road,,Fine,TN03V   7114,A.M.B & P.V,Grevious,1
15.01.2018,3:00 AM,1329.5,RHS,Rural,Kavali,Collision Brush/Side Wipe,,Bike,Grievious injury,Druken,Four lanes or more with central divider,Straight road,,Fine,TN03V   7114,A.M.B & P.V,Minor,0
15.01.2018,3:00 AM,1329.5,RHS,Rural,Kavali,Collision Brush/Side Wipe,,Bike,Grievious injury,Druken,Four lanes or more with central divider,Straight road,,Fine,TN03V   7114,A.M.B & P.V,Non injured,1
15.01.2018,3:00 AM,1329.5,RHS,Rural,Kavali,Collision Brush/Side Wipe,,Bike,Grievious injury,Druken,Four lanes or more with central divider,Straight road,,Fine,TN03V   7114,A.M.B & P.V,Animals affected,0
15.01.2018,3:50 AM,1202.2,RHS,Rural,Reningavaram,Rear End Collision,,Bus,Non injury,Over speed,Four lanes or more with central divider,Straight road,,Mist/Fog,AP26Z   0227,P.V,Fatal,0
15.01.2018,3:50 AM,1202.2,RHS,Rural,Reningavaram,Rear End Collision,,Bus,Non injury,Over speed,Four lanes or more with central divider,Straight road,,Mist/Fog,AP26Z   0227,P.V,Grevious,0
15.01.2018,3:50 AM,1202.2,RHS,Rural,Reningavaram,Rear End Collision,,Bus,Non injury,Over speed,Four lanes or more with central divider,Straight road,,Mist/Fog,AP26Z   0227,P.V,Minor,0
15.01.2018,3:50 AM,1202.2,RHS,Rural,Reningavaram,Rear End Collision,,Bus,Non injury,Over speed,Four lanes or more with central divider,Straight road,,Mist/Fog,AP26Z   0227,P.V,Non injured,12
15.01.2018,3:50 AM,1202.2,RHS,Rural,Reningavaram,Rear End Collision,,Bus,Non injury,Over speed,Four lanes or more with central divider,Straight road,,Mist/Fog,AP26Z   0227,P.V,Animals affected,0