Operational date,Time of Accident,KM && M,Position,Rural/Urban,Location,Nature of Accident Position,Nature of Accident,Vehicle Involved,Type of Accident,Causes,Road Feature,Road condition,Intersection Type And Control,Weather Condition,Vehicle Responsible,Help Provided by Ambulance/Patroling Vehicle,Classification of Accident,No of Affected Persons
16.01.2018,4:00 AM,1216.4,RHS,Rural,Medarametla,Rear End Collision,,Trailler,Non injury,Fault of driver of motor vehicle/driver of other vehicle/cyclist/pedestrian/passenger,Four lanes or more with central divider,Slight curve,,Fine,AP27TW 347,P.V,Fatal,0
16.01.2018,4:00 AM,1216.4,RHS,Rural,Medarametla,Rear End Collision,,Trailler,Non injury,Fault of driver of motor vehicle/driver of other vehicle/cyclist/pedestrian/passenger,Four lanes or more with central divider,Slight curve,,Fine,AP27TW 347,P.V,Grevious,0
16.01.2018,4:00 AM,1216.4,RHS,Rural,Medarametla,Rear End Collision,,Trailler,Non injury,Fault of driver of motor vehicle/driver of other vehicle/cyclist/pedestrian/passenger,Four lanes or more with central divider,Slight curve,,Fine,AP27TW 347,P.V,Minor,0
16.01.2018,4:00 AM,1216.4,RHS,Rural,Medarametla,Rear End Collision,,Trailler,Non injury,Fault of driver of motor vehicle/driver of other vehicle/cyclist/pedestrian/passenger,Four lanes or more with central divider,Slight curve,,Fine,AP27TW 347,P.V,Non injured,1
16.01.2018,4:00 AM,1216.4,RHS,Rural,Medarametla,Rear End Collision,,Trailler,Non injury,Fault of driver of motor vehicle/driver of other vehicle/cyclist/pedestrian/passenger,Four lanes or more with central divider,Slight curve,,Fine,AP27TW 347,P.V,Animals affected,0
16.01.2018,4:35 AM,1328.5,RHS,Rural,Kavali,Collision Brush/Side Wipe,,Car,Non injury,Over speed,Four lanes or more with central divider,Straight road,,Mist/Fog,TN12W 5110,P.V,Fatal,0
16.01.2018,4:35 AM,1328.5,RHS,Rural,Kavali,Collision Brush/Side Wipe,,Car,Non injury,Over speed,Four lanes or more with central divider,Straight road,,Mist/Fog,TN12W 5110,P.V,Grevious,0
16.01.2018,4:35 AM,1328.5,RHS,Rural,Kavali,Collision Brush/Side Wipe,,Car,Non injury,Over speed,Four lanes or more with central divider,Straight road,,Mist/Fog,TN12W 5110,P.V,Minor,0
16.01.2018,4:35 AM,1328.5,RHS,Rural,Kavali,Collision Brush/Side Wipe,,Car,Non injury,Over speed,Four lanes or more with central divider,Straight road,,Mist/Fog,TN12W 5110,P.V,Non injured,6
16.01.2018,4:35 AM,1328.5,RHS,Rural,Kavali,Collision Brush/Side Wipe,,Car,Non injury,Over speed,Four lanes or more with central divider,Straight road,,Mist/Fog,TN12W 5110,P.V,Animals affected,0
16.01.2018,6:55 AM,1328.2,RHS,Rural,Kavali,Overturning,,Car,Non injury,Over speed,Four lanes or more with central divider,Straight road,,Mist/Fog,TN14H  6459, P.V,Fatal,0
16.01.2018,6:55 AM,1328.2,RHS,Rural,Kavali,Overturning,,Car,Non injury,Over speed,Four lanes or more with central divider,Straight road,,Mist/Fog,TN14H  6459, P.V,Grevious,0
16.01.2018,6:55 AM,1328.2,RHS,Rural,Kavali,Overturning,,Car,Non injury,Over speed,Four lanes or more with central divider,Straight road,,Mist/Fog,TN14H  6459, P.V,Minor,0
16.01.2018,6:55 AM,1328.2,RHS,Rural,Kavali,Overturning,,Car,Non injury,Over speed,Four lanes or more with central divider,Straight road,,Mist/Fog,TN14H  6459, P.V,Non injured,1
16.01.2018,6:55 AM,1328.2,RHS,Rural,Kavali,Overturning,,Car,Non injury,Over speed,Four lanes or more with central divider,Straight road,,Mist/Fog,TN14H  6459, P.V,Animals affected,0
16.01.2018,9:29 AM,1324.4,RHS,Rural,Kavali,Collision Brush/Side Wipe,,Bike,Grievious injury,Over speed,Four lanes or more with central divider,Straight road,,Fine,Bike number Unknown,AMB,Fatal,0
16.01.2018,9:29 AM,1324.4,RHS,Rural,Kavali,Collision Brush/Side Wipe,,Bike,Grievious injury,Over speed,Four lanes or more with central divider,Straight road,,Fine,Bike number Unknown,AMB,Grevious,1
16.01.2018,9:29 AM,1324.4,RHS,Rural,Kavali,Collision Brush/Side Wipe,,Bike,Grievious injury,Over speed,Four lanes or more with central divider,Straight road,,Fine,Bike number Unknown,AMB,Minor,0
16.01.2018,9:29 AM,1324.4,RHS,Rural,Kavali,Collision Brush/Side Wipe,,Bike,Grievious injury,Over speed,Four lanes or more with central divider,Straight road,,Fine,Bike number Unknown,AMB,Non injured,1
16.01.2018,9:29 AM,1324.4,RHS,Rural,Kavali,Collision Brush/Side Wipe,,Bike,Grievious injury,Over speed,Four lanes or more with central divider,Straight road,,Fine,Bike number Unknown,AMB,Animals affected,0
16.01.2018,9:30 AM,1334.8,RHS,Rural,K.Tippa ,Collision Brush/Side Wipe,,Car,Minor injury,Fault of driver of motor vehicle/driver of other vehicle/cyclist/pedestrian/passenger,Two lanes,Straight road,,Fine,AP26TF 1735,P.V,Fatal,0
16.01.2018,9:30 AM,1334.8,RHS,Rural,K.Tippa ,Collision Brush/Side Wipe,,Car,Minor injury,Fault of driver of motor vehicle/driver of other vehicle/cyclist/pedestrian/passenger,Two lanes,Straight road,,Fine,AP26TF 1735,P.V,Grevious,0
16.01.2018,9:30 AM,1334.8,RHS,Rural,K.Tippa ,Collision Brush/Side Wipe,,Car,Minor injury,Fault of driver of motor vehicle/driver of other vehicle/cyclist/pedestrian/passenger,Two lanes,Straight road,,Fine,AP26TF 1735,P.V,Minor,3
16.01.2018,9:30 AM,1334.8,RHS,Rural,K.Tippa ,Collision Brush/Side Wipe,,Car,Minor injury,Fault of driver of motor vehicle/driver of other vehicle/cyclist/pedestrian/passenger,Two lanes,Straight road,,Fine,AP26TF 1735,P.V,Non injured,9
16.01.2018,9:30 AM,1334.8,RHS,Rural,K.Tippa ,Collision Brush/Side Wipe,,Car,Minor injury,Fault of driver of motor vehicle/driver of other vehicle/cyclist/pedestrian/passenger,Two lanes,Straight road,,Fine,AP26TF 1735,P.V,Animals affected,0
16.01.2018,7:15 PM,1274.8,RHS,Rural,Singarayakonda,Skidding,,Bike,Minor injury,Over speed,Four lanes or more with central divider,Straight road,,Fine,AP27BH 2309,AMB&P.V,Fatal,0
16.01.2018,7:15 PM,1274.8,RHS,Rural,Singarayakonda,Skidding,,Bike,Minor injury,Over speed,Four lanes or more with central divider,Straight road,,Fine,AP27BH 2309,AMB&P.V,Grevious,0
16.01.2018,7:15 PM,1274.8,RHS,Rural,Singarayakonda,Skidding,,Bike,Minor injury,Over speed,Four lanes or more with central divider,Straight road,,Fine,AP27BH 2309,AMB&P.V,Minor,2
16.01.2018,7:15 PM,1274.8,RHS,Rural,Singarayakonda,Skidding,,Bike,Minor injury,Over speed,Four lanes or more with central divider,Straight road,,Fine,AP27BH 2309,AMB&P.V,Non injured,1
16.01.2018,7:15 PM,1274.8,RHS,Rural,Singarayakonda,Skidding,,Bike,Minor injury,Over speed,Four lanes or more with central divider,Straight road,,Fine,AP27BH 2309,AMB&P.V,Animals affected,0
17.01.2018,5:15 AM,1285.3,RHS,Rural,Ulavapadu,Overturning,,Truck,Non injury,Fault of driver of motor vehicle/driver of other vehicle/cyclist/pedestrian/passenger,Four lanes or more with central divider,Straight road,,Fine,TN23CC 7480, P.V,Fatal,0
17.01.2018,5:15 AM,1285.3,RHS,Rural,Ulavapadu,Overturning,,Truck,Non injury,Fault of driver of motor vehicle/driver of other vehicle/cyclist/pedestrian/passenger,Four lanes or more with central divider,Straight road,,Fine,TN23CC 7480, P.V,Grevious,0
17.01.2018,5:15 AM,1285.3,RHS,Rural,Ulavapadu,Overturning,,Truck,Non injury,Fault of driver of motor vehicle/driver of other vehicle/cyclist/pedestrian/passenger,Four lanes or more with central divider,Straight road,,Fine,TN23CC 7480, P.V,Minor,0
17.01.2018,5:15 AM,1285.3,RHS,Rural,Ulavapadu,Overturning,,Truck,Non injury,Fault of driver of motor vehicle/driver of other vehicle/cyclist/pedestrian/passenger,Four lanes or more with central divider,Straight road,,Fine,TN23CC 7480, P.V,Non injured,1
17.01.2018,5:15 AM,1285.3,RHS,Rural,Ulavapadu,Overturning,,Truck,Non injury,Fault of driver of motor vehicle/driver of other vehicle/cyclist/pedestrian/passenger,Four lanes or more with central divider,Straight road,,Fine,TN23CC 7480, P.V,Animals affected,0
17.01.2018,10:50 AM,1298.5,RHS,Rural,Gudluru,Collision Brush/Side Wipe,,Car,Non injury,Over speed,Four lanes or more with central divider,Straight road,,Fine,TS15UA 3630,P.V,Fatal,0
17.01.2018,10:50 AM,1298.5,RHS,Rural,Gudluru,Collision Brush/Side Wipe,,Car,Non injury,Over speed,Four lanes or more with central divider,Straight road,,Fine,TS15UA 3630,P.V,Grevious,0
17.01.2018,10:50 AM,1298.5,RHS,Rural,Gudluru,Collision Brush/Side Wipe,,Car,Non injury,Over speed,Four lanes or more with central divider,Straight road,,Fine,TS15UA 3630,P.V,Minor,0
17.01.2018,10:50 AM,1298.5,RHS,Rural,Gudluru,Collision Brush/Side Wipe,,Car,Non injury,Over speed,Four lanes or more with central divider,Straight road,,Fine,TS15UA 3630,P.V,Non injured,5
17.01.2018,10:50 AM,1298.5,RHS,Rural,Gudluru,Collision Brush/Side Wipe,,Car,Non injury,Over speed,Four lanes or more with central divider,Straight road,,Fine,TS15UA 3630,P.V,Animals affected,0
17.01.2018,11:47 AM,1354.7,RHS,Rural,Kodavaluru,Rear End Collision,,Truck,Non injury,Over speed,Four lanes or more with central divider,Straight road,,Fine,TS15UA 3630,P.V,Fatal,0
17.01.2018,11:47 AM,1354.7,RHS,Rural,Kodavaluru,Rear End Collision,,Truck,Non injury,Over speed,Four lanes or more with central divider,Straight road,,Fine,TS15UA 3630,P.V,Grevious,0
17.01.2018,11:47 AM,1354.7,RHS,Rural,Kodavaluru,Rear End Collision,,Truck,Non injury,Over speed,Four lanes or more with central divider,Straight road,,Fine,TS15UA 3630,P.V,Minor,0
17.01.2018,11:47 AM,1354.7,RHS,Rural,Kodavaluru,Rear End Collision,,Truck,Non injury,Over speed,Four lanes or more with central divider,Straight road,,Fine,TS15UA 3630,P.V,Non injured,1
17.01.2018,11:47 AM,1354.7,RHS,Rural,Kodavaluru,Rear End Collision,,Truck,Non injury,Over speed,Four lanes or more with central divider,Straight road,,Fine,TS15UA 3630,P.V,Animals affected,0
17.01.2018,1:35 PM,1266.1,RHS,Rural,Tangutur,Collision Brush/Side Wipe,,Auto,Non injury,Fault of driver of motor vehicle/driver of other vehicle/cyclist/pedestrian/passenger,Two lanes,Straight road,Four arm junction,Fine,AP27TY 2323,P.V,Fatal,0
17.01.2018,1:35 PM,1266.1,RHS,Rural,Tangutur,Collision Brush/Side Wipe,,Auto,Non injury,Fault of driver of motor vehicle/driver of other vehicle/cyclist/pedestrian/passenger,Two lanes,Straight road,Four arm junction,Fine,AP27TY 2323,P.V,Grevious,0
17.01.2018,1:35 PM,1266.1,RHS,Rural,Tangutur,Collision Brush/Side Wipe,,Auto,Non injury,Fault of driver of motor vehicle/driver of other vehicle/cyclist/pedestrian/passenger,Two lanes,Straight road,Four arm junction,Fine,AP27TY 2323,P.V,Minor,0
17.01.2018,1:35 PM,1266.1,RHS,Rural,Tangutur,Collision Brush/Side Wipe,,Auto,Non injury,Fault of driver of motor vehicle/driver of other vehicle/cyclist/pedestrian/passenger,Two lanes,Straight road,Four arm junction,Fine,AP27TY 2323,P.V,Non injured,20
17.01.2018,1:35 PM,1266.1,RHS,Rural,Tangutur,Collision Brush/Side Wipe,,Auto,Non injury,Fault of driver of motor vehicle/driver of other vehicle/cyclist/pedestrian/passenger,Two lanes,Straight road,Four arm junction,Fine,AP27TY 2323,P.V,Animals affected,0
17.01.2018,5:15 PM,1240,RHS,Rural,Ongole,Collision Brush/Side Wipe,,Unknown vehicle,Grievious injury,Over speed,Four lanes or more with central divider,Slight curve,,Fine,Unknown Vehicle,P.V,Fatal,0
17.01.2018,5:15 PM,1240,RHS,Rural,Ongole,Collision Brush/Side Wipe,,Unknown vehicle,Grievious injury,Over speed,Four lanes or more with central divider,Slight curve,,Fine,Unknown Vehicle,P.V,Grevious,1
17.01.2018,5:15 PM,1240,RHS,Rural,Ongole,Collision Brush/Side Wipe,,Unknown vehicle,Grievious injury,Over speed,Four lanes or more with central divider,Slight curve,,Fine,Unknown Vehicle,P.V,Minor,1
17.01.2018,5:15 PM,1240,RHS,Rural,Ongole,Collision Brush/Side Wipe,,Unknown vehicle,Grievious injury,Over speed,Four lanes or more with central divider,Slight curve,,Fine,Unknown Vehicle,P.V,Non injured,0
17.01.2018,5:15 PM,1240,RHS,Rural,Ongole,Collision Brush/Side Wipe,,Unknown vehicle,Grievious injury,Over speed,Four lanes or more with central divider,Slight curve,,Fine,Unknown Vehicle,P.V,Animals affected,0
18.01.2018,5:45 AM,1318.3,RHS,Rural,Kavali,Overturning,,Truck,Non injury,Fault of driver of motor vehicle/driver of other vehicle/cyclist/pedestrian/passenger,Four lanes or more with central divider,Straight road,,Mist/Fog,AP16TG 8649, P.V,Fatal,0
18.01.2018,5:45 AM,1318.3,RHS,Rural,Kavali,Overturning,,Truck,Non injury,Fault of driver of motor vehicle/driver of other vehicle/cyclist/pedestrian/passenger,Four lanes or more with central divider,Straight road,,Mist/Fog,AP16TG 8649, P.V,Grevious,0
18.01.2018,5:45 AM,1318.3,RHS,Rural,Kavali,Overturning,,Truck,Non injury,Fault of driver of motor vehicle/driver of other vehicle/cyclist/pedestrian/passenger,Four lanes or more with central divider,Straight road,,Mist/Fog,AP16TG 8649, P.V,Minor,0
18.01.2018,5:45 AM,1318.3,RHS,Rural,Kavali,Overturning,,Truck,Non injury,Fault of driver of motor vehicle/driver of other vehicle/cyclist/pedestrian/passenger,Four lanes or more with central divider,Straight road,,Mist/Fog,AP16TG 8649, P.V,Non injured,2
18.01.2018,5:45 AM,1318.3,RHS,Rural,Kavali,Overturning,,Truck,Non injury,Fault of driver of motor vehicle/driver of other vehicle/cyclist/pedestrian/passenger,Four lanes or more with central divider,Straight road,,Mist/Fog,AP16TG 8649, P.V,Animals affected,0
18.01.2018,9:37 AM,1202.4,RHS,Rural,Reningavaram,Collision Brush/Side Wipe,,Bike,Grievious injury,Over speed,Four lanes or more with central divider,Straight road,,Fine,F/R Scooty,AMB,Fatal,0
18.01.2018,9:37 AM,1202.4,RHS,Rural,Reningavaram,Collision Brush/Side Wipe,,Bike,Grievious injury,Over speed,Four lanes or more with central divider,Straight road,,Fine,F/R Scooty,AMB,Grevious,1
18.01.2018,9:37 AM,1202.4,RHS,Rural,Reningavaram,Collision Brush/Side Wipe,,Bike,Grievious injury,Over speed,Four lanes or more with central divider,Straight road,,Fine,F/R Scooty,AMB,Minor,0
18.01.2018,9:37 AM,1202.4,RHS,Rural,Reningavaram,Collision Brush/Side Wipe,,Bike,Grievious injury,Over speed,Four lanes or more with central divider,Straight road,,Fine,F/R Scooty,AMB,Non injured,2
18.01.2018,9:37 AM,1202.4,RHS,Rural,Reningavaram,Collision Brush/Side Wipe,,Bike,Grievious injury,Over speed,Four lanes or more with central divider,Straight road,,Fine,F/R Scooty,AMB,Animals affected,0
18.01.2018,10:20 AM,1282,RHS,Rural,Singarayakonda,Rear End Collision,,Car,Fatal,Over speed,Four lanes or more with central divider,Straight road,,Fine,KA41P    7533,P.V,Fatal,1
18.01.2018,10:20 AM,1282,RHS,Rural,Singarayakonda,Rear End Collision,,Car,Fatal,Over speed,Four lanes or more with central divider,Straight road,,Fine,KA41P    7533,P.V,Grevious,1
18.01.2018,10:20 AM,1282,RHS,Rural,Singarayakonda,Rear End Collision,,Car,Fatal,Over speed,Four lanes or more with central divider,Straight road,,Fine,KA41P    7533,P.V,Minor,0
18.01.2018,10:20 AM,1282,RHS,Rural,Singarayakonda,Rear End Collision,,Car,Fatal,Over speed,Four lanes or more with central divider,Straight road,,Fine,KA41P    7533,P.V,Non injured,1
18.01.2018,10:20 AM,1282,RHS,Rural,Singarayakonda,Rear End Collision,,Car,Fatal,Over speed,Four lanes or more with central divider,Straight road,,Fine,KA41P    7533,P.V,Animals affected,0
18.01.2018,4:25 PM,1360.2,RHS,Rural,Kodavaluru,Rear End Collision,,Car,Minor injury,Over speed,Four lanes or more with central divider,Straight road,,Fine,AP26BB  8555,P.V,Fatal,0
18.01.2018,4:25 PM,1360.2,RHS,Rural,Kodavaluru,Rear End Collision,,Car,Minor injury,Over speed,Four lanes or more with central divider,Straight road,,Fine,AP26BB  8555,P.V,Grevious,0
18.01.2018,4:25 PM,1360.2,RHS,Rural,Kodavaluru,Rear End Collision,,Car,Minor injury,Over speed,Four lanes or more with central divider,Straight road,,Fine,AP26BB  8555,P.V,Minor,1
18.01.2018,4:25 PM,1360.2,RHS,Rural,Kodavaluru,Rear End Collision,,Car,Minor injury,Over speed,Four lanes or more with central divider,Straight road,,Fine,AP26BB  8555,P.V,Non injured,5
18.01.2018,4:25 PM,1360.2,RHS,Rural,Kodavaluru,Rear End Collision,,Car,Minor injury,Over speed,Four lanes or more with central divider,Straight road,,Fine,AP26BB  8555,P.V,Animals affected,0
18.01.2018,4:38 PM,1185.6,RHS,Rural,Martur,Collision Brush/Side Wipe,,Car,Grievious injury,Fault of driver of motor vehicle/driver of other vehicle/cyclist/pedestrian/passenger,Four lanes or more with central divider,Straight road,,Fine,AP07AN       5196,AMB,Fatal,0
18.01.2018,4:38 PM,1185.6,RHS,Rural,Martur,Collision Brush/Side Wipe,,Car,Grievious injury,Fault of driver of motor vehicle/driver of other vehicle/cyclist/pedestrian/passenger,Four lanes or more with central divider,Straight road,,Fine,AP07AN       5196,AMB,Grevious,2
18.01.2018,4:38 PM,1185.6,RHS,Rural,Martur,Collision Brush/Side Wipe,,Car,Grievious injury,Fault of driver of motor vehicle/driver of other vehicle/cyclist/pedestrian/passenger,Four lanes or more with central divider,Straight road,,Fine,AP07AN       5196,AMB,Minor,0
18.01.2018,4:38 PM,1185.6,RHS,Rural,Martur,Collision Brush/Side Wipe,,Car,Grievious injury,Fault of driver of motor vehicle/driver of other vehicle/cyclist/pedestrian/passenger,Four lanes or more with central divider,Straight road,,Fine,AP07AN       5196,AMB,Non injured,3
18.01.2018,4:38 PM,1185.6,RHS,Rural,Martur,Collision Brush/Side Wipe,,Car,Grievious injury,Fault of driver of motor vehicle/driver of other vehicle/cyclist/pedestrian/passenger,Four lanes or more with central divider,Straight road,,Fine,AP07AN       5196,AMB,Animals affected,0
18.01.2018,5:44 PM,1185.7,RHS,Rural,Martur,Collision Brush/Side Wipe,,Car,Grievious injury,Fault of driver of motor vehicle/driver of other vehicle/cyclist/pedestrian/passenger,Four lanes or more with central divider,Straight road,,Fine,AP27AS   9786,AMB,Fatal,0
18.01.2018,5:44 PM,1185.7,RHS,Rural,Martur,Collision Brush/Side Wipe,,Car,Grievious injury,Fault of driver of motor vehicle/driver of other vehicle/cyclist/pedestrian/passenger,Four lanes or more with central divider,Straight road,,Fine,AP27AS   9786,AMB,Grevious,2
18.01.2018,5:44 PM,1185.7,RHS,Rural,Martur,Collision Brush/Side Wipe,,Car,Grievious injury,Fault of driver of motor vehicle/driver of other vehicle/cyclist/pedestrian/passenger,Four lanes or more with central divider,Straight road,,Fine,AP27AS   9786,AMB,Minor,0
18.01.2018,5:44 PM,1185.7,RHS,Rural,Martur,Collision Brush/Side Wipe,,Car,Grievious injury,Fault of driver of motor vehicle/driver of other vehicle/cyclist/pedestrian/passenger,Four lanes or more with central divider,Straight road,,Fine,AP27AS   9786,AMB,Non injured,0
18.01.2018,5:44 PM,1185.7,RHS,Rural,Martur,Collision Brush/Side Wipe,,Car,Grievious injury,Fault of driver of motor vehicle/driver of other vehicle/cyclist/pedestrian/passenger,Four lanes or more with central divider,Straight road,,Fine,AP27AS   9786,AMB,Animals affected,0
18.01.2018,8:35 PM,1328.2,RHS,Rural,Kavali,Skidding,,Bike,Grievious injury,Over speed,Four lanes or more with central divider,Straight road,,Fine,AP03BN    3169,A.M.B & P.V,Fatal,0
18.01.2018,8:35 PM,1328.2,RHS,Rural,Kavali,Skidding,,Bike,Grievious injury,Over speed,Four lanes or more with central divider,Straight road,,Fine,AP03BN    3169,A.M.B & P.V,Grevious,1
18.01.2018,8:35 PM,1328.2,RHS,Rural,Kavali,Skidding,,Bike,Grievious injury,Over speed,Four lanes or more with central divider,Straight road,,Fine,AP03BN    3169,A.M.B & P.V,Minor,0
18.01.2018,8:35 PM,1328.2,RHS,Rural,Kavali,Skidding,,Bike,Grievious injury,Over speed,Four lanes or more with central divider,Straight road,,Fine,AP03BN    3169,A.M.B & P.V,Non injured,0
18.01.2018,8:35 PM,1328.2,RHS,Rural,Kavali,Skidding,,Bike,Grievious injury,Over speed,Four lanes or more with central divider,Straight road,,Fine,AP03BN    3169,A.M.B & P.V,Animals affected,0
19.01.2018,10:20 AM,1277,RHS,Rural,Singarayakonda,Collision Brush/Side Wipe,,Bike,Minor injury,Fault of driver of motor vehicle/driver of other vehicle/cyclist/pedestrian/passenger,Four lanes or more with central divider,Straight road,Four arm junction,Fine,AP29BF   7136, P.V,Fatal,0
19.01.2018,10:20 AM,1277,RHS,Rural,Singarayakonda,Collision Brush/Side Wipe,,Bike,Minor injury,Fault of driver of motor vehicle/driver of other vehicle/cyclist/pedestrian/passenger,Four lanes or more with central divider,Straight road,Four arm junction,Fine,AP29BF   7136, P.V,Grevious,0
19.01.2018,10:20 AM,1277,RHS,Rural,Singarayakonda,Collision Brush/Side Wipe,,Bike,Minor injury,Fault of driver of motor vehicle/driver of other vehicle/cyclist/pedestrian/passenger,Four lanes or more with central divider,Straight road,Four arm junction,Fine,AP29BF   7136, P.V,Minor,2
19.01.2018,10:20 AM,1277,RHS,Rural,Singarayakonda,Collision Brush/Side Wipe,,Bike,Minor injury,Fault of driver of motor vehicle/driver of other vehicle/cyclist/pedestrian/passenger,Four lanes or more with central divider,Straight road,Four arm junction,Fine,AP29BF   7136, P.V,Non injured,3
19.01.2018,10:20 AM,1277,RHS,Rural,Singarayakonda,Collision Brush/Side Wipe,,Bike,Minor injury,Fault of driver of motor vehicle/driver of other vehicle/cyclist/pedestrian/passenger,Four lanes or more with central divider,Straight road,Four arm junction,Fine,AP29BF   7136, P.V,Animals affected,0
20.01.2018,11:00 PM,1321.2,RHS,Rural,Kavali,Rear End Collision,,Truck,Non injury,Over speed,Four lanes or more with central divider,Straight road,,Fine,AP29U  8028, P.V,Fatal,0
20.01.2018,11:00 PM,1321.2,RHS,Rural,Kavali,Rear End Collision,,Truck,Non injury,Over speed,Four lanes or more with central divider,Straight road,,Fine,AP29U  8028, P.V,Grevious,0
20.01.2018,11:00 PM,1321.2,RHS,Rural,Kavali,Rear End Collision,,Truck,Non injury,Over speed,Four lanes or more with central divider,Straight road,,Fine,AP29U  8028, P.V,Minor,0
20.01.2018,11:00 PM,1321.2,RHS,Rural,Kavali,Rear End Collision,,Truck,Non injury,Over speed,Four lanes or more with central divider,Straight road,,Fine,AP29U  8028, P.V,Non injured,1
20.01.2018,11:00 PM,1321.2,RHS,Rural,Kavali,Rear End Collision,,Truck,Non injury,Over speed,Four lanes or more with central divider,Straight road,,Fine,AP29U  8028, P.V,Animals affected,0
20.01.2018,11:50 PM,1357.9,RHS,Rural,Kodavaluru,Collision Brush/Side Wipe,,LCV,Non injury,Defect in mechanical condition of motor vehicle/road condition,Four lanes or more with central divider,Straight road,,Fine,AP29U  7614, P.V,Fatal,0
20.01.2018,11:50 PM,1357.9,RHS,Rural,Kodavaluru,Collision Brush/Side Wipe,,LCV,Non injury,Defect in mechanical condition of motor vehicle/road condition,Four lanes or more with central divider,Straight road,,Fine,AP29U  7614, P.V,Grevious,0
20.01.2018,11:50 PM,1357.9,RHS,Rural,Kodavaluru,Collision Brush/Side Wipe,,LCV,Non injury,Defect in mechanical condition of motor vehicle/road condition,Four lanes or more with central divider,Straight road,,Fine,AP29U  7614, P.V,Minor,0
20.01.2018,11:50 PM,1357.9,RHS,Rural,Kodavaluru,Collision Brush/Side Wipe,,LCV,Non injury,Defect in mechanical condition of motor vehicle/road condition,Four lanes or more with central divider,Straight road,,Fine,AP29U  7614, P.V,Non injured,1
20.01.2018,11:50 PM,1357.9,RHS,Rural,Kodavaluru,Collision Brush/Side Wipe,,LCV,Non injury,Defect in mechanical condition of motor vehicle/road condition,Four lanes or more with central divider,Straight road,,Fine,AP29U  7614, P.V,Animals affected,0
21.01.2018,6:05 AM,1289.7,RHS,Rural,Ulavapadu,Rear End Collision,,Bus,Grievious injury,Fault of driver of motor vehicle/driver of other vehicle/cyclist/pedestrian/passenger,Four lanes or more with central divider,Straight road,,Fine,AP29Z    0303, P.V,Fatal,0
21.01.2018,6:05 AM,1289.7,RHS,Rural,Ulavapadu,Rear End Collision,,Bus,Grievious injury,Fault of driver of motor vehicle/driver of other vehicle/cyclist/pedestrian/passenger,Four lanes or more with central divider,Straight road,,Fine,AP29Z    0303, P.V,Grevious,1
21.01.2018,6:05 AM,1289.7,RHS,Rural,Ulavapadu,Rear End Collision,,Bus,Grievious injury,Fault of driver of motor vehicle/driver of other vehicle/cyclist/pedestrian/passenger,Four lanes or more with central divider,Straight road,,Fine,AP29Z    0303, P.V,Minor,0
21.01.2018,6:05 AM,1289.7,RHS,Rural,Ulavapadu,Rear End Collision,,Bus,Grievious injury,Fault of driver of motor vehicle/driver of other vehicle/cyclist/pedestrian/passenger,Four lanes or more with central divider,Straight road,,Fine,AP29Z    0303, P.V,Non injured,2
21.01.2018,6:05 AM,1289.7,RHS,Rural,Ulavapadu,Rear End Collision,,Bus,Grievious injury,Fault of driver of motor vehicle/driver of other vehicle/cyclist/pedestrian/passenger,Four lanes or more with central divider,Straight road,,Fine,AP29Z    0303, P.V,Animals affected,0
21.01.2018,10:15 AM,1326.5,RHS,Rural,Kavali,Overturning,,Car,Minor injury,Defect in mechanical condition of motor vehicle/road condition,Four lanes or more with central divider,Straight road,,Fine,AP16CS  0159,A.M.B & P.V,Fatal,0
21.01.2018,10:15 AM,1326.5,RHS,Rural,Kavali,Overturning,,Car,Minor injury,Defect in mechanical condition of motor vehicle/road condition,Four lanes or more with central divider,Straight road,,Fine,AP16CS  0159,A.M.B & P.V,Grevious,0
21.01.2018,10:15 AM,1326.5,RHS,Rural,Kavali,Overturning,,Car,Minor injury,Defect in mechanical condition of motor vehicle/road condition,Four lanes or more with central divider,Straight road,,Fine,AP16CS  0159,A.M.B & P.V,Minor,5
21.01.2018,10:15 AM,1326.5,RHS,Rural,Kavali,Overturning,,Car,Minor injury,Defect in mechanical condition of motor vehicle/road condition,Four lanes or more with central divider,Straight road,,Fine,AP16CS  0159,A.M.B & P.V,Non injured,2
21.01.2018,10:15 AM,1326.5,RHS,Rural,Kavali,Overturning,,Car,Minor injury,Defect in mechanical condition of motor vehicle/road condition,Four lanes or more with central divider,Straight road,,Fine,AP16CS  0159,A.M.B & P.V,Animals affected,0
22.01.2018,5:25 PM,1206.4,RHS,Rural,Reningavaram,Overturning,,Truck,Minor injury,Fault of driver of motor vehicle/driver of other vehicle/cyclist/pedestrian/passenger,Four lanes or more with central divider,Straight road,,Fine,WB11C  6434,A.M.B & P.V,Fatal,0
22.01.2018,5:25 PM,1206.4,RHS,Rural,Reningavaram,Overturning,,Truck,Minor injury,Fault of driver of motor vehicle/driver of other vehicle/cyclist/pedestrian/passenger,Four lanes or more with central divider,Straight road,,Fine,WB11C  6434,A.M.B & P.V,Grevious,0
22.01.2018,5:25 PM,1206.4,RHS,Rural,Reningavaram,Overturning,,Truck,Minor injury,Fault of driver of motor vehicle/driver of other vehicle/cyclist/pedestrian/passenger,Four lanes or more with central divider,Straight road,,Fine,WB11C  6434,A.M.B & P.V,Minor,4