Operational date,Time of Accident,KM && M,Position,Rural/Urban,Location,Nature of Accident Position,Nature of Accident,Vehicle Involved,Type of Accident,Causes,Road Feature,Road condition,Intersection Type And Control,Weather Condition,Vehicle Responsible,Help Provided by Ambulance/Patroling Vehicle,Classification of Accident,No of Affected Persons
22.01.2018,5:25 PM,1206.4,RHS,Rural,Reningavaram,Overturning,,Truck,Minor injury,Fault of driver of motor vehicle/driver of other vehicle/cyclist/pedestrian/passenger,Four lanes or more with central divider,Straight road,,Fine,WB11C  6434,A.M.B & P.V,Non injured,3
22.01.2018,5:25 PM,1206.4,RHS,Rural,Reningavaram,Overturning,,Truck,Minor injury,Fault of driver of motor vehicle/driver of other vehicle/cyclist/pedestrian/passenger,Four lanes or more with central divider,Straight road,,Fine,WB11C  6434,A.M.B & P.V,Animals affected,0
23.01.2018,12:30 AM,1215.2,RHS,Rural,Medarametla,Collision Brush/Side Wipe,,Container,Non injury,Fault of driver of motor vehicle/driver of other vehicle/cyclist/pedestrian/passenger,Four lanes or more with central divider,Straight road,,Fine,TN28AJ 8223, P.V,Fatal,0
23.01.2018,12:30 AM,1215.2,RHS,Rural,Medarametla,Collision Brush/Side Wipe,,Container,Non injury,Fault of driver of motor vehicle/driver of other vehicle/cyclist/pedestrian/passenger,Four lanes or more with central divider,Straight road,,Fine,TN28AJ 8223, P.V,Grevious,0
23.01.2018,12:30 AM,1215.2,RHS,Rural,Medarametla,Collision Brush/Side Wipe,,Container,Non injury,Fault of driver of motor vehicle/driver of other vehicle/cyclist/pedestrian/passenger,Four lanes or more with central divider,Straight road,,Fine,TN28AJ 8223, P.V,Minor,0
23.01.2018,12:30 AM,1215.2,RHS,Rural,Medarametla,Collision Brush/Side Wipe,,Container,Non injury,Fault of driver of motor vehicle/driver of other vehicle/cyclist/pedestrian/passenger,Four lanes or more with central divider,Straight road,,Fine,TN28AJ 8223, P.V,Non injured,2
23.01.2018,12:30 AM,1215.2,RHS,Rural,Medarametla,Collision Brush/Side Wipe,,Container,Non injury,Fault of driver of motor vehicle/driver of other vehicle/cyclist/pedestrian/passenger,Four lanes or more with central divider,Straight road,,Fine,TN28AJ 8223, P.V,Animals affected,0
23.01.2018,3:50 PM,1359.2,RHS,Rural,Kodavaluru,Collision Brush/Side Wipe,,Car,Non injury,Defect in mechanical condition of motor vehicle/road condition,Four lanes or more with central divider,Sharp curve,,Fine,KA34M  5961, P.V,Fatal,0
23.01.2018,3:50 PM,1359.2,RHS,Rural,Kodavaluru,Collision Brush/Side Wipe,,Car,Non injury,Defect in mechanical condition of motor vehicle/road condition,Four lanes or more with central divider,Sharp curve,,Fine,KA34M  5961, P.V,Grevious,0
23.01.2018,3:50 PM,1359.2,RHS,Rural,Kodavaluru,Collision Brush/Side Wipe,,Car,Non injury,Defect in mechanical condition of motor vehicle/road condition,Four lanes or more with central divider,Sharp curve,,Fine,KA34M  5961, P.V,Minor,0
23.01.2018,3:50 PM,1359.2,RHS,Rural,Kodavaluru,Collision Brush/Side Wipe,,Car,Non injury,Defect in mechanical condition of motor vehicle/road condition,Four lanes or more with central divider,Sharp curve,,Fine,KA34M  5961, P.V,Non injured,4
23.01.2018,3:50 PM,1359.2,RHS,Rural,Kodavaluru,Collision Brush/Side Wipe,,Car,Non injury,Defect in mechanical condition of motor vehicle/road condition,Four lanes or more with central divider,Sharp curve,,Fine,KA34M  5961, P.V,Animals affected,0
24.01.2018,7:40 AM,1329.5,RHS,Rural,Kavali,Skidding,,Bike,Minor injury,Over speed,Four lanes or more with central divider,Straight road,,Fine,TN03W  1233, P.V&AMB,Fatal,0
24.01.2018,7:40 AM,1329.5,RHS,Rural,Kavali,Skidding,,Bike,Minor injury,Over speed,Four lanes or more with central divider,Straight road,,Fine,TN03W  1233, P.V&AMB,Grevious,0
24.01.2018,7:40 AM,1329.5,RHS,Rural,Kavali,Skidding,,Bike,Minor injury,Over speed,Four lanes or more with central divider,Straight road,,Fine,TN03W  1233, P.V&AMB,Minor,1
24.01.2018,7:40 AM,1329.5,RHS,Rural,Kavali,Skidding,,Bike,Minor injury,Over speed,Four lanes or more with central divider,Straight road,,Fine,TN03W  1233, P.V&AMB,Non injured,0
24.01.2018,7:40 AM,1329.5,RHS,Rural,Kavali,Skidding,,Bike,Minor injury,Over speed,Four lanes or more with central divider,Straight road,,Fine,TN03W  1233, P.V&AMB,Animals affected,0
25.01.2018,1:30 AM,1188.2,RHS,Rural,Martur,Collision Brush/Side Wipe,,LGV,Non injury,Fault of driver of motor vehicle/driver of other vehicle/cyclist/pedestrian/passenger,Four lanes or more with central divider,Straight road,,Fine,TN37CW   9811, P.V,Fatal,0
25.01.2018,1:30 AM,1188.2,RHS,Rural,Martur,Collision Brush/Side Wipe,,LGV,Non injury,Fault of driver of motor vehicle/driver of other vehicle/cyclist/pedestrian/passenger,Four lanes or more with central divider,Straight road,,Fine,TN37CW   9811, P.V,Grevious,0
25.01.2018,1:30 AM,1188.2,RHS,Rural,Martur,Collision Brush/Side Wipe,,LGV,Non injury,Fault of driver of motor vehicle/driver of other vehicle/cyclist/pedestrian/passenger,Four lanes or more with central divider,Straight road,,Fine,TN37CW   9811, P.V,Minor,0
25.01.2018,1:30 AM,1188.2,RHS,Rural,Martur,Collision Brush/Side Wipe,,LGV,Non injury,Fault of driver of motor vehicle/driver of other vehicle/cyclist/pedestrian/passenger,Four lanes or more with central divider,Straight road,,Fine,TN37CW   9811, P.V,Non injured,1
25.01.2018,1:30 AM,1188.2,RHS,Rural,Martur,Collision Brush/Side Wipe,,LGV,Non injury,Fault of driver of motor vehicle/driver of other vehicle/cyclist/pedestrian/passenger,Four lanes or more with central divider,Straight road,,Fine,TN37CW   9811, P.V,Animals affected,0
25.01.2018,1:45 AM,1312,RHS,Rural,Kavali,Collision Brush/Side Wipe,,Bus,Fatal,Over speed,Four lanes or more with central divider,Straight road,,Fine,AR02     5710, P.V&AMB,Fatal,3
25.01.2018,1:45 AM,1312,RHS,Rural,Kavali,Collision Brush/Side Wipe,,Bus,Fatal,Over speed,Four lanes or more with central divider,Straight road,,Fine,AR02     5710, P.V&AMB,Grevious,0
25.01.2018,1:45 AM,1312,RHS,Rural,Kavali,Collision Brush/Side Wipe,,Bus,Fatal,Over speed,Four lanes or more with central divider,Straight road,,Fine,AR02     5710, P.V&AMB,Minor,2
25.01.2018,1:45 AM,1312,RHS,Rural,Kavali,Collision Brush/Side Wipe,,Bus,Fatal,Over speed,Four lanes or more with central divider,Straight road,,Fine,AR02     5710, P.V&AMB,Non injured,37
25.01.2018,1:45 AM,1312,RHS,Rural,Kavali,Collision Brush/Side Wipe,,Bus,Fatal,Over speed,Four lanes or more with central divider,Straight road,,Fine,AR02     5710, P.V&AMB,Animals affected,0
26.01.2018,4:50 AM,1194.9,RHS,Rural,Martur,Collision Brush/Side Wipe,,Unknown vehicle,Fatal,Over speed,Four lanes or more with central divider,Straight road,,Fine,Unknown vehicle, P.V,Fatal,1
26.01.2018,4:50 AM,1194.9,RHS,Rural,Martur,Collision Brush/Side Wipe,,Unknown vehicle,Fatal,Over speed,Four lanes or more with central divider,Straight road,,Fine,Unknown vehicle, P.V,Grevious,0
26.01.2018,4:50 AM,1194.9,RHS,Rural,Martur,Collision Brush/Side Wipe,,Unknown vehicle,Fatal,Over speed,Four lanes or more with central divider,Straight road,,Fine,Unknown vehicle, P.V,Minor,1
26.01.2018,4:50 AM,1194.9,RHS,Rural,Martur,Collision Brush/Side Wipe,,Unknown vehicle,Fatal,Over speed,Four lanes or more with central divider,Straight road,,Fine,Unknown vehicle, P.V,Non injured,0
26.01.2018,4:50 AM,1194.9,RHS,Rural,Martur,Collision Brush/Side Wipe,,Unknown vehicle,Fatal,Over speed,Four lanes or more with central divider,Straight road,,Fine,Unknown vehicle, P.V,Animals affected,0
26.01.2018,8:04 PM,1200.1,RHS,Rural,Reningavaram,Skidding,,Bike,Minor injury,Druken,Four lanes or more with central divider,Straight road,,Fine,AP07CT   6844,A.M.B,Fatal,0
26.01.2018,8:04 PM,1200.1,RHS,Rural,Reningavaram,Skidding,,Bike,Minor injury,Druken,Four lanes or more with central divider,Straight road,,Fine,AP07CT   6844,A.M.B,Grevious,0
26.01.2018,8:04 PM,1200.1,RHS,Rural,Reningavaram,Skidding,,Bike,Minor injury,Druken,Four lanes or more with central divider,Straight road,,Fine,AP07CT   6844,A.M.B,Minor,1
26.01.2018,8:04 PM,1200.1,RHS,Rural,Reningavaram,Skidding,,Bike,Minor injury,Druken,Four lanes or more with central divider,Straight road,,Fine,AP07CT   6844,A.M.B,Non injured,0
26.01.2018,8:04 PM,1200.1,RHS,Rural,Reningavaram,Skidding,,Bike,Minor injury,Druken,Four lanes or more with central divider,Straight road,,Fine,AP07CT   6844,A.M.B,Animals affected,0
27.01.2018,11:34 AM,1241.6,RHS,Rural,Ongole,Collision Brush/Side Wipe,,Truck,Fatal,Over speed,Four lanes or more with central divider,Straight road,,Fine,AP27U   7718, P.V,Fatal,1
27.01.2018,11:34 AM,1241.6,RHS,Rural,Ongole,Collision Brush/Side Wipe,,Truck,Fatal,Over speed,Four lanes or more with central divider,Straight road,,Fine,AP27U   7718, P.V,Grevious,1
27.01.2018,11:34 AM,1241.6,RHS,Rural,Ongole,Collision Brush/Side Wipe,,Truck,Fatal,Over speed,Four lanes or more with central divider,Straight road,,Fine,AP27U   7718, P.V,Minor,0
27.01.2018,11:34 AM,1241.6,RHS,Rural,Ongole,Collision Brush/Side Wipe,,Truck,Fatal,Over speed,Four lanes or more with central divider,Straight road,,Fine,AP27U   7718, P.V,Non injured,0
27.01.2018,11:34 AM,1241.6,RHS,Rural,Ongole,Collision Brush/Side Wipe,,Truck,Fatal,Over speed,Four lanes or more with central divider,Straight road,,Fine,AP27U   7718, P.V,Animals affected,0
27.01.2018,12:30 PM,1226.5,RHS,Rural,Maddipadu,Overturning,,Car,Non injury,Over speed,Four lanes or more with central divider,Straight road,,Fine,AP26AE  0201, P.V,Fatal,0
27.01.2018,12:30 PM,1226.5,RHS,Rural,Maddipadu,Overturning,,Car,Non injury,Over speed,Four lanes or more with central divider,Straight road,,Fine,AP26AE  0201, P.V,Grevious,0
27.01.2018,12:30 PM,1226.5,RHS,Rural,Maddipadu,Overturning,,Car,Non injury,Over speed,Four lanes or more with central divider,Straight road,,Fine,AP26AE  0201, P.V,Minor,0
27.01.2018,12:30 PM,1226.5,RHS,Rural,Maddipadu,Overturning,,Car,Non injury,Over speed,Four lanes or more with central divider,Straight road,,Fine,AP26AE  0201, P.V,Non injured,2
27.01.2018,12:30 PM,1226.5,RHS,Rural,Maddipadu,Overturning,,Car,Non injury,Over speed,Four lanes or more with central divider,Straight road,,Fine,AP26AE  0201, P.V,Animals affected,0
27.01.2018,11:15 PM,1307.3,RHS,Rural,Kavali,Rear End Collision,,Container,Fatal,Fault of driver of motor vehicle/driver of other vehicle/cyclist/pedestrian/passenger,Four lanes or more with central divider,Straight road,Four arm junction,Fine,AP31TD   2631,A.M.B & P.V,Fatal,1
27.01.2018,11:15 PM,1307.3,RHS,Rural,Kavali,Rear End Collision,,Container,Fatal,Fault of driver of motor vehicle/driver of other vehicle/cyclist/pedestrian/passenger,Four lanes or more with central divider,Straight road,Four arm junction,Fine,AP31TD   2631,A.M.B & P.V,Grevious,1
27.01.2018,11:15 PM,1307.3,RHS,Rural,Kavali,Rear End Collision,,Container,Fatal,Fault of driver of motor vehicle/driver of other vehicle/cyclist/pedestrian/passenger,Four lanes or more with central divider,Straight road,Four arm junction,Fine,AP31TD   2631,A.M.B & P.V,Minor,1
27.01.2018,11:15 PM,1307.3,RHS,Rural,Kavali,Rear End Collision,,Container,Fatal,Fault of driver of motor vehicle/driver of other vehicle/cyclist/pedestrian/passenger,Four lanes or more with central divider,Straight road,Four arm junction,Fine,AP31TD   2631,A.M.B & P.V,Non injured,2
27.01.2018,11:15 PM,1307.3,RHS,Rural,Kavali,Rear End Collision,,Container,Fatal,Fault of driver of motor vehicle/driver of other vehicle/cyclist/pedestrian/passenger,Four lanes or more with central divider,Straight road,Four arm junction,Fine,AP31TD   2631,A.M.B & P.V,Animals affected,0
28.01.2018,3:00 AM,1189.9,RHS,Rural,Martur,Collision Brush/Side Wipe,,Truck,Non injury,Fault of driver of motor vehicle/driver of other vehicle/cyclist/pedestrian/passenger,Four lanes or more with central divider,Straight road,,Fine,AP27TX  3421, P.V,Fatal,0
28.01.2018,3:00 AM,1189.9,RHS,Rural,Martur,Collision Brush/Side Wipe,,Truck,Non injury,Fault of driver of motor vehicle/driver of other vehicle/cyclist/pedestrian/passenger,Four lanes or more with central divider,Straight road,,Fine,AP27TX  3421, P.V,Grevious,0
28.01.2018,3:00 AM,1189.9,RHS,Rural,Martur,Collision Brush/Side Wipe,,Truck,Non injury,Fault of driver of motor vehicle/driver of other vehicle/cyclist/pedestrian/passenger,Four lanes or more with central divider,Straight road,,Fine,AP27TX  3421, P.V,Minor,0
28.01.2018,3:00 AM,1189.9,RHS,Rural,Martur,Collision Brush/Side Wipe,,Truck,Non injury,Fault of driver of motor vehicle/driver of other vehicle/cyclist/pedestrian/passenger,Four lanes or more with central divider,Straight road,,Fine,AP27TX  3421, P.V,Non injured,1
28.01.2018,3:00 AM,1189.9,RHS,Rural,Martur,Collision Brush/Side Wipe,,Truck,Non injury,Fault of driver of motor vehicle/driver of other vehicle/cyclist/pedestrian/passenger,Four lanes or more with central divider,Straight road,,Fine,AP27TX  3421, P.V,Animals affected,0
28.01.2018,9:30 PM,1340.4,RHS,Rural,Dagadarthi,Collision Brush/Side Wipe,,Car,Fatal,Over speed,Four lanes or more with central divider,Straight road,,Fine,AP26AS   8815,P.V,Fatal,1
28.01.2018,9:30 PM,1340.4,RHS,Rural,Dagadarthi,Collision Brush/Side Wipe,,Car,Fatal,Over speed,Four lanes or more with central divider,Straight road,,Fine,AP26AS   8815,P.V,Grevious,0
28.01.2018,9:30 PM,1340.4,RHS,Rural,Dagadarthi,Collision Brush/Side Wipe,,Car,Fatal,Over speed,Four lanes or more with central divider,Straight road,,Fine,AP26AS   8815,P.V,Minor,1
28.01.2018,9:30 PM,1340.4,RHS,Rural,Dagadarthi,Collision Brush/Side Wipe,,Car,Fatal,Over speed,Four lanes or more with central divider,Straight road,,Fine,AP26AS   8815,P.V,Non injured,0
28.01.2018,9:30 PM,1340.4,RHS,Rural,Dagadarthi,Collision Brush/Side Wipe,,Car,Fatal,Over speed,Four lanes or more with central divider,Straight road,,Fine,AP26AS   8815,P.V,Animals affected,0
28.01.2018,9:50 PM,1234.2,RHS,Rural,Maddipadu,Collision Brush/Side Wipe,,Bike,Fatal,Druken,Four lanes or more with central divider,Straight road,,Fine,AP27AF   1776,P.V,Fatal,1
28.01.2018,9:50 PM,1234.2,RHS,Rural,Maddipadu,Collision Brush/Side Wipe,,Bike,Fatal,Druken,Four lanes or more with central divider,Straight road,,Fine,AP27AF   1776,P.V,Grevious,0
28.01.2018,9:50 PM,1234.2,RHS,Rural,Maddipadu,Collision Brush/Side Wipe,,Bike,Fatal,Druken,Four lanes or more with central divider,Straight road,,Fine,AP27AF   1776,P.V,Minor,0
28.01.2018,9:50 PM,1234.2,RHS,Rural,Maddipadu,Collision Brush/Side Wipe,,Bike,Fatal,Druken,Four lanes or more with central divider,Straight road,,Fine,AP27AF   1776,P.V,Non injured,0
28.01.2018,9:50 PM,1234.2,RHS,Rural,Maddipadu,Collision Brush/Side Wipe,,Bike,Fatal,Druken,Four lanes or more with central divider,Straight road,,Fine,AP27AF   1776,P.V,Animals affected,0
29.01.2018,12:30 AM,1255.5,RHS,Rural,Tangutur,Overturning,,Truck,Non injury,Fault of driver of motor vehicle/driver of other vehicle/cyclist/pedestrian/passenger,Four lanes or more with central divider,Straight road,,Fine,TS08UB  1799, P.V,Fatal,0
29.01.2018,12:30 AM,1255.5,RHS,Rural,Tangutur,Overturning,,Truck,Non injury,Fault of driver of motor vehicle/driver of other vehicle/cyclist/pedestrian/passenger,Four lanes or more with central divider,Straight road,,Fine,TS08UB  1799, P.V,Grevious,0
29.01.2018,12:30 AM,1255.5,RHS,Rural,Tangutur,Overturning,,Truck,Non injury,Fault of driver of motor vehicle/driver of other vehicle/cyclist/pedestrian/passenger,Four lanes or more with central divider,Straight road,,Fine,TS08UB  1799, P.V,Minor,0
29.01.2018,12:30 AM,1255.5,RHS,Rural,Tangutur,Overturning,,Truck,Non injury,Fault of driver of motor vehicle/driver of other vehicle/cyclist/pedestrian/passenger,Four lanes or more with central divider,Straight road,,Fine,TS08UB  1799, P.V,Non injured,2
29.01.2018,12:30 AM,1255.5,RHS,Rural,Tangutur,Overturning,,Truck,Non injury,Fault of driver of motor vehicle/driver of other vehicle/cyclist/pedestrian/passenger,Four lanes or more with central divider,Straight road,,Fine,TS08UB  1799, P.V,Animals affected,0
29.01.2018,5:30 AM,1316.9,RHS,Rural,Kavali,Overturning,,Truck,Non injury,Fault of driver of motor vehicle/driver of other vehicle/cyclist/pedestrian/passenger,Four lanes or more with central divider,Straight road,,Fine,TN34Y  1420, P.V,Fatal,0
29.01.2018,5:30 AM,1316.9,RHS,Rural,Kavali,Overturning,,Truck,Non injury,Fault of driver of motor vehicle/driver of other vehicle/cyclist/pedestrian/passenger,Four lanes or more with central divider,Straight road,,Fine,TN34Y  1420, P.V,Grevious,0
29.01.2018,5:30 AM,1316.9,RHS,Rural,Kavali,Overturning,,Truck,Non injury,Fault of driver of motor vehicle/driver of other vehicle/cyclist/pedestrian/passenger,Four lanes or more with central divider,Straight road,,Fine,TN34Y  1420, P.V,Minor,0
29.01.2018,5:30 AM,1316.9,RHS,Rural,Kavali,Overturning,,Truck,Non injury,Fault of driver of motor vehicle/driver of other vehicle/cyclist/pedestrian/passenger,Four lanes or more with central divider,Straight road,,Fine,TN34Y  1420, P.V,Non injured,2
29.01.2018,5:30 AM,1316.9,RHS,Rural,Kavali,Overturning,,Truck,Non injury,Fault of driver of motor vehicle/driver of other vehicle/cyclist/pedestrian/passenger,Four lanes or more with central divider,Straight road,,Fine,TN34Y  1420, P.V,Animals affected,0
30.01.2018,1:00 AM,1244.4,RHS,Rural,Ongole,Others(p1.Specific),,Truck,Non injury,Defect in mechanical condition of motor vehicle/road condition,Four lanes or more with central divider,Straight road,,Fine,AP16TX  6355, P.V,Fatal,0
30.01.2018,1:00 AM,1244.4,RHS,Rural,Ongole,Others(p1.Specific),,Truck,Non injury,Defect in mechanical condition of motor vehicle/road condition,Four lanes or more with central divider,Straight road,,Fine,AP16TX  6355, P.V,Grevious,0
30.01.2018,1:00 AM,1244.4,RHS,Rural,Ongole,Others(p1.Specific),,Truck,Non injury,Defect in mechanical condition of motor vehicle/road condition,Four lanes or more with central divider,Straight road,,Fine,AP16TX  6355, P.V,Minor,0
30.01.2018,1:00 AM,1244.4,RHS,Rural,Ongole,Others(p1.Specific),,Truck,Non injury,Defect in mechanical condition of motor vehicle/road condition,Four lanes or more with central divider,Straight road,,Fine,AP16TX  6355, P.V,Non injured,2
30.01.2018,1:00 AM,1244.4,RHS,Rural,Ongole,Others(p1.Specific),,Truck,Non injury,Defect in mechanical condition of motor vehicle/road condition,Four lanes or more with central divider,Straight road,,Fine,AP16TX  6355, P.V,Animals affected,0
31.01.2018,8:40 AM,1361.6,RHS,Rural,Kodavaluru,Rear End Collision,,Trailler,Non injury,Fault of driver of motor vehicle/driver of other vehicle/cyclist/pedestrian/passenger,Four lanes or more with central divider,Straight road,,Fine,AP27Y   7677, P.V,Fatal,0
31.01.2018,8:40 AM,1361.6,RHS,Rural,Kodavaluru,Rear End Collision,,Trailler,Non injury,Fault of driver of motor vehicle/driver of other vehicle/cyclist/pedestrian/passenger,Four lanes or more with central divider,Straight road,,Fine,AP27Y   7677, P.V,Grevious,0
31.01.2018,8:40 AM,1361.6,RHS,Rural,Kodavaluru,Rear End Collision,,Trailler,Non injury,Fault of driver of motor vehicle/driver of other vehicle/cyclist/pedestrian/passenger,Four lanes or more with central divider,Straight road,,Fine,AP27Y   7677, P.V,Minor,0
31.01.2018,8:40 AM,1361.6,RHS,Rural,Kodavaluru,Rear End Collision,,Trailler,Non injury,Fault of driver of motor vehicle/driver of other vehicle/cyclist/pedestrian/passenger,Four lanes or more with central divider,Straight road,,Fine,AP27Y   7677, P.V,Non injured,31
31.01.2018,8:40 AM,1361.6,RHS,Rural,Kodavaluru,Rear End Collision,,Trailler,Non injury,Fault of driver of motor vehicle/driver of other vehicle/cyclist/pedestrian/passenger,Four lanes or more with central divider,Straight road,,Fine,AP27Y   7677, P.V,Animals affected,0
31.01.2018,5:55 PM,1223.1,RHS,Rural,Medarametla,Head on collision,,Bus,Grievious injury,Fault of driver of motor vehicle/driver of other vehicle/cyclist/pedestrian/passenger,Four lanes or more with central divider,Straight road,,Fine,AP27TX   6702,P.V,Fatal,0
31.01.2018,5:55 PM,1223.1,RHS,Rural,Medarametla,Head on collision,,Bus,Grievious injury,Fault of driver of motor vehicle/driver of other vehicle/cyclist/pedestrian/passenger,Four lanes or more with central divider,Straight road,,Fine,AP27TX   6702,P.V,Grevious,1
31.01.2018,5:55 PM,1223.1,RHS,Rural,Medarametla,Head on collision,,Bus,Grievious injury,Fault of driver of motor vehicle/driver of other vehicle/cyclist/pedestrian/passenger,Four lanes or more with central divider,Straight road,,Fine,AP27TX   6702,P.V,Minor,1
31.01.2018,5:55 PM,1223.1,RHS,Rural,Medarametla,Head on collision,,Bus,Grievious injury,Fault of driver of motor vehicle/driver of other vehicle/cyclist/pedestrian/passenger,Four lanes or more with central divider,Straight road,,Fine,AP27TX   6702,P.V,Non injured,30
31.01.2018,5:55 PM,1223.1,RHS,Rural,Medarametla,Head on collision,,Bus,Grievious injury,Fault of driver of motor vehicle/driver of other vehicle/cyclist/pedestrian/passenger,Four lanes or more with central divider,Straight road,,Fine,AP27TX   6702,P.V,Animals affected,0
01.02.2018,4:00 AM,1322.4,RHS,Rural,Kavali,Collision Brush/Side Wipe,,Truck,Non injury,Fault of driver of motor vehicle/driver of other vehicle/cyclist/pedestrian/passenger,Four lanes or more with central divider,Straight road,,Fine,AP20T   0644, P.V,Fatal,0
01.02.2018,4:00 AM,1322.4,RHS,Rural,Kavali,Collision Brush/Side Wipe,,Truck,Non injury,Fault of driver of motor vehicle/driver of other vehicle/cyclist/pedestrian/passenger,Four lanes or more with central divider,Straight road,,Fine,AP20T   0644, P.V,Grevious,0
01.02.2018,4:00 AM,1322.4,RHS,Rural,Kavali,Collision Brush/Side Wipe,,Truck,Non injury,Fault of driver of motor vehicle/driver of other vehicle/cyclist/pedestrian/passenger,Four lanes or more with central divider,Straight road,,Fine,AP20T   0644, P.V,Minor,0
01.02.2018,4:00 AM,1322.4,RHS,Rural,Kavali,Collision Brush/Side Wipe,,Truck,Non injury,Fault of driver of motor vehicle/driver of other vehicle/cyclist/pedestrian/passenger,Four lanes or more with central divider,Straight road,,Fine,AP20T   0644, P.V,Non injured,2
01.02.2018,4:00 AM,1322.4,RHS,Rural,Kavali,Collision Brush/Side Wipe,,Truck,Non injury,Fault of driver of motor vehicle/driver of other vehicle/cyclist/pedestrian/passenger,Four lanes or more with central divider,Straight road,,Fine,AP20T   0644, P.V,Animals affected,0
01.02.2018,5:00 AM,1294,RHS,Rural,Ulavapadu,Overturning,,Truck,Minor injury,Fault of driver of motor vehicle/driver of other vehicle/cyclist/pedestrian/passenger,Four lanes or more with central divider,Straight road,,Fine,WB65B  9721,A.M.B,Fatal,0
01.02.2018,5:00 AM,1294,RHS,Rural,Ulavapadu,Overturning,,Truck,Minor injury,Fault of driver of motor vehicle/driver of other vehicle/cyclist/pedestrian/passenger,Four lanes or more with central divider,Straight road,,Fine,WB65B  9721,A.M.B,Grevious,0
01.02.2018,5:00 AM,1294,RHS,Rural,Ulavapadu,Overturning,,Truck,Minor injury,Fault of driver of motor vehicle/driver of other vehicle/cyclist/pedestrian/passenger,Four lanes or more with central divider,Straight road,,Fine,WB65B  9721,A.M.B,Minor,2
01.02.2018,5:00 AM,1294,RHS,Rural,Ulavapadu,Overturning,,Truck,Minor injury,Fault of driver of motor vehicle/driver of other vehicle/cyclist/pedestrian/passenger,Four lanes or more with central divider,Straight road,,Fine,WB65B  9721,A.M.B,Non injured,0
01.02.2018,5:00 AM,1294,RHS,Rural,Ulavapadu,Overturning,,Truck,Minor injury,Fault of driver of motor vehicle/driver of other vehicle/cyclist/pedestrian/passenger,Four lanes or more with central divider,Straight road,,Fine,WB65B  9721,A.M.B,Animals affected,0
02.02.2018,4:50 AM,1308.8,RHS,Rural,Kavali,Overturning,,Container,Grievious injury,Fault of driver of motor vehicle/driver of other vehicle/cyclist/pedestrian/passenger,Four lanes or more with central divider,Straight road,,Fine,HR55W  1569, P.V,Fatal,0
02.02.2018,4:50 AM,1308.8,RHS,Rural,Kavali,Overturning,,Container,Grievious injury,Fault of driver of motor vehicle/driver of other vehicle/cyclist/pedestrian/passenger,Four lanes or more with central divider,Straight road,,Fine,HR55W  1569, P.V,Grevious,1
02.02.2018,4:50 AM,1308.8,RHS,Rural,Kavali,Overturning,,Container,Grievious injury,Fault of driver of motor vehicle/driver of other vehicle/cyclist/pedestrian/passenger,Four lanes or more with central divider,Straight road,,Fine,HR55W  1569, P.V,Minor,0
02.02.2018,4:50 AM,1308.8,RHS,Rural,Kavali,Overturning,,Container,Grievious injury,Fault of driver of motor vehicle/driver of other vehicle/cyclist/pedestrian/passenger,Four lanes or more with central divider,Straight road,,Fine,HR55W  1569, P.V,Non injured,0
02.02.2018,4:50 AM,1308.8,RHS,Rural,Kavali,Overturning,,Container,Grievious injury,Fault of driver of motor vehicle/driver of other vehicle/cyclist/pedestrian/passenger,Four lanes or more with central divider,Straight road,,Fine,HR55W  1569, P.V,Animals affected,0
02.02.2018,8:30 PM,1260.6,RHS,Rural,Tangutur,Skidding,,Bike,Grievious injury,Vehicle out of control,Four lanes or more with central divider,Straight road,,Fine,AP27BN 4596,A.M.B& P.V,Fatal,0
02.02.2018,8:30 PM,1260.6,RHS,Rural,Tangutur,Skidding,,Bike,Grievious injury,Vehicle out of control,Four lanes or more with central divider,Straight road,,Fine,AP27BN 4596,A.M.B& P.V,Grevious,1
02.02.2018,8:30 PM,1260.6,RHS,Rural,Tangutur,Skidding,,Bike,Grievious injury,Vehicle out of control,Four lanes or more with central divider,Straight road,,Fine,AP27BN 4596,A.M.B& P.V,Minor,0
02.02.2018,8:30 PM,1260.6,RHS,Rural,Tangutur,Skidding,,Bike,Grievious injury,Vehicle out of control,Four lanes or more with central divider,Straight road,,Fine,AP27BN 4596,A.M.B& P.V,Non injured,1
02.02.2018,8:30 PM,1260.6,RHS,Rural,Tangutur,Skidding,,Bike,Grievious injury,Vehicle out of control,Four lanes or more with central divider,Straight road,,Fine,AP27BN 4596,A.M.B& P.V,Animals affected,0
04.02.2018,10:05 AM,1202.7,RHS,Rural,Reningavaram,Head on collision,,Bike,Minor injury,Fault of driver of motor vehicle/driver of other vehicle/cyclist/pedestrian/passenger,Four lanes or more with central divider,Straight road,,Fine,AP27R   7223,A.M.B& P.V,Fatal,0
04.02.2018,10:05 AM,1202.7,RHS,Rural,Reningavaram,Head on collision,,Bike,Minor injury,Fault of driver of motor vehicle/driver of other vehicle/cyclist/pedestrian/passenger,Four lanes or more with central divider,Straight road,,Fine,AP27R   7223,A.M.B& P.V,Grevious,0
04.02.2018,10:05 AM,1202.7,RHS,Rural,Reningavaram,Head on collision,,Bike,Minor injury,Fault of driver of motor vehicle/driver of other vehicle/cyclist/pedestrian/passenger,Four lanes or more with central divider,Straight road,,Fine,AP27R   7223,A.M.B& P.V,Minor,1