Operational date,Time of Accident,KM && M,Position,Rural/Urban,Location,Nature of Accident Position,Nature of Accident,Vehicle Involved,Type of Accident,Causes,Road Feature,Road condition,Intersection Type And Control,Weather Condition,Vehicle Responsible,Help Provided by Ambulance/Patroling Vehicle,Classification of Accident,No of Affected Persons
04.02.2018,10:05 AM,1202.7,RHS,Rural,Reningavaram,Head on collision,,Bike,Minor injury,Fault of driver of motor vehicle/driver of other vehicle/cyclist/pedestrian/passenger,Four lanes or more with central divider,Straight road,,Fine,AP27R   7223,A.M.B& P.V,Non injured,1
04.02.2018,10:05 AM,1202.7,RHS,Rural,Reningavaram,Head on collision,,Bike,Minor injury,Fault of driver of motor vehicle/driver of other vehicle/cyclist/pedestrian/passenger,Four lanes or more with central divider,Straight road,,Fine,AP27R   7223,A.M.B& P.V,Animals affected,0
04.02.2018,2:00 PM,1356.3,RHS,Rural,Kodavaluru,Overturning,,Truck,Non injury,Fault of driver of motor vehicle/driver of other vehicle/cyclist/pedestrian/passenger,Four lanes or more with central divider,Straight road,,Fine,AP05TX   1616, P.V,Fatal,0
04.02.2018,2:00 PM,1356.3,RHS,Rural,Kodavaluru,Overturning,,Truck,Non injury,Fault of driver of motor vehicle/driver of other vehicle/cyclist/pedestrian/passenger,Four lanes or more with central divider,Straight road,,Fine,AP05TX   1616, P.V,Grevious,0
04.02.2018,2:00 PM,1356.3,RHS,Rural,Kodavaluru,Overturning,,Truck,Non injury,Fault of driver of motor vehicle/driver of other vehicle/cyclist/pedestrian/passenger,Four lanes or more with central divider,Straight road,,Fine,AP05TX   1616, P.V,Minor,0
04.02.2018,2:00 PM,1356.3,RHS,Rural,Kodavaluru,Overturning,,Truck,Non injury,Fault of driver of motor vehicle/driver of other vehicle/cyclist/pedestrian/passenger,Four lanes or more with central divider,Straight road,,Fine,AP05TX   1616, P.V,Non injured,2
04.02.2018,2:00 PM,1356.3,RHS,Rural,Kodavaluru,Overturning,,Truck,Non injury,Fault of driver of motor vehicle/driver of other vehicle/cyclist/pedestrian/passenger,Four lanes or more with central divider,Straight road,,Fine,AP05TX   1616, P.V,Animals affected,0
04.02.2018,3:00 PM,1190,RHS,Rural,Martur,Collision Brush/Side Wipe,,Unknown vehicle,Fatal,Over speed,Four lanes or more with central divider,Straight road,,Fine,Unknown Vehicle, P.V,Fatal,1
04.02.2018,3:00 PM,1190,RHS,Rural,Martur,Collision Brush/Side Wipe,,Unknown vehicle,Fatal,Over speed,Four lanes or more with central divider,Straight road,,Fine,Unknown Vehicle, P.V,Grevious,0
04.02.2018,3:00 PM,1190,RHS,Rural,Martur,Collision Brush/Side Wipe,,Unknown vehicle,Fatal,Over speed,Four lanes or more with central divider,Straight road,,Fine,Unknown Vehicle, P.V,Minor,0
04.02.2018,3:00 PM,1190,RHS,Rural,Martur,Collision Brush/Side Wipe,,Unknown vehicle,Fatal,Over speed,Four lanes or more with central divider,Straight road,,Fine,Unknown Vehicle, P.V,Non injured,0
04.02.2018,3:00 PM,1190,RHS,Rural,Martur,Collision Brush/Side Wipe,,Unknown vehicle,Fatal,Over speed,Four lanes or more with central divider,Straight road,,Fine,Unknown Vehicle, P.V,Animals affected,0
04.02.2018,3:00 PM,1365.3,RHS,Rural,Kovuru,Collision Brush/Side Wipe,,MiniBus,Minor injury,Over speed,Four lanes or more with central divider,Straight road,,Fine,AP26TE  6867, P.V,Fatal,0
04.02.2018,3:00 PM,1365.3,RHS,Rural,Kovuru,Collision Brush/Side Wipe,,MiniBus,Minor injury,Over speed,Four lanes or more with central divider,Straight road,,Fine,AP26TE  6867, P.V,Grevious,0
04.02.2018,3:00 PM,1365.3,RHS,Rural,Kovuru,Collision Brush/Side Wipe,,MiniBus,Minor injury,Over speed,Four lanes or more with central divider,Straight road,,Fine,AP26TE  6867, P.V,Minor,2
04.02.2018,3:00 PM,1365.3,RHS,Rural,Kovuru,Collision Brush/Side Wipe,,MiniBus,Minor injury,Over speed,Four lanes or more with central divider,Straight road,,Fine,AP26TE  6867, P.V,Non injured,10
04.02.2018,3:00 PM,1365.3,RHS,Rural,Kovuru,Collision Brush/Side Wipe,,MiniBus,Minor injury,Over speed,Four lanes or more with central divider,Straight road,,Fine,AP26TE  6867, P.V,Animals affected,0
05.02.2018,4:38 AM,1240.1,RHS,Rural,Ongole,Collision Brush/Side Wipe,,Bus,Minor injury,Fault of driver of motor vehicle/driver of other vehicle/cyclist/pedestrian/passenger,Four lanes or more with central divider,Straight road,,Fine,AR01     9666 , P.V,Fatal,0
05.02.2018,4:38 AM,1240.1,RHS,Rural,Ongole,Collision Brush/Side Wipe,,Bus,Minor injury,Fault of driver of motor vehicle/driver of other vehicle/cyclist/pedestrian/passenger,Four lanes or more with central divider,Straight road,,Fine,AR01     9666 , P.V,Grevious,0
05.02.2018,4:38 AM,1240.1,RHS,Rural,Ongole,Collision Brush/Side Wipe,,Bus,Minor injury,Fault of driver of motor vehicle/driver of other vehicle/cyclist/pedestrian/passenger,Four lanes or more with central divider,Straight road,,Fine,AR01     9666 , P.V,Minor,1
05.02.2018,4:38 AM,1240.1,RHS,Rural,Ongole,Collision Brush/Side Wipe,,Bus,Minor injury,Fault of driver of motor vehicle/driver of other vehicle/cyclist/pedestrian/passenger,Four lanes or more with central divider,Straight road,,Fine,AR01     9666 , P.V,Non injured,40
05.02.2018,4:38 AM,1240.1,RHS,Rural,Ongole,Collision Brush/Side Wipe,,Bus,Minor injury,Fault of driver of motor vehicle/driver of other vehicle/cyclist/pedestrian/passenger,Four lanes or more with central divider,Straight road,,Fine,AR01     9666 , P.V,Animals affected,
05.02.2018,11:30 AM,1259.5,RHS,Rural,Tangutur,Others(p1.Specific),,Container,Non injury,Defect in mechanical condition of motor vehicle/road condition,Four lanes or more with central divider,Straight road,,Fine,NL01G   4707, P.V,Fatal,0
05.02.2018,11:30 AM,1259.5,RHS,Rural,Tangutur,Others(p1.Specific),,Container,Non injury,Defect in mechanical condition of motor vehicle/road condition,Four lanes or more with central divider,Straight road,,Fine,NL01G   4707, P.V,Grevious,0
05.02.2018,11:30 AM,1259.5,RHS,Rural,Tangutur,Others(p1.Specific),,Container,Non injury,Defect in mechanical condition of motor vehicle/road condition,Four lanes or more with central divider,Straight road,,Fine,NL01G   4707, P.V,Minor,0
05.02.2018,11:30 AM,1259.5,RHS,Rural,Tangutur,Others(p1.Specific),,Container,Non injury,Defect in mechanical condition of motor vehicle/road condition,Four lanes or more with central divider,Straight road,,Fine,NL01G   4707, P.V,Non injured,1
05.02.2018,11:30 AM,1259.5,RHS,Rural,Tangutur,Others(p1.Specific),,Container,Non injury,Defect in mechanical condition of motor vehicle/road condition,Four lanes or more with central divider,Straight road,,Fine,NL01G   4707, P.V,Animals affected,0
06.02.2018,12:56 PM,1200.1,RHS,Rural,Reningavaram,Overturning,,Auto,Minor injury,Fault of driver of motor vehicle/driver of other vehicle/cyclist/pedestrian/passenger,Four lanes or more with central divider,Straight road,,Fine,AP27TW  9718,A.M.B,Fatal,0
06.02.2018,12:56 PM,1200.1,RHS,Rural,Reningavaram,Overturning,,Auto,Minor injury,Fault of driver of motor vehicle/driver of other vehicle/cyclist/pedestrian/passenger,Four lanes or more with central divider,Straight road,,Fine,AP27TW  9718,A.M.B,Grevious,0
06.02.2018,12:56 PM,1200.1,RHS,Rural,Reningavaram,Overturning,,Auto,Minor injury,Fault of driver of motor vehicle/driver of other vehicle/cyclist/pedestrian/passenger,Four lanes or more with central divider,Straight road,,Fine,AP27TW  9718,A.M.B,Minor,1
06.02.2018,12:56 PM,1200.1,RHS,Rural,Reningavaram,Overturning,,Auto,Minor injury,Fault of driver of motor vehicle/driver of other vehicle/cyclist/pedestrian/passenger,Four lanes or more with central divider,Straight road,,Fine,AP27TW  9718,A.M.B,Non injured,0
06.02.2018,12:56 PM,1200.1,RHS,Rural,Reningavaram,Overturning,,Auto,Minor injury,Fault of driver of motor vehicle/driver of other vehicle/cyclist/pedestrian/passenger,Four lanes or more with central divider,Straight road,,Fine,AP27TW  9718,A.M.B,Animals affected,0
07.02.2018,4:40 PM,1275.9,RHS,Rural,Singarayakonda,Overturning,,Truck,Non injury,Fault of driver of motor vehicle/driver of other vehicle/cyclist/pedestrian/passenger,Four lanes or more with central divider,Straight road,,Fine,TN18J   1603,P.V,Fatal,0
07.02.2018,4:40 PM,1275.9,RHS,Rural,Singarayakonda,Overturning,,Truck,Non injury,Fault of driver of motor vehicle/driver of other vehicle/cyclist/pedestrian/passenger,Four lanes or more with central divider,Straight road,,Fine,TN18J   1603,P.V,Grevious,0
07.02.2018,4:40 PM,1275.9,RHS,Rural,Singarayakonda,Overturning,,Truck,Non injury,Fault of driver of motor vehicle/driver of other vehicle/cyclist/pedestrian/passenger,Four lanes or more with central divider,Straight road,,Fine,TN18J   1603,P.V,Minor,0
07.02.2018,4:40 PM,1275.9,RHS,Rural,Singarayakonda,Overturning,,Truck,Non injury,Fault of driver of motor vehicle/driver of other vehicle/cyclist/pedestrian/passenger,Four lanes or more with central divider,Straight road,,Fine,TN18J   1603,P.V,Non injured,1
07.02.2018,4:40 PM,1275.9,RHS,Rural,Singarayakonda,Overturning,,Truck,Non injury,Fault of driver of motor vehicle/driver of other vehicle/cyclist/pedestrian/passenger,Four lanes or more with central divider,Straight road,,Fine,TN18J   1603,P.V,Animals affected,0
07.02.2018,5:30 PM,1364.1,RHS,Rural,Kovuru,Overturning,,Auto,Minor injury,Fault of driver of motor vehicle/driver of other vehicle/cyclist/pedestrian/passenger,Four lanes or more with central divider,Slight curve,,Fine,AP26TD   7185, P.V,Fatal,0
07.02.2018,5:30 PM,1364.1,RHS,Rural,Kovuru,Overturning,,Auto,Minor injury,Fault of driver of motor vehicle/driver of other vehicle/cyclist/pedestrian/passenger,Four lanes or more with central divider,Slight curve,,Fine,AP26TD   7185, P.V,Grevious,0
07.02.2018,5:30 PM,1364.1,RHS,Rural,Kovuru,Overturning,,Auto,Minor injury,Fault of driver of motor vehicle/driver of other vehicle/cyclist/pedestrian/passenger,Four lanes or more with central divider,Slight curve,,Fine,AP26TD   7185, P.V,Minor,2
07.02.2018,5:30 PM,1364.1,RHS,Rural,Kovuru,Overturning,,Auto,Minor injury,Fault of driver of motor vehicle/driver of other vehicle/cyclist/pedestrian/passenger,Four lanes or more with central divider,Slight curve,,Fine,AP26TD   7185, P.V,Non injured,10
07.02.2018,5:30 PM,1364.1,RHS,Rural,Kovuru,Overturning,,Auto,Minor injury,Fault of driver of motor vehicle/driver of other vehicle/cyclist/pedestrian/passenger,Four lanes or more with central divider,Slight curve,,Fine,AP26TD   7185, P.V,Animals affected,0
08.02.2018,4:15 AM,1224,RHS,Rural,Maddipadu,Rear End Collision,,Car,Non injury,Fault of driver of motor vehicle/driver of other vehicle/cyclist/pedestrian/passenger,Four lanes or more with central divider,Straight road,,Fine,AP29AK 2377,P.V,Fatal,0
08.02.2018,4:15 AM,1224,RHS,Rural,Maddipadu,Rear End Collision,,Car,Non injury,Fault of driver of motor vehicle/driver of other vehicle/cyclist/pedestrian/passenger,Four lanes or more with central divider,Straight road,,Fine,AP29AK 2377,P.V,Grevious,0
08.02.2018,4:15 AM,1224,RHS,Rural,Maddipadu,Rear End Collision,,Car,Non injury,Fault of driver of motor vehicle/driver of other vehicle/cyclist/pedestrian/passenger,Four lanes or more with central divider,Straight road,,Fine,AP29AK 2377,P.V,Minor,0
08.02.2018,4:15 AM,1224,RHS,Rural,Maddipadu,Rear End Collision,,Car,Non injury,Fault of driver of motor vehicle/driver of other vehicle/cyclist/pedestrian/passenger,Four lanes or more with central divider,Straight road,,Fine,AP29AK 2377,P.V,Non injured,3
08.02.2018,4:15 AM,1224,RHS,Rural,Maddipadu,Rear End Collision,,Car,Non injury,Fault of driver of motor vehicle/driver of other vehicle/cyclist/pedestrian/passenger,Four lanes or more with central divider,Straight road,,Fine,AP29AK 2377,P.V,Animals affected,0
08.02.2018,12:40 PM,1342.3,RHS,Rural,Dagadarthi,Overturning,,Truck,Grievious injury,Over speed,Four lanes or more with central divider,Straight road,,Fine,AP26TD   8877,P.V,Fatal,0
08.02.2018,12:40 PM,1342.3,RHS,Rural,Dagadarthi,Overturning,,Truck,Grievious injury,Over speed,Four lanes or more with central divider,Straight road,,Fine,AP26TD   8877,P.V,Grevious,1
08.02.2018,12:40 PM,1342.3,RHS,Rural,Dagadarthi,Overturning,,Truck,Grievious injury,Over speed,Four lanes or more with central divider,Straight road,,Fine,AP26TD   8877,P.V,Minor,0
08.02.2018,12:40 PM,1342.3,RHS,Rural,Dagadarthi,Overturning,,Truck,Grievious injury,Over speed,Four lanes or more with central divider,Straight road,,Fine,AP26TD   8877,P.V,Non injured,1
08.02.2018,12:40 PM,1342.3,RHS,Rural,Dagadarthi,Overturning,,Truck,Grievious injury,Over speed,Four lanes or more with central divider,Straight road,,Fine,AP26TD   8877,P.V,Animals affected,0
08.02.2018,6:50 PM,1246.7,RHS,Rural,Ongole,Collision Brush/Side Wipe,,Unknown vehicle,Fatal,Over speed,Four lanes or more with central divider,Straight road,,Fine,Unknown Vehicle, P.V,Fatal,1
08.02.2018,6:50 PM,1246.7,RHS,Rural,Ongole,Collision Brush/Side Wipe,,Unknown vehicle,Fatal,Over speed,Four lanes or more with central divider,Straight road,,Fine,Unknown Vehicle, P.V,Grevious,0
08.02.2018,6:50 PM,1246.7,RHS,Rural,Ongole,Collision Brush/Side Wipe,,Unknown vehicle,Fatal,Over speed,Four lanes or more with central divider,Straight road,,Fine,Unknown Vehicle, P.V,Minor,0
08.02.2018,6:50 PM,1246.7,RHS,Rural,Ongole,Collision Brush/Side Wipe,,Unknown vehicle,Fatal,Over speed,Four lanes or more with central divider,Straight road,,Fine,Unknown Vehicle, P.V,Non injured,0
08.02.2018,6:50 PM,1246.7,RHS,Rural,Ongole,Collision Brush/Side Wipe,,Unknown vehicle,Fatal,Over speed,Four lanes or more with central divider,Straight road,,Fine,Unknown Vehicle, P.V,Animals affected,0
09.02.2018,3:50 AM,1247.7,RHS,Rural,Ongole,Rear End Collision,,Truck,Non injury,Over speed,Four lanes or more with central divider,Straight road,,Fine,AP02T   2295,P.V,Fatal,0
09.02.2018,3:50 AM,1247.7,RHS,Rural,Ongole,Rear End Collision,,Truck,Non injury,Over speed,Four lanes or more with central divider,Straight road,,Fine,AP02T   2295,P.V,Grevious,0
09.02.2018,3:50 AM,1247.7,RHS,Rural,Ongole,Rear End Collision,,Truck,Non injury,Over speed,Four lanes or more with central divider,Straight road,,Fine,AP02T   2295,P.V,Minor,0
09.02.2018,3:50 AM,1247.7,RHS,Rural,Ongole,Rear End Collision,,Truck,Non injury,Over speed,Four lanes or more with central divider,Straight road,,Fine,AP02T   2295,P.V,Non injured,2
09.02.2018,3:50 AM,1247.7,RHS,Rural,Ongole,Rear End Collision,,Truck,Non injury,Over speed,Four lanes or more with central divider,Straight road,,Fine,AP02T   2295,P.V,Animals affected,0
09.02.2018,4:30 PM,1196.8,RHS,Rural,Martur,Head on collision,,Tractor,Grievious injury,Fault of driver of motor vehicle/driver of other vehicle/cyclist/pedestrian/passenger,Four lanes or more with central divider,Straight road,,Fine,AP27TX   7152,A.M.B& P.V,Fatal,0
09.02.2018,4:30 PM,1196.8,RHS,Rural,Martur,Head on collision,,Tractor,Grievious injury,Fault of driver of motor vehicle/driver of other vehicle/cyclist/pedestrian/passenger,Four lanes or more with central divider,Straight road,,Fine,AP27TX   7152,A.M.B& P.V,Grevious,1
09.02.2018,4:30 PM,1196.8,RHS,Rural,Martur,Head on collision,,Tractor,Grievious injury,Fault of driver of motor vehicle/driver of other vehicle/cyclist/pedestrian/passenger,Four lanes or more with central divider,Straight road,,Fine,AP27TX   7152,A.M.B& P.V,Minor,0
09.02.2018,4:30 PM,1196.8,RHS,Rural,Martur,Head on collision,,Tractor,Grievious injury,Fault of driver of motor vehicle/driver of other vehicle/cyclist/pedestrian/passenger,Four lanes or more with central divider,Straight road,,Fine,AP27TX   7152,A.M.B& P.V,Non injured,1
09.02.2018,4:30 PM,1196.8,RHS,Rural,Martur,Head on collision,,Tractor,Grievious injury,Fault of driver of motor vehicle/driver of other vehicle/cyclist/pedestrian/passenger,Four lanes or more with central divider,Straight road,,Fine,AP27TX   7152,A.M.B& P.V,Animals affected,0
09.02.2018,5:50 PM,1292.6,RHS,Rural,Ulavapadu,Overturning,,Tractor,Non injury,Defect in mechanical condition of motor vehicle/road condition,Four lanes or more with central divider,Straight road,,Fine,AP26AP    3903, P.V,Fatal,0
09.02.2018,5:50 PM,1292.6,RHS,Rural,Ulavapadu,Overturning,,Tractor,Non injury,Defect in mechanical condition of motor vehicle/road condition,Four lanes or more with central divider,Straight road,,Fine,AP26AP    3903, P.V,Grevious,0
09.02.2018,5:50 PM,1292.6,RHS,Rural,Ulavapadu,Overturning,,Tractor,Non injury,Defect in mechanical condition of motor vehicle/road condition,Four lanes or more with central divider,Straight road,,Fine,AP26AP    3903, P.V,Minor,0
09.02.2018,5:50 PM,1292.6,RHS,Rural,Ulavapadu,Overturning,,Tractor,Non injury,Defect in mechanical condition of motor vehicle/road condition,Four lanes or more with central divider,Straight road,,Fine,AP26AP    3903, P.V,Non injured,2
09.02.2018,5:50 PM,1292.6,RHS,Rural,Ulavapadu,Overturning,,Tractor,Non injury,Defect in mechanical condition of motor vehicle/road condition,Four lanes or more with central divider,Straight road,,Fine,AP26AP    3903, P.V,Animals affected,0
10.02.2018,2:15 AM,1196.8,RHS,Rural,Martur,Collision Brush/Side Wipe,,Car,Non injury,Fault of driver of motor vehicle/driver of other vehicle/cyclist/pedestrian/passenger,Four lanes or more with central divider,Straight road,,Fine,AP27VA  0566,P.V,Fatal,0
10.02.2018,2:15 AM,1196.8,RHS,Rural,Martur,Collision Brush/Side Wipe,,Car,Non injury,Fault of driver of motor vehicle/driver of other vehicle/cyclist/pedestrian/passenger,Four lanes or more with central divider,Straight road,,Fine,AP27VA  0566,P.V,Grevious,0
10.02.2018,2:15 AM,1196.8,RHS,Rural,Martur,Collision Brush/Side Wipe,,Car,Non injury,Fault of driver of motor vehicle/driver of other vehicle/cyclist/pedestrian/passenger,Four lanes or more with central divider,Straight road,,Fine,AP27VA  0566,P.V,Minor,0
10.02.2018,2:15 AM,1196.8,RHS,Rural,Martur,Collision Brush/Side Wipe,,Car,Non injury,Fault of driver of motor vehicle/driver of other vehicle/cyclist/pedestrian/passenger,Four lanes or more with central divider,Straight road,,Fine,AP27VA  0566,P.V,Non injured,2
10.02.2018,2:15 AM,1196.8,RHS,Rural,Martur,Collision Brush/Side Wipe,,Car,Non injury,Fault of driver of motor vehicle/driver of other vehicle/cyclist/pedestrian/passenger,Four lanes or more with central divider,Straight road,,Fine,AP27VA  0566,P.V,Animals affected,0
10.02.2018,10:54 AM,1197.7,RHS,Rural,Martur,Skidding,,Bike,Grievious injury,Fault of driver of motor vehicle/driver of other vehicle/cyclist/pedestrian/passenger,Four lanes or more with central divider,Straight road,,Fine,AP27AN  9519,A.M.B,Fatal,0
10.02.2018,10:54 AM,1197.7,RHS,Rural,Martur,Skidding,,Bike,Grievious injury,Fault of driver of motor vehicle/driver of other vehicle/cyclist/pedestrian/passenger,Four lanes or more with central divider,Straight road,,Fine,AP27AN  9519,A.M.B,Grevious,1
10.02.2018,10:54 AM,1197.7,RHS,Rural,Martur,Skidding,,Bike,Grievious injury,Fault of driver of motor vehicle/driver of other vehicle/cyclist/pedestrian/passenger,Four lanes or more with central divider,Straight road,,Fine,AP27AN  9519,A.M.B,Minor,1
10.02.2018,10:54 AM,1197.7,RHS,Rural,Martur,Skidding,,Bike,Grievious injury,Fault of driver of motor vehicle/driver of other vehicle/cyclist/pedestrian/passenger,Four lanes or more with central divider,Straight road,,Fine,AP27AN  9519,A.M.B,Non injured,0
10.02.2018,10:54 AM,1197.7,RHS,Rural,Martur,Skidding,,Bike,Grievious injury,Fault of driver of motor vehicle/driver of other vehicle/cyclist/pedestrian/passenger,Four lanes or more with central divider,Straight road,,Fine,AP27AN  9519,A.M.B,Animals affected,0
11.02.2018,6:15 AM,1302.1,RHS,Urban,Gudluru,Overturning,,Truck,Non injury,Fault of driver of motor vehicle/driver of other vehicle/cyclist/pedestrian/passenger,Four lanes or more with central divider,Straight road,,Fine,TN42AA   3565,P.V,Fatal,0
11.02.2018,6:15 AM,1302.1,RHS,Urban,Gudluru,Overturning,,Truck,Non injury,Fault of driver of motor vehicle/driver of other vehicle/cyclist/pedestrian/passenger,Four lanes or more with central divider,Straight road,,Fine,TN42AA   3565,P.V,Grevious,0
11.02.2018,6:15 AM,1302.1,RHS,Urban,Gudluru,Overturning,,Truck,Non injury,Fault of driver of motor vehicle/driver of other vehicle/cyclist/pedestrian/passenger,Four lanes or more with central divider,Straight road,,Fine,TN42AA   3565,P.V,Minor,0
11.02.2018,6:15 AM,1302.1,RHS,Urban,Gudluru,Overturning,,Truck,Non injury,Fault of driver of motor vehicle/driver of other vehicle/cyclist/pedestrian/passenger,Four lanes or more with central divider,Straight road,,Fine,TN42AA   3565,P.V,Non injured,6
11.02.2018,6:15 AM,1302.1,RHS,Urban,Gudluru,Overturning,,Truck,Non injury,Fault of driver of motor vehicle/driver of other vehicle/cyclist/pedestrian/passenger,Four lanes or more with central divider,Straight road,,Fine,TN42AA   3565,P.V,Animals affected,0
11.02.2018,10:50 AM,1213.1,RHS,Rural,Medarametla,Head on collision,,LCV,Minor injury,Fault of driver of motor vehicle/driver of other vehicle/cyclist/pedestrian/passenger,Four lanes or more with central divider,Straight road,,Fine,AP27TX  8023,A.M.B& P.V,Fatal,0
11.02.2018,10:50 AM,1213.1,RHS,Rural,Medarametla,Head on collision,,LCV,Minor injury,Fault of driver of motor vehicle/driver of other vehicle/cyclist/pedestrian/passenger,Four lanes or more with central divider,Straight road,,Fine,AP27TX  8023,A.M.B& P.V,Grevious,0
11.02.2018,10:50 AM,1213.1,RHS,Rural,Medarametla,Head on collision,,LCV,Minor injury,Fault of driver of motor vehicle/driver of other vehicle/cyclist/pedestrian/passenger,Four lanes or more with central divider,Straight road,,Fine,AP27TX  8023,A.M.B& P.V,Minor,2
11.02.2018,10:50 AM,1213.1,RHS,Rural,Medarametla,Head on collision,,LCV,Minor injury,Fault of driver of motor vehicle/driver of other vehicle/cyclist/pedestrian/passenger,Four lanes or more with central divider,Straight road,,Fine,AP27TX  8023,A.M.B& P.V,Non injured,2
11.02.2018,10:50 AM,1213.1,RHS,Rural,Medarametla,Head on collision,,LCV,Minor injury,Fault of driver of motor vehicle/driver of other vehicle/cyclist/pedestrian/passenger,Four lanes or more with central divider,Straight road,,Fine,AP27TX  8023,A.M.B& P.V,Animals affected,0
11.02.2018,4:15 PM,1213.2,RHS,Rural,Medarametla,Collision Brush/Side Wipe,,Bike,Grievious injury,Over speed,Four lanes or more with central divider,Straight road,,Fine,AP30K  4852,A.M.B& P.V,Fatal,0
11.02.2018,4:15 PM,1213.2,RHS,Rural,Medarametla,Collision Brush/Side Wipe,,Bike,Grievious injury,Over speed,Four lanes or more with central divider,Straight road,,Fine,AP30K  4852,A.M.B& P.V,Grevious,1
11.02.2018,4:15 PM,1213.2,RHS,Rural,Medarametla,Collision Brush/Side Wipe,,Bike,Grievious injury,Over speed,Four lanes or more with central divider,Straight road,,Fine,AP30K  4852,A.M.B& P.V,Minor,1
11.02.2018,4:15 PM,1213.2,RHS,Rural,Medarametla,Collision Brush/Side Wipe,,Bike,Grievious injury,Over speed,Four lanes or more with central divider,Straight road,,Fine,AP30K  4852,A.M.B& P.V,Non injured,1
11.02.2018,4:15 PM,1213.2,RHS,Rural,Medarametla,Collision Brush/Side Wipe,,Bike,Grievious injury,Over speed,Four lanes or more with central divider,Straight road,,Fine,AP30K  4852,A.M.B& P.V,Animals affected,0
11.02.2018,5:00 PM,1279.1,RHS,Rural,Singarayakonda,Collision Brush/Side Wipe,,Car,Non injury,Defect in mechanical condition of motor vehicle/road condition,Four lanes or more with central divider,Straight road,,Fine,AP27BS 3993, P.V,Fatal,0
11.02.2018,5:00 PM,1279.1,RHS,Rural,Singarayakonda,Collision Brush/Side Wipe,,Car,Non injury,Defect in mechanical condition of motor vehicle/road condition,Four lanes or more with central divider,Straight road,,Fine,AP27BS 3993, P.V,Grevious,0
11.02.2018,5:00 PM,1279.1,RHS,Rural,Singarayakonda,Collision Brush/Side Wipe,,Car,Non injury,Defect in mechanical condition of motor vehicle/road condition,Four lanes or more with central divider,Straight road,,Fine,AP27BS 3993, P.V,Minor,0
11.02.2018,5:00 PM,1279.1,RHS,Rural,Singarayakonda,Collision Brush/Side Wipe,,Car,Non injury,Defect in mechanical condition of motor vehicle/road condition,Four lanes or more with central divider,Straight road,,Fine,AP27BS 3993, P.V,Non injured,1
11.02.2018,5:00 PM,1279.1,RHS,Rural,Singarayakonda,Collision Brush/Side Wipe,,Car,Non injury,Defect in mechanical condition of motor vehicle/road condition,Four lanes or more with central divider,Straight road,,Fine,AP27BS 3993, P.V,Animals affected,0
11.02.2018,7:45 PM,1192.6,RHS,Rural,Martur,Skidding,,Bike,Grievious injury,Druken,Two lanes,Straight road,,Fine,AP27AY 5519,A.M.B,Fatal,0
11.02.2018,7:45 PM,1192.6,RHS,Rural,Martur,Skidding,,Bike,Grievious injury,Druken,Two lanes,Straight road,,Fine,AP27AY 5519,A.M.B,Grevious,1
11.02.2018,7:45 PM,1192.6,RHS,Rural,Martur,Skidding,,Bike,Grievious injury,Druken,Two lanes,Straight road,,Fine,AP27AY 5519,A.M.B,Minor,0
11.02.2018,7:45 PM,1192.6,RHS,Rural,Martur,Skidding,,Bike,Grievious injury,Druken,Two lanes,Straight road,,Fine,AP27AY 5519,A.M.B,Non injured,0
11.02.2018,7:45 PM,1192.6,RHS,Rural,Martur,Skidding,,Bike,Grievious injury,Druken,Two lanes,Straight road,,Fine,AP27AY 5519,A.M.B,Animals affected,0
12.02.2018,11:00 AM,1268,RHS,Rural,Jarugumalli,Collision Brush/Side Wipe,,Unknown vehicle,Grievious injury,Over speed,Four lanes or more with central divider,Straight road,T-Junction,Fine,Unknown vehicle,P.V,Fatal,0
12.02.2018,11:00 AM,1268,RHS,Rural,Jarugumalli,Collision Brush/Side Wipe,,Unknown vehicle,Grievious injury,Over speed,Four lanes or more with central divider,Straight road,T-Junction,Fine,Unknown vehicle,P.V,Grevious,1
12.02.2018,11:00 AM,1268,RHS,Rural,Jarugumalli,Collision Brush/Side Wipe,,Unknown vehicle,Grievious injury,Over speed,Four lanes or more with central divider,Straight road,T-Junction,Fine,Unknown vehicle,P.V,Minor,0
12.02.2018,11:00 AM,1268,RHS,Rural,Jarugumalli,Collision Brush/Side Wipe,,Unknown vehicle,Grievious injury,Over speed,Four lanes or more with central divider,Straight road,T-Junction,Fine,Unknown vehicle,P.V,Non injured,0
12.02.2018,11:00 AM,1268,RHS,Rural,Jarugumalli,Collision Brush/Side Wipe,,Unknown vehicle,Grievious injury,Over speed,Four lanes or more with central divider,Straight road,T-Junction,Fine,Unknown vehicle,P.V,Animals affected,0
14.02.2018,6:28 AM,1190.2,RHS,Rural,Martur,Head on collision,,Auto,Fatal,Fault of driver of motor vehicle/driver of other vehicle/cyclist/pedestrian/passenger,Two lanes,Straight road,,Fine,AP27TT  5212,P.V,Fatal,1