Operational date,Time of Accident,KM && M,Position,Rural/Urban,Location,Nature of Accident Position,Nature of Accident,Vehicle Involved,Type of Accident,Causes,Road Feature,Road condition,Intersection Type And Control,Weather Condition,Vehicle Responsible,Help Provided by Ambulance/Patroling Vehicle,Classification of Accident,No of Affected Persons
14.02.2018,6:28 AM,1190.2,RHS,Rural,Martur,Head on collision,,Auto,Fatal,Fault of driver of motor vehicle/driver of other vehicle/cyclist/pedestrian/passenger,Two lanes,Straight road,,Fine,AP27TT  5212,P.V,Grevious,0
14.02.2018,6:28 AM,1190.2,RHS,Rural,Martur,Head on collision,,Auto,Fatal,Fault of driver of motor vehicle/driver of other vehicle/cyclist/pedestrian/passenger,Two lanes,Straight road,,Fine,AP27TT  5212,P.V,Minor,0
14.02.2018,6:28 AM,1190.2,RHS,Rural,Martur,Head on collision,,Auto,Fatal,Fault of driver of motor vehicle/driver of other vehicle/cyclist/pedestrian/passenger,Two lanes,Straight road,,Fine,AP27TT  5212,P.V,Non injured,2
14.02.2018,6:28 AM,1190.2,RHS,Rural,Martur,Head on collision,,Auto,Fatal,Fault of driver of motor vehicle/driver of other vehicle/cyclist/pedestrian/passenger,Two lanes,Straight road,,Fine,AP27TT  5212,P.V,Animals affected,0
14.02.2018,5:00 PM,1235.2,RHS,Rural,Maddipadu,Head on collision,,Car,Minor injury,Fault of driver of motor vehicle/driver of other vehicle/cyclist/pedestrian/passenger,Four lanes or more with central divider,Straight road,,Fine,TS10EN 6882,P.V,Fatal,0
14.02.2018,5:00 PM,1235.2,RHS,Rural,Maddipadu,Head on collision,,Car,Minor injury,Fault of driver of motor vehicle/driver of other vehicle/cyclist/pedestrian/passenger,Four lanes or more with central divider,Straight road,,Fine,TS10EN 6882,P.V,Grevious,0
14.02.2018,5:00 PM,1235.2,RHS,Rural,Maddipadu,Head on collision,,Car,Minor injury,Fault of driver of motor vehicle/driver of other vehicle/cyclist/pedestrian/passenger,Four lanes or more with central divider,Straight road,,Fine,TS10EN 6882,P.V,Minor,1
14.02.2018,5:00 PM,1235.2,RHS,Rural,Maddipadu,Head on collision,,Car,Minor injury,Fault of driver of motor vehicle/driver of other vehicle/cyclist/pedestrian/passenger,Four lanes or more with central divider,Straight road,,Fine,TS10EN 6882,P.V,Non injured,4
14.02.2018,5:00 PM,1235.2,RHS,Rural,Maddipadu,Head on collision,,Car,Minor injury,Fault of driver of motor vehicle/driver of other vehicle/cyclist/pedestrian/passenger,Four lanes or more with central divider,Straight road,,Fine,TS10EN 6882,P.V,Animals affected,0
15.02.2018,6:10 AM,1344.4,RHS,Rural,Dagadarthi,Collision Brush/Side Wipe,,Bus,Fatal,Over speed,Four lanes or more with central divider,Straight road,,Fine,AR01G   7878,P.V,Fatal,1
15.02.2018,6:10 AM,1344.4,RHS,Rural,Dagadarthi,Collision Brush/Side Wipe,,Bus,Fatal,Over speed,Four lanes or more with central divider,Straight road,,Fine,AR01G   7878,P.V,Grevious,0
15.02.2018,6:10 AM,1344.4,RHS,Rural,Dagadarthi,Collision Brush/Side Wipe,,Bus,Fatal,Over speed,Four lanes or more with central divider,Straight road,,Fine,AR01G   7878,P.V,Minor,0
15.02.2018,6:10 AM,1344.4,RHS,Rural,Dagadarthi,Collision Brush/Side Wipe,,Bus,Fatal,Over speed,Four lanes or more with central divider,Straight road,,Fine,AR01G   7878,P.V,Non injured,34
15.02.2018,6:10 AM,1344.4,RHS,Rural,Dagadarthi,Collision Brush/Side Wipe,,Bus,Fatal,Over speed,Four lanes or more with central divider,Straight road,,Fine,AR01G   7878,P.V,Animals affected,0
16.02.2018,10:50 PM,1271.2,RHS,Rural,Jarugumalli,Overturning,,LCV,Non injury,Defect in mechanical condition of motor vehicle/road condition,Four lanes or more with central divider,Straight road,,Fine,AP26TF 1192,P.V,Fatal,0
16.02.2018,10:50 PM,1271.2,RHS,Rural,Jarugumalli,Overturning,,LCV,Non injury,Defect in mechanical condition of motor vehicle/road condition,Four lanes or more with central divider,Straight road,,Fine,AP26TF 1192,P.V,Grevious,0
16.02.2018,10:50 PM,1271.2,RHS,Rural,Jarugumalli,Overturning,,LCV,Non injury,Defect in mechanical condition of motor vehicle/road condition,Four lanes or more with central divider,Straight road,,Fine,AP26TF 1192,P.V,Minor,0
16.02.2018,10:50 PM,1271.2,RHS,Rural,Jarugumalli,Overturning,,LCV,Non injury,Defect in mechanical condition of motor vehicle/road condition,Four lanes or more with central divider,Straight road,,Fine,AP26TF 1192,P.V,Non injured,2
16.02.2018,10:50 PM,1271.2,RHS,Rural,Jarugumalli,Overturning,,LCV,Non injury,Defect in mechanical condition of motor vehicle/road condition,Four lanes or more with central divider,Straight road,,Fine,AP26TF 1192,P.V,Animals affected,0
17.02.2018,3:00 AM,1216.9,RHS,Rural,Medarametla,Collision Brush/Side Wipe,,Auto,Grievious injury,Fault of driver of motor vehicle/driver of other vehicle/cyclist/pedestrian/passenger,Four lanes or more with central divider,Straight road,,Fine,AP16TU  4340,A.M.B & P.V,Fatal,0
17.02.2018,3:00 AM,1216.9,RHS,Rural,Medarametla,Collision Brush/Side Wipe,,Auto,Grievious injury,Fault of driver of motor vehicle/driver of other vehicle/cyclist/pedestrian/passenger,Four lanes or more with central divider,Straight road,,Fine,AP16TU  4340,A.M.B & P.V,Grevious,1
17.02.2018,3:00 AM,1216.9,RHS,Rural,Medarametla,Collision Brush/Side Wipe,,Auto,Grievious injury,Fault of driver of motor vehicle/driver of other vehicle/cyclist/pedestrian/passenger,Four lanes or more with central divider,Straight road,,Fine,AP16TU  4340,A.M.B & P.V,Minor,0
17.02.2018,3:00 AM,1216.9,RHS,Rural,Medarametla,Collision Brush/Side Wipe,,Auto,Grievious injury,Fault of driver of motor vehicle/driver of other vehicle/cyclist/pedestrian/passenger,Four lanes or more with central divider,Straight road,,Fine,AP16TU  4340,A.M.B & P.V,Non injured,2
17.02.2018,3:00 AM,1216.9,RHS,Rural,Medarametla,Collision Brush/Side Wipe,,Auto,Grievious injury,Fault of driver of motor vehicle/driver of other vehicle/cyclist/pedestrian/passenger,Four lanes or more with central divider,Straight road,,Fine,AP16TU  4340,A.M.B & P.V,Animals affected,0
17.02.2018,2:30 PM,1205.1,RHS,Rural,Reningavaram,Collision Brush/Side Wipe,,Bike,Grievious injury,Druken,Four lanes or more with central divider,Straight road,,Fine,AP27BB  3188,A.M.B & P.V,Fatal,0
17.02.2018,2:30 PM,1205.1,RHS,Rural,Reningavaram,Collision Brush/Side Wipe,,Bike,Grievious injury,Druken,Four lanes or more with central divider,Straight road,,Fine,AP27BB  3188,A.M.B & P.V,Grevious,1
17.02.2018,2:30 PM,1205.1,RHS,Rural,Reningavaram,Collision Brush/Side Wipe,,Bike,Grievious injury,Druken,Four lanes or more with central divider,Straight road,,Fine,AP27BB  3188,A.M.B & P.V,Minor,0
17.02.2018,2:30 PM,1205.1,RHS,Rural,Reningavaram,Collision Brush/Side Wipe,,Bike,Grievious injury,Druken,Four lanes or more with central divider,Straight road,,Fine,AP27BB  3188,A.M.B & P.V,Non injured,0
17.02.2018,2:30 PM,1205.1,RHS,Rural,Reningavaram,Collision Brush/Side Wipe,,Bike,Grievious injury,Druken,Four lanes or more with central divider,Straight road,,Fine,AP27BB  3188,A.M.B & P.V,Animals affected,0
18.02.2018,1:00 AM,1329.7,RHS,Rural,Kavali,Rear End Collision,,Bike,Minor injury,Druken,Four lanes or more with central divider,Straight road,,Fine,F/R Bike,AMB,Fatal,0
18.02.2018,1:00 AM,1329.7,RHS,Rural,Kavali,Rear End Collision,,Bike,Minor injury,Druken,Four lanes or more with central divider,Straight road,,Fine,F/R Bike,AMB,Grevious,0
18.02.2018,1:00 AM,1329.7,RHS,Rural,Kavali,Rear End Collision,,Bike,Minor injury,Druken,Four lanes or more with central divider,Straight road,,Fine,F/R Bike,AMB,Minor,1
18.02.2018,1:00 AM,1329.7,RHS,Rural,Kavali,Rear End Collision,,Bike,Minor injury,Druken,Four lanes or more with central divider,Straight road,,Fine,F/R Bike,AMB,Non injured,0
18.02.2018,1:00 AM,1329.7,RHS,Rural,Kavali,Rear End Collision,,Bike,Minor injury,Druken,Four lanes or more with central divider,Straight road,,Fine,F/R Bike,AMB,Animals affected,0
18.02.2018,1:10 AM,1275.2,RHS,Rural,Singarayakonda,Collision Brush/Side Wipe,,Truck,Grievious injury,Druken,Four lanes or more with central divider,Straight road,,Fine,RJ09GB  9443,AMB&P.V,Fatal,0
18.02.2018,1:10 AM,1275.2,RHS,Rural,Singarayakonda,Collision Brush/Side Wipe,,Truck,Grievious injury,Druken,Four lanes or more with central divider,Straight road,,Fine,RJ09GB  9443,AMB&P.V,Grevious,2
18.02.2018,1:10 AM,1275.2,RHS,Rural,Singarayakonda,Collision Brush/Side Wipe,,Truck,Grievious injury,Druken,Four lanes or more with central divider,Straight road,,Fine,RJ09GB  9443,AMB&P.V,Minor,2
18.02.2018,1:10 AM,1275.2,RHS,Rural,Singarayakonda,Collision Brush/Side Wipe,,Truck,Grievious injury,Druken,Four lanes or more with central divider,Straight road,,Fine,RJ09GB  9443,AMB&P.V,Non injured,5
18.02.2018,1:10 AM,1275.2,RHS,Rural,Singarayakonda,Collision Brush/Side Wipe,,Truck,Grievious injury,Druken,Four lanes or more with central divider,Straight road,,Fine,RJ09GB  9443,AMB&P.V,Animals affected,0
18.02.2018,8:10 AM,1332.4,RHS,Rural,K.Tippa ,Collision Brush/Side Wipe,,Bus,Non injury,Fault of driver of motor vehicle/driver of other vehicle/cyclist/pedestrian/passenger,Four lanes or more with central divider,Straight road,Four arm junction,Fine,TS21Z   0053,P.V,Fatal,0
18.02.2018,8:10 AM,1332.4,RHS,Rural,K.Tippa ,Collision Brush/Side Wipe,,Bus,Non injury,Fault of driver of motor vehicle/driver of other vehicle/cyclist/pedestrian/passenger,Four lanes or more with central divider,Straight road,Four arm junction,Fine,TS21Z   0053,P.V,Grevious,0
18.02.2018,8:10 AM,1332.4,RHS,Rural,K.Tippa ,Collision Brush/Side Wipe,,Bus,Non injury,Fault of driver of motor vehicle/driver of other vehicle/cyclist/pedestrian/passenger,Four lanes or more with central divider,Straight road,Four arm junction,Fine,TS21Z   0053,P.V,Minor,0
18.02.2018,8:10 AM,1332.4,RHS,Rural,K.Tippa ,Collision Brush/Side Wipe,,Bus,Non injury,Fault of driver of motor vehicle/driver of other vehicle/cyclist/pedestrian/passenger,Four lanes or more with central divider,Straight road,Four arm junction,Fine,TS21Z   0053,P.V,Non injured,36
18.02.2018,8:10 AM,1332.4,RHS,Rural,K.Tippa ,Collision Brush/Side Wipe,,Bus,Non injury,Fault of driver of motor vehicle/driver of other vehicle/cyclist/pedestrian/passenger,Four lanes or more with central divider,Straight road,Four arm junction,Fine,TS21Z   0053,P.V,Animals affected,0
18.02.2018,8:30 PM,1364.1,RHS,Rural,Kovuru,Collision Brush/Side Wipe,,Bike,Fatal,Over speed,Four lanes or more with central divider,Slight curve,,Fine,AP27G   4707,P.V,Fatal,1
18.02.2018,8:30 PM,1364.1,RHS,Rural,Kovuru,Collision Brush/Side Wipe,,Bike,Fatal,Over speed,Four lanes or more with central divider,Slight curve,,Fine,AP27G   4707,P.V,Grevious,1
18.02.2018,8:30 PM,1364.1,RHS,Rural,Kovuru,Collision Brush/Side Wipe,,Bike,Fatal,Over speed,Four lanes or more with central divider,Slight curve,,Fine,AP27G   4707,P.V,Minor,0
18.02.2018,8:30 PM,1364.1,RHS,Rural,Kovuru,Collision Brush/Side Wipe,,Bike,Fatal,Over speed,Four lanes or more with central divider,Slight curve,,Fine,AP27G   4707,P.V,Non injured,1
18.02.2018,8:30 PM,1364.1,RHS,Rural,Kovuru,Collision Brush/Side Wipe,,Bike,Fatal,Over speed,Four lanes or more with central divider,Slight curve,,Fine,AP27G   4707,P.V,Animals affected,0
19.02.2018,12:55 AM,1327.9,RHS,Rural,Kavali,Skidding,,Bike,Minor injury,Over speed,Four lanes or more with central divider,Straight road,,Fine,AP07DG  4133, P.V,Fatal,0
19.02.2018,12:55 AM,1327.9,RHS,Rural,Kavali,Skidding,,Bike,Minor injury,Over speed,Four lanes or more with central divider,Straight road,,Fine,AP07DG  4133, P.V,Grevious,0
19.02.2018,12:55 AM,1327.9,RHS,Rural,Kavali,Skidding,,Bike,Minor injury,Over speed,Four lanes or more with central divider,Straight road,,Fine,AP07DG  4133, P.V,Minor,1
19.02.2018,12:55 AM,1327.9,RHS,Rural,Kavali,Skidding,,Bike,Minor injury,Over speed,Four lanes or more with central divider,Straight road,,Fine,AP07DG  4133, P.V,Non injured,1
19.02.2018,12:55 AM,1327.9,RHS,Rural,Kavali,Skidding,,Bike,Minor injury,Over speed,Four lanes or more with central divider,Straight road,,Fine,AP07DG  4133, P.V,Animals affected,0
19.02.2018,5:00 AM,1316.9,RHS,Rural,Kavali,Overturning,,Truck,Non injury,Fault of driver of motor vehicle/driver of other vehicle/cyclist/pedestrian/passenger,Four lanes or more with central divider,Straight road,,Fine,TN52A  1788, P.V,Fatal,0
19.02.2018,5:00 AM,1316.9,RHS,Rural,Kavali,Overturning,,Truck,Non injury,Fault of driver of motor vehicle/driver of other vehicle/cyclist/pedestrian/passenger,Four lanes or more with central divider,Straight road,,Fine,TN52A  1788, P.V,Grevious,0
19.02.2018,5:00 AM,1316.9,RHS,Rural,Kavali,Overturning,,Truck,Non injury,Fault of driver of motor vehicle/driver of other vehicle/cyclist/pedestrian/passenger,Four lanes or more with central divider,Straight road,,Fine,TN52A  1788, P.V,Minor,0
19.02.2018,5:00 AM,1316.9,RHS,Rural,Kavali,Overturning,,Truck,Non injury,Fault of driver of motor vehicle/driver of other vehicle/cyclist/pedestrian/passenger,Four lanes or more with central divider,Straight road,,Fine,TN52A  1788, P.V,Non injured,1
19.02.2018,5:00 AM,1316.9,RHS,Rural,Kavali,Overturning,,Truck,Non injury,Fault of driver of motor vehicle/driver of other vehicle/cyclist/pedestrian/passenger,Four lanes or more with central divider,Straight road,,Fine,TN52A  1788, P.V,Animals affected,0
20.02.2018,12:02 AM,1223.1,RHS,Rural,Medarametla,Collision Brush/Side Wipe,,Bike,Minor injury,Druken,Four lanes or more with central divider,Straight road,,Fine,AP16CU  7338,A.M.B,Fatal,0
20.02.2018,12:02 AM,1223.1,RHS,Rural,Medarametla,Collision Brush/Side Wipe,,Bike,Minor injury,Druken,Four lanes or more with central divider,Straight road,,Fine,AP16CU  7338,A.M.B,Grevious,0
20.02.2018,12:02 AM,1223.1,RHS,Rural,Medarametla,Collision Brush/Side Wipe,,Bike,Minor injury,Druken,Four lanes or more with central divider,Straight road,,Fine,AP16CU  7338,A.M.B,Minor,2
20.02.2018,12:02 AM,1223.1,RHS,Rural,Medarametla,Collision Brush/Side Wipe,,Bike,Minor injury,Druken,Four lanes or more with central divider,Straight road,,Fine,AP16CU  7338,A.M.B,Non injured,0
20.02.2018,12:02 AM,1223.1,RHS,Rural,Medarametla,Collision Brush/Side Wipe,,Bike,Minor injury,Druken,Four lanes or more with central divider,Straight road,,Fine,AP16CU  7338,A.M.B,Animals affected,0
20.02.2018,5:10 AM,1185.6,RHS,Rural,Martur,Collision Brush/Side Wipe,,LCV,Minor injury,Fault of driver of motor vehicle/driver of other vehicle/cyclist/pedestrian/passenger,Two lanes,Straight road,,Fine,AP28X   3580,A.M.B&P.V,Fatal,0
20.02.2018,5:10 AM,1185.6,RHS,Rural,Martur,Collision Brush/Side Wipe,,LCV,Minor injury,Fault of driver of motor vehicle/driver of other vehicle/cyclist/pedestrian/passenger,Two lanes,Straight road,,Fine,AP28X   3580,A.M.B&P.V,Grevious,0
20.02.2018,5:10 AM,1185.6,RHS,Rural,Martur,Collision Brush/Side Wipe,,LCV,Minor injury,Fault of driver of motor vehicle/driver of other vehicle/cyclist/pedestrian/passenger,Two lanes,Straight road,,Fine,AP28X   3580,A.M.B&P.V,Minor,2
20.02.2018,5:10 AM,1185.6,RHS,Rural,Martur,Collision Brush/Side Wipe,,LCV,Minor injury,Fault of driver of motor vehicle/driver of other vehicle/cyclist/pedestrian/passenger,Two lanes,Straight road,,Fine,AP28X   3580,A.M.B&P.V,Non injured,0
20.02.2018,5:10 AM,1185.6,RHS,Rural,Martur,Collision Brush/Side Wipe,,LCV,Minor injury,Fault of driver of motor vehicle/driver of other vehicle/cyclist/pedestrian/passenger,Two lanes,Straight road,,Fine,AP28X   3580,A.M.B&P.V,Animals affected,0
20.02.2018,6:41 PM,1218.7,RHS,Rural,Medarametla,Rear End Collision,,Bike,Minor injury,Over speed,Four lanes or more with central divider,Slight curve,,Fine,AP27BF  3969,A.M.B&P.V,Fatal,0
20.02.2018,6:41 PM,1218.7,RHS,Rural,Medarametla,Rear End Collision,,Bike,Minor injury,Over speed,Four lanes or more with central divider,Slight curve,,Fine,AP27BF  3969,A.M.B&P.V,Grevious,0
20.02.2018,6:41 PM,1218.7,RHS,Rural,Medarametla,Rear End Collision,,Bike,Minor injury,Over speed,Four lanes or more with central divider,Slight curve,,Fine,AP27BF  3969,A.M.B&P.V,Minor,1
20.02.2018,6:41 PM,1218.7,RHS,Rural,Medarametla,Rear End Collision,,Bike,Minor injury,Over speed,Four lanes or more with central divider,Slight curve,,Fine,AP27BF  3969,A.M.B&P.V,Non injured,2
20.02.2018,6:41 PM,1218.7,RHS,Rural,Medarametla,Rear End Collision,,Bike,Minor injury,Over speed,Four lanes or more with central divider,Slight curve,,Fine,AP27BF  3969,A.M.B&P.V,Animals affected,0
21.02.2018,5:50 AM,1223.1,RHS,Rural,Medarametla,Collision Brush/Side Wipe,,Truck,Non injury,Defect in mechanical condition of motor vehicle/road condition,Four lanes or more with central divider,Straight road,,Fine,AP26TD   4508,P.V,Fatal,0
21.02.2018,5:50 AM,1223.1,RHS,Rural,Medarametla,Collision Brush/Side Wipe,,Truck,Non injury,Defect in mechanical condition of motor vehicle/road condition,Four lanes or more with central divider,Straight road,,Fine,AP26TD   4508,P.V,Grevious,0
21.02.2018,5:50 AM,1223.1,RHS,Rural,Medarametla,Collision Brush/Side Wipe,,Truck,Non injury,Defect in mechanical condition of motor vehicle/road condition,Four lanes or more with central divider,Straight road,,Fine,AP26TD   4508,P.V,Minor,0
21.02.2018,5:50 AM,1223.1,RHS,Rural,Medarametla,Collision Brush/Side Wipe,,Truck,Non injury,Defect in mechanical condition of motor vehicle/road condition,Four lanes or more with central divider,Straight road,,Fine,AP26TD   4508,P.V,Non injured,1
21.02.2018,5:50 AM,1223.1,RHS,Rural,Medarametla,Collision Brush/Side Wipe,,Truck,Non injury,Defect in mechanical condition of motor vehicle/road condition,Four lanes or more with central divider,Straight road,,Fine,AP26TD   4508,P.V,Animals affected,0
22.02.2018,9:30 AM,1228.7,RHS,Rural,Maddipadu,Rear End Collision,,Bike,Grievious injury,Over speed,Four lanes or more with central divider,Straight road,,Fine,F/R Bike,P.V,Fatal,0
22.02.2018,9:30 AM,1228.7,RHS,Rural,Maddipadu,Rear End Collision,,Bike,Grievious injury,Over speed,Four lanes or more with central divider,Straight road,,Fine,F/R Bike,P.V,Grevious,1
22.02.2018,9:30 AM,1228.7,RHS,Rural,Maddipadu,Rear End Collision,,Bike,Grievious injury,Over speed,Four lanes or more with central divider,Straight road,,Fine,F/R Bike,P.V,Minor,1
22.02.2018,9:30 AM,1228.7,RHS,Rural,Maddipadu,Rear End Collision,,Bike,Grievious injury,Over speed,Four lanes or more with central divider,Straight road,,Fine,F/R Bike,P.V,Non injured,1
22.02.2018,9:30 AM,1228.7,RHS,Rural,Maddipadu,Rear End Collision,,Bike,Grievious injury,Over speed,Four lanes or more with central divider,Straight road,,Fine,F/R Bike,P.V,Animals affected,0
24.02.2018,3:40 AM,1296.6,RHS,Rural,Ulavapadu,Overturning,,Container,Non injury,Fault of driver of motor vehicle/driver of other vehicle/cyclist/pedestrian/passenger,Four lanes or more with central divider,Straight road,,Fine,PB13Z     0595,P.V,Fatal,0
24.02.2018,3:40 AM,1296.6,RHS,Rural,Ulavapadu,Overturning,,Container,Non injury,Fault of driver of motor vehicle/driver of other vehicle/cyclist/pedestrian/passenger,Four lanes or more with central divider,Straight road,,Fine,PB13Z     0595,P.V,Grevious,0
24.02.2018,3:40 AM,1296.6,RHS,Rural,Ulavapadu,Overturning,,Container,Non injury,Fault of driver of motor vehicle/driver of other vehicle/cyclist/pedestrian/passenger,Four lanes or more with central divider,Straight road,,Fine,PB13Z     0595,P.V,Minor,0
24.02.2018,3:40 AM,1296.6,RHS,Rural,Ulavapadu,Overturning,,Container,Non injury,Fault of driver of motor vehicle/driver of other vehicle/cyclist/pedestrian/passenger,Four lanes or more with central divider,Straight road,,Fine,PB13Z     0595,P.V,Non injured,1
24.02.2018,3:40 AM,1296.6,RHS,Rural,Ulavapadu,Overturning,,Container,Non injury,Fault of driver of motor vehicle/driver of other vehicle/cyclist/pedestrian/passenger,Four lanes or more with central divider,Straight road,,Fine,PB13Z     0595,P.V,Animals affected,0
24.02.2018,2:16 PM,1199,RHS,Rural,Martur,Collision Brush/Side Wipe,,Bike,Minor injury,Fault of driver of motor vehicle/driver of other vehicle/cyclist/pedestrian/passenger,Four lanes or more with central divider,Straight road,,Fine,AP07DH   3204,A.M.B&P.V,Fatal,0
24.02.2018,2:16 PM,1199,RHS,Rural,Martur,Collision Brush/Side Wipe,,Bike,Minor injury,Fault of driver of motor vehicle/driver of other vehicle/cyclist/pedestrian/passenger,Four lanes or more with central divider,Straight road,,Fine,AP07DH   3204,A.M.B&P.V,Grevious,0
24.02.2018,2:16 PM,1199,RHS,Rural,Martur,Collision Brush/Side Wipe,,Bike,Minor injury,Fault of driver of motor vehicle/driver of other vehicle/cyclist/pedestrian/passenger,Four lanes or more with central divider,Straight road,,Fine,AP07DH   3204,A.M.B&P.V,Minor,2
24.02.2018,2:16 PM,1199,RHS,Rural,Martur,Collision Brush/Side Wipe,,Bike,Minor injury,Fault of driver of motor vehicle/driver of other vehicle/cyclist/pedestrian/passenger,Four lanes or more with central divider,Straight road,,Fine,AP07DH   3204,A.M.B&P.V,Non injured,1
24.02.2018,2:16 PM,1199,RHS,Rural,Martur,Collision Brush/Side Wipe,,Bike,Minor injury,Fault of driver of motor vehicle/driver of other vehicle/cyclist/pedestrian/passenger,Four lanes or more with central divider,Straight road,,Fine,AP07DH   3204,A.M.B&P.V,Animals affected,0
25.02.2018,4:30 PM,1223.1,RHS,Rural,Medarametla,Overturning,,Bus,Non injury,Fault of driver of motor vehicle/driver of other vehicle/cyclist/pedestrian/passenger,Four lanes or more with central divider,Slight curve,,Fine,AP05TA 4781,P.V,Fatal,0
25.02.2018,4:30 PM,1223.1,RHS,Rural,Medarametla,Overturning,,Bus,Non injury,Fault of driver of motor vehicle/driver of other vehicle/cyclist/pedestrian/passenger,Four lanes or more with central divider,Slight curve,,Fine,AP05TA 4781,P.V,Grevious,0
25.02.2018,4:30 PM,1223.1,RHS,Rural,Medarametla,Overturning,,Bus,Non injury,Fault of driver of motor vehicle/driver of other vehicle/cyclist/pedestrian/passenger,Four lanes or more with central divider,Slight curve,,Fine,AP05TA 4781,P.V,Minor,0
25.02.2018,4:30 PM,1223.1,RHS,Rural,Medarametla,Overturning,,Bus,Non injury,Fault of driver of motor vehicle/driver of other vehicle/cyclist/pedestrian/passenger,Four lanes or more with central divider,Slight curve,,Fine,AP05TA 4781,P.V,Non injured,2
25.02.2018,4:30 PM,1223.1,RHS,Rural,Medarametla,Overturning,,Bus,Non injury,Fault of driver of motor vehicle/driver of other vehicle/cyclist/pedestrian/passenger,Four lanes or more with central divider,Slight curve,,Fine,AP05TA 4781,P.V,Animals affected,0
25.02.2018,7:05 PM,1241.7,RHS,Rural,Ongole,Collision Brush/Side Wipe,,Unknown vehicle,Fatal,Over speed,Four lanes or more with central divider,Straight road,,Fine,Unknown Vehicle, P.V,Fatal,1
25.02.2018,7:05 PM,1241.7,RHS,Rural,Ongole,Collision Brush/Side Wipe,,Unknown vehicle,Fatal,Over speed,Four lanes or more with central divider,Straight road,,Fine,Unknown Vehicle, P.V,Grevious,0
25.02.2018,7:05 PM,1241.7,RHS,Rural,Ongole,Collision Brush/Side Wipe,,Unknown vehicle,Fatal,Over speed,Four lanes or more with central divider,Straight road,,Fine,Unknown Vehicle, P.V,Minor,0
25.02.2018,7:05 PM,1241.7,RHS,Rural,Ongole,Collision Brush/Side Wipe,,Unknown vehicle,Fatal,Over speed,Four lanes or more with central divider,Straight road,,Fine,Unknown Vehicle, P.V,Non injured,0
25.02.2018,7:05 PM,1241.7,RHS,Rural,Ongole,Collision Brush/Side Wipe,,Unknown vehicle,Fatal,Over speed,Four lanes or more with central divider,Straight road,,Fine,Unknown Vehicle, P.V,Animals affected,0
26.02.2018,9:40 AM,1363.5,RHS,Rural,Kovuru,Overturning,,LCV,Non injury,Defect in mechanical condition of motor vehicle/road condition,Four lanes or more with central divider,Straight road,,Fine,AP16TM  0427,P.V,Fatal,0
26.02.2018,9:40 AM,1363.5,RHS,Rural,Kovuru,Overturning,,LCV,Non injury,Defect in mechanical condition of motor vehicle/road condition,Four lanes or more with central divider,Straight road,,Fine,AP16TM  0427,P.V,Grevious,0
26.02.2018,9:40 AM,1363.5,RHS,Rural,Kovuru,Overturning,,LCV,Non injury,Defect in mechanical condition of motor vehicle/road condition,Four lanes or more with central divider,Straight road,,Fine,AP16TM  0427,P.V,Minor,0
26.02.2018,9:40 AM,1363.5,RHS,Rural,Kovuru,Overturning,,LCV,Non injury,Defect in mechanical condition of motor vehicle/road condition,Four lanes or more with central divider,Straight road,,Fine,AP16TM  0427,P.V,Non injured,1
26.02.2018,9:40 AM,1363.5,RHS,Rural,Kovuru,Overturning,,LCV,Non injury,Defect in mechanical condition of motor vehicle/road condition,Four lanes or more with central divider,Straight road,,Fine,AP16TM  0427,P.V,Animals affected,0
27.02.2018,3:30 AM,1216.2,RHS,Rural,Medarametla,Overturning,,Car,Minor injury,Over speed,Four lanes or more with central divider,Straight road,,Fine,AP27BM    4248,P.V,Fatal,0
27.02.2018,3:30 AM,1216.2,RHS,Rural,Medarametla,Overturning,,Car,Minor injury,Over speed,Four lanes or more with central divider,Straight road,,Fine,AP27BM    4248,P.V,Grevious,0
27.02.2018,3:30 AM,1216.2,RHS,Rural,Medarametla,Overturning,,Car,Minor injury,Over speed,Four lanes or more with central divider,Straight road,,Fine,AP27BM    4248,P.V,Minor,2
27.02.2018,3:30 AM,1216.2,RHS,Rural,Medarametla,Overturning,,Car,Minor injury,Over speed,Four lanes or more with central divider,Straight road,,Fine,AP27BM    4248,P.V,Non injured,1
27.02.2018,3:30 AM,1216.2,RHS,Rural,Medarametla,Overturning,,Car,Minor injury,Over speed,Four lanes or more with central divider,Straight road,,Fine,AP27BM    4248,P.V,Animals affected,0
27.02.2018,6:15 AM,1260.9,RHS,Rural,Tangutur,Collision Brush/Side Wipe,,Unknown vehicle,Grievious injury,Over speed,Four lanes or more with central divider,Straight road,,Fine,Unknown vehicle,A.M.B & P.V,Fatal,0
27.02.2018,6:15 AM,1260.9,RHS,Rural,Tangutur,Collision Brush/Side Wipe,,Unknown vehicle,Grievious injury,Over speed,Four lanes or more with central divider,Straight road,,Fine,Unknown vehicle,A.M.B & P.V,Grevious,3
27.02.2018,6:15 AM,1260.9,RHS,Rural,Tangutur,Collision Brush/Side Wipe,,Unknown vehicle,Grievious injury,Over speed,Four lanes or more with central divider,Straight road,,Fine,Unknown vehicle,A.M.B & P.V,Minor,1
27.02.2018,6:15 AM,1260.9,RHS,Rural,Tangutur,Collision Brush/Side Wipe,,Unknown vehicle,Grievious injury,Over speed,Four lanes or more with central divider,Straight road,,Fine,Unknown vehicle,A.M.B & P.V,Non injured,0
27.02.2018,6:15 AM,1260.9,RHS,Rural,Tangutur,Collision Brush/Side Wipe,,Unknown vehicle,Grievious injury,Over speed,Four lanes or more with central divider,Straight road,,Fine,Unknown vehicle,A.M.B & P.V,Animals affected,0
27.02.2018,9:20 PM,1191.2,RHS,Rural,Martur,Collision Brush/Side Wipe,,Car,Grievious injury,Defect in mechanical condition of motor vehicle/road condition,Four lanes or more with central divider,Straight road,,Fine,AP16CW    7934,P.V,Fatal,0