Operational date,Time of Accident,KM && M,Position,Rural/Urban,Location,Nature of Accident Position,Nature of Accident,Vehicle Involved,Type of Accident,Causes,Road Feature,Road condition,Intersection Type And Control,Weather Condition,Vehicle Responsible,Help Provided by Ambulance/Patroling Vehicle,Classification of Accident,No of Affected Persons
27.02.2018,9:20 PM,1191.2,RHS,Rural,Martur,Collision Brush/Side Wipe,,Car,Grievious injury,Defect in mechanical condition of motor vehicle/road condition,Four lanes or more with central divider,Straight road,,Fine,AP16CW    7934,P.V,Grevious,1
27.02.2018,9:20 PM,1191.2,RHS,Rural,Martur,Collision Brush/Side Wipe,,Car,Grievious injury,Defect in mechanical condition of motor vehicle/road condition,Four lanes or more with central divider,Straight road,,Fine,AP16CW    7934,P.V,Minor,1
27.02.2018,9:20 PM,1191.2,RHS,Rural,Martur,Collision Brush/Side Wipe,,Car,Grievious injury,Defect in mechanical condition of motor vehicle/road condition,Four lanes or more with central divider,Straight road,,Fine,AP16CW    7934,P.V,Non injured,0
27.02.2018,9:20 PM,1191.2,RHS,Rural,Martur,Collision Brush/Side Wipe,,Car,Grievious injury,Defect in mechanical condition of motor vehicle/road condition,Four lanes or more with central divider,Straight road,,Fine,AP16CW    7934,P.V,Animals affected,0
27.02.2018,11:30 PM,1328.7,RHS,Rural,Kavali,Skidding,,Bike,Grievious injury,Over speed,Four lanes or more with central divider,Straight road,,Fine,AP26AK   8950,A.M.B,Fatal,0
27.02.2018,11:30 PM,1328.7,RHS,Rural,Kavali,Skidding,,Bike,Grievious injury,Over speed,Four lanes or more with central divider,Straight road,,Fine,AP26AK   8950,A.M.B,Grevious,1
27.02.2018,11:30 PM,1328.7,RHS,Rural,Kavali,Skidding,,Bike,Grievious injury,Over speed,Four lanes or more with central divider,Straight road,,Fine,AP26AK   8950,A.M.B,Minor,0
27.02.2018,11:30 PM,1328.7,RHS,Rural,Kavali,Skidding,,Bike,Grievious injury,Over speed,Four lanes or more with central divider,Straight road,,Fine,AP26AK   8950,A.M.B,Non injured,0
27.02.2018,11:30 PM,1328.7,RHS,Rural,Kavali,Skidding,,Bike,Grievious injury,Over speed,Four lanes or more with central divider,Straight road,,Fine,AP26AK   8950,A.M.B,Animals affected,0
28.02.2018,5:30 PM,1325.5,RHS,Rural,Kavali,Overturning,,LGV,Minor injury,Defect in mechanical condition of motor vehicle/road condition,Four lanes or more with central divider,Straight road,,Fine,AP26VJ T/R  4920,P.V,Fatal,0
28.02.2018,5:30 PM,1325.5,RHS,Rural,Kavali,Overturning,,LGV,Minor injury,Defect in mechanical condition of motor vehicle/road condition,Four lanes or more with central divider,Straight road,,Fine,AP26VJ T/R  4920,P.V,Grevious,0
28.02.2018,5:30 PM,1325.5,RHS,Rural,Kavali,Overturning,,LGV,Minor injury,Defect in mechanical condition of motor vehicle/road condition,Four lanes or more with central divider,Straight road,,Fine,AP26VJ T/R  4920,P.V,Minor,1
28.02.2018,5:30 PM,1325.5,RHS,Rural,Kavali,Overturning,,LGV,Minor injury,Defect in mechanical condition of motor vehicle/road condition,Four lanes or more with central divider,Straight road,,Fine,AP26VJ T/R  4920,P.V,Non injured,1
28.02.2018,5:30 PM,1325.5,RHS,Rural,Kavali,Overturning,,LGV,Minor injury,Defect in mechanical condition of motor vehicle/road condition,Four lanes or more with central divider,Straight road,,Fine,AP26VJ T/R  4920,P.V,Animals affected,0
28.02.2018,10:18 PM,1200,RHS,Rural,Reningavaram,Collision Brush/Side Wipe,,Truck,Grievious injury,Over speed,Four lanes or more with central divider,Straight road,,Fine,AP16TX   6578,A.M.B ,Fatal,0
28.02.2018,10:18 PM,1200,RHS,Rural,Reningavaram,Collision Brush/Side Wipe,,Truck,Grievious injury,Over speed,Four lanes or more with central divider,Straight road,,Fine,AP16TX   6578,A.M.B ,Grevious,1
28.02.2018,10:18 PM,1200,RHS,Rural,Reningavaram,Collision Brush/Side Wipe,,Truck,Grievious injury,Over speed,Four lanes or more with central divider,Straight road,,Fine,AP16TX   6578,A.M.B ,Minor,0
28.02.2018,10:18 PM,1200,RHS,Rural,Reningavaram,Collision Brush/Side Wipe,,Truck,Grievious injury,Over speed,Four lanes or more with central divider,Straight road,,Fine,AP16TX   6578,A.M.B ,Non injured,1
28.02.2018,10:18 PM,1200,RHS,Rural,Reningavaram,Collision Brush/Side Wipe,,Truck,Grievious injury,Over speed,Four lanes or more with central divider,Straight road,,Fine,AP16TX   6578,A.M.B ,Animals affected,0
01.03.2018,1:30 AM,1277.3,RHS,Rural,Singarayakonda,Rear End Collision,,Container,Grievious injury,Fault of driver of motor vehicle/driver of other vehicle/cyclist/pedestrian/passenger,Four lanes or more with central divider,Straight road,,Fine,HR55AB 7138,A.M.B&P.V,Fatal,0
01.03.2018,1:30 AM,1277.3,RHS,Rural,Singarayakonda,Rear End Collision,,Container,Grievious injury,Fault of driver of motor vehicle/driver of other vehicle/cyclist/pedestrian/passenger,Four lanes or more with central divider,Straight road,,Fine,HR55AB 7138,A.M.B&P.V,Grevious,1
01.03.2018,1:30 AM,1277.3,RHS,Rural,Singarayakonda,Rear End Collision,,Container,Grievious injury,Fault of driver of motor vehicle/driver of other vehicle/cyclist/pedestrian/passenger,Four lanes or more with central divider,Straight road,,Fine,HR55AB 7138,A.M.B&P.V,Minor,0
01.03.2018,1:30 AM,1277.3,RHS,Rural,Singarayakonda,Rear End Collision,,Container,Grievious injury,Fault of driver of motor vehicle/driver of other vehicle/cyclist/pedestrian/passenger,Four lanes or more with central divider,Straight road,,Fine,HR55AB 7138,A.M.B&P.V,Non injured,1
01.03.2018,1:30 AM,1277.3,RHS,Rural,Singarayakonda,Rear End Collision,,Container,Grievious injury,Fault of driver of motor vehicle/driver of other vehicle/cyclist/pedestrian/passenger,Four lanes or more with central divider,Straight road,,Fine,HR55AB 7138,A.M.B&P.V,Animals affected,0
01.03.2018,10:15 AM,1291.6,RHS,Rural,Ulavapadu,Rear End Collision,,Car,Fatal,Over speed,Four lanes or more with central divider,Straight road,T-Junction,Fine,AP27AY 6633,P.V,Fatal,1
01.03.2018,10:15 AM,1291.6,RHS,Rural,Ulavapadu,Rear End Collision,,Car,Fatal,Over speed,Four lanes or more with central divider,Straight road,T-Junction,Fine,AP27AY 6633,P.V,Grevious,2
01.03.2018,10:15 AM,1291.6,RHS,Rural,Ulavapadu,Rear End Collision,,Car,Fatal,Over speed,Four lanes or more with central divider,Straight road,T-Junction,Fine,AP27AY 6633,P.V,Minor,0
01.03.2018,10:15 AM,1291.6,RHS,Rural,Ulavapadu,Rear End Collision,,Car,Fatal,Over speed,Four lanes or more with central divider,Straight road,T-Junction,Fine,AP27AY 6633,P.V,Non injured,1
01.03.2018,10:15 AM,1291.6,RHS,Rural,Ulavapadu,Rear End Collision,,Car,Fatal,Over speed,Four lanes or more with central divider,Straight road,T-Junction,Fine,AP27AY 6633,P.V,Animals affected,0
02.03.2018,10:10 PM,1332.5,RHS,Rural,K.Tippa ,Rear End Collision,,Truck,Grievious injury,Fault of driver of motor vehicle/driver of other vehicle/cyclist/pedestrian/passenger,Four lanes or more with central divider,Straight road,T-Junction,Fine,TN69AE 6721,A.M.B&P.V,Fatal,0
02.03.2018,10:10 PM,1332.5,RHS,Rural,K.Tippa ,Rear End Collision,,Truck,Grievious injury,Fault of driver of motor vehicle/driver of other vehicle/cyclist/pedestrian/passenger,Four lanes or more with central divider,Straight road,T-Junction,Fine,TN69AE 6721,A.M.B&P.V,Grevious,2
02.03.2018,10:10 PM,1332.5,RHS,Rural,K.Tippa ,Rear End Collision,,Truck,Grievious injury,Fault of driver of motor vehicle/driver of other vehicle/cyclist/pedestrian/passenger,Four lanes or more with central divider,Straight road,T-Junction,Fine,TN69AE 6721,A.M.B&P.V,Minor,2
02.03.2018,10:10 PM,1332.5,RHS,Rural,K.Tippa ,Rear End Collision,,Truck,Grievious injury,Fault of driver of motor vehicle/driver of other vehicle/cyclist/pedestrian/passenger,Four lanes or more with central divider,Straight road,T-Junction,Fine,TN69AE 6721,A.M.B&P.V,Non injured,0
02.03.2018,10:10 PM,1332.5,RHS,Rural,K.Tippa ,Rear End Collision,,Truck,Grievious injury,Fault of driver of motor vehicle/driver of other vehicle/cyclist/pedestrian/passenger,Four lanes or more with central divider,Straight road,T-Junction,Fine,TN69AE 6721,A.M.B&P.V,Animals affected,0
02.03.2018,7:05 AM,1257.1,RHS,Rural,Tangutur,Rear End Collision,,Car,Minor injury,Fault of driver of motor vehicle/driver of other vehicle/cyclist/pedestrian/passenger,Four lanes or more with central divider,Straight road,,Fine,AP21Q   8118,A.M.B&P.V,Fatal,0
02.03.2018,7:05 AM,1257.1,RHS,Rural,Tangutur,Rear End Collision,,Car,Minor injury,Fault of driver of motor vehicle/driver of other vehicle/cyclist/pedestrian/passenger,Four lanes or more with central divider,Straight road,,Fine,AP21Q   8118,A.M.B&P.V,Grevious,0
02.03.2018,7:05 AM,1257.1,RHS,Rural,Tangutur,Rear End Collision,,Car,Minor injury,Fault of driver of motor vehicle/driver of other vehicle/cyclist/pedestrian/passenger,Four lanes or more with central divider,Straight road,,Fine,AP21Q   8118,A.M.B&P.V,Minor,2
02.03.2018,7:05 AM,1257.1,RHS,Rural,Tangutur,Rear End Collision,,Car,Minor injury,Fault of driver of motor vehicle/driver of other vehicle/cyclist/pedestrian/passenger,Four lanes or more with central divider,Straight road,,Fine,AP21Q   8118,A.M.B&P.V,Non injured,2
02.03.2018,7:05 AM,1257.1,RHS,Rural,Tangutur,Rear End Collision,,Car,Minor injury,Fault of driver of motor vehicle/driver of other vehicle/cyclist/pedestrian/passenger,Four lanes or more with central divider,Straight road,,Fine,AP21Q   8118,A.M.B&P.V,Animals affected,0
03.03.2018,6:40 PM,1189,RHS,Rural,Martur,Head on collision,,Bike,Grievious injury,Over speed,Two lanes,Straight road,,Fine,AP27Q  9502,A.M.B,Fatal,0
03.03.2018,6:40 PM,1189,RHS,Rural,Martur,Head on collision,,Bike,Grievious injury,Over speed,Two lanes,Straight road,,Fine,AP27Q  9502,A.M.B,Grevious,1
03.03.2018,6:40 PM,1189,RHS,Rural,Martur,Head on collision,,Bike,Grievious injury,Over speed,Two lanes,Straight road,,Fine,AP27Q  9502,A.M.B,Minor,1
03.03.2018,6:40 PM,1189,RHS,Rural,Martur,Head on collision,,Bike,Grievious injury,Over speed,Two lanes,Straight road,,Fine,AP27Q  9502,A.M.B,Non injured,0
03.03.2018,6:40 PM,1189,RHS,Rural,Martur,Head on collision,,Bike,Grievious injury,Over speed,Two lanes,Straight road,,Fine,AP27Q  9502,A.M.B,Animals affected,0
04.03.2018,5:45 AM,1252.6,RHS,Rural,Ongole,Collision Brush/Side Wipe,,Container,Non injury,Fault of driver of motor vehicle/driver of other vehicle/cyclist/pedestrian/passenger,Four lanes or more with central divider,Straight road,,Fine,RJ47GA   1287,P.V,Fatal,0
04.03.2018,5:45 AM,1252.6,RHS,Rural,Ongole,Collision Brush/Side Wipe,,Container,Non injury,Fault of driver of motor vehicle/driver of other vehicle/cyclist/pedestrian/passenger,Four lanes or more with central divider,Straight road,,Fine,RJ47GA   1287,P.V,Grevious,0
04.03.2018,5:45 AM,1252.6,RHS,Rural,Ongole,Collision Brush/Side Wipe,,Container,Non injury,Fault of driver of motor vehicle/driver of other vehicle/cyclist/pedestrian/passenger,Four lanes or more with central divider,Straight road,,Fine,RJ47GA   1287,P.V,Minor,0
04.03.2018,5:45 AM,1252.6,RHS,Rural,Ongole,Collision Brush/Side Wipe,,Container,Non injury,Fault of driver of motor vehicle/driver of other vehicle/cyclist/pedestrian/passenger,Four lanes or more with central divider,Straight road,,Fine,RJ47GA   1287,P.V,Non injured,2
04.03.2018,5:45 AM,1252.6,RHS,Rural,Ongole,Collision Brush/Side Wipe,,Container,Non injury,Fault of driver of motor vehicle/driver of other vehicle/cyclist/pedestrian/passenger,Four lanes or more with central divider,Straight road,,Fine,RJ47GA   1287,P.V,Animals affected,0
04.03.2018,7:20 PM,1199.1,RHS,Rural,Martur,Rear End Collision,,Bike,Grievious injury,Over speed,Four lanes or more with central divider,Straight road,,Fine,AP27BD 4633,A.M.B&P.V,Fatal,0
04.03.2018,7:20 PM,1199.1,RHS,Rural,Martur,Rear End Collision,,Bike,Grievious injury,Over speed,Four lanes or more with central divider,Straight road,,Fine,AP27BD 4633,A.M.B&P.V,Grevious,1
04.03.2018,7:20 PM,1199.1,RHS,Rural,Martur,Rear End Collision,,Bike,Grievious injury,Over speed,Four lanes or more with central divider,Straight road,,Fine,AP27BD 4633,A.M.B&P.V,Minor,0
04.03.2018,7:20 PM,1199.1,RHS,Rural,Martur,Rear End Collision,,Bike,Grievious injury,Over speed,Four lanes or more with central divider,Straight road,,Fine,AP27BD 4633,A.M.B&P.V,Non injured,1
04.03.2018,7:20 PM,1199.1,RHS,Rural,Martur,Rear End Collision,,Bike,Grievious injury,Over speed,Four lanes or more with central divider,Straight road,,Fine,AP27BD 4633,A.M.B&P.V,Animals affected,0
04.03.2018,7:40 PM,1329.7,RHS,Rural,Kavali,Collision Brush/Side Wipe,,Bike,Minor injury,Druken,Four lanes or more with central divider,Straight road,,Fine,AP26BK  9850,A.M.B&P.V,Fatal,0
04.03.2018,7:40 PM,1329.7,RHS,Rural,Kavali,Collision Brush/Side Wipe,,Bike,Minor injury,Druken,Four lanes or more with central divider,Straight road,,Fine,AP26BK  9850,A.M.B&P.V,Grevious,0
04.03.2018,7:40 PM,1329.7,RHS,Rural,Kavali,Collision Brush/Side Wipe,,Bike,Minor injury,Druken,Four lanes or more with central divider,Straight road,,Fine,AP26BK  9850,A.M.B&P.V,Minor,1
04.03.2018,7:40 PM,1329.7,RHS,Rural,Kavali,Collision Brush/Side Wipe,,Bike,Minor injury,Druken,Four lanes or more with central divider,Straight road,,Fine,AP26BK  9850,A.M.B&P.V,Non injured,0
04.03.2018,7:40 PM,1329.7,RHS,Rural,Kavali,Collision Brush/Side Wipe,,Bike,Minor injury,Druken,Four lanes or more with central divider,Straight road,,Fine,AP26BK  9850,A.M.B&P.V,Animals affected,0
07.03.2018,12:40 AM,1204.3,RHS,Rural,Reningavaram,Overturning,,Car,Non injury,Over speed,Four lanes or more with central divider,Straight road,,Fine,AP31TW  5786,P.V,Fatal,0
07.03.2018,12:40 AM,1204.3,RHS,Rural,Reningavaram,Overturning,,Car,Non injury,Over speed,Four lanes or more with central divider,Straight road,,Fine,AP31TW  5786,P.V,Grevious,0
07.03.2018,12:40 AM,1204.3,RHS,Rural,Reningavaram,Overturning,,Car,Non injury,Over speed,Four lanes or more with central divider,Straight road,,Fine,AP31TW  5786,P.V,Minor,0
07.03.2018,12:40 AM,1204.3,RHS,Rural,Reningavaram,Overturning,,Car,Non injury,Over speed,Four lanes or more with central divider,Straight road,,Fine,AP31TW  5786,P.V,Non injured,1
07.03.2018,12:40 AM,1204.3,RHS,Rural,Reningavaram,Overturning,,Car,Non injury,Over speed,Four lanes or more with central divider,Straight road,,Fine,AP31TW  5786,P.V,Animals affected,0
07.03.2018,2:00 AM,1288.5,RHS,Rural,Ulavapadu,Collision Brush/Side Wipe,,Truck,Non injury,Fault of driver of motor vehicle/driver of other vehicle/cyclist/pedestrian/passenger,Four lanes or more with central divider,Slight curve,,Fine,AP16W    9288,P.V,Fatal,0
07.03.2018,2:00 AM,1288.5,RHS,Rural,Ulavapadu,Collision Brush/Side Wipe,,Truck,Non injury,Fault of driver of motor vehicle/driver of other vehicle/cyclist/pedestrian/passenger,Four lanes or more with central divider,Slight curve,,Fine,AP16W    9288,P.V,Grevious,0
07.03.2018,2:00 AM,1288.5,RHS,Rural,Ulavapadu,Collision Brush/Side Wipe,,Truck,Non injury,Fault of driver of motor vehicle/driver of other vehicle/cyclist/pedestrian/passenger,Four lanes or more with central divider,Slight curve,,Fine,AP16W    9288,P.V,Minor,0
07.03.2018,2:00 AM,1288.5,RHS,Rural,Ulavapadu,Collision Brush/Side Wipe,,Truck,Non injury,Fault of driver of motor vehicle/driver of other vehicle/cyclist/pedestrian/passenger,Four lanes or more with central divider,Slight curve,,Fine,AP16W    9288,P.V,Non injured,1
07.03.2018,2:00 AM,1288.5,RHS,Rural,Ulavapadu,Collision Brush/Side Wipe,,Truck,Non injury,Fault of driver of motor vehicle/driver of other vehicle/cyclist/pedestrian/passenger,Four lanes or more with central divider,Slight curve,,Fine,AP16W    9288,P.V,Animals affected,0
07.03.2018,12:20 PM,1258.4,RHS,Rural,Tangutur,Collision Brush/Side Wipe,,Container,Non injury,Defect in mechanical condition of motor vehicle/road condition,Four lanes or more with central divider,Straight road,,Fine,AP26TE   5666,P.V,Fatal,0
07.03.2018,12:20 PM,1258.4,RHS,Rural,Tangutur,Collision Brush/Side Wipe,,Container,Non injury,Defect in mechanical condition of motor vehicle/road condition,Four lanes or more with central divider,Straight road,,Fine,AP26TE   5666,P.V,Grevious,0
07.03.2018,12:20 PM,1258.4,RHS,Rural,Tangutur,Collision Brush/Side Wipe,,Container,Non injury,Defect in mechanical condition of motor vehicle/road condition,Four lanes or more with central divider,Straight road,,Fine,AP26TE   5666,P.V,Minor,0
07.03.2018,12:20 PM,1258.4,RHS,Rural,Tangutur,Collision Brush/Side Wipe,,Container,Non injury,Defect in mechanical condition of motor vehicle/road condition,Four lanes or more with central divider,Straight road,,Fine,AP26TE   5666,P.V,Non injured,2
07.03.2018,12:20 PM,1258.4,RHS,Rural,Tangutur,Collision Brush/Side Wipe,,Container,Non injury,Defect in mechanical condition of motor vehicle/road condition,Four lanes or more with central divider,Straight road,,Fine,AP26TE   5666,P.V,Animals affected,0
08.03.2018,3:30 PM,1255.5,RHS,Rural,Tangutur,Collision Brush/Side Wipe,,Truck,Non injury,Fault of driver of motor vehicle/driver of other vehicle/cyclist/pedestrian/passenger,Four lanes or more with central divider,Straight road,,Fine,AP16TD   8466,P.V,Fatal,0
08.03.2018,3:30 PM,1255.5,RHS,Rural,Tangutur,Collision Brush/Side Wipe,,Truck,Non injury,Fault of driver of motor vehicle/driver of other vehicle/cyclist/pedestrian/passenger,Four lanes or more with central divider,Straight road,,Fine,AP16TD   8466,P.V,Grevious,0
08.03.2018,3:30 PM,1255.5,RHS,Rural,Tangutur,Collision Brush/Side Wipe,,Truck,Non injury,Fault of driver of motor vehicle/driver of other vehicle/cyclist/pedestrian/passenger,Four lanes or more with central divider,Straight road,,Fine,AP16TD   8466,P.V,Minor,0
08.03.2018,3:30 PM,1255.5,RHS,Rural,Tangutur,Collision Brush/Side Wipe,,Truck,Non injury,Fault of driver of motor vehicle/driver of other vehicle/cyclist/pedestrian/passenger,Four lanes or more with central divider,Straight road,,Fine,AP16TD   8466,P.V,Non injured,2
08.03.2018,3:30 PM,1255.5,RHS,Rural,Tangutur,Collision Brush/Side Wipe,,Truck,Non injury,Fault of driver of motor vehicle/driver of other vehicle/cyclist/pedestrian/passenger,Four lanes or more with central divider,Straight road,,Fine,AP16TD   8466,P.V,Animals affected,0
09.03.2018,5:50 PM,1219.5,RHS,Rural,Medarametla,Rear End Collision,,Car,Non injury,Over speed,Four lanes or more with central divider,Slight curve,Four arm junction,Fine,KA53Z    8408,P.V,Fatal,0
09.03.2018,5:50 PM,1219.5,RHS,Rural,Medarametla,Rear End Collision,,Car,Non injury,Over speed,Four lanes or more with central divider,Slight curve,Four arm junction,Fine,KA53Z    8408,P.V,Grevious,0
09.03.2018,5:50 PM,1219.5,RHS,Rural,Medarametla,Rear End Collision,,Car,Non injury,Over speed,Four lanes or more with central divider,Slight curve,Four arm junction,Fine,KA53Z    8408,P.V,Minor,0
09.03.2018,5:50 PM,1219.5,RHS,Rural,Medarametla,Rear End Collision,,Car,Non injury,Over speed,Four lanes or more with central divider,Slight curve,Four arm junction,Fine,KA53Z    8408,P.V,Non injured,14
09.03.2018,5:50 PM,1219.5,RHS,Rural,Medarametla,Rear End Collision,,Car,Non injury,Over speed,Four lanes or more with central divider,Slight curve,Four arm junction,Fine,KA53Z    8408,P.V,Animals affected,0
09.03.2018,6:11 PM,1197,RHS,Rural,Martur,Head on collision,,Bike,Grievious injury,Druken,Four lanes or more with central divider,Straight road,,Fine,AP27BK   0669,A.M.B,Fatal,0
09.03.2018,6:11 PM,1197,RHS,Rural,Martur,Head on collision,,Bike,Grievious injury,Druken,Four lanes or more with central divider,Straight road,,Fine,AP27BK   0669,A.M.B,Grevious,2
09.03.2018,6:11 PM,1197,RHS,Rural,Martur,Head on collision,,Bike,Grievious injury,Druken,Four lanes or more with central divider,Straight road,,Fine,AP27BK   0669,A.M.B,Minor,1
09.03.2018,6:11 PM,1197,RHS,Rural,Martur,Head on collision,,Bike,Grievious injury,Druken,Four lanes or more with central divider,Straight road,,Fine,AP27BK   0669,A.M.B,Non injured,0
09.03.2018,6:11 PM,1197,RHS,Rural,Martur,Head on collision,,Bike,Grievious injury,Druken,Four lanes or more with central divider,Straight road,,Fine,AP27BK   0669,A.M.B,Animals affected,0
09.03.2018,11:10 PM,1315,RHS,Rural,Kavali,Rear End Collision,,Container,Non injury,Defect in mechanical condition of motor vehicle/road condition,Four lanes or more with central divider,Straight road,,Fine,NL01L   4818,P.V,Fatal,0
09.03.2018,11:10 PM,1315,RHS,Rural,Kavali,Rear End Collision,,Container,Non injury,Defect in mechanical condition of motor vehicle/road condition,Four lanes or more with central divider,Straight road,,Fine,NL01L   4818,P.V,Grevious,0
09.03.2018,11:10 PM,1315,RHS,Rural,Kavali,Rear End Collision,,Container,Non injury,Defect in mechanical condition of motor vehicle/road condition,Four lanes or more with central divider,Straight road,,Fine,NL01L   4818,P.V,Minor,0
09.03.2018,11:10 PM,1315,RHS,Rural,Kavali,Rear End Collision,,Container,Non injury,Defect in mechanical condition of motor vehicle/road condition,Four lanes or more with central divider,Straight road,,Fine,NL01L   4818,P.V,Non injured,4
09.03.2018,11:10 PM,1315,RHS,Rural,Kavali,Rear End Collision,,Container,Non injury,Defect in mechanical condition of motor vehicle/road condition,Four lanes or more with central divider,Straight road,,Fine,NL01L   4818,P.V,Animals affected,0
09.03.2018,11:15 PM,1315,RHS,Rural,Kavali,Rear End Collision,,Truck,Fatal,Over speed,Four lanes or more with central divider,Straight road,,Fine,HR74A  4527,P.V,Fatal,1
09.03.2018,11:15 PM,1315,RHS,Rural,Kavali,Rear End Collision,,Truck,Fatal,Over speed,Four lanes or more with central divider,Straight road,,Fine,HR74A  4527,P.V,Grevious,0
09.03.2018,11:15 PM,1315,RHS,Rural,Kavali,Rear End Collision,,Truck,Fatal,Over speed,Four lanes or more with central divider,Straight road,,Fine,HR74A  4527,P.V,Minor,1
09.03.2018,11:15 PM,1315,RHS,Rural,Kavali,Rear End Collision,,Truck,Fatal,Over speed,Four lanes or more with central divider,Straight road,,Fine,HR74A  4527,P.V,Non injured,1
09.03.2018,11:15 PM,1315,RHS,Rural,Kavali,Rear End Collision,,Truck,Fatal,Over speed,Four lanes or more with central divider,Straight road,,Fine,HR74A  4527,P.V,Animals affected,0
10.03.2018,11:10 AM,1345.6,RHS,Rural,Dagadarthi,Rear End Collision,,Container,Non injury,Fault of driver of motor vehicle/driver of other vehicle/cyclist/pedestrian/passenger,Four lanes or more with central divider,Straight road,,Fine,KA52A  1869,P.V,Fatal,0
10.03.2018,11:10 AM,1345.6,RHS,Rural,Dagadarthi,Rear End Collision,,Container,Non injury,Fault of driver of motor vehicle/driver of other vehicle/cyclist/pedestrian/passenger,Four lanes or more with central divider,Straight road,,Fine,KA52A  1869,P.V,Grevious,0
10.03.2018,11:10 AM,1345.6,RHS,Rural,Dagadarthi,Rear End Collision,,Container,Non injury,Fault of driver of motor vehicle/driver of other vehicle/cyclist/pedestrian/passenger,Four lanes or more with central divider,Straight road,,Fine,KA52A  1869,P.V,Minor,0
10.03.2018,11:10 AM,1345.6,RHS,Rural,Dagadarthi,Rear End Collision,,Container,Non injury,Fault of driver of motor vehicle/driver of other vehicle/cyclist/pedestrian/passenger,Four lanes or more with central divider,Straight road,,Fine,KA52A  1869,P.V,Non injured,1
10.03.2018,11:10 AM,1345.6,RHS,Rural,Dagadarthi,Rear End Collision,,Container,Non injury,Fault of driver of motor vehicle/driver of other vehicle/cyclist/pedestrian/passenger,Four lanes or more with central divider,Straight road,,Fine,KA52A  1869,P.V,Animals affected,0
11.03.2018,1:00 AM,1323.7,RHS,Rural,Kavali,Collision Brush/Side Wipe,,Tanker,Grievious injury,Fault of driver of motor vehicle/driver of other vehicle/cyclist/pedestrian/passenger,Four lanes or more with central divider,Straight road,,Fine,TN23AH  7988,A.M.B& P.V,Fatal,0
11.03.2018,1:00 AM,1323.7,RHS,Rural,Kavali,Collision Brush/Side Wipe,,Tanker,Grievious injury,Fault of driver of motor vehicle/driver of other vehicle/cyclist/pedestrian/passenger,Four lanes or more with central divider,Straight road,,Fine,TN23AH  7988,A.M.B& P.V,Grevious,1
11.03.2018,1:00 AM,1323.7,RHS,Rural,Kavali,Collision Brush/Side Wipe,,Tanker,Grievious injury,Fault of driver of motor vehicle/driver of other vehicle/cyclist/pedestrian/passenger,Four lanes or more with central divider,Straight road,,Fine,TN23AH  7988,A.M.B& P.V,Minor,0
11.03.2018,1:00 AM,1323.7,RHS,Rural,Kavali,Collision Brush/Side Wipe,,Tanker,Grievious injury,Fault of driver of motor vehicle/driver of other vehicle/cyclist/pedestrian/passenger,Four lanes or more with central divider,Straight road,,Fine,TN23AH  7988,A.M.B& P.V,Non injured,1
11.03.2018,1:00 AM,1323.7,RHS,Rural,Kavali,Collision Brush/Side Wipe,,Tanker,Grievious injury,Fault of driver of motor vehicle/driver of other vehicle/cyclist/pedestrian/passenger,Four lanes or more with central divider,Straight road,,Fine,TN23AH  7988,A.M.B& P.V,Animals affected,0
11.03.2018,2:35 AM,1319.1,RHS,Rural,Kavali,Rear End Collision,,LGV,Grievious injury,Fault of driver of motor vehicle/driver of other vehicle/cyclist/pedestrian/passenger,Four lanes or more with central divider,Straight road,,Fine,AP27TU   7137,A.M.B& P.V,Fatal,0
11.03.2018,2:35 AM,1319.1,RHS,Rural,Kavali,Rear End Collision,,LGV,Grievious injury,Fault of driver of motor vehicle/driver of other vehicle/cyclist/pedestrian/passenger,Four lanes or more with central divider,Straight road,,Fine,AP27TU   7137,A.M.B& P.V,Grevious,2
11.03.2018,2:35 AM,1319.1,RHS,Rural,Kavali,Rear End Collision,,LGV,Grievious injury,Fault of driver of motor vehicle/driver of other vehicle/cyclist/pedestrian/passenger,Four lanes or more with central divider,Straight road,,Fine,AP27TU   7137,A.M.B& P.V,Minor,0
11.03.2018,2:35 AM,1319.1,RHS,Rural,Kavali,Rear End Collision,,LGV,Grievious injury,Fault of driver of motor vehicle/driver of other vehicle/cyclist/pedestrian/passenger,Four lanes or more with central divider,Straight road,,Fine,AP27TU   7137,A.M.B& P.V,Non injured,6
11.03.2018,2:35 AM,1319.1,RHS,Rural,Kavali,Rear End Collision,,LGV,Grievious injury,Fault of driver of motor vehicle/driver of other vehicle/cyclist/pedestrian/passenger,Four lanes or more with central divider,Straight road,,Fine,AP27TU   7137,A.M.B& P.V,Animals affected,0
11.03.2018,6:30 AM,1184.8,RHS,Rural,Martur,Collision Brush/Side Wipe,,Bike,Fatal,Over speed,Four lanes or more with central divider,Straight road,,Fine,AP07BX   0806,P.V,Fatal,1
11.03.2018,6:30 AM,1184.8,RHS,Rural,Martur,Collision Brush/Side Wipe,,Bike,Fatal,Over speed,Four lanes or more with central divider,Straight road,,Fine,AP07BX   0806,P.V,Grevious,0