Operational date,Time of Accident,KM && M,Position,Rural/Urban,Location,Nature of Accident Position,Nature of Accident,Vehicle Involved,Type of Accident,Causes,Road Feature,Road condition,Intersection Type And Control,Weather Condition,Vehicle Responsible,Help Provided by Ambulance/Patroling Vehicle,Classification of Accident,No of Affected Persons
11.03.2018,6:30 AM,1184.8,RHS,Rural,Martur,Collision Brush/Side Wipe,,Bike,Fatal,Over speed,Four lanes or more with central divider,Straight road,,Fine,AP07BX   0806,P.V,Minor,0
11.03.2018,6:30 AM,1184.8,RHS,Rural,Martur,Collision Brush/Side Wipe,,Bike,Fatal,Over speed,Four lanes or more with central divider,Straight road,,Fine,AP07BX   0806,P.V,Non injured,0
11.03.2018,6:30 AM,1184.8,RHS,Rural,Martur,Collision Brush/Side Wipe,,Bike,Fatal,Over speed,Four lanes or more with central divider,Straight road,,Fine,AP07BX   0806,P.V,Animals affected,0
12.03.2018,7:30 PM,1232.7,RHS,Rural,Maddipadu,Collision Brush/Side Wipe,,Car,Minor injury,Fault of driver of motor vehicle/driver of other vehicle/cyclist/pedestrian/passenger,Four lanes or more with central divider,Straight road,,Fine,AP27BC 9189,P.V,Fatal,0
12.03.2018,7:30 PM,1232.7,RHS,Rural,Maddipadu,Collision Brush/Side Wipe,,Car,Minor injury,Fault of driver of motor vehicle/driver of other vehicle/cyclist/pedestrian/passenger,Four lanes or more with central divider,Straight road,,Fine,AP27BC 9189,P.V,Grevious,0
12.03.2018,7:30 PM,1232.7,RHS,Rural,Maddipadu,Collision Brush/Side Wipe,,Car,Minor injury,Fault of driver of motor vehicle/driver of other vehicle/cyclist/pedestrian/passenger,Four lanes or more with central divider,Straight road,,Fine,AP27BC 9189,P.V,Minor,1
12.03.2018,7:30 PM,1232.7,RHS,Rural,Maddipadu,Collision Brush/Side Wipe,,Car,Minor injury,Fault of driver of motor vehicle/driver of other vehicle/cyclist/pedestrian/passenger,Four lanes or more with central divider,Straight road,,Fine,AP27BC 9189,P.V,Non injured,4
12.03.2018,7:30 PM,1232.7,RHS,Rural,Maddipadu,Collision Brush/Side Wipe,,Car,Minor injury,Fault of driver of motor vehicle/driver of other vehicle/cyclist/pedestrian/passenger,Four lanes or more with central divider,Straight road,,Fine,AP27BC 9189,P.V,Animals affected,0
13.03.2018,4:05 AM,1287.3,RHS,Rural,Ulavapadu,Collision Brush/Side Wipe,,Container,Non injury,Fault of driver of motor vehicle/driver of other vehicle/cyclist/pedestrian/passenger,Four lanes or more with central divider,Straight road,,Fine,MP07HB  1930,P.V,Fatal,0
13.03.2018,4:05 AM,1287.3,RHS,Rural,Ulavapadu,Collision Brush/Side Wipe,,Container,Non injury,Fault of driver of motor vehicle/driver of other vehicle/cyclist/pedestrian/passenger,Four lanes or more with central divider,Straight road,,Fine,MP07HB  1930,P.V,Grevious,0
13.03.2018,4:05 AM,1287.3,RHS,Rural,Ulavapadu,Collision Brush/Side Wipe,,Container,Non injury,Fault of driver of motor vehicle/driver of other vehicle/cyclist/pedestrian/passenger,Four lanes or more with central divider,Straight road,,Fine,MP07HB  1930,P.V,Minor,0
13.03.2018,4:05 AM,1287.3,RHS,Rural,Ulavapadu,Collision Brush/Side Wipe,,Container,Non injury,Fault of driver of motor vehicle/driver of other vehicle/cyclist/pedestrian/passenger,Four lanes or more with central divider,Straight road,,Fine,MP07HB  1930,P.V,Non injured,1
13.03.2018,4:05 AM,1287.3,RHS,Rural,Ulavapadu,Collision Brush/Side Wipe,,Container,Non injury,Fault of driver of motor vehicle/driver of other vehicle/cyclist/pedestrian/passenger,Four lanes or more with central divider,Straight road,,Fine,MP07HB  1930,P.V,Animals affected,0
14.03.2018,2:00 AM,1315,RHS,Rural,Kavali,Collision Brush/Side Wipe,,Truck,Grievious injury,Fault of driver of motor vehicle/driver of other vehicle/cyclist/pedestrian/passenger,Four lanes or more with central divider,Straight road,,Fine,AP07TJ     0399,P.V,Fatal,0
14.03.2018,2:00 AM,1315,RHS,Rural,Kavali,Collision Brush/Side Wipe,,Truck,Grievious injury,Fault of driver of motor vehicle/driver of other vehicle/cyclist/pedestrian/passenger,Four lanes or more with central divider,Straight road,,Fine,AP07TJ     0399,P.V,Grevious,1
14.03.2018,2:00 AM,1315,RHS,Rural,Kavali,Collision Brush/Side Wipe,,Truck,Grievious injury,Fault of driver of motor vehicle/driver of other vehicle/cyclist/pedestrian/passenger,Four lanes or more with central divider,Straight road,,Fine,AP07TJ     0399,P.V,Minor,0
14.03.2018,2:00 AM,1315,RHS,Rural,Kavali,Collision Brush/Side Wipe,,Truck,Grievious injury,Fault of driver of motor vehicle/driver of other vehicle/cyclist/pedestrian/passenger,Four lanes or more with central divider,Straight road,,Fine,AP07TJ     0399,P.V,Non injured,0
14.03.2018,2:00 AM,1315,RHS,Rural,Kavali,Collision Brush/Side Wipe,,Truck,Grievious injury,Fault of driver of motor vehicle/driver of other vehicle/cyclist/pedestrian/passenger,Four lanes or more with central divider,Straight road,,Fine,AP07TJ     0399,P.V,Animals affected,0
14.03.2018,5:35 AM,1224.5,RHS,Rural,Maddipadu,Rear End Collision,,Car,Grievious injury,Fault of driver of motor vehicle/driver of other vehicle/cyclist/pedestrian/passenger,Four lanes or more with central divider,Straight road,,Fine,AP07BA  1414,P.V,Fatal,0
14.03.2018,5:35 AM,1224.5,RHS,Rural,Maddipadu,Rear End Collision,,Car,Grievious injury,Fault of driver of motor vehicle/driver of other vehicle/cyclist/pedestrian/passenger,Four lanes or more with central divider,Straight road,,Fine,AP07BA  1414,P.V,Grevious,2
14.03.2018,5:35 AM,1224.5,RHS,Rural,Maddipadu,Rear End Collision,,Car,Grievious injury,Fault of driver of motor vehicle/driver of other vehicle/cyclist/pedestrian/passenger,Four lanes or more with central divider,Straight road,,Fine,AP07BA  1414,P.V,Minor,3
14.03.2018,5:35 AM,1224.5,RHS,Rural,Maddipadu,Rear End Collision,,Car,Grievious injury,Fault of driver of motor vehicle/driver of other vehicle/cyclist/pedestrian/passenger,Four lanes or more with central divider,Straight road,,Fine,AP07BA  1414,P.V,Non injured,0
14.03.2018,5:35 AM,1224.5,RHS,Rural,Maddipadu,Rear End Collision,,Car,Grievious injury,Fault of driver of motor vehicle/driver of other vehicle/cyclist/pedestrian/passenger,Four lanes or more with central divider,Straight road,,Fine,AP07BA  1414,P.V,Animals affected,0
14.03.2018,5:20 AM,1183.3,RHS,Rural,Chilakaluripeta,Overturning,,Car,Non injury,Vehicle out of control,Four lanes or more with central divider,Straight road,,Fine,AP27UA   1345,P.V,Fatal,0
14.03.2018,5:20 AM,1183.3,RHS,Rural,Chilakaluripeta,Overturning,,Car,Non injury,Vehicle out of control,Four lanes or more with central divider,Straight road,,Fine,AP27UA   1345,P.V,Grevious,0
14.03.2018,5:20 AM,1183.3,RHS,Rural,Chilakaluripeta,Overturning,,Car,Non injury,Vehicle out of control,Four lanes or more with central divider,Straight road,,Fine,AP27UA   1345,P.V,Minor,0
14.03.2018,5:20 AM,1183.3,RHS,Rural,Chilakaluripeta,Overturning,,Car,Non injury,Vehicle out of control,Four lanes or more with central divider,Straight road,,Fine,AP27UA   1345,P.V,Non injured,1
14.03.2018,5:20 AM,1183.3,RHS,Rural,Chilakaluripeta,Overturning,,Car,Non injury,Vehicle out of control,Four lanes or more with central divider,Straight road,,Fine,AP27UA   1345,P.V,Animals affected,0
14.03.2018,10:40 AM,1261,RHS,Rural,Tangutur,Collision Brush/Side Wipe,,Car,Non injury,Over speed,Four lanes or more with central divider,Straight road,,Fine,TS08EC   7117,A.M.B,Fatal,0
14.03.2018,10:40 AM,1261,RHS,Rural,Tangutur,Collision Brush/Side Wipe,,Car,Non injury,Over speed,Four lanes or more with central divider,Straight road,,Fine,TS08EC   7117,A.M.B,Grevious,0
14.03.2018,10:40 AM,1261,RHS,Rural,Tangutur,Collision Brush/Side Wipe,,Car,Non injury,Over speed,Four lanes or more with central divider,Straight road,,Fine,TS08EC   7117,A.M.B,Minor,0
14.03.2018,10:40 AM,1261,RHS,Rural,Tangutur,Collision Brush/Side Wipe,,Car,Non injury,Over speed,Four lanes or more with central divider,Straight road,,Fine,TS08EC   7117,A.M.B,Non injured,1
14.03.2018,10:40 AM,1261,RHS,Rural,Tangutur,Collision Brush/Side Wipe,,Car,Non injury,Over speed,Four lanes or more with central divider,Straight road,,Fine,TS08EC   7117,A.M.B,Animals affected,0
14.03.2018,6:36 PM,1201,RHS,Rural,Reningavaram,Collision Brush/Side Wipe,,Unknown vehicle,Minor injury,Over speed,Four lanes or more with central divider,Straight road,T-Junction,Fine,Unknown vehicle,A.M.B,Fatal,0
14.03.2018,6:36 PM,1201,RHS,Rural,Reningavaram,Collision Brush/Side Wipe,,Unknown vehicle,Minor injury,Over speed,Four lanes or more with central divider,Straight road,T-Junction,Fine,Unknown vehicle,A.M.B,Grevious,0
14.03.2018,6:36 PM,1201,RHS,Rural,Reningavaram,Collision Brush/Side Wipe,,Unknown vehicle,Minor injury,Over speed,Four lanes or more with central divider,Straight road,T-Junction,Fine,Unknown vehicle,A.M.B,Minor,1
14.03.2018,6:36 PM,1201,RHS,Rural,Reningavaram,Collision Brush/Side Wipe,,Unknown vehicle,Minor injury,Over speed,Four lanes or more with central divider,Straight road,T-Junction,Fine,Unknown vehicle,A.M.B,Non injured,0
14.03.2018,6:36 PM,1201,RHS,Rural,Reningavaram,Collision Brush/Side Wipe,,Unknown vehicle,Minor injury,Over speed,Four lanes or more with central divider,Straight road,T-Junction,Fine,Unknown vehicle,A.M.B,Animals affected,0
15.03.2018,1:00 AM,1244.4,RHS,Rural,Ongole,Rear End Collision,,Truck,Grievious injury,Fault of driver of motor vehicle/driver of other vehicle/cyclist/pedestrian/passenger,Four lanes or more with central divider,Straight road,,Fine,WB31    7646,P.V,Fatal,0
15.03.2018,1:00 AM,1244.4,RHS,Rural,Ongole,Rear End Collision,,Truck,Grievious injury,Fault of driver of motor vehicle/driver of other vehicle/cyclist/pedestrian/passenger,Four lanes or more with central divider,Straight road,,Fine,WB31    7646,P.V,Grevious,1
15.03.2018,1:00 AM,1244.4,RHS,Rural,Ongole,Rear End Collision,,Truck,Grievious injury,Fault of driver of motor vehicle/driver of other vehicle/cyclist/pedestrian/passenger,Four lanes or more with central divider,Straight road,,Fine,WB31    7646,P.V,Minor,1
15.03.2018,1:00 AM,1244.4,RHS,Rural,Ongole,Rear End Collision,,Truck,Grievious injury,Fault of driver of motor vehicle/driver of other vehicle/cyclist/pedestrian/passenger,Four lanes or more with central divider,Straight road,,Fine,WB31    7646,P.V,Non injured,0
15.03.2018,1:00 AM,1244.4,RHS,Rural,Ongole,Rear End Collision,,Truck,Grievious injury,Fault of driver of motor vehicle/driver of other vehicle/cyclist/pedestrian/passenger,Four lanes or more with central divider,Straight road,,Fine,WB31    7646,P.V,Animals affected,0
15.03.2018,10:50 AM,1275.9,RHS,Rural,Singarayakonda,Collision Brush/Side Wipe,,Car,Non injury,Over speed,Four lanes or more with central divider,Straight road,,Fine,F/R           Car,P.V,Fatal,0
15.03.2018,10:50 AM,1275.9,RHS,Rural,Singarayakonda,Collision Brush/Side Wipe,,Car,Non injury,Over speed,Four lanes or more with central divider,Straight road,,Fine,F/R           Car,P.V,Grevious,0
15.03.2018,10:50 AM,1275.9,RHS,Rural,Singarayakonda,Collision Brush/Side Wipe,,Car,Non injury,Over speed,Four lanes or more with central divider,Straight road,,Fine,F/R           Car,P.V,Minor,0
15.03.2018,10:50 AM,1275.9,RHS,Rural,Singarayakonda,Collision Brush/Side Wipe,,Car,Non injury,Over speed,Four lanes or more with central divider,Straight road,,Fine,F/R           Car,P.V,Non injured,1
15.03.2018,10:50 AM,1275.9,RHS,Rural,Singarayakonda,Collision Brush/Side Wipe,,Car,Non injury,Over speed,Four lanes or more with central divider,Straight road,,Fine,F/R           Car,P.V,Animals affected,0
16.03.2018,12:30 AM,1359.4,RHS,Rural,Kodavaluru,Overturning,,LCV,Non injury,Fault of driver of motor vehicle/driver of other vehicle/cyclist/pedestrian/passenger,Four lanes or more with central divider,Straight road,,Fine,TN72AB  6712,P.V,Fatal,0
16.03.2018,12:30 AM,1359.4,RHS,Rural,Kodavaluru,Overturning,,LCV,Non injury,Fault of driver of motor vehicle/driver of other vehicle/cyclist/pedestrian/passenger,Four lanes or more with central divider,Straight road,,Fine,TN72AB  6712,P.V,Grevious,0
16.03.2018,12:30 AM,1359.4,RHS,Rural,Kodavaluru,Overturning,,LCV,Non injury,Fault of driver of motor vehicle/driver of other vehicle/cyclist/pedestrian/passenger,Four lanes or more with central divider,Straight road,,Fine,TN72AB  6712,P.V,Minor,0
16.03.2018,12:30 AM,1359.4,RHS,Rural,Kodavaluru,Overturning,,LCV,Non injury,Fault of driver of motor vehicle/driver of other vehicle/cyclist/pedestrian/passenger,Four lanes or more with central divider,Straight road,,Fine,TN72AB  6712,P.V,Non injured,1
16.03.2018,12:30 AM,1359.4,RHS,Rural,Kodavaluru,Overturning,,LCV,Non injury,Fault of driver of motor vehicle/driver of other vehicle/cyclist/pedestrian/passenger,Four lanes or more with central divider,Straight road,,Fine,TN72AB  6712,P.V,Animals affected,0
16.03.2018,5:25 AM,1211.2,RHS,Rural,Medarametla,Rear End Collision,,Truck,Minor injury,Fault of driver of motor vehicle/driver of other vehicle/cyclist/pedestrian/passenger,Four lanes or more with central divider,Straight road,,Fine,AP07TU  7579,A.M.B & P.V,Fatal,0
16.03.2018,5:25 AM,1211.2,RHS,Rural,Medarametla,Rear End Collision,,Truck,Minor injury,Fault of driver of motor vehicle/driver of other vehicle/cyclist/pedestrian/passenger,Four lanes or more with central divider,Straight road,,Fine,AP07TU  7579,A.M.B & P.V,Grevious,0
16.03.2018,5:25 AM,1211.2,RHS,Rural,Medarametla,Rear End Collision,,Truck,Minor injury,Fault of driver of motor vehicle/driver of other vehicle/cyclist/pedestrian/passenger,Four lanes or more with central divider,Straight road,,Fine,AP07TU  7579,A.M.B & P.V,Minor,2
16.03.2018,5:25 AM,1211.2,RHS,Rural,Medarametla,Rear End Collision,,Truck,Minor injury,Fault of driver of motor vehicle/driver of other vehicle/cyclist/pedestrian/passenger,Four lanes or more with central divider,Straight road,,Fine,AP07TU  7579,A.M.B & P.V,Non injured,2
16.03.2018,5:25 AM,1211.2,RHS,Rural,Medarametla,Rear End Collision,,Truck,Minor injury,Fault of driver of motor vehicle/driver of other vehicle/cyclist/pedestrian/passenger,Four lanes or more with central divider,Straight road,,Fine,AP07TU  7579,A.M.B & P.V,Animals affected,0
16.03.2018,6:55 AM,1214.7,RHS,Rural,Medarametla,Rear End Collision,,Car,Minor injury,Fault of driver of motor vehicle/driver of other vehicle/cyclist/pedestrian/passenger,Four lanes or more with central divider,Straight road,,Fine,AP29L  0369,A.M.B & P.V,Fatal,0
16.03.2018,6:55 AM,1214.7,RHS,Rural,Medarametla,Rear End Collision,,Car,Minor injury,Fault of driver of motor vehicle/driver of other vehicle/cyclist/pedestrian/passenger,Four lanes or more with central divider,Straight road,,Fine,AP29L  0369,A.M.B & P.V,Grevious,0
16.03.2018,6:55 AM,1214.7,RHS,Rural,Medarametla,Rear End Collision,,Car,Minor injury,Fault of driver of motor vehicle/driver of other vehicle/cyclist/pedestrian/passenger,Four lanes or more with central divider,Straight road,,Fine,AP29L  0369,A.M.B & P.V,Minor,3
16.03.2018,6:55 AM,1214.7,RHS,Rural,Medarametla,Rear End Collision,,Car,Minor injury,Fault of driver of motor vehicle/driver of other vehicle/cyclist/pedestrian/passenger,Four lanes or more with central divider,Straight road,,Fine,AP29L  0369,A.M.B & P.V,Non injured,2
16.03.2018,6:55 AM,1214.7,RHS,Rural,Medarametla,Rear End Collision,,Car,Minor injury,Fault of driver of motor vehicle/driver of other vehicle/cyclist/pedestrian/passenger,Four lanes or more with central divider,Straight road,,Fine,AP29L  0369,A.M.B & P.V,Animals affected,0
16.03.2018,8:00 AM,1231.1,RHS,Rural,Maddipadu,Collision Brush/Side Wipe,,Unknown vehicle,Minor injury,Over speed,Four lanes or more with central divider,Straight road,,Fine,AP29BT   3639,P.V,Fatal,0
16.03.2018,8:00 AM,1231.1,RHS,Rural,Maddipadu,Collision Brush/Side Wipe,,Unknown vehicle,Minor injury,Over speed,Four lanes or more with central divider,Straight road,,Fine,AP29BT   3639,P.V,Grevious,0
16.03.2018,8:00 AM,1231.1,RHS,Rural,Maddipadu,Collision Brush/Side Wipe,,Unknown vehicle,Minor injury,Over speed,Four lanes or more with central divider,Straight road,,Fine,AP29BT   3639,P.V,Minor,2
16.03.2018,8:00 AM,1231.1,RHS,Rural,Maddipadu,Collision Brush/Side Wipe,,Unknown vehicle,Minor injury,Over speed,Four lanes or more with central divider,Straight road,,Fine,AP29BT   3639,P.V,Non injured,0
16.03.2018,8:00 AM,1231.1,RHS,Rural,Maddipadu,Collision Brush/Side Wipe,,Unknown vehicle,Minor injury,Over speed,Four lanes or more with central divider,Straight road,,Fine,AP29BT   3639,P.V,Animals affected,0
16.03.2018,6:42 PM,1209.2,RHS,Rural,Reningavaram,Skidding,,Bike,Grievious injury,Druken,Four lanes or more with central divider,Straight road,,Fine,AP27BA     6830,A.M.B,Fatal,0
16.03.2018,6:42 PM,1209.2,RHS,Rural,Reningavaram,Skidding,,Bike,Grievious injury,Druken,Four lanes or more with central divider,Straight road,,Fine,AP27BA     6830,A.M.B,Grevious,1
16.03.2018,6:42 PM,1209.2,RHS,Rural,Reningavaram,Skidding,,Bike,Grievious injury,Druken,Four lanes or more with central divider,Straight road,,Fine,AP27BA     6830,A.M.B,Minor,1
16.03.2018,6:42 PM,1209.2,RHS,Rural,Reningavaram,Skidding,,Bike,Grievious injury,Druken,Four lanes or more with central divider,Straight road,,Fine,AP27BA     6830,A.M.B,Non injured,0
16.03.2018,6:42 PM,1209.2,RHS,Rural,Reningavaram,Skidding,,Bike,Grievious injury,Druken,Four lanes or more with central divider,Straight road,,Fine,AP27BA     6830,A.M.B,Animals affected,0
16.03.2018,10:00 PM,1313,RHS,Rural,Kavali,Rear End Collision,,Trailler,Grievious injury,Over speed,Four lanes or more with central divider,Straight road,,Fine,AP16TY   8359,A.M.B & P.V,Fatal,0
16.03.2018,10:00 PM,1313,RHS,Rural,Kavali,Rear End Collision,,Trailler,Grievious injury,Over speed,Four lanes or more with central divider,Straight road,,Fine,AP16TY   8359,A.M.B & P.V,Grevious,1
16.03.2018,10:00 PM,1313,RHS,Rural,Kavali,Rear End Collision,,Trailler,Grievious injury,Over speed,Four lanes or more with central divider,Straight road,,Fine,AP16TY   8359,A.M.B & P.V,Minor,0
16.03.2018,10:00 PM,1313,RHS,Rural,Kavali,Rear End Collision,,Trailler,Grievious injury,Over speed,Four lanes or more with central divider,Straight road,,Fine,AP16TY   8359,A.M.B & P.V,Non injured,1
16.03.2018,10:00 PM,1313,RHS,Rural,Kavali,Rear End Collision,,Trailler,Grievious injury,Over speed,Four lanes or more with central divider,Straight road,,Fine,AP16TY   8359,A.M.B & P.V,Animals affected,0
17.03.2018,1:50 AM,1247.9,RHS,Rural,Ongole,Collision Brush/Side Wipe,,Truck,Grievious injury,Fault of driver of motor vehicle/driver of other vehicle/cyclist/pedestrian/passenger,Four lanes or more with central divider,Straight road,,Fine,TN18AM   9984,P.V,Fatal,0
17.03.2018,1:50 AM,1247.9,RHS,Rural,Ongole,Collision Brush/Side Wipe,,Truck,Grievious injury,Fault of driver of motor vehicle/driver of other vehicle/cyclist/pedestrian/passenger,Four lanes or more with central divider,Straight road,,Fine,TN18AM   9984,P.V,Grevious,1
17.03.2018,1:50 AM,1247.9,RHS,Rural,Ongole,Collision Brush/Side Wipe,,Truck,Grievious injury,Fault of driver of motor vehicle/driver of other vehicle/cyclist/pedestrian/passenger,Four lanes or more with central divider,Straight road,,Fine,TN18AM   9984,P.V,Minor,0
17.03.2018,1:50 AM,1247.9,RHS,Rural,Ongole,Collision Brush/Side Wipe,,Truck,Grievious injury,Fault of driver of motor vehicle/driver of other vehicle/cyclist/pedestrian/passenger,Four lanes or more with central divider,Straight road,,Fine,TN18AM   9984,P.V,Non injured,0
17.03.2018,1:50 AM,1247.9,RHS,Rural,Ongole,Collision Brush/Side Wipe,,Truck,Grievious injury,Fault of driver of motor vehicle/driver of other vehicle/cyclist/pedestrian/passenger,Four lanes or more with central divider,Straight road,,Fine,TN18AM   9984,P.V,Animals affected,0
17.03.2018,6:35 AM,1331.8,RHS,Rural,K.Tippa ,Skidding,,Bike,Grievious injury,Over speed,Four lanes or more with central divider,Straight road,,Light rain,AP26BN   2703,A.M.B,Fatal,0
17.03.2018,6:35 AM,1331.8,RHS,Rural,K.Tippa ,Skidding,,Bike,Grievious injury,Over speed,Four lanes or more with central divider,Straight road,,Light rain,AP26BN   2703,A.M.B,Grevious,1
17.03.2018,6:35 AM,1331.8,RHS,Rural,K.Tippa ,Skidding,,Bike,Grievious injury,Over speed,Four lanes or more with central divider,Straight road,,Light rain,AP26BN   2703,A.M.B,Minor,0
17.03.2018,6:35 AM,1331.8,RHS,Rural,K.Tippa ,Skidding,,Bike,Grievious injury,Over speed,Four lanes or more with central divider,Straight road,,Light rain,AP26BN   2703,A.M.B,Non injured,1
17.03.2018,6:35 AM,1331.8,RHS,Rural,K.Tippa ,Skidding,,Bike,Grievious injury,Over speed,Four lanes or more with central divider,Straight road,,Light rain,AP26BN   2703,A.M.B,Animals affected,0
18.03.2018,6:11 AM,1204.5,RHS,Rural,Reningavaram,Overturning,,Car,Minor injury,Fault of driver of motor vehicle/driver of other vehicle/cyclist/pedestrian/passenger,Four lanes or more with central divider,Straight road,,Fine,TN48L   3048,P.V,Fatal,0
18.03.2018,6:11 AM,1204.5,RHS,Rural,Reningavaram,Overturning,,Car,Minor injury,Fault of driver of motor vehicle/driver of other vehicle/cyclist/pedestrian/passenger,Four lanes or more with central divider,Straight road,,Fine,TN48L   3048,P.V,Grevious,0
18.03.2018,6:11 AM,1204.5,RHS,Rural,Reningavaram,Overturning,,Car,Minor injury,Fault of driver of motor vehicle/driver of other vehicle/cyclist/pedestrian/passenger,Four lanes or more with central divider,Straight road,,Fine,TN48L   3048,P.V,Minor,1
18.03.2018,6:11 AM,1204.5,RHS,Rural,Reningavaram,Overturning,,Car,Minor injury,Fault of driver of motor vehicle/driver of other vehicle/cyclist/pedestrian/passenger,Four lanes or more with central divider,Straight road,,Fine,TN48L   3048,P.V,Non injured,2
18.03.2018,6:11 AM,1204.5,RHS,Rural,Reningavaram,Overturning,,Car,Minor injury,Fault of driver of motor vehicle/driver of other vehicle/cyclist/pedestrian/passenger,Four lanes or more with central divider,Straight road,,Fine,TN48L   3048,P.V,Animals affected,0
18.03.2018,6:30 AM,1323,RHS,Rural,Kavali,Overturning,,Container,Non injury,Fault of driver of motor vehicle/driver of other vehicle/cyclist/pedestrian/passenger,Four lanes or more with central divider,Straight road,,Fine,NL01AB   3557,P.V,Fatal,0
18.03.2018,6:30 AM,1323,RHS,Rural,Kavali,Overturning,,Container,Non injury,Fault of driver of motor vehicle/driver of other vehicle/cyclist/pedestrian/passenger,Four lanes or more with central divider,Straight road,,Fine,NL01AB   3557,P.V,Grevious,0
18.03.2018,6:30 AM,1323,RHS,Rural,Kavali,Overturning,,Container,Non injury,Fault of driver of motor vehicle/driver of other vehicle/cyclist/pedestrian/passenger,Four lanes or more with central divider,Straight road,,Fine,NL01AB   3557,P.V,Minor,0
18.03.2018,6:30 AM,1323,RHS,Rural,Kavali,Overturning,,Container,Non injury,Fault of driver of motor vehicle/driver of other vehicle/cyclist/pedestrian/passenger,Four lanes or more with central divider,Straight road,,Fine,NL01AB   3557,P.V,Non injured,2
18.03.2018,6:30 AM,1323,RHS,Rural,Kavali,Overturning,,Container,Non injury,Fault of driver of motor vehicle/driver of other vehicle/cyclist/pedestrian/passenger,Four lanes or more with central divider,Straight road,,Fine,NL01AB   3557,P.V,Animals affected,0
18.03.2018,10:50 AM,1235.8,RHS,Rural,Maddipadu,Rear End Collision,,Truck,Non injury,Fault of driver of motor vehicle/driver of other vehicle/cyclist/pedestrian/passenger,Four lanes or more with central divider,Straight road,,Fine,TN04AE    7364,P.V,Fatal,0
18.03.2018,10:50 AM,1235.8,RHS,Rural,Maddipadu,Rear End Collision,,Truck,Non injury,Fault of driver of motor vehicle/driver of other vehicle/cyclist/pedestrian/passenger,Four lanes or more with central divider,Straight road,,Fine,TN04AE    7364,P.V,Grevious,0
18.03.2018,10:50 AM,1235.8,RHS,Rural,Maddipadu,Rear End Collision,,Truck,Non injury,Fault of driver of motor vehicle/driver of other vehicle/cyclist/pedestrian/passenger,Four lanes or more with central divider,Straight road,,Fine,TN04AE    7364,P.V,Minor,0
18.03.2018,10:50 AM,1235.8,RHS,Rural,Maddipadu,Rear End Collision,,Truck,Non injury,Fault of driver of motor vehicle/driver of other vehicle/cyclist/pedestrian/passenger,Four lanes or more with central divider,Straight road,,Fine,TN04AE    7364,P.V,Non injured,2
18.03.2018,10:50 AM,1235.8,RHS,Rural,Maddipadu,Rear End Collision,,Truck,Non injury,Fault of driver of motor vehicle/driver of other vehicle/cyclist/pedestrian/passenger,Four lanes or more with central divider,Straight road,,Fine,TN04AE    7364,P.V,Animals affected,0
18.03.2018,7:00 AM,1239.1,RHS,Rural,Maddipadu,Rear End Collision,,Trailler,Non injury,Vehicle out of control,Four lanes or more with central divider,Straight road,,Fine,AP16TB   9379,P.V,Fatal,0
18.03.2018,7:00 AM,1239.1,RHS,Rural,Maddipadu,Rear End Collision,,Trailler,Non injury,Vehicle out of control,Four lanes or more with central divider,Straight road,,Fine,AP16TB   9379,P.V,Grevious,0
18.03.2018,7:00 AM,1239.1,RHS,Rural,Maddipadu,Rear End Collision,,Trailler,Non injury,Vehicle out of control,Four lanes or more with central divider,Straight road,,Fine,AP16TB   9379,P.V,Minor,0
18.03.2018,7:00 AM,1239.1,RHS,Rural,Maddipadu,Rear End Collision,,Trailler,Non injury,Vehicle out of control,Four lanes or more with central divider,Straight road,,Fine,AP16TB   9379,P.V,Non injured,2
18.03.2018,7:00 AM,1239.1,RHS,Rural,Maddipadu,Rear End Collision,,Trailler,Non injury,Vehicle out of control,Four lanes or more with central divider,Straight road,,Fine,AP16TB   9379,P.V,Animals affected,0
19.03.2018,6:10 AM,1199.5,RHS,Rural,Martur,Collision Brush/Side Wipe,,Car,Grievious injury,Over speed,Four lanes or more with central divider,Straight road,,Fine,AP07CH  2122,A.M.B&P.V,Fatal,0
19.03.2018,6:10 AM,1199.5,RHS,Rural,Martur,Collision Brush/Side Wipe,,Car,Grievious injury,Over speed,Four lanes or more with central divider,Straight road,,Fine,AP07CH  2122,A.M.B&P.V,Grevious,1
19.03.2018,6:10 AM,1199.5,RHS,Rural,Martur,Collision Brush/Side Wipe,,Car,Grievious injury,Over speed,Four lanes or more with central divider,Straight road,,Fine,AP07CH  2122,A.M.B&P.V,Minor,0
19.03.2018,6:10 AM,1199.5,RHS,Rural,Martur,Collision Brush/Side Wipe,,Car,Grievious injury,Over speed,Four lanes or more with central divider,Straight road,,Fine,AP07CH  2122,A.M.B&P.V,Non injured,2
19.03.2018,6:10 AM,1199.5,RHS,Rural,Martur,Collision Brush/Side Wipe,,Car,Grievious injury,Over speed,Four lanes or more with central divider,Straight road,,Fine,AP07CH  2122,A.M.B&P.V,Animals affected,0
22.03.2018,12:20 AM,1355.9,RHS,Rural,Kodavaluru,Rear End Collision,,Truck,Fatal,Over speed,Four lanes or more with central divider,Straight road,,Fine,AP16U   6207,P.V,Fatal,1