Operational date,Time of Accident,KM && M,Position,Rural/Urban,Location,Nature of Accident Position,Nature of Accident,Vehicle Involved,Type of Accident,Causes,Road Feature,Road condition,Intersection Type And Control,Weather Condition,Vehicle Responsible,Help Provided by Ambulance/Patroling Vehicle,Classification of Accident,No of Affected Persons
22.03.2018,12:20 AM,1355.9,RHS,Rural,Kodavaluru,Rear End Collision,,Truck,Fatal,Over speed,Four lanes or more with central divider,Straight road,,Fine,AP16U   6207,P.V,Grevious,0
22.03.2018,12:20 AM,1355.9,RHS,Rural,Kodavaluru,Rear End Collision,,Truck,Fatal,Over speed,Four lanes or more with central divider,Straight road,,Fine,AP16U   6207,P.V,Minor,1
22.03.2018,12:20 AM,1355.9,RHS,Rural,Kodavaluru,Rear End Collision,,Truck,Fatal,Over speed,Four lanes or more with central divider,Straight road,,Fine,AP16U   6207,P.V,Non injured,1
22.03.2018,12:20 AM,1355.9,RHS,Rural,Kodavaluru,Rear End Collision,,Truck,Fatal,Over speed,Four lanes or more with central divider,Straight road,,Fine,AP16U   6207,P.V,Animals affected,0
23.03.2018,5:00 AM,1273.7,RHS,Rural,Singarayakonda,Rear End Collision,,Container,Minor injury,Fault of driver of motor vehicle/driver of other vehicle/cyclist/pedestrian/passenger,Four lanes or more with central divider,Straight road,,Fine,TN18AP 0370,P.V,Fatal,0
23.03.2018,5:00 AM,1273.7,RHS,Rural,Singarayakonda,Rear End Collision,,Container,Minor injury,Fault of driver of motor vehicle/driver of other vehicle/cyclist/pedestrian/passenger,Four lanes or more with central divider,Straight road,,Fine,TN18AP 0370,P.V,Grevious,0
23.03.2018,5:00 AM,1273.7,RHS,Rural,Singarayakonda,Rear End Collision,,Container,Minor injury,Fault of driver of motor vehicle/driver of other vehicle/cyclist/pedestrian/passenger,Four lanes or more with central divider,Straight road,,Fine,TN18AP 0370,P.V,Minor,1
23.03.2018,5:00 AM,1273.7,RHS,Rural,Singarayakonda,Rear End Collision,,Container,Minor injury,Fault of driver of motor vehicle/driver of other vehicle/cyclist/pedestrian/passenger,Four lanes or more with central divider,Straight road,,Fine,TN18AP 0370,P.V,Non injured,2
23.03.2018,5:00 AM,1273.7,RHS,Rural,Singarayakonda,Rear End Collision,,Container,Minor injury,Fault of driver of motor vehicle/driver of other vehicle/cyclist/pedestrian/passenger,Four lanes or more with central divider,Straight road,,Fine,TN18AP 0370,P.V,Animals affected,0
23.03.2018,6:59 AM,1291.6,RHS,Rural,Ulavapadu,Collision Brush/Side Wipe,,Bus,Non injury,Over speed,Four lanes or more with central divider,Straight road,,Fine,AR02A   6655,P.V,Fatal,0
23.03.2018,6:59 AM,1291.6,RHS,Rural,Ulavapadu,Collision Brush/Side Wipe,,Bus,Non injury,Over speed,Four lanes or more with central divider,Straight road,,Fine,AR02A   6655,P.V,Grevious,0
23.03.2018,6:59 AM,1291.6,RHS,Rural,Ulavapadu,Collision Brush/Side Wipe,,Bus,Non injury,Over speed,Four lanes or more with central divider,Straight road,,Fine,AR02A   6655,P.V,Minor,0
23.03.2018,6:59 AM,1291.6,RHS,Rural,Ulavapadu,Collision Brush/Side Wipe,,Bus,Non injury,Over speed,Four lanes or more with central divider,Straight road,,Fine,AR02A   6655,P.V,Non injured,23
23.03.2018,6:59 AM,1291.6,RHS,Rural,Ulavapadu,Collision Brush/Side Wipe,,Bus,Non injury,Over speed,Four lanes or more with central divider,Straight road,,Fine,AR02A   6655,P.V,Animals affected,0
23.03.2018,10:49 AM,1207.4,RHS,Rural,Reningavaram,Collision Brush/Side Wipe,,Bus,Grievious injury,Over speed,Two lanes,Straight road,,Fine,AP29Z    0503,A.M.B & P.V,Fatal,0
23.03.2018,10:49 AM,1207.4,RHS,Rural,Reningavaram,Collision Brush/Side Wipe,,Bus,Grievious injury,Over speed,Two lanes,Straight road,,Fine,AP29Z    0503,A.M.B & P.V,Grevious,2
23.03.2018,10:49 AM,1207.4,RHS,Rural,Reningavaram,Collision Brush/Side Wipe,,Bus,Grievious injury,Over speed,Two lanes,Straight road,,Fine,AP29Z    0503,A.M.B & P.V,Minor,0
23.03.2018,10:49 AM,1207.4,RHS,Rural,Reningavaram,Collision Brush/Side Wipe,,Bus,Grievious injury,Over speed,Two lanes,Straight road,,Fine,AP29Z    0503,A.M.B & P.V,Non injured,15
23.03.2018,10:49 AM,1207.4,RHS,Rural,Reningavaram,Collision Brush/Side Wipe,,Bus,Grievious injury,Over speed,Two lanes,Straight road,,Fine,AP29Z    0503,A.M.B & P.V,Animals affected,0
24.03.2018,6:30 AM,1361.5,RHS,Rural,Kodavaluru,Rear End Collision,,Tanker,Non injury,Fault of driver of motor vehicle/driver of other vehicle/cyclist/pedestrian/passenger,Four lanes or more with central divider,Straight road,,Fine,TN88      6260,P.V,Fatal,0
24.03.2018,6:30 AM,1361.5,RHS,Rural,Kodavaluru,Rear End Collision,,Tanker,Non injury,Fault of driver of motor vehicle/driver of other vehicle/cyclist/pedestrian/passenger,Four lanes or more with central divider,Straight road,,Fine,TN88      6260,P.V,Grevious,0
24.03.2018,6:30 AM,1361.5,RHS,Rural,Kodavaluru,Rear End Collision,,Tanker,Non injury,Fault of driver of motor vehicle/driver of other vehicle/cyclist/pedestrian/passenger,Four lanes or more with central divider,Straight road,,Fine,TN88      6260,P.V,Minor,0
24.03.2018,6:30 AM,1361.5,RHS,Rural,Kodavaluru,Rear End Collision,,Tanker,Non injury,Fault of driver of motor vehicle/driver of other vehicle/cyclist/pedestrian/passenger,Four lanes or more with central divider,Straight road,,Fine,TN88      6260,P.V,Non injured,1
24.03.2018,6:30 AM,1361.5,RHS,Rural,Kodavaluru,Rear End Collision,,Tanker,Non injury,Fault of driver of motor vehicle/driver of other vehicle/cyclist/pedestrian/passenger,Four lanes or more with central divider,Straight road,,Fine,TN88      6260,P.V,Animals affected,0
24.03.2018,6:35 AM,1259.5,RHS,Rural,Tangutur,Overturning,,Truck,Non injury,Fault of driver of motor vehicle/driver of other vehicle/cyclist/pedestrian/passenger,Four lanes or more with central divider,Straight road,,Fine,AP07TU    2188,P.V,Fatal,0
24.03.2018,6:35 AM,1259.5,RHS,Rural,Tangutur,Overturning,,Truck,Non injury,Fault of driver of motor vehicle/driver of other vehicle/cyclist/pedestrian/passenger,Four lanes or more with central divider,Straight road,,Fine,AP07TU    2188,P.V,Grevious,0
24.03.2018,6:35 AM,1259.5,RHS,Rural,Tangutur,Overturning,,Truck,Non injury,Fault of driver of motor vehicle/driver of other vehicle/cyclist/pedestrian/passenger,Four lanes or more with central divider,Straight road,,Fine,AP07TU    2188,P.V,Minor,0
24.03.2018,6:35 AM,1259.5,RHS,Rural,Tangutur,Overturning,,Truck,Non injury,Fault of driver of motor vehicle/driver of other vehicle/cyclist/pedestrian/passenger,Four lanes or more with central divider,Straight road,,Fine,AP07TU    2188,P.V,Non injured,1
24.03.2018,6:35 AM,1259.5,RHS,Rural,Tangutur,Overturning,,Truck,Non injury,Fault of driver of motor vehicle/driver of other vehicle/cyclist/pedestrian/passenger,Four lanes or more with central divider,Straight road,,Fine,AP07TU    2188,P.V,Animals affected,0
24.03.2018,11:00 AM,1323.6,RHS,Rural,Kavali,Rear End Collision,,Tanker,Grievious injury,Over speed,Four lanes or more with central divider,Straight road,,Fine,TN42T    3789,A.M.B & P.V,Fatal,0
24.03.2018,11:00 AM,1323.6,RHS,Rural,Kavali,Rear End Collision,,Tanker,Grievious injury,Over speed,Four lanes or more with central divider,Straight road,,Fine,TN42T    3789,A.M.B & P.V,Grevious,0
24.03.2018,11:00 AM,1323.6,RHS,Rural,Kavali,Rear End Collision,,Tanker,Grievious injury,Over speed,Four lanes or more with central divider,Straight road,,Fine,TN42T    3789,A.M.B & P.V,Minor,1
24.03.2018,11:00 AM,1323.6,RHS,Rural,Kavali,Rear End Collision,,Tanker,Grievious injury,Over speed,Four lanes or more with central divider,Straight road,,Fine,TN42T    3789,A.M.B & P.V,Non injured,2
24.03.2018,11:00 AM,1323.6,RHS,Rural,Kavali,Rear End Collision,,Tanker,Grievious injury,Over speed,Four lanes or more with central divider,Straight road,,Fine,TN42T    3789,A.M.B & P.V,Animals affected,0
24.03.2018,11:15 AM,1268,RHS,Rural,Jarugumalli,Collision Brush/Side Wipe,,Car,Non injury,Over speed,Four lanes or more with central divider,Straight road,,Fine,AP21N    5544,P.V,Fatal,0
24.03.2018,11:15 AM,1268,RHS,Rural,Jarugumalli,Collision Brush/Side Wipe,,Car,Non injury,Over speed,Four lanes or more with central divider,Straight road,,Fine,AP21N    5544,P.V,Grevious,0
24.03.2018,11:15 AM,1268,RHS,Rural,Jarugumalli,Collision Brush/Side Wipe,,Car,Non injury,Over speed,Four lanes or more with central divider,Straight road,,Fine,AP21N    5544,P.V,Minor,0
24.03.2018,11:15 AM,1268,RHS,Rural,Jarugumalli,Collision Brush/Side Wipe,,Car,Non injury,Over speed,Four lanes or more with central divider,Straight road,,Fine,AP21N    5544,P.V,Non injured,2
24.03.2018,11:15 AM,1268,RHS,Rural,Jarugumalli,Collision Brush/Side Wipe,,Car,Non injury,Over speed,Four lanes or more with central divider,Straight road,,Fine,AP21N    5544,P.V,Animals affected,0
26.03.2018,4:12 PM,1189.7,RHS,Rural,Martur,Collision Brush/Side Wipe,,Trailler,Non injury,Fault of driver of motor vehicle/driver of other vehicle/cyclist/pedestrian/passenger,Four lanes or more with central divider,Flat road,,Fine,RJ23GA 0968,P.V,Fatal,0
26.03.2018,4:12 PM,1189.7,RHS,Rural,Martur,Collision Brush/Side Wipe,,Trailler,Non injury,Fault of driver of motor vehicle/driver of other vehicle/cyclist/pedestrian/passenger,Four lanes or more with central divider,Flat road,,Fine,RJ23GA 0968,P.V,Grevious,0
26.03.2018,4:12 PM,1189.7,RHS,Rural,Martur,Collision Brush/Side Wipe,,Trailler,Non injury,Fault of driver of motor vehicle/driver of other vehicle/cyclist/pedestrian/passenger,Four lanes or more with central divider,Flat road,,Fine,RJ23GA 0968,P.V,Minor,0
26.03.2018,4:12 PM,1189.7,RHS,Rural,Martur,Collision Brush/Side Wipe,,Trailler,Non injury,Fault of driver of motor vehicle/driver of other vehicle/cyclist/pedestrian/passenger,Four lanes or more with central divider,Flat road,,Fine,RJ23GA 0968,P.V,Non injured,6
26.03.2018,4:12 PM,1189.7,RHS,Rural,Martur,Collision Brush/Side Wipe,,Trailler,Non injury,Fault of driver of motor vehicle/driver of other vehicle/cyclist/pedestrian/passenger,Four lanes or more with central divider,Flat road,,Fine,RJ23GA 0968,P.V,Animals affected,0
26.03.2018,5:55 PM,1268.8,RHS,Rural,Jarugumalli,Skidding,,Bike,Minor injury,Over speed,Four lanes or more with central divider,Straight road,,Fine,AP27CB 0073,A.M.B,Fatal,0
26.03.2018,5:55 PM,1268.8,RHS,Rural,Jarugumalli,Skidding,,Bike,Minor injury,Over speed,Four lanes or more with central divider,Straight road,,Fine,AP27CB 0073,A.M.B,Grevious,0
26.03.2018,5:55 PM,1268.8,RHS,Rural,Jarugumalli,Skidding,,Bike,Minor injury,Over speed,Four lanes or more with central divider,Straight road,,Fine,AP27CB 0073,A.M.B,Minor,1
26.03.2018,5:55 PM,1268.8,RHS,Rural,Jarugumalli,Skidding,,Bike,Minor injury,Over speed,Four lanes or more with central divider,Straight road,,Fine,AP27CB 0073,A.M.B,Non injured,1
26.03.2018,5:55 PM,1268.8,RHS,Rural,Jarugumalli,Skidding,,Bike,Minor injury,Over speed,Four lanes or more with central divider,Straight road,,Fine,AP27CB 0073,A.M.B,Animals affected,0
26.03.2018,7:30 PM,1240.5,RHS,Rural,Ongole,Collision Brush/Side Wipe,,Bus,Grievious injury,Over speed,Four lanes or more with central divider,Straight road,,Fine,AP27Z   0329  ,P.V,Fatal,0
26.03.2018,7:30 PM,1240.5,RHS,Rural,Ongole,Collision Brush/Side Wipe,,Bus,Grievious injury,Over speed,Four lanes or more with central divider,Straight road,,Fine,AP27Z   0329  ,P.V,Grevious,1
26.03.2018,7:30 PM,1240.5,RHS,Rural,Ongole,Collision Brush/Side Wipe,,Bus,Grievious injury,Over speed,Four lanes or more with central divider,Straight road,,Fine,AP27Z   0329  ,P.V,Minor,0
26.03.2018,7:30 PM,1240.5,RHS,Rural,Ongole,Collision Brush/Side Wipe,,Bus,Grievious injury,Over speed,Four lanes or more with central divider,Straight road,,Fine,AP27Z   0329  ,P.V,Non injured,50
26.03.2018,7:30 PM,1240.5,RHS,Rural,Ongole,Collision Brush/Side Wipe,,Bus,Grievious injury,Over speed,Four lanes or more with central divider,Straight road,,Fine,AP27Z   0329  ,P.V,Animals affected,0
26.03.2018,9:05 PM,1282,RHS,Rural,Singarayakonda,Rear End Collision,,Tanker,Non injury,Defect in mechanical condition of motor vehicle/road condition,Four lanes or more with central divider,Straight road,,Fine,TN88T  3469,P.V,Fatal,0
26.03.2018,9:05 PM,1282,RHS,Rural,Singarayakonda,Rear End Collision,,Tanker,Non injury,Defect in mechanical condition of motor vehicle/road condition,Four lanes or more with central divider,Straight road,,Fine,TN88T  3469,P.V,Grevious,0
26.03.2018,9:05 PM,1282,RHS,Rural,Singarayakonda,Rear End Collision,,Tanker,Non injury,Defect in mechanical condition of motor vehicle/road condition,Four lanes or more with central divider,Straight road,,Fine,TN88T  3469,P.V,Minor,0
26.03.2018,9:05 PM,1282,RHS,Rural,Singarayakonda,Rear End Collision,,Tanker,Non injury,Defect in mechanical condition of motor vehicle/road condition,Four lanes or more with central divider,Straight road,,Fine,TN88T  3469,P.V,Non injured,1
26.03.2018,9:05 PM,1282,RHS,Rural,Singarayakonda,Rear End Collision,,Tanker,Non injury,Defect in mechanical condition of motor vehicle/road condition,Four lanes or more with central divider,Straight road,,Fine,TN88T  3469,P.V,Animals affected,0
27.03.2018,3:45 PM,1259.2,RHS,Rural,Tangutur,Rear End Collision,,Truck,Fatal,Over speed,Four lanes or more with central divider,Straight road,,Fine,AP22W    9699,P.V,Fatal,1
27.03.2018,3:45 PM,1259.2,RHS,Rural,Tangutur,Rear End Collision,,Truck,Fatal,Over speed,Four lanes or more with central divider,Straight road,,Fine,AP22W    9699,P.V,Grevious,0
27.03.2018,3:45 PM,1259.2,RHS,Rural,Tangutur,Rear End Collision,,Truck,Fatal,Over speed,Four lanes or more with central divider,Straight road,,Fine,AP22W    9699,P.V,Minor,0
27.03.2018,3:45 PM,1259.2,RHS,Rural,Tangutur,Rear End Collision,,Truck,Fatal,Over speed,Four lanes or more with central divider,Straight road,,Fine,AP22W    9699,P.V,Non injured,1
27.03.2018,3:45 PM,1259.2,RHS,Rural,Tangutur,Rear End Collision,,Truck,Fatal,Over speed,Four lanes or more with central divider,Straight road,,Fine,AP22W    9699,P.V,Animals affected,0
28.03.2018,12:20 AM,1241.2,RHS,Rural,Ongole,Collision Brush/Side Wipe,,Tanker,Non injury,Fault of driver of motor vehicle/driver of other vehicle/cyclist/pedestrian/passenger,Four lanes or more with central divider,Straight road,,Fine,TN88C    2449,P.V,Fatal,0
28.03.2018,12:20 AM,1241.2,RHS,Rural,Ongole,Collision Brush/Side Wipe,,Tanker,Non injury,Fault of driver of motor vehicle/driver of other vehicle/cyclist/pedestrian/passenger,Four lanes or more with central divider,Straight road,,Fine,TN88C    2449,P.V,Grevious,0
28.03.2018,12:20 AM,1241.2,RHS,Rural,Ongole,Collision Brush/Side Wipe,,Tanker,Non injury,Fault of driver of motor vehicle/driver of other vehicle/cyclist/pedestrian/passenger,Four lanes or more with central divider,Straight road,,Fine,TN88C    2449,P.V,Minor,0
28.03.2018,12:20 AM,1241.2,RHS,Rural,Ongole,Collision Brush/Side Wipe,,Tanker,Non injury,Fault of driver of motor vehicle/driver of other vehicle/cyclist/pedestrian/passenger,Four lanes or more with central divider,Straight road,,Fine,TN88C    2449,P.V,Non injured,1
28.03.2018,12:20 AM,1241.2,RHS,Rural,Ongole,Collision Brush/Side Wipe,,Tanker,Non injury,Fault of driver of motor vehicle/driver of other vehicle/cyclist/pedestrian/passenger,Four lanes or more with central divider,Straight road,,Fine,TN88C    2449,P.V,Animals affected,0
28.03.2018,5:48 AM,1250.7,RHS,Rural,Ongole,Rear End Collision,,Truck,Non injury,Fault of driver of motor vehicle/driver of other vehicle/cyclist/pedestrian/passenger,Four lanes or more with central divider,Straight road,,Fine,TN34S    6262,P.V,Fatal,0
28.03.2018,5:48 AM,1250.7,RHS,Rural,Ongole,Rear End Collision,,Truck,Non injury,Fault of driver of motor vehicle/driver of other vehicle/cyclist/pedestrian/passenger,Four lanes or more with central divider,Straight road,,Fine,TN34S    6262,P.V,Grevious,0
28.03.2018,5:48 AM,1250.7,RHS,Rural,Ongole,Rear End Collision,,Truck,Non injury,Fault of driver of motor vehicle/driver of other vehicle/cyclist/pedestrian/passenger,Four lanes or more with central divider,Straight road,,Fine,TN34S    6262,P.V,Minor,0
28.03.2018,5:48 AM,1250.7,RHS,Rural,Ongole,Rear End Collision,,Truck,Non injury,Fault of driver of motor vehicle/driver of other vehicle/cyclist/pedestrian/passenger,Four lanes or more with central divider,Straight road,,Fine,TN34S    6262,P.V,Non injured,2
28.03.2018,5:48 AM,1250.7,RHS,Rural,Ongole,Rear End Collision,,Truck,Non injury,Fault of driver of motor vehicle/driver of other vehicle/cyclist/pedestrian/passenger,Four lanes or more with central divider,Straight road,,Fine,TN34S    6262,P.V,Animals affected,0
29.03.2018,10:15 AM,1239.8,RHS,Rural,Ongole,Rear End Collision,,Car,Minor injury,Fault of driver of motor vehicle/driver of other vehicle/cyclist/pedestrian/passenger,Four lanes or more with central divider,Straight road,,Fine,AP27E   7979,P.V,Fatal,0
29.03.2018,10:15 AM,1239.8,RHS,Rural,Ongole,Rear End Collision,,Car,Minor injury,Fault of driver of motor vehicle/driver of other vehicle/cyclist/pedestrian/passenger,Four lanes or more with central divider,Straight road,,Fine,AP27E   7979,P.V,Grevious,0
29.03.2018,10:15 AM,1239.8,RHS,Rural,Ongole,Rear End Collision,,Car,Minor injury,Fault of driver of motor vehicle/driver of other vehicle/cyclist/pedestrian/passenger,Four lanes or more with central divider,Straight road,,Fine,AP27E   7979,P.V,Minor,3
29.03.2018,10:15 AM,1239.8,RHS,Rural,Ongole,Rear End Collision,,Car,Minor injury,Fault of driver of motor vehicle/driver of other vehicle/cyclist/pedestrian/passenger,Four lanes or more with central divider,Straight road,,Fine,AP27E   7979,P.V,Non injured,1
29.03.2018,10:15 AM,1239.8,RHS,Rural,Ongole,Rear End Collision,,Car,Minor injury,Fault of driver of motor vehicle/driver of other vehicle/cyclist/pedestrian/passenger,Four lanes or more with central divider,Straight road,,Fine,AP27E   7979,P.V,Animals affected,0
29.03.2018,12:15 PM,1268.3,RHS,Rural,Jarugumalli,Collision Brush/Side Wipe,,Unknown vehicle,Fatal,Over speed,Four lanes or more with central divider,Straight road,,Fine,Unknown vehicle,P.V,Fatal,1
29.03.2018,12:15 PM,1268.3,RHS,Rural,Jarugumalli,Collision Brush/Side Wipe,,Unknown vehicle,Fatal,Over speed,Four lanes or more with central divider,Straight road,,Fine,Unknown vehicle,P.V,Grevious,0
29.03.2018,12:15 PM,1268.3,RHS,Rural,Jarugumalli,Collision Brush/Side Wipe,,Unknown vehicle,Fatal,Over speed,Four lanes or more with central divider,Straight road,,Fine,Unknown vehicle,P.V,Minor,0
29.03.2018,12:15 PM,1268.3,RHS,Rural,Jarugumalli,Collision Brush/Side Wipe,,Unknown vehicle,Fatal,Over speed,Four lanes or more with central divider,Straight road,,Fine,Unknown vehicle,P.V,Non injured,0
29.03.2018,12:15 PM,1268.3,RHS,Rural,Jarugumalli,Collision Brush/Side Wipe,,Unknown vehicle,Fatal,Over speed,Four lanes or more with central divider,Straight road,,Fine,Unknown vehicle,P.V,Animals affected,0
29.03.2018,1:05 PM,1280.4,RHS,Rural,Singarayakonda,Head on collision,,Bus,Minor injury,Fault of driver of motor vehicle/driver of other vehicle/cyclist/pedestrian/passenger,Two lanes,Straight road,,Fine,AP26TF  4139,P.V,Fatal,0
29.03.2018,1:05 PM,1280.4,RHS,Rural,Singarayakonda,Head on collision,,Bus,Minor injury,Fault of driver of motor vehicle/driver of other vehicle/cyclist/pedestrian/passenger,Two lanes,Straight road,,Fine,AP26TF  4139,P.V,Grevious,0
29.03.2018,1:05 PM,1280.4,RHS,Rural,Singarayakonda,Head on collision,,Bus,Minor injury,Fault of driver of motor vehicle/driver of other vehicle/cyclist/pedestrian/passenger,Two lanes,Straight road,,Fine,AP26TF  4139,P.V,Minor,1
29.03.2018,1:05 PM,1280.4,RHS,Rural,Singarayakonda,Head on collision,,Bus,Minor injury,Fault of driver of motor vehicle/driver of other vehicle/cyclist/pedestrian/passenger,Two lanes,Straight road,,Fine,AP26TF  4139,P.V,Non injured,30
29.03.2018,1:05 PM,1280.4,RHS,Rural,Singarayakonda,Head on collision,,Bus,Minor injury,Fault of driver of motor vehicle/driver of other vehicle/cyclist/pedestrian/passenger,Two lanes,Straight road,,Fine,AP26TF  4139,P.V,Animals affected,0
29.03.2018,1:20 PM,1259.4,RHS,Rural,Tangutur,Collision Brush/Side Wipe,,Truck,Non injury,Fault of driver of motor vehicle/driver of other vehicle/cyclist/pedestrian/passenger,Four lanes or more with central divider,Straight road,,Fine,AP16TW   7511,P.V,Fatal,0
29.03.2018,1:20 PM,1259.4,RHS,Rural,Tangutur,Collision Brush/Side Wipe,,Truck,Non injury,Fault of driver of motor vehicle/driver of other vehicle/cyclist/pedestrian/passenger,Four lanes or more with central divider,Straight road,,Fine,AP16TW   7511,P.V,Grevious,0
29.03.2018,1:20 PM,1259.4,RHS,Rural,Tangutur,Collision Brush/Side Wipe,,Truck,Non injury,Fault of driver of motor vehicle/driver of other vehicle/cyclist/pedestrian/passenger,Four lanes or more with central divider,Straight road,,Fine,AP16TW   7511,P.V,Minor,0
29.03.2018,1:20 PM,1259.4,RHS,Rural,Tangutur,Collision Brush/Side Wipe,,Truck,Non injury,Fault of driver of motor vehicle/driver of other vehicle/cyclist/pedestrian/passenger,Four lanes or more with central divider,Straight road,,Fine,AP16TW   7511,P.V,Non injured,2
29.03.2018,1:20 PM,1259.4,RHS,Rural,Tangutur,Collision Brush/Side Wipe,,Truck,Non injury,Fault of driver of motor vehicle/driver of other vehicle/cyclist/pedestrian/passenger,Four lanes or more with central divider,Straight road,,Fine,AP16TW   7511,P.V,Animals affected,0
30.03.2018,3:30 AM,1240.9,RHS,Rural,Ongole,Collision Brush/Side Wipe,,Unknown vehicle,Non injury,Over speed,Four lanes or more with central divider,Straight road,,Fine,Unknown vehicle,P.V,Fatal,0
30.03.2018,3:30 AM,1240.9,RHS,Rural,Ongole,Collision Brush/Side Wipe,,Unknown vehicle,Non injury,Over speed,Four lanes or more with central divider,Straight road,,Fine,Unknown vehicle,P.V,Grevious,0
30.03.2018,3:30 AM,1240.9,RHS,Rural,Ongole,Collision Brush/Side Wipe,,Unknown vehicle,Non injury,Over speed,Four lanes or more with central divider,Straight road,,Fine,Unknown vehicle,P.V,Minor,0
30.03.2018,3:30 AM,1240.9,RHS,Rural,Ongole,Collision Brush/Side Wipe,,Unknown vehicle,Non injury,Over speed,Four lanes or more with central divider,Straight road,,Fine,Unknown vehicle,P.V,Non injured,4
30.03.2018,3:30 AM,1240.9,RHS,Rural,Ongole,Collision Brush/Side Wipe,,Unknown vehicle,Non injury,Over speed,Four lanes or more with central divider,Straight road,,Fine,Unknown vehicle,P.V,Animals affected,0
31.03.2018,1:50 PM,1242.6,RHS,Rural,Ongole,Rear End Collision,,Car,Non injury,Over speed,Four lanes or more with central divider,Straight road,,Fine,TS07FN 5075,P.V,Fatal,0
31.03.2018,1:50 PM,1242.6,RHS,Rural,Ongole,Rear End Collision,,Car,Non injury,Over speed,Four lanes or more with central divider,Straight road,,Fine,TS07FN 5075,P.V,Grevious,0
31.03.2018,1:50 PM,1242.6,RHS,Rural,Ongole,Rear End Collision,,Car,Non injury,Over speed,Four lanes or more with central divider,Straight road,,Fine,TS07FN 5075,P.V,Minor,0
31.03.2018,1:50 PM,1242.6,RHS,Rural,Ongole,Rear End Collision,,Car,Non injury,Over speed,Four lanes or more with central divider,Straight road,,Fine,TS07FN 5075,P.V,Non injured,2
31.03.2018,1:50 PM,1242.6,RHS,Rural,Ongole,Rear End Collision,,Car,Non injury,Over speed,Four lanes or more with central divider,Straight road,,Fine,TS07FN 5075,P.V,Animals affected,0
31.03.2018,4:10 PM,1254.9,RHS,Rural,Ongole,Collision Brush/Side Wipe,,Bike,Grievious injury,Druken,Four lanes or more with central divider,Straight road,,Fine,AP27BC 8324,A.M.B,Fatal,0
31.03.2018,4:10 PM,1254.9,RHS,Rural,Ongole,Collision Brush/Side Wipe,,Bike,Grievious injury,Druken,Four lanes or more with central divider,Straight road,,Fine,AP27BC 8324,A.M.B,Grevious,1
31.03.2018,4:10 PM,1254.9,RHS,Rural,Ongole,Collision Brush/Side Wipe,,Bike,Grievious injury,Druken,Four lanes or more with central divider,Straight road,,Fine,AP27BC 8324,A.M.B,Minor,0
31.03.2018,4:10 PM,1254.9,RHS,Rural,Ongole,Collision Brush/Side Wipe,,Bike,Grievious injury,Druken,Four lanes or more with central divider,Straight road,,Fine,AP27BC 8324,A.M.B,Non injured,0
31.03.2018,4:10 PM,1254.9,RHS,Rural,Ongole,Collision Brush/Side Wipe,,Bike,Grievious injury,Druken,Four lanes or more with central divider,Straight road,,Fine,AP27BC 8324,A.M.B,Animals affected,0
01.04.2018,1:50 PM,1197.7,RHS,Rural,Martur,Overturning,,Truck,Minor injury,Defect in mechanical condition of motor vehicle/road condition,Four lanes or more with central divider,Straight road,,Fine,AP27TT 1951,A.M.B & P.V,Fatal,0
01.04.2018,1:50 PM,1197.7,RHS,Rural,Martur,Overturning,,Truck,Minor injury,Defect in mechanical condition of motor vehicle/road condition,Four lanes or more with central divider,Straight road,,Fine,AP27TT 1951,A.M.B & P.V,Grevious,0
01.04.2018,1:50 PM,1197.7,RHS,Rural,Martur,Overturning,,Truck,Minor injury,Defect in mechanical condition of motor vehicle/road condition,Four lanes or more with central divider,Straight road,,Fine,AP27TT 1951,A.M.B & P.V,Minor,1
01.04.2018,1:50 PM,1197.7,RHS,Rural,Martur,Overturning,,Truck,Minor injury,Defect in mechanical condition of motor vehicle/road condition,Four lanes or more with central divider,Straight road,,Fine,AP27TT 1951,A.M.B & P.V,Non injured,0
01.04.2018,1:50 PM,1197.7,RHS,Rural,Martur,Overturning,,Truck,Minor injury,Defect in mechanical condition of motor vehicle/road condition,Four lanes or more with central divider,Straight road,,Fine,AP27TT 1951,A.M.B & P.V,Animals affected,0
01.04.2018,6:34 PM,1211.4,RHS,Rural,Medarametla,Head on collision,,Bike,Grievious injury,Fault of driver of motor vehicle/driver of other vehicle/cyclist/pedestrian/passenger,Four lanes or more with central divider,Straight road,,Fine,F/R Bike,A.M.B & P.V,Fatal,0
01.04.2018,6:34 PM,1211.4,RHS,Rural,Medarametla,Head on collision,,Bike,Grievious injury,Fault of driver of motor vehicle/driver of other vehicle/cyclist/pedestrian/passenger,Four lanes or more with central divider,Straight road,,Fine,F/R Bike,A.M.B & P.V,Grevious,2
01.04.2018,6:34 PM,1211.4,RHS,Rural,Medarametla,Head on collision,,Bike,Grievious injury,Fault of driver of motor vehicle/driver of other vehicle/cyclist/pedestrian/passenger,Four lanes or more with central divider,Straight road,,Fine,F/R Bike,A.M.B & P.V,Minor,1
01.04.2018,6:34 PM,1211.4,RHS,Rural,Medarametla,Head on collision,,Bike,Grievious injury,Fault of driver of motor vehicle/driver of other vehicle/cyclist/pedestrian/passenger,Four lanes or more with central divider,Straight road,,Fine,F/R Bike,A.M.B & P.V,Non injured,0