Operational date,Time of Accident,KM && M,Position,Rural/Urban,Location,Nature of Accident Position,Nature of Accident,Vehicle Involved,Type of Accident,Causes,Road Feature,Road condition,Intersection Type And Control,Weather Condition,Vehicle Responsible,Help Provided by Ambulance/Patroling Vehicle,Classification of Accident,No of Affected Persons
01.04.2018,6:34 PM,1211.4,RHS,Rural,Medarametla,Head on collision,,Bike,Grievious injury,Fault of driver of motor vehicle/driver of other vehicle/cyclist/pedestrian/passenger,Four lanes or more with central divider,Straight road,,Fine,F/R Bike,A.M.B & P.V,Animals affected,0
03.04.2018,7:05 AM,1248.3,RHS,Rural,Ongole,Collision Brush/Side Wipe,,Car,Minor injury,Over speed,Four lanes or more with central divider,Straight road,,Fine,AP07TW    4179,P.V,Fatal,0
03.04.2018,7:05 AM,1248.3,RHS,Rural,Ongole,Collision Brush/Side Wipe,,Car,Minor injury,Over speed,Four lanes or more with central divider,Straight road,,Fine,AP07TW    4179,P.V,Grevious,0
03.04.2018,7:05 AM,1248.3,RHS,Rural,Ongole,Collision Brush/Side Wipe,,Car,Minor injury,Over speed,Four lanes or more with central divider,Straight road,,Fine,AP07TW    4179,P.V,Minor,1
03.04.2018,7:05 AM,1248.3,RHS,Rural,Ongole,Collision Brush/Side Wipe,,Car,Minor injury,Over speed,Four lanes or more with central divider,Straight road,,Fine,AP07TW    4179,P.V,Non injured,4
03.04.2018,7:05 AM,1248.3,RHS,Rural,Ongole,Collision Brush/Side Wipe,,Car,Minor injury,Over speed,Four lanes or more with central divider,Straight road,,Fine,AP07TW    4179,P.V,Animals affected,0
04.04.2018,2:30 AM,1349.7,RHS,Rural,Kodavaluru,Overturning,,Container,Non injury,Defect in mechanical condition of motor vehicle/road condition,Four lanes or more with central divider,Straight road,,Fine,TN52H     1305,P.V,Fatal,0
04.04.2018,2:30 AM,1349.7,RHS,Rural,Kodavaluru,Overturning,,Container,Non injury,Defect in mechanical condition of motor vehicle/road condition,Four lanes or more with central divider,Straight road,,Fine,TN52H     1305,P.V,Grevious,0
04.04.2018,2:30 AM,1349.7,RHS,Rural,Kodavaluru,Overturning,,Container,Non injury,Defect in mechanical condition of motor vehicle/road condition,Four lanes or more with central divider,Straight road,,Fine,TN52H     1305,P.V,Minor,0
04.04.2018,2:30 AM,1349.7,RHS,Rural,Kodavaluru,Overturning,,Container,Non injury,Defect in mechanical condition of motor vehicle/road condition,Four lanes or more with central divider,Straight road,,Fine,TN52H     1305,P.V,Non injured,1
04.04.2018,2:30 AM,1349.7,RHS,Rural,Kodavaluru,Overturning,,Container,Non injury,Defect in mechanical condition of motor vehicle/road condition,Four lanes or more with central divider,Straight road,,Fine,TN52H     1305,P.V,Animals affected,0
04.04.2018,7:40 PM,1286.8,RHS,Rural,Ulavapadu,Collision Brush/Side Wipe,,Car,Fatal,Over speed,Four lanes or more with central divider,Straight road,,Fine,TS08FQ   3984,P.V,Fatal,1
04.04.2018,7:40 PM,1286.8,RHS,Rural,Ulavapadu,Collision Brush/Side Wipe,,Car,Fatal,Over speed,Four lanes or more with central divider,Straight road,,Fine,TS08FQ   3984,P.V,Grevious,0
04.04.2018,7:40 PM,1286.8,RHS,Rural,Ulavapadu,Collision Brush/Side Wipe,,Car,Fatal,Over speed,Four lanes or more with central divider,Straight road,,Fine,TS08FQ   3984,P.V,Minor,0
04.04.2018,7:40 PM,1286.8,RHS,Rural,Ulavapadu,Collision Brush/Side Wipe,,Car,Fatal,Over speed,Four lanes or more with central divider,Straight road,,Fine,TS08FQ   3984,P.V,Non injured,1
04.04.2018,7:40 PM,1286.8,RHS,Rural,Ulavapadu,Collision Brush/Side Wipe,,Car,Fatal,Over speed,Four lanes or more with central divider,Straight road,,Fine,TS08FQ   3984,P.V,Animals affected,0
05.04.2018,12:15 PM,1329,RHS,Rural,Kavali,Rear End Collision,,Auto,Grievious injury,Over speed,Four lanes or more with central divider,Straight road,,Fine,AP26TA    3116,A.M.B & P.V,Fatal,0
05.04.2018,12:15 PM,1329,RHS,Rural,Kavali,Rear End Collision,,Auto,Grievious injury,Over speed,Four lanes or more with central divider,Straight road,,Fine,AP26TA    3116,A.M.B & P.V,Grevious,1
05.04.2018,12:15 PM,1329,RHS,Rural,Kavali,Rear End Collision,,Auto,Grievious injury,Over speed,Four lanes or more with central divider,Straight road,,Fine,AP26TA    3116,A.M.B & P.V,Minor,0
05.04.2018,12:15 PM,1329,RHS,Rural,Kavali,Rear End Collision,,Auto,Grievious injury,Over speed,Four lanes or more with central divider,Straight road,,Fine,AP26TA    3116,A.M.B & P.V,Non injured,1
05.04.2018,12:15 PM,1329,RHS,Rural,Kavali,Rear End Collision,,Auto,Grievious injury,Over speed,Four lanes or more with central divider,Straight road,,Fine,AP26TA    3116,A.M.B & P.V,Animals affected,0
05.04.2018,3:30 PM,1268.5,RHS,Rural,Jarugumalli,Collision Brush/Side Wipe,,Bike,Grievious injury,Druken,Four lanes or more with central divider,Sharp curve,,Fine,AP07CT    4314,A.M.B,Fatal,0
05.04.2018,3:30 PM,1268.5,RHS,Rural,Jarugumalli,Collision Brush/Side Wipe,,Bike,Grievious injury,Druken,Four lanes or more with central divider,Sharp curve,,Fine,AP07CT    4314,A.M.B,Grevious,3
05.04.2018,3:30 PM,1268.5,RHS,Rural,Jarugumalli,Collision Brush/Side Wipe,,Bike,Grievious injury,Druken,Four lanes or more with central divider,Sharp curve,,Fine,AP07CT    4314,A.M.B,Minor,0
05.04.2018,3:30 PM,1268.5,RHS,Rural,Jarugumalli,Collision Brush/Side Wipe,,Bike,Grievious injury,Druken,Four lanes or more with central divider,Sharp curve,,Fine,AP07CT    4314,A.M.B,Non injured,0
05.04.2018,3:30 PM,1268.5,RHS,Rural,Jarugumalli,Collision Brush/Side Wipe,,Bike,Grievious injury,Druken,Four lanes or more with central divider,Sharp curve,,Fine,AP07CT    4314,A.M.B,Animals affected,0
06.04.2018,3:30 AM,1331.4,RHS,Rural,Kavali,Overturning,,Car,Non injury,Defect in mechanical condition of motor vehicle/road condition,Four lanes or more with central divider,Straight road,,Fine,AP16TF 2811,P.V,Fatal,0
06.04.2018,3:30 AM,1331.4,RHS,Rural,Kavali,Overturning,,Car,Non injury,Defect in mechanical condition of motor vehicle/road condition,Four lanes or more with central divider,Straight road,,Fine,AP16TF 2811,P.V,Grevious,0
06.04.2018,3:30 AM,1331.4,RHS,Rural,Kavali,Overturning,,Car,Non injury,Defect in mechanical condition of motor vehicle/road condition,Four lanes or more with central divider,Straight road,,Fine,AP16TF 2811,P.V,Minor,0
06.04.2018,3:30 AM,1331.4,RHS,Rural,Kavali,Overturning,,Car,Non injury,Defect in mechanical condition of motor vehicle/road condition,Four lanes or more with central divider,Straight road,,Fine,AP16TF 2811,P.V,Non injured,2
06.04.2018,3:30 AM,1331.4,RHS,Rural,Kavali,Overturning,,Car,Non injury,Defect in mechanical condition of motor vehicle/road condition,Four lanes or more with central divider,Straight road,,Fine,AP16TF 2811,P.V,Animals affected,0
06.04.2018,11:00 AM,1219.7,RHS,Rural,Medarametla,Collision Brush/Side Wipe,,Car,Non injury,Over speed,Four lanes or more with central divider,Straight road,,Fine,AP27AT 1919,P.V,Fatal,0
06.04.2018,11:00 AM,1219.7,RHS,Rural,Medarametla,Collision Brush/Side Wipe,,Car,Non injury,Over speed,Four lanes or more with central divider,Straight road,,Fine,AP27AT 1919,P.V,Grevious,0
06.04.2018,11:00 AM,1219.7,RHS,Rural,Medarametla,Collision Brush/Side Wipe,,Car,Non injury,Over speed,Four lanes or more with central divider,Straight road,,Fine,AP27AT 1919,P.V,Minor,0
06.04.2018,11:00 AM,1219.7,RHS,Rural,Medarametla,Collision Brush/Side Wipe,,Car,Non injury,Over speed,Four lanes or more with central divider,Straight road,,Fine,AP27AT 1919,P.V,Non injured,1
06.04.2018,11:00 AM,1219.7,RHS,Rural,Medarametla,Collision Brush/Side Wipe,,Car,Non injury,Over speed,Four lanes or more with central divider,Straight road,,Fine,AP27AT 1919,P.V,Animals affected,0
07.04.2018,5:00 AM,1254.6,RHS,Rural,Tangutur,Collision Brush/Side Wipe,,Truck,Non injury,Fault of driver of motor vehicle/driver of other vehicle/cyclist/pedestrian/passenger,Four lanes or more with central divider,Straight road,,Fine,AP16TE 5119,P.V,Fatal,0
07.04.2018,5:00 AM,1254.6,RHS,Rural,Tangutur,Collision Brush/Side Wipe,,Truck,Non injury,Fault of driver of motor vehicle/driver of other vehicle/cyclist/pedestrian/passenger,Four lanes or more with central divider,Straight road,,Fine,AP16TE 5119,P.V,Grevious,0
07.04.2018,5:00 AM,1254.6,RHS,Rural,Tangutur,Collision Brush/Side Wipe,,Truck,Non injury,Fault of driver of motor vehicle/driver of other vehicle/cyclist/pedestrian/passenger,Four lanes or more with central divider,Straight road,,Fine,AP16TE 5119,P.V,Minor,0
07.04.2018,5:00 AM,1254.6,RHS,Rural,Tangutur,Collision Brush/Side Wipe,,Truck,Non injury,Fault of driver of motor vehicle/driver of other vehicle/cyclist/pedestrian/passenger,Four lanes or more with central divider,Straight road,,Fine,AP16TE 5119,P.V,Non injured,1
07.04.2018,5:00 AM,1254.6,RHS,Rural,Tangutur,Collision Brush/Side Wipe,,Truck,Non injury,Fault of driver of motor vehicle/driver of other vehicle/cyclist/pedestrian/passenger,Four lanes or more with central divider,Straight road,,Fine,AP16TE 5119,P.V,Animals affected,0
07.04.2018,9:40 AM,1331.7,RHS,Rural,Kavali,Collision Brush/Side Wipe,,Car,Non injury,Defect in mechanical condition of motor vehicle/road condition,Four lanes or more with central divider,Straight road,,Fine,TN09CD 0501,P.V,Fatal,0
07.04.2018,9:40 AM,1331.7,RHS,Rural,Kavali,Collision Brush/Side Wipe,,Car,Non injury,Defect in mechanical condition of motor vehicle/road condition,Four lanes or more with central divider,Straight road,,Fine,TN09CD 0501,P.V,Grevious,0
07.04.2018,9:40 AM,1331.7,RHS,Rural,Kavali,Collision Brush/Side Wipe,,Car,Non injury,Defect in mechanical condition of motor vehicle/road condition,Four lanes or more with central divider,Straight road,,Fine,TN09CD 0501,P.V,Minor,0
07.04.2018,9:40 AM,1331.7,RHS,Rural,Kavali,Collision Brush/Side Wipe,,Car,Non injury,Defect in mechanical condition of motor vehicle/road condition,Four lanes or more with central divider,Straight road,,Fine,TN09CD 0501,P.V,Non injured,5
07.04.2018,9:40 AM,1331.7,RHS,Rural,Kavali,Collision Brush/Side Wipe,,Car,Non injury,Defect in mechanical condition of motor vehicle/road condition,Four lanes or more with central divider,Straight road,,Fine,TN09CD 0501,P.V,Animals affected,0
07.04.2018,9:10 PM,1295.3,RHS,Rural,Ulavapadu,Overturning,,LCV,Grievious injury,Defect in mechanical condition of motor vehicle/road condition,Four lanes or more with central divider,Straight road,,Fine,AP31Y   1959,A.M.B & P.V,Fatal,0
07.04.2018,9:10 PM,1295.3,RHS,Rural,Ulavapadu,Overturning,,LCV,Grievious injury,Defect in mechanical condition of motor vehicle/road condition,Four lanes or more with central divider,Straight road,,Fine,AP31Y   1959,A.M.B & P.V,Grevious,1
07.04.2018,9:10 PM,1295.3,RHS,Rural,Ulavapadu,Overturning,,LCV,Grievious injury,Defect in mechanical condition of motor vehicle/road condition,Four lanes or more with central divider,Straight road,,Fine,AP31Y   1959,A.M.B & P.V,Minor,0
07.04.2018,9:10 PM,1295.3,RHS,Rural,Ulavapadu,Overturning,,LCV,Grievious injury,Defect in mechanical condition of motor vehicle/road condition,Four lanes or more with central divider,Straight road,,Fine,AP31Y   1959,A.M.B & P.V,Non injured,0
07.04.2018,9:10 PM,1295.3,RHS,Rural,Ulavapadu,Overturning,,LCV,Grievious injury,Defect in mechanical condition of motor vehicle/road condition,Four lanes or more with central divider,Straight road,,Fine,AP31Y   1959,A.M.B & P.V,Animals affected,0
07.04.2018,10:40 PM,1358.7,RHS,Rural,Kodavaluru,Collision Brush/Side Wipe,,Unknown vehicle,Fatal,Over speed,Four lanes or more with central divider,Straight road,,Fine,Unknown vehicle,P.V,Fatal,1
07.04.2018,10:40 PM,1358.7,RHS,Rural,Kodavaluru,Collision Brush/Side Wipe,,Unknown vehicle,Fatal,Over speed,Four lanes or more with central divider,Straight road,,Fine,Unknown vehicle,P.V,Grevious,0
07.04.2018,10:40 PM,1358.7,RHS,Rural,Kodavaluru,Collision Brush/Side Wipe,,Unknown vehicle,Fatal,Over speed,Four lanes or more with central divider,Straight road,,Fine,Unknown vehicle,P.V,Minor,0
07.04.2018,10:40 PM,1358.7,RHS,Rural,Kodavaluru,Collision Brush/Side Wipe,,Unknown vehicle,Fatal,Over speed,Four lanes or more with central divider,Straight road,,Fine,Unknown vehicle,P.V,Non injured,0
07.04.2018,10:40 PM,1358.7,RHS,Rural,Kodavaluru,Collision Brush/Side Wipe,,Unknown vehicle,Fatal,Over speed,Four lanes or more with central divider,Straight road,,Fine,Unknown vehicle,P.V,Animals affected,0
08.04.2018,4:00 AM,1233.7,RHS,Rural,Maddipadu,Rear End Collision,,Truck,Fatal,Fault of driver of motor vehicle/driver of other vehicle/cyclist/pedestrian/passenger,Four lanes or more with central divider,Straight road,,Fine,AP37TA  8294,P.V,Fatal,1
08.04.2018,4:00 AM,1233.7,RHS,Rural,Maddipadu,Rear End Collision,,Truck,Fatal,Fault of driver of motor vehicle/driver of other vehicle/cyclist/pedestrian/passenger,Four lanes or more with central divider,Straight road,,Fine,AP37TA  8294,P.V,Grevious,0
08.04.2018,4:00 AM,1233.7,RHS,Rural,Maddipadu,Rear End Collision,,Truck,Fatal,Fault of driver of motor vehicle/driver of other vehicle/cyclist/pedestrian/passenger,Four lanes or more with central divider,Straight road,,Fine,AP37TA  8294,P.V,Minor,0
08.04.2018,4:00 AM,1233.7,RHS,Rural,Maddipadu,Rear End Collision,,Truck,Fatal,Fault of driver of motor vehicle/driver of other vehicle/cyclist/pedestrian/passenger,Four lanes or more with central divider,Straight road,,Fine,AP37TA  8294,P.V,Non injured,0
08.04.2018,4:00 AM,1233.7,RHS,Rural,Maddipadu,Rear End Collision,,Truck,Fatal,Fault of driver of motor vehicle/driver of other vehicle/cyclist/pedestrian/passenger,Four lanes or more with central divider,Straight road,,Fine,AP37TA  8294,P.V,Animals affected,0
08.04.2018,3:50 AM,1311.2,RHS,Rural,Kavali,Rear End Collision,,Car,Grievious injury,Over speed,Four lanes or more with central divider,Straight road,,Fine,TS09AE 3933,P.V,Fatal,0
08.04.2018,3:50 AM,1311.2,RHS,Rural,Kavali,Rear End Collision,,Car,Grievious injury,Over speed,Four lanes or more with central divider,Straight road,,Fine,TS09AE 3933,P.V,Grevious,2
08.04.2018,3:50 AM,1311.2,RHS,Rural,Kavali,Rear End Collision,,Car,Grievious injury,Over speed,Four lanes or more with central divider,Straight road,,Fine,TS09AE 3933,P.V,Minor,1
08.04.2018,3:50 AM,1311.2,RHS,Rural,Kavali,Rear End Collision,,Car,Grievious injury,Over speed,Four lanes or more with central divider,Straight road,,Fine,TS09AE 3933,P.V,Non injured,2
08.04.2018,3:50 AM,1311.2,RHS,Rural,Kavali,Rear End Collision,,Car,Grievious injury,Over speed,Four lanes or more with central divider,Straight road,,Fine,TS09AE 3933,P.V,Animals affected,0
08.04.2018,10:30 AM,1340.8,RHS,Rural,Dagadarthi,Collision Brush/Side Wipe,,Car,Non injury,Over speed,Four lanes or more with central divider,Sharp curve,,Fine,AP26BA 4455,P.V,Fatal,0
08.04.2018,10:30 AM,1340.8,RHS,Rural,Dagadarthi,Collision Brush/Side Wipe,,Car,Non injury,Over speed,Four lanes or more with central divider,Sharp curve,,Fine,AP26BA 4455,P.V,Grevious,0
08.04.2018,10:30 AM,1340.8,RHS,Rural,Dagadarthi,Collision Brush/Side Wipe,,Car,Non injury,Over speed,Four lanes or more with central divider,Sharp curve,,Fine,AP26BA 4455,P.V,Minor,0
08.04.2018,10:30 AM,1340.8,RHS,Rural,Dagadarthi,Collision Brush/Side Wipe,,Car,Non injury,Over speed,Four lanes or more with central divider,Sharp curve,,Fine,AP26BA 4455,P.V,Non injured,1
08.04.2018,10:30 AM,1340.8,RHS,Rural,Dagadarthi,Collision Brush/Side Wipe,,Car,Non injury,Over speed,Four lanes or more with central divider,Sharp curve,,Fine,AP26BA 4455,P.V,Animals affected,0
09.04.2018,8:54 AM,1319.4,RHS,Rural,Kavali,Collision Brush/Side Wipe,,Car,Grievious injury,Fault of driver of motor vehicle/driver of other vehicle/cyclist/pedestrian/passenger,Four lanes or more with central divider,Straight road,,Fine,AP03CD 1759 ,AMB & P.V,Fatal,0
09.04.2018,8:54 AM,1319.4,RHS,Rural,Kavali,Collision Brush/Side Wipe,,Car,Grievious injury,Fault of driver of motor vehicle/driver of other vehicle/cyclist/pedestrian/passenger,Four lanes or more with central divider,Straight road,,Fine,AP03CD 1759 ,AMB & P.V,Grevious,1
09.04.2018,8:54 AM,1319.4,RHS,Rural,Kavali,Collision Brush/Side Wipe,,Car,Grievious injury,Fault of driver of motor vehicle/driver of other vehicle/cyclist/pedestrian/passenger,Four lanes or more with central divider,Straight road,,Fine,AP03CD 1759 ,AMB & P.V,Minor,0
09.04.2018,8:54 AM,1319.4,RHS,Rural,Kavali,Collision Brush/Side Wipe,,Car,Grievious injury,Fault of driver of motor vehicle/driver of other vehicle/cyclist/pedestrian/passenger,Four lanes or more with central divider,Straight road,,Fine,AP03CD 1759 ,AMB & P.V,Non injured,4
09.04.2018,8:54 AM,1319.4,RHS,Rural,Kavali,Collision Brush/Side Wipe,,Car,Grievious injury,Fault of driver of motor vehicle/driver of other vehicle/cyclist/pedestrian/passenger,Four lanes or more with central divider,Straight road,,Fine,AP03CD 1759 ,AMB & P.V,Animals affected,0
10.04.2018,4:10 AM,1320.6,RHS,Rural,Kavali,Rear End Collision,,Truck,Non injury,Fault of driver of motor vehicle/driver of other vehicle/cyclist/pedestrian/passenger,Four lanes or more with central divider,Straight road,,Fine,AP27X   5549,P.V,Fatal,0
10.04.2018,4:10 AM,1320.6,RHS,Rural,Kavali,Rear End Collision,,Truck,Non injury,Fault of driver of motor vehicle/driver of other vehicle/cyclist/pedestrian/passenger,Four lanes or more with central divider,Straight road,,Fine,AP27X   5549,P.V,Grevious,0
10.04.2018,4:10 AM,1320.6,RHS,Rural,Kavali,Rear End Collision,,Truck,Non injury,Fault of driver of motor vehicle/driver of other vehicle/cyclist/pedestrian/passenger,Four lanes or more with central divider,Straight road,,Fine,AP27X   5549,P.V,Minor,0
10.04.2018,4:10 AM,1320.6,RHS,Rural,Kavali,Rear End Collision,,Truck,Non injury,Fault of driver of motor vehicle/driver of other vehicle/cyclist/pedestrian/passenger,Four lanes or more with central divider,Straight road,,Fine,AP27X   5549,P.V,Non injured,2
10.04.2018,4:10 AM,1320.6,RHS,Rural,Kavali,Rear End Collision,,Truck,Non injury,Fault of driver of motor vehicle/driver of other vehicle/cyclist/pedestrian/passenger,Four lanes or more with central divider,Straight road,,Fine,AP27X   5549,P.V,Animals affected,0
10.04.2018,6:00 AM,1314.5,RHS,Rural,Kavali,Overturning,,Truck,Minor injury,Fault of driver of motor vehicle/driver of other vehicle/cyclist/pedestrian/passenger,Four lanes or more with central divider,Straight road,,Fine,AP16TW   6451,P.V,Fatal,0
10.04.2018,6:00 AM,1314.5,RHS,Rural,Kavali,Overturning,,Truck,Minor injury,Fault of driver of motor vehicle/driver of other vehicle/cyclist/pedestrian/passenger,Four lanes or more with central divider,Straight road,,Fine,AP16TW   6451,P.V,Grevious,0
10.04.2018,6:00 AM,1314.5,RHS,Rural,Kavali,Overturning,,Truck,Minor injury,Fault of driver of motor vehicle/driver of other vehicle/cyclist/pedestrian/passenger,Four lanes or more with central divider,Straight road,,Fine,AP16TW   6451,P.V,Minor,2
10.04.2018,6:00 AM,1314.5,RHS,Rural,Kavali,Overturning,,Truck,Minor injury,Fault of driver of motor vehicle/driver of other vehicle/cyclist/pedestrian/passenger,Four lanes or more with central divider,Straight road,,Fine,AP16TW   6451,P.V,Non injured,0
10.04.2018,6:00 AM,1314.5,RHS,Rural,Kavali,Overturning,,Truck,Minor injury,Fault of driver of motor vehicle/driver of other vehicle/cyclist/pedestrian/passenger,Four lanes or more with central divider,Straight road,,Fine,AP16TW   6451,P.V,Animals affected,0
10.04.2018,7:45 PM,1192.5,RHS,Rural,Martur,Collision Brush/Side Wipe,,Car,Minor injury,Over speed,Four lanes or more with central divider,Straight road,,Fine,AP07BW   9979,A.M.B & P.V,Fatal,0
10.04.2018,7:45 PM,1192.5,RHS,Rural,Martur,Collision Brush/Side Wipe,,Car,Minor injury,Over speed,Four lanes or more with central divider,Straight road,,Fine,AP07BW   9979,A.M.B & P.V,Grevious,0
10.04.2018,7:45 PM,1192.5,RHS,Rural,Martur,Collision Brush/Side Wipe,,Car,Minor injury,Over speed,Four lanes or more with central divider,Straight road,,Fine,AP07BW   9979,A.M.B & P.V,Minor,1
10.04.2018,7:45 PM,1192.5,RHS,Rural,Martur,Collision Brush/Side Wipe,,Car,Minor injury,Over speed,Four lanes or more with central divider,Straight road,,Fine,AP07BW   9979,A.M.B & P.V,Non injured,2
10.04.2018,7:45 PM,1192.5,RHS,Rural,Martur,Collision Brush/Side Wipe,,Car,Minor injury,Over speed,Four lanes or more with central divider,Straight road,,Fine,AP07BW   9979,A.M.B & P.V,Animals affected,0
11.04.2018,6:50 AM,1293.8,RHS,Rural,Ulavapadu,Collision Brush/Side Wipe,,Car,Grievious injury,Over speed,Four lanes or more with central divider,Straight road,,Fine,AP07CU   7979,P.V,Fatal,0
11.04.2018,6:50 AM,1293.8,RHS,Rural,Ulavapadu,Collision Brush/Side Wipe,,Car,Grievious injury,Over speed,Four lanes or more with central divider,Straight road,,Fine,AP07CU   7979,P.V,Grevious,2
11.04.2018,6:50 AM,1293.8,RHS,Rural,Ulavapadu,Collision Brush/Side Wipe,,Car,Grievious injury,Over speed,Four lanes or more with central divider,Straight road,,Fine,AP07CU   7979,P.V,Minor,3
11.04.2018,6:50 AM,1293.8,RHS,Rural,Ulavapadu,Collision Brush/Side Wipe,,Car,Grievious injury,Over speed,Four lanes or more with central divider,Straight road,,Fine,AP07CU   7979,P.V,Non injured,0
11.04.2018,6:50 AM,1293.8,RHS,Rural,Ulavapadu,Collision Brush/Side Wipe,,Car,Grievious injury,Over speed,Four lanes or more with central divider,Straight road,,Fine,AP07CU   7979,P.V,Animals affected,0
12.04.2018,2:10 AM,1213.7,RHS,Rural,Medarametla,Rear End Collision,,Truck,Non injury,Over speed,Four lanes or more with central divider,Straight road,,Fine,TN58AQ  5980,P.V,Fatal,0
12.04.2018,2:10 AM,1213.7,RHS,Rural,Medarametla,Rear End Collision,,Truck,Non injury,Over speed,Four lanes or more with central divider,Straight road,,Fine,TN58AQ  5980,P.V,Grevious,0
12.04.2018,2:10 AM,1213.7,RHS,Rural,Medarametla,Rear End Collision,,Truck,Non injury,Over speed,Four lanes or more with central divider,Straight road,,Fine,TN58AQ  5980,P.V,Minor,0
12.04.2018,2:10 AM,1213.7,RHS,Rural,Medarametla,Rear End Collision,,Truck,Non injury,Over speed,Four lanes or more with central divider,Straight road,,Fine,TN58AQ  5980,P.V,Non injured,2
12.04.2018,2:10 AM,1213.7,RHS,Rural,Medarametla,Rear End Collision,,Truck,Non injury,Over speed,Four lanes or more with central divider,Straight road,,Fine,TN58AQ  5980,P.V,Animals affected,0
12.04.2018,6:50 AM,1202,RHS,Rural,Reningavaram,Collision Brush/Side Wipe,,Bike,Grievious injury,Druken,Two lanes,Straight road,,Fine,AP16EN  6497,A.M.B,Fatal,0
12.04.2018,6:50 AM,1202,RHS,Rural,Reningavaram,Collision Brush/Side Wipe,,Bike,Grievious injury,Druken,Two lanes,Straight road,,Fine,AP16EN  6497,A.M.B,Grevious,1
12.04.2018,6:50 AM,1202,RHS,Rural,Reningavaram,Collision Brush/Side Wipe,,Bike,Grievious injury,Druken,Two lanes,Straight road,,Fine,AP16EN  6497,A.M.B,Minor,0
12.04.2018,6:50 AM,1202,RHS,Rural,Reningavaram,Collision Brush/Side Wipe,,Bike,Grievious injury,Druken,Two lanes,Straight road,,Fine,AP16EN  6497,A.M.B,Non injured,0
12.04.2018,6:50 AM,1202,RHS,Rural,Reningavaram,Collision Brush/Side Wipe,,Bike,Grievious injury,Druken,Two lanes,Straight road,,Fine,AP16EN  6497,A.M.B,Animals affected,0
13.04.2018,9:10 AM,1190.8,RHS,Rural,Martur,Collision Brush/Side Wipe,,Car,Non injury,Defect in mechanical condition of motor vehicle/road condition,Four lanes or more with central divider,Straight road,,Fine,AP27BK 9956,P.V,Fatal,0
13.04.2018,9:10 AM,1190.8,RHS,Rural,Martur,Collision Brush/Side Wipe,,Car,Non injury,Defect in mechanical condition of motor vehicle/road condition,Four lanes or more with central divider,Straight road,,Fine,AP27BK 9956,P.V,Grevious,0
13.04.2018,9:10 AM,1190.8,RHS,Rural,Martur,Collision Brush/Side Wipe,,Car,Non injury,Defect in mechanical condition of motor vehicle/road condition,Four lanes or more with central divider,Straight road,,Fine,AP27BK 9956,P.V,Minor,0
13.04.2018,9:10 AM,1190.8,RHS,Rural,Martur,Collision Brush/Side Wipe,,Car,Non injury,Defect in mechanical condition of motor vehicle/road condition,Four lanes or more with central divider,Straight road,,Fine,AP27BK 9956,P.V,Non injured,4
13.04.2018,9:10 AM,1190.8,RHS,Rural,Martur,Collision Brush/Side Wipe,,Car,Non injury,Defect in mechanical condition of motor vehicle/road condition,Four lanes or more with central divider,Straight road,,Fine,AP27BK 9956,P.V,Animals affected,0
13.04.2018,10:20 AM,1350.7,RHS,Rural,Kodavaluru,Others(p1.Specific),,Truck,Non injury,Defect in mechanical condition of motor vehicle/road condition,Four lanes or more with central divider,Straight road,,Fine,AP36X    4445,P.V,Fatal,0
13.04.2018,10:20 AM,1350.7,RHS,Rural,Kodavaluru,Others(p1.Specific),,Truck,Non injury,Defect in mechanical condition of motor vehicle/road condition,Four lanes or more with central divider,Straight road,,Fine,AP36X    4445,P.V,Grevious,0
13.04.2018,10:20 AM,1350.7,RHS,Rural,Kodavaluru,Others(p1.Specific),,Truck,Non injury,Defect in mechanical condition of motor vehicle/road condition,Four lanes or more with central divider,Straight road,,Fine,AP36X    4445,P.V,Minor,0
13.04.2018,10:20 AM,1350.7,RHS,Rural,Kodavaluru,Others(p1.Specific),,Truck,Non injury,Defect in mechanical condition of motor vehicle/road condition,Four lanes or more with central divider,Straight road,,Fine,AP36X    4445,P.V,Non injured,2
13.04.2018,10:20 AM,1350.7,RHS,Rural,Kodavaluru,Others(p1.Specific),,Truck,Non injury,Defect in mechanical condition of motor vehicle/road condition,Four lanes or more with central divider,Straight road,,Fine,AP36X    4445,P.V,Animals affected,0
13.04.2018,2:20 PM,1280.2,RHS,Rural,Singarayakonda,Overturning,,Truck,Non injury,Fault of driver of motor vehicle/driver of other vehicle/cyclist/pedestrian/passenger,Two lanes,Straight road,Four arm junction,Fine,TN30AU 9191,P.V,Fatal,0
13.04.2018,2:20 PM,1280.2,RHS,Rural,Singarayakonda,Overturning,,Truck,Non injury,Fault of driver of motor vehicle/driver of other vehicle/cyclist/pedestrian/passenger,Two lanes,Straight road,Four arm junction,Fine,TN30AU 9191,P.V,Grevious,0
13.04.2018,2:20 PM,1280.2,RHS,Rural,Singarayakonda,Overturning,,Truck,Non injury,Fault of driver of motor vehicle/driver of other vehicle/cyclist/pedestrian/passenger,Two lanes,Straight road,Four arm junction,Fine,TN30AU 9191,P.V,Minor,0
13.04.2018,2:20 PM,1280.2,RHS,Rural,Singarayakonda,Overturning,,Truck,Non injury,Fault of driver of motor vehicle/driver of other vehicle/cyclist/pedestrian/passenger,Two lanes,Straight road,Four arm junction,Fine,TN30AU 9191,P.V,Non injured,1
13.04.2018,2:20 PM,1280.2,RHS,Rural,Singarayakonda,Overturning,,Truck,Non injury,Fault of driver of motor vehicle/driver of other vehicle/cyclist/pedestrian/passenger,Two lanes,Straight road,Four arm junction,Fine,TN30AU 9191,P.V,Animals affected,0