Operational date,Time of Accident,KM && M,Position,Rural/Urban,Location,Nature of Accident Position,Nature of Accident,Vehicle Involved,Type of Accident,Causes,Road Feature,Road condition,Intersection Type And Control,Weather Condition,Vehicle Responsible,Help Provided by Ambulance/Patroling Vehicle,Classification of Accident,No of Affected Persons
13.04.2018,9:20 PM,1272.8,RHS,Rural,Jarugumalli,Collision Brush/Side Wipe,,Unknown vehicle,Grievious injury,Over speed,Four lanes or more with central divider,Straight road,,Fine,Unknown Vehicle,P.V& A.M.B,Fatal,0
13.04.2018,9:20 PM,1272.8,RHS,Rural,Jarugumalli,Collision Brush/Side Wipe,,Unknown vehicle,Grievious injury,Over speed,Four lanes or more with central divider,Straight road,,Fine,Unknown Vehicle,P.V& A.M.B,Grevious,1
13.04.2018,9:20 PM,1272.8,RHS,Rural,Jarugumalli,Collision Brush/Side Wipe,,Unknown vehicle,Grievious injury,Over speed,Four lanes or more with central divider,Straight road,,Fine,Unknown Vehicle,P.V& A.M.B,Minor,0
13.04.2018,9:20 PM,1272.8,RHS,Rural,Jarugumalli,Collision Brush/Side Wipe,,Unknown vehicle,Grievious injury,Over speed,Four lanes or more with central divider,Straight road,,Fine,Unknown Vehicle,P.V& A.M.B,Non injured,0
13.04.2018,9:20 PM,1272.8,RHS,Rural,Jarugumalli,Collision Brush/Side Wipe,,Unknown vehicle,Grievious injury,Over speed,Four lanes or more with central divider,Straight road,,Fine,Unknown Vehicle,P.V& A.M.B,Animals affected,0
14.04.2018,4:40 AM,1242.3,RHS,Rural,Ongole,Collision Brush/Side Wipe,,Truck,Non injury,Over speed,Four lanes or more with central divider,Straight road,,Fine,AP16TV   0244,P.V,Fatal,0
14.04.2018,4:40 AM,1242.3,RHS,Rural,Ongole,Collision Brush/Side Wipe,,Truck,Non injury,Over speed,Four lanes or more with central divider,Straight road,,Fine,AP16TV   0244,P.V,Grevious,0
14.04.2018,4:40 AM,1242.3,RHS,Rural,Ongole,Collision Brush/Side Wipe,,Truck,Non injury,Over speed,Four lanes or more with central divider,Straight road,,Fine,AP16TV   0244,P.V,Minor,0
14.04.2018,4:40 AM,1242.3,RHS,Rural,Ongole,Collision Brush/Side Wipe,,Truck,Non injury,Over speed,Four lanes or more with central divider,Straight road,,Fine,AP16TV   0244,P.V,Non injured,2
14.04.2018,4:40 AM,1242.3,RHS,Rural,Ongole,Collision Brush/Side Wipe,,Truck,Non injury,Over speed,Four lanes or more with central divider,Straight road,,Fine,AP16TV   0244,P.V,Animals affected,0
14.04.2018,5:00 AM,1239.5,RHS,Rural,Ongole,Collision Brush/Side Wipe,,Car,Minor injury,Over speed,Four lanes or more with central divider,Straight road,,Fine,AP26BJ   3668,P.V,Fatal,0
14.04.2018,5:00 AM,1239.5,RHS,Rural,Ongole,Collision Brush/Side Wipe,,Car,Minor injury,Over speed,Four lanes or more with central divider,Straight road,,Fine,AP26BJ   3668,P.V,Grevious,0
14.04.2018,5:00 AM,1239.5,RHS,Rural,Ongole,Collision Brush/Side Wipe,,Car,Minor injury,Over speed,Four lanes or more with central divider,Straight road,,Fine,AP26BJ   3668,P.V,Minor,1
14.04.2018,5:00 AM,1239.5,RHS,Rural,Ongole,Collision Brush/Side Wipe,,Car,Minor injury,Over speed,Four lanes or more with central divider,Straight road,,Fine,AP26BJ   3668,P.V,Non injured,5
14.04.2018,5:00 AM,1239.5,RHS,Rural,Ongole,Collision Brush/Side Wipe,,Car,Minor injury,Over speed,Four lanes or more with central divider,Straight road,,Fine,AP26BJ   3668,P.V,Animals affected,0
14.04.2018,6:50 AM,1244.7,RHS,Rural,Ongole,Collision Brush/Side Wipe,,Truck,Minor injury,Over speed,Four lanes or more with central divider,Straight road,,Fine,AP07TT    8889,P.V,Fatal,0
14.04.2018,6:50 AM,1244.7,RHS,Rural,Ongole,Collision Brush/Side Wipe,,Truck,Minor injury,Over speed,Four lanes or more with central divider,Straight road,,Fine,AP07TT    8889,P.V,Grevious,0
14.04.2018,6:50 AM,1244.7,RHS,Rural,Ongole,Collision Brush/Side Wipe,,Truck,Minor injury,Over speed,Four lanes or more with central divider,Straight road,,Fine,AP07TT    8889,P.V,Minor,1
14.04.2018,6:50 AM,1244.7,RHS,Rural,Ongole,Collision Brush/Side Wipe,,Truck,Minor injury,Over speed,Four lanes or more with central divider,Straight road,,Fine,AP07TT    8889,P.V,Non injured,1
14.04.2018,6:50 AM,1244.7,RHS,Rural,Ongole,Collision Brush/Side Wipe,,Truck,Minor injury,Over speed,Four lanes or more with central divider,Straight road,,Fine,AP07TT    8889,P.V,Animals affected,0
14.04.2018,7:55 AM,1354.1,RHS,Rural,Kodavaluru,Collision Brush/Side Wipe,,Tractor,Grievious injury,Over speed,Four lanes or more with central divider,Straight road,,Fine,TS04EP   0078,P.V& A.M.B,Fatal,0
14.04.2018,7:55 AM,1354.1,RHS,Rural,Kodavaluru,Collision Brush/Side Wipe,,Tractor,Grievious injury,Over speed,Four lanes or more with central divider,Straight road,,Fine,TS04EP   0078,P.V& A.M.B,Grevious,1
14.04.2018,7:55 AM,1354.1,RHS,Rural,Kodavaluru,Collision Brush/Side Wipe,,Tractor,Grievious injury,Over speed,Four lanes or more with central divider,Straight road,,Fine,TS04EP   0078,P.V& A.M.B,Minor,0
14.04.2018,7:55 AM,1354.1,RHS,Rural,Kodavaluru,Collision Brush/Side Wipe,,Tractor,Grievious injury,Over speed,Four lanes or more with central divider,Straight road,,Fine,TS04EP   0078,P.V& A.M.B,Non injured,2
14.04.2018,7:55 AM,1354.1,RHS,Rural,Kodavaluru,Collision Brush/Side Wipe,,Tractor,Grievious injury,Over speed,Four lanes or more with central divider,Straight road,,Fine,TS04EP   0078,P.V& A.M.B,Animals affected,0
14.04.2018,6:05 PM,1341.8,RHS,Rural,Dagadarthi,Overturning,,LCV,Non injury,Over speed,Four lanes or more with central divider,Straight road,,Fine,AP37TD   0364,P.V,Fatal,0
14.04.2018,6:05 PM,1341.8,RHS,Rural,Dagadarthi,Overturning,,LCV,Non injury,Over speed,Four lanes or more with central divider,Straight road,,Fine,AP37TD   0364,P.V,Grevious,0
14.04.2018,6:05 PM,1341.8,RHS,Rural,Dagadarthi,Overturning,,LCV,Non injury,Over speed,Four lanes or more with central divider,Straight road,,Fine,AP37TD   0364,P.V,Minor,0
14.04.2018,6:05 PM,1341.8,RHS,Rural,Dagadarthi,Overturning,,LCV,Non injury,Over speed,Four lanes or more with central divider,Straight road,,Fine,AP37TD   0364,P.V,Non injured,2
14.04.2018,6:05 PM,1341.8,RHS,Rural,Dagadarthi,Overturning,,LCV,Non injury,Over speed,Four lanes or more with central divider,Straight road,,Fine,AP37TD   0364,P.V,Animals affected,0
15.04.2018,3:10 AM,1297.1,RHS,Rural,Gudluru,Rear End Collision,,Container,Minor injury,Fault of driver of motor vehicle/driver of other vehicle/cyclist/pedestrian/passenger,Four lanes or more with central divider,Straight road,,Fine,AP37TD   8313,P.V,Fatal,0
15.04.2018,3:10 AM,1297.1,RHS,Rural,Gudluru,Rear End Collision,,Container,Minor injury,Fault of driver of motor vehicle/driver of other vehicle/cyclist/pedestrian/passenger,Four lanes or more with central divider,Straight road,,Fine,AP37TD   8313,P.V,Grevious,0
15.04.2018,3:10 AM,1297.1,RHS,Rural,Gudluru,Rear End Collision,,Container,Minor injury,Fault of driver of motor vehicle/driver of other vehicle/cyclist/pedestrian/passenger,Four lanes or more with central divider,Straight road,,Fine,AP37TD   8313,P.V,Minor,1
15.04.2018,3:10 AM,1297.1,RHS,Rural,Gudluru,Rear End Collision,,Container,Minor injury,Fault of driver of motor vehicle/driver of other vehicle/cyclist/pedestrian/passenger,Four lanes or more with central divider,Straight road,,Fine,AP37TD   8313,P.V,Non injured,1
15.04.2018,3:10 AM,1297.1,RHS,Rural,Gudluru,Rear End Collision,,Container,Minor injury,Fault of driver of motor vehicle/driver of other vehicle/cyclist/pedestrian/passenger,Four lanes or more with central divider,Straight road,,Fine,AP37TD   8313,P.V,Animals affected,0
15.04.2018,8:40 PM,1297.7,RHS,Rural,Gudluru,Overturning,,Tractor,Minor injury,Fault of driver of motor vehicle/driver of other vehicle/cyclist/pedestrian/passenger,Four lanes or more with central divider,Straight road,,Fine,AP07A   7372,P.V,Fatal,0
15.04.2018,8:40 PM,1297.7,RHS,Rural,Gudluru,Overturning,,Tractor,Minor injury,Fault of driver of motor vehicle/driver of other vehicle/cyclist/pedestrian/passenger,Four lanes or more with central divider,Straight road,,Fine,AP07A   7372,P.V,Grevious,0
15.04.2018,8:40 PM,1297.7,RHS,Rural,Gudluru,Overturning,,Tractor,Minor injury,Fault of driver of motor vehicle/driver of other vehicle/cyclist/pedestrian/passenger,Four lanes or more with central divider,Straight road,,Fine,AP07A   7372,P.V,Minor,1
15.04.2018,8:40 PM,1297.7,RHS,Rural,Gudluru,Overturning,,Tractor,Minor injury,Fault of driver of motor vehicle/driver of other vehicle/cyclist/pedestrian/passenger,Four lanes or more with central divider,Straight road,,Fine,AP07A   7372,P.V,Non injured,0
15.04.2018,8:40 PM,1297.7,RHS,Rural,Gudluru,Overturning,,Tractor,Minor injury,Fault of driver of motor vehicle/driver of other vehicle/cyclist/pedestrian/passenger,Four lanes or more with central divider,Straight road,,Fine,AP07A   7372,P.V,Animals affected,0
17.04.2018,3:30 AM,1234.3,RHS,Rural,Maddipadu,Collision Brush/Side Wipe,,Car,Grievious injury,Fault of driver of motor vehicle/driver of other vehicle/cyclist/pedestrian/passenger,Four lanes or more with central divider,Straight road,,Fine,AP26BQ   4376,P.V,Fatal,0
17.04.2018,3:30 AM,1234.3,RHS,Rural,Maddipadu,Collision Brush/Side Wipe,,Car,Grievious injury,Fault of driver of motor vehicle/driver of other vehicle/cyclist/pedestrian/passenger,Four lanes or more with central divider,Straight road,,Fine,AP26BQ   4376,P.V,Grevious,1
17.04.2018,3:30 AM,1234.3,RHS,Rural,Maddipadu,Collision Brush/Side Wipe,,Car,Grievious injury,Fault of driver of motor vehicle/driver of other vehicle/cyclist/pedestrian/passenger,Four lanes or more with central divider,Straight road,,Fine,AP26BQ   4376,P.V,Minor,0
17.04.2018,3:30 AM,1234.3,RHS,Rural,Maddipadu,Collision Brush/Side Wipe,,Car,Grievious injury,Fault of driver of motor vehicle/driver of other vehicle/cyclist/pedestrian/passenger,Four lanes or more with central divider,Straight road,,Fine,AP26BQ   4376,P.V,Non injured,1
17.04.2018,3:30 AM,1234.3,RHS,Rural,Maddipadu,Collision Brush/Side Wipe,,Car,Grievious injury,Fault of driver of motor vehicle/driver of other vehicle/cyclist/pedestrian/passenger,Four lanes or more with central divider,Straight road,,Fine,AP26BQ   4376,P.V,Animals affected,0
17.04.2018,9:15 AM,1201,RHS,Rural,Reningavaram,Head on collision,,Auto,Minor injury,Fault of driver of motor vehicle/driver of other vehicle/cyclist/pedestrian/passenger,Four lanes or more with central divider,Straight road,,Fine,AP26TC   9376,A.M.B & P.V,Fatal,0
17.04.2018,9:15 AM,1201,RHS,Rural,Reningavaram,Head on collision,,Auto,Minor injury,Fault of driver of motor vehicle/driver of other vehicle/cyclist/pedestrian/passenger,Four lanes or more with central divider,Straight road,,Fine,AP26TC   9376,A.M.B & P.V,Grevious,0
17.04.2018,9:15 AM,1201,RHS,Rural,Reningavaram,Head on collision,,Auto,Minor injury,Fault of driver of motor vehicle/driver of other vehicle/cyclist/pedestrian/passenger,Four lanes or more with central divider,Straight road,,Fine,AP26TC   9376,A.M.B & P.V,Minor,1
17.04.2018,9:15 AM,1201,RHS,Rural,Reningavaram,Head on collision,,Auto,Minor injury,Fault of driver of motor vehicle/driver of other vehicle/cyclist/pedestrian/passenger,Four lanes or more with central divider,Straight road,,Fine,AP26TC   9376,A.M.B & P.V,Non injured,2
17.04.2018,9:15 AM,1201,RHS,Rural,Reningavaram,Head on collision,,Auto,Minor injury,Fault of driver of motor vehicle/driver of other vehicle/cyclist/pedestrian/passenger,Four lanes or more with central divider,Straight road,,Fine,AP26TC   9376,A.M.B & P.V,Animals affected,0
19.04.2018,5:10 AM,1223.8,RHS,Rural,Medarametla,Rear End Collision,,Trailler,Minor injury,Fault of driver of motor vehicle/driver of other vehicle/cyclist/pedestrian/passenger,Four lanes or more with central divider,Straight road,,Fine,AP16TA   0227,P.V,Fatal,0
19.04.2018,5:10 AM,1223.8,RHS,Rural,Medarametla,Rear End Collision,,Trailler,Minor injury,Fault of driver of motor vehicle/driver of other vehicle/cyclist/pedestrian/passenger,Four lanes or more with central divider,Straight road,,Fine,AP16TA   0227,P.V,Grevious,0
19.04.2018,5:10 AM,1223.8,RHS,Rural,Medarametla,Rear End Collision,,Trailler,Minor injury,Fault of driver of motor vehicle/driver of other vehicle/cyclist/pedestrian/passenger,Four lanes or more with central divider,Straight road,,Fine,AP16TA   0227,P.V,Minor,2
19.04.2018,5:10 AM,1223.8,RHS,Rural,Medarametla,Rear End Collision,,Trailler,Minor injury,Fault of driver of motor vehicle/driver of other vehicle/cyclist/pedestrian/passenger,Four lanes or more with central divider,Straight road,,Fine,AP16TA   0227,P.V,Non injured,2
19.04.2018,5:10 AM,1223.8,RHS,Rural,Medarametla,Rear End Collision,,Trailler,Minor injury,Fault of driver of motor vehicle/driver of other vehicle/cyclist/pedestrian/passenger,Four lanes or more with central divider,Straight road,,Fine,AP16TA   0227,P.V,Animals affected,0
19.04.2018,7:10 AM,1249.1,RHS,Rural,Ongole,Overturning,,Truck,Non injury,Fault of driver of motor vehicle/driver of other vehicle/cyclist/pedestrian/passenger,Four lanes or more with central divider,Straight road,,Fine,AP03TE   4757,P.V,Fatal,0
19.04.2018,7:10 AM,1249.1,RHS,Rural,Ongole,Overturning,,Truck,Non injury,Fault of driver of motor vehicle/driver of other vehicle/cyclist/pedestrian/passenger,Four lanes or more with central divider,Straight road,,Fine,AP03TE   4757,P.V,Grevious,0
19.04.2018,7:10 AM,1249.1,RHS,Rural,Ongole,Overturning,,Truck,Non injury,Fault of driver of motor vehicle/driver of other vehicle/cyclist/pedestrian/passenger,Four lanes or more with central divider,Straight road,,Fine,AP03TE   4757,P.V,Minor,0
19.04.2018,7:10 AM,1249.1,RHS,Rural,Ongole,Overturning,,Truck,Non injury,Fault of driver of motor vehicle/driver of other vehicle/cyclist/pedestrian/passenger,Four lanes or more with central divider,Straight road,,Fine,AP03TE   4757,P.V,Non injured,1
19.04.2018,7:10 AM,1249.1,RHS,Rural,Ongole,Overturning,,Truck,Non injury,Fault of driver of motor vehicle/driver of other vehicle/cyclist/pedestrian/passenger,Four lanes or more with central divider,Straight road,,Fine,AP03TE   4757,P.V,Animals affected,0
19.04.2018,10:58 AM,1199.9,RHS,Rural,Reningavaram,Collision Brush/Side Wipe,,Bike,Grievious injury,Fault of driver of motor vehicle/driver of other vehicle/cyclist/pedestrian/passenger,Two lanes,Straight road,,Fine,AP27AD 6748,AMB,Fatal,0
19.04.2018,10:58 AM,1199.9,RHS,Rural,Reningavaram,Collision Brush/Side Wipe,,Bike,Grievious injury,Fault of driver of motor vehicle/driver of other vehicle/cyclist/pedestrian/passenger,Two lanes,Straight road,,Fine,AP27AD 6748,AMB,Grevious,1
19.04.2018,10:58 AM,1199.9,RHS,Rural,Reningavaram,Collision Brush/Side Wipe,,Bike,Grievious injury,Fault of driver of motor vehicle/driver of other vehicle/cyclist/pedestrian/passenger,Two lanes,Straight road,,Fine,AP27AD 6748,AMB,Minor,0
19.04.2018,10:58 AM,1199.9,RHS,Rural,Reningavaram,Collision Brush/Side Wipe,,Bike,Grievious injury,Fault of driver of motor vehicle/driver of other vehicle/cyclist/pedestrian/passenger,Two lanes,Straight road,,Fine,AP27AD 6748,AMB,Non injured,2
19.04.2018,10:58 AM,1199.9,RHS,Rural,Reningavaram,Collision Brush/Side Wipe,,Bike,Grievious injury,Fault of driver of motor vehicle/driver of other vehicle/cyclist/pedestrian/passenger,Two lanes,Straight road,,Fine,AP27AD 6748,AMB,Animals affected,0
20.04.2018,1:05 AM,1261.6,RHS,Rural,Tangutur,Overturning,,Truck,Non injury,Over speed,Four lanes or more with central divider,Straight road,,Fine,TN03V    3918,P.V,Fatal,0
20.04.2018,1:05 AM,1261.6,RHS,Rural,Tangutur,Overturning,,Truck,Non injury,Over speed,Four lanes or more with central divider,Straight road,,Fine,TN03V    3918,P.V,Grevious,0
20.04.2018,1:05 AM,1261.6,RHS,Rural,Tangutur,Overturning,,Truck,Non injury,Over speed,Four lanes or more with central divider,Straight road,,Fine,TN03V    3918,P.V,Minor,0
20.04.2018,1:05 AM,1261.6,RHS,Rural,Tangutur,Overturning,,Truck,Non injury,Over speed,Four lanes or more with central divider,Straight road,,Fine,TN03V    3918,P.V,Non injured,1
20.04.2018,1:05 AM,1261.6,RHS,Rural,Tangutur,Overturning,,Truck,Non injury,Over speed,Four lanes or more with central divider,Straight road,,Fine,TN03V    3918,P.V,Animals affected,0
21.04.2018,5:00 AM,1243.4,RHS,Rural,Ongole,Overturning,,Truck,Non injury,Fault of driver of motor vehicle/driver of other vehicle/cyclist/pedestrian/passenger,Four lanes or more with central divider,Straight road,,Fine,TN52H   4226  ,P.V,Fatal,0
21.04.2018,5:00 AM,1243.4,RHS,Rural,Ongole,Overturning,,Truck,Non injury,Fault of driver of motor vehicle/driver of other vehicle/cyclist/pedestrian/passenger,Four lanes or more with central divider,Straight road,,Fine,TN52H   4226  ,P.V,Grevious,0
21.04.2018,5:00 AM,1243.4,RHS,Rural,Ongole,Overturning,,Truck,Non injury,Fault of driver of motor vehicle/driver of other vehicle/cyclist/pedestrian/passenger,Four lanes or more with central divider,Straight road,,Fine,TN52H   4226  ,P.V,Minor,0
21.04.2018,5:00 AM,1243.4,RHS,Rural,Ongole,Overturning,,Truck,Non injury,Fault of driver of motor vehicle/driver of other vehicle/cyclist/pedestrian/passenger,Four lanes or more with central divider,Straight road,,Fine,TN52H   4226  ,P.V,Non injured,1
21.04.2018,5:00 AM,1243.4,RHS,Rural,Ongole,Overturning,,Truck,Non injury,Fault of driver of motor vehicle/driver of other vehicle/cyclist/pedestrian/passenger,Four lanes or more with central divider,Straight road,,Fine,TN52H   4226  ,P.V,Animals affected,0
21.04.2018,12:55 PM,1262.1,RHS,Rural,Tangutur,Rear End Collision,,Container,Grievious injury,Fault of driver of motor vehicle/driver of other vehicle/cyclist/pedestrian/passenger,Four lanes or more with central divider,Straight road,,Fine,WB73P  9885,A.M.B & P.V,Fatal,0
21.04.2018,12:55 PM,1262.1,RHS,Rural,Tangutur,Rear End Collision,,Container,Grievious injury,Fault of driver of motor vehicle/driver of other vehicle/cyclist/pedestrian/passenger,Four lanes or more with central divider,Straight road,,Fine,WB73P  9885,A.M.B & P.V,Grevious,3
21.04.2018,12:55 PM,1262.1,RHS,Rural,Tangutur,Rear End Collision,,Container,Grievious injury,Fault of driver of motor vehicle/driver of other vehicle/cyclist/pedestrian/passenger,Four lanes or more with central divider,Straight road,,Fine,WB73P  9885,A.M.B & P.V,Minor,4
21.04.2018,12:55 PM,1262.1,RHS,Rural,Tangutur,Rear End Collision,,Container,Grievious injury,Fault of driver of motor vehicle/driver of other vehicle/cyclist/pedestrian/passenger,Four lanes or more with central divider,Straight road,,Fine,WB73P  9885,A.M.B & P.V,Non injured,2
21.04.2018,12:55 PM,1262.1,RHS,Rural,Tangutur,Rear End Collision,,Container,Grievious injury,Fault of driver of motor vehicle/driver of other vehicle/cyclist/pedestrian/passenger,Four lanes or more with central divider,Straight road,,Fine,WB73P  9885,A.M.B & P.V,Animals affected,0
21.04.2018,3:30 PM,1257,RHS,Rural,Tangutur,Collision Brush/Side Wipe,,Bike,Minor injury,Fault of driver of motor vehicle/driver of other vehicle/cyclist/pedestrian/passenger,Four lanes or more with central divider,Straight road,,Fine,AP27AX 1210,A.M.B,Fatal,0
21.04.2018,3:30 PM,1257,RHS,Rural,Tangutur,Collision Brush/Side Wipe,,Bike,Minor injury,Fault of driver of motor vehicle/driver of other vehicle/cyclist/pedestrian/passenger,Four lanes or more with central divider,Straight road,,Fine,AP27AX 1210,A.M.B,Grevious,0
21.04.2018,3:30 PM,1257,RHS,Rural,Tangutur,Collision Brush/Side Wipe,,Bike,Minor injury,Fault of driver of motor vehicle/driver of other vehicle/cyclist/pedestrian/passenger,Four lanes or more with central divider,Straight road,,Fine,AP27AX 1210,A.M.B,Minor,1
21.04.2018,3:30 PM,1257,RHS,Rural,Tangutur,Collision Brush/Side Wipe,,Bike,Minor injury,Fault of driver of motor vehicle/driver of other vehicle/cyclist/pedestrian/passenger,Four lanes or more with central divider,Straight road,,Fine,AP27AX 1210,A.M.B,Non injured,1
21.04.2018,3:30 PM,1257,RHS,Rural,Tangutur,Collision Brush/Side Wipe,,Bike,Minor injury,Fault of driver of motor vehicle/driver of other vehicle/cyclist/pedestrian/passenger,Four lanes or more with central divider,Straight road,,Fine,AP27AX 1210,A.M.B,Animals affected,0
21.04.2018,5:10 PM,1199.5,RHS,Rural,Martur,Collision Brush/Side Wipe,,Car,Minor injury,Over speed,Four lanes or more with central divider,Straight road,,Fine,  Car Number Unknown,A.M.B,Fatal,0
21.04.2018,5:10 PM,1199.5,RHS,Rural,Martur,Collision Brush/Side Wipe,,Car,Minor injury,Over speed,Four lanes or more with central divider,Straight road,,Fine,  Car Number Unknown,A.M.B,Grevious,0
21.04.2018,5:10 PM,1199.5,RHS,Rural,Martur,Collision Brush/Side Wipe,,Car,Minor injury,Over speed,Four lanes or more with central divider,Straight road,,Fine,  Car Number Unknown,A.M.B,Minor,1
21.04.2018,5:10 PM,1199.5,RHS,Rural,Martur,Collision Brush/Side Wipe,,Car,Minor injury,Over speed,Four lanes or more with central divider,Straight road,,Fine,  Car Number Unknown,A.M.B,Non injured,0
21.04.2018,5:10 PM,1199.5,RHS,Rural,Martur,Collision Brush/Side Wipe,,Car,Minor injury,Over speed,Four lanes or more with central divider,Straight road,,Fine,  Car Number Unknown,A.M.B,Animals affected,0
21.04.2018,9:02 PM,1185.2,RHS,Rural,Martur,Collision Brush/Side Wipe,,Bus,Grievious injury,Over speed,Four lanes or more with central divider,Straight road,,Fine,KA01 AC 9462,P.V,Fatal,0
21.04.2018,9:02 PM,1185.2,RHS,Rural,Martur,Collision Brush/Side Wipe,,Bus,Grievious injury,Over speed,Four lanes or more with central divider,Straight road,,Fine,KA01 AC 9462,P.V,Grevious,1
21.04.2018,9:02 PM,1185.2,RHS,Rural,Martur,Collision Brush/Side Wipe,,Bus,Grievious injury,Over speed,Four lanes or more with central divider,Straight road,,Fine,KA01 AC 9462,P.V,Minor,1
21.04.2018,9:02 PM,1185.2,RHS,Rural,Martur,Collision Brush/Side Wipe,,Bus,Grievious injury,Over speed,Four lanes or more with central divider,Straight road,,Fine,KA01 AC 9462,P.V,Non injured,1
21.04.2018,9:02 PM,1185.2,RHS,Rural,Martur,Collision Brush/Side Wipe,,Bus,Grievious injury,Over speed,Four lanes or more with central divider,Straight road,,Fine,KA01 AC 9462,P.V,Animals affected,0
22.04.2018,3:20 AM,1243.7,RHS,Rural,Ongole,Rear End Collision,,Truck,Non injury,Over speed,Four lanes or more with central divider,Straight road,,Fine,AP29TB 7527,P.V,Fatal,0
22.04.2018,3:20 AM,1243.7,RHS,Rural,Ongole,Rear End Collision,,Truck,Non injury,Over speed,Four lanes or more with central divider,Straight road,,Fine,AP29TB 7527,P.V,Grevious,0
22.04.2018,3:20 AM,1243.7,RHS,Rural,Ongole,Rear End Collision,,Truck,Non injury,Over speed,Four lanes or more with central divider,Straight road,,Fine,AP29TB 7527,P.V,Minor,0
22.04.2018,3:20 AM,1243.7,RHS,Rural,Ongole,Rear End Collision,,Truck,Non injury,Over speed,Four lanes or more with central divider,Straight road,,Fine,AP29TB 7527,P.V,Non injured,1
22.04.2018,3:20 AM,1243.7,RHS,Rural,Ongole,Rear End Collision,,Truck,Non injury,Over speed,Four lanes or more with central divider,Straight road,,Fine,AP29TB 7527,P.V,Animals affected,0
22.04.2018,6:40 AM,1261.6,RHS,Rural,Tangutur,Collision Brush/Side Wipe,,Truck,Non injury,Fault of driver of motor vehicle/driver of other vehicle/cyclist/pedestrian/passenger,Four lanes or more with central divider,Straight road,,Fine,AP16TV  2205,P.V,Fatal,0
22.04.2018,6:40 AM,1261.6,RHS,Rural,Tangutur,Collision Brush/Side Wipe,,Truck,Non injury,Fault of driver of motor vehicle/driver of other vehicle/cyclist/pedestrian/passenger,Four lanes or more with central divider,Straight road,,Fine,AP16TV  2205,P.V,Grevious,0
22.04.2018,6:40 AM,1261.6,RHS,Rural,Tangutur,Collision Brush/Side Wipe,,Truck,Non injury,Fault of driver of motor vehicle/driver of other vehicle/cyclist/pedestrian/passenger,Four lanes or more with central divider,Straight road,,Fine,AP16TV  2205,P.V,Minor,0
22.04.2018,6:40 AM,1261.6,RHS,Rural,Tangutur,Collision Brush/Side Wipe,,Truck,Non injury,Fault of driver of motor vehicle/driver of other vehicle/cyclist/pedestrian/passenger,Four lanes or more with central divider,Straight road,,Fine,AP16TV  2205,P.V,Non injured,1
22.04.2018,6:40 AM,1261.6,RHS,Rural,Tangutur,Collision Brush/Side Wipe,,Truck,Non injury,Fault of driver of motor vehicle/driver of other vehicle/cyclist/pedestrian/passenger,Four lanes or more with central divider,Straight road,,Fine,AP16TV  2205,P.V,Animals affected,0
22.04.2018,11:55 AM,1361.5,RHS,Rural,Kodavaluru,Collision Brush/Side Wipe,,Trailler,Minor injury,Over speed,Four lanes or more with central divider,Straight road,,Fine,AP37TB 6493,P.V,Fatal,0
22.04.2018,11:55 AM,1361.5,RHS,Rural,Kodavaluru,Collision Brush/Side Wipe,,Trailler,Minor injury,Over speed,Four lanes or more with central divider,Straight road,,Fine,AP37TB 6493,P.V,Grevious,0
22.04.2018,11:55 AM,1361.5,RHS,Rural,Kodavaluru,Collision Brush/Side Wipe,,Trailler,Minor injury,Over speed,Four lanes or more with central divider,Straight road,,Fine,AP37TB 6493,P.V,Minor,1
22.04.2018,11:55 AM,1361.5,RHS,Rural,Kodavaluru,Collision Brush/Side Wipe,,Trailler,Minor injury,Over speed,Four lanes or more with central divider,Straight road,,Fine,AP37TB 6493,P.V,Non injured,3
22.04.2018,11:55 AM,1361.5,RHS,Rural,Kodavaluru,Collision Brush/Side Wipe,,Trailler,Minor injury,Over speed,Four lanes or more with central divider,Straight road,,Fine,AP37TB 6493,P.V,Animals affected,0
22.04.2018,2:45 PM,1195.8,RHS,Rural,Martur,Collision Brush/Side Wipe,,Unknown vehicle,Minor injury,Fault of driver of motor vehicle/driver of other vehicle/cyclist/pedestrian/passenger,Four lanes or more with central divider,Straight road,,Fine,Unknown Vehicle,A.M.B& P.V,Fatal,0
22.04.2018,2:45 PM,1195.8,RHS,Rural,Martur,Collision Brush/Side Wipe,,Unknown vehicle,Minor injury,Fault of driver of motor vehicle/driver of other vehicle/cyclist/pedestrian/passenger,Four lanes or more with central divider,Straight road,,Fine,Unknown Vehicle,A.M.B& P.V,Grevious,0
22.04.2018,2:45 PM,1195.8,RHS,Rural,Martur,Collision Brush/Side Wipe,,Unknown vehicle,Minor injury,Fault of driver of motor vehicle/driver of other vehicle/cyclist/pedestrian/passenger,Four lanes or more with central divider,Straight road,,Fine,Unknown Vehicle,A.M.B& P.V,Minor,2
22.04.2018,2:45 PM,1195.8,RHS,Rural,Martur,Collision Brush/Side Wipe,,Unknown vehicle,Minor injury,Fault of driver of motor vehicle/driver of other vehicle/cyclist/pedestrian/passenger,Four lanes or more with central divider,Straight road,,Fine,Unknown Vehicle,A.M.B& P.V,Non injured,0
22.04.2018,2:45 PM,1195.8,RHS,Rural,Martur,Collision Brush/Side Wipe,,Unknown vehicle,Minor injury,Fault of driver of motor vehicle/driver of other vehicle/cyclist/pedestrian/passenger,Four lanes or more with central divider,Straight road,,Fine,Unknown Vehicle,A.M.B& P.V,Animals affected,0