Operational date,Time of Accident,KM && M,Position,Rural/Urban,Location,Nature of Accident Position,Nature of Accident,Vehicle Involved,Type of Accident,Causes,Road Feature,Road condition,Intersection Type And Control,Weather Condition,Vehicle Responsible,Help Provided by Ambulance/Patroling Vehicle,Classification of Accident,No of Affected Persons
22.04.2018,8:13 PM,1200,RHS,Rural,Martur,Collision Brush/Side Wipe,,Bike,Minor injury,Druken,Four lanes or more with central divider,Straight road,,Fine,AP27BN 7703,A.M.B& P.V,Fatal,0
22.04.2018,8:13 PM,1200,RHS,Rural,Martur,Collision Brush/Side Wipe,,Bike,Minor injury,Druken,Four lanes or more with central divider,Straight road,,Fine,AP27BN 7703,A.M.B& P.V,Grevious,0
22.04.2018,8:13 PM,1200,RHS,Rural,Martur,Collision Brush/Side Wipe,,Bike,Minor injury,Druken,Four lanes or more with central divider,Straight road,,Fine,AP27BN 7703,A.M.B& P.V,Minor,1
22.04.2018,8:13 PM,1200,RHS,Rural,Martur,Collision Brush/Side Wipe,,Bike,Minor injury,Druken,Four lanes or more with central divider,Straight road,,Fine,AP27BN 7703,A.M.B& P.V,Non injured,1
22.04.2018,8:13 PM,1200,RHS,Rural,Martur,Collision Brush/Side Wipe,,Bike,Minor injury,Druken,Four lanes or more with central divider,Straight road,,Fine,AP27BN 7703,A.M.B& P.V,Animals affected,0
22.04.2018,11:05 PM,1261.6,RHS,Rural,Tangutur,Collision Brush/Side Wipe,,Truck,Non injury,Fault of driver of motor vehicle/driver of other vehicle/cyclist/pedestrian/passenger,Four lanes or more with central divider,Straight road,,Fine,AP31TA 5569,P.V,Fatal,0
22.04.2018,11:05 PM,1261.6,RHS,Rural,Tangutur,Collision Brush/Side Wipe,,Truck,Non injury,Fault of driver of motor vehicle/driver of other vehicle/cyclist/pedestrian/passenger,Four lanes or more with central divider,Straight road,,Fine,AP31TA 5569,P.V,Grevious,0
22.04.2018,11:05 PM,1261.6,RHS,Rural,Tangutur,Collision Brush/Side Wipe,,Truck,Non injury,Fault of driver of motor vehicle/driver of other vehicle/cyclist/pedestrian/passenger,Four lanes or more with central divider,Straight road,,Fine,AP31TA 5569,P.V,Minor,0
22.04.2018,11:05 PM,1261.6,RHS,Rural,Tangutur,Collision Brush/Side Wipe,,Truck,Non injury,Fault of driver of motor vehicle/driver of other vehicle/cyclist/pedestrian/passenger,Four lanes or more with central divider,Straight road,,Fine,AP31TA 5569,P.V,Non injured,1
22.04.2018,11:05 PM,1261.6,RHS,Rural,Tangutur,Collision Brush/Side Wipe,,Truck,Non injury,Fault of driver of motor vehicle/driver of other vehicle/cyclist/pedestrian/passenger,Four lanes or more with central divider,Straight road,,Fine,AP31TA 5569,P.V,Animals affected,0
23.04.2018,2:45 AM,1189.6,RHS,Rural,Martur,Rear End Collision,,Trailler,Non injury,Fault of driver of motor vehicle/driver of other vehicle/cyclist/pedestrian/passenger,Four lanes or more with central divider,Straight road,,Fine,AP16TD   0297,P.V,Fatal,0
23.04.2018,2:45 AM,1189.6,RHS,Rural,Martur,Rear End Collision,,Trailler,Non injury,Fault of driver of motor vehicle/driver of other vehicle/cyclist/pedestrian/passenger,Four lanes or more with central divider,Straight road,,Fine,AP16TD   0297,P.V,Grevious,0
23.04.2018,2:45 AM,1189.6,RHS,Rural,Martur,Rear End Collision,,Trailler,Non injury,Fault of driver of motor vehicle/driver of other vehicle/cyclist/pedestrian/passenger,Four lanes or more with central divider,Straight road,,Fine,AP16TD   0297,P.V,Minor,0
23.04.2018,2:45 AM,1189.6,RHS,Rural,Martur,Rear End Collision,,Trailler,Non injury,Fault of driver of motor vehicle/driver of other vehicle/cyclist/pedestrian/passenger,Four lanes or more with central divider,Straight road,,Fine,AP16TD   0297,P.V,Non injured,4
23.04.2018,2:45 AM,1189.6,RHS,Rural,Martur,Rear End Collision,,Trailler,Non injury,Fault of driver of motor vehicle/driver of other vehicle/cyclist/pedestrian/passenger,Four lanes or more with central divider,Straight road,,Fine,AP16TD   0297,P.V,Animals affected,0
23.04.2018,11:25 AM,1268,RHS,Rural,Jarugumalli,Collision Brush/Side Wipe,,Bike,Minor injury,Fault of driver of motor vehicle/driver of other vehicle/cyclist/pedestrian/passenger,Four lanes or more with central divider,Straight road,,Fine,AP26AD   7583,A.M.B,Fatal,0
23.04.2018,11:25 AM,1268,RHS,Rural,Jarugumalli,Collision Brush/Side Wipe,,Bike,Minor injury,Fault of driver of motor vehicle/driver of other vehicle/cyclist/pedestrian/passenger,Four lanes or more with central divider,Straight road,,Fine,AP26AD   7583,A.M.B,Grevious,0
23.04.2018,11:25 AM,1268,RHS,Rural,Jarugumalli,Collision Brush/Side Wipe,,Bike,Minor injury,Fault of driver of motor vehicle/driver of other vehicle/cyclist/pedestrian/passenger,Four lanes or more with central divider,Straight road,,Fine,AP26AD   7583,A.M.B,Minor,2
23.04.2018,11:25 AM,1268,RHS,Rural,Jarugumalli,Collision Brush/Side Wipe,,Bike,Minor injury,Fault of driver of motor vehicle/driver of other vehicle/cyclist/pedestrian/passenger,Four lanes or more with central divider,Straight road,,Fine,AP26AD   7583,A.M.B,Non injured,0
23.04.2018,11:25 AM,1268,RHS,Rural,Jarugumalli,Collision Brush/Side Wipe,,Bike,Minor injury,Fault of driver of motor vehicle/driver of other vehicle/cyclist/pedestrian/passenger,Four lanes or more with central divider,Straight road,,Fine,AP26AD   7583,A.M.B,Animals affected,0
23.04.2018,4:15 PM,1281.5,RHS,Rural,Singarayakonda,Collision Brush/Side Wipe,,Car,Non injury,Defect in mechanical condition of motor vehicle/road condition,Four lanes or more with central divider,Straight road,,Fine,TN39BT   1606,P.V,Fatal,0
23.04.2018,4:15 PM,1281.5,RHS,Rural,Singarayakonda,Collision Brush/Side Wipe,,Car,Non injury,Defect in mechanical condition of motor vehicle/road condition,Four lanes or more with central divider,Straight road,,Fine,TN39BT   1606,P.V,Grevious,0
23.04.2018,4:15 PM,1281.5,RHS,Rural,Singarayakonda,Collision Brush/Side Wipe,,Car,Non injury,Defect in mechanical condition of motor vehicle/road condition,Four lanes or more with central divider,Straight road,,Fine,TN39BT   1606,P.V,Minor,0
23.04.2018,4:15 PM,1281.5,RHS,Rural,Singarayakonda,Collision Brush/Side Wipe,,Car,Non injury,Defect in mechanical condition of motor vehicle/road condition,Four lanes or more with central divider,Straight road,,Fine,TN39BT   1606,P.V,Non injured,4
23.04.2018,4:15 PM,1281.5,RHS,Rural,Singarayakonda,Collision Brush/Side Wipe,,Car,Non injury,Defect in mechanical condition of motor vehicle/road condition,Four lanes or more with central divider,Straight road,,Fine,TN39BT   1606,P.V,Animals affected,0
23.04.2018,7:13 PM,1235.3,RHS,Rural,Maddipadu,Overturning,,Car,Fatal,Over speed,Four lanes or more with central divider,Straight road,,Fine,AP27BP   3837,P.V,Fatal,2
23.04.2018,7:13 PM,1235.3,RHS,Rural,Maddipadu,Overturning,,Car,Fatal,Over speed,Four lanes or more with central divider,Straight road,,Fine,AP27BP   3837,P.V,Grevious,0
23.04.2018,7:13 PM,1235.3,RHS,Rural,Maddipadu,Overturning,,Car,Fatal,Over speed,Four lanes or more with central divider,Straight road,,Fine,AP27BP   3837,P.V,Minor,0
23.04.2018,7:13 PM,1235.3,RHS,Rural,Maddipadu,Overturning,,Car,Fatal,Over speed,Four lanes or more with central divider,Straight road,,Fine,AP27BP   3837,P.V,Non injured,0
23.04.2018,7:13 PM,1235.3,RHS,Rural,Maddipadu,Overturning,,Car,Fatal,Over speed,Four lanes or more with central divider,Straight road,,Fine,AP27BP   3837,P.V,Animals affected,0
23.04.2018,9:50 PM,1365.8,RHS,Rural,Kovuru,Collision Brush/Side Wipe,,Container,Non injury,Over speed,Four lanes or more with central divider,Straight road,,Fine,TN30AC   6267,P.V,Fatal,0
23.04.2018,9:50 PM,1365.8,RHS,Rural,Kovuru,Collision Brush/Side Wipe,,Container,Non injury,Over speed,Four lanes or more with central divider,Straight road,,Fine,TN30AC   6267,P.V,Grevious,0
23.04.2018,9:50 PM,1365.8,RHS,Rural,Kovuru,Collision Brush/Side Wipe,,Container,Non injury,Over speed,Four lanes or more with central divider,Straight road,,Fine,TN30AC   6267,P.V,Minor,0
23.04.2018,9:50 PM,1365.8,RHS,Rural,Kovuru,Collision Brush/Side Wipe,,Container,Non injury,Over speed,Four lanes or more with central divider,Straight road,,Fine,TN30AC   6267,P.V,Non injured,1
23.04.2018,9:50 PM,1365.8,RHS,Rural,Kovuru,Collision Brush/Side Wipe,,Container,Non injury,Over speed,Four lanes or more with central divider,Straight road,,Fine,TN30AC   6267,P.V,Animals affected,0
23.04.2018,11:45 PM,1265.1,RHS,Rural,Tangutur,Overturning,,Truck,Non injury,Fault of driver of motor vehicle/driver of other vehicle/cyclist/pedestrian/passenger,Four lanes or more with central divider,Straight road,,Fine,AP16TJ  1368,P.V,Fatal,0
23.04.2018,11:45 PM,1265.1,RHS,Rural,Tangutur,Overturning,,Truck,Non injury,Fault of driver of motor vehicle/driver of other vehicle/cyclist/pedestrian/passenger,Four lanes or more with central divider,Straight road,,Fine,AP16TJ  1368,P.V,Grevious,0
23.04.2018,11:45 PM,1265.1,RHS,Rural,Tangutur,Overturning,,Truck,Non injury,Fault of driver of motor vehicle/driver of other vehicle/cyclist/pedestrian/passenger,Four lanes or more with central divider,Straight road,,Fine,AP16TJ  1368,P.V,Minor,0
23.04.2018,11:45 PM,1265.1,RHS,Rural,Tangutur,Overturning,,Truck,Non injury,Fault of driver of motor vehicle/driver of other vehicle/cyclist/pedestrian/passenger,Four lanes or more with central divider,Straight road,,Fine,AP16TJ  1368,P.V,Non injured,1
23.04.2018,11:45 PM,1265.1,RHS,Rural,Tangutur,Overturning,,Truck,Non injury,Fault of driver of motor vehicle/driver of other vehicle/cyclist/pedestrian/passenger,Four lanes or more with central divider,Straight road,,Fine,AP16TJ  1368,P.V,Animals affected,0
24.04.2018,4:35 AM,1240.2,RHS,Rural,Ongole,Collision Brush/Side Wipe,,Car,Non injury,Fault of driver of motor vehicle/driver of other vehicle/cyclist/pedestrian/passenger,Four lanes or more with central divider,Straight road,,Fine,AP05DK  9597,P.V,Fatal,0
24.04.2018,4:35 AM,1240.2,RHS,Rural,Ongole,Collision Brush/Side Wipe,,Car,Non injury,Fault of driver of motor vehicle/driver of other vehicle/cyclist/pedestrian/passenger,Four lanes or more with central divider,Straight road,,Fine,AP05DK  9597,P.V,Grevious,0
24.04.2018,4:35 AM,1240.2,RHS,Rural,Ongole,Collision Brush/Side Wipe,,Car,Non injury,Fault of driver of motor vehicle/driver of other vehicle/cyclist/pedestrian/passenger,Four lanes or more with central divider,Straight road,,Fine,AP05DK  9597,P.V,Minor,0
24.04.2018,4:35 AM,1240.2,RHS,Rural,Ongole,Collision Brush/Side Wipe,,Car,Non injury,Fault of driver of motor vehicle/driver of other vehicle/cyclist/pedestrian/passenger,Four lanes or more with central divider,Straight road,,Fine,AP05DK  9597,P.V,Non injured,5
24.04.2018,4:35 AM,1240.2,RHS,Rural,Ongole,Collision Brush/Side Wipe,,Car,Non injury,Fault of driver of motor vehicle/driver of other vehicle/cyclist/pedestrian/passenger,Four lanes or more with central divider,Straight road,,Fine,AP05DK  9597,P.V,Animals affected,0
25.04.2018,12:53 AM,1254.9,RHS,Rural,Ongole,Overturning,,Truck,Minor injury,Fault of driver of motor vehicle/driver of other vehicle/cyclist/pedestrian/passenger,Four lanes or more with central divider,Straight road,,Fine,TN52B   2446,A.M.B & P.V,Fatal,0
25.04.2018,12:53 AM,1254.9,RHS,Rural,Ongole,Overturning,,Truck,Minor injury,Fault of driver of motor vehicle/driver of other vehicle/cyclist/pedestrian/passenger,Four lanes or more with central divider,Straight road,,Fine,TN52B   2446,A.M.B & P.V,Grevious,0
25.04.2018,12:53 AM,1254.9,RHS,Rural,Ongole,Overturning,,Truck,Minor injury,Fault of driver of motor vehicle/driver of other vehicle/cyclist/pedestrian/passenger,Four lanes or more with central divider,Straight road,,Fine,TN52B   2446,A.M.B & P.V,Minor,1
25.04.2018,12:53 AM,1254.9,RHS,Rural,Ongole,Overturning,,Truck,Minor injury,Fault of driver of motor vehicle/driver of other vehicle/cyclist/pedestrian/passenger,Four lanes or more with central divider,Straight road,,Fine,TN52B   2446,A.M.B & P.V,Non injured,1
25.04.2018,12:53 AM,1254.9,RHS,Rural,Ongole,Overturning,,Truck,Minor injury,Fault of driver of motor vehicle/driver of other vehicle/cyclist/pedestrian/passenger,Four lanes or more with central divider,Straight road,,Fine,TN52B   2446,A.M.B & P.V,Animals affected,0
25.04.2018,10:28 AM,1242.6,RHS,Rural,Ongole,Collision Brush/Side Wipe,,Bike,Grievious injury,Over speed,Four lanes or more with central divider,Straight road,,Fine,AP27AW   3790,P.V,Fatal,0
25.04.2018,10:28 AM,1242.6,RHS,Rural,Ongole,Collision Brush/Side Wipe,,Bike,Grievious injury,Over speed,Four lanes or more with central divider,Straight road,,Fine,AP27AW   3790,P.V,Grevious,1
25.04.2018,10:28 AM,1242.6,RHS,Rural,Ongole,Collision Brush/Side Wipe,,Bike,Grievious injury,Over speed,Four lanes or more with central divider,Straight road,,Fine,AP27AW   3790,P.V,Minor,0
25.04.2018,10:28 AM,1242.6,RHS,Rural,Ongole,Collision Brush/Side Wipe,,Bike,Grievious injury,Over speed,Four lanes or more with central divider,Straight road,,Fine,AP27AW   3790,P.V,Non injured,1
25.04.2018,10:28 AM,1242.6,RHS,Rural,Ongole,Collision Brush/Side Wipe,,Bike,Grievious injury,Over speed,Four lanes or more with central divider,Straight road,,Fine,AP27AW   3790,P.V,Animals affected,0
25.04.2018,11:00 PM,1255.6,RHS,Rural,Tangutur,Rear End Collision,,Bike,Fatal,Fault of driver of motor vehicle/driver of other vehicle/cyclist/pedestrian/passenger,Four lanes or more with central divider,Straight road,,Fine,AP27AR   4761,P.V,Fatal,1
25.04.2018,11:00 PM,1255.6,RHS,Rural,Tangutur,Rear End Collision,,Bike,Fatal,Fault of driver of motor vehicle/driver of other vehicle/cyclist/pedestrian/passenger,Four lanes or more with central divider,Straight road,,Fine,AP27AR   4761,P.V,Grevious,0
25.04.2018,11:00 PM,1255.6,RHS,Rural,Tangutur,Rear End Collision,,Bike,Fatal,Fault of driver of motor vehicle/driver of other vehicle/cyclist/pedestrian/passenger,Four lanes or more with central divider,Straight road,,Fine,AP27AR   4761,P.V,Minor,0
25.04.2018,11:00 PM,1255.6,RHS,Rural,Tangutur,Rear End Collision,,Bike,Fatal,Fault of driver of motor vehicle/driver of other vehicle/cyclist/pedestrian/passenger,Four lanes or more with central divider,Straight road,,Fine,AP27AR   4761,P.V,Non injured,1
25.04.2018,11:00 PM,1255.6,RHS,Rural,Tangutur,Rear End Collision,,Bike,Fatal,Fault of driver of motor vehicle/driver of other vehicle/cyclist/pedestrian/passenger,Four lanes or more with central divider,Straight road,,Fine,AP27AR   4761,P.V,Animals affected,0
26.04.2018,4:30 AM,1324.7,RHS,Rural,Kavali,Collision Brush/Side Wipe,,Truck,Minor injury,Fault of driver of motor vehicle/driver of other vehicle/cyclist/pedestrian/passenger,Four lanes or more with central divider,Straight road,,Fine,TN28M   1096,A.M.B & P.V,Fatal,0
26.04.2018,4:30 AM,1324.7,RHS,Rural,Kavali,Collision Brush/Side Wipe,,Truck,Minor injury,Fault of driver of motor vehicle/driver of other vehicle/cyclist/pedestrian/passenger,Four lanes or more with central divider,Straight road,,Fine,TN28M   1096,A.M.B & P.V,Grevious,0
26.04.2018,4:30 AM,1324.7,RHS,Rural,Kavali,Collision Brush/Side Wipe,,Truck,Minor injury,Fault of driver of motor vehicle/driver of other vehicle/cyclist/pedestrian/passenger,Four lanes or more with central divider,Straight road,,Fine,TN28M   1096,A.M.B & P.V,Minor,2
26.04.2018,4:30 AM,1324.7,RHS,Rural,Kavali,Collision Brush/Side Wipe,,Truck,Minor injury,Fault of driver of motor vehicle/driver of other vehicle/cyclist/pedestrian/passenger,Four lanes or more with central divider,Straight road,,Fine,TN28M   1096,A.M.B & P.V,Non injured,1
26.04.2018,4:30 AM,1324.7,RHS,Rural,Kavali,Collision Brush/Side Wipe,,Truck,Minor injury,Fault of driver of motor vehicle/driver of other vehicle/cyclist/pedestrian/passenger,Four lanes or more with central divider,Straight road,,Fine,TN28M   1096,A.M.B & P.V,Animals affected,0
26.04.2018,3:25 PM,1185.2,RHS,Rural,Martur,Collision Brush/Side Wipe,,Unknown vehicle,Minor injury,Over speed,Four lanes or more with central divider,Straight road,,Fine,Unknown vehicle,A.M.B,Fatal,0
26.04.2018,3:25 PM,1185.2,RHS,Rural,Martur,Collision Brush/Side Wipe,,Unknown vehicle,Minor injury,Over speed,Four lanes or more with central divider,Straight road,,Fine,Unknown vehicle,A.M.B,Grevious,0
26.04.2018,3:25 PM,1185.2,RHS,Rural,Martur,Collision Brush/Side Wipe,,Unknown vehicle,Minor injury,Over speed,Four lanes or more with central divider,Straight road,,Fine,Unknown vehicle,A.M.B,Minor,1
26.04.2018,3:25 PM,1185.2,RHS,Rural,Martur,Collision Brush/Side Wipe,,Unknown vehicle,Minor injury,Over speed,Four lanes or more with central divider,Straight road,,Fine,Unknown vehicle,A.M.B,Non injured,0
26.04.2018,3:25 PM,1185.2,RHS,Rural,Martur,Collision Brush/Side Wipe,,Unknown vehicle,Minor injury,Over speed,Four lanes or more with central divider,Straight road,,Fine,Unknown vehicle,A.M.B,Animals affected,0
27.04.2018,5:25 AM,1315.6,RHS,Rural,Kavali,Overturning,,Container,Non injury,Fault of driver of motor vehicle/driver of other vehicle/cyclist/pedestrian/passenger,Four lanes or more with central divider,Straight road,,Fine,TS05UA 0776,P.V,Fatal,0
27.04.2018,5:25 AM,1315.6,RHS,Rural,Kavali,Overturning,,Container,Non injury,Fault of driver of motor vehicle/driver of other vehicle/cyclist/pedestrian/passenger,Four lanes or more with central divider,Straight road,,Fine,TS05UA 0776,P.V,Grevious,0
27.04.2018,5:25 AM,1315.6,RHS,Rural,Kavali,Overturning,,Container,Non injury,Fault of driver of motor vehicle/driver of other vehicle/cyclist/pedestrian/passenger,Four lanes or more with central divider,Straight road,,Fine,TS05UA 0776,P.V,Minor,0
27.04.2018,5:25 AM,1315.6,RHS,Rural,Kavali,Overturning,,Container,Non injury,Fault of driver of motor vehicle/driver of other vehicle/cyclist/pedestrian/passenger,Four lanes or more with central divider,Straight road,,Fine,TS05UA 0776,P.V,Non injured,1
27.04.2018,5:25 AM,1315.6,RHS,Rural,Kavali,Overturning,,Container,Non injury,Fault of driver of motor vehicle/driver of other vehicle/cyclist/pedestrian/passenger,Four lanes or more with central divider,Straight road,,Fine,TS05UA 0776,P.V,Animals affected,0
27.04.2018,5:15 PM,1362.8,RHS,Rural,Kovuru,Collision Brush/Side Wipe,,Car,Minor injury,Over speed,Four lanes or more with central divider,Straight road,T-Junction,Fine,KA05MS 5218,P.V,Fatal,0
27.04.2018,5:15 PM,1362.8,RHS,Rural,Kovuru,Collision Brush/Side Wipe,,Car,Minor injury,Over speed,Four lanes or more with central divider,Straight road,T-Junction,Fine,KA05MS 5218,P.V,Grevious,0
27.04.2018,5:15 PM,1362.8,RHS,Rural,Kovuru,Collision Brush/Side Wipe,,Car,Minor injury,Over speed,Four lanes or more with central divider,Straight road,T-Junction,Fine,KA05MS 5218,P.V,Minor,2
27.04.2018,5:15 PM,1362.8,RHS,Rural,Kovuru,Collision Brush/Side Wipe,,Car,Minor injury,Over speed,Four lanes or more with central divider,Straight road,T-Junction,Fine,KA05MS 5218,P.V,Non injured,4
27.04.2018,5:15 PM,1362.8,RHS,Rural,Kovuru,Collision Brush/Side Wipe,,Car,Minor injury,Over speed,Four lanes or more with central divider,Straight road,T-Junction,Fine,KA05MS 5218,P.V,Animals affected,0
28.04.2018,2:00 AM,1219.7,RHS,Rural,Medarametla,Collision Brush/Side Wipe,,Truck,Non injury,Fault of driver of motor vehicle/driver of other vehicle/cyclist/pedestrian/passenger,Four lanes or more with central divider,Straight road,,Fine,AP37TC 7593,P.V,Fatal,0
28.04.2018,2:00 AM,1219.7,RHS,Rural,Medarametla,Collision Brush/Side Wipe,,Truck,Non injury,Fault of driver of motor vehicle/driver of other vehicle/cyclist/pedestrian/passenger,Four lanes or more with central divider,Straight road,,Fine,AP37TC 7593,P.V,Grevious,0
28.04.2018,2:00 AM,1219.7,RHS,Rural,Medarametla,Collision Brush/Side Wipe,,Truck,Non injury,Fault of driver of motor vehicle/driver of other vehicle/cyclist/pedestrian/passenger,Four lanes or more with central divider,Straight road,,Fine,AP37TC 7593,P.V,Minor,0
28.04.2018,2:00 AM,1219.7,RHS,Rural,Medarametla,Collision Brush/Side Wipe,,Truck,Non injury,Fault of driver of motor vehicle/driver of other vehicle/cyclist/pedestrian/passenger,Four lanes or more with central divider,Straight road,,Fine,AP37TC 7593,P.V,Non injured,1
28.04.2018,2:00 AM,1219.7,RHS,Rural,Medarametla,Collision Brush/Side Wipe,,Truck,Non injury,Fault of driver of motor vehicle/driver of other vehicle/cyclist/pedestrian/passenger,Four lanes or more with central divider,Straight road,,Fine,AP37TC 7593,P.V,Animals affected,0
28.04.2018,6:20 AM,1315,RHS,Rural,Kavali,Collision Brush/Side Wipe,,Truck,Non injury,Fault of driver of motor vehicle/driver of other vehicle/cyclist/pedestrian/passenger,Four lanes or more with central divider,Straight road,,Fine,AP03TE 8511,P.V,Fatal,0
28.04.2018,6:20 AM,1315,RHS,Rural,Kavali,Collision Brush/Side Wipe,,Truck,Non injury,Fault of driver of motor vehicle/driver of other vehicle/cyclist/pedestrian/passenger,Four lanes or more with central divider,Straight road,,Fine,AP03TE 8511,P.V,Grevious,0
28.04.2018,6:20 AM,1315,RHS,Rural,Kavali,Collision Brush/Side Wipe,,Truck,Non injury,Fault of driver of motor vehicle/driver of other vehicle/cyclist/pedestrian/passenger,Four lanes or more with central divider,Straight road,,Fine,AP03TE 8511,P.V,Minor,0
28.04.2018,6:20 AM,1315,RHS,Rural,Kavali,Collision Brush/Side Wipe,,Truck,Non injury,Fault of driver of motor vehicle/driver of other vehicle/cyclist/pedestrian/passenger,Four lanes or more with central divider,Straight road,,Fine,AP03TE 8511,P.V,Non injured,1
28.04.2018,6:20 AM,1315,RHS,Rural,Kavali,Collision Brush/Side Wipe,,Truck,Non injury,Fault of driver of motor vehicle/driver of other vehicle/cyclist/pedestrian/passenger,Four lanes or more with central divider,Straight road,,Fine,AP03TE 8511,P.V,Animals affected,0
28.04.2018,7:17 PM,1201.2,RHS,Rural,Reningavaram,Skidding,,Bike,Grievious injury,Over speed,Four lanes or more with central divider,Straight road,,Fine,AP27BB 6820,A.M.B,Fatal,0
28.04.2018,7:17 PM,1201.2,RHS,Rural,Reningavaram,Skidding,,Bike,Grievious injury,Over speed,Four lanes or more with central divider,Straight road,,Fine,AP27BB 6820,A.M.B,Grevious,1
28.04.2018,7:17 PM,1201.2,RHS,Rural,Reningavaram,Skidding,,Bike,Grievious injury,Over speed,Four lanes or more with central divider,Straight road,,Fine,AP27BB 6820,A.M.B,Minor,1
28.04.2018,7:17 PM,1201.2,RHS,Rural,Reningavaram,Skidding,,Bike,Grievious injury,Over speed,Four lanes or more with central divider,Straight road,,Fine,AP27BB 6820,A.M.B,Non injured,2
28.04.2018,7:17 PM,1201.2,RHS,Rural,Reningavaram,Skidding,,Bike,Grievious injury,Over speed,Four lanes or more with central divider,Straight road,,Fine,AP27BB 6820,A.M.B,Animals affected,0
29.04.2018,3:45 AM,1212,RHS,Rural,Medarametla,Overturning,,LCV,Minor injury,Over speed,Four lanes or more with central divider,Straight road,,Fine,KA07A   4065,A.M.B & P.V,Fatal,0
29.04.2018,3:45 AM,1212,RHS,Rural,Medarametla,Overturning,,LCV,Minor injury,Over speed,Four lanes or more with central divider,Straight road,,Fine,KA07A   4065,A.M.B & P.V,Grevious,0
29.04.2018,3:45 AM,1212,RHS,Rural,Medarametla,Overturning,,LCV,Minor injury,Over speed,Four lanes or more with central divider,Straight road,,Fine,KA07A   4065,A.M.B & P.V,Minor,1
29.04.2018,3:45 AM,1212,RHS,Rural,Medarametla,Overturning,,LCV,Minor injury,Over speed,Four lanes or more with central divider,Straight road,,Fine,KA07A   4065,A.M.B & P.V,Non injured,1
29.04.2018,3:45 AM,1212,RHS,Rural,Medarametla,Overturning,,LCV,Minor injury,Over speed,Four lanes or more with central divider,Straight road,,Fine,KA07A   4065,A.M.B & P.V,Animals affected,0
29.04.2018,3:25 AM,1261.2,RHS,Rural,Tangutur,Collision Brush/Side Wipe,,Container,Non injury,Fault of driver of motor vehicle/driver of other vehicle/cyclist/pedestrian/passenger,Four lanes or more with central divider,Straight road,,Fine,KL07BW 4919,P.V,Fatal,0
29.04.2018,3:25 AM,1261.2,RHS,Rural,Tangutur,Collision Brush/Side Wipe,,Container,Non injury,Fault of driver of motor vehicle/driver of other vehicle/cyclist/pedestrian/passenger,Four lanes or more with central divider,Straight road,,Fine,KL07BW 4919,P.V,Grevious,0
29.04.2018,3:25 AM,1261.2,RHS,Rural,Tangutur,Collision Brush/Side Wipe,,Container,Non injury,Fault of driver of motor vehicle/driver of other vehicle/cyclist/pedestrian/passenger,Four lanes or more with central divider,Straight road,,Fine,KL07BW 4919,P.V,Minor,0
29.04.2018,3:25 AM,1261.2,RHS,Rural,Tangutur,Collision Brush/Side Wipe,,Container,Non injury,Fault of driver of motor vehicle/driver of other vehicle/cyclist/pedestrian/passenger,Four lanes or more with central divider,Straight road,,Fine,KL07BW 4919,P.V,Non injured,1
29.04.2018,3:25 AM,1261.2,RHS,Rural,Tangutur,Collision Brush/Side Wipe,,Container,Non injury,Fault of driver of motor vehicle/driver of other vehicle/cyclist/pedestrian/passenger,Four lanes or more with central divider,Straight road,,Fine,KL07BW 4919,P.V,Animals affected,0
29.04.2018,6:00 AM,1264,RHS,Rural,Tangutur,Collision Brush/Side Wipe,,Truck,Minor injury,Fault of driver of motor vehicle/driver of other vehicle/cyclist/pedestrian/passenger,Four lanes or more with central divider,Straight road,,Fine,AP27TW 9739,A.M.B,Fatal,0
29.04.2018,6:00 AM,1264,RHS,Rural,Tangutur,Collision Brush/Side Wipe,,Truck,Minor injury,Fault of driver of motor vehicle/driver of other vehicle/cyclist/pedestrian/passenger,Four lanes or more with central divider,Straight road,,Fine,AP27TW 9739,A.M.B,Grevious,0
29.04.2018,6:00 AM,1264,RHS,Rural,Tangutur,Collision Brush/Side Wipe,,Truck,Minor injury,Fault of driver of motor vehicle/driver of other vehicle/cyclist/pedestrian/passenger,Four lanes or more with central divider,Straight road,,Fine,AP27TW 9739,A.M.B,Minor,1
29.04.2018,6:00 AM,1264,RHS,Rural,Tangutur,Collision Brush/Side Wipe,,Truck,Minor injury,Fault of driver of motor vehicle/driver of other vehicle/cyclist/pedestrian/passenger,Four lanes or more with central divider,Straight road,,Fine,AP27TW 9739,A.M.B,Non injured,0
29.04.2018,6:00 AM,1264,RHS,Rural,Tangutur,Collision Brush/Side Wipe,,Truck,Minor injury,Fault of driver of motor vehicle/driver of other vehicle/cyclist/pedestrian/passenger,Four lanes or more with central divider,Straight road,,Fine,AP27TW 9739,A.M.B,Animals affected,0
29.04.2018,11:15 PM,1193.2,RHS,Rural,Martur,Rear End Collision,,Truck,Minor injury,Over speed,Four lanes or more with central divider,Straight road,,Fine,AP37TE 6779,A.M.B & P.V,Fatal,0
29.04.2018,11:15 PM,1193.2,RHS,Rural,Martur,Rear End Collision,,Truck,Minor injury,Over speed,Four lanes or more with central divider,Straight road,,Fine,AP37TE 6779,A.M.B & P.V,Grevious,0