Operational date,Time of Accident,KM && M,Position,Rural/Urban,Location,Nature of Accident Position,Nature of Accident,Vehicle Involved,Type of Accident,Causes,Road Feature,Road condition,Intersection Type And Control,Weather Condition,Vehicle Responsible,Help Provided by Ambulance/Patroling Vehicle,Classification of Accident,No of Affected Persons
29.04.2018,11:15 PM,1193.2,RHS,Rural,Martur,Rear End Collision,,Truck,Minor injury,Over speed,Four lanes or more with central divider,Straight road,,Fine,AP37TE 6779,A.M.B & P.V,Minor,2
29.04.2018,11:15 PM,1193.2,RHS,Rural,Martur,Rear End Collision,,Truck,Minor injury,Over speed,Four lanes or more with central divider,Straight road,,Fine,AP37TE 6779,A.M.B & P.V,Non injured,0
29.04.2018,11:15 PM,1193.2,RHS,Rural,Martur,Rear End Collision,,Truck,Minor injury,Over speed,Four lanes or more with central divider,Straight road,,Fine,AP37TE 6779,A.M.B & P.V,Animals affected,0
30.04.2018,3:55 AM,1249.9,RHS,Rural,Ongole,Collision Brush/Side Wipe,,Bus,Non injury,Fault of driver of motor vehicle/driver of other vehicle/cyclist/pedestrian/passenger,Four lanes or more with central divider,Straight road,,Fine,AP3Z 5451,P.V,Fatal,0
30.04.2018,3:55 AM,1249.9,RHS,Rural,Ongole,Collision Brush/Side Wipe,,Bus,Non injury,Fault of driver of motor vehicle/driver of other vehicle/cyclist/pedestrian/passenger,Four lanes or more with central divider,Straight road,,Fine,AP3Z 5451,P.V,Grevious,0
30.04.2018,3:55 AM,1249.9,RHS,Rural,Ongole,Collision Brush/Side Wipe,,Bus,Non injury,Fault of driver of motor vehicle/driver of other vehicle/cyclist/pedestrian/passenger,Four lanes or more with central divider,Straight road,,Fine,AP3Z 5451,P.V,Minor,0
30.04.2018,3:55 AM,1249.9,RHS,Rural,Ongole,Collision Brush/Side Wipe,,Bus,Non injury,Fault of driver of motor vehicle/driver of other vehicle/cyclist/pedestrian/passenger,Four lanes or more with central divider,Straight road,,Fine,AP3Z 5451,P.V,Non injured,21
30.04.2018,3:55 AM,1249.9,RHS,Rural,Ongole,Collision Brush/Side Wipe,,Bus,Non injury,Fault of driver of motor vehicle/driver of other vehicle/cyclist/pedestrian/passenger,Four lanes or more with central divider,Straight road,,Fine,AP3Z 5451,P.V,Animals affected,0
30.04.2018,5:15 AM,1245.5,RHS,Rural,Ongole,Overturning,,Car,Minor injury,Fault of driver of motor vehicle/driver of other vehicle/cyclist/pedestrian/passenger,Four lanes or more with central divider,Slight curve,,Fine,AP07TL  0268,P.V,Fatal,0
30.04.2018,5:15 AM,1245.5,RHS,Rural,Ongole,Overturning,,Car,Minor injury,Fault of driver of motor vehicle/driver of other vehicle/cyclist/pedestrian/passenger,Four lanes or more with central divider,Slight curve,,Fine,AP07TL  0268,P.V,Grevious,0
30.04.2018,5:15 AM,1245.5,RHS,Rural,Ongole,Overturning,,Car,Minor injury,Fault of driver of motor vehicle/driver of other vehicle/cyclist/pedestrian/passenger,Four lanes or more with central divider,Slight curve,,Fine,AP07TL  0268,P.V,Minor,2
30.04.2018,5:15 AM,1245.5,RHS,Rural,Ongole,Overturning,,Car,Minor injury,Fault of driver of motor vehicle/driver of other vehicle/cyclist/pedestrian/passenger,Four lanes or more with central divider,Slight curve,,Fine,AP07TL  0268,P.V,Non injured,11
30.04.2018,5:15 AM,1245.5,RHS,Rural,Ongole,Overturning,,Car,Minor injury,Fault of driver of motor vehicle/driver of other vehicle/cyclist/pedestrian/passenger,Four lanes or more with central divider,Slight curve,,Fine,AP07TL  0268,P.V,Animals affected,0
30.04.2018,11:35 PM,1240,RHS,Rural,Ongole,Collision Brush/Side Wipe,,Truck,Fatal,Over speed,Four lanes or more with central divider,Straight road,,Fine,TN18AD 6628,P.V,Fatal,1
30.04.2018,11:35 PM,1240,RHS,Rural,Ongole,Collision Brush/Side Wipe,,Truck,Fatal,Over speed,Four lanes or more with central divider,Straight road,,Fine,TN18AD 6628,P.V,Grevious,0
30.04.2018,11:35 PM,1240,RHS,Rural,Ongole,Collision Brush/Side Wipe,,Truck,Fatal,Over speed,Four lanes or more with central divider,Straight road,,Fine,TN18AD 6628,P.V,Minor,2
30.04.2018,11:35 PM,1240,RHS,Rural,Ongole,Collision Brush/Side Wipe,,Truck,Fatal,Over speed,Four lanes or more with central divider,Straight road,,Fine,TN18AD 6628,P.V,Non injured,1
30.04.2018,11:35 PM,1240,RHS,Rural,Ongole,Collision Brush/Side Wipe,,Truck,Fatal,Over speed,Four lanes or more with central divider,Straight road,,Fine,TN18AD 6628,P.V,Animals affected,0
01.05.2018,5:10 AM,1288.5,RHS,Rural,Ulavapadu,Overturning,,Car,Non injury,Fault of driver of motor vehicle/driver of other vehicle/cyclist/pedestrian/passenger,Four lanes or more with central divider,Straight road,,Fine,AP16TF   1917,P.V,Fatal,0
01.05.2018,5:10 AM,1288.5,RHS,Rural,Ulavapadu,Overturning,,Car,Non injury,Fault of driver of motor vehicle/driver of other vehicle/cyclist/pedestrian/passenger,Four lanes or more with central divider,Straight road,,Fine,AP16TF   1917,P.V,Grevious,0
01.05.2018,5:10 AM,1288.5,RHS,Rural,Ulavapadu,Overturning,,Car,Non injury,Fault of driver of motor vehicle/driver of other vehicle/cyclist/pedestrian/passenger,Four lanes or more with central divider,Straight road,,Fine,AP16TF   1917,P.V,Minor,0
01.05.2018,5:10 AM,1288.5,RHS,Rural,Ulavapadu,Overturning,,Car,Non injury,Fault of driver of motor vehicle/driver of other vehicle/cyclist/pedestrian/passenger,Four lanes or more with central divider,Straight road,,Fine,AP16TF   1917,P.V,Non injured,1
01.05.2018,5:10 AM,1288.5,RHS,Rural,Ulavapadu,Overturning,,Car,Non injury,Fault of driver of motor vehicle/driver of other vehicle/cyclist/pedestrian/passenger,Four lanes or more with central divider,Straight road,,Fine,AP16TF   1917,P.V,Animals affected,0
01.05.2018,4:00 PM,1184.5,RHS,Rural,Martur,Collision Brush/Side Wipe,,Bike,Grievious injury,Over speed,Four lanes or more with central divider,Straight road,,Fine,OD31B    0808,A.M.B & P.V,Fatal,0
01.05.2018,4:00 PM,1184.5,RHS,Rural,Martur,Collision Brush/Side Wipe,,Bike,Grievious injury,Over speed,Four lanes or more with central divider,Straight road,,Fine,OD31B    0808,A.M.B & P.V,Grevious,1
01.05.2018,4:00 PM,1184.5,RHS,Rural,Martur,Collision Brush/Side Wipe,,Bike,Grievious injury,Over speed,Four lanes or more with central divider,Straight road,,Fine,OD31B    0808,A.M.B & P.V,Minor,0
01.05.2018,4:00 PM,1184.5,RHS,Rural,Martur,Collision Brush/Side Wipe,,Bike,Grievious injury,Over speed,Four lanes or more with central divider,Straight road,,Fine,OD31B    0808,A.M.B & P.V,Non injured,1
01.05.2018,4:00 PM,1184.5,RHS,Rural,Martur,Collision Brush/Side Wipe,,Bike,Grievious injury,Over speed,Four lanes or more with central divider,Straight road,,Fine,OD31B    0808,A.M.B & P.V,Animals affected,0
02.05.2018,12:10 AM,1269.3,RHS,Rural,Jarugumalli,Collision Brush/Side Wipe,,Unknown vehicle,Non injury,Over speed,Four lanes or more with central divider,Straight road,,Fine,Unknown vehicle,A.M.B,Fatal,0
02.05.2018,12:10 AM,1269.3,RHS,Rural,Jarugumalli,Collision Brush/Side Wipe,,Unknown vehicle,Non injury,Over speed,Four lanes or more with central divider,Straight road,,Fine,Unknown vehicle,A.M.B,Grevious,0
02.05.2018,12:10 AM,1269.3,RHS,Rural,Jarugumalli,Collision Brush/Side Wipe,,Unknown vehicle,Non injury,Over speed,Four lanes or more with central divider,Straight road,,Fine,Unknown vehicle,A.M.B,Minor,0
02.05.2018,12:10 AM,1269.3,RHS,Rural,Jarugumalli,Collision Brush/Side Wipe,,Unknown vehicle,Non injury,Over speed,Four lanes or more with central divider,Straight road,,Fine,Unknown vehicle,A.M.B,Non injured,6
02.05.2018,12:10 AM,1269.3,RHS,Rural,Jarugumalli,Collision Brush/Side Wipe,,Unknown vehicle,Non injury,Over speed,Four lanes or more with central divider,Straight road,,Fine,Unknown vehicle,A.M.B,Animals affected,0
03.05.2018,12:15 PM,1343.5,RHS,Rural,Dagadarthi,Rear End Collision,,Truck,Grievious injury,Fault of driver of motor vehicle/driver of other vehicle/cyclist/pedestrian/passenger,Two lanes,Straight road,,Fine,AP03TE 6074,A.M.B & P.V,Fatal,0
03.05.2018,12:15 PM,1343.5,RHS,Rural,Dagadarthi,Rear End Collision,,Truck,Grievious injury,Fault of driver of motor vehicle/driver of other vehicle/cyclist/pedestrian/passenger,Two lanes,Straight road,,Fine,AP03TE 6074,A.M.B & P.V,Grevious,4
03.05.2018,12:15 PM,1343.5,RHS,Rural,Dagadarthi,Rear End Collision,,Truck,Grievious injury,Fault of driver of motor vehicle/driver of other vehicle/cyclist/pedestrian/passenger,Two lanes,Straight road,,Fine,AP03TE 6074,A.M.B & P.V,Minor,2
03.05.2018,12:15 PM,1343.5,RHS,Rural,Dagadarthi,Rear End Collision,,Truck,Grievious injury,Fault of driver of motor vehicle/driver of other vehicle/cyclist/pedestrian/passenger,Two lanes,Straight road,,Fine,AP03TE 6074,A.M.B & P.V,Non injured,5
03.05.2018,12:15 PM,1343.5,RHS,Rural,Dagadarthi,Rear End Collision,,Truck,Grievious injury,Fault of driver of motor vehicle/driver of other vehicle/cyclist/pedestrian/passenger,Two lanes,Straight road,,Fine,AP03TE 6074,A.M.B & P.V,Animals affected,0
03.05.2018,6:00 PM,1261.6,RHS,Rural,Tangutur,Collision Brush/Side Wipe,,LCV,Non injury,Over speed,Two lanes,Straight road,,Fine,AP03TG   0020,P.V,Fatal,0
03.05.2018,6:00 PM,1261.6,RHS,Rural,Tangutur,Collision Brush/Side Wipe,,LCV,Non injury,Over speed,Two lanes,Straight road,,Fine,AP03TG   0020,P.V,Grevious,0
03.05.2018,6:00 PM,1261.6,RHS,Rural,Tangutur,Collision Brush/Side Wipe,,LCV,Non injury,Over speed,Two lanes,Straight road,,Fine,AP03TG   0020,P.V,Minor,0
03.05.2018,6:00 PM,1261.6,RHS,Rural,Tangutur,Collision Brush/Side Wipe,,LCV,Non injury,Over speed,Two lanes,Straight road,,Fine,AP03TG   0020,P.V,Non injured,1
03.05.2018,6:00 PM,1261.6,RHS,Rural,Tangutur,Collision Brush/Side Wipe,,LCV,Non injury,Over speed,Two lanes,Straight road,,Fine,AP03TG   0020,P.V,Animals affected,0
04.05.2018,12:20 AM,1219.5,RHS,Rural,Medarametla,Rear End Collision,,Truck,Non injury,Over speed,Two lanes,Straight road,,Fine,AP16TV 0650,P.V,Fatal,0
04.05.2018,12:20 AM,1219.5,RHS,Rural,Medarametla,Rear End Collision,,Truck,Non injury,Over speed,Two lanes,Straight road,,Fine,AP16TV 0650,P.V,Grevious,0
04.05.2018,12:20 AM,1219.5,RHS,Rural,Medarametla,Rear End Collision,,Truck,Non injury,Over speed,Two lanes,Straight road,,Fine,AP16TV 0650,P.V,Minor,0
04.05.2018,12:20 AM,1219.5,RHS,Rural,Medarametla,Rear End Collision,,Truck,Non injury,Over speed,Two lanes,Straight road,,Fine,AP16TV 0650,P.V,Non injured,2
04.05.2018,12:20 AM,1219.5,RHS,Rural,Medarametla,Rear End Collision,,Truck,Non injury,Over speed,Two lanes,Straight road,,Fine,AP16TV 0650,P.V,Animals affected,0
04.05.2018,3:45 AM,1255,RHS,Rural,Tangutur,Collision Brush/Side Wipe,,Truck,Non injury,Fault of driver of motor vehicle/driver of other vehicle/cyclist/pedestrian/passenger,Four lanes or more with central divider,Straight road,,Fine,TN34L   5568,P.V,Fatal,0
04.05.2018,3:45 AM,1255,RHS,Rural,Tangutur,Collision Brush/Side Wipe,,Truck,Non injury,Fault of driver of motor vehicle/driver of other vehicle/cyclist/pedestrian/passenger,Four lanes or more with central divider,Straight road,,Fine,TN34L   5568,P.V,Grevious,0
04.05.2018,3:45 AM,1255,RHS,Rural,Tangutur,Collision Brush/Side Wipe,,Truck,Non injury,Fault of driver of motor vehicle/driver of other vehicle/cyclist/pedestrian/passenger,Four lanes or more with central divider,Straight road,,Fine,TN34L   5568,P.V,Minor,0
04.05.2018,3:45 AM,1255,RHS,Rural,Tangutur,Collision Brush/Side Wipe,,Truck,Non injury,Fault of driver of motor vehicle/driver of other vehicle/cyclist/pedestrian/passenger,Four lanes or more with central divider,Straight road,,Fine,TN34L   5568,P.V,Non injured,2
04.05.2018,3:45 AM,1255,RHS,Rural,Tangutur,Collision Brush/Side Wipe,,Truck,Non injury,Fault of driver of motor vehicle/driver of other vehicle/cyclist/pedestrian/passenger,Four lanes or more with central divider,Straight road,,Fine,TN34L   5568,P.V,Animals affected,0
05.05.2018,7:10 AM,1188.9,RHS,Rural,Martur,Collision Brush/Side Wipe,,Bike,Grievious injury,Fault of driver of motor vehicle/driver of other vehicle/cyclist/pedestrian/passenger,Four lanes or more with central divider,Straight road,,Fine,AP07BU   5074,P.V,Fatal,0
05.05.2018,7:10 AM,1188.9,RHS,Rural,Martur,Collision Brush/Side Wipe,,Bike,Grievious injury,Fault of driver of motor vehicle/driver of other vehicle/cyclist/pedestrian/passenger,Four lanes or more with central divider,Straight road,,Fine,AP07BU   5074,P.V,Grevious,1
05.05.2018,7:10 AM,1188.9,RHS,Rural,Martur,Collision Brush/Side Wipe,,Bike,Grievious injury,Fault of driver of motor vehicle/driver of other vehicle/cyclist/pedestrian/passenger,Four lanes or more with central divider,Straight road,,Fine,AP07BU   5074,P.V,Minor,0
05.05.2018,7:10 AM,1188.9,RHS,Rural,Martur,Collision Brush/Side Wipe,,Bike,Grievious injury,Fault of driver of motor vehicle/driver of other vehicle/cyclist/pedestrian/passenger,Four lanes or more with central divider,Straight road,,Fine,AP07BU   5074,P.V,Non injured,1
05.05.2018,7:10 AM,1188.9,RHS,Rural,Martur,Collision Brush/Side Wipe,,Bike,Grievious injury,Fault of driver of motor vehicle/driver of other vehicle/cyclist/pedestrian/passenger,Four lanes or more with central divider,Straight road,,Fine,AP07BU   5074,P.V,Animals affected,0
05.05.2018,12:45 PM,1347.9,RHS,Rural,Dagadarthi,Collision Brush/Side Wipe,,Unknown vehicle,Grievious injury,Over speed,Four lanes or more with central divider,Straight road,,Fine,Unknown Number,A.M.B,Fatal,0
05.05.2018,12:45 PM,1347.9,RHS,Rural,Dagadarthi,Collision Brush/Side Wipe,,Unknown vehicle,Grievious injury,Over speed,Four lanes or more with central divider,Straight road,,Fine,Unknown Number,A.M.B,Grevious,1
05.05.2018,12:45 PM,1347.9,RHS,Rural,Dagadarthi,Collision Brush/Side Wipe,,Unknown vehicle,Grievious injury,Over speed,Four lanes or more with central divider,Straight road,,Fine,Unknown Number,A.M.B,Minor,0
05.05.2018,12:45 PM,1347.9,RHS,Rural,Dagadarthi,Collision Brush/Side Wipe,,Unknown vehicle,Grievious injury,Over speed,Four lanes or more with central divider,Straight road,,Fine,Unknown Number,A.M.B,Non injured,0
05.05.2018,12:45 PM,1347.9,RHS,Rural,Dagadarthi,Collision Brush/Side Wipe,,Unknown vehicle,Grievious injury,Over speed,Four lanes or more with central divider,Straight road,,Fine,Unknown Number,A.M.B,Animals affected,0
05.05.2018,4:00 PM,1194.3,RHS,Rural,Martur,Head on collision,,Car,Fatal,Fault of driver of motor vehicle/driver of other vehicle/cyclist/pedestrian/passenger,Four lanes or more with central divider,Straight road,,Fine,KA04MF   8280,A.M.B& P.V,Fatal,1
05.05.2018,4:00 PM,1194.3,RHS,Rural,Martur,Head on collision,,Car,Fatal,Fault of driver of motor vehicle/driver of other vehicle/cyclist/pedestrian/passenger,Four lanes or more with central divider,Straight road,,Fine,KA04MF   8280,A.M.B& P.V,Grevious,0
05.05.2018,4:00 PM,1194.3,RHS,Rural,Martur,Head on collision,,Car,Fatal,Fault of driver of motor vehicle/driver of other vehicle/cyclist/pedestrian/passenger,Four lanes or more with central divider,Straight road,,Fine,KA04MF   8280,A.M.B& P.V,Minor,0
05.05.2018,4:00 PM,1194.3,RHS,Rural,Martur,Head on collision,,Car,Fatal,Fault of driver of motor vehicle/driver of other vehicle/cyclist/pedestrian/passenger,Four lanes or more with central divider,Straight road,,Fine,KA04MF   8280,A.M.B& P.V,Non injured,3
05.05.2018,4:00 PM,1194.3,RHS,Rural,Martur,Head on collision,,Car,Fatal,Fault of driver of motor vehicle/driver of other vehicle/cyclist/pedestrian/passenger,Four lanes or more with central divider,Straight road,,Fine,KA04MF   8280,A.M.B& P.V,Animals affected,0
05.05.2018,7:15 PM,1285.4,RHS,Rural,Ulavapadu,Collision Brush/Side Wipe,,Unknown vehicle,Grievious injury,Over speed,Four lanes or more with central divider,Straight road,,Fine,Unknown Number,P.V,Fatal,0
05.05.2018,7:15 PM,1285.4,RHS,Rural,Ulavapadu,Collision Brush/Side Wipe,,Unknown vehicle,Grievious injury,Over speed,Four lanes or more with central divider,Straight road,,Fine,Unknown Number,P.V,Grevious,1
05.05.2018,7:15 PM,1285.4,RHS,Rural,Ulavapadu,Collision Brush/Side Wipe,,Unknown vehicle,Grievious injury,Over speed,Four lanes or more with central divider,Straight road,,Fine,Unknown Number,P.V,Minor,0
05.05.2018,7:15 PM,1285.4,RHS,Rural,Ulavapadu,Collision Brush/Side Wipe,,Unknown vehicle,Grievious injury,Over speed,Four lanes or more with central divider,Straight road,,Fine,Unknown Number,P.V,Non injured,0
05.05.2018,7:15 PM,1285.4,RHS,Rural,Ulavapadu,Collision Brush/Side Wipe,,Unknown vehicle,Grievious injury,Over speed,Four lanes or more with central divider,Straight road,,Fine,Unknown Number,P.V,Animals affected,0
06.05.2018,12:10 AM,1252.4,RHS,Rural,Ongole,Collision Brush/Side Wipe,,Truck,Non injury,Fault of driver of motor vehicle/driver of other vehicle/cyclist/pedestrian/passenger,Two lanes,Straight road,,Fine,TN88B   1281,P.V,Fatal,0
06.05.2018,12:10 AM,1252.4,RHS,Rural,Ongole,Collision Brush/Side Wipe,,Truck,Non injury,Fault of driver of motor vehicle/driver of other vehicle/cyclist/pedestrian/passenger,Two lanes,Straight road,,Fine,TN88B   1281,P.V,Grevious,0
06.05.2018,12:10 AM,1252.4,RHS,Rural,Ongole,Collision Brush/Side Wipe,,Truck,Non injury,Fault of driver of motor vehicle/driver of other vehicle/cyclist/pedestrian/passenger,Two lanes,Straight road,,Fine,TN88B   1281,P.V,Minor,0
06.05.2018,12:10 AM,1252.4,RHS,Rural,Ongole,Collision Brush/Side Wipe,,Truck,Non injury,Fault of driver of motor vehicle/driver of other vehicle/cyclist/pedestrian/passenger,Two lanes,Straight road,,Fine,TN88B   1281,P.V,Non injured,1
06.05.2018,12:10 AM,1252.4,RHS,Rural,Ongole,Collision Brush/Side Wipe,,Truck,Non injury,Fault of driver of motor vehicle/driver of other vehicle/cyclist/pedestrian/passenger,Two lanes,Straight road,,Fine,TN88B   1281,P.V,Animals affected,0
06.05.2018,11:26 PM,1261.7,RHS,Rural,Tangutur,Skidding,,Bike,Minor injury,Fault of driver of motor vehicle/driver of other vehicle/cyclist/pedestrian/passenger,Four lanes or more with central divider,Straight road,,Fine,AP27BX  4422,AMB & P.V,Fatal,0
06.05.2018,11:26 PM,1261.7,RHS,Rural,Tangutur,Skidding,,Bike,Minor injury,Fault of driver of motor vehicle/driver of other vehicle/cyclist/pedestrian/passenger,Four lanes or more with central divider,Straight road,,Fine,AP27BX  4422,AMB & P.V,Grevious,0
06.05.2018,11:26 PM,1261.7,RHS,Rural,Tangutur,Skidding,,Bike,Minor injury,Fault of driver of motor vehicle/driver of other vehicle/cyclist/pedestrian/passenger,Four lanes or more with central divider,Straight road,,Fine,AP27BX  4422,AMB & P.V,Minor,1
06.05.2018,11:26 PM,1261.7,RHS,Rural,Tangutur,Skidding,,Bike,Minor injury,Fault of driver of motor vehicle/driver of other vehicle/cyclist/pedestrian/passenger,Four lanes or more with central divider,Straight road,,Fine,AP27BX  4422,AMB & P.V,Non injured,1
06.05.2018,11:26 PM,1261.7,RHS,Rural,Tangutur,Skidding,,Bike,Minor injury,Fault of driver of motor vehicle/driver of other vehicle/cyclist/pedestrian/passenger,Four lanes or more with central divider,Straight road,,Fine,AP27BX  4422,AMB & P.V,Animals affected,0
07.05.2018,5:15 AM,1222.2,RHS,Rural,Medarametla,Overturning,,Car,Non injury,Fault of driver of motor vehicle/driver of other vehicle/cyclist/pedestrian/passenger,Four lanes or more with central divider,Straight road,,Fine,AP16AN 9899,P.V,Fatal,0
07.05.2018,5:15 AM,1222.2,RHS,Rural,Medarametla,Overturning,,Car,Non injury,Fault of driver of motor vehicle/driver of other vehicle/cyclist/pedestrian/passenger,Four lanes or more with central divider,Straight road,,Fine,AP16AN 9899,P.V,Grevious,0
07.05.2018,5:15 AM,1222.2,RHS,Rural,Medarametla,Overturning,,Car,Non injury,Fault of driver of motor vehicle/driver of other vehicle/cyclist/pedestrian/passenger,Four lanes or more with central divider,Straight road,,Fine,AP16AN 9899,P.V,Minor,0
07.05.2018,5:15 AM,1222.2,RHS,Rural,Medarametla,Overturning,,Car,Non injury,Fault of driver of motor vehicle/driver of other vehicle/cyclist/pedestrian/passenger,Four lanes or more with central divider,Straight road,,Fine,AP16AN 9899,P.V,Non injured,3
07.05.2018,5:15 AM,1222.2,RHS,Rural,Medarametla,Overturning,,Car,Non injury,Fault of driver of motor vehicle/driver of other vehicle/cyclist/pedestrian/passenger,Four lanes or more with central divider,Straight road,,Fine,AP16AN 9899,P.V,Animals affected,0
07.05.2018,6:15 AM,1263,RHS,Rural,Tangutur,Overturning,,LCV,Non injury,Defect in mechanical condition of motor vehicle/road condition,Four lanes or more with central divider,Straight road,,Fine,AP07G  7936,P.V,Fatal,0
07.05.2018,6:15 AM,1263,RHS,Rural,Tangutur,Overturning,,LCV,Non injury,Defect in mechanical condition of motor vehicle/road condition,Four lanes or more with central divider,Straight road,,Fine,AP07G  7936,P.V,Grevious,0
07.05.2018,6:15 AM,1263,RHS,Rural,Tangutur,Overturning,,LCV,Non injury,Defect in mechanical condition of motor vehicle/road condition,Four lanes or more with central divider,Straight road,,Fine,AP07G  7936,P.V,Minor,0
07.05.2018,6:15 AM,1263,RHS,Rural,Tangutur,Overturning,,LCV,Non injury,Defect in mechanical condition of motor vehicle/road condition,Four lanes or more with central divider,Straight road,,Fine,AP07G  7936,P.V,Non injured,1
07.05.2018,6:15 AM,1263,RHS,Rural,Tangutur,Overturning,,LCV,Non injury,Defect in mechanical condition of motor vehicle/road condition,Four lanes or more with central divider,Straight road,,Fine,AP07G  7936,P.V,Animals affected,0
07.05.2018,6:55 PM,1184,RHS,Rural,Martur,Collision Brush/Side Wipe,,Truck,Non injury,Over speed,Four lanes or more with central divider,Straight road,,Fine,AP26TF 2313,P.V,Fatal,0
07.05.2018,6:55 PM,1184,RHS,Rural,Martur,Collision Brush/Side Wipe,,Truck,Non injury,Over speed,Four lanes or more with central divider,Straight road,,Fine,AP26TF 2313,P.V,Grevious,0
07.05.2018,6:55 PM,1184,RHS,Rural,Martur,Collision Brush/Side Wipe,,Truck,Non injury,Over speed,Four lanes or more with central divider,Straight road,,Fine,AP26TF 2313,P.V,Minor,0
07.05.2018,6:55 PM,1184,RHS,Rural,Martur,Collision Brush/Side Wipe,,Truck,Non injury,Over speed,Four lanes or more with central divider,Straight road,,Fine,AP26TF 2313,P.V,Non injured,3
07.05.2018,6:55 PM,1184,RHS,Rural,Martur,Collision Brush/Side Wipe,,Truck,Non injury,Over speed,Four lanes or more with central divider,Straight road,,Fine,AP26TF 2313,P.V,Animals affected,0
08.05.2018,2:45 AM,1232.2,RHS,Rural,Maddipadu,Overturning,,Truck,Non injury,Over speed,Four lanes or more with central divider,Straight road,,Fine,AP26TF   0055,P.V,Fatal,0
08.05.2018,2:45 AM,1232.2,RHS,Rural,Maddipadu,Overturning,,Truck,Non injury,Over speed,Four lanes or more with central divider,Straight road,,Fine,AP26TF   0055,P.V,Grevious,0
08.05.2018,2:45 AM,1232.2,RHS,Rural,Maddipadu,Overturning,,Truck,Non injury,Over speed,Four lanes or more with central divider,Straight road,,Fine,AP26TF   0055,P.V,Minor,0
08.05.2018,2:45 AM,1232.2,RHS,Rural,Maddipadu,Overturning,,Truck,Non injury,Over speed,Four lanes or more with central divider,Straight road,,Fine,AP26TF   0055,P.V,Non injured,2
08.05.2018,2:45 AM,1232.2,RHS,Rural,Maddipadu,Overturning,,Truck,Non injury,Over speed,Four lanes or more with central divider,Straight road,,Fine,AP26TF   0055,P.V,Animals affected,0
08.05.2018,4:00 AM,1261.6,RHS,Rural,Tangutur,Collision Brush/Side Wipe,,Truck,Non injury,Fault of driver of motor vehicle/driver of other vehicle/cyclist/pedestrian/passenger,Four lanes or more with central divider,Straight road,,Fine,TN52C    9877,P.V,Fatal,0
08.05.2018,4:00 AM,1261.6,RHS,Rural,Tangutur,Collision Brush/Side Wipe,,Truck,Non injury,Fault of driver of motor vehicle/driver of other vehicle/cyclist/pedestrian/passenger,Four lanes or more with central divider,Straight road,,Fine,TN52C    9877,P.V,Grevious,0
08.05.2018,4:00 AM,1261.6,RHS,Rural,Tangutur,Collision Brush/Side Wipe,,Truck,Non injury,Fault of driver of motor vehicle/driver of other vehicle/cyclist/pedestrian/passenger,Four lanes or more with central divider,Straight road,,Fine,TN52C    9877,P.V,Minor,0
08.05.2018,4:00 AM,1261.6,RHS,Rural,Tangutur,Collision Brush/Side Wipe,,Truck,Non injury,Fault of driver of motor vehicle/driver of other vehicle/cyclist/pedestrian/passenger,Four lanes or more with central divider,Straight road,,Fine,TN52C    9877,P.V,Non injured,2
08.05.2018,4:00 AM,1261.6,RHS,Rural,Tangutur,Collision Brush/Side Wipe,,Truck,Non injury,Fault of driver of motor vehicle/driver of other vehicle/cyclist/pedestrian/passenger,Four lanes or more with central divider,Straight road,,Fine,TN52C    9877,P.V,Animals affected,0
08.05.2018,7:35 AM,1278.5,RHS,Rural,Singarayakonda,Collision Brush/Side Wipe,,Truck,Minor injury,Fault of driver of motor vehicle/driver of other vehicle/cyclist/pedestrian/passenger,Four lanes or more with central divider,Straight road,,Fine,AP07TN   7677,P.V,Fatal,0
08.05.2018,7:35 AM,1278.5,RHS,Rural,Singarayakonda,Collision Brush/Side Wipe,,Truck,Minor injury,Fault of driver of motor vehicle/driver of other vehicle/cyclist/pedestrian/passenger,Four lanes or more with central divider,Straight road,,Fine,AP07TN   7677,P.V,Grevious,0
08.05.2018,7:35 AM,1278.5,RHS,Rural,Singarayakonda,Collision Brush/Side Wipe,,Truck,Minor injury,Fault of driver of motor vehicle/driver of other vehicle/cyclist/pedestrian/passenger,Four lanes or more with central divider,Straight road,,Fine,AP07TN   7677,P.V,Minor,1
08.05.2018,7:35 AM,1278.5,RHS,Rural,Singarayakonda,Collision Brush/Side Wipe,,Truck,Minor injury,Fault of driver of motor vehicle/driver of other vehicle/cyclist/pedestrian/passenger,Four lanes or more with central divider,Straight road,,Fine,AP07TN   7677,P.V,Non injured,41
08.05.2018,7:35 AM,1278.5,RHS,Rural,Singarayakonda,Collision Brush/Side Wipe,,Truck,Minor injury,Fault of driver of motor vehicle/driver of other vehicle/cyclist/pedestrian/passenger,Four lanes or more with central divider,Straight road,,Fine,AP07TN   7677,P.V,Animals affected,0
08.05.2018,3:10 PM,1268.2,RHS,Rural,Jarugumalli,Collision Brush/Side Wipe,,Car,Grievious injury,Over speed,Four lanes or more with central divider,Straight road,T-Junction,Fine,AP07DW   3222,A.M.B & P.V,Fatal,0
08.05.2018,3:10 PM,1268.2,RHS,Rural,Jarugumalli,Collision Brush/Side Wipe,,Car,Grievious injury,Over speed,Four lanes or more with central divider,Straight road,T-Junction,Fine,AP07DW   3222,A.M.B & P.V,Grevious,1
08.05.2018,3:10 PM,1268.2,RHS,Rural,Jarugumalli,Collision Brush/Side Wipe,,Car,Grievious injury,Over speed,Four lanes or more with central divider,Straight road,T-Junction,Fine,AP07DW   3222,A.M.B & P.V,Minor,0
08.05.2018,3:10 PM,1268.2,RHS,Rural,Jarugumalli,Collision Brush/Side Wipe,,Car,Grievious injury,Over speed,Four lanes or more with central divider,Straight road,T-Junction,Fine,AP07DW   3222,A.M.B & P.V,Non injured,3