Operational date,Time of Accident,KM && M,Position,Rural/Urban,Location,Nature of Accident Position,Nature of Accident,Vehicle Involved,Type of Accident,Causes,Road Feature,Road condition,Intersection Type And Control,Weather Condition,Vehicle Responsible,Help Provided by Ambulance/Patroling Vehicle,Classification of Accident,No of Affected Persons
08.05.2018,3:10 PM,1268.2,RHS,Rural,Jarugumalli,Collision Brush/Side Wipe,,Car,Grievious injury,Over speed,Four lanes or more with central divider,Straight road,T-Junction,Fine,AP07DW   3222,A.M.B & P.V,Animals affected,0
08.05.2018,7:55 PM,1282,RHS,Rural,Singarayakonda,Collision Brush/Side Wipe,,Car,Non injury,Fault of driver of motor vehicle/driver of other vehicle/cyclist/pedestrian/passenger,Four lanes or more with central divider,Straight road,,Fine,AP21AP    8096,P.V,Fatal,0
08.05.2018,7:55 PM,1282,RHS,Rural,Singarayakonda,Collision Brush/Side Wipe,,Car,Non injury,Fault of driver of motor vehicle/driver of other vehicle/cyclist/pedestrian/passenger,Four lanes or more with central divider,Straight road,,Fine,AP21AP    8096,P.V,Grevious,0
08.05.2018,7:55 PM,1282,RHS,Rural,Singarayakonda,Collision Brush/Side Wipe,,Car,Non injury,Fault of driver of motor vehicle/driver of other vehicle/cyclist/pedestrian/passenger,Four lanes or more with central divider,Straight road,,Fine,AP21AP    8096,P.V,Minor,0
08.05.2018,7:55 PM,1282,RHS,Rural,Singarayakonda,Collision Brush/Side Wipe,,Car,Non injury,Fault of driver of motor vehicle/driver of other vehicle/cyclist/pedestrian/passenger,Four lanes or more with central divider,Straight road,,Fine,AP21AP    8096,P.V,Non injured,5
08.05.2018,7:55 PM,1282,RHS,Rural,Singarayakonda,Collision Brush/Side Wipe,,Car,Non injury,Fault of driver of motor vehicle/driver of other vehicle/cyclist/pedestrian/passenger,Four lanes or more with central divider,Straight road,,Fine,AP21AP    8096,P.V,Animals affected,0
09.05.2018,3:30 AM,1271.1,RHS,Rural,Jarugumalli,Rear End Collision,,Bus,Non injury,Fault of driver of motor vehicle/driver of other vehicle/cyclist/pedestrian/passenger,Four lanes or more with central divider,Straight road,,Fine,AP03TD   5465,P.V,Fatal,0
09.05.2018,3:30 AM,1271.1,RHS,Rural,Jarugumalli,Rear End Collision,,Bus,Non injury,Fault of driver of motor vehicle/driver of other vehicle/cyclist/pedestrian/passenger,Four lanes or more with central divider,Straight road,,Fine,AP03TD   5465,P.V,Grevious,0
09.05.2018,3:30 AM,1271.1,RHS,Rural,Jarugumalli,Rear End Collision,,Bus,Non injury,Fault of driver of motor vehicle/driver of other vehicle/cyclist/pedestrian/passenger,Four lanes or more with central divider,Straight road,,Fine,AP03TD   5465,P.V,Minor,0
09.05.2018,3:30 AM,1271.1,RHS,Rural,Jarugumalli,Rear End Collision,,Bus,Non injury,Fault of driver of motor vehicle/driver of other vehicle/cyclist/pedestrian/passenger,Four lanes or more with central divider,Straight road,,Fine,AP03TD   5465,P.V,Non injured,29
09.05.2018,3:30 AM,1271.1,RHS,Rural,Jarugumalli,Rear End Collision,,Bus,Non injury,Fault of driver of motor vehicle/driver of other vehicle/cyclist/pedestrian/passenger,Four lanes or more with central divider,Straight road,,Fine,AP03TD   5465,P.V,Animals affected,0
09.05.2018,4:15 AM,1337.6,RHS,Rural,K.Tippa ,Collision Brush/Side Wipe,,Truck,Non injury,Fault of driver of motor vehicle/driver of other vehicle/cyclist/pedestrian/passenger,Four lanes or more with central divider,Straight road,,Fine,AP15X     5662,P.V,Fatal,0
09.05.2018,4:15 AM,1337.6,RHS,Rural,K.Tippa ,Collision Brush/Side Wipe,,Truck,Non injury,Fault of driver of motor vehicle/driver of other vehicle/cyclist/pedestrian/passenger,Four lanes or more with central divider,Straight road,,Fine,AP15X     5662,P.V,Grevious,0
09.05.2018,4:15 AM,1337.6,RHS,Rural,K.Tippa ,Collision Brush/Side Wipe,,Truck,Non injury,Fault of driver of motor vehicle/driver of other vehicle/cyclist/pedestrian/passenger,Four lanes or more with central divider,Straight road,,Fine,AP15X     5662,P.V,Minor,0
09.05.2018,4:15 AM,1337.6,RHS,Rural,K.Tippa ,Collision Brush/Side Wipe,,Truck,Non injury,Fault of driver of motor vehicle/driver of other vehicle/cyclist/pedestrian/passenger,Four lanes or more with central divider,Straight road,,Fine,AP15X     5662,P.V,Non injured,1
09.05.2018,4:15 AM,1337.6,RHS,Rural,K.Tippa ,Collision Brush/Side Wipe,,Truck,Non injury,Fault of driver of motor vehicle/driver of other vehicle/cyclist/pedestrian/passenger,Four lanes or more with central divider,Straight road,,Fine,AP15X     5662,P.V,Animals affected,0
09.05.2018,12:05 PM,1325.4,RHS,Rural,Kavali,Rear End Collision,,Car,Non injury,Over speed,Four lanes or more with central divider,Straight road,,Fine,AP09CG   1859,P.V,Fatal,0
09.05.2018,12:05 PM,1325.4,RHS,Rural,Kavali,Rear End Collision,,Car,Non injury,Over speed,Four lanes or more with central divider,Straight road,,Fine,AP09CG   1859,P.V,Grevious,0
09.05.2018,12:05 PM,1325.4,RHS,Rural,Kavali,Rear End Collision,,Car,Non injury,Over speed,Four lanes or more with central divider,Straight road,,Fine,AP09CG   1859,P.V,Minor,0
09.05.2018,12:05 PM,1325.4,RHS,Rural,Kavali,Rear End Collision,,Car,Non injury,Over speed,Four lanes or more with central divider,Straight road,,Fine,AP09CG   1859,P.V,Non injured,4
09.05.2018,12:05 PM,1325.4,RHS,Rural,Kavali,Rear End Collision,,Car,Non injury,Over speed,Four lanes or more with central divider,Straight road,,Fine,AP09CG   1859,P.V,Animals affected,0
10.05.2018,5:30 AM,1336.3,RHS,Rural,Maddipadu,Others(p1.Specific),,Trailler,Minor injury,Fault of driver of motor vehicle/driver of other vehicle/cyclist/pedestrian/passenger,Two lanes,Straight road,,Fine,AP27TU  6399,P.V,Fatal,0
10.05.2018,5:30 AM,1336.3,RHS,Rural,Maddipadu,Others(p1.Specific),,Trailler,Minor injury,Fault of driver of motor vehicle/driver of other vehicle/cyclist/pedestrian/passenger,Two lanes,Straight road,,Fine,AP27TU  6399,P.V,Grevious,0
10.05.2018,5:30 AM,1336.3,RHS,Rural,Maddipadu,Others(p1.Specific),,Trailler,Minor injury,Fault of driver of motor vehicle/driver of other vehicle/cyclist/pedestrian/passenger,Two lanes,Straight road,,Fine,AP27TU  6399,P.V,Minor,1
10.05.2018,5:30 AM,1336.3,RHS,Rural,Maddipadu,Others(p1.Specific),,Trailler,Minor injury,Fault of driver of motor vehicle/driver of other vehicle/cyclist/pedestrian/passenger,Two lanes,Straight road,,Fine,AP27TU  6399,P.V,Non injured,0
10.05.2018,5:30 AM,1336.3,RHS,Rural,Maddipadu,Others(p1.Specific),,Trailler,Minor injury,Fault of driver of motor vehicle/driver of other vehicle/cyclist/pedestrian/passenger,Two lanes,Straight road,,Fine,AP27TU  6399,P.V,Animals affected,0
10.05.2018,11:50 AM,1228.3,RHS,Rural,Maddipadu,Collision Brush/Side Wipe,,Bike,Minor injury,Over speed,Four lanes or more with central divider,Straight road,,Fine,AP27AM  7310,P.V,Fatal,0
10.05.2018,11:50 AM,1228.3,RHS,Rural,Maddipadu,Collision Brush/Side Wipe,,Bike,Minor injury,Over speed,Four lanes or more with central divider,Straight road,,Fine,AP27AM  7310,P.V,Grevious,0
10.05.2018,11:50 AM,1228.3,RHS,Rural,Maddipadu,Collision Brush/Side Wipe,,Bike,Minor injury,Over speed,Four lanes or more with central divider,Straight road,,Fine,AP27AM  7310,P.V,Minor,1
10.05.2018,11:50 AM,1228.3,RHS,Rural,Maddipadu,Collision Brush/Side Wipe,,Bike,Minor injury,Over speed,Four lanes or more with central divider,Straight road,,Fine,AP27AM  7310,P.V,Non injured,0
10.05.2018,11:50 AM,1228.3,RHS,Rural,Maddipadu,Collision Brush/Side Wipe,,Bike,Minor injury,Over speed,Four lanes or more with central divider,Straight road,,Fine,AP27AM  7310,P.V,Animals affected,0
10.05.2018,1:20 PM,1260.2,RHS,Rural,Tangutur,Collision Brush/Side Wipe,,Auto,Grievious injury,Over speed,Two lanes,Straight road,,Fine,AP27TY   5052,A.M.B & P.V,Fatal,0
10.05.2018,1:20 PM,1260.2,RHS,Rural,Tangutur,Collision Brush/Side Wipe,,Auto,Grievious injury,Over speed,Two lanes,Straight road,,Fine,AP27TY   5052,A.M.B & P.V,Grevious,2
10.05.2018,1:20 PM,1260.2,RHS,Rural,Tangutur,Collision Brush/Side Wipe,,Auto,Grievious injury,Over speed,Two lanes,Straight road,,Fine,AP27TY   5052,A.M.B & P.V,Minor,2
10.05.2018,1:20 PM,1260.2,RHS,Rural,Tangutur,Collision Brush/Side Wipe,,Auto,Grievious injury,Over speed,Two lanes,Straight road,,Fine,AP27TY   5052,A.M.B & P.V,Non injured,1
10.05.2018,1:20 PM,1260.2,RHS,Rural,Tangutur,Collision Brush/Side Wipe,,Auto,Grievious injury,Over speed,Two lanes,Straight road,,Fine,AP27TY   5052,A.M.B & P.V,Animals affected,0
10.05.2018,6:30 PM,1289,RHS,Rural,Ulavapadu,Overturning,,Car,Non injury,Over speed,Four lanes or more with central divider,Straight road,,Fine,KA03NC   2629,P.V ,Fatal,0
10.05.2018,6:30 PM,1289,RHS,Rural,Ulavapadu,Overturning,,Car,Non injury,Over speed,Four lanes or more with central divider,Straight road,,Fine,KA03NC   2629,P.V ,Grevious,0
10.05.2018,6:30 PM,1289,RHS,Rural,Ulavapadu,Overturning,,Car,Non injury,Over speed,Four lanes or more with central divider,Straight road,,Fine,KA03NC   2629,P.V ,Minor,0
10.05.2018,6:30 PM,1289,RHS,Rural,Ulavapadu,Overturning,,Car,Non injury,Over speed,Four lanes or more with central divider,Straight road,,Fine,KA03NC   2629,P.V ,Non injured,1
10.05.2018,6:30 PM,1289,RHS,Rural,Ulavapadu,Overturning,,Car,Non injury,Over speed,Four lanes or more with central divider,Straight road,,Fine,KA03NC   2629,P.V ,Animals affected,0
10.05.2018,11:10 PM,1188.8,RHS,Rural,Martur,Collision Brush/Side Wipe,,Tanker,Non injury,Druken,Four lanes or more with central divider,Straight road,,Fine,TN69AH   5979,P.V ,Fatal,0
10.05.2018,11:10 PM,1188.8,RHS,Rural,Martur,Collision Brush/Side Wipe,,Tanker,Non injury,Druken,Four lanes or more with central divider,Straight road,,Fine,TN69AH   5979,P.V ,Grevious,0
10.05.2018,11:10 PM,1188.8,RHS,Rural,Martur,Collision Brush/Side Wipe,,Tanker,Non injury,Druken,Four lanes or more with central divider,Straight road,,Fine,TN69AH   5979,P.V ,Minor,0
10.05.2018,11:10 PM,1188.8,RHS,Rural,Martur,Collision Brush/Side Wipe,,Tanker,Non injury,Druken,Four lanes or more with central divider,Straight road,,Fine,TN69AH   5979,P.V ,Non injured,2
10.05.2018,11:10 PM,1188.8,RHS,Rural,Martur,Collision Brush/Side Wipe,,Tanker,Non injury,Druken,Four lanes or more with central divider,Straight road,,Fine,TN69AH   5979,P.V ,Animals affected,0
11.05.2018,5:00 AM,1311.3,RHS,Rural,Kavali,Collision Brush/Side Wipe,,Truck,Non injury,Over speed,Four lanes or more with central divider,Straight road,,Fine,TN18D   2214,P.V,Fatal,0
11.05.2018,5:00 AM,1311.3,RHS,Rural,Kavali,Collision Brush/Side Wipe,,Truck,Non injury,Over speed,Four lanes or more with central divider,Straight road,,Fine,TN18D   2214,P.V,Grevious,0
11.05.2018,5:00 AM,1311.3,RHS,Rural,Kavali,Collision Brush/Side Wipe,,Truck,Non injury,Over speed,Four lanes or more with central divider,Straight road,,Fine,TN18D   2214,P.V,Minor,0
11.05.2018,5:00 AM,1311.3,RHS,Rural,Kavali,Collision Brush/Side Wipe,,Truck,Non injury,Over speed,Four lanes or more with central divider,Straight road,,Fine,TN18D   2214,P.V,Non injured,31
11.05.2018,5:00 AM,1311.3,RHS,Rural,Kavali,Collision Brush/Side Wipe,,Truck,Non injury,Over speed,Four lanes or more with central divider,Straight road,,Fine,TN18D   2214,P.V,Animals affected,0
11.05.2018,12:20 PM,1273.7,RHS,Rural,Singarayakonda,Collision Brush/Side Wipe,,Trailler,Non injury,Fault of driver of motor vehicle/driver of other vehicle/cyclist/pedestrian/passenger,Two lanes,Straight road,Four arm junction,Fine,AP27TZ    1139,P.V,Fatal,0
11.05.2018,12:20 PM,1273.7,RHS,Rural,Singarayakonda,Collision Brush/Side Wipe,,Trailler,Non injury,Fault of driver of motor vehicle/driver of other vehicle/cyclist/pedestrian/passenger,Two lanes,Straight road,Four arm junction,Fine,AP27TZ    1139,P.V,Grevious,0
11.05.2018,12:20 PM,1273.7,RHS,Rural,Singarayakonda,Collision Brush/Side Wipe,,Trailler,Non injury,Fault of driver of motor vehicle/driver of other vehicle/cyclist/pedestrian/passenger,Two lanes,Straight road,Four arm junction,Fine,AP27TZ    1139,P.V,Minor,0
11.05.2018,12:20 PM,1273.7,RHS,Rural,Singarayakonda,Collision Brush/Side Wipe,,Trailler,Non injury,Fault of driver of motor vehicle/driver of other vehicle/cyclist/pedestrian/passenger,Two lanes,Straight road,Four arm junction,Fine,AP27TZ    1139,P.V,Non injured,2
11.05.2018,12:20 PM,1273.7,RHS,Rural,Singarayakonda,Collision Brush/Side Wipe,,Trailler,Non injury,Fault of driver of motor vehicle/driver of other vehicle/cyclist/pedestrian/passenger,Two lanes,Straight road,Four arm junction,Fine,AP27TZ    1139,P.V,Animals affected,0
12.05.2018,2:30 AM,1185.5,RHS,Rural,Martur,Collision Brush/Side Wipe,,Truck,Fatal,Fault of driver of motor vehicle/driver of other vehicle/cyclist/pedestrian/passenger,Four lanes or more with central divider,Straight road,,Fine,OD02AQ 8544,P.V,Fatal,1
12.05.2018,2:30 AM,1185.5,RHS,Rural,Martur,Collision Brush/Side Wipe,,Truck,Fatal,Fault of driver of motor vehicle/driver of other vehicle/cyclist/pedestrian/passenger,Four lanes or more with central divider,Straight road,,Fine,OD02AQ 8544,P.V,Grevious,0
12.05.2018,2:30 AM,1185.5,RHS,Rural,Martur,Collision Brush/Side Wipe,,Truck,Fatal,Fault of driver of motor vehicle/driver of other vehicle/cyclist/pedestrian/passenger,Four lanes or more with central divider,Straight road,,Fine,OD02AQ 8544,P.V,Minor,0
12.05.2018,2:30 AM,1185.5,RHS,Rural,Martur,Collision Brush/Side Wipe,,Truck,Fatal,Fault of driver of motor vehicle/driver of other vehicle/cyclist/pedestrian/passenger,Four lanes or more with central divider,Straight road,,Fine,OD02AQ 8544,P.V,Non injured,1
12.05.2018,2:30 AM,1185.5,RHS,Rural,Martur,Collision Brush/Side Wipe,,Truck,Fatal,Fault of driver of motor vehicle/driver of other vehicle/cyclist/pedestrian/passenger,Four lanes or more with central divider,Straight road,,Fine,OD02AQ 8544,P.V,Animals affected,0
12.05.2018,5:21 AM,1208.2,RHS,Rural,Reningavaram,Collision Brush/Side Wipe,,Car,Minor injury,Fault of driver of motor vehicle/driver of other vehicle/cyclist/pedestrian/passenger,Four lanes or more with central divider,Straight road,,Fine,AP07TG 9926,A.M.B,Fatal,0
12.05.2018,5:21 AM,1208.2,RHS,Rural,Reningavaram,Collision Brush/Side Wipe,,Car,Minor injury,Fault of driver of motor vehicle/driver of other vehicle/cyclist/pedestrian/passenger,Four lanes or more with central divider,Straight road,,Fine,AP07TG 9926,A.M.B,Grevious,0
12.05.2018,5:21 AM,1208.2,RHS,Rural,Reningavaram,Collision Brush/Side Wipe,,Car,Minor injury,Fault of driver of motor vehicle/driver of other vehicle/cyclist/pedestrian/passenger,Four lanes or more with central divider,Straight road,,Fine,AP07TG 9926,A.M.B,Minor,3
12.05.2018,5:21 AM,1208.2,RHS,Rural,Reningavaram,Collision Brush/Side Wipe,,Car,Minor injury,Fault of driver of motor vehicle/driver of other vehicle/cyclist/pedestrian/passenger,Four lanes or more with central divider,Straight road,,Fine,AP07TG 9926,A.M.B,Non injured,2
12.05.2018,5:21 AM,1208.2,RHS,Rural,Reningavaram,Collision Brush/Side Wipe,,Car,Minor injury,Fault of driver of motor vehicle/driver of other vehicle/cyclist/pedestrian/passenger,Four lanes or more with central divider,Straight road,,Fine,AP07TG 9926,A.M.B,Animals affected,0
12.05.2018,9:05 AM,1262.3,RHS,Rural,Tangutur,Collision Brush/Side Wipe,,Car,Minor injury,Over speed,Four lanes or more with central divider,Straight road,,Fine,AP31XX T/R 9587,AMB & P.V,Fatal,0
12.05.2018,9:05 AM,1262.3,RHS,Rural,Tangutur,Collision Brush/Side Wipe,,Car,Minor injury,Over speed,Four lanes or more with central divider,Straight road,,Fine,AP31XX T/R 9587,AMB & P.V,Grevious,0
12.05.2018,9:05 AM,1262.3,RHS,Rural,Tangutur,Collision Brush/Side Wipe,,Car,Minor injury,Over speed,Four lanes or more with central divider,Straight road,,Fine,AP31XX T/R 9587,AMB & P.V,Minor,1
12.05.2018,9:05 AM,1262.3,RHS,Rural,Tangutur,Collision Brush/Side Wipe,,Car,Minor injury,Over speed,Four lanes or more with central divider,Straight road,,Fine,AP31XX T/R 9587,AMB & P.V,Non injured,1
12.05.2018,9:05 AM,1262.3,RHS,Rural,Tangutur,Collision Brush/Side Wipe,,Car,Minor injury,Over speed,Four lanes or more with central divider,Straight road,,Fine,AP31XX T/R 9587,AMB & P.V,Animals affected,0
12.05.2018,9:30 AM,1212,RHS,Rural,Medarametla,Collision Brush/Side Wipe,,Bike,Grievious injury,Fault of driver of motor vehicle/driver of other vehicle/cyclist/pedestrian/passenger,Four lanes or more with central divider,Straight road,,Fine,AP27Q   9095,AMB & P.V,Fatal,0
12.05.2018,9:30 AM,1212,RHS,Rural,Medarametla,Collision Brush/Side Wipe,,Bike,Grievious injury,Fault of driver of motor vehicle/driver of other vehicle/cyclist/pedestrian/passenger,Four lanes or more with central divider,Straight road,,Fine,AP27Q   9095,AMB & P.V,Grevious,2
12.05.2018,9:30 AM,1212,RHS,Rural,Medarametla,Collision Brush/Side Wipe,,Bike,Grievious injury,Fault of driver of motor vehicle/driver of other vehicle/cyclist/pedestrian/passenger,Four lanes or more with central divider,Straight road,,Fine,AP27Q   9095,AMB & P.V,Minor,0
12.05.2018,9:30 AM,1212,RHS,Rural,Medarametla,Collision Brush/Side Wipe,,Bike,Grievious injury,Fault of driver of motor vehicle/driver of other vehicle/cyclist/pedestrian/passenger,Four lanes or more with central divider,Straight road,,Fine,AP27Q   9095,AMB & P.V,Non injured,0
12.05.2018,9:30 AM,1212,RHS,Rural,Medarametla,Collision Brush/Side Wipe,,Bike,Grievious injury,Fault of driver of motor vehicle/driver of other vehicle/cyclist/pedestrian/passenger,Four lanes or more with central divider,Straight road,,Fine,AP27Q   9095,AMB & P.V,Animals affected,0
12.05.2018,4:40 PM,1291.3,RHS,Rural,Ulavapadu,Collision Brush/Side Wipe,,Bike,Grievious injury,Fault of driver of motor vehicle/driver of other vehicle/cyclist/pedestrian/passenger,Four lanes or more with central divider,Straight road,,Fine,AP27BN 3204,P.V,Fatal,0
12.05.2018,4:40 PM,1291.3,RHS,Rural,Ulavapadu,Collision Brush/Side Wipe,,Bike,Grievious injury,Fault of driver of motor vehicle/driver of other vehicle/cyclist/pedestrian/passenger,Four lanes or more with central divider,Straight road,,Fine,AP27BN 3204,P.V,Grevious,1
12.05.2018,4:40 PM,1291.3,RHS,Rural,Ulavapadu,Collision Brush/Side Wipe,,Bike,Grievious injury,Fault of driver of motor vehicle/driver of other vehicle/cyclist/pedestrian/passenger,Four lanes or more with central divider,Straight road,,Fine,AP27BN 3204,P.V,Minor,0
12.05.2018,4:40 PM,1291.3,RHS,Rural,Ulavapadu,Collision Brush/Side Wipe,,Bike,Grievious injury,Fault of driver of motor vehicle/driver of other vehicle/cyclist/pedestrian/passenger,Four lanes or more with central divider,Straight road,,Fine,AP27BN 3204,P.V,Non injured,1
12.05.2018,4:40 PM,1291.3,RHS,Rural,Ulavapadu,Collision Brush/Side Wipe,,Bike,Grievious injury,Fault of driver of motor vehicle/driver of other vehicle/cyclist/pedestrian/passenger,Four lanes or more with central divider,Straight road,,Fine,AP27BN 3204,P.V,Animals affected,0
13.05.2018,3:20 PM,1192,RHS,Rural,Martur,Collision Brush/Side Wipe,,Bike,Grievious injury,Fault of driver of motor vehicle/driver of other vehicle/cyclist/pedestrian/passenger,Two lanes,Straight road,,Fine,AP27BP  4660,P.V,Fatal,0
13.05.2018,3:20 PM,1192,RHS,Rural,Martur,Collision Brush/Side Wipe,,Bike,Grievious injury,Fault of driver of motor vehicle/driver of other vehicle/cyclist/pedestrian/passenger,Two lanes,Straight road,,Fine,AP27BP  4660,P.V,Grevious,1
13.05.2018,3:20 PM,1192,RHS,Rural,Martur,Collision Brush/Side Wipe,,Bike,Grievious injury,Fault of driver of motor vehicle/driver of other vehicle/cyclist/pedestrian/passenger,Two lanes,Straight road,,Fine,AP27BP  4660,P.V,Minor,0
13.05.2018,3:20 PM,1192,RHS,Rural,Martur,Collision Brush/Side Wipe,,Bike,Grievious injury,Fault of driver of motor vehicle/driver of other vehicle/cyclist/pedestrian/passenger,Two lanes,Straight road,,Fine,AP27BP  4660,P.V,Non injured,0
13.05.2018,3:20 PM,1192,RHS,Rural,Martur,Collision Brush/Side Wipe,,Bike,Grievious injury,Fault of driver of motor vehicle/driver of other vehicle/cyclist/pedestrian/passenger,Two lanes,Straight road,,Fine,AP27BP  4660,P.V,Animals affected,0
13.05.2018,3:45 PM,1276.6,RHS,Rural,Singarayakonda,Collision Brush/Side Wipe,,Car,Minor injury,Fault of driver of motor vehicle/driver of other vehicle/cyclist/pedestrian/passenger,Four lanes or more with central divider,Straight road,,Fine,AP27XD T/R 3533,P.V,Fatal,0
13.05.2018,3:45 PM,1276.6,RHS,Rural,Singarayakonda,Collision Brush/Side Wipe,,Car,Minor injury,Fault of driver of motor vehicle/driver of other vehicle/cyclist/pedestrian/passenger,Four lanes or more with central divider,Straight road,,Fine,AP27XD T/R 3533,P.V,Grevious,0
13.05.2018,3:45 PM,1276.6,RHS,Rural,Singarayakonda,Collision Brush/Side Wipe,,Car,Minor injury,Fault of driver of motor vehicle/driver of other vehicle/cyclist/pedestrian/passenger,Four lanes or more with central divider,Straight road,,Fine,AP27XD T/R 3533,P.V,Minor,3
13.05.2018,3:45 PM,1276.6,RHS,Rural,Singarayakonda,Collision Brush/Side Wipe,,Car,Minor injury,Fault of driver of motor vehicle/driver of other vehicle/cyclist/pedestrian/passenger,Four lanes or more with central divider,Straight road,,Fine,AP27XD T/R 3533,P.V,Non injured,0
13.05.2018,3:45 PM,1276.6,RHS,Rural,Singarayakonda,Collision Brush/Side Wipe,,Car,Minor injury,Fault of driver of motor vehicle/driver of other vehicle/cyclist/pedestrian/passenger,Four lanes or more with central divider,Straight road,,Fine,AP27XD T/R 3533,P.V,Animals affected,0
13.05.2018,8:15 PM,1255.6,RHS,Rural,Tangutur,Collision Brush/Side Wipe,,Car,Non injury,Over speed,Four lanes or more with central divider,Straight road,,Fine,AP27BM 4449,P.V,Fatal,0
13.05.2018,8:15 PM,1255.6,RHS,Rural,Tangutur,Collision Brush/Side Wipe,,Car,Non injury,Over speed,Four lanes or more with central divider,Straight road,,Fine,AP27BM 4449,P.V,Grevious,0
13.05.2018,8:15 PM,1255.6,RHS,Rural,Tangutur,Collision Brush/Side Wipe,,Car,Non injury,Over speed,Four lanes or more with central divider,Straight road,,Fine,AP27BM 4449,P.V,Minor,0
13.05.2018,8:15 PM,1255.6,RHS,Rural,Tangutur,Collision Brush/Side Wipe,,Car,Non injury,Over speed,Four lanes or more with central divider,Straight road,,Fine,AP27BM 4449,P.V,Non injured,2
13.05.2018,8:15 PM,1255.6,RHS,Rural,Tangutur,Collision Brush/Side Wipe,,Car,Non injury,Over speed,Four lanes or more with central divider,Straight road,,Fine,AP27BM 4449,P.V,Animals affected,0
13.05.2018,8:35 PM,1266.4,RHS,Rural,Tangutur,Collision Brush/Side Wipe,,Unknown vehicle,Fatal,Over speed,Four lanes or more with central divider,Straight road,,Fine,Unknown Vehicle,P.V,Fatal,1
13.05.2018,8:35 PM,1266.4,RHS,Rural,Tangutur,Collision Brush/Side Wipe,,Unknown vehicle,Fatal,Over speed,Four lanes or more with central divider,Straight road,,Fine,Unknown Vehicle,P.V,Grevious,0
13.05.2018,8:35 PM,1266.4,RHS,Rural,Tangutur,Collision Brush/Side Wipe,,Unknown vehicle,Fatal,Over speed,Four lanes or more with central divider,Straight road,,Fine,Unknown Vehicle,P.V,Minor,0
13.05.2018,8:35 PM,1266.4,RHS,Rural,Tangutur,Collision Brush/Side Wipe,,Unknown vehicle,Fatal,Over speed,Four lanes or more with central divider,Straight road,,Fine,Unknown Vehicle,P.V,Non injured,1
13.05.2018,8:35 PM,1266.4,RHS,Rural,Tangutur,Collision Brush/Side Wipe,,Unknown vehicle,Fatal,Over speed,Four lanes or more with central divider,Straight road,,Fine,Unknown Vehicle,P.V,Animals affected,0
14.05.2018,1:30 AM,1291.6,RHS,Rural,Ulavapadu,Collision Brush/Side Wipe,,Car,Non injury,Over speed,Four lanes or more with central divider,Straight road,,Fine,AP26BK 1820,P.V,Fatal,0
14.05.2018,1:30 AM,1291.6,RHS,Rural,Ulavapadu,Collision Brush/Side Wipe,,Car,Non injury,Over speed,Four lanes or more with central divider,Straight road,,Fine,AP26BK 1820,P.V,Grevious,0
14.05.2018,1:30 AM,1291.6,RHS,Rural,Ulavapadu,Collision Brush/Side Wipe,,Car,Non injury,Over speed,Four lanes or more with central divider,Straight road,,Fine,AP26BK 1820,P.V,Minor,0
14.05.2018,1:30 AM,1291.6,RHS,Rural,Ulavapadu,Collision Brush/Side Wipe,,Car,Non injury,Over speed,Four lanes or more with central divider,Straight road,,Fine,AP26BK 1820,P.V,Non injured,2
14.05.2018,1:30 AM,1291.6,RHS,Rural,Ulavapadu,Collision Brush/Side Wipe,,Car,Non injury,Over speed,Four lanes or more with central divider,Straight road,,Fine,AP26BK 1820,P.V,Animals affected,0
14.05.2018,4:33 AM,1194.2,RHS,Rural,Martur,Collision Brush/Side Wipe,,Car,Minor injury,Fault of driver of motor vehicle/driver of other vehicle/cyclist/pedestrian/passenger,Four lanes or more with central divider,Straight road,,Fine,AP07CG 3737,A.M.B,Fatal,0
14.05.2018,4:33 AM,1194.2,RHS,Rural,Martur,Collision Brush/Side Wipe,,Car,Minor injury,Fault of driver of motor vehicle/driver of other vehicle/cyclist/pedestrian/passenger,Four lanes or more with central divider,Straight road,,Fine,AP07CG 3737,A.M.B,Grevious,0
14.05.2018,4:33 AM,1194.2,RHS,Rural,Martur,Collision Brush/Side Wipe,,Car,Minor injury,Fault of driver of motor vehicle/driver of other vehicle/cyclist/pedestrian/passenger,Four lanes or more with central divider,Straight road,,Fine,AP07CG 3737,A.M.B,Minor,2
14.05.2018,4:33 AM,1194.2,RHS,Rural,Martur,Collision Brush/Side Wipe,,Car,Minor injury,Fault of driver of motor vehicle/driver of other vehicle/cyclist/pedestrian/passenger,Four lanes or more with central divider,Straight road,,Fine,AP07CG 3737,A.M.B,Non injured,3
14.05.2018,4:33 AM,1194.2,RHS,Rural,Martur,Collision Brush/Side Wipe,,Car,Minor injury,Fault of driver of motor vehicle/driver of other vehicle/cyclist/pedestrian/passenger,Four lanes or more with central divider,Straight road,,Fine,AP07CG 3737,A.M.B,Animals affected,0
14.05.2018,5:55 AM,1239.7,RHS,Rural,Ongole,Rear End Collision,,Truck,Non injury,Fault of driver of motor vehicle/driver of other vehicle/cyclist/pedestrian/passenger,Four lanes or more with central divider,Straight road,,Fine,TS11UB 7517,P.V,Fatal,0
14.05.2018,5:55 AM,1239.7,RHS,Rural,Ongole,Rear End Collision,,Truck,Non injury,Fault of driver of motor vehicle/driver of other vehicle/cyclist/pedestrian/passenger,Four lanes or more with central divider,Straight road,,Fine,TS11UB 7517,P.V,Grevious,0
14.05.2018,5:55 AM,1239.7,RHS,Rural,Ongole,Rear End Collision,,Truck,Non injury,Fault of driver of motor vehicle/driver of other vehicle/cyclist/pedestrian/passenger,Four lanes or more with central divider,Straight road,,Fine,TS11UB 7517,P.V,Minor,0
14.05.2018,5:55 AM,1239.7,RHS,Rural,Ongole,Rear End Collision,,Truck,Non injury,Fault of driver of motor vehicle/driver of other vehicle/cyclist/pedestrian/passenger,Four lanes or more with central divider,Straight road,,Fine,TS11UB 7517,P.V,Non injured,3