Operational date,Time of Accident,KM && M,Position,Rural/Urban,Location,Nature of Accident Position,Nature of Accident,Vehicle Involved,Type of Accident,Causes,Road Feature,Road condition,Intersection Type And Control,Weather Condition,Vehicle Responsible,Help Provided by Ambulance/Patroling Vehicle,Classification of Accident,No of Affected Persons
14.05.2018,5:55 AM,1239.7,RHS,Rural,Ongole,Rear End Collision,,Truck,Non injury,Fault of driver of motor vehicle/driver of other vehicle/cyclist/pedestrian/passenger,Four lanes or more with central divider,Straight road,,Fine,TS11UB 7517,P.V,Animals affected,0
15.05.2018,2:00 PM,1200.4,RHS,Rural,Reningavaram,Collision Brush/Side Wipe,,Truck,Grievious injury,Over speed,Four lanes or more with central divider,Straight road,,Fine,AP03TE   1628,A.M.B & P.V,Fatal,0
15.05.2018,2:00 PM,1200.4,RHS,Rural,Reningavaram,Collision Brush/Side Wipe,,Truck,Grievious injury,Over speed,Four lanes or more with central divider,Straight road,,Fine,AP03TE   1628,A.M.B & P.V,Grevious,1
15.05.2018,2:00 PM,1200.4,RHS,Rural,Reningavaram,Collision Brush/Side Wipe,,Truck,Grievious injury,Over speed,Four lanes or more with central divider,Straight road,,Fine,AP03TE   1628,A.M.B & P.V,Minor,1
15.05.2018,2:00 PM,1200.4,RHS,Rural,Reningavaram,Collision Brush/Side Wipe,,Truck,Grievious injury,Over speed,Four lanes or more with central divider,Straight road,,Fine,AP03TE   1628,A.M.B & P.V,Non injured,1
15.05.2018,2:00 PM,1200.4,RHS,Rural,Reningavaram,Collision Brush/Side Wipe,,Truck,Grievious injury,Over speed,Four lanes or more with central divider,Straight road,,Fine,AP03TE   1628,A.M.B & P.V,Animals affected,0
15.05.2018,3:10 PM,1218.4,RHS,Rural,Medarametla,Rear End Collision,,Car,Non injury,Over speed,Four lanes or more with central divider,Straight road,,Fine,AP27BG   6647,P.V,Fatal,0
15.05.2018,3:10 PM,1218.4,RHS,Rural,Medarametla,Rear End Collision,,Car,Non injury,Over speed,Four lanes or more with central divider,Straight road,,Fine,AP27BG   6647,P.V,Grevious,0
15.05.2018,3:10 PM,1218.4,RHS,Rural,Medarametla,Rear End Collision,,Car,Non injury,Over speed,Four lanes or more with central divider,Straight road,,Fine,AP27BG   6647,P.V,Minor,0
15.05.2018,3:10 PM,1218.4,RHS,Rural,Medarametla,Rear End Collision,,Car,Non injury,Over speed,Four lanes or more with central divider,Straight road,,Fine,AP27BG   6647,P.V,Non injured,2
15.05.2018,3:10 PM,1218.4,RHS,Rural,Medarametla,Rear End Collision,,Car,Non injury,Over speed,Four lanes or more with central divider,Straight road,,Fine,AP27BG   6647,P.V,Animals affected,0
16.05.2018,9:15 AM,1224.1,RHS,Rural,Medarametla,Collision Brush/Side Wipe,,Container,Grievious injury,Fault of driver of motor vehicle/driver of other vehicle/cyclist/pedestrian/passenger,Four lanes or more with central divider,Straight road,Four arm junction,Fine,HR47B   7048,P.V,Fatal,0
16.05.2018,9:15 AM,1224.1,RHS,Rural,Medarametla,Collision Brush/Side Wipe,,Container,Grievious injury,Fault of driver of motor vehicle/driver of other vehicle/cyclist/pedestrian/passenger,Four lanes or more with central divider,Straight road,Four arm junction,Fine,HR47B   7048,P.V,Grevious,2
16.05.2018,9:15 AM,1224.1,RHS,Rural,Medarametla,Collision Brush/Side Wipe,,Container,Grievious injury,Fault of driver of motor vehicle/driver of other vehicle/cyclist/pedestrian/passenger,Four lanes or more with central divider,Straight road,Four arm junction,Fine,HR47B   7048,P.V,Minor,0
16.05.2018,9:15 AM,1224.1,RHS,Rural,Medarametla,Collision Brush/Side Wipe,,Container,Grievious injury,Fault of driver of motor vehicle/driver of other vehicle/cyclist/pedestrian/passenger,Four lanes or more with central divider,Straight road,Four arm junction,Fine,HR47B   7048,P.V,Non injured,2
16.05.2018,9:15 AM,1224.1,RHS,Rural,Medarametla,Collision Brush/Side Wipe,,Container,Grievious injury,Fault of driver of motor vehicle/driver of other vehicle/cyclist/pedestrian/passenger,Four lanes or more with central divider,Straight road,Four arm junction,Fine,HR47B   7048,P.V,Animals affected,0
16.05.2018,3:35 PM,1204,RHS,Rural,Reningavaram,Skidding,,Bike,Grievious injury,Druken,Two lanes,Straight road,,Fine,AP27AN   9460,A.M.B,Fatal,0
16.05.2018,3:35 PM,1204,RHS,Rural,Reningavaram,Skidding,,Bike,Grievious injury,Druken,Two lanes,Straight road,,Fine,AP27AN   9460,A.M.B,Grevious,1
16.05.2018,3:35 PM,1204,RHS,Rural,Reningavaram,Skidding,,Bike,Grievious injury,Druken,Two lanes,Straight road,,Fine,AP27AN   9460,A.M.B,Minor,1
16.05.2018,3:35 PM,1204,RHS,Rural,Reningavaram,Skidding,,Bike,Grievious injury,Druken,Two lanes,Straight road,,Fine,AP27AN   9460,A.M.B,Non injured,0
16.05.2018,3:35 PM,1204,RHS,Rural,Reningavaram,Skidding,,Bike,Grievious injury,Druken,Two lanes,Straight road,,Fine,AP27AN   9460,A.M.B,Animals affected,0
17.05.2018,2:15 AM,1264.7,RHS,Rural,Tangutur,Collision Brush/Side Wipe,,Truck,Fatal,Fault of driver of motor vehicle/driver of other vehicle/cyclist/pedestrian/passenger,Four lanes or more with central divider,Straight road,,Fine,TS06UB   1229,P.V,Fatal,1
17.05.2018,2:15 AM,1264.7,RHS,Rural,Tangutur,Collision Brush/Side Wipe,,Truck,Fatal,Fault of driver of motor vehicle/driver of other vehicle/cyclist/pedestrian/passenger,Four lanes or more with central divider,Straight road,,Fine,TS06UB   1229,P.V,Grevious,0
17.05.2018,2:15 AM,1264.7,RHS,Rural,Tangutur,Collision Brush/Side Wipe,,Truck,Fatal,Fault of driver of motor vehicle/driver of other vehicle/cyclist/pedestrian/passenger,Four lanes or more with central divider,Straight road,,Fine,TS06UB   1229,P.V,Minor,0
17.05.2018,2:15 AM,1264.7,RHS,Rural,Tangutur,Collision Brush/Side Wipe,,Truck,Fatal,Fault of driver of motor vehicle/driver of other vehicle/cyclist/pedestrian/passenger,Four lanes or more with central divider,Straight road,,Fine,TS06UB   1229,P.V,Non injured,2
17.05.2018,2:15 AM,1264.7,RHS,Rural,Tangutur,Collision Brush/Side Wipe,,Truck,Fatal,Fault of driver of motor vehicle/driver of other vehicle/cyclist/pedestrian/passenger,Four lanes or more with central divider,Straight road,,Fine,TS06UB   1229,P.V,Animals affected,0
17.05.2018,9:30 AM,1329.7,RHS,Rural,Kavali,Overturning,,Truck,Non injury,Fault of driver of motor vehicle/driver of other vehicle/cyclist/pedestrian/passenger,Four lanes or more with central divider,Straight road,,Fine,AP16TE   8145,P.V,Fatal,0
17.05.2018,9:30 AM,1329.7,RHS,Rural,Kavali,Overturning,,Truck,Non injury,Fault of driver of motor vehicle/driver of other vehicle/cyclist/pedestrian/passenger,Four lanes or more with central divider,Straight road,,Fine,AP16TE   8145,P.V,Grevious,0
17.05.2018,9:30 AM,1329.7,RHS,Rural,Kavali,Overturning,,Truck,Non injury,Fault of driver of motor vehicle/driver of other vehicle/cyclist/pedestrian/passenger,Four lanes or more with central divider,Straight road,,Fine,AP16TE   8145,P.V,Minor,0
17.05.2018,9:30 AM,1329.7,RHS,Rural,Kavali,Overturning,,Truck,Non injury,Fault of driver of motor vehicle/driver of other vehicle/cyclist/pedestrian/passenger,Four lanes or more with central divider,Straight road,,Fine,AP16TE   8145,P.V,Non injured,2
17.05.2018,9:30 AM,1329.7,RHS,Rural,Kavali,Overturning,,Truck,Non injury,Fault of driver of motor vehicle/driver of other vehicle/cyclist/pedestrian/passenger,Four lanes or more with central divider,Straight road,,Fine,AP16TE   8145,P.V,Animals affected,0
17.05.2018,12:04 PM,1326.8,RHS,Rural,Kavali,Collision Brush/Side Wipe,,Bike,Grievious injury,Druken,Four lanes or more with central divider,Straight road,,Fine,AP26AP   1936,A.M.B,Fatal,0
17.05.2018,12:04 PM,1326.8,RHS,Rural,Kavali,Collision Brush/Side Wipe,,Bike,Grievious injury,Druken,Four lanes or more with central divider,Straight road,,Fine,AP26AP   1936,A.M.B,Grevious,2
17.05.2018,12:04 PM,1326.8,RHS,Rural,Kavali,Collision Brush/Side Wipe,,Bike,Grievious injury,Druken,Four lanes or more with central divider,Straight road,,Fine,AP26AP   1936,A.M.B,Minor,0
17.05.2018,12:04 PM,1326.8,RHS,Rural,Kavali,Collision Brush/Side Wipe,,Bike,Grievious injury,Druken,Four lanes or more with central divider,Straight road,,Fine,AP26AP   1936,A.M.B,Non injured,0
17.05.2018,12:04 PM,1326.8,RHS,Rural,Kavali,Collision Brush/Side Wipe,,Bike,Grievious injury,Druken,Four lanes or more with central divider,Straight road,,Fine,AP26AP   1936,A.M.B,Animals affected,0
17.05.2018,1:15 PM,1268.7,RHS,Rural,Jarugumalli,Head on collision,,Bike,Grievious injury,Fault of driver of motor vehicle/driver of other vehicle/cyclist/pedestrian/passenger,Four lanes or more with central divider,Straight road,,Fine,AP09CE   1107,P.V,Fatal,0
17.05.2018,1:15 PM,1268.7,RHS,Rural,Jarugumalli,Head on collision,,Bike,Grievious injury,Fault of driver of motor vehicle/driver of other vehicle/cyclist/pedestrian/passenger,Four lanes or more with central divider,Straight road,,Fine,AP09CE   1107,P.V,Grevious,1
17.05.2018,1:15 PM,1268.7,RHS,Rural,Jarugumalli,Head on collision,,Bike,Grievious injury,Fault of driver of motor vehicle/driver of other vehicle/cyclist/pedestrian/passenger,Four lanes or more with central divider,Straight road,,Fine,AP09CE   1107,P.V,Minor,0
17.05.2018,1:15 PM,1268.7,RHS,Rural,Jarugumalli,Head on collision,,Bike,Grievious injury,Fault of driver of motor vehicle/driver of other vehicle/cyclist/pedestrian/passenger,Four lanes or more with central divider,Straight road,,Fine,AP09CE   1107,P.V,Non injured,1
17.05.2018,1:15 PM,1268.7,RHS,Rural,Jarugumalli,Head on collision,,Bike,Grievious injury,Fault of driver of motor vehicle/driver of other vehicle/cyclist/pedestrian/passenger,Four lanes or more with central divider,Straight road,,Fine,AP09CE   1107,P.V,Animals affected,0
18.05.2018,12:18 AM,1204.7,RHS,Rural,Reningavaram,Skidding,,Bike,Grievious injury,Druken,Two lanes,Straight road,,Fine,AP27AQ   7772,A.M.B,Fatal,0
18.05.2018,12:18 AM,1204.7,RHS,Rural,Reningavaram,Skidding,,Bike,Grievious injury,Druken,Two lanes,Straight road,,Fine,AP27AQ   7772,A.M.B,Grevious,2
18.05.2018,12:18 AM,1204.7,RHS,Rural,Reningavaram,Skidding,,Bike,Grievious injury,Druken,Two lanes,Straight road,,Fine,AP27AQ   7772,A.M.B,Minor,0
18.05.2018,12:18 AM,1204.7,RHS,Rural,Reningavaram,Skidding,,Bike,Grievious injury,Druken,Two lanes,Straight road,,Fine,AP27AQ   7772,A.M.B,Non injured,0
18.05.2018,12:18 AM,1204.7,RHS,Rural,Reningavaram,Skidding,,Bike,Grievious injury,Druken,Two lanes,Straight road,,Fine,AP27AQ   7772,A.M.B,Animals affected,0
18.05.2018,1:20 PM,1251.8,RHS,Rural,Ongole,Head on collision,,Car,Grievious injury,Fault of driver of motor vehicle/driver of other vehicle/cyclist/pedestrian/passenger,Four lanes or more with central divider,Straight road,,Fine,AP15BL   5553,A.M.B & P.V,Fatal,0
18.05.2018,1:20 PM,1251.8,RHS,Rural,Ongole,Head on collision,,Car,Grievious injury,Fault of driver of motor vehicle/driver of other vehicle/cyclist/pedestrian/passenger,Four lanes or more with central divider,Straight road,,Fine,AP15BL   5553,A.M.B & P.V,Grevious,1
18.05.2018,1:20 PM,1251.8,RHS,Rural,Ongole,Head on collision,,Car,Grievious injury,Fault of driver of motor vehicle/driver of other vehicle/cyclist/pedestrian/passenger,Four lanes or more with central divider,Straight road,,Fine,AP15BL   5553,A.M.B & P.V,Minor,1
18.05.2018,1:20 PM,1251.8,RHS,Rural,Ongole,Head on collision,,Car,Grievious injury,Fault of driver of motor vehicle/driver of other vehicle/cyclist/pedestrian/passenger,Four lanes or more with central divider,Straight road,,Fine,AP15BL   5553,A.M.B & P.V,Non injured,1
18.05.2018,1:20 PM,1251.8,RHS,Rural,Ongole,Head on collision,,Car,Grievious injury,Fault of driver of motor vehicle/driver of other vehicle/cyclist/pedestrian/passenger,Four lanes or more with central divider,Straight road,,Fine,AP15BL   5553,A.M.B & P.V,Animals affected,0
19.05.2018,4:40 AM,1196.9,RHS,Rural,Martur,Overturning,,Truck,Non injury,Fault of driver of motor vehicle/driver of other vehicle/cyclist/pedestrian/passenger,Four lanes or more with central divider,Straight road,,Fine,AP16TH 8187,P.V,Fatal,0
19.05.2018,4:40 AM,1196.9,RHS,Rural,Martur,Overturning,,Truck,Non injury,Fault of driver of motor vehicle/driver of other vehicle/cyclist/pedestrian/passenger,Four lanes or more with central divider,Straight road,,Fine,AP16TH 8187,P.V,Grevious,0
19.05.2018,4:40 AM,1196.9,RHS,Rural,Martur,Overturning,,Truck,Non injury,Fault of driver of motor vehicle/driver of other vehicle/cyclist/pedestrian/passenger,Four lanes or more with central divider,Straight road,,Fine,AP16TH 8187,P.V,Minor,0
19.05.2018,4:40 AM,1196.9,RHS,Rural,Martur,Overturning,,Truck,Non injury,Fault of driver of motor vehicle/driver of other vehicle/cyclist/pedestrian/passenger,Four lanes or more with central divider,Straight road,,Fine,AP16TH 8187,P.V,Non injured,1
19.05.2018,4:40 AM,1196.9,RHS,Rural,Martur,Overturning,,Truck,Non injury,Fault of driver of motor vehicle/driver of other vehicle/cyclist/pedestrian/passenger,Four lanes or more with central divider,Straight road,,Fine,AP16TH 8187,P.V,Animals affected,0
19.05.2018,5:50 AM,1244.7,RHS,Rural,Ongole,Collision Brush/Side Wipe,,Truck,Non injury,Over speed,Four lanes or more with central divider,Straight road,,Fine,AP26Y  6696,P.V,Fatal,0
19.05.2018,5:50 AM,1244.7,RHS,Rural,Ongole,Collision Brush/Side Wipe,,Truck,Non injury,Over speed,Four lanes or more with central divider,Straight road,,Fine,AP26Y  6696,P.V,Grevious,0
19.05.2018,5:50 AM,1244.7,RHS,Rural,Ongole,Collision Brush/Side Wipe,,Truck,Non injury,Over speed,Four lanes or more with central divider,Straight road,,Fine,AP26Y  6696,P.V,Minor,0
19.05.2018,5:50 AM,1244.7,RHS,Rural,Ongole,Collision Brush/Side Wipe,,Truck,Non injury,Over speed,Four lanes or more with central divider,Straight road,,Fine,AP26Y  6696,P.V,Non injured,1
19.05.2018,5:50 AM,1244.7,RHS,Rural,Ongole,Collision Brush/Side Wipe,,Truck,Non injury,Over speed,Four lanes or more with central divider,Straight road,,Fine,AP26Y  6696,P.V,Animals affected,0
20.05.2018,2:50 AM,1214.1,RHS,Rural,Medarametla,Collision Brush/Side Wipe,,Bus,Fatal,Over speed,Four lanes or more with central divider,Straight road,,Fine,AP31Z  0331,A.M.B & P.V,Fatal,1
20.05.2018,2:50 AM,1214.1,RHS,Rural,Medarametla,Collision Brush/Side Wipe,,Bus,Fatal,Over speed,Four lanes or more with central divider,Straight road,,Fine,AP31Z  0331,A.M.B & P.V,Grevious,2
20.05.2018,2:50 AM,1214.1,RHS,Rural,Medarametla,Collision Brush/Side Wipe,,Bus,Fatal,Over speed,Four lanes or more with central divider,Straight road,,Fine,AP31Z  0331,A.M.B & P.V,Minor,3
20.05.2018,2:50 AM,1214.1,RHS,Rural,Medarametla,Collision Brush/Side Wipe,,Bus,Fatal,Over speed,Four lanes or more with central divider,Straight road,,Fine,AP31Z  0331,A.M.B & P.V,Non injured,39
20.05.2018,2:50 AM,1214.1,RHS,Rural,Medarametla,Collision Brush/Side Wipe,,Bus,Fatal,Over speed,Four lanes or more with central divider,Straight road,,Fine,AP31Z  0331,A.M.B & P.V,Animals affected,0
20.05.2018,7:18 AM,1274.7,RHS,Rural,Singarayakonda,Rear End Collision,,Car,Minor injury,Over speed,Four lanes or more with central divider,Straight road,,Fine,TS08UD 6357,P.V,Fatal,0
20.05.2018,7:18 AM,1274.7,RHS,Rural,Singarayakonda,Rear End Collision,,Car,Minor injury,Over speed,Four lanes or more with central divider,Straight road,,Fine,TS08UD 6357,P.V,Grevious,0
20.05.2018,7:18 AM,1274.7,RHS,Rural,Singarayakonda,Rear End Collision,,Car,Minor injury,Over speed,Four lanes or more with central divider,Straight road,,Fine,TS08UD 6357,P.V,Minor,1
20.05.2018,7:18 AM,1274.7,RHS,Rural,Singarayakonda,Rear End Collision,,Car,Minor injury,Over speed,Four lanes or more with central divider,Straight road,,Fine,TS08UD 6357,P.V,Non injured,2
20.05.2018,7:18 AM,1274.7,RHS,Rural,Singarayakonda,Rear End Collision,,Car,Minor injury,Over speed,Four lanes or more with central divider,Straight road,,Fine,TS08UD 6357,P.V,Animals affected,0
20.05.2018,7:30 AM,1328.8,RHS,Rural,Kavali,Head on collision,,Tractor,Grievious injury,Fault of driver of motor vehicle/driver of other vehicle/cyclist/pedestrian/passenger,Four lanes or more with central divider,Sharp curve,,Fine,AP27BS 1617,A.M.B & P.V,Fatal,0
20.05.2018,7:30 AM,1328.8,RHS,Rural,Kavali,Head on collision,,Tractor,Grievious injury,Fault of driver of motor vehicle/driver of other vehicle/cyclist/pedestrian/passenger,Four lanes or more with central divider,Sharp curve,,Fine,AP27BS 1617,A.M.B & P.V,Grevious,1
20.05.2018,7:30 AM,1328.8,RHS,Rural,Kavali,Head on collision,,Tractor,Grievious injury,Fault of driver of motor vehicle/driver of other vehicle/cyclist/pedestrian/passenger,Four lanes or more with central divider,Sharp curve,,Fine,AP27BS 1617,A.M.B & P.V,Minor,0
20.05.2018,7:30 AM,1328.8,RHS,Rural,Kavali,Head on collision,,Tractor,Grievious injury,Fault of driver of motor vehicle/driver of other vehicle/cyclist/pedestrian/passenger,Four lanes or more with central divider,Sharp curve,,Fine,AP27BS 1617,A.M.B & P.V,Non injured,1
20.05.2018,7:30 AM,1328.8,RHS,Rural,Kavali,Head on collision,,Tractor,Grievious injury,Fault of driver of motor vehicle/driver of other vehicle/cyclist/pedestrian/passenger,Four lanes or more with central divider,Sharp curve,,Fine,AP27BS 1617,A.M.B & P.V,Animals affected,0
20.05.2018,8:25 AM,1188.4,RHS,Rural,Martur,Collision Brush/Side Wipe,,Truck,Non injury,Fault of driver of motor vehicle/driver of other vehicle/cyclist/pedestrian/passenger,Four lanes or more with central divider,Straight road,,Fine,AP03TE  3355,P.V,Fatal,0
20.05.2018,8:25 AM,1188.4,RHS,Rural,Martur,Collision Brush/Side Wipe,,Truck,Non injury,Fault of driver of motor vehicle/driver of other vehicle/cyclist/pedestrian/passenger,Four lanes or more with central divider,Straight road,,Fine,AP03TE  3355,P.V,Grevious,0
20.05.2018,8:25 AM,1188.4,RHS,Rural,Martur,Collision Brush/Side Wipe,,Truck,Non injury,Fault of driver of motor vehicle/driver of other vehicle/cyclist/pedestrian/passenger,Four lanes or more with central divider,Straight road,,Fine,AP03TE  3355,P.V,Minor,0
20.05.2018,8:25 AM,1188.4,RHS,Rural,Martur,Collision Brush/Side Wipe,,Truck,Non injury,Fault of driver of motor vehicle/driver of other vehicle/cyclist/pedestrian/passenger,Four lanes or more with central divider,Straight road,,Fine,AP03TE  3355,P.V,Non injured,1
20.05.2018,8:25 AM,1188.4,RHS,Rural,Martur,Collision Brush/Side Wipe,,Truck,Non injury,Fault of driver of motor vehicle/driver of other vehicle/cyclist/pedestrian/passenger,Four lanes or more with central divider,Straight road,,Fine,AP03TE  3355,P.V,Animals affected,0
20.05.2018,9:30 AM,1332.5,RHS,Rural,K.Tippa ,Collision Brush/Side Wipe,,Car,Non injury,Over speed,Four lanes or more with central divider,Straight road,Four arm junction,Fine,KA02ME 9064,P.V,Fatal,0
20.05.2018,9:30 AM,1332.5,RHS,Rural,K.Tippa ,Collision Brush/Side Wipe,,Car,Non injury,Over speed,Four lanes or more with central divider,Straight road,Four arm junction,Fine,KA02ME 9064,P.V,Grevious,0
20.05.2018,9:30 AM,1332.5,RHS,Rural,K.Tippa ,Collision Brush/Side Wipe,,Car,Non injury,Over speed,Four lanes or more with central divider,Straight road,Four arm junction,Fine,KA02ME 9064,P.V,Minor,0
20.05.2018,9:30 AM,1332.5,RHS,Rural,K.Tippa ,Collision Brush/Side Wipe,,Car,Non injury,Over speed,Four lanes or more with central divider,Straight road,Four arm junction,Fine,KA02ME 9064,P.V,Non injured,6
20.05.2018,9:30 AM,1332.5,RHS,Rural,K.Tippa ,Collision Brush/Side Wipe,,Car,Non injury,Over speed,Four lanes or more with central divider,Straight road,Four arm junction,Fine,KA02ME 9064,P.V,Animals affected,0
20.05.2018,4:45 PM,1318.5,RHS,Rural,Kavali,Overturning,,Car,Grievious injury,Fault of driver of motor vehicle/driver of other vehicle/cyclist/pedestrian/passenger,Four lanes or more with central divider,Straight road,,Fine,AP27BB 4569,A.M.B & P.V,Fatal,0
20.05.2018,4:45 PM,1318.5,RHS,Rural,Kavali,Overturning,,Car,Grievious injury,Fault of driver of motor vehicle/driver of other vehicle/cyclist/pedestrian/passenger,Four lanes or more with central divider,Straight road,,Fine,AP27BB 4569,A.M.B & P.V,Grevious,2
20.05.2018,4:45 PM,1318.5,RHS,Rural,Kavali,Overturning,,Car,Grievious injury,Fault of driver of motor vehicle/driver of other vehicle/cyclist/pedestrian/passenger,Four lanes or more with central divider,Straight road,,Fine,AP27BB 4569,A.M.B & P.V,Minor,3
20.05.2018,4:45 PM,1318.5,RHS,Rural,Kavali,Overturning,,Car,Grievious injury,Fault of driver of motor vehicle/driver of other vehicle/cyclist/pedestrian/passenger,Four lanes or more with central divider,Straight road,,Fine,AP27BB 4569,A.M.B & P.V,Non injured,1
20.05.2018,4:45 PM,1318.5,RHS,Rural,Kavali,Overturning,,Car,Grievious injury,Fault of driver of motor vehicle/driver of other vehicle/cyclist/pedestrian/passenger,Four lanes or more with central divider,Straight road,,Fine,AP27BB 4569,A.M.B & P.V,Animals affected,0
20.05.2018,6:10 PM,1265.9,RHS,Rural,Tangutur,Rear End Collision,,Unknown vehicle,Minor injury,Over speed,Four lanes or more with central divider,Straight road,,Fine,Unknown Vehicle,A.M.B,Fatal,0
20.05.2018,6:10 PM,1265.9,RHS,Rural,Tangutur,Rear End Collision,,Unknown vehicle,Minor injury,Over speed,Four lanes or more with central divider,Straight road,,Fine,Unknown Vehicle,A.M.B,Grevious,0
20.05.2018,6:10 PM,1265.9,RHS,Rural,Tangutur,Rear End Collision,,Unknown vehicle,Minor injury,Over speed,Four lanes or more with central divider,Straight road,,Fine,Unknown Vehicle,A.M.B,Minor,1
20.05.2018,6:10 PM,1265.9,RHS,Rural,Tangutur,Rear End Collision,,Unknown vehicle,Minor injury,Over speed,Four lanes or more with central divider,Straight road,,Fine,Unknown Vehicle,A.M.B,Non injured,1
20.05.2018,6:10 PM,1265.9,RHS,Rural,Tangutur,Rear End Collision,,Unknown vehicle,Minor injury,Over speed,Four lanes or more with central divider,Straight road,,Fine,Unknown Vehicle,A.M.B,Animals affected,0
20.05.2018,11:15 PM,1238.3,RHS,Rural,Maddipadu,Overturning,,Auto,Minor injury,Fault of driver of motor vehicle/driver of other vehicle/cyclist/pedestrian/passenger,Four lanes or more with central divider,Straight road,,Fine,AP27TW 3478,P.V,Fatal,0
20.05.2018,11:15 PM,1238.3,RHS,Rural,Maddipadu,Overturning,,Auto,Minor injury,Fault of driver of motor vehicle/driver of other vehicle/cyclist/pedestrian/passenger,Four lanes or more with central divider,Straight road,,Fine,AP27TW 3478,P.V,Grevious,0
20.05.2018,11:15 PM,1238.3,RHS,Rural,Maddipadu,Overturning,,Auto,Minor injury,Fault of driver of motor vehicle/driver of other vehicle/cyclist/pedestrian/passenger,Four lanes or more with central divider,Straight road,,Fine,AP27TW 3478,P.V,Minor,1
20.05.2018,11:15 PM,1238.3,RHS,Rural,Maddipadu,Overturning,,Auto,Minor injury,Fault of driver of motor vehicle/driver of other vehicle/cyclist/pedestrian/passenger,Four lanes or more with central divider,Straight road,,Fine,AP27TW 3478,P.V,Non injured,0
20.05.2018,11:15 PM,1238.3,RHS,Rural,Maddipadu,Overturning,,Auto,Minor injury,Fault of driver of motor vehicle/driver of other vehicle/cyclist/pedestrian/passenger,Four lanes or more with central divider,Straight road,,Fine,AP27TW 3478,P.V,Animals affected,0
21.05.2018,12:40 AM,1299.9,RHS,Rural,Gudluru,Rear End Collision,,Truck,Grievious injury,Over speed,Four lanes or more with central divider,Straight road,,Fine,KA51     3747,A.M.B & P.V,Fatal,0
21.05.2018,12:40 AM,1299.9,RHS,Rural,Gudluru,Rear End Collision,,Truck,Grievious injury,Over speed,Four lanes or more with central divider,Straight road,,Fine,KA51     3747,A.M.B & P.V,Grevious,1
21.05.2018,12:40 AM,1299.9,RHS,Rural,Gudluru,Rear End Collision,,Truck,Grievious injury,Over speed,Four lanes or more with central divider,Straight road,,Fine,KA51     3747,A.M.B & P.V,Minor,0
21.05.2018,12:40 AM,1299.9,RHS,Rural,Gudluru,Rear End Collision,,Truck,Grievious injury,Over speed,Four lanes or more with central divider,Straight road,,Fine,KA51     3747,A.M.B & P.V,Non injured,1
21.05.2018,12:40 AM,1299.9,RHS,Rural,Gudluru,Rear End Collision,,Truck,Grievious injury,Over speed,Four lanes or more with central divider,Straight road,,Fine,KA51     3747,A.M.B & P.V,Animals affected,0
21.05.2018,4:15 AM,1204.8,RHS,Rural,Reningavaram,Collision Brush/Side Wipe,,Container,Non injury,Fault of driver of motor vehicle/driver of other vehicle/cyclist/pedestrian/passenger,Four lanes or more with central divider,Straight road,,Fine,NL01AB 2572,P.V,Fatal,0
21.05.2018,4:15 AM,1204.8,RHS,Rural,Reningavaram,Collision Brush/Side Wipe,,Container,Non injury,Fault of driver of motor vehicle/driver of other vehicle/cyclist/pedestrian/passenger,Four lanes or more with central divider,Straight road,,Fine,NL01AB 2572,P.V,Grevious,0
21.05.2018,4:15 AM,1204.8,RHS,Rural,Reningavaram,Collision Brush/Side Wipe,,Container,Non injury,Fault of driver of motor vehicle/driver of other vehicle/cyclist/pedestrian/passenger,Four lanes or more with central divider,Straight road,,Fine,NL01AB 2572,P.V,Minor,0
21.05.2018,4:15 AM,1204.8,RHS,Rural,Reningavaram,Collision Brush/Side Wipe,,Container,Non injury,Fault of driver of motor vehicle/driver of other vehicle/cyclist/pedestrian/passenger,Four lanes or more with central divider,Straight road,,Fine,NL01AB 2572,P.V,Non injured,2
21.05.2018,4:15 AM,1204.8,RHS,Rural,Reningavaram,Collision Brush/Side Wipe,,Container,Non injury,Fault of driver of motor vehicle/driver of other vehicle/cyclist/pedestrian/passenger,Four lanes or more with central divider,Straight road,,Fine,NL01AB 2572,P.V,Animals affected,0
21.05.2018,4:30 AM,1196.1,RHS,Rural,Martur,Overturning,,LCV,Non injury,Over speed,Four lanes or more with central divider,Straight road,,Fine,AP07TA 8201,P.V,Fatal,0
21.05.2018,4:30 AM,1196.1,RHS,Rural,Martur,Overturning,,LCV,Non injury,Over speed,Four lanes or more with central divider,Straight road,,Fine,AP07TA 8201,P.V,Grevious,0
21.05.2018,4:30 AM,1196.1,RHS,Rural,Martur,Overturning,,LCV,Non injury,Over speed,Four lanes or more with central divider,Straight road,,Fine,AP07TA 8201,P.V,Minor,0
21.05.2018,4:30 AM,1196.1,RHS,Rural,Martur,Overturning,,LCV,Non injury,Over speed,Four lanes or more with central divider,Straight road,,Fine,AP07TA 8201,P.V,Non injured,2
21.05.2018,4:30 AM,1196.1,RHS,Rural,Martur,Overturning,,LCV,Non injury,Over speed,Four lanes or more with central divider,Straight road,,Fine,AP07TA 8201,P.V,Animals affected,0
21.05.2018,5:00 AM,1192.5,RHS,Rural,Martur,Collision Brush/Side Wipe,,Container,Minor injury,Fault of driver of motor vehicle/driver of other vehicle/cyclist/pedestrian/passenger,Four lanes or more with central divider,Straight road,,Fine,AP37TD 1777,P.V,Fatal,0
21.05.2018,5:00 AM,1192.5,RHS,Rural,Martur,Collision Brush/Side Wipe,,Container,Minor injury,Fault of driver of motor vehicle/driver of other vehicle/cyclist/pedestrian/passenger,Four lanes or more with central divider,Straight road,,Fine,AP37TD 1777,P.V,Grevious,0