Operational date,Time of Accident,KM && M,Position,Rural/Urban,Location,Nature of Accident Position,Nature of Accident,Vehicle Involved,Type of Accident,Causes,Road Feature,Road condition,Intersection Type And Control,Weather Condition,Vehicle Responsible,Help Provided by Ambulance/Patroling Vehicle,Classification of Accident,No of Affected Persons
21.05.2018,5:00 AM,1192.5,RHS,Rural,Martur,Collision Brush/Side Wipe,,Container,Minor injury,Fault of driver of motor vehicle/driver of other vehicle/cyclist/pedestrian/passenger,Four lanes or more with central divider,Straight road,,Fine,AP37TD 1777,P.V,Minor,1
21.05.2018,5:00 AM,1192.5,RHS,Rural,Martur,Collision Brush/Side Wipe,,Container,Minor injury,Fault of driver of motor vehicle/driver of other vehicle/cyclist/pedestrian/passenger,Four lanes or more with central divider,Straight road,,Fine,AP37TD 1777,P.V,Non injured,2
21.05.2018,5:00 AM,1192.5,RHS,Rural,Martur,Collision Brush/Side Wipe,,Container,Minor injury,Fault of driver of motor vehicle/driver of other vehicle/cyclist/pedestrian/passenger,Four lanes or more with central divider,Straight road,,Fine,AP37TD 1777,P.V,Animals affected,0
22.05.2018,4:30 AM,1245.5,RHS,Rural,Ongole,Rear End Collision,,Car,Non injury,Over speed,Four lanes or more with central divider,Straight road,,Fine,AP07BD 4959,P.V,Fatal,0
22.05.2018,4:30 AM,1245.5,RHS,Rural,Ongole,Rear End Collision,,Car,Non injury,Over speed,Four lanes or more with central divider,Straight road,,Fine,AP07BD 4959,P.V,Grevious,0
22.05.2018,4:30 AM,1245.5,RHS,Rural,Ongole,Rear End Collision,,Car,Non injury,Over speed,Four lanes or more with central divider,Straight road,,Fine,AP07BD 4959,P.V,Minor,0
22.05.2018,4:30 AM,1245.5,RHS,Rural,Ongole,Rear End Collision,,Car,Non injury,Over speed,Four lanes or more with central divider,Straight road,,Fine,AP07BD 4959,P.V,Non injured,4
22.05.2018,4:30 AM,1245.5,RHS,Rural,Ongole,Rear End Collision,,Car,Non injury,Over speed,Four lanes or more with central divider,Straight road,,Fine,AP07BD 4959,P.V,Animals affected,1
22.05.2018,11:07 PM,1287.8,RHS,Rural,Ulavapadu,Collision Brush/Side Wipe,,Truck,Fatal,Over speed,Four lanes or more with central divider,Straight road,,Fine,AP29P    9868,P.V,Fatal,1
22.05.2018,11:07 PM,1287.8,RHS,Rural,Ulavapadu,Collision Brush/Side Wipe,,Truck,Fatal,Over speed,Four lanes or more with central divider,Straight road,,Fine,AP29P    9868,P.V,Grevious,0
22.05.2018,11:07 PM,1287.8,RHS,Rural,Ulavapadu,Collision Brush/Side Wipe,,Truck,Fatal,Over speed,Four lanes or more with central divider,Straight road,,Fine,AP29P    9868,P.V,Minor,0
22.05.2018,11:07 PM,1287.8,RHS,Rural,Ulavapadu,Collision Brush/Side Wipe,,Truck,Fatal,Over speed,Four lanes or more with central divider,Straight road,,Fine,AP29P    9868,P.V,Non injured,2
22.05.2018,11:07 PM,1287.8,RHS,Rural,Ulavapadu,Collision Brush/Side Wipe,,Truck,Fatal,Over speed,Four lanes or more with central divider,Straight road,,Fine,AP29P    9868,P.V,Animals affected,0
23.05.2018,8:26 AM,1257.2,RHS,Rural,Tangutur,Collision Brush/Side Wipe,,Car,Non injury,Defect in mechanical condition of motor vehicle/road condition,Four lanes or more with central divider,Straight road,,Fine,AP07CN 1299,P.V,Fatal,0
23.05.2018,8:26 AM,1257.2,RHS,Rural,Tangutur,Collision Brush/Side Wipe,,Car,Non injury,Defect in mechanical condition of motor vehicle/road condition,Four lanes or more with central divider,Straight road,,Fine,AP07CN 1299,P.V,Grevious,0
23.05.2018,8:26 AM,1257.2,RHS,Rural,Tangutur,Collision Brush/Side Wipe,,Car,Non injury,Defect in mechanical condition of motor vehicle/road condition,Four lanes or more with central divider,Straight road,,Fine,AP07CN 1299,P.V,Minor,0
23.05.2018,8:26 AM,1257.2,RHS,Rural,Tangutur,Collision Brush/Side Wipe,,Car,Non injury,Defect in mechanical condition of motor vehicle/road condition,Four lanes or more with central divider,Straight road,,Fine,AP07CN 1299,P.V,Non injured,2
23.05.2018,8:26 AM,1257.2,RHS,Rural,Tangutur,Collision Brush/Side Wipe,,Car,Non injury,Defect in mechanical condition of motor vehicle/road condition,Four lanes or more with central divider,Straight road,,Fine,AP07CN 1299,P.V,Animals affected,0
24.05.2018,9:43 PM,1254,RHS,Rural,Ongole,Overturning,,Truck,Non injury,Fault of driver of motor vehicle/driver of other vehicle/cyclist/pedestrian/passenger,Four lanes or more with central divider,Straight road,,Fine,TN52B   1784,P.V,Fatal,0
24.05.2018,9:43 PM,1254,RHS,Rural,Ongole,Overturning,,Truck,Non injury,Fault of driver of motor vehicle/driver of other vehicle/cyclist/pedestrian/passenger,Four lanes or more with central divider,Straight road,,Fine,TN52B   1784,P.V,Grevious,0
24.05.2018,9:43 PM,1254,RHS,Rural,Ongole,Overturning,,Truck,Non injury,Fault of driver of motor vehicle/driver of other vehicle/cyclist/pedestrian/passenger,Four lanes or more with central divider,Straight road,,Fine,TN52B   1784,P.V,Minor,0
24.05.2018,9:43 PM,1254,RHS,Rural,Ongole,Overturning,,Truck,Non injury,Fault of driver of motor vehicle/driver of other vehicle/cyclist/pedestrian/passenger,Four lanes or more with central divider,Straight road,,Fine,TN52B   1784,P.V,Non injured,1
24.05.2018,9:43 PM,1254,RHS,Rural,Ongole,Overturning,,Truck,Non injury,Fault of driver of motor vehicle/driver of other vehicle/cyclist/pedestrian/passenger,Four lanes or more with central divider,Straight road,,Fine,TN52B   1784,P.V,Animals affected,0
24.05.2018,10:40 PM,1320.3,RHS,Rural,Kavali,Collision Brush/Side Wipe,,Truck,Minor injury,Over speed,Four lanes or more with central divider,Straight road,,Fine,AP16TH   7447,A.M.B & P.V,Fatal,0
24.05.2018,10:40 PM,1320.3,RHS,Rural,Kavali,Collision Brush/Side Wipe,,Truck,Minor injury,Over speed,Four lanes or more with central divider,Straight road,,Fine,AP16TH   7447,A.M.B & P.V,Grevious,0
24.05.2018,10:40 PM,1320.3,RHS,Rural,Kavali,Collision Brush/Side Wipe,,Truck,Minor injury,Over speed,Four lanes or more with central divider,Straight road,,Fine,AP16TH   7447,A.M.B & P.V,Minor,1
24.05.2018,10:40 PM,1320.3,RHS,Rural,Kavali,Collision Brush/Side Wipe,,Truck,Minor injury,Over speed,Four lanes or more with central divider,Straight road,,Fine,AP16TH   7447,A.M.B & P.V,Non injured,1
24.05.2018,10:40 PM,1320.3,RHS,Rural,Kavali,Collision Brush/Side Wipe,,Truck,Minor injury,Over speed,Four lanes or more with central divider,Straight road,,Fine,AP16TH   7447,A.M.B & P.V,Animals affected,0
25.05.2018,1:15 AM,1295.8,RHS,Rural,Ulavapadu,Skidding,,Bike,Minor injury,Fault of driver of motor vehicle/driver of other vehicle/cyclist/pedestrian/passenger,Four lanes or more with central divider,Straight road,,Fine,AP03CE 6161,A.M.B & P.V,Fatal,0
25.05.2018,1:15 AM,1295.8,RHS,Rural,Ulavapadu,Skidding,,Bike,Minor injury,Fault of driver of motor vehicle/driver of other vehicle/cyclist/pedestrian/passenger,Four lanes or more with central divider,Straight road,,Fine,AP03CE 6161,A.M.B & P.V,Grevious,0
25.05.2018,1:15 AM,1295.8,RHS,Rural,Ulavapadu,Skidding,,Bike,Minor injury,Fault of driver of motor vehicle/driver of other vehicle/cyclist/pedestrian/passenger,Four lanes or more with central divider,Straight road,,Fine,AP03CE 6161,A.M.B & P.V,Minor,1
25.05.2018,1:15 AM,1295.8,RHS,Rural,Ulavapadu,Skidding,,Bike,Minor injury,Fault of driver of motor vehicle/driver of other vehicle/cyclist/pedestrian/passenger,Four lanes or more with central divider,Straight road,,Fine,AP03CE 6161,A.M.B & P.V,Non injured,1
25.05.2018,1:15 AM,1295.8,RHS,Rural,Ulavapadu,Skidding,,Bike,Minor injury,Fault of driver of motor vehicle/driver of other vehicle/cyclist/pedestrian/passenger,Four lanes or more with central divider,Straight road,,Fine,AP03CE 6161,A.M.B & P.V,Animals affected,0
25.05.2018,1:30 AM,1313.1,RHS,Rural,Kavali,Collision Brush/Side Wipe,,Truck,Non injury,Over speed,Four lanes or more with central divider,Straight road,,Fine,DL14C   6133,P.V,Fatal,0
25.05.2018,1:30 AM,1313.1,RHS,Rural,Kavali,Collision Brush/Side Wipe,,Truck,Non injury,Over speed,Four lanes or more with central divider,Straight road,,Fine,DL14C   6133,P.V,Grevious,0
25.05.2018,1:30 AM,1313.1,RHS,Rural,Kavali,Collision Brush/Side Wipe,,Truck,Non injury,Over speed,Four lanes or more with central divider,Straight road,,Fine,DL14C   6133,P.V,Minor,0
25.05.2018,1:30 AM,1313.1,RHS,Rural,Kavali,Collision Brush/Side Wipe,,Truck,Non injury,Over speed,Four lanes or more with central divider,Straight road,,Fine,DL14C   6133,P.V,Non injured,2
25.05.2018,1:30 AM,1313.1,RHS,Rural,Kavali,Collision Brush/Side Wipe,,Truck,Non injury,Over speed,Four lanes or more with central divider,Straight road,,Fine,DL14C   6133,P.V,Animals affected,0
25.05.2018,5:15 AM,1224,RHS,Rural,Maddipadu,Collision Brush/Side Wipe,,Truck,Grievious injury,Over speed,Four lanes or more with central divider,Straight road,Four arm junction,Fine,TN52D  7065,A.M.B & P.V,Fatal,0
25.05.2018,5:15 AM,1224,RHS,Rural,Maddipadu,Collision Brush/Side Wipe,,Truck,Grievious injury,Over speed,Four lanes or more with central divider,Straight road,Four arm junction,Fine,TN52D  7065,A.M.B & P.V,Grevious,1
25.05.2018,5:15 AM,1224,RHS,Rural,Maddipadu,Collision Brush/Side Wipe,,Truck,Grievious injury,Over speed,Four lanes or more with central divider,Straight road,Four arm junction,Fine,TN52D  7065,A.M.B & P.V,Minor,1
25.05.2018,5:15 AM,1224,RHS,Rural,Maddipadu,Collision Brush/Side Wipe,,Truck,Grievious injury,Over speed,Four lanes or more with central divider,Straight road,Four arm junction,Fine,TN52D  7065,A.M.B & P.V,Non injured,2
25.05.2018,5:15 AM,1224,RHS,Rural,Maddipadu,Collision Brush/Side Wipe,,Truck,Grievious injury,Over speed,Four lanes or more with central divider,Straight road,Four arm junction,Fine,TN52D  7065,A.M.B & P.V,Animals affected,0
25.05.2018,5:24 AM,1264.3,RHS,Rural,Tangutur,Others(p1.Specific),,Tractor,Fatal,Defect in mechanical condition of motor vehicle/road condition,Four lanes or more with central divider,Straight road,,Fine,AP27AQ    0268,P.V,Fatal,1
25.05.2018,5:24 AM,1264.3,RHS,Rural,Tangutur,Others(p1.Specific),,Tractor,Fatal,Defect in mechanical condition of motor vehicle/road condition,Four lanes or more with central divider,Straight road,,Fine,AP27AQ    0268,P.V,Grevious,0
25.05.2018,5:24 AM,1264.3,RHS,Rural,Tangutur,Others(p1.Specific),,Tractor,Fatal,Defect in mechanical condition of motor vehicle/road condition,Four lanes or more with central divider,Straight road,,Fine,AP27AQ    0268,P.V,Minor,0
25.05.2018,5:24 AM,1264.3,RHS,Rural,Tangutur,Others(p1.Specific),,Tractor,Fatal,Defect in mechanical condition of motor vehicle/road condition,Four lanes or more with central divider,Straight road,,Fine,AP27AQ    0268,P.V,Non injured,0
25.05.2018,5:24 AM,1264.3,RHS,Rural,Tangutur,Others(p1.Specific),,Tractor,Fatal,Defect in mechanical condition of motor vehicle/road condition,Four lanes or more with central divider,Straight road,,Fine,AP27AQ    0268,P.V,Animals affected,0
25.05.2018,5:40 AM,1220,RHS,Rural,Medarametla,Overturning,,Container,Grievious injury,Fault of driver of motor vehicle/driver of other vehicle/cyclist/pedestrian/passenger,Four lanes or more with central divider,Straight road,,Fine,AP07TK 1128,P.V,Fatal,0
25.05.2018,5:40 AM,1220,RHS,Rural,Medarametla,Overturning,,Container,Grievious injury,Fault of driver of motor vehicle/driver of other vehicle/cyclist/pedestrian/passenger,Four lanes or more with central divider,Straight road,,Fine,AP07TK 1128,P.V,Grevious,1
25.05.2018,5:40 AM,1220,RHS,Rural,Medarametla,Overturning,,Container,Grievious injury,Fault of driver of motor vehicle/driver of other vehicle/cyclist/pedestrian/passenger,Four lanes or more with central divider,Straight road,,Fine,AP07TK 1128,P.V,Minor,0
25.05.2018,5:40 AM,1220,RHS,Rural,Medarametla,Overturning,,Container,Grievious injury,Fault of driver of motor vehicle/driver of other vehicle/cyclist/pedestrian/passenger,Four lanes or more with central divider,Straight road,,Fine,AP07TK 1128,P.V,Non injured,0
25.05.2018,5:40 AM,1220,RHS,Rural,Medarametla,Overturning,,Container,Grievious injury,Fault of driver of motor vehicle/driver of other vehicle/cyclist/pedestrian/passenger,Four lanes or more with central divider,Straight road,,Fine,AP07TK 1128,P.V,Animals affected,0
25.05.2018,8:40 AM,1198.8,RHS,Rural,Martur,Collision Brush/Side Wipe,,Car,Non injury,Defect in mechanical condition of motor vehicle/road condition,Four lanes or more with central divider,Straight road,,Fine,AP07BW 6999,P.V,Fatal,0
25.05.2018,8:40 AM,1198.8,RHS,Rural,Martur,Collision Brush/Side Wipe,,Car,Non injury,Defect in mechanical condition of motor vehicle/road condition,Four lanes or more with central divider,Straight road,,Fine,AP07BW 6999,P.V,Grevious,0
25.05.2018,8:40 AM,1198.8,RHS,Rural,Martur,Collision Brush/Side Wipe,,Car,Non injury,Defect in mechanical condition of motor vehicle/road condition,Four lanes or more with central divider,Straight road,,Fine,AP07BW 6999,P.V,Minor,0
25.05.2018,8:40 AM,1198.8,RHS,Rural,Martur,Collision Brush/Side Wipe,,Car,Non injury,Defect in mechanical condition of motor vehicle/road condition,Four lanes or more with central divider,Straight road,,Fine,AP07BW 6999,P.V,Non injured,4
25.05.2018,8:40 AM,1198.8,RHS,Rural,Martur,Collision Brush/Side Wipe,,Car,Non injury,Defect in mechanical condition of motor vehicle/road condition,Four lanes or more with central divider,Straight road,,Fine,AP07BW 6999,P.V,Animals affected,0
25.05.2018,9:50 AM,1184.7,RHS,Rural,Martur,Skidding,,Bike,Grievious injury,Druken,Four lanes or more with central divider,Straight road,,Fine,AP16AN 6141,P.V,Fatal,0
25.05.2018,9:50 AM,1184.7,RHS,Rural,Martur,Skidding,,Bike,Grievious injury,Druken,Four lanes or more with central divider,Straight road,,Fine,AP16AN 6141,P.V,Grevious,1
25.05.2018,9:50 AM,1184.7,RHS,Rural,Martur,Skidding,,Bike,Grievious injury,Druken,Four lanes or more with central divider,Straight road,,Fine,AP16AN 6141,P.V,Minor,0
25.05.2018,9:50 AM,1184.7,RHS,Rural,Martur,Skidding,,Bike,Grievious injury,Druken,Four lanes or more with central divider,Straight road,,Fine,AP16AN 6141,P.V,Non injured,0
25.05.2018,9:50 AM,1184.7,RHS,Rural,Martur,Skidding,,Bike,Grievious injury,Druken,Four lanes or more with central divider,Straight road,,Fine,AP16AN 6141,P.V,Animals affected,0
25.05.2018,11:30 PM,1239.4,RHS,Rural,Ongole,Rear End Collision,,Container,Grievious injury,Fault of driver of motor vehicle/driver of other vehicle/cyclist/pedestrian/passenger,Four lanes or more with central divider,Straight road,,Fine,KA51D    8990,P.V,Fatal,0
25.05.2018,11:30 PM,1239.4,RHS,Rural,Ongole,Rear End Collision,,Container,Grievious injury,Fault of driver of motor vehicle/driver of other vehicle/cyclist/pedestrian/passenger,Four lanes or more with central divider,Straight road,,Fine,KA51D    8990,P.V,Grevious,1
25.05.2018,11:30 PM,1239.4,RHS,Rural,Ongole,Rear End Collision,,Container,Grievious injury,Fault of driver of motor vehicle/driver of other vehicle/cyclist/pedestrian/passenger,Four lanes or more with central divider,Straight road,,Fine,KA51D    8990,P.V,Minor,0
25.05.2018,11:30 PM,1239.4,RHS,Rural,Ongole,Rear End Collision,,Container,Grievious injury,Fault of driver of motor vehicle/driver of other vehicle/cyclist/pedestrian/passenger,Four lanes or more with central divider,Straight road,,Fine,KA51D    8990,P.V,Non injured,2
25.05.2018,11:30 PM,1239.4,RHS,Rural,Ongole,Rear End Collision,,Container,Grievious injury,Fault of driver of motor vehicle/driver of other vehicle/cyclist/pedestrian/passenger,Four lanes or more with central divider,Straight road,,Fine,KA51D    8990,P.V,Animals affected,0
26.05.2018,2:21 AM,1193.1,RHS,Rural,Martur,Collision Brush/Side Wipe,,Bus,Grievious injury,Fault of driver of motor vehicle/driver of other vehicle/cyclist/pedestrian/passenger,Four lanes or more with central divider,Straight road,,Fine,AP07Z   0569,A.M.B & P.V,Fatal,0
26.05.2018,2:21 AM,1193.1,RHS,Rural,Martur,Collision Brush/Side Wipe,,Bus,Grievious injury,Fault of driver of motor vehicle/driver of other vehicle/cyclist/pedestrian/passenger,Four lanes or more with central divider,Straight road,,Fine,AP07Z   0569,A.M.B & P.V,Grevious,1
26.05.2018,2:21 AM,1193.1,RHS,Rural,Martur,Collision Brush/Side Wipe,,Bus,Grievious injury,Fault of driver of motor vehicle/driver of other vehicle/cyclist/pedestrian/passenger,Four lanes or more with central divider,Straight road,,Fine,AP07Z   0569,A.M.B & P.V,Minor,6
26.05.2018,2:21 AM,1193.1,RHS,Rural,Martur,Collision Brush/Side Wipe,,Bus,Grievious injury,Fault of driver of motor vehicle/driver of other vehicle/cyclist/pedestrian/passenger,Four lanes or more with central divider,Straight road,,Fine,AP07Z   0569,A.M.B & P.V,Non injured,10
26.05.2018,2:21 AM,1193.1,RHS,Rural,Martur,Collision Brush/Side Wipe,,Bus,Grievious injury,Fault of driver of motor vehicle/driver of other vehicle/cyclist/pedestrian/passenger,Four lanes or more with central divider,Straight road,,Fine,AP07Z   0569,A.M.B & P.V,Animals affected,0
26.05.2018,2:39 AM,1337.7,RHS,Rural,K.Tippa ,Overturning,,Truck,Non injury,Fault of driver of motor vehicle/driver of other vehicle/cyclist/pedestrian/passenger,Four lanes or more with central divider,Straight road,,Fine,AP16TS  1288,P.V,Fatal,0
26.05.2018,2:39 AM,1337.7,RHS,Rural,K.Tippa ,Overturning,,Truck,Non injury,Fault of driver of motor vehicle/driver of other vehicle/cyclist/pedestrian/passenger,Four lanes or more with central divider,Straight road,,Fine,AP16TS  1288,P.V,Grevious,0
26.05.2018,2:39 AM,1337.7,RHS,Rural,K.Tippa ,Overturning,,Truck,Non injury,Fault of driver of motor vehicle/driver of other vehicle/cyclist/pedestrian/passenger,Four lanes or more with central divider,Straight road,,Fine,AP16TS  1288,P.V,Minor,0
26.05.2018,2:39 AM,1337.7,RHS,Rural,K.Tippa ,Overturning,,Truck,Non injury,Fault of driver of motor vehicle/driver of other vehicle/cyclist/pedestrian/passenger,Four lanes or more with central divider,Straight road,,Fine,AP16TS  1288,P.V,Non injured,2
26.05.2018,2:39 AM,1337.7,RHS,Rural,K.Tippa ,Overturning,,Truck,Non injury,Fault of driver of motor vehicle/driver of other vehicle/cyclist/pedestrian/passenger,Four lanes or more with central divider,Straight road,,Fine,AP16TS  1288,P.V,Animals affected,0
26.05.2018,7:40 AM,1345.9,RHS,Rural,Dagadarthi,Rear End Collision,,Container,Minor injury,Fault of driver of motor vehicle/driver of other vehicle/cyclist/pedestrian/passenger,Four lanes or more with central divider,Slight curve,,Fine,TN04AK    9820,P.V,Fatal,0
26.05.2018,7:40 AM,1345.9,RHS,Rural,Dagadarthi,Rear End Collision,,Container,Minor injury,Fault of driver of motor vehicle/driver of other vehicle/cyclist/pedestrian/passenger,Four lanes or more with central divider,Slight curve,,Fine,TN04AK    9820,P.V,Grevious,0
26.05.2018,7:40 AM,1345.9,RHS,Rural,Dagadarthi,Rear End Collision,,Container,Minor injury,Fault of driver of motor vehicle/driver of other vehicle/cyclist/pedestrian/passenger,Four lanes or more with central divider,Slight curve,,Fine,TN04AK    9820,P.V,Minor,1
26.05.2018,7:40 AM,1345.9,RHS,Rural,Dagadarthi,Rear End Collision,,Container,Minor injury,Fault of driver of motor vehicle/driver of other vehicle/cyclist/pedestrian/passenger,Four lanes or more with central divider,Slight curve,,Fine,TN04AK    9820,P.V,Non injured,1
26.05.2018,7:40 AM,1345.9,RHS,Rural,Dagadarthi,Rear End Collision,,Container,Minor injury,Fault of driver of motor vehicle/driver of other vehicle/cyclist/pedestrian/passenger,Four lanes or more with central divider,Slight curve,,Fine,TN04AK    9820,P.V,Animals affected,0
27.05.2018,5:10 AM,1314.1,RHS,Rural,Kavali,Overturning,,Trailler,Non injury,Fault of driver of motor vehicle/driver of other vehicle/cyclist/pedestrian/passenger,Four lanes or more with central divider,Straight road,,Fine,KA51A 3847,P.V,Fatal,0
27.05.2018,5:10 AM,1314.1,RHS,Rural,Kavali,Overturning,,Trailler,Non injury,Fault of driver of motor vehicle/driver of other vehicle/cyclist/pedestrian/passenger,Four lanes or more with central divider,Straight road,,Fine,KA51A 3847,P.V,Grevious,0
27.05.2018,5:10 AM,1314.1,RHS,Rural,Kavali,Overturning,,Trailler,Non injury,Fault of driver of motor vehicle/driver of other vehicle/cyclist/pedestrian/passenger,Four lanes or more with central divider,Straight road,,Fine,KA51A 3847,P.V,Minor,0
27.05.2018,5:10 AM,1314.1,RHS,Rural,Kavali,Overturning,,Trailler,Non injury,Fault of driver of motor vehicle/driver of other vehicle/cyclist/pedestrian/passenger,Four lanes or more with central divider,Straight road,,Fine,KA51A 3847,P.V,Non injured,2
27.05.2018,5:10 AM,1314.1,RHS,Rural,Kavali,Overturning,,Trailler,Non injury,Fault of driver of motor vehicle/driver of other vehicle/cyclist/pedestrian/passenger,Four lanes or more with central divider,Straight road,,Fine,KA51A 3847,P.V,Animals affected,0
27.05.2018,4:15 PM,1343.1,RHS,Rural,Dagadarthi,Overturning,,Car,Grievious injury,Over speed,Four lanes or more with central divider,Straight road,,Fine,AP13AD 3003,P.V,Fatal,0
27.05.2018,4:15 PM,1343.1,RHS,Rural,Dagadarthi,Overturning,,Car,Grievious injury,Over speed,Four lanes or more with central divider,Straight road,,Fine,AP13AD 3003,P.V,Grevious,1
27.05.2018,4:15 PM,1343.1,RHS,Rural,Dagadarthi,Overturning,,Car,Grievious injury,Over speed,Four lanes or more with central divider,Straight road,,Fine,AP13AD 3003,P.V,Minor,0
27.05.2018,4:15 PM,1343.1,RHS,Rural,Dagadarthi,Overturning,,Car,Grievious injury,Over speed,Four lanes or more with central divider,Straight road,,Fine,AP13AD 3003,P.V,Non injured,3
27.05.2018,4:15 PM,1343.1,RHS,Rural,Dagadarthi,Overturning,,Car,Grievious injury,Over speed,Four lanes or more with central divider,Straight road,,Fine,AP13AD 3003,P.V,Animals affected,0
27.05.2018,4:45 PM,1189.8,RHS,Rural,Martur,Overturning,,Truck,Non injury,Defect in mechanical condition of motor vehicle/road condition,Four lanes or more with central divider,Straight road,,Fine,AP27TY 9725,P.V,Fatal,0
27.05.2018,4:45 PM,1189.8,RHS,Rural,Martur,Overturning,,Truck,Non injury,Defect in mechanical condition of motor vehicle/road condition,Four lanes or more with central divider,Straight road,,Fine,AP27TY 9725,P.V,Grevious,0
27.05.2018,4:45 PM,1189.8,RHS,Rural,Martur,Overturning,,Truck,Non injury,Defect in mechanical condition of motor vehicle/road condition,Four lanes or more with central divider,Straight road,,Fine,AP27TY 9725,P.V,Minor,0
27.05.2018,4:45 PM,1189.8,RHS,Rural,Martur,Overturning,,Truck,Non injury,Defect in mechanical condition of motor vehicle/road condition,Four lanes or more with central divider,Straight road,,Fine,AP27TY 9725,P.V,Non injured,6
27.05.2018,4:45 PM,1189.8,RHS,Rural,Martur,Overturning,,Truck,Non injury,Defect in mechanical condition of motor vehicle/road condition,Four lanes or more with central divider,Straight road,,Fine,AP27TY 9725,P.V,Animals affected,0
27.05.2018,5:35 PM,1287.1,RHS,Rural,Ulavapadu,Overturning,,Car,Fatal,Over speed,Four lanes or more with central divider,Straight road,,Fine,AP26AS  6071,P.V,Fatal,1
27.05.2018,5:35 PM,1287.1,RHS,Rural,Ulavapadu,Overturning,,Car,Fatal,Over speed,Four lanes or more with central divider,Straight road,,Fine,AP26AS  6071,P.V,Grevious,4
27.05.2018,5:35 PM,1287.1,RHS,Rural,Ulavapadu,Overturning,,Car,Fatal,Over speed,Four lanes or more with central divider,Straight road,,Fine,AP26AS  6071,P.V,Minor,0
27.05.2018,5:35 PM,1287.1,RHS,Rural,Ulavapadu,Overturning,,Car,Fatal,Over speed,Four lanes or more with central divider,Straight road,,Fine,AP26AS  6071,P.V,Non injured,0
27.05.2018,5:35 PM,1287.1,RHS,Rural,Ulavapadu,Overturning,,Car,Fatal,Over speed,Four lanes or more with central divider,Straight road,,Fine,AP26AS  6071,P.V,Animals affected,0
28.05.2018,12:40 AM,1284.1,RHS,Rural,Ulavapadu,Rear End Collision,,Truck,Grievious injury,Over speed,Four lanes or more with central divider,Straight road,,Fine,AP26TF 5048,P.V,Fatal,0
28.05.2018,12:40 AM,1284.1,RHS,Rural,Ulavapadu,Rear End Collision,,Truck,Grievious injury,Over speed,Four lanes or more with central divider,Straight road,,Fine,AP26TF 5048,P.V,Grevious,1
28.05.2018,12:40 AM,1284.1,RHS,Rural,Ulavapadu,Rear End Collision,,Truck,Grievious injury,Over speed,Four lanes or more with central divider,Straight road,,Fine,AP26TF 5048,P.V,Minor,1
28.05.2018,12:40 AM,1284.1,RHS,Rural,Ulavapadu,Rear End Collision,,Truck,Grievious injury,Over speed,Four lanes or more with central divider,Straight road,,Fine,AP26TF 5048,P.V,Non injured,2
28.05.2018,12:40 AM,1284.1,RHS,Rural,Ulavapadu,Rear End Collision,,Truck,Grievious injury,Over speed,Four lanes or more with central divider,Straight road,,Fine,AP26TF 5048,P.V,Animals affected,0
28.05.2018,2:00 AM,1231.9,RHS,Rural,Maddipadu,Collision Brush/Side Wipe,,Tanker,Minor injury,Over speed,Four lanes or more with central divider,Straight road,,Fine,TN28AF 8780,P.V,Fatal,0
28.05.2018,2:00 AM,1231.9,RHS,Rural,Maddipadu,Collision Brush/Side Wipe,,Tanker,Minor injury,Over speed,Four lanes or more with central divider,Straight road,,Fine,TN28AF 8780,P.V,Grevious,0
28.05.2018,2:00 AM,1231.9,RHS,Rural,Maddipadu,Collision Brush/Side Wipe,,Tanker,Minor injury,Over speed,Four lanes or more with central divider,Straight road,,Fine,TN28AF 8780,P.V,Minor,1
28.05.2018,2:00 AM,1231.9,RHS,Rural,Maddipadu,Collision Brush/Side Wipe,,Tanker,Minor injury,Over speed,Four lanes or more with central divider,Straight road,,Fine,TN28AF 8780,P.V,Non injured,1
28.05.2018,2:00 AM,1231.9,RHS,Rural,Maddipadu,Collision Brush/Side Wipe,,Tanker,Minor injury,Over speed,Four lanes or more with central divider,Straight road,,Fine,TN28AF 8780,P.V,Animals affected,0
28.05.2018,6:30 AM,1352.4,RHS,Rural,Kodavaluru,Collision Brush/Side Wipe,,Container,Non injury,Fault of driver of motor vehicle/driver of other vehicle/cyclist/pedestrian/passenger,Four lanes or more with central divider,Straight road,,Fine,HR55Y  6274,P.V,Fatal,0
28.05.2018,6:30 AM,1352.4,RHS,Rural,Kodavaluru,Collision Brush/Side Wipe,,Container,Non injury,Fault of driver of motor vehicle/driver of other vehicle/cyclist/pedestrian/passenger,Four lanes or more with central divider,Straight road,,Fine,HR55Y  6274,P.V,Grevious,0
28.05.2018,6:30 AM,1352.4,RHS,Rural,Kodavaluru,Collision Brush/Side Wipe,,Container,Non injury,Fault of driver of motor vehicle/driver of other vehicle/cyclist/pedestrian/passenger,Four lanes or more with central divider,Straight road,,Fine,HR55Y  6274,P.V,Minor,0
28.05.2018,6:30 AM,1352.4,RHS,Rural,Kodavaluru,Collision Brush/Side Wipe,,Container,Non injury,Fault of driver of motor vehicle/driver of other vehicle/cyclist/pedestrian/passenger,Four lanes or more with central divider,Straight road,,Fine,HR55Y  6274,P.V,Non injured,1