Operational date,Time of Accident,KM && M,Position,Rural/Urban,Location,Nature of Accident Position,Nature of Accident,Vehicle Involved,Type of Accident,Causes,Road Feature,Road condition,Intersection Type And Control,Weather Condition,Vehicle Responsible,Help Provided by Ambulance/Patroling Vehicle,Classification of Accident,No of Affected Persons
28.05.2018,6:30 AM,1352.4,RHS,Rural,Kodavaluru,Collision Brush/Side Wipe,,Container,Non injury,Fault of driver of motor vehicle/driver of other vehicle/cyclist/pedestrian/passenger,Four lanes or more with central divider,Straight road,,Fine,HR55Y  6274,P.V,Animals affected,0
28.05.2018,7:57 PM,1272.9,RHS,Rural,Singarayakonda,Overturning,,Auto,Minor injury,Fault of driver of motor vehicle/driver of other vehicle/cyclist/pedestrian/passenger,Four lanes or more with central divider,Straight road,,Fine,AP26TE 7935,A.M.B & P.V,Fatal,0
28.05.2018,7:57 PM,1272.9,RHS,Rural,Singarayakonda,Overturning,,Auto,Minor injury,Fault of driver of motor vehicle/driver of other vehicle/cyclist/pedestrian/passenger,Four lanes or more with central divider,Straight road,,Fine,AP26TE 7935,A.M.B & P.V,Grevious,0
28.05.2018,7:57 PM,1272.9,RHS,Rural,Singarayakonda,Overturning,,Auto,Minor injury,Fault of driver of motor vehicle/driver of other vehicle/cyclist/pedestrian/passenger,Four lanes or more with central divider,Straight road,,Fine,AP26TE 7935,A.M.B & P.V,Minor,2
28.05.2018,7:57 PM,1272.9,RHS,Rural,Singarayakonda,Overturning,,Auto,Minor injury,Fault of driver of motor vehicle/driver of other vehicle/cyclist/pedestrian/passenger,Four lanes or more with central divider,Straight road,,Fine,AP26TE 7935,A.M.B & P.V,Non injured,5
28.05.2018,7:57 PM,1272.9,RHS,Rural,Singarayakonda,Overturning,,Auto,Minor injury,Fault of driver of motor vehicle/driver of other vehicle/cyclist/pedestrian/passenger,Four lanes or more with central divider,Straight road,,Fine,AP26TE 7935,A.M.B & P.V,Animals affected,0
28.05.2018,10:05 PM,1197.1,RHS,Rural,Martur,Collision Brush/Side Wipe,,Bike,Minor injury,Druken,Four lanes or more with central divider,Straight road,,Fine,AP27AU 1277,A.M.B & P.V,Fatal,0
28.05.2018,10:05 PM,1197.1,RHS,Rural,Martur,Collision Brush/Side Wipe,,Bike,Minor injury,Druken,Four lanes or more with central divider,Straight road,,Fine,AP27AU 1277,A.M.B & P.V,Grevious,0
28.05.2018,10:05 PM,1197.1,RHS,Rural,Martur,Collision Brush/Side Wipe,,Bike,Minor injury,Druken,Four lanes or more with central divider,Straight road,,Fine,AP27AU 1277,A.M.B & P.V,Minor,2
28.05.2018,10:05 PM,1197.1,RHS,Rural,Martur,Collision Brush/Side Wipe,,Bike,Minor injury,Druken,Four lanes or more with central divider,Straight road,,Fine,AP27AU 1277,A.M.B & P.V,Non injured,0
28.05.2018,10:05 PM,1197.1,RHS,Rural,Martur,Collision Brush/Side Wipe,,Bike,Minor injury,Druken,Four lanes or more with central divider,Straight road,,Fine,AP27AU 1277,A.M.B & P.V,Animals affected,0
29.05.2018,5:30 AM,1344.4,RHS,Rural,Dagadarthi,Collision Brush/Side Wipe,,Car,Grievious injury,Fault of driver of motor vehicle/driver of other vehicle/cyclist/pedestrian/passenger,Four lanes or more with central divider,Straight road,T-Junction,Fine,AP27AX   6799,P.V,Fatal,0
29.05.2018,5:30 AM,1344.4,RHS,Rural,Dagadarthi,Collision Brush/Side Wipe,,Car,Grievious injury,Fault of driver of motor vehicle/driver of other vehicle/cyclist/pedestrian/passenger,Four lanes or more with central divider,Straight road,T-Junction,Fine,AP27AX   6799,P.V,Grevious,2
29.05.2018,5:30 AM,1344.4,RHS,Rural,Dagadarthi,Collision Brush/Side Wipe,,Car,Grievious injury,Fault of driver of motor vehicle/driver of other vehicle/cyclist/pedestrian/passenger,Four lanes or more with central divider,Straight road,T-Junction,Fine,AP27AX   6799,P.V,Minor,1
29.05.2018,5:30 AM,1344.4,RHS,Rural,Dagadarthi,Collision Brush/Side Wipe,,Car,Grievious injury,Fault of driver of motor vehicle/driver of other vehicle/cyclist/pedestrian/passenger,Four lanes or more with central divider,Straight road,T-Junction,Fine,AP27AX   6799,P.V,Non injured,2
29.05.2018,5:30 AM,1344.4,RHS,Rural,Dagadarthi,Collision Brush/Side Wipe,,Car,Grievious injury,Fault of driver of motor vehicle/driver of other vehicle/cyclist/pedestrian/passenger,Four lanes or more with central divider,Straight road,T-Junction,Fine,AP27AX   6799,P.V,Animals affected,0
30.05.2018,4:20 AM,1302.1,RHS,Rural,Gudluru,Collision Brush/Side Wipe,,Truck,Non injury,Over speed,Four lanes or more with central divider,Straight road,,Fine,AP27TY    6870,P.V,Fatal,0
30.05.2018,4:20 AM,1302.1,RHS,Rural,Gudluru,Collision Brush/Side Wipe,,Truck,Non injury,Over speed,Four lanes or more with central divider,Straight road,,Fine,AP27TY    6870,P.V,Grevious,0
30.05.2018,4:20 AM,1302.1,RHS,Rural,Gudluru,Collision Brush/Side Wipe,,Truck,Non injury,Over speed,Four lanes or more with central divider,Straight road,,Fine,AP27TY    6870,P.V,Minor,0
30.05.2018,4:20 AM,1302.1,RHS,Rural,Gudluru,Collision Brush/Side Wipe,,Truck,Non injury,Over speed,Four lanes or more with central divider,Straight road,,Fine,AP27TY    6870,P.V,Non injured,1
30.05.2018,4:20 AM,1302.1,RHS,Rural,Gudluru,Collision Brush/Side Wipe,,Truck,Non injury,Over speed,Four lanes or more with central divider,Straight road,,Fine,AP27TY    6870,P.V,Animals affected,0
30.05.2018,4:43 PM,1212.8,RHS,Rural,Medarametla,Overturning,,Truck,Non injury,Fault of driver of motor vehicle/driver of other vehicle/cyclist/pedestrian/passenger,Four lanes or more with central divider,Straight road,,Fine,AP03X   0475,P.V,Fatal,0
30.05.2018,4:43 PM,1212.8,RHS,Rural,Medarametla,Overturning,,Truck,Non injury,Fault of driver of motor vehicle/driver of other vehicle/cyclist/pedestrian/passenger,Four lanes or more with central divider,Straight road,,Fine,AP03X   0475,P.V,Grevious,0
30.05.2018,4:43 PM,1212.8,RHS,Rural,Medarametla,Overturning,,Truck,Non injury,Fault of driver of motor vehicle/driver of other vehicle/cyclist/pedestrian/passenger,Four lanes or more with central divider,Straight road,,Fine,AP03X   0475,P.V,Minor,0
30.05.2018,4:43 PM,1212.8,RHS,Rural,Medarametla,Overturning,,Truck,Non injury,Fault of driver of motor vehicle/driver of other vehicle/cyclist/pedestrian/passenger,Four lanes or more with central divider,Straight road,,Fine,AP03X   0475,P.V,Non injured,1
30.05.2018,4:43 PM,1212.8,RHS,Rural,Medarametla,Overturning,,Truck,Non injury,Fault of driver of motor vehicle/driver of other vehicle/cyclist/pedestrian/passenger,Four lanes or more with central divider,Straight road,,Fine,AP03X   0475,P.V,Animals affected,0
30.05.2018,7:05 PM,1329.7,RHS,Rural,Kavali,Collision Brush/Side Wipe,,Ambulance,Non injury,Fault of driver of motor vehicle/driver of other vehicle/cyclist/pedestrian/passenger,Four lanes or more with central divider,Straight road,,Fine,TN01AE 0289,P.V,Fatal,0
30.05.2018,7:05 PM,1329.7,RHS,Rural,Kavali,Collision Brush/Side Wipe,,Ambulance,Non injury,Fault of driver of motor vehicle/driver of other vehicle/cyclist/pedestrian/passenger,Four lanes or more with central divider,Straight road,,Fine,TN01AE 0289,P.V,Grevious,0
30.05.2018,7:05 PM,1329.7,RHS,Rural,Kavali,Collision Brush/Side Wipe,,Ambulance,Non injury,Fault of driver of motor vehicle/driver of other vehicle/cyclist/pedestrian/passenger,Four lanes or more with central divider,Straight road,,Fine,TN01AE 0289,P.V,Minor,0
30.05.2018,7:05 PM,1329.7,RHS,Rural,Kavali,Collision Brush/Side Wipe,,Ambulance,Non injury,Fault of driver of motor vehicle/driver of other vehicle/cyclist/pedestrian/passenger,Four lanes or more with central divider,Straight road,,Fine,TN01AE 0289,P.V,Non injured,62
30.05.2018,7:05 PM,1329.7,RHS,Rural,Kavali,Collision Brush/Side Wipe,,Ambulance,Non injury,Fault of driver of motor vehicle/driver of other vehicle/cyclist/pedestrian/passenger,Four lanes or more with central divider,Straight road,,Fine,TN01AE 0289,P.V,Animals affected,0
30.05.2018,11:30 PM,1343.5,RHS,Rural,Dagadarthi,Collision Brush/Side Wipe,,Car,Minor injury,Over speed,Two lanes,Straight road,,Fine,AP16TY   8282,P.V,Fatal,0
30.05.2018,11:30 PM,1343.5,RHS,Rural,Dagadarthi,Collision Brush/Side Wipe,,Car,Minor injury,Over speed,Two lanes,Straight road,,Fine,AP16TY   8282,P.V,Grevious,0
30.05.2018,11:30 PM,1343.5,RHS,Rural,Dagadarthi,Collision Brush/Side Wipe,,Car,Minor injury,Over speed,Two lanes,Straight road,,Fine,AP16TY   8282,P.V,Minor,5
30.05.2018,11:30 PM,1343.5,RHS,Rural,Dagadarthi,Collision Brush/Side Wipe,,Car,Minor injury,Over speed,Two lanes,Straight road,,Fine,AP16TY   8282,P.V,Non injured,8
30.05.2018,11:30 PM,1343.5,RHS,Rural,Dagadarthi,Collision Brush/Side Wipe,,Car,Minor injury,Over speed,Two lanes,Straight road,,Fine,AP16TY   8282,P.V,Animals affected,0
31.05.2018,3:15 AM,1282,RHS,Rural,Singarayakonda,Collision Brush/Side Wipe,,Truck,Minor injury,Fault of driver of motor vehicle/driver of other vehicle/cyclist/pedestrian/passenger,Four lanes or more with central divider,Straight road,,Fine,AP03X     4293,P.V,Fatal,0
31.05.2018,3:15 AM,1282,RHS,Rural,Singarayakonda,Collision Brush/Side Wipe,,Truck,Minor injury,Fault of driver of motor vehicle/driver of other vehicle/cyclist/pedestrian/passenger,Four lanes or more with central divider,Straight road,,Fine,AP03X     4293,P.V,Grevious,0
31.05.2018,3:15 AM,1282,RHS,Rural,Singarayakonda,Collision Brush/Side Wipe,,Truck,Minor injury,Fault of driver of motor vehicle/driver of other vehicle/cyclist/pedestrian/passenger,Four lanes or more with central divider,Straight road,,Fine,AP03X     4293,P.V,Minor,1
31.05.2018,3:15 AM,1282,RHS,Rural,Singarayakonda,Collision Brush/Side Wipe,,Truck,Minor injury,Fault of driver of motor vehicle/driver of other vehicle/cyclist/pedestrian/passenger,Four lanes or more with central divider,Straight road,,Fine,AP03X     4293,P.V,Non injured,1
31.05.2018,3:15 AM,1282,RHS,Rural,Singarayakonda,Collision Brush/Side Wipe,,Truck,Minor injury,Fault of driver of motor vehicle/driver of other vehicle/cyclist/pedestrian/passenger,Four lanes or more with central divider,Straight road,,Fine,AP03X     4293,P.V,Animals affected,0
31.05.2018,2:50 PM,1185.6,RHS,Rural,Martur,Collision Brush/Side Wipe,,Truck,Non injury,Over speed,Four lanes or more with central divider,Straight road,,Fine,TN52H  9255,P.V,Fatal,0
31.05.2018,2:50 PM,1185.6,RHS,Rural,Martur,Collision Brush/Side Wipe,,Truck,Non injury,Over speed,Four lanes or more with central divider,Straight road,,Fine,TN52H  9255,P.V,Grevious,0
31.05.2018,2:50 PM,1185.6,RHS,Rural,Martur,Collision Brush/Side Wipe,,Truck,Non injury,Over speed,Four lanes or more with central divider,Straight road,,Fine,TN52H  9255,P.V,Minor,0
31.05.2018,2:50 PM,1185.6,RHS,Rural,Martur,Collision Brush/Side Wipe,,Truck,Non injury,Over speed,Four lanes or more with central divider,Straight road,,Fine,TN52H  9255,P.V,Non injured,2
31.05.2018,2:50 PM,1185.6,RHS,Rural,Martur,Collision Brush/Side Wipe,,Truck,Non injury,Over speed,Four lanes or more with central divider,Straight road,,Fine,TN52H  9255,P.V,Animals affected,0
31.05.2018,6:20 PM,1324.3,RHS,Rural,Kavali,Overturning,,Car,Grievious injury,Fault of driver of motor vehicle/driver of other vehicle/cyclist/pedestrian/passenger,Four lanes or more with central divider,Straight road,,Fine,TN06B  7207,A.M.B & P.V,Fatal,0
31.05.2018,6:20 PM,1324.3,RHS,Rural,Kavali,Overturning,,Car,Grievious injury,Fault of driver of motor vehicle/driver of other vehicle/cyclist/pedestrian/passenger,Four lanes or more with central divider,Straight road,,Fine,TN06B  7207,A.M.B & P.V,Grevious,1
31.05.2018,6:20 PM,1324.3,RHS,Rural,Kavali,Overturning,,Car,Grievious injury,Fault of driver of motor vehicle/driver of other vehicle/cyclist/pedestrian/passenger,Four lanes or more with central divider,Straight road,,Fine,TN06B  7207,A.M.B & P.V,Minor,0
31.05.2018,6:20 PM,1324.3,RHS,Rural,Kavali,Overturning,,Car,Grievious injury,Fault of driver of motor vehicle/driver of other vehicle/cyclist/pedestrian/passenger,Four lanes or more with central divider,Straight road,,Fine,TN06B  7207,A.M.B & P.V,Non injured,0
31.05.2018,6:20 PM,1324.3,RHS,Rural,Kavali,Overturning,,Car,Grievious injury,Fault of driver of motor vehicle/driver of other vehicle/cyclist/pedestrian/passenger,Four lanes or more with central divider,Straight road,,Fine,TN06B  7207,A.M.B & P.V,Animals affected,0
01.06.2018,3:05 AM,1285,RHS,Rural,Ulavapadu,Collision Brush/Side Wipe,,Container,Non injury,Fault of driver of motor vehicle/driver of other vehicle/cyclist/pedestrian/passenger,Four lanes or more with central divider,Straight road,,Fine,AP27TX   0761,P.V,Fatal,0
01.06.2018,3:05 AM,1285,RHS,Rural,Ulavapadu,Collision Brush/Side Wipe,,Container,Non injury,Fault of driver of motor vehicle/driver of other vehicle/cyclist/pedestrian/passenger,Four lanes or more with central divider,Straight road,,Fine,AP27TX   0761,P.V,Grevious,0
01.06.2018,3:05 AM,1285,RHS,Rural,Ulavapadu,Collision Brush/Side Wipe,,Container,Non injury,Fault of driver of motor vehicle/driver of other vehicle/cyclist/pedestrian/passenger,Four lanes or more with central divider,Straight road,,Fine,AP27TX   0761,P.V,Minor,0
01.06.2018,3:05 AM,1285,RHS,Rural,Ulavapadu,Collision Brush/Side Wipe,,Container,Non injury,Fault of driver of motor vehicle/driver of other vehicle/cyclist/pedestrian/passenger,Four lanes or more with central divider,Straight road,,Fine,AP27TX   0761,P.V,Non injured,2
01.06.2018,3:05 AM,1285,RHS,Rural,Ulavapadu,Collision Brush/Side Wipe,,Container,Non injury,Fault of driver of motor vehicle/driver of other vehicle/cyclist/pedestrian/passenger,Four lanes or more with central divider,Straight road,,Fine,AP27TX   0761,P.V,Animals affected,0
01.06.2018,4:20 AM,1314.8,RHS,Rural,Kavali,Collision Brush/Side Wipe,,Unknown vehicle,Non injury,Over speed,Four lanes or more with central divider,Straight road,,Fine,Unknown vehicle,P.V,Fatal,0
01.06.2018,4:20 AM,1314.8,RHS,Rural,Kavali,Collision Brush/Side Wipe,,Unknown vehicle,Non injury,Over speed,Four lanes or more with central divider,Straight road,,Fine,Unknown vehicle,P.V,Grevious,0
01.06.2018,4:20 AM,1314.8,RHS,Rural,Kavali,Collision Brush/Side Wipe,,Unknown vehicle,Non injury,Over speed,Four lanes or more with central divider,Straight road,,Fine,Unknown vehicle,P.V,Minor,0
01.06.2018,4:20 AM,1314.8,RHS,Rural,Kavali,Collision Brush/Side Wipe,,Unknown vehicle,Non injury,Over speed,Four lanes or more with central divider,Straight road,,Fine,Unknown vehicle,P.V,Non injured,1
01.06.2018,4:20 AM,1314.8,RHS,Rural,Kavali,Collision Brush/Side Wipe,,Unknown vehicle,Non injury,Over speed,Four lanes or more with central divider,Straight road,,Fine,Unknown vehicle,P.V,Animals affected,0
01.06.2018,7:55 AM,1213.6,RHS,Rural,Medarametla,Collision Brush/Side Wipe,,Bus,Non injury,Over speed,Four lanes or more with central divider,Straight road,,Fine,KA01AD 0583,P.V,Fatal,0
01.06.2018,7:55 AM,1213.6,RHS,Rural,Medarametla,Collision Brush/Side Wipe,,Bus,Non injury,Over speed,Four lanes or more with central divider,Straight road,,Fine,KA01AD 0583,P.V,Grevious,0
01.06.2018,7:55 AM,1213.6,RHS,Rural,Medarametla,Collision Brush/Side Wipe,,Bus,Non injury,Over speed,Four lanes or more with central divider,Straight road,,Fine,KA01AD 0583,P.V,Minor,0
01.06.2018,7:55 AM,1213.6,RHS,Rural,Medarametla,Collision Brush/Side Wipe,,Bus,Non injury,Over speed,Four lanes or more with central divider,Straight road,,Fine,KA01AD 0583,P.V,Non injured,35
01.06.2018,7:55 AM,1213.6,RHS,Rural,Medarametla,Collision Brush/Side Wipe,,Bus,Non injury,Over speed,Four lanes or more with central divider,Straight road,,Fine,KA01AD 0583,P.V,Animals affected,0
01.06.2018,9:40 AM,1324.9,RHS,Rural,Kavali,Collision Brush/Side Wipe,,Auto,Grievious injury,Over speed,Four lanes or more with central divider,Straight road,,Fine,AP27TT 5130,A.M.B & P.V,Fatal,0
01.06.2018,9:40 AM,1324.9,RHS,Rural,Kavali,Collision Brush/Side Wipe,,Auto,Grievious injury,Over speed,Four lanes or more with central divider,Straight road,,Fine,AP27TT 5130,A.M.B & P.V,Grevious,1
01.06.2018,9:40 AM,1324.9,RHS,Rural,Kavali,Collision Brush/Side Wipe,,Auto,Grievious injury,Over speed,Four lanes or more with central divider,Straight road,,Fine,AP27TT 5130,A.M.B & P.V,Minor,0
01.06.2018,9:40 AM,1324.9,RHS,Rural,Kavali,Collision Brush/Side Wipe,,Auto,Grievious injury,Over speed,Four lanes or more with central divider,Straight road,,Fine,AP27TT 5130,A.M.B & P.V,Non injured,1
01.06.2018,9:40 AM,1324.9,RHS,Rural,Kavali,Collision Brush/Side Wipe,,Auto,Grievious injury,Over speed,Four lanes or more with central divider,Straight road,,Fine,AP27TT 5130,A.M.B & P.V,Animals affected,0
01.06.2018,1:00 PM,1363.9,RHS,Rural,Kovuru,Overturning,,Truck,Non injury,Defect in mechanical condition of motor vehicle/road condition,Four lanes or more with central divider,Straight road,,Fine,AP26TD 9509,P.V,Fatal,0
01.06.2018,1:00 PM,1363.9,RHS,Rural,Kovuru,Overturning,,Truck,Non injury,Defect in mechanical condition of motor vehicle/road condition,Four lanes or more with central divider,Straight road,,Fine,AP26TD 9509,P.V,Grevious,0
01.06.2018,1:00 PM,1363.9,RHS,Rural,Kovuru,Overturning,,Truck,Non injury,Defect in mechanical condition of motor vehicle/road condition,Four lanes or more with central divider,Straight road,,Fine,AP26TD 9509,P.V,Minor,0
01.06.2018,1:00 PM,1363.9,RHS,Rural,Kovuru,Overturning,,Truck,Non injury,Defect in mechanical condition of motor vehicle/road condition,Four lanes or more with central divider,Straight road,,Fine,AP26TD 9509,P.V,Non injured,1
01.06.2018,1:00 PM,1363.9,RHS,Rural,Kovuru,Overturning,,Truck,Non injury,Defect in mechanical condition of motor vehicle/road condition,Four lanes or more with central divider,Straight road,,Fine,AP26TD 9509,P.V,Animals affected,0
02.06.2018,6:20 AM,1331.8,RHS,Rural,K.Tippa ,Collision Brush/Side Wipe,,Bus,Fatal,Fault of driver of motor vehicle/driver of other vehicle/cyclist/pedestrian/passenger,Four lanes or more with central divider,Straight road,,Fine,AP07TB 786,A.M.B & P.V,Fatal,1
02.06.2018,6:20 AM,1331.8,RHS,Rural,K.Tippa ,Collision Brush/Side Wipe,,Bus,Fatal,Fault of driver of motor vehicle/driver of other vehicle/cyclist/pedestrian/passenger,Four lanes or more with central divider,Straight road,,Fine,AP07TB 786,A.M.B & P.V,Grevious,0
02.06.2018,6:20 AM,1331.8,RHS,Rural,K.Tippa ,Collision Brush/Side Wipe,,Bus,Fatal,Fault of driver of motor vehicle/driver of other vehicle/cyclist/pedestrian/passenger,Four lanes or more with central divider,Straight road,,Fine,AP07TB 786,A.M.B & P.V,Minor,6
02.06.2018,6:20 AM,1331.8,RHS,Rural,K.Tippa ,Collision Brush/Side Wipe,,Bus,Fatal,Fault of driver of motor vehicle/driver of other vehicle/cyclist/pedestrian/passenger,Four lanes or more with central divider,Straight road,,Fine,AP07TB 786,A.M.B & P.V,Non injured,28
02.06.2018,6:20 AM,1331.8,RHS,Rural,K.Tippa ,Collision Brush/Side Wipe,,Bus,Fatal,Fault of driver of motor vehicle/driver of other vehicle/cyclist/pedestrian/passenger,Four lanes or more with central divider,Straight road,,Fine,AP07TB 786,A.M.B & P.V,Animals affected,0
02.06.2018,7:10 AM,1242.1,RHS,Rural,Ongole,Collision Brush/Side Wipe,,Tanker,Non injury,Fault of driver of motor vehicle/driver of other vehicle/cyclist/pedestrian/passenger,Four lanes or more with central divider,Straight road,,Fine,TS04UB 5580,P.V,Fatal,0
02.06.2018,7:10 AM,1242.1,RHS,Rural,Ongole,Collision Brush/Side Wipe,,Tanker,Non injury,Fault of driver of motor vehicle/driver of other vehicle/cyclist/pedestrian/passenger,Four lanes or more with central divider,Straight road,,Fine,TS04UB 5580,P.V,Grevious,0
02.06.2018,7:10 AM,1242.1,RHS,Rural,Ongole,Collision Brush/Side Wipe,,Tanker,Non injury,Fault of driver of motor vehicle/driver of other vehicle/cyclist/pedestrian/passenger,Four lanes or more with central divider,Straight road,,Fine,TS04UB 5580,P.V,Minor,0
02.06.2018,7:10 AM,1242.1,RHS,Rural,Ongole,Collision Brush/Side Wipe,,Tanker,Non injury,Fault of driver of motor vehicle/driver of other vehicle/cyclist/pedestrian/passenger,Four lanes or more with central divider,Straight road,,Fine,TS04UB 5580,P.V,Non injured,2
02.06.2018,7:10 AM,1242.1,RHS,Rural,Ongole,Collision Brush/Side Wipe,,Tanker,Non injury,Fault of driver of motor vehicle/driver of other vehicle/cyclist/pedestrian/passenger,Four lanes or more with central divider,Straight road,,Fine,TS04UB 5580,P.V,Animals affected,0
02.06.2018,11:24 AM,1260,RHS,Rural,Tangutur,Skidding,,Bike,Fatal,Fault of driver of motor vehicle/driver of other vehicle/cyclist/pedestrian/passenger,Two lanes,Straight road,,Fine,AP27BX 4349,A.M.B,Fatal,1
02.06.2018,11:24 AM,1260,RHS,Rural,Tangutur,Skidding,,Bike,Fatal,Fault of driver of motor vehicle/driver of other vehicle/cyclist/pedestrian/passenger,Two lanes,Straight road,,Fine,AP27BX 4349,A.M.B,Grevious,0
02.06.2018,11:24 AM,1260,RHS,Rural,Tangutur,Skidding,,Bike,Fatal,Fault of driver of motor vehicle/driver of other vehicle/cyclist/pedestrian/passenger,Two lanes,Straight road,,Fine,AP27BX 4349,A.M.B,Minor,0
02.06.2018,11:24 AM,1260,RHS,Rural,Tangutur,Skidding,,Bike,Fatal,Fault of driver of motor vehicle/driver of other vehicle/cyclist/pedestrian/passenger,Two lanes,Straight road,,Fine,AP27BX 4349,A.M.B,Non injured,0
02.06.2018,11:24 AM,1260,RHS,Rural,Tangutur,Skidding,,Bike,Fatal,Fault of driver of motor vehicle/driver of other vehicle/cyclist/pedestrian/passenger,Two lanes,Straight road,,Fine,AP27BX 4349,A.M.B,Animals affected,0
02.06.2018,2:38 PM,1269.9,RHS,Rural,Jarugumalli,Rear End Collision,,Car,Grievious injury,Over speed,Four lanes or more with central divider,Straight road,,Fine,AP29AX 6768,A.M.B & P.V,Fatal,0
02.06.2018,2:38 PM,1269.9,RHS,Rural,Jarugumalli,Rear End Collision,,Car,Grievious injury,Over speed,Four lanes or more with central divider,Straight road,,Fine,AP29AX 6768,A.M.B & P.V,Grevious,2
02.06.2018,2:38 PM,1269.9,RHS,Rural,Jarugumalli,Rear End Collision,,Car,Grievious injury,Over speed,Four lanes or more with central divider,Straight road,,Fine,AP29AX 6768,A.M.B & P.V,Minor,4
02.06.2018,2:38 PM,1269.9,RHS,Rural,Jarugumalli,Rear End Collision,,Car,Grievious injury,Over speed,Four lanes or more with central divider,Straight road,,Fine,AP29AX 6768,A.M.B & P.V,Non injured,5
02.06.2018,2:38 PM,1269.9,RHS,Rural,Jarugumalli,Rear End Collision,,Car,Grievious injury,Over speed,Four lanes or more with central divider,Straight road,,Fine,AP29AX 6768,A.M.B & P.V,Animals affected,0
03.06.2018,5:55 AM,1324.7,RHS,Rural,Kavali,Overturning,,Truck,Grievious injury,Fault of driver of motor vehicle/driver of other vehicle/cyclist/pedestrian/passenger,Four lanes or more with central divider,Straight road,,Fine,TN30S 9601,A.M.B & P.V,Fatal,0
03.06.2018,5:55 AM,1324.7,RHS,Rural,Kavali,Overturning,,Truck,Grievious injury,Fault of driver of motor vehicle/driver of other vehicle/cyclist/pedestrian/passenger,Four lanes or more with central divider,Straight road,,Fine,TN30S 9601,A.M.B & P.V,Grevious,1
03.06.2018,5:55 AM,1324.7,RHS,Rural,Kavali,Overturning,,Truck,Grievious injury,Fault of driver of motor vehicle/driver of other vehicle/cyclist/pedestrian/passenger,Four lanes or more with central divider,Straight road,,Fine,TN30S 9601,A.M.B & P.V,Minor,1
03.06.2018,5:55 AM,1324.7,RHS,Rural,Kavali,Overturning,,Truck,Grievious injury,Fault of driver of motor vehicle/driver of other vehicle/cyclist/pedestrian/passenger,Four lanes or more with central divider,Straight road,,Fine,TN30S 9601,A.M.B & P.V,Non injured,0
03.06.2018,5:55 AM,1324.7,RHS,Rural,Kavali,Overturning,,Truck,Grievious injury,Fault of driver of motor vehicle/driver of other vehicle/cyclist/pedestrian/passenger,Four lanes or more with central divider,Straight road,,Fine,TN30S 9601,A.M.B & P.V,Animals affected,0
03.06.2018,7:00 AM,1284.6,RHS,Rural,Ulavapadu,Collision Brush/Side Wipe,,Truck,Non injury,Fault of driver of motor vehicle/driver of other vehicle/cyclist/pedestrian/passenger,Four lanes or more with central divider,Straight road,,Fine,AP16TC 2841,P.V,Fatal,0
03.06.2018,7:00 AM,1284.6,RHS,Rural,Ulavapadu,Collision Brush/Side Wipe,,Truck,Non injury,Fault of driver of motor vehicle/driver of other vehicle/cyclist/pedestrian/passenger,Four lanes or more with central divider,Straight road,,Fine,AP16TC 2841,P.V,Grevious,0
03.06.2018,7:00 AM,1284.6,RHS,Rural,Ulavapadu,Collision Brush/Side Wipe,,Truck,Non injury,Fault of driver of motor vehicle/driver of other vehicle/cyclist/pedestrian/passenger,Four lanes or more with central divider,Straight road,,Fine,AP16TC 2841,P.V,Minor,0
03.06.2018,7:00 AM,1284.6,RHS,Rural,Ulavapadu,Collision Brush/Side Wipe,,Truck,Non injury,Fault of driver of motor vehicle/driver of other vehicle/cyclist/pedestrian/passenger,Four lanes or more with central divider,Straight road,,Fine,AP16TC 2841,P.V,Non injured,1
03.06.2018,7:00 AM,1284.6,RHS,Rural,Ulavapadu,Collision Brush/Side Wipe,,Truck,Non injury,Fault of driver of motor vehicle/driver of other vehicle/cyclist/pedestrian/passenger,Four lanes or more with central divider,Straight road,,Fine,AP16TC 2841,P.V,Animals affected,0
04.06.2018,4:00 AM,1206.4,RHS,Rural,Reningavaram,Rear End Collision,,Car,Non injury,Over speed,Four lanes or more with central divider,Straight road,,Fine,KA08A 0575,P.V,Fatal,0
04.06.2018,4:00 AM,1206.4,RHS,Rural,Reningavaram,Rear End Collision,,Car,Non injury,Over speed,Four lanes or more with central divider,Straight road,,Fine,KA08A 0575,P.V,Grevious,0
04.06.2018,4:00 AM,1206.4,RHS,Rural,Reningavaram,Rear End Collision,,Car,Non injury,Over speed,Four lanes or more with central divider,Straight road,,Fine,KA08A 0575,P.V,Minor,0
04.06.2018,4:00 AM,1206.4,RHS,Rural,Reningavaram,Rear End Collision,,Car,Non injury,Over speed,Four lanes or more with central divider,Straight road,,Fine,KA08A 0575,P.V,Non injured,3
04.06.2018,4:00 AM,1206.4,RHS,Rural,Reningavaram,Rear End Collision,,Car,Non injury,Over speed,Four lanes or more with central divider,Straight road,,Fine,KA08A 0575,P.V,Animals affected,0
05.06.2018,7:55 AM,1253.4,RHS,Rural,Ongole,Collision Brush/Side Wipe,,Container,Fatal,Fault of driver of motor vehicle/driver of other vehicle/cyclist/pedestrian/passenger,Four lanes or more with central divider,Straight road,,Fine,TN25BE 4599,P.V,Fatal,1
05.06.2018,7:55 AM,1253.4,RHS,Rural,Ongole,Collision Brush/Side Wipe,,Container,Fatal,Fault of driver of motor vehicle/driver of other vehicle/cyclist/pedestrian/passenger,Four lanes or more with central divider,Straight road,,Fine,TN25BE 4599,P.V,Grevious,0