Operational date,Time of Accident,KM && M,Position,Rural/Urban,Location,Nature of Accident Position,Nature of Accident,Vehicle Involved,Type of Accident,Causes,Road Feature,Road condition,Intersection Type And Control,Weather Condition,Vehicle Responsible,Help Provided by Ambulance/Patroling Vehicle,Classification of Accident,No of Affected Persons
05.06.2018,7:55 AM,1253.4,RHS,Rural,Ongole,Collision Brush/Side Wipe,,Container,Fatal,Fault of driver of motor vehicle/driver of other vehicle/cyclist/pedestrian/passenger,Four lanes or more with central divider,Straight road,,Fine,TN25BE 4599,P.V,Minor,0
05.06.2018,7:55 AM,1253.4,RHS,Rural,Ongole,Collision Brush/Side Wipe,,Container,Fatal,Fault of driver of motor vehicle/driver of other vehicle/cyclist/pedestrian/passenger,Four lanes or more with central divider,Straight road,,Fine,TN25BE 4599,P.V,Non injured,1
05.06.2018,7:55 AM,1253.4,RHS,Rural,Ongole,Collision Brush/Side Wipe,,Container,Fatal,Fault of driver of motor vehicle/driver of other vehicle/cyclist/pedestrian/passenger,Four lanes or more with central divider,Straight road,,Fine,TN25BE 4599,P.V,Animals affected,0
05.06.2018,10:35 AM,1262.5,RHS,Rural,Tangutur,Skidding,,Bike,Minor injury,Druken,Four lanes or more with central divider,Straight road,,Fine,AP27BT 3653,A.M.B,Fatal,0
05.06.2018,10:35 AM,1262.5,RHS,Rural,Tangutur,Skidding,,Bike,Minor injury,Druken,Four lanes or more with central divider,Straight road,,Fine,AP27BT 3653,A.M.B,Grevious,0
05.06.2018,10:35 AM,1262.5,RHS,Rural,Tangutur,Skidding,,Bike,Minor injury,Druken,Four lanes or more with central divider,Straight road,,Fine,AP27BT 3653,A.M.B,Minor,1
05.06.2018,10:35 AM,1262.5,RHS,Rural,Tangutur,Skidding,,Bike,Minor injury,Druken,Four lanes or more with central divider,Straight road,,Fine,AP27BT 3653,A.M.B,Non injured,0
05.06.2018,10:35 AM,1262.5,RHS,Rural,Tangutur,Skidding,,Bike,Minor injury,Druken,Four lanes or more with central divider,Straight road,,Fine,AP27BT 3653,A.M.B,Animals affected,0
06.06.2018,2:00 AM,1360.5,RHS,Rural,Kodavaluru,Rear End Collision,,Container,Fatal,Fault of driver of motor vehicle/driver of other vehicle/cyclist/pedestrian/passenger,Four lanes or more with central divider,Slight curve,,Fine,WB41H  7101,P.V,Fatal,1
06.06.2018,2:00 AM,1360.5,RHS,Rural,Kodavaluru,Rear End Collision,,Container,Fatal,Fault of driver of motor vehicle/driver of other vehicle/cyclist/pedestrian/passenger,Four lanes or more with central divider,Slight curve,,Fine,WB41H  7101,P.V,Grevious,0
06.06.2018,2:00 AM,1360.5,RHS,Rural,Kodavaluru,Rear End Collision,,Container,Fatal,Fault of driver of motor vehicle/driver of other vehicle/cyclist/pedestrian/passenger,Four lanes or more with central divider,Slight curve,,Fine,WB41H  7101,P.V,Minor,0
06.06.2018,2:00 AM,1360.5,RHS,Rural,Kodavaluru,Rear End Collision,,Container,Fatal,Fault of driver of motor vehicle/driver of other vehicle/cyclist/pedestrian/passenger,Four lanes or more with central divider,Slight curve,,Fine,WB41H  7101,P.V,Non injured,2
06.06.2018,2:00 AM,1360.5,RHS,Rural,Kodavaluru,Rear End Collision,,Container,Fatal,Fault of driver of motor vehicle/driver of other vehicle/cyclist/pedestrian/passenger,Four lanes or more with central divider,Slight curve,,Fine,WB41H  7101,P.V,Animals affected,0
06.06.2018,4:40 AM,1295.6,RHS,Rural,Ulavapadu,Overturning,,Car,Minor injury,Defect in mechanical condition of motor vehicle/road condition,Four lanes or more with central divider,Straight road,,Fine,AP07TG 4442,A.M.B & P.V,Fatal,0
06.06.2018,4:40 AM,1295.6,RHS,Rural,Ulavapadu,Overturning,,Car,Minor injury,Defect in mechanical condition of motor vehicle/road condition,Four lanes or more with central divider,Straight road,,Fine,AP07TG 4442,A.M.B & P.V,Grevious,0
06.06.2018,4:40 AM,1295.6,RHS,Rural,Ulavapadu,Overturning,,Car,Minor injury,Defect in mechanical condition of motor vehicle/road condition,Four lanes or more with central divider,Straight road,,Fine,AP07TG 4442,A.M.B & P.V,Minor,1
06.06.2018,4:40 AM,1295.6,RHS,Rural,Ulavapadu,Overturning,,Car,Minor injury,Defect in mechanical condition of motor vehicle/road condition,Four lanes or more with central divider,Straight road,,Fine,AP07TG 4442,A.M.B & P.V,Non injured,1
06.06.2018,4:40 AM,1295.6,RHS,Rural,Ulavapadu,Overturning,,Car,Minor injury,Defect in mechanical condition of motor vehicle/road condition,Four lanes or more with central divider,Straight road,,Fine,AP07TG 4442,A.M.B & P.V,Animals affected,0
07.06.2018,3:40 AM,1301.2,RHS,Rural,Gudluru,Rear End Collision,,Truck,Non injury,Fault of driver of motor vehicle/driver of other vehicle/cyclist/pedestrian/passenger,Four lanes or more with central divider,Straight road,,Fine,AP16TU 7599,P.V,Fatal,0
07.06.2018,3:40 AM,1301.2,RHS,Rural,Gudluru,Rear End Collision,,Truck,Non injury,Fault of driver of motor vehicle/driver of other vehicle/cyclist/pedestrian/passenger,Four lanes or more with central divider,Straight road,,Fine,AP16TU 7599,P.V,Grevious,0
07.06.2018,3:40 AM,1301.2,RHS,Rural,Gudluru,Rear End Collision,,Truck,Non injury,Fault of driver of motor vehicle/driver of other vehicle/cyclist/pedestrian/passenger,Four lanes or more with central divider,Straight road,,Fine,AP16TU 7599,P.V,Minor,0
07.06.2018,3:40 AM,1301.2,RHS,Rural,Gudluru,Rear End Collision,,Truck,Non injury,Fault of driver of motor vehicle/driver of other vehicle/cyclist/pedestrian/passenger,Four lanes or more with central divider,Straight road,,Fine,AP16TU 7599,P.V,Non injured,1
07.06.2018,3:40 AM,1301.2,RHS,Rural,Gudluru,Rear End Collision,,Truck,Non injury,Fault of driver of motor vehicle/driver of other vehicle/cyclist/pedestrian/passenger,Four lanes or more with central divider,Straight road,,Fine,AP16TU 7599,P.V,Animals affected,0
07.06.2018,6:45 AM,1248.1,RHS,Rural,Ongole,Overturning,,Container,Non injury,Fault of driver of motor vehicle/driver of other vehicle/cyclist/pedestrian/passenger,Four lanes or more with central divider,Straight road,,Fine,HR47B   7804,P.V,Fatal,0
07.06.2018,6:45 AM,1248.1,RHS,Rural,Ongole,Overturning,,Container,Non injury,Fault of driver of motor vehicle/driver of other vehicle/cyclist/pedestrian/passenger,Four lanes or more with central divider,Straight road,,Fine,HR47B   7804,P.V,Grevious,0
07.06.2018,6:45 AM,1248.1,RHS,Rural,Ongole,Overturning,,Container,Non injury,Fault of driver of motor vehicle/driver of other vehicle/cyclist/pedestrian/passenger,Four lanes or more with central divider,Straight road,,Fine,HR47B   7804,P.V,Minor,0
07.06.2018,6:45 AM,1248.1,RHS,Rural,Ongole,Overturning,,Container,Non injury,Fault of driver of motor vehicle/driver of other vehicle/cyclist/pedestrian/passenger,Four lanes or more with central divider,Straight road,,Fine,HR47B   7804,P.V,Non injured,2
07.06.2018,6:45 AM,1248.1,RHS,Rural,Ongole,Overturning,,Container,Non injury,Fault of driver of motor vehicle/driver of other vehicle/cyclist/pedestrian/passenger,Four lanes or more with central divider,Straight road,,Fine,HR47B   7804,P.V,Animals affected,0
08.06.2018,2:00 PM,1288.4,RHS,Rural,Ulavapadu,Overturning,,Truck,Non injury,Vehicle out of control,Two lanes,Straight road,,Fine,AP21Y  2862,P.V,Fatal,0
08.06.2018,2:00 PM,1288.4,RHS,Rural,Ulavapadu,Overturning,,Truck,Non injury,Vehicle out of control,Two lanes,Straight road,,Fine,AP21Y  2862,P.V,Grevious,0
08.06.2018,2:00 PM,1288.4,RHS,Rural,Ulavapadu,Overturning,,Truck,Non injury,Vehicle out of control,Two lanes,Straight road,,Fine,AP21Y  2862,P.V,Minor,0
08.06.2018,2:00 PM,1288.4,RHS,Rural,Ulavapadu,Overturning,,Truck,Non injury,Vehicle out of control,Two lanes,Straight road,,Fine,AP21Y  2862,P.V,Non injured,1
08.06.2018,2:00 PM,1288.4,RHS,Rural,Ulavapadu,Overturning,,Truck,Non injury,Vehicle out of control,Two lanes,Straight road,,Fine,AP21Y  2862,P.V,Animals affected,0
08.06.2018,7:40 PM,1280.7,RHS,Rural,Singarayakonda,Collision Brush/Side Wipe,,Unknown vehicle,Non injury,Over speed,Four lanes or more with central divider,Straight road,,Light rain,Unknown vehicle,P.V,Fatal,0
08.06.2018,7:40 PM,1280.7,RHS,Rural,Singarayakonda,Collision Brush/Side Wipe,,Unknown vehicle,Non injury,Over speed,Four lanes or more with central divider,Straight road,,Light rain,Unknown vehicle,P.V,Grevious,0
08.06.2018,7:40 PM,1280.7,RHS,Rural,Singarayakonda,Collision Brush/Side Wipe,,Unknown vehicle,Non injury,Over speed,Four lanes or more with central divider,Straight road,,Light rain,Unknown vehicle,P.V,Minor,0
08.06.2018,7:40 PM,1280.7,RHS,Rural,Singarayakonda,Collision Brush/Side Wipe,,Unknown vehicle,Non injury,Over speed,Four lanes or more with central divider,Straight road,,Light rain,Unknown vehicle,P.V,Non injured,0
08.06.2018,7:40 PM,1280.7,RHS,Rural,Singarayakonda,Collision Brush/Side Wipe,,Unknown vehicle,Non injury,Over speed,Four lanes or more with central divider,Straight road,,Light rain,Unknown vehicle,P.V,Animals affected,2
09.06.2018,1:15 PM,1218.2,RHS,Rural,Medarametla,Overturning,,Unknown vehicle,Grievious injury,Fault of driver of motor vehicle/driver of other vehicle/cyclist/pedestrian/passenger,Four lanes or more with central divider,Straight road,,Fine,Unknown vehicle,A.M.B & P.V,Fatal,0
09.06.2018,1:15 PM,1218.2,RHS,Rural,Medarametla,Overturning,,Unknown vehicle,Grievious injury,Fault of driver of motor vehicle/driver of other vehicle/cyclist/pedestrian/passenger,Four lanes or more with central divider,Straight road,,Fine,Unknown vehicle,A.M.B & P.V,Grevious,2
09.06.2018,1:15 PM,1218.2,RHS,Rural,Medarametla,Overturning,,Unknown vehicle,Grievious injury,Fault of driver of motor vehicle/driver of other vehicle/cyclist/pedestrian/passenger,Four lanes or more with central divider,Straight road,,Fine,Unknown vehicle,A.M.B & P.V,Minor,3
09.06.2018,1:15 PM,1218.2,RHS,Rural,Medarametla,Overturning,,Unknown vehicle,Grievious injury,Fault of driver of motor vehicle/driver of other vehicle/cyclist/pedestrian/passenger,Four lanes or more with central divider,Straight road,,Fine,Unknown vehicle,A.M.B & P.V,Non injured,3
09.06.2018,1:15 PM,1218.2,RHS,Rural,Medarametla,Overturning,,Unknown vehicle,Grievious injury,Fault of driver of motor vehicle/driver of other vehicle/cyclist/pedestrian/passenger,Four lanes or more with central divider,Straight road,,Fine,Unknown vehicle,A.M.B & P.V,Animals affected,0
09.06.2018,4:30 PM,1205.2,RHS,Rural,Reningavaram,Overturning,,Truck,Non injury,Fault of driver of motor vehicle/driver of other vehicle/cyclist/pedestrian/passenger,Four lanes or more with central divider,Slight curve,,Fine,MH13TU 1650,P.V,Fatal,0
09.06.2018,4:30 PM,1205.2,RHS,Rural,Reningavaram,Overturning,,Truck,Non injury,Fault of driver of motor vehicle/driver of other vehicle/cyclist/pedestrian/passenger,Four lanes or more with central divider,Slight curve,,Fine,MH13TU 1650,P.V,Grevious,0
09.06.2018,4:30 PM,1205.2,RHS,Rural,Reningavaram,Overturning,,Truck,Non injury,Fault of driver of motor vehicle/driver of other vehicle/cyclist/pedestrian/passenger,Four lanes or more with central divider,Slight curve,,Fine,MH13TU 1650,P.V,Minor,0
09.06.2018,4:30 PM,1205.2,RHS,Rural,Reningavaram,Overturning,,Truck,Non injury,Fault of driver of motor vehicle/driver of other vehicle/cyclist/pedestrian/passenger,Four lanes or more with central divider,Slight curve,,Fine,MH13TU 1650,P.V,Non injured,1
09.06.2018,4:30 PM,1205.2,RHS,Rural,Reningavaram,Overturning,,Truck,Non injury,Fault of driver of motor vehicle/driver of other vehicle/cyclist/pedestrian/passenger,Four lanes or more with central divider,Slight curve,,Fine,MH13TU 1650,P.V,Animals affected,0
10.06.2018,12:05 AM,1219.2,RHS,Rural,Medarametla,Collision Brush/Side Wipe,,Truck,Non injury,Fault of driver of motor vehicle/driver of other vehicle/cyclist/pedestrian/passenger,Four lanes or more with central divider,Straight road,,Fine,AP07TJ 2829,P.V,Fatal,0
10.06.2018,12:05 AM,1219.2,RHS,Rural,Medarametla,Collision Brush/Side Wipe,,Truck,Non injury,Fault of driver of motor vehicle/driver of other vehicle/cyclist/pedestrian/passenger,Four lanes or more with central divider,Straight road,,Fine,AP07TJ 2829,P.V,Grevious,0
10.06.2018,12:05 AM,1219.2,RHS,Rural,Medarametla,Collision Brush/Side Wipe,,Truck,Non injury,Fault of driver of motor vehicle/driver of other vehicle/cyclist/pedestrian/passenger,Four lanes or more with central divider,Straight road,,Fine,AP07TJ 2829,P.V,Minor,0
10.06.2018,12:05 AM,1219.2,RHS,Rural,Medarametla,Collision Brush/Side Wipe,,Truck,Non injury,Fault of driver of motor vehicle/driver of other vehicle/cyclist/pedestrian/passenger,Four lanes or more with central divider,Straight road,,Fine,AP07TJ 2829,P.V,Non injured,1
10.06.2018,12:05 AM,1219.2,RHS,Rural,Medarametla,Collision Brush/Side Wipe,,Truck,Non injury,Fault of driver of motor vehicle/driver of other vehicle/cyclist/pedestrian/passenger,Four lanes or more with central divider,Straight road,,Fine,AP07TJ 2829,P.V,Animals affected,0
10.06.2018,11:30 AM,1266.1,RHS,Rural,Tangutur,Collision Brush/Side Wipe,,Trailler,Minor injury,Over speed,Four lanes or more with central divider,Straight road,,Fine,AP27TY 8811,P.V,Fatal,0
10.06.2018,11:30 AM,1266.1,RHS,Rural,Tangutur,Collision Brush/Side Wipe,,Trailler,Minor injury,Over speed,Four lanes or more with central divider,Straight road,,Fine,AP27TY 8811,P.V,Grevious,0
10.06.2018,11:30 AM,1266.1,RHS,Rural,Tangutur,Collision Brush/Side Wipe,,Trailler,Minor injury,Over speed,Four lanes or more with central divider,Straight road,,Fine,AP27TY 8811,P.V,Minor,1
10.06.2018,11:30 AM,1266.1,RHS,Rural,Tangutur,Collision Brush/Side Wipe,,Trailler,Minor injury,Over speed,Four lanes or more with central divider,Straight road,,Fine,AP27TY 8811,P.V,Non injured,1
10.06.2018,11:30 AM,1266.1,RHS,Rural,Tangutur,Collision Brush/Side Wipe,,Trailler,Minor injury,Over speed,Four lanes or more with central divider,Straight road,,Fine,AP27TY 8811,P.V,Animals affected,0
10.06.2018,11:50 AM,1317.3,RHS,Rural,Kavali,Skidding,,Bike,Minor injury,Vehicle out of control,Four lanes or more with central divider,Straight road,,Fine,F/R Bike,A.M.B & P.V,Fatal,0
10.06.2018,11:50 AM,1317.3,RHS,Rural,Kavali,Skidding,,Bike,Minor injury,Vehicle out of control,Four lanes or more with central divider,Straight road,,Fine,F/R Bike,A.M.B & P.V,Grevious,0
10.06.2018,11:50 AM,1317.3,RHS,Rural,Kavali,Skidding,,Bike,Minor injury,Vehicle out of control,Four lanes or more with central divider,Straight road,,Fine,F/R Bike,A.M.B & P.V,Minor,1
10.06.2018,11:50 AM,1317.3,RHS,Rural,Kavali,Skidding,,Bike,Minor injury,Vehicle out of control,Four lanes or more with central divider,Straight road,,Fine,F/R Bike,A.M.B & P.V,Non injured,0
10.06.2018,11:50 AM,1317.3,RHS,Rural,Kavali,Skidding,,Bike,Minor injury,Vehicle out of control,Four lanes or more with central divider,Straight road,,Fine,F/R Bike,A.M.B & P.V,Animals affected,0
10.06.2018,7:25 PM,1240.5,RHS,Rural,Ongole,Collision Brush/Side Wipe,,Bike,Grievious injury,Over speed,Four lanes or more with central divider,Straight road,,Fine,AP27BT 3928,P.V,Fatal,0
10.06.2018,7:25 PM,1240.5,RHS,Rural,Ongole,Collision Brush/Side Wipe,,Bike,Grievious injury,Over speed,Four lanes or more with central divider,Straight road,,Fine,AP27BT 3928,P.V,Grevious,1
10.06.2018,7:25 PM,1240.5,RHS,Rural,Ongole,Collision Brush/Side Wipe,,Bike,Grievious injury,Over speed,Four lanes or more with central divider,Straight road,,Fine,AP27BT 3928,P.V,Minor,0
10.06.2018,7:25 PM,1240.5,RHS,Rural,Ongole,Collision Brush/Side Wipe,,Bike,Grievious injury,Over speed,Four lanes or more with central divider,Straight road,,Fine,AP27BT 3928,P.V,Non injured,1
10.06.2018,7:25 PM,1240.5,RHS,Rural,Ongole,Collision Brush/Side Wipe,,Bike,Grievious injury,Over speed,Four lanes or more with central divider,Straight road,,Fine,AP27BT 3928,P.V,Animals affected,0
10.06.2018,11:30 PM,1230.8,RHS,Rural,Maddipadu,Collision Brush/Side Wipe,,Truck,Minor injury,Over speed,Four lanes or more with central divider,Straight road,,Light rain,AP26TF 6689,P.V,Fatal,0
10.06.2018,11:30 PM,1230.8,RHS,Rural,Maddipadu,Collision Brush/Side Wipe,,Truck,Minor injury,Over speed,Four lanes or more with central divider,Straight road,,Light rain,AP26TF 6689,P.V,Grevious,0
10.06.2018,11:30 PM,1230.8,RHS,Rural,Maddipadu,Collision Brush/Side Wipe,,Truck,Minor injury,Over speed,Four lanes or more with central divider,Straight road,,Light rain,AP26TF 6689,P.V,Minor,1
10.06.2018,11:30 PM,1230.8,RHS,Rural,Maddipadu,Collision Brush/Side Wipe,,Truck,Minor injury,Over speed,Four lanes or more with central divider,Straight road,,Light rain,AP26TF 6689,P.V,Non injured,36
10.06.2018,11:30 PM,1230.8,RHS,Rural,Maddipadu,Collision Brush/Side Wipe,,Truck,Minor injury,Over speed,Four lanes or more with central divider,Straight road,,Light rain,AP26TF 6689,P.V,Animals affected,0
11.06.2018,10:04 AM,1253.5,RHS,Rural,Ongole,Collision Brush/Side Wipe,,Car,Minor injury,Over speed,Four lanes or more with central divider,Straight road,,Fine,AP07BT 6777,A.M.B,Fatal,0
11.06.2018,10:04 AM,1253.5,RHS,Rural,Ongole,Collision Brush/Side Wipe,,Car,Minor injury,Over speed,Four lanes or more with central divider,Straight road,,Fine,AP07BT 6777,A.M.B,Grevious,0
11.06.2018,10:04 AM,1253.5,RHS,Rural,Ongole,Collision Brush/Side Wipe,,Car,Minor injury,Over speed,Four lanes or more with central divider,Straight road,,Fine,AP07BT 6777,A.M.B,Minor,1
11.06.2018,10:04 AM,1253.5,RHS,Rural,Ongole,Collision Brush/Side Wipe,,Car,Minor injury,Over speed,Four lanes or more with central divider,Straight road,,Fine,AP07BT 6777,A.M.B,Non injured,1
11.06.2018,10:04 AM,1253.5,RHS,Rural,Ongole,Collision Brush/Side Wipe,,Car,Minor injury,Over speed,Four lanes or more with central divider,Straight road,,Fine,AP07BT 6777,A.M.B,Animals affected,0
12.06.2018,12:15 AM,1361.4,RHS,Rural,Kodavaluru,Collision Brush/Side Wipe,,Tanker,Non injury,Fault of driver of motor vehicle/driver of other vehicle/cyclist/pedestrian/passenger,Four lanes or more with central divider,Straight road,,Fine,TN28AM   0997  ,P.V,Fatal,0
12.06.2018,12:15 AM,1361.4,RHS,Rural,Kodavaluru,Collision Brush/Side Wipe,,Tanker,Non injury,Fault of driver of motor vehicle/driver of other vehicle/cyclist/pedestrian/passenger,Four lanes or more with central divider,Straight road,,Fine,TN28AM   0997  ,P.V,Grevious,0
12.06.2018,12:15 AM,1361.4,RHS,Rural,Kodavaluru,Collision Brush/Side Wipe,,Tanker,Non injury,Fault of driver of motor vehicle/driver of other vehicle/cyclist/pedestrian/passenger,Four lanes or more with central divider,Straight road,,Fine,TN28AM   0997  ,P.V,Minor,0
12.06.2018,12:15 AM,1361.4,RHS,Rural,Kodavaluru,Collision Brush/Side Wipe,,Tanker,Non injury,Fault of driver of motor vehicle/driver of other vehicle/cyclist/pedestrian/passenger,Four lanes or more with central divider,Straight road,,Fine,TN28AM   0997  ,P.V,Non injured,2
12.06.2018,12:15 AM,1361.4,RHS,Rural,Kodavaluru,Collision Brush/Side Wipe,,Tanker,Non injury,Fault of driver of motor vehicle/driver of other vehicle/cyclist/pedestrian/passenger,Four lanes or more with central divider,Straight road,,Fine,TN28AM   0997  ,P.V,Animals affected,0
12.06.2018,5:30 AM,1356.6,RHS,Rural,Kodavaluru,Collision Brush/Side Wipe,,Bus,Fatal,Over speed,Four lanes or more with central divider,Straight road,,Fine,AP07TH   7800,P.V&A.M.B,Fatal,1
12.06.2018,5:30 AM,1356.6,RHS,Rural,Kodavaluru,Collision Brush/Side Wipe,,Bus,Fatal,Over speed,Four lanes or more with central divider,Straight road,,Fine,AP07TH   7800,P.V&A.M.B,Grevious,3
12.06.2018,5:30 AM,1356.6,RHS,Rural,Kodavaluru,Collision Brush/Side Wipe,,Bus,Fatal,Over speed,Four lanes or more with central divider,Straight road,,Fine,AP07TH   7800,P.V&A.M.B,Minor,15
12.06.2018,5:30 AM,1356.6,RHS,Rural,Kodavaluru,Collision Brush/Side Wipe,,Bus,Fatal,Over speed,Four lanes or more with central divider,Straight road,,Fine,AP07TH   7800,P.V&A.M.B,Non injured,15
12.06.2018,5:30 AM,1356.6,RHS,Rural,Kodavaluru,Collision Brush/Side Wipe,,Bus,Fatal,Over speed,Four lanes or more with central divider,Straight road,,Fine,AP07TH   7800,P.V&A.M.B,Animals affected,0
12.06.2018,10:30 AM,1199.3,RHS,Rural,Martur,Rear End Collision,,Car,Non injury,Over speed,Four lanes or more with central divider,Straight road,,Fine,AP27TV   1682,P.V,Fatal,0
12.06.2018,10:30 AM,1199.3,RHS,Rural,Martur,Rear End Collision,,Car,Non injury,Over speed,Four lanes or more with central divider,Straight road,,Fine,AP27TV   1682,P.V,Grevious,0
12.06.2018,10:30 AM,1199.3,RHS,Rural,Martur,Rear End Collision,,Car,Non injury,Over speed,Four lanes or more with central divider,Straight road,,Fine,AP27TV   1682,P.V,Minor,0
12.06.2018,10:30 AM,1199.3,RHS,Rural,Martur,Rear End Collision,,Car,Non injury,Over speed,Four lanes or more with central divider,Straight road,,Fine,AP27TV   1682,P.V,Non injured,1
12.06.2018,10:30 AM,1199.3,RHS,Rural,Martur,Rear End Collision,,Car,Non injury,Over speed,Four lanes or more with central divider,Straight road,,Fine,AP27TV   1682,P.V,Animals affected,0
12.06.2018,7:56 PM,1208.9,RHS,Rural,Reningavaram,Others(p1.Specific),,Bike,Minor injury,Fault of driver of motor vehicle/driver of other vehicle/cyclist/pedestrian/passenger,Four lanes or more with central divider,Straight road,,Fine,AP27BX   2552,A.M.B,Fatal,0
12.06.2018,7:56 PM,1208.9,RHS,Rural,Reningavaram,Others(p1.Specific),,Bike,Minor injury,Fault of driver of motor vehicle/driver of other vehicle/cyclist/pedestrian/passenger,Four lanes or more with central divider,Straight road,,Fine,AP27BX   2552,A.M.B,Grevious,0
12.06.2018,7:56 PM,1208.9,RHS,Rural,Reningavaram,Others(p1.Specific),,Bike,Minor injury,Fault of driver of motor vehicle/driver of other vehicle/cyclist/pedestrian/passenger,Four lanes or more with central divider,Straight road,,Fine,AP27BX   2552,A.M.B,Minor,1
12.06.2018,7:56 PM,1208.9,RHS,Rural,Reningavaram,Others(p1.Specific),,Bike,Minor injury,Fault of driver of motor vehicle/driver of other vehicle/cyclist/pedestrian/passenger,Four lanes or more with central divider,Straight road,,Fine,AP27BX   2552,A.M.B,Non injured,1
12.06.2018,7:56 PM,1208.9,RHS,Rural,Reningavaram,Others(p1.Specific),,Bike,Minor injury,Fault of driver of motor vehicle/driver of other vehicle/cyclist/pedestrian/passenger,Four lanes or more with central divider,Straight road,,Fine,AP27BX   2552,A.M.B,Animals affected,0
12.06.2018,9:30 PM,1296.5,RHS,Rural,Ulavapadu,Overturning,,Container,Minor injury,Fault of driver of motor vehicle/driver of other vehicle/cyclist/pedestrian/passenger,Four lanes or more with central divider,Straight road,,Fine,NL01AA  6099,P.v,Fatal,0
12.06.2018,9:30 PM,1296.5,RHS,Rural,Ulavapadu,Overturning,,Container,Minor injury,Fault of driver of motor vehicle/driver of other vehicle/cyclist/pedestrian/passenger,Four lanes or more with central divider,Straight road,,Fine,NL01AA  6099,P.v,Grevious,0
12.06.2018,9:30 PM,1296.5,RHS,Rural,Ulavapadu,Overturning,,Container,Minor injury,Fault of driver of motor vehicle/driver of other vehicle/cyclist/pedestrian/passenger,Four lanes or more with central divider,Straight road,,Fine,NL01AA  6099,P.v,Minor,1
12.06.2018,9:30 PM,1296.5,RHS,Rural,Ulavapadu,Overturning,,Container,Minor injury,Fault of driver of motor vehicle/driver of other vehicle/cyclist/pedestrian/passenger,Four lanes or more with central divider,Straight road,,Fine,NL01AA  6099,P.v,Non injured,0
12.06.2018,9:30 PM,1296.5,RHS,Rural,Ulavapadu,Overturning,,Container,Minor injury,Fault of driver of motor vehicle/driver of other vehicle/cyclist/pedestrian/passenger,Four lanes or more with central divider,Straight road,,Fine,NL01AA  6099,P.v,Animals affected,0
13.06.2018,5:25 AM,1324.3,RHS,Rural,Kavali,Overturning,,Truck,Minor injury,Fault of driver of motor vehicle/driver of other vehicle/cyclist/pedestrian/passenger,Four lanes or more with central divider,Straight road,,Fine,TN48Y    1116,P.V,Fatal,0
13.06.2018,5:25 AM,1324.3,RHS,Rural,Kavali,Overturning,,Truck,Minor injury,Fault of driver of motor vehicle/driver of other vehicle/cyclist/pedestrian/passenger,Four lanes or more with central divider,Straight road,,Fine,TN48Y    1116,P.V,Grevious,0
13.06.2018,5:25 AM,1324.3,RHS,Rural,Kavali,Overturning,,Truck,Minor injury,Fault of driver of motor vehicle/driver of other vehicle/cyclist/pedestrian/passenger,Four lanes or more with central divider,Straight road,,Fine,TN48Y    1116,P.V,Minor,1
13.06.2018,5:25 AM,1324.3,RHS,Rural,Kavali,Overturning,,Truck,Minor injury,Fault of driver of motor vehicle/driver of other vehicle/cyclist/pedestrian/passenger,Four lanes or more with central divider,Straight road,,Fine,TN48Y    1116,P.V,Non injured,1
13.06.2018,5:25 AM,1324.3,RHS,Rural,Kavali,Overturning,,Truck,Minor injury,Fault of driver of motor vehicle/driver of other vehicle/cyclist/pedestrian/passenger,Four lanes or more with central divider,Straight road,,Fine,TN48Y    1116,P.V,Animals affected,0
13.06.2018,6:45 AM,1356.8,RHS,Rural,Kodavaluru,Rear End Collision,,Truck,Non injury,Over speed,Four lanes or more with central divider,Straight road,,Fine,AP28Y    3699,P.V,Fatal,0
13.06.2018,6:45 AM,1356.8,RHS,Rural,Kodavaluru,Rear End Collision,,Truck,Non injury,Over speed,Four lanes or more with central divider,Straight road,,Fine,AP28Y    3699,P.V,Grevious,0
13.06.2018,6:45 AM,1356.8,RHS,Rural,Kodavaluru,Rear End Collision,,Truck,Non injury,Over speed,Four lanes or more with central divider,Straight road,,Fine,AP28Y    3699,P.V,Minor,0
13.06.2018,6:45 AM,1356.8,RHS,Rural,Kodavaluru,Rear End Collision,,Truck,Non injury,Over speed,Four lanes or more with central divider,Straight road,,Fine,AP28Y    3699,P.V,Non injured,1
13.06.2018,6:45 AM,1356.8,RHS,Rural,Kodavaluru,Rear End Collision,,Truck,Non injury,Over speed,Four lanes or more with central divider,Straight road,,Fine,AP28Y    3699,P.V,Animals affected,0
13.06.2018,8:00 AM,1365.4,RHS,Rural,Kovuru,Rear End Collision,,Truck,Non injury,Over speed,Four lanes or more with central divider,Slight curve,,Fine,TN19AB    7466,P.V,Fatal,0
13.06.2018,8:00 AM,1365.4,RHS,Rural,Kovuru,Rear End Collision,,Truck,Non injury,Over speed,Four lanes or more with central divider,Slight curve,,Fine,TN19AB    7466,P.V,Grevious,0
13.06.2018,8:00 AM,1365.4,RHS,Rural,Kovuru,Rear End Collision,,Truck,Non injury,Over speed,Four lanes or more with central divider,Slight curve,,Fine,TN19AB    7466,P.V,Minor,0
13.06.2018,8:00 AM,1365.4,RHS,Rural,Kovuru,Rear End Collision,,Truck,Non injury,Over speed,Four lanes or more with central divider,Slight curve,,Fine,TN19AB    7466,P.V,Non injured,1
13.06.2018,8:00 AM,1365.4,RHS,Rural,Kovuru,Rear End Collision,,Truck,Non injury,Over speed,Four lanes or more with central divider,Slight curve,,Fine,TN19AB    7466,P.V,Animals affected,0
13.06.2018,9:45 AM,1358,RHS,Rural,Kodavaluru,Collision Brush/Side Wipe,,Car,Minor injury,Over speed,Four lanes or more with central divider,Straight road,,Fine,AP05DM   7555,P.V,Fatal,0