Operational date,Time of Accident,KM && M,Position,Rural/Urban,Location,Nature of Accident Position,Nature of Accident,Vehicle Involved,Type of Accident,Causes,Road Feature,Road condition,Intersection Type And Control,Weather Condition,Vehicle Responsible,Help Provided by Ambulance/Patroling Vehicle,Classification of Accident,No of Affected Persons
13.06.2018,9:45 AM,1358,RHS,Rural,Kodavaluru,Collision Brush/Side Wipe,,Car,Minor injury,Over speed,Four lanes or more with central divider,Straight road,,Fine,AP05DM   7555,P.V,Grevious,0
13.06.2018,9:45 AM,1358,RHS,Rural,Kodavaluru,Collision Brush/Side Wipe,,Car,Minor injury,Over speed,Four lanes or more with central divider,Straight road,,Fine,AP05DM   7555,P.V,Minor,1
13.06.2018,9:45 AM,1358,RHS,Rural,Kodavaluru,Collision Brush/Side Wipe,,Car,Minor injury,Over speed,Four lanes or more with central divider,Straight road,,Fine,AP05DM   7555,P.V,Non injured,1
13.06.2018,9:45 AM,1358,RHS,Rural,Kodavaluru,Collision Brush/Side Wipe,,Car,Minor injury,Over speed,Four lanes or more with central divider,Straight road,,Fine,AP05DM   7555,P.V,Animals affected,0
13.06.2018,3:00 PM,1328.6,RHS,Rural,Kavali,Collision Brush/Side Wipe,,Unknown vehicle,Grievious injury,Over speed,Four lanes or more with central divider,Straight road,,Fine,Unknown vehicle,A.M.B & P.V,Fatal,0
13.06.2018,3:00 PM,1328.6,RHS,Rural,Kavali,Collision Brush/Side Wipe,,Unknown vehicle,Grievious injury,Over speed,Four lanes or more with central divider,Straight road,,Fine,Unknown vehicle,A.M.B & P.V,Grevious,1
13.06.2018,3:00 PM,1328.6,RHS,Rural,Kavali,Collision Brush/Side Wipe,,Unknown vehicle,Grievious injury,Over speed,Four lanes or more with central divider,Straight road,,Fine,Unknown vehicle,A.M.B & P.V,Minor,0
13.06.2018,3:00 PM,1328.6,RHS,Rural,Kavali,Collision Brush/Side Wipe,,Unknown vehicle,Grievious injury,Over speed,Four lanes or more with central divider,Straight road,,Fine,Unknown vehicle,A.M.B & P.V,Non injured,1
13.06.2018,3:00 PM,1328.6,RHS,Rural,Kavali,Collision Brush/Side Wipe,,Unknown vehicle,Grievious injury,Over speed,Four lanes or more with central divider,Straight road,,Fine,Unknown vehicle,A.M.B & P.V,Animals affected,0
14.06.2018,3:30 AM,1309.9,RHS,Rural,Kavali,Collision Brush/Side Wipe,,Truck,Non injury,Fault of driver of motor vehicle/driver of other vehicle/cyclist/pedestrian/passenger,Four lanes or more with central divider,Straight road,,Fine,AP26TD    3249,P.V,Fatal,0
14.06.2018,3:30 AM,1309.9,RHS,Rural,Kavali,Collision Brush/Side Wipe,,Truck,Non injury,Fault of driver of motor vehicle/driver of other vehicle/cyclist/pedestrian/passenger,Four lanes or more with central divider,Straight road,,Fine,AP26TD    3249,P.V,Grevious,0
14.06.2018,3:30 AM,1309.9,RHS,Rural,Kavali,Collision Brush/Side Wipe,,Truck,Non injury,Fault of driver of motor vehicle/driver of other vehicle/cyclist/pedestrian/passenger,Four lanes or more with central divider,Straight road,,Fine,AP26TD    3249,P.V,Minor,0
14.06.2018,3:30 AM,1309.9,RHS,Rural,Kavali,Collision Brush/Side Wipe,,Truck,Non injury,Fault of driver of motor vehicle/driver of other vehicle/cyclist/pedestrian/passenger,Four lanes or more with central divider,Straight road,,Fine,AP26TD    3249,P.V,Non injured,4
14.06.2018,3:30 AM,1309.9,RHS,Rural,Kavali,Collision Brush/Side Wipe,,Truck,Non injury,Fault of driver of motor vehicle/driver of other vehicle/cyclist/pedestrian/passenger,Four lanes or more with central divider,Straight road,,Fine,AP26TD    3249,P.V,Animals affected,0
14.06.2018,4:20 PM,1315.3,RHS,Rural,Kavali,Skidding,,Bike,Minor injury,Over speed,Four lanes or more with central divider,Straight road,,Fine,KA03HQ  0044,A.M.B,Fatal,0
14.06.2018,4:20 PM,1315.3,RHS,Rural,Kavali,Skidding,,Bike,Minor injury,Over speed,Four lanes or more with central divider,Straight road,,Fine,KA03HQ  0044,A.M.B,Grevious,0
14.06.2018,4:20 PM,1315.3,RHS,Rural,Kavali,Skidding,,Bike,Minor injury,Over speed,Four lanes or more with central divider,Straight road,,Fine,KA03HQ  0044,A.M.B,Minor,2
14.06.2018,4:20 PM,1315.3,RHS,Rural,Kavali,Skidding,,Bike,Minor injury,Over speed,Four lanes or more with central divider,Straight road,,Fine,KA03HQ  0044,A.M.B,Non injured,0
14.06.2018,4:20 PM,1315.3,RHS,Rural,Kavali,Skidding,,Bike,Minor injury,Over speed,Four lanes or more with central divider,Straight road,,Fine,KA03HQ  0044,A.M.B,Animals affected,0
14.06.2018,4:46 PM,1253.2,RHS,Rural,Ongole,Overturning,,Truck,Non injury,Defect in mechanical condition of motor vehicle/road condition,Four lanes or more with central divider,Straight road,,Fine,AP27TY    9081,P.V,Fatal,0
14.06.2018,4:46 PM,1253.2,RHS,Rural,Ongole,Overturning,,Truck,Non injury,Defect in mechanical condition of motor vehicle/road condition,Four lanes or more with central divider,Straight road,,Fine,AP27TY    9081,P.V,Grevious,0
14.06.2018,4:46 PM,1253.2,RHS,Rural,Ongole,Overturning,,Truck,Non injury,Defect in mechanical condition of motor vehicle/road condition,Four lanes or more with central divider,Straight road,,Fine,AP27TY    9081,P.V,Minor,0
14.06.2018,4:46 PM,1253.2,RHS,Rural,Ongole,Overturning,,Truck,Non injury,Defect in mechanical condition of motor vehicle/road condition,Four lanes or more with central divider,Straight road,,Fine,AP27TY    9081,P.V,Non injured,2
14.06.2018,4:46 PM,1253.2,RHS,Rural,Ongole,Overturning,,Truck,Non injury,Defect in mechanical condition of motor vehicle/road condition,Four lanes or more with central divider,Straight road,,Fine,AP27TY    9081,P.V,Animals affected,0
15.06.2018,3:00 AM,1197.7,RHS,Rural,Martur,Collision Brush/Side Wipe,,Container,Non injury,Fault of driver of motor vehicle/driver of other vehicle/cyclist/pedestrian/passenger,Four lanes or more with central divider,Straight road,,Fine,KA52     9506,P.V,Fatal,0
15.06.2018,3:00 AM,1197.7,RHS,Rural,Martur,Collision Brush/Side Wipe,,Container,Non injury,Fault of driver of motor vehicle/driver of other vehicle/cyclist/pedestrian/passenger,Four lanes or more with central divider,Straight road,,Fine,KA52     9506,P.V,Grevious,0
15.06.2018,3:00 AM,1197.7,RHS,Rural,Martur,Collision Brush/Side Wipe,,Container,Non injury,Fault of driver of motor vehicle/driver of other vehicle/cyclist/pedestrian/passenger,Four lanes or more with central divider,Straight road,,Fine,KA52     9506,P.V,Minor,0
15.06.2018,3:00 AM,1197.7,RHS,Rural,Martur,Collision Brush/Side Wipe,,Container,Non injury,Fault of driver of motor vehicle/driver of other vehicle/cyclist/pedestrian/passenger,Four lanes or more with central divider,Straight road,,Fine,KA52     9506,P.V,Non injured,1
15.06.2018,3:00 AM,1197.7,RHS,Rural,Martur,Collision Brush/Side Wipe,,Container,Non injury,Fault of driver of motor vehicle/driver of other vehicle/cyclist/pedestrian/passenger,Four lanes or more with central divider,Straight road,,Fine,KA52     9506,P.V,Animals affected,0
15.06.2018,1:50 PM,1188.1,RHS,Rural,Martur,Rear End Collision,,Auto,Grievious injury,Fault of driver of motor vehicle/driver of other vehicle/cyclist/pedestrian/passenger,Two lanes,Straight road,,Fine,AP07TD 6597,P.V,Fatal,0
15.06.2018,1:50 PM,1188.1,RHS,Rural,Martur,Rear End Collision,,Auto,Grievious injury,Fault of driver of motor vehicle/driver of other vehicle/cyclist/pedestrian/passenger,Two lanes,Straight road,,Fine,AP07TD 6597,P.V,Grevious,3
15.06.2018,1:50 PM,1188.1,RHS,Rural,Martur,Rear End Collision,,Auto,Grievious injury,Fault of driver of motor vehicle/driver of other vehicle/cyclist/pedestrian/passenger,Two lanes,Straight road,,Fine,AP07TD 6597,P.V,Minor,0
15.06.2018,1:50 PM,1188.1,RHS,Rural,Martur,Rear End Collision,,Auto,Grievious injury,Fault of driver of motor vehicle/driver of other vehicle/cyclist/pedestrian/passenger,Two lanes,Straight road,,Fine,AP07TD 6597,P.V,Non injured,1
15.06.2018,1:50 PM,1188.1,RHS,Rural,Martur,Rear End Collision,,Auto,Grievious injury,Fault of driver of motor vehicle/driver of other vehicle/cyclist/pedestrian/passenger,Two lanes,Straight road,,Fine,AP07TD 6597,P.V,Animals affected,0
15.06.2018,7:35 PM,1256.8,RHS,Rural,Tangutur,Skidding,,Bike,Minor injury,Over speed,Two lanes,Straight road,,Light rain,AP27AP 2892,A.M.B,Fatal,0
15.06.2018,7:35 PM,1256.8,RHS,Rural,Tangutur,Skidding,,Bike,Minor injury,Over speed,Two lanes,Straight road,,Light rain,AP27AP 2892,A.M.B,Grevious,0
15.06.2018,7:35 PM,1256.8,RHS,Rural,Tangutur,Skidding,,Bike,Minor injury,Over speed,Two lanes,Straight road,,Light rain,AP27AP 2892,A.M.B,Minor,1
15.06.2018,7:35 PM,1256.8,RHS,Rural,Tangutur,Skidding,,Bike,Minor injury,Over speed,Two lanes,Straight road,,Light rain,AP27AP 2892,A.M.B,Non injured,1
15.06.2018,7:35 PM,1256.8,RHS,Rural,Tangutur,Skidding,,Bike,Minor injury,Over speed,Two lanes,Straight road,,Light rain,AP27AP 2892,A.M.B,Animals affected,0
16.06.2018,1:15 AM,1195.6,RHS,Rural,Martur,Collision Brush/Side Wipe,,Car,Non injury,Defect in mechanical condition of motor vehicle/road condition,Four lanes or more with central divider,Straight road,,Fine,AP26AJ 4777,P.V,Fatal,0
16.06.2018,1:15 AM,1195.6,RHS,Rural,Martur,Collision Brush/Side Wipe,,Car,Non injury,Defect in mechanical condition of motor vehicle/road condition,Four lanes or more with central divider,Straight road,,Fine,AP26AJ 4777,P.V,Grevious,0
16.06.2018,1:15 AM,1195.6,RHS,Rural,Martur,Collision Brush/Side Wipe,,Car,Non injury,Defect in mechanical condition of motor vehicle/road condition,Four lanes or more with central divider,Straight road,,Fine,AP26AJ 4777,P.V,Minor,0
16.06.2018,1:15 AM,1195.6,RHS,Rural,Martur,Collision Brush/Side Wipe,,Car,Non injury,Defect in mechanical condition of motor vehicle/road condition,Four lanes or more with central divider,Straight road,,Fine,AP26AJ 4777,P.V,Non injured,3
16.06.2018,1:15 AM,1195.6,RHS,Rural,Martur,Collision Brush/Side Wipe,,Car,Non injury,Defect in mechanical condition of motor vehicle/road condition,Four lanes or more with central divider,Straight road,,Fine,AP26AJ 4777,P.V,Animals affected,0
16.06.2018,5:45 AM,1201.1,RHS,Rural,Reningavaram,Collision Brush/Side Wipe,,Container,Non injury,Fault of driver of motor vehicle/driver of other vehicle/cyclist/pedestrian/passenger,Four lanes or more with central divider,Straight road,,Fine,RJ14GH  0059,P.V,Fatal,0
16.06.2018,5:45 AM,1201.1,RHS,Rural,Reningavaram,Collision Brush/Side Wipe,,Container,Non injury,Fault of driver of motor vehicle/driver of other vehicle/cyclist/pedestrian/passenger,Four lanes or more with central divider,Straight road,,Fine,RJ14GH  0059,P.V,Grevious,0
16.06.2018,5:45 AM,1201.1,RHS,Rural,Reningavaram,Collision Brush/Side Wipe,,Container,Non injury,Fault of driver of motor vehicle/driver of other vehicle/cyclist/pedestrian/passenger,Four lanes or more with central divider,Straight road,,Fine,RJ14GH  0059,P.V,Minor,0
16.06.2018,5:45 AM,1201.1,RHS,Rural,Reningavaram,Collision Brush/Side Wipe,,Container,Non injury,Fault of driver of motor vehicle/driver of other vehicle/cyclist/pedestrian/passenger,Four lanes or more with central divider,Straight road,,Fine,RJ14GH  0059,P.V,Non injured,1
16.06.2018,5:45 AM,1201.1,RHS,Rural,Reningavaram,Collision Brush/Side Wipe,,Container,Non injury,Fault of driver of motor vehicle/driver of other vehicle/cyclist/pedestrian/passenger,Four lanes or more with central divider,Straight road,,Fine,RJ14GH  0059,P.V,Animals affected,0
17.06.2018,1:00 AM,1290.6,RHS,Rural,Ulavapadu,Collision Brush/Side Wipe,,Bike,Minor injury,Fault of driver of motor vehicle/driver of other vehicle/cyclist/pedestrian/passenger,Four lanes or more with central divider,Straight road,,Fine,AP27AJ 9182,A.M.B & P.V,Fatal,0
17.06.2018,1:00 AM,1290.6,RHS,Rural,Ulavapadu,Collision Brush/Side Wipe,,Bike,Minor injury,Fault of driver of motor vehicle/driver of other vehicle/cyclist/pedestrian/passenger,Four lanes or more with central divider,Straight road,,Fine,AP27AJ 9182,A.M.B & P.V,Grevious,0
17.06.2018,1:00 AM,1290.6,RHS,Rural,Ulavapadu,Collision Brush/Side Wipe,,Bike,Minor injury,Fault of driver of motor vehicle/driver of other vehicle/cyclist/pedestrian/passenger,Four lanes or more with central divider,Straight road,,Fine,AP27AJ 9182,A.M.B & P.V,Minor,1
17.06.2018,1:00 AM,1290.6,RHS,Rural,Ulavapadu,Collision Brush/Side Wipe,,Bike,Minor injury,Fault of driver of motor vehicle/driver of other vehicle/cyclist/pedestrian/passenger,Four lanes or more with central divider,Straight road,,Fine,AP27AJ 9182,A.M.B & P.V,Non injured,0
17.06.2018,1:00 AM,1290.6,RHS,Rural,Ulavapadu,Collision Brush/Side Wipe,,Bike,Minor injury,Fault of driver of motor vehicle/driver of other vehicle/cyclist/pedestrian/passenger,Four lanes or more with central divider,Straight road,,Fine,AP27AJ 9182,A.M.B & P.V,Animals affected,0
17.06.2018,6:00 AM,1197,RHS,Rural,Martur,Collision Brush/Side Wipe,,Car,Non injury,Defect in mechanical condition of motor vehicle/road condition,Four lanes or more with central divider,Straight road,,Fine,AP31BE 5149,P.V,Fatal,0
17.06.2018,6:00 AM,1197,RHS,Rural,Martur,Collision Brush/Side Wipe,,Car,Non injury,Defect in mechanical condition of motor vehicle/road condition,Four lanes or more with central divider,Straight road,,Fine,AP31BE 5149,P.V,Grevious,0
17.06.2018,6:00 AM,1197,RHS,Rural,Martur,Collision Brush/Side Wipe,,Car,Non injury,Defect in mechanical condition of motor vehicle/road condition,Four lanes or more with central divider,Straight road,,Fine,AP31BE 5149,P.V,Minor,0
17.06.2018,6:00 AM,1197,RHS,Rural,Martur,Collision Brush/Side Wipe,,Car,Non injury,Defect in mechanical condition of motor vehicle/road condition,Four lanes or more with central divider,Straight road,,Fine,AP31BE 5149,P.V,Non injured,2
17.06.2018,6:00 AM,1197,RHS,Rural,Martur,Collision Brush/Side Wipe,,Car,Non injury,Defect in mechanical condition of motor vehicle/road condition,Four lanes or more with central divider,Straight road,,Fine,AP31BE 5149,P.V,Animals affected,0
17.06.2018,5:50 AM,1321,RHS,Rural,Kavali,Collision Brush/Side Wipe,,Truck,Minor injury,Over speed,Four lanes or more with central divider,Straight road,,Fine,AP03TE 8179,P.V,Fatal,0
17.06.2018,5:50 AM,1321,RHS,Rural,Kavali,Collision Brush/Side Wipe,,Truck,Minor injury,Over speed,Four lanes or more with central divider,Straight road,,Fine,AP03TE 8179,P.V,Grevious,0
17.06.2018,5:50 AM,1321,RHS,Rural,Kavali,Collision Brush/Side Wipe,,Truck,Minor injury,Over speed,Four lanes or more with central divider,Straight road,,Fine,AP03TE 8179,P.V,Minor,2
17.06.2018,5:50 AM,1321,RHS,Rural,Kavali,Collision Brush/Side Wipe,,Truck,Minor injury,Over speed,Four lanes or more with central divider,Straight road,,Fine,AP03TE 8179,P.V,Non injured,1
17.06.2018,5:50 AM,1321,RHS,Rural,Kavali,Collision Brush/Side Wipe,,Truck,Minor injury,Over speed,Four lanes or more with central divider,Straight road,,Fine,AP03TE 8179,P.V,Animals affected,1
17.06.2018,4:00 AM,1289.2,RHS,Rural,Ulavapadu,Collision Brush/Side Wipe,,Truck,Non injury,Fault of driver of motor vehicle/driver of other vehicle/cyclist/pedestrian/passenger,Four lanes or more with central divider,Straight road,,Fine,AP26TD 4919,P.V,Fatal,0
17.06.2018,4:00 AM,1289.2,RHS,Rural,Ulavapadu,Collision Brush/Side Wipe,,Truck,Non injury,Fault of driver of motor vehicle/driver of other vehicle/cyclist/pedestrian/passenger,Four lanes or more with central divider,Straight road,,Fine,AP26TD 4919,P.V,Grevious,0
17.06.2018,4:00 AM,1289.2,RHS,Rural,Ulavapadu,Collision Brush/Side Wipe,,Truck,Non injury,Fault of driver of motor vehicle/driver of other vehicle/cyclist/pedestrian/passenger,Four lanes or more with central divider,Straight road,,Fine,AP26TD 4919,P.V,Minor,0
17.06.2018,4:00 AM,1289.2,RHS,Rural,Ulavapadu,Collision Brush/Side Wipe,,Truck,Non injury,Fault of driver of motor vehicle/driver of other vehicle/cyclist/pedestrian/passenger,Four lanes or more with central divider,Straight road,,Fine,AP26TD 4919,P.V,Non injured,2
17.06.2018,4:00 AM,1289.2,RHS,Rural,Ulavapadu,Collision Brush/Side Wipe,,Truck,Non injury,Fault of driver of motor vehicle/driver of other vehicle/cyclist/pedestrian/passenger,Four lanes or more with central divider,Straight road,,Fine,AP26TD 4919,P.V,Animals affected,0
17.06.2018,7:45 AM,1242.8,RHS,Rural,Ongole,Collision Brush/Side Wipe,,Truck,Non injury,Fault of driver of motor vehicle/driver of other vehicle/cyclist/pedestrian/passenger,Four lanes or more with central divider,Straight road,,Fine,AP16TA 9347,P.V,Fatal,0
17.06.2018,7:45 AM,1242.8,RHS,Rural,Ongole,Collision Brush/Side Wipe,,Truck,Non injury,Fault of driver of motor vehicle/driver of other vehicle/cyclist/pedestrian/passenger,Four lanes or more with central divider,Straight road,,Fine,AP16TA 9347,P.V,Grevious,0
17.06.2018,7:45 AM,1242.8,RHS,Rural,Ongole,Collision Brush/Side Wipe,,Truck,Non injury,Fault of driver of motor vehicle/driver of other vehicle/cyclist/pedestrian/passenger,Four lanes or more with central divider,Straight road,,Fine,AP16TA 9347,P.V,Minor,0
17.06.2018,7:45 AM,1242.8,RHS,Rural,Ongole,Collision Brush/Side Wipe,,Truck,Non injury,Fault of driver of motor vehicle/driver of other vehicle/cyclist/pedestrian/passenger,Four lanes or more with central divider,Straight road,,Fine,AP16TA 9347,P.V,Non injured,1
17.06.2018,7:45 AM,1242.8,RHS,Rural,Ongole,Collision Brush/Side Wipe,,Truck,Non injury,Fault of driver of motor vehicle/driver of other vehicle/cyclist/pedestrian/passenger,Four lanes or more with central divider,Straight road,,Fine,AP16TA 9347,P.V,Animals affected,0
17.06.2018,11:05 PM,1293.1,RHS,Rural,Ulavapadu,Overturning,,Trailler,Minor injury,Fault of driver of motor vehicle/driver of other vehicle/cyclist/pedestrian/passenger,Four lanes or more with central divider,Straight road,,Fine,NL01L   6677,P.V,Fatal,0
17.06.2018,11:05 PM,1293.1,RHS,Rural,Ulavapadu,Overturning,,Trailler,Minor injury,Fault of driver of motor vehicle/driver of other vehicle/cyclist/pedestrian/passenger,Four lanes or more with central divider,Straight road,,Fine,NL01L   6677,P.V,Grevious,0
17.06.2018,11:05 PM,1293.1,RHS,Rural,Ulavapadu,Overturning,,Trailler,Minor injury,Fault of driver of motor vehicle/driver of other vehicle/cyclist/pedestrian/passenger,Four lanes or more with central divider,Straight road,,Fine,NL01L   6677,P.V,Minor,1
17.06.2018,11:05 PM,1293.1,RHS,Rural,Ulavapadu,Overturning,,Trailler,Minor injury,Fault of driver of motor vehicle/driver of other vehicle/cyclist/pedestrian/passenger,Four lanes or more with central divider,Straight road,,Fine,NL01L   6677,P.V,Non injured,1
17.06.2018,11:05 PM,1293.1,RHS,Rural,Ulavapadu,Overturning,,Trailler,Minor injury,Fault of driver of motor vehicle/driver of other vehicle/cyclist/pedestrian/passenger,Four lanes or more with central divider,Straight road,,Fine,NL01L   6677,P.V,Animals affected,0
17.06.2018,11:30 PM,1275.6,RHS,Rural,Singarayakonda,Overturning,,Car,Grievious injury,Defect in mechanical condition of motor vehicle/road condition,Four lanes or more with central divider,Straight road,,Fine,AP27TV  1142,A.M.B & P.V,Fatal,0
17.06.2018,11:30 PM,1275.6,RHS,Rural,Singarayakonda,Overturning,,Car,Grievious injury,Defect in mechanical condition of motor vehicle/road condition,Four lanes or more with central divider,Straight road,,Fine,AP27TV  1142,A.M.B & P.V,Grevious,1
17.06.2018,11:30 PM,1275.6,RHS,Rural,Singarayakonda,Overturning,,Car,Grievious injury,Defect in mechanical condition of motor vehicle/road condition,Four lanes or more with central divider,Straight road,,Fine,AP27TV  1142,A.M.B & P.V,Minor,1
17.06.2018,11:30 PM,1275.6,RHS,Rural,Singarayakonda,Overturning,,Car,Grievious injury,Defect in mechanical condition of motor vehicle/road condition,Four lanes or more with central divider,Straight road,,Fine,AP27TV  1142,A.M.B & P.V,Non injured,1
17.06.2018,11:30 PM,1275.6,RHS,Rural,Singarayakonda,Overturning,,Car,Grievious injury,Defect in mechanical condition of motor vehicle/road condition,Four lanes or more with central divider,Straight road,,Fine,AP27TV  1142,A.M.B & P.V,Animals affected,0
18.06.2018,1:10 AM,1347.2,RHS,Rural,Dagadarthi,Rear End Collision,,Tanker,Grievious injury,Fault of driver of motor vehicle/driver of other vehicle/cyclist/pedestrian/passenger,Four lanes or more with central divider,Straight road,,Fine,AP27U  3949,A.M.B & P.V,Fatal,0
18.06.2018,1:10 AM,1347.2,RHS,Rural,Dagadarthi,Rear End Collision,,Tanker,Grievious injury,Fault of driver of motor vehicle/driver of other vehicle/cyclist/pedestrian/passenger,Four lanes or more with central divider,Straight road,,Fine,AP27U  3949,A.M.B & P.V,Grevious,2
18.06.2018,1:10 AM,1347.2,RHS,Rural,Dagadarthi,Rear End Collision,,Tanker,Grievious injury,Fault of driver of motor vehicle/driver of other vehicle/cyclist/pedestrian/passenger,Four lanes or more with central divider,Straight road,,Fine,AP27U  3949,A.M.B & P.V,Minor,0
18.06.2018,1:10 AM,1347.2,RHS,Rural,Dagadarthi,Rear End Collision,,Tanker,Grievious injury,Fault of driver of motor vehicle/driver of other vehicle/cyclist/pedestrian/passenger,Four lanes or more with central divider,Straight road,,Fine,AP27U  3949,A.M.B & P.V,Non injured,0
18.06.2018,1:10 AM,1347.2,RHS,Rural,Dagadarthi,Rear End Collision,,Tanker,Grievious injury,Fault of driver of motor vehicle/driver of other vehicle/cyclist/pedestrian/passenger,Four lanes or more with central divider,Straight road,,Fine,AP27U  3949,A.M.B & P.V,Animals affected,0
18.06.2018,3:00 AM,1203,RHS,Rural,Reningavaram,Collision Brush/Side Wipe,,Truck,Non injury,Fault of driver of motor vehicle/driver of other vehicle/cyclist/pedestrian/passenger,Four lanes or more with central divider,Straight road,,Fine,TN16C   1441,P.V,Fatal,0
18.06.2018,3:00 AM,1203,RHS,Rural,Reningavaram,Collision Brush/Side Wipe,,Truck,Non injury,Fault of driver of motor vehicle/driver of other vehicle/cyclist/pedestrian/passenger,Four lanes or more with central divider,Straight road,,Fine,TN16C   1441,P.V,Grevious,0
18.06.2018,3:00 AM,1203,RHS,Rural,Reningavaram,Collision Brush/Side Wipe,,Truck,Non injury,Fault of driver of motor vehicle/driver of other vehicle/cyclist/pedestrian/passenger,Four lanes or more with central divider,Straight road,,Fine,TN16C   1441,P.V,Minor,0
18.06.2018,3:00 AM,1203,RHS,Rural,Reningavaram,Collision Brush/Side Wipe,,Truck,Non injury,Fault of driver of motor vehicle/driver of other vehicle/cyclist/pedestrian/passenger,Four lanes or more with central divider,Straight road,,Fine,TN16C   1441,P.V,Non injured,1
18.06.2018,3:00 AM,1203,RHS,Rural,Reningavaram,Collision Brush/Side Wipe,,Truck,Non injury,Fault of driver of motor vehicle/driver of other vehicle/cyclist/pedestrian/passenger,Four lanes or more with central divider,Straight road,,Fine,TN16C   1441,P.V,Animals affected,0
18.06.2018,8:24 AM,1245,RHS,Rural,Ongole,Overturning,,Car,Minor injury,Over speed,Four lanes or more with central divider,Straight road,,Fine,AP07CB  6593,P.V,Fatal,0
18.06.2018,8:24 AM,1245,RHS,Rural,Ongole,Overturning,,Car,Minor injury,Over speed,Four lanes or more with central divider,Straight road,,Fine,AP07CB  6593,P.V,Grevious,0
18.06.2018,8:24 AM,1245,RHS,Rural,Ongole,Overturning,,Car,Minor injury,Over speed,Four lanes or more with central divider,Straight road,,Fine,AP07CB  6593,P.V,Minor,1
18.06.2018,8:24 AM,1245,RHS,Rural,Ongole,Overturning,,Car,Minor injury,Over speed,Four lanes or more with central divider,Straight road,,Fine,AP07CB  6593,P.V,Non injured,0
18.06.2018,8:24 AM,1245,RHS,Rural,Ongole,Overturning,,Car,Minor injury,Over speed,Four lanes or more with central divider,Straight road,,Fine,AP07CB  6593,P.V,Animals affected,0
18.06.2018,11:10 AM,1233.2,RHS,Rural,Maddipadu,Rear End Collision,,Bus,Non injury,Over speed,Four lanes or more with central divider,Straight road,,Fine,AP29Z  3316,P.V,Fatal,0
18.06.2018,11:10 AM,1233.2,RHS,Rural,Maddipadu,Rear End Collision,,Bus,Non injury,Over speed,Four lanes or more with central divider,Straight road,,Fine,AP29Z  3316,P.V,Grevious,0
18.06.2018,11:10 AM,1233.2,RHS,Rural,Maddipadu,Rear End Collision,,Bus,Non injury,Over speed,Four lanes or more with central divider,Straight road,,Fine,AP29Z  3316,P.V,Minor,0
18.06.2018,11:10 AM,1233.2,RHS,Rural,Maddipadu,Rear End Collision,,Bus,Non injury,Over speed,Four lanes or more with central divider,Straight road,,Fine,AP29Z  3316,P.V,Non injured,48
18.06.2018,11:10 AM,1233.2,RHS,Rural,Maddipadu,Rear End Collision,,Bus,Non injury,Over speed,Four lanes or more with central divider,Straight road,,Fine,AP29Z  3316,P.V,Animals affected,0
18.06.2018,7:34 PM,1243.8,RHS,Rural,Ongole,Overturning,,Container,Minor injury,Over speed,Four lanes or more with central divider,Straight road,,Fine,TN28AL  3655,P.V,Fatal,0
18.06.2018,7:34 PM,1243.8,RHS,Rural,Ongole,Overturning,,Container,Minor injury,Over speed,Four lanes or more with central divider,Straight road,,Fine,TN28AL  3655,P.V,Grevious,0
18.06.2018,7:34 PM,1243.8,RHS,Rural,Ongole,Overturning,,Container,Minor injury,Over speed,Four lanes or more with central divider,Straight road,,Fine,TN28AL  3655,P.V,Minor,1
18.06.2018,7:34 PM,1243.8,RHS,Rural,Ongole,Overturning,,Container,Minor injury,Over speed,Four lanes or more with central divider,Straight road,,Fine,TN28AL  3655,P.V,Non injured,0
18.06.2018,7:34 PM,1243.8,RHS,Rural,Ongole,Overturning,,Container,Minor injury,Over speed,Four lanes or more with central divider,Straight road,,Fine,TN28AL  3655,P.V,Animals affected,0
19.06.2018,2:00 PM,1285.9,RHS,Rural,Ulavapadu,Overturning,,Car,Minor injury,Over speed,Four lanes or more with central divider,Straight road,,Fine,AP07CC 5949,P.V,Fatal,0
19.06.2018,2:00 PM,1285.9,RHS,Rural,Ulavapadu,Overturning,,Car,Minor injury,Over speed,Four lanes or more with central divider,Straight road,,Fine,AP07CC 5949,P.V,Grevious,0
19.06.2018,2:00 PM,1285.9,RHS,Rural,Ulavapadu,Overturning,,Car,Minor injury,Over speed,Four lanes or more with central divider,Straight road,,Fine,AP07CC 5949,P.V,Minor,1
19.06.2018,2:00 PM,1285.9,RHS,Rural,Ulavapadu,Overturning,,Car,Minor injury,Over speed,Four lanes or more with central divider,Straight road,,Fine,AP07CC 5949,P.V,Non injured,0
19.06.2018,2:00 PM,1285.9,RHS,Rural,Ulavapadu,Overturning,,Car,Minor injury,Over speed,Four lanes or more with central divider,Straight road,,Fine,AP07CC 5949,P.V,Animals affected,0
20.06.2018,2:00 AM,1249.6,RHS,Rural,Ongole,Overturning,,Truck,Non injury,Fault of driver of motor vehicle/driver of other vehicle/cyclist/pedestrian/passenger,Four lanes or more with central divider,Straight road,,Fine,AP09TH    7695,P.V,Fatal,0
20.06.2018,2:00 AM,1249.6,RHS,Rural,Ongole,Overturning,,Truck,Non injury,Fault of driver of motor vehicle/driver of other vehicle/cyclist/pedestrian/passenger,Four lanes or more with central divider,Straight road,,Fine,AP09TH    7695,P.V,Grevious,0