Operational date,Time of Accident,KM && M,Position,Rural/Urban,Location,Nature of Accident Position,Nature of Accident,Vehicle Involved,Type of Accident,Causes,Road Feature,Road condition,Intersection Type And Control,Weather Condition,Vehicle Responsible,Help Provided by Ambulance/Patroling Vehicle,Classification of Accident,No of Affected Persons
20.06.2018,2:00 AM,1249.6,RHS,Rural,Ongole,Overturning,,Truck,Non injury,Fault of driver of motor vehicle/driver of other vehicle/cyclist/pedestrian/passenger,Four lanes or more with central divider,Straight road,,Fine,AP09TH    7695,P.V,Minor,0
20.06.2018,2:00 AM,1249.6,RHS,Rural,Ongole,Overturning,,Truck,Non injury,Fault of driver of motor vehicle/driver of other vehicle/cyclist/pedestrian/passenger,Four lanes or more with central divider,Straight road,,Fine,AP09TH    7695,P.V,Non injured,1
20.06.2018,2:00 AM,1249.6,RHS,Rural,Ongole,Overturning,,Truck,Non injury,Fault of driver of motor vehicle/driver of other vehicle/cyclist/pedestrian/passenger,Four lanes or more with central divider,Straight road,,Fine,AP09TH    7695,P.V,Animals affected,0
20.06.2018,12:00 PM,1226.6,RHS,Rural,Maddipadu,Head on collision,,Bike,Grievious injury,Fault of driver of motor vehicle/driver of other vehicle/cyclist/pedestrian/passenger,Four lanes or more with central divider,Straight road,,Fine,AP27CB   2140,A.M.B & P.V,Fatal,0
20.06.2018,12:00 PM,1226.6,RHS,Rural,Maddipadu,Head on collision,,Bike,Grievious injury,Fault of driver of motor vehicle/driver of other vehicle/cyclist/pedestrian/passenger,Four lanes or more with central divider,Straight road,,Fine,AP27CB   2140,A.M.B & P.V,Grevious,1
20.06.2018,12:00 PM,1226.6,RHS,Rural,Maddipadu,Head on collision,,Bike,Grievious injury,Fault of driver of motor vehicle/driver of other vehicle/cyclist/pedestrian/passenger,Four lanes or more with central divider,Straight road,,Fine,AP27CB   2140,A.M.B & P.V,Minor,0
20.06.2018,12:00 PM,1226.6,RHS,Rural,Maddipadu,Head on collision,,Bike,Grievious injury,Fault of driver of motor vehicle/driver of other vehicle/cyclist/pedestrian/passenger,Four lanes or more with central divider,Straight road,,Fine,AP27CB   2140,A.M.B & P.V,Non injured,1
20.06.2018,12:00 PM,1226.6,RHS,Rural,Maddipadu,Head on collision,,Bike,Grievious injury,Fault of driver of motor vehicle/driver of other vehicle/cyclist/pedestrian/passenger,Four lanes or more with central divider,Straight road,,Fine,AP27CB   2140,A.M.B & P.V,Animals affected,0
20.06.2018,7:30 PM,1195.8,RHS,Rural,Martur,Collision Brush/Side Wipe,,Car,Non injury,Over speed,Four lanes or more with central divider,Straight road,,Fine,AP27BH  3999,A.M.B,Fatal,0
20.06.2018,7:30 PM,1195.8,RHS,Rural,Martur,Collision Brush/Side Wipe,,Car,Non injury,Over speed,Four lanes or more with central divider,Straight road,,Fine,AP27BH  3999,A.M.B,Grevious,0
20.06.2018,7:30 PM,1195.8,RHS,Rural,Martur,Collision Brush/Side Wipe,,Car,Non injury,Over speed,Four lanes or more with central divider,Straight road,,Fine,AP27BH  3999,A.M.B,Minor,0
20.06.2018,7:30 PM,1195.8,RHS,Rural,Martur,Collision Brush/Side Wipe,,Car,Non injury,Over speed,Four lanes or more with central divider,Straight road,,Fine,AP27BH  3999,A.M.B,Non injured,4
20.06.2018,7:30 PM,1195.8,RHS,Rural,Martur,Collision Brush/Side Wipe,,Car,Non injury,Over speed,Four lanes or more with central divider,Straight road,,Fine,AP27BH  3999,A.M.B,Animals affected,1
20.06.2018,8:17 PM,1263.2,RHS,Rural,Tangutur,Collision Brush/Side Wipe,,Bike,Grievious injury,Fault of driver of motor vehicle/driver of other vehicle/cyclist/pedestrian/passenger,Four lanes or more with central divider,Straight road,,Fine,AP27AW  5611,A.M.B & P.V,Fatal,0
20.06.2018,8:17 PM,1263.2,RHS,Rural,Tangutur,Collision Brush/Side Wipe,,Bike,Grievious injury,Fault of driver of motor vehicle/driver of other vehicle/cyclist/pedestrian/passenger,Four lanes or more with central divider,Straight road,,Fine,AP27AW  5611,A.M.B & P.V,Grevious,1
20.06.2018,8:17 PM,1263.2,RHS,Rural,Tangutur,Collision Brush/Side Wipe,,Bike,Grievious injury,Fault of driver of motor vehicle/driver of other vehicle/cyclist/pedestrian/passenger,Four lanes or more with central divider,Straight road,,Fine,AP27AW  5611,A.M.B & P.V,Minor,2
20.06.2018,8:17 PM,1263.2,RHS,Rural,Tangutur,Collision Brush/Side Wipe,,Bike,Grievious injury,Fault of driver of motor vehicle/driver of other vehicle/cyclist/pedestrian/passenger,Four lanes or more with central divider,Straight road,,Fine,AP27AW  5611,A.M.B & P.V,Non injured,0
20.06.2018,8:17 PM,1263.2,RHS,Rural,Tangutur,Collision Brush/Side Wipe,,Bike,Grievious injury,Fault of driver of motor vehicle/driver of other vehicle/cyclist/pedestrian/passenger,Four lanes or more with central divider,Straight road,,Fine,AP27AW  5611,A.M.B & P.V,Animals affected,0
21.06.2018,1:50 AM,1204.8,RHS,Rural,Reningavaram,Overturning,,Truck,Fatal,Fault of driver of motor vehicle/driver of other vehicle/cyclist/pedestrian/passenger,Four lanes or more with central divider,Sharp curve,,Fine,AP04TW 8288,P.V,Fatal,1
21.06.2018,1:50 AM,1204.8,RHS,Rural,Reningavaram,Overturning,,Truck,Fatal,Fault of driver of motor vehicle/driver of other vehicle/cyclist/pedestrian/passenger,Four lanes or more with central divider,Sharp curve,,Fine,AP04TW 8288,P.V,Grevious,0
21.06.2018,1:50 AM,1204.8,RHS,Rural,Reningavaram,Overturning,,Truck,Fatal,Fault of driver of motor vehicle/driver of other vehicle/cyclist/pedestrian/passenger,Four lanes or more with central divider,Sharp curve,,Fine,AP04TW 8288,P.V,Minor,0
21.06.2018,1:50 AM,1204.8,RHS,Rural,Reningavaram,Overturning,,Truck,Fatal,Fault of driver of motor vehicle/driver of other vehicle/cyclist/pedestrian/passenger,Four lanes or more with central divider,Sharp curve,,Fine,AP04TW 8288,P.V,Non injured,1
21.06.2018,1:50 AM,1204.8,RHS,Rural,Reningavaram,Overturning,,Truck,Fatal,Fault of driver of motor vehicle/driver of other vehicle/cyclist/pedestrian/passenger,Four lanes or more with central divider,Sharp curve,,Fine,AP04TW 8288,P.V,Animals affected,0
21.06.2018,11:50 PM,1257.1,RHS,Rural,Tangutur,Rear End Collision,,Car,Non injury,Fault of driver of motor vehicle/driver of other vehicle/cyclist/pedestrian/passenger,Four lanes or more with central divider,Straight road,,Fine,AP07TD   8529,P.V,Fatal,0
21.06.2018,11:50 PM,1257.1,RHS,Rural,Tangutur,Rear End Collision,,Car,Non injury,Fault of driver of motor vehicle/driver of other vehicle/cyclist/pedestrian/passenger,Four lanes or more with central divider,Straight road,,Fine,AP07TD   8529,P.V,Grevious,0
21.06.2018,11:50 PM,1257.1,RHS,Rural,Tangutur,Rear End Collision,,Car,Non injury,Fault of driver of motor vehicle/driver of other vehicle/cyclist/pedestrian/passenger,Four lanes or more with central divider,Straight road,,Fine,AP07TD   8529,P.V,Minor,0
21.06.2018,11:50 PM,1257.1,RHS,Rural,Tangutur,Rear End Collision,,Car,Non injury,Fault of driver of motor vehicle/driver of other vehicle/cyclist/pedestrian/passenger,Four lanes or more with central divider,Straight road,,Fine,AP07TD   8529,P.V,Non injured,2
21.06.2018,11:50 PM,1257.1,RHS,Rural,Tangutur,Rear End Collision,,Car,Non injury,Fault of driver of motor vehicle/driver of other vehicle/cyclist/pedestrian/passenger,Four lanes or more with central divider,Straight road,,Fine,AP07TD   8529,P.V,Animals affected,0
22.06.2018,9:50 AM,1334.4,RHS,Rural,K.Tippa ,Skidding,,Bike,Grievious injury,Over speed,Four lanes or more with central divider,Straight road,,Fine,AP26BT 9204,A.M.B & P.V,Fatal,0
22.06.2018,9:50 AM,1334.4,RHS,Rural,K.Tippa ,Skidding,,Bike,Grievious injury,Over speed,Four lanes or more with central divider,Straight road,,Fine,AP26BT 9204,A.M.B & P.V,Grevious,1
22.06.2018,9:50 AM,1334.4,RHS,Rural,K.Tippa ,Skidding,,Bike,Grievious injury,Over speed,Four lanes or more with central divider,Straight road,,Fine,AP26BT 9204,A.M.B & P.V,Minor,1
22.06.2018,9:50 AM,1334.4,RHS,Rural,K.Tippa ,Skidding,,Bike,Grievious injury,Over speed,Four lanes or more with central divider,Straight road,,Fine,AP26BT 9204,A.M.B & P.V,Non injured,1
22.06.2018,9:50 AM,1334.4,RHS,Rural,K.Tippa ,Skidding,,Bike,Grievious injury,Over speed,Four lanes or more with central divider,Straight road,,Fine,AP26BT 9204,A.M.B & P.V,Animals affected,0
22.06.2018,11:30 AM,1364.1,RHS,Rural,Kovuru,Rear End Collision,,Container,Minor injury,Fault of driver of motor vehicle/driver of other vehicle/cyclist/pedestrian/passenger,Four lanes or more with central divider,Straight road,,Fine,AP16TJ 0097,P.V,Fatal,0
22.06.2018,11:30 AM,1364.1,RHS,Rural,Kovuru,Rear End Collision,,Container,Minor injury,Fault of driver of motor vehicle/driver of other vehicle/cyclist/pedestrian/passenger,Four lanes or more with central divider,Straight road,,Fine,AP16TJ 0097,P.V,Grevious,0
22.06.2018,11:30 AM,1364.1,RHS,Rural,Kovuru,Rear End Collision,,Container,Minor injury,Fault of driver of motor vehicle/driver of other vehicle/cyclist/pedestrian/passenger,Four lanes or more with central divider,Straight road,,Fine,AP16TJ 0097,P.V,Minor,2
22.06.2018,11:30 AM,1364.1,RHS,Rural,Kovuru,Rear End Collision,,Container,Minor injury,Fault of driver of motor vehicle/driver of other vehicle/cyclist/pedestrian/passenger,Four lanes or more with central divider,Straight road,,Fine,AP16TJ 0097,P.V,Non injured,1
22.06.2018,11:30 AM,1364.1,RHS,Rural,Kovuru,Rear End Collision,,Container,Minor injury,Fault of driver of motor vehicle/driver of other vehicle/cyclist/pedestrian/passenger,Four lanes or more with central divider,Straight road,,Fine,AP16TJ 0097,P.V,Animals affected,0
22.06.2018,4:50 PM,1187.4,RHS,Rural,Martur,Rear End Collision,,Car,Grievious injury,Over speed,Four lanes or more with central divider,Straight road,,Fine,AP27TT 1271,A.M.B & P.V,Fatal,0
22.06.2018,4:50 PM,1187.4,RHS,Rural,Martur,Rear End Collision,,Car,Grievious injury,Over speed,Four lanes or more with central divider,Straight road,,Fine,AP27TT 1271,A.M.B & P.V,Grevious,3
22.06.2018,4:50 PM,1187.4,RHS,Rural,Martur,Rear End Collision,,Car,Grievious injury,Over speed,Four lanes or more with central divider,Straight road,,Fine,AP27TT 1271,A.M.B & P.V,Minor,4
22.06.2018,4:50 PM,1187.4,RHS,Rural,Martur,Rear End Collision,,Car,Grievious injury,Over speed,Four lanes or more with central divider,Straight road,,Fine,AP27TT 1271,A.M.B & P.V,Non injured,1
22.06.2018,4:50 PM,1187.4,RHS,Rural,Martur,Rear End Collision,,Car,Grievious injury,Over speed,Four lanes or more with central divider,Straight road,,Fine,AP27TT 1271,A.M.B & P.V,Animals affected,0
23.06.2018,1:20 AM,1253.4,RHS,Rural,Ongole,Others(p1.Specific),,Truck,Non injury,Defect in mechanical condition of motor vehicle/road condition,Four lanes or more with central divider,Straight road,,Fine,AP03TB 4525,P.V,Fatal,0
23.06.2018,1:20 AM,1253.4,RHS,Rural,Ongole,Others(p1.Specific),,Truck,Non injury,Defect in mechanical condition of motor vehicle/road condition,Four lanes or more with central divider,Straight road,,Fine,AP03TB 4525,P.V,Grevious,0
23.06.2018,1:20 AM,1253.4,RHS,Rural,Ongole,Others(p1.Specific),,Truck,Non injury,Defect in mechanical condition of motor vehicle/road condition,Four lanes or more with central divider,Straight road,,Fine,AP03TB 4525,P.V,Minor,0
23.06.2018,1:20 AM,1253.4,RHS,Rural,Ongole,Others(p1.Specific),,Truck,Non injury,Defect in mechanical condition of motor vehicle/road condition,Four lanes or more with central divider,Straight road,,Fine,AP03TB 4525,P.V,Non injured,1
23.06.2018,1:20 AM,1253.4,RHS,Rural,Ongole,Others(p1.Specific),,Truck,Non injury,Defect in mechanical condition of motor vehicle/road condition,Four lanes or more with central divider,Straight road,,Fine,AP03TB 4525,P.V,Animals affected,0
23.06.2018,2:45 AM,1279.1,RHS,Rural,Singarayakonda,Rear End Collision,,Truck,Non injury,Fault of driver of motor vehicle/driver of other vehicle/cyclist/pedestrian/passenger,Four lanes or more with central divider,Slight curve,,Fine,AP07TU 7479,P.V,Fatal,0
23.06.2018,2:45 AM,1279.1,RHS,Rural,Singarayakonda,Rear End Collision,,Truck,Non injury,Fault of driver of motor vehicle/driver of other vehicle/cyclist/pedestrian/passenger,Four lanes or more with central divider,Slight curve,,Fine,AP07TU 7479,P.V,Grevious,0
23.06.2018,2:45 AM,1279.1,RHS,Rural,Singarayakonda,Rear End Collision,,Truck,Non injury,Fault of driver of motor vehicle/driver of other vehicle/cyclist/pedestrian/passenger,Four lanes or more with central divider,Slight curve,,Fine,AP07TU 7479,P.V,Minor,0
23.06.2018,2:45 AM,1279.1,RHS,Rural,Singarayakonda,Rear End Collision,,Truck,Non injury,Fault of driver of motor vehicle/driver of other vehicle/cyclist/pedestrian/passenger,Four lanes or more with central divider,Slight curve,,Fine,AP07TU 7479,P.V,Non injured,4
23.06.2018,2:45 AM,1279.1,RHS,Rural,Singarayakonda,Rear End Collision,,Truck,Non injury,Fault of driver of motor vehicle/driver of other vehicle/cyclist/pedestrian/passenger,Four lanes or more with central divider,Slight curve,,Fine,AP07TU 7479,P.V,Animals affected,0
23.06.2018,3:30 AM,1280.2,RHS,Rural,Singarayakonda,Rear End Collision,,Truck,Non injury,Fault of driver of motor vehicle/driver of other vehicle/cyclist/pedestrian/passenger,Four lanes or more with central divider,Straight road,,Fine,AP26TT  2467,P.V,Fatal,0
23.06.2018,3:30 AM,1280.2,RHS,Rural,Singarayakonda,Rear End Collision,,Truck,Non injury,Fault of driver of motor vehicle/driver of other vehicle/cyclist/pedestrian/passenger,Four lanes or more with central divider,Straight road,,Fine,AP26TT  2467,P.V,Grevious,0
23.06.2018,3:30 AM,1280.2,RHS,Rural,Singarayakonda,Rear End Collision,,Truck,Non injury,Fault of driver of motor vehicle/driver of other vehicle/cyclist/pedestrian/passenger,Four lanes or more with central divider,Straight road,,Fine,AP26TT  2467,P.V,Minor,0
23.06.2018,3:30 AM,1280.2,RHS,Rural,Singarayakonda,Rear End Collision,,Truck,Non injury,Fault of driver of motor vehicle/driver of other vehicle/cyclist/pedestrian/passenger,Four lanes or more with central divider,Straight road,,Fine,AP26TT  2467,P.V,Non injured,3
23.06.2018,3:30 AM,1280.2,RHS,Rural,Singarayakonda,Rear End Collision,,Truck,Non injury,Fault of driver of motor vehicle/driver of other vehicle/cyclist/pedestrian/passenger,Four lanes or more with central divider,Straight road,,Fine,AP26TT  2467,P.V,Animals affected,0
23.06.2018,4:05 AM,1317.8,RHS,Rural,Kavali,Collision Brush/Side Wipe,,Truck,Non injury,Fault of driver of motor vehicle/driver of other vehicle/cyclist/pedestrian/passenger,Four lanes or more with central divider,Straight road,,Fine,KA09C  4685,P.V,Fatal,0
23.06.2018,4:05 AM,1317.8,RHS,Rural,Kavali,Collision Brush/Side Wipe,,Truck,Non injury,Fault of driver of motor vehicle/driver of other vehicle/cyclist/pedestrian/passenger,Four lanes or more with central divider,Straight road,,Fine,KA09C  4685,P.V,Grevious,0
23.06.2018,4:05 AM,1317.8,RHS,Rural,Kavali,Collision Brush/Side Wipe,,Truck,Non injury,Fault of driver of motor vehicle/driver of other vehicle/cyclist/pedestrian/passenger,Four lanes or more with central divider,Straight road,,Fine,KA09C  4685,P.V,Minor,0
23.06.2018,4:05 AM,1317.8,RHS,Rural,Kavali,Collision Brush/Side Wipe,,Truck,Non injury,Fault of driver of motor vehicle/driver of other vehicle/cyclist/pedestrian/passenger,Four lanes or more with central divider,Straight road,,Fine,KA09C  4685,P.V,Non injured,1
23.06.2018,4:05 AM,1317.8,RHS,Rural,Kavali,Collision Brush/Side Wipe,,Truck,Non injury,Fault of driver of motor vehicle/driver of other vehicle/cyclist/pedestrian/passenger,Four lanes or more with central divider,Straight road,,Fine,KA09C  4685,P.V,Animals affected,0
23.06.2018,3:45 PM,1185,RHS,Rural,Martur,Overturning,,Auto,Minor injury,Vehicle out of control,Four lanes or more with central divider,Straight road,,Fine,AP35TA  1052,A.M.B & P.V,Fatal,0
23.06.2018,3:45 PM,1185,RHS,Rural,Martur,Overturning,,Auto,Minor injury,Vehicle out of control,Four lanes or more with central divider,Straight road,,Fine,AP35TA  1052,A.M.B & P.V,Grevious,0
23.06.2018,3:45 PM,1185,RHS,Rural,Martur,Overturning,,Auto,Minor injury,Vehicle out of control,Four lanes or more with central divider,Straight road,,Fine,AP35TA  1052,A.M.B & P.V,Minor,2
23.06.2018,3:45 PM,1185,RHS,Rural,Martur,Overturning,,Auto,Minor injury,Vehicle out of control,Four lanes or more with central divider,Straight road,,Fine,AP35TA  1052,A.M.B & P.V,Non injured,0
23.06.2018,3:45 PM,1185,RHS,Rural,Martur,Overturning,,Auto,Minor injury,Vehicle out of control,Four lanes or more with central divider,Straight road,,Fine,AP35TA  1052,A.M.B & P.V,Animals affected,0
23.06.2018,3:23 PM,1331.8,RHS,Rural,K.Tippa ,Collision Brush/Side Wipe,,Bike,Grievious injury,Fault of driver of motor vehicle/driver of other vehicle/cyclist/pedestrian/passenger,Four lanes or more with central divider,Straight road,,Fine,AP27AC 6626,A.M.B & P.V,Fatal,0
23.06.2018,3:23 PM,1331.8,RHS,Rural,K.Tippa ,Collision Brush/Side Wipe,,Bike,Grievious injury,Fault of driver of motor vehicle/driver of other vehicle/cyclist/pedestrian/passenger,Four lanes or more with central divider,Straight road,,Fine,AP27AC 6626,A.M.B & P.V,Grevious,1
23.06.2018,3:23 PM,1331.8,RHS,Rural,K.Tippa ,Collision Brush/Side Wipe,,Bike,Grievious injury,Fault of driver of motor vehicle/driver of other vehicle/cyclist/pedestrian/passenger,Four lanes or more with central divider,Straight road,,Fine,AP27AC 6626,A.M.B & P.V,Minor,0
23.06.2018,3:23 PM,1331.8,RHS,Rural,K.Tippa ,Collision Brush/Side Wipe,,Bike,Grievious injury,Fault of driver of motor vehicle/driver of other vehicle/cyclist/pedestrian/passenger,Four lanes or more with central divider,Straight road,,Fine,AP27AC 6626,A.M.B & P.V,Non injured,2
23.06.2018,3:23 PM,1331.8,RHS,Rural,K.Tippa ,Collision Brush/Side Wipe,,Bike,Grievious injury,Fault of driver of motor vehicle/driver of other vehicle/cyclist/pedestrian/passenger,Four lanes or more with central divider,Straight road,,Fine,AP27AC 6626,A.M.B & P.V,Animals affected,0
24.06.2018,5:30 AM,1276.3,RHS,Rural,Singarayakonda,Collision Brush/Side Wipe,,Trailler,Minor injury,Fault of driver of motor vehicle/driver of other vehicle/cyclist/pedestrian/passenger,Four lanes or more with central divider,Straight road,,Fine,AP27TZ  3519,P.V,Fatal,0
24.06.2018,5:30 AM,1276.3,RHS,Rural,Singarayakonda,Collision Brush/Side Wipe,,Trailler,Minor injury,Fault of driver of motor vehicle/driver of other vehicle/cyclist/pedestrian/passenger,Four lanes or more with central divider,Straight road,,Fine,AP27TZ  3519,P.V,Grevious,0
24.06.2018,5:30 AM,1276.3,RHS,Rural,Singarayakonda,Collision Brush/Side Wipe,,Trailler,Minor injury,Fault of driver of motor vehicle/driver of other vehicle/cyclist/pedestrian/passenger,Four lanes or more with central divider,Straight road,,Fine,AP27TZ  3519,P.V,Minor,1
24.06.2018,5:30 AM,1276.3,RHS,Rural,Singarayakonda,Collision Brush/Side Wipe,,Trailler,Minor injury,Fault of driver of motor vehicle/driver of other vehicle/cyclist/pedestrian/passenger,Four lanes or more with central divider,Straight road,,Fine,AP27TZ  3519,P.V,Non injured,0
24.06.2018,5:30 AM,1276.3,RHS,Rural,Singarayakonda,Collision Brush/Side Wipe,,Trailler,Minor injury,Fault of driver of motor vehicle/driver of other vehicle/cyclist/pedestrian/passenger,Four lanes or more with central divider,Straight road,,Fine,AP27TZ  3519,P.V,Animals affected,0
24.06.2018,12:30 PM,1338.4,RHS,Rural,Dagadarthi,Collision Brush/Side Wipe,,Car,Minor injury,Over speed,Four lanes or more with central divider,Straight road,,Fine,TN20BL  8394,A.M.B & P.V,Fatal,0
24.06.2018,12:30 PM,1338.4,RHS,Rural,Dagadarthi,Collision Brush/Side Wipe,,Car,Minor injury,Over speed,Four lanes or more with central divider,Straight road,,Fine,TN20BL  8394,A.M.B & P.V,Grevious,0
24.06.2018,12:30 PM,1338.4,RHS,Rural,Dagadarthi,Collision Brush/Side Wipe,,Car,Minor injury,Over speed,Four lanes or more with central divider,Straight road,,Fine,TN20BL  8394,A.M.B & P.V,Minor,3
24.06.2018,12:30 PM,1338.4,RHS,Rural,Dagadarthi,Collision Brush/Side Wipe,,Car,Minor injury,Over speed,Four lanes or more with central divider,Straight road,,Fine,TN20BL  8394,A.M.B & P.V,Non injured,1
24.06.2018,12:30 PM,1338.4,RHS,Rural,Dagadarthi,Collision Brush/Side Wipe,,Car,Minor injury,Over speed,Four lanes or more with central divider,Straight road,,Fine,TN20BL  8394,A.M.B & P.V,Animals affected,0
24.06.2018,5:15 PM,1190.2,RHS,Rural,Martur,Collision Brush/Side Wipe,,Bike,Grievious injury,Druken,Four lanes or more with central divider,Straight road,,Fine,AP27AL  5365,A.M.B & P.V,Fatal,0
24.06.2018,5:15 PM,1190.2,RHS,Rural,Martur,Collision Brush/Side Wipe,,Bike,Grievious injury,Druken,Four lanes or more with central divider,Straight road,,Fine,AP27AL  5365,A.M.B & P.V,Grevious,1
24.06.2018,5:15 PM,1190.2,RHS,Rural,Martur,Collision Brush/Side Wipe,,Bike,Grievious injury,Druken,Four lanes or more with central divider,Straight road,,Fine,AP27AL  5365,A.M.B & P.V,Minor,0
24.06.2018,5:15 PM,1190.2,RHS,Rural,Martur,Collision Brush/Side Wipe,,Bike,Grievious injury,Druken,Four lanes or more with central divider,Straight road,,Fine,AP27AL  5365,A.M.B & P.V,Non injured,0
24.06.2018,5:15 PM,1190.2,RHS,Rural,Martur,Collision Brush/Side Wipe,,Bike,Grievious injury,Druken,Four lanes or more with central divider,Straight road,,Fine,AP27AL  5365,A.M.B & P.V,Animals affected,0
24.06.2018,5:30 PM,1276.5,RHS,Rural,Singarayakonda,Collision Brush/Side Wipe,,Car,Non injury,Over speed,Four lanes or more with central divider,Straight road,,Fine,AP02AR 5868,P.V,Fatal,0
24.06.2018,5:30 PM,1276.5,RHS,Rural,Singarayakonda,Collision Brush/Side Wipe,,Car,Non injury,Over speed,Four lanes or more with central divider,Straight road,,Fine,AP02AR 5868,P.V,Grevious,0
24.06.2018,5:30 PM,1276.5,RHS,Rural,Singarayakonda,Collision Brush/Side Wipe,,Car,Non injury,Over speed,Four lanes or more with central divider,Straight road,,Fine,AP02AR 5868,P.V,Minor,0
24.06.2018,5:30 PM,1276.5,RHS,Rural,Singarayakonda,Collision Brush/Side Wipe,,Car,Non injury,Over speed,Four lanes or more with central divider,Straight road,,Fine,AP02AR 5868,P.V,Non injured,5
24.06.2018,5:30 PM,1276.5,RHS,Rural,Singarayakonda,Collision Brush/Side Wipe,,Car,Non injury,Over speed,Four lanes or more with central divider,Straight road,,Fine,AP02AR 5868,P.V,Animals affected,0
24.06.2018,6:55 PM,1200.5,RHS,Rural,Reningavaram,Skidding,,Bike,Grievious injury,Over speed,Four lanes or more with central divider,Straight road,,Fine,AP26P  8102,A.M.B,Fatal,0
24.06.2018,6:55 PM,1200.5,RHS,Rural,Reningavaram,Skidding,,Bike,Grievious injury,Over speed,Four lanes or more with central divider,Straight road,,Fine,AP26P  8102,A.M.B,Grevious,1
24.06.2018,6:55 PM,1200.5,RHS,Rural,Reningavaram,Skidding,,Bike,Grievious injury,Over speed,Four lanes or more with central divider,Straight road,,Fine,AP26P  8102,A.M.B,Minor,0
24.06.2018,6:55 PM,1200.5,RHS,Rural,Reningavaram,Skidding,,Bike,Grievious injury,Over speed,Four lanes or more with central divider,Straight road,,Fine,AP26P  8102,A.M.B,Non injured,0
24.06.2018,6:55 PM,1200.5,RHS,Rural,Reningavaram,Skidding,,Bike,Grievious injury,Over speed,Four lanes or more with central divider,Straight road,,Fine,AP26P  8102,A.M.B,Animals affected,0
24.06.2018,10:50 PM,1308,RHS,Rural,Kavali,Collision Brush/Side Wipe,,Unknown vehicle,Grievious injury,Over speed,Four lanes or more with central divider,Straight road,,Light rain,Unknown Vehicle,A.M.B,Fatal,0
24.06.2018,10:50 PM,1308,RHS,Rural,Kavali,Collision Brush/Side Wipe,,Unknown vehicle,Grievious injury,Over speed,Four lanes or more with central divider,Straight road,,Light rain,Unknown Vehicle,A.M.B,Grevious,1
24.06.2018,10:50 PM,1308,RHS,Rural,Kavali,Collision Brush/Side Wipe,,Unknown vehicle,Grievious injury,Over speed,Four lanes or more with central divider,Straight road,,Light rain,Unknown Vehicle,A.M.B,Minor,0
24.06.2018,10:50 PM,1308,RHS,Rural,Kavali,Collision Brush/Side Wipe,,Unknown vehicle,Grievious injury,Over speed,Four lanes or more with central divider,Straight road,,Light rain,Unknown Vehicle,A.M.B,Non injured,1
24.06.2018,10:50 PM,1308,RHS,Rural,Kavali,Collision Brush/Side Wipe,,Unknown vehicle,Grievious injury,Over speed,Four lanes or more with central divider,Straight road,,Light rain,Unknown Vehicle,A.M.B,Animals affected,0
25.06.2018,12:45 AM,1349.7,RHS,Rural,Kodavaluru,Collision Brush/Side Wipe,,Unknown vehicle,Fatal,Over speed,Four lanes or more with central divider,Straight road,,Fine,Unknown Vehicle,P.V,Fatal,1
25.06.2018,12:45 AM,1349.7,RHS,Rural,Kodavaluru,Collision Brush/Side Wipe,,Unknown vehicle,Fatal,Over speed,Four lanes or more with central divider,Straight road,,Fine,Unknown Vehicle,P.V,Grevious,1
25.06.2018,12:45 AM,1349.7,RHS,Rural,Kodavaluru,Collision Brush/Side Wipe,,Unknown vehicle,Fatal,Over speed,Four lanes or more with central divider,Straight road,,Fine,Unknown Vehicle,P.V,Minor,0
25.06.2018,12:45 AM,1349.7,RHS,Rural,Kodavaluru,Collision Brush/Side Wipe,,Unknown vehicle,Fatal,Over speed,Four lanes or more with central divider,Straight road,,Fine,Unknown Vehicle,P.V,Non injured,0
25.06.2018,12:45 AM,1349.7,RHS,Rural,Kodavaluru,Collision Brush/Side Wipe,,Unknown vehicle,Fatal,Over speed,Four lanes or more with central divider,Straight road,,Fine,Unknown Vehicle,P.V,Animals affected,0
25.06.2018,2:22 PM,1211.9,RHS,Rural,Medarametla,Overturning,,Auto,Grievious injury,Fault of driver of motor vehicle/driver of other vehicle/cyclist/pedestrian/passenger,Four lanes or more with central divider,Straight road,,Fine,AP07TL   0256,A.M.B,Fatal,0
25.06.2018,2:22 PM,1211.9,RHS,Rural,Medarametla,Overturning,,Auto,Grievious injury,Fault of driver of motor vehicle/driver of other vehicle/cyclist/pedestrian/passenger,Four lanes or more with central divider,Straight road,,Fine,AP07TL   0256,A.M.B,Grevious,2
25.06.2018,2:22 PM,1211.9,RHS,Rural,Medarametla,Overturning,,Auto,Grievious injury,Fault of driver of motor vehicle/driver of other vehicle/cyclist/pedestrian/passenger,Four lanes or more with central divider,Straight road,,Fine,AP07TL   0256,A.M.B,Minor,2
25.06.2018,2:22 PM,1211.9,RHS,Rural,Medarametla,Overturning,,Auto,Grievious injury,Fault of driver of motor vehicle/driver of other vehicle/cyclist/pedestrian/passenger,Four lanes or more with central divider,Straight road,,Fine,AP07TL   0256,A.M.B,Non injured,0
25.06.2018,2:22 PM,1211.9,RHS,Rural,Medarametla,Overturning,,Auto,Grievious injury,Fault of driver of motor vehicle/driver of other vehicle/cyclist/pedestrian/passenger,Four lanes or more with central divider,Straight road,,Fine,AP07TL   0256,A.M.B,Animals affected,0