Operational date,Time of Accident,KM && M,Position,Rural/Urban,Location,Nature of Accident Position,Nature of Accident,Vehicle Involved,Type of Accident,Causes,Road Feature,Road condition,Intersection Type And Control,Weather Condition,Vehicle Responsible,Help Provided by Ambulance/Patroling Vehicle,Classification of Accident,No of Affected Persons
26.06.2018,12:10 AM,1218.3,RHS,Rural,Medarametla,Collision Brush/Side Wipe,,Bike,Grievious injury,Fault of driver of motor vehicle/driver of other vehicle/cyclist/pedestrian/passenger,Four lanes or more with central divider,Straight road,,Fine,AP27BT 4701,A.M.B & P.V,Fatal,0
26.06.2018,12:10 AM,1218.3,RHS,Rural,Medarametla,Collision Brush/Side Wipe,,Bike,Grievious injury,Fault of driver of motor vehicle/driver of other vehicle/cyclist/pedestrian/passenger,Four lanes or more with central divider,Straight road,,Fine,AP27BT 4701,A.M.B & P.V,Grevious,1
26.06.2018,12:10 AM,1218.3,RHS,Rural,Medarametla,Collision Brush/Side Wipe,,Bike,Grievious injury,Fault of driver of motor vehicle/driver of other vehicle/cyclist/pedestrian/passenger,Four lanes or more with central divider,Straight road,,Fine,AP27BT 4701,A.M.B & P.V,Minor,1
26.06.2018,12:10 AM,1218.3,RHS,Rural,Medarametla,Collision Brush/Side Wipe,,Bike,Grievious injury,Fault of driver of motor vehicle/driver of other vehicle/cyclist/pedestrian/passenger,Four lanes or more with central divider,Straight road,,Fine,AP27BT 4701,A.M.B & P.V,Non injured,0
26.06.2018,12:10 AM,1218.3,RHS,Rural,Medarametla,Collision Brush/Side Wipe,,Bike,Grievious injury,Fault of driver of motor vehicle/driver of other vehicle/cyclist/pedestrian/passenger,Four lanes or more with central divider,Straight road,,Fine,AP27BT 4701,A.M.B & P.V,Animals affected,0
26.06.2018,5:25 AM,1338.6,RHS,Rural,Dagadarthi,Collision Brush/Side Wipe,,Car,Minor injury,Fault of driver of motor vehicle/driver of other vehicle/cyclist/pedestrian/passenger,Four lanes or more with central divider,Straight road,,Fine,AP26TG  1079,P.V,Fatal,0
26.06.2018,5:25 AM,1338.6,RHS,Rural,Dagadarthi,Collision Brush/Side Wipe,,Car,Minor injury,Fault of driver of motor vehicle/driver of other vehicle/cyclist/pedestrian/passenger,Four lanes or more with central divider,Straight road,,Fine,AP26TG  1079,P.V,Grevious,0
26.06.2018,5:25 AM,1338.6,RHS,Rural,Dagadarthi,Collision Brush/Side Wipe,,Car,Minor injury,Fault of driver of motor vehicle/driver of other vehicle/cyclist/pedestrian/passenger,Four lanes or more with central divider,Straight road,,Fine,AP26TG  1079,P.V,Minor,1
26.06.2018,5:25 AM,1338.6,RHS,Rural,Dagadarthi,Collision Brush/Side Wipe,,Car,Minor injury,Fault of driver of motor vehicle/driver of other vehicle/cyclist/pedestrian/passenger,Four lanes or more with central divider,Straight road,,Fine,AP26TG  1079,P.V,Non injured,5
26.06.2018,5:25 AM,1338.6,RHS,Rural,Dagadarthi,Collision Brush/Side Wipe,,Car,Minor injury,Fault of driver of motor vehicle/driver of other vehicle/cyclist/pedestrian/passenger,Four lanes or more with central divider,Straight road,,Fine,AP26TG  1079,P.V,Animals affected,0
26.06.2018,10:00 PM,1265.3,RHS,Rural,Tangutur,Collision Brush/Side Wipe,,Trailler,Non injury,Fault of driver of motor vehicle/driver of other vehicle/cyclist/pedestrian/passenger,Four lanes or more with central divider,Straight road,,Fine,AP27Y    0799,P.V,Fatal,0
26.06.2018,10:00 PM,1265.3,RHS,Rural,Tangutur,Collision Brush/Side Wipe,,Trailler,Non injury,Fault of driver of motor vehicle/driver of other vehicle/cyclist/pedestrian/passenger,Four lanes or more with central divider,Straight road,,Fine,AP27Y    0799,P.V,Grevious,0
26.06.2018,10:00 PM,1265.3,RHS,Rural,Tangutur,Collision Brush/Side Wipe,,Trailler,Non injury,Fault of driver of motor vehicle/driver of other vehicle/cyclist/pedestrian/passenger,Four lanes or more with central divider,Straight road,,Fine,AP27Y    0799,P.V,Minor,0
26.06.2018,10:00 PM,1265.3,RHS,Rural,Tangutur,Collision Brush/Side Wipe,,Trailler,Non injury,Fault of driver of motor vehicle/driver of other vehicle/cyclist/pedestrian/passenger,Four lanes or more with central divider,Straight road,,Fine,AP27Y    0799,P.V,Non injured,2
26.06.2018,10:00 PM,1265.3,RHS,Rural,Tangutur,Collision Brush/Side Wipe,,Trailler,Non injury,Fault of driver of motor vehicle/driver of other vehicle/cyclist/pedestrian/passenger,Four lanes or more with central divider,Straight road,,Fine,AP27Y    0799,P.V,Animals affected,0
27.06.2018,1:44 AM,1330.6,RHS,Rural,Kavali,Overturning,,Car,Non injury,Fault of driver of motor vehicle/driver of other vehicle/cyclist/pedestrian/passenger,Four lanes or more with central divider,Straight road,,Fine,AP16EX   0480,P.V,Fatal,0
27.06.2018,1:44 AM,1330.6,RHS,Rural,Kavali,Overturning,,Car,Non injury,Fault of driver of motor vehicle/driver of other vehicle/cyclist/pedestrian/passenger,Four lanes or more with central divider,Straight road,,Fine,AP16EX   0480,P.V,Grevious,0
27.06.2018,1:44 AM,1330.6,RHS,Rural,Kavali,Overturning,,Car,Non injury,Fault of driver of motor vehicle/driver of other vehicle/cyclist/pedestrian/passenger,Four lanes or more with central divider,Straight road,,Fine,AP16EX   0480,P.V,Minor,0
27.06.2018,1:44 AM,1330.6,RHS,Rural,Kavali,Overturning,,Car,Non injury,Fault of driver of motor vehicle/driver of other vehicle/cyclist/pedestrian/passenger,Four lanes or more with central divider,Straight road,,Fine,AP16EX   0480,P.V,Non injured,1
27.06.2018,1:44 AM,1330.6,RHS,Rural,Kavali,Overturning,,Car,Non injury,Fault of driver of motor vehicle/driver of other vehicle/cyclist/pedestrian/passenger,Four lanes or more with central divider,Straight road,,Fine,AP16EX   0480,P.V,Animals affected,1
27.06.2018,3:00 AM,1325.6,RHS,Rural,Kavali,Rear End Collision,,Bike,Grievious injury,Over speed,Four lanes or more with central divider,Straight road,,Fine,AP04AD  7595,A.M.B & P.V,Fatal,0
27.06.2018,3:00 AM,1325.6,RHS,Rural,Kavali,Rear End Collision,,Bike,Grievious injury,Over speed,Four lanes or more with central divider,Straight road,,Fine,AP04AD  7595,A.M.B & P.V,Grevious,2
27.06.2018,3:00 AM,1325.6,RHS,Rural,Kavali,Rear End Collision,,Bike,Grievious injury,Over speed,Four lanes or more with central divider,Straight road,,Fine,AP04AD  7595,A.M.B & P.V,Minor,0
27.06.2018,3:00 AM,1325.6,RHS,Rural,Kavali,Rear End Collision,,Bike,Grievious injury,Over speed,Four lanes or more with central divider,Straight road,,Fine,AP04AD  7595,A.M.B & P.V,Non injured,1
27.06.2018,3:00 AM,1325.6,RHS,Rural,Kavali,Rear End Collision,,Bike,Grievious injury,Over speed,Four lanes or more with central divider,Straight road,,Fine,AP04AD  7595,A.M.B & P.V,Animals affected,0
27.06.2018,9:40 AM,1324.4,RHS,Rural,Kavali,Overturning,,Tractor,Non injury,Fault of driver of motor vehicle/driver of other vehicle/cyclist/pedestrian/passenger,Four lanes or more with central divider,Straight road,,Fine,AP26TF  1073,P.V,Fatal,0
27.06.2018,9:40 AM,1324.4,RHS,Rural,Kavali,Overturning,,Tractor,Non injury,Fault of driver of motor vehicle/driver of other vehicle/cyclist/pedestrian/passenger,Four lanes or more with central divider,Straight road,,Fine,AP26TF  1073,P.V,Grevious,0
27.06.2018,9:40 AM,1324.4,RHS,Rural,Kavali,Overturning,,Tractor,Non injury,Fault of driver of motor vehicle/driver of other vehicle/cyclist/pedestrian/passenger,Four lanes or more with central divider,Straight road,,Fine,AP26TF  1073,P.V,Minor,0
27.06.2018,9:40 AM,1324.4,RHS,Rural,Kavali,Overturning,,Tractor,Non injury,Fault of driver of motor vehicle/driver of other vehicle/cyclist/pedestrian/passenger,Four lanes or more with central divider,Straight road,,Fine,AP26TF  1073,P.V,Non injured,1
27.06.2018,9:40 AM,1324.4,RHS,Rural,Kavali,Overturning,,Tractor,Non injury,Fault of driver of motor vehicle/driver of other vehicle/cyclist/pedestrian/passenger,Four lanes or more with central divider,Straight road,,Fine,AP26TF  1073,P.V,Animals affected,0
27.06.2018,10:50 AM,1255.5,RHS,Rural,Tangutur,Collision Brush/Side Wipe,,Car,Non injury,Over speed,Four lanes or more with central divider,Straight road,,Fine,AP03TG   0004,P.V,Fatal,0
27.06.2018,10:50 AM,1255.5,RHS,Rural,Tangutur,Collision Brush/Side Wipe,,Car,Non injury,Over speed,Four lanes or more with central divider,Straight road,,Fine,AP03TG   0004,P.V,Grevious,0
27.06.2018,10:50 AM,1255.5,RHS,Rural,Tangutur,Collision Brush/Side Wipe,,Car,Non injury,Over speed,Four lanes or more with central divider,Straight road,,Fine,AP03TG   0004,P.V,Minor,0
27.06.2018,10:50 AM,1255.5,RHS,Rural,Tangutur,Collision Brush/Side Wipe,,Car,Non injury,Over speed,Four lanes or more with central divider,Straight road,,Fine,AP03TG   0004,P.V,Non injured,8
27.06.2018,10:50 AM,1255.5,RHS,Rural,Tangutur,Collision Brush/Side Wipe,,Car,Non injury,Over speed,Four lanes or more with central divider,Straight road,,Fine,AP03TG   0004,P.V,Animals affected,0
28.06.2018,3:15 AM,1235.1,RHS,Rural,Maddipadu,Collision Brush/Side Wipe,,Car,Minor injury,Fault of driver of motor vehicle/driver of other vehicle/cyclist/pedestrian/passenger,Four lanes or more with central divider,Straight road,,Fine,AP26TH   0641,P.V,Fatal,0
28.06.2018,3:15 AM,1235.1,RHS,Rural,Maddipadu,Collision Brush/Side Wipe,,Car,Minor injury,Fault of driver of motor vehicle/driver of other vehicle/cyclist/pedestrian/passenger,Four lanes or more with central divider,Straight road,,Fine,AP26TH   0641,P.V,Grevious,0
28.06.2018,3:15 AM,1235.1,RHS,Rural,Maddipadu,Collision Brush/Side Wipe,,Car,Minor injury,Fault of driver of motor vehicle/driver of other vehicle/cyclist/pedestrian/passenger,Four lanes or more with central divider,Straight road,,Fine,AP26TH   0641,P.V,Minor,3
28.06.2018,3:15 AM,1235.1,RHS,Rural,Maddipadu,Collision Brush/Side Wipe,,Car,Minor injury,Fault of driver of motor vehicle/driver of other vehicle/cyclist/pedestrian/passenger,Four lanes or more with central divider,Straight road,,Fine,AP26TH   0641,P.V,Non injured,1
28.06.2018,3:15 AM,1235.1,RHS,Rural,Maddipadu,Collision Brush/Side Wipe,,Car,Minor injury,Fault of driver of motor vehicle/driver of other vehicle/cyclist/pedestrian/passenger,Four lanes or more with central divider,Straight road,,Fine,AP26TH   0641,P.V,Animals affected,0
28.06.2018,4:30 AM,1219.7,RHS,Rural,Medarametla,Overturning,,Truck,Non injury,Fault of driver of motor vehicle/driver of other vehicle/cyclist/pedestrian/passenger,Four lanes or more with central divider,Straight road,,Fine,WB65C  5386,P.V,Fatal,0
28.06.2018,4:30 AM,1219.7,RHS,Rural,Medarametla,Overturning,,Truck,Non injury,Fault of driver of motor vehicle/driver of other vehicle/cyclist/pedestrian/passenger,Four lanes or more with central divider,Straight road,,Fine,WB65C  5386,P.V,Grevious,0
28.06.2018,4:30 AM,1219.7,RHS,Rural,Medarametla,Overturning,,Truck,Non injury,Fault of driver of motor vehicle/driver of other vehicle/cyclist/pedestrian/passenger,Four lanes or more with central divider,Straight road,,Fine,WB65C  5386,P.V,Minor,0
28.06.2018,4:30 AM,1219.7,RHS,Rural,Medarametla,Overturning,,Truck,Non injury,Fault of driver of motor vehicle/driver of other vehicle/cyclist/pedestrian/passenger,Four lanes or more with central divider,Straight road,,Fine,WB65C  5386,P.V,Non injured,2
28.06.2018,4:30 AM,1219.7,RHS,Rural,Medarametla,Overturning,,Truck,Non injury,Fault of driver of motor vehicle/driver of other vehicle/cyclist/pedestrian/passenger,Four lanes or more with central divider,Straight road,,Fine,WB65C  5386,P.V,Animals affected,0
29.06.2018,02::00,1297.7,RHS,Rural,Ulavapadu,Collision Brush/Side Wipe,,Container,Non injury,Fault of driver of motor vehicle/driver of other vehicle/cyclist/pedestrian/passenger,Four lanes or more with central divider,Straight road,,Fine,AP37TC 0345,P.V,Fatal,0
29.06.2018,02::00,1297.7,RHS,Rural,Ulavapadu,Collision Brush/Side Wipe,,Container,Non injury,Fault of driver of motor vehicle/driver of other vehicle/cyclist/pedestrian/passenger,Four lanes or more with central divider,Straight road,,Fine,AP37TC 0345,P.V,Grevious,0
29.06.2018,02::00,1297.7,RHS,Rural,Ulavapadu,Collision Brush/Side Wipe,,Container,Non injury,Fault of driver of motor vehicle/driver of other vehicle/cyclist/pedestrian/passenger,Four lanes or more with central divider,Straight road,,Fine,AP37TC 0345,P.V,Minor,0
29.06.2018,02::00,1297.7,RHS,Rural,Ulavapadu,Collision Brush/Side Wipe,,Container,Non injury,Fault of driver of motor vehicle/driver of other vehicle/cyclist/pedestrian/passenger,Four lanes or more with central divider,Straight road,,Fine,AP37TC 0345,P.V,Non injured,1
29.06.2018,02::00,1297.7,RHS,Rural,Ulavapadu,Collision Brush/Side Wipe,,Container,Non injury,Fault of driver of motor vehicle/driver of other vehicle/cyclist/pedestrian/passenger,Four lanes or more with central divider,Straight road,,Fine,AP37TC 0345,P.V,Animals affected,0
29.06.2018,6:00 AM,1305.4,RHS,Rural,Gudluru,Overturning,,Truck,Non injury,Fault of driver of motor vehicle/driver of other vehicle/cyclist/pedestrian/passenger,Four lanes or more with central divider,Straight road,,Fine,AP07TF 8799,P.V,Fatal,0
29.06.2018,6:00 AM,1305.4,RHS,Rural,Gudluru,Overturning,,Truck,Non injury,Fault of driver of motor vehicle/driver of other vehicle/cyclist/pedestrian/passenger,Four lanes or more with central divider,Straight road,,Fine,AP07TF 8799,P.V,Grevious,0
29.06.2018,6:00 AM,1305.4,RHS,Rural,Gudluru,Overturning,,Truck,Non injury,Fault of driver of motor vehicle/driver of other vehicle/cyclist/pedestrian/passenger,Four lanes or more with central divider,Straight road,,Fine,AP07TF 8799,P.V,Minor,0
29.06.2018,6:00 AM,1305.4,RHS,Rural,Gudluru,Overturning,,Truck,Non injury,Fault of driver of motor vehicle/driver of other vehicle/cyclist/pedestrian/passenger,Four lanes or more with central divider,Straight road,,Fine,AP07TF 8799,P.V,Non injured,1
29.06.2018,6:00 AM,1305.4,RHS,Rural,Gudluru,Overturning,,Truck,Non injury,Fault of driver of motor vehicle/driver of other vehicle/cyclist/pedestrian/passenger,Four lanes or more with central divider,Straight road,,Fine,AP07TF 8799,P.V,Animals affected,0
29.06.2018,7:10 AM,1347.1,RHS,Rural,Dagadarthi,Collision Brush/Side Wipe,,Truck,Minor injury,Fault of driver of motor vehicle/driver of other vehicle/cyclist/pedestrian/passenger,Four lanes or more with central divider,Straight road,,Fine,AP24TB 9269,A.M.B & P.V,Fatal,0
29.06.2018,7:10 AM,1347.1,RHS,Rural,Dagadarthi,Collision Brush/Side Wipe,,Truck,Minor injury,Fault of driver of motor vehicle/driver of other vehicle/cyclist/pedestrian/passenger,Four lanes or more with central divider,Straight road,,Fine,AP24TB 9269,A.M.B & P.V,Grevious,0
29.06.2018,7:10 AM,1347.1,RHS,Rural,Dagadarthi,Collision Brush/Side Wipe,,Truck,Minor injury,Fault of driver of motor vehicle/driver of other vehicle/cyclist/pedestrian/passenger,Four lanes or more with central divider,Straight road,,Fine,AP24TB 9269,A.M.B & P.V,Minor,1
29.06.2018,7:10 AM,1347.1,RHS,Rural,Dagadarthi,Collision Brush/Side Wipe,,Truck,Minor injury,Fault of driver of motor vehicle/driver of other vehicle/cyclist/pedestrian/passenger,Four lanes or more with central divider,Straight road,,Fine,AP24TB 9269,A.M.B & P.V,Non injured,1
29.06.2018,7:10 AM,1347.1,RHS,Rural,Dagadarthi,Collision Brush/Side Wipe,,Truck,Minor injury,Fault of driver of motor vehicle/driver of other vehicle/cyclist/pedestrian/passenger,Four lanes or more with central divider,Straight road,,Fine,AP24TB 9269,A.M.B & P.V,Animals affected,0
29.06.2018,10:30 AM,1348.8,RHS,Rural,Kodavaluru,Collision Brush/Side Wipe,,Container,Non injury,Fault of driver of motor vehicle/driver of other vehicle/cyclist/pedestrian/passenger,Four lanes or more with central divider,Straight road,,Fine,HR55Y  9671,P.V,Fatal,0
29.06.2018,10:30 AM,1348.8,RHS,Rural,Kodavaluru,Collision Brush/Side Wipe,,Container,Non injury,Fault of driver of motor vehicle/driver of other vehicle/cyclist/pedestrian/passenger,Four lanes or more with central divider,Straight road,,Fine,HR55Y  9671,P.V,Grevious,0
29.06.2018,10:30 AM,1348.8,RHS,Rural,Kodavaluru,Collision Brush/Side Wipe,,Container,Non injury,Fault of driver of motor vehicle/driver of other vehicle/cyclist/pedestrian/passenger,Four lanes or more with central divider,Straight road,,Fine,HR55Y  9671,P.V,Minor,0
29.06.2018,10:30 AM,1348.8,RHS,Rural,Kodavaluru,Collision Brush/Side Wipe,,Container,Non injury,Fault of driver of motor vehicle/driver of other vehicle/cyclist/pedestrian/passenger,Four lanes or more with central divider,Straight road,,Fine,HR55Y  9671,P.V,Non injured,1
29.06.2018,10:30 AM,1348.8,RHS,Rural,Kodavaluru,Collision Brush/Side Wipe,,Container,Non injury,Fault of driver of motor vehicle/driver of other vehicle/cyclist/pedestrian/passenger,Four lanes or more with central divider,Straight road,,Fine,HR55Y  9671,P.V,Animals affected,0
01.07.2018,00::30,1230.5,RHS,Rural,Maddipadu,Overturning,,Car,Minor injury,Defect in mechanical condition of motor vehicle/road condition,Four lanes or more with central divider,Straight road,,Fine,AP05AQ 1621,P.V,Fatal,0
01.07.2018,00::30,1230.5,RHS,Rural,Maddipadu,Overturning,,Car,Minor injury,Defect in mechanical condition of motor vehicle/road condition,Four lanes or more with central divider,Straight road,,Fine,AP05AQ 1621,P.V,Grevious,0
01.07.2018,00::30,1230.5,RHS,Rural,Maddipadu,Overturning,,Car,Minor injury,Defect in mechanical condition of motor vehicle/road condition,Four lanes or more with central divider,Straight road,,Fine,AP05AQ 1621,P.V,Minor,2
01.07.2018,00::30,1230.5,RHS,Rural,Maddipadu,Overturning,,Car,Minor injury,Defect in mechanical condition of motor vehicle/road condition,Four lanes or more with central divider,Straight road,,Fine,AP05AQ 1621,P.V,Non injured,0
01.07.2018,00::30,1230.5,RHS,Rural,Maddipadu,Overturning,,Car,Minor injury,Defect in mechanical condition of motor vehicle/road condition,Four lanes or more with central divider,Straight road,,Fine,AP05AQ 1621,P.V,Animals affected,0
01.07.2018,1:40 AM,1191.8,RHS,Rural,Martur,Overturning,,Truck,Non injury,Defect in mechanical condition of motor vehicle/road condition,Four lanes or more with central divider,Straight road,,Fine,AP16TD 5082,P.V,Fatal,0
01.07.2018,1:40 AM,1191.8,RHS,Rural,Martur,Overturning,,Truck,Non injury,Defect in mechanical condition of motor vehicle/road condition,Four lanes or more with central divider,Straight road,,Fine,AP16TD 5082,P.V,Grevious,0
01.07.2018,1:40 AM,1191.8,RHS,Rural,Martur,Overturning,,Truck,Non injury,Defect in mechanical condition of motor vehicle/road condition,Four lanes or more with central divider,Straight road,,Fine,AP16TD 5082,P.V,Minor,0
01.07.2018,1:40 AM,1191.8,RHS,Rural,Martur,Overturning,,Truck,Non injury,Defect in mechanical condition of motor vehicle/road condition,Four lanes or more with central divider,Straight road,,Fine,AP16TD 5082,P.V,Non injured,1
01.07.2018,1:40 AM,1191.8,RHS,Rural,Martur,Overturning,,Truck,Non injury,Defect in mechanical condition of motor vehicle/road condition,Four lanes or more with central divider,Straight road,,Fine,AP16TD 5082,P.V,Animals affected,0
01.07.2018,4:20 AM,1316.6,RHS,Rural,Kavali,Overturning,,Container,Minor injury,Fault of driver of motor vehicle/driver of other vehicle/cyclist/pedestrian/passenger,Four lanes or more with central divider,Straight road,,Fine,AP16TC 1863,P.V,Fatal,0
01.07.2018,4:20 AM,1316.6,RHS,Rural,Kavali,Overturning,,Container,Minor injury,Fault of driver of motor vehicle/driver of other vehicle/cyclist/pedestrian/passenger,Four lanes or more with central divider,Straight road,,Fine,AP16TC 1863,P.V,Grevious,0
01.07.2018,4:20 AM,1316.6,RHS,Rural,Kavali,Overturning,,Container,Minor injury,Fault of driver of motor vehicle/driver of other vehicle/cyclist/pedestrian/passenger,Four lanes or more with central divider,Straight road,,Fine,AP16TC 1863,P.V,Minor,1
01.07.2018,4:20 AM,1316.6,RHS,Rural,Kavali,Overturning,,Container,Minor injury,Fault of driver of motor vehicle/driver of other vehicle/cyclist/pedestrian/passenger,Four lanes or more with central divider,Straight road,,Fine,AP16TC 1863,P.V,Non injured,0
01.07.2018,4:20 AM,1316.6,RHS,Rural,Kavali,Overturning,,Container,Minor injury,Fault of driver of motor vehicle/driver of other vehicle/cyclist/pedestrian/passenger,Four lanes or more with central divider,Straight road,,Fine,AP16TC 1863,P.V,Animals affected,0
01.07.2018,5:30 AM,1350.9,RHS,Rural,Kodavaluru,Rear End Collision,,Car,Fatal,Fault of driver of motor vehicle/driver of other vehicle/cyclist/pedestrian/passenger,Four lanes or more with central divider,Straight road,,Light rain,TN07BY 7818, P.V,Fatal,2
01.07.2018,5:30 AM,1350.9,RHS,Rural,Kodavaluru,Rear End Collision,,Car,Fatal,Fault of driver of motor vehicle/driver of other vehicle/cyclist/pedestrian/passenger,Four lanes or more with central divider,Straight road,,Light rain,TN07BY 7818, P.V,Grevious,2
01.07.2018,5:30 AM,1350.9,RHS,Rural,Kodavaluru,Rear End Collision,,Car,Fatal,Fault of driver of motor vehicle/driver of other vehicle/cyclist/pedestrian/passenger,Four lanes or more with central divider,Straight road,,Light rain,TN07BY 7818, P.V,Minor,0
01.07.2018,5:30 AM,1350.9,RHS,Rural,Kodavaluru,Rear End Collision,,Car,Fatal,Fault of driver of motor vehicle/driver of other vehicle/cyclist/pedestrian/passenger,Four lanes or more with central divider,Straight road,,Light rain,TN07BY 7818, P.V,Non injured,1
01.07.2018,5:30 AM,1350.9,RHS,Rural,Kodavaluru,Rear End Collision,,Car,Fatal,Fault of driver of motor vehicle/driver of other vehicle/cyclist/pedestrian/passenger,Four lanes or more with central divider,Straight road,,Light rain,TN07BY 7818, P.V,Animals affected,0
01.07.2018,9:30 AM,1253.4,RHS,Rural,Ongole,Collision Brush/Side Wipe,,Car,Non injury,Over speed,Four lanes or more with central divider,Straight road,,Fine,AP26BK  4667,P.V,Fatal,0
01.07.2018,9:30 AM,1253.4,RHS,Rural,Ongole,Collision Brush/Side Wipe,,Car,Non injury,Over speed,Four lanes or more with central divider,Straight road,,Fine,AP26BK  4667,P.V,Grevious,0
01.07.2018,9:30 AM,1253.4,RHS,Rural,Ongole,Collision Brush/Side Wipe,,Car,Non injury,Over speed,Four lanes or more with central divider,Straight road,,Fine,AP26BK  4667,P.V,Minor,0
01.07.2018,9:30 AM,1253.4,RHS,Rural,Ongole,Collision Brush/Side Wipe,,Car,Non injury,Over speed,Four lanes or more with central divider,Straight road,,Fine,AP26BK  4667,P.V,Non injured,1
01.07.2018,9:30 AM,1253.4,RHS,Rural,Ongole,Collision Brush/Side Wipe,,Car,Non injury,Over speed,Four lanes or more with central divider,Straight road,,Fine,AP26BK  4667,P.V,Animals affected,0
02.07.2018,04::00,1275.5,RHS,Rural,Singarayakonda,Overturning,,Car,Non injury,Over speed,Four lanes or more with central divider,Straight road,,Fine,AP27AL 5138,P.V,Fatal,0
02.07.2018,04::00,1275.5,RHS,Rural,Singarayakonda,Overturning,,Car,Non injury,Over speed,Four lanes or more with central divider,Straight road,,Fine,AP27AL 5138,P.V,Grevious,0
02.07.2018,04::00,1275.5,RHS,Rural,Singarayakonda,Overturning,,Car,Non injury,Over speed,Four lanes or more with central divider,Straight road,,Fine,AP27AL 5138,P.V,Minor,0
02.07.2018,04::00,1275.5,RHS,Rural,Singarayakonda,Overturning,,Car,Non injury,Over speed,Four lanes or more with central divider,Straight road,,Fine,AP27AL 5138,P.V,Non injured,5
02.07.2018,04::00,1275.5,RHS,Rural,Singarayakonda,Overturning,,Car,Non injury,Over speed,Four lanes or more with central divider,Straight road,,Fine,AP27AL 5138,P.V,Animals affected,0
02.07.2018,4:10 PM,1341.4,RHS,Rural,Dagadarthi,Overturning,,Bus,Minor injury,Fault of driver of motor vehicle/driver of other vehicle/cyclist/pedestrian/passenger,Two lanes,Straight road,,Fine,AP26TE 3677,P.V,Fatal,0
02.07.2018,4:10 PM,1341.4,RHS,Rural,Dagadarthi,Overturning,,Bus,Minor injury,Fault of driver of motor vehicle/driver of other vehicle/cyclist/pedestrian/passenger,Two lanes,Straight road,,Fine,AP26TE 3677,P.V,Grevious,0
02.07.2018,4:10 PM,1341.4,RHS,Rural,Dagadarthi,Overturning,,Bus,Minor injury,Fault of driver of motor vehicle/driver of other vehicle/cyclist/pedestrian/passenger,Two lanes,Straight road,,Fine,AP26TE 3677,P.V,Minor,1
02.07.2018,4:10 PM,1341.4,RHS,Rural,Dagadarthi,Overturning,,Bus,Minor injury,Fault of driver of motor vehicle/driver of other vehicle/cyclist/pedestrian/passenger,Two lanes,Straight road,,Fine,AP26TE 3677,P.V,Non injured,30
02.07.2018,4:10 PM,1341.4,RHS,Rural,Dagadarthi,Overturning,,Bus,Minor injury,Fault of driver of motor vehicle/driver of other vehicle/cyclist/pedestrian/passenger,Two lanes,Straight road,,Fine,AP26TE 3677,P.V,Animals affected,0
02.07.2018,7:49 PM,1268.2,RHS,Rural,Jarugumalli,Overturning,,Truck,Fatal,Over speed,Four lanes or more with central divider,Straight road,,Fine,AP03TE  7095,P.V,Fatal,3
02.07.2018,7:49 PM,1268.2,RHS,Rural,Jarugumalli,Overturning,,Truck,Fatal,Over speed,Four lanes or more with central divider,Straight road,,Fine,AP03TE  7095,P.V,Grevious,0
02.07.2018,7:49 PM,1268.2,RHS,Rural,Jarugumalli,Overturning,,Truck,Fatal,Over speed,Four lanes or more with central divider,Straight road,,Fine,AP03TE  7095,P.V,Minor,0
02.07.2018,7:49 PM,1268.2,RHS,Rural,Jarugumalli,Overturning,,Truck,Fatal,Over speed,Four lanes or more with central divider,Straight road,,Fine,AP03TE  7095,P.V,Non injured,0
02.07.2018,7:49 PM,1268.2,RHS,Rural,Jarugumalli,Overturning,,Truck,Fatal,Over speed,Four lanes or more with central divider,Straight road,,Fine,AP03TE  7095,P.V,Animals affected,0
02.07.2018,10:15 PM,1293.1,RHS,Rural,Ulavapadu,Overturning,,Truck,Grievious injury,Defect in mechanical condition of motor vehicle/road condition,Four lanes or more with central divider,Straight road,,Fine,AP27UA 1328,A.M.B & P.V,Fatal,0
02.07.2018,10:15 PM,1293.1,RHS,Rural,Ulavapadu,Overturning,,Truck,Grievious injury,Defect in mechanical condition of motor vehicle/road condition,Four lanes or more with central divider,Straight road,,Fine,AP27UA 1328,A.M.B & P.V,Grevious,2
02.07.2018,10:15 PM,1293.1,RHS,Rural,Ulavapadu,Overturning,,Truck,Grievious injury,Defect in mechanical condition of motor vehicle/road condition,Four lanes or more with central divider,Straight road,,Fine,AP27UA 1328,A.M.B & P.V,Minor,3
02.07.2018,10:15 PM,1293.1,RHS,Rural,Ulavapadu,Overturning,,Truck,Grievious injury,Defect in mechanical condition of motor vehicle/road condition,Four lanes or more with central divider,Straight road,,Fine,AP27UA 1328,A.M.B & P.V,Non injured,11
02.07.2018,10:15 PM,1293.1,RHS,Rural,Ulavapadu,Overturning,,Truck,Grievious injury,Defect in mechanical condition of motor vehicle/road condition,Four lanes or more with central divider,Straight road,,Fine,AP27UA 1328,A.M.B & P.V,Animals affected,0