Operational date,Time of Accident,KM && M,Position,Rural/Urban,Location,Nature of Accident Position,Nature of Accident,Vehicle Involved,Type of Accident,Causes,Road Feature,Road condition,Intersection Type And Control,Weather Condition,Vehicle Responsible,Help Provided by Ambulance/Patroling Vehicle,Classification of Accident,No of Affected Persons
03.07.2018,00::15,1281.2,RHS,Rural,Singarayakonda,Collision Brush/Side Wipe,,Car,Non injury,Over speed,Four lanes or more with central divider,Straight road,,Fine,AP07AY 5151,P.V,Fatal,0
03.07.2018,00::15,1281.2,RHS,Rural,Singarayakonda,Collision Brush/Side Wipe,,Car,Non injury,Over speed,Four lanes or more with central divider,Straight road,,Fine,AP07AY 5151,P.V,Grevious,0
03.07.2018,00::15,1281.2,RHS,Rural,Singarayakonda,Collision Brush/Side Wipe,,Car,Non injury,Over speed,Four lanes or more with central divider,Straight road,,Fine,AP07AY 5151,P.V,Minor,0
03.07.2018,00::15,1281.2,RHS,Rural,Singarayakonda,Collision Brush/Side Wipe,,Car,Non injury,Over speed,Four lanes or more with central divider,Straight road,,Fine,AP07AY 5151,P.V,Non injured,4
03.07.2018,00::15,1281.2,RHS,Rural,Singarayakonda,Collision Brush/Side Wipe,,Car,Non injury,Over speed,Four lanes or more with central divider,Straight road,,Fine,AP07AY 5151,P.V,Animals affected,1
03.07.2018,7:25 AM,1262.7,RHS,Rural,Tangutur,Collision Brush/Side Wipe,,Unknown vehicle,Fatal,Over speed,Four lanes or more with central divider,Straight road,,Fine,Unknown Vehicle,P.V,Fatal,1
03.07.2018,7:25 AM,1262.7,RHS,Rural,Tangutur,Collision Brush/Side Wipe,,Unknown vehicle,Fatal,Over speed,Four lanes or more with central divider,Straight road,,Fine,Unknown Vehicle,P.V,Grevious,0
03.07.2018,7:25 AM,1262.7,RHS,Rural,Tangutur,Collision Brush/Side Wipe,,Unknown vehicle,Fatal,Over speed,Four lanes or more with central divider,Straight road,,Fine,Unknown Vehicle,P.V,Minor,0
03.07.2018,7:25 AM,1262.7,RHS,Rural,Tangutur,Collision Brush/Side Wipe,,Unknown vehicle,Fatal,Over speed,Four lanes or more with central divider,Straight road,,Fine,Unknown Vehicle,P.V,Non injured,0
03.07.2018,7:25 AM,1262.7,RHS,Rural,Tangutur,Collision Brush/Side Wipe,,Unknown vehicle,Fatal,Over speed,Four lanes or more with central divider,Straight road,,Fine,Unknown Vehicle,P.V,Animals affected,0
03.07.2018,6:20 PM,1195.6,RHS,Rural,Martur,Collision Brush/Side Wipe,,Bike,Grievious injury,Fault of driver of motor vehicle/driver of other vehicle/cyclist/pedestrian/passenger,Two lanes,Straight road,,Fine,AP27AM  6817,A.M.B,Fatal,0
03.07.2018,6:20 PM,1195.6,RHS,Rural,Martur,Collision Brush/Side Wipe,,Bike,Grievious injury,Fault of driver of motor vehicle/driver of other vehicle/cyclist/pedestrian/passenger,Two lanes,Straight road,,Fine,AP27AM  6817,A.M.B,Grevious,1
03.07.2018,6:20 PM,1195.6,RHS,Rural,Martur,Collision Brush/Side Wipe,,Bike,Grievious injury,Fault of driver of motor vehicle/driver of other vehicle/cyclist/pedestrian/passenger,Two lanes,Straight road,,Fine,AP27AM  6817,A.M.B,Minor,0
03.07.2018,6:20 PM,1195.6,RHS,Rural,Martur,Collision Brush/Side Wipe,,Bike,Grievious injury,Fault of driver of motor vehicle/driver of other vehicle/cyclist/pedestrian/passenger,Two lanes,Straight road,,Fine,AP27AM  6817,A.M.B,Non injured,1
03.07.2018,6:20 PM,1195.6,RHS,Rural,Martur,Collision Brush/Side Wipe,,Bike,Grievious injury,Fault of driver of motor vehicle/driver of other vehicle/cyclist/pedestrian/passenger,Two lanes,Straight road,,Fine,AP27AM  6817,A.M.B,Animals affected,0
03.07.2018,10:39 PM,1224.3,RHS,Rural,Maddipadu,Collision Brush/Side Wipe,,Unknown vehicle,Grievious injury,Over speed,Four lanes or more with central divider,Straight road,,Fine,Unknown Vehicle,A.M.B,Fatal,0
03.07.2018,10:39 PM,1224.3,RHS,Rural,Maddipadu,Collision Brush/Side Wipe,,Unknown vehicle,Grievious injury,Over speed,Four lanes or more with central divider,Straight road,,Fine,Unknown Vehicle,A.M.B,Grevious,1
03.07.2018,10:39 PM,1224.3,RHS,Rural,Maddipadu,Collision Brush/Side Wipe,,Unknown vehicle,Grievious injury,Over speed,Four lanes or more with central divider,Straight road,,Fine,Unknown Vehicle,A.M.B,Minor,0
03.07.2018,10:39 PM,1224.3,RHS,Rural,Maddipadu,Collision Brush/Side Wipe,,Unknown vehicle,Grievious injury,Over speed,Four lanes or more with central divider,Straight road,,Fine,Unknown Vehicle,A.M.B,Non injured,0
03.07.2018,10:39 PM,1224.3,RHS,Rural,Maddipadu,Collision Brush/Side Wipe,,Unknown vehicle,Grievious injury,Over speed,Four lanes or more with central divider,Straight road,,Fine,Unknown Vehicle,A.M.B,Animals affected,0
04.07.2018,19::45,1334.1,RHS,Rural,K.Tippa ,Collision Brush/Side Wipe,,Car,Non injury,Over speed,Four lanes or more with central divider,Straight road,,Fine,TN09BY 5380,P.V,Fatal,0
04.07.2018,19::45,1334.1,RHS,Rural,K.Tippa ,Collision Brush/Side Wipe,,Car,Non injury,Over speed,Four lanes or more with central divider,Straight road,,Fine,TN09BY 5380,P.V,Grevious,0
04.07.2018,19::45,1334.1,RHS,Rural,K.Tippa ,Collision Brush/Side Wipe,,Car,Non injury,Over speed,Four lanes or more with central divider,Straight road,,Fine,TN09BY 5380,P.V,Minor,0
04.07.2018,19::45,1334.1,RHS,Rural,K.Tippa ,Collision Brush/Side Wipe,,Car,Non injury,Over speed,Four lanes or more with central divider,Straight road,,Fine,TN09BY 5380,P.V,Non injured,5
04.07.2018,19::45,1334.1,RHS,Rural,K.Tippa ,Collision Brush/Side Wipe,,Car,Non injury,Over speed,Four lanes or more with central divider,Straight road,,Fine,TN09BY 5380,P.V,Animals affected,3
05.07.2018,5:05 PM,1207.7,RHS,Rural,Reningavaram,Collision Brush/Side Wipe,,Bus,Minor injury,Fault of driver of motor vehicle/driver of other vehicle/cyclist/pedestrian/passenger,Two lanes,Straight road,,Fine,AP29Z   0503,A.M.B,Fatal,0
05.07.2018,5:05 PM,1207.7,RHS,Rural,Reningavaram,Collision Brush/Side Wipe,,Bus,Minor injury,Fault of driver of motor vehicle/driver of other vehicle/cyclist/pedestrian/passenger,Two lanes,Straight road,,Fine,AP29Z   0503,A.M.B,Grevious,0
05.07.2018,5:05 PM,1207.7,RHS,Rural,Reningavaram,Collision Brush/Side Wipe,,Bus,Minor injury,Fault of driver of motor vehicle/driver of other vehicle/cyclist/pedestrian/passenger,Two lanes,Straight road,,Fine,AP29Z   0503,A.M.B,Minor,1
05.07.2018,5:05 PM,1207.7,RHS,Rural,Reningavaram,Collision Brush/Side Wipe,,Bus,Minor injury,Fault of driver of motor vehicle/driver of other vehicle/cyclist/pedestrian/passenger,Two lanes,Straight road,,Fine,AP29Z   0503,A.M.B,Non injured,27
05.07.2018,5:05 PM,1207.7,RHS,Rural,Reningavaram,Collision Brush/Side Wipe,,Bus,Minor injury,Fault of driver of motor vehicle/driver of other vehicle/cyclist/pedestrian/passenger,Two lanes,Straight road,,Fine,AP29Z   0503,A.M.B,Animals affected,0
05.07.2018,7:29 PM,1203.5,RHS,Rural,Reningavaram,Head on collision,,Bike,Grievious injury,Fault of driver of motor vehicle/driver of other vehicle/cyclist/pedestrian/passenger,Four lanes or more with central divider,Straight road,,Fine,AP27R   2648,A.M.B,Fatal,0
05.07.2018,7:29 PM,1203.5,RHS,Rural,Reningavaram,Head on collision,,Bike,Grievious injury,Fault of driver of motor vehicle/driver of other vehicle/cyclist/pedestrian/passenger,Four lanes or more with central divider,Straight road,,Fine,AP27R   2648,A.M.B,Grevious,1
05.07.2018,7:29 PM,1203.5,RHS,Rural,Reningavaram,Head on collision,,Bike,Grievious injury,Fault of driver of motor vehicle/driver of other vehicle/cyclist/pedestrian/passenger,Four lanes or more with central divider,Straight road,,Fine,AP27R   2648,A.M.B,Minor,2
05.07.2018,7:29 PM,1203.5,RHS,Rural,Reningavaram,Head on collision,,Bike,Grievious injury,Fault of driver of motor vehicle/driver of other vehicle/cyclist/pedestrian/passenger,Four lanes or more with central divider,Straight road,,Fine,AP27R   2648,A.M.B,Non injured,0
05.07.2018,7:29 PM,1203.5,RHS,Rural,Reningavaram,Head on collision,,Bike,Grievious injury,Fault of driver of motor vehicle/driver of other vehicle/cyclist/pedestrian/passenger,Four lanes or more with central divider,Straight road,,Fine,AP27R   2648,A.M.B,Animals affected,0
05.07.2018,9:20 PM,1337.7,RHS,Rural,K.Tippa ,Overturning,,Truck,Grievious injury,Fault of driver of motor vehicle/driver of other vehicle/cyclist/pedestrian/passenger,Four lanes or more with central divider,Straight road,,Heavy rain,AP27TW 8059,A.M.B & P.V,Fatal,0
05.07.2018,9:20 PM,1337.7,RHS,Rural,K.Tippa ,Overturning,,Truck,Grievious injury,Fault of driver of motor vehicle/driver of other vehicle/cyclist/pedestrian/passenger,Four lanes or more with central divider,Straight road,,Heavy rain,AP27TW 8059,A.M.B & P.V,Grevious,4
05.07.2018,9:20 PM,1337.7,RHS,Rural,K.Tippa ,Overturning,,Truck,Grievious injury,Fault of driver of motor vehicle/driver of other vehicle/cyclist/pedestrian/passenger,Four lanes or more with central divider,Straight road,,Heavy rain,AP27TW 8059,A.M.B & P.V,Minor,7
05.07.2018,9:20 PM,1337.7,RHS,Rural,K.Tippa ,Overturning,,Truck,Grievious injury,Fault of driver of motor vehicle/driver of other vehicle/cyclist/pedestrian/passenger,Four lanes or more with central divider,Straight road,,Heavy rain,AP27TW 8059,A.M.B & P.V,Non injured,4
05.07.2018,9:20 PM,1337.7,RHS,Rural,K.Tippa ,Overturning,,Truck,Grievious injury,Fault of driver of motor vehicle/driver of other vehicle/cyclist/pedestrian/passenger,Four lanes or more with central divider,Straight road,,Heavy rain,AP27TW 8059,A.M.B & P.V,Animals affected,0
06.07.2018,5:10 AM,1281.6,RHS,Rural,Singarayakonda,Collision Brush/Side Wipe,,Truck,Grievious injury,Fault of driver of motor vehicle/driver of other vehicle/cyclist/pedestrian/passenger,Four lanes or more with central divider,Straight road,,Fine,AP16TG 6379,P.V,Fatal,0
06.07.2018,5:10 AM,1281.6,RHS,Rural,Singarayakonda,Collision Brush/Side Wipe,,Truck,Grievious injury,Fault of driver of motor vehicle/driver of other vehicle/cyclist/pedestrian/passenger,Four lanes or more with central divider,Straight road,,Fine,AP16TG 6379,P.V,Grevious,1
06.07.2018,5:10 AM,1281.6,RHS,Rural,Singarayakonda,Collision Brush/Side Wipe,,Truck,Grievious injury,Fault of driver of motor vehicle/driver of other vehicle/cyclist/pedestrian/passenger,Four lanes or more with central divider,Straight road,,Fine,AP16TG 6379,P.V,Minor,0
06.07.2018,5:10 AM,1281.6,RHS,Rural,Singarayakonda,Collision Brush/Side Wipe,,Truck,Grievious injury,Fault of driver of motor vehicle/driver of other vehicle/cyclist/pedestrian/passenger,Four lanes or more with central divider,Straight road,,Fine,AP16TG 6379,P.V,Non injured,1
06.07.2018,5:10 AM,1281.6,RHS,Rural,Singarayakonda,Collision Brush/Side Wipe,,Truck,Grievious injury,Fault of driver of motor vehicle/driver of other vehicle/cyclist/pedestrian/passenger,Four lanes or more with central divider,Straight road,,Fine,AP16TG 6379,P.V,Animals affected,0
06.07.2018,5:15 AM,1268.9,RHS,Rural,Jarugumalli,Collision Brush/Side Wipe,,Truck,Non injury,Fault of driver of motor vehicle/driver of other vehicle/cyclist/pedestrian/passenger,Four lanes or more with central divider,Slight curve,,Fine,AP03T   2455,P.V,Fatal,0
06.07.2018,5:15 AM,1268.9,RHS,Rural,Jarugumalli,Collision Brush/Side Wipe,,Truck,Non injury,Fault of driver of motor vehicle/driver of other vehicle/cyclist/pedestrian/passenger,Four lanes or more with central divider,Slight curve,,Fine,AP03T   2455,P.V,Grevious,0
06.07.2018,5:15 AM,1268.9,RHS,Rural,Jarugumalli,Collision Brush/Side Wipe,,Truck,Non injury,Fault of driver of motor vehicle/driver of other vehicle/cyclist/pedestrian/passenger,Four lanes or more with central divider,Slight curve,,Fine,AP03T   2455,P.V,Minor,0
06.07.2018,5:15 AM,1268.9,RHS,Rural,Jarugumalli,Collision Brush/Side Wipe,,Truck,Non injury,Fault of driver of motor vehicle/driver of other vehicle/cyclist/pedestrian/passenger,Four lanes or more with central divider,Slight curve,,Fine,AP03T   2455,P.V,Non injured,11
06.07.2018,5:15 AM,1268.9,RHS,Rural,Jarugumalli,Collision Brush/Side Wipe,,Truck,Non injury,Fault of driver of motor vehicle/driver of other vehicle/cyclist/pedestrian/passenger,Four lanes or more with central divider,Slight curve,,Fine,AP03T   2455,P.V,Animals affected,0
06.07.2018,9:45 PM,1269.8,RHS,Rural,Jarugumalli,Rear End Collision,,Bus,Grievious injury,Over speed,Four lanes or more with central divider,Straight road,,Fine,AP07TH   7733,A.M.B & P.V,Fatal,0
06.07.2018,9:45 PM,1269.8,RHS,Rural,Jarugumalli,Rear End Collision,,Bus,Grievious injury,Over speed,Four lanes or more with central divider,Straight road,,Fine,AP07TH   7733,A.M.B & P.V,Grevious,1
06.07.2018,9:45 PM,1269.8,RHS,Rural,Jarugumalli,Rear End Collision,,Bus,Grievious injury,Over speed,Four lanes or more with central divider,Straight road,,Fine,AP07TH   7733,A.M.B & P.V,Minor,4
06.07.2018,9:45 PM,1269.8,RHS,Rural,Jarugumalli,Rear End Collision,,Bus,Grievious injury,Over speed,Four lanes or more with central divider,Straight road,,Fine,AP07TH   7733,A.M.B & P.V,Non injured,20
06.07.2018,9:45 PM,1269.8,RHS,Rural,Jarugumalli,Rear End Collision,,Bus,Grievious injury,Over speed,Four lanes or more with central divider,Straight road,,Fine,AP07TH   7733,A.M.B & P.V,Animals affected,0
06.07.2018,10:35 PM,1217.3,RHS,Rural,Medarametla,Collision Brush/Side Wipe,,Tanker,Non injury,Druken,Four lanes or more with central divider,Straight road,,Fine,AP04TW 8181,P.V,Fatal,0
06.07.2018,10:35 PM,1217.3,RHS,Rural,Medarametla,Collision Brush/Side Wipe,,Tanker,Non injury,Druken,Four lanes or more with central divider,Straight road,,Fine,AP04TW 8181,P.V,Grevious,0
06.07.2018,10:35 PM,1217.3,RHS,Rural,Medarametla,Collision Brush/Side Wipe,,Tanker,Non injury,Druken,Four lanes or more with central divider,Straight road,,Fine,AP04TW 8181,P.V,Minor,0
06.07.2018,10:35 PM,1217.3,RHS,Rural,Medarametla,Collision Brush/Side Wipe,,Tanker,Non injury,Druken,Four lanes or more with central divider,Straight road,,Fine,AP04TW 8181,P.V,Non injured,1
06.07.2018,10:35 PM,1217.3,RHS,Rural,Medarametla,Collision Brush/Side Wipe,,Tanker,Non injury,Druken,Four lanes or more with central divider,Straight road,,Fine,AP04TW 8181,P.V,Animals affected,0
07.07.2018,9:50 AM,1277.9,RHS,Rural,Singarayakonda,Rear End Collision,,Trailler,Grievious injury,Over speed,Four lanes or more with central divider,Straight road,,Fine,AP27TT   7669,P.V,Fatal,0
07.07.2018,9:50 AM,1277.9,RHS,Rural,Singarayakonda,Rear End Collision,,Trailler,Grievious injury,Over speed,Four lanes or more with central divider,Straight road,,Fine,AP27TT   7669,P.V,Grevious,1
07.07.2018,9:50 AM,1277.9,RHS,Rural,Singarayakonda,Rear End Collision,,Trailler,Grievious injury,Over speed,Four lanes or more with central divider,Straight road,,Fine,AP27TT   7669,P.V,Minor,0
07.07.2018,9:50 AM,1277.9,RHS,Rural,Singarayakonda,Rear End Collision,,Trailler,Grievious injury,Over speed,Four lanes or more with central divider,Straight road,,Fine,AP27TT   7669,P.V,Non injured,1
07.07.2018,9:50 AM,1277.9,RHS,Rural,Singarayakonda,Rear End Collision,,Trailler,Grievious injury,Over speed,Four lanes or more with central divider,Straight road,,Fine,AP27TT   7669,P.V,Animals affected,0
07.07.2018,12:55 PM,1285.3,RHS,Rural,Ulavapadu,Overturning,,Truck,Non injury,Over speed,Four lanes or more with central divider,Straight road,,Fine,AP03TB   6097,P.V,Fatal,0
07.07.2018,12:55 PM,1285.3,RHS,Rural,Ulavapadu,Overturning,,Truck,Non injury,Over speed,Four lanes or more with central divider,Straight road,,Fine,AP03TB   6097,P.V,Grevious,0
07.07.2018,12:55 PM,1285.3,RHS,Rural,Ulavapadu,Overturning,,Truck,Non injury,Over speed,Four lanes or more with central divider,Straight road,,Fine,AP03TB   6097,P.V,Minor,0
07.07.2018,12:55 PM,1285.3,RHS,Rural,Ulavapadu,Overturning,,Truck,Non injury,Over speed,Four lanes or more with central divider,Straight road,,Fine,AP03TB   6097,P.V,Non injured,2
07.07.2018,12:55 PM,1285.3,RHS,Rural,Ulavapadu,Overturning,,Truck,Non injury,Over speed,Four lanes or more with central divider,Straight road,,Fine,AP03TB   6097,P.V,Animals affected,0
07.07.2018,7:56 PM,1196.9,RHS,Rural,Martur,Head on collision,,Bike,Grievious injury,Druken,Four lanes or more with central divider,Straight road,,Light rain,Unknown Bike,A.M.B,Fatal,0
07.07.2018,7:56 PM,1196.9,RHS,Rural,Martur,Head on collision,,Bike,Grievious injury,Druken,Four lanes or more with central divider,Straight road,,Light rain,Unknown Bike,A.M.B,Grevious,2
07.07.2018,7:56 PM,1196.9,RHS,Rural,Martur,Head on collision,,Bike,Grievious injury,Druken,Four lanes or more with central divider,Straight road,,Light rain,Unknown Bike,A.M.B,Minor,0
07.07.2018,7:56 PM,1196.9,RHS,Rural,Martur,Head on collision,,Bike,Grievious injury,Druken,Four lanes or more with central divider,Straight road,,Light rain,Unknown Bike,A.M.B,Non injured,1
07.07.2018,7:56 PM,1196.9,RHS,Rural,Martur,Head on collision,,Bike,Grievious injury,Druken,Four lanes or more with central divider,Straight road,,Light rain,Unknown Bike,A.M.B,Animals affected,0
07.07.2018,8:10 PM,1195.5,RHS,Rural,Martur,Collision Brush/Side Wipe,,Bus,Fatal,Over speed,Four lanes or more with central divider,Straight road,,Light rain,AR01G     4165,P.V,Fatal,1
07.07.2018,8:10 PM,1195.5,RHS,Rural,Martur,Collision Brush/Side Wipe,,Bus,Fatal,Over speed,Four lanes or more with central divider,Straight road,,Light rain,AR01G     4165,P.V,Grevious,0
07.07.2018,8:10 PM,1195.5,RHS,Rural,Martur,Collision Brush/Side Wipe,,Bus,Fatal,Over speed,Four lanes or more with central divider,Straight road,,Light rain,AR01G     4165,P.V,Minor,0
07.07.2018,8:10 PM,1195.5,RHS,Rural,Martur,Collision Brush/Side Wipe,,Bus,Fatal,Over speed,Four lanes or more with central divider,Straight road,,Light rain,AR01G     4165,P.V,Non injured,45
07.07.2018,8:10 PM,1195.5,RHS,Rural,Martur,Collision Brush/Side Wipe,,Bus,Fatal,Over speed,Four lanes or more with central divider,Straight road,,Light rain,AR01G     4165,P.V,Animals affected,0
07.07.2018,9:00 PM,1271.4,RHS,Rural,Jarugumalli,Collision Brush/Side Wipe,,Unknown vehicle,Non injury,Over speed,Four lanes or more with central divider,Straight road,,Light rain, Unknown Vehicle,P.V,Fatal,0
07.07.2018,9:00 PM,1271.4,RHS,Rural,Jarugumalli,Collision Brush/Side Wipe,,Unknown vehicle,Non injury,Over speed,Four lanes or more with central divider,Straight road,,Light rain, Unknown Vehicle,P.V,Grevious,0
07.07.2018,9:00 PM,1271.4,RHS,Rural,Jarugumalli,Collision Brush/Side Wipe,,Unknown vehicle,Non injury,Over speed,Four lanes or more with central divider,Straight road,,Light rain, Unknown Vehicle,P.V,Minor,0
07.07.2018,9:00 PM,1271.4,RHS,Rural,Jarugumalli,Collision Brush/Side Wipe,,Unknown vehicle,Non injury,Over speed,Four lanes or more with central divider,Straight road,,Light rain, Unknown Vehicle,P.V,Non injured,1
07.07.2018,9:00 PM,1271.4,RHS,Rural,Jarugumalli,Collision Brush/Side Wipe,,Unknown vehicle,Non injury,Over speed,Four lanes or more with central divider,Straight road,,Light rain, Unknown Vehicle,P.V,Animals affected,5
07.07.2018,11:00 PM,1191.9,RHS,Rural,Martur,Collision Brush/Side Wipe,,Auto,Grievious injury,Over speed,Four lanes or more with central divider,Straight road,,Light rain,AP16TC      5401,P.V,Fatal,0
07.07.2018,11:00 PM,1191.9,RHS,Rural,Martur,Collision Brush/Side Wipe,,Auto,Grievious injury,Over speed,Four lanes or more with central divider,Straight road,,Light rain,AP16TC      5401,P.V,Grevious,1
07.07.2018,11:00 PM,1191.9,RHS,Rural,Martur,Collision Brush/Side Wipe,,Auto,Grievious injury,Over speed,Four lanes or more with central divider,Straight road,,Light rain,AP16TC      5401,P.V,Minor,0
07.07.2018,11:00 PM,1191.9,RHS,Rural,Martur,Collision Brush/Side Wipe,,Auto,Grievious injury,Over speed,Four lanes or more with central divider,Straight road,,Light rain,AP16TC      5401,P.V,Non injured,34
07.07.2018,11:00 PM,1191.9,RHS,Rural,Martur,Collision Brush/Side Wipe,,Auto,Grievious injury,Over speed,Four lanes or more with central divider,Straight road,,Light rain,AP16TC      5401,P.V,Animals affected,0
08.07.2018,2:35 AM,1186.2,RHS,Rural,Martur,Rear End Collision,,Truck,Non injury,Fault of driver of motor vehicle/driver of other vehicle/cyclist/pedestrian/passenger,Four lanes or more with central divider,Straight road,,Fine,AP26TT   8519,P.V,Fatal,0
08.07.2018,2:35 AM,1186.2,RHS,Rural,Martur,Rear End Collision,,Truck,Non injury,Fault of driver of motor vehicle/driver of other vehicle/cyclist/pedestrian/passenger,Four lanes or more with central divider,Straight road,,Fine,AP26TT   8519,P.V,Grevious,0
08.07.2018,2:35 AM,1186.2,RHS,Rural,Martur,Rear End Collision,,Truck,Non injury,Fault of driver of motor vehicle/driver of other vehicle/cyclist/pedestrian/passenger,Four lanes or more with central divider,Straight road,,Fine,AP26TT   8519,P.V,Minor,0
08.07.2018,2:35 AM,1186.2,RHS,Rural,Martur,Rear End Collision,,Truck,Non injury,Fault of driver of motor vehicle/driver of other vehicle/cyclist/pedestrian/passenger,Four lanes or more with central divider,Straight road,,Fine,AP26TT   8519,P.V,Non injured,2
08.07.2018,2:35 AM,1186.2,RHS,Rural,Martur,Rear End Collision,,Truck,Non injury,Fault of driver of motor vehicle/driver of other vehicle/cyclist/pedestrian/passenger,Four lanes or more with central divider,Straight road,,Fine,AP26TT   8519,P.V,Animals affected,0
08.07.2018,1:10 PM,1326,RHS,Rural,Kavali,Skidding,,Bike,Minor injury,Fault of driver of motor vehicle/driver of other vehicle/cyclist/pedestrian/passenger,Two lanes,Straight road,,Fine,AP27XE T/R   2157,A.M.B,Fatal,0
08.07.2018,1:10 PM,1326,RHS,Rural,Kavali,Skidding,,Bike,Minor injury,Fault of driver of motor vehicle/driver of other vehicle/cyclist/pedestrian/passenger,Two lanes,Straight road,,Fine,AP27XE T/R   2157,A.M.B,Grevious,0
08.07.2018,1:10 PM,1326,RHS,Rural,Kavali,Skidding,,Bike,Minor injury,Fault of driver of motor vehicle/driver of other vehicle/cyclist/pedestrian/passenger,Two lanes,Straight road,,Fine,AP27XE T/R   2157,A.M.B,Minor,1
08.07.2018,1:10 PM,1326,RHS,Rural,Kavali,Skidding,,Bike,Minor injury,Fault of driver of motor vehicle/driver of other vehicle/cyclist/pedestrian/passenger,Two lanes,Straight road,,Fine,AP27XE T/R   2157,A.M.B,Non injured,0
08.07.2018,1:10 PM,1326,RHS,Rural,Kavali,Skidding,,Bike,Minor injury,Fault of driver of motor vehicle/driver of other vehicle/cyclist/pedestrian/passenger,Two lanes,Straight road,,Fine,AP27XE T/R   2157,A.M.B,Animals affected,0
08.07.2018,12:40 PM,1249.3,RHS,Rural,Ongole,Rear End Collision,,Container,Minor injury,Over speed,Four lanes or more with central divider,Straight road,,Fine,NL01Q   6077,P.V,Fatal,0
08.07.2018,12:40 PM,1249.3,RHS,Rural,Ongole,Rear End Collision,,Container,Minor injury,Over speed,Four lanes or more with central divider,Straight road,,Fine,NL01Q   6077,P.V,Grevious,0
08.07.2018,12:40 PM,1249.3,RHS,Rural,Ongole,Rear End Collision,,Container,Minor injury,Over speed,Four lanes or more with central divider,Straight road,,Fine,NL01Q   6077,P.V,Minor,1
08.07.2018,12:40 PM,1249.3,RHS,Rural,Ongole,Rear End Collision,,Container,Minor injury,Over speed,Four lanes or more with central divider,Straight road,,Fine,NL01Q   6077,P.V,Non injured,1
08.07.2018,12:40 PM,1249.3,RHS,Rural,Ongole,Rear End Collision,,Container,Minor injury,Over speed,Four lanes or more with central divider,Straight road,,Fine,NL01Q   6077,P.V,Animals affected,0
08.07.2018,9:05 PM,1342.1,RHS,Rural,Dagadarthi,Overturning,,Auto,Grievious injury,Over speed,Four lanes or more with central divider,Straight road,,Fine,AP26TD   8583,P.V,Fatal,0
08.07.2018,9:05 PM,1342.1,RHS,Rural,Dagadarthi,Overturning,,Auto,Grievious injury,Over speed,Four lanes or more with central divider,Straight road,,Fine,AP26TD   8583,P.V,Grevious,1
08.07.2018,9:05 PM,1342.1,RHS,Rural,Dagadarthi,Overturning,,Auto,Grievious injury,Over speed,Four lanes or more with central divider,Straight road,,Fine,AP26TD   8583,P.V,Minor,0
08.07.2018,9:05 PM,1342.1,RHS,Rural,Dagadarthi,Overturning,,Auto,Grievious injury,Over speed,Four lanes or more with central divider,Straight road,,Fine,AP26TD   8583,P.V,Non injured,1
08.07.2018,9:05 PM,1342.1,RHS,Rural,Dagadarthi,Overturning,,Auto,Grievious injury,Over speed,Four lanes or more with central divider,Straight road,,Fine,AP26TD   8583,P.V,Animals affected,0
09.07.2018,10:44 PM,1262.4,RHS,Rural,Tangutur,Collision Brush/Side Wipe,,Car,Grievious injury,Fault of driver of motor vehicle/driver of other vehicle/cyclist/pedestrian/passenger,Four lanes or more with central divider,Slight curve,,Fine,AP09CE 6464,A.M.B & P.V,Fatal,0
09.07.2018,10:44 PM,1262.4,RHS,Rural,Tangutur,Collision Brush/Side Wipe,,Car,Grievious injury,Fault of driver of motor vehicle/driver of other vehicle/cyclist/pedestrian/passenger,Four lanes or more with central divider,Slight curve,,Fine,AP09CE 6464,A.M.B & P.V,Grevious,1
09.07.2018,10:44 PM,1262.4,RHS,Rural,Tangutur,Collision Brush/Side Wipe,,Car,Grievious injury,Fault of driver of motor vehicle/driver of other vehicle/cyclist/pedestrian/passenger,Four lanes or more with central divider,Slight curve,,Fine,AP09CE 6464,A.M.B & P.V,Minor,1
09.07.2018,10:44 PM,1262.4,RHS,Rural,Tangutur,Collision Brush/Side Wipe,,Car,Grievious injury,Fault of driver of motor vehicle/driver of other vehicle/cyclist/pedestrian/passenger,Four lanes or more with central divider,Slight curve,,Fine,AP09CE 6464,A.M.B & P.V,Non injured,2
09.07.2018,10:44 PM,1262.4,RHS,Rural,Tangutur,Collision Brush/Side Wipe,,Car,Grievious injury,Fault of driver of motor vehicle/driver of other vehicle/cyclist/pedestrian/passenger,Four lanes or more with central divider,Slight curve,,Fine,AP09CE 6464,A.M.B & P.V,Animals affected,0
10.07.2018,11:55 PM,1219.1,RHS,Rural,Medarametla,Rear End Collision,,Car,Fatal,Over speed,Four lanes or more with central divider,Slight curve,,Fine,AP07TJ  1047,A.M.B & P.V,Fatal,3
10.07.2018,11:55 PM,1219.1,RHS,Rural,Medarametla,Rear End Collision,,Car,Fatal,Over speed,Four lanes or more with central divider,Slight curve,,Fine,AP07TJ  1047,A.M.B & P.V,Grevious,0
10.07.2018,11:55 PM,1219.1,RHS,Rural,Medarametla,Rear End Collision,,Car,Fatal,Over speed,Four lanes or more with central divider,Slight curve,,Fine,AP07TJ  1047,A.M.B & P.V,Minor,0
10.07.2018,11:55 PM,1219.1,RHS,Rural,Medarametla,Rear End Collision,,Car,Fatal,Over speed,Four lanes or more with central divider,Slight curve,,Fine,AP07TJ  1047,A.M.B & P.V,Non injured,0
10.07.2018,11:55 PM,1219.1,RHS,Rural,Medarametla,Rear End Collision,,Car,Fatal,Over speed,Four lanes or more with central divider,Slight curve,,Fine,AP07TJ  1047,A.M.B & P.V,Animals affected,0
11.07.2018,12:25 AM,1346.2,RHS,Rural,Dagadarthi,Collision Brush/Side Wipe,,Container,Non injury,Fault of driver of motor vehicle/driver of other vehicle/cyclist/pedestrian/passenger,Four lanes or more with central divider,Straight road,,Fine,AP07TC   8846,P.V,Fatal,0