Operational date,Time of Accident,KM && M,Position,Rural/Urban,Location,Nature of Accident Position,Nature of Accident,Vehicle Involved,Type of Accident,Causes,Road Feature,Road condition,Intersection Type And Control,Weather Condition,Vehicle Responsible,Help Provided by Ambulance/Patroling Vehicle,Classification of Accident,No of Affected Persons
11.07.2018,12:25 AM,1346.2,RHS,Rural,Dagadarthi,Collision Brush/Side Wipe,,Container,Non injury,Fault of driver of motor vehicle/driver of other vehicle/cyclist/pedestrian/passenger,Four lanes or more with central divider,Straight road,,Fine,AP07TC   8846,P.V,Grevious,0
11.07.2018,12:25 AM,1346.2,RHS,Rural,Dagadarthi,Collision Brush/Side Wipe,,Container,Non injury,Fault of driver of motor vehicle/driver of other vehicle/cyclist/pedestrian/passenger,Four lanes or more with central divider,Straight road,,Fine,AP07TC   8846,P.V,Minor,0
11.07.2018,12:25 AM,1346.2,RHS,Rural,Dagadarthi,Collision Brush/Side Wipe,,Container,Non injury,Fault of driver of motor vehicle/driver of other vehicle/cyclist/pedestrian/passenger,Four lanes or more with central divider,Straight road,,Fine,AP07TC   8846,P.V,Non injured,2
11.07.2018,12:25 AM,1346.2,RHS,Rural,Dagadarthi,Collision Brush/Side Wipe,,Container,Non injury,Fault of driver of motor vehicle/driver of other vehicle/cyclist/pedestrian/passenger,Four lanes or more with central divider,Straight road,,Fine,AP07TC   8846,P.V,Animals affected,0
11.07.2018,2:55 AM,1363.4,RHS,Rural,Kovuru,Collision Brush/Side Wipe,,Unknown vehicle,Fatal,Over speed,Four lanes or more with central divider,Straight road,,Fine,Unknown Vehicle,P.V,Fatal,1
11.07.2018,2:55 AM,1363.4,RHS,Rural,Kovuru,Collision Brush/Side Wipe,,Unknown vehicle,Fatal,Over speed,Four lanes or more with central divider,Straight road,,Fine,Unknown Vehicle,P.V,Grevious,0
11.07.2018,2:55 AM,1363.4,RHS,Rural,Kovuru,Collision Brush/Side Wipe,,Unknown vehicle,Fatal,Over speed,Four lanes or more with central divider,Straight road,,Fine,Unknown Vehicle,P.V,Minor,0
11.07.2018,2:55 AM,1363.4,RHS,Rural,Kovuru,Collision Brush/Side Wipe,,Unknown vehicle,Fatal,Over speed,Four lanes or more with central divider,Straight road,,Fine,Unknown Vehicle,P.V,Non injured,0
11.07.2018,2:55 AM,1363.4,RHS,Rural,Kovuru,Collision Brush/Side Wipe,,Unknown vehicle,Fatal,Over speed,Four lanes or more with central divider,Straight road,,Fine,Unknown Vehicle,P.V,Animals affected,0
11.07.2018,5:40 AM,1283.7,RHS,Rural,Ulavapadu,Collision Brush/Side Wipe,,Truck,Non injury,Fault of driver of motor vehicle/driver of other vehicle/cyclist/pedestrian/passenger,Four lanes or more with central divider,Straight road,,Fine,TN52J    7545,P.V,Fatal,0
11.07.2018,5:40 AM,1283.7,RHS,Rural,Ulavapadu,Collision Brush/Side Wipe,,Truck,Non injury,Fault of driver of motor vehicle/driver of other vehicle/cyclist/pedestrian/passenger,Four lanes or more with central divider,Straight road,,Fine,TN52J    7545,P.V,Grevious,0
11.07.2018,5:40 AM,1283.7,RHS,Rural,Ulavapadu,Collision Brush/Side Wipe,,Truck,Non injury,Fault of driver of motor vehicle/driver of other vehicle/cyclist/pedestrian/passenger,Four lanes or more with central divider,Straight road,,Fine,TN52J    7545,P.V,Minor,0
11.07.2018,5:40 AM,1283.7,RHS,Rural,Ulavapadu,Collision Brush/Side Wipe,,Truck,Non injury,Fault of driver of motor vehicle/driver of other vehicle/cyclist/pedestrian/passenger,Four lanes or more with central divider,Straight road,,Fine,TN52J    7545,P.V,Non injured,1
11.07.2018,5:40 AM,1283.7,RHS,Rural,Ulavapadu,Collision Brush/Side Wipe,,Truck,Non injury,Fault of driver of motor vehicle/driver of other vehicle/cyclist/pedestrian/passenger,Four lanes or more with central divider,Straight road,,Fine,TN52J    7545,P.V,Animals affected,0
11.07.2018,8:46 PM,1229.6,RHS,Rural,Maddipadu,Collision Brush/Side Wipe,,Car,Non injury,Fault of driver of motor vehicle/driver of other vehicle/cyclist/pedestrian/passenger,Four lanes or more with central divider,Straight road,T-Junction,Fine,AP27 BC     8008,P.V,Fatal,0
11.07.2018,8:46 PM,1229.6,RHS,Rural,Maddipadu,Collision Brush/Side Wipe,,Car,Non injury,Fault of driver of motor vehicle/driver of other vehicle/cyclist/pedestrian/passenger,Four lanes or more with central divider,Straight road,T-Junction,Fine,AP27 BC     8008,P.V,Grevious,1
11.07.2018,8:46 PM,1229.6,RHS,Rural,Maddipadu,Collision Brush/Side Wipe,,Car,Non injury,Fault of driver of motor vehicle/driver of other vehicle/cyclist/pedestrian/passenger,Four lanes or more with central divider,Straight road,T-Junction,Fine,AP27 BC     8008,P.V,Minor,0
11.07.2018,8:46 PM,1229.6,RHS,Rural,Maddipadu,Collision Brush/Side Wipe,,Car,Non injury,Fault of driver of motor vehicle/driver of other vehicle/cyclist/pedestrian/passenger,Four lanes or more with central divider,Straight road,T-Junction,Fine,AP27 BC     8008,P.V,Non injured,6
11.07.2018,8:46 PM,1229.6,RHS,Rural,Maddipadu,Collision Brush/Side Wipe,,Car,Non injury,Fault of driver of motor vehicle/driver of other vehicle/cyclist/pedestrian/passenger,Four lanes or more with central divider,Straight road,T-Junction,Fine,AP27 BC     8008,P.V,Animals affected,0
12.07.2018,9:35 AM,1224,RHS,Rural,Maddipadu,Collision Brush/Side Wipe,,Car,Grievious injury,Over speed,Four lanes or more with central divider,Straight road,Four arm junction,Fine,TS07FC   5995,A.M.B & P.V,Fatal,0
12.07.2018,9:35 AM,1224,RHS,Rural,Maddipadu,Collision Brush/Side Wipe,,Car,Grievious injury,Over speed,Four lanes or more with central divider,Straight road,Four arm junction,Fine,TS07FC   5995,A.M.B & P.V,Grevious,1
12.07.2018,9:35 AM,1224,RHS,Rural,Maddipadu,Collision Brush/Side Wipe,,Car,Grievious injury,Over speed,Four lanes or more with central divider,Straight road,Four arm junction,Fine,TS07FC   5995,A.M.B & P.V,Minor,0
12.07.2018,9:35 AM,1224,RHS,Rural,Maddipadu,Collision Brush/Side Wipe,,Car,Grievious injury,Over speed,Four lanes or more with central divider,Straight road,Four arm junction,Fine,TS07FC   5995,A.M.B & P.V,Non injured,1
12.07.2018,9:35 AM,1224,RHS,Rural,Maddipadu,Collision Brush/Side Wipe,,Car,Grievious injury,Over speed,Four lanes or more with central divider,Straight road,Four arm junction,Fine,TS07FC   5995,A.M.B & P.V,Animals affected,0
12.07.2018,9:35 PM,1219.2,RHS,Rural,Medarametla,Collision Brush/Side Wipe,,Trailler,Non injury,Fault of driver of motor vehicle/driver of other vehicle/cyclist/pedestrian/passenger,Four lanes or more with central divider,Straight road,,Fine,KA01AF    6008,P.V,Fatal,0
12.07.2018,9:35 PM,1219.2,RHS,Rural,Medarametla,Collision Brush/Side Wipe,,Trailler,Non injury,Fault of driver of motor vehicle/driver of other vehicle/cyclist/pedestrian/passenger,Four lanes or more with central divider,Straight road,,Fine,KA01AF    6008,P.V,Grevious,0
12.07.2018,9:35 PM,1219.2,RHS,Rural,Medarametla,Collision Brush/Side Wipe,,Trailler,Non injury,Fault of driver of motor vehicle/driver of other vehicle/cyclist/pedestrian/passenger,Four lanes or more with central divider,Straight road,,Fine,KA01AF    6008,P.V,Minor,0
12.07.2018,9:35 PM,1219.2,RHS,Rural,Medarametla,Collision Brush/Side Wipe,,Trailler,Non injury,Fault of driver of motor vehicle/driver of other vehicle/cyclist/pedestrian/passenger,Four lanes or more with central divider,Straight road,,Fine,KA01AF    6008,P.V,Non injured,1
12.07.2018,9:35 PM,1219.2,RHS,Rural,Medarametla,Collision Brush/Side Wipe,,Trailler,Non injury,Fault of driver of motor vehicle/driver of other vehicle/cyclist/pedestrian/passenger,Four lanes or more with central divider,Straight road,,Fine,KA01AF    6008,P.V,Animals affected,0
13.07.2018,2:00 AM,1361.5,RHS,Rural,Kodavaluru,Collision Brush/Side Wipe,,Truck,Minor injury,Fault of driver of motor vehicle/driver of other vehicle/cyclist/pedestrian/passenger,Four lanes or more with central divider,Straight road,,Fine,AP03U    6733,P.V,Fatal,0
13.07.2018,2:00 AM,1361.5,RHS,Rural,Kodavaluru,Collision Brush/Side Wipe,,Truck,Minor injury,Fault of driver of motor vehicle/driver of other vehicle/cyclist/pedestrian/passenger,Four lanes or more with central divider,Straight road,,Fine,AP03U    6733,P.V,Grevious,0
13.07.2018,2:00 AM,1361.5,RHS,Rural,Kodavaluru,Collision Brush/Side Wipe,,Truck,Minor injury,Fault of driver of motor vehicle/driver of other vehicle/cyclist/pedestrian/passenger,Four lanes or more with central divider,Straight road,,Fine,AP03U    6733,P.V,Minor,1
13.07.2018,2:00 AM,1361.5,RHS,Rural,Kodavaluru,Collision Brush/Side Wipe,,Truck,Minor injury,Fault of driver of motor vehicle/driver of other vehicle/cyclist/pedestrian/passenger,Four lanes or more with central divider,Straight road,,Fine,AP03U    6733,P.V,Non injured,1
13.07.2018,2:00 AM,1361.5,RHS,Rural,Kodavaluru,Collision Brush/Side Wipe,,Truck,Minor injury,Fault of driver of motor vehicle/driver of other vehicle/cyclist/pedestrian/passenger,Four lanes or more with central divider,Straight road,,Fine,AP03U    6733,P.V,Animals affected,0
14.07.2018,7:00 AM,1187.9,RHS,Rural,Martur,Collision Brush/Side Wipe,,Container,Non injury,Fault of driver of motor vehicle/driver of other vehicle/cyclist/pedestrian/passenger,Four lanes or more with central divider,Straight road,,Fine,TN02BF 9869,P.V,Fatal,0
14.07.2018,7:00 AM,1187.9,RHS,Rural,Martur,Collision Brush/Side Wipe,,Container,Non injury,Fault of driver of motor vehicle/driver of other vehicle/cyclist/pedestrian/passenger,Four lanes or more with central divider,Straight road,,Fine,TN02BF 9869,P.V,Grevious,0
14.07.2018,7:00 AM,1187.9,RHS,Rural,Martur,Collision Brush/Side Wipe,,Container,Non injury,Fault of driver of motor vehicle/driver of other vehicle/cyclist/pedestrian/passenger,Four lanes or more with central divider,Straight road,,Fine,TN02BF 9869,P.V,Minor,0
14.07.2018,7:00 AM,1187.9,RHS,Rural,Martur,Collision Brush/Side Wipe,,Container,Non injury,Fault of driver of motor vehicle/driver of other vehicle/cyclist/pedestrian/passenger,Four lanes or more with central divider,Straight road,,Fine,TN02BF 9869,P.V,Non injured,2
14.07.2018,7:00 AM,1187.9,RHS,Rural,Martur,Collision Brush/Side Wipe,,Container,Non injury,Fault of driver of motor vehicle/driver of other vehicle/cyclist/pedestrian/passenger,Four lanes or more with central divider,Straight road,,Fine,TN02BF 9869,P.V,Animals affected,0
14.07.2018,4:39 PM,1205.5,RHS,Rural,Reningavaram,Head on collision,,Auto,Grievious injury,Fault of driver of motor vehicle/driver of other vehicle/cyclist/pedestrian/passenger,Four lanes or more with central divider,Straight road,,Fine,AP16TD 0970,A.M.B& P.V,Fatal,0
14.07.2018,4:39 PM,1205.5,RHS,Rural,Reningavaram,Head on collision,,Auto,Grievious injury,Fault of driver of motor vehicle/driver of other vehicle/cyclist/pedestrian/passenger,Four lanes or more with central divider,Straight road,,Fine,AP16TD 0970,A.M.B& P.V,Grevious,1
14.07.2018,4:39 PM,1205.5,RHS,Rural,Reningavaram,Head on collision,,Auto,Grievious injury,Fault of driver of motor vehicle/driver of other vehicle/cyclist/pedestrian/passenger,Four lanes or more with central divider,Straight road,,Fine,AP16TD 0970,A.M.B& P.V,Minor,0
14.07.2018,4:39 PM,1205.5,RHS,Rural,Reningavaram,Head on collision,,Auto,Grievious injury,Fault of driver of motor vehicle/driver of other vehicle/cyclist/pedestrian/passenger,Four lanes or more with central divider,Straight road,,Fine,AP16TD 0970,A.M.B& P.V,Non injured,1
14.07.2018,4:39 PM,1205.5,RHS,Rural,Reningavaram,Head on collision,,Auto,Grievious injury,Fault of driver of motor vehicle/driver of other vehicle/cyclist/pedestrian/passenger,Four lanes or more with central divider,Straight road,,Fine,AP16TD 0970,A.M.B& P.V,Animals affected,0
15.07.2018,12:10 AM,1313.1,RHS,Rural,Kavali,Collision Brush/Side Wipe,,Trailler,Non injury,Fault of driver of motor vehicle/driver of other vehicle/cyclist/pedestrian/passenger,Four lanes or more with central divider,Straight road,,Fine,TN04AC 9460,P.V,Fatal,0
15.07.2018,12:10 AM,1313.1,RHS,Rural,Kavali,Collision Brush/Side Wipe,,Trailler,Non injury,Fault of driver of motor vehicle/driver of other vehicle/cyclist/pedestrian/passenger,Four lanes or more with central divider,Straight road,,Fine,TN04AC 9460,P.V,Grevious,0
15.07.2018,12:10 AM,1313.1,RHS,Rural,Kavali,Collision Brush/Side Wipe,,Trailler,Non injury,Fault of driver of motor vehicle/driver of other vehicle/cyclist/pedestrian/passenger,Four lanes or more with central divider,Straight road,,Fine,TN04AC 9460,P.V,Minor,0
15.07.2018,12:10 AM,1313.1,RHS,Rural,Kavali,Collision Brush/Side Wipe,,Trailler,Non injury,Fault of driver of motor vehicle/driver of other vehicle/cyclist/pedestrian/passenger,Four lanes or more with central divider,Straight road,,Fine,TN04AC 9460,P.V,Non injured,1
15.07.2018,12:10 AM,1313.1,RHS,Rural,Kavali,Collision Brush/Side Wipe,,Trailler,Non injury,Fault of driver of motor vehicle/driver of other vehicle/cyclist/pedestrian/passenger,Four lanes or more with central divider,Straight road,,Fine,TN04AC 9460,P.V,Animals affected,0
15.07.2018,8:55 AM,1324.5,RHS,Rural,Kavali,Overturning,,Auto,Grievious injury,Vehicle out of control,Four lanes or more with central divider,Straight road,,Fine,AP16TD  7992,A.M.B& P.V,Fatal,0
15.07.2018,8:55 AM,1324.5,RHS,Rural,Kavali,Overturning,,Auto,Grievious injury,Vehicle out of control,Four lanes or more with central divider,Straight road,,Fine,AP16TD  7992,A.M.B& P.V,Grevious,1
15.07.2018,8:55 AM,1324.5,RHS,Rural,Kavali,Overturning,,Auto,Grievious injury,Vehicle out of control,Four lanes or more with central divider,Straight road,,Fine,AP16TD  7992,A.M.B& P.V,Minor,0
15.07.2018,8:55 AM,1324.5,RHS,Rural,Kavali,Overturning,,Auto,Grievious injury,Vehicle out of control,Four lanes or more with central divider,Straight road,,Fine,AP16TD  7992,A.M.B& P.V,Non injured,0
15.07.2018,8:55 AM,1324.5,RHS,Rural,Kavali,Overturning,,Auto,Grievious injury,Vehicle out of control,Four lanes or more with central divider,Straight road,,Fine,AP16TD  7992,A.M.B& P.V,Animals affected,0
16.07.2018,2:20 AM,1219.3,RHS,Rural,Medarametla,Rear End Collision,,Truck,Grievious injury,Over speed,Four lanes or more with central divider,Slight curve,,Fine,AP23Y   7909,A.M.B,Fatal,0
16.07.2018,2:20 AM,1219.3,RHS,Rural,Medarametla,Rear End Collision,,Truck,Grievious injury,Over speed,Four lanes or more with central divider,Slight curve,,Fine,AP23Y   7909,A.M.B,Grevious,1
16.07.2018,2:20 AM,1219.3,RHS,Rural,Medarametla,Rear End Collision,,Truck,Grievious injury,Over speed,Four lanes or more with central divider,Slight curve,,Fine,AP23Y   7909,A.M.B,Minor,0
16.07.2018,2:20 AM,1219.3,RHS,Rural,Medarametla,Rear End Collision,,Truck,Grievious injury,Over speed,Four lanes or more with central divider,Slight curve,,Fine,AP23Y   7909,A.M.B,Non injured,1
16.07.2018,2:20 AM,1219.3,RHS,Rural,Medarametla,Rear End Collision,,Truck,Grievious injury,Over speed,Four lanes or more with central divider,Slight curve,,Fine,AP23Y   7909,A.M.B,Animals affected,0
16.07.2018,6:50 AM,1254.8,RHS,Rural,Ongole,Collision Brush/Side Wipe,,MiniBus,Minor injury,Fault of driver of motor vehicle/driver of other vehicle/cyclist/pedestrian/passenger,Four lanes or more with central divider,Straight road,,Fine,AP03TB  6688,P.V,Fatal,0
16.07.2018,6:50 AM,1254.8,RHS,Rural,Ongole,Collision Brush/Side Wipe,,MiniBus,Minor injury,Fault of driver of motor vehicle/driver of other vehicle/cyclist/pedestrian/passenger,Four lanes or more with central divider,Straight road,,Fine,AP03TB  6688,P.V,Grevious,0
16.07.2018,6:50 AM,1254.8,RHS,Rural,Ongole,Collision Brush/Side Wipe,,MiniBus,Minor injury,Fault of driver of motor vehicle/driver of other vehicle/cyclist/pedestrian/passenger,Four lanes or more with central divider,Straight road,,Fine,AP03TB  6688,P.V,Minor,2
16.07.2018,6:50 AM,1254.8,RHS,Rural,Ongole,Collision Brush/Side Wipe,,MiniBus,Minor injury,Fault of driver of motor vehicle/driver of other vehicle/cyclist/pedestrian/passenger,Four lanes or more with central divider,Straight road,,Fine,AP03TB  6688,P.V,Non injured,14
16.07.2018,6:50 AM,1254.8,RHS,Rural,Ongole,Collision Brush/Side Wipe,,MiniBus,Minor injury,Fault of driver of motor vehicle/driver of other vehicle/cyclist/pedestrian/passenger,Four lanes or more with central divider,Straight road,,Fine,AP03TB  6688,P.V,Animals affected,0
16.07.2018,2:10 PM,1299.2,RHS,Rural,Gudluru,Collision Brush/Side Wipe,,Tata Ace,Minor injury,Over speed,Four lanes or more with central divider,Straight road,,Fine,KA01AE   0281,A.M.B,Fatal,0
16.07.2018,2:10 PM,1299.2,RHS,Rural,Gudluru,Collision Brush/Side Wipe,,Tata Ace,Minor injury,Over speed,Four lanes or more with central divider,Straight road,,Fine,KA01AE   0281,A.M.B,Grevious,0
16.07.2018,2:10 PM,1299.2,RHS,Rural,Gudluru,Collision Brush/Side Wipe,,Tata Ace,Minor injury,Over speed,Four lanes or more with central divider,Straight road,,Fine,KA01AE   0281,A.M.B,Minor,1
16.07.2018,2:10 PM,1299.2,RHS,Rural,Gudluru,Collision Brush/Side Wipe,,Tata Ace,Minor injury,Over speed,Four lanes or more with central divider,Straight road,,Fine,KA01AE   0281,A.M.B,Non injured,0
16.07.2018,2:10 PM,1299.2,RHS,Rural,Gudluru,Collision Brush/Side Wipe,,Tata Ace,Minor injury,Over speed,Four lanes or more with central divider,Straight road,,Fine,KA01AE   0281,A.M.B,Animals affected,0
16.07.2018,11:00 PM,1194.4,RHS,Rural,Martur,Skidding,,Bike,Minor injury,Druken,Four lanes or more with central divider,Straight road,,Fine,AP27Y   3945,A.M.B& P.V,Fatal,0
16.07.2018,11:00 PM,1194.4,RHS,Rural,Martur,Skidding,,Bike,Minor injury,Druken,Four lanes or more with central divider,Straight road,,Fine,AP27Y   3945,A.M.B& P.V,Grevious,0
16.07.2018,11:00 PM,1194.4,RHS,Rural,Martur,Skidding,,Bike,Minor injury,Druken,Four lanes or more with central divider,Straight road,,Fine,AP27Y   3945,A.M.B& P.V,Minor,1
16.07.2018,11:00 PM,1194.4,RHS,Rural,Martur,Skidding,,Bike,Minor injury,Druken,Four lanes or more with central divider,Straight road,,Fine,AP27Y   3945,A.M.B& P.V,Non injured,0
16.07.2018,11:00 PM,1194.4,RHS,Rural,Martur,Skidding,,Bike,Minor injury,Druken,Four lanes or more with central divider,Straight road,,Fine,AP27Y   3945,A.M.B& P.V,Animals affected,0
18.07.2018,10:30 PM,1344.5,RHS,Rural,Dagadarthi,Rear End Collision,,Container,Minor injury,Fault of driver of motor vehicle/driver of other vehicle/cyclist/pedestrian/passenger,Four lanes or more with central divider,Straight road,,Fine,GJ12AT 5453,P.V,Fatal,0
18.07.2018,10:30 PM,1344.5,RHS,Rural,Dagadarthi,Rear End Collision,,Container,Minor injury,Fault of driver of motor vehicle/driver of other vehicle/cyclist/pedestrian/passenger,Four lanes or more with central divider,Straight road,,Fine,GJ12AT 5453,P.V,Grevious,0
18.07.2018,10:30 PM,1344.5,RHS,Rural,Dagadarthi,Rear End Collision,,Container,Minor injury,Fault of driver of motor vehicle/driver of other vehicle/cyclist/pedestrian/passenger,Four lanes or more with central divider,Straight road,,Fine,GJ12AT 5453,P.V,Minor,1
18.07.2018,10:30 PM,1344.5,RHS,Rural,Dagadarthi,Rear End Collision,,Container,Minor injury,Fault of driver of motor vehicle/driver of other vehicle/cyclist/pedestrian/passenger,Four lanes or more with central divider,Straight road,,Fine,GJ12AT 5453,P.V,Non injured,1
18.07.2018,10:30 PM,1344.5,RHS,Rural,Dagadarthi,Rear End Collision,,Container,Minor injury,Fault of driver of motor vehicle/driver of other vehicle/cyclist/pedestrian/passenger,Four lanes or more with central divider,Straight road,,Fine,GJ12AT 5453,P.V,Animals affected,0
19.07.2018,1:00 AM,1282.1,RHS,Rural,Singarayakonda,Collision Brush/Side Wipe,,Tanker,Non injury,Fault of driver of motor vehicle/driver of other vehicle/cyclist/pedestrian/passenger,Four lanes or more with central divider,Straight road,,Fine,AP16TD 0079,P.V,Fatal,0
19.07.2018,1:00 AM,1282.1,RHS,Rural,Singarayakonda,Collision Brush/Side Wipe,,Tanker,Non injury,Fault of driver of motor vehicle/driver of other vehicle/cyclist/pedestrian/passenger,Four lanes or more with central divider,Straight road,,Fine,AP16TD 0079,P.V,Grevious,0
19.07.2018,1:00 AM,1282.1,RHS,Rural,Singarayakonda,Collision Brush/Side Wipe,,Tanker,Non injury,Fault of driver of motor vehicle/driver of other vehicle/cyclist/pedestrian/passenger,Four lanes or more with central divider,Straight road,,Fine,AP16TD 0079,P.V,Minor,0
19.07.2018,1:00 AM,1282.1,RHS,Rural,Singarayakonda,Collision Brush/Side Wipe,,Tanker,Non injury,Fault of driver of motor vehicle/driver of other vehicle/cyclist/pedestrian/passenger,Four lanes or more with central divider,Straight road,,Fine,AP16TD 0079,P.V,Non injured,1
19.07.2018,1:00 AM,1282.1,RHS,Rural,Singarayakonda,Collision Brush/Side Wipe,,Tanker,Non injury,Fault of driver of motor vehicle/driver of other vehicle/cyclist/pedestrian/passenger,Four lanes or more with central divider,Straight road,,Fine,AP16TD 0079,P.V,Animals affected,0
19.07.2018,6:30 PM,1240.5,RHS,Rural,Ongole,Head on collision,,Auto,Grievious injury,Fault of driver of motor vehicle/driver of other vehicle/cyclist/pedestrian/passenger,Two lanes,Straight road,,Fine,AP27PY   5634,P.V,Fatal,0
19.07.2018,6:30 PM,1240.5,RHS,Rural,Ongole,Head on collision,,Auto,Grievious injury,Fault of driver of motor vehicle/driver of other vehicle/cyclist/pedestrian/passenger,Two lanes,Straight road,,Fine,AP27PY   5634,P.V,Grevious,1
19.07.2018,6:30 PM,1240.5,RHS,Rural,Ongole,Head on collision,,Auto,Grievious injury,Fault of driver of motor vehicle/driver of other vehicle/cyclist/pedestrian/passenger,Two lanes,Straight road,,Fine,AP27PY   5634,P.V,Minor,0
19.07.2018,6:30 PM,1240.5,RHS,Rural,Ongole,Head on collision,,Auto,Grievious injury,Fault of driver of motor vehicle/driver of other vehicle/cyclist/pedestrian/passenger,Two lanes,Straight road,,Fine,AP27PY   5634,P.V,Non injured,1
19.07.2018,6:30 PM,1240.5,RHS,Rural,Ongole,Head on collision,,Auto,Grievious injury,Fault of driver of motor vehicle/driver of other vehicle/cyclist/pedestrian/passenger,Two lanes,Straight road,,Fine,AP27PY   5634,P.V,Animals affected,0
20.07.2018,4:55 AM,1217.2,RHS,Rural,Medarametla,Overturning,,Container,Non injury,Fault of driver of motor vehicle/driver of other vehicle/cyclist/pedestrian/passenger,Four lanes or more with central divider,Straight road,,Fine,AP26TB 1666,P.V,Fatal,0
20.07.2018,4:55 AM,1217.2,RHS,Rural,Medarametla,Overturning,,Container,Non injury,Fault of driver of motor vehicle/driver of other vehicle/cyclist/pedestrian/passenger,Four lanes or more with central divider,Straight road,,Fine,AP26TB 1666,P.V,Grevious,0
20.07.2018,4:55 AM,1217.2,RHS,Rural,Medarametla,Overturning,,Container,Non injury,Fault of driver of motor vehicle/driver of other vehicle/cyclist/pedestrian/passenger,Four lanes or more with central divider,Straight road,,Fine,AP26TB 1666,P.V,Minor,0
20.07.2018,4:55 AM,1217.2,RHS,Rural,Medarametla,Overturning,,Container,Non injury,Fault of driver of motor vehicle/driver of other vehicle/cyclist/pedestrian/passenger,Four lanes or more with central divider,Straight road,,Fine,AP26TB 1666,P.V,Non injured,1
20.07.2018,4:55 AM,1217.2,RHS,Rural,Medarametla,Overturning,,Container,Non injury,Fault of driver of motor vehicle/driver of other vehicle/cyclist/pedestrian/passenger,Four lanes or more with central divider,Straight road,,Fine,AP26TB 1666,P.V,Animals affected,0
20.07.2018,5:50 AM,1290.7,RHS,Rural,Ulavapadu,Rear End Collision,,Truck,Non injury,Fault of driver of motor vehicle/driver of other vehicle/cyclist/pedestrian/passenger,Four lanes or more with central divider,Straight road,,Fine,TN52M  3745,P.V,Fatal,0
20.07.2018,5:50 AM,1290.7,RHS,Rural,Ulavapadu,Rear End Collision,,Truck,Non injury,Fault of driver of motor vehicle/driver of other vehicle/cyclist/pedestrian/passenger,Four lanes or more with central divider,Straight road,,Fine,TN52M  3745,P.V,Grevious,0
20.07.2018,5:50 AM,1290.7,RHS,Rural,Ulavapadu,Rear End Collision,,Truck,Non injury,Fault of driver of motor vehicle/driver of other vehicle/cyclist/pedestrian/passenger,Four lanes or more with central divider,Straight road,,Fine,TN52M  3745,P.V,Minor,0
20.07.2018,5:50 AM,1290.7,RHS,Rural,Ulavapadu,Rear End Collision,,Truck,Non injury,Fault of driver of motor vehicle/driver of other vehicle/cyclist/pedestrian/passenger,Four lanes or more with central divider,Straight road,,Fine,TN52M  3745,P.V,Non injured,1
20.07.2018,5:50 AM,1290.7,RHS,Rural,Ulavapadu,Rear End Collision,,Truck,Non injury,Fault of driver of motor vehicle/driver of other vehicle/cyclist/pedestrian/passenger,Four lanes or more with central divider,Straight road,,Fine,TN52M  3745,P.V,Animals affected,0
20.07.2018,4:55 PM,1192.9,RHS,Rural,Martur,Collision Brush/Side Wipe,,Bike,Grievious injury,Fault of driver of motor vehicle/driver of other vehicle/cyclist/pedestrian/passenger,Four lanes or more with central divider,Straight road,,Fine,AP27AY 8346,A.M.B & P.V,Fatal,0
20.07.2018,4:55 PM,1192.9,RHS,Rural,Martur,Collision Brush/Side Wipe,,Bike,Grievious injury,Fault of driver of motor vehicle/driver of other vehicle/cyclist/pedestrian/passenger,Four lanes or more with central divider,Straight road,,Fine,AP27AY 8346,A.M.B & P.V,Grevious,2
20.07.2018,4:55 PM,1192.9,RHS,Rural,Martur,Collision Brush/Side Wipe,,Bike,Grievious injury,Fault of driver of motor vehicle/driver of other vehicle/cyclist/pedestrian/passenger,Four lanes or more with central divider,Straight road,,Fine,AP27AY 8346,A.M.B & P.V,Minor,0
20.07.2018,4:55 PM,1192.9,RHS,Rural,Martur,Collision Brush/Side Wipe,,Bike,Grievious injury,Fault of driver of motor vehicle/driver of other vehicle/cyclist/pedestrian/passenger,Four lanes or more with central divider,Straight road,,Fine,AP27AY 8346,A.M.B & P.V,Non injured,0
20.07.2018,4:55 PM,1192.9,RHS,Rural,Martur,Collision Brush/Side Wipe,,Bike,Grievious injury,Fault of driver of motor vehicle/driver of other vehicle/cyclist/pedestrian/passenger,Four lanes or more with central divider,Straight road,,Fine,AP27AY 8346,A.M.B & P.V,Animals affected,0
21.07.2018,5:10 AM,1275.1,RHS,Rural,Singarayakonda,Overturning,,Truck,Non injury,Fault of driver of motor vehicle/driver of other vehicle/cyclist/pedestrian/passenger,Four lanes or more with central divider,Straight road,,Fine,AP07TG  4546,P.V,Fatal,0
21.07.2018,5:10 AM,1275.1,RHS,Rural,Singarayakonda,Overturning,,Truck,Non injury,Fault of driver of motor vehicle/driver of other vehicle/cyclist/pedestrian/passenger,Four lanes or more with central divider,Straight road,,Fine,AP07TG  4546,P.V,Grevious,0
21.07.2018,5:10 AM,1275.1,RHS,Rural,Singarayakonda,Overturning,,Truck,Non injury,Fault of driver of motor vehicle/driver of other vehicle/cyclist/pedestrian/passenger,Four lanes or more with central divider,Straight road,,Fine,AP07TG  4546,P.V,Minor,0