Operational date,Time of Accident,KM && M,Position,Rural/Urban,Location,Nature of Accident Position,Nature of Accident,Vehicle Involved,Type of Accident,Causes,Road Feature,Road condition,Intersection Type And Control,Weather Condition,Vehicle Responsible,Help Provided by Ambulance/Patroling Vehicle,Classification of Accident,No of Affected Persons
21.07.2018,5:10 AM,1275.1,RHS,Rural,Singarayakonda,Overturning,,Truck,Non injury,Fault of driver of motor vehicle/driver of other vehicle/cyclist/pedestrian/passenger,Four lanes or more with central divider,Straight road,,Fine,AP07TG  4546,P.V,Non injured,1
21.07.2018,5:10 AM,1275.1,RHS,Rural,Singarayakonda,Overturning,,Truck,Non injury,Fault of driver of motor vehicle/driver of other vehicle/cyclist/pedestrian/passenger,Four lanes or more with central divider,Straight road,,Fine,AP07TG  4546,P.V,Animals affected,0
22.07.2018,7:35 AM,1240.5,RHS,Rural,Ongole,Overturning,,Car,Non injury,Defect in mechanical condition of motor vehicle/road condition,Four lanes or more with central divider,Straight road,,Fine,TS15ES   6363,P.V,Fatal,0
22.07.2018,7:35 AM,1240.5,RHS,Rural,Ongole,Overturning,,Car,Non injury,Defect in mechanical condition of motor vehicle/road condition,Four lanes or more with central divider,Straight road,,Fine,TS15ES   6363,P.V,Grevious,0
22.07.2018,7:35 AM,1240.5,RHS,Rural,Ongole,Overturning,,Car,Non injury,Defect in mechanical condition of motor vehicle/road condition,Four lanes or more with central divider,Straight road,,Fine,TS15ES   6363,P.V,Minor,0
22.07.2018,7:35 AM,1240.5,RHS,Rural,Ongole,Overturning,,Car,Non injury,Defect in mechanical condition of motor vehicle/road condition,Four lanes or more with central divider,Straight road,,Fine,TS15ES   6363,P.V,Non injured,1
22.07.2018,7:35 AM,1240.5,RHS,Rural,Ongole,Overturning,,Car,Non injury,Defect in mechanical condition of motor vehicle/road condition,Four lanes or more with central divider,Straight road,,Fine,TS15ES   6363,P.V,Animals affected,0
24.07.2018,3:00 AM,1186.3,RHS,Rural,Martur,Collision Brush/Side Wipe,,Truck,Non injury,Over speed,Four lanes or more with central divider,Straight road,,Fine,WB57D 2301,A.M.B,Fatal,0
24.07.2018,3:00 AM,1186.3,RHS,Rural,Martur,Collision Brush/Side Wipe,,Truck,Non injury,Over speed,Four lanes or more with central divider,Straight road,,Fine,WB57D 2301,A.M.B,Grevious,0
24.07.2018,3:00 AM,1186.3,RHS,Rural,Martur,Collision Brush/Side Wipe,,Truck,Non injury,Over speed,Four lanes or more with central divider,Straight road,,Fine,WB57D 2301,A.M.B,Minor,0
24.07.2018,3:00 AM,1186.3,RHS,Rural,Martur,Collision Brush/Side Wipe,,Truck,Non injury,Over speed,Four lanes or more with central divider,Straight road,,Fine,WB57D 2301,A.M.B,Non injured,2
24.07.2018,3:00 AM,1186.3,RHS,Rural,Martur,Collision Brush/Side Wipe,,Truck,Non injury,Over speed,Four lanes or more with central divider,Straight road,,Fine,WB57D 2301,A.M.B,Animals affected,0
24.07.2018,1:50 PM,1286.8,RHS,Rural,Ulavapadu,Collision Brush/Side Wipe,,Car,Non injury,Over speed,Four lanes or more with central divider,Sharp curve,T-Junction,Fine,AP27BE 7738,P.V,Fatal,0
24.07.2018,1:50 PM,1286.8,RHS,Rural,Ulavapadu,Collision Brush/Side Wipe,,Car,Non injury,Over speed,Four lanes or more with central divider,Sharp curve,T-Junction,Fine,AP27BE 7738,P.V,Grevious,0
24.07.2018,1:50 PM,1286.8,RHS,Rural,Ulavapadu,Collision Brush/Side Wipe,,Car,Non injury,Over speed,Four lanes or more with central divider,Sharp curve,T-Junction,Fine,AP27BE 7738,P.V,Minor,0
24.07.2018,1:50 PM,1286.8,RHS,Rural,Ulavapadu,Collision Brush/Side Wipe,,Car,Non injury,Over speed,Four lanes or more with central divider,Sharp curve,T-Junction,Fine,AP27BE 7738,P.V,Non injured,7
24.07.2018,1:50 PM,1286.8,RHS,Rural,Ulavapadu,Collision Brush/Side Wipe,,Car,Non injury,Over speed,Four lanes or more with central divider,Sharp curve,T-Junction,Fine,AP27BE 7738,P.V,Animals affected,0
25.07.2018,4:30 AM,1251.7,RHS,Rural,Ongole,Collision Brush/Side Wipe,,Container,Non injury,Fault of driver of motor vehicle/driver of other vehicle/cyclist/pedestrian/passenger,Four lanes or more with central divider,Straight road,,Fine,HR55AA  7377,P.V,Fatal,0
25.07.2018,4:30 AM,1251.7,RHS,Rural,Ongole,Collision Brush/Side Wipe,,Container,Non injury,Fault of driver of motor vehicle/driver of other vehicle/cyclist/pedestrian/passenger,Four lanes or more with central divider,Straight road,,Fine,HR55AA  7377,P.V,Grevious,0
25.07.2018,4:30 AM,1251.7,RHS,Rural,Ongole,Collision Brush/Side Wipe,,Container,Non injury,Fault of driver of motor vehicle/driver of other vehicle/cyclist/pedestrian/passenger,Four lanes or more with central divider,Straight road,,Fine,HR55AA  7377,P.V,Minor,0
25.07.2018,4:30 AM,1251.7,RHS,Rural,Ongole,Collision Brush/Side Wipe,,Container,Non injury,Fault of driver of motor vehicle/driver of other vehicle/cyclist/pedestrian/passenger,Four lanes or more with central divider,Straight road,,Fine,HR55AA  7377,P.V,Non injured,2
25.07.2018,4:30 AM,1251.7,RHS,Rural,Ongole,Collision Brush/Side Wipe,,Container,Non injury,Fault of driver of motor vehicle/driver of other vehicle/cyclist/pedestrian/passenger,Four lanes or more with central divider,Straight road,,Fine,HR55AA  7377,P.V,Animals affected,0
25.07.2018,7:50 AM,1344.1,RHS,Rural,Dagadarthi,Collision Brush/Side Wipe,,Bike,Grievious injury,Fault of driver of motor vehicle/driver of other vehicle/cyclist/pedestrian/passenger,Two lanes,Straight road,,Fine,AP26AQ      3801,A.M.B,Fatal,0
25.07.2018,7:50 AM,1344.1,RHS,Rural,Dagadarthi,Collision Brush/Side Wipe,,Bike,Grievious injury,Fault of driver of motor vehicle/driver of other vehicle/cyclist/pedestrian/passenger,Two lanes,Straight road,,Fine,AP26AQ      3801,A.M.B,Grevious,1
25.07.2018,7:50 AM,1344.1,RHS,Rural,Dagadarthi,Collision Brush/Side Wipe,,Bike,Grievious injury,Fault of driver of motor vehicle/driver of other vehicle/cyclist/pedestrian/passenger,Two lanes,Straight road,,Fine,AP26AQ      3801,A.M.B,Minor,0
25.07.2018,7:50 AM,1344.1,RHS,Rural,Dagadarthi,Collision Brush/Side Wipe,,Bike,Grievious injury,Fault of driver of motor vehicle/driver of other vehicle/cyclist/pedestrian/passenger,Two lanes,Straight road,,Fine,AP26AQ      3801,A.M.B,Non injured,0
25.07.2018,7:50 AM,1344.1,RHS,Rural,Dagadarthi,Collision Brush/Side Wipe,,Bike,Grievious injury,Fault of driver of motor vehicle/driver of other vehicle/cyclist/pedestrian/passenger,Two lanes,Straight road,,Fine,AP26AQ      3801,A.M.B,Animals affected,0
25.07.2018,8:20 PM,1326,RHS,Rural,Kavali,Collision Brush/Side Wipe,,Bike,Minor injury,Fault of driver of motor vehicle/driver of other vehicle/cyclist/pedestrian/passenger,Four lanes or more with central divider,Straight road,,Fine,AP26G    5623,A.M.B & P.V,Fatal,0
25.07.2018,8:20 PM,1326,RHS,Rural,Kavali,Collision Brush/Side Wipe,,Bike,Minor injury,Fault of driver of motor vehicle/driver of other vehicle/cyclist/pedestrian/passenger,Four lanes or more with central divider,Straight road,,Fine,AP26G    5623,A.M.B & P.V,Grevious,0
25.07.2018,8:20 PM,1326,RHS,Rural,Kavali,Collision Brush/Side Wipe,,Bike,Minor injury,Fault of driver of motor vehicle/driver of other vehicle/cyclist/pedestrian/passenger,Four lanes or more with central divider,Straight road,,Fine,AP26G    5623,A.M.B & P.V,Minor,1
25.07.2018,8:20 PM,1326,RHS,Rural,Kavali,Collision Brush/Side Wipe,,Bike,Minor injury,Fault of driver of motor vehicle/driver of other vehicle/cyclist/pedestrian/passenger,Four lanes or more with central divider,Straight road,,Fine,AP26G    5623,A.M.B & P.V,Non injured,0
25.07.2018,8:20 PM,1326,RHS,Rural,Kavali,Collision Brush/Side Wipe,,Bike,Minor injury,Fault of driver of motor vehicle/driver of other vehicle/cyclist/pedestrian/passenger,Four lanes or more with central divider,Straight road,,Fine,AP26G    5623,A.M.B & P.V,Animals affected,0
26.07.2018,7:00 AM,1266.9,RHS,Rural,Tangutur,Collision Brush/Side Wipe,,Bus,Grievious injury,Over speed,Four lanes or more with central divider,Straight road,,Fine,AP27X  7277,A.M.B,Fatal,0
26.07.2018,7:00 AM,1266.9,RHS,Rural,Tangutur,Collision Brush/Side Wipe,,Bus,Grievious injury,Over speed,Four lanes or more with central divider,Straight road,,Fine,AP27X  7277,A.M.B,Grevious,1
26.07.2018,7:00 AM,1266.9,RHS,Rural,Tangutur,Collision Brush/Side Wipe,,Bus,Grievious injury,Over speed,Four lanes or more with central divider,Straight road,,Fine,AP27X  7277,A.M.B,Minor,1
26.07.2018,7:00 AM,1266.9,RHS,Rural,Tangutur,Collision Brush/Side Wipe,,Bus,Grievious injury,Over speed,Four lanes or more with central divider,Straight road,,Fine,AP27X  7277,A.M.B,Non injured,20
26.07.2018,7:00 AM,1266.9,RHS,Rural,Tangutur,Collision Brush/Side Wipe,,Bus,Grievious injury,Over speed,Four lanes or more with central divider,Straight road,,Fine,AP27X  7277,A.M.B,Animals affected,0
26.07.2018,2:50 PM,1343.2,RHS,Rural,Dagadarthi,Collision Brush/Side Wipe,,Truck,Grievious injury,Over speed,Two lanes,Straight road,,Fine,AP16S    2646,A.M.B & P.V,Fatal,0
26.07.2018,2:50 PM,1343.2,RHS,Rural,Dagadarthi,Collision Brush/Side Wipe,,Truck,Grievious injury,Over speed,Two lanes,Straight road,,Fine,AP16S    2646,A.M.B & P.V,Grevious,1
26.07.2018,2:50 PM,1343.2,RHS,Rural,Dagadarthi,Collision Brush/Side Wipe,,Truck,Grievious injury,Over speed,Two lanes,Straight road,,Fine,AP16S    2646,A.M.B & P.V,Minor,1
26.07.2018,2:50 PM,1343.2,RHS,Rural,Dagadarthi,Collision Brush/Side Wipe,,Truck,Grievious injury,Over speed,Two lanes,Straight road,,Fine,AP16S    2646,A.M.B & P.V,Non injured,0
26.07.2018,2:50 PM,1343.2,RHS,Rural,Dagadarthi,Collision Brush/Side Wipe,,Truck,Grievious injury,Over speed,Two lanes,Straight road,,Fine,AP16S    2646,A.M.B & P.V,Animals affected,0
27.07.2018,1:10 AM,1227.5,RHS,Rural,Maddipadu,Rear End Collision,,Container,Grievious injury,Over speed,Four lanes or more with central divider,Straight road,,Fine,AP37TA   4269,A.M.B & P.V,Fatal,0
27.07.2018,1:10 AM,1227.5,RHS,Rural,Maddipadu,Rear End Collision,,Container,Grievious injury,Over speed,Four lanes or more with central divider,Straight road,,Fine,AP37TA   4269,A.M.B & P.V,Grevious,1
27.07.2018,1:10 AM,1227.5,RHS,Rural,Maddipadu,Rear End Collision,,Container,Grievious injury,Over speed,Four lanes or more with central divider,Straight road,,Fine,AP37TA   4269,A.M.B & P.V,Minor,0
27.07.2018,1:10 AM,1227.5,RHS,Rural,Maddipadu,Rear End Collision,,Container,Grievious injury,Over speed,Four lanes or more with central divider,Straight road,,Fine,AP37TA   4269,A.M.B & P.V,Non injured,2
27.07.2018,1:10 AM,1227.5,RHS,Rural,Maddipadu,Rear End Collision,,Container,Grievious injury,Over speed,Four lanes or more with central divider,Straight road,,Fine,AP37TA   4269,A.M.B & P.V,Animals affected,0
27.07.2018,3:40 AM,1243.4,RHS,Rural,Ongole,Head on collision,,Container,Grievious injury,Over speed,Four lanes or more with central divider,Straight road,,Fine,AP07TG 1099,P.V,Fatal,0
27.07.2018,3:40 AM,1243.4,RHS,Rural,Ongole,Head on collision,,Container,Grievious injury,Over speed,Four lanes or more with central divider,Straight road,,Fine,AP07TG 1099,P.V,Grevious,1
27.07.2018,3:40 AM,1243.4,RHS,Rural,Ongole,Head on collision,,Container,Grievious injury,Over speed,Four lanes or more with central divider,Straight road,,Fine,AP07TG 1099,P.V,Minor,0
27.07.2018,3:40 AM,1243.4,RHS,Rural,Ongole,Head on collision,,Container,Grievious injury,Over speed,Four lanes or more with central divider,Straight road,,Fine,AP07TG 1099,P.V,Non injured,1
27.07.2018,3:40 AM,1243.4,RHS,Rural,Ongole,Head on collision,,Container,Grievious injury,Over speed,Four lanes or more with central divider,Straight road,,Fine,AP07TG 1099,P.V,Animals affected,0
27.07.2018,8:45 PM,1189.7,RHS,Rural,Martur,Collision Brush/Side Wipe,,Car,Fatal,Over speed,Four lanes or more with central divider,Straight road,,Fine,AP27BK 8060,P.V,Fatal,1
27.07.2018,8:45 PM,1189.7,RHS,Rural,Martur,Collision Brush/Side Wipe,,Car,Fatal,Over speed,Four lanes or more with central divider,Straight road,,Fine,AP27BK 8060,P.V,Grevious,0
27.07.2018,8:45 PM,1189.7,RHS,Rural,Martur,Collision Brush/Side Wipe,,Car,Fatal,Over speed,Four lanes or more with central divider,Straight road,,Fine,AP27BK 8060,P.V,Minor,0
27.07.2018,8:45 PM,1189.7,RHS,Rural,Martur,Collision Brush/Side Wipe,,Car,Fatal,Over speed,Four lanes or more with central divider,Straight road,,Fine,AP27BK 8060,P.V,Non injured,3
27.07.2018,8:45 PM,1189.7,RHS,Rural,Martur,Collision Brush/Side Wipe,,Car,Fatal,Over speed,Four lanes or more with central divider,Straight road,,Fine,AP27BK 8060,P.V,Animals affected,0
28.07.2018,5:10 PM,1263.8,RHS,Rural,Tangutur,Rear End Collision,,Car,Non injury,Fault of driver of motor vehicle/driver of other vehicle/cyclist/pedestrian/passenger,Four lanes or more with central divider,Straight road,,Fine,AP29M   2888,A.M.B,Fatal,0
28.07.2018,5:10 PM,1263.8,RHS,Rural,Tangutur,Rear End Collision,,Car,Non injury,Fault of driver of motor vehicle/driver of other vehicle/cyclist/pedestrian/passenger,Four lanes or more with central divider,Straight road,,Fine,AP29M   2888,A.M.B,Grevious,0
28.07.2018,5:10 PM,1263.8,RHS,Rural,Tangutur,Rear End Collision,,Car,Non injury,Fault of driver of motor vehicle/driver of other vehicle/cyclist/pedestrian/passenger,Four lanes or more with central divider,Straight road,,Fine,AP29M   2888,A.M.B,Minor,0
28.07.2018,5:10 PM,1263.8,RHS,Rural,Tangutur,Rear End Collision,,Car,Non injury,Fault of driver of motor vehicle/driver of other vehicle/cyclist/pedestrian/passenger,Four lanes or more with central divider,Straight road,,Fine,AP29M   2888,A.M.B,Non injured,43
28.07.2018,5:10 PM,1263.8,RHS,Rural,Tangutur,Rear End Collision,,Car,Non injury,Fault of driver of motor vehicle/driver of other vehicle/cyclist/pedestrian/passenger,Four lanes or more with central divider,Straight road,,Fine,AP29M   2888,A.M.B,Animals affected,0
28.07.2018,7:35 PM,1295.2,RHS,Rural,Ulavapadu,Overturning,,Car,Non injury,Defect in mechanical condition of motor vehicle/road condition,Four lanes or more with central divider,Straight road,,Fine,AP27AM   9457,P.V,Fatal,0
28.07.2018,7:35 PM,1295.2,RHS,Rural,Ulavapadu,Overturning,,Car,Non injury,Defect in mechanical condition of motor vehicle/road condition,Four lanes or more with central divider,Straight road,,Fine,AP27AM   9457,P.V,Grevious,0
28.07.2018,7:35 PM,1295.2,RHS,Rural,Ulavapadu,Overturning,,Car,Non injury,Defect in mechanical condition of motor vehicle/road condition,Four lanes or more with central divider,Straight road,,Fine,AP27AM   9457,P.V,Minor,0
28.07.2018,7:35 PM,1295.2,RHS,Rural,Ulavapadu,Overturning,,Car,Non injury,Defect in mechanical condition of motor vehicle/road condition,Four lanes or more with central divider,Straight road,,Fine,AP27AM   9457,P.V,Non injured,6
28.07.2018,7:35 PM,1295.2,RHS,Rural,Ulavapadu,Overturning,,Car,Non injury,Defect in mechanical condition of motor vehicle/road condition,Four lanes or more with central divider,Straight road,,Fine,AP27AM   9457,P.V,Animals affected,0
28.07.2018,7:45 PM,1262.7,RHS,Rural,Tangutur,Collision Brush/Side Wipe,,Bike,Minor injury,Over speed,Four lanes or more with central divider,Straight road,,Fine,T/R TVS Moped,A.M.B,Fatal,0
28.07.2018,7:45 PM,1262.7,RHS,Rural,Tangutur,Collision Brush/Side Wipe,,Bike,Minor injury,Over speed,Four lanes or more with central divider,Straight road,,Fine,T/R TVS Moped,A.M.B,Grevious,0
28.07.2018,7:45 PM,1262.7,RHS,Rural,Tangutur,Collision Brush/Side Wipe,,Bike,Minor injury,Over speed,Four lanes or more with central divider,Straight road,,Fine,T/R TVS Moped,A.M.B,Minor,2
28.07.2018,7:45 PM,1262.7,RHS,Rural,Tangutur,Collision Brush/Side Wipe,,Bike,Minor injury,Over speed,Four lanes or more with central divider,Straight road,,Fine,T/R TVS Moped,A.M.B,Non injured,0
28.07.2018,7:45 PM,1262.7,RHS,Rural,Tangutur,Collision Brush/Side Wipe,,Bike,Minor injury,Over speed,Four lanes or more with central divider,Straight road,,Fine,T/R TVS Moped,A.M.B,Animals affected,0
30.07.2018,6:45 AM,1248.3,RHS,Rural,Ongole,Overturning,,Car,Non injury,Defect in mechanical condition of motor vehicle/road condition,Four lanes or more with central divider,Straight road,,Fine,TS28T    1001,P.V,Fatal,0
30.07.2018,6:45 AM,1248.3,RHS,Rural,Ongole,Overturning,,Car,Non injury,Defect in mechanical condition of motor vehicle/road condition,Four lanes or more with central divider,Straight road,,Fine,TS28T    1001,P.V,Grevious,0
30.07.2018,6:45 AM,1248.3,RHS,Rural,Ongole,Overturning,,Car,Non injury,Defect in mechanical condition of motor vehicle/road condition,Four lanes or more with central divider,Straight road,,Fine,TS28T    1001,P.V,Minor,0
30.07.2018,6:45 AM,1248.3,RHS,Rural,Ongole,Overturning,,Car,Non injury,Defect in mechanical condition of motor vehicle/road condition,Four lanes or more with central divider,Straight road,,Fine,TS28T    1001,P.V,Non injured,2
30.07.2018,6:45 AM,1248.3,RHS,Rural,Ongole,Overturning,,Car,Non injury,Defect in mechanical condition of motor vehicle/road condition,Four lanes or more with central divider,Straight road,,Fine,TS28T    1001,P.V,Animals affected,0
30.07.2018,7:20 AM,1315.7,RHS,Rural,Kavali,Collision Brush/Side Wipe,,Car,Non injury,Over speed,Four lanes or more with central divider,Straight road,,Fine,AP26BC 0169,P.V,Fatal,0
30.07.2018,7:20 AM,1315.7,RHS,Rural,Kavali,Collision Brush/Side Wipe,,Car,Non injury,Over speed,Four lanes or more with central divider,Straight road,,Fine,AP26BC 0169,P.V,Grevious,0
30.07.2018,7:20 AM,1315.7,RHS,Rural,Kavali,Collision Brush/Side Wipe,,Car,Non injury,Over speed,Four lanes or more with central divider,Straight road,,Fine,AP26BC 0169,P.V,Minor,0
30.07.2018,7:20 AM,1315.7,RHS,Rural,Kavali,Collision Brush/Side Wipe,,Car,Non injury,Over speed,Four lanes or more with central divider,Straight road,,Fine,AP26BC 0169,P.V,Non injured,2
30.07.2018,7:20 AM,1315.7,RHS,Rural,Kavali,Collision Brush/Side Wipe,,Car,Non injury,Over speed,Four lanes or more with central divider,Straight road,,Fine,AP26BC 0169,P.V,Animals affected,0
30.07.2018,8:00 AM,1182.9,RHS,Rural,chilakaluripeta,Collision Brush/Side Wipe,,Truck,Non injury,Fault of driver of motor vehicle/driver of other vehicle/cyclist/pedestrian/passenger,Four lanes or more with central divider,Straight road,,Fine,AP16TB 9249,P.V,Fatal,0
30.07.2018,8:00 AM,1182.9,RHS,Rural,chilakaluripeta,Collision Brush/Side Wipe,,Truck,Non injury,Fault of driver of motor vehicle/driver of other vehicle/cyclist/pedestrian/passenger,Four lanes or more with central divider,Straight road,,Fine,AP16TB 9249,P.V,Grevious,0
30.07.2018,8:00 AM,1182.9,RHS,Rural,chilakaluripeta,Collision Brush/Side Wipe,,Truck,Non injury,Fault of driver of motor vehicle/driver of other vehicle/cyclist/pedestrian/passenger,Four lanes or more with central divider,Straight road,,Fine,AP16TB 9249,P.V,Minor,0
30.07.2018,8:00 AM,1182.9,RHS,Rural,chilakaluripeta,Collision Brush/Side Wipe,,Truck,Non injury,Fault of driver of motor vehicle/driver of other vehicle/cyclist/pedestrian/passenger,Four lanes or more with central divider,Straight road,,Fine,AP16TB 9249,P.V,Non injured,1
30.07.2018,8:00 AM,1182.9,RHS,Rural,chilakaluripeta,Collision Brush/Side Wipe,,Truck,Non injury,Fault of driver of motor vehicle/driver of other vehicle/cyclist/pedestrian/passenger,Four lanes or more with central divider,Straight road,,Fine,AP16TB 9249,P.V,Animals affected,0
31.07.2018,12:44 AM,1318.9,RHS,Rural,Kavali,Overturning,,Car,Minor injury,Fault of driver of motor vehicle/driver of other vehicle/cyclist/pedestrian/passenger,Four lanes or more with central divider,Straight road,,Fine,F/R ,A.M.B,Fatal,0
31.07.2018,12:44 AM,1318.9,RHS,Rural,Kavali,Overturning,,Car,Minor injury,Fault of driver of motor vehicle/driver of other vehicle/cyclist/pedestrian/passenger,Four lanes or more with central divider,Straight road,,Fine,F/R ,A.M.B,Grevious,0
31.07.2018,12:44 AM,1318.9,RHS,Rural,Kavali,Overturning,,Car,Minor injury,Fault of driver of motor vehicle/driver of other vehicle/cyclist/pedestrian/passenger,Four lanes or more with central divider,Straight road,,Fine,F/R ,A.M.B,Minor,1
31.07.2018,12:44 AM,1318.9,RHS,Rural,Kavali,Overturning,,Car,Minor injury,Fault of driver of motor vehicle/driver of other vehicle/cyclist/pedestrian/passenger,Four lanes or more with central divider,Straight road,,Fine,F/R ,A.M.B,Non injured,0
31.07.2018,12:44 AM,1318.9,RHS,Rural,Kavali,Overturning,,Car,Minor injury,Fault of driver of motor vehicle/driver of other vehicle/cyclist/pedestrian/passenger,Four lanes or more with central divider,Straight road,,Fine,F/R ,A.M.B,Animals affected,0
31.07.2018,7:10 AM,1250.8,RHS,Rural,Ongole,Collision Brush/Side Wipe,,Truck,Grievious injury,Over speed,Four lanes or more with central divider,Straight road,,Fine,AP28TE     6862,A.M.B & P.V,Fatal,0
31.07.2018,7:10 AM,1250.8,RHS,Rural,Ongole,Collision Brush/Side Wipe,,Truck,Grievious injury,Over speed,Four lanes or more with central divider,Straight road,,Fine,AP28TE     6862,A.M.B & P.V,Grevious,1
31.07.2018,7:10 AM,1250.8,RHS,Rural,Ongole,Collision Brush/Side Wipe,,Truck,Grievious injury,Over speed,Four lanes or more with central divider,Straight road,,Fine,AP28TE     6862,A.M.B & P.V,Minor,0
31.07.2018,7:10 AM,1250.8,RHS,Rural,Ongole,Collision Brush/Side Wipe,,Truck,Grievious injury,Over speed,Four lanes or more with central divider,Straight road,,Fine,AP28TE     6862,A.M.B & P.V,Non injured,1
31.07.2018,7:10 AM,1250.8,RHS,Rural,Ongole,Collision Brush/Side Wipe,,Truck,Grievious injury,Over speed,Four lanes or more with central divider,Straight road,,Fine,AP28TE     6862,A.M.B & P.V,Animals affected,0
31.07.2018,9:05 AM,1349.1,RHS,Rural,Kodavaluru,Collision Brush/Side Wipe,,Truck,Minor injury,Fault of driver of motor vehicle/driver of other vehicle/cyclist/pedestrian/passenger,Four lanes or more with central divider,Straight road,,Fine,CG04 JD 7144,P.V,Fatal,0
31.07.2018,9:05 AM,1349.1,RHS,Rural,Kodavaluru,Collision Brush/Side Wipe,,Truck,Minor injury,Fault of driver of motor vehicle/driver of other vehicle/cyclist/pedestrian/passenger,Four lanes or more with central divider,Straight road,,Fine,CG04 JD 7144,P.V,Grevious,0
31.07.2018,9:05 AM,1349.1,RHS,Rural,Kodavaluru,Collision Brush/Side Wipe,,Truck,Minor injury,Fault of driver of motor vehicle/driver of other vehicle/cyclist/pedestrian/passenger,Four lanes or more with central divider,Straight road,,Fine,CG04 JD 7144,P.V,Minor,1
31.07.2018,9:05 AM,1349.1,RHS,Rural,Kodavaluru,Collision Brush/Side Wipe,,Truck,Minor injury,Fault of driver of motor vehicle/driver of other vehicle/cyclist/pedestrian/passenger,Four lanes or more with central divider,Straight road,,Fine,CG04 JD 7144,P.V,Non injured,1
31.07.2018,9:05 AM,1349.1,RHS,Rural,Kodavaluru,Collision Brush/Side Wipe,,Truck,Minor injury,Fault of driver of motor vehicle/driver of other vehicle/cyclist/pedestrian/passenger,Four lanes or more with central divider,Straight road,,Fine,CG04 JD 7144,P.V,Animals affected,0
31.07.2018,10:10 AM,1215.9,RHS,Rural,Medarametla,Collision Brush/Side Wipe,,Car,Minor injury,Over speed,Four lanes or more with central divider,Straight road,,Fine,AP16TH   1918,P.V,Fatal,0
31.07.2018,10:10 AM,1215.9,RHS,Rural,Medarametla,Collision Brush/Side Wipe,,Car,Minor injury,Over speed,Four lanes or more with central divider,Straight road,,Fine,AP16TH   1918,P.V,Grevious,0
31.07.2018,10:10 AM,1215.9,RHS,Rural,Medarametla,Collision Brush/Side Wipe,,Car,Minor injury,Over speed,Four lanes or more with central divider,Straight road,,Fine,AP16TH   1918,P.V,Minor,2
31.07.2018,10:10 AM,1215.9,RHS,Rural,Medarametla,Collision Brush/Side Wipe,,Car,Minor injury,Over speed,Four lanes or more with central divider,Straight road,,Fine,AP16TH   1918,P.V,Non injured,1
31.07.2018,10:10 AM,1215.9,RHS,Rural,Medarametla,Collision Brush/Side Wipe,,Car,Minor injury,Over speed,Four lanes or more with central divider,Straight road,,Fine,AP16TH   1918,P.V,Animals affected,0
01.08.2018,3:30 AM,1213,RHS,Rural,Medarametla,Overturning,,Truck,Non injury,Fault of driver of motor vehicle/driver of other vehicle/cyclist/pedestrian/passenger,Four lanes or more with central divider,Straight road,,Fine,AP16TW 6649,P.V,Fatal,0
01.08.2018,3:30 AM,1213,RHS,Rural,Medarametla,Overturning,,Truck,Non injury,Fault of driver of motor vehicle/driver of other vehicle/cyclist/pedestrian/passenger,Four lanes or more with central divider,Straight road,,Fine,AP16TW 6649,P.V,Grevious,0
01.08.2018,3:30 AM,1213,RHS,Rural,Medarametla,Overturning,,Truck,Non injury,Fault of driver of motor vehicle/driver of other vehicle/cyclist/pedestrian/passenger,Four lanes or more with central divider,Straight road,,Fine,AP16TW 6649,P.V,Minor,0
01.08.2018,3:30 AM,1213,RHS,Rural,Medarametla,Overturning,,Truck,Non injury,Fault of driver of motor vehicle/driver of other vehicle/cyclist/pedestrian/passenger,Four lanes or more with central divider,Straight road,,Fine,AP16TW 6649,P.V,Non injured,2
01.08.2018,3:30 AM,1213,RHS,Rural,Medarametla,Overturning,,Truck,Non injury,Fault of driver of motor vehicle/driver of other vehicle/cyclist/pedestrian/passenger,Four lanes or more with central divider,Straight road,,Fine,AP16TW 6649,P.V,Animals affected,0
01.08.2018,7:40 AM,1305.5,RHS,Rural,Gudluru,Collision Brush/Side Wipe,,Bus,Non injury,Fault of driver of motor vehicle/driver of other vehicle/cyclist/pedestrian/passenger,Four lanes or more with central divider,Slight curve,,Fine,AP26TE 4329,P.V,Fatal,0
01.08.2018,7:40 AM,1305.5,RHS,Rural,Gudluru,Collision Brush/Side Wipe,,Bus,Non injury,Fault of driver of motor vehicle/driver of other vehicle/cyclist/pedestrian/passenger,Four lanes or more with central divider,Slight curve,,Fine,AP26TE 4329,P.V,Grevious,0
01.08.2018,7:40 AM,1305.5,RHS,Rural,Gudluru,Collision Brush/Side Wipe,,Bus,Non injury,Fault of driver of motor vehicle/driver of other vehicle/cyclist/pedestrian/passenger,Four lanes or more with central divider,Slight curve,,Fine,AP26TE 4329,P.V,Minor,0
01.08.2018,7:40 AM,1305.5,RHS,Rural,Gudluru,Collision Brush/Side Wipe,,Bus,Non injury,Fault of driver of motor vehicle/driver of other vehicle/cyclist/pedestrian/passenger,Four lanes or more with central divider,Slight curve,,Fine,AP26TE 4329,P.V,Non injured,10
01.08.2018,7:40 AM,1305.5,RHS,Rural,Gudluru,Collision Brush/Side Wipe,,Bus,Non injury,Fault of driver of motor vehicle/driver of other vehicle/cyclist/pedestrian/passenger,Four lanes or more with central divider,Slight curve,,Fine,AP26TE 4329,P.V,Animals affected,0
02.08.2018,4:30 PM,1289.5,RHS,Rural,Ulavapadu,Collision Brush/Side Wipe,,Unknown vehicle,Grievious injury,Over speed,Four lanes or more with central divider,Straight road,,Fine,Unknown Vehicle,P.V,Fatal,0