Operational date,Time of Accident,KM && M,Position,Rural/Urban,Location,Nature of Accident Position,Nature of Accident,Vehicle Involved,Type of Accident,Causes,Road Feature,Road condition,Intersection Type And Control,Weather Condition,Vehicle Responsible,Help Provided by Ambulance/Patroling Vehicle,Classification of Accident,No of Affected Persons
02.08.2018,4:30 PM,1289.5,RHS,Rural,Ulavapadu,Collision Brush/Side Wipe,,Unknown vehicle,Grievious injury,Over speed,Four lanes or more with central divider,Straight road,,Fine,Unknown Vehicle,P.V,Grevious,1
02.08.2018,4:30 PM,1289.5,RHS,Rural,Ulavapadu,Collision Brush/Side Wipe,,Unknown vehicle,Grievious injury,Over speed,Four lanes or more with central divider,Straight road,,Fine,Unknown Vehicle,P.V,Minor,0
02.08.2018,4:30 PM,1289.5,RHS,Rural,Ulavapadu,Collision Brush/Side Wipe,,Unknown vehicle,Grievious injury,Over speed,Four lanes or more with central divider,Straight road,,Fine,Unknown Vehicle,P.V,Non injured,1
02.08.2018,4:30 PM,1289.5,RHS,Rural,Ulavapadu,Collision Brush/Side Wipe,,Unknown vehicle,Grievious injury,Over speed,Four lanes or more with central divider,Straight road,,Fine,Unknown Vehicle,P.V,Animals affected,0
03.08.2018,6:30 AM,1308,RHS,Rural,Kavali,Collision Brush/Side Wipe,,Unknown vehicle,Grievious injury,Over speed,Four lanes or more with central divider,Straight road,,Fine,Unknown Vehicle,P.V,Fatal,0
03.08.2018,6:30 AM,1308,RHS,Rural,Kavali,Collision Brush/Side Wipe,,Unknown vehicle,Grievious injury,Over speed,Four lanes or more with central divider,Straight road,,Fine,Unknown Vehicle,P.V,Grevious,1
03.08.2018,6:30 AM,1308,RHS,Rural,Kavali,Collision Brush/Side Wipe,,Unknown vehicle,Grievious injury,Over speed,Four lanes or more with central divider,Straight road,,Fine,Unknown Vehicle,P.V,Minor,1
03.08.2018,6:30 AM,1308,RHS,Rural,Kavali,Collision Brush/Side Wipe,,Unknown vehicle,Grievious injury,Over speed,Four lanes or more with central divider,Straight road,,Fine,Unknown Vehicle,P.V,Non injured,1
03.08.2018,6:30 AM,1308,RHS,Rural,Kavali,Collision Brush/Side Wipe,,Unknown vehicle,Grievious injury,Over speed,Four lanes or more with central divider,Straight road,,Fine,Unknown Vehicle,P.V,Animals affected,0
03.08.2018,7:30 AM,1255.7,RHS,Rural,Tangutur,Overturning,,Truck,Non injury,Fault of driver of motor vehicle/driver of other vehicle/cyclist/pedestrian/passenger,Four lanes or more with central divider,Straight road,,Fine,TN73U    1818,P.V,Fatal,0
03.08.2018,7:30 AM,1255.7,RHS,Rural,Tangutur,Overturning,,Truck,Non injury,Fault of driver of motor vehicle/driver of other vehicle/cyclist/pedestrian/passenger,Four lanes or more with central divider,Straight road,,Fine,TN73U    1818,P.V,Grevious,0
03.08.2018,7:30 AM,1255.7,RHS,Rural,Tangutur,Overturning,,Truck,Non injury,Fault of driver of motor vehicle/driver of other vehicle/cyclist/pedestrian/passenger,Four lanes or more with central divider,Straight road,,Fine,TN73U    1818,P.V,Minor,0
03.08.2018,7:30 AM,1255.7,RHS,Rural,Tangutur,Overturning,,Truck,Non injury,Fault of driver of motor vehicle/driver of other vehicle/cyclist/pedestrian/passenger,Four lanes or more with central divider,Straight road,,Fine,TN73U    1818,P.V,Non injured,1
03.08.2018,7:30 AM,1255.7,RHS,Rural,Tangutur,Overturning,,Truck,Non injury,Fault of driver of motor vehicle/driver of other vehicle/cyclist/pedestrian/passenger,Four lanes or more with central divider,Straight road,,Fine,TN73U    1818,P.V,Animals affected,0
03.08.2018,12:00 PM,1363.9,RHS,Rural,Kovuru,Overturning,,Truck,Non injury,Fault of driver of motor vehicle/driver of other vehicle/cyclist/pedestrian/passenger,Four lanes or more with central divider,Straight road,,Fine,AP07TW   9249,P.V,Fatal,0
03.08.2018,12:00 PM,1363.9,RHS,Rural,Kovuru,Overturning,,Truck,Non injury,Fault of driver of motor vehicle/driver of other vehicle/cyclist/pedestrian/passenger,Four lanes or more with central divider,Straight road,,Fine,AP07TW   9249,P.V,Grevious,0
03.08.2018,12:00 PM,1363.9,RHS,Rural,Kovuru,Overturning,,Truck,Non injury,Fault of driver of motor vehicle/driver of other vehicle/cyclist/pedestrian/passenger,Four lanes or more with central divider,Straight road,,Fine,AP07TW   9249,P.V,Minor,0
03.08.2018,12:00 PM,1363.9,RHS,Rural,Kovuru,Overturning,,Truck,Non injury,Fault of driver of motor vehicle/driver of other vehicle/cyclist/pedestrian/passenger,Four lanes or more with central divider,Straight road,,Fine,AP07TW   9249,P.V,Non injured,1
03.08.2018,12:00 PM,1363.9,RHS,Rural,Kovuru,Overturning,,Truck,Non injury,Fault of driver of motor vehicle/driver of other vehicle/cyclist/pedestrian/passenger,Four lanes or more with central divider,Straight road,,Fine,AP07TW   9249,P.V,Animals affected,0
03.08.2018,4:30 PM,1303.4,RHS,Rural,Gudluru,Overturning,,Car,Non injury,Fault of driver of motor vehicle/driver of other vehicle/cyclist/pedestrian/passenger,Four lanes or more with central divider,Straight road,,Fine,AP027TH   7273,P.V,Fatal,0
03.08.2018,4:30 PM,1303.4,RHS,Rural,Gudluru,Overturning,,Car,Non injury,Fault of driver of motor vehicle/driver of other vehicle/cyclist/pedestrian/passenger,Four lanes or more with central divider,Straight road,,Fine,AP027TH   7273,P.V,Grevious,0
03.08.2018,4:30 PM,1303.4,RHS,Rural,Gudluru,Overturning,,Car,Non injury,Fault of driver of motor vehicle/driver of other vehicle/cyclist/pedestrian/passenger,Four lanes or more with central divider,Straight road,,Fine,AP027TH   7273,P.V,Minor,0
03.08.2018,4:30 PM,1303.4,RHS,Rural,Gudluru,Overturning,,Car,Non injury,Fault of driver of motor vehicle/driver of other vehicle/cyclist/pedestrian/passenger,Four lanes or more with central divider,Straight road,,Fine,AP027TH   7273,P.V,Non injured,1
03.08.2018,4:30 PM,1303.4,RHS,Rural,Gudluru,Overturning,,Car,Non injury,Fault of driver of motor vehicle/driver of other vehicle/cyclist/pedestrian/passenger,Four lanes or more with central divider,Straight road,,Fine,AP027TH   7273,P.V,Animals affected,0
04.08.2018,6:25 AM,1229.3,RHS,Rural,Maddipadu,Collision Brush/Side Wipe,,Truck,Non injury,Fault of driver of motor vehicle/driver of other vehicle/cyclist/pedestrian/passenger,Four lanes or more with central divider,Straight road,,Fine,KA02AF   2682,P.V,Fatal,0
04.08.2018,6:25 AM,1229.3,RHS,Rural,Maddipadu,Collision Brush/Side Wipe,,Truck,Non injury,Fault of driver of motor vehicle/driver of other vehicle/cyclist/pedestrian/passenger,Four lanes or more with central divider,Straight road,,Fine,KA02AF   2682,P.V,Grevious,0
04.08.2018,6:25 AM,1229.3,RHS,Rural,Maddipadu,Collision Brush/Side Wipe,,Truck,Non injury,Fault of driver of motor vehicle/driver of other vehicle/cyclist/pedestrian/passenger,Four lanes or more with central divider,Straight road,,Fine,KA02AF   2682,P.V,Minor,0
04.08.2018,6:25 AM,1229.3,RHS,Rural,Maddipadu,Collision Brush/Side Wipe,,Truck,Non injury,Fault of driver of motor vehicle/driver of other vehicle/cyclist/pedestrian/passenger,Four lanes or more with central divider,Straight road,,Fine,KA02AF   2682,P.V,Non injured,2
04.08.2018,6:25 AM,1229.3,RHS,Rural,Maddipadu,Collision Brush/Side Wipe,,Truck,Non injury,Fault of driver of motor vehicle/driver of other vehicle/cyclist/pedestrian/passenger,Four lanes or more with central divider,Straight road,,Fine,KA02AF   2682,P.V,Animals affected,0
04.08.2018,6:20 PM,1216.9,RHS,Rural,Medarametla,Overturning,,Truck,Non injury,Druken,Four lanes or more with central divider,Straight road,,Fine,AP07TB   1125,P.V,Fatal,0
04.08.2018,6:20 PM,1216.9,RHS,Rural,Medarametla,Overturning,,Truck,Non injury,Druken,Four lanes or more with central divider,Straight road,,Fine,AP07TB   1125,P.V,Grevious,0
04.08.2018,6:20 PM,1216.9,RHS,Rural,Medarametla,Overturning,,Truck,Non injury,Druken,Four lanes or more with central divider,Straight road,,Fine,AP07TB   1125,P.V,Minor,0
04.08.2018,6:20 PM,1216.9,RHS,Rural,Medarametla,Overturning,,Truck,Non injury,Druken,Four lanes or more with central divider,Straight road,,Fine,AP07TB   1125,P.V,Non injured,1
04.08.2018,6:20 PM,1216.9,RHS,Rural,Medarametla,Overturning,,Truck,Non injury,Druken,Four lanes or more with central divider,Straight road,,Fine,AP07TB   1125,P.V,Animals affected,0
05.08.2018,12:40 AM,1348.6,RHS,Rural,Kodavaluru,Rear End Collision,,Trailler,Grievious injury,Fault of driver of motor vehicle/driver of other vehicle/cyclist/pedestrian/passenger,Four lanes or more with central divider,Straight road,,Fine,TN52Y   5063,P.V,Fatal,0
05.08.2018,12:40 AM,1348.6,RHS,Rural,Kodavaluru,Rear End Collision,,Trailler,Grievious injury,Fault of driver of motor vehicle/driver of other vehicle/cyclist/pedestrian/passenger,Four lanes or more with central divider,Straight road,,Fine,TN52Y   5063,P.V,Grevious,1
05.08.2018,12:40 AM,1348.6,RHS,Rural,Kodavaluru,Rear End Collision,,Trailler,Grievious injury,Fault of driver of motor vehicle/driver of other vehicle/cyclist/pedestrian/passenger,Four lanes or more with central divider,Straight road,,Fine,TN52Y   5063,P.V,Minor,0
05.08.2018,12:40 AM,1348.6,RHS,Rural,Kodavaluru,Rear End Collision,,Trailler,Grievious injury,Fault of driver of motor vehicle/driver of other vehicle/cyclist/pedestrian/passenger,Four lanes or more with central divider,Straight road,,Fine,TN52Y   5063,P.V,Non injured,2
05.08.2018,12:40 AM,1348.6,RHS,Rural,Kodavaluru,Rear End Collision,,Trailler,Grievious injury,Fault of driver of motor vehicle/driver of other vehicle/cyclist/pedestrian/passenger,Four lanes or more with central divider,Straight road,,Fine,TN52Y   5063,P.V,Animals affected,0
05.08.2018,2:50 AM,1245.1,RHS,Rural,Ongole,Collision Brush/Side Wipe,,Container,Non injury,Fault of driver of motor vehicle/driver of other vehicle/cyclist/pedestrian/passenger,Four lanes or more with central divider,Straight road,,Fine,HR66A  5451,P.V,Fatal,0
05.08.2018,2:50 AM,1245.1,RHS,Rural,Ongole,Collision Brush/Side Wipe,,Container,Non injury,Fault of driver of motor vehicle/driver of other vehicle/cyclist/pedestrian/passenger,Four lanes or more with central divider,Straight road,,Fine,HR66A  5451,P.V,Grevious,0
05.08.2018,2:50 AM,1245.1,RHS,Rural,Ongole,Collision Brush/Side Wipe,,Container,Non injury,Fault of driver of motor vehicle/driver of other vehicle/cyclist/pedestrian/passenger,Four lanes or more with central divider,Straight road,,Fine,HR66A  5451,P.V,Minor,0
05.08.2018,2:50 AM,1245.1,RHS,Rural,Ongole,Collision Brush/Side Wipe,,Container,Non injury,Fault of driver of motor vehicle/driver of other vehicle/cyclist/pedestrian/passenger,Four lanes or more with central divider,Straight road,,Fine,HR66A  5451,P.V,Non injured,4
05.08.2018,2:50 AM,1245.1,RHS,Rural,Ongole,Collision Brush/Side Wipe,,Container,Non injury,Fault of driver of motor vehicle/driver of other vehicle/cyclist/pedestrian/passenger,Four lanes or more with central divider,Straight road,,Fine,HR66A  5451,P.V,Animals affected,0
05.08.2018,4:50 AM,1364.7,RHS,Rural,Kovuru,Collision Brush/Side Wipe,,Truck,Minor injury,Fault of driver of motor vehicle/driver of other vehicle/cyclist/pedestrian/passenger,Four lanes or more with central divider,Straight road,,Fine,AP057G  3147,A.M.B & P.V,Fatal,0
05.08.2018,4:50 AM,1364.7,RHS,Rural,Kovuru,Collision Brush/Side Wipe,,Truck,Minor injury,Fault of driver of motor vehicle/driver of other vehicle/cyclist/pedestrian/passenger,Four lanes or more with central divider,Straight road,,Fine,AP057G  3147,A.M.B & P.V,Grevious,0
05.08.2018,4:50 AM,1364.7,RHS,Rural,Kovuru,Collision Brush/Side Wipe,,Truck,Minor injury,Fault of driver of motor vehicle/driver of other vehicle/cyclist/pedestrian/passenger,Four lanes or more with central divider,Straight road,,Fine,AP057G  3147,A.M.B & P.V,Minor,2
05.08.2018,4:50 AM,1364.7,RHS,Rural,Kovuru,Collision Brush/Side Wipe,,Truck,Minor injury,Fault of driver of motor vehicle/driver of other vehicle/cyclist/pedestrian/passenger,Four lanes or more with central divider,Straight road,,Fine,AP057G  3147,A.M.B & P.V,Non injured,1
05.08.2018,4:50 AM,1364.7,RHS,Rural,Kovuru,Collision Brush/Side Wipe,,Truck,Minor injury,Fault of driver of motor vehicle/driver of other vehicle/cyclist/pedestrian/passenger,Four lanes or more with central divider,Straight road,,Fine,AP057G  3147,A.M.B & P.V,Animals affected,0
05.08.2018,6:16 PM,1197.6,RHS,Rural,Martur,Others(p1.Specific),,Bike,Grievious injury,Over speed,Four lanes or more with central divider,Straight road,,Fine,AP27BP   4499,A.M.B,Fatal,0
05.08.2018,6:16 PM,1197.6,RHS,Rural,Martur,Others(p1.Specific),,Bike,Grievious injury,Over speed,Four lanes or more with central divider,Straight road,,Fine,AP27BP   4499,A.M.B,Grevious,1
05.08.2018,6:16 PM,1197.6,RHS,Rural,Martur,Others(p1.Specific),,Bike,Grievious injury,Over speed,Four lanes or more with central divider,Straight road,,Fine,AP27BP   4499,A.M.B,Minor,0
05.08.2018,6:16 PM,1197.6,RHS,Rural,Martur,Others(p1.Specific),,Bike,Grievious injury,Over speed,Four lanes or more with central divider,Straight road,,Fine,AP27BP   4499,A.M.B,Non injured,1
05.08.2018,6:16 PM,1197.6,RHS,Rural,Martur,Others(p1.Specific),,Bike,Grievious injury,Over speed,Four lanes or more with central divider,Straight road,,Fine,AP27BP   4499,A.M.B,Animals affected,0
05.08.2018,9:50 PM,1200,RHS,Rural,Reningavaram,Rear End Collision,,Bike,Grievious injury,Fault of driver of motor vehicle/driver of other vehicle/cyclist/pedestrian/passenger,Four lanes or more with central divider,Straight road,,Fine,AP27AR   3471,A.M.B & P.V,Fatal,0
05.08.2018,9:50 PM,1200,RHS,Rural,Reningavaram,Rear End Collision,,Bike,Grievious injury,Fault of driver of motor vehicle/driver of other vehicle/cyclist/pedestrian/passenger,Four lanes or more with central divider,Straight road,,Fine,AP27AR   3471,A.M.B & P.V,Grevious,1
05.08.2018,9:50 PM,1200,RHS,Rural,Reningavaram,Rear End Collision,,Bike,Grievious injury,Fault of driver of motor vehicle/driver of other vehicle/cyclist/pedestrian/passenger,Four lanes or more with central divider,Straight road,,Fine,AP27AR   3471,A.M.B & P.V,Minor,0
05.08.2018,9:50 PM,1200,RHS,Rural,Reningavaram,Rear End Collision,,Bike,Grievious injury,Fault of driver of motor vehicle/driver of other vehicle/cyclist/pedestrian/passenger,Four lanes or more with central divider,Straight road,,Fine,AP27AR   3471,A.M.B & P.V,Non injured,1
05.08.2018,9:50 PM,1200,RHS,Rural,Reningavaram,Rear End Collision,,Bike,Grievious injury,Fault of driver of motor vehicle/driver of other vehicle/cyclist/pedestrian/passenger,Four lanes or more with central divider,Straight road,,Fine,AP27AR   3471,A.M.B & P.V,Animals affected,0
06.08.2018,6:10 AM,1297.1,RHS,Rural,Ulavapadu,Collision Brush/Side Wipe,,Truck,Grievious injury,Vehicle out of control,Four lanes or more with central divider,Straight road,,Fine,AP03TK 2939,P.V,Fatal,0
06.08.2018,6:10 AM,1297.1,RHS,Rural,Ulavapadu,Collision Brush/Side Wipe,,Truck,Grievious injury,Vehicle out of control,Four lanes or more with central divider,Straight road,,Fine,AP03TK 2939,P.V,Grevious,1
06.08.2018,6:10 AM,1297.1,RHS,Rural,Ulavapadu,Collision Brush/Side Wipe,,Truck,Grievious injury,Vehicle out of control,Four lanes or more with central divider,Straight road,,Fine,AP03TK 2939,P.V,Minor,0
06.08.2018,6:10 AM,1297.1,RHS,Rural,Ulavapadu,Collision Brush/Side Wipe,,Truck,Grievious injury,Vehicle out of control,Four lanes or more with central divider,Straight road,,Fine,AP03TK 2939,P.V,Non injured,1
06.08.2018,6:10 AM,1297.1,RHS,Rural,Ulavapadu,Collision Brush/Side Wipe,,Truck,Grievious injury,Vehicle out of control,Four lanes or more with central divider,Straight road,,Fine,AP03TK 2939,P.V,Animals affected,0
06.08.2018,6:40 AM,1361.3,RHS,Rural,Kodavaluru,Overturning,,Truck,Grievious injury,Fault of driver of motor vehicle/driver of other vehicle/cyclist/pedestrian/passenger,Four lanes or more with central divider,Straight road,,Fine,AP16TH 9555,A.M.B & P.V,Fatal,0
06.08.2018,6:40 AM,1361.3,RHS,Rural,Kodavaluru,Overturning,,Truck,Grievious injury,Fault of driver of motor vehicle/driver of other vehicle/cyclist/pedestrian/passenger,Four lanes or more with central divider,Straight road,,Fine,AP16TH 9555,A.M.B & P.V,Grevious,2
06.08.2018,6:40 AM,1361.3,RHS,Rural,Kodavaluru,Overturning,,Truck,Grievious injury,Fault of driver of motor vehicle/driver of other vehicle/cyclist/pedestrian/passenger,Four lanes or more with central divider,Straight road,,Fine,AP16TH 9555,A.M.B & P.V,Minor,0
06.08.2018,6:40 AM,1361.3,RHS,Rural,Kodavaluru,Overturning,,Truck,Grievious injury,Fault of driver of motor vehicle/driver of other vehicle/cyclist/pedestrian/passenger,Four lanes or more with central divider,Straight road,,Fine,AP16TH 9555,A.M.B & P.V,Non injured,0
06.08.2018,6:40 AM,1361.3,RHS,Rural,Kodavaluru,Overturning,,Truck,Grievious injury,Fault of driver of motor vehicle/driver of other vehicle/cyclist/pedestrian/passenger,Four lanes or more with central divider,Straight road,,Fine,AP16TH 9555,A.M.B & P.V,Animals affected,0
06.08.2018,12:25 PM,1297.4,RHS,Rural,Ulavapadu,Collision Brush/Side Wipe,,Car,Minor injury,Fault of driver of motor vehicle/driver of other vehicle/cyclist/pedestrian/passenger,Four lanes or more with central divider,Straight road,T-Junction,Fine,AP03AM 3335,P.V,Fatal,0
06.08.2018,12:25 PM,1297.4,RHS,Rural,Ulavapadu,Collision Brush/Side Wipe,,Car,Minor injury,Fault of driver of motor vehicle/driver of other vehicle/cyclist/pedestrian/passenger,Four lanes or more with central divider,Straight road,T-Junction,Fine,AP03AM 3335,P.V,Grevious,0
06.08.2018,12:25 PM,1297.4,RHS,Rural,Ulavapadu,Collision Brush/Side Wipe,,Car,Minor injury,Fault of driver of motor vehicle/driver of other vehicle/cyclist/pedestrian/passenger,Four lanes or more with central divider,Straight road,T-Junction,Fine,AP03AM 3335,P.V,Minor,1
06.08.2018,12:25 PM,1297.4,RHS,Rural,Ulavapadu,Collision Brush/Side Wipe,,Car,Minor injury,Fault of driver of motor vehicle/driver of other vehicle/cyclist/pedestrian/passenger,Four lanes or more with central divider,Straight road,T-Junction,Fine,AP03AM 3335,P.V,Non injured,4
06.08.2018,12:25 PM,1297.4,RHS,Rural,Ulavapadu,Collision Brush/Side Wipe,,Car,Minor injury,Fault of driver of motor vehicle/driver of other vehicle/cyclist/pedestrian/passenger,Four lanes or more with central divider,Straight road,T-Junction,Fine,AP03AM 3335,P.V,Animals affected,0
06.08.2018,11:25 PM,1257.1,RHS,Rural,Tangutur,Head on collision,,Truck,Non injury,Fault of driver of motor vehicle/driver of other vehicle/cyclist/pedestrian/passenger,Single lane,Straight road,,Fine,AP09T    4756,P.V,Fatal,0
06.08.2018,11:25 PM,1257.1,RHS,Rural,Tangutur,Head on collision,,Truck,Non injury,Fault of driver of motor vehicle/driver of other vehicle/cyclist/pedestrian/passenger,Single lane,Straight road,,Fine,AP09T    4756,P.V,Grevious,0
06.08.2018,11:25 PM,1257.1,RHS,Rural,Tangutur,Head on collision,,Truck,Non injury,Fault of driver of motor vehicle/driver of other vehicle/cyclist/pedestrian/passenger,Single lane,Straight road,,Fine,AP09T    4756,P.V,Minor,0
06.08.2018,11:25 PM,1257.1,RHS,Rural,Tangutur,Head on collision,,Truck,Non injury,Fault of driver of motor vehicle/driver of other vehicle/cyclist/pedestrian/passenger,Single lane,Straight road,,Fine,AP09T    4756,P.V,Non injured,2
06.08.2018,11:25 PM,1257.1,RHS,Rural,Tangutur,Head on collision,,Truck,Non injury,Fault of driver of motor vehicle/driver of other vehicle/cyclist/pedestrian/passenger,Single lane,Straight road,,Fine,AP09T    4756,P.V,Animals affected,0
07.08.2018,8:45 AM,1191.4,RHS,Rural,Martur,Collision Brush/Side Wipe,,Car,Non injury,Over speed,Four lanes or more with central divider,Straight road,,Fine,AP04AU 3739,P.V,Fatal,0
07.08.2018,8:45 AM,1191.4,RHS,Rural,Martur,Collision Brush/Side Wipe,,Car,Non injury,Over speed,Four lanes or more with central divider,Straight road,,Fine,AP04AU 3739,P.V,Grevious,0
07.08.2018,8:45 AM,1191.4,RHS,Rural,Martur,Collision Brush/Side Wipe,,Car,Non injury,Over speed,Four lanes or more with central divider,Straight road,,Fine,AP04AU 3739,P.V,Minor,0
07.08.2018,8:45 AM,1191.4,RHS,Rural,Martur,Collision Brush/Side Wipe,,Car,Non injury,Over speed,Four lanes or more with central divider,Straight road,,Fine,AP04AU 3739,P.V,Non injured,5
07.08.2018,8:45 AM,1191.4,RHS,Rural,Martur,Collision Brush/Side Wipe,,Car,Non injury,Over speed,Four lanes or more with central divider,Straight road,,Fine,AP04AU 3739,P.V,Animals affected,0
07.08.2018,5:18 PM,1260,RHS,Rural,Tangutur,Overturning,,Auto,Grievious injury,Vehicle out of control,Four lanes or more with central divider,Straight road,,Fine,AP27TY 7274,A.M.B & P.V,Fatal,0
07.08.2018,5:18 PM,1260,RHS,Rural,Tangutur,Overturning,,Auto,Grievious injury,Vehicle out of control,Four lanes or more with central divider,Straight road,,Fine,AP27TY 7274,A.M.B & P.V,Grevious,1
07.08.2018,5:18 PM,1260,RHS,Rural,Tangutur,Overturning,,Auto,Grievious injury,Vehicle out of control,Four lanes or more with central divider,Straight road,,Fine,AP27TY 7274,A.M.B & P.V,Minor,1
07.08.2018,5:18 PM,1260,RHS,Rural,Tangutur,Overturning,,Auto,Grievious injury,Vehicle out of control,Four lanes or more with central divider,Straight road,,Fine,AP27TY 7274,A.M.B & P.V,Non injured,3
07.08.2018,5:18 PM,1260,RHS,Rural,Tangutur,Overturning,,Auto,Grievious injury,Vehicle out of control,Four lanes or more with central divider,Straight road,,Fine,AP27TY 7274,A.M.B & P.V,Animals affected,0
08.08.2018,12:35 AM,1246.3,RHS,Rural,Ongole,Collision Brush/Side Wipe,,Truck,Minor injury,Over speed,Four lanes or more with central divider,Straight road,,Fine,TS06VA 5874,P.V,Fatal,0
08.08.2018,12:35 AM,1246.3,RHS,Rural,Ongole,Collision Brush/Side Wipe,,Truck,Minor injury,Over speed,Four lanes or more with central divider,Straight road,,Fine,TS06VA 5874,P.V,Grevious,0
08.08.2018,12:35 AM,1246.3,RHS,Rural,Ongole,Collision Brush/Side Wipe,,Truck,Minor injury,Over speed,Four lanes or more with central divider,Straight road,,Fine,TS06VA 5874,P.V,Minor,1
08.08.2018,12:35 AM,1246.3,RHS,Rural,Ongole,Collision Brush/Side Wipe,,Truck,Minor injury,Over speed,Four lanes or more with central divider,Straight road,,Fine,TS06VA 5874,P.V,Non injured,0
08.08.2018,12:35 AM,1246.3,RHS,Rural,Ongole,Collision Brush/Side Wipe,,Truck,Minor injury,Over speed,Four lanes or more with central divider,Straight road,,Fine,TS06VA 5874,P.V,Animals affected,0
08.08.2018,9:05 AM,1262.5,RHS,Rural,Tangutur,Collision Brush/Side Wipe,,Unknown vehicle,Fatal,Over speed,Four lanes or more with central divider,Straight road,,Fine,Unknown Vehicle,P.V,Fatal,1
08.08.2018,9:05 AM,1262.5,RHS,Rural,Tangutur,Collision Brush/Side Wipe,,Unknown vehicle,Fatal,Over speed,Four lanes or more with central divider,Straight road,,Fine,Unknown Vehicle,P.V,Grevious,0
08.08.2018,9:05 AM,1262.5,RHS,Rural,Tangutur,Collision Brush/Side Wipe,,Unknown vehicle,Fatal,Over speed,Four lanes or more with central divider,Straight road,,Fine,Unknown Vehicle,P.V,Minor,0
08.08.2018,9:05 AM,1262.5,RHS,Rural,Tangutur,Collision Brush/Side Wipe,,Unknown vehicle,Fatal,Over speed,Four lanes or more with central divider,Straight road,,Fine,Unknown Vehicle,P.V,Non injured,0
08.08.2018,9:05 AM,1262.5,RHS,Rural,Tangutur,Collision Brush/Side Wipe,,Unknown vehicle,Fatal,Over speed,Four lanes or more with central divider,Straight road,,Fine,Unknown Vehicle,P.V,Animals affected,0
09.08.2018,4:20 AM,1345.5,RHS,Rural,Dagadarthi,Collision Brush/Side Wipe,,Truck,Minor injury,Fault of driver of motor vehicle/driver of other vehicle/cyclist/pedestrian/passenger,Four lanes or more with central divider,Straight road,,Fine,TN34E    7077,P.V,Fatal,0
09.08.2018,4:20 AM,1345.5,RHS,Rural,Dagadarthi,Collision Brush/Side Wipe,,Truck,Minor injury,Fault of driver of motor vehicle/driver of other vehicle/cyclist/pedestrian/passenger,Four lanes or more with central divider,Straight road,,Fine,TN34E    7077,P.V,Grevious,0
09.08.2018,4:20 AM,1345.5,RHS,Rural,Dagadarthi,Collision Brush/Side Wipe,,Truck,Minor injury,Fault of driver of motor vehicle/driver of other vehicle/cyclist/pedestrian/passenger,Four lanes or more with central divider,Straight road,,Fine,TN34E    7077,P.V,Minor,1
09.08.2018,4:20 AM,1345.5,RHS,Rural,Dagadarthi,Collision Brush/Side Wipe,,Truck,Minor injury,Fault of driver of motor vehicle/driver of other vehicle/cyclist/pedestrian/passenger,Four lanes or more with central divider,Straight road,,Fine,TN34E    7077,P.V,Non injured,0
09.08.2018,4:20 AM,1345.5,RHS,Rural,Dagadarthi,Collision Brush/Side Wipe,,Truck,Minor injury,Fault of driver of motor vehicle/driver of other vehicle/cyclist/pedestrian/passenger,Four lanes or more with central divider,Straight road,,Fine,TN34E    7077,P.V,Animals affected,0
09.08.2018,3:30 PM,1338.3,RHS,Rural,Dagadarthi,Overturning,,Truck,Grievious injury,Defect in mechanical condition of motor vehicle/road condition,Four lanes or more with central divider,Straight road,,Fine,AP26TE   2935,AMB & P.V,Fatal,0
09.08.2018,3:30 PM,1338.3,RHS,Rural,Dagadarthi,Overturning,,Truck,Grievious injury,Defect in mechanical condition of motor vehicle/road condition,Four lanes or more with central divider,Straight road,,Fine,AP26TE   2935,AMB & P.V,Grevious,2
09.08.2018,3:30 PM,1338.3,RHS,Rural,Dagadarthi,Overturning,,Truck,Grievious injury,Defect in mechanical condition of motor vehicle/road condition,Four lanes or more with central divider,Straight road,,Fine,AP26TE   2935,AMB & P.V,Minor,1
09.08.2018,3:30 PM,1338.3,RHS,Rural,Dagadarthi,Overturning,,Truck,Grievious injury,Defect in mechanical condition of motor vehicle/road condition,Four lanes or more with central divider,Straight road,,Fine,AP26TE   2935,AMB & P.V,Non injured,0
09.08.2018,3:30 PM,1338.3,RHS,Rural,Dagadarthi,Overturning,,Truck,Grievious injury,Defect in mechanical condition of motor vehicle/road condition,Four lanes or more with central divider,Straight road,,Fine,AP26TE   2935,AMB & P.V,Animals affected,0
10.08.2018,4:00 AM,1239.5,RHS,Rural,Ongole,Collision Brush/Side Wipe,,Car,Non injury,Over speed,Four lanes or more with central divider,Straight road,,Fine,AP27X   7364,P.V,Fatal,0
10.08.2018,4:00 AM,1239.5,RHS,Rural,Ongole,Collision Brush/Side Wipe,,Car,Non injury,Over speed,Four lanes or more with central divider,Straight road,,Fine,AP27X   7364,P.V,Grevious,0
10.08.2018,4:00 AM,1239.5,RHS,Rural,Ongole,Collision Brush/Side Wipe,,Car,Non injury,Over speed,Four lanes or more with central divider,Straight road,,Fine,AP27X   7364,P.V,Minor,0
10.08.2018,4:00 AM,1239.5,RHS,Rural,Ongole,Collision Brush/Side Wipe,,Car,Non injury,Over speed,Four lanes or more with central divider,Straight road,,Fine,AP27X   7364,P.V,Non injured,1