Operational date,Time of Accident,KM && M,Position,Rural/Urban,Location,Nature of Accident Position,Nature of Accident,Vehicle Involved,Type of Accident,Causes,Road Feature,Road condition,Intersection Type And Control,Weather Condition,Vehicle Responsible,Help Provided by Ambulance/Patroling Vehicle,Classification of Accident,No of Affected Persons
10.08.2018,4:00 AM,1239.5,RHS,Rural,Ongole,Collision Brush/Side Wipe,,Car,Non injury,Over speed,Four lanes or more with central divider,Straight road,,Fine,AP27X   7364,P.V,Animals affected,0
10.08.2018,5:20 AM,1212.3,RHS,Rural,Medarametla,Overturning,,Tata Ace,Non injury,Fault of driver of motor vehicle/driver of other vehicle/cyclist/pedestrian/passenger,Four lanes or more with central divider,Straight road,,Light rain,AP16TX   2904,P.V,Fatal,0
10.08.2018,5:20 AM,1212.3,RHS,Rural,Medarametla,Overturning,,Tata Ace,Non injury,Fault of driver of motor vehicle/driver of other vehicle/cyclist/pedestrian/passenger,Four lanes or more with central divider,Straight road,,Light rain,AP16TX   2904,P.V,Grevious,0
10.08.2018,5:20 AM,1212.3,RHS,Rural,Medarametla,Overturning,,Tata Ace,Non injury,Fault of driver of motor vehicle/driver of other vehicle/cyclist/pedestrian/passenger,Four lanes or more with central divider,Straight road,,Light rain,AP16TX   2904,P.V,Minor,0
10.08.2018,5:20 AM,1212.3,RHS,Rural,Medarametla,Overturning,,Tata Ace,Non injury,Fault of driver of motor vehicle/driver of other vehicle/cyclist/pedestrian/passenger,Four lanes or more with central divider,Straight road,,Light rain,AP16TX   2904,P.V,Non injured,2
10.08.2018,5:20 AM,1212.3,RHS,Rural,Medarametla,Overturning,,Tata Ace,Non injury,Fault of driver of motor vehicle/driver of other vehicle/cyclist/pedestrian/passenger,Four lanes or more with central divider,Straight road,,Light rain,AP16TX   2904,P.V,Animals affected,0
10.08.2018,11:20 PM,1189.7,RHS,Rural,Martur,Collision Brush/Side Wipe,,Car,Non injury,Fault of driver of motor vehicle/driver of other vehicle/cyclist/pedestrian/passenger,Four lanes or more with central divider,Straight road,,Fine,AP27AB   7799,P.V,Fatal,0
10.08.2018,11:20 PM,1189.7,RHS,Rural,Martur,Collision Brush/Side Wipe,,Car,Non injury,Fault of driver of motor vehicle/driver of other vehicle/cyclist/pedestrian/passenger,Four lanes or more with central divider,Straight road,,Fine,AP27AB   7799,P.V,Grevious,0
10.08.2018,11:20 PM,1189.7,RHS,Rural,Martur,Collision Brush/Side Wipe,,Car,Non injury,Fault of driver of motor vehicle/driver of other vehicle/cyclist/pedestrian/passenger,Four lanes or more with central divider,Straight road,,Fine,AP27AB   7799,P.V,Minor,0
10.08.2018,11:20 PM,1189.7,RHS,Rural,Martur,Collision Brush/Side Wipe,,Car,Non injury,Fault of driver of motor vehicle/driver of other vehicle/cyclist/pedestrian/passenger,Four lanes or more with central divider,Straight road,,Fine,AP27AB   7799,P.V,Non injured,5
10.08.2018,11:20 PM,1189.7,RHS,Rural,Martur,Collision Brush/Side Wipe,,Car,Non injury,Fault of driver of motor vehicle/driver of other vehicle/cyclist/pedestrian/passenger,Four lanes or more with central divider,Straight road,,Fine,AP27AB   7799,P.V,Animals affected,0
11.08.2018,1:10 AM,1289.8,RHS,Rural,Ulavapadu,Collision Brush/Side Wipe,,Truck,Non injury,Druken,Four lanes or more with central divider,Straight road,,Light rain,AP16TY    9997,P.V,Fatal,0
11.08.2018,1:10 AM,1289.8,RHS,Rural,Ulavapadu,Collision Brush/Side Wipe,,Truck,Non injury,Druken,Four lanes or more with central divider,Straight road,,Light rain,AP16TY    9997,P.V,Grevious,0
11.08.2018,1:10 AM,1289.8,RHS,Rural,Ulavapadu,Collision Brush/Side Wipe,,Truck,Non injury,Druken,Four lanes or more with central divider,Straight road,,Light rain,AP16TY    9997,P.V,Minor,0
11.08.2018,1:10 AM,1289.8,RHS,Rural,Ulavapadu,Collision Brush/Side Wipe,,Truck,Non injury,Druken,Four lanes or more with central divider,Straight road,,Light rain,AP16TY    9997,P.V,Non injured,1
11.08.2018,1:10 AM,1289.8,RHS,Rural,Ulavapadu,Collision Brush/Side Wipe,,Truck,Non injury,Druken,Four lanes or more with central divider,Straight road,,Light rain,AP16TY    9997,P.V,Animals affected,0
11.08.2018,1:50 AM,1254.8,RHS,Rural,Ongole,Rear End Collision,,Unknown vehicle,Fatal,Over speed,Four lanes or more with central divider,Straight road,,Fine,Unknown Vehicle,P.V,Fatal,1
11.08.2018,1:50 AM,1254.8,RHS,Rural,Ongole,Rear End Collision,,Unknown vehicle,Fatal,Over speed,Four lanes or more with central divider,Straight road,,Fine,Unknown Vehicle,P.V,Grevious,0
11.08.2018,1:50 AM,1254.8,RHS,Rural,Ongole,Rear End Collision,,Unknown vehicle,Fatal,Over speed,Four lanes or more with central divider,Straight road,,Fine,Unknown Vehicle,P.V,Minor,0
11.08.2018,1:50 AM,1254.8,RHS,Rural,Ongole,Rear End Collision,,Unknown vehicle,Fatal,Over speed,Four lanes or more with central divider,Straight road,,Fine,Unknown Vehicle,P.V,Non injured,0
11.08.2018,1:50 AM,1254.8,RHS,Rural,Ongole,Rear End Collision,,Unknown vehicle,Fatal,Over speed,Four lanes or more with central divider,Straight road,,Fine,Unknown Vehicle,P.V,Animals affected,0
11.08.2018,8:35 AM,1346.4,RHS,Rural,Dagadarthi,Overturning,,Container,Minor injury,Over speed,Four lanes or more with central divider,Straight road,,Fine,KA41C    3935,P.V,Fatal,0
11.08.2018,8:35 AM,1346.4,RHS,Rural,Dagadarthi,Overturning,,Container,Minor injury,Over speed,Four lanes or more with central divider,Straight road,,Fine,KA41C    3935,P.V,Grevious,0
11.08.2018,8:35 AM,1346.4,RHS,Rural,Dagadarthi,Overturning,,Container,Minor injury,Over speed,Four lanes or more with central divider,Straight road,,Fine,KA41C    3935,P.V,Minor,2
11.08.2018,8:35 AM,1346.4,RHS,Rural,Dagadarthi,Overturning,,Container,Minor injury,Over speed,Four lanes or more with central divider,Straight road,,Fine,KA41C    3935,P.V,Non injured,0
11.08.2018,8:35 AM,1346.4,RHS,Rural,Dagadarthi,Overturning,,Container,Minor injury,Over speed,Four lanes or more with central divider,Straight road,,Fine,KA41C    3935,P.V,Animals affected,0
11.08.2018,8:15 PM,1326,RHS,Rural,Kavali,Collision Brush/Side Wipe,,Unknown vehicle,Minor injury,Fault of driver of motor vehicle/driver of other vehicle/cyclist/pedestrian/passenger,Four lanes or more with central divider,Straight road,,Fine,Unknown Vehicle,A.M.B,Fatal,0
11.08.2018,8:15 PM,1326,RHS,Rural,Kavali,Collision Brush/Side Wipe,,Unknown vehicle,Minor injury,Fault of driver of motor vehicle/driver of other vehicle/cyclist/pedestrian/passenger,Four lanes or more with central divider,Straight road,,Fine,Unknown Vehicle,A.M.B,Grevious,0
11.08.2018,8:15 PM,1326,RHS,Rural,Kavali,Collision Brush/Side Wipe,,Unknown vehicle,Minor injury,Fault of driver of motor vehicle/driver of other vehicle/cyclist/pedestrian/passenger,Four lanes or more with central divider,Straight road,,Fine,Unknown Vehicle,A.M.B,Minor,1
11.08.2018,8:15 PM,1326,RHS,Rural,Kavali,Collision Brush/Side Wipe,,Unknown vehicle,Minor injury,Fault of driver of motor vehicle/driver of other vehicle/cyclist/pedestrian/passenger,Four lanes or more with central divider,Straight road,,Fine,Unknown Vehicle,A.M.B,Non injured,1
11.08.2018,8:15 PM,1326,RHS,Rural,Kavali,Collision Brush/Side Wipe,,Unknown vehicle,Minor injury,Fault of driver of motor vehicle/driver of other vehicle/cyclist/pedestrian/passenger,Four lanes or more with central divider,Straight road,,Fine,Unknown Vehicle,A.M.B,Animals affected,0
12.08.2018,6:17 AM,1225.9,RHS,Rural,Maddipadu,Rear End Collision,,Truck,Fatal,Fault of driver of motor vehicle/driver of other vehicle/cyclist/pedestrian/passenger,Four lanes or more with central divider,Straight road,,Fine,AP26TE   3779,A.M.B & P.V,Fatal,2
12.08.2018,6:17 AM,1225.9,RHS,Rural,Maddipadu,Rear End Collision,,Truck,Fatal,Fault of driver of motor vehicle/driver of other vehicle/cyclist/pedestrian/passenger,Four lanes or more with central divider,Straight road,,Fine,AP26TE   3779,A.M.B & P.V,Grevious,0
12.08.2018,6:17 AM,1225.9,RHS,Rural,Maddipadu,Rear End Collision,,Truck,Fatal,Fault of driver of motor vehicle/driver of other vehicle/cyclist/pedestrian/passenger,Four lanes or more with central divider,Straight road,,Fine,AP26TE   3779,A.M.B & P.V,Minor,1
12.08.2018,6:17 AM,1225.9,RHS,Rural,Maddipadu,Rear End Collision,,Truck,Fatal,Fault of driver of motor vehicle/driver of other vehicle/cyclist/pedestrian/passenger,Four lanes or more with central divider,Straight road,,Fine,AP26TE   3779,A.M.B & P.V,Non injured,1
12.08.2018,6:17 AM,1225.9,RHS,Rural,Maddipadu,Rear End Collision,,Truck,Fatal,Fault of driver of motor vehicle/driver of other vehicle/cyclist/pedestrian/passenger,Four lanes or more with central divider,Straight road,,Fine,AP26TE   3779,A.M.B & P.V,Animals affected,0
13.08.2018,4:20 AM,1241.3,RHS,Rural,Ongole,Collision Brush/Side Wipe,,Truck,Minor injury,Fault of driver of motor vehicle/driver of other vehicle/cyclist/pedestrian/passenger,Four lanes or more with central divider,Straight road,,Light rain,TN18A   2066,P.V,Fatal,0
13.08.2018,4:20 AM,1241.3,RHS,Rural,Ongole,Collision Brush/Side Wipe,,Truck,Minor injury,Fault of driver of motor vehicle/driver of other vehicle/cyclist/pedestrian/passenger,Four lanes or more with central divider,Straight road,,Light rain,TN18A   2066,P.V,Grevious,0
13.08.2018,4:20 AM,1241.3,RHS,Rural,Ongole,Collision Brush/Side Wipe,,Truck,Minor injury,Fault of driver of motor vehicle/driver of other vehicle/cyclist/pedestrian/passenger,Four lanes or more with central divider,Straight road,,Light rain,TN18A   2066,P.V,Minor,1
13.08.2018,4:20 AM,1241.3,RHS,Rural,Ongole,Collision Brush/Side Wipe,,Truck,Minor injury,Fault of driver of motor vehicle/driver of other vehicle/cyclist/pedestrian/passenger,Four lanes or more with central divider,Straight road,,Light rain,TN18A   2066,P.V,Non injured,0
13.08.2018,4:20 AM,1241.3,RHS,Rural,Ongole,Collision Brush/Side Wipe,,Truck,Minor injury,Fault of driver of motor vehicle/driver of other vehicle/cyclist/pedestrian/passenger,Four lanes or more with central divider,Straight road,,Light rain,TN18A   2066,P.V,Animals affected,0
15.08.2018,4:15 AM,1353.5,RHS,Rural,Kodavaluru,Overturning,,Car,Non injury,Fault of driver of motor vehicle/driver of other vehicle/cyclist/pedestrian/passenger,Four lanes or more with central divider,Straight road,,Fine,KA05ML 3571,P.V,Fatal,0
15.08.2018,4:15 AM,1353.5,RHS,Rural,Kodavaluru,Overturning,,Car,Non injury,Fault of driver of motor vehicle/driver of other vehicle/cyclist/pedestrian/passenger,Four lanes or more with central divider,Straight road,,Fine,KA05ML 3571,P.V,Grevious,0
15.08.2018,4:15 AM,1353.5,RHS,Rural,Kodavaluru,Overturning,,Car,Non injury,Fault of driver of motor vehicle/driver of other vehicle/cyclist/pedestrian/passenger,Four lanes or more with central divider,Straight road,,Fine,KA05ML 3571,P.V,Minor,0
15.08.2018,4:15 AM,1353.5,RHS,Rural,Kodavaluru,Overturning,,Car,Non injury,Fault of driver of motor vehicle/driver of other vehicle/cyclist/pedestrian/passenger,Four lanes or more with central divider,Straight road,,Fine,KA05ML 3571,P.V,Non injured,4
15.08.2018,4:15 AM,1353.5,RHS,Rural,Kodavaluru,Overturning,,Car,Non injury,Fault of driver of motor vehicle/driver of other vehicle/cyclist/pedestrian/passenger,Four lanes or more with central divider,Straight road,,Fine,KA05ML 3571,P.V,Animals affected,0
17.08.2018,5:10 AM,1330,RHS,Rural,Kavali,Rear End Collision,,Truck,Minor injury,Fault of driver of motor vehicle/driver of other vehicle/cyclist/pedestrian/passenger,Four lanes or more with central divider,Straight road,,Fine,AP07TA 6743,A.M.B & P.V,Fatal,0
17.08.2018,5:10 AM,1330,RHS,Rural,Kavali,Rear End Collision,,Truck,Minor injury,Fault of driver of motor vehicle/driver of other vehicle/cyclist/pedestrian/passenger,Four lanes or more with central divider,Straight road,,Fine,AP07TA 6743,A.M.B & P.V,Grevious,0
17.08.2018,5:10 AM,1330,RHS,Rural,Kavali,Rear End Collision,,Truck,Minor injury,Fault of driver of motor vehicle/driver of other vehicle/cyclist/pedestrian/passenger,Four lanes or more with central divider,Straight road,,Fine,AP07TA 6743,A.M.B & P.V,Minor,1
17.08.2018,5:10 AM,1330,RHS,Rural,Kavali,Rear End Collision,,Truck,Minor injury,Fault of driver of motor vehicle/driver of other vehicle/cyclist/pedestrian/passenger,Four lanes or more with central divider,Straight road,,Fine,AP07TA 6743,A.M.B & P.V,Non injured,2
17.08.2018,5:10 AM,1330,RHS,Rural,Kavali,Rear End Collision,,Truck,Minor injury,Fault of driver of motor vehicle/driver of other vehicle/cyclist/pedestrian/passenger,Four lanes or more with central divider,Straight road,,Fine,AP07TA 6743,A.M.B & P.V,Animals affected,0
17.08.2018,5:28 PM,1200,RHS,Rural,Martur,Collision Brush/Side Wipe,,Bike,Minor injury,Fault of driver of motor vehicle/driver of other vehicle/cyclist/pedestrian/passenger,Four lanes or more with central divider,Straight road,,Fine,AP07BU 0650,A.M.B & P.V,Fatal,0
17.08.2018,5:28 PM,1200,RHS,Rural,Martur,Collision Brush/Side Wipe,,Bike,Minor injury,Fault of driver of motor vehicle/driver of other vehicle/cyclist/pedestrian/passenger,Four lanes or more with central divider,Straight road,,Fine,AP07BU 0650,A.M.B & P.V,Grevious,0
17.08.2018,5:28 PM,1200,RHS,Rural,Martur,Collision Brush/Side Wipe,,Bike,Minor injury,Fault of driver of motor vehicle/driver of other vehicle/cyclist/pedestrian/passenger,Four lanes or more with central divider,Straight road,,Fine,AP07BU 0650,A.M.B & P.V,Minor,2
17.08.2018,5:28 PM,1200,RHS,Rural,Martur,Collision Brush/Side Wipe,,Bike,Minor injury,Fault of driver of motor vehicle/driver of other vehicle/cyclist/pedestrian/passenger,Four lanes or more with central divider,Straight road,,Fine,AP07BU 0650,A.M.B & P.V,Non injured,4
17.08.2018,5:28 PM,1200,RHS,Rural,Martur,Collision Brush/Side Wipe,,Bike,Minor injury,Fault of driver of motor vehicle/driver of other vehicle/cyclist/pedestrian/passenger,Four lanes or more with central divider,Straight road,,Fine,AP07BU 0650,A.M.B & P.V,Animals affected,0
18.08.2018,2:00 AM,1306.2,RHS,Rural,Gudluru,Overturning,,Car,Minor injury,Defect in mechanical condition of motor vehicle/road condition,Four lanes or more with central divider,Straight road,,Fine,TN57Q   1285,A.M.B & P.V,Fatal,0
18.08.2018,2:00 AM,1306.2,RHS,Rural,Gudluru,Overturning,,Car,Minor injury,Defect in mechanical condition of motor vehicle/road condition,Four lanes or more with central divider,Straight road,,Fine,TN57Q   1285,A.M.B & P.V,Grevious,0
18.08.2018,2:00 AM,1306.2,RHS,Rural,Gudluru,Overturning,,Car,Minor injury,Defect in mechanical condition of motor vehicle/road condition,Four lanes or more with central divider,Straight road,,Fine,TN57Q   1285,A.M.B & P.V,Minor,1
18.08.2018,2:00 AM,1306.2,RHS,Rural,Gudluru,Overturning,,Car,Minor injury,Defect in mechanical condition of motor vehicle/road condition,Four lanes or more with central divider,Straight road,,Fine,TN57Q   1285,A.M.B & P.V,Non injured,2
18.08.2018,2:00 AM,1306.2,RHS,Rural,Gudluru,Overturning,,Car,Minor injury,Defect in mechanical condition of motor vehicle/road condition,Four lanes or more with central divider,Straight road,,Fine,TN57Q   1285,A.M.B & P.V,Animals affected,0
18.08.2018,6:20 PM,1270.7,RHS,Rural,Jarugumalli,Collision Brush/Side Wipe,,Truck,Non injury,Over speed,Four lanes or more with central divider,Straight road,,Fine,TN34K   1978, P.V,Fatal,0
18.08.2018,6:20 PM,1270.7,RHS,Rural,Jarugumalli,Collision Brush/Side Wipe,,Truck,Non injury,Over speed,Four lanes or more with central divider,Straight road,,Fine,TN34K   1978, P.V,Grevious,0
18.08.2018,6:20 PM,1270.7,RHS,Rural,Jarugumalli,Collision Brush/Side Wipe,,Truck,Non injury,Over speed,Four lanes or more with central divider,Straight road,,Fine,TN34K   1978, P.V,Minor,0
18.08.2018,6:20 PM,1270.7,RHS,Rural,Jarugumalli,Collision Brush/Side Wipe,,Truck,Non injury,Over speed,Four lanes or more with central divider,Straight road,,Fine,TN34K   1978, P.V,Non injured,3
18.08.2018,6:20 PM,1270.7,RHS,Rural,Jarugumalli,Collision Brush/Side Wipe,,Truck,Non injury,Over speed,Four lanes or more with central divider,Straight road,,Fine,TN34K   1978, P.V,Animals affected,0
19.08.2018,4:40 AM,1286.3,RHS,Rural,Ulavapadu,Collision Brush/Side Wipe,,Car,Non injury,Fault of driver of motor vehicle/driver of other vehicle/cyclist/pedestrian/passenger,Four lanes or more with central divider,Straight road,,Fine,AP16DA   6869 , P.V,Fatal,0
19.08.2018,4:40 AM,1286.3,RHS,Rural,Ulavapadu,Collision Brush/Side Wipe,,Car,Non injury,Fault of driver of motor vehicle/driver of other vehicle/cyclist/pedestrian/passenger,Four lanes or more with central divider,Straight road,,Fine,AP16DA   6869 , P.V,Grevious,0
19.08.2018,4:40 AM,1286.3,RHS,Rural,Ulavapadu,Collision Brush/Side Wipe,,Car,Non injury,Fault of driver of motor vehicle/driver of other vehicle/cyclist/pedestrian/passenger,Four lanes or more with central divider,Straight road,,Fine,AP16DA   6869 , P.V,Minor,0
19.08.2018,4:40 AM,1286.3,RHS,Rural,Ulavapadu,Collision Brush/Side Wipe,,Car,Non injury,Fault of driver of motor vehicle/driver of other vehicle/cyclist/pedestrian/passenger,Four lanes or more with central divider,Straight road,,Fine,AP16DA   6869 , P.V,Non injured,3
19.08.2018,4:40 AM,1286.3,RHS,Rural,Ulavapadu,Collision Brush/Side Wipe,,Car,Non injury,Fault of driver of motor vehicle/driver of other vehicle/cyclist/pedestrian/passenger,Four lanes or more with central divider,Straight road,,Fine,AP16DA   6869 , P.V,Animals affected,0
19.08.2018,5:00 AM,1264.6,RHS,Rural,Tangutur,Overturning,,Auto,Grievious injury,Over speed,Four lanes or more with central divider,Straight road,,Fine,AP27TY    2450,A.M.B,Fatal,0
19.08.2018,5:00 AM,1264.6,RHS,Rural,Tangutur,Overturning,,Auto,Grievious injury,Over speed,Four lanes or more with central divider,Straight road,,Fine,AP27TY    2450,A.M.B,Grevious,1
19.08.2018,5:00 AM,1264.6,RHS,Rural,Tangutur,Overturning,,Auto,Grievious injury,Over speed,Four lanes or more with central divider,Straight road,,Fine,AP27TY    2450,A.M.B,Minor,2
19.08.2018,5:00 AM,1264.6,RHS,Rural,Tangutur,Overturning,,Auto,Grievious injury,Over speed,Four lanes or more with central divider,Straight road,,Fine,AP27TY    2450,A.M.B,Non injured,5
19.08.2018,5:00 AM,1264.6,RHS,Rural,Tangutur,Overturning,,Auto,Grievious injury,Over speed,Four lanes or more with central divider,Straight road,,Fine,AP27TY    2450,A.M.B,Animals affected,0
19.08.2018,6:00 AM,1219.6,RHS,Rural,Medarametla,Overturning,,LGV,Non injury,Defect in mechanical condition of motor vehicle/road condition,Four lanes or more with central divider,Straight road,,Fine,AP05DR    2453,P.V,Fatal,0
19.08.2018,6:00 AM,1219.6,RHS,Rural,Medarametla,Overturning,,LGV,Non injury,Defect in mechanical condition of motor vehicle/road condition,Four lanes or more with central divider,Straight road,,Fine,AP05DR    2453,P.V,Grevious,0
19.08.2018,6:00 AM,1219.6,RHS,Rural,Medarametla,Overturning,,LGV,Non injury,Defect in mechanical condition of motor vehicle/road condition,Four lanes or more with central divider,Straight road,,Fine,AP05DR    2453,P.V,Minor,0
19.08.2018,6:00 AM,1219.6,RHS,Rural,Medarametla,Overturning,,LGV,Non injury,Defect in mechanical condition of motor vehicle/road condition,Four lanes or more with central divider,Straight road,,Fine,AP05DR    2453,P.V,Non injured,2
19.08.2018,6:00 AM,1219.6,RHS,Rural,Medarametla,Overturning,,LGV,Non injury,Defect in mechanical condition of motor vehicle/road condition,Four lanes or more with central divider,Straight road,,Fine,AP05DR    2453,P.V,Animals affected,0
19.08.2018,7:00 AM,1218.1,RHS,Rural,Medarametla,Collision Brush/Side Wipe,,Bike,Grievious injury,Over speed,Four lanes or more with central divider,Straight road,,Fine,AP26BH   8668, P.V,Fatal,0
19.08.2018,7:00 AM,1218.1,RHS,Rural,Medarametla,Collision Brush/Side Wipe,,Bike,Grievious injury,Over speed,Four lanes or more with central divider,Straight road,,Fine,AP26BH   8668, P.V,Grevious,1
19.08.2018,7:00 AM,1218.1,RHS,Rural,Medarametla,Collision Brush/Side Wipe,,Bike,Grievious injury,Over speed,Four lanes or more with central divider,Straight road,,Fine,AP26BH   8668, P.V,Minor,0
19.08.2018,7:00 AM,1218.1,RHS,Rural,Medarametla,Collision Brush/Side Wipe,,Bike,Grievious injury,Over speed,Four lanes or more with central divider,Straight road,,Fine,AP26BH   8668, P.V,Non injured,0
19.08.2018,7:00 AM,1218.1,RHS,Rural,Medarametla,Collision Brush/Side Wipe,,Bike,Grievious injury,Over speed,Four lanes or more with central divider,Straight road,,Fine,AP26BH   8668, P.V,Animals affected,0
20.08.2018,8:30 AM,1212.3,RHS,Rural,Medarametla,Collision Brush/Side Wipe,,Car,Non injury,Fault of driver of motor vehicle/driver of other vehicle/cyclist/pedestrian/passenger,Four lanes or more with central divider,Straight road,,Fine,AP09CB 8950, P.V,Fatal,0
20.08.2018,8:30 AM,1212.3,RHS,Rural,Medarametla,Collision Brush/Side Wipe,,Car,Non injury,Fault of driver of motor vehicle/driver of other vehicle/cyclist/pedestrian/passenger,Four lanes or more with central divider,Straight road,,Fine,AP09CB 8950, P.V,Grevious,0
20.08.2018,8:30 AM,1212.3,RHS,Rural,Medarametla,Collision Brush/Side Wipe,,Car,Non injury,Fault of driver of motor vehicle/driver of other vehicle/cyclist/pedestrian/passenger,Four lanes or more with central divider,Straight road,,Fine,AP09CB 8950, P.V,Minor,0
20.08.2018,8:30 AM,1212.3,RHS,Rural,Medarametla,Collision Brush/Side Wipe,,Car,Non injury,Fault of driver of motor vehicle/driver of other vehicle/cyclist/pedestrian/passenger,Four lanes or more with central divider,Straight road,,Fine,AP09CB 8950, P.V,Non injured,1
20.08.2018,8:30 AM,1212.3,RHS,Rural,Medarametla,Collision Brush/Side Wipe,,Car,Non injury,Fault of driver of motor vehicle/driver of other vehicle/cyclist/pedestrian/passenger,Four lanes or more with central divider,Straight road,,Fine,AP09CB 8950, P.V,Animals affected,0
20.08.2018,5:43 PM,1325.4,RHS,Rural,Kavali,Overturning,,Car,Minor injury,Over speed,Four lanes or more with central divider,Straight road,,Fine,AP27BG 6659,A.M.B & P.V,Fatal,0
20.08.2018,5:43 PM,1325.4,RHS,Rural,Kavali,Overturning,,Car,Minor injury,Over speed,Four lanes or more with central divider,Straight road,,Fine,AP27BG 6659,A.M.B & P.V,Grevious,0
20.08.2018,5:43 PM,1325.4,RHS,Rural,Kavali,Overturning,,Car,Minor injury,Over speed,Four lanes or more with central divider,Straight road,,Fine,AP27BG 6659,A.M.B & P.V,Minor,2
20.08.2018,5:43 PM,1325.4,RHS,Rural,Kavali,Overturning,,Car,Minor injury,Over speed,Four lanes or more with central divider,Straight road,,Fine,AP27BG 6659,A.M.B & P.V,Non injured,3
20.08.2018,5:43 PM,1325.4,RHS,Rural,Kavali,Overturning,,Car,Minor injury,Over speed,Four lanes or more with central divider,Straight road,,Fine,AP27BG 6659,A.M.B & P.V,Animals affected,0
20.08.2018,8:10 PM,1230,RHS,Rural,Maddipadu,Collision Brush/Side Wipe,,Container,Non injury,Over speed,Four lanes or more with central divider,Straight road,,Fine,KA01AG   8016,P.V,Fatal,0
20.08.2018,8:10 PM,1230,RHS,Rural,Maddipadu,Collision Brush/Side Wipe,,Container,Non injury,Over speed,Four lanes or more with central divider,Straight road,,Fine,KA01AG   8016,P.V,Grevious,0
20.08.2018,8:10 PM,1230,RHS,Rural,Maddipadu,Collision Brush/Side Wipe,,Container,Non injury,Over speed,Four lanes or more with central divider,Straight road,,Fine,KA01AG   8016,P.V,Minor,0
20.08.2018,8:10 PM,1230,RHS,Rural,Maddipadu,Collision Brush/Side Wipe,,Container,Non injury,Over speed,Four lanes or more with central divider,Straight road,,Fine,KA01AG   8016,P.V,Non injured,3
20.08.2018,8:10 PM,1230,RHS,Rural,Maddipadu,Collision Brush/Side Wipe,,Container,Non injury,Over speed,Four lanes or more with central divider,Straight road,,Fine,KA01AG   8016,P.V,Animals affected,0
21.08.2018,12:25 AM,1328.5,RHS,Rural,Kavali,Collision Brush/Side Wipe,,Unknown vehicle,Non injury,Over speed,Four lanes or more with central divider,Straight road,,Fine,Unknown Vehicle, P.V,Fatal,0
21.08.2018,12:25 AM,1328.5,RHS,Rural,Kavali,Collision Brush/Side Wipe,,Unknown vehicle,Non injury,Over speed,Four lanes or more with central divider,Straight road,,Fine,Unknown Vehicle, P.V,Grevious,0
21.08.2018,12:25 AM,1328.5,RHS,Rural,Kavali,Collision Brush/Side Wipe,,Unknown vehicle,Non injury,Over speed,Four lanes or more with central divider,Straight road,,Fine,Unknown Vehicle, P.V,Minor,0
21.08.2018,12:25 AM,1328.5,RHS,Rural,Kavali,Collision Brush/Side Wipe,,Unknown vehicle,Non injury,Over speed,Four lanes or more with central divider,Straight road,,Fine,Unknown Vehicle, P.V,Non injured,1
21.08.2018,12:25 AM,1328.5,RHS,Rural,Kavali,Collision Brush/Side Wipe,,Unknown vehicle,Non injury,Over speed,Four lanes or more with central divider,Straight road,,Fine,Unknown Vehicle, P.V,Animals affected,1
21.08.2018,7:05 AM,1248,RHS,Rural,Ongole,Collision Brush/Side Wipe,,Tanker,Non injury,Over speed,Four lanes or more with central divider,Straight road,,Fine,AP31TF 5188, P.V,Fatal,0
21.08.2018,7:05 AM,1248,RHS,Rural,Ongole,Collision Brush/Side Wipe,,Tanker,Non injury,Over speed,Four lanes or more with central divider,Straight road,,Fine,AP31TF 5188, P.V,Grevious,0
21.08.2018,7:05 AM,1248,RHS,Rural,Ongole,Collision Brush/Side Wipe,,Tanker,Non injury,Over speed,Four lanes or more with central divider,Straight road,,Fine,AP31TF 5188, P.V,Minor,0
21.08.2018,7:05 AM,1248,RHS,Rural,Ongole,Collision Brush/Side Wipe,,Tanker,Non injury,Over speed,Four lanes or more with central divider,Straight road,,Fine,AP31TF 5188, P.V,Non injured,2
21.08.2018,7:05 AM,1248,RHS,Rural,Ongole,Collision Brush/Side Wipe,,Tanker,Non injury,Over speed,Four lanes or more with central divider,Straight road,,Fine,AP31TF 5188, P.V,Animals affected,0
21.08.2018,4:30 PM,1296,RHS,Rural,Ulavapadu,Overturning,,Car,Minor injury,Defect in mechanical condition of motor vehicle/road condition,Four lanes or more with central divider,Straight road,,Fine,KA05MM   4605,P.V,Fatal,0
21.08.2018,4:30 PM,1296,RHS,Rural,Ulavapadu,Overturning,,Car,Minor injury,Defect in mechanical condition of motor vehicle/road condition,Four lanes or more with central divider,Straight road,,Fine,KA05MM   4605,P.V,Grevious,0
21.08.2018,4:30 PM,1296,RHS,Rural,Ulavapadu,Overturning,,Car,Minor injury,Defect in mechanical condition of motor vehicle/road condition,Four lanes or more with central divider,Straight road,,Fine,KA05MM   4605,P.V,Minor,1
21.08.2018,4:30 PM,1296,RHS,Rural,Ulavapadu,Overturning,,Car,Minor injury,Defect in mechanical condition of motor vehicle/road condition,Four lanes or more with central divider,Straight road,,Fine,KA05MM   4605,P.V,Non injured,0