Operational date,Time of Accident,KM && M,Position,Rural/Urban,Location,Nature of Accident Position,Nature of Accident,Vehicle Involved,Type of Accident,Causes,Road Feature,Road condition,Intersection Type And Control,Weather Condition,Vehicle Responsible,Help Provided by Ambulance/Patroling Vehicle,Classification of Accident,No of Affected Persons
21.08.2018,4:30 PM,1296,RHS,Rural,Ulavapadu,Overturning,,Car,Minor injury,Defect in mechanical condition of motor vehicle/road condition,Four lanes or more with central divider,Straight road,,Fine,KA05MM   4605,P.V,Animals affected,0
22.08.2018,2:00 AM,1314.8,RHS,Rural,Kavali,Rear End Collision,,Truck,Minor injury,Fault of driver of motor vehicle/driver of other vehicle/cyclist/pedestrian/passenger,Four lanes or more with central divider,Straight road,,Fine,AP26TT 4223, P.V,Fatal,0
22.08.2018,2:00 AM,1314.8,RHS,Rural,Kavali,Rear End Collision,,Truck,Minor injury,Fault of driver of motor vehicle/driver of other vehicle/cyclist/pedestrian/passenger,Four lanes or more with central divider,Straight road,,Fine,AP26TT 4223, P.V,Grevious,0
22.08.2018,2:00 AM,1314.8,RHS,Rural,Kavali,Rear End Collision,,Truck,Minor injury,Fault of driver of motor vehicle/driver of other vehicle/cyclist/pedestrian/passenger,Four lanes or more with central divider,Straight road,,Fine,AP26TT 4223, P.V,Minor,1
22.08.2018,2:00 AM,1314.8,RHS,Rural,Kavali,Rear End Collision,,Truck,Minor injury,Fault of driver of motor vehicle/driver of other vehicle/cyclist/pedestrian/passenger,Four lanes or more with central divider,Straight road,,Fine,AP26TT 4223, P.V,Non injured,1
22.08.2018,2:00 AM,1314.8,RHS,Rural,Kavali,Rear End Collision,,Truck,Minor injury,Fault of driver of motor vehicle/driver of other vehicle/cyclist/pedestrian/passenger,Four lanes or more with central divider,Straight road,,Fine,AP26TT 4223, P.V,Animals affected,0
22.08.2018,12:00 PM,1188.8,RHS,Rural,Martur,Head on collision,,Bike,Grievious injury,Druken,Two lanes,Straight road,,Fine,AP07CO 3726,A.M.B,Fatal,0
22.08.2018,12:00 PM,1188.8,RHS,Rural,Martur,Head on collision,,Bike,Grievious injury,Druken,Two lanes,Straight road,,Fine,AP07CO 3726,A.M.B,Grevious,1
22.08.2018,12:00 PM,1188.8,RHS,Rural,Martur,Head on collision,,Bike,Grievious injury,Druken,Two lanes,Straight road,,Fine,AP07CO 3726,A.M.B,Minor,1
22.08.2018,12:00 PM,1188.8,RHS,Rural,Martur,Head on collision,,Bike,Grievious injury,Druken,Two lanes,Straight road,,Fine,AP07CO 3726,A.M.B,Non injured,0
22.08.2018,12:00 PM,1188.8,RHS,Rural,Martur,Head on collision,,Bike,Grievious injury,Druken,Two lanes,Straight road,,Fine,AP07CO 3726,A.M.B,Animals affected,0
22.08.2018,9:15 PM,1202.3,RHS,Rural,Reningavaram,Collision Brush/Side Wipe,,Bus,Non injury,Fault of driver of motor vehicle/driver of other vehicle/cyclist/pedestrian/passenger,Four lanes or more with central divider,Straight road,,Fine,AP27TT 8631,P.V,Fatal,0
22.08.2018,9:15 PM,1202.3,RHS,Rural,Reningavaram,Collision Brush/Side Wipe,,Bus,Non injury,Fault of driver of motor vehicle/driver of other vehicle/cyclist/pedestrian/passenger,Four lanes or more with central divider,Straight road,,Fine,AP27TT 8631,P.V,Grevious,0
22.08.2018,9:15 PM,1202.3,RHS,Rural,Reningavaram,Collision Brush/Side Wipe,,Bus,Non injury,Fault of driver of motor vehicle/driver of other vehicle/cyclist/pedestrian/passenger,Four lanes or more with central divider,Straight road,,Fine,AP27TT 8631,P.V,Minor,0
22.08.2018,9:15 PM,1202.3,RHS,Rural,Reningavaram,Collision Brush/Side Wipe,,Bus,Non injury,Fault of driver of motor vehicle/driver of other vehicle/cyclist/pedestrian/passenger,Four lanes or more with central divider,Straight road,,Fine,AP27TT 8631,P.V,Non injured,27
22.08.2018,9:15 PM,1202.3,RHS,Rural,Reningavaram,Collision Brush/Side Wipe,,Bus,Non injury,Fault of driver of motor vehicle/driver of other vehicle/cyclist/pedestrian/passenger,Four lanes or more with central divider,Straight road,,Fine,AP27TT 8631,P.V,Animals affected,0
23.08.2018,4:05 AM,1298.3,RHS,Rural,Ulavapadu,Rear End Collision,, Tempo Van,Minor injury,Over speed,Four lanes or more with central divider,Straight road,,Fine,AP29TB 5141, P.V,Fatal,0
23.08.2018,4:05 AM,1298.3,RHS,Rural,Ulavapadu,Rear End Collision,, Tempo Van,Minor injury,Over speed,Four lanes or more with central divider,Straight road,,Fine,AP29TB 5141, P.V,Grevious,0
23.08.2018,4:05 AM,1298.3,RHS,Rural,Ulavapadu,Rear End Collision,, Tempo Van,Minor injury,Over speed,Four lanes or more with central divider,Straight road,,Fine,AP29TB 5141, P.V,Minor,3
23.08.2018,4:05 AM,1298.3,RHS,Rural,Ulavapadu,Rear End Collision,, Tempo Van,Minor injury,Over speed,Four lanes or more with central divider,Straight road,,Fine,AP29TB 5141, P.V,Non injured,9
23.08.2018,4:05 AM,1298.3,RHS,Rural,Ulavapadu,Rear End Collision,, Tempo Van,Minor injury,Over speed,Four lanes or more with central divider,Straight road,,Fine,AP29TB 5141, P.V,Animals affected,0
23.08.2018,4:50 AM,1262.5,RHS,Rural,Tangutur,Rear End Collision,,Truck,Fatal,Fault of driver of motor vehicle/driver of other vehicle/cyclist/pedestrian/passenger,Four lanes or more with central divider,Straight road,,Fine,AP07W  6667,A.M.B & P.V,Fatal,1
23.08.2018,4:50 AM,1262.5,RHS,Rural,Tangutur,Rear End Collision,,Truck,Fatal,Fault of driver of motor vehicle/driver of other vehicle/cyclist/pedestrian/passenger,Four lanes or more with central divider,Straight road,,Fine,AP07W  6667,A.M.B & P.V,Grevious,0
23.08.2018,4:50 AM,1262.5,RHS,Rural,Tangutur,Rear End Collision,,Truck,Fatal,Fault of driver of motor vehicle/driver of other vehicle/cyclist/pedestrian/passenger,Four lanes or more with central divider,Straight road,,Fine,AP07W  6667,A.M.B & P.V,Minor,1
23.08.2018,4:50 AM,1262.5,RHS,Rural,Tangutur,Rear End Collision,,Truck,Fatal,Fault of driver of motor vehicle/driver of other vehicle/cyclist/pedestrian/passenger,Four lanes or more with central divider,Straight road,,Fine,AP07W  6667,A.M.B & P.V,Non injured,2
23.08.2018,4:50 AM,1262.5,RHS,Rural,Tangutur,Rear End Collision,,Truck,Fatal,Fault of driver of motor vehicle/driver of other vehicle/cyclist/pedestrian/passenger,Four lanes or more with central divider,Straight road,,Fine,AP07W  6667,A.M.B & P.V,Animals affected,0
23.08.2018,8:40 AM,1195,RHS,Rural,Martur,Collision Brush/Side Wipe,,Car,Minor injury,Defect in mechanical condition of motor vehicle/road condition,Four lanes or more with central divider,Straight road,,Fine,AP27BH 3763,A.M.B & P.V,Fatal,0
23.08.2018,8:40 AM,1195,RHS,Rural,Martur,Collision Brush/Side Wipe,,Car,Minor injury,Defect in mechanical condition of motor vehicle/road condition,Four lanes or more with central divider,Straight road,,Fine,AP27BH 3763,A.M.B & P.V,Grevious,0
23.08.2018,8:40 AM,1195,RHS,Rural,Martur,Collision Brush/Side Wipe,,Car,Minor injury,Defect in mechanical condition of motor vehicle/road condition,Four lanes or more with central divider,Straight road,,Fine,AP27BH 3763,A.M.B & P.V,Minor,1
23.08.2018,8:40 AM,1195,RHS,Rural,Martur,Collision Brush/Side Wipe,,Car,Minor injury,Defect in mechanical condition of motor vehicle/road condition,Four lanes or more with central divider,Straight road,,Fine,AP27BH 3763,A.M.B & P.V,Non injured,4
23.08.2018,8:40 AM,1195,RHS,Rural,Martur,Collision Brush/Side Wipe,,Car,Minor injury,Defect in mechanical condition of motor vehicle/road condition,Four lanes or more with central divider,Straight road,,Fine,AP27BH 3763,A.M.B & P.V,Animals affected,0
23.08.2018,10:20 AM,1239.6,RHS,Rural,Ongole,Rear End Collision,,Car,Minor injury,Fault of driver of motor vehicle/driver of other vehicle/cyclist/pedestrian/passenger,Four lanes or more with central divider,Straight road,,Fine,AP27CB 3222, P.V,Fatal,0
23.08.2018,10:20 AM,1239.6,RHS,Rural,Ongole,Rear End Collision,,Car,Minor injury,Fault of driver of motor vehicle/driver of other vehicle/cyclist/pedestrian/passenger,Four lanes or more with central divider,Straight road,,Fine,AP27CB 3222, P.V,Grevious,0
23.08.2018,10:20 AM,1239.6,RHS,Rural,Ongole,Rear End Collision,,Car,Minor injury,Fault of driver of motor vehicle/driver of other vehicle/cyclist/pedestrian/passenger,Four lanes or more with central divider,Straight road,,Fine,AP27CB 3222, P.V,Minor,2
23.08.2018,10:20 AM,1239.6,RHS,Rural,Ongole,Rear End Collision,,Car,Minor injury,Fault of driver of motor vehicle/driver of other vehicle/cyclist/pedestrian/passenger,Four lanes or more with central divider,Straight road,,Fine,AP27CB 3222, P.V,Non injured,3
23.08.2018,10:20 AM,1239.6,RHS,Rural,Ongole,Rear End Collision,,Car,Minor injury,Fault of driver of motor vehicle/driver of other vehicle/cyclist/pedestrian/passenger,Four lanes or more with central divider,Straight road,,Fine,AP27CB 3222, P.V,Animals affected,0
24.08.2018,3:05 AM,1268.1,RHS,Rural,Tangutur,Rear End Collision,,Truck,Minor injury,Fault of driver of motor vehicle/driver of other vehicle/cyclist/pedestrian/passenger,Four lanes or more with central divider,Straight road,,Fine,AP29TB    0199,A.M.B & P.V,Fatal,0
24.08.2018,3:05 AM,1268.1,RHS,Rural,Tangutur,Rear End Collision,,Truck,Minor injury,Fault of driver of motor vehicle/driver of other vehicle/cyclist/pedestrian/passenger,Four lanes or more with central divider,Straight road,,Fine,AP29TB    0199,A.M.B & P.V,Grevious,0
24.08.2018,3:05 AM,1268.1,RHS,Rural,Tangutur,Rear End Collision,,Truck,Minor injury,Fault of driver of motor vehicle/driver of other vehicle/cyclist/pedestrian/passenger,Four lanes or more with central divider,Straight road,,Fine,AP29TB    0199,A.M.B & P.V,Minor,1
24.08.2018,3:05 AM,1268.1,RHS,Rural,Tangutur,Rear End Collision,,Truck,Minor injury,Fault of driver of motor vehicle/driver of other vehicle/cyclist/pedestrian/passenger,Four lanes or more with central divider,Straight road,,Fine,AP29TB    0199,A.M.B & P.V,Non injured,0
24.08.2018,3:05 AM,1268.1,RHS,Rural,Tangutur,Rear End Collision,,Truck,Minor injury,Fault of driver of motor vehicle/driver of other vehicle/cyclist/pedestrian/passenger,Four lanes or more with central divider,Straight road,,Fine,AP29TB    0199,A.M.B & P.V,Animals affected,0
24.08.2018,12:30 AM,1342.7,RHS,Rural,Dagadarthi,Collision Brush/Side Wipe,,Car,Non injury,Vehicle out of control,Four lanes or more with central divider,Straight road,,Fine,AP07BD   2688,P.V,Fatal,0
24.08.2018,12:30 AM,1342.7,RHS,Rural,Dagadarthi,Collision Brush/Side Wipe,,Car,Non injury,Vehicle out of control,Four lanes or more with central divider,Straight road,,Fine,AP07BD   2688,P.V,Grevious,0
24.08.2018,12:30 AM,1342.7,RHS,Rural,Dagadarthi,Collision Brush/Side Wipe,,Car,Non injury,Vehicle out of control,Four lanes or more with central divider,Straight road,,Fine,AP07BD   2688,P.V,Minor,0
24.08.2018,12:30 AM,1342.7,RHS,Rural,Dagadarthi,Collision Brush/Side Wipe,,Car,Non injury,Vehicle out of control,Four lanes or more with central divider,Straight road,,Fine,AP07BD   2688,P.V,Non injured,3
24.08.2018,12:30 AM,1342.7,RHS,Rural,Dagadarthi,Collision Brush/Side Wipe,,Car,Non injury,Vehicle out of control,Four lanes or more with central divider,Straight road,,Fine,AP07BD   2688,P.V,Animals affected,0
25.08.2018,4:00 AM,1219.7,RHS,Rural,Medarametla,Collision Brush/Side Wipe,,Truck,Non injury,Fault of driver of motor vehicle/driver of other vehicle/cyclist/pedestrian/passenger,Four lanes or more with central divider,Straight road,,Fine,AP26TE  0899,P.V,Fatal,0
25.08.2018,4:00 AM,1219.7,RHS,Rural,Medarametla,Collision Brush/Side Wipe,,Truck,Non injury,Fault of driver of motor vehicle/driver of other vehicle/cyclist/pedestrian/passenger,Four lanes or more with central divider,Straight road,,Fine,AP26TE  0899,P.V,Grevious,0
25.08.2018,4:00 AM,1219.7,RHS,Rural,Medarametla,Collision Brush/Side Wipe,,Truck,Non injury,Fault of driver of motor vehicle/driver of other vehicle/cyclist/pedestrian/passenger,Four lanes or more with central divider,Straight road,,Fine,AP26TE  0899,P.V,Minor,0
25.08.2018,4:00 AM,1219.7,RHS,Rural,Medarametla,Collision Brush/Side Wipe,,Truck,Non injury,Fault of driver of motor vehicle/driver of other vehicle/cyclist/pedestrian/passenger,Four lanes or more with central divider,Straight road,,Fine,AP26TE  0899,P.V,Non injured,2
25.08.2018,4:00 AM,1219.7,RHS,Rural,Medarametla,Collision Brush/Side Wipe,,Truck,Non injury,Fault of driver of motor vehicle/driver of other vehicle/cyclist/pedestrian/passenger,Four lanes or more with central divider,Straight road,,Fine,AP26TE  0899,P.V,Animals affected,0
25.08.2018,8:28 AM,1213.1,RHS,Rural,Medarametla,Rear End Collision,,Bike,Grievious injury,Fault of driver of motor vehicle/driver of other vehicle/cyclist/pedestrian/passenger,Four lanes or more with central divider,Straight road,,Fine,AP27BN  6207,A.M.B,Fatal,0
25.08.2018,8:28 AM,1213.1,RHS,Rural,Medarametla,Rear End Collision,,Bike,Grievious injury,Fault of driver of motor vehicle/driver of other vehicle/cyclist/pedestrian/passenger,Four lanes or more with central divider,Straight road,,Fine,AP27BN  6207,A.M.B,Grevious,1
25.08.2018,8:28 AM,1213.1,RHS,Rural,Medarametla,Rear End Collision,,Bike,Grievious injury,Fault of driver of motor vehicle/driver of other vehicle/cyclist/pedestrian/passenger,Four lanes or more with central divider,Straight road,,Fine,AP27BN  6207,A.M.B,Minor,1
25.08.2018,8:28 AM,1213.1,RHS,Rural,Medarametla,Rear End Collision,,Bike,Grievious injury,Fault of driver of motor vehicle/driver of other vehicle/cyclist/pedestrian/passenger,Four lanes or more with central divider,Straight road,,Fine,AP27BN  6207,A.M.B,Non injured,0
25.08.2018,8:28 AM,1213.1,RHS,Rural,Medarametla,Rear End Collision,,Bike,Grievious injury,Fault of driver of motor vehicle/driver of other vehicle/cyclist/pedestrian/passenger,Four lanes or more with central divider,Straight road,,Fine,AP27BN  6207,A.M.B,Animals affected,0
25.08.2018,9:40 PM,1267.7,RHS,Rural,Tangutur,Collision Brush/Side Wipe,,Bike,Grievious injury,Fault of driver of motor vehicle/driver of other vehicle/cyclist/pedestrian/passenger,Two lanes,Straight road,,Fine,AP27TN 7170,A.M.B & P.V,Fatal,0
25.08.2018,9:40 PM,1267.7,RHS,Rural,Tangutur,Collision Brush/Side Wipe,,Bike,Grievious injury,Fault of driver of motor vehicle/driver of other vehicle/cyclist/pedestrian/passenger,Two lanes,Straight road,,Fine,AP27TN 7170,A.M.B & P.V,Grevious,1
25.08.2018,9:40 PM,1267.7,RHS,Rural,Tangutur,Collision Brush/Side Wipe,,Bike,Grievious injury,Fault of driver of motor vehicle/driver of other vehicle/cyclist/pedestrian/passenger,Two lanes,Straight road,,Fine,AP27TN 7170,A.M.B & P.V,Minor,0
25.08.2018,9:40 PM,1267.7,RHS,Rural,Tangutur,Collision Brush/Side Wipe,,Bike,Grievious injury,Fault of driver of motor vehicle/driver of other vehicle/cyclist/pedestrian/passenger,Two lanes,Straight road,,Fine,AP27TN 7170,A.M.B & P.V,Non injured,2
25.08.2018,9:40 PM,1267.7,RHS,Rural,Tangutur,Collision Brush/Side Wipe,,Bike,Grievious injury,Fault of driver of motor vehicle/driver of other vehicle/cyclist/pedestrian/passenger,Two lanes,Straight road,,Fine,AP27TN 7170,A.M.B & P.V,Animals affected,0
26.08.2018,12:34 PM,1331.3,RHS,Rural,Kavali,Collision Brush/Side Wipe,,Bike,Minor injury,Fault of driver of motor vehicle/driver of other vehicle/cyclist/pedestrian/passenger,Four lanes or more with central divider,Straight road,,Fine,AP26TB    6278,A.M.B & P.V,Fatal,0
26.08.2018,12:34 PM,1331.3,RHS,Rural,Kavali,Collision Brush/Side Wipe,,Bike,Minor injury,Fault of driver of motor vehicle/driver of other vehicle/cyclist/pedestrian/passenger,Four lanes or more with central divider,Straight road,,Fine,AP26TB    6278,A.M.B & P.V,Grevious,0
26.08.2018,12:34 PM,1331.3,RHS,Rural,Kavali,Collision Brush/Side Wipe,,Bike,Minor injury,Fault of driver of motor vehicle/driver of other vehicle/cyclist/pedestrian/passenger,Four lanes or more with central divider,Straight road,,Fine,AP26TB    6278,A.M.B & P.V,Minor,2
26.08.2018,12:34 PM,1331.3,RHS,Rural,Kavali,Collision Brush/Side Wipe,,Bike,Minor injury,Fault of driver of motor vehicle/driver of other vehicle/cyclist/pedestrian/passenger,Four lanes or more with central divider,Straight road,,Fine,AP26TB    6278,A.M.B & P.V,Non injured,2
26.08.2018,12:34 PM,1331.3,RHS,Rural,Kavali,Collision Brush/Side Wipe,,Bike,Minor injury,Fault of driver of motor vehicle/driver of other vehicle/cyclist/pedestrian/passenger,Four lanes or more with central divider,Straight road,,Fine,AP26TB    6278,A.M.B & P.V,Animals affected,0
26.08.2018,5:30 PM,1269.3,RHS,Rural,Jarugumalli,Collision Brush/Side Wipe,,Unknown vehicle,Non injury,Over speed,Four lanes or more with central divider,Straight road,,Fine,Unknown Vehicle,P.V,Fatal,0
26.08.2018,5:30 PM,1269.3,RHS,Rural,Jarugumalli,Collision Brush/Side Wipe,,Unknown vehicle,Non injury,Over speed,Four lanes or more with central divider,Straight road,,Fine,Unknown Vehicle,P.V,Grevious,0
26.08.2018,5:30 PM,1269.3,RHS,Rural,Jarugumalli,Collision Brush/Side Wipe,,Unknown vehicle,Non injury,Over speed,Four lanes or more with central divider,Straight road,,Fine,Unknown Vehicle,P.V,Minor,0
26.08.2018,5:30 PM,1269.3,RHS,Rural,Jarugumalli,Collision Brush/Side Wipe,,Unknown vehicle,Non injury,Over speed,Four lanes or more with central divider,Straight road,,Fine,Unknown Vehicle,P.V,Non injured,2
26.08.2018,5:30 PM,1269.3,RHS,Rural,Jarugumalli,Collision Brush/Side Wipe,,Unknown vehicle,Non injury,Over speed,Four lanes or more with central divider,Straight road,,Fine,Unknown Vehicle,P.V,Animals affected,0
26.08.2018,8:35 PM,1263,RHS,Rural,Tangutur,Collision Brush/Side Wipe,,Bus,Grievious injury,Fault of driver of motor vehicle/driver of other vehicle/cyclist/pedestrian/passenger,Four lanes or more with central divider,Straight road,,Fine,AP27X   9585,P.V,Fatal,0
26.08.2018,8:35 PM,1263,RHS,Rural,Tangutur,Collision Brush/Side Wipe,,Bus,Grievious injury,Fault of driver of motor vehicle/driver of other vehicle/cyclist/pedestrian/passenger,Four lanes or more with central divider,Straight road,,Fine,AP27X   9585,P.V,Grevious,1
26.08.2018,8:35 PM,1263,RHS,Rural,Tangutur,Collision Brush/Side Wipe,,Bus,Grievious injury,Fault of driver of motor vehicle/driver of other vehicle/cyclist/pedestrian/passenger,Four lanes or more with central divider,Straight road,,Fine,AP27X   9585,P.V,Minor,0
26.08.2018,8:35 PM,1263,RHS,Rural,Tangutur,Collision Brush/Side Wipe,,Bus,Grievious injury,Fault of driver of motor vehicle/driver of other vehicle/cyclist/pedestrian/passenger,Four lanes or more with central divider,Straight road,,Fine,AP27X   9585,P.V,Non injured,10
26.08.2018,8:35 PM,1263,RHS,Rural,Tangutur,Collision Brush/Side Wipe,,Bus,Grievious injury,Fault of driver of motor vehicle/driver of other vehicle/cyclist/pedestrian/passenger,Four lanes or more with central divider,Straight road,,Fine,AP27X   9585,P.V,Animals affected,0
27.08.2018,3:32 AM,1279,RHS,Rural,Singarayakonda,Overturning,,Car,Non injury,Fault of driver of motor vehicle/driver of other vehicle/cyclist/pedestrian/passenger,Four lanes or more with central divider,Straight road,,Light rain,KA03MN   0862   , P.V,Fatal,0
27.08.2018,3:32 AM,1279,RHS,Rural,Singarayakonda,Overturning,,Car,Non injury,Fault of driver of motor vehicle/driver of other vehicle/cyclist/pedestrian/passenger,Four lanes or more with central divider,Straight road,,Light rain,KA03MN   0862   , P.V,Grevious,0
27.08.2018,3:32 AM,1279,RHS,Rural,Singarayakonda,Overturning,,Car,Non injury,Fault of driver of motor vehicle/driver of other vehicle/cyclist/pedestrian/passenger,Four lanes or more with central divider,Straight road,,Light rain,KA03MN   0862   , P.V,Minor,0
27.08.2018,3:32 AM,1279,RHS,Rural,Singarayakonda,Overturning,,Car,Non injury,Fault of driver of motor vehicle/driver of other vehicle/cyclist/pedestrian/passenger,Four lanes or more with central divider,Straight road,,Light rain,KA03MN   0862   , P.V,Non injured,5
27.08.2018,3:32 AM,1279,RHS,Rural,Singarayakonda,Overturning,,Car,Non injury,Fault of driver of motor vehicle/driver of other vehicle/cyclist/pedestrian/passenger,Four lanes or more with central divider,Straight road,,Light rain,KA03MN   0862   , P.V,Animals affected,0
27.08.2018,6:55 AM,1204.8,RHS,Rural,Reningavaram,Collision Brush/Side Wipe,,Unknown vehicle,Minor injury,Over speed,Four lanes or more with central divider,Straight road,,Fine,Unknown Vehicle,A.M.B,Fatal,0
27.08.2018,6:55 AM,1204.8,RHS,Rural,Reningavaram,Collision Brush/Side Wipe,,Unknown vehicle,Minor injury,Over speed,Four lanes or more with central divider,Straight road,,Fine,Unknown Vehicle,A.M.B,Grevious,0
27.08.2018,6:55 AM,1204.8,RHS,Rural,Reningavaram,Collision Brush/Side Wipe,,Unknown vehicle,Minor injury,Over speed,Four lanes or more with central divider,Straight road,,Fine,Unknown Vehicle,A.M.B,Minor,1
27.08.2018,6:55 AM,1204.8,RHS,Rural,Reningavaram,Collision Brush/Side Wipe,,Unknown vehicle,Minor injury,Over speed,Four lanes or more with central divider,Straight road,,Fine,Unknown Vehicle,A.M.B,Non injured,0
27.08.2018,6:55 AM,1204.8,RHS,Rural,Reningavaram,Collision Brush/Side Wipe,,Unknown vehicle,Minor injury,Over speed,Four lanes or more with central divider,Straight road,,Fine,Unknown Vehicle,A.M.B,Animals affected,0
27.08.2018,11:50 AM,1291.6,RHS,Rural,Ulavapadu,Collision Brush/Side Wipe,,Car,Grievious injury,Over speed,Four lanes or more with central divider,Straight road,T-Junction,Fine,AP29BX  0307, P.V,Fatal,0
27.08.2018,11:50 AM,1291.6,RHS,Rural,Ulavapadu,Collision Brush/Side Wipe,,Car,Grievious injury,Over speed,Four lanes or more with central divider,Straight road,T-Junction,Fine,AP29BX  0307, P.V,Grevious,1
27.08.2018,11:50 AM,1291.6,RHS,Rural,Ulavapadu,Collision Brush/Side Wipe,,Car,Grievious injury,Over speed,Four lanes or more with central divider,Straight road,T-Junction,Fine,AP29BX  0307, P.V,Minor,0
27.08.2018,11:50 AM,1291.6,RHS,Rural,Ulavapadu,Collision Brush/Side Wipe,,Car,Grievious injury,Over speed,Four lanes or more with central divider,Straight road,T-Junction,Fine,AP29BX  0307, P.V,Non injured,3
27.08.2018,11:50 AM,1291.6,RHS,Rural,Ulavapadu,Collision Brush/Side Wipe,,Car,Grievious injury,Over speed,Four lanes or more with central divider,Straight road,T-Junction,Fine,AP29BX  0307, P.V,Animals affected,0
27.08.2018,5:50 PM,1211.4,RHS,Rural,Medarametla,Collision Brush/Side Wipe,,Car,Fatal,Fault of driver of motor vehicle/driver of other vehicle/cyclist/pedestrian/passenger,Four lanes or more with central divider,Straight road,T-Junction,Fine,AP16AW  1999, P.V,Fatal,1
27.08.2018,5:50 PM,1211.4,RHS,Rural,Medarametla,Collision Brush/Side Wipe,,Car,Fatal,Fault of driver of motor vehicle/driver of other vehicle/cyclist/pedestrian/passenger,Four lanes or more with central divider,Straight road,T-Junction,Fine,AP16AW  1999, P.V,Grevious,0
27.08.2018,5:50 PM,1211.4,RHS,Rural,Medarametla,Collision Brush/Side Wipe,,Car,Fatal,Fault of driver of motor vehicle/driver of other vehicle/cyclist/pedestrian/passenger,Four lanes or more with central divider,Straight road,T-Junction,Fine,AP16AW  1999, P.V,Minor,0
27.08.2018,5:50 PM,1211.4,RHS,Rural,Medarametla,Collision Brush/Side Wipe,,Car,Fatal,Fault of driver of motor vehicle/driver of other vehicle/cyclist/pedestrian/passenger,Four lanes or more with central divider,Straight road,T-Junction,Fine,AP16AW  1999, P.V,Non injured,3
27.08.2018,5:50 PM,1211.4,RHS,Rural,Medarametla,Collision Brush/Side Wipe,,Car,Fatal,Fault of driver of motor vehicle/driver of other vehicle/cyclist/pedestrian/passenger,Four lanes or more with central divider,Straight road,T-Junction,Fine,AP16AW  1999, P.V,Animals affected,0
27.08.2018,10:20 PM,1256.2,RHS,Rural,Tangutur,Overturning,,Auto,Minor injury,Over speed,Four lanes or more with central divider,Straight road,,Fine,AP27TY   0355,P.V,Fatal,0
27.08.2018,10:20 PM,1256.2,RHS,Rural,Tangutur,Overturning,,Auto,Minor injury,Over speed,Four lanes or more with central divider,Straight road,,Fine,AP27TY   0355,P.V,Grevious,0
27.08.2018,10:20 PM,1256.2,RHS,Rural,Tangutur,Overturning,,Auto,Minor injury,Over speed,Four lanes or more with central divider,Straight road,,Fine,AP27TY   0355,P.V,Minor,2
27.08.2018,10:20 PM,1256.2,RHS,Rural,Tangutur,Overturning,,Auto,Minor injury,Over speed,Four lanes or more with central divider,Straight road,,Fine,AP27TY   0355,P.V,Non injured,0
27.08.2018,10:20 PM,1256.2,RHS,Rural,Tangutur,Overturning,,Auto,Minor injury,Over speed,Four lanes or more with central divider,Straight road,,Fine,AP27TY   0355,P.V,Animals affected,0
28.08.2018,11:25 PM,1345.5,RHS,Rural,Dagadarthi,Rear End Collision,,Car,Non injury,Over speed,Four lanes or more with central divider,Straight road,,Fine,AP07DK   2374, P.V,Fatal,0
28.08.2018,11:25 PM,1345.5,RHS,Rural,Dagadarthi,Rear End Collision,,Car,Non injury,Over speed,Four lanes or more with central divider,Straight road,,Fine,AP07DK   2374, P.V,Grevious,0
28.08.2018,11:25 PM,1345.5,RHS,Rural,Dagadarthi,Rear End Collision,,Car,Non injury,Over speed,Four lanes or more with central divider,Straight road,,Fine,AP07DK   2374, P.V,Minor,0
28.08.2018,11:25 PM,1345.5,RHS,Rural,Dagadarthi,Rear End Collision,,Car,Non injury,Over speed,Four lanes or more with central divider,Straight road,,Fine,AP07DK   2374, P.V,Non injured,2
28.08.2018,11:25 PM,1345.5,RHS,Rural,Dagadarthi,Rear End Collision,,Car,Non injury,Over speed,Four lanes or more with central divider,Straight road,,Fine,AP07DK   2374, P.V,Animals affected,0
29.08.2018,1:05 AM,1281.6,RHS,Rural,Singarayakonda,Rear End Collision,,Car,Non injury,Over speed,Four lanes or more with central divider,Straight road,,Fine,AP07TF  7253, P.V,Fatal,0
29.08.2018,1:05 AM,1281.6,RHS,Rural,Singarayakonda,Rear End Collision,,Car,Non injury,Over speed,Four lanes or more with central divider,Straight road,,Fine,AP07TF  7253, P.V,Grevious,0
29.08.2018,1:05 AM,1281.6,RHS,Rural,Singarayakonda,Rear End Collision,,Car,Non injury,Over speed,Four lanes or more with central divider,Straight road,,Fine,AP07TF  7253, P.V,Minor,0
29.08.2018,1:05 AM,1281.6,RHS,Rural,Singarayakonda,Rear End Collision,,Car,Non injury,Over speed,Four lanes or more with central divider,Straight road,,Fine,AP07TF  7253, P.V,Non injured,5
29.08.2018,1:05 AM,1281.6,RHS,Rural,Singarayakonda,Rear End Collision,,Car,Non injury,Over speed,Four lanes or more with central divider,Straight road,,Fine,AP07TF  7253, P.V,Animals affected,0
29.08.2018,11:52 PM,1330,RHS,Rural,Kavali,Collision Brush/Side Wipe,,Unknown vehicle,Grievious injury,Over speed,Four lanes or more with central divider,Straight road,,Fine,Unknown Vehicle,A.M.B & P.V,Fatal,0
29.08.2018,11:52 PM,1330,RHS,Rural,Kavali,Collision Brush/Side Wipe,,Unknown vehicle,Grievious injury,Over speed,Four lanes or more with central divider,Straight road,,Fine,Unknown Vehicle,A.M.B & P.V,Grevious,1