Operational date,Time of Accident,KM && M,Position,Rural/Urban,Location,Nature of Accident Position,Nature of Accident,Vehicle Involved,Type of Accident,Causes,Road Feature,Road condition,Intersection Type And Control,Weather Condition,Vehicle Responsible,Help Provided by Ambulance/Patroling Vehicle,Classification of Accident,No of Affected Persons
29.08.2018,11:52 PM,1330,RHS,Rural,Kavali,Collision Brush/Side Wipe,,Unknown vehicle,Grievious injury,Over speed,Four lanes or more with central divider,Straight road,,Fine,Unknown Vehicle,A.M.B & P.V,Minor,0
29.08.2018,11:52 PM,1330,RHS,Rural,Kavali,Collision Brush/Side Wipe,,Unknown vehicle,Grievious injury,Over speed,Four lanes or more with central divider,Straight road,,Fine,Unknown Vehicle,A.M.B & P.V,Non injured,0
29.08.2018,11:52 PM,1330,RHS,Rural,Kavali,Collision Brush/Side Wipe,,Unknown vehicle,Grievious injury,Over speed,Four lanes or more with central divider,Straight road,,Fine,Unknown Vehicle,A.M.B & P.V,Animals affected,0
30.08.2018,2:10 AM,1313.5,RHS,Rural,Kavali,Collision Brush/Side Wipe,,Truck,Grievious injury,Over speed,Four lanes or more with central divider,Straight road,,Fine,TS28T     5170, P.V,Fatal,0
30.08.2018,2:10 AM,1313.5,RHS,Rural,Kavali,Collision Brush/Side Wipe,,Truck,Grievious injury,Over speed,Four lanes or more with central divider,Straight road,,Fine,TS28T     5170, P.V,Grevious,1
30.08.2018,2:10 AM,1313.5,RHS,Rural,Kavali,Collision Brush/Side Wipe,,Truck,Grievious injury,Over speed,Four lanes or more with central divider,Straight road,,Fine,TS28T     5170, P.V,Minor,0
30.08.2018,2:10 AM,1313.5,RHS,Rural,Kavali,Collision Brush/Side Wipe,,Truck,Grievious injury,Over speed,Four lanes or more with central divider,Straight road,,Fine,TS28T     5170, P.V,Non injured,2
30.08.2018,2:10 AM,1313.5,RHS,Rural,Kavali,Collision Brush/Side Wipe,,Truck,Grievious injury,Over speed,Four lanes or more with central divider,Straight road,,Fine,TS28T     5170, P.V,Animals affected,0
30.08.2018,7:45 AM,1306.5,RHS,Rural,Gudluru,Overturning,,Car,Minor injury,Over speed,Four lanes or more with central divider,Straight road,,Fine,AP03TE   5378, P.V,Fatal,0
30.08.2018,7:45 AM,1306.5,RHS,Rural,Gudluru,Overturning,,Car,Minor injury,Over speed,Four lanes or more with central divider,Straight road,,Fine,AP03TE   5378, P.V,Grevious,0
30.08.2018,7:45 AM,1306.5,RHS,Rural,Gudluru,Overturning,,Car,Minor injury,Over speed,Four lanes or more with central divider,Straight road,,Fine,AP03TE   5378, P.V,Minor,2
30.08.2018,7:45 AM,1306.5,RHS,Rural,Gudluru,Overturning,,Car,Minor injury,Over speed,Four lanes or more with central divider,Straight road,,Fine,AP03TE   5378, P.V,Non injured,0
30.08.2018,7:45 AM,1306.5,RHS,Rural,Gudluru,Overturning,,Car,Minor injury,Over speed,Four lanes or more with central divider,Straight road,,Fine,AP03TE   5378, P.V,Animals affected,0
30.08.2018,8:15 AM,1305.4,RHS,Rural,Gudluru,Rear End Collision,,Truck,Non injury,Fault of driver of motor vehicle/driver of other vehicle/cyclist/pedestrian/passenger,Four lanes or more with central divider,Straight road,,Fine,TS05UC   6539, P.V,Fatal,0
30.08.2018,8:15 AM,1305.4,RHS,Rural,Gudluru,Rear End Collision,,Truck,Non injury,Fault of driver of motor vehicle/driver of other vehicle/cyclist/pedestrian/passenger,Four lanes or more with central divider,Straight road,,Fine,TS05UC   6539, P.V,Grevious,0
30.08.2018,8:15 AM,1305.4,RHS,Rural,Gudluru,Rear End Collision,,Truck,Non injury,Fault of driver of motor vehicle/driver of other vehicle/cyclist/pedestrian/passenger,Four lanes or more with central divider,Straight road,,Fine,TS05UC   6539, P.V,Minor,0
30.08.2018,8:15 AM,1305.4,RHS,Rural,Gudluru,Rear End Collision,,Truck,Non injury,Fault of driver of motor vehicle/driver of other vehicle/cyclist/pedestrian/passenger,Four lanes or more with central divider,Straight road,,Fine,TS05UC   6539, P.V,Non injured,2
30.08.2018,8:15 AM,1305.4,RHS,Rural,Gudluru,Rear End Collision,,Truck,Non injury,Fault of driver of motor vehicle/driver of other vehicle/cyclist/pedestrian/passenger,Four lanes or more with central divider,Straight road,,Fine,TS05UC   6539, P.V,Animals affected,0
30.08.2018,2:27 PM,1195,RHS,Rural,Martur,Skidding,,Bike,Grievious injury,Druken,Four lanes or more with central divider,Straight road,,Fine,AP07DZ  1145,A.M.B,Fatal,0
30.08.2018,2:27 PM,1195,RHS,Rural,Martur,Skidding,,Bike,Grievious injury,Druken,Four lanes or more with central divider,Straight road,,Fine,AP07DZ  1145,A.M.B,Grevious,1
30.08.2018,2:27 PM,1195,RHS,Rural,Martur,Skidding,,Bike,Grievious injury,Druken,Four lanes or more with central divider,Straight road,,Fine,AP07DZ  1145,A.M.B,Minor,0
30.08.2018,2:27 PM,1195,RHS,Rural,Martur,Skidding,,Bike,Grievious injury,Druken,Four lanes or more with central divider,Straight road,,Fine,AP07DZ  1145,A.M.B,Non injured,1
30.08.2018,2:27 PM,1195,RHS,Rural,Martur,Skidding,,Bike,Grievious injury,Druken,Four lanes or more with central divider,Straight road,,Fine,AP07DZ  1145,A.M.B,Animals affected,0
30.08.2018,4:00 PM,1193.3,RHS,Rural,Martur,Others(p1.Specific),,Truck,Grievious injury,Fault of driver of motor vehicle/driver of other vehicle/cyclist/pedestrian/passenger,Two lanes,Straight road,,Fine,AP03TC  2646,A.M.B & P.V,Fatal,0
30.08.2018,4:00 PM,1193.3,RHS,Rural,Martur,Others(p1.Specific),,Truck,Grievious injury,Fault of driver of motor vehicle/driver of other vehicle/cyclist/pedestrian/passenger,Two lanes,Straight road,,Fine,AP03TC  2646,A.M.B & P.V,Grevious,2
30.08.2018,4:00 PM,1193.3,RHS,Rural,Martur,Others(p1.Specific),,Truck,Grievious injury,Fault of driver of motor vehicle/driver of other vehicle/cyclist/pedestrian/passenger,Two lanes,Straight road,,Fine,AP03TC  2646,A.M.B & P.V,Minor,0
30.08.2018,4:00 PM,1193.3,RHS,Rural,Martur,Others(p1.Specific),,Truck,Grievious injury,Fault of driver of motor vehicle/driver of other vehicle/cyclist/pedestrian/passenger,Two lanes,Straight road,,Fine,AP03TC  2646,A.M.B & P.V,Non injured,6
30.08.2018,4:00 PM,1193.3,RHS,Rural,Martur,Others(p1.Specific),,Truck,Grievious injury,Fault of driver of motor vehicle/driver of other vehicle/cyclist/pedestrian/passenger,Two lanes,Straight road,,Fine,AP03TC  2646,A.M.B & P.V,Animals affected,0
31.08.2018,9:35 AM,1218.1,RHS,Rural,Medarametla,Collision Brush/Side Wipe,,Unknown vehicle,Grievious injury,Over speed,Two lanes,Straight road,Four arm junction,Fine,Unknown vehicle,A.M.B & P.V,Fatal,0
31.08.2018,9:35 AM,1218.1,RHS,Rural,Medarametla,Collision Brush/Side Wipe,,Unknown vehicle,Grievious injury,Over speed,Two lanes,Straight road,Four arm junction,Fine,Unknown vehicle,A.M.B & P.V,Grevious,1
31.08.2018,9:35 AM,1218.1,RHS,Rural,Medarametla,Collision Brush/Side Wipe,,Unknown vehicle,Grievious injury,Over speed,Two lanes,Straight road,Four arm junction,Fine,Unknown vehicle,A.M.B & P.V,Minor,0
31.08.2018,9:35 AM,1218.1,RHS,Rural,Medarametla,Collision Brush/Side Wipe,,Unknown vehicle,Grievious injury,Over speed,Two lanes,Straight road,Four arm junction,Fine,Unknown vehicle,A.M.B & P.V,Non injured,1
31.08.2018,9:35 AM,1218.1,RHS,Rural,Medarametla,Collision Brush/Side Wipe,,Unknown vehicle,Grievious injury,Over speed,Two lanes,Straight road,Four arm junction,Fine,Unknown vehicle,A.M.B & P.V,Animals affected,0
02.09.2018,6:30 AM,1343.8,RHS,Rural,Dagadarthi,Rear End Collision,,Truck,Non injury,Fault of driver of motor vehicle/driver of other vehicle/cyclist/pedestrian/passenger,Two lanes,Straight road,,Fine,TN34W   1648,P.V,Fatal,0
02.09.2018,6:30 AM,1343.8,RHS,Rural,Dagadarthi,Rear End Collision,,Truck,Non injury,Fault of driver of motor vehicle/driver of other vehicle/cyclist/pedestrian/passenger,Two lanes,Straight road,,Fine,TN34W   1648,P.V,Grevious,0
02.09.2018,6:30 AM,1343.8,RHS,Rural,Dagadarthi,Rear End Collision,,Truck,Non injury,Fault of driver of motor vehicle/driver of other vehicle/cyclist/pedestrian/passenger,Two lanes,Straight road,,Fine,TN34W   1648,P.V,Minor,0
02.09.2018,6:30 AM,1343.8,RHS,Rural,Dagadarthi,Rear End Collision,,Truck,Non injury,Fault of driver of motor vehicle/driver of other vehicle/cyclist/pedestrian/passenger,Two lanes,Straight road,,Fine,TN34W   1648,P.V,Non injured,2
02.09.2018,6:30 AM,1343.8,RHS,Rural,Dagadarthi,Rear End Collision,,Truck,Non injury,Fault of driver of motor vehicle/driver of other vehicle/cyclist/pedestrian/passenger,Two lanes,Straight road,,Fine,TN34W   1648,P.V,Animals affected,0
02.09.2018,10:55 AM,1300.7,RHS,Rural,Gudluru,Collision Brush/Side Wipe,,Car,Grievious injury,Over speed,Four lanes or more with central divider,Straight road,,Fine,AP27BS  7786, P.V,Fatal,0
02.09.2018,10:55 AM,1300.7,RHS,Rural,Gudluru,Collision Brush/Side Wipe,,Car,Grievious injury,Over speed,Four lanes or more with central divider,Straight road,,Fine,AP27BS  7786, P.V,Grevious,2
02.09.2018,10:55 AM,1300.7,RHS,Rural,Gudluru,Collision Brush/Side Wipe,,Car,Grievious injury,Over speed,Four lanes or more with central divider,Straight road,,Fine,AP27BS  7786, P.V,Minor,0
02.09.2018,10:55 AM,1300.7,RHS,Rural,Gudluru,Collision Brush/Side Wipe,,Car,Grievious injury,Over speed,Four lanes or more with central divider,Straight road,,Fine,AP27BS  7786, P.V,Non injured,5
02.09.2018,10:55 AM,1300.7,RHS,Rural,Gudluru,Collision Brush/Side Wipe,,Car,Grievious injury,Over speed,Four lanes or more with central divider,Straight road,,Fine,AP27BS  7786, P.V,Animals affected,0
03.09.2018,6:12 AM,1210.6,RHS,Rural,Reningavaram,Collision Brush/Side Wipe,,Truck,Grievious injury,Over speed,Four lanes or more with central divider,Straight road,,Fine,AP05TG   0786,A.M.B & P.V,Fatal,0
03.09.2018,6:12 AM,1210.6,RHS,Rural,Reningavaram,Collision Brush/Side Wipe,,Truck,Grievious injury,Over speed,Four lanes or more with central divider,Straight road,,Fine,AP05TG   0786,A.M.B & P.V,Grevious,1
03.09.2018,6:12 AM,1210.6,RHS,Rural,Reningavaram,Collision Brush/Side Wipe,,Truck,Grievious injury,Over speed,Four lanes or more with central divider,Straight road,,Fine,AP05TG   0786,A.M.B & P.V,Minor,1
03.09.2018,6:12 AM,1210.6,RHS,Rural,Reningavaram,Collision Brush/Side Wipe,,Truck,Grievious injury,Over speed,Four lanes or more with central divider,Straight road,,Fine,AP05TG   0786,A.M.B & P.V,Non injured,0
03.09.2018,6:12 AM,1210.6,RHS,Rural,Reningavaram,Collision Brush/Side Wipe,,Truck,Grievious injury,Over speed,Four lanes or more with central divider,Straight road,,Fine,AP05TG   0786,A.M.B & P.V,Animals affected,0
03.09.2018,5:25 PM,1297.6,RHS,Rural,Gudluru,Overturning,,Truck,Minor injury,Druken,Four lanes or more with central divider,Straight road,,Fine,AP16TD  9928, P.V,Fatal,0
03.09.2018,5:25 PM,1297.6,RHS,Rural,Gudluru,Overturning,,Truck,Minor injury,Druken,Four lanes or more with central divider,Straight road,,Fine,AP16TD  9928, P.V,Grevious,0
03.09.2018,5:25 PM,1297.6,RHS,Rural,Gudluru,Overturning,,Truck,Minor injury,Druken,Four lanes or more with central divider,Straight road,,Fine,AP16TD  9928, P.V,Minor,1
03.09.2018,5:25 PM,1297.6,RHS,Rural,Gudluru,Overturning,,Truck,Minor injury,Druken,Four lanes or more with central divider,Straight road,,Fine,AP16TD  9928, P.V,Non injured,1
03.09.2018,5:25 PM,1297.6,RHS,Rural,Gudluru,Overturning,,Truck,Minor injury,Druken,Four lanes or more with central divider,Straight road,,Fine,AP16TD  9928, P.V,Animals affected,0
04.09.2018,1:30 AM,1255.1,RHS,Rural,Tangutur,Collision Brush/Side Wipe,,Car,Grievious injury,Fault of driver of motor vehicle/driver of other vehicle/cyclist/pedestrian/passenger,Four lanes or more with central divider,Straight road,,Fine,AP27BN 0220,A.M.B ,Fatal,0
04.09.2018,1:30 AM,1255.1,RHS,Rural,Tangutur,Collision Brush/Side Wipe,,Car,Grievious injury,Fault of driver of motor vehicle/driver of other vehicle/cyclist/pedestrian/passenger,Four lanes or more with central divider,Straight road,,Fine,AP27BN 0220,A.M.B ,Grevious,1
04.09.2018,1:30 AM,1255.1,RHS,Rural,Tangutur,Collision Brush/Side Wipe,,Car,Grievious injury,Fault of driver of motor vehicle/driver of other vehicle/cyclist/pedestrian/passenger,Four lanes or more with central divider,Straight road,,Fine,AP27BN 0220,A.M.B ,Minor,6
04.09.2018,1:30 AM,1255.1,RHS,Rural,Tangutur,Collision Brush/Side Wipe,,Car,Grievious injury,Fault of driver of motor vehicle/driver of other vehicle/cyclist/pedestrian/passenger,Four lanes or more with central divider,Straight road,,Fine,AP27BN 0220,A.M.B ,Non injured,0
04.09.2018,1:30 AM,1255.1,RHS,Rural,Tangutur,Collision Brush/Side Wipe,,Car,Grievious injury,Fault of driver of motor vehicle/driver of other vehicle/cyclist/pedestrian/passenger,Four lanes or more with central divider,Straight road,,Fine,AP27BN 0220,A.M.B ,Animals affected,0
04.09.2018,2:30 AM,1265.9,RHS,Rural,Tangutur,Collision Brush/Side Wipe,,Bus,Non injury,Fault of driver of motor vehicle/driver of other vehicle/cyclist/pedestrian/passenger,Four lanes or more with central divider,Straight road,,Fine,AP16TH  1944,P.V,Fatal,0
04.09.2018,2:30 AM,1265.9,RHS,Rural,Tangutur,Collision Brush/Side Wipe,,Bus,Non injury,Fault of driver of motor vehicle/driver of other vehicle/cyclist/pedestrian/passenger,Four lanes or more with central divider,Straight road,,Fine,AP16TH  1944,P.V,Grevious,0
04.09.2018,2:30 AM,1265.9,RHS,Rural,Tangutur,Collision Brush/Side Wipe,,Bus,Non injury,Fault of driver of motor vehicle/driver of other vehicle/cyclist/pedestrian/passenger,Four lanes or more with central divider,Straight road,,Fine,AP16TH  1944,P.V,Minor,0
04.09.2018,2:30 AM,1265.9,RHS,Rural,Tangutur,Collision Brush/Side Wipe,,Bus,Non injury,Fault of driver of motor vehicle/driver of other vehicle/cyclist/pedestrian/passenger,Four lanes or more with central divider,Straight road,,Fine,AP16TH  1944,P.V,Non injured,34
04.09.2018,2:30 AM,1265.9,RHS,Rural,Tangutur,Collision Brush/Side Wipe,,Bus,Non injury,Fault of driver of motor vehicle/driver of other vehicle/cyclist/pedestrian/passenger,Four lanes or more with central divider,Straight road,,Fine,AP16TH  1944,P.V,Animals affected,0
04.09.2018,9:30 PM,1214.5,RHS,Rural,Medarametla,Head on collision,,Bike,Minor injury,Fault of driver of motor vehicle/driver of other vehicle/cyclist/pedestrian/passenger,Four lanes or more with central divider,Straight road,,Fine,AP27AY  3051,A.M.B ,Fatal,0
04.09.2018,9:30 PM,1214.5,RHS,Rural,Medarametla,Head on collision,,Bike,Minor injury,Fault of driver of motor vehicle/driver of other vehicle/cyclist/pedestrian/passenger,Four lanes or more with central divider,Straight road,,Fine,AP27AY  3051,A.M.B ,Grevious,0
04.09.2018,9:30 PM,1214.5,RHS,Rural,Medarametla,Head on collision,,Bike,Minor injury,Fault of driver of motor vehicle/driver of other vehicle/cyclist/pedestrian/passenger,Four lanes or more with central divider,Straight road,,Fine,AP27AY  3051,A.M.B ,Minor,1
04.09.2018,9:30 PM,1214.5,RHS,Rural,Medarametla,Head on collision,,Bike,Minor injury,Fault of driver of motor vehicle/driver of other vehicle/cyclist/pedestrian/passenger,Four lanes or more with central divider,Straight road,,Fine,AP27AY  3051,A.M.B ,Non injured,0
04.09.2018,9:30 PM,1214.5,RHS,Rural,Medarametla,Head on collision,,Bike,Minor injury,Fault of driver of motor vehicle/driver of other vehicle/cyclist/pedestrian/passenger,Four lanes or more with central divider,Straight road,,Fine,AP27AY  3051,A.M.B ,Animals affected,0
05.09.2018,1:50 AM,1220.5,RHS,Rural,Medarametla,Overturning,,Truck,Minor injury,Fault of driver of motor vehicle/driver of other vehicle/cyclist/pedestrian/passenger,Four lanes or more with central divider,Straight road,,Fine,AP05TA 9595,P.V,Fatal,0
05.09.2018,1:50 AM,1220.5,RHS,Rural,Medarametla,Overturning,,Truck,Minor injury,Fault of driver of motor vehicle/driver of other vehicle/cyclist/pedestrian/passenger,Four lanes or more with central divider,Straight road,,Fine,AP05TA 9595,P.V,Grevious,0
05.09.2018,1:50 AM,1220.5,RHS,Rural,Medarametla,Overturning,,Truck,Minor injury,Fault of driver of motor vehicle/driver of other vehicle/cyclist/pedestrian/passenger,Four lanes or more with central divider,Straight road,,Fine,AP05TA 9595,P.V,Minor,2
05.09.2018,1:50 AM,1220.5,RHS,Rural,Medarametla,Overturning,,Truck,Minor injury,Fault of driver of motor vehicle/driver of other vehicle/cyclist/pedestrian/passenger,Four lanes or more with central divider,Straight road,,Fine,AP05TA 9595,P.V,Non injured,0
05.09.2018,1:50 AM,1220.5,RHS,Rural,Medarametla,Overturning,,Truck,Minor injury,Fault of driver of motor vehicle/driver of other vehicle/cyclist/pedestrian/passenger,Four lanes or more with central divider,Straight road,,Fine,AP05TA 9595,P.V,Animals affected,0
06.09.2018,4:50 PM,1197.6,RHS,Rural,Martur,Skidding,,Bike,Grievious injury,Druken,Four lanes or more with central divider,Straight road,,Fine,AP27CB  8705,A.M.B,Fatal,0
06.09.2018,4:50 PM,1197.6,RHS,Rural,Martur,Skidding,,Bike,Grievious injury,Druken,Four lanes or more with central divider,Straight road,,Fine,AP27CB  8705,A.M.B,Grevious,1
06.09.2018,4:50 PM,1197.6,RHS,Rural,Martur,Skidding,,Bike,Grievious injury,Druken,Four lanes or more with central divider,Straight road,,Fine,AP27CB  8705,A.M.B,Minor,0
06.09.2018,4:50 PM,1197.6,RHS,Rural,Martur,Skidding,,Bike,Grievious injury,Druken,Four lanes or more with central divider,Straight road,,Fine,AP27CB  8705,A.M.B,Non injured,0
06.09.2018,4:50 PM,1197.6,RHS,Rural,Martur,Skidding,,Bike,Grievious injury,Druken,Four lanes or more with central divider,Straight road,,Fine,AP27CB  8705,A.M.B,Animals affected,0
06.09.2018,5:30 PM,1220.2,RHS,Rural,Medarametla,Collision Brush/Side Wipe,,Car,Non injury,Over speed,Four lanes or more with central divider,Straight road,,Fine,AP31BH  1666,P.V,Fatal,0
06.09.2018,5:30 PM,1220.2,RHS,Rural,Medarametla,Collision Brush/Side Wipe,,Car,Non injury,Over speed,Four lanes or more with central divider,Straight road,,Fine,AP31BH  1666,P.V,Grevious,0
06.09.2018,5:30 PM,1220.2,RHS,Rural,Medarametla,Collision Brush/Side Wipe,,Car,Non injury,Over speed,Four lanes or more with central divider,Straight road,,Fine,AP31BH  1666,P.V,Minor,0
06.09.2018,5:30 PM,1220.2,RHS,Rural,Medarametla,Collision Brush/Side Wipe,,Car,Non injury,Over speed,Four lanes or more with central divider,Straight road,,Fine,AP31BH  1666,P.V,Non injured,7
06.09.2018,5:30 PM,1220.2,RHS,Rural,Medarametla,Collision Brush/Side Wipe,,Car,Non injury,Over speed,Four lanes or more with central divider,Straight road,,Fine,AP31BH  1666,P.V,Animals affected,0
06.09.2018,7:19 PM,1319.1,RHS,Rural,Kavali,Collision Brush/Side Wipe,,Car,Minor injury,Fault of driver of motor vehicle/driver of other vehicle/cyclist/pedestrian/passenger,Two lanes,Straight road,,Fine,AP27BJ 4666,P.V,Fatal,0
06.09.2018,7:19 PM,1319.1,RHS,Rural,Kavali,Collision Brush/Side Wipe,,Car,Minor injury,Fault of driver of motor vehicle/driver of other vehicle/cyclist/pedestrian/passenger,Two lanes,Straight road,,Fine,AP27BJ 4666,P.V,Grevious,0
06.09.2018,7:19 PM,1319.1,RHS,Rural,Kavali,Collision Brush/Side Wipe,,Car,Minor injury,Fault of driver of motor vehicle/driver of other vehicle/cyclist/pedestrian/passenger,Two lanes,Straight road,,Fine,AP27BJ 4666,P.V,Minor,2
06.09.2018,7:19 PM,1319.1,RHS,Rural,Kavali,Collision Brush/Side Wipe,,Car,Minor injury,Fault of driver of motor vehicle/driver of other vehicle/cyclist/pedestrian/passenger,Two lanes,Straight road,,Fine,AP27BJ 4666,P.V,Non injured,4
06.09.2018,7:19 PM,1319.1,RHS,Rural,Kavali,Collision Brush/Side Wipe,,Car,Minor injury,Fault of driver of motor vehicle/driver of other vehicle/cyclist/pedestrian/passenger,Two lanes,Straight road,,Fine,AP27BJ 4666,P.V,Animals affected,0
07.09.2018,7:05 AM,1329.4,RHS,Rural,Kavali,Collision Brush/Side Wipe,,Truck,Minor injury,Fault of driver of motor vehicle/driver of other vehicle/cyclist/pedestrian/passenger,Four lanes or more with central divider,Straight road,,Fine,TN12H    5487,A.M.B&P.V,Fatal,0
07.09.2018,7:05 AM,1329.4,RHS,Rural,Kavali,Collision Brush/Side Wipe,,Truck,Minor injury,Fault of driver of motor vehicle/driver of other vehicle/cyclist/pedestrian/passenger,Four lanes or more with central divider,Straight road,,Fine,TN12H    5487,A.M.B&P.V,Grevious,0
07.09.2018,7:05 AM,1329.4,RHS,Rural,Kavali,Collision Brush/Side Wipe,,Truck,Minor injury,Fault of driver of motor vehicle/driver of other vehicle/cyclist/pedestrian/passenger,Four lanes or more with central divider,Straight road,,Fine,TN12H    5487,A.M.B&P.V,Minor,1
07.09.2018,7:05 AM,1329.4,RHS,Rural,Kavali,Collision Brush/Side Wipe,,Truck,Minor injury,Fault of driver of motor vehicle/driver of other vehicle/cyclist/pedestrian/passenger,Four lanes or more with central divider,Straight road,,Fine,TN12H    5487,A.M.B&P.V,Non injured,1
07.09.2018,7:05 AM,1329.4,RHS,Rural,Kavali,Collision Brush/Side Wipe,,Truck,Minor injury,Fault of driver of motor vehicle/driver of other vehicle/cyclist/pedestrian/passenger,Four lanes or more with central divider,Straight road,,Fine,TN12H    5487,A.M.B&P.V,Animals affected,0
08.09.2018,2:45 PM,1256,RHS,Rural,Tangutur,Skidding,,Bike,Fatal,Druken,Two lanes,Straight road,,Fine,AP27BT   3955,P.V,Fatal,1
08.09.2018,2:45 PM,1256,RHS,Rural,Tangutur,Skidding,,Bike,Fatal,Druken,Two lanes,Straight road,,Fine,AP27BT   3955,P.V,Grevious,0
08.09.2018,2:45 PM,1256,RHS,Rural,Tangutur,Skidding,,Bike,Fatal,Druken,Two lanes,Straight road,,Fine,AP27BT   3955,P.V,Minor,0
08.09.2018,2:45 PM,1256,RHS,Rural,Tangutur,Skidding,,Bike,Fatal,Druken,Two lanes,Straight road,,Fine,AP27BT   3955,P.V,Non injured,0
08.09.2018,2:45 PM,1256,RHS,Rural,Tangutur,Skidding,,Bike,Fatal,Druken,Two lanes,Straight road,,Fine,AP27BT   3955,P.V,Animals affected,0
08.09.2018,6:05 PM,1326.1,RHS,Rural,Kavali,Collision Brush/Side Wipe,,Container,Grievious injury,Fault of driver of motor vehicle/driver of other vehicle/cyclist/pedestrian/passenger,Four lanes or more with central divider,Straight road,,Fine,AP27Y   4649,A.M.B&P.V,Fatal,0
08.09.2018,6:05 PM,1326.1,RHS,Rural,Kavali,Collision Brush/Side Wipe,,Container,Grievious injury,Fault of driver of motor vehicle/driver of other vehicle/cyclist/pedestrian/passenger,Four lanes or more with central divider,Straight road,,Fine,AP27Y   4649,A.M.B&P.V,Grevious,2
08.09.2018,6:05 PM,1326.1,RHS,Rural,Kavali,Collision Brush/Side Wipe,,Container,Grievious injury,Fault of driver of motor vehicle/driver of other vehicle/cyclist/pedestrian/passenger,Four lanes or more with central divider,Straight road,,Fine,AP27Y   4649,A.M.B&P.V,Minor,3
08.09.2018,6:05 PM,1326.1,RHS,Rural,Kavali,Collision Brush/Side Wipe,,Container,Grievious injury,Fault of driver of motor vehicle/driver of other vehicle/cyclist/pedestrian/passenger,Four lanes or more with central divider,Straight road,,Fine,AP27Y   4649,A.M.B&P.V,Non injured,4
08.09.2018,6:05 PM,1326.1,RHS,Rural,Kavali,Collision Brush/Side Wipe,,Container,Grievious injury,Fault of driver of motor vehicle/driver of other vehicle/cyclist/pedestrian/passenger,Four lanes or more with central divider,Straight road,,Fine,AP27Y   4649,A.M.B&P.V,Animals affected,0
09.09.2018,11:05 AM,1306.4,RHS,Rural,Gudluru,Overturning,,Auto,Grievious injury,Over speed,Four lanes or more with central divider,Straight road,,Fine,AP27W   9244,P.V,Fatal,0
09.09.2018,11:05 AM,1306.4,RHS,Rural,Gudluru,Overturning,,Auto,Grievious injury,Over speed,Four lanes or more with central divider,Straight road,,Fine,AP27W   9244,P.V,Grevious,0
09.09.2018,11:05 AM,1306.4,RHS,Rural,Gudluru,Overturning,,Auto,Grievious injury,Over speed,Four lanes or more with central divider,Straight road,,Fine,AP27W   9244,P.V,Minor,1
09.09.2018,11:05 AM,1306.4,RHS,Rural,Gudluru,Overturning,,Auto,Grievious injury,Over speed,Four lanes or more with central divider,Straight road,,Fine,AP27W   9244,P.V,Non injured,3
09.09.2018,11:05 AM,1306.4,RHS,Rural,Gudluru,Overturning,,Auto,Grievious injury,Over speed,Four lanes or more with central divider,Straight road,,Fine,AP27W   9244,P.V,Animals affected,0
09.09.2018,4:10 PM,1191.8,RHS,Rural,Martur,Overturning,,Car,Fatal,Defect in mechanical condition of motor vehicle/road condition,Four lanes or more with central divider,Straight road,,Fine,AP27BD   8786,A.M.B&P.V,Fatal,1
09.09.2018,4:10 PM,1191.8,RHS,Rural,Martur,Overturning,,Car,Fatal,Defect in mechanical condition of motor vehicle/road condition,Four lanes or more with central divider,Straight road,,Fine,AP27BD   8786,A.M.B&P.V,Grevious,0
09.09.2018,4:10 PM,1191.8,RHS,Rural,Martur,Overturning,,Car,Fatal,Defect in mechanical condition of motor vehicle/road condition,Four lanes or more with central divider,Straight road,,Fine,AP27BD   8786,A.M.B&P.V,Minor,1
09.09.2018,4:10 PM,1191.8,RHS,Rural,Martur,Overturning,,Car,Fatal,Defect in mechanical condition of motor vehicle/road condition,Four lanes or more with central divider,Straight road,,Fine,AP27BD   8786,A.M.B&P.V,Non injured,4
09.09.2018,4:10 PM,1191.8,RHS,Rural,Martur,Overturning,,Car,Fatal,Defect in mechanical condition of motor vehicle/road condition,Four lanes or more with central divider,Straight road,,Fine,AP27BD   8786,A.M.B&P.V,Animals affected,0
09.09.2018,9:00 PM,1263.8,RHS,Rural,Tangutur,Collision Brush/Side Wipe,,Truck,Minor injury,Fault of driver of motor vehicle/driver of other vehicle/cyclist/pedestrian/passenger,Four lanes or more with central divider,Straight road,,Fine,AP07TF    9189,A.M.B,Fatal,0
09.09.2018,9:00 PM,1263.8,RHS,Rural,Tangutur,Collision Brush/Side Wipe,,Truck,Minor injury,Fault of driver of motor vehicle/driver of other vehicle/cyclist/pedestrian/passenger,Four lanes or more with central divider,Straight road,,Fine,AP07TF    9189,A.M.B,Grevious,0
09.09.2018,9:00 PM,1263.8,RHS,Rural,Tangutur,Collision Brush/Side Wipe,,Truck,Minor injury,Fault of driver of motor vehicle/driver of other vehicle/cyclist/pedestrian/passenger,Four lanes or more with central divider,Straight road,,Fine,AP07TF    9189,A.M.B,Minor,1
09.09.2018,9:00 PM,1263.8,RHS,Rural,Tangutur,Collision Brush/Side Wipe,,Truck,Minor injury,Fault of driver of motor vehicle/driver of other vehicle/cyclist/pedestrian/passenger,Four lanes or more with central divider,Straight road,,Fine,AP07TF    9189,A.M.B,Non injured,0
09.09.2018,9:00 PM,1263.8,RHS,Rural,Tangutur,Collision Brush/Side Wipe,,Truck,Minor injury,Fault of driver of motor vehicle/driver of other vehicle/cyclist/pedestrian/passenger,Four lanes or more with central divider,Straight road,,Fine,AP07TF    9189,A.M.B,Animals affected,0
10.09.2018,12:05 AM,1361.4,RHS,Rural,Kodavaluru,Rear End Collision,,Container,Minor injury,Over speed,Four lanes or more with central divider,Straight road,,Fine,OD07W   7115,P.V,Fatal,0
10.09.2018,12:05 AM,1361.4,RHS,Rural,Kodavaluru,Rear End Collision,,Container,Minor injury,Over speed,Four lanes or more with central divider,Straight road,,Fine,OD07W   7115,P.V,Grevious,0