Operational date,Time of Accident,KM && M,Position,Rural/Urban,Location,Nature of Accident Position,Nature of Accident,Vehicle Involved,Type of Accident,Causes,Road Feature,Road condition,Intersection Type And Control,Weather Condition,Vehicle Responsible,Help Provided by Ambulance/Patroling Vehicle,Classification of Accident,No of Affected Persons
10.09.2018,12:05 AM,1361.4,RHS,Rural,Kodavaluru,Rear End Collision,,Container,Minor injury,Over speed,Four lanes or more with central divider,Straight road,,Fine,OD07W   7115,P.V,Minor,1
10.09.2018,12:05 AM,1361.4,RHS,Rural,Kodavaluru,Rear End Collision,,Container,Minor injury,Over speed,Four lanes or more with central divider,Straight road,,Fine,OD07W   7115,P.V,Non injured,0
10.09.2018,12:05 AM,1361.4,RHS,Rural,Kodavaluru,Rear End Collision,,Container,Minor injury,Over speed,Four lanes or more with central divider,Straight road,,Fine,OD07W   7115,P.V,Animals affected,0
10.09.2018,1:50 AM,1298.7,RHS,Rural,Gudluru,Overturning,,Truck,Non injury,Fault of driver of motor vehicle/driver of other vehicle/cyclist/pedestrian/passenger,Four lanes or more with central divider,Straight road,,Fine,TN12Y   1199,P.V,Fatal,0
10.09.2018,1:50 AM,1298.7,RHS,Rural,Gudluru,Overturning,,Truck,Non injury,Fault of driver of motor vehicle/driver of other vehicle/cyclist/pedestrian/passenger,Four lanes or more with central divider,Straight road,,Fine,TN12Y   1199,P.V,Grevious,0
10.09.2018,1:50 AM,1298.7,RHS,Rural,Gudluru,Overturning,,Truck,Non injury,Fault of driver of motor vehicle/driver of other vehicle/cyclist/pedestrian/passenger,Four lanes or more with central divider,Straight road,,Fine,TN12Y   1199,P.V,Minor,0
10.09.2018,1:50 AM,1298.7,RHS,Rural,Gudluru,Overturning,,Truck,Non injury,Fault of driver of motor vehicle/driver of other vehicle/cyclist/pedestrian/passenger,Four lanes or more with central divider,Straight road,,Fine,TN12Y   1199,P.V,Non injured,1
10.09.2018,1:50 AM,1298.7,RHS,Rural,Gudluru,Overturning,,Truck,Non injury,Fault of driver of motor vehicle/driver of other vehicle/cyclist/pedestrian/passenger,Four lanes or more with central divider,Straight road,,Fine,TN12Y   1199,P.V,Animals affected,0
10.09.2018,6:00 PM,1240.2,RHS,Rural,Ongole,Collision Brush/Side Wipe,,Car,Fatal,Over speed,Four lanes or more with central divider,Straight road,,Fine,AP26CA   6932,P.V,Fatal,1
10.09.2018,6:00 PM,1240.2,RHS,Rural,Ongole,Collision Brush/Side Wipe,,Car,Fatal,Over speed,Four lanes or more with central divider,Straight road,,Fine,AP26CA   6932,P.V,Grevious,0
10.09.2018,6:00 PM,1240.2,RHS,Rural,Ongole,Collision Brush/Side Wipe,,Car,Fatal,Over speed,Four lanes or more with central divider,Straight road,,Fine,AP26CA   6932,P.V,Minor,0
10.09.2018,6:00 PM,1240.2,RHS,Rural,Ongole,Collision Brush/Side Wipe,,Car,Fatal,Over speed,Four lanes or more with central divider,Straight road,,Fine,AP26CA   6932,P.V,Non injured,2
10.09.2018,6:00 PM,1240.2,RHS,Rural,Ongole,Collision Brush/Side Wipe,,Car,Fatal,Over speed,Four lanes or more with central divider,Straight road,,Fine,AP26CA   6932,P.V,Animals affected,0
11.09.2018,6:18 PM,1200,RHS,Rural,Reningavaram,Rear End Collision,,Unknown vehicle,Grievious injury,Fault of driver of motor vehicle/driver of other vehicle/cyclist/pedestrian/passenger,Four lanes or more with central divider,Straight road,,Fine,Unknown Vehicle,A.M.B,Fatal,0
11.09.2018,6:18 PM,1200,RHS,Rural,Reningavaram,Rear End Collision,,Unknown vehicle,Grievious injury,Fault of driver of motor vehicle/driver of other vehicle/cyclist/pedestrian/passenger,Four lanes or more with central divider,Straight road,,Fine,Unknown Vehicle,A.M.B,Grevious,1
11.09.2018,6:18 PM,1200,RHS,Rural,Reningavaram,Rear End Collision,,Unknown vehicle,Grievious injury,Fault of driver of motor vehicle/driver of other vehicle/cyclist/pedestrian/passenger,Four lanes or more with central divider,Straight road,,Fine,Unknown Vehicle,A.M.B,Minor,0
11.09.2018,6:18 PM,1200,RHS,Rural,Reningavaram,Rear End Collision,,Unknown vehicle,Grievious injury,Fault of driver of motor vehicle/driver of other vehicle/cyclist/pedestrian/passenger,Four lanes or more with central divider,Straight road,,Fine,Unknown Vehicle,A.M.B,Non injured,1
11.09.2018,6:18 PM,1200,RHS,Rural,Reningavaram,Rear End Collision,,Unknown vehicle,Grievious injury,Fault of driver of motor vehicle/driver of other vehicle/cyclist/pedestrian/passenger,Four lanes or more with central divider,Straight road,,Fine,Unknown Vehicle,A.M.B,Animals affected,0
12.09.2018,6:08 AM,1269.3,RHS,Rural,Jarugumalli,Collision Brush/Side Wipe,,Unknown vehicle,Fatal,Over speed,Four lanes or more with central divider,Straight road,,Fine,Unknown Vehicle,P.V,Fatal,1
12.09.2018,6:08 AM,1269.3,RHS,Rural,Jarugumalli,Collision Brush/Side Wipe,,Unknown vehicle,Fatal,Over speed,Four lanes or more with central divider,Straight road,,Fine,Unknown Vehicle,P.V,Grevious,0
12.09.2018,6:08 AM,1269.3,RHS,Rural,Jarugumalli,Collision Brush/Side Wipe,,Unknown vehicle,Fatal,Over speed,Four lanes or more with central divider,Straight road,,Fine,Unknown Vehicle,P.V,Minor,0
12.09.2018,6:08 AM,1269.3,RHS,Rural,Jarugumalli,Collision Brush/Side Wipe,,Unknown vehicle,Fatal,Over speed,Four lanes or more with central divider,Straight road,,Fine,Unknown Vehicle,P.V,Non injured,1
12.09.2018,6:08 AM,1269.3,RHS,Rural,Jarugumalli,Collision Brush/Side Wipe,,Unknown vehicle,Fatal,Over speed,Four lanes or more with central divider,Straight road,,Fine,Unknown Vehicle,P.V,Animals affected,0
12.09.2018,8:30 AM,1218.1,RHS,Rural,Medarametla,Overturning,,Container,Minor injury,Vehicle out of control,Two lanes,Straight road,,Fine,AP27TY 1516,P.V,Fatal,0
12.09.2018,8:30 AM,1218.1,RHS,Rural,Medarametla,Overturning,,Container,Minor injury,Vehicle out of control,Two lanes,Straight road,,Fine,AP27TY 1516,P.V,Grevious,0
12.09.2018,8:30 AM,1218.1,RHS,Rural,Medarametla,Overturning,,Container,Minor injury,Vehicle out of control,Two lanes,Straight road,,Fine,AP27TY 1516,P.V,Minor,1
12.09.2018,8:30 AM,1218.1,RHS,Rural,Medarametla,Overturning,,Container,Minor injury,Vehicle out of control,Two lanes,Straight road,,Fine,AP27TY 1516,P.V,Non injured,0
12.09.2018,8:30 AM,1218.1,RHS,Rural,Medarametla,Overturning,,Container,Minor injury,Vehicle out of control,Two lanes,Straight road,,Fine,AP27TY 1516,P.V,Animals affected,0
12.09.2018,9:05 PM,1198.9,RHS,Rural,Martur,Skidding,,Bike,Minor injury,Druken,Four lanes or more with central divider,Straight road,,Fine,AP27AF 6000, A.M.B,Fatal,0
12.09.2018,9:05 PM,1198.9,RHS,Rural,Martur,Skidding,,Bike,Minor injury,Druken,Four lanes or more with central divider,Straight road,,Fine,AP27AF 6000, A.M.B,Grevious,0
12.09.2018,9:05 PM,1198.9,RHS,Rural,Martur,Skidding,,Bike,Minor injury,Druken,Four lanes or more with central divider,Straight road,,Fine,AP27AF 6000, A.M.B,Minor,1
12.09.2018,9:05 PM,1198.9,RHS,Rural,Martur,Skidding,,Bike,Minor injury,Druken,Four lanes or more with central divider,Straight road,,Fine,AP27AF 6000, A.M.B,Non injured,0
12.09.2018,9:05 PM,1198.9,RHS,Rural,Martur,Skidding,,Bike,Minor injury,Druken,Four lanes or more with central divider,Straight road,,Fine,AP27AF 6000, A.M.B,Animals affected,0
12.09.2018,11:25 PM,1235.3,RHS,Rural,Maddipadu,Collision Brush/Side Wipe,,Unknown vehicle,Fatal,Over speed,Four lanes or more with central divider,Straight road,T-Junction,Fine,Unknown Vehicle,P.V,Fatal,2
12.09.2018,11:25 PM,1235.3,RHS,Rural,Maddipadu,Collision Brush/Side Wipe,,Unknown vehicle,Fatal,Over speed,Four lanes or more with central divider,Straight road,T-Junction,Fine,Unknown Vehicle,P.V,Grevious,0
12.09.2018,11:25 PM,1235.3,RHS,Rural,Maddipadu,Collision Brush/Side Wipe,,Unknown vehicle,Fatal,Over speed,Four lanes or more with central divider,Straight road,T-Junction,Fine,Unknown Vehicle,P.V,Minor,0
12.09.2018,11:25 PM,1235.3,RHS,Rural,Maddipadu,Collision Brush/Side Wipe,,Unknown vehicle,Fatal,Over speed,Four lanes or more with central divider,Straight road,T-Junction,Fine,Unknown Vehicle,P.V,Non injured,1
12.09.2018,11:25 PM,1235.3,RHS,Rural,Maddipadu,Collision Brush/Side Wipe,,Unknown vehicle,Fatal,Over speed,Four lanes or more with central divider,Straight road,T-Junction,Fine,Unknown Vehicle,P.V,Animals affected,0
14.09.2018,10:30 PM,1361.6,RHS,Rural,Kodavaluru,Rear End Collision,,Car,Grievious injury,Fault of driver of motor vehicle/driver of other vehicle/cyclist/pedestrian/passenger,Four lanes or more with central divider,Straight road,,Fine,TN07AR   2253,P.V,Fatal,0
14.09.2018,10:30 PM,1361.6,RHS,Rural,Kodavaluru,Rear End Collision,,Car,Grievious injury,Fault of driver of motor vehicle/driver of other vehicle/cyclist/pedestrian/passenger,Four lanes or more with central divider,Straight road,,Fine,TN07AR   2253,P.V,Grevious,2
14.09.2018,10:30 PM,1361.6,RHS,Rural,Kodavaluru,Rear End Collision,,Car,Grievious injury,Fault of driver of motor vehicle/driver of other vehicle/cyclist/pedestrian/passenger,Four lanes or more with central divider,Straight road,,Fine,TN07AR   2253,P.V,Minor,0
14.09.2018,10:30 PM,1361.6,RHS,Rural,Kodavaluru,Rear End Collision,,Car,Grievious injury,Fault of driver of motor vehicle/driver of other vehicle/cyclist/pedestrian/passenger,Four lanes or more with central divider,Straight road,,Fine,TN07AR   2253,P.V,Non injured,1
14.09.2018,10:30 PM,1361.6,RHS,Rural,Kodavaluru,Rear End Collision,,Car,Grievious injury,Fault of driver of motor vehicle/driver of other vehicle/cyclist/pedestrian/passenger,Four lanes or more with central divider,Straight road,,Fine,TN07AR   2253,P.V,Animals affected,0
15.09.2018,1:01 AM,1184,RHS,Rural,Martur,Rear End Collision,,Car,Grievious injury,Fault of driver of motor vehicle/driver of other vehicle/cyclist/pedestrian/passenger,Four lanes or more with central divider,Straight road,,Fine,AP16FE 1224,P.V,Fatal,0
15.09.2018,1:01 AM,1184,RHS,Rural,Martur,Rear End Collision,,Car,Grievious injury,Fault of driver of motor vehicle/driver of other vehicle/cyclist/pedestrian/passenger,Four lanes or more with central divider,Straight road,,Fine,AP16FE 1224,P.V,Grevious,1
15.09.2018,1:01 AM,1184,RHS,Rural,Martur,Rear End Collision,,Car,Grievious injury,Fault of driver of motor vehicle/driver of other vehicle/cyclist/pedestrian/passenger,Four lanes or more with central divider,Straight road,,Fine,AP16FE 1224,P.V,Minor,1
15.09.2018,1:01 AM,1184,RHS,Rural,Martur,Rear End Collision,,Car,Grievious injury,Fault of driver of motor vehicle/driver of other vehicle/cyclist/pedestrian/passenger,Four lanes or more with central divider,Straight road,,Fine,AP16FE 1224,P.V,Non injured,1
15.09.2018,1:01 AM,1184,RHS,Rural,Martur,Rear End Collision,,Car,Grievious injury,Fault of driver of motor vehicle/driver of other vehicle/cyclist/pedestrian/passenger,Four lanes or more with central divider,Straight road,,Fine,AP16FE 1224,P.V,Animals affected,0
15.09.2018,6:55 AM,1206.5,RHS,Rural,Reningavaram,Collision Brush/Side Wipe,,Container,Minor injury,Over speed,Four lanes or more with central divider,Straight road,,Fine,AP28TD 1769,A.M.B& P.V,Fatal,0
15.09.2018,6:55 AM,1206.5,RHS,Rural,Reningavaram,Collision Brush/Side Wipe,,Container,Minor injury,Over speed,Four lanes or more with central divider,Straight road,,Fine,AP28TD 1769,A.M.B& P.V,Grevious,0
15.09.2018,6:55 AM,1206.5,RHS,Rural,Reningavaram,Collision Brush/Side Wipe,,Container,Minor injury,Over speed,Four lanes or more with central divider,Straight road,,Fine,AP28TD 1769,A.M.B& P.V,Minor,1
15.09.2018,6:55 AM,1206.5,RHS,Rural,Reningavaram,Collision Brush/Side Wipe,,Container,Minor injury,Over speed,Four lanes or more with central divider,Straight road,,Fine,AP28TD 1769,A.M.B& P.V,Non injured,2
15.09.2018,6:55 AM,1206.5,RHS,Rural,Reningavaram,Collision Brush/Side Wipe,,Container,Minor injury,Over speed,Four lanes or more with central divider,Straight road,,Fine,AP28TD 1769,A.M.B& P.V,Animals affected,0
15.09.2018,11:30 AM,1199.1,RHS,Rural,Martur,Collision Brush/Side Wipe,,Car,Minor injury,Fault of driver of motor vehicle/driver of other vehicle/cyclist/pedestrian/passenger,Four lanes or more with central divider,Straight road,,Fine,AP27BG  3993,A.M.B,Fatal,0
15.09.2018,11:30 AM,1199.1,RHS,Rural,Martur,Collision Brush/Side Wipe,,Car,Minor injury,Fault of driver of motor vehicle/driver of other vehicle/cyclist/pedestrian/passenger,Four lanes or more with central divider,Straight road,,Fine,AP27BG  3993,A.M.B,Grevious,0
15.09.2018,11:30 AM,1199.1,RHS,Rural,Martur,Collision Brush/Side Wipe,,Car,Minor injury,Fault of driver of motor vehicle/driver of other vehicle/cyclist/pedestrian/passenger,Four lanes or more with central divider,Straight road,,Fine,AP27BG  3993,A.M.B,Minor,1
15.09.2018,11:30 AM,1199.1,RHS,Rural,Martur,Collision Brush/Side Wipe,,Car,Minor injury,Fault of driver of motor vehicle/driver of other vehicle/cyclist/pedestrian/passenger,Four lanes or more with central divider,Straight road,,Fine,AP27BG  3993,A.M.B,Non injured,1
15.09.2018,11:30 AM,1199.1,RHS,Rural,Martur,Collision Brush/Side Wipe,,Car,Minor injury,Fault of driver of motor vehicle/driver of other vehicle/cyclist/pedestrian/passenger,Four lanes or more with central divider,Straight road,,Fine,AP27BG  3993,A.M.B,Animals affected,0
16.09.2018,4:00 AM,1344.2,RHS,Rural,Dagadarthi,Collision Brush/Side Wipe,,Truck,Non injury,Fault of driver of motor vehicle/driver of other vehicle/cyclist/pedestrian/passenger,Four lanes or more with central divider,Straight road,,Fine,TN60Q   2391,P.V,Fatal,0
16.09.2018,4:00 AM,1344.2,RHS,Rural,Dagadarthi,Collision Brush/Side Wipe,,Truck,Non injury,Fault of driver of motor vehicle/driver of other vehicle/cyclist/pedestrian/passenger,Four lanes or more with central divider,Straight road,,Fine,TN60Q   2391,P.V,Grevious,0
16.09.2018,4:00 AM,1344.2,RHS,Rural,Dagadarthi,Collision Brush/Side Wipe,,Truck,Non injury,Fault of driver of motor vehicle/driver of other vehicle/cyclist/pedestrian/passenger,Four lanes or more with central divider,Straight road,,Fine,TN60Q   2391,P.V,Minor,0
16.09.2018,4:00 AM,1344.2,RHS,Rural,Dagadarthi,Collision Brush/Side Wipe,,Truck,Non injury,Fault of driver of motor vehicle/driver of other vehicle/cyclist/pedestrian/passenger,Four lanes or more with central divider,Straight road,,Fine,TN60Q   2391,P.V,Non injured,1
16.09.2018,4:00 AM,1344.2,RHS,Rural,Dagadarthi,Collision Brush/Side Wipe,,Truck,Non injury,Fault of driver of motor vehicle/driver of other vehicle/cyclist/pedestrian/passenger,Four lanes or more with central divider,Straight road,,Fine,TN60Q   2391,P.V,Animals affected,0
16.09.2018,2:00 PM,1198.9,RHS,Rural,Martur,Head on collision,,Tractor,Grievious injury,Fault of driver of motor vehicle/driver of other vehicle/cyclist/pedestrian/passenger,Four lanes or more with central divider,Straight road,,Fine,  Tractor Number Unknown,A.M.B & P.V,Fatal,0
16.09.2018,2:00 PM,1198.9,RHS,Rural,Martur,Head on collision,,Tractor,Grievious injury,Fault of driver of motor vehicle/driver of other vehicle/cyclist/pedestrian/passenger,Four lanes or more with central divider,Straight road,,Fine,  Tractor Number Unknown,A.M.B & P.V,Grevious,1
16.09.2018,2:00 PM,1198.9,RHS,Rural,Martur,Head on collision,,Tractor,Grievious injury,Fault of driver of motor vehicle/driver of other vehicle/cyclist/pedestrian/passenger,Four lanes or more with central divider,Straight road,,Fine,  Tractor Number Unknown,A.M.B & P.V,Minor,1
16.09.2018,2:00 PM,1198.9,RHS,Rural,Martur,Head on collision,,Tractor,Grievious injury,Fault of driver of motor vehicle/driver of other vehicle/cyclist/pedestrian/passenger,Four lanes or more with central divider,Straight road,,Fine,  Tractor Number Unknown,A.M.B & P.V,Non injured,2
16.09.2018,2:00 PM,1198.9,RHS,Rural,Martur,Head on collision,,Tractor,Grievious injury,Fault of driver of motor vehicle/driver of other vehicle/cyclist/pedestrian/passenger,Four lanes or more with central divider,Straight road,,Fine,  Tractor Number Unknown,A.M.B & P.V,Animals affected,0
17.09.2018,2:45 AM,1295.5,RHS,Rural,Ulavapadu,Collision Brush/Side Wipe,,Truck,Minor injury,Fault of driver of motor vehicle/driver of other vehicle/cyclist/pedestrian/passenger,Four lanes or more with central divider,Straight road,,Fine,AP26TC   5146,A.M.B & P.V,Fatal,0
17.09.2018,2:45 AM,1295.5,RHS,Rural,Ulavapadu,Collision Brush/Side Wipe,,Truck,Minor injury,Fault of driver of motor vehicle/driver of other vehicle/cyclist/pedestrian/passenger,Four lanes or more with central divider,Straight road,,Fine,AP26TC   5146,A.M.B & P.V,Grevious,0
17.09.2018,2:45 AM,1295.5,RHS,Rural,Ulavapadu,Collision Brush/Side Wipe,,Truck,Minor injury,Fault of driver of motor vehicle/driver of other vehicle/cyclist/pedestrian/passenger,Four lanes or more with central divider,Straight road,,Fine,AP26TC   5146,A.M.B & P.V,Minor,1
17.09.2018,2:45 AM,1295.5,RHS,Rural,Ulavapadu,Collision Brush/Side Wipe,,Truck,Minor injury,Fault of driver of motor vehicle/driver of other vehicle/cyclist/pedestrian/passenger,Four lanes or more with central divider,Straight road,,Fine,AP26TC   5146,A.M.B & P.V,Non injured,1
17.09.2018,2:45 AM,1295.5,RHS,Rural,Ulavapadu,Collision Brush/Side Wipe,,Truck,Minor injury,Fault of driver of motor vehicle/driver of other vehicle/cyclist/pedestrian/passenger,Four lanes or more with central divider,Straight road,,Fine,AP26TC   5146,A.M.B & P.V,Animals affected,0
17.09.2018,7:30 AM,1226.5,RHS,Rural,Maddipadu,Collision Brush/Side Wipe,,Truck,Non injury,Fault of driver of motor vehicle/driver of other vehicle/cyclist/pedestrian/passenger,Four lanes or more with central divider,Straight road,,Fine,TN52F    7223,P.V,Fatal,0
17.09.2018,7:30 AM,1226.5,RHS,Rural,Maddipadu,Collision Brush/Side Wipe,,Truck,Non injury,Fault of driver of motor vehicle/driver of other vehicle/cyclist/pedestrian/passenger,Four lanes or more with central divider,Straight road,,Fine,TN52F    7223,P.V,Grevious,0
17.09.2018,7:30 AM,1226.5,RHS,Rural,Maddipadu,Collision Brush/Side Wipe,,Truck,Non injury,Fault of driver of motor vehicle/driver of other vehicle/cyclist/pedestrian/passenger,Four lanes or more with central divider,Straight road,,Fine,TN52F    7223,P.V,Minor,0
17.09.2018,7:30 AM,1226.5,RHS,Rural,Maddipadu,Collision Brush/Side Wipe,,Truck,Non injury,Fault of driver of motor vehicle/driver of other vehicle/cyclist/pedestrian/passenger,Four lanes or more with central divider,Straight road,,Fine,TN52F    7223,P.V,Non injured,1
17.09.2018,7:30 AM,1226.5,RHS,Rural,Maddipadu,Collision Brush/Side Wipe,,Truck,Non injury,Fault of driver of motor vehicle/driver of other vehicle/cyclist/pedestrian/passenger,Four lanes or more with central divider,Straight road,,Fine,TN52F    7223,P.V,Animals affected,0
17.09.2018,10:40 AM,1211,RHS,Rural,Reningavaram,Collision Brush/Side Wipe,,Car,Non injury,Over speed,Four lanes or more with central divider,Straight road,,Fine,AP27BM   4789,P.V,Fatal,0
17.09.2018,10:40 AM,1211,RHS,Rural,Reningavaram,Collision Brush/Side Wipe,,Car,Non injury,Over speed,Four lanes or more with central divider,Straight road,,Fine,AP27BM   4789,P.V,Grevious,0
17.09.2018,10:40 AM,1211,RHS,Rural,Reningavaram,Collision Brush/Side Wipe,,Car,Non injury,Over speed,Four lanes or more with central divider,Straight road,,Fine,AP27BM   4789,P.V,Minor,0
17.09.2018,10:40 AM,1211,RHS,Rural,Reningavaram,Collision Brush/Side Wipe,,Car,Non injury,Over speed,Four lanes or more with central divider,Straight road,,Fine,AP27BM   4789,P.V,Non injured,1
17.09.2018,10:40 AM,1211,RHS,Rural,Reningavaram,Collision Brush/Side Wipe,,Car,Non injury,Over speed,Four lanes or more with central divider,Straight road,,Fine,AP27BM   4789,P.V,Animals affected,0
17.09.2018,12:16 PM,1329,RHS,Rural,Kavali,Skidding,,Bike,Minor injury,Vehicle out of control,Two lanes,Straight road,,Fine,AP26AF     3678,A.M.B,Fatal,0
17.09.2018,12:16 PM,1329,RHS,Rural,Kavali,Skidding,,Bike,Minor injury,Vehicle out of control,Two lanes,Straight road,,Fine,AP26AF     3678,A.M.B,Grevious,0
17.09.2018,12:16 PM,1329,RHS,Rural,Kavali,Skidding,,Bike,Minor injury,Vehicle out of control,Two lanes,Straight road,,Fine,AP26AF     3678,A.M.B,Minor,1
17.09.2018,12:16 PM,1329,RHS,Rural,Kavali,Skidding,,Bike,Minor injury,Vehicle out of control,Two lanes,Straight road,,Fine,AP26AF     3678,A.M.B,Non injured,0
17.09.2018,12:16 PM,1329,RHS,Rural,Kavali,Skidding,,Bike,Minor injury,Vehicle out of control,Two lanes,Straight road,,Fine,AP26AF     3678,A.M.B,Animals affected,0
17.09.2018,5:55 PM,1255.2,RHS,Rural,Tangutur,Collision Brush/Side Wipe,,LGV,Grievious injury,Druken,Four lanes or more with central divider,Straight road,,Heavy rain,T/R,P.V,Fatal,0
17.09.2018,5:55 PM,1255.2,RHS,Rural,Tangutur,Collision Brush/Side Wipe,,LGV,Grievious injury,Druken,Four lanes or more with central divider,Straight road,,Heavy rain,T/R,P.V,Grevious,1
17.09.2018,5:55 PM,1255.2,RHS,Rural,Tangutur,Collision Brush/Side Wipe,,LGV,Grievious injury,Druken,Four lanes or more with central divider,Straight road,,Heavy rain,T/R,P.V,Minor,0
17.09.2018,5:55 PM,1255.2,RHS,Rural,Tangutur,Collision Brush/Side Wipe,,LGV,Grievious injury,Druken,Four lanes or more with central divider,Straight road,,Heavy rain,T/R,P.V,Non injured,20
17.09.2018,5:55 PM,1255.2,RHS,Rural,Tangutur,Collision Brush/Side Wipe,,LGV,Grievious injury,Druken,Four lanes or more with central divider,Straight road,,Heavy rain,T/R,P.V,Animals affected,0
17.09.2018,10:55 PM,1298.1,RHS,Rural,Gudluru,Collision Brush/Side Wipe,,Bus,Non injury,Over speed,Four lanes or more with central divider,Straight road,,Fine,AP27TZ 3377,P.V,Fatal,0
17.09.2018,10:55 PM,1298.1,RHS,Rural,Gudluru,Collision Brush/Side Wipe,,Bus,Non injury,Over speed,Four lanes or more with central divider,Straight road,,Fine,AP27TZ 3377,P.V,Grevious,0
17.09.2018,10:55 PM,1298.1,RHS,Rural,Gudluru,Collision Brush/Side Wipe,,Bus,Non injury,Over speed,Four lanes or more with central divider,Straight road,,Fine,AP27TZ 3377,P.V,Minor,0
17.09.2018,10:55 PM,1298.1,RHS,Rural,Gudluru,Collision Brush/Side Wipe,,Bus,Non injury,Over speed,Four lanes or more with central divider,Straight road,,Fine,AP27TZ 3377,P.V,Non injured,20
17.09.2018,10:55 PM,1298.1,RHS,Rural,Gudluru,Collision Brush/Side Wipe,,Bus,Non injury,Over speed,Four lanes or more with central divider,Straight road,,Fine,AP27TZ 3377,P.V,Animals affected,4
18.09.2018,6:20 AM,1243.4,RHS,Rural,Ongole,Collision Brush/Side Wipe,,Truck,Non injury,Fault of driver of motor vehicle/driver of other vehicle/cyclist/pedestrian/passenger,Four lanes or more with central divider,Straight road,,Fine,TN02AU 5726,P.V,Fatal,0
18.09.2018,6:20 AM,1243.4,RHS,Rural,Ongole,Collision Brush/Side Wipe,,Truck,Non injury,Fault of driver of motor vehicle/driver of other vehicle/cyclist/pedestrian/passenger,Four lanes or more with central divider,Straight road,,Fine,TN02AU 5726,P.V,Grevious,0
18.09.2018,6:20 AM,1243.4,RHS,Rural,Ongole,Collision Brush/Side Wipe,,Truck,Non injury,Fault of driver of motor vehicle/driver of other vehicle/cyclist/pedestrian/passenger,Four lanes or more with central divider,Straight road,,Fine,TN02AU 5726,P.V,Minor,0
18.09.2018,6:20 AM,1243.4,RHS,Rural,Ongole,Collision Brush/Side Wipe,,Truck,Non injury,Fault of driver of motor vehicle/driver of other vehicle/cyclist/pedestrian/passenger,Four lanes or more with central divider,Straight road,,Fine,TN02AU 5726,P.V,Non injured,1
18.09.2018,6:20 AM,1243.4,RHS,Rural,Ongole,Collision Brush/Side Wipe,,Truck,Non injury,Fault of driver of motor vehicle/driver of other vehicle/cyclist/pedestrian/passenger,Four lanes or more with central divider,Straight road,,Fine,TN02AU 5726,P.V,Animals affected,0
18.09.2018,10:30 AM,1222.6,RHS,Rural,Medarametla,Collision Brush/Side Wipe,,Truck,Grievious injury,Over speed,Four lanes or more with central divider,Straight road,,Fine,AP07TD 1504,P.V,Fatal,0
18.09.2018,10:30 AM,1222.6,RHS,Rural,Medarametla,Collision Brush/Side Wipe,,Truck,Grievious injury,Over speed,Four lanes or more with central divider,Straight road,,Fine,AP07TD 1504,P.V,Grevious,2
18.09.2018,10:30 AM,1222.6,RHS,Rural,Medarametla,Collision Brush/Side Wipe,,Truck,Grievious injury,Over speed,Four lanes or more with central divider,Straight road,,Fine,AP07TD 1504,P.V,Minor,0
18.09.2018,10:30 AM,1222.6,RHS,Rural,Medarametla,Collision Brush/Side Wipe,,Truck,Grievious injury,Over speed,Four lanes or more with central divider,Straight road,,Fine,AP07TD 1504,P.V,Non injured,1
18.09.2018,10:30 AM,1222.6,RHS,Rural,Medarametla,Collision Brush/Side Wipe,,Truck,Grievious injury,Over speed,Four lanes or more with central divider,Straight road,,Fine,AP07TD 1504,P.V,Animals affected,0
18.09.2018,11:10 AM,1220,RHS,Rural,Medarametla,Collision Brush/Side Wipe,,Car,Grievious injury,Over speed,Four lanes or more with central divider,Straight road,,Fine,TS21B     4122,P.V,Fatal,0
18.09.2018,11:10 AM,1220,RHS,Rural,Medarametla,Collision Brush/Side Wipe,,Car,Grievious injury,Over speed,Four lanes or more with central divider,Straight road,,Fine,TS21B     4122,P.V,Grevious,1
18.09.2018,11:10 AM,1220,RHS,Rural,Medarametla,Collision Brush/Side Wipe,,Car,Grievious injury,Over speed,Four lanes or more with central divider,Straight road,,Fine,TS21B     4122,P.V,Minor,2
18.09.2018,11:10 AM,1220,RHS,Rural,Medarametla,Collision Brush/Side Wipe,,Car,Grievious injury,Over speed,Four lanes or more with central divider,Straight road,,Fine,TS21B     4122,P.V,Non injured,1
18.09.2018,11:10 AM,1220,RHS,Rural,Medarametla,Collision Brush/Side Wipe,,Car,Grievious injury,Over speed,Four lanes or more with central divider,Straight road,,Fine,TS21B     4122,P.V,Animals affected,0
18.09.2018,12:30 PM,1309.7,RHS,Rural,Kavali,Collision Brush/Side Wipe,,Bike,Minor injury,Druken,Four lanes or more with central divider,Straight road,,Fine,AP26C    9576,A.M.B,Fatal,0
18.09.2018,12:30 PM,1309.7,RHS,Rural,Kavali,Collision Brush/Side Wipe,,Bike,Minor injury,Druken,Four lanes or more with central divider,Straight road,,Fine,AP26C    9576,A.M.B,Grevious,0
18.09.2018,12:30 PM,1309.7,RHS,Rural,Kavali,Collision Brush/Side Wipe,,Bike,Minor injury,Druken,Four lanes or more with central divider,Straight road,,Fine,AP26C    9576,A.M.B,Minor,2
18.09.2018,12:30 PM,1309.7,RHS,Rural,Kavali,Collision Brush/Side Wipe,,Bike,Minor injury,Druken,Four lanes or more with central divider,Straight road,,Fine,AP26C    9576,A.M.B,Non injured,0
18.09.2018,12:30 PM,1309.7,RHS,Rural,Kavali,Collision Brush/Side Wipe,,Bike,Minor injury,Druken,Four lanes or more with central divider,Straight road,,Fine,AP26C    9576,A.M.B,Animals affected,0
19.09.2018,6:15 AM,1326,RHS,Rural,Kavali,Collision Brush/Side Wipe,,Lorry,Non injury,Fault of driver of motor vehicle/driver of other vehicle/cyclist/pedestrian/passenger,Four lanes or more with central divider,Straight road,,Fine,TN54Y    1516,P.V,Fatal,0