Operational date,Time of Accident,KM && M,Position,Rural/Urban,Location,Nature of Accident Position,Nature of Accident,Vehicle Involved,Type of Accident,Causes,Road Feature,Road condition,Intersection Type And Control,Weather Condition,Vehicle Responsible,Help Provided by Ambulance/Patroling Vehicle,Classification of Accident,No of Affected Persons
19.09.2018,6:15 AM,1326,RHS,Rural,Kavali,Collision Brush/Side Wipe,,Lorry,Non injury,Fault of driver of motor vehicle/driver of other vehicle/cyclist/pedestrian/passenger,Four lanes or more with central divider,Straight road,,Fine,TN54Y    1516,P.V,Grevious,0
19.09.2018,6:15 AM,1326,RHS,Rural,Kavali,Collision Brush/Side Wipe,,Lorry,Non injury,Fault of driver of motor vehicle/driver of other vehicle/cyclist/pedestrian/passenger,Four lanes or more with central divider,Straight road,,Fine,TN54Y    1516,P.V,Minor,0
19.09.2018,6:15 AM,1326,RHS,Rural,Kavali,Collision Brush/Side Wipe,,Lorry,Non injury,Fault of driver of motor vehicle/driver of other vehicle/cyclist/pedestrian/passenger,Four lanes or more with central divider,Straight road,,Fine,TN54Y    1516,P.V,Non injured,1
19.09.2018,6:15 AM,1326,RHS,Rural,Kavali,Collision Brush/Side Wipe,,Lorry,Non injury,Fault of driver of motor vehicle/driver of other vehicle/cyclist/pedestrian/passenger,Four lanes or more with central divider,Straight road,,Fine,TN54Y    1516,P.V,Animals affected,0
20.09.2018,1:20 AM,1183,RHS,Rural,Martur,Overturning,,Trailler,Non injury,Fault of driver of motor vehicle/driver of other vehicle/cyclist/pedestrian/passenger,Four lanes or more with central divider,Straight road,,Fine,NL01L   0877,P.V,Fatal,0
20.09.2018,1:20 AM,1183,RHS,Rural,Martur,Overturning,,Trailler,Non injury,Fault of driver of motor vehicle/driver of other vehicle/cyclist/pedestrian/passenger,Four lanes or more with central divider,Straight road,,Fine,NL01L   0877,P.V,Grevious,0
20.09.2018,1:20 AM,1183,RHS,Rural,Martur,Overturning,,Trailler,Non injury,Fault of driver of motor vehicle/driver of other vehicle/cyclist/pedestrian/passenger,Four lanes or more with central divider,Straight road,,Fine,NL01L   0877,P.V,Minor,0
20.09.2018,1:20 AM,1183,RHS,Rural,Martur,Overturning,,Trailler,Non injury,Fault of driver of motor vehicle/driver of other vehicle/cyclist/pedestrian/passenger,Four lanes or more with central divider,Straight road,,Fine,NL01L   0877,P.V,Non injured,1
20.09.2018,1:20 AM,1183,RHS,Rural,Martur,Overturning,,Trailler,Non injury,Fault of driver of motor vehicle/driver of other vehicle/cyclist/pedestrian/passenger,Four lanes or more with central divider,Straight road,,Fine,NL01L   0877,P.V,Animals affected,0
20.09.2018,12:59 PM,1224.1,RHS,Rural,Maddipadu,Collision Brush/Side Wipe,,Truck,Fatal,Fault of driver of motor vehicle/driver of other vehicle/cyclist/pedestrian/passenger,Four lanes or more with central divider,Straight road,Four arm junction,Fine,AP04TW  2115,P.V,Fatal,1
20.09.2018,12:59 PM,1224.1,RHS,Rural,Maddipadu,Collision Brush/Side Wipe,,Truck,Fatal,Fault of driver of motor vehicle/driver of other vehicle/cyclist/pedestrian/passenger,Four lanes or more with central divider,Straight road,Four arm junction,Fine,AP04TW  2115,P.V,Grevious,0
20.09.2018,12:59 PM,1224.1,RHS,Rural,Maddipadu,Collision Brush/Side Wipe,,Truck,Fatal,Fault of driver of motor vehicle/driver of other vehicle/cyclist/pedestrian/passenger,Four lanes or more with central divider,Straight road,Four arm junction,Fine,AP04TW  2115,P.V,Minor,0
20.09.2018,12:59 PM,1224.1,RHS,Rural,Maddipadu,Collision Brush/Side Wipe,,Truck,Fatal,Fault of driver of motor vehicle/driver of other vehicle/cyclist/pedestrian/passenger,Four lanes or more with central divider,Straight road,Four arm junction,Fine,AP04TW  2115,P.V,Non injured,1
20.09.2018,12:59 PM,1224.1,RHS,Rural,Maddipadu,Collision Brush/Side Wipe,,Truck,Fatal,Fault of driver of motor vehicle/driver of other vehicle/cyclist/pedestrian/passenger,Four lanes or more with central divider,Straight road,Four arm junction,Fine,AP04TW  2115,P.V,Animals affected,0
21.09.2018,4:25 PM,1291.6,RHS,Rural,Ulavapadu,Collision Brush/Side Wipe,,Bike,Minor injury,Over speed,Four lanes or more with central divider,Straight road,,Fine,AP27CC  0508,A.M.B,Fatal,0
21.09.2018,4:25 PM,1291.6,RHS,Rural,Ulavapadu,Collision Brush/Side Wipe,,Bike,Minor injury,Over speed,Four lanes or more with central divider,Straight road,,Fine,AP27CC  0508,A.M.B,Grevious,0
21.09.2018,4:25 PM,1291.6,RHS,Rural,Ulavapadu,Collision Brush/Side Wipe,,Bike,Minor injury,Over speed,Four lanes or more with central divider,Straight road,,Fine,AP27CC  0508,A.M.B,Minor,2
21.09.2018,4:25 PM,1291.6,RHS,Rural,Ulavapadu,Collision Brush/Side Wipe,,Bike,Minor injury,Over speed,Four lanes or more with central divider,Straight road,,Fine,AP27CC  0508,A.M.B,Non injured,0
21.09.2018,4:25 PM,1291.6,RHS,Rural,Ulavapadu,Collision Brush/Side Wipe,,Bike,Minor injury,Over speed,Four lanes or more with central divider,Straight road,,Fine,AP27CC  0508,A.M.B,Animals affected,0
22.09.2018,5:00 AM,1220,RHS,Rural,Medarametla,Rear End Collision,,Unknown vehicle,Fatal,Over speed,Four lanes or more with central divider,Straight road,,Fine,Unknown vehicle,P.V,Fatal,1
22.09.2018,5:00 AM,1220,RHS,Rural,Medarametla,Rear End Collision,,Unknown vehicle,Fatal,Over speed,Four lanes or more with central divider,Straight road,,Fine,Unknown vehicle,P.V,Grevious,0
22.09.2018,5:00 AM,1220,RHS,Rural,Medarametla,Rear End Collision,,Unknown vehicle,Fatal,Over speed,Four lanes or more with central divider,Straight road,,Fine,Unknown vehicle,P.V,Minor,0
22.09.2018,5:00 AM,1220,RHS,Rural,Medarametla,Rear End Collision,,Unknown vehicle,Fatal,Over speed,Four lanes or more with central divider,Straight road,,Fine,Unknown vehicle,P.V,Non injured,0
22.09.2018,5:00 AM,1220,RHS,Rural,Medarametla,Rear End Collision,,Unknown vehicle,Fatal,Over speed,Four lanes or more with central divider,Straight road,,Fine,Unknown vehicle,P.V,Animals affected,0
22.09.2018,5:00 PM,1256.5,RHS,Rural,Tangutur,Collision Brush/Side Wipe,,Truck,Non injury,Defect in mechanical condition of motor vehicle/road condition,Four lanes or more with central divider,Straight road,,Fine,AP04X   8276,A.M.B & P.V,Fatal,0
22.09.2018,5:00 PM,1256.5,RHS,Rural,Tangutur,Collision Brush/Side Wipe,,Truck,Non injury,Defect in mechanical condition of motor vehicle/road condition,Four lanes or more with central divider,Straight road,,Fine,AP04X   8276,A.M.B & P.V,Grevious,0
22.09.2018,5:00 PM,1256.5,RHS,Rural,Tangutur,Collision Brush/Side Wipe,,Truck,Non injury,Defect in mechanical condition of motor vehicle/road condition,Four lanes or more with central divider,Straight road,,Fine,AP04X   8276,A.M.B & P.V,Minor,0
22.09.2018,5:00 PM,1256.5,RHS,Rural,Tangutur,Collision Brush/Side Wipe,,Truck,Non injury,Defect in mechanical condition of motor vehicle/road condition,Four lanes or more with central divider,Straight road,,Fine,AP04X   8276,A.M.B & P.V,Non injured,1
22.09.2018,5:00 PM,1256.5,RHS,Rural,Tangutur,Collision Brush/Side Wipe,,Truck,Non injury,Defect in mechanical condition of motor vehicle/road condition,Four lanes or more with central divider,Straight road,,Fine,AP04X   8276,A.M.B & P.V,Animals affected,0
24.09.2018,5:10 AM,1300.2,RHS,Rural,Gudluru,Collision Brush/Side Wipe,,Truck,Minor injury,Over speed,Four lanes or more with central divider,Straight road,,Fine,TN39BF   4100,P.V,Fatal,0
24.09.2018,5:10 AM,1300.2,RHS,Rural,Gudluru,Collision Brush/Side Wipe,,Truck,Minor injury,Over speed,Four lanes or more with central divider,Straight road,,Fine,TN39BF   4100,P.V,Grevious,0
24.09.2018,5:10 AM,1300.2,RHS,Rural,Gudluru,Collision Brush/Side Wipe,,Truck,Minor injury,Over speed,Four lanes or more with central divider,Straight road,,Fine,TN39BF   4100,P.V,Minor,2
24.09.2018,5:10 AM,1300.2,RHS,Rural,Gudluru,Collision Brush/Side Wipe,,Truck,Minor injury,Over speed,Four lanes or more with central divider,Straight road,,Fine,TN39BF   4100,P.V,Non injured,1
24.09.2018,5:10 AM,1300.2,RHS,Rural,Gudluru,Collision Brush/Side Wipe,,Truck,Minor injury,Over speed,Four lanes or more with central divider,Straight road,,Fine,TN39BF   4100,P.V,Animals affected,0
24.09.2018,10:20 AM,1359.9,RHS,Rural,Kodavaluru,Collision Brush/Side Wipe,,Unknown vehicle,Grievious injury,Over speed,Four lanes or more with central divider,Straight road,,Fine,Unknown vehicle,A.M.B,Fatal,0
24.09.2018,10:20 AM,1359.9,RHS,Rural,Kodavaluru,Collision Brush/Side Wipe,,Unknown vehicle,Grievious injury,Over speed,Four lanes or more with central divider,Straight road,,Fine,Unknown vehicle,A.M.B,Grevious,1
24.09.2018,10:20 AM,1359.9,RHS,Rural,Kodavaluru,Collision Brush/Side Wipe,,Unknown vehicle,Grievious injury,Over speed,Four lanes or more with central divider,Straight road,,Fine,Unknown vehicle,A.M.B,Minor,0
24.09.2018,10:20 AM,1359.9,RHS,Rural,Kodavaluru,Collision Brush/Side Wipe,,Unknown vehicle,Grievious injury,Over speed,Four lanes or more with central divider,Straight road,,Fine,Unknown vehicle,A.M.B,Non injured,0
24.09.2018,10:20 AM,1359.9,RHS,Rural,Kodavaluru,Collision Brush/Side Wipe,,Unknown vehicle,Grievious injury,Over speed,Four lanes or more with central divider,Straight road,,Fine,Unknown vehicle,A.M.B,Animals affected,0
25.09.2018,6:15 AM,1190,RHS,Rural,Martur,Overturning,,Container,Non injury,Fault of driver of motor vehicle/driver of other vehicle/cyclist/pedestrian/passenger,Four lanes or more with central divider,Straight road,,Fine,AP26TC  2890,P.V,Fatal,0
25.09.2018,6:15 AM,1190,RHS,Rural,Martur,Overturning,,Container,Non injury,Fault of driver of motor vehicle/driver of other vehicle/cyclist/pedestrian/passenger,Four lanes or more with central divider,Straight road,,Fine,AP26TC  2890,P.V,Grevious,0
25.09.2018,6:15 AM,1190,RHS,Rural,Martur,Overturning,,Container,Non injury,Fault of driver of motor vehicle/driver of other vehicle/cyclist/pedestrian/passenger,Four lanes or more with central divider,Straight road,,Fine,AP26TC  2890,P.V,Minor,0
25.09.2018,6:15 AM,1190,RHS,Rural,Martur,Overturning,,Container,Non injury,Fault of driver of motor vehicle/driver of other vehicle/cyclist/pedestrian/passenger,Four lanes or more with central divider,Straight road,,Fine,AP26TC  2890,P.V,Non injured,1
25.09.2018,6:15 AM,1190,RHS,Rural,Martur,Overturning,,Container,Non injury,Fault of driver of motor vehicle/driver of other vehicle/cyclist/pedestrian/passenger,Four lanes or more with central divider,Straight road,,Fine,AP26TC  2890,P.V,Animals affected,0
25.09.2018,6:38 AM,1351.8,RHS,Rural,Kodavaluru,Collision Brush/Side Wipe,,Car,Fatal,Fault of driver of motor vehicle/driver of other vehicle/cyclist/pedestrian/passenger,Four lanes or more with central divider,Straight road,,Fine,AP26AN 4466,A.M.B &P.V,Fatal,3
25.09.2018,6:38 AM,1351.8,RHS,Rural,Kodavaluru,Collision Brush/Side Wipe,,Car,Fatal,Fault of driver of motor vehicle/driver of other vehicle/cyclist/pedestrian/passenger,Four lanes or more with central divider,Straight road,,Fine,AP26AN 4466,A.M.B &P.V,Grevious,1
25.09.2018,6:38 AM,1351.8,RHS,Rural,Kodavaluru,Collision Brush/Side Wipe,,Car,Fatal,Fault of driver of motor vehicle/driver of other vehicle/cyclist/pedestrian/passenger,Four lanes or more with central divider,Straight road,,Fine,AP26AN 4466,A.M.B &P.V,Minor,0
25.09.2018,6:38 AM,1351.8,RHS,Rural,Kodavaluru,Collision Brush/Side Wipe,,Car,Fatal,Fault of driver of motor vehicle/driver of other vehicle/cyclist/pedestrian/passenger,Four lanes or more with central divider,Straight road,,Fine,AP26AN 4466,A.M.B &P.V,Non injured,1
25.09.2018,6:38 AM,1351.8,RHS,Rural,Kodavaluru,Collision Brush/Side Wipe,,Car,Fatal,Fault of driver of motor vehicle/driver of other vehicle/cyclist/pedestrian/passenger,Four lanes or more with central divider,Straight road,,Fine,AP26AN 4466,A.M.B &P.V,Animals affected,0
25.09.2018,11:55 PM,1351.2,RHS,Rural,Kodavaluru,Collision Brush/Side Wipe,,Container,Grievious injury,Fault of driver of motor vehicle/driver of other vehicle/cyclist/pedestrian/passenger,Four lanes or more with central divider,Straight road,,Fine,TS07UD 1467,A.M.B &P.V,Fatal,0
25.09.2018,11:55 PM,1351.2,RHS,Rural,Kodavaluru,Collision Brush/Side Wipe,,Container,Grievious injury,Fault of driver of motor vehicle/driver of other vehicle/cyclist/pedestrian/passenger,Four lanes or more with central divider,Straight road,,Fine,TS07UD 1467,A.M.B &P.V,Grevious,1
25.09.2018,11:55 PM,1351.2,RHS,Rural,Kodavaluru,Collision Brush/Side Wipe,,Container,Grievious injury,Fault of driver of motor vehicle/driver of other vehicle/cyclist/pedestrian/passenger,Four lanes or more with central divider,Straight road,,Fine,TS07UD 1467,A.M.B &P.V,Minor,1
25.09.2018,11:55 PM,1351.2,RHS,Rural,Kodavaluru,Collision Brush/Side Wipe,,Container,Grievious injury,Fault of driver of motor vehicle/driver of other vehicle/cyclist/pedestrian/passenger,Four lanes or more with central divider,Straight road,,Fine,TS07UD 1467,A.M.B &P.V,Non injured,0
25.09.2018,11:55 PM,1351.2,RHS,Rural,Kodavaluru,Collision Brush/Side Wipe,,Container,Grievious injury,Fault of driver of motor vehicle/driver of other vehicle/cyclist/pedestrian/passenger,Four lanes or more with central divider,Straight road,,Fine,TS07UD 1467,A.M.B &P.V,Animals affected,0
26.09.2018,6:30 PM,1205.6,RHS,Rural,Reningavaram,Rear End Collision,,Bike,Grievious injury,Over speed,Four lanes or more with central divider,Straight road,,Fine,AP27BT  3131,A.M.B &P.V,Fatal,0
26.09.2018,6:30 PM,1205.6,RHS,Rural,Reningavaram,Rear End Collision,,Bike,Grievious injury,Over speed,Four lanes or more with central divider,Straight road,,Fine,AP27BT  3131,A.M.B &P.V,Grevious,1
26.09.2018,6:30 PM,1205.6,RHS,Rural,Reningavaram,Rear End Collision,,Bike,Grievious injury,Over speed,Four lanes or more with central divider,Straight road,,Fine,AP27BT  3131,A.M.B &P.V,Minor,0
26.09.2018,6:30 PM,1205.6,RHS,Rural,Reningavaram,Rear End Collision,,Bike,Grievious injury,Over speed,Four lanes or more with central divider,Straight road,,Fine,AP27BT  3131,A.M.B &P.V,Non injured,1
26.09.2018,6:30 PM,1205.6,RHS,Rural,Reningavaram,Rear End Collision,,Bike,Grievious injury,Over speed,Four lanes or more with central divider,Straight road,,Fine,AP27BT  3131,A.M.B &P.V,Animals affected,0
27.09.2018,3:30 PM,1183.9,RHS,Rural,Martur,Collision Brush/Side Wipe,,Car,Non injury,Over speed,Four lanes or more with central divider,Straight road,,Fine,KA03AF  1246,P.V,Fatal,0
27.09.2018,3:30 PM,1183.9,RHS,Rural,Martur,Collision Brush/Side Wipe,,Car,Non injury,Over speed,Four lanes or more with central divider,Straight road,,Fine,KA03AF  1246,P.V,Grevious,0
27.09.2018,3:30 PM,1183.9,RHS,Rural,Martur,Collision Brush/Side Wipe,,Car,Non injury,Over speed,Four lanes or more with central divider,Straight road,,Fine,KA03AF  1246,P.V,Minor,0
27.09.2018,3:30 PM,1183.9,RHS,Rural,Martur,Collision Brush/Side Wipe,,Car,Non injury,Over speed,Four lanes or more with central divider,Straight road,,Fine,KA03AF  1246,P.V,Non injured,2
27.09.2018,3:30 PM,1183.9,RHS,Rural,Martur,Collision Brush/Side Wipe,,Car,Non injury,Over speed,Four lanes or more with central divider,Straight road,,Fine,KA03AF  1246,P.V,Animals affected,0
29.09.2018,1:15 AM,1311.8,RHS,Rural,Kavali,Overturning,,Container,Non injury,Fault of driver of motor vehicle/driver of other vehicle/cyclist/pedestrian/passenger,Four lanes or more with central divider,Straight road,,Fine,NG01AB    5151,P.V.,Fatal,0
29.09.2018,1:15 AM,1311.8,RHS,Rural,Kavali,Overturning,,Container,Non injury,Fault of driver of motor vehicle/driver of other vehicle/cyclist/pedestrian/passenger,Four lanes or more with central divider,Straight road,,Fine,NG01AB    5151,P.V.,Grevious,0
29.09.2018,1:15 AM,1311.8,RHS,Rural,Kavali,Overturning,,Container,Non injury,Fault of driver of motor vehicle/driver of other vehicle/cyclist/pedestrian/passenger,Four lanes or more with central divider,Straight road,,Fine,NG01AB    5151,P.V.,Minor,0
29.09.2018,1:15 AM,1311.8,RHS,Rural,Kavali,Overturning,,Container,Non injury,Fault of driver of motor vehicle/driver of other vehicle/cyclist/pedestrian/passenger,Four lanes or more with central divider,Straight road,,Fine,NG01AB    5151,P.V.,Non injured,2
29.09.2018,1:15 AM,1311.8,RHS,Rural,Kavali,Overturning,,Container,Non injury,Fault of driver of motor vehicle/driver of other vehicle/cyclist/pedestrian/passenger,Four lanes or more with central divider,Straight road,,Fine,NG01AB    5151,P.V.,Animals affected,0
29.09.2018,8:55 AM,1255.4,RHS,Rural,Tangutur,Collision Brush/Side Wipe,,Truck,Fatal,Over speed,Four lanes or more with central divider,Straight road,,Fine,AP26Y    0376,P.V.,Fatal,1
29.09.2018,8:55 AM,1255.4,RHS,Rural,Tangutur,Collision Brush/Side Wipe,,Truck,Fatal,Over speed,Four lanes or more with central divider,Straight road,,Fine,AP26Y    0376,P.V.,Grevious,0
29.09.2018,8:55 AM,1255.4,RHS,Rural,Tangutur,Collision Brush/Side Wipe,,Truck,Fatal,Over speed,Four lanes or more with central divider,Straight road,,Fine,AP26Y    0376,P.V.,Minor,5
29.09.2018,8:55 AM,1255.4,RHS,Rural,Tangutur,Collision Brush/Side Wipe,,Truck,Fatal,Over speed,Four lanes or more with central divider,Straight road,,Fine,AP26Y    0376,P.V.,Non injured,1
29.09.2018,8:55 AM,1255.4,RHS,Rural,Tangutur,Collision Brush/Side Wipe,,Truck,Fatal,Over speed,Four lanes or more with central divider,Straight road,,Fine,AP26Y    0376,P.V.,Animals affected,0
30.09.2018,6:15 AM,1228.3,RHS,Rural,Maddipadu,Rear End Collision,,Car,Minor injury,Over speed,Four lanes or more with central divider,Straight road,,Fine,TN05BP   1171,P.V.,Fatal,0
30.09.2018,6:15 AM,1228.3,RHS,Rural,Maddipadu,Rear End Collision,,Car,Minor injury,Over speed,Four lanes or more with central divider,Straight road,,Fine,TN05BP   1171,P.V.,Grevious,0
30.09.2018,6:15 AM,1228.3,RHS,Rural,Maddipadu,Rear End Collision,,Car,Minor injury,Over speed,Four lanes or more with central divider,Straight road,,Fine,TN05BP   1171,P.V.,Minor,1
30.09.2018,6:15 AM,1228.3,RHS,Rural,Maddipadu,Rear End Collision,,Car,Minor injury,Over speed,Four lanes or more with central divider,Straight road,,Fine,TN05BP   1171,P.V.,Non injured,1
30.09.2018,6:15 AM,1228.3,RHS,Rural,Maddipadu,Rear End Collision,,Car,Minor injury,Over speed,Four lanes or more with central divider,Straight road,,Fine,TN05BP   1171,P.V.,Animals affected,0
30.09.2018,8:20 AM,1234.1,RHS,Rural,Maddipadu,Head on collision,,Car,Minor injury,Fault of driver of motor vehicle/driver of other vehicle/cyclist/pedestrian/passenger,Four lanes or more with central divider,Straight road,T-Junction,Fine,AP03R   3171,P.V.,Fatal,0
30.09.2018,8:20 AM,1234.1,RHS,Rural,Maddipadu,Head on collision,,Car,Minor injury,Fault of driver of motor vehicle/driver of other vehicle/cyclist/pedestrian/passenger,Four lanes or more with central divider,Straight road,T-Junction,Fine,AP03R   3171,P.V.,Grevious,0
30.09.2018,8:20 AM,1234.1,RHS,Rural,Maddipadu,Head on collision,,Car,Minor injury,Fault of driver of motor vehicle/driver of other vehicle/cyclist/pedestrian/passenger,Four lanes or more with central divider,Straight road,T-Junction,Fine,AP03R   3171,P.V.,Minor,1
30.09.2018,8:20 AM,1234.1,RHS,Rural,Maddipadu,Head on collision,,Car,Minor injury,Fault of driver of motor vehicle/driver of other vehicle/cyclist/pedestrian/passenger,Four lanes or more with central divider,Straight road,T-Junction,Fine,AP03R   3171,P.V.,Non injured,3
30.09.2018,8:20 AM,1234.1,RHS,Rural,Maddipadu,Head on collision,,Car,Minor injury,Fault of driver of motor vehicle/driver of other vehicle/cyclist/pedestrian/passenger,Four lanes or more with central divider,Straight road,T-Junction,Fine,AP03R   3171,P.V.,Animals affected,0
30.09.2018,7:00 PM,1328.6,RHS,Rural,Kavali,Collision Brush/Side Wipe,,Car,Fatal,Over speed,Four lanes or more with central divider,Slight curve,,Fine,AP26AP   6919,A.M.B & P.V.,Fatal,1
30.09.2018,7:00 PM,1328.6,RHS,Rural,Kavali,Collision Brush/Side Wipe,,Car,Fatal,Over speed,Four lanes or more with central divider,Slight curve,,Fine,AP26AP   6919,A.M.B & P.V.,Grevious,1
30.09.2018,7:00 PM,1328.6,RHS,Rural,Kavali,Collision Brush/Side Wipe,,Car,Fatal,Over speed,Four lanes or more with central divider,Slight curve,,Fine,AP26AP   6919,A.M.B & P.V.,Minor,0
30.09.2018,7:00 PM,1328.6,RHS,Rural,Kavali,Collision Brush/Side Wipe,,Car,Fatal,Over speed,Four lanes or more with central divider,Slight curve,,Fine,AP26AP   6919,A.M.B & P.V.,Non injured,1
30.09.2018,7:00 PM,1328.6,RHS,Rural,Kavali,Collision Brush/Side Wipe,,Car,Fatal,Over speed,Four lanes or more with central divider,Slight curve,,Fine,AP26AP   6919,A.M.B & P.V.,Animals affected,0
01.10.2018,04:30AM,1219.7,RHS,Rural,Medarametla,Overturning,,Truck,Non injury,Fault of driver of motor vehicle/driver of other vehicle/cyclist/pedestrian/passenger,Four lanes or more with central divider,Slight curve,,Fine,Mini Lorry,P.V.,Fatal,0
01.10.2018,04:30AM,1219.7,RHS,Rural,Medarametla,Overturning,,Truck,Non injury,Fault of driver of motor vehicle/driver of other vehicle/cyclist/pedestrian/passenger,Four lanes or more with central divider,Slight curve,,Fine,Mini Lorry,P.V.,Grevious,0
01.10.2018,04:30AM,1219.7,RHS,Rural,Medarametla,Overturning,,Truck,Non injury,Fault of driver of motor vehicle/driver of other vehicle/cyclist/pedestrian/passenger,Four lanes or more with central divider,Slight curve,,Fine,Mini Lorry,P.V.,Minor,0
01.10.2018,04:30AM,1219.7,RHS,Rural,Medarametla,Overturning,,Truck,Non injury,Fault of driver of motor vehicle/driver of other vehicle/cyclist/pedestrian/passenger,Four lanes or more with central divider,Slight curve,,Fine,Mini Lorry,P.V.,Non injured,1
01.10.2018,04:30AM,1219.7,RHS,Rural,Medarametla,Overturning,,Truck,Non injury,Fault of driver of motor vehicle/driver of other vehicle/cyclist/pedestrian/passenger,Four lanes or more with central divider,Slight curve,,Fine,Mini Lorry,P.V.,Animals affected,0
01.10.2018,05:05AM,1311.8,RHS,Rural,Kavali,Collision Brush/Side Wipe,,Container,Non injury,Fault of driver of motor vehicle/driver of other vehicle/cyclist/pedestrian/passenger,Four lanes or more with central divider,Straight road,,Fine,Container Vehicle,P.V.,Fatal,0
01.10.2018,05:05AM,1311.8,RHS,Rural,Kavali,Collision Brush/Side Wipe,,Container,Non injury,Fault of driver of motor vehicle/driver of other vehicle/cyclist/pedestrian/passenger,Four lanes or more with central divider,Straight road,,Fine,Container Vehicle,P.V.,Grevious,0
01.10.2018,05:05AM,1311.8,RHS,Rural,Kavali,Collision Brush/Side Wipe,,Container,Non injury,Fault of driver of motor vehicle/driver of other vehicle/cyclist/pedestrian/passenger,Four lanes or more with central divider,Straight road,,Fine,Container Vehicle,P.V.,Minor,0
01.10.2018,05:05AM,1311.8,RHS,Rural,Kavali,Collision Brush/Side Wipe,,Container,Non injury,Fault of driver of motor vehicle/driver of other vehicle/cyclist/pedestrian/passenger,Four lanes or more with central divider,Straight road,,Fine,Container Vehicle,P.V.,Non injured,1
01.10.2018,05:05AM,1311.8,RHS,Rural,Kavali,Collision Brush/Side Wipe,,Container,Non injury,Fault of driver of motor vehicle/driver of other vehicle/cyclist/pedestrian/passenger,Four lanes or more with central divider,Straight road,,Fine,Container Vehicle,P.V.,Animals affected,0
01.10.2018,05:15PM,1240.7,RHS,Rural,Ongole,Overturning,,Unknown vehicle,Minor injury,Over speed,Four lanes or more with central divider,Straight road,,Fine,Tractor,P.V.,Fatal,0
01.10.2018,05:15PM,1240.7,RHS,Rural,Ongole,Overturning,,Unknown vehicle,Minor injury,Over speed,Four lanes or more with central divider,Straight road,,Fine,Tractor,P.V.,Grevious,0
01.10.2018,05:15PM,1240.7,RHS,Rural,Ongole,Overturning,,Unknown vehicle,Minor injury,Over speed,Four lanes or more with central divider,Straight road,,Fine,Tractor,P.V.,Minor,1
01.10.2018,05:15PM,1240.7,RHS,Rural,Ongole,Overturning,,Unknown vehicle,Minor injury,Over speed,Four lanes or more with central divider,Straight road,,Fine,Tractor,P.V.,Non injured,1
01.10.2018,05:15PM,1240.7,RHS,Rural,Ongole,Overturning,,Unknown vehicle,Minor injury,Over speed,Four lanes or more with central divider,Straight road,,Fine,Tractor,P.V.,Animals affected,0
02.10.2018,12:00PM,1243.5,RHS,Rural,Ongole,Overturning,,Truck,Minor injury,Fault of driver of motor vehicle/driver of other vehicle/cyclist/pedestrian/passenger,Four lanes or more with central divider,Straight road,,Fine, Lorry,P.V.,Fatal,0
02.10.2018,12:00PM,1243.5,RHS,Rural,Ongole,Overturning,,Truck,Minor injury,Fault of driver of motor vehicle/driver of other vehicle/cyclist/pedestrian/passenger,Four lanes or more with central divider,Straight road,,Fine, Lorry,P.V.,Grevious,0
02.10.2018,12:00PM,1243.5,RHS,Rural,Ongole,Overturning,,Truck,Minor injury,Fault of driver of motor vehicle/driver of other vehicle/cyclist/pedestrian/passenger,Four lanes or more with central divider,Straight road,,Fine, Lorry,P.V.,Minor,1
02.10.2018,12:00PM,1243.5,RHS,Rural,Ongole,Overturning,,Truck,Minor injury,Fault of driver of motor vehicle/driver of other vehicle/cyclist/pedestrian/passenger,Four lanes or more with central divider,Straight road,,Fine, Lorry,P.V.,Non injured,1
02.10.2018,12:00PM,1243.5,RHS,Rural,Ongole,Overturning,,Truck,Minor injury,Fault of driver of motor vehicle/driver of other vehicle/cyclist/pedestrian/passenger,Four lanes or more with central divider,Straight road,,Fine, Lorry,P.V.,Animals affected,0
03.10.2018,20:30PM,1351.2,RHS,Rural,Kodavaluru,Collision Brush/Side Wipe,,Container,Minor injury,Over speed,Four lanes or more with central divider,Straight road,,Fine,Container Vehicle,A.M.B & P.V,Fatal,0
03.10.2018,20:30PM,1351.2,RHS,Rural,Kodavaluru,Collision Brush/Side Wipe,,Container,Minor injury,Over speed,Four lanes or more with central divider,Straight road,,Fine,Container Vehicle,A.M.B & P.V,Grevious,0
03.10.2018,20:30PM,1351.2,RHS,Rural,Kodavaluru,Collision Brush/Side Wipe,,Container,Minor injury,Over speed,Four lanes or more with central divider,Straight road,,Fine,Container Vehicle,A.M.B & P.V,Minor,2
03.10.2018,20:30PM,1351.2,RHS,Rural,Kodavaluru,Collision Brush/Side Wipe,,Container,Minor injury,Over speed,Four lanes or more with central divider,Straight road,,Fine,Container Vehicle,A.M.B & P.V,Non injured,1
03.10.2018,20:30PM,1351.2,RHS,Rural,Kodavaluru,Collision Brush/Side Wipe,,Container,Minor injury,Over speed,Four lanes or more with central divider,Straight road,,Fine,Container Vehicle,A.M.B & P.V,Animals affected,0