Operational date,Time of Accident,KM && M,Position,Rural/Urban,Location,Nature of Accident Position,Nature of Accident,Vehicle Involved,Type of Accident,Causes,Road Feature,Road condition,Intersection Type And Control,Weather Condition,Vehicle Responsible,Help Provided by Ambulance/Patroling Vehicle,Classification of Accident,No of Affected Persons
04.10.2018,12:10AM,1249.2,RHS,Rural,Ongole,Collision Brush/Side Wipe,,Container,Minor injury,Fault of driver of motor vehicle/driver of other vehicle/cyclist/pedestrian/passenger,Four lanes or more with central divider,Straight road,,Fine, Mini Container Vehicle,P.V ,Fatal,0
04.10.2018,12:10AM,1249.2,RHS,Rural,Ongole,Collision Brush/Side Wipe,,Container,Minor injury,Fault of driver of motor vehicle/driver of other vehicle/cyclist/pedestrian/passenger,Four lanes or more with central divider,Straight road,,Fine, Mini Container Vehicle,P.V ,Grevious,0
04.10.2018,12:10AM,1249.2,RHS,Rural,Ongole,Collision Brush/Side Wipe,,Container,Minor injury,Fault of driver of motor vehicle/driver of other vehicle/cyclist/pedestrian/passenger,Four lanes or more with central divider,Straight road,,Fine, Mini Container Vehicle,P.V ,Minor,1
04.10.2018,12:10AM,1249.2,RHS,Rural,Ongole,Collision Brush/Side Wipe,,Container,Minor injury,Fault of driver of motor vehicle/driver of other vehicle/cyclist/pedestrian/passenger,Four lanes or more with central divider,Straight road,,Fine, Mini Container Vehicle,P.V ,Non injured,1
04.10.2018,12:10AM,1249.2,RHS,Rural,Ongole,Collision Brush/Side Wipe,,Container,Minor injury,Fault of driver of motor vehicle/driver of other vehicle/cyclist/pedestrian/passenger,Four lanes or more with central divider,Straight road,,Fine, Mini Container Vehicle,P.V ,Animals affected,0
04.10.2018,02:00AM,1365.9,RHS,Rural,Kovuru,Collision Brush/Side Wipe,,Truck,Non injury,Fault of driver of motor vehicle/driver of other vehicle/cyclist/pedestrian/passenger,Four lanes or more with central divider,Straight road,,Fine, Lorry,P.V ,Fatal,0
04.10.2018,02:00AM,1365.9,RHS,Rural,Kovuru,Collision Brush/Side Wipe,,Truck,Non injury,Fault of driver of motor vehicle/driver of other vehicle/cyclist/pedestrian/passenger,Four lanes or more with central divider,Straight road,,Fine, Lorry,P.V ,Grevious,0
04.10.2018,02:00AM,1365.9,RHS,Rural,Kovuru,Collision Brush/Side Wipe,,Truck,Non injury,Fault of driver of motor vehicle/driver of other vehicle/cyclist/pedestrian/passenger,Four lanes or more with central divider,Straight road,,Fine, Lorry,P.V ,Minor,0
04.10.2018,02:00AM,1365.9,RHS,Rural,Kovuru,Collision Brush/Side Wipe,,Truck,Non injury,Fault of driver of motor vehicle/driver of other vehicle/cyclist/pedestrian/passenger,Four lanes or more with central divider,Straight road,,Fine, Lorry,P.V ,Non injured,1
04.10.2018,02:00AM,1365.9,RHS,Rural,Kovuru,Collision Brush/Side Wipe,,Truck,Non injury,Fault of driver of motor vehicle/driver of other vehicle/cyclist/pedestrian/passenger,Four lanes or more with central divider,Straight road,,Fine, Lorry,P.V ,Animals affected,0
04.10.2018,04:35AM,1251,RHS,Rural,Ongole,Collision Brush/Side Wipe,,Truck,Minor injury,Fault of driver of motor vehicle/driver of other vehicle/cyclist/pedestrian/passenger,Four lanes or more with central divider,Straight road,,Fine,Mini Lorry,P.V ,Fatal,0
04.10.2018,04:35AM,1251,RHS,Rural,Ongole,Collision Brush/Side Wipe,,Truck,Minor injury,Fault of driver of motor vehicle/driver of other vehicle/cyclist/pedestrian/passenger,Four lanes or more with central divider,Straight road,,Fine,Mini Lorry,P.V ,Grevious,0
04.10.2018,04:35AM,1251,RHS,Rural,Ongole,Collision Brush/Side Wipe,,Truck,Minor injury,Fault of driver of motor vehicle/driver of other vehicle/cyclist/pedestrian/passenger,Four lanes or more with central divider,Straight road,,Fine,Mini Lorry,P.V ,Minor,1
04.10.2018,04:35AM,1251,RHS,Rural,Ongole,Collision Brush/Side Wipe,,Truck,Minor injury,Fault of driver of motor vehicle/driver of other vehicle/cyclist/pedestrian/passenger,Four lanes or more with central divider,Straight road,,Fine,Mini Lorry,P.V ,Non injured,1
04.10.2018,04:35AM,1251,RHS,Rural,Ongole,Collision Brush/Side Wipe,,Truck,Minor injury,Fault of driver of motor vehicle/driver of other vehicle/cyclist/pedestrian/passenger,Four lanes or more with central divider,Straight road,,Fine,Mini Lorry,P.V ,Animals affected,0
04.10.2018,08:25AM,1239.6,RHS,Rural,Ongole,Rear End Collision,,Container,Non injury,Fault of driver of motor vehicle/driver of other vehicle/cyclist/pedestrian/passenger,Four lanes or more with central divider,Straight road,,Fine,Container Vehicle,P.V ,Fatal,0
04.10.2018,08:25AM,1239.6,RHS,Rural,Ongole,Rear End Collision,,Container,Non injury,Fault of driver of motor vehicle/driver of other vehicle/cyclist/pedestrian/passenger,Four lanes or more with central divider,Straight road,,Fine,Container Vehicle,P.V ,Grevious,0
04.10.2018,08:25AM,1239.6,RHS,Rural,Ongole,Rear End Collision,,Container,Non injury,Fault of driver of motor vehicle/driver of other vehicle/cyclist/pedestrian/passenger,Four lanes or more with central divider,Straight road,,Fine,Container Vehicle,P.V ,Minor,0
04.10.2018,08:25AM,1239.6,RHS,Rural,Ongole,Rear End Collision,,Container,Non injury,Fault of driver of motor vehicle/driver of other vehicle/cyclist/pedestrian/passenger,Four lanes or more with central divider,Straight road,,Fine,Container Vehicle,P.V ,Non injured,3
04.10.2018,08:25AM,1239.6,RHS,Rural,Ongole,Rear End Collision,,Container,Non injury,Fault of driver of motor vehicle/driver of other vehicle/cyclist/pedestrian/passenger,Four lanes or more with central divider,Straight road,,Fine,Container Vehicle,P.V ,Animals affected,0
04.10.2018,09:15AM,1265.5,RHS,Rural,Tangutur,Collision Brush/Side Wipe,,Car,Minor injury,Over speed,Four lanes or more with central divider,Straight road,,Fine,Car,A.M.B & P.V,Fatal,0
04.10.2018,09:15AM,1265.5,RHS,Rural,Tangutur,Collision Brush/Side Wipe,,Car,Minor injury,Over speed,Four lanes or more with central divider,Straight road,,Fine,Car,A.M.B & P.V,Grevious,0
04.10.2018,09:15AM,1265.5,RHS,Rural,Tangutur,Collision Brush/Side Wipe,,Car,Minor injury,Over speed,Four lanes or more with central divider,Straight road,,Fine,Car,A.M.B & P.V,Minor,1
04.10.2018,09:15AM,1265.5,RHS,Rural,Tangutur,Collision Brush/Side Wipe,,Car,Minor injury,Over speed,Four lanes or more with central divider,Straight road,,Fine,Car,A.M.B & P.V,Non injured,1
04.10.2018,09:15AM,1265.5,RHS,Rural,Tangutur,Collision Brush/Side Wipe,,Car,Minor injury,Over speed,Four lanes or more with central divider,Straight road,,Fine,Car,A.M.B & P.V,Animals affected,0
05.10.2018,11:15PM,1282.4,RHS,Rural,Singarayakonda,Collision Brush/Side Wipe,,Bike,Grievious injury,Druken,Four lanes or more with central divider,Straight road,,Fine,Bike (AP26BY 4547),A.M.B ,Fatal,0
05.10.2018,11:15PM,1282.4,RHS,Rural,Singarayakonda,Collision Brush/Side Wipe,,Bike,Grievious injury,Druken,Four lanes or more with central divider,Straight road,,Fine,Bike (AP26BY 4547),A.M.B ,Grevious,1
05.10.2018,11:15PM,1282.4,RHS,Rural,Singarayakonda,Collision Brush/Side Wipe,,Bike,Grievious injury,Druken,Four lanes or more with central divider,Straight road,,Fine,Bike (AP26BY 4547),A.M.B ,Minor,1
05.10.2018,11:15PM,1282.4,RHS,Rural,Singarayakonda,Collision Brush/Side Wipe,,Bike,Grievious injury,Druken,Four lanes or more with central divider,Straight road,,Fine,Bike (AP26BY 4547),A.M.B ,Non injured,0
05.10.2018,11:15PM,1282.4,RHS,Rural,Singarayakonda,Collision Brush/Side Wipe,,Bike,Grievious injury,Druken,Four lanes or more with central divider,Straight road,,Fine,Bike (AP26BY 4547),A.M.B ,Animals affected,0
06.10.2018,10:25AM,1359.8,RHS,Rural,Kodavaluru,Collision Brush/Side Wipe,,Car,Grievious injury,Over speed,Four lanes or more with central divider,Straight road,,Fine,Car (AP37CJ 1122),P.V,Fatal,0
06.10.2018,10:25AM,1359.8,RHS,Rural,Kodavaluru,Collision Brush/Side Wipe,,Car,Grievious injury,Over speed,Four lanes or more with central divider,Straight road,,Fine,Car (AP37CJ 1122),P.V,Grevious,1
06.10.2018,10:25AM,1359.8,RHS,Rural,Kodavaluru,Collision Brush/Side Wipe,,Car,Grievious injury,Over speed,Four lanes or more with central divider,Straight road,,Fine,Car (AP37CJ 1122),P.V,Minor,3
06.10.2018,10:25AM,1359.8,RHS,Rural,Kodavaluru,Collision Brush/Side Wipe,,Car,Grievious injury,Over speed,Four lanes or more with central divider,Straight road,,Fine,Car (AP37CJ 1122),P.V,Non injured,1
06.10.2018,10:25AM,1359.8,RHS,Rural,Kodavaluru,Collision Brush/Side Wipe,,Car,Grievious injury,Over speed,Four lanes or more with central divider,Straight road,,Fine,Car (AP37CJ 1122),P.V,Animals affected,0
07.10.2018,04:15AM,1316.1,RHS,Rural,Kavali,Rear End Collision,,Car,Grievious injury,Over speed,Four lanes or more with central divider,Straight road,,Fine,Car (AP27BQ 9009),P.V,Fatal,0
07.10.2018,04:15AM,1316.1,RHS,Rural,Kavali,Rear End Collision,,Car,Grievious injury,Over speed,Four lanes or more with central divider,Straight road,,Fine,Car (AP27BQ 9009),P.V,Grevious,1
07.10.2018,04:15AM,1316.1,RHS,Rural,Kavali,Rear End Collision,,Car,Grievious injury,Over speed,Four lanes or more with central divider,Straight road,,Fine,Car (AP27BQ 9009),P.V,Minor,1
07.10.2018,04:15AM,1316.1,RHS,Rural,Kavali,Rear End Collision,,Car,Grievious injury,Over speed,Four lanes or more with central divider,Straight road,,Fine,Car (AP27BQ 9009),P.V,Non injured,0
07.10.2018,04:15AM,1316.1,RHS,Rural,Kavali,Rear End Collision,,Car,Grievious injury,Over speed,Four lanes or more with central divider,Straight road,,Fine,Car (AP27BQ 9009),P.V,Animals affected,0
07.10.2018,07:18PM,1243,RHS,Rural,Ongole,Head on collision,,Unknown vehicle,Fatal,Over speed,Four lanes or more with central divider,Straight road,,Fine,Unknown Vehicle,P.V,Fatal,1
07.10.2018,07:18PM,1243,RHS,Rural,Ongole,Head on collision,,Unknown vehicle,Fatal,Over speed,Four lanes or more with central divider,Straight road,,Fine,Unknown Vehicle,P.V,Grevious,0
07.10.2018,07:18PM,1243,RHS,Rural,Ongole,Head on collision,,Unknown vehicle,Fatal,Over speed,Four lanes or more with central divider,Straight road,,Fine,Unknown Vehicle,P.V,Minor,0
07.10.2018,07:18PM,1243,RHS,Rural,Ongole,Head on collision,,Unknown vehicle,Fatal,Over speed,Four lanes or more with central divider,Straight road,,Fine,Unknown Vehicle,P.V,Non injured,0
07.10.2018,07:18PM,1243,RHS,Rural,Ongole,Head on collision,,Unknown vehicle,Fatal,Over speed,Four lanes or more with central divider,Straight road,,Fine,Unknown Vehicle,P.V,Animals affected,0
07.10.2018,09:00PM,1326.2,RHS,Rural,Kavali,Collision Brush/Side Wipe,,Bike,Grievious injury,Druken,Four lanes or more with central divider,Straight road,,Fine,Bike (AP26AT 6034),A.M.B,Fatal,0
07.10.2018,09:00PM,1326.2,RHS,Rural,Kavali,Collision Brush/Side Wipe,,Bike,Grievious injury,Druken,Four lanes or more with central divider,Straight road,,Fine,Bike (AP26AT 6034),A.M.B,Grevious,1
07.10.2018,09:00PM,1326.2,RHS,Rural,Kavali,Collision Brush/Side Wipe,,Bike,Grievious injury,Druken,Four lanes or more with central divider,Straight road,,Fine,Bike (AP26AT 6034),A.M.B,Minor,0
07.10.2018,09:00PM,1326.2,RHS,Rural,Kavali,Collision Brush/Side Wipe,,Bike,Grievious injury,Druken,Four lanes or more with central divider,Straight road,,Fine,Bike (AP26AT 6034),A.M.B,Non injured,0
07.10.2018,09:00PM,1326.2,RHS,Rural,Kavali,Collision Brush/Side Wipe,,Bike,Grievious injury,Druken,Four lanes or more with central divider,Straight road,,Fine,Bike (AP26AT 6034),A.M.B,Animals affected,0
08.10.2018,02:35AM ,1288.9,RHS,Rural,Ulavapadu,Collision Brush/Side Wipe,,Truck,Non injury,Fault of driver of motor vehicle/driver of other vehicle/cyclist/pedestrian/passenger,Four lanes or more with central divider,Slight curve,,Fine,Lorry (KA56 3591),P.V,Fatal,0
08.10.2018,02:35AM ,1288.9,RHS,Rural,Ulavapadu,Collision Brush/Side Wipe,,Truck,Non injury,Fault of driver of motor vehicle/driver of other vehicle/cyclist/pedestrian/passenger,Four lanes or more with central divider,Slight curve,,Fine,Lorry (KA56 3591),P.V,Grevious,0
08.10.2018,02:35AM ,1288.9,RHS,Rural,Ulavapadu,Collision Brush/Side Wipe,,Truck,Non injury,Fault of driver of motor vehicle/driver of other vehicle/cyclist/pedestrian/passenger,Four lanes or more with central divider,Slight curve,,Fine,Lorry (KA56 3591),P.V,Minor,0
08.10.2018,02:35AM ,1288.9,RHS,Rural,Ulavapadu,Collision Brush/Side Wipe,,Truck,Non injury,Fault of driver of motor vehicle/driver of other vehicle/cyclist/pedestrian/passenger,Four lanes or more with central divider,Slight curve,,Fine,Lorry (KA56 3591),P.V,Non injured,2
08.10.2018,02:35AM ,1288.9,RHS,Rural,Ulavapadu,Collision Brush/Side Wipe,,Truck,Non injury,Fault of driver of motor vehicle/driver of other vehicle/cyclist/pedestrian/passenger,Four lanes or more with central divider,Slight curve,,Fine,Lorry (KA56 3591),P.V,Animals affected,0
08.10.2018,05:54PM,1205.8,RHS,Rural,Reningavaram,Skidding,,Bike,Minor injury,Over speed,Four lanes or more with central divider,Straight road,,Fine,Bike (AP27AU 3178),A.M.B,Fatal,0
08.10.2018,05:54PM,1205.8,RHS,Rural,Reningavaram,Skidding,,Bike,Minor injury,Over speed,Four lanes or more with central divider,Straight road,,Fine,Bike (AP27AU 3178),A.M.B,Grevious,0
08.10.2018,05:54PM,1205.8,RHS,Rural,Reningavaram,Skidding,,Bike,Minor injury,Over speed,Four lanes or more with central divider,Straight road,,Fine,Bike (AP27AU 3178),A.M.B,Minor,2
08.10.2018,05:54PM,1205.8,RHS,Rural,Reningavaram,Skidding,,Bike,Minor injury,Over speed,Four lanes or more with central divider,Straight road,,Fine,Bike (AP27AU 3178),A.M.B,Non injured,0
08.10.2018,05:54PM,1205.8,RHS,Rural,Reningavaram,Skidding,,Bike,Minor injury,Over speed,Four lanes or more with central divider,Straight road,,Fine,Bike (AP27AU 3178),A.M.B,Animals affected,0
09.10.2018,02:20AM,1215.9,RHS,Rural,Medarametla,Collision Brush/Side Wipe,,Tata Ace,Non injury,Fault of driver of motor vehicle/driver of other vehicle/cyclist/pedestrian/passenger,Four lanes or more with central divider,Straight road,,Fine,Tta Ace (AP27TY 8807),P.V ,Fatal,0
09.10.2018,02:20AM,1215.9,RHS,Rural,Medarametla,Collision Brush/Side Wipe,,Tata Ace,Non injury,Fault of driver of motor vehicle/driver of other vehicle/cyclist/pedestrian/passenger,Four lanes or more with central divider,Straight road,,Fine,Tta Ace (AP27TY 8807),P.V ,Grevious,0
09.10.2018,02:20AM,1215.9,RHS,Rural,Medarametla,Collision Brush/Side Wipe,,Tata Ace,Non injury,Fault of driver of motor vehicle/driver of other vehicle/cyclist/pedestrian/passenger,Four lanes or more with central divider,Straight road,,Fine,Tta Ace (AP27TY 8807),P.V ,Minor,0
09.10.2018,02:20AM,1215.9,RHS,Rural,Medarametla,Collision Brush/Side Wipe,,Tata Ace,Non injury,Fault of driver of motor vehicle/driver of other vehicle/cyclist/pedestrian/passenger,Four lanes or more with central divider,Straight road,,Fine,Tta Ace (AP27TY 8807),P.V ,Non injured,1
09.10.2018,02:20AM,1215.9,RHS,Rural,Medarametla,Collision Brush/Side Wipe,,Tata Ace,Non injury,Fault of driver of motor vehicle/driver of other vehicle/cyclist/pedestrian/passenger,Four lanes or more with central divider,Straight road,,Fine,Tta Ace (AP27TY 8807),P.V ,Animals affected,0
09.10.2018,02:50AM,1224.2,RHS,Rural,Maddipadu,Collision Brush/Side Wipe,,Unknown vehicle,Grievious injury,Over speed,Four lanes or more with central divider,Straight road,,Fine,Unknown Vehicle,P.V,Fatal,0
09.10.2018,02:50AM,1224.2,RHS,Rural,Maddipadu,Collision Brush/Side Wipe,,Unknown vehicle,Grievious injury,Over speed,Four lanes or more with central divider,Straight road,,Fine,Unknown Vehicle,P.V,Grevious,1
09.10.2018,02:50AM,1224.2,RHS,Rural,Maddipadu,Collision Brush/Side Wipe,,Unknown vehicle,Grievious injury,Over speed,Four lanes or more with central divider,Straight road,,Fine,Unknown Vehicle,P.V,Minor,0
09.10.2018,02:50AM,1224.2,RHS,Rural,Maddipadu,Collision Brush/Side Wipe,,Unknown vehicle,Grievious injury,Over speed,Four lanes or more with central divider,Straight road,,Fine,Unknown Vehicle,P.V,Non injured,0
09.10.2018,02:50AM,1224.2,RHS,Rural,Maddipadu,Collision Brush/Side Wipe,,Unknown vehicle,Grievious injury,Over speed,Four lanes or more with central divider,Straight road,,Fine,Unknown Vehicle,P.V,Animals affected,0
09.10.2018,03:00AM,1235.6,RHS,Rural,Maddipadu,Overturning,,Car,Non injury,Fault of driver of motor vehicle/driver of other vehicle/cyclist/pedestrian/passenger,Four lanes or more with central divider,Straight road,,Fine,Car              AP03BW  0459,P.V,Fatal,0
09.10.2018,03:00AM,1235.6,RHS,Rural,Maddipadu,Overturning,,Car,Non injury,Fault of driver of motor vehicle/driver of other vehicle/cyclist/pedestrian/passenger,Four lanes or more with central divider,Straight road,,Fine,Car              AP03BW  0459,P.V,Grevious,0
09.10.2018,03:00AM,1235.6,RHS,Rural,Maddipadu,Overturning,,Car,Non injury,Fault of driver of motor vehicle/driver of other vehicle/cyclist/pedestrian/passenger,Four lanes or more with central divider,Straight road,,Fine,Car              AP03BW  0459,P.V,Minor,0
09.10.2018,03:00AM,1235.6,RHS,Rural,Maddipadu,Overturning,,Car,Non injury,Fault of driver of motor vehicle/driver of other vehicle/cyclist/pedestrian/passenger,Four lanes or more with central divider,Straight road,,Fine,Car              AP03BW  0459,P.V,Non injured,2
09.10.2018,03:00AM,1235.6,RHS,Rural,Maddipadu,Overturning,,Car,Non injury,Fault of driver of motor vehicle/driver of other vehicle/cyclist/pedestrian/passenger,Four lanes or more with central divider,Straight road,,Fine,Car              AP03BW  0459,P.V,Animals affected,0
09.10.2018,05:10AM,1261.1,RHS,Rural,Tangutur,Overturning,,Car,Grievious injury,Fault of driver of motor vehicle/driver of other vehicle/cyclist/pedestrian/passenger,Four lanes or more with central divider,Straight road,,Fine,Car                        AP31CY 6788,A.M.B & P.V,Fatal,0
09.10.2018,05:10AM,1261.1,RHS,Rural,Tangutur,Overturning,,Car,Grievious injury,Fault of driver of motor vehicle/driver of other vehicle/cyclist/pedestrian/passenger,Four lanes or more with central divider,Straight road,,Fine,Car                        AP31CY 6788,A.M.B & P.V,Grevious,2
09.10.2018,05:10AM,1261.1,RHS,Rural,Tangutur,Overturning,,Car,Grievious injury,Fault of driver of motor vehicle/driver of other vehicle/cyclist/pedestrian/passenger,Four lanes or more with central divider,Straight road,,Fine,Car                        AP31CY 6788,A.M.B & P.V,Minor,1
09.10.2018,05:10AM,1261.1,RHS,Rural,Tangutur,Overturning,,Car,Grievious injury,Fault of driver of motor vehicle/driver of other vehicle/cyclist/pedestrian/passenger,Four lanes or more with central divider,Straight road,,Fine,Car                        AP31CY 6788,A.M.B & P.V,Non injured,1
09.10.2018,05:10AM,1261.1,RHS,Rural,Tangutur,Overturning,,Car,Grievious injury,Fault of driver of motor vehicle/driver of other vehicle/cyclist/pedestrian/passenger,Four lanes or more with central divider,Straight road,,Fine,Car                        AP31CY 6788,A.M.B & P.V,Animals affected,0
10.10.2018,05:32AM,1245.2,RHS,Rural,Ongole,Collision Brush/Side Wipe,,Unknown vehicle,Non injury,Fault of driver of motor vehicle/driver of other vehicle/cyclist/pedestrian/passenger,Four lanes or more with central divider,Straight road,,Fine,Unknown Vehicle,Patrol Vehicle,Fatal,0
10.10.2018,05:32AM,1245.2,RHS,Rural,Ongole,Collision Brush/Side Wipe,,Unknown vehicle,Non injury,Fault of driver of motor vehicle/driver of other vehicle/cyclist/pedestrian/passenger,Four lanes or more with central divider,Straight road,,Fine,Unknown Vehicle,Patrol Vehicle,Grevious,0
10.10.2018,05:32AM,1245.2,RHS,Rural,Ongole,Collision Brush/Side Wipe,,Unknown vehicle,Non injury,Fault of driver of motor vehicle/driver of other vehicle/cyclist/pedestrian/passenger,Four lanes or more with central divider,Straight road,,Fine,Unknown Vehicle,Patrol Vehicle,Minor,0
10.10.2018,05:32AM,1245.2,RHS,Rural,Ongole,Collision Brush/Side Wipe,,Unknown vehicle,Non injury,Fault of driver of motor vehicle/driver of other vehicle/cyclist/pedestrian/passenger,Four lanes or more with central divider,Straight road,,Fine,Unknown Vehicle,Patrol Vehicle,Non injured,2
10.10.2018,05:32AM,1245.2,RHS,Rural,Ongole,Collision Brush/Side Wipe,,Unknown vehicle,Non injury,Fault of driver of motor vehicle/driver of other vehicle/cyclist/pedestrian/passenger,Four lanes or more with central divider,Straight road,,Fine,Unknown Vehicle,Patrol Vehicle,Animals affected,0
10.10.2018,10:38PM,1216.8,RHS,Rural,Medarametla,Skidding,,Bike,Grievious injury,Fault of driver of motor vehicle/driver of other vehicle/cyclist/pedestrian/passenger,Four lanes or more with central divider,Straight road,,Fine,Bike    (AP27G 4745),Ambulance,Fatal,0
10.10.2018,10:38PM,1216.8,RHS,Rural,Medarametla,Skidding,,Bike,Grievious injury,Fault of driver of motor vehicle/driver of other vehicle/cyclist/pedestrian/passenger,Four lanes or more with central divider,Straight road,,Fine,Bike    (AP27G 4745),Ambulance,Grevious,1
10.10.2018,10:38PM,1216.8,RHS,Rural,Medarametla,Skidding,,Bike,Grievious injury,Fault of driver of motor vehicle/driver of other vehicle/cyclist/pedestrian/passenger,Four lanes or more with central divider,Straight road,,Fine,Bike    (AP27G 4745),Ambulance,Minor,0
10.10.2018,10:38PM,1216.8,RHS,Rural,Medarametla,Skidding,,Bike,Grievious injury,Fault of driver of motor vehicle/driver of other vehicle/cyclist/pedestrian/passenger,Four lanes or more with central divider,Straight road,,Fine,Bike    (AP27G 4745),Ambulance,Non injured,0
10.10.2018,10:38PM,1216.8,RHS,Rural,Medarametla,Skidding,,Bike,Grievious injury,Fault of driver of motor vehicle/driver of other vehicle/cyclist/pedestrian/passenger,Four lanes or more with central divider,Straight road,,Fine,Bike    (AP27G 4745),Ambulance,Animals affected,0
10.10.2018,11:30PM,1327.6,RHS,Rural,Kavali,Collision Brush/Side Wipe,,Unknown vehicle,Fatal,Over speed,Four lanes or more with central divider,Straight road,,Fine,Unknown Vehicle,Patrol Vehicle,Fatal,1
10.10.2018,11:30PM,1327.6,RHS,Rural,Kavali,Collision Brush/Side Wipe,,Unknown vehicle,Fatal,Over speed,Four lanes or more with central divider,Straight road,,Fine,Unknown Vehicle,Patrol Vehicle,Grevious,0
10.10.2018,11:30PM,1327.6,RHS,Rural,Kavali,Collision Brush/Side Wipe,,Unknown vehicle,Fatal,Over speed,Four lanes or more with central divider,Straight road,,Fine,Unknown Vehicle,Patrol Vehicle,Minor,0
10.10.2018,11:30PM,1327.6,RHS,Rural,Kavali,Collision Brush/Side Wipe,,Unknown vehicle,Fatal,Over speed,Four lanes or more with central divider,Straight road,,Fine,Unknown Vehicle,Patrol Vehicle,Non injured,0
10.10.2018,11:30PM,1327.6,RHS,Rural,Kavali,Collision Brush/Side Wipe,,Unknown vehicle,Fatal,Over speed,Four lanes or more with central divider,Straight road,,Fine,Unknown Vehicle,Patrol Vehicle,Animals affected,0
11.10.2018,05:20AM,1210.8,RHS,Rural,Reningavaram,Collision Brush/Side Wipe,,Truck,Minor injury,Fault of driver of motor vehicle/driver of other vehicle/cyclist/pedestrian/passenger,Four lanes or more with central divider,Straight road,,Fine,Gas Lorry (AP37Y     9249)   ,Patrol Vehicle &Ambulence,Fatal,0
11.10.2018,05:20AM,1210.8,RHS,Rural,Reningavaram,Collision Brush/Side Wipe,,Truck,Minor injury,Fault of driver of motor vehicle/driver of other vehicle/cyclist/pedestrian/passenger,Four lanes or more with central divider,Straight road,,Fine,Gas Lorry (AP37Y     9249)   ,Patrol Vehicle &Ambulence,Grevious,0
11.10.2018,05:20AM,1210.8,RHS,Rural,Reningavaram,Collision Brush/Side Wipe,,Truck,Minor injury,Fault of driver of motor vehicle/driver of other vehicle/cyclist/pedestrian/passenger,Four lanes or more with central divider,Straight road,,Fine,Gas Lorry (AP37Y     9249)   ,Patrol Vehicle &Ambulence,Minor,1
11.10.2018,05:20AM,1210.8,RHS,Rural,Reningavaram,Collision Brush/Side Wipe,,Truck,Minor injury,Fault of driver of motor vehicle/driver of other vehicle/cyclist/pedestrian/passenger,Four lanes or more with central divider,Straight road,,Fine,Gas Lorry (AP37Y     9249)   ,Patrol Vehicle &Ambulence,Non injured,1
11.10.2018,05:20AM,1210.8,RHS,Rural,Reningavaram,Collision Brush/Side Wipe,,Truck,Minor injury,Fault of driver of motor vehicle/driver of other vehicle/cyclist/pedestrian/passenger,Four lanes or more with central divider,Straight road,,Fine,Gas Lorry (AP37Y     9249)   ,Patrol Vehicle &Ambulence,Animals affected,0
11.10.2018,11:00AM,1183.5,RHS,Rural,Martur,Collision Brush/Side Wipe,,Truck,Minor injury,Fault of driver of motor vehicle/driver of other vehicle/cyclist/pedestrian/passenger,Four lanes or more with central divider,Straight road,,Fine,Lorry     (AP07TB    7668),Patrol Vehicle,Fatal,0
11.10.2018,11:00AM,1183.5,RHS,Rural,Martur,Collision Brush/Side Wipe,,Truck,Minor injury,Fault of driver of motor vehicle/driver of other vehicle/cyclist/pedestrian/passenger,Four lanes or more with central divider,Straight road,,Fine,Lorry     (AP07TB    7668),Patrol Vehicle,Grevious,0
11.10.2018,11:00AM,1183.5,RHS,Rural,Martur,Collision Brush/Side Wipe,,Truck,Minor injury,Fault of driver of motor vehicle/driver of other vehicle/cyclist/pedestrian/passenger,Four lanes or more with central divider,Straight road,,Fine,Lorry     (AP07TB    7668),Patrol Vehicle,Minor,1
11.10.2018,11:00AM,1183.5,RHS,Rural,Martur,Collision Brush/Side Wipe,,Truck,Minor injury,Fault of driver of motor vehicle/driver of other vehicle/cyclist/pedestrian/passenger,Four lanes or more with central divider,Straight road,,Fine,Lorry     (AP07TB    7668),Patrol Vehicle,Non injured,1
11.10.2018,11:00AM,1183.5,RHS,Rural,Martur,Collision Brush/Side Wipe,,Truck,Minor injury,Fault of driver of motor vehicle/driver of other vehicle/cyclist/pedestrian/passenger,Four lanes or more with central divider,Straight road,,Fine,Lorry     (AP07TB    7668),Patrol Vehicle,Animals affected,0
12.10.2018,03:00AM,1211.1,RHS,Rural,Reningavaram,Rear End Collision,,Car,Non injury,Over speed,Four lanes or more with central divider,Straight road,,Fine,F/R Honda Car,Patrol Vehicle,Fatal,0
12.10.2018,03:00AM,1211.1,RHS,Rural,Reningavaram,Rear End Collision,,Car,Non injury,Over speed,Four lanes or more with central divider,Straight road,,Fine,F/R Honda Car,Patrol Vehicle,Grevious,0
12.10.2018,03:00AM,1211.1,RHS,Rural,Reningavaram,Rear End Collision,,Car,Non injury,Over speed,Four lanes or more with central divider,Straight road,,Fine,F/R Honda Car,Patrol Vehicle,Minor,0
12.10.2018,03:00AM,1211.1,RHS,Rural,Reningavaram,Rear End Collision,,Car,Non injury,Over speed,Four lanes or more with central divider,Straight road,,Fine,F/R Honda Car,Patrol Vehicle,Non injured,4
12.10.2018,03:00AM,1211.1,RHS,Rural,Reningavaram,Rear End Collision,,Car,Non injury,Over speed,Four lanes or more with central divider,Straight road,,Fine,F/R Honda Car,Patrol Vehicle,Animals affected,0