Operational date,Time of Accident,KM && M,Position,Rural/Urban,Location,Nature of Accident Position,Nature of Accident,Vehicle Involved,Type of Accident,Causes,Road Feature,Road condition,Intersection Type And Control,Weather Condition,Vehicle Responsible,Help Provided by Ambulance/Patroling Vehicle,Classification of Accident,No of Affected Persons
12.10.2018,06:30PM,1215.8,RHS,Rural,Medarametla,Head on collision,,Unknown vehicle,Minor injury,Fault of driver of motor vehicle/driver of other vehicle/cyclist/pedestrian/passenger,Four lanes or more with central divider,Straight road,,Fine,Unknown vehicle,Ambulance,Fatal,0
12.10.2018,06:30PM,1215.8,RHS,Rural,Medarametla,Head on collision,,Unknown vehicle,Minor injury,Fault of driver of motor vehicle/driver of other vehicle/cyclist/pedestrian/passenger,Four lanes or more with central divider,Straight road,,Fine,Unknown vehicle,Ambulance,Grevious,0
12.10.2018,06:30PM,1215.8,RHS,Rural,Medarametla,Head on collision,,Unknown vehicle,Minor injury,Fault of driver of motor vehicle/driver of other vehicle/cyclist/pedestrian/passenger,Four lanes or more with central divider,Straight road,,Fine,Unknown vehicle,Ambulance,Minor,1
12.10.2018,06:30PM,1215.8,RHS,Rural,Medarametla,Head on collision,,Unknown vehicle,Minor injury,Fault of driver of motor vehicle/driver of other vehicle/cyclist/pedestrian/passenger,Four lanes or more with central divider,Straight road,,Fine,Unknown vehicle,Ambulance,Non injured,0
12.10.2018,06:30PM,1215.8,RHS,Rural,Medarametla,Head on collision,,Unknown vehicle,Minor injury,Fault of driver of motor vehicle/driver of other vehicle/cyclist/pedestrian/passenger,Four lanes or more with central divider,Straight road,,Fine,Unknown vehicle,Ambulance,Animals affected,0
13.10.2018,01:10am,1207.1,RHS,Rural,Reningavaram,Collision Brush/Side Wipe,,Car,Non injury,Fault of driver of motor vehicle/driver of other vehicle/cyclist/pedestrian/passenger,Four lanes or more with central divider,Straight road,,Fine,Ashok leyland dost vehicle,Patrol Vehicle,Fatal,0
13.10.2018,01:10am,1207.1,RHS,Rural,Reningavaram,Collision Brush/Side Wipe,,Car,Non injury,Fault of driver of motor vehicle/driver of other vehicle/cyclist/pedestrian/passenger,Four lanes or more with central divider,Straight road,,Fine,Ashok leyland dost vehicle,Patrol Vehicle,Grevious,0
13.10.2018,01:10am,1207.1,RHS,Rural,Reningavaram,Collision Brush/Side Wipe,,Car,Non injury,Fault of driver of motor vehicle/driver of other vehicle/cyclist/pedestrian/passenger,Four lanes or more with central divider,Straight road,,Fine,Ashok leyland dost vehicle,Patrol Vehicle,Minor,0
13.10.2018,01:10am,1207.1,RHS,Rural,Reningavaram,Collision Brush/Side Wipe,,Car,Non injury,Fault of driver of motor vehicle/driver of other vehicle/cyclist/pedestrian/passenger,Four lanes or more with central divider,Straight road,,Fine,Ashok leyland dost vehicle,Patrol Vehicle,Non injured,3
13.10.2018,01:10am,1207.1,RHS,Rural,Reningavaram,Collision Brush/Side Wipe,,Car,Non injury,Fault of driver of motor vehicle/driver of other vehicle/cyclist/pedestrian/passenger,Four lanes or more with central divider,Straight road,,Fine,Ashok leyland dost vehicle,Patrol Vehicle,Animals affected,0
13.10.2018,03:30am,1239.5,RHS,Rural,Ongole,Rear End Collision,,Bus,Grievious injury,Over speed,Four lanes or more with central divider,Straight road,,Fine,APSRTC BUS,Patrol Vehicle,Fatal,0
13.10.2018,03:30am,1239.5,RHS,Rural,Ongole,Rear End Collision,,Bus,Grievious injury,Over speed,Four lanes or more with central divider,Straight road,,Fine,APSRTC BUS,Patrol Vehicle,Grevious,1
13.10.2018,03:30am,1239.5,RHS,Rural,Ongole,Rear End Collision,,Bus,Grievious injury,Over speed,Four lanes or more with central divider,Straight road,,Fine,APSRTC BUS,Patrol Vehicle,Minor,9
13.10.2018,03:30am,1239.5,RHS,Rural,Ongole,Rear End Collision,,Bus,Grievious injury,Over speed,Four lanes or more with central divider,Straight road,,Fine,APSRTC BUS,Patrol Vehicle,Non injured,45
13.10.2018,03:30am,1239.5,RHS,Rural,Ongole,Rear End Collision,,Bus,Grievious injury,Over speed,Four lanes or more with central divider,Straight road,,Fine,APSRTC BUS,Patrol Vehicle,Animals affected,0
13.10.2018,05:45am,1290.1,RHS,Rural,Ulavapadu,Overturning,,Truck,Non injury,Fault of driver of motor vehicle/driver of other vehicle/cyclist/pedestrian/passenger,Four lanes or more with central divider,Straight road,,Fine,Truck,Patrol Vehicle,Fatal,0
13.10.2018,05:45am,1290.1,RHS,Rural,Ulavapadu,Overturning,,Truck,Non injury,Fault of driver of motor vehicle/driver of other vehicle/cyclist/pedestrian/passenger,Four lanes or more with central divider,Straight road,,Fine,Truck,Patrol Vehicle,Grevious,0
13.10.2018,05:45am,1290.1,RHS,Rural,Ulavapadu,Overturning,,Truck,Non injury,Fault of driver of motor vehicle/driver of other vehicle/cyclist/pedestrian/passenger,Four lanes or more with central divider,Straight road,,Fine,Truck,Patrol Vehicle,Minor,0
13.10.2018,05:45am,1290.1,RHS,Rural,Ulavapadu,Overturning,,Truck,Non injury,Fault of driver of motor vehicle/driver of other vehicle/cyclist/pedestrian/passenger,Four lanes or more with central divider,Straight road,,Fine,Truck,Patrol Vehicle,Non injured,1
13.10.2018,05:45am,1290.1,RHS,Rural,Ulavapadu,Overturning,,Truck,Non injury,Fault of driver of motor vehicle/driver of other vehicle/cyclist/pedestrian/passenger,Four lanes or more with central divider,Straight road,,Fine,Truck,Patrol Vehicle,Animals affected,0
13.10.2018,08:30am,1332.4,RHS,Rural,K.Tippa ,Collision Brush/Side Wipe,,Car,Grievious injury,Over speed,Four lanes or more with central divider,Straight road,,Fine,Car,Patrol Vehicl /Ambulance,Fatal,0
13.10.2018,08:30am,1332.4,RHS,Rural,K.Tippa ,Collision Brush/Side Wipe,,Car,Grievious injury,Over speed,Four lanes or more with central divider,Straight road,,Fine,Car,Patrol Vehicl /Ambulance,Grevious,3
13.10.2018,08:30am,1332.4,RHS,Rural,K.Tippa ,Collision Brush/Side Wipe,,Car,Grievious injury,Over speed,Four lanes or more with central divider,Straight road,,Fine,Car,Patrol Vehicl /Ambulance,Minor,2
13.10.2018,08:30am,1332.4,RHS,Rural,K.Tippa ,Collision Brush/Side Wipe,,Car,Grievious injury,Over speed,Four lanes or more with central divider,Straight road,,Fine,Car,Patrol Vehicl /Ambulance,Non injured,0
13.10.2018,08:30am,1332.4,RHS,Rural,K.Tippa ,Collision Brush/Side Wipe,,Car,Grievious injury,Over speed,Four lanes or more with central divider,Straight road,,Fine,Car,Patrol Vehicl /Ambulance,Animals affected,0
13.10.2018,11:35am,1284.6,RHS,Rural,Ulavapadu,Rear End Collision,,Truck,Grievious injury,Over speed,Four lanes or more with central divider,Straight road,,Fine,Lorry,Patrol Vehicl /Ambulance,Fatal,0
13.10.2018,11:35am,1284.6,RHS,Rural,Ulavapadu,Rear End Collision,,Truck,Grievious injury,Over speed,Four lanes or more with central divider,Straight road,,Fine,Lorry,Patrol Vehicl /Ambulance,Grevious,2
13.10.2018,11:35am,1284.6,RHS,Rural,Ulavapadu,Rear End Collision,,Truck,Grievious injury,Over speed,Four lanes or more with central divider,Straight road,,Fine,Lorry,Patrol Vehicl /Ambulance,Minor,9
13.10.2018,11:35am,1284.6,RHS,Rural,Ulavapadu,Rear End Collision,,Truck,Grievious injury,Over speed,Four lanes or more with central divider,Straight road,,Fine,Lorry,Patrol Vehicl /Ambulance,Non injured,0
13.10.2018,11:35am,1284.6,RHS,Rural,Ulavapadu,Rear End Collision,,Truck,Grievious injury,Over speed,Four lanes or more with central divider,Straight road,,Fine,Lorry,Patrol Vehicl /Ambulance,Animals affected,0
13.10.2018,16:10am,1344,RHS,Rural,Dagadarthi,Collision Brush/Side Wipe,,Truck,Non injury,Fault of driver of motor vehicle/driver of other vehicle/cyclist/pedestrian/passenger,Four lanes or more with central divider,Straight road,,Fine,Truck,Patrol Vehicle,Fatal,0
13.10.2018,16:10am,1344,RHS,Rural,Dagadarthi,Collision Brush/Side Wipe,,Truck,Non injury,Fault of driver of motor vehicle/driver of other vehicle/cyclist/pedestrian/passenger,Four lanes or more with central divider,Straight road,,Fine,Truck,Patrol Vehicle,Grevious,0
13.10.2018,16:10am,1344,RHS,Rural,Dagadarthi,Collision Brush/Side Wipe,,Truck,Non injury,Fault of driver of motor vehicle/driver of other vehicle/cyclist/pedestrian/passenger,Four lanes or more with central divider,Straight road,,Fine,Truck,Patrol Vehicle,Minor,0
13.10.2018,16:10am,1344,RHS,Rural,Dagadarthi,Collision Brush/Side Wipe,,Truck,Non injury,Fault of driver of motor vehicle/driver of other vehicle/cyclist/pedestrian/passenger,Four lanes or more with central divider,Straight road,,Fine,Truck,Patrol Vehicle,Non injured,1
13.10.2018,16:10am,1344,RHS,Rural,Dagadarthi,Collision Brush/Side Wipe,,Truck,Non injury,Fault of driver of motor vehicle/driver of other vehicle/cyclist/pedestrian/passenger,Four lanes or more with central divider,Straight road,,Fine,Truck,Patrol Vehicle,Animals affected,0
14.10.2018,02:10pm,1314.9,RHS,Rural,Kavali,Collision Brush/Side Wipe,,Car,Grievious injury,Over speed,Four lanes or more with central divider,Straight road,,Fine,Car,Patrol Vehicle,Fatal,0
14.10.2018,02:10pm,1314.9,RHS,Rural,Kavali,Collision Brush/Side Wipe,,Car,Grievious injury,Over speed,Four lanes or more with central divider,Straight road,,Fine,Car,Patrol Vehicle,Grevious,2
14.10.2018,02:10pm,1314.9,RHS,Rural,Kavali,Collision Brush/Side Wipe,,Car,Grievious injury,Over speed,Four lanes or more with central divider,Straight road,,Fine,Car,Patrol Vehicle,Minor,1
14.10.2018,02:10pm,1314.9,RHS,Rural,Kavali,Collision Brush/Side Wipe,,Car,Grievious injury,Over speed,Four lanes or more with central divider,Straight road,,Fine,Car,Patrol Vehicle,Non injured,4
14.10.2018,02:10pm,1314.9,RHS,Rural,Kavali,Collision Brush/Side Wipe,,Car,Grievious injury,Over speed,Four lanes or more with central divider,Straight road,,Fine,Car,Patrol Vehicle,Animals affected,0
15.10.2018,08:25am,1266.9,RHS,Rural,Tangutur,Collision Brush/Side Wipe,,Bike,Minor injury,Fault of driver of motor vehicle/driver of other vehicle/cyclist/pedestrian/passenger,Four lanes or more with central divider,Straight road,,Fine,Bike,Ambulance,Fatal,0
15.10.2018,08:25am,1266.9,RHS,Rural,Tangutur,Collision Brush/Side Wipe,,Bike,Minor injury,Fault of driver of motor vehicle/driver of other vehicle/cyclist/pedestrian/passenger,Four lanes or more with central divider,Straight road,,Fine,Bike,Ambulance,Grevious,0
15.10.2018,08:25am,1266.9,RHS,Rural,Tangutur,Collision Brush/Side Wipe,,Bike,Minor injury,Fault of driver of motor vehicle/driver of other vehicle/cyclist/pedestrian/passenger,Four lanes or more with central divider,Straight road,,Fine,Bike,Ambulance,Minor,2
15.10.2018,08:25am,1266.9,RHS,Rural,Tangutur,Collision Brush/Side Wipe,,Bike,Minor injury,Fault of driver of motor vehicle/driver of other vehicle/cyclist/pedestrian/passenger,Four lanes or more with central divider,Straight road,,Fine,Bike,Ambulance,Non injured,3
15.10.2018,08:25am,1266.9,RHS,Rural,Tangutur,Collision Brush/Side Wipe,,Bike,Minor injury,Fault of driver of motor vehicle/driver of other vehicle/cyclist/pedestrian/passenger,Four lanes or more with central divider,Straight road,,Fine,Bike,Ambulance,Animals affected,0
15.10.2018,09:05pm,1280.2,RHS,Rural,Singarayakonda,Collision Brush/Side Wipe,,Car,Grievious injury,Over speed,Four lanes or more with central divider,Slight curve,,Fine,Car,P.V,Fatal,0
15.10.2018,09:05pm,1280.2,RHS,Rural,Singarayakonda,Collision Brush/Side Wipe,,Car,Grievious injury,Over speed,Four lanes or more with central divider,Slight curve,,Fine,Car,P.V,Grevious,3
15.10.2018,09:05pm,1280.2,RHS,Rural,Singarayakonda,Collision Brush/Side Wipe,,Car,Grievious injury,Over speed,Four lanes or more with central divider,Slight curve,,Fine,Car,P.V,Minor,0
15.10.2018,09:05pm,1280.2,RHS,Rural,Singarayakonda,Collision Brush/Side Wipe,,Car,Grievious injury,Over speed,Four lanes or more with central divider,Slight curve,,Fine,Car,P.V,Non injured,2
15.10.2018,09:05pm,1280.2,RHS,Rural,Singarayakonda,Collision Brush/Side Wipe,,Car,Grievious injury,Over speed,Four lanes or more with central divider,Slight curve,,Fine,Car,P.V,Animals affected,0
16.10.2018,02:30am,1240.3,RHS,Rural,Ongole,Collision Brush/Side Wipe,,Car,Non injury,Over speed,Four lanes or more with central divider,Straight road,,Fine,Car,P.V,Fatal,0
16.10.2018,02:30am,1240.3,RHS,Rural,Ongole,Collision Brush/Side Wipe,,Car,Non injury,Over speed,Four lanes or more with central divider,Straight road,,Fine,Car,P.V,Grevious,0
16.10.2018,02:30am,1240.3,RHS,Rural,Ongole,Collision Brush/Side Wipe,,Car,Non injury,Over speed,Four lanes or more with central divider,Straight road,,Fine,Car,P.V,Minor,0
16.10.2018,02:30am,1240.3,RHS,Rural,Ongole,Collision Brush/Side Wipe,,Car,Non injury,Over speed,Four lanes or more with central divider,Straight road,,Fine,Car,P.V,Non injured,4
16.10.2018,02:30am,1240.3,RHS,Rural,Ongole,Collision Brush/Side Wipe,,Car,Non injury,Over speed,Four lanes or more with central divider,Straight road,,Fine,Car,P.V,Animals affected,0
16.10.2018,18:15pm,1262.1,RHS,Rural,Tangutur,Skidding,,Bike,Minor injury,Over speed,Four lanes or more with central divider,Straight road,,Fine,Bike,Ambulance,Fatal,0
16.10.2018,18:15pm,1262.1,RHS,Rural,Tangutur,Skidding,,Bike,Minor injury,Over speed,Four lanes or more with central divider,Straight road,,Fine,Bike,Ambulance,Grevious,0
16.10.2018,18:15pm,1262.1,RHS,Rural,Tangutur,Skidding,,Bike,Minor injury,Over speed,Four lanes or more with central divider,Straight road,,Fine,Bike,Ambulance,Minor,1
16.10.2018,18:15pm,1262.1,RHS,Rural,Tangutur,Skidding,,Bike,Minor injury,Over speed,Four lanes or more with central divider,Straight road,,Fine,Bike,Ambulance,Non injured,0
16.10.2018,18:15pm,1262.1,RHS,Rural,Tangutur,Skidding,,Bike,Minor injury,Over speed,Four lanes or more with central divider,Straight road,,Fine,Bike,Ambulance,Animals affected,0
17.10.2018,01:27AM,1289.6,RHS,Rural,Ulavapadu,Collision Brush/Side Wipe,,Car,Non injury,Over speed,Four lanes or more with central divider,Straight road,,Fine,Car,P.V,Fatal,0
17.10.2018,01:27AM,1289.6,RHS,Rural,Ulavapadu,Collision Brush/Side Wipe,,Car,Non injury,Over speed,Four lanes or more with central divider,Straight road,,Fine,Car,P.V,Grevious,0
17.10.2018,01:27AM,1289.6,RHS,Rural,Ulavapadu,Collision Brush/Side Wipe,,Car,Non injury,Over speed,Four lanes or more with central divider,Straight road,,Fine,Car,P.V,Minor,0
17.10.2018,01:27AM,1289.6,RHS,Rural,Ulavapadu,Collision Brush/Side Wipe,,Car,Non injury,Over speed,Four lanes or more with central divider,Straight road,,Fine,Car,P.V,Non injured,4
17.10.2018,01:27AM,1289.6,RHS,Rural,Ulavapadu,Collision Brush/Side Wipe,,Car,Non injury,Over speed,Four lanes or more with central divider,Straight road,,Fine,Car,P.V,Animals affected,0
17.10.2018,05:20AM,1283.6,RHS,Rural,Ulavapadu,Collision Brush/Side Wipe,,Bus,Non injury,Fault of driver of motor vehicle/driver of other vehicle/cyclist/pedestrian/passenger,Four lanes or more with central divider,Straight road,,Fine,Private Travels Bus,P.V,Fatal,0
17.10.2018,05:20AM,1283.6,RHS,Rural,Ulavapadu,Collision Brush/Side Wipe,,Bus,Non injury,Fault of driver of motor vehicle/driver of other vehicle/cyclist/pedestrian/passenger,Four lanes or more with central divider,Straight road,,Fine,Private Travels Bus,P.V,Grevious,0
17.10.2018,05:20AM,1283.6,RHS,Rural,Ulavapadu,Collision Brush/Side Wipe,,Bus,Non injury,Fault of driver of motor vehicle/driver of other vehicle/cyclist/pedestrian/passenger,Four lanes or more with central divider,Straight road,,Fine,Private Travels Bus,P.V,Minor,0
17.10.2018,05:20AM,1283.6,RHS,Rural,Ulavapadu,Collision Brush/Side Wipe,,Bus,Non injury,Fault of driver of motor vehicle/driver of other vehicle/cyclist/pedestrian/passenger,Four lanes or more with central divider,Straight road,,Fine,Private Travels Bus,P.V,Non injured,35
17.10.2018,05:20AM,1283.6,RHS,Rural,Ulavapadu,Collision Brush/Side Wipe,,Bus,Non injury,Fault of driver of motor vehicle/driver of other vehicle/cyclist/pedestrian/passenger,Four lanes or more with central divider,Straight road,,Fine,Private Travels Bus,P.V,Animals affected,0
17.10.2018,05:30AM,1229.1,RHS,Rural,Maddipadu,Rear End Collision,,Truck,Minor injury,Fault of driver of motor vehicle/driver of other vehicle/cyclist/pedestrian/passenger,Four lanes or more with central divider,Straight road,,Fine,Lorry,P.V,Fatal,0
17.10.2018,05:30AM,1229.1,RHS,Rural,Maddipadu,Rear End Collision,,Truck,Minor injury,Fault of driver of motor vehicle/driver of other vehicle/cyclist/pedestrian/passenger,Four lanes or more with central divider,Straight road,,Fine,Lorry,P.V,Grevious,0
17.10.2018,05:30AM,1229.1,RHS,Rural,Maddipadu,Rear End Collision,,Truck,Minor injury,Fault of driver of motor vehicle/driver of other vehicle/cyclist/pedestrian/passenger,Four lanes or more with central divider,Straight road,,Fine,Lorry,P.V,Minor,1
17.10.2018,05:30AM,1229.1,RHS,Rural,Maddipadu,Rear End Collision,,Truck,Minor injury,Fault of driver of motor vehicle/driver of other vehicle/cyclist/pedestrian/passenger,Four lanes or more with central divider,Straight road,,Fine,Lorry,P.V,Non injured,2
17.10.2018,05:30AM,1229.1,RHS,Rural,Maddipadu,Rear End Collision,,Truck,Minor injury,Fault of driver of motor vehicle/driver of other vehicle/cyclist/pedestrian/passenger,Four lanes or more with central divider,Straight road,,Fine,Lorry,P.V,Animals affected,0
17.10.2018,11:56AM,1192.6,RHS,Rural,Martur,Collision Brush/Side Wipe,,Bike,Grievious injury,Fault of driver of motor vehicle/driver of other vehicle/cyclist/pedestrian/passenger,Four lanes or more with central divider,Straight road,,Fine,Bike,A.M.B,Fatal,0
17.10.2018,11:56AM,1192.6,RHS,Rural,Martur,Collision Brush/Side Wipe,,Bike,Grievious injury,Fault of driver of motor vehicle/driver of other vehicle/cyclist/pedestrian/passenger,Four lanes or more with central divider,Straight road,,Fine,Bike,A.M.B,Grevious,2
17.10.2018,11:56AM,1192.6,RHS,Rural,Martur,Collision Brush/Side Wipe,,Bike,Grievious injury,Fault of driver of motor vehicle/driver of other vehicle/cyclist/pedestrian/passenger,Four lanes or more with central divider,Straight road,,Fine,Bike,A.M.B,Minor,0
17.10.2018,11:56AM,1192.6,RHS,Rural,Martur,Collision Brush/Side Wipe,,Bike,Grievious injury,Fault of driver of motor vehicle/driver of other vehicle/cyclist/pedestrian/passenger,Four lanes or more with central divider,Straight road,,Fine,Bike,A.M.B,Non injured,0
17.10.2018,11:56AM,1192.6,RHS,Rural,Martur,Collision Brush/Side Wipe,,Bike,Grievious injury,Fault of driver of motor vehicle/driver of other vehicle/cyclist/pedestrian/passenger,Four lanes or more with central divider,Straight road,,Fine,Bike,A.M.B,Animals affected,0
17.10.2018,01:30PM,1309.8,RHS,Rural,Kavali,Overturning,,Unknown vehicle,Minor injury,Over speed,Four lanes or more with central divider,Straight road,,Fine,Unknown vehicle,P.V,Fatal,0
17.10.2018,01:30PM,1309.8,RHS,Rural,Kavali,Overturning,,Unknown vehicle,Minor injury,Over speed,Four lanes or more with central divider,Straight road,,Fine,Unknown vehicle,P.V,Grevious,0
17.10.2018,01:30PM,1309.8,RHS,Rural,Kavali,Overturning,,Unknown vehicle,Minor injury,Over speed,Four lanes or more with central divider,Straight road,,Fine,Unknown vehicle,P.V,Minor,1
17.10.2018,01:30PM,1309.8,RHS,Rural,Kavali,Overturning,,Unknown vehicle,Minor injury,Over speed,Four lanes or more with central divider,Straight road,,Fine,Unknown vehicle,P.V,Non injured,1
17.10.2018,01:30PM,1309.8,RHS,Rural,Kavali,Overturning,,Unknown vehicle,Minor injury,Over speed,Four lanes or more with central divider,Straight road,,Fine,Unknown vehicle,P.V,Animals affected,0
18.10.2018,04:00AM,1251.8,RHS,Rural,Ongole,Collision Brush/Side Wipe,,Truck,Grievious injury,Over speed,Four lanes or more with central divider,Straight road,,Fine,Lorry,Ambulance,Fatal,0
18.10.2018,04:00AM,1251.8,RHS,Rural,Ongole,Collision Brush/Side Wipe,,Truck,Grievious injury,Over speed,Four lanes or more with central divider,Straight road,,Fine,Lorry,Ambulance,Grevious,1
18.10.2018,04:00AM,1251.8,RHS,Rural,Ongole,Collision Brush/Side Wipe,,Truck,Grievious injury,Over speed,Four lanes or more with central divider,Straight road,,Fine,Lorry,Ambulance,Minor,1
18.10.2018,04:00AM,1251.8,RHS,Rural,Ongole,Collision Brush/Side Wipe,,Truck,Grievious injury,Over speed,Four lanes or more with central divider,Straight road,,Fine,Lorry,Ambulance,Non injured,1
18.10.2018,04:00AM,1251.8,RHS,Rural,Ongole,Collision Brush/Side Wipe,,Truck,Grievious injury,Over speed,Four lanes or more with central divider,Straight road,,Fine,Lorry,Ambulance,Animals affected,0
18.10.2018,05:50AM,1223.1,RHS,Rural,Medarametla,Collision Brush/Side Wipe,,Truck,Minor injury,Fault of driver of motor vehicle/driver of other vehicle/cyclist/pedestrian/passenger,Four lanes or more with central divider,Straight road,,Fine,Mini Truck,P.V,Fatal,0
18.10.2018,05:50AM,1223.1,RHS,Rural,Medarametla,Collision Brush/Side Wipe,,Truck,Minor injury,Fault of driver of motor vehicle/driver of other vehicle/cyclist/pedestrian/passenger,Four lanes or more with central divider,Straight road,,Fine,Mini Truck,P.V,Grevious,0
18.10.2018,05:50AM,1223.1,RHS,Rural,Medarametla,Collision Brush/Side Wipe,,Truck,Minor injury,Fault of driver of motor vehicle/driver of other vehicle/cyclist/pedestrian/passenger,Four lanes or more with central divider,Straight road,,Fine,Mini Truck,P.V,Minor,1
18.10.2018,05:50AM,1223.1,RHS,Rural,Medarametla,Collision Brush/Side Wipe,,Truck,Minor injury,Fault of driver of motor vehicle/driver of other vehicle/cyclist/pedestrian/passenger,Four lanes or more with central divider,Straight road,,Fine,Mini Truck,P.V,Non injured,0
18.10.2018,05:50AM,1223.1,RHS,Rural,Medarametla,Collision Brush/Side Wipe,,Truck,Minor injury,Fault of driver of motor vehicle/driver of other vehicle/cyclist/pedestrian/passenger,Four lanes or more with central divider,Straight road,,Fine,Mini Truck,P.V,Animals affected,0
18.10.2018,06:40AM,1315.5,RHS,Rural,Kavali,Overturning,,Car,Grievious injury,Over speed,Four lanes or more with central divider,Straight road,,Light rain,Car,P.V,Fatal,0
18.10.2018,06:40AM,1315.5,RHS,Rural,Kavali,Overturning,,Car,Grievious injury,Over speed,Four lanes or more with central divider,Straight road,,Light rain,Car,P.V,Grevious,1
18.10.2018,06:40AM,1315.5,RHS,Rural,Kavali,Overturning,,Car,Grievious injury,Over speed,Four lanes or more with central divider,Straight road,,Light rain,Car,P.V,Minor,0
18.10.2018,06:40AM,1315.5,RHS,Rural,Kavali,Overturning,,Car,Grievious injury,Over speed,Four lanes or more with central divider,Straight road,,Light rain,Car,P.V,Non injured,1
18.10.2018,06:40AM,1315.5,RHS,Rural,Kavali,Overturning,,Car,Grievious injury,Over speed,Four lanes or more with central divider,Straight road,,Light rain,Car,P.V,Animals affected,0
18.10.2018,07:10PM,1313.2,RHS,Rural,Kavali,Rear End Collision,,Truck,Non injury,Over speed,Four lanes or more with central divider,Straight road,,Fine,Lorry,P.V,Fatal,0
18.10.2018,07:10PM,1313.2,RHS,Rural,Kavali,Rear End Collision,,Truck,Non injury,Over speed,Four lanes or more with central divider,Straight road,,Fine,Lorry,P.V,Grevious,0
18.10.2018,07:10PM,1313.2,RHS,Rural,Kavali,Rear End Collision,,Truck,Non injury,Over speed,Four lanes or more with central divider,Straight road,,Fine,Lorry,P.V,Minor,0
18.10.2018,07:10PM,1313.2,RHS,Rural,Kavali,Rear End Collision,,Truck,Non injury,Over speed,Four lanes or more with central divider,Straight road,,Fine,Lorry,P.V,Non injured,2
18.10.2018,07:10PM,1313.2,RHS,Rural,Kavali,Rear End Collision,,Truck,Non injury,Over speed,Four lanes or more with central divider,Straight road,,Fine,Lorry,P.V,Animals affected,0
18.10.2018,10:25PM,1326,RHS,Rural,Kavali,Overturning,,Truck,Minor injury,Fault of driver of motor vehicle/driver of other vehicle/cyclist/pedestrian/passenger,Four lanes or more with central divider,Straight road,,Fine,Lorry,P.V&Ambulance,Fatal,0
18.10.2018,10:25PM,1326,RHS,Rural,Kavali,Overturning,,Truck,Minor injury,Fault of driver of motor vehicle/driver of other vehicle/cyclist/pedestrian/passenger,Four lanes or more with central divider,Straight road,,Fine,Lorry,P.V&Ambulance,Grevious,0
18.10.2018,10:25PM,1326,RHS,Rural,Kavali,Overturning,,Truck,Minor injury,Fault of driver of motor vehicle/driver of other vehicle/cyclist/pedestrian/passenger,Four lanes or more with central divider,Straight road,,Fine,Lorry,P.V&Ambulance,Minor,1
18.10.2018,10:25PM,1326,RHS,Rural,Kavali,Overturning,,Truck,Minor injury,Fault of driver of motor vehicle/driver of other vehicle/cyclist/pedestrian/passenger,Four lanes or more with central divider,Straight road,,Fine,Lorry,P.V&Ambulance,Non injured,0
18.10.2018,10:25PM,1326,RHS,Rural,Kavali,Overturning,,Truck,Minor injury,Fault of driver of motor vehicle/driver of other vehicle/cyclist/pedestrian/passenger,Four lanes or more with central divider,Straight road,,Fine,Lorry,P.V&Ambulance,Animals affected,0
19.10.2018,03:30AM,1205.8,RHS,Rural,Reningavaram,Overturning,,LGV,Non injury,Fault of driver of motor vehicle/driver of other vehicle/cyclist/pedestrian/passenger,Four lanes or more with central divider,Straight road,,Fine,Mini Truck,P.V,Fatal,0
19.10.2018,03:30AM,1205.8,RHS,Rural,Reningavaram,Overturning,,LGV,Non injury,Fault of driver of motor vehicle/driver of other vehicle/cyclist/pedestrian/passenger,Four lanes or more with central divider,Straight road,,Fine,Mini Truck,P.V,Grevious,0
19.10.2018,03:30AM,1205.8,RHS,Rural,Reningavaram,Overturning,,LGV,Non injury,Fault of driver of motor vehicle/driver of other vehicle/cyclist/pedestrian/passenger,Four lanes or more with central divider,Straight road,,Fine,Mini Truck,P.V,Minor,0
19.10.2018,03:30AM,1205.8,RHS,Rural,Reningavaram,Overturning,,LGV,Non injury,Fault of driver of motor vehicle/driver of other vehicle/cyclist/pedestrian/passenger,Four lanes or more with central divider,Straight road,,Fine,Mini Truck,P.V,Non injured,1
19.10.2018,03:30AM,1205.8,RHS,Rural,Reningavaram,Overturning,,LGV,Non injury,Fault of driver of motor vehicle/driver of other vehicle/cyclist/pedestrian/passenger,Four lanes or more with central divider,Straight road,,Fine,Mini Truck,P.V,Animals affected,0
19.10.2018,11:55AM,1259.3,RHS,Rural,Tangutur,Rear End Collision,,Bike,Fatal,Over speed,Four lanes or more with central divider,Straight road,,Fine,TVS Scooty,P.V,Fatal,1
19.10.2018,11:55AM,1259.3,RHS,Rural,Tangutur,Rear End Collision,,Bike,Fatal,Over speed,Four lanes or more with central divider,Straight road,,Fine,TVS Scooty,P.V,Grevious,0