Operational date,Time of Accident,KM && M,Position,Rural/Urban,Location,Nature of Accident Position,Nature of Accident,Vehicle Involved,Type of Accident,Causes,Road Feature,Road condition,Intersection Type And Control,Weather Condition,Vehicle Responsible,Help Provided by Ambulance/Patroling Vehicle,Classification of Accident,No of Affected Persons
19.10.2018,11:55AM,1259.3,RHS,Rural,Tangutur,Rear End Collision,,Bike,Fatal,Over speed,Four lanes or more with central divider,Straight road,,Fine,TVS Scooty,P.V,Minor,0
19.10.2018,11:55AM,1259.3,RHS,Rural,Tangutur,Rear End Collision,,Bike,Fatal,Over speed,Four lanes or more with central divider,Straight road,,Fine,TVS Scooty,P.V,Non injured,0
19.10.2018,11:55AM,1259.3,RHS,Rural,Tangutur,Rear End Collision,,Bike,Fatal,Over speed,Four lanes or more with central divider,Straight road,,Fine,TVS Scooty,P.V,Animals affected,0
19.10.2018,08:55PM,1253.6,RHS,Rural,Ongole,Collision Brush/Side Wipe,,Unknown vehicle,Non injury,Over speed,Four lanes or more with central divider,Straight road,,Fine,Unknown vehicle,P.V,Fatal,0
19.10.2018,08:55PM,1253.6,RHS,Rural,Ongole,Collision Brush/Side Wipe,,Unknown vehicle,Non injury,Over speed,Four lanes or more with central divider,Straight road,,Fine,Unknown vehicle,P.V,Grevious,0
19.10.2018,08:55PM,1253.6,RHS,Rural,Ongole,Collision Brush/Side Wipe,,Unknown vehicle,Non injury,Over speed,Four lanes or more with central divider,Straight road,,Fine,Unknown vehicle,P.V,Minor,0
19.10.2018,08:55PM,1253.6,RHS,Rural,Ongole,Collision Brush/Side Wipe,,Unknown vehicle,Non injury,Over speed,Four lanes or more with central divider,Straight road,,Fine,Unknown vehicle,P.V,Non injured,0
19.10.2018,08:55PM,1253.6,RHS,Rural,Ongole,Collision Brush/Side Wipe,,Unknown vehicle,Non injury,Over speed,Four lanes or more with central divider,Straight road,,Fine,Unknown vehicle,P.V,Animals affected,1
21.10.2018,05:00AM,1249.9,RHS,Rural,Ongole,Overturning,,Truck,Non injury,Fault of driver of motor vehicle/driver of other vehicle/cyclist/pedestrian/passenger,Four lanes or more with central divider,Sharp curve,,Fine,Lorry,P.V,Fatal,0
21.10.2018,05:00AM,1249.9,RHS,Rural,Ongole,Overturning,,Truck,Non injury,Fault of driver of motor vehicle/driver of other vehicle/cyclist/pedestrian/passenger,Four lanes or more with central divider,Sharp curve,,Fine,Lorry,P.V,Grevious,0
21.10.2018,05:00AM,1249.9,RHS,Rural,Ongole,Overturning,,Truck,Non injury,Fault of driver of motor vehicle/driver of other vehicle/cyclist/pedestrian/passenger,Four lanes or more with central divider,Sharp curve,,Fine,Lorry,P.V,Minor,0
21.10.2018,05:00AM,1249.9,RHS,Rural,Ongole,Overturning,,Truck,Non injury,Fault of driver of motor vehicle/driver of other vehicle/cyclist/pedestrian/passenger,Four lanes or more with central divider,Sharp curve,,Fine,Lorry,P.V,Non injured,1
21.10.2018,05:00AM,1249.9,RHS,Rural,Ongole,Overturning,,Truck,Non injury,Fault of driver of motor vehicle/driver of other vehicle/cyclist/pedestrian/passenger,Four lanes or more with central divider,Sharp curve,,Fine,Lorry,P.V,Animals affected,0
21.10.2018,01:30PM,1344.4,RHS,Rural,Dagadarthi,Head on collision,,Car,Minor injury,Over speed,Four lanes or more with central divider,Straight road,,Fine,Car,P.V,Fatal,0
21.10.2018,01:30PM,1344.4,RHS,Rural,Dagadarthi,Head on collision,,Car,Minor injury,Over speed,Four lanes or more with central divider,Straight road,,Fine,Car,P.V,Grevious,0
21.10.2018,01:30PM,1344.4,RHS,Rural,Dagadarthi,Head on collision,,Car,Minor injury,Over speed,Four lanes or more with central divider,Straight road,,Fine,Car,P.V,Minor,1
21.10.2018,01:30PM,1344.4,RHS,Rural,Dagadarthi,Head on collision,,Car,Minor injury,Over speed,Four lanes or more with central divider,Straight road,,Fine,Car,P.V,Non injured,6
21.10.2018,01:30PM,1344.4,RHS,Rural,Dagadarthi,Head on collision,,Car,Minor injury,Over speed,Four lanes or more with central divider,Straight road,,Fine,Car,P.V,Animals affected,0
22.10.2018,02:46AM,1228.1,RHS,Rural,Maddipadu,Rear End Collision,,Bus,Minor injury,Fault of driver of motor vehicle/driver of other vehicle/cyclist/pedestrian/passenger,Four lanes or more with central divider,Straight road,,Fine,Bus,P.V,Fatal,0
22.10.2018,02:46AM,1228.1,RHS,Rural,Maddipadu,Rear End Collision,,Bus,Minor injury,Fault of driver of motor vehicle/driver of other vehicle/cyclist/pedestrian/passenger,Four lanes or more with central divider,Straight road,,Fine,Bus,P.V,Grevious,0
22.10.2018,02:46AM,1228.1,RHS,Rural,Maddipadu,Rear End Collision,,Bus,Minor injury,Fault of driver of motor vehicle/driver of other vehicle/cyclist/pedestrian/passenger,Four lanes or more with central divider,Straight road,,Fine,Bus,P.V,Minor,2
22.10.2018,02:46AM,1228.1,RHS,Rural,Maddipadu,Rear End Collision,,Bus,Minor injury,Fault of driver of motor vehicle/driver of other vehicle/cyclist/pedestrian/passenger,Four lanes or more with central divider,Straight road,,Fine,Bus,P.V,Non injured,45
22.10.2018,02:46AM,1228.1,RHS,Rural,Maddipadu,Rear End Collision,,Bus,Minor injury,Fault of driver of motor vehicle/driver of other vehicle/cyclist/pedestrian/passenger,Four lanes or more with central divider,Straight road,,Fine,Bus,P.V,Animals affected,0
22.10.2018,11:05AM,1352.6,RHS,Rural,Kodavaluru,Collision Brush/Side Wipe,,Unknown vehicle,Non injury,Over speed,Four lanes or more with central divider,Straight road,,Fine,Unknown vehicle,P.V,Fatal,0
22.10.2018,11:05AM,1352.6,RHS,Rural,Kodavaluru,Collision Brush/Side Wipe,,Unknown vehicle,Non injury,Over speed,Four lanes or more with central divider,Straight road,,Fine,Unknown vehicle,P.V,Grevious,0
22.10.2018,11:05AM,1352.6,RHS,Rural,Kodavaluru,Collision Brush/Side Wipe,,Unknown vehicle,Non injury,Over speed,Four lanes or more with central divider,Straight road,,Fine,Unknown vehicle,P.V,Minor,0
22.10.2018,11:05AM,1352.6,RHS,Rural,Kodavaluru,Collision Brush/Side Wipe,,Unknown vehicle,Non injury,Over speed,Four lanes or more with central divider,Straight road,,Fine,Unknown vehicle,P.V,Non injured,1
22.10.2018,11:05AM,1352.6,RHS,Rural,Kodavaluru,Collision Brush/Side Wipe,,Unknown vehicle,Non injury,Over speed,Four lanes or more with central divider,Straight road,,Fine,Unknown vehicle,P.V,Animals affected,1
22.10.2018,10:50PM,1341.3,RHS,Rural,Dagadarthi,Collision Brush/Side Wipe,,Unknown vehicle,Non injury,Over speed,Four lanes or more with central divider,Straight road,,Fine,Unknown vehicle,P.V,Fatal,0
22.10.2018,10:50PM,1341.3,RHS,Rural,Dagadarthi,Collision Brush/Side Wipe,,Unknown vehicle,Non injury,Over speed,Four lanes or more with central divider,Straight road,,Fine,Unknown vehicle,P.V,Grevious,0
22.10.2018,10:50PM,1341.3,RHS,Rural,Dagadarthi,Collision Brush/Side Wipe,,Unknown vehicle,Non injury,Over speed,Four lanes or more with central divider,Straight road,,Fine,Unknown vehicle,P.V,Minor,0
22.10.2018,10:50PM,1341.3,RHS,Rural,Dagadarthi,Collision Brush/Side Wipe,,Unknown vehicle,Non injury,Over speed,Four lanes or more with central divider,Straight road,,Fine,Unknown vehicle,P.V,Non injured,1
22.10.2018,10:50PM,1341.3,RHS,Rural,Dagadarthi,Collision Brush/Side Wipe,,Unknown vehicle,Non injury,Over speed,Four lanes or more with central divider,Straight road,,Fine,Unknown vehicle,P.V,Animals affected,1
23.10.2018,02:30AM,1331.1,RHS,Rural,Kavali,Collision Brush/Side Wipe,,Unknown vehicle,Non injury,Over speed,Four lanes or more with central divider,Straight road,,Fine,Unknown vehicle ,P.V,Fatal,0
23.10.2018,02:30AM,1331.1,RHS,Rural,Kavali,Collision Brush/Side Wipe,,Unknown vehicle,Non injury,Over speed,Four lanes or more with central divider,Straight road,,Fine,Unknown vehicle ,P.V,Grevious,0
23.10.2018,02:30AM,1331.1,RHS,Rural,Kavali,Collision Brush/Side Wipe,,Unknown vehicle,Non injury,Over speed,Four lanes or more with central divider,Straight road,,Fine,Unknown vehicle ,P.V,Minor,0
23.10.2018,02:30AM,1331.1,RHS,Rural,Kavali,Collision Brush/Side Wipe,,Unknown vehicle,Non injury,Over speed,Four lanes or more with central divider,Straight road,,Fine,Unknown vehicle ,P.V,Non injured,1
23.10.2018,02:30AM,1331.1,RHS,Rural,Kavali,Collision Brush/Side Wipe,,Unknown vehicle,Non injury,Over speed,Four lanes or more with central divider,Straight road,,Fine,Unknown vehicle ,P.V,Animals affected,1
23.10.2018,04:30AM,1351.3,RHS,Rural,Kodavaluru,Rear End Collision,,Truck,Non injury,Fault of driver of motor vehicle/driver of other vehicle/cyclist/pedestrian/passenger,Four lanes or more with central divider,Straight road,,Fine,Lorry (AP16TT 0781),P.V,Fatal,0
23.10.2018,04:30AM,1351.3,RHS,Rural,Kodavaluru,Rear End Collision,,Truck,Non injury,Fault of driver of motor vehicle/driver of other vehicle/cyclist/pedestrian/passenger,Four lanes or more with central divider,Straight road,,Fine,Lorry (AP16TT 0781),P.V,Grevious,0
23.10.2018,04:30AM,1351.3,RHS,Rural,Kodavaluru,Rear End Collision,,Truck,Non injury,Fault of driver of motor vehicle/driver of other vehicle/cyclist/pedestrian/passenger,Four lanes or more with central divider,Straight road,,Fine,Lorry (AP16TT 0781),P.V,Minor,0
23.10.2018,04:30AM,1351.3,RHS,Rural,Kodavaluru,Rear End Collision,,Truck,Non injury,Fault of driver of motor vehicle/driver of other vehicle/cyclist/pedestrian/passenger,Four lanes or more with central divider,Straight road,,Fine,Lorry (AP16TT 0781),P.V,Non injured,1
23.10.2018,04:30AM,1351.3,RHS,Rural,Kodavaluru,Rear End Collision,,Truck,Non injury,Fault of driver of motor vehicle/driver of other vehicle/cyclist/pedestrian/passenger,Four lanes or more with central divider,Straight road,,Fine,Lorry (AP16TT 0781),P.V,Animals affected,0
23.10.2018,08:50AM,1267.8,RHS,Rural,Tangutur,Head on collision,,Unknown vehicle,Grievious injury,Over speed,Four lanes or more with central divider,Straight road,,Fine,Unknown vehicle,Ambulence,Fatal,
23.10.2018,08:50AM,1267.8,RHS,Rural,Tangutur,Head on collision,,Unknown vehicle,Grievious injury,Over speed,Four lanes or more with central divider,Straight road,,Fine,Unknown vehicle,Ambulence,Grevious,1
23.10.2018,08:50AM,1267.8,RHS,Rural,Tangutur,Head on collision,,Unknown vehicle,Grievious injury,Over speed,Four lanes or more with central divider,Straight road,,Fine,Unknown vehicle,Ambulence,Minor,1
23.10.2018,08:50AM,1267.8,RHS,Rural,Tangutur,Head on collision,,Unknown vehicle,Grievious injury,Over speed,Four lanes or more with central divider,Straight road,,Fine,Unknown vehicle,Ambulence,Non injured,0
23.10.2018,08:50AM,1267.8,RHS,Rural,Tangutur,Head on collision,,Unknown vehicle,Grievious injury,Over speed,Four lanes or more with central divider,Straight road,,Fine,Unknown vehicle,Ambulence,Animals affected,0
23.10.2018,06:35PM,1283.2,RHS,Rural,Ulavapadu,Rear End Collision,,Bike,Non injury,Fault of driver of motor vehicle/driver of other vehicle/cyclist/pedestrian/passenger,Four lanes or more with central divider,Straight road,,Fine,Bike    (AP07BN   8016),P.V,Fatal,0
23.10.2018,06:35PM,1283.2,RHS,Rural,Ulavapadu,Rear End Collision,,Bike,Non injury,Fault of driver of motor vehicle/driver of other vehicle/cyclist/pedestrian/passenger,Four lanes or more with central divider,Straight road,,Fine,Bike    (AP07BN   8016),P.V,Grevious,0
23.10.2018,06:35PM,1283.2,RHS,Rural,Ulavapadu,Rear End Collision,,Bike,Non injury,Fault of driver of motor vehicle/driver of other vehicle/cyclist/pedestrian/passenger,Four lanes or more with central divider,Straight road,,Fine,Bike    (AP07BN   8016),P.V,Minor,0
23.10.2018,06:35PM,1283.2,RHS,Rural,Ulavapadu,Rear End Collision,,Bike,Non injury,Fault of driver of motor vehicle/driver of other vehicle/cyclist/pedestrian/passenger,Four lanes or more with central divider,Straight road,,Fine,Bike    (AP07BN   8016),P.V,Non injured,1
23.10.2018,06:35PM,1283.2,RHS,Rural,Ulavapadu,Rear End Collision,,Bike,Non injury,Fault of driver of motor vehicle/driver of other vehicle/cyclist/pedestrian/passenger,Four lanes or more with central divider,Straight road,,Fine,Bike    (AP07BN   8016),P.V,Animals affected,1
24.10.2018,02:05PM,1218.5,RHS,Rural,Medarametla,Overturning,,Car,Non injury,Over speed,Four lanes or more with central divider,Straight road,,Fine,Car (TN20CF 4293),P.V,Fatal,0
24.10.2018,02:05PM,1218.5,RHS,Rural,Medarametla,Overturning,,Car,Non injury,Over speed,Four lanes or more with central divider,Straight road,,Fine,Car (TN20CF 4293),P.V,Grevious,0
24.10.2018,02:05PM,1218.5,RHS,Rural,Medarametla,Overturning,,Car,Non injury,Over speed,Four lanes or more with central divider,Straight road,,Fine,Car (TN20CF 4293),P.V,Minor,0
24.10.2018,02:05PM,1218.5,RHS,Rural,Medarametla,Overturning,,Car,Non injury,Over speed,Four lanes or more with central divider,Straight road,,Fine,Car (TN20CF 4293),P.V,Non injured,5
24.10.2018,02:05PM,1218.5,RHS,Rural,Medarametla,Overturning,,Car,Non injury,Over speed,Four lanes or more with central divider,Straight road,,Fine,Car (TN20CF 4293),P.V,Animals affected,0
25.10.2018,02:40PM,1228.7,RHS,Rural,Maddipadu,Collision Brush/Side Wipe,,Car,Non injury,Fault of driver of motor vehicle/driver of other vehicle/cyclist/pedestrian/passenger,Four lanes or more with central divider,Straight road,,Fine,Car (AP28DA 579),P.V,Fatal,0
25.10.2018,02:40PM,1228.7,RHS,Rural,Maddipadu,Collision Brush/Side Wipe,,Car,Non injury,Fault of driver of motor vehicle/driver of other vehicle/cyclist/pedestrian/passenger,Four lanes or more with central divider,Straight road,,Fine,Car (AP28DA 579),P.V,Grevious,0
25.10.2018,02:40PM,1228.7,RHS,Rural,Maddipadu,Collision Brush/Side Wipe,,Car,Non injury,Fault of driver of motor vehicle/driver of other vehicle/cyclist/pedestrian/passenger,Four lanes or more with central divider,Straight road,,Fine,Car (AP28DA 579),P.V,Minor,0
25.10.2018,02:40PM,1228.7,RHS,Rural,Maddipadu,Collision Brush/Side Wipe,,Car,Non injury,Fault of driver of motor vehicle/driver of other vehicle/cyclist/pedestrian/passenger,Four lanes or more with central divider,Straight road,,Fine,Car (AP28DA 579),P.V,Non injured,0
25.10.2018,02:40PM,1228.7,RHS,Rural,Maddipadu,Collision Brush/Side Wipe,,Car,Non injury,Fault of driver of motor vehicle/driver of other vehicle/cyclist/pedestrian/passenger,Four lanes or more with central divider,Straight road,,Fine,Car (AP28DA 579),P.V,Animals affected,0
25.10.2018,09:20PM,1302.3,RHS,Rural,Gudluru,Overturning,,Container,Grievious injury,Fault of driver of motor vehicle/driver of other vehicle/cyclist/pedestrian/passenger,Four lanes or more with central divider,Straight road,,Fine,Container vehicle (TS05UC  1177),P.V,Fatal,0
25.10.2018,09:20PM,1302.3,RHS,Rural,Gudluru,Overturning,,Container,Grievious injury,Fault of driver of motor vehicle/driver of other vehicle/cyclist/pedestrian/passenger,Four lanes or more with central divider,Straight road,,Fine,Container vehicle (TS05UC  1177),P.V,Grevious,6
25.10.2018,09:20PM,1302.3,RHS,Rural,Gudluru,Overturning,,Container,Grievious injury,Fault of driver of motor vehicle/driver of other vehicle/cyclist/pedestrian/passenger,Four lanes or more with central divider,Straight road,,Fine,Container vehicle (TS05UC  1177),P.V,Minor,6
25.10.2018,09:20PM,1302.3,RHS,Rural,Gudluru,Overturning,,Container,Grievious injury,Fault of driver of motor vehicle/driver of other vehicle/cyclist/pedestrian/passenger,Four lanes or more with central divider,Straight road,,Fine,Container vehicle (TS05UC  1177),P.V,Non injured,1
25.10.2018,09:20PM,1302.3,RHS,Rural,Gudluru,Overturning,,Container,Grievious injury,Fault of driver of motor vehicle/driver of other vehicle/cyclist/pedestrian/passenger,Four lanes or more with central divider,Straight road,,Fine,Container vehicle (TS05UC  1177),P.V,Animals affected,0
26.10.2018,06:20AM,1284.7,RHS,Rural,Ulavapadu,Collision Brush/Side Wipe,,Car,Non injury,Over speed,Four lanes or more with central divider,Straight road,,Fine,Car (AP05CV 5225),P.V,Fatal,0
26.10.2018,06:20AM,1284.7,RHS,Rural,Ulavapadu,Collision Brush/Side Wipe,,Car,Non injury,Over speed,Four lanes or more with central divider,Straight road,,Fine,Car (AP05CV 5225),P.V,Grevious,0
26.10.2018,06:20AM,1284.7,RHS,Rural,Ulavapadu,Collision Brush/Side Wipe,,Car,Non injury,Over speed,Four lanes or more with central divider,Straight road,,Fine,Car (AP05CV 5225),P.V,Minor,0
26.10.2018,06:20AM,1284.7,RHS,Rural,Ulavapadu,Collision Brush/Side Wipe,,Car,Non injury,Over speed,Four lanes or more with central divider,Straight road,,Fine,Car (AP05CV 5225),P.V,Non injured,8
26.10.2018,06:20AM,1284.7,RHS,Rural,Ulavapadu,Collision Brush/Side Wipe,,Car,Non injury,Over speed,Four lanes or more with central divider,Straight road,,Fine,Car (AP05CV 5225),P.V,Animals affected,0
26.10.2018,11:21AM,1277.4,RHS,Rural,Singarayakonda,Rear End Collision,,Car,Non injury,Over speed,Four lanes or more with central divider,Straight road,,Fine,Car (MH04BW 2912),P.V,Fatal,0
26.10.2018,11:21AM,1277.4,RHS,Rural,Singarayakonda,Rear End Collision,,Car,Non injury,Over speed,Four lanes or more with central divider,Straight road,,Fine,Car (MH04BW 2912),P.V,Grevious,0
26.10.2018,11:21AM,1277.4,RHS,Rural,Singarayakonda,Rear End Collision,,Car,Non injury,Over speed,Four lanes or more with central divider,Straight road,,Fine,Car (MH04BW 2912),P.V,Minor,0
26.10.2018,11:21AM,1277.4,RHS,Rural,Singarayakonda,Rear End Collision,,Car,Non injury,Over speed,Four lanes or more with central divider,Straight road,,Fine,Car (MH04BW 2912),P.V,Non injured,1
26.10.2018,11:21AM,1277.4,RHS,Rural,Singarayakonda,Rear End Collision,,Car,Non injury,Over speed,Four lanes or more with central divider,Straight road,,Fine,Car (MH04BW 2912),P.V,Animals affected,0
26.10.2018,06:52PM,1225,RHS,Rural,Maddipadu,Collision Brush/Side Wipe,,Bike,Minor injury,Over speed,Four lanes or more with central divider,Straight road,,Fine,Bike (AP27BP 2739),P.V,Fatal,0
26.10.2018,06:52PM,1225,RHS,Rural,Maddipadu,Collision Brush/Side Wipe,,Bike,Minor injury,Over speed,Four lanes or more with central divider,Straight road,,Fine,Bike (AP27BP 2739),P.V,Grevious,0
26.10.2018,06:52PM,1225,RHS,Rural,Maddipadu,Collision Brush/Side Wipe,,Bike,Minor injury,Over speed,Four lanes or more with central divider,Straight road,,Fine,Bike (AP27BP 2739),P.V,Minor,1
26.10.2018,06:52PM,1225,RHS,Rural,Maddipadu,Collision Brush/Side Wipe,,Bike,Minor injury,Over speed,Four lanes or more with central divider,Straight road,,Fine,Bike (AP27BP 2739),P.V,Non injured,1
26.10.2018,06:52PM,1225,RHS,Rural,Maddipadu,Collision Brush/Side Wipe,,Bike,Minor injury,Over speed,Four lanes or more with central divider,Straight road,,Fine,Bike (AP27BP 2739),P.V,Animals affected,0
27.10.2018,03:58AM,1307.3,RHS,Rural,Gudluru,Rear End Collision,,Car,Fatal,Over speed,Four lanes or more with central divider,Straight road,,Fine,Unknown vehicle,P.V,Fatal,1
27.10.2018,03:58AM,1307.3,RHS,Rural,Gudluru,Rear End Collision,,Car,Fatal,Over speed,Four lanes or more with central divider,Straight road,,Fine,Unknown vehicle,P.V,Grevious,0
27.10.2018,03:58AM,1307.3,RHS,Rural,Gudluru,Rear End Collision,,Car,Fatal,Over speed,Four lanes or more with central divider,Straight road,,Fine,Unknown vehicle,P.V,Minor,0
27.10.2018,03:58AM,1307.3,RHS,Rural,Gudluru,Rear End Collision,,Car,Fatal,Over speed,Four lanes or more with central divider,Straight road,,Fine,Unknown vehicle,P.V,Non injured,1
27.10.2018,03:58AM,1307.3,RHS,Rural,Gudluru,Rear End Collision,,Car,Fatal,Over speed,Four lanes or more with central divider,Straight road,,Fine,Unknown vehicle,P.V,Animals affected,0
27.10.2018,06:30AM,1359.6,RHS,Rural,Kodavaluru,Overturning,,Container,Non injury,Over speed,Four lanes or more with central divider,Straight road,,Fine,Mini Container (AP05TC 4777),P.V,Fatal,0
27.10.2018,06:30AM,1359.6,RHS,Rural,Kodavaluru,Overturning,,Container,Non injury,Over speed,Four lanes or more with central divider,Straight road,,Fine,Mini Container (AP05TC 4777),P.V,Grevious,0
27.10.2018,06:30AM,1359.6,RHS,Rural,Kodavaluru,Overturning,,Container,Non injury,Over speed,Four lanes or more with central divider,Straight road,,Fine,Mini Container (AP05TC 4777),P.V,Minor,0
27.10.2018,06:30AM,1359.6,RHS,Rural,Kodavaluru,Overturning,,Container,Non injury,Over speed,Four lanes or more with central divider,Straight road,,Fine,Mini Container (AP05TC 4777),P.V,Non injured,1
27.10.2018,06:30AM,1359.6,RHS,Rural,Kodavaluru,Overturning,,Container,Non injury,Over speed,Four lanes or more with central divider,Straight road,,Fine,Mini Container (AP05TC 4777),P.V,Animals affected,0
27.10.2018,09:30AM,1192.5,RHS,Rural,Martur,Skidding,,Bike,Grievious injury,Druken,Four lanes or more with central divider,Straight road,,Fine,TVS XL Moped (AP07CT 4479),P.V & A.M.B,Fatal,0
27.10.2018,09:30AM,1192.5,RHS,Rural,Martur,Skidding,,Bike,Grievious injury,Druken,Four lanes or more with central divider,Straight road,,Fine,TVS XL Moped (AP07CT 4479),P.V & A.M.B,Grevious,1
27.10.2018,09:30AM,1192.5,RHS,Rural,Martur,Skidding,,Bike,Grievious injury,Druken,Four lanes or more with central divider,Straight road,,Fine,TVS XL Moped (AP07CT 4479),P.V & A.M.B,Minor,1
27.10.2018,09:30AM,1192.5,RHS,Rural,Martur,Skidding,,Bike,Grievious injury,Druken,Four lanes or more with central divider,Straight road,,Fine,TVS XL Moped (AP07CT 4479),P.V & A.M.B,Non injured,0
27.10.2018,09:30AM,1192.5,RHS,Rural,Martur,Skidding,,Bike,Grievious injury,Druken,Four lanes or more with central divider,Straight road,,Fine,TVS XL Moped (AP07CT 4479),P.V & A.M.B,Animals affected,0
28.10.2018,05:00AM,1231.6,RHS,Rural,Maddipadu,Collision Brush/Side Wipe,,Truck,Non injury,Fault of driver of motor vehicle/driver of other vehicle/cyclist/pedestrian/passenger,Four lanes or more with central divider,Straight road,,Fine,Mini Lorry(AP27UB 3660),P.V,Fatal,0
28.10.2018,05:00AM,1231.6,RHS,Rural,Maddipadu,Collision Brush/Side Wipe,,Truck,Non injury,Fault of driver of motor vehicle/driver of other vehicle/cyclist/pedestrian/passenger,Four lanes or more with central divider,Straight road,,Fine,Mini Lorry(AP27UB 3660),P.V,Grevious,0
28.10.2018,05:00AM,1231.6,RHS,Rural,Maddipadu,Collision Brush/Side Wipe,,Truck,Non injury,Fault of driver of motor vehicle/driver of other vehicle/cyclist/pedestrian/passenger,Four lanes or more with central divider,Straight road,,Fine,Mini Lorry(AP27UB 3660),P.V,Minor,0
28.10.2018,05:00AM,1231.6,RHS,Rural,Maddipadu,Collision Brush/Side Wipe,,Truck,Non injury,Fault of driver of motor vehicle/driver of other vehicle/cyclist/pedestrian/passenger,Four lanes or more with central divider,Straight road,,Fine,Mini Lorry(AP27UB 3660),P.V,Non injured,4
28.10.2018,05:00AM,1231.6,RHS,Rural,Maddipadu,Collision Brush/Side Wipe,,Truck,Non injury,Fault of driver of motor vehicle/driver of other vehicle/cyclist/pedestrian/passenger,Four lanes or more with central divider,Straight road,,Fine,Mini Lorry(AP27UB 3660),P.V,Animals affected,0
28.10.2018,06:33PM,1302.2,RHS,Rural,Gudluru,Collision Brush/Side Wipe,,Unknown vehicle,Non injury,Over speed,Four lanes or more with central divider,Straight road,,Fine,Unknown Vehicle,P.V,Fatal,0
28.10.2018,06:33PM,1302.2,RHS,Rural,Gudluru,Collision Brush/Side Wipe,,Unknown vehicle,Non injury,Over speed,Four lanes or more with central divider,Straight road,,Fine,Unknown Vehicle,P.V,Grevious,0
28.10.2018,06:33PM,1302.2,RHS,Rural,Gudluru,Collision Brush/Side Wipe,,Unknown vehicle,Non injury,Over speed,Four lanes or more with central divider,Straight road,,Fine,Unknown Vehicle,P.V,Minor,0
28.10.2018,06:33PM,1302.2,RHS,Rural,Gudluru,Collision Brush/Side Wipe,,Unknown vehicle,Non injury,Over speed,Four lanes or more with central divider,Straight road,,Fine,Unknown Vehicle,P.V,Non injured,1
28.10.2018,06:33PM,1302.2,RHS,Rural,Gudluru,Collision Brush/Side Wipe,,Unknown vehicle,Non injury,Over speed,Four lanes or more with central divider,Straight road,,Fine,Unknown Vehicle,P.V,Animals affected,1
29.10.2018,05:47AM,1237.9,RHS,Rural,Maddipadu,Collision Brush/Side Wipe,,Unknown vehicle,Grievious injury,Over speed,Four lanes or more with central divider,Straight road,,Fine,Unknown Vehicle,P.V,Fatal,0
29.10.2018,05:47AM,1237.9,RHS,Rural,Maddipadu,Collision Brush/Side Wipe,,Unknown vehicle,Grievious injury,Over speed,Four lanes or more with central divider,Straight road,,Fine,Unknown Vehicle,P.V,Grevious,1
29.10.2018,05:47AM,1237.9,RHS,Rural,Maddipadu,Collision Brush/Side Wipe,,Unknown vehicle,Grievious injury,Over speed,Four lanes or more with central divider,Straight road,,Fine,Unknown Vehicle,P.V,Minor,0
29.10.2018,05:47AM,1237.9,RHS,Rural,Maddipadu,Collision Brush/Side Wipe,,Unknown vehicle,Grievious injury,Over speed,Four lanes or more with central divider,Straight road,,Fine,Unknown Vehicle,P.V,Non injured,0
29.10.2018,05:47AM,1237.9,RHS,Rural,Maddipadu,Collision Brush/Side Wipe,,Unknown vehicle,Grievious injury,Over speed,Four lanes or more with central divider,Straight road,,Fine,Unknown Vehicle,P.V,Animals affected,0
29.10.2018,05:55PM,1284.8,RHS,Rural,Ulavapadu,Collision Brush/Side Wipe,,Truck,Non injury,Fault of driver of motor vehicle/driver of other vehicle/cyclist/pedestrian/passenger,Four lanes or more with central divider,Straight road,,Fine,Lorry(AP26W 4419),P.V,Fatal,0
29.10.2018,05:55PM,1284.8,RHS,Rural,Ulavapadu,Collision Brush/Side Wipe,,Truck,Non injury,Fault of driver of motor vehicle/driver of other vehicle/cyclist/pedestrian/passenger,Four lanes or more with central divider,Straight road,,Fine,Lorry(AP26W 4419),P.V,Grevious,0
29.10.2018,05:55PM,1284.8,RHS,Rural,Ulavapadu,Collision Brush/Side Wipe,,Truck,Non injury,Fault of driver of motor vehicle/driver of other vehicle/cyclist/pedestrian/passenger,Four lanes or more with central divider,Straight road,,Fine,Lorry(AP26W 4419),P.V,Minor,0
29.10.2018,05:55PM,1284.8,RHS,Rural,Ulavapadu,Collision Brush/Side Wipe,,Truck,Non injury,Fault of driver of motor vehicle/driver of other vehicle/cyclist/pedestrian/passenger,Four lanes or more with central divider,Straight road,,Fine,Lorry(AP26W 4419),P.V,Non injured,1
29.10.2018,05:55PM,1284.8,RHS,Rural,Ulavapadu,Collision Brush/Side Wipe,,Truck,Non injury,Fault of driver of motor vehicle/driver of other vehicle/cyclist/pedestrian/passenger,Four lanes or more with central divider,Straight road,,Fine,Lorry(AP26W 4419),P.V,Animals affected,0
30.10.2018,10:05AM,1271.5,RHS,Rural,Jarugumalli,Collision Brush/Side Wipe,,Unknown vehicle,Minor injury,Over speed,Four lanes or more with central divider,Straight road,,Fine,Unknown Vehicle,Ambulance,Fatal,0
30.10.2018,10:05AM,1271.5,RHS,Rural,Jarugumalli,Collision Brush/Side Wipe,,Unknown vehicle,Minor injury,Over speed,Four lanes or more with central divider,Straight road,,Fine,Unknown Vehicle,Ambulance,Grevious,0
30.10.2018,10:05AM,1271.5,RHS,Rural,Jarugumalli,Collision Brush/Side Wipe,,Unknown vehicle,Minor injury,Over speed,Four lanes or more with central divider,Straight road,,Fine,Unknown Vehicle,Ambulance,Minor,1