Operational date,Time of Accident,KM && M,Position,Rural/Urban,Location,Nature of Accident Position,Nature of Accident,Vehicle Involved,Type of Accident,Causes,Road Feature,Road condition,Intersection Type And Control,Weather Condition,Vehicle Responsible,Help Provided by Ambulance/Patroling Vehicle,Classification of Accident,No of Affected Persons
30.10.2018,10:05AM,1271.5,RHS,Rural,Jarugumalli,Collision Brush/Side Wipe,,Unknown vehicle,Minor injury,Over speed,Four lanes or more with central divider,Straight road,,Fine,Unknown Vehicle,Ambulance,Non injured,1
30.10.2018,10:05AM,1271.5,RHS,Rural,Jarugumalli,Collision Brush/Side Wipe,,Unknown vehicle,Minor injury,Over speed,Four lanes or more with central divider,Straight road,,Fine,Unknown Vehicle,Ambulance,Animals affected,0
30.10.2018,10:05PM,1325.8,RHS,Rural,Kavali,Collision Brush/Side Wipe,,Car,Non injury,Over speed,Four lanes or more with central divider,Straight road,,Fine,Car (TN10AJ 4703) ,P.V,Fatal,0
30.10.2018,10:05PM,1325.8,RHS,Rural,Kavali,Collision Brush/Side Wipe,,Car,Non injury,Over speed,Four lanes or more with central divider,Straight road,,Fine,Car (TN10AJ 4703) ,P.V,Grevious,0
30.10.2018,10:05PM,1325.8,RHS,Rural,Kavali,Collision Brush/Side Wipe,,Car,Non injury,Over speed,Four lanes or more with central divider,Straight road,,Fine,Car (TN10AJ 4703) ,P.V,Minor,0
30.10.2018,10:05PM,1325.8,RHS,Rural,Kavali,Collision Brush/Side Wipe,,Car,Non injury,Over speed,Four lanes or more with central divider,Straight road,,Fine,Car (TN10AJ 4703) ,P.V,Non injured,4
30.10.2018,10:05PM,1325.8,RHS,Rural,Kavali,Collision Brush/Side Wipe,,Car,Non injury,Over speed,Four lanes or more with central divider,Straight road,,Fine,Car (TN10AJ 4703) ,P.V,Animals affected,0
30.10.2018,11:00PM,1262.5,RHS,Rural,Tangutur,Collision Brush/Side Wipe,,Bike,Minor injury,Over speed,Four lanes or more with central divider,Straight road,,Fine,Bike  (TS08EH 3902),Patrol Vehicl /Ambulance,Fatal,0
30.10.2018,11:00PM,1262.5,RHS,Rural,Tangutur,Collision Brush/Side Wipe,,Bike,Minor injury,Over speed,Four lanes or more with central divider,Straight road,,Fine,Bike  (TS08EH 3902),Patrol Vehicl /Ambulance,Grevious,0
30.10.2018,11:00PM,1262.5,RHS,Rural,Tangutur,Collision Brush/Side Wipe,,Bike,Minor injury,Over speed,Four lanes or more with central divider,Straight road,,Fine,Bike  (TS08EH 3902),Patrol Vehicl /Ambulance,Minor,2
30.10.2018,11:00PM,1262.5,RHS,Rural,Tangutur,Collision Brush/Side Wipe,,Bike,Minor injury,Over speed,Four lanes or more with central divider,Straight road,,Fine,Bike  (TS08EH 3902),Patrol Vehicl /Ambulance,Non injured,1
30.10.2018,11:00PM,1262.5,RHS,Rural,Tangutur,Collision Brush/Side Wipe,,Bike,Minor injury,Over speed,Four lanes or more with central divider,Straight road,,Fine,Bike  (TS08EH 3902),Patrol Vehicl /Ambulance,Animals affected,0
31.10.2018,10:55AM,1280.9,RHS,Rural,Singarayakonda,Overturning,,Truck,Non injury,Over speed,Four lanes or more with central divider,Straight road,,Fine,Eicher Vehicle (AP28V3132),P.V,Fatal,0
31.10.2018,10:55AM,1280.9,RHS,Rural,Singarayakonda,Overturning,,Truck,Non injury,Over speed,Four lanes or more with central divider,Straight road,,Fine,Eicher Vehicle (AP28V3132),P.V,Grevious,0
31.10.2018,10:55AM,1280.9,RHS,Rural,Singarayakonda,Overturning,,Truck,Non injury,Over speed,Four lanes or more with central divider,Straight road,,Fine,Eicher Vehicle (AP28V3132),P.V,Minor,0
31.10.2018,10:55AM,1280.9,RHS,Rural,Singarayakonda,Overturning,,Truck,Non injury,Over speed,Four lanes or more with central divider,Straight road,,Fine,Eicher Vehicle (AP28V3132),P.V,Non injured,1
31.10.2018,10:55AM,1280.9,RHS,Rural,Singarayakonda,Overturning,,Truck,Non injury,Over speed,Four lanes or more with central divider,Straight road,,Fine,Eicher Vehicle (AP28V3132),P.V,Animals affected,0
31.10.2018,11:00AM,1334.3,RHS,Rural,K.Tippa ,Collision Brush/Side Wipe,,Car,Non injury,Over speed,Four lanes or more with central divider,Straight road,,Fine,Car                    (AP24BA 0091),P.V,Fatal,0
31.10.2018,11:00AM,1334.3,RHS,Rural,K.Tippa ,Collision Brush/Side Wipe,,Car,Non injury,Over speed,Four lanes or more with central divider,Straight road,,Fine,Car                    (AP24BA 0091),P.V,Grevious,0
31.10.2018,11:00AM,1334.3,RHS,Rural,K.Tippa ,Collision Brush/Side Wipe,,Car,Non injury,Over speed,Four lanes or more with central divider,Straight road,,Fine,Car                    (AP24BA 0091),P.V,Minor,0
31.10.2018,11:00AM,1334.3,RHS,Rural,K.Tippa ,Collision Brush/Side Wipe,,Car,Non injury,Over speed,Four lanes or more with central divider,Straight road,,Fine,Car                    (AP24BA 0091),P.V,Non injured,2
31.10.2018,11:00AM,1334.3,RHS,Rural,K.Tippa ,Collision Brush/Side Wipe,,Car,Non injury,Over speed,Four lanes or more with central divider,Straight road,,Fine,Car                    (AP24BA 0091),P.V,Animals affected,0
31.10.2018,06:00PM,1322,RHS,Rural,Kavali,Collision Brush/Side Wipe,,Truck,Non injury,Defect in mechanical condition of motor vehicle/road condition,Four lanes or more with central divider,Straight road,,Fine,Mini Lorry                ( KA01AD0488),P.V,Fatal,0
31.10.2018,06:00PM,1322,RHS,Rural,Kavali,Collision Brush/Side Wipe,,Truck,Non injury,Defect in mechanical condition of motor vehicle/road condition,Four lanes or more with central divider,Straight road,,Fine,Mini Lorry                ( KA01AD0488),P.V,Grevious,0
31.10.2018,06:00PM,1322,RHS,Rural,Kavali,Collision Brush/Side Wipe,,Truck,Non injury,Defect in mechanical condition of motor vehicle/road condition,Four lanes or more with central divider,Straight road,,Fine,Mini Lorry                ( KA01AD0488),P.V,Minor,0
31.10.2018,06:00PM,1322,RHS,Rural,Kavali,Collision Brush/Side Wipe,,Truck,Non injury,Defect in mechanical condition of motor vehicle/road condition,Four lanes or more with central divider,Straight road,,Fine,Mini Lorry                ( KA01AD0488),P.V,Non injured,1
31.10.2018,06:00PM,1322,RHS,Rural,Kavali,Collision Brush/Side Wipe,,Truck,Non injury,Defect in mechanical condition of motor vehicle/road condition,Four lanes or more with central divider,Straight road,,Fine,Mini Lorry                ( KA01AD0488),P.V,Animals affected,0
01.11.2018,03:30AM,1350.4,RHS,Rural,Kodavaluru,Collision Brush/Side Wipe,,Truck,Non injury,Over speed,Four lanes or more with central divider,Straight road,,Fine,Lorry (TN32F0092), P.V,Fatal,0
01.11.2018,03:30AM,1350.4,RHS,Rural,Kodavaluru,Collision Brush/Side Wipe,,Truck,Non injury,Over speed,Four lanes or more with central divider,Straight road,,Fine,Lorry (TN32F0092), P.V,Grevious,0
01.11.2018,03:30AM,1350.4,RHS,Rural,Kodavaluru,Collision Brush/Side Wipe,,Truck,Non injury,Over speed,Four lanes or more with central divider,Straight road,,Fine,Lorry (TN32F0092), P.V,Minor,0
01.11.2018,03:30AM,1350.4,RHS,Rural,Kodavaluru,Collision Brush/Side Wipe,,Truck,Non injury,Over speed,Four lanes or more with central divider,Straight road,,Fine,Lorry (TN32F0092), P.V,Non injured,1
01.11.2018,03:30AM,1350.4,RHS,Rural,Kodavaluru,Collision Brush/Side Wipe,,Truck,Non injury,Over speed,Four lanes or more with central divider,Straight road,,Fine,Lorry (TN32F0092), P.V,Animals affected,0
01.11.2018,05:30AM,1244.5,RHS,Rural,Ongole,Collision Brush/Side Wipe,,Container,Non injury,Over speed,Four lanes or more with central divider,Straight road,,Fine,Container vehicle(AP16TK 0786),P.V.,Fatal,0
01.11.2018,05:30AM,1244.5,RHS,Rural,Ongole,Collision Brush/Side Wipe,,Container,Non injury,Over speed,Four lanes or more with central divider,Straight road,,Fine,Container vehicle(AP16TK 0786),P.V.,Grevious,0
01.11.2018,05:30AM,1244.5,RHS,Rural,Ongole,Collision Brush/Side Wipe,,Container,Non injury,Over speed,Four lanes or more with central divider,Straight road,,Fine,Container vehicle(AP16TK 0786),P.V.,Minor,0
01.11.2018,05:30AM,1244.5,RHS,Rural,Ongole,Collision Brush/Side Wipe,,Container,Non injury,Over speed,Four lanes or more with central divider,Straight road,,Fine,Container vehicle(AP16TK 0786),P.V.,Non injured,1
01.11.2018,05:30AM,1244.5,RHS,Rural,Ongole,Collision Brush/Side Wipe,,Container,Non injury,Over speed,Four lanes or more with central divider,Straight road,,Fine,Container vehicle(AP16TK 0786),P.V.,Animals affected,0
01.11.2018,18:05PM,1279,RHS,Rural,Singarayakonda,Collision Brush/Side Wipe,,Car,Non injury,Over speed,Four lanes or more with central divider,Straight road,,Light rain,Car      (AP37CM 3747),P.V.,Fatal,0
01.11.2018,18:05PM,1279,RHS,Rural,Singarayakonda,Collision Brush/Side Wipe,,Car,Non injury,Over speed,Four lanes or more with central divider,Straight road,,Light rain,Car      (AP37CM 3747),P.V.,Grevious,0
01.11.2018,18:05PM,1279,RHS,Rural,Singarayakonda,Collision Brush/Side Wipe,,Car,Non injury,Over speed,Four lanes or more with central divider,Straight road,,Light rain,Car      (AP37CM 3747),P.V.,Minor,0
01.11.2018,18:05PM,1279,RHS,Rural,Singarayakonda,Collision Brush/Side Wipe,,Car,Non injury,Over speed,Four lanes or more with central divider,Straight road,,Light rain,Car      (AP37CM 3747),P.V.,Non injured,2
01.11.2018,18:05PM,1279,RHS,Rural,Singarayakonda,Collision Brush/Side Wipe,,Car,Non injury,Over speed,Four lanes or more with central divider,Straight road,,Light rain,Car      (AP37CM 3747),P.V.,Animals affected,0
02.11.2018,03:30AM,1358.5,RHS,Rural,Kodavaluru,Rear End Collision,,Bus,Grievious injury,Fault of driver of motor vehicle/driver of other vehicle/cyclist/pedestrian/passenger,Four lanes or more with central divider,Straight road,,Cloudy,RTC Bus (AP03Z 0211), A.M.B&P.V,Fatal,0
02.11.2018,03:30AM,1358.5,RHS,Rural,Kodavaluru,Rear End Collision,,Bus,Grievious injury,Fault of driver of motor vehicle/driver of other vehicle/cyclist/pedestrian/passenger,Four lanes or more with central divider,Straight road,,Cloudy,RTC Bus (AP03Z 0211), A.M.B&P.V,Grevious,8
02.11.2018,03:30AM,1358.5,RHS,Rural,Kodavaluru,Rear End Collision,,Bus,Grievious injury,Fault of driver of motor vehicle/driver of other vehicle/cyclist/pedestrian/passenger,Four lanes or more with central divider,Straight road,,Cloudy,RTC Bus (AP03Z 0211), A.M.B&P.V,Minor,8
02.11.2018,03:30AM,1358.5,RHS,Rural,Kodavaluru,Rear End Collision,,Bus,Grievious injury,Fault of driver of motor vehicle/driver of other vehicle/cyclist/pedestrian/passenger,Four lanes or more with central divider,Straight road,,Cloudy,RTC Bus (AP03Z 0211), A.M.B&P.V,Non injured,14
02.11.2018,03:30AM,1358.5,RHS,Rural,Kodavaluru,Rear End Collision,,Bus,Grievious injury,Fault of driver of motor vehicle/driver of other vehicle/cyclist/pedestrian/passenger,Four lanes or more with central divider,Straight road,,Cloudy,RTC Bus (AP03Z 0211), A.M.B&P.V,Animals affected,0
02.11.2018,01:00PM,1318.9,RHS,Rural,Kavali,Overturning,,Truck,Non injury,Fault of driver of motor vehicle/driver of other vehicle/cyclist/pedestrian/passenger,Four lanes or more with central divider,Straight road,,Fine,Lorry(TN59H 9630),P.V.,Fatal,0
02.11.2018,01:00PM,1318.9,RHS,Rural,Kavali,Overturning,,Truck,Non injury,Fault of driver of motor vehicle/driver of other vehicle/cyclist/pedestrian/passenger,Four lanes or more with central divider,Straight road,,Fine,Lorry(TN59H 9630),P.V.,Grevious,0
02.11.2018,01:00PM,1318.9,RHS,Rural,Kavali,Overturning,,Truck,Non injury,Fault of driver of motor vehicle/driver of other vehicle/cyclist/pedestrian/passenger,Four lanes or more with central divider,Straight road,,Fine,Lorry(TN59H 9630),P.V.,Minor,0
02.11.2018,01:00PM,1318.9,RHS,Rural,Kavali,Overturning,,Truck,Non injury,Fault of driver of motor vehicle/driver of other vehicle/cyclist/pedestrian/passenger,Four lanes or more with central divider,Straight road,,Fine,Lorry(TN59H 9630),P.V.,Non injured,1
02.11.2018,01:00PM,1318.9,RHS,Rural,Kavali,Overturning,,Truck,Non injury,Fault of driver of motor vehicle/driver of other vehicle/cyclist/pedestrian/passenger,Four lanes or more with central divider,Straight road,,Fine,Lorry(TN59H 9630),P.V.,Animals affected,0
02.11.2018,01:30PM,1254.4,RHS,Rural,Tangutur,Collision Brush/Side Wipe,,Bike,Grievious injury,Over speed,Four lanes or more with central divider,Straight road,,Fine,Bike      (AP27AY 0988),A.M.B,Fatal,0
02.11.2018,01:30PM,1254.4,RHS,Rural,Tangutur,Collision Brush/Side Wipe,,Bike,Grievious injury,Over speed,Four lanes or more with central divider,Straight road,,Fine,Bike      (AP27AY 0988),A.M.B,Grevious,1
02.11.2018,01:30PM,1254.4,RHS,Rural,Tangutur,Collision Brush/Side Wipe,,Bike,Grievious injury,Over speed,Four lanes or more with central divider,Straight road,,Fine,Bike      (AP27AY 0988),A.M.B,Minor,0
02.11.2018,01:30PM,1254.4,RHS,Rural,Tangutur,Collision Brush/Side Wipe,,Bike,Grievious injury,Over speed,Four lanes or more with central divider,Straight road,,Fine,Bike      (AP27AY 0988),A.M.B,Non injured,0
02.11.2018,01:30PM,1254.4,RHS,Rural,Tangutur,Collision Brush/Side Wipe,,Bike,Grievious injury,Over speed,Four lanes or more with central divider,Straight road,,Fine,Bike      (AP27AY 0988),A.M.B,Animals affected,0
02.11.2018,02:53PM,1280.8,RHS,Rural,Singarayakonda,Collision Brush/Side Wipe,,Bike,Minor injury,Druken,Four lanes or more with central divider,Straight road,,Fine,Bike      (AP27D 5959),A.M.B,Fatal,0
02.11.2018,02:53PM,1280.8,RHS,Rural,Singarayakonda,Collision Brush/Side Wipe,,Bike,Minor injury,Druken,Four lanes or more with central divider,Straight road,,Fine,Bike      (AP27D 5959),A.M.B,Grevious,0
02.11.2018,02:53PM,1280.8,RHS,Rural,Singarayakonda,Collision Brush/Side Wipe,,Bike,Minor injury,Druken,Four lanes or more with central divider,Straight road,,Fine,Bike      (AP27D 5959),A.M.B,Minor,1
02.11.2018,02:53PM,1280.8,RHS,Rural,Singarayakonda,Collision Brush/Side Wipe,,Bike,Minor injury,Druken,Four lanes or more with central divider,Straight road,,Fine,Bike      (AP27D 5959),A.M.B,Non injured,0
02.11.2018,02:53PM,1280.8,RHS,Rural,Singarayakonda,Collision Brush/Side Wipe,,Bike,Minor injury,Druken,Four lanes or more with central divider,Straight road,,Fine,Bike      (AP27D 5959),A.M.B,Animals affected,0
03.11.2018,02:10AM,1341.6,RHS,Rural,Dagadarthi,Rear End Collision,,Bus,Minor injury,Over speed,Four lanes or more with central divider,Straight road,,Fine,RTC Bus (AP07TG 8655), A.M.B&P.V,Fatal,0
03.11.2018,02:10AM,1341.6,RHS,Rural,Dagadarthi,Rear End Collision,,Bus,Minor injury,Over speed,Four lanes or more with central divider,Straight road,,Fine,RTC Bus (AP07TG 8655), A.M.B&P.V,Grevious,0
03.11.2018,02:10AM,1341.6,RHS,Rural,Dagadarthi,Rear End Collision,,Bus,Minor injury,Over speed,Four lanes or more with central divider,Straight road,,Fine,RTC Bus (AP07TG 8655), A.M.B&P.V,Minor,2
03.11.2018,02:10AM,1341.6,RHS,Rural,Dagadarthi,Rear End Collision,,Bus,Minor injury,Over speed,Four lanes or more with central divider,Straight road,,Fine,RTC Bus (AP07TG 8655), A.M.B&P.V,Non injured,30
03.11.2018,02:10AM,1341.6,RHS,Rural,Dagadarthi,Rear End Collision,,Bus,Minor injury,Over speed,Four lanes or more with central divider,Straight road,,Fine,RTC Bus (AP07TG 8655), A.M.B&P.V,Animals affected,0
03.11.2018,06:30AM,1194.8,RHS,Rural,Martur,Collision Brush/Side Wipe,,Car,Minor injury,Over speed,Four lanes or more with central divider,Straight road,,Fine,Car(TN14Q 1992), A.M.B&P.V,Fatal,0
03.11.2018,06:30AM,1194.8,RHS,Rural,Martur,Collision Brush/Side Wipe,,Car,Minor injury,Over speed,Four lanes or more with central divider,Straight road,,Fine,Car(TN14Q 1992), A.M.B&P.V,Grevious,0
03.11.2018,06:30AM,1194.8,RHS,Rural,Martur,Collision Brush/Side Wipe,,Car,Minor injury,Over speed,Four lanes or more with central divider,Straight road,,Fine,Car(TN14Q 1992), A.M.B&P.V,Minor,2
03.11.2018,06:30AM,1194.8,RHS,Rural,Martur,Collision Brush/Side Wipe,,Car,Minor injury,Over speed,Four lanes or more with central divider,Straight road,,Fine,Car(TN14Q 1992), A.M.B&P.V,Non injured,1
03.11.2018,06:30AM,1194.8,RHS,Rural,Martur,Collision Brush/Side Wipe,,Car,Minor injury,Over speed,Four lanes or more with central divider,Straight road,,Fine,Car(TN14Q 1992), A.M.B&P.V,Animals affected,0
03.11.2018,10:20AM,1268.2,RHS,Rural,Jarugumalli,Collision Brush/Side Wipe,,Car,Non injury,Fault of driver of motor vehicle/driver of other vehicle/cyclist/pedestrian/passenger,Four lanes or more with central divider,Straight road,,Fine,Car(TN13J 3330), P.V,Fatal,0
03.11.2018,10:20AM,1268.2,RHS,Rural,Jarugumalli,Collision Brush/Side Wipe,,Car,Non injury,Fault of driver of motor vehicle/driver of other vehicle/cyclist/pedestrian/passenger,Four lanes or more with central divider,Straight road,,Fine,Car(TN13J 3330), P.V,Grevious,0
03.11.2018,10:20AM,1268.2,RHS,Rural,Jarugumalli,Collision Brush/Side Wipe,,Car,Non injury,Fault of driver of motor vehicle/driver of other vehicle/cyclist/pedestrian/passenger,Four lanes or more with central divider,Straight road,,Fine,Car(TN13J 3330), P.V,Minor,0
03.11.2018,10:20AM,1268.2,RHS,Rural,Jarugumalli,Collision Brush/Side Wipe,,Car,Non injury,Fault of driver of motor vehicle/driver of other vehicle/cyclist/pedestrian/passenger,Four lanes or more with central divider,Straight road,,Fine,Car(TN13J 3330), P.V,Non injured,4
03.11.2018,10:20AM,1268.2,RHS,Rural,Jarugumalli,Collision Brush/Side Wipe,,Car,Non injury,Fault of driver of motor vehicle/driver of other vehicle/cyclist/pedestrian/passenger,Four lanes or more with central divider,Straight road,,Fine,Car(TN13J 3330), P.V,Animals affected,0
03.11.2018,03:46PM,1286,RHS,Rural,Ulavapadu,Rear End Collision,,Car,Fatal,Over speed,Four lanes or more with central divider,Straight road,,Fine,Car      (MH04SS 9228), A.M.B&P.V,Fatal,1
03.11.2018,03:46PM,1286,RHS,Rural,Ulavapadu,Rear End Collision,,Car,Fatal,Over speed,Four lanes or more with central divider,Straight road,,Fine,Car      (MH04SS 9228), A.M.B&P.V,Grevious,0
03.11.2018,03:46PM,1286,RHS,Rural,Ulavapadu,Rear End Collision,,Car,Fatal,Over speed,Four lanes or more with central divider,Straight road,,Fine,Car      (MH04SS 9228), A.M.B&P.V,Minor,4
03.11.2018,03:46PM,1286,RHS,Rural,Ulavapadu,Rear End Collision,,Car,Fatal,Over speed,Four lanes or more with central divider,Straight road,,Fine,Car      (MH04SS 9228), A.M.B&P.V,Non injured,0
03.11.2018,03:46PM,1286,RHS,Rural,Ulavapadu,Rear End Collision,,Car,Fatal,Over speed,Four lanes or more with central divider,Straight road,,Fine,Car      (MH04SS 9228), A.M.B&P.V,Animals affected,0
03.11.2018,08:25PM,1221.9,RHS,Rural,Medarametla,Overturning,,Truck,Non injury,Vehicle out of control,Four lanes or more with central divider,Straight road,,Fine,Lorry     (TN16C 3764), P.V,Fatal,0
03.11.2018,08:25PM,1221.9,RHS,Rural,Medarametla,Overturning,,Truck,Non injury,Vehicle out of control,Four lanes or more with central divider,Straight road,,Fine,Lorry     (TN16C 3764), P.V,Grevious,0
03.11.2018,08:25PM,1221.9,RHS,Rural,Medarametla,Overturning,,Truck,Non injury,Vehicle out of control,Four lanes or more with central divider,Straight road,,Fine,Lorry     (TN16C 3764), P.V,Minor,0
03.11.2018,08:25PM,1221.9,RHS,Rural,Medarametla,Overturning,,Truck,Non injury,Vehicle out of control,Four lanes or more with central divider,Straight road,,Fine,Lorry     (TN16C 3764), P.V,Non injured,1
03.11.2018,08:25PM,1221.9,RHS,Rural,Medarametla,Overturning,,Truck,Non injury,Vehicle out of control,Four lanes or more with central divider,Straight road,,Fine,Lorry     (TN16C 3764), P.V,Animals affected,0
04.11.2018,02:57AM,1272.4,RHS,Rural,Dagadarthi,Collision Brush/Side Wipe,,Bus,Grievious injury,Fault of driver of motor vehicle/driver of other vehicle/cyclist/pedestrian/passenger,Four lanes or more with central divider,Straight road,,Fine,RTC Bus (AP032 0159), A.M.B&P.V,Fatal,0
04.11.2018,02:57AM,1272.4,RHS,Rural,Dagadarthi,Collision Brush/Side Wipe,,Bus,Grievious injury,Fault of driver of motor vehicle/driver of other vehicle/cyclist/pedestrian/passenger,Four lanes or more with central divider,Straight road,,Fine,RTC Bus (AP032 0159), A.M.B&P.V,Grevious,1
04.11.2018,02:57AM,1272.4,RHS,Rural,Dagadarthi,Collision Brush/Side Wipe,,Bus,Grievious injury,Fault of driver of motor vehicle/driver of other vehicle/cyclist/pedestrian/passenger,Four lanes or more with central divider,Straight road,,Fine,RTC Bus (AP032 0159), A.M.B&P.V,Minor,2
04.11.2018,02:57AM,1272.4,RHS,Rural,Dagadarthi,Collision Brush/Side Wipe,,Bus,Grievious injury,Fault of driver of motor vehicle/driver of other vehicle/cyclist/pedestrian/passenger,Four lanes or more with central divider,Straight road,,Fine,RTC Bus (AP032 0159), A.M.B&P.V,Non injured,30
04.11.2018,02:57AM,1272.4,RHS,Rural,Dagadarthi,Collision Brush/Side Wipe,,Bus,Grievious injury,Fault of driver of motor vehicle/driver of other vehicle/cyclist/pedestrian/passenger,Four lanes or more with central divider,Straight road,,Fine,RTC Bus (AP032 0159), A.M.B&P.V,Animals affected,0
05.11.2018,06:00PM,1200,RHS,Rural,Martur,Collision Brush/Side Wipe,,Unknown vehicle,Grievious injury,Over speed,Four lanes or more with central divider,Straight road,,Fine,Bike (AP27G   1271), A.M.B,Fatal,0
05.11.2018,06:00PM,1200,RHS,Rural,Martur,Collision Brush/Side Wipe,,Unknown vehicle,Grievious injury,Over speed,Four lanes or more with central divider,Straight road,,Fine,Bike (AP27G   1271), A.M.B,Grevious,1
05.11.2018,06:00PM,1200,RHS,Rural,Martur,Collision Brush/Side Wipe,,Unknown vehicle,Grievious injury,Over speed,Four lanes or more with central divider,Straight road,,Fine,Bike (AP27G   1271), A.M.B,Minor,1
05.11.2018,06:00PM,1200,RHS,Rural,Martur,Collision Brush/Side Wipe,,Unknown vehicle,Grievious injury,Over speed,Four lanes or more with central divider,Straight road,,Fine,Bike (AP27G   1271), A.M.B,Non injured,1
05.11.2018,06:00PM,1200,RHS,Rural,Martur,Collision Brush/Side Wipe,,Unknown vehicle,Grievious injury,Over speed,Four lanes or more with central divider,Straight road,,Fine,Bike (AP27G   1271), A.M.B,Animals affected,0
05.11.2018,11:35PM,1268,RHS,Rural,Jarugumalli,Collision Brush/Side Wipe,,Bus,Minor injury,Fault of driver of motor vehicle/driver of other vehicle/cyclist/pedestrian/passenger,Four lanes or more with central divider,Straight road,T-Junction,Fine,Bus (AR01J  1166),P.V,Fatal,0
05.11.2018,11:35PM,1268,RHS,Rural,Jarugumalli,Collision Brush/Side Wipe,,Bus,Minor injury,Fault of driver of motor vehicle/driver of other vehicle/cyclist/pedestrian/passenger,Four lanes or more with central divider,Straight road,T-Junction,Fine,Bus (AR01J  1166),P.V,Grevious,0
05.11.2018,11:35PM,1268,RHS,Rural,Jarugumalli,Collision Brush/Side Wipe,,Bus,Minor injury,Fault of driver of motor vehicle/driver of other vehicle/cyclist/pedestrian/passenger,Four lanes or more with central divider,Straight road,T-Junction,Fine,Bus (AR01J  1166),P.V,Minor,1
05.11.2018,11:35PM,1268,RHS,Rural,Jarugumalli,Collision Brush/Side Wipe,,Bus,Minor injury,Fault of driver of motor vehicle/driver of other vehicle/cyclist/pedestrian/passenger,Four lanes or more with central divider,Straight road,T-Junction,Fine,Bus (AR01J  1166),P.V,Non injured,25
05.11.2018,11:35PM,1268,RHS,Rural,Jarugumalli,Collision Brush/Side Wipe,,Bus,Minor injury,Fault of driver of motor vehicle/driver of other vehicle/cyclist/pedestrian/passenger,Four lanes or more with central divider,Straight road,T-Junction,Fine,Bus (AR01J  1166),P.V,Animals affected,0
06.11.2018,06:50AM,1282,RHS,Rural,Singarayakonda,Collision Brush/Side Wipe,,Tanker,Non injury,Over speed,Four lanes or more with central divider,Straight road,,Fine,Oil Tanker (MH43Y 7181), A.M.B,Fatal,0
06.11.2018,06:50AM,1282,RHS,Rural,Singarayakonda,Collision Brush/Side Wipe,,Tanker,Non injury,Over speed,Four lanes or more with central divider,Straight road,,Fine,Oil Tanker (MH43Y 7181), A.M.B,Grevious,0
06.11.2018,06:50AM,1282,RHS,Rural,Singarayakonda,Collision Brush/Side Wipe,,Tanker,Non injury,Over speed,Four lanes or more with central divider,Straight road,,Fine,Oil Tanker (MH43Y 7181), A.M.B,Minor,0
06.11.2018,06:50AM,1282,RHS,Rural,Singarayakonda,Collision Brush/Side Wipe,,Tanker,Non injury,Over speed,Four lanes or more with central divider,Straight road,,Fine,Oil Tanker (MH43Y 7181), A.M.B,Non injured,1
06.11.2018,06:50AM,1282,RHS,Rural,Singarayakonda,Collision Brush/Side Wipe,,Tanker,Non injury,Over speed,Four lanes or more with central divider,Straight road,,Fine,Oil Tanker (MH43Y 7181), A.M.B,Animals affected,0
06.11.2018,06:00PM,1288.6,RHS,Rural,Ulavapadu,Collision Brush/Side Wipe,,Unknown vehicle,Non injury,Over speed,Four lanes or more with central divider,Slight curve,T-Junction,Fine,Unknown vehilce,P.V,Fatal,0
06.11.2018,06:00PM,1288.6,RHS,Rural,Ulavapadu,Collision Brush/Side Wipe,,Unknown vehicle,Non injury,Over speed,Four lanes or more with central divider,Slight curve,T-Junction,Fine,Unknown vehilce,P.V,Grevious,0
06.11.2018,06:00PM,1288.6,RHS,Rural,Ulavapadu,Collision Brush/Side Wipe,,Unknown vehicle,Non injury,Over speed,Four lanes or more with central divider,Slight curve,T-Junction,Fine,Unknown vehilce,P.V,Minor,0
06.11.2018,06:00PM,1288.6,RHS,Rural,Ulavapadu,Collision Brush/Side Wipe,,Unknown vehicle,Non injury,Over speed,Four lanes or more with central divider,Slight curve,T-Junction,Fine,Unknown vehilce,P.V,Non injured,0
06.11.2018,06:00PM,1288.6,RHS,Rural,Ulavapadu,Collision Brush/Side Wipe,,Unknown vehicle,Non injury,Over speed,Four lanes or more with central divider,Slight curve,T-Junction,Fine,Unknown vehilce,P.V,Animals affected,1
07.11.2018,00:00AM,1187.2,RHS,Rural,Martur,Collision Brush/Side Wipe,,Bike,Grievious injury,Druken,Two lanes,Straight road,,Fine,Scooty  (AP27BD 2191),P.V & A.M.B,Fatal,0
07.11.2018,12:00AM,1187.2,RHS,Rural,Martur,Collision Brush/Side Wipe,,Bike,Grievious injury,Druken,Two lanes,Straight road,,Fine,Scooty  (AP27BD 2191),P.V & A.M.B,Grevious,1
07.11.2018,12:00AM,1187.2,RHS,Rural,Martur,Collision Brush/Side Wipe,,Bike,Grievious injury,Druken,Two lanes,Straight road,,Fine,Scooty  (AP27BD 2191),P.V & A.M.B,Minor,0
07.11.2018,12:00AM,1187.2,RHS,Rural,Martur,Collision Brush/Side Wipe,,Bike,Grievious injury,Druken,Two lanes,Straight road,,Fine,Scooty  (AP27BD 2191),P.V & A.M.B,Non injured,0
07.11.2018,12:00AM,1187.2,RHS,Rural,Martur,Collision Brush/Side Wipe,,Bike,Grievious injury,Druken,Two lanes,Straight road,,Fine,Scooty  (AP27BD 2191),P.V & A.M.B,Animals affected,0
07.11.2018,03:30AM,1316.5,RHS,Rural,Kavali,Overturning,,Truck,Non injury,Fault of driver of motor vehicle/driver of other vehicle/cyclist/pedestrian/passenger,Four lanes or more with central divider,Straight road,,Fine,Mini Lorry  (TS12UC  0423),P.V,Fatal,0