Operational date,Time of Accident,KM && M,Position,Rural/Urban,Location,Nature of Accident Position,Nature of Accident,Vehicle Involved,Type of Accident,Causes,Road Feature,Road condition,Intersection Type And Control,Weather Condition,Vehicle Responsible,Help Provided by Ambulance/Patroling Vehicle,Classification of Accident,No of Affected Persons
07.11.2018,03:30AM,1316.5,RHS,Rural,Kavali,Overturning,,Truck,Non injury,Fault of driver of motor vehicle/driver of other vehicle/cyclist/pedestrian/passenger,Four lanes or more with central divider,Straight road,,Fine,Mini Lorry  (TS12UC  0423),P.V,Grevious,0
07.11.2018,03:30AM,1316.5,RHS,Rural,Kavali,Overturning,,Truck,Non injury,Fault of driver of motor vehicle/driver of other vehicle/cyclist/pedestrian/passenger,Four lanes or more with central divider,Straight road,,Fine,Mini Lorry  (TS12UC  0423),P.V,Minor,0
07.11.2018,03:30AM,1316.5,RHS,Rural,Kavali,Overturning,,Truck,Non injury,Fault of driver of motor vehicle/driver of other vehicle/cyclist/pedestrian/passenger,Four lanes or more with central divider,Straight road,,Fine,Mini Lorry  (TS12UC  0423),P.V,Non injured,1
07.11.2018,03:30AM,1316.5,RHS,Rural,Kavali,Overturning,,Truck,Non injury,Fault of driver of motor vehicle/driver of other vehicle/cyclist/pedestrian/passenger,Four lanes or more with central divider,Straight road,,Fine,Mini Lorry  (TS12UC  0423),P.V,Animals affected,0
07.11.2018,05:00AM,1274.4,RHS,Rural,Singarayakonda,Overturning,,Truck,Non injury,Fault of driver of motor vehicle/driver of other vehicle/cyclist/pedestrian/passenger,Four lanes or more with central divider,Straight road,,Fine,Lorry    (UP77T    0499),P.V,Fatal,0
07.11.2018,05:00AM,1274.4,RHS,Rural,Singarayakonda,Overturning,,Truck,Non injury,Fault of driver of motor vehicle/driver of other vehicle/cyclist/pedestrian/passenger,Four lanes or more with central divider,Straight road,,Fine,Lorry    (UP77T    0499),P.V,Grevious,0
07.11.2018,05:00AM,1274.4,RHS,Rural,Singarayakonda,Overturning,,Truck,Non injury,Fault of driver of motor vehicle/driver of other vehicle/cyclist/pedestrian/passenger,Four lanes or more with central divider,Straight road,,Fine,Lorry    (UP77T    0499),P.V,Minor,0
07.11.2018,05:00AM,1274.4,RHS,Rural,Singarayakonda,Overturning,,Truck,Non injury,Fault of driver of motor vehicle/driver of other vehicle/cyclist/pedestrian/passenger,Four lanes or more with central divider,Straight road,,Fine,Lorry    (UP77T    0499),P.V,Non injured,2
07.11.2018,05:00AM,1274.4,RHS,Rural,Singarayakonda,Overturning,,Truck,Non injury,Fault of driver of motor vehicle/driver of other vehicle/cyclist/pedestrian/passenger,Four lanes or more with central divider,Straight road,,Fine,Lorry    (UP77T    0499),P.V,Animals affected,0
07.11.2018,05:00AM,1185,RHS,Rural,Martur,Others(p1.Specific),,Tanker,Non injury,Defect in mechanical condition of motor vehicle/road condition,Four lanes or more with central divider,Straight road,,Fine,Milk Tankar   (TN28AZ     5692),P.V,Fatal,0
07.11.2018,05:00AM,1185,RHS,Rural,Martur,Others(p1.Specific),,Tanker,Non injury,Defect in mechanical condition of motor vehicle/road condition,Four lanes or more with central divider,Straight road,,Fine,Milk Tankar   (TN28AZ     5692),P.V,Grevious,0
07.11.2018,05:00AM,1185,RHS,Rural,Martur,Others(p1.Specific),,Tanker,Non injury,Defect in mechanical condition of motor vehicle/road condition,Four lanes or more with central divider,Straight road,,Fine,Milk Tankar   (TN28AZ     5692),P.V,Minor,0
07.11.2018,05:00AM,1185,RHS,Rural,Martur,Others(p1.Specific),,Tanker,Non injury,Defect in mechanical condition of motor vehicle/road condition,Four lanes or more with central divider,Straight road,,Fine,Milk Tankar   (TN28AZ     5692),P.V,Non injured,1
07.11.2018,05:00AM,1185,RHS,Rural,Martur,Others(p1.Specific),,Tanker,Non injury,Defect in mechanical condition of motor vehicle/road condition,Four lanes or more with central divider,Straight road,,Fine,Milk Tankar   (TN28AZ     5692),P.V,Animals affected,0
07.11.2018,05:10AM,1339.5,RHS,Rural,Dagadarthi,Collision Brush/Side Wipe,,Truck,Non injury,Fault of driver of motor vehicle/driver of other vehicle/cyclist/pedestrian/passenger,Four lanes or more with central divider,Straight road,,Fine,Tipper (AP26TL    1122),P.V,Fatal,0
07.11.2018,05:10AM,1339.5,RHS,Rural,Dagadarthi,Collision Brush/Side Wipe,,Truck,Non injury,Fault of driver of motor vehicle/driver of other vehicle/cyclist/pedestrian/passenger,Four lanes or more with central divider,Straight road,,Fine,Tipper (AP26TL    1122),P.V,Grevious,0
07.11.2018,05:10AM,1339.5,RHS,Rural,Dagadarthi,Collision Brush/Side Wipe,,Truck,Non injury,Fault of driver of motor vehicle/driver of other vehicle/cyclist/pedestrian/passenger,Four lanes or more with central divider,Straight road,,Fine,Tipper (AP26TL    1122),P.V,Minor,0
07.11.2018,05:10AM,1339.5,RHS,Rural,Dagadarthi,Collision Brush/Side Wipe,,Truck,Non injury,Fault of driver of motor vehicle/driver of other vehicle/cyclist/pedestrian/passenger,Four lanes or more with central divider,Straight road,,Fine,Tipper (AP26TL    1122),P.V,Non injured,2
07.11.2018,05:10AM,1339.5,RHS,Rural,Dagadarthi,Collision Brush/Side Wipe,,Truck,Non injury,Fault of driver of motor vehicle/driver of other vehicle/cyclist/pedestrian/passenger,Four lanes or more with central divider,Straight road,,Fine,Tipper (AP26TL    1122),P.V,Animals affected,0
08.11.2018,11:20AM,1342,RHS,Rural,Dagadarthi,Overturning,,Unknown vehicle,Minor injury,Over speed,Four lanes or more with central divider,Straight road,,Fine,Unknown vehicle, A.M.B & P.V,Fatal,0
08.11.2018,11:20AM,1342,RHS,Rural,Dagadarthi,Overturning,,Unknown vehicle,Minor injury,Over speed,Four lanes or more with central divider,Straight road,,Fine,Unknown vehicle, A.M.B & P.V,Grevious,0
08.11.2018,11:20AM,1342,RHS,Rural,Dagadarthi,Overturning,,Unknown vehicle,Minor injury,Over speed,Four lanes or more with central divider,Straight road,,Fine,Unknown vehicle, A.M.B & P.V,Minor,2
08.11.2018,11:20AM,1342,RHS,Rural,Dagadarthi,Overturning,,Unknown vehicle,Minor injury,Over speed,Four lanes or more with central divider,Straight road,,Fine,Unknown vehicle, A.M.B & P.V,Non injured,1
08.11.2018,11:20AM,1342,RHS,Rural,Dagadarthi,Overturning,,Unknown vehicle,Minor injury,Over speed,Four lanes or more with central divider,Straight road,,Fine,Unknown vehicle, A.M.B & P.V,Animals affected,0
08.11.2018,09:05PM,1345,RHS,Rural,Dagadarthi,Rear End Collision,,Car,Minor injury,Druken,Four lanes or more with central divider,Straight road,,Fine,Car      (TS07FM     7743),P.V,Fatal,0
08.11.2018,09:05PM,1345,RHS,Rural,Dagadarthi,Rear End Collision,,Car,Minor injury,Druken,Four lanes or more with central divider,Straight road,,Fine,Car      (TS07FM     7743),P.V,Grevious,0
08.11.2018,09:05PM,1345,RHS,Rural,Dagadarthi,Rear End Collision,,Car,Minor injury,Druken,Four lanes or more with central divider,Straight road,,Fine,Car      (TS07FM     7743),P.V,Minor,3
08.11.2018,09:05PM,1345,RHS,Rural,Dagadarthi,Rear End Collision,,Car,Minor injury,Druken,Four lanes or more with central divider,Straight road,,Fine,Car      (TS07FM     7743),P.V,Non injured,1
08.11.2018,09:05PM,1345,RHS,Rural,Dagadarthi,Rear End Collision,,Car,Minor injury,Druken,Four lanes or more with central divider,Straight road,,Fine,Car      (TS07FM     7743),P.V,Animals affected,0
09.11.2018,11:40AM,1185.3,RHS,Rural,Martur,Overturning,,Auto,Minor injury,Fault of driver of motor vehicle/driver of other vehicle/cyclist/pedestrian/passenger,Four lanes or more with central divider,Straight road,,Fine,Auto      (AP07Y 6940), A.M.B & P.V,Fatal,0
09.11.2018,11:40AM,1185.3,RHS,Rural,Martur,Overturning,,Auto,Minor injury,Fault of driver of motor vehicle/driver of other vehicle/cyclist/pedestrian/passenger,Four lanes or more with central divider,Straight road,,Fine,Auto      (AP07Y 6940), A.M.B & P.V,Grevious,0
09.11.2018,11:40AM,1185.3,RHS,Rural,Martur,Overturning,,Auto,Minor injury,Fault of driver of motor vehicle/driver of other vehicle/cyclist/pedestrian/passenger,Four lanes or more with central divider,Straight road,,Fine,Auto      (AP07Y 6940), A.M.B & P.V,Minor,5
09.11.2018,11:40AM,1185.3,RHS,Rural,Martur,Overturning,,Auto,Minor injury,Fault of driver of motor vehicle/driver of other vehicle/cyclist/pedestrian/passenger,Four lanes or more with central divider,Straight road,,Fine,Auto      (AP07Y 6940), A.M.B & P.V,Non injured,0
09.11.2018,11:40AM,1185.3,RHS,Rural,Martur,Overturning,,Auto,Minor injury,Fault of driver of motor vehicle/driver of other vehicle/cyclist/pedestrian/passenger,Four lanes or more with central divider,Straight road,,Fine,Auto      (AP07Y 6940), A.M.B & P.V,Animals affected,0
10.11.2018,12:38AM,1185.5,RHS,Rural,Martur,Skidding,,Bike,Minor injury,Druken,Four lanes or more with central divider,Straight road,,Fine,     Bike(AP07CP 5758), A.M.B ,Fatal,0
10.11.2018,12:38AM,1185.5,RHS,Rural,Martur,Skidding,,Bike,Minor injury,Druken,Four lanes or more with central divider,Straight road,,Fine,     Bike(AP07CP 5758), A.M.B ,Grevious,0
10.11.2018,12:38AM,1185.5,RHS,Rural,Martur,Skidding,,Bike,Minor injury,Druken,Four lanes or more with central divider,Straight road,,Fine,     Bike(AP07CP 5758), A.M.B ,Minor,1
10.11.2018,12:38AM,1185.5,RHS,Rural,Martur,Skidding,,Bike,Minor injury,Druken,Four lanes or more with central divider,Straight road,,Fine,     Bike(AP07CP 5758), A.M.B ,Non injured,0
10.11.2018,12:38AM,1185.5,RHS,Rural,Martur,Skidding,,Bike,Minor injury,Druken,Four lanes or more with central divider,Straight road,,Fine,     Bike(AP07CP 5758), A.M.B ,Animals affected,0
10.11.2018,04:15AM,1209.1,RHS,Rural,Reningavaram,Overturning,,Trailler,Non injury,Fault of driver of motor vehicle/driver of other vehicle/cyclist/pedestrian/passenger,Two lanes,Straight road,,Fine,     Long trailer vehicle(TN28AW 3826), P.V,Fatal,0
10.11.2018,04:15AM,1209.1,RHS,Rural,Reningavaram,Overturning,,Trailler,Non injury,Fault of driver of motor vehicle/driver of other vehicle/cyclist/pedestrian/passenger,Two lanes,Straight road,,Fine,     Long trailer vehicle(TN28AW 3826), P.V,Grevious,0
10.11.2018,04:15AM,1209.1,RHS,Rural,Reningavaram,Overturning,,Trailler,Non injury,Fault of driver of motor vehicle/driver of other vehicle/cyclist/pedestrian/passenger,Two lanes,Straight road,,Fine,     Long trailer vehicle(TN28AW 3826), P.V,Minor,0
10.11.2018,04:15AM,1209.1,RHS,Rural,Reningavaram,Overturning,,Trailler,Non injury,Fault of driver of motor vehicle/driver of other vehicle/cyclist/pedestrian/passenger,Two lanes,Straight road,,Fine,     Long trailer vehicle(TN28AW 3826), P.V,Non injured,1
10.11.2018,04:15AM,1209.1,RHS,Rural,Reningavaram,Overturning,,Trailler,Non injury,Fault of driver of motor vehicle/driver of other vehicle/cyclist/pedestrian/passenger,Two lanes,Straight road,,Fine,     Long trailer vehicle(TN28AW 3826), P.V,Animals affected,0
10.11.2018,05:20AM,1317,RHS,Rural,Kavali,Collision Brush/Side Wipe,,Car,Non injury,Over speed,Four lanes or more with central divider,Straight road,,Fine,     Car(AP16XQ 0018), P.V,Fatal,0
10.11.2018,05:20AM,1317,RHS,Rural,Kavali,Collision Brush/Side Wipe,,Car,Non injury,Over speed,Four lanes or more with central divider,Straight road,,Fine,     Car(AP16XQ 0018), P.V,Grevious,0
10.11.2018,05:20AM,1317,RHS,Rural,Kavali,Collision Brush/Side Wipe,,Car,Non injury,Over speed,Four lanes or more with central divider,Straight road,,Fine,     Car(AP16XQ 0018), P.V,Minor,0
10.11.2018,05:20AM,1317,RHS,Rural,Kavali,Collision Brush/Side Wipe,,Car,Non injury,Over speed,Four lanes or more with central divider,Straight road,,Fine,     Car(AP16XQ 0018), P.V,Non injured,2
10.11.2018,05:20AM,1317,RHS,Rural,Kavali,Collision Brush/Side Wipe,,Car,Non injury,Over speed,Four lanes or more with central divider,Straight road,,Fine,     Car(AP16XQ 0018), P.V,Animals affected,0
10.11.2018,05:30AM,1204.7,RHS,Rural,Reningavaram,Collision Brush/Side Wipe,,Tempo Van,Non injury,Fault of driver of motor vehicle/driver of other vehicle/cyclist/pedestrian/passenger,Four lanes or more with central divider,Straight road,,Fine,     Tempo Van(AP03PD 4006), P.V,Fatal,0
10.11.2018,05:30AM,1204.7,RHS,Rural,Reningavaram,Collision Brush/Side Wipe,,Tempo Van,Non injury,Fault of driver of motor vehicle/driver of other vehicle/cyclist/pedestrian/passenger,Four lanes or more with central divider,Straight road,,Fine,     Tempo Van(AP03PD 4006), P.V,Grevious,0
10.11.2018,05:30AM,1204.7,RHS,Rural,Reningavaram,Collision Brush/Side Wipe,,Tempo Van,Non injury,Fault of driver of motor vehicle/driver of other vehicle/cyclist/pedestrian/passenger,Four lanes or more with central divider,Straight road,,Fine,     Tempo Van(AP03PD 4006), P.V,Minor,0
10.11.2018,05:30AM,1204.7,RHS,Rural,Reningavaram,Collision Brush/Side Wipe,,Tempo Van,Non injury,Fault of driver of motor vehicle/driver of other vehicle/cyclist/pedestrian/passenger,Four lanes or more with central divider,Straight road,,Fine,     Tempo Van(AP03PD 4006), P.V,Non injured,2
10.11.2018,05:30AM,1204.7,RHS,Rural,Reningavaram,Collision Brush/Side Wipe,,Tempo Van,Non injury,Fault of driver of motor vehicle/driver of other vehicle/cyclist/pedestrian/passenger,Four lanes or more with central divider,Straight road,,Fine,     Tempo Van(AP03PD 4006), P.V,Animals affected,0
10.11.2018,06:50PM,1241.9,RHS,Rural,Ongole,Collision Brush/Side Wipe,,Truck,Non injury,Fault of driver of motor vehicle/driver of other vehicle/cyclist/pedestrian/passenger,Four lanes or more with central divider,Straight road,,Fine,Ashok Leyland Mini Vehicle  (AP26TE     0407), P.V,Fatal,0
10.11.2018,06:50PM,1241.9,RHS,Rural,Ongole,Collision Brush/Side Wipe,,Truck,Non injury,Fault of driver of motor vehicle/driver of other vehicle/cyclist/pedestrian/passenger,Four lanes or more with central divider,Straight road,,Fine,Ashok Leyland Mini Vehicle  (AP26TE     0407), P.V,Grevious,0
10.11.2018,06:50PM,1241.9,RHS,Rural,Ongole,Collision Brush/Side Wipe,,Truck,Non injury,Fault of driver of motor vehicle/driver of other vehicle/cyclist/pedestrian/passenger,Four lanes or more with central divider,Straight road,,Fine,Ashok Leyland Mini Vehicle  (AP26TE     0407), P.V,Minor,0
10.11.2018,06:50PM,1241.9,RHS,Rural,Ongole,Collision Brush/Side Wipe,,Truck,Non injury,Fault of driver of motor vehicle/driver of other vehicle/cyclist/pedestrian/passenger,Four lanes or more with central divider,Straight road,,Fine,Ashok Leyland Mini Vehicle  (AP26TE     0407), P.V,Non injured,1
10.11.2018,06:50PM,1241.9,RHS,Rural,Ongole,Collision Brush/Side Wipe,,Truck,Non injury,Fault of driver of motor vehicle/driver of other vehicle/cyclist/pedestrian/passenger,Four lanes or more with central divider,Straight road,,Fine,Ashok Leyland Mini Vehicle  (AP26TE     0407), P.V,Animals affected,0
11.11.2018,01:40AM,1305.6,RHS,Rural,Gudluru,Collision Brush/Side Wipe,,Tata Ace,Fatal,Over speed,Four lanes or more with central divider,Straight road,,Fine,     Tata Ace Vehicle(AP16TS  0545), P.V,Fatal,1
11.11.2018,01:40AM,1305.6,RHS,Rural,Gudluru,Collision Brush/Side Wipe,,Tata Ace,Fatal,Over speed,Four lanes or more with central divider,Straight road,,Fine,     Tata Ace Vehicle(AP16TS  0545), P.V,Grevious,0
11.11.2018,01:40AM,1305.6,RHS,Rural,Gudluru,Collision Brush/Side Wipe,,Tata Ace,Fatal,Over speed,Four lanes or more with central divider,Straight road,,Fine,     Tata Ace Vehicle(AP16TS  0545), P.V,Minor,0
11.11.2018,01:40AM,1305.6,RHS,Rural,Gudluru,Collision Brush/Side Wipe,,Tata Ace,Fatal,Over speed,Four lanes or more with central divider,Straight road,,Fine,     Tata Ace Vehicle(AP16TS  0545), P.V,Non injured,1
11.11.2018,01:40AM,1305.6,RHS,Rural,Gudluru,Collision Brush/Side Wipe,,Tata Ace,Fatal,Over speed,Four lanes or more with central divider,Straight road,,Fine,     Tata Ace Vehicle(AP16TS  0545), P.V,Animals affected,0
11.11.2018,01:55AM,1292.5,RHS,Rural,Ulavapadu,Collision Brush/Side Wipe,,Car,Non injury,Over speed,Four lanes or more with central divider,Straight road,,Fine,     Car(KA05MB 6679), P.V,Fatal,0
11.11.2018,01:55AM,1292.5,RHS,Rural,Ulavapadu,Collision Brush/Side Wipe,,Car,Non injury,Over speed,Four lanes or more with central divider,Straight road,,Fine,     Car(KA05MB 6679), P.V,Grevious,0
11.11.2018,01:55AM,1292.5,RHS,Rural,Ulavapadu,Collision Brush/Side Wipe,,Car,Non injury,Over speed,Four lanes or more with central divider,Straight road,,Fine,     Car(KA05MB 6679), P.V,Minor,0
11.11.2018,01:55AM,1292.5,RHS,Rural,Ulavapadu,Collision Brush/Side Wipe,,Car,Non injury,Over speed,Four lanes or more with central divider,Straight road,,Fine,     Car(KA05MB 6679), P.V,Non injured,5
11.11.2018,01:55AM,1292.5,RHS,Rural,Ulavapadu,Collision Brush/Side Wipe,,Car,Non injury,Over speed,Four lanes or more with central divider,Straight road,,Fine,     Car(KA05MB 6679), P.V,Animals affected,0
11.11.2018,07:30AM,1199.1,RHS,Rural,Martur,Collision Brush/Side Wipe,,Bike,Grievious injury,Over speed,Four lanes or more with central divider,Straight road,,Fine,     Bike(AP26BH 7816),A.M.B & P.V,Fatal,0
11.11.2018,07:30AM,1199.1,RHS,Rural,Martur,Collision Brush/Side Wipe,,Bike,Grievious injury,Over speed,Four lanes or more with central divider,Straight road,,Fine,     Bike(AP26BH 7816),A.M.B & P.V,Grevious,2
11.11.2018,07:30AM,1199.1,RHS,Rural,Martur,Collision Brush/Side Wipe,,Bike,Grievious injury,Over speed,Four lanes or more with central divider,Straight road,,Fine,     Bike(AP26BH 7816),A.M.B & P.V,Minor,0
11.11.2018,07:30AM,1199.1,RHS,Rural,Martur,Collision Brush/Side Wipe,,Bike,Grievious injury,Over speed,Four lanes or more with central divider,Straight road,,Fine,     Bike(AP26BH 7816),A.M.B & P.V,Non injured,1
11.11.2018,07:30AM,1199.1,RHS,Rural,Martur,Collision Brush/Side Wipe,,Bike,Grievious injury,Over speed,Four lanes or more with central divider,Straight road,,Fine,     Bike(AP26BH 7816),A.M.B & P.V,Animals affected,0
11.11.2018,11:20AM,1221.4,RHS,Rural,Medarametla,Collision Brush/Side Wipe,,Bus,Minor injury,Over speed,Four lanes or more with central divider,Straight road,,Fine,     RTC BUS(AP27TY 7323),A.M.B & P.V,Fatal,0
11.11.2018,11:20AM,1221.4,RHS,Rural,Medarametla,Collision Brush/Side Wipe,,Bus,Minor injury,Over speed,Four lanes or more with central divider,Straight road,,Fine,     RTC BUS(AP27TY 7323),A.M.B & P.V,Grevious,0
11.11.2018,11:20AM,1221.4,RHS,Rural,Medarametla,Collision Brush/Side Wipe,,Bus,Minor injury,Over speed,Four lanes or more with central divider,Straight road,,Fine,     RTC BUS(AP27TY 7323),A.M.B & P.V,Minor,6
11.11.2018,11:20AM,1221.4,RHS,Rural,Medarametla,Collision Brush/Side Wipe,,Bus,Minor injury,Over speed,Four lanes or more with central divider,Straight road,,Fine,     RTC BUS(AP27TY 7323),A.M.B & P.V,Non injured,21
11.11.2018,11:20AM,1221.4,RHS,Rural,Medarametla,Collision Brush/Side Wipe,,Bus,Minor injury,Over speed,Four lanes or more with central divider,Straight road,,Fine,     RTC BUS(AP27TY 7323),A.M.B & P.V,Animals affected,0
11.11.2018,04:04PM,1202,RHS,Rural,Reningavaram,Collision Brush/Side Wipe,,Bike,Grievious injury,Druken,Two lanes,Straight road,,Fine,TVS XL Moped   (AP27BY  1171),A.M.B,Fatal,0
11.11.2018,04:04PM,1202,RHS,Rural,Reningavaram,Collision Brush/Side Wipe,,Bike,Grievious injury,Druken,Two lanes,Straight road,,Fine,TVS XL Moped   (AP27BY  1171),A.M.B,Grevious,2
11.11.2018,04:04PM,1202,RHS,Rural,Reningavaram,Collision Brush/Side Wipe,,Bike,Grievious injury,Druken,Two lanes,Straight road,,Fine,TVS XL Moped   (AP27BY  1171),A.M.B,Minor,0
11.11.2018,04:04PM,1202,RHS,Rural,Reningavaram,Collision Brush/Side Wipe,,Bike,Grievious injury,Druken,Two lanes,Straight road,,Fine,TVS XL Moped   (AP27BY  1171),A.M.B,Non injured,0
11.11.2018,04:04PM,1202,RHS,Rural,Reningavaram,Collision Brush/Side Wipe,,Bike,Grievious injury,Druken,Two lanes,Straight road,,Fine,TVS XL Moped   (AP27BY  1171),A.M.B,Animals affected,0
11.11.2018,04:05PM,1198.9,RHS,Rural,Martur,Rear End Collision,,Car,Grievious injury,Over speed,Four lanes or more with central divider,Straight road,,Fine,Car (AP27AH  2763),A.M.B & P.V,Fatal,0
11.11.2018,04:05PM,1198.9,RHS,Rural,Martur,Rear End Collision,,Car,Grievious injury,Over speed,Four lanes or more with central divider,Straight road,,Fine,Car (AP27AH  2763),A.M.B & P.V,Grevious,3
11.11.2018,04:05PM,1198.9,RHS,Rural,Martur,Rear End Collision,,Car,Grievious injury,Over speed,Four lanes or more with central divider,Straight road,,Fine,Car (AP27AH  2763),A.M.B & P.V,Minor,1
11.11.2018,04:05PM,1198.9,RHS,Rural,Martur,Rear End Collision,,Car,Grievious injury,Over speed,Four lanes or more with central divider,Straight road,,Fine,Car (AP27AH  2763),A.M.B & P.V,Non injured,1
11.11.2018,04:05PM,1198.9,RHS,Rural,Martur,Rear End Collision,,Car,Grievious injury,Over speed,Four lanes or more with central divider,Straight road,,Fine,Car (AP27AH  2763),A.M.B & P.V,Animals affected,0
11.11.2018,10:15PM,1326.4,RHS,Rural,Kavali,Overturning,,Car,Minor injury,Druken,Four lanes or more with central divider,Straight road,,Fine,Car (AP27AQ  3337),A.M.B & P.V,Fatal,0
11.11.2018,10:15PM,1326.4,RHS,Rural,Kavali,Overturning,,Car,Minor injury,Druken,Four lanes or more with central divider,Straight road,,Fine,Car (AP27AQ  3337),A.M.B & P.V,Grevious,0
11.11.2018,10:15PM,1326.4,RHS,Rural,Kavali,Overturning,,Car,Minor injury,Druken,Four lanes or more with central divider,Straight road,,Fine,Car (AP27AQ  3337),A.M.B & P.V,Minor,1
11.11.2018,10:15PM,1326.4,RHS,Rural,Kavali,Overturning,,Car,Minor injury,Druken,Four lanes or more with central divider,Straight road,,Fine,Car (AP27AQ  3337),A.M.B & P.V,Non injured,0
11.11.2018,10:15PM,1326.4,RHS,Rural,Kavali,Overturning,,Car,Minor injury,Druken,Four lanes or more with central divider,Straight road,,Fine,Car (AP27AQ  3337),A.M.B & P.V,Animals affected,0
12.11.2018,04:17AM,1236.4,RHS,Rural,Maddipadu,Collision Brush/Side Wipe,,Truck,Minor injury,Fault of driver of motor vehicle/driver of other vehicle/cyclist/pedestrian/passenger,Four lanes or more with central divider,Straight road,,Fine,     Lorry(AP16TQ 1526), P.V,Fatal,0
12.11.2018,04:17AM,1236.4,RHS,Rural,Maddipadu,Collision Brush/Side Wipe,,Truck,Minor injury,Fault of driver of motor vehicle/driver of other vehicle/cyclist/pedestrian/passenger,Four lanes or more with central divider,Straight road,,Fine,     Lorry(AP16TQ 1526), P.V,Grevious,0
12.11.2018,04:17AM,1236.4,RHS,Rural,Maddipadu,Collision Brush/Side Wipe,,Truck,Minor injury,Fault of driver of motor vehicle/driver of other vehicle/cyclist/pedestrian/passenger,Four lanes or more with central divider,Straight road,,Fine,     Lorry(AP16TQ 1526), P.V,Minor,1
12.11.2018,04:17AM,1236.4,RHS,Rural,Maddipadu,Collision Brush/Side Wipe,,Truck,Minor injury,Fault of driver of motor vehicle/driver of other vehicle/cyclist/pedestrian/passenger,Four lanes or more with central divider,Straight road,,Fine,     Lorry(AP16TQ 1526), P.V,Non injured,1
12.11.2018,04:17AM,1236.4,RHS,Rural,Maddipadu,Collision Brush/Side Wipe,,Truck,Minor injury,Fault of driver of motor vehicle/driver of other vehicle/cyclist/pedestrian/passenger,Four lanes or more with central divider,Straight road,,Fine,     Lorry(AP16TQ 1526), P.V,Animals affected,0
12.11.2018,08:50AM,1318.6,RHS,Rural,Kavali,Collision Brush/Side Wipe,,Car,Non injury,Defect in mechanical condition of motor vehicle/road condition,Four lanes or more with central divider,Straight road,,Fine,     Car(AP16B 1962), P.V,Fatal,0
12.11.2018,08:50AM,1318.6,RHS,Rural,Kavali,Collision Brush/Side Wipe,,Car,Non injury,Defect in mechanical condition of motor vehicle/road condition,Four lanes or more with central divider,Straight road,,Fine,     Car(AP16B 1962), P.V,Grevious,0
12.11.2018,08:50AM,1318.6,RHS,Rural,Kavali,Collision Brush/Side Wipe,,Car,Non injury,Defect in mechanical condition of motor vehicle/road condition,Four lanes or more with central divider,Straight road,,Fine,     Car(AP16B 1962), P.V,Minor,0
12.11.2018,08:50AM,1318.6,RHS,Rural,Kavali,Collision Brush/Side Wipe,,Car,Non injury,Defect in mechanical condition of motor vehicle/road condition,Four lanes or more with central divider,Straight road,,Fine,     Car(AP16B 1962), P.V,Non injured,4
12.11.2018,08:50AM,1318.6,RHS,Rural,Kavali,Collision Brush/Side Wipe,,Car,Non injury,Defect in mechanical condition of motor vehicle/road condition,Four lanes or more with central divider,Straight road,,Fine,     Car(AP16B 1962), P.V,Animals affected,0
12.11.2018,08:35PM,1256.3,RHS,Rural,Tangutur,Collision Brush/Side Wipe,,Truck,Non injury,Over speed,Four lanes or more with central divider,Straight road,,Fine,     Lorry(AP27V 1065), P.V,Fatal,0
12.11.2018,08:35PM,1256.3,RHS,Rural,Tangutur,Collision Brush/Side Wipe,,Truck,Non injury,Over speed,Four lanes or more with central divider,Straight road,,Fine,     Lorry(AP27V 1065), P.V,Grevious,0
12.11.2018,08:35PM,1256.3,RHS,Rural,Tangutur,Collision Brush/Side Wipe,,Truck,Non injury,Over speed,Four lanes or more with central divider,Straight road,,Fine,     Lorry(AP27V 1065), P.V,Minor,0
12.11.2018,08:35PM,1256.3,RHS,Rural,Tangutur,Collision Brush/Side Wipe,,Truck,Non injury,Over speed,Four lanes or more with central divider,Straight road,,Fine,     Lorry(AP27V 1065), P.V,Non injured,2
12.11.2018,08:35PM,1256.3,RHS,Rural,Tangutur,Collision Brush/Side Wipe,,Truck,Non injury,Over speed,Four lanes or more with central divider,Straight road,,Fine,     Lorry(AP27V 1065), P.V,Animals affected,0
14.11.2018,03:15AM,1329.4,RHS,Rural,Kavali,Rear End Collision,,Unknown vehicle,Non injury,Fault of driver of motor vehicle/driver of other vehicle/cyclist/pedestrian/passenger,Four lanes or more with central divider,Straight road,,Fine,Unknown vehicle, P.V,Fatal,0
14.11.2018,03:15AM,1329.4,RHS,Rural,Kavali,Rear End Collision,,Unknown vehicle,Non injury,Fault of driver of motor vehicle/driver of other vehicle/cyclist/pedestrian/passenger,Four lanes or more with central divider,Straight road,,Fine,Unknown vehicle, P.V,Grevious,0
14.11.2018,03:15AM,1329.4,RHS,Rural,Kavali,Rear End Collision,,Unknown vehicle,Non injury,Fault of driver of motor vehicle/driver of other vehicle/cyclist/pedestrian/passenger,Four lanes or more with central divider,Straight road,,Fine,Unknown vehicle, P.V,Minor,0
14.11.2018,03:15AM,1329.4,RHS,Rural,Kavali,Rear End Collision,,Unknown vehicle,Non injury,Fault of driver of motor vehicle/driver of other vehicle/cyclist/pedestrian/passenger,Four lanes or more with central divider,Straight road,,Fine,Unknown vehicle, P.V,Non injured,1
14.11.2018,03:15AM,1329.4,RHS,Rural,Kavali,Rear End Collision,,Unknown vehicle,Non injury,Fault of driver of motor vehicle/driver of other vehicle/cyclist/pedestrian/passenger,Four lanes or more with central divider,Straight road,,Fine,Unknown vehicle, P.V,Animals affected,1