Operational date,Time of Accident,KM && M,Position,Rural/Urban,Location,Nature of Accident Position,Nature of Accident,Vehicle Involved,Type of Accident,Causes,Road Feature,Road condition,Intersection Type And Control,Weather Condition,Vehicle Responsible,Help Provided by Ambulance/Patroling Vehicle,Classification of Accident,No of Affected Persons
14.11.2018,06:30PM,1345.4,RHS,Rural,Dagadarthi,Collision Brush/Side Wipe,,Bike,Minor injury,Druken,Two lanes,Straight road,,Fine,Bike       (AP26AT    2381), P.V,Fatal,0
14.11.2018,06:30PM,1345.4,RHS,Rural,Dagadarthi,Collision Brush/Side Wipe,,Bike,Minor injury,Druken,Two lanes,Straight road,,Fine,Bike       (AP26AT    2381), P.V,Grevious,0
14.11.2018,06:30PM,1345.4,RHS,Rural,Dagadarthi,Collision Brush/Side Wipe,,Bike,Minor injury,Druken,Two lanes,Straight road,,Fine,Bike       (AP26AT    2381), P.V,Minor,1
14.11.2018,06:30PM,1345.4,RHS,Rural,Dagadarthi,Collision Brush/Side Wipe,,Bike,Minor injury,Druken,Two lanes,Straight road,,Fine,Bike       (AP26AT    2381), P.V,Non injured,0
14.11.2018,06:30PM,1345.4,RHS,Rural,Dagadarthi,Collision Brush/Side Wipe,,Bike,Minor injury,Druken,Two lanes,Straight road,,Fine,Bike       (AP26AT    2381), P.V,Animals affected,0
15.11.2018,01:20AM,1219.7,RHS,Rural,Medarametla,Overturning,,Truck,Non injury,Fault of driver of motor vehicle/driver of other vehicle/cyclist/pedestrian/passenger,Four lanes or more with central divider,Straight road,,Fine,Lorry       (AP27X     1656), P.V,Fatal,0
15.11.2018,01:20AM,1219.7,RHS,Rural,Medarametla,Overturning,,Truck,Non injury,Fault of driver of motor vehicle/driver of other vehicle/cyclist/pedestrian/passenger,Four lanes or more with central divider,Straight road,,Fine,Lorry       (AP27X     1656), P.V,Grevious,0
15.11.2018,01:20AM,1219.7,RHS,Rural,Medarametla,Overturning,,Truck,Non injury,Fault of driver of motor vehicle/driver of other vehicle/cyclist/pedestrian/passenger,Four lanes or more with central divider,Straight road,,Fine,Lorry       (AP27X     1656), P.V,Minor,0
15.11.2018,01:20AM,1219.7,RHS,Rural,Medarametla,Overturning,,Truck,Non injury,Fault of driver of motor vehicle/driver of other vehicle/cyclist/pedestrian/passenger,Four lanes or more with central divider,Straight road,,Fine,Lorry       (AP27X     1656), P.V,Non injured,2
15.11.2018,01:20AM,1219.7,RHS,Rural,Medarametla,Overturning,,Truck,Non injury,Fault of driver of motor vehicle/driver of other vehicle/cyclist/pedestrian/passenger,Four lanes or more with central divider,Straight road,,Fine,Lorry       (AP27X     1656), P.V,Animals affected,0
15.11.2018,05:13AM,1276.6,RHS,Rural,Singarayakonda,Overturning,,Truck,Minor injury,Vehicle out of control,Four lanes or more with central divider,Straight road,,Fine,Lorry        (AP07TJ      1625),P.V,Fatal,0
15.11.2018,05:13AM,1276.6,RHS,Rural,Singarayakonda,Overturning,,Truck,Minor injury,Vehicle out of control,Four lanes or more with central divider,Straight road,,Fine,Lorry        (AP07TJ      1625),P.V,Grevious,0
15.11.2018,05:13AM,1276.6,RHS,Rural,Singarayakonda,Overturning,,Truck,Minor injury,Vehicle out of control,Four lanes or more with central divider,Straight road,,Fine,Lorry        (AP07TJ      1625),P.V,Minor,1
15.11.2018,05:13AM,1276.6,RHS,Rural,Singarayakonda,Overturning,,Truck,Minor injury,Vehicle out of control,Four lanes or more with central divider,Straight road,,Fine,Lorry        (AP07TJ      1625),P.V,Non injured,1
15.11.2018,05:13AM,1276.6,RHS,Rural,Singarayakonda,Overturning,,Truck,Minor injury,Vehicle out of control,Four lanes or more with central divider,Straight road,,Fine,Lorry        (AP07TJ      1625),P.V,Animals affected,0
15.11.2018,02:55PM,1262.2,RHS,Rural,Tangutur,Rear End Collision,,Bike,Minor injury,Over speed,Four lanes or more with central divider,Straight road,,Fine,Bike        (AP27BG      6289),A.M.B,Fatal,0
15.11.2018,02:55PM,1262.2,RHS,Rural,Tangutur,Rear End Collision,,Bike,Minor injury,Over speed,Four lanes or more with central divider,Straight road,,Fine,Bike        (AP27BG      6289),A.M.B,Grevious,0
15.11.2018,02:55PM,1262.2,RHS,Rural,Tangutur,Rear End Collision,,Bike,Minor injury,Over speed,Four lanes or more with central divider,Straight road,,Fine,Bike        (AP27BG      6289),A.M.B,Minor,1
15.11.2018,02:55PM,1262.2,RHS,Rural,Tangutur,Rear End Collision,,Bike,Minor injury,Over speed,Four lanes or more with central divider,Straight road,,Fine,Bike        (AP27BG      6289),A.M.B,Non injured,30
15.11.2018,02:55PM,1262.2,RHS,Rural,Tangutur,Rear End Collision,,Bike,Minor injury,Over speed,Four lanes or more with central divider,Straight road,,Fine,Bike        (AP27BG      6289),A.M.B,Animals affected,0
16.11.2018,02:20AM,1298.1,RHS,Rural,Gudluru,Overturning,,Truck,Non injury,Fault of driver of motor vehicle/driver of other vehicle/cyclist/pedestrian/passenger,Four lanes or more with central divider,Straight road,,Fine,Lorry      (AP07TN3289),  P.V,Fatal,0
16.11.2018,02:20AM,1298.1,RHS,Rural,Gudluru,Overturning,,Truck,Non injury,Fault of driver of motor vehicle/driver of other vehicle/cyclist/pedestrian/passenger,Four lanes or more with central divider,Straight road,,Fine,Lorry      (AP07TN3289),  P.V,Grevious,0
16.11.2018,02:20AM,1298.1,RHS,Rural,Gudluru,Overturning,,Truck,Non injury,Fault of driver of motor vehicle/driver of other vehicle/cyclist/pedestrian/passenger,Four lanes or more with central divider,Straight road,,Fine,Lorry      (AP07TN3289),  P.V,Minor,0
16.11.2018,02:20AM,1298.1,RHS,Rural,Gudluru,Overturning,,Truck,Non injury,Fault of driver of motor vehicle/driver of other vehicle/cyclist/pedestrian/passenger,Four lanes or more with central divider,Straight road,,Fine,Lorry      (AP07TN3289),  P.V,Non injured,2
16.11.2018,02:20AM,1298.1,RHS,Rural,Gudluru,Overturning,,Truck,Non injury,Fault of driver of motor vehicle/driver of other vehicle/cyclist/pedestrian/passenger,Four lanes or more with central divider,Straight road,,Fine,Lorry      (AP07TN3289),  P.V,Animals affected,0
16.11.2018,08:00AM,1310.9,RHS,Rural,Kavali,Collision Brush/Side Wipe,,Truck,Grievious injury,Over speed,Four lanes or more with central divider,Straight road,,Fine,Lorry                    (TN87 A1256),  P.V,Fatal,0
16.11.2018,08:00AM,1310.9,RHS,Rural,Kavali,Collision Brush/Side Wipe,,Truck,Grievious injury,Over speed,Four lanes or more with central divider,Straight road,,Fine,Lorry                    (TN87 A1256),  P.V,Grevious,1
16.11.2018,08:00AM,1310.9,RHS,Rural,Kavali,Collision Brush/Side Wipe,,Truck,Grievious injury,Over speed,Four lanes or more with central divider,Straight road,,Fine,Lorry                    (TN87 A1256),  P.V,Minor,0
16.11.2018,08:00AM,1310.9,RHS,Rural,Kavali,Collision Brush/Side Wipe,,Truck,Grievious injury,Over speed,Four lanes or more with central divider,Straight road,,Fine,Lorry                    (TN87 A1256),  P.V,Non injured,1
16.11.2018,08:00AM,1310.9,RHS,Rural,Kavali,Collision Brush/Side Wipe,,Truck,Grievious injury,Over speed,Four lanes or more with central divider,Straight road,,Fine,Lorry                    (TN87 A1256),  P.V,Animals affected,0
17.11.2018,07:45AM,1310.6,RHS,Rural,Kavali,Collision Brush/Side Wipe,,Container,Non injury,Over speed,Four lanes or more with central divider,Straight road,,Fine,Container Vehicle  (TN52 C2750),  P.V,Fatal,0
17.11.2018,07:45AM,1310.6,RHS,Rural,Kavali,Collision Brush/Side Wipe,,Container,Non injury,Over speed,Four lanes or more with central divider,Straight road,,Fine,Container Vehicle  (TN52 C2750),  P.V,Grevious,0
17.11.2018,07:45AM,1310.6,RHS,Rural,Kavali,Collision Brush/Side Wipe,,Container,Non injury,Over speed,Four lanes or more with central divider,Straight road,,Fine,Container Vehicle  (TN52 C2750),  P.V,Minor,0
17.11.2018,07:45AM,1310.6,RHS,Rural,Kavali,Collision Brush/Side Wipe,,Container,Non injury,Over speed,Four lanes or more with central divider,Straight road,,Fine,Container Vehicle  (TN52 C2750),  P.V,Non injured,2
17.11.2018,07:45AM,1310.6,RHS,Rural,Kavali,Collision Brush/Side Wipe,,Container,Non injury,Over speed,Four lanes or more with central divider,Straight road,,Fine,Container Vehicle  (TN52 C2750),  P.V,Animals affected,0
17.11.2018,05:38PM,1216.1,RHS,Rural,Medarametla,Collision Brush/Side Wipe,,Car,Non injury,Fault of driver of motor vehicle/driver of other vehicle/cyclist/pedestrian/passenger,Four lanes or more with central divider,Straight road,,Fine,Car (AP07BC  4588),  P.V,Fatal,0
17.11.2018,05:38PM,1216.1,RHS,Rural,Medarametla,Collision Brush/Side Wipe,,Car,Non injury,Fault of driver of motor vehicle/driver of other vehicle/cyclist/pedestrian/passenger,Four lanes or more with central divider,Straight road,,Fine,Car (AP07BC  4588),  P.V,Grevious,0
17.11.2018,05:38PM,1216.1,RHS,Rural,Medarametla,Collision Brush/Side Wipe,,Car,Non injury,Fault of driver of motor vehicle/driver of other vehicle/cyclist/pedestrian/passenger,Four lanes or more with central divider,Straight road,,Fine,Car (AP07BC  4588),  P.V,Minor,0
17.11.2018,05:38PM,1216.1,RHS,Rural,Medarametla,Collision Brush/Side Wipe,,Car,Non injury,Fault of driver of motor vehicle/driver of other vehicle/cyclist/pedestrian/passenger,Four lanes or more with central divider,Straight road,,Fine,Car (AP07BC  4588),  P.V,Non injured,1
17.11.2018,05:38PM,1216.1,RHS,Rural,Medarametla,Collision Brush/Side Wipe,,Car,Non injury,Fault of driver of motor vehicle/driver of other vehicle/cyclist/pedestrian/passenger,Four lanes or more with central divider,Straight road,,Fine,Car (AP07BC  4588),  P.V,Animals affected,0
17.11.2018,07:30PM,1249.3,RHS,Rural,Ongole,Collision Brush/Side Wipe,,Unknown vehicle,Fatal,Druken,Four lanes or more with central divider,Straight road,,Fine,Unknown vehilce,P.V,Fatal,1
17.11.2018,07:30PM,1249.3,RHS,Rural,Ongole,Collision Brush/Side Wipe,,Unknown vehicle,Fatal,Druken,Four lanes or more with central divider,Straight road,,Fine,Unknown vehilce,P.V,Grevious,0
17.11.2018,07:30PM,1249.3,RHS,Rural,Ongole,Collision Brush/Side Wipe,,Unknown vehicle,Fatal,Druken,Four lanes or more with central divider,Straight road,,Fine,Unknown vehilce,P.V,Minor,0
17.11.2018,07:30PM,1249.3,RHS,Rural,Ongole,Collision Brush/Side Wipe,,Unknown vehicle,Fatal,Druken,Four lanes or more with central divider,Straight road,,Fine,Unknown vehilce,P.V,Non injured,0
17.11.2018,07:30PM,1249.3,RHS,Rural,Ongole,Collision Brush/Side Wipe,,Unknown vehicle,Fatal,Druken,Four lanes or more with central divider,Straight road,,Fine,Unknown vehilce,P.V,Animals affected,0
17.11.2018,07:55PM,1224,RHS,Rural,Maddipadu,Collision Brush/Side Wipe,,Car,Minor injury,Over speed,Four lanes or more with central divider,Straight road,Four arm junction,Fine,Bolero Car(AP07EB 2034),A.M.B & P.V,Fatal,0
17.11.2018,07:55PM,1224,RHS,Rural,Maddipadu,Collision Brush/Side Wipe,,Car,Minor injury,Over speed,Four lanes or more with central divider,Straight road,Four arm junction,Fine,Bolero Car(AP07EB 2034),A.M.B & P.V,Grevious,0
17.11.2018,07:55PM,1224,RHS,Rural,Maddipadu,Collision Brush/Side Wipe,,Car,Minor injury,Over speed,Four lanes or more with central divider,Straight road,Four arm junction,Fine,Bolero Car(AP07EB 2034),A.M.B & P.V,Minor,1
17.11.2018,07:55PM,1224,RHS,Rural,Maddipadu,Collision Brush/Side Wipe,,Car,Minor injury,Over speed,Four lanes or more with central divider,Straight road,Four arm junction,Fine,Bolero Car(AP07EB 2034),A.M.B & P.V,Non injured,7
17.11.2018,07:55PM,1224,RHS,Rural,Maddipadu,Collision Brush/Side Wipe,,Car,Minor injury,Over speed,Four lanes or more with central divider,Straight road,Four arm junction,Fine,Bolero Car(AP07EB 2034),A.M.B & P.V,Animals affected,0
17.11.2018,09:12PM,1248.3,RHS,Rural,Ongole,Overturning,,Lorry,Non injury,Over speed,Four lanes or more with central divider,Straight road,,Fine,Lorry        (AP07TF 4757),P.V,Fatal,0
17.11.2018,09:12PM,1248.3,RHS,Rural,Ongole,Overturning,,Lorry,Non injury,Over speed,Four lanes or more with central divider,Straight road,,Fine,Lorry        (AP07TF 4757),P.V,Grevious,0
17.11.2018,09:12PM,1248.3,RHS,Rural,Ongole,Overturning,,Lorry,Non injury,Over speed,Four lanes or more with central divider,Straight road,,Fine,Lorry        (AP07TF 4757),P.V,Minor,0
17.11.2018,09:12PM,1248.3,RHS,Rural,Ongole,Overturning,,Lorry,Non injury,Over speed,Four lanes or more with central divider,Straight road,,Fine,Lorry        (AP07TF 4757),P.V,Non injured,2
17.11.2018,09:12PM,1248.3,RHS,Rural,Ongole,Overturning,,Lorry,Non injury,Over speed,Four lanes or more with central divider,Straight road,,Fine,Lorry        (AP07TF 4757),P.V,Animals affected,0
17.11.2018,10:40PM,1244.5,RHS,Rural,Ongole,Overturning,,Car,Non injury,Defect in mechanical condition of motor vehicle/road condition,Four lanes or more with central divider,Straight road,,Fine,Ashok leyland dost Vehicle (TN49BL 6444),P.V,Fatal,0
17.11.2018,10:40PM,1244.5,RHS,Rural,Ongole,Overturning,,Car,Non injury,Defect in mechanical condition of motor vehicle/road condition,Four lanes or more with central divider,Straight road,,Fine,Ashok leyland dost Vehicle (TN49BL 6444),P.V,Grevious,0
17.11.2018,10:40PM,1244.5,RHS,Rural,Ongole,Overturning,,Car,Non injury,Defect in mechanical condition of motor vehicle/road condition,Four lanes or more with central divider,Straight road,,Fine,Ashok leyland dost Vehicle (TN49BL 6444),P.V,Minor,0
17.11.2018,10:40PM,1244.5,RHS,Rural,Ongole,Overturning,,Car,Non injury,Defect in mechanical condition of motor vehicle/road condition,Four lanes or more with central divider,Straight road,,Fine,Ashok leyland dost Vehicle (TN49BL 6444),P.V,Non injured,1
17.11.2018,10:40PM,1244.5,RHS,Rural,Ongole,Overturning,,Car,Non injury,Defect in mechanical condition of motor vehicle/road condition,Four lanes or more with central divider,Straight road,,Fine,Ashok leyland dost Vehicle (TN49BL 6444),P.V,Animals affected,0
18.11.2018,10:00PM,1323.4,RHS,Rural,Kavali,Collision Brush/Side Wipe,,Container,Non injury,Druken,Four lanes or more with central divider,Straight road,,Fine,Container Vehicle  (TS08 UB 8918),  P.V,Fatal,0
18.11.2018,10:00PM,1323.4,RHS,Rural,Kavali,Collision Brush/Side Wipe,,Container,Non injury,Druken,Four lanes or more with central divider,Straight road,,Fine,Container Vehicle  (TS08 UB 8918),  P.V,Grevious,0
18.11.2018,10:00PM,1323.4,RHS,Rural,Kavali,Collision Brush/Side Wipe,,Container,Non injury,Druken,Four lanes or more with central divider,Straight road,,Fine,Container Vehicle  (TS08 UB 8918),  P.V,Minor,0
18.11.2018,10:00PM,1323.4,RHS,Rural,Kavali,Collision Brush/Side Wipe,,Container,Non injury,Druken,Four lanes or more with central divider,Straight road,,Fine,Container Vehicle  (TS08 UB 8918),  P.V,Non injured,1
18.11.2018,10:00PM,1323.4,RHS,Rural,Kavali,Collision Brush/Side Wipe,,Container,Non injury,Druken,Four lanes or more with central divider,Straight road,,Fine,Container Vehicle  (TS08 UB 8918),  P.V,Animals affected,0
19.11.2018,08:00AM,1229.4,RHS,Rural,Maddipadu,Collision Brush/Side Wipe,,Truck,Non injury,Fault of driver of motor vehicle/driver of other vehicle/cyclist/pedestrian/passenger,Four lanes or more with central divider,Straight road,,Fine,Lorry (AP27W 9756),  P.V,Fatal,0
19.11.2018,08:00AM,1229.4,RHS,Rural,Maddipadu,Collision Brush/Side Wipe,,Truck,Non injury,Fault of driver of motor vehicle/driver of other vehicle/cyclist/pedestrian/passenger,Four lanes or more with central divider,Straight road,,Fine,Lorry (AP27W 9756),  P.V,Grevious,0
19.11.2018,08:00AM,1229.4,RHS,Rural,Maddipadu,Collision Brush/Side Wipe,,Truck,Non injury,Fault of driver of motor vehicle/driver of other vehicle/cyclist/pedestrian/passenger,Four lanes or more with central divider,Straight road,,Fine,Lorry (AP27W 9756),  P.V,Minor,0
19.11.2018,08:00AM,1229.4,RHS,Rural,Maddipadu,Collision Brush/Side Wipe,,Truck,Non injury,Fault of driver of motor vehicle/driver of other vehicle/cyclist/pedestrian/passenger,Four lanes or more with central divider,Straight road,,Fine,Lorry (AP27W 9756),  P.V,Non injured,2
19.11.2018,08:00AM,1229.4,RHS,Rural,Maddipadu,Collision Brush/Side Wipe,,Truck,Non injury,Fault of driver of motor vehicle/driver of other vehicle/cyclist/pedestrian/passenger,Four lanes or more with central divider,Straight road,,Fine,Lorry (AP27W 9756),  P.V,Animals affected,0
19.11.2018,10:15AM,1286.8,RHS,Rural,Ulavapadu,Collision Brush/Side Wipe,,Car,Grievious injury,Over speed,Four lanes or more with central divider,Slight curve,,Fine,Car (AP16TS 2228),  P.V,Fatal,0
19.11.2018,10:15AM,1286.8,RHS,Rural,Ulavapadu,Collision Brush/Side Wipe,,Car,Grievious injury,Over speed,Four lanes or more with central divider,Slight curve,,Fine,Car (AP16TS 2228),  P.V,Grevious,2
19.11.2018,10:15AM,1286.8,RHS,Rural,Ulavapadu,Collision Brush/Side Wipe,,Car,Grievious injury,Over speed,Four lanes or more with central divider,Slight curve,,Fine,Car (AP16TS 2228),  P.V,Minor,0
19.11.2018,10:15AM,1286.8,RHS,Rural,Ulavapadu,Collision Brush/Side Wipe,,Car,Grievious injury,Over speed,Four lanes or more with central divider,Slight curve,,Fine,Car (AP16TS 2228),  P.V,Non injured,1
19.11.2018,10:15AM,1286.8,RHS,Rural,Ulavapadu,Collision Brush/Side Wipe,,Car,Grievious injury,Over speed,Four lanes or more with central divider,Slight curve,,Fine,Car (AP16TS 2228),  P.V,Animals affected,0
19.11.2018,11:30AM,1329.7,RHS,Rural,Kavali,Overturning,,Car,Non injury,Over speed,Four lanes or more with central divider,Straight road,,Fine,Car (AP37BP 1341),  P.V,Fatal,0
19.11.2018,11:30AM,1329.7,RHS,Rural,Kavali,Overturning,,Car,Non injury,Over speed,Four lanes or more with central divider,Straight road,,Fine,Car (AP37BP 1341),  P.V,Grevious,0
19.11.2018,11:30AM,1329.7,RHS,Rural,Kavali,Overturning,,Car,Non injury,Over speed,Four lanes or more with central divider,Straight road,,Fine,Car (AP37BP 1341),  P.V,Minor,0
19.11.2018,11:30AM,1329.7,RHS,Rural,Kavali,Overturning,,Car,Non injury,Over speed,Four lanes or more with central divider,Straight road,,Fine,Car (AP37BP 1341),  P.V,Non injured,1
19.11.2018,11:30AM,1329.7,RHS,Rural,Kavali,Overturning,,Car,Non injury,Over speed,Four lanes or more with central divider,Straight road,,Fine,Car (AP37BP 1341),  P.V,Animals affected,0
19.11.2018,13:01PM,1273.7,RHS,Rural,Singarayakonda,Head on collision,,Bike,Grievious injury,Fault of driver of motor vehicle/driver of other vehicle/cyclist/pedestrian/passenger,Two lanes,Straight road,,Fine,Bike (AP27BM 6267),  A.M.B & P.V,Fatal,0
19.11.2018,13:01PM,1273.7,RHS,Rural,Singarayakonda,Head on collision,,Bike,Grievious injury,Fault of driver of motor vehicle/driver of other vehicle/cyclist/pedestrian/passenger,Two lanes,Straight road,,Fine,Bike (AP27BM 6267),  A.M.B & P.V,Grevious,1
19.11.2018,13:01PM,1273.7,RHS,Rural,Singarayakonda,Head on collision,,Bike,Grievious injury,Fault of driver of motor vehicle/driver of other vehicle/cyclist/pedestrian/passenger,Two lanes,Straight road,,Fine,Bike (AP27BM 6267),  A.M.B & P.V,Minor,0
19.11.2018,13:01PM,1273.7,RHS,Rural,Singarayakonda,Head on collision,,Bike,Grievious injury,Fault of driver of motor vehicle/driver of other vehicle/cyclist/pedestrian/passenger,Two lanes,Straight road,,Fine,Bike (AP27BM 6267),  A.M.B & P.V,Non injured,20
19.11.2018,13:01PM,1273.7,RHS,Rural,Singarayakonda,Head on collision,,Bike,Grievious injury,Fault of driver of motor vehicle/driver of other vehicle/cyclist/pedestrian/passenger,Two lanes,Straight road,,Fine,Bike (AP27BM 6267),  A.M.B & P.V,Animals affected,0
20.11.2018,03:02PM,1237.4,RHS,Rural,Maddipadu,Collision Brush/Side Wipe,,Unknown vehicle,Minor injury,Over speed,Four lanes or more with central divider,Straight road,,Fine,Unknown vehicle,A.M.B,Fatal,0
20.11.2018,03:02PM,1237.4,RHS,Rural,Maddipadu,Collision Brush/Side Wipe,,Unknown vehicle,Minor injury,Over speed,Four lanes or more with central divider,Straight road,,Fine,Unknown vehicle,A.M.B,Grevious,0
20.11.2018,03:02PM,1237.4,RHS,Rural,Maddipadu,Collision Brush/Side Wipe,,Unknown vehicle,Minor injury,Over speed,Four lanes or more with central divider,Straight road,,Fine,Unknown vehicle,A.M.B,Minor,2
20.11.2018,03:02PM,1237.4,RHS,Rural,Maddipadu,Collision Brush/Side Wipe,,Unknown vehicle,Minor injury,Over speed,Four lanes or more with central divider,Straight road,,Fine,Unknown vehicle,A.M.B,Non injured,0
20.11.2018,03:02PM,1237.4,RHS,Rural,Maddipadu,Collision Brush/Side Wipe,,Unknown vehicle,Minor injury,Over speed,Four lanes or more with central divider,Straight road,,Fine,Unknown vehicle,A.M.B,Animals affected,0
20.11.2018,11:30PM,1287,RHS,Rural,Ulavapadu,Collision Brush/Side Wipe,,Truck,Non injury,Over speed,Four lanes or more with central divider,Straight road,,Fine,Lorry     (AP31TA    9887),  P.V,Fatal,0
20.11.2018,11:30PM,1287,RHS,Rural,Ulavapadu,Collision Brush/Side Wipe,,Truck,Non injury,Over speed,Four lanes or more with central divider,Straight road,,Fine,Lorry     (AP31TA    9887),  P.V,Grevious,0
20.11.2018,11:30PM,1287,RHS,Rural,Ulavapadu,Collision Brush/Side Wipe,,Truck,Non injury,Over speed,Four lanes or more with central divider,Straight road,,Fine,Lorry     (AP31TA    9887),  P.V,Minor,0
20.11.2018,11:30PM,1287,RHS,Rural,Ulavapadu,Collision Brush/Side Wipe,,Truck,Non injury,Over speed,Four lanes or more with central divider,Straight road,,Fine,Lorry     (AP31TA    9887),  P.V,Non injured,3
20.11.2018,11:30PM,1287,RHS,Rural,Ulavapadu,Collision Brush/Side Wipe,,Truck,Non injury,Over speed,Four lanes or more with central divider,Straight road,,Fine,Lorry     (AP31TA    9887),  P.V,Animals affected,0
20.11.2018,11:30PM,1331.2,RHS,Rural,K.Tippa ,Collision Brush/Side Wipe,,Truck,Minor injury,Fault of driver of motor vehicle/driver of other vehicle/cyclist/pedestrian/passenger,Four lanes or more with central divider,Straight road,,Fine,Lorry      (TN29BV       3639),  P.V & A.M.B,Fatal,0
20.11.2018,11:30PM,1331.2,RHS,Rural,K.Tippa ,Collision Brush/Side Wipe,,Truck,Minor injury,Fault of driver of motor vehicle/driver of other vehicle/cyclist/pedestrian/passenger,Four lanes or more with central divider,Straight road,,Fine,Lorry      (TN29BV       3639),  P.V & A.M.B,Grevious,0
20.11.2018,11:30PM,1331.2,RHS,Rural,K.Tippa ,Collision Brush/Side Wipe,,Truck,Minor injury,Fault of driver of motor vehicle/driver of other vehicle/cyclist/pedestrian/passenger,Four lanes or more with central divider,Straight road,,Fine,Lorry      (TN29BV       3639),  P.V & A.M.B,Minor,1
20.11.2018,11:30PM,1331.2,RHS,Rural,K.Tippa ,Collision Brush/Side Wipe,,Truck,Minor injury,Fault of driver of motor vehicle/driver of other vehicle/cyclist/pedestrian/passenger,Four lanes or more with central divider,Straight road,,Fine,Lorry      (TN29BV       3639),  P.V & A.M.B,Non injured,2
20.11.2018,11:30PM,1331.2,RHS,Rural,K.Tippa ,Collision Brush/Side Wipe,,Truck,Minor injury,Fault of driver of motor vehicle/driver of other vehicle/cyclist/pedestrian/passenger,Four lanes or more with central divider,Straight road,,Fine,Lorry      (TN29BV       3639),  P.V & A.M.B,Animals affected,0
22.11.2018,00:15AM,1317.9,RHS,Rural,Kavali,Collision Brush/Side Wipe,,Unknown vehicle,Non injury,Over speed,Four lanes or more with central divider,Straight road,,Fine,Unknown Vehicle,  P.V,Fatal,0
22.11.2018,00:15AM,1317.9,RHS,Rural,Kavali,Collision Brush/Side Wipe,,Unknown vehicle,Non injury,Over speed,Four lanes or more with central divider,Straight road,,Fine,Unknown Vehicle,  P.V,Grevious,0
22.11.2018,00:15AM,1317.9,RHS,Rural,Kavali,Collision Brush/Side Wipe,,Unknown vehicle,Non injury,Over speed,Four lanes or more with central divider,Straight road,,Fine,Unknown Vehicle,  P.V,Minor,0
22.11.2018,00:15AM,1317.9,RHS,Rural,Kavali,Collision Brush/Side Wipe,,Unknown vehicle,Non injury,Over speed,Four lanes or more with central divider,Straight road,,Fine,Unknown Vehicle,  P.V,Non injured,1
22.11.2018,00:15AM,1317.9,RHS,Rural,Kavali,Collision Brush/Side Wipe,,Unknown vehicle,Non injury,Over speed,Four lanes or more with central divider,Straight road,,Fine,Unknown Vehicle,  P.V,Animals affected,0
22.11.2018,01:19AM,1248.4,RHS,Rural,Ongole,Rear End Collision,,Car,Non injury,Fault of driver of motor vehicle/driver of other vehicle/cyclist/pedestrian/passenger,Four lanes or more with central divider,Straight road,,Fine,Car (AP07BV   8838,  P.V,Fatal,0
22.11.2018,01:19AM,1248.4,RHS,Rural,Ongole,Rear End Collision,,Car,Non injury,Fault of driver of motor vehicle/driver of other vehicle/cyclist/pedestrian/passenger,Four lanes or more with central divider,Straight road,,Fine,Car (AP07BV   8838,  P.V,Grevious,0
22.11.2018,01:19AM,1248.4,RHS,Rural,Ongole,Rear End Collision,,Car,Non injury,Fault of driver of motor vehicle/driver of other vehicle/cyclist/pedestrian/passenger,Four lanes or more with central divider,Straight road,,Fine,Car (AP07BV   8838,  P.V,Minor,0
22.11.2018,01:19AM,1248.4,RHS,Rural,Ongole,Rear End Collision,,Car,Non injury,Fault of driver of motor vehicle/driver of other vehicle/cyclist/pedestrian/passenger,Four lanes or more with central divider,Straight road,,Fine,Car (AP07BV   8838,  P.V,Non injured,3
22.11.2018,01:19AM,1248.4,RHS,Rural,Ongole,Rear End Collision,,Car,Non injury,Fault of driver of motor vehicle/driver of other vehicle/cyclist/pedestrian/passenger,Four lanes or more with central divider,Straight road,,Fine,Car (AP07BV   8838,  P.V,Animals affected,0
22.11.2018,08:28AM,1338.8,RHS,Rural,K.Tippa ,Rear End Collision,,Container,Non injury,Fault of driver of motor vehicle/driver of other vehicle/cyclist/pedestrian/passenger,Four lanes or more with central divider,Straight road,,Fine,Container vehicle (HR55V6458),  P.V,Fatal,0
22.11.2018,08:28AM,1338.8,RHS,Rural,K.Tippa ,Rear End Collision,,Container,Non injury,Fault of driver of motor vehicle/driver of other vehicle/cyclist/pedestrian/passenger,Four lanes or more with central divider,Straight road,,Fine,Container vehicle (HR55V6458),  P.V,Grevious,0
22.11.2018,08:28AM,1338.8,RHS,Rural,K.Tippa ,Rear End Collision,,Container,Non injury,Fault of driver of motor vehicle/driver of other vehicle/cyclist/pedestrian/passenger,Four lanes or more with central divider,Straight road,,Fine,Container vehicle (HR55V6458),  P.V,Minor,0
22.11.2018,08:28AM,1338.8,RHS,Rural,K.Tippa ,Rear End Collision,,Container,Non injury,Fault of driver of motor vehicle/driver of other vehicle/cyclist/pedestrian/passenger,Four lanes or more with central divider,Straight road,,Fine,Container vehicle (HR55V6458),  P.V,Non injured,2
22.11.2018,08:28AM,1338.8,RHS,Rural,K.Tippa ,Rear End Collision,,Container,Non injury,Fault of driver of motor vehicle/driver of other vehicle/cyclist/pedestrian/passenger,Four lanes or more with central divider,Straight road,,Fine,Container vehicle (HR55V6458),  P.V,Animals affected,0