Operational date,Time of Accident,KM && M,Position,Rural/Urban,Location,Nature of Accident Position,Nature of Accident,Vehicle Involved,Type of Accident,Causes,Road Feature,Road condition,Intersection Type And Control,Weather Condition,Vehicle Responsible,Help Provided by Ambulance/Patroling Vehicle,Classification of Accident,No of Affected Persons
22.11.2018,08:10AM,1261.7,RHS,Rural,Tangutur,Rear End Collision,,Truck,Non injury,Fault of driver of motor vehicle/driver of other vehicle/cyclist/pedestrian/passenger,Four lanes or more with central divider,Straight road,,Fine,Lorry      (AP16TC    3213),P.V,Fatal,0
22.11.2018,08:10AM,1261.7,RHS,Rural,Tangutur,Rear End Collision,,Truck,Non injury,Fault of driver of motor vehicle/driver of other vehicle/cyclist/pedestrian/passenger,Four lanes or more with central divider,Straight road,,Fine,Lorry      (AP16TC    3213),P.V,Grevious,0
22.11.2018,08:10AM,1261.7,RHS,Rural,Tangutur,Rear End Collision,,Truck,Non injury,Fault of driver of motor vehicle/driver of other vehicle/cyclist/pedestrian/passenger,Four lanes or more with central divider,Straight road,,Fine,Lorry      (AP16TC    3213),P.V,Minor,0
22.11.2018,08:10AM,1261.7,RHS,Rural,Tangutur,Rear End Collision,,Truck,Non injury,Fault of driver of motor vehicle/driver of other vehicle/cyclist/pedestrian/passenger,Four lanes or more with central divider,Straight road,,Fine,Lorry      (AP16TC    3213),P.V,Non injured,1
22.11.2018,08:10AM,1261.7,RHS,Rural,Tangutur,Rear End Collision,,Truck,Non injury,Fault of driver of motor vehicle/driver of other vehicle/cyclist/pedestrian/passenger,Four lanes or more with central divider,Straight road,,Fine,Lorry      (AP16TC    3213),P.V,Animals affected,0
22.11.2018,12:30PM,1339.7,RHS,Rural,Dagadarthi,Collision Brush/Side Wipe,,Car,Grievious injury,Over speed,Four lanes or more with central divider,Straight road,,Heavy rain,Car              (AP31CY      9189),P.V,Fatal,0
22.11.2018,12:30PM,1339.7,RHS,Rural,Dagadarthi,Collision Brush/Side Wipe,,Car,Grievious injury,Over speed,Four lanes or more with central divider,Straight road,,Heavy rain,Car              (AP31CY      9189),P.V,Grevious,2
22.11.2018,12:30PM,1339.7,RHS,Rural,Dagadarthi,Collision Brush/Side Wipe,,Car,Grievious injury,Over speed,Four lanes or more with central divider,Straight road,,Heavy rain,Car              (AP31CY      9189),P.V,Minor,0
22.11.2018,12:30PM,1339.7,RHS,Rural,Dagadarthi,Collision Brush/Side Wipe,,Car,Grievious injury,Over speed,Four lanes or more with central divider,Straight road,,Heavy rain,Car              (AP31CY      9189),P.V,Non injured,2
22.11.2018,12:30PM,1339.7,RHS,Rural,Dagadarthi,Collision Brush/Side Wipe,,Car,Grievious injury,Over speed,Four lanes or more with central divider,Straight road,,Heavy rain,Car              (AP31CY      9189),P.V,Animals affected,0
22.11.2018,09:30PM,1325.2,RHS,Rural,Kavali,Overturning,,Truck,Grievious injury,Over speed,Four lanes or more with central divider,Straight road,,Fine,Lorry       (AP16TG    1589)    ,  A.M.B & P.V,Fatal,0
22.11.2018,09:30PM,1325.2,RHS,Rural,Kavali,Overturning,,Truck,Grievious injury,Over speed,Four lanes or more with central divider,Straight road,,Fine,Lorry       (AP16TG    1589)    ,  A.M.B & P.V,Grevious,1
22.11.2018,09:30PM,1325.2,RHS,Rural,Kavali,Overturning,,Truck,Grievious injury,Over speed,Four lanes or more with central divider,Straight road,,Fine,Lorry       (AP16TG    1589)    ,  A.M.B & P.V,Minor,4
22.11.2018,09:30PM,1325.2,RHS,Rural,Kavali,Overturning,,Truck,Grievious injury,Over speed,Four lanes or more with central divider,Straight road,,Fine,Lorry       (AP16TG    1589)    ,  A.M.B & P.V,Non injured,32
22.11.2018,09:30PM,1325.2,RHS,Rural,Kavali,Overturning,,Truck,Grievious injury,Over speed,Four lanes or more with central divider,Straight road,,Fine,Lorry       (AP16TG    1589)    ,  A.M.B & P.V,Animals affected,0
23.11.2018,04:20AM,1330,RHS,Rural,Kavali,Collision Brush/Side Wipe,,Container,Grievious injury,Druken,Four lanes or more with central divider,Straight road,,Fine,Long Container Vehicle(NL01K 5992),  A.M.B & P.V,Fatal,0
23.11.2018,04:20AM,1330,RHS,Rural,Kavali,Collision Brush/Side Wipe,,Container,Grievious injury,Druken,Four lanes or more with central divider,Straight road,,Fine,Long Container Vehicle(NL01K 5992),  A.M.B & P.V,Grevious,1
23.11.2018,04:20AM,1330,RHS,Rural,Kavali,Collision Brush/Side Wipe,,Container,Grievious injury,Druken,Four lanes or more with central divider,Straight road,,Fine,Long Container Vehicle(NL01K 5992),  A.M.B & P.V,Minor,2
23.11.2018,04:20AM,1330,RHS,Rural,Kavali,Collision Brush/Side Wipe,,Container,Grievious injury,Druken,Four lanes or more with central divider,Straight road,,Fine,Long Container Vehicle(NL01K 5992),  A.M.B & P.V,Non injured,3
23.11.2018,04:20AM,1330,RHS,Rural,Kavali,Collision Brush/Side Wipe,,Container,Grievious injury,Druken,Four lanes or more with central divider,Straight road,,Fine,Long Container Vehicle(NL01K 5992),  A.M.B & P.V,Animals affected,0
23.11.2018,06:30AM,1284.9,RHS,Rural,Ulavapadu,Overturning,,Truck,Non injury,Fault of driver of motor vehicle/driver of other vehicle/cyclist/pedestrian/passenger,Four lanes or more with central divider,Straight road,,Fine, Container Vehicle(AP31TD9869),  P.V,Fatal,0
23.11.2018,06:30AM,1284.9,RHS,Rural,Ulavapadu,Overturning,,Truck,Non injury,Fault of driver of motor vehicle/driver of other vehicle/cyclist/pedestrian/passenger,Four lanes or more with central divider,Straight road,,Fine, Container Vehicle(AP31TD9869),  P.V,Grevious,0
23.11.2018,06:30AM,1284.9,RHS,Rural,Ulavapadu,Overturning,,Truck,Non injury,Fault of driver of motor vehicle/driver of other vehicle/cyclist/pedestrian/passenger,Four lanes or more with central divider,Straight road,,Fine, Container Vehicle(AP31TD9869),  P.V,Minor,0
23.11.2018,06:30AM,1284.9,RHS,Rural,Ulavapadu,Overturning,,Truck,Non injury,Fault of driver of motor vehicle/driver of other vehicle/cyclist/pedestrian/passenger,Four lanes or more with central divider,Straight road,,Fine, Container Vehicle(AP31TD9869),  P.V,Non injured,2
23.11.2018,06:30AM,1284.9,RHS,Rural,Ulavapadu,Overturning,,Truck,Non injury,Fault of driver of motor vehicle/driver of other vehicle/cyclist/pedestrian/passenger,Four lanes or more with central divider,Straight road,,Fine, Container Vehicle(AP31TD9869),  P.V,Animals affected,0
23.11.2018,12:31PM,1200.9,RHS,Rural,Reningavaram,Collision Brush/Side Wipe,,Unknown vehicle,Minor injury,Fault of driver of motor vehicle/driver of other vehicle/cyclist/pedestrian/passenger,Four lanes or more with central divider,Straight road,,Fine, Bike(TN12X5420),  A.M.B ,Fatal,0
23.11.2018,12:31PM,1200.9,RHS,Rural,Reningavaram,Collision Brush/Side Wipe,,Unknown vehicle,Minor injury,Fault of driver of motor vehicle/driver of other vehicle/cyclist/pedestrian/passenger,Four lanes or more with central divider,Straight road,,Fine, Bike(TN12X5420),  A.M.B ,Grevious,0
23.11.2018,12:31PM,1200.9,RHS,Rural,Reningavaram,Collision Brush/Side Wipe,,Unknown vehicle,Minor injury,Fault of driver of motor vehicle/driver of other vehicle/cyclist/pedestrian/passenger,Four lanes or more with central divider,Straight road,,Fine, Bike(TN12X5420),  A.M.B ,Minor,1
23.11.2018,12:31PM,1200.9,RHS,Rural,Reningavaram,Collision Brush/Side Wipe,,Unknown vehicle,Minor injury,Fault of driver of motor vehicle/driver of other vehicle/cyclist/pedestrian/passenger,Four lanes or more with central divider,Straight road,,Fine, Bike(TN12X5420),  A.M.B ,Non injured,0
23.11.2018,12:31PM,1200.9,RHS,Rural,Reningavaram,Collision Brush/Side Wipe,,Unknown vehicle,Minor injury,Fault of driver of motor vehicle/driver of other vehicle/cyclist/pedestrian/passenger,Four lanes or more with central divider,Straight road,,Fine, Bike(TN12X5420),  A.M.B ,Animals affected,0
23.11.2018,06:40PM,1323.5,RHS,Rural,Kavali,Collision Brush/Side Wipe,,Unknown vehicle,Non injury,Over speed,Four lanes or more with central divider,Straight road,,Fine,Unknown Vehicle ,P.V,Fatal,0
23.11.2018,06:40PM,1323.5,RHS,Rural,Kavali,Collision Brush/Side Wipe,,Unknown vehicle,Non injury,Over speed,Four lanes or more with central divider,Straight road,,Fine,Unknown Vehicle ,P.V,Grevious,0
23.11.2018,06:40PM,1323.5,RHS,Rural,Kavali,Collision Brush/Side Wipe,,Unknown vehicle,Non injury,Over speed,Four lanes or more with central divider,Straight road,,Fine,Unknown Vehicle ,P.V,Minor,0
23.11.2018,06:40PM,1323.5,RHS,Rural,Kavali,Collision Brush/Side Wipe,,Unknown vehicle,Non injury,Over speed,Four lanes or more with central divider,Straight road,,Fine,Unknown Vehicle ,P.V,Non injured,0
23.11.2018,06:40PM,1323.5,RHS,Rural,Kavali,Collision Brush/Side Wipe,,Unknown vehicle,Non injury,Over speed,Four lanes or more with central divider,Straight road,,Fine,Unknown Vehicle ,P.V,Animals affected,2
24.11.2018,04:00AM,1256.8,RHS,Rural,Tangutur,Collision Brush/Side Wipe,,Car,Minor injury,Over speed,Four lanes or more with central divider,Straight road,,Fine,Car(AP07BR 2063),  A.M.B,Fatal,0
24.11.2018,04:00AM,1256.8,RHS,Rural,Tangutur,Collision Brush/Side Wipe,,Car,Minor injury,Over speed,Four lanes or more with central divider,Straight road,,Fine,Car(AP07BR 2063),  A.M.B,Grevious,0
24.11.2018,04:00AM,1256.8,RHS,Rural,Tangutur,Collision Brush/Side Wipe,,Car,Minor injury,Over speed,Four lanes or more with central divider,Straight road,,Fine,Car(AP07BR 2063),  A.M.B,Minor,1
24.11.2018,04:00AM,1256.8,RHS,Rural,Tangutur,Collision Brush/Side Wipe,,Car,Minor injury,Over speed,Four lanes or more with central divider,Straight road,,Fine,Car(AP07BR 2063),  A.M.B,Non injured,4
24.11.2018,04:00AM,1256.8,RHS,Rural,Tangutur,Collision Brush/Side Wipe,,Car,Minor injury,Over speed,Four lanes or more with central divider,Straight road,,Fine,Car(AP07BR 2063),  A.M.B,Animals affected,0
24.11.2018,04:40AM,1289.8,RHS,Rural,Ulavapadu,Overturning,,Truck,Non injury,Fault of driver of motor vehicle/driver of other vehicle/cyclist/pedestrian/passenger,Four lanes or more with central divider,Straight road,,Fine, Lorry(AP7X 9086),  P.V,Fatal,0
24.11.2018,04:40AM,1289.8,RHS,Rural,Ulavapadu,Overturning,,Truck,Non injury,Fault of driver of motor vehicle/driver of other vehicle/cyclist/pedestrian/passenger,Four lanes or more with central divider,Straight road,,Fine, Lorry(AP7X 9086),  P.V,Grevious,0
24.11.2018,04:40AM,1289.8,RHS,Rural,Ulavapadu,Overturning,,Truck,Non injury,Fault of driver of motor vehicle/driver of other vehicle/cyclist/pedestrian/passenger,Four lanes or more with central divider,Straight road,,Fine, Lorry(AP7X 9086),  P.V,Minor,0
24.11.2018,04:40AM,1289.8,RHS,Rural,Ulavapadu,Overturning,,Truck,Non injury,Fault of driver of motor vehicle/driver of other vehicle/cyclist/pedestrian/passenger,Four lanes or more with central divider,Straight road,,Fine, Lorry(AP7X 9086),  P.V,Non injured,1
24.11.2018,04:40AM,1289.8,RHS,Rural,Ulavapadu,Overturning,,Truck,Non injury,Fault of driver of motor vehicle/driver of other vehicle/cyclist/pedestrian/passenger,Four lanes or more with central divider,Straight road,,Fine, Lorry(AP7X 9086),  P.V,Animals affected,0
24.11.2018,06:05AM,1279,RHS,Rural,Singarayakonda,Rear End Collision,,Truck,Non injury,Fault of driver of motor vehicle/driver of other vehicle/cyclist/pedestrian/passenger,Four lanes or more with central divider,Slight curve,,Fine, Lorry(AP16TJ 2728),  P.V,Fatal,0
24.11.2018,06:05AM,1279,RHS,Rural,Singarayakonda,Rear End Collision,,Truck,Non injury,Fault of driver of motor vehicle/driver of other vehicle/cyclist/pedestrian/passenger,Four lanes or more with central divider,Slight curve,,Fine, Lorry(AP16TJ 2728),  P.V,Grevious,0
24.11.2018,06:05AM,1279,RHS,Rural,Singarayakonda,Rear End Collision,,Truck,Non injury,Fault of driver of motor vehicle/driver of other vehicle/cyclist/pedestrian/passenger,Four lanes or more with central divider,Slight curve,,Fine, Lorry(AP16TJ 2728),  P.V,Minor,0
24.11.2018,06:05AM,1279,RHS,Rural,Singarayakonda,Rear End Collision,,Truck,Non injury,Fault of driver of motor vehicle/driver of other vehicle/cyclist/pedestrian/passenger,Four lanes or more with central divider,Slight curve,,Fine, Lorry(AP16TJ 2728),  P.V,Non injured,1
24.11.2018,06:05AM,1279,RHS,Rural,Singarayakonda,Rear End Collision,,Truck,Non injury,Fault of driver of motor vehicle/driver of other vehicle/cyclist/pedestrian/passenger,Four lanes or more with central divider,Slight curve,,Fine, Lorry(AP16TJ 2728),  P.V,Animals affected,0
24.11.2018,06:23AM,1183.7,RHS,Rural,Martur,Rear End Collision,,Car,Fatal,Fault of driver of motor vehicle/driver of other vehicle/cyclist/pedestrian/passenger,Four lanes or more with central divider,Straight road,,Fine,Car(AP05WY T/R 1594),A.M.B & P.V,Fatal,3
24.11.2018,06:23AM,1183.7,RHS,Rural,Martur,Rear End Collision,,Car,Fatal,Fault of driver of motor vehicle/driver of other vehicle/cyclist/pedestrian/passenger,Four lanes or more with central divider,Straight road,,Fine,Car(AP05WY T/R 1594),A.M.B & P.V,Grevious,1
24.11.2018,06:23AM,1183.7,RHS,Rural,Martur,Rear End Collision,,Car,Fatal,Fault of driver of motor vehicle/driver of other vehicle/cyclist/pedestrian/passenger,Four lanes or more with central divider,Straight road,,Fine,Car(AP05WY T/R 1594),A.M.B & P.V,Minor,0
24.11.2018,06:23AM,1183.7,RHS,Rural,Martur,Rear End Collision,,Car,Fatal,Fault of driver of motor vehicle/driver of other vehicle/cyclist/pedestrian/passenger,Four lanes or more with central divider,Straight road,,Fine,Car(AP05WY T/R 1594),A.M.B & P.V,Non injured,1
24.11.2018,06:23AM,1183.7,RHS,Rural,Martur,Rear End Collision,,Car,Fatal,Fault of driver of motor vehicle/driver of other vehicle/cyclist/pedestrian/passenger,Four lanes or more with central divider,Straight road,,Fine,Car(AP05WY T/R 1594),A.M.B & P.V,Animals affected,0
25.11.2018,00:30AM,1270.2,RHS,Rural,Jarugumalli,Rear End Collision,,Truck,Fatal,Defect in mechanical condition of motor vehicle/road condition,Four lanes or more with central divider,Straight road,,Fine, Lorry(TN57R  6799),A.M.B & P.V,Fatal,1
25.11.2018,00:30AM,1270.2,RHS,Rural,Jarugumalli,Rear End Collision,,Truck,Fatal,Defect in mechanical condition of motor vehicle/road condition,Four lanes or more with central divider,Straight road,,Fine, Lorry(TN57R  6799),A.M.B & P.V,Grevious,2
25.11.2018,00:30AM,1270.2,RHS,Rural,Jarugumalli,Rear End Collision,,Truck,Fatal,Defect in mechanical condition of motor vehicle/road condition,Four lanes or more with central divider,Straight road,,Fine, Lorry(TN57R  6799),A.M.B & P.V,Minor,0
25.11.2018,00:30AM,1270.2,RHS,Rural,Jarugumalli,Rear End Collision,,Truck,Fatal,Defect in mechanical condition of motor vehicle/road condition,Four lanes or more with central divider,Straight road,,Fine, Lorry(TN57R  6799),A.M.B & P.V,Non injured,2
25.11.2018,00:30AM,1270.2,RHS,Rural,Jarugumalli,Rear End Collision,,Truck,Fatal,Defect in mechanical condition of motor vehicle/road condition,Four lanes or more with central divider,Straight road,,Fine, Lorry(TN57R  6799),A.M.B & P.V,Animals affected,0
25.11.2018,09:00AM,1305.5,RHS,Rural,Gudluru,Collision Brush/Side Wipe,,Truck,Non injury,Defect in mechanical condition of motor vehicle/road condition,Four lanes or more with central divider,Straight road,,Fine, Lorry(RJ09GC 8606),  P.V,Fatal,0
25.11.2018,09:00AM,1305.5,RHS,Rural,Gudluru,Collision Brush/Side Wipe,,Truck,Non injury,Defect in mechanical condition of motor vehicle/road condition,Four lanes or more with central divider,Straight road,,Fine, Lorry(RJ09GC 8606),  P.V,Grevious,0
25.11.2018,09:00AM,1305.5,RHS,Rural,Gudluru,Collision Brush/Side Wipe,,Truck,Non injury,Defect in mechanical condition of motor vehicle/road condition,Four lanes or more with central divider,Straight road,,Fine, Lorry(RJ09GC 8606),  P.V,Minor,0
25.11.2018,09:00AM,1305.5,RHS,Rural,Gudluru,Collision Brush/Side Wipe,,Truck,Non injury,Defect in mechanical condition of motor vehicle/road condition,Four lanes or more with central divider,Straight road,,Fine, Lorry(RJ09GC 8606),  P.V,Non injured,1
25.11.2018,09:00AM,1305.5,RHS,Rural,Gudluru,Collision Brush/Side Wipe,,Truck,Non injury,Defect in mechanical condition of motor vehicle/road condition,Four lanes or more with central divider,Straight road,,Fine, Lorry(RJ09GC 8606),  P.V,Animals affected,0
26.11.2018,09:55AM,1305.4,RHS,Rural,Gudluru,Collision Brush/Side Wipe,,Truck,Non injury,Fault of driver of motor vehicle/driver of other vehicle/cyclist/pedestrian/passenger,Four lanes or more with central divider,Straight road,,Fine, Long Trailler(AP04V 2263),P.V,Fatal,0
26.11.2018,09:55AM,1305.4,RHS,Rural,Gudluru,Collision Brush/Side Wipe,,Truck,Non injury,Fault of driver of motor vehicle/driver of other vehicle/cyclist/pedestrian/passenger,Four lanes or more with central divider,Straight road,,Fine, Long Trailler(AP04V 2263),P.V,Grevious,0
26.11.2018,09:55AM,1305.4,RHS,Rural,Gudluru,Collision Brush/Side Wipe,,Truck,Non injury,Fault of driver of motor vehicle/driver of other vehicle/cyclist/pedestrian/passenger,Four lanes or more with central divider,Straight road,,Fine, Long Trailler(AP04V 2263),P.V,Minor,0
26.11.2018,09:55AM,1305.4,RHS,Rural,Gudluru,Collision Brush/Side Wipe,,Truck,Non injury,Fault of driver of motor vehicle/driver of other vehicle/cyclist/pedestrian/passenger,Four lanes or more with central divider,Straight road,,Fine, Long Trailler(AP04V 2263),P.V,Non injured,1
26.11.2018,09:55AM,1305.4,RHS,Rural,Gudluru,Collision Brush/Side Wipe,,Truck,Non injury,Fault of driver of motor vehicle/driver of other vehicle/cyclist/pedestrian/passenger,Four lanes or more with central divider,Straight road,,Fine, Long Trailler(AP04V 2263),P.V,Animals affected,0
26.11.2018,10:05PM,1319.4,RHS,Rural,Kavali,Collision Brush/Side Wipe,,Car,Non injury,Over speed,Four lanes or more with central divider,Straight road,,Fine, Car(AP26AX  3067),P.V,Fatal,0
26.11.2018,10:05PM,1319.4,RHS,Rural,Kavali,Collision Brush/Side Wipe,,Car,Non injury,Over speed,Four lanes or more with central divider,Straight road,,Fine, Car(AP26AX  3067),P.V,Grevious,0
26.11.2018,10:05PM,1319.4,RHS,Rural,Kavali,Collision Brush/Side Wipe,,Car,Non injury,Over speed,Four lanes or more with central divider,Straight road,,Fine, Car(AP26AX  3067),P.V,Minor,0
26.11.2018,10:05PM,1319.4,RHS,Rural,Kavali,Collision Brush/Side Wipe,,Car,Non injury,Over speed,Four lanes or more with central divider,Straight road,,Fine, Car(AP26AX  3067),P.V,Non injured,5
26.11.2018,10:05PM,1319.4,RHS,Rural,Kavali,Collision Brush/Side Wipe,,Car,Non injury,Over speed,Four lanes or more with central divider,Straight road,,Fine, Car(AP26AX  3067),P.V,Animals affected,0
27.11.2018,05:40AM,1189.5,RHS,Rural,Martur,Collision Brush/Side Wipe,,Car,Minor injury,Fault of driver of motor vehicle/driver of other vehicle/cyclist/pedestrian/passenger,Four lanes or more with central divider,Straight road,,Fine,Car (AP27BS 2729),P.V,Fatal,0
27.11.2018,05:40AM,1189.5,RHS,Rural,Martur,Collision Brush/Side Wipe,,Car,Minor injury,Fault of driver of motor vehicle/driver of other vehicle/cyclist/pedestrian/passenger,Four lanes or more with central divider,Straight road,,Fine,Car (AP27BS 2729),P.V,Grevious,0
27.11.2018,05:40AM,1189.5,RHS,Rural,Martur,Collision Brush/Side Wipe,,Car,Minor injury,Fault of driver of motor vehicle/driver of other vehicle/cyclist/pedestrian/passenger,Four lanes or more with central divider,Straight road,,Fine,Car (AP27BS 2729),P.V,Minor,1
27.11.2018,05:40AM,1189.5,RHS,Rural,Martur,Collision Brush/Side Wipe,,Car,Minor injury,Fault of driver of motor vehicle/driver of other vehicle/cyclist/pedestrian/passenger,Four lanes or more with central divider,Straight road,,Fine,Car (AP27BS 2729),P.V,Non injured,1
27.11.2018,05:40AM,1189.5,RHS,Rural,Martur,Collision Brush/Side Wipe,,Car,Minor injury,Fault of driver of motor vehicle/driver of other vehicle/cyclist/pedestrian/passenger,Four lanes or more with central divider,Straight road,,Fine,Car (AP27BS 2729),P.V,Animals affected,1
27.11.2018,11:20AM,1218.1,RHS,Rural,Medarametla,Collision Brush/Side Wipe,,Bike,Minor injury,Vehicle out of control,Four lanes or more with central divider,Straight road,,Fine,Bike (AP27AB 5850),P.V,Fatal,0
27.11.2018,11:20AM,1218.1,RHS,Rural,Medarametla,Collision Brush/Side Wipe,,Bike,Minor injury,Vehicle out of control,Four lanes or more with central divider,Straight road,,Fine,Bike (AP27AB 5850),P.V,Grevious,0
27.11.2018,11:20AM,1218.1,RHS,Rural,Medarametla,Collision Brush/Side Wipe,,Bike,Minor injury,Vehicle out of control,Four lanes or more with central divider,Straight road,,Fine,Bike (AP27AB 5850),P.V,Minor,2
27.11.2018,11:20AM,1218.1,RHS,Rural,Medarametla,Collision Brush/Side Wipe,,Bike,Minor injury,Vehicle out of control,Four lanes or more with central divider,Straight road,,Fine,Bike (AP27AB 5850),P.V,Non injured,1
27.11.2018,11:20AM,1218.1,RHS,Rural,Medarametla,Collision Brush/Side Wipe,,Bike,Minor injury,Vehicle out of control,Four lanes or more with central divider,Straight road,,Fine,Bike (AP27AB 5850),P.V,Animals affected,4
27.11.2018,07:00PM,1349.8,RHS,Rural,Kodavaluru,Overturning,,Car,Non injury,Vehicle out of control,Four lanes or more with central divider,Straight road,,Fine,pick up vehicle (AP26TH 0688),P.V,Fatal,0
27.11.2018,07:00PM,1349.8,RHS,Rural,Kodavaluru,Overturning,,Car,Non injury,Vehicle out of control,Four lanes or more with central divider,Straight road,,Fine,pick up vehicle (AP26TH 0688),P.V,Grevious,0
27.11.2018,07:00PM,1349.8,RHS,Rural,Kodavaluru,Overturning,,Car,Non injury,Vehicle out of control,Four lanes or more with central divider,Straight road,,Fine,pick up vehicle (AP26TH 0688),P.V,Minor,0
27.11.2018,07:00PM,1349.8,RHS,Rural,Kodavaluru,Overturning,,Car,Non injury,Vehicle out of control,Four lanes or more with central divider,Straight road,,Fine,pick up vehicle (AP26TH 0688),P.V,Non injured,1
27.11.2018,07:00PM,1349.8,RHS,Rural,Kodavaluru,Overturning,,Car,Non injury,Vehicle out of control,Four lanes or more with central divider,Straight road,,Fine,pick up vehicle (AP26TH 0688),P.V,Animals affected,2
27.11.2018,07:25PM,1350.1,RHS,Rural,Kodavaluru,Skidding,,Bike,Minor injury,Over speed,Four lanes or more with central divider,Straight road,,Fine,Bike (AP26CA 8632),P.V,Fatal,0
27.11.2018,07:25PM,1350.1,RHS,Rural,Kodavaluru,Skidding,,Bike,Minor injury,Over speed,Four lanes or more with central divider,Straight road,,Fine,Bike (AP26CA 8632),P.V,Grevious,0
27.11.2018,07:25PM,1350.1,RHS,Rural,Kodavaluru,Skidding,,Bike,Minor injury,Over speed,Four lanes or more with central divider,Straight road,,Fine,Bike (AP26CA 8632),P.V,Minor,1
27.11.2018,07:25PM,1350.1,RHS,Rural,Kodavaluru,Skidding,,Bike,Minor injury,Over speed,Four lanes or more with central divider,Straight road,,Fine,Bike (AP26CA 8632),P.V,Non injured,5
27.11.2018,07:25PM,1350.1,RHS,Rural,Kodavaluru,Skidding,,Bike,Minor injury,Over speed,Four lanes or more with central divider,Straight road,,Fine,Bike (AP26CA 8632),P.V,Animals affected,0
29.11.2018,02:00AM,1317.9,RHS,Rural,Kavali,Others(p1.Specific),,Container,Non injury,Defect in mechanical condition of motor vehicle/road condition,Four lanes or more with central divider,Straight road,,Fine,Container vehicle       (AP27V       6977),P.V,Fatal,0
29.11.2018,02:00AM,1317.9,RHS,Rural,Kavali,Others(p1.Specific),,Container,Non injury,Defect in mechanical condition of motor vehicle/road condition,Four lanes or more with central divider,Straight road,,Fine,Container vehicle       (AP27V       6977),P.V,Grevious,0
29.11.2018,02:00AM,1317.9,RHS,Rural,Kavali,Others(p1.Specific),,Container,Non injury,Defect in mechanical condition of motor vehicle/road condition,Four lanes or more with central divider,Straight road,,Fine,Container vehicle       (AP27V       6977),P.V,Minor,0
29.11.2018,02:00AM,1317.9,RHS,Rural,Kavali,Others(p1.Specific),,Container,Non injury,Defect in mechanical condition of motor vehicle/road condition,Four lanes or more with central divider,Straight road,,Fine,Container vehicle       (AP27V       6977),P.V,Non injured,1
29.11.2018,02:00AM,1317.9,RHS,Rural,Kavali,Others(p1.Specific),,Container,Non injury,Defect in mechanical condition of motor vehicle/road condition,Four lanes or more with central divider,Straight road,,Fine,Container vehicle       (AP27V       6977),P.V,Animals affected,0
29.11.2018,05:00AM,1346.1,RHS,Rural,Dagadarthi,Collision Brush/Side Wipe,,Unknown vehicle,Non injury,Over speed,Four lanes or more with central divider,Straight road,,Fine,Unknown vehicle,P.V,Fatal,0
29.11.2018,05:00AM,1346.1,RHS,Rural,Dagadarthi,Collision Brush/Side Wipe,,Unknown vehicle,Non injury,Over speed,Four lanes or more with central divider,Straight road,,Fine,Unknown vehicle,P.V,Grevious,0
29.11.2018,05:00AM,1346.1,RHS,Rural,Dagadarthi,Collision Brush/Side Wipe,,Unknown vehicle,Non injury,Over speed,Four lanes or more with central divider,Straight road,,Fine,Unknown vehicle,P.V,Minor,0
29.11.2018,05:00AM,1346.1,RHS,Rural,Dagadarthi,Collision Brush/Side Wipe,,Unknown vehicle,Non injury,Over speed,Four lanes or more with central divider,Straight road,,Fine,Unknown vehicle,P.V,Non injured,1
29.11.2018,05:00AM,1346.1,RHS,Rural,Dagadarthi,Collision Brush/Side Wipe,,Unknown vehicle,Non injury,Over speed,Four lanes or more with central divider,Straight road,,Fine,Unknown vehicle,P.V,Animals affected,2
29.11.2018,11:33AM,1284.3,RHS,Rural,Ulavapadu,Collision Brush/Side Wipe,,Car,Minor injury,Over speed,Four lanes or more with central divider,Straight road,,Fine,Car          (AP02AM    9257),A.M.B,Fatal,0
29.11.2018,11:33AM,1284.3,RHS,Rural,Ulavapadu,Collision Brush/Side Wipe,,Car,Minor injury,Over speed,Four lanes or more with central divider,Straight road,,Fine,Car          (AP02AM    9257),A.M.B,Grevious,0
29.11.2018,11:33AM,1284.3,RHS,Rural,Ulavapadu,Collision Brush/Side Wipe,,Car,Minor injury,Over speed,Four lanes or more with central divider,Straight road,,Fine,Car          (AP02AM    9257),A.M.B,Minor,2
29.11.2018,11:33AM,1284.3,RHS,Rural,Ulavapadu,Collision Brush/Side Wipe,,Car,Minor injury,Over speed,Four lanes or more with central divider,Straight road,,Fine,Car          (AP02AM    9257),A.M.B,Non injured,0
29.11.2018,11:33AM,1284.3,RHS,Rural,Ulavapadu,Collision Brush/Side Wipe,,Car,Minor injury,Over speed,Four lanes or more with central divider,Straight road,,Fine,Car          (AP02AM    9257),A.M.B,Animals affected,0
01.12.2018,11:00AM,1287.3,RHS,Rural,Ulavapadu,Overturning,,Truck,Non injury,Fault of driver of motor vehicle/driver of other vehicle/cyclist/pedestrian/passenger,Four lanes or more with central divider,Straight road,,Fine,Lorry (AP03TK       3777),P.V,Fatal,0