Operational date,Time of Accident,KM && M,Position,Rural/Urban,Location,Nature of Accident Position,Nature of Accident,Vehicle Involved,Type of Accident,Causes,Road Feature,Road condition,Intersection Type And Control,Weather Condition,Vehicle Responsible,Help Provided by Ambulance/Patroling Vehicle,Classification of Accident,No of Affected Persons
01.12.2018,11:00AM,1287.3,RHS,Rural,Ulavapadu,Overturning,,Truck,Non injury,Fault of driver of motor vehicle/driver of other vehicle/cyclist/pedestrian/passenger,Four lanes or more with central divider,Straight road,,Fine,Lorry (AP03TK       3777),P.V,Grevious,0
01.12.2018,11:00AM,1287.3,RHS,Rural,Ulavapadu,Overturning,,Truck,Non injury,Fault of driver of motor vehicle/driver of other vehicle/cyclist/pedestrian/passenger,Four lanes or more with central divider,Straight road,,Fine,Lorry (AP03TK       3777),P.V,Minor,0
01.12.2018,11:00AM,1287.3,RHS,Rural,Ulavapadu,Overturning,,Truck,Non injury,Fault of driver of motor vehicle/driver of other vehicle/cyclist/pedestrian/passenger,Four lanes or more with central divider,Straight road,,Fine,Lorry (AP03TK       3777),P.V,Non injured,1
01.12.2018,11:00AM,1287.3,RHS,Rural,Ulavapadu,Overturning,,Truck,Non injury,Fault of driver of motor vehicle/driver of other vehicle/cyclist/pedestrian/passenger,Four lanes or more with central divider,Straight road,,Fine,Lorry (AP03TK       3777),P.V,Animals affected,0
03.12.2018,04:00AM,1211.6,RHS,Rural,Medarametla,Overturning,,Truck,Non injury,Fault of driver of motor vehicle/driver of other vehicle/cyclist/pedestrian/passenger,Four lanes or more with central divider,Straight road,,Fine,Lorry         (OR15L         6755),P.V,Fatal,0
03.12.2018,04:00AM,1211.6,RHS,Rural,Medarametla,Overturning,,Truck,Non injury,Fault of driver of motor vehicle/driver of other vehicle/cyclist/pedestrian/passenger,Four lanes or more with central divider,Straight road,,Fine,Lorry         (OR15L         6755),P.V,Grevious,0
03.12.2018,04:00AM,1211.6,RHS,Rural,Medarametla,Overturning,,Truck,Non injury,Fault of driver of motor vehicle/driver of other vehicle/cyclist/pedestrian/passenger,Four lanes or more with central divider,Straight road,,Fine,Lorry         (OR15L         6755),P.V,Minor,0
03.12.2018,04:00AM,1211.6,RHS,Rural,Medarametla,Overturning,,Truck,Non injury,Fault of driver of motor vehicle/driver of other vehicle/cyclist/pedestrian/passenger,Four lanes or more with central divider,Straight road,,Fine,Lorry         (OR15L         6755),P.V,Non injured,2
03.12.2018,04:00AM,1211.6,RHS,Rural,Medarametla,Overturning,,Truck,Non injury,Fault of driver of motor vehicle/driver of other vehicle/cyclist/pedestrian/passenger,Four lanes or more with central divider,Straight road,,Fine,Lorry         (OR15L         6755),P.V,Animals affected,0
03.12.2018,08:35AM,1328.2,RHS,Rural,Kavali,Collision Brush/Side Wipe,,Bike,Minor injury,Over speed,Four lanes or more with central divider,Straight road,,Fine,Bike        (AP26BZ      3499),P.V & A.M.B,Fatal,0
03.12.2018,08:35AM,1328.2,RHS,Rural,Kavali,Collision Brush/Side Wipe,,Bike,Minor injury,Over speed,Four lanes or more with central divider,Straight road,,Fine,Bike        (AP26BZ      3499),P.V & A.M.B,Grevious,0
03.12.2018,08:35AM,1328.2,RHS,Rural,Kavali,Collision Brush/Side Wipe,,Bike,Minor injury,Over speed,Four lanes or more with central divider,Straight road,,Fine,Bike        (AP26BZ      3499),P.V & A.M.B,Minor,1
03.12.2018,08:35AM,1328.2,RHS,Rural,Kavali,Collision Brush/Side Wipe,,Bike,Minor injury,Over speed,Four lanes or more with central divider,Straight road,,Fine,Bike        (AP26BZ      3499),P.V & A.M.B,Non injured,1
03.12.2018,08:35AM,1328.2,RHS,Rural,Kavali,Collision Brush/Side Wipe,,Bike,Minor injury,Over speed,Four lanes or more with central divider,Straight road,,Fine,Bike        (AP26BZ      3499),P.V & A.M.B,Animals affected,0
03.12.2018,07:00PM,1353.4,RHS,Rural,Kodavaluru,Collision Brush/Side Wipe,,Car,Grievious injury,Over speed,Four lanes or more with central divider,Straight road,,Fine,Car (AP26BR    4500),P.V,Fatal,0
03.12.2018,07:00PM,1353.4,RHS,Rural,Kodavaluru,Collision Brush/Side Wipe,,Car,Grievious injury,Over speed,Four lanes or more with central divider,Straight road,,Fine,Car (AP26BR    4500),P.V,Grevious,4
03.12.2018,07:00PM,1353.4,RHS,Rural,Kodavaluru,Collision Brush/Side Wipe,,Car,Grievious injury,Over speed,Four lanes or more with central divider,Straight road,,Fine,Car (AP26BR    4500),P.V,Minor,7
03.12.2018,07:00PM,1353.4,RHS,Rural,Kodavaluru,Collision Brush/Side Wipe,,Car,Grievious injury,Over speed,Four lanes or more with central divider,Straight road,,Fine,Car (AP26BR    4500),P.V,Non injured,11
03.12.2018,07:00PM,1353.4,RHS,Rural,Kodavaluru,Collision Brush/Side Wipe,,Car,Grievious injury,Over speed,Four lanes or more with central divider,Straight road,,Fine,Car (AP26BR    4500),P.V,Animals affected,1
03.12.2018,07:17PM,1332,RHS,Rural,K.Tippa ,Collision Brush/Side Wipe,,Unknown vehicle,Minor injury,Over speed,Four lanes or more with central divider,Straight road,,Fine,Unknown vehicle,A.M.B,Fatal,0
03.12.2018,07:17PM,1332,RHS,Rural,K.Tippa ,Collision Brush/Side Wipe,,Unknown vehicle,Minor injury,Over speed,Four lanes or more with central divider,Straight road,,Fine,Unknown vehicle,A.M.B,Grevious,0
03.12.2018,07:17PM,1332,RHS,Rural,K.Tippa ,Collision Brush/Side Wipe,,Unknown vehicle,Minor injury,Over speed,Four lanes or more with central divider,Straight road,,Fine,Unknown vehicle,A.M.B,Minor,2
03.12.2018,07:17PM,1332,RHS,Rural,K.Tippa ,Collision Brush/Side Wipe,,Unknown vehicle,Minor injury,Over speed,Four lanes or more with central divider,Straight road,,Fine,Unknown vehicle,A.M.B,Non injured,0
03.12.2018,07:17PM,1332,RHS,Rural,K.Tippa ,Collision Brush/Side Wipe,,Unknown vehicle,Minor injury,Over speed,Four lanes or more with central divider,Straight road,,Fine,Unknown vehicle,A.M.B,Animals affected,0
03.12.2018,08:45PM,1324,RHS,Rural,Kavali,Collision Brush/Side Wipe,,Truck,Grievious injury,Over speed,Four lanes or more with central divider,Straight road,,Fine,Lorry (AP26TT   7939),A.M.B,Fatal,0
03.12.2018,08:45PM,1324,RHS,Rural,Kavali,Collision Brush/Side Wipe,,Truck,Grievious injury,Over speed,Four lanes or more with central divider,Straight road,,Fine,Lorry (AP26TT   7939),A.M.B,Grevious,1
03.12.2018,08:45PM,1324,RHS,Rural,Kavali,Collision Brush/Side Wipe,,Truck,Grievious injury,Over speed,Four lanes or more with central divider,Straight road,,Fine,Lorry (AP26TT   7939),A.M.B,Minor,0
03.12.2018,08:45PM,1324,RHS,Rural,Kavali,Collision Brush/Side Wipe,,Truck,Grievious injury,Over speed,Four lanes or more with central divider,Straight road,,Fine,Lorry (AP26TT   7939),A.M.B,Non injured,1
03.12.2018,08:45PM,1324,RHS,Rural,Kavali,Collision Brush/Side Wipe,,Truck,Grievious injury,Over speed,Four lanes or more with central divider,Straight road,,Fine,Lorry (AP26TT   7939),A.M.B,Animals affected,0
03.12.2018,11:30PM,1211.5,RHS,Rural,Medarametla,Overturning,,Unknown vehicle,Grievious injury,Over speed,Four lanes or more with central divider,Straight road,,Fine,Unknown vehicle,A.M.B & P.V,Fatal,0
03.12.2018,11:30PM,1211.5,RHS,Rural,Medarametla,Overturning,,Unknown vehicle,Grievious injury,Over speed,Four lanes or more with central divider,Straight road,,Fine,Unknown vehicle,A.M.B & P.V,Grevious,2
03.12.2018,11:30PM,1211.5,RHS,Rural,Medarametla,Overturning,,Unknown vehicle,Grievious injury,Over speed,Four lanes or more with central divider,Straight road,,Fine,Unknown vehicle,A.M.B & P.V,Minor,3
03.12.2018,11:30PM,1211.5,RHS,Rural,Medarametla,Overturning,,Unknown vehicle,Grievious injury,Over speed,Four lanes or more with central divider,Straight road,,Fine,Unknown vehicle,A.M.B & P.V,Non injured,1
03.12.2018,11:30PM,1211.5,RHS,Rural,Medarametla,Overturning,,Unknown vehicle,Grievious injury,Over speed,Four lanes or more with central divider,Straight road,,Fine,Unknown vehicle,A.M.B & P.V,Animals affected,0
04.12.2018,10:25AM,1279.7,RHS,Rural,Singarayakonda,Rear End Collision,,Car,Non injury,Over speed,Four lanes or more with central divider,Sharp curve,,Heavy rain,Car (TS07FR 7515),P.V,Fatal,0
04.12.2018,10:25AM,1279.7,RHS,Rural,Singarayakonda,Rear End Collision,,Car,Non injury,Over speed,Four lanes or more with central divider,Sharp curve,,Heavy rain,Car (TS07FR 7515),P.V,Grevious,0
04.12.2018,10:25AM,1279.7,RHS,Rural,Singarayakonda,Rear End Collision,,Car,Non injury,Over speed,Four lanes or more with central divider,Sharp curve,,Heavy rain,Car (TS07FR 7515),P.V,Minor,0
04.12.2018,10:25AM,1279.7,RHS,Rural,Singarayakonda,Rear End Collision,,Car,Non injury,Over speed,Four lanes or more with central divider,Sharp curve,,Heavy rain,Car (TS07FR 7515),P.V,Non injured,2
04.12.2018,10:25AM,1279.7,RHS,Rural,Singarayakonda,Rear End Collision,,Car,Non injury,Over speed,Four lanes or more with central divider,Sharp curve,,Heavy rain,Car (TS07FR 7515),P.V,Animals affected,0
05.12.2018,08:15AM,1268.9,RHS,Rural,Jarugumalli,Collision Brush/Side Wipe,,Tanker,Non injury,Fault of driver of motor vehicle/driver of other vehicle/cyclist/pedestrian/passenger,Four lanes or more with central divider,Straight road,,Fine,Milk Tanker (AP0TW 5459),P.V,Fatal,0
05.12.2018,08:15AM,1268.9,RHS,Rural,Jarugumalli,Collision Brush/Side Wipe,,Tanker,Non injury,Fault of driver of motor vehicle/driver of other vehicle/cyclist/pedestrian/passenger,Four lanes or more with central divider,Straight road,,Fine,Milk Tanker (AP0TW 5459),P.V,Grevious,0
05.12.2018,08:15AM,1268.9,RHS,Rural,Jarugumalli,Collision Brush/Side Wipe,,Tanker,Non injury,Fault of driver of motor vehicle/driver of other vehicle/cyclist/pedestrian/passenger,Four lanes or more with central divider,Straight road,,Fine,Milk Tanker (AP0TW 5459),P.V,Minor,0
05.12.2018,08:15AM,1268.9,RHS,Rural,Jarugumalli,Collision Brush/Side Wipe,,Tanker,Non injury,Fault of driver of motor vehicle/driver of other vehicle/cyclist/pedestrian/passenger,Four lanes or more with central divider,Straight road,,Fine,Milk Tanker (AP0TW 5459),P.V,Non injured,1
05.12.2018,08:15AM,1268.9,RHS,Rural,Jarugumalli,Collision Brush/Side Wipe,,Tanker,Non injury,Fault of driver of motor vehicle/driver of other vehicle/cyclist/pedestrian/passenger,Four lanes or more with central divider,Straight road,,Fine,Milk Tanker (AP0TW 5459),P.V,Animals affected,0
05.12.2018,08:40AM,1288.1,RHS,Rural,Ulavapadu,Overturning,,Truck,Non injury,Fault of driver of motor vehicle/driver of other vehicle/cyclist/pedestrian/passenger,Four lanes or more with central divider,Straight road,,Fine,Lorry (TN18H 6868),P.V,Fatal,0
05.12.2018,08:40AM,1288.1,RHS,Rural,Ulavapadu,Overturning,,Truck,Non injury,Fault of driver of motor vehicle/driver of other vehicle/cyclist/pedestrian/passenger,Four lanes or more with central divider,Straight road,,Fine,Lorry (TN18H 6868),P.V,Grevious,0
05.12.2018,08:40AM,1288.1,RHS,Rural,Ulavapadu,Overturning,,Truck,Non injury,Fault of driver of motor vehicle/driver of other vehicle/cyclist/pedestrian/passenger,Four lanes or more with central divider,Straight road,,Fine,Lorry (TN18H 6868),P.V,Minor,0
05.12.2018,08:40AM,1288.1,RHS,Rural,Ulavapadu,Overturning,,Truck,Non injury,Fault of driver of motor vehicle/driver of other vehicle/cyclist/pedestrian/passenger,Four lanes or more with central divider,Straight road,,Fine,Lorry (TN18H 6868),P.V,Non injured,1
05.12.2018,08:40AM,1288.1,RHS,Rural,Ulavapadu,Overturning,,Truck,Non injury,Fault of driver of motor vehicle/driver of other vehicle/cyclist/pedestrian/passenger,Four lanes or more with central divider,Straight road,,Fine,Lorry (TN18H 6868),P.V,Animals affected,0
06.12.2018,01:25AM,1322.9,RHS,Rural,Kavali,Rear End Collision,,Truck,Fatal,Fault of driver of motor vehicle/driver of other vehicle/cyclist/pedestrian/passenger,Four lanes or more with central divider,Slight curve,,Fine,Lorry (AP37W 6327),  A.M.B & P.V,Fatal,1
06.12.2018,01:25AM,1322.9,RHS,Rural,Kavali,Rear End Collision,,Truck,Fatal,Fault of driver of motor vehicle/driver of other vehicle/cyclist/pedestrian/passenger,Four lanes or more with central divider,Slight curve,,Fine,Lorry (AP37W 6327),  A.M.B & P.V,Grevious,0
06.12.2018,01:25AM,1322.9,RHS,Rural,Kavali,Rear End Collision,,Truck,Fatal,Fault of driver of motor vehicle/driver of other vehicle/cyclist/pedestrian/passenger,Four lanes or more with central divider,Slight curve,,Fine,Lorry (AP37W 6327),  A.M.B & P.V,Minor,1
06.12.2018,01:25AM,1322.9,RHS,Rural,Kavali,Rear End Collision,,Truck,Fatal,Fault of driver of motor vehicle/driver of other vehicle/cyclist/pedestrian/passenger,Four lanes or more with central divider,Slight curve,,Fine,Lorry (AP37W 6327),  A.M.B & P.V,Non injured,0
06.12.2018,01:25AM,1322.9,RHS,Rural,Kavali,Rear End Collision,,Truck,Fatal,Fault of driver of motor vehicle/driver of other vehicle/cyclist/pedestrian/passenger,Four lanes or more with central divider,Slight curve,,Fine,Lorry (AP37W 6327),  A.M.B & P.V,Animals affected,0
06.12.2018,02:55AM,1188.3,RHS,Rural,Martur,Collision Brush/Side Wipe,,Tanker,Non injury,Fault of driver of motor vehicle/driver of other vehicle/cyclist/pedestrian/passenger,Four lanes or more with central divider,Straight road,,Fine,Oil Tanker(AP27Y  3952),P.V,Fatal,0
06.12.2018,02:55AM,1188.3,RHS,Rural,Martur,Collision Brush/Side Wipe,,Tanker,Non injury,Fault of driver of motor vehicle/driver of other vehicle/cyclist/pedestrian/passenger,Four lanes or more with central divider,Straight road,,Fine,Oil Tanker(AP27Y  3952),P.V,Grevious,0
06.12.2018,02:55AM,1188.3,RHS,Rural,Martur,Collision Brush/Side Wipe,,Tanker,Non injury,Fault of driver of motor vehicle/driver of other vehicle/cyclist/pedestrian/passenger,Four lanes or more with central divider,Straight road,,Fine,Oil Tanker(AP27Y  3952),P.V,Minor,0
06.12.2018,02:55AM,1188.3,RHS,Rural,Martur,Collision Brush/Side Wipe,,Tanker,Non injury,Fault of driver of motor vehicle/driver of other vehicle/cyclist/pedestrian/passenger,Four lanes or more with central divider,Straight road,,Fine,Oil Tanker(AP27Y  3952),P.V,Non injured,7
06.12.2018,02:55AM,1188.3,RHS,Rural,Martur,Collision Brush/Side Wipe,,Tanker,Non injury,Fault of driver of motor vehicle/driver of other vehicle/cyclist/pedestrian/passenger,Four lanes or more with central divider,Straight road,,Fine,Oil Tanker(AP27Y  3952),P.V,Animals affected,0
06.12.2018,09:30AM,1344,RHS,Rural,Dagadarthi,Collision Brush/Side Wipe,,Container,Minor injury,Fault of driver of motor vehicle/driver of other vehicle/cyclist/pedestrian/passenger,Four lanes or more with central divider,Straight road,,Fine,Container (TN18AH 6126),P.V,Fatal,0
06.12.2018,09:30AM,1344,RHS,Rural,Dagadarthi,Collision Brush/Side Wipe,,Container,Minor injury,Fault of driver of motor vehicle/driver of other vehicle/cyclist/pedestrian/passenger,Four lanes or more with central divider,Straight road,,Fine,Container (TN18AH 6126),P.V,Grevious,0
06.12.2018,09:30AM,1344,RHS,Rural,Dagadarthi,Collision Brush/Side Wipe,,Container,Minor injury,Fault of driver of motor vehicle/driver of other vehicle/cyclist/pedestrian/passenger,Four lanes or more with central divider,Straight road,,Fine,Container (TN18AH 6126),P.V,Minor,1
06.12.2018,09:30AM,1344,RHS,Rural,Dagadarthi,Collision Brush/Side Wipe,,Container,Minor injury,Fault of driver of motor vehicle/driver of other vehicle/cyclist/pedestrian/passenger,Four lanes or more with central divider,Straight road,,Fine,Container (TN18AH 6126),P.V,Non injured,1
06.12.2018,09:30AM,1344,RHS,Rural,Dagadarthi,Collision Brush/Side Wipe,,Container,Minor injury,Fault of driver of motor vehicle/driver of other vehicle/cyclist/pedestrian/passenger,Four lanes or more with central divider,Straight road,,Fine,Container (TN18AH 6126),P.V,Animals affected,0
06.12.2018,02:25PM,1219.1,RHS,Rural,Medarametla,Overturning,,Container,Non injury,Fault of driver of motor vehicle/driver of other vehicle/cyclist/pedestrian/passenger,Four lanes or more with central divider,Straight road,,Fine,Container (AP16TC   5550),P.V,Fatal,0
06.12.2018,02:25PM,1219.1,RHS,Rural,Medarametla,Overturning,,Container,Non injury,Fault of driver of motor vehicle/driver of other vehicle/cyclist/pedestrian/passenger,Four lanes or more with central divider,Straight road,,Fine,Container (AP16TC   5550),P.V,Grevious,0
06.12.2018,02:25PM,1219.1,RHS,Rural,Medarametla,Overturning,,Container,Non injury,Fault of driver of motor vehicle/driver of other vehicle/cyclist/pedestrian/passenger,Four lanes or more with central divider,Straight road,,Fine,Container (AP16TC   5550),P.V,Minor,0
06.12.2018,02:25PM,1219.1,RHS,Rural,Medarametla,Overturning,,Container,Non injury,Fault of driver of motor vehicle/driver of other vehicle/cyclist/pedestrian/passenger,Four lanes or more with central divider,Straight road,,Fine,Container (AP16TC   5550),P.V,Non injured,1
06.12.2018,02:25PM,1219.1,RHS,Rural,Medarametla,Overturning,,Container,Non injury,Fault of driver of motor vehicle/driver of other vehicle/cyclist/pedestrian/passenger,Four lanes or more with central divider,Straight road,,Fine,Container (AP16TC   5550),P.V,Animals affected,0
06.12.2018,03:15PM,1287.8,RHS,Rural,Ulavapadu,Rear End Collision,,Truck,Grievious injury,Over speed,Four lanes or more with central divider,Straight road,,Fine,Lorry (AP07TA  1958),  A.M.B & P.V,Fatal,0
06.12.2018,03:15PM,1287.8,RHS,Rural,Ulavapadu,Rear End Collision,,Truck,Grievious injury,Over speed,Four lanes or more with central divider,Straight road,,Fine,Lorry (AP07TA  1958),  A.M.B & P.V,Grevious,2
06.12.2018,03:15PM,1287.8,RHS,Rural,Ulavapadu,Rear End Collision,,Truck,Grievious injury,Over speed,Four lanes or more with central divider,Straight road,,Fine,Lorry (AP07TA  1958),  A.M.B & P.V,Minor,2
06.12.2018,03:15PM,1287.8,RHS,Rural,Ulavapadu,Rear End Collision,,Truck,Grievious injury,Over speed,Four lanes or more with central divider,Straight road,,Fine,Lorry (AP07TA  1958),  A.M.B & P.V,Non injured,1
06.12.2018,03:15PM,1287.8,RHS,Rural,Ulavapadu,Rear End Collision,,Truck,Grievious injury,Over speed,Four lanes or more with central divider,Straight road,,Fine,Lorry (AP07TA  1958),  A.M.B & P.V,Animals affected,0
07.12.2018,02:05PM,1189.6,RHS,Rural,Martur,Overturning,,Car,Grievious injury,Fault of driver of motor vehicle/driver of other vehicle/cyclist/pedestrian/passenger,Four lanes or more with central divider,Straight road,,Fine,Bolero Pick up (AP03TB    7944),  A.M.B & P.V,Fatal,0
07.12.2018,02:05PM,1189.6,RHS,Rural,Martur,Overturning,,Car,Grievious injury,Fault of driver of motor vehicle/driver of other vehicle/cyclist/pedestrian/passenger,Four lanes or more with central divider,Straight road,,Fine,Bolero Pick up (AP03TB    7944),  A.M.B & P.V,Grevious,3
07.12.2018,02:05PM,1189.6,RHS,Rural,Martur,Overturning,,Car,Grievious injury,Fault of driver of motor vehicle/driver of other vehicle/cyclist/pedestrian/passenger,Four lanes or more with central divider,Straight road,,Fine,Bolero Pick up (AP03TB    7944),  A.M.B & P.V,Minor,5
07.12.2018,02:05PM,1189.6,RHS,Rural,Martur,Overturning,,Car,Grievious injury,Fault of driver of motor vehicle/driver of other vehicle/cyclist/pedestrian/passenger,Four lanes or more with central divider,Straight road,,Fine,Bolero Pick up (AP03TB    7944),  A.M.B & P.V,Non injured,0
07.12.2018,02:05PM,1189.6,RHS,Rural,Martur,Overturning,,Car,Grievious injury,Fault of driver of motor vehicle/driver of other vehicle/cyclist/pedestrian/passenger,Four lanes or more with central divider,Straight road,,Fine,Bolero Pick up (AP03TB    7944),  A.M.B & P.V,Animals affected,0
07.12.2018,06:25PM,1321.2,RHS,Rural,Kavali,Head on collision,,Bike,Minor injury,Fault of driver of motor vehicle/driver of other vehicle/cyclist/pedestrian/passenger,Four lanes or more with central divider,Straight road,,Fine,Bike           (AP26G       9925),  A.M.B & P.V,Fatal,0
07.12.2018,06:25PM,1321.2,RHS,Rural,Kavali,Head on collision,,Bike,Minor injury,Fault of driver of motor vehicle/driver of other vehicle/cyclist/pedestrian/passenger,Four lanes or more with central divider,Straight road,,Fine,Bike           (AP26G       9925),  A.M.B & P.V,Grevious,0
07.12.2018,06:25PM,1321.2,RHS,Rural,Kavali,Head on collision,,Bike,Minor injury,Fault of driver of motor vehicle/driver of other vehicle/cyclist/pedestrian/passenger,Four lanes or more with central divider,Straight road,,Fine,Bike           (AP26G       9925),  A.M.B & P.V,Minor,2
07.12.2018,06:25PM,1321.2,RHS,Rural,Kavali,Head on collision,,Bike,Minor injury,Fault of driver of motor vehicle/driver of other vehicle/cyclist/pedestrian/passenger,Four lanes or more with central divider,Straight road,,Fine,Bike           (AP26G       9925),  A.M.B & P.V,Non injured,0
07.12.2018,06:25PM,1321.2,RHS,Rural,Kavali,Head on collision,,Bike,Minor injury,Fault of driver of motor vehicle/driver of other vehicle/cyclist/pedestrian/passenger,Four lanes or more with central divider,Straight road,,Fine,Bike           (AP26G       9925),  A.M.B & P.V,Animals affected,0
09.12.2018,05:30AM,1351.5,RHS,Rural,kodavaluru,Collision Brush/Side Wipe,,Unknown vehicle,Fatal,Over speed,Four lanes or more with central divider,Straight road,,Fine,Unknown vehicle, P.V,Fatal,1
09.12.2018,05:30AM,1351.5,RHS,Rural,kodavaluru,Collision Brush/Side Wipe,,Unknown vehicle,Fatal,Over speed,Four lanes or more with central divider,Straight road,,Fine,Unknown vehicle, P.V,Grevious,0
09.12.2018,05:30AM,1351.5,RHS,Rural,kodavaluru,Collision Brush/Side Wipe,,Unknown vehicle,Fatal,Over speed,Four lanes or more with central divider,Straight road,,Fine,Unknown vehicle, P.V,Minor,0
09.12.2018,05:30AM,1351.5,RHS,Rural,kodavaluru,Collision Brush/Side Wipe,,Unknown vehicle,Fatal,Over speed,Four lanes or more with central divider,Straight road,,Fine,Unknown vehicle, P.V,Non injured,0
09.12.2018,05:30AM,1351.5,RHS,Rural,kodavaluru,Collision Brush/Side Wipe,,Unknown vehicle,Fatal,Over speed,Four lanes or more with central divider,Straight road,,Fine,Unknown vehicle, P.V,Animals affected,0
09.12.2018,05:30AM,1296.8,RHS,Rural,Ulavapadu,Collision Brush/Side Wipe,,Bike,Fatal,Fault of driver of motor vehicle/driver of other vehicle/cyclist/pedestrian/passenger,Four lanes or more with central divider,Straight road,,Fine,Bike         (TS08FP      3982),  P.V,Fatal,1
09.12.2018,05:30AM,1296.8,RHS,Rural,Ulavapadu,Collision Brush/Side Wipe,,Bike,Fatal,Fault of driver of motor vehicle/driver of other vehicle/cyclist/pedestrian/passenger,Four lanes or more with central divider,Straight road,,Fine,Bike         (TS08FP      3982),  P.V,Grevious,0
09.12.2018,05:30AM,1296.8,RHS,Rural,Ulavapadu,Collision Brush/Side Wipe,,Bike,Fatal,Fault of driver of motor vehicle/driver of other vehicle/cyclist/pedestrian/passenger,Four lanes or more with central divider,Straight road,,Fine,Bike         (TS08FP      3982),  P.V,Minor,0
09.12.2018,05:30AM,1296.8,RHS,Rural,Ulavapadu,Collision Brush/Side Wipe,,Bike,Fatal,Fault of driver of motor vehicle/driver of other vehicle/cyclist/pedestrian/passenger,Four lanes or more with central divider,Straight road,,Fine,Bike         (TS08FP      3982),  P.V,Non injured,0
09.12.2018,05:30AM,1296.8,RHS,Rural,Ulavapadu,Collision Brush/Side Wipe,,Bike,Fatal,Fault of driver of motor vehicle/driver of other vehicle/cyclist/pedestrian/passenger,Four lanes or more with central divider,Straight road,,Fine,Bike         (TS08FP      3982),  P.V,Animals affected,0
10.12.2018,11:00AM,1357.4,RHS,Rural,Kodavaluru,Collision Brush/Side Wipe,,Car,Grievious injury,Fault of driver of motor vehicle/driver of other vehicle/cyclist/pedestrian/passenger,Four lanes or more with central divider,Straight road,,Fine,Car                            ( AP26EF    8386), P.V,Fatal,0
10.12.2018,11:00AM,1357.4,RHS,Rural,Kodavaluru,Collision Brush/Side Wipe,,Car,Grievious injury,Fault of driver of motor vehicle/driver of other vehicle/cyclist/pedestrian/passenger,Four lanes or more with central divider,Straight road,,Fine,Car                            ( AP26EF    8386), P.V,Grevious,1
10.12.2018,11:00AM,1357.4,RHS,Rural,Kodavaluru,Collision Brush/Side Wipe,,Car,Grievious injury,Fault of driver of motor vehicle/driver of other vehicle/cyclist/pedestrian/passenger,Four lanes or more with central divider,Straight road,,Fine,Car                            ( AP26EF    8386), P.V,Minor,1
10.12.2018,11:00AM,1357.4,RHS,Rural,Kodavaluru,Collision Brush/Side Wipe,,Car,Grievious injury,Fault of driver of motor vehicle/driver of other vehicle/cyclist/pedestrian/passenger,Four lanes or more with central divider,Straight road,,Fine,Car                            ( AP26EF    8386), P.V,Non injured,5
10.12.2018,11:00AM,1357.4,RHS,Rural,Kodavaluru,Collision Brush/Side Wipe,,Car,Grievious injury,Fault of driver of motor vehicle/driver of other vehicle/cyclist/pedestrian/passenger,Four lanes or more with central divider,Straight road,,Fine,Car                            ( AP26EF    8386), P.V,Animals affected,0
10.12.2018,09:05PM,1283.6,RHS,Rural,Ulavapadu,Collision Brush/Side Wipe,,Bike,Grievious injury,Druken,Four lanes or more with central divider,Straight road,,Fine,Bike         (AP27AY    2907),A.M.B,Fatal,0
10.12.2018,09:05PM,1283.6,RHS,Rural,Ulavapadu,Collision Brush/Side Wipe,,Bike,Grievious injury,Druken,Four lanes or more with central divider,Straight road,,Fine,Bike         (AP27AY    2907),A.M.B,Grevious,1
10.12.2018,09:05PM,1283.6,RHS,Rural,Ulavapadu,Collision Brush/Side Wipe,,Bike,Grievious injury,Druken,Four lanes or more with central divider,Straight road,,Fine,Bike         (AP27AY    2907),A.M.B,Minor,0
10.12.2018,09:05PM,1283.6,RHS,Rural,Ulavapadu,Collision Brush/Side Wipe,,Bike,Grievious injury,Druken,Four lanes or more with central divider,Straight road,,Fine,Bike         (AP27AY    2907),A.M.B,Non injured,1
10.12.2018,09:05PM,1283.6,RHS,Rural,Ulavapadu,Collision Brush/Side Wipe,,Bike,Grievious injury,Druken,Four lanes or more with central divider,Straight road,,Fine,Bike         (AP27AY    2907),A.M.B,Animals affected,0
11.12.2018,04:00AM,1358.8,RHS,Rural,Kodavaluru,Collision Brush/Side Wipe,,Car,Non injury,Fault of driver of motor vehicle/driver of other vehicle/cyclist/pedestrian/passenger,Four lanes or more with central divider,Straight road,,Fine,Car                            (PY02 L 0099), P.V,Fatal,0
11.12.2018,04:00AM,1358.8,RHS,Rural,Kodavaluru,Collision Brush/Side Wipe,,Car,Non injury,Fault of driver of motor vehicle/driver of other vehicle/cyclist/pedestrian/passenger,Four lanes or more with central divider,Straight road,,Fine,Car                            (PY02 L 0099), P.V,Grevious,0