Operational date,Time of Accident,KM && M,Position,Rural/Urban,Location,Nature of Accident Position,Nature of Accident,Vehicle Involved,Type of Accident,Causes,Road Feature,Road condition,Intersection Type And Control,Weather Condition,Vehicle Responsible,Help Provided by Ambulance/Patroling Vehicle,Classification of Accident,No of Affected Persons
11.12.2018,04:00AM,1358.8,RHS,Rural,Kodavaluru,Collision Brush/Side Wipe,,Car,Non injury,Fault of driver of motor vehicle/driver of other vehicle/cyclist/pedestrian/passenger,Four lanes or more with central divider,Straight road,,Fine,Car                            (PY02 L 0099), P.V,Minor,0
11.12.2018,04:00AM,1358.8,RHS,Rural,Kodavaluru,Collision Brush/Side Wipe,,Car,Non injury,Fault of driver of motor vehicle/driver of other vehicle/cyclist/pedestrian/passenger,Four lanes or more with central divider,Straight road,,Fine,Car                            (PY02 L 0099), P.V,Non injured,1
11.12.2018,04:00AM,1358.8,RHS,Rural,Kodavaluru,Collision Brush/Side Wipe,,Car,Non injury,Fault of driver of motor vehicle/driver of other vehicle/cyclist/pedestrian/passenger,Four lanes or more with central divider,Straight road,,Fine,Car                            (PY02 L 0099), P.V,Animals affected,0
12.12.2018,04:40AM,1227.2,RHS,Rural,Maddipadu,Overturning,,Container,Non injury,Fault of driver of motor vehicle/driver of other vehicle/cyclist/pedestrian/passenger,Four lanes or more with central divider,Straight road,,Fine,Container vehicle     (HR63C 9740), P.V,Fatal,0
12.12.2018,04:40AM,1227.2,RHS,Rural,Maddipadu,Overturning,,Container,Non injury,Fault of driver of motor vehicle/driver of other vehicle/cyclist/pedestrian/passenger,Four lanes or more with central divider,Straight road,,Fine,Container vehicle     (HR63C 9740), P.V,Grevious,0
12.12.2018,04:40AM,1227.2,RHS,Rural,Maddipadu,Overturning,,Container,Non injury,Fault of driver of motor vehicle/driver of other vehicle/cyclist/pedestrian/passenger,Four lanes or more with central divider,Straight road,,Fine,Container vehicle     (HR63C 9740), P.V,Minor,0
12.12.2018,04:40AM,1227.2,RHS,Rural,Maddipadu,Overturning,,Container,Non injury,Fault of driver of motor vehicle/driver of other vehicle/cyclist/pedestrian/passenger,Four lanes or more with central divider,Straight road,,Fine,Container vehicle     (HR63C 9740), P.V,Non injured,1
12.12.2018,04:40AM,1227.2,RHS,Rural,Maddipadu,Overturning,,Container,Non injury,Fault of driver of motor vehicle/driver of other vehicle/cyclist/pedestrian/passenger,Four lanes or more with central divider,Straight road,,Fine,Container vehicle     (HR63C 9740), P.V,Animals affected,0
12.12.2018,10:30AM,1330,RHS,Rural,Kavali,Collision Brush/Side Wipe,,Bike,Minor injury,Fault of driver of motor vehicle/driver of other vehicle/cyclist/pedestrian/passenger,Four lanes or more with central divider,Straight road,,Fine,Bike        (AP26AL 6087),A.M.B & P.V,Fatal,0
12.12.2018,10:30AM,1330,RHS,Rural,Kavali,Collision Brush/Side Wipe,,Bike,Minor injury,Fault of driver of motor vehicle/driver of other vehicle/cyclist/pedestrian/passenger,Four lanes or more with central divider,Straight road,,Fine,Bike        (AP26AL 6087),A.M.B & P.V,Grevious,0
12.12.2018,10:30AM,1330,RHS,Rural,Kavali,Collision Brush/Side Wipe,,Bike,Minor injury,Fault of driver of motor vehicle/driver of other vehicle/cyclist/pedestrian/passenger,Four lanes or more with central divider,Straight road,,Fine,Bike        (AP26AL 6087),A.M.B & P.V,Minor,2
12.12.2018,10:30AM,1330,RHS,Rural,Kavali,Collision Brush/Side Wipe,,Bike,Minor injury,Fault of driver of motor vehicle/driver of other vehicle/cyclist/pedestrian/passenger,Four lanes or more with central divider,Straight road,,Fine,Bike        (AP26AL 6087),A.M.B & P.V,Non injured,1
12.12.2018,10:30AM,1330,RHS,Rural,Kavali,Collision Brush/Side Wipe,,Bike,Minor injury,Fault of driver of motor vehicle/driver of other vehicle/cyclist/pedestrian/passenger,Four lanes or more with central divider,Straight road,,Fine,Bike        (AP26AL 6087),A.M.B & P.V,Animals affected,0
12.12.2018,04:20PM,1207,RHS,Rural,Reningavaram,Collision Brush/Side Wipe,,Unknown vehicle,Minor injury,Fault of driver of motor vehicle/driver of other vehicle/cyclist/pedestrian/passenger,Four lanes or more with central divider,Straight road,,Fine,Unknown Vehicle,A.M.B ,Fatal,0
12.12.2018,04:20PM,1207,RHS,Rural,Reningavaram,Collision Brush/Side Wipe,,Unknown vehicle,Minor injury,Fault of driver of motor vehicle/driver of other vehicle/cyclist/pedestrian/passenger,Four lanes or more with central divider,Straight road,,Fine,Unknown Vehicle,A.M.B ,Grevious,0
12.12.2018,04:20PM,1207,RHS,Rural,Reningavaram,Collision Brush/Side Wipe,,Unknown vehicle,Minor injury,Fault of driver of motor vehicle/driver of other vehicle/cyclist/pedestrian/passenger,Four lanes or more with central divider,Straight road,,Fine,Unknown Vehicle,A.M.B ,Minor,3
12.12.2018,04:20PM,1207,RHS,Rural,Reningavaram,Collision Brush/Side Wipe,,Unknown vehicle,Minor injury,Fault of driver of motor vehicle/driver of other vehicle/cyclist/pedestrian/passenger,Four lanes or more with central divider,Straight road,,Fine,Unknown Vehicle,A.M.B ,Non injured,0
12.12.2018,04:20PM,1207,RHS,Rural,Reningavaram,Collision Brush/Side Wipe,,Unknown vehicle,Minor injury,Fault of driver of motor vehicle/driver of other vehicle/cyclist/pedestrian/passenger,Four lanes or more with central divider,Straight road,,Fine,Unknown Vehicle,A.M.B ,Animals affected,0
13.12.2018,06:05AM,1343.7,RHS,Rural,Dagadarthi,Overturning,,LGV,Minor injury,Over speed,Four lanes or more with central divider,Slight curve,,Fine,Tempo     (TN11R 7310),A.M.B & P.V,Fatal,0
13.12.2018,06:05AM,1343.7,RHS,Rural,Dagadarthi,Overturning,,LGV,Minor injury,Over speed,Four lanes or more with central divider,Slight curve,,Fine,Tempo     (TN11R 7310),A.M.B & P.V,Grevious,0
13.12.2018,06:05AM,1343.7,RHS,Rural,Dagadarthi,Overturning,,LGV,Minor injury,Over speed,Four lanes or more with central divider,Slight curve,,Fine,Tempo     (TN11R 7310),A.M.B & P.V,Minor,1
13.12.2018,06:05AM,1343.7,RHS,Rural,Dagadarthi,Overturning,,LGV,Minor injury,Over speed,Four lanes or more with central divider,Slight curve,,Fine,Tempo     (TN11R 7310),A.M.B & P.V,Non injured,1
13.12.2018,06:05AM,1343.7,RHS,Rural,Dagadarthi,Overturning,,LGV,Minor injury,Over speed,Four lanes or more with central divider,Slight curve,,Fine,Tempo     (TN11R 7310),A.M.B & P.V,Animals affected,0
13.12.2018,03:55PM,1219.4,RHS,Rural,Medarametla,Collision Brush/Side Wipe,,Container,Non injury,Over speed,Four lanes or more with central divider,Straight road,,Fine, Container        (AP29TB  9586),P.V,Fatal,0
13.12.2018,03:55PM,1219.4,RHS,Rural,Medarametla,Collision Brush/Side Wipe,,Container,Non injury,Over speed,Four lanes or more with central divider,Straight road,,Fine, Container        (AP29TB  9586),P.V,Grevious,0
13.12.2018,03:55PM,1219.4,RHS,Rural,Medarametla,Collision Brush/Side Wipe,,Container,Non injury,Over speed,Four lanes or more with central divider,Straight road,,Fine, Container        (AP29TB  9586),P.V,Minor,0
13.12.2018,03:55PM,1219.4,RHS,Rural,Medarametla,Collision Brush/Side Wipe,,Container,Non injury,Over speed,Four lanes or more with central divider,Straight road,,Fine, Container        (AP29TB  9586),P.V,Non injured,1
13.12.2018,03:55PM,1219.4,RHS,Rural,Medarametla,Collision Brush/Side Wipe,,Container,Non injury,Over speed,Four lanes or more with central divider,Straight road,,Fine, Container        (AP29TB  9586),P.V,Animals affected,0
13.12.2018,07:05PM,1259.2,RHS,Rural,Tangutur,Collision Brush/Side Wipe,,Bike,Grievious injury,Over speed,Four lanes or more with central divider,Straight road,,Fine,Bike(AP27BS  2167),A.M.B & P.V,Fatal,0
13.12.2018,07:05PM,1259.2,RHS,Rural,Tangutur,Collision Brush/Side Wipe,,Bike,Grievious injury,Over speed,Four lanes or more with central divider,Straight road,,Fine,Bike(AP27BS  2167),A.M.B & P.V,Grevious,3
13.12.2018,07:05PM,1259.2,RHS,Rural,Tangutur,Collision Brush/Side Wipe,,Bike,Grievious injury,Over speed,Four lanes or more with central divider,Straight road,,Fine,Bike(AP27BS  2167),A.M.B & P.V,Minor,0
13.12.2018,07:05PM,1259.2,RHS,Rural,Tangutur,Collision Brush/Side Wipe,,Bike,Grievious injury,Over speed,Four lanes or more with central divider,Straight road,,Fine,Bike(AP27BS  2167),A.M.B & P.V,Non injured,0
13.12.2018,07:05PM,1259.2,RHS,Rural,Tangutur,Collision Brush/Side Wipe,,Bike,Grievious injury,Over speed,Four lanes or more with central divider,Straight road,,Fine,Bike(AP27BS  2167),A.M.B & P.V,Animals affected,0
14.12.2018,00:20AM,1317.2,RHS,Rural,kavali,Collision Brush/Side Wipe,,Trailler,Minor injury,Over speed,Four lanes or more with central divider,Straight road,,Fine,Trolley     (AP27TW5418),A.M.B & P.V,Fatal,0
14.12.2018,00:20AM,1317.2,RHS,Rural,kavali,Collision Brush/Side Wipe,,Trailler,Minor injury,Over speed,Four lanes or more with central divider,Straight road,,Fine,Trolley     (AP27TW5418),A.M.B & P.V,Grevious,0
14.12.2018,00:20AM,1317.2,RHS,Rural,kavali,Collision Brush/Side Wipe,,Trailler,Minor injury,Over speed,Four lanes or more with central divider,Straight road,,Fine,Trolley     (AP27TW5418),A.M.B & P.V,Minor,2
14.12.2018,00:20AM,1317.2,RHS,Rural,kavali,Collision Brush/Side Wipe,,Trailler,Minor injury,Over speed,Four lanes or more with central divider,Straight road,,Fine,Trolley     (AP27TW5418),A.M.B & P.V,Non injured,0
14.12.2018,00:20AM,1317.2,RHS,Rural,kavali,Collision Brush/Side Wipe,,Trailler,Minor injury,Over speed,Four lanes or more with central divider,Straight road,,Fine,Trolley     (AP27TW5418),A.M.B & P.V,Animals affected,0
14.12.2018,04:05PM,1318.4,RHS,Rural,kavali,Overturning,,Car,Non injury,Defect in mechanical condition of motor vehicle/road condition,Four lanes or more with central divider,Straight road,,Fine,Car  (TN09BH8438),P.V,Fatal,0
14.12.2018,04:05PM,1318.4,RHS,Rural,kavali,Overturning,,Car,Non injury,Defect in mechanical condition of motor vehicle/road condition,Four lanes or more with central divider,Straight road,,Fine,Car  (TN09BH8438),P.V,Grevious,0
14.12.2018,04:05PM,1318.4,RHS,Rural,kavali,Overturning,,Car,Non injury,Defect in mechanical condition of motor vehicle/road condition,Four lanes or more with central divider,Straight road,,Fine,Car  (TN09BH8438),P.V,Minor,0
14.12.2018,04:05PM,1318.4,RHS,Rural,kavali,Overturning,,Car,Non injury,Defect in mechanical condition of motor vehicle/road condition,Four lanes or more with central divider,Straight road,,Fine,Car  (TN09BH8438),P.V,Non injured,2
14.12.2018,04:05PM,1318.4,RHS,Rural,kavali,Overturning,,Car,Non injury,Defect in mechanical condition of motor vehicle/road condition,Four lanes or more with central divider,Straight road,,Fine,Car  (TN09BH8438),P.V,Animals affected,0
14.12.2018,04:57pm,1283.7,RHS,Rural,Ulavapadu,Rear End Collision,,Car,Grievious injury,Over speed,Four lanes or more with central divider,Straight road,,Fine,Car (AP26BY2720),A.M.B & P.V,Fatal,0
14.12.2018,04:57pm,1283.7,RHS,Rural,Ulavapadu,Rear End Collision,,Car,Grievious injury,Over speed,Four lanes or more with central divider,Straight road,,Fine,Car (AP26BY2720),A.M.B & P.V,Grevious,3
14.12.2018,04:57pm,1283.7,RHS,Rural,Ulavapadu,Rear End Collision,,Car,Grievious injury,Over speed,Four lanes or more with central divider,Straight road,,Fine,Car (AP26BY2720),A.M.B & P.V,Minor,6
14.12.2018,04:57pm,1283.7,RHS,Rural,Ulavapadu,Rear End Collision,,Car,Grievious injury,Over speed,Four lanes or more with central divider,Straight road,,Fine,Car (AP26BY2720),A.M.B & P.V,Non injured,3
14.12.2018,04:57pm,1283.7,RHS,Rural,Ulavapadu,Rear End Collision,,Car,Grievious injury,Over speed,Four lanes or more with central divider,Straight road,,Fine,Car (AP26BY2720),A.M.B & P.V,Animals affected,0
15.12.2018,09:01AM,1192.2,RHS,Rural,Martur,Collision Brush/Side Wipe,,Bike,Minor injury,Druken,Four lanes or more with central divider,Straight road,,Fine,Bike       (AP27AW     2278),P.V & A.M.B,Fatal,0
15.12.2018,09:01AM,1192.2,RHS,Rural,Martur,Collision Brush/Side Wipe,,Bike,Minor injury,Druken,Four lanes or more with central divider,Straight road,,Fine,Bike       (AP27AW     2278),P.V & A.M.B,Grevious,0
15.12.2018,09:01AM,1192.2,RHS,Rural,Martur,Collision Brush/Side Wipe,,Bike,Minor injury,Druken,Four lanes or more with central divider,Straight road,,Fine,Bike       (AP27AW     2278),P.V & A.M.B,Minor,1
15.12.2018,09:01AM,1192.2,RHS,Rural,Martur,Collision Brush/Side Wipe,,Bike,Minor injury,Druken,Four lanes or more with central divider,Straight road,,Fine,Bike       (AP27AW     2278),P.V & A.M.B,Non injured,0
15.12.2018,09:01AM,1192.2,RHS,Rural,Martur,Collision Brush/Side Wipe,,Bike,Minor injury,Druken,Four lanes or more with central divider,Straight road,,Fine,Bike       (AP27AW     2278),P.V & A.M.B,Animals affected,0
15.12.2018,05:23PM,1277,RHS,Rural,Singarayakonda,Collision Brush/Side Wipe,,Car,Grievious injury,Over speed,Four lanes or more with central divider,Straight road,Four arm junction,Fine,Car          (AP26AP      4884),P.V,Fatal,0
15.12.2018,05:23PM,1277,RHS,Rural,Singarayakonda,Collision Brush/Side Wipe,,Car,Grievious injury,Over speed,Four lanes or more with central divider,Straight road,Four arm junction,Fine,Car          (AP26AP      4884),P.V,Grevious,1
15.12.2018,05:23PM,1277,RHS,Rural,Singarayakonda,Collision Brush/Side Wipe,,Car,Grievious injury,Over speed,Four lanes or more with central divider,Straight road,Four arm junction,Fine,Car          (AP26AP      4884),P.V,Minor,0
15.12.2018,05:23PM,1277,RHS,Rural,Singarayakonda,Collision Brush/Side Wipe,,Car,Grievious injury,Over speed,Four lanes or more with central divider,Straight road,Four arm junction,Fine,Car          (AP26AP      4884),P.V,Non injured,3
15.12.2018,05:23PM,1277,RHS,Rural,Singarayakonda,Collision Brush/Side Wipe,,Car,Grievious injury,Over speed,Four lanes or more with central divider,Straight road,Four arm junction,Fine,Car          (AP26AP      4884),P.V,Animals affected,0
15.12.2018,06:20PM ,1285.9,RHS,Rural,Ulavapadu,Collision Brush/Side Wipe,,Car,Minor injury,Defect in mechanical condition of motor vehicle/road condition,Four lanes or more with central divider,Straight road,,Fine,Car              (AP16CQ        8751),P.V,Fatal,0
15.12.2018,06:20PM ,1285.9,RHS,Rural,Ulavapadu,Collision Brush/Side Wipe,,Car,Minor injury,Defect in mechanical condition of motor vehicle/road condition,Four lanes or more with central divider,Straight road,,Fine,Car              (AP16CQ        8751),P.V,Grevious,0
15.12.2018,06:20PM ,1285.9,RHS,Rural,Ulavapadu,Collision Brush/Side Wipe,,Car,Minor injury,Defect in mechanical condition of motor vehicle/road condition,Four lanes or more with central divider,Straight road,,Fine,Car              (AP16CQ        8751),P.V,Minor,2
15.12.2018,06:20PM ,1285.9,RHS,Rural,Ulavapadu,Collision Brush/Side Wipe,,Car,Minor injury,Defect in mechanical condition of motor vehicle/road condition,Four lanes or more with central divider,Straight road,,Fine,Car              (AP16CQ        8751),P.V,Non injured,0
15.12.2018,06:20PM ,1285.9,RHS,Rural,Ulavapadu,Collision Brush/Side Wipe,,Car,Minor injury,Defect in mechanical condition of motor vehicle/road condition,Four lanes or more with central divider,Straight road,,Fine,Car              (AP16CQ        8751),P.V,Animals affected,0
15.12.2018,08:50PM,1255.6,RHS,Rural,Tangutur,Overturning,,Unknown vehicle,Grievious injury,Over speed,Four lanes or more with central divider,Straight road,,Fine,Unknown vehicle,P.V & A.M.B,Fatal,0
15.12.2018,08:50PM,1255.6,RHS,Rural,Tangutur,Overturning,,Unknown vehicle,Grievious injury,Over speed,Four lanes or more with central divider,Straight road,,Fine,Unknown vehicle,P.V & A.M.B,Grevious,1
15.12.2018,08:50PM,1255.6,RHS,Rural,Tangutur,Overturning,,Unknown vehicle,Grievious injury,Over speed,Four lanes or more with central divider,Straight road,,Fine,Unknown vehicle,P.V & A.M.B,Minor,0
15.12.2018,08:50PM,1255.6,RHS,Rural,Tangutur,Overturning,,Unknown vehicle,Grievious injury,Over speed,Four lanes or more with central divider,Straight road,,Fine,Unknown vehicle,P.V & A.M.B,Non injured,0
15.12.2018,08:50PM,1255.6,RHS,Rural,Tangutur,Overturning,,Unknown vehicle,Grievious injury,Over speed,Four lanes or more with central divider,Straight road,,Fine,Unknown vehicle,P.V & A.M.B,Animals affected,0
15.12.2018,11:35PM,1282,RHS,Rural,Singarayakonda,Collision Brush/Side Wipe,,Truck,Minor injury,Fault of driver of motor vehicle/driver of other vehicle/cyclist/pedestrian/passenger,Single lane,Straight road,,Fine,Lorry   (TN52W   9273),P.V,Fatal,0
15.12.2018,11:35PM,1282,RHS,Rural,Singarayakonda,Collision Brush/Side Wipe,,Truck,Minor injury,Fault of driver of motor vehicle/driver of other vehicle/cyclist/pedestrian/passenger,Single lane,Straight road,,Fine,Lorry   (TN52W   9273),P.V,Grevious,0
15.12.2018,11:35PM,1282,RHS,Rural,Singarayakonda,Collision Brush/Side Wipe,,Truck,Minor injury,Fault of driver of motor vehicle/driver of other vehicle/cyclist/pedestrian/passenger,Single lane,Straight road,,Fine,Lorry   (TN52W   9273),P.V,Minor,1
15.12.2018,11:35PM,1282,RHS,Rural,Singarayakonda,Collision Brush/Side Wipe,,Truck,Minor injury,Fault of driver of motor vehicle/driver of other vehicle/cyclist/pedestrian/passenger,Single lane,Straight road,,Fine,Lorry   (TN52W   9273),P.V,Non injured,1
15.12.2018,11:35PM,1282,RHS,Rural,Singarayakonda,Collision Brush/Side Wipe,,Truck,Minor injury,Fault of driver of motor vehicle/driver of other vehicle/cyclist/pedestrian/passenger,Single lane,Straight road,,Fine,Lorry   (TN52W   9273),P.V,Animals affected,0
16.12.2018,05:30AM,1352.1,RHS,Rural,Kodavaluru,Collision Brush/Side Wipe,,Truck,Non injury,Fault of driver of motor vehicle/driver of other vehicle/cyclist/pedestrian/passenger,Four lanes or more with central divider,Straight road,,Fine,Lorry         (TN12Z        4582),P.V,Fatal,0
16.12.2018,05:30AM,1352.1,RHS,Rural,Kodavaluru,Collision Brush/Side Wipe,,Truck,Non injury,Fault of driver of motor vehicle/driver of other vehicle/cyclist/pedestrian/passenger,Four lanes or more with central divider,Straight road,,Fine,Lorry         (TN12Z        4582),P.V,Grevious,0
16.12.2018,05:30AM,1352.1,RHS,Rural,Kodavaluru,Collision Brush/Side Wipe,,Truck,Non injury,Fault of driver of motor vehicle/driver of other vehicle/cyclist/pedestrian/passenger,Four lanes or more with central divider,Straight road,,Fine,Lorry         (TN12Z        4582),P.V,Minor,0
16.12.2018,05:30AM,1352.1,RHS,Rural,Kodavaluru,Collision Brush/Side Wipe,,Truck,Non injury,Fault of driver of motor vehicle/driver of other vehicle/cyclist/pedestrian/passenger,Four lanes or more with central divider,Straight road,,Fine,Lorry         (TN12Z        4582),P.V,Non injured,1
16.12.2018,05:30AM,1352.1,RHS,Rural,Kodavaluru,Collision Brush/Side Wipe,,Truck,Non injury,Fault of driver of motor vehicle/driver of other vehicle/cyclist/pedestrian/passenger,Four lanes or more with central divider,Straight road,,Fine,Lorry         (TN12Z        4582),P.V,Animals affected,0
16.12.2018,06:45AM,1351.1,RHS,Rural,Kodavaluru,Overturning,,Truck,Grievious injury,Fault of driver of motor vehicle/driver of other vehicle/cyclist/pedestrian/passenger,Four lanes or more with central divider,Straight road,,Fine,Lorry           (AP07TG       3489),P.V,Fatal,0
16.12.2018,06:45AM,1351.1,RHS,Rural,Kodavaluru,Overturning,,Truck,Grievious injury,Fault of driver of motor vehicle/driver of other vehicle/cyclist/pedestrian/passenger,Four lanes or more with central divider,Straight road,,Fine,Lorry           (AP07TG       3489),P.V,Grevious,1
16.12.2018,06:45AM,1351.1,RHS,Rural,Kodavaluru,Overturning,,Truck,Grievious injury,Fault of driver of motor vehicle/driver of other vehicle/cyclist/pedestrian/passenger,Four lanes or more with central divider,Straight road,,Fine,Lorry           (AP07TG       3489),P.V,Minor,0
16.12.2018,06:45AM,1351.1,RHS,Rural,Kodavaluru,Overturning,,Truck,Grievious injury,Fault of driver of motor vehicle/driver of other vehicle/cyclist/pedestrian/passenger,Four lanes or more with central divider,Straight road,,Fine,Lorry           (AP07TG       3489),P.V,Non injured,1
16.12.2018,06:45AM,1351.1,RHS,Rural,Kodavaluru,Overturning,,Truck,Grievious injury,Fault of driver of motor vehicle/driver of other vehicle/cyclist/pedestrian/passenger,Four lanes or more with central divider,Straight road,,Fine,Lorry           (AP07TG       3489),P.V,Animals affected,0
16.12.2018,12:47PM,1198.1,RHS,Rural,Martur,Overturning,,Auto,Fatal,Druken,Four lanes or more with central divider,Straight road,,Cloudy,Auto          (AP27TT        7779),P.V & A.M.B,Fatal,1
16.12.2018,12:47PM,1198.1,RHS,Rural,Martur,Overturning,,Auto,Fatal,Druken,Four lanes or more with central divider,Straight road,,Cloudy,Auto          (AP27TT        7779),P.V & A.M.B,Grevious,0
16.12.2018,12:47PM,1198.1,RHS,Rural,Martur,Overturning,,Auto,Fatal,Druken,Four lanes or more with central divider,Straight road,,Cloudy,Auto          (AP27TT        7779),P.V & A.M.B,Minor,1
16.12.2018,12:47PM,1198.1,RHS,Rural,Martur,Overturning,,Auto,Fatal,Druken,Four lanes or more with central divider,Straight road,,Cloudy,Auto          (AP27TT        7779),P.V & A.M.B,Non injured,4
16.12.2018,12:47PM,1198.1,RHS,Rural,Martur,Overturning,,Auto,Fatal,Druken,Four lanes or more with central divider,Straight road,,Cloudy,Auto          (AP27TT        7779),P.V & A.M.B,Animals affected,0
16.12.2018,07:03PM,1253.3,RHS,Rural,Ongole,Collision Brush/Side Wipe,,Unknown vehicle,Fatal,Over speed,Four lanes or more with central divider,Straight road,,Light rain,Unknown vehicle,P.V,Fatal,1
16.12.2018,07:03PM,1253.3,RHS,Rural,Ongole,Collision Brush/Side Wipe,,Unknown vehicle,Fatal,Over speed,Four lanes or more with central divider,Straight road,,Light rain,Unknown vehicle,P.V,Grevious,0
16.12.2018,07:03PM,1253.3,RHS,Rural,Ongole,Collision Brush/Side Wipe,,Unknown vehicle,Fatal,Over speed,Four lanes or more with central divider,Straight road,,Light rain,Unknown vehicle,P.V,Minor,0
16.12.2018,07:03PM,1253.3,RHS,Rural,Ongole,Collision Brush/Side Wipe,,Unknown vehicle,Fatal,Over speed,Four lanes or more with central divider,Straight road,,Light rain,Unknown vehicle,P.V,Non injured,1
16.12.2018,07:03PM,1253.3,RHS,Rural,Ongole,Collision Brush/Side Wipe,,Unknown vehicle,Fatal,Over speed,Four lanes or more with central divider,Straight road,,Light rain,Unknown vehicle,P.V,Animals affected,0
16.12.2018,07:05PM,1185.6,RHS,Rural,Martur,Collision Brush/Side Wipe,,Car,Non injury,Over speed,Four lanes or more with central divider,Straight road,,Light rain,Car           (AP27AR     7899),P.V,Fatal,0
16.12.2018,07:05PM,1185.6,RHS,Rural,Martur,Collision Brush/Side Wipe,,Car,Non injury,Over speed,Four lanes or more with central divider,Straight road,,Light rain,Car           (AP27AR     7899),P.V,Grevious,0
16.12.2018,07:05PM,1185.6,RHS,Rural,Martur,Collision Brush/Side Wipe,,Car,Non injury,Over speed,Four lanes or more with central divider,Straight road,,Light rain,Car           (AP27AR     7899),P.V,Minor,0
16.12.2018,07:05PM,1185.6,RHS,Rural,Martur,Collision Brush/Side Wipe,,Car,Non injury,Over speed,Four lanes or more with central divider,Straight road,,Light rain,Car           (AP27AR     7899),P.V,Non injured,1
16.12.2018,07:05PM,1185.6,RHS,Rural,Martur,Collision Brush/Side Wipe,,Car,Non injury,Over speed,Four lanes or more with central divider,Straight road,,Light rain,Car           (AP27AR     7899),P.V,Animals affected,0
16.12.2018,08:50PM,1351,RHS,Rural,Kodavaluru,Collision Brush/Side Wipe,,Unknown vehicle,Non injury,Over speed,Four lanes or more with central divider,Straight road,,Fine,Unknown vehicle,P.V,Fatal,0
16.12.2018,08:50PM,1351,RHS,Rural,Kodavaluru,Collision Brush/Side Wipe,,Unknown vehicle,Non injury,Over speed,Four lanes or more with central divider,Straight road,,Fine,Unknown vehicle,P.V,Grevious,0
16.12.2018,08:50PM,1351,RHS,Rural,Kodavaluru,Collision Brush/Side Wipe,,Unknown vehicle,Non injury,Over speed,Four lanes or more with central divider,Straight road,,Fine,Unknown vehicle,P.V,Minor,0
16.12.2018,08:50PM,1351,RHS,Rural,Kodavaluru,Collision Brush/Side Wipe,,Unknown vehicle,Non injury,Over speed,Four lanes or more with central divider,Straight road,,Fine,Unknown vehicle,P.V,Non injured,0
16.12.2018,08:50PM,1351,RHS,Rural,Kodavaluru,Collision Brush/Side Wipe,,Unknown vehicle,Non injury,Over speed,Four lanes or more with central divider,Straight road,,Fine,Unknown vehicle,P.V,Animals affected,1
17.12.2018,03:00AM,1348,RHS,Rural,Dagadarthi,Rear End Collision,,Bus,Grievious injury,Fault of driver of motor vehicle/driver of other vehicle/cyclist/pedestrian/passenger,Four lanes or more with central divider,Straight road,,Fine,RTC BUS     AP6TH 2777,P.V & A.M.B,Fatal,0
17.12.2018,03:00AM,1348,RHS,Rural,Dagadarthi,Rear End Collision,,Bus,Grievious injury,Fault of driver of motor vehicle/driver of other vehicle/cyclist/pedestrian/passenger,Four lanes or more with central divider,Straight road,,Fine,RTC BUS     AP6TH 2777,P.V & A.M.B,Grevious,2
17.12.2018,03:00AM,1348,RHS,Rural,Dagadarthi,Rear End Collision,,Bus,Grievious injury,Fault of driver of motor vehicle/driver of other vehicle/cyclist/pedestrian/passenger,Four lanes or more with central divider,Straight road,,Fine,RTC BUS     AP6TH 2777,P.V & A.M.B,Minor,0
17.12.2018,03:00AM,1348,RHS,Rural,Dagadarthi,Rear End Collision,,Bus,Grievious injury,Fault of driver of motor vehicle/driver of other vehicle/cyclist/pedestrian/passenger,Four lanes or more with central divider,Straight road,,Fine,RTC BUS     AP6TH 2777,P.V & A.M.B,Non injured,33
17.12.2018,03:00AM,1348,RHS,Rural,Dagadarthi,Rear End Collision,,Bus,Grievious injury,Fault of driver of motor vehicle/driver of other vehicle/cyclist/pedestrian/passenger,Four lanes or more with central divider,Straight road,,Fine,RTC BUS     AP6TH 2777,P.V & A.M.B,Animals affected,0
17.12.2018,03:30AM,1341,RHS,Rural,Dagadarthi,Collision Brush/Side Wipe,,Car,Non injury,Over speed,Two lanes,Straight road,,Light rain,Car          (TS09EP     8589),P.V,Fatal,0
17.12.2018,03:30AM,1341,RHS,Rural,Dagadarthi,Collision Brush/Side Wipe,,Car,Non injury,Over speed,Two lanes,Straight road,,Light rain,Car          (TS09EP     8589),P.V,Grevious,0
17.12.2018,03:30AM,1341,RHS,Rural,Dagadarthi,Collision Brush/Side Wipe,,Car,Non injury,Over speed,Two lanes,Straight road,,Light rain,Car          (TS09EP     8589),P.V,Minor,0
17.12.2018,03:30AM,1341,RHS,Rural,Dagadarthi,Collision Brush/Side Wipe,,Car,Non injury,Over speed,Two lanes,Straight road,,Light rain,Car          (TS09EP     8589),P.V,Non injured,1
17.12.2018,03:30AM,1341,RHS,Rural,Dagadarthi,Collision Brush/Side Wipe,,Car,Non injury,Over speed,Two lanes,Straight road,,Light rain,Car          (TS09EP     8589),P.V,Animals affected,0