Operational date,Time of Accident,KM && M,Position,Rural/Urban,Location,Nature of Accident Position,Nature of Accident,Vehicle Involved,Type of Accident,Causes,Road Feature,Road condition,Intersection Type And Control,Weather Condition,Vehicle Responsible,Help Provided by Ambulance/Patroling Vehicle,Classification of Accident,No of Affected Persons
17.12.2018,05:00AM,1340.5,RHS,Rural,Dagadarthi,Collision Brush/Side Wipe,,Unknown vehicle,Non injury,Over speed,Four lanes or more with central divider,Straight road,,Fine,Unknown vehicle,P.V,Fatal,0
17.12.2018,05:00AM,1340.5,RHS,Rural,Dagadarthi,Collision Brush/Side Wipe,,Unknown vehicle,Non injury,Over speed,Four lanes or more with central divider,Straight road,,Fine,Unknown vehicle,P.V,Grevious,0
17.12.2018,05:00AM,1340.5,RHS,Rural,Dagadarthi,Collision Brush/Side Wipe,,Unknown vehicle,Non injury,Over speed,Four lanes or more with central divider,Straight road,,Fine,Unknown vehicle,P.V,Minor,0
17.12.2018,05:00AM,1340.5,RHS,Rural,Dagadarthi,Collision Brush/Side Wipe,,Unknown vehicle,Non injury,Over speed,Four lanes or more with central divider,Straight road,,Fine,Unknown vehicle,P.V,Non injured,1
17.12.2018,05:00AM,1340.5,RHS,Rural,Dagadarthi,Collision Brush/Side Wipe,,Unknown vehicle,Non injury,Over speed,Four lanes or more with central divider,Straight road,,Fine,Unknown vehicle,P.V,Animals affected,1
17.12.2018,08:10AM,1323.6,RHS,Rural,Kavali,Collision Brush/Side Wipe,,Truck,Non injury,Fault of driver of motor vehicle/driver of other vehicle/cyclist/pedestrian/passenger,Four lanes or more with central divider,Straight road,,Fine,Mini Lorry (AP37TJ      1666),P.V,Fatal,0
17.12.2018,08:10AM,1323.6,RHS,Rural,Kavali,Collision Brush/Side Wipe,,Truck,Non injury,Fault of driver of motor vehicle/driver of other vehicle/cyclist/pedestrian/passenger,Four lanes or more with central divider,Straight road,,Fine,Mini Lorry (AP37TJ      1666),P.V,Grevious,0
17.12.2018,08:10AM,1323.6,RHS,Rural,Kavali,Collision Brush/Side Wipe,,Truck,Non injury,Fault of driver of motor vehicle/driver of other vehicle/cyclist/pedestrian/passenger,Four lanes or more with central divider,Straight road,,Fine,Mini Lorry (AP37TJ      1666),P.V,Minor,0
17.12.2018,08:10AM,1323.6,RHS,Rural,Kavali,Collision Brush/Side Wipe,,Truck,Non injury,Fault of driver of motor vehicle/driver of other vehicle/cyclist/pedestrian/passenger,Four lanes or more with central divider,Straight road,,Fine,Mini Lorry (AP37TJ      1666),P.V,Non injured,1
17.12.2018,08:10AM,1323.6,RHS,Rural,Kavali,Collision Brush/Side Wipe,,Truck,Non injury,Fault of driver of motor vehicle/driver of other vehicle/cyclist/pedestrian/passenger,Four lanes or more with central divider,Straight road,,Fine,Mini Lorry (AP37TJ      1666),P.V,Animals affected,0
18.12.2018,02:15PM,1354.4,RHS,Rural,Kodavaluru,Overturning,,Car,Minor injury,Defect in mechanical condition of motor vehicle/road condition,Four lanes or more with central divider,Straight road,,Fine,Ashok leyland  dost vehicle (AP26TL 3330),P.V,Fatal,0
18.12.2018,02:15PM,1354.4,RHS,Rural,Kodavaluru,Overturning,,Car,Minor injury,Defect in mechanical condition of motor vehicle/road condition,Four lanes or more with central divider,Straight road,,Fine,Ashok leyland  dost vehicle (AP26TL 3330),P.V,Grevious,0
18.12.2018,02:15PM,1354.4,RHS,Rural,Kodavaluru,Overturning,,Car,Minor injury,Defect in mechanical condition of motor vehicle/road condition,Four lanes or more with central divider,Straight road,,Fine,Ashok leyland  dost vehicle (AP26TL 3330),P.V,Minor,1
18.12.2018,02:15PM,1354.4,RHS,Rural,Kodavaluru,Overturning,,Car,Minor injury,Defect in mechanical condition of motor vehicle/road condition,Four lanes or more with central divider,Straight road,,Fine,Ashok leyland  dost vehicle (AP26TL 3330),P.V,Non injured,1
18.12.2018,02:15PM,1354.4,RHS,Rural,Kodavaluru,Overturning,,Car,Minor injury,Defect in mechanical condition of motor vehicle/road condition,Four lanes or more with central divider,Straight road,,Fine,Ashok leyland  dost vehicle (AP26TL 3330),P.V,Animals affected,0
18.12.2018,07:15PM,1235.2,RHS,Rural,Maddipadu,Collision Brush/Side Wipe,,Bike,Grievious injury,Over speed,Four lanes or more with central divider,Straight road,T-Junction,Fine,Bike (AP27AC 2477),P.V,Fatal,0
18.12.2018,07:15PM,1235.2,RHS,Rural,Maddipadu,Collision Brush/Side Wipe,,Bike,Grievious injury,Over speed,Four lanes or more with central divider,Straight road,T-Junction,Fine,Bike (AP27AC 2477),P.V,Grevious,1
18.12.2018,07:15PM,1235.2,RHS,Rural,Maddipadu,Collision Brush/Side Wipe,,Bike,Grievious injury,Over speed,Four lanes or more with central divider,Straight road,T-Junction,Fine,Bike (AP27AC 2477),P.V,Minor,0
18.12.2018,07:15PM,1235.2,RHS,Rural,Maddipadu,Collision Brush/Side Wipe,,Bike,Grievious injury,Over speed,Four lanes or more with central divider,Straight road,T-Junction,Fine,Bike (AP27AC 2477),P.V,Non injured,0
18.12.2018,07:15PM,1235.2,RHS,Rural,Maddipadu,Collision Brush/Side Wipe,,Bike,Grievious injury,Over speed,Four lanes or more with central divider,Straight road,T-Junction,Fine,Bike (AP27AC 2477),P.V,Animals affected,0
19.12.2018,04:55AM,1326.4,RHS,Rural,Kavali,Collision Brush/Side Wipe,,Unknown vehicle,Fatal,Fault of driver of motor vehicle/driver of other vehicle/cyclist/pedestrian/passenger,Four lanes or more with central divider,Straight road,,Fine,Unknown vehicle,P.V,Fatal,1
19.12.2018,04:55AM,1326.4,RHS,Rural,Kavali,Collision Brush/Side Wipe,,Unknown vehicle,Fatal,Fault of driver of motor vehicle/driver of other vehicle/cyclist/pedestrian/passenger,Four lanes or more with central divider,Straight road,,Fine,Unknown vehicle,P.V,Grevious,0
19.12.2018,04:55AM,1326.4,RHS,Rural,Kavali,Collision Brush/Side Wipe,,Unknown vehicle,Fatal,Fault of driver of motor vehicle/driver of other vehicle/cyclist/pedestrian/passenger,Four lanes or more with central divider,Straight road,,Fine,Unknown vehicle,P.V,Minor,0
19.12.2018,04:55AM,1326.4,RHS,Rural,Kavali,Collision Brush/Side Wipe,,Unknown vehicle,Fatal,Fault of driver of motor vehicle/driver of other vehicle/cyclist/pedestrian/passenger,Four lanes or more with central divider,Straight road,,Fine,Unknown vehicle,P.V,Non injured,0
19.12.2018,04:55AM,1326.4,RHS,Rural,Kavali,Collision Brush/Side Wipe,,Unknown vehicle,Fatal,Fault of driver of motor vehicle/driver of other vehicle/cyclist/pedestrian/passenger,Four lanes or more with central divider,Straight road,,Fine,Unknown vehicle,P.V,Animals affected,0
19.12.2018,09:30PM,1350.6,RHS,Rural,Kodavaluru,Overturning,,LGV,Non injury,Over speed,Four lanes or more with central divider,Straight road,,Fine,Tempo Van          ( AP16TS 4614),P.V,Fatal,0
19.12.2018,09:30PM,1350.6,RHS,Rural,Kodavaluru,Overturning,,LGV,Non injury,Over speed,Four lanes or more with central divider,Straight road,,Fine,Tempo Van          ( AP16TS 4614),P.V,Grevious,0
19.12.2018,09:30PM,1350.6,RHS,Rural,Kodavaluru,Overturning,,LGV,Non injury,Over speed,Four lanes or more with central divider,Straight road,,Fine,Tempo Van          ( AP16TS 4614),P.V,Minor,0
19.12.2018,09:30PM,1350.6,RHS,Rural,Kodavaluru,Overturning,,LGV,Non injury,Over speed,Four lanes or more with central divider,Straight road,,Fine,Tempo Van          ( AP16TS 4614),P.V,Non injured,1
19.12.2018,09:30PM,1350.6,RHS,Rural,Kodavaluru,Overturning,,LGV,Non injury,Over speed,Four lanes or more with central divider,Straight road,,Fine,Tempo Van          ( AP16TS 4614),P.V,Animals affected,0
20.12.2018,01:30AM,1262,RHS,Rural,Tangutur,Collision Brush/Side Wipe,,Truck,Non injury,Fault of driver of motor vehicle/driver of other vehicle/cyclist/pedestrian/passenger,Four lanes or more with central divider,Straight road,,Fine,Lorry      (TS05UA    2668),P.V,Fatal,0
20.12.2018,01:30AM,1262,RHS,Rural,Tangutur,Collision Brush/Side Wipe,,Truck,Non injury,Fault of driver of motor vehicle/driver of other vehicle/cyclist/pedestrian/passenger,Four lanes or more with central divider,Straight road,,Fine,Lorry      (TS05UA    2668),P.V,Grevious,0
20.12.2018,01:30AM,1262,RHS,Rural,Tangutur,Collision Brush/Side Wipe,,Truck,Non injury,Fault of driver of motor vehicle/driver of other vehicle/cyclist/pedestrian/passenger,Four lanes or more with central divider,Straight road,,Fine,Lorry      (TS05UA    2668),P.V,Minor,0
20.12.2018,01:30AM,1262,RHS,Rural,Tangutur,Collision Brush/Side Wipe,,Truck,Non injury,Fault of driver of motor vehicle/driver of other vehicle/cyclist/pedestrian/passenger,Four lanes or more with central divider,Straight road,,Fine,Lorry      (TS05UA    2668),P.V,Non injured,2
20.12.2018,01:30AM,1262,RHS,Rural,Tangutur,Collision Brush/Side Wipe,,Truck,Non injury,Fault of driver of motor vehicle/driver of other vehicle/cyclist/pedestrian/passenger,Four lanes or more with central divider,Straight road,,Fine,Lorry      (TS05UA    2668),P.V,Animals affected,0
20.12.2018,08:00AM,1245.8,RHS,Rural,Ongole,Overturning,,Truck,Non injury,Defect in mechanical condition of motor vehicle/road condition,Four lanes or more with central divider,Straight road,,Fine,Mini Lorry      (Ap16TB      7254),P.V,Fatal,0
20.12.2018,08:00AM,1245.8,RHS,Rural,Ongole,Overturning,,Truck,Non injury,Defect in mechanical condition of motor vehicle/road condition,Four lanes or more with central divider,Straight road,,Fine,Mini Lorry      (Ap16TB      7254),P.V,Grevious,0
20.12.2018,08:00AM,1245.8,RHS,Rural,Ongole,Overturning,,Truck,Non injury,Defect in mechanical condition of motor vehicle/road condition,Four lanes or more with central divider,Straight road,,Fine,Mini Lorry      (Ap16TB      7254),P.V,Minor,0
20.12.2018,08:00AM,1245.8,RHS,Rural,Ongole,Overturning,,Truck,Non injury,Defect in mechanical condition of motor vehicle/road condition,Four lanes or more with central divider,Straight road,,Fine,Mini Lorry      (Ap16TB      7254),P.V,Non injured,1
20.12.2018,08:00AM,1245.8,RHS,Rural,Ongole,Overturning,,Truck,Non injury,Defect in mechanical condition of motor vehicle/road condition,Four lanes or more with central divider,Straight road,,Fine,Mini Lorry      (Ap16TB      7254),P.V,Animals affected,0
20.12.2018,06:18PM,1254.5,RHS,Rural,Tangutur,Collision Brush/Side Wipe,,Unknown vehicle,Non injury,Over speed,Four lanes or more with central divider,Straight road,,Fine,Unknown Vehicle,P.V,Fatal,0
20.12.2018,06:18PM,1254.5,RHS,Rural,Tangutur,Collision Brush/Side Wipe,,Unknown vehicle,Non injury,Over speed,Four lanes or more with central divider,Straight road,,Fine,Unknown Vehicle,P.V,Grevious,0
20.12.2018,06:18PM,1254.5,RHS,Rural,Tangutur,Collision Brush/Side Wipe,,Unknown vehicle,Non injury,Over speed,Four lanes or more with central divider,Straight road,,Fine,Unknown Vehicle,P.V,Minor,0
20.12.2018,06:18PM,1254.5,RHS,Rural,Tangutur,Collision Brush/Side Wipe,,Unknown vehicle,Non injury,Over speed,Four lanes or more with central divider,Straight road,,Fine,Unknown Vehicle,P.V,Non injured,1
20.12.2018,06:18PM,1254.5,RHS,Rural,Tangutur,Collision Brush/Side Wipe,,Unknown vehicle,Non injury,Over speed,Four lanes or more with central divider,Straight road,,Fine,Unknown Vehicle,P.V,Animals affected,3
21.12.2018,01:10AM,1258.2,RHS,Rural,Tangutur,Overturning,,Bus,Grievious injury,Fault of driver of motor vehicle/driver of other vehicle/cyclist/pedestrian/passenger,Four lanes or more with central divider,Straight road,,Fine,Bus (PY05A 6069),A.M.B & P.V,Fatal,0
21.12.2018,01:10AM,1258.2,RHS,Rural,Tangutur,Overturning,,Bus,Grievious injury,Fault of driver of motor vehicle/driver of other vehicle/cyclist/pedestrian/passenger,Four lanes or more with central divider,Straight road,,Fine,Bus (PY05A 6069),A.M.B & P.V,Grevious,6
21.12.2018,01:10AM,1258.2,RHS,Rural,Tangutur,Overturning,,Bus,Grievious injury,Fault of driver of motor vehicle/driver of other vehicle/cyclist/pedestrian/passenger,Four lanes or more with central divider,Straight road,,Fine,Bus (PY05A 6069),A.M.B & P.V,Minor,7
21.12.2018,01:10AM,1258.2,RHS,Rural,Tangutur,Overturning,,Bus,Grievious injury,Fault of driver of motor vehicle/driver of other vehicle/cyclist/pedestrian/passenger,Four lanes or more with central divider,Straight road,,Fine,Bus (PY05A 6069),A.M.B & P.V,Non injured,26
21.12.2018,01:10AM,1258.2,RHS,Rural,Tangutur,Overturning,,Bus,Grievious injury,Fault of driver of motor vehicle/driver of other vehicle/cyclist/pedestrian/passenger,Four lanes or more with central divider,Straight road,,Fine,Bus (PY05A 6069),A.M.B & P.V,Animals affected,0
21.12.2018,03:40AM,1261.3,RHS,Rural,Tangutur,Overturning,,Container,Non injury,Fault of driver of motor vehicle/driver of other vehicle/cyclist/pedestrian/passenger,Four lanes or more with central divider,Straight road,,Fine,Eicher Container(HR38Y 3435) ,P.V,Fatal,0
21.12.2018,03:40AM,1261.3,RHS,Rural,Tangutur,Overturning,,Container,Non injury,Fault of driver of motor vehicle/driver of other vehicle/cyclist/pedestrian/passenger,Four lanes or more with central divider,Straight road,,Fine,Eicher Container(HR38Y 3435) ,P.V,Grevious,0
21.12.2018,03:40AM,1261.3,RHS,Rural,Tangutur,Overturning,,Container,Non injury,Fault of driver of motor vehicle/driver of other vehicle/cyclist/pedestrian/passenger,Four lanes or more with central divider,Straight road,,Fine,Eicher Container(HR38Y 3435) ,P.V,Minor,0
21.12.2018,03:40AM,1261.3,RHS,Rural,Tangutur,Overturning,,Container,Non injury,Fault of driver of motor vehicle/driver of other vehicle/cyclist/pedestrian/passenger,Four lanes or more with central divider,Straight road,,Fine,Eicher Container(HR38Y 3435) ,P.V,Non injured,1
21.12.2018,03:40AM,1261.3,RHS,Rural,Tangutur,Overturning,,Container,Non injury,Fault of driver of motor vehicle/driver of other vehicle/cyclist/pedestrian/passenger,Four lanes or more with central divider,Straight road,,Fine,Eicher Container(HR38Y 3435) ,P.V,Animals affected,0
21.12.2018,08:30PM,1342.4,RHS,Rural,Dagadarthi,Rear End Collision,,Unknown vehicle,Fatal,Fault of driver of motor vehicle/driver of other vehicle/cyclist/pedestrian/passenger,Four lanes or more with central divider,Straight road,,Fine,Unknown Vehicle,P.V,Fatal,1
21.12.2018,08:30PM,1342.4,RHS,Rural,Dagadarthi,Rear End Collision,,Unknown vehicle,Fatal,Fault of driver of motor vehicle/driver of other vehicle/cyclist/pedestrian/passenger,Four lanes or more with central divider,Straight road,,Fine,Unknown Vehicle,P.V,Grevious,0
21.12.2018,08:30PM,1342.4,RHS,Rural,Dagadarthi,Rear End Collision,,Unknown vehicle,Fatal,Fault of driver of motor vehicle/driver of other vehicle/cyclist/pedestrian/passenger,Four lanes or more with central divider,Straight road,,Fine,Unknown Vehicle,P.V,Minor,0
21.12.2018,08:30PM,1342.4,RHS,Rural,Dagadarthi,Rear End Collision,,Unknown vehicle,Fatal,Fault of driver of motor vehicle/driver of other vehicle/cyclist/pedestrian/passenger,Four lanes or more with central divider,Straight road,,Fine,Unknown Vehicle,P.V,Non injured,0
21.12.2018,08:30PM,1342.4,RHS,Rural,Dagadarthi,Rear End Collision,,Unknown vehicle,Fatal,Fault of driver of motor vehicle/driver of other vehicle/cyclist/pedestrian/passenger,Four lanes or more with central divider,Straight road,,Fine,Unknown Vehicle,P.V,Animals affected,0
22.12.2018,08:55AM,1280.6,RHS,Rural,Singarayakonda,Overturning,,Truck,Non injury,Over speed,Four lanes or more with central divider,Straight road,,Fine,Tipper (AP27TY 4459),P.V,Fatal,0
22.12.2018,08:55AM,1280.6,RHS,Rural,Singarayakonda,Overturning,,Truck,Non injury,Over speed,Four lanes or more with central divider,Straight road,,Fine,Tipper (AP27TY 4459),P.V,Grevious,0
22.12.2018,08:55AM,1280.6,RHS,Rural,Singarayakonda,Overturning,,Truck,Non injury,Over speed,Four lanes or more with central divider,Straight road,,Fine,Tipper (AP27TY 4459),P.V,Minor,0
22.12.2018,08:55AM,1280.6,RHS,Rural,Singarayakonda,Overturning,,Truck,Non injury,Over speed,Four lanes or more with central divider,Straight road,,Fine,Tipper (AP27TY 4459),P.V,Non injured,1
22.12.2018,08:55AM,1280.6,RHS,Rural,Singarayakonda,Overturning,,Truck,Non injury,Over speed,Four lanes or more with central divider,Straight road,,Fine,Tipper (AP27TY 4459),P.V,Animals affected,0
22.12.2018,12:25PM,1206.1,RHS,Rural,Reningavaram,Skidding,,Bike,Grievious injury,Over speed,Four lanes or more with central divider,Straight road,,Fine,Bike (AP27BP 5058),A.M.B,Fatal,0
22.12.2018,12:25PM,1206.1,RHS,Rural,Reningavaram,Skidding,,Bike,Grievious injury,Over speed,Four lanes or more with central divider,Straight road,,Fine,Bike (AP27BP 5058),A.M.B,Grevious,1
22.12.2018,12:25PM,1206.1,RHS,Rural,Reningavaram,Skidding,,Bike,Grievious injury,Over speed,Four lanes or more with central divider,Straight road,,Fine,Bike (AP27BP 5058),A.M.B,Minor,0
22.12.2018,12:25PM,1206.1,RHS,Rural,Reningavaram,Skidding,,Bike,Grievious injury,Over speed,Four lanes or more with central divider,Straight road,,Fine,Bike (AP27BP 5058),A.M.B,Non injured,0
22.12.2018,12:25PM,1206.1,RHS,Rural,Reningavaram,Skidding,,Bike,Grievious injury,Over speed,Four lanes or more with central divider,Straight road,,Fine,Bike (AP27BP 5058),A.M.B,Animals affected,0
22.12.2018,05:05PM,1293.9,RHS,Rural,Ulavapadu,Collision Brush/Side Wipe,,Unknown vehicle,Non injury,Over speed,Four lanes or more with central divider,Straight road,,Fine,Unknown Vehicle,P.V,Fatal,0
22.12.2018,05:05PM,1293.9,RHS,Rural,Ulavapadu,Collision Brush/Side Wipe,,Unknown vehicle,Non injury,Over speed,Four lanes or more with central divider,Straight road,,Fine,Unknown Vehicle,P.V,Grevious,0
22.12.2018,05:05PM,1293.9,RHS,Rural,Ulavapadu,Collision Brush/Side Wipe,,Unknown vehicle,Non injury,Over speed,Four lanes or more with central divider,Straight road,,Fine,Unknown Vehicle,P.V,Minor,0
22.12.2018,05:05PM,1293.9,RHS,Rural,Ulavapadu,Collision Brush/Side Wipe,,Unknown vehicle,Non injury,Over speed,Four lanes or more with central divider,Straight road,,Fine,Unknown Vehicle,P.V,Non injured,1
22.12.2018,05:05PM,1293.9,RHS,Rural,Ulavapadu,Collision Brush/Side Wipe,,Unknown vehicle,Non injury,Over speed,Four lanes or more with central divider,Straight road,,Fine,Unknown Vehicle,P.V,Animals affected,1
22.12.2018,10:10AM,1264,RHS,Rural,Tangutur,Others(p1.Specific),,MiniBus,Minor injury,Over speed,Four lanes or more with central divider,Straight road,,Fine,Mini Bus   (AP27TZ      3939),A.M.B,Fatal,0
22.12.2018,10:10AM,1264,RHS,Rural,Tangutur,Others(p1.Specific),,MiniBus,Minor injury,Over speed,Four lanes or more with central divider,Straight road,,Fine,Mini Bus   (AP27TZ      3939),A.M.B,Grevious,0
22.12.2018,10:10AM,1264,RHS,Rural,Tangutur,Others(p1.Specific),,MiniBus,Minor injury,Over speed,Four lanes or more with central divider,Straight road,,Fine,Mini Bus   (AP27TZ      3939),A.M.B,Minor,15
22.12.2018,10:10AM,1264,RHS,Rural,Tangutur,Others(p1.Specific),,MiniBus,Minor injury,Over speed,Four lanes or more with central divider,Straight road,,Fine,Mini Bus   (AP27TZ      3939),A.M.B,Non injured,20
22.12.2018,10:10AM,1264,RHS,Rural,Tangutur,Others(p1.Specific),,MiniBus,Minor injury,Over speed,Four lanes or more with central divider,Straight road,,Fine,Mini Bus   (AP27TZ      3939),A.M.B,Animals affected,0
22.12.2018,11:00PM,1365.2,RHS,Rural,kovuru,Collision Brush/Side Wipe,,Car,Grievious injury,Vehicle out of control,Four lanes or more with central divider,Straight road,,Fine,Car (TN02BE 2739),P.V,Fatal,0
22.12.2018,11:00PM,1365.2,RHS,Rural,kovuru,Collision Brush/Side Wipe,,Car,Grievious injury,Vehicle out of control,Four lanes or more with central divider,Straight road,,Fine,Car (TN02BE 2739),P.V,Grevious,1
22.12.2018,11:00PM,1365.2,RHS,Rural,kovuru,Collision Brush/Side Wipe,,Car,Grievious injury,Vehicle out of control,Four lanes or more with central divider,Straight road,,Fine,Car (TN02BE 2739),P.V,Minor,0
22.12.2018,11:00PM,1365.2,RHS,Rural,kovuru,Collision Brush/Side Wipe,,Car,Grievious injury,Vehicle out of control,Four lanes or more with central divider,Straight road,,Fine,Car (TN02BE 2739),P.V,Non injured,1
22.12.2018,11:00PM,1365.2,RHS,Rural,kovuru,Collision Brush/Side Wipe,,Car,Grievious injury,Vehicle out of control,Four lanes or more with central divider,Straight road,,Fine,Car (TN02BE 2739),P.V,Animals affected,0
23.12.2018,11:06AM,1202.1,RHS,Rural,Reningavaram,Collision Brush/Side Wipe,,Car,Non injury,Over speed,Four lanes or more with central divider,Straight road,,Fine,Car            (AP29AJ     0006),A.M.B,Fatal,0
23.12.2018,11:06AM,1202.1,RHS,Rural,Reningavaram,Collision Brush/Side Wipe,,Car,Non injury,Over speed,Four lanes or more with central divider,Straight road,,Fine,Car            (AP29AJ     0006),A.M.B,Grevious,0
23.12.2018,11:06AM,1202.1,RHS,Rural,Reningavaram,Collision Brush/Side Wipe,,Car,Non injury,Over speed,Four lanes or more with central divider,Straight road,,Fine,Car            (AP29AJ     0006),A.M.B,Minor,0
23.12.2018,11:06AM,1202.1,RHS,Rural,Reningavaram,Collision Brush/Side Wipe,,Car,Non injury,Over speed,Four lanes or more with central divider,Straight road,,Fine,Car            (AP29AJ     0006),A.M.B,Non injured,1
23.12.2018,11:06AM,1202.1,RHS,Rural,Reningavaram,Collision Brush/Side Wipe,,Car,Non injury,Over speed,Four lanes or more with central divider,Straight road,,Fine,Car            (AP29AJ     0006),A.M.B,Animals affected,0
23.12.2018,08:55PM,1326.3,RHS,Rural,Kavali,Head on collision,,Car,Grievious injury,Over speed,Four lanes or more with central divider,Straight road,,Fine,Car              (AP26BH      5029),A.M.B & P.V,Fatal,0
23.12.2018,08:55PM,1326.3,RHS,Rural,Kavali,Head on collision,,Car,Grievious injury,Over speed,Four lanes or more with central divider,Straight road,,Fine,Car              (AP26BH      5029),A.M.B & P.V,Grevious,3
23.12.2018,08:55PM,1326.3,RHS,Rural,Kavali,Head on collision,,Car,Grievious injury,Over speed,Four lanes or more with central divider,Straight road,,Fine,Car              (AP26BH      5029),A.M.B & P.V,Minor,0
23.12.2018,08:55PM,1326.3,RHS,Rural,Kavali,Head on collision,,Car,Grievious injury,Over speed,Four lanes or more with central divider,Straight road,,Fine,Car              (AP26BH      5029),A.M.B & P.V,Non injured,1
23.12.2018,08:55PM,1326.3,RHS,Rural,Kavali,Head on collision,,Car,Grievious injury,Over speed,Four lanes or more with central divider,Straight road,,Fine,Car              (AP26BH      5029),A.M.B & P.V,Animals affected,0
23.12.2018,11:00PM,1310.5,RHS,Rural,Kavali,Overturning,,Container,Non injury,Over speed,Four lanes or more with central divider,Straight road,,Fine,Container vhehicle  (NL01AA          6420),P.V,Fatal,0
23.12.2018,11:00PM,1310.5,RHS,Rural,Kavali,Overturning,,Container,Non injury,Over speed,Four lanes or more with central divider,Straight road,,Fine,Container vhehicle  (NL01AA          6420),P.V,Grevious,0
23.12.2018,11:00PM,1310.5,RHS,Rural,Kavali,Overturning,,Container,Non injury,Over speed,Four lanes or more with central divider,Straight road,,Fine,Container vhehicle  (NL01AA          6420),P.V,Minor,0
23.12.2018,11:00PM,1310.5,RHS,Rural,Kavali,Overturning,,Container,Non injury,Over speed,Four lanes or more with central divider,Straight road,,Fine,Container vhehicle  (NL01AA          6420),P.V,Non injured,2
23.12.2018,11:00PM,1310.5,RHS,Rural,Kavali,Overturning,,Container,Non injury,Over speed,Four lanes or more with central divider,Straight road,,Fine,Container vhehicle  (NL01AA          6420),P.V,Animals affected,0
24.12.2018,01:32PM,1211.4,RHS,Rural,Medarametla,Collision Brush/Side Wipe,,Car,Grievious injury,Over speed,Four lanes or more with central divider,Straight road,T-Junction,Fine,Car            (AP16DP 3929),A.M.B & P.V,Fatal,0
24.12.2018,01:32PM,1211.4,RHS,Rural,Medarametla,Collision Brush/Side Wipe,,Car,Grievious injury,Over speed,Four lanes or more with central divider,Straight road,T-Junction,Fine,Car            (AP16DP 3929),A.M.B & P.V,Grevious,1
24.12.2018,01:32PM,1211.4,RHS,Rural,Medarametla,Collision Brush/Side Wipe,,Car,Grievious injury,Over speed,Four lanes or more with central divider,Straight road,T-Junction,Fine,Car            (AP16DP 3929),A.M.B & P.V,Minor,0
24.12.2018,01:32PM,1211.4,RHS,Rural,Medarametla,Collision Brush/Side Wipe,,Car,Grievious injury,Over speed,Four lanes or more with central divider,Straight road,T-Junction,Fine,Car            (AP16DP 3929),A.M.B & P.V,Non injured,1
24.12.2018,01:32PM,1211.4,RHS,Rural,Medarametla,Collision Brush/Side Wipe,,Car,Grievious injury,Over speed,Four lanes or more with central divider,Straight road,T-Junction,Fine,Car            (AP16DP 3929),A.M.B & P.V,Animals affected,0
24.12.2018,06:45PM,1242,RHS,Rural,Ongole,Head on collision,,Bike,Minor injury,Fault of driver of motor vehicle/driver of other vehicle/cyclist/pedestrian/passenger,Four lanes or more with central divider,Straight road,,Fine,TVS XL             (AP27AG 3276),A.M.B & P.V,Fatal,0
24.12.2018,06:45PM,1242,RHS,Rural,Ongole,Head on collision,,Bike,Minor injury,Fault of driver of motor vehicle/driver of other vehicle/cyclist/pedestrian/passenger,Four lanes or more with central divider,Straight road,,Fine,TVS XL             (AP27AG 3276),A.M.B & P.V,Grevious,0
24.12.2018,06:45PM,1242,RHS,Rural,Ongole,Head on collision,,Bike,Minor injury,Fault of driver of motor vehicle/driver of other vehicle/cyclist/pedestrian/passenger,Four lanes or more with central divider,Straight road,,Fine,TVS XL             (AP27AG 3276),A.M.B & P.V,Minor,1
24.12.2018,06:45PM,1242,RHS,Rural,Ongole,Head on collision,,Bike,Minor injury,Fault of driver of motor vehicle/driver of other vehicle/cyclist/pedestrian/passenger,Four lanes or more with central divider,Straight road,,Fine,TVS XL             (AP27AG 3276),A.M.B & P.V,Non injured,1
24.12.2018,06:45PM,1242,RHS,Rural,Ongole,Head on collision,,Bike,Minor injury,Fault of driver of motor vehicle/driver of other vehicle/cyclist/pedestrian/passenger,Four lanes or more with central divider,Straight road,,Fine,TVS XL             (AP27AG 3276),A.M.B & P.V,Animals affected,0
24.12.2018,07:10PM,1365.8,RHS,Rural,kodavaluru,Collision Brush/Side Wipe,,Unknown vehicle,Fatal,Over speed,Two lanes,Straight road,,Fine,Unknown Vehicle,P.V,Fatal,2
24.12.2018,07:10PM,1365.8,RHS,Rural,kodavaluru,Collision Brush/Side Wipe,,Unknown vehicle,Fatal,Over speed,Two lanes,Straight road,,Fine,Unknown Vehicle,P.V,Grevious,0
24.12.2018,07:10PM,1365.8,RHS,Rural,kodavaluru,Collision Brush/Side Wipe,,Unknown vehicle,Fatal,Over speed,Two lanes,Straight road,,Fine,Unknown Vehicle,P.V,Minor,0
24.12.2018,07:10PM,1365.8,RHS,Rural,kodavaluru,Collision Brush/Side Wipe,,Unknown vehicle,Fatal,Over speed,Two lanes,Straight road,,Fine,Unknown Vehicle,P.V,Non injured,1