Operational date,Time of Accident,KM && M,Position,Rural/Urban,Location,Nature of Accident Position,Nature of Accident,Vehicle Involved,Type of Accident,Causes,Road Feature,Road condition,Intersection Type And Control,Weather Condition,Vehicle Responsible,Help Provided by Ambulance/Patroling Vehicle,Classification of Accident,No of Affected Persons
24.12.2018,07:10PM,1365.8,RHS,Rural,kodavaluru,Collision Brush/Side Wipe,,Unknown vehicle,Fatal,Over speed,Two lanes,Straight road,,Fine,Unknown Vehicle,P.V,Animals affected,0
24.12.2018,11:10PM,1310.7,RHS,Rural,Kavali,Collision Brush/Side Wipe,,Container,Minor injury,Fault of driver of motor vehicle/driver of other vehicle/cyclist/pedestrian/passenger,Four lanes or more with central divider,Straight road,,Fine,Container vhehicle  (AP27VB  0786),A.M.B & P.V,Fatal,0
24.12.2018,11:10PM,1310.7,RHS,Rural,Kavali,Collision Brush/Side Wipe,,Container,Minor injury,Fault of driver of motor vehicle/driver of other vehicle/cyclist/pedestrian/passenger,Four lanes or more with central divider,Straight road,,Fine,Container vhehicle  (AP27VB  0786),A.M.B & P.V,Grevious,0
24.12.2018,11:10PM,1310.7,RHS,Rural,Kavali,Collision Brush/Side Wipe,,Container,Minor injury,Fault of driver of motor vehicle/driver of other vehicle/cyclist/pedestrian/passenger,Four lanes or more with central divider,Straight road,,Fine,Container vhehicle  (AP27VB  0786),A.M.B & P.V,Minor,1
24.12.2018,11:10PM,1310.7,RHS,Rural,Kavali,Collision Brush/Side Wipe,,Container,Minor injury,Fault of driver of motor vehicle/driver of other vehicle/cyclist/pedestrian/passenger,Four lanes or more with central divider,Straight road,,Fine,Container vhehicle  (AP27VB  0786),A.M.B & P.V,Non injured,2
24.12.2018,11:10PM,1310.7,RHS,Rural,Kavali,Collision Brush/Side Wipe,,Container,Minor injury,Fault of driver of motor vehicle/driver of other vehicle/cyclist/pedestrian/passenger,Four lanes or more with central divider,Straight road,,Fine,Container vhehicle  (AP27VB  0786),A.M.B & P.V,Animals affected,0
25.12.2018,03:30AM,1238.2,RHS,Rural,Ongole,Collision Brush/Side Wipe,,Bus,Non injury,Over speed,Four lanes or more with central divider,Straight road,,Mist/Fog,private travels bus (PY05 6611),P.V,Fatal,0
25.12.2018,03:30AM,1238.2,RHS,Rural,Ongole,Collision Brush/Side Wipe,,Bus,Non injury,Over speed,Four lanes or more with central divider,Straight road,,Mist/Fog,private travels bus (PY05 6611),P.V,Grevious,0
25.12.2018,03:30AM,1238.2,RHS,Rural,Ongole,Collision Brush/Side Wipe,,Bus,Non injury,Over speed,Four lanes or more with central divider,Straight road,,Mist/Fog,private travels bus (PY05 6611),P.V,Minor,0
25.12.2018,03:30AM,1238.2,RHS,Rural,Ongole,Collision Brush/Side Wipe,,Bus,Non injury,Over speed,Four lanes or more with central divider,Straight road,,Mist/Fog,private travels bus (PY05 6611),P.V,Non injured,33
25.12.2018,03:30AM,1238.2,RHS,Rural,Ongole,Collision Brush/Side Wipe,,Bus,Non injury,Over speed,Four lanes or more with central divider,Straight road,,Mist/Fog,private travels bus (PY05 6611),P.V,Animals affected,0
26.12.2018,04:30AM,1239.6,RHS,Rural,Ongole,Overturning,,Mini Lorry,Non injury,Over speed,Two lanes,Straight road,,Mist/Fog,Mini Lorry AP04X 8276,P.V,Fatal,0
26.12.2018,04:30AM,1239.6,RHS,Rural,Ongole,Overturning,,Mini Lorry,Non injury,Over speed,Two lanes,Straight road,,Mist/Fog,Mini Lorry AP04X 8276,P.V,Grevious,0
26.12.2018,04:30AM,1239.6,RHS,Rural,Ongole,Overturning,,Mini Lorry,Non injury,Over speed,Two lanes,Straight road,,Mist/Fog,Mini Lorry AP04X 8276,P.V,Minor,0
26.12.2018,04:30AM,1239.6,RHS,Rural,Ongole,Overturning,,Mini Lorry,Non injury,Over speed,Two lanes,Straight road,,Mist/Fog,Mini Lorry AP04X 8276,P.V,Non injured,1
26.12.2018,04:30AM,1239.6,RHS,Rural,Ongole,Overturning,,Mini Lorry,Non injury,Over speed,Two lanes,Straight road,,Mist/Fog,Mini Lorry AP04X 8276,P.V,Animals affected,0
26.12.2018,06:28AM,1343.6,RHS,Rural,Dagadarthi,Overturning,,Car,Non injury,Fault of driver of motor vehicle/driver of other vehicle/cyclist/pedestrian/passenger,Two lanes,Straight road,,Mist/Fog, Car                    AP26TV         2220,P.V,Fatal,0
26.12.2018,06:28AM,1343.6,RHS,Rural,Dagadarthi,Overturning,,Car,Non injury,Fault of driver of motor vehicle/driver of other vehicle/cyclist/pedestrian/passenger,Two lanes,Straight road,,Mist/Fog, Car                    AP26TV         2220,P.V,Grevious,0
26.12.2018,06:28AM,1343.6,RHS,Rural,Dagadarthi,Overturning,,Car,Non injury,Fault of driver of motor vehicle/driver of other vehicle/cyclist/pedestrian/passenger,Two lanes,Straight road,,Mist/Fog, Car                    AP26TV         2220,P.V,Minor,0
26.12.2018,06:28AM,1343.6,RHS,Rural,Dagadarthi,Overturning,,Car,Non injury,Fault of driver of motor vehicle/driver of other vehicle/cyclist/pedestrian/passenger,Two lanes,Straight road,,Mist/Fog, Car                    AP26TV         2220,P.V,Non injured,3
26.12.2018,06:28AM,1343.6,RHS,Rural,Dagadarthi,Overturning,,Car,Non injury,Fault of driver of motor vehicle/driver of other vehicle/cyclist/pedestrian/passenger,Two lanes,Straight road,,Mist/Fog, Car                    AP26TV         2220,P.V,Animals affected,0
27.12.2018,10:05AM,1209.8,RHS,Rural,Reningavaram,Collision Brush/Side Wipe,,Car,Minor injury,Over speed,Four lanes or more with central divider,Straight road,,Fine,Car            (AP37AY 8618),A.M.B & P.V,Fatal,0
27.12.2018,10:05AM,1209.8,RHS,Rural,Reningavaram,Collision Brush/Side Wipe,,Car,Minor injury,Over speed,Four lanes or more with central divider,Straight road,,Fine,Car            (AP37AY 8618),A.M.B & P.V,Grevious,0
27.12.2018,10:05AM,1209.8,RHS,Rural,Reningavaram,Collision Brush/Side Wipe,,Car,Minor injury,Over speed,Four lanes or more with central divider,Straight road,,Fine,Car            (AP37AY 8618),A.M.B & P.V,Minor,1
27.12.2018,10:05AM,1209.8,RHS,Rural,Reningavaram,Collision Brush/Side Wipe,,Car,Minor injury,Over speed,Four lanes or more with central divider,Straight road,,Fine,Car            (AP37AY 8618),A.M.B & P.V,Non injured,2
27.12.2018,10:05AM,1209.8,RHS,Rural,Reningavaram,Collision Brush/Side Wipe,,Car,Minor injury,Over speed,Four lanes or more with central divider,Straight road,,Fine,Car            (AP37AY 8618),A.M.B & P.V,Animals affected,0
28.12.2018,04:00AM,1259.9,RHS,Rural,Tangutur,Collision Brush/Side Wipe,,Truck,Non injury,Over speed,Four lanes or more with central divider,Straight road,,Fine,Lorry         (TN25W3434),P.V,Fatal,0
28.12.2018,04:00AM,1259.9,RHS,Rural,Tangutur,Collision Brush/Side Wipe,,Truck,Non injury,Over speed,Four lanes or more with central divider,Straight road,,Fine,Lorry         (TN25W3434),P.V,Grevious,0
28.12.2018,04:00AM,1259.9,RHS,Rural,Tangutur,Collision Brush/Side Wipe,,Truck,Non injury,Over speed,Four lanes or more with central divider,Straight road,,Fine,Lorry         (TN25W3434),P.V,Minor,0
28.12.2018,04:00AM,1259.9,RHS,Rural,Tangutur,Collision Brush/Side Wipe,,Truck,Non injury,Over speed,Four lanes or more with central divider,Straight road,,Fine,Lorry         (TN25W3434),P.V,Non injured,2
28.12.2018,04:00AM,1259.9,RHS,Rural,Tangutur,Collision Brush/Side Wipe,,Truck,Non injury,Over speed,Four lanes or more with central divider,Straight road,,Fine,Lorry         (TN25W3434),P.V,Animals affected,0
28.12.2018,06:00AM,1259.5,RHS,Rural,Tangutur,Collision Brush/Side Wipe,,Unknown vehicle,Fatal,Over speed,Four lanes or more with central divider,Straight road,,Fine,Unknown Vehicle,P.V & A.M.B,Fatal,1
28.12.2018,06:00AM,1259.5,RHS,Rural,Tangutur,Collision Brush/Side Wipe,,Unknown vehicle,Fatal,Over speed,Four lanes or more with central divider,Straight road,,Fine,Unknown Vehicle,P.V & A.M.B,Grevious,0
28.12.2018,06:00AM,1259.5,RHS,Rural,Tangutur,Collision Brush/Side Wipe,,Unknown vehicle,Fatal,Over speed,Four lanes or more with central divider,Straight road,,Fine,Unknown Vehicle,P.V & A.M.B,Minor,0
28.12.2018,06:00AM,1259.5,RHS,Rural,Tangutur,Collision Brush/Side Wipe,,Unknown vehicle,Fatal,Over speed,Four lanes or more with central divider,Straight road,,Fine,Unknown Vehicle,P.V & A.M.B,Non injured,1
28.12.2018,06:00AM,1259.5,RHS,Rural,Tangutur,Collision Brush/Side Wipe,,Unknown vehicle,Fatal,Over speed,Four lanes or more with central divider,Straight road,,Fine,Unknown Vehicle,P.V & A.M.B,Animals affected,0
29.12.2018,05:30AM,1366.3,RHS,Rural,Kovuru,Collision Brush/Side Wipe,,Car,Non injury,Over speed,Four lanes or more with central divider,Straight road,,Fine,Car         (TS08EG 8874),P.V,Fatal,0
29.12.2018,05:30AM,1366.3,RHS,Rural,Kovuru,Collision Brush/Side Wipe,,Car,Non injury,Over speed,Four lanes or more with central divider,Straight road,,Fine,Car         (TS08EG 8874),P.V,Grevious,0
29.12.2018,05:30AM,1366.3,RHS,Rural,Kovuru,Collision Brush/Side Wipe,,Car,Non injury,Over speed,Four lanes or more with central divider,Straight road,,Fine,Car         (TS08EG 8874),P.V,Minor,0
29.12.2018,05:30AM,1366.3,RHS,Rural,Kovuru,Collision Brush/Side Wipe,,Car,Non injury,Over speed,Four lanes or more with central divider,Straight road,,Fine,Car         (TS08EG 8874),P.V,Non injured,2
29.12.2018,05:30AM,1366.3,RHS,Rural,Kovuru,Collision Brush/Side Wipe,,Car,Non injury,Over speed,Four lanes or more with central divider,Straight road,,Fine,Car         (TS08EG 8874),P.V,Animals affected,0
29.12.2018,09:30AM,1199.5,RHS,Rural,Martur,Collision Brush/Side Wipe,,Bike,Grievious injury,Fault of driver of motor vehicle/driver of other vehicle/cyclist/pedestrian/passenger,Four lanes or more with central divider,Straight road,,Fine,Bike  (AP27E 5593),A.M.B & P.V,Fatal,0
29.12.2018,09:30AM,1199.5,RHS,Rural,Martur,Collision Brush/Side Wipe,,Bike,Grievious injury,Fault of driver of motor vehicle/driver of other vehicle/cyclist/pedestrian/passenger,Four lanes or more with central divider,Straight road,,Fine,Bike  (AP27E 5593),A.M.B & P.V,Grevious,1
29.12.2018,09:30AM,1199.5,RHS,Rural,Martur,Collision Brush/Side Wipe,,Bike,Grievious injury,Fault of driver of motor vehicle/driver of other vehicle/cyclist/pedestrian/passenger,Four lanes or more with central divider,Straight road,,Fine,Bike  (AP27E 5593),A.M.B & P.V,Minor,1
29.12.2018,09:30AM,1199.5,RHS,Rural,Martur,Collision Brush/Side Wipe,,Bike,Grievious injury,Fault of driver of motor vehicle/driver of other vehicle/cyclist/pedestrian/passenger,Four lanes or more with central divider,Straight road,,Fine,Bike  (AP27E 5593),A.M.B & P.V,Non injured,2
29.12.2018,09:30AM,1199.5,RHS,Rural,Martur,Collision Brush/Side Wipe,,Bike,Grievious injury,Fault of driver of motor vehicle/driver of other vehicle/cyclist/pedestrian/passenger,Four lanes or more with central divider,Straight road,,Fine,Bike  (AP27E 5593),A.M.B & P.V,Animals affected,0
29.12.2018,02:20PM,1356.5,RHS,Rural,kodavaluru,Collision Brush/Side Wipe,,Car,Grievious injury,Over speed,Four lanes or more with central divider,Straight road,,Fine,Car         (KA02Z1945),P.V,Fatal,0
29.12.2018,02:20PM,1356.5,RHS,Rural,kodavaluru,Collision Brush/Side Wipe,,Car,Grievious injury,Over speed,Four lanes or more with central divider,Straight road,,Fine,Car         (KA02Z1945),P.V,Grevious,2
29.12.2018,02:20PM,1356.5,RHS,Rural,kodavaluru,Collision Brush/Side Wipe,,Car,Grievious injury,Over speed,Four lanes or more with central divider,Straight road,,Fine,Car         (KA02Z1945),P.V,Minor,1
29.12.2018,02:20PM,1356.5,RHS,Rural,kodavaluru,Collision Brush/Side Wipe,,Car,Grievious injury,Over speed,Four lanes or more with central divider,Straight road,,Fine,Car         (KA02Z1945),P.V,Non injured,1
29.12.2018,02:20PM,1356.5,RHS,Rural,kodavaluru,Collision Brush/Side Wipe,,Car,Grievious injury,Over speed,Four lanes or more with central divider,Straight road,,Fine,Car         (KA02Z1945),P.V,Animals affected,0
30.12.2018,04:47PM,1224,RHS,Rural,Maddipadu,Collision Brush/Side Wipe,,Bus,Grievious injury,Fault of driver of motor vehicle/driver of other vehicle/cyclist/pedestrian/passenger,Four lanes or more with central divider,Straight road,Four arm junction,Fine,Travels Bus (TN70K     9099),P.V,Fatal,0
30.12.2018,04:47PM,1224,RHS,Rural,Maddipadu,Collision Brush/Side Wipe,,Bus,Grievious injury,Fault of driver of motor vehicle/driver of other vehicle/cyclist/pedestrian/passenger,Four lanes or more with central divider,Straight road,Four arm junction,Fine,Travels Bus (TN70K     9099),P.V,Grevious,1
30.12.2018,04:47PM,1224,RHS,Rural,Maddipadu,Collision Brush/Side Wipe,,Bus,Grievious injury,Fault of driver of motor vehicle/driver of other vehicle/cyclist/pedestrian/passenger,Four lanes or more with central divider,Straight road,Four arm junction,Fine,Travels Bus (TN70K     9099),P.V,Minor,0
30.12.2018,04:47PM,1224,RHS,Rural,Maddipadu,Collision Brush/Side Wipe,,Bus,Grievious injury,Fault of driver of motor vehicle/driver of other vehicle/cyclist/pedestrian/passenger,Four lanes or more with central divider,Straight road,Four arm junction,Fine,Travels Bus (TN70K     9099),P.V,Non injured,50
30.12.2018,04:47PM,1224,RHS,Rural,Maddipadu,Collision Brush/Side Wipe,,Bus,Grievious injury,Fault of driver of motor vehicle/driver of other vehicle/cyclist/pedestrian/passenger,Four lanes or more with central divider,Straight road,Four arm junction,Fine,Travels Bus (TN70K     9099),P.V,Animals affected,0
31.12.2018,04:10AM,1299.3,RHS,Rural,Gudluru,Collision Brush/Side Wipe,,Car,Grievious injury,Fault of driver of motor vehicle/driver of other vehicle/cyclist/pedestrian/passenger,Four lanes or more with central divider,Straight road,,Fine,Bolero Maxi picku up vehicle (AP05TD5777),P.V,Fatal,0
31.12.2018,04:10AM,1299.3,RHS,Rural,Gudluru,Collision Brush/Side Wipe,,Car,Grievious injury,Fault of driver of motor vehicle/driver of other vehicle/cyclist/pedestrian/passenger,Four lanes or more with central divider,Straight road,,Fine,Bolero Maxi picku up vehicle (AP05TD5777),P.V,Grevious,1
31.12.2018,04:10AM,1299.3,RHS,Rural,Gudluru,Collision Brush/Side Wipe,,Car,Grievious injury,Fault of driver of motor vehicle/driver of other vehicle/cyclist/pedestrian/passenger,Four lanes or more with central divider,Straight road,,Fine,Bolero Maxi picku up vehicle (AP05TD5777),P.V,Minor,0
31.12.2018,04:10AM,1299.3,RHS,Rural,Gudluru,Collision Brush/Side Wipe,,Car,Grievious injury,Fault of driver of motor vehicle/driver of other vehicle/cyclist/pedestrian/passenger,Four lanes or more with central divider,Straight road,,Fine,Bolero Maxi picku up vehicle (AP05TD5777),P.V,Non injured,0
31.12.2018,04:10AM,1299.3,RHS,Rural,Gudluru,Collision Brush/Side Wipe,,Car,Grievious injury,Fault of driver of motor vehicle/driver of other vehicle/cyclist/pedestrian/passenger,Four lanes or more with central divider,Straight road,,Fine,Bolero Maxi picku up vehicle (AP05TD5777),P.V,Animals affected,0
31.12.2018,02:30PM,1339,RHS,Rural,Dagadarthi,Collision Brush/Side Wipe,,Car,Non injury,Over speed,Four lanes or more with central divider,Straight road,,Fine,Car (AP16BW5678),P.V,Fatal,0
31.12.2018,02:30PM,1339,RHS,Rural,Dagadarthi,Collision Brush/Side Wipe,,Car,Non injury,Over speed,Four lanes or more with central divider,Straight road,,Fine,Car (AP16BW5678),P.V,Grevious,0
31.12.2018,02:30PM,1339,RHS,Rural,Dagadarthi,Collision Brush/Side Wipe,,Car,Non injury,Over speed,Four lanes or more with central divider,Straight road,,Fine,Car (AP16BW5678),P.V,Minor,0
31.12.2018,02:30PM,1339,RHS,Rural,Dagadarthi,Collision Brush/Side Wipe,,Car,Non injury,Over speed,Four lanes or more with central divider,Straight road,,Fine,Car (AP16BW5678),P.V,Non injured,4
31.12.2018,02:30PM,1339,RHS,Rural,Dagadarthi,Collision Brush/Side Wipe,,Car,Non injury,Over speed,Four lanes or more with central divider,Straight road,,Fine,Car (AP16BW5678),P.V,Animals affected,0
31.12.2018,03:36PM,1211.4,RHS,Rural,Medarametla,Collision Brush/Side Wipe,,Car,Fatal,Over speed,Four lanes or more with central divider,Straight road,T-Junction,Fine,Car (KA41TR831),  A.M.B & P.V,Fatal,1
31.12.2018,03:36PM,1211.4,RHS,Rural,Medarametla,Collision Brush/Side Wipe,,Car,Fatal,Over speed,Four lanes or more with central divider,Straight road,T-Junction,Fine,Car (KA41TR831),  A.M.B & P.V,Grevious,0
31.12.2018,03:36PM,1211.4,RHS,Rural,Medarametla,Collision Brush/Side Wipe,,Car,Fatal,Over speed,Four lanes or more with central divider,Straight road,T-Junction,Fine,Car (KA41TR831),  A.M.B & P.V,Minor,0
31.12.2018,03:36PM,1211.4,RHS,Rural,Medarametla,Collision Brush/Side Wipe,,Car,Fatal,Over speed,Four lanes or more with central divider,Straight road,T-Junction,Fine,Car (KA41TR831),  A.M.B & P.V,Non injured,1
31.12.2018,03:36PM,1211.4,RHS,Rural,Medarametla,Collision Brush/Side Wipe,,Car,Fatal,Over speed,Four lanes or more with central divider,Straight road,T-Junction,Fine,Car (KA41TR831),  A.M.B & P.V,Animals affected,0
31.12.2018,04:30PM,1266.7,RHS,Rural,Jarugumalli,Collision Brush/Side Wipe,,Trailler,Non injury,Vehicle out of control,Four lanes or more with central divider,Straight road,,Fine,Trailer (AP27TX0558),P.V,Fatal,0
31.12.2018,04:30PM,1266.7,RHS,Rural,Jarugumalli,Collision Brush/Side Wipe,,Trailler,Non injury,Vehicle out of control,Four lanes or more with central divider,Straight road,,Fine,Trailer (AP27TX0558),P.V,Grevious,0
31.12.2018,04:30PM,1266.7,RHS,Rural,Jarugumalli,Collision Brush/Side Wipe,,Trailler,Non injury,Vehicle out of control,Four lanes or more with central divider,Straight road,,Fine,Trailer (AP27TX0558),P.V,Minor,0
31.12.2018,04:30PM,1266.7,RHS,Rural,Jarugumalli,Collision Brush/Side Wipe,,Trailler,Non injury,Vehicle out of control,Four lanes or more with central divider,Straight road,,Fine,Trailer (AP27TX0558),P.V,Non injured,2
31.12.2018,04:30PM,1266.7,RHS,Rural,Jarugumalli,Collision Brush/Side Wipe,,Trailler,Non injury,Vehicle out of control,Four lanes or more with central divider,Straight road,,Fine,Trailer (AP27TX0558),P.V,Animals affected,0
01.01.2019,03:10AM,1326,RHS,Rural,Kavali,Collision Brush/Side Wipe,,Bike,Grievious injury,Druken,Four lanes or more with central divider,Straight road,,Fine,Bike (AP26BZ1006),A.M.B,Fatal,0
01.01.2019,03:10AM,1326,RHS,Rural,Kavali,Collision Brush/Side Wipe,,Bike,Grievious injury,Druken,Four lanes or more with central divider,Straight road,,Fine,Bike (AP26BZ1006),A.M.B,Grevious,2
01.01.2019,03:10AM,1326,RHS,Rural,Kavali,Collision Brush/Side Wipe,,Bike,Grievious injury,Druken,Four lanes or more with central divider,Straight road,,Fine,Bike (AP26BZ1006),A.M.B,Minor,1
01.01.2019,03:10AM,1326,RHS,Rural,Kavali,Collision Brush/Side Wipe,,Bike,Grievious injury,Druken,Four lanes or more with central divider,Straight road,,Fine,Bike (AP26BZ1006),A.M.B,Non injured,0
01.01.2019,03:10AM,1326,RHS,Rural,Kavali,Collision Brush/Side Wipe,,Bike,Grievious injury,Druken,Four lanes or more with central divider,Straight road,,Fine,Bike (AP26BZ1006),A.M.B,Animals affected,0
01.01.2019,09:50AM,1324.3,RHS,Rural,Kavali,Head on collision,,Bike,Minor injury,Fault of driver of motor vehicle/driver of other vehicle/cyclist/pedestrian/passenger,Four lanes or more with central divider,Straight road,,Fine,Bike           (AP27H 7858),  A.M.B & P.V,Fatal,0
01.01.2019,09:50AM,1324.3,RHS,Rural,Kavali,Head on collision,,Bike,Minor injury,Fault of driver of motor vehicle/driver of other vehicle/cyclist/pedestrian/passenger,Four lanes or more with central divider,Straight road,,Fine,Bike           (AP27H 7858),  A.M.B & P.V,Grevious,0
01.01.2019,09:50AM,1324.3,RHS,Rural,Kavali,Head on collision,,Bike,Minor injury,Fault of driver of motor vehicle/driver of other vehicle/cyclist/pedestrian/passenger,Four lanes or more with central divider,Straight road,,Fine,Bike           (AP27H 7858),  A.M.B & P.V,Minor,1
01.01.2019,09:50AM,1324.3,RHS,Rural,Kavali,Head on collision,,Bike,Minor injury,Fault of driver of motor vehicle/driver of other vehicle/cyclist/pedestrian/passenger,Four lanes or more with central divider,Straight road,,Fine,Bike           (AP27H 7858),  A.M.B & P.V,Non injured,4
01.01.2019,09:50AM,1324.3,RHS,Rural,Kavali,Head on collision,,Bike,Minor injury,Fault of driver of motor vehicle/driver of other vehicle/cyclist/pedestrian/passenger,Four lanes or more with central divider,Straight road,,Fine,Bike           (AP27H 7858),  A.M.B & P.V,Animals affected,0
01.01.2019,11:14AM,1192.8,RHS,Rural,Martur,Collision Brush/Side Wipe,,Bike,Grievious injury,Fault of driver of motor vehicle/driver of other vehicle/cyclist/pedestrian/passenger,Four lanes or more with central divider,Straight road,,Fine,Bike (AP07DF2250),A.M.B,Fatal,0
01.01.2019,11:14AM,1192.8,RHS,Rural,Martur,Collision Brush/Side Wipe,,Bike,Grievious injury,Fault of driver of motor vehicle/driver of other vehicle/cyclist/pedestrian/passenger,Four lanes or more with central divider,Straight road,,Fine,Bike (AP07DF2250),A.M.B,Grevious,1
01.01.2019,11:14AM,1192.8,RHS,Rural,Martur,Collision Brush/Side Wipe,,Bike,Grievious injury,Fault of driver of motor vehicle/driver of other vehicle/cyclist/pedestrian/passenger,Four lanes or more with central divider,Straight road,,Fine,Bike (AP07DF2250),A.M.B,Minor,0
01.01.2019,11:14AM,1192.8,RHS,Rural,Martur,Collision Brush/Side Wipe,,Bike,Grievious injury,Fault of driver of motor vehicle/driver of other vehicle/cyclist/pedestrian/passenger,Four lanes or more with central divider,Straight road,,Fine,Bike (AP07DF2250),A.M.B,Non injured,1
01.01.2019,11:14AM,1192.8,RHS,Rural,Martur,Collision Brush/Side Wipe,,Bike,Grievious injury,Fault of driver of motor vehicle/driver of other vehicle/cyclist/pedestrian/passenger,Four lanes or more with central divider,Straight road,,Fine,Bike (AP07DF2250),A.M.B,Animals affected,0
01.01.2019,01:10PM,1338.2,RHS,Rural,Dagadarthi,Others(p1.Specific),,Bike,Grievious injury,Vehicle out of control,Four lanes or more with central divider,Straight road,,Fine,F/R Bike,P.V,Fatal,0
01.01.2019,01:10PM,1338.2,RHS,Rural,Dagadarthi,Others(p1.Specific),,Bike,Grievious injury,Vehicle out of control,Four lanes or more with central divider,Straight road,,Fine,F/R Bike,P.V,Grevious,1
01.01.2019,01:10PM,1338.2,RHS,Rural,Dagadarthi,Others(p1.Specific),,Bike,Grievious injury,Vehicle out of control,Four lanes or more with central divider,Straight road,,Fine,F/R Bike,P.V,Minor,1
01.01.2019,01:10PM,1338.2,RHS,Rural,Dagadarthi,Others(p1.Specific),,Bike,Grievious injury,Vehicle out of control,Four lanes or more with central divider,Straight road,,Fine,F/R Bike,P.V,Non injured,0
01.01.2019,01:10PM,1338.2,RHS,Rural,Dagadarthi,Others(p1.Specific),,Bike,Grievious injury,Vehicle out of control,Four lanes or more with central divider,Straight road,,Fine,F/R Bike,P.V,Animals affected,0
03.01.2019,04:20AM,1293.4,RHS,Rural,Ulavapadu,Rear End Collision,,Truck,Minor injury,Fault of driver of motor vehicle/driver of other vehicle/cyclist/pedestrian/passenger,Four lanes or more with central divider,Straight road,,Fine,Eicher (MH40BG 5191),P.V,Fatal,0
03.01.2019,04:20AM,1293.4,RHS,Rural,Ulavapadu,Rear End Collision,,Truck,Minor injury,Fault of driver of motor vehicle/driver of other vehicle/cyclist/pedestrian/passenger,Four lanes or more with central divider,Straight road,,Fine,Eicher (MH40BG 5191),P.V,Grevious,0
03.01.2019,04:20AM,1293.4,RHS,Rural,Ulavapadu,Rear End Collision,,Truck,Minor injury,Fault of driver of motor vehicle/driver of other vehicle/cyclist/pedestrian/passenger,Four lanes or more with central divider,Straight road,,Fine,Eicher (MH40BG 5191),P.V,Minor,1
03.01.2019,04:20AM,1293.4,RHS,Rural,Ulavapadu,Rear End Collision,,Truck,Minor injury,Fault of driver of motor vehicle/driver of other vehicle/cyclist/pedestrian/passenger,Four lanes or more with central divider,Straight road,,Fine,Eicher (MH40BG 5191),P.V,Non injured,1
03.01.2019,04:20AM,1293.4,RHS,Rural,Ulavapadu,Rear End Collision,,Truck,Minor injury,Fault of driver of motor vehicle/driver of other vehicle/cyclist/pedestrian/passenger,Four lanes or more with central divider,Straight road,,Fine,Eicher (MH40BG 5191),P.V,Animals affected,0
03.01.2019,07:00AM,1301.9,RHS,Rural,Gudluru,Collision Brush/Side Wipe,,Car,Non injury,Defect in mechanical condition of motor vehicle/road condition,Four lanes or more with central divider,Straight road,,Fine,Car (AP05DA 8199),P.V,Fatal,0
03.01.2019,07:00AM,1301.9,RHS,Rural,Gudluru,Collision Brush/Side Wipe,,Car,Non injury,Defect in mechanical condition of motor vehicle/road condition,Four lanes or more with central divider,Straight road,,Fine,Car (AP05DA 8199),P.V,Grevious,0
03.01.2019,07:00AM,1301.9,RHS,Rural,Gudluru,Collision Brush/Side Wipe,,Car,Non injury,Defect in mechanical condition of motor vehicle/road condition,Four lanes or more with central divider,Straight road,,Fine,Car (AP05DA 8199),P.V,Minor,0
03.01.2019,07:00AM,1301.9,RHS,Rural,Gudluru,Collision Brush/Side Wipe,,Car,Non injury,Defect in mechanical condition of motor vehicle/road condition,Four lanes or more with central divider,Straight road,,Fine,Car (AP05DA 8199),P.V,Non injured,3
03.01.2019,07:00AM,1301.9,RHS,Rural,Gudluru,Collision Brush/Side Wipe,,Car,Non injury,Defect in mechanical condition of motor vehicle/road condition,Four lanes or more with central divider,Straight road,,Fine,Car (AP05DA 8199),P.V,Animals affected,0
03.01.2019,05:45PM,1210.2,RHS,Rural,Reningavaram,Skidding,,Bike,Minor injury,Druken,Four lanes or more with central divider,Straight road,,Fine,Bike (AP27AX 7847),P.V& A.M.B,Fatal,0
03.01.2019,05:45PM,1210.2,RHS,Rural,Reningavaram,Skidding,,Bike,Minor injury,Druken,Four lanes or more with central divider,Straight road,,Fine,Bike (AP27AX 7847),P.V& A.M.B,Grevious,0
03.01.2019,05:45PM,1210.2,RHS,Rural,Reningavaram,Skidding,,Bike,Minor injury,Druken,Four lanes or more with central divider,Straight road,,Fine,Bike (AP27AX 7847),P.V& A.M.B,Minor,1
03.01.2019,05:45PM,1210.2,RHS,Rural,Reningavaram,Skidding,,Bike,Minor injury,Druken,Four lanes or more with central divider,Straight road,,Fine,Bike (AP27AX 7847),P.V& A.M.B,Non injured,1
03.01.2019,05:45PM,1210.2,RHS,Rural,Reningavaram,Skidding,,Bike,Minor injury,Druken,Four lanes or more with central divider,Straight road,,Fine,Bike (AP27AX 7847),P.V& A.M.B,Animals affected,0
04.01.2019,02:45PM,1211.5,RHS,Rural,Medarametla,Collision Brush/Side Wipe,,Truck,Non injury,Over speed,Four lanes or more with central divider,Straight road,,Fine,Mini Truck    (AP27TY      5860),P.V,Fatal,0
04.01.2019,02:45PM,1211.5,RHS,Rural,Medarametla,Collision Brush/Side Wipe,,Truck,Non injury,Over speed,Four lanes or more with central divider,Straight road,,Fine,Mini Truck    (AP27TY      5860),P.V,Grevious,0
04.01.2019,02:45PM,1211.5,RHS,Rural,Medarametla,Collision Brush/Side Wipe,,Truck,Non injury,Over speed,Four lanes or more with central divider,Straight road,,Fine,Mini Truck    (AP27TY      5860),P.V,Minor,0