Operational date,Time of Accident,KM && M,Position,Rural/Urban,Location,Nature of Accident Position,Nature of Accident,Vehicle Involved,Type of Accident,Causes,Road Feature,Road condition,Intersection Type And Control,Weather Condition,Vehicle Responsible,Help Provided by Ambulance/Patroling Vehicle,Classification of Accident,No of Affected Persons
04.01.2019,02:45PM,1211.5,RHS,Rural,Medarametla,Collision Brush/Side Wipe,,Truck,Non injury,Over speed,Four lanes or more with central divider,Straight road,,Fine,Mini Truck    (AP27TY      5860),P.V,Non injured,1
04.01.2019,02:45PM,1211.5,RHS,Rural,Medarametla,Collision Brush/Side Wipe,,Truck,Non injury,Over speed,Four lanes or more with central divider,Straight road,,Fine,Mini Truck    (AP27TY      5860),P.V,Animals affected,0
05.01.2019,06:50AM,1197.7,RHS,Rural,Martur,Collision Brush/Side Wipe,,Truck,Non injury,Fault of driver of motor vehicle/driver of other vehicle/cyclist/pedestrian/passenger,Four lanes or more with central divider,Straight road,,Mist/Fog,Lorry     (TN33AD        8218),P.V,Fatal,0
05.01.2019,06:50AM,1197.7,RHS,Rural,Martur,Collision Brush/Side Wipe,,Truck,Non injury,Fault of driver of motor vehicle/driver of other vehicle/cyclist/pedestrian/passenger,Four lanes or more with central divider,Straight road,,Mist/Fog,Lorry     (TN33AD        8218),P.V,Grevious,0
05.01.2019,06:50AM,1197.7,RHS,Rural,Martur,Collision Brush/Side Wipe,,Truck,Non injury,Fault of driver of motor vehicle/driver of other vehicle/cyclist/pedestrian/passenger,Four lanes or more with central divider,Straight road,,Mist/Fog,Lorry     (TN33AD        8218),P.V,Minor,0
05.01.2019,06:50AM,1197.7,RHS,Rural,Martur,Collision Brush/Side Wipe,,Truck,Non injury,Fault of driver of motor vehicle/driver of other vehicle/cyclist/pedestrian/passenger,Four lanes or more with central divider,Straight road,,Mist/Fog,Lorry     (TN33AD        8218),P.V,Non injured,1
05.01.2019,06:50AM,1197.7,RHS,Rural,Martur,Collision Brush/Side Wipe,,Truck,Non injury,Fault of driver of motor vehicle/driver of other vehicle/cyclist/pedestrian/passenger,Four lanes or more with central divider,Straight road,,Mist/Fog,Lorry     (TN33AD        8218),P.V,Animals affected,0
07.01.2019,12:00PM,1198.9,RHS,Rural,Martur,Collision Brush/Side Wipe,,Bike,Fatal,Vehicle out of control,Four lanes or more with central divider,Straight road,,Fine,Bike          (AP27Q 3704), A.M.B & P.V,Fatal,1
07.01.2019,12:00PM,1198.9,RHS,Rural,Martur,Collision Brush/Side Wipe,,Bike,Fatal,Vehicle out of control,Four lanes or more with central divider,Straight road,,Fine,Bike          (AP27Q 3704), A.M.B & P.V,Grevious,2
07.01.2019,12:00PM,1198.9,RHS,Rural,Martur,Collision Brush/Side Wipe,,Bike,Fatal,Vehicle out of control,Four lanes or more with central divider,Straight road,,Fine,Bike          (AP27Q 3704), A.M.B & P.V,Minor,0
07.01.2019,12:00PM,1198.9,RHS,Rural,Martur,Collision Brush/Side Wipe,,Bike,Fatal,Vehicle out of control,Four lanes or more with central divider,Straight road,,Fine,Bike          (AP27Q 3704), A.M.B & P.V,Non injured,0
07.01.2019,12:00PM,1198.9,RHS,Rural,Martur,Collision Brush/Side Wipe,,Bike,Fatal,Vehicle out of control,Four lanes or more with central divider,Straight road,,Fine,Bike          (AP27Q 3704), A.M.B & P.V,Animals affected,0
07.01.2019,10:20PM,1187.2,RHS,Rural,Martur,Collision Brush/Side Wipe,,Bike,Grievious injury,Defect in mechanical condition of motor vehicle/road condition,Four lanes or more with central divider,Straight road,,Fine,Bike       (AP27AP7229),P.V,Fatal,0
07.01.2019,10:20PM,1187.2,RHS,Rural,Martur,Collision Brush/Side Wipe,,Bike,Grievious injury,Defect in mechanical condition of motor vehicle/road condition,Four lanes or more with central divider,Straight road,,Fine,Bike       (AP27AP7229),P.V,Grevious,1
07.01.2019,10:20PM,1187.2,RHS,Rural,Martur,Collision Brush/Side Wipe,,Bike,Grievious injury,Defect in mechanical condition of motor vehicle/road condition,Four lanes or more with central divider,Straight road,,Fine,Bike       (AP27AP7229),P.V,Minor,0
07.01.2019,10:20PM,1187.2,RHS,Rural,Martur,Collision Brush/Side Wipe,,Bike,Grievious injury,Defect in mechanical condition of motor vehicle/road condition,Four lanes or more with central divider,Straight road,,Fine,Bike       (AP27AP7229),P.V,Non injured,1
07.01.2019,10:20PM,1187.2,RHS,Rural,Martur,Collision Brush/Side Wipe,,Bike,Grievious injury,Defect in mechanical condition of motor vehicle/road condition,Four lanes or more with central divider,Straight road,,Fine,Bike       (AP27AP7229),P.V,Animals affected,0
08.01.2019,06:40AM,1188.2,RHS,Rural,Martur,Collision Brush/Side Wipe,,Bolero,Non injury,Fault of driver of motor vehicle/driver of other vehicle/cyclist/pedestrian/passenger,Four lanes or more with central divider,Straight road,,Mist/Fog,Bolero pickup (APG07TG3841),P.V,Fatal,0
08.01.2019,06:40AM,1188.2,RHS,Rural,Martur,Collision Brush/Side Wipe,,Bolero,Non injury,Fault of driver of motor vehicle/driver of other vehicle/cyclist/pedestrian/passenger,Four lanes or more with central divider,Straight road,,Mist/Fog,Bolero pickup (APG07TG3841),P.V,Grevious,0
08.01.2019,06:40AM,1188.2,RHS,Rural,Martur,Collision Brush/Side Wipe,,Bolero,Non injury,Fault of driver of motor vehicle/driver of other vehicle/cyclist/pedestrian/passenger,Four lanes or more with central divider,Straight road,,Mist/Fog,Bolero pickup (APG07TG3841),P.V,Minor,0
08.01.2019,06:40AM,1188.2,RHS,Rural,Martur,Collision Brush/Side Wipe,,Bolero,Non injury,Fault of driver of motor vehicle/driver of other vehicle/cyclist/pedestrian/passenger,Four lanes or more with central divider,Straight road,,Mist/Fog,Bolero pickup (APG07TG3841),P.V,Non injured,2
08.01.2019,06:40AM,1188.2,RHS,Rural,Martur,Collision Brush/Side Wipe,,Bolero,Non injury,Fault of driver of motor vehicle/driver of other vehicle/cyclist/pedestrian/passenger,Four lanes or more with central divider,Straight road,,Mist/Fog,Bolero pickup (APG07TG3841),P.V,Animals affected,0
08.01.2019,09:40AM,1332.4,RHS,Rural,Kavali,Overturning,,Trailler,Grievious injury,Fault of driver of motor vehicle/driver of other vehicle/cyclist/pedestrian/passenger,Four lanes or more with central divider,Straight road,Four arm junction,Fine,Long trailler (AP16TH 9779), A.M.B & P.V,Fatal,0
08.01.2019,09:40AM,1332.4,RHS,Rural,Kavali,Overturning,,Trailler,Grievious injury,Fault of driver of motor vehicle/driver of other vehicle/cyclist/pedestrian/passenger,Four lanes or more with central divider,Straight road,Four arm junction,Fine,Long trailler (AP16TH 9779), A.M.B & P.V,Grevious,19
08.01.2019,09:40AM,1332.4,RHS,Rural,Kavali,Overturning,,Trailler,Grievious injury,Fault of driver of motor vehicle/driver of other vehicle/cyclist/pedestrian/passenger,Four lanes or more with central divider,Straight road,Four arm junction,Fine,Long trailler (AP16TH 9779), A.M.B & P.V,Minor,2
08.01.2019,09:40AM,1332.4,RHS,Rural,Kavali,Overturning,,Trailler,Grievious injury,Fault of driver of motor vehicle/driver of other vehicle/cyclist/pedestrian/passenger,Four lanes or more with central divider,Straight road,Four arm junction,Fine,Long trailler (AP16TH 9779), A.M.B & P.V,Non injured,11
08.01.2019,09:40AM,1332.4,RHS,Rural,Kavali,Overturning,,Trailler,Grievious injury,Fault of driver of motor vehicle/driver of other vehicle/cyclist/pedestrian/passenger,Four lanes or more with central divider,Straight road,Four arm junction,Fine,Long trailler (AP16TH 9779), A.M.B & P.V,Animals affected,0
08.01.2019,07:35PM,1270.3,RHS,Rural,Jarugumalli,Collision Brush/Side Wipe,,Truck,Non injury,Over speed,Four lanes or more with central divider,Straight road,,Fine,Lorry      (AP07tf9161),P.V,Fatal,0
08.01.2019,07:35PM,1270.3,RHS,Rural,Jarugumalli,Collision Brush/Side Wipe,,Truck,Non injury,Over speed,Four lanes or more with central divider,Straight road,,Fine,Lorry      (AP07tf9161),P.V,Grevious,0
08.01.2019,07:35PM,1270.3,RHS,Rural,Jarugumalli,Collision Brush/Side Wipe,,Truck,Non injury,Over speed,Four lanes or more with central divider,Straight road,,Fine,Lorry      (AP07tf9161),P.V,Minor,0
08.01.2019,07:35PM,1270.3,RHS,Rural,Jarugumalli,Collision Brush/Side Wipe,,Truck,Non injury,Over speed,Four lanes or more with central divider,Straight road,,Fine,Lorry      (AP07tf9161),P.V,Non injured,2
08.01.2019,07:35PM,1270.3,RHS,Rural,Jarugumalli,Collision Brush/Side Wipe,,Truck,Non injury,Over speed,Four lanes or more with central divider,Straight road,,Fine,Lorry      (AP07tf9161),P.V,Animals affected,0
09.01.2019,07:00AM,1365.4,RHS,Rural,Kovuru,Overturning,,LGV,Non injury,Fault of driver of motor vehicle/driver of other vehicle/cyclist/pedestrian/passenger,Four lanes or more with central divider,Slight curve,,Fine,Mahendra dost (AP07PJ 0491),P.V,Fatal,0
09.01.2019,07:00AM,1365.4,RHS,Rural,Kovuru,Overturning,,LGV,Non injury,Fault of driver of motor vehicle/driver of other vehicle/cyclist/pedestrian/passenger,Four lanes or more with central divider,Slight curve,,Fine,Mahendra dost (AP07PJ 0491),P.V,Grevious,0
09.01.2019,07:00AM,1365.4,RHS,Rural,Kovuru,Overturning,,LGV,Non injury,Fault of driver of motor vehicle/driver of other vehicle/cyclist/pedestrian/passenger,Four lanes or more with central divider,Slight curve,,Fine,Mahendra dost (AP07PJ 0491),P.V,Minor,0
09.01.2019,07:00AM,1365.4,RHS,Rural,Kovuru,Overturning,,LGV,Non injury,Fault of driver of motor vehicle/driver of other vehicle/cyclist/pedestrian/passenger,Four lanes or more with central divider,Slight curve,,Fine,Mahendra dost (AP07PJ 0491),P.V,Non injured,0
09.01.2019,07:00AM,1365.4,RHS,Rural,Kovuru,Overturning,,LGV,Non injury,Fault of driver of motor vehicle/driver of other vehicle/cyclist/pedestrian/passenger,Four lanes or more with central divider,Slight curve,,Fine,Mahendra dost (AP07PJ 0491),P.V,Animals affected,0
09.01.2019,11:30AM,1212.5,RHS,Rural,Reningavaram,Rear End Collision,,LCV,Grievious injury,Over speed,Four lanes or more with central divider,Straight road,,Fine,Bolero Pickup (TN20CT2028),P.V ,Fatal,0
09.01.2019,11:30AM,1212.5,RHS,Rural,Reningavaram,Rear End Collision,,LCV,Grievious injury,Over speed,Four lanes or more with central divider,Straight road,,Fine,Bolero Pickup (TN20CT2028),P.V ,Grevious,2
09.01.2019,11:30AM,1212.5,RHS,Rural,Reningavaram,Rear End Collision,,LCV,Grievious injury,Over speed,Four lanes or more with central divider,Straight road,,Fine,Bolero Pickup (TN20CT2028),P.V ,Minor,1
09.01.2019,11:30AM,1212.5,RHS,Rural,Reningavaram,Rear End Collision,,LCV,Grievious injury,Over speed,Four lanes or more with central divider,Straight road,,Fine,Bolero Pickup (TN20CT2028),P.V ,Non injured,1
09.01.2019,11:30AM,1212.5,RHS,Rural,Reningavaram,Rear End Collision,,LCV,Grievious injury,Over speed,Four lanes or more with central divider,Straight road,,Fine,Bolero Pickup (TN20CT2028),P.V ,Animals affected,1
09.01.2019,11:05AM,1300.6,RHS,Rural,Gudluru,Collision Brush/Side Wipe,,Car,Non injury,Vehicle out of control,Four lanes or more with central divider,Straight road,,Fine,Car (AP26TC 1304),P.V,Fatal,0
09.01.2019,11:05AM,1300.6,RHS,Rural,Gudluru,Collision Brush/Side Wipe,,Car,Non injury,Vehicle out of control,Four lanes or more with central divider,Straight road,,Fine,Car (AP26TC 1304),P.V,Grevious,0
09.01.2019,11:05AM,1300.6,RHS,Rural,Gudluru,Collision Brush/Side Wipe,,Car,Non injury,Vehicle out of control,Four lanes or more with central divider,Straight road,,Fine,Car (AP26TC 1304),P.V,Minor,0
09.01.2019,11:05AM,1300.6,RHS,Rural,Gudluru,Collision Brush/Side Wipe,,Car,Non injury,Vehicle out of control,Four lanes or more with central divider,Straight road,,Fine,Car (AP26TC 1304),P.V,Non injured,8
09.01.2019,11:05AM,1300.6,RHS,Rural,Gudluru,Collision Brush/Side Wipe,,Car,Non injury,Vehicle out of control,Four lanes or more with central divider,Straight road,,Fine,Car (AP26TC 1304),P.V,Animals affected,0
09.01.2019,22:40PM,1219.1,RHS,Rural,Medarametla,Collision Brush/Side Wipe,,Bus,Minor injury,Over speed,Four lanes or more with central divider,Slight curve,,Fine,Bus (KA01AF 5827),P.V,Fatal,0
09.01.2019,22:40PM,1219.1,RHS,Rural,Medarametla,Collision Brush/Side Wipe,,Bus,Minor injury,Over speed,Four lanes or more with central divider,Slight curve,,Fine,Bus (KA01AF 5827),P.V,Grevious,0
09.01.2019,22:40PM,1219.1,RHS,Rural,Medarametla,Collision Brush/Side Wipe,,Bus,Minor injury,Over speed,Four lanes or more with central divider,Slight curve,,Fine,Bus (KA01AF 5827),P.V,Minor,1
09.01.2019,22:40PM,1219.1,RHS,Rural,Medarametla,Collision Brush/Side Wipe,,Bus,Minor injury,Over speed,Four lanes or more with central divider,Slight curve,,Fine,Bus (KA01AF 5827),P.V,Non injured,45
09.01.2019,22:40PM,1219.1,RHS,Rural,Medarametla,Collision Brush/Side Wipe,,Bus,Minor injury,Over speed,Four lanes or more with central divider,Slight curve,,Fine,Bus (KA01AF 5827),P.V,Animals affected,0
11.01.2019,09:20PM,1305.6,RHS,Rural,Gudluru,Overturning,,Unknown vehicle,Non injury,Over speed,Four lanes or more with central divider,Straight road,,Fine,Unknown vehicle,P.V,Fatal,0
11.01.2019,09:20PM,1305.6,RHS,Rural,Gudluru,Overturning,,Unknown vehicle,Non injury,Over speed,Four lanes or more with central divider,Straight road,,Fine,Unknown vehicle,P.V,Grevious,0
11.01.2019,09:20PM,1305.6,RHS,Rural,Gudluru,Overturning,,Unknown vehicle,Non injury,Over speed,Four lanes or more with central divider,Straight road,,Fine,Unknown vehicle,P.V,Minor,0
11.01.2019,09:20PM,1305.6,RHS,Rural,Gudluru,Overturning,,Unknown vehicle,Non injury,Over speed,Four lanes or more with central divider,Straight road,,Fine,Unknown vehicle,P.V,Non injured,1
11.01.2019,09:20PM,1305.6,RHS,Rural,Gudluru,Overturning,,Unknown vehicle,Non injury,Over speed,Four lanes or more with central divider,Straight road,,Fine,Unknown vehicle,P.V,Animals affected,0
12.01.2019,06:17AM,1211.8,RHS,Rural,Reningavaram,Collision Brush/Side Wipe,,Bus,Grievious injury,Over speed,Four lanes or more with central divider,Straight road,,Fine,Travels Bus    (AP04X        4779),A.M.B & P.V,Fatal,0
12.01.2019,06:17AM,1211.8,RHS,Rural,Reningavaram,Collision Brush/Side Wipe,,Bus,Grievious injury,Over speed,Four lanes or more with central divider,Straight road,,Fine,Travels Bus    (AP04X        4779),A.M.B & P.V,Grevious,1
12.01.2019,06:17AM,1211.8,RHS,Rural,Reningavaram,Collision Brush/Side Wipe,,Bus,Grievious injury,Over speed,Four lanes or more with central divider,Straight road,,Fine,Travels Bus    (AP04X        4779),A.M.B & P.V,Minor,1
12.01.2019,06:17AM,1211.8,RHS,Rural,Reningavaram,Collision Brush/Side Wipe,,Bus,Grievious injury,Over speed,Four lanes or more with central divider,Straight road,,Fine,Travels Bus    (AP04X        4779),A.M.B & P.V,Non injured,49
12.01.2019,06:17AM,1211.8,RHS,Rural,Reningavaram,Collision Brush/Side Wipe,,Bus,Grievious injury,Over speed,Four lanes or more with central divider,Straight road,,Fine,Travels Bus    (AP04X        4779),A.M.B & P.V,Animals affected,0
12.01.2019,11:35PM,1359.8,RHS,Rural,Kodavaluru,Rear End Collision,,Bus,Minor injury,Over speed,Four lanes or more with central divider,Straight road,,Fine,Morning star Travels Bus (AP07TM       6584),P.V,Fatal,0
12.01.2019,11:35PM,1359.8,RHS,Rural,Kodavaluru,Rear End Collision,,Bus,Minor injury,Over speed,Four lanes or more with central divider,Straight road,,Fine,Morning star Travels Bus (AP07TM       6584),P.V,Grevious,0
12.01.2019,11:35PM,1359.8,RHS,Rural,Kodavaluru,Rear End Collision,,Bus,Minor injury,Over speed,Four lanes or more with central divider,Straight road,,Fine,Morning star Travels Bus (AP07TM       6584),P.V,Minor,4
12.01.2019,11:35PM,1359.8,RHS,Rural,Kodavaluru,Rear End Collision,,Bus,Minor injury,Over speed,Four lanes or more with central divider,Straight road,,Fine,Morning star Travels Bus (AP07TM       6584),P.V,Non injured,17
12.01.2019,11:35PM,1359.8,RHS,Rural,Kodavaluru,Rear End Collision,,Bus,Minor injury,Over speed,Four lanes or more with central divider,Straight road,,Fine,Morning star Travels Bus (AP07TM       6584),P.V,Animals affected,0
13.01.2019,01:50AM,1250.6,RHS,Rural,Ongole,Rear End Collision,,Truck,Non injury,Over speed,Four lanes or more with central divider,Straight road,,Fine,Lorry         (AP37TA 2244), P.V,Fatal,0
13.01.2019,01:50AM,1250.6,RHS,Rural,Ongole,Rear End Collision,,Truck,Non injury,Over speed,Four lanes or more with central divider,Straight road,,Fine,Lorry         (AP37TA 2244), P.V,Grevious,0
13.01.2019,01:50AM,1250.6,RHS,Rural,Ongole,Rear End Collision,,Truck,Non injury,Over speed,Four lanes or more with central divider,Straight road,,Fine,Lorry         (AP37TA 2244), P.V,Minor,0
13.01.2019,01:50AM,1250.6,RHS,Rural,Ongole,Rear End Collision,,Truck,Non injury,Over speed,Four lanes or more with central divider,Straight road,,Fine,Lorry         (AP37TA 2244), P.V,Non injured,2
13.01.2019,01:50AM,1250.6,RHS,Rural,Ongole,Rear End Collision,,Truck,Non injury,Over speed,Four lanes or more with central divider,Straight road,,Fine,Lorry         (AP37TA 2244), P.V,Animals affected,0
13.01.2019,06:10AM,1347.5,RHS,Rural,Dagadarthi,Collision Brush/Side Wipe,,Car,Non injury,Over speed,Four lanes or more with central divider,Straight road,,Fine,Car                          (TN14C 3965),P.V,Fatal,0
13.01.2019,06:10AM,1347.5,RHS,Rural,Dagadarthi,Collision Brush/Side Wipe,,Car,Non injury,Over speed,Four lanes or more with central divider,Straight road,,Fine,Car                          (TN14C 3965),P.V,Grevious,0
13.01.2019,06:10AM,1347.5,RHS,Rural,Dagadarthi,Collision Brush/Side Wipe,,Car,Non injury,Over speed,Four lanes or more with central divider,Straight road,,Fine,Car                          (TN14C 3965),P.V,Minor,0
13.01.2019,06:10AM,1347.5,RHS,Rural,Dagadarthi,Collision Brush/Side Wipe,,Car,Non injury,Over speed,Four lanes or more with central divider,Straight road,,Fine,Car                          (TN14C 3965),P.V,Non injured,3
13.01.2019,06:10AM,1347.5,RHS,Rural,Dagadarthi,Collision Brush/Side Wipe,,Car,Non injury,Over speed,Four lanes or more with central divider,Straight road,,Fine,Car                          (TN14C 3965),P.V,Animals affected,0
16.01.2019,07:00AM,1309.8,RHS,Rural,Kavali,Collision Brush/Side Wipe,,Car,Non injury,Over speed,Four lanes or more with central divider,Straight road,,Fine,Car (AP07TN 0978),P.V,Fatal,0
16.01.2019,07:00AM,1309.8,RHS,Rural,Kavali,Collision Brush/Side Wipe,,Car,Non injury,Over speed,Four lanes or more with central divider,Straight road,,Fine,Car (AP07TN 0978),P.V,Grevious,0
16.01.2019,07:00AM,1309.8,RHS,Rural,Kavali,Collision Brush/Side Wipe,,Car,Non injury,Over speed,Four lanes or more with central divider,Straight road,,Fine,Car (AP07TN 0978),P.V,Minor,0
16.01.2019,07:00AM,1309.8,RHS,Rural,Kavali,Collision Brush/Side Wipe,,Car,Non injury,Over speed,Four lanes or more with central divider,Straight road,,Fine,Car (AP07TN 0978),P.V,Non injured,8
16.01.2019,07:00AM,1309.8,RHS,Rural,Kavali,Collision Brush/Side Wipe,,Car,Non injury,Over speed,Four lanes or more with central divider,Straight road,,Fine,Car (AP07TN 0978),P.V,Animals affected,0
16.01.2019,06:35PM,1328.3,RHS,Rural,Kavali,Collision Brush/Side Wipe,,Bike,Fatal,Druken,Four lanes or more with central divider,Straight road,,Fine,Bike        (AP26BZ      4427),A.M.B & P.V,Fatal,1
16.01.2019,06:35PM,1328.3,RHS,Rural,Kavali,Collision Brush/Side Wipe,,Bike,Fatal,Druken,Four lanes or more with central divider,Straight road,,Fine,Bike        (AP26BZ      4427),A.M.B & P.V,Grevious,0
16.01.2019,06:35PM,1328.3,RHS,Rural,Kavali,Collision Brush/Side Wipe,,Bike,Fatal,Druken,Four lanes or more with central divider,Straight road,,Fine,Bike        (AP26BZ      4427),A.M.B & P.V,Minor,1
16.01.2019,06:35PM,1328.3,RHS,Rural,Kavali,Collision Brush/Side Wipe,,Bike,Fatal,Druken,Four lanes or more with central divider,Straight road,,Fine,Bike        (AP26BZ      4427),A.M.B & P.V,Non injured,0
16.01.2019,06:35PM,1328.3,RHS,Rural,Kavali,Collision Brush/Side Wipe,,Bike,Fatal,Druken,Four lanes or more with central divider,Straight road,,Fine,Bike        (AP26BZ      4427),A.M.B & P.V,Animals affected,0
17.01.2019,05:00AM,1223.1,RHS,Rural,Medarametla,Collision Brush/Side Wipe,,Car,Non injury,Fault of driver of motor vehicle/driver of other vehicle/cyclist/pedestrian/passenger,Four lanes or more with central divider,Straight road,,Mist/Fog,Car (TS07UB 3071),P.V,Fatal,0
17.01.2019,05:00AM,1223.1,RHS,Rural,Medarametla,Collision Brush/Side Wipe,,Car,Non injury,Fault of driver of motor vehicle/driver of other vehicle/cyclist/pedestrian/passenger,Four lanes or more with central divider,Straight road,,Mist/Fog,Car (TS07UB 3071),P.V,Grevious,0
17.01.2019,05:00AM,1223.1,RHS,Rural,Medarametla,Collision Brush/Side Wipe,,Car,Non injury,Fault of driver of motor vehicle/driver of other vehicle/cyclist/pedestrian/passenger,Four lanes or more with central divider,Straight road,,Mist/Fog,Car (TS07UB 3071),P.V,Minor,0
17.01.2019,05:00AM,1223.1,RHS,Rural,Medarametla,Collision Brush/Side Wipe,,Car,Non injury,Fault of driver of motor vehicle/driver of other vehicle/cyclist/pedestrian/passenger,Four lanes or more with central divider,Straight road,,Mist/Fog,Car (TS07UB 3071),P.V,Non injured,4
17.01.2019,05:00AM,1223.1,RHS,Rural,Medarametla,Collision Brush/Side Wipe,,Car,Non injury,Fault of driver of motor vehicle/driver of other vehicle/cyclist/pedestrian/passenger,Four lanes or more with central divider,Straight road,,Mist/Fog,Car (TS07UB 3071),P.V,Animals affected,0
17.01.2019,04:50PM,1289.5,RHS,Rural,Ulavapadu,Collision Brush/Side Wipe,,Car,Non injury,Over speed,Four lanes or more with central divider,Sharp curve,,Fine,Car (AP37DE 4004),P.V,Fatal,0
17.01.2019,04:50PM,1289.5,RHS,Rural,Ulavapadu,Collision Brush/Side Wipe,,Car,Non injury,Over speed,Four lanes or more with central divider,Sharp curve,,Fine,Car (AP37DE 4004),P.V,Grevious,0
17.01.2019,04:50PM,1289.5,RHS,Rural,Ulavapadu,Collision Brush/Side Wipe,,Car,Non injury,Over speed,Four lanes or more with central divider,Sharp curve,,Fine,Car (AP37DE 4004),P.V,Minor,0
17.01.2019,04:50PM,1289.5,RHS,Rural,Ulavapadu,Collision Brush/Side Wipe,,Car,Non injury,Over speed,Four lanes or more with central divider,Sharp curve,,Fine,Car (AP37DE 4004),P.V,Non injured,2
17.01.2019,04:50PM,1289.5,RHS,Rural,Ulavapadu,Collision Brush/Side Wipe,,Car,Non injury,Over speed,Four lanes or more with central divider,Sharp curve,,Fine,Car (AP37DE 4004),P.V,Animals affected,0
18.01.2019,00:20am,1351.2,RHS,Rural,Kodavaluru,Overturning,,Car,Minor injury,Vehicle out of control,Four lanes or more with central divider,Straight road,,Fine,Car          (AP26BS         1309),P.V,Fatal,0
18.01.2019,00:20am,1351.2,RHS,Rural,Kodavaluru,Overturning,,Car,Minor injury,Vehicle out of control,Four lanes or more with central divider,Straight road,,Fine,Car          (AP26BS         1309),P.V,Grevious,0
18.01.2019,00:20am,1351.2,RHS,Rural,Kodavaluru,Overturning,,Car,Minor injury,Vehicle out of control,Four lanes or more with central divider,Straight road,,Fine,Car          (AP26BS         1309),P.V,Minor,1
18.01.2019,00:20am,1351.2,RHS,Rural,Kodavaluru,Overturning,,Car,Minor injury,Vehicle out of control,Four lanes or more with central divider,Straight road,,Fine,Car          (AP26BS         1309),P.V,Non injured,5
18.01.2019,00:20am,1351.2,RHS,Rural,Kodavaluru,Overturning,,Car,Minor injury,Vehicle out of control,Four lanes or more with central divider,Straight road,,Fine,Car          (AP26BS         1309),P.V,Animals affected,0
18.01.2019,10:10AM,1277.1,RHS,Rural,Singarayakonda,Collision Brush/Side Wipe,,Container,Non injury,Fault of driver of motor vehicle/driver of other vehicle/cyclist/pedestrian/passenger,Four lanes or more with central divider,Straight road,,Mist/Fog,Container vehicle  (HR55AB        7019),P.V,Fatal,0
18.01.2019,10:10AM,1277.1,RHS,Rural,Singarayakonda,Collision Brush/Side Wipe,,Container,Non injury,Fault of driver of motor vehicle/driver of other vehicle/cyclist/pedestrian/passenger,Four lanes or more with central divider,Straight road,,Mist/Fog,Container vehicle  (HR55AB        7019),P.V,Grevious,0
18.01.2019,10:10AM,1277.1,RHS,Rural,Singarayakonda,Collision Brush/Side Wipe,,Container,Non injury,Fault of driver of motor vehicle/driver of other vehicle/cyclist/pedestrian/passenger,Four lanes or more with central divider,Straight road,,Mist/Fog,Container vehicle  (HR55AB        7019),P.V,Minor,0
18.01.2019,10:10AM,1277.1,RHS,Rural,Singarayakonda,Collision Brush/Side Wipe,,Container,Non injury,Fault of driver of motor vehicle/driver of other vehicle/cyclist/pedestrian/passenger,Four lanes or more with central divider,Straight road,,Mist/Fog,Container vehicle  (HR55AB        7019),P.V,Non injured,2
18.01.2019,10:10AM,1277.1,RHS,Rural,Singarayakonda,Collision Brush/Side Wipe,,Container,Non injury,Fault of driver of motor vehicle/driver of other vehicle/cyclist/pedestrian/passenger,Four lanes or more with central divider,Straight road,,Mist/Fog,Container vehicle  (HR55AB        7019),P.V,Animals affected,0
18.01.2019,10:15AM,1277.1,RHS,Rural,Singarayakonda,Overturning,,Truck,Non injury,Fault of driver of motor vehicle/driver of other vehicle/cyclist/pedestrian/passenger,Four lanes or more with central divider,Straight road,,Mist/Fog,Lorry        (TN52F      5812),P.V,Fatal,0
18.01.2019,10:15AM,1277.1,RHS,Rural,Singarayakonda,Overturning,,Truck,Non injury,Fault of driver of motor vehicle/driver of other vehicle/cyclist/pedestrian/passenger,Four lanes or more with central divider,Straight road,,Mist/Fog,Lorry        (TN52F      5812),P.V,Grevious,0
18.01.2019,10:15AM,1277.1,RHS,Rural,Singarayakonda,Overturning,,Truck,Non injury,Fault of driver of motor vehicle/driver of other vehicle/cyclist/pedestrian/passenger,Four lanes or more with central divider,Straight road,,Mist/Fog,Lorry        (TN52F      5812),P.V,Minor,0
18.01.2019,10:15AM,1277.1,RHS,Rural,Singarayakonda,Overturning,,Truck,Non injury,Fault of driver of motor vehicle/driver of other vehicle/cyclist/pedestrian/passenger,Four lanes or more with central divider,Straight road,,Mist/Fog,Lorry        (TN52F      5812),P.V,Non injured,1
18.01.2019,10:15AM,1277.1,RHS,Rural,Singarayakonda,Overturning,,Truck,Non injury,Fault of driver of motor vehicle/driver of other vehicle/cyclist/pedestrian/passenger,Four lanes or more with central divider,Straight road,,Mist/Fog,Lorry        (TN52F      5812),P.V,Animals affected,0
18.01.2019,11:25AM,1288.5,RHS,Rural,Ulavapadu,Collision Brush/Side Wipe,,LGV,Non injury,Over speed,Four lanes or more with central divider,Straight road,,Mist/Fog,Mini Truck    (AP31TD        3646),P.V,Fatal,0
18.01.2019,11:25AM,1288.5,RHS,Rural,Ulavapadu,Collision Brush/Side Wipe,,LGV,Non injury,Over speed,Four lanes or more with central divider,Straight road,,Mist/Fog,Mini Truck    (AP31TD        3646),P.V,Grevious,0