Operational date,Time of Accident,KM && M,Position,Rural/Urban,Location,Nature of Accident Position,Nature of Accident,Vehicle Involved,Type of Accident,Causes,Road Feature,Road condition,Intersection Type And Control,Weather Condition,Vehicle Responsible,Help Provided by Ambulance/Patroling Vehicle,Classification of Accident,No of Affected Persons
18.01.2019,11:25AM,1288.5,RHS,Rural,Ulavapadu,Collision Brush/Side Wipe,,LGV,Non injury,Over speed,Four lanes or more with central divider,Straight road,,Mist/Fog,Mini Truck    (AP31TD        3646),P.V,Minor,0
18.01.2019,11:25AM,1288.5,RHS,Rural,Ulavapadu,Collision Brush/Side Wipe,,LGV,Non injury,Over speed,Four lanes or more with central divider,Straight road,,Mist/Fog,Mini Truck    (AP31TD        3646),P.V,Non injured,2
18.01.2019,11:25AM,1288.5,RHS,Rural,Ulavapadu,Collision Brush/Side Wipe,,LGV,Non injury,Over speed,Four lanes or more with central divider,Straight road,,Mist/Fog,Mini Truck    (AP31TD        3646),P.V,Animals affected,0
19.01.2019,01:48AM,1301.2,RHS,Rural,Gudluru,Overturning,,Tractor,Minor injury,Fault of driver of motor vehicle/driver of other vehicle/cyclist/pedestrian/passenger,Four lanes or more with central divider,Straight road,,Mist/Fog,F/R Tractor,P.V,Fatal,0
19.01.2019,01:48AM,1301.2,RHS,Rural,Gudluru,Overturning,,Tractor,Minor injury,Fault of driver of motor vehicle/driver of other vehicle/cyclist/pedestrian/passenger,Four lanes or more with central divider,Straight road,,Mist/Fog,F/R Tractor,P.V,Grevious,0
19.01.2019,01:48AM,1301.2,RHS,Rural,Gudluru,Overturning,,Tractor,Minor injury,Fault of driver of motor vehicle/driver of other vehicle/cyclist/pedestrian/passenger,Four lanes or more with central divider,Straight road,,Mist/Fog,F/R Tractor,P.V,Minor,1
19.01.2019,01:48AM,1301.2,RHS,Rural,Gudluru,Overturning,,Tractor,Minor injury,Fault of driver of motor vehicle/driver of other vehicle/cyclist/pedestrian/passenger,Four lanes or more with central divider,Straight road,,Mist/Fog,F/R Tractor,P.V,Non injured,0
19.01.2019,01:48AM,1301.2,RHS,Rural,Gudluru,Overturning,,Tractor,Minor injury,Fault of driver of motor vehicle/driver of other vehicle/cyclist/pedestrian/passenger,Four lanes or more with central divider,Straight road,,Mist/Fog,F/R Tractor,P.V,Animals affected,0
19.01.2019,04:00PM,1265.3,RHS,Rural,Tangutur,Collision Brush/Side Wipe,,Unknown vehicle,Non injury,Over speed,Four lanes or more with central divider,Straight road,,Fine,Unknown vehicle,A.M.B,Fatal,0
19.01.2019,04:00PM,1265.3,RHS,Rural,Tangutur,Collision Brush/Side Wipe,,Unknown vehicle,Non injury,Over speed,Four lanes or more with central divider,Straight road,,Fine,Unknown vehicle,A.M.B,Grevious,0
19.01.2019,04:00PM,1265.3,RHS,Rural,Tangutur,Collision Brush/Side Wipe,,Unknown vehicle,Non injury,Over speed,Four lanes or more with central divider,Straight road,,Fine,Unknown vehicle,A.M.B,Minor,0
19.01.2019,04:00PM,1265.3,RHS,Rural,Tangutur,Collision Brush/Side Wipe,,Unknown vehicle,Non injury,Over speed,Four lanes or more with central divider,Straight road,,Fine,Unknown vehicle,A.M.B,Non injured,1
19.01.2019,04:00PM,1265.3,RHS,Rural,Tangutur,Collision Brush/Side Wipe,,Unknown vehicle,Non injury,Over speed,Four lanes or more with central divider,Straight road,,Fine,Unknown vehicle,A.M.B,Animals affected,1
19.01.2019,11:49PM,1275.8,RHS,Rural,Singarayakonda,Overturning,,Car,Non injury,Over speed,Four lanes or more with central divider,Straight road,,Fine,Bolero pickup vehicle (OD10K    5769),P.V & A.M.B,Fatal,0
19.01.2019,11:49PM,1275.8,RHS,Rural,Singarayakonda,Overturning,,Car,Non injury,Over speed,Four lanes or more with central divider,Straight road,,Fine,Bolero pickup vehicle (OD10K    5769),P.V & A.M.B,Grevious,0
19.01.2019,11:49PM,1275.8,RHS,Rural,Singarayakonda,Overturning,,Car,Non injury,Over speed,Four lanes or more with central divider,Straight road,,Fine,Bolero pickup vehicle (OD10K    5769),P.V & A.M.B,Minor,0
19.01.2019,11:49PM,1275.8,RHS,Rural,Singarayakonda,Overturning,,Car,Non injury,Over speed,Four lanes or more with central divider,Straight road,,Fine,Bolero pickup vehicle (OD10K    5769),P.V & A.M.B,Non injured,3
19.01.2019,11:49PM,1275.8,RHS,Rural,Singarayakonda,Overturning,,Car,Non injury,Over speed,Four lanes or more with central divider,Straight road,,Fine,Bolero pickup vehicle (OD10K    5769),P.V & A.M.B,Animals affected,0
20.01.2019,05:09PM,1199.4,RHS,Rural,Martur,Skidding,,Bike,Minor injury,Druken,Four lanes or more with central divider,Straight road,,Fine,BIKE     (AP27AK 5224),A.M.B,Fatal,0
20.01.2019,05:09PM,1199.4,RHS,Rural,Martur,Skidding,,Bike,Minor injury,Druken,Four lanes or more with central divider,Straight road,,Fine,BIKE     (AP27AK 5224),A.M.B,Grevious,0
20.01.2019,05:09PM,1199.4,RHS,Rural,Martur,Skidding,,Bike,Minor injury,Druken,Four lanes or more with central divider,Straight road,,Fine,BIKE     (AP27AK 5224),A.M.B,Minor,1
20.01.2019,05:09PM,1199.4,RHS,Rural,Martur,Skidding,,Bike,Minor injury,Druken,Four lanes or more with central divider,Straight road,,Fine,BIKE     (AP27AK 5224),A.M.B,Non injured,0
20.01.2019,05:09PM,1199.4,RHS,Rural,Martur,Skidding,,Bike,Minor injury,Druken,Four lanes or more with central divider,Straight road,,Fine,BIKE     (AP27AK 5224),A.M.B,Animals affected,0
23.01.2019,06:30AM,1311.7,RHS,Rural,Kavali,Overturning,,Truck,Non injury,Fault of driver of motor vehicle/driver of other vehicle/cyclist/pedestrian/passenger,Four lanes or more with central divider,Straight road,,Fine,Lorry    (AP16T3678),P.V,Fatal,0
23.01.2019,06:30AM,1311.7,RHS,Rural,Kavali,Overturning,,Truck,Non injury,Fault of driver of motor vehicle/driver of other vehicle/cyclist/pedestrian/passenger,Four lanes or more with central divider,Straight road,,Fine,Lorry    (AP16T3678),P.V,Grevious,0
23.01.2019,06:30AM,1311.7,RHS,Rural,Kavali,Overturning,,Truck,Non injury,Fault of driver of motor vehicle/driver of other vehicle/cyclist/pedestrian/passenger,Four lanes or more with central divider,Straight road,,Fine,Lorry    (AP16T3678),P.V,Minor,0
23.01.2019,06:30AM,1311.7,RHS,Rural,Kavali,Overturning,,Truck,Non injury,Fault of driver of motor vehicle/driver of other vehicle/cyclist/pedestrian/passenger,Four lanes or more with central divider,Straight road,,Fine,Lorry    (AP16T3678),P.V,Non injured,1
23.01.2019,06:30AM,1311.7,RHS,Rural,Kavali,Overturning,,Truck,Non injury,Fault of driver of motor vehicle/driver of other vehicle/cyclist/pedestrian/passenger,Four lanes or more with central divider,Straight road,,Fine,Lorry    (AP16T3678),P.V,Animals affected,0
23.01.2019,04:23PM,1254.7,RHS,Urban,Ongole,Collision Brush/Side Wipe,,LGV,Minor injury,Over speed,Four lanes or more with central divider,Straight road,,Fine,Mini truck     (AP26TF 5562),A.M.B & P.V,Fatal,0
23.01.2019,04:23PM,1254.7,RHS,Urban,Ongole,Collision Brush/Side Wipe,,LGV,Minor injury,Over speed,Four lanes or more with central divider,Straight road,,Fine,Mini truck     (AP26TF 5562),A.M.B & P.V,Grevious,0
23.01.2019,04:23PM,1254.7,RHS,Urban,Ongole,Collision Brush/Side Wipe,,LGV,Minor injury,Over speed,Four lanes or more with central divider,Straight road,,Fine,Mini truck     (AP26TF 5562),A.M.B & P.V,Minor,1
23.01.2019,04:23PM,1254.7,RHS,Urban,Ongole,Collision Brush/Side Wipe,,LGV,Minor injury,Over speed,Four lanes or more with central divider,Straight road,,Fine,Mini truck     (AP26TF 5562),A.M.B & P.V,Non injured,0
23.01.2019,04:23PM,1254.7,RHS,Urban,Ongole,Collision Brush/Side Wipe,,LGV,Minor injury,Over speed,Four lanes or more with central divider,Straight road,,Fine,Mini truck     (AP26TF 5562),A.M.B & P.V,Animals affected,0
23.01.2019,05:30PM,1349,RHS,Rural,Kodavaluru,Rear End Collision,,LCV,Grievious injury,Over speed,Four lanes or more with central divider,Straight road,,Fine,Mini lorry (AP05T1128),P.V,Fatal,0
23.01.2019,05:30PM,1349,RHS,Rural,Kodavaluru,Rear End Collision,,LCV,Grievious injury,Over speed,Four lanes or more with central divider,Straight road,,Fine,Mini lorry (AP05T1128),P.V,Grevious,1
23.01.2019,05:30PM,1349,RHS,Rural,Kodavaluru,Rear End Collision,,LCV,Grievious injury,Over speed,Four lanes or more with central divider,Straight road,,Fine,Mini lorry (AP05T1128),P.V,Minor,0
23.01.2019,05:30PM,1349,RHS,Rural,Kodavaluru,Rear End Collision,,LCV,Grievious injury,Over speed,Four lanes or more with central divider,Straight road,,Fine,Mini lorry (AP05T1128),P.V,Non injured,2
23.01.2019,05:30PM,1349,RHS,Rural,Kodavaluru,Rear End Collision,,LCV,Grievious injury,Over speed,Four lanes or more with central divider,Straight road,,Fine,Mini lorry (AP05T1128),P.V,Animals affected,0
24.01.2019,11:10PM,1350.2,RHS,Rural,Kodavaluru,Collision Brush/Side Wipe,,Trailler,Minor injury,Fault of driver of motor vehicle/driver of other vehicle/cyclist/pedestrian/passenger,Four lanes or more with central divider,Straight road,,Fine,Long Trailler (AP27TY 7567),P.V,Fatal,0
24.01.2019,11:10PM,1350.2,RHS,Rural,Kodavaluru,Collision Brush/Side Wipe,,Trailler,Minor injury,Fault of driver of motor vehicle/driver of other vehicle/cyclist/pedestrian/passenger,Four lanes or more with central divider,Straight road,,Fine,Long Trailler (AP27TY 7567),P.V,Grevious,0
24.01.2019,11:10PM,1350.2,RHS,Rural,Kodavaluru,Collision Brush/Side Wipe,,Trailler,Minor injury,Fault of driver of motor vehicle/driver of other vehicle/cyclist/pedestrian/passenger,Four lanes or more with central divider,Straight road,,Fine,Long Trailler (AP27TY 7567),P.V,Minor,1
24.01.2019,11:10PM,1350.2,RHS,Rural,Kodavaluru,Collision Brush/Side Wipe,,Trailler,Minor injury,Fault of driver of motor vehicle/driver of other vehicle/cyclist/pedestrian/passenger,Four lanes or more with central divider,Straight road,,Fine,Long Trailler (AP27TY 7567),P.V,Non injured,0
24.01.2019,11:10PM,1350.2,RHS,Rural,Kodavaluru,Collision Brush/Side Wipe,,Trailler,Minor injury,Fault of driver of motor vehicle/driver of other vehicle/cyclist/pedestrian/passenger,Four lanes or more with central divider,Straight road,,Fine,Long Trailler (AP27TY 7567),P.V,Animals affected,0
25.01.2019,04:15AM,1227.3,RHS,Rural,Maddipadu,Collision Brush/Side Wipe,,LCV,Non injury,Fault of driver of motor vehicle/driver of other vehicle/cyclist/pedestrian/passenger,Four lanes or more with central divider,Straight road,,Fine,Mini Lorry   (TS07 UF   5551),P.V,Fatal,0
25.01.2019,04:15AM,1227.3,RHS,Rural,Maddipadu,Collision Brush/Side Wipe,,LCV,Non injury,Fault of driver of motor vehicle/driver of other vehicle/cyclist/pedestrian/passenger,Four lanes or more with central divider,Straight road,,Fine,Mini Lorry   (TS07 UF   5551),P.V,Grevious,0
25.01.2019,04:15AM,1227.3,RHS,Rural,Maddipadu,Collision Brush/Side Wipe,,LCV,Non injury,Fault of driver of motor vehicle/driver of other vehicle/cyclist/pedestrian/passenger,Four lanes or more with central divider,Straight road,,Fine,Mini Lorry   (TS07 UF   5551),P.V,Minor,0
25.01.2019,04:15AM,1227.3,RHS,Rural,Maddipadu,Collision Brush/Side Wipe,,LCV,Non injury,Fault of driver of motor vehicle/driver of other vehicle/cyclist/pedestrian/passenger,Four lanes or more with central divider,Straight road,,Fine,Mini Lorry   (TS07 UF   5551),P.V,Non injured,2
25.01.2019,04:15AM,1227.3,RHS,Rural,Maddipadu,Collision Brush/Side Wipe,,LCV,Non injury,Fault of driver of motor vehicle/driver of other vehicle/cyclist/pedestrian/passenger,Four lanes or more with central divider,Straight road,,Fine,Mini Lorry   (TS07 UF   5551),P.V,Animals affected,0
26.01.2019,02:35AM,1184.7,RHS,Rural,Martur,Collision Brush/Side Wipe,,Unknown vehicle,Fatal,Over speed,Four lanes or more with central divider,Straight road,,Fine,Unknown vehicle,P.V,Fatal,1
26.01.2019,02:35AM,1184.7,RHS,Rural,Martur,Collision Brush/Side Wipe,,Unknown vehicle,Fatal,Over speed,Four lanes or more with central divider,Straight road,,Fine,Unknown vehicle,P.V,Grevious,0
26.01.2019,02:35AM,1184.7,RHS,Rural,Martur,Collision Brush/Side Wipe,,Unknown vehicle,Fatal,Over speed,Four lanes or more with central divider,Straight road,,Fine,Unknown vehicle,P.V,Minor,0
26.01.2019,02:35AM,1184.7,RHS,Rural,Martur,Collision Brush/Side Wipe,,Unknown vehicle,Fatal,Over speed,Four lanes or more with central divider,Straight road,,Fine,Unknown vehicle,P.V,Non injured,1
26.01.2019,02:35AM,1184.7,RHS,Rural,Martur,Collision Brush/Side Wipe,,Unknown vehicle,Fatal,Over speed,Four lanes or more with central divider,Straight road,,Fine,Unknown vehicle,P.V,Animals affected,0
27.01.2019,12:13PM,1252.5,RHS,Rural,Ongole,Collision Brush/Side Wipe,,Car,Minor injury,Over speed,Four lanes or more with central divider,Straight road,,Fine,Car          AP23AG 0860,A.M.B & P.V,Fatal,0
27.01.2019,12:13PM,1252.5,RHS,Rural,Ongole,Collision Brush/Side Wipe,,Car,Minor injury,Over speed,Four lanes or more with central divider,Straight road,,Fine,Car          AP23AG 0860,A.M.B & P.V,Grevious,0
27.01.2019,12:13PM,1252.5,RHS,Rural,Ongole,Collision Brush/Side Wipe,,Car,Minor injury,Over speed,Four lanes or more with central divider,Straight road,,Fine,Car          AP23AG 0860,A.M.B & P.V,Minor,3
27.01.2019,12:13PM,1252.5,RHS,Rural,Ongole,Collision Brush/Side Wipe,,Car,Minor injury,Over speed,Four lanes or more with central divider,Straight road,,Fine,Car          AP23AG 0860,A.M.B & P.V,Non injured,2
27.01.2019,12:13PM,1252.5,RHS,Rural,Ongole,Collision Brush/Side Wipe,,Car,Minor injury,Over speed,Four lanes or more with central divider,Straight road,,Fine,Car          AP23AG 0860,A.M.B & P.V,Animals affected,0
28.01.2019,02:20AM,1336.3,RHS,Rural,K.Tippa ,Collision Brush/Side Wipe,,Tanker,Minor injury,Over speed,Four lanes or more with central divider,Straight road,,Fine,Oil Tanker         AP15Y3064, P.V,Fatal,0
28.01.2019,02:20AM,1336.3,RHS,Rural,K.Tippa ,Collision Brush/Side Wipe,,Tanker,Minor injury,Over speed,Four lanes or more with central divider,Straight road,,Fine,Oil Tanker         AP15Y3064, P.V,Grevious,0
28.01.2019,02:20AM,1336.3,RHS,Rural,K.Tippa ,Collision Brush/Side Wipe,,Tanker,Minor injury,Over speed,Four lanes or more with central divider,Straight road,,Fine,Oil Tanker         AP15Y3064, P.V,Minor,2
28.01.2019,02:20AM,1336.3,RHS,Rural,K.Tippa ,Collision Brush/Side Wipe,,Tanker,Minor injury,Over speed,Four lanes or more with central divider,Straight road,,Fine,Oil Tanker         AP15Y3064, P.V,Non injured,4
28.01.2019,02:20AM,1336.3,RHS,Rural,K.Tippa ,Collision Brush/Side Wipe,,Tanker,Minor injury,Over speed,Four lanes or more with central divider,Straight road,,Fine,Oil Tanker         AP15Y3064, P.V,Animals affected,0
28.01.2019,04:30AM,1360.1,RHS,Rural,Kovuru,Collision Brush/Side Wipe,,LCV,Minor injury,Over speed,Four lanes or more with central divider,Straight road,,Fine,Lorry          AP07TE8738, P.V,Fatal,0
28.01.2019,04:30AM,1360.1,RHS,Rural,Kovuru,Collision Brush/Side Wipe,,LCV,Minor injury,Over speed,Four lanes or more with central divider,Straight road,,Fine,Lorry          AP07TE8738, P.V,Grevious,0
28.01.2019,04:30AM,1360.1,RHS,Rural,Kovuru,Collision Brush/Side Wipe,,LCV,Minor injury,Over speed,Four lanes or more with central divider,Straight road,,Fine,Lorry          AP07TE8738, P.V,Minor,2
28.01.2019,04:30AM,1360.1,RHS,Rural,Kovuru,Collision Brush/Side Wipe,,LCV,Minor injury,Over speed,Four lanes or more with central divider,Straight road,,Fine,Lorry          AP07TE8738, P.V,Non injured,1
28.01.2019,04:30AM,1360.1,RHS,Rural,Kovuru,Collision Brush/Side Wipe,,LCV,Minor injury,Over speed,Four lanes or more with central divider,Straight road,,Fine,Lorry          AP07TE8738, P.V,Animals affected,0
29.01.2019,12:18AM,1315.9,RHS,Rural,Kavali,Overturning,,Truck,Non injury,Fault of driver of motor vehicle/driver of other vehicle/cyclist/pedestrian/passenger,Four lanes or more with central divider,Straight road,,Fine,Lorry          TS05UB2919,A.M.B,Fatal,0
29.01.2019,12:18AM,1315.9,RHS,Rural,Kavali,Overturning,,Truck,Non injury,Fault of driver of motor vehicle/driver of other vehicle/cyclist/pedestrian/passenger,Four lanes or more with central divider,Straight road,,Fine,Lorry          TS05UB2919,A.M.B,Grevious,0
29.01.2019,12:18AM,1315.9,RHS,Rural,Kavali,Overturning,,Truck,Non injury,Fault of driver of motor vehicle/driver of other vehicle/cyclist/pedestrian/passenger,Four lanes or more with central divider,Straight road,,Fine,Lorry          TS05UB2919,A.M.B,Minor,0
29.01.2019,12:18AM,1315.9,RHS,Rural,Kavali,Overturning,,Truck,Non injury,Fault of driver of motor vehicle/driver of other vehicle/cyclist/pedestrian/passenger,Four lanes or more with central divider,Straight road,,Fine,Lorry          TS05UB2919,A.M.B,Non injured,1
29.01.2019,12:18AM,1315.9,RHS,Rural,Kavali,Overturning,,Truck,Non injury,Fault of driver of motor vehicle/driver of other vehicle/cyclist/pedestrian/passenger,Four lanes or more with central divider,Straight road,,Fine,Lorry          TS05UB2919,A.M.B,Animals affected,0
29.01.2019,12:50AM,1288.3,RHS,Rural,Ulavapadu,Overturning,,Trailler,Non injury,Fault of driver of motor vehicle/driver of other vehicle/cyclist/pedestrian/passenger,Two lanes,Straight road,,Fine,Long trailer  vehicle TN37DY6131, P.V,Fatal,0
29.01.2019,12:50AM,1288.3,RHS,Rural,Ulavapadu,Overturning,,Trailler,Non injury,Fault of driver of motor vehicle/driver of other vehicle/cyclist/pedestrian/passenger,Two lanes,Straight road,,Fine,Long trailer  vehicle TN37DY6131, P.V,Grevious,0
29.01.2019,12:50AM,1288.3,RHS,Rural,Ulavapadu,Overturning,,Trailler,Non injury,Fault of driver of motor vehicle/driver of other vehicle/cyclist/pedestrian/passenger,Two lanes,Straight road,,Fine,Long trailer  vehicle TN37DY6131, P.V,Minor,0
29.01.2019,12:50AM,1288.3,RHS,Rural,Ulavapadu,Overturning,,Trailler,Non injury,Fault of driver of motor vehicle/driver of other vehicle/cyclist/pedestrian/passenger,Two lanes,Straight road,,Fine,Long trailer  vehicle TN37DY6131, P.V,Non injured,1
29.01.2019,12:50AM,1288.3,RHS,Rural,Ulavapadu,Overturning,,Trailler,Non injury,Fault of driver of motor vehicle/driver of other vehicle/cyclist/pedestrian/passenger,Two lanes,Straight road,,Fine,Long trailer  vehicle TN37DY6131, P.V,Animals affected,0
29.01.2019,03:14PM,1218.1,RHS,Rural,Medarametla,Overturning,,Auto,Minor injury,Vehicle out of control,Two lanes,Straight road,,Fine,Ape auto                       AP27TX7121,A.M.B,Fatal,0
29.01.2019,03:14PM,1218.1,RHS,Rural,Medarametla,Overturning,,Auto,Minor injury,Vehicle out of control,Two lanes,Straight road,,Fine,Ape auto                       AP27TX7121,A.M.B,Grevious,0
29.01.2019,03:14PM,1218.1,RHS,Rural,Medarametla,Overturning,,Auto,Minor injury,Vehicle out of control,Two lanes,Straight road,,Fine,Ape auto                       AP27TX7121,A.M.B,Minor,1
29.01.2019,03:14PM,1218.1,RHS,Rural,Medarametla,Overturning,,Auto,Minor injury,Vehicle out of control,Two lanes,Straight road,,Fine,Ape auto                       AP27TX7121,A.M.B,Non injured,10
29.01.2019,03:14PM,1218.1,RHS,Rural,Medarametla,Overturning,,Auto,Minor injury,Vehicle out of control,Two lanes,Straight road,,Fine,Ape auto                       AP27TX7121,A.M.B,Animals affected,0
29.01.2019,05:20PM,1225.7,RHS,Rural,Maddipadu,Overturning,,Truck,Minor injury,Defect in mechanical condition of motor vehicle/road condition,Four lanes or more with central divider,Straight road,,Fine,Eicher (mini lorry)                      AP07TK1363, P.V,Fatal,0
29.01.2019,05:20PM,1225.7,RHS,Rural,Maddipadu,Overturning,,Truck,Minor injury,Defect in mechanical condition of motor vehicle/road condition,Four lanes or more with central divider,Straight road,,Fine,Eicher (mini lorry)                      AP07TK1363, P.V,Grevious,0
29.01.2019,05:20PM,1225.7,RHS,Rural,Maddipadu,Overturning,,Truck,Minor injury,Defect in mechanical condition of motor vehicle/road condition,Four lanes or more with central divider,Straight road,,Fine,Eicher (mini lorry)                      AP07TK1363, P.V,Minor,1
29.01.2019,05:20PM,1225.7,RHS,Rural,Maddipadu,Overturning,,Truck,Minor injury,Defect in mechanical condition of motor vehicle/road condition,Four lanes or more with central divider,Straight road,,Fine,Eicher (mini lorry)                      AP07TK1363, P.V,Non injured,2
29.01.2019,05:20PM,1225.7,RHS,Rural,Maddipadu,Overturning,,Truck,Minor injury,Defect in mechanical condition of motor vehicle/road condition,Four lanes or more with central divider,Straight road,,Fine,Eicher (mini lorry)                      AP07TK1363, P.V,Animals affected,0
30.01.2019,12:30PM,1277,RHS,Rural,Singarayakonda,Collision Brush/Side Wipe,,Truck,Grievious injury,Over speed,Four lanes or more with central divider,Straight road,Four arm junction,Fine,Lorry        AP16TG 1559,A.M.B & P.V,Fatal,0
30.01.2019,12:30PM,1277,RHS,Rural,Singarayakonda,Collision Brush/Side Wipe,,Truck,Grievious injury,Over speed,Four lanes or more with central divider,Straight road,Four arm junction,Fine,Lorry        AP16TG 1559,A.M.B & P.V,Grevious,0
30.01.2019,12:30PM,1277,RHS,Rural,Singarayakonda,Collision Brush/Side Wipe,,Truck,Grievious injury,Over speed,Four lanes or more with central divider,Straight road,Four arm junction,Fine,Lorry        AP16TG 1559,A.M.B & P.V,Minor,2
30.01.2019,12:30PM,1277,RHS,Rural,Singarayakonda,Collision Brush/Side Wipe,,Truck,Grievious injury,Over speed,Four lanes or more with central divider,Straight road,Four arm junction,Fine,Lorry        AP16TG 1559,A.M.B & P.V,Non injured,1
30.01.2019,12:30PM,1277,RHS,Rural,Singarayakonda,Collision Brush/Side Wipe,,Truck,Grievious injury,Over speed,Four lanes or more with central divider,Straight road,Four arm junction,Fine,Lorry        AP16TG 1559,A.M.B & P.V,Animals affected,0
31.01.2019,02:34AM,1280.3,RHS,Rural,Singarayakonda,Collision Brush/Side Wipe,,LCV,Grievious injury,Over speed,Four lanes or more with central divider,Slight curve,,Fine,Mini Lorry AP07C 3466, P.V,Fatal,0
31.01.2019,02:34AM,1280.3,RHS,Rural,Singarayakonda,Collision Brush/Side Wipe,,LCV,Grievious injury,Over speed,Four lanes or more with central divider,Slight curve,,Fine,Mini Lorry AP07C 3466, P.V,Grevious,1
31.01.2019,02:34AM,1280.3,RHS,Rural,Singarayakonda,Collision Brush/Side Wipe,,LCV,Grievious injury,Over speed,Four lanes or more with central divider,Slight curve,,Fine,Mini Lorry AP07C 3466, P.V,Minor,0
31.01.2019,02:34AM,1280.3,RHS,Rural,Singarayakonda,Collision Brush/Side Wipe,,LCV,Grievious injury,Over speed,Four lanes or more with central divider,Slight curve,,Fine,Mini Lorry AP07C 3466, P.V,Non injured,0
31.01.2019,02:34AM,1280.3,RHS,Rural,Singarayakonda,Collision Brush/Side Wipe,,LCV,Grievious injury,Over speed,Four lanes or more with central divider,Slight curve,,Fine,Mini Lorry AP07C 3466, P.V,Animals affected,0
31.01.2019,04:50AM,1306.8,RHS,Rural,Gudluru,Overturning,,LCV,Non injury,Over speed,Four lanes or more with central divider,Straight road,,Fine,Mini Lorry AP16TC 2428, P.V,Fatal,0
31.01.2019,04:50AM,1306.8,RHS,Rural,Gudluru,Overturning,,LCV,Non injury,Over speed,Four lanes or more with central divider,Straight road,,Fine,Mini Lorry AP16TC 2428, P.V,Grevious,0
31.01.2019,04:50AM,1306.8,RHS,Rural,Gudluru,Overturning,,LCV,Non injury,Over speed,Four lanes or more with central divider,Straight road,,Fine,Mini Lorry AP16TC 2428, P.V,Minor,0
31.01.2019,04:50AM,1306.8,RHS,Rural,Gudluru,Overturning,,LCV,Non injury,Over speed,Four lanes or more with central divider,Straight road,,Fine,Mini Lorry AP16TC 2428, P.V,Non injured,1
31.01.2019,04:50AM,1306.8,RHS,Rural,Gudluru,Overturning,,LCV,Non injury,Over speed,Four lanes or more with central divider,Straight road,,Fine,Mini Lorry AP16TC 2428, P.V,Animals affected,0
31.01.2019,04:28PM,1354.1,RHS,Rural,Kodavaluru,Collision Brush/Side Wipe,,Bus,Minor injury,Fault of driver of motor vehicle/driver of other vehicle/cyclist/pedestrian/passenger,Four lanes or more with central divider,Straight road,,Fine,School Bus        AP22Y 4870,P.V,Fatal,0
31.01.2019,04:28PM,1354.1,RHS,Rural,Kodavaluru,Collision Brush/Side Wipe,,Bus,Minor injury,Fault of driver of motor vehicle/driver of other vehicle/cyclist/pedestrian/passenger,Four lanes or more with central divider,Straight road,,Fine,School Bus        AP22Y 4870,P.V,Grevious,0
31.01.2019,04:28PM,1354.1,RHS,Rural,Kodavaluru,Collision Brush/Side Wipe,,Bus,Minor injury,Fault of driver of motor vehicle/driver of other vehicle/cyclist/pedestrian/passenger,Four lanes or more with central divider,Straight road,,Fine,School Bus        AP22Y 4870,P.V,Minor,1
31.01.2019,04:28PM,1354.1,RHS,Rural,Kodavaluru,Collision Brush/Side Wipe,,Bus,Minor injury,Fault of driver of motor vehicle/driver of other vehicle/cyclist/pedestrian/passenger,Four lanes or more with central divider,Straight road,,Fine,School Bus        AP22Y 4870,P.V,Non injured,20
31.01.2019,04:28PM,1354.1,RHS,Rural,Kodavaluru,Collision Brush/Side Wipe,,Bus,Minor injury,Fault of driver of motor vehicle/driver of other vehicle/cyclist/pedestrian/passenger,Four lanes or more with central divider,Straight road,,Fine,School Bus        AP22Y 4870,P.V,Animals affected,0
01.02.2019,12:55AM,1325.6,RHS,Rural,Kavali,Rear End Collision,,MiniBus,Minor injury,Over speed,Four lanes or more with central divider,Straight road,,Fine,Mini Bus(AP03 TL 3679),P.V & A.M.B,Fatal,0
01.02.2019,12:55AM,1325.6,RHS,Rural,Kavali,Rear End Collision,,MiniBus,Minor injury,Over speed,Four lanes or more with central divider,Straight road,,Fine,Mini Bus(AP03 TL 3679),P.V & A.M.B,Grevious,0
01.02.2019,12:55AM,1325.6,RHS,Rural,Kavali,Rear End Collision,,MiniBus,Minor injury,Over speed,Four lanes or more with central divider,Straight road,,Fine,Mini Bus(AP03 TL 3679),P.V & A.M.B,Minor,1
01.02.2019,12:55AM,1325.6,RHS,Rural,Kavali,Rear End Collision,,MiniBus,Minor injury,Over speed,Four lanes or more with central divider,Straight road,,Fine,Mini Bus(AP03 TL 3679),P.V & A.M.B,Non injured,32
01.02.2019,12:55AM,1325.6,RHS,Rural,Kavali,Rear End Collision,,MiniBus,Minor injury,Over speed,Four lanes or more with central divider,Straight road,,Fine,Mini Bus(AP03 TL 3679),P.V & A.M.B,Animals affected,0
01.02.2019,03:20AM,1315.3,RHS,Rural,Kavali,Overturning,,Truck,Minor injury,Fault of driver of motor vehicle/driver of other vehicle/cyclist/pedestrian/passenger,Four lanes or more with central divider,Straight road,,Fine,Lorry         (HR55V 9011),P.V,Fatal,0
01.02.2019,03:20AM,1315.3,RHS,Rural,Kavali,Overturning,,Truck,Minor injury,Fault of driver of motor vehicle/driver of other vehicle/cyclist/pedestrian/passenger,Four lanes or more with central divider,Straight road,,Fine,Lorry         (HR55V 9011),P.V,Grevious,0