Operational date,Time of Accident,KM && M,Position,Rural/Urban,Location,Nature of Accident Position,Nature of Accident,Vehicle Involved,Type of Accident,Causes,Road Feature,Road condition,Intersection Type And Control,Weather Condition,Vehicle Responsible,Help Provided by Ambulance/Patroling Vehicle,Classification of Accident,No of Affected Persons
01.02.2019,03:20AM,1315.3,RHS,Rural,Kavali,Overturning,,Truck,Minor injury,Fault of driver of motor vehicle/driver of other vehicle/cyclist/pedestrian/passenger,Four lanes or more with central divider,Straight road,,Fine,Lorry         (HR55V 9011),P.V,Minor,2
01.02.2019,03:20AM,1315.3,RHS,Rural,Kavali,Overturning,,Truck,Minor injury,Fault of driver of motor vehicle/driver of other vehicle/cyclist/pedestrian/passenger,Four lanes or more with central divider,Straight road,,Fine,Lorry         (HR55V 9011),P.V,Non injured,0
01.02.2019,03:20AM,1315.3,RHS,Rural,Kavali,Overturning,,Truck,Minor injury,Fault of driver of motor vehicle/driver of other vehicle/cyclist/pedestrian/passenger,Four lanes or more with central divider,Straight road,,Fine,Lorry         (HR55V 9011),P.V,Animals affected,0
01.02.2019,03:30AM,1358.7,RHS,Rural,Kodavaluru,Rear End Collision,,Truck,Grievious injury,Fault of driver of motor vehicle/driver of other vehicle/cyclist/pedestrian/passenger,Four lanes or more with central divider,Straight road,,Fine,Lorry         (TN73T 1813),P.V & A.M.B,Fatal,0
01.02.2019,03:30AM,1358.7,RHS,Rural,Kodavaluru,Rear End Collision,,Truck,Grievious injury,Fault of driver of motor vehicle/driver of other vehicle/cyclist/pedestrian/passenger,Four lanes or more with central divider,Straight road,,Fine,Lorry         (TN73T 1813),P.V & A.M.B,Grevious,1
01.02.2019,03:30AM,1358.7,RHS,Rural,Kodavaluru,Rear End Collision,,Truck,Grievious injury,Fault of driver of motor vehicle/driver of other vehicle/cyclist/pedestrian/passenger,Four lanes or more with central divider,Straight road,,Fine,Lorry         (TN73T 1813),P.V & A.M.B,Minor,0
01.02.2019,03:30AM,1358.7,RHS,Rural,Kodavaluru,Rear End Collision,,Truck,Grievious injury,Fault of driver of motor vehicle/driver of other vehicle/cyclist/pedestrian/passenger,Four lanes or more with central divider,Straight road,,Fine,Lorry         (TN73T 1813),P.V & A.M.B,Non injured,0
01.02.2019,03:30AM,1358.7,RHS,Rural,Kodavaluru,Rear End Collision,,Truck,Grievious injury,Fault of driver of motor vehicle/driver of other vehicle/cyclist/pedestrian/passenger,Four lanes or more with central divider,Straight road,,Fine,Lorry         (TN73T 1813),P.V & A.M.B,Animals affected,0
01.02.2019,06:35AM,1241,RHS,Rural,Ongole,Rear End Collision,,Truck,Non injury,Over speed,Four lanes or more with central divider,Straight road,,Fine,Lorry         (AP07TE 8459),P.V,Fatal,0
01.02.2019,06:35AM,1241,RHS,Rural,Ongole,Rear End Collision,,Truck,Non injury,Over speed,Four lanes or more with central divider,Straight road,,Fine,Lorry         (AP07TE 8459),P.V,Grevious,0
01.02.2019,06:35AM,1241,RHS,Rural,Ongole,Rear End Collision,,Truck,Non injury,Over speed,Four lanes or more with central divider,Straight road,,Fine,Lorry         (AP07TE 8459),P.V,Minor,0
01.02.2019,06:35AM,1241,RHS,Rural,Ongole,Rear End Collision,,Truck,Non injury,Over speed,Four lanes or more with central divider,Straight road,,Fine,Lorry         (AP07TE 8459),P.V,Non injured,2
01.02.2019,06:35AM,1241,RHS,Rural,Ongole,Rear End Collision,,Truck,Non injury,Over speed,Four lanes or more with central divider,Straight road,,Fine,Lorry         (AP07TE 8459),P.V,Animals affected,0
01.02.2019,05:00PM,1282.1,RHS,Rural,Singarayakonda,Overturning,,Truck,Non injury,Over speed,Four lanes or more with central divider,Straight road,,Fine,Lorry         (TN34X3800),P.V,Fatal,0
01.02.2019,05:00PM,1282.1,RHS,Rural,Singarayakonda,Overturning,,Truck,Non injury,Over speed,Four lanes or more with central divider,Straight road,,Fine,Lorry         (TN34X3800),P.V,Grevious,0
01.02.2019,05:00PM,1282.1,RHS,Rural,Singarayakonda,Overturning,,Truck,Non injury,Over speed,Four lanes or more with central divider,Straight road,,Fine,Lorry         (TN34X3800),P.V,Minor,0
01.02.2019,05:00PM,1282.1,RHS,Rural,Singarayakonda,Overturning,,Truck,Non injury,Over speed,Four lanes or more with central divider,Straight road,,Fine,Lorry         (TN34X3800),P.V,Non injured,2
01.02.2019,05:00PM,1282.1,RHS,Rural,Singarayakonda,Overturning,,Truck,Non injury,Over speed,Four lanes or more with central divider,Straight road,,Fine,Lorry         (TN34X3800),P.V,Animals affected,0
01.02.2019,06:48PM,1291.6,RHS,Rural,Ulavapadu,Collision Brush/Side Wipe,,Container,Grievious injury,Fault of driver of motor vehicle/driver of other vehicle/cyclist/pedestrian/passenger,Four lanes or more with central divider,Straight road,T-Junction,Fine,Container Vehicle(TN49BB 8138),P.V,Fatal,0
01.02.2019,06:48PM,1291.6,RHS,Rural,Ulavapadu,Collision Brush/Side Wipe,,Container,Grievious injury,Fault of driver of motor vehicle/driver of other vehicle/cyclist/pedestrian/passenger,Four lanes or more with central divider,Straight road,T-Junction,Fine,Container Vehicle(TN49BB 8138),P.V,Grevious,1
01.02.2019,06:48PM,1291.6,RHS,Rural,Ulavapadu,Collision Brush/Side Wipe,,Container,Grievious injury,Fault of driver of motor vehicle/driver of other vehicle/cyclist/pedestrian/passenger,Four lanes or more with central divider,Straight road,T-Junction,Fine,Container Vehicle(TN49BB 8138),P.V,Minor,0
01.02.2019,06:48PM,1291.6,RHS,Rural,Ulavapadu,Collision Brush/Side Wipe,,Container,Grievious injury,Fault of driver of motor vehicle/driver of other vehicle/cyclist/pedestrian/passenger,Four lanes or more with central divider,Straight road,T-Junction,Fine,Container Vehicle(TN49BB 8138),P.V,Non injured,1
01.02.2019,06:48PM,1291.6,RHS,Rural,Ulavapadu,Collision Brush/Side Wipe,,Container,Grievious injury,Fault of driver of motor vehicle/driver of other vehicle/cyclist/pedestrian/passenger,Four lanes or more with central divider,Straight road,T-Junction,Fine,Container Vehicle(TN49BB 8138),P.V,Animals affected,0
02.02.2019,01:20pm,1285.9,RHS,Rural,Ulavapadu,Collision Brush/Side Wipe,,Bike,Grievious injury,Over speed,Four lanes or more with central divider,Straight road,T-Junction,Fine,Bajaj pulsar  (AP27L1308),P.V,Fatal,0
02.02.2019,01:20pm,1285.9,RHS,Rural,Ulavapadu,Collision Brush/Side Wipe,,Bike,Grievious injury,Over speed,Four lanes or more with central divider,Straight road,T-Junction,Fine,Bajaj pulsar  (AP27L1308),P.V,Grevious,2
02.02.2019,01:20pm,1285.9,RHS,Rural,Ulavapadu,Collision Brush/Side Wipe,,Bike,Grievious injury,Over speed,Four lanes or more with central divider,Straight road,T-Junction,Fine,Bajaj pulsar  (AP27L1308),P.V,Minor,0
02.02.2019,01:20pm,1285.9,RHS,Rural,Ulavapadu,Collision Brush/Side Wipe,,Bike,Grievious injury,Over speed,Four lanes or more with central divider,Straight road,T-Junction,Fine,Bajaj pulsar  (AP27L1308),P.V,Non injured,0
02.02.2019,01:20pm,1285.9,RHS,Rural,Ulavapadu,Collision Brush/Side Wipe,,Bike,Grievious injury,Over speed,Four lanes or more with central divider,Straight road,T-Junction,Fine,Bajaj pulsar  (AP27L1308),P.V,Animals affected,0
03.02.2019,01:23PM,1278.2,RHS,Rural,Singarayakonda,Collision Brush/Side Wipe,,Unknown vehicle,Minor injury,Defect in mechanical condition of motor vehicle/road condition,Four lanes or more with central divider,Straight road,,Fine,Unknown vehicle,A.M.B & P.V,Fatal,0
03.02.2019,01:23PM,1278.2,RHS,Rural,Singarayakonda,Collision Brush/Side Wipe,,Unknown vehicle,Minor injury,Defect in mechanical condition of motor vehicle/road condition,Four lanes or more with central divider,Straight road,,Fine,Unknown vehicle,A.M.B & P.V,Grevious,0
03.02.2019,01:23PM,1278.2,RHS,Rural,Singarayakonda,Collision Brush/Side Wipe,,Unknown vehicle,Minor injury,Defect in mechanical condition of motor vehicle/road condition,Four lanes or more with central divider,Straight road,,Fine,Unknown vehicle,A.M.B & P.V,Minor,1
03.02.2019,01:23PM,1278.2,RHS,Rural,Singarayakonda,Collision Brush/Side Wipe,,Unknown vehicle,Minor injury,Defect in mechanical condition of motor vehicle/road condition,Four lanes or more with central divider,Straight road,,Fine,Unknown vehicle,A.M.B & P.V,Non injured,3
03.02.2019,01:23PM,1278.2,RHS,Rural,Singarayakonda,Collision Brush/Side Wipe,,Unknown vehicle,Minor injury,Defect in mechanical condition of motor vehicle/road condition,Four lanes or more with central divider,Straight road,,Fine,Unknown vehicle,A.M.B & P.V,Animals affected,0
03.02.2019,12:25PM,1256.4,RHS,Rural,Tangutur,Skidding,,Bike,Minor injury,Vehicle out of control,Two lanes,Straight road,,Fine,Bike (AP26AR2797),A.M.B,Fatal,0
03.02.2019,12:25PM,1256.4,RHS,Rural,Tangutur,Skidding,,Bike,Minor injury,Vehicle out of control,Two lanes,Straight road,,Fine,Bike (AP26AR2797),A.M.B,Grevious,0
03.02.2019,12:25PM,1256.4,RHS,Rural,Tangutur,Skidding,,Bike,Minor injury,Vehicle out of control,Two lanes,Straight road,,Fine,Bike (AP26AR2797),A.M.B,Minor,1
03.02.2019,12:25PM,1256.4,RHS,Rural,Tangutur,Skidding,,Bike,Minor injury,Vehicle out of control,Two lanes,Straight road,,Fine,Bike (AP26AR2797),A.M.B,Non injured,1
03.02.2019,12:25PM,1256.4,RHS,Rural,Tangutur,Skidding,,Bike,Minor injury,Vehicle out of control,Two lanes,Straight road,,Fine,Bike (AP26AR2797),A.M.B,Animals affected,0
03.02.2019,01:35PM,1192.7,RHS,Rural,Martur,Collision Brush/Side Wipe,,Bike,Grievious injury,Druken,Four lanes or more with central divider,Straight road,,Fine,Bike (AP07P9022),A.M.B & P.V,Fatal,0
03.02.2019,01:35PM,1192.7,RHS,Rural,Martur,Collision Brush/Side Wipe,,Bike,Grievious injury,Druken,Four lanes or more with central divider,Straight road,,Fine,Bike (AP07P9022),A.M.B & P.V,Grevious,1
03.02.2019,01:35PM,1192.7,RHS,Rural,Martur,Collision Brush/Side Wipe,,Bike,Grievious injury,Druken,Four lanes or more with central divider,Straight road,,Fine,Bike (AP07P9022),A.M.B & P.V,Minor,0
03.02.2019,01:35PM,1192.7,RHS,Rural,Martur,Collision Brush/Side Wipe,,Bike,Grievious injury,Druken,Four lanes or more with central divider,Straight road,,Fine,Bike (AP07P9022),A.M.B & P.V,Non injured,0
03.02.2019,01:35PM,1192.7,RHS,Rural,Martur,Collision Brush/Side Wipe,,Bike,Grievious injury,Druken,Four lanes or more with central divider,Straight road,,Fine,Bike (AP07P9022),A.M.B & P.V,Animals affected,0
03.02.2019,02:02PM,1335,RHS,Rural,K.Tippa ,Head on collision,,Bike,Minor injury,Over speed,Four lanes or more with central divider,Straight road,,Fine,Bike (AP07BV1667), P.V,Fatal,0
03.02.2019,02:02PM,1335,RHS,Rural,K.Tippa ,Head on collision,,Bike,Minor injury,Over speed,Four lanes or more with central divider,Straight road,,Fine,Bike (AP07BV1667), P.V,Grevious,0
03.02.2019,02:02PM,1335,RHS,Rural,K.Tippa ,Head on collision,,Bike,Minor injury,Over speed,Four lanes or more with central divider,Straight road,,Fine,Bike (AP07BV1667), P.V,Minor,1
03.02.2019,02:02PM,1335,RHS,Rural,K.Tippa ,Head on collision,,Bike,Minor injury,Over speed,Four lanes or more with central divider,Straight road,,Fine,Bike (AP07BV1667), P.V,Non injured,1
03.02.2019,02:02PM,1335,RHS,Rural,K.Tippa ,Head on collision,,Bike,Minor injury,Over speed,Four lanes or more with central divider,Straight road,,Fine,Bike (AP07BV1667), P.V,Animals affected,0
06.02.2019,08:00PM,1249.9,RHS,Rural,Ongole,Collision Brush/Side Wipe,,Bike,Minor injury,Over speed,Four lanes or more with central divider,Straight road,,Fine,Bike (AP27D5927),A.M.B & P.V,Fatal,0
06.02.2019,08:00PM,1249.9,RHS,Rural,Ongole,Collision Brush/Side Wipe,,Bike,Minor injury,Over speed,Four lanes or more with central divider,Straight road,,Fine,Bike (AP27D5927),A.M.B & P.V,Grevious,0
06.02.2019,08:00PM,1249.9,RHS,Rural,Ongole,Collision Brush/Side Wipe,,Bike,Minor injury,Over speed,Four lanes or more with central divider,Straight road,,Fine,Bike (AP27D5927),A.M.B & P.V,Minor,1
06.02.2019,08:00PM,1249.9,RHS,Rural,Ongole,Collision Brush/Side Wipe,,Bike,Minor injury,Over speed,Four lanes or more with central divider,Straight road,,Fine,Bike (AP27D5927),A.M.B & P.V,Non injured,1
06.02.2019,08:00PM,1249.9,RHS,Rural,Ongole,Collision Brush/Side Wipe,,Bike,Minor injury,Over speed,Four lanes or more with central divider,Straight road,,Fine,Bike (AP27D5927),A.M.B & P.V,Animals affected,0
07.02.2019,12:55AM,1260.7,RHS,Rural,Tangutur,Rear End Collision,,Car,Minor injury,Fault of driver of motor vehicle/driver of other vehicle/cyclist/pedestrian/passenger,Four lanes or more with central divider,Straight road,,Fine,Mahindra Car(AP18P 3604), P.V,Fatal,0
07.02.2019,12:55AM,1260.7,RHS,Rural,Tangutur,Rear End Collision,,Car,Minor injury,Fault of driver of motor vehicle/driver of other vehicle/cyclist/pedestrian/passenger,Four lanes or more with central divider,Straight road,,Fine,Mahindra Car(AP18P 3604), P.V,Grevious,0
07.02.2019,12:55AM,1260.7,RHS,Rural,Tangutur,Rear End Collision,,Car,Minor injury,Fault of driver of motor vehicle/driver of other vehicle/cyclist/pedestrian/passenger,Four lanes or more with central divider,Straight road,,Fine,Mahindra Car(AP18P 3604), P.V,Minor,1
07.02.2019,12:55AM,1260.7,RHS,Rural,Tangutur,Rear End Collision,,Car,Minor injury,Fault of driver of motor vehicle/driver of other vehicle/cyclist/pedestrian/passenger,Four lanes or more with central divider,Straight road,,Fine,Mahindra Car(AP18P 3604), P.V,Non injured,1
07.02.2019,12:55AM,1260.7,RHS,Rural,Tangutur,Rear End Collision,,Car,Minor injury,Fault of driver of motor vehicle/driver of other vehicle/cyclist/pedestrian/passenger,Four lanes or more with central divider,Straight road,,Fine,Mahindra Car(AP18P 3604), P.V,Animals affected,0
07.02.2019,03:30AM,1294.2,RHS,Rural,Ulavapadu,Rear End Collision,,Container,Minor injury,Fault of driver of motor vehicle/driver of other vehicle/cyclist/pedestrian/passenger,Four lanes or more with central divider,Straight road,,Fine,Container Vehicle (TN10BB 0579, P.V,Fatal,0
07.02.2019,03:30AM,1294.2,RHS,Rural,Ulavapadu,Rear End Collision,,Container,Minor injury,Fault of driver of motor vehicle/driver of other vehicle/cyclist/pedestrian/passenger,Four lanes or more with central divider,Straight road,,Fine,Container Vehicle (TN10BB 0579, P.V,Grevious,0
07.02.2019,03:30AM,1294.2,RHS,Rural,Ulavapadu,Rear End Collision,,Container,Minor injury,Fault of driver of motor vehicle/driver of other vehicle/cyclist/pedestrian/passenger,Four lanes or more with central divider,Straight road,,Fine,Container Vehicle (TN10BB 0579, P.V,Minor,1
07.02.2019,03:30AM,1294.2,RHS,Rural,Ulavapadu,Rear End Collision,,Container,Minor injury,Fault of driver of motor vehicle/driver of other vehicle/cyclist/pedestrian/passenger,Four lanes or more with central divider,Straight road,,Fine,Container Vehicle (TN10BB 0579, P.V,Non injured,1
07.02.2019,03:30AM,1294.2,RHS,Rural,Ulavapadu,Rear End Collision,,Container,Minor injury,Fault of driver of motor vehicle/driver of other vehicle/cyclist/pedestrian/passenger,Four lanes or more with central divider,Straight road,,Fine,Container Vehicle (TN10BB 0579, P.V,Animals affected,0
07.02.2019,10:55AM,1185.6,RHS,Rural,Martur,Collision Brush/Side Wipe,,Car,Minor injury,Over speed,Four lanes or more with central divider,Straight road,,Fine, Car             (AP16XY T/R 0092),A.M.B & P.V,Fatal,0
07.02.2019,10:55AM,1185.6,RHS,Rural,Martur,Collision Brush/Side Wipe,,Car,Minor injury,Over speed,Four lanes or more with central divider,Straight road,,Fine, Car             (AP16XY T/R 0092),A.M.B & P.V,Grevious,0
07.02.2019,10:55AM,1185.6,RHS,Rural,Martur,Collision Brush/Side Wipe,,Car,Minor injury,Over speed,Four lanes or more with central divider,Straight road,,Fine, Car             (AP16XY T/R 0092),A.M.B & P.V,Minor,1
07.02.2019,10:55AM,1185.6,RHS,Rural,Martur,Collision Brush/Side Wipe,,Car,Minor injury,Over speed,Four lanes or more with central divider,Straight road,,Fine, Car             (AP16XY T/R 0092),A.M.B & P.V,Non injured,6
07.02.2019,10:55AM,1185.6,RHS,Rural,Martur,Collision Brush/Side Wipe,,Car,Minor injury,Over speed,Four lanes or more with central divider,Straight road,,Fine, Car             (AP16XY T/R 0092),A.M.B & P.V,Animals affected,0
07.02.2019,01:23PM,1258.9,RHS,Rural,Tangutur,Overturning,,Car,Minor injury,Defect in mechanical condition of motor vehicle/road condition,Four lanes or more with central divider,Straight road,,Fine,Bolero Vehicle  (TS08UA 2751),A.M.B & P.V,Fatal,0
07.02.2019,01:23PM,1258.9,RHS,Rural,Tangutur,Overturning,,Car,Minor injury,Defect in mechanical condition of motor vehicle/road condition,Four lanes or more with central divider,Straight road,,Fine,Bolero Vehicle  (TS08UA 2751),A.M.B & P.V,Grevious,0
07.02.2019,01:23PM,1258.9,RHS,Rural,Tangutur,Overturning,,Car,Minor injury,Defect in mechanical condition of motor vehicle/road condition,Four lanes or more with central divider,Straight road,,Fine,Bolero Vehicle  (TS08UA 2751),A.M.B & P.V,Minor,1
07.02.2019,01:23PM,1258.9,RHS,Rural,Tangutur,Overturning,,Car,Minor injury,Defect in mechanical condition of motor vehicle/road condition,Four lanes or more with central divider,Straight road,,Fine,Bolero Vehicle  (TS08UA 2751),A.M.B & P.V,Non injured,2
07.02.2019,01:23PM,1258.9,RHS,Rural,Tangutur,Overturning,,Car,Minor injury,Defect in mechanical condition of motor vehicle/road condition,Four lanes or more with central divider,Straight road,,Fine,Bolero Vehicle  (TS08UA 2751),A.M.B & P.V,Animals affected,0
07.02.2019,03:25PM,1324.4,RHS,Rural,Kavali,Collision Brush/Side Wipe,,Truck,Minor injury,Fault of driver of motor vehicle/driver of other vehicle/cyclist/pedestrian/passenger,Four lanes or more with central divider,Straight road,,Fine,Lorry       (PY01BF 7786),A.M.B & P.V,Fatal,0
07.02.2019,03:25PM,1324.4,RHS,Rural,Kavali,Collision Brush/Side Wipe,,Truck,Minor injury,Fault of driver of motor vehicle/driver of other vehicle/cyclist/pedestrian/passenger,Four lanes or more with central divider,Straight road,,Fine,Lorry       (PY01BF 7786),A.M.B & P.V,Grevious,0
07.02.2019,03:25PM,1324.4,RHS,Rural,Kavali,Collision Brush/Side Wipe,,Truck,Minor injury,Fault of driver of motor vehicle/driver of other vehicle/cyclist/pedestrian/passenger,Four lanes or more with central divider,Straight road,,Fine,Lorry       (PY01BF 7786),A.M.B & P.V,Minor,1
07.02.2019,03:25PM,1324.4,RHS,Rural,Kavali,Collision Brush/Side Wipe,,Truck,Minor injury,Fault of driver of motor vehicle/driver of other vehicle/cyclist/pedestrian/passenger,Four lanes or more with central divider,Straight road,,Fine,Lorry       (PY01BF 7786),A.M.B & P.V,Non injured,1
07.02.2019,03:25PM,1324.4,RHS,Rural,Kavali,Collision Brush/Side Wipe,,Truck,Minor injury,Fault of driver of motor vehicle/driver of other vehicle/cyclist/pedestrian/passenger,Four lanes or more with central divider,Straight road,,Fine,Lorry       (PY01BF 7786),A.M.B & P.V,Animals affected,0
07.02.2019,05:00PM,1219,RHS,Rural,Medarametla,Collision Brush/Side Wipe,,LCV,Non injury,Fault of driver of motor vehicle/driver of other vehicle/cyclist/pedestrian/passenger,Four lanes or more with central divider,Straight road,,Fine,Mini Lorry  (TN18AP3871), P.V,Fatal,0
07.02.2019,05:00PM,1219,RHS,Rural,Medarametla,Collision Brush/Side Wipe,,LCV,Non injury,Fault of driver of motor vehicle/driver of other vehicle/cyclist/pedestrian/passenger,Four lanes or more with central divider,Straight road,,Fine,Mini Lorry  (TN18AP3871), P.V,Grevious,0
07.02.2019,05:00PM,1219,RHS,Rural,Medarametla,Collision Brush/Side Wipe,,LCV,Non injury,Fault of driver of motor vehicle/driver of other vehicle/cyclist/pedestrian/passenger,Four lanes or more with central divider,Straight road,,Fine,Mini Lorry  (TN18AP3871), P.V,Minor,0
07.02.2019,05:00PM,1219,RHS,Rural,Medarametla,Collision Brush/Side Wipe,,LCV,Non injury,Fault of driver of motor vehicle/driver of other vehicle/cyclist/pedestrian/passenger,Four lanes or more with central divider,Straight road,,Fine,Mini Lorry  (TN18AP3871), P.V,Non injured,2
07.02.2019,05:00PM,1219,RHS,Rural,Medarametla,Collision Brush/Side Wipe,,LCV,Non injury,Fault of driver of motor vehicle/driver of other vehicle/cyclist/pedestrian/passenger,Four lanes or more with central divider,Straight road,,Fine,Mini Lorry  (TN18AP3871), P.V,Animals affected,0
08.02.2019,11:00AM,1273,RHS,Rural,Singarayakonda,Skidding,,Bike,Minor injury,Over speed,Four lanes or more with central divider,Straight road,,Fine,Bike        (AP27CC 8093),A.M.B ,Fatal,0
08.02.2019,11:00AM,1273,RHS,Rural,Singarayakonda,Skidding,,Bike,Minor injury,Over speed,Four lanes or more with central divider,Straight road,,Fine,Bike        (AP27CC 8093),A.M.B ,Grevious,0
08.02.2019,11:00AM,1273,RHS,Rural,Singarayakonda,Skidding,,Bike,Minor injury,Over speed,Four lanes or more with central divider,Straight road,,Fine,Bike        (AP27CC 8093),A.M.B ,Minor,1
08.02.2019,11:00AM,1273,RHS,Rural,Singarayakonda,Skidding,,Bike,Minor injury,Over speed,Four lanes or more with central divider,Straight road,,Fine,Bike        (AP27CC 8093),A.M.B ,Non injured,0
08.02.2019,11:00AM,1273,RHS,Rural,Singarayakonda,Skidding,,Bike,Minor injury,Over speed,Four lanes or more with central divider,Straight road,,Fine,Bike        (AP27CC 8093),A.M.B ,Animals affected,0
09.02.2019,02:53AM,1242.6,RHS,Urban,Ongole,Overturning,,Car,Non injury,Fault of driver of motor vehicle/driver of other vehicle/cyclist/pedestrian/passenger,Four lanes or more with central divider,Slight curve,,Fine,Ashok leyland dost vehicle        (KA40A6511),P.V,Fatal,0
09.02.2019,02:53AM,1242.6,RHS,Urban,Ongole,Overturning,,Car,Non injury,Fault of driver of motor vehicle/driver of other vehicle/cyclist/pedestrian/passenger,Four lanes or more with central divider,Slight curve,,Fine,Ashok leyland dost vehicle        (KA40A6511),P.V,Grevious,0
09.02.2019,02:53AM,1242.6,RHS,Urban,Ongole,Overturning,,Car,Non injury,Fault of driver of motor vehicle/driver of other vehicle/cyclist/pedestrian/passenger,Four lanes or more with central divider,Slight curve,,Fine,Ashok leyland dost vehicle        (KA40A6511),P.V,Minor,0
09.02.2019,02:53AM,1242.6,RHS,Urban,Ongole,Overturning,,Car,Non injury,Fault of driver of motor vehicle/driver of other vehicle/cyclist/pedestrian/passenger,Four lanes or more with central divider,Slight curve,,Fine,Ashok leyland dost vehicle        (KA40A6511),P.V,Non injured,2
09.02.2019,02:53AM,1242.6,RHS,Urban,Ongole,Overturning,,Car,Non injury,Fault of driver of motor vehicle/driver of other vehicle/cyclist/pedestrian/passenger,Four lanes or more with central divider,Slight curve,,Fine,Ashok leyland dost vehicle        (KA40A6511),P.V,Animals affected,0
09.02.2019,05:50AM,1333.5,RHS,Rural,K.Tippa ,Collision Brush/Side Wipe,,LCV,Minor injury,Fault of driver of motor vehicle/driver of other vehicle/cyclist/pedestrian/passenger,Four lanes or more with central divider,Straight road,,Fine,Mini Lorry  (AP07TE9198),P.V,Fatal,0
09.02.2019,05:50AM,1333.5,RHS,Rural,K.Tippa ,Collision Brush/Side Wipe,,LCV,Minor injury,Fault of driver of motor vehicle/driver of other vehicle/cyclist/pedestrian/passenger,Four lanes or more with central divider,Straight road,,Fine,Mini Lorry  (AP07TE9198),P.V,Grevious,0
09.02.2019,05:50AM,1333.5,RHS,Rural,K.Tippa ,Collision Brush/Side Wipe,,LCV,Minor injury,Fault of driver of motor vehicle/driver of other vehicle/cyclist/pedestrian/passenger,Four lanes or more with central divider,Straight road,,Fine,Mini Lorry  (AP07TE9198),P.V,Minor,1
09.02.2019,05:50AM,1333.5,RHS,Rural,K.Tippa ,Collision Brush/Side Wipe,,LCV,Minor injury,Fault of driver of motor vehicle/driver of other vehicle/cyclist/pedestrian/passenger,Four lanes or more with central divider,Straight road,,Fine,Mini Lorry  (AP07TE9198),P.V,Non injured,1
09.02.2019,05:50AM,1333.5,RHS,Rural,K.Tippa ,Collision Brush/Side Wipe,,LCV,Minor injury,Fault of driver of motor vehicle/driver of other vehicle/cyclist/pedestrian/passenger,Four lanes or more with central divider,Straight road,,Fine,Mini Lorry  (AP07TE9198),P.V,Animals affected,0
09.02.2019,07:35AM,1243.7,RHS,Urban,Ongole,Collision Brush/Side Wipe,,Unknown vehicle,Non injury,Over speed,Four lanes or more with central divider,Straight road,,Fine,Unknown Vehicle,P.V,Fatal,0
09.02.2019,07:35AM,1243.7,RHS,Urban,Ongole,Collision Brush/Side Wipe,,Unknown vehicle,Non injury,Over speed,Four lanes or more with central divider,Straight road,,Fine,Unknown Vehicle,P.V,Grevious,0
09.02.2019,07:35AM,1243.7,RHS,Urban,Ongole,Collision Brush/Side Wipe,,Unknown vehicle,Non injury,Over speed,Four lanes or more with central divider,Straight road,,Fine,Unknown Vehicle,P.V,Minor,0
09.02.2019,07:35AM,1243.7,RHS,Urban,Ongole,Collision Brush/Side Wipe,,Unknown vehicle,Non injury,Over speed,Four lanes or more with central divider,Straight road,,Fine,Unknown Vehicle,P.V,Non injured,1
09.02.2019,07:35AM,1243.7,RHS,Urban,Ongole,Collision Brush/Side Wipe,,Unknown vehicle,Non injury,Over speed,Four lanes or more with central divider,Straight road,,Fine,Unknown Vehicle,P.V,Animals affected,0
09.02.2019,04:35PM,1339.6,RHS,Rural,Dagadarthi,Collision Brush/Side Wipe,,Truck,Grievious injury,Druken,Four lanes or more with central divider,Straight road,,Fine,Lorry (AP26TD2467),P.V,Fatal,0
09.02.2019,04:35PM,1339.6,RHS,Rural,Dagadarthi,Collision Brush/Side Wipe,,Truck,Grievious injury,Druken,Four lanes or more with central divider,Straight road,,Fine,Lorry (AP26TD2467),P.V,Grevious,1
09.02.2019,04:35PM,1339.6,RHS,Rural,Dagadarthi,Collision Brush/Side Wipe,,Truck,Grievious injury,Druken,Four lanes or more with central divider,Straight road,,Fine,Lorry (AP26TD2467),P.V,Minor,0
09.02.2019,04:35PM,1339.6,RHS,Rural,Dagadarthi,Collision Brush/Side Wipe,,Truck,Grievious injury,Druken,Four lanes or more with central divider,Straight road,,Fine,Lorry (AP26TD2467),P.V,Non injured,1
09.02.2019,04:35PM,1339.6,RHS,Rural,Dagadarthi,Collision Brush/Side Wipe,,Truck,Grievious injury,Druken,Four lanes or more with central divider,Straight road,,Fine,Lorry (AP26TD2467),P.V,Animals affected,0
10.02.2019,12:25AM,1361.5,RHS,Rural,Kodavaluru,Collision Brush/Side Wipe,,Truck,Fatal,Fault of driver of motor vehicle/driver of other vehicle/cyclist/pedestrian/passenger,Four lanes or more with central divider,Straight road,,Fine,Lorry        (AP07TT4899),P.V,Fatal,1
10.02.2019,12:25AM,1361.5,RHS,Rural,Kodavaluru,Collision Brush/Side Wipe,,Truck,Fatal,Fault of driver of motor vehicle/driver of other vehicle/cyclist/pedestrian/passenger,Four lanes or more with central divider,Straight road,,Fine,Lorry        (AP07TT4899),P.V,Grevious,0
10.02.2019,12:25AM,1361.5,RHS,Rural,Kodavaluru,Collision Brush/Side Wipe,,Truck,Fatal,Fault of driver of motor vehicle/driver of other vehicle/cyclist/pedestrian/passenger,Four lanes or more with central divider,Straight road,,Fine,Lorry        (AP07TT4899),P.V,Minor,0