Operational date,Time of Accident,KM && M,Position,Rural/Urban,Location,Nature of Accident Position,Nature of Accident,Vehicle Involved,Type of Accident,Causes,Road Feature,Road condition,Intersection Type And Control,Weather Condition,Vehicle Responsible,Help Provided by Ambulance/Patroling Vehicle,Classification of Accident,No of Affected Persons
10.02.2019,12:25AM,1361.5,RHS,Rural,Kodavaluru,Collision Brush/Side Wipe,,Truck,Fatal,Fault of driver of motor vehicle/driver of other vehicle/cyclist/pedestrian/passenger,Four lanes or more with central divider,Straight road,,Fine,Lorry        (AP07TT4899),P.V,Non injured,1
10.02.2019,12:25AM,1361.5,RHS,Rural,Kodavaluru,Collision Brush/Side Wipe,,Truck,Fatal,Fault of driver of motor vehicle/driver of other vehicle/cyclist/pedestrian/passenger,Four lanes or more with central divider,Straight road,,Fine,Lorry        (AP07TT4899),P.V,Animals affected,0
10.02.2019,11:30AM,1309.3,RHS,Rural,Kavali,Collision Brush/Side Wipe,,Car,Fatal,Over speed,Four lanes or more with central divider,Straight road,,Fine,Car  (TN13M6249),P.V,Fatal,1
10.02.2019,11:30AM,1309.3,RHS,Rural,Kavali,Collision Brush/Side Wipe,,Car,Fatal,Over speed,Four lanes or more with central divider,Straight road,,Fine,Car  (TN13M6249),P.V,Grevious,0
10.02.2019,11:30AM,1309.3,RHS,Rural,Kavali,Collision Brush/Side Wipe,,Car,Fatal,Over speed,Four lanes or more with central divider,Straight road,,Fine,Car  (TN13M6249),P.V,Minor,0
10.02.2019,11:30AM,1309.3,RHS,Rural,Kavali,Collision Brush/Side Wipe,,Car,Fatal,Over speed,Four lanes or more with central divider,Straight road,,Fine,Car  (TN13M6249),P.V,Non injured,1
10.02.2019,11:30AM,1309.3,RHS,Rural,Kavali,Collision Brush/Side Wipe,,Car,Fatal,Over speed,Four lanes or more with central divider,Straight road,,Fine,Car  (TN13M6249),P.V,Animals affected,0
10.02.2019,08:55PM,1271.6,RHS,Rural,Jarugumalli,Collision Brush/Side Wipe,,Car,Fatal,Over speed,Four lanes or more with central divider,Straight road,,Fine,Car  (TS15EP2329),P.V,Fatal,1
10.02.2019,08:55PM,1271.6,RHS,Rural,Jarugumalli,Collision Brush/Side Wipe,,Car,Fatal,Over speed,Four lanes or more with central divider,Straight road,,Fine,Car  (TS15EP2329),P.V,Grevious,0
10.02.2019,08:55PM,1271.6,RHS,Rural,Jarugumalli,Collision Brush/Side Wipe,,Car,Fatal,Over speed,Four lanes or more with central divider,Straight road,,Fine,Car  (TS15EP2329),P.V,Minor,0
10.02.2019,08:55PM,1271.6,RHS,Rural,Jarugumalli,Collision Brush/Side Wipe,,Car,Fatal,Over speed,Four lanes or more with central divider,Straight road,,Fine,Car  (TS15EP2329),P.V,Non injured,3
10.02.2019,08:55PM,1271.6,RHS,Rural,Jarugumalli,Collision Brush/Side Wipe,,Car,Fatal,Over speed,Four lanes or more with central divider,Straight road,,Fine,Car  (TS15EP2329),P.V,Animals affected,0
11.02.2019,05:00AM,1283.8,RHS,Rural,Ulavapadu,Collision Brush/Side Wipe,,Car,Minor injury,Defect in mechanical condition of motor vehicle/road condition,Four lanes or more with central divider,Straight road,,Fine,Car (AP16EA 2447),P.V,Fatal,0
11.02.2019,05:00AM,1283.8,RHS,Rural,Ulavapadu,Collision Brush/Side Wipe,,Car,Minor injury,Defect in mechanical condition of motor vehicle/road condition,Four lanes or more with central divider,Straight road,,Fine,Car (AP16EA 2447),P.V,Grevious,0
11.02.2019,05:00AM,1283.8,RHS,Rural,Ulavapadu,Collision Brush/Side Wipe,,Car,Minor injury,Defect in mechanical condition of motor vehicle/road condition,Four lanes or more with central divider,Straight road,,Fine,Car (AP16EA 2447),P.V,Minor,1
11.02.2019,05:00AM,1283.8,RHS,Rural,Ulavapadu,Collision Brush/Side Wipe,,Car,Minor injury,Defect in mechanical condition of motor vehicle/road condition,Four lanes or more with central divider,Straight road,,Fine,Car (AP16EA 2447),P.V,Non injured,4
11.02.2019,05:00AM,1283.8,RHS,Rural,Ulavapadu,Collision Brush/Side Wipe,,Car,Minor injury,Defect in mechanical condition of motor vehicle/road condition,Four lanes or more with central divider,Straight road,,Fine,Car (AP16EA 2447),P.V,Animals affected,0
11.02.2019,10:45AM,1349.8,RHS,Rural,Kodavaluru,Collision Brush/Side Wipe,,Bike,Grievious injury,Druken,Four lanes or more with central divider,Straight road,,Fine,Bike (AP27BZ 5013),P.V & A.M.B,Fatal,0
11.02.2019,10:45AM,1349.8,RHS,Rural,Kodavaluru,Collision Brush/Side Wipe,,Bike,Grievious injury,Druken,Four lanes or more with central divider,Straight road,,Fine,Bike (AP27BZ 5013),P.V & A.M.B,Grevious,1
11.02.2019,10:45AM,1349.8,RHS,Rural,Kodavaluru,Collision Brush/Side Wipe,,Bike,Grievious injury,Druken,Four lanes or more with central divider,Straight road,,Fine,Bike (AP27BZ 5013),P.V & A.M.B,Minor,0
11.02.2019,10:45AM,1349.8,RHS,Rural,Kodavaluru,Collision Brush/Side Wipe,,Bike,Grievious injury,Druken,Four lanes or more with central divider,Straight road,,Fine,Bike (AP27BZ 5013),P.V & A.M.B,Non injured,0
11.02.2019,10:45AM,1349.8,RHS,Rural,Kodavaluru,Collision Brush/Side Wipe,,Bike,Grievious injury,Druken,Four lanes or more with central divider,Straight road,,Fine,Bike (AP27BZ 5013),P.V & A.M.B,Animals affected,0
11.02.2019,13:55PM,1224.6,RHS,Rural,Maddipadu,Collision Brush/Side Wipe,,Auto,Grievious injury,Fault of driver of motor vehicle/driver of other vehicle/cyclist/pedestrian/passenger,Four lanes or more with central divider,Straight road,,Fine,Auto (AP27TY 2179),P.V & A.M.B,Fatal,0
11.02.2019,13:55PM,1224.6,RHS,Rural,Maddipadu,Collision Brush/Side Wipe,,Auto,Grievious injury,Fault of driver of motor vehicle/driver of other vehicle/cyclist/pedestrian/passenger,Four lanes or more with central divider,Straight road,,Fine,Auto (AP27TY 2179),P.V & A.M.B,Grevious,1
11.02.2019,13:55PM,1224.6,RHS,Rural,Maddipadu,Collision Brush/Side Wipe,,Auto,Grievious injury,Fault of driver of motor vehicle/driver of other vehicle/cyclist/pedestrian/passenger,Four lanes or more with central divider,Straight road,,Fine,Auto (AP27TY 2179),P.V & A.M.B,Minor,3
11.02.2019,13:55PM,1224.6,RHS,Rural,Maddipadu,Collision Brush/Side Wipe,,Auto,Grievious injury,Fault of driver of motor vehicle/driver of other vehicle/cyclist/pedestrian/passenger,Four lanes or more with central divider,Straight road,,Fine,Auto (AP27TY 2179),P.V & A.M.B,Non injured,1
11.02.2019,13:55PM,1224.6,RHS,Rural,Maddipadu,Collision Brush/Side Wipe,,Auto,Grievious injury,Fault of driver of motor vehicle/driver of other vehicle/cyclist/pedestrian/passenger,Four lanes or more with central divider,Straight road,,Fine,Auto (AP27TY 2179),P.V & A.M.B,Animals affected,0
11.02.2019,09:08PM,1207.5,RHS,Rural,Reningavaram,Rear End Collision,,Bike,Grievious injury,Druken,Four lanes or more with central divider,Straight road,,Fine,Bike (AP07R 7338),A.M.B,Fatal,0
11.02.2019,09:08PM,1207.5,RHS,Rural,Reningavaram,Rear End Collision,,Bike,Grievious injury,Druken,Four lanes or more with central divider,Straight road,,Fine,Bike (AP07R 7338),A.M.B,Grevious,1
11.02.2019,09:08PM,1207.5,RHS,Rural,Reningavaram,Rear End Collision,,Bike,Grievious injury,Druken,Four lanes or more with central divider,Straight road,,Fine,Bike (AP07R 7338),A.M.B,Minor,1
11.02.2019,09:08PM,1207.5,RHS,Rural,Reningavaram,Rear End Collision,,Bike,Grievious injury,Druken,Four lanes or more with central divider,Straight road,,Fine,Bike (AP07R 7338),A.M.B,Non injured,0
11.02.2019,09:08PM,1207.5,RHS,Rural,Reningavaram,Rear End Collision,,Bike,Grievious injury,Druken,Four lanes or more with central divider,Straight road,,Fine,Bike (AP07R 7338),A.M.B,Animals affected,0
11.02.2019,11:45PM,1222.5,RHS,Rural,Medarametla,Rear End Collision,,Truck,Minor injury,Fault of driver of motor vehicle/driver of other vehicle/cyclist/pedestrian/passenger,Four lanes or more with central divider,Straight road,,Fine,Eicher Vehicle (AP03TC 9739),P.V & A.M.B,Fatal,0
11.02.2019,11:45PM,1222.5,RHS,Rural,Medarametla,Rear End Collision,,Truck,Minor injury,Fault of driver of motor vehicle/driver of other vehicle/cyclist/pedestrian/passenger,Four lanes or more with central divider,Straight road,,Fine,Eicher Vehicle (AP03TC 9739),P.V & A.M.B,Grevious,0
11.02.2019,11:45PM,1222.5,RHS,Rural,Medarametla,Rear End Collision,,Truck,Minor injury,Fault of driver of motor vehicle/driver of other vehicle/cyclist/pedestrian/passenger,Four lanes or more with central divider,Straight road,,Fine,Eicher Vehicle (AP03TC 9739),P.V & A.M.B,Minor,1
11.02.2019,11:45PM,1222.5,RHS,Rural,Medarametla,Rear End Collision,,Truck,Minor injury,Fault of driver of motor vehicle/driver of other vehicle/cyclist/pedestrian/passenger,Four lanes or more with central divider,Straight road,,Fine,Eicher Vehicle (AP03TC 9739),P.V & A.M.B,Non injured,2
11.02.2019,11:45PM,1222.5,RHS,Rural,Medarametla,Rear End Collision,,Truck,Minor injury,Fault of driver of motor vehicle/driver of other vehicle/cyclist/pedestrian/passenger,Four lanes or more with central divider,Straight road,,Fine,Eicher Vehicle (AP03TC 9739),P.V & A.M.B,Animals affected,0
12.02.2019,01:20AM,1347.9,RHS,Rural,Dagadarthi,Collision Brush/Side Wipe,,Container,Non injury,Over speed,Four lanes or more with central divider,Straight road,,Fine,Container (MH12FZ 3659),P.V,Fatal,0
12.02.2019,01:20AM,1347.9,RHS,Rural,Dagadarthi,Collision Brush/Side Wipe,,Container,Non injury,Over speed,Four lanes or more with central divider,Straight road,,Fine,Container (MH12FZ 3659),P.V,Grevious,0
12.02.2019,01:20AM,1347.9,RHS,Rural,Dagadarthi,Collision Brush/Side Wipe,,Container,Non injury,Over speed,Four lanes or more with central divider,Straight road,,Fine,Container (MH12FZ 3659),P.V,Minor,0
12.02.2019,01:20AM,1347.9,RHS,Rural,Dagadarthi,Collision Brush/Side Wipe,,Container,Non injury,Over speed,Four lanes or more with central divider,Straight road,,Fine,Container (MH12FZ 3659),P.V,Non injured,1
12.02.2019,01:20AM,1347.9,RHS,Rural,Dagadarthi,Collision Brush/Side Wipe,,Container,Non injury,Over speed,Four lanes or more with central divider,Straight road,,Fine,Container (MH12FZ 3659),P.V,Animals affected,0
12.02.2019,02:35AM,1290.3,RHS,Rural,Ulavapadu,Rear End Collision,,Container,Non injury,Over speed,Four lanes or more with central divider,Straight road,,Fine,Container (HR55AB 2485),P.V,Fatal,0
12.02.2019,02:35AM,1290.3,RHS,Rural,Ulavapadu,Rear End Collision,,Container,Non injury,Over speed,Four lanes or more with central divider,Straight road,,Fine,Container (HR55AB 2485),P.V,Grevious,0
12.02.2019,02:35AM,1290.3,RHS,Rural,Ulavapadu,Rear End Collision,,Container,Non injury,Over speed,Four lanes or more with central divider,Straight road,,Fine,Container (HR55AB 2485),P.V,Minor,0
12.02.2019,02:35AM,1290.3,RHS,Rural,Ulavapadu,Rear End Collision,,Container,Non injury,Over speed,Four lanes or more with central divider,Straight road,,Fine,Container (HR55AB 2485),P.V,Non injured,2
12.02.2019,02:35AM,1290.3,RHS,Rural,Ulavapadu,Rear End Collision,,Container,Non injury,Over speed,Four lanes or more with central divider,Straight road,,Fine,Container (HR55AB 2485),P.V,Animals affected,0
12.02.2019,05:30AM,1235.2,RHS,Rural,Maddipadu,Collision Brush/Side Wipe,,Car,Non injury,Over speed,Four lanes or more with central divider,Straight road,,Fine,Car (KA03MU 4008),P.V,Fatal,0
12.02.2019,05:30AM,1235.2,RHS,Rural,Maddipadu,Collision Brush/Side Wipe,,Car,Non injury,Over speed,Four lanes or more with central divider,Straight road,,Fine,Car (KA03MU 4008),P.V,Grevious,0
12.02.2019,05:30AM,1235.2,RHS,Rural,Maddipadu,Collision Brush/Side Wipe,,Car,Non injury,Over speed,Four lanes or more with central divider,Straight road,,Fine,Car (KA03MU 4008),P.V,Minor,0
12.02.2019,05:30AM,1235.2,RHS,Rural,Maddipadu,Collision Brush/Side Wipe,,Car,Non injury,Over speed,Four lanes or more with central divider,Straight road,,Fine,Car (KA03MU 4008),P.V,Non injured,1
12.02.2019,05:30AM,1235.2,RHS,Rural,Maddipadu,Collision Brush/Side Wipe,,Car,Non injury,Over speed,Four lanes or more with central divider,Straight road,,Fine,Car (KA03MU 4008),P.V,Animals affected,0
13.02.2019,11:30AM,1220,RHS,Rural,Medarametla,Collision Brush/Side Wipe,,Truck,Minor injury,Fault of driver of motor vehicle/driver of other vehicle/cyclist/pedestrian/passenger,Four lanes or more with central divider,Straight road,,Fine,Lorry     (TN34W      5788),P.V,Fatal,0
13.02.2019,11:30AM,1220,RHS,Rural,Medarametla,Collision Brush/Side Wipe,,Truck,Minor injury,Fault of driver of motor vehicle/driver of other vehicle/cyclist/pedestrian/passenger,Four lanes or more with central divider,Straight road,,Fine,Lorry     (TN34W      5788),P.V,Grevious,0
13.02.2019,11:30AM,1220,RHS,Rural,Medarametla,Collision Brush/Side Wipe,,Truck,Minor injury,Fault of driver of motor vehicle/driver of other vehicle/cyclist/pedestrian/passenger,Four lanes or more with central divider,Straight road,,Fine,Lorry     (TN34W      5788),P.V,Minor,1
13.02.2019,11:30AM,1220,RHS,Rural,Medarametla,Collision Brush/Side Wipe,,Truck,Minor injury,Fault of driver of motor vehicle/driver of other vehicle/cyclist/pedestrian/passenger,Four lanes or more with central divider,Straight road,,Fine,Lorry     (TN34W      5788),P.V,Non injured,1
13.02.2019,11:30AM,1220,RHS,Rural,Medarametla,Collision Brush/Side Wipe,,Truck,Minor injury,Fault of driver of motor vehicle/driver of other vehicle/cyclist/pedestrian/passenger,Four lanes or more with central divider,Straight road,,Fine,Lorry     (TN34W      5788),P.V,Animals affected,0
14.02.2019,06:20AM,1322.9,RHS,Rural,Kavali,Collision Brush/Side Wipe,,Truck,Non injury,Fault of driver of motor vehicle/driver of other vehicle/cyclist/pedestrian/passenger,Four lanes or more with central divider,Slight curve,,Fine,Lorry     (AP07TB      6147),P.V,Fatal,0
14.02.2019,06:20AM,1322.9,RHS,Rural,Kavali,Collision Brush/Side Wipe,,Truck,Non injury,Fault of driver of motor vehicle/driver of other vehicle/cyclist/pedestrian/passenger,Four lanes or more with central divider,Slight curve,,Fine,Lorry     (AP07TB      6147),P.V,Grevious,0
14.02.2019,06:20AM,1322.9,RHS,Rural,Kavali,Collision Brush/Side Wipe,,Truck,Non injury,Fault of driver of motor vehicle/driver of other vehicle/cyclist/pedestrian/passenger,Four lanes or more with central divider,Slight curve,,Fine,Lorry     (AP07TB      6147),P.V,Minor,0
14.02.2019,06:20AM,1322.9,RHS,Rural,Kavali,Collision Brush/Side Wipe,,Truck,Non injury,Fault of driver of motor vehicle/driver of other vehicle/cyclist/pedestrian/passenger,Four lanes or more with central divider,Slight curve,,Fine,Lorry     (AP07TB      6147),P.V,Non injured,1
14.02.2019,06:20AM,1322.9,RHS,Rural,Kavali,Collision Brush/Side Wipe,,Truck,Non injury,Fault of driver of motor vehicle/driver of other vehicle/cyclist/pedestrian/passenger,Four lanes or more with central divider,Slight curve,,Fine,Lorry     (AP07TB      6147),P.V,Animals affected,0
14.02.2019,06:39PM,1214.5,RHS,Rural,Medarametla,Head on collision,,Bike,Grievious injury,Fault of driver of motor vehicle/driver of other vehicle/cyclist/pedestrian/passenger,Four lanes or more with central divider,Slight curve,,Fine,Unknown Bike,P.V & A.M.B,Fatal,0
14.02.2019,06:39PM,1214.5,RHS,Rural,Medarametla,Head on collision,,Bike,Grievious injury,Fault of driver of motor vehicle/driver of other vehicle/cyclist/pedestrian/passenger,Four lanes or more with central divider,Slight curve,,Fine,Unknown Bike,P.V & A.M.B,Grevious,1
14.02.2019,06:39PM,1214.5,RHS,Rural,Medarametla,Head on collision,,Bike,Grievious injury,Fault of driver of motor vehicle/driver of other vehicle/cyclist/pedestrian/passenger,Four lanes or more with central divider,Slight curve,,Fine,Unknown Bike,P.V & A.M.B,Minor,0
14.02.2019,06:39PM,1214.5,RHS,Rural,Medarametla,Head on collision,,Bike,Grievious injury,Fault of driver of motor vehicle/driver of other vehicle/cyclist/pedestrian/passenger,Four lanes or more with central divider,Slight curve,,Fine,Unknown Bike,P.V & A.M.B,Non injured,0
14.02.2019,06:39PM,1214.5,RHS,Rural,Medarametla,Head on collision,,Bike,Grievious injury,Fault of driver of motor vehicle/driver of other vehicle/cyclist/pedestrian/passenger,Four lanes or more with central divider,Slight curve,,Fine,Unknown Bike,P.V & A.M.B,Animals affected,0
14.02.2019,09:06PM,1192.6,RHS,Rural,Martur,Collision Brush/Side Wipe,,Bike,Grievious injury,Druken,Two lanes,Straight road,,Fine,Scooty bike AP27BP 4201,P.V & A.M.B,Fatal,0
14.02.2019,09:06PM,1192.6,RHS,Rural,Martur,Collision Brush/Side Wipe,,Bike,Grievious injury,Druken,Two lanes,Straight road,,Fine,Scooty bike AP27BP 4201,P.V & A.M.B,Grevious,1
14.02.2019,09:06PM,1192.6,RHS,Rural,Martur,Collision Brush/Side Wipe,,Bike,Grievious injury,Druken,Two lanes,Straight road,,Fine,Scooty bike AP27BP 4201,P.V & A.M.B,Minor,1
14.02.2019,09:06PM,1192.6,RHS,Rural,Martur,Collision Brush/Side Wipe,,Bike,Grievious injury,Druken,Two lanes,Straight road,,Fine,Scooty bike AP27BP 4201,P.V & A.M.B,Non injured,0
14.02.2019,09:06PM,1192.6,RHS,Rural,Martur,Collision Brush/Side Wipe,,Bike,Grievious injury,Druken,Two lanes,Straight road,,Fine,Scooty bike AP27BP 4201,P.V & A.M.B,Animals affected,0
15.02.2019,02:30AM,1344.1,RHS,Rural,Dagadarthi,Collision Brush/Side Wipe,,Tanker,Non injury,Fault of driver of motor vehicle/driver of other vehicle/cyclist/pedestrian/passenger,Four lanes or more with central divider,Straight road,,Fine,Milk Tanker (AP07TH      6579),P.V,Fatal,0
15.02.2019,02:30AM,1344.1,RHS,Rural,Dagadarthi,Collision Brush/Side Wipe,,Tanker,Non injury,Fault of driver of motor vehicle/driver of other vehicle/cyclist/pedestrian/passenger,Four lanes or more with central divider,Straight road,,Fine,Milk Tanker (AP07TH      6579),P.V,Grevious,0
15.02.2019,02:30AM,1344.1,RHS,Rural,Dagadarthi,Collision Brush/Side Wipe,,Tanker,Non injury,Fault of driver of motor vehicle/driver of other vehicle/cyclist/pedestrian/passenger,Four lanes or more with central divider,Straight road,,Fine,Milk Tanker (AP07TH      6579),P.V,Minor,0
15.02.2019,02:30AM,1344.1,RHS,Rural,Dagadarthi,Collision Brush/Side Wipe,,Tanker,Non injury,Fault of driver of motor vehicle/driver of other vehicle/cyclist/pedestrian/passenger,Four lanes or more with central divider,Straight road,,Fine,Milk Tanker (AP07TH      6579),P.V,Non injured,2
15.02.2019,02:30AM,1344.1,RHS,Rural,Dagadarthi,Collision Brush/Side Wipe,,Tanker,Non injury,Fault of driver of motor vehicle/driver of other vehicle/cyclist/pedestrian/passenger,Four lanes or more with central divider,Straight road,,Fine,Milk Tanker (AP07TH      6579),P.V,Animals affected,0
15.02.2019,08:40PM,1267.8,RHS,Rural,Tangutur,Overturning,,Truck,Non injury,Fault of driver of motor vehicle/driver of other vehicle/cyclist/pedestrian/passenger,Two lanes,Straight road,,Fine,Tipper (AP27Z1593),P.V,Fatal,0
15.02.2019,08:40PM,1267.8,RHS,Rural,Tangutur,Overturning,,Truck,Non injury,Fault of driver of motor vehicle/driver of other vehicle/cyclist/pedestrian/passenger,Two lanes,Straight road,,Fine,Tipper (AP27Z1593),P.V,Grevious,0
15.02.2019,08:40PM,1267.8,RHS,Rural,Tangutur,Overturning,,Truck,Non injury,Fault of driver of motor vehicle/driver of other vehicle/cyclist/pedestrian/passenger,Two lanes,Straight road,,Fine,Tipper (AP27Z1593),P.V,Minor,0
15.02.2019,08:40PM,1267.8,RHS,Rural,Tangutur,Overturning,,Truck,Non injury,Fault of driver of motor vehicle/driver of other vehicle/cyclist/pedestrian/passenger,Two lanes,Straight road,,Fine,Tipper (AP27Z1593),P.V,Non injured,2
15.02.2019,08:40PM,1267.8,RHS,Rural,Tangutur,Overturning,,Truck,Non injury,Fault of driver of motor vehicle/driver of other vehicle/cyclist/pedestrian/passenger,Two lanes,Straight road,,Fine,Tipper (AP27Z1593),P.V,Animals affected,0
16.02.2019,06:15AM,1336.2,RHS,Rural,K.Tippa ,Collision Brush/Side Wipe,,Car,Non injury,Defect in mechanical condition of motor vehicle/road condition,Four lanes or more with central divider,Straight road,,Fine,Bolero Vehicle (AP270B4867),P.V,Fatal,0
16.02.2019,06:15AM,1336.2,RHS,Rural,K.Tippa ,Collision Brush/Side Wipe,,Car,Non injury,Defect in mechanical condition of motor vehicle/road condition,Four lanes or more with central divider,Straight road,,Fine,Bolero Vehicle (AP270B4867),P.V,Grevious,0
16.02.2019,06:15AM,1336.2,RHS,Rural,K.Tippa ,Collision Brush/Side Wipe,,Car,Non injury,Defect in mechanical condition of motor vehicle/road condition,Four lanes or more with central divider,Straight road,,Fine,Bolero Vehicle (AP270B4867),P.V,Minor,0
16.02.2019,06:15AM,1336.2,RHS,Rural,K.Tippa ,Collision Brush/Side Wipe,,Car,Non injury,Defect in mechanical condition of motor vehicle/road condition,Four lanes or more with central divider,Straight road,,Fine,Bolero Vehicle (AP270B4867),P.V,Non injured,2
16.02.2019,06:15AM,1336.2,RHS,Rural,K.Tippa ,Collision Brush/Side Wipe,,Car,Non injury,Defect in mechanical condition of motor vehicle/road condition,Four lanes or more with central divider,Straight road,,Fine,Bolero Vehicle (AP270B4867),P.V,Animals affected,0
16.02.2019,06:15PM,1211.4,RHS,Rural,Medarametla,Rear End Collision,,Car,Grievious injury,Fault of driver of motor vehicle/driver of other vehicle/cyclist/pedestrian/passenger,Four lanes or more with central divider,Straight road,T-Junction,Fine,Car AP03AK6968),A.M.B & P.V,Fatal,0
16.02.2019,06:15PM,1211.4,RHS,Rural,Medarametla,Rear End Collision,,Car,Grievious injury,Fault of driver of motor vehicle/driver of other vehicle/cyclist/pedestrian/passenger,Four lanes or more with central divider,Straight road,T-Junction,Fine,Car AP03AK6968),A.M.B & P.V,Grevious,1
16.02.2019,06:15PM,1211.4,RHS,Rural,Medarametla,Rear End Collision,,Car,Grievious injury,Fault of driver of motor vehicle/driver of other vehicle/cyclist/pedestrian/passenger,Four lanes or more with central divider,Straight road,T-Junction,Fine,Car AP03AK6968),A.M.B & P.V,Minor,0
16.02.2019,06:15PM,1211.4,RHS,Rural,Medarametla,Rear End Collision,,Car,Grievious injury,Fault of driver of motor vehicle/driver of other vehicle/cyclist/pedestrian/passenger,Four lanes or more with central divider,Straight road,T-Junction,Fine,Car AP03AK6968),A.M.B & P.V,Non injured,4
16.02.2019,06:15PM,1211.4,RHS,Rural,Medarametla,Rear End Collision,,Car,Grievious injury,Fault of driver of motor vehicle/driver of other vehicle/cyclist/pedestrian/passenger,Four lanes or more with central divider,Straight road,T-Junction,Fine,Car AP03AK6968),A.M.B & P.V,Animals affected,0
16.02.2019,06:00PM,1327.9,RHS,Rural,Kavali,Collision Brush/Side Wipe,,Unknown vehicle,Grievious injury,Over speed,Four lanes or more with central divider,Straight road,,Fine,Unknown Vehicle,A.M.B,Fatal,0
16.02.2019,06:00PM,1327.9,RHS,Rural,Kavali,Collision Brush/Side Wipe,,Unknown vehicle,Grievious injury,Over speed,Four lanes or more with central divider,Straight road,,Fine,Unknown Vehicle,A.M.B,Grevious,1
16.02.2019,06:00PM,1327.9,RHS,Rural,Kavali,Collision Brush/Side Wipe,,Unknown vehicle,Grievious injury,Over speed,Four lanes or more with central divider,Straight road,,Fine,Unknown Vehicle,A.M.B,Minor,0
16.02.2019,06:00PM,1327.9,RHS,Rural,Kavali,Collision Brush/Side Wipe,,Unknown vehicle,Grievious injury,Over speed,Four lanes or more with central divider,Straight road,,Fine,Unknown Vehicle,A.M.B,Non injured,1
16.02.2019,06:00PM,1327.9,RHS,Rural,Kavali,Collision Brush/Side Wipe,,Unknown vehicle,Grievious injury,Over speed,Four lanes or more with central divider,Straight road,,Fine,Unknown Vehicle,A.M.B,Animals affected,0
17.02.2019,02:35AM,1295,RHS,Rural,Ulavapadu,Collision Brush/Side Wipe,,Truck,Grievious injury,Fault of driver of motor vehicle/driver of other vehicle/cyclist/pedestrian/passenger,Four lanes or more with central divider,Straight road,,Fine,Grnae lorry (AP27TZ3227),A.M.B & P.V,Fatal,0
17.02.2019,02:35AM,1295,RHS,Rural,Ulavapadu,Collision Brush/Side Wipe,,Truck,Grievious injury,Fault of driver of motor vehicle/driver of other vehicle/cyclist/pedestrian/passenger,Four lanes or more with central divider,Straight road,,Fine,Grnae lorry (AP27TZ3227),A.M.B & P.V,Grevious,1
17.02.2019,02:35AM,1295,RHS,Rural,Ulavapadu,Collision Brush/Side Wipe,,Truck,Grievious injury,Fault of driver of motor vehicle/driver of other vehicle/cyclist/pedestrian/passenger,Four lanes or more with central divider,Straight road,,Fine,Grnae lorry (AP27TZ3227),A.M.B & P.V,Minor,0
17.02.2019,02:35AM,1295,RHS,Rural,Ulavapadu,Collision Brush/Side Wipe,,Truck,Grievious injury,Fault of driver of motor vehicle/driver of other vehicle/cyclist/pedestrian/passenger,Four lanes or more with central divider,Straight road,,Fine,Grnae lorry (AP27TZ3227),A.M.B & P.V,Non injured,1
17.02.2019,02:35AM,1295,RHS,Rural,Ulavapadu,Collision Brush/Side Wipe,,Truck,Grievious injury,Fault of driver of motor vehicle/driver of other vehicle/cyclist/pedestrian/passenger,Four lanes or more with central divider,Straight road,,Fine,Grnae lorry (AP27TZ3227),A.M.B & P.V,Animals affected,0
17.02.2019,09:35PM,1358.8,RHS,Rural,Kodavaluru,Collision Brush/Side Wipe,,Unknown vehicle,Non injury,Over speed,Four lanes or more with central divider,Straight road,,Fine,Unknown vehicle,P.V,Fatal,0
17.02.2019,09:35PM,1358.8,RHS,Rural,Kodavaluru,Collision Brush/Side Wipe,,Unknown vehicle,Non injury,Over speed,Four lanes or more with central divider,Straight road,,Fine,Unknown vehicle,P.V,Grevious,0
17.02.2019,09:35PM,1358.8,RHS,Rural,Kodavaluru,Collision Brush/Side Wipe,,Unknown vehicle,Non injury,Over speed,Four lanes or more with central divider,Straight road,,Fine,Unknown vehicle,P.V,Minor,0
17.02.2019,09:35PM,1358.8,RHS,Rural,Kodavaluru,Collision Brush/Side Wipe,,Unknown vehicle,Non injury,Over speed,Four lanes or more with central divider,Straight road,,Fine,Unknown vehicle,P.V,Non injured,1
17.02.2019,09:35PM,1358.8,RHS,Rural,Kodavaluru,Collision Brush/Side Wipe,,Unknown vehicle,Non injury,Over speed,Four lanes or more with central divider,Straight road,,Fine,Unknown vehicle,P.V,Animals affected,2
18.02.2019,04:00AM,1319,RHS,Rural,Kavali,Collision Brush/Side Wipe,,Truck,Minor injury,Fault of driver of motor vehicle/driver of other vehicle/cyclist/pedestrian/passenger,Four lanes or more with central divider,Straight road,,Fine,Lorry (AP27Y 7969), P.V,Fatal,0
18.02.2019,04:00AM,1319,RHS,Rural,Kavali,Collision Brush/Side Wipe,,Truck,Minor injury,Fault of driver of motor vehicle/driver of other vehicle/cyclist/pedestrian/passenger,Four lanes or more with central divider,Straight road,,Fine,Lorry (AP27Y 7969), P.V,Grevious,0
18.02.2019,04:00AM,1319,RHS,Rural,Kavali,Collision Brush/Side Wipe,,Truck,Minor injury,Fault of driver of motor vehicle/driver of other vehicle/cyclist/pedestrian/passenger,Four lanes or more with central divider,Straight road,,Fine,Lorry (AP27Y 7969), P.V,Minor,1
18.02.2019,04:00AM,1319,RHS,Rural,Kavali,Collision Brush/Side Wipe,,Truck,Minor injury,Fault of driver of motor vehicle/driver of other vehicle/cyclist/pedestrian/passenger,Four lanes or more with central divider,Straight road,,Fine,Lorry (AP27Y 7969), P.V,Non injured,0