Operational date,Time of Accident,KM && M,Position,Rural/Urban,Location,Nature of Accident Position,Nature of Accident,Vehicle Involved,Type of Accident,Causes,Road Feature,Road condition,Intersection Type And Control,Weather Condition,Vehicle Responsible,Help Provided by Ambulance/Patroling Vehicle,Classification of Accident,No of Affected Persons
18.02.2019,04:00AM,1319,RHS,Rural,Kavali,Collision Brush/Side Wipe,,Truck,Minor injury,Fault of driver of motor vehicle/driver of other vehicle/cyclist/pedestrian/passenger,Four lanes or more with central divider,Straight road,,Fine,Lorry (AP27Y 7969), P.V,Animals affected,0
19.02.2019,12:55AM,1282,RHS,Rural,Singarayakonda,Collision Brush/Side Wipe,,Truck,Non injury,Fault of driver of motor vehicle/driver of other vehicle/cyclist/pedestrian/passenger,Four lanes or more with central divider,Straight road,,Fine,Lorry (AP27X 3466), P.V,Fatal,0
19.02.2019,12:55AM,1282,RHS,Rural,Singarayakonda,Collision Brush/Side Wipe,,Truck,Non injury,Fault of driver of motor vehicle/driver of other vehicle/cyclist/pedestrian/passenger,Four lanes or more with central divider,Straight road,,Fine,Lorry (AP27X 3466), P.V,Grevious,0
19.02.2019,12:55AM,1282,RHS,Rural,Singarayakonda,Collision Brush/Side Wipe,,Truck,Non injury,Fault of driver of motor vehicle/driver of other vehicle/cyclist/pedestrian/passenger,Four lanes or more with central divider,Straight road,,Fine,Lorry (AP27X 3466), P.V,Minor,0
19.02.2019,12:55AM,1282,RHS,Rural,Singarayakonda,Collision Brush/Side Wipe,,Truck,Non injury,Fault of driver of motor vehicle/driver of other vehicle/cyclist/pedestrian/passenger,Four lanes or more with central divider,Straight road,,Fine,Lorry (AP27X 3466), P.V,Non injured,1
19.02.2019,12:55AM,1282,RHS,Rural,Singarayakonda,Collision Brush/Side Wipe,,Truck,Non injury,Fault of driver of motor vehicle/driver of other vehicle/cyclist/pedestrian/passenger,Four lanes or more with central divider,Straight road,,Fine,Lorry (AP27X 3466), P.V,Animals affected,0
19.02.2019,02:10AM,1300.4,RHS,Rural,Gudluru,Rear End Collision,,Truck,Fatal,Fault of driver of motor vehicle/driver of other vehicle/cyclist/pedestrian/passenger,Four lanes or more with central divider,Straight road,,Fine,Eicher (AP27TW 2738), P.V,Fatal,1
19.02.2019,02:10AM,1300.4,RHS,Rural,Gudluru,Rear End Collision,,Truck,Fatal,Fault of driver of motor vehicle/driver of other vehicle/cyclist/pedestrian/passenger,Four lanes or more with central divider,Straight road,,Fine,Eicher (AP27TW 2738), P.V,Grevious,0
19.02.2019,02:10AM,1300.4,RHS,Rural,Gudluru,Rear End Collision,,Truck,Fatal,Fault of driver of motor vehicle/driver of other vehicle/cyclist/pedestrian/passenger,Four lanes or more with central divider,Straight road,,Fine,Eicher (AP27TW 2738), P.V,Minor,1
19.02.2019,02:10AM,1300.4,RHS,Rural,Gudluru,Rear End Collision,,Truck,Fatal,Fault of driver of motor vehicle/driver of other vehicle/cyclist/pedestrian/passenger,Four lanes or more with central divider,Straight road,,Fine,Eicher (AP27TW 2738), P.V,Non injured,1
19.02.2019,02:10AM,1300.4,RHS,Rural,Gudluru,Rear End Collision,,Truck,Fatal,Fault of driver of motor vehicle/driver of other vehicle/cyclist/pedestrian/passenger,Four lanes or more with central divider,Straight road,,Fine,Eicher (AP27TW 2738), P.V,Animals affected,0
20.02.2019,01:28AM,1278.3,RHS,Rural,Singarayakonda,Rear End Collision,,LGV,Fatal,Over speed,Four lanes or more with central divider,Straight road,,Fine,Eicher Mini Lorry          (HR38U     4034),A.M.B & P.V,Fatal,1
20.02.2019,01:28AM,1278.3,RHS,Rural,Singarayakonda,Rear End Collision,,LGV,Fatal,Over speed,Four lanes or more with central divider,Straight road,,Fine,Eicher Mini Lorry          (HR38U     4034),A.M.B & P.V,Grevious,0
20.02.2019,01:28AM,1278.3,RHS,Rural,Singarayakonda,Rear End Collision,,LGV,Fatal,Over speed,Four lanes or more with central divider,Straight road,,Fine,Eicher Mini Lorry          (HR38U     4034),A.M.B & P.V,Minor,0
20.02.2019,01:28AM,1278.3,RHS,Rural,Singarayakonda,Rear End Collision,,LGV,Fatal,Over speed,Four lanes or more with central divider,Straight road,,Fine,Eicher Mini Lorry          (HR38U     4034),A.M.B & P.V,Non injured,1
20.02.2019,01:28AM,1278.3,RHS,Rural,Singarayakonda,Rear End Collision,,LGV,Fatal,Over speed,Four lanes or more with central divider,Straight road,,Fine,Eicher Mini Lorry          (HR38U     4034),A.M.B & P.V,Animals affected,0
20.02.2019,05:00AM,1192.2,RHS,Rural,Martur,Collision Brush/Side Wipe,,Tanker,Minor injury,Fault of driver of motor vehicle/driver of other vehicle/cyclist/pedestrian/passenger,Four lanes or more with central divider,Straight road,,Fine,Oil Tanker     (KL64G        5922),P.V,Fatal,0
20.02.2019,05:00AM,1192.2,RHS,Rural,Martur,Collision Brush/Side Wipe,,Tanker,Minor injury,Fault of driver of motor vehicle/driver of other vehicle/cyclist/pedestrian/passenger,Four lanes or more with central divider,Straight road,,Fine,Oil Tanker     (KL64G        5922),P.V,Grevious,0
20.02.2019,05:00AM,1192.2,RHS,Rural,Martur,Collision Brush/Side Wipe,,Tanker,Minor injury,Fault of driver of motor vehicle/driver of other vehicle/cyclist/pedestrian/passenger,Four lanes or more with central divider,Straight road,,Fine,Oil Tanker     (KL64G        5922),P.V,Minor,1
20.02.2019,05:00AM,1192.2,RHS,Rural,Martur,Collision Brush/Side Wipe,,Tanker,Minor injury,Fault of driver of motor vehicle/driver of other vehicle/cyclist/pedestrian/passenger,Four lanes or more with central divider,Straight road,,Fine,Oil Tanker     (KL64G        5922),P.V,Non injured,2
20.02.2019,05:00AM,1192.2,RHS,Rural,Martur,Collision Brush/Side Wipe,,Tanker,Minor injury,Fault of driver of motor vehicle/driver of other vehicle/cyclist/pedestrian/passenger,Four lanes or more with central divider,Straight road,,Fine,Oil Tanker     (KL64G        5922),P.V,Animals affected,0
20.02.2019,01:40PM,1190.2,RHS,Rural,Martur,Collision Brush/Side Wipe,,Bike,Grievious injury,Druken,Four lanes or more with central divider,Straight road,,Fine,TVS XL Moped       (TN12A       0463),A.M.B & P.V,Fatal,0
20.02.2019,01:40PM,1190.2,RHS,Rural,Martur,Collision Brush/Side Wipe,,Bike,Grievious injury,Druken,Four lanes or more with central divider,Straight road,,Fine,TVS XL Moped       (TN12A       0463),A.M.B & P.V,Grevious,1
20.02.2019,01:40PM,1190.2,RHS,Rural,Martur,Collision Brush/Side Wipe,,Bike,Grievious injury,Druken,Four lanes or more with central divider,Straight road,,Fine,TVS XL Moped       (TN12A       0463),A.M.B & P.V,Minor,0
20.02.2019,01:40PM,1190.2,RHS,Rural,Martur,Collision Brush/Side Wipe,,Bike,Grievious injury,Druken,Four lanes or more with central divider,Straight road,,Fine,TVS XL Moped       (TN12A       0463),A.M.B & P.V,Non injured,0
20.02.2019,01:40PM,1190.2,RHS,Rural,Martur,Collision Brush/Side Wipe,,Bike,Grievious injury,Druken,Four lanes or more with central divider,Straight road,,Fine,TVS XL Moped       (TN12A       0463),A.M.B & P.V,Animals affected,0
20.02.2019,04:36PM,1235.3,RHS,Rural,Maddipadu,Collision Brush/Side Wipe,,Car,Non injury,Over speed,Four lanes or more with central divider,Straight road,T-Junction,Fine,Car         (AP07DE     4533),P.V,Fatal,0
20.02.2019,04:36PM,1235.3,RHS,Rural,Maddipadu,Collision Brush/Side Wipe,,Car,Non injury,Over speed,Four lanes or more with central divider,Straight road,T-Junction,Fine,Car         (AP07DE     4533),P.V,Grevious,0
20.02.2019,04:36PM,1235.3,RHS,Rural,Maddipadu,Collision Brush/Side Wipe,,Car,Non injury,Over speed,Four lanes or more with central divider,Straight road,T-Junction,Fine,Car         (AP07DE     4533),P.V,Minor,0
20.02.2019,04:36PM,1235.3,RHS,Rural,Maddipadu,Collision Brush/Side Wipe,,Car,Non injury,Over speed,Four lanes or more with central divider,Straight road,T-Junction,Fine,Car         (AP07DE     4533),P.V,Non injured,2
20.02.2019,04:36PM,1235.3,RHS,Rural,Maddipadu,Collision Brush/Side Wipe,,Car,Non injury,Over speed,Four lanes or more with central divider,Straight road,T-Junction,Fine,Car         (AP07DE     4533),P.V,Animals affected,0
21.02.2019,05:35AM,1329.4,RHS,Rural,Kavali,Overturning,,Truck,Non injury,Over speed,Four lanes or more with central divider,Straight road,,Fine,Lorry (KA63 0109), P.V,Fatal,0
21.02.2019,05:35AM,1329.4,RHS,Rural,Kavali,Overturning,,Truck,Non injury,Over speed,Four lanes or more with central divider,Straight road,,Fine,Lorry (KA63 0109), P.V,Grevious,0
21.02.2019,05:35AM,1329.4,RHS,Rural,Kavali,Overturning,,Truck,Non injury,Over speed,Four lanes or more with central divider,Straight road,,Fine,Lorry (KA63 0109), P.V,Minor,0
21.02.2019,05:35AM,1329.4,RHS,Rural,Kavali,Overturning,,Truck,Non injury,Over speed,Four lanes or more with central divider,Straight road,,Fine,Lorry (KA63 0109), P.V,Non injured,2
21.02.2019,05:35AM,1329.4,RHS,Rural,Kavali,Overturning,,Truck,Non injury,Over speed,Four lanes or more with central divider,Straight road,,Fine,Lorry (KA63 0109), P.V,Animals affected,0
21.02.2019,09:45AM,1326,RHS,Rural,Kavali,Collision Brush/Side Wipe,,Truck,Minor injury,Fault of driver of motor vehicle/driver of other vehicle/cyclist/pedestrian/passenger,Four lanes or more with central divider,Straight road,,Fine,Lorry (HR55AD 2408),A.M.B,Fatal,0
21.02.2019,09:45AM,1326,RHS,Rural,Kavali,Collision Brush/Side Wipe,,Truck,Minor injury,Fault of driver of motor vehicle/driver of other vehicle/cyclist/pedestrian/passenger,Four lanes or more with central divider,Straight road,,Fine,Lorry (HR55AD 2408),A.M.B,Grevious,0
21.02.2019,09:45AM,1326,RHS,Rural,Kavali,Collision Brush/Side Wipe,,Truck,Minor injury,Fault of driver of motor vehicle/driver of other vehicle/cyclist/pedestrian/passenger,Four lanes or more with central divider,Straight road,,Fine,Lorry (HR55AD 2408),A.M.B,Minor,1
21.02.2019,09:45AM,1326,RHS,Rural,Kavali,Collision Brush/Side Wipe,,Truck,Minor injury,Fault of driver of motor vehicle/driver of other vehicle/cyclist/pedestrian/passenger,Four lanes or more with central divider,Straight road,,Fine,Lorry (HR55AD 2408),A.M.B,Non injured,1
21.02.2019,09:45AM,1326,RHS,Rural,Kavali,Collision Brush/Side Wipe,,Truck,Minor injury,Fault of driver of motor vehicle/driver of other vehicle/cyclist/pedestrian/passenger,Four lanes or more with central divider,Straight road,,Fine,Lorry (HR55AD 2408),A.M.B,Animals affected,0
23.02.2019,03:20AM,1260.3,RHS,Rural,Tangutur,Rear End Collision,,Bus,Grievious injury,Fault of driver of motor vehicle/driver of other vehicle/cyclist/pedestrian/passenger,Four lanes or more with central divider,Straight road,,Fine,Privet bus Bus (AP03TF3369),A.M.B & P.V,Fatal,0
23.02.2019,03:20AM,1260.3,RHS,Rural,Tangutur,Rear End Collision,,Bus,Grievious injury,Fault of driver of motor vehicle/driver of other vehicle/cyclist/pedestrian/passenger,Four lanes or more with central divider,Straight road,,Fine,Privet bus Bus (AP03TF3369),A.M.B & P.V,Grevious,3
23.02.2019,03:20AM,1260.3,RHS,Rural,Tangutur,Rear End Collision,,Bus,Grievious injury,Fault of driver of motor vehicle/driver of other vehicle/cyclist/pedestrian/passenger,Four lanes or more with central divider,Straight road,,Fine,Privet bus Bus (AP03TF3369),A.M.B & P.V,Minor,19
23.02.2019,03:20AM,1260.3,RHS,Rural,Tangutur,Rear End Collision,,Bus,Grievious injury,Fault of driver of motor vehicle/driver of other vehicle/cyclist/pedestrian/passenger,Four lanes or more with central divider,Straight road,,Fine,Privet bus Bus (AP03TF3369),A.M.B & P.V,Non injured,16
23.02.2019,03:20AM,1260.3,RHS,Rural,Tangutur,Rear End Collision,,Bus,Grievious injury,Fault of driver of motor vehicle/driver of other vehicle/cyclist/pedestrian/passenger,Four lanes or more with central divider,Straight road,,Fine,Privet bus Bus (AP03TF3369),A.M.B & P.V,Animals affected,0
23.02.2019,03:30AM,1348.4,RHS,Rural,Dagadarthi,Collision Brush/Side Wipe,,Car,Minor injury,Fault of driver of motor vehicle/driver of other vehicle/cyclist/pedestrian/passenger,Four lanes or more with central divider,Straight road,,Fine,Toofan Van (AP0TL0582), P.V,Fatal,0
23.02.2019,03:30AM,1348.4,RHS,Rural,Dagadarthi,Collision Brush/Side Wipe,,Car,Minor injury,Fault of driver of motor vehicle/driver of other vehicle/cyclist/pedestrian/passenger,Four lanes or more with central divider,Straight road,,Fine,Toofan Van (AP0TL0582), P.V,Grevious,0
23.02.2019,03:30AM,1348.4,RHS,Rural,Dagadarthi,Collision Brush/Side Wipe,,Car,Minor injury,Fault of driver of motor vehicle/driver of other vehicle/cyclist/pedestrian/passenger,Four lanes or more with central divider,Straight road,,Fine,Toofan Van (AP0TL0582), P.V,Minor,1
23.02.2019,03:30AM,1348.4,RHS,Rural,Dagadarthi,Collision Brush/Side Wipe,,Car,Minor injury,Fault of driver of motor vehicle/driver of other vehicle/cyclist/pedestrian/passenger,Four lanes or more with central divider,Straight road,,Fine,Toofan Van (AP0TL0582), P.V,Non injured,1
23.02.2019,03:30AM,1348.4,RHS,Rural,Dagadarthi,Collision Brush/Side Wipe,,Car,Minor injury,Fault of driver of motor vehicle/driver of other vehicle/cyclist/pedestrian/passenger,Four lanes or more with central divider,Straight road,,Fine,Toofan Van (AP0TL0582), P.V,Animals affected,0
23.02.2019,05:10AM,1227.4,RHS,Rural,Maddipadu,Collision Brush/Side Wipe,,Truck,Minor injury,Fault of driver of motor vehicle/driver of other vehicle/cyclist/pedestrian/passenger,Four lanes or more with central divider,Straight road,,Fine,Lorry (AP16TS0707), P.V,Fatal,0
23.02.2019,05:10AM,1227.4,RHS,Rural,Maddipadu,Collision Brush/Side Wipe,,Truck,Minor injury,Fault of driver of motor vehicle/driver of other vehicle/cyclist/pedestrian/passenger,Four lanes or more with central divider,Straight road,,Fine,Lorry (AP16TS0707), P.V,Grevious,0
23.02.2019,05:10AM,1227.4,RHS,Rural,Maddipadu,Collision Brush/Side Wipe,,Truck,Minor injury,Fault of driver of motor vehicle/driver of other vehicle/cyclist/pedestrian/passenger,Four lanes or more with central divider,Straight road,,Fine,Lorry (AP16TS0707), P.V,Minor,1
23.02.2019,05:10AM,1227.4,RHS,Rural,Maddipadu,Collision Brush/Side Wipe,,Truck,Minor injury,Fault of driver of motor vehicle/driver of other vehicle/cyclist/pedestrian/passenger,Four lanes or more with central divider,Straight road,,Fine,Lorry (AP16TS0707), P.V,Non injured,1
23.02.2019,05:10AM,1227.4,RHS,Rural,Maddipadu,Collision Brush/Side Wipe,,Truck,Minor injury,Fault of driver of motor vehicle/driver of other vehicle/cyclist/pedestrian/passenger,Four lanes or more with central divider,Straight road,,Fine,Lorry (AP16TS0707), P.V,Animals affected,0
23.02.2019,05:15AM,1259.6,RHS,Rural,Tangutur,Overturning,,Car,Minor injury,Over speed,Four lanes or more with central divider,Straight road,,Fine,Car (AP27AM9038), P.V,Fatal,0
23.02.2019,05:15AM,1259.6,RHS,Rural,Tangutur,Overturning,,Car,Minor injury,Over speed,Four lanes or more with central divider,Straight road,,Fine,Car (AP27AM9038), P.V,Grevious,0
23.02.2019,05:15AM,1259.6,RHS,Rural,Tangutur,Overturning,,Car,Minor injury,Over speed,Four lanes or more with central divider,Straight road,,Fine,Car (AP27AM9038), P.V,Minor,6
23.02.2019,05:15AM,1259.6,RHS,Rural,Tangutur,Overturning,,Car,Minor injury,Over speed,Four lanes or more with central divider,Straight road,,Fine,Car (AP27AM9038), P.V,Non injured,1
23.02.2019,05:15AM,1259.6,RHS,Rural,Tangutur,Overturning,,Car,Minor injury,Over speed,Four lanes or more with central divider,Straight road,,Fine,Car (AP27AM9038), P.V,Animals affected,0
23.02.2019,06:40AM,1273.7,RHS,Rural,Singarayakonda,Collision Brush/Side Wipe,,Car,Fatal,Fault of driver of motor vehicle/driver of other vehicle/cyclist/pedestrian/passenger,Four lanes or more with central divider,Straight road,,Fine,Car (KA05AC4896),A.M.B & P.V,Fatal,1
23.02.2019,06:40AM,1273.7,RHS,Rural,Singarayakonda,Collision Brush/Side Wipe,,Car,Fatal,Fault of driver of motor vehicle/driver of other vehicle/cyclist/pedestrian/passenger,Four lanes or more with central divider,Straight road,,Fine,Car (KA05AC4896),A.M.B & P.V,Grevious,0
23.02.2019,06:40AM,1273.7,RHS,Rural,Singarayakonda,Collision Brush/Side Wipe,,Car,Fatal,Fault of driver of motor vehicle/driver of other vehicle/cyclist/pedestrian/passenger,Four lanes or more with central divider,Straight road,,Fine,Car (KA05AC4896),A.M.B & P.V,Minor,2
23.02.2019,06:40AM,1273.7,RHS,Rural,Singarayakonda,Collision Brush/Side Wipe,,Car,Fatal,Fault of driver of motor vehicle/driver of other vehicle/cyclist/pedestrian/passenger,Four lanes or more with central divider,Straight road,,Fine,Car (KA05AC4896),A.M.B & P.V,Non injured,3
23.02.2019,06:40AM,1273.7,RHS,Rural,Singarayakonda,Collision Brush/Side Wipe,,Car,Fatal,Fault of driver of motor vehicle/driver of other vehicle/cyclist/pedestrian/passenger,Four lanes or more with central divider,Straight road,,Fine,Car (KA05AC4896),A.M.B & P.V,Animals affected,0
23.02.2019,07:30AM,1339.8,RHS,Rural,Dagadarthi,Collision Brush/Side Wipe,,Car,Grievious injury,Over speed,Four lanes or more with central divider,Straight road,,Fine,Car (AP26BC0782), P.V,Fatal,0
23.02.2019,07:30AM,1339.8,RHS,Rural,Dagadarthi,Collision Brush/Side Wipe,,Car,Grievious injury,Over speed,Four lanes or more with central divider,Straight road,,Fine,Car (AP26BC0782), P.V,Grevious,1
23.02.2019,07:30AM,1339.8,RHS,Rural,Dagadarthi,Collision Brush/Side Wipe,,Car,Grievious injury,Over speed,Four lanes or more with central divider,Straight road,,Fine,Car (AP26BC0782), P.V,Minor,0
23.02.2019,07:30AM,1339.8,RHS,Rural,Dagadarthi,Collision Brush/Side Wipe,,Car,Grievious injury,Over speed,Four lanes or more with central divider,Straight road,,Fine,Car (AP26BC0782), P.V,Non injured,1
23.02.2019,07:30AM,1339.8,RHS,Rural,Dagadarthi,Collision Brush/Side Wipe,,Car,Grievious injury,Over speed,Four lanes or more with central divider,Straight road,,Fine,Car (AP26BC0782), P.V,Animals affected,0
24.02.2019,00:00AM,1255.7,RHS,Rural,Tangutur,Collision Brush/Side Wipe,,Unknown vehicle,Minor injury,Over speed,Four lanes or more with central divider,Straight road,,Fine,Unknown vehicle,A.M.B,Fatal,0
24.02.2019,00:00AM,1255.7,RHS,Rural,Tangutur,Collision Brush/Side Wipe,,Unknown vehicle,Minor injury,Over speed,Four lanes or more with central divider,Straight road,,Fine,Unknown vehicle,A.M.B,Grevious,0
24.02.2019,00:00AM,1255.7,RHS,Rural,Tangutur,Collision Brush/Side Wipe,,Unknown vehicle,Minor injury,Over speed,Four lanes or more with central divider,Straight road,,Fine,Unknown vehicle,A.M.B,Minor,1
24.02.2019,00:00AM,1255.7,RHS,Rural,Tangutur,Collision Brush/Side Wipe,,Unknown vehicle,Minor injury,Over speed,Four lanes or more with central divider,Straight road,,Fine,Unknown vehicle,A.M.B,Non injured,1
24.02.2019,00:00AM,1255.7,RHS,Rural,Tangutur,Collision Brush/Side Wipe,,Unknown vehicle,Minor injury,Over speed,Four lanes or more with central divider,Straight road,,Fine,Unknown vehicle,A.M.B,Animals affected,0
24.02.2019,09:40AM,1281.1,RHS,Rural,Singarayakonda,Rear End Collision,,Car,Non injury,Over speed,Four lanes or more with central divider,Straight road,,Fine,Car (AP16CF6822), P.V,Fatal,0
24.02.2019,09:40AM,1281.1,RHS,Rural,Singarayakonda,Rear End Collision,,Car,Non injury,Over speed,Four lanes or more with central divider,Straight road,,Fine,Car (AP16CF6822), P.V,Grevious,0
24.02.2019,09:40AM,1281.1,RHS,Rural,Singarayakonda,Rear End Collision,,Car,Non injury,Over speed,Four lanes or more with central divider,Straight road,,Fine,Car (AP16CF6822), P.V,Minor,0
24.02.2019,09:40AM,1281.1,RHS,Rural,Singarayakonda,Rear End Collision,,Car,Non injury,Over speed,Four lanes or more with central divider,Straight road,,Fine,Car (AP16CF6822), P.V,Non injured,1
24.02.2019,09:40AM,1281.1,RHS,Rural,Singarayakonda,Rear End Collision,,Car,Non injury,Over speed,Four lanes or more with central divider,Straight road,,Fine,Car (AP16CF6822), P.V,Animals affected,0
24.02.2019,03:59PM,1255.1,RHS,Rural,Tangutur,Head on collision,,Car,Minor injury,Over speed,Four lanes or more with central divider,Straight road,,Fine,Car (AP27BK1566),A.M.B,Fatal,0
24.02.2019,03:59PM,1255.1,RHS,Rural,Tangutur,Head on collision,,Car,Minor injury,Over speed,Four lanes or more with central divider,Straight road,,Fine,Car (AP27BK1566),A.M.B,Grevious,0
24.02.2019,03:59PM,1255.1,RHS,Rural,Tangutur,Head on collision,,Car,Minor injury,Over speed,Four lanes or more with central divider,Straight road,,Fine,Car (AP27BK1566),A.M.B,Minor,1
24.02.2019,03:59PM,1255.1,RHS,Rural,Tangutur,Head on collision,,Car,Minor injury,Over speed,Four lanes or more with central divider,Straight road,,Fine,Car (AP27BK1566),A.M.B,Non injured,2
24.02.2019,03:59PM,1255.1,RHS,Rural,Tangutur,Head on collision,,Car,Minor injury,Over speed,Four lanes or more with central divider,Straight road,,Fine,Car (AP27BK1566),A.M.B,Animals affected,0
24.02.2019,07:20PM,1281.2,RHS,Rural,Singarayakonda,Collision Brush/Side Wipe,,Truck,Non injury,Over speed,Four lanes or more with central divider,Straight road,,Fine,Lorry (AP27Y5969), P.V,Fatal,0
24.02.2019,07:20PM,1281.2,RHS,Rural,Singarayakonda,Collision Brush/Side Wipe,,Truck,Non injury,Over speed,Four lanes or more with central divider,Straight road,,Fine,Lorry (AP27Y5969), P.V,Grevious,0
24.02.2019,07:20PM,1281.2,RHS,Rural,Singarayakonda,Collision Brush/Side Wipe,,Truck,Non injury,Over speed,Four lanes or more with central divider,Straight road,,Fine,Lorry (AP27Y5969), P.V,Minor,0
24.02.2019,07:20PM,1281.2,RHS,Rural,Singarayakonda,Collision Brush/Side Wipe,,Truck,Non injury,Over speed,Four lanes or more with central divider,Straight road,,Fine,Lorry (AP27Y5969), P.V,Non injured,1
24.02.2019,07:20PM,1281.2,RHS,Rural,Singarayakonda,Collision Brush/Side Wipe,,Truck,Non injury,Over speed,Four lanes or more with central divider,Straight road,,Fine,Lorry (AP27Y5969), P.V,Animals affected,0
24.02.2019,07:42PM,1256.9,RHS,Rural,Tangutur,Collision Brush/Side Wipe,,Unknown vehicle,Minor injury,Over speed,Four lanes or more with central divider,Straight road,,Fine,Unknown vehicle,A.M.B,Fatal,0
24.02.2019,07:42PM,1256.9,RHS,Rural,Tangutur,Collision Brush/Side Wipe,,Unknown vehicle,Minor injury,Over speed,Four lanes or more with central divider,Straight road,,Fine,Unknown vehicle,A.M.B,Grevious,0
24.02.2019,07:42PM,1256.9,RHS,Rural,Tangutur,Collision Brush/Side Wipe,,Unknown vehicle,Minor injury,Over speed,Four lanes or more with central divider,Straight road,,Fine,Unknown vehicle,A.M.B,Minor,1
24.02.2019,07:42PM,1256.9,RHS,Rural,Tangutur,Collision Brush/Side Wipe,,Unknown vehicle,Minor injury,Over speed,Four lanes or more with central divider,Straight road,,Fine,Unknown vehicle,A.M.B,Non injured,1
24.02.2019,07:42PM,1256.9,RHS,Rural,Tangutur,Collision Brush/Side Wipe,,Unknown vehicle,Minor injury,Over speed,Four lanes or more with central divider,Straight road,,Fine,Unknown vehicle,A.M.B,Animals affected,0
25.02.2019,05:40AM,1323,RHS,Rural,Kavali,Overturning,,Truck,Non injury,Fault of driver of motor vehicle/driver of other vehicle/cyclist/pedestrian/passenger,Four lanes or more with central divider,Straight road,,Fine,Lorry (AP27UB 6877), P.V,Fatal,0
25.02.2019,05:40AM,1323,RHS,Rural,Kavali,Overturning,,Truck,Non injury,Fault of driver of motor vehicle/driver of other vehicle/cyclist/pedestrian/passenger,Four lanes or more with central divider,Straight road,,Fine,Lorry (AP27UB 6877), P.V,Grevious,0
25.02.2019,05:40AM,1323,RHS,Rural,Kavali,Overturning,,Truck,Non injury,Fault of driver of motor vehicle/driver of other vehicle/cyclist/pedestrian/passenger,Four lanes or more with central divider,Straight road,,Fine,Lorry (AP27UB 6877), P.V,Minor,0
25.02.2019,05:40AM,1323,RHS,Rural,Kavali,Overturning,,Truck,Non injury,Fault of driver of motor vehicle/driver of other vehicle/cyclist/pedestrian/passenger,Four lanes or more with central divider,Straight road,,Fine,Lorry (AP27UB 6877), P.V,Non injured,2
25.02.2019,05:40AM,1323,RHS,Rural,Kavali,Overturning,,Truck,Non injury,Fault of driver of motor vehicle/driver of other vehicle/cyclist/pedestrian/passenger,Four lanes or more with central divider,Straight road,,Fine,Lorry (AP27UB 6877), P.V,Animals affected,0
25.02.2019,12:40PM,1292.8,RHS,Rural,Ulavapadu,Overturning,,Car,Non injury,Over speed,Four lanes or more with central divider,Straight road,,Fine,Car (AP26BC 0108), P.V,Fatal,0
25.02.2019,12:40PM,1292.8,RHS,Rural,Ulavapadu,Overturning,,Car,Non injury,Over speed,Four lanes or more with central divider,Straight road,,Fine,Car (AP26BC 0108), P.V,Grevious,0
25.02.2019,12:40PM,1292.8,RHS,Rural,Ulavapadu,Overturning,,Car,Non injury,Over speed,Four lanes or more with central divider,Straight road,,Fine,Car (AP26BC 0108), P.V,Minor,0
25.02.2019,12:40PM,1292.8,RHS,Rural,Ulavapadu,Overturning,,Car,Non injury,Over speed,Four lanes or more with central divider,Straight road,,Fine,Car (AP26BC 0108), P.V,Non injured,3
25.02.2019,12:40PM,1292.8,RHS,Rural,Ulavapadu,Overturning,,Car,Non injury,Over speed,Four lanes or more with central divider,Straight road,,Fine,Car (AP26BC 0108), P.V,Animals affected,0
25.02.2019,02:25PM,1189.5,RHS,Rural,Martur,Collision Brush/Side Wipe,,Truck,Non injury,Fault of driver of motor vehicle/driver of other vehicle/cyclist/pedestrian/passenger,Four lanes or more with central divider,Straight road,,Fine,Lorry (AP20Y 0999), P.V,Fatal,0
25.02.2019,02:25PM,1189.5,RHS,Rural,Martur,Collision Brush/Side Wipe,,Truck,Non injury,Fault of driver of motor vehicle/driver of other vehicle/cyclist/pedestrian/passenger,Four lanes or more with central divider,Straight road,,Fine,Lorry (AP20Y 0999), P.V,Grevious,0
25.02.2019,02:25PM,1189.5,RHS,Rural,Martur,Collision Brush/Side Wipe,,Truck,Non injury,Fault of driver of motor vehicle/driver of other vehicle/cyclist/pedestrian/passenger,Four lanes or more with central divider,Straight road,,Fine,Lorry (AP20Y 0999), P.V,Minor,0
25.02.2019,02:25PM,1189.5,RHS,Rural,Martur,Collision Brush/Side Wipe,,Truck,Non injury,Fault of driver of motor vehicle/driver of other vehicle/cyclist/pedestrian/passenger,Four lanes or more with central divider,Straight road,,Fine,Lorry (AP20Y 0999), P.V,Non injured,2
25.02.2019,02:25PM,1189.5,RHS,Rural,Martur,Collision Brush/Side Wipe,,Truck,Non injury,Fault of driver of motor vehicle/driver of other vehicle/cyclist/pedestrian/passenger,Four lanes or more with central divider,Straight road,,Fine,Lorry (AP20Y 0999), P.V,Animals affected,0
27.02.2019,06:00PM,1261.2,RHS,Rural,Tangutur,Skidding,,Bike,Grievious injury,Over speed,Four lanes or more with central divider,Straight road,,Fine,Bike       (AP27BB     9686),A.M.B,Fatal,0