Operational date,Time of Accident,KM && M,Position,Rural/Urban,Location,Nature of Accident Position,Nature of Accident,Vehicle Involved,Type of Accident,Causes,Road Feature,Road condition,Intersection Type And Control,Weather Condition,Vehicle Responsible,Help Provided by Ambulance/Patroling Vehicle,Classification of Accident,No of Affected Persons
27.02.2019,06:00PM,1261.2,RHS,Rural,Tangutur,Skidding,,Bike,Grievious injury,Over speed,Four lanes or more with central divider,Straight road,,Fine,Bike       (AP27BB     9686),A.M.B,Grevious,1
27.02.2019,06:00PM,1261.2,RHS,Rural,Tangutur,Skidding,,Bike,Grievious injury,Over speed,Four lanes or more with central divider,Straight road,,Fine,Bike       (AP27BB     9686),A.M.B,Minor,0
27.02.2019,06:00PM,1261.2,RHS,Rural,Tangutur,Skidding,,Bike,Grievious injury,Over speed,Four lanes or more with central divider,Straight road,,Fine,Bike       (AP27BB     9686),A.M.B,Non injured,0
27.02.2019,06:00PM,1261.2,RHS,Rural,Tangutur,Skidding,,Bike,Grievious injury,Over speed,Four lanes or more with central divider,Straight road,,Fine,Bike       (AP27BB     9686),A.M.B,Animals affected,0
28.02.2019,03:00AM,1232.8,RHS,Rural,Maddipadu,Collision Brush/Side Wipe,,Car,Non injury,Fault of driver of motor vehicle/driver of other vehicle/cyclist/pedestrian/passenger,Four lanes or more with central divider,Straight road,,Fine,Bolero maxi pickup vehicle  (AP16TP    0760),P.V,Fatal,0
28.02.2019,03:00AM,1232.8,RHS,Rural,Maddipadu,Collision Brush/Side Wipe,,Car,Non injury,Fault of driver of motor vehicle/driver of other vehicle/cyclist/pedestrian/passenger,Four lanes or more with central divider,Straight road,,Fine,Bolero maxi pickup vehicle  (AP16TP    0760),P.V,Grevious,0
28.02.2019,03:00AM,1232.8,RHS,Rural,Maddipadu,Collision Brush/Side Wipe,,Car,Non injury,Fault of driver of motor vehicle/driver of other vehicle/cyclist/pedestrian/passenger,Four lanes or more with central divider,Straight road,,Fine,Bolero maxi pickup vehicle  (AP16TP    0760),P.V,Minor,0
28.02.2019,03:00AM,1232.8,RHS,Rural,Maddipadu,Collision Brush/Side Wipe,,Car,Non injury,Fault of driver of motor vehicle/driver of other vehicle/cyclist/pedestrian/passenger,Four lanes or more with central divider,Straight road,,Fine,Bolero maxi pickup vehicle  (AP16TP    0760),P.V,Non injured,1
28.02.2019,03:00AM,1232.8,RHS,Rural,Maddipadu,Collision Brush/Side Wipe,,Car,Non injury,Fault of driver of motor vehicle/driver of other vehicle/cyclist/pedestrian/passenger,Four lanes or more with central divider,Straight road,,Fine,Bolero maxi pickup vehicle  (AP16TP    0760),P.V,Animals affected,0
28.02.2019,06:35AM,1255.8,RHS,Rural,Tangutur,Overturning,,Unknown vehicle,Grievious injury,Over speed,Four lanes or more with central divider,Straight road,,Fine,Unknown vehicle,A.M.B & P.V,Fatal,0
28.02.2019,06:35AM,1255.8,RHS,Rural,Tangutur,Overturning,,Unknown vehicle,Grievious injury,Over speed,Four lanes or more with central divider,Straight road,,Fine,Unknown vehicle,A.M.B & P.V,Grevious,2
28.02.2019,06:35AM,1255.8,RHS,Rural,Tangutur,Overturning,,Unknown vehicle,Grievious injury,Over speed,Four lanes or more with central divider,Straight road,,Fine,Unknown vehicle,A.M.B & P.V,Minor,1
28.02.2019,06:35AM,1255.8,RHS,Rural,Tangutur,Overturning,,Unknown vehicle,Grievious injury,Over speed,Four lanes or more with central divider,Straight road,,Fine,Unknown vehicle,A.M.B & P.V,Non injured,0
28.02.2019,06:35AM,1255.8,RHS,Rural,Tangutur,Overturning,,Unknown vehicle,Grievious injury,Over speed,Four lanes or more with central divider,Straight road,,Fine,Unknown vehicle,A.M.B & P.V,Animals affected,0
28.02.2019,07:15AM,1318.1,RHS,Rural,Kavali,Overturning,,Container,Non injury,Over speed,Four lanes or more with central divider,Straight road,,Fine,Long Container vehicle    (HR38V     1157),P.V,Fatal,0
28.02.2019,07:15AM,1318.1,RHS,Rural,Kavali,Overturning,,Container,Non injury,Over speed,Four lanes or more with central divider,Straight road,,Fine,Long Container vehicle    (HR38V     1157),P.V,Grevious,0
28.02.2019,07:15AM,1318.1,RHS,Rural,Kavali,Overturning,,Container,Non injury,Over speed,Four lanes or more with central divider,Straight road,,Fine,Long Container vehicle    (HR38V     1157),P.V,Minor,0
28.02.2019,07:15AM,1318.1,RHS,Rural,Kavali,Overturning,,Container,Non injury,Over speed,Four lanes or more with central divider,Straight road,,Fine,Long Container vehicle    (HR38V     1157),P.V,Non injured,1
28.02.2019,07:15AM,1318.1,RHS,Rural,Kavali,Overturning,,Container,Non injury,Over speed,Four lanes or more with central divider,Straight road,,Fine,Long Container vehicle    (HR38V     1157),P.V,Animals affected,0
28.02.2019,08:20AM,1354.1,RHS,Rural,Kodavaluru,Collision Brush/Side Wipe,,Car,Grievious injury,Over speed,Four lanes or more with central divider,Straight road,,Fine,Car          (TS07FZ     5566),A.M.B & P.V,Fatal,0
28.02.2019,08:20AM,1354.1,RHS,Rural,Kodavaluru,Collision Brush/Side Wipe,,Car,Grievious injury,Over speed,Four lanes or more with central divider,Straight road,,Fine,Car          (TS07FZ     5566),A.M.B & P.V,Grevious,1
28.02.2019,08:20AM,1354.1,RHS,Rural,Kodavaluru,Collision Brush/Side Wipe,,Car,Grievious injury,Over speed,Four lanes or more with central divider,Straight road,,Fine,Car          (TS07FZ     5566),A.M.B & P.V,Minor,0
28.02.2019,08:20AM,1354.1,RHS,Rural,Kodavaluru,Collision Brush/Side Wipe,,Car,Grievious injury,Over speed,Four lanes or more with central divider,Straight road,,Fine,Car          (TS07FZ     5566),A.M.B & P.V,Non injured,3
28.02.2019,08:20AM,1354.1,RHS,Rural,Kodavaluru,Collision Brush/Side Wipe,,Car,Grievious injury,Over speed,Four lanes or more with central divider,Straight road,,Fine,Car          (TS07FZ     5566),A.M.B & P.V,Animals affected,0
28.02.2019,02:05PM,1329.8,RHS,Rural,Kavali,Collision Brush/Side Wipe,,Car,Non injury,Over speed,Four lanes or more with central divider,Straight road,,Fine,Car            (AP05CQ     8668),P.V,Fatal,0
28.02.2019,02:05PM,1329.8,RHS,Rural,Kavali,Collision Brush/Side Wipe,,Car,Non injury,Over speed,Four lanes or more with central divider,Straight road,,Fine,Car            (AP05CQ     8668),P.V,Grevious,0
28.02.2019,02:05PM,1329.8,RHS,Rural,Kavali,Collision Brush/Side Wipe,,Car,Non injury,Over speed,Four lanes or more with central divider,Straight road,,Fine,Car            (AP05CQ     8668),P.V,Minor,0
28.02.2019,02:05PM,1329.8,RHS,Rural,Kavali,Collision Brush/Side Wipe,,Car,Non injury,Over speed,Four lanes or more with central divider,Straight road,,Fine,Car            (AP05CQ     8668),P.V,Non injured,5
28.02.2019,02:05PM,1329.8,RHS,Rural,Kavali,Collision Brush/Side Wipe,,Car,Non injury,Over speed,Four lanes or more with central divider,Straight road,,Fine,Car            (AP05CQ     8668),P.V,Animals affected,0
01.03.2019,12:30AM,1240.3,RHS,Rural,Ongole,Collision Brush/Side Wipe,,Car,Non injury,Over speed,Four lanes or more with central divider,Straight road,,Fine,Car         (AP03CU     3090),P.V,Fatal,0
01.03.2019,12:30AM,1240.3,RHS,Rural,Ongole,Collision Brush/Side Wipe,,Car,Non injury,Over speed,Four lanes or more with central divider,Straight road,,Fine,Car         (AP03CU     3090),P.V,Grevious,0
01.03.2019,12:30AM,1240.3,RHS,Rural,Ongole,Collision Brush/Side Wipe,,Car,Non injury,Over speed,Four lanes or more with central divider,Straight road,,Fine,Car         (AP03CU     3090),P.V,Minor,0
01.03.2019,12:30AM,1240.3,RHS,Rural,Ongole,Collision Brush/Side Wipe,,Car,Non injury,Over speed,Four lanes or more with central divider,Straight road,,Fine,Car         (AP03CU     3090),P.V,Non injured,8
01.03.2019,12:30AM,1240.3,RHS,Rural,Ongole,Collision Brush/Side Wipe,,Car,Non injury,Over speed,Four lanes or more with central divider,Straight road,,Fine,Car         (AP03CU     3090),P.V,Animals affected,0
01.03.2019,03:14PM,1187.6,RHS,Rural,Martur,Collision Brush/Side Wipe,,Unknown vehicle,Grievious injury,Over speed,Four lanes or more with central divider,Straight road,,Fine,Unknown vehicle,A.M.B,Fatal,0
01.03.2019,03:14PM,1187.6,RHS,Rural,Martur,Collision Brush/Side Wipe,,Unknown vehicle,Grievious injury,Over speed,Four lanes or more with central divider,Straight road,,Fine,Unknown vehicle,A.M.B,Grevious,2
01.03.2019,03:14PM,1187.6,RHS,Rural,Martur,Collision Brush/Side Wipe,,Unknown vehicle,Grievious injury,Over speed,Four lanes or more with central divider,Straight road,,Fine,Unknown vehicle,A.M.B,Minor,1
01.03.2019,03:14PM,1187.6,RHS,Rural,Martur,Collision Brush/Side Wipe,,Unknown vehicle,Grievious injury,Over speed,Four lanes or more with central divider,Straight road,,Fine,Unknown vehicle,A.M.B,Non injured,1
01.03.2019,03:14PM,1187.6,RHS,Rural,Martur,Collision Brush/Side Wipe,,Unknown vehicle,Grievious injury,Over speed,Four lanes or more with central divider,Straight road,,Fine,Unknown vehicle,A.M.B,Animals affected,0
01.03.2019,03:40PM,1292.5,RHS,Rural,Ulavapadu,Overturning,,Car,Non injury,Over speed,Four lanes or more with central divider,Straight road,,Fine,Car          (AP16BE    5535),P.V,Fatal,0
01.03.2019,03:40PM,1292.5,RHS,Rural,Ulavapadu,Overturning,,Car,Non injury,Over speed,Four lanes or more with central divider,Straight road,,Fine,Car          (AP16BE    5535),P.V,Grevious,0
01.03.2019,03:40PM,1292.5,RHS,Rural,Ulavapadu,Overturning,,Car,Non injury,Over speed,Four lanes or more with central divider,Straight road,,Fine,Car          (AP16BE    5535),P.V,Minor,0
01.03.2019,03:40PM,1292.5,RHS,Rural,Ulavapadu,Overturning,,Car,Non injury,Over speed,Four lanes or more with central divider,Straight road,,Fine,Car          (AP16BE    5535),P.V,Non injured,1
01.03.2019,03:40PM,1292.5,RHS,Rural,Ulavapadu,Overturning,,Car,Non injury,Over speed,Four lanes or more with central divider,Straight road,,Fine,Car          (AP16BE    5535),P.V,Animals affected,0
01.03.2019,06:45PM,1263.5,RHS,Rural,Tangutur,Collision Brush/Side Wipe,,Bike,Minor injury,Over speed,Four lanes or more with central divider,Straight road,,Fine,Bike          (AP27BQ       5130),A.M.B,Fatal,0
01.03.2019,06:45PM,1263.5,RHS,Rural,Tangutur,Collision Brush/Side Wipe,,Bike,Minor injury,Over speed,Four lanes or more with central divider,Straight road,,Fine,Bike          (AP27BQ       5130),A.M.B,Grevious,1
01.03.2019,06:45PM,1263.5,RHS,Rural,Tangutur,Collision Brush/Side Wipe,,Bike,Minor injury,Over speed,Four lanes or more with central divider,Straight road,,Fine,Bike          (AP27BQ       5130),A.M.B,Minor,0
01.03.2019,06:45PM,1263.5,RHS,Rural,Tangutur,Collision Brush/Side Wipe,,Bike,Minor injury,Over speed,Four lanes or more with central divider,Straight road,,Fine,Bike          (AP27BQ       5130),A.M.B,Non injured,0
01.03.2019,06:45PM,1263.5,RHS,Rural,Tangutur,Collision Brush/Side Wipe,,Bike,Minor injury,Over speed,Four lanes or more with central divider,Straight road,,Fine,Bike          (AP27BQ       5130),A.M.B,Animals affected,0
01.03.2019,10:00PM,1252.7,RHS,Rural,Ongole,Collision Brush/Side Wipe,,Car,Non injury,Over speed,Four lanes or more with central divider,Straight road,,Fine,Car          (AP26BL   3930),P.V,Fatal,0
01.03.2019,10:00PM,1252.7,RHS,Rural,Ongole,Collision Brush/Side Wipe,,Car,Non injury,Over speed,Four lanes or more with central divider,Straight road,,Fine,Car          (AP26BL   3930),P.V,Grevious,0
01.03.2019,10:00PM,1252.7,RHS,Rural,Ongole,Collision Brush/Side Wipe,,Car,Non injury,Over speed,Four lanes or more with central divider,Straight road,,Fine,Car          (AP26BL   3930),P.V,Minor,0
01.03.2019,10:00PM,1252.7,RHS,Rural,Ongole,Collision Brush/Side Wipe,,Car,Non injury,Over speed,Four lanes or more with central divider,Straight road,,Fine,Car          (AP26BL   3930),P.V,Non injured,3
01.03.2019,10:00PM,1252.7,RHS,Rural,Ongole,Collision Brush/Side Wipe,,Car,Non injury,Over speed,Four lanes or more with central divider,Straight road,,Fine,Car          (AP26BL   3930),P.V,Animals affected,0
02.03.2019,01:10AM,1272.7,RHS,Rural,Singarayakonda,Collision Brush/Side Wipe,,Truck,Non injury,Over speed,Four lanes or more with central divider,Straight road,,Fine,Lorry       (AP07TJ 1579),P.V,Fatal,0
02.03.2019,01:10AM,1272.7,RHS,Rural,Singarayakonda,Collision Brush/Side Wipe,,Truck,Non injury,Over speed,Four lanes or more with central divider,Straight road,,Fine,Lorry       (AP07TJ 1579),P.V,Grevious,0
02.03.2019,01:10AM,1272.7,RHS,Rural,Singarayakonda,Collision Brush/Side Wipe,,Truck,Non injury,Over speed,Four lanes or more with central divider,Straight road,,Fine,Lorry       (AP07TJ 1579),P.V,Minor,0
02.03.2019,01:10AM,1272.7,RHS,Rural,Singarayakonda,Collision Brush/Side Wipe,,Truck,Non injury,Over speed,Four lanes or more with central divider,Straight road,,Fine,Lorry       (AP07TJ 1579),P.V,Non injured,3
02.03.2019,01:10AM,1272.7,RHS,Rural,Singarayakonda,Collision Brush/Side Wipe,,Truck,Non injury,Over speed,Four lanes or more with central divider,Straight road,,Fine,Lorry       (AP07TJ 1579),P.V,Animals affected,0
03.03.2019,01:05AM,1215.1,RHS,Rural,Medarametla,Rear End Collision,,Bus,Grievious injury,Over speed,Four lanes or more with central divider,Straight road,,Fine,RTC Bus                   ( AP05Z 5226),A.M.B & P.V,Fatal,0
03.03.2019,01:05AM,1215.1,RHS,Rural,Medarametla,Rear End Collision,,Bus,Grievious injury,Over speed,Four lanes or more with central divider,Straight road,,Fine,RTC Bus                   ( AP05Z 5226),A.M.B & P.V,Grevious,1
03.03.2019,01:05AM,1215.1,RHS,Rural,Medarametla,Rear End Collision,,Bus,Grievious injury,Over speed,Four lanes or more with central divider,Straight road,,Fine,RTC Bus                   ( AP05Z 5226),A.M.B & P.V,Minor,0
03.03.2019,01:05AM,1215.1,RHS,Rural,Medarametla,Rear End Collision,,Bus,Grievious injury,Over speed,Four lanes or more with central divider,Straight road,,Fine,RTC Bus                   ( AP05Z 5226),A.M.B & P.V,Non injured,36
03.03.2019,01:05AM,1215.1,RHS,Rural,Medarametla,Rear End Collision,,Bus,Grievious injury,Over speed,Four lanes or more with central divider,Straight road,,Fine,RTC Bus                   ( AP05Z 5226),A.M.B & P.V,Animals affected,0
03.03.2019,05:10AM,1204,RHS,Rural,Reningavaram,Collision Brush/Side Wipe,,Car,Non injury,Over speed,Four lanes or more with central divider,Straight road,,Fine,Car ( AP04 BT 9279),P.V,Fatal,0
03.03.2019,05:10AM,1204,RHS,Rural,Reningavaram,Collision Brush/Side Wipe,,Car,Non injury,Over speed,Four lanes or more with central divider,Straight road,,Fine,Car ( AP04 BT 9279),P.V,Grevious,0
03.03.2019,05:10AM,1204,RHS,Rural,Reningavaram,Collision Brush/Side Wipe,,Car,Non injury,Over speed,Four lanes or more with central divider,Straight road,,Fine,Car ( AP04 BT 9279),P.V,Minor,0
03.03.2019,05:10AM,1204,RHS,Rural,Reningavaram,Collision Brush/Side Wipe,,Car,Non injury,Over speed,Four lanes or more with central divider,Straight road,,Fine,Car ( AP04 BT 9279),P.V,Non injured,5
03.03.2019,05:10AM,1204,RHS,Rural,Reningavaram,Collision Brush/Side Wipe,,Car,Non injury,Over speed,Four lanes or more with central divider,Straight road,,Fine,Car ( AP04 BT 9279),P.V,Animals affected,0
03.03.2019,06:40AM,1358.3,RHS,Rural,Kodavaluru,Overturning,,Car,Non injury,Over speed,Four lanes or more with central divider,Straight road,,Fine,Ashok leyland dost                         (AP26TE 1803),P.V,Fatal,0
03.03.2019,06:40AM,1358.3,RHS,Rural,Kodavaluru,Overturning,,Car,Non injury,Over speed,Four lanes or more with central divider,Straight road,,Fine,Ashok leyland dost                         (AP26TE 1803),P.V,Grevious,0
03.03.2019,06:40AM,1358.3,RHS,Rural,Kodavaluru,Overturning,,Car,Non injury,Over speed,Four lanes or more with central divider,Straight road,,Fine,Ashok leyland dost                         (AP26TE 1803),P.V,Minor,0
03.03.2019,06:40AM,1358.3,RHS,Rural,Kodavaluru,Overturning,,Car,Non injury,Over speed,Four lanes or more with central divider,Straight road,,Fine,Ashok leyland dost                         (AP26TE 1803),P.V,Non injured,1
03.03.2019,06:40AM,1358.3,RHS,Rural,Kodavaluru,Overturning,,Car,Non injury,Over speed,Four lanes or more with central divider,Straight road,,Fine,Ashok leyland dost                         (AP26TE 1803),P.V,Animals affected,0
03.03.2019,08:55PM,1326,RHS,Rural,Kavali,Skidding,,Bike,Minor injury,Druken,Four lanes or more with central divider,Straight road,,Fine,Scooty (AP26BB 9396),A.M.B,Fatal,0
03.03.2019,08:55PM,1326,RHS,Rural,Kavali,Skidding,,Bike,Minor injury,Druken,Four lanes or more with central divider,Straight road,,Fine,Scooty (AP26BB 9396),A.M.B,Grevious,0
03.03.2019,08:55PM,1326,RHS,Rural,Kavali,Skidding,,Bike,Minor injury,Druken,Four lanes or more with central divider,Straight road,,Fine,Scooty (AP26BB 9396),A.M.B,Minor,1
03.03.2019,08:55PM,1326,RHS,Rural,Kavali,Skidding,,Bike,Minor injury,Druken,Four lanes or more with central divider,Straight road,,Fine,Scooty (AP26BB 9396),A.M.B,Non injured,0
03.03.2019,08:55PM,1326,RHS,Rural,Kavali,Skidding,,Bike,Minor injury,Druken,Four lanes or more with central divider,Straight road,,Fine,Scooty (AP26BB 9396),A.M.B,Animals affected,0
03.03.2019,11:50PM,1277.7,RHS,Rural,Singarayakonda,Collision Brush/Side Wipe,,Container,Non injury,Fault of driver of motor vehicle/driver of other vehicle/cyclist/pedestrian/passenger,Four lanes or more with central divider,Hump,,Fine,Container Vehicle       (TS07UB  3809), P.V,Fatal,0
03.03.2019,11:50PM,1277.7,RHS,Rural,Singarayakonda,Collision Brush/Side Wipe,,Container,Non injury,Fault of driver of motor vehicle/driver of other vehicle/cyclist/pedestrian/passenger,Four lanes or more with central divider,Hump,,Fine,Container Vehicle       (TS07UB  3809), P.V,Grevious,0
03.03.2019,11:50PM,1277.7,RHS,Rural,Singarayakonda,Collision Brush/Side Wipe,,Container,Non injury,Fault of driver of motor vehicle/driver of other vehicle/cyclist/pedestrian/passenger,Four lanes or more with central divider,Hump,,Fine,Container Vehicle       (TS07UB  3809), P.V,Minor,0
03.03.2019,11:50PM,1277.7,RHS,Rural,Singarayakonda,Collision Brush/Side Wipe,,Container,Non injury,Fault of driver of motor vehicle/driver of other vehicle/cyclist/pedestrian/passenger,Four lanes or more with central divider,Hump,,Fine,Container Vehicle       (TS07UB  3809), P.V,Non injured,2
03.03.2019,11:50PM,1277.7,RHS,Rural,Singarayakonda,Collision Brush/Side Wipe,,Container,Non injury,Fault of driver of motor vehicle/driver of other vehicle/cyclist/pedestrian/passenger,Four lanes or more with central divider,Hump,,Fine,Container Vehicle       (TS07UB  3809), P.V,Animals affected,0
04.03.2019,05:00AM,1298.9,RHS,Rural,Gudluru,Collision Brush/Side Wipe,,Truck,Minor injury,Fault of driver of motor vehicle/driver of other vehicle/cyclist/pedestrian/passenger,Four lanes or more with central divider,Straight road,,Fine,Lorry (MH14EM 9536),P.V,Fatal,0
04.03.2019,05:00AM,1298.9,RHS,Rural,Gudluru,Collision Brush/Side Wipe,,Truck,Minor injury,Fault of driver of motor vehicle/driver of other vehicle/cyclist/pedestrian/passenger,Four lanes or more with central divider,Straight road,,Fine,Lorry (MH14EM 9536),P.V,Grevious,0
04.03.2019,05:00AM,1298.9,RHS,Rural,Gudluru,Collision Brush/Side Wipe,,Truck,Minor injury,Fault of driver of motor vehicle/driver of other vehicle/cyclist/pedestrian/passenger,Four lanes or more with central divider,Straight road,,Fine,Lorry (MH14EM 9536),P.V,Minor,1
04.03.2019,05:00AM,1298.9,RHS,Rural,Gudluru,Collision Brush/Side Wipe,,Truck,Minor injury,Fault of driver of motor vehicle/driver of other vehicle/cyclist/pedestrian/passenger,Four lanes or more with central divider,Straight road,,Fine,Lorry (MH14EM 9536),P.V,Non injured,1
04.03.2019,05:00AM,1298.9,RHS,Rural,Gudluru,Collision Brush/Side Wipe,,Truck,Minor injury,Fault of driver of motor vehicle/driver of other vehicle/cyclist/pedestrian/passenger,Four lanes or more with central divider,Straight road,,Fine,Lorry (MH14EM 9536),P.V,Animals affected,0
04.03.2019,02:25AM,1356,RHS,Rural,Kodavaluru,Collision Brush/Side Wipe,,Container,Grievious injury,Fault of driver of motor vehicle/driver of other vehicle/cyclist/pedestrian/passenger,Four lanes or more with central divider,Straight road,,Fine,Mini Container (KL11AU 6400),P.V,Fatal,0
04.03.2019,02:25AM,1356,RHS,Rural,Kodavaluru,Collision Brush/Side Wipe,,Container,Grievious injury,Fault of driver of motor vehicle/driver of other vehicle/cyclist/pedestrian/passenger,Four lanes or more with central divider,Straight road,,Fine,Mini Container (KL11AU 6400),P.V,Grevious,1
04.03.2019,02:25AM,1356,RHS,Rural,Kodavaluru,Collision Brush/Side Wipe,,Container,Grievious injury,Fault of driver of motor vehicle/driver of other vehicle/cyclist/pedestrian/passenger,Four lanes or more with central divider,Straight road,,Fine,Mini Container (KL11AU 6400),P.V,Minor,0
04.03.2019,02:25AM,1356,RHS,Rural,Kodavaluru,Collision Brush/Side Wipe,,Container,Grievious injury,Fault of driver of motor vehicle/driver of other vehicle/cyclist/pedestrian/passenger,Four lanes or more with central divider,Straight road,,Fine,Mini Container (KL11AU 6400),P.V,Non injured,1
04.03.2019,02:25AM,1356,RHS,Rural,Kodavaluru,Collision Brush/Side Wipe,,Container,Grievious injury,Fault of driver of motor vehicle/driver of other vehicle/cyclist/pedestrian/passenger,Four lanes or more with central divider,Straight road,,Fine,Mini Container (KL11AU 6400),P.V,Animals affected,0
04.03.2019,03:05AM,1237.8,RHS,Rural,Maddipadu,Rear End Collision,,Car,Minor injury,Fault of driver of motor vehicle/driver of other vehicle/cyclist/pedestrian/passenger,Four lanes or more with central divider,Straight road,,Fine,Car (AP16CE 7887),P.V,Fatal,0
04.03.2019,03:05AM,1237.8,RHS,Rural,Maddipadu,Rear End Collision,,Car,Minor injury,Fault of driver of motor vehicle/driver of other vehicle/cyclist/pedestrian/passenger,Four lanes or more with central divider,Straight road,,Fine,Car (AP16CE 7887),P.V,Grevious,0
04.03.2019,03:05AM,1237.8,RHS,Rural,Maddipadu,Rear End Collision,,Car,Minor injury,Fault of driver of motor vehicle/driver of other vehicle/cyclist/pedestrian/passenger,Four lanes or more with central divider,Straight road,,Fine,Car (AP16CE 7887),P.V,Minor,1
04.03.2019,03:05AM,1237.8,RHS,Rural,Maddipadu,Rear End Collision,,Car,Minor injury,Fault of driver of motor vehicle/driver of other vehicle/cyclist/pedestrian/passenger,Four lanes or more with central divider,Straight road,,Fine,Car (AP16CE 7887),P.V,Non injured,3
04.03.2019,03:05AM,1237.8,RHS,Rural,Maddipadu,Rear End Collision,,Car,Minor injury,Fault of driver of motor vehicle/driver of other vehicle/cyclist/pedestrian/passenger,Four lanes or more with central divider,Straight road,,Fine,Car (AP16CE 7887),P.V,Animals affected,0
04.03.2019,10:30PM,1347.1,RHS,Rural,Dagadarthi,Rear End Collision,,Bike,Fatal,Over speed,Four lanes or more with central divider,Straight road,,Fine,Bike (AP26BZ 3375),P.V,Fatal,2
04.03.2019,10:30PM,1347.1,RHS,Rural,Dagadarthi,Rear End Collision,,Bike,Fatal,Over speed,Four lanes or more with central divider,Straight road,,Fine,Bike (AP26BZ 3375),P.V,Grevious,0
04.03.2019,10:30PM,1347.1,RHS,Rural,Dagadarthi,Rear End Collision,,Bike,Fatal,Over speed,Four lanes or more with central divider,Straight road,,Fine,Bike (AP26BZ 3375),P.V,Minor,0
04.03.2019,10:30PM,1347.1,RHS,Rural,Dagadarthi,Rear End Collision,,Bike,Fatal,Over speed,Four lanes or more with central divider,Straight road,,Fine,Bike (AP26BZ 3375),P.V,Non injured,1
04.03.2019,10:30PM,1347.1,RHS,Rural,Dagadarthi,Rear End Collision,,Bike,Fatal,Over speed,Four lanes or more with central divider,Straight road,,Fine,Bike (AP26BZ 3375),P.V,Animals affected,0
05.03.2019,08:55AM,1330.4,RHS,Rural,Kavali,Collision Brush/Side Wipe,,LGV,Fatal,Fault of driver of motor vehicle/driver of other vehicle/cyclist/pedestrian/passenger,Four lanes or more with central divider,Straight road,,Fine,Mini Truck (AP26TC       1426),A.M.B & P.V,Fatal,1
05.03.2019,08:55AM,1330.4,RHS,Rural,Kavali,Collision Brush/Side Wipe,,LGV,Fatal,Fault of driver of motor vehicle/driver of other vehicle/cyclist/pedestrian/passenger,Four lanes or more with central divider,Straight road,,Fine,Mini Truck (AP26TC       1426),A.M.B & P.V,Grevious,6
05.03.2019,08:55AM,1330.4,RHS,Rural,Kavali,Collision Brush/Side Wipe,,LGV,Fatal,Fault of driver of motor vehicle/driver of other vehicle/cyclist/pedestrian/passenger,Four lanes or more with central divider,Straight road,,Fine,Mini Truck (AP26TC       1426),A.M.B & P.V,Minor,7
05.03.2019,08:55AM,1330.4,RHS,Rural,Kavali,Collision Brush/Side Wipe,,LGV,Fatal,Fault of driver of motor vehicle/driver of other vehicle/cyclist/pedestrian/passenger,Four lanes or more with central divider,Straight road,,Fine,Mini Truck (AP26TC       1426),A.M.B & P.V,Non injured,0
05.03.2019,08:55AM,1330.4,RHS,Rural,Kavali,Collision Brush/Side Wipe,,LGV,Fatal,Fault of driver of motor vehicle/driver of other vehicle/cyclist/pedestrian/passenger,Four lanes or more with central divider,Straight road,,Fine,Mini Truck (AP26TC       1426),A.M.B & P.V,Animals affected,0
05.03.2019,12:00pm,1242,RHS,Rural,Ongole,Head on collision,,Truck,Grievious injury,Fault of driver of motor vehicle/driver of other vehicle/cyclist/pedestrian/passenger,Four lanes or more with central divider,Slight curve,,Fine,Eicher vehcile (TS12EJ8565),P.V,Fatal,0
05.03.2019,12:00pm,1242,RHS,Rural,Ongole,Head on collision,,Truck,Grievious injury,Fault of driver of motor vehicle/driver of other vehicle/cyclist/pedestrian/passenger,Four lanes or more with central divider,Slight curve,,Fine,Eicher vehcile (TS12EJ8565),P.V,Grevious,1
05.03.2019,12:00pm,1242,RHS,Rural,Ongole,Head on collision,,Truck,Grievious injury,Fault of driver of motor vehicle/driver of other vehicle/cyclist/pedestrian/passenger,Four lanes or more with central divider,Slight curve,,Fine,Eicher vehcile (TS12EJ8565),P.V,Minor,0
05.03.2019,12:00pm,1242,RHS,Rural,Ongole,Head on collision,,Truck,Grievious injury,Fault of driver of motor vehicle/driver of other vehicle/cyclist/pedestrian/passenger,Four lanes or more with central divider,Slight curve,,Fine,Eicher vehcile (TS12EJ8565),P.V,Non injured,1
05.03.2019,12:00pm,1242,RHS,Rural,Ongole,Head on collision,,Truck,Grievious injury,Fault of driver of motor vehicle/driver of other vehicle/cyclist/pedestrian/passenger,Four lanes or more with central divider,Slight curve,,Fine,Eicher vehcile (TS12EJ8565),P.V,Animals affected,0
05.03.2019,01:05PM,1200,RHS,Rural,Martur,Collision Brush/Side Wipe,,Truck,Fatal,Fault of driver of motor vehicle/driver of other vehicle/cyclist/pedestrian/passenger,Four lanes or more with central divider,Straight road,,Fine,Lorry (AP29W3219),P.V,Fatal,1