Operational date,Time of Accident,KM && M,Position,Rural/Urban,Location,Nature of Accident Position,Nature of Accident,Vehicle Involved,Type of Accident,Causes,Road Feature,Road condition,Intersection Type And Control,Weather Condition,Vehicle Responsible,Help Provided by Ambulance/Patroling Vehicle,Classification of Accident,No of Affected Persons
05.03.2019,01:05PM,1200,RHS,Rural,Martur,Collision Brush/Side Wipe,,Truck,Fatal,Fault of driver of motor vehicle/driver of other vehicle/cyclist/pedestrian/passenger,Four lanes or more with central divider,Straight road,,Fine,Lorry (AP29W3219),P.V,Grevious,0
05.03.2019,01:05PM,1200,RHS,Rural,Martur,Collision Brush/Side Wipe,,Truck,Fatal,Fault of driver of motor vehicle/driver of other vehicle/cyclist/pedestrian/passenger,Four lanes or more with central divider,Straight road,,Fine,Lorry (AP29W3219),P.V,Minor,0
05.03.2019,01:05PM,1200,RHS,Rural,Martur,Collision Brush/Side Wipe,,Truck,Fatal,Fault of driver of motor vehicle/driver of other vehicle/cyclist/pedestrian/passenger,Four lanes or more with central divider,Straight road,,Fine,Lorry (AP29W3219),P.V,Non injured,0
05.03.2019,01:05PM,1200,RHS,Rural,Martur,Collision Brush/Side Wipe,,Truck,Fatal,Fault of driver of motor vehicle/driver of other vehicle/cyclist/pedestrian/passenger,Four lanes or more with central divider,Straight road,,Fine,Lorry (AP29W3219),P.V,Animals affected,0
05.03.2019,04:42PM,1205.2,RHS,Rural,Reningavaram,Rear End Collision,,Bike,Fatal,Over speed,Four lanes or more with central divider,Straight road,,Fine,Activa Scooter (AP07DW5224),A.M.B & P.V,Fatal,1
05.03.2019,04:42PM,1205.2,RHS,Rural,Reningavaram,Rear End Collision,,Bike,Fatal,Over speed,Four lanes or more with central divider,Straight road,,Fine,Activa Scooter (AP07DW5224),A.M.B & P.V,Grevious,1
05.03.2019,04:42PM,1205.2,RHS,Rural,Reningavaram,Rear End Collision,,Bike,Fatal,Over speed,Four lanes or more with central divider,Straight road,,Fine,Activa Scooter (AP07DW5224),A.M.B & P.V,Minor,0
05.03.2019,04:42PM,1205.2,RHS,Rural,Reningavaram,Rear End Collision,,Bike,Fatal,Over speed,Four lanes or more with central divider,Straight road,,Fine,Activa Scooter (AP07DW5224),A.M.B & P.V,Non injured,1
05.03.2019,04:42PM,1205.2,RHS,Rural,Reningavaram,Rear End Collision,,Bike,Fatal,Over speed,Four lanes or more with central divider,Straight road,,Fine,Activa Scooter (AP07DW5224),A.M.B & P.V,Animals affected,0
06.03.2019,12:15AM,1276,RHS,Rural,Singarayakonda,Overturning,,Truck,Non injury,Druken,Four lanes or more with central divider,Straight road,,Fine,Eicher vehicle (KAOC1404),P.V,Fatal,0
06.03.2019,12:15AM,1276,RHS,Rural,Singarayakonda,Overturning,,Truck,Non injury,Druken,Four lanes or more with central divider,Straight road,,Fine,Eicher vehicle (KAOC1404),P.V,Grevious,0
06.03.2019,12:15AM,1276,RHS,Rural,Singarayakonda,Overturning,,Truck,Non injury,Druken,Four lanes or more with central divider,Straight road,,Fine,Eicher vehicle (KAOC1404),P.V,Minor,0
06.03.2019,12:15AM,1276,RHS,Rural,Singarayakonda,Overturning,,Truck,Non injury,Druken,Four lanes or more with central divider,Straight road,,Fine,Eicher vehicle (KAOC1404),P.V,Non injured,1
06.03.2019,12:15AM,1276,RHS,Rural,Singarayakonda,Overturning,,Truck,Non injury,Druken,Four lanes or more with central divider,Straight road,,Fine,Eicher vehicle (KAOC1404),P.V,Animals affected,0
06.03.2019,08:44:00,1295,RHS,Rural,Ulavapadu,Overturning,,Car,Fatal,Fault of driver of motor vehicle/driver of other vehicle/cyclist/pedestrian/passenger,Four lanes or more with central divider,Straight road,,Fine,Car (AP27BB2777),P.V,Fatal,1
06.03.2019,08:44:00,1295,RHS,Rural,Ulavapadu,Overturning,,Car,Fatal,Fault of driver of motor vehicle/driver of other vehicle/cyclist/pedestrian/passenger,Four lanes or more with central divider,Straight road,,Fine,Car (AP27BB2777),P.V,Grevious,0
06.03.2019,08:44:00,1295,RHS,Rural,Ulavapadu,Overturning,,Car,Fatal,Fault of driver of motor vehicle/driver of other vehicle/cyclist/pedestrian/passenger,Four lanes or more with central divider,Straight road,,Fine,Car (AP27BB2777),P.V,Minor,0
06.03.2019,08:44:00,1295,RHS,Rural,Ulavapadu,Overturning,,Car,Fatal,Fault of driver of motor vehicle/driver of other vehicle/cyclist/pedestrian/passenger,Four lanes or more with central divider,Straight road,,Fine,Car (AP27BB2777),P.V,Non injured,0
06.03.2019,08:44:00,1295,RHS,Rural,Ulavapadu,Overturning,,Car,Fatal,Fault of driver of motor vehicle/driver of other vehicle/cyclist/pedestrian/passenger,Four lanes or more with central divider,Straight road,,Fine,Car (AP27BB2777),P.V,Animals affected,0
06.03.2019,13:20:00,1189.5,RHS,Rural,Martur,Collision Brush/Side Wipe,,Truck,Minor injury,Fault of driver of motor vehicle/driver of other vehicle/cyclist/pedestrian/passenger,Four lanes or more with central divider,Straight road,,Fine,Lorry                  (CG04ZA 1644),P.V,Fatal,0
06.03.2019,13:20:00,1189.5,RHS,Rural,Martur,Collision Brush/Side Wipe,,Truck,Minor injury,Fault of driver of motor vehicle/driver of other vehicle/cyclist/pedestrian/passenger,Four lanes or more with central divider,Straight road,,Fine,Lorry                  (CG04ZA 1644),P.V,Grevious,0
06.03.2019,13:20:00,1189.5,RHS,Rural,Martur,Collision Brush/Side Wipe,,Truck,Minor injury,Fault of driver of motor vehicle/driver of other vehicle/cyclist/pedestrian/passenger,Four lanes or more with central divider,Straight road,,Fine,Lorry                  (CG04ZA 1644),P.V,Minor,1
06.03.2019,13:20:00,1189.5,RHS,Rural,Martur,Collision Brush/Side Wipe,,Truck,Minor injury,Fault of driver of motor vehicle/driver of other vehicle/cyclist/pedestrian/passenger,Four lanes or more with central divider,Straight road,,Fine,Lorry                  (CG04ZA 1644),P.V,Non injured,2
06.03.2019,13:20:00,1189.5,RHS,Rural,Martur,Collision Brush/Side Wipe,,Truck,Minor injury,Fault of driver of motor vehicle/driver of other vehicle/cyclist/pedestrian/passenger,Four lanes or more with central divider,Straight road,,Fine,Lorry                  (CG04ZA 1644),P.V,Animals affected,0
07.03.2019,04:30AM,1205.7,RHS,Rural,Reningavaram,Overturning,,LCV,Non injury,Fault of driver of motor vehicle/driver of other vehicle/cyclist/pedestrian/passenger,Four lanes or more with central divider,Straight road,,Fine,Tata 407 container vehicle  (AP05TE     3753),P.V,Fatal,0
07.03.2019,04:30AM,1205.7,RHS,Rural,Reningavaram,Overturning,,LCV,Non injury,Fault of driver of motor vehicle/driver of other vehicle/cyclist/pedestrian/passenger,Four lanes or more with central divider,Straight road,,Fine,Tata 407 container vehicle  (AP05TE     3753),P.V,Grevious,0
07.03.2019,04:30AM,1205.7,RHS,Rural,Reningavaram,Overturning,,LCV,Non injury,Fault of driver of motor vehicle/driver of other vehicle/cyclist/pedestrian/passenger,Four lanes or more with central divider,Straight road,,Fine,Tata 407 container vehicle  (AP05TE     3753),P.V,Minor,0
07.03.2019,04:30AM,1205.7,RHS,Rural,Reningavaram,Overturning,,LCV,Non injury,Fault of driver of motor vehicle/driver of other vehicle/cyclist/pedestrian/passenger,Four lanes or more with central divider,Straight road,,Fine,Tata 407 container vehicle  (AP05TE     3753),P.V,Non injured,1
07.03.2019,04:30AM,1205.7,RHS,Rural,Reningavaram,Overturning,,LCV,Non injury,Fault of driver of motor vehicle/driver of other vehicle/cyclist/pedestrian/passenger,Four lanes or more with central divider,Straight road,,Fine,Tata 407 container vehicle  (AP05TE     3753),P.V,Animals affected,0
07.03.2019,05:05PM,1280.1,RHS,Rural,Singarayakonda,Head on collision,,Unknown vehicle,Fatal,Fault of driver of motor vehicle/driver of other vehicle/cyclist/pedestrian/passenger,Four lanes or more with central divider,Sharp curve,,Fine,Unknown vehicle,P.V,Fatal,1
07.03.2019,05:05PM,1280.1,RHS,Rural,Singarayakonda,Head on collision,,Unknown vehicle,Fatal,Fault of driver of motor vehicle/driver of other vehicle/cyclist/pedestrian/passenger,Four lanes or more with central divider,Sharp curve,,Fine,Unknown vehicle,P.V,Grevious,0
07.03.2019,05:05PM,1280.1,RHS,Rural,Singarayakonda,Head on collision,,Unknown vehicle,Fatal,Fault of driver of motor vehicle/driver of other vehicle/cyclist/pedestrian/passenger,Four lanes or more with central divider,Sharp curve,,Fine,Unknown vehicle,P.V,Minor,0
07.03.2019,05:05PM,1280.1,RHS,Rural,Singarayakonda,Head on collision,,Unknown vehicle,Fatal,Fault of driver of motor vehicle/driver of other vehicle/cyclist/pedestrian/passenger,Four lanes or more with central divider,Sharp curve,,Fine,Unknown vehicle,P.V,Non injured,0
07.03.2019,05:05PM,1280.1,RHS,Rural,Singarayakonda,Head on collision,,Unknown vehicle,Fatal,Fault of driver of motor vehicle/driver of other vehicle/cyclist/pedestrian/passenger,Four lanes or more with central divider,Sharp curve,,Fine,Unknown vehicle,P.V,Animals affected,0
08.03.2019,03:10AM,1192.6,RHS,Rural,Martur,Skidding,,Bike,Minor injury,Druken,Four lanes or more with central divider,Straight road,,Fine,Bike          (AP07AB    7016)    ,A.M.B,Fatal,0
08.03.2019,03:10AM,1192.6,RHS,Rural,Martur,Skidding,,Bike,Minor injury,Druken,Four lanes or more with central divider,Straight road,,Fine,Bike          (AP07AB    7016)    ,A.M.B,Grevious,0
08.03.2019,03:10AM,1192.6,RHS,Rural,Martur,Skidding,,Bike,Minor injury,Druken,Four lanes or more with central divider,Straight road,,Fine,Bike          (AP07AB    7016)    ,A.M.B,Minor,1
08.03.2019,03:10AM,1192.6,RHS,Rural,Martur,Skidding,,Bike,Minor injury,Druken,Four lanes or more with central divider,Straight road,,Fine,Bike          (AP07AB    7016)    ,A.M.B,Non injured,0
08.03.2019,03:10AM,1192.6,RHS,Rural,Martur,Skidding,,Bike,Minor injury,Druken,Four lanes or more with central divider,Straight road,,Fine,Bike          (AP07AB    7016)    ,A.M.B,Animals affected,0
08.03.2019,11:25AM,1247.8,RHS,Rural,Ongole,Overturning,,LGV,Non injury,Defect in mechanical condition of motor vehicle/road condition,Four lanes or more with central divider,Straight road,,Fine,Mini Truck  (AP07TJ      1469),P.V,Fatal,0
08.03.2019,11:25AM,1247.8,RHS,Rural,Ongole,Overturning,,LGV,Non injury,Defect in mechanical condition of motor vehicle/road condition,Four lanes or more with central divider,Straight road,,Fine,Mini Truck  (AP07TJ      1469),P.V,Grevious,0
08.03.2019,11:25AM,1247.8,RHS,Rural,Ongole,Overturning,,LGV,Non injury,Defect in mechanical condition of motor vehicle/road condition,Four lanes or more with central divider,Straight road,,Fine,Mini Truck  (AP07TJ      1469),P.V,Minor,0
08.03.2019,11:25AM,1247.8,RHS,Rural,Ongole,Overturning,,LGV,Non injury,Defect in mechanical condition of motor vehicle/road condition,Four lanes or more with central divider,Straight road,,Fine,Mini Truck  (AP07TJ      1469),P.V,Non injured,1
08.03.2019,11:25AM,1247.8,RHS,Rural,Ongole,Overturning,,LGV,Non injury,Defect in mechanical condition of motor vehicle/road condition,Four lanes or more with central divider,Straight road,,Fine,Mini Truck  (AP07TJ      1469),P.V,Animals affected,0
08.03.2019,11:50AM,1255.7,RHS,Rural,Tangutur,Collision Brush/Side Wipe,,Truck,Minor injury,Fault of driver of motor vehicle/driver of other vehicle/cyclist/pedestrian/passenger,Four lanes or more with central divider,Straight road,,Fine,Lorry        (AP27Y       0909),A.M.B & P.V,Fatal,0
08.03.2019,11:50AM,1255.7,RHS,Rural,Tangutur,Collision Brush/Side Wipe,,Truck,Minor injury,Fault of driver of motor vehicle/driver of other vehicle/cyclist/pedestrian/passenger,Four lanes or more with central divider,Straight road,,Fine,Lorry        (AP27Y       0909),A.M.B & P.V,Grevious,0
08.03.2019,11:50AM,1255.7,RHS,Rural,Tangutur,Collision Brush/Side Wipe,,Truck,Minor injury,Fault of driver of motor vehicle/driver of other vehicle/cyclist/pedestrian/passenger,Four lanes or more with central divider,Straight road,,Fine,Lorry        (AP27Y       0909),A.M.B & P.V,Minor,1
08.03.2019,11:50AM,1255.7,RHS,Rural,Tangutur,Collision Brush/Side Wipe,,Truck,Minor injury,Fault of driver of motor vehicle/driver of other vehicle/cyclist/pedestrian/passenger,Four lanes or more with central divider,Straight road,,Fine,Lorry        (AP27Y       0909),A.M.B & P.V,Non injured,1
08.03.2019,11:50AM,1255.7,RHS,Rural,Tangutur,Collision Brush/Side Wipe,,Truck,Minor injury,Fault of driver of motor vehicle/driver of other vehicle/cyclist/pedestrian/passenger,Four lanes or more with central divider,Straight road,,Fine,Lorry        (AP27Y       0909),A.M.B & P.V,Animals affected,0
08.03.2019,02:09PM,1305.7,RHS,Rural,Gudluru,Rear End Collision,,Auto,Minor injury,Over speed,Four lanes or more with central divider,Straight road,,Fine,Auto          (AP26TL      0321),A.M.B & P.V,Fatal,0
08.03.2019,02:09PM,1305.7,RHS,Rural,Gudluru,Rear End Collision,,Auto,Minor injury,Over speed,Four lanes or more with central divider,Straight road,,Fine,Auto          (AP26TL      0321),A.M.B & P.V,Grevious,0
08.03.2019,02:09PM,1305.7,RHS,Rural,Gudluru,Rear End Collision,,Auto,Minor injury,Over speed,Four lanes or more with central divider,Straight road,,Fine,Auto          (AP26TL      0321),A.M.B & P.V,Minor,2
08.03.2019,02:09PM,1305.7,RHS,Rural,Gudluru,Rear End Collision,,Auto,Minor injury,Over speed,Four lanes or more with central divider,Straight road,,Fine,Auto          (AP26TL      0321),A.M.B & P.V,Non injured,40
08.03.2019,02:09PM,1305.7,RHS,Rural,Gudluru,Rear End Collision,,Auto,Minor injury,Over speed,Four lanes or more with central divider,Straight road,,Fine,Auto          (AP26TL      0321),A.M.B & P.V,Animals affected,0
08.03.2019,09:10PM,1191.8,RHS,Rural,Martur,Collision Brush/Side Wipe,,Bus,Non injury,Over speed,Four lanes or more with central divider,Straight road,,Fine,Bus        (AP07TH    7733),P.V,Fatal,0
08.03.2019,09:10PM,1191.8,RHS,Rural,Martur,Collision Brush/Side Wipe,,Bus,Non injury,Over speed,Four lanes or more with central divider,Straight road,,Fine,Bus        (AP07TH    7733),P.V,Grevious,0
08.03.2019,09:10PM,1191.8,RHS,Rural,Martur,Collision Brush/Side Wipe,,Bus,Non injury,Over speed,Four lanes or more with central divider,Straight road,,Fine,Bus        (AP07TH    7733),P.V,Minor,0
08.03.2019,09:10PM,1191.8,RHS,Rural,Martur,Collision Brush/Side Wipe,,Bus,Non injury,Over speed,Four lanes or more with central divider,Straight road,,Fine,Bus        (AP07TH    7733),P.V,Non injured,21
08.03.2019,09:10PM,1191.8,RHS,Rural,Martur,Collision Brush/Side Wipe,,Bus,Non injury,Over speed,Four lanes or more with central divider,Straight road,,Fine,Bus        (AP07TH    7733),P.V,Animals affected,0
09.03.2019,03:20AM,1315.7,RHS,Rural,Kavali,Collision Brush/Side Wipe,,Car,Non injury,Fault of driver of motor vehicle/driver of other vehicle/cyclist/pedestrian/passenger,Four lanes or more with central divider,Straight road,,Fine,Car                (AP26 BL    3369)    ,A.M.B & P.V,Fatal,0
09.03.2019,03:20AM,1315.7,RHS,Rural,Kavali,Collision Brush/Side Wipe,,Car,Non injury,Fault of driver of motor vehicle/driver of other vehicle/cyclist/pedestrian/passenger,Four lanes or more with central divider,Straight road,,Fine,Car                (AP26 BL    3369)    ,A.M.B & P.V,Grevious,0
09.03.2019,03:20AM,1315.7,RHS,Rural,Kavali,Collision Brush/Side Wipe,,Car,Non injury,Fault of driver of motor vehicle/driver of other vehicle/cyclist/pedestrian/passenger,Four lanes or more with central divider,Straight road,,Fine,Car                (AP26 BL    3369)    ,A.M.B & P.V,Minor,1
09.03.2019,03:20AM,1315.7,RHS,Rural,Kavali,Collision Brush/Side Wipe,,Car,Non injury,Fault of driver of motor vehicle/driver of other vehicle/cyclist/pedestrian/passenger,Four lanes or more with central divider,Straight road,,Fine,Car                (AP26 BL    3369)    ,A.M.B & P.V,Non injured,3
09.03.2019,03:20AM,1315.7,RHS,Rural,Kavali,Collision Brush/Side Wipe,,Car,Non injury,Fault of driver of motor vehicle/driver of other vehicle/cyclist/pedestrian/passenger,Four lanes or more with central divider,Straight road,,Fine,Car                (AP26 BL    3369)    ,A.M.B & P.V,Animals affected,0
09.03.2019,05:50AM,1211.4,RHS,Rural,Medarametla,Rear End Collision,,Truck,Fatal,Fault of driver of motor vehicle/driver of other vehicle/cyclist/pedestrian/passenger,Four lanes or more with central divider,Straight road,T-Junction,Fine,Lorry      (BR21GA 5687),P.V,Fatal,2
09.03.2019,05:50AM,1211.4,RHS,Rural,Medarametla,Rear End Collision,,Truck,Fatal,Fault of driver of motor vehicle/driver of other vehicle/cyclist/pedestrian/passenger,Four lanes or more with central divider,Straight road,T-Junction,Fine,Lorry      (BR21GA 5687),P.V,Grevious,0
09.03.2019,05:50AM,1211.4,RHS,Rural,Medarametla,Rear End Collision,,Truck,Fatal,Fault of driver of motor vehicle/driver of other vehicle/cyclist/pedestrian/passenger,Four lanes or more with central divider,Straight road,T-Junction,Fine,Lorry      (BR21GA 5687),P.V,Minor,0
09.03.2019,05:50AM,1211.4,RHS,Rural,Medarametla,Rear End Collision,,Truck,Fatal,Fault of driver of motor vehicle/driver of other vehicle/cyclist/pedestrian/passenger,Four lanes or more with central divider,Straight road,T-Junction,Fine,Lorry      (BR21GA 5687),P.V,Non injured,0
09.03.2019,05:50AM,1211.4,RHS,Rural,Medarametla,Rear End Collision,,Truck,Fatal,Fault of driver of motor vehicle/driver of other vehicle/cyclist/pedestrian/passenger,Four lanes or more with central divider,Straight road,T-Junction,Fine,Lorry      (BR21GA 5687),P.V,Animals affected,0
09.03.2019,03:20PM,1324.7,RHS,Rural,Kavali,Rear End Collision,,Truck,Grievious injury,Fault of driver of motor vehicle/driver of other vehicle/cyclist/pedestrian/passenger,Four lanes or more with central divider,Straight road,,Fine,Lorry        (TS05U 6948),A.M.B & P.V,Fatal,0
09.03.2019,03:20PM,1324.7,RHS,Rural,Kavali,Rear End Collision,,Truck,Grievious injury,Fault of driver of motor vehicle/driver of other vehicle/cyclist/pedestrian/passenger,Four lanes or more with central divider,Straight road,,Fine,Lorry        (TS05U 6948),A.M.B & P.V,Grevious,1
09.03.2019,03:20PM,1324.7,RHS,Rural,Kavali,Rear End Collision,,Truck,Grievious injury,Fault of driver of motor vehicle/driver of other vehicle/cyclist/pedestrian/passenger,Four lanes or more with central divider,Straight road,,Fine,Lorry        (TS05U 6948),A.M.B & P.V,Minor,0
09.03.2019,03:20PM,1324.7,RHS,Rural,Kavali,Rear End Collision,,Truck,Grievious injury,Fault of driver of motor vehicle/driver of other vehicle/cyclist/pedestrian/passenger,Four lanes or more with central divider,Straight road,,Fine,Lorry        (TS05U 6948),A.M.B & P.V,Non injured,1
09.03.2019,03:20PM,1324.7,RHS,Rural,Kavali,Rear End Collision,,Truck,Grievious injury,Fault of driver of motor vehicle/driver of other vehicle/cyclist/pedestrian/passenger,Four lanes or more with central divider,Straight road,,Fine,Lorry        (TS05U 6948),A.M.B & P.V,Animals affected,0
09.03.2019,03:31PM,1192.7,RHS,Rural,Martur,Rear End Collision,,LGV,Minor injury,Over speed,Four lanes or more with central divider,Straight road,,Fine, Tata ACE Vehicle      (AP047W 5497),A.M.B & P.V,Fatal,0
09.03.2019,03:31PM,1192.7,RHS,Rural,Martur,Rear End Collision,,LGV,Minor injury,Over speed,Four lanes or more with central divider,Straight road,,Fine, Tata ACE Vehicle      (AP047W 5497),A.M.B & P.V,Grevious,0
09.03.2019,03:31PM,1192.7,RHS,Rural,Martur,Rear End Collision,,LGV,Minor injury,Over speed,Four lanes or more with central divider,Straight road,,Fine, Tata ACE Vehicle      (AP047W 5497),A.M.B & P.V,Minor,2
09.03.2019,03:31PM,1192.7,RHS,Rural,Martur,Rear End Collision,,LGV,Minor injury,Over speed,Four lanes or more with central divider,Straight road,,Fine, Tata ACE Vehicle      (AP047W 5497),A.M.B & P.V,Non injured,8
09.03.2019,03:31PM,1192.7,RHS,Rural,Martur,Rear End Collision,,LGV,Minor injury,Over speed,Four lanes or more with central divider,Straight road,,Fine, Tata ACE Vehicle      (AP047W 5497),A.M.B & P.V,Animals affected,0
09.03.2019,11:45PM,1259,RHS,Rural,Tangutur,Collision Brush/Side Wipe,,Car,Minor injury,Over speed,Four lanes or more with central divider,Straight road,,Fine,Car          (AP26BH 8719),P.V,Fatal,0
09.03.2019,11:45PM,1259,RHS,Rural,Tangutur,Collision Brush/Side Wipe,,Car,Minor injury,Over speed,Four lanes or more with central divider,Straight road,,Fine,Car          (AP26BH 8719),P.V,Grevious,0
09.03.2019,11:45PM,1259,RHS,Rural,Tangutur,Collision Brush/Side Wipe,,Car,Minor injury,Over speed,Four lanes or more with central divider,Straight road,,Fine,Car          (AP26BH 8719),P.V,Minor,4
09.03.2019,11:45PM,1259,RHS,Rural,Tangutur,Collision Brush/Side Wipe,,Car,Minor injury,Over speed,Four lanes or more with central divider,Straight road,,Fine,Car          (AP26BH 8719),P.V,Non injured,0
09.03.2019,11:45PM,1259,RHS,Rural,Tangutur,Collision Brush/Side Wipe,,Car,Minor injury,Over speed,Four lanes or more with central divider,Straight road,,Fine,Car          (AP26BH 8719),P.V,Animals affected,1
10.03.2019,04:30PM,1238.3,RHS,Rural,Ongole,Overturning,,LCV,Non injury,Defect in mechanical condition of motor vehicle/road condition,Four lanes or more with central divider,Straight road,,Fine,Mini Lorry               (MP07GA 6771)    ,P.V,Fatal,0
10.03.2019,04:30PM,1238.3,RHS,Rural,Ongole,Overturning,,LCV,Non injury,Defect in mechanical condition of motor vehicle/road condition,Four lanes or more with central divider,Straight road,,Fine,Mini Lorry               (MP07GA 6771)    ,P.V,Grevious,0
10.03.2019,04:30PM,1238.3,RHS,Rural,Ongole,Overturning,,LCV,Non injury,Defect in mechanical condition of motor vehicle/road condition,Four lanes or more with central divider,Straight road,,Fine,Mini Lorry               (MP07GA 6771)    ,P.V,Minor,0
10.03.2019,04:30PM,1238.3,RHS,Rural,Ongole,Overturning,,LCV,Non injury,Defect in mechanical condition of motor vehicle/road condition,Four lanes or more with central divider,Straight road,,Fine,Mini Lorry               (MP07GA 6771)    ,P.V,Non injured,1
10.03.2019,04:30PM,1238.3,RHS,Rural,Ongole,Overturning,,LCV,Non injury,Defect in mechanical condition of motor vehicle/road condition,Four lanes or more with central divider,Straight road,,Fine,Mini Lorry               (MP07GA 6771)    ,P.V,Animals affected,0
11.03.2019,06:00AM,1305.4,RHS,Rural,Gudluru,Collision Brush/Side Wipe,,Truck,Non injury,Over speed,Two lanes,Straight road,,Fine,Lorry               (HR74A6429)    ,P.V,Fatal,0
11.03.2019,06:00AM,1305.4,RHS,Rural,Gudluru,Collision Brush/Side Wipe,,Truck,Non injury,Over speed,Two lanes,Straight road,,Fine,Lorry               (HR74A6429)    ,P.V,Grevious,0
11.03.2019,06:00AM,1305.4,RHS,Rural,Gudluru,Collision Brush/Side Wipe,,Truck,Non injury,Over speed,Two lanes,Straight road,,Fine,Lorry               (HR74A6429)    ,P.V,Minor,0
11.03.2019,06:00AM,1305.4,RHS,Rural,Gudluru,Collision Brush/Side Wipe,,Truck,Non injury,Over speed,Two lanes,Straight road,,Fine,Lorry               (HR74A6429)    ,P.V,Non injured,2
11.03.2019,06:00AM,1305.4,RHS,Rural,Gudluru,Collision Brush/Side Wipe,,Truck,Non injury,Over speed,Two lanes,Straight road,,Fine,Lorry               (HR74A6429)    ,P.V,Animals affected,0
12.03.2019,12:02PM,1307,RHS,Rural,Gudluru,Overturning,,Car,Minor injury,Over speed,Four lanes or more with central divider,Straight road,T-Junction,Fine,Car               (AP26BE6459)    ,A.M.B,Fatal,0
12.03.2019,12:02PM,1307,RHS,Rural,Gudluru,Overturning,,Car,Minor injury,Over speed,Four lanes or more with central divider,Straight road,T-Junction,Fine,Car               (AP26BE6459)    ,A.M.B,Grevious,0
12.03.2019,12:02PM,1307,RHS,Rural,Gudluru,Overturning,,Car,Minor injury,Over speed,Four lanes or more with central divider,Straight road,T-Junction,Fine,Car               (AP26BE6459)    ,A.M.B,Minor,2
12.03.2019,12:02PM,1307,RHS,Rural,Gudluru,Overturning,,Car,Minor injury,Over speed,Four lanes or more with central divider,Straight road,T-Junction,Fine,Car               (AP26BE6459)    ,A.M.B,Non injured,0
12.03.2019,12:02PM,1307,RHS,Rural,Gudluru,Overturning,,Car,Minor injury,Over speed,Four lanes or more with central divider,Straight road,T-Junction,Fine,Car               (AP26BE6459)    ,A.M.B,Animals affected,0
13.03.2019,01:00AM,1243.3,RHS,Rural,Ongole,Collision Brush/Side Wipe,,Car,Minor injury,Fault of driver of motor vehicle/driver of other vehicle/cyclist/pedestrian/passenger,Four lanes or more with central divider,Straight road,,Fine,Car                (AP07CQ 0979)   ,P.V,Fatal,0
13.03.2019,01:00AM,1243.3,RHS,Rural,Ongole,Collision Brush/Side Wipe,,Car,Minor injury,Fault of driver of motor vehicle/driver of other vehicle/cyclist/pedestrian/passenger,Four lanes or more with central divider,Straight road,,Fine,Car                (AP07CQ 0979)   ,P.V,Grevious,0
13.03.2019,01:00AM,1243.3,RHS,Rural,Ongole,Collision Brush/Side Wipe,,Car,Minor injury,Fault of driver of motor vehicle/driver of other vehicle/cyclist/pedestrian/passenger,Four lanes or more with central divider,Straight road,,Fine,Car                (AP07CQ 0979)   ,P.V,Minor,2
13.03.2019,01:00AM,1243.3,RHS,Rural,Ongole,Collision Brush/Side Wipe,,Car,Minor injury,Fault of driver of motor vehicle/driver of other vehicle/cyclist/pedestrian/passenger,Four lanes or more with central divider,Straight road,,Fine,Car                (AP07CQ 0979)   ,P.V,Non injured,0
13.03.2019,01:00AM,1243.3,RHS,Rural,Ongole,Collision Brush/Side Wipe,,Car,Minor injury,Fault of driver of motor vehicle/driver of other vehicle/cyclist/pedestrian/passenger,Four lanes or more with central divider,Straight road,,Fine,Car                (AP07CQ 0979)   ,P.V,Animals affected,0
13.03.2019,04:30AM,1260.7,RHS,Rural,Tangutur,Collision Brush/Side Wipe,,Unknown vehicle,Grievious injury,Over speed,Four lanes or more with central divider,Straight road,,Fine,Unknown Vehicle,A.M.B ,Fatal,0
13.03.2019,04:30AM,1260.7,RHS,Rural,Tangutur,Collision Brush/Side Wipe,,Unknown vehicle,Grievious injury,Over speed,Four lanes or more with central divider,Straight road,,Fine,Unknown Vehicle,A.M.B ,Grevious,1
13.03.2019,04:30AM,1260.7,RHS,Rural,Tangutur,Collision Brush/Side Wipe,,Unknown vehicle,Grievious injury,Over speed,Four lanes or more with central divider,Straight road,,Fine,Unknown Vehicle,A.M.B ,Minor,0
13.03.2019,04:30AM,1260.7,RHS,Rural,Tangutur,Collision Brush/Side Wipe,,Unknown vehicle,Grievious injury,Over speed,Four lanes or more with central divider,Straight road,,Fine,Unknown Vehicle,A.M.B ,Non injured,0
13.03.2019,04:30AM,1260.7,RHS,Rural,Tangutur,Collision Brush/Side Wipe,,Unknown vehicle,Grievious injury,Over speed,Four lanes or more with central divider,Straight road,,Fine,Unknown Vehicle,A.M.B ,Animals affected,0
13.03.2019,06:00AM,1272.4,RHS,Rural,Jarugumalli,Rear End Collision,,Truck,Non injury,Over speed,Four lanes or more with central divider,Straight road,,Fine,Lorry        (AP07TF 8539),P.V,Fatal,0