Operational date,Time of Accident,KM && M,Position,Rural/Urban,Location,Nature of Accident Position,Nature of Accident,Vehicle Involved,Type of Accident,Causes,Road Feature,Road condition,Intersection Type And Control,Weather Condition,Vehicle Responsible,Help Provided by Ambulance/Patroling Vehicle,Classification of Accident,No of Affected Persons
13.03.2019,06:00AM,1272.4,RHS,Rural,Jarugumalli,Rear End Collision,,Truck,Non injury,Over speed,Four lanes or more with central divider,Straight road,,Fine,Lorry        (AP07TF 8539),P.V,Grevious,0
13.03.2019,06:00AM,1272.4,RHS,Rural,Jarugumalli,Rear End Collision,,Truck,Non injury,Over speed,Four lanes or more with central divider,Straight road,,Fine,Lorry        (AP07TF 8539),P.V,Minor,0
13.03.2019,06:00AM,1272.4,RHS,Rural,Jarugumalli,Rear End Collision,,Truck,Non injury,Over speed,Four lanes or more with central divider,Straight road,,Fine,Lorry        (AP07TF 8539),P.V,Non injured,2
13.03.2019,06:00AM,1272.4,RHS,Rural,Jarugumalli,Rear End Collision,,Truck,Non injury,Over speed,Four lanes or more with central divider,Straight road,,Fine,Lorry        (AP07TF 8539),P.V,Animals affected,0
13.03.2019,04:00PM,1209.1,RHS,Rural,Reningavaram,Collision Brush/Side Wipe,,Car,Minor injury,Over speed,Four lanes or more with central divider,Straight road,,Fine,Car (AP28DP 7477),A.M.B & P.V,Fatal,0
13.03.2019,04:00PM,1209.1,RHS,Rural,Reningavaram,Collision Brush/Side Wipe,,Car,Minor injury,Over speed,Four lanes or more with central divider,Straight road,,Fine,Car (AP28DP 7477),A.M.B & P.V,Grevious,0
13.03.2019,04:00PM,1209.1,RHS,Rural,Reningavaram,Collision Brush/Side Wipe,,Car,Minor injury,Over speed,Four lanes or more with central divider,Straight road,,Fine,Car (AP28DP 7477),A.M.B & P.V,Minor,1
13.03.2019,04:00PM,1209.1,RHS,Rural,Reningavaram,Collision Brush/Side Wipe,,Car,Minor injury,Over speed,Four lanes or more with central divider,Straight road,,Fine,Car (AP28DP 7477),A.M.B & P.V,Non injured,0
13.03.2019,04:00PM,1209.1,RHS,Rural,Reningavaram,Collision Brush/Side Wipe,,Car,Minor injury,Over speed,Four lanes or more with central divider,Straight road,,Fine,Car (AP28DP 7477),A.M.B & P.V,Animals affected,0
13.03.2019,05:45PM,1206.7,RHS,Rural,Reningavaram,Collision Brush/Side Wipe,,Bike,Grievious injury,Druken,Four lanes or more with central divider,Straight road,,Fine,Bike (AP27F 211),A.M.B & P.V,Fatal,0
13.03.2019,05:45PM,1206.7,RHS,Rural,Reningavaram,Collision Brush/Side Wipe,,Bike,Grievious injury,Druken,Four lanes or more with central divider,Straight road,,Fine,Bike (AP27F 211),A.M.B & P.V,Grevious,1
13.03.2019,05:45PM,1206.7,RHS,Rural,Reningavaram,Collision Brush/Side Wipe,,Bike,Grievious injury,Druken,Four lanes or more with central divider,Straight road,,Fine,Bike (AP27F 211),A.M.B & P.V,Minor,0
13.03.2019,05:45PM,1206.7,RHS,Rural,Reningavaram,Collision Brush/Side Wipe,,Bike,Grievious injury,Druken,Four lanes or more with central divider,Straight road,,Fine,Bike (AP27F 211),A.M.B & P.V,Non injured,0
13.03.2019,05:45PM,1206.7,RHS,Rural,Reningavaram,Collision Brush/Side Wipe,,Bike,Grievious injury,Druken,Four lanes or more with central divider,Straight road,,Fine,Bike (AP27F 211),A.M.B & P.V,Animals affected,0
15.03.2019,05:30AM,1276,RHS,Rural,Singarayakonda,Collision Brush/Side Wipe,,Unknown vehicle,Fatal,Over speed,Four lanes or more with central divider,Straight road,,Fine,Unknown Vehicle,P.V,Fatal,1
15.03.2019,05:30AM,1276,RHS,Rural,Singarayakonda,Collision Brush/Side Wipe,,Unknown vehicle,Fatal,Over speed,Four lanes or more with central divider,Straight road,,Fine,Unknown Vehicle,P.V,Grevious,0
15.03.2019,05:30AM,1276,RHS,Rural,Singarayakonda,Collision Brush/Side Wipe,,Unknown vehicle,Fatal,Over speed,Four lanes or more with central divider,Straight road,,Fine,Unknown Vehicle,P.V,Minor,0
15.03.2019,05:30AM,1276,RHS,Rural,Singarayakonda,Collision Brush/Side Wipe,,Unknown vehicle,Fatal,Over speed,Four lanes or more with central divider,Straight road,,Fine,Unknown Vehicle,P.V,Non injured,0
15.03.2019,05:30AM,1276,RHS,Rural,Singarayakonda,Collision Brush/Side Wipe,,Unknown vehicle,Fatal,Over speed,Four lanes or more with central divider,Straight road,,Fine,Unknown Vehicle,P.V,Animals affected,0
15.03.2019,12:30PM,1311.9,RHS,Rural,Kavali,Rear End Collision,,Container,Minor injury,Fault of driver of motor vehicle/driver of other vehicle/cyclist/pedestrian/passenger,Four lanes or more with central divider,Straight road,,Fine,Long Container vehicle   (TN04AA        8715),P.V,Fatal,0
15.03.2019,12:30PM,1311.9,RHS,Rural,Kavali,Rear End Collision,,Container,Minor injury,Fault of driver of motor vehicle/driver of other vehicle/cyclist/pedestrian/passenger,Four lanes or more with central divider,Straight road,,Fine,Long Container vehicle   (TN04AA        8715),P.V,Grevious,0
15.03.2019,12:30PM,1311.9,RHS,Rural,Kavali,Rear End Collision,,Container,Minor injury,Fault of driver of motor vehicle/driver of other vehicle/cyclist/pedestrian/passenger,Four lanes or more with central divider,Straight road,,Fine,Long Container vehicle   (TN04AA        8715),P.V,Minor,1
15.03.2019,12:30PM,1311.9,RHS,Rural,Kavali,Rear End Collision,,Container,Minor injury,Fault of driver of motor vehicle/driver of other vehicle/cyclist/pedestrian/passenger,Four lanes or more with central divider,Straight road,,Fine,Long Container vehicle   (TN04AA        8715),P.V,Non injured,1
15.03.2019,12:30PM,1311.9,RHS,Rural,Kavali,Rear End Collision,,Container,Minor injury,Fault of driver of motor vehicle/driver of other vehicle/cyclist/pedestrian/passenger,Four lanes or more with central divider,Straight road,,Fine,Long Container vehicle   (TN04AA        8715),P.V,Animals affected,0
15.03.2019,05:10PM,1256.4,RHS,Rural,Tangutur,Collision Brush/Side Wipe,,LCV,Non injury,Fault of driver of motor vehicle/driver of other vehicle/cyclist/pedestrian/passenger,Two lanes,Straight road,,Fine,Bolero mini Truck    (AP26TL       0917,P.V,Fatal,0
15.03.2019,05:10PM,1256.4,RHS,Rural,Tangutur,Collision Brush/Side Wipe,,LCV,Non injury,Fault of driver of motor vehicle/driver of other vehicle/cyclist/pedestrian/passenger,Two lanes,Straight road,,Fine,Bolero mini Truck    (AP26TL       0917,P.V,Grevious,0
15.03.2019,05:10PM,1256.4,RHS,Rural,Tangutur,Collision Brush/Side Wipe,,LCV,Non injury,Fault of driver of motor vehicle/driver of other vehicle/cyclist/pedestrian/passenger,Two lanes,Straight road,,Fine,Bolero mini Truck    (AP26TL       0917,P.V,Minor,0
15.03.2019,05:10PM,1256.4,RHS,Rural,Tangutur,Collision Brush/Side Wipe,,LCV,Non injury,Fault of driver of motor vehicle/driver of other vehicle/cyclist/pedestrian/passenger,Two lanes,Straight road,,Fine,Bolero mini Truck    (AP26TL       0917,P.V,Non injured,37
15.03.2019,05:10PM,1256.4,RHS,Rural,Tangutur,Collision Brush/Side Wipe,,LCV,Non injury,Fault of driver of motor vehicle/driver of other vehicle/cyclist/pedestrian/passenger,Two lanes,Straight road,,Fine,Bolero mini Truck    (AP26TL       0917,P.V,Animals affected,0
15.03.2019,08:18PM,1218,RHS,Rural,Medarametla,Collision Brush/Side Wipe,,Bus,Minor injury,Fault of driver of motor vehicle/driver of other vehicle/cyclist/pedestrian/passenger,Two lanes,Straight road,,Fine,RTC Bus  (AP27TT   2769),P.V,Fatal,0
15.03.2019,08:18PM,1218,RHS,Rural,Medarametla,Collision Brush/Side Wipe,,Bus,Minor injury,Fault of driver of motor vehicle/driver of other vehicle/cyclist/pedestrian/passenger,Two lanes,Straight road,,Fine,RTC Bus  (AP27TT   2769),P.V,Grevious,0
15.03.2019,08:18PM,1218,RHS,Rural,Medarametla,Collision Brush/Side Wipe,,Bus,Minor injury,Fault of driver of motor vehicle/driver of other vehicle/cyclist/pedestrian/passenger,Two lanes,Straight road,,Fine,RTC Bus  (AP27TT   2769),P.V,Minor,1
15.03.2019,08:18PM,1218,RHS,Rural,Medarametla,Collision Brush/Side Wipe,,Bus,Minor injury,Fault of driver of motor vehicle/driver of other vehicle/cyclist/pedestrian/passenger,Two lanes,Straight road,,Fine,RTC Bus  (AP27TT   2769),P.V,Non injured,6
15.03.2019,08:18PM,1218,RHS,Rural,Medarametla,Collision Brush/Side Wipe,,Bus,Minor injury,Fault of driver of motor vehicle/driver of other vehicle/cyclist/pedestrian/passenger,Two lanes,Straight road,,Fine,RTC Bus  (AP27TT   2769),P.V,Animals affected,0
01.04.2019,03:30AM,1240.68,LHS,Rural,Ongole ,Overturning,,Trailer,Fatal,Over speed,Four lanes or more with central divider,Straight road,,Fine,TN52Y 1345,P.V,Fatal,1
01.04.2019,03:30AM,1240.68,LHS,Rural,Ongole ,Overturning,,Trailer,Fatal,Over speed,Four lanes or more with central divider,Straight road,,Fine,TN52Y 1345,P.V,Grievous,1
01.04.2019,03:30AM,1240.68,LHS,Rural,Ongole ,Overturning,,Trailer,Fatal,Over speed,Four lanes or more with central divider,Straight road,,Fine,TN52Y 1345,P.V,Minor,0
01.04.2019,03:30AM,1240.68,LHS,Rural,Ongole ,Overturning,,Trailer,Fatal,Over speed,Four lanes or more with central divider,Straight road,,Fine,TN52Y 1345,P.V,Non injured,1
01.04.2019,03:30AM,1240.68,LHS,Rural,Ongole ,Overturning,,Trailer,Fatal,Over speed,Four lanes or more with central divider,Straight road,,Fine,TN52Y 1345,P.V,"No of animals Killed,if Any",0
02.04.2019,01:40PM,1332.4,LHS,Rural,K.Tippa ,Collision Brush/Side Wipe,,LCV,Fatal,Over speed,Four lanes or more with central divider,Straight road,Four arm junction,Fine,     HR38Y 8479,P.V,Fatal,1
02.04.2019,01:40PM,1332.4,LHS,Rural,K.Tippa ,Collision Brush/Side Wipe,,LCV,Fatal,Over speed,Four lanes or more with central divider,Straight road,Four arm junction,Fine,     HR38Y 8479,P.V,Grievous,0
02.04.2019,01:40PM,1332.4,LHS,Rural,K.Tippa ,Collision Brush/Side Wipe,,LCV,Fatal,Over speed,Four lanes or more with central divider,Straight road,Four arm junction,Fine,     HR38Y 8479,P.V,Minor,0
02.04.2019,01:40PM,1332.4,LHS,Rural,K.Tippa ,Collision Brush/Side Wipe,,LCV,Fatal,Over speed,Four lanes or more with central divider,Straight road,Four arm junction,Fine,     HR38Y 8479,P.V,Non injured,1
02.04.2019,01:40PM,1332.4,LHS,Rural,K.Tippa ,Collision Brush/Side Wipe,,LCV,Fatal,Over speed,Four lanes or more with central divider,Straight road,Four arm junction,Fine,     HR38Y 8479,P.V,"No of animals Killed,if Any",0
03.04.2019,11:04AM,1192.8,LHS,Rural,Martur ,Collision Brush/Side Wipe,,Unknown vehicle,Grievious injury,Over speed,Two lanes,Straight road,,Fine,Unknown vehicle,A.M.B & P.V,Fatal,0
03.04.2019,11:04AM,1192.8,LHS,Rural,Martur ,Collision Brush/Side Wipe,,Unknown vehicle,Grievious injury,Over speed,Two lanes,Straight road,,Fine,Unknown vehicle,A.M.B & P.V,Grievous,1
03.04.2019,11:04AM,1192.8,LHS,Rural,Martur ,Collision Brush/Side Wipe,,Unknown vehicle,Grievious injury,Over speed,Two lanes,Straight road,,Fine,Unknown vehicle,A.M.B & P.V,Minor,3
03.04.2019,11:04AM,1192.8,LHS,Rural,Martur ,Collision Brush/Side Wipe,,Unknown vehicle,Grievious injury,Over speed,Two lanes,Straight road,,Fine,Unknown vehicle,A.M.B & P.V,Non injured,0
03.04.2019,11:04AM,1192.8,LHS,Rural,Martur ,Collision Brush/Side Wipe,,Unknown vehicle,Grievious injury,Over speed,Two lanes,Straight road,,Fine,Unknown vehicle,A.M.B & P.V,"No of animals Killed,if Any",0
04.04.2019,02:15AM,1345.36,LHS,Rural,Dagadarthi ,Rear End Collision,,Truck,Non injury,Fault of driver of motor vehicle/driver of other vehicle/cyclist/pedestrian/passenger,Four lanes or more with central divider,Straight road,,Fine,TN95B0624, P.V,Fatal,0
04.04.2019,02:15AM,1345.36,LHS,Rural,Dagadarthi ,Rear End Collision,,Truck,Non injury,Fault of driver of motor vehicle/driver of other vehicle/cyclist/pedestrian/passenger,Four lanes or more with central divider,Straight road,,Fine,TN95B0624, P.V,Grievous,0
04.04.2019,02:15AM,1345.36,LHS,Rural,Dagadarthi ,Rear End Collision,,Truck,Non injury,Fault of driver of motor vehicle/driver of other vehicle/cyclist/pedestrian/passenger,Four lanes or more with central divider,Straight road,,Fine,TN95B0624, P.V,Minor,0
04.04.2019,02:15AM,1345.36,LHS,Rural,Dagadarthi ,Rear End Collision,,Truck,Non injury,Fault of driver of motor vehicle/driver of other vehicle/cyclist/pedestrian/passenger,Four lanes or more with central divider,Straight road,,Fine,TN95B0624, P.V,Non injured,2
04.04.2019,02:15AM,1345.36,LHS,Rural,Dagadarthi ,Rear End Collision,,Truck,Non injury,Fault of driver of motor vehicle/driver of other vehicle/cyclist/pedestrian/passenger,Four lanes or more with central divider,Straight road,,Fine,TN95B0624, P.V,"No of animals Killed,if Any",0
04.04.2019,05:20AM,1275.1,RHS,Rural,Singarya konda ,Collision Brush/Side Wipe,,Bus,Non injury,Over speed,Four lanes or more with central divider,Straight road,,Fine,AP07TM 6690, P.V,Fatal,0
04.04.2019,05:20AM,1275.1,RHS,Rural,Singarya konda ,Collision Brush/Side Wipe,,Bus,Non injury,Over speed,Four lanes or more with central divider,Straight road,,Fine,AP07TM 6690, P.V,Grievous,0
04.04.2019,05:20AM,1275.1,RHS,Rural,Singarya konda ,Collision Brush/Side Wipe,,Bus,Non injury,Over speed,Four lanes or more with central divider,Straight road,,Fine,AP07TM 6690, P.V,Minor,0
04.04.2019,05:20AM,1275.1,RHS,Rural,Singarya konda ,Collision Brush/Side Wipe,,Bus,Non injury,Over speed,Four lanes or more with central divider,Straight road,,Fine,AP07TM 6690, P.V,Non injured,32
04.04.2019,05:20AM,1275.1,RHS,Rural,Singarya konda ,Collision Brush/Side Wipe,,Bus,Non injury,Over speed,Four lanes or more with central divider,Straight road,,Fine,AP07TM 6690, P.V,"No of animals Killed,if Any",0
04.04.2019,12:55PM,1256.4,RHS,Rural,Tangutur ,Skidding,,Bike,Grievious injury,Fault of driver of motor vehicle/driver of other vehicle/cyclist/pedestrian/passenger,Four lanes or more with central divider,Straight road,,Fine,AP27BZ 9727,A.M.B & P.V,Fatal,0
04.04.2019,12:55PM,1256.4,RHS,Rural,Tangutur ,Skidding,,Bike,Grievious injury,Fault of driver of motor vehicle/driver of other vehicle/cyclist/pedestrian/passenger,Four lanes or more with central divider,Straight road,,Fine,AP27BZ 9727,A.M.B & P.V,Grievous,1
04.04.2019,12:55PM,1256.4,RHS,Rural,Tangutur ,Skidding,,Bike,Grievious injury,Fault of driver of motor vehicle/driver of other vehicle/cyclist/pedestrian/passenger,Four lanes or more with central divider,Straight road,,Fine,AP27BZ 9727,A.M.B & P.V,Minor,0
04.04.2019,12:55PM,1256.4,RHS,Rural,Tangutur ,Skidding,,Bike,Grievious injury,Fault of driver of motor vehicle/driver of other vehicle/cyclist/pedestrian/passenger,Four lanes or more with central divider,Straight road,,Fine,AP27BZ 9727,A.M.B & P.V,Non injured,0
04.04.2019,12:55PM,1256.4,RHS,Rural,Tangutur ,Skidding,,Bike,Grievious injury,Fault of driver of motor vehicle/driver of other vehicle/cyclist/pedestrian/passenger,Four lanes or more with central divider,Straight road,,Fine,AP27BZ 9727,A.M.B & P.V,"No of animals Killed,if Any",0
04.04.2019,04:05PM,1223.12,RHS,Rural,Medarametla ,Collision Brush/Side Wipe,,Car,Non injury,Fault of driver of motor vehicle/driver of other vehicle/cyclist/pedestrian/passenger,Four lanes or more with central divider,Straight road,,Fine,AP26 P 8769, P.V,Fatal,0
04.04.2019,04:05PM,1223.12,RHS,Rural,Medarametla ,Collision Brush/Side Wipe,,Car,Non injury,Fault of driver of motor vehicle/driver of other vehicle/cyclist/pedestrian/passenger,Four lanes or more with central divider,Straight road,,Fine,AP26 P 8769, P.V,Grievous,0
04.04.2019,04:05PM,1223.12,RHS,Rural,Medarametla ,Collision Brush/Side Wipe,,Car,Non injury,Fault of driver of motor vehicle/driver of other vehicle/cyclist/pedestrian/passenger,Four lanes or more with central divider,Straight road,,Fine,AP26 P 8769, P.V,Minor,0
04.04.2019,04:05PM,1223.12,RHS,Rural,Medarametla ,Collision Brush/Side Wipe,,Car,Non injury,Fault of driver of motor vehicle/driver of other vehicle/cyclist/pedestrian/passenger,Four lanes or more with central divider,Straight road,,Fine,AP26 P 8769, P.V,Non injured,3
04.04.2019,04:05PM,1223.12,RHS,Rural,Medarametla ,Collision Brush/Side Wipe,,Car,Non injury,Fault of driver of motor vehicle/driver of other vehicle/cyclist/pedestrian/passenger,Four lanes or more with central divider,Straight road,,Fine,AP26 P 8769, P.V,"No of animals Killed,if Any",0
05.04.2019,03:00AM,1215.5,LHS,Rural,Medarametla ,Collision Brush/Side Wipe,,Truck,Non injury,Fault of driver of motor vehicle/driver of other vehicle/cyclist/pedestrian/passenger,Four lanes or more with central divider,Straight road,,Fine,AP16TS 6069, P.V,Fatal,0
05.04.2019,03:00AM,1215.5,LHS,Rural,Medarametla ,Collision Brush/Side Wipe,,Truck,Non injury,Fault of driver of motor vehicle/driver of other vehicle/cyclist/pedestrian/passenger,Four lanes or more with central divider,Straight road,,Fine,AP16TS 6069, P.V,Grievous,0
05.04.2019,03:00AM,1215.5,LHS,Rural,Medarametla ,Collision Brush/Side Wipe,,Truck,Non injury,Fault of driver of motor vehicle/driver of other vehicle/cyclist/pedestrian/passenger,Four lanes or more with central divider,Straight road,,Fine,AP16TS 6069, P.V,Minor,0
05.04.2019,03:00AM,1215.5,LHS,Rural,Medarametla ,Collision Brush/Side Wipe,,Truck,Non injury,Fault of driver of motor vehicle/driver of other vehicle/cyclist/pedestrian/passenger,Four lanes or more with central divider,Straight road,,Fine,AP16TS 6069, P.V,Non injured,6
05.04.2019,03:00AM,1215.5,LHS,Rural,Medarametla ,Collision Brush/Side Wipe,,Truck,Non injury,Fault of driver of motor vehicle/driver of other vehicle/cyclist/pedestrian/passenger,Four lanes or more with central divider,Straight road,,Fine,AP16TS 6069, P.V,"No of animals Killed,if Any",0
05.04.2019,04:55AM,1240.25,RHS,Rural,Ongole ,Head on collision,,Truck,Non injury,Fault of driver of motor vehicle/driver of other vehicle/cyclist/pedestrian/passenger,Four lanes or more with central divider,Straight road,,Fine,AP16TU 6091, P.V,Fatal,0
05.04.2019,04:55AM,1240.25,RHS,Rural,Ongole ,Head on collision,,Truck,Non injury,Fault of driver of motor vehicle/driver of other vehicle/cyclist/pedestrian/passenger,Four lanes or more with central divider,Straight road,,Fine,AP16TU 6091, P.V,Grievous,0
05.04.2019,04:55AM,1240.25,RHS,Rural,Ongole ,Head on collision,,Truck,Non injury,Fault of driver of motor vehicle/driver of other vehicle/cyclist/pedestrian/passenger,Four lanes or more with central divider,Straight road,,Fine,AP16TU 6091, P.V,Minor,0
05.04.2019,04:55AM,1240.25,RHS,Rural,Ongole ,Head on collision,,Truck,Non injury,Fault of driver of motor vehicle/driver of other vehicle/cyclist/pedestrian/passenger,Four lanes or more with central divider,Straight road,,Fine,AP16TU 6091, P.V,Non injured,2
05.04.2019,04:55AM,1240.25,RHS,Rural,Ongole ,Head on collision,,Truck,Non injury,Fault of driver of motor vehicle/driver of other vehicle/cyclist/pedestrian/passenger,Four lanes or more with central divider,Straight road,,Fine,AP16TU 6091, P.V,"No of animals Killed,if Any",0
05.04.2019,10:35AM,1303.44,LHS,Rural,Guduluru      ,Rear End Collision,,Car,Fatal,Over speed,Four lanes or more with central divider,Straight road,,Fine,AP31V8,P.V,Fatal,4
05.04.2019,10:35AM,1303.44,LHS,Rural,Guduluru      ,Rear End Collision,,Car,Fatal,Over speed,Four lanes or more with central divider,Straight road,,Fine,AP31V8,P.V,Grievous,0
05.04.2019,10:35AM,1303.44,LHS,Rural,Guduluru      ,Rear End Collision,,Car,Fatal,Over speed,Four lanes or more with central divider,Straight road,,Fine,AP31V8,P.V,Minor,0
05.04.2019,10:35AM,1303.44,LHS,Rural,Guduluru      ,Rear End Collision,,Car,Fatal,Over speed,Four lanes or more with central divider,Straight road,,Fine,AP31V8,P.V,Non injured,0
05.04.2019,10:35AM,1303.44,LHS,Rural,Guduluru      ,Rear End Collision,,Car,Fatal,Over speed,Four lanes or more with central divider,Straight road,,Fine,AP31V8,P.V,"No of animals Killed,if Any",0
05.04.2019,09:46PM,1282.05,LHS,Rural,Singarayakonda ,Collision Brush/Side Wipe,,Transport Vehicle,Grievious injury,Over speed,Four lanes or more with central divider,Straight road,,Fine,AP29T 4179,P.V,Fatal,0
05.04.2019,09:46PM,1282.05,LHS,Rural,Singarayakonda ,Collision Brush/Side Wipe,,Transport Vehicle,Grievious injury,Over speed,Four lanes or more with central divider,Straight road,,Fine,AP29T 4179,P.V,Grievous,1
05.04.2019,09:46PM,1282.05,LHS,Rural,Singarayakonda ,Collision Brush/Side Wipe,,Transport Vehicle,Grievious injury,Over speed,Four lanes or more with central divider,Straight road,,Fine,AP29T 4179,P.V,Minor,0
05.04.2019,09:46PM,1282.05,LHS,Rural,Singarayakonda ,Collision Brush/Side Wipe,,Transport Vehicle,Grievious injury,Over speed,Four lanes or more with central divider,Straight road,,Fine,AP29T 4179,P.V,Non injured,0
05.04.2019,09:46PM,1282.05,LHS,Rural,Singarayakonda ,Collision Brush/Side Wipe,,Transport Vehicle,Grievious injury,Over speed,Four lanes or more with central divider,Straight road,,Fine,AP29T 4179,P.V,"No of animals Killed,if Any",0
06.04.2019,00:40AM,1307.35,LHS,Rural,Guduluru      ,Collision Brush/Side Wipe,,Truck,Non injury,Fault of driver of motor vehicle/driver of other vehicle/cyclist/pedestrian/passenger,Four lanes or more with central divider,Straight road,,Fine,TN18AP7920, P.V,Fatal,0
06.04.2019,00:40AM,1307.35,LHS,Rural,Guduluru      ,Collision Brush/Side Wipe,,Truck,Non injury,Fault of driver of motor vehicle/driver of other vehicle/cyclist/pedestrian/passenger,Four lanes or more with central divider,Straight road,,Fine,TN18AP7920, P.V,Grievous,0
06.04.2019,00:40AM,1307.35,LHS,Rural,Guduluru      ,Collision Brush/Side Wipe,,Truck,Non injury,Fault of driver of motor vehicle/driver of other vehicle/cyclist/pedestrian/passenger,Four lanes or more with central divider,Straight road,,Fine,TN18AP7920, P.V,Minor,0
06.04.2019,00:40AM,1307.35,LHS,Rural,Guduluru      ,Collision Brush/Side Wipe,,Truck,Non injury,Fault of driver of motor vehicle/driver of other vehicle/cyclist/pedestrian/passenger,Four lanes or more with central divider,Straight road,,Fine,TN18AP7920, P.V,Non injured,1
06.04.2019,00:40AM,1307.35,LHS,Rural,Guduluru      ,Collision Brush/Side Wipe,,Truck,Non injury,Fault of driver of motor vehicle/driver of other vehicle/cyclist/pedestrian/passenger,Four lanes or more with central divider,Straight road,,Fine,TN18AP7920, P.V,"No of animals Killed,if Any",0
06.04.2019,03:30AM,1282.2,RHS,Rural,Singarayakonda ,Rear End Collision,,Truck,Non injury,Over speed,Four lanes or more with central divider,Slight curve,,Fine,AP07TE9738, P.V,Fatal,0
06.04.2019,03:30AM,1282.2,RHS,Rural,Singarayakonda ,Rear End Collision,,Truck,Non injury,Over speed,Four lanes or more with central divider,Slight curve,,Fine,AP07TE9738, P.V,Grievous,0
06.04.2019,03:30AM,1282.2,RHS,Rural,Singarayakonda ,Rear End Collision,,Truck,Non injury,Over speed,Four lanes or more with central divider,Slight curve,,Fine,AP07TE9738, P.V,Minor,0
06.04.2019,03:30AM,1282.2,RHS,Rural,Singarayakonda ,Rear End Collision,,Truck,Non injury,Over speed,Four lanes or more with central divider,Slight curve,,Fine,AP07TE9738, P.V,Non injured,1
06.04.2019,03:30AM,1282.2,RHS,Rural,Singarayakonda ,Rear End Collision,,Truck,Non injury,Over speed,Four lanes or more with central divider,Slight curve,,Fine,AP07TE9738, P.V,"No of animals Killed,if Any",0
06.04.2019,02:30PM,1192.55,RHS,Rural,Martur ,Overturning,,Car,Non injury,Fault of driver of motor vehicle/driver of other vehicle/cyclist/pedestrian/passenger,Four lanes or more with central divider,Straight road,,Fine,AP11AP6229, P.V,Fatal,0
06.04.2019,02:30PM,1192.55,RHS,Rural,Martur ,Overturning,,Car,Non injury,Fault of driver of motor vehicle/driver of other vehicle/cyclist/pedestrian/passenger,Four lanes or more with central divider,Straight road,,Fine,AP11AP6229, P.V,Grievous,0
06.04.2019,02:30PM,1192.55,RHS,Rural,Martur ,Overturning,,Car,Non injury,Fault of driver of motor vehicle/driver of other vehicle/cyclist/pedestrian/passenger,Four lanes or more with central divider,Straight road,,Fine,AP11AP6229, P.V,Minor,0
06.04.2019,02:30PM,1192.55,RHS,Rural,Martur ,Overturning,,Car,Non injury,Fault of driver of motor vehicle/driver of other vehicle/cyclist/pedestrian/passenger,Four lanes or more with central divider,Straight road,,Fine,AP11AP6229, P.V,Non injured,1
06.04.2019,02:30PM,1192.55,RHS,Rural,Martur ,Overturning,,Car,Non injury,Fault of driver of motor vehicle/driver of other vehicle/cyclist/pedestrian/passenger,Four lanes or more with central divider,Straight road,,Fine,AP11AP6229, P.V,"No of animals Killed,if Any",0
06.04.2019,02:56PM,1200.26,LHS,Rural,Renangivaram ,Skidding,,Bike,Grievious injury,Fault of driver of motor vehicle/driver of other vehicle/cyclist/pedestrian/passenger,Four lanes or more with central divider,Straight road,,Fine,AP37DF0024,A.M.B,Fatal,0
06.04.2019,02:56PM,1200.26,LHS,Rural,Renangivaram ,Skidding,,Bike,Grievious injury,Fault of driver of motor vehicle/driver of other vehicle/cyclist/pedestrian/passenger,Four lanes or more with central divider,Straight road,,Fine,AP37DF0024,A.M.B,Grievous,2
06.04.2019,02:56PM,1200.26,LHS,Rural,Renangivaram ,Skidding,,Bike,Grievious injury,Fault of driver of motor vehicle/driver of other vehicle/cyclist/pedestrian/passenger,Four lanes or more with central divider,Straight road,,Fine,AP37DF0024,A.M.B,Minor,0
06.04.2019,02:56PM,1200.26,LHS,Rural,Renangivaram ,Skidding,,Bike,Grievious injury,Fault of driver of motor vehicle/driver of other vehicle/cyclist/pedestrian/passenger,Four lanes or more with central divider,Straight road,,Fine,AP37DF0024,A.M.B,Non injured,0
06.04.2019,02:56PM,1200.26,LHS,Rural,Renangivaram ,Skidding,,Bike,Grievious injury,Fault of driver of motor vehicle/driver of other vehicle/cyclist/pedestrian/passenger,Four lanes or more with central divider,Straight road,,Fine,AP37DF0024,A.M.B,"No of animals Killed,if Any",0
06.04.2019,04:15PM,1211.44,RHS,Rural,Medarametla   ,Collision Brush/Side Wipe,,Car,Non injury,Vehicle out of control,Four lanes or more with central divider,Straight road,,Fine,AP27BG2322, P.V,Fatal,0
06.04.2019,04:15PM,1211.44,RHS,Rural,Medarametla   ,Collision Brush/Side Wipe,,Car,Non injury,Vehicle out of control,Four lanes or more with central divider,Straight road,,Fine,AP27BG2322, P.V,Grievous,0
06.04.2019,04:15PM,1211.44,RHS,Rural,Medarametla   ,Collision Brush/Side Wipe,,Car,Non injury,Vehicle out of control,Four lanes or more with central divider,Straight road,,Fine,AP27BG2322, P.V,Minor,0
06.04.2019,04:15PM,1211.44,RHS,Rural,Medarametla   ,Collision Brush/Side Wipe,,Car,Non injury,Vehicle out of control,Four lanes or more with central divider,Straight road,,Fine,AP27BG2322, P.V,Non injured,3
06.04.2019,04:15PM,1211.44,RHS,Rural,Medarametla   ,Collision Brush/Side Wipe,,Car,Non injury,Vehicle out of control,Four lanes or more with central divider,Straight road,,Fine,AP27BG2322, P.V,"No of animals Killed,if Any",0