Operational date,Time of Accident,KM && M,Position,Rural/Urban,Location,Nature of Accident Position,Nature of Accident,Vehicle Involved,Type of Accident,Causes,Road Feature,Road condition,Intersection Type And Control,Weather Condition,Vehicle Responsible,Help Provided by Ambulance/Patroling Vehicle,Classification of Accident,No of Affected Persons
07.04.2019,12:45PM,1198,RHS,Rural,Martur ,Overturning,,Tractor,Non injury,Fault of driver of motor vehicle/driver of other vehicle/cyclist/pedestrian/passenger,Four lanes or more with central divider,Straight road,,Fine,AP07AG 7323,P.V,Fatal,0
07.04.2019,12:45PM,1198,RHS,Rural,Martur ,Overturning,,Tractor,Non injury,Fault of driver of motor vehicle/driver of other vehicle/cyclist/pedestrian/passenger,Four lanes or more with central divider,Straight road,,Fine,AP07AG 7323,P.V,Grievous,0
07.04.2019,12:45PM,1198,RHS,Rural,Martur ,Overturning,,Tractor,Non injury,Fault of driver of motor vehicle/driver of other vehicle/cyclist/pedestrian/passenger,Four lanes or more with central divider,Straight road,,Fine,AP07AG 7323,P.V,Minor,0
07.04.2019,12:45PM,1198,RHS,Rural,Martur ,Overturning,,Tractor,Non injury,Fault of driver of motor vehicle/driver of other vehicle/cyclist/pedestrian/passenger,Four lanes or more with central divider,Straight road,,Fine,AP07AG 7323,P.V,Non injured,1
07.04.2019,12:45PM,1198,RHS,Rural,Martur ,Overturning,,Tractor,Non injury,Fault of driver of motor vehicle/driver of other vehicle/cyclist/pedestrian/passenger,Four lanes or more with central divider,Straight road,,Fine,AP07AG 7323,P.V,"No of animals Killed,if Any",0
07.04.2019,06:15AM,1237.36,RHS,Rural,Maddipadu ,Overturning,,Container,Non injury,Fault of driver of motor vehicle/driver of other vehicle/cyclist/pedestrian/passenger,Four lanes or more with central divider,Straight road,,Fine,HR66B 4193,P.V,Fatal,0
07.04.2019,06:15AM,1237.36,RHS,Rural,Maddipadu ,Overturning,,Container,Non injury,Fault of driver of motor vehicle/driver of other vehicle/cyclist/pedestrian/passenger,Four lanes or more with central divider,Straight road,,Fine,HR66B 4193,P.V,Grievous,0
07.04.2019,06:15AM,1237.36,RHS,Rural,Maddipadu ,Overturning,,Container,Non injury,Fault of driver of motor vehicle/driver of other vehicle/cyclist/pedestrian/passenger,Four lanes or more with central divider,Straight road,,Fine,HR66B 4193,P.V,Minor,0
07.04.2019,06:15AM,1237.36,RHS,Rural,Maddipadu ,Overturning,,Container,Non injury,Fault of driver of motor vehicle/driver of other vehicle/cyclist/pedestrian/passenger,Four lanes or more with central divider,Straight road,,Fine,HR66B 4193,P.V,Non injured,1
07.04.2019,06:15AM,1237.36,RHS,Rural,Maddipadu ,Overturning,,Container,Non injury,Fault of driver of motor vehicle/driver of other vehicle/cyclist/pedestrian/passenger,Four lanes or more with central divider,Straight road,,Fine,HR66B 4193,P.V,"No of animals Killed,if Any",0
08.04.2019,05:40AM,1275.08,RHS,Rural,Singarayakonda ,Rear End Collision,,LCV,Non injury,Fault of driver of motor vehicle/driver of other vehicle/cyclist/pedestrian/passenger,Four lanes or more with central divider,Straight road,,Fine,AP16TS 1444,P.V,Fatal,0
08.04.2019,05:40AM,1275.08,RHS,Rural,Singarayakonda ,Rear End Collision,,LCV,Non injury,Fault of driver of motor vehicle/driver of other vehicle/cyclist/pedestrian/passenger,Four lanes or more with central divider,Straight road,,Fine,AP16TS 1444,P.V,Grievous,0
08.04.2019,05:40AM,1275.08,RHS,Rural,Singarayakonda ,Rear End Collision,,LCV,Non injury,Fault of driver of motor vehicle/driver of other vehicle/cyclist/pedestrian/passenger,Four lanes or more with central divider,Straight road,,Fine,AP16TS 1444,P.V,Minor,0
08.04.2019,05:40AM,1275.08,RHS,Rural,Singarayakonda ,Rear End Collision,,LCV,Non injury,Fault of driver of motor vehicle/driver of other vehicle/cyclist/pedestrian/passenger,Four lanes or more with central divider,Straight road,,Fine,AP16TS 1444,P.V,Non injured,2
08.04.2019,05:40AM,1275.08,RHS,Rural,Singarayakonda ,Rear End Collision,,LCV,Non injury,Fault of driver of motor vehicle/driver of other vehicle/cyclist/pedestrian/passenger,Four lanes or more with central divider,Straight road,,Fine,AP16TS 1444,P.V,"No of animals Killed,if Any",0
08.04.2019,11:10AM,1228.5,LHS,Rural,Maddipadu ,Collision Brush/Side Wipe,,Car,Non injury,Over speed,Four lanes or more with central divider,Straight road,,Fine,AP07Y 5974,P.V,Fatal,0
08.04.2019,11:10AM,1228.5,LHS,Rural,Maddipadu ,Collision Brush/Side Wipe,,Car,Non injury,Over speed,Four lanes or more with central divider,Straight road,,Fine,AP07Y 5974,P.V,Grievous,0
08.04.2019,11:10AM,1228.5,LHS,Rural,Maddipadu ,Collision Brush/Side Wipe,,Car,Non injury,Over speed,Four lanes or more with central divider,Straight road,,Fine,AP07Y 5974,P.V,Minor,0
08.04.2019,11:10AM,1228.5,LHS,Rural,Maddipadu ,Collision Brush/Side Wipe,,Car,Non injury,Over speed,Four lanes or more with central divider,Straight road,,Fine,AP07Y 5974,P.V,Non injured,3
08.04.2019,11:10AM,1228.5,LHS,Rural,Maddipadu ,Collision Brush/Side Wipe,,Car,Non injury,Over speed,Four lanes or more with central divider,Straight road,,Fine,AP07Y 5974,P.V,"No of animals Killed,if Any",0
08.04.2019,02:35PM,1249.58,LHS,Rural,Ongole ,Overturning,,Tractor,Non injury,Defect in mechanical condition of motor vehicle/road condition,Four lanes or more with central divider,Straight road,,Fine, AP39U 0215,P.V,Fatal,0
08.04.2019,02:35PM,1249.58,LHS,Rural,Ongole ,Overturning,,Tractor,Non injury,Defect in mechanical condition of motor vehicle/road condition,Four lanes or more with central divider,Straight road,,Fine, AP39U 0215,P.V,Grievous,0
08.04.2019,02:35PM,1249.58,LHS,Rural,Ongole ,Overturning,,Tractor,Non injury,Defect in mechanical condition of motor vehicle/road condition,Four lanes or more with central divider,Straight road,,Fine, AP39U 0215,P.V,Minor,0
08.04.2019,02:35PM,1249.58,LHS,Rural,Ongole ,Overturning,,Tractor,Non injury,Defect in mechanical condition of motor vehicle/road condition,Four lanes or more with central divider,Straight road,,Fine, AP39U 0215,P.V,Non injured,2
08.04.2019,02:35PM,1249.58,LHS,Rural,Ongole ,Overturning,,Tractor,Non injury,Defect in mechanical condition of motor vehicle/road condition,Four lanes or more with central divider,Straight road,,Fine, AP39U 0215,P.V,"No of animals Killed,if Any",0
09.04.2019,04:10AM,1255.7,LHS,Rural,Tangutur ,Overturning,,Truck,Non injury,Fault of driver of motor vehicle/driver of other vehicle/cyclist/pedestrian/passenger,Four lanes or more with central divider,Straight road,,Fine, AP37Y 1539,P.V,Fatal,0
09.04.2019,04:10AM,1255.7,LHS,Rural,Tangutur ,Overturning,,Truck,Non injury,Fault of driver of motor vehicle/driver of other vehicle/cyclist/pedestrian/passenger,Four lanes or more with central divider,Straight road,,Fine, AP37Y 1539,P.V,Grievous,0
09.04.2019,04:10AM,1255.7,LHS,Rural,Tangutur ,Overturning,,Truck,Non injury,Fault of driver of motor vehicle/driver of other vehicle/cyclist/pedestrian/passenger,Four lanes or more with central divider,Straight road,,Fine, AP37Y 1539,P.V,Minor,0
09.04.2019,04:10AM,1255.7,LHS,Rural,Tangutur ,Overturning,,Truck,Non injury,Fault of driver of motor vehicle/driver of other vehicle/cyclist/pedestrian/passenger,Four lanes or more with central divider,Straight road,,Fine, AP37Y 1539,P.V,Non injured,1
09.04.2019,04:10AM,1255.7,LHS,Rural,Tangutur ,Overturning,,Truck,Non injury,Fault of driver of motor vehicle/driver of other vehicle/cyclist/pedestrian/passenger,Four lanes or more with central divider,Straight road,,Fine, AP37Y 1539,P.V,"No of animals Killed,if Any",0
09.04.2019,07:30AM,1246.2,LHS,Rural,Ongole ,Collision Brush/Side Wipe,,Unknown vehicle,Non injury,Over speed,Four lanes or more with central divider,Straight road,,Fine,Unknown vehicle,P.V,Fatal,0
09.04.2019,07:30AM,1246.2,LHS,Rural,Ongole ,Collision Brush/Side Wipe,,Unknown vehicle,Non injury,Over speed,Four lanes or more with central divider,Straight road,,Fine,Unknown vehicle,P.V,Grievous,0
09.04.2019,07:30AM,1246.2,LHS,Rural,Ongole ,Collision Brush/Side Wipe,,Unknown vehicle,Non injury,Over speed,Four lanes or more with central divider,Straight road,,Fine,Unknown vehicle,P.V,Minor,0
09.04.2019,07:30AM,1246.2,LHS,Rural,Ongole ,Collision Brush/Side Wipe,,Unknown vehicle,Non injury,Over speed,Four lanes or more with central divider,Straight road,,Fine,Unknown vehicle,P.V,Non injured,1
09.04.2019,07:30AM,1246.2,LHS,Rural,Ongole ,Collision Brush/Side Wipe,,Unknown vehicle,Non injury,Over speed,Four lanes or more with central divider,Straight road,,Fine,Unknown vehicle,P.V,"No of animals Killed,if Any",1
09.04.2019,02:30PM,1226.15,LHS,Rural,Maddipadu ,Collision Brush/Side Wipe,,Truck,Non injury,Over speed,Four lanes or more with central divider,Straight road,,Fine,AP35W 6664,P.V,Fatal,0
09.04.2019,02:30PM,1226.15,LHS,Rural,Maddipadu ,Collision Brush/Side Wipe,,Truck,Non injury,Over speed,Four lanes or more with central divider,Straight road,,Fine,AP35W 6664,P.V,Grievous,0
09.04.2019,02:30PM,1226.15,LHS,Rural,Maddipadu ,Collision Brush/Side Wipe,,Truck,Non injury,Over speed,Four lanes or more with central divider,Straight road,,Fine,AP35W 6664,P.V,Minor,0
09.04.2019,02:30PM,1226.15,LHS,Rural,Maddipadu ,Collision Brush/Side Wipe,,Truck,Non injury,Over speed,Four lanes or more with central divider,Straight road,,Fine,AP35W 6664,P.V,Non injured,2
09.04.2019,02:30PM,1226.15,LHS,Rural,Maddipadu ,Collision Brush/Side Wipe,,Truck,Non injury,Over speed,Four lanes or more with central divider,Straight road,,Fine,AP35W 6664,P.V,"No of animals Killed,if Any",0
09.04.2019,03:40PM,1304.94,RHS,Rural,Gudluru ,Collision Brush/Side Wipe,,Truck,Non injury,Over speed,Four lanes or more with central divider,Straight road,,Fine,  AP27Y 4569,P.V,Fatal,0
09.04.2019,03:40PM,1304.94,RHS,Rural,Gudluru ,Collision Brush/Side Wipe,,Truck,Non injury,Over speed,Four lanes or more with central divider,Straight road,,Fine,  AP27Y 4569,P.V,Grievous,0
09.04.2019,03:40PM,1304.94,RHS,Rural,Gudluru ,Collision Brush/Side Wipe,,Truck,Non injury,Over speed,Four lanes or more with central divider,Straight road,,Fine,  AP27Y 4569,P.V,Minor,0
09.04.2019,03:40PM,1304.94,RHS,Rural,Gudluru ,Collision Brush/Side Wipe,,Truck,Non injury,Over speed,Four lanes or more with central divider,Straight road,,Fine,  AP27Y 4569,P.V,Non injured,2
09.04.2019,03:40PM,1304.94,RHS,Rural,Gudluru ,Collision Brush/Side Wipe,,Truck,Non injury,Over speed,Four lanes or more with central divider,Straight road,,Fine,  AP27Y 4569,P.V,"No of animals Killed,if Any",0
10.04.2019,01:00AM,1273.3,RHS,Rural,Singarayakonda ,Collision Brush/Side Wipe,,Unknown vehicle,Grievious injury,Over speed,Four lanes or more with central divider,Straight road,,Fine,Unknown vehicle,A.M.B,Fatal,0
10.04.2019,01:00AM,1273.3,RHS,Rural,Singarayakonda ,Collision Brush/Side Wipe,,Unknown vehicle,Grievious injury,Over speed,Four lanes or more with central divider,Straight road,,Fine,Unknown vehicle,A.M.B,Grievous,1
10.04.2019,01:00AM,1273.3,RHS,Rural,Singarayakonda ,Collision Brush/Side Wipe,,Unknown vehicle,Grievious injury,Over speed,Four lanes or more with central divider,Straight road,,Fine,Unknown vehicle,A.M.B,Minor,0
10.04.2019,01:00AM,1273.3,RHS,Rural,Singarayakonda ,Collision Brush/Side Wipe,,Unknown vehicle,Grievious injury,Over speed,Four lanes or more with central divider,Straight road,,Fine,Unknown vehicle,A.M.B,Non injured,1
10.04.2019,01:00AM,1273.3,RHS,Rural,Singarayakonda ,Collision Brush/Side Wipe,,Unknown vehicle,Grievious injury,Over speed,Four lanes or more with central divider,Straight road,,Fine,Unknown vehicle,A.M.B,"No of animals Killed,if Any",0
10.04.2019,01:20AM,1239.2,LHS,Rural,Ongole ,Collision Brush/Side Wipe,,Truck,Minor injury,Fault of driver of motor vehicle/driver of other vehicle/cyclist/pedestrian/passenger,Four lanes or more with central divider,Straight road,,Fine, AP20TC 0024,P.V,Fatal,0
10.04.2019,01:20AM,1239.2,LHS,Rural,Ongole ,Collision Brush/Side Wipe,,Truck,Minor injury,Fault of driver of motor vehicle/driver of other vehicle/cyclist/pedestrian/passenger,Four lanes or more with central divider,Straight road,,Fine, AP20TC 0024,P.V,Grievous,0
10.04.2019,01:20AM,1239.2,LHS,Rural,Ongole ,Collision Brush/Side Wipe,,Truck,Minor injury,Fault of driver of motor vehicle/driver of other vehicle/cyclist/pedestrian/passenger,Four lanes or more with central divider,Straight road,,Fine, AP20TC 0024,P.V,Minor,1
10.04.2019,01:20AM,1239.2,LHS,Rural,Ongole ,Collision Brush/Side Wipe,,Truck,Minor injury,Fault of driver of motor vehicle/driver of other vehicle/cyclist/pedestrian/passenger,Four lanes or more with central divider,Straight road,,Fine, AP20TC 0024,P.V,Non injured,2
10.04.2019,01:20AM,1239.2,LHS,Rural,Ongole ,Collision Brush/Side Wipe,,Truck,Minor injury,Fault of driver of motor vehicle/driver of other vehicle/cyclist/pedestrian/passenger,Four lanes or more with central divider,Straight road,,Fine, AP20TC 0024,P.V,"No of animals Killed,if Any",0
10.04.2019,03:39AM,1301.84,RHS,Rural,Gudluru ,Overturning,,Truck,Non injury,Fault of driver of motor vehicle/driver of other vehicle/cyclist/pedestrian/passenger,Two lanes,Straight road,,Fine,  WB23E  8929,P.V,Fatal,0
10.04.2019,03:39AM,1301.84,RHS,Rural,Gudluru ,Overturning,,Truck,Non injury,Fault of driver of motor vehicle/driver of other vehicle/cyclist/pedestrian/passenger,Two lanes,Straight road,,Fine,  WB23E  8929,P.V,Grievous,0
10.04.2019,03:39AM,1301.84,RHS,Rural,Gudluru ,Overturning,,Truck,Non injury,Fault of driver of motor vehicle/driver of other vehicle/cyclist/pedestrian/passenger,Two lanes,Straight road,,Fine,  WB23E  8929,P.V,Minor,0
10.04.2019,03:39AM,1301.84,RHS,Rural,Gudluru ,Overturning,,Truck,Non injury,Fault of driver of motor vehicle/driver of other vehicle/cyclist/pedestrian/passenger,Two lanes,Straight road,,Fine,  WB23E  8929,P.V,Non injured,1
10.04.2019,03:39AM,1301.84,RHS,Rural,Gudluru ,Overturning,,Truck,Non injury,Fault of driver of motor vehicle/driver of other vehicle/cyclist/pedestrian/passenger,Two lanes,Straight road,,Fine,  WB23E  8929,P.V,"No of animals Killed,if Any",0
10.04.2019,05:00AM,1286.8,RHS,Rural,Ulavapadu ,Collision Brush/Side Wipe,,Bus,Non injury,Over speed,Four lanes or more with central divider,Straight road,,Fine,AP27UB    5463,P.V,Fatal,0
10.04.2019,05:00AM,1286.8,RHS,Rural,Ulavapadu ,Collision Brush/Side Wipe,,Bus,Non injury,Over speed,Four lanes or more with central divider,Straight road,,Fine,AP27UB    5463,P.V,Grievous,0
10.04.2019,05:00AM,1286.8,RHS,Rural,Ulavapadu ,Collision Brush/Side Wipe,,Bus,Non injury,Over speed,Four lanes or more with central divider,Straight road,,Fine,AP27UB    5463,P.V,Minor,0
10.04.2019,05:00AM,1286.8,RHS,Rural,Ulavapadu ,Collision Brush/Side Wipe,,Bus,Non injury,Over speed,Four lanes or more with central divider,Straight road,,Fine,AP27UB    5463,P.V,Non injured,42
10.04.2019,05:00AM,1286.8,RHS,Rural,Ulavapadu ,Collision Brush/Side Wipe,,Bus,Non injury,Over speed,Four lanes or more with central divider,Straight road,,Fine,AP27UB    5463,P.V,"No of animals Killed,if Any",0
10.04.2019,05:00AM,1259.5,RHS,Rural,Tangutur ,Head on collision,,Bike,Grievious injury,Fault of driver of motor vehicle/driver of other vehicle/cyclist/pedestrian/passenger,Four lanes or more with central divider,Straight road,,Fine,AP27AN   1361,A.M.B & P.V,Fatal,0
10.04.2019,05:00AM,1259.5,RHS,Rural,Tangutur ,Head on collision,,Bike,Grievious injury,Fault of driver of motor vehicle/driver of other vehicle/cyclist/pedestrian/passenger,Four lanes or more with central divider,Straight road,,Fine,AP27AN   1361,A.M.B & P.V,Grievous,1
10.04.2019,05:00AM,1259.5,RHS,Rural,Tangutur ,Head on collision,,Bike,Grievious injury,Fault of driver of motor vehicle/driver of other vehicle/cyclist/pedestrian/passenger,Four lanes or more with central divider,Straight road,,Fine,AP27AN   1361,A.M.B & P.V,Minor,3
10.04.2019,05:00AM,1259.5,RHS,Rural,Tangutur ,Head on collision,,Bike,Grievious injury,Fault of driver of motor vehicle/driver of other vehicle/cyclist/pedestrian/passenger,Four lanes or more with central divider,Straight road,,Fine,AP27AN   1361,A.M.B & P.V,Non injured,0
10.04.2019,05:00AM,1259.5,RHS,Rural,Tangutur ,Head on collision,,Bike,Grievious injury,Fault of driver of motor vehicle/driver of other vehicle/cyclist/pedestrian/passenger,Four lanes or more with central divider,Straight road,,Fine,AP27AN   1361,A.M.B & P.V,"No of animals Killed,if Any",0
10.04.2019,07:20AM,1338.99,RHS,Rural,Dagadarthi ,Collision Brush/Side Wipe,,Container,Grievious injury,Over speed,Four lanes or more with central divider,Straight road,,Fine,TN04AP  0259,P.V,Fatal,0
10.04.2019,07:20AM,1338.99,RHS,Rural,Dagadarthi ,Collision Brush/Side Wipe,,Container,Grievious injury,Over speed,Four lanes or more with central divider,Straight road,,Fine,TN04AP  0259,P.V,Grievous,2
10.04.2019,07:20AM,1338.99,RHS,Rural,Dagadarthi ,Collision Brush/Side Wipe,,Container,Grievious injury,Over speed,Four lanes or more with central divider,Straight road,,Fine,TN04AP  0259,P.V,Minor,2
10.04.2019,07:20AM,1338.99,RHS,Rural,Dagadarthi ,Collision Brush/Side Wipe,,Container,Grievious injury,Over speed,Four lanes or more with central divider,Straight road,,Fine,TN04AP  0259,P.V,Non injured,1
10.04.2019,07:20AM,1338.99,RHS,Rural,Dagadarthi ,Collision Brush/Side Wipe,,Container,Grievious injury,Over speed,Four lanes or more with central divider,Straight road,,Fine,TN04AP  0259,P.V,"No of animals Killed,if Any",0
10.04.2019,02:45PM,1335.8,RHS,Rural,K.Tippa ,Collision Brush/Side Wipe,,Car,Grievious injury,Over speed,Four lanes or more with central divider,Straight road,,Fine,KA41MA  7484,P.V,Fatal,0
10.04.2019,02:45PM,1335.8,RHS,Rural,K.Tippa ,Collision Brush/Side Wipe,,Car,Grievious injury,Over speed,Four lanes or more with central divider,Straight road,,Fine,KA41MA  7484,P.V,Grievous,2
10.04.2019,02:45PM,1335.8,RHS,Rural,K.Tippa ,Collision Brush/Side Wipe,,Car,Grievious injury,Over speed,Four lanes or more with central divider,Straight road,,Fine,KA41MA  7484,P.V,Minor,0
10.04.2019,02:45PM,1335.8,RHS,Rural,K.Tippa ,Collision Brush/Side Wipe,,Car,Grievious injury,Over speed,Four lanes or more with central divider,Straight road,,Fine,KA41MA  7484,P.V,Non injured,2
10.04.2019,02:45PM,1335.8,RHS,Rural,K.Tippa ,Collision Brush/Side Wipe,,Car,Grievious injury,Over speed,Four lanes or more with central divider,Straight road,,Fine,KA41MA  7484,P.V,"No of animals Killed,if Any",0
10.04.2019,03:23PM,1195.05,LHS,Rural,Martur ,Skidding,,Bike,Minor injury,Over speed,Four lanes or more with central divider,Straight road,,Fine, TS02EZ  4082,A.M.B,Fatal,0
10.04.2019,03:23PM,1195.05,LHS,Rural,Martur ,Skidding,,Bike,Minor injury,Over speed,Four lanes or more with central divider,Straight road,,Fine, TS02EZ  4082,A.M.B,Grievous,0
10.04.2019,03:23PM,1195.05,LHS,Rural,Martur ,Skidding,,Bike,Minor injury,Over speed,Four lanes or more with central divider,Straight road,,Fine, TS02EZ  4082,A.M.B,Minor,2
10.04.2019,03:23PM,1195.05,LHS,Rural,Martur ,Skidding,,Bike,Minor injury,Over speed,Four lanes or more with central divider,Straight road,,Fine, TS02EZ  4082,A.M.B,Non injured,0
10.04.2019,03:23PM,1195.05,LHS,Rural,Martur ,Skidding,,Bike,Minor injury,Over speed,Four lanes or more with central divider,Straight road,,Fine, TS02EZ  4082,A.M.B,"No of animals Killed,if Any",0
10.04.2019,03:36PM,1263.7,RHS,Rural,Tangutur ,Collision Brush/Side Wipe,,Car,Minor injury,Fault of driver of motor vehicle/driver of other vehicle/cyclist/pedestrian/passenger,Four lanes or more with central divider,Straight road,,Fine,  AP27AB  4554,A.M.B & P.V,Fatal,0
10.04.2019,03:36PM,1263.7,RHS,Rural,Tangutur ,Collision Brush/Side Wipe,,Car,Minor injury,Fault of driver of motor vehicle/driver of other vehicle/cyclist/pedestrian/passenger,Four lanes or more with central divider,Straight road,,Fine,  AP27AB  4554,A.M.B & P.V,Grievous,0
10.04.2019,03:36PM,1263.7,RHS,Rural,Tangutur ,Collision Brush/Side Wipe,,Car,Minor injury,Fault of driver of motor vehicle/driver of other vehicle/cyclist/pedestrian/passenger,Four lanes or more with central divider,Straight road,,Fine,  AP27AB  4554,A.M.B & P.V,Minor,1
10.04.2019,03:36PM,1263.7,RHS,Rural,Tangutur ,Collision Brush/Side Wipe,,Car,Minor injury,Fault of driver of motor vehicle/driver of other vehicle/cyclist/pedestrian/passenger,Four lanes or more with central divider,Straight road,,Fine,  AP27AB  4554,A.M.B & P.V,Non injured,3
10.04.2019,03:36PM,1263.7,RHS,Rural,Tangutur ,Collision Brush/Side Wipe,,Car,Minor injury,Fault of driver of motor vehicle/driver of other vehicle/cyclist/pedestrian/passenger,Four lanes or more with central divider,Straight road,,Fine,  AP27AB  4554,A.M.B & P.V,"No of animals Killed,if Any",0
12.04.2019,07:57AM,1262.2,LHS,Rural,Tangutur ,Collision Brush/Side Wipe,,Unknown vehicle,Minor injury,Over speed,Four lanes or more with central divider,Straight road,,Fine,Unknown vehicle,A.M.B,Fatal,0
12.04.2019,07:57AM,1262.2,LHS,Rural,Tangutur ,Collision Brush/Side Wipe,,Unknown vehicle,Minor injury,Over speed,Four lanes or more with central divider,Straight road,,Fine,Unknown vehicle,A.M.B,Grievous,0
12.04.2019,07:57AM,1262.2,LHS,Rural,Tangutur ,Collision Brush/Side Wipe,,Unknown vehicle,Minor injury,Over speed,Four lanes or more with central divider,Straight road,,Fine,Unknown vehicle,A.M.B,Minor,1
12.04.2019,07:57AM,1262.2,LHS,Rural,Tangutur ,Collision Brush/Side Wipe,,Unknown vehicle,Minor injury,Over speed,Four lanes or more with central divider,Straight road,,Fine,Unknown vehicle,A.M.B,Non injured,0
12.04.2019,07:57AM,1262.2,LHS,Rural,Tangutur ,Collision Brush/Side Wipe,,Unknown vehicle,Minor injury,Over speed,Four lanes or more with central divider,Straight road,,Fine,Unknown vehicle,A.M.B,"No of animals Killed,if Any",0
12.04.2019,09:54AM,1211.42,RHS,Rural,Renangivaram ,Overturning,,Car,Minor injury,Fault of driver of motor vehicle/driver of other vehicle/cyclist/pedestrian/passenger,Four lanes or more with central divider,Straight road,T-Junction,Fine,AP27BS 1323,A.M.B & P.V,Fatal,0
12.04.2019,09:54AM,1211.42,RHS,Rural,Renangivaram ,Overturning,,Car,Minor injury,Fault of driver of motor vehicle/driver of other vehicle/cyclist/pedestrian/passenger,Four lanes or more with central divider,Straight road,T-Junction,Fine,AP27BS 1323,A.M.B & P.V,Grievous,0
12.04.2019,09:54AM,1211.42,RHS,Rural,Renangivaram ,Overturning,,Car,Minor injury,Fault of driver of motor vehicle/driver of other vehicle/cyclist/pedestrian/passenger,Four lanes or more with central divider,Straight road,T-Junction,Fine,AP27BS 1323,A.M.B & P.V,Minor,3
12.04.2019,09:54AM,1211.42,RHS,Rural,Renangivaram ,Overturning,,Car,Minor injury,Fault of driver of motor vehicle/driver of other vehicle/cyclist/pedestrian/passenger,Four lanes or more with central divider,Straight road,T-Junction,Fine,AP27BS 1323,A.M.B & P.V,Non injured,1
12.04.2019,09:54AM,1211.42,RHS,Rural,Renangivaram ,Overturning,,Car,Minor injury,Fault of driver of motor vehicle/driver of other vehicle/cyclist/pedestrian/passenger,Four lanes or more with central divider,Straight road,T-Junction,Fine,AP27BS 1323,A.M.B & P.V,"No of animals Killed,if Any",0
12.04.2019,02:00PM,1274.6,RHS,Rural,Singarayakonda ,Overturning,,Car,Non injury,Over speed,Four lanes or more with central divider,Straight road,,Fine,AP37 AH  5589,P.V,Fatal,0
12.04.2019,02:00PM,1274.6,RHS,Rural,Singarayakonda ,Overturning,,Car,Non injury,Over speed,Four lanes or more with central divider,Straight road,,Fine,AP37 AH  5589,P.V,Grievous,0
12.04.2019,02:00PM,1274.6,RHS,Rural,Singarayakonda ,Overturning,,Car,Non injury,Over speed,Four lanes or more with central divider,Straight road,,Fine,AP37 AH  5589,P.V,Minor,0
12.04.2019,02:00PM,1274.6,RHS,Rural,Singarayakonda ,Overturning,,Car,Non injury,Over speed,Four lanes or more with central divider,Straight road,,Fine,AP37 AH  5589,P.V,Non injured,2
12.04.2019,02:00PM,1274.6,RHS,Rural,Singarayakonda ,Overturning,,Car,Non injury,Over speed,Four lanes or more with central divider,Straight road,,Fine,AP37 AH  5589,P.V,"No of animals Killed,if Any",0
12.04.2019,20:30PM,1330.4,LHS,Rural,Kavali ,Skidding,,Bike,Grievious injury,Fault of driver of motor vehicle/driver of other vehicle/cyclist/pedestrian/passenger,Four lanes or more with central divider,Straight road,,Fine,  AP27BT  6867,A.M.B & P.V,Fatal,0
12.04.2019,20:30PM,1330.4,LHS,Rural,Kavali ,Skidding,,Bike,Grievious injury,Fault of driver of motor vehicle/driver of other vehicle/cyclist/pedestrian/passenger,Four lanes or more with central divider,Straight road,,Fine,  AP27BT  6867,A.M.B & P.V,Grievous,1
12.04.2019,20:30PM,1330.4,LHS,Rural,Kavali ,Skidding,,Bike,Grievious injury,Fault of driver of motor vehicle/driver of other vehicle/cyclist/pedestrian/passenger,Four lanes or more with central divider,Straight road,,Fine,  AP27BT  6867,A.M.B & P.V,Minor,1
12.04.2019,20:30PM,1330.4,LHS,Rural,Kavali ,Skidding,,Bike,Grievious injury,Fault of driver of motor vehicle/driver of other vehicle/cyclist/pedestrian/passenger,Four lanes or more with central divider,Straight road,,Fine,  AP27BT  6867,A.M.B & P.V,Non injured,0
12.04.2019,20:30PM,1330.4,LHS,Rural,Kavali ,Skidding,,Bike,Grievious injury,Fault of driver of motor vehicle/driver of other vehicle/cyclist/pedestrian/passenger,Four lanes or more with central divider,Straight road,,Fine,  AP27BT  6867,A.M.B & P.V,"No of animals Killed,if Any",0
12.04.2019,09:13PM,1273.02,LHS,Rural,Singarayakonda ,Collision Brush/Side Wipe,,Unknown vehicle,Fatal,Over speed,Four lanes or more with central divider,Straight road,,Fine,Unknown vehicle,A.M.B & P.V,Fatal,1
12.04.2019,09:13PM,1273.02,LHS,Rural,Singarayakonda ,Collision Brush/Side Wipe,,Unknown vehicle,Fatal,Over speed,Four lanes or more with central divider,Straight road,,Fine,Unknown vehicle,A.M.B & P.V,Grievous,0
12.04.2019,09:13PM,1273.02,LHS,Rural,Singarayakonda ,Collision Brush/Side Wipe,,Unknown vehicle,Fatal,Over speed,Four lanes or more with central divider,Straight road,,Fine,Unknown vehicle,A.M.B & P.V,Minor,0
12.04.2019,09:13PM,1273.02,LHS,Rural,Singarayakonda ,Collision Brush/Side Wipe,,Unknown vehicle,Fatal,Over speed,Four lanes or more with central divider,Straight road,,Fine,Unknown vehicle,A.M.B & P.V,Non injured,0
12.04.2019,09:13PM,1273.02,LHS,Rural,Singarayakonda ,Collision Brush/Side Wipe,,Unknown vehicle,Fatal,Over speed,Four lanes or more with central divider,Straight road,,Fine,Unknown vehicle,A.M.B & P.V,"No of animals Killed,if Any",0
12.04.2019,11:48PM,1190.9,LHS,Rural,Martur ,Collision Brush/Side Wipe,,Bike,Fatal,Druken,Four lanes or more with central divider,Straight road,,Fine,AP27AM 5321,P.V,Fatal,1