Operational date,Time of Accident,KM && M,Position,Rural/Urban,Location,Nature of Accident Position,Nature of Accident,Vehicle Involved,Type of Accident,Causes,Road Feature,Road condition,Intersection Type And Control,Weather Condition,Vehicle Responsible,Help Provided by Ambulance/Patroling Vehicle,Classification of Accident,No of Affected Persons
12.04.2019,11:48PM,1190.9,LHS,Rural,Martur ,Collision Brush/Side Wipe,,Bike,Fatal,Druken,Four lanes or more with central divider,Straight road,,Fine,AP27AM 5321,P.V,Grievous,0
12.04.2019,11:48PM,1190.9,LHS,Rural,Martur ,Collision Brush/Side Wipe,,Bike,Fatal,Druken,Four lanes or more with central divider,Straight road,,Fine,AP27AM 5321,P.V,Minor,0
12.04.2019,11:48PM,1190.9,LHS,Rural,Martur ,Collision Brush/Side Wipe,,Bike,Fatal,Druken,Four lanes or more with central divider,Straight road,,Fine,AP27AM 5321,P.V,Non injured,0
12.04.2019,11:48PM,1190.9,LHS,Rural,Martur ,Collision Brush/Side Wipe,,Bike,Fatal,Druken,Four lanes or more with central divider,Straight road,,Fine,AP27AM 5321,P.V,"No of animals Killed,if Any",0
13.04.2019,04:05AM,1260.05,LHS,Rural,Tangutur ,Rear End Collision,,Container,Fatal,Over speed,Four lanes or more with central divider,Straight road,,Fine,AP37TD9679,A.M.B & P.V,Fatal,1
13.04.2019,04:05AM,1260.05,LHS,Rural,Tangutur ,Rear End Collision,,Container,Fatal,Over speed,Four lanes or more with central divider,Straight road,,Fine,AP37TD9679,A.M.B & P.V,Grievous,0
13.04.2019,04:05AM,1260.05,LHS,Rural,Tangutur ,Rear End Collision,,Container,Fatal,Over speed,Four lanes or more with central divider,Straight road,,Fine,AP37TD9679,A.M.B & P.V,Minor,0
13.04.2019,04:05AM,1260.05,LHS,Rural,Tangutur ,Rear End Collision,,Container,Fatal,Over speed,Four lanes or more with central divider,Straight road,,Fine,AP37TD9679,A.M.B & P.V,Non injured,0
13.04.2019,04:05AM,1260.05,LHS,Rural,Tangutur ,Rear End Collision,,Container,Fatal,Over speed,Four lanes or more with central divider,Straight road,,Fine,AP37TD9679,A.M.B & P.V,"No of animals Killed,if Any",0
13.04.2019,05:30AM,1212.4,RHS,Rural,Medarametla ,Collision Brush/Side Wipe,,Truck,Non injury,Over speed,Four lanes or more with central divider,Straight road,,Fine,TS04VB2169,P.V,Fatal,0
13.04.2019,05:30AM,1212.4,RHS,Rural,Medarametla ,Collision Brush/Side Wipe,,Truck,Non injury,Over speed,Four lanes or more with central divider,Straight road,,Fine,TS04VB2169,P.V,Grievous,0
13.04.2019,05:30AM,1212.4,RHS,Rural,Medarametla ,Collision Brush/Side Wipe,,Truck,Non injury,Over speed,Four lanes or more with central divider,Straight road,,Fine,TS04VB2169,P.V,Minor,0
13.04.2019,05:30AM,1212.4,RHS,Rural,Medarametla ,Collision Brush/Side Wipe,,Truck,Non injury,Over speed,Four lanes or more with central divider,Straight road,,Fine,TS04VB2169,P.V,Non injured,1
13.04.2019,05:30AM,1212.4,RHS,Rural,Medarametla ,Collision Brush/Side Wipe,,Truck,Non injury,Over speed,Four lanes or more with central divider,Straight road,,Fine,TS04VB2169,P.V,"No of animals Killed,if Any",0
13.04.2019,08:00AM,1249.7,RHS,Rural,Ongole ,Collision Brush/Side Wipe,,Container,Non injury,Fault of driver of motor vehicle/driver of other vehicle/cyclist/pedestrian/passenger,Four lanes or more with central divider,Straight road,,Fine, NL01AB1596,P.V,Fatal,0
13.04.2019,08:00AM,1249.7,RHS,Rural,Ongole ,Collision Brush/Side Wipe,,Container,Non injury,Fault of driver of motor vehicle/driver of other vehicle/cyclist/pedestrian/passenger,Four lanes or more with central divider,Straight road,,Fine, NL01AB1596,P.V,Grievous,0
13.04.2019,08:00AM,1249.7,RHS,Rural,Ongole ,Collision Brush/Side Wipe,,Container,Non injury,Fault of driver of motor vehicle/driver of other vehicle/cyclist/pedestrian/passenger,Four lanes or more with central divider,Straight road,,Fine, NL01AB1596,P.V,Minor,0
13.04.2019,08:00AM,1249.7,RHS,Rural,Ongole ,Collision Brush/Side Wipe,,Container,Non injury,Fault of driver of motor vehicle/driver of other vehicle/cyclist/pedestrian/passenger,Four lanes or more with central divider,Straight road,,Fine, NL01AB1596,P.V,Non injured,1
13.04.2019,08:00AM,1249.7,RHS,Rural,Ongole ,Collision Brush/Side Wipe,,Container,Non injury,Fault of driver of motor vehicle/driver of other vehicle/cyclist/pedestrian/passenger,Four lanes or more with central divider,Straight road,,Fine, NL01AB1596,P.V,"No of animals Killed,if Any",0
13.04.2019,07:00AM,1352.34,LHS,Rural,Kodavalur ,Overturning,,Truck,Minor injury,Fault of driver of motor vehicle/driver of other vehicle/cyclist/pedestrian/passenger,Four lanes or more with central divider,Straight road,,Fine,AP07TJ2075,P.V,Fatal,0
13.04.2019,07:00AM,1352.34,LHS,Rural,Kodavalur ,Overturning,,Truck,Minor injury,Fault of driver of motor vehicle/driver of other vehicle/cyclist/pedestrian/passenger,Four lanes or more with central divider,Straight road,,Fine,AP07TJ2075,P.V,Grievous,0
13.04.2019,07:00AM,1352.34,LHS,Rural,Kodavalur ,Overturning,,Truck,Minor injury,Fault of driver of motor vehicle/driver of other vehicle/cyclist/pedestrian/passenger,Four lanes or more with central divider,Straight road,,Fine,AP07TJ2075,P.V,Minor,1
13.04.2019,07:00AM,1352.34,LHS,Rural,Kodavalur ,Overturning,,Truck,Minor injury,Fault of driver of motor vehicle/driver of other vehicle/cyclist/pedestrian/passenger,Four lanes or more with central divider,Straight road,,Fine,AP07TJ2075,P.V,Non injured,1
13.04.2019,07:00AM,1352.34,LHS,Rural,Kodavalur ,Overturning,,Truck,Minor injury,Fault of driver of motor vehicle/driver of other vehicle/cyclist/pedestrian/passenger,Four lanes or more with central divider,Straight road,,Fine,AP07TJ2075,P.V,"No of animals Killed,if Any",0
13.04.2019,04:11PM,1322.3,RHS,Rural,Kavali ,Collision Brush/Side Wipe,,Container,Grievious injury,Fault of driver of motor vehicle/driver of other vehicle/cyclist/pedestrian/passenger,Four lanes or more with central divider,Straight road,,Fine,PB13BE7957,A.M.B,Fatal,0
13.04.2019,04:11PM,1322.3,RHS,Rural,Kavali ,Collision Brush/Side Wipe,,Container,Grievious injury,Fault of driver of motor vehicle/driver of other vehicle/cyclist/pedestrian/passenger,Four lanes or more with central divider,Straight road,,Fine,PB13BE7957,A.M.B,Grievous,1
13.04.2019,04:11PM,1322.3,RHS,Rural,Kavali ,Collision Brush/Side Wipe,,Container,Grievious injury,Fault of driver of motor vehicle/driver of other vehicle/cyclist/pedestrian/passenger,Four lanes or more with central divider,Straight road,,Fine,PB13BE7957,A.M.B,Minor,0
13.04.2019,04:11PM,1322.3,RHS,Rural,Kavali ,Collision Brush/Side Wipe,,Container,Grievious injury,Fault of driver of motor vehicle/driver of other vehicle/cyclist/pedestrian/passenger,Four lanes or more with central divider,Straight road,,Fine,PB13BE7957,A.M.B,Non injured,1
13.04.2019,04:11PM,1322.3,RHS,Rural,Kavali ,Collision Brush/Side Wipe,,Container,Grievious injury,Fault of driver of motor vehicle/driver of other vehicle/cyclist/pedestrian/passenger,Four lanes or more with central divider,Straight road,,Fine,PB13BE7957,A.M.B,"No of animals Killed,if Any",0
13.04.2019,21:30PM,1318.82,LHS,Rural,Kavali ,Collision Brush/Side Wipe,,Tanker,Grievious injury,Over speed,Four lanes or more with central divider,Straight road,,Fine, UP15DT0653,A.M.B & P.V,Fatal,0
13.04.2019,21:30PM,1318.82,LHS,Rural,Kavali ,Collision Brush/Side Wipe,,Tanker,Grievious injury,Over speed,Four lanes or more with central divider,Straight road,,Fine, UP15DT0653,A.M.B & P.V,Grievous,1
13.04.2019,21:30PM,1318.82,LHS,Rural,Kavali ,Collision Brush/Side Wipe,,Tanker,Grievious injury,Over speed,Four lanes or more with central divider,Straight road,,Fine, UP15DT0653,A.M.B & P.V,Minor,0
13.04.2019,21:30PM,1318.82,LHS,Rural,Kavali ,Collision Brush/Side Wipe,,Tanker,Grievious injury,Over speed,Four lanes or more with central divider,Straight road,,Fine, UP15DT0653,A.M.B & P.V,Non injured,0
13.04.2019,21:30PM,1318.82,LHS,Rural,Kavali ,Collision Brush/Side Wipe,,Tanker,Grievious injury,Over speed,Four lanes or more with central divider,Straight road,,Fine, UP15DT0653,A.M.B & P.V,"No of animals Killed,if Any",0
14.04.2019,12:35AM,1270.6,RHS,Rural,Jarugumalli ,Collision Brush/Side Wipe,,Car,Non injury,Fault of driver of motor vehicle/driver of other vehicle/cyclist/pedestrian/passenger,Four lanes or more with central divider,Straight road,,Fine, AP26BQ 5454,P.V,Fatal,0
14.04.2019,12:35AM,1270.6,RHS,Rural,Jarugumalli ,Collision Brush/Side Wipe,,Car,Non injury,Fault of driver of motor vehicle/driver of other vehicle/cyclist/pedestrian/passenger,Four lanes or more with central divider,Straight road,,Fine, AP26BQ 5454,P.V,Grievous,0
14.04.2019,12:35AM,1270.6,RHS,Rural,Jarugumalli ,Collision Brush/Side Wipe,,Car,Non injury,Fault of driver of motor vehicle/driver of other vehicle/cyclist/pedestrian/passenger,Four lanes or more with central divider,Straight road,,Fine, AP26BQ 5454,P.V,Minor,0
14.04.2019,12:35AM,1270.6,RHS,Rural,Jarugumalli ,Collision Brush/Side Wipe,,Car,Non injury,Fault of driver of motor vehicle/driver of other vehicle/cyclist/pedestrian/passenger,Four lanes or more with central divider,Straight road,,Fine, AP26BQ 5454,P.V,Non injured,1
14.04.2019,12:35AM,1270.6,RHS,Rural,Jarugumalli ,Collision Brush/Side Wipe,,Car,Non injury,Fault of driver of motor vehicle/driver of other vehicle/cyclist/pedestrian/passenger,Four lanes or more with central divider,Straight road,,Fine, AP26BQ 5454,P.V,"No of animals Killed,if Any",0
14.04.2019,01:35AM,1222.6,RHS,Rural,Mederametla ,Skidding,,Bike,Grievious injury,Fault of driver of motor vehicle/driver of other vehicle/cyclist/pedestrian/passenger,Four lanes or more with central divider,Straight road,,Fine, AP27AW 7425,A.M.B & P.V,Fatal,0
14.04.2019,01:35AM,1222.6,RHS,Rural,Mederametla ,Skidding,,Bike,Grievious injury,Fault of driver of motor vehicle/driver of other vehicle/cyclist/pedestrian/passenger,Four lanes or more with central divider,Straight road,,Fine, AP27AW 7425,A.M.B & P.V,Grievous,2
14.04.2019,01:35AM,1222.6,RHS,Rural,Mederametla ,Skidding,,Bike,Grievious injury,Fault of driver of motor vehicle/driver of other vehicle/cyclist/pedestrian/passenger,Four lanes or more with central divider,Straight road,,Fine, AP27AW 7425,A.M.B & P.V,Minor,0
14.04.2019,01:35AM,1222.6,RHS,Rural,Mederametla ,Skidding,,Bike,Grievious injury,Fault of driver of motor vehicle/driver of other vehicle/cyclist/pedestrian/passenger,Four lanes or more with central divider,Straight road,,Fine, AP27AW 7425,A.M.B & P.V,Non injured,0
14.04.2019,01:35AM,1222.6,RHS,Rural,Mederametla ,Skidding,,Bike,Grievious injury,Fault of driver of motor vehicle/driver of other vehicle/cyclist/pedestrian/passenger,Four lanes or more with central divider,Straight road,,Fine, AP27AW 7425,A.M.B & P.V,"No of animals Killed,if Any",0
14.04.2019,01:42AM,1332.1,RHS,Rural,K. Tippa ,Collision Brush/Side Wipe,,Car,Grievious injury,Fault of driver of motor vehicle/driver of other vehicle/cyclist/pedestrian/passenger,Four lanes or more with central divider,Straight road,,Fine, TN07OW 2320,A.M.B ,Fatal,0
14.04.2019,01:42AM,1332.1,RHS,Rural,K. Tippa ,Collision Brush/Side Wipe,,Car,Grievious injury,Fault of driver of motor vehicle/driver of other vehicle/cyclist/pedestrian/passenger,Four lanes or more with central divider,Straight road,,Fine, TN07OW 2320,A.M.B ,Grievous,1
14.04.2019,01:42AM,1332.1,RHS,Rural,K. Tippa ,Collision Brush/Side Wipe,,Car,Grievious injury,Fault of driver of motor vehicle/driver of other vehicle/cyclist/pedestrian/passenger,Four lanes or more with central divider,Straight road,,Fine, TN07OW 2320,A.M.B ,Minor,2
14.04.2019,01:42AM,1332.1,RHS,Rural,K. Tippa ,Collision Brush/Side Wipe,,Car,Grievious injury,Fault of driver of motor vehicle/driver of other vehicle/cyclist/pedestrian/passenger,Four lanes or more with central divider,Straight road,,Fine, TN07OW 2320,A.M.B ,Non injured,0
14.04.2019,01:42AM,1332.1,RHS,Rural,K. Tippa ,Collision Brush/Side Wipe,,Car,Grievious injury,Fault of driver of motor vehicle/driver of other vehicle/cyclist/pedestrian/passenger,Four lanes or more with central divider,Straight road,,Fine, TN07OW 2320,A.M.B ,"No of animals Killed,if Any",0
14.04.2019,05:00AM,1237.9,RHS,Rural,Ongole ,Collision Brush/Side Wipe,,LCV,Non injury,Fault of driver of motor vehicle/driver of other vehicle/cyclist/pedestrian/passenger,Four lanes or more with central divider,Straight road,,Fine, LCV RJ06GC 2217,P.V,Fatal,0
14.04.2019,05:00AM,1237.9,RHS,Rural,Ongole ,Collision Brush/Side Wipe,,LCV,Non injury,Fault of driver of motor vehicle/driver of other vehicle/cyclist/pedestrian/passenger,Four lanes or more with central divider,Straight road,,Fine, LCV RJ06GC 2217,P.V,Grievous,0
14.04.2019,05:00AM,1237.9,RHS,Rural,Ongole ,Collision Brush/Side Wipe,,LCV,Non injury,Fault of driver of motor vehicle/driver of other vehicle/cyclist/pedestrian/passenger,Four lanes or more with central divider,Straight road,,Fine, LCV RJ06GC 2217,P.V,Minor,0
14.04.2019,05:00AM,1237.9,RHS,Rural,Ongole ,Collision Brush/Side Wipe,,LCV,Non injury,Fault of driver of motor vehicle/driver of other vehicle/cyclist/pedestrian/passenger,Four lanes or more with central divider,Straight road,,Fine, LCV RJ06GC 2217,P.V,Non injured,2
14.04.2019,05:00AM,1237.9,RHS,Rural,Ongole ,Collision Brush/Side Wipe,,LCV,Non injury,Fault of driver of motor vehicle/driver of other vehicle/cyclist/pedestrian/passenger,Four lanes or more with central divider,Straight road,,Fine, LCV RJ06GC 2217,P.V,"No of animals Killed,if Any",0
14.04.2019,16:45PM,1301.5,LHS,Rural,Gudluru ,Collision Brush/Side Wipe,,Truck,Non injury,Over speed,Four lanes or more with central divider,Straight road,,Fine, AP27TZ 2478,P.V,Fatal,0
14.04.2019,16:45PM,1301.5,LHS,Rural,Gudluru ,Collision Brush/Side Wipe,,Truck,Non injury,Over speed,Four lanes or more with central divider,Straight road,,Fine, AP27TZ 2478,P.V,Grievous,0
14.04.2019,16:45PM,1301.5,LHS,Rural,Gudluru ,Collision Brush/Side Wipe,,Truck,Non injury,Over speed,Four lanes or more with central divider,Straight road,,Fine, AP27TZ 2478,P.V,Minor,0
14.04.2019,16:45PM,1301.5,LHS,Rural,Gudluru ,Collision Brush/Side Wipe,,Truck,Non injury,Over speed,Four lanes or more with central divider,Straight road,,Fine, AP27TZ 2478,P.V,Non injured,1
14.04.2019,16:45PM,1301.5,LHS,Rural,Gudluru ,Collision Brush/Side Wipe,,Truck,Non injury,Over speed,Four lanes or more with central divider,Straight road,,Fine, AP27TZ 2478,P.V,"No of animals Killed,if Any",0
15.04.2019,03:27AM,1320.55,LHS,Rural,Kavali ,Overturning,,Unknown vehicle,Grievious injury,Fault of driver of motor vehicle/driver of other vehicle/cyclist/pedestrian/passenger,Four lanes or more with central divider,Straight road,,Fine,Unknown vehicle,A.M.B & P.V,Fatal,0
15.04.2019,03:27AM,1320.55,LHS,Rural,Kavali ,Overturning,,Unknown vehicle,Grievious injury,Fault of driver of motor vehicle/driver of other vehicle/cyclist/pedestrian/passenger,Four lanes or more with central divider,Straight road,,Fine,Unknown vehicle,A.M.B & P.V,Grievous,1
15.04.2019,03:27AM,1320.55,LHS,Rural,Kavali ,Overturning,,Unknown vehicle,Grievious injury,Fault of driver of motor vehicle/driver of other vehicle/cyclist/pedestrian/passenger,Four lanes or more with central divider,Straight road,,Fine,Unknown vehicle,A.M.B & P.V,Minor,1
15.04.2019,03:27AM,1320.55,LHS,Rural,Kavali ,Overturning,,Unknown vehicle,Grievious injury,Fault of driver of motor vehicle/driver of other vehicle/cyclist/pedestrian/passenger,Four lanes or more with central divider,Straight road,,Fine,Unknown vehicle,A.M.B & P.V,Non injured,6
15.04.2019,03:27AM,1320.55,LHS,Rural,Kavali ,Overturning,,Unknown vehicle,Grievious injury,Fault of driver of motor vehicle/driver of other vehicle/cyclist/pedestrian/passenger,Four lanes or more with central divider,Straight road,,Fine,Unknown vehicle,A.M.B & P.V,"No of animals Killed,if Any",0
15.04.2019,03:40AM,1194.8,LHS,Rural,Martur ,Overturning,,LGV,Minor injury,Fault of driver of motor vehicle/driver of other vehicle/cyclist/pedestrian/passenger,Four lanes or more with central divider,Straight road,,Fine,AP39U0904,P.V,Fatal,0
15.04.2019,03:40AM,1194.8,LHS,Rural,Martur ,Overturning,,LGV,Minor injury,Fault of driver of motor vehicle/driver of other vehicle/cyclist/pedestrian/passenger,Four lanes or more with central divider,Straight road,,Fine,AP39U0904,P.V,Grievous,0
15.04.2019,03:40AM,1194.8,LHS,Rural,Martur ,Overturning,,LGV,Minor injury,Fault of driver of motor vehicle/driver of other vehicle/cyclist/pedestrian/passenger,Four lanes or more with central divider,Straight road,,Fine,AP39U0904,P.V,Minor,2
15.04.2019,03:40AM,1194.8,LHS,Rural,Martur ,Overturning,,LGV,Minor injury,Fault of driver of motor vehicle/driver of other vehicle/cyclist/pedestrian/passenger,Four lanes or more with central divider,Straight road,,Fine,AP39U0904,P.V,Non injured,0
15.04.2019,03:40AM,1194.8,LHS,Rural,Martur ,Overturning,,LGV,Minor injury,Fault of driver of motor vehicle/driver of other vehicle/cyclist/pedestrian/passenger,Four lanes or more with central divider,Straight road,,Fine,AP39U0904,P.V,"No of animals Killed,if Any",0
15.04.2019,09:45AM,1253.82,RHS,Rural,Ongole ,Collision Brush/Side Wipe,,Trailer,Non injury,Fault of driver of motor vehicle/driver of other vehicle/cyclist/pedestrian/passenger,Four lanes or more with central divider,Straight road,,Fine, AP27TU3879,P.V,Fatal,0
15.04.2019,09:45AM,1253.82,RHS,Rural,Ongole ,Collision Brush/Side Wipe,,Trailer,Non injury,Fault of driver of motor vehicle/driver of other vehicle/cyclist/pedestrian/passenger,Four lanes or more with central divider,Straight road,,Fine, AP27TU3879,P.V,Grievous,0
15.04.2019,09:45AM,1253.82,RHS,Rural,Ongole ,Collision Brush/Side Wipe,,Trailer,Non injury,Fault of driver of motor vehicle/driver of other vehicle/cyclist/pedestrian/passenger,Four lanes or more with central divider,Straight road,,Fine, AP27TU3879,P.V,Minor,0
15.04.2019,09:45AM,1253.82,RHS,Rural,Ongole ,Collision Brush/Side Wipe,,Trailer,Non injury,Fault of driver of motor vehicle/driver of other vehicle/cyclist/pedestrian/passenger,Four lanes or more with central divider,Straight road,,Fine, AP27TU3879,P.V,Non injured,5
15.04.2019,09:45AM,1253.82,RHS,Rural,Ongole ,Collision Brush/Side Wipe,,Trailer,Non injury,Fault of driver of motor vehicle/driver of other vehicle/cyclist/pedestrian/passenger,Four lanes or more with central divider,Straight road,,Fine, AP27TU3879,P.V,"No of animals Killed,if Any",0
16.04.2019,12:30PM,1288.82,LHS,Rural,Ulavapadu ,Collision Brush/Side Wipe,,Trailer,Grievious injury,Over speed,Four lanes or more with central divider,Straight road,,Fine,AP27UB  5479,P.V,Fatal,0
16.04.2019,12:30PM,1288.82,LHS,Rural,Ulavapadu ,Collision Brush/Side Wipe,,Trailer,Grievious injury,Over speed,Four lanes or more with central divider,Straight road,,Fine,AP27UB  5479,P.V,Grievous,1
16.04.2019,12:30PM,1288.82,LHS,Rural,Ulavapadu ,Collision Brush/Side Wipe,,Trailer,Grievious injury,Over speed,Four lanes or more with central divider,Straight road,,Fine,AP27UB  5479,P.V,Minor,0
16.04.2019,12:30PM,1288.82,LHS,Rural,Ulavapadu ,Collision Brush/Side Wipe,,Trailer,Grievious injury,Over speed,Four lanes or more with central divider,Straight road,,Fine,AP27UB  5479,P.V,Non injured,0
16.04.2019,12:30PM,1288.82,LHS,Rural,Ulavapadu ,Collision Brush/Side Wipe,,Trailer,Grievious injury,Over speed,Four lanes or more with central divider,Straight road,,Fine,AP27UB  5479,P.V,"No of animals Killed,if Any",0
16.04.2019,09:25AM,1341.2,LHS,Rural,Dagadarthi ,Collision Brush/Side Wipe,,Unknown vehicle,Non injury,Over speed,Two lanes,Straight road,,Fine,Unknown vehicle,P.V,Fatal,0
16.04.2019,09:25AM,1341.2,LHS,Rural,Dagadarthi ,Collision Brush/Side Wipe,,Unknown vehicle,Non injury,Over speed,Two lanes,Straight road,,Fine,Unknown vehicle,P.V,Grievous,0
16.04.2019,09:25AM,1341.2,LHS,Rural,Dagadarthi ,Collision Brush/Side Wipe,,Unknown vehicle,Non injury,Over speed,Two lanes,Straight road,,Fine,Unknown vehicle,P.V,Minor,0
16.04.2019,09:25AM,1341.2,LHS,Rural,Dagadarthi ,Collision Brush/Side Wipe,,Unknown vehicle,Non injury,Over speed,Two lanes,Straight road,,Fine,Unknown vehicle,P.V,Non injured,1
16.04.2019,09:25AM,1341.2,LHS,Rural,Dagadarthi ,Collision Brush/Side Wipe,,Unknown vehicle,Non injury,Over speed,Two lanes,Straight road,,Fine,Unknown vehicle,P.V,"No of animals Killed,if Any",0
16.04.2019,03:27PM,1323.5,LHS,Rural,Kavali ,Overturning,,Truck,Grievious injury,Druken,Four lanes or more with central divider,Straight road,,Fine,  TN23D   7317,A.M.B,Fatal,0
16.04.2019,03:27PM,1323.5,LHS,Rural,Kavali ,Overturning,,Truck,Grievious injury,Druken,Four lanes or more with central divider,Straight road,,Fine,  TN23D   7317,A.M.B,Grievous,1
16.04.2019,03:27PM,1323.5,LHS,Rural,Kavali ,Overturning,,Truck,Grievious injury,Druken,Four lanes or more with central divider,Straight road,,Fine,  TN23D   7317,A.M.B,Minor,0
16.04.2019,03:27PM,1323.5,LHS,Rural,Kavali ,Overturning,,Truck,Grievious injury,Druken,Four lanes or more with central divider,Straight road,,Fine,  TN23D   7317,A.M.B,Non injured,0
16.04.2019,03:27PM,1323.5,LHS,Rural,Kavali ,Overturning,,Truck,Grievious injury,Druken,Four lanes or more with central divider,Straight road,,Fine,  TN23D   7317,A.M.B,"No of animals Killed,if Any",0
17.04.2019,01:20AM,1359.5,LHS,Rural,Kodavaluru ,Collision Brush/Side Wipe,,Unknown vehicle,Fatal,Over speed,Four lanes or more with central divider,Straight road,,Fine,Unknown vehicle,P.V,Fatal,1
17.04.2019,01:20AM,1359.5,LHS,Rural,Kodavaluru ,Collision Brush/Side Wipe,,Unknown vehicle,Fatal,Over speed,Four lanes or more with central divider,Straight road,,Fine,Unknown vehicle,P.V,Grievous,0
17.04.2019,01:20AM,1359.5,LHS,Rural,Kodavaluru ,Collision Brush/Side Wipe,,Unknown vehicle,Fatal,Over speed,Four lanes or more with central divider,Straight road,,Fine,Unknown vehicle,P.V,Minor,0
17.04.2019,01:20AM,1359.5,LHS,Rural,Kodavaluru ,Collision Brush/Side Wipe,,Unknown vehicle,Fatal,Over speed,Four lanes or more with central divider,Straight road,,Fine,Unknown vehicle,P.V,Non injured,1
17.04.2019,01:20AM,1359.5,LHS,Rural,Kodavaluru ,Collision Brush/Side Wipe,,Unknown vehicle,Fatal,Over speed,Four lanes or more with central divider,Straight road,,Fine,Unknown vehicle,P.V,"No of animals Killed,if Any",0
17.04.2019,05:50am,1325.92,LHS,Rural,Kavali ,Collision Brush/Side Wipe,,Unknown vehicle,Non injury,Over speed,Four lanes or more with central divider,Straight road,,Fine,Unknown vehicle,P.V,Fatal,0
17.04.2019,05:50am,1325.92,LHS,Rural,Kavali ,Collision Brush/Side Wipe,,Unknown vehicle,Non injury,Over speed,Four lanes or more with central divider,Straight road,,Fine,Unknown vehicle,P.V,Grievous,0
17.04.2019,05:50am,1325.92,LHS,Rural,Kavali ,Collision Brush/Side Wipe,,Unknown vehicle,Non injury,Over speed,Four lanes or more with central divider,Straight road,,Fine,Unknown vehicle,P.V,Minor,0
17.04.2019,05:50am,1325.92,LHS,Rural,Kavali ,Collision Brush/Side Wipe,,Unknown vehicle,Non injury,Over speed,Four lanes or more with central divider,Straight road,,Fine,Unknown vehicle,P.V,Non injured,1
17.04.2019,05:50am,1325.92,LHS,Rural,Kavali ,Collision Brush/Side Wipe,,Unknown vehicle,Non injury,Over speed,Four lanes or more with central divider,Straight road,,Fine,Unknown vehicle,P.V,"No of animals Killed,if Any",1
17.04.2019,07:25PM,1249.65,LHS,Rural,Ongole ,Rear End Collision,,Car,Non injury,Over speed,Four lanes or more with central divider,Straight road,,Fine,    AP16BA  6426,P.V,Fatal,0
17.04.2019,07:25PM,1249.65,LHS,Rural,Ongole ,Rear End Collision,,Car,Non injury,Over speed,Four lanes or more with central divider,Straight road,,Fine,    AP16BA  6426,P.V,Grievous,0
17.04.2019,07:25PM,1249.65,LHS,Rural,Ongole ,Rear End Collision,,Car,Non injury,Over speed,Four lanes or more with central divider,Straight road,,Fine,    AP16BA  6426,P.V,Minor,0
17.04.2019,07:25PM,1249.65,LHS,Rural,Ongole ,Rear End Collision,,Car,Non injury,Over speed,Four lanes or more with central divider,Straight road,,Fine,    AP16BA  6426,P.V,Non injured,1
17.04.2019,07:25PM,1249.65,LHS,Rural,Ongole ,Rear End Collision,,Car,Non injury,Over speed,Four lanes or more with central divider,Straight road,,Fine,    AP16BA  6426,P.V,"No of animals Killed,if Any",1
17.04.2019,09:30PM,1339.86,RHS,Rural,Dagadarthi ,Collision Brush/Side Wipe,,LCV,Minor injury,Fault of driver of motor vehicle/driver of other vehicle/cyclist/pedestrian/passenger,Four lanes or more with central divider,Straight road,T-Junction,Fine,AP26TF   5562,A.M.B & P.V,Fatal,0
17.04.2019,09:30PM,1339.86,RHS,Rural,Dagadarthi ,Collision Brush/Side Wipe,,LCV,Minor injury,Fault of driver of motor vehicle/driver of other vehicle/cyclist/pedestrian/passenger,Four lanes or more with central divider,Straight road,T-Junction,Fine,AP26TF   5562,A.M.B & P.V,Grievous,0
17.04.2019,09:30PM,1339.86,RHS,Rural,Dagadarthi ,Collision Brush/Side Wipe,,LCV,Minor injury,Fault of driver of motor vehicle/driver of other vehicle/cyclist/pedestrian/passenger,Four lanes or more with central divider,Straight road,T-Junction,Fine,AP26TF   5562,A.M.B & P.V,Minor,1
17.04.2019,09:30PM,1339.86,RHS,Rural,Dagadarthi ,Collision Brush/Side Wipe,,LCV,Minor injury,Fault of driver of motor vehicle/driver of other vehicle/cyclist/pedestrian/passenger,Four lanes or more with central divider,Straight road,T-Junction,Fine,AP26TF   5562,A.M.B & P.V,Non injured,1
17.04.2019,09:30PM,1339.86,RHS,Rural,Dagadarthi ,Collision Brush/Side Wipe,,LCV,Minor injury,Fault of driver of motor vehicle/driver of other vehicle/cyclist/pedestrian/passenger,Four lanes or more with central divider,Straight road,T-Junction,Fine,AP26TF   5562,A.M.B & P.V,"No of animals Killed,if Any",0
17.04.2019,11:05PM,1231.8,LHS,Rural,Maddipadu ,Rear End Collision,,LCV,Minor injury,Over speed,Four lanes or more with central divider,Straight road,,Fine,  TN20CY 4790,P.V,Fatal,0
17.04.2019,11:05PM,1231.8,LHS,Rural,Maddipadu ,Rear End Collision,,LCV,Minor injury,Over speed,Four lanes or more with central divider,Straight road,,Fine,  TN20CY 4790,P.V,Grievous,0
17.04.2019,11:05PM,1231.8,LHS,Rural,Maddipadu ,Rear End Collision,,LCV,Minor injury,Over speed,Four lanes or more with central divider,Straight road,,Fine,  TN20CY 4790,P.V,Minor,1
17.04.2019,11:05PM,1231.8,LHS,Rural,Maddipadu ,Rear End Collision,,LCV,Minor injury,Over speed,Four lanes or more with central divider,Straight road,,Fine,  TN20CY 4790,P.V,Non injured,1
17.04.2019,11:05PM,1231.8,LHS,Rural,Maddipadu ,Rear End Collision,,LCV,Minor injury,Over speed,Four lanes or more with central divider,Straight road,,Fine,  TN20CY 4790,P.V,"No of animals Killed,if Any",0