Operational date,Time of Accident,KM && M,Position,Rural/Urban,Location,Nature of Accident Position,Nature of Accident,Vehicle Involved,Type of Accident,Causes,Road Feature,Road condition,Intersection Type And Control,Weather Condition,Vehicle Responsible,Help Provided by Ambulance/Patroling Vehicle,Classification of Accident,No of Affected Persons
17.04.2019,11:27PM,1197.25,LHS,Rural,Martur ,Collision Brush/Side Wipe,,Unknown vehicle,Minor injury,Over speed,Four lanes or more with central divider,Straight road,,Fine,Unknown vehicle,A.M.B,Fatal,0
17.04.2019,11:27PM,1197.25,LHS,Rural,Martur ,Collision Brush/Side Wipe,,Unknown vehicle,Minor injury,Over speed,Four lanes or more with central divider,Straight road,,Fine,Unknown vehicle,A.M.B,Grievous,0
17.04.2019,11:27PM,1197.25,LHS,Rural,Martur ,Collision Brush/Side Wipe,,Unknown vehicle,Minor injury,Over speed,Four lanes or more with central divider,Straight road,,Fine,Unknown vehicle,A.M.B,Minor,2
17.04.2019,11:27PM,1197.25,LHS,Rural,Martur ,Collision Brush/Side Wipe,,Unknown vehicle,Minor injury,Over speed,Four lanes or more with central divider,Straight road,,Fine,Unknown vehicle,A.M.B,Non injured,1
17.04.2019,11:27PM,1197.25,LHS,Rural,Martur ,Collision Brush/Side Wipe,,Unknown vehicle,Minor injury,Over speed,Four lanes or more with central divider,Straight road,,Fine,Unknown vehicle,A.M.B,"No of animals Killed,if Any",0
18.04.2019,06:00AM,1223.17,RHS,Rural,Mederametla ,Collision Brush/Side Wipe,,Unknown vehicle,Grievious injury,Over speed,Four lanes or more with central divider,Slight curve,Staggered jumction,Fine,Unknown   Vehicle,A.M.B,Fatal,0
18.04.2019,06:00AM,1223.17,RHS,Rural,Mederametla ,Collision Brush/Side Wipe,,Unknown vehicle,Grievious injury,Over speed,Four lanes or more with central divider,Slight curve,Staggered jumction,Fine,Unknown   Vehicle,A.M.B,Grievous,1
18.04.2019,06:00AM,1223.17,RHS,Rural,Mederametla ,Collision Brush/Side Wipe,,Unknown vehicle,Grievious injury,Over speed,Four lanes or more with central divider,Slight curve,Staggered jumction,Fine,Unknown   Vehicle,A.M.B,Minor,0
18.04.2019,06:00AM,1223.17,RHS,Rural,Mederametla ,Collision Brush/Side Wipe,,Unknown vehicle,Grievious injury,Over speed,Four lanes or more with central divider,Slight curve,Staggered jumction,Fine,Unknown   Vehicle,A.M.B,Non injured,0
18.04.2019,06:00AM,1223.17,RHS,Rural,Mederametla ,Collision Brush/Side Wipe,,Unknown vehicle,Grievious injury,Over speed,Four lanes or more with central divider,Slight curve,Staggered jumction,Fine,Unknown   Vehicle,A.M.B,"No of animals Killed,if Any",0
18.04.2019,06:15AM,1324.1,LHS,Rural,Kavali ,Overturning,,LCV,Minor injury,Fault of driver of motor vehicle/driver of other vehicle/cyclist/pedestrian/passenger,Four lanes or more with central divider,Straight road,,Fine,TN42E 4666,A.M.B & P.V,Fatal,0
18.04.2019,06:15AM,1324.1,LHS,Rural,Kavali ,Overturning,,LCV,Minor injury,Fault of driver of motor vehicle/driver of other vehicle/cyclist/pedestrian/passenger,Four lanes or more with central divider,Straight road,,Fine,TN42E 4666,A.M.B & P.V,Grievous,0
18.04.2019,06:15AM,1324.1,LHS,Rural,Kavali ,Overturning,,LCV,Minor injury,Fault of driver of motor vehicle/driver of other vehicle/cyclist/pedestrian/passenger,Four lanes or more with central divider,Straight road,,Fine,TN42E 4666,A.M.B & P.V,Minor,1
18.04.2019,06:15AM,1324.1,LHS,Rural,Kavali ,Overturning,,LCV,Minor injury,Fault of driver of motor vehicle/driver of other vehicle/cyclist/pedestrian/passenger,Four lanes or more with central divider,Straight road,,Fine,TN42E 4666,A.M.B & P.V,Non injured,1
18.04.2019,06:15AM,1324.1,LHS,Rural,Kavali ,Overturning,,LCV,Minor injury,Fault of driver of motor vehicle/driver of other vehicle/cyclist/pedestrian/passenger,Four lanes or more with central divider,Straight road,,Fine,TN42E 4666,A.M.B & P.V,"No of animals Killed,if Any",0
18.04.2019,10:50AM,1345.15,RHS,Rural,Dagadarthi ,Overturning,,Truck,Non injury,Fault of driver of motor vehicle/driver of other vehicle/cyclist/pedestrian/passenger,Four lanes or more with central divider,Straight road,,Fine,   UP77T 9426,P.V,Fatal,0
18.04.2019,10:50AM,1345.15,RHS,Rural,Dagadarthi ,Overturning,,Truck,Non injury,Fault of driver of motor vehicle/driver of other vehicle/cyclist/pedestrian/passenger,Four lanes or more with central divider,Straight road,,Fine,   UP77T 9426,P.V,Grievous,0
18.04.2019,10:50AM,1345.15,RHS,Rural,Dagadarthi ,Overturning,,Truck,Non injury,Fault of driver of motor vehicle/driver of other vehicle/cyclist/pedestrian/passenger,Four lanes or more with central divider,Straight road,,Fine,   UP77T 9426,P.V,Minor,0
18.04.2019,10:50AM,1345.15,RHS,Rural,Dagadarthi ,Overturning,,Truck,Non injury,Fault of driver of motor vehicle/driver of other vehicle/cyclist/pedestrian/passenger,Four lanes or more with central divider,Straight road,,Fine,   UP77T 9426,P.V,Non injured,2
18.04.2019,10:50AM,1345.15,RHS,Rural,Dagadarthi ,Overturning,,Truck,Non injury,Fault of driver of motor vehicle/driver of other vehicle/cyclist/pedestrian/passenger,Four lanes or more with central divider,Straight road,,Fine,   UP77T 9426,P.V,"No of animals Killed,if Any",0
18.04.2019,12:10PM,1226.65,RHS,Rural,Maddipadu ,Collision Brush/Side Wipe,,Truck,Non injury,Fault of driver of motor vehicle/driver of other vehicle/cyclist/pedestrian/passenger,Four lanes or more with central divider,Straight road,,Fine, TN48Z 4588,P.V,Fatal,0
18.04.2019,12:10PM,1226.65,RHS,Rural,Maddipadu ,Collision Brush/Side Wipe,,Truck,Non injury,Fault of driver of motor vehicle/driver of other vehicle/cyclist/pedestrian/passenger,Four lanes or more with central divider,Straight road,,Fine, TN48Z 4588,P.V,Grievous,0
18.04.2019,12:10PM,1226.65,RHS,Rural,Maddipadu ,Collision Brush/Side Wipe,,Truck,Non injury,Fault of driver of motor vehicle/driver of other vehicle/cyclist/pedestrian/passenger,Four lanes or more with central divider,Straight road,,Fine, TN48Z 4588,P.V,Minor,0
18.04.2019,12:10PM,1226.65,RHS,Rural,Maddipadu ,Collision Brush/Side Wipe,,Truck,Non injury,Fault of driver of motor vehicle/driver of other vehicle/cyclist/pedestrian/passenger,Four lanes or more with central divider,Straight road,,Fine, TN48Z 4588,P.V,Non injured,2
18.04.2019,12:10PM,1226.65,RHS,Rural,Maddipadu ,Collision Brush/Side Wipe,,Truck,Non injury,Fault of driver of motor vehicle/driver of other vehicle/cyclist/pedestrian/passenger,Four lanes or more with central divider,Straight road,,Fine, TN48Z 4588,P.V,"No of animals Killed,if Any",0
19.04.2019,02:15AM,1218.64,RHS,Rural,Medarametla ,Collision Brush/Side Wipe,,Container,Non injury,Fault of driver of motor vehicle/driver of other vehicle/cyclist/pedestrian/passenger,Four lanes or more with central divider,Straight road,,Fine,TN42 L4879,P.V,Fatal,0
19.04.2019,02:15AM,1218.64,RHS,Rural,Medarametla ,Collision Brush/Side Wipe,,Container,Non injury,Fault of driver of motor vehicle/driver of other vehicle/cyclist/pedestrian/passenger,Four lanes or more with central divider,Straight road,,Fine,TN42 L4879,P.V,Grievous,0
19.04.2019,02:15AM,1218.64,RHS,Rural,Medarametla ,Collision Brush/Side Wipe,,Container,Non injury,Fault of driver of motor vehicle/driver of other vehicle/cyclist/pedestrian/passenger,Four lanes or more with central divider,Straight road,,Fine,TN42 L4879,P.V,Minor,0
19.04.2019,02:15AM,1218.64,RHS,Rural,Medarametla ,Collision Brush/Side Wipe,,Container,Non injury,Fault of driver of motor vehicle/driver of other vehicle/cyclist/pedestrian/passenger,Four lanes or more with central divider,Straight road,,Fine,TN42 L4879,P.V,Non injured,1
19.04.2019,02:15AM,1218.64,RHS,Rural,Medarametla ,Collision Brush/Side Wipe,,Container,Non injury,Fault of driver of motor vehicle/driver of other vehicle/cyclist/pedestrian/passenger,Four lanes or more with central divider,Straight road,,Fine,TN42 L4879,P.V,"No of animals Killed,if Any",0
19.04.2019,04:45AM,1212.2,RHS,Rural,Medarametla ,Overturning,,LGV,Non injury,Defect in mechanical condition of motor vehicle/road condition,Four lanes or more with central divider,Straight road,,Fine, AP16TP 0512,P.V,Fatal,0
19.04.2019,04:45AM,1212.2,RHS,Rural,Medarametla ,Overturning,,LGV,Non injury,Defect in mechanical condition of motor vehicle/road condition,Four lanes or more with central divider,Straight road,,Fine, AP16TP 0512,P.V,Grievous,0
19.04.2019,04:45AM,1212.2,RHS,Rural,Medarametla ,Overturning,,LGV,Non injury,Defect in mechanical condition of motor vehicle/road condition,Four lanes or more with central divider,Straight road,,Fine, AP16TP 0512,P.V,Minor,0
19.04.2019,04:45AM,1212.2,RHS,Rural,Medarametla ,Overturning,,LGV,Non injury,Defect in mechanical condition of motor vehicle/road condition,Four lanes or more with central divider,Straight road,,Fine, AP16TP 0512,P.V,Non injured,2
19.04.2019,04:45AM,1212.2,RHS,Rural,Medarametla ,Overturning,,LGV,Non injury,Defect in mechanical condition of motor vehicle/road condition,Four lanes or more with central divider,Straight road,,Fine, AP16TP 0512,P.V,"No of animals Killed,if Any",0
19.04.2019,12:05PM,1271.36,RHS,Rural,Jarugumalli ,Collision Brush/Side Wipe,,Container,Minor injury,Fault of driver of motor vehicle/driver of other vehicle/cyclist/pedestrian/passenger,Four lanes or more with central divider,Straight road,,Fine,WB23C 3019,A.M.B & P.V,Fatal,0
19.04.2019,12:05PM,1271.36,RHS,Rural,Jarugumalli ,Collision Brush/Side Wipe,,Container,Minor injury,Fault of driver of motor vehicle/driver of other vehicle/cyclist/pedestrian/passenger,Four lanes or more with central divider,Straight road,,Fine,WB23C 3019,A.M.B & P.V,Grievous,0
19.04.2019,12:05PM,1271.36,RHS,Rural,Jarugumalli ,Collision Brush/Side Wipe,,Container,Minor injury,Fault of driver of motor vehicle/driver of other vehicle/cyclist/pedestrian/passenger,Four lanes or more with central divider,Straight road,,Fine,WB23C 3019,A.M.B & P.V,Minor,1
19.04.2019,12:05PM,1271.36,RHS,Rural,Jarugumalli ,Collision Brush/Side Wipe,,Container,Minor injury,Fault of driver of motor vehicle/driver of other vehicle/cyclist/pedestrian/passenger,Four lanes or more with central divider,Straight road,,Fine,WB23C 3019,A.M.B & P.V,Non injured,1
19.04.2019,12:05PM,1271.36,RHS,Rural,Jarugumalli ,Collision Brush/Side Wipe,,Container,Minor injury,Fault of driver of motor vehicle/driver of other vehicle/cyclist/pedestrian/passenger,Four lanes or more with central divider,Straight road,,Fine,WB23C 3019,A.M.B & P.V,"No of animals Killed,if Any",0
21.04.2019,05:20AM,1287.74,LHS,Rural,Ulavapadu ,Overturning,,Truck,Non injury,Fault of driver of motor vehicle/driver of other vehicle/cyclist/pedestrian/passenger,Two lanes,Straight road,,Fine, AP07TN 4929,P.V,Fatal,0
21.04.2019,05:20AM,1287.74,LHS,Rural,Ulavapadu ,Overturning,,Truck,Non injury,Fault of driver of motor vehicle/driver of other vehicle/cyclist/pedestrian/passenger,Two lanes,Straight road,,Fine, AP07TN 4929,P.V,Grievous,0
21.04.2019,05:20AM,1287.74,LHS,Rural,Ulavapadu ,Overturning,,Truck,Non injury,Fault of driver of motor vehicle/driver of other vehicle/cyclist/pedestrian/passenger,Two lanes,Straight road,,Fine, AP07TN 4929,P.V,Minor,0
21.04.2019,05:20AM,1287.74,LHS,Rural,Ulavapadu ,Overturning,,Truck,Non injury,Fault of driver of motor vehicle/driver of other vehicle/cyclist/pedestrian/passenger,Two lanes,Straight road,,Fine, AP07TN 4929,P.V,Non injured,2
21.04.2019,05:20AM,1287.74,LHS,Rural,Ulavapadu ,Overturning,,Truck,Non injury,Fault of driver of motor vehicle/driver of other vehicle/cyclist/pedestrian/passenger,Two lanes,Straight road,,Fine, AP07TN 4929,P.V,"No of animals Killed,if Any",0
21.04.2019,18:20PM,1194.45,LHS,Rural,Martur ,Collision Brush/Side Wipe,,Bus,Minor injury,Fault of driver of motor vehicle/driver of other vehicle/cyclist/pedestrian/passenger,Four lanes or more with central divider,Straight road,,Fine, AP07TN 3233,A.M.B,Fatal,0
21.04.2019,18:20PM,1194.45,LHS,Rural,Martur ,Collision Brush/Side Wipe,,Bus,Minor injury,Fault of driver of motor vehicle/driver of other vehicle/cyclist/pedestrian/passenger,Four lanes or more with central divider,Straight road,,Fine, AP07TN 3233,A.M.B,Grievous,0
21.04.2019,18:20PM,1194.45,LHS,Rural,Martur ,Collision Brush/Side Wipe,,Bus,Minor injury,Fault of driver of motor vehicle/driver of other vehicle/cyclist/pedestrian/passenger,Four lanes or more with central divider,Straight road,,Fine, AP07TN 3233,A.M.B,Minor,1
21.04.2019,18:20PM,1194.45,LHS,Rural,Martur ,Collision Brush/Side Wipe,,Bus,Minor injury,Fault of driver of motor vehicle/driver of other vehicle/cyclist/pedestrian/passenger,Four lanes or more with central divider,Straight road,,Fine, AP07TN 3233,A.M.B,Non injured,41
21.04.2019,18:20PM,1194.45,LHS,Rural,Martur ,Collision Brush/Side Wipe,,Bus,Minor injury,Fault of driver of motor vehicle/driver of other vehicle/cyclist/pedestrian/passenger,Four lanes or more with central divider,Straight road,,Fine, AP07TN 3233,A.M.B,"No of animals Killed,if Any",0
22.04.2019,01:25AM,1276.75,RHS,Rural,Singarayakonda ,Overturning,,Truck,Minor injury,Fault of driver of motor vehicle/driver of other vehicle/cyclist/pedestrian/passenger,Four lanes or more with central divider,Straight road,,Fine, HR55AC 4136,P.V,Fatal,0
22.04.2019,01:25AM,1276.75,RHS,Rural,Singarayakonda ,Overturning,,Truck,Minor injury,Fault of driver of motor vehicle/driver of other vehicle/cyclist/pedestrian/passenger,Four lanes or more with central divider,Straight road,,Fine, HR55AC 4136,P.V,Grievous,0
22.04.2019,01:25AM,1276.75,RHS,Rural,Singarayakonda ,Overturning,,Truck,Minor injury,Fault of driver of motor vehicle/driver of other vehicle/cyclist/pedestrian/passenger,Four lanes or more with central divider,Straight road,,Fine, HR55AC 4136,P.V,Minor,1
22.04.2019,01:25AM,1276.75,RHS,Rural,Singarayakonda ,Overturning,,Truck,Minor injury,Fault of driver of motor vehicle/driver of other vehicle/cyclist/pedestrian/passenger,Four lanes or more with central divider,Straight road,,Fine, HR55AC 4136,P.V,Non injured,0
22.04.2019,01:25AM,1276.75,RHS,Rural,Singarayakonda ,Overturning,,Truck,Minor injury,Fault of driver of motor vehicle/driver of other vehicle/cyclist/pedestrian/passenger,Four lanes or more with central divider,Straight road,,Fine, HR55AC 4136,P.V,"No of animals Killed,if Any",0
22.04.2019,03:40PM,1210.02,LHS,Rural,Renangivaram ,Collision Brush/Side Wipe,,Car,Non injury,Over speed,Four lanes or more with central divider,Straight road,,Fine, TS08FZ 7119,P.V,Fatal,0
22.04.2019,03:40PM,1210.02,LHS,Rural,Renangivaram ,Collision Brush/Side Wipe,,Car,Non injury,Over speed,Four lanes or more with central divider,Straight road,,Fine, TS08FZ 7119,P.V,Grievous,0
22.04.2019,03:40PM,1210.02,LHS,Rural,Renangivaram ,Collision Brush/Side Wipe,,Car,Non injury,Over speed,Four lanes or more with central divider,Straight road,,Fine, TS08FZ 7119,P.V,Minor,0
22.04.2019,03:40PM,1210.02,LHS,Rural,Renangivaram ,Collision Brush/Side Wipe,,Car,Non injury,Over speed,Four lanes or more with central divider,Straight road,,Fine, TS08FZ 7119,P.V,Non injured,3
22.04.2019,03:40PM,1210.02,LHS,Rural,Renangivaram ,Collision Brush/Side Wipe,,Car,Non injury,Over speed,Four lanes or more with central divider,Straight road,,Fine, TS08FZ 7119,P.V,"No of animals Killed,if Any",0
23.04.2019,00:40AM,1267.19,RHS,Rural,Tangutur ,Rear End Collision,,LCV,Minor injury,Fault of driver of motor vehicle/driver of other vehicle/cyclist/pedestrian/passenger,Four lanes or more with central divider,Straight road,,Fine,AP26TF  1789,A.M.B & P.V,Fatal,0
23.04.2019,00:40AM,1267.19,RHS,Rural,Tangutur ,Rear End Collision,,LCV,Minor injury,Fault of driver of motor vehicle/driver of other vehicle/cyclist/pedestrian/passenger,Four lanes or more with central divider,Straight road,,Fine,AP26TF  1789,A.M.B & P.V,Grievous,0
23.04.2019,00:40AM,1267.19,RHS,Rural,Tangutur ,Rear End Collision,,LCV,Minor injury,Fault of driver of motor vehicle/driver of other vehicle/cyclist/pedestrian/passenger,Four lanes or more with central divider,Straight road,,Fine,AP26TF  1789,A.M.B & P.V,Minor,1
23.04.2019,00:40AM,1267.19,RHS,Rural,Tangutur ,Rear End Collision,,LCV,Minor injury,Fault of driver of motor vehicle/driver of other vehicle/cyclist/pedestrian/passenger,Four lanes or more with central divider,Straight road,,Fine,AP26TF  1789,A.M.B & P.V,Non injured,1
23.04.2019,00:40AM,1267.19,RHS,Rural,Tangutur ,Rear End Collision,,LCV,Minor injury,Fault of driver of motor vehicle/driver of other vehicle/cyclist/pedestrian/passenger,Four lanes or more with central divider,Straight road,,Fine,AP26TF  1789,A.M.B & P.V,"No of animals Killed,if Any",0
23.04.2019,07:19AM,1358.5,LHS,Rural,Kodavaluru ,Collision Brush/Side Wipe,,Bus,Non injury,Over speed,Four lanes or more with central divider,Straight road,,Fine, AP39T   7755,P.V,Fatal,0
23.04.2019,07:19AM,1358.5,LHS,Rural,Kodavaluru ,Collision Brush/Side Wipe,,Bus,Non injury,Over speed,Four lanes or more with central divider,Straight road,,Fine, AP39T   7755,P.V,Grievous,0
23.04.2019,07:19AM,1358.5,LHS,Rural,Kodavaluru ,Collision Brush/Side Wipe,,Bus,Non injury,Over speed,Four lanes or more with central divider,Straight road,,Fine, AP39T   7755,P.V,Minor,0
23.04.2019,07:19AM,1358.5,LHS,Rural,Kodavaluru ,Collision Brush/Side Wipe,,Bus,Non injury,Over speed,Four lanes or more with central divider,Straight road,,Fine, AP39T   7755,P.V,Non injured,19
23.04.2019,07:19AM,1358.5,LHS,Rural,Kodavaluru ,Collision Brush/Side Wipe,,Bus,Non injury,Over speed,Four lanes or more with central divider,Straight road,,Fine, AP39T   7755,P.V,"No of animals Killed,if Any",0
23.04.2019,10:50AM,1237.87,LHS,Rural,Ongole ,Head on collision,,Unknown vehicle,Minor injury,Fault of driver of motor vehicle/driver of other vehicle/cyclist/pedestrian/passenger,Four lanes or more with central divider,Straight road,,Fine,Unknown vehicle,P.V,Fatal,0
23.04.2019,10:50AM,1237.87,LHS,Rural,Ongole ,Head on collision,,Unknown vehicle,Minor injury,Fault of driver of motor vehicle/driver of other vehicle/cyclist/pedestrian/passenger,Four lanes or more with central divider,Straight road,,Fine,Unknown vehicle,P.V,Grievous,0
23.04.2019,10:50AM,1237.87,LHS,Rural,Ongole ,Head on collision,,Unknown vehicle,Minor injury,Fault of driver of motor vehicle/driver of other vehicle/cyclist/pedestrian/passenger,Four lanes or more with central divider,Straight road,,Fine,Unknown vehicle,P.V,Minor,1
23.04.2019,10:50AM,1237.87,LHS,Rural,Ongole ,Head on collision,,Unknown vehicle,Minor injury,Fault of driver of motor vehicle/driver of other vehicle/cyclist/pedestrian/passenger,Four lanes or more with central divider,Straight road,,Fine,Unknown vehicle,P.V,Non injured,1
23.04.2019,10:50AM,1237.87,LHS,Rural,Ongole ,Head on collision,,Unknown vehicle,Minor injury,Fault of driver of motor vehicle/driver of other vehicle/cyclist/pedestrian/passenger,Four lanes or more with central divider,Straight road,,Fine,Unknown vehicle,P.V,"No of animals Killed,if Any",0
23.04.2019,04:50PM,1199.5,LHS,Rural,Martur ,Head on collision,,Unknown vehicle,Grievious injury,Fault of driver of motor vehicle/driver of other vehicle/cyclist/pedestrian/passenger,Four lanes or more with central divider,Straight road,,Fine,AP27BS    5487,A.M.B & P.V,Fatal,0
23.04.2019,04:50PM,1199.5,LHS,Rural,Martur ,Head on collision,,Unknown vehicle,Grievious injury,Fault of driver of motor vehicle/driver of other vehicle/cyclist/pedestrian/passenger,Four lanes or more with central divider,Straight road,,Fine,AP27BS    5487,A.M.B & P.V,Grievous,1
23.04.2019,04:50PM,1199.5,LHS,Rural,Martur ,Head on collision,,Unknown vehicle,Grievious injury,Fault of driver of motor vehicle/driver of other vehicle/cyclist/pedestrian/passenger,Four lanes or more with central divider,Straight road,,Fine,AP27BS    5487,A.M.B & P.V,Minor,0
23.04.2019,04:50PM,1199.5,LHS,Rural,Martur ,Head on collision,,Unknown vehicle,Grievious injury,Fault of driver of motor vehicle/driver of other vehicle/cyclist/pedestrian/passenger,Four lanes or more with central divider,Straight road,,Fine,AP27BS    5487,A.M.B & P.V,Non injured,1
23.04.2019,04:50PM,1199.5,LHS,Rural,Martur ,Head on collision,,Unknown vehicle,Grievious injury,Fault of driver of motor vehicle/driver of other vehicle/cyclist/pedestrian/passenger,Four lanes or more with central divider,Straight road,,Fine,AP27BS    5487,A.M.B & P.V,"No of animals Killed,if Any",0
23.04.2019,10:34PM,1230.9,RHS,Rural,Maddipadu ,Collision Brush/Side Wipe,,Unknown vehicle,Minor injury,Over speed,Four lanes or more with central divider,Straight road,,Fine,Unknown vehicle,P.V,Fatal,0
23.04.2019,10:34PM,1230.9,RHS,Rural,Maddipadu ,Collision Brush/Side Wipe,,Unknown vehicle,Minor injury,Over speed,Four lanes or more with central divider,Straight road,,Fine,Unknown vehicle,P.V,Grievous,0
23.04.2019,10:34PM,1230.9,RHS,Rural,Maddipadu ,Collision Brush/Side Wipe,,Unknown vehicle,Minor injury,Over speed,Four lanes or more with central divider,Straight road,,Fine,Unknown vehicle,P.V,Minor,3
23.04.2019,10:34PM,1230.9,RHS,Rural,Maddipadu ,Collision Brush/Side Wipe,,Unknown vehicle,Minor injury,Over speed,Four lanes or more with central divider,Straight road,,Fine,Unknown vehicle,P.V,Non injured,1
23.04.2019,10:34PM,1230.9,RHS,Rural,Maddipadu ,Collision Brush/Side Wipe,,Unknown vehicle,Minor injury,Over speed,Four lanes or more with central divider,Straight road,,Fine,Unknown vehicle,P.V,"No of animals Killed,if Any",0
24.04.2019,02:46AM,1188.05,LHS,Rural,Martur ,Rear End Collision,,Truck,Minor injury,Fault of driver of motor vehicle/driver of other vehicle/cyclist/pedestrian/passenger,Four lanes or more with central divider,Straight road,,Fine,TN18AT  4246,A.M.B & P.V,Fatal,0
24.04.2019,02:46AM,1188.05,LHS,Rural,Martur ,Rear End Collision,,Truck,Minor injury,Fault of driver of motor vehicle/driver of other vehicle/cyclist/pedestrian/passenger,Four lanes or more with central divider,Straight road,,Fine,TN18AT  4246,A.M.B & P.V,Grievous,0
24.04.2019,02:46AM,1188.05,LHS,Rural,Martur ,Rear End Collision,,Truck,Minor injury,Fault of driver of motor vehicle/driver of other vehicle/cyclist/pedestrian/passenger,Four lanes or more with central divider,Straight road,,Fine,TN18AT  4246,A.M.B & P.V,Minor,1
24.04.2019,02:46AM,1188.05,LHS,Rural,Martur ,Rear End Collision,,Truck,Minor injury,Fault of driver of motor vehicle/driver of other vehicle/cyclist/pedestrian/passenger,Four lanes or more with central divider,Straight road,,Fine,TN18AT  4246,A.M.B & P.V,Non injured,1
24.04.2019,02:46AM,1188.05,LHS,Rural,Martur ,Rear End Collision,,Truck,Minor injury,Fault of driver of motor vehicle/driver of other vehicle/cyclist/pedestrian/passenger,Four lanes or more with central divider,Straight road,,Fine,TN18AT  4246,A.M.B & P.V,"No of animals Killed,if Any",0
24.04.2019,06:25AM,1231.75,RHS,Rural,Maddipadu ,Collision Brush/Side Wipe,,Truck,Grievious injury,Fault of driver of motor vehicle/driver of other vehicle/cyclist/pedestrian/passenger,Four lanes or more with central divider,Straight road,,Fine,    AP37TD    8737,P.V,Fatal,0
24.04.2019,06:25AM,1231.75,RHS,Rural,Maddipadu ,Collision Brush/Side Wipe,,Truck,Grievious injury,Fault of driver of motor vehicle/driver of other vehicle/cyclist/pedestrian/passenger,Four lanes or more with central divider,Straight road,,Fine,    AP37TD    8737,P.V,Grievous,2
24.04.2019,06:25AM,1231.75,RHS,Rural,Maddipadu ,Collision Brush/Side Wipe,,Truck,Grievious injury,Fault of driver of motor vehicle/driver of other vehicle/cyclist/pedestrian/passenger,Four lanes or more with central divider,Straight road,,Fine,    AP37TD    8737,P.V,Minor,0
24.04.2019,06:25AM,1231.75,RHS,Rural,Maddipadu ,Collision Brush/Side Wipe,,Truck,Grievious injury,Fault of driver of motor vehicle/driver of other vehicle/cyclist/pedestrian/passenger,Four lanes or more with central divider,Straight road,,Fine,    AP37TD    8737,P.V,Non injured,1
24.04.2019,06:25AM,1231.75,RHS,Rural,Maddipadu ,Collision Brush/Side Wipe,,Truck,Grievious injury,Fault of driver of motor vehicle/driver of other vehicle/cyclist/pedestrian/passenger,Four lanes or more with central divider,Straight road,,Fine,    AP37TD    8737,P.V,"No of animals Killed,if Any",0
24.04.2019,09:02AM,1264.45,LHS,Rural,Singarayakonda ,Collision Brush/Side Wipe,,Bike,Grievious injury,Druken,Two lanes,Slight curve,,Fine,  AP26BP 0441,A.M.B & P.V,Fatal,0
24.04.2019,09:02AM,1264.45,LHS,Rural,Singarayakonda ,Collision Brush/Side Wipe,,Bike,Grievious injury,Druken,Two lanes,Slight curve,,Fine,  AP26BP 0441,A.M.B & P.V,Grievous,1
24.04.2019,09:02AM,1264.45,LHS,Rural,Singarayakonda ,Collision Brush/Side Wipe,,Bike,Grievious injury,Druken,Two lanes,Slight curve,,Fine,  AP26BP 0441,A.M.B & P.V,Minor,0
24.04.2019,09:02AM,1264.45,LHS,Rural,Singarayakonda ,Collision Brush/Side Wipe,,Bike,Grievious injury,Druken,Two lanes,Slight curve,,Fine,  AP26BP 0441,A.M.B & P.V,Non injured,1
24.04.2019,09:02AM,1264.45,LHS,Rural,Singarayakonda ,Collision Brush/Side Wipe,,Bike,Grievious injury,Druken,Two lanes,Slight curve,,Fine,  AP26BP 0441,A.M.B & P.V,"No of animals Killed,if Any",0
24.04.2019,11:40AM,1232.6,LHS,Rural,Maddipadu ,Rear End Collision,,Container,Grievious injury,Fault of driver of motor vehicle/driver of other vehicle/cyclist/pedestrian/passenger,Four lanes or more with central divider,Straight road,,Fine, NL01AB 7084,P.V,Fatal,0
24.04.2019,11:40AM,1232.6,LHS,Rural,Maddipadu ,Rear End Collision,,Container,Grievious injury,Fault of driver of motor vehicle/driver of other vehicle/cyclist/pedestrian/passenger,Four lanes or more with central divider,Straight road,,Fine, NL01AB 7084,P.V,Grievous,1
24.04.2019,11:40AM,1232.6,LHS,Rural,Maddipadu ,Rear End Collision,,Container,Grievious injury,Fault of driver of motor vehicle/driver of other vehicle/cyclist/pedestrian/passenger,Four lanes or more with central divider,Straight road,,Fine, NL01AB 7084,P.V,Minor,1
24.04.2019,11:40AM,1232.6,LHS,Rural,Maddipadu ,Rear End Collision,,Container,Grievious injury,Fault of driver of motor vehicle/driver of other vehicle/cyclist/pedestrian/passenger,Four lanes or more with central divider,Straight road,,Fine, NL01AB 7084,P.V,Non injured,1
24.04.2019,11:40AM,1232.6,LHS,Rural,Maddipadu ,Rear End Collision,,Container,Grievious injury,Fault of driver of motor vehicle/driver of other vehicle/cyclist/pedestrian/passenger,Four lanes or more with central divider,Straight road,,Fine, NL01AB 7084,P.V,"No of animals Killed,if Any",0
24.04.2019,05:25PM,1199.95,LHS,Rural,Maddipadu ,Collision Brush/Side Wipe,,Car,Minor injury,Fault of driver of motor vehicle/driver of other vehicle/cyclist/pedestrian/passenger,Four lanes or more with central divider,Straight road,,Fine,AP07BE  3777,A.M.B & P.V,Fatal,0