Operational date,Time of Accident,KM && M,Position,Rural/Urban,Location,Nature of Accident Position,Nature of Accident,Vehicle Involved,Type of Accident,Causes,Road Feature,Road condition,Intersection Type And Control,Weather Condition,Vehicle Responsible,Help Provided by Ambulance/Patroling Vehicle,Classification of Accident,No of Affected Persons
24.04.2019,05:25PM,1199.95,LHS,Rural,Maddipadu ,Collision Brush/Side Wipe,,Car,Minor injury,Fault of driver of motor vehicle/driver of other vehicle/cyclist/pedestrian/passenger,Four lanes or more with central divider,Straight road,,Fine,AP07BE  3777,A.M.B & P.V,Grievous,0
24.04.2019,05:25PM,1199.95,LHS,Rural,Maddipadu ,Collision Brush/Side Wipe,,Car,Minor injury,Fault of driver of motor vehicle/driver of other vehicle/cyclist/pedestrian/passenger,Four lanes or more with central divider,Straight road,,Fine,AP07BE  3777,A.M.B & P.V,Minor,3
24.04.2019,05:25PM,1199.95,LHS,Rural,Maddipadu ,Collision Brush/Side Wipe,,Car,Minor injury,Fault of driver of motor vehicle/driver of other vehicle/cyclist/pedestrian/passenger,Four lanes or more with central divider,Straight road,,Fine,AP07BE  3777,A.M.B & P.V,Non injured,5
24.04.2019,05:25PM,1199.95,LHS,Rural,Maddipadu ,Collision Brush/Side Wipe,,Car,Minor injury,Fault of driver of motor vehicle/driver of other vehicle/cyclist/pedestrian/passenger,Four lanes or more with central divider,Straight road,,Fine,AP07BE  3777,A.M.B & P.V,"No of animals Killed,if Any",0
24.04.2019,08:15PM,1206.39,LHS,Rural,Renangivaram ,Rear End Collision,,Container,Fatal,Over speed,Four lanes or more with central divider,Straight road,,Fine,  AP28TE7276,P.V,Fatal,1
24.04.2019,08:15PM,1206.39,LHS,Rural,Renangivaram ,Rear End Collision,,Container,Fatal,Over speed,Four lanes or more with central divider,Straight road,,Fine,  AP28TE7276,P.V,Grievous,0
24.04.2019,08:15PM,1206.39,LHS,Rural,Renangivaram ,Rear End Collision,,Container,Fatal,Over speed,Four lanes or more with central divider,Straight road,,Fine,  AP28TE7276,P.V,Minor,0
24.04.2019,08:15PM,1206.39,LHS,Rural,Renangivaram ,Rear End Collision,,Container,Fatal,Over speed,Four lanes or more with central divider,Straight road,,Fine,  AP28TE7276,P.V,Non injured,1
24.04.2019,08:15PM,1206.39,LHS,Rural,Renangivaram ,Rear End Collision,,Container,Fatal,Over speed,Four lanes or more with central divider,Straight road,,Fine,  AP28TE7276,P.V,"No of animals Killed,if Any",0
25.04.2019,00:28AM,1200.35,RHS,Rural,Renangivaram ,Collision Brush/Side Wipe,,Bike,Minor injury,Druken,Four lanes or more with central divider,Straight road,,Fine, F/R,A.M.B ,Fatal,0
25.04.2019,00:28AM,1200.35,RHS,Rural,Renangivaram ,Collision Brush/Side Wipe,,Bike,Minor injury,Druken,Four lanes or more with central divider,Straight road,,Fine, F/R,A.M.B ,Grievous,0
25.04.2019,00:28AM,1200.35,RHS,Rural,Renangivaram ,Collision Brush/Side Wipe,,Bike,Minor injury,Druken,Four lanes or more with central divider,Straight road,,Fine, F/R,A.M.B ,Minor,1
25.04.2019,00:28AM,1200.35,RHS,Rural,Renangivaram ,Collision Brush/Side Wipe,,Bike,Minor injury,Druken,Four lanes or more with central divider,Straight road,,Fine, F/R,A.M.B ,Non injured,0
25.04.2019,00:28AM,1200.35,RHS,Rural,Renangivaram ,Collision Brush/Side Wipe,,Bike,Minor injury,Druken,Four lanes or more with central divider,Straight road,,Fine, F/R,A.M.B ,"No of animals Killed,if Any",0
25.04.2019,02:25AM,1341.18,LHS,Rural,Dagadarthi ,Collision Brush/Side Wipe,,Car,Non injury,Fault of driver of motor vehicle/driver of other vehicle/cyclist/pedestrian/passenger,Two lanes,Straight road,,Fine,   AP16BW 1477,P.V,Fatal,0
25.04.2019,02:25AM,1341.18,LHS,Rural,Dagadarthi ,Collision Brush/Side Wipe,,Car,Non injury,Fault of driver of motor vehicle/driver of other vehicle/cyclist/pedestrian/passenger,Two lanes,Straight road,,Fine,   AP16BW 1477,P.V,Grievous,0
25.04.2019,02:25AM,1341.18,LHS,Rural,Dagadarthi ,Collision Brush/Side Wipe,,Car,Non injury,Fault of driver of motor vehicle/driver of other vehicle/cyclist/pedestrian/passenger,Two lanes,Straight road,,Fine,   AP16BW 1477,P.V,Minor,0
25.04.2019,02:25AM,1341.18,LHS,Rural,Dagadarthi ,Collision Brush/Side Wipe,,Car,Non injury,Fault of driver of motor vehicle/driver of other vehicle/cyclist/pedestrian/passenger,Two lanes,Straight road,,Fine,   AP16BW 1477,P.V,Non injured,3
25.04.2019,02:25AM,1341.18,LHS,Rural,Dagadarthi ,Collision Brush/Side Wipe,,Car,Non injury,Fault of driver of motor vehicle/driver of other vehicle/cyclist/pedestrian/passenger,Two lanes,Straight road,,Fine,   AP16BW 1477,P.V,"No of animals Killed,if Any",0
25.04.2019,09:30AM,1334.52,RHS,Rural,K.Tippa ,Collision Brush/Side Wipe,,Tractor,Non injury,Fault of driver of motor vehicle/driver of other vehicle/cyclist/pedestrian/passenger,Four lanes or more with central divider,Dip,,Fine,  AP26TR 4964,P.V,Fatal,0
25.04.2019,09:30AM,1334.52,RHS,Rural,K.Tippa ,Collision Brush/Side Wipe,,Tractor,Non injury,Fault of driver of motor vehicle/driver of other vehicle/cyclist/pedestrian/passenger,Four lanes or more with central divider,Dip,,Fine,  AP26TR 4964,P.V,Grievous,0
25.04.2019,09:30AM,1334.52,RHS,Rural,K.Tippa ,Collision Brush/Side Wipe,,Tractor,Non injury,Fault of driver of motor vehicle/driver of other vehicle/cyclist/pedestrian/passenger,Four lanes or more with central divider,Dip,,Fine,  AP26TR 4964,P.V,Minor,0
25.04.2019,09:30AM,1334.52,RHS,Rural,K.Tippa ,Collision Brush/Side Wipe,,Tractor,Non injury,Fault of driver of motor vehicle/driver of other vehicle/cyclist/pedestrian/passenger,Four lanes or more with central divider,Dip,,Fine,  AP26TR 4964,P.V,Non injured,1
25.04.2019,09:30AM,1334.52,RHS,Rural,K.Tippa ,Collision Brush/Side Wipe,,Tractor,Non injury,Fault of driver of motor vehicle/driver of other vehicle/cyclist/pedestrian/passenger,Four lanes or more with central divider,Dip,,Fine,  AP26TR 4964,P.V,"No of animals Killed,if Any",0
25.04.2019,10:15PM,1256.9,LHS,Rural,Tangutur ,Collision Brush/Side Wipe,,Truck,Grievious injury,Over speed,Four lanes or more with central divider,Straight road,,Fine,AP16TV 2440,P.V,Fatal,0
25.04.2019,10:15PM,1256.9,LHS,Rural,Tangutur ,Collision Brush/Side Wipe,,Truck,Grievious injury,Over speed,Four lanes or more with central divider,Straight road,,Fine,AP16TV 2440,P.V,Grievous,2
25.04.2019,10:15PM,1256.9,LHS,Rural,Tangutur ,Collision Brush/Side Wipe,,Truck,Grievious injury,Over speed,Four lanes or more with central divider,Straight road,,Fine,AP16TV 2440,P.V,Minor,0
25.04.2019,10:15PM,1256.9,LHS,Rural,Tangutur ,Collision Brush/Side Wipe,,Truck,Grievious injury,Over speed,Four lanes or more with central divider,Straight road,,Fine,AP16TV 2440,P.V,Non injured,0
25.04.2019,10:15PM,1256.9,LHS,Rural,Tangutur ,Collision Brush/Side Wipe,,Truck,Grievious injury,Over speed,Four lanes or more with central divider,Straight road,,Fine,AP16TV 2440,P.V,"No of animals Killed,if Any",0
26.04.2019,06:00AM,1224.14,RHS,Rural,Medarametla ,Overturning,,Car                 ,Fatal,Fault of driver of motor vehicle/driver of other vehicle/cyclist/pedestrian/passenger,Four lanes or more with central divider,Straight road,,Fine,                AP26 BT 5401,A.M.B & P.V,Fatal,1
26.04.2019,06:00AM,1224.14,RHS,Rural,Medarametla ,Overturning,,Car                 ,Fatal,Fault of driver of motor vehicle/driver of other vehicle/cyclist/pedestrian/passenger,Four lanes or more with central divider,Straight road,,Fine,                AP26 BT 5401,A.M.B & P.V,Grievous,1
26.04.2019,06:00AM,1224.14,RHS,Rural,Medarametla ,Overturning,,Car                 ,Fatal,Fault of driver of motor vehicle/driver of other vehicle/cyclist/pedestrian/passenger,Four lanes or more with central divider,Straight road,,Fine,                AP26 BT 5401,A.M.B & P.V,Minor,1
26.04.2019,06:00AM,1224.14,RHS,Rural,Medarametla ,Overturning,,Car                 ,Fatal,Fault of driver of motor vehicle/driver of other vehicle/cyclist/pedestrian/passenger,Four lanes or more with central divider,Straight road,,Fine,                AP26 BT 5401,A.M.B & P.V,Non injured,2
26.04.2019,06:00AM,1224.14,RHS,Rural,Medarametla ,Overturning,,Car                 ,Fatal,Fault of driver of motor vehicle/driver of other vehicle/cyclist/pedestrian/passenger,Four lanes or more with central divider,Straight road,,Fine,                AP26 BT 5401,A.M.B & P.V,"No of animals Killed,if Any",0
26.04.2019,06:45AM,1287.81,LHS,Rural,Ulavapadu ,Collision Brush/Side Wipe,,LCV ,Minor injury,Over speed,Four lanes or more with central divider,Straight road,,Fine,TN18AZ 9918,P.V,Fatal,0
26.04.2019,06:45AM,1287.81,LHS,Rural,Ulavapadu ,Collision Brush/Side Wipe,,LCV ,Minor injury,Over speed,Four lanes or more with central divider,Straight road,,Fine,TN18AZ 9918,P.V,Grievous,0
26.04.2019,06:45AM,1287.81,LHS,Rural,Ulavapadu ,Collision Brush/Side Wipe,,LCV ,Minor injury,Over speed,Four lanes or more with central divider,Straight road,,Fine,TN18AZ 9918,P.V,Minor,1
26.04.2019,06:45AM,1287.81,LHS,Rural,Ulavapadu ,Collision Brush/Side Wipe,,LCV ,Minor injury,Over speed,Four lanes or more with central divider,Straight road,,Fine,TN18AZ 9918,P.V,Non injured,1
26.04.2019,06:45AM,1287.81,LHS,Rural,Ulavapadu ,Collision Brush/Side Wipe,,LCV ,Minor injury,Over speed,Four lanes or more with central divider,Straight road,,Fine,TN18AZ 9918,P.V,"No of animals Killed,if Any",0
26.04.2019,07:10AM,1219.5,LHS,Rural,Medarametla ,Rear End Collision,,Car                 ,Fatal,Over speed,Four lanes or more with central divider,Straight road,,Fine,AP07 TF 0295,P.V,Fatal,2
26.04.2019,07:10AM,1219.5,LHS,Rural,Medarametla ,Rear End Collision,,Car                 ,Fatal,Over speed,Four lanes or more with central divider,Straight road,,Fine,AP07 TF 0295,P.V,Grievous,0
26.04.2019,07:10AM,1219.5,LHS,Rural,Medarametla ,Rear End Collision,,Car                 ,Fatal,Over speed,Four lanes or more with central divider,Straight road,,Fine,AP07 TF 0295,P.V,Minor,0
26.04.2019,07:10AM,1219.5,LHS,Rural,Medarametla ,Rear End Collision,,Car                 ,Fatal,Over speed,Four lanes or more with central divider,Straight road,,Fine,AP07 TF 0295,P.V,Non injured,1
26.04.2019,07:10AM,1219.5,LHS,Rural,Medarametla ,Rear End Collision,,Car                 ,Fatal,Over speed,Four lanes or more with central divider,Straight road,,Fine,AP07 TF 0295,P.V,"No of animals Killed,if Any",0
26.04.2019,09:45PM,1243.58,RHS,Rural,Ongole ,Collision Brush/Side Wipe,,Car,Minor injury,Over speed,Four lanes or more with central divider,Straight road,,Fine,AP26 11L 3280,P.V,Fatal,0
26.04.2019,09:45PM,1243.58,RHS,Rural,Ongole ,Collision Brush/Side Wipe,,Car,Minor injury,Over speed,Four lanes or more with central divider,Straight road,,Fine,AP26 11L 3280,P.V,Grievous,0
26.04.2019,09:45PM,1243.58,RHS,Rural,Ongole ,Collision Brush/Side Wipe,,Car,Minor injury,Over speed,Four lanes or more with central divider,Straight road,,Fine,AP26 11L 3280,P.V,Minor,1
26.04.2019,09:45PM,1243.58,RHS,Rural,Ongole ,Collision Brush/Side Wipe,,Car,Minor injury,Over speed,Four lanes or more with central divider,Straight road,,Fine,AP26 11L 3280,P.V,Non injured,0
26.04.2019,09:45PM,1243.58,RHS,Rural,Ongole ,Collision Brush/Side Wipe,,Car,Minor injury,Over speed,Four lanes or more with central divider,Straight road,,Fine,AP26 11L 3280,P.V,"No of animals Killed,if Any",0
27.04.2019,04:35AM,1325.18,LHS,Rural,Kavali ,Collision Brush/Side Wipe,,Truck,Grievious injury,Fault of driver of motor vehicle/driver of other vehicle/cyclist/pedestrian/passenger,Four lanes or more with central divider,Straight road,,Fine,AP24 W 1699,A.M.B & P.V,Fatal,0
27.04.2019,04:35AM,1325.18,LHS,Rural,Kavali ,Collision Brush/Side Wipe,,Truck,Grievious injury,Fault of driver of motor vehicle/driver of other vehicle/cyclist/pedestrian/passenger,Four lanes or more with central divider,Straight road,,Fine,AP24 W 1699,A.M.B & P.V,Grievous,1
27.04.2019,04:35AM,1325.18,LHS,Rural,Kavali ,Collision Brush/Side Wipe,,Truck,Grievious injury,Fault of driver of motor vehicle/driver of other vehicle/cyclist/pedestrian/passenger,Four lanes or more with central divider,Straight road,,Fine,AP24 W 1699,A.M.B & P.V,Minor,0
27.04.2019,04:35AM,1325.18,LHS,Rural,Kavali ,Collision Brush/Side Wipe,,Truck,Grievious injury,Fault of driver of motor vehicle/driver of other vehicle/cyclist/pedestrian/passenger,Four lanes or more with central divider,Straight road,,Fine,AP24 W 1699,A.M.B & P.V,Non injured,2
27.04.2019,04:35AM,1325.18,LHS,Rural,Kavali ,Collision Brush/Side Wipe,,Truck,Grievious injury,Fault of driver of motor vehicle/driver of other vehicle/cyclist/pedestrian/passenger,Four lanes or more with central divider,Straight road,,Fine,AP24 W 1699,A.M.B & P.V,"No of animals Killed,if Any",0
27.04.2019,01:00PM,1341,RHS,Rural,Dagadarthi ,Overturning,,Truck,Non injury,Fault of driver of motor vehicle/driver of other vehicle/cyclist/pedestrian/passenger,Four lanes or more with central divider,Straight road,,Fine,AP16 TV 3558,P.V,Fatal,0
27.04.2019,01:00PM,1341,RHS,Rural,Dagadarthi ,Overturning,,Truck,Non injury,Fault of driver of motor vehicle/driver of other vehicle/cyclist/pedestrian/passenger,Four lanes or more with central divider,Straight road,,Fine,AP16 TV 3558,P.V,Grievous,0
27.04.2019,01:00PM,1341,RHS,Rural,Dagadarthi ,Overturning,,Truck,Non injury,Fault of driver of motor vehicle/driver of other vehicle/cyclist/pedestrian/passenger,Four lanes or more with central divider,Straight road,,Fine,AP16 TV 3558,P.V,Minor,0
27.04.2019,01:00PM,1341,RHS,Rural,Dagadarthi ,Overturning,,Truck,Non injury,Fault of driver of motor vehicle/driver of other vehicle/cyclist/pedestrian/passenger,Four lanes or more with central divider,Straight road,,Fine,AP16 TV 3558,P.V,Non injured,7
27.04.2019,01:00PM,1341,RHS,Rural,Dagadarthi ,Overturning,,Truck,Non injury,Fault of driver of motor vehicle/driver of other vehicle/cyclist/pedestrian/passenger,Four lanes or more with central divider,Straight road,,Fine,AP16 TV 3558,P.V,"No of animals Killed,if Any",0
27.04.2019,01:29PM,1207.4,RHS,Rural,Renigavaram ,Skidding,,Bike                   ,Minor injury,Fault of driver of motor vehicle/driver of other vehicle/cyclist/pedestrian/passenger,Four lanes or more with central divider,Straight road,,Fine,AP07 AF 0520,A.M.B,Fatal,0
27.04.2019,01:29PM,1207.4,RHS,Rural,Renigavaram ,Skidding,,Bike                   ,Minor injury,Fault of driver of motor vehicle/driver of other vehicle/cyclist/pedestrian/passenger,Four lanes or more with central divider,Straight road,,Fine,AP07 AF 0520,A.M.B,Grievous,0
27.04.2019,01:29PM,1207.4,RHS,Rural,Renigavaram ,Skidding,,Bike                   ,Minor injury,Fault of driver of motor vehicle/driver of other vehicle/cyclist/pedestrian/passenger,Four lanes or more with central divider,Straight road,,Fine,AP07 AF 0520,A.M.B,Minor,1
27.04.2019,01:29PM,1207.4,RHS,Rural,Renigavaram ,Skidding,,Bike                   ,Minor injury,Fault of driver of motor vehicle/driver of other vehicle/cyclist/pedestrian/passenger,Four lanes or more with central divider,Straight road,,Fine,AP07 AF 0520,A.M.B,Non injured,0
27.04.2019,01:29PM,1207.4,RHS,Rural,Renigavaram ,Skidding,,Bike                   ,Minor injury,Fault of driver of motor vehicle/driver of other vehicle/cyclist/pedestrian/passenger,Four lanes or more with central divider,Straight road,,Fine,AP07 AF 0520,A.M.B,"No of animals Killed,if Any",0
28.04.2019,05:12AM,1283.49,RHS,Rural,Singarayakonda  ,Collision Brush/Side Wipe,,LCV ,Minor injury,Fault of driver of motor vehicle/driver of other vehicle/cyclist/pedestrian/passenger,Four lanes or more with central divider,Straight road,,Fine,TS05UC 1053,P.V,Fatal,0
28.04.2019,05:12AM,1283.49,RHS,Rural,Singarayakonda  ,Collision Brush/Side Wipe,,LCV ,Minor injury,Fault of driver of motor vehicle/driver of other vehicle/cyclist/pedestrian/passenger,Four lanes or more with central divider,Straight road,,Fine,TS05UC 1053,P.V,Grievous,0
28.04.2019,05:12AM,1283.49,RHS,Rural,Singarayakonda  ,Collision Brush/Side Wipe,,LCV ,Minor injury,Fault of driver of motor vehicle/driver of other vehicle/cyclist/pedestrian/passenger,Four lanes or more with central divider,Straight road,,Fine,TS05UC 1053,P.V,Minor,1
28.04.2019,05:12AM,1283.49,RHS,Rural,Singarayakonda  ,Collision Brush/Side Wipe,,LCV ,Minor injury,Fault of driver of motor vehicle/driver of other vehicle/cyclist/pedestrian/passenger,Four lanes or more with central divider,Straight road,,Fine,TS05UC 1053,P.V,Non injured,2
28.04.2019,05:12AM,1283.49,RHS,Rural,Singarayakonda  ,Collision Brush/Side Wipe,,LCV ,Minor injury,Fault of driver of motor vehicle/driver of other vehicle/cyclist/pedestrian/passenger,Four lanes or more with central divider,Straight road,,Fine,TS05UC 1053,P.V,"No of animals Killed,if Any",0
29.04.2019,01:30AM,1349.28,RHS,Rural,Kodavalur ,Skidding,,Bike        ,Fatal,Vehicle out of control,Four lanes or more with central divider,Straight road,,Fine, AP26 CA 6794,P.V,Fatal,2
29.04.2019,01:30AM,1349.28,RHS,Rural,Kodavalur ,Skidding,,Bike        ,Fatal,Vehicle out of control,Four lanes or more with central divider,Straight road,,Fine, AP26 CA 6794,P.V,Grievous,0
29.04.2019,01:30AM,1349.28,RHS,Rural,Kodavalur ,Skidding,,Bike        ,Fatal,Vehicle out of control,Four lanes or more with central divider,Straight road,,Fine, AP26 CA 6794,P.V,Minor,1
29.04.2019,01:30AM,1349.28,RHS,Rural,Kodavalur ,Skidding,,Bike        ,Fatal,Vehicle out of control,Four lanes or more with central divider,Straight road,,Fine, AP26 CA 6794,P.V,Non injured,0
29.04.2019,01:30AM,1349.28,RHS,Rural,Kodavalur ,Skidding,,Bike        ,Fatal,Vehicle out of control,Four lanes or more with central divider,Straight road,,Fine, AP26 CA 6794,P.V,"No of animals Killed,if Any",0
30.04.2019,07:00AM,1247.45,RHS,Rural,Ongole ,Collision Brush/Side Wipe,,Car                ,Non injury,Fault of driver of motor vehicle/driver of other vehicle/cyclist/pedestrian/passenger,Four lanes or more with central divider,Straight road,,Fine,       AP07 DE  5553,P.V,Fatal,0
30.04.2019,07:00AM,1247.45,RHS,Rural,Ongole ,Collision Brush/Side Wipe,,Car                ,Non injury,Fault of driver of motor vehicle/driver of other vehicle/cyclist/pedestrian/passenger,Four lanes or more with central divider,Straight road,,Fine,       AP07 DE  5553,P.V,Grievous,0
30.04.2019,07:00AM,1247.45,RHS,Rural,Ongole ,Collision Brush/Side Wipe,,Car                ,Non injury,Fault of driver of motor vehicle/driver of other vehicle/cyclist/pedestrian/passenger,Four lanes or more with central divider,Straight road,,Fine,       AP07 DE  5553,P.V,Minor,0
30.04.2019,07:00AM,1247.45,RHS,Rural,Ongole ,Collision Brush/Side Wipe,,Car                ,Non injury,Fault of driver of motor vehicle/driver of other vehicle/cyclist/pedestrian/passenger,Four lanes or more with central divider,Straight road,,Fine,       AP07 DE  5553,P.V,Non injured,4
30.04.2019,07:00AM,1247.45,RHS,Rural,Ongole ,Collision Brush/Side Wipe,,Car                ,Non injury,Fault of driver of motor vehicle/driver of other vehicle/cyclist/pedestrian/passenger,Four lanes or more with central divider,Straight road,,Fine,       AP07 DE  5553,P.V,"No of animals Killed,if Any",0
01.05.2019,02:08AM,1183.7,LHS,Rural,Martur ,Collision Brush/Side Wipe,,Truck               ,Minor injury,Fault of driver of motor vehicle/driver of other vehicle/cyclist/pedestrian/passenger,Four lanes or more with central divider,Straight road,,Fine,TN 23 E9339,A.M.B ,Fatal,0
01.05.2019,02:08AM,1183.7,LHS,Rural,Martur ,Collision Brush/Side Wipe,,Truck               ,Minor injury,Fault of driver of motor vehicle/driver of other vehicle/cyclist/pedestrian/passenger,Four lanes or more with central divider,Straight road,,Fine,TN 23 E9339,A.M.B ,Grievous,0
01.05.2019,02:08AM,1183.7,LHS,Rural,Martur ,Collision Brush/Side Wipe,,Truck               ,Minor injury,Fault of driver of motor vehicle/driver of other vehicle/cyclist/pedestrian/passenger,Four lanes or more with central divider,Straight road,,Fine,TN 23 E9339,A.M.B ,Minor,1
01.05.2019,02:08AM,1183.7,LHS,Rural,Martur ,Collision Brush/Side Wipe,,Truck               ,Minor injury,Fault of driver of motor vehicle/driver of other vehicle/cyclist/pedestrian/passenger,Four lanes or more with central divider,Straight road,,Fine,TN 23 E9339,A.M.B ,Non injured,1
01.05.2019,02:08AM,1183.7,LHS,Rural,Martur ,Collision Brush/Side Wipe,,Truck               ,Minor injury,Fault of driver of motor vehicle/driver of other vehicle/cyclist/pedestrian/passenger,Four lanes or more with central divider,Straight road,,Fine,TN 23 E9339,A.M.B ,"No of animals Killed,if Any",0
01.05.2019,02:45AM,1349.28,RHS,Rural,Kodavalur ,Rear End Collision,,Container,Non injury,Fault of driver of motor vehicle/driver of other vehicle/cyclist/pedestrian/passenger,Four lanes or more with central divider,Straight road,,Fine, AP13X9103,P.V,Fatal,0
01.05.2019,02:45AM,1349.28,RHS,Rural,Kodavalur ,Rear End Collision,,Container,Non injury,Fault of driver of motor vehicle/driver of other vehicle/cyclist/pedestrian/passenger,Four lanes or more with central divider,Straight road,,Fine, AP13X9103,P.V,Grievous,0
01.05.2019,02:45AM,1349.28,RHS,Rural,Kodavalur ,Rear End Collision,,Container,Non injury,Fault of driver of motor vehicle/driver of other vehicle/cyclist/pedestrian/passenger,Four lanes or more with central divider,Straight road,,Fine, AP13X9103,P.V,Minor,0
01.05.2019,02:45AM,1349.28,RHS,Rural,Kodavalur ,Rear End Collision,,Container,Non injury,Fault of driver of motor vehicle/driver of other vehicle/cyclist/pedestrian/passenger,Four lanes or more with central divider,Straight road,,Fine, AP13X9103,P.V,Non injured,1
01.05.2019,02:45AM,1349.28,RHS,Rural,Kodavalur ,Rear End Collision,,Container,Non injury,Fault of driver of motor vehicle/driver of other vehicle/cyclist/pedestrian/passenger,Four lanes or more with central divider,Straight road,,Fine, AP13X9103,P.V,"No of animals Killed,if Any",0
01.05.2019,03:25AM,1244,RHS,Rural,Ongole ,Collision Brush/Side Wipe,, Container ,Grievious injury,Fault of driver of motor vehicle/driver of other vehicle/cyclist/pedestrian/passenger,Four lanes or more with central divider,Straight road,,Fine,  NL01AA4204,A.M.B & P.V,Fatal,0
01.05.2019,03:25AM,1244,RHS,Rural,Ongole ,Collision Brush/Side Wipe,, Container ,Grievious injury,Fault of driver of motor vehicle/driver of other vehicle/cyclist/pedestrian/passenger,Four lanes or more with central divider,Straight road,,Fine,  NL01AA4204,A.M.B & P.V,Grievous,1
01.05.2019,03:25AM,1244,RHS,Rural,Ongole ,Collision Brush/Side Wipe,, Container ,Grievious injury,Fault of driver of motor vehicle/driver of other vehicle/cyclist/pedestrian/passenger,Four lanes or more with central divider,Straight road,,Fine,  NL01AA4204,A.M.B & P.V,Minor,0
01.05.2019,03:25AM,1244,RHS,Rural,Ongole ,Collision Brush/Side Wipe,, Container ,Grievious injury,Fault of driver of motor vehicle/driver of other vehicle/cyclist/pedestrian/passenger,Four lanes or more with central divider,Straight road,,Fine,  NL01AA4204,A.M.B & P.V,Non injured,1
01.05.2019,03:25AM,1244,RHS,Rural,Ongole ,Collision Brush/Side Wipe,, Container ,Grievious injury,Fault of driver of motor vehicle/driver of other vehicle/cyclist/pedestrian/passenger,Four lanes or more with central divider,Straight road,,Fine,  NL01AA4204,A.M.B & P.V,"No of animals Killed,if Any",0
01.05.2019,04:00AM,1282,LHS,Rural,Singarayakonda ,Collision Brush/Side Wipe,, Car ,Non injury,Over speed,Four lanes or more with central divider,Straight road,,Fine,  AP31TC5979,P.V,Fatal,0
01.05.2019,04:00AM,1282,LHS,Rural,Singarayakonda ,Collision Brush/Side Wipe,, Car ,Non injury,Over speed,Four lanes or more with central divider,Straight road,,Fine,  AP31TC5979,P.V,Grievous,0
01.05.2019,04:00AM,1282,LHS,Rural,Singarayakonda ,Collision Brush/Side Wipe,, Car ,Non injury,Over speed,Four lanes or more with central divider,Straight road,,Fine,  AP31TC5979,P.V,Minor,0
01.05.2019,04:00AM,1282,LHS,Rural,Singarayakonda ,Collision Brush/Side Wipe,, Car ,Non injury,Over speed,Four lanes or more with central divider,Straight road,,Fine,  AP31TC5979,P.V,Non injured,8
01.05.2019,04:00AM,1282,LHS,Rural,Singarayakonda ,Collision Brush/Side Wipe,, Car ,Non injury,Over speed,Four lanes or more with central divider,Straight road,,Fine,  AP31TC5979,P.V,"No of animals Killed,if Any",0
01.05.2019,04:15AM,1244.02,LHS,Rural,Ongole ,Collision Brush/Side Wipe,,Auto           ,Grievious injury,Fault of driver of motor vehicle/driver of other vehicle/cyclist/pedestrian/passenger,Four lanes or more with central divider,Straight road,,Fine,           AP16TB1376,A.M.B & P.V,Fatal,0
01.05.2019,04:15AM,1244.02,LHS,Rural,Ongole ,Collision Brush/Side Wipe,,Auto           ,Grievious injury,Fault of driver of motor vehicle/driver of other vehicle/cyclist/pedestrian/passenger,Four lanes or more with central divider,Straight road,,Fine,           AP16TB1376,A.M.B & P.V,Grievous,1
01.05.2019,04:15AM,1244.02,LHS,Rural,Ongole ,Collision Brush/Side Wipe,,Auto           ,Grievious injury,Fault of driver of motor vehicle/driver of other vehicle/cyclist/pedestrian/passenger,Four lanes or more with central divider,Straight road,,Fine,           AP16TB1376,A.M.B & P.V,Minor,0
01.05.2019,04:15AM,1244.02,LHS,Rural,Ongole ,Collision Brush/Side Wipe,,Auto           ,Grievious injury,Fault of driver of motor vehicle/driver of other vehicle/cyclist/pedestrian/passenger,Four lanes or more with central divider,Straight road,,Fine,           AP16TB1376,A.M.B & P.V,Non injured,1
01.05.2019,04:15AM,1244.02,LHS,Rural,Ongole ,Collision Brush/Side Wipe,,Auto           ,Grievious injury,Fault of driver of motor vehicle/driver of other vehicle/cyclist/pedestrian/passenger,Four lanes or more with central divider,Straight road,,Fine,           AP16TB1376,A.M.B & P.V,"No of animals Killed,if Any",0
01.05.2019,10:50AM,1260.92,LHS,Rural,Tangutur ,Collision Brush/Side Wipe,,Car                      ,Grievious injury,Fault of driver of motor vehicle/driver of other vehicle/cyclist/pedestrian/passenger,Four lanes or more with central divider,Straight road,,Fine,                      AP27BT1079,P.V,Fatal,0
01.05.2019,10:50AM,1260.92,LHS,Rural,Tangutur ,Collision Brush/Side Wipe,,Car                      ,Grievious injury,Fault of driver of motor vehicle/driver of other vehicle/cyclist/pedestrian/passenger,Four lanes or more with central divider,Straight road,,Fine,                      AP27BT1079,P.V,Grievous,1
01.05.2019,10:50AM,1260.92,LHS,Rural,Tangutur ,Collision Brush/Side Wipe,,Car                      ,Grievious injury,Fault of driver of motor vehicle/driver of other vehicle/cyclist/pedestrian/passenger,Four lanes or more with central divider,Straight road,,Fine,                      AP27BT1079,P.V,Minor,1