Operational date,Time of Accident,KM && M,Position,Rural/Urban,Location,Nature of Accident Position,Nature of Accident,Vehicle Involved,Type of Accident,Causes,Road Feature,Road condition,Intersection Type And Control,Weather Condition,Vehicle Responsible,Help Provided by Ambulance/Patroling Vehicle,Classification of Accident,No of Affected Persons
01.05.2019,10:50AM,1260.92,LHS,Rural,Tangutur ,Collision Brush/Side Wipe,,Car                      ,Grievious injury,Fault of driver of motor vehicle/driver of other vehicle/cyclist/pedestrian/passenger,Four lanes or more with central divider,Straight road,,Fine,                      AP27BT1079,P.V,Non injured,1
01.05.2019,10:50AM,1260.92,LHS,Rural,Tangutur ,Collision Brush/Side Wipe,,Car                      ,Grievious injury,Fault of driver of motor vehicle/driver of other vehicle/cyclist/pedestrian/passenger,Four lanes or more with central divider,Straight road,,Fine,                      AP27BT1079,P.V,"No of animals Killed,if Any",0
01.05.2019,17:05PM,1290.08,LHS,Rural,Ulavapadu ,Collision Brush/Side Wipe,,Container               ,Non injury,Fault of driver of motor vehicle/driver of other vehicle/cyclist/pedestrian/passenger,Four lanes or more with central divider,Straight road,,Fine,               RJ03GA9811,P.V,Fatal,0
01.05.2019,17:05PM,1290.08,LHS,Rural,Ulavapadu ,Collision Brush/Side Wipe,,Container               ,Non injury,Fault of driver of motor vehicle/driver of other vehicle/cyclist/pedestrian/passenger,Four lanes or more with central divider,Straight road,,Fine,               RJ03GA9811,P.V,Grievous,0
01.05.2019,17:05PM,1290.08,LHS,Rural,Ulavapadu ,Collision Brush/Side Wipe,,Container               ,Non injury,Fault of driver of motor vehicle/driver of other vehicle/cyclist/pedestrian/passenger,Four lanes or more with central divider,Straight road,,Fine,               RJ03GA9811,P.V,Minor,0
01.05.2019,17:05PM,1290.08,LHS,Rural,Ulavapadu ,Collision Brush/Side Wipe,,Container               ,Non injury,Fault of driver of motor vehicle/driver of other vehicle/cyclist/pedestrian/passenger,Four lanes or more with central divider,Straight road,,Fine,               RJ03GA9811,P.V,Non injured,1
01.05.2019,17:05PM,1290.08,LHS,Rural,Ulavapadu ,Collision Brush/Side Wipe,,Container               ,Non injury,Fault of driver of motor vehicle/driver of other vehicle/cyclist/pedestrian/passenger,Four lanes or more with central divider,Straight road,,Fine,               RJ03GA9811,P.V,"No of animals Killed,if Any",0
02.05.2019,02:25AM,1222.48,RHS,Rural,Medarametla ,Overturning,,Car ,Non injury,Fault of driver of motor vehicle/driver of other vehicle/cyclist/pedestrian/passenger,Four lanes or more with central divider,Straight road,,Fine, AP28DT 7137,P.V,Fatal,0
02.05.2019,02:25AM,1222.48,RHS,Rural,Medarametla ,Overturning,,Car ,Non injury,Fault of driver of motor vehicle/driver of other vehicle/cyclist/pedestrian/passenger,Four lanes or more with central divider,Straight road,,Fine, AP28DT 7137,P.V,Grievous,0
02.05.2019,02:25AM,1222.48,RHS,Rural,Medarametla ,Overturning,,Car ,Non injury,Fault of driver of motor vehicle/driver of other vehicle/cyclist/pedestrian/passenger,Four lanes or more with central divider,Straight road,,Fine, AP28DT 7137,P.V,Minor,0
02.05.2019,02:25AM,1222.48,RHS,Rural,Medarametla ,Overturning,,Car ,Non injury,Fault of driver of motor vehicle/driver of other vehicle/cyclist/pedestrian/passenger,Four lanes or more with central divider,Straight road,,Fine, AP28DT 7137,P.V,Non injured,4
02.05.2019,02:25AM,1222.48,RHS,Rural,Medarametla ,Overturning,,Car ,Non injury,Fault of driver of motor vehicle/driver of other vehicle/cyclist/pedestrian/passenger,Four lanes or more with central divider,Straight road,,Fine, AP28DT 7137,P.V,"No of animals Killed,if Any",0
02.05.2019,02:35AM,1343.2,LHS,Rural,Dagadarthi ,Collision Brush/Side Wipe,,Bike,Grievious injury,Druken,Four lanes or more with central divider,Straight road,,Fine, AP27BT 0812,P.V,Fatal,0
02.05.2019,02:35AM,1343.2,LHS,Rural,Dagadarthi ,Collision Brush/Side Wipe,,Bike,Grievious injury,Druken,Four lanes or more with central divider,Straight road,,Fine, AP27BT 0812,P.V,Grievous,1
02.05.2019,02:35AM,1343.2,LHS,Rural,Dagadarthi ,Collision Brush/Side Wipe,,Bike,Grievious injury,Druken,Four lanes or more with central divider,Straight road,,Fine, AP27BT 0812,P.V,Minor,2
02.05.2019,02:35AM,1343.2,LHS,Rural,Dagadarthi ,Collision Brush/Side Wipe,,Bike,Grievious injury,Druken,Four lanes or more with central divider,Straight road,,Fine, AP27BT 0812,P.V,Non injured,0
02.05.2019,02:35AM,1343.2,LHS,Rural,Dagadarthi ,Collision Brush/Side Wipe,,Bike,Grievious injury,Druken,Four lanes or more with central divider,Straight road,,Fine, AP27BT 0812,P.V,"No of animals Killed,if Any",0
02.05.2019,04:30AM,1342.82,LHS,Rural,Dagadarthi ,Collision Brush/Side Wipe,,Car ,Minor injury,Defect in mechanical condition of motor vehicle/road condition,Four lanes or more with central divider,Straight road,,Fine, AP09BZ 0414,A.M.B & P.V,Fatal,0
02.05.2019,04:30AM,1342.82,LHS,Rural,Dagadarthi ,Collision Brush/Side Wipe,,Car ,Minor injury,Defect in mechanical condition of motor vehicle/road condition,Four lanes or more with central divider,Straight road,,Fine, AP09BZ 0414,A.M.B & P.V,Grievous,0
02.05.2019,04:30AM,1342.82,LHS,Rural,Dagadarthi ,Collision Brush/Side Wipe,,Car ,Minor injury,Defect in mechanical condition of motor vehicle/road condition,Four lanes or more with central divider,Straight road,,Fine, AP09BZ 0414,A.M.B & P.V,Minor,4
02.05.2019,04:30AM,1342.82,LHS,Rural,Dagadarthi ,Collision Brush/Side Wipe,,Car ,Minor injury,Defect in mechanical condition of motor vehicle/road condition,Four lanes or more with central divider,Straight road,,Fine, AP09BZ 0414,A.M.B & P.V,Non injured,5
02.05.2019,04:30AM,1342.82,LHS,Rural,Dagadarthi ,Collision Brush/Side Wipe,,Car ,Minor injury,Defect in mechanical condition of motor vehicle/road condition,Four lanes or more with central divider,Straight road,,Fine, AP09BZ 0414,A.M.B & P.V,"No of animals Killed,if Any",0
02.05.2019,09:30AM,1357.24,LHS,Rural,Kodavaluru ,Overturning,,Container              ,Non injury,Fault of driver of motor vehicle/driver of other vehicle/cyclist/pedestrian/passenger,Two lanes,Straight road,,Fine, KA01AC 9254,P.V,Fatal,0
02.05.2019,09:30AM,1357.24,LHS,Rural,Kodavaluru ,Overturning,,Container              ,Non injury,Fault of driver of motor vehicle/driver of other vehicle/cyclist/pedestrian/passenger,Two lanes,Straight road,,Fine, KA01AC 9254,P.V,Grievous,0
02.05.2019,09:30AM,1357.24,LHS,Rural,Kodavaluru ,Overturning,,Container              ,Non injury,Fault of driver of motor vehicle/driver of other vehicle/cyclist/pedestrian/passenger,Two lanes,Straight road,,Fine, KA01AC 9254,P.V,Minor,0
02.05.2019,09:30AM,1357.24,LHS,Rural,Kodavaluru ,Overturning,,Container              ,Non injury,Fault of driver of motor vehicle/driver of other vehicle/cyclist/pedestrian/passenger,Two lanes,Straight road,,Fine, KA01AC 9254,P.V,Non injured,1
02.05.2019,09:30AM,1357.24,LHS,Rural,Kodavaluru ,Overturning,,Container              ,Non injury,Fault of driver of motor vehicle/driver of other vehicle/cyclist/pedestrian/passenger,Two lanes,Straight road,,Fine, KA01AC 9254,P.V,"No of animals Killed,if Any",0
02.05.2019,11:44AM,1270.82,LHS,Rural,Jarugumalli ,Collision Brush/Side Wipe,,Car ,Non injury,Defect in mechanical condition of motor vehicle/road condition,Four lanes or more with central divider,Straight road,,Fine, AP26AT 2126,P.V,Fatal,0
02.05.2019,11:44AM,1270.82,LHS,Rural,Jarugumalli ,Collision Brush/Side Wipe,,Car ,Non injury,Defect in mechanical condition of motor vehicle/road condition,Four lanes or more with central divider,Straight road,,Fine, AP26AT 2126,P.V,Grievous,0
02.05.2019,11:44AM,1270.82,LHS,Rural,Jarugumalli ,Collision Brush/Side Wipe,,Car ,Non injury,Defect in mechanical condition of motor vehicle/road condition,Four lanes or more with central divider,Straight road,,Fine, AP26AT 2126,P.V,Minor,0
02.05.2019,11:44AM,1270.82,LHS,Rural,Jarugumalli ,Collision Brush/Side Wipe,,Car ,Non injury,Defect in mechanical condition of motor vehicle/road condition,Four lanes or more with central divider,Straight road,,Fine, AP26AT 2126,P.V,Non injured,2
02.05.2019,11:44AM,1270.82,LHS,Rural,Jarugumalli ,Collision Brush/Side Wipe,,Car ,Non injury,Defect in mechanical condition of motor vehicle/road condition,Four lanes or more with central divider,Straight road,,Fine, AP26AT 2126,P.V,"No of animals Killed,if Any",0
03.05.2019,02:25AM,1282.8,LHS,Rural,Singarayakonda ,Rear End Collision,,Truck               ,Fatal,Fault of driver of motor vehicle/driver of other vehicle/cyclist/pedestrian/passenger,Four lanes or more with central divider,Straight road,,Fine, AP07TW 9873,P.V,Fatal,1
03.05.2019,02:25AM,1282.8,LHS,Rural,Singarayakonda ,Rear End Collision,,Truck               ,Fatal,Fault of driver of motor vehicle/driver of other vehicle/cyclist/pedestrian/passenger,Four lanes or more with central divider,Straight road,,Fine, AP07TW 9873,P.V,Grievous,0
03.05.2019,02:25AM,1282.8,LHS,Rural,Singarayakonda ,Rear End Collision,,Truck               ,Fatal,Fault of driver of motor vehicle/driver of other vehicle/cyclist/pedestrian/passenger,Four lanes or more with central divider,Straight road,,Fine, AP07TW 9873,P.V,Minor,0
03.05.2019,02:25AM,1282.8,LHS,Rural,Singarayakonda ,Rear End Collision,,Truck               ,Fatal,Fault of driver of motor vehicle/driver of other vehicle/cyclist/pedestrian/passenger,Four lanes or more with central divider,Straight road,,Fine, AP07TW 9873,P.V,Non injured,1
03.05.2019,02:25AM,1282.8,LHS,Rural,Singarayakonda ,Rear End Collision,,Truck               ,Fatal,Fault of driver of motor vehicle/driver of other vehicle/cyclist/pedestrian/passenger,Four lanes or more with central divider,Straight road,,Fine, AP07TW 9873,P.V,"No of animals Killed,if Any",0
03.05.2019,04:50AM,1234.95,LHS,Rural,Maddipadu ,Overturning,,Truck               ,Non injury,Fault of driver of motor vehicle/driver of other vehicle/cyclist/pedestrian/passenger,Four lanes or more with central divider,Straight road,,Fine, AP03TB 3029,P.V,Fatal,0
03.05.2019,04:50AM,1234.95,LHS,Rural,Maddipadu ,Overturning,,Truck               ,Non injury,Fault of driver of motor vehicle/driver of other vehicle/cyclist/pedestrian/passenger,Four lanes or more with central divider,Straight road,,Fine, AP03TB 3029,P.V,Grievous,0
03.05.2019,04:50AM,1234.95,LHS,Rural,Maddipadu ,Overturning,,Truck               ,Non injury,Fault of driver of motor vehicle/driver of other vehicle/cyclist/pedestrian/passenger,Four lanes or more with central divider,Straight road,,Fine, AP03TB 3029,P.V,Minor,0
03.05.2019,04:50AM,1234.95,LHS,Rural,Maddipadu ,Overturning,,Truck               ,Non injury,Fault of driver of motor vehicle/driver of other vehicle/cyclist/pedestrian/passenger,Four lanes or more with central divider,Straight road,,Fine, AP03TB 3029,P.V,Non injured,1
03.05.2019,04:50AM,1234.95,LHS,Rural,Maddipadu ,Overturning,,Truck               ,Non injury,Fault of driver of motor vehicle/driver of other vehicle/cyclist/pedestrian/passenger,Four lanes or more with central divider,Straight road,,Fine, AP03TB 3029,P.V,"No of animals Killed,if Any",0
03.05.2019,06:24AM,1192.8,LHS,Rural,Martur ,Rear End Collision,,Car ,Fatal,Fault of driver of motor vehicle/driver of other vehicle/cyclist/pedestrian/passenger,Four lanes or more with central divider,Straight road,,Fine, KA51MG 6017,A.M.B & P.V,Fatal,2
03.05.2019,06:24AM,1192.8,LHS,Rural,Martur ,Rear End Collision,,Car ,Fatal,Fault of driver of motor vehicle/driver of other vehicle/cyclist/pedestrian/passenger,Four lanes or more with central divider,Straight road,,Fine, KA51MG 6017,A.M.B & P.V,Grievous,1
03.05.2019,06:24AM,1192.8,LHS,Rural,Martur ,Rear End Collision,,Car ,Fatal,Fault of driver of motor vehicle/driver of other vehicle/cyclist/pedestrian/passenger,Four lanes or more with central divider,Straight road,,Fine, KA51MG 6017,A.M.B & P.V,Minor,0
03.05.2019,06:24AM,1192.8,LHS,Rural,Martur ,Rear End Collision,,Car ,Fatal,Fault of driver of motor vehicle/driver of other vehicle/cyclist/pedestrian/passenger,Four lanes or more with central divider,Straight road,,Fine, KA51MG 6017,A.M.B & P.V,Non injured,3
03.05.2019,06:24AM,1192.8,LHS,Rural,Martur ,Rear End Collision,,Car ,Fatal,Fault of driver of motor vehicle/driver of other vehicle/cyclist/pedestrian/passenger,Four lanes or more with central divider,Straight road,,Fine, KA51MG 6017,A.M.B & P.V,"No of animals Killed,if Any",0
04.05.2019,01:40AM,1197.72,RHS,Rural,Martur ,Overturning,,LCV,Minor injury,Over speed,Four lanes or more with central divider,Straight road,,Fine,AP27TX         8319,A.M.B & P.V,Fatal,0
04.05.2019,01:40AM,1197.72,RHS,Rural,Martur ,Overturning,,LCV,Minor injury,Over speed,Four lanes or more with central divider,Straight road,,Fine,AP27TX         8319,A.M.B & P.V,Grievous,0
04.05.2019,01:40AM,1197.72,RHS,Rural,Martur ,Overturning,,LCV,Minor injury,Over speed,Four lanes or more with central divider,Straight road,,Fine,AP27TX         8319,A.M.B & P.V,Minor,1
04.05.2019,01:40AM,1197.72,RHS,Rural,Martur ,Overturning,,LCV,Minor injury,Over speed,Four lanes or more with central divider,Straight road,,Fine,AP27TX         8319,A.M.B & P.V,Non injured,1
04.05.2019,01:40AM,1197.72,RHS,Rural,Martur ,Overturning,,LCV,Minor injury,Over speed,Four lanes or more with central divider,Straight road,,Fine,AP27TX         8319,A.M.B & P.V,"No of animals Killed,if Any",0
04.05.2019,02:08AM,1199.9,LHS,Rural,Martur ,Collision Brush/Side Wipe,,Car ,Minor injury,Fault of driver of motor vehicle/driver of other vehicle/cyclist/pedestrian/passenger,Four lanes or more with central divider,Straight road,,Fine,AP16DA 5799,A.M.B & P.V,Fatal,0
04.05.2019,02:08AM,1199.9,LHS,Rural,Martur ,Collision Brush/Side Wipe,,Car ,Minor injury,Fault of driver of motor vehicle/driver of other vehicle/cyclist/pedestrian/passenger,Four lanes or more with central divider,Straight road,,Fine,AP16DA 5799,A.M.B & P.V,Grievous,0
04.05.2019,02:08AM,1199.9,LHS,Rural,Martur ,Collision Brush/Side Wipe,,Car ,Minor injury,Fault of driver of motor vehicle/driver of other vehicle/cyclist/pedestrian/passenger,Four lanes or more with central divider,Straight road,,Fine,AP16DA 5799,A.M.B & P.V,Minor,1
04.05.2019,02:08AM,1199.9,LHS,Rural,Martur ,Collision Brush/Side Wipe,,Car ,Minor injury,Fault of driver of motor vehicle/driver of other vehicle/cyclist/pedestrian/passenger,Four lanes or more with central divider,Straight road,,Fine,AP16DA 5799,A.M.B & P.V,Non injured,11
04.05.2019,02:08AM,1199.9,LHS,Rural,Martur ,Collision Brush/Side Wipe,,Car ,Minor injury,Fault of driver of motor vehicle/driver of other vehicle/cyclist/pedestrian/passenger,Four lanes or more with central divider,Straight road,,Fine,AP16DA 5799,A.M.B & P.V,"No of animals Killed,if Any",0
04.05.2019,04:53AM,1353.36,LHS,Rural,Kodavaluru ,Collision Brush/Side Wipe,,Truck               ,Grievious injury,Fault of driver of motor vehicle/driver of other vehicle/cyclist/pedestrian/passenger,Four lanes or more with central divider,Straight road,,Fine,AP07TG 2359,P.V,Fatal,0
04.05.2019,04:53AM,1353.36,LHS,Rural,Kodavaluru ,Collision Brush/Side Wipe,,Truck               ,Grievious injury,Fault of driver of motor vehicle/driver of other vehicle/cyclist/pedestrian/passenger,Four lanes or more with central divider,Straight road,,Fine,AP07TG 2359,P.V,Grievous,1
04.05.2019,04:53AM,1353.36,LHS,Rural,Kodavaluru ,Collision Brush/Side Wipe,,Truck               ,Grievious injury,Fault of driver of motor vehicle/driver of other vehicle/cyclist/pedestrian/passenger,Four lanes or more with central divider,Straight road,,Fine,AP07TG 2359,P.V,Minor,0
04.05.2019,04:53AM,1353.36,LHS,Rural,Kodavaluru ,Collision Brush/Side Wipe,,Truck               ,Grievious injury,Fault of driver of motor vehicle/driver of other vehicle/cyclist/pedestrian/passenger,Four lanes or more with central divider,Straight road,,Fine,AP07TG 2359,P.V,Non injured,1
04.05.2019,04:53AM,1353.36,LHS,Rural,Kodavaluru ,Collision Brush/Side Wipe,,Truck               ,Grievious injury,Fault of driver of motor vehicle/driver of other vehicle/cyclist/pedestrian/passenger,Four lanes or more with central divider,Straight road,,Fine,AP07TG 2359,P.V,"No of animals Killed,if Any",0
04.05.2019,05:45PM,1224,RHS,Rural,Maddipadu ,Collision Brush/Side Wipe,,Bike           ,Minor injury,Over speed,Four lanes or more with central divider,Straight road,Four arm junction,Fine,AP27AL   5779,P.V,Fatal,0
04.05.2019,05:45PM,1224,RHS,Rural,Maddipadu ,Collision Brush/Side Wipe,,Bike           ,Minor injury,Over speed,Four lanes or more with central divider,Straight road,Four arm junction,Fine,AP27AL   5779,P.V,Grievous,0
04.05.2019,05:45PM,1224,RHS,Rural,Maddipadu ,Collision Brush/Side Wipe,,Bike           ,Minor injury,Over speed,Four lanes or more with central divider,Straight road,Four arm junction,Fine,AP27AL   5779,P.V,Minor,1
04.05.2019,05:45PM,1224,RHS,Rural,Maddipadu ,Collision Brush/Side Wipe,,Bike           ,Minor injury,Over speed,Four lanes or more with central divider,Straight road,Four arm junction,Fine,AP27AL   5779,P.V,Non injured,1
04.05.2019,05:45PM,1224,RHS,Rural,Maddipadu ,Collision Brush/Side Wipe,,Bike           ,Minor injury,Over speed,Four lanes or more with central divider,Straight road,Four arm junction,Fine,AP27AL   5779,P.V,"No of animals Killed,if Any",0
04.05.2019,10:15PM,1247.3,RHS,Rural,Ongole ,Rear End Collision,,Truck               ,Non injury,Over speed,Four lanes or more with central divider,Straight road,,Fine,AP07TJ   0216,P.V,Fatal,0
04.05.2019,10:15PM,1247.3,RHS,Rural,Ongole ,Rear End Collision,,Truck               ,Non injury,Over speed,Four lanes or more with central divider,Straight road,,Fine,AP07TJ   0216,P.V,Grievous,0
04.05.2019,10:15PM,1247.3,RHS,Rural,Ongole ,Rear End Collision,,Truck               ,Non injury,Over speed,Four lanes or more with central divider,Straight road,,Fine,AP07TJ   0216,P.V,Minor,0
04.05.2019,10:15PM,1247.3,RHS,Rural,Ongole ,Rear End Collision,,Truck               ,Non injury,Over speed,Four lanes or more with central divider,Straight road,,Fine,AP07TJ   0216,P.V,Non injured,1
04.05.2019,10:15PM,1247.3,RHS,Rural,Ongole ,Rear End Collision,,Truck               ,Non injury,Over speed,Four lanes or more with central divider,Straight road,,Fine,AP07TJ   0216,P.V,"No of animals Killed,if Any",0
05.05.2019,10:53PM,1183.95,RHS,Rural,Martur ,Head on collision,,Car,Fatal,Fault of driver of motor vehicle/driver of other vehicle/cyclist/pedestrian/passenger,Four lanes or more with central divider,Straight road,,Fine,AP37CQ 9454,P.V,Fatal,1
05.05.2019,10:53PM,1183.95,RHS,Rural,Martur ,Head on collision,,Car,Fatal,Fault of driver of motor vehicle/driver of other vehicle/cyclist/pedestrian/passenger,Four lanes or more with central divider,Straight road,,Fine,AP37CQ 9454,P.V,Grievous,0
05.05.2019,10:53PM,1183.95,RHS,Rural,Martur ,Head on collision,,Car,Fatal,Fault of driver of motor vehicle/driver of other vehicle/cyclist/pedestrian/passenger,Four lanes or more with central divider,Straight road,,Fine,AP37CQ 9454,P.V,Minor,0
05.05.2019,10:53PM,1183.95,RHS,Rural,Martur ,Head on collision,,Car,Fatal,Fault of driver of motor vehicle/driver of other vehicle/cyclist/pedestrian/passenger,Four lanes or more with central divider,Straight road,,Fine,AP37CQ 9454,P.V,Non injured,4
05.05.2019,10:53PM,1183.95,RHS,Rural,Martur ,Head on collision,,Car,Fatal,Fault of driver of motor vehicle/driver of other vehicle/cyclist/pedestrian/passenger,Four lanes or more with central divider,Straight road,,Fine,AP37CQ 9454,P.V,"No of animals Killed,if Any",0
06.05.2019,05:07AM,1228.55,LHS,Rural,Maddipadu ,Rear End Collision,,Car,Minor injury,Fault of driver of motor vehicle/driver of other vehicle/cyclist/pedestrian/passenger,Four lanes or more with central divider,Straight road,,Fine,TS07GL  6818,P.V,Fatal,0
06.05.2019,05:07AM,1228.55,LHS,Rural,Maddipadu ,Rear End Collision,,Car,Minor injury,Fault of driver of motor vehicle/driver of other vehicle/cyclist/pedestrian/passenger,Four lanes or more with central divider,Straight road,,Fine,TS07GL  6818,P.V,Grievous,0
06.05.2019,05:07AM,1228.55,LHS,Rural,Maddipadu ,Rear End Collision,,Car,Minor injury,Fault of driver of motor vehicle/driver of other vehicle/cyclist/pedestrian/passenger,Four lanes or more with central divider,Straight road,,Fine,TS07GL  6818,P.V,Minor,3
06.05.2019,05:07AM,1228.55,LHS,Rural,Maddipadu ,Rear End Collision,,Car,Minor injury,Fault of driver of motor vehicle/driver of other vehicle/cyclist/pedestrian/passenger,Four lanes or more with central divider,Straight road,,Fine,TS07GL  6818,P.V,Non injured,2
06.05.2019,05:07AM,1228.55,LHS,Rural,Maddipadu ,Rear End Collision,,Car,Minor injury,Fault of driver of motor vehicle/driver of other vehicle/cyclist/pedestrian/passenger,Four lanes or more with central divider,Straight road,,Fine,TS07GL  6818,P.V,"No of animals Killed,if Any",0
06.05.2019,06:11AM,1265.7,LHS,Rural,Tangutur ,Overturning,,Car,Non injury,Fault of driver of motor vehicle/driver of other vehicle/cyclist/pedestrian/passenger,Four lanes or more with central divider,Straight road,,Fine,AP28DH  0279,P.V,Fatal,0
06.05.2019,06:11AM,1265.7,LHS,Rural,Tangutur ,Overturning,,Car,Non injury,Fault of driver of motor vehicle/driver of other vehicle/cyclist/pedestrian/passenger,Four lanes or more with central divider,Straight road,,Fine,AP28DH  0279,P.V,Grievous,0
06.05.2019,06:11AM,1265.7,LHS,Rural,Tangutur ,Overturning,,Car,Non injury,Fault of driver of motor vehicle/driver of other vehicle/cyclist/pedestrian/passenger,Four lanes or more with central divider,Straight road,,Fine,AP28DH  0279,P.V,Minor,0
06.05.2019,06:11AM,1265.7,LHS,Rural,Tangutur ,Overturning,,Car,Non injury,Fault of driver of motor vehicle/driver of other vehicle/cyclist/pedestrian/passenger,Four lanes or more with central divider,Straight road,,Fine,AP28DH  0279,P.V,Non injured,2
06.05.2019,06:11AM,1265.7,LHS,Rural,Tangutur ,Overturning,,Car,Non injury,Fault of driver of motor vehicle/driver of other vehicle/cyclist/pedestrian/passenger,Four lanes or more with central divider,Straight road,,Fine,AP28DH  0279,P.V,"No of animals Killed,if Any",0
07.05.2019,04:00AM,1241.7,RHS,Rural,Ongole ,Collision Brush/Side Wipe,,Car,Non injury,Fault of driver of motor vehicle/driver of other vehicle/cyclist/pedestrian/passenger,Two lanes,Straight road,,Fine,AP27AS   8428,P.V,Fatal,0
07.05.2019,04:00AM,1241.7,RHS,Rural,Ongole ,Collision Brush/Side Wipe,,Car,Non injury,Fault of driver of motor vehicle/driver of other vehicle/cyclist/pedestrian/passenger,Two lanes,Straight road,,Fine,AP27AS   8428,P.V,Grievous,0
07.05.2019,04:00AM,1241.7,RHS,Rural,Ongole ,Collision Brush/Side Wipe,,Car,Non injury,Fault of driver of motor vehicle/driver of other vehicle/cyclist/pedestrian/passenger,Two lanes,Straight road,,Fine,AP27AS   8428,P.V,Minor,0
07.05.2019,04:00AM,1241.7,RHS,Rural,Ongole ,Collision Brush/Side Wipe,,Car,Non injury,Fault of driver of motor vehicle/driver of other vehicle/cyclist/pedestrian/passenger,Two lanes,Straight road,,Fine,AP27AS   8428,P.V,Non injured,1
07.05.2019,04:00AM,1241.7,RHS,Rural,Ongole ,Collision Brush/Side Wipe,,Car,Non injury,Fault of driver of motor vehicle/driver of other vehicle/cyclist/pedestrian/passenger,Two lanes,Straight road,,Fine,AP27AS   8428,P.V,"No of animals Killed,if Any",0
07.05.2019,04:55AM,1341.22,LHS,Rural,Dagadarthi ,Collision Brush/Side Wipe,,Truck               ,Non injury,Fault of driver of motor vehicle/driver of other vehicle/cyclist/pedestrian/passenger,Four lanes or more with central divider,Straight road,,Fine,AP27TY   8659,P.V,Fatal,0
07.05.2019,04:55AM,1341.22,LHS,Rural,Dagadarthi ,Collision Brush/Side Wipe,,Truck               ,Non injury,Fault of driver of motor vehicle/driver of other vehicle/cyclist/pedestrian/passenger,Four lanes or more with central divider,Straight road,,Fine,AP27TY   8659,P.V,Grievous,0
07.05.2019,04:55AM,1341.22,LHS,Rural,Dagadarthi ,Collision Brush/Side Wipe,,Truck               ,Non injury,Fault of driver of motor vehicle/driver of other vehicle/cyclist/pedestrian/passenger,Four lanes or more with central divider,Straight road,,Fine,AP27TY   8659,P.V,Minor,0
07.05.2019,04:55AM,1341.22,LHS,Rural,Dagadarthi ,Collision Brush/Side Wipe,,Truck               ,Non injury,Fault of driver of motor vehicle/driver of other vehicle/cyclist/pedestrian/passenger,Four lanes or more with central divider,Straight road,,Fine,AP27TY   8659,P.V,Non injured,1
07.05.2019,04:55AM,1341.22,LHS,Rural,Dagadarthi ,Collision Brush/Side Wipe,,Truck               ,Non injury,Fault of driver of motor vehicle/driver of other vehicle/cyclist/pedestrian/passenger,Four lanes or more with central divider,Straight road,,Fine,AP27TY   8659,P.V,"No of animals Killed,if Any",0
07.05.2019,05:40AM,1340.28,LHS,Rural,Dagadarthi ,Collision Brush/Side Wipe,,Truck               ,Minor injury,Defect in mechanical condition of motor vehicle/road condition,Four lanes or more with central divider,Straight road,,Fine,TN23BY   9631,A.M.B & P.V,Fatal,0
07.05.2019,05:40AM,1340.28,LHS,Rural,Dagadarthi ,Collision Brush/Side Wipe,,Truck               ,Minor injury,Defect in mechanical condition of motor vehicle/road condition,Four lanes or more with central divider,Straight road,,Fine,TN23BY   9631,A.M.B & P.V,Grievous,0
07.05.2019,05:40AM,1340.28,LHS,Rural,Dagadarthi ,Collision Brush/Side Wipe,,Truck               ,Minor injury,Defect in mechanical condition of motor vehicle/road condition,Four lanes or more with central divider,Straight road,,Fine,TN23BY   9631,A.M.B & P.V,Minor,1
07.05.2019,05:40AM,1340.28,LHS,Rural,Dagadarthi ,Collision Brush/Side Wipe,,Truck               ,Minor injury,Defect in mechanical condition of motor vehicle/road condition,Four lanes or more with central divider,Straight road,,Fine,TN23BY   9631,A.M.B & P.V,Non injured,2
07.05.2019,05:40AM,1340.28,LHS,Rural,Dagadarthi ,Collision Brush/Side Wipe,,Truck               ,Minor injury,Defect in mechanical condition of motor vehicle/road condition,Four lanes or more with central divider,Straight road,,Fine,TN23BY   9631,A.M.B & P.V,"No of animals Killed,if Any",0
07.05.2019,07:00AM,1343.19,LHS,Rural,Dagadarthi ,Rear End Collision,,LCV,Minor injury,Over speed,Two lanes,Straight road,,Fine,KA07A   4635,P.V,Fatal,0
07.05.2019,07:00AM,1343.19,LHS,Rural,Dagadarthi ,Rear End Collision,,LCV,Minor injury,Over speed,Two lanes,Straight road,,Fine,KA07A   4635,P.V,Grievous,0