Operational date,Time of Accident,KM && M,Position,Rural/Urban,Location,Nature of Accident Position,Nature of Accident,Vehicle Involved,Type of Accident,Causes,Road Feature,Road condition,Intersection Type And Control,Weather Condition,Vehicle Responsible,Help Provided by Ambulance/Patroling Vehicle,Classification of Accident,No of Affected Persons
07.05.2019,07:00AM,1343.19,LHS,Rural,Dagadarthi ,Rear End Collision,,LCV,Minor injury,Over speed,Two lanes,Straight road,,Fine,KA07A   4635,P.V,Minor,1
07.05.2019,07:00AM,1343.19,LHS,Rural,Dagadarthi ,Rear End Collision,,LCV,Minor injury,Over speed,Two lanes,Straight road,,Fine,KA07A   4635,P.V,Non injured,1
07.05.2019,07:00AM,1343.19,LHS,Rural,Dagadarthi ,Rear End Collision,,LCV,Minor injury,Over speed,Two lanes,Straight road,,Fine,KA07A   4635,P.V,"No of animals Killed,if Any",0
07.05.2019,08:28AM,1271.9,LHS,Rural,Jarugumalli ,Collision Brush/Side Wipe,,Unknown vehicle,Minor injury,Over speed,Four lanes or more with central divider,Straight road,,Fine,Unknown vehicle,A.M.B & P.V,Fatal,0
07.05.2019,08:28AM,1271.9,LHS,Rural,Jarugumalli ,Collision Brush/Side Wipe,,Unknown vehicle,Minor injury,Over speed,Four lanes or more with central divider,Straight road,,Fine,Unknown vehicle,A.M.B & P.V,Grievous,0
07.05.2019,08:28AM,1271.9,LHS,Rural,Jarugumalli ,Collision Brush/Side Wipe,,Unknown vehicle,Minor injury,Over speed,Four lanes or more with central divider,Straight road,,Fine,Unknown vehicle,A.M.B & P.V,Minor,2
07.05.2019,08:28AM,1271.9,LHS,Rural,Jarugumalli ,Collision Brush/Side Wipe,,Unknown vehicle,Minor injury,Over speed,Four lanes or more with central divider,Straight road,,Fine,Unknown vehicle,A.M.B & P.V,Non injured,1
07.05.2019,08:28AM,1271.9,LHS,Rural,Jarugumalli ,Collision Brush/Side Wipe,,Unknown vehicle,Minor injury,Over speed,Four lanes or more with central divider,Straight road,,Fine,Unknown vehicle,A.M.B & P.V,"No of animals Killed,if Any",0
07.05.2019,12:49PM,1348.38,RHS,Rural,Kodavaluru ,Overturning,,Car,Grievious injury,Over speed,Four lanes or more with central divider,Straight road,,Fine,AP26AK  3145,A.M.B,Fatal,0
07.05.2019,12:49PM,1348.38,RHS,Rural,Kodavaluru ,Overturning,,Car,Grievious injury,Over speed,Four lanes or more with central divider,Straight road,,Fine,AP26AK  3145,A.M.B,Grievous,1
07.05.2019,12:49PM,1348.38,RHS,Rural,Kodavaluru ,Overturning,,Car,Grievious injury,Over speed,Four lanes or more with central divider,Straight road,,Fine,AP26AK  3145,A.M.B,Minor,2
07.05.2019,12:49PM,1348.38,RHS,Rural,Kodavaluru ,Overturning,,Car,Grievious injury,Over speed,Four lanes or more with central divider,Straight road,,Fine,AP26AK  3145,A.M.B,Non injured,0
07.05.2019,12:49PM,1348.38,RHS,Rural,Kodavaluru ,Overturning,,Car,Grievious injury,Over speed,Four lanes or more with central divider,Straight road,,Fine,AP26AK  3145,A.M.B,"No of animals Killed,if Any",0
07.05.2019,09:14PM,1256.96,RHS,Rural,Tangutur ,Collision Brush/Side Wipe,,Unknown vehicle,Fatal,Over speed,Four lanes or more with central divider,Straight road,,Fine,Unknown vehicle,A.M.B & P.V,Fatal,1
07.05.2019,09:14PM,1256.96,RHS,Rural,Tangutur ,Collision Brush/Side Wipe,,Unknown vehicle,Fatal,Over speed,Four lanes or more with central divider,Straight road,,Fine,Unknown vehicle,A.M.B & P.V,Grievous,0
07.05.2019,09:14PM,1256.96,RHS,Rural,Tangutur ,Collision Brush/Side Wipe,,Unknown vehicle,Fatal,Over speed,Four lanes or more with central divider,Straight road,,Fine,Unknown vehicle,A.M.B & P.V,Minor,0
07.05.2019,09:14PM,1256.96,RHS,Rural,Tangutur ,Collision Brush/Side Wipe,,Unknown vehicle,Fatal,Over speed,Four lanes or more with central divider,Straight road,,Fine,Unknown vehicle,A.M.B & P.V,Non injured,1
07.05.2019,09:14PM,1256.96,RHS,Rural,Tangutur ,Collision Brush/Side Wipe,,Unknown vehicle,Fatal,Over speed,Four lanes or more with central divider,Straight road,,Fine,Unknown vehicle,A.M.B & P.V,"No of animals Killed,if Any",0
08.05.2019,09:55AM,1224.86,RHS,Rural,Medarametla ,Collision Brush/Side Wipe,,Tractor,Grievious injury,Fault of driver of motor vehicle/driver of other vehicle/cyclist/pedestrian/passenger,Four lanes or more with central divider,Straight road,,Fine,AP27TW 3279,A.M.B & P.V,Fatal,0
08.05.2019,09:55AM,1224.86,RHS,Rural,Medarametla ,Collision Brush/Side Wipe,,Tractor,Grievious injury,Fault of driver of motor vehicle/driver of other vehicle/cyclist/pedestrian/passenger,Four lanes or more with central divider,Straight road,,Fine,AP27TW 3279,A.M.B & P.V,Grievous,1
08.05.2019,09:55AM,1224.86,RHS,Rural,Medarametla ,Collision Brush/Side Wipe,,Tractor,Grievious injury,Fault of driver of motor vehicle/driver of other vehicle/cyclist/pedestrian/passenger,Four lanes or more with central divider,Straight road,,Fine,AP27TW 3279,A.M.B & P.V,Minor,0
08.05.2019,09:55AM,1224.86,RHS,Rural,Medarametla ,Collision Brush/Side Wipe,,Tractor,Grievious injury,Fault of driver of motor vehicle/driver of other vehicle/cyclist/pedestrian/passenger,Four lanes or more with central divider,Straight road,,Fine,AP27TW 3279,A.M.B & P.V,Non injured,1
08.05.2019,09:55AM,1224.86,RHS,Rural,Medarametla ,Collision Brush/Side Wipe,,Tractor,Grievious injury,Fault of driver of motor vehicle/driver of other vehicle/cyclist/pedestrian/passenger,Four lanes or more with central divider,Straight road,,Fine,AP27TW 3279,A.M.B & P.V,"No of animals Killed,if Any",0
08.05.2019,12:37PM,1194.5,LHS,Rural,Martur ,Overturning,,Auto           ,Minor injury,Vehicle out of control,Four lanes or more with central divider,Straight road,,Fine,AP27UB 4514,A.M.B,Fatal,0
08.05.2019,12:37PM,1194.5,LHS,Rural,Martur ,Overturning,,Auto           ,Minor injury,Vehicle out of control,Four lanes or more with central divider,Straight road,,Fine,AP27UB 4514,A.M.B,Grievous,0
08.05.2019,12:37PM,1194.5,LHS,Rural,Martur ,Overturning,,Auto           ,Minor injury,Vehicle out of control,Four lanes or more with central divider,Straight road,,Fine,AP27UB 4514,A.M.B,Minor,1
08.05.2019,12:37PM,1194.5,LHS,Rural,Martur ,Overturning,,Auto           ,Minor injury,Vehicle out of control,Four lanes or more with central divider,Straight road,,Fine,AP27UB 4514,A.M.B,Non injured,0
08.05.2019,12:37PM,1194.5,LHS,Rural,Martur ,Overturning,,Auto           ,Minor injury,Vehicle out of control,Four lanes or more with central divider,Straight road,,Fine,AP27UB 4514,A.M.B,"No of animals Killed,if Any",0
09.05.2019,01:00AM,1221.52,LHS,Rural,Medarametla ,Collision Brush/Side Wipe,,LCV ,Non injury,Fault of driver of motor vehicle/driver of other vehicle/cyclist/pedestrian/passenger,Four lanes or more with central divider,Straight road,,Fine,TN11AE 5730,P.V,Fatal,0
09.05.2019,01:00AM,1221.52,LHS,Rural,Medarametla ,Collision Brush/Side Wipe,,LCV ,Non injury,Fault of driver of motor vehicle/driver of other vehicle/cyclist/pedestrian/passenger,Four lanes or more with central divider,Straight road,,Fine,TN11AE 5730,P.V,Grievous,0
09.05.2019,01:00AM,1221.52,LHS,Rural,Medarametla ,Collision Brush/Side Wipe,,LCV ,Non injury,Fault of driver of motor vehicle/driver of other vehicle/cyclist/pedestrian/passenger,Four lanes or more with central divider,Straight road,,Fine,TN11AE 5730,P.V,Minor,0
09.05.2019,01:00AM,1221.52,LHS,Rural,Medarametla ,Collision Brush/Side Wipe,,LCV ,Non injury,Fault of driver of motor vehicle/driver of other vehicle/cyclist/pedestrian/passenger,Four lanes or more with central divider,Straight road,,Fine,TN11AE 5730,P.V,Non injured,1
09.05.2019,01:00AM,1221.52,LHS,Rural,Medarametla ,Collision Brush/Side Wipe,,LCV ,Non injury,Fault of driver of motor vehicle/driver of other vehicle/cyclist/pedestrian/passenger,Four lanes or more with central divider,Straight road,,Fine,TN11AE 5730,P.V,"No of animals Killed,if Any",0
09.05.2019,02:42AM,1255.2,LHS,Rural,Tangutur ,Overturning,,Lorry ,Grievious injury,Fault of driver of motor vehicle/driver of other vehicle/cyclist/pedestrian/passenger,Four lanes or more with central divider,Straight road,,Fine,TN94Z 4753,A.M.B,Fatal,0
09.05.2019,02:42AM,1255.2,LHS,Rural,Tangutur ,Overturning,,Lorry ,Grievious injury,Fault of driver of motor vehicle/driver of other vehicle/cyclist/pedestrian/passenger,Four lanes or more with central divider,Straight road,,Fine,TN94Z 4753,A.M.B,Grievous,2
09.05.2019,02:42AM,1255.2,LHS,Rural,Tangutur ,Overturning,,Lorry ,Grievious injury,Fault of driver of motor vehicle/driver of other vehicle/cyclist/pedestrian/passenger,Four lanes or more with central divider,Straight road,,Fine,TN94Z 4753,A.M.B,Minor,0
09.05.2019,02:42AM,1255.2,LHS,Rural,Tangutur ,Overturning,,Lorry ,Grievious injury,Fault of driver of motor vehicle/driver of other vehicle/cyclist/pedestrian/passenger,Four lanes or more with central divider,Straight road,,Fine,TN94Z 4753,A.M.B,Non injured,0
09.05.2019,02:42AM,1255.2,LHS,Rural,Tangutur ,Overturning,,Lorry ,Grievious injury,Fault of driver of motor vehicle/driver of other vehicle/cyclist/pedestrian/passenger,Four lanes or more with central divider,Straight road,,Fine,TN94Z 4753,A.M.B,"No of animals Killed,if Any",0
09.05.2019,05:30AM,1221.3,RHS,Rural,Medarametla ,Collision Brush/Side Wipe,,LCV ,Non injury,Fault of driver of motor vehicle/driver of other vehicle/cyclist/pedestrian/passenger,Four lanes or more with central divider,Straight road,,Fine,AP03TK 5059,P.V,Fatal,0
09.05.2019,05:30AM,1221.3,RHS,Rural,Medarametla ,Collision Brush/Side Wipe,,LCV ,Non injury,Fault of driver of motor vehicle/driver of other vehicle/cyclist/pedestrian/passenger,Four lanes or more with central divider,Straight road,,Fine,AP03TK 5059,P.V,Grievous,0
09.05.2019,05:30AM,1221.3,RHS,Rural,Medarametla ,Collision Brush/Side Wipe,,LCV ,Non injury,Fault of driver of motor vehicle/driver of other vehicle/cyclist/pedestrian/passenger,Four lanes or more with central divider,Straight road,,Fine,AP03TK 5059,P.V,Minor,0
09.05.2019,05:30AM,1221.3,RHS,Rural,Medarametla ,Collision Brush/Side Wipe,,LCV ,Non injury,Fault of driver of motor vehicle/driver of other vehicle/cyclist/pedestrian/passenger,Four lanes or more with central divider,Straight road,,Fine,AP03TK 5059,P.V,Non injured,2
09.05.2019,05:30AM,1221.3,RHS,Rural,Medarametla ,Collision Brush/Side Wipe,,LCV ,Non injury,Fault of driver of motor vehicle/driver of other vehicle/cyclist/pedestrian/passenger,Four lanes or more with central divider,Straight road,,Fine,AP03TK 5059,P.V,"No of animals Killed,if Any",0
09.05.2019,05:45PM,1282.82,RHS,Rural,Ulavapadu ,Rear End Collision,,Car ,Non injury,Fault of driver of motor vehicle/driver of other vehicle/cyclist/pedestrian/passenger,Four lanes or more with central divider,Straight road,,Fine,TS10EL 8998,P.V,Fatal,0
09.05.2019,05:45PM,1282.82,RHS,Rural,Ulavapadu ,Rear End Collision,,Car ,Non injury,Fault of driver of motor vehicle/driver of other vehicle/cyclist/pedestrian/passenger,Four lanes or more with central divider,Straight road,,Fine,TS10EL 8998,P.V,Grievous,0
09.05.2019,05:45PM,1282.82,RHS,Rural,Ulavapadu ,Rear End Collision,,Car ,Non injury,Fault of driver of motor vehicle/driver of other vehicle/cyclist/pedestrian/passenger,Four lanes or more with central divider,Straight road,,Fine,TS10EL 8998,P.V,Minor,0
09.05.2019,05:45PM,1282.82,RHS,Rural,Ulavapadu ,Rear End Collision,,Car ,Non injury,Fault of driver of motor vehicle/driver of other vehicle/cyclist/pedestrian/passenger,Four lanes or more with central divider,Straight road,,Fine,TS10EL 8998,P.V,Non injured,1
09.05.2019,05:45PM,1282.82,RHS,Rural,Ulavapadu ,Rear End Collision,,Car ,Non injury,Fault of driver of motor vehicle/driver of other vehicle/cyclist/pedestrian/passenger,Four lanes or more with central divider,Straight road,,Fine,TS10EL 8998,P.V,"No of animals Killed,if Any",0
09.05.2019,10:27PM,1202.48,LHS,Rural,Renangivaram ,Rear End Collision,,Bike,Grievious injury,Druken,Four lanes or more with central divider,Straight road,,Fine,AP27F 9351,A.M.B& P.V,Fatal,0
09.05.2019,10:27PM,1202.48,LHS,Rural,Renangivaram ,Rear End Collision,,Bike,Grievious injury,Druken,Four lanes or more with central divider,Straight road,,Fine,AP27F 9351,A.M.B& P.V,Grievous,1
09.05.2019,10:27PM,1202.48,LHS,Rural,Renangivaram ,Rear End Collision,,Bike,Grievious injury,Druken,Four lanes or more with central divider,Straight road,,Fine,AP27F 9351,A.M.B& P.V,Minor,0
09.05.2019,10:27PM,1202.48,LHS,Rural,Renangivaram ,Rear End Collision,,Bike,Grievious injury,Druken,Four lanes or more with central divider,Straight road,,Fine,AP27F 9351,A.M.B& P.V,Non injured,0
09.05.2019,10:27PM,1202.48,LHS,Rural,Renangivaram ,Rear End Collision,,Bike,Grievious injury,Druken,Four lanes or more with central divider,Straight road,,Fine,AP27F 9351,A.M.B& P.V,"No of animals Killed,if Any",0
10.05.2019,01:45AM,1291.6,LHS,Rural,Ulavapadu ,Rear End Collision,,Tanker ,Grievious injury,Over speed,Four lanes or more with central divider,Straight road,T-Junction,Fine,TN05AR 2623,P.V,Fatal,0
10.05.2019,01:45AM,1291.6,LHS,Rural,Ulavapadu ,Rear End Collision,,Tanker ,Grievious injury,Over speed,Four lanes or more with central divider,Straight road,T-Junction,Fine,TN05AR 2623,P.V,Grievous,0
10.05.2019,01:45AM,1291.6,LHS,Rural,Ulavapadu ,Rear End Collision,,Tanker ,Grievious injury,Over speed,Four lanes or more with central divider,Straight road,T-Junction,Fine,TN05AR 2623,P.V,Minor,2
10.05.2019,01:45AM,1291.6,LHS,Rural,Ulavapadu ,Rear End Collision,,Tanker ,Grievious injury,Over speed,Four lanes or more with central divider,Straight road,T-Junction,Fine,TN05AR 2623,P.V,Non injured,0
10.05.2019,01:45AM,1291.6,LHS,Rural,Ulavapadu ,Rear End Collision,,Tanker ,Grievious injury,Over speed,Four lanes or more with central divider,Straight road,T-Junction,Fine,TN05AR 2623,P.V,"No of animals Killed,if Any",0
10.05.2019,04:30AM,1304.75,RHS,Rural,Gudluru ,Collision Brush/Side Wipe,,Container ,Non injury,Fault of driver of motor vehicle/driver of other vehicle/cyclist/pedestrian/passenger,Four lanes or more with central divider,Straight road,,Fine,MH40BG 5047,P.V,Fatal,0
10.05.2019,04:30AM,1304.75,RHS,Rural,Gudluru ,Collision Brush/Side Wipe,,Container ,Non injury,Fault of driver of motor vehicle/driver of other vehicle/cyclist/pedestrian/passenger,Four lanes or more with central divider,Straight road,,Fine,MH40BG 5047,P.V,Grievous,0
10.05.2019,04:30AM,1304.75,RHS,Rural,Gudluru ,Collision Brush/Side Wipe,,Container ,Non injury,Fault of driver of motor vehicle/driver of other vehicle/cyclist/pedestrian/passenger,Four lanes or more with central divider,Straight road,,Fine,MH40BG 5047,P.V,Minor,0
10.05.2019,04:30AM,1304.75,RHS,Rural,Gudluru ,Collision Brush/Side Wipe,,Container ,Non injury,Fault of driver of motor vehicle/driver of other vehicle/cyclist/pedestrian/passenger,Four lanes or more with central divider,Straight road,,Fine,MH40BG 5047,P.V,Non injured,2
10.05.2019,04:30AM,1304.75,RHS,Rural,Gudluru ,Collision Brush/Side Wipe,,Container ,Non injury,Fault of driver of motor vehicle/driver of other vehicle/cyclist/pedestrian/passenger,Four lanes or more with central divider,Straight road,,Fine,MH40BG 5047,P.V,"No of animals Killed,if Any",0
10.05.2019,10:43AM,1321.66,LHS,Rural,Kavali ,Collision Brush/Side Wipe,,Car ,Minor injury,Over speed,Four lanes or more with central divider,Straight road,,Fine,AP26CE 3803,A.M.B & P.V,Fatal,0
10.05.2019,10:43AM,1321.66,LHS,Rural,Kavali ,Collision Brush/Side Wipe,,Car ,Minor injury,Over speed,Four lanes or more with central divider,Straight road,,Fine,AP26CE 3803,A.M.B & P.V,Grievous,0
10.05.2019,10:43AM,1321.66,LHS,Rural,Kavali ,Collision Brush/Side Wipe,,Car ,Minor injury,Over speed,Four lanes or more with central divider,Straight road,,Fine,AP26CE 3803,A.M.B & P.V,Minor,3
10.05.2019,10:43AM,1321.66,LHS,Rural,Kavali ,Collision Brush/Side Wipe,,Car ,Minor injury,Over speed,Four lanes or more with central divider,Straight road,,Fine,AP26CE 3803,A.M.B & P.V,Non injured,0
10.05.2019,10:43AM,1321.66,LHS,Rural,Kavali ,Collision Brush/Side Wipe,,Car ,Minor injury,Over speed,Four lanes or more with central divider,Straight road,,Fine,AP26CE 3803,A.M.B & P.V,"No of animals Killed,if Any",0
10.05.2019,04:55PM,1236.5,RHS,Rural,Maddipadu ,Rear End Collision,,Bus ,Minor injury,Druken,Four lanes or more with central divider,Straight road,,Fine,AP16TB 6066,P.V,Fatal,0
10.05.2019,04:55PM,1236.5,RHS,Rural,Maddipadu ,Rear End Collision,,Bus ,Minor injury,Druken,Four lanes or more with central divider,Straight road,,Fine,AP16TB 6066,P.V,Grievous,0
10.05.2019,04:55PM,1236.5,RHS,Rural,Maddipadu ,Rear End Collision,,Bus ,Minor injury,Druken,Four lanes or more with central divider,Straight road,,Fine,AP16TB 6066,P.V,Minor,3
10.05.2019,04:55PM,1236.5,RHS,Rural,Maddipadu ,Rear End Collision,,Bus ,Minor injury,Druken,Four lanes or more with central divider,Straight road,,Fine,AP16TB 6066,P.V,Non injured,33
10.05.2019,04:55PM,1236.5,RHS,Rural,Maddipadu ,Rear End Collision,,Bus ,Minor injury,Druken,Four lanes or more with central divider,Straight road,,Fine,AP16TB 6066,P.V,"No of animals Killed,if Any",0
10.05.2019,10:10PM,1248.65,LHS,Rural,Ongole ,Rear End Collision,,Trailer ,Non injury,Fault of driver of motor vehicle/driver of other vehicle/cyclist/pedestrian/passenger,Four lanes or more with central divider,Straight road,,Fine,AP15TC 6543,P.V,Fatal,0
10.05.2019,10:10PM,1248.65,LHS,Rural,Ongole ,Rear End Collision,,Trailer ,Non injury,Fault of driver of motor vehicle/driver of other vehicle/cyclist/pedestrian/passenger,Four lanes or more with central divider,Straight road,,Fine,AP15TC 6543,P.V,Grievous,0
10.05.2019,10:10PM,1248.65,LHS,Rural,Ongole ,Rear End Collision,,Trailer ,Non injury,Fault of driver of motor vehicle/driver of other vehicle/cyclist/pedestrian/passenger,Four lanes or more with central divider,Straight road,,Fine,AP15TC 6543,P.V,Minor,0
10.05.2019,10:10PM,1248.65,LHS,Rural,Ongole ,Rear End Collision,,Trailer ,Non injury,Fault of driver of motor vehicle/driver of other vehicle/cyclist/pedestrian/passenger,Four lanes or more with central divider,Straight road,,Fine,AP15TC 6543,P.V,Non injured,1
10.05.2019,10:10PM,1248.65,LHS,Rural,Ongole ,Rear End Collision,,Trailer ,Non injury,Fault of driver of motor vehicle/driver of other vehicle/cyclist/pedestrian/passenger,Four lanes or more with central divider,Straight road,,Fine,AP15TC 6543,P.V,"No of animals Killed,if Any",0
11.05.2019,02:40AM,1341.2,LHS,Rural,Dagadarthi ,Collision Brush/Side Wipe,,LCV ,Non injury,Fault of driver of motor vehicle/driver of other vehicle/cyclist/pedestrian/passenger,Two lanes,Straight road,,Fine,AP27TY 1611,P.V,Fatal,0
11.05.2019,02:40AM,1341.2,LHS,Rural,Dagadarthi ,Collision Brush/Side Wipe,,LCV ,Non injury,Fault of driver of motor vehicle/driver of other vehicle/cyclist/pedestrian/passenger,Two lanes,Straight road,,Fine,AP27TY 1611,P.V,Grievous,0
11.05.2019,02:40AM,1341.2,LHS,Rural,Dagadarthi ,Collision Brush/Side Wipe,,LCV ,Non injury,Fault of driver of motor vehicle/driver of other vehicle/cyclist/pedestrian/passenger,Two lanes,Straight road,,Fine,AP27TY 1611,P.V,Minor,0
11.05.2019,02:40AM,1341.2,LHS,Rural,Dagadarthi ,Collision Brush/Side Wipe,,LCV ,Non injury,Fault of driver of motor vehicle/driver of other vehicle/cyclist/pedestrian/passenger,Two lanes,Straight road,,Fine,AP27TY 1611,P.V,Non injured,1
11.05.2019,02:40AM,1341.2,LHS,Rural,Dagadarthi ,Collision Brush/Side Wipe,,LCV ,Non injury,Fault of driver of motor vehicle/driver of other vehicle/cyclist/pedestrian/passenger,Two lanes,Straight road,,Fine,AP27TY 1611,P.V,"No of animals Killed,if Any",0
11.05.2019,06:35AM,1196.94,LHS,Rural,Martur ,Collision Brush/Side Wipe,,Truck               ,Minor injury,Fault of driver of motor vehicle/driver of other vehicle/cyclist/pedestrian/passenger,Four lanes or more with central divider,Straight road,,Fine,AP03TE         9229,P.V,Fatal,0
11.05.2019,06:35AM,1196.94,LHS,Rural,Martur ,Collision Brush/Side Wipe,,Truck               ,Minor injury,Fault of driver of motor vehicle/driver of other vehicle/cyclist/pedestrian/passenger,Four lanes or more with central divider,Straight road,,Fine,AP03TE         9229,P.V,Grievous,0
11.05.2019,06:35AM,1196.94,LHS,Rural,Martur ,Collision Brush/Side Wipe,,Truck               ,Minor injury,Fault of driver of motor vehicle/driver of other vehicle/cyclist/pedestrian/passenger,Four lanes or more with central divider,Straight road,,Fine,AP03TE         9229,P.V,Minor,3
11.05.2019,06:35AM,1196.94,LHS,Rural,Martur ,Collision Brush/Side Wipe,,Truck               ,Minor injury,Fault of driver of motor vehicle/driver of other vehicle/cyclist/pedestrian/passenger,Four lanes or more with central divider,Straight road,,Fine,AP03TE         9229,P.V,Non injured,0
11.05.2019,06:35AM,1196.94,LHS,Rural,Martur ,Collision Brush/Side Wipe,,Truck               ,Minor injury,Fault of driver of motor vehicle/driver of other vehicle/cyclist/pedestrian/passenger,Four lanes or more with central divider,Straight road,,Fine,AP03TE         9229,P.V,"No of animals Killed,if Any",0
11.05.2019,10:00AM,1205.7,RHS,Rural,Renangivaram ,Collision Brush/Side Wipe,,Car          ,Non injury,Over speed,Four lanes or more with central divider,Straight road,,Fine,AP16BL 2122,P.V,Fatal,0
11.05.2019,10:00AM,1205.7,RHS,Rural,Renangivaram ,Collision Brush/Side Wipe,,Car          ,Non injury,Over speed,Four lanes or more with central divider,Straight road,,Fine,AP16BL 2122,P.V,Grievous,0
11.05.2019,10:00AM,1205.7,RHS,Rural,Renangivaram ,Collision Brush/Side Wipe,,Car          ,Non injury,Over speed,Four lanes or more with central divider,Straight road,,Fine,AP16BL 2122,P.V,Minor,0
11.05.2019,10:00AM,1205.7,RHS,Rural,Renangivaram ,Collision Brush/Side Wipe,,Car          ,Non injury,Over speed,Four lanes or more with central divider,Straight road,,Fine,AP16BL 2122,P.V,Non injured,1
11.05.2019,10:00AM,1205.7,RHS,Rural,Renangivaram ,Collision Brush/Side Wipe,,Car          ,Non injury,Over speed,Four lanes or more with central divider,Straight road,,Fine,AP16BL 2122,P.V,"No of animals Killed,if Any",0
11.05.2019,04:15PM,1192.85,LHS,Rural,Martur ,Collision Brush/Side Wipe,,Car       ,Minor injury,Fault of driver of motor vehicle/driver of other vehicle/cyclist/pedestrian/passenger,Four lanes or more with central divider,Straight road,,Fine,AP10AK      1538,P.V,Fatal,0
11.05.2019,04:15PM,1192.85,LHS,Rural,Martur ,Collision Brush/Side Wipe,,Car       ,Minor injury,Fault of driver of motor vehicle/driver of other vehicle/cyclist/pedestrian/passenger,Four lanes or more with central divider,Straight road,,Fine,AP10AK      1538,P.V,Grievous,0
11.05.2019,04:15PM,1192.85,LHS,Rural,Martur ,Collision Brush/Side Wipe,,Car       ,Minor injury,Fault of driver of motor vehicle/driver of other vehicle/cyclist/pedestrian/passenger,Four lanes or more with central divider,Straight road,,Fine,AP10AK      1538,P.V,Minor,2
11.05.2019,04:15PM,1192.85,LHS,Rural,Martur ,Collision Brush/Side Wipe,,Car       ,Minor injury,Fault of driver of motor vehicle/driver of other vehicle/cyclist/pedestrian/passenger,Four lanes or more with central divider,Straight road,,Fine,AP10AK      1538,P.V,Non injured,1
11.05.2019,04:15PM,1192.85,LHS,Rural,Martur ,Collision Brush/Side Wipe,,Car       ,Minor injury,Fault of driver of motor vehicle/driver of other vehicle/cyclist/pedestrian/passenger,Four lanes or more with central divider,Straight road,,Fine,AP10AK      1538,P.V,"No of animals Killed,if Any",0
12.05.2019,10:10AM,1335.9,RHS,Rural,K.Tippa ,Rear End Collision,,Tipper     ,Minor injury,Over speed,Four lanes or more with central divider,Straight road,,Fine,      TN614T/R 7641,P.V,Fatal,0
12.05.2019,10:10AM,1335.9,RHS,Rural,K.Tippa ,Rear End Collision,,Tipper     ,Minor injury,Over speed,Four lanes or more with central divider,Straight road,,Fine,      TN614T/R 7641,P.V,Grievous,0
12.05.2019,10:10AM,1335.9,RHS,Rural,K.Tippa ,Rear End Collision,,Tipper     ,Minor injury,Over speed,Four lanes or more with central divider,Straight road,,Fine,      TN614T/R 7641,P.V,Minor,1
12.05.2019,10:10AM,1335.9,RHS,Rural,K.Tippa ,Rear End Collision,,Tipper     ,Minor injury,Over speed,Four lanes or more with central divider,Straight road,,Fine,      TN614T/R 7641,P.V,Non injured,2
12.05.2019,10:10AM,1335.9,RHS,Rural,K.Tippa ,Rear End Collision,,Tipper     ,Minor injury,Over speed,Four lanes or more with central divider,Straight road,,Fine,      TN614T/R 7641,P.V,"No of animals Killed,if Any",0
13.05.2019,01:29AM,1298.58,RHS,Rural,Gudluru ,Rear End Collision,,Container      ,Grievious injury,Fault of driver of motor vehicle/driver of other vehicle/cyclist/pedestrian/passenger,Four lanes or more with central divider,Straight road,,Fine,AP39U 9760,A.M.B & P.V,Fatal,0
13.05.2019,01:29AM,1298.58,RHS,Rural,Gudluru ,Rear End Collision,,Container      ,Grievious injury,Fault of driver of motor vehicle/driver of other vehicle/cyclist/pedestrian/passenger,Four lanes or more with central divider,Straight road,,Fine,AP39U 9760,A.M.B & P.V,Grievous,1
13.05.2019,01:29AM,1298.58,RHS,Rural,Gudluru ,Rear End Collision,,Container      ,Grievious injury,Fault of driver of motor vehicle/driver of other vehicle/cyclist/pedestrian/passenger,Four lanes or more with central divider,Straight road,,Fine,AP39U 9760,A.M.B & P.V,Minor,0
13.05.2019,01:29AM,1298.58,RHS,Rural,Gudluru ,Rear End Collision,,Container      ,Grievious injury,Fault of driver of motor vehicle/driver of other vehicle/cyclist/pedestrian/passenger,Four lanes or more with central divider,Straight road,,Fine,AP39U 9760,A.M.B & P.V,Non injured,1
13.05.2019,01:29AM,1298.58,RHS,Rural,Gudluru ,Rear End Collision,,Container      ,Grievious injury,Fault of driver of motor vehicle/driver of other vehicle/cyclist/pedestrian/passenger,Four lanes or more with central divider,Straight road,,Fine,AP39U 9760,A.M.B & P.V,"No of animals Killed,if Any",0
13.05.2019,10:50AM,1343.5,RHS,Rural,Dagadarthi ,Collision Brush/Side Wipe,,Truck               ,Non injury,Defect in mechanical condition of motor vehicle/road condition,Two lanes,Straight road,,Fine,AP16TG 3315,P.V,Fatal,0
13.05.2019,10:50AM,1343.5,RHS,Rural,Dagadarthi ,Collision Brush/Side Wipe,,Truck               ,Non injury,Defect in mechanical condition of motor vehicle/road condition,Two lanes,Straight road,,Fine,AP16TG 3315,P.V,Grievous,0
13.05.2019,10:50AM,1343.5,RHS,Rural,Dagadarthi ,Collision Brush/Side Wipe,,Truck               ,Non injury,Defect in mechanical condition of motor vehicle/road condition,Two lanes,Straight road,,Fine,AP16TG 3315,P.V,Minor,0
13.05.2019,10:50AM,1343.5,RHS,Rural,Dagadarthi ,Collision Brush/Side Wipe,,Truck               ,Non injury,Defect in mechanical condition of motor vehicle/road condition,Two lanes,Straight road,,Fine,AP16TG 3315,P.V,Non injured,1