Operational date,Time of Accident,KM && M,Position,Rural/Urban,Location,Nature of Accident Position,Nature of Accident,Vehicle Involved,Type of Accident,Causes,Road Feature,Road condition,Intersection Type And Control,Weather Condition,Vehicle Responsible,Help Provided by Ambulance/Patroling Vehicle,Classification of Accident,No of Affected Persons
13.05.2019,10:50AM,1343.5,RHS,Rural,Dagadarthi ,Collision Brush/Side Wipe,,Truck               ,Non injury,Defect in mechanical condition of motor vehicle/road condition,Two lanes,Straight road,,Fine,AP16TG 3315,P.V,"No of animals Killed,if Any",0
13.05.2019,08:46PM,1195.57,LHS,Rural,Martur ,Collision Brush/Side Wipe,,Bike,Grievious injury,Over speed,Two lanes,Straight road,,Fine,AP07AN 6944,A.M.B ,Fatal,0
13.05.2019,08:46PM,1195.57,LHS,Rural,Martur ,Collision Brush/Side Wipe,,Bike,Grievious injury,Over speed,Two lanes,Straight road,,Fine,AP07AN 6944,A.M.B ,Grievous,2
13.05.2019,08:46PM,1195.57,LHS,Rural,Martur ,Collision Brush/Side Wipe,,Bike,Grievious injury,Over speed,Two lanes,Straight road,,Fine,AP07AN 6944,A.M.B ,Minor,0
13.05.2019,08:46PM,1195.57,LHS,Rural,Martur ,Collision Brush/Side Wipe,,Bike,Grievious injury,Over speed,Two lanes,Straight road,,Fine,AP07AN 6944,A.M.B ,Non injured,0
13.05.2019,08:46PM,1195.57,LHS,Rural,Martur ,Collision Brush/Side Wipe,,Bike,Grievious injury,Over speed,Two lanes,Straight road,,Fine,AP07AN 6944,A.M.B ,"No of animals Killed,if Any",0
14.05.2019,04:50AM,1344.55,RHS,Rural,Dagadarthi ,Rear End Collision,,Car,Grievious injury,Fault of driver of motor vehicle/driver of other vehicle/cyclist/pedestrian/passenger,Four lanes or more with central divider,Straight road,,Fine,AP29CB 7579,P.V,Fatal,0
14.05.2019,04:50AM,1344.55,RHS,Rural,Dagadarthi ,Rear End Collision,,Car,Grievious injury,Fault of driver of motor vehicle/driver of other vehicle/cyclist/pedestrian/passenger,Four lanes or more with central divider,Straight road,,Fine,AP29CB 7579,P.V,Grievous,2
14.05.2019,04:50AM,1344.55,RHS,Rural,Dagadarthi ,Rear End Collision,,Car,Grievious injury,Fault of driver of motor vehicle/driver of other vehicle/cyclist/pedestrian/passenger,Four lanes or more with central divider,Straight road,,Fine,AP29CB 7579,P.V,Minor,0
14.05.2019,04:50AM,1344.55,RHS,Rural,Dagadarthi ,Rear End Collision,,Car,Grievious injury,Fault of driver of motor vehicle/driver of other vehicle/cyclist/pedestrian/passenger,Four lanes or more with central divider,Straight road,,Fine,AP29CB 7579,P.V,Non injured,2
14.05.2019,04:50AM,1344.55,RHS,Rural,Dagadarthi ,Rear End Collision,,Car,Grievious injury,Fault of driver of motor vehicle/driver of other vehicle/cyclist/pedestrian/passenger,Four lanes or more with central divider,Straight road,,Fine,AP29CB 7579,P.V,"No of animals Killed,if Any",0
14.05.2019,04:55AM,1238.8,RHS,Rural,Maddipadu ,Rear End Collision,,Car,Minor injury,Fault of driver of motor vehicle/driver of other vehicle/cyclist/pedestrian/passenger,Four lanes or more with central divider,Straight road,,Fine,AP29AC2552,P.V,Fatal,0
14.05.2019,04:55AM,1238.8,RHS,Rural,Maddipadu ,Rear End Collision,,Car,Minor injury,Fault of driver of motor vehicle/driver of other vehicle/cyclist/pedestrian/passenger,Four lanes or more with central divider,Straight road,,Fine,AP29AC2552,P.V,Grievous,0
14.05.2019,04:55AM,1238.8,RHS,Rural,Maddipadu ,Rear End Collision,,Car,Minor injury,Fault of driver of motor vehicle/driver of other vehicle/cyclist/pedestrian/passenger,Four lanes or more with central divider,Straight road,,Fine,AP29AC2552,P.V,Minor,4
14.05.2019,04:55AM,1238.8,RHS,Rural,Maddipadu ,Rear End Collision,,Car,Minor injury,Fault of driver of motor vehicle/driver of other vehicle/cyclist/pedestrian/passenger,Four lanes or more with central divider,Straight road,,Fine,AP29AC2552,P.V,Non injured,1
14.05.2019,04:55AM,1238.8,RHS,Rural,Maddipadu ,Rear End Collision,,Car,Minor injury,Fault of driver of motor vehicle/driver of other vehicle/cyclist/pedestrian/passenger,Four lanes or more with central divider,Straight road,,Fine,AP29AC2552,P.V,"No of animals Killed,if Any",0
14.05.2019,06:10AM,1252.91,RHS,Rural,Ongole ,Collision Brush/Side Wipe,,Jeep,Minor injury,Over speed,Four lanes or more with central divider,Straight road,,Fine,MH47AG8259,P.V,Fatal,0
14.05.2019,06:10AM,1252.91,RHS,Rural,Ongole ,Collision Brush/Side Wipe,,Jeep,Minor injury,Over speed,Four lanes or more with central divider,Straight road,,Fine,MH47AG8259,P.V,Grievous,0
14.05.2019,06:10AM,1252.91,RHS,Rural,Ongole ,Collision Brush/Side Wipe,,Jeep,Minor injury,Over speed,Four lanes or more with central divider,Straight road,,Fine,MH47AG8259,P.V,Minor,8
14.05.2019,06:10AM,1252.91,RHS,Rural,Ongole ,Collision Brush/Side Wipe,,Jeep,Minor injury,Over speed,Four lanes or more with central divider,Straight road,,Fine,MH47AG8259,P.V,Non injured,1
14.05.2019,06:10AM,1252.91,RHS,Rural,Ongole ,Collision Brush/Side Wipe,,Jeep,Minor injury,Over speed,Four lanes or more with central divider,Straight road,,Fine,MH47AG8259,P.V,"No of animals Killed,if Any",0
15.05.2019,06:35AM,1357.08,RHS,Rural,Kodavaluru ,Collision Brush/Side Wipe,,Car           ,Minor injury,Fault of driver of motor vehicle/driver of other vehicle/cyclist/pedestrian/passenger,Four lanes or more with central divider,Straight road,,Fine,TS08EK 9349,P.V,Fatal,0
15.05.2019,06:35AM,1357.08,RHS,Rural,Kodavaluru ,Collision Brush/Side Wipe,,Car           ,Minor injury,Fault of driver of motor vehicle/driver of other vehicle/cyclist/pedestrian/passenger,Four lanes or more with central divider,Straight road,,Fine,TS08EK 9349,P.V,Grievous,0
15.05.2019,06:35AM,1357.08,RHS,Rural,Kodavaluru ,Collision Brush/Side Wipe,,Car           ,Minor injury,Fault of driver of motor vehicle/driver of other vehicle/cyclist/pedestrian/passenger,Four lanes or more with central divider,Straight road,,Fine,TS08EK 9349,P.V,Minor,1
15.05.2019,06:35AM,1357.08,RHS,Rural,Kodavaluru ,Collision Brush/Side Wipe,,Car           ,Minor injury,Fault of driver of motor vehicle/driver of other vehicle/cyclist/pedestrian/passenger,Four lanes or more with central divider,Straight road,,Fine,TS08EK 9349,P.V,Non injured,3
15.05.2019,06:35AM,1357.08,RHS,Rural,Kodavaluru ,Collision Brush/Side Wipe,,Car           ,Minor injury,Fault of driver of motor vehicle/driver of other vehicle/cyclist/pedestrian/passenger,Four lanes or more with central divider,Straight road,,Fine,TS08EK 9349,P.V,"No of animals Killed,if Any",0
15.05.2019,08:45AM,1365.36,RHS,Rural,Kuvuru ,Overturning,,Car            ,Minor injury,Over speed,Four lanes or more with central divider,Straight road,,Fine,AP26CA 7874,P.V,Fatal,0
15.05.2019,08:45AM,1365.36,RHS,Rural,Kuvuru ,Overturning,,Car            ,Minor injury,Over speed,Four lanes or more with central divider,Straight road,,Fine,AP26CA 7874,P.V,Grievous,0
15.05.2019,08:45AM,1365.36,RHS,Rural,Kuvuru ,Overturning,,Car            ,Minor injury,Over speed,Four lanes or more with central divider,Straight road,,Fine,AP26CA 7874,P.V,Minor,1
15.05.2019,08:45AM,1365.36,RHS,Rural,Kuvuru ,Overturning,,Car            ,Minor injury,Over speed,Four lanes or more with central divider,Straight road,,Fine,AP26CA 7874,P.V,Non injured,6
15.05.2019,08:45AM,1365.36,RHS,Rural,Kuvuru ,Overturning,,Car            ,Minor injury,Over speed,Four lanes or more with central divider,Straight road,,Fine,AP26CA 7874,P.V,"No of animals Killed,if Any",0
15.05.2019,12:19PM,1240.4,RHS,Rural,Ongole ,Head on collision,,Bike           ,Grievious injury,Druken,Four lanes or more with central divider,Straight road,,Fine,AP27BX 3044,P.V,Fatal,0
15.05.2019,12:19PM,1240.4,RHS,Rural,Ongole ,Head on collision,,Bike           ,Grievious injury,Druken,Four lanes or more with central divider,Straight road,,Fine,AP27BX 3044,P.V,Grievous,2
15.05.2019,12:19PM,1240.4,RHS,Rural,Ongole ,Head on collision,,Bike           ,Grievious injury,Druken,Four lanes or more with central divider,Straight road,,Fine,AP27BX 3044,P.V,Minor,0
15.05.2019,12:19PM,1240.4,RHS,Rural,Ongole ,Head on collision,,Bike           ,Grievious injury,Druken,Four lanes or more with central divider,Straight road,,Fine,AP27BX 3044,P.V,Non injured,0
15.05.2019,12:19PM,1240.4,RHS,Rural,Ongole ,Head on collision,,Bike           ,Grievious injury,Druken,Four lanes or more with central divider,Straight road,,Fine,AP27BX 3044,P.V,"No of animals Killed,if Any",0
15.05.2019,14:40PM,1246.55,RHS,Rural,Ongole ,Rear End Collision,,Truck               ,Grievious injury,Over speed,Four lanes or more with central divider,Straight road,,Fine,AP07TH 7889,P.V,Fatal,0
15.05.2019,14:40PM,1246.55,RHS,Rural,Ongole ,Rear End Collision,,Truck               ,Grievious injury,Over speed,Four lanes or more with central divider,Straight road,,Fine,AP07TH 7889,P.V,Grievous,1
15.05.2019,14:40PM,1246.55,RHS,Rural,Ongole ,Rear End Collision,,Truck               ,Grievious injury,Over speed,Four lanes or more with central divider,Straight road,,Fine,AP07TH 7889,P.V,Minor,1
15.05.2019,14:40PM,1246.55,RHS,Rural,Ongole ,Rear End Collision,,Truck               ,Grievious injury,Over speed,Four lanes or more with central divider,Straight road,,Fine,AP07TH 7889,P.V,Non injured,1
15.05.2019,14:40PM,1246.55,RHS,Rural,Ongole ,Rear End Collision,,Truck               ,Grievious injury,Over speed,Four lanes or more with central divider,Straight road,,Fine,AP07TH 7889,P.V,"No of animals Killed,if Any",0
16.05.2019,02:10AM,1185.61,LHS,Rural,Martur ,Rear End Collision,,Tanker ,Non injury,Fault of driver of motor vehicle/driver of other vehicle/cyclist/pedestrian/passenger,Four lanes or more with central divider,Straight road,,Fine,AP26U 4858,P.V,Fatal,0
16.05.2019,02:10AM,1185.61,LHS,Rural,Martur ,Rear End Collision,,Tanker ,Non injury,Fault of driver of motor vehicle/driver of other vehicle/cyclist/pedestrian/passenger,Four lanes or more with central divider,Straight road,,Fine,AP26U 4858,P.V,Grievous,0
16.05.2019,02:10AM,1185.61,LHS,Rural,Martur ,Rear End Collision,,Tanker ,Non injury,Fault of driver of motor vehicle/driver of other vehicle/cyclist/pedestrian/passenger,Four lanes or more with central divider,Straight road,,Fine,AP26U 4858,P.V,Minor,0
16.05.2019,02:10AM,1185.61,LHS,Rural,Martur ,Rear End Collision,,Tanker ,Non injury,Fault of driver of motor vehicle/driver of other vehicle/cyclist/pedestrian/passenger,Four lanes or more with central divider,Straight road,,Fine,AP26U 4858,P.V,Non injured,1
16.05.2019,02:10AM,1185.61,LHS,Rural,Martur ,Rear End Collision,,Tanker ,Non injury,Fault of driver of motor vehicle/driver of other vehicle/cyclist/pedestrian/passenger,Four lanes or more with central divider,Straight road,,Fine,AP26U 4858,P.V,"No of animals Killed,if Any",0
16.05.2019,06:30AM,1226.5,RHS,Rural,Maddipadu ,Rear End Collision,,Tanker                   ,Minor injury,Fault of driver of motor vehicle/driver of other vehicle/cyclist/pedestrian/passenger,Four lanes or more with central divider,Straight road,,Fine,TN04AT 5067,P.V,Fatal,0
16.05.2019,06:30AM,1226.5,RHS,Rural,Maddipadu ,Rear End Collision,,Tanker                   ,Minor injury,Fault of driver of motor vehicle/driver of other vehicle/cyclist/pedestrian/passenger,Four lanes or more with central divider,Straight road,,Fine,TN04AT 5067,P.V,Grievous,0
16.05.2019,06:30AM,1226.5,RHS,Rural,Maddipadu ,Rear End Collision,,Tanker                   ,Minor injury,Fault of driver of motor vehicle/driver of other vehicle/cyclist/pedestrian/passenger,Four lanes or more with central divider,Straight road,,Fine,TN04AT 5067,P.V,Minor,1
16.05.2019,06:30AM,1226.5,RHS,Rural,Maddipadu ,Rear End Collision,,Tanker                   ,Minor injury,Fault of driver of motor vehicle/driver of other vehicle/cyclist/pedestrian/passenger,Four lanes or more with central divider,Straight road,,Fine,TN04AT 5067,P.V,Non injured,1
16.05.2019,06:30AM,1226.5,RHS,Rural,Maddipadu ,Rear End Collision,,Tanker                   ,Minor injury,Fault of driver of motor vehicle/driver of other vehicle/cyclist/pedestrian/passenger,Four lanes or more with central divider,Straight road,,Fine,TN04AT 5067,P.V,"No of animals Killed,if Any",0
16.05.2019,08:28PM,1267.58,RHS,Rural,Tanguturu ,Collision Brush/Side Wipe,,Car,Grievious injury,Over speed,Four lanes or more with central divider,Straight road,,Fine,AP22M 8888,A.M.B & P.V,Fatal,0
16.05.2019,08:28PM,1267.58,RHS,Rural,Tanguturu ,Collision Brush/Side Wipe,,Car,Grievious injury,Over speed,Four lanes or more with central divider,Straight road,,Fine,AP22M 8888,A.M.B & P.V,Grievous,2
16.05.2019,08:28PM,1267.58,RHS,Rural,Tanguturu ,Collision Brush/Side Wipe,,Car,Grievious injury,Over speed,Four lanes or more with central divider,Straight road,,Fine,AP22M 8888,A.M.B & P.V,Minor,0
16.05.2019,08:28PM,1267.58,RHS,Rural,Tanguturu ,Collision Brush/Side Wipe,,Car,Grievious injury,Over speed,Four lanes or more with central divider,Straight road,,Fine,AP22M 8888,A.M.B & P.V,Non injured,7
16.05.2019,08:28PM,1267.58,RHS,Rural,Tanguturu ,Collision Brush/Side Wipe,,Car,Grievious injury,Over speed,Four lanes or more with central divider,Straight road,,Fine,AP22M 8888,A.M.B & P.V,"No of animals Killed,if Any",0
17.05.2019,05:55AM,1308.42,RHS,Rural,Kavali ,Rear End Collision,,Truck               ,Non injury,Fault of driver of motor vehicle/driver of other vehicle/cyclist/pedestrian/passenger,Four lanes or more with central divider,Straight road,,Fine,AP27UB 0966,P.V,Fatal,0
17.05.2019,05:55AM,1308.42,RHS,Rural,Kavali ,Rear End Collision,,Truck               ,Non injury,Fault of driver of motor vehicle/driver of other vehicle/cyclist/pedestrian/passenger,Four lanes or more with central divider,Straight road,,Fine,AP27UB 0966,P.V,Grievous,0
17.05.2019,05:55AM,1308.42,RHS,Rural,Kavali ,Rear End Collision,,Truck               ,Non injury,Fault of driver of motor vehicle/driver of other vehicle/cyclist/pedestrian/passenger,Four lanes or more with central divider,Straight road,,Fine,AP27UB 0966,P.V,Minor,0
17.05.2019,05:55AM,1308.42,RHS,Rural,Kavali ,Rear End Collision,,Truck               ,Non injury,Fault of driver of motor vehicle/driver of other vehicle/cyclist/pedestrian/passenger,Four lanes or more with central divider,Straight road,,Fine,AP27UB 0966,P.V,Non injured,1
17.05.2019,05:55AM,1308.42,RHS,Rural,Kavali ,Rear End Collision,,Truck               ,Non injury,Fault of driver of motor vehicle/driver of other vehicle/cyclist/pedestrian/passenger,Four lanes or more with central divider,Straight road,,Fine,AP27UB 0966,P.V,"No of animals Killed,if Any",0
17.05.2019,10:35AM,1337.64,RHS,Rural,K.Tippa ,Collision Brush/Side Wipe,,Truck               ,Non injury,Fault of driver of motor vehicle/driver of other vehicle/cyclist/pedestrian/passenger,Four lanes or more with central divider,Straight road,,Fine,AP16TJ 4575,P.V,Fatal,0
17.05.2019,10:35AM,1337.64,RHS,Rural,K.Tippa ,Collision Brush/Side Wipe,,Truck               ,Non injury,Fault of driver of motor vehicle/driver of other vehicle/cyclist/pedestrian/passenger,Four lanes or more with central divider,Straight road,,Fine,AP16TJ 4575,P.V,Grievous,0
17.05.2019,10:35AM,1337.64,RHS,Rural,K.Tippa ,Collision Brush/Side Wipe,,Truck               ,Non injury,Fault of driver of motor vehicle/driver of other vehicle/cyclist/pedestrian/passenger,Four lanes or more with central divider,Straight road,,Fine,AP16TJ 4575,P.V,Minor,0
17.05.2019,10:35AM,1337.64,RHS,Rural,K.Tippa ,Collision Brush/Side Wipe,,Truck               ,Non injury,Fault of driver of motor vehicle/driver of other vehicle/cyclist/pedestrian/passenger,Four lanes or more with central divider,Straight road,,Fine,AP16TJ 4575,P.V,Non injured,2
17.05.2019,10:35AM,1337.64,RHS,Rural,K.Tippa ,Collision Brush/Side Wipe,,Truck               ,Non injury,Fault of driver of motor vehicle/driver of other vehicle/cyclist/pedestrian/passenger,Four lanes or more with central divider,Straight road,,Fine,AP16TJ 4575,P.V,"No of animals Killed,if Any",0
17.05.2019,11:50AM,1282,RHS,Rural,Ulavapadu ,Collision Brush/Side Wipe,,Unknown Vehicle,Minor injury,Over speed,Four lanes or more with central divider,Straight road,,Fine,Unknown Vehicle,P.V,Fatal,0
17.05.2019,11:50AM,1282,RHS,Rural,Ulavapadu ,Collision Brush/Side Wipe,,Unknown Vehicle,Minor injury,Over speed,Four lanes or more with central divider,Straight road,,Fine,Unknown Vehicle,P.V,Grievous,0
17.05.2019,11:50AM,1282,RHS,Rural,Ulavapadu ,Collision Brush/Side Wipe,,Unknown Vehicle,Minor injury,Over speed,Four lanes or more with central divider,Straight road,,Fine,Unknown Vehicle,P.V,Minor,1
17.05.2019,11:50AM,1282,RHS,Rural,Ulavapadu ,Collision Brush/Side Wipe,,Unknown Vehicle,Minor injury,Over speed,Four lanes or more with central divider,Straight road,,Fine,Unknown Vehicle,P.V,Non injured,1
17.05.2019,11:50AM,1282,RHS,Rural,Ulavapadu ,Collision Brush/Side Wipe,,Unknown Vehicle,Minor injury,Over speed,Four lanes or more with central divider,Straight road,,Fine,Unknown Vehicle,P.V,"No of animals Killed,if Any",0
17.05.2019,12:19PM,1298.5,LHS,Rural,Gudluru ,Rear End Collision,,LCV,Grievious injury,Over speed,Four lanes or more with central divider,Straight road,,Fine,MH14M 9536,A.M.B & P.V,Fatal,0
17.05.2019,12:19PM,1298.5,LHS,Rural,Gudluru ,Rear End Collision,,LCV,Grievious injury,Over speed,Four lanes or more with central divider,Straight road,,Fine,MH14M 9536,A.M.B & P.V,Grievous,2
17.05.2019,12:19PM,1298.5,LHS,Rural,Gudluru ,Rear End Collision,,LCV,Grievious injury,Over speed,Four lanes or more with central divider,Straight road,,Fine,MH14M 9536,A.M.B & P.V,Minor,0
17.05.2019,12:19PM,1298.5,LHS,Rural,Gudluru ,Rear End Collision,,LCV,Grievious injury,Over speed,Four lanes or more with central divider,Straight road,,Fine,MH14M 9536,A.M.B & P.V,Non injured,0
17.05.2019,12:19PM,1298.5,LHS,Rural,Gudluru ,Rear End Collision,,LCV,Grievious injury,Over speed,Four lanes or more with central divider,Straight road,,Fine,MH14M 9536,A.M.B & P.V,"No of animals Killed,if Any",0
18.05.2019,08:23AM,1309.15,LHS,Rural,Kavali ,Skidding,,Bike         ,Minor injury,Druken,Four lanes or more with central divider,Straight road,,Fine,AP26AA 5030,A.M.B,Fatal,0
18.05.2019,08:23AM,1309.15,LHS,Rural,Kavali ,Skidding,,Bike         ,Minor injury,Druken,Four lanes or more with central divider,Straight road,,Fine,AP26AA 5030,A.M.B,Grievous,0
18.05.2019,08:23AM,1309.15,LHS,Rural,Kavali ,Skidding,,Bike         ,Minor injury,Druken,Four lanes or more with central divider,Straight road,,Fine,AP26AA 5030,A.M.B,Minor,1
18.05.2019,08:23AM,1309.15,LHS,Rural,Kavali ,Skidding,,Bike         ,Minor injury,Druken,Four lanes or more with central divider,Straight road,,Fine,AP26AA 5030,A.M.B,Non injured,2
18.05.2019,08:23AM,1309.15,LHS,Rural,Kavali ,Skidding,,Bike         ,Minor injury,Druken,Four lanes or more with central divider,Straight road,,Fine,AP26AA 5030,A.M.B,"No of animals Killed,if Any",0
18.05.2019,12:41PM,1305.43,LHS,Rural,Gudluru ,Collision Brush/Side Wipe,,Truck               ,Non injury,Fault of driver of motor vehicle/driver of other vehicle/cyclist/pedestrian/passenger,Four lanes or more with central divider,Slight curve,,Fine,AP02W 4747,P.V,Fatal,0
18.05.2019,12:41PM,1305.43,LHS,Rural,Gudluru ,Collision Brush/Side Wipe,,Truck               ,Non injury,Fault of driver of motor vehicle/driver of other vehicle/cyclist/pedestrian/passenger,Four lanes or more with central divider,Slight curve,,Fine,AP02W 4747,P.V,Grievous,0
18.05.2019,12:41PM,1305.43,LHS,Rural,Gudluru ,Collision Brush/Side Wipe,,Truck               ,Non injury,Fault of driver of motor vehicle/driver of other vehicle/cyclist/pedestrian/passenger,Four lanes or more with central divider,Slight curve,,Fine,AP02W 4747,P.V,Minor,0
18.05.2019,12:41PM,1305.43,LHS,Rural,Gudluru ,Collision Brush/Side Wipe,,Truck               ,Non injury,Fault of driver of motor vehicle/driver of other vehicle/cyclist/pedestrian/passenger,Four lanes or more with central divider,Slight curve,,Fine,AP02W 4747,P.V,Non injured,1
18.05.2019,12:41PM,1305.43,LHS,Rural,Gudluru ,Collision Brush/Side Wipe,,Truck               ,Non injury,Fault of driver of motor vehicle/driver of other vehicle/cyclist/pedestrian/passenger,Four lanes or more with central divider,Slight curve,,Fine,AP02W 4747,P.V,"No of animals Killed,if Any",0
18.05.2019,05:30PM,1276.67,RHS,Rural,Singarayakonda ,Overturning,,Auto         ,Non injury,Defect in mechanical condition of motor vehicle/road condition,Four lanes or more with central divider,Straight road,,Fine,AP27TY 5840,P.V,Fatal,0
18.05.2019,05:30PM,1276.67,RHS,Rural,Singarayakonda ,Overturning,,Auto         ,Non injury,Defect in mechanical condition of motor vehicle/road condition,Four lanes or more with central divider,Straight road,,Fine,AP27TY 5840,P.V,Grievous,0
18.05.2019,05:30PM,1276.67,RHS,Rural,Singarayakonda ,Overturning,,Auto         ,Non injury,Defect in mechanical condition of motor vehicle/road condition,Four lanes or more with central divider,Straight road,,Fine,AP27TY 5840,P.V,Minor,0
18.05.2019,05:30PM,1276.67,RHS,Rural,Singarayakonda ,Overturning,,Auto         ,Non injury,Defect in mechanical condition of motor vehicle/road condition,Four lanes or more with central divider,Straight road,,Fine,AP27TY 5840,P.V,Non injured,1
18.05.2019,05:30PM,1276.67,RHS,Rural,Singarayakonda ,Overturning,,Auto         ,Non injury,Defect in mechanical condition of motor vehicle/road condition,Four lanes or more with central divider,Straight road,,Fine,AP27TY 5840,P.V,"No of animals Killed,if Any",0
18.05.2019,06:02PM,1305.96,LHS,Rural,Gudluru ,Collision Brush/Side Wipe,,Car         ,Grievious injury,Over speed,Four lanes or more with central divider,Straight road,T-Junction,Fine,AP03AN 8226,A.M.B & P.V,Fatal,0
18.05.2019,06:02PM,1305.96,LHS,Rural,Gudluru ,Collision Brush/Side Wipe,,Car         ,Grievious injury,Over speed,Four lanes or more with central divider,Straight road,T-Junction,Fine,AP03AN 8226,A.M.B & P.V,Grievous,2
18.05.2019,06:02PM,1305.96,LHS,Rural,Gudluru ,Collision Brush/Side Wipe,,Car         ,Grievious injury,Over speed,Four lanes or more with central divider,Straight road,T-Junction,Fine,AP03AN 8226,A.M.B & P.V,Minor,1
18.05.2019,06:02PM,1305.96,LHS,Rural,Gudluru ,Collision Brush/Side Wipe,,Car         ,Grievious injury,Over speed,Four lanes or more with central divider,Straight road,T-Junction,Fine,AP03AN 8226,A.M.B & P.V,Non injured,1
18.05.2019,06:02PM,1305.96,LHS,Rural,Gudluru ,Collision Brush/Side Wipe,,Car         ,Grievious injury,Over speed,Four lanes or more with central divider,Straight road,T-Junction,Fine,AP03AN 8226,A.M.B & P.V,"No of animals Killed,if Any",0
19.05.2019,02:02AM,1304,LHS,Rural,Gudluru ,Rear End Collision,,Car    ,Fatal,Fault of driver of motor vehicle/driver of other vehicle/cyclist/pedestrian/passenger,Four lanes or more with central divider,Straight road,,Fine,AP07TL 0683,A.M.B & P.V,Fatal,1
19.05.2019,02:02AM,1304,LHS,Rural,Gudluru ,Rear End Collision,,Car    ,Fatal,Fault of driver of motor vehicle/driver of other vehicle/cyclist/pedestrian/passenger,Four lanes or more with central divider,Straight road,,Fine,AP07TL 0683,A.M.B & P.V,Grievous,3
19.05.2019,02:02AM,1304,LHS,Rural,Gudluru ,Rear End Collision,,Car    ,Fatal,Fault of driver of motor vehicle/driver of other vehicle/cyclist/pedestrian/passenger,Four lanes or more with central divider,Straight road,,Fine,AP07TL 0683,A.M.B & P.V,Minor,9
19.05.2019,02:02AM,1304,LHS,Rural,Gudluru ,Rear End Collision,,Car    ,Fatal,Fault of driver of motor vehicle/driver of other vehicle/cyclist/pedestrian/passenger,Four lanes or more with central divider,Straight road,,Fine,AP07TL 0683,A.M.B & P.V,Non injured,1
19.05.2019,02:02AM,1304,LHS,Rural,Gudluru ,Rear End Collision,,Car    ,Fatal,Fault of driver of motor vehicle/driver of other vehicle/cyclist/pedestrian/passenger,Four lanes or more with central divider,Straight road,,Fine,AP07TL 0683,A.M.B & P.V,"No of animals Killed,if Any",0
19.05.2019,07:35AM,1185.85,RHS,Rural,Martur ,Rear End Collision,,LCV,Minor injury,Fault of driver of motor vehicle/driver of other vehicle/cyclist/pedestrian/passenger,Four lanes or more with central divider,Straight road,,Fine,AP27TX  8362,P.V,Fatal,0
19.05.2019,07:35AM,1185.85,RHS,Rural,Martur ,Rear End Collision,,LCV,Minor injury,Fault of driver of motor vehicle/driver of other vehicle/cyclist/pedestrian/passenger,Four lanes or more with central divider,Straight road,,Fine,AP27TX  8362,P.V,Grievous,0
19.05.2019,07:35AM,1185.85,RHS,Rural,Martur ,Rear End Collision,,LCV,Minor injury,Fault of driver of motor vehicle/driver of other vehicle/cyclist/pedestrian/passenger,Four lanes or more with central divider,Straight road,,Fine,AP27TX  8362,P.V,Minor,2
19.05.2019,07:35AM,1185.85,RHS,Rural,Martur ,Rear End Collision,,LCV,Minor injury,Fault of driver of motor vehicle/driver of other vehicle/cyclist/pedestrian/passenger,Four lanes or more with central divider,Straight road,,Fine,AP27TX  8362,P.V,Non injured,0
19.05.2019,07:35AM,1185.85,RHS,Rural,Martur ,Rear End Collision,,LCV,Minor injury,Fault of driver of motor vehicle/driver of other vehicle/cyclist/pedestrian/passenger,Four lanes or more with central divider,Straight road,,Fine,AP27TX  8362,P.V,"No of animals Killed,if Any",0
19.05.2019,05:22PM,1315,LHS,Rural,Kavali ,Rear End Collision,,LCV,Non injury,Over speed,Four lanes or more with central divider,Straight road,,Fine,TS30T  5262,P.V,Fatal,0
19.05.2019,05:22PM,1315,LHS,Rural,Kavali ,Rear End Collision,,LCV,Non injury,Over speed,Four lanes or more with central divider,Straight road,,Fine,TS30T  5262,P.V,Grievous,0
19.05.2019,05:22PM,1315,LHS,Rural,Kavali ,Rear End Collision,,LCV,Non injury,Over speed,Four lanes or more with central divider,Straight road,,Fine,TS30T  5262,P.V,Minor,0
19.05.2019,05:22PM,1315,LHS,Rural,Kavali ,Rear End Collision,,LCV,Non injury,Over speed,Four lanes or more with central divider,Straight road,,Fine,TS30T  5262,P.V,Non injured,2
19.05.2019,05:22PM,1315,LHS,Rural,Kavali ,Rear End Collision,,LCV,Non injury,Over speed,Four lanes or more with central divider,Straight road,,Fine,TS30T  5262,P.V,"No of animals Killed,if Any",0
21.05.2019,04:50AM,1202.2,RHS,Rural,Revangivaram ,Collision Brush/Side Wipe,,Tanker      ,Minor injury,Fault of driver of motor vehicle/driver of other vehicle/cyclist/pedestrian/passenger,Four lanes or more with central divider,Straight road,,Fine,AP31TG 0555,A.M.B & P.V,Fatal,0
21.05.2019,04:50AM,1202.2,RHS,Rural,Revangivaram ,Collision Brush/Side Wipe,,Tanker      ,Minor injury,Fault of driver of motor vehicle/driver of other vehicle/cyclist/pedestrian/passenger,Four lanes or more with central divider,Straight road,,Fine,AP31TG 0555,A.M.B & P.V,Grievous,0