Operational date,Time of Accident,KM && M,Position,Rural/Urban,Location,Nature of Accident Position,Nature of Accident,Vehicle Involved,Type of Accident,Causes,Road Feature,Road condition,Intersection Type And Control,Weather Condition,Vehicle Responsible,Help Provided by Ambulance/Patroling Vehicle,Classification of Accident,No of Affected Persons
21.05.2019,04:50AM,1202.2,RHS,Rural,Revangivaram ,Collision Brush/Side Wipe,,Tanker      ,Minor injury,Fault of driver of motor vehicle/driver of other vehicle/cyclist/pedestrian/passenger,Four lanes or more with central divider,Straight road,,Fine,AP31TG 0555,A.M.B & P.V,Minor,1
21.05.2019,04:50AM,1202.2,RHS,Rural,Revangivaram ,Collision Brush/Side Wipe,,Tanker      ,Minor injury,Fault of driver of motor vehicle/driver of other vehicle/cyclist/pedestrian/passenger,Four lanes or more with central divider,Straight road,,Fine,AP31TG 0555,A.M.B & P.V,Non injured,0
21.05.2019,04:50AM,1202.2,RHS,Rural,Revangivaram ,Collision Brush/Side Wipe,,Tanker      ,Minor injury,Fault of driver of motor vehicle/driver of other vehicle/cyclist/pedestrian/passenger,Four lanes or more with central divider,Straight road,,Fine,AP31TG 0555,A.M.B & P.V,"No of animals Killed,if Any",0
21.05.2019,12:27PM,1204.85,LHS,Rural,Revangivaram ,Collision Brush/Side Wipe,,Bike ,Grievious injury,Fault of driver of motor vehicle/driver of other vehicle/cyclist/pedestrian/passenger,Two lanes,Straight road,,Fine,AP27CC8724,A.M.B,Fatal,0
21.05.2019,12:27PM,1204.85,LHS,Rural,Revangivaram ,Collision Brush/Side Wipe,,Bike ,Grievious injury,Fault of driver of motor vehicle/driver of other vehicle/cyclist/pedestrian/passenger,Two lanes,Straight road,,Fine,AP27CC8724,A.M.B,Grievous,1
21.05.2019,12:27PM,1204.85,LHS,Rural,Revangivaram ,Collision Brush/Side Wipe,,Bike ,Grievious injury,Fault of driver of motor vehicle/driver of other vehicle/cyclist/pedestrian/passenger,Two lanes,Straight road,,Fine,AP27CC8724,A.M.B,Minor,0
21.05.2019,12:27PM,1204.85,LHS,Rural,Revangivaram ,Collision Brush/Side Wipe,,Bike ,Grievious injury,Fault of driver of motor vehicle/driver of other vehicle/cyclist/pedestrian/passenger,Two lanes,Straight road,,Fine,AP27CC8724,A.M.B,Non injured,1
21.05.2019,12:27PM,1204.85,LHS,Rural,Revangivaram ,Collision Brush/Side Wipe,,Bike ,Grievious injury,Fault of driver of motor vehicle/driver of other vehicle/cyclist/pedestrian/passenger,Two lanes,Straight road,,Fine,AP27CC8724,A.M.B,"No of animals Killed,if Any",0
22.05.2019,07:30AM,1242.05,LHS,Rural,Ongole ,Collision Brush/Side Wipe,,Truck               ,Non injury,Fault of driver of motor vehicle/driver of other vehicle/cyclist/pedestrian/passenger,Four lanes or more with central divider,Straight road,,Fine,AP07 TF 6379,P.V,Fatal,0
22.05.2019,07:30AM,1242.05,LHS,Rural,Ongole ,Collision Brush/Side Wipe,,Truck               ,Non injury,Fault of driver of motor vehicle/driver of other vehicle/cyclist/pedestrian/passenger,Four lanes or more with central divider,Straight road,,Fine,AP07 TF 6379,P.V,Grievous,0
22.05.2019,07:30AM,1242.05,LHS,Rural,Ongole ,Collision Brush/Side Wipe,,Truck               ,Non injury,Fault of driver of motor vehicle/driver of other vehicle/cyclist/pedestrian/passenger,Four lanes or more with central divider,Straight road,,Fine,AP07 TF 6379,P.V,Minor,0
22.05.2019,07:30AM,1242.05,LHS,Rural,Ongole ,Collision Brush/Side Wipe,,Truck               ,Non injury,Fault of driver of motor vehicle/driver of other vehicle/cyclist/pedestrian/passenger,Four lanes or more with central divider,Straight road,,Fine,AP07 TF 6379,P.V,Non injured,2
22.05.2019,07:30AM,1242.05,LHS,Rural,Ongole ,Collision Brush/Side Wipe,,Truck               ,Non injury,Fault of driver of motor vehicle/driver of other vehicle/cyclist/pedestrian/passenger,Four lanes or more with central divider,Straight road,,Fine,AP07 TF 6379,P.V,"No of animals Killed,if Any",0
22.05.2019,10:43AM,1352.46,LHS,Rural,Kodavalur ,Rear End Collision,,Car                ,Grievious injury,Over speed,Four lanes or more with central divider,Straight road,,Fine,AP09 CV 9009, P.V,Fatal,0
22.05.2019,10:43AM,1352.46,LHS,Rural,Kodavalur ,Rear End Collision,,Car                ,Grievious injury,Over speed,Four lanes or more with central divider,Straight road,,Fine,AP09 CV 9009, P.V,Grievous,2
22.05.2019,10:43AM,1352.46,LHS,Rural,Kodavalur ,Rear End Collision,,Car                ,Grievious injury,Over speed,Four lanes or more with central divider,Straight road,,Fine,AP09 CV 9009, P.V,Minor,0
22.05.2019,10:43AM,1352.46,LHS,Rural,Kodavalur ,Rear End Collision,,Car                ,Grievious injury,Over speed,Four lanes or more with central divider,Straight road,,Fine,AP09 CV 9009, P.V,Non injured,2
22.05.2019,10:43AM,1352.46,LHS,Rural,Kodavalur ,Rear End Collision,,Car                ,Grievious injury,Over speed,Four lanes or more with central divider,Straight road,,Fine,AP09 CV 9009, P.V,"No of animals Killed,if Any",0
23.05.2019,02:20AM,1341.16,LHS,Rural,Dagadarthi ,Collision Brush/Side Wipe,,Container ,Non injury,Fault of driver of motor vehicle/driver of other vehicle/cyclist/pedestrian/passenger,Two lanes,Straight road,,Fine,UP70FT 6704,P.V,Fatal,0
23.05.2019,02:20AM,1341.16,LHS,Rural,Dagadarthi ,Collision Brush/Side Wipe,,Container ,Non injury,Fault of driver of motor vehicle/driver of other vehicle/cyclist/pedestrian/passenger,Two lanes,Straight road,,Fine,UP70FT 6704,P.V,Grievous,0
23.05.2019,02:20AM,1341.16,LHS,Rural,Dagadarthi ,Collision Brush/Side Wipe,,Container ,Non injury,Fault of driver of motor vehicle/driver of other vehicle/cyclist/pedestrian/passenger,Two lanes,Straight road,,Fine,UP70FT 6704,P.V,Minor,0
23.05.2019,02:20AM,1341.16,LHS,Rural,Dagadarthi ,Collision Brush/Side Wipe,,Container ,Non injury,Fault of driver of motor vehicle/driver of other vehicle/cyclist/pedestrian/passenger,Two lanes,Straight road,,Fine,UP70FT 6704,P.V,Non injured,1
23.05.2019,02:20AM,1341.16,LHS,Rural,Dagadarthi ,Collision Brush/Side Wipe,,Container ,Non injury,Fault of driver of motor vehicle/driver of other vehicle/cyclist/pedestrian/passenger,Two lanes,Straight road,,Fine,UP70FT 6704,P.V,"No of animals Killed,if Any",0
23.05.2019,06:00PM,1233.05,RHS,Rural,Maddipadu ,Overturning,,Tanker,Minor injury,Fault of driver of motor vehicle/driver of other vehicle/cyclist/pedestrian/passenger,Four lanes or more with central divider,Straight road,,Fine,AP37TF 2898, P.V,Fatal,0
23.05.2019,06:00PM,1233.05,RHS,Rural,Maddipadu ,Overturning,,Tanker,Minor injury,Fault of driver of motor vehicle/driver of other vehicle/cyclist/pedestrian/passenger,Four lanes or more with central divider,Straight road,,Fine,AP37TF 2898, P.V,Grievous,0
23.05.2019,06:00PM,1233.05,RHS,Rural,Maddipadu ,Overturning,,Tanker,Minor injury,Fault of driver of motor vehicle/driver of other vehicle/cyclist/pedestrian/passenger,Four lanes or more with central divider,Straight road,,Fine,AP37TF 2898, P.V,Minor,1
23.05.2019,06:00PM,1233.05,RHS,Rural,Maddipadu ,Overturning,,Tanker,Minor injury,Fault of driver of motor vehicle/driver of other vehicle/cyclist/pedestrian/passenger,Four lanes or more with central divider,Straight road,,Fine,AP37TF 2898, P.V,Non injured,1
23.05.2019,06:00PM,1233.05,RHS,Rural,Maddipadu ,Overturning,,Tanker,Minor injury,Fault of driver of motor vehicle/driver of other vehicle/cyclist/pedestrian/passenger,Four lanes or more with central divider,Straight road,,Fine,AP37TF 2898, P.V,"No of animals Killed,if Any",0
24.05.2019,09:00AM,1345.28,RHS,Rural,Dagadarthi ,Rear End Collision,,Car,Non injury,Over speed,Four lanes or more with central divider,Straight road,,Fine,AP03AW 1566,P.V,Fatal,0
24.05.2019,09:00AM,1345.28,RHS,Rural,Dagadarthi ,Rear End Collision,,Car,Non injury,Over speed,Four lanes or more with central divider,Straight road,,Fine,AP03AW 1566,P.V,Grievous,0
24.05.2019,09:00AM,1345.28,RHS,Rural,Dagadarthi ,Rear End Collision,,Car,Non injury,Over speed,Four lanes or more with central divider,Straight road,,Fine,AP03AW 1566,P.V,Minor,0
24.05.2019,09:00AM,1345.28,RHS,Rural,Dagadarthi ,Rear End Collision,,Car,Non injury,Over speed,Four lanes or more with central divider,Straight road,,Fine,AP03AW 1566,P.V,Non injured,1
24.05.2019,09:00AM,1345.28,RHS,Rural,Dagadarthi ,Rear End Collision,,Car,Non injury,Over speed,Four lanes or more with central divider,Straight road,,Fine,AP03AW 1566,P.V,"No of animals Killed,if Any",0
24.05.2019,10:45AM,1199.1,LHS,Rural,Renangivaram ,Others(p1.Specific),,F/R Bike,Grievious injury,Fault of driver of motor vehicle/driver of other vehicle/cyclist/pedestrian/passenger,Four lanes or more with central divider,Straight road,,Fine,F/R Bike,A.M.B,Fatal,0
24.05.2019,10:45AM,1199.1,LHS,Rural,Renangivaram ,Others(p1.Specific),,F/R Bike,Grievious injury,Fault of driver of motor vehicle/driver of other vehicle/cyclist/pedestrian/passenger,Four lanes or more with central divider,Straight road,,Fine,F/R Bike,A.M.B,Grievous,1
24.05.2019,10:45AM,1199.1,LHS,Rural,Renangivaram ,Others(p1.Specific),,F/R Bike,Grievious injury,Fault of driver of motor vehicle/driver of other vehicle/cyclist/pedestrian/passenger,Four lanes or more with central divider,Straight road,,Fine,F/R Bike,A.M.B,Minor,0
24.05.2019,10:45AM,1199.1,LHS,Rural,Renangivaram ,Others(p1.Specific),,F/R Bike,Grievious injury,Fault of driver of motor vehicle/driver of other vehicle/cyclist/pedestrian/passenger,Four lanes or more with central divider,Straight road,,Fine,F/R Bike,A.M.B,Non injured,1
24.05.2019,10:45AM,1199.1,LHS,Rural,Renangivaram ,Others(p1.Specific),,F/R Bike,Grievious injury,Fault of driver of motor vehicle/driver of other vehicle/cyclist/pedestrian/passenger,Four lanes or more with central divider,Straight road,,Fine,F/R Bike,A.M.B,"No of animals Killed,if Any",0
24.05.2019,11:00AM,1328.15,RHS,Rural,Kavali ,Skidding,,Bike,Minor injury,Druken,Four lanes or more with central divider,Straight road,,Fine,AP26AN 9186,A.M.B,Fatal,0
24.05.2019,11:00AM,1328.15,RHS,Rural,Kavali ,Skidding,,Bike,Minor injury,Druken,Four lanes or more with central divider,Straight road,,Fine,AP26AN 9186,A.M.B,Grievous,0
24.05.2019,11:00AM,1328.15,RHS,Rural,Kavali ,Skidding,,Bike,Minor injury,Druken,Four lanes or more with central divider,Straight road,,Fine,AP26AN 9186,A.M.B,Minor,1
24.05.2019,11:00AM,1328.15,RHS,Rural,Kavali ,Skidding,,Bike,Minor injury,Druken,Four lanes or more with central divider,Straight road,,Fine,AP26AN 9186,A.M.B,Non injured,0
24.05.2019,11:00AM,1328.15,RHS,Rural,Kavali ,Skidding,,Bike,Minor injury,Druken,Four lanes or more with central divider,Straight road,,Fine,AP26AN 9186,A.M.B,"No of animals Killed,if Any",0
24.05.2019,06:30PM,1351.04,RHS,Rural,Kodavaluru ,Collision Brush/Side Wipe,,Truck               ,Non injury,Over speed,Four lanes or more with central divider,Straight road,,Fine,TN34Z 4314,P.V,Fatal,0
24.05.2019,06:30PM,1351.04,RHS,Rural,Kodavaluru ,Collision Brush/Side Wipe,,Truck               ,Non injury,Over speed,Four lanes or more with central divider,Straight road,,Fine,TN34Z 4314,P.V,Grievous,0
24.05.2019,06:30PM,1351.04,RHS,Rural,Kodavaluru ,Collision Brush/Side Wipe,,Truck               ,Non injury,Over speed,Four lanes or more with central divider,Straight road,,Fine,TN34Z 4314,P.V,Minor,0
24.05.2019,06:30PM,1351.04,RHS,Rural,Kodavaluru ,Collision Brush/Side Wipe,,Truck               ,Non injury,Over speed,Four lanes or more with central divider,Straight road,,Fine,TN34Z 4314,P.V,Non injured,1
24.05.2019,06:30PM,1351.04,RHS,Rural,Kodavaluru ,Collision Brush/Side Wipe,,Truck               ,Non injury,Over speed,Four lanes or more with central divider,Straight road,,Fine,TN34Z 4314,P.V,"No of animals Killed,if Any",0
24.05.2019,11:33PM,1276.3,RHS,Rural,Singarayakonda ,Rear End Collision,,LCV,Fatal,Fault of driver of motor vehicle/driver of other vehicle/cyclist/pedestrian/passenger,Four lanes or more with central divider,Straight road,,Fine,AP07TW 7273, P.V,Fatal,1
24.05.2019,11:33PM,1276.3,RHS,Rural,Singarayakonda ,Rear End Collision,,LCV,Fatal,Fault of driver of motor vehicle/driver of other vehicle/cyclist/pedestrian/passenger,Four lanes or more with central divider,Straight road,,Fine,AP07TW 7273, P.V,Grievous,0
24.05.2019,11:33PM,1276.3,RHS,Rural,Singarayakonda ,Rear End Collision,,LCV,Fatal,Fault of driver of motor vehicle/driver of other vehicle/cyclist/pedestrian/passenger,Four lanes or more with central divider,Straight road,,Fine,AP07TW 7273, P.V,Minor,0
24.05.2019,11:33PM,1276.3,RHS,Rural,Singarayakonda ,Rear End Collision,,LCV,Fatal,Fault of driver of motor vehicle/driver of other vehicle/cyclist/pedestrian/passenger,Four lanes or more with central divider,Straight road,,Fine,AP07TW 7273, P.V,Non injured,3
24.05.2019,11:33PM,1276.3,RHS,Rural,Singarayakonda ,Rear End Collision,,LCV,Fatal,Fault of driver of motor vehicle/driver of other vehicle/cyclist/pedestrian/passenger,Four lanes or more with central divider,Straight road,,Fine,AP07TW 7273, P.V,"No of animals Killed,if Any",0
25.05.2019,06:25PM,1329.24,RHS,Rural,Kavali ,Skidding,,Scooty         ,Minor injury,Druken,Two lanes,Straight road,,Fine,TS29            5766,A.M.B,Fatal,0
25.05.2019,06:25PM,1329.24,RHS,Rural,Kavali ,Skidding,,Scooty         ,Minor injury,Druken,Two lanes,Straight road,,Fine,TS29            5766,A.M.B,Grievous,0
25.05.2019,06:25PM,1329.24,RHS,Rural,Kavali ,Skidding,,Scooty         ,Minor injury,Druken,Two lanes,Straight road,,Fine,TS29            5766,A.M.B,Minor,2
25.05.2019,06:25PM,1329.24,RHS,Rural,Kavali ,Skidding,,Scooty         ,Minor injury,Druken,Two lanes,Straight road,,Fine,TS29            5766,A.M.B,Non injured,0
25.05.2019,06:25PM,1329.24,RHS,Rural,Kavali ,Skidding,,Scooty         ,Minor injury,Druken,Two lanes,Straight road,,Fine,TS29            5766,A.M.B,"No of animals Killed,if Any",0
26.05.2019,12:30PM,1264,LHS,Rural,Tangutur ,Overturning,,Tractor         ,Non injury,Fault of driver of motor vehicle/driver of other vehicle/cyclist/pedestrian/passenger,Four lanes or more with central divider,Straight road,,Fine,AP27AR         8094,P.V,Fatal,0
26.05.2019,12:30PM,1264,LHS,Rural,Tangutur ,Overturning,,Tractor         ,Non injury,Fault of driver of motor vehicle/driver of other vehicle/cyclist/pedestrian/passenger,Four lanes or more with central divider,Straight road,,Fine,AP27AR         8094,P.V,Grievous,0
26.05.2019,12:30PM,1264,LHS,Rural,Tangutur ,Overturning,,Tractor         ,Non injury,Fault of driver of motor vehicle/driver of other vehicle/cyclist/pedestrian/passenger,Four lanes or more with central divider,Straight road,,Fine,AP27AR         8094,P.V,Minor,0
26.05.2019,12:30PM,1264,LHS,Rural,Tangutur ,Overturning,,Tractor         ,Non injury,Fault of driver of motor vehicle/driver of other vehicle/cyclist/pedestrian/passenger,Four lanes or more with central divider,Straight road,,Fine,AP27AR         8094,P.V,Non injured,1
26.05.2019,12:30PM,1264,LHS,Rural,Tangutur ,Overturning,,Tractor         ,Non injury,Fault of driver of motor vehicle/driver of other vehicle/cyclist/pedestrian/passenger,Four lanes or more with central divider,Straight road,,Fine,AP27AR         8094,P.V,"No of animals Killed,if Any",0
26.05.2019,07:42PM,1203.56,RHS,Rural,Renangivaram ,Collision Brush/Side Wipe,,Bike            ,Minor injury,Fault of driver of motor vehicle/driver of other vehicle/cyclist/pedestrian/passenger,Four lanes or more with central divider,Straight road,,Fine,AP37DD        2047,A.M.B,Fatal,0
26.05.2019,07:42PM,1203.56,RHS,Rural,Renangivaram ,Collision Brush/Side Wipe,,Bike            ,Minor injury,Fault of driver of motor vehicle/driver of other vehicle/cyclist/pedestrian/passenger,Four lanes or more with central divider,Straight road,,Fine,AP37DD        2047,A.M.B,Grievous,0
26.05.2019,07:42PM,1203.56,RHS,Rural,Renangivaram ,Collision Brush/Side Wipe,,Bike            ,Minor injury,Fault of driver of motor vehicle/driver of other vehicle/cyclist/pedestrian/passenger,Four lanes or more with central divider,Straight road,,Fine,AP37DD        2047,A.M.B,Minor,1
26.05.2019,07:42PM,1203.56,RHS,Rural,Renangivaram ,Collision Brush/Side Wipe,,Bike            ,Minor injury,Fault of driver of motor vehicle/driver of other vehicle/cyclist/pedestrian/passenger,Four lanes or more with central divider,Straight road,,Fine,AP37DD        2047,A.M.B,Non injured,1
26.05.2019,07:42PM,1203.56,RHS,Rural,Renangivaram ,Collision Brush/Side Wipe,,Bike            ,Minor injury,Fault of driver of motor vehicle/driver of other vehicle/cyclist/pedestrian/passenger,Four lanes or more with central divider,Straight road,,Fine,AP37DD        2047,A.M.B,"No of animals Killed,if Any",0
27.05.2019,07:30AM,1319.4,RHS,Rural,Kavali ,Overturning,,Lorry   ,Minor injury,Fault of driver of motor vehicle/driver of other vehicle/cyclist/pedestrian/passenger,Two lanes,Straight road,,Fine,TN34K 7513,P.V,Fatal,0
27.05.2019,07:30AM,1319.4,RHS,Rural,Kavali ,Overturning,,Lorry   ,Minor injury,Fault of driver of motor vehicle/driver of other vehicle/cyclist/pedestrian/passenger,Two lanes,Straight road,,Fine,TN34K 7513,P.V,Grievous,0
27.05.2019,07:30AM,1319.4,RHS,Rural,Kavali ,Overturning,,Lorry   ,Minor injury,Fault of driver of motor vehicle/driver of other vehicle/cyclist/pedestrian/passenger,Two lanes,Straight road,,Fine,TN34K 7513,P.V,Minor,1
27.05.2019,07:30AM,1319.4,RHS,Rural,Kavali ,Overturning,,Lorry   ,Minor injury,Fault of driver of motor vehicle/driver of other vehicle/cyclist/pedestrian/passenger,Two lanes,Straight road,,Fine,TN34K 7513,P.V,Non injured,0
27.05.2019,07:30AM,1319.4,RHS,Rural,Kavali ,Overturning,,Lorry   ,Minor injury,Fault of driver of motor vehicle/driver of other vehicle/cyclist/pedestrian/passenger,Two lanes,Straight road,,Fine,TN34K 7513,P.V,"No of animals Killed,if Any",0
27.05.2019,01:00PM,1331.7,LHS,Rural,Kavali ,Overturning,,MiniLorry,Minor injury,Fault of driver of motor vehicle/driver of other vehicle/cyclist/pedestrian/passenger,Four lanes or more with central divider,Straight road,,Fine,AP29TA 5129,P.V,Fatal,0
27.05.2019,01:00PM,1331.7,LHS,Rural,Kavali ,Overturning,,MiniLorry,Minor injury,Fault of driver of motor vehicle/driver of other vehicle/cyclist/pedestrian/passenger,Four lanes or more with central divider,Straight road,,Fine,AP29TA 5129,P.V,Grievous,0
27.05.2019,01:00PM,1331.7,LHS,Rural,Kavali ,Overturning,,MiniLorry,Minor injury,Fault of driver of motor vehicle/driver of other vehicle/cyclist/pedestrian/passenger,Four lanes or more with central divider,Straight road,,Fine,AP29TA 5129,P.V,Minor,2
27.05.2019,01:00PM,1331.7,LHS,Rural,Kavali ,Overturning,,MiniLorry,Minor injury,Fault of driver of motor vehicle/driver of other vehicle/cyclist/pedestrian/passenger,Four lanes or more with central divider,Straight road,,Fine,AP29TA 5129,P.V,Non injured,1
27.05.2019,01:00PM,1331.7,LHS,Rural,Kavali ,Overturning,,MiniLorry,Minor injury,Fault of driver of motor vehicle/driver of other vehicle/cyclist/pedestrian/passenger,Four lanes or more with central divider,Straight road,,Fine,AP29TA 5129,P.V,"No of animals Killed,if Any",0
27.05.2019,01:50PM,1206.4,RHS,Rural,Renangivaram ,Rear End Collision,,Bus,Minor injury,Fault of driver of motor vehicle/driver of other vehicle/cyclist/pedestrian/passenger,Four lanes or more with central divider,Straight road,,Fine,AP04Z 0244,A.M.B & P.V,Fatal,0
27.05.2019,01:50PM,1206.4,RHS,Rural,Renangivaram ,Rear End Collision,,Bus,Minor injury,Fault of driver of motor vehicle/driver of other vehicle/cyclist/pedestrian/passenger,Four lanes or more with central divider,Straight road,,Fine,AP04Z 0244,A.M.B & P.V,Grievous,0
27.05.2019,01:50PM,1206.4,RHS,Rural,Renangivaram ,Rear End Collision,,Bus,Minor injury,Fault of driver of motor vehicle/driver of other vehicle/cyclist/pedestrian/passenger,Four lanes or more with central divider,Straight road,,Fine,AP04Z 0244,A.M.B & P.V,Minor,4
27.05.2019,01:50PM,1206.4,RHS,Rural,Renangivaram ,Rear End Collision,,Bus,Minor injury,Fault of driver of motor vehicle/driver of other vehicle/cyclist/pedestrian/passenger,Four lanes or more with central divider,Straight road,,Fine,AP04Z 0244,A.M.B & P.V,Non injured,20
27.05.2019,01:50PM,1206.4,RHS,Rural,Renangivaram ,Rear End Collision,,Bus,Minor injury,Fault of driver of motor vehicle/driver of other vehicle/cyclist/pedestrian/passenger,Four lanes or more with central divider,Straight road,,Fine,AP04Z 0244,A.M.B & P.V,"No of animals Killed,if Any",0
27.05.2019,05:30PM,1356.52,LHS,Rural,Kodavalur ,Rear End Collision,,Scooty              ,Minor injury,Fault of driver of motor vehicle/driver of other vehicle/cyclist/pedestrian/passenger,Four lanes or more with central divider,Straight road,,Fine,AP26BZ 2599,A.M.B & P.V,Fatal,0
27.05.2019,05:30PM,1356.52,LHS,Rural,Kodavalur ,Rear End Collision,,Scooty              ,Minor injury,Fault of driver of motor vehicle/driver of other vehicle/cyclist/pedestrian/passenger,Four lanes or more with central divider,Straight road,,Fine,AP26BZ 2599,A.M.B & P.V,Grievous,0
27.05.2019,05:30PM,1356.52,LHS,Rural,Kodavalur ,Rear End Collision,,Scooty              ,Minor injury,Fault of driver of motor vehicle/driver of other vehicle/cyclist/pedestrian/passenger,Four lanes or more with central divider,Straight road,,Fine,AP26BZ 2599,A.M.B & P.V,Minor,1
27.05.2019,05:30PM,1356.52,LHS,Rural,Kodavalur ,Rear End Collision,,Scooty              ,Minor injury,Fault of driver of motor vehicle/driver of other vehicle/cyclist/pedestrian/passenger,Four lanes or more with central divider,Straight road,,Fine,AP26BZ 2599,A.M.B & P.V,Non injured,0
27.05.2019,05:30PM,1356.52,LHS,Rural,Kodavalur ,Rear End Collision,,Scooty              ,Minor injury,Fault of driver of motor vehicle/driver of other vehicle/cyclist/pedestrian/passenger,Four lanes or more with central divider,Straight road,,Fine,AP26BZ 2599,A.M.B & P.V,"No of animals Killed,if Any",0
28.05.2019,03:10AM,1316.7,RHS,Rural,Kavali ,Collision Brush/Side Wipe,,Unkown vehicle,Minor injury,Over speed,Four lanes or more with central divider,Straight road,,Fine,Unkown vehicle,P.V,Fatal,0
28.05.2019,03:10AM,1316.7,RHS,Rural,Kavali ,Collision Brush/Side Wipe,,Unkown vehicle,Minor injury,Over speed,Four lanes or more with central divider,Straight road,,Fine,Unkown vehicle,P.V,Grievous,0
28.05.2019,03:10AM,1316.7,RHS,Rural,Kavali ,Collision Brush/Side Wipe,,Unkown vehicle,Minor injury,Over speed,Four lanes or more with central divider,Straight road,,Fine,Unkown vehicle,P.V,Minor,1
28.05.2019,03:10AM,1316.7,RHS,Rural,Kavali ,Collision Brush/Side Wipe,,Unkown vehicle,Minor injury,Over speed,Four lanes or more with central divider,Straight road,,Fine,Unkown vehicle,P.V,Non injured,2
28.05.2019,03:10AM,1316.7,RHS,Rural,Kavali ,Collision Brush/Side Wipe,,Unkown vehicle,Minor injury,Over speed,Four lanes or more with central divider,Straight road,,Fine,Unkown vehicle,P.V,"No of animals Killed,if Any",0
28.05.2019,03:50AM,1339,LHS,Rural,K. Tippa ,Collision Brush/Side Wipe,,Container ,Grievious injury,Fault of driver of motor vehicle/driver of other vehicle/cyclist/pedestrian/passenger,Four lanes or more with central divider,Straight road,,Fine,AP27TZ 3589,P.V,Fatal,0
28.05.2019,03:50AM,1339,LHS,Rural,K. Tippa ,Collision Brush/Side Wipe,,Container ,Grievious injury,Fault of driver of motor vehicle/driver of other vehicle/cyclist/pedestrian/passenger,Four lanes or more with central divider,Straight road,,Fine,AP27TZ 3589,P.V,Grievous,1
28.05.2019,03:50AM,1339,LHS,Rural,K. Tippa ,Collision Brush/Side Wipe,,Container ,Grievious injury,Fault of driver of motor vehicle/driver of other vehicle/cyclist/pedestrian/passenger,Four lanes or more with central divider,Straight road,,Fine,AP27TZ 3589,P.V,Minor,0
28.05.2019,03:50AM,1339,LHS,Rural,K. Tippa ,Collision Brush/Side Wipe,,Container ,Grievious injury,Fault of driver of motor vehicle/driver of other vehicle/cyclist/pedestrian/passenger,Four lanes or more with central divider,Straight road,,Fine,AP27TZ 3589,P.V,Non injured,0
28.05.2019,03:50AM,1339,LHS,Rural,K. Tippa ,Collision Brush/Side Wipe,,Container ,Grievious injury,Fault of driver of motor vehicle/driver of other vehicle/cyclist/pedestrian/passenger,Four lanes or more with central divider,Straight road,,Fine,AP27TZ 3589,P.V,"No of animals Killed,if Any",0
28.05.2019,05:10AM,1283.7,RHS,Rural,Ulavapadu ,Collision Brush/Side Wipe,,Tanker,Non injury,Fault of driver of motor vehicle/driver of other vehicle/cyclist/pedestrian/passenger,Four lanes or more with central divider,Straight road,,Fine,AP39V6366,P.V,Fatal,0
28.05.2019,05:10AM,1283.7,RHS,Rural,Ulavapadu ,Collision Brush/Side Wipe,,Tanker,Non injury,Fault of driver of motor vehicle/driver of other vehicle/cyclist/pedestrian/passenger,Four lanes or more with central divider,Straight road,,Fine,AP39V6366,P.V,Grievous,0
28.05.2019,05:10AM,1283.7,RHS,Rural,Ulavapadu ,Collision Brush/Side Wipe,,Tanker,Non injury,Fault of driver of motor vehicle/driver of other vehicle/cyclist/pedestrian/passenger,Four lanes or more with central divider,Straight road,,Fine,AP39V6366,P.V,Minor,0
28.05.2019,05:10AM,1283.7,RHS,Rural,Ulavapadu ,Collision Brush/Side Wipe,,Tanker,Non injury,Fault of driver of motor vehicle/driver of other vehicle/cyclist/pedestrian/passenger,Four lanes or more with central divider,Straight road,,Fine,AP39V6366,P.V,Non injured,1
28.05.2019,05:10AM,1283.7,RHS,Rural,Ulavapadu ,Collision Brush/Side Wipe,,Tanker,Non injury,Fault of driver of motor vehicle/driver of other vehicle/cyclist/pedestrian/passenger,Four lanes or more with central divider,Straight road,,Fine,AP39V6366,P.V,"No of animals Killed,if Any",0
28.05.2019,06:50AM,1263.2,RHS,Rural,Tangutur ,Collision Brush/Side Wipe,,Unkown vehicle,Non injury,Over speed,Four lanes or more with central divider,Straight road,,Fine,Unkown vehicle,P.V,Fatal,0
28.05.2019,06:50AM,1263.2,RHS,Rural,Tangutur ,Collision Brush/Side Wipe,,Unkown vehicle,Non injury,Over speed,Four lanes or more with central divider,Straight road,,Fine,Unkown vehicle,P.V,Grievous,0
28.05.2019,06:50AM,1263.2,RHS,Rural,Tangutur ,Collision Brush/Side Wipe,,Unkown vehicle,Non injury,Over speed,Four lanes or more with central divider,Straight road,,Fine,Unkown vehicle,P.V,Minor,0
28.05.2019,06:50AM,1263.2,RHS,Rural,Tangutur ,Collision Brush/Side Wipe,,Unkown vehicle,Non injury,Over speed,Four lanes or more with central divider,Straight road,,Fine,Unkown vehicle,P.V,Non injured,1
28.05.2019,06:50AM,1263.2,RHS,Rural,Tangutur ,Collision Brush/Side Wipe,,Unkown vehicle,Non injury,Over speed,Four lanes or more with central divider,Straight road,,Fine,Unkown vehicle,P.V,"No of animals Killed,if Any",0