Operational date,Time of Accident,KM && M,Position,Rural/Urban,Location,Nature of Accident Position,Nature of Accident,Vehicle Involved,Type of Accident,Causes,Road Feature,Road condition,Intersection Type And Control,Weather Condition,Vehicle Responsible,Help Provided by Ambulance/Patroling Vehicle,Classification of Accident,No of Affected Persons
28.05.2019,12:06PM,1258.9,LHS,Rural,Tangutur ,Overturning,,Auto ,Minor injury,Fault of driver of motor vehicle/driver of other vehicle/cyclist/pedestrian/passenger,Four lanes or more with central divider,Straight road,,Fine,AP27TU8171,A.M.B,Fatal,0
28.05.2019,12:06PM,1258.9,LHS,Rural,Tangutur ,Overturning,,Auto ,Minor injury,Fault of driver of motor vehicle/driver of other vehicle/cyclist/pedestrian/passenger,Four lanes or more with central divider,Straight road,,Fine,AP27TU8171,A.M.B,Grievous,0
28.05.2019,12:06PM,1258.9,LHS,Rural,Tangutur ,Overturning,,Auto ,Minor injury,Fault of driver of motor vehicle/driver of other vehicle/cyclist/pedestrian/passenger,Four lanes or more with central divider,Straight road,,Fine,AP27TU8171,A.M.B,Minor,2
28.05.2019,12:06PM,1258.9,LHS,Rural,Tangutur ,Overturning,,Auto ,Minor injury,Fault of driver of motor vehicle/driver of other vehicle/cyclist/pedestrian/passenger,Four lanes or more with central divider,Straight road,,Fine,AP27TU8171,A.M.B,Non injured,0
28.05.2019,12:06PM,1258.9,LHS,Rural,Tangutur ,Overturning,,Auto ,Minor injury,Fault of driver of motor vehicle/driver of other vehicle/cyclist/pedestrian/passenger,Four lanes or more with central divider,Straight road,,Fine,AP27TU8171,A.M.B,"No of animals Killed,if Any",0
29.05.2019,00:20AM,1341,LHS,Rural,Dagadarthi ,Collision Brush/Side Wipe,,Car        ,Grievious injury,Fault of driver of motor vehicle/driver of other vehicle/cyclist/pedestrian/passenger,Two lanes,Straight road,,Fine,AP07TF8245,A.M.B & P.V,Fatal,0
29.05.2019,00:20AM,1341,LHS,Rural,Dagadarthi ,Collision Brush/Side Wipe,,Car        ,Grievious injury,Fault of driver of motor vehicle/driver of other vehicle/cyclist/pedestrian/passenger,Two lanes,Straight road,,Fine,AP07TF8245,A.M.B & P.V,Grievous,4
29.05.2019,00:20AM,1341,LHS,Rural,Dagadarthi ,Collision Brush/Side Wipe,,Car        ,Grievious injury,Fault of driver of motor vehicle/driver of other vehicle/cyclist/pedestrian/passenger,Two lanes,Straight road,,Fine,AP07TF8245,A.M.B & P.V,Minor,0
29.05.2019,00:20AM,1341,LHS,Rural,Dagadarthi ,Collision Brush/Side Wipe,,Car        ,Grievious injury,Fault of driver of motor vehicle/driver of other vehicle/cyclist/pedestrian/passenger,Two lanes,Straight road,,Fine,AP07TF8245,A.M.B & P.V,Non injured,3
29.05.2019,00:20AM,1341,LHS,Rural,Dagadarthi ,Collision Brush/Side Wipe,,Car        ,Grievious injury,Fault of driver of motor vehicle/driver of other vehicle/cyclist/pedestrian/passenger,Two lanes,Straight road,,Fine,AP07TF8245,A.M.B & P.V,"No of animals Killed,if Any",0
29.05.2019,00:41AM,1280.9,LHS,Rural,Ulavapdu ,Collision Brush/Side Wipe,,Unknown vehicle,Non injury,Over speed,Four lanes or more with central divider,Straight road,,Fine,Unknown vehicle,P.V,Fatal,0
29.05.2019,00:41AM,1280.9,LHS,Rural,Ulavapdu ,Collision Brush/Side Wipe,,Unknown vehicle,Non injury,Over speed,Four lanes or more with central divider,Straight road,,Fine,Unknown vehicle,P.V,Grievous,0
29.05.2019,00:41AM,1280.9,LHS,Rural,Ulavapdu ,Collision Brush/Side Wipe,,Unknown vehicle,Non injury,Over speed,Four lanes or more with central divider,Straight road,,Fine,Unknown vehicle,P.V,Minor,0
29.05.2019,00:41AM,1280.9,LHS,Rural,Ulavapdu ,Collision Brush/Side Wipe,,Unknown vehicle,Non injury,Over speed,Four lanes or more with central divider,Straight road,,Fine,Unknown vehicle,P.V,Non injured,1
29.05.2019,00:41AM,1280.9,LHS,Rural,Ulavapdu ,Collision Brush/Side Wipe,,Unknown vehicle,Non injury,Over speed,Four lanes or more with central divider,Straight road,,Fine,Unknown vehicle,P.V,"No of animals Killed,if Any",1
30.05.2019,00:38AM,1259.35,LHS,Rural,Tangutur ,Rear End Collision,,Bus ,Fatal,Over speed,Four lanes or more with central divider,Straight road,,Fine,AP02TH 0444,A.M.B & P.V,Fatal,1
30.05.2019,00:38AM,1259.35,LHS,Rural,Tangutur ,Rear End Collision,,Bus ,Fatal,Over speed,Four lanes or more with central divider,Straight road,,Fine,AP02TH 0444,A.M.B & P.V,Grievous,2
30.05.2019,00:38AM,1259.35,LHS,Rural,Tangutur ,Rear End Collision,,Bus ,Fatal,Over speed,Four lanes or more with central divider,Straight road,,Fine,AP02TH 0444,A.M.B & P.V,Minor,5
30.05.2019,00:38AM,1259.35,LHS,Rural,Tangutur ,Rear End Collision,,Bus ,Fatal,Over speed,Four lanes or more with central divider,Straight road,,Fine,AP02TH 0444,A.M.B & P.V,Non injured,44
30.05.2019,00:38AM,1259.35,LHS,Rural,Tangutur ,Rear End Collision,,Bus ,Fatal,Over speed,Four lanes or more with central divider,Straight road,,Fine,AP02TH 0444,A.M.B & P.V,"No of animals Killed,if Any",0
30.05.2019,04:45PM,1263.23,LHS,Rural,Tangutur ,Overturning,,LCV ,Non injury,Defect in mechanical condition of motor vehicle/road condition,Four lanes or more with central divider,Straight road,,Fine,AP27TJ 1584,P.V,Fatal,0
30.05.2019,04:45PM,1263.23,LHS,Rural,Tangutur ,Overturning,,LCV ,Non injury,Defect in mechanical condition of motor vehicle/road condition,Four lanes or more with central divider,Straight road,,Fine,AP27TJ 1584,P.V,Grievous,0
30.05.2019,04:45PM,1263.23,LHS,Rural,Tangutur ,Overturning,,LCV ,Non injury,Defect in mechanical condition of motor vehicle/road condition,Four lanes or more with central divider,Straight road,,Fine,AP27TJ 1584,P.V,Minor,0
30.05.2019,04:45PM,1263.23,LHS,Rural,Tangutur ,Overturning,,LCV ,Non injury,Defect in mechanical condition of motor vehicle/road condition,Four lanes or more with central divider,Straight road,,Fine,AP27TJ 1584,P.V,Non injured,1
30.05.2019,04:45PM,1263.23,LHS,Rural,Tangutur ,Overturning,,LCV ,Non injury,Defect in mechanical condition of motor vehicle/road condition,Four lanes or more with central divider,Straight road,,Fine,AP27TJ 1584,P.V,"No of animals Killed,if Any",0
31.05.2019,06:00AM,1245.25,RHS,Rural,Ongole ,Rear End Collision,,Bus       ,Grievious injury,Fault of driver of motor vehicle/driver of other vehicle/cyclist/pedestrian/passenger,Four lanes or more with central divider,Straight road,,Fine,AP39U        9129,P.V,Fatal,0
31.05.2019,06:00AM,1245.25,RHS,Rural,Ongole ,Rear End Collision,,Bus       ,Grievious injury,Fault of driver of motor vehicle/driver of other vehicle/cyclist/pedestrian/passenger,Four lanes or more with central divider,Straight road,,Fine,AP39U        9129,P.V,Grievous,2
31.05.2019,06:00AM,1245.25,RHS,Rural,Ongole ,Rear End Collision,,Bus       ,Grievious injury,Fault of driver of motor vehicle/driver of other vehicle/cyclist/pedestrian/passenger,Four lanes or more with central divider,Straight road,,Fine,AP39U        9129,P.V,Minor,5
31.05.2019,06:00AM,1245.25,RHS,Rural,Ongole ,Rear End Collision,,Bus       ,Grievious injury,Fault of driver of motor vehicle/driver of other vehicle/cyclist/pedestrian/passenger,Four lanes or more with central divider,Straight road,,Fine,AP39U        9129,P.V,Non injured,20
31.05.2019,06:00AM,1245.25,RHS,Rural,Ongole ,Rear End Collision,,Bus       ,Grievious injury,Fault of driver of motor vehicle/driver of other vehicle/cyclist/pedestrian/passenger,Four lanes or more with central divider,Straight road,,Fine,AP39U        9129,P.V,"No of animals Killed,if Any",0
31.05.2019,06:50AM,1280.6,RHS,Rural,Singarayakonda ,Rear End Collision,,Container        ,Minor injury,Fault of driver of motor vehicle/driver of other vehicle/cyclist/pedestrian/passenger,Four lanes or more with central divider,Straight road,,Fine,MH46AR       5390,A.M.B & P.V,Fatal,0
31.05.2019,06:50AM,1280.6,RHS,Rural,Singarayakonda ,Rear End Collision,,Container        ,Minor injury,Fault of driver of motor vehicle/driver of other vehicle/cyclist/pedestrian/passenger,Four lanes or more with central divider,Straight road,,Fine,MH46AR       5390,A.M.B & P.V,Grievous,0
31.05.2019,06:50AM,1280.6,RHS,Rural,Singarayakonda ,Rear End Collision,,Container        ,Minor injury,Fault of driver of motor vehicle/driver of other vehicle/cyclist/pedestrian/passenger,Four lanes or more with central divider,Straight road,,Fine,MH46AR       5390,A.M.B & P.V,Minor,1
31.05.2019,06:50AM,1280.6,RHS,Rural,Singarayakonda ,Rear End Collision,,Container        ,Minor injury,Fault of driver of motor vehicle/driver of other vehicle/cyclist/pedestrian/passenger,Four lanes or more with central divider,Straight road,,Fine,MH46AR       5390,A.M.B & P.V,Non injured,2
31.05.2019,06:50AM,1280.6,RHS,Rural,Singarayakonda ,Rear End Collision,,Container        ,Minor injury,Fault of driver of motor vehicle/driver of other vehicle/cyclist/pedestrian/passenger,Four lanes or more with central divider,Straight road,,Fine,MH46AR       5390,A.M.B & P.V,"No of animals Killed,if Any",0
31.05.2019,07:25AM,1281.6,LHS,Rural,Singarayakonda ,Collision Brush/Side Wipe,,LCV ,Non injury,Defect in mechanical condition of motor vehicle/road condition,Four lanes or more with central divider,Straight road,,Fine,AP07TG         9399,P.V,Fatal,0
31.05.2019,07:25AM,1281.6,LHS,Rural,Singarayakonda ,Collision Brush/Side Wipe,,LCV ,Non injury,Defect in mechanical condition of motor vehicle/road condition,Four lanes or more with central divider,Straight road,,Fine,AP07TG         9399,P.V,Grievous,0
31.05.2019,07:25AM,1281.6,LHS,Rural,Singarayakonda ,Collision Brush/Side Wipe,,LCV ,Non injury,Defect in mechanical condition of motor vehicle/road condition,Four lanes or more with central divider,Straight road,,Fine,AP07TG         9399,P.V,Minor,0
31.05.2019,07:25AM,1281.6,LHS,Rural,Singarayakonda ,Collision Brush/Side Wipe,,LCV ,Non injury,Defect in mechanical condition of motor vehicle/road condition,Four lanes or more with central divider,Straight road,,Fine,AP07TG         9399,P.V,Non injured,3
31.05.2019,07:25AM,1281.6,LHS,Rural,Singarayakonda ,Collision Brush/Side Wipe,,LCV ,Non injury,Defect in mechanical condition of motor vehicle/road condition,Four lanes or more with central divider,Straight road,,Fine,AP07TG         9399,P.V,"No of animals Killed,if Any",0
31.05.2019,10:00AM,1231.2,RHS,Rural,Maddipadu ,Others(p1.Specific),,Bus ,Fatal,Fault of driver of motor vehicle/driver of other vehicle/cyclist/pedestrian/passenger,Two lanes,Straight road,,Fine,AP29Z     0625,P.V,Fatal,1
31.05.2019,10:00AM,1231.2,RHS,Rural,Maddipadu ,Others(p1.Specific),,Bus ,Fatal,Fault of driver of motor vehicle/driver of other vehicle/cyclist/pedestrian/passenger,Two lanes,Straight road,,Fine,AP29Z     0625,P.V,Grievous,0
31.05.2019,10:00AM,1231.2,RHS,Rural,Maddipadu ,Others(p1.Specific),,Bus ,Fatal,Fault of driver of motor vehicle/driver of other vehicle/cyclist/pedestrian/passenger,Two lanes,Straight road,,Fine,AP29Z     0625,P.V,Minor,0
31.05.2019,10:00AM,1231.2,RHS,Rural,Maddipadu ,Others(p1.Specific),,Bus ,Fatal,Fault of driver of motor vehicle/driver of other vehicle/cyclist/pedestrian/passenger,Two lanes,Straight road,,Fine,AP29Z     0625,P.V,Non injured,30
31.05.2019,10:00AM,1231.2,RHS,Rural,Maddipadu ,Others(p1.Specific),,Bus ,Fatal,Fault of driver of motor vehicle/driver of other vehicle/cyclist/pedestrian/passenger,Two lanes,Straight road,,Fine,AP29Z     0625,P.V,"No of animals Killed,if Any",0
31.05.2019,04:52PM,1267.4,LHS,Rural,Tangutur ,Collision Brush/Side Wipe,,Tipper,Non injury,Over speed,Two lanes,Straight road,,Fine,AP27TY 1466,P.V,Fatal,0
31.05.2019,04:52PM,1267.4,LHS,Rural,Tangutur ,Collision Brush/Side Wipe,,Tipper,Non injury,Over speed,Two lanes,Straight road,,Fine,AP27TY 1466,P.V,Grievous,0
31.05.2019,04:52PM,1267.4,LHS,Rural,Tangutur ,Collision Brush/Side Wipe,,Tipper,Non injury,Over speed,Two lanes,Straight road,,Fine,AP27TY 1466,P.V,Minor,0
31.05.2019,04:52PM,1267.4,LHS,Rural,Tangutur ,Collision Brush/Side Wipe,,Tipper,Non injury,Over speed,Two lanes,Straight road,,Fine,AP27TY 1466,P.V,Non injured,1
31.05.2019,04:52PM,1267.4,LHS,Rural,Tangutur ,Collision Brush/Side Wipe,,Tipper,Non injury,Over speed,Two lanes,Straight road,,Fine,AP27TY 1466,P.V,"No of animals Killed,if Any",0
01.06.2019,06:05AM,1272.25,RHS,Rural,Jarugumalli ,Collision Brush/Side Wipe,,Unknown Vehicle,Fatal,Over speed,Four lanes or more with central divider,Straight road,,Fine,Unknown Vehicle,A.M.B & P.V,Fatal,1
01.06.2019,06:05AM,1272.25,RHS,Rural,Jarugumalli ,Collision Brush/Side Wipe,,Unknown Vehicle,Fatal,Over speed,Four lanes or more with central divider,Straight road,,Fine,Unknown Vehicle,A.M.B & P.V,Grievous,1
01.06.2019,06:05AM,1272.25,RHS,Rural,Jarugumalli ,Collision Brush/Side Wipe,,Unknown Vehicle,Fatal,Over speed,Four lanes or more with central divider,Straight road,,Fine,Unknown Vehicle,A.M.B & P.V,Minor,0
01.06.2019,06:05AM,1272.25,RHS,Rural,Jarugumalli ,Collision Brush/Side Wipe,,Unknown Vehicle,Fatal,Over speed,Four lanes or more with central divider,Straight road,,Fine,Unknown Vehicle,A.M.B & P.V,Non injured,0
01.06.2019,06:05AM,1272.25,RHS,Rural,Jarugumalli ,Collision Brush/Side Wipe,,Unknown Vehicle,Fatal,Over speed,Four lanes or more with central divider,Straight road,,Fine,Unknown Vehicle,A.M.B & P.V,"No of animals Killed,if Any",0
01.06.2019,10:30AM,1343.2,LHS,Rural,Dagadarthi ,Skidding,,Bike  ,Grievious injury,Defect in mechanical condition of motor vehicle/road condition,Four lanes or more with central divider,Straight road,,Fine,AP26AP 9958,A.M.B & P.V,Fatal,0
01.06.2019,10:30AM,1343.2,LHS,Rural,Dagadarthi ,Skidding,,Bike  ,Grievious injury,Defect in mechanical condition of motor vehicle/road condition,Four lanes or more with central divider,Straight road,,Fine,AP26AP 9958,A.M.B & P.V,Grievous,1
01.06.2019,10:30AM,1343.2,LHS,Rural,Dagadarthi ,Skidding,,Bike  ,Grievious injury,Defect in mechanical condition of motor vehicle/road condition,Four lanes or more with central divider,Straight road,,Fine,AP26AP 9958,A.M.B & P.V,Minor,0
01.06.2019,10:30AM,1343.2,LHS,Rural,Dagadarthi ,Skidding,,Bike  ,Grievious injury,Defect in mechanical condition of motor vehicle/road condition,Four lanes or more with central divider,Straight road,,Fine,AP26AP 9958,A.M.B & P.V,Non injured,1
01.06.2019,10:30AM,1343.2,LHS,Rural,Dagadarthi ,Skidding,,Bike  ,Grievious injury,Defect in mechanical condition of motor vehicle/road condition,Four lanes or more with central divider,Straight road,,Fine,AP26AP 9958,A.M.B & P.V,"No of animals Killed,if Any",0
01.06.2019,10:15AM,1228.26,RHS,Rural,Maddipadu ,Collision Brush/Side Wipe,,Truck  ,Grievious injury,Fault of driver of motor vehicle/driver of other vehicle/cyclist/pedestrian/passenger,Four lanes or more with central divider,Straight road,,Fine,TN48 AW 5038,P.V,Fatal,0
01.06.2019,10:15AM,1228.26,RHS,Rural,Maddipadu ,Collision Brush/Side Wipe,,Truck  ,Grievious injury,Fault of driver of motor vehicle/driver of other vehicle/cyclist/pedestrian/passenger,Four lanes or more with central divider,Straight road,,Fine,TN48 AW 5038,P.V,Grievous,1
01.06.2019,10:15AM,1228.26,RHS,Rural,Maddipadu ,Collision Brush/Side Wipe,,Truck  ,Grievious injury,Fault of driver of motor vehicle/driver of other vehicle/cyclist/pedestrian/passenger,Four lanes or more with central divider,Straight road,,Fine,TN48 AW 5038,P.V,Minor,0
01.06.2019,10:15AM,1228.26,RHS,Rural,Maddipadu ,Collision Brush/Side Wipe,,Truck  ,Grievious injury,Fault of driver of motor vehicle/driver of other vehicle/cyclist/pedestrian/passenger,Four lanes or more with central divider,Straight road,,Fine,TN48 AW 5038,P.V,Non injured,2
01.06.2019,10:15AM,1228.26,RHS,Rural,Maddipadu ,Collision Brush/Side Wipe,,Truck  ,Grievious injury,Fault of driver of motor vehicle/driver of other vehicle/cyclist/pedestrian/passenger,Four lanes or more with central divider,Straight road,,Fine,TN48 AW 5038,P.V,"No of animals Killed,if Any",0
02.06.2019,01:20AM,1206.47,LHS,Rural,Renangivaram ,Collision Brush/Side Wipe,,Bus             ,Fatal,Fault of driver of motor vehicle/driver of other vehicle/cyclist/pedestrian/passenger,Four lanes or more with central divider,Straight road,,Fine,AP26Z         0191,P.V,Fatal,2
02.06.2019,01:20AM,1206.47,LHS,Rural,Renangivaram ,Collision Brush/Side Wipe,,Bus             ,Fatal,Fault of driver of motor vehicle/driver of other vehicle/cyclist/pedestrian/passenger,Four lanes or more with central divider,Straight road,,Fine,AP26Z         0191,P.V,Grievous,0
02.06.2019,01:20AM,1206.47,LHS,Rural,Renangivaram ,Collision Brush/Side Wipe,,Bus             ,Fatal,Fault of driver of motor vehicle/driver of other vehicle/cyclist/pedestrian/passenger,Four lanes or more with central divider,Straight road,,Fine,AP26Z         0191,P.V,Minor,0
02.06.2019,01:20AM,1206.47,LHS,Rural,Renangivaram ,Collision Brush/Side Wipe,,Bus             ,Fatal,Fault of driver of motor vehicle/driver of other vehicle/cyclist/pedestrian/passenger,Four lanes or more with central divider,Straight road,,Fine,AP26Z         0191,P.V,Non injured,40
02.06.2019,01:20AM,1206.47,LHS,Rural,Renangivaram ,Collision Brush/Side Wipe,,Bus             ,Fatal,Fault of driver of motor vehicle/driver of other vehicle/cyclist/pedestrian/passenger,Four lanes or more with central divider,Straight road,,Fine,AP26Z         0191,P.V,"No of animals Killed,if Any",0
02.06.2019,10:30AM,1243.4,LHS,Rural,Ongole ,Rear End Collision,,LCV   ,Non injury,Over speed,Four lanes or more with central divider,Straight road,,Fine,AP05TD      0822,P.V,Fatal,0
02.06.2019,10:30AM,1243.4,LHS,Rural,Ongole ,Rear End Collision,,LCV   ,Non injury,Over speed,Four lanes or more with central divider,Straight road,,Fine,AP05TD      0822,P.V,Grievous,0
02.06.2019,10:30AM,1243.4,LHS,Rural,Ongole ,Rear End Collision,,LCV   ,Non injury,Over speed,Four lanes or more with central divider,Straight road,,Fine,AP05TD      0822,P.V,Minor,0
02.06.2019,10:30AM,1243.4,LHS,Rural,Ongole ,Rear End Collision,,LCV   ,Non injury,Over speed,Four lanes or more with central divider,Straight road,,Fine,AP05TD      0822,P.V,Non injured,1
02.06.2019,10:30AM,1243.4,LHS,Rural,Ongole ,Rear End Collision,,LCV   ,Non injury,Over speed,Four lanes or more with central divider,Straight road,,Fine,AP05TD      0822,P.V,"No of animals Killed,if Any",0
02.06.2019,03:00pm,1272.25,LHS,Rural,Tanguturu ,Overturning,,Auto          ,Grievious injury,Over speed,Four lanes or more with central divider,Straight road,,Fine,AP27UA        0259,P.V,Fatal,0
02.06.2019,03:00pm,1272.25,LHS,Rural,Tanguturu ,Overturning,,Auto          ,Grievious injury,Over speed,Four lanes or more with central divider,Straight road,,Fine,AP27UA        0259,P.V,Grievous,2
02.06.2019,03:00pm,1272.25,LHS,Rural,Tanguturu ,Overturning,,Auto          ,Grievious injury,Over speed,Four lanes or more with central divider,Straight road,,Fine,AP27UA        0259,P.V,Minor,1
02.06.2019,03:00pm,1272.25,LHS,Rural,Tanguturu ,Overturning,,Auto          ,Grievious injury,Over speed,Four lanes or more with central divider,Straight road,,Fine,AP27UA        0259,P.V,Non injured,2
02.06.2019,03:00pm,1272.25,LHS,Rural,Tanguturu ,Overturning,,Auto          ,Grievious injury,Over speed,Four lanes or more with central divider,Straight road,,Fine,AP27UA        0259,P.V,"No of animals Killed,if Any",0
02.06.2019,06:30PM,1332.41,LHS,Rural,K.Tippa ,Collision Brush/Side Wipe,,Car        ,Minor injury,Fault of driver of motor vehicle/driver of other vehicle/cyclist/pedestrian/passenger,Four lanes or more with central divider,Straight road,T-Junction,Fine,MP46C            1416,A.M.B & P.V,Fatal,0
02.06.2019,06:30PM,1332.41,LHS,Rural,K.Tippa ,Collision Brush/Side Wipe,,Car        ,Minor injury,Fault of driver of motor vehicle/driver of other vehicle/cyclist/pedestrian/passenger,Four lanes or more with central divider,Straight road,T-Junction,Fine,MP46C            1416,A.M.B & P.V,Grievous,0
02.06.2019,06:30PM,1332.41,LHS,Rural,K.Tippa ,Collision Brush/Side Wipe,,Car        ,Minor injury,Fault of driver of motor vehicle/driver of other vehicle/cyclist/pedestrian/passenger,Four lanes or more with central divider,Straight road,T-Junction,Fine,MP46C            1416,A.M.B & P.V,Minor,1
02.06.2019,06:30PM,1332.41,LHS,Rural,K.Tippa ,Collision Brush/Side Wipe,,Car        ,Minor injury,Fault of driver of motor vehicle/driver of other vehicle/cyclist/pedestrian/passenger,Four lanes or more with central divider,Straight road,T-Junction,Fine,MP46C            1416,A.M.B & P.V,Non injured,10
02.06.2019,06:30PM,1332.41,LHS,Rural,K.Tippa ,Collision Brush/Side Wipe,,Car        ,Minor injury,Fault of driver of motor vehicle/driver of other vehicle/cyclist/pedestrian/passenger,Four lanes or more with central divider,Straight road,T-Junction,Fine,MP46C            1416,A.M.B & P.V,"No of animals Killed,if Any",0
02.06.2019,11:50PM,1210.8,RHS,Rural,Renangivaram ,Collision Brush/Side Wipe,,Bike              ,Grievious injury,Over speed,Four lanes or more with central divider,Straight road,,Fine,AP07BZ                       9486,A.M.B & P.V,Fatal,0
02.06.2019,11:50PM,1210.8,RHS,Rural,Renangivaram ,Collision Brush/Side Wipe,,Bike              ,Grievious injury,Over speed,Four lanes or more with central divider,Straight road,,Fine,AP07BZ                       9486,A.M.B & P.V,Grievous,1
02.06.2019,11:50PM,1210.8,RHS,Rural,Renangivaram ,Collision Brush/Side Wipe,,Bike              ,Grievious injury,Over speed,Four lanes or more with central divider,Straight road,,Fine,AP07BZ                       9486,A.M.B & P.V,Minor,2
02.06.2019,11:50PM,1210.8,RHS,Rural,Renangivaram ,Collision Brush/Side Wipe,,Bike              ,Grievious injury,Over speed,Four lanes or more with central divider,Straight road,,Fine,AP07BZ                       9486,A.M.B & P.V,Non injured,0
02.06.2019,11:50PM,1210.8,RHS,Rural,Renangivaram ,Collision Brush/Side Wipe,,Bike              ,Grievious injury,Over speed,Four lanes or more with central divider,Straight road,,Fine,AP07BZ                       9486,A.M.B & P.V,"No of animals Killed,if Any",0
03.06.2019,02:50AM,1256.84,RHS,Rural,Tangutur ,Collision Brush/Side Wipe,,Car              ,Minor injury,Fault of driver of motor vehicle/driver of other vehicle/cyclist/pedestrian/passenger,Four lanes or more with central divider,Straight road,,Fine,AP16TJ       4689,A.M.B & P.V,Fatal,0
03.06.2019,02:50AM,1256.84,RHS,Rural,Tangutur ,Collision Brush/Side Wipe,,Car              ,Minor injury,Fault of driver of motor vehicle/driver of other vehicle/cyclist/pedestrian/passenger,Four lanes or more with central divider,Straight road,,Fine,AP16TJ       4689,A.M.B & P.V,Grievous,0
03.06.2019,02:50AM,1256.84,RHS,Rural,Tangutur ,Collision Brush/Side Wipe,,Car              ,Minor injury,Fault of driver of motor vehicle/driver of other vehicle/cyclist/pedestrian/passenger,Four lanes or more with central divider,Straight road,,Fine,AP16TJ       4689,A.M.B & P.V,Minor,1
03.06.2019,02:50AM,1256.84,RHS,Rural,Tangutur ,Collision Brush/Side Wipe,,Car              ,Minor injury,Fault of driver of motor vehicle/driver of other vehicle/cyclist/pedestrian/passenger,Four lanes or more with central divider,Straight road,,Fine,AP16TJ       4689,A.M.B & P.V,Non injured,6
03.06.2019,02:50AM,1256.84,RHS,Rural,Tangutur ,Collision Brush/Side Wipe,,Car              ,Minor injury,Fault of driver of motor vehicle/driver of other vehicle/cyclist/pedestrian/passenger,Four lanes or more with central divider,Straight road,,Fine,AP16TJ       4689,A.M.B & P.V,"No of animals Killed,if Any",0
03.06.2019,04:45AM,1229.58,LHS,Rural,Maddipadu ,Collision Brush/Side Wipe,,Car             ,Minor injury,Over speed,Four lanes or more with central divider,Straight road,T-Junction,Fine,TS09EP        1507,P.V,Fatal,0
03.06.2019,04:45AM,1229.58,LHS,Rural,Maddipadu ,Collision Brush/Side Wipe,,Car             ,Minor injury,Over speed,Four lanes or more with central divider,Straight road,T-Junction,Fine,TS09EP        1507,P.V,Grievous,0
03.06.2019,04:45AM,1229.58,LHS,Rural,Maddipadu ,Collision Brush/Side Wipe,,Car             ,Minor injury,Over speed,Four lanes or more with central divider,Straight road,T-Junction,Fine,TS09EP        1507,P.V,Minor,1
03.06.2019,04:45AM,1229.58,LHS,Rural,Maddipadu ,Collision Brush/Side Wipe,,Car             ,Minor injury,Over speed,Four lanes or more with central divider,Straight road,T-Junction,Fine,TS09EP        1507,P.V,Non injured,7
03.06.2019,04:45AM,1229.58,LHS,Rural,Maddipadu ,Collision Brush/Side Wipe,,Car             ,Minor injury,Over speed,Four lanes or more with central divider,Straight road,T-Junction,Fine,TS09EP        1507,P.V,"No of animals Killed,if Any",0
03.06.2019,06:45AM,1351.76,LHS,Rural,Kodavalur ,Overturning,,Container         ,Minor injury,Fault of driver of motor vehicle/driver of other vehicle/cyclist/pedestrian/passenger,Four lanes or more with central divider,Straight road,,Fine,KL32L           2359,P.V,Fatal,0
03.06.2019,06:45AM,1351.76,LHS,Rural,Kodavalur ,Overturning,,Container         ,Minor injury,Fault of driver of motor vehicle/driver of other vehicle/cyclist/pedestrian/passenger,Four lanes or more with central divider,Straight road,,Fine,KL32L           2359,P.V,Grievous,0
03.06.2019,06:45AM,1351.76,LHS,Rural,Kodavalur ,Overturning,,Container         ,Minor injury,Fault of driver of motor vehicle/driver of other vehicle/cyclist/pedestrian/passenger,Four lanes or more with central divider,Straight road,,Fine,KL32L           2359,P.V,Minor,3
03.06.2019,06:45AM,1351.76,LHS,Rural,Kodavalur ,Overturning,,Container         ,Minor injury,Fault of driver of motor vehicle/driver of other vehicle/cyclist/pedestrian/passenger,Four lanes or more with central divider,Straight road,,Fine,KL32L           2359,P.V,Non injured,0
03.06.2019,06:45AM,1351.76,LHS,Rural,Kodavalur ,Overturning,,Container         ,Minor injury,Fault of driver of motor vehicle/driver of other vehicle/cyclist/pedestrian/passenger,Four lanes or more with central divider,Straight road,,Fine,KL32L           2359,P.V,"No of animals Killed,if Any",0
03.06.2019,07:42AM,1310.4,LHS,Rural,Kavali ,Head on collision,,Bike              ,Grievious injury,Over speed,Four lanes or more with central divider,Straight road,,Fine,AP26BB         5617,A.M.B,Fatal,0
03.06.2019,07:42AM,1310.4,LHS,Rural,Kavali ,Head on collision,,Bike              ,Grievious injury,Over speed,Four lanes or more with central divider,Straight road,,Fine,AP26BB         5617,A.M.B,Grievous,2
03.06.2019,07:42AM,1310.4,LHS,Rural,Kavali ,Head on collision,,Bike              ,Grievious injury,Over speed,Four lanes or more with central divider,Straight road,,Fine,AP26BB         5617,A.M.B,Minor,0