Operational date,Time of Accident,KM && M,Position,Rural/Urban,Location,Nature of Accident Position,Nature of Accident,Vehicle Involved,Type of Accident,Causes,Road Feature,Road condition,Intersection Type And Control,Weather Condition,Vehicle Responsible,Help Provided by Ambulance/Patroling Vehicle,Classification of Accident,No of Affected Persons
03.06.2019,07:42AM,1310.4,LHS,Rural,Kavali ,Head on collision,,Bike              ,Grievious injury,Over speed,Four lanes or more with central divider,Straight road,,Fine,AP26BB         5617,A.M.B,Non injured,0
03.06.2019,07:42AM,1310.4,LHS,Rural,Kavali ,Head on collision,,Bike              ,Grievious injury,Over speed,Four lanes or more with central divider,Straight road,,Fine,AP26BB         5617,A.M.B,"No of animals Killed,if Any",0
03.06.2019,11:05AM,1290.96,LHS,Rural,Ulavapadu ,Others(p1.Specific),,Car               ,Non injury,Defect in mechanical condition of motor vehicle/road condition,Four lanes or more with central divider,Straight road,,Fine,AP26BZ            3357,P.V,Fatal,0
03.06.2019,11:05AM,1290.96,LHS,Rural,Ulavapadu ,Others(p1.Specific),,Car               ,Non injury,Defect in mechanical condition of motor vehicle/road condition,Four lanes or more with central divider,Straight road,,Fine,AP26BZ            3357,P.V,Grievous,0
03.06.2019,11:05AM,1290.96,LHS,Rural,Ulavapadu ,Others(p1.Specific),,Car               ,Non injury,Defect in mechanical condition of motor vehicle/road condition,Four lanes or more with central divider,Straight road,,Fine,AP26BZ            3357,P.V,Minor,0
03.06.2019,11:05AM,1290.96,LHS,Rural,Ulavapadu ,Others(p1.Specific),,Car               ,Non injury,Defect in mechanical condition of motor vehicle/road condition,Four lanes or more with central divider,Straight road,,Fine,AP26BZ            3357,P.V,Non injured,1
03.06.2019,11:05AM,1290.96,LHS,Rural,Ulavapadu ,Others(p1.Specific),,Car               ,Non injury,Defect in mechanical condition of motor vehicle/road condition,Four lanes or more with central divider,Straight road,,Fine,AP26BZ            3357,P.V,"No of animals Killed,if Any",0
03.06.2019,03:15PM,1199.5,RHS,Rural,Martur ,Skidding,,Scooty             (F/R),Minor injury,Druken,Four lanes or more with central divider,Straight road,,Fine,Scooty             (F/R),A.M.B & P.V,Fatal,0
03.06.2019,03:15PM,1199.5,RHS,Rural,Martur ,Skidding,,Scooty             (F/R),Minor injury,Druken,Four lanes or more with central divider,Straight road,,Fine,Scooty             (F/R),A.M.B & P.V,Grievous,0
03.06.2019,03:15PM,1199.5,RHS,Rural,Martur ,Skidding,,Scooty             (F/R),Minor injury,Druken,Four lanes or more with central divider,Straight road,,Fine,Scooty             (F/R),A.M.B & P.V,Minor,1
03.06.2019,03:15PM,1199.5,RHS,Rural,Martur ,Skidding,,Scooty             (F/R),Minor injury,Druken,Four lanes or more with central divider,Straight road,,Fine,Scooty             (F/R),A.M.B & P.V,Non injured,0
03.06.2019,03:15PM,1199.5,RHS,Rural,Martur ,Skidding,,Scooty             (F/R),Minor injury,Druken,Four lanes or more with central divider,Straight road,,Fine,Scooty             (F/R),A.M.B & P.V,"No of animals Killed,if Any",0
03.06.2019,10:20PM,1282.16,RHS,Rural,Singarayakonda ,Overturning,,Mini Container                ,Non injury,Defect in mechanical condition of motor vehicle/road condition,Four lanes or more with central divider,Straight road,,Fine,AP27TZ          1638,P.V,Fatal,0
03.06.2019,10:20PM,1282.16,RHS,Rural,Singarayakonda ,Overturning,,Mini Container                ,Non injury,Defect in mechanical condition of motor vehicle/road condition,Four lanes or more with central divider,Straight road,,Fine,AP27TZ          1638,P.V,Grievous,0
03.06.2019,10:20PM,1282.16,RHS,Rural,Singarayakonda ,Overturning,,Mini Container                ,Non injury,Defect in mechanical condition of motor vehicle/road condition,Four lanes or more with central divider,Straight road,,Fine,AP27TZ          1638,P.V,Minor,0
03.06.2019,10:20PM,1282.16,RHS,Rural,Singarayakonda ,Overturning,,Mini Container                ,Non injury,Defect in mechanical condition of motor vehicle/road condition,Four lanes or more with central divider,Straight road,,Fine,AP27TZ          1638,P.V,Non injured,1
03.06.2019,10:20PM,1282.16,RHS,Rural,Singarayakonda ,Overturning,,Mini Container                ,Non injury,Defect in mechanical condition of motor vehicle/road condition,Four lanes or more with central divider,Straight road,,Fine,AP27TZ          1638,P.V,"No of animals Killed,if Any",0
04.06.2019,03:35AM,1251.35,RHS,Rural,Ongole ,Rear End Collision,,LCV   ,Non injury,Fault of driver of motor vehicle/driver of other vehicle/cyclist/pedestrian/passenger,Four lanes or more with central divider,Straight road,,Fine,AP07TN 2449,P.V,Fatal,0
04.06.2019,03:35AM,1251.35,RHS,Rural,Ongole ,Rear End Collision,,LCV   ,Non injury,Fault of driver of motor vehicle/driver of other vehicle/cyclist/pedestrian/passenger,Four lanes or more with central divider,Straight road,,Fine,AP07TN 2449,P.V,Grievous,0
04.06.2019,03:35AM,1251.35,RHS,Rural,Ongole ,Rear End Collision,,LCV   ,Non injury,Fault of driver of motor vehicle/driver of other vehicle/cyclist/pedestrian/passenger,Four lanes or more with central divider,Straight road,,Fine,AP07TN 2449,P.V,Minor,0
04.06.2019,03:35AM,1251.35,RHS,Rural,Ongole ,Rear End Collision,,LCV   ,Non injury,Fault of driver of motor vehicle/driver of other vehicle/cyclist/pedestrian/passenger,Four lanes or more with central divider,Straight road,,Fine,AP07TN 2449,P.V,Non injured,1
04.06.2019,03:35AM,1251.35,RHS,Rural,Ongole ,Rear End Collision,,LCV   ,Non injury,Fault of driver of motor vehicle/driver of other vehicle/cyclist/pedestrian/passenger,Four lanes or more with central divider,Straight road,,Fine,AP07TN 2449,P.V,"No of animals Killed,if Any",0
04.06.2019,08:30PM,1354.18,RHS,Rural,Kodavalur ,Rear End Collision,,Unknown Vehicle,Fatal,Over speed,Four lanes or more with central divider,Straight road,T-Junction,Fine,Unknown Vehicle,A.M.B & P.V,Fatal,1
04.06.2019,08:30PM,1354.18,RHS,Rural,Kodavalur ,Rear End Collision,,Unknown Vehicle,Fatal,Over speed,Four lanes or more with central divider,Straight road,T-Junction,Fine,Unknown Vehicle,A.M.B & P.V,Grievous,0
04.06.2019,08:30PM,1354.18,RHS,Rural,Kodavalur ,Rear End Collision,,Unknown Vehicle,Fatal,Over speed,Four lanes or more with central divider,Straight road,T-Junction,Fine,Unknown Vehicle,A.M.B & P.V,Minor,0
04.06.2019,08:30PM,1354.18,RHS,Rural,Kodavalur ,Rear End Collision,,Unknown Vehicle,Fatal,Over speed,Four lanes or more with central divider,Straight road,T-Junction,Fine,Unknown Vehicle,A.M.B & P.V,Non injured,0
04.06.2019,08:30PM,1354.18,RHS,Rural,Kodavalur ,Rear End Collision,,Unknown Vehicle,Fatal,Over speed,Four lanes or more with central divider,Straight road,T-Junction,Fine,Unknown Vehicle,A.M.B & P.V,"No of animals Killed,if Any",0
04.06.2019,11:59PM,1302.95,LHS,Rural,Gudlur ,Rear End Collision,,Tipper ,Non injury,Fault of driver of motor vehicle/driver of other vehicle/cyclist/pedestrian/passenger,Four lanes or more with central divider,Straight road,,Fine,AP39X 0199,P.V,Fatal,0
04.06.2019,11:59PM,1302.95,LHS,Rural,Gudlur ,Rear End Collision,,Tipper ,Non injury,Fault of driver of motor vehicle/driver of other vehicle/cyclist/pedestrian/passenger,Four lanes or more with central divider,Straight road,,Fine,AP39X 0199,P.V,Grievous,0
04.06.2019,11:59PM,1302.95,LHS,Rural,Gudlur ,Rear End Collision,,Tipper ,Non injury,Fault of driver of motor vehicle/driver of other vehicle/cyclist/pedestrian/passenger,Four lanes or more with central divider,Straight road,,Fine,AP39X 0199,P.V,Minor,0
04.06.2019,11:59PM,1302.95,LHS,Rural,Gudlur ,Rear End Collision,,Tipper ,Non injury,Fault of driver of motor vehicle/driver of other vehicle/cyclist/pedestrian/passenger,Four lanes or more with central divider,Straight road,,Fine,AP39X 0199,P.V,Non injured,1
04.06.2019,11:59PM,1302.95,LHS,Rural,Gudlur ,Rear End Collision,,Tipper ,Non injury,Fault of driver of motor vehicle/driver of other vehicle/cyclist/pedestrian/passenger,Four lanes or more with central divider,Straight road,,Fine,AP39X 0199,P.V,"No of animals Killed,if Any",0
05.06.2019,04:02AM,1214.6,RHS,Rural,Medarametla ,Rear End Collision,,Car,Grievious injury,Fault of driver of motor vehicle/driver of other vehicle/cyclist/pedestrian/passenger,Four lanes or more with central divider,Straight road,,Fine,AP07CK 3069,A.M.B & P.V,Fatal,0
05.06.2019,04:02AM,1214.6,RHS,Rural,Medarametla ,Rear End Collision,,Car,Grievious injury,Fault of driver of motor vehicle/driver of other vehicle/cyclist/pedestrian/passenger,Four lanes or more with central divider,Straight road,,Fine,AP07CK 3069,A.M.B & P.V,Grievous,3
05.06.2019,04:02AM,1214.6,RHS,Rural,Medarametla ,Rear End Collision,,Car,Grievious injury,Fault of driver of motor vehicle/driver of other vehicle/cyclist/pedestrian/passenger,Four lanes or more with central divider,Straight road,,Fine,AP07CK 3069,A.M.B & P.V,Minor,0
05.06.2019,04:02AM,1214.6,RHS,Rural,Medarametla ,Rear End Collision,,Car,Grievious injury,Fault of driver of motor vehicle/driver of other vehicle/cyclist/pedestrian/passenger,Four lanes or more with central divider,Straight road,,Fine,AP07CK 3069,A.M.B & P.V,Non injured,0
05.06.2019,04:02AM,1214.6,RHS,Rural,Medarametla ,Rear End Collision,,Car,Grievious injury,Fault of driver of motor vehicle/driver of other vehicle/cyclist/pedestrian/passenger,Four lanes or more with central divider,Straight road,,Fine,AP07CK 3069,A.M.B & P.V,"No of animals Killed,if Any",0
05.06.2019,04:25AM,1222.88,LHS,Rural,Medarametla ,Collision Brush/Side Wipe,,Container,Non injury,Fault of driver of motor vehicle/driver of other vehicle/cyclist/pedestrian/passenger,Four lanes or more with central divider,Straight road,,Fine,AP26TD 7459,P.V,Fatal,0
05.06.2019,04:25AM,1222.88,LHS,Rural,Medarametla ,Collision Brush/Side Wipe,,Container,Non injury,Fault of driver of motor vehicle/driver of other vehicle/cyclist/pedestrian/passenger,Four lanes or more with central divider,Straight road,,Fine,AP26TD 7459,P.V,Grievous,0
05.06.2019,04:25AM,1222.88,LHS,Rural,Medarametla ,Collision Brush/Side Wipe,,Container,Non injury,Fault of driver of motor vehicle/driver of other vehicle/cyclist/pedestrian/passenger,Four lanes or more with central divider,Straight road,,Fine,AP26TD 7459,P.V,Minor,0
05.06.2019,04:25AM,1222.88,LHS,Rural,Medarametla ,Collision Brush/Side Wipe,,Container,Non injury,Fault of driver of motor vehicle/driver of other vehicle/cyclist/pedestrian/passenger,Four lanes or more with central divider,Straight road,,Fine,AP26TD 7459,P.V,Non injured,1
05.06.2019,04:25AM,1222.88,LHS,Rural,Medarametla ,Collision Brush/Side Wipe,,Container,Non injury,Fault of driver of motor vehicle/driver of other vehicle/cyclist/pedestrian/passenger,Four lanes or more with central divider,Straight road,,Fine,AP26TD 7459,P.V,"No of animals Killed,if Any",0
05.06.2019,10:15AM,1193.3,LHS,Rural,Martur ,Overturning,,Car,Non injury,Defect in mechanical condition of motor vehicle/road condition,Four lanes or more with central divider,Straight road,,Fine,AP28DA 5132,A.M.B ,Fatal,0
05.06.2019,10:15AM,1193.3,LHS,Rural,Martur ,Overturning,,Car,Non injury,Defect in mechanical condition of motor vehicle/road condition,Four lanes or more with central divider,Straight road,,Fine,AP28DA 5132,A.M.B ,Grievous,0
05.06.2019,10:15AM,1193.3,LHS,Rural,Martur ,Overturning,,Car,Non injury,Defect in mechanical condition of motor vehicle/road condition,Four lanes or more with central divider,Straight road,,Fine,AP28DA 5132,A.M.B ,Minor,0
05.06.2019,10:15AM,1193.3,LHS,Rural,Martur ,Overturning,,Car,Non injury,Defect in mechanical condition of motor vehicle/road condition,Four lanes or more with central divider,Straight road,,Fine,AP28DA 5132,A.M.B ,Non injured,2
05.06.2019,10:15AM,1193.3,LHS,Rural,Martur ,Overturning,,Car,Non injury,Defect in mechanical condition of motor vehicle/road condition,Four lanes or more with central divider,Straight road,,Fine,AP28DA 5132,A.M.B ,"No of animals Killed,if Any",0
05.06.2019,02:15PM,1315.58,LHS,Rural,Kavali ,Collision Brush/Side Wipe,,Car,Grievious injury,Over speed,Four lanes or more with central divider,Straight road,,Fine,AP27BD 3060,A.M.B & P.V,Fatal,0
05.06.2019,02:15PM,1315.58,LHS,Rural,Kavali ,Collision Brush/Side Wipe,,Car,Grievious injury,Over speed,Four lanes or more with central divider,Straight road,,Fine,AP27BD 3060,A.M.B & P.V,Grievous,1
05.06.2019,02:15PM,1315.58,LHS,Rural,Kavali ,Collision Brush/Side Wipe,,Car,Grievious injury,Over speed,Four lanes or more with central divider,Straight road,,Fine,AP27BD 3060,A.M.B & P.V,Minor,1
05.06.2019,02:15PM,1315.58,LHS,Rural,Kavali ,Collision Brush/Side Wipe,,Car,Grievious injury,Over speed,Four lanes or more with central divider,Straight road,,Fine,AP27BD 3060,A.M.B & P.V,Non injured,0
05.06.2019,02:15PM,1315.58,LHS,Rural,Kavali ,Collision Brush/Side Wipe,,Car,Grievious injury,Over speed,Four lanes or more with central divider,Straight road,,Fine,AP27BD 3060,A.M.B & P.V,"No of animals Killed,if Any",0
05.06.2019,04:54PM,1264.4,LHS,Rural,Tangutur ,Collision Brush/Side Wipe,,Car ,Grievious injury,Fault of driver of motor vehicle/driver of other vehicle/cyclist/pedestrian/passenger,Four lanes or more with central divider,Straight road,,Fine,AP39E 6630,A.M.B & P.V,Fatal,0
05.06.2019,04:54PM,1264.4,LHS,Rural,Tangutur ,Collision Brush/Side Wipe,,Car ,Grievious injury,Fault of driver of motor vehicle/driver of other vehicle/cyclist/pedestrian/passenger,Four lanes or more with central divider,Straight road,,Fine,AP39E 6630,A.M.B & P.V,Grievous,1
05.06.2019,04:54PM,1264.4,LHS,Rural,Tangutur ,Collision Brush/Side Wipe,,Car ,Grievious injury,Fault of driver of motor vehicle/driver of other vehicle/cyclist/pedestrian/passenger,Four lanes or more with central divider,Straight road,,Fine,AP39E 6630,A.M.B & P.V,Minor,0
05.06.2019,04:54PM,1264.4,LHS,Rural,Tangutur ,Collision Brush/Side Wipe,,Car ,Grievious injury,Fault of driver of motor vehicle/driver of other vehicle/cyclist/pedestrian/passenger,Four lanes or more with central divider,Straight road,,Fine,AP39E 6630,A.M.B & P.V,Non injured,0
05.06.2019,04:54PM,1264.4,LHS,Rural,Tangutur ,Collision Brush/Side Wipe,,Car ,Grievious injury,Fault of driver of motor vehicle/driver of other vehicle/cyclist/pedestrian/passenger,Four lanes or more with central divider,Straight road,,Fine,AP39E 6630,A.M.B & P.V,"No of animals Killed,if Any",0
05.06.2019,08:23PM,1265.4,LHS,Rural,Tangutur ,Rear End Collision,,Container,Minor injury,Fault of driver of motor vehicle/driver of other vehicle/cyclist/pedestrian/passenger,Four lanes or more with central divider,Straight road,,Fine,HR55Y 4936,A.M.B & P.V,Fatal,0
05.06.2019,08:23PM,1265.4,LHS,Rural,Tangutur ,Rear End Collision,,Container,Minor injury,Fault of driver of motor vehicle/driver of other vehicle/cyclist/pedestrian/passenger,Four lanes or more with central divider,Straight road,,Fine,HR55Y 4936,A.M.B & P.V,Grievous,0
05.06.2019,08:23PM,1265.4,LHS,Rural,Tangutur ,Rear End Collision,,Container,Minor injury,Fault of driver of motor vehicle/driver of other vehicle/cyclist/pedestrian/passenger,Four lanes or more with central divider,Straight road,,Fine,HR55Y 4936,A.M.B & P.V,Minor,2
05.06.2019,08:23PM,1265.4,LHS,Rural,Tangutur ,Rear End Collision,,Container,Minor injury,Fault of driver of motor vehicle/driver of other vehicle/cyclist/pedestrian/passenger,Four lanes or more with central divider,Straight road,,Fine,HR55Y 4936,A.M.B & P.V,Non injured,1
05.06.2019,08:23PM,1265.4,LHS,Rural,Tangutur ,Rear End Collision,,Container,Minor injury,Fault of driver of motor vehicle/driver of other vehicle/cyclist/pedestrian/passenger,Four lanes or more with central divider,Straight road,,Fine,HR55Y 4936,A.M.B & P.V,"No of animals Killed,if Any",0
06.06.2019,07:15AM,1192.6,RHS,Rural,Martur ,Collision Brush/Side Wipe,,Tipper          ,Non injury,Fault of driver of motor vehicle/driver of other vehicle/cyclist/pedestrian/passenger,Four lanes or more with central divider,Straight road,,Fine,AP27TU             9464,P.V,Fatal,0
06.06.2019,07:15AM,1192.6,RHS,Rural,Martur ,Collision Brush/Side Wipe,,Tipper          ,Non injury,Fault of driver of motor vehicle/driver of other vehicle/cyclist/pedestrian/passenger,Four lanes or more with central divider,Straight road,,Fine,AP27TU             9464,P.V,Grievous,0
06.06.2019,07:15AM,1192.6,RHS,Rural,Martur ,Collision Brush/Side Wipe,,Tipper          ,Non injury,Fault of driver of motor vehicle/driver of other vehicle/cyclist/pedestrian/passenger,Four lanes or more with central divider,Straight road,,Fine,AP27TU             9464,P.V,Minor,0
06.06.2019,07:15AM,1192.6,RHS,Rural,Martur ,Collision Brush/Side Wipe,,Tipper          ,Non injury,Fault of driver of motor vehicle/driver of other vehicle/cyclist/pedestrian/passenger,Four lanes or more with central divider,Straight road,,Fine,AP27TU             9464,P.V,Non injured,1
06.06.2019,07:15AM,1192.6,RHS,Rural,Martur ,Collision Brush/Side Wipe,,Tipper          ,Non injury,Fault of driver of motor vehicle/driver of other vehicle/cyclist/pedestrian/passenger,Four lanes or more with central divider,Straight road,,Fine,AP27TU             9464,P.V,"No of animals Killed,if Any",0
06.06.2019,07:28AM,1288.08,RHS,Rural,Ulavapadu ,Collision Brush/Side Wipe,,Container        ,Fatal,Fault of driver of motor vehicle/driver of other vehicle/cyclist/pedestrian/passenger,Two lanes,Straight road,,Fine,KA01AH        4732,P.V,Fatal,1
06.06.2019,07:28AM,1288.08,RHS,Rural,Ulavapadu ,Collision Brush/Side Wipe,,Container        ,Fatal,Fault of driver of motor vehicle/driver of other vehicle/cyclist/pedestrian/passenger,Two lanes,Straight road,,Fine,KA01AH        4732,P.V,Grievous,0
06.06.2019,07:28AM,1288.08,RHS,Rural,Ulavapadu ,Collision Brush/Side Wipe,,Container        ,Fatal,Fault of driver of motor vehicle/driver of other vehicle/cyclist/pedestrian/passenger,Two lanes,Straight road,,Fine,KA01AH        4732,P.V,Minor,0
06.06.2019,07:28AM,1288.08,RHS,Rural,Ulavapadu ,Collision Brush/Side Wipe,,Container        ,Fatal,Fault of driver of motor vehicle/driver of other vehicle/cyclist/pedestrian/passenger,Two lanes,Straight road,,Fine,KA01AH        4732,P.V,Non injured,1
06.06.2019,07:28AM,1288.08,RHS,Rural,Ulavapadu ,Collision Brush/Side Wipe,,Container        ,Fatal,Fault of driver of motor vehicle/driver of other vehicle/cyclist/pedestrian/passenger,Two lanes,Straight road,,Fine,KA01AH        4732,P.V,"No of animals Killed,if Any",0
06.06.2019,09:30AM,1226.08,RHS,Rural,Maddipadu ,Rear End Collision,,Bike,Minor injury,Fault of driver of motor vehicle/driver of other vehicle/cyclist/pedestrian/passenger,Four lanes or more with central divider,Straight road,,Fine,Bike(F/R),P.V,Fatal,0
06.06.2019,09:30AM,1226.08,RHS,Rural,Maddipadu ,Rear End Collision,,Bike,Minor injury,Fault of driver of motor vehicle/driver of other vehicle/cyclist/pedestrian/passenger,Four lanes or more with central divider,Straight road,,Fine,Bike(F/R),P.V,Grievous,0
06.06.2019,09:30AM,1226.08,RHS,Rural,Maddipadu ,Rear End Collision,,Bike,Minor injury,Fault of driver of motor vehicle/driver of other vehicle/cyclist/pedestrian/passenger,Four lanes or more with central divider,Straight road,,Fine,Bike(F/R),P.V,Minor,2
06.06.2019,09:30AM,1226.08,RHS,Rural,Maddipadu ,Rear End Collision,,Bike,Minor injury,Fault of driver of motor vehicle/driver of other vehicle/cyclist/pedestrian/passenger,Four lanes or more with central divider,Straight road,,Fine,Bike(F/R),P.V,Non injured,20
06.06.2019,09:30AM,1226.08,RHS,Rural,Maddipadu ,Rear End Collision,,Bike,Minor injury,Fault of driver of motor vehicle/driver of other vehicle/cyclist/pedestrian/passenger,Four lanes or more with central divider,Straight road,,Fine,Bike(F/R),P.V,"No of animals Killed,if Any",0
06.06.2019,03:15PM,1258.02,RHS,Rural,Tangutur ,Overturning,,Tractor             ,Non injury,Defect in mechanical condition of motor vehicle/road condition,Four lanes or more with central divider,Straight road,,Fine,AP04K          6417,P.V,Fatal,0
06.06.2019,03:15PM,1258.02,RHS,Rural,Tangutur ,Overturning,,Tractor             ,Non injury,Defect in mechanical condition of motor vehicle/road condition,Four lanes or more with central divider,Straight road,,Fine,AP04K          6417,P.V,Grievous,0
06.06.2019,03:15PM,1258.02,RHS,Rural,Tangutur ,Overturning,,Tractor             ,Non injury,Defect in mechanical condition of motor vehicle/road condition,Four lanes or more with central divider,Straight road,,Fine,AP04K          6417,P.V,Minor,0
06.06.2019,03:15PM,1258.02,RHS,Rural,Tangutur ,Overturning,,Tractor             ,Non injury,Defect in mechanical condition of motor vehicle/road condition,Four lanes or more with central divider,Straight road,,Fine,AP04K          6417,P.V,Non injured,1
06.06.2019,03:15PM,1258.02,RHS,Rural,Tangutur ,Overturning,,Tractor             ,Non injury,Defect in mechanical condition of motor vehicle/road condition,Four lanes or more with central divider,Straight road,,Fine,AP04K          6417,P.V,"No of animals Killed,if Any",0
06.06.2019,11:25PM,1219.65,RHS,Rural,Medarametla ,Overturning,,Container         ,Non injury,Fault of driver of motor vehicle/driver of other vehicle/cyclist/pedestrian/passenger,Four lanes or more with central divider,Straight road,,Fine,NL01AC           4276,P.V,Fatal,0
06.06.2019,11:25PM,1219.65,RHS,Rural,Medarametla ,Overturning,,Container         ,Non injury,Fault of driver of motor vehicle/driver of other vehicle/cyclist/pedestrian/passenger,Four lanes or more with central divider,Straight road,,Fine,NL01AC           4276,P.V,Grievous,0
06.06.2019,11:25PM,1219.65,RHS,Rural,Medarametla ,Overturning,,Container         ,Non injury,Fault of driver of motor vehicle/driver of other vehicle/cyclist/pedestrian/passenger,Four lanes or more with central divider,Straight road,,Fine,NL01AC           4276,P.V,Minor,0
06.06.2019,11:25PM,1219.65,RHS,Rural,Medarametla ,Overturning,,Container         ,Non injury,Fault of driver of motor vehicle/driver of other vehicle/cyclist/pedestrian/passenger,Four lanes or more with central divider,Straight road,,Fine,NL01AC           4276,P.V,Non injured,1
06.06.2019,11:25PM,1219.65,RHS,Rural,Medarametla ,Overturning,,Container         ,Non injury,Fault of driver of motor vehicle/driver of other vehicle/cyclist/pedestrian/passenger,Four lanes or more with central divider,Straight road,,Fine,NL01AC           4276,P.V,"No of animals Killed,if Any",0
07.06.2019,07:50AM,1244.6,RHS,Rural,Ongole ,Collision Brush/Side Wipe,,Tanker,Non injury,Fault of driver of motor vehicle/driver of other vehicle/cyclist/pedestrian/passenger,Four lanes or more with central divider,Straight road,,Fine,AP26TT 8879,P.V,Fatal,0
07.06.2019,07:50AM,1244.6,RHS,Rural,Ongole ,Collision Brush/Side Wipe,,Tanker,Non injury,Fault of driver of motor vehicle/driver of other vehicle/cyclist/pedestrian/passenger,Four lanes or more with central divider,Straight road,,Fine,AP26TT 8879,P.V,Grievous,0
07.06.2019,07:50AM,1244.6,RHS,Rural,Ongole ,Collision Brush/Side Wipe,,Tanker,Non injury,Fault of driver of motor vehicle/driver of other vehicle/cyclist/pedestrian/passenger,Four lanes or more with central divider,Straight road,,Fine,AP26TT 8879,P.V,Minor,0
07.06.2019,07:50AM,1244.6,RHS,Rural,Ongole ,Collision Brush/Side Wipe,,Tanker,Non injury,Fault of driver of motor vehicle/driver of other vehicle/cyclist/pedestrian/passenger,Four lanes or more with central divider,Straight road,,Fine,AP26TT 8879,P.V,Non injured,1
07.06.2019,07:50AM,1244.6,RHS,Rural,Ongole ,Collision Brush/Side Wipe,,Tanker,Non injury,Fault of driver of motor vehicle/driver of other vehicle/cyclist/pedestrian/passenger,Four lanes or more with central divider,Straight road,,Fine,AP26TT 8879,P.V,"No of animals Killed,if Any",0
07.06.2019,10:40AM,1222.85,LHS,Rural,Medarametla ,Overturning,,LCV   ,Grievious injury,Defect in mechanical condition of motor vehicle/road condition,Four lanes or more with central divider,Slight curve,,Fine,AP27TY 2687,A.M.B & P.V,Fatal,0
07.06.2019,10:40AM,1222.85,LHS,Rural,Medarametla ,Overturning,,LCV   ,Grievious injury,Defect in mechanical condition of motor vehicle/road condition,Four lanes or more with central divider,Slight curve,,Fine,AP27TY 2687,A.M.B & P.V,Grievous,2
07.06.2019,10:40AM,1222.85,LHS,Rural,Medarametla ,Overturning,,LCV   ,Grievious injury,Defect in mechanical condition of motor vehicle/road condition,Four lanes or more with central divider,Slight curve,,Fine,AP27TY 2687,A.M.B & P.V,Minor,0
07.06.2019,10:40AM,1222.85,LHS,Rural,Medarametla ,Overturning,,LCV   ,Grievious injury,Defect in mechanical condition of motor vehicle/road condition,Four lanes or more with central divider,Slight curve,,Fine,AP27TY 2687,A.M.B & P.V,Non injured,1
07.06.2019,10:40AM,1222.85,LHS,Rural,Medarametla ,Overturning,,LCV   ,Grievious injury,Defect in mechanical condition of motor vehicle/road condition,Four lanes or more with central divider,Slight curve,,Fine,AP27TY 2687,A.M.B & P.V,"No of animals Killed,if Any",0
07.06.2019,11:23PM,1252.75,LHS,Rural,Ongole ,Overturning,,Container,Minor injury,Fault of driver of motor vehicle/driver of other vehicle/cyclist/pedestrian/passenger,Four lanes or more with central divider,Straight road,,Fine, AP04TX 0699,P.V,Fatal,0
07.06.2019,11:23PM,1252.75,LHS,Rural,Ongole ,Overturning,,Container,Minor injury,Fault of driver of motor vehicle/driver of other vehicle/cyclist/pedestrian/passenger,Four lanes or more with central divider,Straight road,,Fine, AP04TX 0699,P.V,Grievous,0
07.06.2019,11:23PM,1252.75,LHS,Rural,Ongole ,Overturning,,Container,Minor injury,Fault of driver of motor vehicle/driver of other vehicle/cyclist/pedestrian/passenger,Four lanes or more with central divider,Straight road,,Fine, AP04TX 0699,P.V,Minor,1
07.06.2019,11:23PM,1252.75,LHS,Rural,Ongole ,Overturning,,Container,Minor injury,Fault of driver of motor vehicle/driver of other vehicle/cyclist/pedestrian/passenger,Four lanes or more with central divider,Straight road,,Fine, AP04TX 0699,P.V,Non injured,1
07.06.2019,11:23PM,1252.75,LHS,Rural,Ongole ,Overturning,,Container,Minor injury,Fault of driver of motor vehicle/driver of other vehicle/cyclist/pedestrian/passenger,Four lanes or more with central divider,Straight road,,Fine, AP04TX 0699,P.V,"No of animals Killed,if Any",0
08.06.2019,01:50AM,1207.9,RHS,Rural,Renangivaram ,Rear End Collision,,LCV   ,Grievious injury,Fault of driver of motor vehicle/driver of other vehicle/cyclist/pedestrian/passenger,Four lanes or more with central divider,Straight road,,Fine,AP26TD 9537,A.M.B & P.V,Fatal,0