Operational date,Time of Accident,KM && M,Position,Rural/Urban,Location,Nature of Accident Position,Nature of Accident,Vehicle Involved,Type of Accident,Causes,Road Feature,Road condition,Intersection Type And Control,Weather Condition,Vehicle Responsible,Help Provided by Ambulance/Patroling Vehicle,Classification of Accident,No of Affected Persons
08.06.2019,01:50AM,1207.9,RHS,Rural,Renangivaram ,Rear End Collision,,LCV   ,Grievious injury,Fault of driver of motor vehicle/driver of other vehicle/cyclist/pedestrian/passenger,Four lanes or more with central divider,Straight road,,Fine,AP26TD 9537,A.M.B & P.V,Grievous,0
08.06.2019,01:50AM,1207.9,RHS,Rural,Renangivaram ,Rear End Collision,,LCV   ,Grievious injury,Fault of driver of motor vehicle/driver of other vehicle/cyclist/pedestrian/passenger,Four lanes or more with central divider,Straight road,,Fine,AP26TD 9537,A.M.B & P.V,Minor,2
08.06.2019,01:50AM,1207.9,RHS,Rural,Renangivaram ,Rear End Collision,,LCV   ,Grievious injury,Fault of driver of motor vehicle/driver of other vehicle/cyclist/pedestrian/passenger,Four lanes or more with central divider,Straight road,,Fine,AP26TD 9537,A.M.B & P.V,Non injured,1
08.06.2019,01:50AM,1207.9,RHS,Rural,Renangivaram ,Rear End Collision,,LCV   ,Grievious injury,Fault of driver of motor vehicle/driver of other vehicle/cyclist/pedestrian/passenger,Four lanes or more with central divider,Straight road,,Fine,AP26TD 9537,A.M.B & P.V,"No of animals Killed,if Any",0
08.06.2019,07:30AM,1316.4,RHS,Rural,Kavali ,Collision Brush/Side Wipe,,Truck  ,Non injury,Fault of driver of motor vehicle/driver of other vehicle/cyclist/pedestrian/passenger,Four lanes or more with central divider,Straight road,,Fine,AP16TY 4282,P.V,Fatal,0
08.06.2019,07:30AM,1316.4,RHS,Rural,Kavali ,Collision Brush/Side Wipe,,Truck  ,Non injury,Fault of driver of motor vehicle/driver of other vehicle/cyclist/pedestrian/passenger,Four lanes or more with central divider,Straight road,,Fine,AP16TY 4282,P.V,Grievous,0
08.06.2019,07:30AM,1316.4,RHS,Rural,Kavali ,Collision Brush/Side Wipe,,Truck  ,Non injury,Fault of driver of motor vehicle/driver of other vehicle/cyclist/pedestrian/passenger,Four lanes or more with central divider,Straight road,,Fine,AP16TY 4282,P.V,Minor,0
08.06.2019,07:30AM,1316.4,RHS,Rural,Kavali ,Collision Brush/Side Wipe,,Truck  ,Non injury,Fault of driver of motor vehicle/driver of other vehicle/cyclist/pedestrian/passenger,Four lanes or more with central divider,Straight road,,Fine,AP16TY 4282,P.V,Non injured,1
08.06.2019,07:30AM,1316.4,RHS,Rural,Kavali ,Collision Brush/Side Wipe,,Truck  ,Non injury,Fault of driver of motor vehicle/driver of other vehicle/cyclist/pedestrian/passenger,Four lanes or more with central divider,Straight road,,Fine,AP16TY 4282,P.V,"No of animals Killed,if Any",0
08.06.2019,02:12PM,1328.14,LHS,Rural,Kavali ,Rear End Collision,,Truck  ,Fatal,Over speed,Four lanes or more with central divider,Straight road,,Fine,AP16TE 2479,P.V,Fatal,1
08.06.2019,02:12PM,1328.14,LHS,Rural,Kavali ,Rear End Collision,,Truck  ,Fatal,Over speed,Four lanes or more with central divider,Straight road,,Fine,AP16TE 2479,P.V,Grievous,0
08.06.2019,02:12PM,1328.14,LHS,Rural,Kavali ,Rear End Collision,,Truck  ,Fatal,Over speed,Four lanes or more with central divider,Straight road,,Fine,AP16TE 2479,P.V,Minor,0
08.06.2019,02:12PM,1328.14,LHS,Rural,Kavali ,Rear End Collision,,Truck  ,Fatal,Over speed,Four lanes or more with central divider,Straight road,,Fine,AP16TE 2479,P.V,Non injured,1
08.06.2019,02:12PM,1328.14,LHS,Rural,Kavali ,Rear End Collision,,Truck  ,Fatal,Over speed,Four lanes or more with central divider,Straight road,,Fine,AP16TE 2479,P.V,"No of animals Killed,if Any",1
09.06.2019,02:35AM,1334.16,RHS,Rural,K. Tippa ,Collision Brush/Side Wipe,,LCV   ,Grievious injury,Fault of driver of motor vehicle/driver of other vehicle/cyclist/pedestrian/passenger,Four lanes or more with central divider,Straight road,,Fine,TN 20AA 6701,P.V,Fatal,0
09.06.2019,02:35AM,1334.16,RHS,Rural,K. Tippa ,Collision Brush/Side Wipe,,LCV   ,Grievious injury,Fault of driver of motor vehicle/driver of other vehicle/cyclist/pedestrian/passenger,Four lanes or more with central divider,Straight road,,Fine,TN 20AA 6701,P.V,Grievous,1
09.06.2019,02:35AM,1334.16,RHS,Rural,K. Tippa ,Collision Brush/Side Wipe,,LCV   ,Grievious injury,Fault of driver of motor vehicle/driver of other vehicle/cyclist/pedestrian/passenger,Four lanes or more with central divider,Straight road,,Fine,TN 20AA 6701,P.V,Minor,0
09.06.2019,02:35AM,1334.16,RHS,Rural,K. Tippa ,Collision Brush/Side Wipe,,LCV   ,Grievious injury,Fault of driver of motor vehicle/driver of other vehicle/cyclist/pedestrian/passenger,Four lanes or more with central divider,Straight road,,Fine,TN 20AA 6701,P.V,Non injured,2
09.06.2019,02:35AM,1334.16,RHS,Rural,K. Tippa ,Collision Brush/Side Wipe,,LCV   ,Grievious injury,Fault of driver of motor vehicle/driver of other vehicle/cyclist/pedestrian/passenger,Four lanes or more with central divider,Straight road,,Fine,TN 20AA 6701,P.V,"No of animals Killed,if Any",0
09.06.2019,03:45AM,1236.2,LHS,Rural,Maddipadu ,Collision Brush/Side Wipe,,Truck  ,Non injury,Fault of driver of motor vehicle/driver of other vehicle/cyclist/pedestrian/passenger,Four lanes or more with central divider,Straight road,,Fine,WB 29 B 1904,P.V,Fatal,0
09.06.2019,03:45AM,1236.2,LHS,Rural,Maddipadu ,Collision Brush/Side Wipe,,Truck  ,Non injury,Fault of driver of motor vehicle/driver of other vehicle/cyclist/pedestrian/passenger,Four lanes or more with central divider,Straight road,,Fine,WB 29 B 1904,P.V,Grievous,0
09.06.2019,03:45AM,1236.2,LHS,Rural,Maddipadu ,Collision Brush/Side Wipe,,Truck  ,Non injury,Fault of driver of motor vehicle/driver of other vehicle/cyclist/pedestrian/passenger,Four lanes or more with central divider,Straight road,,Fine,WB 29 B 1904,P.V,Minor,0
09.06.2019,03:45AM,1236.2,LHS,Rural,Maddipadu ,Collision Brush/Side Wipe,,Truck  ,Non injury,Fault of driver of motor vehicle/driver of other vehicle/cyclist/pedestrian/passenger,Four lanes or more with central divider,Straight road,,Fine,WB 29 B 1904,P.V,Non injured,1
09.06.2019,03:45AM,1236.2,LHS,Rural,Maddipadu ,Collision Brush/Side Wipe,,Truck  ,Non injury,Fault of driver of motor vehicle/driver of other vehicle/cyclist/pedestrian/passenger,Four lanes or more with central divider,Straight road,,Fine,WB 29 B 1904,P.V,"No of animals Killed,if Any",0
09.06.2019,06:40PM,1290.72,RHS,Rural,Ulavapadu ,Rear End Collision,,Car,Non injury,Defect in mechanical condition of motor vehicle/road condition,Four lanes or more with central divider,Straight road,,Fine,AP26BC 3695,P.V,Fatal,0
09.06.2019,06:40PM,1290.72,RHS,Rural,Ulavapadu ,Rear End Collision,,Car,Non injury,Defect in mechanical condition of motor vehicle/road condition,Four lanes or more with central divider,Straight road,,Fine,AP26BC 3695,P.V,Grievous,0
09.06.2019,06:40PM,1290.72,RHS,Rural,Ulavapadu ,Rear End Collision,,Car,Non injury,Defect in mechanical condition of motor vehicle/road condition,Four lanes or more with central divider,Straight road,,Fine,AP26BC 3695,P.V,Minor,0
09.06.2019,06:40PM,1290.72,RHS,Rural,Ulavapadu ,Rear End Collision,,Car,Non injury,Defect in mechanical condition of motor vehicle/road condition,Four lanes or more with central divider,Straight road,,Fine,AP26BC 3695,P.V,Non injured,1
09.06.2019,06:40PM,1290.72,RHS,Rural,Ulavapadu ,Rear End Collision,,Car,Non injury,Defect in mechanical condition of motor vehicle/road condition,Four lanes or more with central divider,Straight road,,Fine,AP26BC 3695,P.V,"No of animals Killed,if Any",0
10.06.2019,03:00AM,1206.06,RHS,Rural,Renangivaram ,Collision Brush/Side Wipe,,Bus             ,Minor injury,Fault of driver of motor vehicle/driver of other vehicle/cyclist/pedestrian/passenger,Four lanes or more with central divider,Straight road,,Fine,KA25D1400,A.M.B & P.V,Fatal,0
10.06.2019,03:00AM,1206.06,RHS,Rural,Renangivaram ,Collision Brush/Side Wipe,,Bus             ,Minor injury,Fault of driver of motor vehicle/driver of other vehicle/cyclist/pedestrian/passenger,Four lanes or more with central divider,Straight road,,Fine,KA25D1400,A.M.B & P.V,Grievous,0
10.06.2019,03:00AM,1206.06,RHS,Rural,Renangivaram ,Collision Brush/Side Wipe,,Bus             ,Minor injury,Fault of driver of motor vehicle/driver of other vehicle/cyclist/pedestrian/passenger,Four lanes or more with central divider,Straight road,,Fine,KA25D1400,A.M.B & P.V,Minor,6
10.06.2019,03:00AM,1206.06,RHS,Rural,Renangivaram ,Collision Brush/Side Wipe,,Bus             ,Minor injury,Fault of driver of motor vehicle/driver of other vehicle/cyclist/pedestrian/passenger,Four lanes or more with central divider,Straight road,,Fine,KA25D1400,A.M.B & P.V,Non injured,48
10.06.2019,03:00AM,1206.06,RHS,Rural,Renangivaram ,Collision Brush/Side Wipe,,Bus             ,Minor injury,Fault of driver of motor vehicle/driver of other vehicle/cyclist/pedestrian/passenger,Four lanes or more with central divider,Straight road,,Fine,KA25D1400,A.M.B & P.V,"No of animals Killed,if Any",0
11.06.2019,00:40AM,1215.25,LHS,Rural,Medarametla ,Collision Brush/Side Wipe,,Bike,Fatal,Druken,Four lanes or more with central divider,Straight road,,Fine,Bike (T/R),A.M.B & P.V,Fatal,1
11.06.2019,00:40AM,1215.25,LHS,Rural,Medarametla ,Collision Brush/Side Wipe,,Bike,Fatal,Druken,Four lanes or more with central divider,Straight road,,Fine,Bike (T/R),A.M.B & P.V,Grievous,0
11.06.2019,00:40AM,1215.25,LHS,Rural,Medarametla ,Collision Brush/Side Wipe,,Bike,Fatal,Druken,Four lanes or more with central divider,Straight road,,Fine,Bike (T/R),A.M.B & P.V,Minor,0
11.06.2019,00:40AM,1215.25,LHS,Rural,Medarametla ,Collision Brush/Side Wipe,,Bike,Fatal,Druken,Four lanes or more with central divider,Straight road,,Fine,Bike (T/R),A.M.B & P.V,Non injured,10
11.06.2019,00:40AM,1215.25,LHS,Rural,Medarametla ,Collision Brush/Side Wipe,,Bike,Fatal,Druken,Four lanes or more with central divider,Straight road,,Fine,Bike (T/R),A.M.B & P.V,"No of animals Killed,if Any",0
11.06.2019,02:17AM,1227.72,LHS,Rural,Maddipadu ,Collision Brush/Side Wipe,,Container,Minor injury,Fault of driver of motor vehicle/driver of other vehicle/cyclist/pedestrian/passenger,Four lanes or more with central divider,Straight road,,Fine,AP16TH 6126,P.V,Fatal,0
11.06.2019,02:17AM,1227.72,LHS,Rural,Maddipadu ,Collision Brush/Side Wipe,,Container,Minor injury,Fault of driver of motor vehicle/driver of other vehicle/cyclist/pedestrian/passenger,Four lanes or more with central divider,Straight road,,Fine,AP16TH 6126,P.V,Grievous,0
11.06.2019,02:17AM,1227.72,LHS,Rural,Maddipadu ,Collision Brush/Side Wipe,,Container,Minor injury,Fault of driver of motor vehicle/driver of other vehicle/cyclist/pedestrian/passenger,Four lanes or more with central divider,Straight road,,Fine,AP16TH 6126,P.V,Minor,2
11.06.2019,02:17AM,1227.72,LHS,Rural,Maddipadu ,Collision Brush/Side Wipe,,Container,Minor injury,Fault of driver of motor vehicle/driver of other vehicle/cyclist/pedestrian/passenger,Four lanes or more with central divider,Straight road,,Fine,AP16TH 6126,P.V,Non injured,1
11.06.2019,02:17AM,1227.72,LHS,Rural,Maddipadu ,Collision Brush/Side Wipe,,Container,Minor injury,Fault of driver of motor vehicle/driver of other vehicle/cyclist/pedestrian/passenger,Four lanes or more with central divider,Straight road,,Fine,AP16TH 6126,P.V,"No of animals Killed,if Any",0
11.06.2019,04:30AM,1241.45,RHS,Rural,Ongole ,Collision Brush/Side Wipe,,Car,Non injury,Fault of driver of motor vehicle/driver of other vehicle/cyclist/pedestrian/passenger,Four lanes or more with central divider,Straight road,,Fine,AP16BS 9090,P.V,Fatal,0
11.06.2019,04:30AM,1241.45,RHS,Rural,Ongole ,Collision Brush/Side Wipe,,Car,Non injury,Fault of driver of motor vehicle/driver of other vehicle/cyclist/pedestrian/passenger,Four lanes or more with central divider,Straight road,,Fine,AP16BS 9090,P.V,Grievous,0
11.06.2019,04:30AM,1241.45,RHS,Rural,Ongole ,Collision Brush/Side Wipe,,Car,Non injury,Fault of driver of motor vehicle/driver of other vehicle/cyclist/pedestrian/passenger,Four lanes or more with central divider,Straight road,,Fine,AP16BS 9090,P.V,Minor,0
11.06.2019,04:30AM,1241.45,RHS,Rural,Ongole ,Collision Brush/Side Wipe,,Car,Non injury,Fault of driver of motor vehicle/driver of other vehicle/cyclist/pedestrian/passenger,Four lanes or more with central divider,Straight road,,Fine,AP16BS 9090,P.V,Non injured,2
11.06.2019,04:30AM,1241.45,RHS,Rural,Ongole ,Collision Brush/Side Wipe,,Car,Non injury,Fault of driver of motor vehicle/driver of other vehicle/cyclist/pedestrian/passenger,Four lanes or more with central divider,Straight road,,Fine,AP16BS 9090,P.V,"No of animals Killed,if Any",0
11.06.2019,06:15AM,1292.4,RHS,Rural,Ulavapadu ,Overturning,,Car,Grievious injury,Fault of driver of motor vehicle/driver of other vehicle/cyclist/pedestrian/passenger,Four lanes or more with central divider,Straight road,,Fine,AP16TR XZ 4253,A.M.B,Fatal,0
11.06.2019,06:15AM,1292.4,RHS,Rural,Ulavapadu ,Overturning,,Car,Grievious injury,Fault of driver of motor vehicle/driver of other vehicle/cyclist/pedestrian/passenger,Four lanes or more with central divider,Straight road,,Fine,AP16TR XZ 4253,A.M.B,Grievous,1
11.06.2019,06:15AM,1292.4,RHS,Rural,Ulavapadu ,Overturning,,Car,Grievious injury,Fault of driver of motor vehicle/driver of other vehicle/cyclist/pedestrian/passenger,Four lanes or more with central divider,Straight road,,Fine,AP16TR XZ 4253,A.M.B,Minor,1
11.06.2019,06:15AM,1292.4,RHS,Rural,Ulavapadu ,Overturning,,Car,Grievious injury,Fault of driver of motor vehicle/driver of other vehicle/cyclist/pedestrian/passenger,Four lanes or more with central divider,Straight road,,Fine,AP16TR XZ 4253,A.M.B,Non injured,3
11.06.2019,06:15AM,1292.4,RHS,Rural,Ulavapadu ,Overturning,,Car,Grievious injury,Fault of driver of motor vehicle/driver of other vehicle/cyclist/pedestrian/passenger,Four lanes or more with central divider,Straight road,,Fine,AP16TR XZ 4253,A.M.B,"No of animals Killed,if Any",0
11.06.2019,10:10PM,1341.2,LHS,Rural,Dagadarthi ,Collision Brush/Side Wipe,,Car,Non injury,Defect in mechanical condition of motor vehicle/road condition,Four lanes or more with central divider,Straight road,,Fine,AP03AM 3517,P.V,Fatal,0
11.06.2019,10:10PM,1341.2,LHS,Rural,Dagadarthi ,Collision Brush/Side Wipe,,Car,Non injury,Defect in mechanical condition of motor vehicle/road condition,Four lanes or more with central divider,Straight road,,Fine,AP03AM 3517,P.V,Grievous,0
11.06.2019,10:10PM,1341.2,LHS,Rural,Dagadarthi ,Collision Brush/Side Wipe,,Car,Non injury,Defect in mechanical condition of motor vehicle/road condition,Four lanes or more with central divider,Straight road,,Fine,AP03AM 3517,P.V,Minor,0
11.06.2019,10:10PM,1341.2,LHS,Rural,Dagadarthi ,Collision Brush/Side Wipe,,Car,Non injury,Defect in mechanical condition of motor vehicle/road condition,Four lanes or more with central divider,Straight road,,Fine,AP03AM 3517,P.V,Non injured,2
11.06.2019,10:10PM,1341.2,LHS,Rural,Dagadarthi ,Collision Brush/Side Wipe,,Car,Non injury,Defect in mechanical condition of motor vehicle/road condition,Four lanes or more with central divider,Straight road,,Fine,AP03AM 3517,P.V,"No of animals Killed,if Any",0
11.06.2019,11:30PM,1257.34,LHS,Rural,Tangutur ,Collision Brush/Side Wipe,,Truck  ,Non injury,Over speed,Two lanes,Straight road,,Fine,AP07TN 2269,P.V,Fatal,0
11.06.2019,11:30PM,1257.34,LHS,Rural,Tangutur ,Collision Brush/Side Wipe,,Truck  ,Non injury,Over speed,Two lanes,Straight road,,Fine,AP07TN 2269,P.V,Grievous,0
11.06.2019,11:30PM,1257.34,LHS,Rural,Tangutur ,Collision Brush/Side Wipe,,Truck  ,Non injury,Over speed,Two lanes,Straight road,,Fine,AP07TN 2269,P.V,Minor,0
11.06.2019,11:30PM,1257.34,LHS,Rural,Tangutur ,Collision Brush/Side Wipe,,Truck  ,Non injury,Over speed,Two lanes,Straight road,,Fine,AP07TN 2269,P.V,Non injured,1
11.06.2019,11:30PM,1257.34,LHS,Rural,Tangutur ,Collision Brush/Side Wipe,,Truck  ,Non injury,Over speed,Two lanes,Straight road,,Fine,AP07TN 2269,P.V,"No of animals Killed,if Any",0
11.06.2019,11:25PM,1279.75,RHS,Rural,Singarayakonda ,Overturning,,Container,Grievious injury,Fault of driver of motor vehicle/driver of other vehicle/cyclist/pedestrian/passenger,Four lanes or more with central divider,Straight road,,Fine,UK04CB 4815,P.V,Fatal,0
11.06.2019,11:25PM,1279.75,RHS,Rural,Singarayakonda ,Overturning,,Container,Grievious injury,Fault of driver of motor vehicle/driver of other vehicle/cyclist/pedestrian/passenger,Four lanes or more with central divider,Straight road,,Fine,UK04CB 4815,P.V,Grievous,1
11.06.2019,11:25PM,1279.75,RHS,Rural,Singarayakonda ,Overturning,,Container,Grievious injury,Fault of driver of motor vehicle/driver of other vehicle/cyclist/pedestrian/passenger,Four lanes or more with central divider,Straight road,,Fine,UK04CB 4815,P.V,Minor,0
11.06.2019,11:25PM,1279.75,RHS,Rural,Singarayakonda ,Overturning,,Container,Grievious injury,Fault of driver of motor vehicle/driver of other vehicle/cyclist/pedestrian/passenger,Four lanes or more with central divider,Straight road,,Fine,UK04CB 4815,P.V,Non injured,1
11.06.2019,11:25PM,1279.75,RHS,Rural,Singarayakonda ,Overturning,,Container,Grievious injury,Fault of driver of motor vehicle/driver of other vehicle/cyclist/pedestrian/passenger,Four lanes or more with central divider,Straight road,,Fine,UK04CB 4815,P.V,"No of animals Killed,if Any",0
12.06.2019,05:25AM,1211.18,RHS,Rural,Medarametla ,Rear End Collision,,LCV   ,Non injury,Vehicle out of control,Four lanes or more with central divider,Straight road,,Fine,AP27X 7844,P.V,Fatal,0
12.06.2019,05:25AM,1211.18,RHS,Rural,Medarametla ,Rear End Collision,,LCV   ,Non injury,Vehicle out of control,Four lanes or more with central divider,Straight road,,Fine,AP27X 7844,P.V,Grievous,0
12.06.2019,05:25AM,1211.18,RHS,Rural,Medarametla ,Rear End Collision,,LCV   ,Non injury,Vehicle out of control,Four lanes or more with central divider,Straight road,,Fine,AP27X 7844,P.V,Minor,0
12.06.2019,05:25AM,1211.18,RHS,Rural,Medarametla ,Rear End Collision,,LCV   ,Non injury,Vehicle out of control,Four lanes or more with central divider,Straight road,,Fine,AP27X 7844,P.V,Non injured,1
12.06.2019,05:25AM,1211.18,RHS,Rural,Medarametla ,Rear End Collision,,LCV   ,Non injury,Vehicle out of control,Four lanes or more with central divider,Straight road,,Fine,AP27X 7844,P.V,"No of animals Killed,if Any",0
12.06.2019,06:20AM,1344.11,RHS,Rural,Dagadarthi ,Overturning,,LCV   ,Non injury,Defect in mechanical condition of motor vehicle/road condition,Two lanes,Straight road,,Fine, AP26TE 9369,P.V,Fatal,0
12.06.2019,06:20AM,1344.11,RHS,Rural,Dagadarthi ,Overturning,,LCV   ,Non injury,Defect in mechanical condition of motor vehicle/road condition,Two lanes,Straight road,,Fine, AP26TE 9369,P.V,Grievous,0
12.06.2019,06:20AM,1344.11,RHS,Rural,Dagadarthi ,Overturning,,LCV   ,Non injury,Defect in mechanical condition of motor vehicle/road condition,Two lanes,Straight road,,Fine, AP26TE 9369,P.V,Minor,0
12.06.2019,06:20AM,1344.11,RHS,Rural,Dagadarthi ,Overturning,,LCV   ,Non injury,Defect in mechanical condition of motor vehicle/road condition,Two lanes,Straight road,,Fine, AP26TE 9369,P.V,Non injured,1
12.06.2019,06:20AM,1344.11,RHS,Rural,Dagadarthi ,Overturning,,LCV   ,Non injury,Defect in mechanical condition of motor vehicle/road condition,Two lanes,Straight road,,Fine, AP26TE 9369,P.V,"No of animals Killed,if Any",0
12.06.2019,08:40AM,1330.47,LHS,Rural,Kavali ,Collision Brush/Side Wipe,,Truck  ,Grievious injury,Fault of driver of motor vehicle/driver of other vehicle/cyclist/pedestrian/passenger,Four lanes or more with central divider,Straight road,,Fine,TS05UA 4358,A.M.B & P.V,Fatal,0
12.06.2019,08:40AM,1330.47,LHS,Rural,Kavali ,Collision Brush/Side Wipe,,Truck  ,Grievious injury,Fault of driver of motor vehicle/driver of other vehicle/cyclist/pedestrian/passenger,Four lanes or more with central divider,Straight road,,Fine,TS05UA 4358,A.M.B & P.V,Grievous,1
12.06.2019,08:40AM,1330.47,LHS,Rural,Kavali ,Collision Brush/Side Wipe,,Truck  ,Grievious injury,Fault of driver of motor vehicle/driver of other vehicle/cyclist/pedestrian/passenger,Four lanes or more with central divider,Straight road,,Fine,TS05UA 4358,A.M.B & P.V,Minor,1
12.06.2019,08:40AM,1330.47,LHS,Rural,Kavali ,Collision Brush/Side Wipe,,Truck  ,Grievious injury,Fault of driver of motor vehicle/driver of other vehicle/cyclist/pedestrian/passenger,Four lanes or more with central divider,Straight road,,Fine,TS05UA 4358,A.M.B & P.V,Non injured,1
12.06.2019,08:40AM,1330.47,LHS,Rural,Kavali ,Collision Brush/Side Wipe,,Truck  ,Grievious injury,Fault of driver of motor vehicle/driver of other vehicle/cyclist/pedestrian/passenger,Four lanes or more with central divider,Straight road,,Fine,TS05UA 4358,A.M.B & P.V,"No of animals Killed,if Any",0
13.06.2019,11:17AM,1308.42,RHS,Rural,Kavali ,Collision Brush/Side Wipe,,Car                    ,Minor injury,Over speed,Four lanes or more with central divider,Straight road,,Fine,AP22Q             8199,A.M.B & P.V,Fatal,0
13.06.2019,11:17AM,1308.42,RHS,Rural,Kavali ,Collision Brush/Side Wipe,,Car                    ,Minor injury,Over speed,Four lanes or more with central divider,Straight road,,Fine,AP22Q             8199,A.M.B & P.V,Grievous,0
13.06.2019,11:17AM,1308.42,RHS,Rural,Kavali ,Collision Brush/Side Wipe,,Car                    ,Minor injury,Over speed,Four lanes or more with central divider,Straight road,,Fine,AP22Q             8199,A.M.B & P.V,Minor,1
13.06.2019,11:17AM,1308.42,RHS,Rural,Kavali ,Collision Brush/Side Wipe,,Car                    ,Minor injury,Over speed,Four lanes or more with central divider,Straight road,,Fine,AP22Q             8199,A.M.B & P.V,Non injured,1
13.06.2019,11:17AM,1308.42,RHS,Rural,Kavali ,Collision Brush/Side Wipe,,Car                    ,Minor injury,Over speed,Four lanes or more with central divider,Straight road,,Fine,AP22Q             8199,A.M.B & P.V,"No of animals Killed,if Any",0
13.06.2019,12:05PM,1239.25,LHS,Rural,Ongole ,Collision Brush/Side Wipe,,Unknown vehicle,Non injury,Over speed,Four lanes or more with central divider,Straight road,,Fine,Unknown vehicle,P.V,Fatal,0
13.06.2019,12:05PM,1239.25,LHS,Rural,Ongole ,Collision Brush/Side Wipe,,Unknown vehicle,Non injury,Over speed,Four lanes or more with central divider,Straight road,,Fine,Unknown vehicle,P.V,Grievous,0
13.06.2019,12:05PM,1239.25,LHS,Rural,Ongole ,Collision Brush/Side Wipe,,Unknown vehicle,Non injury,Over speed,Four lanes or more with central divider,Straight road,,Fine,Unknown vehicle,P.V,Minor,0
13.06.2019,12:05PM,1239.25,LHS,Rural,Ongole ,Collision Brush/Side Wipe,,Unknown vehicle,Non injury,Over speed,Four lanes or more with central divider,Straight road,,Fine,Unknown vehicle,P.V,Non injured,1
13.06.2019,12:05PM,1239.25,LHS,Rural,Ongole ,Collision Brush/Side Wipe,,Unknown vehicle,Non injury,Over speed,Four lanes or more with central divider,Straight road,,Fine,Unknown vehicle,P.V,"No of animals Killed,if Any",0
13.06.2019,02:23PM,1247.8,RHS,Rural,Ongole ,Collision Brush/Side Wipe,,Car                 ,Grievious injury,Over speed,Four lanes or more with central divider,Straight road,,Fine,                AP07BY           0459,P.V,Fatal,0
13.06.2019,02:23PM,1247.8,RHS,Rural,Ongole ,Collision Brush/Side Wipe,,Car                 ,Grievious injury,Over speed,Four lanes or more with central divider,Straight road,,Fine,                AP07BY           0459,P.V,Grievous,1
13.06.2019,02:23PM,1247.8,RHS,Rural,Ongole ,Collision Brush/Side Wipe,,Car                 ,Grievious injury,Over speed,Four lanes or more with central divider,Straight road,,Fine,                AP07BY           0459,P.V,Minor,1
13.06.2019,02:23PM,1247.8,RHS,Rural,Ongole ,Collision Brush/Side Wipe,,Car                 ,Grievious injury,Over speed,Four lanes or more with central divider,Straight road,,Fine,                AP07BY           0459,P.V,Non injured,2
13.06.2019,02:23PM,1247.8,RHS,Rural,Ongole ,Collision Brush/Side Wipe,,Car                 ,Grievious injury,Over speed,Four lanes or more with central divider,Straight road,,Fine,                AP07BY           0459,P.V,"No of animals Killed,if Any",0
14.06.2019,04:15AM,1316.39,LHS,Rural,Kavali ,Overturning,,LCV   ,Non injury,Fault of driver of motor vehicle/driver of other vehicle/cyclist/pedestrian/passenger,Four lanes or more with central divider,Straight road,,Fine,TN18AZ                8016,P.V,Fatal,0
14.06.2019,04:15AM,1316.39,LHS,Rural,Kavali ,Overturning,,LCV   ,Non injury,Fault of driver of motor vehicle/driver of other vehicle/cyclist/pedestrian/passenger,Four lanes or more with central divider,Straight road,,Fine,TN18AZ                8016,P.V,Grievous,0
14.06.2019,04:15AM,1316.39,LHS,Rural,Kavali ,Overturning,,LCV   ,Non injury,Fault of driver of motor vehicle/driver of other vehicle/cyclist/pedestrian/passenger,Four lanes or more with central divider,Straight road,,Fine,TN18AZ                8016,P.V,Minor,0
14.06.2019,04:15AM,1316.39,LHS,Rural,Kavali ,Overturning,,LCV   ,Non injury,Fault of driver of motor vehicle/driver of other vehicle/cyclist/pedestrian/passenger,Four lanes or more with central divider,Straight road,,Fine,TN18AZ                8016,P.V,Non injured,1
14.06.2019,04:15AM,1316.39,LHS,Rural,Kavali ,Overturning,,LCV   ,Non injury,Fault of driver of motor vehicle/driver of other vehicle/cyclist/pedestrian/passenger,Four lanes or more with central divider,Straight road,,Fine,TN18AZ                8016,P.V,"No of animals Killed,if Any",0
14.06.2019,00:45AM,1326,LHS,Rural,Kavali ,Skidding,,Bike       ,Minor injury,Druken,Four lanes or more with central divider,Straight road,,Fine,AP26BH              6282,A.M.B,Fatal,0
14.06.2019,00:45AM,1326,LHS,Rural,Kavali ,Skidding,,Bike       ,Minor injury,Druken,Four lanes or more with central divider,Straight road,,Fine,AP26BH              6282,A.M.B,Grievous,0
14.06.2019,00:45AM,1326,LHS,Rural,Kavali ,Skidding,,Bike       ,Minor injury,Druken,Four lanes or more with central divider,Straight road,,Fine,AP26BH              6282,A.M.B,Minor,2
14.06.2019,00:45AM,1326,LHS,Rural,Kavali ,Skidding,,Bike       ,Minor injury,Druken,Four lanes or more with central divider,Straight road,,Fine,AP26BH              6282,A.M.B,Non injured,0
14.06.2019,00:45AM,1326,LHS,Rural,Kavali ,Skidding,,Bike       ,Minor injury,Druken,Four lanes or more with central divider,Straight road,,Fine,AP26BH              6282,A.M.B,"No of animals Killed,if Any",0