Operational date,Time of Accident,KM && M,Position,Rural/Urban,Location,Nature of Accident Position,Nature of Accident,Vehicle Involved,Type of Accident,Causes,Road Feature,Road condition,Intersection Type And Control,Weather Condition,Vehicle Responsible,Help Provided by Ambulance/Patroling Vehicle,Classification of Accident,No of Affected Persons
14.06.2019,02:50PM,1307.52,LHS,Rural,Gudluru ,Collision Brush/Side Wipe,,Unknown vehicle,Grievious injury,Over speed,Four lanes or more with central divider,Straight road,,Fine,Unknown vehicle,P.V,Fatal,0
14.06.2019,02:50PM,1307.52,LHS,Rural,Gudluru ,Collision Brush/Side Wipe,,Unknown vehicle,Grievious injury,Over speed,Four lanes or more with central divider,Straight road,,Fine,Unknown vehicle,P.V,Grievous,2
14.06.2019,02:50PM,1307.52,LHS,Rural,Gudluru ,Collision Brush/Side Wipe,,Unknown vehicle,Grievious injury,Over speed,Four lanes or more with central divider,Straight road,,Fine,Unknown vehicle,P.V,Minor,0
14.06.2019,02:50PM,1307.52,LHS,Rural,Gudluru ,Collision Brush/Side Wipe,,Unknown vehicle,Grievious injury,Over speed,Four lanes or more with central divider,Straight road,,Fine,Unknown vehicle,P.V,Non injured,1
14.06.2019,02:50PM,1307.52,LHS,Rural,Gudluru ,Collision Brush/Side Wipe,,Unknown vehicle,Grievious injury,Over speed,Four lanes or more with central divider,Straight road,,Fine,Unknown vehicle,P.V,"No of animals Killed,if Any",0
15.06.2019,03:40AM,1300.05,LHS,Rural,Gudluru ,Overturning,, Trailler  ,Non injury,Fault of driver of motor vehicle/driver of other vehicle/cyclist/pedestrian/passenger,Four lanes or more with central divider,Straight road,,Fine,KA40A 8140  ,P.V,Fatal,0
15.06.2019,03:40AM,1300.05,LHS,Rural,Gudluru ,Overturning,, Trailler  ,Non injury,Fault of driver of motor vehicle/driver of other vehicle/cyclist/pedestrian/passenger,Four lanes or more with central divider,Straight road,,Fine,KA40A 8140  ,P.V,Grievous,0
15.06.2019,03:40AM,1300.05,LHS,Rural,Gudluru ,Overturning,, Trailler  ,Non injury,Fault of driver of motor vehicle/driver of other vehicle/cyclist/pedestrian/passenger,Four lanes or more with central divider,Straight road,,Fine,KA40A 8140  ,P.V,Minor,0
15.06.2019,03:40AM,1300.05,LHS,Rural,Gudluru ,Overturning,, Trailler  ,Non injury,Fault of driver of motor vehicle/driver of other vehicle/cyclist/pedestrian/passenger,Four lanes or more with central divider,Straight road,,Fine,KA40A 8140  ,P.V,Non injured,1
15.06.2019,03:40AM,1300.05,LHS,Rural,Gudluru ,Overturning,, Trailler  ,Non injury,Fault of driver of motor vehicle/driver of other vehicle/cyclist/pedestrian/passenger,Four lanes or more with central divider,Straight road,,Fine,KA40A 8140  ,P.V,"No of animals Killed,if Any",0
15.06.2019,09:50PM,1332.4,LHS,Rural,K.Tippa ,Collision Brush/Side Wipe,,Car           ,Non injury,Druken,Four lanes or more with central divider,Straight road,Four arm junction,Fine,AP27AX 8990,P.V,Fatal,0
15.06.2019,09:50PM,1332.4,LHS,Rural,K.Tippa ,Collision Brush/Side Wipe,,Car           ,Non injury,Druken,Four lanes or more with central divider,Straight road,Four arm junction,Fine,AP27AX 8990,P.V,Grievous,0
15.06.2019,09:50PM,1332.4,LHS,Rural,K.Tippa ,Collision Brush/Side Wipe,,Car           ,Non injury,Druken,Four lanes or more with central divider,Straight road,Four arm junction,Fine,AP27AX 8990,P.V,Minor,0
15.06.2019,09:50PM,1332.4,LHS,Rural,K.Tippa ,Collision Brush/Side Wipe,,Car           ,Non injury,Druken,Four lanes or more with central divider,Straight road,Four arm junction,Fine,AP27AX 8990,P.V,Non injured,3
15.06.2019,09:50PM,1332.4,LHS,Rural,K.Tippa ,Collision Brush/Side Wipe,,Car           ,Non injury,Druken,Four lanes or more with central divider,Straight road,Four arm junction,Fine,AP27AX 8990,P.V,"No of animals Killed,if Any",0
16.06.2019,02:10AM,1227.32,RHS,Rural,Maddipadu ,Collision Brush/Side Wipe,,LCV   ,Non injury,Fault of driver of motor vehicle/driver of other vehicle/cyclist/pedestrian/passenger,Four lanes or more with central divider,Straight road,,Fine,AP26Y  3173 ,P.V,Fatal,0
16.06.2019,02:10AM,1227.32,RHS,Rural,Maddipadu ,Collision Brush/Side Wipe,,LCV   ,Non injury,Fault of driver of motor vehicle/driver of other vehicle/cyclist/pedestrian/passenger,Four lanes or more with central divider,Straight road,,Fine,AP26Y  3173 ,P.V,Grievous,0
16.06.2019,02:10AM,1227.32,RHS,Rural,Maddipadu ,Collision Brush/Side Wipe,,LCV   ,Non injury,Fault of driver of motor vehicle/driver of other vehicle/cyclist/pedestrian/passenger,Four lanes or more with central divider,Straight road,,Fine,AP26Y  3173 ,P.V,Minor,0
16.06.2019,02:10AM,1227.32,RHS,Rural,Maddipadu ,Collision Brush/Side Wipe,,LCV   ,Non injury,Fault of driver of motor vehicle/driver of other vehicle/cyclist/pedestrian/passenger,Four lanes or more with central divider,Straight road,,Fine,AP26Y  3173 ,P.V,Non injured,1
16.06.2019,02:10AM,1227.32,RHS,Rural,Maddipadu ,Collision Brush/Side Wipe,,LCV   ,Non injury,Fault of driver of motor vehicle/driver of other vehicle/cyclist/pedestrian/passenger,Four lanes or more with central divider,Straight road,,Fine,AP26Y  3173 ,P.V,"No of animals Killed,if Any",0
16.06.2019,05:57AM,1219.46,RHS,Rural,Medarametla ,Overturning,,Truck  ,Non injury,Fault of driver of motor vehicle/driver of other vehicle/cyclist/pedestrian/passenger,Four lanes or more with central divider,Straight road,,Fine,AP26W 2695 ,P.V,Fatal,0
16.06.2019,05:57AM,1219.46,RHS,Rural,Medarametla ,Overturning,,Truck  ,Non injury,Fault of driver of motor vehicle/driver of other vehicle/cyclist/pedestrian/passenger,Four lanes or more with central divider,Straight road,,Fine,AP26W 2695 ,P.V,Grievous,0
16.06.2019,05:57AM,1219.46,RHS,Rural,Medarametla ,Overturning,,Truck  ,Non injury,Fault of driver of motor vehicle/driver of other vehicle/cyclist/pedestrian/passenger,Four lanes or more with central divider,Straight road,,Fine,AP26W 2695 ,P.V,Minor,0
16.06.2019,05:57AM,1219.46,RHS,Rural,Medarametla ,Overturning,,Truck  ,Non injury,Fault of driver of motor vehicle/driver of other vehicle/cyclist/pedestrian/passenger,Four lanes or more with central divider,Straight road,,Fine,AP26W 2695 ,P.V,Non injured,1
16.06.2019,05:57AM,1219.46,RHS,Rural,Medarametla ,Overturning,,Truck  ,Non injury,Fault of driver of motor vehicle/driver of other vehicle/cyclist/pedestrian/passenger,Four lanes or more with central divider,Straight road,,Fine,AP26W 2695 ,P.V,"No of animals Killed,if Any",0
16.06.2019,06:20AM,1346.7,LHS,Rural,Dagadarthi ,Collision Brush/Side Wipe,,Mahindra bolero  ,Non injury,Fault of driver of motor vehicle/driver of other vehicle/cyclist/pedestrian/passenger,Four lanes or more with central divider,Straight road,,Fine,AP07BX7330,P.V,Fatal,0
16.06.2019,06:20AM,1346.7,LHS,Rural,Dagadarthi ,Collision Brush/Side Wipe,,Mahindra bolero  ,Non injury,Fault of driver of motor vehicle/driver of other vehicle/cyclist/pedestrian/passenger,Four lanes or more with central divider,Straight road,,Fine,AP07BX7330,P.V,Grievous,0
16.06.2019,06:20AM,1346.7,LHS,Rural,Dagadarthi ,Collision Brush/Side Wipe,,Mahindra bolero  ,Non injury,Fault of driver of motor vehicle/driver of other vehicle/cyclist/pedestrian/passenger,Four lanes or more with central divider,Straight road,,Fine,AP07BX7330,P.V,Minor,0
16.06.2019,06:20AM,1346.7,LHS,Rural,Dagadarthi ,Collision Brush/Side Wipe,,Mahindra bolero  ,Non injury,Fault of driver of motor vehicle/driver of other vehicle/cyclist/pedestrian/passenger,Four lanes or more with central divider,Straight road,,Fine,AP07BX7330,P.V,Non injured,6
16.06.2019,06:20AM,1346.7,LHS,Rural,Dagadarthi ,Collision Brush/Side Wipe,,Mahindra bolero  ,Non injury,Fault of driver of motor vehicle/driver of other vehicle/cyclist/pedestrian/passenger,Four lanes or more with central divider,Straight road,,Fine,AP07BX7330,P.V,"No of animals Killed,if Any",0
16.06.2019,11:15AM,1315.8,LHS,Rural,Kavali ,Collision Brush/Side Wipe,,Container,Minor injury,Fault of driver of motor vehicle/driver of other vehicle/cyclist/pedestrian/passenger,Four lanes or more with central divider,Straight road,,Fine,TN28AD 5610,A.M.B & P.V,Fatal,0
16.06.2019,11:15AM,1315.8,LHS,Rural,Kavali ,Collision Brush/Side Wipe,,Container,Minor injury,Fault of driver of motor vehicle/driver of other vehicle/cyclist/pedestrian/passenger,Four lanes or more with central divider,Straight road,,Fine,TN28AD 5610,A.M.B & P.V,Grievous,0
16.06.2019,11:15AM,1315.8,LHS,Rural,Kavali ,Collision Brush/Side Wipe,,Container,Minor injury,Fault of driver of motor vehicle/driver of other vehicle/cyclist/pedestrian/passenger,Four lanes or more with central divider,Straight road,,Fine,TN28AD 5610,A.M.B & P.V,Minor,3
16.06.2019,11:15AM,1315.8,LHS,Rural,Kavali ,Collision Brush/Side Wipe,,Container,Minor injury,Fault of driver of motor vehicle/driver of other vehicle/cyclist/pedestrian/passenger,Four lanes or more with central divider,Straight road,,Fine,TN28AD 5610,A.M.B & P.V,Non injured,1
16.06.2019,11:15AM,1315.8,LHS,Rural,Kavali ,Collision Brush/Side Wipe,,Container,Minor injury,Fault of driver of motor vehicle/driver of other vehicle/cyclist/pedestrian/passenger,Four lanes or more with central divider,Straight road,,Fine,TN28AD 5610,A.M.B & P.V,"No of animals Killed,if Any",0
16.06.2019,02:55PM,1339.8,RHS,Rural,Dagadarthi ,Collision Brush/Side Wipe,,Unknown vehicle,Minor injury,Fault of driver of motor vehicle/driver of other vehicle/cyclist/pedestrian/passenger,Four lanes or more with central divider,Straight road,,Fine,Unknown vehicle,A.M.B & P.V,Fatal,0
16.06.2019,02:55PM,1339.8,RHS,Rural,Dagadarthi ,Collision Brush/Side Wipe,,Unknown vehicle,Minor injury,Fault of driver of motor vehicle/driver of other vehicle/cyclist/pedestrian/passenger,Four lanes or more with central divider,Straight road,,Fine,Unknown vehicle,A.M.B & P.V,Grievous,0
16.06.2019,02:55PM,1339.8,RHS,Rural,Dagadarthi ,Collision Brush/Side Wipe,,Unknown vehicle,Minor injury,Fault of driver of motor vehicle/driver of other vehicle/cyclist/pedestrian/passenger,Four lanes or more with central divider,Straight road,,Fine,Unknown vehicle,A.M.B & P.V,Minor,1
16.06.2019,02:55PM,1339.8,RHS,Rural,Dagadarthi ,Collision Brush/Side Wipe,,Unknown vehicle,Minor injury,Fault of driver of motor vehicle/driver of other vehicle/cyclist/pedestrian/passenger,Four lanes or more with central divider,Straight road,,Fine,Unknown vehicle,A.M.B & P.V,Non injured,1
16.06.2019,02:55PM,1339.8,RHS,Rural,Dagadarthi ,Collision Brush/Side Wipe,,Unknown vehicle,Minor injury,Fault of driver of motor vehicle/driver of other vehicle/cyclist/pedestrian/passenger,Four lanes or more with central divider,Straight road,,Fine,Unknown vehicle,A.M.B & P.V,"No of animals Killed,if Any",0
16.06.2019,05:00PM,1341.4,RHS,Rural,Dagadarthi ,Collision Brush/Side Wipe,,Car           ,Non injury,Over speed,Four lanes or more with central divider,Straight road,,Fine,AP16CP8728,P.V,Fatal,0
16.06.2019,05:00PM,1341.4,RHS,Rural,Dagadarthi ,Collision Brush/Side Wipe,,Car           ,Non injury,Over speed,Four lanes or more with central divider,Straight road,,Fine,AP16CP8728,P.V,Grievous,0
16.06.2019,05:00PM,1341.4,RHS,Rural,Dagadarthi ,Collision Brush/Side Wipe,,Car           ,Non injury,Over speed,Four lanes or more with central divider,Straight road,,Fine,AP16CP8728,P.V,Minor,0
16.06.2019,05:00PM,1341.4,RHS,Rural,Dagadarthi ,Collision Brush/Side Wipe,,Car           ,Non injury,Over speed,Four lanes or more with central divider,Straight road,,Fine,AP16CP8728,P.V,Non injured,3
16.06.2019,05:00PM,1341.4,RHS,Rural,Dagadarthi ,Collision Brush/Side Wipe,,Car           ,Non injury,Over speed,Four lanes or more with central divider,Straight road,,Fine,AP16CP8728,P.V,"No of animals Killed,if Any",0
16.06.2019,10:43PM,1258.1,LHS,Rural,Tangutur ,Collision Brush/Side Wipe,,Bike ,Minor injury,Druken,Four lanes or more with central divider,Straight road,,Fine,AP27BK 3200,A.M.B & P.V,Fatal,0
16.06.2019,10:43PM,1258.1,LHS,Rural,Tangutur ,Collision Brush/Side Wipe,,Bike ,Minor injury,Druken,Four lanes or more with central divider,Straight road,,Fine,AP27BK 3200,A.M.B & P.V,Grievous,0
16.06.2019,10:43PM,1258.1,LHS,Rural,Tangutur ,Collision Brush/Side Wipe,,Bike ,Minor injury,Druken,Four lanes or more with central divider,Straight road,,Fine,AP27BK 3200,A.M.B & P.V,Minor,1
16.06.2019,10:43PM,1258.1,LHS,Rural,Tangutur ,Collision Brush/Side Wipe,,Bike ,Minor injury,Druken,Four lanes or more with central divider,Straight road,,Fine,AP27BK 3200,A.M.B & P.V,Non injured,0
16.06.2019,10:43PM,1258.1,LHS,Rural,Tangutur ,Collision Brush/Side Wipe,,Bike ,Minor injury,Druken,Four lanes or more with central divider,Straight road,,Fine,AP27BK 3200,A.M.B & P.V,"No of animals Killed,if Any",0
16.06.2019,11:00PM,1271.05,RHS,Rural,Jarugumalli ,Collision Brush/Side Wipe,,Car,Fatal,Fault of driver of motor vehicle/driver of other vehicle/cyclist/pedestrian/passenger,Four lanes or more with central divider,Straight road,,Fine,AP03BT 4292,A.M.B & P.V,Fatal,1
16.06.2019,11:00PM,1271.05,RHS,Rural,Jarugumalli ,Collision Brush/Side Wipe,,Car,Fatal,Fault of driver of motor vehicle/driver of other vehicle/cyclist/pedestrian/passenger,Four lanes or more with central divider,Straight road,,Fine,AP03BT 4292,A.M.B & P.V,Grievous,0
16.06.2019,11:00PM,1271.05,RHS,Rural,Jarugumalli ,Collision Brush/Side Wipe,,Car,Fatal,Fault of driver of motor vehicle/driver of other vehicle/cyclist/pedestrian/passenger,Four lanes or more with central divider,Straight road,,Fine,AP03BT 4292,A.M.B & P.V,Minor,7
16.06.2019,11:00PM,1271.05,RHS,Rural,Jarugumalli ,Collision Brush/Side Wipe,,Car,Fatal,Fault of driver of motor vehicle/driver of other vehicle/cyclist/pedestrian/passenger,Four lanes or more with central divider,Straight road,,Fine,AP03BT 4292,A.M.B & P.V,Non injured,1
16.06.2019,11:00PM,1271.05,RHS,Rural,Jarugumalli ,Collision Brush/Side Wipe,,Car,Fatal,Fault of driver of motor vehicle/driver of other vehicle/cyclist/pedestrian/passenger,Four lanes or more with central divider,Straight road,,Fine,AP03BT 4292,A.M.B & P.V,"No of animals Killed,if Any",0
17.06.2019,02:15AM,1205.55,RHS,Rural,Renigavaram ,Overturning,,Car  ,Non injury,Fault of driver of motor vehicle/driver of other vehicle/cyclist/pedestrian/passenger,Four lanes or more with central divider,Straight road,,Fine,AP27AS 6441 ,A.M.B,Fatal,0
17.06.2019,02:15AM,1205.55,RHS,Rural,Renigavaram ,Overturning,,Car  ,Non injury,Fault of driver of motor vehicle/driver of other vehicle/cyclist/pedestrian/passenger,Four lanes or more with central divider,Straight road,,Fine,AP27AS 6441 ,A.M.B,Grievous,0
17.06.2019,02:15AM,1205.55,RHS,Rural,Renigavaram ,Overturning,,Car  ,Non injury,Fault of driver of motor vehicle/driver of other vehicle/cyclist/pedestrian/passenger,Four lanes or more with central divider,Straight road,,Fine,AP27AS 6441 ,A.M.B,Minor,0
17.06.2019,02:15AM,1205.55,RHS,Rural,Renigavaram ,Overturning,,Car  ,Non injury,Fault of driver of motor vehicle/driver of other vehicle/cyclist/pedestrian/passenger,Four lanes or more with central divider,Straight road,,Fine,AP27AS 6441 ,A.M.B,Non injured,2
17.06.2019,02:15AM,1205.55,RHS,Rural,Renigavaram ,Overturning,,Car  ,Non injury,Fault of driver of motor vehicle/driver of other vehicle/cyclist/pedestrian/passenger,Four lanes or more with central divider,Straight road,,Fine,AP27AS 6441 ,A.M.B,"No of animals Killed,if Any",0
17.06.2019,05:10AM,1240,LHS,Rural,Ongole ,Overturning,,Truck  ,Minor injury,Fault of driver of motor vehicle/driver of other vehicle/cyclist/pedestrian/passenger,Four lanes or more with central divider,Straight road,,Fine,WB33D 9009 ,P.V,Fatal,0
17.06.2019,05:10AM,1240,LHS,Rural,Ongole ,Overturning,,Truck  ,Minor injury,Fault of driver of motor vehicle/driver of other vehicle/cyclist/pedestrian/passenger,Four lanes or more with central divider,Straight road,,Fine,WB33D 9009 ,P.V,Grievous,0
17.06.2019,05:10AM,1240,LHS,Rural,Ongole ,Overturning,,Truck  ,Minor injury,Fault of driver of motor vehicle/driver of other vehicle/cyclist/pedestrian/passenger,Four lanes or more with central divider,Straight road,,Fine,WB33D 9009 ,P.V,Minor,2
17.06.2019,05:10AM,1240,LHS,Rural,Ongole ,Overturning,,Truck  ,Minor injury,Fault of driver of motor vehicle/driver of other vehicle/cyclist/pedestrian/passenger,Four lanes or more with central divider,Straight road,,Fine,WB33D 9009 ,P.V,Non injured,0
17.06.2019,05:10AM,1240,LHS,Rural,Ongole ,Overturning,,Truck  ,Minor injury,Fault of driver of motor vehicle/driver of other vehicle/cyclist/pedestrian/passenger,Four lanes or more with central divider,Straight road,,Fine,WB33D 9009 ,P.V,"No of animals Killed,if Any",0
17.06.2019,22:55PM,1323.2,LHS,Rural,Kavali ,Collision Brush/Side Wipe,,Car ,Grievious injury,Fault of driver of motor vehicle/driver of other vehicle/cyclist/pedestrian/passenger,Four lanes or more with central divider,Straight road,,Fine,AP27TZ 2566,A.M.B & P.V,Fatal,0
17.06.2019,22:55PM,1323.2,LHS,Rural,Kavali ,Collision Brush/Side Wipe,,Car ,Grievious injury,Fault of driver of motor vehicle/driver of other vehicle/cyclist/pedestrian/passenger,Four lanes or more with central divider,Straight road,,Fine,AP27TZ 2566,A.M.B & P.V,Grievous,1
17.06.2019,22:55PM,1323.2,LHS,Rural,Kavali ,Collision Brush/Side Wipe,,Car ,Grievious injury,Fault of driver of motor vehicle/driver of other vehicle/cyclist/pedestrian/passenger,Four lanes or more with central divider,Straight road,,Fine,AP27TZ 2566,A.M.B & P.V,Minor,0
17.06.2019,22:55PM,1323.2,LHS,Rural,Kavali ,Collision Brush/Side Wipe,,Car ,Grievious injury,Fault of driver of motor vehicle/driver of other vehicle/cyclist/pedestrian/passenger,Four lanes or more with central divider,Straight road,,Fine,AP27TZ 2566,A.M.B & P.V,Non injured,5
17.06.2019,22:55PM,1323.2,LHS,Rural,Kavali ,Collision Brush/Side Wipe,,Car ,Grievious injury,Fault of driver of motor vehicle/driver of other vehicle/cyclist/pedestrian/passenger,Four lanes or more with central divider,Straight road,,Fine,AP27TZ 2566,A.M.B & P.V,"No of animals Killed,if Any",0
18.06.2019,10:35AM,1278.54,RHS,Rural,Singarayakonda ,Collision Brush/Side Wipe,,Container,Non injury,Over speed,Four lanes or more with central divider,Straight road,,Fine,Long Container (AP27TZ 3749),P.V,Fatal,0
18.06.2019,10:35AM,1278.54,RHS,Rural,Singarayakonda ,Collision Brush/Side Wipe,,Container,Non injury,Over speed,Four lanes or more with central divider,Straight road,,Fine,Long Container (AP27TZ 3749),P.V,Grievous,0
18.06.2019,10:35AM,1278.54,RHS,Rural,Singarayakonda ,Collision Brush/Side Wipe,,Container,Non injury,Over speed,Four lanes or more with central divider,Straight road,,Fine,Long Container (AP27TZ 3749),P.V,Minor,0
18.06.2019,10:35AM,1278.54,RHS,Rural,Singarayakonda ,Collision Brush/Side Wipe,,Container,Non injury,Over speed,Four lanes or more with central divider,Straight road,,Fine,Long Container (AP27TZ 3749),P.V,Non injured,1
18.06.2019,10:35AM,1278.54,RHS,Rural,Singarayakonda ,Collision Brush/Side Wipe,,Container,Non injury,Over speed,Four lanes or more with central divider,Straight road,,Fine,Long Container (AP27TZ 3749),P.V,"No of animals Killed,if Any",0
18.06.2019,10:15AM,1341.18,LHS,Rural,Dagadarthi ,Collision Brush/Side Wipe,,Unknown Vehicle,Non injury,Over speed,Two lanes,Straight road,,Fine,Unknown Vehicle,P.V,Fatal,0
18.06.2019,10:15AM,1341.18,LHS,Rural,Dagadarthi ,Collision Brush/Side Wipe,,Unknown Vehicle,Non injury,Over speed,Two lanes,Straight road,,Fine,Unknown Vehicle,P.V,Grievous,0
18.06.2019,10:15AM,1341.18,LHS,Rural,Dagadarthi ,Collision Brush/Side Wipe,,Unknown Vehicle,Non injury,Over speed,Two lanes,Straight road,,Fine,Unknown Vehicle,P.V,Minor,0
18.06.2019,10:15AM,1341.18,LHS,Rural,Dagadarthi ,Collision Brush/Side Wipe,,Unknown Vehicle,Non injury,Over speed,Two lanes,Straight road,,Fine,Unknown Vehicle,P.V,Non injured,1
18.06.2019,10:15AM,1341.18,LHS,Rural,Dagadarthi ,Collision Brush/Side Wipe,,Unknown Vehicle,Non injury,Over speed,Two lanes,Straight road,,Fine,Unknown Vehicle,P.V,"No of animals Killed,if Any",0
18.06.2019,04:37PM,1277.35,RHS,Rural,Singarayakonda ,Head on collision,,Car,Minor injury,Fault of driver of motor vehicle/driver of other vehicle/cyclist/pedestrian/passenger,Four lanes or more with central divider,Straight road,,Fine,AP07AN 0779,P.V,Fatal,0
18.06.2019,04:37PM,1277.35,RHS,Rural,Singarayakonda ,Head on collision,,Car,Minor injury,Fault of driver of motor vehicle/driver of other vehicle/cyclist/pedestrian/passenger,Four lanes or more with central divider,Straight road,,Fine,AP07AN 0779,P.V,Grievous,0
18.06.2019,04:37PM,1277.35,RHS,Rural,Singarayakonda ,Head on collision,,Car,Minor injury,Fault of driver of motor vehicle/driver of other vehicle/cyclist/pedestrian/passenger,Four lanes or more with central divider,Straight road,,Fine,AP07AN 0779,P.V,Minor,1
18.06.2019,04:37PM,1277.35,RHS,Rural,Singarayakonda ,Head on collision,,Car,Minor injury,Fault of driver of motor vehicle/driver of other vehicle/cyclist/pedestrian/passenger,Four lanes or more with central divider,Straight road,,Fine,AP07AN 0779,P.V,Non injured,7
18.06.2019,04:37PM,1277.35,RHS,Rural,Singarayakonda ,Head on collision,,Car,Minor injury,Fault of driver of motor vehicle/driver of other vehicle/cyclist/pedestrian/passenger,Four lanes or more with central divider,Straight road,,Fine,AP07AN 0779,P.V,"No of animals Killed,if Any",0
18.06.2019,06:05PM,1280.7,RHS,Rural,Singarayakonda ,Head on collision,,LCV   ,Fatal,Fault of driver of motor vehicle/driver of other vehicle/cyclist/pedestrian/passenger,Four lanes or more with central divider,Straight road,,Fine,AP07TH 6723,P.V,Fatal,2
18.06.2019,06:05PM,1280.7,RHS,Rural,Singarayakonda ,Head on collision,,LCV   ,Fatal,Fault of driver of motor vehicle/driver of other vehicle/cyclist/pedestrian/passenger,Four lanes or more with central divider,Straight road,,Fine,AP07TH 6723,P.V,Grievous,0
18.06.2019,06:05PM,1280.7,RHS,Rural,Singarayakonda ,Head on collision,,LCV   ,Fatal,Fault of driver of motor vehicle/driver of other vehicle/cyclist/pedestrian/passenger,Four lanes or more with central divider,Straight road,,Fine,AP07TH 6723,P.V,Minor,0
18.06.2019,06:05PM,1280.7,RHS,Rural,Singarayakonda ,Head on collision,,LCV   ,Fatal,Fault of driver of motor vehicle/driver of other vehicle/cyclist/pedestrian/passenger,Four lanes or more with central divider,Straight road,,Fine,AP07TH 6723,P.V,Non injured,1
18.06.2019,06:05PM,1280.7,RHS,Rural,Singarayakonda ,Head on collision,,LCV   ,Fatal,Fault of driver of motor vehicle/driver of other vehicle/cyclist/pedestrian/passenger,Four lanes or more with central divider,Straight road,,Fine,AP07TH 6723,P.V,"No of animals Killed,if Any",0
19.06.2019,03:20AM,1224.6,LHS,Rural,Maddipadu ,Overturning,,Bus ,Minor injury,Fault of driver of motor vehicle/driver of other vehicle/cyclist/pedestrian/passenger,Four lanes or more with central divider,Straight road,,Fine,AP03TF 2345,A.M.B & P.V,Fatal,0
19.06.2019,03:20AM,1224.6,LHS,Rural,Maddipadu ,Overturning,,Bus ,Minor injury,Fault of driver of motor vehicle/driver of other vehicle/cyclist/pedestrian/passenger,Four lanes or more with central divider,Straight road,,Fine,AP03TF 2345,A.M.B & P.V,Grievous,0
19.06.2019,03:20AM,1224.6,LHS,Rural,Maddipadu ,Overturning,,Bus ,Minor injury,Fault of driver of motor vehicle/driver of other vehicle/cyclist/pedestrian/passenger,Four lanes or more with central divider,Straight road,,Fine,AP03TF 2345,A.M.B & P.V,Minor,1
19.06.2019,03:20AM,1224.6,LHS,Rural,Maddipadu ,Overturning,,Bus ,Minor injury,Fault of driver of motor vehicle/driver of other vehicle/cyclist/pedestrian/passenger,Four lanes or more with central divider,Straight road,,Fine,AP03TF 2345,A.M.B & P.V,Non injured,56
19.06.2019,03:20AM,1224.6,LHS,Rural,Maddipadu ,Overturning,,Bus ,Minor injury,Fault of driver of motor vehicle/driver of other vehicle/cyclist/pedestrian/passenger,Four lanes or more with central divider,Straight road,,Fine,AP03TF 2345,A.M.B & P.V,"No of animals Killed,if Any",0
19.06.2019,10:05AM,1196.8,LHS,Rural,Martur ,Collision Brush/Side Wipe,,Tractor ,Grievious injury,Fault of driver of motor vehicle/driver of other vehicle/cyclist/pedestrian/passenger,Two lanes,Straight road,,Fine,AP27TZ 2263,A.M.B,Fatal,0
19.06.2019,10:05AM,1196.8,LHS,Rural,Martur ,Collision Brush/Side Wipe,,Tractor ,Grievious injury,Fault of driver of motor vehicle/driver of other vehicle/cyclist/pedestrian/passenger,Two lanes,Straight road,,Fine,AP27TZ 2263,A.M.B,Grievous,1
19.06.2019,10:05AM,1196.8,LHS,Rural,Martur ,Collision Brush/Side Wipe,,Tractor ,Grievious injury,Fault of driver of motor vehicle/driver of other vehicle/cyclist/pedestrian/passenger,Two lanes,Straight road,,Fine,AP27TZ 2263,A.M.B,Minor,0
19.06.2019,10:05AM,1196.8,LHS,Rural,Martur ,Collision Brush/Side Wipe,,Tractor ,Grievious injury,Fault of driver of motor vehicle/driver of other vehicle/cyclist/pedestrian/passenger,Two lanes,Straight road,,Fine,AP27TZ 2263,A.M.B,Non injured,2
19.06.2019,10:05AM,1196.8,LHS,Rural,Martur ,Collision Brush/Side Wipe,,Tractor ,Grievious injury,Fault of driver of motor vehicle/driver of other vehicle/cyclist/pedestrian/passenger,Two lanes,Straight road,,Fine,AP27TZ 2263,A.M.B,"No of animals Killed,if Any",0
19.06.2019,03:00PM,1320.5,RHS,Rural,Kavali ,Overturning,,Truck  ,Non injury,Fault of driver of motor vehicle/driver of other vehicle/cyclist/pedestrian/passenger,Four lanes or more with central divider,Straight road,,Fine,AP26TF 1890,P.V,Fatal,0
19.06.2019,03:00PM,1320.5,RHS,Rural,Kavali ,Overturning,,Truck  ,Non injury,Fault of driver of motor vehicle/driver of other vehicle/cyclist/pedestrian/passenger,Four lanes or more with central divider,Straight road,,Fine,AP26TF 1890,P.V,Grievous,0
19.06.2019,03:00PM,1320.5,RHS,Rural,Kavali ,Overturning,,Truck  ,Non injury,Fault of driver of motor vehicle/driver of other vehicle/cyclist/pedestrian/passenger,Four lanes or more with central divider,Straight road,,Fine,AP26TF 1890,P.V,Minor,0
19.06.2019,03:00PM,1320.5,RHS,Rural,Kavali ,Overturning,,Truck  ,Non injury,Fault of driver of motor vehicle/driver of other vehicle/cyclist/pedestrian/passenger,Four lanes or more with central divider,Straight road,,Fine,AP26TF 1890,P.V,Non injured,1
19.06.2019,03:00PM,1320.5,RHS,Rural,Kavali ,Overturning,,Truck  ,Non injury,Fault of driver of motor vehicle/driver of other vehicle/cyclist/pedestrian/passenger,Four lanes or more with central divider,Straight road,,Fine,AP26TF 1890,P.V,"No of animals Killed,if Any",0
20.06.2019,07:20PM,1203.6,RHS,Rural,Renangivaram ,Collision Brush/Side Wipe,,Unknown vehicle,Minor injury,Over speed,Four lanes or more with central divider,Straight road,,Fine,Unknown vehicle,A.M.B,Fatal,0