Operational date,Time of Accident,KM && M,Position,Rural/Urban,Location,Nature of Accident Position,Nature of Accident,Vehicle Involved,Type of Accident,Causes,Road Feature,Road condition,Intersection Type And Control,Weather Condition,Vehicle Responsible,Help Provided by Ambulance/Patroling Vehicle,Classification of Accident,No of Affected Persons
20.06.2019,07:20PM,1203.6,RHS,Rural,Renangivaram ,Collision Brush/Side Wipe,,Unknown vehicle,Minor injury,Over speed,Four lanes or more with central divider,Straight road,,Fine,Unknown vehicle,A.M.B,Grievous,0
20.06.2019,07:20PM,1203.6,RHS,Rural,Renangivaram ,Collision Brush/Side Wipe,,Unknown vehicle,Minor injury,Over speed,Four lanes or more with central divider,Straight road,,Fine,Unknown vehicle,A.M.B,Minor,1
20.06.2019,07:20PM,1203.6,RHS,Rural,Renangivaram ,Collision Brush/Side Wipe,,Unknown vehicle,Minor injury,Over speed,Four lanes or more with central divider,Straight road,,Fine,Unknown vehicle,A.M.B,Non injured,1
20.06.2019,07:20PM,1203.6,RHS,Rural,Renangivaram ,Collision Brush/Side Wipe,,Unknown vehicle,Minor injury,Over speed,Four lanes or more with central divider,Straight road,,Fine,Unknown vehicle,A.M.B,"No of animals Killed,if Any",0
21.06.2019,11:43AM,1235.3,RHS,Rural,Maddipadu ,Collision Brush/Side Wipe,,Lorry                 ,Fatal,Fault of driver of motor vehicle/driver of other vehicle/cyclist/pedestrian/passenger,Four lanes or more with central divider,Straight road,T-Junction,Fine,AP07TF 7209,P.V,Fatal,1
21.06.2019,11:43AM,1235.3,RHS,Rural,Maddipadu ,Collision Brush/Side Wipe,,Lorry                 ,Fatal,Fault of driver of motor vehicle/driver of other vehicle/cyclist/pedestrian/passenger,Four lanes or more with central divider,Straight road,T-Junction,Fine,AP07TF 7209,P.V,Grievous,0
21.06.2019,11:43AM,1235.3,RHS,Rural,Maddipadu ,Collision Brush/Side Wipe,,Lorry                 ,Fatal,Fault of driver of motor vehicle/driver of other vehicle/cyclist/pedestrian/passenger,Four lanes or more with central divider,Straight road,T-Junction,Fine,AP07TF 7209,P.V,Minor,0
21.06.2019,11:43AM,1235.3,RHS,Rural,Maddipadu ,Collision Brush/Side Wipe,,Lorry                 ,Fatal,Fault of driver of motor vehicle/driver of other vehicle/cyclist/pedestrian/passenger,Four lanes or more with central divider,Straight road,T-Junction,Fine,AP07TF 7209,P.V,Non injured,1
21.06.2019,11:43AM,1235.3,RHS,Rural,Maddipadu ,Collision Brush/Side Wipe,,Lorry                 ,Fatal,Fault of driver of motor vehicle/driver of other vehicle/cyclist/pedestrian/passenger,Four lanes or more with central divider,Straight road,T-Junction,Fine,AP07TF 7209,P.V,"No of animals Killed,if Any",0
21.06.2019,03:00PM,1332.16,LHS,Rural,K. Tippa ,Collision Brush/Side Wipe,,Car            ,Minor injury,Defect in mechanical condition of motor vehicle/road condition,Four lanes or more with central divider,Straight road,,Fine,AP05AN 3181,A.M.B,Fatal,0
21.06.2019,03:00PM,1332.16,LHS,Rural,K. Tippa ,Collision Brush/Side Wipe,,Car            ,Minor injury,Defect in mechanical condition of motor vehicle/road condition,Four lanes or more with central divider,Straight road,,Fine,AP05AN 3181,A.M.B,Grievous,0
21.06.2019,03:00PM,1332.16,LHS,Rural,K. Tippa ,Collision Brush/Side Wipe,,Car            ,Minor injury,Defect in mechanical condition of motor vehicle/road condition,Four lanes or more with central divider,Straight road,,Fine,AP05AN 3181,A.M.B,Minor,1
21.06.2019,03:00PM,1332.16,LHS,Rural,K. Tippa ,Collision Brush/Side Wipe,,Car            ,Minor injury,Defect in mechanical condition of motor vehicle/road condition,Four lanes or more with central divider,Straight road,,Fine,AP05AN 3181,A.M.B,Non injured,3
21.06.2019,03:00PM,1332.16,LHS,Rural,K. Tippa ,Collision Brush/Side Wipe,,Car            ,Minor injury,Defect in mechanical condition of motor vehicle/road condition,Four lanes or more with central divider,Straight road,,Fine,AP05AN 3181,A.M.B,"No of animals Killed,if Any",0
21.06.2019,03:15PM,1203.85,RHS,Rural,Renangivaram ,Collision Brush/Side Wipe,,omni ambulance ,Grievious injury,Druken,Four lanes or more with central divider,Straight road,,Fine,AP05W 9060,A.M.B,Fatal,0
21.06.2019,03:15PM,1203.85,RHS,Rural,Renangivaram ,Collision Brush/Side Wipe,,omni ambulance ,Grievious injury,Druken,Four lanes or more with central divider,Straight road,,Fine,AP05W 9060,A.M.B,Grievous,1
21.06.2019,03:15PM,1203.85,RHS,Rural,Renangivaram ,Collision Brush/Side Wipe,,omni ambulance ,Grievious injury,Druken,Four lanes or more with central divider,Straight road,,Fine,AP05W 9060,A.M.B,Minor,0
21.06.2019,03:15PM,1203.85,RHS,Rural,Renangivaram ,Collision Brush/Side Wipe,,omni ambulance ,Grievious injury,Druken,Four lanes or more with central divider,Straight road,,Fine,AP05W 9060,A.M.B,Non injured,0
21.06.2019,03:15PM,1203.85,RHS,Rural,Renangivaram ,Collision Brush/Side Wipe,,omni ambulance ,Grievious injury,Druken,Four lanes or more with central divider,Straight road,,Fine,AP05W 9060,A.M.B,"No of animals Killed,if Any",0
21.06.2019,09:03PM,1281.64,LHS,Rural,Singarayakonda ,Collision Brush/Side Wipe,,Car ,Non injury,Over speed,Four lanes or more with central divider,Straight road,,Fine,TN07CC 8244,P.V,Fatal,0
21.06.2019,09:03PM,1281.64,LHS,Rural,Singarayakonda ,Collision Brush/Side Wipe,,Car ,Non injury,Over speed,Four lanes or more with central divider,Straight road,,Fine,TN07CC 8244,P.V,Grievous,0
21.06.2019,09:03PM,1281.64,LHS,Rural,Singarayakonda ,Collision Brush/Side Wipe,,Car ,Non injury,Over speed,Four lanes or more with central divider,Straight road,,Fine,TN07CC 8244,P.V,Minor,0
21.06.2019,09:03PM,1281.64,LHS,Rural,Singarayakonda ,Collision Brush/Side Wipe,,Car ,Non injury,Over speed,Four lanes or more with central divider,Straight road,,Fine,TN07CC 8244,P.V,Non injured,5
21.06.2019,09:03PM,1281.64,LHS,Rural,Singarayakonda ,Collision Brush/Side Wipe,,Car ,Non injury,Over speed,Four lanes or more with central divider,Straight road,,Fine,TN07CC 8244,P.V,"No of animals Killed,if Any",1
22.06.2019,06:00AM,1213,LHS,Rural,Medarametla ,Collision Brush/Side Wipe,,LCV   ,Non injury,Fault of driver of motor vehicle/driver of other vehicle/cyclist/pedestrian/passenger,Four lanes or more with central divider,Straight road,,Fine,KA07A 9449,P.V,Fatal,0
22.06.2019,06:00AM,1213,LHS,Rural,Medarametla ,Collision Brush/Side Wipe,,LCV   ,Non injury,Fault of driver of motor vehicle/driver of other vehicle/cyclist/pedestrian/passenger,Four lanes or more with central divider,Straight road,,Fine,KA07A 9449,P.V,Grievous,0
22.06.2019,06:00AM,1213,LHS,Rural,Medarametla ,Collision Brush/Side Wipe,,LCV   ,Non injury,Fault of driver of motor vehicle/driver of other vehicle/cyclist/pedestrian/passenger,Four lanes or more with central divider,Straight road,,Fine,KA07A 9449,P.V,Minor,0
22.06.2019,06:00AM,1213,LHS,Rural,Medarametla ,Collision Brush/Side Wipe,,LCV   ,Non injury,Fault of driver of motor vehicle/driver of other vehicle/cyclist/pedestrian/passenger,Four lanes or more with central divider,Straight road,,Fine,KA07A 9449,P.V,Non injured,1
22.06.2019,06:00AM,1213,LHS,Rural,Medarametla ,Collision Brush/Side Wipe,,LCV   ,Non injury,Fault of driver of motor vehicle/driver of other vehicle/cyclist/pedestrian/passenger,Four lanes or more with central divider,Straight road,,Fine,KA07A 9449,P.V,"No of animals Killed,if Any",0
22.06.2019,08:05AM,1251.2,LHS,Rural,Ongole ,Collision Brush/Side Wipe,,LCV   ,Non injury,Over speed,Two lanes,Straight road,,Fine,AP04TX 5972,P.V,Fatal,0
22.06.2019,08:05AM,1251.2,LHS,Rural,Ongole ,Collision Brush/Side Wipe,,LCV   ,Non injury,Over speed,Two lanes,Straight road,,Fine,AP04TX 5972,P.V,Grievous,0
22.06.2019,08:05AM,1251.2,LHS,Rural,Ongole ,Collision Brush/Side Wipe,,LCV   ,Non injury,Over speed,Two lanes,Straight road,,Fine,AP04TX 5972,P.V,Minor,0
22.06.2019,08:05AM,1251.2,LHS,Rural,Ongole ,Collision Brush/Side Wipe,,LCV   ,Non injury,Over speed,Two lanes,Straight road,,Fine,AP04TX 5972,P.V,Non injured,2
22.06.2019,08:05AM,1251.2,LHS,Rural,Ongole ,Collision Brush/Side Wipe,,LCV   ,Non injury,Over speed,Two lanes,Straight road,,Fine,AP04TX 5972,P.V,"No of animals Killed,if Any",0
22.06.2019,05:35PM,1339.31,RHS,Rural,Dagadarthi ,Head on collision,,Bike,Minor injury,Druken,Four lanes or more with central divider,Straight road,,Fine,AP26C E 7352,A.M.B & P.V,Fatal,0
22.06.2019,05:35PM,1339.31,RHS,Rural,Dagadarthi ,Head on collision,,Bike,Minor injury,Druken,Four lanes or more with central divider,Straight road,,Fine,AP26C E 7352,A.M.B & P.V,Grievous,0
22.06.2019,05:35PM,1339.31,RHS,Rural,Dagadarthi ,Head on collision,,Bike,Minor injury,Druken,Four lanes or more with central divider,Straight road,,Fine,AP26C E 7352,A.M.B & P.V,Minor,1
22.06.2019,05:35PM,1339.31,RHS,Rural,Dagadarthi ,Head on collision,,Bike,Minor injury,Druken,Four lanes or more with central divider,Straight road,,Fine,AP26C E 7352,A.M.B & P.V,Non injured,2
22.06.2019,05:35PM,1339.31,RHS,Rural,Dagadarthi ,Head on collision,,Bike,Minor injury,Druken,Four lanes or more with central divider,Straight road,,Fine,AP26C E 7352,A.M.B & P.V,"No of animals Killed,if Any",0
22.06.2019,10:10PM,1198.1,LHS,Rural,Martur ,Collision Brush/Side Wipe,,Unknown Vehicle,Minor injury,Over speed,Four lanes or more with central divider,Straight road,,Fine,Unknown Vehicle,A.M.B & P.V,Fatal,0
22.06.2019,10:10PM,1198.1,LHS,Rural,Martur ,Collision Brush/Side Wipe,,Unknown Vehicle,Minor injury,Over speed,Four lanes or more with central divider,Straight road,,Fine,Unknown Vehicle,A.M.B & P.V,Grievous,0
22.06.2019,10:10PM,1198.1,LHS,Rural,Martur ,Collision Brush/Side Wipe,,Unknown Vehicle,Minor injury,Over speed,Four lanes or more with central divider,Straight road,,Fine,Unknown Vehicle,A.M.B & P.V,Minor,1
22.06.2019,10:10PM,1198.1,LHS,Rural,Martur ,Collision Brush/Side Wipe,,Unknown Vehicle,Minor injury,Over speed,Four lanes or more with central divider,Straight road,,Fine,Unknown Vehicle,A.M.B & P.V,Non injured,4
22.06.2019,10:10PM,1198.1,LHS,Rural,Martur ,Collision Brush/Side Wipe,,Unknown Vehicle,Minor injury,Over speed,Four lanes or more with central divider,Straight road,,Fine,Unknown Vehicle,A.M.B & P.V,"No of animals Killed,if Any",0
22.06.2019,10:55PM,1198.7,RHS,Rural,Martur ,Collision Brush/Side Wipe,,Unknown Vehicle,Grievious injury,Over speed,Four lanes or more with central divider,Straight road,,Fine,Unknown Vehicle,A.M.B & P.V,Fatal,0
22.06.2019,10:55PM,1198.7,RHS,Rural,Martur ,Collision Brush/Side Wipe,,Unknown Vehicle,Grievious injury,Over speed,Four lanes or more with central divider,Straight road,,Fine,Unknown Vehicle,A.M.B & P.V,Grievous,1
22.06.2019,10:55PM,1198.7,RHS,Rural,Martur ,Collision Brush/Side Wipe,,Unknown Vehicle,Grievious injury,Over speed,Four lanes or more with central divider,Straight road,,Fine,Unknown Vehicle,A.M.B & P.V,Minor,0
22.06.2019,10:55PM,1198.7,RHS,Rural,Martur ,Collision Brush/Side Wipe,,Unknown Vehicle,Grievious injury,Over speed,Four lanes or more with central divider,Straight road,,Fine,Unknown Vehicle,A.M.B & P.V,Non injured,0
22.06.2019,10:55PM,1198.7,RHS,Rural,Martur ,Collision Brush/Side Wipe,,Unknown Vehicle,Grievious injury,Over speed,Four lanes or more with central divider,Straight road,,Fine,Unknown Vehicle,A.M.B & P.V,"No of animals Killed,if Any",0
23.06.2019,12:40PM,1241.8,RHS,Rural,Ongole ,Collision Brush/Side Wipe,,Unknown Vehicle,Fatal,Over speed,Four lanes or more with central divider,Straight road,,Fine,Unknown Vehicle,P.V,Fatal,1
23.06.2019,12:40PM,1241.8,RHS,Rural,Ongole ,Collision Brush/Side Wipe,,Unknown Vehicle,Fatal,Over speed,Four lanes or more with central divider,Straight road,,Fine,Unknown Vehicle,P.V,Grievous,0
23.06.2019,12:40PM,1241.8,RHS,Rural,Ongole ,Collision Brush/Side Wipe,,Unknown Vehicle,Fatal,Over speed,Four lanes or more with central divider,Straight road,,Fine,Unknown Vehicle,P.V,Minor,0
23.06.2019,12:40PM,1241.8,RHS,Rural,Ongole ,Collision Brush/Side Wipe,,Unknown Vehicle,Fatal,Over speed,Four lanes or more with central divider,Straight road,,Fine,Unknown Vehicle,P.V,Non injured,1
23.06.2019,12:40PM,1241.8,RHS,Rural,Ongole ,Collision Brush/Side Wipe,,Unknown Vehicle,Fatal,Over speed,Four lanes or more with central divider,Straight road,,Fine,Unknown Vehicle,P.V,"No of animals Killed,if Any",0
23.06.2019,04:50PM,1200,LHS,Rural,Renigavaram ,Skidding,,Scooty       ,Minor injury,Druken,Four lanes or more with central divider,Straight road,,Fine,AP07EF0544,A.M.B,Fatal,0
23.06.2019,04:50PM,1200,LHS,Rural,Renigavaram ,Skidding,,Scooty       ,Minor injury,Druken,Four lanes or more with central divider,Straight road,,Fine,AP07EF0544,A.M.B,Grievous,0
23.06.2019,04:50PM,1200,LHS,Rural,Renigavaram ,Skidding,,Scooty       ,Minor injury,Druken,Four lanes or more with central divider,Straight road,,Fine,AP07EF0544,A.M.B,Minor,2
23.06.2019,04:50PM,1200,LHS,Rural,Renigavaram ,Skidding,,Scooty       ,Minor injury,Druken,Four lanes or more with central divider,Straight road,,Fine,AP07EF0544,A.M.B,Non injured,0
23.06.2019,04:50PM,1200,LHS,Rural,Renigavaram ,Skidding,,Scooty       ,Minor injury,Druken,Four lanes or more with central divider,Straight road,,Fine,AP07EF0544,A.M.B,"No of animals Killed,if Any",0
23.06.2019,06:50PM,1337.94,LHS,Rural,K. Tippa ,Head on collision,,Bike       ,Grievious injury,Fault of driver of motor vehicle/driver of other vehicle/cyclist/pedestrian/passenger,Four lanes or more with central divider,Straight road,,Fine,AP26BZ 4169,P.V,Fatal,0
23.06.2019,06:50PM,1337.94,LHS,Rural,K. Tippa ,Head on collision,,Bike       ,Grievious injury,Fault of driver of motor vehicle/driver of other vehicle/cyclist/pedestrian/passenger,Four lanes or more with central divider,Straight road,,Fine,AP26BZ 4169,P.V,Grievous,2
23.06.2019,06:50PM,1337.94,LHS,Rural,K. Tippa ,Head on collision,,Bike       ,Grievious injury,Fault of driver of motor vehicle/driver of other vehicle/cyclist/pedestrian/passenger,Four lanes or more with central divider,Straight road,,Fine,AP26BZ 4169,P.V,Minor,0
23.06.2019,06:50PM,1337.94,LHS,Rural,K. Tippa ,Head on collision,,Bike       ,Grievious injury,Fault of driver of motor vehicle/driver of other vehicle/cyclist/pedestrian/passenger,Four lanes or more with central divider,Straight road,,Fine,AP26BZ 4169,P.V,Non injured,0
23.06.2019,06:50PM,1337.94,LHS,Rural,K. Tippa ,Head on collision,,Bike       ,Grievious injury,Fault of driver of motor vehicle/driver of other vehicle/cyclist/pedestrian/passenger,Four lanes or more with central divider,Straight road,,Fine,AP26BZ 4169,P.V,"No of animals Killed,if Any",0
23.06.2019,09:40PM,1194.38,LHS,Rural,Martur ,Collision Brush/Side Wipe,,Car    ,Minor injury,Over speed,Four lanes or more with central divider,Straight road,,Fine,AP27AJ 2223,A.M.B & P.V,Fatal,0
23.06.2019,09:40PM,1194.38,LHS,Rural,Martur ,Collision Brush/Side Wipe,,Car    ,Minor injury,Over speed,Four lanes or more with central divider,Straight road,,Fine,AP27AJ 2223,A.M.B & P.V,Grievous,0
23.06.2019,09:40PM,1194.38,LHS,Rural,Martur ,Collision Brush/Side Wipe,,Car    ,Minor injury,Over speed,Four lanes or more with central divider,Straight road,,Fine,AP27AJ 2223,A.M.B & P.V,Minor,1
23.06.2019,09:40PM,1194.38,LHS,Rural,Martur ,Collision Brush/Side Wipe,,Car    ,Minor injury,Over speed,Four lanes or more with central divider,Straight road,,Fine,AP27AJ 2223,A.M.B & P.V,Non injured,1
23.06.2019,09:40PM,1194.38,LHS,Rural,Martur ,Collision Brush/Side Wipe,,Car    ,Minor injury,Over speed,Four lanes or more with central divider,Straight road,,Fine,AP27AJ 2223,A.M.B & P.V,"No of animals Killed,if Any",0
23.06.2019,11:15PM,1211.38,RHS,Rural,Renigavaram ,Collision Brush/Side Wipe,,LCV   ,Non injury,Over speed,Four lanes or more with central divider,Straight road,,Fine,KA51AC 5238,P.V,Fatal,0
23.06.2019,11:15PM,1211.38,RHS,Rural,Renigavaram ,Collision Brush/Side Wipe,,LCV   ,Non injury,Over speed,Four lanes or more with central divider,Straight road,,Fine,KA51AC 5238,P.V,Grievous,0
23.06.2019,11:15PM,1211.38,RHS,Rural,Renigavaram ,Collision Brush/Side Wipe,,LCV   ,Non injury,Over speed,Four lanes or more with central divider,Straight road,,Fine,KA51AC 5238,P.V,Minor,0
23.06.2019,11:15PM,1211.38,RHS,Rural,Renigavaram ,Collision Brush/Side Wipe,,LCV   ,Non injury,Over speed,Four lanes or more with central divider,Straight road,,Fine,KA51AC 5238,P.V,Non injured,1
23.06.2019,11:15PM,1211.38,RHS,Rural,Renigavaram ,Collision Brush/Side Wipe,,LCV   ,Non injury,Over speed,Four lanes or more with central divider,Straight road,,Fine,KA51AC 5238,P.V,"No of animals Killed,if Any",0
24.06.2019,2:40AM,1291.55,LHS,Rural,Ulavapadu ,Collision Brush/Side Wipe,,Truck  ,Non injury,Fault of driver of motor vehicle/driver of other vehicle/cyclist/pedestrian/passenger,Four lanes or more with central divider,Straight road,,Fine,AP27TZ 2699,P.V,Fatal,0
24.06.2019,2:40AM,1291.55,LHS,Rural,Ulavapadu ,Collision Brush/Side Wipe,,Truck  ,Non injury,Fault of driver of motor vehicle/driver of other vehicle/cyclist/pedestrian/passenger,Four lanes or more with central divider,Straight road,,Fine,AP27TZ 2699,P.V,Grievous,0
24.06.2019,2:40AM,1291.55,LHS,Rural,Ulavapadu ,Collision Brush/Side Wipe,,Truck  ,Non injury,Fault of driver of motor vehicle/driver of other vehicle/cyclist/pedestrian/passenger,Four lanes or more with central divider,Straight road,,Fine,AP27TZ 2699,P.V,Minor,0
24.06.2019,2:40AM,1291.55,LHS,Rural,Ulavapadu ,Collision Brush/Side Wipe,,Truck  ,Non injury,Fault of driver of motor vehicle/driver of other vehicle/cyclist/pedestrian/passenger,Four lanes or more with central divider,Straight road,,Fine,AP27TZ 2699,P.V,Non injured,2
24.06.2019,2:40AM,1291.55,LHS,Rural,Ulavapadu ,Collision Brush/Side Wipe,,Truck  ,Non injury,Fault of driver of motor vehicle/driver of other vehicle/cyclist/pedestrian/passenger,Four lanes or more with central divider,Straight road,,Fine,AP27TZ 2699,P.V,"No of animals Killed,if Any",0
24.06.2019,07:20AM,1222.76,RHS,Rural,Medarametla ,Collision Brush/Side Wipe,,Truck  ,Grievious injury,Fault of driver of motor vehicle/driver of other vehicle/cyclist/pedestrian/passenger,Four lanes or more with central divider,Straight road,,Fine,AP03TK  0789,P.V,Fatal,0
24.06.2019,07:20AM,1222.76,RHS,Rural,Medarametla ,Collision Brush/Side Wipe,,Truck  ,Grievious injury,Fault of driver of motor vehicle/driver of other vehicle/cyclist/pedestrian/passenger,Four lanes or more with central divider,Straight road,,Fine,AP03TK  0789,P.V,Grievous,1
24.06.2019,07:20AM,1222.76,RHS,Rural,Medarametla ,Collision Brush/Side Wipe,,Truck  ,Grievious injury,Fault of driver of motor vehicle/driver of other vehicle/cyclist/pedestrian/passenger,Four lanes or more with central divider,Straight road,,Fine,AP03TK  0789,P.V,Minor,0
24.06.2019,07:20AM,1222.76,RHS,Rural,Medarametla ,Collision Brush/Side Wipe,,Truck  ,Grievious injury,Fault of driver of motor vehicle/driver of other vehicle/cyclist/pedestrian/passenger,Four lanes or more with central divider,Straight road,,Fine,AP03TK  0789,P.V,Non injured,1
24.06.2019,07:20AM,1222.76,RHS,Rural,Medarametla ,Collision Brush/Side Wipe,,Truck  ,Grievious injury,Fault of driver of motor vehicle/driver of other vehicle/cyclist/pedestrian/passenger,Four lanes or more with central divider,Straight road,,Fine,AP03TK  0789,P.V,"No of animals Killed,if Any",0
24.06.2019,10:48AM,1330.8,RHS,Rural,Kavali ,Collision Brush/Side Wipe,,Car  ,Fatal,Over speed,Four lanes or more with central divider,Straight road,,Fine,AP03CU 5099,P.V,Fatal,1
24.06.2019,10:48AM,1330.8,RHS,Rural,Kavali ,Collision Brush/Side Wipe,,Car  ,Fatal,Over speed,Four lanes or more with central divider,Straight road,,Fine,AP03CU 5099,P.V,Grievous,0
24.06.2019,10:48AM,1330.8,RHS,Rural,Kavali ,Collision Brush/Side Wipe,,Car  ,Fatal,Over speed,Four lanes or more with central divider,Straight road,,Fine,AP03CU 5099,P.V,Minor,0
24.06.2019,10:48AM,1330.8,RHS,Rural,Kavali ,Collision Brush/Side Wipe,,Car  ,Fatal,Over speed,Four lanes or more with central divider,Straight road,,Fine,AP03CU 5099,P.V,Non injured,4
24.06.2019,10:48AM,1330.8,RHS,Rural,Kavali ,Collision Brush/Side Wipe,,Car  ,Fatal,Over speed,Four lanes or more with central divider,Straight road,,Fine,AP03CU 5099,P.V,"No of animals Killed,if Any",0
24.06.2019,05:35PM,1293.7,RHS,Rural,Ulavapadu ,Head on collision,,Car  ,Grievious injury,Fault of driver of motor vehicle/driver of other vehicle/cyclist/pedestrian/passenger,Four lanes or more with central divider,Straight road,,Fine,AP07TA 2499,P.V,Fatal,0
24.06.2019,05:35PM,1293.7,RHS,Rural,Ulavapadu ,Head on collision,,Car  ,Grievious injury,Fault of driver of motor vehicle/driver of other vehicle/cyclist/pedestrian/passenger,Four lanes or more with central divider,Straight road,,Fine,AP07TA 2499,P.V,Grievous,1
24.06.2019,05:35PM,1293.7,RHS,Rural,Ulavapadu ,Head on collision,,Car  ,Grievious injury,Fault of driver of motor vehicle/driver of other vehicle/cyclist/pedestrian/passenger,Four lanes or more with central divider,Straight road,,Fine,AP07TA 2499,P.V,Minor,0
24.06.2019,05:35PM,1293.7,RHS,Rural,Ulavapadu ,Head on collision,,Car  ,Grievious injury,Fault of driver of motor vehicle/driver of other vehicle/cyclist/pedestrian/passenger,Four lanes or more with central divider,Straight road,,Fine,AP07TA 2499,P.V,Non injured,1
24.06.2019,05:35PM,1293.7,RHS,Rural,Ulavapadu ,Head on collision,,Car  ,Grievious injury,Fault of driver of motor vehicle/driver of other vehicle/cyclist/pedestrian/passenger,Four lanes or more with central divider,Straight road,,Fine,AP07TA 2499,P.V,"No of animals Killed,if Any",0
25.06.2019,11:50AM,1255.75,LHS,Rural,Tangutur ,Collision Brush/Side Wipe,,Truck  ,Minor injury,Over speed,Four lanes or more with central divider,Straight road,,Fine,RJ30GB 0005,P.V,Fatal,0
25.06.2019,11:50AM,1255.75,LHS,Rural,Tangutur ,Collision Brush/Side Wipe,,Truck  ,Minor injury,Over speed,Four lanes or more with central divider,Straight road,,Fine,RJ30GB 0005,P.V,Grievous,0
25.06.2019,11:50AM,1255.75,LHS,Rural,Tangutur ,Collision Brush/Side Wipe,,Truck  ,Minor injury,Over speed,Four lanes or more with central divider,Straight road,,Fine,RJ30GB 0005,P.V,Minor,1
25.06.2019,11:50AM,1255.75,LHS,Rural,Tangutur ,Collision Brush/Side Wipe,,Truck  ,Minor injury,Over speed,Four lanes or more with central divider,Straight road,,Fine,RJ30GB 0005,P.V,Non injured,2
25.06.2019,11:50AM,1255.75,LHS,Rural,Tangutur ,Collision Brush/Side Wipe,,Truck  ,Minor injury,Over speed,Four lanes or more with central divider,Straight road,,Fine,RJ30GB 0005,P.V,"No of animals Killed,if Any",0
26.06.2019,04:55AM,1285.7,RHS,Rural,Ulavapadu ,Overturning,,LCV   ,Non injury,Fault of driver of motor vehicle/driver of other vehicle/cyclist/pedestrian/passenger,Four lanes or more with central divider,Straight road,,Fine,AP26TB 5868,P.V,Fatal,0
26.06.2019,04:55AM,1285.7,RHS,Rural,Ulavapadu ,Overturning,,LCV   ,Non injury,Fault of driver of motor vehicle/driver of other vehicle/cyclist/pedestrian/passenger,Four lanes or more with central divider,Straight road,,Fine,AP26TB 5868,P.V,Grievous,0
26.06.2019,04:55AM,1285.7,RHS,Rural,Ulavapadu ,Overturning,,LCV   ,Non injury,Fault of driver of motor vehicle/driver of other vehicle/cyclist/pedestrian/passenger,Four lanes or more with central divider,Straight road,,Fine,AP26TB 5868,P.V,Minor,0
26.06.2019,04:55AM,1285.7,RHS,Rural,Ulavapadu ,Overturning,,LCV   ,Non injury,Fault of driver of motor vehicle/driver of other vehicle/cyclist/pedestrian/passenger,Four lanes or more with central divider,Straight road,,Fine,AP26TB 5868,P.V,Non injured,1
26.06.2019,04:55AM,1285.7,RHS,Rural,Ulavapadu ,Overturning,,LCV   ,Non injury,Fault of driver of motor vehicle/driver of other vehicle/cyclist/pedestrian/passenger,Four lanes or more with central divider,Straight road,,Fine,AP26TB 5868,P.V,"No of animals Killed,if Any",0
26.06.2019,05:30PM,1290.8,RHS,Rural,Ulavapadu ,Overturning,,Tractor,Non injury,Defect in mechanical condition of motor vehicle/road condition,Four lanes or more with central divider,Straight road,,Fine,AP27CB 2086,P.V,Fatal,0
26.06.2019,05:30PM,1290.8,RHS,Rural,Ulavapadu ,Overturning,,Tractor,Non injury,Defect in mechanical condition of motor vehicle/road condition,Four lanes or more with central divider,Straight road,,Fine,AP27CB 2086,P.V,Grievous,0
26.06.2019,05:30PM,1290.8,RHS,Rural,Ulavapadu ,Overturning,,Tractor,Non injury,Defect in mechanical condition of motor vehicle/road condition,Four lanes or more with central divider,Straight road,,Fine,AP27CB 2086,P.V,Minor,0
26.06.2019,05:30PM,1290.8,RHS,Rural,Ulavapadu ,Overturning,,Tractor,Non injury,Defect in mechanical condition of motor vehicle/road condition,Four lanes or more with central divider,Straight road,,Fine,AP27CB 2086,P.V,Non injured,1
26.06.2019,05:30PM,1290.8,RHS,Rural,Ulavapadu ,Overturning,,Tractor,Non injury,Defect in mechanical condition of motor vehicle/road condition,Four lanes or more with central divider,Straight road,,Fine,AP27CB 2086,P.V,"No of animals Killed,if Any",0
27.06.2019,01:04AM,1198.75,LHS,Rural,Martur ,Skidding,,Bike                 ,Minor injury,Fault of driver of motor vehicle/driver of other vehicle/cyclist/pedestrian/passenger,Four lanes or more with central divider,Straight road,,Fine,NO Number,A.M.B,Fatal,0
27.06.2019,01:04AM,1198.75,LHS,Rural,Martur ,Skidding,,Bike                 ,Minor injury,Fault of driver of motor vehicle/driver of other vehicle/cyclist/pedestrian/passenger,Four lanes or more with central divider,Straight road,,Fine,NO Number,A.M.B,Grievous,0
27.06.2019,01:04AM,1198.75,LHS,Rural,Martur ,Skidding,,Bike                 ,Minor injury,Fault of driver of motor vehicle/driver of other vehicle/cyclist/pedestrian/passenger,Four lanes or more with central divider,Straight road,,Fine,NO Number,A.M.B,Minor,1
27.06.2019,01:04AM,1198.75,LHS,Rural,Martur ,Skidding,,Bike                 ,Minor injury,Fault of driver of motor vehicle/driver of other vehicle/cyclist/pedestrian/passenger,Four lanes or more with central divider,Straight road,,Fine,NO Number,A.M.B,Non injured,1
27.06.2019,01:04AM,1198.75,LHS,Rural,Martur ,Skidding,,Bike                 ,Minor injury,Fault of driver of motor vehicle/driver of other vehicle/cyclist/pedestrian/passenger,Four lanes or more with central divider,Straight road,,Fine,NO Number,A.M.B,"No of animals Killed,if Any",0
27.06.2019,05:20PM,1205.15,RHS,Rural,Renigavaram ,Collision Brush/Side Wipe,,Bike  F/R,Minor injury,Fault of driver of motor vehicle/driver of other vehicle/cyclist/pedestrian/passenger,Four lanes or more with central divider,Straight road,,Fine, F/R,A.M.B & P.V,Fatal,0