Operational date,Time of Accident,KM && M,Position,Rural/Urban,Location,Nature of Accident Position,Nature of Accident,Vehicle Involved,Type of Accident,Causes,Road Feature,Road condition,Intersection Type And Control,Weather Condition,Vehicle Responsible,Help Provided by Ambulance/Patroling Vehicle,Classification of Accident,No of Affected Persons
27.06.2019,05:20PM,1205.15,RHS,Rural,Renigavaram ,Collision Brush/Side Wipe,,Bike  F/R,Minor injury,Fault of driver of motor vehicle/driver of other vehicle/cyclist/pedestrian/passenger,Four lanes or more with central divider,Straight road,,Fine, F/R,A.M.B & P.V,Grievous,0
27.06.2019,05:20PM,1205.15,RHS,Rural,Renigavaram ,Collision Brush/Side Wipe,,Bike  F/R,Minor injury,Fault of driver of motor vehicle/driver of other vehicle/cyclist/pedestrian/passenger,Four lanes or more with central divider,Straight road,,Fine, F/R,A.M.B & P.V,Minor,1
27.06.2019,05:20PM,1205.15,RHS,Rural,Renigavaram ,Collision Brush/Side Wipe,,Bike  F/R,Minor injury,Fault of driver of motor vehicle/driver of other vehicle/cyclist/pedestrian/passenger,Four lanes or more with central divider,Straight road,,Fine, F/R,A.M.B & P.V,Non injured,0
27.06.2019,05:20PM,1205.15,RHS,Rural,Renigavaram ,Collision Brush/Side Wipe,,Bike  F/R,Minor injury,Fault of driver of motor vehicle/driver of other vehicle/cyclist/pedestrian/passenger,Four lanes or more with central divider,Straight road,,Fine, F/R,A.M.B & P.V,"No of animals Killed,if Any",0
29.06.2019,03:45AM,1301.99,LHS,Rural,Gudluru ,Overturning,,Car                 ,Grievious injury,Fault of driver of motor vehicle/driver of other vehicle/cyclist/pedestrian/passenger,Four lanes or more with central divider,Straight road,,Fine,AP4AQ 9008,P.V,Fatal,0
29.06.2019,03:45AM,1301.99,LHS,Rural,Gudluru ,Overturning,,Car                 ,Grievious injury,Fault of driver of motor vehicle/driver of other vehicle/cyclist/pedestrian/passenger,Four lanes or more with central divider,Straight road,,Fine,AP4AQ 9008,P.V,Grievous,1
29.06.2019,03:45AM,1301.99,LHS,Rural,Gudluru ,Overturning,,Car                 ,Grievious injury,Fault of driver of motor vehicle/driver of other vehicle/cyclist/pedestrian/passenger,Four lanes or more with central divider,Straight road,,Fine,AP4AQ 9008,P.V,Minor,4
29.06.2019,03:45AM,1301.99,LHS,Rural,Gudluru ,Overturning,,Car                 ,Grievious injury,Fault of driver of motor vehicle/driver of other vehicle/cyclist/pedestrian/passenger,Four lanes or more with central divider,Straight road,,Fine,AP4AQ 9008,P.V,Non injured,0
29.06.2019,03:45AM,1301.99,LHS,Rural,Gudluru ,Overturning,,Car                 ,Grievious injury,Fault of driver of motor vehicle/driver of other vehicle/cyclist/pedestrian/passenger,Four lanes or more with central divider,Straight road,,Fine,AP4AQ 9008,P.V,"No of animals Killed,if Any",0
29.06.2019,04:45AM,1301.7,RHS,Rural,Gudluru ,Collision Brush/Side Wipe,,LGV,Non injury,Fault of driver of motor vehicle/driver of other vehicle/cyclist/pedestrian/passenger,Four lanes or more with central divider,Slight curve,,Fine,KA07A9175,P.V,Fatal,0
29.06.2019,04:45AM,1301.7,RHS,Rural,Gudluru ,Collision Brush/Side Wipe,,LGV,Non injury,Fault of driver of motor vehicle/driver of other vehicle/cyclist/pedestrian/passenger,Four lanes or more with central divider,Slight curve,,Fine,KA07A9175,P.V,Grievous,0
29.06.2019,04:45AM,1301.7,RHS,Rural,Gudluru ,Collision Brush/Side Wipe,,LGV,Non injury,Fault of driver of motor vehicle/driver of other vehicle/cyclist/pedestrian/passenger,Four lanes or more with central divider,Slight curve,,Fine,KA07A9175,P.V,Minor,0
29.06.2019,04:45AM,1301.7,RHS,Rural,Gudluru ,Collision Brush/Side Wipe,,LGV,Non injury,Fault of driver of motor vehicle/driver of other vehicle/cyclist/pedestrian/passenger,Four lanes or more with central divider,Slight curve,,Fine,KA07A9175,P.V,Non injured,4
29.06.2019,04:45AM,1301.7,RHS,Rural,Gudluru ,Collision Brush/Side Wipe,,LGV,Non injury,Fault of driver of motor vehicle/driver of other vehicle/cyclist/pedestrian/passenger,Four lanes or more with central divider,Slight curve,,Fine,KA07A9175,P.V,"No of animals Killed,if Any",0
29.06.2019,05:30AM,1304.75,LHS,Rural,Gudluru ,Collision Brush/Side Wipe,,Car                            ,Non injury,Defect in mechanical condition of motor vehicle/road condition,Four lanes or more with central divider,Slight curve,,Fine,AP27 BC 0195 ,P.V,Fatal,0
29.06.2019,05:30AM,1304.75,LHS,Rural,Gudluru ,Collision Brush/Side Wipe,,Car                            ,Non injury,Defect in mechanical condition of motor vehicle/road condition,Four lanes or more with central divider,Slight curve,,Fine,AP27 BC 0195 ,P.V,Grievous,0
29.06.2019,05:30AM,1304.75,LHS,Rural,Gudluru ,Collision Brush/Side Wipe,,Car                            ,Non injury,Defect in mechanical condition of motor vehicle/road condition,Four lanes or more with central divider,Slight curve,,Fine,AP27 BC 0195 ,P.V,Minor,0
29.06.2019,05:30AM,1304.75,LHS,Rural,Gudluru ,Collision Brush/Side Wipe,,Car                            ,Non injury,Defect in mechanical condition of motor vehicle/road condition,Four lanes or more with central divider,Slight curve,,Fine,AP27 BC 0195 ,P.V,Non injured,6
29.06.2019,05:30AM,1304.75,LHS,Rural,Gudluru ,Collision Brush/Side Wipe,,Car                            ,Non injury,Defect in mechanical condition of motor vehicle/road condition,Four lanes or more with central divider,Slight curve,,Fine,AP27 BC 0195 ,P.V,"No of animals Killed,if Any",0
29.06.2019,05:00PM,1277.1,LHS,Rural,Singarayakonda ,Collision Brush/Side Wipe,,Car                          ,Grievious injury,Fault of driver of motor vehicle/driver of other vehicle/cyclist/pedestrian/passenger,Four lanes or more with central divider,Straight road,T-Junction,Fine,AP04BY 3892 ,A.M.B & P.V,Fatal,0
29.06.2019,05:00PM,1277.1,LHS,Rural,Singarayakonda ,Collision Brush/Side Wipe,,Car                          ,Grievious injury,Fault of driver of motor vehicle/driver of other vehicle/cyclist/pedestrian/passenger,Four lanes or more with central divider,Straight road,T-Junction,Fine,AP04BY 3892 ,A.M.B & P.V,Grievous,1
29.06.2019,05:00PM,1277.1,LHS,Rural,Singarayakonda ,Collision Brush/Side Wipe,,Car                          ,Grievious injury,Fault of driver of motor vehicle/driver of other vehicle/cyclist/pedestrian/passenger,Four lanes or more with central divider,Straight road,T-Junction,Fine,AP04BY 3892 ,A.M.B & P.V,Minor,0
29.06.2019,05:00PM,1277.1,LHS,Rural,Singarayakonda ,Collision Brush/Side Wipe,,Car                          ,Grievious injury,Fault of driver of motor vehicle/driver of other vehicle/cyclist/pedestrian/passenger,Four lanes or more with central divider,Straight road,T-Junction,Fine,AP04BY 3892 ,A.M.B & P.V,Non injured,2
29.06.2019,05:00PM,1277.1,LHS,Rural,Singarayakonda ,Collision Brush/Side Wipe,,Car                          ,Grievious injury,Fault of driver of motor vehicle/driver of other vehicle/cyclist/pedestrian/passenger,Four lanes or more with central divider,Straight road,T-Junction,Fine,AP04BY 3892 ,A.M.B & P.V,"No of animals Killed,if Any",0
29.06.2019,05:50PM,1205.9,LHS,Rural,Renigavaram ,Overturning,,Car                            ,Non injury,Fault of driver of motor vehicle/driver of other vehicle/cyclist/pedestrian/passenger,Four lanes or more with central divider,Straight road,,Fine,AP27TV 1731 ,P.V,Fatal,0
29.06.2019,05:50PM,1205.9,LHS,Rural,Renigavaram ,Overturning,,Car                            ,Non injury,Fault of driver of motor vehicle/driver of other vehicle/cyclist/pedestrian/passenger,Four lanes or more with central divider,Straight road,,Fine,AP27TV 1731 ,P.V,Grievous,0
29.06.2019,05:50PM,1205.9,LHS,Rural,Renigavaram ,Overturning,,Car                            ,Non injury,Fault of driver of motor vehicle/driver of other vehicle/cyclist/pedestrian/passenger,Four lanes or more with central divider,Straight road,,Fine,AP27TV 1731 ,P.V,Minor,0
29.06.2019,05:50PM,1205.9,LHS,Rural,Renigavaram ,Overturning,,Car                            ,Non injury,Fault of driver of motor vehicle/driver of other vehicle/cyclist/pedestrian/passenger,Four lanes or more with central divider,Straight road,,Fine,AP27TV 1731 ,P.V,Non injured,1
29.06.2019,05:50PM,1205.9,LHS,Rural,Renigavaram ,Overturning,,Car                            ,Non injury,Fault of driver of motor vehicle/driver of other vehicle/cyclist/pedestrian/passenger,Four lanes or more with central divider,Straight road,,Fine,AP27TV 1731 ,P.V,"No of animals Killed,if Any",0
29.06.2019,07:35PM,1199.6,LHS,Rural,Martur ,Collision Brush/Side Wipe,,Unknown vehicle,Grievious injury,Over speed,Four lanes or more with central divider,Straight road,,Fine,Unknown vehicle,A.M.B ,Fatal,0
29.06.2019,07:35PM,1199.6,LHS,Rural,Martur ,Collision Brush/Side Wipe,,Unknown vehicle,Grievious injury,Over speed,Four lanes or more with central divider,Straight road,,Fine,Unknown vehicle,A.M.B ,Grievous,1
29.06.2019,07:35PM,1199.6,LHS,Rural,Martur ,Collision Brush/Side Wipe,,Unknown vehicle,Grievious injury,Over speed,Four lanes or more with central divider,Straight road,,Fine,Unknown vehicle,A.M.B ,Minor,1
29.06.2019,07:35PM,1199.6,LHS,Rural,Martur ,Collision Brush/Side Wipe,,Unknown vehicle,Grievious injury,Over speed,Four lanes or more with central divider,Straight road,,Fine,Unknown vehicle,A.M.B ,Non injured,0
29.06.2019,07:35PM,1199.6,LHS,Rural,Martur ,Collision Brush/Side Wipe,,Unknown vehicle,Grievious injury,Over speed,Four lanes or more with central divider,Straight road,,Fine,Unknown vehicle,A.M.B ,"No of animals Killed,if Any",0
01.07.2019,03:20AM,1233.55,LHS,Rural,Maddipadu ,Collision Brush/Side Wipe,,Bus,Non injury,Over speed,Four lanes or more with central divider,Straight road,T-Junction,Fine,PY05A5950,P.V,Fatal,0
01.07.2019,03:20AM,1233.55,LHS,Rural,Maddipadu ,Collision Brush/Side Wipe,,Bus,Non injury,Over speed,Four lanes or more with central divider,Straight road,T-Junction,Fine,PY05A5950,P.V,Grievous,0
01.07.2019,03:20AM,1233.55,LHS,Rural,Maddipadu ,Collision Brush/Side Wipe,,Bus,Non injury,Over speed,Four lanes or more with central divider,Straight road,T-Junction,Fine,PY05A5950,P.V,Minor,0
01.07.2019,03:20AM,1233.55,LHS,Rural,Maddipadu ,Collision Brush/Side Wipe,,Bus,Non injury,Over speed,Four lanes or more with central divider,Straight road,T-Junction,Fine,PY05A5950,P.V,Non injured,40
01.07.2019,03:20AM,1233.55,LHS,Rural,Maddipadu ,Collision Brush/Side Wipe,,Bus,Non injury,Over speed,Four lanes or more with central divider,Straight road,T-Junction,Fine,PY05A5950,P.V,"No of animals Killed,if Any",0
01.07.2019,06:10AM,1312.4,RHS,Rural,Kavali ,Collision Brush/Side Wipe,,Truck,Minor injury,Fault of driver of motor vehicle/driver of other vehicle/cyclist/pedestrian/passenger,Four lanes or more with central divider,Straight road,,Fine,AP16TD 1315,P.V,Fatal,0
01.07.2019,06:10AM,1312.4,RHS,Rural,Kavali ,Collision Brush/Side Wipe,,Truck,Minor injury,Fault of driver of motor vehicle/driver of other vehicle/cyclist/pedestrian/passenger,Four lanes or more with central divider,Straight road,,Fine,AP16TD 1315,P.V,Grievous,0
01.07.2019,06:10AM,1312.4,RHS,Rural,Kavali ,Collision Brush/Side Wipe,,Truck,Minor injury,Fault of driver of motor vehicle/driver of other vehicle/cyclist/pedestrian/passenger,Four lanes or more with central divider,Straight road,,Fine,AP16TD 1315,P.V,Minor,1
01.07.2019,06:10AM,1312.4,RHS,Rural,Kavali ,Collision Brush/Side Wipe,,Truck,Minor injury,Fault of driver of motor vehicle/driver of other vehicle/cyclist/pedestrian/passenger,Four lanes or more with central divider,Straight road,,Fine,AP16TD 1315,P.V,Non injured,2
01.07.2019,06:10AM,1312.4,RHS,Rural,Kavali ,Collision Brush/Side Wipe,,Truck,Minor injury,Fault of driver of motor vehicle/driver of other vehicle/cyclist/pedestrian/passenger,Four lanes or more with central divider,Straight road,,Fine,AP16TD 1315,P.V,"No of animals Killed,if Any",0
01.07.2019,10:00AM,1264.53,RHS,Rural,Tangutur ,Collision Brush/Side Wipe,,Car,Minor injury,Defect in mechanical condition of motor vehicle/road condition,Four lanes or more with central divider,Slight curve,,Fine, AP26BR  5091,A.M.B & P.V,Fatal,0
01.07.2019,10:00AM,1264.53,RHS,Rural,Tangutur ,Collision Brush/Side Wipe,,Car,Minor injury,Defect in mechanical condition of motor vehicle/road condition,Four lanes or more with central divider,Slight curve,,Fine, AP26BR  5091,A.M.B & P.V,Grievous,0
01.07.2019,10:00AM,1264.53,RHS,Rural,Tangutur ,Collision Brush/Side Wipe,,Car,Minor injury,Defect in mechanical condition of motor vehicle/road condition,Four lanes or more with central divider,Slight curve,,Fine, AP26BR  5091,A.M.B & P.V,Minor,3
01.07.2019,10:00AM,1264.53,RHS,Rural,Tangutur ,Collision Brush/Side Wipe,,Car,Minor injury,Defect in mechanical condition of motor vehicle/road condition,Four lanes or more with central divider,Slight curve,,Fine, AP26BR  5091,A.M.B & P.V,Non injured,1
01.07.2019,10:00AM,1264.53,RHS,Rural,Tangutur ,Collision Brush/Side Wipe,,Car,Minor injury,Defect in mechanical condition of motor vehicle/road condition,Four lanes or more with central divider,Slight curve,,Fine, AP26BR  5091,A.M.B & P.V,"No of animals Killed,if Any",0
01.07.2019,01:00PM,1205.44,LHS,Rural,Renangivaram ,Head on collision,,Unknown vehicle,Grievious injury,Druken,Four lanes or more with central divider,Straight road,,Fine,Unknown vehicle,A.M.B & P.V,Fatal,0
01.07.2019,01:00PM,1205.44,LHS,Rural,Renangivaram ,Head on collision,,Unknown vehicle,Grievious injury,Druken,Four lanes or more with central divider,Straight road,,Fine,Unknown vehicle,A.M.B & P.V,Grievous,1
01.07.2019,01:00PM,1205.44,LHS,Rural,Renangivaram ,Head on collision,,Unknown vehicle,Grievious injury,Druken,Four lanes or more with central divider,Straight road,,Fine,Unknown vehicle,A.M.B & P.V,Minor,1
01.07.2019,01:00PM,1205.44,LHS,Rural,Renangivaram ,Head on collision,,Unknown vehicle,Grievious injury,Druken,Four lanes or more with central divider,Straight road,,Fine,Unknown vehicle,A.M.B & P.V,Non injured,1
01.07.2019,01:00PM,1205.44,LHS,Rural,Renangivaram ,Head on collision,,Unknown vehicle,Grievious injury,Druken,Four lanes or more with central divider,Straight road,,Fine,Unknown vehicle,A.M.B & P.V,"No of animals Killed,if Any",0
02.07.2019,00:40AM,1354.7,RHS,Rural,Kodavaluru ,Collision Brush/Side Wipe,,Unknown vehicle,Non injury,Over speed,Four lanes or more with central divider,Straight road,,Fine,Unknown   Vehicle,P.V,Fatal,0
02.07.2019,00:40AM,1354.7,RHS,Rural,Kodavaluru ,Collision Brush/Side Wipe,,Unknown vehicle,Non injury,Over speed,Four lanes or more with central divider,Straight road,,Fine,Unknown   Vehicle,P.V,Grievous,0
02.07.2019,00:40AM,1354.7,RHS,Rural,Kodavaluru ,Collision Brush/Side Wipe,,Unknown vehicle,Non injury,Over speed,Four lanes or more with central divider,Straight road,,Fine,Unknown   Vehicle,P.V,Minor,0
02.07.2019,00:40AM,1354.7,RHS,Rural,Kodavaluru ,Collision Brush/Side Wipe,,Unknown vehicle,Non injury,Over speed,Four lanes or more with central divider,Straight road,,Fine,Unknown   Vehicle,P.V,Non injured,0
02.07.2019,00:40AM,1354.7,RHS,Rural,Kodavaluru ,Collision Brush/Side Wipe,,Unknown vehicle,Non injury,Over speed,Four lanes or more with central divider,Straight road,,Fine,Unknown   Vehicle,P.V,"No of animals Killed,if Any",1
02.07.2019,06:50AM,1325.12,LHS,Rural,Kavali ,Overturning,,Truck,Non injury,Fault of driver of motor vehicle/driver of other vehicle/cyclist/pedestrian/passenger,Four lanes or more with central divider,Straight road,,Fine,TN57BB 1804,P.V,Fatal,0
02.07.2019,06:50AM,1325.12,LHS,Rural,Kavali ,Overturning,,Truck,Non injury,Fault of driver of motor vehicle/driver of other vehicle/cyclist/pedestrian/passenger,Four lanes or more with central divider,Straight road,,Fine,TN57BB 1804,P.V,Grievous,0
02.07.2019,06:50AM,1325.12,LHS,Rural,Kavali ,Overturning,,Truck,Non injury,Fault of driver of motor vehicle/driver of other vehicle/cyclist/pedestrian/passenger,Four lanes or more with central divider,Straight road,,Fine,TN57BB 1804,P.V,Minor,0
02.07.2019,06:50AM,1325.12,LHS,Rural,Kavali ,Overturning,,Truck,Non injury,Fault of driver of motor vehicle/driver of other vehicle/cyclist/pedestrian/passenger,Four lanes or more with central divider,Straight road,,Fine,TN57BB 1804,P.V,Non injured,2
02.07.2019,06:50AM,1325.12,LHS,Rural,Kavali ,Overturning,,Truck,Non injury,Fault of driver of motor vehicle/driver of other vehicle/cyclist/pedestrian/passenger,Four lanes or more with central divider,Straight road,,Fine,TN57BB 1804,P.V,"No of animals Killed,if Any",0
02.07.2019,05:55PM,1205.94,LHS,Rural,Renangivaram ,Collision Brush/Side Wipe,,Car,Non injury,Druken,Four lanes or more with central divider,Straight road,,Fine, AP07AW 9599 ,P.V,Fatal,0
02.07.2019,05:55PM,1205.94,LHS,Rural,Renangivaram ,Collision Brush/Side Wipe,,Car,Non injury,Druken,Four lanes or more with central divider,Straight road,,Fine, AP07AW 9599 ,P.V,Grievous,0
02.07.2019,05:55PM,1205.94,LHS,Rural,Renangivaram ,Collision Brush/Side Wipe,,Car,Non injury,Druken,Four lanes or more with central divider,Straight road,,Fine, AP07AW 9599 ,P.V,Minor,0
02.07.2019,05:55PM,1205.94,LHS,Rural,Renangivaram ,Collision Brush/Side Wipe,,Car,Non injury,Druken,Four lanes or more with central divider,Straight road,,Fine, AP07AW 9599 ,P.V,Non injured,4
02.07.2019,05:55PM,1205.94,LHS,Rural,Renangivaram ,Collision Brush/Side Wipe,,Car,Non injury,Druken,Four lanes or more with central divider,Straight road,,Fine, AP07AW 9599 ,P.V,"No of animals Killed,if Any",0
03.07.2019,00:11AM,1277.4,RHS,Rural,Singarayakonda ,Collision Brush/Side Wipe,,Car                             ,Fatal,Fault of driver of motor vehicle/driver of other vehicle/cyclist/pedestrian/passenger,Four lanes or more with central divider,Straight road,,Fine,AP31TD 0699 ,P.V,Fatal,1
03.07.2019,00:11AM,1277.4,RHS,Rural,Singarayakonda ,Collision Brush/Side Wipe,,Car                             ,Fatal,Fault of driver of motor vehicle/driver of other vehicle/cyclist/pedestrian/passenger,Four lanes or more with central divider,Straight road,,Fine,AP31TD 0699 ,P.V,Grievous,3
03.07.2019,00:11AM,1277.4,RHS,Rural,Singarayakonda ,Collision Brush/Side Wipe,,Car                             ,Fatal,Fault of driver of motor vehicle/driver of other vehicle/cyclist/pedestrian/passenger,Four lanes or more with central divider,Straight road,,Fine,AP31TD 0699 ,P.V,Minor,0
03.07.2019,00:11AM,1277.4,RHS,Rural,Singarayakonda ,Collision Brush/Side Wipe,,Car                             ,Fatal,Fault of driver of motor vehicle/driver of other vehicle/cyclist/pedestrian/passenger,Four lanes or more with central divider,Straight road,,Fine,AP31TD 0699 ,P.V,Non injured,0
03.07.2019,00:11AM,1277.4,RHS,Rural,Singarayakonda ,Collision Brush/Side Wipe,,Car                             ,Fatal,Fault of driver of motor vehicle/driver of other vehicle/cyclist/pedestrian/passenger,Four lanes or more with central divider,Straight road,,Fine,AP31TD 0699 ,P.V,"No of animals Killed,if Any",0
04.07.2019,04:10AM,1330.1,RHS,Rural,Kavali ,Collision Brush/Side Wipe,,Unknown vehicle                  ,Grievious injury,Fault of driver of motor vehicle/driver of other vehicle/cyclist/pedestrian/passenger,Four lanes or more with central divider,Straight road,,Fine,Unknown vehicle                  ,A.M.B & P.V,Fatal,0
04.07.2019,04:10AM,1330.1,RHS,Rural,Kavali ,Collision Brush/Side Wipe,,Unknown vehicle                  ,Grievious injury,Fault of driver of motor vehicle/driver of other vehicle/cyclist/pedestrian/passenger,Four lanes or more with central divider,Straight road,,Fine,Unknown vehicle                  ,A.M.B & P.V,Grievous,1
04.07.2019,04:10AM,1330.1,RHS,Rural,Kavali ,Collision Brush/Side Wipe,,Unknown vehicle                  ,Grievious injury,Fault of driver of motor vehicle/driver of other vehicle/cyclist/pedestrian/passenger,Four lanes or more with central divider,Straight road,,Fine,Unknown vehicle                  ,A.M.B & P.V,Minor,1
04.07.2019,04:10AM,1330.1,RHS,Rural,Kavali ,Collision Brush/Side Wipe,,Unknown vehicle                  ,Grievious injury,Fault of driver of motor vehicle/driver of other vehicle/cyclist/pedestrian/passenger,Four lanes or more with central divider,Straight road,,Fine,Unknown vehicle                  ,A.M.B & P.V,Non injured,0
04.07.2019,04:10AM,1330.1,RHS,Rural,Kavali ,Collision Brush/Side Wipe,,Unknown vehicle                  ,Grievious injury,Fault of driver of motor vehicle/driver of other vehicle/cyclist/pedestrian/passenger,Four lanes or more with central divider,Straight road,,Fine,Unknown vehicle                  ,A.M.B & P.V,"No of animals Killed,if Any",0
04.07.2019,07:40AM,1326,LHS,Rural,Kavali ,Rear End Collision,,Bike               ,Minor injury,Fault of driver of motor vehicle/driver of other vehicle/cyclist/pedestrian/passenger,Four lanes or more with central divider,Straight road,,Fine,AP39AG 2637,A.M.B,Fatal,0
04.07.2019,07:40AM,1326,LHS,Rural,Kavali ,Rear End Collision,,Bike               ,Minor injury,Fault of driver of motor vehicle/driver of other vehicle/cyclist/pedestrian/passenger,Four lanes or more with central divider,Straight road,,Fine,AP39AG 2637,A.M.B,Grievous,0
04.07.2019,07:40AM,1326,LHS,Rural,Kavali ,Rear End Collision,,Bike               ,Minor injury,Fault of driver of motor vehicle/driver of other vehicle/cyclist/pedestrian/passenger,Four lanes or more with central divider,Straight road,,Fine,AP39AG 2637,A.M.B,Minor,3
04.07.2019,07:40AM,1326,LHS,Rural,Kavali ,Rear End Collision,,Bike               ,Minor injury,Fault of driver of motor vehicle/driver of other vehicle/cyclist/pedestrian/passenger,Four lanes or more with central divider,Straight road,,Fine,AP39AG 2637,A.M.B,Non injured,1
04.07.2019,07:40AM,1326,LHS,Rural,Kavali ,Rear End Collision,,Bike               ,Minor injury,Fault of driver of motor vehicle/driver of other vehicle/cyclist/pedestrian/passenger,Four lanes or more with central divider,Straight road,,Fine,AP39AG 2637,A.M.B,"No of animals Killed,if Any",0
04.07.2019,12:27PM,1263.2,RHS,Rural,Tangutur ,Collision Brush/Side Wipe,,Unknown vehicle                  ,Minor injury,Over speed,Four lanes or more with central divider,Straight road,,Fine,Unknown vehicle                  ,A.M.B,Fatal,0
04.07.2019,12:27PM,1263.2,RHS,Rural,Tangutur ,Collision Brush/Side Wipe,,Unknown vehicle                  ,Minor injury,Over speed,Four lanes or more with central divider,Straight road,,Fine,Unknown vehicle                  ,A.M.B,Grievous,0
04.07.2019,12:27PM,1263.2,RHS,Rural,Tangutur ,Collision Brush/Side Wipe,,Unknown vehicle                  ,Minor injury,Over speed,Four lanes or more with central divider,Straight road,,Fine,Unknown vehicle                  ,A.M.B,Minor,1
04.07.2019,12:27PM,1263.2,RHS,Rural,Tangutur ,Collision Brush/Side Wipe,,Unknown vehicle                  ,Minor injury,Over speed,Four lanes or more with central divider,Straight road,,Fine,Unknown vehicle                  ,A.M.B,Non injured,0
04.07.2019,12:27PM,1263.2,RHS,Rural,Tangutur ,Collision Brush/Side Wipe,,Unknown vehicle                  ,Minor injury,Over speed,Four lanes or more with central divider,Straight road,,Fine,Unknown vehicle                  ,A.M.B,"No of animals Killed,if Any",0
04.07.2019,22:40PM,1288.04,LHS,Rural,Ulavapadu ,Overturning,,Bolero               ,Non injury,Defect in mechanical condition of motor vehicle/road condition,Four lanes or more with central divider,Straight road,,Fine,TN30AS 8049 ,P.V,Fatal,0
04.07.2019,22:40PM,1288.04,LHS,Rural,Ulavapadu ,Overturning,,Bolero               ,Non injury,Defect in mechanical condition of motor vehicle/road condition,Four lanes or more with central divider,Straight road,,Fine,TN30AS 8049 ,P.V,Grievous,0
04.07.2019,22:40PM,1288.04,LHS,Rural,Ulavapadu ,Overturning,,Bolero               ,Non injury,Defect in mechanical condition of motor vehicle/road condition,Four lanes or more with central divider,Straight road,,Fine,TN30AS 8049 ,P.V,Minor,0
04.07.2019,22:40PM,1288.04,LHS,Rural,Ulavapadu ,Overturning,,Bolero               ,Non injury,Defect in mechanical condition of motor vehicle/road condition,Four lanes or more with central divider,Straight road,,Fine,TN30AS 8049 ,P.V,Non injured,2
04.07.2019,22:40PM,1288.04,LHS,Rural,Ulavapadu ,Overturning,,Bolero               ,Non injury,Defect in mechanical condition of motor vehicle/road condition,Four lanes or more with central divider,Straight road,,Fine,TN30AS 8049 ,P.V,"No of animals Killed,if Any",0
05.07.2019,01:50AM,1222.2,RHS,Rural,Medarametla ,Collision Brush/Side Wipe,,Oil tanker ,Non injury,Fault of driver of motor vehicle/driver of other vehicle/cyclist/pedestrian/passenger,Four lanes or more with central divider,Straight road,,Fine,AP26TE 3537,P.V,Fatal,0
05.07.2019,01:50AM,1222.2,RHS,Rural,Medarametla ,Collision Brush/Side Wipe,,Oil tanker ,Non injury,Fault of driver of motor vehicle/driver of other vehicle/cyclist/pedestrian/passenger,Four lanes or more with central divider,Straight road,,Fine,AP26TE 3537,P.V,Grievous,0
05.07.2019,01:50AM,1222.2,RHS,Rural,Medarametla ,Collision Brush/Side Wipe,,Oil tanker ,Non injury,Fault of driver of motor vehicle/driver of other vehicle/cyclist/pedestrian/passenger,Four lanes or more with central divider,Straight road,,Fine,AP26TE 3537,P.V,Minor,0
05.07.2019,01:50AM,1222.2,RHS,Rural,Medarametla ,Collision Brush/Side Wipe,,Oil tanker ,Non injury,Fault of driver of motor vehicle/driver of other vehicle/cyclist/pedestrian/passenger,Four lanes or more with central divider,Straight road,,Fine,AP26TE 3537,P.V,Non injured,2
05.07.2019,01:50AM,1222.2,RHS,Rural,Medarametla ,Collision Brush/Side Wipe,,Oil tanker ,Non injury,Fault of driver of motor vehicle/driver of other vehicle/cyclist/pedestrian/passenger,Four lanes or more with central divider,Straight road,,Fine,AP26TE 3537,P.V,"No of animals Killed,if Any",0
05.07.2019,20:45PM,1206.98,LHS,Rural,Renigavaram ,Collision Brush/Side Wipe,,Bike               ,Grievious injury,Druken,Four lanes or more with central divider,Straight road,,Fine,AP27CH 0697,A.M.B & P.V,Fatal,0
05.07.2019,20:45PM,1206.98,LHS,Rural,Renigavaram ,Collision Brush/Side Wipe,,Bike               ,Grievious injury,Druken,Four lanes or more with central divider,Straight road,,Fine,AP27CH 0697,A.M.B & P.V,Grievous,1
05.07.2019,20:45PM,1206.98,LHS,Rural,Renigavaram ,Collision Brush/Side Wipe,,Bike               ,Grievious injury,Druken,Four lanes or more with central divider,Straight road,,Fine,AP27CH 0697,A.M.B & P.V,Minor,0
05.07.2019,20:45PM,1206.98,LHS,Rural,Renigavaram ,Collision Brush/Side Wipe,,Bike               ,Grievious injury,Druken,Four lanes or more with central divider,Straight road,,Fine,AP27CH 0697,A.M.B & P.V,Non injured,3