Operational date,Time of Accident,KM && M,Position,Rural/Urban,Location,Nature of Accident Position,Nature of Accident,Vehicle Involved,Type of Accident,Causes,Road Feature,Road condition,Intersection Type And Control,Weather Condition,Vehicle Responsible,Help Provided by Ambulance/Patroling Vehicle,Classification of Accident,No of Affected Persons
05.07.2019,20:45PM,1206.98,LHS,Rural,Renigavaram ,Collision Brush/Side Wipe,,Bike               ,Grievious injury,Druken,Four lanes or more with central divider,Straight road,,Fine,AP27CH 0697,A.M.B & P.V,"No of animals Killed,if Any",0
06.07.2019,07:16AM,1292.5,RHS,Rural,Ulavapadu ,Collision Brush/Side Wipe,,Car ,Minor injury,Fault of driver of motor vehicle/driver of other vehicle/cyclist/pedestrian/passenger,Four lanes or more with central divider,Straight road,,Fine,AP07TV 7809,A.M.B,Fatal,0
06.07.2019,07:16AM,1292.5,RHS,Rural,Ulavapadu ,Collision Brush/Side Wipe,,Car ,Minor injury,Fault of driver of motor vehicle/driver of other vehicle/cyclist/pedestrian/passenger,Four lanes or more with central divider,Straight road,,Fine,AP07TV 7809,A.M.B,Grievous,0
06.07.2019,07:16AM,1292.5,RHS,Rural,Ulavapadu ,Collision Brush/Side Wipe,,Car ,Minor injury,Fault of driver of motor vehicle/driver of other vehicle/cyclist/pedestrian/passenger,Four lanes or more with central divider,Straight road,,Fine,AP07TV 7809,A.M.B,Minor,2
06.07.2019,07:16AM,1292.5,RHS,Rural,Ulavapadu ,Collision Brush/Side Wipe,,Car ,Minor injury,Fault of driver of motor vehicle/driver of other vehicle/cyclist/pedestrian/passenger,Four lanes or more with central divider,Straight road,,Fine,AP07TV 7809,A.M.B,Non injured,1
06.07.2019,07:16AM,1292.5,RHS,Rural,Ulavapadu ,Collision Brush/Side Wipe,,Car ,Minor injury,Fault of driver of motor vehicle/driver of other vehicle/cyclist/pedestrian/passenger,Four lanes or more with central divider,Straight road,,Fine,AP07TV 7809,A.M.B,"No of animals Killed,if Any",0
07.07.2019,02:45AM,1222.32,RHS,Rural,Medarametla ,Collision Brush/Side Wipe,,Truck,Non injury,Fault of driver of motor vehicle/driver of other vehicle/cyclist/pedestrian/passenger,Four lanes or more with central divider,Straight road,,Fine,KA56 4299,P.V,Fatal,0
07.07.2019,02:45AM,1222.32,RHS,Rural,Medarametla ,Collision Brush/Side Wipe,,Truck,Non injury,Fault of driver of motor vehicle/driver of other vehicle/cyclist/pedestrian/passenger,Four lanes or more with central divider,Straight road,,Fine,KA56 4299,P.V,Grievous,0
07.07.2019,02:45AM,1222.32,RHS,Rural,Medarametla ,Collision Brush/Side Wipe,,Truck,Non injury,Fault of driver of motor vehicle/driver of other vehicle/cyclist/pedestrian/passenger,Four lanes or more with central divider,Straight road,,Fine,KA56 4299,P.V,Minor,0
07.07.2019,02:45AM,1222.32,RHS,Rural,Medarametla ,Collision Brush/Side Wipe,,Truck,Non injury,Fault of driver of motor vehicle/driver of other vehicle/cyclist/pedestrian/passenger,Four lanes or more with central divider,Straight road,,Fine,KA56 4299,P.V,Non injured,1
07.07.2019,02:45AM,1222.32,RHS,Rural,Medarametla ,Collision Brush/Side Wipe,,Truck,Non injury,Fault of driver of motor vehicle/driver of other vehicle/cyclist/pedestrian/passenger,Four lanes or more with central divider,Straight road,,Fine,KA56 4299,P.V,"No of animals Killed,if Any",0
07.07.2019,09:30AM,1319.7,RHS,Rural,Kavali ,Head on collision,,Truck,Minor injury,Fault of driver of motor vehicle/driver of other vehicle/cyclist/pedestrian/passenger,Four lanes or more with central divider,Straight road,,Fine,AP07TJ           2358,P.V,Fatal,0
07.07.2019,09:30AM,1319.7,RHS,Rural,Kavali ,Head on collision,,Truck,Minor injury,Fault of driver of motor vehicle/driver of other vehicle/cyclist/pedestrian/passenger,Four lanes or more with central divider,Straight road,,Fine,AP07TJ           2358,P.V,Grievous,0
07.07.2019,09:30AM,1319.7,RHS,Rural,Kavali ,Head on collision,,Truck,Minor injury,Fault of driver of motor vehicle/driver of other vehicle/cyclist/pedestrian/passenger,Four lanes or more with central divider,Straight road,,Fine,AP07TJ           2358,P.V,Minor,1
07.07.2019,09:30AM,1319.7,RHS,Rural,Kavali ,Head on collision,,Truck,Minor injury,Fault of driver of motor vehicle/driver of other vehicle/cyclist/pedestrian/passenger,Four lanes or more with central divider,Straight road,,Fine,AP07TJ           2358,P.V,Non injured,1
07.07.2019,09:30AM,1319.7,RHS,Rural,Kavali ,Head on collision,,Truck,Minor injury,Fault of driver of motor vehicle/driver of other vehicle/cyclist/pedestrian/passenger,Four lanes or more with central divider,Straight road,,Fine,AP07TJ           2358,P.V,"No of animals Killed,if Any",0
07.07.2019,10:15AM,1319.7,LHS,Rural,Kavali ,Head on collision,,Truck,Non injury,Fault of driver of motor vehicle/driver of other vehicle/cyclist/pedestrian/passenger,Four lanes or more with central divider,Straight road,,Fine,AP27Y         8589,P.V,Fatal,0
07.07.2019,10:15AM,1319.7,LHS,Rural,Kavali ,Head on collision,,Truck,Non injury,Fault of driver of motor vehicle/driver of other vehicle/cyclist/pedestrian/passenger,Four lanes or more with central divider,Straight road,,Fine,AP27Y         8589,P.V,Grievous,0
07.07.2019,10:15AM,1319.7,LHS,Rural,Kavali ,Head on collision,,Truck,Non injury,Fault of driver of motor vehicle/driver of other vehicle/cyclist/pedestrian/passenger,Four lanes or more with central divider,Straight road,,Fine,AP27Y         8589,P.V,Minor,0
07.07.2019,10:15AM,1319.7,LHS,Rural,Kavali ,Head on collision,,Truck,Non injury,Fault of driver of motor vehicle/driver of other vehicle/cyclist/pedestrian/passenger,Four lanes or more with central divider,Straight road,,Fine,AP27Y         8589,P.V,Non injured,3
07.07.2019,10:15AM,1319.7,LHS,Rural,Kavali ,Head on collision,,Truck,Non injury,Fault of driver of motor vehicle/driver of other vehicle/cyclist/pedestrian/passenger,Four lanes or more with central divider,Straight road,,Fine,AP27Y         8589,P.V,"No of animals Killed,if Any",0
08.07.2019,04:28AM,1326.6,RHS,Rural,Kavali ,Rear End Collision,,Long Trailer    ,Grievious injury,Fault of driver of motor vehicle/driver of other vehicle/cyclist/pedestrian/passenger,Four lanes or more with central divider,Straight road,,Fine,AP27TT   4747,A.M.B & P.V,Fatal,0
08.07.2019,04:28AM,1326.6,RHS,Rural,Kavali ,Rear End Collision,,Long Trailer    ,Grievious injury,Fault of driver of motor vehicle/driver of other vehicle/cyclist/pedestrian/passenger,Four lanes or more with central divider,Straight road,,Fine,AP27TT   4747,A.M.B & P.V,Grievous,1
08.07.2019,04:28AM,1326.6,RHS,Rural,Kavali ,Rear End Collision,,Long Trailer    ,Grievious injury,Fault of driver of motor vehicle/driver of other vehicle/cyclist/pedestrian/passenger,Four lanes or more with central divider,Straight road,,Fine,AP27TT   4747,A.M.B & P.V,Minor,0
08.07.2019,04:28AM,1326.6,RHS,Rural,Kavali ,Rear End Collision,,Long Trailer    ,Grievious injury,Fault of driver of motor vehicle/driver of other vehicle/cyclist/pedestrian/passenger,Four lanes or more with central divider,Straight road,,Fine,AP27TT   4747,A.M.B & P.V,Non injured,3
08.07.2019,04:28AM,1326.6,RHS,Rural,Kavali ,Rear End Collision,,Long Trailer    ,Grievious injury,Fault of driver of motor vehicle/driver of other vehicle/cyclist/pedestrian/passenger,Four lanes or more with central divider,Straight road,,Fine,AP27TT   4747,A.M.B & P.V,"No of animals Killed,if Any",0
08.07.2019,11:25AM,1349.76,RHS,Rural,Kodavaluru ,Collision Brush/Side Wipe,,LCV,Non injury,Fault of driver of motor vehicle/driver of other vehicle/cyclist/pedestrian/passenger,Four lanes or more with central divider,Straight road,,Fine,TN32AQ        7246,P.V,Fatal,0
08.07.2019,11:25AM,1349.76,RHS,Rural,Kodavaluru ,Collision Brush/Side Wipe,,LCV,Non injury,Fault of driver of motor vehicle/driver of other vehicle/cyclist/pedestrian/passenger,Four lanes or more with central divider,Straight road,,Fine,TN32AQ        7246,P.V,Grievous,0
08.07.2019,11:25AM,1349.76,RHS,Rural,Kodavaluru ,Collision Brush/Side Wipe,,LCV,Non injury,Fault of driver of motor vehicle/driver of other vehicle/cyclist/pedestrian/passenger,Four lanes or more with central divider,Straight road,,Fine,TN32AQ        7246,P.V,Minor,0
08.07.2019,11:25AM,1349.76,RHS,Rural,Kodavaluru ,Collision Brush/Side Wipe,,LCV,Non injury,Fault of driver of motor vehicle/driver of other vehicle/cyclist/pedestrian/passenger,Four lanes or more with central divider,Straight road,,Fine,TN32AQ        7246,P.V,Non injured,2
08.07.2019,11:25AM,1349.76,RHS,Rural,Kodavaluru ,Collision Brush/Side Wipe,,LCV,Non injury,Fault of driver of motor vehicle/driver of other vehicle/cyclist/pedestrian/passenger,Four lanes or more with central divider,Straight road,,Fine,TN32AQ        7246,P.V,"No of animals Killed,if Any",0
08.07.2019,03:40PM,1208.8,LHS,Rural,Renangivaram ,Collision Brush/Side Wipe,,Bike              ,Minor injury,Druken,Four lanes or more with central divider,Straight road,,Fine,AP27J                 5592,A.M.B,Fatal,0
08.07.2019,03:40PM,1208.8,LHS,Rural,Renangivaram ,Collision Brush/Side Wipe,,Bike              ,Minor injury,Druken,Four lanes or more with central divider,Straight road,,Fine,AP27J                 5592,A.M.B,Grievous,0
08.07.2019,03:40PM,1208.8,LHS,Rural,Renangivaram ,Collision Brush/Side Wipe,,Bike              ,Minor injury,Druken,Four lanes or more with central divider,Straight road,,Fine,AP27J                 5592,A.M.B,Minor,2
08.07.2019,03:40PM,1208.8,LHS,Rural,Renangivaram ,Collision Brush/Side Wipe,,Bike              ,Minor injury,Druken,Four lanes or more with central divider,Straight road,,Fine,AP27J                 5592,A.M.B,Non injured,0
08.07.2019,03:40PM,1208.8,LHS,Rural,Renangivaram ,Collision Brush/Side Wipe,,Bike              ,Minor injury,Druken,Four lanes or more with central divider,Straight road,,Fine,AP27J                 5592,A.M.B,"No of animals Killed,if Any",0
09.07.2019,10:40AM,1199.6,LHS,Rural,Renangivaram ,Collision Brush/Side Wipe,,Long Trailer ,Minor injury,Fault of driver of motor vehicle/driver of other vehicle/cyclist/pedestrian/passenger,Four lanes or more with central divider,Straight road,,Fine,RJ40GA           2706,A.M.B & P.V,Fatal,0
09.07.2019,10:40AM,1199.6,LHS,Rural,Renangivaram ,Collision Brush/Side Wipe,,Long Trailer ,Minor injury,Fault of driver of motor vehicle/driver of other vehicle/cyclist/pedestrian/passenger,Four lanes or more with central divider,Straight road,,Fine,RJ40GA           2706,A.M.B & P.V,Grievous,0
09.07.2019,10:40AM,1199.6,LHS,Rural,Renangivaram ,Collision Brush/Side Wipe,,Long Trailer ,Minor injury,Fault of driver of motor vehicle/driver of other vehicle/cyclist/pedestrian/passenger,Four lanes or more with central divider,Straight road,,Fine,RJ40GA           2706,A.M.B & P.V,Minor,1
09.07.2019,10:40AM,1199.6,LHS,Rural,Renangivaram ,Collision Brush/Side Wipe,,Long Trailer ,Minor injury,Fault of driver of motor vehicle/driver of other vehicle/cyclist/pedestrian/passenger,Four lanes or more with central divider,Straight road,,Fine,RJ40GA           2706,A.M.B & P.V,Non injured,1
09.07.2019,10:40AM,1199.6,LHS,Rural,Renangivaram ,Collision Brush/Side Wipe,,Long Trailer ,Minor injury,Fault of driver of motor vehicle/driver of other vehicle/cyclist/pedestrian/passenger,Four lanes or more with central divider,Straight road,,Fine,RJ40GA           2706,A.M.B & P.V,"No of animals Killed,if Any",0
11.07.2019,01:20AM,1297.1,RHS,Rural,Ulavapadu ,Collision Brush/Side Wipe,,Truck,Non injury,Druken,Four lanes or more with central divider,Straight road,,Fine,AP0TW      6889,P.V,Fatal,0
11.07.2019,01:20AM,1297.1,RHS,Rural,Ulavapadu ,Collision Brush/Side Wipe,,Truck,Non injury,Druken,Four lanes or more with central divider,Straight road,,Fine,AP0TW      6889,P.V,Grievous,0
11.07.2019,01:20AM,1297.1,RHS,Rural,Ulavapadu ,Collision Brush/Side Wipe,,Truck,Non injury,Druken,Four lanes or more with central divider,Straight road,,Fine,AP0TW      6889,P.V,Minor,0
11.07.2019,01:20AM,1297.1,RHS,Rural,Ulavapadu ,Collision Brush/Side Wipe,,Truck,Non injury,Druken,Four lanes or more with central divider,Straight road,,Fine,AP0TW      6889,P.V,Non injured,1
11.07.2019,01:20AM,1297.1,RHS,Rural,Ulavapadu ,Collision Brush/Side Wipe,,Truck,Non injury,Druken,Four lanes or more with central divider,Straight road,,Fine,AP0TW      6889,P.V,"No of animals Killed,if Any",0
11.07.2019,05:00AM,1297.34,RHS,Rural,Guduluru ,Overturning,,Truck,Non injury,Fault of driver of motor vehicle/driver of other vehicle/cyclist/pedestrian/passenger,Four lanes or more with central divider,Straight road,,Fine,WB03D 4859,P.V,Fatal,0
11.07.2019,05:00AM,1297.34,RHS,Rural,Guduluru ,Overturning,,Truck,Non injury,Fault of driver of motor vehicle/driver of other vehicle/cyclist/pedestrian/passenger,Four lanes or more with central divider,Straight road,,Fine,WB03D 4859,P.V,Grievous,0
11.07.2019,05:00AM,1297.34,RHS,Rural,Guduluru ,Overturning,,Truck,Non injury,Fault of driver of motor vehicle/driver of other vehicle/cyclist/pedestrian/passenger,Four lanes or more with central divider,Straight road,,Fine,WB03D 4859,P.V,Minor,0
11.07.2019,05:00AM,1297.34,RHS,Rural,Guduluru ,Overturning,,Truck,Non injury,Fault of driver of motor vehicle/driver of other vehicle/cyclist/pedestrian/passenger,Four lanes or more with central divider,Straight road,,Fine,WB03D 4859,P.V,Non injured,2
11.07.2019,05:00AM,1297.34,RHS,Rural,Guduluru ,Overturning,,Truck,Non injury,Fault of driver of motor vehicle/driver of other vehicle/cyclist/pedestrian/passenger,Four lanes or more with central divider,Straight road,,Fine,WB03D 4859,P.V,"No of animals Killed,if Any",0
11.07.2019,05:40AM,1276.2,LHS,Rural,Singarayakonda ,Rear End Collision,,Tipper                   ,Grievious injury,Over speed,Four lanes or more with central divider,Straight road,,Fine,TN18AS 8511,P.V,Fatal,0
11.07.2019,05:40AM,1276.2,LHS,Rural,Singarayakonda ,Rear End Collision,,Tipper                   ,Grievious injury,Over speed,Four lanes or more with central divider,Straight road,,Fine,TN18AS 8511,P.V,Grievous,2
11.07.2019,05:40AM,1276.2,LHS,Rural,Singarayakonda ,Rear End Collision,,Tipper                   ,Grievious injury,Over speed,Four lanes or more with central divider,Straight road,,Fine,TN18AS 8511,P.V,Minor,0
11.07.2019,05:40AM,1276.2,LHS,Rural,Singarayakonda ,Rear End Collision,,Tipper                   ,Grievious injury,Over speed,Four lanes or more with central divider,Straight road,,Fine,TN18AS 8511,P.V,Non injured,0
11.07.2019,05:40AM,1276.2,LHS,Rural,Singarayakonda ,Rear End Collision,,Tipper                   ,Grievious injury,Over speed,Four lanes or more with central divider,Straight road,,Fine,TN18AS 8511,P.V,"No of animals Killed,if Any",0
11.07.2019,09:05AM,1299.4,RHS,Rural,Guduluru ,Collision Brush/Side Wipe,,Car                  ,Non injury,Defect in mechanical condition of motor vehicle/road condition,Four lanes or more with central divider,Straight road,,Fine,AP26 AS 79,P.V,Fatal,0
11.07.2019,09:05AM,1299.4,RHS,Rural,Guduluru ,Collision Brush/Side Wipe,,Car                  ,Non injury,Defect in mechanical condition of motor vehicle/road condition,Four lanes or more with central divider,Straight road,,Fine,AP26 AS 79,P.V,Grievous,0
11.07.2019,09:05AM,1299.4,RHS,Rural,Guduluru ,Collision Brush/Side Wipe,,Car                  ,Non injury,Defect in mechanical condition of motor vehicle/road condition,Four lanes or more with central divider,Straight road,,Fine,AP26 AS 79,P.V,Minor,0
11.07.2019,09:05AM,1299.4,RHS,Rural,Guduluru ,Collision Brush/Side Wipe,,Car                  ,Non injury,Defect in mechanical condition of motor vehicle/road condition,Four lanes or more with central divider,Straight road,,Fine,AP26 AS 79,P.V,Non injured,2
11.07.2019,09:05AM,1299.4,RHS,Rural,Guduluru ,Collision Brush/Side Wipe,,Car                  ,Non injury,Defect in mechanical condition of motor vehicle/road condition,Four lanes or more with central divider,Straight road,,Fine,AP26 AS 79,P.V,"No of animals Killed,if Any",0
11.07.2019,11:23AM,1211.8,LHS,Rural,Medarametla ,Skidding,,Bike                ,Minor injury,Over speed,Four lanes or more with central divider,Straight road,,Fine,AP27BT     3139, A.M.B,Fatal,0
11.07.2019,11:23AM,1211.8,LHS,Rural,Medarametla ,Skidding,,Bike                ,Minor injury,Over speed,Four lanes or more with central divider,Straight road,,Fine,AP27BT     3139, A.M.B,Grievous,0
11.07.2019,11:23AM,1211.8,LHS,Rural,Medarametla ,Skidding,,Bike                ,Minor injury,Over speed,Four lanes or more with central divider,Straight road,,Fine,AP27BT     3139, A.M.B,Minor,1
11.07.2019,11:23AM,1211.8,LHS,Rural,Medarametla ,Skidding,,Bike                ,Minor injury,Over speed,Four lanes or more with central divider,Straight road,,Fine,AP27BT     3139, A.M.B,Non injured,0
11.07.2019,11:23AM,1211.8,LHS,Rural,Medarametla ,Skidding,,Bike                ,Minor injury,Over speed,Four lanes or more with central divider,Straight road,,Fine,AP27BT     3139, A.M.B,"No of animals Killed,if Any",0
12.07.2019,01:15AM,1219,LHS,Rural,Medarametla ,Overturning,,LGV,Non injury,Fault of driver of motor vehicle/driver of other vehicle/cyclist/pedestrian/passenger,Four lanes or more with central divider,Straight road,,Fine,AP39Y            9195,P.V,Fatal,0
12.07.2019,01:15AM,1219,LHS,Rural,Medarametla ,Overturning,,LGV,Non injury,Fault of driver of motor vehicle/driver of other vehicle/cyclist/pedestrian/passenger,Four lanes or more with central divider,Straight road,,Fine,AP39Y            9195,P.V,Grievous,0
12.07.2019,01:15AM,1219,LHS,Rural,Medarametla ,Overturning,,LGV,Non injury,Fault of driver of motor vehicle/driver of other vehicle/cyclist/pedestrian/passenger,Four lanes or more with central divider,Straight road,,Fine,AP39Y            9195,P.V,Minor,0
12.07.2019,01:15AM,1219,LHS,Rural,Medarametla ,Overturning,,LGV,Non injury,Fault of driver of motor vehicle/driver of other vehicle/cyclist/pedestrian/passenger,Four lanes or more with central divider,Straight road,,Fine,AP39Y            9195,P.V,Non injured,1
12.07.2019,01:15AM,1219,LHS,Rural,Medarametla ,Overturning,,LGV,Non injury,Fault of driver of motor vehicle/driver of other vehicle/cyclist/pedestrian/passenger,Four lanes or more with central divider,Straight road,,Fine,AP39Y            9195,P.V,"No of animals Killed,if Any",0
12.07.2019,04:40AM,1307.7,LHS,Rural,Guduluru ,Collision Brush/Side Wipe,,Truck,Non injury,Fault of driver of motor vehicle/driver of other vehicle/cyclist/pedestrian/passenger,Four lanes or more with central divider,Sharp curve,,Fine,AP07TF 8877,P.V,Fatal,0
12.07.2019,04:40AM,1307.7,LHS,Rural,Guduluru ,Collision Brush/Side Wipe,,Truck,Non injury,Fault of driver of motor vehicle/driver of other vehicle/cyclist/pedestrian/passenger,Four lanes or more with central divider,Sharp curve,,Fine,AP07TF 8877,P.V,Grievous,0
12.07.2019,04:40AM,1307.7,LHS,Rural,Guduluru ,Collision Brush/Side Wipe,,Truck,Non injury,Fault of driver of motor vehicle/driver of other vehicle/cyclist/pedestrian/passenger,Four lanes or more with central divider,Sharp curve,,Fine,AP07TF 8877,P.V,Minor,0
12.07.2019,04:40AM,1307.7,LHS,Rural,Guduluru ,Collision Brush/Side Wipe,,Truck,Non injury,Fault of driver of motor vehicle/driver of other vehicle/cyclist/pedestrian/passenger,Four lanes or more with central divider,Sharp curve,,Fine,AP07TF 8877,P.V,Non injured,2
12.07.2019,04:40AM,1307.7,LHS,Rural,Guduluru ,Collision Brush/Side Wipe,,Truck,Non injury,Fault of driver of motor vehicle/driver of other vehicle/cyclist/pedestrian/passenger,Four lanes or more with central divider,Sharp curve,,Fine,AP07TF 8877,P.V,"No of animals Killed,if Any",0
12.07.2019,04:27PM,1245.9,LHS,Rural,Ongole ,Rear End Collision,,Car                ,Fatal,Fault of driver of motor vehicle/driver of other vehicle/cyclist/pedestrian/passenger,Four lanes or more with central divider,Straight road,,Fine,TN22CF   3672,A.M.B & P.V,Fatal,1
12.07.2019,04:27PM,1245.9,LHS,Rural,Ongole ,Rear End Collision,,Car                ,Fatal,Fault of driver of motor vehicle/driver of other vehicle/cyclist/pedestrian/passenger,Four lanes or more with central divider,Straight road,,Fine,TN22CF   3672,A.M.B & P.V,Grievous,0
12.07.2019,04:27PM,1245.9,LHS,Rural,Ongole ,Rear End Collision,,Car                ,Fatal,Fault of driver of motor vehicle/driver of other vehicle/cyclist/pedestrian/passenger,Four lanes or more with central divider,Straight road,,Fine,TN22CF   3672,A.M.B & P.V,Minor,0
12.07.2019,04:27PM,1245.9,LHS,Rural,Ongole ,Rear End Collision,,Car                ,Fatal,Fault of driver of motor vehicle/driver of other vehicle/cyclist/pedestrian/passenger,Four lanes or more with central divider,Straight road,,Fine,TN22CF   3672,A.M.B & P.V,Non injured,1
12.07.2019,04:27PM,1245.9,LHS,Rural,Ongole ,Rear End Collision,,Car                ,Fatal,Fault of driver of motor vehicle/driver of other vehicle/cyclist/pedestrian/passenger,Four lanes or more with central divider,Straight road,,Fine,TN22CF   3672,A.M.B & P.V,"No of animals Killed,if Any",0
12.07.2019,23:55PM,1243.8,RHS,Rural,Ongole ,Collision Brush/Side Wipe,,Truck,Non injury,Over speed,Four lanes or more with central divider,Straight road,,Fine,TS05U      2879,P.V,Fatal,0
12.07.2019,23:55PM,1243.8,RHS,Rural,Ongole ,Collision Brush/Side Wipe,,Truck,Non injury,Over speed,Four lanes or more with central divider,Straight road,,Fine,TS05U      2879,P.V,Grievous,0
12.07.2019,23:55PM,1243.8,RHS,Rural,Ongole ,Collision Brush/Side Wipe,,Truck,Non injury,Over speed,Four lanes or more with central divider,Straight road,,Fine,TS05U      2879,P.V,Minor,0
12.07.2019,23:55PM,1243.8,RHS,Rural,Ongole ,Collision Brush/Side Wipe,,Truck,Non injury,Over speed,Four lanes or more with central divider,Straight road,,Fine,TS05U      2879,P.V,Non injured,1
12.07.2019,23:55PM,1243.8,RHS,Rural,Ongole ,Collision Brush/Side Wipe,,Truck,Non injury,Over speed,Four lanes or more with central divider,Straight road,,Fine,TS05U      2879,P.V,"No of animals Killed,if Any",0
13.07.2019,00:41AM,1276.3,RHS,Rural,Singarayakonda ,Collision Brush/Side Wipe,,LCV ,Grievious injury,Over speed,Four lanes or more with central divider,Straight road,,Fine,AP05TN 0986,A.M.B & P.V,Fatal,0
13.07.2019,00:41AM,1276.3,RHS,Rural,Singarayakonda ,Collision Brush/Side Wipe,,LCV ,Grievious injury,Over speed,Four lanes or more with central divider,Straight road,,Fine,AP05TN 0986,A.M.B & P.V,Grievous,1
13.07.2019,00:41AM,1276.3,RHS,Rural,Singarayakonda ,Collision Brush/Side Wipe,,LCV ,Grievious injury,Over speed,Four lanes or more with central divider,Straight road,,Fine,AP05TN 0986,A.M.B & P.V,Minor,0
13.07.2019,00:41AM,1276.3,RHS,Rural,Singarayakonda ,Collision Brush/Side Wipe,,LCV ,Grievious injury,Over speed,Four lanes or more with central divider,Straight road,,Fine,AP05TN 0986,A.M.B & P.V,Non injured,1
13.07.2019,00:41AM,1276.3,RHS,Rural,Singarayakonda ,Collision Brush/Side Wipe,,LCV ,Grievious injury,Over speed,Four lanes or more with central divider,Straight road,,Fine,AP05TN 0986,A.M.B & P.V,"No of animals Killed,if Any",0
13.07.2019,15:05PM,1202.38,RHS,Rural,Renigavaram ,Collision Brush/Side Wipe,,Car,Grievious injury,Fault of driver of motor vehicle/driver of other vehicle/cyclist/pedestrian/passenger,Four lanes or more with central divider,Straight road,,Fine,AP07BG 7116,A.M.B,Fatal,0
13.07.2019,15:05PM,1202.38,RHS,Rural,Renigavaram ,Collision Brush/Side Wipe,,Car,Grievious injury,Fault of driver of motor vehicle/driver of other vehicle/cyclist/pedestrian/passenger,Four lanes or more with central divider,Straight road,,Fine,AP07BG 7116,A.M.B,Grievous,1
13.07.2019,15:05PM,1202.38,RHS,Rural,Renigavaram ,Collision Brush/Side Wipe,,Car,Grievious injury,Fault of driver of motor vehicle/driver of other vehicle/cyclist/pedestrian/passenger,Four lanes or more with central divider,Straight road,,Fine,AP07BG 7116,A.M.B,Minor,0
13.07.2019,15:05PM,1202.38,RHS,Rural,Renigavaram ,Collision Brush/Side Wipe,,Car,Grievious injury,Fault of driver of motor vehicle/driver of other vehicle/cyclist/pedestrian/passenger,Four lanes or more with central divider,Straight road,,Fine,AP07BG 7116,A.M.B,Non injured,1
13.07.2019,15:05PM,1202.38,RHS,Rural,Renigavaram ,Collision Brush/Side Wipe,,Car,Grievious injury,Fault of driver of motor vehicle/driver of other vehicle/cyclist/pedestrian/passenger,Four lanes or more with central divider,Straight road,,Fine,AP07BG 7116,A.M.B,"No of animals Killed,if Any",0
14.07.2019,02:22AM,1305,RHS,Rural,Gudluru ,Overturning,,LCV ,Minor injury,Over speed,Four lanes or more with central divider,Straight road,,Fine,AP22Y          4766,P.V,Fatal,0
14.07.2019,02:22AM,1305,RHS,Rural,Gudluru ,Overturning,,LCV ,Minor injury,Over speed,Four lanes or more with central divider,Straight road,,Fine,AP22Y          4766,P.V,Grievous,0
14.07.2019,02:22AM,1305,RHS,Rural,Gudluru ,Overturning,,LCV ,Minor injury,Over speed,Four lanes or more with central divider,Straight road,,Fine,AP22Y          4766,P.V,Minor,1
14.07.2019,02:22AM,1305,RHS,Rural,Gudluru ,Overturning,,LCV ,Minor injury,Over speed,Four lanes or more with central divider,Straight road,,Fine,AP22Y          4766,P.V,Non injured,0
14.07.2019,02:22AM,1305,RHS,Rural,Gudluru ,Overturning,,LCV ,Minor injury,Over speed,Four lanes or more with central divider,Straight road,,Fine,AP22Y          4766,P.V,"No of animals Killed,if Any",0
14.07.2019,08:27PM,1210.35,LHS,Rural,Renangivaram ,Collision Brush/Side Wipe,,Bike                ,Grievious injury,Druken,Four lanes or more with central divider,Straight road,,Fine,AP29AZ                    1308,A.M.B,Fatal,0
14.07.2019,08:27PM,1210.35,LHS,Rural,Renangivaram ,Collision Brush/Side Wipe,,Bike                ,Grievious injury,Druken,Four lanes or more with central divider,Straight road,,Fine,AP29AZ                    1308,A.M.B,Grievous,1
14.07.2019,08:27PM,1210.35,LHS,Rural,Renangivaram ,Collision Brush/Side Wipe,,Bike                ,Grievious injury,Druken,Four lanes or more with central divider,Straight road,,Fine,AP29AZ                    1308,A.M.B,Minor,2
14.07.2019,08:27PM,1210.35,LHS,Rural,Renangivaram ,Collision Brush/Side Wipe,,Bike                ,Grievious injury,Druken,Four lanes or more with central divider,Straight road,,Fine,AP29AZ                    1308,A.M.B,Non injured,0
14.07.2019,08:27PM,1210.35,LHS,Rural,Renangivaram ,Collision Brush/Side Wipe,,Bike                ,Grievious injury,Druken,Four lanes or more with central divider,Straight road,,Fine,AP29AZ                    1308,A.M.B,"No of animals Killed,if Any",0